鄉鎮市區,交易標的,土地位置建物門牌,土地移轉總面積平方公尺,都市土地使用分區,非都市土地使用分區,非都市土地使用編定,交易年月日,交易筆棟數,移轉層次,總樓層數,建物型態,主要用途,主要建材,建築完成年月,建物移轉總面積平方公尺,建物現況格局-房,建物現況格局-廳,建物現況格局-衛,建物現況格局-隔間,有無管理組織,總價元,單價元平方公尺,車位類別,車位移轉總面積平方公尺,車位總價元,備註,編號,主建物面積,附屬建物面積,陽台面積,電梯,移轉編號
The villages and towns urban district,transaction sign,land sector position building sector house number plate,land shifting total area square meter,the use zoning or compiles and checks,the non-metropolis land use district,non-metropolis land use,transaction year month and day,transaction pen number,shifting level,total floor number,building state,main use,main building materials,construction to complete the years,building shifting total area,Building present situation pattern - room,building present situation pattern - hall,building present situation pattern - health,building present situation pattern - compartmented,Whether there is manages the organization,total price NTD,the unit price (NTD / square meter),the berth category,berth shifting total area square meter,the berth total price NTD,the note,serial number,main building area,auxiliary building area,balcony area,elevator,transaction number
安平區,土地,漁港段105地號,20.76,都市：其他:特定住宅專用區,,,1150611,土地1建物0車位0,,,其他,,,,0.0,0,0,0,無,無,700000,33719,,0.0,0,賣方賣清.土地增值稅由買方負擔.未登記建物；,RPXNMLQKOHLGFAD88DA,0.0,0.0,0.0,無,001
北區,房地(土地+建物),臺南市北區北園街８７巷１５１弄１６號,67.9,住,,,1150606,土地2建物1車位0,全,三層,透天厝,住商用,鋼筋混凝土造,0680728,128.57,3,2,3,有,無,6500000,50556,,0.0,0,未登記建物；,RPPRMLRKOHLGFAD58DA,128.57,0.0,0.0,無,
安南區,土地,佃西段158-13地號,15.45,住,,,1150603,土地1建物0車位0,,,其他,,,,0.0,0,0,0,無,無,613365,39700,,0.0,0,政府機關標讓售；,RPRNMLPKOHLGFBD28DA,0.0,0.0,0.0,無,
南區,房地(土地+建物),臺南市南區永成路二段８６３巷３３號,88.0,住,,,1150604,土地1建物1車位0,全,三層,透天厝,住家用,鋼筋混凝土造,0831001,175.04,5,2,3,有,無,7000000,39991,,0.0,0,親友、員工、共有人或其他特殊關係間之交易；頂樓加蓋；其他增建；未登記建物；,RPROMLQKOHLGFCD58DA,162.12,0.0,12.92,無,
鹽水區,房地(土地+建物),臺南市鹽水區土庫８４號一樓之三,9.78,,鄉村區,乙種建築用地,1150607,土地1建物1車位0,一層,四層,公寓(5樓含以下無電梯),住家用,鋼筋混凝土造,0820401,30.28,1,0,1,有,無,1180000,38970,,0.0,0,,RPRNMLSJOHLGFDD68DA,21.73,1.29,0.0,無,002
鹽水區,房地(土地+建物),臺南市鹽水區武廟路７０巷２號,166.59,住,,,1150604,土地1建物1車位0,全,一層,透天厝,住家用,磚木造,0601115,49.8,2,2,1,有,無,2060000,41365,,0.0,0,兄弟關係親友、員工、共有人或其他特殊關係間之交易；,RPUNMLQKOHLGFDD88DA,49.8,0.0,0.0,無,
白河區,土地,埤子頭段五汴頭小段348地號,424.0,,一般農業區,交通用地,1150603,土地1建物0車位0,,,其他,,,,0.0,0,0,0,無,無,581810,1372,,0.0,0,,RPTNMLQKOHLGFED88DA,0.0,0.0,0.0,無,
學甲區,土地,興善段88地號,61.77,商,,,1150606,土地2建物0車位0,,,其他,,,,0.0,0,0,0,無,無,2075484,33600,,0.0,0,親友、員工、共有人或其他特殊關係間之交易；未登記建物；,RPUNMLLKOHLGFGD68DA,0.0,0.0,0.0,無,
將軍區,土地,口寮段213地號,62.0,,鄉村區,乙種建築用地,1150603,土地1建物0車位0,,,其他,,,,0.0,0,0,0,無,無,1590000,25645,,0.0,0,未登記建物；,RPWNMLPKOHLGFGD66DA,0.0,0.0,0.0,無,
七股區,房地(土地+建物),臺南市七股區竹橋里竹港５２之６號,80.0,,鄉村區,乙種建築用地,1150603,土地1建物1車位0,全,二層,透天厝,住家用,加強磚造,0720526,95.85,4,2,1,有,無,2800000,29212,,0.0,0,其他增建: 一樓廚房頂樓加蓋；其他增建；,RPVNMLQKOHLGFGD66DA,90.42,0.0,5.43,無,
仁德區,土地,崑崙段944地號,632.74,,一般農業區,農牧用地,1150608,土地1建物0車位0,,,其他,,,,0.0,0,0,0,無,無,1914000,3025,,0.0,0,土地增值稅及移轉相關費用買方負擔親友、員工、共有人或其他特殊關係間之交易；,RPPNMLPKOHLGFID78DA,0.0,0.0,0.0,無,
關廟區,土地,山西段666-2地號,52.8,住,,,1150603,土地1建物0車位0,,,其他,,,,0.0,0,0,0,無,無,750000,14205,,0.0,0,,RPRNMLPKOHLGFID98DA,0.0,0.0,0.0,無,
七股區,土地,榔段167地號,243.33,,鄉村區,乙種建築用地,1150611,土地8建物0車位0,,,其他,,,,0.0,0,0,0,無,無,1300000,5343,,0.0,0,親友、員工、共有人或其他特殊關係間之交易；,RPRNMLRKOHLGFGD09EA,0.0,0.0,0.0,無,
歸仁區,土地,歸仁北段143地號,1172.0,,一般農業區,農牧用地,1150603,土地3建物0車位0,,,其他,,,,0.0,0,0,0,無,無,10000000,8532,,0.0,0,,RPOPMLKKLHLGFID18EA,0.0,0.0,0.0,無,003
北區,土地,大港段394地號,26.0,都市：其他:細部計畫道路用地,,,1150604,土地2建物0車位0,,,其他,,,,0.0,0,0,0,無,無,3000000,115385,,0.0,0,買方負擔移轉規費、印花稅、代書費。親友、員工、共有人或其他特殊關係間之交易；包含公共設施保留地用地；,RPPNMLRKOHLGFAD18DA,0.0,0.0,0.0,無,004
中西區,房地(土地+建物),臺南市中西區西華南街１２０巷１８號三樓之４,7.08,商,,,1150606,土地3建物1車位0,三層,五層,華廈(10層含以下有電梯),住家用,鋼筋混凝土造,0730613,33.39,1,1,1,有,無,2800000,83857,,0.0,0,,RPPPMLRKOHLGFAD38DA,23.53,0.0,1.37,有,
北區,建物,臺南市北區公園路５９７巷１號五樓之１９,0.0,,,,1150603,土地0建物1車位0,五層,五層,公寓(5樓含以下無電梯),住家用,鋼筋混凝土造,0710120,48.05,1,0,1,有,無,1600000,33299,,0.0,0,土地為向仁愛之家租賃使用；建物坐落地號：正興段496-8地號；建物坐落地號：正興段496-8地號；其他增建；,RPXNMLSKOHLGFAD09DA,31.98,0.0,2.98,無,
白河區,房地(土地+建物),臺南市白河區永安里２０鄰中正路１２４巷１７號,68.0,住,,,1150606,土地1建物1車位0,全,三層,透天厝,住家用,加強磚造,0641127,125.79,3,2,2,有,無,3200000,25439,,0.0,0,其他增建；,RPQNMLRKOHLGFED68DA,118.35,0.0,7.44,無,
東山區,土地,大客段大庄小段1166地號,2800.0,,特定農業區,農牧用地,1150610,土地1建物0車位0,,,其他,,,,0.0,0,0,0,無,無,4900000,1750,,0.0,0,農作物；,RPTNMLSKOHLGFED09DA,0.0,0.0,0.0,無,
六甲區,土地,忠孝段679地號,49.02,住,,,1150606,土地1建物0車位0,,,其他,,,,0.0,0,0,0,無,無,280000,5712,,0.0,0,鄰地677地號為道路用地，義務人未持分，故成交價低於公告現值。,RPWNMLQKOHLGFFD66DA,0.0,0.0,0.0,無,
佳里區,土地,同安寮段284地號,313.1,,鄉村區,乙種建築用地,1150608,土地1建物0車位0,,,其他,,,,0.0,0,0,0,無,無,11365200,36299,,0.0,0,親友、員工、共有人或其他特殊關係間之交易；,RPOOMLLKOHLGFGD18DA,0.0,0.0,0.0,無,
七股區,土地,竹子港段1979地號,3370.0,,特定農業區,農牧用地,1150604,土地1建物0車位0,,,其他,,,,0.0,0,0,0,無,無,5580000,1656,,0.0,0,,RPXNMLQKOHLGFGD86DA,0.0,0.0,0.0,無,005
七股區,土地,後港東段948地號,386.22,,鄉村區,乙種建築用地,1150605,土地2建物0車位0,,,其他,,,,0.0,0,0,0,無,無,3500000,9062,,0.0,0,未登記建物；,RPRNMLSKOHLGFGD09DA,0.0,0.0,0.0,無,
歸仁區,土地,林子邊段702地號,2530.0,,特定專用區,農牧用地,1150608,土地2建物0車位0,,,其他,,,,0.0,0,0,0,無,無,38260000,15123,,0.0,0,,RPXNMLQKOHLGFID07DA,0.0,0.0,0.0,無,
仁德區,房地(土地+建物)+車位,臺南市仁德區賢路一段７巷２１號七樓之１,16.5,住,,,1150606,土地1建物1車位1,七層,十三層,住宅大樓(11層含以上有電梯),住家用,鋼筋混凝土造,1141231,112.76,2,2,1,有,有,7680000,68109,坡道平面,33.58,0,,RPTNMLSKOHLGFID86DA,47.2,0.0,4.64,有,006
永康區,土地,文化段325地號,92.73,住,,,1150602,土地1建物0車位0,,,其他,,,,0.0,0,0,0,無,無,4265543,46000,,0.0,0,父子間交易移轉，雙方未簽訂買賣私契。親友、員工、共有人或其他特殊關係間之交易；,RPPNMLPJOHLGFKD88DA,0.0,0.0,0.0,無,
永康區,土地,頂西段412地號,165.29,工,,,1150610,土地2建物0車位0,,,其他,,,,0.0,0,0,0,無,無,12500000,75625,,0.0,0,親友、員工、共有人或其他特殊關係間之交易；未登記建物；,RPOOMLMKOHLGFKD68DA,0.0,0.0,0.0,無,
北區,房地(土地+建物)+車位,臺南市北區北門路三段３２號三樓之３,31.88,住,,,1150602,土地1建物1車位1,三層,十二層,住宅大樓(11層含以上有電梯),住家用,鋼筋混凝土造,0911227,144.4,3,2,2,有,有,9000000,62327,坡道平面,0.0,0,,RPPNMLTJOHLGFAD28DA,86.01,0.0,11.01,有,
安南區,房地(土地+建物)+車位,臺南市安南區安中二街２５號十四樓之６,29.56,住,,,1150605,土地1建物1車位1,十四層,十四層,住宅大樓(11層含以上有電梯),住家用,鋼筋混凝土造,1140425,154.69,2,2,2,有,有,16000000,103433,坡道平面,22.07,0,,RPVNMLKKOHLGFBD18DA,79.11,0.0,8.88,有,007
南區,房地(土地+建物),臺南市南區大同路二段６４０巷４９號,70.02,住,,,1150609,土地2建物1車位0,全,二層,透天厝,住家用,補強磚造,0580830,85.78,3,2,2,有,無,5500000,64118,,0.0,0,其他增建；,RPOOMLLKOHLGFCD77DA,85.78,0.0,0.0,無,
麻豆區,土地,前後班段234地號,3010.83,農,,,1150603,土地3建物0車位0,,,其他,,,,0.0,0,0,0,無,無,9107700,3025,,0.0,0,,RPVNMLNJOHLGFFD78DA,0.0,0.0,0.0,無,
下營區,土地,下營段2709-1地號,25.11,都市：其他:道路用地,,,1150617,土地8建物0車位0,,,其他,,,,0.0,0,0,0,無,無,80000,3186,,0.0,0,親友、員工、共有人或其他特殊關係間之交易；,RPPNMLSKOHLGFFD78DA,0.0,0.0,0.0,無,008
下營區,土地,下營段2709-1地號,39.41,都市：其他:道路用地,,,1150617,土地11建物0車位0,,,其他,,,,0.0,0,0,0,無,無,150000,3806,,0.0,0,親友、員工、共有人或其他特殊關係間之交易；,RPQNMLSKOHLGFFD88DA,0.0,0.0,0.0,無,008
六甲區,土地,龜子港段21地號,4389.0,,一般農業區,農牧用地,1150612,土地1建物0車位0,,,其他,,,,0.0,0,0,0,無,無,2450000,558,,0.0,0,農作物；,RPVOMLMLOHLGFFD98DA,0.0,0.0,0.0,無,
歸仁區,車位,臺南市歸仁區歸仁十一路９０號、９２號、９６號、９８號等３７８戶,0.0,,,,1150604,土地0建物1車位1,,,其他,,,,25.02,0,0,0,無,無,1200000,,坡道平面,25.02,1200000,建物坐落地號：武東段162地號；僅車位交易；,RPQNMLLKOHLGFID48DA,0.0,0.0,0.0,無,
關廟區,土地,北勢段512地號,80.95,都市：其他:道路用地,,,1150606,土地2建物0車位0,,,其他,,,,0.0,0,0,0,無,無,980000,12106,,0.0,0,親友、員工、共有人或其他特殊關係間之交易；,RPVNMLMLOHLGFID56DA,0.0,0.0,0.0,無,010
永康區,土地,東南段190地號,10.56,住,,,1150615,土地1建物0車位0,,,其他,,,,0.0,0,0,0,無,無,422528,40012,,0.0,0,親友、員工、共有人或其他特殊關係間之交易；,RPVNMLQKOHLGFKD07DA,0.0,0.0,0.0,無,011
新營區,土地,新興段50地號,103.74,住,,,1150606,土地3建物0車位0,,,其他,,,,0.0,0,0,0,無,無,8900000,85791,,0.0,0,,RPSNMLSKOHLGFDD98EA,0.0,0.0,0.0,無,012
柳營區,土地,旭山段415地號,1243.0,,一般農業區,農牧用地,1150617,土地1建物0車位0,,,其他,,,,0.0,0,0,0,無,無,1750000,1408,,0.0,0,,RPPNMLMLOHLGFDD18EA,0.0,0.0,0.0,無,
永康區,土地,永興段703地號,25.14,住,,,1150602,土地1建物0車位0,,,其他,,,,0.0,0,0,0,無,無,2380000,94670,,0.0,0,未登記建物；,RPPNMLMLOHLGFKD88EA,0.0,0.0,0.0,無,
中西區,房地(土地+建物),臺南市中西區府前路一段３５９巷３８號六樓之５,3.9,商,,,1150605,土地2建物1車位0,六層,八層,華廈(10層含以下有電梯),住家用,鋼筋混凝土造,0800517,27.14,1,0,1,有,有,2780000,102432,,0.0,0,陽台外推；,RPWNMLKKOHLGFAD18DA,16.06,0.0,3.06,有,
安南區,土地,安西段2101-4地號,504.05,住,,,1150616,土地1建物0車位0,,,其他,,,,0.0,0,0,0,無,無,57000000,113084,,0.0,0,,RPUNMLMLOHLGFBD38DA,0.0,0.0,0.0,無,
東區,房地(土地+建物)+車位,臺南市東區長榮路一段９號十樓之２,19.92,商,,,1150607,土地2建物1車位1,十層,十四層,住宅大樓(11層含以上有電梯),住家用,鋼筋混凝土造,0991213,189.64,3,2,2,有,有,16300000,85952,坡道平面,0.0,0,,RPRNMLMLOHLGFCD18DA,91.58,0.0,10.89,有,
白河區,土地,竹子門段119-9地號,489.0,,一般農業區,甲種建築用地,1150621,土地1建物0車位0,,,其他,,,,0.0,0,0,0,無,無,500000,1022,,0.0,0,親友、員工、共有人或其他特殊關係間之交易；未登記建物；,RPPNMLLLOHLGFED08DA,0.0,0.0,0.0,無,
佳里區,土地,佳化段1372-4地號,17.36,,鄉村區,乙種建築用地,1150603,土地4建物0車位0,,,其他,,,,0.0,0,0,0,無,無,650000,37442,,0.0,0,本件土地買賣價金為新台幣陸拾萬伍仟元正  建物買賣價金為新台幣肆萬伍仟元正親友、員工、共有人或其他特殊關係間之交易；未登記建物；,RPQNMLMLOHLGFGD48DA,0.0,0.0,0.0,無,
仁德區,土地,神農段187-1地號,151.09,住,,,1150602,土地1建物0車位0,,,其他,,,,0.0,0,0,0,無,無,4600000,30445,,0.0,0,二親等間買賣；移轉代書費、印花稅及相關費用由買方負擔親友、員工、共有人或其他特殊關係間之交易；,RPOOMLSJOHLGFID98DA,0.0,0.0,0.0,無,
仁德區,土地,如意段863地號,550.63,,一般農業區,農牧用地,1150614,土地1建物0車位0,,,其他,,,,0.0,0,0,0,無,無,4800000,8717,,0.0,0,,RPXNMLSKOHLGFID27DA,0.0,0.0,0.0,無,
歸仁區,土地,八甲段3754地號,223.88,,特定農業區,農牧用地,1150601,土地1建物0車位0,,,其他,,,,0.0,0,0,0,無,無,1350000,6030,,0.0,0,親友、員工、共有人或其他特殊關係間之交易；,RPUNMLMLOHLGFID09DA,0.0,0.0,0.0,無,
楠西區,房地(土地+建物),臺南市楠西區中正路１６１之２號,84.44,商,,,1150602,土地3建物1車位0,全,二層,透天厝,住商用,加強磚造,0721216,129.46,4,2,2,有,無,4300000,33215,,0.0,0,未登記建物；,RPPNMLMLOHLGFJD68DA,123.52,5.94,0.0,無,
永康區,土地,大灣段4763地號,227.0,,,,1150607,土地2建物0車位0,,,其他,,,,0.0,0,0,0,無,無,4198400,18495,,0.0,0,親友、員工、共有人或其他特殊關係間之交易；包含公共設施保留地用地；,RPWOMLTJOHLGFKD47DA,0.0,0.0,0.0,無,
永康區,土地,大灣段4763-2地號,26.2,住,,,1150607,土地1建物0車位0,,,其他,,,,0.0,0,0,0,無,無,921600,35176,,0.0,0,親友、員工、共有人或其他特殊關係間之交易；,RPXOMLTJOHLGFKD57DA,0.0,0.0,0.0,無,
永康區,土地,大灣段4763-3地號,66.8,住,,,1150607,土地1建物0車位0,,,其他,,,,0.0,0,0,0,無,無,2355200,35257,,0.0,0,親友、員工、共有人或其他特殊關係間之交易；,RPOPMLTJOHLGFKD76DA,0.0,0.0,0.0,無,
永康區,房地(土地+建物),臺南市永康區埔園里龍埔街５６２巷４２號,41.35,住,,,1150610,土地1建物1車位0,全,三層,透天厝,住家用,鋼筋混凝土造,0820120,63.9,4,1,3,有,無,2800000,43818,,0.0,0,親友、員工、共有人或其他特殊關係間之交易；其他增建；,RPVNMLRKOHLGFKD17DA,61.89,0.0,2.0,無,013
永康區,房地(土地+建物),臺南市永康區正南五街５２０巷５６弄１８號,98.94,住,,,1150602,土地1建物1車位0,全,四層,透天厝,住家用,鋼筋混凝土造,0831022,212.26,6,1,7,有,無,10000000,47112,,0.0,0,親友、員工、共有人或其他特殊關係間之交易；,RPSOMLMLOHLGFKD56DA,207.37,0.0,4.89,無,
安南區,土地,安和段317地號,42.52,工,,,1150605,土地1建物0車位0,,,其他,,,,0.0,0,0,0,無,無,3254906,76550,,0.0,0,政府機關標讓售；,RPPNMLSKOHLGFBD48EA,0.0,0.0,0.0,無,
佳里區,房地(土地+建物),臺南市佳里區南勢里祥和三街２２２巷１０號,107.29,住,,,1150609,土地3建物1車位0,全,三層,透天厝,住家用,鋼筋混凝土造,1020611,161.55,4,1,3,有,無,7600000,47044,,0.0,0,親友、員工、共有人或其他特殊關係間之交易；,RPQNMLMLOHLGFGD58EA,134.85,0.0,26.7,無,014
東區,房地(土地+建物)+車位,臺南市東區崇慶街一段９２號十二樓之５,16.62,住,,,1150608,土地1建物1車位1,十二層,十五層,住宅大樓(11層含以上有電梯),住家用,鋼筋混凝土造,1130816,119.06,2,2,2,有,有,13360000,130072,坡道平面,30.34,1820000,,RPSNMLLKOHLGFCD08DA,54.03,0.0,3.66,有,
南區,土地,省躬段921-14地號,3.98,住,,,1150608,土地1建物0車位0,,,其他,,,,0.0,0,0,0,無,無,247078,62080,,0.0,0,政府機關標讓售；,RPQOMLQKOHLGFCD48DA,0.0,0.0,0.0,無,
東區,房地(土地+建物),臺南市東區東門路一段８４號之１二樓之１,3.8,商,,,1150615,土地2建物1車位0,二層,九層,華廈(10層含以下有電梯),住家用,鋼筋混凝土造,0800122,23.98,1,0,1,有,有,1300000,54212,,0.0,0,,RPQNMLNLOHLGFCD18DA,13.18,0.77,1.78,有,
東區,房地(土地+建物)+車位,臺南市東區崇慶街一段９６號十五樓之５,16.62,住,,,1150612,土地1建物1車位1,十五層,十五層,住宅大樓(11層含以上有電梯),住家用,鋼筋混凝土造,1130816,114.97,2,2,2,有,有,13380000,131988,坡道平面,26.25,1670000,,RPTNMLOLOHLGFCD58DA,54.03,0.0,3.66,有,
鹽水區,土地,舊營段後寮小段1353地號,697.0,,特定農業區,農牧用地,1150603,土地1建物0車位0,,,其他,,,,0.0,0,0,0,無,無,630000,904,,0.0,0,親友、員工、共有人或其他特殊關係間之交易；畸零地或有合併使用效益；,RPQNMLPLOHLGFDD48DA,0.0,0.0,0.0,無,
白河區,土地,富貴段416地號,1149.92,,一般農業區,農牧用地,1150611,土地2建物0車位0,,,其他,,,,0.0,0,0,0,無,無,1270000,1104,,0.0,0,,RPPNMLTKOHLGFED78DA,0.0,0.0,0.0,無,
東山區,土地,吉貝耍段1309地號,1200.0,,特定農業區,農牧用地,1150611,土地1建物0車位0,,,其他,,,,0.0,0,0,0,無,無,1440000,1200,,0.0,0,,RPPNMLOLOHLGFED38DA,0.0,0.0,0.0,無,
東山區,土地,許秀才段1431地號,1200.0,,特定農業區,農牧用地,1150615,土地1建物0車位0,,,其他,,,,0.0,0,0,0,無,無,1800000,1500,,0.0,0,,RPRNMLOLOHLGFED58DA,0.0,0.0,0.0,無,
白河區,土地,埤子頭段五汴頭小段266-1地號,435.25,,鄉村區,乙種建築用地,1150623,土地1建物0車位0,,,其他,,,,0.0,0,0,0,無,無,1000500,2299,,0.0,0,親友、員工、共有人或其他特殊關係間之交易；,RPQNMLPLOHLGFED58DA,0.0,0.0,0.0,無,
佳里區,土地,佳化段1127-1地號,77.0,,鄉村區,乙種建築用地,1150609,土地1建物0車位0,,,其他,,,,0.0,0,0,0,無,無,660000,8571,,0.0,0,私設道路買賣親友、員工、共有人或其他特殊關係間之交易；,RPPNMLLKOHLGFGD18DA,0.0,0.0,0.0,無,
佳里區,土地,禮化段1605地號,1071.0,,特定農業區,農牧用地,1150616,土地1建物0車位0,,,其他,,,,0.0,0,0,0,無,無,1500000,1401,,0.0,0,親友、員工、共有人或其他特殊關係間之交易；,RPPNMLQKOHLGFGD68DA,0.0,0.0,0.0,無,
學甲區,土地,光華段1280-1地號,77.11,,特定農業區,甲種建築用地,1150617,土地1建物0車位0,,,其他,,,,0.0,0,0,0,無,無,140000,1816,,0.0,0,親友、員工、共有人或其他特殊關係間之交易；,RPWNMLOLOHLGFGD66DA,0.0,0.0,0.0,無,
新市區,土地,三德段1012-1地號,6.32,住,,,1150608,土地1建物0車位0,,,其他,,,,0.0,0,0,0,無,無,611776,96800,,0.0,0,買方負擔土地增值稅賣清親友、員工、共有人或其他特殊關係間之交易；,RPSNMLMLOHLGFHD78DA,0.0,0.0,0.0,無,
新市區,土地,看西段996-1地號,697.5,農,,,1150603,土地1建物0車位0,,,其他,,,,0.0,0,0,0,無,無,1800000,2581,,0.0,0,親友、員工、共有人或其他特殊關係間之交易；,RPPNMLOLOHLGFHD68DA,0.0,0.0,0.0,無,
歸仁區,房地(土地+建物)+車位,臺南市歸仁區文化九街４３號三樓,34.41,住,,,1150612,土地1建物1車位1,三層,五層,公寓(5樓含以下無電梯),住家用,鋼筋混凝土造,0840915,146.67000000000002,3,2,2,有,有,5000000,34090,坡道平面,0.0,0,,RPTNMLLLOHLGFID88DA,95.59,0.0,10.8,無,
仁德區,房地(土地+建物),臺南市仁德區土庫路２１１巷１號五樓之３,12.61,住,,,1150607,土地1建物1車位0,五層,八層,華廈(10層含以下有電梯),住家用,鋼筋混凝土造,0820331,67.39,2,1,1,有,有,1000000,14839,,0.0,0,親友、員工、共有人或其他特殊關係間之交易；,RPPNMLNLOHLGFID68DA,46.51,0.0,3.16,有,
關廟區,房地(土地+建物),臺南市關廟區園中街５巷３０弄１１號,132.22,都市：其他:住宅區,,,1150615,土地2建物1車位0,全,三層,透天厝,住家用,鋼筋混凝土造,0850110,175.67,5,2,3,有,無,3720000,21176,,0.0,0,親友、員工、共有人或其他特殊關係間之交易；,RPRNMLOLOHLGFID98DA,171.67,0.0,4.0,無,
永康區,建物,臺南市永康區中正南路３４９巷４２號,0.0,,,,1150611,土地0建物1車位0,全,一層,透天厝,辦公用,鋼造,0780810,225.21,0,4,2,有,無,520000,2309,,0.0,0,建物坐落地號：頂溪段371地號；親友、員工、共有人或其他特殊關係間之交易；,RPPOMLNLOHLGFKD98DA,225.21,0.0,0.0,無,
永康區,房地(土地+建物)+車位,臺南市永康區中華二路２５８號,11.12,住,,,1150611,土地1建物1車位1,一層，二層,十九層,住宅大樓(11層含以上有電梯),住商用,鋼筋混凝土造,0860128,123.4,1,2,2,有,有,11000000,89141,坡道機械,0.0,0,陽台外推；,RPSOMLOLOHLGFKD76DA,88.3,0.0,7.29,有,015
安南區,房地(土地+建物),臺南市安南區環館路３６８巷１０號,322.55,住,,,1150602,土地3建物1車位0,全,四層,透天厝,住家用,鋼筋混凝土造,1041027,507.78999999999996,3,3,4,有,有,38000000,74834,,0.0,0,,RPPNMLNLOHLGFBD08EA,465.75,0.0,40.14,有,
六甲區,土地,龜子港段391-1地號,188.67,,鄉村區,交通用地,1150608,土地2建物0車位0,,,其他,,,,0.0,0,0,0,無,無,350000,1855,,0.0,0,都計外交通用地,RPPNMLOLOHLGFFD58EA,0.0,0.0,0.0,無,
關廟區,土地,民生段682地號,28.0,住,,,1150618,土地1建物0車位0,,,其他,,,,0.0,0,0,0,無,無,500000,17857,,0.0,0,未登記建物；,RPPNMLSKOHLGFID56EA,0.0,0.0,0.0,無,016
中西區,房地(土地+建物),臺南市中西區金華路三段２５２號十八樓之９,3.58,商,,,1150605,土地2建物1車位0,十八層,二十一層,住宅大樓(11層含以上有電梯),住家用,鋼筋混凝土造,0870219,41.22,1,1,1,有,有,3200000,77632,,0.0,0,,RPSNMLOLOHLGFAD28DA,24.96,0.31,5.42,有,
安南區,房地(土地+建物)+車位,臺南市安南區梅花一路８６號,23.83,住,,,1150603,土地1建物1車位1,一層,十五層,住宅大樓(11層含以上有電梯),商業用,鋼筋混凝土造,1120911,140.73,1,1,0,有,有,10800000,76743,坡道平面,29.98,0,,RPUNMLMKOHLGFBD28DA,72.71,0.0,0.0,有,
安南區,土地,淵西段902地號,19.59,都市：其他:細部計畫道路用地,,,1150601,土地8建物0車位0,,,其他,,,,0.0,0,0,0,無,無,392131,20017,,0.0,0,親友、員工、共有人或其他特殊關係間之交易；,RPQNMLOLOHLGFBD18DA,0.0,0.0,0.0,無,
南區,房地(土地+建物)+車位,臺南市南區萬年七街３２號十四樓之３,26.91,住,,,1150611,土地1建物1車位1,十四層,十五層,住宅大樓(11層含以上有電梯),住家用,鋼筋混凝土造,1130205,146.62,3,2,2,有,有,11000000,75875,坡道平面,24.05,1700000,含裝潢費；,RPOOMLPKOHLGFCD18DA,71.61,0.0,9.28,有,
南區,土地,中和段475-4地號,13.0,都市：其他:細部計畫道路用地,,,1150618,土地1建物0車位0,,,其他,,,,0.0,0,0,0,無,無,170000,13077,,0.0,0,包含公共設施保留地用地；,RPSNMLPLOHLGFCD58DA,0.0,0.0,0.0,無,
後壁區,土地,頂平段672-8地號,24.39,,鄉村區,乙種建築用地,1150624,土地1建物0車位0,,,其他,,,,0.0,0,0,0,無,無,162316,6655,,0.0,0,,RPSNMLOLOHLGFED68DA,0.0,0.0,0.0,無,
麻豆區,土地,麻工段28地號,7791.68,工,,,1150608,土地1建物0車位0,,,其他,,,,0.0,0,0,0,無,無,288798619,37065,,0.0,0,政府機關標讓售；,RPPNMLLKOHLGFFD08DA,0.0,0.0,0.0,無,
麻豆區,土地,麻工段46地號,4500.39,工,,,1150608,土地1建物0車位0,,,其他,,,,0.0,0,0,0,無,無,150889076,33528,,0.0,0,政府機關標讓售；,RPQNMLLKOHLGFFD18DA,0.0,0.0,0.0,無,
學甲區,土地,興業段724地號,24.16,工,,,1150610,土地1建物0車位0,,,其他,,,,0.0,0,0,0,無,無,223200,9238,,0.0,0,,RPUNMLOLOHLGFGD09DA,0.0,0.0,0.0,無,
學甲區,土地,中洲南段1870地號,330.1,,鄉村區,乙種建築用地,1150605,土地4建物0車位0,,,其他,,,,0.0,0,0,0,無,無,4586270,13894,,0.0,0,,RPVNMLOLOHLGFGD56DA,0.0,0.0,0.0,無,
學甲區,土地,東興段1019地號,8.34,住,,,1150618,土地2建物0車位0,,,其他,,,,0.0,0,0,0,無,無,150000,17986,,0.0,0,畸零地或有合併使用效益；,RPPNMLTLOHLGFGD09DA,0.0,0.0,0.0,無,
安定區,房地(土地+建物),臺南市安定區新吉１８８號,33.0,,鄉村區,乙種建築用地,1150604,土地1建物1車位0,全,二層,透天厝,住家用,加強磚造,0650600,45.38,2,2,2,有,無,1500000,33054,,0.0,0,親友、員工、共有人或其他特殊關係間之交易；,RPUNMLOLOHLGFHD56DA,45.38,0.0,0.0,無,
關廟區,土地,四甲段26-7地號,4.5,住,,,1150610,土地2建物0車位0,,,其他,,,,0.0,0,0,0,無,無,183600,40800,,0.0,0,,RPOOMLPLOHLGFID88DA,0.0,0.0,0.0,無,
永康區,土地,三村段716-12地號,59.88,住,,,1150617,土地1建物0車位0,,,其他,,,,0.0,0,0,0,無,無,4347200,72599,,0.0,0,親友、員工、共有人或其他特殊關係間之交易；,RPWNMLRKOHLGFKD27DA,0.0,0.0,0.0,無,
永康區,房地(土地+建物)+車位,臺南市永康區東橋五路１８０號十樓之３,17.76,住,,,1150614,土地1建物1車位1,十層,十五層,住宅大樓(11層含以上有電梯),住家用,鋼筋混凝土構造,1120818,123.59,2,2,1,有,有,12100000,97904,坡道平面,0.0,0,,RPTNMLNLOHLGFKD66DA,57.78,0.0,4.76,有,
東山區,土地,大客段大庄小段800地號,1550.0,,特定農業區,農牧用地,1150616,土地1建物0車位0,,,其他,,,,0.0,0,0,0,無,無,1320000,852,,0.0,0,,RPQNMLTLOHLGFED09EA,0.0,0.0,0.0,無,
北門區,土地,仁里段584地號,1224.0,,特定農業區,農牧用地,1150615,土地1建物0車位0,,,其他,,,,0.0,0,0,0,無,無,1262000,1031,,0.0,0,,RPPNMLNLOHLGFGD58EA,0.0,0.0,0.0,無,
新化區,土地,新太段1106地號,126.17,住,,,1150609,土地1建物0車位0,,,其他,,,,0.0,0,0,0,無,無,10000000,79258,,0.0,0,,RPQNMLPLOHLGFHD98EA,0.0,0.0,0.0,無,
永康區,土地,南灣段259地號,14.08,住,,,1150617,土地1建物0車位0,,,其他,,,,0.0,0,0,0,無,無,600000,42614,,0.0,0,,RPPNMLPLOHLGFKD56EA,0.0,0.0,0.0,無,
安平區,房地(土地+建物)+車位,臺南市安平區國平路５９９號十八樓之３,3.07,商,,,1150503,土地1建物1車位1,十八層,二十一層,住宅大樓(11層含以上有電梯),住家用,鋼筋混凝土造,0831222,55.45,1,1,1,有,有,4338000,78233,坡道機械,0.0,0,其他增建；,RPPNMLNJNHLGFAD57DA,24.3,0.0,3.17,有,017
北區,土地,長勝段845地號,42.33,住,,,1150518,土地1建物0車位0,,,其他,,,,0.0,0,0,0,無,無,5000000,118120,,0.0,0,未登記建物；,RPTOMLSKNHLGFAD68DA,0.0,0.0,0.0,無,
安平區,房地(土地+建物),臺南市安平區永華八街１９３巷３號四樓之２,9.25,住,,,1150511,土地1建物1車位0,四層,六層,華廈(10層含以下有電梯),住家用,鋼筋混凝土造,0811222,38.69,1,1,1,有,有,2150000,55570,,0.0,0,,RPRNMLMKOHLGFAD87DA,26.91,0.0,0.0,有,
北區,房地(土地+建物)+車位,臺南市北區中華北路一段２０３巷１６弄２２號七樓之３,20.11,住,,,1150514,土地1建物1車位1,七層,十四層,住宅大樓(11層含以上有電梯),住家用,鋼筋混凝土造,1140814,115.15,2,2,1,有,有,9800000,85106,坡道平面,33.87,0,,RPWNMLPKOHLGFAD68DA,50.93,0.0,3.13,有,018
北區,房地(土地+建物),臺南市北區育德二路３０１號,78.58,住,,,1150518,土地1建物1車位0,全,四層,透天厝,住商用,鋼筋混凝土造,0910325,224.11,4,3,4,有,無,6500000,29004,,0.0,0,親友、員工、共有人或其他特殊關係間之交易；,RPVQMLRKOHLGFAD09DA,189.28,0.0,34.83,無,
北區,房地(土地+建物)+車位,臺南市北區海安路三段８００號二樓之２,24.41,住,,,1150524,土地1建物1車位1,二層,二十四層,住宅大樓(11層含以上有電梯),住家用,鋼筋混凝土構造,1060518,251.54999999999998,3,2,2,有,有,25000000,99384,坡道平面,38.74,0,其他增建；,RPTNMLSKOHLGFAD68DA,134.87,0.0,12.36,有,019
安南區,房地(土地+建物),臺南市安南區本原街三段１９２號,78.87,住,,,1150525,土地2建物1車位0,全,二層,透天厝,住商用,鋼筋混凝土造,0851005,116.03,6,2,3,有,無,13000000,112040,,0.0,0,,RPVNMLTJOHLGFBD98DA,112.72,0.0,3.31,無,
安南區,房地(土地+建物),臺南市安南區海佃路一段２８４巷１６號,125.01,住,,,1150521,土地1建物1車位0,全,二層,透天厝,住家用,加強磚造,0690621,105.44,4,3,3,有,無,12380000,117413,,0.0,0,其他增建；,RPUNMLKKOHLGFBD08DA,105.44,0.0,0.0,無,
安南區,房地(土地+建物),臺南市安南區長溪路二段６７１巷５１弄３７號,93.53,住,,,1150511,土地1建物1車位0,全,三層,透天厝,住家用,鋼筋混凝土造,0830616,173.9,7,2,6,有,無,9400000,54054,,0.0,0,頂樓加蓋；其他增建；,RPQNMLQKOHLGFBD28DA,168.76,0.0,5.14,無,
安南區,房地(土地+建物)+車位,臺南市安南區館前二路１８６號四樓之１,63.75,住,,,1150508,土地1建物1車位1,四層,五層,華廈(10層含以下有電梯),住家用,鋼筋混凝土造,1041204,217.66,4,2,3,有,有,13500000,62023,坡道平面,34.07,0,,RPRNMLRKOHLGFBD48DA,113.21,0.0,11.84,有,
東區,房地(土地+建物),臺南市東區生產路２７７號二樓,14.05,住,,,1150507,土地1建物1車位0,二層,十二層,住宅大樓(11層含以上有電梯),住家用,鋼筋混凝土造,0890621,114.28999999999999,3,2,2,有,有,8150000,71310,,0.0,0,,RPOOMLQKOHLGFCD28DA,83.49,0.0,8.98,有,
東區,房地(土地+建物),臺南市東區崇德十七街１１２號,144.0,住,,,1150524,土地1建物1車位0,全,四層,透天厝,住家用,鋼筋混凝土造,0730123,309.31,6,2,6,有,無,22500000,72743,,0.0,0,頂樓加蓋；其他增建；,RPWOMLQKOHLGFCD09DA,295.47,0.0,13.84,無,
新營區,房地(土地+建物),臺南市新營區嘉芳街１２９巷１７號,140.0,住,,,1150521,土地1建物1車位0,全,四層,透天厝,住家用,鋼筋混凝土造,1121011,220.17,5,3,4,有,無,14280000,64859,,0.0,0,頂樓加蓋；,RPPNMLTJOHLGFDD58DA,202.49,0.0,17.68,無,
新營區,房地(土地+建物)+車位,臺南市新營區新進路二段２２７號十一樓之一,23.16,商,,,1150517,土地1建物1車位1,十一層,十五層,住宅大樓(11層含以上有電梯),住家用,鋼筋混凝土造,1141104,191.95999999999998,3,2,2,有,有,16830000,90750,坡道平面,26.67,1830000,,RPRNMLRKOHLGFDD68DA,101.22,0.0,4.08,有,020
東山區,房地(土地+建物),臺南市東山區東中里東仁街８１巷３６號,132.05,住,,,1150510,土地3建物1車位0,全,四層,透天厝,住家用,鋼筋混凝土造,1131121,201.43,4,3,4,有,無,11620000,57688,,0.0,0,,RPSNMLMJOHLGFED28DA,188.08,0.0,13.35,無,
白河區,房地(土地+建物),臺南市白河區永安里五福街８７號,103.0,住,,,1150514,土地2建物1車位0,全,五層,透天厝,住家用,鋼筋混凝土造,0821224,263.82,8,2,5,有,無,8100000,30703,,0.0,0,,RPSNMLQKOHLGFED78DA,255.42,0.0,8.4,無,
後壁區,土地,安溪寮段頂寮小段1582地號,2000.0,,特定農業區,農牧用地,1150530,土地1建物0車位0,,,其他,,,,0.0,0,0,0,無,無,2900000,1450,,0.0,0,,RPPNMLSKOHLGFED68DA,0.0,0.0,0.0,無,
麻豆區,土地,寮段893地號,92.87,,鄉村區,乙種建築用地,1150525,土地1建物0車位0,,,其他,,,,0.0,0,0,0,無,無,1000000,10768,,0.0,0,親友、員工、共有人或其他特殊關係間之交易；,RPXNMLQKOHLGFFD76DA,0.0,0.0,0.0,無,
七股區,土地,下山子寮段260-18地號,272.0,,一般農業區,甲種建築用地,1150514,土地2建物0車位0,,,其他,,,,0.0,0,0,0,無,無,4700000,17279,,0.0,0,,RPTNMLOKNHLGFGD78DA,0.0,0.0,0.0,無,021
西港區,土地,港東段969-3地號,108.85,住,,,1150525,土地1建物0車位0,,,其他,,,,0.0,0,0,0,無,無,5368000,49316,,0.0,0,政府機關標讓售；,RPTNMLPLNHLGFGD98DA,0.0,0.0,0.0,無,
學甲區,土地,學甲東段59-11地號,1448.46,,特定農業區,農牧用地,1150515,土地1建物0車位0,,,其他,,,,0.0,0,0,0,無,無,1450000,1001,,0.0,0,親友、員工、共有人或其他特殊關係間之交易；,RPVNMLPLNHLGFGD56DA,0.0,0.0,0.0,無,
學甲區,土地,學甲東段59-7地號,2108.66,,特定農業區,農牧用地,1150515,土地1建物0車位0,,,其他,,,,0.0,0,0,0,無,無,2108660,1000,,0.0,0,親友、員工、共有人或其他特殊關係間之交易；農作物；,RPUNMLPJOHLGFGD98DA,0.0,0.0,0.0,無,
仁德區,房地(土地+建物),臺南市仁德區仁義里義林六街１３號,101.05,住,,,1150507,土地1建物1車位0,全,四層,透天厝,住家用,鋼筋混凝土造,0911030,223.25,5,2,4,有,無,18000000,80627,,0.0,0,其他增建；,RPOPMLQLNHLGFID98DA,202.29,0.0,20.96,無,022
永康區,房地(土地+建物)+車位,臺南市永康區龍中街６５１巷２７弄９號四樓之５,52.07,住,,,1150512,土地1建物1車位1,四層,五層,公寓(5樓含以下無電梯),住家用,鋼筋混凝土造,1140630,139.76999999999998,3,2,2,有,無,14200000,107177,一樓平面,23.14,1700000,,RPOOMLQLNHLGFKD09DA,80.17,0.0,8.3,無,
永康區,房地(土地+建物)+車位,臺南市永康區東橋十二街１６８號三樓之６,18.42,住,,,1150517,土地1建物1車位1,三層,十五層,住宅大樓(11層含以上有電梯),住家用,鋼筋混凝土構造,1080315,108.08,2,2,2,有,有,11680000,108068,坡道平面,25.59,0,其他增建；,RPRPMLSLNHLGFKD07DA,51.46,0.0,5.86,有,023
永康區,房地(土地+建物),臺南市永康區大武街６６號十五樓之２,13.04,住,,,1150531,土地1建物1車位0,十五層,十六層,住宅大樓(11層含以上有電梯),住家用,鋼筋混凝土造,0830803,133.41,5,1,2,有,有,6700000,50221,,0.0,0,,RPPOMLMKOHLGFKD78DA,88.33,1.36,10.38,有,
永康區,房地(土地+建物)+車位,臺南市永康區中華路５７８巷１５之９４號,9.86,住,,,1150504,土地1建物1車位1,十七層,十七層,住宅大樓(11層含以上有電梯),住家用,鋼筋混凝土造,0810723,116.46000000000001,2,2,1,有,有,8500000,72986,坡道平面,0.0,0,,RPQNMLQKOHLGFKD56DA,59.83,0.0,5.85,有,024
永康區,房地(土地+建物)+車位,臺南市永康區永二街４１１之１號十一樓,22.31,都市：其他:住宅區,,,1150507,土地2建物1車位1,十一層,十六層,住宅大樓(11層含以上有電梯),住家用,鋼筋混凝土造,0830504,128.39000000000001,3,2,2,有,有,7280000,56702,坡道機械,0.0,0,,RPOOMLQKOHLGFKD09DA,83.71,0.0,8.8,有,025
永康區,房地(土地+建物)+車位,臺南市永康區勝利里勝利街１９７巷９弄３號五樓,35.6,住,,,1150508,土地1建物1車位1,五層,六層,華廈(10層含以下有電梯),住家用,鋼筋混凝土造,0790719,184.14,3,2,1,有,有,7800000,42357,坡道平面,0.0,0,,RPSNMLRKOHLGFKD86DA,125.05,0.0,5.79,有,
南區,房地(土地+建物),臺南市南區文南一街２號七樓之１,41.91,商,,,1150505,土地1建物1車位0,七層,八層,華廈(10層含以下有電梯),商業用,鋼筋混凝土造,0790627,330.82,44,0,44,有,有,6300000,19044,,0.0,0,,RPQNMLKKOHLGFCD87EA,264.04,0.0,10.36,有,026
南區,房地(土地+建物),臺南市南區文南一街２號三樓,68.54,商,,,1150505,土地1建物1車位0,三層,八層,華廈(10層含以下有電梯),商業用,鋼筋混凝土造,0790627,517.2,0,1,2,有,有,18000000,34803,,0.0,0,,RPRNMLKKOHLGFCD97EA,431.93,0.0,13.25,有,027
南區,房地(土地+建物)+車位,臺南市南區大同路二段１９６號八樓之２,33.47,住,,,1150522,土地1建物1車位1,八層,十三層,住宅大樓(11層含以上有電梯),住家用,鋼筋混凝土造,0881021,140.36,3,2,2,有,有,8250000,58777,坡道平面,0.0,0,,RPPNMLQKOHLGFCD38EA,82.15,0.0,8.24,有,
善化區,土地,南小新段640地號,22.32,住,,,1150528,土地1建物0車位0,,,其他,,,,0.0,0,0,0,無,無,707607,31703,,0.0,0,親友、員工、共有人或其他特殊關係間之交易；,RPTNMLRKOHLGFHD76EA,0.0,0.0,0.0,無,028
北區,房地(土地+建物),臺南市北區和緯路四段９５巷１３號五樓,27.66,住,,,1150510,土地3建物1車位0,五層,五層,公寓(5樓含以下無電梯),住家用,鋼筋混凝土造,0701017,98.45,3,2,2,有,無,4090000,41544,,0.0,0,其他增建；,RPVOMLSJOHLGFAD88DA,75.1,0.0,10.48,無,029
北區,房地(土地+建物)+車位,臺南市北區北成路１８３號十樓之１０,13.74,商,,,1150529,土地1建物1車位1,十層,十四層,住宅大樓(11層含以上有電梯),住家用,鋼筋混凝土構造,1060119,106.41,2,1,1,有,有,8388800,78835,坡道機械,23.35,0,,RPQOMLLKOHLGFAD77DA,50.28,0.0,5.82,有,030
北區,房地(土地+建物)+車位,臺南市北區公園北路１５６號十三樓之１８,20.23,商,,,1150526,土地1建物1車位1,十三層,十四層,住宅大樓(11層含以上有電梯),住家用,ＲＣ造,0951001,144.85999999999999,3,2,2,有,有,11880000,82010,坡道平面,0.0,1300000,陽台外推；其他增建；,RPXOMLPKOHLGFAD88DA,73.95,2.38,10.63,有,031
北區,房地(土地+建物),臺南市北區文成一路２００巷１號,94.61,住,,,1150519,土地2建物1車位0,全,四層,透天厝,住家用,鋼筋混凝土造,0901119,252.42,4,1,4,有,無,15000000,59425,,0.0,0,親友、員工、共有人或其他特殊關係間之交易；,RPWOMLQKOHLGFAD88DA,243.29,0.0,9.13,無,
安平區,房地(土地+建物)+車位,臺南市安平區國平北路１３７號二十九樓之５,7.41,商,,,1150524,土地1建物1車位1,二十九層,三十四層,住宅大樓(11層含以上有電梯),住家用,鋼骨鋼筋混凝土造、鋼筋混凝土造,1140415,106.41,2,1,1,有,有,7200000,67663,坡道平面,27.92,0,,RPXQMLRKOHLGFAD66DA,47.61,0.0,4.21,有,032
安南區,土地,安東段770-35地號,29.77,都市：其他:細部計畫道路用地,,,1150520,土地1建物0車位0,,,其他,,,,0.0,0,0,0,無,無,1700653,57126,,0.0,0,協議價購；,RPSNMLPLNHLGFBD38DA,0.0,0.0,0.0,無,033
安南區,土地,安東段770-35地號,29.77,都市：其他:細部計畫道路用地,,,1150520,土地1建物0車位0,,,其他,,,,0.0,0,0,0,無,無,1700653,57126,,0.0,0,協議價購；,RPTNMLPLNHLGFBD48DA,0.0,0.0,0.0,無,033
安南區,土地,安東段770-35地號,29.77,都市：其他:細部計畫道路用地,,,1150520,土地1建物0車位0,,,其他,,,,0.0,0,0,0,無,無,1700653,57126,,0.0,0,協議價購；,RPUNMLPLNHLGFBD58DA,0.0,0.0,0.0,無,033
安南區,土地,安東段770-50地號,5.45,都市：其他:細部計畫道路用地,,,1150520,土地1建物0車位0,,,其他,,,,0.0,0,0,0,無,無,311304,57120,,0.0,0,協議價購；,RPVNMLPLNHLGFBD68DA,0.0,0.0,0.0,無,036
安南區,土地,安東段770-51地號,14.65,都市：其他:道路用地,,,1150520,土地1建物0車位0,,,其他,,,,0.0,0,0,0,無,無,836808,57120,,0.0,0,協議價購；,RPWNMLPLNHLGFBD78DA,0.0,0.0,0.0,無,
安南區,土地,安東段851-8地號,2.7,都市：其他:細部計畫道路用地,,,1150520,土地1建物0車位0,,,其他,,,,0.0,0,0,0,無,無,229730,85085,,0.0,0,協議價購；,RPXNMLPLNHLGFBD88DA,0.0,0.0,0.0,無,
安南區,房地(土地+建物),臺南市安南區海佃路二段５０９巷３６號二樓之１,29.97,住,,,1150520,土地1建物1車位0,二層,五層,華廈(10層含以下有電梯),住家用,鋼筋混凝土造,1141002,80.96000000000001,2,2,1,有,有,7300000,90168,,0.0,0,陽台外推；其他增建；,RPWNMLSJOHLGFBD98DA,44.85,0.0,4.51,有,
安南區,房地(土地+建物),臺南市安南區安中路一段７０１巷９２之２號,65.73,住,,,1150515,土地14建物1車位0,三層,四層,公寓(5樓含以下無電梯),住家用,鋼筋混凝土造,0700907,103.49,3,2,2,有,無,2400000,23191,,0.0,0,親友、員工、共有人或其他特殊關係間之交易；,RPTNMLKKOHLGFBD97DA,81.3,0.01,10.51,無,
安南區,房地(土地+建物),臺南市安南區長和路四段１６０巷５１號,57.2,住,,,1150524,土地1建物1車位0,全,二層,透天厝,住商用,加強磚造,0700818,60.38,3,1,1,有,無,3000000,49685,,0.0,0,親友、員工、共有人或其他特殊關係間之交易；頂樓加蓋；,RPWNMLLKOHLGFBD38DA,58.89,0.0,1.5,無,
安南區,房地(土地+建物),臺南市安南區安昌街１７４巷１９１弄６９之２２號,99.77,住,,,1150530,土地1建物1車位0,全,三層,透天厝,住商用,鋼筋混凝土造,0870821,155.35,5,2,4,有,無,15000000,96556,,0.0,0,頂樓加蓋；其他增建；,RPROMLPKOHLGFBD38DA,155.35,0.0,0.0,無,
安南區,房地(土地+建物)+車位,臺南市安南區生態街５７號十七樓之５,29.06,住,,,1150528,土地1建物1車位1,十七層,二十層,住宅大樓(11層含以上有電梯),住家用,鋼筋混凝土造,1120525,194.97,3,2,2,有,有,16000000,82064,坡道平面,28.13,0,,RPRNMLMLOHLGFBD08DA,98.46,0.0,12.6,有,037
東區,房地(土地+建物),臺南市東區府連東路２之１號,42.49,住,,,1150507,土地3建物1車位0,全,四層,透天厝,住商用,鋼筋混凝土造,0811221,127.04,4,3,3,有,無,7900000,62185,,0.0,0,陽台外推；頂樓加蓋；其他增建；,RPRNMLRJNHLGFCD38DA,111.62,0.0,15.42,無,
南區,房地(土地+建物),臺南市南區永興二街４２號六樓之２,8.04,商,,,1150509,土地1建物1車位0,六層,八層,華廈(10層含以下有電梯),住家用,鋼筋混凝土造,0810601,67.49000000000001,2,2,1,有,有,3600000,53341,,0.0,0,,RPSNMLRLNHLGFCD68DA,46.98,0.0,9.37,有,
東區,房地(土地+建物)+車位,臺南市東區東寧路３３號三樓,46.55,住,,,1150505,土地1建物1車位1,三層,十一層,住宅大樓(11層含以上有電梯),住家用,鋼筋混凝土造,0861008,162.49,4,1,2,有,有,12000000,73851,坡道平面,0.0,0,含租約；,RPUNMLLKOHLGFCD28DA,93.58,0.0,9.5,有,
東區,房地(土地+建物),臺南市東區中華東路三段２４巷１０號四樓,19.27,住,,,1150507,土地2建物1車位0,四層,五層,公寓(5樓含以下無電梯),住家用,鋼筋混凝土造,0701222,69.42,2,2,1,有,有,4500000,64823,,0.0,0,,RPSOMLQKOHLGFCD68DA,54.1,0.0,5.31,無,038
東區,房地(土地+建物),臺南市東區衛國街２５巷２之２號四樓,47.38,住,,,1150508,土地1建物1車位0,四層,四層,公寓(5樓含以下無電梯),住家用,鋼筋混凝土造,0730106,112.84,3,2,2,有,無,4900000,43424,,0.0,0,賣方賣清，稅費由買方負擔,RPXOMLQKOHLGFCD56DA,87.37,0.0,10.13,無,
東區,房地(土地+建物),臺南市東區慶東街１７４號,65.0,住,,,1150502,土地1建物1車位0,全,三層,透天厝,住商用,加強磚造,0630604,145.24,4,2,3,有,無,11500000,79179,,0.0,0,其他增建；,RPVNMLSKOHLGFCD09DA,145.24,0.0,0.0,無,
後壁區,土地,下茄苳段1425地號,2319.0,,特定農業區,農牧用地,1150512,土地2建物0車位0,,,其他,,,,0.0,0,0,0,無,無,3600000,1552,,0.0,0,,RPQNMLSKOHLGFED78DA,0.0,0.0,0.0,無,
白河區,房地(土地+建物),臺南市白河區永安里８鄰富民路４５１巷８號,414.4,住,,,1150511,土地3建物1車位0,全,三層,透天厝,住家用,鋼筋混凝土造,1120821,347.26,4,2,4,有,無,36800000,105972,,0.0,0,,RPSNMLSKOHLGFED98DA,321.07,0.0,26.19,無,
學甲區,土地,學甲段646-5地號,1663.0,,一般農業區,農牧用地,1150524,土地1建物0車位0,,,其他,,,,0.0,0,0,0,無,無,2600000,1563,,0.0,0,,RPXNMLRKOHLGFGD96DA,0.0,0.0,0.0,無,
學甲區,土地,學甲段645地號,2387.0,,一般農業區,農牧用地,1150524,土地1建物0車位0,,,其他,,,,0.0,0,0,0,無,無,3000000,1257,,0.0,0,,RPVOMLRKOHLGFGD86DA,0.0,0.0,0.0,無,
學甲區,土地,文衡段956地號,43.52,都市：其他:住宅區,,,1150522,土地5建物0車位0,,,其他,,,,0.0,0,0,0,無,無,460600,10584,,0.0,0,親友、員工、共有人或其他特殊關係間之交易；,RPWOMLRKOHLGFGD96DA,0.0,0.0,0.0,無,039
七股區,土地,竹橋段1665地號,15878.0,,一般農業區,養殖用地,1150511,土地3建物0車位0,,,其他,,,,0.0,0,0,0,無,無,18007440,1134,,0.0,0,未登記建物；,RPPNMLSKOHLGFGD88DA,0.0,0.0,0.0,無,040
新市區,房地(土地+建物)+車位,臺南市新市區大４１１之２號三樓之２,32.51,,鄉村區,乙種建築用地,1150518,土地2建物1車位1,三層,七層,華廈(10層含以下有電梯),住家用,鋼筋混凝土造,1141205,112.97,3,2,2,有,有,9750000,86306,一樓平面,0.0,1400000,陽台外推；,RPTNMLPJOHLGFHD98DA,72.33,0.0,8.55,有,
仁德區,房地(土地+建物),臺南市仁德區成功一街１３１巷３６號四樓之２,32.77,住,,,1150517,土地1建物1車位0,四層,五層,華廈(10層含以下有電梯),住家用,鋼筋混凝土構造,1100901,91.67999999999999,2,2,2,有,有,7800000,85079,,0.0,0,,RPPPMLQLNHLGFID09DA,62.13,0.0,6.72,有,041
仁德區,房地(土地+建物)+車位,臺南市仁德區仁和里和愛街７號八樓之１,49.35,住,,,1150502,土地1建物1車位1,八層,九層,華廈(10層含以下有電梯),住家用,鋼筋混凝土造,0990422,157.43,3,2,2,有,有,12380000,78638,坡道平面,0.0,0,,RPQNMLMKOHLGFID58DA,89.59,0.0,9.06,有,
楠西區,房地(土地+建物),臺南市楠西區茄拔路５２巷２號,107.24,住,,,1150504,土地1建物1車位0,全,三層,透天厝,住家用,ＲＣ造,0880501,206.84,5,2,3,有,無,5450000,26349,,0.0,0,頂樓加蓋；其他增建；,RPPNMLOJOHLGFJD68DA,184.14,9.62,13.08,無,042
永康區,房地(土地+建物),臺南市永康區中華二路２６６巷２０號八樓之１,8.9,住,,,1150515,土地1建物1車位0,八層,十九層,住宅大樓(11層含以上有電梯),住家用,鋼筋混凝土造,0860128,111.86999999999999,3,2,2,有,有,6960000,62215,,0.0,0,其他增建；,RPXQMLPKNHLGFKD37DA,73.83,2.22,10.58,有,
永康區,房地(土地+建物),臺南市永康區永安路１６５巷１２５號六樓之２,18.13,住,,,1150518,土地1建物1車位0,六層,十層,華廈(10層含以下有電梯),住家用,鋼筋混凝土造,0890816,99.64,2,2,2,有,有,5900000,59213,,0.0,0,其他增建；,RPRNMLQKOHLGFKD66DA,62.35,0.0,10.99,有,
永康區,房地(土地+建物),臺南市永康區鹽洲里鹽洲二街１７５巷１９號,86.52,住,,,1150509,土地1建物1車位0,全,三層,透天厝,住家用,鋼筋混凝土造,0810714,175.91,4,2,3,有,無,10000000,56847,,0.0,0,親友、員工、共有人或其他特殊關係間之交易；,RPTNMLQKOHLGFKD86DA,151.65,15.49,8.77,無,
新營區,土地,下角帶圍段38地號,180.31,,鄉村區,乙種建築用地,1150514,土地1建物0車位0,,,其他,,,,0.0,0,0,0,無,無,550000,3050,,0.0,0,,RPSNMLTKNHLGFDD98EA,0.0,0.0,0.0,無,043
鹽水區,房地(土地+建物),臺南市鹽水區岸內里清路２０１號,87.71,住,,,1150519,土地1建物1車位0,全,二層,透天厝,住商用,加強磚造,0670126,113.6,7,2,2,有,無,4000000,35211,,0.0,0,頂樓加蓋；其他增建；,RPQNMLMKOHLGFDD18EA,113.6,0.0,0.0,無,
新營區,土地,姑爺段1120地號,400.0,,特定農業區,農牧用地,1150528,土地2建物0車位0,,,其他,,,,0.0,0,0,0,無,無,2890000,7225,,0.0,0,抵費地標售,RPQNMLSKOHLGFDD78EA,0.0,0.0,0.0,無,
新營區,土地,太子段215地號,484.0,住,,,1150518,土地4建物0車位0,,,其他,,,,0.0,0,0,0,無,無,13908950,28738,,0.0,0,,RPSNMLMLOHLGFDD48EA,0.0,0.0,0.0,無,
新營區,土地,太子段215-1地號,387.0,住,,,1150518,土地3建物0車位0,,,其他,,,,0.0,0,0,0,無,無,11121412,28737,,0.0,0,,RPTNMLMLOHLGFDD58EA,0.0,0.0,0.0,無,
善化區,房地(土地+建物),臺南市善化區牛庄６６之１６號,105.8,,鄉村區,乙種建築用地,1150530,土地4建物1車位0,全,四層,透天厝,住家用,鋼筋混凝土造,1120524,168.14,4,2,5,有,無,14750000,87725,,0.0,0,陽台外推；其他增建；包含公共設施保留地用地；,RPQNMLMLOHLGFHD68EA,145.23,0.0,22.91,無,044
北區,房地(土地+建物)+車位,臺南市北區開元路１１０號十樓之３,13.29,商,,,1150509,土地2建物1車位1,十層,十五層,住宅大樓(11層含以上有電梯),住家用,鋼筋混凝土構造,1121103,126.31,2,2,2,有,有,17000000,167319,坡道機械,29.19,750000,,RPUOMLNJOHLGFAD28DA,58.56,0.0,8.21,有,
安平區,房地(土地+建物)+車位,臺南市安平區國平北路１２５號十八樓之８,8.46,商,,,1150512,土地1建物1車位1,十八層,十八層,住宅大樓(11層含以上有電梯),住家用,鋼筋混凝土構造,1100503,109.11,2,2,1,有,有,9300000,85235,坡道平面,27.75,0,,RPUOMLSJOHLGFAD78DA,46.32,3.01,4.46,有,045
安南區,房地(土地+建物)+車位,臺南市安南區公學路四段１２６巷１１７號五樓之５,31.47,住,,,1150516,土地1建物1車位1,五層,五層,華廈(10層含以下有電梯),住家用,鋼筋混凝土造,1141124,84.85,2,2,2,有,無,7680000,84727,一樓平面,10.73,1400000,,RPTNMLLLNHLGFBD08DA,51.02,0.0,4.9,有,
安南區,房地(土地+建物),臺南市安南區城西街二段１４６巷２２號,132.65,住,,,1150530,土地2建物1車位0,全,三層,透天厝,住家用,鋼筋混凝土造,1080114,204.1,4,2,3,有,無,13200000,64674,,0.0,0,頂樓加蓋；其他增建；,RPVNMLLKOHLGFBD28DA,195.97,0.0,8.13,無,046
安南區,房地(土地+建物),臺南市安南區州南六街１４０號二樓之１,29.24,住,,,1150525,土地1建物1車位0,二層,五層,華廈(10層含以下有電梯),住家用,鋼筋混凝土造,1140808,84.24,2,2,2,有,有,7400000,87844,,0.0,0,,RPSNMLRKOHLGFBD58DA,55.11,0.0,7.39,有,
安南區,房地(土地+建物),臺南市安南區樂活二街３６號,93.61,住,,,1150528,土地5建物1車位0,全,四層,透天厝,住家用,鋼筋混凝土造,1141105,240.53,3,3,5,有,無,27150000,112876,,0.0,0,,RPPNMLMLOHLGFBD87DA,214.25,0.0,26.28,有,047
南區,房地(土地+建物),臺南市南區喜樹路１１８巷４３號,85.7,農,,,1150520,土地1建物1車位0,全,三層,透天厝,住家用,鋼筋混凝土造,1130719,156.93,4,2,4,有,無,14500000,92398,,0.0,0,,RPPNMLLLNHLGFCD77DA,146.05,0.0,10.88,無,
南區,房地(土地+建物),臺南市南區新都路５２０巷３１號三樓,20.82,住,,,1150516,土地1建物1車位0,三層,七層,華廈(10層含以下有電梯),住家用,鋼筋混凝土造,0720204,110.87,3,1,1,有,有,4550000,41039,,0.0,0,陽台外推；,RPXNMLRKOHLGFCD56DA,71.02,0.0,14.01,有,
南區,房地(土地+建物),臺南市南區明興路１０５５巷１７弄６６號,37.94,住,,,1150520,土地1建物1車位0,全,二層,透天厝,住商用,鋼筋混凝土造,0820315,49.09,3,2,2,有,無,3000000,61112,,0.0,0,親友、員工、共有人或其他特殊關係間之交易；,RPTNMLSKOHLGFCD88DA,46.65,0.0,2.44,無,
南區,房地(土地+建物),臺南市南區夏林路９７之４號,62.7,住,,,1150508,土地1建物1車位0,全,四層,透天厝,住商用,鋼筋混凝土造,0690319,154.8,5,2,3,有,無,12700000,82041,,0.0,0,頂樓加蓋；其他增建；,RPTOMLSKOHLGFCD98DA,154.8,0.0,0.0,無,
東區,房地(土地+建物),臺南市東區裕農路２９８號十樓之１,13.31,都市：其他:主要計畫道路用地,,,1150530,土地2建物1車位0,十層,十四層,住宅大樓(11層含以上有電梯),住家用,鋼筋混凝土造,0811002,95.67,2,2,1,有,有,6300000,65851,,0.0,0,,RPVNMLMLOHLGFCD58DA,60.28,1.32,6.99,有,
白河區,土地,大排竹段2503-2地號,267.0,,鄉村區,乙種建築用地,1150521,土地1建物0車位0,,,其他,,,,0.0,0,0,0,無,無,3800000,14232,,0.0,0,未登記建物；,RPPNMLNLOHLGFED28DA,0.0,0.0,0.0,無,
麻豆區,土地,興農段380-5地號,115.85,住,,,1150517,土地2建物0車位0,,,其他,,,,0.0,0,0,0,無,無,7620000,65775,,0.0,0,,RPTNMLKKOHLGFFD38DA,0.0,0.0,0.0,無,048
佳里區,房地(土地+建物),臺南市佳里區安南路２巷６號,69.62,住,,,1150513,土地1建物1車位0,全,二層,透天厝,住商用,加強磚造,0730523,96.85,3,1,2,有,無,5000000,51626,,0.0,0,頂樓加蓋；其他增建；未登記建物；,RPPNMLRKNHLGFGD68DA,92.3,0.0,4.55,無,
學甲區,房地(土地+建物),臺南市學甲區麻學路三段１２１巷１９號,78.16,,鄉村區,乙種建築用地,1150517,土地4建物1車位0,全,四層,透天厝,住家用,鋼筋混凝土造,1150303,169.93,4,2,4,有,無,8560000,50374,,0.0,0,,RPQNMLSKOHLGFGD98DA,154.7,0.0,15.23,無,
佳里區,土地,仁愛段803-1地號,564.39,住,,,1150511,土地11建物0車位0,,,其他,,,,0.0,0,0,0,無,無,14055000,24903,,0.0,0,台南市佳里區仁愛段803-1、806、763-3、764地號為住宅區，762、763、767-2、771-2、772-3、803-18、807為住宅區，惟現況為私設道路未登記建物；,RPUNMLMLOHLGFGD88DA,0.0,0.0,0.0,無,
佳里區,土地,仁愛段765地號,118.15,都市：其他:道路用地,,,1150511,土地10建物0車位0,,,其他,,,,0.0,0,0,0,無,無,1878724,15901,,0.0,0,親友、員工、共有人或其他特殊關係間之交易；,SPUNMLMLOHLGFGD98DA,0.0,0.0,0.0,無,
佳里區,土地,仁愛段805地號,34.9,都市：其他:道路用地,,,1150511,土地1建物0車位0,,,其他,,,,0.0,0,0,0,無,無,566276,16226,,0.0,0,,TPUNMLMLOHLGFGD09DA,0.0,0.0,0.0,無,
學甲區,房地(土地+建物),臺南市學甲區民族路３３巷２之２號,139.5,住,,,1150520,土地1建物1車位0,全,一層,透天厝,住家用,鋼骨構造有牆,1050808,45.08,2,2,2,有,無,2370000,52573,,0.0,0,親友、員工、共有人或其他特殊關係間之交易；未登記建物；,RPWNMLMLOHLGFGD09DA,45.08,0.0,0.0,無,049
佳里區,房地(土地+建物)+車位,臺南市佳里區南勢街２０６巷３２號五樓之２,45.67,住,,,1150531,土地1建物1車位1,五層,五層,華廈(10層含以下有電梯),住家用,鋼筋混凝土造,1121228,142.88,3,2,2,有,有,8200000,56149,一樓平面,14.65,1000000,,RPTOMLMLOHLGFGD88DA,80.84,0.0,12.67,有,
新化區,房地(土地+建物),臺南市新化區拔林３１之５號,100.77,,鄉村區,乙種建築用地,1150508,土地1建物1車位0,全,二層,透天厝,住家用,加強磚造,0701230,111.68,4,2,5,有,無,9600000,85960,,0.0,0,土地增值稅及過戶稅規費地政士費用等均由買方負擔頂樓加蓋；,RPPNMLKMNHLGFHD28DA,104.6,0.0,7.08,無,
安定區,房地(土地+建物),臺南市安定區管寮１０２之１７號,111.52,,鄉村區,乙種建築用地,1150511,土地4建物1車位0,全,四層,透天厝,住家用,鋼筋混凝土造,1140318,236.59,4,2,5,有,有,16300000,68896,,0.0,0,土地價款:733萬5千元整建物價款:896萬5千元整,RPXNMLPJOHLGFHD76DA,219.68,0.0,16.73,無,
善化區,房地(土地+建物),臺南市善化區什乃３１之１號,87.56,,鄉村區,乙種建築用地,1150529,土地2建物1車位0,全,五層,透天厝,住家用,鋼筋混凝土造,1130122,233.61,3,2,5,有,無,19100000,81760,,0.0,0,1.增設電梯2.土地成交價格為新台幣6685000元3.建物成交價格為新台幣12415000元,RPQNMLMKOHLGFHD48DA,211.14,0.0,22.47,無,
仁德區,房地(土地+建物)+車位,臺南市仁德區賢路一段７巷２１號十樓之２,24.6,住,,,1150508,土地1建物1車位1,十層,十三層,住宅大樓(11層含以上有電梯),住家用,鋼筋混凝土造,1141231,151.39,3,2,2,有,有,11350000,83185,坡道平面,33.58,1550000,,RPWOMLQLNHLGFID07DA,69.05,0.0,7.93,有,
歸仁區,土地,八甲東段732地號,50.05,,,,1150522,土地2建物0車位0,,,其他,,,,0.0,0,0,0,無,無,1500000,29970,,0.0,0,,RPUPMLQLNHLGFID96DA,0.0,0.0,0.0,無,050
仁德區,土地,林仔段1154地號,108.09,工,,,1150529,土地1建物0車位0,,,其他,,,,0.0,0,0,0,無,無,6964239,64430,,0.0,0,政府機關標讓售；,RPWNMLQKOHLGFID96DA,0.0,0.0,0.0,無,
仁德區,房地(土地+建物),臺南市仁德區四維街３６號三樓之８,18.34,住,,,1150518,土地1建物1車位0,三層,六層,華廈(10層含以下有電梯),住家用,鋼筋混凝土造,0790924,84.98,3,2,2,有,有,4200000,49423,,0.0,0,,RPXNMLRKOHLGFID17DA,58.45,0.0,8.7,有,051
仁德區,土地,港墘段945-1地號,204.0,,特定專用區,農牧用地,1150525,土地1建物0車位0,,,其他,,,,0.0,0,0,0,無,無,2460240,12060,,0.0,0,政府機關標讓售；,RPRNMLMLOHLGFID78DA,0.0,0.0,0.0,無,
永康區,房地(土地+建物),臺南市永康區中山南路２６２巷２號十二樓之６,13.66,住,,,1150511,土地5建物1車位0,十二層,十五層,住宅大樓(11層含以上有電梯),住家用,鋼筋混凝土造,0841204,103.47,3,2,2,有,有,6000000,57988,,0.0,0,,RPRNMLQLNHLGFKD66DA,68.66,0.0,8.82,有,
永康區,房地(土地+建物)+車位,臺南市永康區東橋七路３６５號五樓之２,14.87,住,,,1150530,土地1建物1車位1,五層,十八層,住宅大樓(11層含以上有電梯),住家用,鋼筋混凝土構造,1071214,97.21000000000001,2,2,1,有,有,10500000,108014,坡道平面,19.23,0,,RPWNMLKKOHLGFKD56DA,45.41,2.25,2.96,有,052
永康區,房地(土地+建物),臺南市永康區新民街６６巷３號七樓之６,6.36,住,,,1150530,土地1建物1車位0,七層,九層,華廈(10層含以下有電梯),住家用,鋼筋混凝土造,0821230,44.98,1,0,1,有,有,2300000,51134,,0.0,0,,RPUNMLPKOHLGFKD86DA,21.83,0.7,4.37,有,
永康區,房地(土地+建物)+車位,臺南市永康區興里永安路１０５巷４６弄９號二樓之４,27.16,住,,,1150523,土地1建物1車位1,二層,六層,華廈(10層含以下有電梯),住家用,鋼筋混凝土造,0830423,137.63,3,2,1,有,有,8000000,58127,坡道平面,0.0,0,其他增建；,RPTOMLRKOHLGFKD07DA,84.99,0.64,10.37,有,
後壁區,土地,新港東段茄苳子小段795地號,1086.0,,特定農業區,農牧用地,1150529,土地1建物0車位0,,,其他,,,,0.0,0,0,0,無,無,3990000,3674,,0.0,0,,RPPNMLOLOHLGFED48EA,0.0,0.0,0.0,無,
西港區,土地,港東段969-10地號,5.51,農,,,1150526,土地1建物0車位0,,,其他,,,,0.0,0,0,0,無,無,90000,16334,,0.0,0,水利地承購；,RPPNMLSKOHLGFGD98EA,0.0,0.0,0.0,無,
西港區,土地,港東段969-11地號,11.08,住,,,1150513,土地1建物0車位0,,,其他,,,,0.0,0,0,0,無,無,548000,49458,,0.0,0,水利地承購；,RPQNMLSKOHLGFGD09EA,0.0,0.0,0.0,無,
將軍區,土地,保源段2572地號,243.0,,特定農業區,農牧用地,1150528,土地2建物0車位0,,,其他,,,,0.0,0,0,0,無,無,191970,790,,0.0,0,協議價購；,RPPNMLMLOHLGFGD48EA,0.0,0.0,0.0,無,
安平區,房地(土地+建物),臺南市安平區健康三街５９２巷５５號十二樓之１１,3.86,商,,,1150512,土地1建物1車位0,十二層,二十四層,住宅大樓(11層含以上有電梯),住家用,鋼筋混凝土造,0861022,74.52,2,1,1,有,有,5120000,68706,,0.0,0,,RPXNMLTLNHLGFAD56DA,51.97,0.0,3.68,有,053
中西區,房地(土地+建物)+車位,臺南市中西區五妃街２５８號七樓之１,14.96,住,,,1150501,土地1建物1車位1,七層,八層,華廈(10層含以下有電梯),住家用,鋼筋混凝土造,0931203,115.99,2,1,1,有,有,9000000,77593,坡道平面,29.73,0,陽台外推；,RPUNMLLJOHLGFAD97DA,53.12,0.0,8.57,有,054
安平區,房地(土地+建物)+車位,臺南市安平區平豐路１２２號二十二樓之３,31.93,住,,,1150516,土地1建物1車位1,二十二層,二十七層,住宅大樓(11層含以上有電梯),住家用,鋼筋混凝土構造,1050604,204.54000000000002,3,2,3,有,有,16880000,82527,坡道平面,36.02,0,其他增建；,RPVRMLRKOHLGFAD56DA,104.22,0.0,11.9,有,055
北區,房地(土地+建物),臺南市北區成功路５８４號六樓之１,1.98,住,,,1150531,土地1建物1車位0,六層,十二層,住宅大樓(11層含以上有電梯),住家用,鋼筋混凝土造,0840307,22.36,1,0,1,有,有,1100000,49195,,0.0,0,親友、員工、共有人或其他特殊關係間之交易；,RPQNMLMLOHLGFAD87DA,12.75,0.58,3.52,有,
安平區,土地,金城段61-21地號,317.0,住,,,1150508,土地1建物0車位0,,,其他,,,,0.0,0,0,0,無,無,35000000,110410,,0.0,0,,RPTOMLMLOHLGFAD28DA,0.0,0.0,0.0,無,
安平區,房地(土地+建物),臺南市安平區健康二街４１９巷１０號,88.0,住,,,1150508,土地1建物1車位0,全,二層,透天厝,住家用,鋼筋混凝土造,0770109,127.72,4,2,3,有,無,13100000,102568,,0.0,0,,RPSNMLNLOHLGFAD18DA,120.52,0.0,7.2,無,
安平區,房地(土地+建物),臺南市安平區漁光路１１９巷９號,123.84,都市：其他:特定住宅專用區,,,1150518,土地1建物1車位0,全,三層,透天厝,住家用,鋼筋混凝土構造,1100329,233.69,4,3,4,有,無,36000000,154050,,0.0,0,含國有財產署租約一併移轉陽台外推；其他增建；含租約；,RPWNMLNLOHLGFAD58DA,218.93,0.0,14.76,無,
安南區,房地(土地+建物)+車位,臺南市安南區安和路一段２８８巷８５號三樓之５,33.23,都市：其他:住宅區,,,1150501,土地2建物1車位1,三層,五層,華廈(10層含以下有電梯),住家用,鋼筋混凝土造,1140611,100.4,2,2,2,有,無,8380000,87365,一樓平面,21.65,1500000,,RPPNMLKKOHLGFBD57DA,53.26,0.0,3.59,有,
安南區,房地(土地+建物),臺南市安南區長和路四段１８６巷５５號,93.46,住,,,1150528,土地6建物1車位0,全,四層,透天厝,住家用,鋼筋混凝土造,0820906,266.44,4,2,4,有,無,10400000,39033,,0.0,0,親友、員工、共有人或其他特殊關係間之交易；,RPXNMLPKOHLGFBD88DA,228.92,22.74,14.78,無,
安南區,房地(土地+建物),臺南市安南區頂安街１９１號,104.19,住,,,1150523,土地1建物1車位0,全,四層,透天厝,住商用,鋼筋混凝土造,0870702,225.97,5,3,4,有,無,15600000,69036,,0.0,0,,RPOOMLPKOHLGFBD08DA,212.83,0.0,13.14,無,
安南區,房地(土地+建物),臺南市安南區安豐四街１２９號,113.76,住,,,1150527,土地1建物1車位0,全,四層,透天厝,住家用,鋼筋混凝土造,0940224,235.25,4,3,3,有,無,14500000,61637,,0.0,0,,RPSNMLQKOHLGFBD48DA,210.7,0.0,24.55,無,
安南區,房地(土地+建物),臺南市安南區安中路一段７００巷４３之３號,65.49,住,,,1150510,土地14建物1車位0,四層,四層,公寓(5樓含以下無電梯),住家用,鋼筋混凝土造,0700907,100.92,3,2,2,有,無,2850000,28240,,0.0,0,,RPOOMLSKOHLGFBD38DA,79.94,0.01,9.81,無,056
東區,房地(土地+建物)+車位,臺南市東區裕義路７３８號五樓之２,39.13,住,,,1150512,土地1建物1車位1,五層,五層,華廈(10層含以下有電梯),住家用,鋼筋混凝土造,1130715,100.59,2,2,2,有,有,12810000,127223,其他,8.94,1150000,,RPWNMLNKNHLGFCD58DA,60.57,0.0,6.51,有,
東區,房地(土地+建物),臺南市東區裕誠街３６７號,194.3,住,,,1150523,土地1建物1車位0,全,五層,透天厝,住家用,鋼筋混凝土造,1030512,460.08,6,3,5,有,無,52000000,113024,,0.0,0,陽台外推；其他增建；,RPROMLLJOHLGFCD97DA,411.31,0.0,48.77,有,
東區,土地,光明段919-17地號,0.19,都市：其他:細部計畫道路用地,,,1150520,土地3建物0車位0,,,其他,,,,0.0,0,0,0,無,無,24527,0,,0.0,0,,RPUNMLMJOHLGFCD28DA,0.0,0.0,0.0,無,
南區,房地(土地+建物)+車位,臺南市南區西門路一段２９２號七樓之１,22.81,商,,,1150509,土地2建物1車位1,七層,十五層,住宅大樓(11層含以上有電梯),住家用,鋼筋混凝土構造,1091123,167.92000000000002,3,2,2,有,有,14500000,86351,坡道平面,33.74,0,,RPRNMLOJOHLGFCD18DA,80.38,1.44,8.88,有,057
東區,房地(土地+建物)+車位,臺南市東區中華東路三段３８３號五樓之２,23.27,住,,,1150516,土地1建物1車位1,五層,二十層,住宅大樓(11層含以上有電梯),住家用,鋼筋混凝土造,0891128,265.56,4,2,2,有,有,18180000,68459,坡道平面,42.4,0,,RPSOMLSKOHLGFCD88DA,160.25,0.0,18.09,有,
新營區,房地(土地+建物),臺南市新營區新北里９鄰長榮路二段２９３巷３號,80.22,住,,,1150514,土地1建物1車位0,全,二層,透天厝,住家用,加強磚造,0690612,100.2,2,1,2,有,無,4800000,47904,,0.0,0,,RPPNMLPKNHLGFDD18DA,100.2,0.0,0.0,無,
下營區,房地(土地+建物),臺南市下營區甲中村中庄子４８之２號,228.75,,鄉村區,乙種建築用地,1150501,土地2建物1車位0,全,二層,透天厝,住家用,加強磚造,0680417,223.6,6,2,2,有,無,5300000,23703,,0.0,0,頂樓加蓋；其他增建；,RPTNMLLKOHLGFFD48DA,223.6,0.0,0.0,無,
學甲區,房地(土地+建物),臺南市學甲區一秀街２１５巷１７號,133.42,住,,,1150528,土地3建物1車位0,全,三層,透天厝,住家用,鋼筋混凝土造,1140812,151.25,4,2,3,有,無,9600000,63471,,0.0,0,陽台外推；其他增建；,RPRNMLRKOHLGFGD98DA,131.93,0.0,19.32,無,
學甲區,土地,中洲南段2409地號,28.89,,鄉村區,乙種建築用地,1150521,土地2建物0車位0,,,其他,,,,0.0,0,0,0,無,無,160000,5538,,0.0,0,親友、員工、共有人或其他特殊關係間之交易；,RPPNMLMLOHLGFGD38DA,0.0,0.0,0.0,無,
學甲區,土地,中洲南段1000地號,187.61,,鄉村區,乙種建築用地,1150516,土地3建物0車位0,,,其他,,,,0.0,0,0,0,無,無,3300000,17590,,0.0,0,,RPPOMLMLOHLGFGD48DA,0.0,0.0,0.0,無,
佳里區,土地,佳果段583地號,111.07,都市：其他:停車場用地,,,1150530,土地1建物0車位0,,,其他,,,,0.0,0,0,0,無,無,3110000,28000,,0.0,0,包含公共設施保留地用地；,RPQNMLNLOHLGFGD58DA,0.0,0.0,0.0,無,
善化區,房地(土地+建物),臺南市善化區文昌路１３９號,113.94,住,,,1150503,土地1建物1車位0,全,三層,透天厝,住商用,鋼筋混凝土造,1030430,225.34,5,2,5,有,無,24000000,106506,,0.0,0,其他增建；,RPPNMLOKOHLGFHD58DA,212.65,0.0,12.69,無,
歸仁區,房地(土地+建物)+車位,臺南市歸仁區歸仁五路１７２號九樓之６,29.27,住,,,1150516,土地1建物1車位2,九層,十三層,住宅大樓(11層含以上有電梯),住家用,鋼筋混凝土造,1140113,164.68,2,2,2,有,有,19850000,129433,坡道平面,38.36,3500000,,RPPNMLPKNHLGFID68DA,75.39,0.0,6.78,有,
仁德區,房地(土地+建物)+車位,臺南市仁德區崇聖路一段１０號十樓之５,22.02,住,,,1150508,土地1建物1車位1,十層,十四層,住宅大樓(11層含以上有電梯),住家用,鋼筋混凝土造,1131015,152.99,3,2,2,有,有,13000000,95096,坡道平面,32.27,1520000,,RPUNMLPKNHLGFID56DA,78.16,0.0,5.06,有,
仁德區,房地(土地+建物)+車位,臺南市仁德區崇聖路一段１０號十二樓之３,21.82,住,,,1150523,土地1建物1車位1,十二層,十四層,住宅大樓(11層含以上有電梯),住家用,鋼筋混凝土造,1131015,151.82,3,2,2,有,有,13280000,98369,坡道平面,32.27,1520000,,RPPNMLSLNHLGFID09DA,77.62,0.0,5.06,有,
仁德區,土地,林頂段83地號,64.01,住,,,1150527,土地1建物0車位0,,,其他,,,,0.0,0,0,0,無,無,8600000,134354,,0.0,0,,RPRPMLSJOHLGFID76DA,0.0,0.0,0.0,無,
歸仁區,土地,沙崙段1520地號,1130.0,,特定專用區,農牧用地,1150513,土地1建物0車位0,,,其他,,,,0.0,0,0,0,無,無,24450000,21637,,0.0,0,,RPVNMLSKOHLGFID07DA,0.0,0.0,0.0,無,
楠西區,土地,保生段323地號,3393.31,,一般農業區,農牧用地,1150515,土地1建物0車位0,,,其他,,,,0.0,0,0,0,無,無,7300000,2151,,0.0,0,農作物；,RPQNMLRKOHLGFJD56DA,0.0,0.0,0.0,無,
永康區,房地(土地+建物)+車位,臺南市永康區新行街２９１巷２２弄１號七樓之２,23.29,住,,,1150505,土地1建物1車位1,七層,九層,華廈(10層含以下有電梯),住家用,鋼筋混凝土構造,1100331,119.1,2,2,1,有,有,11500000,96566,坡道平面,0.0,0,,RPPOMLPJNHLGFKD88DA,53.6,0.0,3.89,有,058
永康區,房地(土地+建物),臺南市永康區大同街８７巷１５弄２１號,91.42,住,,,1150507,土地1建物1車位0,全,四層,透天厝,住家用,鋼筋混凝土造,1140311,249.85,6,2,6,有,無,23910000,95697,,0.0,0,,RPQNMLQLNHLGFKD56DA,231.15,0.0,18.7,無,
永康區,房地(土地+建物),臺南市永康區大灣路４４巷２２弄１１號,89.83,住,,,1150524,土地2建物1車位0,全,四層,透天厝,住家用,鋼筋混凝土造,0820426,170.68,5,2,4,有,無,11600000,67963,,0.0,0,其他增建；,RPVNMLNJOHLGFKD66DA,147.16,5.88,17.64,無,
永康區,房地(土地+建物)+車位,臺南市永康區東橋五路１７６號八樓之７,25.01,住,,,1150523,土地1建物1車位2,八層,十五層,住宅大樓(11層含以上有電梯),住家用,鋼筋混凝土構造,1120818,189.88,3,2,2,有,有,13000000,68468,坡道平面,0.0,0,,RPROMLRKOHLGFKD86DA,79.31,0.0,5.54,有,059
永康區,房地(土地+建物),臺南市永康區鹽行里新行街１３３號十三樓之１７,2.73,住,,,1150531,土地1建物1車位0,十三層,十五層,住宅大樓(11層含以上有電梯),住家用,鋼筋混凝土造,0820827,30.939999999999998,1,0,1,有,有,1500000,48481,,0.0,0,,RPPNMLSKOHLGFKD66DA,19.32,0.0,3.61,有,060
永康區,房地(土地+建物)+車位,臺南市永康區東橋七路１９５號九樓之５,23.11,住,,,1150510,土地1建物1車位1,九層,十六層,住宅大樓(11層含以上有電梯),住家用,鋼筋混凝土構造,1061114,148.8,2,2,2,有,有,14000000,94086,坡道平面,22.39,0,,RPSOMLSKOHLGFKD07DA,74.27,5.63,4.0,有,061
新市區,土地,大營段1371地號,1835.0,農,,,1150528,土地1建物0車位0,,,其他,,,,0.0,0,0,0,無,無,6606000,3600,,0.0,0,協議價購；,RPPNMLNLOHLGFHD68EA,0.0,0.0,0.0,無,
安平區,房地(土地+建物)+車位,臺南市安平區健康路三段３０９號十三樓之２,7.97,商,,,1150501,土地1建物1車位1,十三層,二十七層,住宅大樓(11層含以上有電梯),住家用,鋼筋混凝土構造,1051109,113.37,2,1,1,有,有,7500000,75775,坡道平面,27.59,1000000,,RPPNMLLJNHLGFAD37DA,50.11,2.68,5.01,有,062
安平區,房地(土地+建物)+車位,臺南市安平區國平北路１８６號四樓之２,7.69,商,,,1150512,土地1建物1車位1,四層,二十九層,住宅大樓(11層含以上有電梯),住家用,鋼筋混凝土造,1121017,98.87,2,2,1,有,有,6800000,69148,坡道機械,12.1,800000,,RPOOMLMKNHLGFAD57DA,48.59,1.8,4.62,有,063
安平區,房地(土地+建物),臺南市安平區慶平路３８８號七樓之１,1.76,商,,,1150515,土地1建物1車位0,七層,十三層,住宅大樓(11層含以上有電梯),住家用,鋼筋混凝土造,0831216,21.189999999999998,1,0,1,有,有,1500000,70788,,0.0,0,,RPUNMLSLNHLGFAD78DA,14.41,0.0,1.51,有,
安平區,房地(土地+建物)+車位,臺南市安平區健康三街１２巷１號十二樓之７,20.66,住,,,1150503,土地1建物1車位1,十二層,十四層,住宅大樓(11層含以上有電梯),住家用,鋼筋混凝土造,0890822,127.77,3,2,2,有,有,9000000,70439,坡道平面,17.4,0,二親等買賣賣方免除買方244萬元價金親友、員工、共有人或其他特殊關係間之交易；,RPPNMLKMNHLGFAD57DA,75.18,1.39,9.87,有,
安平區,房地(土地+建物),臺南市安平區建平十一街３６１號二樓之４,21.06,住,,,1150517,土地1建物1車位0,二層,六層,華廈(10層含以下有電梯),住家用,鋼筋混凝土造,0800510,108.64,3,1,2,有,有,5300000,48785,,0.0,0,,RPTNMLMJOHLGFAD97DA,72.9,0.0,11.15,有,
中西區,房地(土地+建物),臺南市中西區南華街８１號五樓之２,4.32,住,,,1150520,土地2建物1車位0,五層,七層,華廈(10層含以下有電梯),商業用,鋼筋混凝土造,0800627,25.37,1,0,1,有,有,2380000,93812,,0.0,0,,RPWSMLRKOHLGFAD76DA,17.77,0.85,0.91,有,064
中西區,房地(土地+建物)+車位,臺南市中西區西門路二段３５１號九樓,57.42,商,,,1150521,土地1建物1車位2,九層，見其他登記事項,十二層,住宅大樓(11層含以上有電梯),商業用,鋼筋混凝土造,0800225,646.61,1,1,2,有,有,18500000,28611,升降機械,0.0,0,1.原配置機械車位兩個，因未保養，故實際使用為平面車位一個。2.賣方賣清，增值稅由買方負擔。,RPQNMLSKOHLGFAD38DA,515.05,0.0,62.97,有,065
安平區,房地(土地+建物),臺南市安平區府平路２６７巷６號,16.06,住,,,1150518,土地1建物1車位0,一層，二層,十四層,住宅大樓(11層含以上有電梯),商辦用,鋼筋混凝土構造,1021125,109.78,1,2,2,有,有,6500000,59209,,0.0,0,,RPOOMLSKOHLGFAD28DA,73.7,0.0,0.0,有,066
安南區,房地(土地+建物)+車位,臺南市安南區淵西路１６３號五樓之５,41.88,住,,,1150508,土地1建物1車位1,五層,五層,華廈(10層含以下有電梯),住家用,鋼筋混凝土造,1150127,126.74,3,2,2,有,有,11280000,89227,一樓平面,14.89,1300000,,RPXNMLSKOHLGFBD56DA,73.28,0.0,6.57,有,
安南區,土地,國安段1534-11地號,265.47,住,,,1150502,土地1建物0車位0,,,其他,,,,0.0,0,0,0,無,無,28000000,105473,,0.0,0,,RPWNMLMLOHLGFBD58DA,0.0,0.0,0.0,無,
安南區,房地(土地+建物),臺南市安南區田路３９５巷５弄１５號,75.92,住,,,1150512,土地2建物1車位0,全,四層,透天厝,住家用,鋼筋混凝土造,0951207,130.99,3,2,3,有,無,8000000,61073,,0.0,0,頂樓加蓋；其他增建；,RPRNMLNLOHLGFBD18DA,110.86,0.0,20.13,無,
安南區,土地,布袋段105-5地號,766.29,農,,,1150503,土地1建物0車位0,,,其他,,,,0.0,0,0,0,無,無,8808400,11495,,0.0,0,,RPSNMLNLOHLGFBD28DA,0.0,0.0,0.0,無,
安南區,房地(土地+建物)+車位,臺南市安南區淵西路１６５號三樓之２,44.27,住,,,1150519,土地1建物1車位1,三層,五層,華廈(10層含以下有電梯),住家用,鋼筋混凝土造,1150127,132.14000000000001,3,2,2,有,有,10050000,77186,一樓平面,14.89,1000000,,RPROMLNLOHLGFBD28DA,76.12,0.0,7.64,有,
南區,房地(土地+建物),臺南市南區萬年五街４００巷３８弄１３號,81.73,住,,,1150527,土地2建物1車位0,全,四層,透天厝,住家用,鋼筋混凝土造,1041201,182.03,4,2,5,有,無,14700000,80756,,0.0,0,陽台外推；其他增建；,RPPNMLPJOHLGFCD08DA,162.47,1.23,18.33,無,
東區,房地(土地+建物)+車位,臺南市東區林森路二段１９２巷３６弄７號六樓,11.7,住,,,1150512,土地1建物1車位1,六層,七層,華廈(10層含以下有電梯),住家用,鋼筋混凝土造,0840510,59.4,2,0,2,有,無,4500000,75758,一樓平面,0.0,0,陽台外推；,RPQNMLMLOHLGFCD08DA,27.99,0.0,3.35,有,067
白河區,土地,河東段918地號,517.0,,一般農業區,農牧用地,1150525,土地1建物0車位0,,,其他,,,,0.0,0,0,0,無,無,520000,1006,,0.0,0,農業設施；,RPPNMLPLOHLGFED48DA,0.0,0.0,0.0,無,
官田區,土地,社子段226地號,1567.0,,一般農業區,農牧用地,1150524,土地1建物0車位0,,,其他,,,,0.0,0,0,0,無,無,600000,383,,0.0,0,,RPTOMLMLOHLGFFD78DA,0.0,0.0,0.0,無,
學甲區,土地,西進段1718地號,2162.0,,特定農業區,農牧用地,1150519,土地1建物0車位0,,,其他,,,,0.0,0,0,0,無,無,1900000,879,,0.0,0,,RPOOMLQKOHLGFGD68DA,0.0,0.0,0.0,無,
西港區,房地(土地+建物),臺南市西港區西港里２９鄰堀子頭６５之９號,103.51,住,,,1150507,土地1建物1車位0,全,三層,透天厝,住家用,鋼筋混凝土造,1020425,217.6,5,2,5,有,無,13500000,62040,,0.0,0,陽台外推；頂樓加蓋；其他增建；,RPSNMLRKOHLGFGD09DA,209.5,0.0,8.1,無,
佳里區,房地(土地+建物),臺南市佳里區安西路１４９巷２１之９號,102.5,住,,,1150510,土地2建物1車位0,全,四層,透天厝,住家用,鋼筋混凝土造,1130711,221.66,5,2,5,有,有,16000000,72183,,0.0,0,含裝潢費1000000元；,RPRNMLNLOHLGFGD68DA,203.27,0.0,18.39,無,
西港區,房地(土地+建物),臺南市西港區大寮５３之２８號,86.93,,鄉村區,乙種建築用地,1150508,土地1建物1車位0,全,三層,透天厝,住家用,鋼筋混凝土造,1141125,155.43,4,2,3,有,無,12880000,82867,,0.0,0,,RPSNMLOLOHLGFGD88DA,147.16,0.0,8.27,無,
善化區,房地(土地+建物),臺南市善化區公園路３９６號,82.16,住,,,1150509,土地1建物1車位0,全,四層,透天厝,住家用,鋼筋混凝土造,1110303,231.32,4,3,5,有,無,31700000,137040,,0.0,0,土地價款:9207000元建物價款:22493000元含裝潢費2000000元；預售屋、或土地及建物分件登記案件；,RPVNMLSKNHLGFHD86DA,215.71,0.0,15.61,無,
安定區,土地,六塊寮段1736地號,1108.0,,特定農業區,農牧用地,1150521,土地1建物0車位0,,,其他,,,,0.0,0,0,0,無,無,8000000,7220,,0.0,0,,RPUNMLPKOHLGFHD56DA,0.0,0.0,0.0,無,
安定區,房地(土地+建物),臺南市安定區海寮１６０之５號,113.0,,鄉村區,乙種建築用地,1150527,土地3建物1車位0,全,四層,透天厝,住家用,鋼筋混凝土造,1071129,208.13,4,2,4,有,無,12800000,61500,,0.0,0,其他增建；,RPQNMLMLOHLGFHD58DA,201.55,0.0,6.58,無,068
新化區,土地,竹子腳段1327地號,1105.0,,特定農業區,農牧用地,1150530,土地1建物0車位0,,,其他,,,,0.0,0,0,0,無,無,6000000,5430,,0.0,0,親友、員工、共有人或其他特殊關係間之交易；,RPTNMLOLOHLGFHD09DA,0.0,0.0,0.0,無,
仁德區,房地(土地+建物)+車位,臺南市仁德區崇聖路一段６號九樓之９,22.12,住,,,1150502,土地1建物1車位1,九層,十四層,住宅大樓(11層含以上有電梯),住家用,鋼筋混凝土造,1131015,153.43,3,2,2,有,有,14830000,110598,坡道平面,32.27,1430000,,RPUOMLTKNHLGFID07DA,78.38,0.0,5.27,有,
仁德區,房地(土地+建物),臺南市仁德區德洋路１９８號,81.98,住,,,1150506,土地1建物1車位0,全,三層,透天厝,住家用,鋼筋混凝土造,0830525,143.59,4,2,4,有,無,12000000,83571,,0.0,0,其他增建；,RPPOMLKLNHLGFID38DA,132.96,0.0,10.63,無,
關廟區,土地,龜洞段607-1地號,4338.99,,一般農業區,農牧用地,1150506,土地1建物0車位0,,,其他,,,,0.0,0,0,0,無,無,3500000,807,,0.0,0,親友、員工、共有人或其他特殊關係間之交易；,RPQNMLOKOHLGFID78DA,0.0,0.0,0.0,無,
仁德區,房地(土地+建物),臺南市仁德區保學一街３５巷１６號,116.54,住,,,1150514,土地1建物1車位0,全,三層,透天厝,住家用,鋼筋混凝土造,0950929,190.05,5,2,4,有,無,12500000,65772,,0.0,0,露臺增建其他增建；,RPQNMLPKOHLGFID88DA,178.9,0.0,11.15,無,
歸仁區,房地(土地+建物)+車位,臺南市歸仁區歸仁十一路９２號八樓之１,33.24,住,,,1150509,土地1建物1車位1,八層,十四層,住宅大樓(11層含以上有電梯),住家用,鋼筋混凝土造,1130624,151.20999999999998,2,2,2,有,有,15000000,99200,坡道平面,25.01,0,,RPRNMLRKOHLGFID56DA,71.2,0.0,13.18,有,069
歸仁區,房地(土地+建物),臺南市歸仁區中正北路一段３００號五樓之２,18.52,住,,,1150516,土地1建物1車位0,五層,十層,華廈(10層含以下有電梯),住家用,鋼筋混凝土構造,1090318,80.13,2,2,1,有,有,6900000,86110,,0.0,0,,RPPOMLMLOHLGFID68DA,54.39,0.0,4.81,有,070
永康區,房地(土地+建物),臺南市永康區永華路７０２巷４７弄２１號,76.34,住,,,1150520,土地1建物1車位0,全,四層,透天厝,住家用,鋼筋混凝土造,1140206,229.93,5,2,5,有,無,20200000,87853,,0.0,0,,RPQNMLPLNHLGFKD09DA,203.63,0.0,26.3,無,
永康區,房地(土地+建物),臺南市永康區大橋二街２３９巷２２弄１０號,71.0,住,,,1150510,土地1建物1車位0,全,二層,透天厝,住家用,加強磚造,0730116,106.92,4,2,4,有,無,12300000,115039,,0.0,0,含裝潢費；,RPTNMLMJOHLGFKD98DA,85.86,14.85,6.21,無,071
永康區,房地(土地+建物)+車位,臺南市永康區鹽行里永安路１０５巷１３號四樓,25.68,住,,,1150512,土地1建物1車位1,四層,六層,華廈(10層含以下有電梯),住家用,鋼筋混凝土造,0821027,126.33,2,2,2,有,有,7380000,58418,坡道平面,0.0,0,,RPROMLLKOHLGFKD88DA,67.74,0.0,16.03,有,072
永康區,土地,國聖段706地號,66.68,住,,,1150531,土地2建物0車位0,,,其他,,,,0.0,0,0,0,無,無,8000000,119976,,0.0,0,未登記建物；,RPPNMLMKOHLGFKD68DA,0.0,0.0,0.0,無,
永康區,房地(土地+建物)+車位,臺南市永康區復國路７２號九樓之１,51.38,住,,,1150529,土地1建物1車位1,九層,十四層,住宅大樓(11層含以上有電梯),住家用,鋼筋混凝土造,0960920,180.53,4,2,2,有,有,10800000,59824,坡道平面,0.0,0,,RPRNMLSKOHLGFKD86DA,100.89,0.0,10.58,有,
永康區,房地(土地+建物),臺南市永康區忠義街６０巷１號十四樓之１２,7.01,商,,,1150505,土地1建物1車位0,十四層,十五層,住宅大樓(11層含以上有電梯),辦公用,鋼筋混凝土造,0840331,63.230000000000004,1,1,1,有,有,5000000,79076,,0.0,0,陽台外推；,RPUOMLSKOHLGFKD27DA,45.38,0.0,6.33,有,
永康區,房地(土地+建物),臺南市永康區中山南路４７１巷８１弄７８號,86.8,住,,,1150507,土地2建物1車位0,全,四層,透天厝,住家用,鋼筋混凝土造,0820422,150.13,3,2,3,有,無,11000000,73270,,0.0,0,其他增建；,RPWNMLMLOHLGFKD86DA,136.13,8.06,5.94,無,
永康區,房地(土地+建物)+車位,臺南市永康區東橋五路９７號十三樓,20.63,商,,,1150524,土地1建物1車位1,十三層,二十三層,住宅大樓(11層含以上有電梯),住家用,鋼筋混凝土構造,1051026,181.1,4,2,2,有,有,18200000,100497,坡道平面,26.25,0,,RPOOMLNLOHLGFKD88DA,87.82,1.67,10.61,有,
永康區,房地(土地+建物),臺南市永康區大灣三街７３巷１９號,94.86,住,,,1150522,土地2建物1車位0,全,二層,透天厝,住商用,加強磚造,0770509,127.94,5,3,3,有,無,12600000,98484,,0.0,0,親友、員工、共有人或其他特殊關係間之交易；,RPPPMLOLOHLGFKD56DA,114.38,9.07,4.49,無,
新營區,房地(土地+建物),臺南市新營區三民路８巷２４之３號,39.54,住,,,1150504,土地2建物1車位0,四層,四層,公寓(5樓含以下無電梯),住家用,鋼筋混凝土造,0690910,110.0,3,2,2,有,無,2600000,23636,,0.0,0,,RPPNMLPLOHLGFDD48EA,110.0,0.0,0.0,無,073
東山區,土地,吉貝耍段1050地號,6700.0,,特定農業區,農牧用地,1150525,土地4建物0車位0,,,其他,,,,0.0,0,0,0,無,無,9000000,1343,,0.0,0,,RPPNMLPLOHLGFED58EA,0.0,0.0,0.0,無,
北區,土地,北元段740-7地號,148.86,住,,,1150523,土地2建物0車位0,,,其他,,,,0.0,0,0,0,無,無,17500000,117560,,0.0,0,,RPUNMLNKOHLGFAD28DA,0.0,0.0,0.0,無,
中西區,房地(土地+建物),臺南市中西區中山路１７７巷８號,169.19,商,,,1150505,土地1建物1車位0,全,三層,透天厝,商業用,加強磚造,0611230,521.98,23,2,21,有,無,26000000,49810,,0.0,0,其他增建；,RPWQMLRKOHLGFAD56DA,521.98,0.0,0.0,無,
北區,建物,臺南市北區公園路５９１之４６號六樓之５,0.0,,,,1150528,土地0建物1車位0,六層,十三層,住宅大樓(11層含以上有電梯),住家用,鋼筋混凝土造,0831015,82.22,2,2,1,有,有,3500000,42569,,0.0,0,土地為租賃使用，土地為財團法人台灣省私立台南仁愛之家所有；建物坐落地號：正興段501地號；,RPURMLRKOHLGFAD09DA,59.25,0.0,0.0,有,
中西區,土地,南門段1876地號,102.08,住,,,1150526,土地1建物0車位0,,,其他,,,,0.0,0,0,0,無,無,11734000,114949,,0.0,0,,RPSNMLSKOHLGFAD58DA,0.0,0.0,0.0,無,
安平區,房地(土地+建物),臺南市安平區郡平路４６０巷２２號,90.0,住,,,1150506,土地1建物1車位0,全,四層,透天厝,住家用,鋼筋混凝土造,1120803,260.04,4,3,4,有,無,31620000,121597,,0.0,0,陽台外推；其他增建；,RPXNMLNLOHLGFAD68DA,236.32,0.0,23.72,有,
安平區,房地(土地+建物)+車位,臺南市安平區建平七街５５０號六樓之１,8.92,商,,,1150508,土地1建物1車位1,六層,二十二層,住宅大樓(11層含以上有電梯),住家用,鋼筋混凝土造,1121108,93.74,2,2,2,有,有,6380000,71144,坡道機械,18.54,1030000,親友、員工、共有人或其他特殊關係間之交易；,RPPOMLPLOHLGFAD18DA,42.47,3.13,3.23,有,
安南區,房地(土地+建物),臺南市安南區環館五路５５號,91.62,住,,,1150527,土地4建物1車位0,全,四層,透天厝,住家用,鋼筋混凝土造,0971128,217.92,3,4,3,有,有,17380000,79754,,0.0,0,陽台外推；其他增建；,RPSNMLKKOHLGFBD87DA,202.16,0.0,12.57,無,
安南區,房地(土地+建物)+車位,臺南市安南區安六街１號四樓之６,25.5,住,,,1150519,土地1建物1車位1,四層,十四層,住宅大樓(11層含以上有電梯),住家用,鋼筋混凝土造,1141203,148.76,3,2,2,有,有,10000000,71788,坡道平面,29.66,1450000,親友、員工、共有人或其他特殊關係間之交易；,RPQNMLNLOHLGFBD08DA,71.96,0.0,5.36,有,
安南區,房地(土地+建物),臺南市安南區安和路四段６７巷３２之３號,184.46,住,,,1150505,土地1建物1車位0,全,四層,透天厝,住家用,鋼筋混凝土造,1121018,336.76,6,2,7,有,無,33200000,98587,,0.0,0,土地價款為新台幣1494萬建物價款為新台幣1826萬其他增建；,RPQOMLNLOHLGFBD18DA,318.4,0.0,18.36,有,
南區,房地(土地+建物)+車位,臺南市南區大同路二段４８２巷８０號四樓之１,38.95,住,,,1150502,土地2建物1車位1,四層,十一層,住宅大樓(11層含以上有電梯),住家用,鋼筋混凝土造,1140124,158.22,3,1,2,有,有,15650000,110909,坡道平面,31.54,1600000,未登記建物；,RPRNMLSKNHLGFCD58DA,75.18,0.0,11.32,有,
南區,房地(土地+建物)+車位,臺南市南區大同路二段４８２巷８０號二樓之２,30.85,住,,,1150511,土地2建物1車位1,二層,十一層,住宅大樓(11層含以上有電梯),住家用,鋼筋混凝土造,1140124,130.87,2,1,2,有,有,13600000,121816,坡道平面,31.54,1500000,未登記建物；,RPUNMLPLNHLGFCD68DA,58.25,0.0,9.24,有,
南區,房地(土地+建物),臺南市南區德興路３０３巷１６號,96.0,住,,,1150530,土地1建物1車位0,全,二層,透天厝,住家用,加強磚造,0760513,143.01,4,2,2,有,無,8500000,59436,,0.0,0,,RPXNMLLJOHLGFCD48DA,132.17,0.0,10.84,無,
南區,房地(土地+建物),臺南市南區大同路二段４８２巷７２弄２４號,79.0,住,,,1150504,土地1建物1車位0,全,二層,透天厝,住家用,加強磚造,0640204,87.6,4,2,2,有,無,5800000,66210,,0.0,0,其他增建；,RPSOMLKKOHLGFCD08DA,87.6,0.0,0.0,無,
南區,房地(土地+建物),臺南市南區中華南路二段４００巷４弄２４號三樓,34.04,住,,,1150531,土地2建物1車位0,三層,五層,公寓(5樓含以下無電梯),住家用,鋼筋混凝土造,0711129,92.59,3,2,2,有,無,3650000,39417,,0.0,0,,RPVNMLQKOHLGFCD88DA,76.22,0.0,10.08,無,
南區,房地(土地+建物),臺南市南區金華路二段５７巷３０號,70.0,住,,,1150519,土地1建物1車位0,全,二層,透天厝,住家用,補強磚造,0640715,81.64,2,2,2,有,無,7000000,85742,,0.0,0,其他增建；,RPTNMLMLOHLGFCD38DA,81.64,0.0,0.0,無,
東區,房地(土地+建物),臺南市東區東寧路５３８巷１號三樓之１,4.99,住,,,1150529,土地2建物1車位0,三層,七層,華廈(10層含以下有電梯),住家用,鋼筋混凝土造,0780425,25.89,1,0,1,有,有,2100000,81112,,0.0,0,,RPWNMLMLOHLGFCD68DA,15.65,0.0,0.0,有,
東山區,土地,大客北一段208地號,584.89,,鄉村區,乙種建築用地,1150527,土地3建物0車位0,,,其他,,,,0.0,0,0,0,無,無,1300000,2223,,0.0,0,未登記建物；,RPPNMLSLNHLGFED68DA,0.0,0.0,0.0,無,
白河區,土地,永安段601-4地號,865.84,農,,,1150528,土地2建物0車位0,,,其他,,,,0.0,0,0,0,無,無,2100000,2425,,0.0,0,,RPPNMLLKOHLGFED97DA,0.0,0.0,0.0,無,
六甲區,土地,水漆林段540地號,2978.0,,特定農業區,農牧用地,1150520,土地1建物0車位0,,,其他,,,,0.0,0,0,0,無,無,2000000,672,,0.0,0,親友、員工、共有人或其他特殊關係間之交易；,RPQNMLKKOHLGFFD08DA,0.0,0.0,0.0,無,
六甲區,土地,水漆林段621地號,1845.0,,特定農業區,農牧用地,1150520,土地1建物0車位0,,,其他,,,,0.0,0,0,0,無,無,2000000,1084,,0.0,0,親友、員工、共有人或其他特殊關係間之交易；,RPSNMLKKOHLGFFD28DA,0.0,0.0,0.0,無,
麻豆區,房地(土地+建物)+車位,臺南市麻豆區新生南路６９６巷３８號二樓之５,42.05,農,,,1150520,土地3建物1車位1,二層,六層,華廈(10層含以下有電梯),住家用,鋼筋混凝土造,1130624,103.97,3,2,2,有,有,9180000,88295,一樓平面,0.0,0,麻豆區興國段763-14、762、652-17地號土地價金:新台幣367萬元整麻豆區興國段951建號建物價金:新台幣551萬元整汽車車位編號:第20號,RPPNMLMLOHLGFFD28DA,63.94,0.0,5.74,有,
麻豆區,土地,北勢寮段2342地號,3603.0,農,,,1150525,土地2建物0車位0,,,其他,,,,0.0,0,0,0,無,無,13300000,3691,,0.0,0,1.交易價格包含其他買賣登記案件標的之價格。2.包含地上農作物文旦樹。農作物；農業設施；,RPSNMLOLOHLGFFD78DA,0.0,0.0,0.0,無,
麻豆區,房地(土地+建物),臺南市麻豆區客子寮６３１號,169.72,,鄉村區,乙種建築用地,1150509,土地1建物1車位0,全,三層,透天厝,住家用,鋼筋混凝土造,1130920,229.3,3,3,4,有,有,17000000,74139,,0.0,0,,RPRNMLTLOHLGFFD56DA,203.78,0.0,25.52,無,
西港區,土地,檨林段2128-1地號,180.17,,鄉村區,乙種建築用地,1150522,土地1建物0車位0,,,其他,,,,0.0,0,0,0,無,無,3678000,20414,,0.0,0,本土地以土地法34-1條辦理本案實際交易之權利範圍為37/48親友、員工、共有人或其他特殊關係間之交易；,RPPNMLRKOHLGFGD78DA,0.0,0.0,0.0,無,
西港區,房地(土地+建物),臺南市西港區後營２７之９號五樓之１,37.71,,鄉村區,乙種建築用地,1150514,土地1建物1車位0,五層,五層,華廈(10層含以下有電梯),住家用,鋼筋混凝土造,1130420,83.8,2,2,2,有,無,5800000,69212,,0.0,0,其他增建；,RPTNMLMLOHLGFGD78DA,57.8,0.0,4.48,有,
佳里區,房地(土地+建物),臺南市佳里區鎮山里１鄰四安街２１號,51.0,住,,,1150528,土地1建物1車位0,全,二層,透天厝,住家用,加強磚造,0651228,76.36,2,2,2,有,無,2800000,36668,,0.0,0,頂樓加蓋；其他增建；,RPPOMLTLOHLGFGD56DA,76.36,0.0,0.0,無,
善化區,房地(土地+建物),臺南市善化區坐駕９４號,69.61,住,,,1150525,土地1建物1車位0,全,二層,透天厝,住家用,加強磚造,0721116,85.84,2,2,2,有,無,5120000,59646,,0.0,0,,RPPNMLRKOHLGFHD88DA,80.26,0.0,5.58,無,
善化區,房地(土地+建物),臺南市善化區茄拔１０６號,84.0,,鄉村區,乙種建築用地,1150523,土地1建物1車位0,全,三層,透天厝,住家用,鋼筋混凝土造,1141113,162.65,3,2,4,有,無,13500000,83000,,0.0,0,土地價款:385萬元 建物價款:965萬元,RPTNMLMLOHLGFHD88DA,148.57,0.0,14.08,無,
善化區,土地,善昌段422-10地號,29.99,住,,,1150511,土地2建物0車位0,,,其他,,,,0.0,0,0,0,無,無,4115228,137220,,0.0,0,政府機關標讓售；,RPRNMLNLOHLGFHD78DA,0.0,0.0,0.0,無,
善化區,土地,善昌段422-7地號,8.5,住,,,1150520,土地2建物0車位0,,,其他,,,,0.0,0,0,0,無,無,1163990,136940,,0.0,0,政府機關標讓售；,RPSNMLNLOHLGFHD88DA,0.0,0.0,0.0,無,
善化區,房地(土地+建物)+車位,臺南市善化區什乃１７之１８號五樓之３,32.28,,鄉村區,乙種建築用地,1150529,土地1建物1車位1,五層,七層,華廈(10層含以下有電梯),住家用,鋼筋混凝土造,1140926,116.13,3,2,2,有,有,8200000,68373,一樓平面,13.75,1200000,,RPPNMLTLOHLGFHD56DA,67.17,0.0,7.42,有,
新市區,房地(土地+建物)+車位,臺南市新市區富安二街１３１號三樓之３,27.97,住,,,1150511,土地1建物1車位1,三層,六層,華廈(10層含以下有電梯),住家用,鋼筋混凝土造,1071206,88.93,2,2,2,有,有,8500000,95581,一樓平面,11.2,0,,RPPOMLTLOHLGFHD66DA,52.51,2.71,4.73,有,
關廟區,土地,埤子頭段432-1地號,1423.0,,一般農業區,農牧用地,1150525,土地1建物0車位0,,,其他,,,,0.0,0,0,0,無,無,6700000,4708,,0.0,0,農作物；,RPPOMLTLNHLGFID66DA,0.0,0.0,0.0,無,
歸仁區,房地(土地+建物)+車位,臺南市歸仁區成功路二段３號五樓之１,39.98,住,,,1150526,土地1建物1車位1,五層,六層,華廈(10層含以下有電梯),住家用,鋼筋混凝土構造,1081128,129.88,3,1,2,有,有,9100000,70065,一樓平面,16.42,0,,RPRNMLKKOHLGFID48DA,73.41,0.0,8.26,有,
歸仁區,土地,成功段799地號,19.78,住,,,1150509,土地2建物0車位0,,,其他,,,,0.0,0,0,0,無,無,400000,20222,,0.0,0,急買急賣；,RPQNMLMLOHLGFID68DA,0.0,0.0,0.0,無,
歸仁區,房地(土地+建物)+車位,臺南市歸仁區後市里民族北街１７巷２號九樓之３,21.94,住,,,1150520,土地1建物1車位1,九層,十層,華廈(10層含以下有電梯),住家用,鋼筋混凝土造,0821224,131.84,3,2,2,有,有,6200000,47027,坡道平面,0.0,0,陽台外推；,RPTNMLNLOHLGFID09DA,87.43,0.0,7.83,有,
歸仁區,土地,武東段551地號,1439.18,住,,,1150527,土地1建物0車位0,,,其他,,,,0.0,0,0,0,無,無,225950000,156999,,0.0,0,,RPQNMLOLOHLGFID88DA,0.0,0.0,0.0,無,
玉井區,房地(土地+建物),臺南市玉井區仁愛街２１號,76.8,住,,,1150530,土地1建物1車位0,全,二層,透天厝,住家用,加強磚造,0681220,104.49,3,2,2,有,無,3500000,33496,,0.0,0,頂樓加蓋；其他增建；,RPPNMLNJOHLGFJD58DA,104.49,0.0,0.0,無,
永康區,房地(土地+建物),臺南市永康區大同街２９３巷１７號二樓之６,38.85,都市：其他:道路用地,,,1150503,土地3建物1車位0,二層,十層,華廈(10層含以下有電梯),住家用,鋼筋混凝土造,1121027,104.70000000000002,3,2,2,有,有,8350000,79752,,0.0,0,,RPPOMLSJOHLGFKD66DA,67.72,0.0,4.96,有,
永康區,房地(土地+建物)+車位,臺南市永康區東橋十二街１７０號二樓之３,20.38,住,,,1150503,土地1建物1車位1,二層,十五層,住宅大樓(11層含以上有電梯),住家用,鋼筋混凝土構造,1080315,118.1,2,2,2,有,有,12100000,102456,坡道平面,25.59,0,其他增建；,RPROMLSKOHLGFKD96DA,56.59,0.0,5.47,有,
永康區,房地(土地+建物)+車位,臺南市永康區忠孝一路１３８號十二樓之５,24.25,住,,,1150530,土地1建物1車位1,十二層,十四層,住宅大樓(11層含以上有電梯),住家用,鋼筋混凝土造,1130207,119.64,2,2,1,有,有,13300000,111167,坡道機械,21.96,0,,RPOQMLOLOHLGFKD56DA,56.84,0.0,8.8,有,
東區,房地(土地+建物),臺南市東區崇善十四街６８號,85.0,住,,,1150530,土地2建物1車位0,全,二層,透天厝,住商用,加強磚造,0700727,118.02,4,2,2,有,無,8000000,67785,,0.0,0,,RPPNMLOLOHLGFCD28EA,110.28,0.0,7.74,無,
白河區,土地,保生段13地號,442.62,,鄉村區,乙種建築用地,1150529,土地1建物0車位0,,,其他,,,,0.0,0,0,0,無,無,7500000,16945,,0.0,0,,RPPNMLTLOHLGFED98EA,0.0,0.0,0.0,無,
後壁區,土地,嘉安段714地號,1687.65,,一般農業區,農牧用地,1150507,土地2建物0車位0,,,其他,,,,0.0,0,0,0,無,無,1650000,978,,0.0,0,,RPQNMLKMOHLGFED28EA,0.0,0.0,0.0,無,
北區,房地(土地+建物),臺南市北區育德三街２２３巷８號,77.84,住,,,1150422,土地3建物1車位0,全,五層,透天厝,住家用,鋼筋混凝土造,0901129,220.64,5,2,3,有,無,19300000,87473,,0.0,0,,RPQNMLMKOHLGFAD77DA,188.54,0.0,32.1,無,
中西區,房地(土地+建物),臺南市中西區永福路一段６８巷８號五樓,29.96,都市：其他:細部計畫道路用地,,,1150421,土地2建物1車位0,五層,五層,公寓(5樓含以下無電梯),住家用,鋼筋混凝土造,0711007,106.25,3,2,1,有,無,3700000,34824,,0.0,0,頂樓加蓋；,RPOTMLRKOHLGFAD68DA,75.74,0.0,14.8,無,
安南區,房地(土地+建物),臺南市安南區安中路四段１５４巷３６號,74.31,住,,,1150407,土地2建物1車位0,全,三層,透天厝,住家用,鋼筋混凝土造,1121211,178.26,4,2,5,有,有,18390000,103164,,0.0,0,含裝潢費1230000元；,RPXNMLOJNHLGFBD58DA,168.85,0.0,9.41,無,
安南區,房地(土地+建物),臺南市安南區安興街３４２巷１７弄９號,75.24,住,,,1150424,土地3建物1車位0,全,四層,透天厝,住家用,鋼筋混凝土造,1091216,167.9,4,2,4,有,無,12500000,74449,,0.0,0,頂樓加蓋；,RPQNMLNKNHLGFBD87DA,165.95,0.0,1.95,無,074
安南區,房地(土地+建物),臺南市安南區樂活二街４８巷２０號,107.39,住,,,1150420,土地9建物1車位0,全,四層,透天厝,住家用,鋼筋混凝土造,1141105,221.0,5,2,6,有,無,25720000,116380,,0.0,0,,RPSNMLTLNHLGFBD78DA,194.93,0.0,26.07,無,
安南區,房地(土地+建物),臺南市安南區館安路７３巷２８號,136.82,住,,,1150418,土地2建物1車位0,全,四層,透天厝,住家用,鋼筋混凝土造,1041102,254.51000000000002,4,2,5,有,無,17700000,69545,,0.0,0,,RPUNMLTLNHLGFBD98DA,238.69,0.0,15.8,無,075
南區,房地(土地+建物),臺南市南區金華路一段３５２巷１４３號,74.0,住,,,1150417,土地3建物1車位0,全,二層,透天厝,住商用,加強磚造,0690107,83.82,2,1,2,有,無,7350000,87688,,0.0,0,頂樓加蓋；其他增建；,RPVNMLRLMHLGFCD88DA,83.82,0.0,0.0,無,
東區,房地(土地+建物),臺南市東區長榮路三段６６巷３３之３號,49.36,住,,,1150423,土地1建物1車位0,一層，二層,四層,公寓(5樓含以下無電梯),住商用,鋼筋混凝土造,0770809,150.07,3,2,2,有,無,13260000,88359,,0.0,0,,RPTNMLTKNHLGFCD88DA,97.98,6.16,8.17,無,076
南區,房地(土地+建物),臺南市南區大同路二段１７４號,35.85,住,,,1150417,土地1建物1車位0,一層，二層,十三層,住宅大樓(11層含以上有電梯),住商用,鋼筋混凝土造,0881021,115.05,2,1,1,有,無,12500000,108648,,0.0,0,,RPVNMLPJOHLGFCD68DA,87.36,18.9,5.43,有,077
南區,房地(土地+建物)+車位,臺南市南區大同路二段１１０號五樓之５,33.01,住,,,1150415,土地1建物1車位1,五層,十三層,住宅大樓(11層含以上有電梯),住家用,鋼筋混凝土造,0881021,137.41,3,2,2,有,有,8000000,58220,坡道平面,0.0,0,,RPXNMLKKOHLGFCD48DA,81.29,0.0,8.17,有,
南區,房地(土地+建物),臺南市南區健康路二段７３巷１８號,76.17,住,,,1150425,土地1建物1車位0,全,二層,透天厝,住家用,補強磚造,0600627,92.83,5,3,3,有,無,6500000,70020,,0.0,0,其他增建/頂樓增建/防火巷增建/陽台外推/陽台增建/夾層增建/屋頂增建其他增建；,RPPOMLQKOHLGFCD38DA,92.83,0.0,0.0,無,
鹽水區,房地(土地+建物),臺南市鹽水區後厝５１之５０號,79.55,住,,,1150403,土地2建物1車位0,全,三層,透天厝,住家用,鋼筋混凝土造,0860521,191.26999999999998,4,2,3,有,無,6500000,33983,,0.0,0,其他增建；,RPTNMLQKOHLGFDD78DA,167.19,0.0,4.7,無,
柳營區,房地(土地+建物)+車位,臺南市柳營區柳營路一段５３９號四樓之一,24.35,,一般農業區,甲種建築用地,1150414,土地1建物1車位1,四層,五層,華廈(10層含以下有電梯),住家用,鋼筋混凝土造,1140414,90.64,2,2,2,有,有,5700000,62886,一樓平面,15.22,0,,RPVNMLQKOHLGFDD98DA,52.09,0.0,5.73,有,078
歸仁區,房地(土地+建物)+車位,臺南市歸仁區忠孝南路２６巷６號四樓之３,28.36,住,,,1150407,土地1建物1車位1,四層,六層,華廈(10層含以下有電梯),住家用,鋼筋混凝土造,1130206,93.03999999999999,2,2,2,有,有,8600000,92433,其他,16.12,0,,RPPNMLMLNHLGFID48DA,50.24,0.0,5.7,有,079
歸仁區,土地,凱旋段60地號,3000.05,,一般農業區,農牧用地,1150422,土地1建物0車位0,,,其他,,,,0.0,0,0,0,無,無,6000000,2000,,0.0,0,親友、員工、共有人或其他特殊關係間之交易；,RPVNMLPJOHLGFID66DA,0.0,0.0,0.0,無,
歸仁區,土地,大苓段154地號,2326.0,,一般農業區,農牧用地,1150422,土地3建物0車位0,,,其他,,,,0.0,0,0,0,無,無,4591550,1974,,0.0,0,,RPQNMLRKOHLGFID09DA,0.0,0.0,0.0,無,
歸仁區,土地,大苓段159-5地號,3248.0,,一般農業區,農牧用地,1150422,土地1建物0車位0,,,其他,,,,0.0,0,0,0,無,無,8351400,2571,,0.0,0,,SPQNMLRKOHLGFID56DA,0.0,0.0,0.0,無,
關廟區,房地(土地+建物),臺南市關廟區香洋村巡府路２２巷３號,109.5,商,,,1150427,土地2建物1車位0,全,二層,透天厝,住家用,加強磚造,0590000,85.0,3,2,4,有,無,6800000,80000,,0.0,0,其他增建；,RPVNMLRKOHLGFID96DA,85.0,0.0,0.0,無,
永康區,土地,永強段1109地號,92.21,住,,,1150421,土地1建物0車位0,,,其他,,,,0.0,0,0,0,無,無,7500000,81336,,0.0,0,親友、員工、共有人或其他特殊關係間之交易；,RPWNMLPKOHLGFKD07DA,0.0,0.0,0.0,無,
北區,土地,北元段283-2地號,85.99,住,,,1150424,土地1建物0車位0,,,其他,,,,0.0,0,0,0,無,無,9100000,105826,,0.0,0,,RPWPMLPKOHLGFAD88DA,0.0,0.0,0.0,無,
安南區,房地(土地+建物)+車位,臺南市安南區公學路四段１２６巷１１７號四樓之３,31.47,住,,,1150411,土地1建物1車位1,四層,五層,華廈(10層含以下有電梯),住家用,鋼筋混凝土造,1141124,84.86,2,2,2,有,無,7700000,84986,一樓平面,10.73,1400000,,RPTNMLQJNHLGFBD38DA,51.02,0.0,4.9,有,
安南區,房地(土地+建物),臺南市安南區郡安路六段３６０巷１６號,102.66,住,,,1150427,土地3建物1車位0,全,四層,透天厝,住家用,鋼筋混凝土造,1101005,234.57,4,2,5,有,無,22500000,95920,,0.0,0,其他增建；,RPTNMLPKNHLGFBD38DA,215.32,0.0,19.06,無,080
安南區,房地(土地+建物),臺南市安南區安中路一段５６０巷１２弄２號,106.76,住,,,1150426,土地1建物1車位0,全,四層,透天厝,住家用,鋼筋混凝土造,0920701,190.32,4,2,3,有,無,16300000,85645,,0.0,0,陽台外推；其他增建；,RPTNMLSKOHLGFBD78DA,176.02,0.0,14.3,無,
南區,房地(土地+建物),臺南市南區鯤鯓路１０２巷３８弄３１號,131.33,住,,,1150426,土地2建物1車位0,全,三層,透天厝,住家用,鋼筋混凝土造,1130416,228.79,5,2,5,有,無,22239900,97207,,0.0,0,交易價格包含其他買賣登記案件之標的物價格包含公共設施保留地用地；,RPUNMLNJOHLGFCD38DA,214.32,0.0,14.47,有,081
南區,房地(土地+建物),臺南市南區新興路５３３巷１５弄１６號,76.57,住,,,1150402,土地1建物1車位0,全,二層,透天厝,住家用,加強磚造,0671226,92.44,4,2,3,有,無,7250000,78429,,0.0,0,陽台外推；頂樓加蓋；其他增建；,RPRNMLQKOHLGFCD48DA,92.44,0.0,0.0,無,
東區,房地(土地+建物)+車位,臺南市東區中華東路二段１６７號三樓之７,3.2,住,,,1150421,土地2建物1車位1,三層,十四層,住宅大樓(11層含以上有電梯),住家用,鋼筋混凝土造,0970229,59.989999999999995,1,0,1,有,有,4300000,71679,坡道平面,25.79,0,,RPPNMLRKOHLGFCD38DA,17.29,0.0,4.41,有,082
新營區,房地(土地+建物),臺南市新營區民生路１６３巷１１０之７號,143.22,住,,,1150401,土地3建物1車位0,全,四層,透天厝,住家用,鋼筋混凝土造,0831209,264.97,6,2,5,有,無,10300000,38872,,0.0,0,其他增建；,RPSNMLKKOHLGFDD08DA,244.15,3.0,17.82,無,
白河區,土地,溫泉段1027地號,2446.03,都市：其他:第三種觀光服務專用區,,,1150427,土地2建物0車位0,,,其他,,,,0.0,0,0,0,無,無,47130000,19268,,0.0,0,本件買賣以現況交付。包含地上物在內。,RPQNMLTKNHLGFED78DA,0.0,0.0,0.0,無,
東山區,房地(土地+建物),臺南市東山區東山里青葉路三段３３號五樓,31.03,都市：其他:道路用地,,,1150421,土地1建物1車位0,五層,五層,華廈(10層含以下有電梯),住家用,鋼筋混凝土造,1150211,89.16,2,2,2,有,無,6300000,70659,,0.0,0,土地價款新台幣283萬5000元建物價款新台幣346萬5000元,RPRNMLSKOHLGFED88DA,53.96,0.0,7.64,有,
六甲區,土地,光明段606地號,84.45,住,,,1150427,土地1建物0車位0,,,其他,,,,0.0,0,0,0,無,無,1723950,20414,,0.0,0,,RPQNMLSKNHLGFFD78DA,0.0,0.0,0.0,無,
善化區,房地(土地+建物),臺南市善化區成功路３巷２４號,138.4,住,,,1150426,土地2建物1車位0,全,四層,透天厝,住家用,鋼筋混凝土造,0901120,232.28,4,2,3,有,無,17800000,76632,,0.0,0,其他增建；,RPVNMLPKOHLGFHD66DA,210.56,7.42,14.3,無,
關廟區,房地(土地+建物),臺南市關廟區成功路５３９號,77.0,住,,,1150426,土地1建物1車位0,全,三層,透天厝,住商用,鋼筋混凝土造,0721121,140.13,6,2,3,有,無,6000000,42817,,0.0,0,其他增建；,RPTNMLSKNHLGFID76DA,140.13,0.0,0.0,無,
歸仁區,房地(土地+建物)+車位,臺南市歸仁區六甲路３０５號六樓之２,29.38,,鄉村區,乙種建築用地,1150426,土地1建物1車位1,六層,六層,華廈(10層含以下有電梯),住家用,鋼筋混凝土造,1131223,111.21,3,1,2,有,有,9730000,85792,一樓平面,15.28,1500000,未登記建物；,RPQOMLOJOHLGFID78DA,67.92,0.0,3.24,有,
永康區,房地(土地+建物),臺南市永康區洲尾街３３５巷５７號,69.08,住,,,1150423,土地1建物1車位0,全,四層,透天厝,住家用,鋼筋混凝土造,1000623,179.88,4,2,5,有,無,13500000,75050,,0.0,0,其他增建；,RPSNMLQKOHLGFKD76DA,164.82,0.0,15.06,無,
東區,房地(土地+建物),臺南市東區自由路三段１６１號,87.0,住,,,1150430,土地2建物1車位0,全,二層,透天厝,住商用,加強磚造,0690429,101.48,6,1,3,有,無,10300000,101498,,0.0,0,頂樓加蓋；其他增建；,RPPOMLMJOHLGFCD87DA,101.48,0.0,0.0,無,083
南區,房地(土地+建物),臺南市南區新興路４６１巷１０弄１２號三樓之２,30.77,住,,,1150412,土地3建物1車位0,三層,五層,公寓(5樓含以下無電梯),住家用,鋼筋混凝土造,0720602,125.22,3,2,2,有,無,4800000,38333,,0.0,0,,RPSNMLRKOHLGFCD68DA,84.48,0.0,14.6,無,084
東區,房地(土地+建物)+車位,臺南市東區中華東路一段１２號九樓之６,5.7,商,,,1150417,土地1建物1車位1,九層,十四層,住宅大樓(11層含以上有電梯),住家用,ＲＣ造,0930712,86.06,1,1,1,有,有,7500000,87149,坡道機械,27.39,0,,RPXNMLSKOHLGFCD66DA,38.63,0.0,5.34,有,085
六甲區,土地,六甲段888-6地號,572.71,農,,,1150423,土地3建物0車位0,,,其他,,,,0.0,0,0,0,無,無,2771680,4840,,0.0,0,買賣價金包含整地水電工程費用六甲段888-6、888-15地號交易總價為新台幣2646202元六甲段888地號以公告現值計價，交易總價為新台幣125478元,RPTNMLPKOHLGFFD88DA,0.0,0.0,0.0,無,086
六甲區,土地,六甲段888-14地號,199.71,農,,,1150409,土地2建物0車位0,,,其他,,,,0.0,0,0,0,無,無,800000,4006,,0.0,0,買賣價金包含整地水電工程費用六甲段888-14地號交易總價為新台幣674522元六甲段888地號以公告現值計價，交易總價為新台幣125478元,RPUNMLPKOHLGFFD98DA,0.0,0.0,0.0,無,086
麻豆區,土地,東角段195-4地號,166.51,住,,,1150409,土地2建物0車位0,,,其他,,,,0.0,0,0,0,無,無,16800000,100895,,0.0,0,,RPQNMLMLOHLGFFD38DA,0.0,0.0,0.0,無,088
佳里區,房地(土地+建物)+車位,臺南市佳里區公園路６３６號七樓之５,33.24,住,,,1150427,土地1建物1車位1,七層,十層,華廈(10層含以下有電梯),住家用,鋼筋混凝土造,1141103,145.68,3,2,2,有,無,11100000,76194,坡道平面,27.91,0,,RPPNMLMLNHLGFGD28DA,74.8,0.0,8.36,有,089
新化區,土地,那拔段1968地號,171.29,,一般農業區,農牧用地,1150417,土地1建物0車位0,,,其他,,,,0.0,0,0,0,無,無,1300000,7589,,0.0,0,,RPQNMLTKNHLGFHD09DA,0.0,0.0,0.0,無,
新化區,土地,那拔段1968-1地號,685.18,,一般農業區,農牧用地,1150417,土地1建物0車位0,,,其他,,,,0.0,0,0,0,無,無,5200000,7589,,0.0,0,,SPQNMLTKNHLGFHD56DA,0.0,0.0,0.0,無,
新化區,土地,那拔段1968-2地號,171.29,,一般農業區,農牧用地,1150417,土地1建物0車位0,,,其他,,,,0.0,0,0,0,無,無,1300000,7589,,0.0,0,,TPQNMLTKNHLGFHD66DA,0.0,0.0,0.0,無,
關廟區,土地,龜洞段334-4地號,1804.0,,一般農業區,農牧用地,1150401,土地1建物0車位0,,,其他,,,,0.0,0,0,0,無,無,500000,277,,0.0,0,以土地法34條之1出售。親友、員工、共有人或其他特殊關係間之交易；急買急賣；,RPVOMLLJOHLGFID98DA,0.0,0.0,0.0,無,090
歸仁區,房地(土地+建物)+車位,臺南市歸仁區中正北路一段３００號五樓之１,27.76,住,,,1150419,土地1建物1車位1,五層,十層,華廈(10層含以下有電梯),住家用,鋼筋混凝土構造,1090318,143.76,3,2,2,有,有,11800000,82081,一樓平面,22.65,0,,RPTNMLTJOHLGFID86DA,82.21,0.0,7.5,有,091
玉井區,土地,中正段960地號,214.7,住,,,1150423,土地2建物0車位0,,,其他,,,,0.0,0,0,0,無,無,3500000,16302,,0.0,0,姑侄關係親友、員工、共有人或其他特殊關係間之交易；,RPPNMLKLOHLGFJD48DA,0.0,0.0,0.0,無,
永康區,房地(土地+建物)+車位,臺南市永康區東橋一路２７５號八樓之２,37.11,住,,,1150401,土地1建物1車位1,八層,十五層,住宅大樓(11層含以上有電梯),住家用,鋼筋混凝土造,1130829,170.54000000000002,3,2,2,有,有,21280000,134126,坡道平面,27.54,2100000,,RPPOMLKLMHLGFKD48DA,83.79,0.0,9.14,有,
永康區,房地(土地+建物)+車位,臺南市永康區東橋一路２７５號二樓之２,37.52,住,,,1150419,土地1建物1車位1,二層,十五層,住宅大樓(11層含以上有電梯),住家用,鋼筋混凝土造,1130829,172.07,3,2,2,有,有,20880000,129938,坡道平面,27.54,2100000,,RPSNMLOLMHLGFKD09DA,83.79,0.0,10.14,有,
永康區,土地,烏竹段919地號,207.93,住,,,1150401,土地1建物0車位0,,,其他,,,,0.0,0,0,0,無,無,14000000,67330,,0.0,0,,RPPQMLPKNHLGFKD56DA,0.0,0.0,0.0,無,
新營區,房地(土地+建物)+車位,臺南市新營區中山路１３７號等１３戶,708.57,商,,,1150413,土地1建物15車位22,二層,十二層,住宅大樓(11層含以上有電梯),辦公用,鋼筋混凝土造,0850910,9248.130000000001,0,0,0,無,無,290000000,31358,升降平面,0.0,0,,RPRNMLSKOHLGFDD88EA,5827.33,28.86,468.78,有,
東山區,土地,北勢寮段404-7地號,58.44,,鄉村區,乙種建築用地,1150429,土地1建物0車位0,,,其他,,,,0.0,0,0,0,無,無,618450,10583,,0.0,0,親友、員工、共有人或其他特殊關係間之交易；,RPPNMLMLOHLGFED28EA,0.0,0.0,0.0,無,
中西區,房地(土地+建物),臺南市中西區開山路８９巷９號二樓之３,26.8,商,,,1150427,土地3建物1車位0,二層,五層,公寓(5樓含以下無電梯),住家用,鋼筋混凝土造,0700720,110.66,2,2,1,有,無,4500000,40665,,0.0,0,,RPQNMLPJOHLGFAD97DA,81.48,0.0,11.75,無,
安平區,房地(土地+建物)+車位,臺南市安平區國平南路９８號十三樓之１,41.5,商,,,1150417,土地2建物1車位2,十三層,二十四層,住宅大樓(11層含以上有電梯),住家用,鋼筋混凝土構造,1070529,475.4,3,3,4,有,有,60080000,126378,坡道平面,43.86,0,,RPUSMLRKOHLGFAD56DA,257.5,0.0,36.84,有,092
安南區,房地(土地+建物),臺南市安南區怡安路一段４６０號,225.96,住,,,1150414,土地2建物1車位0,全,二層,透天厝,住家用,加強磚造,0600201,70.39,3,1,1,有,無,11300000,160534,,0.0,0,1.安南區怡北段346地號，成交價:650萬元。2.安南區怡北段1212地號及717建號，成交價:480萬元。親友、員工、共有人或其他特殊關係間之交易；,RPSNMLSLMHLGFBD58DA,67.84,0.0,2.55,無,
安南區,房地(土地+建物)+車位,臺南市安南區永續十八街６號四樓,24.82,住,,,1150421,土地1建物1車位1,四層,十七層,住宅大樓(11層含以上有電梯),住家用,鋼筋混凝土造,1110304,188.42000000000002,3,2,2,有,有,16020000,85023,坡道平面,24.39,0,,RPXNMLSJNHLGFBD98DA,89.45,2.79,13.16,有,093
安南區,房地(土地+建物)+車位,臺南市安南區樂活二十二街７０號二樓之１,28.58,住,,,1150422,土地1建物1車位1,二層,七層,華廈(10層含以下有電梯),住家用,鋼筋混凝土造,1130705,157.33,3,2,2,有,有,12500000,82827,坡道平面,25.73,1600000,,RPVNMLLJOHLGFBD18DA,82.0,0.0,3.54,有,
安南區,房地(土地+建物)+車位,臺南市安南區慈興七街９號五樓之３,32.52,住,,,1150422,土地2建物1車位1,五層,五層,華廈(10層含以下有電梯),住家用,鋼筋混凝土造,1110601,95.28999999999999,2,2,2,有,有,7500000,78707,一樓平面,15.11,0,,RPRNMLOJOHLGFBD08DA,54.37,0.0,5.67,有,094
安南區,房地(土地+建物),臺南市安南區安昌街１７４巷１９１弄５３號,79.07,住,,,1150429,土地1建物1車位0,全,二層,透天厝,住家用,加強磚造,0740201,104.62,5,2,2,有,無,6450000,61652,,0.0,0,其他增建；,RPSNMLMLOHLGFBD18DA,102.35,0.0,2.27,無,
東區,房地(土地+建物),臺南市東區林森路二段１９２巷１００號二樓之３,26.73,住,,,1150424,土地2建物1車位0,二層,五層,公寓(5樓含以下無電梯),住家用,鋼筋混凝土造,0701214,98.93,3,2,2,有,無,6380000,64490,,0.0,0,其他增建；,RPVNMLOLMHLGFCD58DA,76.29,0.0,10.1,無,095
南區,房地(土地+建物),臺南市南區新孝路１２６巷６８號,84.0,住,,,1150426,土地1建物1車位0,全,三層,透天厝,住商用,鋼筋混凝土造,0720905,224.51,3,3,3,有,無,10500000,46769,,0.0,0,親友、員工、共有人或其他特殊關係間之交易；頂樓加蓋；其他增建；,RPSNMLOKNHLGFCD28DA,211.83,0.0,12.68,無,
東區,房地(土地+建物)+車位,臺南市東區東寧路５４６號十樓之三,11.39,住,,,1150402,土地2建物1車位1,十層,十四層,住宅大樓(11層含以上有電梯),住家用,鋼筋混凝土造,0840325,124.24000000000001,3,2,2,有,有,11500000,92563,坡道平面,0.0,0,陽台外推；,RPXNMLPJOHLGFCD88DA,69.53,0.7,8.16,有,096
東區,房地(土地+建物),臺南市東區光明街１０２巷１８號三樓,24.81,住,,,1150430,土地1建物1車位0,三層,十二層,住宅大樓(11層含以上有電梯),住家用,鋼筋混凝土造,0881116,139.32,3,2,2,有,有,8000000,57422,,0.0,0,,RPPOMLKKOHLGFCD77DA,88.59,0.0,12.6,有,
東區,房地(土地+建物)+車位,臺南市東區崇賢三路８５號九樓之６,13.5,住,,,1150430,土地1建物1車位1,九層,十五層,住宅大樓(11層含以上有電梯),住家用,鋼筋混凝土造,1130816,84.12,2,1,1,有,有,9660000,114836,坡道機械,14.66,0,,RPQOMLLKOHLGFCD97DA,41.51,0.0,3.74,有,097
鹽水區,土地,月港段591地號,234.88,住,,,1150401,土地2建物0車位0,,,其他,,,,0.0,0,0,0,無,無,7100000,30228,,0.0,0,,RPUNMLMLOHLGFDD58DA,0.0,0.0,0.0,無,
麻豆區,土地,客子寮段1603地號,2686.68,,一般農業區,農牧用地,1150421,土地1建物0車位0,,,其他,,,,0.0,0,0,0,無,無,2400000,893,,0.0,0,,RPSOMLMLOHLGFFD68DA,0.0,0.0,0.0,無,
佳里區,房地(土地+建物)+車位,臺南市佳里區佳興一街３２巷３９號二樓之５,35.03,,鄉村區,乙種建築用地,1150429,土地3建物1車位1,二層,十層,華廈(10層含以下有電梯),住家用,鋼筋混凝土造,1131016,130.09,3,2,2,有,有,8070000,67890,其他,17.85,450000,含裝潢費；含傢俱設備費；,RPQOMLRKOHLGFGD98DA,70.72,0.0,9.16,有,
佳里區,房地(土地+建物)+車位,臺南市佳里區佳安東路１２號十樓之１,21.08,,鄉村區,乙種建築用地,1150415,土地1建物1車位1,十層,十層,華廈(10層含以下有電梯),住家用,鋼筋混凝土造,0880917,146.11,3,2,2,有,有,5880000,40244,坡道平面,0.0,0,,RPRNMLMLOHLGFGD58DA,87.73,0.0,13.3,有,
新化區,土地,新音段213地號,115.38,住,,,1150428,土地1建物0車位0,,,其他,,,,0.0,0,0,0,無,無,3300000,28601,,0.0,0,袋地,RPUNMLTLMHLGFHD86DA,0.0,0.0,0.0,無,
善化區,房地(土地+建物)+車位,臺南市善化區建業路２３３號七樓之２,16.02,,特定農業區,甲種建築用地,1150416,土地3建物1車位1,七層,七層,華廈(10層含以下有電梯),住家用,鋼筋混凝土造,1120724,84.66,3,2,2,有,有,6660000,78668,升降機械,6.07,0,停車位位於地上機械式下層編號：8號,RPTNMLQKOHLGFHD56DA,46.76,0.0,12.56,有,098
關廟區,房地(土地+建物),臺南市關廟區和平路２８號,87.0,住,,,1150401,土地1建物1車位0,全,四層,透天厝,住商用,鋼筋混凝土造,1121227,194.08,4,2,5,有,無,17620000,90787,,0.0,0,,RPRNMLLLOHLGFID68DA,172.84,0.0,21.24,無,
永康區,房地(土地+建物)+車位,臺南市永康區復華三街６２號十六樓之３,8.22,,,,1150428,土地1建物1車位1,十六層,十九層,住宅大樓(11層含以上有電梯),住家用,鋼筋混凝土造,0840908,126.65,3,2,2,有,有,7700000,60797,坡道平面,0.0,0,,RPPNMLLKNHLGFKD48DA,62.12,0.0,5.15,有,099
永康區,房地(土地+建物)+車位,臺南市永康區永忠路１０８號四樓之３,21.39,商,,,1150424,土地1建物1車位1,四層,十層,華廈(10層含以下有電梯),住家用,鋼筋混凝土造,1131231,143.52,2,2,2,有,有,16650000,133973,坡道平面,33.05,1850000,,RPVWMLSKNHLGFKD08DA,67.87,0.0,4.39,有,
中西區,建物,臺南市中西區民權路二段１１８號七樓之８,0.0,,,,1150430,土地0建物1車位0,七層,九層,華廈(10層含以下有電梯),商業用,鋼筋混凝土造,0730106,147.5,3,1,2,有,有,2900000,19661,,0.0,0,建物坐落地號：永福段306地號；,RPXNMLQJNHLGFAD68DA,110.08,0.0,7.13,有,100
安平區,房地(土地+建物),臺南市安平區健康三街１２巷１號七樓之２４,13.99,住,,,1150428,土地1建物1車位0,七層,十四層,住宅大樓(11層含以上有電梯),住家用,鋼筋混凝土造,0890822,77.15,2,2,1,有,有,5700000,73882,,0.0,0,,RPRNMLSJOHLGFAD38DA,50.92,1.33,7.5,有,
中西區,房地(土地+建物),臺南市中西區金華路三段２５２號五樓之７,3.11,商,,,1150422,土地2建物1車位0,五層,二十一層,住宅大樓(11層含以上有電梯),住家用,鋼筋混凝土造,0870219,36.03,1,0,1,有,有,2500000,69387,,0.0,0,,RPWOMLSKOHLGFAD09DA,23.0,0.31,2.71,有,
中西區,房地(土地+建物),臺南市中西區金華路三段２５２號五樓之８,3.11,商,,,1150422,土地2建物1車位0,五層,二十一層,住宅大樓(11層含以上有電梯),住家用,鋼筋混凝土造,0870219,36.03,1,0,1,有,有,2500000,69387,,0.0,0,,SPWOMLSKOHLGFAD56DA,23.0,0.31,2.71,有,
北區,房地(土地+建物)+車位,臺南市北區開元路５１７號十四樓之６,11.15,商,,,1150418,土地3建物1車位1,十四層,二十四層,住宅大樓(11層含以上有電梯),住家用,鋼筋混凝土構造,1041105,156.01,3,2,2,有,有,10300000,66021,坡道平面,32.55,0,,RPTNMLMLOHLGFAD18DA,75.07,4.49,7.12,有,101
安南區,房地(土地+建物)+車位,臺南市安南區府安路六段２６８號三樓,32.93,住,,,1150426,土地1建物1車位1,三層,七層,華廈(10層含以下有電梯),住家用,鋼筋混凝土造,1110616,158.67000000000002,2,2,2,有,有,12500000,78780,坡道平面,22.91,0,,RPUNMLKLNHLGFBD08DA,71.57,6.48,9.36,有,102
安南區,房地(土地+建物),臺南市安南區城北路７３６巷４３號,91.53,住,,,1150422,土地1建物1車位0,全,三層,透天厝,住家用,鋼筋混凝土造,1140123,190.62,5,2,4,有,無,14300000,75018,,0.0,0,,RPUNMLTJOHLGFBD88DA,173.75,0.0,16.87,無,
安南區,房地(土地+建物)+車位,臺南市安南區安中路四段１５４巷３８弄５號二樓之５,32.99,住,,,1150424,土地2建物1車位1,二層,五層,華廈(10層含以下有電梯),住家用,鋼筋混凝土造,1121211,86.57,2,2,2,有,有,6680000,77163,升降機械,0.0,0,,RPSNMLSKOHLGFBD68DA,53.96,0.0,4.83,有,103
東山區,房地(土地+建物),臺南市東山區東山里東山３１７之６號,103.68,住,,,1150425,土地1建物1車位0,全,四層,透天厝,住家用,鋼筋混凝土造,1140811,186.87,4,2,5,有,無,12500000,66891,,0.0,0,本案土地交易價格為560萬，建物交易價格為690萬,RPPNMLOKNHLGFED18DA,169.75,0.0,17.12,無,
將軍區,土地,苓子寮段一小段1078地號,217.0,,鄉村區,乙種建築用地,1150429,土地1建物0車位0,,,其他,,,,0.0,0,0,0,無,無,3000000,13825,,0.0,0,將軍區苓子寮段一小段1075、1076地號兩筆路地係無償贈與隨同移轉予買方,RPOOMLSKNHLGFGD78DA,0.0,0.0,0.0,無,
善化區,土地,成功段742地號,266.99,都市：其他:道路用地,,,1150430,土地3建物0車位0,,,其他,,,,0.0,0,0,0,無,無,23102583,86530,,0.0,0,包含地上未保存建物臺南市善化區小新營154號，義務人出賣人有事實上處分權全部。未登記建物；包含公共設施保留地用地；,RPRNMLKMMHLGFHD38DA,0.0,0.0,0.0,無,104
新市區,土地,橋頭段473-4地號,2100.0,農,,,1150415,土地1建物0車位0,,,其他,,,,0.0,0,0,0,無,無,22880000,10895,,0.0,0,,RPXNMLMKOHLGFHD56DA,0.0,0.0,0.0,無,
新化區,土地,礁坑子段327-19地號,232.0,,山坡地保育區,丙種建築用地,1150417,土地1建物0車位0,,,其他,,,,0.0,0,0,0,無,無,2271200,9790,,0.0,0,未登記建物；,RPRNMLSKOHLGFHD56DA,0.0,0.0,0.0,無,105
新化區,土地,礁坑子段327-7地號,75.67,,山坡地保育區,農牧用地,1150417,土地1建物0車位0,,,其他,,,,0.0,0,0,0,無,無,228800,3024,,0.0,0,,SPRNMLSKOHLGFHD66DA,0.0,0.0,0.0,無,
山上區,房地(土地+建物),臺南市山上區新庄１２之１號,863.21,,鄉村區,乙種建築用地,1150401,土地2建物1車位0,全,二層,透天厝,住家用,加強磚造,0700122,176.0,6,1,2,有,無,20000000,113636,,0.0,0,未登記建物；未登記建物；,RPSNMLOLOHLGFHD98DA,176.0,0.0,0.0,無,
仁德區,房地(土地+建物)+車位,臺南市仁德區崇聖路一段２號五樓之６,15.5,住,,,1150414,土地1建物1車位1,五層,十四層,住宅大樓(11層含以上有電梯),住家用,鋼筋混凝土造,1131015,115.26,2,2,1,有,有,10780000,110530,坡道平面,31.12,1480000,,RPPOMLRLMHLGFID98DA,54.08,0.0,3.98,有,
仁德區,房地(土地+建物)+車位,臺南市仁德區崇聖路一段２號十一樓之１,27.12,住,,,1150424,土地1建物1車位2,十一層,十四層,住宅大樓(11層含以上有電梯),住家用,鋼筋混凝土造,1131015,213.23000000000002,4,2,2,有,有,16800000,94828,坡道平面,64.54,2700000,車位價格不可拆分,RPQOMLRLMHLGFID09DA,97.94,0.0,4.74,有,
歸仁區,房地(土地+建物),臺南市歸仁區崙頂里崙頂街１００之５號,104.2,住,,,1150418,土地2建物1車位0,全,四層,透天厝,住家用,鋼筋混凝土造,1030122,210.79,5,2,5,有,無,16500000,78277,,0.0,0,其他增建；,RPSNMLRKOHLGFID66DA,189.97,0.0,20.82,無,
永康區,房地(土地+建物),臺南市永康區正義街１２６巷８號,101.36,住,,,1150427,土地1建物1車位0,全,四層,透天厝,住家用,鋼筋混凝土造,0951108,205.17,5,2,3,有,無,16800000,81883,,0.0,0,陽台外推；其他增建；,RPVNMLRLMHLGFKD07DA,175.12,0.0,30.05,無,
永康區,房地(土地+建物),臺南市永康區南工街７１巷３號,61.26,住,,,1150419,土地1建物1車位0,全,二層,透天厝,住商用,鋼筋混凝土造,0700709,72.66,4,2,2,有,無,6800000,93587,,0.0,0,陽台外推；頂樓加蓋；其他增建；,RPVNMLNLOHLGFKD86DA,72.66,0.0,0.0,無,
永康區,房地(土地+建物),臺南市永康區永安一街７３巷１５號,86.0,住,,,1150425,土地1建物1車位0,全,四層,透天厝,住家用,鋼筋混凝土構造,1080522,246.45,6,2,6,有,無,24000000,97383,,0.0,0,親友、員工、共有人或其他特殊關係間之交易；,RPXNMLNLOHLGFKD07DA,223.6,0.0,22.85,無,
仁德區,土地,如意段435地號,1223.2,工,,,1150407,土地1建物0車位0,,,其他,,,,0.0,0,0,0,無,無,29601520,24200,,0.0,0,,RPPNMLNLOHLGFID78EA,0.0,0.0,0.0,無,
中西區,建物,臺南市中西區樹林街二段１８８號五樓,0.0,,,,1150407,土地0建物1車位0,五層,五層,公寓(5樓含以下無電梯),住家用,鋼筋混凝土造,0760701,135.31,5,2,3,有,無,6100000,45082,,0.0,0,土地為租賃使用，土地為財團法人台灣省私立台南仁愛之家所有；建物坐落地號：郡王祠段1053地號；親友、員工、共有人或其他特殊關係間之交易；地上權房屋；,RPVNMLKMMHLGFAD08DA,107.32,0.0,6.19,無,
北區,房地(土地+建物)+車位,臺南市北區海安路三段８１０號四樓之５,15.21,住,,,1150418,土地1建物1車位1,四層,二十四層,住宅大樓(11層含以上有電梯),住家用,鋼筋混凝土構造,1090131,164.85,3,2,2,有,有,16700000,101304,坡道平面,33.38,0,,RPQNMLTLOHLGFAD58DA,80.67,2.55,7.14,有,
安南區,房地(土地+建物)+車位,臺南市安南區樂活二十二街６８號四樓之６,25.68,住,,,1150416,土地1建物1車位1,四層,七層,華廈(10層含以下有電梯),住家用,鋼筋混凝土造,1130705,141.92000000000002,2,2,1,有,有,11180000,81438,坡道平面,23.67,1550000,,RPUNMLLJOHLGFBD08DA,59.88,0.0,16.98,有,
安南區,房地(土地+建物)+車位,臺南市安南區新宅一街３００號三樓之１,26.41,住,,,1150416,土地1建物1車位1,三層,十四層,住宅大樓(11層含以上有電梯),住家用,鋼筋混凝土造,1150424,154.24,2,2,1,有,有,12600000,90894,坡道平面,32.34,1520000,預售屋、或土地及建物分件登記案件；,RPOOMLLKOHLGFBD67DA,70.42,0.0,9.42,有,
安南區,房地(土地+建物),臺南市安南區海中街７７巷４５弄８６之７號,110.8,住,,,1150430,土地1建物1車位0,全,四層,透天厝,住家用,鋼筋混凝土造,1040707,225.38,6,2,5,有,無,22880000,101517,,0.0,0,陽台外推；其他增建；,RPQOMLPKOHLGFBD28DA,194.75,0.0,30.63,無,
東區,房地(土地+建物)+車位,臺南市東區文化二街９１號十三樓之５,23.41,住,,,1150406,土地1建物1車位1,十三層,十五層,住宅大樓(11層含以上有電梯),住家用,鋼筋混凝土造,1130229,160.79000000000002,3,2,2,有,有,18000000,111947,坡道平面,38.66,0,,RPWNMLLLMHLGFCD38DA,72.21,0.0,7.83,有,
南區,房地(土地+建物),臺南市南區明興路３４號,74.0,住,,,1150425,土地1建物1車位0,全,四層,透天厝,住商用,鋼筋混凝土造,0840322,203.94,6,2,4,有,無,12000000,58841,,0.0,0,陽台外推；其他增建；,RPRNMLPLMHLGFCD28DA,190.5,2.97,10.47,無,
南區,房地(土地+建物),臺南市南區中華南路二段２１１巷８號,95.88,住,,,1150425,土地2建物1車位0,全,三層,透天厝,住家用,鋼筋混凝土造,1140122,191.95,4,3,4,有,無,25880000,134827,,0.0,0,其他增建；,RPPNMLTLMHLGFCD48DA,177.11,0.0,14.84,無,
南區,房地(土地+建物),臺南市南區明興路１３４５號,38.37,住,,,1150428,土地1建物1車位0,全,三層,透天厝,住商用,鋼筋混凝土造,0820429,92.86,5,2,3,有,無,4500000,48460,,0.0,0,二等親間之買賣親友、員工、共有人或其他特殊關係間之交易；,RPUNMLLLNHLGFCD28DA,84.15,2.9,5.81,無,
南區,房地(土地+建物),臺南市南區永成路三段２４０巷１９弄１１號,82.07,住,,,1150411,土地2建物1車位0,全,三層,透天厝,住家用,鋼筋混凝土造,1131028,164.46,4,2,4,有,無,19000000,115530,,0.0,0,,RPSNMLOLOHLGFCD48DA,163.07,0.0,1.39,無,
麻豆區,土地,理段148地號,464.43,,一般農業區,農牧用地,1150417,土地1建物0車位0,,,其他,,,,0.0,0,0,0,無,無,281000,605,,0.0,0,親友、員工、共有人或其他特殊關係間之交易；,RPXNMLPKOHLGFFD66DA,0.0,0.0,0.0,無,
西港區,房地(土地+建物)+車位,臺南市西港區南中街１６５號七樓之１,46.68,都市：其他:道路用地,,,1150401,土地3建物1車位1,七層,七層,華廈(10層含以下有電梯),住家用,鋼筋混凝土造,1110707,134.57,3,2,2,有,有,8500000,67097,一樓平面,16.83,600000,親友、員工、共有人或其他特殊關係間之交易；,RPPNMLNLOHLGFGD48DA,84.03,0.0,3.05,有,
安定區,土地,六塊寮段1337地號,1394.0,,特定農業區,農牧用地,1150425,土地1建物0車位0,,,其他,,,,0.0,0,0,0,無,無,11950000,8572,,0.0,0,農作物；,RPVNMLLLNHLGFHD88DA,0.0,0.0,0.0,無,
永康區,房地(土地+建物),臺南市永康區六合里中華二路３４０巷１０號六樓之１,24.92,住,,,1150410,土地1建物1車位0,六層,十七層,住宅大樓(11層含以上有電梯),住家用,鋼筋混凝土造,0811016,152.8,4,2,2,有,有,6300000,41230,,0.0,0,其他增建；,RPPOMLKKMHLGFKD38DA,112.09,0.57,14.52,有,
永康區,房地(土地+建物)+車位,臺南市永康區復國路７２號十樓之２,58.17,住,,,1150421,土地1建物1車位1,十層,十四層,住宅大樓(11層含以上有電梯),住家用,鋼筋混凝土造,0960920,204.36,4,2,2,有,有,11500000,56273,坡道平面,0.0,0,,RPUNMLNLOHLGFKD76DA,114.3,0.0,11.88,有,
新營區,房地(土地+建物)+車位,臺南市新營區金華路一段２３０號二樓之二,20.28,住,,,1150410,土地1建物1車位1,二層,十二層,住宅大樓(11層含以上有電梯),住家用,鋼筋混凝土造,1141110,112.83,2,2,2,有,無,8620000,84597,坡道平面,25.12,1200000,,RPPNMLTLOHLGFDD88EA,51.11,0.0,5.03,有,
北區,土地,東豐段969-2地號,41.25,都市：其他:細部計畫道路用地,,,1150323,土地1建物0車位0,,,其他,,,,0.0,0,0,0,無,無,810000,19636,,0.0,0,包含公共設施保留地用地；,RPSNMLPLNHLGFAD28DA,0.0,0.0,0.0,無,106
柳營區,土地,五軍營段1187地號,2436.0,,特定農業區,農牧用地,1150330,土地1建物0車位0,,,其他,,,,0.0,0,0,0,無,無,2348540,964,,0.0,0,,RPSNMLQKOHLGFDD68DA,0.0,0.0,0.0,無,
柳營區,土地,五軍營段1173地號,297.25,,特定農業區,農牧用地,1150330,土地1建物0車位0,,,其他,,,,0.0,0,0,0,無,無,286570,964,,0.0,0,,SPSNMLQKOHLGFDD78DA,0.0,0.0,0.0,無,
柳營區,土地,五軍營段1173-1地號,0.92,,特定農業區,水利用地,1150330,土地1建物0車位0,,,其他,,,,0.0,0,0,0,無,無,887,0,,0.0,0,,TPSNMLQKOHLGFDD88DA,0.0,0.0,0.0,無,107
柳營區,土地,五軍營段1173-3地號,170.12,,特定農業區,農牧用地,1150330,土地1建物0車位0,,,其他,,,,0.0,0,0,0,無,無,164003,964,,0.0,0,,UPSNMLQKOHLGFDD98DA,0.0,0.0,0.0,無,
七股區,房地(土地+建物),臺南市七股區大潭里台潭２６之２０號,91.0,,鄉村區,乙種建築用地,1150320,土地1建物1車位0,全,二層,透天厝,住家用,加強磚造,0750410,109.69,5,1,3,有,無,5000000,45583,,0.0,0,,RPSNMLPKOHLGFGD88DA,103.65,0.0,6.04,無,
永康區,房地(土地+建物)+車位,臺南市永康區復華里國華街５５號十二樓之３,13.38,商,,,1150323,土地1建物1車位1,十二層,十五層,住宅大樓(11層含以上有電梯),住家用,鋼筋混凝土造,0841009,122.57,3,2,2,有,有,5600000,45688,坡道平面,0.0,0,,RPUNMLQKOHLGFKD96DA,74.99,0.0,7.14,有,
北區,房地(土地+建物)+車位,臺南市北區西門路四段２７３之２號九樓,17.22,商,,,1150329,土地1建物1車位1,九層,十五層,住宅大樓(11層含以上有電梯),住家用,鋼筋混凝土造,0870815,169.22,4,2,2,有,有,11680000,64713,坡道平面,15.0,1700000,其他增建；,RPROMLRKOHLGFAD48DA,98.55,0.0,18.52,有,
安南區,房地(土地+建物),臺南市安南區安豐五街１５巷１２號,66.28,住,,,1150330,土地2建物1車位0,全,五層,透天厝,住家用,鋼筋混凝土造,0960215,180.42,4,2,4,有,無,13500000,74825,,0.0,0,,RPWNMLQKOHLGFBD88DA,154.98,0.0,25.44,無,
安南區,房地(土地+建物),臺南市安南區安佃九街１０７號,114.69,住,,,1150330,土地1建物1車位0,全,四層,透天厝,住家用,鋼筋混凝土造,1140425,302.63,5,2,6,有,無,28300000,93514,,0.0,0,陽台外推；,RPQNMLRKOHLGFBD38DA,285.45,0.0,17.18,有,
佳里區,土地,廣安段550-1地號,1156.91,農,,,1150314,土地2建物0車位0,,,其他,,,,0.0,0,0,0,無,無,24500000,21177,,0.0,0,,RPQNMLPKOHLGFGD68DA,0.0,0.0,0.0,無,108
善化區,房地(土地+建物),臺南市善化區牛庄５５２之６號,134.22,,一般農業區,甲種建築用地,1150329,土地10建物1車位0,全,四層,透天厝,住家用,鋼筋混凝土造,1040910,184.89,7,0,7,有,有,11680000,63173,,0.0,0,其他增建；,RPRNMLPKNHLGFHD78DA,172.99,0.0,11.9,無,109
善化區,土地,茄拔段二小段801地號,20935.0,,特定農業區,農牧用地,1150327,土地1建物0車位0,,,其他,,,,0.0,0,0,0,無,無,110000000,5254,,0.0,0,未登記建物；農業設施；,RPTNMLSKNHLGFHD66DA,0.0,0.0,0.0,無,
安南區,房地(土地+建物),臺南市安南區大安街１３８巷６號,94.83,住,,,1150329,土地2建物1車位0,全,二層,透天厝,住商用,加強磚造,0711022,109.99,3,1,2,有,無,7280000,66188,,0.0,0,其他增建；,RPQNMLNJOHLGFBD87DA,103.35,0.0,6.64,無,
鹽水區,土地,飯店段1064地號,2364.0,,特定農業區,農牧用地,1150319,土地1建物0車位0,,,其他,,,,0.0,0,0,0,無,無,3000000,1269,,0.0,0,農作物；,RPRNMLMLOHLGFDD28DA,0.0,0.0,0.0,無,
麻豆區,房地(土地+建物),臺南市麻豆區海埔里大山３２之１２號,94.19,住,,,1150329,土地1建物1車位0,全,三層,透天厝,住家用,鋼筋混凝土構造,1120425,171.55,4,2,4,有,無,13000000,75780,,0.0,0,,RPRNMLRKOHLGFFD88DA,160.43,0.0,11.12,無,110
永康區,房地(土地+建物)+車位,臺南市永康區文賢街３７０號三樓之２,25.86,住,,,1150325,土地1建物1車位1,三層,五層,華廈(10層含以下有電梯),住家用,鋼筋混凝土造,1121123,80.15,2,2,1,有,有,7800000,96897,升降機械,8.94,900000,,RPPNMLOKOHLGFKD88DA,48.4,0.0,5.04,有,
安南區,房地(土地+建物),臺南市安南區館前一路１１２號,27.76,住,,,1150303,土地1建物1車位0,一層,七層,華廈(10層含以下有電梯),商業用,鋼筋混凝土造,1031105,93.7,1,1,1,有,有,10000000,106724,,0.0,0,親友、員工、共有人或其他特殊關係間之交易；,RPRNMLSKOHLGFBD58DA,75.61,0.0,0.0,有,111
南區,房地(土地+建物),臺南市南區新興路３８４號,89.0,住,,,1150324,土地1建物1車位0,全,四層,透天厝,住商用,鋼筋混凝土造,0751022,306.17,4,2,5,有,無,16800000,54871,,0.0,0,親友、員工、共有人或其他特殊關係間之交易；其他增建；,RPOOMLSKNHLGFCD38DA,289.69,0.0,16.48,無,
鹽水區,土地,飯店段1097地號,1862.0,,特定農業區,農牧用地,1150319,土地1建物0車位0,,,其他,,,,0.0,0,0,0,無,無,2300000,1235,,0.0,0,農作物；,RPQNMLMLOHLGFDD18DA,0.0,0.0,0.0,無,
安定區,房地(土地+建物)+車位,臺南市安定區許中營１８之１號四樓之２,37.75,,鄉村區,乙種建築用地,1150326,土地1建物1車位1,四層,五層,華廈(10層含以下有電梯),住家用,鋼筋混凝土造,1130216,123.80000000000001,3,2,2,有,有,9200000,74313,一樓平面,0.0,1150000,土地價格363萬元整建物價格442萬元整,RPTOMLMLMHLGFHD78DA,72.77,0.0,6.49,有,
安南區,房地(土地+建物),臺南市安南區環福街８２巷３號,93.66,住,,,1150304,土地1建物1車位0,全,二層,透天厝,住家用,加強磚造,0750408,125.41,3,2,2,有,無,8980000,71605,,0.0,0,,RPOPMLLKOHLGFBD77DA,117.73,0.0,7.68,無,
安南區,房地(土地+建物),臺南市安南區館前街６７巷３號,133.6,住,,,1150322,土地2建物1車位0,全,四層,透天厝,住家用,鋼筋混凝土造,1020408,238.39,6,3,3,有,無,17900000,75087,,0.0,0,陽台外推；其他增建；,RPRNMLPLOHLGFBD38DA,215.64,0.0,22.75,無,
麻豆區,土地,理段148地號,276.82,,一般農業區,農牧用地,1150325,土地1建物0車位0,,,其他,,,,0.0,0,0,0,無,無,167500,605,,0.0,0,親友、員工、共有人或其他特殊關係間之交易；,RPOOMLPKOHLGFFD48DA,0.0,0.0,0.0,無,
佳里區,房地(土地+建物),臺南市佳里區鎮山街８５巷２８號,163.46,住,,,1150320,土地1建物1車位0,全,四層,透天厝,住家用,鋼筋混凝土造,1130821,354.67,5,3,6,有,無,38280000,107931,,0.0,0,,RPPNMLTKOHLGFGD98DA,342.13,0.0,12.54,有,
仁德區,房地(土地+建物),臺南市仁德區仁義路２１巷４９號,111.7,住,,,1150325,土地1建物1車位0,全,二層,透天厝,住商用,加強磚造,0690618,135.36,6,3,2,有,無,8500000,62796,,0.0,0,其他增建；,RPPNMLPLOHLGFID88DA,135.36,0.0,0.0,無,
玉井區,土地,福德段1260地號,107.65,住,,,1150215,土地1建物0車位0,,,其他,,,,0.0,0,0,0,無,無,2280000,21180,,0.0,0,親友、員工、共有人或其他特殊關係間之交易；,RPPNMLQKOHLGFJD98DA,0.0,0.0,0.0,無,
新化區,房地(土地+建物),臺南市新化區中山路５９５號九樓之三,12.51,商,,,1150222,土地2建物1車位0,九層,十二層,住宅大樓(11層含以上有電梯),住家用,鋼筋混凝土造,0820915,101.47,2,2,2,有,有,4600000,45334,,0.0,0,,RPPNMLQKNHLGFHD68DA,71.63,0.0,11.84,有,112
中西區,房地(土地+建物)+車位,臺南市中西區南華街２３號五樓之５,27.83,住,,,1150203,土地2建物1車位1,五層,十二層,住宅大樓(11層含以上有電梯),住家用,鋼筋混凝土造,1141110,191.57999999999998,2,2,2,有,有,20000000,104395,坡道平面,34.01,0,,RPVNMLTLNHLGFAD98DA,88.25,0.0,14.16,有,113
安平區,房地(土地+建物)+車位,臺南市安平區育平九街３７２巷１２２號十二樓之１,44.7,住,,,1150214,土地1建物1車位2,十二層,十四層,住宅大樓(11層含以上有電梯),住家用,鋼筋混凝土造,1140507,253.21,3,2,2,有,有,30880000,130962,坡道平面,47.96,4000000,土地售價1478萬元；建物售價1610萬元,RPQNMLSJOHLGFAD28DA,121.61,0.0,12.91,有,
安南區,房地(土地+建物),臺南市安南區府安路六段１０３巷５８弄７號,81.0,住,,,1150211,土地2建物1車位0,全,三層,透天厝,住家用,鋼筋混凝土造,1130718,160.0,4,2,4,有,無,21380000,133625,,0.0,0,含裝潢費；,RPWNMLPKOHLGFBD78DA,145.64,0.0,14.36,無,
新化區,房地(土地+建物),臺南市新化區頂山５３之３７８號,118.82,,特定農業區,甲種建築用地,1150209,土地2建物1車位0,全,四層,透天厝,住家用,鋼筋混凝土造,1090311,182.48,5,2,5,有,無,16500000,90421,,0.0,0,其他增建；,RPPNMLTLMHLGFHD98DA,142.41,0.0,40.07,無,114
安平區,房地(土地+建物),臺南市安平區湖內二街３４號,27.94,都市：其他:特定住宅專用區,,,1150210,土地3建物1車位0,一層，騎樓,五層,公寓(5樓含以下無電梯),商業用,鋼筋混凝土造,0711007,90.34,1,1,1,有,無,6000000,66416,,0.0,0,,RPRNMLMLOHLGFAD97DA,76.27,0.0,0.0,無,
東區,房地(土地+建物),臺南市東區崇善路８１０號；崇善路８１２號,256.0,住,,,1150112,土地4建物1車位0,全,三層,透天厝,住家用,鋼筋混凝土造,0680808,269.41,5,2,6,有,無,21600000,80175,,0.0,0,,RPUNMLRKOHLGFCD88DA,269.41,0.0,0.0,無,
仁德區,房地(土地+建物)+車位,臺南市仁德區文心路６８號二十一樓之１,12.9,商,,,1150122,土地1建物1車位1,二十一層,二十四層,住宅大樓(11層含以上有電梯),住家用,鋼筋混凝土構造,1100315,137.57999999999998,2,2,2,有,有,11900000,86495,坡道平面,17.45,0,,RPOOMLRKOHLGFID98DA,67.5,4.02,8.08,有,115
安平區,土地,海興段16地號,5902.0,都市：其他:特定商業專用區,,,1150123,土地1建物0車位0,,,其他,,,,0.0,0,0,0,無,無,740922325,125538,,0.0,0,,RPXNMLPJOHLGFAD68DA,0.0,0.0,0.0,無,
玉井區,土地,九層林段1690地號,17254.0,,山坡地保育區,農牧用地,1150114,土地7建物0車位0,,,其他,,,,0.0,0,0,0,無,無,5000000,290,,0.0,0,未登記建物；農作物；,RPQNMLPKOHLGFJD98DA,0.0,0.0,0.0,無,
安南區,房地(土地+建物)+車位,臺南市安南區淵西路１６５號五樓之３,44.27,住,,,1150119,土地1建物1車位1,五層,五層,華廈(10層含以下有電梯),住家用,鋼筋混凝土造,1150127,132.14000000000001,3,2,2,有,有,10370000,77783,一樓平面,14.89,1250000,預售屋、或土地及建物分件登記案件；,RPROMLMLOHLGFBD18DA,76.12,0.0,7.64,有,
安南區,房地(土地+建物)+車位,臺南市安南區淵西路１６５號五樓之６,42.98,住,,,1150115,土地1建物1車位1,五層,五層,華廈(10層含以下有電梯),住家用,鋼筋混凝土造,1150127,129.89,3,2,2,有,有,10100000,76957,一樓平面,14.89,1250000,預售屋、或土地及建物分件登記案件；,RPSOMLMLOHLGFBD28DA,76.81,0.0,5.44,有,
安南區,房地(土地+建物)+車位,臺南市安南區淵西路１６５號三樓之１,44.45,住,,,1150115,土地1建物1車位1,三層,五層,華廈(10層含以下有電梯),住家用,鋼筋混凝土造,1150127,133.65,3,2,2,有,有,10410000,77130,一樓平面,14.89,1250000,預售屋、或土地及建物分件登記案件；,RPVNMLNLOHLGFBD58DA,77.26,0.0,7.64,有,
安南區,房地(土地+建物)+車位,臺南市安南區淵西路１６５號五樓之５,44.45,住,,,1150115,土地1建物1車位1,五層,五層,華廈(10層含以下有電梯),住家用,鋼筋混凝土造,1150127,133.65,3,2,2,有,有,10410000,77130,一樓平面,14.89,1250000,預售屋、或土地及建物分件登記案件；,RPWNMLNLOHLGFBD68DA,77.26,0.0,7.64,有,
安南區,房地(土地+建物)+車位,臺南市安南區淵西路１６５號五樓之８,48.13,住,,,1150115,土地1建物1車位1,五層,五層,華廈(10層含以下有電梯),住家用,鋼筋混凝土造,1150127,143.82,3,2,2,有,有,11200000,77174,一樓平面,14.89,1250000,預售屋、或土地及建物分件登記案件；,RPXNMLNLOHLGFBD78DA,84.44,0.0,7.65,有,
佳里區,房地(土地+建物)+車位,臺南市佳里區中興街３１０巷３７弄１２號六樓之７,38.55,住,,,1141230,土地2建物1車位1,六層,八層,華廈(10層含以下有電梯),住家用,鋼筋混凝土造,1150213,149.66000000000003,3,2,2,有,有,10000000,75381,一樓平面,32.92,1200000,預售屋、或土地及建物分件登記案件；,RPXNMLPKOHLGFGD76DA,73.18,0.0,6.61,有,
學甲區,土地,宅子港段168-124地號,1538.5,,一般農業區,農牧用地,1141225,土地2建物0車位0,,,其他,,,,0.0,0,0,0,無,無,6050000,3932,,0.0,0,,RPUNMLPKOHLGFGD09DA,0.0,0.0,0.0,無,
南區,土地,鹽埕段232地號,264.7,住,,,1141231,土地2建物0車位0,,,其他,,,,0.0,0,0,0,無,無,38500000,145448,,0.0,0,,RPWNMLSKOHLGFCD56DA,0.0,0.0,0.0,無,
歸仁區,土地,沙崙段1508地號,5430.0,,特定專用區,農牧用地,1141217,土地3建物0車位0,,,其他,,,,0.0,0,0,0,無,無,82130000,15125,,0.0,0,農作物；,RPPPMLMLMHLGFID58DA,0.0,0.0,0.0,無,
仁德區,土地,後壁段1144地號,140.54,都市：其他:道路用地,,,1141226,土地1建物0車位0,,,其他,,,,0.0,0,0,0,無,無,1660500,11815,,0.0,0,包含公共設施保留地用地；,RPQNMLSKNHLGFID09DA,0.0,0.0,0.0,無,
東區,房地(土地+建物),臺南市東區裕信路３１１號,106.8,住,,,1141202,土地1建物1車位0,全,五層,透天厝,住商用,ＲＣ造,0941124,266.08,5,4,6,有,無,30800000,115755,,0.0,0,陽台外推；其他增建；,RPPNMLOLOHLGFCD18DA,234.61,0.0,31.47,無,116
永康區,房地(土地+建物),臺南市永康區永華路７０２巷４７弄１９號,81.55,住,,,1141202,土地1建物1車位0,全,四層,透天厝,住家用,鋼筋混凝土造,1140206,232.05,5,2,5,有,無,21600000,93083,,0.0,0,,RPPNMLKLNHLGFKD48DA,205.75,0.0,26.3,無,
柳營區,土地,橋南段638地號,425.0,工,,,1141104,土地1建物0車位0,,,其他,,,,0.0,0,0,0,無,無,1536800,3616,,0.0,0,地清或未辦繼承標售；,RPQNMLSKOHLGFDD68DA,0.0,0.0,0.0,無,
東區,土地,仁和段564地號,108.0,住,,,1141109,土地1建物0車位0,,,其他,,,,0.0,0,0,0,無,無,9350000,86574,,0.0,0,未登記建物；,RPTNMLTJOHLGFCD88DA,0.0,0.0,0.0,無,
北區,土地,東豐段969-2地號,43.25,都市：其他:細部計畫道路用地,,,1141031,土地2建物0車位0,,,其他,,,,0.0,0,0,0,無,無,600000,13873,,0.0,0,包含公共設施保留地用地；,RPRNMLPLNHLGFAD18DA,0.0,0.0,0.0,無,
西港區,土地,西港堡段13-3地號,1.7,住,,,1141021,土地1建物0車位0,,,其他,,,,0.0,0,0,0,無,無,70000,41176,,0.0,0,親友、員工、共有人或其他特殊關係間之交易；,RPVNMLMLOHLGFGD98DA,0.0,0.0,0.0,無,117
西港區,土地,西港堡段13-3地號,30.59,住,,,1141021,土地1建物0車位0,,,其他,,,,0.0,0,0,0,無,無,410000,13403,,0.0,0,親友、員工、共有人或其他特殊關係間之交易；,RPXNMLMLOHLGFGD56DA,0.0,0.0,0.0,無,117
仁德區,房地(土地+建物)+車位,臺南市仁德區文心路７８號十四樓之７,12.14,商,,,1141006,土地1建物1車位1,十四層,二十四層,住宅大樓(11層含以上有電梯),住家用,鋼筋混凝土構造,1100315,127.65,3,2,2,有,有,10680000,83666,坡道平面,17.45,0,,RPWNMLMLOHLGFID66DA,62.98,4.26,5.81,有,119
安平區,房地(土地+建物)+車位,臺南市安平區國平北路１２５號十三樓之１２,8.49,商,,,1141016,土地1建物1車位1,十三層,十八層,住宅大樓(11層含以上有電梯),住家用,鋼筋混凝土構造,1100503,96.39,2,1,1,有,有,7150000,74178,坡道機械,11.17,0,,RPVNMLOLOHLGFAD58DA,47.09,4.54,4.62,有,
安平區,房地(土地+建物)+車位,臺南市安平區育平九街３７２巷１２２號十樓之２,44.7,住,,,1140801,土地1建物1車位2,十層,十四層,住宅大樓(11層含以上有電梯),住家用,鋼筋混凝土造,1140507,252.03,3,2,2,有,有,29700000,125912,坡道平面,46.33,3800000,土地售價1420萬元；建物售價1550萬元,RPUOMLSKOHLGFAD88DA,121.9,0.0,12.91,有,
安南區,房地(土地+建物)+車位,臺南市安南區新宅一街３００號八樓之３,19.99,住,,,1140827,土地1建物1車位1,八層,十四層,住宅大樓(11層含以上有電梯),住家用,鋼筋混凝土造,1150424,124.67,2,2,1,有,有,10500000,95094,坡道平面,32.34,1720000,預售屋、或土地及建物分件登記案件；,RPVOMLLKOHLGFBD38DA,52.05,0.0,8.42,有,
北區,房地(土地+建物),臺南市北區成功路５０４巷１５號,102.0,住,,,1140711,土地2建物1車位0,全,一層,透天厝,商業用,磚造,0520000,98.28,1,2,2,有,無,5500000,55963,,0.0,0,親友、員工、共有人或其他特殊關係間之交易；,RPUNMLMLOHLGFAD28DA,98.28,0.0,0.0,無,
北區,房地(土地+建物),臺南市北區成功路５０４巷１３號,65.0,住,,,1140711,土地2建物1車位0,全,三層,透天厝,住家用,鋼筋混凝土造,0791102,131.56,4,3,3,有,無,5500000,41806,,0.0,0,親友、員工、共有人或其他特殊關係間之交易；,RPWNMLMLOHLGFAD48DA,115.31,0.0,16.25,無,
鹽水區,土地,朝琴段402地號,115.12,商,,,1140610,土地1建物0車位0,,,其他,,,,0.0,0,0,0,無,無,1580000,13725,,0.0,0,,RPQNMLTLOHLGFDD98EA,0.0,0.0,0.0,無,
佳里區,房地(土地+建物)+車位,臺南市佳里區中興街３１０巷３７弄１２號四樓之１,38.54,住,,,1140206,土地2建物1車位1,四層,八層,華廈(10層含以下有電梯),住家用,鋼筋混凝土造,1150213,148.94,3,2,2,有,有,10120000,74728,一樓平面,32.92,1450000,預售屋、或土地及建物分件登記案件；,RPOOMLPKOHLGFGD58DA,72.74,0.0,6.56,有,
安南區,房地(土地+建物),臺南市安南區淵西路１６３號二樓之３,35.45,住,,,1140226,土地1建物1車位0,二層,五層,華廈(10層含以下有電梯),住家用,鋼筋混凝土造,1150127,94.52000000000001,2,2,2,有,有,7820000,82734,,0.0,0,預售屋、或土地及建物分件登記案件；,RPUNMLSKOHLGFBD88DA,60.35,0.0,7.19,有,
安南區,房地(土地+建物)+車位,臺南市安南區新宅一街３０６號十一樓之２,26.76,住,,,1140203,土地1建物1車位1,十一層,十四層,住宅大樓(11層含以上有電梯),住家用,鋼筋混凝土造,1150424,155.92000000000002,3,2,2,有,有,14600000,104224,坡道平面,32.34,1720000,預售屋、或土地及建物分件登記案件；,RPOPMLLMNHLGFBD87DA,71.66,0.0,9.28,有,
安南區,房地(土地+建物)+車位,臺南市安南區新宅一街３００號二樓之５,26.76,住,,,1140115,土地1建物1車位1,二層,十四層,住宅大樓(11層含以上有電梯),住家用,鋼筋混凝土造,1150424,155.69,3,2,2,有,有,12700000,90636,坡道平面,32.34,1520000,預售屋、或土地及建物分件登記案件；,RPWOMLLKOHLGFBD48DA,71.79,0.0,9.02,有,
永康區,房地(土地+建物)+車位,臺南市永康區永善路１３０號十二樓之６,24.07,住,,,1131230,土地1建物1車位1,十二層,十五層,住宅大樓(11層含以上有電梯),住家用,鋼筋混凝土造,1150331,153.79000000000002,3,2,2,有,有,17050000,122527,坡道平面,25.9,1380000,預售屋、或土地及建物分件登記案件；,RPVTMLTKNHLGFKD87DA,75.41,0.0,8.21,有,
安南區,房地(土地+建物)+車位,臺南市安南區淵西路１６５號四樓之１,44.45,住,,,1131210,土地1建物1車位1,四層,五層,華廈(10層含以下有電梯),住家用,鋼筋混凝土造,1150127,133.65,3,2,2,有,有,11000000,81256,一樓平面,14.89,1350000,預售屋、或土地及建物分件登記案件；,RPVNMLSKOHLGFBD98DA,77.26,0.0,7.64,有,
永康區,房地(土地+建物)+車位,臺南市永康區永善路３６號四樓之６,24.63,住,,,1131217,土地1建物1車位1,四層,十四層,住宅大樓(11層含以上有電梯),住家用,鋼筋混凝土造,1150416,162.64999999999998,3,2,2,有,有,14200000,103217,坡道平面,38.64,1400000,預售屋、或土地及建物分件登記案件；,RPRPMLPKNHLGFKD66DA,71.85,0.0,9.0,有,
安南區,房地(土地+建物)+車位,臺南市安南區淵西路１６３號二樓之１,38.94,住,,,1131207,土地1建物1車位1,二層,五層,華廈(10層含以下有電梯),住家用,鋼筋混凝土造,1150127,119.13,3,2,2,有,有,9800000,81063,一樓平面,14.89,1350000,預售屋、或土地及建物分件登記案件；,RPQOMLMLOHLGFBD08DA,69.7,0.0,4.77,有,
安南區,房地(土地+建物),臺南市安南區海佃路二段３４２巷１０６號,74.46,住,,,1131126,土地2建物1車位0,全,四層,透天厝,住家用,鋼筋混凝土造,1150114,177.13,3,2,4,有,無,17500000,98797,,0.0,0,其他 代辦費:85000元；親友、員工、共有人或其他特殊關係間之交易；陽台外推；其他增建；預售屋、或土地及建物分件登記案件；,RPSNMLNKLHLGFBD87DA,153.93,0.0,23.2,無,
新市區,房地(土地+建物)+車位,臺南市新市區南昌街３６號四樓之５,28.35,住,,,1131010,土地1建物1車位1,四層,五層,華廈(10層含以下有電梯),住家用,鋼筋混凝土造,1141118,88.12,2,2,2,有,有,9400000,110369,一樓平面,14.73,1300000,土地價款:348萬元整建物價款:462萬元整預售屋、或土地及建物分件登記案件；,RPQOMLQJNHLGFHD78DA,48.96,0.0,4.29,有,
永康區,房地(土地+建物)+車位,臺南市永康區永善路１３２號十二樓之２,18.35,住,,,1131016,土地1建物1車位1,十二層,十五層,住宅大樓(11層含以上有電梯),住家用,鋼筋混凝土造,1150331,121.78999999999999,2,2,2,有,有,14050000,134008,坡道平面,25.9,1200000,預售屋、或土地及建物分件登記案件；,RPXNMLSKNHLGFKD37DA,60.35,0.0,3.34,有,
永康區,房地(土地+建物)+車位,臺南市永康區永善路１３０號八樓之５,24.52,住,,,1131012,土地1建物1車位1,八層,十五層,住宅大樓(11層含以上有電梯),住家用,鋼筋混凝土造,1150331,156.17000000000002,3,2,2,有,有,17680000,122975,坡道平面,25.9,1660000,預售屋、或土地及建物分件登記案件；,RPOSMLTKNHLGFKD07DA,76.99,0.0,8.2,有,
永康區,房地(土地+建物)+車位,臺南市永康區永善路１３０號十三樓之２,30.19,住,,,1130907,土地1建物1車位1,十三層,十五層,住宅大樓(11層含以上有電梯),住家用,鋼筋混凝土造,1150331,186.22,4,2,2,有,有,21800000,125499,坡道平面,25.9,1680000,預售屋、或土地及建物分件登記案件；,RPWOMLSLNHLGFKD47DA,95.83,0.0,9.01,有,
永康區,房地(土地+建物),臺南市永康區永善路３６號三樓之７,16.83,住,,,1130901,土地1建物1車位0,三層,十四層,住宅大樓(11層含以上有電梯),住家用,鋼筋混凝土造,1150416,84.78,2,2,1,有,有,8980000,105921,,0.0,0,預售屋、或土地及建物分件登記案件；,RPWPMLPKNHLGFKD17DA,50.39,0.0,4.88,有,
中西區,房地(土地+建物)+車位,臺南市中西區頂美三街３７號六樓之２,38.09,住,,,1130901,土地5建物1車位1,六層,十三層,住宅大樓(11層含以上有電梯),住家用,鋼筋混凝土造,1150324,162.1,3,2,2,有,有,19200000,133569,坡道平面,31.83,1800000,預售屋、或土地及建物分件登記案件；,RPWRMLRKOHLGFAD66DA,76.74,0.0,9.59,有,
安南區,房地(土地+建物)+車位,臺南市安南區新宅一街３００號十四樓之７,18.82,住,,,1130926,土地1建物1車位1,十四層,十四層,住宅大樓(11層含以上有電梯),住家用,鋼筋混凝土造,1150424,119.28999999999999,2,2,1,有,有,11020000,106958,坡道平面,32.34,1720000,預售屋、或土地及建物分件登記案件；,RPXNMLOKOHLGFBD78DA,52.05,0.0,4.88,有,
永康區,房地(土地+建物)+車位,臺南市永康區新行街３８８號八樓之１,27.52,住,,,1130930,土地1建物1車位2,八層,十四層,住宅大樓(11層含以上有電梯),住家用,鋼筋混凝土造,1141203,177.39,3,2,2,有,有,17680000,110468,坡道平面,49.48,3550000,親友、員工、共有人或其他特殊關係間之交易；預售屋、或土地及建物分件登記案件；,RPSOMLOJLHLGFKD88DA,75.44,0.0,7.85,有,
永康區,房地(土地+建物)+車位,臺南市永康區永善路１３２號八樓之１,25.69,住,,,1130928,土地1建物1車位1,八層,十五層,住宅大樓(11層含以上有電梯),住家用,鋼筋混凝土造,1150331,160.31,3,2,2,有,有,18380000,127818,坡道平面,25.9,1200000,預售屋、或土地及建物分件登記案件；,RPVNMLOKNHLGFKD76DA,81.1,0.0,8.14,有,
中西區,房地(土地+建物)+車位,臺南市中西區頂美三街３７號十二樓之６,35.24,住,,,1130816,土地5建物1車位1,十二層,十三層,住宅大樓(11層含以上有電梯),住家用,鋼筋混凝土造,1150324,152.32999999999998,3,2,2,有,有,19400000,145228,坡道平面,31.83,1900000,預售屋、或土地及建物分件登記案件；,RPRSMLRKOHLGFAD88DA,72.32,0.0,7.53,有,
中西區,房地(土地+建物)+車位,臺南市中西區頂美三街３７號十三樓之５,28.04,住,,,1130821,土地5建物1車位1,十三層,十三層,住宅大樓(11層含以上有電梯),住家用,鋼筋混凝土造,1150324,127.74,2,2,2,有,有,15710000,145032,坡道平面,31.83,1800000,預售屋、或土地及建物分件登記案件；,RPSSMLRKOHLGFAD98DA,59.7,0.0,3.85,有,
永康區,房地(土地+建物)+車位,臺南市永康區永善路１３２號十三樓之３,25.33,住,,,1130809,土地1建物1車位1,十三層,十五層,住宅大樓(11層含以上有電梯),住家用,鋼筋混凝土造,1150331,158.49,3,2,2,有,有,17980000,126103,坡道平面,25.9,1260000,預售屋、或土地及建物分件登記案件；,RPSPMLSKNHLGFKD07DA,78.38,0.0,9.64,有,
永康區,房地(土地+建物)+車位,臺南市永康區永善路１３２號八樓之８,25.08,住,,,1130804,土地1建物1車位1,八層,十五層,住宅大樓(11層含以上有電梯),住家用,鋼筋混凝土造,1150331,157.11,3,2,2,有,有,16580000,118131,坡道平面,25.9,1080000,預售屋、或土地及建物分件登記案件；,RPWTMLSKNHLGFKD87DA,78.77,0.0,8.38,有,
新市區,房地(土地+建物)+車位,臺南市新市區內１８２之２號五樓之１,32.18,,鄉村區,乙種建築用地,1130707,土地1建物1車位1,五層,七層,華廈(10層含以下有電梯),住家用,鋼筋混凝土造,1150210,119.49000000000001,3,2,2,有,有,10288881,85009,一樓平面,13.75,1300000,1.買賣價格新台幣10270000元整，工程客變追加帳新台幣18881元整，交易總價新台幣10288881元整。預售屋、或土地及建物分件登記案件；,RPQNMLNLOHLGFHD68DA,71.0,0.0,4.34,有,
中西區,房地(土地+建物)+車位,臺南市中西區頂美三街３７號五樓之３,28.04,住,,,1130714,土地5建物1車位1,五層,十三層,住宅大樓(11層含以上有電梯),住家用,鋼筋混凝土造,1150324,127.74,2,2,2,有,有,13846906,125606,坡道平面,31.83,1800000,合約價格：13880000元，工程款減帳：33094元，實際交易總價：13846906元預售屋、或土地及建物分件登記案件；,RPQPMLPKOHLGFAD28DA,59.95,0.0,3.6,有,
中西區,房地(土地+建物)+車位,臺南市中西區頂美三街３７號七樓之３,28.04,住,,,1130717,土地5建物1車位1,七層,十三層,住宅大樓(11層含以上有電梯),住家用,鋼筋混凝土造,1150324,127.74,2,2,2,有,有,13880000,125951,坡道平面,31.83,1800000,預售屋、或土地及建物分件登記案件；,RPSPMLPKOHLGFAD48DA,59.95,0.0,3.6,有,
中西區,房地(土地+建物)+車位,臺南市中西區頂美三街３７號十二樓之３,28.04,住,,,1130731,土地5建物1車位1,十二層,十三層,住宅大樓(11層含以上有電梯),住家用,鋼筋混凝土造,1150324,127.74,2,2,2,有,有,15130000,138984,坡道平面,31.83,1800000,預售屋、或土地及建物分件登記案件；,RPQSMLRKOHLGFAD78DA,59.95,0.0,3.6,有,
歸仁區,房地(土地+建物)+車位,臺南市歸仁區智慧三街１號一樓之１,28.84,住,,,1130729,土地1建物1車位1,一層,十三層,住宅大樓(11層含以上有電梯),住家用,鋼筋混凝土造,1140918,135.1,3,2,2,有,有,12320000,99333,坡道平面,25.67,1450000,114.06.03 預售屋讓渡，關係：配偶。預售屋、或土地及建物分件登記案件；,RPUNMLOLOHLGFID66DA,72.14,0.0,0.63,有,
安南區,房地(土地+建物)+車位,臺南市安南區新宅一街３０６號十二樓之２,26.76,住,,,1130717,土地1建物1車位1,十二層,十四層,住宅大樓(11層含以上有電梯),住家用,鋼筋混凝土造,1150424,155.92000000000002,3,2,2,有,有,14800000,106652,坡道平面,32.34,1620000,114年3月30日有轉讓，轉讓金額不變，轉讓關係為夫妻。預售屋、或土地及建物分件登記案件；,RPTOMLOKOHLGFBD48DA,71.66,0.0,9.28,有,
永康區,房地(土地+建物)+車位,臺南市永康區永善路１３２號六樓之３,25.33,住,,,1130713,土地1建物1車位1,六層,十五層,住宅大樓(11層含以上有電梯),住家用,鋼筋混凝土造,1150331,158.49,3,2,2,有,有,17460000,120522,坡道平面,25.9,1480000,預售屋、或土地及建物分件登記案件；,RPTOMLSKNHLGFKD07DA,78.38,0.0,9.64,有,
永康區,房地(土地+建物)+車位,臺南市永康區永善路１３２號十二樓之５,24.62,住,,,1130727,土地1建物1車位1,十二層,十五層,住宅大樓(11層含以上有電梯),住家用,鋼筋混凝土造,1150331,154.67000000000002,3,2,2,有,有,17300000,122699,坡道平面,25.9,1500000,預售屋、或土地及建物分件登記案件；,RPUQMLSKNHLGFKD37DA,76.56,0.0,8.94,有,
永康區,房地(土地+建物)+車位,臺南市永康區永善路１３０號十二樓之７,24.17,住,,,1130708,土地1建物1車位1,十二層,十五層,住宅大樓(11層含以上有電梯),住家用,鋼筋混凝土造,1150331,154.41,3,2,2,有,有,17180000,120769,坡道平面,25.9,1660000,預售屋、或土地及建物分件登記案件；,RPPVMLTKNHLGFKD47DA,75.8,0.0,8.23,有,
永康區,房地(土地+建物)+車位,臺南市永康區永善一街１０９號,19.77,住,,,1130707,土地1建物1車位1,一層,十五層,住宅大樓(11層含以上有電梯),商業用,鋼筋混凝土造,1150331,130.9,0,0,1,有,有,16480000,142857,坡道平面,25.9,1480000,讓渡日期:115.3.14；讓渡金額:1648萬元整預售屋、或土地及建物分件登記案件；,RPVWMLTKNHLGFKD18DA,62.66,0.0,6.04,有,
永康區,房地(土地+建物)+車位,臺南市永康區永善路１３２號十二樓之３,25.33,住,,,1130608,土地1建物1車位1,十二層,十五層,住宅大樓(11層含以上有電梯),住家用,鋼筋混凝土造,1150331,158.49,3,2,2,有,有,17950000,123463,坡道平面,25.9,1580000,預售屋、或土地及建物分件登記案件；,RPRPMLSKNHLGFKD96DA,78.38,0.0,9.64,有,
永康區,房地(土地+建物)+車位,臺南市永康區永善路１３２號十一樓之８,25.08,住,,,1130621,土地1建物1車位1,十一層,十五層,住宅大樓(11層含以上有電梯),住家用,鋼筋混凝土造,1150331,157.11,3,2,2,有,有,16680000,115997,坡道平面,25.9,1460000,預售屋、或土地及建物分件登記案件；,RPQUMLSKNHLGFKD37DA,78.77,0.0,8.38,有,
歸仁區,房地(土地+建物),臺南市歸仁區中正南路一段１３１巷１６號四樓之１,38.35,住,,,1130609,土地3建物1車位0,四層,五層,華廈(10層含以下有電梯),住家用,鋼筋混凝土造,1150129,109.42999999999999,3,2,2,有,有,10220000,93393,,0.0,0,預售屋、或土地及建物分件登記案件；,RPXOMLLJOHLGFID56DA,75.9,0.0,7.62,有,
安南區,房地(土地+建物)+車位,臺南市安南區新宅一街３００號七樓之１,26.41,住,,,1130619,土地1建物1車位1,七層,十四層,住宅大樓(11層含以上有電梯),住家用,鋼筋混凝土造,1150424,154.24,3,2,2,有,有,13840000,100246,坡道平面,32.34,1620000,預售屋、或土地及建物分件登記案件；,RPQOMLLKOHLGFBD87DA,70.42,0.0,9.42,有,
永康區,房地(土地+建物)+車位,臺南市永康區永善路１３２號十二樓之１,25.53,住,,,1130629,土地1建物1車位1,十二層,十五層,住宅大樓(11層含以上有電梯),住家用,鋼筋混凝土造,1150331,159.55,3,2,2,有,有,18150000,124729,坡道平面,25.9,1480000,預售屋、或土地及建物分件登記案件；,RPPOMLOKNHLGFKD88DA,80.65,0.0,8.14,有,
永康區,房地(土地+建物)+車位,臺南市永康區永善路１３０號十二樓之３,24.22,住,,,1130616,土地1建物1車位1,十二層,十五層,住宅大樓(11層含以上有電梯),住家用,鋼筋混凝土造,1150331,154.64,3,2,2,有,有,17660000,125680,坡道平面,25.9,1480000,預售屋、或土地及建物分件登記案件；,RPORMLTKNHLGFKD96DA,75.97,0.0,8.25,有,
永康區,房地(土地+建物)+車位,臺南市永康區永善一街１０７號,15.93,住,,,1130614,土地1建物1車位1,一層,十五層,住宅大樓(11層含以上有電梯),商業用,鋼筋混凝土造,1150331,110.55000000000001,0,0,1,有,有,13460000,142942,坡道平面,25.9,1360000,讓渡日期:115.3.14；讓渡金額:1346萬元整預售屋、或土地及建物分件登記案件；,RPUWMLTKNHLGFKD08DA,49.19,0.0,6.19,有,
永康區,房地(土地+建物)+車位,臺南市永康區永善路１３２號五樓之３,25.33,住,,,1130516,土地1建物1車位1,五層,十五層,住宅大樓(11層含以上有電梯),住家用,鋼筋混凝土造,1150331,158.49,3,2,2,有,有,17060000,118259,坡道平面,25.9,1380000,預售屋、或土地及建物分件登記案件；,RPSOMLSKNHLGFKD96DA,78.38,0.0,9.64,有,
永康區,房地(土地+建物)+車位,臺南市永康區永善路１３２號十四樓之６,25.59,住,,,1130512,土地1建物1車位1,十四層,十五層,住宅大樓(11層含以上有電梯),住家用,鋼筋混凝土造,1150331,159.81,3,2,2,有,有,17390000,118811,坡道平面,25.9,1480000,預售屋、或土地及建物分件登記案件；,RPWRMLSKNHLGFKD67DA,79.97,0.0,8.94,有,
永康區,房地(土地+建物)+車位,臺南市永康區永善路１３０號二樓之５,25.59,住,,,1130511,土地1建物1車位1,二層,十五層,住宅大樓(11層含以上有電梯),住家用,鋼筋混凝土造,1150331,161.82999999999998,3,2,2,有,有,16730000,111602,坡道平面,25.9,1560000,預售屋、或土地及建物分件登記案件；,RPSRMLTKNHLGFKD37DA,81.29,0.0,7.58,有,
永康區,房地(土地+建物)+車位,臺南市永康區永善路１３０號二樓之３,22.96,住,,,1130525,土地1建物1車位1,二層,十五層,住宅大樓(11層含以上有電梯),住家用,鋼筋混凝土造,1150331,147.97,3,2,2,有,有,17360000,130908,坡道平面,25.9,1380000,含傢俱設備費73830元；預售屋、或土地及建物分件登記案件；,RPTNMLLJOHLGFKD88DA,71.62,0.0,8.2,有,
東區,房地(土地+建物)+車位,臺南市東區崇善二街５２號十樓,20.06,住,,,1130511,土地1建物1車位1,十層,十二層,住宅大樓(11層含以上有電梯),住家用,鋼筋混凝土造,1141231,124.28999999999999,2,2,2,有,有,12940000,119982,坡道平面,34.36,2150000,預售屋、或土地及建物分件登記案件；,RPROMLLKOHLGFCD08DA,56.22,0.0,4.26,有,
東區,房地(土地+建物)+車位,臺南市東區崇善二街５６號十二樓,19.45,住,,,1130502,土地1建物1車位1,十二層,十二層,住宅大樓(11層含以上有電梯),住家用,鋼筋混凝土造,1141231,121.56,2,2,2,有,有,12430000,119037,坡道平面,34.36,2050000,親友、員工、共有人或其他特殊關係間之交易；預售屋、或土地及建物分件登記案件；,RPTOMLLKOHLGFCD28DA,54.82,0.0,3.86,有,
歸仁區,房地(土地+建物)+車位,臺南市歸仁區中正南路一段１３１巷１２號五樓之２,37.57,住,,,1130525,土地3建物1車位1,五層,五層,華廈(10層含以下有電梯),住家用,鋼筋混凝土造,1150129,115.59,3,2,2,有,有,11250000,95550,其他,8.84,1050000,原預售屋合約之買受人為夫妻2人共有，後指定登記名義人為夫或妻之一方單獨所有。預售屋、或土地及建物分件登記案件；,RPUNMLOJOHLGFID09DA,74.45,0.0,6.95,有,
歸仁區,房地(土地+建物),臺南市歸仁區中正南路一段１３１巷１２號四樓之３,38.81,住,,,1130526,土地3建物1車位0,四層,五層,華廈(10層含以下有電梯),住家用,鋼筋混凝土造,1150129,109.72,3,2,2,有,有,9630000,87769,,0.0,0,親友、員工、共有人或其他特殊關係間之交易；預售屋、或土地及建物分件登記案件；,RPVNMLOJOHLGFID56DA,72.32,0.0,11.36,有,
中西區,房地(土地+建物)+車位,臺南市中西區頂美三街３７號九樓之３,28.04,住,,,1130513,土地5建物1車位1,九層,十三層,住宅大樓(11層含以上有電梯),住家用,鋼筋混凝土造,1150324,127.74,2,2,2,有,有,14560000,133041,坡道平面,31.83,1800000,預售屋、或土地及建物分件登記案件；,RPTPMLPKOHLGFAD58DA,59.95,0.0,3.6,有,
歸仁區,房地(土地+建物)+車位,臺南市歸仁區中正南路一段１３１巷１６號二樓之２,29.74,住,,,1130513,土地3建物1車位1,二層,五層,華廈(10層含以下有電梯),住家用,鋼筋混凝土造,1150129,93.83000000000001,2,2,2,有,有,8300000,84716,其他,8.84,1100000,解約後再次出售之交易，原申報書序號:B1DI11210230003預售屋、或土地及建物分件登記案件；,RPWNMLOJOHLGFID66DA,58.97,0.0,5.68,有,
安南區,房地(土地+建物)+車位,臺南市安南區新宅一街３００號三樓之２,26.76,住,,,1130527,土地1建物1車位1,三層,十四層,住宅大樓(11層含以上有電梯),住家用,鋼筋混凝土造,1150424,155.92000000000002,3,2,2,有,有,12470000,88607,坡道平面,32.34,1520000,114年3月24日有轉讓，轉讓金額不變，轉讓關係為夫妻。預售屋、或土地及建物分件登記案件；,RPSOMLLKOHLGFBD08DA,71.66,0.0,9.28,有,
安南區,房地(土地+建物)+車位,臺南市安南區新宅一街３０６號四樓之１,25.81,住,,,1130517,土地1建物1車位1,四層,十四層,住宅大樓(11層含以上有電梯),住家用,鋼筋混凝土造,1150424,151.49,3,2,2,有,有,12650000,93328,坡道平面,32.34,1530000,預售屋、或土地及建物分件登記案件；,RPPOMLOKOHLGFBD08DA,68.72,0.0,9.34,有,
安南區,房地(土地+建物)+車位,臺南市安南區新宅一街３０６號六樓之１,25.81,住,,,1130517,土地1建物1車位1,六層,十四層,住宅大樓(11層含以上有電梯),住家用,鋼筋混凝土造,1150424,151.49,3,2,2,有,有,13100000,94671,坡道平面,32.34,1820000,預售屋、或土地及建物分件登記案件；,RPQOMLOKOHLGFBD18DA,68.72,0.0,9.34,有,
善化區,房地(土地+建物)+車位,臺南市善化區小新營５之１５號二樓之１,31.03,住,,,1130525,土地2建物1車位1,二層,七層,華廈(10層含以下有電梯),住家用,鋼筋混凝土造,1150327,98.15,2,2,2,有,有,7844424,83723,其他,16.16,980000,於115年6月24日有簽訂增補契約，因成屋面積有調整，交易金額有找補情形，買方找補金額為54424元預售屋、或土地及建物分件登記案件；,RPVNMLOLOHLGFHD66DA,55.5,0.0,7.08,有,
永康區,房地(土地+建物)+車位,臺南市永康區永善路１３２號三樓之１,25.69,住,,,1130508,土地1建物1車位1,三層,十五層,住宅大樓(11層含以上有電梯),住家用,鋼筋混凝土造,1150331,160.31,3,2,2,有,有,17130000,116435,坡道平面,25.9,1480000,預售屋、或土地及建物分件登記案件；,RPRNMLOKNHLGFKD98DA,81.1,0.0,8.14,有,
永康區,房地(土地+建物)+車位,臺南市永康區永善路１３２號十二樓之７,18.61,住,,,1130531,土地1建物1車位1,十二層,十五層,住宅大樓(11層含以上有電梯),住家用,鋼筋混凝土造,1150331,123.22,2,2,2,有,有,13200000,121455,坡道平面,25.9,1380000,預售屋、或土地及建物分件登記案件；,RPXSMLSKNHLGFKD87DA,61.27,0.0,3.34,有,
永康區,房地(土地+建物)+車位,臺南市永康區永善路１３０號三樓之２,30.29,住,,,1130527,土地1建物1車位1,三層,十五層,住宅大樓(11層含以上有電梯),住家用,鋼筋混凝土造,1150331,186.89,4,2,2,有,有,20320000,116529,坡道平面,25.9,1560000,預售屋、或土地及建物分件登記案件；,RPWOMLTKNHLGFKD47DA,96.27,0.0,9.01,有,
東區,房地(土地+建物)+車位,臺南市東區崇善二街５２號十二樓,20.06,住,,,1130428,土地1建物1車位1,十二層,十二層,住宅大樓(11層含以上有電梯),住家用,鋼筋混凝土造,1141231,124.28999999999999,2,2,2,有,有,12880000,121539,坡道平面,34.36,1950000,預售屋、或土地及建物分件登記案件；,RPSOMLLKOHLGFCD18DA,56.22,0.0,4.26,有,
仁德區,房地(土地+建物),臺南市仁德區賢路二段１５巷３０弄１２號,88.81,住,,,1130416,土地3建物1車位0,全,四層,透天厝,住家用,鋼筋混凝土造,1141216,178.39,4,2,4,有,有,16480000,92382,,0.0,0,1.有停車位一位2.此為預售屋權利讓渡，讓渡後價格1648萬元預售屋、或土地及建物分件登記案件；,RPTNMLQKOHLGFID66DA,173.56,0.0,4.83,無,
仁德區,房地(土地+建物),臺南市仁德區賢路二段１５巷３０弄２號,78.57,住,,,1130426,土地3建物1車位0,全,四層,透天厝,住家用,鋼筋混凝土造,1141216,173.68,4,2,4,有,有,16680000,96039,,0.0,0,有停車位一位預售屋、或土地及建物分件登記案件；,RPQNMLQKOHLGFID98DA,164.21,0.0,9.47,無,
仁德區,房地(土地+建物),臺南市仁德區賢路二段１５巷３０弄７號,86.12,住,,,1130413,土地3建物1車位0,全,四層,透天厝,住家用,鋼筋混凝土造,1141216,202.6,4,2,4,有,有,17180000,84798,,0.0,0,有停車位一位預售屋、或土地及建物分件登記案件；,RPRNMLQKOHLGFID09DA,178.73,0.0,23.87,無,
仁德區,房地(土地+建物),臺南市仁德區賢路二段１５巷３０弄５號,85.07,住,,,1130426,土地3建物1車位0,全,四層,透天厝,住家用,鋼筋混凝土造,1141216,197.45,4,2,4,有,有,17380000,88022,,0.0,0,1.有停車位一位2.指定登記名義人預售屋、或土地及建物分件登記案件；,RPSNMLQKOHLGFID56DA,176.16,0.0,21.29,無,
歸仁區,房地(土地+建物)+車位,臺南市歸仁區中正南路一段１３１巷１６號四樓之３,31.21,住,,,1130421,土地3建物1車位1,四層,五層,華廈(10層含以下有電梯),住家用,鋼筋混凝土造,1150129,106.08,2,2,2,有,有,9850000,92750,一樓平面,17.67,1650000,預售屋、或土地及建物分件登記案件；,RPTOMLLJOHLGFID78DA,60.02,0.0,7.26,有,
歸仁區,房地(土地+建物)+車位,臺南市歸仁區中正南路一段１３１巷１６號二樓之１,38.35,住,,,1130412,土地3建物1車位1,二層,五層,華廈(10層含以下有電梯),住家用,鋼筋混凝土造,1150129,127.1,3,2,2,有,有,10950000,84986,一樓平面,17.67,1650000,預售屋、或土地及建物分件登記案件；,RPQPMLLJOHLGFID58DA,75.9,0.0,7.62,有,
永康區,房地(土地+建物)+車位,臺南市永康區永善路１３２號二樓之６,25.59,住,,,1130407,土地1建物1車位1,二層,十五層,住宅大樓(11層含以上有電梯),住家用,鋼筋混凝土造,1150331,159.78,3,2,2,有,有,16980000,114281,坡道平面,25.9,1680000,含傢俱設備費26230元；預售屋、或土地及建物分件登記案件；,RPTNMLMKOHLGFKD09DA,79.97,0.0,8.93,有,
永康區,房地(土地+建物)+車位,臺南市永康區永善路１３２號七樓之３,25.33,住,,,1130428,土地1建物1車位1,七層,十五層,住宅大樓(11層含以上有電梯),住家用,鋼筋混凝土造,1150331,158.49,3,2,2,有,有,17330000,119541,坡道平面,25.9,1480000,預售屋、或土地及建物分件登記案件；,RPUOMLSKNHLGFKD17DA,78.38,0.0,9.64,有,
永康區,房地(土地+建物)+車位,臺南市永康區永善路１３２號十四樓之５,24.62,住,,,1130428,土地1建物1車位1,十四層,十五層,住宅大樓(11層含以上有電梯),住家用,鋼筋混凝土造,1150331,154.67000000000002,3,2,2,有,有,17180000,120370,坡道平面,25.9,1680000,預售屋、或土地及建物分件登記案件；,RPWQMLSKNHLGFKD57DA,76.56,0.0,8.94,有,
永康區,房地(土地+建物)+車位,臺南市永康區永善路１３２號十五樓之６,25.59,住,,,1130430,土地1建物1車位1,十五層,十五層,住宅大樓(11層含以上有電梯),住家用,鋼筋混凝土造,1150331,159.81,3,2,2,有,有,17300000,118288,坡道平面,25.9,1460000,預售屋、或土地及建物分件登記案件；,RPXRMLSKNHLGFKD77DA,79.97,0.0,8.94,有,
永康區,房地(土地+建物)+車位,臺南市永康區永善路１３０號四樓之５,24.52,住,,,1130413,土地1建物1車位1,四層,十五層,住宅大樓(11層含以上有電梯),住家用,鋼筋混凝土造,1150331,156.17000000000002,3,2,2,有,有,16180000,111461,坡道平面,25.9,1660000,預售屋、或土地及建物分件登記案件；,RPURMLTKNHLGFKD57DA,76.99,0.0,8.2,有,
永康區,房地(土地+建物)+車位,臺南市永康區永善路１３０號十五樓之６,24.07,住,,,1130406,土地1建物1車位1,十五層,十五層,住宅大樓(11層含以上有電梯),住家用,鋼筋混凝土造,1150331,153.79000000000002,3,2,2,有,有,16520000,117757,坡道平面,25.9,1460000,預售屋、或土地及建物分件登記案件；,RPOUMLTKNHLGFKD27DA,75.41,0.0,8.21,有,
永康區,房地(土地+建物)+車位,臺南市永康區永善路１３０號四樓之３,24.37,住,,,1130315,土地1建物1車位1,四層,十五層,住宅大樓(11層含以上有電梯),住家用,鋼筋混凝土造,1150331,155.39,3,2,2,有,有,16860000,117384,坡道平面,25.9,1660000,預售屋、或土地及建物分件登記案件；,RPQQMLTKNHLGFKD07DA,76.41,0.0,8.25,有,
仁德區,房地(土地+建物),臺南市仁德區賢路二段１５巷３２號,117.21,住,,,1130330,土地2建物1車位0,全,四層,透天厝,住家用,鋼筋混凝土造,1141216,325.57,5,2,4,有,有,26160000,80351,,0.0,0,有停車位一位預售屋、或土地及建物分件登記案件；,RPUNMLQKOHLGFID76DA,297.68,0.0,27.89,有,
中西區,房地(土地+建物)+車位,臺南市中西區頂美三街３７號十一樓之５,28.04,住,,,1130310,土地5建物1車位1,十一層,十三層,住宅大樓(11層含以上有電梯),住家用,鋼筋混凝土造,1150324,127.74,2,2,2,有,有,15580000,143676,坡道平面,31.83,1800000,預售屋、或土地及建物分件登記案件；,RPUPMLPKOHLGFAD68DA,59.7,0.0,3.85,有,
安南區,房地(土地+建物)+車位,臺南市安南區新宅一街３０６號二樓之１,25.81,住,,,1130326,土地1建物1車位1,二層,十四層,住宅大樓(11層含以上有電梯),住家用,鋼筋混凝土造,1150424,151.49,3,2,2,有,有,11950000,87537,坡道平面,32.34,1520000,預售屋、或土地及建物分件登記案件；,RPOOMLOKOHLGFBD97DA,68.72,0.0,9.34,有,
安南區,房地(土地+建物)+車位,臺南市安南區新宅一街３０６號五樓之１,25.81,住,,,1130305,土地1建物1車位1,五層,十四層,住宅大樓(11層含以上有電梯),住家用,鋼筋混凝土造,1150424,151.49,3,2,2,有,有,12450000,91733,坡道平面,32.34,1520000,預售屋、或土地及建物分件登記案件；,RPQPMLOKOHLGFBD28DA,68.72,0.0,9.34,有,
永康區,房地(土地+建物)+車位,臺南市永康區永善路１３２號十五樓之５,24.62,住,,,1130303,土地1建物1車位1,十五層,十五層,住宅大樓(11層含以上有電梯),住家用,鋼筋混凝土造,1150331,154.67000000000002,3,2,2,有,有,16900000,119127,坡道平面,25.9,1560000,預售屋、或土地及建物分件登記案件；,RPXQMLSKNHLGFKD67DA,76.56,0.0,8.94,有,
永康區,房地(土地+建物)+車位,臺南市永康區永善路１３２號十樓之８,25.08,住,,,1130309,土地1建物1車位1,十層,十五層,住宅大樓(11層含以上有電梯),住家用,鋼筋混凝土造,1150331,157.11,3,2,2,有,有,16260000,112796,坡道平面,25.9,1460000,預售屋、或土地及建物分件登記案件；,RPPUMLSKNHLGFKD27DA,78.77,0.0,8.38,有,
永康區,房地(土地+建物)+車位,臺南市永康區永善路１３０號十四樓之７,24.17,住,,,1130317,土地1建物1車位1,十四層,十五層,住宅大樓(11層含以上有電梯),住家用,鋼筋混凝土造,1150331,154.41,3,2,2,有,有,16760000,118279,坡道平面,25.9,1560000,預售屋、或土地及建物分件登記案件；,RPRVMLTKNHLGFKD67DA,75.8,0.0,8.23,有,
永康區,房地(土地+建物)+車位,臺南市永康區永善路１３２號十樓之６,25.59,住,,,1130228,土地1建物1車位1,十層,十五層,住宅大樓(11層含以上有電梯),住家用,鋼筋混凝土造,1150331,159.81,3,2,2,有,有,16880000,115152,坡道平面,25.9,1460000,預售屋、或土地及建物分件登記案件；,RPSNMLTLNHLGFKD07DA,79.97,0.0,8.94,有,
歸仁區,房地(土地+建物)+車位,臺南市歸仁區中正南路一段１３１巷１２號四樓之１,36.81,住,,,1130204,土地3建物1車位1,四層,五層,華廈(10層含以下有電梯),住家用,鋼筋混凝土造,1150129,123.13,3,2,2,有,有,11360000,92073,一樓平面,17.67,1650000,原預售屋合約之買受人為夫妻2人共有，後指定登記名義人為夫或妻之一方單獨所有。預售屋、或土地及建物分件登記案件；,RPTNMLOJOHLGFID98DA,71.35,0.0,9.06,有,
永康區,房地(土地+建物)+車位,臺南市永康區永安路２９２號二樓之６,24.64,住,,,1130222,土地1建物1車位1,二層,十五層,住宅大樓(11層含以上有電梯),住家用,鋼筋混凝土造,1150303,153.03,3,2,2,有,有,17360000,122163,坡道平面,25.25,1750000,預售屋、或土地及建物分件登記案件；,RPSRMLSJNHLGFKD17DA,75.25,0.0,9.04,有,
中西區,房地(土地+建物)+車位,臺南市中西區頂美三街３７號十樓之６,35.24,住,,,1130205,土地5建物1車位1,十層,十三層,住宅大樓(11層含以上有電梯),住家用,鋼筋混凝土造,1150324,152.32999999999998,3,2,2,有,有,18763014,139942,坡道平面,31.83,1900000,合約價格：18740000元，工程款加帳23014元，實際交易總價：18763014元預售屋、或土地及建物分件登記案件；,RPPSMLRKOHLGFAD68DA,72.32,0.0,7.53,有,
永康區,房地(土地+建物)+車位,臺南市永康區永善路１３２號三樓之５,24.62,住,,,1130203,土地1建物1車位1,三層,十五層,住宅大樓(11層含以上有電梯),住家用,鋼筋混凝土造,1150331,154.66,3,2,2,有,有,15680000,111836,坡道平面,25.9,1280000,預售屋、或土地及建物分件登記案件；,RPVPMLSKNHLGFKD37DA,76.56,0.0,8.93,有,
永康區,房地(土地+建物)+車位,臺南市永康區永善路１３２號五樓之８,25.08,住,,,1130228,土地1建物1車位1,五層,十五層,住宅大樓(11層含以上有電梯),住家用,鋼筋混凝土造,1150331,157.11,3,2,2,有,有,15850000,109672,坡道平面,25.9,1460000,預售屋、或土地及建物分件登記案件；,RPTTMLSKNHLGFKD57DA,78.77,0.0,8.38,有,
永康區,房地(土地+建物)+車位,臺南市永康區永善路１３０號十四樓之１,30.19,住,,,1130227,土地1建物1車位1,十四層,十五層,住宅大樓(11層含以上有電梯),住家用,鋼筋混凝土造,1150331,186.22,4,2,2,有,有,20900000,120509,坡道平面,25.9,1580000,讓渡日期:115.2.25；讓渡金額:2090萬元整預售屋、或土地及建物分件登記案件；,RPTOMLTKNHLGFKD17DA,95.83,0.0,9.01,有,
歸仁區,房地(土地+建物)+車位,臺南市歸仁區中正南路一段１３１巷１２號二樓之２,37.57,住,,,1130128,土地3建物1車位1,二層,五層,華廈(10層含以下有電梯),住家用,鋼筋混凝土造,1150129,124.42000000000002,3,2,2,有,有,10730000,85059,一樓平面,17.67,1650000,預售屋、或土地及建物分件登記案件；,RPPNMLLJOHLGFID28DA,74.45,0.0,6.95,有,
歸仁區,房地(土地+建物)+車位,臺南市歸仁區中正南路一段１３１巷１６號四樓之２,29.74,住,,,1130128,土地3建物1車位1,四層,五層,華廈(10層含以下有電梯),住家用,鋼筋混凝土造,1150129,102.66,2,2,2,有,有,9250000,89422,一樓平面,17.67,1650000,預售屋、或土地及建物分件登記案件；,RPWOMLLJOHLGFID09DA,58.97,0.0,5.68,有,
麻豆區,房地(土地+建物),臺南市麻豆區自由路３９號,104.34,住,,,1130106,土地2建物1車位0,全,三層,透天厝,住商用,鋼筋混凝土造,1140620,227.04,4,2,5,有,無,16500000,72674,,0.0,0,預售屋、或土地及建物分件登記案件；,RPUNMLRJJHLGFFD58DA,214.8,0.0,12.2,無,
永康區,房地(土地+建物)+車位,臺南市永康區永善路１３０號七樓之１,30.29,住,,,1130107,土地1建物1車位1,七層,十五層,住宅大樓(11層含以上有電梯),住家用,鋼筋混凝土造,1150331,186.89,4,2,2,有,有,20280000,116156,坡道平面,25.9,1580000,預售屋、或土地及建物分件登記案件；,RPXNMLTKNHLGFKD47DA,96.27,0.0,9.01,有,
永康區,房地(土地+建物)+車位,臺南市永康區永善路１３０號十樓之５,24.37,住,,,1130127,土地1建物1車位1,十層,十五層,住宅大樓(11層含以上有電梯),住家用,鋼筋混凝土造,1150331,155.47,3,2,2,有,有,16380000,115150,坡道平面,25.9,1460000,預售屋、或土地及建物分件登記案件；,RPQSMLTKNHLGFKD27DA,76.52,0.0,8.2,有,
仁德區,土地,崑崙段211地號,424.49,住,,,1121222,土地1建物0車位0,,,其他,,,,0.0,0,0,0,無,無,20550000,48411,,0.0,0,依土地法34-1售出全部,RPTOMLKLNHLGFID78DA,0.0,0.0,0.0,無,120
永康區,房地(土地+建物)+車位,臺南市永康區永善路１３０號二樓之６,24.17,住,,,1121210,土地1建物1車位1,二層,十五層,住宅大樓(11層含以上有電梯),住家用,鋼筋混凝土造,1150331,154.42000000000002,3,2,2,有,有,15500000,109244,坡道平面,25.9,1460000,含傢俱設備費26230元；預售屋、或土地及建物分件登記案件；,RPXNMLSLNHLGFKD47DA,75.8,0.0,8.24,有,
永康區,房地(土地+建物)+車位,臺南市永康區永善路１３２號十三樓之９,21.24,住,,,1121205,土地1建物1車位1,十三層,十五層,住宅大樓(11層含以上有電梯),住家用,鋼筋混凝土造,1150331,137.08,3,2,2,有,有,14100000,113690,坡道平面,25.9,1460000,預售屋、或土地及建物分件登記案件；,RPWVMLSKNHLGFKD08DA,70.16,0.0,3.68,有,
永康區,房地(土地+建物)+車位,臺南市永康區永善路１３２號十二樓之９,21.24,住,,,1121229,土地1建物1車位1,十二層,十五層,住宅大樓(11層含以上有電梯),住家用,鋼筋混凝土造,1150331,137.08,3,2,2,有,有,13850000,113779,坡道平面,25.9,1200000,讓渡日期:115.1.23；讓渡金額:1385萬元整預售屋、或土地及建物分件登記案件；,RPTNMLTLNHLGFKD17DA,70.16,0.0,3.68,有,
永康區,房地(土地+建物)+車位,臺南市永康區永安路２９２號十三樓之１,23.67,住,,,1121203,土地1建物1車位1,十三層,十五層,住宅大樓(11層含以上有電梯),住家用,鋼筋混凝土造,1150303,147.82999999999998,3,2,2,有,有,17170000,126611,坡道平面,25.25,1650000,預售屋、或土地及建物分件登記案件；,RPOOMLSJNHLGFKD09DA,71.74,0.0,9.15,有,
安南區,房地(土地+建物)+車位,臺南市安南區新宅一街３００號六樓之３,19.99,住,,,1121201,土地1建物1車位1,六層,十四層,住宅大樓(11層含以上有電梯),住家用,鋼筋混凝土造,1150424,124.67,2,2,1,有,有,10300000,95094,坡道平面,32.34,1520000,預售屋、或土地及建物分件登記案件；,RPPOMLLKOHLGFBD77DA,52.05,0.0,8.42,有,
東區,房地(土地+建物)+車位,臺南市東區崇善二街５０號二樓,25.12,住,,,1121109,土地1建物1車位1,二層,十二層,住宅大樓(11層含以上有電梯),住家用,鋼筋混凝土造,1141231,146.43,3,2,2,有,有,14120954,106817,坡道平面,34.36,2150000,115年05月28日有簽訂增補契約，因成屋面積有調整，交易金額有找補情形，買方找補金額為80954元整。預售屋、或土地及建物分件登記案件；,RPVNMLLKOHLGFCD38DA,67.12,0.0,8.09,有,
歸仁區,房地(土地+建物)+車位,臺南市歸仁區中正南路一段１３１巷１６號三樓之２,29.74,住,,,1121114,土地3建物1車位1,三層,五層,華廈(10層含以下有電梯),住家用,鋼筋混凝土造,1150129,93.83000000000001,2,2,2,有,有,8540000,87540,其他,8.84,1100000,預售屋、或土地及建物分件登記案件；,RPQOMLLJOHLGFID48DA,58.97,0.0,5.68,有,
永康區,房地(土地+建物)+車位,臺南市永康區永善路１３０號七樓之６,24.22,住,,,1121118,土地1建物1車位1,七層,十五層,住宅大樓(11層含以上有電梯),住家用,鋼筋混凝土造,1150331,154.51,3,2,2,有,有,15880000,112122,坡道平面,25.9,1460000,預售屋、或土地及建物分件登記案件；,RPQTMLTKNHLGFKD37DA,75.9,0.0,8.21,有,
永康區,房地(土地+建物)+車位,臺南市永康區永善路１３２號一樓,26.34,住,,,1121107,土地1建物1車位1,一層,十五層,住宅大樓(11層含以上有電梯),住家用,鋼筋混凝土造,1150331,163.64,3,2,2,有,有,18680000,127777,坡道平面,25.9,1080000,讓渡日期:115.1.28；讓渡金額:1868萬元整含傢俱設備費26230元；預售屋、或土地及建物分件登記案件；,RPVNMLOJOHLGFKD76DA,85.4,0.0,6.12,有,
歸仁區,房地(土地+建物),臺南市歸仁區中正南路一段１３１巷１２號二樓之１,36.81,住,,,1121006,土地3建物1車位0,二層,五層,華廈(10層含以下有電梯),住家用,鋼筋混凝土造,1150129,105.46,3,2,2,有,有,8800000,83444,,0.0,0,預售屋、或土地及建物分件登記案件；,RPPOMLLJOHLGFID38DA,71.35,0.0,9.06,有,
中西區,房地(土地+建物)+車位,臺南市中西區頂美三街３７號十樓之５,28.04,住,,,1121019,土地5建物1車位1,十層,十三層,住宅大樓(11層含以上有電梯),住家用,鋼筋混凝土造,1150324,127.74,2,2,2,有,有,15330000,142112,坡道平面,31.83,1700000,預售屋、或土地及建物分件登記案件；,RPOSMLRKOHLGFAD58DA,59.7,0.0,3.85,有,
永康區,房地(土地+建物),臺南市永康區永安路２９８號,23.36,住,,,1121001,土地1建物1車位0,一層,十五層,住宅大樓(11層含以上有電梯),商業用,鋼筋混凝土造,1150303,121.25,0,0,0,無,有,19980000,164784,,0.0,0,預售屋、或土地及建物分件登記案件；,RPRWMLTJNHLGFKD67DA,73.31,0.0,6.68,有,
永康區,房地(土地+建物),臺南市永康區永安路２９６號,23.67,住,,,1121001,土地1建物1車位0,一層,十五層,住宅大樓(11層含以上有電梯),商業用,鋼筋混凝土造,1150303,122.86,0,0,0,無,有,19390000,157822,,0.0,0,預售屋、或土地及建物分件登記案件；,RPSWMLTJNHLGFKD77DA,73.32,0.0,7.71,有,
中西區,房地(土地+建物)+車位,臺南市中西區頂美三街３７號五樓之５,28.04,住,,,1121007,土地5建物1車位1,五層,十三層,住宅大樓(11層含以上有電梯),住家用,鋼筋混凝土造,1150324,127.74,2,2,2,有,有,14647085,134992,坡道平面,31.83,1700000,合約價格：14610000元，工程款加帳：37085元，實際交易總價：14647085元預售屋、或土地及建物分件登記案件；,RPVPMLPKOHLGFAD78DA,59.7,0.0,3.85,有,
永康區,房地(土地+建物)+車位,臺南市永康區永善路１３２號九樓之６,25.59,住,,,1120929,土地1建物1車位1,九層,十五層,住宅大樓(11層含以上有電梯),住家用,鋼筋混凝土造,1150331,159.81,3,2,2,有,有,16650000,112688,坡道平面,25.9,1560000,預售屋、或土地及建物分件登記案件；,RPTRMLSKNHLGFKD37DA,79.97,0.0,8.94,有,
永康區,房地(土地+建物)+車位,臺南市永康區永善路１３２號十四樓之７,18.61,住,,,1120924,土地1建物1車位1,十四層,十五層,住宅大樓(11層含以上有電梯),住家用,鋼筋混凝土造,1150331,123.22,2,2,2,有,有,13000000,119400,坡道平面,25.9,1380000,預售屋、或土地及建物分件登記案件；,RPPTMLSKNHLGFKD17DA,61.27,0.0,3.34,有,
永康區,房地(土地+建物)+車位,臺南市永康區永善路１３８號,20.68,住,,,1120930,土地1建物1車位1,一層,十五層,住宅大樓(11層含以上有電梯),商業用,鋼筋混凝土造,1150331,134.1,0,0,1,有,有,16580000,138817,坡道平面,25.9,1560000,預售屋、或土地及建物分件登記案件；,RPPWMLTKNHLGFKD57DA,65.65,0.0,6.27,有,
永康區,房地(土地+建物)+車位,臺南市永康區永善路１３２號五樓之２,18.35,住,,,1120915,土地1建物1車位1,五層,十五層,住宅大樓(11層含以上有電梯),住家用,鋼筋混凝土造,1150331,121.78999999999999,2,2,2,有,有,12880000,119929,坡道平面,25.9,1380000,讓渡日期:115.2.11；讓渡金額:1288萬元整預售屋、或土地及建物分件登記案件；,RPUNMLTJOHLGFKD17DA,60.35,0.0,3.34,有,
永康區,房地(土地+建物)+車位,臺南市永康區永善路１３０號十一樓之３,24.22,住,,,1120814,土地1建物1車位1,十一層,十五層,住宅大樓(11層含以上有電梯),住家用,鋼筋混凝土造,1150331,154.64,3,2,2,有,有,16980000,121174,坡道平面,25.9,1380000,預售屋、或土地及建物分件登記案件；,RPXQMLTKNHLGFKD77DA,75.97,0.0,8.25,有,
永康區,房地(土地+建物)+車位,臺南市永康區永善路１３０號五樓之６,24.22,住,,,1120819,土地1建物1車位1,五層,十五層,住宅大樓(11層含以上有電梯),住家用,鋼筋混凝土造,1150331,154.51,3,2,2,有,有,15680000,110567,坡道平面,25.9,1460000,預售屋、或土地及建物分件登記案件；,RPOTMLTKNHLGFKD17DA,75.9,0.0,8.21,有,
永康區,房地(土地+建物)+車位,臺南市永康區永善路１３０號七樓之７,24.17,住,,,1120826,土地1建物1車位1,七層,十五層,住宅大樓(11層含以上有電梯),住家用,鋼筋混凝土造,1150331,154.42000000000002,3,2,2,有,有,15850000,111967,坡道平面,25.9,1460000,預售屋、或土地及建物分件登記案件；,RPUUMLTKNHLGFKD87DA,75.8,0.0,8.24,有,
永康區,房地(土地+建物)+車位,臺南市永康區永安路２９０號六樓之６,22.39,住,,,1120818,土地1建物1車位1,六層,十五層,住宅大樓(11層含以上有電梯),住家用,鋼筋混凝土造,1150303,142.57999999999998,3,2,2,有,有,15740000,119236,坡道平面,25.25,1750000,預售屋、或土地及建物分件登記案件；,RPPUMLTJNHLGFKD27DA,68.19,0.0,8.48,有,
永康區,房地(土地+建物)+車位,臺南市永康區永善路１３２號十一樓之７,18.61,住,,,1120720,土地1建物1車位1,十一層,十五層,住宅大樓(11層含以上有電梯),住家用,鋼筋混凝土造,1150331,123.22,2,2,2,有,有,12650000,117653,坡道平面,25.9,1200000,預售屋、或土地及建物分件登記案件；,RPWSMLSKNHLGFKD77DA,61.27,0.0,3.34,有,
永康區,房地(土地+建物)+車位,臺南市永康區永善路１３０號十一樓之７,24.17,住,,,1120722,土地1建物1車位1,十一層,十五層,住宅大樓(11層含以上有電梯),住家用,鋼筋混凝土造,1150331,154.41,3,2,2,有,有,16180000,113765,坡道平面,25.9,1560000,預售屋、或土地及建物分件登記案件；,RPOVMLTKNHLGFKD37DA,75.8,0.0,8.23,有,
永康區,房地(土地+建物)+車位,臺南市永康區永善路１３２號十一樓之３,25.33,住,,,1120722,土地1建物1車位1,十一層,十五層,住宅大樓(11層含以上有電梯),住家用,鋼筋混凝土造,1150331,158.49,3,2,2,有,有,17300000,118561,坡道平面,25.9,1580000,預售屋、或土地及建物分件登記案件；,RPRNMLTLNHLGFKD96DA,78.38,0.0,9.64,有,
中西區,房地(土地+建物)+車位,臺南市中西區頂美三街３７號六樓之６,35.24,住,,,1120718,土地5建物1車位1,六層,十三層,住宅大樓(11層含以上有電梯),住家用,鋼筋混凝土造,1150324,152.32999999999998,3,2,2,有,有,17463731,129989,坡道平面,31.83,1800000,合約價格：17470000元，工程款減帳6269元，實際交易總價：17463731元預售屋、或土地及建物分件登記案件；,RPRPMLPKOHLGFAD38DA,72.32,0.0,7.53,有,
安南區,房地(土地+建物)+車位,臺南市安南區新宅一街３００號七樓之５,26.76,住,,,1120726,土地1建物1車位1,七層,十四層,住宅大樓(11層含以上有電梯),住家用,鋼筋混凝土造,1150424,155.69,3,2,2,有,有,13370000,96068,坡道平面,32.34,1520000,預售屋、或土地及建物分件登記案件；,RPRNMLOKOHLGFBD18DA,71.79,0.0,9.02,有,
永康區,房地(土地+建物)+車位,臺南市永康區永善路１３２號九樓之５,24.62,住,,,1120730,土地1建物1車位1,九層,十五層,住宅大樓(11層含以上有電梯),住家用,鋼筋混凝土造,1150331,154.67000000000002,3,2,2,有,有,16180000,114157,坡道平面,25.9,1480000,預售屋、或土地及建物分件登記案件；,RPRQMLSKNHLGFKD07DA,76.56,0.0,8.94,有,
永康區,房地(土地+建物)+車位,臺南市永康區永善路１３２號四樓之８,25.08,住,,,1120709,土地1建物1車位1,四層,十五層,住宅大樓(11層含以上有電梯),住家用,鋼筋混凝土造,1150331,157.11,3,2,2,有,有,15080000,105785,坡道平面,25.9,1200000,預售屋、或土地及建物分件登記案件；,RPSTMLSKNHLGFKD47DA,78.77,0.0,8.38,有,
永康區,房地(土地+建物)+車位,臺南市永康區永善路１３２號三樓之２,18.35,住,,,1120630,土地1建物1車位1,三層,十五層,住宅大樓(11層含以上有電梯),住家用,鋼筋混凝土造,1150331,121.78999999999999,2,2,2,有,有,12700000,118886,坡道平面,25.9,1300000,預售屋、或土地及建物分件登記案件；,RPQNMLSKNHLGFKD66DA,60.35,0.0,3.34,有,
永康區,房地(土地+建物)+車位,臺南市永康區永善路１３０號十樓之１,30.19,住,,,1120623,土地1建物1車位1,十層,十五層,住宅大樓(11層含以上有電梯),住家用,鋼筋混凝土造,1150331,186.22,4,2,2,有,有,20080000,116642,坡道平面,25.9,1380000,預售屋、或土地及建物分件登記案件；,RPPOMLTKNHLGFKD76DA,95.83,0.0,9.01,有,
永康區,房地(土地+建物)+車位,臺南市永康區永善路１３２號六樓之２,18.35,住,,,1120629,土地1建物1車位1,六層,十五層,住宅大樓(11層含以上有電梯),住家用,鋼筋混凝土造,1150331,121.78999999999999,2,2,2,有,有,13050000,120659,坡道平面,25.9,1480000,讓渡日期:113.6.7；讓渡金額:1332萬元整預售屋、或土地及建物分件登記案件；,RPQNMLTLNHLGFKD86DA,60.35,0.0,3.34,有,
永康區,房地(土地+建物)+車位,臺南市永康區平道十二路３２５號,22.65,住,,,1120609,土地1建物1車位1,一層,十五層,住宅大樓(11層含以上有電梯),商業用,鋼筋混凝土造,1150303,142.88,0,0,0,無,有,19280000,148602,坡道平面,25.25,1800000,預售屋、或土地及建物分件登記案件；,RPQWMLTJNHLGFKD57DA,71.03,0.0,6.58,有,
安南區,房地(土地+建物)+車位,臺南市安南區新宅一街３００號六樓之５,26.76,住,,,1120619,土地1建物1車位1,六層,十四層,住宅大樓(11層含以上有電梯),住家用,鋼筋混凝土造,1150424,155.69,3,2,2,有,有,13320000,94852,坡道平面,32.34,1620000,預售屋、或土地及建物分件登記案件；,RPQNMLOKOHLGFBD08DA,71.79,0.0,9.02,有,
安南區,房地(土地+建物)+車位,臺南市安南區新宅一街３０６號六樓之５,19.67,住,,,1120614,土地1建物1車位1,六層,十四層,住宅大樓(11層含以上有電梯),住家用,鋼筋混凝土造,1150424,123.22,2,2,1,有,有,10530000,98041,坡道平面,32.34,1620000,114年4月2日有轉讓，轉讓金額不變，轉讓關係為夫妻。預售屋、或土地及建物分件登記案件；,RPOPMLOKOHLGFBD08DA,49.97,0.0,9.53,有,
永康區,房地(土地+建物)+車位,臺南市永康區新行街３９０號七樓之２,19.66,住,,,1120627,土地1建物1車位1,七層,十四層,住宅大樓(11層含以上有電梯),住家用,鋼筋混凝土造,1141203,113.4,2,2,2,有,有,12150000,117634,坡道平面,22.78,1490000,讓渡日期：114.4.17讓渡金額1180萬預售屋、或土地及建物分件登記案件；,RPSNMLOJLHLGFKD78DA,54.82,0.0,4.52,有,
永康區,房地(土地+建物)+車位,臺南市永康區永善路１３０號九樓之５,24.37,住,,,1120617,土地1建物1車位1,九層,十五層,住宅大樓(11層含以上有電梯),住家用,鋼筋混凝土造,1150331,155.47,3,2,2,有,有,16200000,112835,坡道平面,25.9,1580000,預售屋、或土地及建物分件登記案件；,RPPSMLTKNHLGFKD17DA,76.52,0.0,8.2,有,
新營區,房地(土地+建物)+車位,臺南市新營區新進路二段２２７號四樓之七,18.88,商,,,1120517,土地1建物1車位1,四層,十五層,住宅大樓(11層含以上有電梯),住家用,鋼筋混凝土造,1141104,161.99,3,2,2,有,有,11380000,71898,坡道平面,26.66,1650000,預售屋、或土地及建物分件登記案件；,RPPNMLRKOHLGFDD48DA,80.68,0.0,5.11,有,
永康區,房地(土地+建物)+車位,臺南市永康區永善路１３２號四樓之２,18.35,住,,,1120502,土地1建物1車位1,四層,十五層,住宅大樓(11層含以上有電梯),住家用,鋼筋混凝土造,1150331,121.78999999999999,2,2,2,有,有,12880000,118052,坡道平面,25.9,1560000,預售屋、或土地及建物分件登記案件；,RPRNMLSKNHLGFKD76DA,60.35,0.0,3.34,有,
永康區,房地(土地+建物)+車位,臺南市永康區永善路１３０號三樓之６,24.22,住,,,1120527,土地1建物1車位1,三層,十五層,住宅大樓(11層含以上有電梯),住家用,鋼筋混凝土造,1150331,154.51,3,2,2,有,有,15970000,115232,坡道平面,25.9,1150000,預售屋、或土地及建物分件登記案件；,RPWSMLTKNHLGFKD87DA,75.9,0.0,8.21,有,
永康區,房地(土地+建物)+車位,臺南市永康區永善路１３０號五樓之１,30.29,住,,,1120524,土地1建物1車位1,五層,十五層,住宅大樓(11層含以上有電梯),住家用,鋼筋混凝土造,1150331,186.89,4,2,2,有,有,20000000,113796,坡道平面,25.9,1680000,預售屋、或土地及建物分件登記案件；,RPTOMLSLNHLGFKD17DA,96.27,0.0,9.01,有,
中西區,房地(土地+建物)+車位,臺南市中西區頂美三街３７號五樓之２,38.09,住,,,1120527,土地5建物1車位1,五層,十三層,住宅大樓(11層含以上有電梯),住家用,鋼筋混凝土造,1150324,162.1,3,2,2,有,有,18173653,126458,坡道平面,31.83,1700000,合約價格：18170000元，工程款加帳：3653元，實際交易總價：18173653元預售屋、或土地及建物分件登記案件；,RPORMLRKOHLGFAD48DA,76.74,0.0,9.59,有,
中西區,房地(土地+建物)+車位,臺南市中西區頂美三街３７號三樓之３,28.04,住,,,1120522,土地5建物1車位1,三層,十三層,住宅大樓(11層含以上有電梯),住家用,鋼筋混凝土造,1150324,127.74,2,2,2,有,有,13195000,120373,坡道平面,31.83,1650000,預售屋、或土地及建物分件登記案件；,RPQRMLRKOHLGFAD68DA,59.95,0.0,3.6,有,
中西區,房地(土地+建物)+車位,臺南市中西區頂美三街３７號八樓之３,28.04,住,,,1120526,土地5建物1車位1,八層,十三層,住宅大樓(11層含以上有電梯),住家用,鋼筋混凝土造,1150324,127.74,2,2,2,有,有,13820000,126368,坡道平面,31.83,1700000,113年10月3日讓渡金額1500萬元整。預售屋、或土地及建物分件登記案件；,RPXRMLRKOHLGFAD76DA,59.95,0.0,3.6,有,
永康區,房地(土地+建物),臺南市永康區永安路２８０號,36.63,住,,,1120527,土地1建物1車位0,一層,十五層,住宅大樓(11層含以上有電梯),商業用,鋼筋混凝土造,1150303,192.36,0,0,0,無,有,25820000,134227,,0.0,0,預售屋、或土地及建物分件登記案件；,RPVWMLTJNHLGFKD08DA,118.11,0.0,7.28,有,
永康區,房地(土地+建物)+車位,臺南市永康區永安路２９０號六樓之１,24.13,住,,,1120506,土地1建物1車位1,六層,十五層,住宅大樓(11層含以上有電梯),住家用,鋼筋混凝土造,1150303,151.63,3,2,2,有,有,16910000,120747,坡道平面,25.25,1650000,預售屋、或土地及建物分件登記案件；,RPWWMLTJNHLGFKD18DA,73.54,0.0,9.04,有,
安南區,房地(土地+建物)+車位,臺南市安南區新宅一街３０６號三樓之１,25.81,住,,,1120526,土地1建物1車位1,三層,十四層,住宅大樓(11層含以上有電梯),住家用,鋼筋混凝土造,1150424,151.49,3,2,2,有,有,12300000,90474,坡道平面,32.34,1520000,預售屋、或土地及建物分件登記案件；,RPUOMLLMNHLGFBD38DA,68.72,0.0,9.34,有,
永康區,房地(土地+建物)+車位,臺南市永康區永善路１３２號九樓之３,25.33,住,,,1120527,土地1建物1車位1,九層,十五層,住宅大樓(11層含以上有電梯),住家用,鋼筋混凝土造,1150331,158.49,3,2,2,有,有,16680000,117128,坡道平面,25.9,1150000,預售屋、或土地及建物分件登記案件；,RPOPMLSKNHLGFKD66DA,78.38,0.0,9.64,有,
永康區,房地(土地+建物)+車位,臺南市永康區永善路１３０號三樓之１,30.29,住,,,1120527,土地1建物1車位1,三層,十五層,住宅大樓(11層含以上有電梯),住家用,鋼筋混凝土造,1150331,186.89,4,2,2,有,有,19100000,111498,坡道平面,25.9,1150000,預售屋、或土地及建物分件登記案件；,RPTNMLTKNHLGFKD07DA,96.27,0.0,9.01,有,
永康區,房地(土地+建物)+車位,臺南市永康區永善路１３０號十一樓之２,30.19,住,,,1120423,土地1建物1車位1,十一層,十五層,住宅大樓(11層含以上有電梯),住家用,鋼筋混凝土造,1150331,186.22,4,2,2,有,有,20500000,117390,坡道平面,25.9,1680000,預售屋、或土地及建物分件登記案件；,RPUPMLTKNHLGFKD37DA,95.83,0.0,9.01,有,
永康區,房地(土地+建物)+車位,臺南市永康區永善路１３０號六樓之５,24.52,住,,,1120412,土地1建物1車位1,六層,十五層,住宅大樓(11層含以上有電梯),住家用,鋼筋混凝土造,1150331,156.17000000000002,3,2,2,有,有,16000000,110693,坡道平面,25.9,1580000,預售屋、或土地及建物分件登記案件；,RPWRMLTKNHLGFKD77DA,76.99,0.0,8.2,有,
永康區,房地(土地+建物)+車位,臺南市永康區永安路２９０號二樓之３,13.58,住,,,1120415,土地1建物1車位1,二層,十五層,住宅大樓(11層含以上有電梯),住家用,鋼筋混凝土造,1150303,96.34,2,2,1,有,有,9820000,116331,坡道平面,25.25,1550000,預售屋、或土地及建物分件登記案件；,RPVRMLTJNHLGFKD57DA,43.0,0.0,3.47,有,
安平區,房地(土地+建物)+車位,臺南市安平區國平南路１００號十樓之３,17.88,商,,,1120414,土地1建物1車位1,十層,二十六層,住宅大樓(11層含以上有電梯),住家用,鋼骨造,1150130,212.64,2,2,2,有,有,20000000,100187,坡道平面,24.99,1200000,114/11/26簽簽約人名義變更切結書，交易總價不變。預售屋、或土地及建物分件登記案件；,RPTOMLPKOHLGFAD48DA,110.45,0.0,15.05,有,
永康區,房地(土地+建物)+車位,臺南市永康區永善路１３０號九樓之２,30.19,住,,,1120409,土地1建物1車位1,九層,十五層,住宅大樓(11層含以上有電梯),住家用,鋼筋混凝土造,1150331,186.22,4,2,2,有,有,19980000,116018,坡道平面,25.9,1380000,預售屋、或土地及建物分件登記案件；,RPSPMLTKNHLGFKD17DA,95.83,0.0,9.01,有,
永康區,房地(土地+建物)+車位,臺南市永康區永善路１３０號六樓之６,24.22,住,,,1120401,土地1建物1車位1,六層,十五層,住宅大樓(11層含以上有電梯),住家用,鋼筋混凝土造,1150331,154.51,3,2,2,有,有,15550000,111111,坡道平面,25.9,1260000,預售屋、或土地及建物分件登記案件；,RPTNMLTJOHLGFKD07DA,75.9,0.0,8.21,有,
永康區,房地(土地+建物)+車位,臺南市永康區永善路１３０號十一樓之１,30.19,住,,,1120324,土地1建物1車位1,十一層,十五層,住宅大樓(11層含以上有電梯),住家用,鋼筋混凝土造,1150331,186.22,4,2,2,有,有,20380000,116018,坡道平面,25.9,1780000,預售屋、或土地及建物分件登記案件；,RPQOMLTKNHLGFKD86DA,95.83,0.0,9.01,有,
永康區,房地(土地+建物)+車位,臺南市永康區永善路１３２號七樓之７,18.71,住,,,1120313,土地1建物1車位1,七層,十五層,住宅大樓(11層含以上有電梯),住家用,鋼筋混凝土造,1150331,123.83000000000001,2,2,2,有,有,12460000,114367,坡道平面,25.9,1260000,預售屋、或土地及建物分件登記案件；,RPROMLTJOHLGFKD96DA,61.67,0.0,3.34,有,
永康區,房地(土地+建物)+車位,臺南市永康區永善路１３２號十一樓之９,21.24,住,,,1120305,土地1建物1車位1,十一層,十五層,住宅大樓(11層含以上有電梯),住家用,鋼筋混凝土造,1150331,137.08,3,2,2,有,有,13800000,112430,坡道平面,25.9,1300000,預售屋、或土地及建物分件登記案件；,RPRNMLMKOHLGFKD88DA,70.16,0.0,3.68,有,
永康區,房地(土地+建物)+車位,臺南市永康區永安路２９２號十樓之１,23.67,住,,,1120204,土地1建物1車位1,十層,十五層,住宅大樓(11層含以上有電梯),住家用,鋼筋混凝土造,1150303,147.82999999999998,3,2,2,有,有,16700000,124001,坡道平面,25.25,1500000,113.06.08讓渡讓渡總價1670萬元整預售屋、或土地及建物分件登記案件；,RPWNMLSJNHLGFKD17DA,71.74,0.0,9.15,有,
永康區,房地(土地+建物)+車位,臺南市永康區永安路２９２號十樓之２,24.18,住,,,1120204,土地1建物1車位1,十層,十五層,住宅大樓(11層含以上有電梯),住家用,鋼筋混凝土造,1150303,150.60000000000002,3,2,2,有,有,16580000,122138,坡道平面,25.25,1270000,預售屋、或土地及建物分件登記案件；,RPROMLSJNHLGFKD76DA,74.58,0.0,8.1,有,
永康區,房地(土地+建物)+車位,臺南市永康區永安路２９２號十一樓之６,24.64,住,,,1120225,土地1建物1車位1,十一層,十五層,住宅大樓(11層含以上有電梯),住家用,鋼筋混凝土造,1150303,153.03,3,2,2,有,有,17660000,128424,坡道平面,25.25,1250000,預售屋、或土地及建物分件登記案件；,RPRSMLSJNHLGFKD17DA,75.25,0.0,9.04,有,
永康區,房地(土地+建物)+車位,臺南市永康區永安路２９０號十一樓之７,22.39,住,,,1120203,土地1建物1車位1,十一層,十五層,住宅大樓(11層含以上有電梯),住家用,鋼筋混凝土造,1150303,142.57999999999998,3,2,2,有,有,15900000,121026,坡道平面,25.25,1700000,預售屋、或土地及建物分件登記案件；,RPWVMLTJNHLGFKD08DA,68.19,0.0,8.48,有,
北區,房地(土地+建物)+車位,臺南市北區西門路四段５３３巷２８號八樓之６,26.56,住,,,1120104,土地1建物1車位1,八層,十四層,住宅大樓(11層含以上有電梯),住家用,鋼筋混凝土造,1150506,157.11,3,2,2,有,有,11610000,84404,坡道平面,34.96,1300000,預售屋、或土地及建物分件登記案件；,RPVOMLRKOHLGFAD88DA,75.33,0.0,4.6,有,
北區,房地(土地+建物)+車位,臺南市北區西門路四段５３３巷２８號六樓之１,25.48,住,,,1120104,土地1建物1車位1,六層,十四層,住宅大樓(11層含以上有電梯),住家用,鋼筋混凝土造,1150506,152.11,3,2,2,有,有,10580000,79215,坡道平面,34.96,1300000,親友、員工、共有人或其他特殊關係間之交易；預售屋、或土地及建物分件登記案件；,RPQNMLRKOHLGFAD28DA,72.1,0.0,4.57,有,
北區,房地(土地+建物)+車位,臺南市北區西門路四段５３３巷２８號二樓之３,17.15,住,,,1120104,土地1建物1車位1,二層,十四層,住宅大樓(11層含以上有電梯),住家用,鋼筋混凝土造,1150506,113.78999999999999,2,2,1,有,有,7310000,76240,坡道平面,34.96,1300000,親友、員工、共有人或其他特殊關係間之交易；預售屋、或土地及建物分件登記案件；,RPRRMLRKOHLGFAD78DA,47.43,0.0,4.12,有,
北區,房地(土地+建物)+車位,臺南市北區西門路四段５３３巷２８號四樓之１０,25.01,住,,,1110910,土地1建物1車位1,四層,十四層,住宅大樓(11層含以上有電梯),住家用,鋼筋混凝土造,1150506,147.01999999999998,3,2,2,有,有,11950000,91225,坡道平面,31.92,1450000,預售屋、或土地及建物分件登記案件；,RPWNMLRKOHLGFAD88DA,70.89,0.0,4.41,有,
安南區,房地(土地+建物)+車位,臺南市安南區樂活五街７５號十三樓,18.4,住,,,1110705,土地1建物1車位1,十三層,十九層,住宅大樓(11層含以上有電梯),住家用,鋼筋混凝土造,1150107,144.14,2,2,2,有,有,12698358,110036,坡道平面,42.37,1500000,工程變更追加金額18358元預售屋、或土地及建物分件登記案件；,RPTNMLPJOHLGFBD38DA,59.39,0.0,5.48,有,
北區,房地(土地+建物)+車位,臺南市北區西門路四段５３３巷２８號四樓之６,26.56,住,,,1110417,土地1建物1車位1,四層,十四層,住宅大樓(11層含以上有電梯),住家用,鋼筋混凝土造,1150506,157.17000000000002,3,2,2,有,有,13350000,96555,坡道平面,34.96,1550000,預售屋、或土地及建物分件登記案件；,RPVNMLRKOHLGFAD78DA,75.33,0.0,4.6,有,
安南區,房地(土地+建物)+車位,臺南市安南區安富二街８８號十樓之３,23.08,住,,,1110415,土地1建物1車位2,十層,十四層,住宅大樓(11層含以上有電梯),住家用,鋼筋混凝土造,1140402,163.76,3,2,2,有,有,12670000,88458,坡道平面,52.86,2860000,讓渡日期：114.11.4讓渡金額1267萬預售屋、或土地及建物分件登記案件；,RPPNMLOJKHLGFBD47DA,65.15,0.0,7.92,有,
北區,房地(土地+建物)+車位,臺南市北區西門路四段５３３巷２８號十三樓之９,25.5,住,,,1110313,土地1建物1車位1,十三層,十四層,住宅大樓(11層含以上有電梯),住家用,鋼筋混凝土造,1150506,152.3,3,2,2,有,有,13720000,104568,坡道平面,34.96,1450000,預售屋、或土地及建物分件登記案件；,RPSPMLRKOHLGFAD68DA,72.35,0.0,4.41,有,
北區,房地(土地+建物)+車位,臺南市北區西門路四段５３３巷２８號十樓之９,25.5,住,,,1110212,土地1建物1車位1,十層,十四層,住宅大樓(11層含以上有電梯),住家用,鋼筋混凝土造,1150506,152.3,3,2,2,有,有,13600000,103119,坡道平面,34.96,1500000,114/4/22簽立讓渡書，讓渡金額：新台幣1380萬元。預售屋、或土地及建物分件登記案件；,RPQPMLRKOHLGFAD48DA,72.35,0.0,4.41,有,
安平區,房地(土地+建物)+車位,臺南市安平區國平南路１０２號十八樓之７,18.66,商,,,1110125,土地1建物1車位2,十八層,二十六層,住宅大樓(11層含以上有電梯),住家用,鋼骨造,1150130,246.58,2,2,2,有,有,21368026,94446,坡道平面,49.98,2800000,112/12/22簽變更設計確認表增加新臺幣18026元整。預售屋、或土地及建物分件登記案件；,RPSOMLPKOHLGFAD38DA,119.19,0.0,12.36,有,
北區,房地(土地+建物)+車位,臺南市北區西門路四段５３３巷２８號十一樓之６,26.56,住,,,1110123,土地1建物1車位1,十一層,十四層,住宅大樓(11層含以上有電梯),住家用,鋼筋混凝土造,1150506,157.11,3,2,2,有,有,14300000,104380,坡道平面,34.96,1550000,預售屋、或土地及建物分件登記案件；,RPRPMLRKOHLGFAD58DA,75.33,0.0,4.6,有,
北區,房地(土地+建物)+車位,臺南市北區西門路四段５３３巷２８號十三樓之６,26.56,住,,,1110116,土地1建物1車位1,十三層,十四層,住宅大樓(11層含以上有電梯),住家用,鋼筋混凝土造,1150506,160.09,3,2,2,有,有,14380000,105035,坡道平面,37.94,1550000,預售屋、或土地及建物分件登記案件；,RPSQMLRKOHLGFAD78DA,75.33,0.0,4.6,有,
中西區,房地(土地+建物)+車位,臺南市中西區南華街２３號六樓之２,26.48,住,,,1101225,土地2建物1車位1,六層,十二層,住宅大樓(11層含以上有電梯),住家用,鋼筋混凝土造,1141110,186.49,2,2,2,有,有,19520000,116631,坡道平面,37.13,2100000,買方於民國114年11月28日讓渡取得預售屋、或土地及建物分件登記案件；,RPTOMLNLOHLGFAD38DA,83.72,0.0,13.36,有,
仁德區,房地(土地+建物)+車位,臺南市仁德區賢路一段７巷２１號八樓之１,16.5,住,,,1101222,土地1建物1車位1,八層,十三層,住宅大樓(11層含以上有電梯),住家用,鋼筋混凝土造,1141231,115.82,2,2,1,有,有,7200000,71988,坡道平面,36.64,1500000,115/5/21簽立讓渡書，讓渡金額不變。預售屋、或土地及建物分件登記案件；,RPSNMLOLOHLGFID09DA,47.2,0.0,4.64,有,
中西區,房地(土地+建物)+車位,臺南市中西區南華街２３號八樓之５,27.83,住,,,1101221,土地2建物1車位1,八層,十二層,住宅大樓(11層含以上有電梯),住家用,鋼筋混凝土造,1141110,191.57999999999998,2,2,2,有,有,19500000,111696,坡道平面,34.01,1900000,民國114年4月23日讓渡取得預售屋、或土地及建物分件登記案件；,RPUNMLOLOHLGFAD48DA,88.25,0.0,14.16,有,
中西區,房地(土地+建物)+車位,臺南市中西區南華街２３號十一樓之３,21.81,住,,,1101227,土地2建物1車位1,十一層,十二層,住宅大樓(11層含以上有電梯),住家用,鋼筋混凝土造,1141110,156.96,2,2,2,有,有,15460000,111915,坡道平面,34.01,1700000,買方於民國113年12月24日讓渡取得。預售屋、或土地及建物分件登記案件；,RPWNMLOLOHLGFAD68DA,73.03,0.0,6.87,有,
北區,房地(土地+建物)+車位,臺南市北區西門路四段５３３巷２８號七樓之１０,25.01,住,,,1101106,土地1建物1車位1,七層,十四層,住宅大樓(11層含以上有電梯),住家用,鋼筋混凝土造,1150506,150.06,3,2,2,有,有,12150000,92963,坡道平面,34.96,1450000,114/12/31簽立讓渡書，讓渡金額：新台幣1300萬元。預售屋、或土地及建物分件登記案件；,RPUOMLRKOHLGFAD78DA,70.89,0.0,4.41,有,
北區,房地(土地+建物)+車位,臺南市北區西門路四段５３３巷２８號九樓之１,25.48,住,,,1101106,土地1建物1車位1,九層,十四層,住宅大樓(11層含以上有電梯),住家用,鋼筋混凝土造,1150506,152.11,3,2,2,有,有,12710000,95689,坡道平面,34.96,1500000,預售屋、或土地及建物分件登記案件；,RPWOMLRKOHLGFAD98DA,72.1,0.0,4.57,有,
北區,房地(土地+建物)+車位,臺南市北區西門路四段５３３巷２８號九樓之３,17.15,住,,,1101110,土地1建物1車位1,九層,十四層,住宅大樓(11層含以上有電梯),住家用,鋼筋混凝土造,1150506,113.77,2,2,1,有,有,8960000,95292,坡道平面,34.96,1450000,111/4/13簽立讓渡書，讓渡金額：新台幣899萬元。預售屋、或土地及建物分件登記案件；,RPXOMLRKOHLGFAD09DA,47.43,0.0,4.12,有,
北區,房地(土地+建物)+車位,臺南市北區西門路四段５３３巷２８號九樓之１０,25.01,住,,,1101121,土地1建物1車位1,九層,十四層,住宅大樓(11層含以上有電梯),住家用,鋼筋混凝土造,1150506,150.06,3,2,2,有,有,12420000,95308,坡道平面,34.96,1450000,預售屋、或土地及建物分件登記案件；,RPOPMLRKOHLGFAD28DA,70.89,0.0,4.41,有,
北區,房地(土地+建物)+車位,臺南市北區西門路四段５３３巷２８號三樓之５,25.3,住,,,1101125,土地1建物1車位1,三層,十四層,住宅大樓(11層含以上有電梯),住家用,鋼筋混凝土造,1150506,151.87,3,2,2,有,有,12230000,91352,坡道平面,34.96,1550000,114/9/25簽立讓渡書，讓渡金額：新台幣1310萬元。預售屋、或土地及建物分件登記案件；,RPTNMLRKOHLGFAD58DA,72.26,0.0,4.41,有,
北區,房地(土地+建物)+車位,臺南市北區西門路四段５３３巷２８號四樓之３,17.15,住,,,1101120,土地1建物1車位1,四層,十四層,住宅大樓(11層含以上有電梯),住家用,鋼筋混凝土造,1150506,113.77,2,2,1,有,有,8520000,88441,坡道平面,34.96,1550000,夫妻間讓與預售屋、或土地及建物分件登記案件；,RPUNMLRKOHLGFAD68DA,47.43,0.0,4.12,有,
北區,房地(土地+建物)+車位,臺南市北區西門路四段５３３巷２８號五樓之２,26.41,住,,,1101118,土地1建物1車位1,五層,十四層,住宅大樓(11層含以上有電梯),住家用,鋼筋混凝土造,1150506,156.4,3,2,2,有,有,12970000,94038,坡道平面,34.96,1550000,預售屋、或土地及建物分件登記案件；,RPXNMLRKOHLGFAD98DA,74.42,0.0,5.03,有,
北區,房地(土地+建物)+車位,臺南市北區西門路四段５３３巷２８號五樓之７,17.43,住,,,1101110,土地1建物1車位1,五層,十四層,住宅大樓(11層含以上有電梯),住家用,鋼筋混凝土造,1150506,115.09,2,2,1,有,有,9040000,94721,坡道平面,34.96,1450000,114/6/16簽立讓渡書，讓渡金額：新台幣1070萬元。預售屋、或土地及建物分件登記案件；,RPOOMLRKOHLGFAD18DA,48.35,0.0,4.06,有,
北區,房地(土地+建物)+車位,臺南市北區西門路四段５３３巷２８號六樓之６,26.56,住,,,1101108,土地1建物1車位1,六層,十四層,住宅大樓(11層含以上有電梯),住家用,鋼筋混凝土造,1150506,157.11,3,2,2,有,有,13350000,96603,坡道平面,34.96,1550000,113/3/24簽立讓渡書，讓渡金額：新台幣1338萬元。預售屋、或土地及建物分件登記案件；,RPPOMLRKOHLGFAD28DA,75.33,0.0,4.6,有,
北區,房地(土地+建物)+車位,臺南市北區西門路四段５３３巷２８號六樓之８,17.43,住,,,1101105,土地1建物1車位1,六層,十四層,住宅大樓(11層含以上有電梯),住家用,鋼筋混凝土造,1150506,115.09,2,2,1,有,有,9150000,95470,坡道平面,34.96,1500000,111/6/18簽立讓渡書，讓渡金額：新台幣930萬元。預售屋、或土地及建物分件登記案件；,RPQOMLRKOHLGFAD38DA,48.35,0.0,4.06,有,
北區,房地(土地+建物)+車位,臺南市北區西門路四段５３３巷２８號七樓之３,17.15,住,,,1101110,土地1建物1車位1,七層,十四層,住宅大樓(11層含以上有電梯),住家用,鋼筋混凝土造,1150506,113.77,2,2,1,有,有,8820000,92882,坡道平面,34.96,1500000,111/4/13簽立讓渡書，讓渡金額：新台幣892萬元。預售屋、或土地及建物分件登記案件；,RPSOMLRKOHLGFAD58DA,47.43,0.0,4.12,有,
北區,房地(土地+建物)+車位,臺南市北區西門路四段５３３巷２８號七樓之５,25.3,住,,,1101110,土地1建物1車位1,七層,十四層,住宅大樓(11層含以上有電梯),住家用,鋼筋混凝土造,1150506,151.87,3,2,2,有,有,12390000,93149,坡道平面,34.96,1500000,114/12/29簽立讓渡書，讓渡金額不變。預售屋、或土地及建物分件登記案件；,RPTOMLRKOHLGFAD68DA,72.26,0.0,4.41,有,
北區,房地(土地+建物)+車位,臺南市北區西門路四段５３３巷２８號三樓之８,17.43,住,,,1101110,土地1建物1車位1,三層,十四層,住宅大樓(11層含以上有電梯),住家用,鋼筋混凝土造,1150506,112.05,2,2,1,有,有,8870000,93847,坡道平面,31.92,1350000,113/8/25簽立讓渡書，讓渡金額：新台幣1030萬元。預售屋、或土地及建物分件登記案件；,RPVPMLRKOHLGFAD98DA,48.35,0.0,4.06,有,
北區,房地(土地+建物)+車位,臺南市北區西門路四段５３３巷２８號四樓之２,26.38,住,,,1101108,土地1建物1車位1,四層,十四層,住宅大樓(11層含以上有電梯),住家用,鋼筋混凝土造,1150506,156.4,3,2,2,有,有,12700000,91815,坡道平面,34.96,1550000,預售屋、或土地及建物分件登記案件；,RPWPMLRKOHLGFAD09DA,74.42,0.0,5.03,有,
北區,房地(土地+建物)+車位,臺南市北區西門路四段５３３巷２８號五樓之１,25.48,住,,,1101108,土地1建物1車位1,五層,十四層,住宅大樓(11層含以上有電梯),住家用,鋼筋混凝土造,1150506,152.11,3,2,2,有,有,12280000,92019,坡道平面,34.96,1500000,預售屋、或土地及建物分件登記案件；,RPXPMLRKOHLGFAD56DA,72.1,0.0,4.57,有,
北區,房地(土地+建物)+車位,臺南市北區西門路四段５３３巷２８號十樓之７,17.43,住,,,1101113,土地1建物1車位1,十層,十四層,住宅大樓(11層含以上有電梯),住家用,鋼筋混凝土造,1150506,115.09,2,2,1,有,有,9450000,99214,坡道平面,34.96,1500000,預售屋、或土地及建物分件登記案件；,RPOQMLRKOHLGFAD38DA,48.35,0.0,4.06,有,
北區,房地(土地+建物)+車位,臺南市北區西門路四段５３３巷２８號十樓之８,17.43,住,,,1101125,土地1建物1車位1,十層,十四層,住宅大樓(11層含以上有電梯),住家用,鋼筋混凝土造,1150506,115.09,2,2,1,有,有,9400000,99214,坡道平面,34.96,1450000,預售屋、或土地及建物分件登記案件；,RPPQMLRKOHLGFAD48DA,48.35,0.0,4.06,有,
北區,房地(土地+建物)+車位,臺南市北區西門路四段５３３巷２８號十二樓之７,17.43,住,,,1101109,土地1建物1車位1,十二層,十四層,住宅大樓(11層含以上有電梯),住家用,鋼筋混凝土造,1150506,115.09,2,2,1,有,有,9520000,100087,坡道平面,34.96,1500000,113/7/8簽立讓渡書，讓渡金額：新台幣1122萬元。預售屋、或土地及建物分件登記案件；,RPRQMLRKOHLGFAD68DA,48.35,0.0,4.06,有,
北區,房地(土地+建物)+車位,臺南市北區西門路四段５３３巷２８號五樓之６,26.56,住,,,1101105,土地1建物1車位1,五層,十四層,住宅大樓(11層含以上有電梯),住家用,鋼筋混凝土造,1150506,157.17000000000002,3,2,2,有,有,13300000,95737,坡道平面,34.96,1600000,預售屋、或土地及建物分件登記案件；,RPTQMLRKOHLGFAD88DA,75.33,0.0,4.6,有,
北區,房地(土地+建物)+車位,臺南市北區西門路四段５３３巷２８號十一樓之８,17.43,住,,,1101117,土地1建物1車位1,十一層,十四層,住宅大樓(11層含以上有電梯),住家用,鋼筋混凝土造,1150506,112.05,2,2,1,有,有,9400000,100462,坡道平面,31.92,1350000,夫妻間讓與預售屋、或土地及建物分件登記案件；,RPSRMLRKOHLGFAD88DA,48.35,0.0,4.06,有,
北區,房地(土地+建物),臺南市北區西門路四段５３３巷２８號二樓之８,17.43,住,,,1101119,土地1建物1車位0,二層,十四層,住宅大樓(11層含以上有電梯),住家用,鋼筋混凝土造,1150506,80.5,2,2,1,有,有,7490000,93043,,0.0,0,預售屋、或土地及建物分件登記案件；,RPRNMLRKOHLGFAD38DA,48.55,0.0,4.23,有,
北區,房地(土地+建物)+車位,臺南市北區西門路四段５３３巷２８號三樓之１,25.48,住,,,1101118,土地1建物1車位1,三層,十四層,住宅大樓(11層含以上有電梯),住家用,鋼筋混凝土造,1150506,152.11,3,2,2,有,有,12120000,91080,坡道平面,34.96,1450000,預售屋、或土地及建物分件登記案件；,RPSNMLRKOHLGFAD48DA,72.1,0.0,4.57,有,
安平區,房地(土地+建物)+車位,臺南市安平區國平南路１００號七樓之６,18.81,商,,,1101007,土地1建物1車位1,七層,二十六層,住宅大樓(11層含以上有電梯),住家用,鋼骨造,1150130,221.94,1,2,2,有,有,17258530,81536,坡道平面,24.99,1200000,111/12/22簽變更設計確認表減少新臺幣41470元整。預售屋、或土地及建物分件登記案件；,RPVOMLPKOHLGFAD68DA,116.7,0.0,15.1,有,
北區,房地(土地+建物)+車位,臺南市北區西門路四段５３３巷２８號十三樓之１０,25.01,住,,,1101031,土地1建物1車位1,十三層,十四層,住宅大樓(11層含以上有電梯),住家用,鋼筋混凝土造,1150506,150.06,3,2,2,有,有,12650000,97307,坡道平面,34.96,1450000,夫妻間讓與預售屋、或土地及建物分件登記案件；,RPTPMLRKOHLGFAD78DA,70.89,0.0,4.41,有,
安平區,房地(土地+建物)+車位,臺南市安平區國平南路１００號九樓之６,18.81,商,,,1101007,土地1建物1車位2,九層,二十六層,住宅大樓(11層含以上有電梯),住家用,鋼骨造,1150130,246.93,1,2,2,有,有,18758530,83059,坡道平面,49.98,2400000,112/8/21簽變更設計確認表減少新臺幣41470元整。115/1/12簽簽約人名義變更切結書，交易總價不變。預售屋、或土地及建物分件登記案件；,RPSOMLSKOHLGFAD68DA,116.7,0.0,15.1,有,
安平區,房地(土地+建物)+車位,臺南市安平區國平南路１００號四樓之２,27.64,商,,,1101028,土地1建物1車位2,四層,二十六層,住宅大樓(11層含以上有電梯),住家用,鋼骨造,1150130,339.77,2,2,4,有,有,29168266,90301,坡道平面,49.98,3000000,111/8/19簽變更設計確認表增加新臺幣38266元整。預售屋、或土地及建物分件登記案件；,RPROMLQLNHLGFAD38DA,165.55,0.0,28.3,有,
安平區,房地(土地+建物)+車位,臺南市安平區國平南路１００號十三樓之７,18.24,商,,,1100918,土地1建物1車位2,十三層,二十六層,住宅大樓(11層含以上有電梯),住家用,鋼骨造,1150130,241.36,3,2,2,有,有,18586901,85102,坡道平面,49.98,2300000,112/9/11簽變更設計確認表增加新臺幣56901元整。預售屋、或土地及建物分件登記案件；,RPQNMLNJOHLGFAD77DA,116.35,0.0,12.02,有,
安平區,房地(土地+建物)+車位,臺南市安平區國平南路１００號八樓之３,17.88,商,,,1100925,土地1建物1車位2,八層,二十六層,住宅大樓(11層含以上有電梯),住家用,鋼骨造,1150130,237.63,2,2,2,有,有,17893064,83097,坡道平面,49.98,2300000,112/7/8簽變更設計確認表增加新臺幣13064元整。115/1/18簽簽約人名義變更切結書，交易總價不變。預售屋、或土地及建物分件登記案件；,RPSNMLNJOHLGFAD97DA,110.45,0.0,15.05,有,
安平區,房地(土地+建物)+車位,臺南市安平區國平南路１００號四樓之１,27.92,商,,,1100918,土地1建物1車位2,四層,二十六層,住宅大樓(11層含以上有電梯),住家用,鋼骨造,1150130,342.48,3,2,4,有,有,30923573,95465,坡道平面,49.98,3000000,111/8/19簽變更設計確認表增加新臺幣33573元整。預售屋、或土地及建物分件登記案件；,RPQOMLQLNHLGFAD28DA,165.25,0.0,30.74,有,
安平區,房地(土地+建物)+車位,臺南市安平區國平南路１０２號十一樓之５,30.63,商,,,1100812,土地1建物1車位2,十一層,二十六層,住宅大樓(11層含以上有電梯),住家用,鋼骨造,1150130,371.93,2,2,4,有,有,34399421,97529,坡道平面,49.98,3000000,112/9/11簽變更設計確認表增加新臺幣87551元整。114/8/30簽變更設計確認表減少新臺幣428130元整。預售屋、或土地及建物分件登記案件；,RPTOMLSKOHLGFAD78DA,183.1,0.0,32.76,有,
安平區,房地(土地+建物)+車位,臺南市安平區國平南路１００號六樓之５,20.87,商,,,1100527,土地1建物1車位1,六層,二十六層,住宅大樓(11層含以上有電梯),住家用,鋼骨造,1150130,243.9,2,2,2,有,有,22145662,94540,坡道平面,24.99,1450000,112/7/10簽變更設計確認表增加新臺幣125662元整。預售屋、或土地及建物分件登記案件；,RPROMLPKOHLGFAD28DA,127.08,0.0,19.42,有,
安平區,房地(土地+建物)+車位,臺南市安平區國平南路１００號九樓之５,20.87,商,,,1100408,土地1建物1車位1,九層,二十六層,住宅大樓(11層含以上有電梯),住家用,鋼骨造,1150130,243.9,2,2,2,有,有,21830000,93098,坡道平面,24.99,1450000,115/4/16簽簽約人名義變更切結書，交易總價不變。預售屋、或土地及建物分件登記案件；,RPQPMLQLNHLGFAD38DA,127.08,0.0,19.42,有,
安平區,房地(土地+建物)+車位,臺南市安平區國平南路１０２號八樓之３,17.88,商,,,1100417,土地1建物1車位1,八層,二十六層,住宅大樓(11層含以上有電梯),住家用,鋼骨造,1150130,212.76,3,2,2,有,有,16388726,81423,坡道平面,24.99,1100000,112/7/15簽變更設計確認表增加新臺幣88726元整。預售屋、或土地及建物分件登記案件；,RPQNMLRLNHLGFAD28DA,110.45,0.0,14.88,有,
永康區,房地(土地+建物)+車位,臺南市永康區東橋五路１６１號三樓之６,11.09,商,,,1100308,土地1建物1車位1,三層,二十三層,住宅大樓(11層含以上有電梯),住家用,鋼筋混凝土造,1150326,109.78,1,2,1,有,有,6350000,63368,坡道平面,27.72,1150000,115.03.29轉讓，權利讓與金額969萬元預售屋、或土地及建物分件登記案件；,RPSOMLPJOHLGFKD66DA,49.28,0.0,3.46,有,
永康區,房地(土地+建物)+車位,臺南市永康區東橋五路１６３號十四樓之７,8.98,商,,,1100316,土地1建物1車位1,十四層,二十三層,住宅大樓(11層含以上有電梯),住家用,鋼筋混凝土造,1150326,90.72999999999999,0,0,0,無,有,4940000,60690,坡道平面,25.81,1000000,預售屋、或土地及建物分件登記案件；,RPVOMLSJOHLGFKD27DA,38.79,0.0,2.87,有,
永康區,房地(土地+建物)+車位,臺南市永康區東橋五路１５９號十七樓之９,10.34,商,,,1100126,土地1建物1車位1,十七層,二十三層,住宅大樓(11層含以上有電梯),住家用,鋼筋混凝土造,1150326,103.53,0,0,0,無,有,6080000,63712,坡道平面,27.72,1250000,111.06.10轉讓，權利讓與金額652萬元，115.05.08再轉讓，權利讓與金額698萬元預售屋、或土地及建物分件登記案件；,RPQOMLSJOHLGFKD76DA,44.87,0.0,3.85,有,
永康區,房地(土地+建物)+車位,臺南市永康區東橋五路１６３號二樓之３,15.17,商,,,1091218,土地1建物1車位1,二層,二十三層,住宅大樓(11層含以上有電梯),住家用,鋼筋混凝土造,1150326,152.17000000000002,2,2,2,有,有,11000000,75532,坡道平面,27.72,1600000,111.04.16轉讓，權利讓與金額1100萬元，114.05.01再轉讓，權利讓與金額1450萬元，114.07.18再轉讓，權利讓與金額相同。預售屋、或土地及建物分件登記案件；,RPRNMLSJOHLGFKD76DA,73.27,0.0,6.88,有,
永康區,房地(土地+建物)+車位,臺南市永康區東橋五路１６１號十九樓之１,15.17,商,,,1091006,土地1建物1車位1,十九層,二十三層,住宅大樓(11層含以上有電梯),住家用,鋼筋混凝土造,1150326,152.48000000000002,2,2,2,有,有,12100000,83761,坡道平面,27.72,1650000,112.04.23轉讓，權利讓與金額1215萬元預售屋、或土地及建物分件登記案件；,RPPOMLPJOHLGFKD98DA,73.27,0.0,6.88,有,
永康區,房地(土地+建物)+車位,臺南市永康區東橋五路１６１號九樓之５,13.4,商,,,1090907,土地1建物1車位1,九層,二十三層,住宅大樓(11層含以上有電梯),住家用,鋼筋混凝土造,1150326,133.64999999999998,2,2,2,有,有,8600000,68441,坡道平面,27.72,1350000,預售屋、或土地及建物分件登記案件；,RPOOMLPJOHLGFKD88DA,63.46,0.0,4.87,有,
永康區,房地(土地+建物)+車位,臺南市永康區東橋五路１６３號二十二樓之８,7.69,商,,,1090910,土地1建物1車位1,二十二層,二十三層,住宅大樓(11層含以上有電梯),住家用,鋼筋混凝土造,1150326,75.44,0,0,0,無,有,5100000,67776,坡道機械,10.52,700000,110.12.14轉讓，權利讓與金額540萬元，112.03.25再轉讓，權利讓與金額相同預售屋、或土地及建物分件登記案件；,RPXNMLSJOHLGFKD37DA,38.79,0.0,2.87,有,
永康區,房地(土地+建物)+車位,臺南市永康區東橋五路１６１號二十樓之６,11.09,商,,,1090322,土地1建物1車位1,二十層,二十三層,住宅大樓(11層含以上有電梯),住家用,鋼筋混凝土造,1150326,109.78,1,2,1,有,有,7000000,68852,坡道平面,27.72,1350000,113.06.05轉讓，權利讓與金額750萬元預售屋、或土地及建物分件登記案件；,RPUOMLPJOHLGFKD86DA,49.28,0.0,3.46,有,
永康區,房地(土地+建物)+車位,臺南市永康區東橋五路１６３號三樓之７,9.18,商,,,1081201,土地1建物1車位1,三層,二十三層,住宅大樓(11層含以上有電梯),住家用,鋼筋混凝土造,1150326,92.63999999999999,0,0,0,無,有,5010000,57147,坡道平面,27.72,1300000,111.12.27轉讓，權利讓與金額相同預售屋、或土地及建物分件登記案件；,RPSNMLSJOHLGFKD86DA,38.79,0.0,2.87,有,
永康區,房地(土地+建物)+車位,臺南市永康區東橋五路１６３號三樓之８,7.69,商,,,1081201,土地1建物1車位1,三層,二十三層,住宅大樓(11層含以上有電梯),住家用,鋼筋混凝土造,1150326,75.44,0,0,0,無,有,4610000,57147,坡道機械,10.52,900000,111.12.27轉讓，權利讓與金額相同預售屋、或土地及建物分件登記案件；,RPTNMLSJOHLGFKD96DA,38.79,0.0,2.87,有,
永康區,房地(土地+建物)+車位,臺南市永康區東橋五路１６１號十樓之２,12.52,商,,,1081107,土地1建物1車位1,十層,二十三層,住宅大樓(11層含以上有電梯),住家用,鋼筋混凝土造,1150326,122.77000000000001,1,2,1,有,有,7800000,68911,坡道平面,27.72,1250000,111.05.10轉讓，權利讓與金額790萬元，115.01.12再轉讓，權利讓與金額795萬元預售屋、或土地及建物分件登記案件；,RPUOMLSJOHLGFKD17DA,57.68,0.0,3.27,有,
永康區,房地(土地+建物)+車位,臺南市永康區東橋五路１６３號十樓之２,12.52,商,,,1081101,土地1建物1車位1,十層,二十三層,住宅大樓(11層含以上有電梯),住家用,鋼筋混凝土造,1150326,122.45,1,2,1,有,有,7850000,69672,坡道平面,27.72,1250000,114.12.16轉讓，權利讓與金額1168萬元預售屋、或土地及建物分件登記案件；,RPVOMLPJOHLGFKD96DA,57.68,0.0,3.27,有,
永康區,房地(土地+建物)+車位,臺南市永康區東橋五路１６１號十一樓之５,13.4,商,,,1081011,土地1建物1車位1,十一層,二十三層,住宅大樓(11層含以上有電梯),住家用,鋼筋混凝土造,1150326,133.64999999999998,2,2,2,有,有,8260000,65704,坡道平面,27.72,1300000,115.03.18轉讓，權利讓與金額1100萬元預售屋、或土地及建物分件登記案件；,RPROMLPJOHLGFKD56DA,63.46,0.0,4.87,有,
永康區,房地(土地+建物)+車位,臺南市永康區東橋五路１６１號十二樓之６,9.59,商,,,1081006,土地1建物1車位1,十二層,二十三層,住宅大樓(11層含以上有電梯),住家用,鋼筋混凝土造,1150326,92.57,1,2,1,有,有,6180000,66179,坡道機械,10.52,750000,114.10.08轉讓，權利讓與金額888萬元，115.03.18再轉讓，權利讓與金額相同預售屋、或土地及建物分件登記案件；,RPTOMLPJOHLGFKD76DA,49.28,0.0,3.46,有,
永康區,房地(土地+建物)+車位,臺南市永康區東橋五路１５９號十七樓之８,8.84,商,,,1081006,土地1建物1車位1,十七層,二十三層,住宅大樓(11層含以上有電梯),住家用,鋼筋混凝土造,1150326,86.31,0,0,0,無,有,5530000,63069,坡道機械,10.52,750000,111.08.08轉讓，權利讓與金額680萬元預售屋、或土地及建物分件登記案件；,RPOOMLSJOHLGFKD56DA,44.86,0.0,3.85,有,
永康區,房地(土地+建物)+車位,臺南市永康區東橋五路１５９號十八樓之６,11.91,商,,,1081013,土地1建物1車位1,十八層,二十三層,住宅大樓(11層含以上有電梯),住家用,鋼筋混凝土造,1150326,118.52,1,2,1,有,有,7250000,66079,坡道平面,27.72,1250000,114.08.01轉讓，權利讓與金額990萬元預售屋、或土地及建物分件登記案件；,RPWOMLSJOHLGFKD37DA,53.82,0.0,4.47,有,
