鄉鎮市區,交易標的,土地位置建物門牌,土地面積平方公尺,都市土地使用分區,非都市土地使用分區,非都市土地使用編定,租賃年月日,租賃筆棟數,租賃層次,總樓層數,建物型態,主要用途,主要建材,建築完成年月,建物總面積平方公尺,建物現況格局-房,建物現況格局-廳,建物現況格局-衛,建物現況格局-隔間,有無管理組織,有無附傢俱,總額元,單價元平方公尺,車位類別,車位面積平方公尺,車位總額元,備註,編號,出租型態,有無管理員,租賃期間,有無電梯,附屬設備,租賃住宅服務
The villages and towns urban district,transaction sign,land sector position building sector house number plate,land shifting total area square meter,the use zoning or compiles and checks,the non-metropolis land use district,non-metropolis land use,transaction year month and day,transaction pen number,shifting level,total floor number,building state,main use,main building materials,construction to complete the years,building shifting total area,Building present situation pattern - room,building present situation pattern - hall,building present situation pattern - health,building present situation pattern - compartmented,Whether there is manages the organization,Whether there is attaches the furniture,total price NTD,the unit price (NTD / square meter),the berth category,berth shifting total area square meter,the berth total price NTD,the note,serial number,Rental type,Residential Manager,Rental period,elevator,equipment,Rental residential services
前鎮區,租賃房屋,高雄市前鎮區三多二路４６３號３樓,0.0,,,,1150521,土地0建物1車位0,三層,10,華廈(10層含以下有電梯),住宅,鋼筋混凝土造,0700122,35.44,1,0,1,有,有,有,7910,223,,0.0,0,1.禁止在室內抽菸2.禁止養寵物3.禁止焚香祭拜4.禁明火烹煮,RPSNMLLLNHLGFCE28CC,整棟(戶)出租,有,1150521~1160520,有,冷氣、熱水器、冰箱,
三民區,租賃房屋,高雄市三民區鼎安路９巷２８號,0.0,,,,1150521,土地0建物0車位0,全,3,透天厝,,鋼筋混凝土造,0761201,13.11,9,0,9,有,無,有,6500,496,,0.0,0,租金總額含網路費；,RPSPMLLLNHLGFDE58CC,分租套房,無,1150701~1160630,無,冷氣、熱水器、電視機、冰箱,
岡山區,租賃房屋,高雄市岡山區後興北路１號,0.0,,,,1150521,土地0建物1車位0,全,3,透天厝,住商用,加強磚造,0660618,201.88,2,0,2,有,無,無,20000,99,,0.0,0,租金為出租人純收益。約定：承租方若辦理營登，其衍生之租賃所得稅、二代健保及因此增加之房屋稅與地價稅差額由承租方吸收。租金含2-3樓間招牌使用權；承租方負責2、3樓鋪設地板、手扶梯與輕隔間裝潢，退租時留歸出租方所有，不得抵扣押金；租金由承租方均分匯入兩位所有權人帳戶。,RPQNMLLLNHLGFFE38CC,,無,1150621~1160620,無,,
鳳山區,租賃房屋+車位,高雄市鳳山區文鳳路９３號十樓之６,0.0,,,,1150521,土地0建物1車位1,十層,15,住宅大樓(11層含以上有電梯),集合住宅,鋼筋混凝土,1130703,107.03,2,2,1,有,有,有,23000,215,坡道平面,25.31,0,多人共同承租2；,RPVNMLLLNHLGFGE98CC,整棟(戶)出租,有,1150521~1160720,有,冷氣、熱水器、洗衣機、電視機、冰箱,
前金區,租賃房屋,高雄市前金區市中一路９９號十六樓之１２,0.0,,,,1150521,土地0建物1車位0,十六層,22,住宅大樓(11層含以上有電梯),住家用,鋼筋混凝土造,0910618,102.86,2,1,1,有,有,有,14500,141,,0.0,0,,RPQNMLMLNHLGFAE97CC,整棟(戶)出租,有,1150521~1180520,有,冷氣、熱水器、洗衣機、電視機、冰箱、瓦斯或天然氣,社會住宅包租轉租
鼓山區,租賃房屋,高雄市鼓山區鼓山三路１７２號,0.0,,,,1150521,土地0建物1車位0,全,2,透天厝,店舖、住宅,加強磚造,0640228,92.7,3,1,1,有,無,無,18000,194,,0.0,0,續租案件；,RPRNMLMLNHLGFAE08CC,整棟(戶)出租,無,1150526~1160412,無,冷氣、熱水器、冰箱,社會住宅代管
苓雅區,租賃房屋,高雄市苓雅區文橫二路９巷４０號,0.0,,,,1150521,土地0建物0車位0,全,2,透天厝,住家用,加強磚造,0591104,23.14,6,0,6,有,無,有,11000,475,,0.0,0,租金總額含水費；其他租金含第四台；續租案件；,RPSNMLMLNHLGFBE28CC,分租套房,無,1150701~1160630,無,冷氣、熱水器、電視機、冰箱、有線電視、網路,一般代管
苓雅區,租賃房屋,高雄市苓雅區永康街１１２號５樓,0.0,,,,1150521,土地0建物0車位0,五層,5,公寓(5樓含以下無電梯),住家用,鋼筋混凝土造,0691202,16.52,6,0,6,有,無,有,6500,393,,0.0,0,租金總額含水費；其他租金含第四台；續租案件；,RPUNMLMLNHLGFBE48CC,分租套房,無,1150601~1160531,無,冷氣、熱水器、電視機、冰箱、有線電視、網路,一般代管
苓雅區,租賃房屋,高雄市苓雅區永康街１１２號４樓,0.0,,,,1150521,土地0建物0車位0,四層,5,公寓(5樓含以下無電梯),住家用,鋼筋混凝土造,0691202,16.52,4,0,4,有,無,有,6700,406,,0.0,0,租金總額含水費；其他租金含第四台；續租案件；,RPVNMLMLNHLGFBE58CC,分租套房,無,1150601~1150831,無,冷氣、熱水器、電視機、冰箱、有線電視、網路,一般代管
苓雅區,租賃房屋,高雄市苓雅區武仁街９１巷１８號,0.0,,,,1150522,土地0建物1車位0,全,1,透天厝,住宅,磚造,0600901,33.66,3,2,2,有,無,無,7000,208,,0.0,0,含增建或未登記建物；有民情風俗因素之租賃；,RPWOMLMLNHLGFBE78CC,整棟(戶)出租,無,1150522~1170531,無,冷氣、熱水器,
前鎮區,租賃房屋,高雄市前鎮區三多三路１５３號三樓之２,0.0,,,,1150521,土地0建物1車位0,三層,16,住宅大樓(11層含以上有電梯),住家用,鋼筋混凝土造,0771212,52.8,1,1,1,有,有,有,15000,284,,0.0,0,多人共同承租2；租金總額含管理費；,RPPNMLMLNHLGFCE08CC,獨立套房,有,1150615~1160630,有,冷氣、熱水器、洗衣機、冰箱,
前鎮區,租賃房屋,高雄市前鎮區崗山中街１６１之２號６樓,0.0,,,,1150522,土地0建物1車位0,六層,8,華廈(10層含以下有電梯),住家用,鋼筋混凝土造,0841012,150.65,4,2,2,有,有,有,15000,100,,0.0,0,,RPVNMLMLNHLGFCE68CC,整棟(戶)出租,有,1150605~1160604,有,冷氣、熱水器、洗衣機、電視機、冰箱,
三民區,租賃房屋,高雄市三民區褒揚東街１６２巷５９號七樓,0.0,,,,1150521,土地0建物1車位0,七層,15,住宅大樓(11層含以上有電梯),住家用,鋼筋混凝土造,1010927,85.46000000000001,2,2,1,有,有,有,16200,190,,0.0,0,社會住宅，管理費1800元，水電費 瓦斯費 由承租人負擔續租案件；,RPROMLMLNHLGFDE48CC,整棟(戶)出租,有,1150605~1160424,有,冷氣、熱水器、洗衣機、瓦斯或天然氣,社會住宅代管
三民區,租賃房屋,高雄市三民區民族一路８８２號７樓,0.0,,,,1150521,土地0建物0車位0,七層,18,住宅大樓(11層含以上有電梯),住家用,鋼筋混凝土造,0821006,23.14,6,1,4,有,有,有,7400,320,,0.0,0,每月另收公共水費100元其他租金含第四台；租賃建物部分範圍，且未計入共有部分面積；續租案件；,RPSOMLMLNHLGFDE58CC,分租雅房,有,1150701~1160630,有,冷氣、熱水器、電視機、冰箱、有線電視、網路,一般代管
楠梓區,租賃房屋,高雄市楠梓區高雄大學路１７２號六樓,0.0,,,,1150521,土地0建物1車位0,六層,15,住宅大樓(11層含以上有電梯),集合住宅,鋼筋混凝土,1040216,121.77,2,2,2,有,有,有,15500,127,,0.0,0,未租賃車位，建物登記含有車位面積；,RPSNMLMLNHLGFEE58CC,整棟(戶)出租,有,1150601~1160531,有,冷氣、熱水器、電視機、冰箱、瓦斯或天然氣,社會住宅代管
左營區,租賃房屋,高雄市左營區大中二路２３８號７樓,0.0,,,,1150521,土地0建物1車位0,七層,15,住宅大樓(11層含以上有電梯),住家用,鋼筋混凝土造,0960112,86.4,2,2,1,有,有,有,18000,208,,0.0,0,,RPUOMLMLNHLGFEE88CC,整棟(戶)出租,有,1150522~1160521,有,冷氣、熱水器、洗衣機、電視機、冰箱、瓦斯或天然氣,
鳳山區,租賃房屋,高雄市鳳山區文殿街１１２巷１９號,0.0,,,,1150521,土地0建物1車位0,全,2,透天厝,住家用,加強磚造,0760312,87.33,3,2,2,有,無,有,13000,149,,0.0,0,續租案件；,RPUNMLMLNHLGFGE98CC,整棟(戶)出租,無,1150525~1160524,無,冷氣、熱水器、洗衣機、電視機、冰箱,社會住宅代管
鳳山區,租賃房屋,高雄市鳳山區福祥街５２之２號,0.0,,,,1150521,土地0建物1車位0,三層,7,華廈(10層含以下有電梯),住家用,鋼筋混凝土造,0710212,58.349999999999994,2,1,1,有,有,有,14833,254,,0.0,0,管理費167元，共計15000元,RPQOMLMLNHLGFGE68CC,整棟(戶)出租,有,1150523~1160614,有,冷氣、熱水器、洗衣機、冰箱,社會住宅包租轉租
仁武區,租賃房屋,高雄市仁武區京富路８０號,0.0,,,,1150521,土地0建物1車位0,全,4,透天厝,住商用,鋼筋混凝土造,0860423,180.6,4,3,4,有,無,有,38000,210,,0.0,0,租金總額含稅；,RPQNMLMLNHLGFIE78CC,,無,1150615~1170614,無,熱水器、瓦斯或天然氣,
仁武區,租賃房屋,高雄市仁武區大昌街１００號四樓,0.0,,,,1150521,土地0建物1車位0,四層,5,華廈(10層含以下有電梯),住家用,鋼筋混凝土造,0831027,39.47,1,1,1,有,有,有,9000,228,,0.0,0,社會住宅，管理費758元，水電費  由承租人負擔續租案件；,RPUNMLMLNHLGFIE56CC,獨立套房,有,1150701~1160630,有,冷氣、熱水器、洗衣機,社會住宅代管
仁武區,租賃房屋,高雄市仁武區中華路３９號,0.0,,,,1150521,土地0建物1車位0,全,3,透天厝,住商用,鋼筋混凝土造,0821126,141.04,5,2,4,有,無,無,30000,213,,0.0,0,,RPVNMLMLNHLGFIE66CC,,無,1150601~1160531,無,,
林園區,租賃房屋,高雄市林園區王公路１００巷１４弄２４號１２樓,0.0,,,,1150521,土地0建物1車位0,十二層,13,住宅大樓(11層含以上有電梯),國民住宅、集合住宅,鋼筋混凝土造,0840501,97.57,3,2,2,有,有,有,15000,154,,0.0,0,,RPRNMLMLNHLGFLE56CC,整棟(戶)出租,有,1150525~1160524,有,冷氣、熱水器、電視機、冰箱,
鹽埕區,租賃房屋,高雄市鹽埕區七賢三路２６９號１２樓之５０,0.0,,,,1150522,土地0建物1車位0,十二層,16,住宅大樓(11層含以上有電梯),集合住宅,鋼筋混凝土造,0750217,31.9,1,0,1,有,有,有,7500,235,,0.0,0,,RPXNMLNLNHLGFAE78CC,獨立套房,有,1150522~1160513,有,冷氣、熱水器、洗衣機、電視機、冰箱,社會住宅代管
苓雅區,租賃房屋,高雄市苓雅區中正一路３２０號十三樓之６,0.0,,,,1150522,土地0建物1車位0,十三層,13,住宅大樓(11層含以上有電梯),住宅,鋼筋混凝土造,0700916,139.01,4,2,2,有,有,有,20000,144,,0.0,0,,RPPNMLNLNHLGFBE08CC,整棟(戶)出租,有,1150525~1170524,有,冷氣、熱水器,社會住宅代管
新興區,租賃房屋,高雄市新興區八德一路１９４號６樓之１,0.0,,,,1150522,土地0建物1車位0,六層,12,住宅大樓(11層含以上有電梯),集合住宅,鋼筋混凝土造,0700509,30.650000000000002,1,0,1,有,有,有,7400,241,,0.0,0,,RPQNMLNLNHLGFBE18CC,獨立套房,有,1150528~1160527,有,冷氣、熱水器、洗衣機、電視機、冰箱,社會住宅代管
前鎮區,租賃房屋,高雄市前鎮區文橫三路５９號六樓之１,0.0,,,,1150522,土地0建物1車位0,六層,14,住宅大樓(11層含以上有電梯),住家用,鋼筋混凝土造,0860227,32.96,1,0,1,有,有,有,9000,273,,0.0,0,,RPPNMLNLNHLGFCE18CC,獨立套房,有,1150523~1160522,有,冷氣、熱水器、洗衣機、電視機、冰箱,社會住宅包租轉租
楠梓區,租賃房屋+車位,高雄市楠梓區楠梓路一巷１０號６樓,17.38,住,,,1150522,土地1建物1車位1,六層,14,住宅大樓(11層含以上有電梯),集合住宅,鋼筋混凝土,1080417,92.1,2,1,2,有,有,有,17000,185,坡道機械,10.68,0,,RPPNMLNLNHLGFEE38CC,整棟(戶)出租,有,1150601~1160531,有,冷氣、熱水器、洗衣機、電視機、冰箱、瓦斯或天然氣,一般包租
鼓山區,租賃房屋+車位,高雄市鼓山區美術東五路１６號五樓,0.0,,,,1150522,土地0建物1車位1,五層,28,住宅大樓(11層含以上有電梯),集合住宅,鋼筋混凝土,1041013,435.86,3,2,3,有,有,無,80000,184,坡道平面,30.07,0,租賃1車位，建物登記含有2車位面積租金總額含管理費；,RPPNMLPLNHLGFAE18CC,整棟(戶)出租,有,1150601~1160531,有,冷氣、熱水器、瓦斯或天然氣,
鼓山區,租賃房屋,高雄市鼓山區美術東六街１６９號四樓,0.0,,,,1150524,土地0建物1車位0,四層,29,住宅大樓(11層含以上有電梯),集合住宅,鋼筋混凝土,1120321,113.48,2,2,1,有,有,有,25400,224,,0.0,0,管理費2654元/月多人共同承租2；未租賃車位，建物登記含有車位面積；續租案件；,RPQNMLPLNHLGFAE28CC,整棟(戶)出租,有,1150615~1160614,有,冷氣、熱水器、洗衣機、電視機、冰箱、瓦斯或天然氣,
前金區,租賃房屋,高雄市前金區六合二路１０６號１０樓之１０,0.0,,,,1150521,土地0建物1車位0,十層,26,住宅大樓(11層含以上有電梯),集合住宅,鋼筋混凝土,1100702,67.19,2,1,1,有,有,有,13000,193,,0.0,0,,RPSNMLPLNHLGFAE48CC,整棟(戶)出租,有,1150525~1160524,有,冷氣、熱水器、洗衣機、冰箱,社會住宅包租轉租
苓雅區,租賃房屋,高雄市苓雅區三多四路１０６之７號６樓之７,0.0,,,,1150522,土地0建物1車位0,六層,15,住宅大樓(11層含以上有電梯),集合住宅,鋼筋混凝土,1121109,57.09,1,1,1,有,有,有,18000,315,,0.0,0,,RPRNMLPLNHLGFBE48CC,整棟(戶)出租,有,1150601~1160531,有,冷氣、熱水器、洗衣機、電視機、冰箱、瓦斯或天然氣,
小港區,土地,坪頂段38-1地號,266.31,住,,,1150522,土地1建物0車位0,,,其他,,,,0.0,0,0,0,無,無,無,13000,49,,0.0,0,租賃期間有約定不同租金1~3年月租金13000元.4~6年月租金14500元.7~10年月租金16500元.；,RPTNMLPLNHLGFCE78CC,,,1150701~1250630,,,
前鎮區,租賃房屋,高雄市前鎮區光華二路４４９號十樓之四,0.0,,,,1150522,土地0建物1車位0,十層,12,住宅大樓(11層含以上有電梯),集合住宅,鋼筋混凝土造,0750812,25.53,1,0,1,有,有,有,8000,313,,0.0,0,,RPUNMLPLNHLGFCE88CC,獨立套房,有,1150522~1160521,有,冷氣、熱水器、洗衣機、電視機、冰箱,社會住宅包租轉租
三民區,租賃房屋+車位,高雄市三民區德興街１９號三樓,0.0,,,,1150522,土地0建物1車位1,三層,15,住宅大樓(11層含以上有電梯),集合住宅,鋼筋混凝土,1100630,114.47,3,2,2,有,有,有,28500,249,坡道機械,6.6,0,租金總額含管理費；,RPRNMLPLNHLGFDE68CC,整棟(戶)出租,有,1150601~1160531,有,冷氣、熱水器、洗衣機、電視機、冰箱、瓦斯或天然氣,
三民區,租賃房屋,高雄市三民區中山一路３２５巷２號３樓之３,0.0,,,,1150521,土地0建物1車位0,三層,14,住宅大樓(11層含以上有電梯),住家用,鋼筋混凝土造,0850417,36.62,1,1,1,有,有,有,9000,246,,0.0,0,租金總額含管理費；,RPSNMLPLNHLGFDE78CC,整棟(戶)出租,有,1150525~1160524,有,冷氣、熱水器、洗衣機、電視機、冰箱,
三民區,租賃房屋,高雄市三民區大順二路１９５號２樓,0.0,,,,1150524,土地0建物1車位0,二層,14,住宅大樓(11層含以上有電梯),住家用,鋼筋混凝土造,0940614,119.4,3,2,2,有,有,無,21000,176,,0.0,0,租金總額含管理費；,RPTNMLPLNHLGFDE88CC,整棟(戶)出租,有,1150601~1160531,有,冷氣、熱水器、洗衣機、電視機、冰箱、瓦斯或天然氣,
楠梓區,租賃房屋,高雄市楠梓區旗楠路９５７號,0.0,,,,1150524,土地0建物0車位0,全,3,透天厝,店鋪、住宅,鋼筋混凝土造,1120818,23.23,4,4,4,有,無,有,8000,344,,0.0,0,,RPRNMLPLNHLGFEE78CC,分租套房,無,1150524~1160523,無,冷氣、熱水器、冰箱,
楠梓區,租賃房屋,高雄市楠梓區惠正街２２３號１０樓,0.0,,,,1150523,土地0建物1車位0,十層,13,住宅大樓(11層含以上有電梯),集合住宅,鋼筋混凝土,1120428,92.09,2,1,1,有,有,有,20000,217,,0.0,0,租金總額含管理費；未租賃車位，建物登記含有車位面積；,RPWNMLPLNHLGFEE66CC,整棟(戶)出租,有,1150601~1160531,有,冷氣、熱水器、洗衣機、電視機、冰箱、瓦斯或天然氣,
楠梓區,租賃房屋,高雄市楠梓區藍田路１１１９號５樓,8.79,商,,,1150524,土地1建物1車位0,五層,15,住宅大樓(11層含以上有電梯),集合住宅,鋼筋混凝土,1110126,90.96000000000001,2,2,2,有,有,有,17500,192,,0.0,0,租金總額含管理費；,RPPOMLPLNHLGFEE68CC,整棟(戶)出租,有,1150601~1160531,有,冷氣、熱水器、洗衣機、電視機、冰箱、瓦斯或天然氣,
左營區,租賃房屋+車位,高雄市左營區文萊路３２３號１３樓之１,0.0,,,,1150524,土地0建物1車位1,十三層,14,住宅大樓(11層含以上有電梯),住家用,鋼筋混凝土結構造,0900626,147.34,3,2,2,有,有,有,28000,190,坡道平面,19.37,0,租金總額含管理費；,RPQOMLPLNHLGFEE78CC,整棟(戶)出租,有,1150601~1160531,有,冷氣、熱水器、洗衣機、電視機、冰箱、瓦斯或天然氣,一般代管
楠梓區,租賃房屋+車位,高雄市楠梓區大學十一街３０２號五樓,0.0,,,,1150523,土地0建物1車位1,五層,15,住宅大樓(11層含以上有電梯),集合住宅,鋼筋混凝土,1100525,162.04,3,2,2,有,有,有,28000,173,坡道平面,30.7,0,租金總額含管理費；,RPTOMLPLNHLGFEE09CC,整棟(戶)出租,有,1150601~1160531,有,冷氣、熱水器、洗衣機、電視機、冰箱、瓦斯或天然氣,
左營區,租賃房屋+車位,高雄市左營區文康路１９５號９樓,0.0,,,,1150521,土地0建物1車位1,九層,13,住宅大樓(11層含以上有電梯),住家用,鋼筋混凝土造,0870114,122.17999999999999,3,2,2,有,有,有,23000,188,坡道機械,12.09,0,租賃期間有約定不同租金115年5月21日~115年5月31日為搬遷期，不計租金；115年6月1日~116年12月31日每月租金為23000元，每月1日前支付。；,RPXOMLPLNHLGFEE86CC,整棟(戶)出租,有,1150521~1161231,有,冷氣、洗衣機、電視機、冰箱,
岡山區,租賃房屋+車位,高雄市岡山區前峰路１２９號５樓之１,29.79,住,,,1150522,土地1建物1車位1,五層,6,華廈(10層含以下有電梯),住家用,鋼筋混凝土造,0831018,151.85000000000002,4,2,2,有,有,有,16800,111,坡道機械,0.0,0,多人共同承租2；,RPQNMLPLNHLGFFE78CC,整棟(戶)出租,無,1150701~1170630,有,冷氣、熱水器、洗衣機,
梓官區,租賃房屋,高雄市梓官區廣澤路１０５號３樓,0.0,,,,1150522,土地0建物1車位0,三層,8,華廈(10層含以下有電梯),集合住宅,鋼筋混凝土造,1111018,80.77,2,1,2,有,有,有,14000,173,,0.0,0,租金已扣除管理費1000元,RPRNMLPLNHLGFFE88CC,整棟(戶)出租,無,1150605~1160604,有,冷氣、熱水器、洗衣機、電視機、冰箱,
鳳山區,租賃房屋,高雄市鳳山區福誠五街６５號１０樓,0.0,,,,1150524,土地0建物1車位0,十層,15,住宅大樓(11層含以上有電梯),集合住宅,鋼筋混凝土,1140717,68.37,2,1,1,有,有,有,23000,336,,0.0,0,一、附屬設備：沙發X1、茶几X1、窗簾X2、排油煙機1、流理臺X1、瓦斯爐X1二、管理費由出租人負擔，水費、電費、瓦斯費、網路費由承租人負擔,RPUNMLPLNHLGFGE66CC,整棟(戶)出租,有,1150601~1160530,有,冷氣、熱水器、洗衣機、電視機、冰箱、瓦斯或天然氣,
大寮區,租賃房屋,高雄市大寮區鳳屏一路７１８巷５號,0.0,,,,1150522,土地0建物1車位0,全,3,透天厝,住商用,鋼筋混凝土造,0700610,126.42,5,2,3,有,無,無,18700,148,,0.0,0,多人共同承租2；,RPQNMLPLNHLGFLE76CC,整棟(戶)出租,無,1150522~1160521,無,熱水器、網路,社會住宅包租轉租
林園區,租賃房屋,高雄市林園區工業一路１９２號,0.0,,,,1150521,土地0建物1車位0,全,4,透天厝,住商用,鋼筋混凝土造,0830817,202.94,4,2,4,有,無,有,20000,99,,0.0,0,,RPRNMLPLNHLGFLE86CC,整棟(戶)出租,無,1150522~1160521,無,冷氣、熱水器、洗衣機、電視機、冰箱、瓦斯或天然氣,社會住宅代管
鼓山區,租賃房屋,高雄市鼓山區文忠路８０號十二樓之２,0.0,,,,1150522,土地0建物1車位0,十二層,12,住宅大樓(11層含以上有電梯),住家用,鋼筋混凝土造,0840623,91.72999999999999,2,1,2,有,有,有,15000,164,,0.0,0,社會住宅，管理費2000元，水電費 瓦斯費 由承租人負擔,RPPNMLQLNHLGFAE28CC,整棟(戶)出租,有,1150601~1160531,有,冷氣、熱水器、洗衣機、電視機、冰箱、瓦斯或天然氣,社會住宅代管
鼓山區,租賃房屋+車位,高雄市鼓山區龍水二路１５號１１樓,0.0,,,,1150522,土地0建物1車位1,十一層,25,住宅大樓(11層含以上有電梯),住家用,鋼筋混凝土造,1030225,298.34000000000003,3,2,2,有,有,無,48000,161,坡道平面,29.64,0,租金總額含管理費；,RPQNMLQLNHLGFAE38CC,整棟(戶)出租,有,1150615~1170614,有,冷氣、熱水器、洗衣機、冰箱、瓦斯或天然氣,
鼓山區,租賃房屋,高雄市鼓山區明華路３２３號,0.0,,,,1150522,土地0建物1車位0,一層,16,住宅大樓(11層含以上有電梯),商業用,鋼筋混凝土造,0841106,190.71,5,1,2,有,有,無,25000,131,,0.0,0,未租賃車位，建物登記含有車位面積；,RPRNMLQLNHLGFAE48CC,整棟(戶)出租,有,1150525~1160524,有,熱水器、瓦斯或天然氣,社會住宅代管
鼓山區,租賃房屋,高雄市鼓山區青海路４２２號,97.81,住,,,1150526,土地1建物1車位0,見其他登記事項,5,店面(店鋪),住商用,鋼筋混凝土造,0960611,298.59,5,2,5,有,無,無,80000,268,,0.0,0,附屬設備：抽水加壓馬達組乙組、流理台乙組含三機。租金總額含稅；租賃期間有約定不同租金搬遷裝潢期：115/05/26~115/07/05，免收月租金115/07/06~117/07/05，月租金捌萬元整117/07/06~119/07/05，月租金捌萬伍仟元整119/07/06~121/07/05，月租金捌萬玖仟貳佰伍拾元整；,RPTNMLQLNHLGFAE68CC,,無,1150706~1210705,無,,
鹽埕區,租賃房屋,高雄市鹽埕區公園二路１８５號５樓之３,0.0,,,,1150524,土地0建物1車位0,五層,15,住宅大樓(11層含以上有電梯),集合住宅,鋼筋混凝土造,1141211,74.81,2,2,1,有,有,有,22000,294,,0.0,0,多人共同承租2；租金總額含管理費；租賃期間有約定不同租金1150601-1150609為搬遷期不收租金；,RPPOMLQLNHLGFAE38CC,整棟(戶)出租,有,1150610~1160609,有,冷氣、熱水器、洗衣機、冰箱,
鼓山區,租賃房屋,高雄市鼓山區華榮路３１７號,0.0,,,,1150525,土地0建物1車位0,見其他登記事項,3,店面(店鋪),店舖、住宅,鋼筋混凝土造,0680316,144.6,3,2,3,有,無,無,55000,380,,0.0,0,承租方：海殿餐飲有限公司籌備處統編預查編號為115031833租金總額含稅；租賃期間有約定不同租金115年6月1日至30日為免租期115年7月1日至118年6月30日：55000元118年7月1日至120年6月30日：57000元120年7月1日至123年6月30日：59000元；,RPQOMLQLNHLGFAE48CC,,無,1150701~1230630,無,,
鼓山區,租賃房屋+車位,高雄市鼓山區龍勝路３０號１４樓,0.0,,,,1150525,土地0建物1車位1,十四層,15,住宅大樓(11層含以上有電梯),住家用,鋼筋混凝土造,1001007,86.88,2,1,1,有,有,有,20000,230,坡道機械,9.45,0,,RPVOMLQLNHLGFAE98CC,整棟(戶)出租,有,1150601~1160531,有,冷氣、熱水器、洗衣機、電視機、冰箱、瓦斯或天然氣,
苓雅區,租賃房屋,高雄市苓雅區永康街６０巷２號,0.0,,,,1150522,土地0建物0車位0,全,5,透天厝,住家用,鋼筋混凝土造,1020110,16.52,22,0,22,有,無,有,7600,460,,0.0,0,租金總額含水費；其他租金含第四台；,RPOOMLQLNHLGFBE38CC,分租套房,無,1150522~1160531,有,冷氣、熱水器、電視機、冰箱、有線電視、網路,一般代管
苓雅區,租賃房屋,高雄市苓雅區永康街６０巷２號,0.0,,,,1150522,土地0建物0車位0,全,5,透天厝,住家用,鋼筋混凝土造,1020110,16.52,22,0,22,有,無,有,7600,460,,0.0,0,租金總額含水費；其他租金含第四台；,RPPOMLQLNHLGFBE48CC,分租套房,無,1150522~1160531,有,冷氣、熱水器、電視機、冰箱、有線電視、網路,一般代管
苓雅區,租賃房屋,高雄市苓雅區文橫二路９巷４０號,0.0,,,,1150523,土地0建物0車位0,全,2,透天厝,住家用,加強磚造,0591104,19.83,6,0,6,有,無,有,9000,454,,0.0,0,租金總額含水費；其他租金含第四台；續租案件；,RPQOMLQLNHLGFBE58CC,分租套房,無,1150701~1160630,無,冷氣、熱水器、電視機、冰箱、有線電視、網路,一般代管
新興區,租賃房屋,高雄市新興區復興一路５７號１０樓之１１,0.0,,,,1150525,土地0建物1車位0,十層,12,住宅大樓(11層含以上有電梯),公寓,鋼筋混凝土造,0720505,49.1,1,1,1,有,有,無,7000,143,,0.0,0,,RPVOMLQLNHLGFBE09CC,獨立套房,有,1150531~1160530,有,冷氣、熱水器、洗衣機,社會住宅代管
新興區,租賃房屋+車位,高雄市新興區中山一路１４之６號３２樓之１０,0.0,,,,1150522,土地0建物1車位1,三十二層,33,住宅大樓(11層含以上有電梯),集合住宅,鋼骨鋼筋混凝土構造、鋼筋混凝土造、鋼骨構造,1130501,143.82,2,2,2,有,有,有,35000,243,坡道平面,32.3,0,租金總額含管理費；,RPWOMLQLNHLGFBE56CC,整棟(戶)出租,有,1150522~1160521,有,冷氣、熱水器、洗衣機、電視機、冰箱,一般代管
苓雅區,車位,高雄市苓雅區新光路６２巷３號６樓之１,0.0,,,,1150524,土地0建物0車位1,,,其他,,,,14.65,0,0,0,無,無,無,2500,,坡道平面,14.65,2500,,RPXOMLQLNHLGFBE66CC,,,1150601~1160531,,,
苓雅區,租賃房屋,高雄市苓雅區五福一路４７號五樓之２、４,0.0,,,,1150522,土地0建物1車位0,五層,5,公寓(5樓含以下無電梯),住宅,鋼筋混凝土造,0751002,170.81,3,0,1,有,無,有,12000,70,,0.0,0,續租案件；,RPQPMLQLNHLGFBE68CC,整棟(戶)出租,無,1150524~1160523,無,冷氣、熱水器、洗衣機、電視機、冰箱,社會住宅代管
前鎮區,租賃房屋+車位,高雄市前鎮區中華五路１００７巷１２之１號９樓,0.0,,,,1150525,土地0建物1車位1,九層,14,住宅大樓(11層含以上有電梯),住家用,鋼筋混凝土造,0910619,143.60000000000002,3,2,2,有,有,無,20000,139,坡道平面,0.0,0,115/5/25~115/6/4為免租搬遷期，毋庸給付租金。,RPPNMLQLNHLGFCE48CC,整棟(戶)出租,有,1150605~1170604,有,冷氣、熱水器、瓦斯或天然氣,
三民區,租賃房屋,高雄市三民區建國三路６號十四樓之５,0.0,,,,1150522,土地0建物1車位0,十四層,21,住宅大樓(11層含以上有電梯),住家用,鋼筋混凝土造,0840615,33.730000000000004,1,0,1,有,有,有,5300,157,,0.0,0,續租案件；,RPPNMLQLNHLGFDE58CC,獨立套房,有,1150523~1160522,有,冷氣、熱水器、洗衣機、冰箱,社會住宅包租轉租
三民區,租賃房屋,高雄市三民區鼎新路１９９巷１號１１樓之６,0.0,,,,1150521,土地0建物1車位0,十一層,13,住宅大樓(11層含以上有電梯),商業用,鋼筋混凝土造,0970514,38.57,1,0,1,有,有,有,4500,117,,0.0,0,含增建或未登記建物；續租案件；,RPQNMLQLNHLGFDE68CC,獨立套房,有,1150610~1151209,有,冷氣、熱水器、電視機、冰箱、網路,一般代管
三民區,租賃房屋,高雄市三民區重慶街７巷１９號,0.0,,,,1150522,土地0建物0車位0,全,3,透天厝,住家用,加強磚造,0520430,13.22,11,0,11,有,無,有,5000,378,,0.0,0,租金總額含水費；續租案件；,RPTNMLQLNHLGFDE98CC,分租套房,無,1150601~1160531,無,冷氣、熱水器、電視機、冰箱,一般代管
三民區,租賃房屋,高雄市三民區重慶街７巷１９號,0.0,,,,1150522,土地0建物0車位0,全,3,透天厝,住家用,加強磚造,0520430,13.22,11,0,11,有,無,有,5300,401,,0.0,0,租金總額含水費；續租案件；,RPUNMLQLNHLGFDE09CC,分租套房,無,1150601~1160531,無,冷氣、熱水器、電視機、冰箱、網路,一般代管
三民區,租賃房屋,高雄市三民區明誠一路３８８之１號十二樓,0.0,,,,1150522,土地0建物1車位0,十二層,14,住宅大樓(11層含以上有電梯),住家用,鋼筋混凝土造,0900413,136.45,2,2,2,有,有,有,20000,147,,0.0,0,社會住宅，管理費2000元，水電費 瓦斯費 由承租人負擔未租賃車位，建物登記含有車位面積；續租案件；,RPWNMLQLNHLGFDE66CC,整棟(戶)出租,有,1150601~1170531,有,冷氣、熱水器、洗衣機、電視機、冰箱、瓦斯或天然氣,社會住宅包租轉租
三民區,租賃房屋,高雄市三民區鼎正街９號５樓之１,0.0,,,,1150522,土地0建物1車位0,五層,5,公寓(5樓含以下無電梯),集合住宅,鋼筋混凝土造,0761224,127.19,4,1,2,有,無,有,15000,118,,0.0,0,,RPPOMLQLNHLGFDE68CC,整棟(戶)出租,無,1150522~1160521,無,冷氣、熱水器、洗衣機、冰箱,社會住宅代管
楠梓區,租賃房屋,高雄市楠梓區海專路１２５號三樓之２,0.0,,,,1150522,土地0建物1車位0,三層,5,公寓(5樓含以下無電梯),公寓,鋼筋混凝土造,0701218,68.13,3,1,2,有,無,無,12000,176,,0.0,0,續租案件；,RPQNMLQLNHLGFEE78CC,整棟(戶)出租,無,1150620~1160619,無,冷氣、熱水器,社會住宅包租轉租
楠梓區,租賃房屋,高雄市楠梓區安泰街１８２巷１號８樓之１０,0.0,,,,1150522,土地0建物1車位0,八層,10,華廈(10層含以下有電梯),見使用執照,見使用執照,0930413,24.34,1,0,1,有,有,有,5000,205,,0.0,0,含增建或未登記建物；續租案件；,RPRNMLQLNHLGFEE88CC,獨立套房,有,1150701~1160630,有,冷氣、熱水器、電視機、冰箱、網路,一般代管
楠梓區,租賃房屋,高雄市楠梓區安泰街１８２巷５號９樓之１１,0.0,,,,1150521,土地0建物1車位0,九層,10,華廈(10層含以下有電梯),見使用執照,見使用執照,0930413,24.4,1,0,1,有,有,有,5000,205,,0.0,0,含增建或未登記建物；續租案件；,RPTNMLQLNHLGFEE09CC,獨立套房,有,1150610~1160609,有,冷氣、熱水器、電視機、冰箱、網路,一般代管
楠梓區,租賃房屋,高雄市楠梓區盛昌街２８６號７樓之２,9.99,其他,,,1150523,土地1建物1車位0,七層,15,住宅大樓(11層含以上有電梯),集合住宅,鋼筋混凝土,1050224,128.91,3,2,2,有,有,有,15500,120,,0.0,0,,RPVNMLQLNHLGFEE66CC,整棟(戶)出租,有,1150601~1160531,有,冷氣、熱水器、洗衣機、電視機、冰箱、瓦斯或天然氣,
楠梓區,租賃房屋+車位,高雄市楠梓區惠正街１３０號３樓,16.29,住,,,1150523,土地1建物1車位1,三層,14,住宅大樓(11層含以上有電梯),集合住宅,鋼筋混凝土,1110222,122.9,2,2,2,有,有,有,18454,150,坡道平面,21.56,0,由出租人負擔管理費2546元，已於月租金中扣除,RPWNMLQLNHLGFEE76CC,整棟(戶)出租,有,1150601~1151130,有,冷氣、熱水器、洗衣機、冰箱,
左營區,租賃房屋,高雄市左營區裕誠路４２９之１號六樓,0.0,,,,1150522,土地0建物1車位0,六層,12,住宅大樓(11層含以上有電梯),住家用,鋼筋混凝土造,0830429,80.87,3,2,2,有,有,有,17500,216,,0.0,0,社會住宅，管理費1500元，水電費由承租人負擔,RPOOMLQLNHLGFEE68CC,整棟(戶)出租,無,1150601~1170531,有,冷氣、熱水器,社會住宅包租轉租
左營區,租賃房屋,高雄市左營區博愛四路２５５號十樓之３,0.0,,,,1150522,土地0建物1車位0,十層,34,住宅大樓(11層含以上有電梯),集合住宅,鋼骨鋼筋混凝土構造、鋼筋混凝土造,1141014,81.42,2,1,1,有,有,有,20000,246,,0.0,0,,RPQOMLQLNHLGFEE88CC,整棟(戶)出租,有,1150522~1160521,有,冷氣、熱水器、洗衣機、冰箱,社會住宅代管
楠梓區,租賃房屋,高雄市楠梓區芎林一街１７８號十三樓,0.0,,,,1150522,土地0建物1車位0,十三層,15,住宅大樓(11層含以上有電梯),集合住宅,鋼筋混凝土,1100805,98.0,1,2,1,有,有,有,17600,180,,0.0,0,管理費2400元，水電費 瓦斯費 由承租人負擔未租賃車位，建物登記含有車位面積；,RPROMLQLNHLGFEE98CC,整棟(戶)出租,有,1150601~1160531,有,冷氣、熱水器、洗衣機、電視機、冰箱、瓦斯或天然氣,社會住宅代管
楠梓區,租賃房屋,高雄市楠梓區大學三十八街５１號三樓,0.0,,,,1150522,土地0建物1車位0,三層,15,住宅大樓(11層含以上有電梯),集合住宅,鋼筋混凝土,1130830,118.67,3,1,2,有,有,無,20000,169,,0.0,0,,RPTOMLQLNHLGFEE56CC,整棟(戶)出租,有,1150525~1160524,有,冷氣、熱水器、洗衣機、瓦斯或天然氣,社會住宅代管
楠梓區,租賃房屋,高雄市楠梓區金富街３號,0.0,,,,1150521,土地0建物1車位0,一層,15,店面(店鋪),店舖,鋼筋混凝土,1140618,162.61,0,0,1,有,有,無,55000,338,,0.0,0,建物租賃範圍不含車位，該建物共有部分登記面積含有車位面積租賃期間有約定不同租金1150721-1180720每月租金55000元1180721-1220720每月租金60000元；,RPXOMLQLNHLGFEE96CC,,有,1150721~1220720,無,,
楠梓區,租賃房屋,高雄市楠梓區加昌路２６６之１號２５樓,9.0,商,,,1150523,土地1建物1車位0,二十五層,29,住宅大樓(11層含以上有電梯),集合住宅,鋼筋混凝土,1131108,192.19,3,2,2,有,有,有,25975,135,,0.0,0,由出租人負擔管理費4025元，已於月租金中扣除多人共同承租3；未租賃車位，建物登記含有車位面積；,RPSPMLQLNHLGFEE56CC,整棟(戶)出租,有,1150601~1160630,有,冷氣、熱水器、洗衣機、冰箱,
楠梓區,租賃房屋,高雄市楠梓區大學二十一路８６號三樓,0.0,,,,1150525,土地0建物1車位0,三層,15,住宅大樓(11層含以上有電梯),集合住宅,鋼筋混凝土,1110330,121.93,3,2,2,有,有,有,23000,189,,0.0,0,社會住宅，管理費2000元，水電費 瓦斯費 由承租人負擔多人共同承租2；未租賃車位，建物登記含有車位面積；續租案件；,RPQQMLQLNHLGFEE09CC,整棟(戶)出租,有,1150605~1160604,有,冷氣、熱水器、洗衣機、電視機、冰箱、瓦斯或天然氣,社會住宅代管
楠梓區,租賃房屋,高雄市楠梓區大學十九街１２８號六樓,0.0,,,,1150522,土地0建物1車位0,六層,15,住宅大樓(11層含以上有電梯),集合住宅,鋼筋混凝土,1130910,90.58,2,1,1,有,有,有,20000,221,,0.0,0,社會住宅，管理費1800元，水電費 瓦斯費 由承租人負擔多人共同承租2；未租賃車位，建物登記含有車位面積；續租案件；,RPSQMLQLNHLGFEE66CC,整棟(戶)出租,有,1150701~1160630,有,冷氣、熱水器、洗衣機、電視機、冰箱、瓦斯或天然氣,社會住宅代管
楠梓區,租賃房屋,高雄市楠梓區學專路５７１號八樓,0.0,,,,1150521,土地0建物1車位0,八層,15,住宅大樓(11層含以上有電梯),集合住宅,鋼筋混凝土,1141229,80.43,2,1,1,有,有,有,20000,249,,0.0,0,,RPUQMLQLNHLGFEE86CC,整棟(戶)出租,有,1150611~1160610,有,冷氣、熱水器、洗衣機、電視機、冰箱、瓦斯或天然氣,
岡山區,租賃房屋+車位,高雄市岡山區鵬程路６７號４樓之１,0.0,,,,1150522,土地0建物1車位1,四層,14,住宅大樓(11層含以上有電梯),集合住宅,鋼筋混凝土造,1140428,142.58,3,2,2,有,有,有,24500,172,坡道平面,26.22,0,民國115年5月22日至民國115年5月24日為免租搬遷期。租金總額含管理費；,RPRNMLQLNHLGFFE98CC,整棟(戶)出租,有,1150522~1160524,有,冷氣、熱水器、電視機、冰箱,
鳳山區,租賃房屋,高雄市鳳山區鳳山區頂庄路２８５號,0.0,,,,1150522,土地0建物1車位0,全,4,透天厝,店舖、住宅、門廊,鋼筋混凝土,0940103,49.95,0,2,1,有,無,無,18000,360,,0.0,0,,RPPNMLQLNHLGFGE88CC,,無,1150701~1170630,無,冷氣、冰箱、瓦斯或天然氣,
鳳山區,租賃房屋,高雄市鳳山區鳳山區頂庄路２８５號,0.0,,,,1150522,土地0建物1車位0,全,4,透天厝,店舖、住宅、門廊,鋼筋混凝土,0940103,146.88,5,0,2,有,無,無,14000,95,,0.0,0,多人共同承租2；,RPSNMLQLNHLGFGE56CC,分層出租,無,1150701~1170630,無,,
鳳山區,租賃房屋,高雄市鳳山區中山東路１３０巷２１號,0.0,,,,1150525,土地0建物1車位0,全,2,透天厝,住家用,加強磚造,0600309,73.44,4,2,3,有,無,有,13000,177,,0.0,0,,RPWNMLQLNHLGFGE96CC,整棟(戶)出租,無,1150610~1160609,無,冷氣、熱水器,社會住宅代管
大社區,租賃房屋,高雄市大社區民生路２００巷３５號四樓,0.0,,,,1150522,土地0建物1車位0,四層,7,華廈(10層含以下有電梯),集合住宅,鋼筋混凝土,1121115,85.84,2,2,2,有,有,有,16800,196,,0.0,0,社會住宅，管理費1200元，水電費由承租人負擔未租賃車位，建物登記含有車位面積；,RPRNMLQLNHLGFIE66CC,整棟(戶)出租,無,1150607~1160606,有,冷氣、熱水器、洗衣機、電視機、冰箱,社會住宅代管
仁武區,租賃房屋,高雄市仁武區永仁街２９８號１樓,76.71,住,,,1150522,土地1建物1車位0,全,4,透天厝,店舖、門廊、停車空間、集合住宅、樓梯間,鋼筋混凝土造,1001220,49.02,1,1,1,有,無,無,19800,404,,0.0,0,,RPTNMLQLNHLGFIE86CC,,無,1150601~1170531,無,冷氣,
鹽埕區,租賃房屋,高雄市鹽埕區大公路１０１號１４樓之６,0.0,,,,1150525,土地0建物1車位0,十四層,15,住宅大樓(11層含以上有電梯),集合住宅,鋼筋混凝土,1090515,87.53,2,1,2,有,有,有,24000,274,,0.0,0,有一個機車位 : B1-85號衛浴有一間是半套衛浴只有廁所租金總額含管理費；其他租金含管理費1859元；未租賃車位，建物登記含有車位面積；,RPVNMLRLNHLGFAE98CC,整棟(戶)出租,有,1150701~1160630,有,冷氣、熱水器、洗衣機、電視機、冰箱,
前金區,租賃房屋,高雄市前金區中華四路３１２號５樓,0.0,,,,1150524,土地0建物0車位0,五層,12,住宅大樓(11層含以上有電梯),商業用,鋼筋混凝土造,0780724,20.0,8,0,8,有,無,有,9000,450,,0.0,0,租金總額含管理費；水費；網路費；租賃建物部分範圍，且未計入共有部分面積；續租案件；,RPXNMLRLNHLGFAE56CC,分租套房,無,1150606~1160605,有,冷氣、熱水器、洗衣機、電視機、冰箱、有線電視、網路,一般代管
鹽埕區,租賃房屋,高雄市鹽埕區莒光街２１９號９樓之１,0.0,,,,1150527,土地0建物1車位0,九層,12,住宅大樓(11層含以上有電梯),集合住宅,鋼筋混凝土造,0720523,42.43,1,1,1,有,有,有,8000,189,,0.0,0,管理費:834租金總額含管理費；,RPOOMLRLNHLGFAE38CC,獨立套房,有,1150601~1160514,有,冷氣、熱水器、洗衣機、電視機、冰箱,社會住宅包租轉租
鼓山區,租賃房屋,高雄市鼓山區龍文街２３號３樓,0.0,,,,1150526,土地0建物1車位0,三層,14,住宅大樓(11層含以上有電梯),住家用,鋼筋混凝土造,0930913,110.53,3,1,2,有,有,有,19000,172,,0.0,0,續租案件；,RPQOMLRLNHLGFAE58CC,整棟(戶)出租,有,1150720~1160719,有,冷氣、熱水器、洗衣機、冰箱,社會住宅代管
前金區,租賃房屋,高雄市前金區五福三路６１號１５樓之１２,0.0,,,,1150526,土地0建物1車位0,十五層,16,住宅大樓(11層含以上有電梯),公寓,鋼筋混凝土造,0690109,33.83,1,0,1,有,有,有,11000,325,,0.0,0,租金1萬1千含管理費。1房1衛。無車位。租金總額含管理費；,RPROMLRLNHLGFAE68CC,整棟(戶)出租,有,1150529~1160528,有,冷氣、冰箱,
苓雅區,租賃房屋,高雄市苓雅區三多二路７１巷３６號,0.0,,,,1150521,土地0建物1車位0,全,2,透天厝,店舖及住宅,加強磚造,0581019,57.76,4,1,3,有,無,有,13000,225,,0.0,0,多人共同承租3；,RPTNMLRLNHLGFBE88CC,整棟(戶)出租,無,1150601~1160531,無,冷氣、熱水器、洗衣機、冰箱,社會住宅代管
苓雅區,租賃房屋,高雄市苓雅區三多四路６２號十九樓之１,6.9,商,,,1150524,土地1建物1車位0,十九層,28,住宅大樓(11層含以上有電梯),集合住宅,鋼筋混凝土,1140829,101.00999999999999,2,2,2,有,有,有,26000,257,,0.0,0,,RPXNMLRLNHLGFBE66CC,整棟(戶)出租,有,1150605~1160604,有,冷氣、熱水器、洗衣機、電視機、冰箱、瓦斯或天然氣,
苓雅區,租賃房屋,高雄市苓雅區光華二路３９０巷１５弄１７號,0.0,,,,1150522,土地0建物1車位0,全,2,透天厝,店舖住宅,加強磚造,0580320,69.18,2,1,3,有,無,有,15000,217,,0.0,0,續租案件；,RPOOMLRLNHLGFBE48CC,整棟(戶)出租,無,1150613~1160612,無,冷氣、熱水器、洗衣機、電視機、冰箱、瓦斯或天然氣,社會住宅代管
新興區,租賃房屋,高雄市新興區新興路３９號４樓,0.0,,,,1150522,土地0建物1車位0,四層,14,住宅大樓(11層含以上有電梯),住家用,鋼筋混凝土造,1040306,81.01,2,1,1,有,有,有,18500,228,,0.0,0,多人共同承租2；續租案件；,RPQOMLRLNHLGFBE68CC,整棟(戶)出租,有,1150803~1160802,有,冷氣、熱水器、洗衣機、電視機、冰箱,社會住宅代管
新興區,租賃房屋,高雄市新興區南台路１號９樓之４,0.0,,,,1150527,土地0建物1車位0,九層,12,住宅大樓(11層含以上有電梯),集合住宅,鋼筋混凝土造,0720428,40.9,1,1,1,有,有,有,11500,281,,0.0,0,管理費:700租金總額含管理費；續租案件；,RPSOMLRLNHLGFBE88CC,獨立套房,有,1150604~1160603,有,冷氣、熱水器、洗衣機、電視機、冰箱,社會住宅代管
小港區,租賃房屋+車位,高雄市小港區華盛街１０６巷３１號９樓,0.0,,,,1150525,土地0建物1車位1,九層,12,住宅大樓(11層含以上有電梯),住家用,鋼筋混凝土造,0860319,152.7,3,2,2,有,有,有,19000,124,坡道平面,0.0,0,租金總額含管理費；其他停車費；,RPPNMLRLNHLGFCE58CC,整棟(戶)出租,無,1150601~1160531,有,冷氣、熱水器、洗衣機、電視機、冰箱、瓦斯或天然氣,
小港區,租賃房屋,高雄市小港區平治街２７號３樓之１,0.0,,,,1150527,土地0建物1車位0,三層,16,住宅大樓(11層含以上有電梯),住家用,鋼筋混凝土造,0820503,113.89,3,2,2,有,有,有,20000,176,,0.0,0,租金總額含管理費；,RPUNMLRLNHLGFCE09CC,整棟(戶)出租,有,1150601~1160531,有,冷氣、熱水器、洗衣機、冰箱、瓦斯或天然氣,
前鎮區,租賃房屋,高雄市前鎮區鎮東一街４０６巷４號三樓之４,0.0,,,,1150521,土地0建物1車位0,三層,5,公寓(5樓含以下無電梯),公寓,鋼筋混凝土造,0671016,56.6,3,1,1,有,無,有,11000,194,,0.0,0,續租案件；,RPVNMLRLNHLGFCE56CC,整棟(戶)出租,無,1150525~1160524,無,冷氣、熱水器、冰箱、瓦斯或天然氣,社會住宅包租轉租
三民區,租賃房屋,高雄市三民區士良街１３６巷７號,0.0,,,,1150525,土地0建物0車位0,全,2,透天厝,店鋪及住宅,加強磚造,0630817,11.5,4,0,4,有,無,有,7000,609,,0.0,0,為分租套房一間，面積為實際丈量結果,RPRNMLRLNHLGFDE88CC,分租套房,無,1150601~1160531,無,冷氣、熱水器、冰箱,一般代管
三民區,租賃房屋,高雄市三民區建國三路２８８號,0.0,,,,1150525,土地0建物0車位0,全,4,透天厝,店鋪、住宅自用,鋼筋混凝土造,0630114,45.0,8,8,8,有,無,有,19500,433,,0.0,0,水費、網路費由包租業者負擔多人共同承租2；,RPXNMLRLNHLGFDE86CC,分租套房,無,1150601~1160531,無,冷氣、熱水器、冰箱,一般轉租
三民區,租賃房屋,高雄市三民區建國三路２４５號６樓之５,0.0,,,,1150526,土地0建物1車位0,六層,15,住宅大樓(11層含以上有電梯),集合住宅,鋼筋混凝土造,1081106,75.94,2,1,1,有,有,有,22000,290,,0.0,0,,RPPOMLRLNHLGFDE78CC,整棟(戶)出租,有,1150605~1160604,有,冷氣、熱水器、洗衣機、冰箱、瓦斯或天然氣,
三民區,租賃房屋,高雄市三民區愛國路９７號６樓之５,0.0,,,,1150523,土地0建物1車位0,六層,10,華廈(10層含以下有電梯),商業用,鋼筋混凝土造,0950726,15.67,1,0,1,有,有,有,4200,268,,0.0,0,含增建或未登記建物；續租案件；,RPUOMLRLNHLGFDE66CC,獨立套房,有,1150723~1160722,有,冷氣、熱水器、電視機、冰箱、網路,一般代管
三民區,租賃房屋,高雄市三民區愛國路９７號７樓之７,0.0,,,,1150524,土地0建物1車位0,七層,10,華廈(10層含以下有電梯),商業用,鋼筋混凝土造,0950726,16.14,1,0,1,有,有,有,4500,279,,0.0,0,含增建或未登記建物；續租案件；,RPVOMLRLNHLGFDE76CC,獨立套房,有,1150608~1151207,有,冷氣、熱水器、電視機、冰箱、網路,一般代管
三民區,租賃房屋,高雄市三民區漢口路２０１巷３０號２樓,0.0,,,,1150525,土地0建物1車位0,二層,5,公寓(5樓含以下無電梯),,鋼筋混凝土造,0740508,81.15,3,1,2,有,無,有,17000,209,,0.0,0,續租案件；,RPRPMLRLNHLGFDE09CC,整棟(戶)出租,無,1150610~1160609,無,冷氣、熱水器、洗衣機、冰箱,社會住宅代管
三民區,租賃房屋,高雄市三民區民族一路８８之１號１６樓之１,0.0,,,,1150522,土地0建物1車位0,十六層,26,住宅大樓(11層含以上有電梯),住家用,鋼筋混凝土造,0841219,69.86,2,1,1,有,有,有,13000,186,,0.0,0,,RPUPMLRLNHLGFDE76CC,整棟(戶)出租,有,1150525~1160524,有,冷氣、熱水器,社會住宅代管
三民區,租賃房屋,高雄市三民區中庸街１５３巷８號,0.0,,,,1150525,土地0建物1車位0,一層,5,公寓(5樓含以下無電梯),住宅,鋼筋混凝土造,0680417,67.52,3,2,1,有,無,有,16500,244,,0.0,0,多人共同承租2；租金總額含管理費；續租案件；,RPOQMLRLNHLGFDE88CC,整棟(戶)出租,無,1150620~1160619,無,冷氣、熱水器、洗衣機、冰箱、瓦斯或天然氣,
楠梓區,租賃房屋,高雄市楠梓區德中路１３５號,0.0,,,,1150522,土地0建物1車位0,全,3,透天厝,住商用,鋼筋混凝土造,0821214,151.36,3,1,3,有,無,有,30000,198,,0.0,0,,RPPNMLRLNHLGFEE78CC,整棟(戶)出租,無,1150527~1160526,無,冷氣、熱水器,
左營區,租賃房屋,高雄市左營區博愛四路２５５號１１樓之１０,0.0,,,,1150526,土地0建物1車位0,十一層,34,住宅大樓(11層含以上有電梯),集合住宅,鋼骨鋼筋混凝土構造、鋼筋混凝土造,1141014,79.98,2,1,1,有,有,有,23000,288,,0.0,0,多人共同承租4；租金總額含管理費；,RPQNMLRLNHLGFEE88CC,整棟(戶)出租,有,1150601~1160531,有,冷氣、熱水器、洗衣機、冰箱,
楠梓區,租賃房屋,高雄市楠梓區後昌新路９７號１樓,0.0,,,,1150526,土地0建物1車位0,全,2,透天厝,店舖、住宅,加強磚造,0660516,45.45,0,0,1,有,無,無,29000,638,,0.0,0,,RPRNMLRLNHLGFEE98CC,,無,1150601~1170531,無,,
左營區,租賃房屋,高雄市左營區自由二路１２０號地下１樓,0.0,,,,1150522,土地0建物1車位0,地下一層,15,住宅大樓(11層含以上有電梯),商業用,鋼筋混凝土造,0830601,444.75,0,0,1,有,有,無,60000,135,,0.0,0,租賃期間有約定不同租金117年05月22日~119年05月21日月租金6萬2000元119年05月22日~121年05月21日月租金6萬4000元121年05月22日~123年05月21日月租金6萬6000元123年05月22日~125年05月21日月租金6萬8000元；,RPSNMLRLNHLGFEE09CC,,有,1150522~1250521,有,冷氣,
左營區,租賃房屋+車位,高雄市左營區海景街３０８號１３樓之２,0.0,,,,1150523,土地0建物1車位1,十三層,14,住宅大樓(11層含以上有電梯),住家用,鋼筋混凝土造,0991201,205.45999999999998,3,2,2,有,有,無,20200,98,坡道平面,0.0,0,租金已扣除管理費1800元多人共同承租2；,RPUNMLRLNHLGFEE66CC,整棟(戶)出租,有,1150601~1160531,有,冷氣、熱水器、瓦斯或天然氣,
楠梓區,租賃房屋,高雄市楠梓區學專路７８６號,80.0,住,,,1150526,土地1建物1車位0,全,5,透天厝,住商用,鋼筋混凝土造,1021016,47.77,0,1,1,有,無,無,23000,481,,0.0,0,承租人：尚賀傳統整復推拿館籌備處租金總額含稅；租賃期間有約定不同租金115.6.1~115.6.30租金11500元；115.7.1~118.5.31租金23000元；,RPWNMLRLNHLGFEE86CC,,無,1150601~1180531,無,,
楠梓區,租賃房屋,高雄市楠梓區大學十街７５２號４樓,0.0,,,,1150525,土地0建物0車位0,四層,5,華廈(10層含以下有電梯),集合住宅,鋼筋混凝土,1141031,13.22,5,0,5,有,無,有,12000,908,,0.0,0,租金總額含水費；網路費；租賃建物部分範圍，且未計入共有部分面積；,RPXNMLRLNHLGFEE96CC,分租套房,無,1150601~1160531,有,冷氣、熱水器、洗衣機、電視機、冰箱、網路,一般代管
左營區,租賃房屋+車位,高雄市左營區明華一路２６９號,43.1,住,,,1150521,土地1建物1車位1,見其他登記事項,14,店面(店鋪),住商用,見使用執照,0890623,332.99,0,0,0,無,有,無,120000,360,坡道平面,18.11,0,租賃內含B1平面車位乙座，唯車位產權及面積是出租人另一戶不動產標的所持有。多人共同承租2；租金總額含稅；,RPROMLRLNHLGFEE09CC,,有,1150801~1200731,有,冷氣,
左營區,租賃房屋,高雄市左營區和光街１９８巷４號,0.0,,,,1150523,土地0建物0車位0,全,3,透天厝,住家用,鋼筋混凝土造,0880415,15.0,5,3,5,有,無,無,6400,427,,0.0,0,租金總額含水費；網路費；,RPSOMLRLNHLGFEE56CC,分租套房,無,1150523~1160522,無,冷氣、熱水器、瓦斯或天然氣、網路,一般轉租
楠梓區,租賃房屋+車位,高雄市楠梓區加昌路２７２號２３樓,0.0,,,,1150522,土地0建物1車位1,二十三層,29,住宅大樓(11層含以上有電梯),集合住宅,鋼筋混凝土,1131108,146.35,3,2,2,有,有,有,30000,205,坡道平面,0.0,0,多人共同承租3；,RPTOMLRLNHLGFEE66CC,整棟(戶)出租,有,1150601~1160531,有,冷氣、熱水器、洗衣機、電視機、冰箱,
楠梓區,租賃房屋,高雄市楠梓區加昌路１７９巷３４弄３號,0.0,,,,1150526,土地0建物1車位0,全,2,透天厝,住家用,加強磚造,0600330,58.18,3,2,2,有,無,有,23000,395,,0.0,0,多人共同承租2；,RPVOMLRLNHLGFEE86CC,整棟(戶)出租,無,1150605~1170604,無,冷氣、熱水器、電視機,
左營區,租賃房屋,高雄市左營區和光街１９８巷４號,0.0,,,,1150525,土地0建物0車位0,全,3,透天厝,住家用,鋼筋混凝土造,0880415,40.0,5,3,5,有,無,有,15500,388,,0.0,0,多人共同承租2；租金總額含網路費；,RPOPMLRLNHLGFEE88CC,分租套房,無,1150601~1160531,無,冷氣、洗衣機、電視機、冰箱、網路,一般轉租
左營區,租賃房屋,高雄市左營區至聖路２２２號三樓之１,0.0,,,,1150522,土地0建物1車位0,三層,13,住宅大樓(11層含以上有電梯),住家用,鋼筋混凝土造,0901214,109.16,3,2,2,有,有,有,20000,183,,0.0,0,,RPPPMLRLNHLGFEE98CC,整棟(戶)出租,有,1150601~1160531,有,冷氣、熱水器、瓦斯或天然氣,
楠梓區,租賃房屋,高雄市楠梓區創新路７７５號八樓,0.0,,,,1150521,土地0建物1車位0,八層,15,住宅大樓(11層含以上有電梯),集合住宅,鋼筋混凝土結構造,1080816,73.78,2,1,1,有,有,有,14500,197,,0.0,0,續租案件；,RPRPMLRLNHLGFEE56CC,整棟(戶)出租,有,1150604~1160603,有,冷氣、熱水器、洗衣機、電視機、冰箱、瓦斯或天然氣,社會住宅包租轉租
左營區,租賃房屋,高雄市左營區民族一路１１７６號九樓,0.0,,,,1150522,土地0建物1車位0,九層,14,住宅大樓(11層含以上有電梯),住家用,鋼筋混凝土造,0870706,72.87,2,1,1,有,有,有,18000,247,,0.0,0,續租案件；,RPSPMLRLNHLGFEE66CC,整棟(戶)出租,有,1150615~1160614,有,冷氣、熱水器、洗衣機、電視機、冰箱、瓦斯或天然氣,社會住宅代管
楠梓區,租賃房屋+車位,高雄市楠梓區金和街２２０號五樓,0.0,,,,1150526,土地0建物1車位1,五層,15,住宅大樓(11層含以上有電梯),集合住宅,鋼筋混凝土,1120518,150.37,3,2,2,有,有,有,28000,186,坡道平面,24.05,0,1115年5月26日至31日為免租期，此期間之水、電費由乙方負擔，免租期間承租方義務與起租日後相同。2租期內，租賃物之地價稅、房屋稅、管理費由出租方負擔，而承租方所用之電費、水費、瓦斯、網路、第四台等費用，由承租方負擔。租金總額含管理費；其他租金2.8萬含管理費2957元；,RPTPMLRLNHLGFEE76CC,整棟(戶)出租,有,1150601~1160531,有,冷氣、熱水器、洗衣機、電視機、冰箱、瓦斯或天然氣,
楠梓區,租賃房屋,高雄市楠梓區金和街１８５號１４樓,0.0,,,,1150523,土地0建物1車位0,十四層,15,住宅大樓(11層含以上有電梯),集合住宅,鋼筋混凝土,1110901,99.4,2,1,1,有,有,有,20000,201,,0.0,0,多人共同承租2；租金總額含管理費；未租賃車位，建物登記含有車位面積；,RPVPMLRLNHLGFEE96CC,整棟(戶)出租,有,1150525~1160524,有,冷氣、熱水器、洗衣機、電視機、冰箱、瓦斯或天然氣,
鳳山區,租賃房屋+車位,高雄市鳳山區文濱路１２０號９樓,0.0,,,,1150522,土地0建物1車位1,九層,14,住宅大樓(11層含以上有電梯),集合住宅,鋼筋混凝土造,0920701,142.47,3,2,2,有,有,有,28000,197,坡道平面,21.73,0,機車停車位:B1樓層/編號137,RPRNMLRLNHLGFGE56CC,整棟(戶)出租,有,1150522~1180531,有,熱水器、洗衣機、電視機、冰箱、瓦斯或天然氣,
鳳山區,租賃房屋,高雄市鳳山區文衡路４３２號１０樓,0.0,,,,1150526,土地0建物1車位0,十層,14,公寓(5樓含以下無電梯),住家用,鋼筋混凝土造,0860627,115.31,3,2,2,有,無,有,19000,165,,0.0,0,,RPSNMLRLNHLGFGE66CC,整棟(戶)出租,無,1150601~1160531,無,冷氣、熱水器、洗衣機、電視機、冰箱、瓦斯或天然氣、有線電視,
鳳山區,租賃房屋,高雄市鳳山區南華路１巷４弄９之２號３樓,26.55,住,,,1150522,土地3建物1車位0,三層,5,公寓(5樓含以下無電梯),住家用,鋼筋混凝土造,0680523,58.1,3,2,2,有,無,有,17000,293,,0.0,0,含增建或未登記建物；,RPWNMLRLNHLGFGE07CC,分層出租,無,1150601~1160531,無,冷氣、電視機、冰箱、瓦斯或天然氣,
鳳山區,租賃房屋,高雄市鳳山區八德路１６３號九樓,0.0,,,,1150524,土地0建物1車位0,九層,15,住宅大樓(11層含以上有電梯),集合住宅,鋼筋混凝土,1050122,87.46000000000001,1,1,1,有,有,有,19000,217,,0.0,0,一個機車位B1-106。多人共同承租2；租金總額含管理費；網路費；,RPXNMLRLNHLGFGE17CC,整棟(戶)出租,有,1150615~1160614,有,冷氣、熱水器、洗衣機、電視機、冰箱,
鳳山區,土地,明頂段119地號,556.3,住,,,1150525,土地1建物0車位0,,,其他,,,,0.0,0,0,0,無,無,無,22000,40,,0.0,0,,RPOOMLRLNHLGFGE98CC,,,1150801~1200731,,,
鳳山區,租賃房屋+車位,高雄市鳳山區中山東路３８０巷６１弄５１號,0.0,,,,1150522,土地0建物1車位1,一層,15,住宅大樓(11層含以上有電梯),集合住宅,鋼筋混凝土造,1140103,149.93,2,1,2,有,有,無,35000,233,坡道平面,20.32,0,115年5月22日至31日為免租期，此期間之水、電費由乙方負擔，免租期間乙方義務與起租日後相同。租金總額含管理費；,RPROMLRLNHLGFGE66CC,整棟(戶)出租,有,1150601~1170531,有,冷氣,
鳳山區,租賃房屋,高雄市鳳山區光遠路４０６號９樓之１,0.0,,,,1150522,土地0建物1車位0,九層,14,住宅大樓(11層含以上有電梯),住家用,鋼筋混凝土造,0841109,134.14,3,2,2,有,有,有,26000,194,,0.0,0,續租案件；,RPSOMLRLNHLGFGE76CC,整棟(戶)出租,有,1150621~1160620,有,冷氣、熱水器、洗衣機、電視機、冰箱,社會住宅代管
仁武區,租賃房屋,高雄市仁武區鳳仁路２８７-４６號,0.0,,,,1150527,土地0建物1車位0,見其他登記事項,1,工廠,工業用,鋼骨造,0830418,185.55,0,0,0,無,無,無,71680,,,0.0,0,租金總額含稅；含增建或未登記建物；,RPTNMLRLNHLGFIE96CC,,無,1150601~1160531,無,,
前金區,租賃房屋,高雄市前金區七賢二路１９３之１０號六樓之６,0.0,,,,1150522,土地0建物1車位0,六層,15,住宅大樓(11層含以上有電梯),集合住宅,鋼筋混凝土,1101230,83.61,2,1,2,有,有,有,19000,227,,0.0,0,,RPRNMLSLNHLGFAE68CC,整棟(戶)出租,有,1150525~1160524,有,冷氣、熱水器、洗衣機、電視機、冰箱、瓦斯或天然氣,社會住宅代管
鼓山區,租賃房屋,高雄市鼓山區明誠四路１５８號１９樓之３,0.0,,,,1150523,土地0建物1車位0,十九層,26,住宅大樓(11層含以上有電梯),集合住宅,鋼骨構造、鋼骨鋼筋混凝土構造、鋼筋混凝土造,1120509,134.12,2,2,2,有,有,無,30000,224,,0.0,0,租金總額含管理費；未租賃車位，建物登記含有車位面積；,RPSNMLSLNHLGFAE78CC,整棟(戶)出租,有,1150524~1160523,有,冷氣、熱水器,一般代管
鼓山區,租賃房屋,高雄市鼓山區文信路２０９號三樓之５,0.0,,,,1150522,土地0建物1車位0,三層,11,住宅大樓(11層含以上有電梯),住家用,鋼筋混凝土造,0850320,32.69,1,1,1,有,有,有,11000,336,,0.0,0,租金總額含管理費；,RPUNMLSLNHLGFAE98CC,獨立套房,有,1150522~1160531,有,冷氣、熱水器、洗衣機、電視機、冰箱,
鼓山區,租賃房屋,高雄市鼓山區美術北三路３７號７樓,0.0,,,,1150527,土地0建物1車位0,七層,15,住宅大樓(11層含以上有電梯),住家用,鋼筋混凝土造,0950126,136.31,3,2,2,有,有,有,26000,191,,0.0,0,多人共同承租2；租金總額含管理費；,RPWNMLSLNHLGFAE56CC,整棟(戶)出租,有,1150601~1160604,有,冷氣、熱水器、洗衣機、電視機、冰箱,一般代管
鹽埕區,租賃房屋,高雄市鹽埕區府北路３６號１１樓之２０,0.0,,,,1150522,土地0建物1車位0,十一層,12,住宅大樓(11層含以上有電梯),集合住宅,鋼筋混凝土造,0690618,53.86,2,1,1,有,有,有,8700,162,,0.0,0,,RPOOMLSLNHLGFAE48CC,整棟(戶)出租,有,1150525~1160524,有,冷氣、熱水器、洗衣機、電視機、冰箱,社會住宅包租轉租
鼓山區,租賃房屋,高雄市鼓山區美術北一街９９號８樓,0.0,,,,1150525,土地0建物1車位0,八層,14,住宅大樓(11層含以上有電梯),住家用,鋼筋混凝土造,0950209,107.99,2,1,1,有,有,無,19500,181,,0.0,0,建物標的面積內含主建物50.78、附屬建物:陽台4.5、雨遮2.59多人共同承租3；租金總額含管理費；,RPROMLSLNHLGFAE78CC,整棟(戶)出租,有,1150601~1160531,有,,
鼓山區,租賃房屋+車位,高雄市鼓山區大順一路４５９號７樓,0.0,,,,1150525,土地0建物1車位1,七層,15,住宅大樓(11層含以上有電梯),住家用,鋼筋混凝土造,0960402,200.13,4,2,2,有,有,有,38000,190,坡道平面,21.48,0,多人共同承租2；租金總額含管理費；,RPSOMLSLNHLGFAE88CC,整棟(戶)出租,有,1150530~1160529,有,冷氣、熱水器、洗衣機、電視機、冰箱、瓦斯或天然氣,一般代管
前金區,租賃房屋,高雄市前金區中華四路３１２號５樓,0.0,,,,1150526,土地0建物0車位0,五層,12,住宅大樓(11層含以上有電梯),商業用,鋼筋混凝土造,0780724,19.83,8,0,8,有,無,有,7000,353,,0.0,0,多人共同承租2；租金總額含管理費；水費；網路費；租賃建物部分範圍，且未計入共有部分面積；,RPTOMLSLNHLGFAE98CC,分租套房,無,1150620~1160619,有,冷氣、熱水器、洗衣機、電視機、冰箱、瓦斯或天然氣、網路,一般代管
鼓山區,土地,龍華段三小段295-29地號,2996.43,工,,,1150522,土地2建物0車位0,,,其他,,,,0.0,0,0,0,無,無,無,416953,139,,0.0,0,295-28部分地號及295-29全部地號，面積約906.42坪。租金總額含稅；租賃期間有約定不同租金自民國115年6月1日起至民國115年7月31日止，為乙方申請停車場登記證及設置設備期間，免付租金。；,RPVOMLSLNHLGFAE56CC,,,1150601~1180731,,,
苓雅區,租賃房屋,高雄市苓雅區建國一路２６９號,0.0,,,,1150525,土地0建物1車位0,全,3,透天厝,住商用,加強磚造,0631115,41.0,1,0,1,有,有,有,9000,220,,0.0,0,,RPUNMLSLNHLGFBE09CC,獨立套房,無,1150601~1160531,無,冷氣、熱水器、冰箱,一般轉租
苓雅區,租賃房屋,高雄市苓雅區建國一路２６９號,0.0,,,,1150525,土地0建物1車位0,全,3,透天厝,住商用,加強磚造,0631115,27.0,1,0,1,有,有,有,8500,315,,0.0,0,多人共同承租2；,RPWNMLSLNHLGFBE66CC,獨立套房,無,1150601~1151130,無,冷氣、熱水器、冰箱,一般轉租
苓雅區,租賃房屋,高雄市苓雅區建國一路２６９號,0.0,,,,1150522,土地0建物1車位0,全,3,透天厝,住商用,加強磚造,0631115,27.0,1,0,1,有,有,有,8500,315,,0.0,0,,RPXNMLSLNHLGFBE76CC,獨立套房,無,1150601~1151130,無,冷氣、熱水器、冰箱,一般轉租
苓雅區,租賃房屋,高雄市苓雅區建國一路２６９號,0.0,,,,1150525,土地0建物1車位0,全,3,透天厝,住商用,加強磚造,0631115,27.0,1,0,1,有,有,有,9000,333,,0.0,0,,RPOOMLSLNHLGFBE58CC,獨立套房,無,1150601~1151130,無,冷氣、熱水器、冰箱,一般轉租
新興區,租賃房屋,高雄市新興區復興二路３２６號２６樓之３,0.0,,,,1150524,土地0建物1車位0,二十六層,26,住宅大樓(11層含以上有電梯),住家用,鋼筋混凝土造,0840911,192.5,4,1,2,有,有,有,15000,78,,0.0,0,多人共同承租2；,RPPOMLSLNHLGFBE68CC,整棟(戶)出租,有,1150525~1160524,有,冷氣、熱水器、洗衣機、電視機、冰箱、瓦斯或天然氣,社會住宅代管
苓雅區,租賃房屋,高雄市苓雅區林西街４３號２樓,0.0,,,,1150525,土地0建物1車位0,二層,7,華廈(10層含以下有電梯),集合住宅,鋼筋混凝土造,0780201,107.36,3,1,2,有,有,無,19800,184,,0.0,0,,RPQOMLSLNHLGFBE78CC,整棟(戶)出租,有,1150601~1160531,有,冷氣、熱水器、瓦斯或天然氣,社會住宅包租轉租
苓雅區,租賃房屋,高雄市苓雅區建國一路２６９號,0.0,,,,1150524,土地0建物1車位0,全,3,透天厝,住商用,加強磚造,0631115,41.0,1,0,1,有,有,有,11500,280,,0.0,0,多人共同承租2；,RPROMLSLNHLGFBE88CC,獨立套房,無,1150601~1151130,無,冷氣、熱水器、洗衣機、冰箱、網路,一般轉租
苓雅區,租賃房屋,高雄市苓雅區林泉街９８巷１２號,0.0,,,,1150528,土地0建物1車位0,一層,5,公寓(5樓含以下無電梯),,鋼筋混凝土造,0690730,78.99,2,2,2,有,無,有,28000,354,,0.0,0,租金總額含稅；租賃期間有約定不同租金115年05月14日至115年06月14日為承租方免租金裝潢期，並約定115年06月05日以後之水電費由承租方負擔；,RPUOMLSLNHLGFBE56CC,,無,1150615~1160614,無,冷氣、熱水器、洗衣機、電視機、冰箱,
苓雅區,租賃房屋,高雄市苓雅區自強三路５號二十八樓之４３,0.0,,,,1150527,土地0建物1車位0,二十八層,85,住宅大樓(11層含以上有電梯),商業用,鋼骨鋼筋混凝土造,0880401,45.41,1,1,1,有,有,有,8500,187,,0.0,0,,RPWOMLSLNHLGFBE76CC,獨立套房,有,1150601~1160531,有,冷氣、熱水器、電視機、冰箱,社會住宅代管
新興區,租賃房屋,高雄市新興區南華路５４號,0.0,,,,1150525,土地0建物1車位0,全,2,透天厝,,見使用執照,0371219,37.68,0,0,0,無,無,無,21000,557,,0.0,0,租賃期間有約定不同租金115年5月25日~115年6月30日為免租裝潢期。；,RPXOMLSLNHLGFBE86CC,,無,1150525~1170630,無,冷氣,
苓雅區,租賃房屋,高雄市苓雅區建國一路２６９號,0.0,,,,1150526,土地0建物1車位0,全,3,透天厝,住商用,加強磚造,0631115,41.0,1,0,1,有,有,有,12000,293,,0.0,0,多人共同承租2；,RPQPMLSLNHLGFBE88CC,獨立套房,無,1150601~1160531,無,冷氣、熱水器、洗衣機、冰箱,一般轉租
新興區,租賃房屋,高雄市新興區七賢一路４８０號９樓之１４,0.0,,,,1150528,土地0建物1車位0,九層,12,住宅大樓(11層含以上有電梯),集合住宅,鋼筋混凝土造,0701204,32.15,1,0,1,有,有,有,7000,218,,0.0,0,續租案件；,RPSPMLSLNHLGFBE09CC,獨立套房,有,1150601~1160531,有,冷氣、熱水器、洗衣機、電視機、冰箱,社會住宅代管
苓雅區,租賃房屋,高雄市苓雅區建國一路２６９號,0.0,,,,1150528,土地0建物1車位0,全,3,透天厝,住商用,加強磚造,0631115,27.0,1,0,1,有,有,有,9500,352,,0.0,0,,RPVPMLSLNHLGFBE76CC,獨立套房,無,1150601~1160531,無,冷氣、熱水器、冰箱,一般轉租
苓雅區,租賃房屋,高雄市苓雅區建國一路２６９號,0.0,,,,1150528,土地0建物1車位0,全,3,透天厝,住商用,加強磚造,0631115,27.0,1,0,1,有,有,有,10500,389,,0.0,0,多人共同承租2；,RPWPMLSLNHLGFBE86CC,獨立套房,無,1150601~1151130,無,冷氣、熱水器、洗衣機、冰箱,一般轉租
前鎮區,租賃房屋,高雄市前鎮區和平二路１２７之１號六樓之６,0.0,,,,1150524,土地0建物1車位0,六層,8,華廈(10層含以下有電梯),集合住宅,鋼筋混凝土,1111027,45.64,1,0,1,有,無,有,11500,252,,0.0,0,續租案件；,RPSNMLSLNHLGFCE98CC,獨立套房,有,1150617~1150816,有,冷氣、熱水器、洗衣機、冰箱,一般轉租
小港區,租賃房屋+車位,高雄市小港區宏平路６６８號十三樓之３,0.0,,,,1150522,土地0建物1車位1,十三層,15,住宅大樓(11層含以上有電梯),集合住宅,鋼筋混凝土,1140421,104.31,3,1,1,有,有,有,22600,217,坡道機械,15.03,0,雙方約定原租金為23600元含車位，因承租人不符合社宅計畫，故雙方同意優惠租金為22600元。,RPTNMLSLNHLGFCE09CC,整棟(戶)出租,有,1150601~1160531,有,冷氣、熱水器、洗衣機、電視機、冰箱,
前鎮區,租賃房屋,高雄市前鎮區和平二路１２７之１號六樓之１１,0.0,,,,1150524,土地0建物1車位0,六層,8,華廈(10層含以下有電梯),集合住宅,鋼筋混凝土,1111027,42.42,1,0,1,有,無,有,10700,252,,0.0,0,續租案件；,RPUNMLSLNHLGFCE56CC,獨立套房,有,1150620~1150819,有,冷氣、熱水器、洗衣機、冰箱,一般轉租
前鎮區,租賃房屋,高雄市前鎮區和平二路１２７之１號六樓之１５,0.0,,,,1150524,土地0建物1車位0,六層,8,華廈(10層含以下有電梯),集合住宅,鋼筋混凝土,1111027,32.89,1,0,1,有,無,有,8400,255,,0.0,0,續租案件；,RPWNMLSLNHLGFCE76CC,獨立套房,有,1150614~1150813,有,冷氣、熱水器、洗衣機、冰箱,一般轉租
前鎮區,租賃房屋,高雄市前鎮區凱旋三路３１９之３號,0.0,,,,1150523,土地0建物1車位0,五層,5,公寓(5樓含以下無電梯),住家用,鋼筋混凝土造,0691117,98.06,3,2,2,有,無,有,15000,153,,0.0,0,多人共同承租2；,RPXNMLSLNHLGFCE86CC,整棟(戶)出租,無,1150630~1170629,無,冷氣、熱水器、洗衣機、電視機、冰箱,社會住宅代管
前鎮區,租賃房屋,高雄市前鎮區和平二路１２７之１號六樓之１８,0.0,,,,1150522,土地0建物1車位0,六層,8,華廈(10層含以下有電梯),集合住宅,鋼筋混凝土,1111027,45.67,1,0,1,有,無,有,11500,252,,0.0,0,續租案件；,RPOOMLSLNHLGFCE68CC,獨立套房,有,1150619~1150818,有,冷氣、熱水器、洗衣機、冰箱,一般轉租
前鎮區,租賃房屋,高雄市前鎮區和平二路１２７之１號六樓之１９,0.0,,,,1150522,土地0建物1車位0,六層,8,華廈(10層含以下有電梯),集合住宅,鋼筋混凝土,1111027,45.67,1,0,1,有,無,有,11500,252,,0.0,0,續租案件；,RPPOMLSLNHLGFCE78CC,獨立套房,有,1150607~1160606,有,冷氣、熱水器、洗衣機、冰箱,一般轉租
前鎮區,租賃房屋,高雄市前鎮區和平二路１２７之１號六樓之６,0.0,,,,1150524,土地0建物1車位0,六層,8,華廈(10層含以下有電梯),集合住宅,鋼筋混凝土,1111027,45.64,1,0,1,有,無,有,11500,252,,0.0,0,續租案件；,RPROMLSLNHLGFCE98CC,獨立套房,有,1150617~1150816,有,冷氣、熱水器、洗衣機、冰箱,一般轉租
前鎮區,租賃房屋,高雄市前鎮區和平二路１２７之１號六樓之１１,0.0,,,,1150524,土地0建物1車位0,六層,8,華廈(10層含以下有電梯),集合住宅,鋼筋混凝土,1111027,42.42,1,0,1,有,無,有,10700,252,,0.0,0,續租案件；,RPSOMLSLNHLGFCE09CC,獨立套房,有,1150620~1150819,有,冷氣、熱水器、洗衣機、冰箱,一般轉租
前鎮區,租賃房屋,高雄市前鎮區和平二路１２７之１號六樓之１５,0.0,,,,1150524,土地0建物1車位0,六層,8,華廈(10層含以下有電梯),集合住宅,鋼筋混凝土,1111027,32.89,1,0,1,有,無,有,8400,255,,0.0,0,續租案件；,RPTOMLSLNHLGFCE56CC,獨立套房,有,1150614~1150813,有,冷氣、熱水器、洗衣機、冰箱,一般轉租
前鎮區,租賃房屋,高雄市前鎮區和平二路１２７之１號六樓之１８,0.0,,,,1150522,土地0建物1車位0,六層,8,華廈(10層含以下有電梯),集合住宅,鋼筋混凝土,1111027,45.67,1,0,1,有,無,有,11500,252,,0.0,0,續租案件；,RPUOMLSLNHLGFCE66CC,獨立套房,有,1150619~1150818,有,冷氣、熱水器、洗衣機、冰箱,一般轉租
前鎮區,租賃房屋,高雄市前鎮區和平二路１２７之１號六樓之１９,0.0,,,,1150522,土地0建物1車位0,六層,8,華廈(10層含以下有電梯),集合住宅,鋼筋混凝土,1111027,45.67,1,0,1,有,無,有,11500,252,,0.0,0,續租案件；,RPVOMLSLNHLGFCE76CC,獨立套房,有,1150607~1160606,有,冷氣、熱水器、洗衣機、冰箱,一般轉租
前鎮區,租賃房屋,高雄市前鎮區和平二路１２７之１號五樓之２,0.0,,,,1150524,土地0建物1車位0,五層,8,華廈(10層含以下有電梯),集合住宅,鋼筋混凝土,1111027,32.89,1,0,1,有,無,有,8500,258,,0.0,0,續租案件；,RPWOMLSLNHLGFCE86CC,獨立套房,有,1150521~1150820,有,冷氣、熱水器、洗衣機、冰箱,一般轉租
前鎮區,租賃房屋,高雄市前鎮區和平二路１２７之１號五樓之２,0.0,,,,1150524,土地0建物1車位0,五層,8,華廈(10層含以下有電梯),集合住宅,鋼筋混凝土,1111027,32.89,1,0,1,有,無,有,8500,258,,0.0,0,續租案件；,RPXOMLSLNHLGFCE96CC,獨立套房,有,1150521~1150820,有,冷氣、熱水器、洗衣機、冰箱,一般轉租
前鎮區,租賃房屋,高雄市前鎮區和平二路１２７之１號五樓之８,0.0,,,,1150522,土地0建物1車位0,五層,8,華廈(10層含以下有電梯),集合住宅,鋼筋混凝土,1111027,32.89,1,0,1,有,無,有,8500,258,,0.0,0,續租案件；,RPOPMLSLNHLGFCE78CC,獨立套房,有,1150605~1150804,有,冷氣、熱水器、洗衣機、冰箱,一般轉租
前鎮區,租賃房屋,高雄市前鎮區和平二路１２７之１號五樓之８,0.0,,,,1150522,土地0建物1車位0,五層,8,華廈(10層含以下有電梯),集合住宅,鋼筋混凝土,1111027,32.89,1,0,1,有,無,有,8500,258,,0.0,0,續租案件；,RPPPMLSLNHLGFCE88CC,獨立套房,有,1150605~1150804,有,冷氣、熱水器、洗衣機、冰箱,一般轉租
前鎮區,租賃房屋,高雄市前鎮區和平二路１２７之１號五樓之１６,0.0,,,,1150522,土地0建物1車位0,五層,8,華廈(10層含以下有電梯),集合住宅,鋼筋混凝土,1111027,32.89,1,0,1,有,無,有,8500,258,,0.0,0,續租案件；,RPQPMLSLNHLGFCE98CC,獨立套房,有,1150617~1150816,有,冷氣、熱水器、洗衣機、冰箱,一般轉租
前鎮區,租賃房屋,高雄市前鎮區和平二路１２７之１號五樓之１６,0.0,,,,1150522,土地0建物1車位0,五層,8,華廈(10層含以下有電梯),集合住宅,鋼筋混凝土,1111027,32.89,1,0,1,有,無,有,8500,258,,0.0,0,續租案件；,RPRPMLSLNHLGFCE09CC,獨立套房,有,1150617~1150816,有,冷氣、熱水器、洗衣機、冰箱,一般轉租
前鎮區,租賃房屋,高雄市前鎮區和平二路１２７之１號五樓之２２,0.0,,,,1150524,土地0建物1車位0,五層,8,華廈(10層含以下有電梯),集合住宅,鋼筋混凝土,1111027,42.31,1,0,1,有,無,有,10900,258,,0.0,0,續租案件；,RPSPMLSLNHLGFCE56CC,獨立套房,有,1150605~1150804,有,冷氣、熱水器、洗衣機、冰箱,一般轉租
前鎮區,租賃房屋,高雄市前鎮區和平二路１２７之１號五樓之２２,0.0,,,,1150524,土地0建物1車位0,五層,8,華廈(10層含以下有電梯),集合住宅,鋼筋混凝土,1111027,42.31,1,0,1,有,無,有,10900,258,,0.0,0,續租案件；,RPTPMLSLNHLGFCE66CC,獨立套房,有,1150605~1150804,有,冷氣、熱水器、洗衣機、冰箱,一般轉租
前鎮區,租賃房屋,高雄市前鎮區中山二路１８８號七樓,0.0,,,,1150527,土地0建物1車位0,七層,15,住宅大樓(11層含以上有電梯),住家用,鋼筋混凝土造,1000125,76.97999999999999,2,1,1,有,有,有,19000,247,,0.0,0,,RPUPMLSLNHLGFCE76CC,整棟(戶)出租,有,1150601~1160531,有,冷氣、熱水器、洗衣機、電視機、冰箱,社會住宅代管
三民區,租賃房屋,高雄市三民區大豐二路４０７之１號二樓,0.0,,,,1150525,土地0建物1車位0,二層,12,住宅大樓(11層含以上有電梯),集合住宅,鋼筋混凝土造,0780120,145.06,3,1,2,有,有,有,17000,117,,0.0,0,,RPSNMLSLNHLGFDE09CC,整棟(戶)出租,有,1150525~1160524,有,冷氣、熱水器、洗衣機、電視機、冰箱、瓦斯或天然氣,社會住宅包租轉租
三民區,租賃房屋,高雄市三民區鼎中路５３８號,0.0,,,,1150526,土地0建物0車位0,全,5,透天厝,店鋪、住宅、避難室,鋼筋混凝土造,0781129,21.0,10,10,10,有,無,有,16000,762,,0.0,0,水費、網路費由包租業者負擔,RPWNMLSLNHLGFDE86CC,分租套房,無,1150526~1160630,無,冷氣、熱水器、洗衣機、電視機、冰箱、有線電視、網路,一般轉租
三民區,租賃房屋+車位,高雄市三民區鼎力路６８號２樓之３,0.0,,,,1150521,土地0建物1車位1,二層,15,住宅大樓(11層含以上有電梯),住家用,鋼筋混凝土造,1021023,84.93,2,1,1,有,有,有,19500,230,坡道機械,5.93,0,,RPXNMLSLNHLGFDE96CC,整棟(戶)出租,有,1150521~1160520,有,冷氣、熱水器、洗衣機、電視機、冰箱,
三民區,租賃房屋,高雄市三民區立忠路９５巷５號５樓之一,0.0,,,,1150522,土地0建物1車位0,五層,5,公寓(5樓含以下無電梯),集合住宅,鋼筋混凝土造,0690415,70.09,4,1,2,有,無,有,25000,357,,0.0,0,多人共同承租4；,RPOOMLSLNHLGFDE78CC,整棟(戶)出租,無,1150705~1160704,無,冷氣、熱水器、洗衣機、冰箱,一般代管
三民區,租賃房屋,高雄市三民區立富街２２號,0.0,,,,1150522,土地0建物1車位0,全,3,透天厝,店舖及住宅,加強磚造,0630604,114.57,3,3,2,有,無,無,14500,127,,0.0,0,,RPROMLSLNHLGFDE09CC,整棟(戶)出租,無,1150525~1160331,無,冷氣、熱水器、瓦斯或天然氣,社會住宅包租轉租
三民區,租賃房屋,高雄市三民區大德街１３８號６樓,0.0,,,,1150527,土地0建物1車位0,六層,7,華廈(10層含以下有電梯),公寓,鋼筋混凝土造,0791220,120.10000000000001,3,2,2,有,有,有,18000,150,,0.0,0,租金含管理費,RPSOMLSLNHLGFDE56CC,整棟(戶)出租,有,1150610~1170609,有,冷氣、熱水器、洗衣機、電視機、冰箱,
三民區,租賃房屋,高雄市三民區鼎安路９巷２８號,0.0,,,,1150526,土地0建物0車位0,全,3,透天厝,,鋼筋混凝土造,0761201,13.37,9,0,9,有,無,有,6000,449,,0.0,0,租金總額含網路費；,RPTOMLSLNHLGFDE66CC,分租套房,無,1150701~1151231,無,冷氣、熱水器、冰箱、網路,
楠梓區,租賃房屋+車位,高雄市楠梓區大學二十五路２８８號１５樓,0.0,,,,1150523,土地0建物1車位1,十五層,15,住宅大樓(11層含以上有電梯),集合住宅,鋼筋混凝土,1070213,100.73,2,1,1,有,有,有,18000,179,坡道機械,13.54,0,多人共同承租2；,RPPNMLSLNHLGFEE88CC,整棟(戶)出租,有,1150605~1160604,有,冷氣、熱水器、洗衣機、電視機、冰箱,
左營區,租賃房屋+車位,高雄市左營區博愛四路２６１號１６樓之９,0.0,,,,1150523,土地0建物1車位1,十六層,34,住宅大樓(11層含以上有電梯),集合住宅,鋼骨鋼筋混凝土構造，鋼筋混凝土造,1141014,88.50999999999999,2,1,1,有,有,有,24000,271,坡道平面,9.1,0,多人共同承租2；,RPRNMLSLNHLGFEE09CC,整棟(戶)出租,有,1150601~1160531,有,冷氣、熱水器、洗衣機、電視機、冰箱、瓦斯或天然氣,
楠梓區,租賃房屋,高雄市楠梓區盛昌街２８６號五樓之３,0.0,,,,1150521,土地0建物1車位0,五層,15,住宅大樓(11層含以上有電梯),集合住宅,鋼筋混凝土,1050224,83.35,2,1,1,有,有,有,14000,168,,0.0,0,,RPTNMLSLNHLGFEE66CC,整棟(戶)出租,有,1150525~1160524,有,冷氣、熱水器、洗衣機、電視機、冰箱、瓦斯或天然氣,社會住宅包租轉租
楠梓區,租賃房屋,高雄市楠梓區德民路４２６巷９號八樓,0.0,,,,1150522,土地0建物1車位0,八層,23,住宅大樓(11層含以上有電梯),住家用,鋼筋混凝土造,0851028,158.52,4,1,2,有,有,有,19000,120,,0.0,0,,RPUNMLSLNHLGFEE76CC,整棟(戶)出租,有,1150525~1160524,有,冷氣、熱水器、洗衣機、電視機、冰箱、瓦斯或天然氣,社會住宅包租轉租
左營區,租賃房屋,高雄市左營區崇德路５２號九樓,0.0,,,,1150525,土地0建物1車位0,九層,15,住宅大樓(11層含以上有電梯),住家用,鋼筋混凝土造,0970103,83.81,2,1,1,有,有,有,15000,179,,0.0,0,,RPOOMLSLNHLGFEE88CC,整棟(戶)出租,有,1150620~1180619,有,冷氣、熱水器、洗衣機、電視機、冰箱、瓦斯或天然氣,社會住宅代管
楠梓區,租賃房屋+車位,高雄市楠梓區裕昌街１８９號,12.47,商,,,1150523,土地1建物1車位1,一層,15,住宅大樓(11層含以上有電梯),住家用,鋼筋混凝土造,1011225,146.55,4,2,3,有,有,無,24000,164,坡道平面,28.69,0,租金不含管理費,RPPOMLSLNHLGFEE98CC,整棟(戶)出租,有,1150601~1160531,有,冷氣、熱水器、洗衣機,
左營區,租賃房屋,高雄市左營區立信路２６６巷１２號,0.0,,,,1150527,土地0建物0車位0,全,4,透天厝,住商用,鋼筋混凝土造,0770831,23.1,5,0,5,有,無,有,11000,476,,0.0,0,租金總額含網路費；,RPTOMLSLNHLGFEE76CC,分租套房,無,1150601~1160630,無,冷氣、洗衣機、電視機、冰箱、網路,一般代管
楠梓區,租賃房屋,高雄市楠梓區大學六十二街８８號１５樓,0.0,,,,1150526,土地0建物1車位0,十五層,15,住宅大樓(11層含以上有電梯),集合住宅,鋼筋混凝土,1130403,109.05000000000001,3,1,2,有,有,無,23000,211,,0.0,0,續租案件；,RPUOMLSLNHLGFEE86CC,整棟(戶)出租,有,1150610~1160609,有,冷氣、熱水器、洗衣機、冰箱、瓦斯或天然氣,社會住宅代管
楠梓區,租賃房屋,高雄市楠梓區大學十街７５２號５樓,0.0,,,,1150528,土地0建物0車位0,五層,5,華廈(10層含以下有電梯),集合住宅,鋼筋混凝土,1141031,13.22,5,0,5,有,無,有,12000,908,,0.0,0,租金總額含水費；網路費；租賃建物部分範圍，且未計入共有部分面積；,RPVOMLSLNHLGFEE96CC,分租套房,無,1150601~1160531,有,冷氣、熱水器、洗衣機、電視機、冰箱、網路,一般代管
楠梓區,租賃房屋,高雄市楠梓區惠義街１８號８樓,0.0,,,,1150525,土地0建物1車位0,八層,15,住宅大樓(11層含以上有電梯),集合住宅,鋼筋混凝土,1110324,80.69,2,1,1,有,有,有,22000,273,,0.0,0,租金總額含管理費；網路費；未租賃車位，建物登記含有車位面積；,RPWOMLSLNHLGFEE07CC,整棟(戶)出租,有,1150615~1160614,有,冷氣、熱水器、洗衣機、電視機、冰箱、瓦斯或天然氣、網路,
楠梓區,租賃房屋,高雄市楠梓區大學十街７５２號２樓,0.0,,,,1150528,土地0建物0車位0,二層,5,華廈(10層含以下有電梯),集合住宅,鋼筋混凝土,1141031,13.22,5,0,5,有,無,有,12000,908,,0.0,0,租金總額含水費；網路費；租賃建物部分範圍，且未計入共有部分面積；,RPXOMLSLNHLGFEE17CC,分租套房,無,1150601~1160630,有,冷氣、熱水器、洗衣機、電視機、冰箱、瓦斯或天然氣、網路,一般代管
楠梓區,租賃房屋,高雄市楠梓區大學十九街１２６號四樓,0.0,,,,1150527,土地0建物1車位0,四層,15,住宅大樓(11層含以上有電梯),集合住宅,鋼筋混凝土,1130910,122.6,3,2,2,有,有,有,19000,155,,0.0,0,未租賃車位，建物登記含有車位面積；,RPOPMLSLNHLGFEE98CC,整棟(戶)出租,有,1150615~1170614,有,冷氣、熱水器、洗衣機、電視機、冰箱、瓦斯或天然氣,社會住宅代管
岡山區,租賃房屋,高雄市岡山區大義二路３００號,0.0,,,,1150525,土地0建物0車位0,全,3,透天厝,住商用,鋼筋混凝土造,0730225,19.6,7,1,7,有,無,有,10000,510,,0.0,0,,RPSNMLSLNHLGFFE66CC,分租套房,無,1150601~1160531,無,冷氣、熱水器、洗衣機、電視機、冰箱,
岡山區,租賃房屋+車位,高雄市岡山區鵬程路６５號２樓之５,0.0,,,,1150526,土地0建物1車位1,二層,14,住宅大樓(11層含以上有電梯),集合住宅,鋼筋混凝土造,1140428,140.82,3,2,2,有,有,無,23000,163,坡道平面,26.21,0,租金總額含管理費；其他目前委員會未正式成立，暫未訂定管理費金額。月租金含管理費、汽車位清潔費、機車位清潔費；,RPTNMLSLNHLGFFE76CC,整棟(戶)出租,有,1150606~1160605,有,冷氣、熱水器、瓦斯或天然氣,
橋頭區,租賃房屋,高雄市橋頭區里林東路１５號六樓之１,0.0,,,,1150527,土地0建物1車位0,六層,6,華廈(10層含以下有電梯),集合住宅,鋼筋混凝土造,1140320,73.02000000000001,2,1,2,有,無,有,19800,271,,0.0,0,租金總額含管理費；,RPUNMLSLNHLGFFE86CC,整棟(戶)出租,無,1150615~1160614,有,冷氣、熱水器、洗衣機、電視機、冰箱,
橋頭區,租賃房屋,高雄市橋頭區新東三街２００號四樓,0.0,,,,1150526,土地0建物1車位0,四層,13,住宅大樓(11層含以上有電梯),集合住宅,鋼筋混凝土造,1130916,84.44,1,1,1,有,有,無,13500,160,,0.0,0,,RPVNMLSLNHLGFFE96CC,獨立套房,有,1150620~1160619,有,冷氣、熱水器,社會住宅包租轉租
橋頭區,租賃房屋,高雄市橋頭區經武路１１３０巷１９７號十五樓,0.0,,,,1150522,土地0建物1車位0,十五層,15,住宅大樓(11層含以上有電梯),集合住宅,鋼筋混凝土造,1110530,84.69,2,1,2,有,有,有,15500,183,,0.0,0,,RPWNMLSLNHLGFFE07CC,整棟(戶)出租,有,1150525~1160524,有,冷氣、熱水器、洗衣機、冰箱、瓦斯或天然氣,社會住宅包租轉租
鳳山區,租賃房屋+車位,高雄市鳳山區福誠二街１５３號１４樓,0.0,,,,1150527,土地0建物1車位1,十四層,15,住宅大樓(11層含以上有電梯),集合住宅,鋼筋混凝土,1051101,111.30000000000001,2,2,1,有,有,無,25000,225,坡道平面,0.0,0,租金總額含管理費；,RPRNMLSLNHLGFGE66CC,整棟(戶)出租,有,1150601~1170531,有,冷氣、熱水器,
鳳山區,租賃房屋,高雄市鳳山區北維街４２號三樓,0.0,,,,1150522,土地0建物1車位0,三層,15,住宅大樓(11層含以上有電梯),集合住宅,鋼筋混凝土造,1010515,79.33,2,1,1,有,有,有,15000,189,,0.0,0,,RPTNMLSLNHLGFGE86CC,整棟(戶)出租,有,1150525~1160524,有,冷氣、熱水器、洗衣機、電視機、冰箱、瓦斯或天然氣,社會住宅包租轉租
鳳山區,租賃房屋,高雄市鳳山區永忠街２７號七樓,0.0,,,,1150523,土地0建物1車位0,七層,15,住宅大樓(11層含以上有電梯),集合住宅,鋼筋混凝土造,1000830,129.47,3,2,2,有,有,有,19000,147,,0.0,0,,RPUNMLSLNHLGFGE96CC,整棟(戶)出租,有,1150601~1160531,有,冷氣、熱水器、洗衣機、冰箱、瓦斯或天然氣,社會住宅代管
鳳山區,租賃房屋,高雄市鳳山區文興街２號５樓之１１,0.0,,,,1150527,土地0建物1車位0,五層,10,華廈(10層含以下有電梯),集合住宅,鋼筋混凝土,1111205,40.57,1,0,1,有,有,有,13500,333,,0.0,0,租金總額含網路費；其他租金含第四台；續租案件；,RPXNMLSLNHLGFGE27CC,獨立套房,有,1150701~1160630,有,冷氣、熱水器、洗衣機、電視機、冰箱、有線電視、網路,一般代管
鳳山區,租賃房屋,高雄市鳳山區文興街２號４樓之８,0.0,,,,1150525,土地0建物1車位0,四層,10,華廈(10層含以下有電梯),集合住宅,鋼筋混凝土,1111205,59.75,2,1,2,有,有,有,18500,310,,0.0,0,租金總額含網路費；其他租金含第四台；續租案件；,RPOOMLSLNHLGFGE09CC,整棟(戶)出租,有,1150701~1160630,有,冷氣、熱水器、洗衣機、電視機、冰箱、有線電視、網路,一般代管
鳳山區,租賃房屋,高雄市鳳山區文興街２號３樓之１０,0.0,,,,1150522,土地0建物1車位0,三層,10,華廈(10層含以下有電梯),集合住宅,鋼筋混凝土,1111205,60.64,2,1,2,有,有,有,19000,313,,0.0,0,租金含另租機車位每月500元多人共同承租2；租金總額含網路費；其他租金含第四台；續租案件；,RPPOMLSLNHLGFGE56CC,整棟(戶)出租,有,1150701~1170630,有,冷氣、熱水器、洗衣機、電視機、冰箱、有線電視、網路,一般代管
鳳山區,租賃房屋,高雄市鳳山區八德路１８５之１６號六樓,0.0,,,,1150521,土地0建物1車位0,六層,14,住宅大樓(11層含以上有電梯),住家用,鋼筋混凝土造,0880206,109.79,3,1,2,有,有,有,17000,155,,0.0,0,,RPQOMLSLNHLGFGE66CC,整棟(戶)出租,有,1150525~1160524,有,冷氣、熱水器、瓦斯或天然氣,社會住宅包租轉租
鳳山區,租賃房屋,高雄市鳳山區文興街２號８樓之５,0.0,,,,1150527,土地0建物1車位0,八層,10,華廈(10層含以下有電梯),集合住宅,鋼筋混凝土,1111205,40.14,1,0,1,有,有,有,14000,349,,0.0,0,多人共同承租2；租金總額含網路費；其他租金含第四台；,RPROMLSLNHLGFGE76CC,獨立套房,有,1150529~1160531,有,冷氣、熱水器、洗衣機、電視機、冰箱、有線電視、網路,一般代管
鳳山區,租賃房屋,高雄市鳳山區二和街１１號三樓,0.0,,,,1150522,土地0建物1車位0,三層,13,住宅大樓(11層含以上有電梯),住家用,鋼筋混凝土造,0820924,117.47,3,2,2,有,有,無,13000,111,,0.0,0,,RPSOMLSLNHLGFGE86CC,整棟(戶)出租,有,1150525~1160524,有,熱水器、瓦斯或天然氣,社會住宅包租轉租
仁武區,租賃房屋,高雄市仁武區華興街２８號,76.0,住,,,1150521,土地1建物1車位0,全,3,透天厝,住商用,鋼筋混凝土造,0720525,153.69,3,2,3,有,無,無,32000,208,,0.0,0,多人共同承租3；,RPRNMLSLNHLGFIE86CC,整棟(戶)出租,無,1150620~1170619,無,,
大寮區,租賃房屋,高雄市大寮區江山路９６之６８號,0.0,,,,1150526,土地0建物1車位0,一層,1,其他,廠房,鋼骨構造,1141209,189.14,1,0,2,有,無,無,65000,344,,0.0,0,租金總額含稅；租賃期間有約定不同租金115年06月01日至115年06月30日為免租期，不收租金。115年07月01日至116年06月30日間為65000元。116年06月01日至118年06月30日間為66300元。；,RPPNMLSLNHLGFLE96CC,,無,1150601~1180630,無,,
大寮區,租賃房屋,高雄市大寮區鳳林一路３００巷２６之２９號,0.0,,,,1150525,土地0建物1車位0,見其他登記事項,10,華廈(10層含以下有電梯),住商用,鋼筋混凝土造,0871001,169.02,3,1,3,有,有,有,17500,104,,0.0,0,,RPQNMLSLNHLGFLE07CC,整棟(戶)出租,有,1150601~1160531,有,冷氣、熱水器、洗衣機、電視機、冰箱、瓦斯或天然氣,社會住宅代管
大寮區,租賃房屋,高雄市大寮區鳳林一路４５１號,0.0,,,,1150528,土地0建物1車位0,見其他登記事項,2,工廠,農舍,加強磚造,0751215,175.65,0,0,0,無,無,無,136534,,,0.0,0,雙方合意，租賃所得稅10%及二代健保補充保費2.11%由乙方代繳至相關政府單位，甲方每月帳戶實收匯款壹拾貳萬元整。租金總額含稅；,RPRNMLSLNHLGFLE17CC,,無,1150815~1180814,無,,
前金區,租賃房屋,高雄市前金區五福三路６１號１０樓之８,0.0,,,,1150526,土地0建物1車位0,十層,16,住宅大樓(11層含以上有電梯),公寓,鋼筋混凝土造,0690109,33.75,1,0,1,有,有,有,8000,237,,0.0,0,,RPPNMLTLNHLGFAE58CC,獨立套房,有,1150526~1160525,有,冷氣、熱水器、洗衣機、電視機、冰箱,社會住宅包租轉租
鹽埕區,租賃房屋,高雄市鹽埕區五福四路２６３號１１樓之７,0.0,,,,1150525,土地0建物1車位0,十一層,12,住宅大樓(11層含以上有電梯),公寓,鋼筋混凝土造,0711210,29.84,1,1,1,有,有,有,5000,168,,0.0,0,,RPQNMLTLNHLGFAE68CC,獨立套房,有,1150601~1160531,有,冷氣、熱水器、洗衣機、冰箱,社會住宅代管
鹽埕區,租賃房屋,高雄市鹽埕區五福四路２６３號１１樓之８,0.0,,,,1150525,土地0建物1車位0,十一層,12,住宅大樓(11層含以上有電梯),公寓,鋼筋混凝土造,0711210,29.84,1,1,1,有,有,有,5000,168,,0.0,0,,RPRNMLTLNHLGFAE78CC,獨立套房,有,1150601~1160531,有,冷氣、熱水器、洗衣機,社會住宅代管
鼓山區,租賃房屋+車位,高雄市鼓山區鼓山一路１３３巷１２號４樓,0.0,,,,1150523,土地0建物1車位1,四層,19,住宅大樓(11層含以上有電梯),住家用,鋼筋混凝土造,1000120,229.45,4,2,2,有,有,有,42000,183,坡道平面,31.49,0,另有機車停車位：B1-43-1,RPSNMLTLNHLGFAE88CC,整棟(戶)出租,有,1150601~1160531,有,冷氣、熱水器、洗衣機、電視機、冰箱、瓦斯或天然氣、有線電視,
鼓山區,租賃房屋,高雄市鼓山區美術北三路２０６號６樓,0.0,,,,1150525,土地0建物1車位0,六層,15,住宅大樓(11層含以上有電梯),集合住宅,鋼筋混凝土,1041007,89.58,2,1,1,有,有,有,22000,246,,0.0,0,租金總額含管理費；未租賃車位，建物登記含有車位面積；,RPTNMLTLNHLGFAE98CC,整棟(戶)出租,有,1150601~1160531,有,冷氣、熱水器、洗衣機、電視機、冰箱,一般代管
前金區,租賃房屋+車位,高雄市前金區大同一路２８６號１３樓,0.0,,,,1150525,土地0建物1車位1,十三層,28,住宅大樓(11層含以上有電梯),集合住宅,鋼骨構造、鋼骨鋼筋混凝土構造、鋼筋混凝土造,1070904,110.3,2,1,1,有,有,有,23819,216,坡道機械,20.21,0,每月管理費2681元已於月租金扣除,RPUNMLTLNHLGFAE09CC,整棟(戶)出租,有,1150601~1160531,有,冷氣、熱水器、洗衣機、電視機、冰箱,
鹽埕區,租賃房屋,高雄市鹽埕區北斗街５號９樓之１４,0.0,,,,1150528,土地0建物1車位0,九層,16,住宅大樓(11層含以上有電梯),集合住宅,鋼筋混凝土造,0750217,36.64,1,1,1,有,有,有,7000,191,,0.0,0,社會住宅管理費1150元，水電費 由承租人負擔,RPWNMLTLNHLGFAE66CC,獨立套房,有,1150601~1180531,有,冷氣、熱水器、洗衣機、電視機、冰箱,社會住宅包租轉租
鼓山區,租賃房屋,高雄市鼓山區龍文街７１號三樓之１,0.0,,,,1150522,土地0建物1車位0,三層,14,住宅大樓(11層含以上有電梯),住家用,鋼筋混凝土造,0930423,128.34,3,2,2,有,有,有,20800,162,,0.0,0,續租案件；,RPOOMLTLNHLGFAE58CC,整棟(戶)出租,有,1150527~1160526,有,冷氣、熱水器、洗衣機、電視機、冰箱、瓦斯或天然氣,社會住宅代管
鼓山區,租賃房屋,高雄市鼓山區裕誠路１６３５號四樓之２,0.0,,,,1150521,土地0建物1車位0,四層,5,公寓(5樓含以下無電梯),集合住宅,鋼筋混凝土造,0711130,88.31,3,1,2,有,無,有,11000,125,,0.0,0,續租案件；,RPPOMLTLNHLGFAE68CC,整棟(戶)出租,無,1150618~1160617,無,冷氣、熱水器、冰箱、瓦斯或天然氣,社會住宅代管
鼓山區,租賃房屋,高雄市鼓山區鼓山一路１６１巷５０弄１號三樓之２號,0.0,,,,1150525,土地0建物1車位0,三層,5,公寓(5樓含以下無電梯),住家用,鋼筋混凝土造,0720321,96.06,3,1,2,有,無,有,12000,125,,0.0,0,多人共同承租2；,RPQOMLTLNHLGFAE78CC,整棟(戶)出租,無,1150531~1160530,無,冷氣、熱水器、洗衣機、電視機、冰箱、瓦斯或天然氣,社會住宅包租轉租
鼓山區,租賃房屋,高雄市鼓山區龍德路３９６號六樓,0.0,,,,1150522,土地0建物1車位0,六層,15,住宅大樓(11層含以上有電梯),住家用,鋼筋混凝土造,0950602,160.35,4,1,2,有,有,有,17000,106,,0.0,0,續租案件；,RPROMLTLNHLGFAE88CC,整棟(戶)出租,有,1150530~1160529,有,冷氣、熱水器、洗衣機、電視機、冰箱、瓦斯或天然氣,社會住宅代管
鼓山區,租賃房屋,高雄市鼓山區美術東六街２１號三樓,0.0,,,,1150522,土地0建物1車位0,三層,14,住宅大樓(11層含以上有電梯),住家用,鋼筋混凝土造,0941222,98.78,2,1,1,有,有,有,19700,199,,0.0,0,未租賃車位，建物登記含有車位面積；,RPSOMLTLNHLGFAE98CC,整棟(戶)出租,有,1150613~1160612,有,冷氣、熱水器、洗衣機、電視機、冰箱、瓦斯或天然氣,社會住宅包租轉租
苓雅區,租賃房屋,高雄市苓雅區林泉街８巷７弄３之６號,0.0,,,,1150525,土地0建物1車位0,七層,10,華廈(10層含以下有電梯),住家用,鋼筋混凝土造,0680310,70.89,3,2,1,有,有,無,13000,183,,0.0,0,,RPQNMLTLNHLGFBE78CC,整棟(戶)出租,有,1150525~1160524,有,冷氣、熱水器、瓦斯或天然氣,社會住宅包租轉租
苓雅區,租賃房屋,高雄市苓雅區青年二路２９號４樓之１１,0.0,,,,1150527,土地0建物1車位0,四層,12,住宅大樓(11層含以上有電梯),住家用,鋼筋混凝土造,0830929,46.44,1,1,1,有,有,有,15000,323,,0.0,0,多人共同承租2；,RPRNMLTLNHLGFBE88CC,獨立套房,有,1150601~1160531,有,冷氣、熱水器、洗衣機、電視機、冰箱,
苓雅區,租賃房屋,高雄市苓雅區海邊路４８號十一樓之４,0.0,,,,1150527,土地0建物1車位0,十一層,12,住宅大樓(11層含以上有電梯),,鋼筋混凝土造,0710908,132.21,3,2,2,有,有,無,16000,121,,0.0,0,社會住宅，管理費2100元，水電費由承租人負擔,RPSNMLTLNHLGFBE98CC,整棟(戶)出租,有,1150601~1160531,有,冷氣、熱水器,社會住宅包租轉租
苓雅區,租賃房屋,高雄市苓雅區武廟路８５巷１號四樓,0.0,,,,1150526,土地0建物1車位0,四層,5,公寓(5樓含以下無電梯),集合住宅,鋼筋混凝土造,0710226,108.19,3,2,2,有,無,有,18000,166,,0.0,0,續租案件；,RPTNMLTLNHLGFBE09CC,整棟(戶)出租,無,1150615~1160614,無,冷氣、熱水器、洗衣機、電視機、冰箱、瓦斯或天然氣,社會住宅代管
苓雅區,租賃房屋,高雄市苓雅區福建街３１５號六樓之５,0.0,,,,1150525,土地0建物1車位0,六層,17,住宅大樓(11層含以上有電梯),,鋼筋混凝土造,0770627,181.62,4,1,2,有,有,有,17000,94,,0.0,0,續租案件；,RPUNMLTLNHLGFBE56CC,整棟(戶)出租,有,1150607~1160606,有,冷氣、熱水器、瓦斯或天然氣,社會住宅代管
苓雅區,租賃房屋,高雄市苓雅區福德一路１３４巷１２弄３９之２號,0.0,,,,1150525,土地0建物1車位0,三層,4,公寓(5樓含以下無電梯),,鋼筋混凝土造,0680104,59.94,2,1,1,有,無,有,7000,117,,0.0,0,續租案件；,RPVNMLTLNHLGFBE66CC,整棟(戶)出租,無,1150530~1160529,無,冷氣、熱水器、瓦斯或天然氣,社會住宅代管
苓雅區,租賃房屋,高雄市苓雅區憲政路９８號１１樓之３,0.0,,,,1150528,土地0建物1車位0,十一層,24,住宅大樓(11層含以上有電梯),集合住宅,鋼筋混凝土,1140526,85.42,2,1,1,有,有,無,20000,234,,0.0,0,多人共同承租2；,RPWNMLTLNHLGFBE76CC,整棟(戶)出租,有,1150601~1160531,有,冷氣,
前鎮區,租賃房屋,高雄市前鎮區中山二路９１號二十樓之２,0.0,,,,1150528,土地0建物1車位0,二十層,24,辦公商業大樓,商業用,鋼筋混凝土造,0820730,188.93,0,0,0,無,有,無,32500,172,,0.0,0,,RPTNMLTLNHLGFCE56CC,,有,1150601~1180531,有,,
前鎮區,租賃房屋,高雄市前鎮區和平二路１２７之１號五樓之２１,0.0,,,,1150521,土地0建物1車位0,五層,8,華廈(10層含以下有電梯),集合住宅,鋼筋混凝土,1111027,32.89,1,0,1,有,有,有,8200,249,,0.0,0,,RPUNMLTLNHLGFCE66CC,獨立套房,無,1150522~1160521,有,冷氣、熱水器、洗衣機、冰箱,社會住宅包租轉租
前鎮區,租賃房屋,高雄市前鎮區武慶一路２４８巷９號,0.0,,,,1150527,土地0建物1車位0,全,2,透天厝,店舖、住宅,加強磚造,,78.06,1,2,2,有,無,無,7000,90,,0.0,0,,RPVNMLTLNHLGFCE76CC,整棟(戶)出租,無,1150620~1160619,無,熱水器,社會住宅代管
前鎮區,租賃房屋+車位,高雄市前鎮區新光路１１號２３樓之５,0.0,,,,1150525,土地0建物1車位1,二十三層,39,住宅大樓(11層含以上有電梯),住家用,鋼骨造,0880209,233.78,4,2,2,有,有,有,28000,120,坡道平面,65.43,0,含機車位一個,RPWNMLTLNHLGFCE86CC,整棟(戶)出租,有,1150526~1160525,有,冷氣、熱水器、洗衣機、電視機、冰箱、瓦斯或天然氣,
小港區,租賃房屋,高雄市小港區崇明街１２７之３號,0.0,,,,1150527,土地0建物1車位0,四層,5,公寓(5樓含以下無電梯),公寓,鋼筋混凝土造,0690417,72.07,3,2,2,有,無,有,18205,253,,0.0,0,每年租金:新臺幣218454元整含10%所得稅.2.11%二代健保,RPXNMLTLNHLGFCE96CC,整棟(戶)出租,無,1150601~1160531,無,冷氣、熱水器、洗衣機、電視機、冰箱,
小港區,租賃房屋,高雄市小港區紹興路４０號,136.0,住,,,1150522,土地1建物1車位0,全,4,透天厝,店舖住宅,鋼筋混凝土造,0750311,340.93,14,4,3,有,無,無,39000,114,,0.0,0,租賃期間有約定不同租金115年5月22日~115年8月31日，為搬遷期不計收租金115年9月1日~120年8月31日，租金39000元120年9月1日~125年8月31日，租金42000元125年9月1日~130年8月31日，租金45000元；,RPOOMLTLNHLGFCE78CC,整棟(戶)出租,無,1150522~1300830,無,,
前鎮區,租賃房屋+車位,高雄市前鎮區一心二路１９５號十五樓,0.0,,,,1150525,土地0建物1車位1,十五層,29,住宅大樓(11層含以上有電梯),集合住宅,鋼筋混凝土造,1130902,108.09,2,1,1,有,有,有,33000,305,坡道平面,23.17,0,租金總額含管理費；,RPPOMLTLNHLGFCE88CC,整棟(戶)出租,有,1150601~1160531,有,冷氣、熱水器、洗衣機、電視機、冰箱、瓦斯或天然氣,
小港區,租賃房屋,高雄市小港區崇明路９７號３樓,19.67,住,,,1150529,土地1建物1車位0,三層,5,華廈(10層含以下有電梯),住家用,鋼筋混凝土造,0800225,110.55,3,2,2,有,無,有,18000,163,,0.0,0,,RPQOMLTLNHLGFCE98CC,整棟(戶)出租,無,1150610~1170609,有,冷氣、熱水器、洗衣機、電視機、冰箱,
小港區,租賃房屋,高雄市小港區山明路３９３號,0.0,,,,1150527,土地0建物0車位0,全,5,透天厝,店舖住宅,加強磚造,0731129,20.0,11,1,12,有,無,有,6000,300,,0.0,0,租金總額含水費；網路費；含增建或未登記建物；,RPROMLTLNHLGFCE09CC,分租套房,無,1150601~1160531,無,冷氣、熱水器、電視機,
前鎮區,租賃房屋,高雄市前鎮區一心二路２０６號１８樓之１１,0.0,,,,1150527,土地0建物1車位0,十八層,20,住宅大樓(11層含以上有電梯),住家用,鋼筋混凝土造,0831001,38.05,1,1,1,有,有,有,5500,145,,0.0,0,租金總額含管理費；,RPTOMLTLNHLGFCE66CC,獨立套房,有,1150601~1160531,有,冷氣、熱水器、洗衣機、電視機、冰箱,
前鎮區,租賃房屋,高雄市前鎮區一心二路２０６號１８樓之１１,0.0,,,,1150527,土地0建物1車位0,十八層,20,住宅大樓(11層含以上有電梯),住家用,鋼筋混凝土造,0831001,38.05,1,1,1,有,有,有,5500,145,,0.0,0,租金總額含管理費；,RPUOMLTLNHLGFCE76CC,獨立套房,有,1150601~1160531,有,冷氣、熱水器、洗衣機、電視機、冰箱,
前鎮區,租賃房屋,高雄市前鎮區和平二路１２７之１號四樓之１１,0.0,,,,1150526,土地0建物1車位0,四層,8,華廈(10層含以下有電梯),集合住宅,鋼筋混凝土,1111027,42.42,1,0,1,有,無,有,10700,252,,0.0,0,續租案件；,RPWOMLTLNHLGFCE96CC,獨立套房,有,1150607~1150806,有,冷氣、熱水器、洗衣機、冰箱,一般轉租
前鎮區,租賃房屋,高雄市前鎮區和平二路１２７之１號四樓之１１,0.0,,,,1150526,土地0建物1車位0,四層,8,華廈(10層含以下有電梯),集合住宅,鋼筋混凝土,1111027,42.42,1,0,1,有,無,有,10700,252,,0.0,0,續租案件；,RPXOMLTLNHLGFCE07CC,獨立套房,有,1150607~1150806,有,冷氣、熱水器、洗衣機、冰箱,一般轉租
小港區,租賃房屋,高雄市小港區中鋼路６０之１號九樓,0.0,,,,1150529,土地0建物1車位0,九層,13,住宅大樓(11層含以上有電梯),集合住宅,鋼筋混凝土造,1041216,69.35,2,1,1,有,有,有,17000,245,,0.0,0,房屋之稅捐、管理費由出租方負擔。水電費、瓦斯費、電話費、清潔費、網路費、居住使用所生之雜費由承租方負擔。租金總額含管理費；其他租金1.7萬含管理費1259元。；,RPOPMLTLNHLGFCE88CC,整棟(戶)出租,有,1150601~1160531,有,冷氣、熱水器、洗衣機、電視機、冰箱、瓦斯或天然氣,
三民區,租賃房屋,高雄市三民區自忠街５１號,0.0,,,,1150526,土地0建物0車位0,全,4,透天厝,,鋼筋混凝土造,0751106,20.0,9,0,9,有,無,有,7500,375,,0.0,0,租金總額含網路費；,RPPNMLTLNHLGFDE88CC,分租套房,無,1150901~1160831,無,冷氣、熱水器、洗衣機、網路,一般轉租
三民區,租賃房屋,高雄市三民區自忠街５１號,0.0,,,,1150526,土地0建物0車位0,全,4,透天厝,,鋼筋混凝土造,0751106,20.0,9,0,9,有,無,有,6800,340,,0.0,0,租金總額含網路費；,RPQNMLTLNHLGFDE98CC,分租套房,無,1150601~1160531,無,冷氣、熱水器、洗衣機、網路,一般轉租
三民區,租賃房屋,高雄市三民區愛國路９９號５樓之１０,0.0,,,,1150526,土地0建物1車位0,五層,10,華廈(10層含以下有電梯),商業用,鋼筋混凝土造,0950726,15.690000000000001,1,0,1,有,有,有,4500,287,,0.0,0,含增建或未登記建物；,RPRNMLTLNHLGFDE09CC,獨立套房,有,1150601~1151130,有,冷氣、熱水器、電視機、冰箱、網路,一般代管
三民區,租賃房屋,高雄市三民區鼎新路１９９巷１號５樓之１５,0.0,,,,1150526,土地0建物1車位0,五層,13,住宅大樓(11層含以上有電梯),商業用,鋼筋混凝土造,0970514,19.22,1,0,1,有,有,有,4800,250,,0.0,0,含增建或未登記建物；續租案件；,RPTNMLTLNHLGFDE66CC,獨立套房,有,1150601~1160531,有,冷氣、熱水器、電視機、冰箱、網路,一般代管
三民區,租賃房屋,高雄市三民區鼎新路１９９巷１號５樓之１３,0.0,,,,1150522,土地0建物1車位0,五層,13,住宅大樓(11層含以上有電梯),商業用,鋼筋混凝土造,0970514,22.61,1,0,1,有,有,有,5700,252,,0.0,0,含增建或未登記建物；,RPUNMLTLNHLGFDE76CC,獨立套房,有,1150524~1151123,有,冷氣、熱水器、電視機、冰箱、網路,一般代管
三民區,租賃房屋,高雄市三民區金鼎路３２１號十樓之２,0.0,,,,1150527,土地0建物1車位0,十層,15,住宅大樓(11層含以上有電梯),集合住宅,鋼筋混凝土造,1090305,93.4,2,1,1,有,有,有,22000,236,,0.0,0,社會住宅，管理費2000元，水電費 瓦斯費 由承租人負擔多人共同承租2；未租賃車位，建物登記含有車位面積；續租案件；,RPVNMLTLNHLGFDE86CC,整棟(戶)出租,有,1150623~1160622,有,冷氣、熱水器、洗衣機、電視機、冰箱、瓦斯或天然氣,社會住宅代管
三民區,租賃房屋,高雄市三民區義昌路８０號十樓之１,0.0,,,,1150526,土地0建物1車位0,十層,11,住宅大樓(11層含以上有電梯),住家用,鋼筋混凝土造,0840525,56.71,1,1,1,有,有,有,10000,176,,0.0,0,社會住宅，管理費1000元，水電費 瓦斯費 由承租人負擔續租案件；,RPOOMLTLNHLGFDE88CC,獨立套房,有,1150601~1160331,有,冷氣、熱水器、洗衣機、電視機、冰箱,社會住宅代管
三民區,租賃房屋,高雄市三民區莊敬路２４６號五樓,0.0,,,,1150528,土地0建物1車位0,五層,17,住宅大樓(11層含以上有電梯),住家用,鋼筋混凝土造,0851210,130.63,4,2,2,有,有,有,13000,100,,0.0,0,管理費2000元，由承租人負擔,RPPOMLTLNHLGFDE98CC,整棟(戶)出租,有,1150601~1160531,有,冷氣、熱水器、洗衣機、電視機、冰箱、瓦斯或天然氣,社會住宅代管
三民區,租賃房屋,高雄市三民區河堤路４８８之１號八樓,0.0,,,,1150521,土地0建物1車位0,八層,14,住宅大樓(11層含以上有電梯),住家用,鋼筋混凝土造,0870122,128.70999999999998,3,2,2,有,有,有,19000,148,,0.0,0,續租案件；,RPQOMLTLNHLGFDE09CC,整棟(戶)出租,有,1150601~1160531,有,冷氣、熱水器、洗衣機、冰箱、瓦斯或天然氣,社會住宅代管
三民區,租賃房屋,高雄市三民區美都路１４６號四樓,0.0,,,,1150527,土地0建物1車位0,四層,24,住宅大樓(11層含以上有電梯),集合住宅,鋼筋混凝土,1120720,114.24000000000001,2,1,1,有,有,有,19500,171,,0.0,0,社會住宅，管理費2200元，水電費由承租人負擔未租賃車位，建物登記含有車位面積；,RPSOMLTLNHLGFDE66CC,整棟(戶)出租,有,1150601~1160531,有,冷氣、熱水器、洗衣機、電視機、冰箱,社會住宅包租轉租
三民區,租賃房屋+車位,高雄市三民區十全三路２號２１樓之１５,0.0,,,,1150528,土地0建物1車位1,二十一層,22,住宅大樓(11層含以上有電梯),集合住宅,鋼筋混凝土,1100726,165.73000000000002,3,2,2,有,有,有,36000,217,坡道平面,21.25,0,此建物有兩個車位只承租編號364一個另編號365未承租因承租人為外籍人士故統一編號為居留證統一證號租金總額含管理費；,RPWOMLTLNHLGFDE07CC,整棟(戶)出租,有,1150601~1160531,有,冷氣、熱水器、洗衣機、電視機、冰箱,
三民區,租賃房屋,高雄市三民區鼎力路２６７巷８弄１１號,0.0,,,,1150522,土地0建物1車位0,全,3,透天厝,住宅、避難室,鋼筋混凝土造,0730519,176.91,4,2,3,有,無,無,16000,90,,0.0,0,續租案件；,RPXOMLTLNHLGFDE17CC,整棟(戶)出租,無,1150604~1160603,無,熱水器、瓦斯或天然氣,社會住宅代管
三民區,租賃房屋,高雄市三民區敦煌路８０巷２０號１、２樓,90.0,住,,,1150527,土地1建物1車位0,見其他登記事項,5,店面(店鋪),住家用,鋼筋混凝土造,0940728,91.0,0,0,0,無,無,無,19000,209,,0.0,0,租金總額含稅；,RPPPMLTLNHLGFDE09CC,,無,1150615~1200814,無,,
三民區,租賃房屋,高雄市三民區林森一路２９７巷１３之５號,0.0,,,,1150521,土地0建物1車位0,全,2,透天厝,住家用,加強磚造,0490619,80.77,1,1,2,有,無,無,6000,74,,0.0,0,續租案件；,RPSPMLTLNHLGFDE76CC,整棟(戶)出租,無,1150606~1160605,無,熱水器、洗衣機,社會住宅代管
三民區,租賃房屋,高雄市三民區九如一路１７０巷１０之３號,0.0,,,,1150522,土地0建物1車位0,四層,5,公寓(5樓含以下無電梯),公寓,鋼筋混凝土造,0681027,81.04,3,1,2,有,無,有,15000,185,,0.0,0,,RPVPMLTLNHLGFDE07CC,整棟(戶)出租,無,1150525~1160524,無,冷氣、熱水器、洗衣機、電視機、冰箱、瓦斯或天然氣,社會住宅包租轉租
楠梓區,租賃房屋,高雄市楠梓區德惠路７０巷１９號八樓之１,0.0,,,,1150521,土地0建物1車位0,八層,11,住宅大樓(11層含以上有電梯),辦公室,鋼筋混凝土造,0950626,31.08,1,0,1,有,有,有,5000,161,,0.0,0,含增建或未登記建物；續租案件；,RPPNMLTLNHLGFEE98CC,獨立套房,有,1150528~1160527,有,冷氣、熱水器、電視機、冰箱、網路,一般代管
楠梓區,租賃房屋,高雄市楠梓區興楠路３５５巷８３號七樓之１１,0.0,,,,1150527,土地0建物1車位0,七層,13,住宅大樓(11層含以上有電梯),辦公室,鋼筋混凝土造,0960604,15.23,1,0,1,有,有,有,4200,276,,0.0,0,含增建或未登記建物；續租案件；,RPQNMLTLNHLGFEE09CC,獨立套房,有,1150623~1151222,有,冷氣、熱水器、電視機、冰箱、網路,一般代管
左營區,租賃房屋,高雄市左營區文天路１１６號十樓,0.0,,,,1150527,土地0建物1車位0,十層,15,住宅大樓(11層含以上有電梯),集合住宅,鋼筋混凝土,1050322,106.57,2,1,1,有,有,有,18000,169,,0.0,0,社會住宅，管理費2000元，水電費 瓦斯費 由承租人負擔未租賃車位，建物登記含有車位面積；,RPRNMLTLNHLGFEE56CC,整棟(戶)出租,有,1150601~1170414,有,冷氣、熱水器、洗衣機、冰箱、瓦斯或天然氣,社會住宅包租轉租
楠梓區,租賃房屋,高雄市楠梓區德富街１６８號六樓,0.0,,,,1150526,土地0建物1車位0,六層,15,住宅大樓(11層含以上有電梯),集合住宅,鋼筋混凝土,1110510,111.22,2,1,1,有,有,有,17500,157,,0.0,0,社會住宅，管理費2600元，水電費由承租人負擔多人共同承租2；未租賃車位，建物登記含有車位面積；,RPSNMLTLNHLGFEE66CC,整棟(戶)出租,有,1150601~1160531,有,冷氣、熱水器、洗衣機、電視機、冰箱,社會住宅包租轉租
左營區,租賃房屋,高雄市左營區文理街３３巷２３號十樓之２,0.0,,,,1150528,土地0建物1車位0,十層,13,住宅大樓(11層含以上有電梯),住家用,鋼筋混凝土造,0850625,131.39999999999998,3,2,2,有,有,無,17400,132,,0.0,0,社會住宅，管理費2600元，水電費 由承租人負擔,RPUNMLTLNHLGFEE86CC,整棟(戶)出租,有,1150601~1180531,有,冷氣、熱水器,社會住宅代管
左營區,租賃房屋,高雄市左營區大中二路７１５號１５樓之８,0.0,,,,1150525,土地0建物1車位0,十五層,15,住宅大樓(11層含以上有電梯),集合住宅,鋼筋混凝土,1140623,57.510000000000005,1,1,1,有,有,有,18000,313,,0.0,0,,RPVNMLTLNHLGFEE96CC,整棟(戶)出租,有,1150601~1160531,有,冷氣,
楠梓區,租賃房屋,高雄市楠梓區高雄大學路２０５號,0.0,,,,1150525,土地0建物1車位0,一層,15,住宅大樓(11層含以上有電梯),辦公室,鋼筋混凝土造,1010316,102.37,3,1,2,有,有,有,17000,166,,0.0,0,多人共同承租3；,RPOOMLTLNHLGFEE98CC,整棟(戶)出租,有,1150525~1160524,有,冷氣、熱水器、洗衣機、電視機、冰箱、瓦斯或天然氣,社會住宅包租轉租
楠梓區,租賃房屋,高雄市楠梓區楠梓舊街３９之１７號三樓,0.0,,,,1150521,土地0建物1車位0,三層,5,公寓(5樓含以下無電梯),公寓,鋼筋混凝土造,0731005,161.14,3,2,2,有,無,有,15500,96,,0.0,0,續租案件；,RPPOMLTLNHLGFEE09CC,整棟(戶)出租,無,1150610~1160609,無,冷氣、熱水器、洗衣機、瓦斯或天然氣,社會住宅代管
楠梓區,租賃房屋,高雄市楠梓區加宏路２２巷１７號四樓,0.0,,,,1150522,土地0建物1車位0,四層,13,住宅大樓(11層含以上有電梯),住家用,鋼筋混凝土造,0940610,76.89,2,1,1,有,有,有,11000,143,,0.0,0,續租案件；,RPQOMLTLNHLGFEE56CC,整棟(戶)出租,有,1150610~1160609,有,冷氣、熱水器、洗衣機、電視機、冰箱、瓦斯或天然氣,社會住宅包租轉租
左營區,租賃房屋,高雄市左營區正心街８５號９樓之３,0.0,,,,1150526,土地0建物1車位0,九層,15,住宅大樓(11層含以上有電梯),住家用,鋼筋混凝土造,1001028,85.87,2,1,1,有,有,有,22000,256,,0.0,0,租金總額含管理費；未租賃車位，建物登記含有車位面積；,RPROMLTLNHLGFEE66CC,整棟(戶)出租,有,1150601~1160531,有,冷氣、熱水器、洗衣機、電視機、冰箱,
楠梓區,租賃房屋+車位,高雄市楠梓區創新路７６９號８樓,0.0,,,,1150529,土地0建物1車位1,八層,15,住宅大樓(11層含以上有電梯),集合住宅,鋼筋混凝土結構造,1080816,72.84,2,1,1,有,有,有,15970,219,坡道機械,5.29,0,*.每月管理費2030元，已於月租金扣除。*另附一機車位B1樓3號。,RPSOMLTLNHLGFEE76CC,整棟(戶)出租,有,1150601~1160531,有,冷氣、熱水器、洗衣機、電視機、冰箱,
楠梓區,租賃房屋,高雄市楠梓區後昌路１１４０巷１８號三樓,0.0,,,,1150522,土地0建物1車位0,三層,5,公寓(5樓含以下無電梯),住家用,鋼筋混凝土造,0810701,109.63999999999999,3,2,2,有,有,有,17000,155,,0.0,0,,RPTOMLTLNHLGFEE86CC,整棟(戶)出租,無,1150525~1160524,無,冷氣、熱水器、瓦斯或天然氣,社會住宅代管
左營區,租賃房屋,高雄市左營區自由三路５１９號,109.06,住,,,1150529,土地1建物1車位0,全,5,透天厝,住商用,鋼筋混凝土造,0840324,170.7,3,2,1,有,無,無,86000,504,,0.0,0,租金總額含稅；,RPUOMLTLNHLGFEE96CC,,無,1150601~1160630,無,,
左營區,租賃房屋,高雄市左營區榮耀街２８號四樓,0.0,,,,1150522,土地0建物1車位0,四層,14,住宅大樓(11層含以上有電梯),住家用,鋼筋混凝土造,0870319,233.62,4,2,2,有,有,有,28000,120,,0.0,0,未租賃車位，建物登記含有車位面積；,RPVOMLTLNHLGFEE07CC,整棟(戶)出租,有,1150523~1160522,有,冷氣、熱水器、電視機、冰箱、瓦斯或天然氣,社會住宅代管
橋頭區,租賃房屋+車位,高雄市橋頭區經武路１１３０巷２０５號３樓,16.21,住,,,1150526,土地1建物1車位1,三層,15,住宅大樓(11層含以上有電梯),集合住宅,鋼筋混凝土造,1110530,114.78,2,2,2,有,有,有,23000,200,坡道機械,9.1,0,含機車車位1個,RPPNMLTLNHLGFFE09CC,整棟(戶)出租,有,1150601~1160531,有,冷氣、熱水器、洗衣機、電視機、冰箱、瓦斯或天然氣,
梓官區,租賃房屋,高雄市梓官區光明路市場巷５０號,0.0,,,,1150527,土地0建物1車位0,全,2,透天厝,住商用,加強磚造,0650420,110.8,3,2,2,有,無,有,11000,99,,0.0,0,,RPQNMLTLNHLGFFE56CC,整棟(戶)出租,無,1150610~1160609,無,熱水器、電視機、冰箱、瓦斯或天然氣,社會住宅代管
橋頭區,租賃房屋+車位,高雄市橋頭區經武路１１３０巷１８７號９樓,0.0,,,,1150528,土地0建物1車位1,九層,15,住宅大樓(11層含以上有電梯),集合住宅,鋼筋混凝土造,1110530,95.52000000000001,2,1,2,有,有,有,19800,207,坡道機械,9.1,0,租金含管理費及車位清潔費多人共同承租2；,RPRNMLTLNHLGFFE66CC,整棟(戶)出租,無,1150610~1160609,有,冷氣、熱水器、洗衣機、冰箱、瓦斯或天然氣,
橋頭區,租賃房屋,高雄市橋頭區經武路５０號二十四樓之６,0.0,,,,1150526,土地0建物1車位0,二十四層,24,住宅大樓(11層含以上有電梯),集合住宅,鋼筋混凝土造,1071220,164.57,3,2,2,有,有,有,20000,122,,0.0,0,社會住宅，管理費2000元，水電費 瓦斯費 由承租人負擔多人共同承租3；未租賃車位，建物登記含有車位面積；,RPSNMLTLNHLGFFE76CC,整棟(戶)出租,有,1150601~1160531,有,冷氣、熱水器、洗衣機、電視機、冰箱、瓦斯或天然氣,社會住宅代管
橋頭區,租賃房屋,高雄市橋頭區芋寮路信義巷６號四樓之２,0.0,,,,1150526,土地0建物1車位0,四層,8,華廈(10層含以下有電梯),集合住宅,鋼筋混凝土造,1130809,116.72,3,1,2,有,有,無,19000,163,,0.0,0,社會住宅，管理費1000元，水電費由承租人負擔續租案件；,RPTNMLTLNHLGFFE86CC,整棟(戶)出租,有,1150610~1160609,有,冷氣、熱水器,社會住宅包租轉租
橋頭區,租賃房屋,高雄市橋頭區經武路１０６２號十五樓,0.0,,,,1150522,土地0建物1車位0,十五層,15,住宅大樓(11層含以上有電梯),集合住宅,鋼筋混凝土造,1080322,131.75,3,2,2,有,有,有,23000,175,,0.0,0,,RPUNMLTLNHLGFFE96CC,整棟(戶)出租,有,1150601~1160531,有,冷氣、熱水器、洗衣機、電視機、冰箱、瓦斯或天然氣,社會住宅代管
岡山區,租賃房屋,高雄市岡山區中山北路１７５號,0.0,,,,1150528,土地0建物0車位0,全,5,透天厝,住商用,鋼筋混凝土造,0830510,23.87,10,0,10,有,有,有,10000,419,,0.0,0,,RPVNMLTLNHLGFFE07CC,分租套房,無,1150601~1180531,無,冷氣、熱水器、洗衣機、電視機、冰箱、網路,一般轉租
岡山區,租賃房屋+車位,高雄市岡山區鵬程路６３號４樓之５,0.0,,,,1150529,土地0建物1車位1,四層,14,住宅大樓(11層含以上有電梯),集合住宅,鋼筋混凝土造,1140428,140.07999999999998,3,2,2,有,有,有,25000,178,坡道平面,26.21,0,*115年5月59日至115年5月31日為免租搬遷期，期間水、電費由承租方負擔*另有附一機車位B1樓116號租金總額含管理費；,RPXNMLTLNHLGFFE27CC,整棟(戶)出租,有,1150601~1160531,有,冷氣、熱水器、瓦斯或天然氣,
鳳山區,租賃房屋,高雄市鳳山區南福街４３號七樓,0.0,,,,1150526,土地0建物1車位0,七層,10,華廈(10層含以下有電梯),住家用,鋼筋混凝土造,0871030,126.0,3,2,2,有,有,有,21000,167,,0.0,0,租金總額含管理費；,RPPNMLTLNHLGFGE56CC,整棟(戶)出租,有,1150601~1160531,有,冷氣、熱水器、洗衣機、電視機、冰箱、瓦斯或天然氣,社會住宅代管
鳳山區,租賃房屋,高雄市鳳山區文學街５號十二樓,0.0,,,,1150522,土地0建物1車位0,十二層,13,住宅大樓(11層含以上有電梯),住家用,鋼筋混凝土造,0790820,154.4,3,2,2,有,有,有,13000,84,,0.0,0,續租案件；,RPQNMLTLNHLGFGE66CC,整棟(戶)出租,有,1150610~1160609,有,熱水器、冰箱、瓦斯或天然氣,社會住宅包租轉租
鳳山區,租賃房屋,高雄市鳳山區中山東路３８０巷５４號,0.0,,,,1150525,土地0建物1車位0,全,4,透天厝,見使用執照,鋼筋混凝土造,0810310,236.6,3,2,4,有,無,無,22000,93,,0.0,0,,RPRNMLTLNHLGFGE76CC,整棟(戶)出租,無,1150601~1160531,無,熱水器,社會住宅代管
鳳山區,租賃房屋,高雄市鳳山區南三街２８號,0.0,,,,1150528,土地0建物3車位0,見其他登記事項,1,店面(店鋪),店鋪,鋼鐵構造,1130911,494.1,0,0,0,無,無,無,220000,445,,0.0,0,租金總額含稅；含有多個門牌且未個別計算租金高雄市鳳山區鳳甲路36、38號；租賃期間有約定不同租金115.4.1-115.6.30為優待裝潢期免付租金。115.7.1-118.6.30月租金22萬元整含稅118.7.1-121.6.30月租金22.66萬元整含稅121.7.1-122.9.30月租金23.34萬元整含稅；,RPSNMLTLNHLGFGE86CC,,無,1150401~1220930,無,,
鳳山區,租賃房屋,高雄市鳳山區八德路１５７號１３樓,0.0,,,,1150525,土地0建物1車位0,十三層,15,住宅大樓(11層含以上有電梯),集合住宅,鋼筋混凝土,1050122,138.74,2,2,2,有,有,無,18000,130,,0.0,0,租金總額含管理費；未租賃車位，建物登記含有車位面積；,RPTNMLTLNHLGFGE96CC,整棟(戶)出租,有,1150601~1160531,有,冷氣、熱水器,
鳳山區,租賃房屋,高雄市鳳山區五甲三路１５７巷２弄１之２號,0.0,,,,1150522,土地0建物1車位0,二層,5,公寓(5樓含以下無電梯),住家用,鋼筋混凝土造,0671030,80.22,3,2,1,有,無,無,15000,187,,0.0,0,多人共同承租2；含增建或未登記建物；,RPVNMLTLNHLGFGE17CC,整棟(戶)出租,無,1150601~1160531,無,熱水器、冰箱,
大社區,租賃房屋,高雄市大社區民生路２０３之１０號三樓,0.0,,,,1150526,土地0建物1車位0,三層,6,華廈(10層含以下有電梯),集合住宅,鋼筋混凝土,1110920,84.59,2,2,2,有,有,有,18000,213,,0.0,0,社會住宅，管理費1000元，水電費由承租人負擔未租賃車位，建物登記含有車位面積；續租案件；,RPPNMLTLNHLGFIE76CC,整棟(戶)出租,無,1150601~1160531,有,冷氣、熱水器、洗衣機、冰箱,社會住宅代管
大寮區,租賃房屋,高雄市大寮區萬丹路９６２號,0.0,,,,1150528,土地0建物1車位0,全,3,透天厝,住宅．店舖．樓梯間,鋼筋混凝土造,0940528,345.37,6,2,4,有,無,無,65000,188,,0.0,0,租賃期間有約定不同租金自民國115年05月29日起至民國115年07月09日止為搬遷期免收租金，期間所產生之水、電費由乙方負擔，搬遷期若反悔不租，應賠償對方一個月租金，作為懲罰性違約金。；,RPPNMLTLNHLGFLE07CC,,無,1150710~1200709,無,,
林園區,租賃房屋,高雄市林園區上林街７之１號,0.0,,,,1150529,土地0建物1車位0,二層,5,公寓(5樓含以下無電梯),住家用,鋼筋混凝土造,0700410,75.6,3,2,1,有,無,有,9500,126,,0.0,0,,RPQNMLTLNHLGFLE17CC,整棟(戶)出租,無,1150625~1180624,無,冷氣、熱水器、洗衣機、電視機、冰箱、瓦斯或天然氣,社會住宅包租轉租
大寮區,租賃房屋,高雄市大寮區內坑路１６１之２０號六樓,0.0,,,,1150521,土地0建物1車位0,六層,17,住宅大樓(11層含以上有電梯),住家用,鋼筋混凝土造,0870225,107.89,3,2,2,有,有,有,12000,111,,0.0,0,續租案件；,RPRNMLTLNHLGFLE27CC,整棟(戶)出租,有,1150601~1160531,有,冷氣、熱水器、洗衣機、電視機、冰箱、瓦斯或天然氣,社會住宅代管
楠梓區,租賃房屋,高雄市楠梓區芎林一街１５０號三樓,0.0,,,,1150522,土地0建物1車位0,三層,15,住宅大樓(11層含以上有電梯),集合住宅,鋼筋混凝土,1100805,102.24000000000001,3,2,1,有,有,有,14000,137,,0.0,0,參加國家住宅及都市更新中心辦理社會住宅包租代管第5期計畫中央版多人共同承租2；未租賃車位，建物登記含有車位面積；,RPPNMLKMNHLGFEE18CC,整棟(戶)出租,有,1150530~1160529,有,冷氣、熱水器、洗衣機、電視機、冰箱,社會住宅代管
橋頭區,租賃房屋,高雄市橋頭區甲樹路１２１１號二樓之２,0.0,,,,1150522,土地0建物1車位0,二層,10,華廈(10層含以下有電梯),集合住宅,鋼筋混凝土造,1130822,137.37,3,2,2,有,有,有,19000,138,,0.0,0,參加國家住宅及都市更新中心辦理社會住宅包租代管第5期計畫中央版未租賃車位，建物登記含有車位面積；,RPPNMLKMNHLGFFE28CC,整棟(戶)出租,有,1150526~1170525,有,冷氣、熱水器、洗衣機、電視機、冰箱,社會住宅代管
鼓山區,租賃房屋,高雄市鼓山區明倫路７７號,0.0,,,,1150528,土地0建物1車位0,見其他登記事項,3,店面(店鋪),住商用,鋼筋混凝土造,0680525,100.04,0,0,0,無,無,無,34133,341,,0.0,0,僅承租部分範圍。附屬設備：冷氣、熱水器、天然瓦斯、冰箱、靜電排煙機其他租賃所得扣繳、健保補充保費扣費；租賃期間有約定不同租金115年5月30日至115年6月30日（免租期）115年7月1日至116年6月30日（租金34133元）116年7月1日至118年6月30日（租金35271元）；,RPPNMLLJOHLGFAE67CC,,無,1150701~1180630,無,冷氣、熱水器、冰箱、瓦斯或天然氣,
前金區,租賃房屋,高雄市前金區大同一路２９２號５樓,0.0,,,,1150530,土地0建物1車位0,五層,28,住宅大樓(11層含以上有電梯),集合住宅,鋼骨構造、鋼骨鋼筋混凝土構造、鋼筋混凝土造,1070904,89.71000000000001,2,1,1,有,有,有,24000,268,,0.0,0,租金總額含管理費；,RPQNMLLJOHLGFAE77CC,整棟(戶)出租,有,1150605~1160604,有,冷氣、熱水器、洗衣機、電視機、冰箱、瓦斯或天然氣,
鹽埕區,租賃房屋,高雄市鹽埕區大勇路１２之３號,0.0,,,,1150527,土地0建物1車位0,全,3,透天厝,住家用,加強磚造,0550726,86.48,4,2,3,有,無,有,15000,173,,0.0,0,,RPUNMLLJOHLGFAE18CC,整棟(戶)出租,無,1150601~1160531,無,冷氣、熱水器、洗衣機、冰箱,社會住宅代管
苓雅區,租賃房屋,高雄市苓雅區四維四路１９９號５樓之３,0.0,,,,1150521,土地0建物1車位0,五層,12,辦公商業大樓,商業用,鋼筋混凝土造,0800704,131.76999999999998,0,0,0,無,有,無,15500,118,,0.0,0,承租人保留將租約變更為其未來成立公司名義繼續承租,RPRNMLLJOHLGFBE97CC,,有,1150601~1160531,有,冷氣,
苓雅區,租賃房屋,高雄市苓雅區新光路２８巷４０之１號,0.0,,,,1150527,土地0建物1車位0,二層,5,公寓(5樓含以下無電梯),公寓,鋼筋混凝土造,0661110,59.980000000000004,1,1,1,有,無,無,8000,133,,0.0,0,,RPTNMLLJOHLGFBE18CC,整棟(戶)出租,無,1150601~1160531,無,熱水器、洗衣機,
新興區,租賃房屋,高雄市新興區復興一路５７號４樓之３,0.0,,,,1150527,土地0建物1車位0,四層,12,住宅大樓(11層含以上有電梯),公寓,鋼筋混凝土造,0720505,85.35,2,1,1,有,有,有,10000,117,,0.0,0,,RPWNMLLJOHLGFBE48CC,整棟(戶)出租,有,1150605~1160604,有,冷氣、熱水器、洗衣機、冰箱,社會住宅代管
前鎮區,租賃房屋,高雄市前鎮區和平二路１２７之１號八樓之１６,0.0,,,,1150528,土地0建物1車位0,八層,8,華廈(10層含以下有電梯),集合住宅,鋼筋混凝土,1111027,33.14,1,0,1,有,無,有,8500,256,,0.0,0,,RPSNMLLJOHLGFCE18CC,獨立套房,有,1150528~1160527,有,冷氣、熱水器、洗衣機、冰箱,一般轉租
小港區,租賃房屋,高雄市小港區民益路６４巷２３弄４３之４號,0.0,,,,1150529,土地0建物1車位0,五層,5,公寓(5樓含以下無電梯),住宅,鋼筋混凝土造,0691229,76.71,3,2,2,有,無,有,14000,183,,0.0,0,多人共同承租2；,RPUNMLLJOHLGFCE38CC,整棟(戶)出租,無,1150615~1160614,無,冷氣、熱水器、洗衣機、冰箱、瓦斯或天然氣,
前鎮區,租賃房屋,高雄市前鎮區中華五路９４７巷３號１０樓之３,0.0,,,,1150529,土地0建物1車位0,十層,12,住宅大樓(11層含以上有電梯),住家用,鋼筋混凝土造,0830809,139.46,3,2,2,有,有,無,15700,113,,0.0,0,續租案件；,RPVNMLLJOHLGFCE48CC,整棟(戶)出租,有,1150617~1160616,有,熱水器,社會住宅代管
三民區,租賃房屋,高雄市三民區大順二路４６巷１０弄４號三樓,0.0,,,,1150522,土地0建物1車位0,三層,5,公寓(5樓含以下無電梯),公寓,鋼筋混凝土造,0730912,95.88,3,2,2,有,無,有,12000,125,,0.0,0,,RPPNMLLJOHLGFDE97CC,整棟(戶)出租,無,1150615~1160614,無,冷氣、熱水器、洗衣機、瓦斯或天然氣,社會住宅包租轉租
三民區,租賃房屋,高雄市三民區愛國路９７號６樓之１,0.0,,,,1150528,土地0建物1車位0,六層,10,華廈(10層含以下有電梯),商業用,鋼筋混凝土造,0950726,14.09,1,0,1,有,有,有,4200,298,,0.0,0,含增建或未登記建物；續租案件；,RPQNMLLJOHLGFDE08CC,獨立套房,有,1150629~1151228,有,冷氣、熱水器、電視機、冰箱、網路,一般代管
三民區,租賃房屋,高雄市三民區愛國路９９號５樓之１,0.0,,,,1150523,土地0建物1車位0,五層,10,華廈(10層含以下有電梯),商業用,鋼筋混凝土造,0950726,15.690000000000001,1,0,1,有,有,有,4500,287,,0.0,0,含增建或未登記建物；,RPRNMLLJOHLGFDE18CC,獨立套房,有,1150525~1151124,有,冷氣、熱水器、電視機、冰箱、網路,一般代管
三民區,租賃房屋,高雄市三民區愛國路９９號６樓之１３,0.0,,,,1150527,土地0建物1車位0,六層,10,華廈(10層含以下有電梯),商業用,鋼筋混凝土造,0950726,21.950000000000003,1,0,1,有,有,有,5300,241,,0.0,0,含增建或未登記建物；續租案件；,RPSNMLLJOHLGFDE28CC,獨立套房,有,1150601~1160531,有,冷氣、熱水器、電視機、冰箱、網路,一般代管
三民區,租賃房屋,高雄市三民區修武街３８號５樓之１１,0.0,,,,1150527,土地0建物1車位0,五層,11,住宅大樓(11層含以上有電梯),住家用,鋼筋混凝土造,0850625,75.14,2,2,1,有,有,有,18000,240,,0.0,0,,RPWNMLLJOHLGFDE68CC,整棟(戶)出租,有,1150527~1160526,有,冷氣、熱水器、洗衣機、電視機、冰箱,社會住宅代管
三民區,租賃房屋,高雄市三民區?勝街６７號７樓之１,0.0,,,,1150522,土地0建物1車位0,七層,15,住宅大樓(11層含以上有電梯),集合住宅,鋼筋混凝土,1140108,117.02000000000001,2,2,1,有,有,有,20000,171,,0.0,0,未租賃車位，建物登記含有車位面積；,RPOOMLLJOHLGFDE97CC,整棟(戶)出租,有,1150525~1160524,有,冷氣、熱水器,社會住宅代管
三民區,租賃房屋,高雄市三民區萬全街１２１號２樓之８,0.0,,,,1150525,土地0建物1車位0,二層,7,華廈(10層含以下有電梯),住家用,鋼筋混凝土造,0840428,44.99,1,1,1,有,有,有,9000,200,,0.0,0,管理費:1000租金總額含管理費；,RPQOMLLJOHLGFDE18CC,獨立套房,有,1150601~1160531,有,冷氣、熱水器、洗衣機、電視機、冰箱,社會住宅代管
三民區,租賃房屋,高雄市三民區河北二路１００號１０樓之１３,0.0,,,,1150525,土地0建物1車位0,十層,19,住宅大樓(11層含以上有電梯),住宅,鋼筋混凝土造,0800314,40.230000000000004,1,1,1,有,有,有,7000,174,,0.0,0,管理費:850租金總額含管理費；,RPROMLLJOHLGFDE28CC,獨立套房,有,1150601~1160531,有,冷氣、熱水器、洗衣機、電視機、冰箱,社會住宅包租轉租
三民區,租賃房屋,高雄市三民區建興路３６５巷１號十二樓之３,0.0,,,,1150521,土地0建物1車位0,十二層,26,住宅大樓(11層含以上有電梯),集合住宅,鋼筋混凝土造,1091102,69.72,2,1,1,有,有,有,20000,287,,0.0,0,續租案件；,RPSOMLLJOHLGFDE38CC,整棟(戶)出租,有,1150615~1160614,有,冷氣、熱水器、洗衣機、電視機、冰箱,社會住宅代管
楠梓區,租賃房屋,高雄市楠梓區興楠路３５５巷８３號七樓之１２,0.0,,,,1150529,土地0建物1車位0,七層,13,住宅大樓(11層含以上有電梯),辦公室,鋼筋混凝土造,0960604,15.23,1,0,1,有,有,有,4200,276,,0.0,0,含增建或未登記建物；續租案件；,RPPNMLLJOHLGFEE08CC,獨立套房,有,1150625~1160624,有,冷氣、熱水器、電視機、冰箱、網路,一般代管
楠梓區,租賃房屋+車位,高雄市楠梓區大學十九街１４６號９樓,12.09,住,,,1150530,土地1建物1車位1,九層,15,住宅大樓(11層含以上有電梯),集合住宅,鋼筋混凝土,1130910,80.71000000000001,2,2,1,有,有,有,16858,209,坡道機械,8.34,0,由出租人負擔管理費2142元，已於月租金中扣除多人共同承租2；,RPRNMLLJOHLGFEE28CC,整棟(戶)出租,有,1150601~1160531,有,冷氣、熱水器、洗衣機、電視機、冰箱、瓦斯或天然氣,
左營區,租賃房屋,高雄市左營區博愛四路２６１號２０樓之８,0.0,,,,1150525,土地0建物1車位0,二十層,34,住宅大樓(11層含以上有電梯),集合住宅,鋼骨鋼筋混凝土構造，鋼筋混凝土造,1141014,85.25,2,1,1,有,有,有,23000,270,,0.0,0,多人共同承租2；,RPVNMLLJOHLGFEE68CC,整棟(戶)出租,有,1150601~1160630,有,冷氣、熱水器、洗衣機、電視機、冰箱、瓦斯或天然氣,一般包租
左營區,租賃房屋,高雄市左營區文川路４１３號９樓,0.0,,,,1150523,土地0建物1車位0,九層,14,住宅大樓(11層含以上有電梯),集合住宅,鋼筋混凝土造,1120208,104.72,2,2,2,有,有,有,22500,215,,0.0,0,租金總額含管理費；未租賃車位，建物登記含有車位面積；,RPWNMLLJOHLGFEE78CC,整棟(戶)出租,有,1150601~1160531,有,冷氣、電視機、冰箱、瓦斯或天然氣,
楠梓區,租賃房屋,高雄市楠梓區後昌路１１８號七樓之６,0.0,,,,1150521,土地0建物1車位0,七層,15,住宅大樓(11層含以上有電梯),集合住宅,鋼筋混凝土,1130703,90.47999999999999,1,1,1,有,有,有,20000,221,,0.0,0,機車停車位編號308。租賃附屬設備:雙方自行清點確認。其他房屋稅、地價稅；未租賃車位，建物登記含有車位面積；,RPOOMLLJOHLGFEE08CC,整棟(戶)出租,有,1150701~1170630,有,,
左營區,租賃房屋+車位,高雄市左營區博愛四路２５５號３１樓之３,0.0,,,,1150530,土地0建物1車位1,三十一層,34,住宅大樓(11層含以上有電梯),集合住宅,鋼骨鋼筋混凝土構造、鋼筋混凝土造,1141014,90.59,2,2,1,有,有,有,25000,276,坡道機械,9.11,0,管理費由出租人負擔,RPPOMLLJOHLGFEE18CC,整棟(戶)出租,有,1150601~1160530,有,冷氣、熱水器、洗衣機、電視機、冰箱,
左營區,租賃房屋,高雄市左營區新庄仔路７３巷１２號１５樓之１,0.0,,,,1150524,土地0建物1車位0,十五層,16,住宅大樓(11層含以上有電梯),住家用,鋼筋混凝土造,0820703,142.31,4,2,2,有,有,有,22300,157,,0.0,0,多人共同承租2；,RPROMLLJOHLGFEE38CC,整棟(戶)出租,有,1150601~1160531,有,冷氣、熱水器、洗衣機、電視機、冰箱,社會住宅代管
左營區,租賃房屋,高雄市左營區自由三路４８７號,0.0,,,,1150529,土地0建物1車位0,全,5,透天厝,住商用,鋼筋混凝土造,0851125,304.56,0,8,3,有,無,無,70500,231,,0.0,0,租金總額含稅；其他電梯養護費用；含增建或未登記建物；,RPSOMLLJOHLGFEE48CC,,無,1150701~1200630,有,冷氣,
左營區,租賃房屋,高雄市左營區文強路２１６號８樓之１,0.0,,,,1150527,土地0建物1車位0,八層,8,華廈(10層含以下有電梯),住家用,鋼筋混凝土造,0831109,93.91,3,1,1,有,有,有,14800,158,,0.0,0,,RPWOMLLJOHLGFEE88CC,整棟(戶)出租,有,1150601~1170531,有,冷氣、熱水器、洗衣機、電視機、冰箱,社會住宅代管
楠梓區,租賃房屋+車位,高雄市楠梓區大學西路３５號２樓,0.0,,,,1150529,土地0建物1車位1,二層,15,住宅大樓(11層含以上有電梯),集合住宅,鋼筋混凝土,1080522,115.92,3,2,2,有,有,有,19972,172,坡道機械,6.71,0,由出租人負擔管理費3028元，已於月租金中扣除,RPOPMLLJOHLGFEE18CC,整棟(戶)出租,有,1150601~1160531,有,冷氣、熱水器、洗衣機、電視機、冰箱、瓦斯或天然氣,
左營區,租賃房屋+車位,高雄市左營區博愛四路２５５號１４樓之２,0.0,,,,1150531,土地0建物1車位1,十四層,34,住宅大樓(11層含以上有電梯),集合住宅,鋼骨鋼筋混凝土構造、鋼筋混凝土造,1141014,144.51,3,2,2,有,有,無,30000,208,坡道平面,20.35,0,租金總額含管理費；,RPPPMLLJOHLGFEE28CC,整棟(戶)出租,有,1150605~1180604,有,冷氣、熱水器、洗衣機,
楠梓區,租賃房屋,高雄市楠梓區朝明路１１６巷９號,0.0,,,,1150529,土地0建物1車位0,見其他登記事項,7,華廈(10層含以下有電梯),住商用,鋼筋混凝土造,0800322,95.4,2,2,1,有,有,有,15000,157,,0.0,0,續租案件；,RPQPMLLJOHLGFEE38CC,整棟(戶)出租,有,1150601~1160531,有,冷氣、熱水器、洗衣機、冰箱,社會住宅代管
橋頭區,租賃房屋+車位,高雄市橋頭區新東三街２００號８樓,0.0,,,,1150527,土地0建物1車位1,八層,13,住宅大樓(11層含以上有電梯),集合住宅,鋼筋混凝土造,1130916,112.66,1,2,1,有,有,無,17600,156,坡道平面,28.21,0,原租金2萬已扣除管理費2400元,RPPNMLLJOHLGFFE18CC,整棟(戶)出租,有,1150601~1160531,有,冷氣、熱水器、洗衣機、冰箱,
燕巢區,租賃房屋,高雄市燕巢區橫山路９２號七樓之１９,0.0,,,,1150522,土地0建物1車位0,七層,7,華廈(10層含以下有電梯),集合住宅,鋼筋混凝土造,1070820,29.62,1,0,1,有,無,有,6700,226,,0.0,0,,RPQNMLLJOHLGFFE28CC,獨立套房,無,1150522~1160521,有,冷氣、熱水器、電視機、冰箱、有線電視、網路,一般轉租
燕巢區,租賃房屋,高雄市燕巢區橫山路９２號七樓之１９,0.0,,,,1150522,土地0建物1車位0,七層,7,華廈(10層含以下有電梯),集合住宅,鋼筋混凝土造,1070820,29.62,1,0,1,有,無,有,6700,226,,0.0,0,,RPSNMLLJOHLGFFE48CC,獨立套房,無,1150522~1160521,有,冷氣、熱水器、電視機、冰箱、有線電視、網路,一般轉租
燕巢區,租賃房屋,高雄市燕巢區鳳旗路５０號６樓之９,0.0,,,,1150528,土地0建物1車位0,六層,6,華廈(10層含以下有電梯),集合住宅,鋼筋混凝土造,1120518,62.629999999999995,2,1,1,有,有,有,17000,271,,0.0,0,續租案件；,RPTNMLLJOHLGFFE58CC,整棟(戶)出租,有,1150612~1160611,有,冷氣、熱水器、洗衣機、電視機、冰箱,社會住宅代管
鳳山區,租賃房屋,高雄市鳳山區鳳學路８號１１樓,0.0,,,,1150523,土地0建物1車位0,十一層,15,住宅大樓(11層含以上有電梯),集合住宅,鋼筋混凝土,1130626,79.72999999999999,2,2,2,有,有,有,17000,213,,0.0,0,多人共同承租2；其他管理費；,RPQNMLLJOHLGFGE38CC,整棟(戶)出租,有,1150601~1160531,有,冷氣、熱水器、洗衣機、電視機、冰箱,
鳳山區,租賃房屋,高雄市鳳山區中山西路１０號１０樓之７,0.0,,,,1150525,土地0建物1車位0,十層,10,華廈(10層含以下有電梯),住家用,鋼筋混凝土造,0801007,32.97,1,1,1,有,有,有,7000,212,,0.0,0,,RPTNMLLJOHLGFGE68CC,獨立套房,有,1150525~1160524,有,冷氣、熱水器、電視機、冰箱,社會住宅代管
鳳山區,租賃房屋,高雄市鳳山區光遠路１１６號２樓,0.0,,,,1150526,土地0建物1車位0,二層,7,華廈(10層含以下有電梯),住家用,鋼筋混凝土造,0820309,113.09,1,1,2,有,無,有,14000,124,,0.0,0,,RPWNMLLJOHLGFGE98CC,整棟(戶)出租,無,1150610~1160609,有,冷氣、熱水器、電視機、冰箱,社會住宅代管
鳳山區,租賃房屋,高雄市鳳山區忠誠路１０８號２樓,0.0,,,,1150527,土地0建物1車位0,二層,13,住宅大樓(11層含以上有電梯),集合住宅,鋼筋混凝土,1130411,129.61,3,2,2,有,有,有,18700,144,,0.0,0,未租賃車位，建物登記含有車位面積；續租案件；,RPXNMLLJOHLGFGE09CC,整棟(戶)出租,有,1150606~1160605,有,冷氣、熱水器、洗衣機、電視機、冰箱,社會住宅代管
鳳山區,租賃房屋,高雄市鳳山區勝利路６５號８樓,0.0,,,,1150527,土地0建物1車位0,八層,14,住宅大樓(11層含以上有電梯),集合住宅,鋼筋混凝土造,1010605,160.53,3,2,2,有,有,有,16000,100,,0.0,0,,RPOOMLLJOHLGFGE28CC,整棟(戶)出租,有,1150527~1180526,有,冷氣、熱水器、電視機、冰箱,社會住宅包租轉租
鳳山區,租賃房屋,高雄市鳳山區王生明路１５０之１４號７樓,0.0,,,,1150527,土地0建物1車位0,七層,8,華廈(10層含以下有電梯),住家用,鋼筋混凝土造,0830111,122.92,3,2,2,有,有,有,17000,138,,0.0,0,管理費:2630租金總額含管理費；,RPPOMLLJOHLGFGE38CC,整棟(戶)出租,有,1150601~1170531,有,冷氣、熱水器、洗衣機、電視機、冰箱,社會住宅包租轉租
鳳山區,租賃房屋,高雄市鳳山區瑞春街１４巷４６號５樓,0.0,,,,1150529,土地0建物1車位0,五層,10,華廈(10層含以下有電梯),住家用,鋼筋混凝土造,0840418,150.73000000000002,3,2,2,有,有,有,15900,105,,0.0,0,,RPQOMLLJOHLGFGE48CC,整棟(戶)出租,有,1150601~1160531,有,熱水器、洗衣機,社會住宅代管
仁武區,租賃房屋+車位,高雄市仁武區北屋北街１８９號１４樓,0.0,,,,1150529,土地0建物1車位1,十四層,15,住宅大樓(11層含以上有電梯),集合住宅,鋼筋混凝土,1140718,157.54000000000002,2,2,2,有,有,有,25500,162,坡道平面,30.96,0,租金總額含管理費；租賃期間有約定不同租金房屋點交至115年6月30日為免租搬遷期。；,RPQNMLLJOHLGFIE58CC,整棟(戶)出租,有,1150701~1160630,有,冷氣、熱水器、洗衣機、電視機、冰箱,
鳥松區,租賃房屋,高雄市鳥松區明湖路１００號五樓之３,0.0,,,,1150523,土地0建物1車位0,五層,10,華廈(10層含以下有電梯),住家用,鋼筋混凝土造,0850715,58.23,1,1,1,有,有,有,10000,172,,0.0,0,續租案件；,RPSNMLLJOHLGFIE78CC,獨立套房,有,1150606~1160605,有,冷氣、熱水器、洗衣機、冰箱,社會住宅代管
鳥松區,租賃房屋,高雄市鳥松區松埔北巷２之９０號５樓,0.0,,,,1150527,土地0建物1車位0,五層,15,住宅大樓(11層含以上有電梯),住家用,鋼筋混凝土造,0860204,62.78,1,1,1,有,有,有,10000,159,,0.0,0,管理費:1045租金總額含管理費；,RPTNMLLJOHLGFIE88CC,獨立套房,有,1150601~1160531,有,冷氣、熱水器、洗衣機、電視機、冰箱,社會住宅包租轉租
阿蓮區,租賃房屋,高雄市阿蓮區民生路１３８巷２８弄１６之７號,0.0,,,,1150528,土地0建物1車位0,全,3,透天厝,住家用,鋼筋混凝土造,0830110,145.07,5,1,3,有,無,無,13000,90,,0.0,0,續租案件；,RPPNMLLJOHLGFJE58CC,整棟(戶)出租,無,1150701~1160630,無,熱水器,社會住宅代管
前金區,租賃房屋,高雄市前金區六合二路１４０巷２４號,0.0,,,,1150529,土地0建物1車位0,全,4,透天厝,住家用,鋼筋混凝土造,0850123,123.33,1,1,1,有,無,有,16000,130,,0.0,0,,RPQNMLMJOHLGFAE87CC,獨立套房,無,1150601~1170531,無,冷氣、熱水器、洗衣機、冰箱,
鼓山區,租賃房屋,高雄市鼓山區中華一路２１號５樓之１,0.0,,,,1150527,土地0建物1車位0,五層,5,公寓(5樓含以下無電梯),公寓,鋼筋混凝土造,0730327,111.05,3,2,2,有,無,有,12000,108,,0.0,0,多人共同承租4；,RPRNMLMJOHLGFAE97CC,整棟(戶)出租,無,1150701~1160630,無,冷氣、熱水器、洗衣機、冰箱、瓦斯或天然氣,
鼓山區,租賃房屋,高雄市鼓山區文信路３０８號２６樓,0.0,,,,1150526,土地0建物1車位0,二十六層,29,住宅大樓(11層含以上有電梯),集合住宅,鋼筋混凝土,1141028,98.77,2,1,2,有,有,有,23000,233,,0.0,0,租金總額含管理費；,RPSNMLMJOHLGFAE08CC,分層出租,有,1150601~1160531,有,冷氣、熱水器、洗衣機、電視機、冰箱,
鼓山區,租賃房屋,高雄市鼓山區裕國街３３９號１３樓之１,9.59,住,,,1150524,土地1建物1車位0,十三層,14,住宅大樓(11層含以上有電梯),住家用,鋼筋混凝土造,0931104,80.73,2,1,1,有,有,有,17340,215,,0.0,0,管理費1830元，已於月租金中扣除租賃期間有約定不同租金115年5月24日至115年5月31日為免租金搬遷期，供承租人進房整理及搬遷。；,RPVNMLMJOHLGFAE38CC,整棟(戶)出租,有,1150601~1160531,有,冷氣、熱水器、洗衣機、冰箱、瓦斯或天然氣,
苓雅區,租賃房屋,高雄市苓雅區尚勇路１４號三樓,0.0,,,,1150526,土地0建物1車位0,三層,7,華廈(10層含以下有電梯),集合住宅,鋼筋混凝土造,0691201,58.79,2,1,1,有,有,無,9000,153,,0.0,0,續租案件；,RPQNMLMJOHLGFBE97CC,整棟(戶)出租,無,1150620~1160619,有,冷氣、熱水器、洗衣機,社會住宅代管
苓雅區,租賃房屋,高雄市苓雅區建國一路１２２號五樓,0.0,,,,1150526,土地0建物1車位0,五層,5,公寓(5樓含以下無電梯),,鋼筋混凝土造,0760724,115.07,3,2,2,有,無,有,15000,130,,0.0,0,續租案件；,RPRNMLMJOHLGFBE08CC,整棟(戶)出租,無,1150606~1160605,無,冷氣、熱水器、洗衣機、電視機、冰箱、瓦斯或天然氣,社會住宅代管
新興區,租賃房屋,高雄市新興區復興一路５號,0.0,,,,1150527,土地0建物0車位0,全,3,透天厝,店舖及住宅,加強磚造,0571205,16.52,11,0,11,有,無,有,5100,309,,0.0,0,租金總額含水費；其他租金含第四台；續租案件；,RPSNMLMJOHLGFBE18CC,分租套房,無,1150601~1150831,無,冷氣、熱水器、電視機、冰箱、有線電視,一般代管
苓雅區,租賃房屋,高雄市苓雅區永康街５８號,0.0,,,,1150525,土地0建物0車位0,全,3,透天厝,店舖及住宅,加強磚造,0580106,23.14,7,0,7,有,無,有,7000,303,,0.0,0,租金總額含水費；其他租金含第四台；續租案件；,RPTNMLMJOHLGFBE28CC,分租套房,無,1150701~1160630,無,冷氣、熱水器、電視機、冰箱、有線電視、網路,一般代管
苓雅區,租賃房屋,高雄市苓雅區廣東二街５７號,0.0,,,,1150525,土地0建物0車位0,全,2,透天厝,店舖、住宅,加強磚造,0630528,16.52,15,0,15,有,無,有,7000,424,,0.0,0,租金總額含水費；其他租金含第四台；續租案件；,RPVNMLMJOHLGFBE48CC,分租套房,無,1150701~1160630,有,冷氣、熱水器、電視機、冰箱、有線電視、網路,一般代管
苓雅區,租賃房屋,高雄市苓雅區廣東二街５７號,0.0,,,,1150528,土地0建物0車位0,全,2,透天厝,店舖、住宅,加強磚造,0630528,16.52,15,0,15,有,無,有,7000,424,,0.0,0,租金總額含水費；其他租金含第四台；續租案件；,RPWNMLMJOHLGFBE58CC,分租套房,無,1150701~1160630,有,冷氣、熱水器、電視機、冰箱、有線電視、網路,一般代管
苓雅區,租賃房屋,高雄市苓雅區永康街６０巷２號,0.0,,,,1150525,土地0建物0車位0,全,5,透天厝,住家用,鋼筋混凝土造,1020110,16.52,22,0,22,有,無,有,7500,454,,0.0,0,租金總額含水費；其他租金含第四台；續租案件；,RPXNMLMJOHLGFBE68CC,分租套房,無,1150701~1160630,有,冷氣、熱水器、電視機、冰箱、有線電視、網路,一般代管
苓雅區,租賃房屋,高雄市苓雅區永康街６０巷２號,0.0,,,,1150531,土地0建物0車位0,全,5,透天厝,住家用,鋼筋混凝土造,1020110,16.52,22,0,22,有,無,有,7700,466,,0.0,0,租金總額含水費；其他租金含第四台；續租案件；,RPOOMLMJOHLGFBE87CC,分租套房,無,1150701~1160630,有,冷氣、熱水器、電視機、冰箱、有線電視、網路,一般代管
苓雅區,租賃房屋,高雄市苓雅區永康街６０巷２號,0.0,,,,1150526,土地0建物0車位0,全,5,透天厝,住家用,鋼筋混凝土造,1020110,16.52,22,0,22,有,無,有,7000,424,,0.0,0,租金總額含水費；其他租金含第四台；續租案件；,RPPOMLMJOHLGFBE97CC,分租套房,無,1150601~1151130,有,冷氣、熱水器、電視機、冰箱、有線電視、網路,一般代管
苓雅區,租賃房屋,高雄市苓雅區三多四路１０６之７號９樓之１１,0.0,,,,1150526,土地0建物1車位0,九層,15,住宅大樓(11層含以上有電梯),集合住宅,鋼筋混凝土,1121109,145.3,3,2,2,有,有,有,33500,231,,0.0,0,多人共同承租4；未租賃車位，建物登記含有車位面積；,RPQOMLMJOHLGFBE08CC,整棟(戶)出租,有,1150605~1160604,有,冷氣、熱水器、洗衣機、電視機、冰箱、瓦斯或天然氣,一般轉租
苓雅區,租賃房屋,高雄市苓雅區正義路７９號,0.0,,,,1150524,土地0建物0車位0,全,4,透天厝,,鋼筋混凝土造,0750114,19.83,14,0,14,有,無,有,8000,403,,0.0,0,每月另收公共水電費200元多人共同承租2；租金總額含水費；其他租金含第四台；,RPSOMLMJOHLGFBE28CC,分租套房,無,1150524~1160531,無,冷氣、熱水器、電視機、冰箱、有線電視、網路,一般代管
苓雅區,租賃房屋,高雄市苓雅區四維三路５７巷３７號五樓之１０,0.0,,,,1150526,土地0建物1車位0,五層,12,住宅大樓(11層含以上有電梯),住宅,鋼筋混凝土造,0770915,52.28,1,1,1,有,有,有,12000,230,,0.0,0,,RPTOMLMJOHLGFBE38CC,獨立套房,有,1150605~1160604,有,冷氣、熱水器、洗衣機、電視機、冰箱,社會住宅代管
新興區,租賃房屋,高雄市新興區忠孝一路７巷１１之５號３樓,0.0,,,,1150524,土地0建物1車位0,三層,4,公寓(5樓含以下無電梯),公寓、住宅,鋼筋混凝土造,0590331,117.21,3,1,2,有,無,有,10000,85,,0.0,0,,RPUOMLMJOHLGFBE48CC,整棟(戶)出租,無,1150525~1160524,無,冷氣、熱水器、冰箱、瓦斯或天然氣,社會住宅代管
小港區,租賃房屋,高雄市小港區永順街１６６號１０樓之 １,0.0,,,,1150526,土地0建物1車位0,十層,15,住宅大樓(11層含以上有電梯),集合住宅,鋼筋混凝土造,1060809,81.55,2,1,1,有,有,有,14000,172,,0.0,0,,RPQNMLMJOHLGFCE08CC,整棟(戶)出租,有,1150528~1160527,有,冷氣、熱水器、洗衣機、電視機、冰箱,社會住宅包租轉租
小港區,租賃房屋,高雄市小港區永順街９１之２號十五樓,0.0,,,,1150521,土地0建物1車位0,十五層,15,住宅大樓(11層含以上有電梯),集合住宅,鋼筋混凝土,1100107,109.37,3,1,1,有,有,有,15000,137,,0.0,0,未租賃車位，建物登記含有車位面積；,RPRNMLMJOHLGFCE18CC,整棟(戶)出租,有,1150601~1180531,有,冷氣、熱水器、洗衣機、電視機、冰箱、瓦斯或天然氣,社會住宅代管
前鎮區,租賃房屋,高雄市前鎮區天山路２３號,0.0,,,,1150525,土地0建物0車位0,全,7,透天厝,住家用,鋼筋混凝土,1070115,16.52,49,0,49,有,無,有,7100,430,,0.0,0,其他租金含第四台；續租案件；,RPSNMLMJOHLGFCE28CC,分租套房,無,1150601~1160531,有,冷氣、熱水器、電視機、冰箱、有線電視、網路,一般代管
前鎮區,租賃房屋,高雄市前鎮區和平二路１２７之１號八樓之１６,0.0,,,,1150528,土地0建物1車位0,八層,8,華廈(10層含以下有電梯),集合住宅,鋼筋混凝土,1111027,33.14,1,0,1,有,無,有,8500,256,,0.0,0,,RPTNMLMJOHLGFCE38CC,獨立套房,有,1150528~1160527,有,冷氣、熱水器、洗衣機、冰箱,一般轉租
前鎮區,租賃房屋,高雄市前鎮區天山路２３號,0.0,,,,1150530,土地0建物0車位0,二層,7,華廈(10層含以下有電梯),住家用,鋼筋混凝土,1070115,16.52,49,0,49,有,無,有,6600,400,,0.0,0,其他租金含第四台；,RPUNMLMJOHLGFCE48CC,分租套房,無,1150530~1151130,有,冷氣、熱水器、電視機、冰箱、有線電視、網路,一般代管
前鎮區,租賃房屋,高雄市前鎮區一心二路１８１號１２樓,0.0,,,,1150530,土地0建物1車位0,十二層,29,住宅大樓(11層含以上有電梯),集合住宅,鋼筋混凝土造,1130902,114.4,2,1,2,有,有,有,30000,262,,0.0,0,未租賃車位，建物登記含有車位面積；,RPWNMLMJOHLGFCE68CC,整棟(戶)出租,有,1150621~1160620,有,冷氣、洗衣機、電視機、冰箱,一般代管
前鎮區,租賃房屋,高雄市前鎮區三多三路２１１號２樓,41.0,商,,,1150529,土地1建物1車位0,二層,4,公寓(5樓含以下無電梯),店舖及住宅,鋼筋混凝土造,0640505,251.91,0,0,0,無,無,無,55000,218,,0.0,0,租賃期間有約定不同租金115/03/01至115/05/31為裝潢期，等承租方之商號設立完成才進行公證簽約。；,RPOOMLMJOHLGFCE97CC,,無,1150301~1250229,無,,
三民區,租賃房屋,高雄市三民區建國三路８３號九樓之６,0.0,,,,1150525,土地0建物1車位0,九層,12,住宅大樓(11層含以上有電梯),集合住宅,鋼筋混凝土造,0791227,31.36,1,0,1,有,有,有,6500,207,,0.0,0,續租案件；,RPPNMLMJOHLGFDE08CC,獨立套房,有,1150614~1160613,有,冷氣、熱水器、冰箱,社會住宅代管
三民區,租賃房屋,高雄市三民區鼎新路１９９巷１號７樓之１６,0.0,,,,1150526,土地0建物1車位0,七層,13,住宅大樓(11層含以上有電梯),商業用,鋼筋混凝土造,0970514,16.94,1,0,1,有,有,有,5200,307,,0.0,0,含增建或未登記建物；續租案件；,RPQNMLMJOHLGFDE18CC,獨立套房,有,1150701~1160630,有,冷氣、熱水器、電視機、冰箱、網路,一般代管
三民區,租賃房屋,高雄市三民區有光路１３３之３號,0.0,,,,1150527,土地0建物1車位0,四層,5,公寓(5樓含以下無電梯),公寓,鋼筋混凝土造,0690110,102.42,3,1,1,有,無,有,11000,107,,0.0,0,續租案件；,RPRNMLMJOHLGFDE28CC,整棟(戶)出租,無,1150620~1160619,無,冷氣、熱水器、瓦斯或天然氣,社會住宅代管
三民區,租賃房屋,高雄市三民區同盟一路９１號２樓之１０,0.0,,,,1150523,土地0建物1車位0,十二層,15,住宅大樓(11層含以上有電梯),集合住宅,鋼筋混凝土,1111013,94.94,2,1,1,有,有,無,24000,253,,0.0,0,未租賃車位，建物登記含有車位面積；,RPSNMLMJOHLGFDE38CC,整棟(戶)出租,有,1150601~1170531,有,冷氣、熱水器、洗衣機、冰箱、瓦斯或天然氣,
三民區,租賃房屋,高雄市三民區建國三路４３７號３樓之１,0.0,,,,1150529,土地0建物0車位0,三層,12,住宅大樓(11層含以上有電梯),商業用,鋼筋混凝土造,0820227,23.14,4,0,4,有,有,有,9500,411,,0.0,0,租金總額含水費；其他租金含第四台；租賃建物部分範圍，且未計入共有部分面積；續租案件；,RPUNMLMJOHLGFDE58CC,分租套房,有,1150601~1160531,有,冷氣、熱水器、電視機、冰箱、有線電視、網路,一般代管
三民區,租賃房屋,高雄市三民區綏遠二街６４號,0.0,,,,1150527,土地0建物0車位0,全,2,透天厝,,加強磚造,0631028,16.52,28,0,28,有,無,有,6300,381,,0.0,0,租金總額含水費；其他租金含第四台；續租案件；,RPXNMLMJOHLGFDE88CC,分租套房,無,1150701~1151231,無,冷氣、熱水器、電視機、冰箱、有線電視、網路,一般代管
三民區,租賃房屋,高雄市三民區重慶街７巷１９號,0.0,,,,1150530,土地0建物0車位0,全,3,透天厝,住家用,加強磚造,0520430,13.22,11,0,11,有,無,有,5300,401,,0.0,0,續租案件；,RPOOMLMJOHLGFDE08CC,分租套房,無,1150701~1160630,無,冷氣、熱水器、電視機、冰箱,一般代管
三民區,租賃房屋,高雄市三民區重慶街７巷１９號,0.0,,,,1150526,土地0建物0車位0,全,3,透天厝,住家用,加強磚造,0520430,13.22,11,0,11,有,無,有,6000,454,,0.0,0,租金總額含水費；續租案件；,RPPOMLMJOHLGFDE18CC,分租套房,無,1150701~1150831,無,冷氣、熱水器、電視機、冰箱,一般代管
三民區,租賃房屋,高雄市三民區建德路１００號,0.0,,,,1150531,土地0建物0車位0,全,4,透天厝,店舖、住宅,鋼筋混凝土造,0690111,16.5,7,0,8,有,無,有,7500,455,,0.0,0,,RPQOMLMJOHLGFDE28CC,分租套房,無,1150617~1160616,無,冷氣、熱水器、洗衣機、冰箱、網路,一般轉租
三民區,租賃房屋,高雄市三民區民族一路８８２號７樓,0.0,,,,1150526,土地0建物0車位0,七層,18,住宅大樓(11層含以上有電梯),住家用,鋼筋混凝土造,0821006,13.22,6,1,4,有,有,有,5000,378,,0.0,0,每月另收公共水電費100元租金總額含水費；其他租金含第四台；租賃建物部分範圍，且未計入共有部分面積；續租案件；,RPROMLMJOHLGFDE38CC,分租雅房,有,1150701~1160331,有,冷氣、熱水器、電視機、冰箱、有線電視、網路,一般代管
三民區,租賃房屋,高雄市三民區建德路１００號,0.0,,,,1150531,土地0建物0車位0,全,4,透天厝,店舖、住宅,鋼筋混凝土造,0690111,16.5,7,0,8,有,無,有,8000,485,,0.0,0,,RPTOMLMJOHLGFDE58CC,分租套房,無,1150612~1160611,無,冷氣、熱水器、洗衣機、冰箱、網路,一般轉租
三民區,租賃房屋,高雄市三民區皓東路１６９巷３號,0.0,,,,1150531,土地0建物0車位0,全,3,透天厝,,鋼筋混凝土造,0671127,19.83,7,0,7,有,無,有,7600,383,,0.0,0,每月另收網路費200元、公共區域清潔費200元、公共水電費100元,RPVOMLMJOHLGFDE78CC,分租套房,無,1150531~1160531,無,冷氣、熱水器、電視機、冰箱、有線電視、網路,一般代管
三民區,租賃房屋,高雄市三民區民族一路１００巷６４之４號,0.0,,,,1150523,土地0建物1車位0,五層,5,公寓(5樓含以下無電梯),公寓,鋼筋混凝土造,0691003,79.9,3,2,2,有,無,有,14000,175,,0.0,0,多人共同承租2；,RPOPMLMJOHLGFDE18CC,整棟(戶)出租,無,1150601~1160531,無,冷氣、熱水器、洗衣機、冰箱、瓦斯或天然氣、網路,
三民區,租賃房屋,高雄市三民區建國二路２２號八樓之４,0.0,,,,1150522,土地0建物1車位0,八層,12,住宅大樓(11層含以上有電梯),住家用,鋼筋混凝土造,0840214,32.21,1,0,1,有,有,有,6300,196,,0.0,0,,RPPPMLMJOHLGFDE28CC,獨立套房,有,1150615~1170614,有,冷氣、熱水器、洗衣機、電視機、冰箱,社會住宅包租轉租
三民區,租賃房屋,高雄市三民區南台路１９５巷１３號八樓之１６,0.0,,,,1150526,土地0建物1車位0,八層,25,住宅大樓(11層含以上有電梯),住家用,鋼骨鋼筋混凝土造,0870929,38.66,1,0,1,有,有,有,9200,238,,0.0,0,,RPQPMLMJOHLGFDE38CC,獨立套房,有,1150601~1160531,有,冷氣、熱水器、洗衣機、電視機、冰箱,社會住宅代管
三民區,租賃房屋+車位,高雄市三民區自立一路４１７號１９樓,0.0,,,,1150525,土地0建物1車位1,十九層,31,住宅大樓(11層含以上有電梯),集合住宅,鋼筋混凝土造,1140422,151.68,2,1,2,有,有,有,35000,231,坡道平面,24.64,0,承租方有養一隻寵物狗，如有損毀任何傢俱，需照價賠償。機車位第188號。租金總額含管理費；,RPTPMLMJOHLGFDE68CC,整棟(戶)出租,有,1150525~1160531,有,冷氣、熱水器、洗衣機、電視機、冰箱、瓦斯或天然氣,
三民區,租賃房屋,高雄市三民區順昌街７８號十一樓之９,0.0,,,,1150528,土地0建物1車位0,十一層,12,住宅大樓(11層含以上有電梯),集合住宅,鋼筋混凝土造,0701222,45.06,2,1,1,有,有,有,7000,155,,0.0,0,,RPUPMLMJOHLGFDE78CC,整棟(戶)出租,有,1150601~1160531,有,冷氣、熱水器,社會住宅代管
三民區,租賃房屋,高雄市三民區三德西街４７號３樓,0.0,,,,1150528,土地0建物1車位0,三層,5,公寓(5樓含以下無電梯),集合住宅,鋼筋混凝土造,0720627,98.78999999999999,3,1,2,有,無,無,19000,192,,0.0,0,,RPVPMLMJOHLGFDE88CC,整棟(戶)出租,無,1150701~1170630,無,冷氣、熱水器,
楠梓區,租賃房屋,高雄市楠梓區安泰街１８２巷１號４樓之１２,0.0,,,,1150529,土地0建物1車位0,四層,10,華廈(10層含以下有電梯),見使用執照,見使用執照,0930413,26.509999999999998,1,0,1,有,有,有,5500,207,,0.0,0,含增建或未登記建物；續租案件；,RPPNMLMJOHLGFEE18CC,獨立套房,有,1150623~1160622,有,冷氣、熱水器、電視機、冰箱、網路,一般代管
楠梓區,租賃房屋,高雄市楠梓區興楠路３５５巷８５號七樓之１９,0.0,,,,1150531,土地0建物1車位0,七層,13,住宅大樓(11層含以上有電梯),辦公室,鋼筋混凝土造,0960604,15.18,1,0,1,有,有,有,4200,277,,0.0,0,含增建或未登記建物；續租案件；,RPRNMLMJOHLGFEE38CC,獨立套房,有,1150801~1160731,有,冷氣、熱水器、電視機、冰箱、網路,一般代管
左營區,租賃房屋,高雄市左營區新南街９０號１０樓,0.0,,,,1150526,土地0建物1車位0,十層,15,住宅大樓(11層含以上有電梯),住家用,鋼筋混凝土造,1000927,117.43,2,2,1,有,有,無,18500,158,,0.0,0,未租賃車位，建物登記含有車位面積；,RPUNMLMJOHLGFEE68CC,整棟(戶)出租,有,1150615~1160614,有,冷氣、熱水器、洗衣機、電視機、冰箱、瓦斯或天然氣,
左營區,租賃房屋,高雄市左營區重信路４５６號１０樓,0.0,,,,1150525,土地0建物1車位0,十層,14,住宅大樓(11層含以上有電梯),住家用,鋼筋混凝土結構造,0880916,124.71000000000001,3,2,2,有,有,無,19000,152,,0.0,0,多人共同承租2；,RPVNMLMJOHLGFEE78CC,整棟(戶)出租,有,1150601~1160531,有,冷氣、熱水器、瓦斯或天然氣,
楠梓區,租賃房屋,高雄市楠梓區後昌路１０７８號５樓之２,0.0,,,,1150530,土地0建物0車位0,五層,5,公寓(5樓含以下無電梯),住宅,鋼筋混凝土造,0700803,39.67,4,2,4,有,無,有,16000,403,,0.0,0,承租人負擔清潔費500/月租金總額含水費；網路費；其他第四台；,RPXNMLMJOHLGFEE98CC,分租套房,無,1150601~1160531,無,冷氣、熱水器、洗衣機、電視機、冰箱、有線電視、網路,一般代管
左營區,租賃房屋,高雄市左營區大中二路７１１巷８號１５樓之８,0.0,,,,1150526,土地0建物1車位0,十五層,15,住宅大樓(11層含以上有電梯),集合住宅,鋼筋混凝土,1140623,94.35,2,1,1,有,有,有,19500,207,,0.0,0,1150527-1150531-為免租搬遷期租金總額含管理費；未租賃車位，建物登記含有車位面積；,RPPOMLMJOHLGFEE28CC,整棟(戶)出租,有,1150601~1160531,有,冷氣、熱水器、洗衣機、電視機、冰箱,
左營區,租賃房屋,高雄市左營區大中二路７１１巷８號８樓之７,0.0,,,,1150528,土地0建物1車位0,八層,15,住宅大樓(11層含以上有電梯),集合住宅,鋼筋混凝土,1140623,98.34,2,1,1,有,有,有,19000,193,,0.0,0,1150529-1150531為免租搬遷期租金總額含管理費；未租賃車位，建物登記含有車位面積；,RPQOMLMJOHLGFEE38CC,整棟(戶)出租,有,1150601~1160531,有,冷氣、熱水器、洗衣機、電視機、冰箱,
楠梓區,租賃房屋,高雄市楠梓區青農路５８巷１號三樓,0.0,,,,1150521,土地0建物1車位0,三層,8,華廈(10層含以下有電梯),住家用,鋼筋混凝土造,0831111,99.58000000000001,3,2,2,有,有,有,15000,151,,0.0,0,多人共同承租2；,RPROMLMJOHLGFEE48CC,整棟(戶)出租,無,1150601~1170531,有,冷氣、熱水器、瓦斯或天然氣,
楠梓區,租賃房屋,高雄市楠梓區青田街１０巷２號,0.0,,,,1150526,土地0建物0車位0,全,3,透天厝,住家用,鋼筋混凝土造,0780308,16.52,7,0,7,有,無,有,7000,424,,0.0,0,租金總額含水費；,RPSOMLMJOHLGFEE58CC,分租套房,無,1150526~1160531,無,冷氣、熱水器、電視機、冰箱、有線電視、網路,一般轉租
左營區,租賃房屋,高雄市左營區文川路１９１號,0.0,,,,1150521,土地0建物1車位0,一層,15,店面(店鋪),住商用,鋼筋混凝土造,0950410,221.87,2,2,2,有,有,無,80000,361,,0.0,0,租金總額含稅；管理費；,RPTOMLMJOHLGFEE68CC,,有,1150601~1170531,有,瓦斯或天然氣,
楠梓區,租賃房屋+車位,高雄市楠梓區惠正街２４７號９樓,0.0,,,,1150525,土地0建物1車位1,九層,13,住宅大樓(11層含以上有電梯),集合住宅,鋼筋混凝土,1120428,103.74,2,1,1,有,有,有,20000,193,坡道平面,18.0,0,多人共同承租2；,RPUOMLMJOHLGFEE78CC,整棟(戶)出租,有,1150525~1170129,有,冷氣、洗衣機、電視機、冰箱、瓦斯或天然氣,
楠梓區,租賃房屋+車位,高雄市楠梓區惠正街２５７號１２樓,0.0,,,,1150527,土地0建物1車位1,十二層,13,住宅大樓(11層含以上有電梯),集合住宅,鋼筋混凝土,1120428,92.0,2,1,1,有,有,有,19500,212,坡道平面,18.0,0,多人共同承租2；,RPVOMLMJOHLGFEE88CC,整棟(戶)出租,有,1150527~1170531,有,冷氣、熱水器、洗衣機、電視機、冰箱、瓦斯或天然氣,
楠梓區,租賃房屋,高雄市楠梓區興楠橫巷１之１１號,0.0,,,,1150530,土地0建物0車位0,全,3,透天厝,,鋼筋混凝土造,0700708,15.92,8,8,8,有,無,有,12000,754,,0.0,0,,RPWOMLMJOHLGFEE98CC,分租套房,無,1150601~1160531,無,冷氣、熱水器、洗衣機、電視機、冰箱、有線電視、網路,一般代管
楠梓區,租賃房屋,高雄市楠梓區興楠橫巷１之１１號,0.0,,,,1150530,土地0建物0車位0,全,3,透天厝,,鋼筋混凝土造,0700708,15.92,8,8,8,有,無,有,11000,691,,0.0,0,續租案件；,RPOPMLMJOHLGFEE28CC,分租套房,無,1150601~1150731,無,冷氣、熱水器、洗衣機、電視機、冰箱、有線電視、網路,一般代管
左營區,租賃房屋,高雄市左營區華夏路１０５３號１樓,0.0,,,,1150528,土地0建物1車位0,全,5,透天厝,住商用,鋼筋混凝土造,0871204,53.42,0,0,0,無,無,無,26500,496,,0.0,0,租金總額含稅；,RPPPMLMJOHLGFEE38CC,,無,1150701~1170630,無,,
楠梓區,租賃房屋,高雄市楠梓區興楠橫巷１８之３號,0.0,,,,1150525,土地0建物1車位0,全,2,透天厝,住宅,加強磚造,0741206,90.89,3,2,2,有,無,無,15000,165,,0.0,0,續租案件；,RPQPMLMJOHLGFEE48CC,整棟(戶)出租,無,1150601~1160531,無,熱水器,社會住宅代管
左營區,租賃房屋,高雄市左營區立大路５０巷１７弄９號十二樓之１,0.0,,,,1150526,土地0建物1車位0,十二層,12,住宅大樓(11層含以上有電梯),住家用,鋼筋混凝土造,0830902,141.72,3,2,2,有,有,有,14000,99,,0.0,0,續租案件；,RPSPMLMJOHLGFEE68CC,整棟(戶)出租,有,1150615~1160614,有,冷氣、熱水器、冰箱、瓦斯或天然氣,社會住宅包租轉租
左營區,租賃房屋,高雄市左營區榮總路１４１巷２９號１１樓之２,0.0,,,,1150528,土地0建物1車位0,十一層,14,住宅大樓(11層含以上有電梯),住家用,鋼筋混凝土造,0870319,111.97,2,2,2,有,有,有,19000,170,,0.0,0,多人共同承租2；,RPWPMLMJOHLGFEE09CC,整棟(戶)出租,有,1150601~1160531,有,冷氣、熱水器、冰箱、瓦斯或天然氣,
鳳山區,租賃房屋,高雄市鳳山區南光街４３巷１２號,0.0,,,,1150527,土地0建物1車位0,全,2,透天厝,住家用,加強磚造,0600601,83.58,4,2,2,有,無,無,14000,168,,0.0,0,續租案件；,RPPNMLMJOHLGFGE38CC,整棟(戶)出租,無,1150616~1160508,無,熱水器、瓦斯或天然氣,社會住宅代管
鳳山區,租賃房屋+車位,高雄市鳳山區北文街２０號８樓,0.0,,,,1150529,土地0建物1車位1,八層,15,住宅大樓(11層含以上有電梯),集合住宅,鋼筋混凝土,1140924,168.07,4,2,2,有,有,無,30000,178,坡道平面,28.4,0,,RPQNMLMJOHLGFGE48CC,整棟(戶)出租,有,1150611~1160610,有,冷氣,
鳳山區,租賃房屋,高雄市鳳山區三民路１８號,0.0,,,,1150526,土地0建物0車位0,見其他登記事項,15,住宅大樓(11層含以上有電梯),店舖,鋼筋混凝土造,1100104,18.46,5,0,5,有,有,有,10000,542,,0.0,0,每月另收100元垃圾處理費租金總額含水費；其他租金含第四台；租賃建物部分範圍，且未計入共有部分面積；續租案件；,RPTNMLMJOHLGFGE78CC,分租套房,有,1150601~1160531,有,冷氣、熱水器、電視機、冰箱、有線電視、網路,一般代管
鳳山區,租賃房屋,高雄市鳳山區八德路２９６巷３０之１號五樓,0.0,,,,1150527,土地0建物1車位0,五層,15,住宅大樓(11層含以上有電梯),集合住宅,鋼筋混凝土,1061229,83.27,2,1,1,有,有,有,19000,228,,0.0,0,,RPUNMLMJOHLGFGE88CC,整棟(戶)出租,有,1150530~1160529,有,冷氣、熱水器、洗衣機、電視機、冰箱、瓦斯或天然氣,社會住宅代管
鳳山區,租賃房屋,高雄市鳳山區立德街１１４之２號,0.0,,,,1150526,土地0建物1車位0,三層,5,公寓(5樓含以下無電梯),住家用,鋼筋混凝土造,0721116,81.06,3,2,2,有,無,無,10300,127,,0.0,0,,RPVOMLMJOHLGFGE09CC,整棟(戶)出租,無,1150530~1160930,無,冷氣、熱水器、瓦斯或天然氣,社會住宅包租轉租
鳳山區,租賃房屋,高雄市鳳山區天興街１９５號六樓,0.0,,,,1150526,土地0建物1車位0,六層,6,華廈(10層含以下有電梯),住家用,鋼筋混凝土造,0870824,110.85000000000001,3,1,2,有,有,有,13000,117,,0.0,0,續租案件；,RPWOMLMJOHLGFGE56CC,整棟(戶)出租,無,1150615~1160614,有,冷氣、熱水器、瓦斯或天然氣,社會住宅代管
仁武區,租賃房屋+車位,高雄市仁武區京吉二路５２號４樓,0.0,,,,1150522,土地0建物1車位1,四層,15,住宅大樓(11層含以上有電梯),集合住宅,鋼筋混凝土,1141013,107.74,2,2,1,有,有,有,19800,184,坡道平面,17.75,0,,RPPNMLMJOHLGFIE58CC,整棟(戶)出租,有,1150605~1160604,有,冷氣、熱水器、瓦斯或天然氣,
大社區,租賃房屋,高雄市大社區萬金路１７８之１６號,0.0,,,,1150525,土地0建物1車位0,全,4,透天厝,住商用,鋼筋混凝土造,0840126,179.51,4,2,3,有,無,有,26000,145,,0.0,0,多人共同承租4；,RPQNMLMJOHLGFIE68CC,整棟(戶)出租,無,1150608~1160607,無,冷氣、熱水器、洗衣機、電視機、瓦斯或天然氣,
鳥松區,租賃房屋,高雄市鳥松區松埔北巷２之９１號９樓,0.0,,,,1150531,土地0建物1車位0,九層,15,住宅大樓(11層含以上有電梯),住家用,鋼筋混凝土造,0860204,63.53,1,1,1,有,有,有,13000,205,,0.0,0,租金總額含管理費；,RPUNMLMJOHLGFIE09CC,整棟(戶)出租,有,1150601~1160531,有,冷氣、洗衣機、電視機、冰箱,
湖內區,租賃房屋,高雄市湖內區信義路１２７號,0.0,,,,1150530,土地0建物0車位0,全,3,透天厝,住家用,加強磚造,0640701,23.15,11,0,10,有,無,無,7000,302,,0.0,0,,RPPNMLMJOHLGFJE68CC,分租套房,無,1150601~1160531,無,冷氣、冰箱,
大寮區,租賃房屋,高雄市大寮區崇聖路２０號２樓之６,0.0,,,,1150528,土地0建物1車位0,二層,6,華廈(10層含以下有電梯),辦公室,鋼筋混凝土造,0971219,22.48,1,0,1,有,有,有,5400,240,,0.0,0,含增建或未登記建物；續租案件；,RPPNMLMJOHLGFLE88CC,獨立套房,有,1150601~1151130,有,冷氣、熱水器、電視機、冰箱、網路,一般代管
大寮區,租賃房屋,高雄市大寮區崇聖路２０號４樓之１,0.0,,,,1150527,土地0建物1車位0,四層,6,華廈(10層含以下有電梯),辦公室,鋼筋混凝土造,0971219,16.689999999999998,1,0,1,有,有,有,4500,270,,0.0,0,含增建或未登記建物；續租案件；,RPQNMLMJOHLGFLE98CC,獨立套房,有,1150624~1151223,有,冷氣、熱水器、電視機、冰箱、網路,一般代管
大寮區,租賃房屋,高雄市大寮區崇聖路１６號三樓之７,0.0,,,,1150525,土地0建物1車位0,三層,5,華廈(10層含以下有電梯),集合住宅,鋼筋混凝土造,1050201,13.719999999999999,1,0,1,有,有,有,4500,328,,0.0,0,含增建或未登記建物；續租案件；,RPRNMLMJOHLGFLE09CC,獨立套房,有,1150604~1160603,有,冷氣、熱水器、電視機、冰箱、網路,一般代管
前金區,租賃房屋,高雄市前金區六合二路１５１巷２號九樓,0.0,,,,1150527,土地0建物1車位0,九層,15,住宅大樓(11層含以上有電梯),集合住宅,鋼筋混凝土,1070712,99.69000000000001,2,1,1,有,有,有,19000,191,,0.0,0,,RPRNMLNJOHLGFAE08CC,整棟(戶)出租,有,1150601~1160531,有,冷氣、熱水器、洗衣機、電視機、冰箱、瓦斯或天然氣,社會住宅代管
鼓山區,租賃房屋,高雄市鼓山區登山街３３號五樓,0.0,,,,1150531,土地0建物1車位0,五層,5,公寓(5樓含以下無電梯),住家用,鋼筋混凝土造,0760410,64.17,2,1,2,有,無,有,12000,187,,0.0,0,多人共同承租3；,RPSNMLNJOHLGFAE18CC,整棟(戶)出租,無,1150601~1160531,無,冷氣、熱水器、洗衣機、電視機、冰箱,社會住宅代管
鼓山區,租賃房屋,高雄市鼓山區中華一路７３之５號、７５號,0.0,,,,1150526,土地0建物1車位0,全,5,透天厝,店舖、住宅,鋼筋混凝土造,0750205,341.46000000000004,0,0,2,有,無,無,73000,214,,0.0,0,租賃物標示及使用範圍：高雄市鼓山區中華一路73之5整棟全部、高雄市鼓山區中華一路75號1樓部分範圍使用範圍詳如附圖,RPUNMLNJOHLGFAE38CC,,無,1150801~1160731,無,冷氣、熱水器,
鼓山區,租賃房屋+車位,高雄市鼓山區大順一路４５７號４樓之１,0.0,,,,1150527,土地0建物1車位1,四層,15,住宅大樓(11層含以上有電梯),住家用,鋼筋混凝土造,0960402,142.67,2,2,2,有,有,有,23000,161,坡道機械,8.15,0,多人共同承租2；,RPVNMLNJOHLGFAE48CC,整棟(戶)出租,有,1150527~1160531,有,冷氣、熱水器、洗衣機、電視機、冰箱,
鼓山區,租賃房屋,高雄市鼓山區青海路５９號十五樓,0.0,,,,1150526,土地0建物1車位0,十五層,24,住宅大樓(11層含以上有電梯),住家用,鋼筋混凝土造,1020619,222.5,3,2,2,有,有,有,42000,189,,0.0,0,租金總額含管理費；未租賃車位，建物登記含有車位面積；,RPPOMLNJOHLGFAE97CC,整棟(戶)出租,有,1150701~1170630,有,冷氣、熱水器、洗衣機、電視機、冰箱、瓦斯或天然氣、有線電視,
苓雅區,租賃房屋,高雄市苓雅區身修路３號２樓,0.0,,,,1150526,土地0建物1車位0,二層,5,公寓(5樓含以下無電梯),公寓,鋼筋混凝土造,0700704,90.39,3,2,2,有,無,有,17000,188,,0.0,0,,RPTNMLNJOHLGFBE38CC,整棟(戶)出租,無,1150605~1160604,無,冷氣、熱水器、洗衣機、瓦斯或天然氣,社會住宅包租轉租
苓雅區,租賃房屋,高雄市苓雅區樂仁路１１之２號,39.18,住,,,1150529,土地1建物1車位0,三層,5,公寓(5樓含以下無電梯),,鋼筋混凝土造,0680726,100.86,3,2,2,有,無,無,17000,169,,0.0,0,,RPVNMLNJOHLGFBE58CC,整棟(戶)出租,無,1150701~1180630,無,熱水器、瓦斯或天然氣,
苓雅區,租賃房屋,高雄市苓雅區學源街１０之３號,0.0,,,,1150527,土地0建物1車位0,四層,5,公寓(5樓含以下無電梯),,鋼筋混凝土造,0680806,66.23,2,1,1,有,無,有,12000,181,,0.0,0,,RPXNMLNJOHLGFBE78CC,整棟(戶)出租,無,1150601~1160531,無,冷氣、熱水器、瓦斯或天然氣,社會住宅代管
苓雅區,租賃房屋,高雄市苓雅區凱旋三路５０５巷３弄２號,0.0,,,,1150527,土地0建物1車位0,一層,5,公寓(5樓含以下無電梯),公寓,鋼筋混凝土造,0680227,61.66,3,2,2,有,無,有,19000,308,,0.0,0,1150528至1150604為搬遷期，不算租金,RPQOMLNJOHLGFBE18CC,整棟(戶)出租,無,1150605~1160604,無,冷氣、熱水器、洗衣機、瓦斯或天然氣,
苓雅區,租賃房屋,高雄市苓雅區三多四路６２號１９樓之３,0.0,,,,1150529,土地0建物1車位0,十九層,28,住宅大樓(11層含以上有電梯),集合住宅,鋼筋混凝土,1140829,97.78999999999999,2,1,2,有,有,無,23000,235,,0.0,0,,RPROMLNJOHLGFBE28CC,整棟(戶)出租,有,1150610~1160609,有,,
新興區,租賃房屋,高雄市新興區七賢二路２１號１２樓之３,0.0,,,,1150527,土地0建物1車位0,十二層,12,住宅大樓(11層含以上有電梯),住家用,鋼筋混凝土造,0850622,30.22,1,1,1,有,有,無,10000,331,,0.0,0,租金總額含管理費；,RPVOMLNJOHLGFBE68CC,獨立套房,有,1150605~1160604,有,冷氣、熱水器、洗衣機、電視機、冰箱,
小港區,租賃房屋+車位,高雄市小港區廈莊五街９７號十樓,0.0,,,,1150528,土地0建物1車位1,十層,27,住宅大樓(11層含以上有電梯),集合住宅,鋼筋混凝土,1111226,99.77000000000001,2,1,1,有,有,有,18500,200,升降機械,14.75,1500,,RPPNMLNJOHLGFCE08CC,整棟(戶)出租,有,1150601~1160531,有,冷氣、熱水器、洗衣機、電視機、冰箱、瓦斯或天然氣,社會住宅代管
三民區,租賃房屋,高雄市三民區愛國路９９號９樓之８,0.0,,,,1150524,土地0建物1車位0,九層,10,華廈(10層含以下有電梯),商業用,鋼筋混凝土造,0950726,14.59,1,0,1,有,有,有,4200,288,,0.0,0,含增建或未登記建物；,RPQNMLNJOHLGFDE28CC,獨立套房,有,1150527~1151126,有,冷氣、熱水器、電視機、冰箱、網路,一般代管
三民區,租賃房屋,高雄市三民區愛國路９９號７樓之２７,0.0,,,,1150530,土地0建物1車位0,七層,10,華廈(10層含以下有電梯),商業用,鋼筋混凝土造,0950726,15.95,1,0,1,有,有,有,4800,301,,0.0,0,含增建或未登記建物；,RPSNMLNJOHLGFDE48CC,獨立套房,有,1150601~1151130,有,冷氣、熱水器、電視機、冰箱、網路,一般代管
三民區,租賃房屋,高雄市三民區陽明路７８號五樓,0.0,,,,1150527,土地0建物1車位0,五層,5,公寓(5樓含以下無電梯),,鋼筋混凝土造,0730114,109.50999999999999,3,2,2,有,無,有,5000,46,,0.0,0,社會住宅，水電費 瓦斯費 由承租人負擔續租案件；,RPTNMLNJOHLGFDE58CC,整棟(戶)出租,無,1150601~1160531,無,冷氣、熱水器、洗衣機、電視機、冰箱、瓦斯或天然氣,社會住宅代管
三民區,租賃房屋,高雄市三民區九如二路６１２巷２號十樓,0.0,,,,1150526,土地0建物1車位0,十層,12,住宅大樓(11層含以上有電梯),公寓,鋼筋混凝土造,0740510,140.41,3,2,2,有,有,有,13000,93,,0.0,0,續租案件；,RPUNMLNJOHLGFDE68CC,整棟(戶)出租,有,1150701~1160630,有,冷氣、熱水器、洗衣機、電視機、瓦斯或天然氣,社會住宅代管
三民區,租賃房屋,高雄市三民區博愛一路１６７號三樓,0.0,,,,1150528,土地0建物1車位0,三層,35,住宅大樓(11層含以上有電梯),集合住宅,鋼骨鋼筋混凝土、鋼筋混凝土、鋼骨造,1140326,80.96,1,1,1,有,有,有,19000,235,,0.0,0,社會住宅，管理費1500元，水電費由承租人負擔,RPVNMLNJOHLGFDE78CC,獨立套房,有,1150601~1160531,有,冷氣、熱水器、洗衣機、電視機、冰箱,社會住宅包租轉租
三民區,租賃房屋,高雄市三民區建國二路１６號五樓之１０,0.0,,,,1150527,土地0建物1車位0,五層,12,住宅大樓(11層含以上有電梯),集合住宅,鋼筋混凝土造,0690721,25.41,1,0,1,有,有,有,7200,283,,0.0,0,,RPWNMLNJOHLGFDE88CC,獨立套房,有,1150601~1160531,有,冷氣、熱水器、洗衣機、電視機、冰箱、網路,社會住宅包租轉租
三民區,租賃房屋,高雄市三民區南台路１９５巷１３號九樓之６,0.0,,,,1150527,土地0建物1車位0,九層,25,住宅大樓(11層含以上有電梯),商業用,鋼骨鋼筋混凝土造,0870929,51.64,1,1,1,有,有,有,11500,223,,0.0,0,社會住宅，管理費1000元，水電費 由承租人負擔未租賃車位，建物登記含有車位面積；續租案件；,RPXNMLNJOHLGFDE98CC,獨立套房,有,1150605~1170604,有,冷氣、熱水器、洗衣機、冰箱,社會住宅包租轉租
三民區,租賃房屋,高雄市三民區長明街１９號五樓之３,0.0,,,,1150527,土地0建物1車位0,五層,12,住宅大樓(11層含以上有電梯),住家用,鋼筋混凝土造,0840214,33.949999999999996,1,0,1,有,有,有,5300,156,,0.0,0,,RPOOMLNJOHLGFDE18CC,獨立套房,有,1150615~1160614,有,冷氣、熱水器、洗衣機、電視機、冰箱,社會住宅包租轉租
三民區,租賃房屋,高雄市三民區民族一路１３號三樓之六,0.0,,,,1150528,土地0建物1車位0,三層,12,住宅大樓(11層含以上有電梯),,鋼筋混凝土造,0710705,29.7,1,0,1,有,有,有,13500,455,,0.0,0,租金總額含管理費；,RPPOMLNJOHLGFDE28CC,整棟(戶)出租,有,1150620~1160619,有,冷氣、熱水器、洗衣機、電視機、冰箱,一般代管
三民區,租賃房屋,高雄市三民區鼎祥街４７之２號四樓,0.0,,,,1150526,土地0建物1車位0,四層,7,華廈(10層含以下有電梯),住家用,鋼筋混凝土造,0851126,111.61000000000001,3,2,2,有,有,無,9000,81,,0.0,0,續租案件；,RPQOMLNJOHLGFDE38CC,整棟(戶)出租,無,1150615~1160614,有,,社會住宅包租轉租
三民區,租賃房屋,高雄市三民區義華路４２１巷３之１號五樓,0.0,,,,1150528,土地0建物1車位0,五層,14,住宅大樓(11層含以上有電梯),住家用,鋼筋混凝土造,0900322,80.57,2,1,1,有,有,有,13500,168,,0.0,0,,RPROMLNJOHLGFDE48CC,整棟(戶)出租,有,1150601~1160531,有,冷氣、熱水器、洗衣機、電視機、冰箱、瓦斯或天然氣,社會住宅包租轉租
三民區,租賃房屋,高雄市三民區教仁路７８號九樓之１,0.0,,,,1150529,土地0建物1車位0,九層,16,住宅大樓(11層含以上有電梯),住家用,鋼筋混凝土造,0850712,141.49,4,2,2,有,有,無,17000,120,,0.0,0,,RPTOMLNJOHLGFDE68CC,整棟(戶)出租,有,1150601~1160531,有,熱水器、瓦斯或天然氣,社會住宅包租轉租
三民區,租賃房屋+車位,高雄市三民區博愛一路１７３號２１樓,0.0,,,,1150527,土地0建物1車位1,二十一層,35,住宅大樓(11層含以上有電梯),集合住宅,鋼骨鋼筋混凝土、鋼筋混凝土、鋼骨造,1140326,113.01,3,2,2,有,有,有,34000,301,坡道機械,9.97,0,多人共同承租3；租金總額含管理費；網路費；其他管理費2026停車位清潔費500元；,RPUOMLNJOHLGFDE78CC,整棟(戶)出租,有,1150615~1160614,有,冷氣、熱水器、洗衣機、電視機、冰箱、網路,
三民區,租賃房屋,高雄市三民區義華路３９３號十三樓,0.0,,,,1150531,土地0建物1車位0,十三層,14,住宅大樓(11層含以上有電梯),住家用,鋼筋混凝土造,0900322,119.39,2,2,2,有,有,有,15000,126,,0.0,0,,RPVOMLNJOHLGFDE88CC,整棟(戶)出租,有,1150601~1160531,有,冷氣、熱水器、洗衣機、電視機、冰箱、瓦斯或天然氣,社會住宅代管
三民區,租賃房屋,高雄市三民區建興路２１號七樓之２,0.0,,,,1150529,土地0建物1車位0,七層,7,華廈(10層含以下有電梯),店舖、住宅,鋼筋混凝土造,0781019,26.44,1,1,1,有,有,有,7300,276,,0.0,0,管理費250元，由承租人負擔,RPPPMLNJOHLGFDE38CC,獨立套房,有,1150602~1180601,有,冷氣、熱水器、洗衣機、電視機,社會住宅代管
楠梓區,租賃房屋,高雄市楠梓區安泰街１８２巷２號６樓之３,0.0,,,,1150521,土地0建物1車位0,六層,10,華廈(10層含以下有電梯),見使用執照,見使用執照,0930413,26.54,1,0,1,有,有,有,5500,207,,0.0,0,含增建或未登記建物；,RPPNMLNJOHLGFEE28CC,獨立套房,有,1150525~1160524,有,冷氣、熱水器、電視機、冰箱、網路,一般代管
左營區,租賃房屋,高雄市左營區富民路１１６號３樓,0.0,,,,1150529,土地0建物1車位0,三層,8,華廈(10層含以下有電梯),住家用,鋼筋混凝土造,0820209,132.16,3,2,2,有,有,無,21000,159,,0.0,0,,RPRNMLNJOHLGFEE48CC,整棟(戶)出租,有,1150601~1160531,有,冷氣、熱水器、瓦斯或天然氣,
左營區,租賃房屋,高雄市左營區重如街２４巷１８號,0.0,,,,1150526,土地0建物1車位0,全,4,透天厝,住家用,見使用執照,0930430,215.81,5,1,3,有,無,無,26000,120,,0.0,0,續租案件；,RPSNMLNJOHLGFEE58CC,整棟(戶)出租,無,1150606~1160605,無,冷氣、熱水器、瓦斯或天然氣,社會住宅代管
左營區,租賃房屋,高雄市左營區文學路６１１巷５２號１５樓之３,0.0,,,,1150526,土地0建物1車位0,十五層,15,住宅大樓(11層含以上有電梯),集合住宅,鋼筋混凝土,1080806,90.02,2,1,2,有,有,有,16000,178,,0.0,0,續租案件；,RPWNMLNJOHLGFEE98CC,整棟(戶)出租,有,1150613~1161120,有,冷氣、熱水器、洗衣機、電視機、冰箱、瓦斯或天然氣,社會住宅包租轉租
楠梓區,租賃房屋+車位,高雄市楠梓區監理南街１９號２０樓,0.0,,,,1150525,土地0建物1車位1,二十層,26,住宅大樓(11層含以上有電梯),集合住宅,鋼筋混凝土,1140501,155.85000000000002,3,2,2,有,有,有,30000,192,坡道平面,18.52,0,,RPOOMLNJOHLGFEE28CC,整棟(戶)出租,有,1150511~1160510,有,冷氣、熱水器、洗衣機、電視機、冰箱,
左營區,租賃房屋,高雄市左營區文川路４２９號十九樓,0.0,,,,1150528,土地0建物1車位0,十九層,22,住宅大樓(11層含以上有電梯),國民住宅,鋼筋混凝土造,0860419,111.51,3,2,1,有,有,有,18000,161,,0.0,0,,RPTOMLNJOHLGFEE78CC,整棟(戶)出租,有,1150531~1160530,有,冷氣、熱水器、洗衣機、冰箱、瓦斯或天然氣,社會住宅代管
楠梓區,租賃房屋,高雄市楠梓區旗楠路長安巷３０弄９號十三樓,0.0,,,,1150528,土地0建物1車位0,十三層,16,住宅大樓(11層含以上有電梯),住家用,鋼筋混凝土造,0821115,97.08,3,2,2,有,有,有,16000,165,,0.0,0,,RPUOMLNJOHLGFEE88CC,整棟(戶)出租,有,1150610~1160609,有,冷氣、熱水器、電視機、瓦斯或天然氣,社會住宅代管
橋頭區,租賃房屋,高雄市橋頭區美德街１１９號三樓之３,0.0,,,,1150527,土地0建物1車位0,三層,10,華廈(10層含以下有電梯),住家用,鋼筋混凝土造,0830215,133.61,3,2,2,有,有,無,13700,103,,0.0,0,社會住宅，管理費1800元，水電費 由承租人負擔,RPPNMLNJOHLGFFE38CC,整棟(戶)出租,有,1150601~1160531,有,熱水器、瓦斯或天然氣,社會住宅包租轉租
橋頭區,租賃房屋+車位,高雄市橋頭區經武路５８號９樓之２,0.0,,,,1150529,土地0建物1車位1,九層,24,住宅大樓(11層含以上有電梯),集合住宅,鋼筋混凝土造,1071220,201.47000000000003,3,2,2,有,有,無,25000,124,坡道機械,15.27,0,租金總額含管理費；,RPQNMLNJOHLGFFE48CC,整棟(戶)出租,有,1150601~1170531,有,冷氣,
鳳山區,租賃房屋,高雄市鳳山區華泰街６３之３號,0.0,,,,1150526,土地0建物1車位0,四層,4,公寓(5樓含以下無電梯),住家用,鋼筋混凝土造,0680415,88.18,3,1,2,有,無,有,10500,119,,0.0,0,,RPPNMLNJOHLGFGE48CC,整棟(戶)出租,無,1150604~1160603,無,冷氣、熱水器、瓦斯或天然氣,社會住宅包租轉租
鳳山區,租賃房屋,高雄市鳳山區新富路３７５號,154.84,住,,,1150525,土地1建物1車位0,一層,12,住宅大樓(11層含以上有電梯),商業用,鋼筋混凝土造,0730221,216.0,0,0,1,有,有,無,135000,625,,0.0,0,,RPQNMLNJOHLGFGE58CC,,有,1150701~1160630,有,冷氣,
鳳山區,租賃房屋,高雄市鳳山區澄清路１６１巷１５之４號,0.0,,,,1150528,土地0建物1車位0,五層,5,公寓(5樓含以下無電梯),住家用,鋼筋混凝土造,0681129,89.48,3,2,2,有,無,有,13000,145,,0.0,0,,RPRNMLNJOHLGFGE68CC,整棟(戶)出租,無,1150601~1160531,無,熱水器、瓦斯或天然氣,社會住宅代管
鳳山區,租賃房屋,高雄市鳳山區永安街１１７之２號十一樓,0.0,,,,1150525,土地0建物1車位0,十一層,13,住宅大樓(11層含以上有電梯),集合住宅,鋼筋混凝土,0941002,84.25,2,1,1,有,有,有,18400,218,,0.0,0,,RPTNMLNJOHLGFGE88CC,整棟(戶)出租,有,1150527~1160526,有,冷氣、熱水器、洗衣機、電視機、冰箱、瓦斯或天然氣,社會住宅包租轉租
大社區,租賃房屋,高雄市大社區中華路１６之５０號３樓之２,0.0,,,,1150527,土地0建物1車位0,三層,5,華廈(10層含以下有電梯),集合住宅,鋼筋混凝土造,1040727,36.41,1,0,1,有,無,有,7500,206,,0.0,0,續租案件；,RPQNMLNJOHLGFIE78CC,獨立套房,無,1150601~1160531,有,冷氣、熱水器、電視機、冰箱,社會住宅代管
大社區,租賃房屋,高雄市大社區中華路１６之５０號４樓之１９,0.0,,,,1150527,土地0建物1車位0,四層,5,華廈(10層含以下有電梯),集合住宅,鋼筋混凝土造,1040727,36.41,1,0,1,有,無,有,7500,206,,0.0,0,續租案件；,RPRNMLNJOHLGFIE88CC,獨立套房,無,1150610~1160609,有,冷氣、熱水器、電視機、冰箱,社會住宅代管
大社區,租賃房屋,高雄市大社區中華路１６之５０號３樓之１５,0.0,,,,1150527,土地0建物1車位0,三層,5,華廈(10層含以下有電梯),集合住宅,鋼筋混凝土造,1040727,36.97,1,0,1,有,無,有,7500,203,,0.0,0,續租案件；,RPSNMLNJOHLGFIE98CC,獨立套房,無,1150815~1160814,有,冷氣、熱水器、電視機、冰箱,社會住宅代管
大社區,租賃房屋,高雄市大社區中華路１６之５０號５樓之２,0.0,,,,1150528,土地0建物1車位0,五層,5,華廈(10層含以下有電梯),集合住宅,鋼筋混凝土造,1040727,36.41,1,0,1,有,無,有,7500,206,,0.0,0,續租案件；,RPTNMLNJOHLGFIE09CC,獨立套房,無,1150610~1160609,有,冷氣、熱水器、電視機、冰箱,社會住宅代管
大社區,租賃房屋,高雄市大社區中華路１６之５０號２樓之１６,0.0,,,,1150528,土地0建物1車位0,二層,5,華廈(10層含以下有電梯),集合住宅,鋼筋混凝土造,1040727,36.95,1,0,1,有,無,有,7500,203,,0.0,0,續租案件；,RPVNMLNJOHLGFIE66CC,獨立套房,無,1150613~1160612,有,冷氣、熱水器、電視機、冰箱,社會住宅代管
大社區,租賃房屋,高雄市大社區中華路１６之５０號２樓之３,0.0,,,,1150528,土地0建物1車位0,二層,5,華廈(10層含以下有電梯),集合住宅,鋼筋混凝土造,1040727,36.41,1,0,1,有,無,有,7500,206,,0.0,0,續租案件；,RPWNMLNJOHLGFIE76CC,獨立套房,無,1150617~1160616,有,冷氣、熱水器、電視機、冰箱,社會住宅代管
仁武區,租賃房屋,高雄市仁武區霞海路２５５號十二樓,0.0,,,,1150528,土地0建物1車位0,十二層,15,住宅大樓(11層含以上有電梯),集合住宅,鋼筋混凝土造,1100616,100.7,2,1,1,有,有,有,23100,229,,0.0,0,,RPXNMLNJOHLGFIE86CC,整棟(戶)出租,有,1150605~1160604,有,冷氣、熱水器、洗衣機、電視機、冰箱,社會住宅代管
大社區,租賃房屋,高雄市大社區中華路１６之５０號４樓之１８,0.0,,,,1150528,土地0建物1車位0,四層,5,華廈(10層含以下有電梯),集合住宅,鋼筋混凝土造,1040727,36.41,1,0,1,有,無,有,7500,206,,0.0,0,續租案件；,RPPOMLNJOHLGFIE78CC,獨立套房,無,1150617~1160616,有,冷氣、熱水器、電視機、冰箱,社會住宅代管
林園區,租賃房屋,高雄市林園區鳳林路三段６８５巷１６弄４之３號,0.0,,,,1150527,土地0建物1車位0,全,2,透天厝,見使用執照,鋼筋混凝土造,0780401,95.16,2,1,1,有,無,有,6000,63,,0.0,0,續租案件；,RPPNMLNJOHLGFLE98CC,整棟(戶)出租,無,1150615~1160614,無,冷氣、熱水器、洗衣機、電視機、冰箱、瓦斯或天然氣,社會住宅代管
大寮區,租賃房屋,高雄市大寮區濃二街６５號３樓之５,0.0,,,,1150522,土地0建物1車位0,三層,5,華廈(10層含以下有電梯),集合住宅,鋼筋混凝土造,1130116,95.68,3,2,2,有,有,有,19000,199,,0.0,0,管理費1000元，共2萬元續租案件；,RPQNMLNJOHLGFLE09CC,整棟(戶)出租,有,1150625~1160624,有,冷氣、熱水器、洗衣機、冰箱,社會住宅代管
鼓山區,租賃房屋,高雄市鼓山區裕誠路１５０９之２號１４樓,0.0,,,,1150527,土地0建物1車位0,十四層,21,住宅大樓(11層含以上有電梯),住家用,鋼筋混凝土造,0840309,118.03999999999999,3,2,2,有,有,有,16600,141,,0.0,0,續租案件；,RPPNMLOJOHLGFAE97CC,整棟(戶)出租,有,1150618~1160617,有,冷氣、熱水器、洗衣機、冰箱、瓦斯或天然氣,社會住宅包租轉租
鹽埕區,租賃房屋,高雄市鹽埕區北斗街５號５樓之５２,0.0,,,,1150524,土地0建物1車位0,五層,16,住宅大樓(11層含以上有電梯),集合住宅,鋼筋混凝土造,0750217,27.6,1,0,1,有,有,無,4500,163,,0.0,0,,RPQNMLOJOHLGFAE08CC,獨立套房,有,1150601~1160531,有,冷氣、熱水器、洗衣機、冰箱,社會住宅代管
鼓山區,租賃房屋,高雄市鼓山區文忠路１１３號四樓,0.0,,,,1150526,土地0建物1車位0,四層,14,住宅大樓(11層含以上有電梯),住家用,鋼筋混凝土造,0940520,115.28999999999999,2,2,2,有,有,有,18400,160,,0.0,0,多人共同承租2；,RPSNMLOJOHLGFAE28CC,整棟(戶)出租,有,1150601~1160531,有,冷氣、熱水器、瓦斯或天然氣,社會住宅代管
鼓山區,租賃房屋,高雄市鼓山區明華路１０９號三樓,0.0,,,,1150527,土地0建物1車位0,三層,14,住宅大樓(11層含以上有電梯),住家用,鋼筋混凝土造,0871210,114.91,3,1,2,有,有,有,16000,139,,0.0,0,續租案件；,RPTNMLOJOHLGFAE38CC,整棟(戶)出租,有,1150605~1160604,有,冷氣、熱水器、洗衣機、電視機、冰箱、瓦斯或天然氣,社會住宅代管
鹽埕區,租賃房屋,高雄市鹽埕區七賢三路２６９號１１樓之３７,0.0,,,,1150528,土地0建物1車位0,十一層,16,住宅大樓(11層含以上有電梯),集合住宅,鋼筋混凝土造,0750217,35.95,1,0,1,有,有,有,7000,195,,0.0,0,續租案件；,RPVNMLOJOHLGFAE58CC,獨立套房,有,1150601~1160531,有,冷氣、熱水器、洗衣機、電視機、冰箱,社會住宅代管
鼓山區,租賃房屋,高雄市鼓山區馬卡道路３９９號七樓,0.0,,,,1150529,土地0建物1車位0,七層,13,住宅大樓(11層含以上有電梯),住家用,鋼筋混凝土造,0950330,184.61,3,2,2,有,有,有,24000,130,,0.0,0,社會住宅，管理費3800元，水電費 瓦斯費 由承租人負擔未租賃車位，建物登記含有車位面積；續租案件；,RPXNMLOJOHLGFAE78CC,整棟(戶)出租,有,1150601~1160531,有,冷氣、熱水器、洗衣機、冰箱、瓦斯或天然氣,社會住宅代管
鼓山區,租賃房屋,高雄市鼓山區馬卡道路３９９號七樓,0.0,,,,1150529,土地0建物1車位0,七層,13,住宅大樓(11層含以上有電梯),住家用,鋼筋混凝土造,0950330,184.61,3,2,2,有,有,有,24000,130,,0.0,0,社會住宅，管理費3800元，水電費 瓦斯費 由承租人負擔未租賃車位，建物登記含有車位面積；,RPOOMLOJOHLGFAE97CC,整棟(戶)出租,有,1150601~1160531,有,冷氣、熱水器、洗衣機、冰箱、瓦斯或天然氣,社會住宅代管
鼓山區,租賃房屋+車位,高雄市鼓山區文忠路１３５號七樓,15.56,商,,,1150529,土地1建物1車位1,七層,15,住宅大樓(11層含以上有電梯),住家用,鋼筋混凝土造,0981230,173.51,4,2,2,有,有,有,35000,202,坡道平面,16.72,0,租金總額含管理費；,RPPOMLOJOHLGFAE08CC,整棟(戶)出租,有,1150605~1160605,有,冷氣、熱水器、洗衣機、電視機、冰箱、瓦斯或天然氣、有線電視、網路,
新興區,租賃房屋,高雄市新興區七賢一路１８６號十三樓之１,0.0,,,,1150526,土地0建物1車位0,十三層,29,住宅大樓(11層含以上有電梯),集合住宅,鋼筋混凝土,1131108,78.94,2,1,1,有,有,有,19000,241,,0.0,0,續租案件；,RPPNMLOJOHLGFBE08CC,整棟(戶)出租,有,1150623~1160622,有,冷氣、熱水器、洗衣機、電視機、冰箱、瓦斯或天然氣,社會住宅包租轉租
苓雅區,租賃房屋,高雄市苓雅區永泰路７２號３樓之８,0.0,,,,1150529,土地0建物1車位0,三層,12,住宅大樓(11層含以上有電梯),集合住宅,鋼筋混凝土造,0791130,42.27,1,1,1,有,有,有,6800,161,,0.0,0,管理費1200元，由承租人負擔,RPQNMLOJOHLGFBE18CC,獨立套房,有,1150601~1180531,有,冷氣、熱水器、洗衣機、電視機、冰箱,社會住宅代管
苓雅區,租賃房屋,高雄市苓雅區武廟路１４６巷６號四樓,0.0,,,,1150527,土地0建物1車位0,四層,5,公寓(5樓含以下無電梯),住宅,鋼筋混凝土造,0700303,95.29,3,1,2,有,無,有,11000,115,,0.0,0,續租案件；,RPRNMLOJOHLGFBE28CC,整棟(戶)出租,無,1150620~1160619,無,冷氣、熱水器、洗衣機、電視機、冰箱、瓦斯或天然氣,社會住宅包租轉租
苓雅區,租賃房屋,高雄市苓雅區建國一路１４０巷２５弄４７號,0.0,,,,1150529,土地0建物0車位0,全,2,透天厝,,加強磚造,0631019,30.0,6,0,5,有,無,有,9000,300,,0.0,0,租金總額含網路費；,RPTNMLOJOHLGFBE48CC,分租套房,無,1150601~1160531,無,冷氣、洗衣機、電視機、冰箱、網路,
苓雅區,租賃房屋,高雄市苓雅區正義路１６１巷３１號六樓,0.0,,,,1150528,土地0建物1車位0,六層,8,華廈(10層含以下有電梯),住家用,鋼筋混凝土造,0840724,106.09,3,1,2,有,有,有,14500,137,,0.0,0,未租賃車位，建物登記含有車位面積；續租案件；,RPXNMLOJOHLGFBE88CC,整棟(戶)出租,有,1150618~1160617,有,冷氣、熱水器、瓦斯或天然氣,社會住宅代管
苓雅區,租賃房屋,高雄市苓雅區建國一路２７４巷４號四樓之２,0.0,,,,1150527,土地0建物1車位0,四層,5,公寓(5樓含以下無電梯),,鋼筋混凝土造,0690911,72.14,3,2,1,有,無,有,13000,180,,0.0,0,多人共同承租2；,RPOOMLOJOHLGFBE08CC,整棟(戶)出租,無,1150615~1180614,無,冷氣、熱水器、洗衣機、冰箱,社會住宅代管
苓雅區,租賃房屋,高雄市苓雅區興中一路２２２號４樓之１,0.0,,,,1150530,土地0建物1車位0,四層,12,住宅大樓(11層含以上有電梯),集合住宅,鋼筋混凝土造,0710226,92.24000000000001,3,1,2,有,有,有,13500,146,,0.0,0,續租案件；,RPPOMLOJOHLGFBE18CC,整棟(戶)出租,有,1150615~1160614,有,冷氣、熱水器、洗衣機、冰箱、瓦斯或天然氣,社會住宅代管
苓雅區,租賃房屋,高雄市苓雅區新光路１２６號７樓之３,0.0,,,,1150527,土地0建物1車位0,七層,12,住宅大樓(11層含以上有電梯),公寓,鋼筋混凝土造,0691125,93.61,3,1,1,有,有,有,11000,118,,0.0,0,續租案件；,RPQOMLOJOHLGFBE28CC,整棟(戶)出租,有,1150615~1160614,有,冷氣、熱水器、洗衣機、冰箱、瓦斯或天然氣,社會住宅代管
苓雅區,租賃房屋,高雄市苓雅區林德街２６巷１４號四樓,0.0,,,,1150529,土地0建物1車位0,四層,5,公寓(5樓含以下無電梯),,鋼筋混凝土造,0721221,117.36999999999999,4,2,2,有,無,有,15000,128,,0.0,0,續租案件；,RPROMLOJOHLGFBE38CC,整棟(戶)出租,無,1150615~1160614,無,冷氣、熱水器、洗衣機、電視機、冰箱、瓦斯或天然氣,社會住宅代管
苓雅區,租賃房屋,高雄市苓雅區武廟路１０１巷２０號五樓,0.0,,,,1150528,土地0建物1車位0,五層,5,公寓(5樓含以下無電梯),公寓,鋼筋混凝土造,0711019,77.84,3,1,1,有,無,有,6000,77,,0.0,0,續租案件；,RPSOMLOJOHLGFBE48CC,整棟(戶)出租,無,1150601~1160531,無,熱水器、瓦斯或天然氣,社會住宅代管
苓雅區,租賃房屋,高雄市苓雅區中正二路１７３號十一樓之２,0.0,,,,1150529,土地0建物1車位0,十一層,11,住宅大樓(11層含以上有電梯),公寓,鋼筋混凝土造,0701130,25.33,1,0,1,有,有,有,6300,249,,0.0,0,,RPWOMLOJOHLGFBE88CC,獨立套房,有,1150601~1160531,有,冷氣、熱水器、洗衣機、冰箱,社會住宅代管
苓雅區,租賃房屋,高雄市苓雅區新光路６２巷２１號７樓之３,0.0,,,,1150530,土地0建物1車位0,七層,35,住宅大樓(11層含以上有電梯),住家用,鋼筋混凝土造,0860421,94.05,2,2,1,有,有,有,15400,164,,0.0,0,,RPOPMLOJOHLGFBE18CC,整棟(戶)出租,有,1150630~1160629,有,冷氣、熱水器、洗衣機、電視機、冰箱、瓦斯或天然氣,社會住宅代管
前鎮區,租賃房屋,高雄市前鎮區和平二路１２７之１號三樓之１,0.0,,,,1150529,土地0建物1車位0,三層,8,華廈(10層含以下有電梯),集合住宅,鋼筋混凝土,1111027,32.89,1,0,1,有,有,有,8200,249,,0.0,0,,RPPNMLOJOHLGFCE18CC,獨立套房,無,1150622~1160621,有,冷氣、熱水器、洗衣機、冰箱,社會住宅包租轉租
前鎮區,租賃房屋,高雄市前鎮區和平二路１２７之１號五樓之２２,0.0,,,,1150529,土地0建物1車位0,五層,8,華廈(10層含以下有電梯),集合住宅,鋼筋混凝土,1111027,42.31,1,0,1,有,有,有,10200,241,,0.0,0,,RPQNMLOJOHLGFCE28CC,獨立套房,無,1150622~1160621,有,冷氣、熱水器、洗衣機、冰箱,社會住宅包租轉租
前鎮區,租賃房屋,高雄市前鎮區英德橫巷２弄３１號４樓,0.0,,,,1150525,土地0建物0車位0,四層,5,公寓(5樓含以下無電梯),公寓住宅,鋼筋混凝土造,0660427,37.71,2,2,2,有,無,有,10000,265,,0.0,0,現況2房，只租1房多人共同承租2；,RPUNMLOJOHLGFCE68CC,分租套房,無,1150605~1160604,無,冷氣、洗衣機、電視機、冰箱,
前鎮區,租賃房屋,高雄市前鎮區三多三路１５３號十樓之６,0.0,,,,1150525,土地0建物1車位0,十層,16,住宅大樓(11層含以上有電梯),住家用,鋼筋混凝土造,0771212,43.45,1,0,1,有,有,有,12000,276,,0.0,0,,RPVNMLOJOHLGFCE78CC,獨立套房,有,1150610~1160609,有,冷氣、熱水器、洗衣機、電視機、冰箱,社會住宅代管
前鎮區,租賃房屋,高雄市前鎮區和平二路１２７之１號四樓之１６,0.0,,,,1150527,土地0建物1車位0,四層,8,華廈(10層含以下有電梯),集合住宅,鋼筋混凝土,1111027,32.89,1,0,1,有,無,有,8400,255,,0.0,0,續租案件；,RPPOMLOJOHLGFCE28CC,獨立套房,有,1150618~1150817,有,冷氣、熱水器、洗衣機、冰箱,一般轉租
前鎮區,租賃房屋,高雄市前鎮區和平二路１２７之１號四樓之２３,0.0,,,,1150528,土地0建物1車位0,四層,8,華廈(10層含以下有電梯),集合住宅,鋼筋混凝土,1111027,33.14,1,0,1,有,無,有,8400,253,,0.0,0,多人共同承租2；續租案件；,RPQOMLOJOHLGFCE38CC,獨立套房,有,1150627~1150926,有,冷氣、熱水器、洗衣機、冰箱,一般轉租
前鎮區,租賃房屋,高雄市前鎮區和平二路１２７之１號五樓之１２,0.0,,,,1150528,土地0建物1車位0,五層,8,華廈(10層含以下有電梯),集合住宅,鋼筋混凝土,1111027,42.42,1,0,1,有,無,有,10900,257,,0.0,0,續租案件；,RPROMLOJOHLGFCE48CC,獨立套房,有,1150601~1151031,有,冷氣、熱水器、洗衣機、冰箱,一般轉租
前鎮區,租賃房屋,高雄市前鎮區和平二路１２７之１號六樓之１７,0.0,,,,1150527,土地0建物1車位0,六層,8,華廈(10層含以下有電梯),集合住宅,鋼筋混凝土,1111027,32.89,1,0,1,有,無,有,8400,255,,0.0,0,續租案件；,RPSOMLOJOHLGFCE58CC,獨立套房,有,1150616~1150815,有,冷氣、熱水器、洗衣機、冰箱,一般轉租
前鎮區,租賃房屋,高雄市前鎮區和平二路１２７之１號七樓之３,0.0,,,,1150528,土地0建物1車位0,七層,8,華廈(10層含以下有電梯),集合住宅,鋼筋混凝土,1111027,33.36,1,0,1,有,無,有,8550,256,,0.0,0,續租案件；,RPTOMLOJOHLGFCE68CC,獨立套房,有,1150601~1150930,有,冷氣、熱水器、洗衣機、冰箱,一般轉租
前鎮區,租賃房屋,高雄市前鎮區和平二路１２７之１號四樓之１６,0.0,,,,1150527,土地0建物1車位0,四層,8,華廈(10層含以下有電梯),集合住宅,鋼筋混凝土,1111027,32.89,1,0,1,有,無,有,8400,255,,0.0,0,續租案件；,RPWOMLOJOHLGFCE98CC,獨立套房,有,1150618~1150817,有,冷氣、熱水器、洗衣機、冰箱,一般轉租
前鎮區,租賃房屋,高雄市前鎮區和平二路１２７之１號四樓之２３,0.0,,,,1150528,土地0建物1車位0,四層,8,華廈(10層含以下有電梯),集合住宅,鋼筋混凝土,1111027,33.14,1,0,1,有,無,有,8400,253,,0.0,0,多人共同承租2；續租案件；,RPXOMLOJOHLGFCE09CC,獨立套房,有,1150627~1150926,有,冷氣、熱水器、洗衣機、冰箱,一般轉租
前鎮區,租賃房屋,高雄市前鎮區和平二路１２７之１號五樓之１２,0.0,,,,1150528,土地0建物1車位0,五層,8,華廈(10層含以下有電梯),集合住宅,鋼筋混凝土,1111027,42.42,1,0,1,有,無,有,10900,257,,0.0,0,續租案件；,RPOPMLOJOHLGFCE28CC,獨立套房,有,1150601~1151031,有,冷氣、熱水器、洗衣機、冰箱,一般轉租
前鎮區,租賃房屋,高雄市前鎮區和平二路１２７之１號六樓之１７,0.0,,,,1150527,土地0建物1車位0,六層,8,華廈(10層含以下有電梯),集合住宅,鋼筋混凝土,1111027,32.89,1,0,1,有,無,有,8400,255,,0.0,0,續租案件；,RPPPMLOJOHLGFCE38CC,獨立套房,有,1150616~1150815,有,冷氣、熱水器、洗衣機、冰箱,一般轉租
前鎮區,租賃房屋,高雄市前鎮區和平二路１２７之１號七樓之３,0.0,,,,1150528,土地0建物1車位0,七層,8,華廈(10層含以下有電梯),集合住宅,鋼筋混凝土,1111027,33.36,1,0,1,有,無,有,8550,256,,0.0,0,續租案件；,RPQPMLOJOHLGFCE48CC,獨立套房,有,1150601~1150930,有,冷氣、熱水器、洗衣機、冰箱,一般轉租
前鎮區,租賃房屋,高雄市前鎮區新光路１１號七樓之３,8.96,住,,,1150521,土地2建物1車位0,七層,39,住宅大樓(11層含以上有電梯),住家用,鋼骨造,0880209,202.37,3,2,2,有,有,有,25000,124,,0.0,0,,RPRPMLOJOHLGFCE58CC,整棟(戶)出租,有,1150525~1160520,有,冷氣、熱水器、瓦斯或天然氣,
小港區,租賃房屋,高雄市小港區學府路１００巷５０號十樓,0.0,,,,1150528,土地0建物1車位0,十層,13,住宅大樓(11層含以上有電梯),集合住宅,鋼筋混凝土,1130311,46.370000000000005,1,0,1,有,有,有,9900,214,,0.0,0,續租案件；,RPSPMLOJOHLGFCE68CC,獨立套房,無,1150614~1160907,有,冷氣、熱水器、洗衣機、冰箱,社會住宅包租轉租
三民區,租賃房屋,高雄市三民區鼎新路１９９巷１號１１樓之７,0.0,,,,1150525,土地0建物1車位0,十一層,13,住宅大樓(11層含以上有電梯),商業用,鋼筋混凝土造,0970514,13.649999999999999,1,0,1,有,有,有,4500,330,,0.0,0,含增建或未登記建物；,RPPNMLOJOHLGFDE28CC,獨立套房,有,1150601~1151130,有,冷氣、熱水器、電視機、冰箱、網路,一般代管
三民區,租賃房屋+車位,高雄市三民區自立一路８５巷６號５樓,0.0,,,,1150529,土地0建物1車位1,五層,14,住宅大樓(11層含以上有電梯),住家用,鋼筋混凝土造,0871113,101.18,2,2,1,有,有,有,18000,178,坡道平面,21.45,0,汽車車位編號 : B2-101號多人共同承租2；租金總額含管理費；租賃期間有約定不同租金115年05月29日至115年06月15日為搬遷期，承租方承受之前的水費、電費、瓦斯費等。；,RPQNMLOJOHLGFDE38CC,整棟(戶)出租,有,1150615~1160614,有,冷氣、熱水器、洗衣機、電視機、冰箱、瓦斯或天然氣,
三民區,租賃房屋,高雄市三民區義昌路５８號四樓之８,0.0,,,,1150529,土地0建物1車位0,四層,11,住宅大樓(11層含以上有電梯),住家用,鋼筋混凝土造,0880728,39.480000000000004,1,0,1,有,有,有,8600,218,,0.0,0,續租案件；,RPRNMLOJOHLGFDE48CC,獨立套房,有,1150610~1160609,有,冷氣、熱水器、洗衣機、電視機、冰箱,社會住宅代管
三民區,租賃房屋,高雄市三民區大順二路６３５巷４號二樓,0.0,,,,1150526,土地0建物1車位0,二層,20,住宅大樓(11層含以上有電梯),住家用,鋼筋混凝土造,0850626,101.81,2,1,2,有,有,有,13500,133,,0.0,0,,RPTNMLOJOHLGFDE68CC,整棟(戶)出租,有,1150601~1160531,有,冷氣、熱水器、電視機、冰箱、瓦斯或天然氣,社會住宅代管
三民區,租賃房屋,高雄市三民區九如二路１７３號,0.0,,,,1150525,土地0建物1車位0,三層,12,住宅大樓(11層含以上有電梯),,鋼筋混凝土造,0730629,60.3,1,1,1,有,有,無,13000,216,,0.0,0,租金總額含管理費；,RPUNMLOJOHLGFDE78CC,分層出租,有,1150605~1160604,有,冷氣、熱水器、洗衣機,
三民區,租賃房屋+車位,高雄市三民區九如一路５６５巷１號１９樓之４,0.0,,,,1150527,土地0建物1車位1,十九層,23,住宅大樓(11層含以上有電梯),住家用,鋼筋混凝土造,0831114,176.76,4,2,2,有,有,有,27000,153,坡道平面,19.38,0,,RPVNMLOJOHLGFDE88CC,整棟(戶)出租,有,1150701~1170630,有,電視機、冰箱,
三民區,租賃房屋,高雄市三民區褒揚街５５號五樓之２,0.0,,,,1150528,土地0建物1車位0,五層,12,住宅大樓(11層含以上有電梯),住家用,鋼筋混凝土造,0850301,132.53,3,2,2,有,有,有,18000,136,,0.0,0,,RPWNMLOJOHLGFDE98CC,整棟(戶)出租,有,1150601~1160531,有,冷氣、熱水器、冰箱、瓦斯或天然氣,社會住宅代管
三民區,租賃房屋,高雄市三民區十全三路５６號,17.79,住,,,1150530,土地1建物1車位0,一層,15,店面(店鋪),店舖,鋼筋混凝土,1100630,124.53,0,0,0,無,有,無,55000,442,,0.0,0,含增建或未登記建物；未租賃車位，建物登記含有車位面積；,RPXNMLOJOHLGFDE09CC,,有,1150615~1180614,無,,
三民區,租賃房屋,高雄市三民區長明街１９號五樓之１,0.0,,,,1150527,土地0建物1車位0,五層,12,住宅大樓(11層含以上有電梯),住家用,鋼筋混凝土造,0840214,39.24,1,0,1,有,有,有,4300,110,,0.0,0,,RPPOMLOJOHLGFDE38CC,獨立套房,有,1150610~1180609,有,冷氣、熱水器、洗衣機、電視機、冰箱,社會住宅包租轉租
三民區,租賃房屋,高雄市三民區河北二路１００號八樓之１５,0.0,,,,1150529,土地0建物1車位0,八層,19,住宅大樓(11層含以上有電梯),住宅,鋼筋混凝土造,0800314,54.58,1,1,1,有,有,有,9500,174,,0.0,0,社會住宅，管理費1000元，水電費由承租人負擔,RPROMLOJOHLGFDE58CC,獨立套房,有,1150601~1160531,有,冷氣、熱水器、洗衣機、冰箱,社會住宅包租轉租
楠梓區,租賃房屋,高雄市楠梓區大學南路１２０３號６樓,0.0,,,,1150528,土地0建物1車位0,六層,15,住宅大樓(11層含以上有電梯),集合住宅,鋼筋混凝土,1051130,83.82,2,2,1,有,有,有,16352,195,,0.0,0,租金已扣除管理費:1648元,RPQNMLOJOHLGFEE48CC,整棟(戶)出租,有,1150601~1160531,有,冷氣、熱水器、洗衣機、電視機、冰箱、瓦斯或天然氣,
左營區,租賃房屋,高雄市左營區果峰街１巷９號１２樓,0.0,,,,1150528,土地0建物1車位0,十二層,12,住宅大樓(11層含以上有電梯),住家用,鋼筋混凝土造,0741129,107.34,3,1,2,有,有,無,15800,147,,0.0,0,續租案件；,RPRNMLOJOHLGFEE58CC,整棟(戶)出租,有,1150620~1160619,有,冷氣、熱水器、瓦斯或天然氣,社會住宅包租轉租
左營區,租賃房屋,高雄市左營區洲仔路１３７號,0.0,,,,1150528,土地0建物1車位0,全,2,透天厝,住商用,加強磚造,0560701,67.52,3,2,2,有,無,有,10000,148,,0.0,0,,RPTNMLOJOHLGFEE78CC,整棟(戶)出租,無,1150610~1160609,無,熱水器、瓦斯或天然氣,社會住宅包租轉租
楠梓區,租賃房屋,高雄市楠梓區樂群路７２巷３號二樓,0.0,,,,1150529,土地0建物1車位0,二層,9,華廈(10層含以下有電梯),集合住宅,鋼筋混凝土造,0860709,136.95,3,1,2,有,有,有,14000,102,,0.0,0,續租案件；,RPVNMLOJOHLGFEE98CC,整棟(戶)出租,有,1150615~1160614,有,冷氣、熱水器、瓦斯或天然氣,社會住宅包租轉租
楠梓區,租賃房屋,高雄市楠梓區盛昌街２９６號四樓之８,0.0,,,,1150528,土地0建物1車位0,四層,15,住宅大樓(11層含以上有電梯),集合住宅,鋼筋混凝土,1050224,70.77,2,1,1,有,有,有,14300,202,,0.0,0,,RPXNMLOJOHLGFEE56CC,整棟(戶)出租,有,1150615~1160614,有,冷氣、熱水器、洗衣機、電視機、冰箱、瓦斯或天然氣,社會住宅包租轉租
楠梓區,租賃房屋,高雄市楠梓區楠梓新路１９７號８樓之１,0.0,,,,1150529,土地0建物1車位0,八層,12,住宅大樓(11層含以上有電梯),住家用,鋼筋混凝土造,0830305,170.19,5,2,2,有,有,有,13000,76,,0.0,0,續租案件；,RPOOMLOJOHLGFEE38CC,整棟(戶)出租,有,1150613~1160612,有,冷氣、熱水器、洗衣機、電視機、冰箱、瓦斯或天然氣,社會住宅代管
楠梓區,租賃房屋,高雄市楠梓區德民路４２６巷１０號９樓,0.0,,,,1150528,土地0建物1車位0,見其他登記事項,23,住宅大樓(11層含以上有電梯),住家用,鋼筋混凝土造,0851028,204.95,5,1,3,有,有,有,19000,93,,0.0,0,未租賃車位，建物登記含有車位面積；續租案件；,RPPOMLOJOHLGFEE48CC,整棟(戶)出租,有,1150617~1160616,有,冷氣、熱水器、電視機、瓦斯或天然氣,社會住宅代管
左營區,租賃房屋+車位,高雄市左營區文自路３８７巷３３號八樓,0.0,,,,1150526,土地0建物1車位1,八層,10,華廈(10層含以下有電梯),住家用,鋼筋混凝土造,0830228,125.22,3,2,2,有,有,有,16000,128,坡道平面,0.0,0,,RPQOMLOJOHLGFEE58CC,整棟(戶)出租,有,1150601~1160531,有,冷氣、熱水器、洗衣機、電視機、冰箱、瓦斯或天然氣,社會住宅包租轉租
左營區,租賃房屋,高雄市左營區和光街１０６巷３４號二樓,0.0,,,,1150528,土地0建物1車位0,二層,5,公寓(5樓含以下無電梯),集合住宅,鋼筋混凝土造,0751215,112.52,4,2,2,有,無,有,15000,133,,0.0,0,多人共同承租2；,RPSOMLOJOHLGFEE78CC,整棟(戶)出租,無,1150601~1160531,無,冷氣、熱水器、洗衣機、電視機、冰箱,社會住宅代管
左營區,租賃房屋,高雄市左營區文康路２５７號十樓之２,0.0,,,,1150529,土地0建物1車位0,十層,15,住宅大樓(11層含以上有電梯),住家用,鋼筋混凝土造,0841027,122.72999999999999,3,2,2,有,有,有,16500,134,,0.0,0,,RPWOMLOJOHLGFEE56CC,整棟(戶)出租,有,1150610~1160609,有,冷氣、熱水器、洗衣機、冰箱、瓦斯或天然氣,社會住宅代管
左營區,租賃房屋,高雄市左營區立文路９０號七樓之２,0.0,,,,1150529,土地0建物1車位0,七層,15,住宅大樓(11層含以上有電梯),住家用,鋼筋混凝土造,1030327,84.06,2,1,1,有,有,有,18000,214,,0.0,0,多人共同承租2；,RPXOMLOJOHLGFEE66CC,整棟(戶)出租,有,1150601~1160531,有,冷氣、熱水器、洗衣機、電視機、冰箱,社會住宅代管
左營區,租賃房屋,高雄市左營區至聖路１７５號四樓之１,0.0,,,,1150528,土地0建物1車位0,四層,14,住宅大樓(11層含以上有電梯),住家用,鋼筋混凝土造,0780628,167.73,4,2,2,有,有,有,21500,128,,0.0,0,社會住宅，管理費2800元，水電費 瓦斯費 由承租人負擔,RPOPMLOJOHLGFEE48CC,整棟(戶)出租,有,1150601~1160531,有,冷氣、熱水器、瓦斯或天然氣,社會住宅包租轉租
左營區,租賃房屋,高雄市左營區文康路４０號２樓之３,0.0,,,,1150527,土地0建物1車位0,二層,13,住宅大樓(11層含以上有電梯),住家用,鋼筋混凝土造,1030429,95.31,2,1,1,有,有,有,24000,252,,0.0,0,租金總額含管理費；,RPPPMLOJOHLGFEE58CC,整棟(戶)出租,有,1150601~1160531,有,冷氣、熱水器、洗衣機、電視機、冰箱、瓦斯或天然氣,
左營區,租賃房屋+車位,高雄市左營區海景街５２７號１２樓之７,0.0,,,,1150531,土地0建物1車位1,十二層,15,住宅大樓(11層含以上有電梯),集合住宅,鋼筋混凝土造,1110901,158.68,2,2,2,有,有,無,20000,126,坡道平面,20.32,0,,RPQPMLOJOHLGFEE68CC,整棟(戶)出租,有,1150603~1160602,有,冷氣、熱水器,
楠梓區,租賃房屋,高雄市楠梓區德維街１９號七樓之３,0.0,,,,1150528,土地0建物1車位0,七層,7,華廈(10層含以下有電梯),住家用,鋼筋混凝土造,0810525,131.17000000000002,3,2,2,有,有,有,16000,122,,0.0,0,續租案件；,RPTPMLOJOHLGFEE98CC,整棟(戶)出租,有,1150610~1160609,有,冷氣、熱水器、洗衣機、電視機、冰箱、瓦斯或天然氣,社會住宅代管
楠梓區,租賃房屋,高雄市楠梓區大學十九街１００號十樓,0.0,,,,1150529,土地0建物1車位0,十層,15,住宅大樓(11層含以上有電梯),集合住宅,鋼筋混凝土,1130910,73.28,2,1,1,有,有,有,16200,221,,0.0,0,續租案件；,RPVPMLOJOHLGFEE56CC,整棟(戶)出租,有,1150606~1160605,有,冷氣、熱水器、洗衣機、電視機、冰箱、瓦斯或天然氣,社會住宅包租轉租
左營區,租賃房屋,高雄市左營區立道路１５號四樓之１,0.0,,,,1150528,土地0建物1車位0,四層,10,華廈(10層含以下有電梯),住家用,鋼筋混凝土造,0830115,34.64,1,0,1,有,有,有,8000,231,,0.0,0,續租案件；,RPXPMLOJOHLGFEE76CC,獨立套房,有,1150617~1160616,有,冷氣、熱水器、洗衣機、冰箱,社會住宅包租轉租
楠梓區,租賃房屋,高雄市楠梓區大學六十二街９０號８樓,0.0,,,,1150522,土地0建物1車位0,八層,15,住宅大樓(11層含以上有電梯),集合住宅,鋼筋混凝土,1130403,82.3,2,1,1,有,有,有,22000,267,,0.0,0,,RPPQMLOJOHLGFEE68CC,整棟(戶)出租,有,1150523~1151122,有,冷氣、熱水器、洗衣機、冰箱,
楠梓區,租賃房屋,高雄市楠梓區壽豐路４４８號,0.0,,,,1150528,土地0建物1車位0,見其他登記事項,7,華廈(10層含以下有電梯),住商用,鋼筋混凝土造,0800102,314.24,3,2,2,有,無,無,34000,108,,0.0,0,1.租金含：所得稅扣繳稅額及二代健保補充費2.租賃房屋目前無管理費，後續若有管理費則由乙方負擔繳納租金總額含稅；租賃期間有約定不同租金115.5.28~115.7.15：搬遷準備期，租金0元115.7.16~118.7.15：每月租金34000元；,RPQQMLOJOHLGFEE78CC,,無,1150528~1180715,有,熱水器,
楠梓區,租賃房屋,高雄市楠梓區壽豐路４５０號,0.0,,,,1150528,土地0建物1車位0,見其他登記事項,7,華廈(10層含以下有電梯),住家用,鋼筋混凝土造,0800102,49.82,0,1,0,有,無,無,19500,391,,0.0,0,1.租金含：所得稅扣繳稅額及二代健保補充費2.租賃房屋目前無管理費，後續若有管理費則由乙方負擔繳納租金總額含稅；租賃期間有約定不同租金115.5.28~115.7.15：搬遷準備期，租金0元115.7.16~118.7.15：每月租金19500元；,RPRQMLOJOHLGFEE88CC,,無,1150528~1180715,有,,
岡山區,租賃房屋,高雄市岡山區中山北路１７５號,0.0,,,,1150528,土地0建物0車位0,全,5,透天厝,住商用,鋼筋混凝土造,0830510,36.69,10,0,10,有,有,有,10000,273,,0.0,0,租金總額含水費；網路費；,RPSNMLOJOHLGFFE78CC,分租套房,無,1150601~1160531,無,冷氣、熱水器、洗衣機、電視機、冰箱、網路,一般轉租
鳳山區,租賃房屋,高雄市鳳山區新生街１５９號,0.0,,,,1150528,土地0建物1車位0,全,3,透天厝,住商用,加強磚造,0570417,123.72,3,2,2,有,無,無,12000,97,,0.0,0,,RPRNMLOJOHLGFGE78CC,整棟(戶)出租,無,1150601~1160531,無,熱水器,社會住宅包租轉租
鳳山區,租賃房屋,高雄市鳳山區新生街一段７７號,0.0,,,,1150527,土地0建物1車位0,見其他登記事項,5,公寓(5樓含以下無電梯),店舖，儲藏室,鋼筋混凝土造,0700320,71.28,2,1,1,有,無,無,11500,161,,0.0,0,,RPSNMLOJOHLGFGE88CC,整棟(戶)出租,無,1150701~1180630,無,熱水器,社會住宅代管
鳳山區,租賃房屋+車位,高雄市鳳山區文藝街１號１２樓,0.0,,,,1150529,土地0建物1車位1,十二層,20,住宅大樓(11層含以上有電梯),集合住宅,鋼筋混凝土,1091111,223.62,3,2,2,有,有,無,43000,192,坡道平面,21.73,0,另提供B1-5號機車位,RPTNMLOJOHLGFGE98CC,整棟(戶)出租,有,1150620~1160630,有,冷氣、洗衣機、冰箱,
大社區,租賃房屋,高雄市大社區文信街３４巷８號,0.0,,,,1150525,土地0建物1車位0,全,4,透天厝,住家用,鋼筋混凝土造,0801230,183.55,4,1,3,有,無,有,12000,65,,0.0,0,多人共同承租4；,RPPNMLOJOHLGFIE78CC,整棟(戶)出租,無,1150601~1160531,無,冷氣、熱水器、洗衣機、電視機、冰箱、瓦斯或天然氣,
仁武區,租賃房屋,高雄市仁武區文館路７８之２號,0.0,,,,1150529,土地0建物1車位0,全,3,透天厝,住宅、樓梯間,鋼筋混凝土造,0930709,166.27,4,2,3,有,無,有,23000,138,,0.0,0,續租案件；,RPSNMLOJOHLGFIE09CC,整棟(戶)出租,無,1150615~1160614,無,冷氣、熱水器、洗衣機、冰箱、瓦斯或天然氣,社會住宅代管
林園區,租賃房屋,高雄市林園區港埔二路６５號,0.0,,,,1150527,土地0建物1車位0,全,3,透天厝,住商用,鋼筋混凝土造,0740120,132.3,2,1,1,有,無,有,13000,98,,0.0,0,,RPQNMLOJOHLGFLE56CC,整棟(戶)出租,無,1150601~1160531,無,冷氣、熱水器、洗衣機、電視機,社會住宅代管
大寮區,租賃房屋,高雄市大寮區進學路７０巷１５號,0.0,,,,1150522,土地0建物0車位0,全,2,透天厝,住商用,加強磚造,0750525,11.04,7,0,7,有,無,有,5000,453,,0.0,0,續租案件；,RPSNMLOJOHLGFLE76CC,分租套房,無,1150911~1160910,無,冷氣、電視機、冰箱、網路,一般轉租
大寮區,租賃房屋,高雄市大寮區進學路７０巷１５號,0.0,,,,1150522,土地0建物0車位0,全,2,透天厝,住商用,加強磚造,0750525,11.04,7,0,7,有,無,有,5000,453,,0.0,0,續租案件；,RPTNMLOJOHLGFLE86CC,分租套房,無,1150911~1160910,無,冷氣、電視機、冰箱、網路,一般轉租
大寮區,租賃房屋,高雄市大寮區成功路１１號四樓,0.0,,,,1150529,土地0建物1車位0,四層,5,公寓(5樓含以下無電梯),住家用,鋼筋混凝土造,0701220,67.74,3,1,2,有,無,有,8800,130,,0.0,0,續租案件；,RPUNMLOJOHLGFLE96CC,整棟(戶)出租,無,1150531~1160530,無,冷氣、熱水器,社會住宅代管
鼓山區,租賃房屋+車位,高雄市鼓山區明華路３３２號２樓,0.0,,,,1150522,土地0建物1車位1,二層,14,住宅大樓(11層含以上有電梯),住家用,鋼筋混凝土造,0950519,129.55,3,2,2,有,有,無,25000,193,坡道平面,9.25,0,,RPPNMLPJOHLGFAE08CC,整棟(戶)出租,有,1150601~1160531,有,冷氣、熱水器、洗衣機、冰箱,
鼓山區,租賃房屋,高雄市鼓山區龍勝路１００號十三樓,0.0,,,,1150528,土地0建物1車位0,十三層,15,住宅大樓(11層含以上有電梯),住家用,鋼筋混凝土造,0950126,92.26,2,2,1,有,有,有,19000,206,,0.0,0,,RPRNMLPJOHLGFAE28CC,整棟(戶)出租,有,1150601~1160331,有,冷氣、熱水器、洗衣機、電視機、冰箱,社會住宅代管
苓雅區,租賃房屋,高雄市苓雅區林泉街２２巷１３弄２之７號,0.0,,,,1150528,土地0建物1車位0,八層,10,華廈(10層含以下有電梯),,鋼筋混凝土造,0680310,72.49,3,2,1,有,有,有,12000,166,,0.0,0,,RPQNMLPJOHLGFBE28CC,整棟(戶)出租,有,1150601~1180531,有,冷氣、熱水器、洗衣機、電視機、冰箱、瓦斯或天然氣,社會住宅包租轉租
前鎮區,租賃房屋,高雄市前鎮區一心二路３２巷２弄２號四樓,0.0,,,,1150522,土地0建物1車位0,四層,5,公寓(5樓含以下無電梯),集合住宅,鋼筋混凝土造,0720818,101.78,3,2,2,有,無,有,16000,157,,0.0,0,多人共同承租2；,RPPNMLPJOHLGFCE28CC,整棟(戶)出租,無,1150602~1160601,無,冷氣、熱水器、洗衣機、電視機、冰箱,社會住宅代管
前鎮區,租賃房屋+車位,高雄市前鎮區林森四路１７６號４樓之２,23.1,住,,,1150531,土地1建物1車位1,四層,10,華廈(10層含以下有電梯),住家用,鋼筋混凝土造,0941028,147.39999999999998,3,2,2,有,有,有,25000,170,坡道平面,0.0,0,多人共同承租2；,RPRNMLPJOHLGFCE48CC,整棟(戶)出租,有,1150605~1180604,有,冷氣、熱水器、洗衣機、電視機、冰箱、瓦斯或天然氣,
三民區,租賃房屋,高雄市三民區北平一街１５５號,0.0,,,,1150529,土地0建物0車位0,全,3,透天厝,,加強磚造,0650117,20.0,5,5,5,有,無,有,16500,825,,0.0,0,水費、網路費由包租業者負擔,RPRNMLPJOHLGFDE58CC,分租套房,無,1150530~1160630,有,冷氣、熱水器、洗衣機、電視機、冰箱、有線電視、網路,一般轉租
三民區,租賃房屋+車位,高雄市三民區河堤路５８２-１號１３樓,0.0,,,,1150529,土地0建物1車位1,十三層,14,住宅大樓(11層含以上有電梯),住家用,鋼筋混凝土造,0860124,193.01999999999998,3,2,2,有,有,有,23000,119,坡道平面,0.0,0,多人共同承租2；租金總額含管理費；,RPUNMLPJOHLGFDE88CC,整棟(戶)出租,有,1150610~1160609,有,冷氣、熱水器、電視機、冰箱、瓦斯或天然氣,
三民區,租賃房屋,高雄市三民區熱河一街１２５號,0.0,,,,1150525,土地0建物0車位0,全,3,透天厝,住商用,加強磚造,0620601,23.14,33,0,33,有,無,無,7000,303,,0.0,0,含增建或未登記建物；,RPVNMLPJOHLGFDE98CC,分租套房,無,1150601~1160531,有,冷氣、熱水器、電視機、冰箱、有線電視,一般代管
三民區,租賃房屋,高雄市三民區建興路３６５巷３號９樓之２,0.0,,,,1150526,土地0建物1車位0,九層,26,住宅大樓(11層含以上有電梯),集合住宅,鋼筋混凝土造,1091102,72.69,2,1,1,有,有,有,22000,303,,0.0,0,多人共同承租2；租金總額含管理費；,RPSOMLPJOHLGFDE78CC,整棟(戶)出租,有,1150601~1160531,有,冷氣、熱水器、洗衣機、電視機、冰箱,
楠梓區,租賃房屋,高雄市楠梓區清平街６號,0.0,,,,1150531,土地0建物0車位0,二層,9,華廈(10層含以下有電梯),住商用,鋼筋混凝土造,0820106,24.38,5,2,2,有,有,有,3800,156,,0.0,0,租金總額含管理費；租賃建物部分範圍，且未計入共有部分面積；,RPPOMLPJOHLGFEE58CC,分租雅房,有,1150601~1160531,有,冷氣、洗衣機,
楠梓區,租賃房屋,高雄市楠梓區三山街１５３巷２弄１６號,58.0,住,,,1150523,土地1建物1車位0,全,2,透天厝,住宅,加強磚造,0680811,70.3,3,2,2,有,無,無,19000,270,,0.0,0,附屬設備：電視櫃1件、茶几1件、餐桌1組承租人:三個大人一個小孩多人共同承租4；,RPSOMLPJOHLGFEE88CC,整棟(戶)出租,無,1150523~1160531,無,冷氣、熱水器,
岡山區,租賃房屋,高雄市岡山區大義二路３００號,0.0,,,,1150531,土地0建物0車位0,全,3,透天厝,住商用,鋼筋混凝土造,0730225,19.6,7,1,7,有,無,有,10000,510,,0.0,0,,RPPNMLPJOHLGFFE58CC,分租套房,無,1150603~1160602,無,冷氣、熱水器、洗衣機、冰箱,
鳳山區,租賃房屋,高雄市鳳山區王生明路８５巷４７號五樓,0.0,,,,1150529,土地0建物1車位0,五層,7,華廈(10層含以下有電梯),住家用,鋼筋混凝土造,0830606,119.03,3,2,2,有,有,有,14000,118,,0.0,0,,RPPNMLPJOHLGFGE68CC,整棟(戶)出租,有,1150601~1160531,有,冷氣、熱水器、瓦斯或天然氣,社會住宅包租轉租
鳳山區,租賃房屋,高雄市鳳山區五甲二路６３６號,363.0,商,,,1150527,土地1建物1車位0,見其他登記事項,1,店面(店鋪),商業用,鐵造,0761030,197.33,0,0,1,有,無,無,160000,811,,0.0,0,其他租賃所得稅、二代健保補充費；租賃期間有約定不同租金115/6/1至115/8/31為免租裝潢期，115/9/1至118/5/31月租金160000元，118/6/1至121/5/31月租金164800元，121/6/1至124/5/31月租金169600元，124/6/1至125/5/31月租金174400元。；,RPUNMLPJOHLGFGE56CC,,無,1150601~1250531,無,,
大社區,租賃房屋,高雄市大社區中華路８巷１４３號五樓,0.0,,,,1150526,土地0建物1車位0,五層,7,華廈(10層含以下有電梯),住家用,鋼筋混凝土造,0810401,92.86000000000001,3,2,2,有,有,有,15000,162,,0.0,0,,RPQNMLPJOHLGFIE98CC,整棟(戶)出租,有,1150601~1160531,有,冷氣、熱水器,社會住宅代管
大社區,租賃房屋,高雄市大社區翠屏路８４巷３５號十三樓,0.0,,,,1150529,土地0建物1車位0,十三層,19,住宅大樓(11層含以上有電梯),住家用,鋼筋混凝土造,0830128,45.7,1,1,1,有,有,有,9500,208,,0.0,0,,RPRNMLPJOHLGFIE09CC,獨立套房,有,1150601~1160531,有,冷氣、熱水器、洗衣機、電視機、冰箱、瓦斯或天然氣,社會住宅包租轉租
仁武區,租賃房屋,高雄市仁武區文館路１０８號,0.0,,,,1150529,土地0建物1車位0,全,3,透天厝,見使用執照,鋼筋混凝土造,0891102,167.04,4,2,3,有,無,有,26000,156,,0.0,0,,RPSNMLPJOHLGFIE56CC,整棟(戶)出租,無,1150610~1160609,無,冷氣、熱水器、洗衣機、電視機、冰箱,社會住宅代管
大寮區,租賃房屋,高雄市大寮區仁德路１６巷１４號四樓,0.0,,,,1150523,土地0建物1車位0,四層,16,住宅大樓(11層含以上有電梯),住家用,鋼筋混凝土造,0821231,114.45,3,2,2,有,有,有,18000,157,,0.0,0,,RPPNMLPJOHLGFLE56CC,整棟(戶)出租,有,1150601~1160531,有,冷氣、熱水器、冰箱、瓦斯或天然氣,社會住宅代管
前金區,租賃房屋,高雄市前金區六合二路１９０號,0.0,,,,1150528,土地0建物0車位0,全,4,透天厝,住商用,鋼筋混凝土造,0540404,16.85,18,1,19,有,無,有,9000,534,,0.0,0,租金總額含網路費；其他第四台；租賃建物部分範圍，且未計入共有部分面積；,RPPNMLQJOHLGFAE18CC,分租套房,無,1150601~1160531,有,冷氣、熱水器、冰箱、網路,一般代管
前金區,租賃房屋,高雄市前金區六合二路１９０號,0.0,,,,1150529,土地0建物0車位0,全,4,透天厝,住商用,鋼筋混凝土造,0540404,16.52,18,1,19,有,無,有,9000,545,,0.0,0,租金總額含網路費；其他第四台；租賃建物部分範圍，且未計入共有部分面積；,RPRNMLQJOHLGFAE38CC,分租套房,無,1150615~1160614,有,冷氣、熱水器、冰箱、網路,一般代管
鼓山區,租賃房屋+車位,高雄市鼓山區文信路３１２號５樓之１,0.0,,,,1150525,土地0建物1車位1,五層,16,住宅大樓(11層含以上有電梯),住家用,鋼筋混凝土造,0850907,160.24,4,2,2,有,有,無,29500,184,坡道平面,0.0,0,,RPXNMLQJOHLGFAE98CC,整棟(戶)出租,有,1150605~1160604,有,冷氣、熱水器、瓦斯或天然氣,
前金區,租賃房屋,高雄市前金區六合二路１９０號,0.0,,,,1150525,土地0建物0車位0,全,4,透天厝,住商用,鋼筋混凝土造,0540404,15.86,18,1,19,有,無,有,9500,599,,0.0,0,租金總額含網路費；其他第四台；租賃建物部分範圍，且未計入共有部分面積；,RPPOMLQJOHLGFAE28CC,分租套房,有,1150615~1160614,有,冷氣、熱水器、冰箱、網路,一般代管
苓雅區,租賃房屋,高雄市苓雅區武慶三路３２巷２０號四樓之３,0.0,,,,1150529,土地0建物1車位0,四層,5,公寓(5樓含以下無電梯),公寓,鋼筋混凝土造,0720118,83.46000000000001,3,1,1,有,有,有,10000,120,,0.0,0,,RPPNMLQJOHLGFBE28CC,整棟(戶)出租,有,1150605~1160604,無,冷氣、熱水器,社會住宅包租轉租
前鎮區,租賃房屋+車位,高雄市前鎮區民權二路３７８號１０樓之８,0.0,,,,1150529,土地0建物1車位1,十層,27,住宅大樓(11層含以上有電梯),住家用,鋼筋混凝土造,0841212,179.47,3,2,2,有,有,無,26000,145,坡道平面,0.0,0,,RPPNMLQJOHLGFCE38CC,整棟(戶)出租,有,1150608~1160607,有,,
左營區,租賃房屋,高雄市左營區博愛三路６３３號九樓之１,0.0,,,,1150528,土地0建物1車位0,九層,12,住宅大樓(11層含以上有電梯),住家用,見使用執照,0910314,73.19,2,1,1,有,有,有,16000,219,,0.0,0,,RPPNMLQJOHLGFEE58CC,整棟(戶)出租,有,1150601~1160531,有,冷氣、熱水器、洗衣機、電視機、冰箱、瓦斯或天然氣,社會住宅代管
楠梓區,租賃房屋+車位,高雄市楠梓區大學二十九路６２８號４樓,0.0,,,,1150530,土地0建物1車位1,四層,15,住宅大樓(11層含以上有電梯),集合住宅,鋼筋混凝土,1130130,108.85,2,1,1,有,有,有,18000,165,坡道平面,29.45,0,共有面積內含車位面積租金總額含管理費；,RPRNMLQJOHLGFEE78CC,整棟(戶)出租,有,1150605~1170604,有,熱水器,
鼓山區,租賃房屋,高雄市鼓山區九如四路９３１號,0.0,,,,1150530,土地0建物0車位0,全,4,透天厝,,鋼筋混凝土造,0670930,19.83,20,0,20,有,無,有,8700,439,,0.0,0,租金總額含水費；其他租金含第四台；,RPRNMLRJOHLGFAE48CC,分租套房,無,1150530~1160531,無,冷氣、電視機、冰箱,一般轉租
鼓山區,租賃房屋,高雄市鼓山區九如四路９３１號,0.0,,,,1150529,土地0建物0車位0,全,4,透天厝,,鋼筋混凝土造,0670930,19.83,20,0,20,有,無,有,8700,439,,0.0,0,租金總額含水費；其他租金含第四台；,RPSNMLRJOHLGFAE58CC,分租套房,無,1150529~1160531,無,冷氣、電視機、冰箱、有線電視、網路,一般轉租
鼓山區,租賃房屋,高雄市鼓山區裕豐街８號３樓,0.0,,,,1150528,土地0建物0車位0,三層,5,華廈(10層含以下有電梯),住家用,鋼筋混凝土造,0860501,19.83,3,0,3,有,無,有,7000,353,,0.0,0,租金總額含水費；其他租金含第四台；租賃建物部分範圍，且未計入共有部分面積；,RPTNMLRJOHLGFAE68CC,分租套房,無,1150528~1160601,有,冷氣、熱水器、電視機、冰箱、有線電視、網路,
鼓山區,租賃房屋,高雄市鼓山區裕豐街８號３樓,0.0,,,,1150527,土地0建物0車位0,三層,5,華廈(10層含以下有電梯),住家用,鋼筋混凝土造,0860501,19.83,3,0,3,有,無,有,7000,353,,0.0,0,其他租金含第四台；租賃建物部分範圍，且未計入共有部分面積；,RPUNMLRJOHLGFAE78CC,分租套房,無,1150527~1160531,有,冷氣、熱水器、電視機、冰箱、有線電視、網路,
前鎮區,租賃房屋,高雄市前鎮區二聖二路２７９號,0.0,,,,1150529,土地0建物0車位0,全,4,透天厝,店舖、住宅,鋼筋混凝土造,0660820,16.52,15,0,15,有,無,有,6300,381,,0.0,0,租金總額含水費；其他租金含第四台；,RPPNMLRJOHLGFCE48CC,分租套房,無,1150529~1160531,無,冷氣、熱水器、電視機、冰箱、有線電視、網路,一般代管
三民區,租賃房屋,高雄市三民區十全二路７０號,0.0,,,,1150531,土地0建物0車位0,全,3,透天厝,,加強磚造,0611108,23.14,15,0,15,有,無,有,7500,324,,0.0,0,,RPPNMLRJOHLGFDE58CC,分租套房,無,1150601~1151130,無,冷氣、熱水器、洗衣機、電視機、冰箱、網路,
三民區,租賃房屋,高雄市三民區義仁街１號,0.0,,,,1150528,土地0建物0車位0,全,2,透天厝,店舖、住宅,加強磚造,0640425,19.83,8,0,8,有,無,有,7000,353,,0.0,0,租金總額含水費；其他租金含第四台；,RPRNMLRJOHLGFDE78CC,分租套房,無,1150528~1150831,無,冷氣、熱水器、電視機、冰箱、有線電視、網路,一般代管
楠梓區,租賃房屋,高雄市楠梓區青田街１０巷２號,0.0,,,,1150528,土地0建物0車位0,全,3,透天厝,住家用,鋼筋混凝土造,0780308,23.14,7,0,7,有,無,有,9500,411,,0.0,0,,RPSNMLRJOHLGFEE98CC,分租套房,無,1150528~1160531,無,冷氣、熱水器、電視機、冰箱、有線電視、網路,一般轉租
楠梓區,租賃房屋,高雄市楠梓區青田街１０巷２號,0.0,,,,1150528,土地0建物0車位0,全,3,透天厝,住家用,鋼筋混凝土造,0780308,23.14,7,0,7,有,無,有,9500,411,,0.0,0,,RPTNMLRJOHLGFEE09CC,分租套房,無,1150528~1160531,無,冷氣、熱水器、電視機、冰箱、有線電視、網路,一般轉租
鼓山區,租賃房屋+車位,高雄市鼓山區美術南三路２７５號七樓,0.0,,,,1150529,土地0建物1車位1,七層,25,住宅大樓(11層含以上有電梯),集合住宅,鋼筋混凝土,1140728,219.92,3,2,2,有,有,有,58000,264,坡道平面,25.05,0,多人共同承租2；租金總額含管理費；,RPSOMLSJOHLGFAE78CC,整棟(戶)出租,有,1150605~1161204,有,冷氣、熱水器、洗衣機、電視機、冰箱、瓦斯或天然氣,
苓雅區,租賃房屋+車位,高雄市苓雅區自強三路５號２７樓-２９,0.0,,,,1150527,土地0建物1車位1,二十七層,85,住宅大樓(11層含以上有電梯),商業用,鋼骨鋼筋混凝土造,0880401,71.46000000000001,1,0,1,有,有,有,15000,210,坡道機械,21.31,0,2個月押金加1個月租金共4500045000-27000=18000於115.6/10前轉入屋主帳戶若超過時間未補即終止合約滲漏水處由出租人修繕後交屋承租方負擔-管理費1800元水費電費承租方退租時負責回復原狀本合約於期限屆滿前除依第十六條及第十七條規定得提前終止租約外租賃雙方不得任意終止租約。,RPPNMLSJOHLGFBE48CC,整棟(戶)出租,有,1150601~1160531,有,電視機、冰箱,
苓雅區,租賃房屋,高雄市苓雅區武慶三路３２巷１０號五樓之４,0.0,,,,1150529,土地0建物1車位0,五層,5,公寓(5樓含以下無電梯),公寓,鋼筋混凝土造,0720118,83.46000000000001,3,2,1,有,有,無,6000,72,,0.0,0,,RPTNMLSJOHLGFBE88CC,整棟(戶)出租,無,1150601~1160531,無,冷氣、熱水器、洗衣機、冰箱、瓦斯或天然氣,社會住宅包租轉租
新興區,租賃房屋,高雄市新興區中正三路９８號６樓之１,0.0,,,,1150528,土地0建物0車位0,六層,12,住宅大樓(11層含以上有電梯),集合住宅,鋼筋混凝土造,0730809,28.09,4,0,4,有,有,有,7300,260,,0.0,0,,RPVNMLSJOHLGFBE09CC,分租套房,有,1150601~1160531,有,冷氣、熱水器、洗衣機、電視機、冰箱、有線電視、網路,
苓雅區,租賃房屋,高雄市苓雅區中正一路２５５號６樓６０１室,0.0,,,,1150529,土地0建物1車位0,六層,12,辦公商業大樓,辦公室,鋼筋混凝土造,0781211,12.86,1,0,0,有,有,有,16800,1306,,0.0,0,本租賃標的物供營業辦公室使用。公共電費由乙方負擔1/8。乙方就本租賃物標的僅能登記1家公司∕商號地址。但經徵得甲方同意，且雙方另訂立租賃契約完成者，不在此限。乙方於本租賃契約終止或期限期滿，應即將本租賃標的物返還甲方，其將公司登記地址遷出。甲方提供乙方每月黑白影印50張若超過1張2元。甲方提供乙方免費飲料。甲方提供乙方每月使用會議室６小時，超過每小時收500元。租金總額含稅；租賃建物部分範圍，且未計入共有部分面積；租賃期間有約定不同租金第一個月-免租金裝修期第二個月-租金16800打6折第三個月-租金16800打8折第四個月起-租金16800元；,RPPOMLSJOHLGFBE58CC,,有,1150615~1170614,有,,
前鎮區,租賃房屋,高雄市前鎮區和平二路１２７之１號四樓之２１,0.0,,,,1150529,土地0建物1車位0,四層,8,華廈(10層含以下有電梯),集合住宅,鋼筋混凝土,1111027,32.89,1,0,1,有,無,有,8500,258,,0.0,0,,RPQNMLSJOHLGFCE68CC,獨立套房,有,1150529~1160528,有,冷氣、熱水器、洗衣機、冰箱,一般轉租
前鎮區,租賃房屋,高雄市前鎮區和平二路１２７之１號四樓之２１,0.0,,,,1150529,土地0建物1車位0,四層,8,華廈(10層含以下有電梯),集合住宅,鋼筋混凝土,1111027,32.89,1,0,1,有,無,有,8500,258,,0.0,0,,RPRNMLSJOHLGFCE78CC,獨立套房,有,1150529~1160528,有,冷氣、熱水器、洗衣機、冰箱,一般轉租
前鎮區,租賃房屋,高雄市前鎮區和平二路１２７之１號八樓之７,0.0,,,,1150529,土地0建物1車位0,八層,8,華廈(10層含以下有電梯),集合住宅,鋼筋混凝土,1111027,42.42,1,0,1,有,無,有,10700,252,,0.0,0,續租案件；,RPSNMLSJOHLGFCE88CC,獨立套房,有,1150528~1160527,有,冷氣、熱水器、洗衣機、冰箱,一般轉租
前鎮區,租賃房屋,高雄市前鎮區和平二路１２７之１號八樓之７,0.0,,,,1150529,土地0建物1車位0,八層,8,華廈(10層含以下有電梯),集合住宅,鋼筋混凝土,1111027,42.42,1,0,1,有,無,有,10700,252,,0.0,0,續租案件；,RPTNMLSJOHLGFCE98CC,獨立套房,有,1150528~1160527,有,冷氣、熱水器、洗衣機、冰箱,一般轉租
小港區,租賃房屋,高雄市小港區永順街１８３巷２之３號,19.12,商,,,1150529,土地1建物1車位0,四層,5,公寓(5樓含以下無電梯),集合住宅,鋼筋混凝土造,0740506,73.89,3,2,2,有,無,有,13000,176,,0.0,0,,RPUNMLSJOHLGFCE09CC,整棟(戶)出租,無,1150605~1160604,無,冷氣、熱水器、洗衣機、電視機、冰箱、瓦斯或天然氣,
前鎮區,租賃房屋+車位,高雄市前鎮區民權二路６號２４樓之２,0.0,,,,1150527,土地0建物1車位2,二十四層,37,辦公商業大樓,商業用,鋼骨造,0801030,608.53,0,0,0,無,有,無,110000,181,坡道平面,0.0,0,115年06月01日至115年07月31日水電費管理費由承租人支付到期續約12萬/月含稅租金總額含稅；,RPVNMLSJOHLGFCE56CC,,有,1150801~1170731,有,冷氣,
前鎮區,租賃房屋,高雄市前鎮區和平二路１２７之１號三樓之２３,0.0,,,,1150528,土地0建物1車位0,三層,8,華廈(10層含以下有電梯),集合住宅,鋼筋混凝土,1111027,33.14,1,0,1,有,無,有,8500,256,,0.0,0,續租案件；,RPOOMLSJOHLGFCE58CC,獨立套房,有,1150603~1150902,有,冷氣、熱水器、洗衣機、冰箱,一般轉租
前鎮區,租賃房屋,高雄市前鎮區和平二路１２７之１號三樓之２３,0.0,,,,1150528,土地0建物1車位0,三層,8,華廈(10層含以下有電梯),集合住宅,鋼筋混凝土,1111027,33.14,1,0,1,有,無,有,8500,256,,0.0,0,續租案件；,RPPOMLSJOHLGFCE68CC,獨立套房,有,1150603~1150902,有,冷氣、熱水器、洗衣機、冰箱,一般轉租
三民區,租賃房屋,高雄市三民區愛國路９９號５樓之２３,0.0,,,,1150526,土地0建物1車位0,五層,10,華廈(10層含以下有電梯),商業用,鋼筋混凝土造,0950726,15.690000000000001,1,0,1,有,有,有,4200,268,,0.0,0,含增建或未登記建物；續租案件；,RPQNMLSJOHLGFDE78CC,獨立套房,有,1150601~1151130,有,冷氣、熱水器、電視機、冰箱、網路,一般代管
三民區,租賃房屋,高雄市三民區河北二路１１２之３號八樓,0.0,,,,1150529,土地0建物1車位0,八層,14,住宅大樓(11層含以上有電梯),住家用,鋼筋混凝土造,0871113,125.86000000000001,3,1,2,有,有,有,14000,111,,0.0,0,多人共同承租3；,RPSNMLSJOHLGFDE98CC,整棟(戶)出租,有,1150606~1160224,有,冷氣、熱水器、洗衣機、冰箱、瓦斯或天然氣,社會住宅代管
三民區,租賃房屋,高雄市三民區鼎信街３０號,0.0,,,,1150527,土地0建物0車位0,全,3,透天厝,住家用,鋼筋混凝土造,0881028,16.52,5,1,5,有,無,有,5800,351,,0.0,0,租賃建物部分範圍，且未計入共有部分面積；,RPWNMLSJOHLGFDE76CC,分租套房,無,1150528~1160527,無,冷氣,
三民區,租賃房屋,高雄市三民區鼎新路１２巷２６號,0.0,,,,1150531,土地0建物1車位0,全,2,透天厝,住宅,加強磚造,0671002,100.4,5,1,4,有,無,有,22000,219,,0.0,0,,RPXNMLSJOHLGFDE86CC,整棟(戶)出租,無,1150601~1160531,無,冷氣、熱水器、洗衣機、冰箱,社會住宅代管
左營區,租賃房屋,高雄市左營區高鐵路６８６號７樓,0.0,,,,1150529,土地0建物1車位0,七層,14,住宅大樓(11層含以上有電梯),國民住宅,鋼筋混凝土造,0861215,110.63,2,2,2,有,有,有,16000,145,,0.0,0,續租案件；,RPUNMLSJOHLGFEE66CC,整棟(戶)出租,有,1150601~1160219,有,冷氣、熱水器、洗衣機、電視機、冰箱,社會住宅代管
左營區,租賃房屋,高雄市左營區新上街５４號,0.0,,,,1150521,土地0建物0車位0,全,3,透天厝,店舖、住宅,鋼筋混凝土造,0700113,15.74,14,0,14,有,無,有,6500,413,,0.0,0,,RPOOMLSJOHLGFEE78CC,分租套房,無,1150601~1160531,無,冷氣、熱水器、洗衣機、電視機、冰箱、有線電視、網路,
左營區,租賃房屋,高雄市左營區至真路５４５巷１１號,0.0,,,,1150525,土地0建物0車位0,全,2,透天厝,住宅,加強磚造,0621123,6.94,10,0,10,有,無,有,6300,908,,0.0,0,含增建或未登記建物；續租案件；,RPQOMLSJOHLGFEE98CC,分租套房,無,1150615~1160614,無,冷氣、熱水器、洗衣機、電視機、冰箱、有線電視、網路,
左營區,租賃房屋,高雄市左營區新上街５４號,0.0,,,,1150525,土地0建物0車位0,全,3,透天厝,店舖、住宅,鋼筋混凝土造,0700113,15.74,14,0,14,有,無,有,7800,496,,0.0,0,,RPROMLSJOHLGFEE09CC,分租套房,無,1150601~1160531,無,冷氣、熱水器、洗衣機、電視機、冰箱、有線電視、網路,
岡山區,租賃房屋,高雄市岡山區大富街３３號４樓,0.0,,,,1150529,土地0建物0車位0,四層,7,華廈(10層含以下有電梯),住家用,鋼筋混凝土造,0830315,29.38,4,0,4,有,有,有,6800,231,,0.0,0,,RPRNMLSJOHLGFFE09CC,分租套房,無,1150602~1160601,有,冷氣、熱水器、洗衣機、電視機、冰箱、有線電視、網路,
橋頭區,租賃房屋,高雄市橋頭區仕豐路信義巷１９之７號,0.0,,,,1150529,土地0建物1車位0,全,4,透天厝,集合住宅,鋼筋混凝土造,1051208,162.3,4,2,3,有,無,有,27000,166,,0.0,0,,RPSNMLSJOHLGFFE56CC,整棟(戶)出租,無,1150601~1160531,無,冷氣、熱水器、冰箱、瓦斯或天然氣、有線電視,
鳳山區,租賃房屋,高雄市鳳山區瑞興路２４９巷１１號２樓,0.0,,,,1150528,土地0建物1車位0,二層,14,住宅大樓(11層含以上有電梯),住家用,鋼筋混凝土造,0860919,111.53,3,1,2,有,有,有,15000,134,,0.0,0,續租案件；,RPQNMLSJOHLGFGE09CC,整棟(戶)出租,有,1150615~1160614,有,熱水器、瓦斯或天然氣,社會住宅代管
鹽埕區,租賃房屋,高雄市鹽埕區河西路７-１號,0.0,,,,1150528,土地0建物1車位0,見其他登記事項,12,店面(店鋪),住商用,鋼筋混凝土造,0780511,502.15,3,4,2,有,有,無,100000,199,,0.0,0,租金總額含稅；管理費；租賃期間有約定不同租金民國115年5月28日至7月31日為免租裝修期不收租金；,RPTNMLTJOHLGFAE88CC,,有,1150801~1200731,有,,
苓雅區,土地,林德官段一小段2529地號,108.0,商,,,1150522,土地1建物0車位0,,,其他,,,,0.0,0,0,0,無,無,無,20000,185,,0.0,0,,RPQNMLTJOHLGFBE68CC,,,1150601~1200531,,,
前鎮區,租賃房屋,高雄市前鎮區三多三路１５３號六樓之８,0.0,,,,1150522,土地0建物1車位0,六層,16,住宅大樓(11層含以上有電梯),住家用,鋼筋混凝土造,0771212,86.38,2,1,1,有,有,無,12900,149,,0.0,0,續租案件；,RPPOMLTJOHLGFCE78CC,整棟(戶)出租,有,1150601~1160531,有,冷氣、熱水器,社會住宅代管
三民區,租賃房屋+車位,高雄市三民區德勝街６７號四樓之５,0.0,,,,1150526,土地0建物1車位1,四層,15,住宅大樓(11層含以上有電梯),集合住宅,鋼筋混凝土,1140108,146.44,3,2,2,有,有,有,28000,191,坡道平面,18.49,0,含增建或未登記建物；,RPOOMLTJOHLGFDE78CC,整棟(戶)出租,有,1150605~1160604,有,冷氣、熱水器、洗衣機、電視機、冰箱,
三民區,租賃房屋,高雄市三民區陽明路１０號,0.0,,,,1150527,土地0建物1車位0,見其他登記事項,5,店面(店鋪),,鋼筋混凝土造,0781101,416.58,6,2,4,有,無,無,50000,120,,0.0,0,115.5.27-115.7.14為裝潢期免收租金本物件租賃範圍不含頂樓屋頂突出物多人共同承租3；租金總額含稅；,RPXOMLTJOHLGFDE07CC,,無,1150527~1200714,無,,
三民區,租賃房屋+車位,高雄市三民區覺民路６０８號四樓,0.0,,,,1150528,土地0建物1車位1,四層,15,住宅大樓(11層含以上有電梯),集合住宅,鋼筋混凝土造,1050406,155.63,3,2,2,有,有,有,24000,154,坡道平面,25.28,0,多人共同承租2；,RPSPMLTJOHLGFDE66CC,整棟(戶)出租,有,1150610~1160609,有,冷氣、熱水器、洗衣機、電視機、冰箱、瓦斯或天然氣,
楠梓區,租賃房屋,高雄市楠梓區安泰街１８２巷２號３樓之１,0.0,,,,1150529,土地0建物1車位0,三層,10,華廈(10層含以下有電梯),見使用執照,見使用執照,0930413,24.229999999999997,1,0,1,有,有,有,5000,206,,0.0,0,含增建或未登記建物；續租案件；,RPQNMLTJOHLGFEE98CC,獨立套房,有,1150710~1160309,有,冷氣、熱水器、電視機、冰箱、網路,一般代管
楠梓區,租賃房屋+車位,高雄市楠梓區德中路５號６樓,0.0,,,,1150527,土地0建物1車位1,六層,15,住宅大樓(11層含以上有電梯),集合住宅,鋼筋混凝土,1140602,147.8,2,2,2,有,有,有,20624,140,坡道平面,24.84,0,其他原租金24000已扣除管理費3376；,RPRNMLTJOHLGFEE09CC,整棟(戶)出租,有,1150615~1160614,有,冷氣、熱水器、洗衣機、冰箱,
橋頭區,租賃房屋+車位,高雄市橋頭區新東一街１２７號,0.0,,,,1150526,土地0建物1車位1,一層,15,住宅大樓(11層含以上有電梯),店鋪,鋼筋混凝土造,1120418,256.7,0,0,1,有,有,無,60000,234,坡道平面,26.0,0,租賃期間有約定不同租金115.05.26-115.06.30裝潢期租金新台幣0元整.115.07.01-118.05.31每月租金新台幣6萬元整；,RPXNMLTJOHLGFFE17CC,,有,1150526~1180531,有,,
大社區,土地,萬金段819地號,670.0,其他,,,1150525,土地2建物0車位0,,,其他,,,,0.0,0,0,0,無,無,無,100000,149,,0.0,0,租賃部分面積約670平方公尺。115.6.1至115.7.31為裝修期免租金。含增建或未登記建物；,RPTNMLTJOHLGFIE07CC,,,1150801~1200731,,,
大社區,租賃房屋,高雄市大社區大社路１５號七樓之５,0.0,,,,1150531,土地0建物1車位0,七層,9,華廈(10層含以下有電梯),住家用,鋼筋混凝土造,0840125,46.339999999999996,1,0,1,有,有,有,10000,216,,0.0,0,,RPUNMLTJOHLGFIE17CC,獨立套房,有,1150601~1180531,有,冷氣、熱水器、洗衣機、電視機、冰箱,社會住宅代管
大寮區,租賃房屋,高雄市大寮區崇聖路２０號２樓之８,0.0,,,,1150526,土地0建物1車位0,二層,6,華廈(10層含以下有電梯),辦公室,鋼筋混凝土造,0971219,16.130000000000003,1,0,1,有,有,有,4500,279,,0.0,0,含增建或未登記建物；續租案件；,RPPNMLTJOHLGFLE96CC,獨立套房,有,1150701~1160630,有,冷氣、熱水器、電視機、冰箱、網路,一般代管
鼓山區,租賃房屋,高雄市鼓山區大順一路９２７巷４號五樓,0.0,,,,1150526,土地0建物1車位0,五層,5,公寓(5樓含以下無電梯),集合住宅,鋼筋混凝土造,0760507,110.83000000000001,4,2,3,有,無,有,19800,179,,0.0,0,續租案件；,RPPNMLKKOHLGFAE67CC,整棟(戶)出租,無,1150620~1160619,無,冷氣、熱水器、洗衣機、電視機、冰箱、瓦斯或天然氣,一般代管
前金區,租賃房屋,高雄市前金區成功一路５５１巷２號七樓之３,0.0,,,,1150528,土地0建物1車位0,七層,7,華廈(10層含以下有電梯),住家用,鋼筋混凝土造,0810513,71.08,2,1,1,有,有,無,10000,141,,0.0,0,續租案件；,RPRNMLKKOHLGFAE87CC,整棟(戶)出租,無,1150701~1160630,有,熱水器,社會住宅代管
鼓山區,租賃房屋+車位,高雄市鼓山區美術東四路６９６號３樓之７,0.0,,,,1150528,土地0建物1車位1,三層,24,住宅大樓(11層含以上有電梯),集合住宅,鋼筋混凝土,1120920,97.78,2,1,1,有,有,無,25000,256,坡道平面,0.0,0,多人共同承租3；,RPTNMLKKOHLGFAE08CC,整棟(戶)出租,有,1150529~1160604,有,,
鼓山區,租賃房屋+車位,高雄市鼓山區美術東四路４５６號十四樓,0.0,,,,1150527,土地0建物1車位1,十四層,15,住宅大樓(11層含以上有電梯),住家用,鋼筋混凝土造,0980325,150.5,3,2,2,有,有,有,24940,166,坡道平面,14.93,0,多人共同承租2；,RPUNMLKKOHLGFAE18CC,整棟(戶)出租,有,1150601~1160531,有,冷氣、熱水器、洗衣機、電視機、瓦斯或天然氣,
前金區,租賃房屋,高雄市前金區大同一路２９２號三樓,0.0,,,,1150529,土地0建物1車位0,三層,28,住宅大樓(11層含以上有電梯),集合住宅,鋼骨構造、鋼骨鋼筋混凝土構造、鋼筋混凝土造,1070904,89.71000000000001,2,1,1,有,有,有,26000,290,,0.0,0,租金總額含管理費；網路費；續租案件；,RPVNMLKKOHLGFAE28CC,整棟(戶)出租,有,1150605~1150905,有,冷氣、熱水器、洗衣機、電視機、冰箱、網路,
前金區,租賃房屋,高雄市前金區中正四路１１８號十樓之５,0.0,,,,1150522,土地0建物1車位0,十層,12,住宅大樓(11層含以上有電梯),住家用,鋼筋混凝土造,0850506,54.04,1,0,1,有,有,有,8000,148,,0.0,0,續租案件；,RPWNMLKKOHLGFAE38CC,獨立套房,有,1150612~1160611,有,冷氣、熱水器、洗衣機、電視機、冰箱,社會住宅代管
鼓山區,租賃房屋,高雄市鼓山區龍德路１１３之１號１樓,0.0,,,,1150522,土地0建物1車位0,一層,5,華廈(10層含以下有電梯),住家用,鋼筋混凝土造,0850325,43.56,0,0,0,無,無,無,23000,528,,0.0,0,115年5月23日至115年6月22日止為裝潢期，免收租金。租金總額含稅；租賃期間有約定不同租金115年6月23至117年6月22日每月租金新台幣23000元整。117年6月23至118年6月22日每月租金新台幣25000元整。；,RPUOMLKKOHLGFAE28CC,,無,1150623~1180622,有,,
鼓山區,租賃房屋,高雄市鼓山區龍勝路１４０號１４樓,0.0,,,,1150526,土地0建物1車位0,十四層,15,住宅大樓(11層含以上有電梯),住家用,鋼筋混凝土造,0950809,79.57,2,2,1,有,有,有,18500,232,,0.0,0,租金總額含管理費；,RPWOMLKKOHLGFAE48CC,整棟(戶)出租,有,1150601~1160531,有,冷氣、熱水器、洗衣機、電視機、冰箱、瓦斯或天然氣,
苓雅區,租賃房屋+車位,高雄市苓雅區建國一路９１號八樓之３,0.0,,,,1150529,土地0建物1車位1,八層,15,住宅大樓(11層含以上有電梯),集合住宅,鋼筋混凝土造,1111230,117.21000000000001,2,1,1,有,有,有,24500,209,坡道平面,34.56,0,租金總額含管理費；續租案件；,RPRNMLKKOHLGFBE97CC,整棟(戶)出租,有,1150605~1160604,有,冷氣、熱水器、洗衣機、冰箱、瓦斯或天然氣,
苓雅區,租賃房屋,高雄市苓雅區七賢一路１２１號１９樓之９,0.0,,,,1150528,土地0建物1車位0,十九層,29,住宅大樓(11層含以上有電梯),集合住宅,鋼骨構造、鋼骨鋼筋混凝土構造、鋼筋混凝土構造,1070911,64.29,2,1,1,有,有,有,19000,296,,0.0,0,租金總額含管理費；,RPUNMLKKOHLGFBE28CC,整棟(戶)出租,有,1150601~1160531,有,冷氣、熱水器、洗衣機、電視機、冰箱、瓦斯或天然氣,
苓雅區,租賃房屋,高雄市苓雅區苓雅二路２１５號１２樓之３,0.0,,,,1150521,土地0建物1車位0,十二層,14,住宅大樓(11層含以上有電梯),集合住宅,鋼筋混凝土造,0780601,110.52,3,1,1,有,有,有,17500,158,,0.0,0,,RPWNMLKKOHLGFBE48CC,整棟(戶)出租,有,1150601~1160531,有,冷氣、熱水器、洗衣機、電視機、冰箱、瓦斯或天然氣,一般轉租
新興區,租賃房屋,高雄市新興區南華路１９８號五樓之７,0.0,,,,1150522,土地0建物1車位0,五層,14,住宅大樓(11層含以上有電梯),住家用,鋼筋混凝土造,0940803,39.91,1,0,1,有,有,有,10000,251,,0.0,0,續租案件；,RPQOMLKKOHLGFBE97CC,獨立套房,有,1150616~1160615,有,冷氣、熱水器、電視機、冰箱,社會住宅代管
苓雅區,租賃房屋,高雄市苓雅區武信街１５巷１３號３樓,0.0,,,,1150526,土地0建物1車位0,三層,5,公寓(5樓含以下無電梯),公寓,鋼筋混凝土造,0680117,75.4,3,2,2,有,無,無,16000,212,,0.0,0,,RPVOMLKKOHLGFBE48CC,整棟(戶)出租,無,1150601~1160531,無,冷氣、熱水器、洗衣機,社會住宅代管
苓雅區,租賃房屋,高雄市苓雅區建國一路２巷１０弄６號四樓,0.0,,,,1150525,土地0建物1車位0,四層,5,公寓(5樓含以下無電梯),,鋼筋混凝土造,0740503,92.19,3,2,2,有,無,有,14000,152,,0.0,0,續租案件；,RPPPMLKKOHLGFBE97CC,整棟(戶)出租,無,1150610~1160609,無,冷氣、熱水器,社會住宅代管
前鎮區,租賃房屋,高雄市前鎮區二聖二巷２２之４號,0.0,,,,1150525,土地0建物1車位0,三層,4,公寓(5樓含以下無電梯),公寓,鋼筋混凝土造,0651008,75.22,3,2,2,有,無,有,14000,186,,0.0,0,參加國家住宅及都市更新中心辦理社會住宅包租代管第5期計畫中央版多人共同承租2；,RPPNMLKKOHLGFCE87CC,整棟(戶)出租,無,1150610~1180609,無,冷氣、熱水器、洗衣機、電視機、冰箱,社會住宅包租轉租
前鎮區,租賃房屋,高雄市前鎮區林森四路２３０號十樓,0.0,,,,1150525,土地0建物1車位0,十層,29,住宅大樓(11層含以上有電梯),集合住宅,鋼筋混凝土,1130330,75.0,2,1,1,有,有,有,28000,373,,0.0,0,租金總額含管理費；網路費；續租案件；,RPSNMLKKOHLGFCE18CC,整棟(戶)出租,有,1150701~1160630,有,冷氣、熱水器、洗衣機、電視機、冰箱、網路,
前鎮區,租賃房屋,高雄市前鎮區廣西路１９９號７樓之１,0.0,,,,1150526,土地0建物1車位0,七層,16,住宅大樓(11層含以上有電梯),集合住宅,鋼筋混凝土,1070620,107.99,2,1,1,有,有,無,18000,167,,0.0,0,租金總額含管理費；未租賃車位，建物登記含有車位面積；續租案件；,RPUNMLKKOHLGFCE38CC,整棟(戶)出租,有,1150526~1160525,有,冷氣、熱水器、瓦斯或天然氣,一般代管
小港區,租賃房屋,高雄市小港區高鳳路４５９巷１弄１１號三樓,0.0,,,,1150524,土地0建物1車位0,三層,16,住宅大樓(11層含以上有電梯),住家用,鋼筋混凝土造,0840126,103.17,3,2,2,有,有,有,15000,145,,0.0,0,,RPWOMLKKOHLGFCE68CC,整棟(戶)出租,有,1150603~1160602,有,冷氣、熱水器、洗衣機、冰箱、瓦斯或天然氣,社會住宅代管
三民區,租賃房屋,高雄市三民區大順二路６５３號１０樓之３,0.0,,,,1150521,土地0建物1車位0,見其他登記事項,18,住宅大樓(11層含以上有電梯),住家用,鋼筋混凝土造,0850325,41.75,1,0,1,有,有,有,8500,204,,0.0,0,續租案件；,RPRPMLKKOHLGFDE38CC,獨立套房,有,1150618~1160617,有,冷氣、熱水器、洗衣機、電視機、冰箱,社會住宅代管
楠梓區,租賃房屋,高雄市楠梓區德民路１３０號,0.0,,,,1150527,土地0建物1車位0,見其他登記事項,12,店面(店鋪),住商用,鋼筋混凝土造,0780915,181.63,2,2,2,有,有,無,25000,138,,0.0,0,租金總額含管理費；其他扣繳稅款、二代健保補充保費；,RPOOMLKKOHLGFEE08CC,,有,1150601~1180531,有,冷氣,
左營區,租賃房屋,高雄市左營區文川路４３９號二十樓,0.0,,,,1150525,土地0建物1車位0,二十層,22,住宅大樓(11層含以上有電梯),住家用,鋼筋混凝土造,0860419,128.46,3,1,2,有,有,有,17700,138,,0.0,0,續租案件；,RPSPMLKKOHLGFEE58CC,整棟(戶)出租,有,1150601~1160531,有,冷氣、熱水器、洗衣機、電視機、冰箱、瓦斯或天然氣,社會住宅代管
左營區,租賃房屋+車位,高雄市左營區博愛四路２５５號十四樓之５,0.0,,,,1150529,土地0建物1車位1,十四層,34,住宅大樓(11層含以上有電梯),集合住宅,鋼骨鋼筋混凝土構造、鋼筋混凝土造,1141014,108.22,2,1,1,有,有,有,29000,268,坡道平面,22.23,0,租金總額含管理費；,RPWPMLKKOHLGFEE98CC,整棟(戶)出租,有,1150530~1160529,有,冷氣、洗衣機、冰箱,
橋頭區,租賃房屋+車位,高雄市橋頭區橋新七路６８號１２樓,0.0,,,,1150528,土地0建物1車位1,十二層,15,住宅大樓(11層含以上有電梯),集合住宅,鋼筋混凝土造,1120418,105.59,2,1,1,有,有,有,20700,196,坡道平面,26.02,0,汽車位B2-357機車位B1-212共有建號含車位面積租金總額含管理費；,RPSNMLKKOHLGFFE48CC,整棟(戶)出租,有,1150605~1160604,有,冷氣、熱水器、洗衣機、電視機、冰箱、瓦斯或天然氣,
橋頭區,租賃房屋,高雄市橋頭區仕豐南路１１３號,0.0,,,,1150528,土地0建物1車位0,全,3,透天厝,店舖、住宅,鋼筋混凝土造,1080522,222.34,5,2,4,有,無,無,30000,135,,0.0,0,多人共同承租2；,RPUNMLKKOHLGFFE68CC,整棟(戶)出租,無,1150528~1170531,無,,
鳳山區,租賃房屋+車位,高雄市鳳山區保安二街７８號十四樓,0.0,,,,1150529,土地0建物1車位1,十四層,15,住宅大樓(11層含以上有電梯),集合住宅,鋼筋混凝土,1140107,95.94999999999999,2,1,1,有,有,有,21000,219,坡道平面,21.55,0,多人共同承租2；租金總額含管理費；續租案件；,RPPNMLKKOHLGFGE28CC,整棟(戶)出租,有,1150805~1160806,有,冷氣、熱水器、瓦斯或天然氣,
鳳山區,租賃房屋,高雄市鳳山區中崙二路５８２巷８號,0.0,,,,1150526,土地0建物1車位0,一層,7,華廈(10層含以下有電梯),住家用,鋼筋混凝土造,0830818,122.94,3,2,2,有,無,有,22000,179,,0.0,0,,RPVNMLKKOHLGFGE88CC,整棟(戶)出租,無,1150602~1160601,有,冷氣、熱水器、洗衣機、電視機、冰箱,
鳳山區,租賃房屋,高雄市鳳山區文藝街６７號４樓,0.0,,,,1150530,土地0建物1車位0,全,4,透天厝,店舖、住宅、樓梯間,鋼筋混凝土,1030820,23.5,1,0,1,有,無,有,9500,404,,0.0,0,,RPOOMLKKOHLGFGE28CC,獨立套房,無,1150601~1160531,無,冷氣、電視機、冰箱,
旗山區,租賃房屋,高雄市旗山區仁義巷１８號２樓,0.0,,,,1150524,土地0建物0車位0,二層,4,公寓(5樓含以下無電梯),集合住宅,鋼筋混凝土造,1030617,12.0,12,0,12,有,無,有,5000,417,,0.0,0,為分租套房一間，面積為實際丈量結果,RPPNMLKKOHLGFHE38CC,分租套房,無,1150601~1151130,無,冷氣、冰箱,一般代管
大寮區,租賃房屋,高雄市大寮區中正路８８巷１２８弄８８號６樓之７,0.0,,,,1150521,土地0建物1車位0,六層,15,住宅大樓(11層含以上有電梯),集合住宅,鋼筋混凝土造,1130604,79.13,2,1,1,有,有,有,18000,227,,0.0,0,,RPTNMLKKOHLGFLE56CC,整棟(戶)出租,有,1150601~1160531,有,冷氣、熱水器、洗衣機、電視機、冰箱,社會住宅代管
前金區,租賃房屋,高雄市前金區仁智街２６５號２樓,64.0,商,,,1150526,土地2建物1車位0,全,3,透天厝,店舖、住宅,加強磚造,0610516,55.03,0,0,0,無,無,無,16000,291,,0.0,0,,RPVNMLLKOHLGFAE38CC,,無,1150801~1180831,無,,
前金區,租賃房屋,高雄市前金區仁智街２６５號１樓,64.0,商,,,1150526,土地2建物1車位0,全,3,透天厝,店舖、住宅,加強磚造,0610516,53.85,0,0,0,無,無,無,20000,371,,0.0,0,,RPWNMLLKOHLGFAE48CC,,無,1150801~1180831,無,,
鼓山區,租賃房屋+車位,高雄市鼓山區明誠四路１５８號１８樓之１１,0.0,,,,1150525,土地0建物1車位1,十八層,26,住宅大樓(11層含以上有電梯),集合住宅,鋼骨構造、鋼骨鋼筋混凝土構造、鋼筋混凝土造,1120509,155.82999999999998,3,2,2,有,有,有,36000,231,坡道平面,32.79,0,租金總額含管理費；,RPPOMLLKOHLGFAE87CC,整棟(戶)出租,有,1150601~1160630,有,冷氣、熱水器、洗衣機、電視機、冰箱,一般代管
鹽埕區,租賃房屋,高雄市鹽埕區府北路１號８樓之４,0.0,,,,1150529,土地0建物1車位0,八層,12,住宅大樓(11層含以上有電梯),套房、住宅,鋼筋混凝土造,0681218,38.56,1,0,1,有,有,有,8000,207,,0.0,0,,RPSOMLLKOHLGFAE18CC,獨立套房,有,1150610~1160609,有,冷氣、熱水器、洗衣機、電視機、冰箱,社會住宅代管
鼓山區,租賃房屋+車位,高雄市鼓山區富農路１５６號二十五樓,0.0,,,,1150529,土地0建物1車位1,二十五層,30,住宅大樓(11層含以上有電梯),住家用,鋼骨鋼筋混凝土造,1011011,251.98,3,2,2,有,有,有,50000,198,坡道平面,15.44,0,,RPUOMLLKOHLGFAE38CC,整棟(戶)出租,有,1150601~1160531,有,冷氣、熱水器、洗衣機、電視機、冰箱、瓦斯或天然氣,
鼓山區,租賃房屋,高雄市鼓山區濱海一路８８巷２０號４樓之１,0.0,,,,1150523,土地0建物0車位0,四層,5,華廈(10層含以下有電梯),住家用,鋼骨造,0950724,13.22,2,0,2,有,有,有,6000,454,,0.0,0,租賃建物部分範圍，且未計入共有部分面積；,RPVOMLLKOHLGFAE48CC,分租套房,無,1150523~1160415,有,冷氣,一般代管
鹽埕區,租賃房屋,高雄市鹽埕區富野路１１３號,0.0,,,,1150521,土地0建物0車位0,全,5,透天厝,店舖、住宅,鋼筋混凝土造,0690503,21.37,7,0,6,有,無,有,9500,445,,0.0,0,續租案件；,RPOPMLLKOHLGFAE87CC,分租套房,無,1150701~1160630,無,冷氣、熱水器、洗衣機、電視機、冰箱、有線電視、網路,一般代管
苓雅區,租賃房屋,高雄市苓雅區新光路６２巷１７號３０樓之２,5.1,商,,,1150527,土地1建物1車位0,三十層,35,住宅大樓(11層含以上有電梯),住家用,鋼筋混凝土造,0860421,116.0,2,2,1,有,有,有,15000,129,,0.0,0,多人共同承租2；,RPTNMLLKOHLGFBE28CC,整棟(戶)出租,有,1150610~1160609,有,冷氣、熱水器、洗衣機、冰箱、瓦斯或天然氣,
新興區,租賃房屋,高雄市新興區復興一路６３號１６樓之４,0.0,,,,1150526,土地0建物1車位0,十六層,16,住宅大樓(11層含以上有電梯),住家用,鋼筋混凝土造,0830407,60.42,1,1,1,有,有,有,9000,149,,0.0,0,續租案件；,RPWOMLLKOHLGFBE68CC,獨立套房,有,1150610~1160609,有,冷氣、熱水器、洗衣機、電視機、冰箱,社會住宅代管
苓雅區,租賃房屋,高雄市苓雅區三多二路９號十五樓之１０,0.0,,,,1150528,土地0建物1車位0,十五層,22,住宅大樓(11層含以上有電梯),集合住宅,鋼筋混凝土,1100825,88.91,2,1,1,有,有,有,25000,281,,0.0,0,多人共同承租2；租金總額含管理費；,RPOPMLLKOHLGFBE97CC,整棟(戶)出租,有,1150605~1160604,有,冷氣、熱水器、洗衣機、電視機、冰箱,
小港區,租賃房屋,高雄市小港區松園六路８７號１４樓,11.03,商,,,1150528,土地1建物1車位0,十四層,17,住宅大樓(11層含以上有電梯),集合住宅,鋼筋混凝土,1140829,98.65,2,1,2,有,有,有,23000,233,,0.0,0,租金總額含管理費；,RPPNMLLKOHLGFCE97CC,整棟(戶)出租,有,1150601~1160531,有,冷氣、熱水器、洗衣機、電視機、冰箱,
前鎮區,租賃房屋,高雄市前鎮區鎮川二巷４４號,50.0,住,,,1150523,土地1建物1車位0,全,2,透天厝,住家用,加強磚造,0570715,72.2,5,3,2,有,無,無,16000,222,,0.0,0,,RPUNMLLKOHLGFCE48CC,整棟(戶)出租,無,1150601~1160531,無,冷氣,
三民區,租賃房屋,高雄市三民區南台路１９５巷１３號二十二樓之１０,0.0,,,,1150526,土地0建物1車位0,二十二層,25,住宅大樓(11層含以上有電梯),商業用,鋼骨鋼筋混凝土造,0870929,38.160000000000004,1,1,1,有,有,有,10000,262,,0.0,0,,RPWNMLLKOHLGFDE78CC,獨立套房,有,1150701~1170630,有,冷氣、熱水器、洗衣機、電視機、冰箱,社會住宅包租轉租
三民區,租賃房屋,高雄市三民區民壯路１０號１０樓之２,0.0,,,,1150525,土地0建物1車位0,十層,11,住宅大樓(11層含以上有電梯),住家用,鋼筋混凝土造,0830407,156.15,4,2,2,有,有,有,20700,133,,0.0,0,續租案件；,RPPOMLLKOHLGFDE18CC,整棟(戶)出租,有,1150601~1160531,有,冷氣、熱水器、洗衣機、冰箱,社會住宅代管
楠梓區,租賃房屋+車位,高雄市楠梓區大學西路７５號,16.37,住,,,1150521,土地1建物1車位1,一層,15,店面(店鋪),集合住宅,鋼筋混凝土造,1120823,121.21,0,0,0,無,有,無,30000,248,坡道平面,24.78,0,租金總額含管理費；,RPPNMLLKOHLGFEE18CC,,有,1150801~1180801,無,,
楠梓區,租賃房屋,高雄市楠梓區芎蕉五街１５５號二樓之２０,0.0,,,,1150526,土地0建物1車位0,二層,6,華廈(10層含以下有電梯),住家用,見使用執照,0900907,21.61,1,0,1,有,有,有,4500,208,,0.0,0,續租案件；,RPXNMLLKOHLGFEE98CC,獨立套房,有,1150616~1160615,有,冷氣、熱水器、冰箱,社會住宅包租轉租
楠梓區,租賃房屋+車位,高雄市楠梓區加仁路１７７號８樓,0.0,,,,1150526,土地0建物1車位1,八層,15,住宅大樓(11層含以上有電梯),住家用,鋼筋混凝土,1030502,156.48000000000002,3,2,2,有,有,有,15000,96,坡道平面,19.14,0,續租案件；,RPPOMLLKOHLGFEE28CC,整棟(戶)出租,有,1150601~1160531,有,冷氣、熱水器、洗衣機、電視機、冰箱,社會住宅代管
橋頭區,租賃房屋,高雄市橋頭區林頭路１１之１號,0.0,,,,1150530,土地0建物1車位0,全,3,透天厝,住商用,鋼筋混凝土造,0691205,143.4,3,1,2,有,無,有,10000,70,,0.0,0,,RPSNMLLKOHLGFFE58CC,整棟(戶)出租,無,1150601~1160531,無,冷氣、熱水器、冰箱,社會住宅代管
鳳山區,租賃房屋,高雄市鳳山區文清街１１６號五樓,0.0,,,,1150525,土地0建物1車位0,五層,7,華廈(10層含以下有電梯),住家用,鋼筋混凝土造,0700810,125.72,3,2,2,有,有,無,17000,135,,0.0,0,,RPSNMLLKOHLGFGE68CC,整棟(戶)出租,有,1150610~1180609,有,冷氣、熱水器、洗衣機、冰箱,社會住宅包租轉租
鳳山區,租賃房屋,高雄市鳳山區新富路４０５巷２之３號,0.0,,,,1150529,土地0建物1車位0,四層,5,公寓(5樓含以下無電梯),住家用,鋼筋混凝土造,0701230,73.65,3,2,1,有,無,有,13000,177,,0.0,0,,RPTNMLLKOHLGFGE78CC,整棟(戶)出租,無,1150601~1180531,無,冷氣、熱水器,社會住宅包租轉租
茄萣區,租賃房屋,高雄市茄萣區民治路２７４號,0.0,,,,1150521,土地0建物0車位0,全,3,透天厝,住商用,鋼筋混凝土造,0800801,23.6,5,0,5,有,無,有,8000,339,,0.0,0,續租案件；,RPRNMLLKOHLGFJE88CC,分租套房,無,1150701~1160630,無,冷氣、熱水器、冰箱、網路,一般代管
林園區,租賃房屋,高雄市林園區海墘路６６巷３１之２號,0.0,,,,1150524,土地0建物1車位0,三層,5,公寓(5樓含以下無電梯),住家用,鋼筋混凝土造,0710601,58.88,2,2,1,有,無,有,10000,170,,0.0,0,續租案件；,RPPNMLLKOHLGFLE88CC,整棟(戶)出租,無,1150605~1160604,無,熱水器、洗衣機、冰箱,社會住宅代管
林園區,租賃房屋+車位,高雄市林園區溪州三路３７３巷１５弄２３之１６號二樓,0.0,,,,1150526,土地0建物1車位1,二層,5,華廈(10層含以下有電梯),集合住宅,鋼筋混凝土造,1120425,80.32,2,2,1,有,有,有,15000,187,一樓平面,0.0,0,參加國家住宅及都市更新中心辦理社會住宅包租代管第5期計畫中央版租金總額含管理費；,RPTNMLLKOHLGFLE66CC,整棟(戶)出租,無,1150601~1180531,有,冷氣、熱水器、洗衣機、電視機、冰箱,社會住宅包租轉租
林園區,租賃房屋+車位,高雄市林園區溪州三路３００巷１０號二樓之６,0.0,,,,1150523,土地0建物1車位1,二層,5,華廈(10層含以下有電梯),集合住宅,鋼筋混凝土造,1140204,88.53999999999999,2,1,1,有,有,有,15000,169,一樓平面,0.0,0,參加國家住宅及都市更新中心辦理社會住宅包租代管第5期計畫中央版多人共同承租2；,RPUNMLLKOHLGFLE76CC,整棟(戶)出租,無,1150601~1180115,有,冷氣、熱水器、洗衣機、冰箱,社會住宅包租轉租
鼓山區,租賃房屋,高雄市鼓山區鼓山二路６１巷２之１號五樓,0.0,,,,1150526,土地0建物1車位0,五層,5,公寓(5樓含以下無電梯),住家用,鋼筋混凝土造,0760724,95.14,3,2,2,有,無,有,10500,110,,0.0,0,多人共同承租3；續租案件；,RPSNMLMKOHLGFAE18CC,整棟(戶)出租,無,1150701~1160630,無,冷氣、熱水器、洗衣機、電視機、冰箱,社會住宅代管
鼓山區,租賃房屋,高雄市鼓山區美術東二路１１６號二樓,0.0,,,,1150527,土地0建物1車位0,二層,14,住宅大樓(11層含以上有電梯),住家用,鋼筋混凝土造,0930610,112.36,3,2,2,有,有,有,20000,178,,0.0,0,,RPVNMLMKOHLGFAE48CC,整棟(戶)出租,有,1150601~1170205,有,冷氣、熱水器、洗衣機、電視機、冰箱、瓦斯或天然氣,社會住宅包租轉租
前金區,租賃房屋,高雄市前金區六合二路１７３號十樓之２,0.0,,,,1150528,土地0建物1車位0,十層,12,住宅大樓(11層含以上有電梯),住家用,鋼筋混凝土造,0830625,32.51,1,0,1,有,有,有,6000,185,,0.0,0,續租案件；,RPPOMLMKOHLGFAE97CC,獨立套房,有,1150701~1160630,有,冷氣、熱水器、洗衣機、電視機、冰箱,社會住宅代管
鼓山區,租賃房屋+車位,高雄市鼓山區大順一路６２０號１８樓,0.0,,,,1150526,土地0建物1車位1,十八層,24,住宅大樓(11層含以上有電梯),住家用,鋼筋混凝土造,1020409,331.41999999999996,4,2,2,有,有,有,60000,181,坡道平面,23.12,0,本建物有兩個車位承租人只承租編號:79車位另一車位編號:47未承租租金總額含管理費；續租案件；,RPROMLMKOHLGFAE18CC,整棟(戶)出租,有,1150701~1160630,有,冷氣、熱水器、洗衣機、電視機、冰箱、瓦斯或天然氣,
新興區,租賃房屋+車位,高雄市新興區八德一路１３６號３樓之３,0.0,,,,1150522,土地0建物1車位1,三層,15,住宅大樓(11層含以上有電梯),集合住宅,鋼筋混凝土,1141110,100.4,2,1,2,有,有,有,25000,249,坡道平面,14.29,0,租金總額含管理費；,RPQNMLMKOHLGFBE08CC,整棟(戶)出租,有,1150526~1160525,有,冷氣、熱水器、洗衣機、電視機、冰箱、瓦斯或天然氣,一般代管
苓雅區,租賃房屋,高雄市苓雅區自強三路５號十九樓之１４,0.0,,,,1150521,土地0建物1車位0,十九層,85,住宅大樓(11層含以上有電梯),商業用,鋼骨鋼筋混凝土造,0880401,43.92,0,0,0,無,有,有,7500,171,,0.0,0,,RPSNMLMKOHLGFBE28CC,獨立套房,有,1150521~1160520,有,冷氣、熱水器、電視機、冰箱,社會住宅代管
新興區,租賃房屋,高雄市新興區六合二路６巷２９號,0.0,,,,1150526,土地0建物0車位0,全,5,透天厝,住商用,鋼筋混凝土造,1040526,26.45,14,0,14,有,無,有,12000,454,,0.0,0,多人共同承租2；,RPTNMLMKOHLGFBE38CC,分租套房,無,1150605~1160604,有,冷氣、熱水器、洗衣機、電視機、冰箱,
苓雅區,租賃房屋,高雄市苓雅區中正一路２６２號十五樓之５,0.0,,,,1150527,土地0建物1車位0,十五層,15,住宅大樓(11層含以上有電梯),集合住宅,鋼筋混凝土,1110714,114.97,2,2,2,有,有,有,30000,261,,0.0,0,租金總額含管理費；未租賃車位，建物登記含有車位面積；,RPQOMLMKOHLGFBE18CC,整棟(戶)出租,有,1150601~1160531,有,冷氣、熱水器、洗衣機、電視機、冰箱、瓦斯或天然氣,
苓雅區,租賃房屋,高雄市苓雅區新光路２４巷３５之３號,0.0,,,,1150526,土地0建物1車位0,四層,5,公寓(5樓含以下無電梯),公寓,鋼筋混凝土造,0661110,60.07,2,1,2,有,無,有,10000,166,,0.0,0,續租案件；,RPSOMLMKOHLGFBE38CC,整棟(戶)出租,無,1150601~1160531,無,冷氣、熱水器、洗衣機、冰箱,社會住宅包租轉租
新興區,租賃房屋,高雄市新興區民生一路３３４號,0.0,,,,1150522,土地0建物0車位0,全,3,透天厝,店舖、住宅,加強磚造,0590831,15.51,16,0,16,有,無,有,5500,355,,0.0,0,其他公電；續租案件；,RPTOMLMKOHLGFBE48CC,分租套房,無,1150601~1160531,無,冷氣、熱水器、電視機、冰箱、網路,一般代管
小港區,租賃房屋+車位,高雄市小港區高松路１７之１２號三樓,0.0,,,,1150528,土地0建物1車位1,三層,13,住宅大樓(11層含以上有電梯),集合住宅,鋼筋混凝土,1140411,126.4,2,1,2,有,有,有,24500,194,坡道平面,23.54,0,租金總額含管理費；,RPQOMLMKOHLGFCE28CC,整棟(戶)出租,有,1150601~1160531,有,冷氣、熱水器、洗衣機、電視機、冰箱,
三民區,租賃房屋,高雄市三民區建工路２７４號二樓之１,0.0,,,,1150524,土地0建物1車位0,二層,5,公寓(5樓含以下無電梯),住宅,鋼筋混凝土造,0681128,95.74,3,2,2,有,無,無,14500,151,,0.0,0,多人共同承租2；含增建或未登記建物；,RPRNMLMKOHLGFDE38CC,整棟(戶)出租,無,1150601~1170531,無,冷氣、熱水器、瓦斯或天然氣,
三民區,租賃房屋,高雄市三民區延吉街８７巷１８之１號,0.0,,,,1150527,土地0建物1車位0,二層,5,公寓(5樓含以下無電梯),集合住宅,鋼筋混凝土造,0690512,110.93,4,2,2,有,無,有,15000,135,,0.0,0,,RPTOMLMKOHLGFDE68CC,整棟(戶)出租,無,1150605~1170104,無,熱水器、洗衣機,社會住宅包租轉租
三民區,租賃房屋,高雄市三民區覺民路２８５巷４０號二樓,0.0,,,,1150529,土地0建物1車位0,二層,15,住宅大樓(11層含以上有電梯),住家用,鋼筋混凝土造,1040813,110.53999999999999,2,2,1,有,有,有,19200,174,,0.0,0,未租賃車位，建物登記含有車位面積；續租案件；,RPQPMLMKOHLGFDE48CC,整棟(戶)出租,有,1150801~1160731,有,冷氣、熱水器、洗衣機、電視機、冰箱、瓦斯或天然氣,社會住宅代管
左營區,租賃房屋+車位,高雄市左營區重惠街１１８號１２樓之１,0.0,,,,1150529,土地0建物1車位1,十二層,14,住宅大樓(11層含以上有電梯),住家用,鋼筋混凝土結構造,0890503,94.06,3,2,2,有,有,有,22000,234,坡道機械,9.92,0,多人共同承租2；,RPSNMLMKOHLGFEE58CC,整棟(戶)出租,有,1150605~1160604,有,冷氣、熱水器、洗衣機、電視機、冰箱、瓦斯或天然氣,
左營區,租賃房屋,高雄市左營區大中二路７１５號五樓之１０,0.0,,,,1150529,土地0建物1車位0,五層,15,住宅大樓(11層含以上有電梯),集合住宅,鋼筋混凝土,1140623,87.23,2,1,1,有,有,有,20000,229,,0.0,0,管理費1000元/月多人共同承租2；未租賃車位，建物登記含有車位面積；,RPOOMLMKOHLGFEE28CC,整棟(戶)出租,有,1150601~1160531,有,冷氣、熱水器、洗衣機、電視機、冰箱,
楠梓區,租賃房屋,高雄市楠梓區楠梓路３２７號,0.0,,,,1150523,土地0建物0車位0,全,4,透天厝,住商用,鋼筋混凝土造,0960124,25.75,9,0,9,有,無,有,7800,303,,0.0,0,其他有線電視 公電；續租案件；,RPXOMLMKOHLGFEE56CC,分租套房,無,1150701~1160731,有,冷氣、電視機、冰箱、有線電視、網路,一般代管
橋頭區,租賃房屋,高雄市橋頭區甲樹路１２１１號二樓之３,0.0,,,,1150521,土地0建物1車位0,二層,10,華廈(10層含以下有電梯),集合住宅,鋼筋混凝土造,1130822,108.91,3,1,2,有,有,有,17000,156,,0.0,0,多人共同承租2；租金總額含管理費；未租賃車位，建物登記含有車位面積；,RPPNMLMKOHLGFFE38CC,整棟(戶)出租,有,1150601~1160531,有,冷氣、熱水器、洗衣機、電視機、冰箱、瓦斯或天然氣,
橋頭區,租賃房屋,高雄市橋頭區經武路１１３０巷１８７號十二樓,0.0,,,,1150527,土地0建物1車位0,十二層,15,住宅大樓(11層含以上有電梯),集合住宅,鋼筋混凝土造,1110530,95.52000000000001,2,1,2,有,有,有,16300,171,,0.0,0,多人共同承租2；未租賃車位，建物登記含有車位面積；,RPQNMLMKOHLGFFE48CC,整棟(戶)出租,有,1150601~1160331,有,冷氣、熱水器、洗衣機、電視機、冰箱、瓦斯或天然氣,社會住宅代管
鳳山區,租賃房屋,高雄市鳳山區中山西路１５２巷３之６號二樓,0.0,,,,1150529,土地0建物1車位0,二層,6,華廈(10層含以下有電梯),住家用,鋼筋混凝土造,0811105,103.29,3,2,2,有,無,有,13000,126,,0.0,0,,RPXNMLMKOHLGFGE66CC,整棟(戶)出租,無,1150601~1160531,有,冷氣、熱水器、洗衣機、電視機、冰箱,社會住宅包租轉租
大寮區,租賃房屋,高雄市大寮區內厝路１５０號９樓,0.0,,,,1150530,土地0建物1車位0,九層,11,住宅大樓(11層含以上有電梯),住家用,鋼筋混凝土造,0830603,100.33,3,2,2,有,有,有,14000,140,,0.0,0,續租案件；,RPPNMLMKOHLGFLE98CC,整棟(戶)出租,有,1150620~1160619,有,冷氣、熱水器、洗衣機、冰箱、瓦斯或天然氣,社會住宅代管
苓雅區,租賃房屋+車位,高雄市苓雅區大順三路２０６號２２樓之３,0.0,,,,1150528,土地0建物1車位1,二十二層,23,住宅大樓(11層含以上有電梯),集合住宅,鋼筋混凝土,1131015,97.88,2,2,2,有,有,有,28000,286,坡道平面,22.48,0,多人共同承租2；租金總額含管理費；,RPPNMLNKOHLGFBE08CC,整棟(戶)出租,有,1150528~1160531,有,電視機、冰箱,
仁武區,租賃房屋+車位,高雄市仁武區京中四街２６２號３樓,0.0,,,,1150524,土地0建物1車位1,三層,14,住宅大樓(11層含以上有電梯),集合住宅,鋼筋混凝土造,1130115,103.98,2,1,1,有,有,有,20700,199,坡道平面,26.75,0,租賃附屬設備如下:電視1臺，電視櫃、沙發1組、茶几1件、書桌椅X11組、窗簾、燈飾、冰箱1臺、洗衣機1臺、床底座2件1雙1單、衣櫃1組、書櫃1件、置物櫃3件、鞋櫃1件、烘碗機1臺、冷氣3臺、排油煙機1件、流理台1件、IH爐1臺、熱水器1臺租金總額含管理費；,RPPNMLNKOHLGFIE78CC,整棟(戶)出租,有,1150601~1180531,有,冷氣、熱水器、洗衣機、電視機、冰箱、有線電視,
苓雅區,租賃房屋,高雄市苓雅區廣州一街１４３之５號,0.0,,,,1150530,土地0建物1車位0,全,5,透天厝,,鋼筋混凝土造,0770913,167.6,2,1,1,有,無,無,45000,268,,0.0,0,,RPTNMLOKOHLGFBE58CC,,無,1150701~1180630,有,冷氣,
前鎮區,租賃房屋,高雄市前鎮區天山路２３號,0.0,,,,1150525,土地0建物0車位0,全,7,透天厝,住家用,鋼筋混凝土,1070115,16.52,49,0,49,有,無,有,7000,424,,0.0,0,其他租金含第四台；,RPPNMLOKOHLGFCE28CC,分租套房,無,1150525~1151130,有,冷氣、熱水器、電視機、冰箱、有線電視、網路,一般代管
鳳山區,租賃房屋,高雄市鳳山區新強路４之２號,0.0,,,,1150525,土地0建物1車位0,三層,5,公寓(5樓含以下無電梯),住家用,鋼筋混凝土造,0740225,97.41,4,2,2,有,無,有,15000,154,,0.0,0,參加國家住宅及都市更新中心辦理社會住宅包租代管第5期計畫中央版,RPUNMLOKOHLGFGE56CC,整棟(戶)出租,無,1150601~1180531,無,冷氣、熱水器、洗衣機、電視機、冰箱,社會住宅包租轉租
鼓山區,租賃房屋,高雄市鼓山區濱海一路８８巷２８號４樓之１,0.0,,,,1150530,土地0建物0車位0,四層,5,華廈(10層含以下有電梯),住家用,鋼骨造,0950724,13.22,2,0,2,有,有,有,7000,530,,0.0,0,租賃建物部分範圍，且未計入共有部分面積；,RPSNMLPKOHLGFAE48CC,分租套房,無,1150530~1151130,有,冷氣,一般代管
鼓山區,租賃房屋+車位,高雄市鼓山區龍水二路２５號九樓,0.0,,,,1150528,土地0建物1車位1,九層,15,住宅大樓(11層含以上有電梯),住家用,鋼筋混凝土造,1030515,174.44,3,2,2,有,有,有,35905,206,坡道平面,20.49,0,租金已扣除管理費4095元,RPWNMLPKOHLGFAE88CC,整棟(戶)出租,有,1150616~1160615,有,冷氣、熱水器、洗衣機、電視機、冰箱、瓦斯或天然氣,
鼓山區,租賃房屋+車位,高雄市鼓山區美術南二路１２號２１樓,0.0,,,,1150531,土地0建物1車位2,二十一層,24,住宅大樓(11層含以上有電梯),住家用,鋼筋混凝土造,1010809,326.03,3,2,3,有,有,有,82000,252,坡道平面,34.22,0,租金總額含管理費；,RPQOMLPKOHLGFAE38CC,整棟(戶)出租,有,1150601~1160531,有,冷氣、洗衣機、電視機、冰箱,
新興區,租賃房屋,高雄市新興區復興一路１０號１１樓之６,0.0,,,,1150522,土地0建物0車位0,十一層,14,住宅大樓(11層含以上有電梯),住家用,鋼筋混凝土造,0880904,15.0,5,1,2,有,有,有,7200,480,,0.0,0,租金總額含管理費；網路費；其他清潔費；租賃建物部分範圍，且未計入共有部分面積；,RPQNMLPKOHLGFBE38CC,分租雅房,有,1150601~1160531,有,冷氣、熱水器、洗衣機、冰箱、瓦斯或天然氣、網路,一般轉租
苓雅區,租賃房屋,高雄市苓雅區福安路４６０號２至５樓,0.0,,,,1150524,土地0建物0車位0,全,5,透天厝,店舖住宅,鋼筋混凝土造,0690716,52.5,8,1,7,有,無,有,18000,343,,0.0,0,多人共同承租2；租金總額含水費；網路費；含增建或未登記建物；租賃建物部分範圍，且未計入共有部分面積；,RPTNMLPKOHLGFBE68CC,分租套房,無,1150524~1160523,無,冷氣、電視機、冰箱、有線電視、網路,一般轉租
新興區,租賃房屋,高雄市新興區六合二路８６號２樓,0.0,,,,1150528,土地0建物1車位0,二層,12,辦公商業大樓,店舖,鋼筋混凝土造,0781124,25.79,6,1,2,有,有,有,8000,310,,0.0,0,租賃建物部分範圍，且未計入共有部分面積；,RPXNMLPKOHLGFBE09CC,,無,1150601~1160531,有,冷氣,
苓雅區,租賃房屋,高雄市苓雅區林泉街５７號三樓,0.0,,,,1150529,土地0建物1車位0,三層,7,華廈(10層含以下有電梯),,鋼筋混凝土造,0730809,135.5,4,2,2,有,有,有,20500,151,,0.0,0,續租案件；,RPOOMLPKOHLGFBE28CC,整棟(戶)出租,有,1150610~1160609,有,冷氣、熱水器,社會住宅代管
新興區,租賃房屋,高雄市新興區六合二路８６號２樓,0.0,,,,1150530,土地0建物1車位0,二層,12,辦公商業大樓,店舖,鋼筋混凝土造,0781124,20.4,6,1,2,有,有,無,7500,368,,0.0,0,租賃建物部分範圍，且未計入共有部分面積；,RPPOMLPKOHLGFBE38CC,,無,1150601~1160531,有,冷氣,
苓雅區,租賃房屋,高雄市苓雅區文橫二路１７號,0.0,,,,1150525,土地0建物1車位0,全,3,透天厝,店舖、住宅,鋼筋混凝土加強磚造,0591203,50.94,0,0,0,無,無,無,41000,805,,0.0,0,,RPROMLPKOHLGFBE58CC,,無,1150525~1170704,無,,
苓雅區,租賃房屋,高雄市苓雅區建國一路９１號１３樓之３,0.0,,,,1150521,土地0建物1車位0,十三層,15,住宅大樓(11層含以上有電梯),集合住宅,鋼筋混凝土造,1111230,82.65,2,1,1,有,有,有,23000,278,,0.0,0,續租案件；,RPXOMLPKOHLGFBE56CC,整棟(戶)出租,有,1150521~1150714,有,冷氣、熱水器、洗衣機、電視機、冰箱,社會住宅代管
小港區,租賃房屋,高雄市小港區永義街９２巷１弄５-３號,0.0,,,,1150531,土地0建物1車位0,四層,4,公寓(5樓含以下無電梯),公寓,鋼筋混凝土造,0670302,95.04,3,2,2,有,無,無,15000,158,,0.0,0,,RPVNMLPKOHLGFCE98CC,整棟(戶)出租,無,1150610~1160609,無,,
三民區,租賃房屋+車位,高雄市三民區覺民路６５號４樓,0.0,,,,1150523,土地0建物1車位1,四層,13,住宅大樓(11層含以上有電梯),住家用,鋼筋混凝土造,0810528,207.54999999999998,4,2,2,有,有,有,22000,106,坡道平面,0.0,0,車位面積無法分算。,RPUNMLPKOHLGFDE98CC,整棟(戶)出租,有,1150601~1160531,有,冷氣、熱水器、冰箱、瓦斯或天然氣,
三民區,租賃房屋,高雄市三民區十全三路６號十八樓之２,0.0,,,,1150529,土地0建物1車位0,十八層,22,住宅大樓(11層含以上有電梯),集合住宅,鋼筋混凝土,1100726,97.35,2,1,1,有,有,有,18000,185,,0.0,0,未租賃車位，建物登記含有車位面積；續租案件；,RPVNMLPKOHLGFDE09CC,整棟(戶)出租,有,1150603~1160602,有,冷氣、熱水器、洗衣機、電視機、冰箱,社會住宅代管
三民區,租賃房屋,高雄市三民區建國三路２０號十四樓之２,0.0,,,,1150529,土地0建物1車位0,十四層,21,住宅大樓(11層含以上有電梯),住家用,鋼筋混凝土造,0840615,34.2,1,0,1,有,有,有,6200,181,,0.0,0,續租案件；,RPOOMLPKOHLGFDE48CC,獨立套房,有,1150701~1160630,有,冷氣、熱水器、洗衣機、電視機、冰箱,社會住宅代管
三民區,租賃房屋+車位,高雄市三民區察哈爾一街６之５號,0.0,,,,1150529,土地0建物1車位1,一層,15,店面(店鋪),店鋪,鋼筋混凝土,1111013,123.68,0,2,2,有,有,無,40000,323,坡道平面,17.6,0,租金總額含稅；管理費；其他二代健保補充保費；租賃期間有約定不同租金第一至三年115年07月15日起至118年07月14日止，月租金肆萬元整。第四至五年118年07月15日起至120年07月14日止，月租金肆萬貳仟元整。；,RPQOMLPKOHLGFDE68CC,,有,1150715~1200714,有,冷氣、冰箱,
三民區,租賃房屋,高雄市三民區中山一路３３５號五樓,0.0,,,,1150529,土地0建物1車位0,五層,5,公寓(5樓含以下無電梯),,鋼筋混凝土造,0740306,56.24,3,1,2,有,無,有,13500,240,,0.0,0,多人共同承租3；續租案件；,RPTOMLPKOHLGFDE98CC,整棟(戶)出租,無,1150701~1160630,無,冷氣、熱水器、洗衣機、電視機、冰箱,社會住宅代管
三民區,租賃房屋,高雄市三民區天津街８９巷３６號,0.0,,,,1150531,土地0建物1車位0,見其他登記事項,2,店面(店鋪),住家用,加強磚造,0591002,83.8,3,2,2,有,無,無,16500,197,,0.0,0,多人共同承租2；,RPXOMLPKOHLGFDE76CC,,無,1150615~1200414,無,熱水器,
三民區,租賃房屋,高雄市三民區十全二路３３７號七樓之１,0.0,,,,1150529,土地0建物1車位0,七層,12,住宅大樓(11層含以上有電梯),住家用,鋼筋混凝土造,0850301,107.78999999999999,3,1,2,有,有,有,14500,135,,0.0,0,續租案件；,RPSPMLPKOHLGFDE98CC,整棟(戶)出租,有,1150611~1160610,有,冷氣、熱水器、洗衣機、瓦斯或天然氣,社會住宅代管
三民區,租賃房屋,高雄市三民區中山一路３２５巷２號９樓之４,0.0,,,,1150526,土地0建物1車位0,九層,14,住宅大樓(11層含以上有電梯),住家用,鋼筋混凝土造,0850417,38.93,1,1,1,有,有,有,10000,257,,0.0,0,,RPTPMLPKOHLGFDE09CC,獨立套房,有,1150611~1160610,有,冷氣、洗衣機、冰箱,社會住宅代管
左營區,租賃房屋+車位,高雄市左營區榮總路１４１巷３４號十四樓,0.0,,,,1150529,土地0建物1車位1,十四層,14,住宅大樓(11層含以上有電梯),住家用,鋼筋混凝土造,0870213,142.15,3,2,2,有,有,有,22000,155,坡道平面,32.09,0,續租案件；,RPPQMLPKOHLGFEE88CC,整棟(戶)出租,有,1150601~1160531,有,冷氣、熱水器、洗衣機、電視機、冰箱、瓦斯或天然氣,社會住宅代管
楠梓區,租賃房屋,高雄市楠梓區金富街１１３號十四樓之２,0.0,,,,1150528,土地0建物1車位0,十四層,15,住宅大樓(11層含以上有電梯),集合住宅,鋼筋混凝土,1090108,85.96000000000001,2,2,1,有,有,有,16800,195,,0.0,0,多人共同承租2；未租賃車位，建物登記含有車位面積；,RPSQMLPKOHLGFEE56CC,整棟(戶)出租,有,1150601~1160531,有,冷氣、熱水器、洗衣機、電視機、冰箱、瓦斯或天然氣,社會住宅代管
左營區,租賃房屋,高雄市左營區勵志中街３８號８樓,0.0,,,,1150521,土地0建物1車位0,八層,18,住宅大樓(11層含以上有電梯),集合住宅,鋼筋混凝土,1130201,79.99,2,1,1,有,有,有,18500,231,,0.0,0,續租案件；,RPPRMLPKOHLGFEE98CC,整棟(戶)出租,有,1150620~1160619,有,冷氣、熱水器、洗衣機、電視機、冰箱,社會住宅包租轉租
岡山區,租賃房屋,高雄市岡山區柳橋西路二段５８號３樓之６,0.0,,,,1150522,土地0建物1車位0,三層,15,住宅大樓(11層含以上有電梯),集合住宅,鋼筋混凝土造,1121020,68.73,2,1,1,有,有,有,18000,262,,0.0,0,,RPQOMLPKOHLGFFE88CC,整棟(戶)出租,有,1150525~1160524,有,冷氣、熱水器、洗衣機、電視機、冰箱、瓦斯或天然氣,社會住宅包租轉租
鳳山區,租賃房屋,高雄市鳳山區頂庄路２６５號,0.0,,,,1150528,土地0建物1車位0,全,4,透天厝,店舖、住宅,鋼筋混凝土造,0920612,50.72,0,0,0,無,無,無,19000,375,,0.0,0,租金總額含稅；,RPVNMLPKOHLGFGE76CC,,無,1150605~1180619,無,冷氣,
鳳山區,租賃房屋,高雄市鳳山區頂庄路２６５號,0.0,,,,1150528,土地0建物1車位0,全,4,透天厝,店舖、住宅,鋼筋混凝土造,0920612,149.44,6,0,2,有,無,無,19000,127,,0.0,0,,RPWNMLPKOHLGFGE86CC,分層出租,無,1150605~1180619,無,冷氣、熱水器,
鳳山區,租賃房屋,高雄市鳳山區新富路３９９巷３０之２號,0.0,,,,1150525,土地0建物1車位0,三層,5,公寓(5樓含以下無電梯),住家用,鋼筋混凝土造,0710430,73.65,3,2,2,有,無,有,12000,163,,0.0,0,,RPPOMLPKOHLGFGE88CC,整棟(戶)出租,無,1150610~1170609,無,冷氣、熱水器,社會住宅包租轉租
鳳山區,租賃房屋,高雄市鳳山區福誠五街６５號九樓,0.0,,,,1150522,土地0建物1車位0,九層,15,住宅大樓(11層含以上有電梯),集合住宅,鋼筋混凝土,1140717,78.4,2,2,1,有,有,無,10000,128,,0.0,0,未租賃車位，建物登記含有車位面積；,RPTPMLPKOHLGFGE76CC,整棟(戶)出租,有,1150620~1180619,有,冷氣、熱水器,社會住宅包租轉租
鼓山區,租賃房屋,高雄市鼓山區明誠四路１５８號２０樓之７,0.0,,,,1150525,土地0建物1車位0,二十層,26,住宅大樓(11層含以上有電梯),集合住宅,鋼骨構造、鋼骨鋼筋混凝土構造、鋼筋混凝土造,1120509,93.05000000000001,2,2,1,有,有,有,30000,322,,0.0,0,租金總額含管理費；未租賃車位，建物登記含有車位面積；,RPWNMLQKOHLGFAE98CC,整棟(戶)出租,有,1150701~1160630,有,冷氣、熱水器、洗衣機、電視機、冰箱、瓦斯或天然氣,一般代管
新興區,租賃房屋,高雄市新興區復興一路４０之１９號,0.0,,,,1150521,土地0建物1車位0,三層,10,華廈(10層含以下有電梯),住家用,鋼筋混凝土造,0600414,100.73,3,2,1,有,有,有,13000,129,,0.0,0,多人共同承租2；,RPVNMLQKOHLGFBE98CC,整棟(戶)出租,有,1150530~1160529,有,冷氣、熱水器、洗衣機、電視機、冰箱,社會住宅代管
苓雅區,租賃房屋,高雄市苓雅區新光路６２巷５號３２樓之１,0.0,,,,1150529,土地0建物1車位0,見其他登記事項,35,住宅大樓(11層含以上有電梯),住家用,鋼筋混凝土造,0860421,572.26,5,2,2,有,有,無,18500,32,,0.0,0,未租賃車位，建物登記含有車位面積；續租案件；,RPOOMLQKOHLGFBE38CC,整棟(戶)出租,有,1150608~1160607,有,熱水器、瓦斯或天然氣,社會住宅代管
苓雅區,租賃房屋,高雄市苓雅區苓雅區興中一路３８１號７樓之１,0.0,,,,1150526,土地0建物0車位0,七層,7,華廈(10層含以下有電梯),公寓,鋼筋混凝土造,0690514,25.0,4,0,4,有,無,有,11000,440,,0.0,0,多人共同承租2；租金總額含管理費；水費；網路費；其他清潔費；租賃建物部分範圍，且未計入共有部分面積；,RPQOMLQKOHLGFBE58CC,分租套房,無,1150604~1160603,有,冷氣、熱水器、洗衣機、冰箱、瓦斯或天然氣、網路,一般轉租
苓雅區,租賃房屋,高雄市苓雅區新光路１２６號九樓之１６,0.0,,,,1150521,土地0建物1車位0,九層,12,住宅大樓(11層含以上有電梯),公寓,鋼筋混凝土造,0691125,40.38,1,1,1,有,有,有,9000,223,,0.0,0,,RPSOMLQKOHLGFBE78CC,獨立套房,有,1150525~1160524,有,冷氣、熱水器、洗衣機、電視機,社會住宅代管
小港區,租賃房屋,高雄市小港區松福街１０５號,0.0,,,,1150523,土地0建物0車位0,全,4,透天厝,住家用,鋼筋混凝土造,0930607,9.37,8,0,3,有,無,無,5000,534,,0.0,0,,RPSNMLQKOHLGFCE78CC,分租雅房,無,1150701~1160630,無,冷氣、熱水器、洗衣機、電視機、冰箱,
前鎮區,租賃房屋,高雄市前鎮區同安路１２號七樓之２,0.0,,,,1150521,土地0建物1車位0,七層,15,住宅大樓(11層含以上有電梯),集合住宅,鋼筋混凝土,1140714,83.44,2,1,1,有,有,無,19000,228,,0.0,0,,RPTNMLQKOHLGFCE88CC,整棟(戶)出租,有,1150525~1180524,有,冷氣、熱水器、洗衣機、電視機、冰箱,社會住宅包租轉租
前鎮區,租賃房屋,高雄市前鎮區光華三路１９５號十四樓,0.0,,,,1150521,土地0建物1車位0,十四層,15,住宅大樓(11層含以上有電梯),住家用,鋼筋混凝土造,0960109,206.82999999999998,4,2,2,有,有,有,23000,111,,0.0,0,未租賃車位，建物登記含有車位面積；續租案件；,RPUNMLQKOHLGFCE98CC,整棟(戶)出租,有,1150521~1160520,有,冷氣、熱水器、洗衣機、電視機、冰箱,社會住宅代管
前鎮區,租賃房屋,高雄市前鎮區育樂路８９巷３弄１１號,0.0,,,,1150528,土地0建物1車位0,全,2,透天厝,住家用,加強磚造,0590310,68.0,2,1,1,有,無,有,9000,132,,0.0,0,,RPQOMLQKOHLGFCE68CC,整棟(戶)出租,無,1150613~1180612,無,冷氣、熱水器、洗衣機、電視機,社會住宅代管
前鎮區,租賃房屋,高雄市前鎮區一心二路１７５號８樓,0.0,,,,1150521,土地0建物1車位0,八層,29,住宅大樓(11層含以上有電梯),集合住宅,鋼筋混凝土造,1130902,86.07,2,1,1,有,有,有,23000,267,,0.0,0,,RPTOMLQKOHLGFCE98CC,整棟(戶)出租,有,1150525~1160524,有,冷氣、熱水器、洗衣機、電視機、冰箱、瓦斯或天然氣,
三民區,租賃房屋,高雄市三民區重慶街１之５號九樓之４,0.0,,,,1150521,土地0建物1車位0,九層,12,住宅大樓(11層含以上有電梯),住家用,鋼筋混凝土造,0850907,73.69,2,1,1,有,有,有,13000,176,,0.0,0,,RPWNMLQKOHLGFDE66CC,整棟(戶)出租,有,1150527~1180526,有,冷氣、熱水器、洗衣機、冰箱,社會住宅代管
三民區,租賃房屋+車位,高雄市三民區水源東路４１號１１樓,0.0,,,,1150525,土地0建物1車位1,十一層,15,住宅大樓(11層含以上有電梯),集合住宅,鋼筋混凝土,1140311,136.53,3,2,2,有,有,有,33500,245,坡道平面,20.36,0,1.租金33500元含管理費、含汽機車停車位。2.115年5月25日至31日為免租期，此期間水、電費由乙方負擔，免租期間乙方義務與起租日後相同。租金總額含管理費；其他汽機車停車位；,RPROMLQKOHLGFDE88CC,整棟(戶)出租,有,1150601~1160531,有,冷氣、熱水器、洗衣機、電視機、冰箱、瓦斯或天然氣,
三民區,租賃房屋,高雄市三民區建國三路４６巷３號六樓之３,0.0,,,,1150521,土地0建物1車位0,六層,7,華廈(10層含以下有電梯),,鋼筋混凝土造,0700130,76.98,2,2,1,有,有,有,13900,181,,0.0,0,續租案件；,RPSOMLQKOHLGFDE98CC,整棟(戶)出租,有,1150616~1160615,有,冷氣、熱水器、洗衣機、冰箱,社會住宅代管
三民區,租賃房屋,高雄市三民區建國三路２４３號九樓,0.0,,,,1150521,土地0建物1車位0,九層,15,住宅大樓(11層含以上有電梯),集合住宅,鋼筋混凝土造,1081106,77.49,2,1,1,有,有,有,25000,323,,0.0,0,租金總額含管理費；,RPPPMLQKOHLGFDE78CC,整棟(戶)出租,有,1150526~1160525,有,冷氣、熱水器、洗衣機、電視機、冰箱、瓦斯或天然氣,
左營區,租賃房屋,高雄市左營區自由二路６巷４７號,0.0,,,,1150528,土地0建物1車位0,見其他登記事項,7,華廈(10層含以下有電梯),住商用,鋼筋混凝土造,0781020,154.1,3,0,2,有,有,無,18000,117,,0.0,0,1.一樓為無隔間，二樓3間房間2.另有設備租賃費用每月9000元，租賃期限與房屋租賃相同為115年7月1日至117年6月30日租金總額含稅；含營業設備；,RPVOMLQKOHLGFEE76CC,,有,1150701~1170630,有,冷氣,
岡山區,租賃房屋,高雄市岡山區公園西路三段８４巷２９號３樓,0.0,,,,1150529,土地0建物1車位0,三層,13,住宅大樓(11層含以上有電梯),住家用,鋼筋混凝土造,0830820,116.33,3,2,2,有,有,有,15800,136,,0.0,0,多人共同承租2；,RPTNMLQKOHLGFFE56CC,整棟(戶)出租,有,1150601~1160531,有,冷氣、熱水器、洗衣機、電視機、冰箱,社會住宅代管
鳳山區,租賃房屋,高雄市鳳山區八德路二段１５６號五樓,0.0,,,,1150521,土地0建物1車位0,五層,16,住宅大樓(11層含以上有電梯),住家用,鋼筋混凝土造,0830420,118.46,3,2,2,有,有,有,12000,101,,0.0,0,續租案件；,RPRNMLQKOHLGFGE09CC,整棟(戶)出租,有,1150615~1160614,有,冷氣、熱水器、洗衣機、電視機、冰箱、瓦斯或天然氣,社會住宅代管
大樹區,租賃房屋,高雄市大樹區溪埔路２巷３５號,0.0,,,,1150521,土地0建物1車位0,全,2,透天厝,住家用,鋼筋混凝土造,0760610,98.55,3,2,3,有,無,有,12000,122,,0.0,0,,RPSNMLQKOHLGFGE56CC,整棟(戶)出租,無,1150615~1170614,無,熱水器、洗衣機、電視機、冰箱,社會住宅包租轉租
鳳山區,租賃房屋,高雄市鳳山區光遠路５９號,0.0,,,,1150522,土地0建物1車位0,見其他登記事項,3,店面(店鋪),住商用,加強磚造,0620830,190.76,0,0,0,無,無,無,35000,183,,0.0,0,自115年7月1日至115年8月31日為裝潢期不計租金租金總額含稅；租賃期間有約定不同租金第4-5年租金為參萬捌仟元整；,RPPOMLQKOHLGFGE98CC,,無,1150701~1200930,無,,
鳳山區,租賃房屋,高雄市鳳山區國富路２３號１５樓,0.0,,,,1150528,土地0建物1車位0,十五層,16,住宅大樓(11層含以上有電梯),住家用,鋼筋混凝土造,0840512,156.10000000000002,3,2,2,有,有,有,12000,77,,0.0,0,,RPSOMLQKOHLGFGE66CC,整棟(戶)出租,有,1150610~1180609,有,冷氣、熱水器、洗衣機、電視機、冰箱,社會住宅包租轉租
鳳山區,租賃房屋,高雄市鳳山區澄清路１６１巷７之４號,0.0,,,,1150529,土地0建物1車位0,五層,5,公寓(5樓含以下無電梯),住家用,鋼筋混凝土造,0681129,100.2,3,2,2,有,無,有,10000,100,,0.0,0,,RPTOMLQKOHLGFGE76CC,整棟(戶)出租,無,1150605~1180604,無,冷氣、熱水器、洗衣機、冰箱,社會住宅包租轉租
大樹區,租賃房屋,高雄市大樹區九曲路２６６之１６號６樓,0.0,,,,1150529,土地0建物1車位0,六層,12,住宅大樓(11層含以上有電梯),住家用,鋼筋混凝土造,0840705,73.28,2,1,1,有,有,有,10000,136,,0.0,0,,RPUOMLQKOHLGFGE86CC,整棟(戶)出租,有,1150601~1160531,有,熱水器,社會住宅代管
大寮區,租賃房屋,高雄市大寮區仁德路１０之１２號３樓之３,0.0,,,,1150522,土地0建物1車位0,三層,5,華廈(10層含以下有電梯),集合住宅,鋼筋混凝土造,1120224,66.42,2,1,2,有,有,無,10500,158,,0.0,0,續租案件；,RPTNMLQKOHLGFLE17CC,整棟(戶)出租,無,1150523~1160522,有,冷氣、熱水器,社會住宅包租轉租
前金區,租賃房屋,高雄市前金區中山橫路９０號１０樓之４,0.0,,,,1150531,土地0建物1車位0,十層,12,住宅大樓(11層含以上有電梯),集合住宅,鋼筋混凝土造,0770122,124.67,3,2,2,有,有,有,18000,144,,0.0,0,,RPTOMLRKOHLGFAE88CC,整棟(戶)出租,有,1150620~1160620,有,冷氣、熱水器、洗衣機,
苓雅區,租賃房屋,高雄市苓雅區福建街９巷１１號４樓之１,0.0,,,,1150528,土地0建物1車位0,四層,12,住宅大樓(11層含以上有電梯),住家用,鋼筋混凝土造,0840703,32.65,1,1,1,有,有,有,8000,245,,0.0,0,參加國家住宅及都市更新中心辦理社會住宅包租代管第5期計畫中央版租金總額含管理費；,RPPNMLRKOHLGFBE48CC,獨立套房,有,1150601~1180531,有,冷氣、熱水器、洗衣機、電視機、冰箱,社會住宅包租轉租
苓雅區,租賃房屋,高雄市苓雅區建國一路１７１號３樓之１,0.0,,,,1150528,土地0建物1車位0,三層,7,華廈(10層含以下有電梯),住家用,鋼筋混凝土造,0811003,182.54000000000002,2,0,1,有,無,有,20000,110,,0.0,0,租金總額含稅；含增建或未登記建物；租賃期間有約定不同租金115.6.10-116.6.9每月新台幣貳萬元整。116.6.10-117.6.9每月新台幣貳萬壹仟元整。117.6.10-118.6.9每月新台幣貳萬貳仟元整。；含營業設備；,RPVNMLRKOHLGFBE09CC,,無,1150528~1180609,有,冷氣,
苓雅區,租賃房屋+車位,高雄市苓雅區新光路６２巷１５號２９樓之３,0.0,,,,1150522,土地0建物1車位1,二十九層,35,住宅大樓(11層含以上有電梯),住家用,鋼筋混凝土造,0860421,157.82,3,2,2,有,有,有,23000,146,坡道平面,12.65,0,多人共同承租2；租金總額含管理費；續租案件；,RPTOMLRKOHLGFBE98CC,整棟(戶)出租,有,1150601~1160531,有,冷氣、熱水器、洗衣機、電視機、冰箱、瓦斯或天然氣,一般代管
前鎮區,租賃房屋,高雄市前鎮區台鋁十五巷１６之２號,0.0,,,,1150530,土地0建物0車位0,三層,4,公寓(5樓含以下無電梯),住家用,鋼筋混凝土造,0631202,21.6,3,1,3,有,無,有,9500,440,,0.0,0,租賃建物部分範圍，且未計入共有部分面積；,RPPOMLRKOHLGFCE68CC,分租套房,無,1150615~1160614,無,冷氣、熱水器、洗衣機、電視機、冰箱、瓦斯或天然氣、有線電視,一般轉租
三民區,租賃房屋+車位,高雄市三民區覺民路２８５巷３９號２樓,0.0,,,,1150530,土地0建物1車位1,二層,15,住宅大樓(11層含以上有電梯),住家用,鋼筋混凝土造,1040813,157.3,3,2,2,有,有,有,24000,153,坡道平面,25.92,0,管理費 : 2880元出租人負擔有一個機車位 : B1-113A號汽車車位 : B2-75號租金總額含管理費；,RPTNMLRKOHLGFDE09CC,整棟(戶)出租,有,1150625~1170624,有,冷氣、熱水器、洗衣機、電視機、冰箱、瓦斯或天然氣,
三民區,租賃房屋,高雄市三民區十全三路６號６樓之５,0.0,,,,1150527,土地0建物1車位0,六層,22,住宅大樓(11層含以上有電梯),集合住宅,鋼筋混凝土,1100726,78.9,2,1,1,有,有,有,19000,241,,0.0,0,多人共同承租2；,RPPOMLRKOHLGFDE78CC,整棟(戶)出租,有,1150601~1160424,有,冷氣、熱水器、洗衣機、冰箱,社會住宅代管
三民區,租賃房屋,高雄市三民區朝陽街３２號７樓之１,0.0,,,,1150528,土地0建物0車位0,七層,7,華廈(10層含以下有電梯),,鋼筋混凝土造,0810131,13.22,4,0,4,有,無,無,6700,507,,0.0,0,此層裡面有4間套房...只出租一間房間...房間編號為1租賃建物部分範圍，且未計入共有部分面積；,RPVOMLRKOHLGFDE76CC,分租套房,無,1150610~1160110,有,冷氣、熱水器、電視機、冰箱,
三民區,租賃房屋,高雄市三民區十全一路３７９號,0.0,,,,1150524,土地0建物1車位0,全,2,透天厝,住家用,加強磚造,0570202,53.94,0,0,0,無,無,無,26000,482,,0.0,0,租一樓店面及騎樓,RPPPMLRKOHLGFDE88CC,,無,1150601~1170531,無,,
楠梓區,租賃房屋,高雄市楠梓區惠正街１３０號六樓,0.0,,,,1150527,土地0建物1車位0,六層,14,住宅大樓(11層含以上有電梯),集合住宅,鋼筋混凝土,1110222,122.9,3,2,2,有,有,有,19500,159,,0.0,0,參加國家住宅及都市更新中心辦理社會住宅包租代管第5期計畫中央版多人共同承租3；未租賃車位，建物登記含有車位面積；,RPQNMLRKOHLGFEE88CC,整棟(戶)出租,有,1150601~1180531,有,冷氣、熱水器、洗衣機、電視機、冰箱,社會住宅包租轉租
左營區,租賃房屋+車位,高雄市左營區文自路７３７號４樓,0.0,,,,1150526,土地0建物1車位1,四層,15,住宅大樓(11層含以上有電梯),集合住宅,鋼筋混凝土,1041116,151.5,3,2,2,有,有,有,24500,186,坡道平面,36.19,3000,,RPVNMLRKOHLGFEE76CC,整棟(戶)出租,有,1150601~1160331,有,冷氣、熱水器、洗衣機、電視機、冰箱、瓦斯或天然氣,社會住宅代管
楠梓區,租賃房屋+車位,高雄市楠梓區大學三十五街３２號３樓,0.0,,,,1150531,土地0建物1車位1,三層,14,住宅大樓(11層含以上有電梯),集合住宅,鋼筋混凝土,1121006,92.87,2,1,1,有,有,有,20000,215,坡道平面,19.92,0,共有面積含車位,RPPOMLRKOHLGFEE88CC,整棟(戶)出租,有,1150615~1160614,有,冷氣、熱水器、洗衣機、瓦斯或天然氣,
楠梓區,租賃房屋,高雄市楠梓區楠梓路３２７號,0.0,,,,1150526,土地0建物0車位0,全,4,透天厝,住商用,鋼筋混凝土造,0960124,21.48,9,0,9,有,無,有,7500,349,,0.0,0,其他有線電視 公電；續租案件；,RPRPMLRKOHLGFEE56CC,分租套房,無,1150215~1160214,有,冷氣、電視機、冰箱、有線電視、網路,一般代管
楠梓區,租賃房屋,高雄市楠梓區和光街１０９巷２０號,0.0,,,,1150527,土地0建物0車位0,全,2,透天厝,住宅,加強磚造,0591126,9.18,6,0,6,有,無,有,5500,599,,0.0,0,租金總額含網路費；,RPUPMLRKOHLGFEE86CC,分租套房,無,1150531~1160630,無,冷氣、熱水器、冰箱、網路,一般代管
岡山區,租賃房屋,高雄市岡山區柳橋西路一段６號,0.0,,,,1150524,土地0建物0車位0,全,4,透天厝,住商用,鋼筋混凝土造,0760818,16.4,13,0,13,有,無,有,10000,610,,0.0,0,租金總額含水費；網路費；其他公區維護費；,RPTNMLRKOHLGFFE66CC,分租套房,無,1150527~1160526,有,冷氣、熱水器、洗衣機、冰箱、網路,一般代管
岡山區,租賃房屋,高雄市岡山區柳橋西路一段６號,0.0,,,,1150524,土地0建物0車位0,全,4,透天厝,住商用,鋼筋混凝土造,0760818,16.3,13,0,13,有,無,有,10000,613,,0.0,0,租金總額含水費；網路費；其他公區維護費；,RPUNMLRKOHLGFFE76CC,分租套房,無,1150527~1160526,有,冷氣、熱水器、洗衣機、冰箱、網路,一般代管
仁武區,租賃房屋,高雄市仁武區霞海路１８９號四樓,0.0,,,,1150527,土地0建物1車位0,四層,14,住宅大樓(11層含以上有電梯),集合住宅,鋼筋混凝土,1120524,145.60999999999999,3,2,2,有,有,有,24100,166,,0.0,0,社會住宅，管理費3600元，水電費 瓦斯費 由承租人負擔未租賃車位，建物登記含有車位面積；,RPPNMLRKOHLGFIE56CC,整棟(戶)出租,有,1150601~1160531,有,冷氣、熱水器、洗衣機、電視機、冰箱、瓦斯或天然氣,社會住宅代管
鼓山區,租賃房屋,高雄市鼓山區美術東四路６９２號２２樓之２,0.0,,,,1150525,土地0建物1車位0,二十二層,24,住宅大樓(11層含以上有電梯),集合住宅,鋼筋混凝土,1120920,125.34,3,2,2,有,有,有,27000,215,,0.0,0,租金總額含管理費；未租賃車位，建物登記含有車位面積；,RPWNMLSKOHLGFAE56CC,整棟(戶)出租,有,1150601~1160531,有,冷氣、洗衣機,
鼓山區,租賃房屋,高雄市鼓山區慶豐街９８號八樓,0.0,,,,1150522,土地0建物1車位0,八層,14,住宅大樓(11層含以上有電梯),住家用,鋼筋混凝土造,0851120,155.57,3,2,2,有,有,有,18000,116,,0.0,0,,RPXNMLSKOHLGFAE66CC,整棟(戶)出租,有,1150531~1160530,有,熱水器、瓦斯或天然氣,社會住宅代管
前金區,租賃房屋,高雄市前金區八德二路１９６號四樓之８,0.0,,,,1150522,土地0建物1車位0,四層,12,住宅大樓(11層含以上有電梯),住家用,鋼筋混凝土造,0840821,30.44,1,1,1,有,有,有,7900,260,,0.0,0,,RPQOMLSKOHLGFAE68CC,獨立套房,有,1150525~1180524,有,冷氣、熱水器、洗衣機、電視機、冰箱,社會住宅包租轉租
前金區,租賃房屋,高雄市前金區中華三路２３４號６樓之５,0.0,,,,1150522,土地0建物1車位0,六層,12,住宅大樓(11層含以上有電梯),集合住宅,鋼筋混凝土造,0720223,36.76,1,1,1,有,有,有,7500,204,,0.0,0,,RPROMLSKOHLGFAE78CC,獨立套房,有,1150530~1160529,有,冷氣、熱水器、電視機、冰箱,社會住宅代管
鼓山區,租賃房屋+車位,高雄市鼓山區明誠四路１５８號八樓之１２,0.0,,,,1150523,土地0建物1車位1,八層,26,住宅大樓(11層含以上有電梯),集合住宅,鋼骨構造、鋼骨鋼筋混凝土構造、鋼筋混凝土造,1120509,155.82999999999998,2,2,2,有,有,有,30000,193,坡道平面,32.79,0,租金總額含管理費；,RPUOMLSKOHLGFAE09CC,整棟(戶)出租,有,1150601~1170531,有,冷氣、熱水器、洗衣機、電視機、冰箱、瓦斯或天然氣,
苓雅區,車位,高雄市苓雅區新光路４８號等公共設施B４-６２車位一處,0.0,,,,1150529,土地0建物1車位1,,,其他,,,,12.65,0,0,0,無,無,無,2000,,坡道平面,12.65,2000,,RPVNMLSKOHLGFBE56CC,,,1150601~1160531,,,
新興區,租賃房屋,高雄市新興區中山一路１２號４樓之５,0.0,,,,1150522,土地0建物1車位0,四層,11,住宅大樓(11層含以上有電梯),辦公廳,鋼筋混凝土造,0690410,27.98,1,1,1,有,有,有,6000,214,,0.0,0,續租案件；,RPOOMLSKOHLGFBE58CC,獨立套房,有,1150601~1160531,有,冷氣、熱水器、洗衣機、冰箱,社會住宅代管
苓雅區,租賃房屋,高雄市苓雅區光明街８９號六樓之７,0.0,,,,1150522,土地0建物1車位0,六層,15,住宅大樓(11層含以上有電梯),住家用,鋼筋混凝土造,0960508,90.9,3,2,2,有,有,有,15500,171,,0.0,0,未租賃車位，建物登記含有車位面積；,RPPOMLSKOHLGFBE68CC,整棟(戶)出租,有,1150531~1160530,有,冷氣、熱水器、洗衣機、電視機、冰箱、瓦斯或天然氣,社會住宅代管
苓雅區,租賃房屋,高雄市苓雅區民權一路３９巷１０號,0.0,,,,1150522,土地0建物1車位0,全,3,透天厝,住宅,鋼筋混凝土加強磚造,0601214,136.82,4,2,3,有,無,有,19000,139,,0.0,0,,RPQOMLSKOHLGFBE78CC,整棟(戶)出租,無,1150530~1160529,無,冷氣、熱水器、洗衣機、電視機、冰箱,社會住宅代管
新興區,租賃房屋,高雄市新興區南華路１９８號三樓之９,0.0,,,,1150522,土地0建物1車位0,三層,14,住宅大樓(11層含以上有電梯),住家用,鋼筋混凝土造,0940803,40.370000000000005,1,1,1,有,有,有,12000,297,,0.0,0,,RPTOMLSKOHLGFBE09CC,獨立套房,有,1150601~1160531,有,冷氣、熱水器、電視機、冰箱,社會住宅代管
小港區,租賃房屋+車位,高雄市小港區店陽街１０號６樓,0.0,,,,1150526,土地0建物1車位1,六層,6,華廈(10層含以下有電梯),住家用,鋼筋混凝土造,0811230,133.94,3,2,2,有,無,無,18000,134,升降平面,0.0,0,多人共同承租3；,RPPNMLSKOHLGFCE68CC,整棟(戶)出租,無,1150601~1160531,有,冷氣、熱水器、冰箱、瓦斯或天然氣,
前鎮區,租賃房屋,高雄市前鎮區保泰路３５５號十三樓之１３,0.0,,,,1150522,土地0建物1車位0,十三層,15,住宅大樓(11層含以上有電梯),住家用,鋼筋混凝土造,0790522,151.59,3,1,2,有,有,有,15000,99,,0.0,0,,RPPPMLSKOHLGFCE88CC,整棟(戶)出租,有,1150530~1160529,有,冷氣、熱水器、洗衣機、電視機、冰箱、瓦斯或天然氣,社會住宅代管
前鎮區,租賃房屋,高雄市前鎮區精忠街１４５巷６之４號,0.0,,,,1150522,土地0建物1車位0,四層,5,公寓(5樓含以下無電梯),公寓住宅,鋼筋混凝土造,0660712,86.35,3,1,1,有,無,無,10000,116,,0.0,0,續租案件；,RPUPMLSKOHLGFCE76CC,整棟(戶)出租,無,1150610~1160609,無,冷氣、熱水器,社會住宅代管
前鎮區,租賃房屋+車位,高雄市前鎮區中華五路７６６號六樓,0.0,,,,1150522,土地0建物1車位1,六層,27,住宅大樓(11層含以上有電梯),住家用,鋼筋混凝土結構造,1000622,323.97,4,1,2,有,有,有,60000,185,坡道平面,30.79,0,此門牌有2個車位192號、133號，承租人只租一個使用133號租金總額含管理費；續租案件；,RPVPMLSKOHLGFCE86CC,整棟(戶)出租,有,1150720~1160719,有,冷氣、熱水器、洗衣機、電視機、冰箱、瓦斯或天然氣,
前鎮區,租賃房屋,高雄市前鎮區保泰路３５５號十一樓之１３,0.0,,,,1150522,土地0建物1車位0,十一層,15,住宅大樓(11層含以上有電梯),住家用,鋼筋混凝土造,0790522,151.19,3,1,2,有,有,無,17000,112,,0.0,0,續租案件；,RPWPMLSKOHLGFCE96CC,整棟(戶)出租,有,1150701~1160630,有,熱水器、瓦斯或天然氣,社會住宅代管
小港區,租賃房屋+車位,高雄市小港區高松路６巷９號３樓,0.0,,,,1150523,土地0建物1車位1,三層,5,華廈(10層含以下有電梯),集合住宅,ＲＣ結構造,1120517,141.29,3,2,2,有,有,有,23522,166,坡道平面,16.99,0,租金總額已扣除管理費每月2478元多人共同承租2；,RPXPMLSKOHLGFCE07CC,整棟(戶)出租,有,1150620~1160620,有,冷氣、熱水器、洗衣機、電視機、冰箱、瓦斯或天然氣,
三民區,租賃房屋+車位,高雄市三民區美都路１４８號１１樓,0.0,,,,1150523,土地0建物1車位1,十一層,24,住宅大樓(11層含以上有電梯),集合住宅,鋼筋混凝土,1120720,114.24000000000001,2,2,1,有,有,有,22500,197,坡道平面,28.67,0,租金總額含管理費；,RPXOMLSKOHLGFDE07CC,整棟(戶)出租,有,1150525~1160524,有,冷氣、熱水器、洗衣機,
三民區,租賃房屋,高雄市三民區順昌街２９號三樓,0.0,,,,1150522,土地0建物1車位0,三層,18,住宅大樓(11層含以上有電梯),集合住宅,鋼筋混凝土,1120719,99.4,2,1,1,有,有,無,15000,151,,0.0,0,未租賃車位，建物登記含有車位面積；續租案件；,RPRPMLSKOHLGFDE56CC,整棟(戶)出租,有,1150525~1160524,有,冷氣、熱水器,社會住宅代管
三民區,租賃房屋+車位,高雄市三民區?勝街６９號１３樓之９,0.0,,,,1150526,土地0建物1車位1,十三層,15,住宅大樓(11層含以上有電梯),集合住宅,鋼筋混凝土,1140108,118.53,2,1,1,有,有,有,20000,169,坡道平面,18.49,0,管理費:2721租金總額含管理費；,RPWPMLSKOHLGFDE07CC,整棟(戶)出租,有,1150616~1180615,有,冷氣、熱水器、洗衣機、冰箱,社會住宅包租轉租
三民區,租賃房屋,高雄市三民區愛國路６７巷１６號,0.0,,,,1150527,土地0建物0車位0,全,2,透天厝,住家用,加強磚造,0610904,12.11,8,0,8,有,無,有,6000,495,,0.0,0,其他有線電視；,RPRQMLSKOHLGFDE66CC,分租套房,無,1150601~1160531,無,冷氣、熱水器、電視機、冰箱、有線電視、網路,一般代管
楠梓區,租賃房屋,高雄市楠梓區大學２２街１３８號,70.81,住,,,1150521,土地1建物1車位0,全,4,透天厝,住宅、停車空間,鋼筋混凝土造,0940509,197.61,6,2,4,有,無,有,32000,162,,0.0,0,多人共同承租6；,RPPOMLSKOHLGFEE98CC,整棟(戶)出租,無,1150601~1160531,無,冷氣、熱水器、洗衣機、電視機、冰箱、瓦斯或天然氣,
左營區,租賃房屋+車位,高雄市左營區文學路１６７號１４樓,0.0,,,,1150522,土地0建物1車位1,十四層,15,住宅大樓(11層含以上有電梯),集合住宅,鋼筋混凝土,1120322,179.51999999999998,4,2,2,有,有,有,40000,223,坡道平面,29.28,0,租金總額含管理費；,RPVPMLSKOHLGFEE07CC,整棟(戶)出租,有,1150701~1160630,有,冷氣、熱水器、洗衣機、電視機、冰箱、瓦斯或天然氣,
左營區,租賃房屋,高雄市左營區文天路１２２號八樓之２,0.0,,,,1150529,土地0建物1車位0,八層,15,住宅大樓(11層含以上有電梯),集合住宅,鋼筋混凝土,1050322,81.35,2,1,1,有,有,有,17000,209,,0.0,0,,RPSQMLSKOHLGFEE86CC,整棟(戶)出租,有,1150601~1160531,有,冷氣、熱水器、洗衣機、電視機、冰箱、瓦斯或天然氣,社會住宅包租轉租
左營區,租賃房屋+車位,高雄市左營區自勉路１２０號七樓,0.0,,,,1150522,土地0建物1車位1,七層,15,住宅大樓(11層含以上有電梯),住家用,鋼筋混凝土造,0970108,154.57,2,2,2,有,有,有,32000,207,坡道平面,23.16,0,租金總額含管理費；,RPWQMLSKOHLGFEE27CC,整棟(戶)出租,有,1150701~1160630,有,冷氣、熱水器、洗衣機、電視機、冰箱,
左營區,租賃房屋,高雄市左營區大中二路７１５號２樓之１６,0.0,,,,1150522,土地0建物1車位0,二層,15,住宅大樓(11層含以上有電梯),集合住宅,鋼筋混凝土,1140623,61.44,1,0,1,有,有,有,13800,225,,0.0,0,,RPPRMLSKOHLGFEE66CC,獨立套房,有,1150523~1160522,有,冷氣、熱水器、洗衣機、電視機、冰箱,社會住宅代管
楠梓區,租賃房屋,高雄市楠梓區德中路２６８號十三樓之５,0.0,,,,1150525,土地0建物1車位0,十三層,15,住宅大樓(11層含以上有電梯),集合住宅,鋼筋混凝土,1040803,88.52000000000001,2,2,1,有,有,有,15000,169,,0.0,0,續租案件；,RPRRMLSKOHLGFEE86CC,整棟(戶)出租,有,1150621~1160620,有,冷氣、熱水器、洗衣機、電視機、冰箱、瓦斯或天然氣,社會住宅代管
岡山區,租賃房屋,高雄市岡山區嘉新東路１２５號,0.0,,,,1150525,土地0建物1車位0,全,4,透天厝,住商用,鋼筋混凝土造,1030227,250.23,6,3,6,有,無,無,32000,128,,0.0,0,租金總額含稅；租賃期間有約定不同租金租金:含所得稅扣繳稅額及二代健保補充保費115/6/1~115/6/15:為免租金裝潢期115/6/16?115/6/30:租金新台幣16000元整115/7/1~118/5/31:每月租金新台幣32000元整118/6/1?120/5/31:每月租金新台幣35000元整；,RPPOMLSKOHLGFFE09CC,,無,1150601~1200531,無,瓦斯或天然氣,
鳳山區,租賃房屋,高雄市鳳山區瑞明街３３巷８號四樓之１,0.0,,,,1150529,土地0建物1車位0,四層,4,公寓(5樓含以下無電梯),住家用,鋼筋混凝土造,0711125,76.04,3,1,2,有,無,有,10000,132,,0.0,0,,RPPOMLSKOHLGFGE56CC,整棟(戶)出租,無,1150601~1180531,無,冷氣、熱水器、洗衣機,社會住宅包租轉租
鳳山區,租賃房屋,高雄市鳳山區瑞興路２６７號二樓,0.0,,,,1150523,土地0建物1車位0,二層,7,華廈(10層含以下有電梯),住家用,鋼筋混凝土造,0850710,79.50999999999999,2,2,2,有,有,無,19000,239,,0.0,0,續租案件；,RPQOMLSKOHLGFGE66CC,整棟(戶)出租,有,1150601~1160531,有,冷氣、熱水器,社會住宅代管
鳳山區,租賃房屋,高雄市鳳山區五甲三路１６５之２號,0.0,,,,1150525,土地0建物1車位0,四層,5,公寓(5樓含以下無電梯),住家用,鋼筋混凝土造,0680501,62.67,3,1,2,有,無,有,7000,112,,0.0,0,,RPSOMLSKOHLGFGE86CC,整棟(戶)出租,無,1150601~1160531,無,熱水器,社會住宅代管
林園區,租賃房屋,高雄市林園區一心街３１之１號,0.0,,,,1150522,土地0建物1車位0,三層,5,公寓(5樓含以下無電梯),住家用,鋼筋混凝土造,0700410,80.92,3,1,1,有,無,有,10000,124,,0.0,0,,RPRNMLSKOHLGFLE17CC,整棟(戶)出租,無,1150530~1180529,無,冷氣、熱水器、冰箱,社會住宅包租轉租
大寮區,租賃房屋,高雄市大寮區保德街１２６號,0.0,,,,1150522,土地0建物1車位0,見其他登記事項,11,住宅大樓(11層含以上有電梯),住家用,鋼筋混凝土造,0850510,128.63,2,1,2,有,有,有,12000,93,,0.0,0,,RPSNMLSKOHLGFLE27CC,整棟(戶)出租,有,1150530~1160529,有,冷氣、熱水器、洗衣機、電視機,社會住宅代管
林園區,租賃房屋,高雄市林園區東林西路３１號七樓之３,0.0,,,,1150522,土地0建物1車位0,七層,9,華廈(10層含以下有電梯),住家用,鋼筋混凝土造,0850110,58.019999999999996,1,1,1,有,有,有,7200,124,,0.0,0,續租案件；,RPTNMLSKOHLGFLE37CC,獨立套房,有,1150525~1160524,有,冷氣、熱水器、洗衣機、電視機、冰箱,社會住宅代管
林園區,租賃房屋,高雄市林園區鳳林路三段７１５號,0.0,,,,1150526,土地0建物1車位0,全,4,透天厝,住宅、店舖,鋼筋混凝土造,0990811,205.34,3,1,2,有,無,有,13000,63,,0.0,0,,RPUNMLSKOHLGFLE47CC,整棟(戶)出租,無,1150601~1160531,無,冷氣、熱水器、洗衣機、電視機、冰箱、瓦斯或天然氣,社會住宅代管
鼓山區,租賃房屋,高雄市鼓山區九如四路１９９０巷１５弄１０號６樓之１,0.0,,,,1150522,土地0建物1車位0,六層,12,住宅大樓(11層含以上有電梯),住家用,鋼筋混凝土造,0710318,73.59,3,1,1,有,有,無,12000,163,,0.0,0,,RPPNMLTKOHLGFAE58CC,整棟(戶)出租,無,1150524~1160523,有,熱水器,社會住宅代管
鼓山區,租賃房屋,高雄市鼓山區大順一路９２７巷３號,0.0,,,,1150528,土地0建物0車位0,一層,5,公寓(5樓含以下無電梯),住宅、停車空間,鋼筋混凝土造,0760507,16.25,8,0,8,有,無,有,7500,462,,0.0,0,租金總額含網路費；其他有線電視；續租案件；,RPQNMLTKOHLGFAE68CC,分租套房,無,1150701~1160630,無,冷氣、洗衣機、電視機、冰箱、有線電視、網路,一般代管
新興區,租賃房屋,高雄市新興區錦田路７６之１號,0.0,,,,1150523,土地0建物1車位0,三層,4,公寓(5樓含以下無電梯),公寓、住宅,鋼筋混凝土造,0631127,125.44,5,2,1,有,無,有,12000,96,,0.0,0,,RPPNMLTKOHLGFBE68CC,整棟(戶)出租,無,1150616~1160615,無,熱水器,社會住宅代管
苓雅區,租賃房屋,高雄市苓雅區中山二路４８３號７樓之６,0.0,,,,1150525,土地0建物1車位0,七層,12,住宅大樓(11層含以上有電梯),商業用,鋼筋混凝土造,0851003,56.19,1,0,1,有,有,有,12000,214,,0.0,0,,RPQNMLTKOHLGFBE78CC,獨立套房,有,1150601~1160531,有,冷氣、熱水器、洗衣機、電視機、冰箱,社會住宅代管
小港區,租賃房屋,高雄市小港區高松路１７之２０號１１樓,0.0,,,,1150522,土地0建物1車位0,十一層,13,住宅大樓(11層含以上有電梯),集合住宅,鋼筋混凝土,1140411,120.89,3,1,2,有,有,無,16600,137,,0.0,0,,RPPNMLTKOHLGFCE78CC,整棟(戶)出租,有,1150601~1160531,有,冷氣、熱水器,社會住宅代管
前鎮區,租賃房屋,高雄市前鎮區鎮東四街１６５巷４之４號,0.0,,,,1150529,土地0建物0車位0,五層,5,公寓(5樓含以下無電梯),公寓,鋼筋混凝土造,0700711,13.2,4,0,4,有,無,有,5000,379,,0.0,0,其他有線電視 公電；,RPQNMLTKOHLGFCE88CC,分租套房,無,1150601~1160531,無,冷氣、熱水器、電視機、有線電視、網路,一般代管
前鎮區,租賃房屋,高雄市前鎮區林森四路２２６號１９樓,0.0,,,,1150526,土地0建物1車位0,十九層,29,住宅大樓(11層含以上有電梯),集合住宅,鋼筋混凝土,1130330,150.82,1,1,2,有,有,有,15000,99,,0.0,0,,RPRNMLTKOHLGFCE98CC,獨立套房,有,1150527~1160526,有,冷氣、熱水器、洗衣機、電視機、冰箱、瓦斯或天然氣,社會住宅代管
前鎮區,租賃房屋,高雄市前鎮區和平二路１１１巷３１弄１號５樓,0.0,,,,1150529,土地0建物0車位0,五層,5,公寓(5樓含以下無電梯),公寓,鋼筋混凝土造,0730411,16.0,4,0,4,有,無,有,5800,363,,0.0,0,其他有線電視 公電；續租案件；,RPSNMLTKOHLGFCE09CC,分租套房,無,1150601~1160531,無,冷氣、熱水器、電視機、冰箱、有線電視、網路,一般代管
三民區,租賃房屋,高雄市三民區褒揚街３１８號２樓,0.0,,,,1150522,土地0建物1車位0,二層,15,住宅大樓(11層含以上有電梯),集合住宅,鋼筋混凝土,1140627,58.4,1,0,1,有,有,無,15000,257,,0.0,0,多人共同承租2；,RPPNMLTKOHLGFDE88CC,獨立套房,有,1150601~1160531,有,冷氣、熱水器、洗衣機、冰箱,社會住宅代管
三民區,租賃房屋,高雄市三民區昌裕街３１巷７弄１７號５樓,0.0,,,,1150528,土地0建物0車位0,五層,5,公寓(5樓含以下無電梯),公寓,鋼筋混凝土造,0750804,16.94,4,1,4,有,無,有,5500,325,,0.0,0,其他有線電視 公電；,RPQNMLTKOHLGFDE98CC,分租套房,無,1150601~1160531,無,冷氣、熱水器、電視機、冰箱、有線電視、網路,一般代管
三民區,租賃房屋,高雄市三民區九如二路１-２號,0.0,,,,1150529,土地0建物0車位0,全,5,透天厝,,鋼筋混凝土造,0750221,30.68,6,0,6,有,無,有,8750,285,,0.0,0,其他有線電視 公電；,RPRNMLTKOHLGFDE09CC,分租套房,無,1150604~1160603,無,冷氣、熱水器、洗衣機、電視機、冰箱、有線電視、網路,一般代管
三民區,租賃房屋,高雄市三民區立志街５號,0.0,,,,1150529,土地0建物0車位0,全,5,透天厝,住商用,鋼筋混凝土造,0830205,11.78,21,0,21,有,無,有,5500,467,,0.0,0,,RPSNMLTKOHLGFDE56CC,分租套房,無,1150601~1160531,無,冷氣、熱水器、冰箱、網路,一般轉租
三民區,租賃房屋,高雄市三民區中山一路３２５巷２號９樓之７,0.0,,,,1150526,土地0建物1車位0,九層,14,住宅大樓(11層含以上有電梯),住家用,鋼筋混凝土造,0850417,37.74,1,0,1,有,有,有,8900,236,,0.0,0,,RPTNMLTKOHLGFDE66CC,獨立套房,有,1150615~1160614,有,冷氣、熱水器、洗衣機、電視機、冰箱,社會住宅代管
左營區,租賃房屋,高雄市左營區大中二路７１５號１３樓之９,0.0,,,,1150525,土地0建物1車位0,十三層,15,住宅大樓(11層含以上有電梯),集合住宅,鋼筋混凝土,1140623,92.63,2,2,2,有,有,有,22500,243,,0.0,0,多人共同承租2；,RPPNMLTKOHLGFEE98CC,整棟(戶)出租,有,1150527~1160526,有,冷氣、熱水器、洗衣機、電視機、冰箱,社會住宅代管
左營區,租賃房屋,高雄市左營區文天路１２３號４樓之１,0.0,,,,1150527,土地0建物1車位0,四層,17,住宅大樓(11層含以上有電梯),住家用,鋼筋混凝土造,0840302,87.62,2,1,1,有,有,有,15400,176,,0.0,0,,RPQNMLTKOHLGFEE09CC,整棟(戶)出租,有,1150601~1160531,有,冷氣、熱水器、洗衣機、電視機、冰箱、瓦斯或天然氣,社會住宅包租轉租
岡山區,租賃房屋,高雄市岡山區柳橋西路一段６號,0.0,,,,1150529,土地0建物0車位0,全,4,透天厝,住商用,鋼筋混凝土造,0760818,15.5,13,0,13,有,無,有,9500,613,,0.0,0,租金總額含水費；網路費；其他公區維護費；,RPPNMLTKOHLGFFE09CC,分租套房,無,1150601~1160531,有,冷氣、熱水器、洗衣機、冰箱、網路,一般代管
岡山區,租賃房屋,高雄市岡山區柳橋西路一段６號,0.0,,,,1150530,土地0建物0車位0,全,4,透天厝,住商用,鋼筋混凝土造,0760818,16.5,13,0,13,有,無,有,10000,606,,0.0,0,租金總額含水費；網路費；其他公區維護費；,RPQNMLTKOHLGFFE56CC,分租套房,無,1150601~1160531,無,冷氣、熱水器、洗衣機、冰箱、網路,一般代管
鳳山區,租賃房屋,高雄市鳳山區福誠五街９５號４樓,0.0,,,,1150522,土地0建物1車位0,四層,15,住宅大樓(11層含以上有電梯),集合住宅,鋼筋混凝土,1140717,68.16,2,1,1,有,有,無,16500,242,,0.0,0,多人共同承租2；,RPPNMLTKOHLGFGE56CC,整棟(戶)出租,有,1150524~1160523,有,冷氣、熱水器、洗衣機、冰箱,社會住宅代管
仁武區,租賃房屋,高雄市仁武區八德中路４１３號,0.0,,,,1150529,土地0建物0車位0,全,4,透天厝,店舖、停車空間、集合住宅,鋼筋混凝土造,0921230,17.12,4,0,4,有,無,有,6500,380,,0.0,0,多人共同承租2；其他有線電視；,RPPNMLTKOHLGFIE76CC,分租套房,無,1150531~1160530,無,冷氣、熱水器、電視機、冰箱、有線電視、網路,一般代管
前金區,租賃房屋,高雄市前金區自強三路２７７號３樓,0.0,,,,1150523,土地0建物0車位0,三層,10,華廈(10層含以下有電梯),集合住宅,鋼筋混凝土造,0720812,18.0,5,0,5,有,無,有,12500,694,,0.0,0,其他每月水費、公電費、網路費、垃圾代收費、RO濾水器耗材費已含於租金內。；,RPPNMLKLOHLGFAE77CC,分租套房,無,1150615~1160714,有,冷氣、熱水器、洗衣機、電視機、冰箱、有線電視、網路,一般轉租
前金區,租賃房屋,高雄市前金區自強三路２７７號３樓,0.0,,,,1150523,土地0建物0車位0,三層,10,華廈(10層含以下有電梯),集合住宅,鋼筋混凝土造,0720812,19.0,5,0,5,有,無,有,14000,737,,0.0,0,其他每月水費、公電費、網路費、垃圾代收費、RO濾水器耗材費已含於租金內。；,RPQNMLKLOHLGFAE87CC,分租套房,無,1150615~1160714,有,冷氣、熱水器、洗衣機、電視機、冰箱、有線電視、網路,一般轉租
前金區,租賃房屋+車位,高雄市前金區六合二路１０８號十樓之７,0.0,,,,1150523,土地0建物1車位1,十層,26,住宅大樓(11層含以上有電梯),集合住宅,鋼筋混凝土,1100702,78.57,2,1,1,有,有,有,23000,293,坡道機械,10.88,0,多人共同承租2；租金總額含管理費；,RPTNMLKLOHLGFAE18CC,整棟(戶)出租,有,1150601~1160531,有,冷氣、熱水器、洗衣機、電視機、冰箱,
鼓山區,租賃房屋,高雄市鼓山區大順一路６１７巷５號９樓,0.0,,,,1150525,土地0建物1車位0,九層,13,住宅大樓(11層含以上有電梯),住家用,鋼筋混凝土造,0901224,108.78999999999999,3,1,2,有,有,有,18700,172,,0.0,0,續租案件；,RPOOMLKLOHLGFAE77CC,整棟(戶)出租,有,1150601~1160531,有,冷氣、熱水器、洗衣機、電視機、冰箱、瓦斯或天然氣,社會住宅代管
苓雅區,租賃房屋+車位,高雄市苓雅區三多二路１１號十三樓之８,0.0,,,,1150524,土地0建物1車位1,十三層,22,住宅大樓(11層含以上有電梯),集合住宅,鋼筋混凝土,1100825,98.06,2,1,1,有,有,有,25000,255,坡道平面,20.63,0,租金總額含管理費；續租案件；,RPSNMLKLOHLGFBE18CC,整棟(戶)出租,有,1150605~1160604,有,冷氣、熱水器、洗衣機、電視機、冰箱,
前鎮區,租賃房屋+車位,高雄市前鎮區廣西路２０９號十四樓之３,0.0,,,,1150523,土地0建物1車位1,十四層,16,住宅大樓(11層含以上有電梯),集合住宅,鋼筋混凝土,1070620,122.81,1,2,1,有,有,有,25000,204,坡道平面,24.86,0,多人共同承租2；租金總額含管理費；,RPPNMLKLOHLGFCE97CC,整棟(戶)出租,有,1150525~1160524,有,冷氣、熱水器、洗衣機、電視機、冰箱、瓦斯或天然氣,
楠梓區,租賃房屋+車位,高雄市楠梓區援中路６０６號十二樓,0.0,,,,1150522,土地0建物1車位1,十二層,15,住宅大樓(11層含以上有電梯),集合住宅,鋼筋混凝土,1140508,111.87,2,1,2,有,有,有,21250,190,坡道平面,21.88,0,多人共同承租2；租金總額含管理費；,RPPNMLKLOHLGFEE18CC,整棟(戶)出租,有,1150601~1160531,有,冷氣、熱水器、洗衣機、冰箱、瓦斯或天然氣,
楠梓區,租賃房屋,高雄市楠梓區大學二十九路４００號七樓,0.0,,,,1150522,土地0建物1車位0,七層,15,住宅大樓(11層含以上有電梯),集合住宅,鋼筋混凝土,1140310,135.99,2,2,2,有,有,無,20000,147,,0.0,0,租金總額含管理費；未租賃車位，建物登記含有車位面積；續租案件；,RPQNMLKLOHLGFEE28CC,整棟(戶)出租,有,1150711~1160710,有,冷氣、熱水器、瓦斯或天然氣,
楠梓區,租賃房屋+車位,高雄市楠梓區金和街１１７號十樓,0.0,,,,1150525,土地0建物1車位1,十層,14,住宅大樓(11層含以上有電梯),集合住宅,鋼筋混凝土,1120112,97.74000000000001,2,1,1,有,有,有,28000,286,坡道平面,23.96,0,該物件謄本有兩個車位，編號為115及113A，此租賃合約只租一個車位，編號為115。租金總額含管理費；續租案件；,RPSNMLKLOHLGFEE48CC,整棟(戶)出租,無,1150701~1150831,有,冷氣、洗衣機、電視機、冰箱、瓦斯或天然氣,
左營區,租賃房屋,高雄市左營區新莊一路１３３號９樓之１,0.0,,,,1150525,土地0建物1車位0,九層,27,住宅大樓(11層含以上有電梯),住家用,鋼筋混凝土造,0830811,112.88,2,1,1,有,有,有,18000,159,,0.0,0,續租案件；,RPTNMLKLOHLGFEE58CC,整棟(戶)出租,有,1150601~1160531,有,冷氣、熱水器、電視機、瓦斯或天然氣,社會住宅代管
橋頭區,租賃房屋,高雄市橋頭區經武路１１３０巷１４５號２樓,0.0,,,,1150525,土地0建物1車位0,二層,15,住宅大樓(11層含以上有電梯),集合住宅,鋼筋混凝土造,1100128,70.37,2,1,1,有,有,有,16500,234,,0.0,0,續租案件；,RPPNMLKLOHLGFFE28CC,整棟(戶)出租,有,1150601~1160531,有,冷氣、熱水器、洗衣機、冰箱、瓦斯或天然氣,社會住宅包租轉租
鳳山區,租賃房屋,高雄市鳳山區建國路三段５３７號１４樓之３,0.0,,,,1150527,土地0建物1車位0,十四層,14,住宅大樓(11層含以上有電梯),住家用,鋼筋混凝土造,0891202,135.28,3,1,2,有,有,有,23000,170,,0.0,0,多人共同承租2；,RPPNMLKLOHLGFGE38CC,整棟(戶)出租,有,1150601~1160531,有,冷氣、熱水器、洗衣機、電視機、冰箱、瓦斯或天然氣,社會住宅代管
新興區,租賃房屋,高雄市新興區南台?路３６號７樓之１,0.0,,,,1150528,土地0建物1車位0,七層,8,華廈(10層含以下有電梯),集合住宅,鋼筋混凝土造,0800722,46.010000000000005,1,1,1,有,有,有,9000,196,,0.0,0,參加國家住宅及都市更新中心辦理社會住宅包租代管第5期計畫中央版續租案件；,RPUNMLLLOHLGFBE48CC,獨立套房,有,1151101~1161031,有,冷氣、熱水器、洗衣機、冰箱,社會住宅代管
苓雅區,租賃房屋,高雄市苓雅區三多四路６２號十一樓之５,0.0,,,,1150528,土地0建物1車位0,十一層,28,住宅大樓(11層含以上有電梯),集合住宅,鋼筋混凝土,1140829,101.14999999999999,2,2,2,有,有,有,20800,206,,0.0,0,參加國家住宅及都市更新中心辦理社會住宅包租代管第5期計畫中央版,RPVNMLLLOHLGFBE58CC,整棟(戶)出租,有,1150601~1160531,有,冷氣、熱水器,社會住宅代管
苓雅區,租賃房屋,高雄市苓雅區自強三路５號三十一樓之２,0.0,,,,1150528,土地0建物1車位0,三十一層,85,住宅大樓(11層含以上有電梯),商業用,鋼骨鋼筋混凝土造,0880401,34.9,1,1,1,有,有,有,7500,215,,0.0,0,參加國家住宅及都市更新中心辦理社會住宅包租代管第5期計畫中央版,RPWNMLLLOHLGFBE68CC,獨立套房,有,1150601~1160531,有,冷氣、熱水器、洗衣機、電視機、冰箱,社會住宅代管
小港區,租賃房屋,高雄市小港區港信路７２號十三樓,0.0,,,,1150528,土地0建物1車位0,十三層,15,住宅大樓(11層含以上有電梯),集合住宅,鋼筋混凝土,1101012,148.66,3,2,2,有,有,有,19000,128,,0.0,0,參加國家住宅及都市更新中心辦理社會住宅包租代管第5期計畫中央版未租賃車位，建物登記含有車位面積；,RPPNMLLLOHLGFCE08CC,整棟(戶)出租,有,1150601~1160531,有,冷氣、熱水器、洗衣機、電視機、冰箱,社會住宅代管
湖內區,租賃房屋,高雄市湖內區中山路一段３８５巷６５號４樓之２,0.0,,,,1150525,土地0建物0車位0,四層,5,華廈(10層含以下有電梯),住家用,鋼筋混凝土造,0810612,18.18,4,0,4,有,無,無,6691,368,,0.0,0,租金總額含網路費；租賃建物部分範圍，且未計入共有部分面積；,RPPNMLLLOHLGFJE78CC,分租套房,無,1150801~1160731,有,冷氣、熱水器、網路,一般轉租
湖內區,租賃房屋,高雄市湖內區中山路一段３８５巷６５號４樓之４,0.0,,,,1150529,土地0建物0車位0,四層,5,華廈(10層含以下有電梯),住家用,鋼筋混凝土造,0810612,16.25,4,0,4,有,無,無,6000,369,,0.0,0,租金總額含網路費；租賃建物部分範圍，且未計入共有部分面積；,RPQNMLLLOHLGFJE88CC,分租套房,無,1150801~1160131,有,冷氣、熱水器、網路,一般轉租
鼓山區,租賃房屋,高雄市鼓山區文忠路９５號３樓之３,0.0,,,,1150531,土地0建物1車位0,三層,12,住宅大樓(11層含以上有電梯),住家用,鋼筋混凝土造,0830816,58.18,1,1,1,有,有,有,21000,361,,0.0,0,多人共同承租2；續租案件；,RPTNMLMLOHLGFAE38CC,整棟(戶)出租,有,1150625~1160624,有,冷氣、熱水器、洗衣機、電視機、冰箱、瓦斯或天然氣,一般轉租
鼓山區,租賃房屋+車位,高雄市鼓山區文忠路７９號八樓,0.0,,,,1150529,土地0建物1車位1,八層,15,住宅大樓(11層含以上有電梯),集合住宅,鋼筋混凝土,1050114,110.27000000000001,1,1,1,有,有,有,19500,177,坡道機械,9.92,0,租金總額含管理費；,RPUOMLMLOHLGFAE58CC,獨立套房,有,1150615~1160614,有,冷氣、熱水器、瓦斯或天然氣,
鼓山區,租賃房屋,高雄市鼓山區明華路１０９號二樓,0.0,,,,1150526,土地0建物1車位0,二層,14,住宅大樓(11層含以上有電梯),住家用,鋼筋混凝土造,0871210,131.86,3,2,2,有,有,有,17200,130,,0.0,0,未租賃車位，建物登記含有車位面積；,RPVOMLMLOHLGFAE68CC,整棟(戶)出租,有,1150621~1160620,有,冷氣、熱水器、冰箱、瓦斯或天然氣,社會住宅包租轉租
新興區,租賃房屋,高雄市新興區南台橫路３６號７樓之４,0.0,,,,1150529,土地0建物1車位0,七層,8,華廈(10層含以下有電梯),集合住宅,鋼筋混凝土造,0800722,40.9,1,0,1,有,有,有,8500,208,,0.0,0,續租案件；,RPROMLMLOHLGFBE38CC,獨立套房,有,1150610~1160609,有,冷氣、熱水器、洗衣機、電視機、冰箱,社會住宅包租轉租
苓雅區,租賃房屋,高雄市苓雅區林德街１７之５號,0.0,,,,1150528,土地0建物1車位0,六層,10,華廈(10層含以下有電梯),,鋼筋混凝土造,0680310,70.89,3,2,1,有,有,有,16000,226,,0.0,0,,RPOPMLMLOHLGFBE18CC,整棟(戶)出租,有,1150601~1180531,有,冷氣、熱水器、洗衣機、電視機、冰箱,社會住宅包租轉租
新興區,租賃房屋,高雄市新興區金門街１１６巷２３號４樓之３,0.0,,,,1150526,土地0建物1車位0,四層,9,華廈(10層含以下有電梯),住家用,鋼筋混凝土造,0850429,32.75,1,1,1,有,有,有,9500,290,,0.0,0,,RPPPMLMLOHLGFBE28CC,獨立套房,有,1150601~1160531,有,冷氣、熱水器、洗衣機、電視機、冰箱,社會住宅代管
小港區,租賃房屋,高雄市小港區宏平路６６６號１４F-３,0.0,,,,1150529,土地0建物1車位0,十四層,15,住宅大樓(11層含以上有電梯),集合住宅,鋼筋混凝土,1140421,104.31,3,2,1,有,有,無,27000,259,,0.0,0,,RPPNMLMLOHLGFCE18CC,整棟(戶)出租,有,1150601~1160531,有,冷氣、熱水器、洗衣機、冰箱、瓦斯或天然氣,一般包租
前鎮區,租賃房屋,高雄市前鎮區中山二路９號十五樓之１,0.0,,,,1150526,土地0建物1車位0,十五層,28,住宅大樓(11層含以上有電梯),住家用,鋼筋混凝土造,0861105,211.57,4,2,2,有,有,無,24500,116,,0.0,0,租金總額含管理費；未租賃車位，建物登記含有車位面積；續租案件；,RPUNMLMLOHLGFCE68CC,整棟(戶)出租,有,1150601~1160531,有,冷氣、瓦斯或天然氣,
小港區,租賃房屋,高雄市小港區秀峰街１巷５１之８號七樓,0.0,,,,1150526,土地0建物1車位0,七層,7,華廈(10層含以下有電梯),住家用,鋼筋混凝土造,0830929,31.689999999999998,1,1,1,有,有,有,7000,221,,0.0,0,,RPPPMLMLOHLGFCE38CC,獨立套房,有,1150601~1180531,有,冷氣、熱水器、洗衣機、冰箱,社會住宅包租轉租
前鎮區,租賃房屋,高雄市前鎮區瑞隆路５９１號十四樓之１０,0.0,,,,1150526,土地0建物1車位0,十四層,15,住宅大樓(11層含以上有電梯),集合住宅,鋼筋混凝土,1141203,71.35,1,1,1,有,有,有,17000,238,,0.0,0,,RPQPMLMLOHLGFCE48CC,獨立套房,有,1150601~1160531,有,冷氣、熱水器、洗衣機、冰箱,社會住宅代管
三民區,租賃房屋,高雄市三民區昌裕街２巷３５號４樓之１,0.0,,,,1150522,土地0建物1車位0,四層,5,華廈(10層含以下有電梯),住家用,鋼筋混凝土造,0830120,135.79,4,2,2,有,無,有,29800,219,,0.0,0,多人共同承租4；續租案件；,RPROMLMLOHLGFDE58CC,整棟(戶)出租,無,1150620~1160619,有,冷氣、熱水器、洗衣機、電視機、冰箱、網路,一般轉租
三民區,租賃房屋,高雄市三民區同盟一路９３號十樓之７,0.0,,,,1150526,土地0建物1車位0,十層,15,住宅大樓(11層含以上有電梯),集合住宅,鋼筋混凝土,1111013,73.68,2,1,1,有,有,有,21000,285,,0.0,0,多人共同承租2；租金總額含管理費；未租賃車位，建物登記含有車位面積；續租案件；,RPTOMLMLOHLGFDE78CC,整棟(戶)出租,有,1150605~1160604,有,冷氣、熱水器、洗衣機、冰箱、瓦斯或天然氣、網路,
三民區,租賃房屋,高雄市三民區大昌二路１００之３號十四樓,0.0,,,,1150526,土地0建物1車位0,十四層,15,住宅大樓(11層含以上有電梯),住家用,鋼筋混凝土造,0940613,96.09,2,1,1,有,有,有,19900,207,,0.0,0,多人共同承租2；未租賃車位，建物登記含有車位面積；,RPTPMLMLOHLGFDE88CC,整棟(戶)出租,有,1150615~1171114,有,冷氣、熱水器、洗衣機、電視機、冰箱、瓦斯或天然氣,社會住宅包租轉租
三民區,租賃房屋,高雄市三民區光富路４８號七樓之２,0.0,,,,1150526,土地0建物1車位0,七層,7,華廈(10層含以下有電梯),住家用,鋼筋混凝土造,0820719,56.07,2,1,1,有,有,有,13500,241,,0.0,0,,RPUPMLMLOHLGFDE98CC,整棟(戶)出租,有,1150601~1180531,有,冷氣、熱水器、洗衣機、電視機、冰箱,社會住宅包租轉租
左營區,租賃房屋,高雄市左營區大中二路３４５號八樓之５,0.0,,,,1150526,土地0建物1車位0,八層,23,住宅大樓(11層含以上有電梯),住家用,見使用執照,0881020,116.86,3,2,2,有,有,有,17000,145,,0.0,0,,RPOPMLMLOHLGFEE48CC,整棟(戶)出租,有,1150601~1160531,有,冷氣、熱水器、洗衣機、冰箱、瓦斯或天然氣,社會住宅代管
左營區,租賃房屋,高雄市左營區文莊路５１號,0.0,,,,1150526,土地0建物1車位0,見其他登記事項,9,華廈(10層含以下有電梯),住商用,鋼筋混凝土造,0880409,256.66,3,2,2,有,有,無,40000,156,,0.0,0,未租賃車位，建物登記含有車位面積；,RPTPMLMLOHLGFEE98CC,,有,1150701~1170630,有,冷氣、熱水器、瓦斯或天然氣,
左營區,租賃房屋,高雄市左營區重平路１８號,0.0,,,,1150526,土地0建物1車位0,全,5,透天厝,住商用,鋼筋混凝土造,0951201,284.13,4,2,6,有,無,無,55000,194,,0.0,0,租金總額含稅；,RPUPMLMLOHLGFEE09CC,,無,1150601~1180531,無,,
左營區,租賃房屋,高雄市左營區和光街１０６巷２８弄８號,0.0,,,,1150526,土地0建物1車位0,全,2,透天厝,住家用,加強磚造,0570724,68.86,3,2,1,有,無,有,10000,145,,0.0,0,續租案件；,RPWPMLMLOHLGFEE66CC,整棟(戶)出租,無,1150601~1160531,無,冷氣、熱水器、洗衣機、電視機、冰箱,社會住宅代管
岡山區,租賃房屋,高雄市岡山區大德二路１８９號２樓,89.0,住,,,1150522,土地2建物1車位0,全,2,透天厝,住商用,鋼筋混凝土造,0730904,50.09,2,1,1,有,無,無,14791,295,,0.0,0,含增建或未登記建物；,RPXNMLMLOHLGFFE66CC,分層出租,無,1150616~1180615,無,,
岡山區,租賃房屋,高雄市岡山區大德二路１８９號１樓,89.0,住,,,1150522,土地2建物1車位0,全,2,透天厝,住商用,鋼筋混凝土造,0730904,35.69,0,0,0,無,無,無,14791,414,,0.0,0,租金總額含稅；含增建或未登記建物；,RPOOMLMLOHLGFFE48CC,,無,1150616~1180615,無,,
湖內區,租賃房屋,高雄市湖內區中山路１段３８５巷６５號２樓之１,0.0,,,,1150525,土地0建物0車位0,二層,5,華廈(10層含以下有電梯),住家用,鋼筋混凝土造,0810612,13.22,4,0,4,有,無,無,5150,390,,0.0,0,,RPPNMLMLOHLGFJE88CC,分租套房,無,1150701~1160630,有,冷氣、熱水器、網路,一般轉租
大寮區,租賃房屋,高雄市大寮區華中南路１１７號,116.36,住,,,1150522,土地1建物1車位0,全,4,透天厝,住宅,鋼筋混凝土,1090720,76.85,0,0,0,無,無,無,28500,371,,0.0,0,租金總額含稅；,RPQNMLMLOHLGFLE56CC,,無,1150522~1200321,無,,
鼓山區,租賃房屋,高雄市鼓山區伊?街１１５巷１１之２號,0.0,,,,1150529,土地0建物1車位0,三層,4,公寓(5樓含以下無電梯),集合住宅,鋼筋混凝土造,0660413,86.49,3,2,1,有,無,有,9000,104,,0.0,0,,RPOOMLNLOHLGFAE08CC,整棟(戶)出租,無,1150605~1170604,無,冷氣、熱水器、洗衣機、電視機、冰箱、瓦斯或天然氣,社會住宅包租轉租
鹽埕區,租賃房屋,高雄市鹽埕區七賢三路２６９號１５樓之４０,0.0,,,,1150528,土地0建物1車位0,十五層,16,住宅大樓(11層含以上有電梯),集合住宅,鋼筋混凝土造,0750217,39.75,1,1,1,有,有,有,8000,201,,0.0,0,,RPSOMLNLOHLGFAE48CC,獨立套房,有,1150616~1160615,有,冷氣、熱水器、洗衣機、冰箱,社會住宅包租轉租
前金區,租賃房屋,高雄市前金區河南二路１０３號七樓之１,0.0,,,,1150531,土地0建物1車位0,七層,12,住宅大樓(11層含以上有電梯),住家用,鋼筋混凝土造,0790807,64.79,2,2,1,有,有,有,14100,218,,0.0,0,,RPUOMLNLOHLGFAE68CC,整棟(戶)出租,有,1150601~1160531,有,冷氣、熱水器,社會住宅代管
鼓山區,租賃房屋+車位,高雄市鼓山區馬卡道路３９１號二十七樓,0.0,,,,1150525,土地0建物1車位1,二十七層,28,住宅大樓(11層含以上有電梯),住家用,鋼筋混凝土造,1010411,210.8,3,2,2,有,有,有,55000,261,坡道平面,16.61,0,此門牌有2個車位016號、113號，承租人只租一個使用016號租金總額含管理費；續租案件；,RPVOMLNLOHLGFAE78CC,整棟(戶)出租,有,1150719~1160531,有,冷氣、熱水器、洗衣機、電視機、冰箱、瓦斯或天然氣,
鼓山區,租賃房屋,高雄市鼓山區九如四路１９９１巷２１號６樓之２,0.0,,,,1150530,土地0建物1車位0,六層,12,住宅大樓(11層含以上有電梯),住家用,鋼筋混凝土造,0710814,77.06,3,1,1,有,有,無,16000,208,,0.0,0,,RPWOMLNLOHLGFAE88CC,整棟(戶)出租,無,1150610~1160609,有,冷氣、熱水器、電視機、冰箱,社會住宅代管
新興區,租賃房屋,高雄市新興區七賢二路２５號４樓之３,0.0,,,,1150527,土地0建物1車位0,四層,12,住宅大樓(11層含以上有電梯),集合住宅,鋼筋混凝土造,0710925,36.37,1,1,1,有,有,有,12000,330,,0.0,0,續租案件；,RPTNMLNLOHLGFBE58CC,獨立套房,有,1150620~1160619,有,冷氣、熱水器、洗衣機、電視機、冰箱,社會住宅代管
苓雅區,租賃房屋,高雄市苓雅區青年二路２９號８樓之２,0.0,,,,1150528,土地0建物1車位0,八層,12,住宅大樓(11層含以上有電梯),住家用,鋼筋混凝土造,0830929,42.47,1,1,1,有,有,有,12300,290,,0.0,0,,RPPOMLNLOHLGFBE28CC,獨立套房,有,1150601~1180531,有,冷氣、熱水器,社會住宅包租轉租
苓雅區,租賃房屋,高雄市苓雅區成功二路１０６之２號,0.0,,,,1150528,土地0建物1車位0,三層,5,公寓(5樓含以下無電梯),公寓,鋼筋混凝土造,0670721,73.02,3,1,1,有,無,有,11500,157,,0.0,0,續租案件；,RPROMLNLOHLGFBE48CC,整棟(戶)出租,無,1150608~1160607,無,冷氣、熱水器、洗衣機、冰箱,社會住宅代管
苓雅區,租賃房屋,高雄市苓雅區中山二路４８３號６樓之８,0.0,,,,1150528,土地0建物1車位0,六層,12,住宅大樓(11層含以上有電梯),商業用,鋼筋混凝土造,0851003,27.759999999999998,1,1,1,有,有,有,7600,274,,0.0,0,續租案件；,RPSOMLNLOHLGFBE58CC,獨立套房,有,1150601~1160531,有,冷氣、熱水器、洗衣機、電視機、冰箱,社會住宅代管
苓雅區,租賃房屋,高雄市苓雅區自強三路５號２７樓之３８,0.0,,,,1150529,土地0建物1車位0,二十七層,85,住宅大樓(11層含以上有電梯),商業用,鋼骨鋼筋混凝土造,0880401,30.81,1,1,1,有,有,無,7800,253,,0.0,0,租賃建物部分範圍，且未計入共有部分面積；,RPUOMLNLOHLGFBE78CC,獨立套房,有,1150601~1151130,有,冷氣、熱水器、電視機、冰箱,
苓雅區,租賃房屋,高雄市苓雅區自強三路５號３１樓之０５,0.0,,,,1150529,土地0建物1車位0,三十一層,85,住宅大樓(11層含以上有電梯),商業用,鋼骨鋼筋混凝土造,0880401,49.69,1,1,1,有,有,無,10000,201,,0.0,0,租賃建物部分範圍，且未計入共有部分面積；,RPPPMLNLOHLGFBE38CC,獨立套房,有,1150601~1151130,有,冷氣、熱水器、電視機、冰箱,
苓雅區,租賃房屋,高雄市苓雅區安康路３之２號,0.0,,,,1150528,土地0建物1車位0,三層,4,公寓(5樓含以下無電梯),,鋼筋混凝土造,0680308,73.13,3,1,2,有,無,有,15000,205,,0.0,0,續租案件；,RPSPMLNLOHLGFBE68CC,整棟(戶)出租,無,1150602~1160601,無,冷氣、熱水器、洗衣機、冰箱,社會住宅包租轉租
三民區,租賃房屋,高雄市三民區民信路３號５樓,0.0,,,,1150526,土地0建物1車位0,五層,5,公寓(5樓含以下無電梯),,鋼筋混凝土造,0750823,106.30999999999999,3,1,2,有,無,無,15000,141,,0.0,0,續租案件；,RPPNMLNLOHLGFDE38CC,整棟(戶)出租,無,1150612~1160611,無,冷氣、熱水器,社會住宅代管
三民區,租賃房屋,高雄市三民區建國三路６號十六樓之４,0.0,,,,1150527,土地0建物1車位0,見其他登記事項,21,住宅大樓(11層含以上有電梯),住家用,鋼筋混凝土造,0840615,56.97,1,1,1,有,有,有,8500,149,,0.0,0,,RPSNMLNLOHLGFDE68CC,獨立套房,有,1150601~1180531,有,冷氣、熱水器、洗衣機、電視機、冰箱,社會住宅代管
三民區,租賃房屋,高雄市三民區教仁路７０之１號十一樓,0.0,,,,1150529,土地0建物1車位0,十一層,15,住宅大樓(11層含以上有電梯),住家用,鋼筋混凝土造,0941121,89.84,2,2,1,有,有,有,14000,156,,0.0,0,未租賃車位，建物登記含有車位面積；,RPQPMLNLOHLGFDE68CC,整棟(戶)出租,有,1150616~1180615,有,冷氣、熱水器、瓦斯或天然氣,社會住宅包租轉租
三民區,租賃房屋,高雄市三民區中華二路６３號三樓,0.0,,,,1150528,土地0建物1車位0,三層,14,住宅大樓(11層含以上有電梯),集合住宅,鋼筋混凝土,1120213,165.24,3,2,2,有,有,有,19500,118,,0.0,0,未租賃車位，建物登記含有車位面積；續租案件；,RPSPMLNLOHLGFDE88CC,整棟(戶)出租,有,1150620~1160619,有,冷氣、熱水器、洗衣機、電視機、冰箱、瓦斯或天然氣,社會住宅代管
三民區,租賃房屋,高雄市三民區明誠二路１０２之３號二十樓,0.0,,,,1150528,土地0建物1車位0,二十層,27,住宅大樓(11層含以上有電梯),住家用,鋼筋混凝土造,0880519,86.66,2,2,1,有,有,有,20000,231,,0.0,0,多人共同承租2；續租案件；,RPUPMLNLOHLGFDE09CC,整棟(戶)出租,有,1150609~1160608,有,冷氣、熱水器、洗衣機、冰箱、瓦斯或天然氣,社會住宅代管
三民區,租賃房屋,高雄市三民區延吉街１巷４９之４號,0.0,,,,1150528,土地0建物1車位0,五層,5,公寓(5樓含以下無電梯),住家用,鋼筋混凝土造,0671216,58.94,3,2,2,有,無,有,10000,170,,0.0,0,,RPVPMLNLOHLGFDE56CC,整棟(戶)出租,無,1150621~1160620,無,冷氣、熱水器、洗衣機、電視機、冰箱,社會住宅代管
三民區,租賃房屋,高雄市三民區建國三路２０號十樓之３,0.0,,,,1150529,土地0建物1車位0,見其他登記事項,21,住宅大樓(11層含以上有電梯),住家用,鋼筋混凝土造,0840615,51.18000000000001,1,1,1,有,有,有,7500,147,,0.0,0,續租案件；,RPOQMLNLOHLGFDE58CC,獨立套房,有,1150620~1160619,有,冷氣、熱水器、洗衣機、電視機、冰箱,社會住宅代管
三民區,租賃房屋,高雄市三民區建國三路２０號十樓之１７,0.0,,,,1150529,土地0建物1車位0,見其他登記事項,21,住宅大樓(11層含以上有電梯),住家用,鋼筋混凝土造,0840615,34.6,1,1,1,有,有,有,5000,145,,0.0,0,續租案件；,RPQQMLNLOHLGFDE78CC,獨立套房,有,1150620~1160619,有,冷氣、熱水器、電視機、冰箱,社會住宅代管
三民區,租賃房屋,高雄市三民區正忠路７５號三樓之７,0.0,,,,1150531,土地0建物1車位0,三層,12,住宅大樓(11層含以上有電梯),住家用,鋼筋混凝土造,0821120,25.09,1,1,1,有,有,有,6000,239,,0.0,0,,RPSQMLNLOHLGFDE98CC,獨立套房,有,1150601~1160531,有,冷氣、熱水器、洗衣機、電視機、冰箱,社會住宅代管
三民區,租賃房屋,高雄市三民區大中一路２３５巷３號２３樓,0.0,,,,1150528,土地0建物1車位0,二十三層,24,住宅大樓(11層含以上有電梯),住家用,鋼筋混凝土造,0830523,142.13,3,1,2,有,有,有,17500,123,,0.0,0,續租案件；,RPPRMLNLOHLGFDE78CC,整棟(戶)出租,有,1150601~1160531,有,冷氣、熱水器、洗衣機、冰箱,社會住宅代管
三民區,租賃房屋,高雄市三民區河北二路８２號４樓之４,0.0,,,,1150528,土地0建物1車位0,四層,11,住宅大樓(11層含以上有電梯),,鋼筋混凝土造,0711015,27.14,1,0,1,有,有,有,6500,239,,0.0,0,續租案件；,RPQRMLNLOHLGFDE88CC,獨立套房,有,1150622~1160621,有,冷氣、熱水器、洗衣機、電視機、冰箱,社會住宅代管
楠梓區,租賃房屋,高雄市楠梓區土庫二路１６號十五樓,0.0,,,,1150527,土地0建物1車位0,十五層,23,住宅大樓(11層含以上有電梯),集合住宅,鋼筋混凝土,1040216,121.63,2,2,2,有,有,有,13500,111,,0.0,0,未租賃車位，建物登記含有車位面積；續租案件；,RPXNMLNLOHLGFEE66CC,整棟(戶)出租,有,1150618~1160617,有,冷氣、熱水器、洗衣機、冰箱、瓦斯或天然氣,社會住宅代管
左營區,租賃房屋,高雄市左營區博愛二路４２０號十七樓之２,0.0,,,,1150527,土地0建物1車位0,十七層,26,住宅大樓(11層含以上有電梯),住家用,鋼筋混凝土造,0870217,146.39,4,2,2,有,有,有,23000,157,,0.0,0,,RPOOMLNLOHLGFEE48CC,整棟(戶)出租,有,1150601~1160531,有,冷氣、熱水器、洗衣機、電視機、瓦斯或天然氣,社會住宅代管
楠梓區,租賃房屋,高雄市楠梓區高峰街７１號七樓,0.0,,,,1150528,土地0建物1車位0,七層,15,住宅大樓(11層含以上有電梯),集合住宅,鋼筋混凝土,1070427,116.21000000000001,2,1,2,有,有,有,18200,157,,0.0,0,多人共同承租2；未租賃車位，建物登記含有車位面積；,RPTPMLNLOHLGFEE09CC,整棟(戶)出租,有,1150601~1180531,有,冷氣、熱水器、洗衣機、電視機、冰箱、瓦斯或天然氣,社會住宅包租轉租
楠梓區,租賃房屋,高雄市楠梓區後昌路６７８號,93.0,商,,,1150526,土地1建物1車位0,見其他登記事項,3,店面(店鋪),住商用,見使用執照,0920918,176.22,0,0,0,無,無,無,55000,312,,0.0,0,租金總額含稅；含增建或未登記建物；租賃期間有約定不同租金租金:含租賃所得稅、健保補充保費或營業稅自民國115年8月1日起至民國120年7月31日止:每月新台幣55000元整淨額新台幣48340元整自民國120年8月1日起至民國125年7月31日止:每月新台幣58000元整淨額新台幣50976元整；,RPUPMLNLOHLGFEE56CC,,無,1150801~1250731,無,,
橋頭區,租賃房屋,高雄市橋頭區芋寮路信義巷６號３樓之３,0.0,,,,1150526,土地0建物1車位0,三層,8,華廈(10層含以下有電梯),集合住宅,鋼筋混凝土造,1130809,71.77000000000001,2,1,2,有,有,有,13500,188,,0.0,0,續租案件；,RPPNMLNLOHLGFFE58CC,整棟(戶)出租,有,1150529~1160528,有,熱水器、洗衣機、冰箱,社會住宅代管
橋頭區,租賃房屋,高雄市橋頭區德松路３２號２樓,0.0,,,,1150528,土地0建物1車位0,二層,5,公寓(5樓含以下無電梯),住家用,鋼筋混凝土造,0791105,112.36,3,1,2,有,無,有,11000,98,,0.0,0,續租案件；,RPTOMLNLOHLGFFE09CC,整棟(戶)出租,無,1150601~1160531,無,冷氣、熱水器、電視機、冰箱,社會住宅代管
鳳山區,租賃房屋,高雄市鳳山區四維街１２２號４樓,0.0,,,,1150526,土地0建物1車位0,四層,12,住宅大樓(11層含以上有電梯),住家用,鋼筋混凝土,0890725,156.9,3,2,2,有,有,有,16400,105,,0.0,0,續租案件；,RPPNMLNLOHLGFGE68CC,整棟(戶)出租,有,1150625~1160624,有,冷氣、熱水器、洗衣機、冰箱、瓦斯或天然氣,社會住宅代管
鳳山區,租賃房屋,高雄市鳳山區文武街１３３之２號,0.0,,,,1150528,土地0建物1車位0,三層,5,公寓(5樓含以下無電梯),住家用,鋼筋混凝土造,0701130,60.16,3,1,1,有,無,有,10000,166,,0.0,0,續租案件；,RPSOMLNLOHLGFGE09CC,整棟(戶)出租,無,1150625~1160624,無,冷氣、熱水器、洗衣機、冰箱,社會住宅代管
仁武區,租賃房屋,高雄市仁武區北屋北街１６１號二樓,0.0,,,,1150528,土地0建物1車位0,二層,15,住宅大樓(11層含以上有電梯),集合住宅,鋼筋混凝土,1100302,149.07,2,2,2,有,有,有,20000,134,,0.0,0,未租賃車位，建物登記含有車位面積；續租案件；,RPVNMLNLOHLGFIE86CC,整棟(戶)出租,有,1150612~1160611,有,冷氣、熱水器、洗衣機、電視機、冰箱,社會住宅代管
湖內區,租賃房屋,高雄市湖內區中山路１段３８５巷６５號５樓之２,0.0,,,,1150530,土地0建物0車位0,五層,5,華廈(10層含以下有電梯),住家用,鋼筋混凝土造,0810612,18.18,4,0,4,有,無,無,4050,223,,0.0,0,多人共同承租2；租金總額含網路費；,RPTNMLNLOHLGFJE76CC,分租雅房,無,1150801~1160131,有,冷氣、熱水器、網路,一般轉租
湖內區,租賃房屋,高雄市湖內區高雄市湖內區中山路１段３８５巷６５號２樓之１,0.0,,,,1150525,土地0建物0車位0,二層,5,華廈(10層含以下有電梯),住家用,鋼筋混凝土造,0810612,13.22,4,0,4,有,無,無,5150,390,,0.0,0,,RPUNMLNLOHLGFJE86CC,分租套房,無,1150701~1160630,有,冷氣、熱水器、網路,一般轉租
路竹區,租賃房屋,高雄市路竹區中華路２３之１號,0.0,,,,1150531,土地0建物0車位0,全,3,透天厝,住商用,鋼筋混凝土造,0740417,15.98,51,0,51,有,無,有,5000,313,,0.0,0,續租案件；,RPVNMLNLOHLGFJE96CC,分租套房,無,1150615~1160614,有,冷氣、熱水器、電視機、冰箱、網路,一般代管
大寮區,租賃房屋,高雄市大寮區翁園路１３巷２５９號,0.0,,,,1150526,土地0建物1車位0,全,4,透天厝,住家用,鋼筋混凝土造,0870410,152.62,5,1,3,有,無,有,13300,87,,0.0,0,續租案件；,RPQNMLNLOHLGFLE66CC,整棟(戶)出租,無,1150604~1160603,無,冷氣、熱水器、洗衣機,社會住宅代管
林園區,租賃房屋,高雄市林園區王公路５８巷５號６樓,0.0,,,,1150527,土地0建物1車位0,六層,13,住宅大樓(11層含以上有電梯),集合住宅,鋼筋混凝土造,0840501,112.16000000000001,3,1,2,有,有,有,15000,134,,0.0,0,續租案件；,RPRNMLNLOHLGFLE76CC,整棟(戶)出租,有,1150604~1160603,有,冷氣、熱水器,社會住宅代管
鼓山區,租賃房屋+車位,高雄市鼓山區富農路９０號八樓,0.0,,,,1150528,土地0建物1車位1,八層,24,住宅大樓(11層含以上有電梯),住家用,鋼筋混凝土造,1020522,245.98,4,2,2,有,有,有,49000,199,坡道平面,23.17,0,租金總額含管理費；,RPQNMLOLOHLGFAE28CC,整棟(戶)出租,有,1150701~1160630,有,冷氣、熱水器、洗衣機、電視機、冰箱、瓦斯或天然氣,
前金區,租賃房屋,高雄市前金區市中一路９９號四樓之１３,0.0,,,,1150528,土地0建物1車位0,四層,22,住宅大樓(11層含以上有電梯),住家用,鋼筋混凝土造,0910618,68.48,2,2,1,有,有,有,18000,263,,0.0,0,租金總額含管理費；,RPWNMLOLOHLGFAE88CC,整棟(戶)出租,有,1150601~1180531,有,冷氣、熱水器、冰箱,
鼓山區,租賃房屋,高雄市鼓山區河西一路１４６５號四樓,0.0,,,,1150526,土地0建物1車位0,四層,14,住宅大樓(11層含以上有電梯),住家用,鋼筋混凝土造,0960328,134.21,3,2,2,有,有,有,32000,238,,0.0,0,租金總額含管理費；續租案件；,RPTOMLOLOHLGFAE68CC,整棟(戶)出租,有,1150701~1160630,有,冷氣、熱水器、洗衣機、電視機、冰箱、瓦斯或天然氣,
鼓山區,租賃房屋,高雄市鼓山區昌盛路１６號十一樓之２,0.0,,,,1150526,土地0建物1車位0,十一層,14,住宅大樓(11層含以上有電梯),住家用,鋼筋混凝土造,0880930,77.69999999999999,2,1,1,有,有,有,27000,347,,0.0,0,租金總額含管理費；未租賃車位，建物登記含有車位面積；續租案件；,RPUOMLOLOHLGFAE78CC,整棟(戶)出租,有,1150701~1160630,有,冷氣、熱水器、洗衣機、電視機、冰箱、瓦斯或天然氣,
鼓山區,租賃房屋+車位,高雄市鼓山區大順一路６２０號十八樓,0.0,,,,1150526,土地0建物1車位2,十八層,24,住宅大樓(11層含以上有電梯),住家用,鋼筋混凝土造,1020409,331.41999999999996,4,2,2,有,有,有,60000,181,坡道平面,49.89,0,租金總額含管理費；續租案件；,RPVOMLOLOHLGFAE88CC,整棟(戶)出租,有,1150701~1160630,有,冷氣、熱水器、洗衣機、電視機、冰箱、瓦斯或天然氣,
鼓山區,租賃房屋,高雄市鼓山區美術南五街１９６號十樓之１,0.0,,,,1150526,土地0建物1車位0,十層,14,住宅大樓(11層含以上有電梯),住家用,鋼筋混凝土造,0940616,153.74,3,2,2,有,有,有,30000,195,,0.0,0,租金總額含管理費；未租賃車位，建物登記含有車位面積；續租案件；,RPWOMLOLOHLGFAE98CC,整棟(戶)出租,有,1150701~1160630,有,冷氣、熱水器、洗衣機、電視機、冰箱、瓦斯或天然氣,
鼓山區,租賃房屋,高雄市鼓山區明誠四路１５８號二十一樓之８,0.0,,,,1150527,土地0建物1車位0,二十一層,26,住宅大樓(11層含以上有電梯),集合住宅,鋼骨構造、鋼骨鋼筋混凝土構造、鋼筋混凝土造,1120509,92.87,2,1,1,有,有,有,25500,275,,0.0,0,未租賃車位，建物登記含有車位面積；,RPXOMLOLOHLGFAE09CC,整棟(戶)出租,有,1150601~1160531,有,冷氣、熱水器、洗衣機、電視機、冰箱,
前金區,租賃房屋,高雄市前金區七賢二路２７６號７樓之３,0.0,,,,1150528,土地0建物1車位0,七層,12,住宅大樓(11層含以上有電梯),集合住宅,鋼筋混凝土造,0770121,119.69,3,1,2,有,有,無,18000,150,,0.0,0,,RPOPMLOLOHLGFAE28CC,整棟(戶)出租,有,1150605~1160604,有,冷氣、熱水器,社會住宅代管
前鎮區,租賃房屋,高雄市前鎮區崗山西街２１５號,0.0,,,,1150529,土地0建物1車位0,一層,2,店面(店鋪),住商用,加強磚造,0600714,53.37,2,2,1,有,無,無,18000,337,,0.0,0,含增建或未登記建物；,RPPNMLOLOHLGFCE38CC,,無,1150701~1160630,無,,
前鎮區,租賃房屋,高雄市前鎮區崗山西街２１５號,0.0,,,,1150529,土地0建物1車位0,全,2,透天厝,住商用,加強磚造,0600714,54.27,2,2,1,有,無,無,8000,147,,0.0,0,,RPQNMLOLOHLGFCE48CC,分層出租,無,1150701~1160630,無,冷氣,
前鎮區,租賃房屋,高雄市前鎮區中華五路９９１巷５號二樓之２,0.0,,,,1150529,土地0建物1車位0,二層,12,住宅大樓(11層含以上有電梯),住家用,鋼筋混凝土造,0830809,129.59,3,2,2,有,有,有,15000,116,,0.0,0,承租方須申請租屋補助，若申請未通過。由起租日起月租金調整為壹萬捌仟元整。多人共同承租2；,RPSNMLOLOHLGFCE68CC,整棟(戶)出租,有,1150608~1170607,有,冷氣、熱水器,
前鎮區,租賃房屋+車位,高雄市前鎮區籬仔內路２３號十一樓,0.0,,,,1150528,土地0建物1車位1,十一層,15,住宅大樓(11層含以上有電梯),集合住宅,鋼筋混凝土,1100730,102.3,2,1,1,有,有,有,21000,205,坡道平面,24.37,0,續租案件；,RPTNMLOLOHLGFCE78CC,整棟(戶)出租,有,1150601~1160531,有,冷氣、熱水器、洗衣機、冰箱、瓦斯或天然氣,
三民區,租賃房屋,高雄市三民區河北二路１００號十六樓之１１,0.0,,,,1150527,土地0建物1車位0,十六層,19,住宅大樓(11層含以上有電梯),住宅,鋼筋混凝土造,0800314,43.75,1,1,1,有,有,有,11000,251,,0.0,0,,RPPPMLOLOHLGFDE68CC,獨立套房,有,1150601~1180531,有,冷氣、熱水器、電視機、冰箱,社會住宅包租轉租
三民區,租賃房屋,高雄市三民區昌平街３之２號,0.0,,,,1150529,土地0建物1車位0,三層,7,華廈(10層含以下有電梯),住家用,鋼筋混凝土造,0671216,56.25,3,1,1,有,有,無,9000,160,,0.0,0,,RPQPMLOLOHLGFDE78CC,整棟(戶)出租,有,1150530~1160529,有,熱水器,社會住宅包租轉租
楠梓區,租賃房屋,高雄市楠梓區慶昌街１１巷３７之５號,0.0,,,,1150528,土地0建物1車位0,五層,5,公寓(5樓含以下無電梯),公寓,鋼筋混凝土造,0700508,93.27,3,1,1,有,無,有,7000,75,,0.0,0,,RPVPMLOLOHLGFEE76CC,整棟(戶)出租,無,1150601~1180531,無,熱水器,社會住宅包租轉租
仁武區,租賃房屋+車位,高雄市仁武區八德東路２１６號九樓,0.0,,,,1150527,土地0建物1車位1,九層,15,住宅大樓(11層含以上有電梯),集合住宅,鋼筋混凝土,1090305,117.98,2,2,1,有,有,有,21000,178,坡道平面,25.79,0,租金總額含管理費；,RPQNMLOLOHLGFIE09CC,整棟(戶)出租,有,1150615~1160614,有,冷氣、熱水器、電視機、冰箱,
鳥松區,租賃房屋,高雄市鳥松區松埔北巷４之４０號３樓之１,0.0,,,,1150528,土地0建物1車位0,三層,16,住宅大樓(11層含以上有電梯),住家用,鋼筋混凝土造,0840915,75.28999999999999,2,1,1,有,有,有,13000,173,,0.0,0,,RPUNMLOLOHLGFIE86CC,整棟(戶)出租,有,1150601~1160531,有,冷氣、熱水器、洗衣機、電視機、冰箱,社會住宅代管
鼓山區,租賃房屋,高雄市鼓山區大順一路１０４１巷３號１８樓之２,0.0,,,,1150529,土地0建物1車位0,十八層,27,住宅大樓(11層含以上有電梯),住家用,鋼筋混凝土造,0840707,100.43,3,2,2,有,有,有,16700,166,,0.0,0,,RPPNMLPLOHLGFAE28CC,整棟(戶)出租,有,1150601~1160531,有,冷氣、熱水器、洗衣機、冰箱、瓦斯或天然氣,社會住宅代管
小港區,租賃房屋,高雄市小港區高坪七十六街１６號,0.0,,,,1150529,土地0建物1車位0,一層,6,華廈(10層含以下有電梯),集合住宅,鋼筋混凝土,1140109,85.75,2,2,2,有,有,有,17500,204,,0.0,0,,RPPNMLPLOHLGFCE48CC,整棟(戶)出租,有,1150530~1160529,有,冷氣、熱水器、洗衣機、電視機、冰箱,社會住宅代管
前鎮區,租賃房屋,高雄市前鎮區一心二路１７７號二十二樓,0.0,,,,1150529,土地0建物1車位0,二十二層,29,住宅大樓(11層含以上有電梯),集合住宅,鋼筋混凝土造,1130902,107.99000000000001,2,1,1,有,有,有,25930,240,,0.0,0,租金已扣除管理費2070元。未租賃車位，建物登記含有車位面積；,RPXNMLPLOHLGFCE66CC,整棟(戶)出租,有,1150601~1160531,有,冷氣、熱水器、洗衣機、電視機、冰箱,
三民區,租賃房屋,高雄市三民區察哈爾二街３９號十四樓,0.0,,,,1150530,土地0建物1車位0,十四層,14,住宅大樓(11層含以上有電梯),集合住宅,鋼筋混凝土,1110304,134.32,2,2,1,有,有,有,28000,208,,0.0,0,租金總額含管理費；未租賃車位，建物登記含有車位面積；續租案件；,RPPNMLPLOHLGFDE58CC,整棟(戶)出租,有,1150701~1151231,有,冷氣、熱水器、洗衣機、電視機、冰箱,
左營區,租賃房屋,高雄市左營區左營大路８３巷８號４樓,0.0,,,,1150529,土地0建物1車位0,四層,5,公寓(5樓含以下無電梯),公寓,鋼筋混凝土造,0710724,89.47,2,1,2,有,無,無,12000,134,,0.0,0,,RPPNMLPLOHLGFEE68CC,整棟(戶)出租,無,1150601~1160531,無,熱水器,社會住宅代管
左營區,租賃房屋,高雄市左營區文川路４８５號８樓,0.0,,,,1150529,土地0建物1車位0,八層,15,住宅大樓(11層含以上有電梯),集合住宅,鋼筋混凝土,1131210,94.44999999999999,3,1,2,有,有,有,19800,210,,0.0,0,,RPQNMLPLOHLGFEE78CC,整棟(戶)出租,有,1150601~1160531,有,冷氣、熱水器、洗衣機、電視機、冰箱、瓦斯或天然氣,社會住宅代管
楠梓區,租賃房屋,高雄市楠梓區翠屏路５１號１３樓,0.0,,,,1150529,土地0建物1車位0,十三層,15,住宅大樓(11層含以上有電梯),住家用,鋼筋混凝土,1031125,75.28999999999999,2,1,1,有,有,有,15000,199,,0.0,0,續租案件；,RPOQMLPLOHLGFEE88CC,整棟(戶)出租,有,1150530~1160529,有,冷氣、熱水器、洗衣機、電視機、冰箱,社會住宅包租轉租
左營區,租賃房屋,高雄市左營區自由三路３７８號,0.0,,,,1150529,土地0建物1車位0,全,5,透天厝,住商用,鋼筋混凝土造,0940524,255.24,4,0,4,有,無,無,55000,215,,0.0,0,租金總額含稅；,RPRQMLPLOHLGFEE56CC,,無,1150601~1200531,無,,
楠梓區,租賃房屋,高雄市楠梓區秀群路５０９號,0.0,,,,1150530,土地0建物1車位0,見其他登記事項,7,店面(店鋪),住商用,鋼筋混凝土造,0850921,113.24000000000001,1,1,2,有,有,有,25000,221,,0.0,0,租金總額含管理費；,RPXQMLPLOHLGFEE17CC,,有,1150605~1160604,有,冷氣、熱水器、瓦斯或天然氣,
楠梓區,租賃房屋,高雄市楠梓區壽民路１４２巷１０號４樓,0.0,,,,1150529,土地0建物1車位0,四層,13,住宅大樓(11層含以上有電梯),住家用,鋼筋混凝土造,0870710,121.58,3,1,2,有,有,有,15000,123,,0.0,0,續租案件；,RPORMLPLOHLGFEE98CC,整棟(戶)出租,有,1150705~1160704,有,冷氣、熱水器、洗衣機、電視機、冰箱、瓦斯或天然氣,社會住宅包租轉租
岡山區,租賃房屋,高雄市岡山區白米路９６巷１８號１０樓之５,0.0,,,,1150529,土地0建物1車位0,十層,10,華廈(10層含以下有電梯),集合住宅,鋼筋混凝土造,1130229,75.45,2,1,1,有,有,有,15000,199,,0.0,0,續租案件；,RPSNMLPLOHLGFFE09CC,整棟(戶)出租,有,1150610~1160609,有,冷氣、熱水器、洗衣機、冰箱,社會住宅包租轉租
仁武區,租賃房屋,高雄市仁武區北屋北街８９號１４樓,0.0,,,,1150529,土地0建物1車位0,十四層,15,住宅大樓(11層含以上有電梯),集合住宅,鋼筋混凝土,1120131,79.5,1,2,1,有,有,有,15000,189,,0.0,0,,RPPNMLPLOHLGFIE09CC,獨立套房,有,1150601~1160531,有,冷氣、熱水器、洗衣機、電視機、冰箱,社會住宅代管
大寮區,租賃房屋,高雄市大寮區大寮路５６４巷１１弄１９號,0.0,,,,1150529,土地0建物1車位0,全,2,透天厝,住商用,加強磚造,0640503,101.27,2,2,1,有,無,無,4300,42,,0.0,0,,RPPNMLPLOHLGFLE76CC,整棟(戶)出租,無,1150601~1160531,無,熱水器,社會住宅代管
小港區,租賃房屋,高雄市小港區高坪五十路３０９號,0.0,,,,1150531,土地0建物1車位0,全,2,透天厝,住宅,鋼筋混凝土,1140318,109.55,3,2,3,有,無,有,20000,183,,0.0,0,多人共同承租2；,RPPOMLQLOHLGFCE68CC,整棟(戶)出租,無,1150615~1170615,無,冷氣、熱水器、洗衣機、冰箱、瓦斯或天然氣,
楠梓區,租賃房屋,高雄市楠梓區青埔街７０巷３號三樓,0.0,,,,1150528,土地0建物1車位0,三層,15,住宅大樓(11層含以上有電梯),住家用,鋼筋混凝土造,1011109,82.55,2,1,1,有,有,有,18000,218,,0.0,0,租金總額含管理費；續租案件；,RPQOMLQLOHLGFEE98CC,整棟(戶)出租,有,1150615~1160614,有,冷氣、熱水器、洗衣機、電視機、冰箱、瓦斯或天然氣,
左營區,租賃房屋,高雄市左營區城峰路１２號七樓之１,0.0,,,,1150528,土地0建物1車位0,七層,15,住宅大樓(11層含以上有電梯),住家用,鋼筋混凝土造,0970410,90.99,2,2,1,有,有,有,18000,198,,0.0,0,租金總額含管理費；續租案件；,RPROMLQLOHLGFEE09CC,整棟(戶)出租,有,1150610~1160609,有,冷氣、熱水器、洗衣機、電視機、冰箱、瓦斯或天然氣,
燕巢區,租賃房屋,高雄市燕巢區角宿路１７之２號,10.0,,鄉村區,乙種建築用地,1150530,土地1建物1車位0,全,3,透天厝,住家用,加強磚造,0790810,18.0,0,0,0,無,無,有,8000,444,,0.0,0,,RPRNMLQLOHLGFFE09CC,獨立套房,無,1150810~1160809,無,冷氣、熱水器、電視機、冰箱、網路,
湖內區,租賃房屋,高雄市湖內區中山路１段３８５巷６５號１樓之４,0.0,,,,1150530,土地0建物0車位0,一層,5,華廈(10層含以下有電梯),住家用,鋼筋混凝土造,0810612,25.0,4,0,4,有,無,無,3500,140,,0.0,0,多人共同承租4；租金總額含網路費；,RPQNMLQLOHLGFJE76CC,分租套房,無,1150901~1160131,有,冷氣、熱水器、網路,一般轉租
前金區,租賃房屋,高雄市前金區新盛二街８２號十三樓之１,0.0,,,,1150531,土地0建物1車位0,十三層,15,住宅大樓(11層含以上有電梯),住家用,鋼筋混凝土造,0950303,96.42,2,1,1,有,有,有,19000,197,,0.0,0,未租賃車位，建物登記含有車位面積；,RPTNMLRLOHLGFAE88CC,整棟(戶)出租,有,1150605~1160604,有,冷氣、熱水器、洗衣機、電視機、冰箱、瓦斯或天然氣,社會住宅包租轉租
苓雅區,租賃房屋,高雄市苓雅區中正二路１８６號二樓之７,0.0,,,,1150531,土地0建物1車位0,二層,15,住宅大樓(11層含以上有電梯),集合住宅,鋼筋混凝土,1100201,73.14,1,1,1,有,有,有,23000,314,,0.0,0,租金總額含管理費；續租案件；,RPQNMLRLOHLGFBE68CC,獨立套房,有,1150616~1160615,有,冷氣、熱水器、洗衣機、電視機、冰箱、瓦斯或天然氣,
三民區,租賃房屋,高雄市三民區大昌一路３０２巷２６號五樓,0.0,,,,1150531,土地0建物1車位0,五層,5,公寓(5樓含以下無電梯),公寓,鋼筋混凝土造,0701226,81.89,3,1,2,有,無,有,8000,98,,0.0,0,,RPQNMLRLOHLGFDE88CC,整棟(戶)出租,無,1150605~1160604,無,熱水器,社會住宅包租轉租
左營區,租賃房屋+車位,高雄市左營區新莊一路３５７號八樓,0.0,,,,1150530,土地0建物1車位1,八層,29,住宅大樓(11層含以上有電梯),集合住宅,鋼筋混凝土造,1071108,190.87,3,2,2,有,有,有,45000,236,坡道平面,29.84,0,租金總額含管理費；續租案件；,RPPNMLRLOHLGFEE88CC,整棟(戶)出租,有,1150606~1151205,有,冷氣、熱水器、洗衣機、電視機、冰箱、瓦斯或天然氣,
左營區,租賃房屋+車位,高雄市左營區崇實路２６２號六樓,0.0,,,,1150531,土地0建物1車位1,六層,28,住宅大樓(11層含以上有電梯),集合住宅,鋼筋混凝土,1130108,148.99,3,2,2,有,有,有,27120,182,坡道平面,20.31,0,1.租金支付方式為年繳。2.租金已扣除管理費2880元。,RPQNMLRLOHLGFEE98CC,整棟(戶)出租,有,1150615~1160614,有,冷氣、熱水器,
左營區,租賃房屋+車位,高雄市左營區立信路２３１號七樓之３,0.0,,,,1150531,土地0建物1車位1,七層,29,住宅大樓(11層含以上有電梯),住家用,鋼筋混凝土結構造,0881006,155.37,3,2,2,有,有,有,19300,124,坡道平面,32.21,0,多人共同承租2；,RPRNMLRLOHLGFEE09CC,整棟(戶)出租,有,1150610~1161009,有,冷氣、熱水器、電視機、冰箱、瓦斯或天然氣,
左營區,租賃房屋+車位,高雄市左營區新南街７８號五樓,0.0,,,,1150531,土地0建物1車位1,五層,15,住宅大樓(11層含以上有電梯),住家用,鋼筋混凝土造,1000927,187.14,3,2,2,有,有,有,31293,167,坡道平面,26.22,0,租金已扣除管理費3707元,RPSNMLRLOHLGFEE56CC,整棟(戶)出租,有,1150701~1160630,有,冷氣、熱水器、洗衣機、電視機、冰箱、瓦斯或天然氣,
左營區,租賃房屋+車位,高雄市左營區文恩路１６５號八樓之２,0.0,,,,1150530,土地0建物1車位1,八層,12,住宅大樓(11層含以上有電梯),集合住宅,鋼筋混凝土,1060831,159.57,3,2,2,有,有,有,30000,188,坡道平面,37.99,0,多人共同承租2；租金總額含管理費；,RPTNMLRLOHLGFEE66CC,整棟(戶)出租,有,1150615~1170614,有,冷氣、熱水器、洗衣機、電視機、冰箱、瓦斯或天然氣,
楠梓區,租賃房屋+車位,高雄市楠梓區學專路５６１號５樓,0.0,,,,1150531,土地0建物1車位1,五層,15,住宅大樓(11層含以上有電梯),集合住宅,鋼筋混凝土,1141229,164.92000000000002,3,2,2,有,有,有,21338,129,坡道平面,30.11,0,,RPSPMLTLOHLGFEE96CC,整棟(戶)出租,有,1150615~1160614,有,冷氣、熱水器、洗衣機、電視機、冰箱、瓦斯或天然氣,
