鄉鎮市區,交易標的,土地位置建物門牌,土地移轉總面積平方公尺,都市土地使用分區,非都市土地使用分區,非都市土地使用編定,交易年月日,交易筆棟數,移轉層次,總樓層數,建物型態,主要用途,主要建材,建築完成年月,建物移轉總面積平方公尺,建物現況格局-房,建物現況格局-廳,建物現況格局-衛,建物現況格局-隔間,有無管理組織,總價元,單價元平方公尺,車位類別,車位移轉總面積平方公尺,車位總價元,備註,編號,主建物面積,附屬建物面積,陽台面積,電梯,移轉編號
The villages and towns urban district,transaction sign,land sector position building sector house number plate,land shifting total area square meter,the use zoning or compiles and checks,the non-metropolis land use district,non-metropolis land use,transaction year month and day,transaction pen number,shifting level,total floor number,building state,main use,main building materials,construction to complete the years,building shifting total area,Building present situation pattern - room,building present situation pattern - hall,building present situation pattern - health,building present situation pattern - compartmented,Whether there is manages the organization,total price NTD,the unit price (NTD / square meter),the berth category,berth shifting total area square meter,the berth total price NTD,the note,serial number,main building area,auxiliary building area,balcony area,elevator,transaction number
鼓山區,土地,內惟段三小段390-1地號,53.88,都市：其他:特商三,,,1150601,土地1建物0車位0,,,其他,,,,0.0,0,0,0,無,無,13528190,251080,,0.0,0,政府機關標讓售；,RPQNMLRKOHLGFAE38DA,0.0,0.0,0.0,無,
苓雅區,房地(土地+建物),高雄市苓雅區苓南路７號４樓之２,4.54,商,,,1150607,土地1建物1車位0,四層,十二層,住宅大樓(11層含以上有電梯),住家用,鋼筋混凝土造,0830128,41.160000000000004,1,1,1,有,有,2800000,68027,,0.0,0,,RPWNMLPKOHLGFBE88DA,27.49,0.93,0.0,有,0001
小港區,土地,大林段538地號,54.58,住,,,1150612,土地1建物0車位0,,,其他,,,,0.0,0,0,0,無,無,4210000,77134,,0.0,0,,RPROMLMKOHLGFCE28DA,0.0,0.0,0.0,無,
三民區,房地(土地+建物),高雄市三民區南華路２２８號七樓之３,5.44,商,,,1150603,土地1建物1車位0,七層,七層,華廈(10層含以下有電梯),商業用,鋼筋混凝土造,0840125,46.39,1,0,1,有,無,1700000,36646,,0.0,0,,RPXNMLNJOHLGFDE88DA,30.96,0.0,3.85,有,
三民區,土地,中都段二小段468-8地號,13.92,住,,,1150601,土地1建物0車位0,,,其他,,,,0.0,0,0,0,無,無,2298610,165130,,0.0,0,政府機關標讓售；,RPUNMLTJOHLGFDE56DA,0.0,0.0,0.0,無,
三民區,房地(土地+建物),高雄市三民區寧夏街１巷５９之３號,25.25,住,,,1150610,土地1建物1車位0,四層,五層,公寓(5樓含以下無電梯),住家用,鋼筋混凝土造,0671216,56.7,2,1,1,有,無,2370000,41799,,0.0,0,親友、員工、共有人或其他特殊關係間之交易；,RPPNMLRKOHLGFDE58DA,56.7,0.0,0.0,無,0002
楠梓區,房地(土地+建物),高雄市楠梓區芎蕉五街１５３號六樓之５,9.81,住,,,1150605,土地1建物1車位0,六層,六層,華廈(10層含以下有電梯),住家用,見使用執照,0900907,32.91,1,1,1,有,有,1460000,44363,,0.0,0,機車位一個,RPSOMLLKOHLGFEE48DA,19.1,0.0,2.24,有,
梓官區,土地,蚵寮段727地號,213.61,,鄉村區,乙種建築用地,1150608,土地1建物0車位0,,,其他,,,,0.0,0,0,0,無,無,2907000,13609,,0.0,0,親友、員工、共有人或其他特殊關係間之交易；畸零地或有合併使用效益；,RPPNMLTJOHLGFFE88DA,0.0,0.0,0.0,無,0003
梓官區,土地,蚵寮段1693地號,282.15,,鄉村區,乙種建築用地,1150608,土地1建物0車位0,,,其他,,,,0.0,0,0,0,無,無,3839850,13609,,0.0,0,親友、員工、共有人或其他特殊關係間之交易；畸零地或有合併使用效益；,RPQNMLTJOHLGFFE98DA,0.0,0.0,0.0,無,0004
橋頭區,土地,三仙段788地號,72.88,,特定農業區,農牧用地,1150609,土地2建物0車位0,,,其他,,,,0.0,0,0,0,無,無,400000,5488,,0.0,0,親友、員工、共有人或其他特殊關係間之交易；未登記建物；,RPVOMLTJOHLGFFE96DA,0.0,0.0,0.0,無,0005
旗山區,房地(土地+建物),高雄市旗山區溝坪路１５號,239.42,,特定農業區,甲種建築用地,1150601,土地2建物2車位0,全,一層,透天厝,住家用,加強磚造,0841030,90.1,8,2,4,有,無,3647000,40477,,0.0,0,,RPPNMLRKOHLGFHE98DA,90.1,0.0,0.0,無,
仁武區,房地(土地+建物),高雄市仁武區大昌街１０６號二樓之１,14.41,住,,,1150602,土地1建物1車位0,二層,五層,華廈(10層含以下有電梯),住家用,鋼筋混凝土造,0831027,41.1,1,1,1,有,有,2120000,51582,,0.0,0,,RPQNMLMKOHLGFIE68DA,30.08,0.0,3.03,有,
湖內區,土地,文忠段255地號,13.44,,一般農業區,農牧用地,1150602,土地6建物0車位0,,,其他,,,,0.0,0,0,0,無,無,43000,3199,,0.0,0,,RPTNMLNJOHLGFJE09DA,0.0,0.0,0.0,無,
路竹區,土地,社東段73地號,708.26,農,,,1150605,土地1建物0車位0,,,其他,,,,0.0,0,0,0,無,無,2100000,2965,,0.0,0,親友、員工、共有人或其他特殊關係間之交易；,RPQNMLKKOHLGFJE58DA,0.0,0.0,0.0,無,
路竹區,土地,北嶺段186地號,453.0,,一般農業區,交通用地,1150611,土地5建物0車位0,,,其他,,,,0.0,0,0,0,無,無,7701000,17000,,0.0,0,親友、員工、共有人或其他特殊關係間之交易；受債權債務關係影響或債務抵償；,RPRNMLRKOHLGFJE76DA,0.0,0.0,0.0,無,
湖內區,土地,玉湖段677地號,111.2,都市：其他:住宅區,,,1150611,土地10建物0車位0,,,其他,,,,0.0,0,0,0,無,無,2100000,18885,,0.0,0,親友、員工、共有人或其他特殊關係間之交易；未登記建物；包含公共設施保留地用地；,RPPNMLSKOHLGFJE66DA,0.0,0.0,0.0,無,
大寮區,土地,六合段668地號,343.42,農,,,1150610,土地1建物0車位0,,,其他,,,,0.0,0,0,0,無,無,6233131,18150,,0.0,0,,RPRNMLRKOHLGFLE96DA,0.0,0.0,0.0,無,0006
大寮區,土地,邱厝坪段705-1地號,96.08,農,,,1150602,土地1建物0車位0,,,其他,,,,0.0,0,0,0,無,無,2668142,27770,,0.0,0,政府機關標讓售；,RPPNMLQKOHLGFLE76EA,0.0,0.0,0.0,無,
小港區,土地,店鎮段711地號,28.0,住,,,1150609,土地1建物0車位0,,,其他,,,,0.0,0,0,0,無,無,2650000,94643,,0.0,0,土地上有搭設鐵皮，依現況點交。,RPPNMLKKOHLGFCE77DA,0.0,0.0,0.0,無,
小港區,土地,鳳林段75地號,67.29,住,,,1150613,土地3建物0車位0,,,其他,,,,0.0,0,0,0,無,無,1700000,25264,,0.0,0,持分地,RPPNMLOKOHLGFCE18DA,0.0,0.0,0.0,無,
小港區,土地,龍鳳段171-2地號,91.0,住,,,1150604,土地1建物0車位0,,,其他,,,,0.0,0,0,0,無,無,6881875,75625,,0.0,0,,RPQNMLQKOHLGFCE48DA,0.0,0.0,0.0,無,
三民區,房地(土地+建物)+車位,高雄市三民區河北二路１００號十五樓之１,7.81,商,,,1150608,土地1建物1車位1,十五層,十九層,住宅大樓(11層含以上有電梯),住家用,鋼筋混凝土造,0800314,94.94,2,1,1,有,有,5800000,61091,坡道平面,0.0,0,,RPXNMLQKOHLGFDE66DA,58.66,0.0,0.0,有,
三民區,車位,高雄市三民區褒忠街１５６號地下二層之２,0.9,商,,,1150608,土地1建物1車位1,地下二層,二十二層,住宅大樓(11層含以上有電梯),辦公室,鋼筋混凝土造,0981130,16.73,0,0,0,無,有,1200000,,坡道平面,15.65,1200000,僅車位交易；,RPPOMLQKOHLGFDE58DA,0.0,0.0,0.0,有,0007
楠梓區,房地(土地+建物),高雄市楠梓區興楠路２０３巷１５號,89.0,住,,,1150605,土地1建物1車位0,全,二層,透天厝,住商用,加強磚造,0760610,120.43,5,2,3,有,無,16000000,132857,,0.0,0,,RPWOMLRKOHLGFEE86DA,110.85,0.0,9.58,無,
橋頭區,房地(土地+建物)+車位,高雄市橋頭區仕豐路１４６之３０號四樓之４,27.23,住,,,1150606,土地1建物1車位1,四層,十三層,住宅大樓(11層含以上有電梯),住家用,鋼筋混凝土造,0820715,166.82999999999998,4,2,2,有,有,5200000,31169,坡道平面,0.0,0,,RPQNMLLLOHLGFFE38DA,89.78,18.32,12.04,有,
仁武區,土地,澄清段84-5地號,36.25,住,,,1150601,土地1建物0車位0,,,其他,,,,0.0,0,0,0,無,無,3616800,99774,,0.0,0,,RPSNMLLJOHLGFIE68DA,0.0,0.0,0.0,無,
大寮區,土地,永芳壹段124地號,58.47,都市：其他:道路用地,,,1150615,土地1建物0車位0,,,其他,,,,0.0,0,0,0,無,無,200000,3421,,0.0,0,包含公共設施保留地用地；,RPTNMLQKOHLGFLE07DA,0.0,0.0,0.0,無,
小港區,土地,大林段155地號,58.8,住,,,1150609,土地1建物0車位0,,,其他,,,,0.0,0,0,0,無,無,2610000,44388,,0.0,0,親友、員工、共有人或其他特殊關係間之交易；,RPPNMLRKOHLGFCE58EA,0.0,0.0,0.0,無,0008
小港區,土地,龍鳳段55地號,41.0,住,,,1150614,土地1建物0車位0,,,其他,,,,0.0,0,0,0,無,無,3100000,75610,,0.0,0,,RPQNMLRKOHLGFCE68EA,0.0,0.0,0.0,無,
苓雅區,房地(土地+建物)+車位,高雄市苓雅區興中二路１３８號三樓之２,6.44,商,,,1150609,土地1建物1車位1,三層,十五層,住宅大樓(11層含以上有電梯),住家用,鋼筋混凝土造,1080201,108.52000000000001,2,1,1,有,有,9800000,90306,坡道平面,28.74,0,含傢俱設備費；,RPWNMLKKOHLGFBE38DA,45.71,0.0,6.86,有,0009
新興區,房地(土地+建物),高雄市新興區南台橫路３６號５樓之４,6.65,商,,,1150609,土地2建物1車位0,五層,八層,華廈(10層含以下有電梯),住家用,鋼筋混凝土造,0800722,44.22,1,0,1,有,有,2400000,54274,,0.0,0,,RPSOMLSKOHLGFBE88DA,28.86,0.83,0.0,有,
苓雅區,房地(土地+建物),高雄市苓雅區英義街１１６之１號,21.8,住,,,1150610,土地1建物1車位0,二層,五層,公寓(5樓含以下無電梯),住家用,鋼筋混凝土造,0671104,72.83,3,2,2,有,無,3250000,44624,,0.0,0,後陽台鐵窗增建。其他增建；,RPXOMLSKOHLGFBE76DA,72.83,0.0,0.0,無,
前鎮區,房地(土地+建物),高雄市前鎮區新光路７號二十七樓之５,4.69,商,,,1150611,土地2建物1車位0,二十七層,三十九層,住宅大樓(11層含以上有電梯),住家用,鋼骨造,0880209,123.01,3,2,2,有,有,9680000,78693,,0.0,0,,RPRNMLMKOHLGFCE18DA,82.18,0.0,9.66,有,0010
小港區,房地(土地+建物)+車位,高雄市小港區宏平路５００號三樓,18.15,住,,,1150612,土地1建物1車位1,三層,七層,華廈(10層含以下有電梯),住家用,鋼筋混凝土造,0830607,107.38,3,2,2,有,無,5650000,52617,其他,0.0,0,,RPUOMLMKOHLGFCE58DA,74.72,1.62,12.89,有,
前鎮區,房地(土地+建物),高雄市前鎮區景德路１５號三樓之五,5.52,住,,,1150605,土地1建物1車位0,三層,七層,華廈(10層含以下有電梯),住家用,鋼筋混凝土造,0790807,34.47,1,1,1,有,有,2300000,66725,,0.0,0,陽台外推；,RPPOMLQKOHLGFCE48DA,19.0,0.0,5.47,有,
三民區,房地(土地+建物),高雄市三民區建興路２１號四樓之１４,5.4,商,,,1150606,土地5建物1車位0,四層,七層,華廈(10層含以下有電梯),住家用,鋼筋混凝土造,0781019,35.019999999999996,1,1,1,有,有,2200000,62821,,0.0,0,,RPRNMLRKOHLGFDE78DA,23.65,0.0,0.0,有,
楠梓區,房地(土地+建物),高雄市楠梓區旗楠路長安巷１７號,100.0,商,,,1150601,土地2建物1車位0,全,二層,透天厝,住家用,加強磚造,0551216,83.06,5,2,2,有,無,14200000,170961,,0.0,0,三樓前方增建,RPRNMLKKOHLGFEE18DA,83.06,0.0,0.0,無,0011
左營區,房地(土地+建物),高雄市左營區啟文路９號十六樓,13.74,住,,,1150606,土地1建物1車位0,十六層,十八層,住宅大樓(11層含以上有電梯),住家用,鋼筋混凝土,1130201,120.08,2,2,2,有,有,14600000,121586,,0.0,0,,RPPPMLKKOHLGFEE18DA,68.13,2.24,8.16,有,
左營區,房地(土地+建物),高雄市左營區啟文路９號十一樓,13.74,住,,,1150607,土地1建物1車位0,十一層,十八層,住宅大樓(11層含以上有電梯),住家用,鋼筋混凝土,1130201,120.08,2,2,2,有,有,13450000,112009,,0.0,0,,RPRPMLKKOHLGFEE38DA,68.13,2.24,8.16,有,
左營區,房地(土地+建物)+車位,高雄市左營區啟文路９號十七樓,13.74,住,,,1150606,土地1建物1車位1,十七層,十八層,住宅大樓(11層含以上有電梯),住家用,鋼筋混凝土,1130201,145.2,2,2,2,有,有,16500000,119920,坡道平面,25.12,2100000,,RPSPMLKKOHLGFEE48DA,68.13,2.24,8.16,有,
楠梓區,房地(土地+建物),高雄市楠梓區久昌街８１號,27.27,住,,,1150608,土地1建物1車位0,一層，二層，騎樓,五層,公寓(5樓含以下無電梯),住家用,鋼筋混凝土造,0701224,79.17,2,2,2,有,無,4500000,56840,,0.0,0,,RPRNMLSKOHLGFEE98DA,79.17,0.0,0.0,無,
岡山區,土地,大紅段528地號,568.2,,,,1150612,土地14建物0車位0,,,其他,,,,0.0,0,0,0,無,無,5599592,9855,,0.0,0,包含公共設施保留地用地；,RPRNMLPKOHLGFFE78DA,0.0,0.0,0.0,無,0012
大樹區,房地(土地+建物),高雄市大樹區久堂路７２巷１０號,52.85,住,,,1150604,土地1建物1車位0,全,二層,透天厝,住家用,加強磚造,0640730,69.48,3,2,2,有,無,4880000,70236,,0.0,0,本物件其他增建為三樓鐵皮屋。其他增建；,RPUNMLPJOHLGFGE09DA,69.48,0.0,0.0,無,
鳳山區,土地,埤頂段2152-8地號,12.5,住,,,1150601,土地1建物0車位0,,,其他,,,,0.0,0,0,0,無,無,1710000,136800,,0.0,0,親友、員工、共有人或其他特殊關係間之交易；,RPXNMLKKOHLGFGE98DA,0.0,0.0,0.0,無,
鳳山區,房地(土地+建物),高雄市鳳山區中山東路３８０巷１５２弄１５號,124.83,住,,,1150603,土地3建物1車位0,全,四層,透天厝,住家用,鋼筋混凝土造,0991201,253.81,5,2,3,有,無,24500000,96529,,0.0,0,,RPUNMLLKOHLGFGE78DA,234.16,0.48,19.17,無,0013
鳳山區,房地(土地+建物),高雄市鳳山區南福街２０號八樓,20.2,住,,,1150602,土地1建物1車位0,八層,九層,華廈(10層含以下有電梯),住家用,鋼筋混凝土造,1131017,79.75,2,1,1,有,有,8980000,112602,,0.0,0,,RPPOMLSKOHLGFGE09DA,47.71,0.0,2.66,有,
旗山區,土地,中正段1211地號,608.73,,特定農業區,甲種建築用地,1150612,土地1建物0車位0,,,其他,,,,0.0,0,0,0,無,無,2000000,3286,,0.0,0,,RPPNMLSKOHLGFHE09DA,0.0,0.0,0.0,無,0014
湖內區,土地,劉家段423地號,158.49,,一般農業區,養殖用地,1150611,土地1建物0車位0,,,其他,,,,0.0,0,0,0,無,無,412075,2600,,0.0,0,親友、員工、共有人或其他特殊關係間之交易；未登記建物；,RPSNMLLKOHLGFJE88DA,0.0,0.0,0.0,無,0015
茄萣區,土地,正順段866-2地號,79.11,住,,,1150615,土地1建物0車位0,,,其他,,,,0.0,0,0,0,無,無,1200000,15169,,0.0,0,親友、員工、共有人或其他特殊關係間之交易；未登記建物；,RPPNMLOLOHLGFJE09EA,0.0,0.0,0.0,無,0016
苓雅區,房地(土地+建物),高雄市苓雅區樂仁路２３巷１之２號二樓,39.5,住,,,1150602,土地1建物1車位0,二層,五層,公寓(5樓含以下無電梯),,鋼筋混凝土造,0740907,124.63,4,2,2,有,無,6550000,52556,,0.0,0,,RPRNMLOJOHLGFBE18DA,112.38,0.0,12.25,無,
新興區,土地,新興段四小段756地號,81.0,商,,,1150605,土地2建物0車位0,,,其他,,,,0.0,0,0,0,無,無,31169900,384814,,0.0,0,756-1地號:道路用地以公告現值計價共計988000元.具重建或重劃、都更等效益；,RPQNMLSKOHLGFBE58DA,0.0,0.0,0.0,無,
新興區,土地,新興段四小段757地號,68.0,商,,,1150605,土地1建物0車位0,,,其他,,,,0.0,0,0,0,無,無,31931900,469587,,0.0,0,具重建或重劃、都更等效益；,RPRNMLSKOHLGFBE68DA,0.0,0.0,0.0,無,
新興區,建物,高雄市新興區七賢二路８巷２３號,0.0,,,,1150605,土地0建物1車位0,全,四層,透天厝,住家用,鋼筋混凝土造,1080712,246.44,5,2,4,有,無,1330100,5397,,0.0,0,建物坐落地號：新興段四小段756地號；具重建或重劃、都更等效益；,RPSNMLSKOHLGFBE78DA,239.49,0.0,6.95,無,0017
新興區,建物,高雄市新興區民主橫路８２號,0.0,,,,1150605,土地0建物1車位0,全,二層,透天厝,住家用,加強磚造,0480530,92.08,3,2,2,有,無,68100,740,,0.0,0,建物坐落地號：新興段四小段757地號；具重建或重劃、都更等效益；,RPTNMLSKOHLGFBE88DA,92.08,0.0,0.0,無,
小港區,土地,鳳林段1141地號,115.0,住,,,1150601,土地1建物0車位0,,,其他,,,,0.0,0,0,0,無,無,8173300,71072,,0.0,0,,RPQOMLTJOHLGFCE78DA,0.0,0.0,0.0,無,0018
三民區,房地(土地+建物),高雄市三民區南台路１９５巷１３號九樓之２０,3.31,商,,,1150602,土地1建物1車位0,九層,二十五層,住宅大樓(11層含以上有電梯),商業用,鋼骨鋼筋混凝土造,0870929,43.79,0,2,1,有,有,3200000,73076,,0.0,0,夾層；,RPXOMLMJOHLGFDE88DA,27.88,0.7,1.86,有,0019
左營區,房地(土地+建物),高雄市左營區蓮潭路１２６號,49.0,住,,,1150611,土地1建物1車位0,全,二層,透天厝,住家用,加強磚造,0351015,87.08,2,1,1,有,無,10000000,114837,,0.0,0,3.4樓增建無權狀親友、員工、共有人或其他特殊關係間之交易；未登記建物；,RPRNMLNLOHLGFEE58DA,87.08,0.0,0.0,無,
梓官區,土地,大舍段269地號,92.86,,鄉村區,乙種建築用地,1150604,土地1建物0車位0,,,其他,,,,0.0,0,0,0,無,無,1700000,18307,,0.0,0,親友、員工、共有人或其他特殊關係間之交易；未登記建物；,RPOOMLOJOHLGFFE38DA,0.0,0.0,0.0,無,
燕巢區,土地,燕北段130-4地號,47.46,,一般農業區,農牧用地,1150605,土地1建物0車位0,,,其他,,,,0.0,0,0,0,無,無,170866,3600,,0.0,0,親友、員工、共有人或其他特殊關係間之交易；,RPQNMLNLOHLGFFE58DA,0.0,0.0,0.0,無,
鳳山區,房地(土地+建物)+車位,高雄市鳳山區五甲二路８９號四樓,11.8,住,,,1150604,土地1建物1車位1,四層,二十層,住宅大樓(11層含以上有電梯),住家用,鋼筋混凝土造,0840615,183.35,3,2,2,有,有,9800000,53450,坡道平面,0.0,0,露台加裝採光罩其他增建；,RPQNMLNLOHLGFGE68DA,82.49,48.71,8.56,有,0020
仁武區,土地,澄清段77-20地號,216.75,住,,,1150611,土地1建物0車位0,,,其他,,,,0.0,0,0,0,無,無,38680000,178454,,0.0,0,親友、員工、共有人或其他特殊關係間之交易；,RPVNMLSKOHLGFIE17DA,0.0,0.0,0.0,無,0021
仁武區,土地,愛源段78地號,479.66,住,,,1150616,土地1建物0車位0,,,其他,,,,0.0,0,0,0,無,無,63689999,132782,,0.0,0,政府機關標讓售；,RPPNMLNLOHLGFIE78DA,0.0,0.0,0.0,無,
湖內區,房地(土地+建物),高雄市湖內區信義路３８０巷２弄３３號,94.05,住,,,1150616,土地1建物1車位0,全,二層,透天厝,住家用,加強磚造,0700507,97.6,3,2,2,有,無,3000000,30738,,0.0,0,親友、員工、共有人或其他特殊關係間之交易；,RPSNMLNLOHLGFJE56DA,97.6,0.0,0.0,無,
大寮區,土地,赤崁段潮州寮小段6100-2地號,325.0,農,,,1150601,土地1建物0車位0,,,其他,,,,0.0,0,0,0,無,無,8980000,27631,,0.0,0,未登記建物；,RPQNMLSKOHLGFLE96DA,0.0,0.0,0.0,無,
鼓山區,房地(土地+建物),高雄市鼓山區西藏街３４４之２號,24.12,住,,,1150622,土地1建物1車位0,三層,四層,公寓(5樓含以下無電梯),住家用,鋼筋混凝土造,0650414,55.89,0,0,0,無,無,3500000,62623,,0.0,0,,RPRNMLRKOHLGFAE58EA,55.89,0.0,0.0,無,0022
鼓山區,房地(土地+建物)+車位,高雄市鼓山區美術東六街８號三樓,24.95,住,,,1150610,土地1建物1車位1,三層,十四層,住宅大樓(11層含以上有電梯),住家用,鋼筋混凝土造,0911030,200.29000000000002,4,2,2,有,有,17000000,84877,坡道平面,18.46,0,,RPRNMLOLOHLGFAE28DA,112.15,5.24,13.16,有,
苓雅區,土地,林聖段334-1地號,188.0,住,,,1150611,土地1建物0車位0,,,其他,,,,0.0,0,0,0,無,無,18048000,96000,,0.0,0,,RPTNMLLKOHLGFBE18DA,0.0,0.0,0.0,無,
苓雅區,土地,成功段178-5地號,2.27,都市：其他:第三種特定商業專用區,,,1150605,土地1建物0車位0,,,其他,,,,0.0,0,0,0,無,無,1014962,447120,,0.0,0,政府機關標讓售；,RPWNMLNLOHLGFBE78DA,0.0,0.0,0.0,無,
苓雅區,土地,成功段179地號,21.04,都市：其他:第三種特定商業專用區,,,1150605,土地1建物0車位0,,,其他,,,,0.0,0,0,0,無,無,9407405,447120,,0.0,0,政府機關標讓售；,SPWNMLNLOHLGFBE88DA,0.0,0.0,0.0,無,
苓雅區,土地,成功段179-1地號,5.96,都市：其他:第三種特定商業專用區,,,1150605,土地1建物0車位0,,,其他,,,,0.0,0,0,0,無,無,2664835,447120,,0.0,0,政府機關標讓售；,TPWNMLNLOHLGFBE98DA,0.0,0.0,0.0,無,
苓雅區,車位,高雄市苓雅區福德一路４４之１８號等共同使用,0.48,住,,,1150609,土地1建物1車位1,,,其他,,,,5.99,0,0,0,無,有,630000,,坡道機械,5.99,630000,僅車位交易；,RPSOMLNLOHLGFBE48DA,0.0,0.0,0.0,有,0023
小港區,土地,鳳林段1237地號,30.72,住,,,1150612,土地5建物0車位0,,,其他,,,,0.0,0,0,0,無,無,1800000,58594,,0.0,0,親友、員工、共有人或其他特殊關係間之交易；,RPQNMLRKOHLGFCE58DA,0.0,0.0,0.0,無,0024
前鎮區,房地(土地+建物),高雄市前鎮區瑞誠街１０２號,17.0,住,,,1150615,土地1建物1車位0,全,五層,透天厝,住商用,鋼筋混凝土造,0790723,75.85,6,1,3,有,無,5000000,65920,,0.0,0,親友、員工、共有人或其他特殊關係間之交易；,RPUNMLNLOHLGFCE68DA,75.85,0.0,0.0,無,
岡山區,房地(土地+建物)+車位,高雄市岡山區筧橋路９號十一樓之２,33.41,住,,,1150603,土地1建物1車位1,十一層,十四層,住宅大樓(11層含以上有電梯),住家用,鋼筋混凝土造,0950306,181.57,3,2,2,有,有,11568000,63711,坡道平面,0.0,0,,RPXNMLRKOHLGFFE96DA,102.56,0.0,13.32,有,
橋頭區,房地(土地+建物),高雄市橋頭區橋南路１８號,36.84,商,,,1150606,土地8建物1車位0,全,三層,透天厝,住商用,加強磚造,0651222,21.49,7,2,3,有,無,2640000,122848,,0.0,0,親友、員工、共有人或其他特殊關係間之交易；其他增建；,RPWQMLNLOHLGFFE86DA,21.49,0.0,0.0,無,
岡山區,房地(土地+建物),高雄市岡山區筧橋路１０號地下一層,125.17,住,,,1150616,土地1建物1車位0,地下一層,十三層,住宅大樓(11層含以上有電梯),住商用,鋼筋混凝土造,0950512,618.9100000000001,0,0,0,無,有,8086000,13065,,0.0,0,政府機關標讓售；,RPTNMLPLOHLGFFE09DA,387.85,0.0,0.0,有,
大樹區,土地,大庄段992地號,1955.19,農,,,1150601,土地2建物0車位0,,,其他,,,,0.0,0,0,0,無,無,5279000,2700,,0.0,0,含地政士服務費；,RPPNMLTKOHLGFGE09DA,0.0,0.0,0.0,無,
杉林區,土地,雙坑段740地號,3598.76,,山坡地保育區,農牧用地,1150622,土地8建物0車位0,,,其他,,,,0.0,0,0,0,無,無,530000,147,,0.0,0,親友、員工、共有人或其他特殊關係間之交易；農作物；,RPQNMLMLOHLGFHE68DA,0.0,0.0,0.0,無,0025
仁武區,房地(土地+建物),高雄市仁武區新庄路１５１巷１８號,82.0,住,,,1150605,土地1建物1車位0,全,二層,透天厝,住商用,鋼筋混凝土造,0721124,97.62,3,2,3,有,無,2560000,26224,,0.0,0,親友、員工、共有人或其他特殊關係間之交易；其他增建；,RPPNMLSKOHLGFIE56DA,97.62,0.0,0.0,無,
茄萣區,土地,福東段155-1地號,124.43,住,,,1150605,土地3建物0車位0,,,其他,,,,0.0,0,0,0,無,無,900000,7233,,0.0,0,,RPWNMLQKOHLGFJE17DA,0.0,0.0,0.0,無,
大寮區,土地,內厝段647地號,204.06,都市：其他:第二種住宅區,,,1150602,土地3建物0車位0,,,其他,,,,0.0,0,0,0,無,無,9450000,46310,,0.0,0,親友、員工、共有人或其他特殊關係間之交易；包含公共設施保留地用地；,RPPNMLNJOHLGFLE88DA,0.0,0.0,0.0,無,0026
大寮區,土地,翁公園段二小段5123-9地號,23.61,農,,,1150610,土地2建物0車位0,,,其他,,,,0.0,0,0,0,無,無,249900,10584,,0.0,0,,RPPNMLQKOHLGFLE66DA,0.0,0.0,0.0,無,0027
大寮區,土地,六合段668地號,24.16,農,,,1150602,土地1建物0車位0,,,其他,,,,0.0,0,0,0,無,無,511557,21174,,0.0,0,,RPSNMLRKOHLGFLE07DA,0.0,0.0,0.0,無,0006
鳳山區,土地,道爺段1031-4地號,28.0,住,,,1150609,土地2建物0車位0,,,其他,,,,0.0,0,0,0,無,無,4708000,168143,,0.0,0,,RPPNMLOLOHLGFGE78EA,0.0,0.0,0.0,無,
鼓山區,車位,高雄市鼓山區美術南二路１８號等６７戶共有部分,0.0,,,,1150615,土地0建物1車位1,,,其他,,,,17.07,0,0,0,無,有,1770000,,坡道平面,17.07,1770000,僅車位交易；,RPRNMLQKOHLGFAE38DA,0.0,0.0,0.0,有,
苓雅區,房地(土地+建物),高雄市苓雅區尚勇路２５號二樓,30.15,住,,,1150617,土地2建物1車位0,二層,七層,華廈(10層含以下有電梯),,鋼筋混凝土造,0691201,64.71,3,2,1,有,無,5500000,84995,,0.0,0,,RPXNMLOLOHLGFBE98DA,64.71,0.0,0.0,有,
小港區,房地(土地+建物)+車位,高雄市小港區鋼平街１７３巷５號四樓,50.57,住,,,1150601,土地1建物1車位1,四層,五層,華廈(10層含以下有電梯),住家用,鋼筋混凝土造,0830226,188.02,3,2,2,有,有,2438994,12972,坡道平面,0.0,0,停車位編號:27號親友、員工、共有人或其他特殊關係間之交易；,RPRNMLRKOHLGFCE68DA,112.08,1.41,13.85,有,
小港區,房地(土地+建物),高雄市小港區宏光街４６６之３號六樓,5.34,住,,,1150611,土地1建物1車位0,六層,七層,華廈(10層含以下有電梯),住家用,鋼筋混凝土造,0830929,31.560000000000002,0,0,0,無,有,1950000,61787,,0.0,0,,RPXNMLSKOHLGFCE76DA,21.26,0.0,0.0,有,
小港區,房地(土地+建物)+車位,高雄市小港區高松路１７之１０號十二樓,11.81,商,,,1150615,土地2建物1車位1,十二層,十三層,住宅大樓(11層含以上有電梯),住家用,鋼筋混凝土,1140411,124.91999999999999,2,2,2,有,有,10600000,86802,坡道平面,23.54,1800000,,RPRPMLMLOHLGFCE48DA,55.49,0.0,10.7,有,
三民區,車位,鼎強街７３號等公共設施,2.08,住,,,1150605,土地1建物1車位1,,,住宅大樓(11層含以上有電梯),,,,21.32,0,0,0,無,有,1180000,,坡道平面,21.32,1180000,僅車位交易；,RPSOMLKKOHLGFDE28DA,0.0,0.0,0.0,有,
三民區,房地(土地+建物),高雄市三民區三民街２７８之４號,19.2,住,,,1150612,土地1建物1車位0,五層,五層,公寓(5樓含以下無電梯),住家用,鋼筋混凝土造,0690904,69.03999999999999,4,2,2,有,無,1350000,19554,,0.0,0,,RPOOMLNLOHLGFDE28DA,58.88,0.0,4.34,無,
三民區,房地(土地+建物),高雄市三民區澄平街２巷２１號,69.0,住,,,1150604,土地1建物1車位0,全,三層,透天厝,住家用,鋼筋混凝土造,0741029,136.36,4,2,3,有,無,15050000,110370,,0.0,0,一樓空地、二樓前露台增建，鐵鋁窗、屋頂搭鐵皮、三四樓後方穿鐵衣、一樓車庫增建其他增建；,RPVNMLOLOHLGFDE98DA,126.84,0.0,9.52,無,
三民區,房地(土地+建物),高雄市三民區慶雲街２２之３號,28.98,住,,,1150609,土地1建物1車位0,四層,五層,公寓(5樓含以下無電梯),住家用,鋼筋混凝土造,0690430,95.33,3,2,1,有,無,4000000,41960,,0.0,0,,RPOOMLOLOHLGFDE38DA,95.33,0.0,0.0,無,
左營區,房地(土地+建物),高雄市左營區重平路５７號二十樓,3.92,商,,,1150611,土地1建物1車位0,二十層,二十三層,住宅大樓(11層含以上有電梯),住家用,鋼筋混凝土,1090611,67.06,2,2,2,有,有,8250000,123024,,0.0,0,,RPRNMLMKOHLGFEE38DA,41.7,0.0,3.21,有,
左營區,房地(土地+建物),高雄市左營區重信路４２６號五樓之２,6.29,商,,,1150610,土地1建物1車位0,五層,二十四層,住宅大樓(11層含以上有電梯),住家用,鋼骨鋼筋混凝土構造,1140509,90.9,2,2,2,有,有,12250000,134763,,0.0,0,含傢俱設備費；,RPSNMLRKOHLGFEE98DA,51.89,0.0,7.17,有,
左營區,房地(土地+建物),高雄市左營區正心街６號四樓之７,6.17,商,,,1150608,土地1建物1車位0,四層,八層,華廈(10層含以下有電梯),住家用,鋼筋混凝土造,0840421,45.72,1,1,1,有,有,3450000,75459,,0.0,0,陽台外推；,RPVOMLNLOHLGFEE09DA,25.77,0.0,5.26,有,
左營區,房地(土地+建物),高雄市左營區重義路５號九樓之１,8.97,商,,,1150604,土地1建物1車位0,九層,十五層,住宅大樓(11層含以上有電梯),住家用,鋼筋混凝土造,0951023,120.71000000000001,4,2,2,有,有,12750000,105625,,0.0,0,含傢俱設備費；,RPQOMLOLOHLGFEE68DA,83.19,2.98,3.59,有,
岡山區,房地(土地+建物),高雄市岡山區筧橋路１３號地下一層,119.58,住,,,1150616,土地1建物1車位0,地下一層,十三層,住宅大樓(11層含以上有電梯),商業用,鋼筋混凝土造,0950306,651.26,0,0,0,無,有,8252000,12671,,0.0,0,政府機關標讓售；,RPRNMLTLOHLGFFE66DA,416.11,0.0,0.0,有,
田寮區,土地,崇西段1561-1地號,200.43,,鄉村區,交通用地,1150603,土地4建物0車位0,,,其他,,,,0.0,0,0,0,無,無,1600000,7983,,0.0,0,親友、員工、共有人或其他特殊關係間之交易；未登記建物；,RPQNMLPLOHLGFJE56DA,0.0,0.0,0.0,無,
美濃區,房地(土地+建物),高雄市美濃區五福街２號,100.0,,特定農業區,甲種建築用地,1150622,土地1建物1車位0,全,四層,透天厝,住家用,鋼筋混凝土造,0811123,147.15,5,1,3,有,無,4300000,29222,,0.0,0,頂樓加蓋；其他增建；,RPQNMLMLOHLGFKE98DA,147.15,0.0,0.0,無,
美濃區,房地(土地+建物),高雄市美濃區泰安路２１巷７號,80.76,住,,,1150608,土地1建物1車位0,全,二層,透天厝,住商用,加強磚造,0690827,90.0,3,2,2,有,無,900000,10000,,0.0,0,親友、員工、共有人或其他特殊關係間之交易；,RPQNMLTLOHLGFKE07DA,90.0,0.0,0.0,無,
大寮區,土地,琉球段577-13地號,797.47,住,,,1150618,土地1建物0車位0,,,其他,,,,0.0,0,0,0,無,無,51524642,64610,,0.0,0,,RPPOMLOLOHLGFLE66DA,0.0,0.0,0.0,無,
苓雅區,土地,意誠段579地號,10.18,商,,,1150608,土地1建物0車位0,,,其他,,,,0.0,0,0,0,無,無,1840000,180747,,0.0,0,土地1816245元  未保存建物23755元未登記建物；,RPPNMLOLOHLGFBE28EA,0.0,0.0,0.0,無,
鼓山區,房地(土地+建物)+車位,高雄市鼓山區美術北五街１０６號八樓,19.89,住,,,1150505,土地1建物1車位1,八層,十五層,住宅大樓(11層含以上有電梯),住家用,鋼筋混凝土造,1001004,203.73000000000002,4,2,2,有,有,25200000,123693,坡道平面,15.82,0,含傢俱設備費；,RPSNMLSKNHLGFAE58DA,109.08,4.18,13.3,有,
鼓山區,房地(土地+建物),高雄市鼓山區裕誠路１５１１號五樓,28.96,商,,,1150519,土地1建物1車位0,五層,五層,公寓(5樓含以下無電梯),住家用,鋼筋混凝土造,0730619,103.88999999999999,3,2,2,有,無,5350000,51497,,0.0,0,含傢俱設備費；其他增建；,RPTNMLLLNHLGFAE08DA,85.54,0.0,11.78,無,0029
苓雅區,房地(土地+建物),高雄市苓雅區林森二路７號,143.0,商,,,1150507,土地1建物1車位0,全,四層,透天厝,住商用,鋼筋混凝土加強磚造,0620315,462.37,8,1,10,有,無,46800000,101218,,0.0,0,一樓後空地增建至四樓；及五樓鐵皮屋搭建。其他增建；含租約；,RPQNMLLJOHLGFBE77DA,462.37,0.0,0.0,無,
苓雅區,房地(土地+建物),高雄市苓雅區武慶三路１５４巷２號,51.0,都市：其他:第二種特定商業專用區,,,1150529,土地1建物1車位0,全,二層,透天厝,住家用,加強磚造,0571210,77.58,4,2,2,有,無,6000000,77340,,0.0,0,頂樓增建鐵皮屋,RPXNMLLJOHLGFBE48DA,77.58,0.0,0.0,無,
苓雅區,房地(土地+建物),高雄市苓雅區武廟路１１６巷１２號,23.59,住,,,1150529,土地1建物1車位0,一層,五層,公寓(5樓含以下無電梯),住家用,鋼筋混凝土造,0700904,83.86,2,1,2,有,無,6500000,77510,,0.0,0,親友、員工、共有人或其他特殊關係間之交易；其他增建；,RPRNMLPJOHLGFBE28DA,69.25,0.0,0.0,無,0030
苓雅區,房地(土地+建物),高雄市苓雅區建軍路８巷７之２號,59.5,住,,,1150510,土地1建物1車位0,三層,四層,公寓(5樓含以下無電梯),住家用,鋼筋混凝土造,0671227,84.43,3,2,2,有,無,5500000,65143,,0.0,0,前後陽台增建。其他增建；,RPPNMLLKOHLGFBE77DA,84.43,0.0,0.0,無,
苓雅區,房地(土地+建物)+車位,高雄市苓雅區四維四路２３９號五樓之１,23.59,住,,,1150519,土地1建物1車位1,五層,二十四層,住宅大樓(11層含以上有電梯),住家用,鋼筋混凝土造,0900529,280.76,3,2,2,有,有,39800000,141758,坡道平面,31.77,0,,RPOOMLMKOHLGFBE87DA,158.48,0.0,23.79,有,0031
小港區,土地,龍鳳段452地號,54.0,住,,,1150529,土地1建物0車位0,,,其他,,,,0.0,0,0,0,無,無,4200000,77778,,0.0,0,,RPUNMLLJOHLGFCE28DA,0.0,0.0,0.0,無,
小港區,土地,龍鳳段454地號,54.0,住,,,1150529,土地2建物0車位0,,,其他,,,,0.0,0,0,0,無,無,4200000,77778,,0.0,0,,RPVNMLLJOHLGFCE38DA,0.0,0.0,0.0,無,
前鎮區,房地(土地+建物),高雄市前鎮區瑞興街１０２巷１４號,63.0,住,,,1150530,土地1建物1車位0,全,二層,透天厝,住家用,加強磚造,0610103,66.98,3,2,2,有,無,4700000,70170,,0.0,0,,RPSOMLMKOHLGFCE38DA,66.98,0.0,0.0,無,
小港區,建物,高雄市小港區民益路７７巷２７弄１０號,0.0,,,,1150525,土地0建物1車位0,一層，見其他登記事項,十四層,住宅大樓(11層含以上有電梯),商業用,鋼筋混凝土,1141023,250.08999999999997,0,0,0,無,有,30000000,119957,,0.0,0,建物坐落地號：二苓段1148-2地號；親友、員工、共有人或其他特殊關係間之交易；,RPXOMLMLOHLGFCE98DA,157.27,0.0,27.83,有,
三民區,房地(土地+建物)+車位,高雄市三民區德旺街１６０號十九樓,18.61,住,,,1150502,土地1建物1車位1,十九層,二十三層,住宅大樓(11層含以上有電梯),住家用,鋼筋混凝土,1120704,181.63,3,2,2,有,有,22000000,121125,坡道平面,26.91,0,,RPTNMLQKOHLGFDE88DA,80.02,2.13,17.21,有,0032
三民區,房地(土地+建物),高雄市三民區民族一路８１０號七樓,8.64,住,,,1150504,土地1建物1車位0,七層,二十四層,住宅大樓(11層含以上有電梯),住家用,鋼筋混凝土造,0850719,111.08000000000001,3,2,2,有,有,7550000,67969,,0.0,0,其他：陽台鐵鋁窗未登記建物；,RPQOMLQKOHLGFDE68DA,69.48,1.73,12.8,有,0033
楠梓區,房地(土地+建物)+車位,高雄市楠梓區楠裕街２２號六樓,14.29,商,,,1150517,土地1建物1車位1,六層,二十層,住宅大樓(11層含以上有電梯),住家用,鋼筋混凝土造,1020529,182.63,3,2,2,有,有,14200000,77753,坡道平面,23.74,0,含傢俱設備費；,RPVOMLKLNHLGFEE68DA,91.98,3.94,13.13,有,0034
左營區,房地(土地+建物),高雄市左營區大順一路２６２號三樓之５,5.3,住,,,1150520,土地1建物1車位0,三層,十三層,住宅大樓(11層含以上有電梯),住家用,鋼筋混凝土造,0850119,43.19,1,1,1,有,有,4070000,94235,,0.0,0,,RPVNMLMLNHLGFEE78DA,28.54,0.0,2.51,有,0035
左營區,房地(土地+建物)+車位,高雄市左營區新莊一路３５５號八樓,15.55,住,,,1150512,土地1建物1車位1,八層,二十九層,住宅大樓(11層含以上有電梯),住家用,鋼筋混凝土造,1071108,205.72,3,2,2,有,有,28000000,145593,坡道平面,27.14,2000000,,RPUPMLSJOHLGFEE76DA,103.82,4.99,5.49,有,0036
楠梓區,房地(土地+建物)+車位,高雄市楠梓區藍田路７４５巷４２弄５號四樓,32.11,住,,,1150516,土地2建物1車位1,四層,五層,華廈(10層含以下有電梯),住家用,鋼筋混凝土,1141003,94.96000000000001,2,2,2,有,有,10500000,107130,一樓平面,13.75,1800000,,RPTNMLLKOHLGFEE48DA,53.1,0.0,6.34,有,
左營區,房地(土地+建物),高雄市左營區文自路５２４巷３９號十二樓,7.44,住,,,1150509,土地1建物1車位0,十二層,十五層,住宅大樓(11層含以上有電梯),住家用,鋼筋混凝土,1140903,70.85,2,2,1,有,有,8680000,122512,,0.0,0,,RPROMLQKOHLGFEE88DA,40.67,0.0,4.82,有,
左營區,房地(土地+建物)+車位,高雄市左營區啟文路１２９號二樓之５,27.09,住,,,1150530,土地1建物1車位1,二層,十五層,住宅大樓(11層含以上有電梯),住家用,鋼筋混凝土,1110302,176.78,3,2,2,有,有,15020000,84804,坡道平面,22.07,1900000,,RPQOMLRKOHLGFEE88DA,74.96,7.68,16.53,有,
燕巢區,房地(土地+建物),高雄市燕巢區安西路５之８號,143.41,住,,,1150516,土地2建物1車位0,全,五層,透天厝,住家用,鋼筋混凝土造,1141014,323.16,4,2,4,有,有,24180000,74824,,0.0,0,,RPOOMLSJOHLGFFE78DA,304.53,0.0,18.63,有,
橋頭區,房地(土地+建物)+車位,高雄市橋頭區經武路５８號四樓之５,17.04,商,,,1150504,土地1建物1車位1,四層,二十四層,住宅大樓(11層含以上有電梯),住家用,鋼筋混凝土造,1071220,172.39,3,2,2,有,有,13300000,79338,坡道平面,26.18,1700000,,RPQOMLSJOHLGFFE98DA,70.47,2.38,22.63,有,0037
岡山區,土地,介壽段695地號,37.57,都市：其他:道路用地,,,1150529,土地1建物0車位0,,,其他,,,,0.0,0,0,0,無,無,500000,13308,,0.0,0,包含公共設施保留地用地；,RPOPMLQKOHLGFFE78DA,0.0,0.0,0.0,無,0038
鳳山區,房地(土地+建物)+車位,高雄市鳳山區文殿街８１號十二樓,19.99,住,,,1150515,土地1建物1車位1,十二層,十五層,住宅大樓(11層含以上有電梯),住家用,鋼筋混凝土造,1000912,138.48,3,2,2,有,有,12580000,90843,坡道平面,23.1,0,其他增建；,RPSPMLPKNHLGFGE09DA,68.84,3.86,3.41,有,
鳳山區,房地(土地+建物)+車位,高雄市鳳山區鳳南一路８７號四樓,29.81,住,,,1150503,土地1建物1車位1,四層,十五層,住宅大樓(11層含以上有電梯),住家用,鋼筋混凝土,1120703,156.93,3,2,2,有,有,15000000,92566,坡道平面,19.73,2300000,,RPRNMLQLNHLGFGE98DA,72.28,0.0,14.93,有,
鳳山區,房地(土地+建物)+車位,高雄市鳳山區八德路二段２１２巷３８號三樓,36.4,住,,,1150506,土地1建物1車位1,三層,六層,華廈(10層含以下有電梯),住家用,鋼筋混凝土造,0831126,144.89999999999998,3,2,2,有,有,8000000,55210,其他,0.0,0,陽台外推；,RPUOMLKKOHLGFGE78DA,96.25,0.0,14.82,有,
鳳山區,房地(土地+建物),高雄市鳳山區鳳南一路３１巷１７號,73.9,住,,,1150512,土地1建物1車位0,全,四層,透天厝,住家用,鋼筋混凝土造,0731005,136.85,5,2,3,有,無,6350000,46401,,0.0,0,,RPXNMLPKOHLGFGE86DA,125.69,0.0,11.16,無,
內門區,土地,木柵段914地號,2267.0,,一般農業區,農牧用地,1150528,土地1建物0車位0,,,其他,,,,0.0,0,0,0,無,無,3500000,1544,,0.0,0,農作物；,RPRNMLSLNHLGFHE66DA,0.0,0.0,0.0,無,
仁武區,房地(土地+建物),高雄市仁武區南昌巷２８６號,60.8,,鄉村區,乙種建築用地,1150517,土地1建物1車位0,全,二層,透天厝,住家用,加強磚造,0671217,68.88,4,2,3,有,無,3750000,54443,,0.0,0,頂樓加蓋；其他增建；,RPQNMLSKNHLGFIE56DA,68.88,0.0,0.0,無,
仁武區,房地(土地+建物),高雄市仁武區八德東路５１３巷３０號,67.32,商,,,1150502,土地2建物1車位0,全,四層,透天厝,住家用,鋼筋混凝土,1140623,166.82,4,2,4,有,有,19000000,113895,,0.0,0,,RPQNMLOJOHLGFIE78DA,148.19,0.0,18.63,無,
仁武區,房地(土地+建物)+車位,高雄市仁武區赤德街１３０號二十三樓,30.56,住,,,1150517,土地1建物1車位2,二十三層,二十四層,住宅大樓(11層含以上有電梯),住家用,鋼筋混凝土,1130812,245.38,4,2,2,有,有,22000000,95946,坡道平面,51.52,3400000,,RPPOMLQKOHLGFIE09DA,95.58,2.15,25.28,有,
阿蓮區,土地,東蓮段496地號,1460.44,住,,,1150516,土地1建物0車位0,,,其他,,,,0.0,0,0,0,無,無,48596042,33275,,0.0,0,,RPSNMLMJOHLGFJE88DA,0.0,0.0,0.0,無,
美濃區,土地,廣興段245地號,12359.88,,森林區,農牧用地,1150508,土地2建物0車位0,,,其他,,,,0.0,0,0,0,無,無,4500000,364,,0.0,0,,RPPNMLSKOHLGFKE76DA,0.0,0.0,0.0,無,
大寮區,房地(土地+建物),高雄市大寮區上寮路１０３之１０號九樓,11.09,住,,,1150523,土地1建物1車位0,九層,十二層,住宅大樓(11層含以上有電梯),住家用,鋼筋混凝土造,0850710,102.96000000000001,3,2,2,有,有,4500000,43706,,0.0,0,,RPWNMLPLNHLGFLE27DA,71.59,0.0,3.22,有,0039
林園區,房地(土地+建物),高雄市林園區鳳林路三段６８５巷８１號,73.0,住,,,1150525,土地1建物1車位0,全,三層,透天厝,住商用,鋼筋混凝土造,0811020,173.51,4,2,3,有,無,6120000,35272,,0.0,0,其他增建；,RPTNMLNJOHLGFLE66DA,161.81,0.0,11.7,無,
大寮區,土地,內厝段654-32地號,110.45,住,,,1150520,土地2建物0車位0,,,其他,,,,0.0,0,0,0,無,無,2155000,19511,,0.0,0,親友、員工、共有人或其他特殊關係間之交易；,RPVNMLLKOHLGFLE76DA,0.0,0.0,0.0,無,
大寮區,房地(土地+建物),高雄市大寮區萬丹路５１０號,108.0,住,,,1150511,土地1建物1車位0,全,五層,透天厝,住家用,鋼筋混凝土造,1141029,321.92,6,2,7,有,無,34080000,105865,,0.0,0,,RPQOMLPKOHLGFLE76DA,291.96,0.0,29.96,有,
林園區,房地(土地+建物),高雄市林園區石化三路２３９號,71.0,住,,,1150526,土地1建物1車位0,全,三層,透天厝,住商用,鋼筋混凝土造,0820630,169.75,3,3,3,有,無,5000000,29455,,0.0,0,頂樓加蓋；其他增建；,RPROMLPKOHLGFLE86DA,155.53,6.42,7.8,無,
鼓山區,房地(土地+建物)+車位,高雄市鼓山區南屏路８４９號十三樓之２,12.08,商,,,1150514,土地1建物1車位1,十三層,十九層,住宅大樓(11層含以上有電梯),住家用,鋼筋混凝土造,0951205,147.78,3,2,2,有,有,18750000,126878,坡道平面,20.93,0,,RPPNMLQKOHLGFAE28EA,77.97,2.34,9.33,有,0040
苓雅區,房地(土地+建物),高雄市苓雅區建國一路１４０巷２５弄４２號,77.79,住,,,1150522,土地1建物1車位0,全,二層,透天厝,住家用,加強磚造,0631019,83.26,4,2,2,有,無,4721400,56707,,0.0,0,親友、員工、共有人或其他特殊關係間之交易；,RPQNMLQKOHLGFBE48EA,83.26,0.0,0.0,無,
前鎮區,房地(土地+建物),高雄市前鎮區瑞北路７７號,23.75,住,,,1150520,土地1建物1車位0,全,三層,透天厝,住商用,鋼筋混凝土造,0660409,39.26,4,2,3,有,無,4000000,101885,,0.0,0,,RPPNMLLKOHLGFCE97EA,39.26,0.0,0.0,無,
前鎮區,建物,高雄市前鎮區漁港中二路６２號,0.0,,,,1150521,土地0建物1車位0,全,二層,透天厝,其他,鋼筋混凝土造,0641205,137.87,0,0,0,無,無,2900000,21034,,0.0,0,建物坐落地號：朝陽段706地號；,RPPNMLQKOHLGFCE48EA,137.87,0.0,0.0,無,0041
路竹區,土地,大仁段663-8地號,100.91,農,,,1150529,土地2建物0車位0,,,其他,,,,0.0,0,0,0,無,無,2269466,22490,,0.0,0,政府機關標讓售；,RPPNMLSKOHLGFJE76EA,0.0,0.0,0.0,無,
林園區,房地(土地+建物),高雄市林園區沿海路四段５９巷５０弄９號,133.0,住,,,1150525,土地2建物1車位0,全,三層,透天厝,住家用,鋼筋混凝土造,1140122,169.28,4,1,4,有,無,13500000,79750,,0.0,0,建物售價675萬元正，土地售價675萬元正。,RPQNMLPKOHLGFLE76EA,157.52,0.0,11.76,無,
林園區,土地,鳳芸段409地號,278.16,都市：其他:住宅區,,,1150505,土地3建物0車位0,,,其他,,,,0.0,0,0,0,無,無,2600000,9347,,0.0,0,親友、員工、共有人或其他特殊關係間之交易；,RPQNMLQKOHLGFLE86EA,0.0,0.0,0.0,無,
前金區,房地(土地+建物),高雄市前金區市中一路９９號十七樓之８,4.78,商,,,1150505,土地1建物1車位0,十七層,二十二層,住宅大樓(11層含以上有電梯),住家用,鋼筋混凝土造,0910618,61.230000000000004,1,1,1,有,有,5000000,81659,,0.0,0,,RPVNMLPJNHLGFAE48DA,37.24,0.0,4.43,有,
前金區,房地(土地+建物),高雄市前金區七賢二路１５７號十樓之４,2.48,商,,,1150516,土地1建物1車位0,十層,十三層,住宅大樓(11層含以上有電梯),住家用,鋼筋混凝土造,0851002,36.84,0,0,0,無,有,3050000,82790,,0.0,0,,RPPNMLTLNHLGFAE48DA,26.57,1.05,0.0,有,0042
前金區,房地(土地+建物)+車位,高雄市前金區自立橫路１０８號十樓之２,14.79,商,,,1150506,土地1建物1車位1,十層,十五層,住宅大樓(11層含以上有電梯),住家用,鋼筋混凝土造,0950303,147.96,3,2,2,有,有,12500000,84482,坡道平面,21.45,0,,RPRNMLTJOHLGFAE58DA,74.39,1.59,7.75,有,0043
鼓山區,房地(土地+建物),高雄市鼓山區昌盛路３９１號十四樓,11.16,商,,,1150521,土地1建物1車位0,十四層,十四層,住宅大樓(11層含以上有電梯),住家用,鋼筋混凝土造,0871210,140.46,3,2,2,有,有,10000000,71195,,0.0,0,,RPQNMLPKOHLGFAE18DA,90.59,0.36,19.19,有,0044
苓雅區,房地(土地+建物),高雄市苓雅區自強三路５號二十八樓之２４,1.33,商,,,1150509,土地2建物1車位0,二十八層,八十五層,住宅大樓(11層含以上有電梯),商業用,鋼骨鋼筋混凝土造,0880401,34.91,1,1,1,有,有,1800000,51561,,0.0,0,陽台外推；,RPQNMLTJNHLGFBE48DA,19.43,0.0,4.89,有,0045
新興區,房地(土地+建物),高雄市新興區南華橫二路２９號５樓,17.47,商,,,1150513,土地1建物1車位0,五層,七層,華廈(10層含以下有電梯),住家用,鋼筋混凝土造,0770614,97.06,4,2,2,有,有,6900000,71090,,0.0,0,含裝潢費；陽台外推；,RPSNMLOKNHLGFBE28DA,85.29,0.0,11.77,有,
苓雅區,建物,高雄市苓雅區永樂街４３號,0.0,,,,1150527,土地0建物1車位0,一層，騎樓,四層,公寓(5樓含以下無電梯),住家用,加強磚造,0600531,23.88,0,0,0,無,無,1000000,41876,,0.0,0,買方為標的物之持分共有人，本買賣為共有人間持分之買賣。；建物坐落地號：過田子段978-8地號；,RPWNMLNJOHLGFBE58DA,23.88,0.0,0.0,無,0046
苓雅區,房地(土地+建物)+車位,高雄市苓雅區憲政路１００號十三樓之１,6.18,商,,,1150510,土地1建物1車位1,十三層,二十四層,住宅大樓(11層含以上有電梯),住家用,鋼筋混凝土,1140526,92.78999999999999,1,1,1,有,有,9700000,104537,坡道機械,15.44,0,,RPTOMLSJOHLGFBE88DA,46.44,0.0,5.02,有,0047
苓雅區,房地(土地+建物),高雄市苓雅區興中一路２６０巷７之２號,22.75,都市：其他:第二種特定商業專用區,,,1150501,土地2建物1車位0,三層,五層,公寓(5樓含以下無電梯),住家用,鋼筋混凝土造,0690129,75.27,2,2,1,有,無,4800000,63770,,0.0,0,,RPWNMLRKOHLGFBE09DA,75.27,0.0,0.0,無,
小港區,房地(土地+建物),高雄市小港區港中街１５號,32.77,住,,,1150504,土地1建物1車位0,一層，二層，騎樓,五層,公寓(5樓含以下無電梯),住商用,鋼筋混凝土造,0701229,166.72,4,2,2,有,無,6500000,38988,,0.0,0,,RPOOMLQKOHLGFCE38DA,166.72,0.0,0.0,無,
前鎮區,房地(土地+建物),高雄市前鎮區一心二路４５號十一樓之７,3.5,商,,,1150505,土地1建物1車位0,十一層,十二層,住宅大樓(11層含以上有電梯),住家用,鋼筋混凝土造,0790720,39.94,1,0,1,有,有,1500000,37556,,0.0,0,,RPRNMLSKOHLGFCE78DA,26.99,0.0,0.0,有,
三民區,房地(土地+建物),高雄市三民區大順二路６３９號六樓,10.16,住,,,1150527,土地1建物1車位0,六層，電梯樓梯間,二十層,住宅大樓(11層含以上有電梯),住家用,鋼筋混凝土造,0850626,107.48,3,2,2,有,有,7860000,73130,,0.0,0,,RPTPMLMJOHLGFDE58DA,86.26,1.75,9.14,有,
三民區,房地(土地+建物)+車位,高雄市三民區褒揚街１７６號十五樓,11.04,商,,,1150523,土地1建物1車位1,十五層,十五層,住宅大樓(11層含以上有電梯),住家用,鋼筋混凝土,1140213,142.62,2,2,2,有,有,17160000,122289,坡道平面,22.74,2500000,,RPRNMLTJOHLGFDE88DA,69.0,0.0,7.96,有,
三民區,房地(土地+建物)+車位,高雄市三民區正忠路３５５號十樓之６,17.71,住,,,1150531,土地1建物1車位1,十層,十四層,住宅大樓(11層含以上有電梯),住家用,鋼筋混凝土,1141014,150.9,3,2,2,有,有,20580000,144068,坡道平面,24.71,2400000,,RPTNMLLKOHLGFDE38DA,67.44,0.0,12.7,有,
三民區,土地,有光段365地號,0.86,,,,1150519,土地1建物0車位0,,,其他,,,,0.0,0,0,0,無,無,42400,0,,0.0,0,三民區有光段365地號：37500元未保存建物：4900元親友、員工、共有人或其他特殊關係間之交易；未登記建物；,RPROMLRKOHLGFDE88DA,0.0,0.0,0.0,無,
三民區,房地(土地+建物),高雄市三民區九如一路１０號,77.14,都市：其他:第三種特定商業專用區,,,1150513,土地1建物1車位0,全,五層,透天厝,住商辦用,鋼筋混凝土造,0680220,277.86,0,0,0,無,無,16120000,58015,,0.0,0,親友、員工、共有人或其他特殊關係間之交易；其他增建；,RPRNMLSKOHLGFDE88DA,277.86,0.0,0.0,無,0048
楠梓區,房地(土地+建物)+車位,高雄市楠梓區德富街２６０號三樓,32.14,住,,,1150505,土地1建物1車位2,三層,十四層,住宅大樓(11層含以上有電梯),住家用,鋼筋混凝土,1060524,240.16000000000003,3,2,2,有,有,18880000,78614,坡道平面,29.07,0,,RPPRMLPJNHLGFEE68DA,101.5,6.33,32.54,有,0049
楠梓區,房地(土地+建物)+車位,高雄市楠梓區監理南街１號二十五樓,12.41,住,,,1150506,土地1建物1車位1,二十五層,二十六層,住宅大樓(11層含以上有電梯),住家用,鋼筋混凝土,1140501,147.86,2,2,2,有,有,18860000,129591,坡道平面,18.53,2100000,,RPUOMLPKNHLGFEE98DA,73.31,0.0,10.73,有,
楠梓區,房地(土地+建物),高雄市楠梓區芎林一街１９８巷１號,88.69,住,,,1150514,土地2建物1車位0,全,四層,透天厝,住家用,鋼筋混凝土,1130318,234.29,4,2,4,有,無,24500000,104571,,0.0,0,,RPOQMLPLNHLGFEE68DA,226.8,0.0,7.49,無,
左營區,房地(土地+建物)+車位,高雄市左營區大中二路６７５號三樓,15.21,住,,,1150504,土地1建物1車位1,三層,二十三層,住宅大樓(11層含以上有電梯),住家用,鋼筋混凝土造,1110302,176.03,3,2,2,有,有,17200000,107527,坡道平面,34.67,2000000,,RPXNMLRKOHLGFEE86DA,80.66,2.9,5.48,有,
梓官區,房地(土地+建物)+車位,高雄市梓官區中正路３３６號五樓之１,28.45,,鄉村區,乙種建築用地,1150506,土地1建物1車位1,五層,十一層,住宅大樓(11層含以上有電梯),住家用,鋼筋混凝土造,1140618,106.25,3,2,2,有,有,9350000,80620,一樓平面,8.26,1450000,,RPPNMLOKNHLGFFE38DA,67.19,0.0,6.95,有,
鳳山區,房地(土地+建物),高雄市鳳山區光遠路２８４之１號,60.0,商,,,1150514,土地1建物1車位0,全,四層,透天厝,住商用,鋼筋混凝土造,0700120,219.5,0,0,0,無,無,25800000,117540,,0.0,0,一樓空地+2樓+3樓+4樓增建其他增建；,RPVNMLLLNHLGFGE88DA,219.5,0.0,0.0,無,
鳳山區,房地(土地+建物)+車位,高雄市鳳山區建國路三段２９６號四樓,22.72,住,,,1150501,土地1建物1車位1,四層,十四層,住宅大樓(11層含以上有電梯),住家用,鋼筋混凝土,0940630,147.26,3,2,2,有,有,11500000,78093,坡道平面,19.22,0,,RPQOMLLJOHLGFGE38DA,74.62,2.33,10.49,有,
大樹區,土地,龍目段1040地號,73.43,,鄉村區,乙種建築用地,1150519,土地1建物0車位0,,,其他,,,,0.0,0,0,0,無,無,465600,6341,,0.0,0,親友、員工、共有人或其他特殊關係間之交易；未登記建物；,RPWNMLQKOHLGFGE86DA,0.0,0.0,0.0,無,
大樹區,土地,和山段1159地號,313.23,,一般農業區,農牧用地,1150519,土地1建物0車位0,,,其他,,,,0.0,0,0,0,無,無,783100,2500,,0.0,0,親友、員工、共有人或其他特殊關係間之交易；,SPWNMLQKOHLGFGE96DA,0.0,0.0,0.0,無,
大樹區,土地,龍目段823地號,543.94,,一般農業區,農牧用地,1150519,土地1建物0車位0,,,其他,,,,0.0,0,0,0,無,無,1386500,2549,,0.0,0,親友、員工、共有人或其他特殊關係間之交易；未登記建物；,RPTOMLQKOHLGFGE66DA,0.0,0.0,0.0,無,0050
大樹區,土地,小坪段104地號,20.55,,一般農業區,農牧用地,1150519,土地1建物0車位0,,,其他,,,,0.0,0,0,0,無,無,51400,2501,,0.0,0,親友、員工、共有人或其他特殊關係間之交易；,SPTOMLQKOHLGFGE76DA,0.0,0.0,0.0,無,0051
杉林區,土地,十張段一小段193-1地號,3290.0,,山坡地保育區,農牧用地,1150519,土地2建物0車位0,,,其他,,,,0.0,0,0,0,無,無,5000000,1520,,0.0,0,親友、員工、共有人或其他特殊關係間之交易；未登記建物；未登記建物；農作物；,RPRNMLQKOHLGFHE09DA,0.0,0.0,0.0,無,
仁武區,房地(土地+建物),高雄市仁武區澄新五街１７號,130.77,住,,,1150516,土地1建物1車位0,全,五層,透天厝,住家用,鋼筋混凝土造,1141117,396.76,4,2,7,有,無,42000000,105857,,0.0,0,,RPWNMLSKNHLGFIE17DA,373.24,0.0,23.52,有,
鳥松區,房地(土地+建物),高雄市鳥松區高碼三巷４２號,69.69,商,,,1150526,土地3建物1車位0,全,三層,透天厝,住商用,加強磚造,0650531,149.1,3,2,1,有,無,5000000,33535,,0.0,0,親友、員工、共有人或其他特殊關係間之交易；,RPVNMLLJOHLGFIE98DA,149.1,0.0,0.0,無,
鳥松區,土地,松埔段1182-3地號,427.24,農,,,1150511,土地1建物0車位0,,,其他,,,,0.0,0,0,0,無,無,21530000,50393,,0.0,0,未登記建物；,RPXNMLQKOHLGFIE17DA,0.0,0.0,0.0,無,0052
湖內區,房地(土地+建物),高雄市湖內區中山路一段３０１巷２１弄１２０號,59.1,住,,,1150503,土地3建物1車位0,全,二層,透天厝,住商用,加強磚造,0650520,106.64,4,2,3,有,無,4900000,45949,,0.0,0,含傢俱設備費；其他增建；,RPQNMLLKNHLGFJE58DA,106.64,0.0,0.0,無,
路竹區,土地,福善段218地號,522.59,,鄉村區,交通用地,1150523,土地5建物0車位0,,,其他,,,,0.0,0,0,0,無,無,5300000,10142,,0.0,0,本案賣方應負擔之代書費皆由買方支付福善段209218地號及竹園段904地號等三筆土地之買賣價款為729845元福善段215220地號等二筆土地之買賣價款為4570155元親友、員工、共有人或其他特殊關係間之交易；,RPPNMLLKOHLGFJE58DA,0.0,0.0,0.0,無,
路竹區,房地(土地+建物),高雄市路竹區大智路５３巷５０弄２號,199.94,住,,,1150510,土地1建物1車位0,全,三層,透天厝,住家用,鋼筋混凝土造,1050711,401.4,8,2,7,有,無,33500000,83458,,0.0,0,,RPPNMLKLOHLGFJE58DA,384.56,0.0,16.84,無,0053
大寮區,房地(土地+建物),高雄市大寮區崇聖路１８號五樓之２,4.91,住,,,1150524,土地1建物1車位0,五層,五層,華廈(10層含以下有電梯),住家用,鋼筋混凝土造,1050201,13.719999999999999,1,1,1,有,有,1200000,87464,,0.0,0,,RPUNMLLKOHLGFLE66DA,7.99,0.0,1.43,有,0054
林園區,房地(土地+建物)+車位,高雄市林園區溪州三路２８３巷５１號四樓之１,41.82,住,,,1150505,土地1建物1車位1,四層,五層,華廈(10層含以下有電梯),住家用,鋼筋混凝土造,1080624,95.92,3,2,2,有,有,5220000,54420,一樓平面,6.23,0,含傢俱設備費；其他增建；,RPRNMLMKOHLGFLE09DA,66.69,0.0,5.78,有,0055
鳳山區,房地(土地+建物),高雄市鳳山區文昌街７７巷３７號三樓,36.16,住,,,1150514,土地1建物1車位0,三層,五層,公寓(5樓含以下無電梯),其他,鋼筋混凝土造,0790315,127.74000000000001,3,2,2,有,有,5730000,44857,,0.0,0,,RPPNMLRKOHLGFGE98EA,99.29,0.0,13.72,無,
前金區,房地(土地+建物)+車位,高雄市前金區河東路１７６號十八樓之２,8.2,商,,,1150524,土地1建物1車位1,十八層,三十五層,住宅大樓(11層含以上有電梯),住家用,鋼骨鋼筋混凝土造,0850215,209.36,3,2,2,有,有,16600000,79289,坡道機械,0.0,0,,RPTNMLQLNHLGFAE58DA,138.81,0.0,13.47,有,
前金區,房地(土地+建物),高雄市前金區中山橫路９３號９樓之６號,13.22,商,,,1150528,土地1建物1車位0,九層，十層,十二層,住宅大樓(11層含以上有電梯),住家用,鋼筋混凝土造,0740612,148.17000000000002,3,2,2,有,有,7580000,51157,,0.0,0,,RPUNMLSLNHLGFAE88DA,108.06,0.0,11.06,有,0056
鹽埕區,房地(土地+建物),高雄市鹽埕區莒光街２１９號６樓之７,3.26,商,,,1150517,土地1建物1車位0,六層,十二層,住宅大樓(11層含以上有電梯),住家用,鋼筋混凝土造,0720523,34.54,1,1,1,有,有,2500000,72380,,0.0,0,,RPQNMLTLNHLGFAE58DA,26.63,0.0,0.0,有,0057
鼓山區,土地,龍華段三小段458地號,104.0,都市：其他:第三種特定商業專用區,,,1150511,土地1建物0車位0,,,其他,,,,0.0,0,0,0,無,無,48133800,462825,,0.0,0,,RPURMLMJOHLGFAE58DA,0.0,0.0,0.0,無,
鼓山區,房地(土地+建物),高雄市鼓山區鼓山二路４５巷１４號三樓之１,43.92,住,,,1150523,土地3建物1車位0,三層,四層,公寓(5樓含以下無電梯),住家用,鋼筋混凝土造,0701110,85.8,3,2,2,有,無,2580000,30070,,0.0,0,,RPTUMLOJOHLGFAE98DA,85.8,0.0,0.0,無,0058
鼓山區,房地(土地+建物)+車位,高雄市鼓山區文信路２９８號十八樓,5.89,商,,,1150529,土地1建物1車位1,十八層,二十九層,住宅大樓(11層含以上有電梯),住家用,鋼筋混凝土,1141028,113.75999999999999,1,1,2,有,有,16380000,143987,坡道平面,27.14,0,,RPQNMLMKOHLGFAE87DA,48.91,0.0,8.24,有,0059
鹽埕區,房地(土地+建物),高雄市鹽埕區必忠街１５４巷１３之６號,36.07,住,,,1150524,土地1建物1車位0,三層,三層,公寓(5樓含以下無電梯),住家用,加強磚造,0621101,63.879999999999995,2,2,1,有,無,2750000,43049,,0.0,0,其他增建；,RPWNMLPKOHLGFAE78DA,58.65,0.0,0.0,無,
鼓山區,房地(土地+建物),高雄市鼓山區鼓山三路２２４巷８號四樓,38.8,住,,,1150525,土地1建物1車位0,四層,五層,公寓(5樓含以下無電梯),住家用,鋼筋混凝土造,0730402,103.77,3,2,2,有,無,3850000,37101,,0.0,0,,RPPOMLQKOHLGFAE28DA,90.92,0.0,12.85,無,
苓雅區,房地(土地+建物),高雄市苓雅區建國一路２３１巷２弄１０號,58.26,都市：其他:第二種特定商業專用區,,,1150519,土地1建物1車位0,全,二層,透天厝,住家用,加強磚造,0601008,82.02,3,2,2,有,無,9200000,112168,,0.0,0,其他增建；,RPUNMLKKOHLGFBE18DA,82.02,0.0,0.0,無,
苓雅區,房地(土地+建物),高雄市苓雅區武慶三路１０７巷５７號,73.0,住,,,1150516,土地1建物1車位0,全,二層,透天厝,住家用,加強磚造,0540423,69.3,0,2,0,有,無,5000000,72150,,0.0,0,,RPVNMLPKOHLGFBE78DA,69.3,0.0,0.0,無,
新興區,房地(土地+建物),高雄市新興區七賢一路１８８號四樓之７,4.27,商,,,1150518,土地1建物1車位0,四層,二十九層,住宅大樓(11層含以上有電梯),住家用,鋼筋混凝土,1131108,89.92,2,1,2,有,有,9800000,108986,,0.0,0,,RPTOMLQKOHLGFBE78DA,52.48,1.3,4.85,有,0060
苓雅區,房地(土地+建物)+車位,高雄市苓雅區至誠路７９號七樓之１,27.24,都市：其他:第二種特定商業專用區,,,1150509,土地1建物1車位1,七層,十三層,住宅大樓(11層含以上有電梯),住家用,鋼筋混凝土造,1000901,161.14999999999998,2,2,2,有,有,13150000,81601,坡道平面,32.97,0,,RPUNMLRKOHLGFBE88DA,77.11,1.32,9.15,有,
苓雅區,房地(土地+建物),高雄市苓雅區自強三路５號二十八樓之５,1.33,商,,,1150530,土地2建物1車位0,二十八層,八十五層,住宅大樓(11層含以上有電梯),商業用,鋼骨鋼筋混凝土造,0880401,76.87,1,1,1,有,有,3450000,44881,,0.0,0,,RPXNMLSKOHLGFBE66DA,49.69,0.0,0.0,有,0061
前鎮區,房地(土地+建物)+車位,高雄市前鎮區民權二路２２０巷９號十一樓,6.96,住,,,1150504,土地2建物1車位1,十一層,二十七層,住宅大樓(11層含以上有電梯),住家用,鋼筋混凝土造,0860527,146.34,3,2,2,有,有,9800000,66967,坡道機械,15.63,0,含裝潢費；含傢俱設備費；陽台外推；,RPVNMLPJNHLGFCE68DA,87.3,0.0,10.79,有,
小港區,房地(土地+建物),高雄市小港區松園六路１２５號四樓,9.08,商,,,1150503,土地1建物1車位0,四層,十七層,住宅大樓(11層含以上有電梯),住家用,鋼筋混凝土,1140829,81.89,2,1,2,有,有,7770000,94883,,0.0,0,,RPQNMLKLNHLGFCE87DA,48.86,0.0,3.58,有,0062
前鎮區,房地(土地+建物)+車位,高雄市前鎮區汕頭街７９號十一樓之１,38.76,住,,,1150525,土地1建物1車位1,十一層,十四層,住宅大樓(11層含以上有電梯),住家用,鋼筋混凝土造,0850326,176.64999999999998,3,2,2,有,有,12000000,67931,坡道平面,0.0,0,,RPTNMLPLNHLGFCE68DA,102.5,0.0,12.99,有,0063
小港區,土地,高鳳段1745地號,149.49,農,,,1150517,土地1建物0車位0,,,其他,,,,0.0,0,0,0,無,無,2260000,15118,,0.0,0,本件為持分間交易未登記建物；,RPQNMLTLNHLGFCE78DA,0.0,0.0,0.0,無,0064
小港區,土地,莊段639地號,219.72,住,,,1150513,土地15建物0車位0,,,其他,,,,0.0,0,0,0,無,無,15950400,72594,,0.0,0,,RPXNMLTLNHLGFCE86DA,0.0,0.0,0.0,無,0065
前鎮區,房地(土地+建物)+車位,高雄市前鎮區瑞華街４８號六樓,16.39,住,,,1150508,土地1建物1車位1,六層,十一層,住宅大樓(11層含以上有電梯),住家用,鋼筋混凝土造,0850708,92.01,2,2,1,有,有,6700000,72818,坡道平面,0.0,0,親友、員工、共有人或其他特殊關係間之交易；,RPVNMLNJOHLGFCE58DA,52.53,2.16,7.26,有,0066
前鎮區,房地(土地+建物)+車位,高雄市前鎮區三多三路１３７號十樓之２,7.8,商,,,1150506,土地1建物1車位1,十層,十九層,住宅大樓(11層含以上有電梯),住家用,鋼筋混凝土造,0840327,145.6,3,2,2,有,有,9680000,66484,坡道機械,0.0,0,,RPTOMLTJOHLGFCE09DA,89.44,1.37,7.92,有,0067
三民區,房地(土地+建物)+車位,高雄市三民區熱河三街４２號四樓,14.97,住,,,1150502,土地1建物1車位1,四層,十五層,住宅大樓(11層含以上有電梯),住家用,鋼筋混凝土,1141014,141.70999999999998,2,2,2,有,有,13700000,111563,坡道平面,35.94,1900000,,RPSOMLOJNHLGFDE48DA,58.82,0.0,8.45,有,
三民區,房地(土地+建物)+車位,高雄市三民區熱河三街３２號九樓,17.3,住,,,1150509,土地1建物1車位1,九層,十五層,住宅大樓(11層含以上有電梯),住家用,鋼筋混凝土,1141014,155.41,2,2,2,有,有,16170000,114153,坡道平面,33.03,2200000,,RPVPMLPKNHLGFDE09DA,62.22,0.0,15.61,有,
三民區,房地(土地+建物)+車位,高雄市三民區熱河三街３８號六樓,13.67,住,,,1150521,土地1建物1車位1,六層,十五層,住宅大樓(11層含以上有電梯),住家用,鋼筋混凝土,1141014,129.6,2,2,2,有,有,13050000,112354,坡道平面,33.03,2200000,,RPVNMLMLNHLGFDE68DA,50.94,0.0,10.5,有,
三民區,房地(土地+建物),高雄市三民區德勝街１７號二樓,11.23,住,,,1150504,土地1建物1車位0,二層,二十二層,住宅大樓(11層含以上有電梯),住家用,鋼筋混凝土,1131202,77.31,2,2,1,有,有,9560000,123658,,0.0,0,,RPROMLMKOHLGFDE38DA,44.27,0.0,4.82,有,
三民區,土地,中華段一小段1125地號,589.0,工,,,1150513,土地3建物0車位0,,,其他,,,,0.0,0,0,0,無,無,60000000,101868,,0.0,0,,RPSOMLSKOHLGFDE09DA,0.0,0.0,0.0,無,
三民區,房地(土地+建物),高雄市三民區春陽街５２之２號十三樓,7.46,商,,,1150521,土地1建物1車位0,十三層,十四層,住宅大樓(11層含以上有電梯),住家用,鋼筋混凝土造,0901122,82.69999999999999,2,2,1,有,有,6700000,81016,,0.0,0,,RPQNMLKLOHLGFDE08DA,52.13,0.0,7.1,有,
楠梓區,房地(土地+建物),高雄市楠梓區青埔街５０巷８０號,59.6,住,,,1150509,土地2建物1車位0,全,四層,透天厝,住商用,鋼筋混凝土造,0800511,186.72,5,2,3,有,有,12000000,64267,,0.0,0,頂樓加蓋；其他增建；,RPPNMLTJNHLGFEE68DA,170.0,0.0,16.72,無,
左營區,房地(土地+建物),高雄市左營區翠華路６０３號十四樓,23.59,住,,,1150508,土地1建物1車位0,十四層,十六層,住宅大樓(11層含以上有電梯),住家用,見使用執照,0880303,154.59,3,2,2,有,有,7500000,48515,,0.0,0,,RPVOMLTKNHLGFEE86DA,89.39,0.0,11.55,有,
左營區,房地(土地+建物),高雄市左營區自由三路５４８號,72.0,住,,,1150523,土地1建物1車位0,全,三層,透天厝,住商用,鋼筋混凝土造,0740604,165.15,4,4,5,有,無,18880000,114320,,0.0,0,陽台外推；頂樓加蓋；其他增建；,RPQNMLNLNHLGFEE38DA,159.47,0.0,5.68,無,0068
左營區,土地,新庄段五小段582地號,7.0,住,,,1150506,土地1建物0車位0,,,其他,,,,0.0,0,0,0,無,無,510003,72858,,0.0,0,地清或未辦繼承標售；,RPPOMLNJOHLGFEE28DA,0.0,0.0,0.0,無,
左營區,房地(土地+建物),高雄市左營區左營大路１３９巷２６之２號,47.0,住,,,1150513,土地1建物1車位0,全,四層,透天厝,住家用,鋼筋混凝土造,0840211,128.02,7,2,3,有,無,9550000,74598,,0.0,0,其他增建；,RPRNMLPJOHLGFEE58DA,104.79,7.36,15.87,無,
楠梓區,房地(土地+建物),高雄市楠梓區加仁路６８號六樓,21.26,住,,,1150514,土地1建物1車位0,六層,七層,華廈(10層含以下有電梯),住家用,鋼筋混凝土造,0810603,122.47999999999999,3,2,2,有,有,4800000,39190,,0.0,0,陽台外推；,RPUOMLQKOHLGFEE56DA,78.97,0.0,16.27,有,
左營區,房地(土地+建物)+車位,高雄市左營區光興街５８巷２０號十三樓,19.24,住,,,1150515,土地1建物1車位1,十三層,十七層,住宅大樓(11層含以上有電梯),住家用,鋼筋混凝土造,0830622,171.25,4,2,2,有,有,7440000,43445,一樓平面,0.0,0,賣清親友、員工、共有人或其他特殊關係間之交易；,RPVNMLRKOHLGFEE66DA,94.78,1.8,22.16,有,
楠梓區,房地(土地+建物),高雄市楠梓區清泰路１８１巷１弄１號五樓,24.45,住,,,1150508,土地1建物1車位0,五層,五層,公寓(5樓含以下無電梯),住家用,鋼筋混凝土造,0711109,76.92,3,1,4,有,無,2980000,38742,,0.0,0,其他增建；,RPSNMLSKOHLGFEE09DA,72.96,0.0,3.96,無,0069
楠梓區,房地(土地+建物)+車位,高雄市楠梓區德富街２８６巷１號,26.79,住,,,1150517,土地1建物1車位1,一層，夾層,十五層,住宅大樓(11層含以上有電梯),住家用,鋼筋混凝土,1080104,160.51999999999998,3,2,3,有,有,14150000,88151,坡道平面,25.78,0,夾層；,RPOOMLSKOHLGFEE78DA,84.51,0.0,4.02,有,0070
楠梓區,房地(土地+建物)+車位,高雄市楠梓區土庫二路１８８號九樓之７,15.54,住,,,1150514,土地2建物1車位1,九層,二十層,住宅大樓(11層含以上有電梯),住家用,鋼筋混凝土,1030626,150.22,3,2,2,有,有,10000000,66569,坡道平面,23.17,0,親友、員工、共有人或其他特殊關係間之交易；,RPTOMLNLOHLGFEE88DA,71.43,2.14,9.02,有,0071
岡山區,房地(土地+建物)+車位,高雄市岡山區公園西路三段８４巷２８號五樓之５,12.71,商,,,1150510,土地1建物1車位1,五層,十四層,住宅大樓(11層含以上有電梯),住家用,鋼筋混凝土造,1131120,102.16,2,2,2,有,有,8480000,83007,坡道機械,14.95,0,,RPRNMLSKNHLGFFE98DA,53.51,0.0,3.16,有,0072
橋頭區,房地(土地+建物)+車位,高雄市橋頭區橋都路８６號二十二樓之５,16.82,住,,,1150517,土地1建物1車位1,二十二層,二十二層,住宅大樓(11層含以上有電梯),住家用,鋼筋混凝土造,1100303,137.45999999999998,2,2,2,有,有,11000000,80023,坡道平面,27.89,0,,RPOPMLTKNHLGFFE98DA,62.35,0.0,7.48,有,0073
梓官區,土地,新興段40地號,1298.15,,一般農業區,農牧用地,1150502,土地1建物0車位0,,,其他,,,,0.0,0,0,0,無,無,1600000,1233,,0.0,0,,RPQPMLTKNHLGFFE56DA,0.0,0.0,0.0,無,0074
岡山區,房地(土地+建物),高雄市岡山區埔路５３號二樓,26.17,,鄉村區,乙種建築用地,1150530,土地1建物1車位0,二層,五層,華廈(10層含以下有電梯),住家用,鋼筋混凝土造,1150119,80.83,3,2,2,有,有,6980000,86354,,0.0,0,,RPQQMLMKOHLGFFE68DA,57.44,0.0,6.35,有,
岡山區,房地(土地+建物),高雄市岡山區育英路１１２號一樓,15.82,住,,,1150513,土地1建物1車位0,一層,五層,公寓(5樓含以下無電梯),住家用,鋼筋混凝土造,0760331,57.26,3,2,2,有,無,5080000,88718,,0.0,0,親友、員工、共有人或其他特殊關係間之交易；,RPQNMLSKOHLGFFE98DA,57.26,0.0,0.0,無,
橋頭區,土地,三仙段131-1地號,107.36,,鄉村區,乙種建築用地,1150524,土地1建物0車位0,,,其他,,,,0.0,0,0,0,無,無,2750000,25615,,0.0,0,親友、員工、共有人或其他特殊關係間之交易；,RPXNMLSKOHLGFFE07DA,0.0,0.0,0.0,無,
橋頭區,房地(土地+建物),高雄市橋頭區甲昌路２８９號,75.88,,鄉村區,乙種建築用地,1150508,土地1建物1車位0,全,四層,透天厝,住商用,鋼筋混凝土造,0930517,178.41,4,2,4,有,無,18000000,100891,,0.0,0,,RPPNMLMLOHLGFFE38DA,154.73,1.68,22.0,無,0075
鳳山區,房地(土地+建物)+車位,高雄市鳳山區中山東路１９２巷１９２號十樓,15.74,住,,,1150517,土地1建物1車位1,十層,十五層,住宅大樓(11層含以上有電梯),住家用,鋼筋混凝土,1150302,100.66,2,2,1,有,有,9400000,97244,坡道平面,23.02,1850000,,RPTNMLLJOHLGFGE58DA,43.58,0.0,5.21,有,
鳳山區,房地(土地+建物)+車位,高雄市鳳山區瑞順街１２６號四樓,22.25,住,,,1150508,土地1建物1車位1,四層,十四層,住宅大樓(11層含以上有電梯),住家用,鋼筋混凝土,1121121,160.41000000000003,3,2,2,有,有,14900000,97916,坡道平面,25.09,1650000,,RPSNMLSJOHLGFGE56DA,73.21,0.0,12.3,有,
鳳山區,房地(土地+建物)+車位,高雄市鳳山區中山東路１９２巷２０２號十一樓,26.84,住,,,1150510,土地1建物1車位1,十一層,十五層,住宅大樓(11層含以上有電梯),住家用,鋼筋混凝土,1150302,153.1,3,2,2,有,有,13850000,89945,坡道平面,23.02,2150000,,RPTOMLSJOHLGFGE76DA,70.3,0.0,12.66,有,
鳳山區,房地(土地+建物)+車位,高雄市鳳山區中山東路１９２巷１９８號十樓,26.48,住,,,1150503,土地1建物1車位1,十層,十五層,住宅大樓(11層含以上有電梯),住家用,鋼筋混凝土,1150302,152.74,3,2,2,有,有,14100000,92892,坡道平面,23.02,2050000,,RPUOMLSJOHLGFGE86DA,71.18,0.0,10.23,有,
鳳山區,房地(土地+建物),高雄市鳳山區頂新一街１０５號二樓,9.24,商,,,1150509,土地1建物1車位0,二層,十五層,住宅大樓(11層含以上有電梯),住家用,鋼筋混凝土,1141008,75.71000000000001,2,2,1,有,有,6150000,81231,,0.0,0,,RPQOMLTJOHLGFGE56DA,44.94,0.0,4.67,有,
鳳山區,房地(土地+建物)+車位,高雄市鳳山區頂新一街１０５號十三樓,9.24,商,,,1150514,土地1建物1車位1,十三層,十五層,住宅大樓(11層含以上有電梯),住家用,鋼筋混凝土,1141008,114.85,2,2,1,有,有,9080000,97477,坡道平面,39.14,1700000,,RPROMLTJOHLGFGE66DA,44.94,0.0,4.67,有,
鳳山區,房地(土地+建物),高雄市鳳山區中崙二路５７８巷２８號三樓,39.06,住,,,1150501,土地1建物1車位0,三層,七層,華廈(10層含以下有電梯),住家用,鋼筋混凝土造,0850124,123.38999999999999,3,2,2,有,有,7000000,56726,,0.0,0,,RPTNMLKKOHLGFGE58DA,82.76,0.0,8.95,有,
鳳山區,房地(土地+建物)+車位,高雄市鳳山區王生明路８５巷４３號三樓,19.07,住,,,1150527,土地1建物1車位1,三層,七層,華廈(10層含以下有電梯),住家用,鋼筋混凝土造,0830606,98.11,2,1,1,有,有,3800000,38732,坡道平面,0.0,0,親友、員工、共有人或其他特殊關係間之交易；,RPOOMLPKOHLGFGE68DA,51.45,0.0,11.33,有,
鳳山區,房地(土地+建物),高雄市鳳山區大德街６０之２號,30.4,住,,,1150520,土地1建物1車位0,四層,五層,公寓(5樓含以下無電梯),住家用,鋼筋混凝土造,0721228,96.59,3,2,2,有,無,4500000,46589,,0.0,0,,RPPNMLRKOHLGFGE88DA,96.59,0.0,0.0,無,
大樹區,房地(土地+建物),高雄市大樹區新生街１０４號,78.67,住,,,1150525,土地1建物1車位0,全,二層,透天厝,住商用,加強磚造,0671022,97.6,6,3,2,有,無,3200000,32787,,0.0,0,未登記建物；,RPVNMLSKOHLGFGE96DA,97.6,0.0,0.0,無,
仁武區,房地(土地+建物)+車位,高雄市仁武區京吉五路２３號十五樓,26.99,商,,,1150505,土地1建物1車位1,十五層,十八層,住宅大樓(11層含以上有電梯),住家用,鋼筋混凝土,1090624,201.79000000000002,3,2,2,有,有,15800000,78299,坡道平面,33.71,0,,RPPSMLPJNHLGFIE56DA,93.9,0.0,12.97,有,0076
仁武區,房地(土地+建物)+車位,高雄市仁武區赤德街１０６號十三樓,29.93,住,,,1150515,土地1建物1車位1,十三層,二十八層,住宅大樓(11層含以上有電梯),住家用,鋼筋混凝土,1140801,168.18,3,2,2,有,有,16780000,95764,坡道平面,17.81,2380000,,RPVNMLOJOHLGFIE66DA,76.44,4.94,13.77,有,
仁武區,房地(土地+建物)+車位,高雄市仁武區赤德街１０６號十六樓,40.38,住,,,1150505,土地1建物1車位1,十六層,二十八層,住宅大樓(11層含以上有電梯),住家用,鋼筋混凝土,1140801,220.95999999999998,3,2,2,有,有,21680000,95742,坡道平面,17.81,2230000,,RPWNMLOJOHLGFIE76DA,99.48,9.45,19.58,有,
仁武區,房地(土地+建物)+車位,高雄市仁武區赤德街９０號九樓,16.01,住,,,1150511,土地1建物1車位1,九層,二十八層,住宅大樓(11層含以上有電梯),住家用,鋼筋混凝土,1140801,100.01,2,2,1,有,有,10310000,100487,坡道平面,17.81,2050000,,RPWNMLMKOHLGFIE66DA,43.25,4.71,4.03,有,
鳥松區,房地(土地+建物)+車位,高雄市鳥松區育成三街５８號四樓之２,38.71,住,,,1150523,土地1建物1車位1,四層,九層,華廈(10層含以下有電梯),住家用,鋼筋混凝土造,1150206,182.66,3,2,2,有,有,20980000,115113,坡道平面,19.95,2250000,實品屋含裝潢費；,RPUNMLPKOHLGFIE76DA,80.4,0.0,23.74,有,
仁武區,房地(土地+建物)+車位,高雄市仁武區赤德街９８號四樓,26.45,住,,,1150513,土地1建物1車位1,四層,二十八層,住宅大樓(11層含以上有電梯),住家用,鋼筋混凝土,1140801,153.71,3,2,2,有,有,13060000,81383,坡道平面,17.81,2000000,,RPWNMLQKOHLGFIE07DA,70.43,5.91,9.56,有,
仁武區,房地(土地+建物),高雄市仁武區名山六街１３６號,91.5,住,,,1150529,土地1建物1車位0,全,五層,透天厝,住家用,鋼筋混凝土,1141117,316.28,5,2,7,有,無,30000000,94853,,0.0,0,,RPOOMLRKOHLGFIE09DA,286.63,0.0,29.65,有,
仁武區,土地,竹園段886-2地號,44.0,都市：其他:道路用地,,,1150520,土地4建物0車位0,,,其他,,,,0.0,0,0,0,無,無,132000,3000,,0.0,0,親友、員工、共有人或其他特殊關係間之交易；包含公共設施保留地用地；,RPUNMLSKOHLGFIE07DA,0.0,0.0,0.0,無,
茄萣區,土地,成功段269地號,67.81,住,,,1150525,土地2建物0車位0,,,其他,,,,0.0,0,0,0,無,無,2500000,36868,,0.0,0,其他增建；未登記建物；包含公共設施保留地用地；,RPRNMLSJOHLGFJE76DA,0.0,0.0,0.0,無,
路竹區,土地,大同段431地號,44.67,工,,,1150526,土地1建物0車位0,,,其他,,,,0.0,0,0,0,無,無,590000,13208,,0.0,0,親友、員工、共有人或其他特殊關係間之交易；,RPQNMLSKOHLGFJE76DA,0.0,0.0,0.0,無,
阿蓮區,房地(土地+建物),高雄市阿蓮區民權路９２巷４８弄５號,70.8,住,,,1150515,土地1建物1車位0,全,二層,透天厝,住家用,加強磚造,0660511,76.9,4,2,2,有,無,3900000,50715,,0.0,0,親友、員工、共有人或其他特殊關係間之交易；,RPPNMLNLOHLGFJE88DA,76.9,0.0,0.0,無,0077
大寮區,房地(土地+建物),高雄市大寮區新厝路５５號十二樓,14.39,住,,,1150522,土地1建物1車位0,十二層,十二層,住宅大樓(11層含以上有電梯),住家用,鋼筋混凝土造,0840710,108.41,3,2,2,有,有,3600000,33207,,0.0,0,,RPTWMLLJOHLGFLE37DA,77.09,0.0,11.91,有,0078
阿蓮區,房地(土地+建物),高雄市阿蓮區玄中路３２１巷７號,117.51,,鄉村區,乙種建築用地,1150527,土地3建物1車位0,全,二層,透天厝,住商用,加強磚造,0711017,76.94,3,2,2,有,無,3500000,45490,,0.0,0,,RPQNMLNLOHLGFJE09EA,76.94,0.0,0.0,無,
鼓山區,房地(土地+建物)+車位,高雄市鼓山區鼓山三路１２６號六樓,25.25,住,,,1150530,土地1建物1車位1,六層,十三層,住宅大樓(11層含以上有電梯),住家用,鋼筋混凝土,1150319,170.25,3,2,2,有,有,19000000,122859,坡道平面,31.88,2000000,,RPQNMLSKOHLGFAE48DA,72.28,0.0,16.96,有,
前金區,房地(土地+建物),高雄市前金區中華三路２３４號１０樓之８,2.37,商,,,1150521,土地1建物1車位0,十層,十二層,住宅大樓(11層含以上有電梯),住家用,鋼筋混凝土造,0720223,24.65,1,1,1,有,有,1900000,77079,,0.0,0,,RPUNMLSKOHLGFAE88DA,19.83,0.0,0.0,有,0079
鼓山區,房地(土地+建物),高雄市鼓山區捷興二街３７號四樓之１,20.8,都市：其他:第四種商業區,,,1150525,土地3建物1車位0,四層,五層,公寓(5樓含以下無電梯),住家用,鋼筋混凝土造,0681204,89.13,3,2,2,有,無,3260000,36576,,0.0,0,陽台未保登,RPOOMLMLOHLGFAE87DA,89.13,0.0,0.0,無,
苓雅區,房地(土地+建物),高雄市苓雅區光華一路２４１號十一樓之１,13.16,商,,,1150518,土地1建物1車位0,十一層,十二層,住宅大樓(11層含以上有電梯),住家用,鋼筋混凝土造,0690514,147.69,3,2,2,有,有,7600000,51459,,0.0,0,,RPRNMLMLNHLGFBE08DA,103.5,0.0,10.52,有,
苓雅區,房地(土地+建物),高雄市苓雅區漢昌街５８巷１４號,50.0,住,,,1150522,土地1建物1車位0,全,三層,透天厝,住商用,加強磚造,0600830,102.83,3,2,3,有,無,7800000,75853,,0.0,0,其他增建；,RPRNMLPLNHLGFBE38DA,102.83,0.0,0.0,無,0080
苓雅區,房地(土地+建物),高雄市苓雅區七賢一路６１號九樓,4.48,商,,,1150503,土地1建物1車位0,九層,十五層,住宅大樓(11層含以上有電梯),住家用,鋼筋混凝土,1141215,60.230000000000004,2,2,2,有,有,7950000,131994,,0.0,0,,RPWNMLRLNHLGFBE09DA,36.57,0.0,4.46,有,
苓雅區,房地(土地+建物),高雄市苓雅區大順三路２８２巷２７０號三樓之２,21.15,住,,,1150518,土地1建物1車位0,三層,五層,公寓(5樓含以下無電梯),住家用,鋼筋混凝土造,0681119,63.63,3,2,2,有,無,3330000,52334,,0.0,0,,RPRNMLLKOHLGFBE97DA,63.63,0.0,0.0,無,0081
苓雅區,房地(土地+建物),高雄市苓雅區武廟路１４６巷５號三樓,31.6,住,,,1150508,土地1建物1車位0,三層,五層,公寓(5樓含以下無電梯),住家用,鋼筋混凝土造,0750408,103.83,3,2,2,有,無,4800000,46229,,0.0,0,本次買賣移轉費用規費、印花稅、代書費、實價登錄、簽約等由買方負擔。,RPVNMLMLOHLGFBE58DA,92.64,0.0,11.19,無,
前鎮區,房地(土地+建物)+車位,高雄市前鎮區永豐路１８５號十三樓,15.5,住,,,1150501,土地2建物1車位1,十三層,十五層,住宅大樓(11層含以上有電梯),住家用,鋼筋混凝土造,1061211,156.60000000000002,3,2,2,有,有,15000000,95785,坡道平面,27.2,0,含傢俱設備費；,RPSNMLLLNHLGFCE18DA,70.92,2.89,9.14,有,0082
小港區,房地(土地+建物)+車位,高雄市小港區漢民路１２號十樓,20.46,住,,,1150504,土地1建物1車位1,十層,十五層,住宅大樓(11層含以上有電梯),住家用,鋼筋混凝土造,1041103,205.69,3,2,2,有,有,13800000,67091,坡道平面,20.51,0,,RPQNMLPLNHLGFCE38DA,101.58,0.0,16.73,有,0083
前鎮區,房地(土地+建物)+車位,高雄市前鎮區和平二路１２５之１號十樓,25.26,住,,,1150516,土地1建物1車位2,十層,十五層,住宅大樓(11層含以上有電梯),住家用,鋼筋混凝土造,1131011,246.52,3,2,2,有,有,29000000,120936,坡道平面,42.28,4300000,,RPSNMLLKOHLGFCE18DA,114.88,0.0,16.2,有,
小港區,房地(土地+建物),高雄市小港區桂陽路２０９巷７弄５４號四樓,17.33,住,,,1150522,土地1建物1車位0,四層,十二層,住宅大樓(11層含以上有電梯),住家用,鋼筋混凝土造,0810731,106.39,3,2,2,有,有,5000000,46997,,0.0,0,有滲漏水、壁癌、折價,RPVNMLQKOHLGFCE98DA,73.51,0.0,9.64,有,
前鎮區,房地(土地+建物),高雄市前鎮區瑞興街１９１號,78.0,住,,,1150529,土地1建物1車位0,全,五層,透天厝,住商用,鋼筋混凝土造,0820803,282.51,5,2,5,有,無,15880000,56210,,0.0,0,,RPTNMLSKOHLGFCE98DA,268.43,3.52,10.56,無,
三民區,房地(土地+建物),高雄市三民區延吉街３巷４７之２號,24.61,住,,,1150514,土地1建物1車位0,三層,五層,公寓(5樓含以下無電梯),住家用,鋼筋混凝土造,0671216,54.9,3,2,1,有,無,3030000,55191,,0.0,0,陽台搭鐵架其他增建；,RPPNMLKLOHLGFDE97DA,54.9,0.0,0.0,無,
三民區,房地(土地+建物),高雄市三民區延吉街１巷６６號,24.61,住,,,1150511,土地1建物1車位0,一層,五層,公寓(5樓含以下無電梯),住家用,鋼筋混凝土造,0671216,54.9,2,1,1,有,有,2640000,48087,,0.0,0,親友、員工、共有人或其他特殊關係間之交易；,RPOOMLMLOHLGFDE18DA,54.9,0.0,0.0,無,
三民區,房地(土地+建物),高雄市三民區九如一路８７５之２號,21.87,住,,,1150507,土地1建物1車位0,三層,七層,華廈(10層含以下有電梯),住家用,鋼筋混凝土造,0671216,70.91,2,1,1,有,有,4500000,63461,,0.0,0,親友、員工、共有人或其他特殊關係間之交易；,RPPOMLMLOHLGFDE28DA,70.91,0.0,0.0,有,
左營區,房地(土地+建物)+車位,高雄市左營區孟子路１６０號九樓之２,14.51,住,,,1150503,土地1建物1車位1,九層,十五層,住宅大樓(11層含以上有電梯),住家用,鋼筋混凝土造,0941006,106.46000000000001,3,2,1,有,有,10660000,100132,坡道機械,8.11,0,,RPOOMLQJNHLGFEE38DA,56.54,3.85,4.95,有,0084
楠梓區,房地(土地+建物)+車位,高雄市楠梓區藍昌路２６７號三樓,13.32,住,,,1150503,土地1建物1車位1,三層,十五層,住宅大樓(11層含以上有電梯),住家用,鋼筋混凝土,1070130,92.37,2,2,1,有,有,6000000,64956,坡道機械,5.98,0,親友、員工、共有人或其他特殊關係間之交易；,RPOPMLQLNHLGFEE68DA,47.25,3.69,5.4,有,0085
楠梓區,房地(土地+建物)+車位,高雄市楠梓區惠春街１５５號六樓,20.36,住,,,1150517,土地1建物1車位1,六層,十二層,住宅大樓(11層含以上有電梯),住家用,見使用執照,0900222,159.67000000000002,4,2,2,有,有,9600000,60124,坡道平面,22.0,0,,RPUOMLRLNHLGFEE66DA,91.33,1.74,9.85,有,
左營區,房地(土地+建物),高雄市左營區自由三路５４０巷１３號,68.0,住,,,1150522,土地3建物1車位0,全,二層,透天厝,住家用,鋼筋混凝土造,0751113,106.76,6,2,3,有,無,12100000,113338,,0.0,0,本標的物現況目前有壁癌之屋況問題，買方同意自行修復並負擔修繕所需費用，賣方已折讓價金，依現況點交給買方，賣方不負民法規範滲漏水瑕疵保固之責任。含傢俱設備費；其他增建；,RPVPMLRLNHLGFEE86DA,96.12,0.0,10.64,無,
楠梓區,房地(土地+建物),高雄市楠梓區榮新街１５號四樓,18.45,住,,,1150530,土地1建物1車位0,四層,十五層,住宅大樓(11層含以上有電梯),住家用,鋼筋混凝土造,0970917,122.72999999999999,3,2,2,有,有,8700000,70887,,0.0,0,含傢俱設備費；,RPSQMLMJOHLGFEE68DA,74.96,2.63,4.74,有,
楠梓區,房地(土地+建物),高雄市楠梓區德民路５８３號四樓之２,18.57,住,,,1150520,土地1建物1車位0,四層,五層,公寓(5樓含以下無電梯),住家用,鋼筋混凝土造,0720813,45.660000000000004,3,2,2,有,無,1750000,38327,,0.0,0,親友、員工、共有人或其他特殊關係間之交易；,RPQNMLLKOHLGFEE18DA,39.38,0.0,3.51,無,0086
楠梓區,房地(土地+建物)+車位,高雄市楠梓區寶溪北街２２１號四樓,22.07,住,,,1150503,土地1建物1車位1,四層,十五層,住宅大樓(11層含以上有電梯),住家用,鋼筋混凝土,1140514,142.07,3,2,2,有,有,14000000,100116,坡道平面,21.21,1900000,,RPXOMLMKOHLGFEE09DA,63.29,0.0,13.08,有,
左營區,房地(土地+建物),高雄市左營區天祥二路１１１巷２號十樓,20.08,住,,,1150528,土地1建物1車位0,十層,十四層,住宅大樓(11層含以上有電梯),住家用,鋼筋混凝土造,0820702,127.6,3,2,2,有,有,8200000,64263,,0.0,0,親友、員工、共有人或其他特殊關係間之交易；,RPQOMLSKOHLGFEE98DA,89.79,2.54,8.16,有,0087
左營區,房地(土地+建物)+車位,高雄市左營區大中二路５２９號十五樓,10.91,住,,,1150510,土地1建物1車位1,十五層,十五層,住宅大樓(11層含以上有電梯),住家用,鋼筋混凝土,1111216,134.03,2,2,2,有,有,14680000,109528,坡道平面,37.93,0,,RPVOMLSKOHLGFEE86DA,52.74,4.78,4.44,有,0088
楠梓區,房地(土地+建物),高雄市楠梓區後勁南路２２９號,18.95,住,,,1150525,土地1建物1車位0,一層，二層，騎樓,五層,公寓(5樓含以下無電梯),住商用,鋼筋混凝土造,0711020,59.86,2,2,2,有,無,4200000,70164,,0.0,0,親友、員工、共有人或其他特殊關係間之交易；,RPUNMLNLOHLGFEE88DA,59.86,0.0,0.0,無,
岡山區,房地(土地+建物)+車位,高雄市岡山區公園西路三段８４巷２７號六樓,21.19,商,,,1150503,土地1建物1車位1,六層,十三層,住宅大樓(11層含以上有電梯),住家用,鋼筋混凝土造,0830820,144.67000000000002,3,2,2,有,有,7800000,53916,坡道機械,0.0,0,陽台其他增建；,RPVNMLOJOHLGFFE98DA,98.76,0.0,12.6,有,0089
燕巢區,房地(土地+建物)+車位,高雄市燕巢區滾水路３１７號三樓,21.11,住,,,1150517,土地1建物1車位1,三層,十三層,住宅大樓(11層含以上有電梯),住家用,鋼筋混凝土造,1140923,100.05000000000001,2,2,2,有,有,10600000,104626,坡道機械,9.25,1100000,,RPSNMLLKOHLGFFE48DA,54.32,0.0,4.45,有,
橋頭區,土地,德松段134地號,23.21,都市：其他:道路用地,,,1150519,土地1建物0車位0,,,其他,,,,0.0,0,0,0,無,無,490000,21112,,0.0,0,包含公共設施保留地用地；,RPPOMLQKOHLGFFE78DA,0.0,0.0,0.0,無,
梓官區,土地,赤崁新段1256地號,585.14,,一般農業區,農牧用地,1150515,土地1建物0車位0,,,其他,,,,0.0,0,0,0,無,無,3016420,5155,,0.0,0,,RPQNMLMLOHLGFFE48DA,0.0,0.0,0.0,無,0090
橋頭區,房地(土地+建物)+車位,高雄市橋頭區芋寮路２０號三樓之１,23.74,,鄉村區,乙種建築用地,1150502,土地4建物1車位1,三層,七層,華廈(10層含以下有電梯),住家用,鋼筋混凝土造,1140703,82.89,2,2,2,有,有,8200000,94466,其他,8.26,1150000,,RPSOMLMLOHLGFFE78DA,52.66,0.0,3.85,有,
岡山區,房地(土地+建物),高雄市岡山區台上一路５１巷２９號,80.0,住,,,1150518,土地1建物1車位0,全,二層,透天厝,住商用,加強磚造,0741226,91.06,3,2,2,有,無,6600000,72480,,0.0,0,壹樓空地其他增建；,RPOOMLNLOHLGFFE48DA,91.06,0.0,0.0,無,
岡山區,房地(土地+建物)+車位,高雄市岡山區鵬程路６５號五樓之３,12.61,住,,,1150523,土地1建物1車位1,五層,十四層,住宅大樓(11層含以上有電梯),住家用,鋼筋混凝土造,1140428,92.89,2,2,2,有,有,9080000,97750,坡道機械,11.5,0,,RPROMLNLOHLGFFE78DA,45.92,0.0,6.95,有,0091
鳳山區,房地(土地+建物)+車位,高雄市鳳山區永和街１１１號十四樓,11.59,住,,,1150519,土地1建物1車位1,十四層,十四層,住宅大樓(11層含以上有電梯),住家用,鋼筋混凝土造,0880430,133.21,3,2,2,有,有,8700000,65310,坡道平面,21.63,0,陽台外推；,RPUNMLKLNHLGFGE68DA,72.5,0.0,10.98,有,
鳳山區,房地(土地+建物)+車位,高雄市鳳山區頂新一街１０７號十樓,12.32,商,,,1150506,土地1建物1車位1,十層,十五層,住宅大樓(11層含以上有電梯),住家用,鋼筋混凝土,1141008,139.73000000000002,2,2,2,有,有,11400000,96431,坡道平面,39.14,1700000,,RPPOMLTJOHLGFGE09DA,59.18,0.0,6.71,有,
鳳山區,房地(土地+建物),高雄市鳳山區新康街１４５號十一樓,32.58,住,,,1150528,土地1建物1車位0,十一層，十二層,十二層,住宅大樓(11層含以上有電梯),住家用,鋼筋混凝土造,0870710,217.87,5,3,3,有,有,12500000,57374,,0.0,0,,RPPNMLMKOHLGFGE38DA,156.5,0.0,22.25,有,
鳳山區,房地(土地+建物)+車位,高雄市鳳山區鳳南一路８１號九樓,32.1,住,,,1150510,土地1建物1車位1,九層,十五層,住宅大樓(11層含以上有電梯),住家用,鋼筋混凝土,1120703,166.88,3,2,2,有,有,16200000,94122,坡道平面,19.73,2350000,,RPQOMLMKOHLGFGE58DA,77.22,0.0,16.18,有,
鳳山區,房地(土地+建物)+車位,高雄市鳳山區鳳東七街７９號五樓,21.66,住,,,1150512,土地1建物1車位1,五層,十四層,住宅大樓(11層含以上有電梯),住家用,鋼筋混凝土,1140124,126.35,2,2,2,有,有,12120000,98504,坡道平面,23.41,1980000,,RPQOMLRKOHLGFGE09DA,61.5,0.0,4.38,有,
鳳山區,房地(土地+建物)+車位,高雄市鳳山區八德路３７６號十二樓,15.57,商,,,1150504,土地1建物1車位1,十二層,十五層,住宅大樓(11層含以上有電梯),住家用,鋼筋混凝土,1010901,171.99,3,2,2,有,有,17500000,101750,坡道平面,20.45,0,,RPTOMLSKOHLGFGE86DA,83.35,0.36,13.96,有,
鳳山區,房地(土地+建物),高雄市鳳山區頂新五街５６號三樓,8.09,商,,,1150517,土地1建物1車位0,三層,十五層,住宅大樓(11層含以上有電梯),住家用,鋼筋混凝土,1050204,99.50999999999999,2,1,1,有,有,7100000,71350,,0.0,0,,RPWNMLMLOHLGFGE56DA,51.96,1.87,10.88,有,0092
鳳山區,房地(土地+建物),高雄市鳳山區漁南街４８之３號,26.0,住,,,1150503,土地1建物1車位0,四層,四層,公寓(5樓含以下無電梯),住家用,鋼筋混凝土造,0700326,91.61000000000001,3,2,2,有,無,3300000,36022,,0.0,0,鐵鋁窗增建其他增建；,RPPOMLMLOHLGFGE58DA,78.09,0.0,6.7,無,
仁武區,房地(土地+建物)+車位,高雄市仁武區京中四街２５８號八樓,20.14,住,,,1150522,土地1建物1車位1,八層,十四層,住宅大樓(11層含以上有電梯),住家用,鋼筋混凝土造,1130115,109.11000000000001,2,1,2,有,有,9000000,82486,坡道平面,26.75,0,,RPPNMLNLNHLGFIE68DA,49.39,0.0,4.2,有,0093
仁武區,房地(土地+建物),高雄市仁武區新龍街１８號,78.0,住,,,1150517,土地1建物1車位0,全,三層,透天厝,其他,鋼筋混凝土造,0900426,176.6,4,2,3,有,無,12800000,72480,,0.0,0,陽台外推；頂樓加蓋；其他增建；,RPRNMLOJOHLGFIE88DA,157.8,7.7,11.1,無,0094
阿蓮區,房地(土地+建物),高雄市阿蓮區峰園路６８巷９弄１號,43.18,,一般農業區,甲種建築用地,1150531,土地1建物1車位0,全,一層,透天厝,住家用,磚造,0580110,34.78,3,2,2,有,無,3960000,113859,,0.0,0,含傢俱設備費；頂樓加蓋；其他增建；,RPQNMLLJOHLGFJE58DA,34.78,0.0,0.0,無,
阿蓮區,房地(土地+建物)+車位,高雄市阿蓮區和平路２８號七樓,44.2,住,,,1150519,土地2建物1車位1,七層,八層,華廈(10層含以下有電梯),住家用,鋼筋混凝土造,1150126,142.87,3,2,2,有,有,10950000,83086,一樓平面,28.17,1420000,,RPPNMLMJOHLGFJE58DA,77.53,0.0,7.83,有,
林園區,房地(土地+建物),高雄市林園區海墘路６１巷２９弄１號,98.0,住,,,1150507,土地1建物1車位0,全,三層,透天厝,住商用,鋼筋混凝土造,0810829,154.2,4,2,3,有,無,5300000,34371,,0.0,0,頂樓加蓋；其他增建；,RPSNMLRJNHLGFLE86DA,136.2,6.0,12.0,無,
林園區,房地(土地+建物),高雄市林園區港埔三路１１２巷５７號,137.0,住,,,1150520,土地2建物1車位0,全,三層,透天厝,住商用,鋼筋混凝土造,0820310,291.52,2,3,3,有,無,7500000,25727,,0.0,0,,RPQOMLTJOHLGFLE07DA,274.66,0.0,16.86,無,
大寮區,房地(土地+建物),高雄市大寮區上寮路１０９號四樓之３,26.3,住,,,1150511,土地1建物1車位0,四層,五層,華廈(10層含以下有電梯),住家用,鋼筋混凝土造,1140421,74.72999999999999,2,2,2,有,有,5700000,76275,,0.0,0,,RPPNMLPKOHLGFLE56DA,51.71,0.0,4.3,有,
大寮區,房地(土地+建物),高雄市大寮區周廣街６１巷８號四樓之５,26.13,住,,,1150503,土地1建物1車位0,四層,五層,華廈(10層含以下有電梯),住家用,鋼筋混凝土造,1140603,72.73,2,2,2,有,有,5580000,76722,,0.0,0,,RPVNMLRKOHLGFLE37DA,51.84,0.0,5.41,有,0095
林園區,房地(土地+建物),高雄市林園區東林西路３１號六樓,13.76,商,,,1150503,土地1建物1車位0,六層,九層,華廈(10層含以下有電梯),住家用,鋼筋混凝土造,0850110,129.09,4,2,2,有,有,4420000,34240,,0.0,0,,RPPNMLTKOHLGFLE96DA,93.88,0.9,3.83,有,
旗津區,土地,旗汕段1021-8地號,75.81,住,,,1150528,土地4建物0車位0,,,其他,,,,0.0,0,0,0,無,無,940212,12402,,0.0,0,親友、員工、共有人或其他特殊關係間之交易；未登記建物；,RPPNMLMLOHLGFAE97EA,0.0,0.0,0.0,無,
新興區,房地(土地+建物),高雄市新興區球庭路５號,21.75,都市：其他:第二種特定商業專用區,,,1150513,土地1建物1車位0,一層，騎樓,四層,公寓(5樓含以下無電梯),住家用,鋼筋混凝土造,0650804,43.62,1,2,2,有,無,5500000,126089,,0.0,0,,RPPNMLNLOHLGFBE18EA,43.62,0.0,0.0,無,
鳳山區,房地(土地+建物),高雄市鳳山區漢慶街１３４號,38.5,住,,,1150526,土地1建物1車位0,全,二層,透天厝,住商用,加強磚造,0620921,47.22,4,1,3,有,無,2000000,42355,,0.0,0,親友、員工、共有人或其他特殊關係間之交易；頂樓加蓋；,RPPNMLQKOHLGFGE88EA,47.22,0.0,0.0,無,
仁武區,房地(土地+建物),高雄市仁武區永新七街９１巷１０號,60.09,住,,,1150531,土地2建物1車位0,全,四層,透天厝,住家用,鋼筋混凝土造,0870330,58.2,4,2,4,有,無,6880000,118213,,0.0,0,其他增建；,RPPNMLOLOHLGFIE98EA,58.2,0.0,0.0,無,
路竹區,土地,環球段280地號,3262.34,,一般農業區,農牧用地,1150505,土地2建物0車位0,,,其他,,,,0.0,0,0,0,無,無,21100000,6468,,0.0,0,親友、員工、共有人或其他特殊關係間之交易；,RPPNMLNLOHLGFJE98EA,0.0,0.0,0.0,無,0096
前金區,房地(土地+建物),高雄市前金區七賢二路２８２號十二樓之１,5.9,商,,,1150504,土地1建物1車位0,十二層,十五層,住宅大樓(11層含以上有電梯),住家用,鋼筋混凝土造,1010926,87.26,2,2,1,有,有,8500000,97410,,0.0,0,含傢俱設備費；,RPWNMLQJNHLGFAE68DA,52.35,2.91,3.37,有,0097
鼓山區,房地(土地+建物)+車位,高雄市鼓山區美術東四路６９６號八樓之８,10.13,住,,,1150508,土地1建物1車位1,八層,二十四層,住宅大樓(11層含以上有電梯),住家用,鋼筋混凝土,1120920,126.55,1,1,2,有,有,13550000,107072,坡道平面,21.33,0,含傢俱設備費；,RPRNMLQLNHLGFAE38DA,54.33,0.0,12.56,有,0098
鹽埕區,房地(土地+建物),高雄市鹽埕區府北路２０號５樓之２,2.71,商,,,1150515,土地1建物1車位0,五層,十二層,住宅大樓(11層含以上有電梯),住家用,鋼筋混凝土造,0691117,30.060000000000002,1,1,1,有,有,1550000,51564,,0.0,0,,RPTNMLSKOHLGFAE78DA,25.12,0.0,0.0,有,
苓雅區,房地(土地+建物),高雄市苓雅區開封路１０４巷１之２號,37.0,商,,,1150522,土地1建物1車位0,全,四層,透天厝,住家用,鋼筋混凝土加強磚造,0601108,113.86,4,2,2,有,無,6000000,52696,,0.0,0,,RPTNMLRLNHLGFBE78DA,113.86,0.0,0.0,無,0099
苓雅區,房地(土地+建物)+車位,高雄市苓雅區中華四路１８１號十三樓之７,5.48,商,,,1150515,土地1建物1車位1,十三層,十五層,住宅大樓(11層含以上有電梯),住家用,鋼筋混凝土,1121002,95.22999999999999,1,2,1,有,有,12000000,140807,坡道機械,22.08,1700000,,RPWNMLMKOHLGFBE58DA,41.45,0.0,4.63,有,
苓雅區,房地(土地+建物),高雄市苓雅區和平一路２９５號十樓之６,4.93,商,,,1150504,土地1建物1車位0,十層,十五層,住宅大樓(11層含以上有電梯),住家用,鋼筋混凝土造,1061110,69.71,2,1,1,有,有,7510000,107732,,0.0,0,,RPUNMLSKOHLGFBE98DA,41.21,0.68,3.66,有,0100
苓雅區,房地(土地+建物),高雄市苓雅區興中一路２０８號五樓之３,25.59,住,,,1150513,土地1建物1車位0,五層,七層,華廈(10層含以下有電梯),住家用,鋼筋混凝土造,0720131,129.29,3,2,2,有,有,8000000,61876,,0.0,0,,RPSOMLMLOHLGFBE38DA,110.25,0.0,2.7,有,
苓雅區,房地(土地+建物),高雄市苓雅區建國一路７２巷１９弄２１之１號,25.09,住,,,1150511,土地1建物1車位0,二層,五層,公寓(5樓含以下無電梯),,鋼筋混凝土造,0680908,75.17,3,2,2,有,無,4000000,53213,,0.0,0,陽台外推；,RPUOMLMLOHLGFBE58DA,70.36,4.81,0.0,無,
小港區,房地(土地+建物)+車位,高雄市小港區宏平路６６８號八樓之５,12.8,住,,,1150506,土地1建物1車位1,八層,十五層,住宅大樓(11層含以上有電梯),住家用,鋼筋混凝土,1140421,142.68,3,2,2,有,有,14480000,106738,坡道平面,25.29,1950000,,RPTNMLSJNHLGFCE78DA,68.89,0.0,5.65,有,
小港區,房地(土地+建物)+車位,高雄市小港區漢民路５３５號四樓,29.97,住,,,1150516,土地1建物1車位1,四層,八層,華廈(10層含以下有電梯),住家用,鋼筋混凝土造,0850730,186.94,4,2,2,有,有,10400000,55633,坡道平面,0.0,0,全屋就已知悉及未知悉之滲漏水情形買方願自行修繕處理，即賣方不負民法規範之滲漏水瑕疵擔保責任。含傢俱設備費；陽台外推；,RPTNMLKLNHLGFCE18DA,115.42,1.16,11.59,有,
小港區,房地(土地+建物)+車位,高雄市小港區松園六路７５號二樓,8.8,商,,,1150503,土地1建物1車位1,二層,十七層,住宅大樓(11層含以上有電梯),住家用,鋼筋混凝土,1140829,96.36,2,2,2,有,有,8100000,84060,坡道平面,17.15,0,,RPTNMLSLNHLGFCE98DA,47.35,0.0,3.38,有,0101
小港區,房地(土地+建物),高雄市小港區鳳林路１６６巷５弄１號,74.0,住,,,1150522,土地1建物1車位0,全,二層,透天厝,住商用,加強磚造,0650725,72.38,4,2,2,有,無,1201000,16593,,0.0,0,親友、員工、共有人或其他特殊關係間之交易；,RPVNMLRKOHLGFCE09DA,72.38,0.0,0.0,無,
小港區,房地(土地+建物),高雄市小港區高坪五路６０號五樓之１,32.54,住,,,1150515,土地1建物1車位0,五層，夾層,五層,華廈(10層含以下有電梯),住家用,鋼筋混凝土,1150211,108.95,4,2,2,有,有,10400000,95457,,0.0,0,,RPOOMLMLOHLGFCE08DA,75.69,0.0,4.46,有,
三民區,房地(土地+建物)+車位,高雄市三民區興隆街６２號十一樓,33.21,住,,,1150510,土地1建物1車位1,十一層，十二層,十二層,住宅大樓(11層含以上有電梯),住家用,鋼筋混凝土造,0840626,275.89,4,3,3,有,有,9300000,33709,坡道平面,0.0,0,陽台外推；其他增建；,RPQNMLKKNHLGFDE87DA,125.36,70.1,24.28,有,
三民區,房地(土地+建物),高雄市三民區河北二路１００號十三樓之８,5.52,商,,,1150509,土地1建物1車位0,十三層,十九層,住宅大樓(11層含以上有電梯),住家用,鋼筋混凝土造,0800314,65.5,1,1,1,有,有,3300000,50382,,0.0,0,全屋就已知悉及未知悉之滲漏水情形買方願自行修繕處理，即賣方不負民法規範之滲漏水瑕疵擔保責任。含傢俱設備費；,RPVNMLMKNHLGFDE58DA,47.36,0.0,0.0,有,
三民區,房地(土地+建物)+車位,高雄市三民區北平一街１０６號三樓之３,21.1,住,,,1150527,土地1建物1車位2,三層,十三層,住宅大樓(11層含以上有電梯),住家用,鋼筋混凝土,1100928,151.79000000000002,3,2,2,有,有,18850000,122653,坡道平面,26.64,3500000,,RPSNMLRLNHLGFDE88DA,70.6,4.81,7.79,有,
三民區,房地(土地+建物)+車位,高雄市三民區水源東路２９號,16.42,住,,,1150505,土地1建物1車位1,一層,十五層,住宅大樓(11層含以上有電梯),住家用,鋼筋混凝土,1140311,125.71000000000001,3,2,2,有,有,18000000,149976,坡道平面,20.36,2200000,,RPXNMLSLNHLGFDE86DA,71.9,0.0,7.32,有,
三民區,房地(土地+建物)+車位,高雄市三民區大豐一路１８１號七樓之９,20.7,住,,,1150525,土地1建物1車位1,七層,十五層,住宅大樓(11層含以上有電梯),住家用,鋼筋混凝土,1131118,159.44,3,2,2,有,有,17880000,117409,坡道平面,25.89,2200000,含裝潢費；,RPTNMLPKOHLGFDE78DA,74.69,0.0,9.69,有,
三民區,房地(土地+建物)+車位,高雄市三民區德旺街２９０號七樓,36.21,住,,,1150526,土地1建物1車位2,七層,十五層,住宅大樓(11層含以上有電梯),住家用,鋼筋混凝土,1140912,258.27,4,2,3,有,有,31200000,131180,坡道平面,53.59,4350000,,RPVOMLNLOHLGFDE98DA,109.23,0.0,23.37,有,
三民區,房地(土地+建物),高雄市三民區黃興路１０７號十六樓之１,20.78,住,,,1150510,土地1建物1車位0,十六層,二十層,住宅大樓(11層含以上有電梯),住家用,鋼筋混凝土造,0800225,179.92,3,2,2,有,有,8450000,46965,,0.0,0,,RPUNMLOLOHLGFDE88DA,103.82,1.12,14.66,有,
左營區,房地(土地+建物),高雄市左營區重仁路５２號十二樓之２,7.71,商,,,1150502,土地1建物1車位0,十二層,十四層,住宅大樓(11層含以上有電梯),住家用,鋼筋混凝土結構造,0920212,75.27,2,1,1,有,有,6170000,81972,,0.0,0,全屋就已知悉及未知悉之滲漏水情形買方願自行修繕處理，即賣方不負民法規範之滲漏水瑕疵擔保責任。,RPWNMLQJNHLGFEE09DA,50.97,0.87,3.09,有,
楠梓區,房地(土地+建物),高雄市楠梓區楠梓新路２６９號九樓,10.56,住,,,1150513,土地1建物1車位0,九層,十九層,住宅大樓(11層含以上有電梯),住家用,鋼筋混凝土造,0830628,113.56,3,2,2,有,有,5200000,45791,,0.0,0,含傢俱設備費；,RPROMLNKNHLGFEE48DA,92.1,0.0,11.37,有,0102
楠梓區,房地(土地+建物)+車位,高雄市楠梓區德民路８２號十四樓,15.64,住,,,1150519,土地1建物1車位1,十四層,二十三層,住宅大樓(11層含以上有電梯),住家用,鋼筋混凝土,1090612,173.86,3,2,2,有,有,14500000,83400,坡道平面,28.1,0,,RPQNMLKLNHLGFEE08DA,80.44,3.02,11.27,有,0103
楠梓區,房地(土地+建物),高雄市楠梓區惠民路１５２之３號,23.0,住,,,1150528,土地3建物1車位0,三層,四層,公寓(5樓含以下無電梯),住家用,鋼筋混凝土造,0680521,77.13,3,2,1,有,無,5138000,66615,,0.0,0,陽台外推；,RPSOMLPJOHLGFEE78DA,77.13,0.0,0.0,無,0104
楠梓區,房地(土地+建物),高雄市楠梓區廣昌街２９巷８號,122.0,住,,,1150506,土地1建物1車位0,全,一層,透天厝,住家用,加強磚造,0630201,51.15,3,2,1,有,無,7800000,152493,,0.0,0,建築物含有:其他增建,RPSQMLKKOHLGFEE58DA,51.15,0.0,0.0,無,
楠梓區,房地(土地+建物),高雄市楠梓區安泰街１８２巷２號七樓之１,5.03,住,,,1150518,土地1建物1車位0,七層,十層,華廈(10層含以下有電梯),其他,鋼筋混凝土結構造,0930413,24.229999999999997,1,1,1,有,有,1720000,70986,,0.0,0,含傢俱設備費；陽台外推；夾層；,RPUNMLLKOHLGFEE58DA,12.99,0.53,1.27,有,0105
左營區,房地(土地+建物),高雄市左營區文萊路１３號四樓,25.18,住,,,1150503,土地1建物1車位0,四層,五層,公寓(5樓含以下無電梯),住家用,鋼筋混凝土造,0730921,79.44,3,2,2,有,無,3500000,44058,,0.0,0,,RPTOMLMKOHLGFEE68DA,74.04,0.0,5.4,無,
楠梓區,房地(土地+建物),高雄市楠梓區德賢路２８３號,8.46,住,,,1150511,土地1建物1車位0,一層,十九層,住宅大樓(11層含以上有電梯),住家用,鋼筋混凝土造,0850112,112.84,3,2,2,有,有,5800000,51400,,0.0,0,,RPPNMLNLOHLGFEE38DA,76.73,8.33,0.0,有,
左營區,房地(土地+建物)+車位,高雄市左營區文自路５２６之１號十四樓之５,8.84,住,,,1150514,土地1建物1車位1,十四層,二十三層,住宅大樓(11層含以上有電梯),住家用,見使用執照,0881020,126.91,3,2,2,有,有,8300000,62896,坡道機械,10.05,950000,,RPUPMLNLOHLGFEE09DA,77.93,3.75,9.51,有,
楠梓區,房地(土地+建物),高雄市楠梓區元昌街９１巷８號五樓之２,19.3,住,,,1150531,土地1建物1車位0,五層,五層,公寓(5樓含以下無電梯),住家用,鋼筋混凝土造,0710227,52.49,3,2,2,有,無,1880000,35816,,0.0,0,,RPROMLOLOHLGFEE78DA,52.49,0.0,0.0,無,
橋頭區,房地(土地+建物),高雄市橋頭區建樹路建國巷２９弄５號,69.03,住,,,1150507,土地1建物1車位0,全,二層,透天厝,住家用,加強磚造,0690915,89.7,3,2,2,有,無,4800000,53512,,0.0,0,其他增建；,RPTNMLOLOHLGFFE98DA,89.7,0.0,0.0,無,
鳳山區,房地(土地+建物)+車位,高雄市鳳山區中山東路４００巷３０弄６９號十二樓,22.15,住,,,1150505,土地1建物1車位1,十二層,十五層,住宅大樓(11層含以上有電梯),住家用,鋼筋混凝土造,1140103,140.84,3,2,2,有,有,14600000,103664,坡道平面,20.32,0,,RPRNMLRKOHLGFGE09DA,68.59,0.0,8.02,有,
鳳山區,房地(土地+建物)+車位,高雄市鳳山區北賢街１９５號十樓,25.55,住,,,1150510,土地2建物1車位1,十層,十五層,住宅大樓(11層含以上有電梯),住家用,鋼筋混凝土,1050623,145.14,3,2,2,有,有,13000000,89569,坡道平面,18.38,0,,RPTNMLSKOHLGFGE76DA,71.51,2.15,10.66,有,0106
鳳山區,房地(土地+建物),高雄市鳳山區南江街１６巷１９之１號,20.85,住,,,1150520,土地2建物1車位0,二層,五層,公寓(5樓含以下無電梯),住家用,鋼筋混凝土造,0681119,58.5,3,1,1,有,無,2900000,49573,,0.0,0,陽台其他增建；,RPVNMLMLOHLGFGE09DA,58.5,0.0,0.0,無,
鳳山區,房地(土地+建物),高雄市鳳山區武慶二路６８巷２３之２號,24.45,住,,,1150505,土地1建物1車位0,三層,五層,公寓(5樓含以下無電梯),住家用,鋼筋混凝土造,0680707,66.63,3,2,2,有,無,3880000,58232,,0.0,0,附贈:冰箱、冷氣、洗衣機、電視、沙發及衣櫥,RPPOMLNLOHLGFGE68DA,62.07,0.0,4.56,無,0107
旗山區,房地(土地+建物),高雄市旗山區旗新街１２４巷１９號,59.3,住,,,1150531,土地2建物1車位0,全,二層,透天厝,住商用,鋼筋混凝土造,0660520,79.2,5,2,2,有,無,5120000,64646,,0.0,0,頂樓加蓋；夾層；,RPQNMLPJOHLGFHE78DA,79.2,0.0,0.0,無,0108
鳥松區,房地(土地+建物),高雄市鳥松區松埔北巷２之９４號十一樓,10.51,,鄉村區,乙種建築用地,1150520,土地1建物1車位0,十一層,十五層,住宅大樓(11層含以上有電梯),住家用,鋼筋混凝土造,0860204,81.86,2,1,1,有,有,3600000,43978,,0.0,0,,RPVNMLLLNHLGFIE09DA,46.06,0.0,7.33,有,
鳥松區,房地(土地+建物)+車位,高雄市鳥松區大埤路力行巷９８號七樓,20.63,住,,,1150507,土地2建物1車位1,七層,十三層,住宅大樓(11層含以上有電梯),住家用,鋼筋混凝土造,0890121,168.98000000000002,3,2,2,有,有,9380000,55510,坡道平面,0.0,0,,RPTNMLMLOHLGFIE09DA,83.96,1.71,8.44,有,
茄萣區,房地(土地+建物),高雄市茄萣區信義路三段１５６巷３６弄７號,70.21,住,,,1150525,土地1建物1車位0,全,三層,透天厝,住家用,鋼筋混凝土造,0810422,140.63,4,2,3,有,無,4300000,30577,,0.0,0,其他增建；,RPTNMLOLOHLGFJE76DA,122.45,18.18,0.0,無,
美濃區,土地,清水段1001地號,3605.0,,特定農業區,農牧用地,1150507,土地3建物0車位0,,,其他,,,,0.0,0,0,0,無,無,10000000,2774,,0.0,0,,RPPNMLRKOHLGFKE66DA,0.0,0.0,0.0,無,
大寮區,土地,翁公園段3614-9地號,406.92,農,,,1150503,土地3建物0車位0,,,其他,,,,0.0,0,0,0,無,無,10800000,26541,,0.0,0,,RPRNMLNJOHLGFLE09DA,0.0,0.0,0.0,無,
大寮區,房地(土地+建物),高雄市大寮區內坑路１０９之６９號,121.45,住,,,1150504,土地2建物1車位0,全,三層,透天厝,住家用,鋼筋混凝土造,1120109,193.52,5,2,3,有,無,15500000,80095,,0.0,0,壹樓空地.露台鐵皮增建其他增建；,RPSNMLMKOHLGFLE56DA,182.29,0.0,11.23,無,0109
大寮區,房地(土地+建物),高雄市大寮區上寮路１０９號五樓之３,26.3,住,,,1150511,土地1建物1車位0,五層,五層,華廈(10層含以下有電梯),住家用,鋼筋混凝土造,1140421,74.72999999999999,2,2,2,有,有,5750000,76944,,0.0,0,,RPQNMLPKOHLGFLE66DA,51.71,0.0,4.3,有,
林園區,土地,中汕段2386地號,37.0,住,,,1150514,土地1建物0車位0,,,其他,,,,0.0,0,0,0,無,無,503663,13613,,0.0,0,,RPUOMLMLOHLGFLE96DA,0.0,0.0,0.0,無,
前金區,房地(土地+建物),高雄市前金區民生二路２３３號４樓之３,13.6,商,,,1150502,土地2建物1車位0,四層,十二層,住宅大樓(11層含以上有電梯),住家用,鋼筋混凝土造,0701228,146.81,3,2,2,有,有,8880000,60486,,0.0,0,陽台外推；,RPPNMLMJNHLGFAE57DA,105.57,0.0,12.77,有,
前金區,房地(土地+建物)+車位,高雄市前金區市中一路９９號十五樓之１０,5.69,商,,,1150510,土地1建物1車位1,十五層,二十二層,住宅大樓(11層含以上有電梯),住家用,鋼筋混凝土造,0910618,108.81,2,1,1,有,有,8080000,74258,坡道平面,38.22,0,陽台其他增建；,RPRNMLNLOHLGFAE18DA,44.35,0.0,3.76,有,
鹽埕區,房地(土地+建物)+車位,高雄市鹽埕區公園二路１８５號四樓之５,9.64,商,,,1150531,土地1建物1車位1,四層,十五層,住宅大樓(11層含以上有電梯),住家用,鋼筋混凝土造,1141211,144.8,2,2,2,有,有,15000000,103591,坡道平面,39.39,0,,RPQNMLOLOHLGFAE18DA,58.41,0.0,8.54,有,
鹽埕區,房地(土地+建物),高雄市鹽埕區光榮街４之１號,58.0,住,,,1150519,土地2建物1車位0,全,三層,透天厝,住家用,鋼筋混凝土造,0611204,131.67,5,1,3,有,無,8880000,67441,,0.0,0,,RPWNMLOLOHLGFAE78DA,131.67,0.0,0.0,無,
苓雅區,房地(土地+建物)+車位,高雄市苓雅區中正一路３７２號５樓之３,14.24,商,,,1150504,土地2建物1車位1,五層,十二層,住宅大樓(11層含以上有電梯),辦公用,鋼筋混凝土造,0791228,164.54,1,0,0,有,有,7160000,43515,升降機械,0.0,0,陽台外推；,RPRNMLQJNHLGFBE28DA,101.55,0.0,10.89,有,
苓雅區,房地(土地+建物),高雄市苓雅區三多二路３２１號,70.0,商,,,1150501,土地1建物1車位0,全,三層,透天厝,住商用,加強磚造,0630629,163.26,3,0,3,有,無,20300000,124342,,0.0,0,,RPUNMLNKNHLGFBE38DA,163.26,0.0,0.0,無,
苓雅區,房地(土地+建物),高雄市苓雅區興中二路１３８號十五樓之１３,5.82,商,,,1150511,土地1建物1車位0,十五層,十五層,住宅大樓(11層含以上有電梯),住家用,鋼筋混凝土造,1080201,75.36,1,1,1,有,有,6050000,80281,,0.0,0,,RPOOMLNKNHLGFBE87DA,40.03,0.0,9.65,有,
苓雅區,房地(土地+建物),高雄市苓雅區澄清路９巷１０號三樓,28.06,住,,,1150508,土地1建物1車位0,三層,七層,華廈(10層含以下有電梯),住家用,鋼筋混凝土造,0691201,61.38,2,2,1,有,有,4580000,74617,,0.0,0,,RPQOMLNKNHLGFBE08DA,61.38,0.0,0.0,有,
苓雅區,房地(土地+建物),高雄市苓雅區德安街７巷３號６樓之３,24.45,住,,,1150516,土地1建物1車位0,六層,十五層,住宅大樓(11層含以上有電梯),住家用,鋼筋混凝土造,0860630,169.81,3,2,2,有,有,11200000,65956,,0.0,0,含傢俱設備費；,RPSNMLSKNHLGFBE68DA,94.27,0.0,13.47,有,
苓雅區,房地(土地+建物)+車位,高雄市苓雅區七賢一路８３號九樓,8.16,商,,,1150504,土地1建物1車位1,九層,二十九層,住宅大樓(11層含以上有電梯),住家用,鋼筋混凝土,1141223,172.34,2,2,2,有,有,19880000,117451,坡道平面,22.66,2300000,,RPWNMLSKNHLGFBE09DA,84.52,0.0,10.18,有,
苓雅區,房地(土地+建物)+車位,高雄市苓雅區永明街４２巷６號３樓,26.15,商,,,1150524,土地2建物1車位1,三層,七層,華廈(10層含以下有電梯),住家用,鋼筋混凝土造,0800914,192.28,4,2,2,有,有,12000000,62409,升降平面,0.0,0,,RPUNMLMLOHLGFBE48DA,118.62,0.0,19.69,有,
前鎮區,房地(土地+建物)+車位,高雄市前鎮區新光路１１號二十八樓之１,5.55,商,,,1150509,土地2建物1車位1,二十八層,三十九層,住宅大樓(11層含以上有電梯),住家用,鋼骨造,0880209,157.76,3,2,2,有,有,11000000,69726,坡道平面,34.75,0,,RPTNMLTLNHLGFCE09DA,82.18,0.0,9.66,有,
前鎮區,房地(土地+建物)+車位,高雄市前鎮區鄭和南路３２１號十五樓,12.25,商,,,1150515,土地1建物1車位1,十五層,十五層,住宅大樓(11層含以上有電梯),住家用,鋼筋混凝土造,0941228,147.18,3,2,2,有,有,12280000,83435,坡道平面,23.6,0,本標的物現況如標的物屋況問題，買方同意自行維修並負擔修繕費用，賣方免除物之瑕疵擔保責任，惟若重大瑕疵除外如：非自然身故、輻射屋、海砂屋...等。含傢俱設備費；,RPOOMLMKOHLGFCE97DA,78.93,1.38,4.64,有,
小港區,房地(土地+建物),高雄市小港區旭東街１５之３號,42.75,住,,,1150514,土地1建物1車位0,四層,四層,公寓(5樓含以下無電梯),住家用,加強磚造,0640823,71.8,3,2,2,有,無,3100000,43175,,0.0,0,其他增建；,RPPPMLMLOHLGFCE28DA,71.8,0.0,0.0,無,
小港區,房地(土地+建物),高雄市小港區安美街１３７號,61.53,住,,,1150517,土地1建物1車位0,全,五層,透天厝,住商用,鋼筋混凝土造,0810114,207.82,6,2,4,有,無,8880000,42729,,0.0,0,,RPTNMLNLOHLGFCE58DA,207.82,0.0,0.0,無,
前鎮區,房地(土地+建物),高雄市前鎮區二聖一路２００號三樓,21.53,商,,,1150524,土地1建物1車位0,三層,五層,公寓(5樓含以下無電梯),住家用,鋼筋混凝土造,0731004,97.46000000000001,3,2,2,有,有,5200000,53355,,0.0,0,親友、員工、共有人或其他特殊關係間之交易；,RPPNMLOLOHLGFCE28DA,78.25,4.05,3.48,無,
三民區,房地(土地+建物)+車位,高雄市三民區民族一路９２號十一樓之２,10.16,都市：其他:第三種特定商業專用區,,,1150515,土地1建物1車位1,十一層,二十六層,住宅大樓(11層含以上有電梯),住家用,鋼筋混凝土造,0841219,183.64,4,2,2,有,有,10660000,58048,坡道平面,0.0,0,含裝潢費；含傢俱設備費；,RPPNMLSKNHLGFDE58DA,107.89,1.78,15.17,有,
三民區,房地(土地+建物),高雄市三民區皓東路１４２巷５號四樓,21.38,商,,,1150507,土地1建物1車位0,四層，電梯樓梯間,五層,公寓(5樓含以下無電梯),,鋼筋混凝土造,0760710,88.54,3,2,2,有,無,4550000,51389,,0.0,0,,RPSNMLKKOHLGFDE18DA,82.06,0.0,6.48,無,
三民區,房地(土地+建物),高雄市三民區克武路１９５號,69.67,住,,,1150501,土地1建物1車位0,全,三層,透天厝,住家用,鋼筋混凝土造,0670930,149.08,5,2,5,有,無,14530000,97464,,0.0,0,法空增建廚房頂樓加蓋；其他增建；,RPWOMLMLOHLGFDE98DA,149.08,0.0,0.0,無,
三民區,房地(土地+建物),高雄市三民區平等路１４３巷６之２號,31.6,住,,,1150509,土地1建物1車位0,三層,五層,公寓(5樓含以下無電梯),住家用,鋼筋混凝土造,0691218,105.19,5,2,1,有,無,5800000,55138,,0.0,0,陽台外推；其他增建；,RPRNMLNLOHLGFDE48DA,91.2,0.0,13.99,無,
左營區,房地(土地+建物),高雄市左營區翠華路６０１巷１０２號十二樓,28.19,住,,,1150501,土地1建物1車位0,十二層,十四層,住宅大樓(11層含以上有電梯),住家用,見使用執照,0890217,176.26,4,2,2,有,有,9000000,51061,,0.0,0,,RPVPMLOJNHLGFEE98DA,99.17,0.0,13.6,有,
楠梓區,房地(土地+建物)+車位,高雄市楠梓區大學南路１５０號十四樓,31.45,住,,,1150514,土地1建物1車位1,十四層,十五層,住宅大樓(11層含以上有電梯),住家用,鋼筋混凝土,1140829,183.17000000000002,3,1,2,有,有,21150000,116581,坡道平面,21.48,2300000,,RPTPMLNJOHLGFEE78DA,93.84,0.0,12.83,有,
左營區,房地(土地+建物)+車位,高雄市左營區孟子路５２２號十一樓之１,17.1,住,,,1150514,土地1建物1車位1,十一層,十三層,住宅大樓(11層含以上有電梯),住家用,見使用執照,0930519,107.07,1,2,1,有,有,11600000,108340,坡道平面,23.42,0,,RPSNMLOJOHLGFEE58DA,53.9,1.1,3.38,有,
楠梓區,房地(土地+建物),高雄市楠梓區惠豐街２９８巷２號十一樓,16.1,住,,,1150519,土地1建物1車位0,十一層,十二層,住宅大樓(11層含以上有電梯),住家用,見使用執照,0890821,118.76,3,2,2,有,有,7500000,63153,,0.0,0,,RPRNMLTJOHLGFEE98DA,89.59,0.0,5.25,有,
楠梓區,房地(土地+建物)+車位,高雄市楠梓區楠梓路２６９巷３９號十樓,11.13,住,,,1150511,土地1建物1車位1,十層,二十三層,住宅大樓(11層含以上有電梯),住家用,鋼筋混凝土造,1090904,131.2,2,2,1,有,有,10500000,80030,坡道平面,32.49,0,,RPOOMLPKOHLGFEE48DA,57.58,0.0,7.52,有,
楠梓區,房地(土地+建物)+車位,高雄市楠梓區民昌街２１３號二樓,19.13,住,,,1150526,土地1建物1車位1,二層,八層,華廈(10層含以下有電梯),住家用,鋼筋混凝土,1110125,103.22,2,1,1,有,有,7850000,76051,升降機械,21.89,0,,RPPOMLPKOHLGFEE58DA,48.08,0.0,5.15,有,
楠梓區,房地(土地+建物),高雄市楠梓區楠梓路２１３巷４號七樓,31.7,住,,,1150509,土地1建物1車位0,七層,七層,華廈(10層含以下有電梯),住家用,鋼筋混凝土造,0831119,170.95,4,2,2,有,有,6880000,40246,,0.0,0,,RPWNMLQKOHLGFEE66DA,106.06,0.0,17.32,有,
楠梓區,房地(土地+建物),高雄市楠梓區興楠路１５１巷５６弄１２號,23.0,住,,,1150521,土地1建物1車位0,一層,五層,公寓(5樓含以下無電梯),住家用,鋼筋混凝土造,0700801,64.92,3,2,2,有,無,4500000,69316,,0.0,0,,RPQNMLLLOHLGFEE28DA,64.92,0.0,0.0,無,
楠梓區,房地(土地+建物)+車位,高雄市楠梓區興西路１３８號十七樓,13.9,商,,,1150515,土地1建物1車位1,十七層,二十二層,住宅大樓(11層含以上有電梯),住家用,鋼筋混凝土,1070105,163.07,3,2,2,有,有,11200000,68682,坡道平面,30.31,0,,RPSPMLOLOHLGFEE98DA,75.5,2.33,4.67,有,
橋頭區,房地(土地+建物),高雄市橋頭區美德街１１２號,67.11,住,,,1150508,土地2建物1車位0,全,三層,透天厝,住商用,鋼筋混凝土造,0810915,145.88,5,3,3,有,無,10850000,74376,,0.0,0,頂樓加蓋；其他增建；,RPTNMLTLNHLGFFE76DA,145.88,0.0,0.0,無,
橋頭區,土地,頂塩田段2293地號,2640.0,,特定農業區,農牧用地,1150522,土地1建物0車位0,,,其他,,,,0.0,0,0,0,無,無,25850000,9792,,0.0,0,,RPRNMLLJOHLGFFE28DA,0.0,0.0,0.0,無,
彌陀區,房地(土地+建物),高雄市彌陀區中正南路１６巷９號三樓,35.82,住,,,1150526,土地1建物1車位0,三層,六層,華廈(10層含以下有電梯),住家用,鋼筋混凝土造,1141003,93.92,3,2,2,有,有,8580000,91354,,0.0,0,交易總價含下列非屬房屋價格之費用；裝潢費；傢俱設備費120000元。,RPVNMLMJOHLGFFE78DA,64.33,0.0,6.96,有,
橋頭區,房地(土地+建物)+車位,高雄市橋頭區經武路１０２６號十八樓,27.77,住,,,1150502,土地1建物1車位2,十八層,二十四層,住宅大樓(11層含以上有電梯),住家用,鋼筋混凝土造,1150112,219.14,3,2,2,有,有,25080000,118700,坡道平面,38.18,3600000,,RPVNMLTJOHLGFFE86DA,103.84,0.0,13.8,有,
橋頭區,房地(土地+建物)+車位,高雄市橋頭區經武路１０１２號三樓,25.59,住,,,1150509,土地1建物1車位1,三層,二十四層,住宅大樓(11層含以上有電梯),住家用,鋼筋混凝土造,1150112,186.32,3,2,2,有,有,20050000,108234,坡道平面,19.09,1950000,,RPPOMLTJOHLGFFE98DA,96.87,0.0,11.82,有,
彌陀區,土地,山頂段301-29地號,366.29,,一般農業區,養殖用地,1150515,土地1建物0車位0,,,其他,,,,0.0,0,0,0,無,無,11000000,30031,,0.0,0,未登記建物；,RPPNMLNLOHLGFFE48DA,0.0,0.0,0.0,無,
彌陀區,土地,山頂段301-24地號,366.3,,一般農業區,養殖用地,1150515,土地1建物0車位0,,,其他,,,,0.0,0,0,0,無,無,6000000,16380,,0.0,0,,RPSNMLNLOHLGFFE78DA,0.0,0.0,0.0,無,
鳳山區,房地(土地+建物),高雄市鳳山區國光路８５號,75.0,住,,,1150514,土地2建物1車位0,全,二層,透天厝,住商用,加強磚造,0631204,103.0,6,2,3,有,無,12800000,124272,,0.0,0,本交易移轉衍生之費用均由買方負擔親友、員工、共有人或其他特殊關係間之交易；,RPTNMLMLNHLGFGE78DA,103.0,0.0,0.0,無,
鳳山區,房地(土地+建物)+車位,高雄市鳳山區文勇街６３號八樓,22.45,住,,,1150521,土地1建物1車位1,八層,八層,華廈(10層含以下有電梯),住家用,鋼筋混凝土造,0850105,137.2,3,2,2,有,有,8000000,58309,坡道機械,0.0,0,,RPVOMLRLNHLGFGE96DA,89.09,0.0,12.18,有,
鳳山區,房地(土地+建物)+車位,高雄市鳳山區公園三街１８號十三樓,22.58,住,,,1150514,土地1建物1車位1,十三層,十五層,住宅大樓(11層含以上有電梯),住家用,鋼筋混凝土,1141031,157.22,3,2,2,有,有,16600000,104781,坡道平面,19.79,2200000,,RPWNMLLKOHLGFGE98DA,71.26,0.0,15.59,有,
鳳山區,房地(土地+建物)+車位,高雄市鳳山區公園三街２號九樓,23.23,住,,,1150508,土地1建物1車位1,九層,十五層,住宅大樓(11層含以上有電梯),住家用,鋼筋混凝土,1141031,161.54,3,2,2,有,有,16650000,103351,坡道平面,19.79,2000000,,RPOOMLLKOHLGFGE28DA,73.52,0.0,15.45,有,
鳳山區,房地(土地+建物),高雄市鳳山區文建街１８５號四樓,34.89,住,,,1150506,土地1建物1車位0,四層,十三層,住宅大樓(11層含以上有電梯),住家用,鋼筋混凝土造,0790820,265.56,3,2,2,有,有,11500000,43305,,0.0,0,其他增建；,RPTPMLLKOHLGFGE88DA,125.15,83.34,14.12,有,
仁武區,房地(土地+建物),高雄市仁武區永菱街７２號,73.34,住,,,1150513,土地1建物1車位0,全,四層,透天厝,住家用,鋼筋混凝土造,1140402,180.04,4,2,4,有,無,20300000,112753,,0.0,0,,RPUNMLNKNHLGFIE09DA,157.46,0.0,22.58,無,
仁武區,房地(土地+建物),高雄市仁武區埤內巷１１８號,183.35,,山坡地保育區,丙種建築用地,1150515,土地1建物1車位0,全,二層,透天厝,住家用,加強磚造,0651101,165.26,5,1,5,有,無,8500000,51434,,0.0,0,親友、員工、共有人或其他特殊關係間之交易；,RPSNMLPKNHLGFIE09DA,165.26,0.0,0.0,無,
仁武區,房地(土地+建物)+車位,高雄市仁武區北屋北街５７號三樓之３,17.78,住,,,1150517,土地1建物1車位1,三層,十五層,住宅大樓(11層含以上有電梯),住家用,鋼筋混凝土,1131224,98.7,2,1,1,有,有,9800000,90090,坡道機械,6.57,1500000,,RPVNMLKKOHLGFIE98DA,46.92,0.0,12.51,有,
仁武區,房地(土地+建物)+車位,高雄市仁武區霞海南二街８號五樓,30.21,住,,,1150512,土地1建物1車位1,五層,十五層,住宅大樓(11層含以上有電梯),住家用,鋼筋混凝土,1090714,162.70999999999998,2,2,2,有,有,13900000,85428,坡道平面,26.15,0,,RPUNMLLKOHLGFIE98DA,75.35,1.31,14.61,有,
仁武區,房地(土地+建物)+車位,高雄市仁武區京吉二路１４１號十二樓,17.35,商,,,1150521,土地1建物1車位1,十二層,十四層,住宅大樓(11層含以上有電梯),住家用,鋼筋混凝土,1131016,145.76999999999998,2,2,2,有,有,13800000,91956,坡道平面,16.36,1900000,,RPTNMLSKOHLGFIE96DA,66.26,0.0,18.46,有,
大社區,土地,圳觀段222-3地號,336.87,農,,,1150512,土地2建物0車位0,,,其他,,,,0.0,0,0,0,無,無,8152000,24199,,0.0,0,,RPQNMLPLOHLGFIE09DA,0.0,0.0,0.0,無,
阿蓮區,土地,中軍段1102地號,7.79,,鄉村區,乙種建築用地,1150528,土地1建物0車位0,,,其他,,,,0.0,0,0,0,無,無,117810,15123,,0.0,0,,RPQNMLSLNHLGFJE76DA,0.0,0.0,0.0,無,
阿蓮區,土地,青安段1053-2地號,69.79,,鄉村區,乙種建築用地,1150527,土地1建物0車位0,,,其他,,,,0.0,0,0,0,無,無,1477803,21175,,0.0,0,未登記建物；,RPXNMLQKOHLGFJE27DA,0.0,0.0,0.0,無,
阿蓮區,房地(土地+建物),高雄市阿蓮區玄中路３５０巷３９號三樓,25.26,,鄉村區,乙種建築用地,1150512,土地1建物1車位0,三層,八層,華廈(10層含以下有電梯),住家用,鋼筋混凝土造,1150202,83.83,3,2,2,有,無,6350000,75749,,0.0,0,,RPPNMLRKOHLGFJE56DA,59.87,0.0,4.95,有,
茄萣區,土地,崎漏段561-13地號,498.0,住,,,1150508,土地5建物0車位0,,,其他,,,,0.0,0,0,0,無,無,17250000,34639,,0.0,0,,RPQNMLOLOHLGFJE09DA,0.0,0.0,0.0,無,
茄萣區,房地(土地+建物),高雄市茄萣區民治路１８６巷７２號,98.0,住,,,1150528,土地1建物1車位0,全,四層,透天厝,住家用,鋼筋混凝土造,1140522,177.95,5,2,3,有,無,14200000,79798,,0.0,0,,RPSNMLOLOHLGFJE66DA,156.33,0.0,21.62,無,
湖內區,房地(土地+建物),高雄市湖內區民權路１４０巷６０號,68.39,住,,,1150514,土地1建物1車位0,全,四層,透天厝,住家用,鋼筋混凝土造,1140901,184.79,4,2,4,有,無,16500000,89291,,0.0,0,,RPSNMLTLOHLGFJE17DA,175.22,0.0,9.57,無,
茂林區,土地,茂林段64地號,12097.17,,森林區,林業用地,1150518,土地5建物0車位0,,,其他,,,,0.0,0,0,0,無,無,500000,41,,0.0,0,親友、員工、共有人或其他特殊關係間之交易；,RPPNMLMJOHLGFKE68DA,0.0,0.0,0.0,無,
大寮區,房地(土地+建物),高雄市大寮區永芳路１３５號,74.0,農,,,1150509,土地1建物1車位0,全,三層,透天厝,住商用,鋼筋混凝土造,0790301,161.31,5,2,3,有,無,7600000,47114,,0.0,0,其他增建；,RPRNMLLKNHLGFLE88DA,148.95,0.0,12.36,無,
林園區,房地(土地+建物),高雄市林園區王公一路３６巷６號四樓之２,28.32,住,,,1150516,土地1建物1車位0,四層,五層,華廈(10層含以下有電梯),住家用,鋼筋混凝土造,1150224,79.48,2,2,2,有,有,5600000,70458,,0.0,0,含傢俱設備費；,RPRNMLNLOHLGFLE66DA,56.31,0.0,5.86,有,
林園區,房地(土地+建物)+車位,高雄市林園區王公一路３６巷６號四樓之３,28.41,住,,,1150512,土地1建物1車位1,四層,五層,華廈(10層含以下有電梯),住家用,鋼筋混凝土造,1150224,89.37,2,2,2,有,有,6650000,68948,一樓平面,9.6,1150000,交易總價包含下列非屬不動產價格之費用:傢俱設備費,RPSNMLOLOHLGFLE86DA,56.52,0.0,5.86,有,
前金區,建物,高雄市前金區南台橫路１４３號,0.0,,,,1150521,土地0建物1車位0,全,四層,透天厝,住商用,鋼筋混凝土造,0660820,78.84,10,3,5,有,無,1500000,19026,,0.0,0,親友、員工、共有人或其他特殊關係間之交易；,RPSNMLRLNHLGFAE68EA,78.84,0.0,0.0,無,
前金區,房地(土地+建物)+車位,高雄市前金區河東路１２８號十五樓,7.67,商,,,1150508,土地1建物1車位1,十五層,三十二層,住宅大樓(11層含以上有電梯),住家用,鋼骨鋼筋混凝土、鋼筋混凝土、鋼骨造,1130716,172.26999999999998,0,1,0,有,有,21880000,127010,坡道平面,17.91,0,,RPPNMLRKOHLGFAE38EA,70.44,2.04,28.13,有,
三民區,房地(土地+建物),高雄市三民區春陽街２５８號五樓,12.07,商,,,1150508,土地1建物1車位0,五層,十二層,住宅大樓(11層含以上有電梯),住家用,鋼筋混凝土造,0840802,119.16999999999999,4,2,2,有,有,6600000,55383,,0.0,0,,RPPNMLPLOHLGFDE58EA,79.49,0.0,15.47,有,
鳥松區,土地,埔嶺段446地號,799.57,都市：其他:保護區,,,1150526,土地1建物0車位0,,,其他,,,,0.0,0,0,0,無,無,2798494,3500,,0.0,0,親友、員工、共有人或其他特殊關係間之交易；,RPQNMLOLOHLGFIE09EA,0.0,0.0,0.0,無,
鼓山區,房地(土地+建物)+車位,高雄市鼓山區龍水二路１０５號二十四樓,50.55,住,,,1150416,土地1建物1車位3,二十四層,二十四層,住宅大樓(11層含以上有電梯),住家用,鋼筋混凝土造,1040513,612.13,0,0,0,無,有,53880000,88021,坡道平面,59.7,0,,RPPNMLKKOHLGFAE57DA,305.14,0.0,56.26,有,
鼓山區,房地(土地+建物)+車位,高雄市鼓山區文信路３１９之２號十三樓,16.01,商,,,1150404,土地1建物1車位1,十三層,十五層,住宅大樓(11層含以上有電梯),住家用,鋼筋混凝土,1040825,225.14,4,2,2,有,有,26700000,118593,坡道平面,21.72,0,,RPXNMLPKOHLGFAE88DA,115.21,2.43,15.39,有,0110
苓雅區,房地(土地+建物)+車位,高雄市苓雅區三多四路１０６之１３號十一樓之１３,6.28,商,,,1150423,土地1建物1車位1,十一層,十五層,住宅大樓(11層含以上有電梯),住家用,鋼筋混凝土,1121109,102.46000000000001,3,2,2,有,有,11900000,116143,坡道機械,8.4,0,,RPQNMLLJNHLGFBE67DA,54.01,0.0,5.95,有,0111
苓雅區,房地(土地+建物),高雄市苓雅區建國一路１２０巷９弄２之１號,20.94,住,,,1150426,土地2建物1車位0,二層,五層,公寓(5樓含以下無電梯),住家用,鋼筋混凝土結構造,0680626,63.07,3,2,1,有,無,3600000,57079,,0.0,0,陽台外推；,RPTNMLLLNHLGFBE18DA,57.88,0.0,5.19,無,
苓雅區,房地(土地+建物),高雄市苓雅區文橫二路１２７巷２０之４號,39.4,都市：其他:第二種特定商業專用區,,,1150409,土地2建物1車位0,五層,五層,公寓(5樓含以下無電梯),住家用,鋼筋混凝土造,0700609,97.49,3,2,2,有,無,4580000,46979,,0.0,0,鐵皮屋頂增建、陽台外推本標的物現況全屋有滲漏水、水痕、壁癌及前陽台牆面磁磚剝落等情形，買方同意自行維修並負擔修繕費用，賣方免除物之瑕疵擔保責任，惟若重大瑕疵除外如：非自然身故、輻射屋、海砂屋...等。含傢俱設備費；包含公共設施保留地用地；,RPUOMLTLNHLGFBE56DA,97.49,0.0,0.0,無,
小港區,房地(土地+建物)+車位,高雄市小港區高鳳路４５９巷１弄１３號十二樓,11.94,住,,,1150425,土地1建物1車位1,十二層,十六層,住宅大樓(11層含以上有電梯),住家用,鋼筋混凝土造,0840126,117.9,3,2,2,有,有,6000000,50891,坡道平面,0.0,0,,RPSNMLPLMHLGFCE48DA,71.71,0.0,8.96,有,
三民區,房地(土地+建物)+車位,高雄市三民區凱歌路８５之２號六樓,26.04,住,,,1150425,土地1建物1車位1,六層,十層,華廈(10層含以下有電梯),住家用,鋼筋混凝土造,0940404,139.42000000000002,3,1,2,有,有,11157000,80019,一樓平面,21.64,0,,RPQPMLTKNHLGFDE98DA,72.4,2.41,9.2,有,
三民區,房地(土地+建物),高雄市三民區中庸街１４１巷８號,31.21,住,,,1150424,土地1建物1車位0,一層,五層,公寓(5樓含以下無電梯),住家用,鋼筋混凝土造,0730731,102.52,3,2,2,有,無,6380000,62232,,0.0,0,平台外推其他增建；,RPPOMLMKOHLGFDE18DA,89.09,8.62,0.0,無,
三民區,房地(土地+建物),高雄市三民區建武路２０６巷１９號,78.83,住,,,1150410,土地1建物1車位0,全,三層,透天厝,住商用,鋼筋混凝土造,0690117,142.11,3,2,3,有,無,11000000,77405,,0.0,0,親友、員工、共有人或其他特殊關係間之交易；,RPQOMLMKOHLGFDE28DA,142.11,0.0,0.0,無,
楠梓區,房地(土地+建物),高雄市楠梓區青農路５７巷３８號,27.7,住,,,1150410,土地1建物1車位0,一層,五層,公寓(5樓含以下無電梯),住家用,鋼筋混凝土造,0710227,92.80000000000001,3,2,2,有,無,3600000,38793,,0.0,0,,RPXPMLRLMHLGFEE96DA,74.5,0.0,12.54,無,
左營區,房地(土地+建物)+車位,高雄市左營區新莊一路３５３號二十八樓,15.92,住,,,1150408,土地1建物1車位1,二十八層,二十九層,住宅大樓(11層含以上有電梯),住家用,鋼筋混凝土造,1071108,209.23000000000002,2,2,2,有,有,31000000,148162,坡道平面,29.84,0,含傢俱設備費；,RPRPMLOJNHLGFEE58DA,104.31,4.99,5.49,有,0112
左營區,房地(土地+建物),高雄市左營區介壽路２１７號二樓之１,8.3,住,,,1150406,土地1建物1車位0,二層,十五層,住宅大樓(11層含以上有電梯),住家用,鋼筋混凝土造,0951103,75.69,2,1,1,有,有,5500000,72665,,0.0,0,陽台外推；,RPROMLOKNHLGFEE58DA,44.04,3.4,4.94,有,
左營區,房地(土地+建物)+車位,高雄市左營區榮德街１１號四樓,11.59,住,,,1150418,土地1建物1車位1,四層,十五層,住宅大樓(11層含以上有電梯),住家用,鋼筋混凝土結構造,1001202,134.14000000000001,2,2,2,有,有,11410000,85060,坡道平面,17.58,0,,RPTNMLSKNHLGFEE09DA,66.54,1.1,13.26,有,
左營區,房地(土地+建物)+車位,高雄市左營區桃子園路２６號十八樓之１,11.76,住,,,1150415,土地1建物1車位1,十八層,十八層,住宅大樓(11層含以上有電梯),住家用,鋼筋混凝土,1091106,102.85,2,1,1,有,有,9600000,93340,坡道平面,16.1,0,,RPWPMLPKOHLGFEE76DA,44.62,2.68,9.02,有,0113
楠梓區,房地(土地+建物),高雄市楠梓區大學三街６３巷８號,90.28,住,,,1150419,土地1建物1車位0,全,五層,透天厝,住家用,鋼筋混凝土造,1021205,256.5,6,2,5,有,無,21000000,81871,,0.0,0,鐵鋁窗增建、遮雨棚增建親友、員工、共有人或其他特殊關係間之交易；其他增建；,RPTNMLQKOHLGFEE98DA,240.4,0.0,15.39,無,0114
梓官區,土地,蚵寮段228地號,107.83,,鄉村區,乙種建築用地,1150428,土地1建物0車位0,,,其他,,,,0.0,0,0,0,無,無,1794100,16638,,0.0,0,親友、員工、共有人或其他特殊關係間之交易；未登記建物；,RPPNMLTLNHLGFFE98DA,0.0,0.0,0.0,無,0115
鳳山區,房地(土地+建物)+車位,高雄市鳳山區北昌五街１２號十一樓,22.34,住,,,1150405,土地1建物1車位1,十一層,十五層,住宅大樓(11層含以上有電梯),住家用,鋼筋混凝土,1020626,131.23000000000002,2,2,2,有,有,10050000,76583,坡道平面,23.85,0,含傢俱設備費；其他增建；,RPQNMLSJMHLGFGE78DA,60.55,7.11,4.32,有,0116
鳳山區,房地(土地+建物),高雄市鳳山區文建街２２３號,27.71,住,,,1150427,土地1建物1車位0,一層，騎樓,五層,公寓(5樓含以下無電梯),住商用,鋼筋混凝土造,0701212,71.02,3,2,2,有,無,7000000,98564,,0.0,0,,RPSNMLPLNHLGFGE98DA,71.02,0.0,0.0,無,0117
大樹區,房地(土地+建物),高雄市大樹區九大路６５之７號十二樓,13.34,住,,,1150410,土地2建物1車位0,十二層,十二層,住宅大樓(11層含以上有電梯),住家用,鋼筋混凝土造,0840705,106.03,3,2,2,有,有,3750000,35367,,0.0,0,,RPPNMLTLNHLGFGE09DA,73.43,1.85,8.88,有,0118
鳳山區,房地(土地+建物)+車位,高雄市鳳山區光復路二段２７５號九樓,16.68,住,,,1150408,土地1建物1車位1,九層,十六層,住宅大樓(11層含以上有電梯),住家用,鋼筋混凝土造,0860228,145.86,3,2,2,有,有,11000000,75415,坡道機械,25.24,0,賣方賣清，一切稅費由買方負擔。,RPUOMLNJOHLGFGE98DA,75.42,1.64,12.7,有,0119
鳳山區,房地(土地+建物)+車位,高雄市鳳山區和成路３８１號三樓,31.9,住,,,1150419,土地1建物1車位2,三層,十四層,住宅大樓(11層含以上有電梯),住家用,鋼筋混凝土,1130301,228.45999999999998,3,2,2,有,有,19550000,91106,坡道平面,52.84,3550000,,RPQPMLOJOHLGFGE78DA,92.86,0.0,18.97,有,
鳳山區,房地(土地+建物),高雄市鳳山區鳳南一路３９巷９號,50.81,住,,,1150428,土地2建物1車位0,全,四層,透天厝,住家用,鋼筋混凝土造,0731005,115.58,4,2,5,有,無,11380000,98460,,0.0,0,其他增建；,RPRPMLLKOHLGFGE68DA,107.72,0.0,7.86,無,0120
鳳山區,房地(土地+建物)+車位,高雄市鳳山區鳳南一路８７號五樓,29.81,住,,,1150425,土地1建物1車位1,五層,十五層,住宅大樓(11層含以上有電梯),住家用,鋼筋混凝土,1120703,156.93,3,2,2,有,有,14930000,94242,坡道平面,19.73,2000000,,RPRNMLQKOHLGFGE98DA,72.28,0.0,14.93,有,
仁武區,房地(土地+建物)+車位,高雄市仁武區澄仁西街２６５號九樓,22.58,住,,,1150422,土地1建物1車位1,九層,十二層,住宅大樓(11層含以上有電梯),住家用,鋼筋混凝土造,1040826,109.1,2,2,1,有,有,8000000,73327,坡道機械,7.0,0,陽台外推；未登記建物；,RPXNMLMLMHLGFIE66DA,55.61,4.71,7.21,有,0121
仁武區,土地,烏林段1356地號,2266.56,,山坡地保育區,農牧用地,1150402,土地1建物0車位0,,,其他,,,,0.0,0,0,0,無,無,10300000,4544,,0.0,0,,RPQNMLQLNHLGFIE09DA,0.0,0.0,0.0,無,
仁武區,土地,仁義段357地號,620.56,,一般農業區,農牧用地,1150425,土地1建物0車位0,,,其他,,,,0.0,0,0,0,無,無,2920000,4705,,0.0,0,農作物；,RPRNMLQKOHLGFIE56DA,0.0,0.0,0.0,無,
仁武區,房地(土地+建物),高雄市仁武區文安二街５號,90.0,住,,,1150417,土地1建物1車位0,全,四層,透天厝,住家用,鋼筋混凝土造,0990310,211.58,5,2,3,有,無,20860000,98592,,0.0,0,其他增建；,RPSNMLRKOHLGFIE76DA,183.48,0.0,28.1,無,
湖內區,土地,圍子內段3606地號,2040.0,農,,,1150415,土地1建物0車位0,,,其他,,,,0.0,0,0,0,無,無,9000000,4412,,0.0,0,農作物；,RPTNMLSJOHLGFJE96DA,0.0,0.0,0.0,無,
茄萣區,房地(土地+建物),高雄市茄萣區建民街５８巷２號,99.04,住,,,1150424,土地2建物1車位0,全,四層,透天厝,住商用,鋼筋混凝土造,0830817,197.91,5,2,4,有,無,5800000,29306,,0.0,0,,RPOOMLQKOHLGFJE09DA,181.38,0.0,16.53,無,
湖內區,房地(土地+建物),高雄市湖內區福安路７號四樓之２,27.2,住,,,1150415,土地1建物1車位0,四層,五層,華廈(10層含以下有電梯),住家用,鋼筋混凝土造,1141117,71.59,2,2,2,有,有,6350000,88700,,0.0,0,土地價款:254萬元整房屋價款:381萬元整,RPWNMLRKOHLGFJE27DA,46.76,0.0,4.73,有,
大寮區,土地,大寮段芎蕉腳小段2373-7地號,465.68,農,,,1150422,土地2建物0車位0,,,其他,,,,0.0,0,0,0,無,無,14000000,30064,,0.0,0,未登記建物；,RPPNMLLKOHLGFLE78DA,0.0,0.0,0.0,無,0122
鼓山區,房地(土地+建物),高雄市鼓山區明誠三路６６９號三樓之１,9.22,商,,,1150407,土地1建物1車位0,三層,十四層,住宅大樓(11層含以上有電梯),住家用,鋼筋混凝土造,0931006,88.74,2,2,1,有,有,9300000,104801,,0.0,0,,RPWNMLTJMHLGFAE88DA,55.65,0.0,5.78,有,0123
鼓山區,房地(土地+建物),高雄市鼓山區美術北三路２３１號十五樓,9.26,商,,,1150410,土地1建物1車位0,十五層,十五層,住宅大樓(11層含以上有電梯),住家用,鋼筋混凝土造,0951030,90.98,3,1,1,有,有,9000000,98923,,0.0,0,,RPQNMLKKMHLGFAE47DA,58.89,0.0,3.92,有,0124
鼓山區,房地(土地+建物)+車位,高雄市鼓山區美術東四路６９８號二十二樓之２,7.38,住,,,1150423,土地1建物1車位1,二十二層,二十四層,住宅大樓(11層含以上有電梯),住家用,鋼筋混凝土,1120920,97.93,1,1,1,有,有,11500000,117431,坡道平面,21.33,0,,RPSNMLRKOHLGFAE58DA,37.13,0.0,11.58,有,0125
鹽埕區,房地(土地+建物),高雄市鹽埕區北端街７巷１０之３號,52.54,住,,,1150430,土地5建物1車位0,四層,四層,公寓(5樓含以下無電梯),住家用,鋼筋混凝土造,0650519,69.29,3,1,1,有,無,2350000,33915,,0.0,0,頂樓加蓋；其他增建；,RPTOMLRKOHLGFAE78DA,69.29,0.0,0.0,無,0126
苓雅區,房地(土地+建物)+車位,高雄市苓雅區和平一路７８號三樓之２,15.78,都市：其他:第二種特定商業專用區,,,1150422,土地2建物1車位1,三層,十四層,住宅大樓(11層含以上有電梯),住家用,鋼筋混凝土造,0940428,162.22,3,2,2,有,有,12800000,78905,坡道機械,6.97,0,,RPSOMLQKOHLGFBE68DA,92.18,5.14,15.41,有,0127
小港區,房地(土地+建物),高雄市小港區平和二路４３巷２１弄３之３號,40.25,住,,,1150419,土地1建物1車位0,四層,四層,公寓(5樓含以下無電梯),住家用,鋼筋混凝土造,0670920,86.77,3,2,2,有,無,2200000,25354,,0.0,0,,RPSNMLRKOHLGFCE78DA,79.19,0.0,7.58,無,
三民區,房地(土地+建物)+車位,高雄市三民區褒揚街１８２號十樓,11.52,商,,,1150419,土地1建物1車位1,十層,十五層,住宅大樓(11層含以上有電梯),住家用,鋼筋混凝土,1140213,147.75,2,2,2,有,有,19200000,133589,坡道平面,22.74,2500000,實品屋含裝潢，不含飾品、寢具、地毯等,RPSOMLRLMHLGFDE88DA,70.24,0.0,10.02,有,
三民區,房地(土地+建物)+車位,高雄市三民區大豐二路３５號十二樓之３,9.11,商,,,1150406,土地1建物1車位1,十二層,二十九層,住宅大樓(11層含以上有電梯),住家用,鋼筋混凝土,1140703,162.31,3,2,2,有,有,15400000,94880,坡道平面,34.14,0,,RPWOMLMJOHLGFDE78DA,77.37,0.0,7.4,有,0128
三民區,房地(土地+建物),高雄市三民區河堤路５３６號六樓,23.27,住,,,1150426,土地1建物1車位0,六層，七層,十四層,住宅大樓(11層含以上有電梯),住家用,鋼筋混凝土造,0861220,175.19,5,2,2,有,有,12800000,73064,,0.0,0,樓中樓6樓之客廳天花板加蓋其他增建；,RPROMLLKOHLGFDE28DA,121.83,0.0,10.09,有,
三民區,房地(土地+建物),高雄市三民區民壯路１１號,22.7,住,,,1150414,土地1建物1車位0,一層,五層,公寓(5樓含以下無電梯),,鋼筋混凝土造,0730322,84.51,3,1,1,有,無,5500000,65081,,0.0,0,其他增建；,RPOOMLQKOHLGFDE48DA,68.24,3.15,0.0,無,
楠梓區,房地(土地+建物)+車位,高雄市楠梓區監理南街１５號六樓,15.11,住,,,1150425,土地1建物1車位1,六層,二十六層,住宅大樓(11層含以上有電梯),住家用,鋼筋混凝土,1140501,175.98000000000002,3,2,2,有,有,19280000,109749,坡道平面,18.53,2000000,,RPOOMLRJNHLGFEE48DA,90.55,0.0,11.79,有,
楠梓區,房地(土地+建物)+車位,高雄市楠梓區監理南街１號十四樓,12.41,住,,,1150429,土地1建物1車位1,十四層,二十六層,住宅大樓(11層含以上有電梯),住家用,鋼筋混凝土,1140501,147.86,2,2,2,有,有,17140000,118611,坡道平面,18.53,1800000,,RPROMLRJNHLGFEE78DA,73.31,0.0,10.73,有,
楠梓區,房地(土地+建物),高雄市楠梓區大學十街４７８號七樓之３,16.73,住,,,1150429,土地1建物1車位0,七層,十五層,住宅大樓(11層含以上有電梯),住家用,鋼筋混凝土,1050112,98.16,2,1,1,有,有,7500000,76406,,0.0,0,,RPWOMLOJOHLGFEE09DA,61.08,0.0,3.7,有,0129
楠梓區,房地(土地+建物)+車位,高雄市楠梓區加昌路２７９巷３之２號四樓,14.27,住,,,1150418,土地1建物1車位1,四層,十一層,住宅大樓(11層含以上有電梯),住家用,鋼筋混凝土,1141023,115.34,3,1,2,有,有,12190000,106881,一樓平面,20.0,2000000,,RPRQMLKKOHLGFEE48DA,58.84,0.0,4.33,有,
左營區,房地(土地+建物),高雄市左營區文府路２９４巷１０號,84.78,住,,,1150412,土地1建物1車位0,全,四層,透天厝,住家用,見使用執照,0930223,210.96,5,2,4,有,無,26500000,125616,,0.0,0,其他增建:一樓前車庫、前後陽台、屋頂突出物其他增建；,RPROMLLKOHLGFEE38DA,189.55,0.0,21.41,無,0130
楠梓區,房地(土地+建物)+車位,高雄市楠梓區監理南街７號十一樓,12.35,住,,,1150415,土地1建物1車位1,十一層,二十六層,住宅大樓(11層含以上有電梯),住家用,鋼筋混凝土,1140501,146.95,2,2,2,有,有,15030000,103021,坡道平面,18.53,1800000,,RPPPMLMKOHLGFEE38DA,72.79,0.0,10.66,有,
左營區,房地(土地+建物),高雄市左營區果峰街１２巷３６號七樓之２,12.44,住,,,1150405,土地1建物1車位0,七層,十五層,住宅大樓(11層含以上有電梯),住家用,鋼筋混凝土造,0970410,121.13,3,2,2,有,有,8080000,66705,,0.0,0,,RPUNMLRKOHLGFEE56DA,74.93,0.0,8.89,有,0131
橋頭區,土地,建樹段113地號,80.36,都市：其他:道路用地,,,1150420,土地2建物0車位0,,,其他,,,,0.0,0,0,0,無,無,6005034,74727,,0.0,0,包含公共設施保留地用地；,RPVOMLQKOHLGFFE76DA,0.0,0.0,0.0,無,0132
岡山區,房地(土地+建物),高雄市岡山區新樂街１之７號十七樓,6.97,住,,,1150419,土地1建物1車位0,十七層,二十四層,住宅大樓(11層含以上有電梯),住家用,鋼筋混凝土造,0841118,103.96000000000001,3,2,2,有,有,5650000,54348,,0.0,0,,RPPOMLRKOHLGFFE88DA,70.85,0.0,7.43,有,
燕巢區,房地(土地+建物),高雄市燕巢區中西路７１巷１２號,77.29,住,,,1150429,土地1建物1車位0,全,二層,透天厝,住家用,鋼筋混凝土造,0691121,92.18,3,1,2,有,無,4660000,50553,,0.0,0,,RPRNMLSKOHLGFFE09DA,92.18,0.0,0.0,無,
鳳山區,房地(土地+建物),高雄市鳳山區仁愛路２２巷４３號,40.0,住,,,1150429,土地1建物1車位0,全,三層,透天厝,住家用,加強磚造、Ｒ．Ｃ造,0620810,97.27,4,2,4,有,無,7400000,76077,,0.0,0,一樓空地、二樓、三樓、四樓其他增建；,RPSNMLKKOHLGFGE48DA,90.06,0.0,7.21,無,0133
鳳山區,房地(土地+建物),高雄市鳳山區文龍東路６４２號,135.64,住,,,1150402,土地1建物1車位0,全,五層,透天厝,住家用,鋼筋混凝土造,1130502,460.08,6,3,8,有,無,68000000,147800,,0.0,0,,RPPOMLMKOHLGFGE48DA,424.99,0.0,35.09,有,
鳳山區,房地(土地+建物),高雄市鳳山區濱山街１５巷３７號,95.0,住,,,1150403,土地1建物1車位0,全,三層,透天厝,住家用,鋼筋混凝土造,0750505,213.2,5,2,3,有,無,17500000,82083,,0.0,0,一樓空地增建、頂樓增建。其他增建；,RPROMLMKOHLGFGE68DA,196.82,5.46,10.92,無,
鳳山區,房地(土地+建物),高雄市鳳山區海洋二路９９巷２８弄１０號,26.0,住,,,1150429,土地1建物1車位0,全,二層,透天厝,住商用,加強磚造,0680930,37.24,3,2,2,有,無,2500000,67132,,0.0,0,親友、員工、共有人或其他特殊關係間之交易；,RPSNMLSKOHLGFGE66DA,37.24,0.0,0.0,無,
旗山區,房地(土地+建物),高雄市旗山區旗南三路１６９之３號,76.75,,一般農業區,甲種建築用地,1150402,土地1建物1車位0,全,四層,透天厝,住家用,鋼筋混凝土造,0831224,152.36,5,2,4,有,無,4700000,30848,,0.0,0,其他增建；,RPRNMLNKMHLGFHE58DA,134.76,0.0,17.6,無,0134
仁武區,房地(土地+建物)+車位,高雄市仁武區京吉五路３１號五樓,20.67,商,,,1150425,土地1建物1車位1,五層,十八層,住宅大樓(11層含以上有電梯),住家用,鋼筋混凝土,1140227,159.89,3,1,2,有,有,13600000,91019,坡道平面,35.74,2300000,,RPSNMLLLNHLGFIE78DA,75.02,0.0,4.58,有,
仁武區,房地(土地+建物),高雄市仁武區永新南街５２巷２０號,147.83,住,,,1150403,土地4建物1車位0,全,四層,透天厝,住家用,鋼筋混凝土造,0941013,230.78,4,1,4,有,有,22000000,95329,,0.0,0,一樓空地增建。其他增建；,RPUNMLMKOHLGFIE09DA,213.45,0.9,16.43,無,
阿蓮區,土地,中路段2098地號,594.0,,特定農業區,特定目的事業用地,1150421,土地2建物0車位0,,,其他,,,,0.0,0,0,0,無,無,5749920,9680,,0.0,0,協議價購；,RPOOMLNLMHLGFJE68DA,0.0,0.0,0.0,無,
湖內區,房地(土地+建物),高雄市湖內區中正路二段５５７巷５號,73.92,,一般農業區,甲種建築用地,1150413,土地2建物1車位0,全,二層,透天厝,住家用,加強磚造,,84.28,3,2,2,有,無,2100000,24917,,0.0,0,房屋老舊、需要修繕,RPQNMLMLOHLGFJE88DA,84.28,0.0,0.0,無,
大寮區,房地(土地+建物),高雄市大寮區內厝路３１３號八樓,16.55,住,,,1150408,土地1建物1車位0,八層,十層,華廈(10層含以下有電梯),住家用,鋼筋混凝土造,0830205,106.16999999999999,3,2,2,有,有,4250000,40030,,0.0,0,,RPRNMLQKOHLGFLE86DA,71.75,0.0,9.82,有,
前金區,房地(土地+建物),高雄市前金區六合二路１５１巷２號九樓之３,3.92,商,,,1150430,土地1建物1車位0,九層,十五層,住宅大樓(11層含以上有電梯),住家用,鋼筋混凝土,1070712,50.050000000000004,2,1,1,有,有,3600000,71928,,0.0,0,親友、員工、共有人或其他特殊關係間之交易；,RPPNMLSKOHLGFAE48EA,27.73,0.96,5.62,有,0135
三民區,房地(土地+建物)+車位,高雄市三民區明誠一路９２號十三樓之１,16.71,住,,,1150411,土地1建物1車位1,十三層,十五層,住宅大樓(11層含以上有電梯),住家用,鋼筋混凝土造,0950303,113.44999999999999,2,1,1,有,有,8880000,78272,坡道平面,27.81,0,,RPPNMLSKOHLGFDE78EA,54.27,0.0,3.99,有,0136
鼓山區,房地(土地+建物),高雄市鼓山區昌盛路１０號十四樓之２,9.8,商,,,1150419,土地1建物1車位0,十四層,十四層,住宅大樓(11層含以上有電梯),住家用,鋼筋混凝土造,0880930,92.96,3,2,2,有,有,7500000,80680,,0.0,0,全屋就已知悉及未知悉之滲漏水情形買方願自行修繕處理，即賣方不負民法規範之滲漏水瑕疵擔保責任。,RPSOMLNLMHLGFAE18DA,60.43,3.26,6.88,有,0137
鹽埕區,房地(土地+建物),高雄市鹽埕區莒光街１６６號,57.0,商,,,1150413,土地3建物1車位0,全,三層,透天厝,住商用,加強磚造,0550406,151.39,4,2,2,有,無,15600000,103045,,0.0,0,頂樓加蓋；,RPPNMLMKOHLGFAE77DA,151.39,0.0,0.0,無,
鼓山區,房地(土地+建物)+車位,高雄市鼓山區美術東五路１１２號十五樓,35.3,都市：其他:第三種特定商業專用區,,,1150409,土地2建物1車位2,十五層,十八層,住宅大樓(11層含以上有電梯),住家用,鋼筋混凝土造,1030403,360.2,4,2,3,有,有,35000000,97168,坡道平面,66.74,0,親友、員工、共有人或其他特殊關係間之交易；,RPVNMLQKOHLGFAE78DA,178.65,0.0,15.6,有,0138
鼓山區,房地(土地+建物)+車位,高雄市鼓山區鼓山三路１２６號五樓之２,17.45,都市：其他:第四種住宅區,,,1150429,土地1建物1車位1,五層,十三層,住宅大樓(11層含以上有電梯),住家用,鋼筋混凝土,1150319,95.63,2,2,2,有,有,13100000,175686,坡道平面,31.88,1900000,,RPRNMLSKOHLGFAE58DA,53.15,0.0,8.53,有,
苓雅區,房地(土地+建物),高雄市苓雅區中山二路３７４號,74.0,商,,,1150401,土地1建物1車位0,全,三層,透天厝,住商用,加強磚造,0611026,204.72,0,0,0,無,無,26000000,127003,,0.0,0,頂樓加蓋；,RPWNMLTJMHLGFBE98DA,204.72,0.0,0.0,無,
苓雅區,房地(土地+建物),高雄市苓雅區青年一路３８４號,110.0,都市：其他:第二種特定商業專用區,,,1150415,土地1建物1車位0,全,三層,透天厝,住商用,加強磚造,0540720,292.41,0,0,0,無,無,38000000,129955,,0.0,0,其他增建；含租約；,RPXNMLKMMHLGFBE48DA,292.41,0.0,0.0,無,
苓雅區,房地(土地+建物),高雄市苓雅區青年一路３８６號,219.0,都市：其他:第二種特定商業專用區,,,1150422,土地1建物1車位0,全,二層,透天厝,住商用,加強磚造,0530812,417.1,0,0,0,無,無,77200000,185088,,0.0,0,其他增建；含租約；,RPTNMLTLNHLGFBE98DA,417.1,0.0,0.0,無,
前鎮區,房地(土地+建物),高雄市前鎮區二聖一路２００號五樓,30.29,商,,,1150428,土地1建物1車位0,五層，夾層,五層,公寓(5樓含以下無電梯),住家用,鋼筋混凝土造,0731004,134.92,4,2,2,有,無,4500000,33353,,0.0,0,增建或占用範圍:頂樓,RPOOMLTLMHLGFCE58DA,107.77,4.05,8.7,無,
小港區,房地(土地+建物),高雄市小港區高坪十一路２３２巷３２號,201.26,住,,,1150421,土地1建物1車位0,全,三層,透天厝,住家用,鋼筋混凝土造,1030828,291.46,5,3,4,有,無,20100000,68963,,0.0,0,露臺增建其他增建；,RPSOMLMJOHLGFCE28DA,274.67,0.0,16.79,無,0139
小港區,房地(土地+建物),高雄市小港區松山街１６巷３６號,73.0,住,,,1150428,土地1建物1車位0,全,二層,透天厝,住商用,加強磚造,0681121,69.54,6,2,7,有,無,11000000,158182,,0.0,0,含傢俱設備費；其他增建；,RPPOMLMKOHLGFCE08DA,69.54,0.0,0.0,無,0140
前鎮區,房地(土地+建物)+車位,高雄市前鎮區凱興街５號十八樓,31.1,住,,,1150426,土地1建物1車位2,十八層,十九層,住宅大樓(11層含以上有電梯),住家用,鋼筋混凝土,1110606,234.9,3,2,2,有,有,29200000,132011,坡道平面,45.9,4250000,,RPTOMLMKOHLGFCE48DA,92.72,8.03,17.7,有,
小港區,房地(土地+建物)+車位,高雄市小港區港平路２７號四樓,9.52,商,,,1150422,土地1建物1車位1,四層,十五層,住宅大樓(11層含以上有電梯),住家用,鋼筋混凝土,1071207,118.95,2,2,2,有,有,7700000,67007,坡道平面,24.93,1400000,,RPPOMLSKOHLGFCE68DA,52.88,4.71,4.25,有,
三民區,房地(土地+建物)+車位,高雄市三民區建武路７６巷２號六樓之３,9.86,都市：其他:第四種商業區,,,1150401,土地2建物1車位1,六層,十四層,住宅大樓(11層含以上有電梯),住家用,鋼筋混凝土造,0870122,119.50999999999999,3,2,2,有,有,8280000,69283,坡道機械,14.83,0,其他增建；,RPROMLMJMHLGFDE08DA,68.2,0.0,10.57,有,
三民區,房地(土地+建物)+車位,高雄市三民區熱河三街４０號十二樓,15.65,住,,,1150425,土地1建物1車位1,十二層,十五層,住宅大樓(11層含以上有電梯),住家用,鋼筋混凝土,1141014,141.01999999999998,2,2,2,有,有,15050000,116121,坡道平面,30.36,2200000,,RPQNMLNJNHLGFDE08DA,61.86,0.0,8.56,有,
三民區,房地(土地+建物),高雄市三民區鼎強街１５１巷３５號,129.0,住,,,1150429,土地1建物1車位0,全,四層,透天厝,住家用,鋼筋混凝土造,0780429,224.06,4,2,3,有,無,22000000,98188,,0.0,0,一樓後方增建其他增建；,RPROMLQKOHLGFDE78DA,204.63,7.07,12.36,無,
三民區,房地(土地+建物)+車位,高雄市三民區明哲路３３號九樓之１,24.2,住,,,1150423,土地1建物1車位1,九層,十八層,住宅大樓(11層含以上有電梯),住家用,鋼筋混凝土造,0821126,217.34,3,2,2,有,有,14750000,67866,坡道平面,0.0,0,鐵鋁窗增建,RPTNMLRKOHLGFDE98DA,124.31,0.44,14.77,有,0141
楠梓區,房地(土地+建物),高雄市楠梓區清平街８巷４號三樓,24.33,住,,,1150415,土地1建物1車位0,三層,九層,華廈(10層含以下有電梯),住家用,鋼筋混凝土造,0820106,129.36,4,2,3,有,有,6000000,46382,,0.0,0,含租約；,RPOQMLPJNHLGFEE48DA,90.42,3.66,10.62,有,
左營區,房地(土地+建物)+車位,高雄市左營區啟文路２１號十二樓,17.67,住,,,1150404,土地1建物1車位1,十二層,十八層,住宅大樓(11層含以上有電梯),住家用,鋼筋混凝土,1130201,186.62,3,2,2,有,有,21100000,116718,坡道平面,25.12,2250000,,RPPOMLLLNHLGFEE18DA,89.6,2.55,13.63,有,
楠梓區,房地(土地+建物)+車位,高雄市楠梓區土庫三路２５１巷１７號十樓,14.22,住,,,1150415,土地2建物1車位1,十層,十七層,住宅大樓(11層含以上有電梯),住家用,鋼筋混凝土造,1010817,129.34,3,2,2,有,有,9500000,73450,坡道平面,25.64,0,,RPSOMLMKOHLGFEE58DA,57.83,4.33,5.25,有,0142
左營區,房地(土地+建物)+車位,高雄市左營區重信路４２６號十一樓之５,8.02,商,,,1150418,土地1建物1車位1,十一層,二十四層,住宅大樓(11層含以上有電梯),住家用,鋼骨鋼筋混凝土構造,1140509,147.86,2,2,2,有,有,18500000,135891,坡道平面,31.59,2700000,,RPXOMLRKOHLGFEE96DA,65.99,0.0,9.59,有,
楠梓區,房地(土地+建物)+車位,高雄市楠梓區大學二十九路３５６號十樓,10.42,商,,,1150429,土地2建物1車位1,十層,十五層,住宅大樓(11層含以上有電梯),住家用,鋼筋混凝土,1140310,99.06,2,2,2,有,有,10050000,101454,坡道平面,13.79,0,,RPOPMLRKOHLGFEE78DA,44.82,0.0,9.6,有,0143
左營區,房地(土地+建物)+車位,高雄市左營區重立路５５８號十四樓,17.47,住,,,1150418,土地1建物1車位1,十四層,十五層,住宅大樓(11層含以上有電梯),住家用,鋼筋混凝土,1131107,140.52999999999997,3,2,2,有,有,20300000,155177,坡道平面,25.5,2450000,,RPPPMLRKOHLGFEE88DA,69.79,0.0,4.03,有,
左營區,房地(土地+建物),高雄市左營區大中二路７１１巷８號六樓之７,9.13,住,,,1150412,土地1建物1車位0,六層,十五層,住宅大樓(11層含以上有電梯),住家用,鋼筋混凝土,1140623,83.91,2,1,1,有,有,8500000,101299,,0.0,0,,RPSOMLSKOHLGFEE56DA,46.3,0.0,8.27,有,
橋頭區,房地(土地+建物),高雄市橋頭區經武路５２號十八樓之３,13.42,商,,,1150430,土地1建物1車位0,十八層,二十四層,住宅大樓(11層含以上有電梯),住家用,鋼筋混凝土造,1071220,135.14999999999998,3,2,2,有,有,11800000,87310,,0.0,0,,RPUNMLTLNHLGFFE86DA,70.73,4.58,12.93,有,0144
岡山區,房地(土地+建物),高雄市岡山區富貴南街３９巷９２號,91.28,住,,,1150411,土地1建物1車位0,全,三層,透天厝,住家用,鋼筋混凝土造,1090413,207.59,4,2,4,有,無,21000000,101161,,0.0,0,車庫、頂樓有採光罩,RPWNMLRKOHLGFFE86DA,192.77,0.0,14.82,無,0145
燕巢區,房地(土地+建物),高雄市燕巢區鳳旗路２１９巷４號,72.39,住,,,1150406,土地1建物1車位0,全,二層,透天厝,住家用,鋼筋混凝土造,0680806,101.4,3,2,1,有,無,4600000,45365,,0.0,0,其他增建；,RPVNMLSKOHLGFFE86DA,101.4,0.0,0.0,無,
鳳山區,房地(土地+建物)+車位,高雄市鳳山區瑞興路３３號十四樓,10.59,住,,,1150422,土地1建物1車位1,十四層,十五層,住宅大樓(11層含以上有電梯),住家用,鋼筋混凝土,1111229,87.35,2,1,1,有,有,7750000,88724,坡道平面,18.97,0,,RPROMLMLMHLGFGE58DA,36.53,1.4,4.18,有,0146
鳳山區,房地(土地+建物)+車位,高雄市鳳山區中山東路１９２巷１９０號十樓,28.98,住,,,1150412,土地1建物1車位1,十層,十五層,住宅大樓(11層含以上有電梯),住家用,鋼筋混凝土,1150302,166.82999999999998,3,2,2,有,有,13900000,84134,坡道平面,24.2,1900000,,RPQOMLSJNHLGFGE98DA,76.27,0.0,13.3,有,
鳳山區,房地(土地+建物)+車位,高雄市鳳山區中山東路１９２巷２０６號,30.06,住,,,1150423,土地1建物1車位2,一層,十五層,住宅大樓(11層含以上有電梯),住家用,鋼筋混凝土,1150302,174.44,3,2,2,有,有,21200000,130841,坡道平面,46.04,4400000,,RPQNMLSLNHLGFGE09DA,91.55,0.0,0.0,有,
大樹區,房地(土地+建物),高雄市大樹區統嶺路２１３號,85.58,,特定農業區,甲種建築用地,1150404,土地2建物1車位0,全,三層,透天厝,住家用,鋼筋混凝土造,0821015,165.8,4,2,3,有,無,2700000,16285,,0.0,0,其他增建；,RPVNMLTLNHLGFGE07DA,148.25,6.15,11.4,無,
鳳山區,房地(土地+建物),高雄市鳳山區文西街１３４號,78.0,住,,,1150416,土地1建物1車位0,全,二層,透天厝,住商用,加強磚造,0671127,93.6,3,3,2,有,無,9000000,96154,,0.0,0,增建至三樓其他增建；,RPRNMLMKOHLGFGE58DA,93.6,0.0,0.0,無,
仁武區,房地(土地+建物),高雄市仁武區九湖一街１０５巷１９號,77.16,住,,,1150416,土地1建物1車位0,全,四層,透天厝,住家用,鋼筋混凝土,1141119,202.85,5,2,6,有,無,24800000,122258,,0.0,0,,RPUNMLRKMHLGFIE76DA,180.27,0.0,22.58,無,
仁武區,房地(土地+建物),高雄市仁武區八德一路４６６號,61.93,都市：其他:第二種住宅區,,,1150425,土地2建物1車位0,全,四層,透天厝,住家用,鋼筋混凝土造,0931130,103.79,5,2,4,有,無,10000000,96348,,0.0,0,親友、員工、共有人或其他特殊關係間之交易；頂樓加蓋；其他增建；,RPPNMLPLMHLGFIE78DA,92.58,0.0,11.21,無,
仁武區,房地(土地+建物),高雄市仁武區名山一街１２０巷５號,90.16,住,,,1150426,土地2建物1車位0,全,四層,透天厝,住家用,鋼筋混凝土,1131204,201.54,4,2,5,有,無,19300000,95763,,0.0,0,,RPPNMLPKNHLGFIE78DA,182.61,0.0,18.93,無,
大社區,房地(土地+建物),高雄市大社區中華路１４巷５９號四樓,28.32,住,,,1150414,土地1建物1車位0,四層,五層,公寓(5樓含以下無電梯),住家用,鋼筋混凝土造,0840620,105.09,4,2,2,有,無,4050000,38538,,0.0,0,,RPRNMLMJOHLGFIE68DA,87.39,1.6,5.7,無,
鳥松區,房地(土地+建物)+車位,高雄市鳥松區球場路１６２號四樓之８,35.86,住,,,1150420,土地1建物1車位1,四層,五層,華廈(10層含以下有電梯),住家用,鋼筋混凝土,1150316,115.4,2,2,2,有,有,12600000,103726,一樓平面,16.1,2300000,,RPSOMLPKOHLGFIE66DA,61.76,0.0,8.83,有,
鳥松區,土地,育英段792地號,101.27,都市：其他:綠地,,,1150420,土地2建物0車位0,,,其他,,,,0.0,0,0,0,無,無,4896067,48347,,0.0,0,包含公共設施保留地用地；,RPVNMLQKOHLGFIE96DA,0.0,0.0,0.0,無,0147
仁武區,房地(土地+建物)+車位,高雄市仁武區赤德街１０６號十四樓,29.93,住,,,1150430,土地1建物1車位1,十四層,二十八層,住宅大樓(11層含以上有電梯),住家用,鋼筋混凝土,1140801,168.16,3,2,2,有,有,16800000,96109,坡道平面,17.81,2350000,,RPXNMLSKOHLGFIE37DA,76.42,4.94,13.77,有,
仁武區,房地(土地+建物),高雄市仁武區仁樂街２８７號,76.0,住,,,1150403,土地1建物1車位0,全,三層,透天厝,住商用,鋼筋混凝土造,0940720,171.55,4,2,3,有,無,13700000,79860,,0.0,0,一樓空地、二樓、三樓、四樓其他增建；,RPOOMLSKOHLGFIE56DA,157.45,0.0,14.1,無,
美濃區,土地,東門段554地號,38.99,商,,,1150422,土地3建物0車位0,,,其他,,,,0.0,0,0,0,無,無,600000,15389,,0.0,0,親友、員工、共有人或其他特殊關係間之交易；,RPRNMLMLOHLGFKE09DA,0.0,0.0,0.0,無,
大寮區,土地,大寮段2960地號,940.0,農,,,1150420,土地1建物0車位0,,,其他,,,,0.0,0,0,0,無,無,16500000,17553,,0.0,0,農作物；,RPQNMLKLMHLGFLE68DA,0.0,0.0,0.0,無,
大寮區,土地,山子頂段3313地號,2349.0,農,,,1150408,土地1建物0車位0,,,其他,,,,0.0,0,0,0,無,無,71057000,30250,,0.0,0,未登記建物；,RPTNMLSLNHLGFLE27DA,0.0,0.0,0.0,無,
大寮區,房地(土地+建物)+車位,高雄市大寮區琉球路１６９號七樓之３,24.32,住,,,1150429,土地1建物1車位1,七層,七層,華廈(10層含以下有電梯),住家用,鋼筋混凝土造,1110614,102.49000000000001,3,1,2,有,有,7770000,75812,坡道平面,21.66,0,,RPRNMLSKOHLGFLE07DA,52.97,0.0,5.13,有,0148
大寮區,房地(土地+建物),高雄市大寮區鳳林二路２９３之２號,356.05,工,,,1150402,土地2建物1車位0,全,一層,透天厝,工業用,鋼造,0850405,307.5,0,0,0,無,無,31200000,101463,,0.0,0,壹樓空地增建。本標的土地買賣價新台幣:貳仟柒佰萬元正；建物買賣價新台幣:肆佰貳拾萬元正。頂樓加蓋；其他增建；,RPVNMLSKOHLGFLE47DA,307.5,0.0,0.0,無,
小港區,房地(土地+建物),高雄市小港區桂陽路９３號,111.0,住,,,1150428,土地1建物1車位0,全,五層,透天厝,住家用,鋼筋混凝土造,1140414,338.88,4,3,6,有,無,39000000,115085,,0.0,0,土地價格:2457萬建物價格:1443萬,RPPNMLSKOHLGFCE68EA,317.62,0.0,21.26,有,
鼓山區,房地(土地+建物)+車位,高雄市鼓山區美術北五街３１號二十五樓,21.83,住,,,1150428,土地1建物1車位2,二十五層,二十七層,住宅大樓(11層含以上有電梯),住家用,鋼筋混凝土造,1020301,266.86,4,2,2,有,有,27610000,103462,坡道平面,33.32,0,,RPVNMLMKOHLGFAE38DA,131.76,4.82,14.72,有,0149
鼓山區,房地(土地+建物)+車位,高雄市鼓山區美術東四路６９６號四樓之９,14.72,住,,,1150413,土地1建物1車位1,四層,二十四層,住宅大樓(11層含以上有電梯),住家用,鋼筋混凝土,1120920,174.24,2,2,2,有,有,22540000,129362,坡道平面,21.33,0,附贈冷氣3台.簡易傢俱,RPVNMLPKOHLGFAE68DA,74.02,0.0,23.18,有,0150
鹽埕區,房地(土地+建物),高雄市鹽埕區莒光街３號４樓之２,19.19,商,,,1150402,土地2建物1車位0,四層,五層,公寓(5樓含以下無電梯),住家用,鋼筋混凝土造,0721027,93.47,1,1,2,有,無,6000000,64192,,0.0,0,,RPPNMLNLOHLGFAE97DA,75.18,0.0,3.05,無,0151
苓雅區,房地(土地+建物)+車位,高雄市苓雅區輔仁路１１０號,21.74,都市：其他:第二種特定商業專用區,,,1150414,土地2建物1車位1,一層，二層，騎樓,八層,華廈(10層含以下有電梯),住商用,鋼筋混凝土造,0840510,139.67000000000002,1,2,2,有,有,18380000,131596,坡道機械,0.0,0,,RPQNMLLLMHLGFBE77DA,101.4,4.63,4.22,有,
苓雅區,房地(土地+建物),高雄市苓雅區四維四路５號３樓之１,10.38,商,,,1150427,土地1建物1車位0,三層,十二層,住宅大樓(11層含以上有電梯),住家用,鋼筋混凝土造,0700625,119.3,3,2,2,有,有,6680000,55993,,0.0,0,買賣總價新台幣陸佰陸拾捌萬元整。土地持分136/100000及建物總價新台幣玖拾伍萬元整；土地持分4699/400000總價新台幣伍佰柒拾參萬元整。,RPUNMLRLMHLGFBE78DA,94.38,0.0,8.2,有,0152
苓雅區,房地(土地+建物),高雄市苓雅區七賢一路６９號十樓,6.56,商,,,1150415,土地1建物1車位0,十層,十五層,住宅大樓(11層含以上有電梯),住家用,鋼筋混凝土,1141215,88.23,2,2,2,有,有,11220000,127168,,0.0,0,,RPVNMLOKNHLGFBE58DA,55.91,0.0,4.18,有,
苓雅區,房地(土地+建物),高雄市苓雅區七賢一路６７號二樓,5.26,商,,,1150412,土地1建物1車位0,二層,十五層,住宅大樓(11層含以上有電梯),住家用,鋼筋混凝土,1141215,70.66,2,2,2,有,有,8980000,127087,,0.0,0,含裝潢費；,RPQNMLKLNHLGFBE77DA,43.3,0.0,4.82,有,
苓雅區,房地(土地+建物),高雄市苓雅區七賢一路６７號五樓,5.26,商,,,1150425,土地1建物1車位0,五層,十五層,住宅大樓(11層含以上有電梯),住家用,鋼筋混凝土,1141215,70.66,2,2,2,有,有,9400000,133031,,0.0,0,含裝潢費；,RPVNMLKLNHLGFBE28DA,43.3,0.0,4.82,有,
苓雅區,房地(土地+建物)+車位,高雄市苓雅區七賢一路６９號七樓,6.56,商,,,1150422,土地1建物1車位1,七層,十五層,住宅大樓(11層含以上有電梯),住家用,鋼筋混凝土,1141215,99.38,2,2,2,有,有,12360000,124221,塔式車位,11.15,1400000,,RPQNMLLLNHLGFBE87DA,55.91,0.0,4.18,有,
苓雅區,房地(土地+建物),高雄市苓雅區凱旋二路７巷４０之１號,34.1,住,,,1150425,土地2建物1車位0,二層,五層,公寓(5樓含以下無電梯),住家用,鋼筋混凝土造,0660119,99.35,3,2,2,有,無,4500000,45294,,0.0,0,陽台外推；其他增建；,RPVNMLTJOHLGFBE09DA,99.35,0.0,0.0,無,
苓雅區,房地(土地+建物),高雄市苓雅區中正二路１６１號九樓之１,15.26,住,,,1150416,土地3建物1車位0,九層,十二層,住宅大樓(11層含以上有電梯),住家用,鋼筋混凝土造,0690320,115.44,4,2,2,有,有,9800000,84893,,0.0,0,其他增建；,RPVNMLLKOHLGFBE38DA,101.85,0.0,0.0,有,0153
苓雅區,房地(土地+建物),高雄市苓雅區苓雅二路７０巷１４號,29.0,都市：其他:道路用地,,,1150427,土地2建物1車位0,全,二層,透天厝,住商用,加強磚造,0561221,36.0,5,1,4,有,無,6000000,166667,,0.0,0,買方為共有人，與賣方二人為兄妹關係親友、員工、共有人或其他特殊關係間之交易；頂樓加蓋；其他增建；,RPQNMLRKOHLGFBE48DA,36.0,0.0,0.0,無,0154
前鎮區,建物,高雄市前鎮區廣西路２０１號三樓之５,0.0,,,,1150426,土地0建物1車位1,三層,十六層,住宅大樓(11層含以上有電梯),住家用,鋼筋混凝土,1070620,122.81,2,2,1,有,有,6800000,55370,坡道平面,24.86,0,建物坐落地號：盛興段1492地號；含傢俱設備費；,RPRNMLPJOHLGFCE38DA,55.85,5.27,2.92,有,0155
三民區,房地(土地+建物),高雄市三民區九如一路８６３之６號,21.87,住,,,1150406,土地1建物1車位0,七層,七層,華廈(10層含以下有電梯),住家用,鋼筋混凝土造,0671216,69.75,3,2,1,有,無,3200000,45878,,0.0,0,,RPSPMLRJMHLGFDE78DA,69.75,0.0,0.0,有,
三民區,房地(土地+建物),高雄市三民區皓東路１３５號十五樓之７,6.35,商,,,1150419,土地1建物1車位0,十五層,十五層,住宅大樓(11層含以上有電梯),住家用,鋼筋混凝土,1110624,72.45,2,1,1,有,有,8450000,116632,,0.0,0,含傢俱設備費；,RPWNMLLLMHLGFDE58DA,43.25,0.0,3.84,有,0156
楠梓區,房地(土地+建物)+車位,高雄市楠梓區大學二十街２７號四樓,13.77,商,,,1150420,土地1建物1車位1,四層,二十三層,住宅大樓(11層含以上有電梯),住家用,鋼筋混凝土,1070502,166.48000000000002,3,2,2,有,有,12350000,74183,坡道平面,28.04,0,含傢俱設備費；,RPSOMLLLMHLGFEE38DA,68.28,4.84,14.86,有,0157
左營區,房地(土地+建物)+車位,高雄市左營區大中二路７７７號十五樓,15.59,住,,,1150410,土地1建物1車位1,十五層,十五層,住宅大樓(11層含以上有電梯),住家用,鋼筋混凝土造,1000628,142.73000000000002,3,2,2,有,有,11000000,77069,坡道平面,15.05,0,含傢俱設備費；親友、員工、共有人或其他特殊關係間之交易；,RPSOMLTLMHLGFEE56DA,73.19,1.09,14.01,有,
楠梓區,房地(土地+建物)+車位,高雄市楠梓區裕昌街２０１號八樓,12.1,商,,,1150419,土地1建物1車位1,八層,十五層,住宅大樓(11層含以上有電梯),住家用,鋼筋混凝土造,1011225,143.53,3,2,2,有,有,11800000,82213,坡道平面,28.69,0,含傢俱設備費；,RPQOMLKMMHLGFEE18DA,74.14,0.0,3.6,有,0158
左營區,房地(土地+建物),高雄市左營區重美街１８巷３１號,99.22,住,,,1150421,土地1建物1車位0,全,四層,透天厝,住家用,鋼筋混凝土造,1000413,226.1,6,2,4,有,無,26500000,117205,,0.0,0,其他增建；,RPUNMLLKNHLGFEE48DA,198.29,7.87,19.94,無,0159
楠梓區,房地(土地+建物)+車位,高雄市楠梓區寶溪北街２２０號八樓,13.86,住,,,1150419,土地1建物1車位1,八層,十五層,住宅大樓(11層含以上有電梯),住家用,鋼筋混凝土,1140514,104.76,2,2,1,有,有,10800000,106523,坡道平面,21.21,1900000,含裝潢費；,RPSPMLRKOHLGFEE56DA,39.9,0.0,12.91,有,
楠梓區,房地(土地+建物)+車位,高雄市楠梓區旗楠路８８５號十五樓,16.98,都市：其他:第二種特定商業專用區,,,1150414,土地2建物1車位1,十五層,十七層,住宅大樓(11層含以上有電梯),住家用,鋼筋混凝土造,0831014,164.0,4,2,2,有,有,9500000,57923,坡道平面,0.0,0,,RPPNMLSKOHLGFEE78DA,102.14,0.0,12.41,有,0160
楠梓區,房地(土地+建物)+車位,高雄市楠梓區金富街１３號五樓,17.41,住,,,1150424,土地1建物1車位1,五層,十五層,住宅大樓(11層含以上有電梯),住家用,鋼筋混凝土,1140618,140.23000000000002,3,2,2,有,有,13500000,96270,坡道平面,19.46,0,,RPSOMLMLOHLGFEE68DA,59.67,0.0,16.62,有,0161
橋頭區,房地(土地+建物)+車位,高雄市橋頭區經武路１１３０巷９１號十五樓,16.29,住,,,1150408,土地1建物1車位1,十五層,十五層,住宅大樓(11層含以上有電梯),住家用,鋼筋混凝土造,1100128,135.17000000000002,3,2,2,有,有,12000000,88777,坡道平面,27.99,0,,RPUTMLTJMHLGFFE17DA,55.37,9.34,7.13,有,0162
橋頭區,房地(土地+建物),高雄市橋頭區新東五街５０號,147.14,住,,,1150430,土地2建物1車位0,全,四層,透天厝,住家用,鋼筋混凝土造,1021028,380.81,6,2,4,有,有,7700000,20220,,0.0,0,親友、員工、共有人或其他特殊關係間之交易；,RPWOMLSJNHLGFFE86DA,274.89,0.0,9.53,有,0163
梓官區,房地(土地+建物),高雄市梓官區大舍東路聖公巷８１號,95.65,,鄉村區,乙種建築用地,1150430,土地1建物1車位0,全,四層,透天厝,住家用,鋼筋混凝土造,1091125,196.52,4,2,3,有,無,17000000,86505,,0.0,0,含裝潢費；含傢俱設備費；其他增建；,RPQNMLLKNHLGFFE18DA,176.49,0.0,20.03,無,0164
梓官區,房地(土地+建物),高雄市梓官區赤崁南路２３巷２２之３號,92.33,,鄉村區,乙種建築用地,1150430,土地2建物1車位0,全,二層,透天厝,住家用,加強磚造,0701029,91.7,4,1,3,有,無,3500000,38168,,0.0,0,親友、員工、共有人或其他特殊關係間之交易；,RPSNMLKKOHLGFFE38DA,91.7,0.0,0.0,無,
梓官區,房地(土地+建物),高雄市梓官區仁愛路１００號,65.52,住,,,1150409,土地1建物1車位0,全,二層,透天厝,住商用,加強磚造,0690322,87.66,5,2,3,有,無,6500000,74150,,0.0,0,建築物含有增建部分：一樓空地、頂樓、一樓增建沿著加蓋、三樓後、前方增建。,RPROMLQKOHLGFFE98DA,87.66,0.0,0.0,無,0165
鳳山區,房地(土地+建物)+車位,高雄市鳳山區鳳甲二街１２５巷１０號三樓,34.76,住,,,1150425,土地1建物1車位1,三層,十二層,住宅大樓(11層含以上有電梯),住家用,鋼筋混凝土造,0900622,171.15,4,2,2,有,有,11500000,67193,坡道平面,19.81,0,,RPSOMLMJOHLGFGE68DA,99.28,0.0,13.2,有,0166
大樹區,房地(土地+建物),高雄市大樹區小坪路６０之１號,187.39,,鄉村區,乙種建築用地,1150406,土地1建物1車位0,全,三層,透天厝,住家用,鋼筋混凝土造,0850408,235.8,5,2,3,有,無,7300000,30958,,0.0,0,其他增建；,RPRNMLSKOHLGFGE56DA,229.3,0.0,6.5,無,
鳳山區,房地(土地+建物),高雄市鳳山區光復路二段２７５號十二樓,13.73,住,,,1150410,土地1建物1車位0,十二層,十六層,住宅大樓(11層含以上有電梯),住家用,鋼筋混凝土造,0860228,120.61000000000001,3,2,2,有,有,7500000,62184,,0.0,0,前陽台外推；增設鋁窗裝置。親友、員工、共有人或其他特殊關係間之交易；其他增建；,RPRNMLMLOHLGFGE68DA,75.42,1.64,12.7,有,
鳥松區,土地,大丘園段487地號,2958.66,,一般農業區,農牧用地,1150428,土地1建物0車位0,,,其他,,,,0.0,0,0,0,無,無,32000000,10816,,0.0,0,未登記建物；,RPROMLRLMHLGFIE66DA,0.0,0.0,0.0,無,0167
鳥松區,房地(土地+建物),高雄市鳥松區美勝五街９５號,157.3,住,,,1150417,土地1建物1車位0,全,五層,透天厝,住家用,鋼筋混凝土,1140807,398.35,4,2,6,有,無,39000000,97904,,0.0,0,,RPPNMLTJOHLGFIE56DA,365.82,0.0,32.53,有,
仁武區,土地,觀音湖段690地號,469.46,農,,,1150430,土地10建物0車位0,,,其他,,,,0.0,0,0,0,無,無,14500000,30887,,0.0,0,未登記建物；,RPSNMLMLOHLGFIE98DA,0.0,0.0,0.0,無,0168
美濃區,土地,竹頭角段2798地號,1124.0,,特定農業區,農牧用地,1150424,土地1建物0車位0,,,其他,,,,0.0,0,0,0,無,無,2100000,1868,,0.0,0,,RPPNMLPLMHLGFKE98DA,0.0,0.0,0.0,無,
大寮區,房地(土地+建物),高雄市大寮區江山路７３之２９號二樓,24.94,住,,,1150407,土地1建物1車位0,二層,六層,公寓(5樓含以下無電梯),住家用,鋼筋混凝土造,0821111,133.92,3,2,2,有,無,4700000,35096,,0.0,0,,RPROMLTLMHLGFLE17DA,84.54,0.0,21.17,無,0169
大寮區,房地(土地+建物),高雄市大寮區民族路２０７巷１號,86.25,住,,,1150417,土地2建物1車位0,全,四層,透天厝,住家用,鋼筋混凝土造,0961211,191.2,5,2,4,有,無,13700000,71653,,0.0,0,其他增建；,RPQNMLSLNHLGFLE96DA,184.1,1.32,5.78,無,0170
大寮區,房地(土地+建物)+車位,高雄市大寮區內厝路１８５巷２弄３號,21.71,住,,,1150428,土地1建物1車位1,一層,十二層,住宅大樓(11層含以上有電梯),住家用,鋼筋混凝土造,0821228,126.82000000000001,3,2,2,有,有,6800000,53619,坡道平面,0.0,0,,RPRNMLOJOHLGFLE56DA,84.96,10.99,0.0,有,0171
林園區,房地(土地+建物),高雄市林園區王公路４６之３號五樓,12.08,住,,,1150408,土地1建物1車位0,五層,十四層,住宅大樓(11層含以上有電梯),住家用,鋼筋混凝土造,0831110,105.35,3,2,2,有,有,4050000,38443,,0.0,0,土地買賣總價為新台幣263萬5000元整房屋買賣總價為新台幣141萬5000元整,RPSNMLNLOHLGFLE76DA,70.42,0.59,11.34,有,
鼓山區,房地(土地+建物),高雄市鼓山區中華一路３５０號八樓之２,9.21,都市：其他:第三種特定商業專用區,,,1150429,土地1建物1車位0,八層,十三層,住宅大樓(11層含以上有電梯),商業用,鋼筋混凝土造,0830422,84.58,0,1,1,有,有,7000000,82762,,0.0,0,親友、員工、共有人或其他特殊關係間之交易；,RPQNMLMLOHLGFAE08EA,60.4,0.0,0.0,有,
鳥松區,土地,大腿段1780-99地號,56.0,都市：其他:河川區,,,1150429,土地1建物0車位0,,,其他,,,,0.0,0,0,0,無,無,1200000,21429,,0.0,0,畸零地或有合併使用效益；,RPPNMLMLOHLGFIE78EA,0.0,0.0,0.0,無,
鼓山區,房地(土地+建物),高雄市鼓山區龍勝路９０號三樓,11.76,商,,,1150406,土地1建物1車位0,三層,十五層,住宅大樓(11層含以上有電梯),住家用,鋼筋混凝土造,0950126,123.83,3,2,2,有,有,12500000,100945,,0.0,0,,RPPNMLQJMHLGFAE87DA,82.37,0.0,5.87,有,0172
鼓山區,房地(土地+建物),高雄市鼓山區大榮街３４巷１號三樓之２,30.39,住,,,1150407,土地1建物1車位0,三層,五層,公寓(5樓含以下無電梯),住家用,鋼筋混凝土造,0691021,113.65,3,2,2,有,無,7150000,62912,,0.0,0,,RPUNMLMLOHLGFAE38DA,95.93,0.0,17.72,無,0173
鼓山區,房地(土地+建物),高雄市鼓山區美術北五街８６號十四樓,29.24,住,,,1150430,土地1建物1車位0,十四層,二十九層,住宅大樓(11層含以上有電梯),住家用,鋼筋混凝土,1071213,394.63,4,2,5,有,有,39200000,99334,,0.0,0,,RPVNMLMLOHLGFAE48DA,244.61,5.97,21.68,有,
鼓山區,房地(土地+建物),高雄市鼓山區明誠三路７３２號,74.0,住,,,1150417,土地1建物1車位0,全,四層,透天厝,住商用,鋼筋混凝土造,0760703,241.01,5,1,4,有,無,30000000,124476,,0.0,0,土地價金：29370000元、建物價金：630000元頂樓加蓋；未登記建物；,RPPNMLOLOHLGFAE08DA,214.07,9.96,16.98,無,
苓雅區,房地(土地+建物),高雄市苓雅區興中一路６６之１號十一樓之３,12.47,住,,,1150415,土地1建物1車位0,十一層,十二層,住宅大樓(11層含以上有電梯),,鋼筋混凝土造,0750426,106.9,3,2,2,有,有,6050000,56595,,0.0,0,含傢俱設備費；陽台外推；,RPSOMLSKNHLGFBE78DA,80.94,0.0,10.68,有,
新興區,房地(土地+建物),高雄市新興區南華橫一路１３號４樓之１２,5.5,商,,,1150429,土地1建物1車位0,四層,七層,華廈(10層含以下有電梯),住家用,鋼筋混凝土造,0830615,33.05,1,0,1,有,有,2560000,77458,,0.0,0,其他增建；,RPOOMLNLOHLGFBE08DA,20.78,0.0,3.68,有,
苓雅區,房地(土地+建物),高雄市苓雅區和平一路２９５號五樓之５,5.97,商,,,1150419,土地1建物1車位0,五層,十五層,住宅大樓(11層含以上有電梯),住家用,鋼筋混凝土造,1061110,87.15,2,2,1,有,有,8800000,100975,,0.0,0,含租約；,RPROMLNLOHLGFBE38DA,48.34,3.33,6.12,有,0174
前鎮區,房地(土地+建物),高雄市前鎮區德昌街３巷３８之４號,43.03,住,,,1150413,土地1建物1車位0,四層,四層,公寓(5樓含以下無電梯),住家用,鋼筋混凝土造,0661221,70.72,3,2,1,有,無,2800000,39593,,0.0,0,含裝潢費；含傢俱設備費；其他增建；未登記建物；,RPTNMLOKMHLGFCE38DA,70.72,0.0,0.0,無,
前鎮區,房地(土地+建物)+車位,高雄市前鎮區凱旋四路４５８號,17.05,住,,,1150425,土地2建物1車位1,一層，二層，騎樓，見其他登記事項,十五層,住宅大樓(11層含以上有電梯),住商用,鋼筋混凝土造,0970423,150.12,0,2,1,有,有,13000000,86597,坡道機械,15.33,0,土地價格拆價650萬元整，建物價格拆價650萬元整,RPRNMLPLMHLGFCE38DA,102.83,0.0,7.54,有,
三民區,房地(土地+建物)+車位,高雄市三民區水源東路４７號十五樓,14.57,住,,,1150410,土地1建物1車位1,十五層,十五層,住宅大樓(11層含以上有電梯),住家用,鋼筋混凝土,1140311,129.47,3,2,2,有,有,15980000,126295,坡道平面,20.36,2200000,,RPSNMLTLMHLGFDE98DA,65.92,0.0,4.49,有,
左營區,房地(土地+建物)+車位,高雄市左營區文自路３８５號五樓之２,14.96,住,,,1150410,土地1建物1車位1,五層,十八層,住宅大樓(11層含以上有電梯),住家用,鋼筋混凝土,1050921,193.88,3,2,2,有,有,19000000,97999,坡道機械,10.76,0,親友、員工、共有人或其他特殊關係間之交易；,RPWNMLTLNHLGFEE96DA,93.9,0.0,30.05,有,0175
楠梓區,房地(土地+建物),高雄市楠梓區壽豐路４１１號六樓,15.17,住,,,1150417,土地2建物1車位0,六層,七層,華廈(10層含以下有電梯),住家用,鋼筋混凝土造,0800423,86.58,2,2,1,有,有,5250000,60638,,0.0,0,,RPQNMLMLOHLGFEE38DA,69.82,0.0,2.46,有,
左營區,房地(土地+建物)+車位,高雄市左營區文自路５２６之１號十六樓之１,10.62,住,,,1150408,土地1建物1車位1,十六層,二十三層,住宅大樓(11層含以上有電梯),住家用,鋼筋混凝土結構造,0881020,149.72,4,2,2,有,有,10850000,72469,坡道機械,10.05,0,陽台增建、鐵鋁窗增建。,RPTOMLMLOHLGFEE78DA,92.8,3.07,12.8,有,
楠梓區,房地(土地+建物),高雄市楠梓區軍校路７６８巷４４號,59.0,住,,,1150430,土地1建物1車位0,全,二層,透天厝,住家用,加強磚造,0630401,70.94,5,2,4,有,無,7560000,106569,,0.0,0,壹樓空地、一樓增建沿著加蓋、三樓增建鐵皮夾層；其他增建；,RPVOMLMLOHLGFEE98DA,70.94,0.0,0.0,無,
左營區,房地(土地+建物)+車位,高雄市左營區重光路６５號十樓,17.09,住,,,1150417,土地1建物1車位1,十層,十四層,住宅大樓(11層含以上有電梯),住家用,鋼筋混凝土造,0870403,186.06,3,2,2,有,有,14000000,75245,坡道平面,26.36,0,,RPTNMLNLOHLGFEE78DA,109.45,0.0,13.1,有,
左營區,房地(土地+建物)+車位,高雄市左營區桃子園路２６號五樓之２,16.69,住,,,1150413,土地1建物1車位1,五層,十八層,住宅大樓(11層含以上有電梯),住家用,鋼筋混凝土,1091106,146.12,3,2,2,有,有,12880000,87532,坡道平面,16.11,1500000,,RPSOMLNLOHLGFEE78DA,68.37,5.13,10.7,有,0176
楠梓區,房地(土地+建物)+車位,高雄市楠梓區大學三十三街５６號九樓,18.9,住,,,1150426,土地1建物1車位1,九層,十五層,住宅大樓(11層含以上有電梯),住家用,鋼筋混凝土,1091110,147.79,3,2,2,有,有,11200000,75783,坡道機械,6.75,0,二房改三房,RPOPMLNLOHLGFEE48DA,71.04,3.86,15.77,有,0177
鳳山區,房地(土地+建物),高雄市鳳山區福德街８９號,90.0,住,,,1150427,土地2建物1車位0,全,二層,透天厝,住商用,加強磚造,0611230,102.77,3,2,1,有,無,11150000,108495,,0.0,0,夾層；其他增建；,RPOOMLMLOHLGFGE48DA,102.77,0.0,0.0,無,
杉林區,土地,月眉段二小段4718地號,2015.2,,特定農業區,農牧用地,1150409,土地2建物0車位0,,,其他,,,,0.0,0,0,0,無,無,3800000,1886,,0.0,0,,RPQNMLMJOHLGFHE48DA,0.0,0.0,0.0,無,
大社區,土地,嘉誠段501地號,3489.87,,一般農業區,農牧用地,1150407,土地3建物0車位0,,,其他,,,,0.0,0,0,0,無,無,25186000,7217,,0.0,0,農作物；,RPRNMLNLOHLGFIE98DA,0.0,0.0,0.0,無,0178
田寮區,土地,崇西段850地號,6458.25,,山坡地保育區,暫未編定,1150421,土地1建物0車位0,,,其他,,,,0.0,0,0,0,無,無,7330000,1135,,0.0,0,親友、員工、共有人或其他特殊關係間之交易；,RPPNMLPJOHLGFJE88DA,0.0,0.0,0.0,無,0179
大寮區,房地(土地+建物),高雄市大寮區長春街５２巷１２號,122.0,住,,,1150428,土地1建物1車位0,全,二層,透天厝,住家用,加強磚造,0680801,78.86,4,2,3,有,無,7770000,98529,,0.0,0,其他增建；,RPVOMLMLOHLGFLE07DA,78.86,0.0,0.0,無,
鼓山區,房地(土地+建物),高雄市鼓山區美術東四路２３０號七樓,11.71,住,,,1150415,土地2建物1車位0,七層,十五層,住宅大樓(11層含以上有電梯),住家用,鋼筋混凝土造,0951013,81.28999999999999,2,2,1,有,有,8880000,109239,,0.0,0,,RPXNMLQKOHLGFAE98DA,48.64,1.5,5.32,有,
鼓山區,房地(土地+建物),高雄市鼓山區鼓波街１６號,90.0,商,,,1150414,土地2建物1車位0,全,四層,透天厝,住家用,鋼筋混凝土造,0680629,315.65,10,1,12,有,無,18600000,58926,,0.0,0,頂樓加蓋；其他增建；,RPUNMLOLOHLGFAE58DA,315.65,0.0,0.0,無,
苓雅區,房地(土地+建物)+車位,高雄市苓雅區七賢一路８９號十樓,8.16,商,,,1150413,土地1建物1車位1,十層,二十九層,住宅大樓(11層含以上有電梯),住家用,鋼筋混凝土,1141223,172.34,2,2,2,有,有,20350000,119588,坡道平面,22.66,2450000,,RPVNMLSKNHLGFBE98DA,84.52,0.0,10.18,有,
苓雅區,房地(土地+建物),高雄市苓雅區中正二路１６１號九樓之２,10.18,住,,,1150417,土地3建物1車位0,九層,十二層,住宅大樓(11層含以上有電梯),住家用,鋼筋混凝土造,0690320,77.29,2,1,1,有,有,6800000,87980,,0.0,0,其他增建；,RPSNMLNLOHLGFBE38DA,68.23,0.0,0.0,有,
前鎮區,房地(土地+建物),高雄市前鎮區樹人路２８５號四樓,16.96,商,,,1150411,土地2建物1車位0,四層,八層,華廈(10層含以下有電梯),住家用,鋼筋混凝土造,0820507,172.94,3,2,2,有,有,9000000,52041,,0.0,0,雙方約定買方免除賣方一般物之瑕疵擔保責任，點交後屋況瑕疵由買方 自行負責,RPQPMLPKOHLGFCE58DA,109.45,0.0,13.45,有,
小港區,房地(土地+建物),高雄市小港區德文街５２巷６號,75.27,住,,,1150416,土地2建物1車位0,全,四層,透天厝,住家用,鋼筋混凝土,1140321,186.3,4,2,4,有,無,20800000,111648,,0.0,0,土地價格為 1144萬，建物價格為936萬,RPXNMLQKOHLGFCE56DA,159.93,0.0,26.37,無,
前鎮區,房地(土地+建物),高雄市前鎮區明衙路８７巷２８號,60.28,商,,,1150411,土地1建物1車位0,全,二層,透天厝,住家用,加強磚造,0500701,71.28,4,2,3,有,無,4200000,58923,,0.0,0,其他增建；,RPSNMLSKOHLGFCE88DA,71.28,0.0,0.0,無,
前鎮區,房地(土地+建物)+車位,高雄市前鎮區翠村街４５號十五樓之２,13.3,住,,,1150405,土地2建物1車位1,十五層,十五層,住宅大樓(11層含以上有電梯),住家用,鋼筋混凝土造,0970423,138.04,3,2,2,有,有,11880000,86062,坡道機械,15.33,0,,RPVNMLNLOHLGFCE78DA,76.51,0.0,10.68,有,
前鎮區,房地(土地+建物)+車位,高雄市前鎮區三多三路８５號十二樓之１,14.02,商,,,1150421,土地1建物1車位1,十二層,十四層,住宅大樓(11層含以上有電梯),住家用,鋼筋混凝土造,0940504,182.73000000000002,4,2,2,有,有,17550000,96043,坡道平面,21.97,0,,RPOOMLPLOHLGFCE38DA,101.46,0.0,10.08,有,
三民區,房地(土地+建物),高雄市三民區九如一路９５２號五樓之１５,4.52,住,,,1150403,土地2建物1車位0,五層,十三層,住宅大樓(11層含以上有電梯),住家用,鋼筋混凝土造,0850214,47.72,1,1,1,有,有,2780000,58256,,0.0,0,,RPUNMLSJOHLGFDE09DA,25.38,0.0,6.48,有,
三民區,房地(土地+建物),高雄市三民區同盟三路２７２號十一樓之１,11.05,住,,,1150426,土地1建物1車位0,十一層，電梯樓梯間,二十四層,住宅大樓(11層含以上有電梯),住家用,鋼筋混凝土造,0830728,155.53,3,2,2,有,有,9480000,60953,,0.0,0,鐵鋁窗增建、遮雨棚增建。其他增建；,RPPNMLQKOHLGFDE48DA,118.88,0.0,9.18,有,
三民區,房地(土地+建物)+車位,高雄市三民區義華路４２６號九樓之３,28.97,住,,,1150410,土地1建物1車位1,九層，十層,十四層,住宅大樓(11層含以上有電梯),住家用,鋼筋混凝土造,0850306,175.76,4,2,2,有,有,11500000,65430,坡道機械,0.0,0,,RPRNMLMLOHLGFDE38DA,94.03,3.38,25.35,有,
三民區,房地(土地+建物),高雄市三民區吉林街２６５巷１８號,58.0,住,,,1150412,土地1建物1車位0,全,二層,透天厝,住家用,加強磚造,0630226,73.17,3,3,2,有,無,8360000,114254,,0.0,0,一樓空地增建、鐵皮屋頂增建、一樓增建沿著加蓋。夾層；其他增建；,RPQNMLOLOHLGFDE48DA,73.17,0.0,0.0,無,
三民區,房地(土地+建物)+車位,高雄市三民區順昌街２３號十樓,8.44,商,,,1150416,土地1建物1車位1,十層,十八層,住宅大樓(11層含以上有電梯),住家用,鋼筋混凝土,1120719,136.98000000000002,3,2,2,有,有,15600000,113885,坡道平面,27.58,0,,RPRNMLOLOHLGFDE58DA,64.1,2.35,6.97,有,
楠梓區,房地(土地+建物),高雄市楠梓區藍昌路３４９巷９２號,77.0,住,,,1150428,土地1建物1車位0,全,二層,透天厝,住商用,加強磚造,0690901,111.56,4,2,5,有,無,11600000,103980,,0.0,0,其他增建為頂樓增建+鐵皮屋頂其他增建；,RPSNMLTJOHLGFEE09DA,111.56,0.0,0.0,無,
楠梓區,房地(土地+建物)+車位,高雄市楠梓區惠義街２１０號十四樓,15.23,住,,,1150417,土地1建物1車位1,十四層,十四層,住宅大樓(11層含以上有電梯),住家用,鋼筋混凝土,1150128,119.81,1,2,2,有,有,10900000,105227,坡道平面,33.33,1800000,,RPUOMLKKOHLGFEE58DA,51.62,0.0,3.73,有,
楠梓區,房地(土地+建物)+車位,高雄市楠梓區惠義街２１２號六樓,23.95,住,,,1150408,土地1建物1車位1,六層,十四層,住宅大樓(11層含以上有電梯),住家用,鋼筋混凝土,1150128,169.3,3,2,2,有,有,14760000,96051,坡道平面,33.33,1700000,,RPOPMLKKOHLGFEE08DA,73.09,0.0,13.93,有,
楠梓區,房地(土地+建物)+車位,高雄市楠梓區惠義街２１２號四樓,23.95,住,,,1150409,土地1建物1車位1,四層,十四層,住宅大樓(11層含以上有電梯),住家用,鋼筋混凝土,1150128,169.3,3,2,2,有,有,14080000,91049,坡道平面,33.33,1700000,,RPUNMLSKOHLGFEE66DA,73.09,0.0,13.93,有,
楠梓區,房地(土地+建物)+車位,高雄市楠梓區惠義街２１０號十樓,15.23,住,,,1150407,土地1建物1車位1,十層,十四層,住宅大樓(11層含以上有電梯),住家用,鋼筋混凝土,1150128,119.81,1,2,2,有,有,11660000,114015,坡道平面,33.33,1800000,含裝潢費；,RPVNMLSKOHLGFEE76DA,51.62,0.0,3.73,有,
楠梓區,房地(土地+建物)+車位,高雄市楠梓區惠義街２０８號三樓,15.23,住,,,1150423,土地1建物1車位1,三層,十四層,住宅大樓(11層含以上有電梯),住家用,鋼筋混凝土,1150128,119.81,1,2,2,有,有,10660000,103608,坡道平面,33.33,1700000,含裝潢費；,RPWNMLSKOHLGFEE86DA,51.62,0.0,3.73,有,
楠梓區,房地(土地+建物),高雄市楠梓區啟昌街２０８號,36.5,住,,,1150403,土地1建物1車位0,全,二層,透天厝,住家用,加強磚造,0720406,51.21,4,2,4,有,無,4500000,87873,,0.0,0,親友、員工、共有人或其他特殊關係間之交易；,RPXOMLSKOHLGFEE07DA,43.74,7.47,0.0,無,
左營區,房地(土地+建物),高雄市左營區榮總路１８３巷２２號九樓之１,11.22,住,,,1150424,土地1建物1車位0,九層,十四層,住宅大樓(11層含以上有電梯),住家用,鋼筋混凝土造,0950629,129.9,3,2,2,有,有,11000000,84681,,0.0,0,陽台外推；,RPQNMLNLOHLGFEE48DA,77.19,0.0,18.34,有,
左營區,房地(土地+建物),高雄市左營區博愛四路２５５號十四樓之７,4.37,商,,,1150412,土地1建物1車位0,十四層,三十四層,住宅大樓(11層含以上有電梯),住家用,鋼骨鋼筋混凝土構造、鋼筋混凝土造,1141014,85.77,2,2,1,有,有,9700000,113093,,0.0,0,,RPWOMLNLOHLGFEE56DA,41.23,1.16,13.12,有,
鳳山區,房地(土地+建物)+車位,高雄市鳳山區高鳳一路４８號四樓,20.88,住,,,1150430,土地1建物1車位1,四層,十五層,住宅大樓(11層含以上有電梯),住家用,鋼筋混凝土,1030810,146.02999999999997,3,2,2,有,有,9700000,66425,坡道平面,28.36,0,,RPOOMLTLNHLGFGE09DA,68.16,3.36,5.69,有,
大樹區,房地(土地+建物),高雄市大樹區九曲路２２２號,100.18,住,,,1150430,土地3建物1車位0,全,二層,透天厝,住商用,加強磚造,0690715,114.81,4,2,2,有,無,5800000,50518,,0.0,0,,RPWNMLSKOHLGFGE07DA,114.81,0.0,0.0,無,
鳳山區,房地(土地+建物),高雄市鳳山區建國路三段８３之１號十三樓,6.64,住,,,1150423,土地1建物1車位0,十三層,二十八層,住宅大樓(11層含以上有電梯),住家用,鋼筋混凝土,0961215,79.1,2,2,1,有,有,6900000,87231,,0.0,0,含傢俱設備費；,RPPPMLNLOHLGFGE78DA,43.93,1.2,7.94,有,
鳥松區,房地(土地+建物)+車位,高雄市鳥松區明湖路１１號十三樓之１,58.15,住,,,1150423,土地1建物1車位2,十三層,十五層,住宅大樓(11層含以上有電梯),住家用,鋼筋混凝土造,0970115,306.69,3,2,2,有,有,28000000,91297,坡道平面,55.44,0,冷氣附贈,RPPOMLOLMHLGFIE78DA,150.41,10.3,16.3,有,
仁武區,房地(土地+建物)+車位,高雄市仁武區京吉三路６８號十三樓,18.94,商,,,1150410,土地1建物1車位1,十三層,十五層,住宅大樓(11層含以上有電梯),住家用,鋼筋混凝土,1090305,153.82,3,2,2,有,有,12600000,81914,坡道平面,26.91,0,,RPPNMLLKOHLGFIE48DA,71.54,1.81,8.93,有,
大社區,房地(土地+建物),高雄市大社區萬金路９２巷５號三樓,33.66,住,,,1150421,土地1建物1車位0,三層,六層,華廈(10層含以下有電梯),住家用,鋼筋混凝土造,0870407,102.77000000000001,3,2,2,有,有,5300000,51571,,0.0,0,,RPQNMLMLOHLGFIE78DA,72.9,0.0,9.39,有,
仁武區,房地(土地+建物)+車位,高雄市仁武區勇全路８２號九樓,24.24,住,,,1150406,土地1建物1車位1,九層,十五層,住宅大樓(11層含以上有電梯),住家用,鋼筋混凝土造,1060313,131.91,2,2,1,有,有,9700000,73535,坡道機械,31.48,0,,RPOQMLOLOHLGFIE09DA,59.15,0.0,6.23,有,
阿蓮區,土地,復安段114地號,3308.52,,特定農業區,農牧用地,1150422,土地2建物0車位0,,,其他,,,,0.0,0,0,0,無,無,11000000,3325,,0.0,0,,RPSNMLOLMHLGFJE09DA,0.0,0.0,0.0,無,
美濃區,土地,永平段19地號,7.84,住,,,1150429,土地2建物0車位0,,,其他,,,,0.0,0,0,0,無,無,545000,69515,,0.0,0,,RPRNMLQJNHLGFKE56DA,0.0,0.0,0.0,無,
大寮區,房地(土地+建物),高雄市大寮區鳳林三路１０５巷２４弄１５號五樓,23.37,住,,,1150402,土地1建物1車位0,五層,七層,華廈(10層含以下有電梯),住家用,鋼筋混凝土造,0820402,120.94,3,1,2,有,有,5500000,45477,,0.0,0,,RPTNMLMKOHLGFLE66DA,77.47,0.0,13.08,有,
大寮區,房地(土地+建物),高雄市大寮區內坑路１０８之４８號四樓之９,19.34,住,,,1150429,土地1建物1車位0,四層,十一層,住宅大樓(11層含以上有電梯),住家用,鋼筋混凝土造,0840703,118.82,3,2,2,有,有,5200000,43764,,0.0,0,有約定專用車位：１個，地下一樓，坡道平面式，車位編號：7號。,RPQNMLPLOHLGFLE76DA,71.51,0.0,6.31,有,
鼓山區,房地(土地+建物)+車位,高雄市鼓山區美術館路８７號十二樓,30.74,住,,,1150317,土地2建物1車位1,十二層,十五層,住宅大樓(11層含以上有電梯),住家用,鋼筋混凝土造,0951013,223.82999999999998,4,2,2,有,有,25600000,114373,坡道平面,15.5,0,其他增建；,RPUPMLRKLHLGFAE68DA,126.93,5.11,14.3,有,0180
鼓山區,房地(土地+建物),高雄市鼓山區建榮路１２７巷２８號,92.0,住,,,1150325,土地1建物1車位0,全,五層,透天厝,住家用,鋼筋混凝土,1140805,282.39,4,2,6,有,無,29800000,105528,,0.0,0,土地價格為壹仟壹佰玖拾貳萬元正，房屋價格為壹仟柒佰捌拾捌萬元正，合計總價為貳仟玖佰捌拾萬元正。,RPRNMLTLMHLGFAE58DA,265.08,0.0,17.31,有,
鼓山區,房地(土地+建物)+車位,高雄市鼓山區美術東四路６９８號九樓之７,12.6,住,,,1150326,土地1建物1車位1,九層,二十四層,住宅大樓(11層含以上有電梯),住家用,鋼筋混凝土,1120920,152.22,3,2,2,有,有,15800000,103797,坡道平面,21.33,0,,RPPOMLPKOHLGFAE18DA,63.56,0.0,19.64,有,0181
新興區,房地(土地+建物)+車位,高雄市新興區金門街１０７號８樓之２,12.97,都市：其他:第五種商業區,,,1150301,土地3建物1車位1,八層,十二層,住宅大樓(11層含以上有電梯),住家用,鋼筋混凝土造,0680808,133.77,3,2,1,有,有,8880000,66383,坡道平面,0.0,0,,RPXNMLPKOHLGFBE98DA,123.93,0.0,0.0,有,
小港區,房地(土地+建物),高雄市小港區松金街５４號二樓,52.36,住,,,1150331,土地1建物1車位0,二層,五層,公寓(5樓含以下無電梯),住家用,鋼筋混凝土造,0730611,85.11,3,2,2,有,無,3750000,44061,,0.0,0,,RPUNMLTJOHLGFCE09DA,58.76,0.0,13.65,無,
三民區,房地(土地+建物),高雄市三民區民豐路２４號,28.68,住,,,1150327,土地1建物1車位0,一層，二層，三層，騎樓,五層,公寓(5樓含以下無電梯),住家用,鋼筋混凝土造,0700612,96.0,4,2,3,有,無,10400000,108333,,0.0,0,,RPTNMLPKNHLGFDE68DA,96.0,0.0,0.0,無,
左營區,房地(土地+建物),高雄市左營區文學路６９２號十八樓之５,11.83,住,,,1150328,土地1建物1車位0,十八層,二十三層,住宅大樓(11層含以上有電梯),住家用,鋼筋混凝土造,0870814,154.96,4,2,2,有,有,12000000,77439,,0.0,0,,RPUNMLQKOHLGFEE09DA,103.5,0.0,10.73,有,0182
大寮區,房地(土地+建物),高雄市大寮區仁愛路３４巷１８號,44.0,住,,,1150313,土地1建物1車位0,全,二層,透天厝,住家用,加強磚造,0640525,83.03,3,2,3,有,無,4300000,51789,,0.0,0,其他增建；,RPRNMLPJOHLGFLE66DA,83.03,0.0,0.0,無,
苓雅區,房地(土地+建物)+車位,高雄市苓雅區建國一路１９７號七樓之３,12.87,都市：其他:第三種特定商業專用區,,,1150321,土地1建物1車位1,七層,十四層,住宅大樓(11層含以上有電梯),住家用,鋼筋混凝土,1140912,145.95999999999998,3,2,2,有,有,17650000,135428,坡道平面,30.77,2050000,,RPOOMLSJOHLGFBE38DA,68.61,0.0,3.94,有,
苓雅區,土地,五塊厝段2062地號,445.0,商,,,1150301,土地3建物0車位0,,,其他,,,,0.0,0,0,0,無,無,199226500,447700,,0.0,0,,RPTNMLMKOHLGFBE28DA,0.0,0.0,0.0,無,
新興區,房地(土地+建物),高雄市新興區林森一路１９４之１號,101.0,商,,,1150320,土地1建物1車位0,全,四層,透天厝,住商用,鋼筋混凝土造,0640725,334.04,0,0,0,無,無,39980000,119686,,0.0,0,頂樓加蓋；其他增建；,RPPNMLSKOHLGFBE48DA,334.04,0.0,0.0,無,
三民區,房地(土地+建物)+車位,高雄市三民區鼎力路１６８號九樓之６,8.68,商,,,1150301,土地1建物1車位1,九層,十五層,住宅大樓(11層含以上有電梯),住家用,鋼筋混凝土造,1031124,100.84,2,2,2,有,有,9080000,90044,坡道機械,11.71,0,含傢俱設備費；,RPVNMLMJLHLGFDE28DA,50.53,1.76,5.83,有,0183
三民區,房地(土地+建物)+車位,高雄市三民區德旺街１９０號十九樓,23.61,住,,,1150323,土地1建物1車位1,十九層,二十二層,住宅大樓(11層含以上有電梯),住家用,鋼筋混凝土,1140401,190.28,3,1,2,有,有,25350000,141509,坡道平面,28.1,2400000,,RPTNMLQLNHLGFDE88DA,93.61,0.0,11.17,有,
三民區,房地(土地+建物),高雄市三民區建興路３６５巷１號十三樓之５,4.26,商,,,1150307,土地1建物1車位0,十三層,二十六層,住宅大樓(11層含以上有電梯),住家用,鋼筋混凝土造,1091102,65.36,2,1,1,有,有,7700000,117809,,0.0,0,含裝潢費；含傢俱設備費；,RPVNMLPKOHLGFDE98DA,39.82,0.0,2.69,有,0184
三民區,房地(土地+建物)+車位,高雄市三民區德旺街２９０號十樓,36.21,住,,,1150304,土地1建物1車位1,十層,十五層,住宅大樓(11層含以上有電梯),住家用,鋼筋混凝土,1140912,232.39999999999998,4,2,3,有,有,29880000,133770,坡道平面,27.72,2500000,,RPSNMLQKOHLGFDE78DA,109.23,0.0,23.37,有,
左營區,房地(土地+建物)+車位,高雄市左營區新莊一路２８６號二樓之１,14.16,住,,,1150330,土地1建物1車位1,二層,十三層,住宅大樓(11層含以上有電梯),住家用,鋼筋混凝土造,0950505,130.44,3,2,2,有,有,12580000,96443,坡道機械,7.47,0,含傢俱設備費；陽台外推；,RPUNMLPJNHLGFEE78DA,78.63,1.1,6.46,有,
楠梓區,房地(土地+建物),高雄市楠梓區旗楠路１２６巷１０７號十樓,6.28,商,,,1150321,土地1建物1車位0,十層,十五層,住宅大樓(11層含以上有電梯),住家用,鋼筋混凝土造,0850205,49.18,1,1,1,有,有,2850000,57950,,0.0,0,,RPWNMLPKOHLGFEE56DA,30.32,0.0,4.96,有,0185
楠梓區,房地(土地+建物)+車位,高雄市楠梓區惠正街２２７號三樓,20.14,住,,,1150329,土地1建物1車位1,三層,十三層,住宅大樓(11層含以上有電梯),住家用,鋼筋混凝土,1120428,141.51,3,2,2,有,有,12750000,88657,坡道平面,18.0,1800000,,RPVNMLQKOHLGFEE56DA,64.82,0.0,12.91,有,0186
楠梓區,房地(土地+建物),高雄市楠梓區國昌街４５巷２號,81.0,住,,,1150305,土地2建物1車位0,全,二層,透天厝,住家用,加強磚造,0680320,76.08,5,2,3,有,無,10900000,143270,,0.0,0,其他增建；,RPXOMLQKOHLGFEE86DA,76.08,0.0,0.0,無,0187
梓官區,房地(土地+建物),高雄市梓官區通港路１１０號,110.0,工,,,1150329,土地1建物1車位0,全,三層,透天厝,工業用,鋼筋混凝土造,0830427,199.25,4,2,3,有,無,11500000,57716,,0.0,0,,RPVNMLTLMHLGFFE86DA,178.65,6.48,14.12,無,
岡山區,房地(土地+建物)+車位,高雄市岡山區新庄路９號四樓之１,49.41,住,,,1150327,土地1建物1車位1,四層,五層,華廈(10層含以下有電梯),住家用,鋼筋混凝土造,1140609,120.57,3,2,2,有,有,10980000,91067,坡道平面,7.53,0,,RPWOMLRLNHLGFFE96DA,79.19,0.0,7.92,有,
鳳山區,房地(土地+建物),高雄市鳳山區國泰路二段５３之１號,27.1,住,,,1150331,土地1建物1車位0,二層,五層,公寓(5樓含以下無電梯),住家用,鋼筋混凝土造,0701230,73.01,3,2,2,有,無,5500000,75332,,0.0,0,含土地增值稅或其他稅費；含地政士服務費；,RPTQMLLLMHLGFGE88DA,73.01,0.0,0.0,無,
大寮區,土地,邱厝坪段1094地號,551.61,住,,,1150305,土地2建物0車位0,,,其他,,,,0.0,0,0,0,無,無,10230000,18546,,0.0,0,,RPPNMLLKNHLGFLE68DA,0.0,0.0,0.0,無,
大寮區,房地(土地+建物),高雄市大寮區東隆街１２７號,106.0,住,,,1150327,土地2建物1車位0,全,四層,透天厝,住家用,鋼筋混凝土造,1131118,188.77,4,2,5,有,無,19000000,100652,,0.0,0,,RPPNMLRKOHLGFLE76DA,171.37,0.0,17.4,無,
鼓山區,房地(土地+建物)+車位,高雄市鼓山區龍水二路９９號五樓,27.15,住,,,1150328,土地1建物1車位2,五層,二十四層,住宅大樓(11層含以上有電梯),住家用,鋼筋混凝土造,1040513,307.75,4,2,3,有,有,34880000,113339,坡道平面,39.8,0,,RPOOMLLLNHLGFAE67DA,160.85,0.0,14.24,有,0188
前鎮區,房地(土地+建物)+車位,高雄市前鎮區公正路７號八樓,16.36,住,,,1150322,土地1建物1車位1,八層,十四層,住宅大樓(11層含以上有電梯),住家用,鋼筋混凝土造,0870919,163.3,4,2,2,有,有,11720000,71770,坡道平面,19.13,0,,RPQNMLMJOHLGFCE97DA,96.66,0.0,12.63,有,
小港區,房地(土地+建物),高雄市小港區華美街２０號四樓,28.9,住,,,1150331,土地1建物1車位0,四層,七層,華廈(10層含以下有電梯),住家用,鋼筋混凝土造,0860418,130.51,3,2,2,有,有,5000000,38311,,0.0,0,,RPXNMLMKOHLGFCE78DA,80.04,0.0,9.02,有,
楠梓區,房地(土地+建物)+車位,高雄市楠梓區大學一街１３２號八樓,25.01,住,,,1150318,土地1建物1車位1,八層,二十五層,住宅大樓(11層含以上有電梯),住家用,鋼筋混凝土,1140701,197.73000000000002,3,2,2,有,有,20560000,104489,坡道平面,21.54,2150000,,RPXNMLSKNHLGFEE86DA,92.74,0.0,19.3,有,
橋頭區,房地(土地+建物),高雄市橋頭區公園南街１３號七樓之１１,7.42,,一般農業區,甲種建築用地,1150302,土地3建物1車位0,七層,十三層,住宅大樓(11層含以上有電梯),住家用,鋼筋混凝土造,0860115,37.86,1,1,1,有,有,2100000,55468,,0.0,0,含傢俱設備費；,RPUNMLMJLHLGFFE38DA,21.77,0.55,2.04,有,0189
鳳山區,房地(土地+建物)+車位,高雄市鳳山區凱旋路２２２號七樓,15.41,住,,,1150316,土地1建物1車位1,七層,十九層,住宅大樓(11層含以上有電梯),住家用,鋼筋混凝土造,0840608,146.92000000000002,3,2,2,有,有,8600000,58535,坡道平面,0.0,0,含裝潢費；含傢俱設備費；,RPPNMLRKLHLGFGE58DA,83.61,0.0,10.06,有,0190
鳳山區,房地(土地+建物)+車位,高雄市鳳山區鳳甲一街１１７號十二樓,24.66,住,,,1150322,土地1建物1車位1,十二層,十五層,住宅大樓(11層含以上有電梯),住家用,鋼筋混凝土造,1031013,150.11,3,2,2,有,有,12200000,81274,坡道平面,27.84,0,含傢俱設備費；,RPWOMLOLLHLGFGE56DA,69.48,3.3,4.71,有,0191
鳳山區,房地(土地+建物),高雄市鳳山區瑞隆東路１５號,28.5,住,,,1150320,土地1建物1車位0,一層，二層，騎樓,五層,公寓(5樓含以下無電梯),住商用,鋼筋混凝土造,0731130,89.04,3,2,2,有,無,7300000,81986,,0.0,0,其他增建；,RPPPMLLKNHLGFGE38DA,89.04,0.0,0.0,無,
鳳山區,房地(土地+建物)+車位,高雄市鳳山區中正路２２９號十樓,17.76,商,,,1150314,土地1建物1車位1,十層,十五層,住宅大樓(11層含以上有電梯),住家用,鋼筋混凝土造,1090224,155.72,2,2,2,有,有,15580000,100051,坡道平面,31.47,0,含傢俱設備費；,RPSOMLRKOHLGFGE66DA,70.44,3.08,7.32,有,0192
鳳山區,房地(土地+建物),高雄市鳳山區新富路７５之１號,22.76,住,,,1150309,土地1建物1車位0,二層,五層,公寓(5樓含以下無電梯),住家用,鋼筋混凝土造,0700823,72.15,3,2,2,有,無,1681975,23312,,0.0,0,親友、員工、共有人或其他特殊關係間之交易；,RPQNMLSKOHLGFGE09DA,72.15,0.0,0.0,無,
仁武區,房地(土地+建物),高雄市仁武區九湖二街９７號,74.75,住,,,1150311,土地1建物1車位0,全,四層,透天厝,住家用,鋼筋混凝土,1141119,188.15,5,2,5,有,無,25500000,135530,,0.0,0,,RPPOMLMKLHLGFIE38DA,166.19,0.0,21.96,無,
鳥松區,房地(土地+建物),高雄市鳥松區球場路１６２號三樓之７,29.77,住,,,1150330,土地1建物1車位0,三層,五層,華廈(10層含以下有電梯),住家用,鋼筋混凝土,1150316,82.5,2,2,2,有,有,10570000,128121,,0.0,0,含裝潢費；,RPOOMLPKOHLGFIE88DA,53.28,0.0,5.36,有,
仁武區,房地(土地+建物),高雄市仁武區名山九街３號,96.4,住,,,1150313,土地1建物1車位0,全,四層,透天厝,住家用,鋼筋混凝土,1090310,188.09,5,2,4,有,無,17770000,94476,,0.0,0,其他增建；,RPSNMLQKOHLGFIE66DA,179.57,0.0,8.52,無,0193
鳥松區,房地(土地+建物)+車位,高雄市鳥松區明湖路１００號九樓之５,72.94,住,,,1150310,土地1建物1車位1,九層，十層,十層,華廈(10層含以下有電梯),住家用,鋼筋混凝土造,0850715,285.79,4,2,3,有,有,13500000,47239,坡道平面,0.0,0,,RPXNMLRKOHLGFIE27DA,171.22,0.0,22.46,有,0194
大寮區,房地(土地+建物),高雄市大寮區大寮路６１０號,140.0,住,,,1150327,土地1建物1車位0,全,二層,透天厝,住商用,加強磚造,0631025,176.36,5,1,3,有,無,17800000,100930,,0.0,0,,RPRNMLSJNHLGFLE86DA,176.36,0.0,0.0,無,0195
林園區,房地(土地+建物),高雄市林園區五福路１８巷１之１號,71.0,住,,,1150319,土地1建物1車位0,全,三層,透天厝,住家用,鋼筋混凝土造,0820617,152.78,3,2,3,有,無,4500000,29454,,0.0,0,,RPUNMLMLOHLGFLE86DA,139.04,4.28,9.46,無,0196
六龜區,土地,荖濃段121-15地號,1102.0,,山坡地保育區,農牧用地,1150302,土地1建物0車位0,,,其他,,,,0.0,0,0,0,無,無,1000000,907,,0.0,0,,RPPNMLNLOHLGFKE09EA,0.0,0.0,0.0,無,
鼓山區,房地(土地+建物)+車位,高雄市鼓山區美術北三路２３６號十五樓,24.52,住,,,1150323,土地1建物1車位1,十五層,十五層,住宅大樓(11層含以上有電梯),住家用,鋼筋混凝土造,0970425,200.41,4,2,2,有,有,23800000,118757,坡道平面,23.97,0,含傢俱設備費；,RPPTMLLJMHLGFAE97DA,99.14,2.85,15.0,有,0197
鼓山區,房地(土地+建物)+車位,高雄市鼓山區翠華路６３巷４３號五樓,17.17,住,,,1150325,土地1建物1車位1,五層,十五層,住宅大樓(11層含以上有電梯),住家用,鋼筋混凝土造,0970507,158.7,3,2,2,有,有,12800000,80655,坡道機械,9.93,0,,RPTNMLMLOHLGFAE28DA,88.2,2.02,9.5,有,0198
三民區,房地(土地+建物),高雄市三民區澄平街４０之１號七樓之１,5.88,住,,,1150324,土地1建物1車位0,七層,八層,華廈(10層含以下有電梯),住家用,鋼筋混凝土造,0840703,33.54,1,1,1,有,有,3658200,109070,,0.0,0,,RPVNNLRLLHLGFDE09DA,24.7,0.0,2.73,有,0199
三民區,房地(土地+建物)+車位,高雄市三民區北安街８０號五樓,16.69,住,,,1150317,土地1建物1車位1,五層,十五層,住宅大樓(11層含以上有電梯),住家用,鋼筋混凝土造,1101020,136.17,2,2,2,有,有,14700000,107953,坡道平面,28.98,0,,RPQOMLRKOHLGFDE78DA,60.41,1.84,5.82,有,0200
三民區,房地(土地+建物),高雄市三民區永年街１２１巷２０號,63.67,住,,,1150328,土地2建物1車位0,全,五層,透天厝,其他,鋼筋混凝土造,0900221,174.73,4,2,3,有,無,16500000,94431,,0.0,0,其他增建；,RPSNMLMLOHLGFDE48DA,143.68,1.12,29.93,無,0201
左營區,房地(土地+建物)+車位,高雄市左營區文慈路１９２巷１１號十一樓之１,10.22,住,,,1150326,土地1建物1車位1,十一層,二十層,住宅大樓(11層含以上有電梯),住家用,鋼筋混凝土造,0850921,122.55000000000001,3,2,2,有,有,9150000,74663,坡道平面,0.0,0,,RPROMLRKOHLGFEE98DA,67.61,3.2,8.89,有,
橋頭區,房地(土地+建物),高雄市橋頭區橋頭路大井巷１號,84.0,商,,,1150321,土地2建物1車位0,全,二層,透天厝,住家用,加強磚造,0580215,103.48,3,2,1,有,無,6950000,67163,,0.0,0,,RPSNMLSKOHLGFFE56DA,103.48,0.0,0.0,無,
美濃區,土地,清水段1350-1地號,256.0,,鄉村區,乙種建築用地,1150317,土地1建物0車位0,,,其他,,,,0.0,0,0,0,無,無,2430000,9492,,0.0,0,未登記建物；,RPQNMLSKOHLGFKE86DA,0.0,0.0,0.0,無,
大寮區,房地(土地+建物),高雄市大寮區鳳林三路４３９巷６８號,103.0,住,,,1150331,土地2建物1車位0,全,二層,透天厝,住家用,加強磚造,0670331,98.8,5,2,1,有,無,3500000,35425,,0.0,0,,RPQNMLMKOHLGFLE98DA,98.8,0.0,0.0,無,
小港區,房地(土地+建物)+車位,高雄市小港區漢民路１２號十二樓,20.46,住,,,1150308,土地1建物1車位1,十二層,十五層,住宅大樓(11層含以上有電梯),住家用,鋼筋混凝土造,1041103,205.69,3,2,2,有,有,12800000,62230,坡道平面,0.0,0,,RPQNMLLLNHLGFCE97DA,101.58,0.0,16.73,有,0202
前鎮區,建物,高雄市前鎮區復興四路１２號十樓之１０,0.0,,,,1150331,土地0建物1車位1,十層,十二層,住宅大樓(11層含以上有電梯),辦公用,鋼筋混凝土造,0970201,532.78,4,0,1,有,有,25000000,46924,坡道平面,30.51,0,建物坐落地號：獅甲段518-3地號；,RPWNMLMJOHLGFCE58DA,311.04,0.0,27.64,有,
小港區,房地(土地+建物)+車位,高雄市小港區山明路２１７號十四樓,16.74,住,,,1150313,土地1建物1車位1,十四層,十五層,住宅大樓(11層含以上有電梯),住家用,鋼筋混凝土造,1021004,147.21,3,2,2,有,有,12500000,84913,坡道平面,15.13,0,,RPTNMLKKOHLGFCE18DA,75.92,4.78,8.84,有,0203
小港區,房地(土地+建物),高雄市小港區興業街４８號,1206.0,都市：其他:都市計畫外,,,1150330,土地1建物1車位0,全,一層,透天厝,工業用,見使用執照,0811007,455.4,1,0,0,有,無,86000000,188845,,0.0,0,約150坪其他增建；,RPQNMLMLOHLGFCE18DA,455.4,0.0,0.0,無,0204
小港區,房地(土地+建物)+車位,高雄市小港區山明路２０３號十四樓,23.19,住,,,1150313,土地1建物1車位1,十四層,十五層,住宅大樓(11層含以上有電梯),住家用,鋼筋混凝土造,1021004,204.45,4,2,2,有,有,16250000,79482,坡道平面,15.13,0,,RPQPMLMLOHLGFCE38DA,111.41,2.04,15.37,有,0205
前鎮區,房地(土地+建物),高雄市前鎮區中山二路９１號十七樓之９,17.56,住,,,1150320,土地2建物1車位0,十七層,二十四層,住宅大樓(11層含以上有電梯),商業用,鋼筋混凝土造,0820730,270.86,3,0,0,有,有,21000000,77531,,0.0,0,含裝潢費；,RPSNMLNLOHLGFCE48DA,182.97,0.0,0.0,有,
三民區,房地(土地+建物),高雄市三民區開原街４１號,69.0,住,,,1150315,土地1建物1車位0,全,三層,透天厝,住商用,加強磚造,0640104,139.62,4,2,3,有,無,14800000,106002,,0.0,0,鐵皮屋頂增建、一樓後方增建廚房其他增建；,RPUNMLMLOHLGFDE68DA,139.62,0.0,0.0,無,0206
楠梓區,房地(土地+建物),高雄市楠梓區惠民路５７號,64.0,住,,,1150318,土地1建物1車位0,全,四層,透天厝,住商用,鋼筋混凝土造,0940708,180.57,5,2,3,有,無,18000000,99684,,0.0,0,其他增建；,RPSNMLPJOHLGFEE68DA,155.73,1.18,23.66,無,
楠梓區,房地(土地+建物),高雄市楠梓區德民路３５６巷６０弄１２號十三樓之１,19.68,住,,,1150323,土地1建物1車位0,十三層,十三層,住宅大樓(11層含以上有電梯),住家用,鋼筋混凝土造,0820311,116.75,4,2,2,有,有,7050000,60385,,0.0,0,,RPXOMLPJOHLGFEE66DA,85.52,0.0,12.01,有,
鳳山區,房地(土地+建物),高雄市鳳山區林森路９號四樓之３,21.39,住,,,1150328,土地1建物1車位0,四層,十層,華廈(10層含以下有電梯),住家用,鋼筋混凝土,1150416,84.02,2,2,1,有,有,9000000,107117,,0.0,0,預售屋、或土地及建物分件登記案件；,RPWNMLLLOHLGFGE09DA,44.69,0.0,10.52,有,
鳥松區,土地,美德段565-6地號,458.32,農,,,1150327,土地3建物0車位0,,,其他,,,,0.0,0,0,0,無,無,7000000,15273,,0.0,0,買賣總價新台幣柒佰萬元整。高雄市鳥松區美德段565-6地號買賣價款新台幣陸佰壹拾捌萬貳仟參佰柒拾參元整。高雄市鳥松區美德段565-8地號買賣價款新台幣柒拾參萬肆仟陸佰貳拾柒元整。高雄市鳥松區美德段566-2地號買賣價款新台幣捌萬參仟元整。農作物；,RPRNMLKMLHLGFIE48DA,0.0,0.0,0.0,無,0207
大寮區,房地(土地+建物),高雄市大寮區前庄路６４號,72.27,住,,,1150329,土地1建物1車位0,全,三層,透天厝,住商用,鋼筋混凝土造,0700418,141.6,5,2,3,有,無,8000000,56497,,0.0,0,親友、員工、共有人或其他特殊關係間之交易；其他增建；,RPVNMLRKMHLGFLE17DA,141.6,0.0,0.0,無,
林園區,房地(土地+建物)+車位,高雄市林園區沿海路四段５９巷６８號二樓之３,28.29,都市：其他:住宅區,,,1150320,土地3建物1車位1,二層,五層,華廈(10層含以下有電梯),住家用,鋼筋混凝土造,1150213,85.74000000000001,3,1,2,有,有,6800000,76482,一樓平面,12.52,1200000,包含公共設施保留地用地；預售屋、或土地及建物分件登記案件；,RPXNMLMKNHLGFLE96DA,49.39,0.0,5.67,有,
大寮區,房地(土地+建物),高雄市大寮區民勇街２０巷８號,73.21,住,,,1150304,土地2建物1車位0,全,四層,透天厝,住家用,鋼筋混凝土造,0940418,171.67,5,2,4,有,無,12600000,73397,,0.0,0,其他增建；,RPWOMLMLOHLGFLE17DA,160.35,1.0,10.32,無,0208
三民區,房地(土地+建物),高雄市三民區愛國路１６７號三樓,10.83,商,,,1150307,土地1建物1車位0,三層,十九層,住宅大樓(11層含以上有電梯),住家用,鋼筋混凝土造,1080801,107.92000000000002,2,2,2,有,有,8650000,80152,,0.0,0,,RPQOMLNLOHLGFDE48DA,57.24,4.65,8.01,有,
楠梓區,房地(土地+建物),高雄市楠梓區常德路２４０巷７號,69.12,住,,,1150328,土地1建物1車位0,全,四層,透天厝,住商用,鋼筋混凝土造,0820625,224.83,5,2,4,有,無,13500000,60045,,0.0,0,,RPTPMLNLOHLGFEE98DA,202.52,5.58,16.73,無,
橋頭區,房地(土地+建物)+車位,高雄市橋頭區經武路１０２２號十六樓,31.74,住,,,1150328,土地1建物1車位2,十六層,二十四層,住宅大樓(11層含以上有電梯),住家用,鋼筋混凝土造,1150112,245.46,3,2,2,有,有,29800000,124952,坡道平面,38.18,3900000,,RPWNMLMJMHLGFFE68DA,120.48,0.0,14.26,有,
仁武區,房地(土地+建物)+車位,高雄市仁武區澄德路６３號,22.47,商,,,1150323,土地1建物1車位1,一層,十八層,住宅大樓(11層含以上有電梯),商業用,鋼筋混凝土,1140227,144.7,0,0,0,無,有,21220000,172724,坡道平面,35.74,2400000,,RPXNMLLLMHLGFIE56DA,80.71,0.0,6.12,有,
小港區,土地,坪北段611-3地號,457.28,,,,1150203,土地4建物0車位0,,,其他,,,,0.0,0,0,0,無,無,6904879,15100,,0.0,0,協議價購；,RPQNMLOJOHLGFCE18DA,0.0,0.0,0.0,無,0209
三民區,土地,灣昌段564地號,1834.28,住,,,1150206,土地1建物0車位0,,,其他,,,,0.0,0,0,0,無,無,356518293,194364,,0.0,0,,RPPOMLLKOHLGFDE08DA,0.0,0.0,0.0,無,
三民區,土地,灣昌段590地號,57.86,都市：其他:道路用地,,,1150206,土地1建物0車位0,,,其他,,,,0.0,0,0,0,無,無,4147207,71677,,0.0,0,包含公共設施保留地用地；,SPPOMLLKOHLGFDE18DA,0.0,0.0,0.0,無,0210
三民區,房地(土地+建物)+車位,高雄市三民區延慶街１７８號十六樓之１,17.65,住,,,1150205,土地1建物1車位1,十六層,十八層,住宅大樓(11層含以上有電梯),住家用,鋼筋混凝土,1120522,162.23000000000002,3,2,2,有,有,18360000,118120,坡道平面,27.96,2500000,,RPVNMLRKLHLGFDE88DA,63.9,3.68,19.95,有,
三民區,房地(土地+建物)+車位,高雄市三民區九如一路５４８巷６號十八樓之２,30.56,商,,,1150211,土地1建物1車位1,十八層，電梯樓梯間,二十一層,住宅大樓(11層含以上有電梯),住家用,鋼筋混凝土造,0860708,389.8,5,2,4,有,有,23500000,60287,坡道平面,0.0,0,含傢俱設備費；,RPQNMLQLNHLGFDE58DA,277.65,8.4,27.7,有,
大社區,土地,保舍甲段567-12地號,1172.05,商,,,1150206,土地14建物0車位0,,,其他,,,,0.0,0,0,0,無,無,24817800,21175,,0.0,0,親友、員工、共有人或其他特殊關係間之交易；,RPRNMLRKOHLGFIE66DA,0.0,0.0,0.0,無,
鼓山區,房地(土地+建物),高雄市鼓山區華豐街４７巷２２號,115.0,住,,,1150208,土地1建物1車位0,全,二層,透天厝,住家用,加強磚造,0610104,104.32,4,2,2,有,無,18180000,174271,,0.0,0,其他增建；,RPTOMLMLOHLGFAE38DA,104.32,0.0,0.0,無,0211
苓雅區,土地,福河段1586地號,435.0,商,,,1150206,土地1建物0車位0,,,其他,,,,0.0,0,0,0,無,無,185000000,425287,,0.0,0,,RPWNMLRJNHLGFBE88DA,0.0,0.0,0.0,無,
苓雅區,建物,高雄市苓雅區三多一路１４６號等公共設施,0.0,,,,1150206,土地0建物12車位16,一層，二層，騎樓,十二層,住宅大樓(11層含以上有電梯),商業用,鋼筋混凝土造,0810407,4980.71,87,0,87,有,無,25000000,5019,升降機械,0.0,0,建物坐落地號：福河段1586地號；含傢俱設備費；,RPRNMLNLOHLGFBE28DA,3859.15,0.0,0.0,有,
大寮區,土地,翁公園段4110-5地號,257.0,工,,,1150213,土地2建物0車位0,,,其他,,,,0.0,0,1,1,有,無,20000000,77821,,0.0,0,未登記建物；,RPQNMLOLOHLGFLE66DA,0.0,0.0,0.0,無,
鳳山區,房地(土地+建物),高雄市鳳山區五甲一路１９３號,97.0,住,,,1150223,土地1建物1車位0,全,二層,透天厝,住家用,加強磚造〈磚石造〉,0540101,89.56,3,2,2,有,無,21000000,234480,,0.0,0,,RPPOMLKMLHLGFGE18DA,89.56,0.0,0.0,無,
苓雅區,房地(土地+建物)+車位,高雄市苓雅區七賢一路７７號九樓,5.13,商,,,1150222,土地1建物1車位1,九層,二十九層,住宅大樓(11層含以上有電梯),住家用,鋼筋混凝土,1141223,108.63,2,2,1,有,有,12530000,118658,坡道機械,14.41,1350000,,RPXPMLMJMHLGFBE58DA,56.16,0.0,3.42,有,
小港區,土地,大平段293-2地號,8.48,,,,1150205,土地2建物0車位0,,,其他,,,,0.0,0,0,0,無,無,180528,21289,,0.0,0,協議價購；,RPXOMLOJOHLGFCE98DA,0.0,0.0,0.0,無,
小港區,土地,大平段293-2地號,5.65,,,,1150205,土地2建物0車位0,,,其他,,,,0.0,0,0,0,無,無,120352,21301,,0.0,0,協議價購；,RPOPMLOJOHLGFCE18DA,0.0,0.0,0.0,無,
小港區,土地,大平段293-2地號,11.3,,,,1150205,土地2建物0車位0,,,其他,,,,0.0,0,0,0,無,無,240704,21301,,0.0,0,協議價購；,RPPPMLOJOHLGFCE28DA,0.0,0.0,0.0,無,
小港區,土地,大平段293-2地號,111.88,,,,1150204,土地2建物0車位0,,,其他,,,,0.0,0,0,0,無,無,2382971,21299,,0.0,0,協議價購；,RPRPMLOJOHLGFCE48DA,0.0,0.0,0.0,無,
小港區,土地,大平段293-2地號,55.94,,,,1150205,土地2建物0車位0,,,其他,,,,0.0,0,0,0,無,無,1191486,21299,,0.0,0,協議價購；,RPSPMLOJOHLGFCE58DA,0.0,0.0,0.0,無,
小港區,土地,大平段293-2地號,55.94,,,,1150204,土地2建物0車位0,,,其他,,,,0.0,0,0,0,無,無,1191486,21299,,0.0,0,協議價購；,RPTPMLOJOHLGFCE68DA,0.0,0.0,0.0,無,
小港區,土地,大平段293-2地號,55.94,,,,1150205,土地2建物0車位0,,,其他,,,,0.0,0,0,0,無,無,1191486,21299,,0.0,0,協議價購；,RPUPMLOJOHLGFCE78DA,0.0,0.0,0.0,無,
小港區,土地,大平段293-2地號,55.94,,,,1150205,土地2建物0車位0,,,其他,,,,0.0,0,0,0,無,無,1191486,21299,,0.0,0,協議價購；,RPVPMLOJOHLGFCE88DA,0.0,0.0,0.0,無,
六龜區,土地,仙人段409地號,1443.99,,特定農業區,農牧用地,1150224,土地2建物0車位0,,,其他,,,,0.0,0,0,0,無,無,1200000,831,,0.0,0,親友、員工、共有人或其他特殊關係間之交易；農作物；機電設備；農業設施；,RPPNMLNLOHLGFKE98DA,0.0,0.0,0.0,無,
鼓山區,房地(土地+建物)+車位,高雄市鼓山區美術南五街２７８號八樓,14.38,住,,,1150125,土地1建物1車位1,八層,十五層,住宅大樓(11層含以上有電梯),住家用,鋼筋混凝土造,1011025,146.63,3,2,2,有,有,17160000,118779,坡道平面,19.84,2100000,,RPPOMLMLOHLGFAE97DA,77.47,5.84,2.36,有,0212
橋頭區,房地(土地+建物)+車位,高雄市橋頭區新南二街１號十二樓之５,14.48,住,,,1150129,土地1建物1車位1,十二層,二十二層,住宅大樓(11層含以上有電梯),住家用,鋼筋混凝土造,1100303,126.55,1,1,1,有,有,9500000,75069,坡道平面,27.9,0,,RPQPMLNLOHLGFFE78DA,49.74,0.0,12.99,有,0213
仁武區,建物,高雄市仁武區八德二路１６６號,0.0,,,,1150119,土地0建物2車位0,全,三層,透天厝,辦公用,鋼骨構造,0970130,5050.75,0,0,0,無,無,340000000,67317,,0.0,0,其中17建號15000萬元，其中 351建號19000萬元。未登記建物；地上權房屋；,RPQNMLSKOHLGFIE66DA,5050.75,0.0,0.0,無,
三民區,房地(土地+建物)+車位,高雄市三民區天祥二路２８號十二樓之２,10.44,住,,,1150111,土地1建物1車位1,十二層,十五層,住宅大樓(11層含以上有電梯),住家用,鋼筋混凝土造,1030831,113.73,2,2,1,有,有,11450000,100677,坡道平面,23.23,0,,RPPNMLKMJHLGFDE57DA,50.55,2.88,5.2,有,
楠梓區,房地(土地+建物),高雄市楠梓區常德路３８６巷５８號,91.65,住,,,1150125,土地1建物1車位0,全,四層,透天厝,住家用,鋼筋混凝土造,0940128,187.38,5,2,4,有,無,15200000,81119,,0.0,0,壹樓空地、露台陽台外推；其他增建；,RPPNMLSLMHLGFEE68DA,158.13,0.0,29.25,無,
茄萣區,土地,賜福段223-3地號,43.17,住,,,1150130,土地1建物0車位0,,,其他,,,,0.0,0,0,0,無,無,1680000,38916,,0.0,0,未登記建物；,RPVNMLRKOHLGFJE17DA,0.0,0.0,0.0,無,
岡山區,土地,嘉興段842地號,344.35,,特定農業區,農牧用地,1141202,土地1建物0車位0,,,其他,,,,0.0,0,0,0,無,無,2031676,5900,,0.0,0,親友、員工、共有人或其他特殊關係間之交易；,RPQNMLQKOHLGFFE78DA,0.0,0.0,0.0,無,
仁武區,房地(土地+建物)+車位,高雄市仁武區京富路３２號五樓之９,12.27,住,,,1141229,土地2建物1車位1,五層,十五層,住宅大樓(11層含以上有電梯),住家用,鋼筋混凝土,1150122,93.21000000000001,1,1,2,有,有,7850000,87120,坡道平面,21.47,1600000,預售屋、或土地及建物分件登記案件；,RPOPMLPKOHLGFIE98DA,43.23,0.0,3.31,有,
岡山區,房地(土地+建物),高雄市岡山區中山北路２８２號,742.06,住,,,1141231,土地2建物2車位0,全,一層,透天厝,住商用,鋼骨構造,0970319,388.5,0,0,0,無,無,112000000,288288,,0.0,0,土地價款：110380000元，建物價款：1620000元未登記建物；包含公共設施保留地用地；,RPQOMLQKOHLGFFE88DA,388.5,0.0,0.0,無,
左營區,房地(土地+建物),高雄市左營區博愛三路７２５號,2558.07,住,,,1141229,土地1建物2車位0,全,一層,透天厝,商業用,鋼骨造,0841223,1349.4,0,0,0,無,無,1238105880,917523,,0.0,0,,RPWOMLLLJHLGFEE48DA,1349.4,0.0,0.0,無,0214
阿蓮區,土地,中軍段336地號,1422.73,,一般農業區,農牧用地,1141229,土地2建物0車位0,,,其他,,,,0.0,0,0,0,無,無,1610000,1132,,0.0,0,,RPRNMLMLOHLGFJE98DA,0.0,0.0,0.0,無,
內門區,土地,內埔段644-1地號,4459.0,,一般農業區,林業用地,1141124,土地1建物0車位0,,,其他,,,,0.0,0,0,0,無,無,700000,157,,0.0,0,親友、員工、共有人或其他特殊關係間之交易；,RPQNMLRKOHLGFHE09DA,0.0,0.0,0.0,無,
苓雅區,房地(土地+建物),高雄市苓雅區中山二路４７２之１號,84.0,商,,,1141119,土地1建物1車位0,全,二層,透天厝,住商用,見使用執照,0730814,132.86,0,0,0,無,無,53361000,401633,,0.0,0,未登記建物；,RPXNMLQKOHLGFBE09DA,132.86,0.0,0.0,無,0215
三民區,房地(土地+建物),高雄市三民區中都街２２巷１１弄１８號,19.0,,,,1141109,土地1建物2車位0,全,二層,透天厝,住家用,加強磚造,0520302,24.24,0,0,0,無,無,3450000,142327,,0.0,0,,RPQNMLMLOHLGFDE38EA,24.24,0.0,0.0,無,
三民區,房地(土地+建物),高雄市三民區大順二路３２６號,847.74,都市：其他:第三種特定商業專用區,,,1141125,土地7建物1車位0,全,三層,透天厝,住商用,鋼骨混凝土造,0831029,421.27,0,0,0,無,無,286880000,680988,,0.0,0,,RPROMLMLOHLGFDE48DA,421.27,0.0,0.0,無,0216
楠梓區,房地(土地+建物)+車位,高雄市楠梓區壽豐路３０２號,29.94,住,,,1141020,土地1建物1車位1,一層，二層，三層,十五層,住宅大樓(11層含以上有電梯),住商用,鋼筋混凝土,1031125,206.69,0,0,0,無,有,21000000,101601,坡道平面,26.11,0,,RPSNMLNLOHLGFEE68DA,130.15,0.0,14.44,有,0217
鳳山區,房地(土地+建物),高雄市鳳山區林森路９號九樓之１,18.65,住,,,1141010,土地1建物1車位0,九層,十層,華廈(10層含以下有電梯),住家用,鋼筋混凝土,1150416,73.15,2,2,2,有,有,8380000,114559,,0.0,0,預售屋、或土地及建物分件登記案件；,RPRNMLLLOHLGFGE58DA,43.72,0.0,4.35,有,
彌陀區,土地,彌海段943地號,2185.18,農,,,1141025,土地1建物0車位0,,,其他,,,,0.0,0,0,0,無,無,13220320,6050,,0.0,0,,RPPNMLTLOHLGFFE09DA,0.0,0.0,0.0,無,
三民區,房地(土地+建物),高雄市三民區大豐二路６２８巷１弄２號,99.94,住,,,1140929,土地2建物1車位0,全,五層,透天厝,住家用,鋼筋混凝土造,0941123,211.88,5,2,4,有,無,18000000,84954,,0.0,0,,RPPNMLPJOHLGFDE28DA,209.47,0.55,1.86,無,
路竹區,土地,順安段190地號,3092.65,,一般農業區,農牧用地,1140910,土地1建物0車位0,,,其他,,,,0.0,0,0,0,無,無,19500000,6305,,0.0,0,依土地法第34條之1  第1項、第2項及第3項辦理,RPSNMLLLNHLGFJE88DA,0.0,0.0,0.0,無,
小港區,房地(土地+建物)+車位,高雄市小港區民益路７７巷２７弄８號十一樓,15.35,住,,,1140816,土地1建物1車位1,十一層,十四層,住宅大樓(11層含以上有電梯),住家用,鋼筋混凝土,1141023,129.75,2,2,2,有,有,12400000,108627,坡道平面,34.93,2100000,預售土地坪數:15.24平方公尺登記土地坪數:15.35平方公尺預售附屬建物坪數:8.78平方公尺登記附屬建物坪數:9.54平方公尺預售共有部分坪數:68.62平方公尺含車位登記共有部分坪數:69.05平方公尺含車位雙方合意互不找補預售屋、或土地及建物分件登記案件；,RPOOMLTJJHLGFCE08DA,51.15,0.0,9.54,有,
鳳山區,房地(土地+建物),高雄市鳳山區林森路９號八樓之１,18.65,住,,,1140816,土地1建物1車位0,八層,十層,華廈(10層含以下有電梯),住家用,鋼筋混凝土,1150416,73.15,2,2,2,有,有,8280000,113192,,0.0,0,預售屋、或土地及建物分件登記案件；,RPSNMLLLOHLGFGE68DA,43.72,0.0,4.35,有,
鳳山區,房地(土地+建物),高雄市鳳山區林森路９號八樓之２,18.54,住,,,1140816,土地1建物1車位0,八層,十層,華廈(10層含以下有電梯),住家用,鋼筋混凝土,1150416,72.80000000000001,2,2,2,有,有,8280000,113736,,0.0,0,預售屋、或土地及建物分件登記案件；,RPUNMLLLOHLGFGE88DA,43.92,0.0,3.92,有,
林園區,房地(土地+建物),高雄市林園區沿海路四段５９巷６８號三樓之１,23.71,都市：其他:住宅區,,,1140818,土地3建物1車位0,三層,五層,華廈(10層含以下有電梯),住家用,鋼筋混凝土造,1150213,60.449999999999996,2,1,2,有,有,4520000,74773,,0.0,0,包含公共設施保留地用地；預售屋、或土地及建物分件登記案件；,RPPNMLRLMHLGFLE66DA,41.23,0.0,4.25,有,
林園區,房地(土地+建物)+車位,高雄市林園區沿海路四段５９巷６６號四樓之１,27.91,都市：其他:住宅區,,,1140824,土地3建物1車位1,四層,五層,華廈(10層含以下有電梯),住家用,鋼筋混凝土造,1150213,84.28,3,1,2,有,有,6500000,73857,一樓平面,12.52,1200000,包含公共設施保留地用地；預售屋、或土地及建物分件登記案件；,RPQNMLRJNHLGFLE66DA,50.54,0.0,3.73,有,
林園區,房地(土地+建物),高雄市林園區沿海路四段５９巷６８號四樓之２,24.09,都市：其他:住宅區,,,1140722,土地3建物1車位0,四層,五層,華廈(10層含以下有電梯),住家用,鋼筋混凝土造,1150213,61.629999999999995,2,1,2,有,有,4600000,74639,,0.0,0,包含公共設施保留地用地；預售屋、或土地及建物分件登記案件；,RPVOMLSLMHLGFLE47DA,41.23,0.0,4.99,有,
路竹區,土地,保安段845-3地號,90.97,住,,,1140713,土地1建物0車位0,,,其他,,,,0.0,0,0,0,無,無,2800000,30779,,0.0,0,未登記建物；,RPQNMLSLOHLGFJE86DA,0.0,0.0,0.0,無,
鳳山區,房地(土地+建物),高雄市鳳山區林森路９號七樓之１,18.65,住,,,1140622,土地1建物1車位0,七層,十層,華廈(10層含以下有電梯),住家用,鋼筋混凝土,1150416,73.15,2,2,2,有,有,8250000,112782,,0.0,0,預售屋、或土地及建物分件登記案件；,RPQNMLLLOHLGFGE48DA,43.72,0.0,4.35,有,
林園區,房地(土地+建物)+車位,高雄市林園區沿海路四段５９巷６６號三樓之１,27.91,都市：其他:住宅區,,,1140615,土地3建物1車位1,三層,五層,華廈(10層含以下有電梯),住家用,鋼筋混凝土造,1150213,84.28,3,1,2,有,有,6500000,73857,一樓平面,12.52,1200000,包含公共設施保留地用地；預售屋、或土地及建物分件登記案件；,RPWOMLSLMHLGFLE57DA,50.54,0.0,3.73,有,
林園區,房地(土地+建物),高雄市林園區沿海路四段５９巷６６號三樓之５,23.71,都市：其他:住宅區,,,1140616,土地3建物1車位0,三層,五層,華廈(10層含以下有電梯),住家用,鋼筋混凝土造,1150213,60.449999999999996,2,1,2,有,有,4520000,74773,,0.0,0,包含公共設施保留地用地；預售屋、或土地及建物分件登記案件；,RPSNMLTLMHLGFLE17DA,41.23,0.0,4.25,有,
林園區,房地(土地+建物)+車位,高雄市林園區沿海路四段５９巷６８號四樓之５,27.91,都市：其他:住宅區,,,1140613,土地3建物1車位1,四層,五層,華廈(10層含以下有電梯),住家用,鋼筋混凝土造,1150213,84.28,3,1,2,有,有,6500000,73857,一樓平面,12.52,1200000,包含公共設施保留地用地；預售屋、或土地及建物分件登記案件；,RPXNMLTLMHLGFLE67DA,50.54,0.0,3.73,有,
林園區,房地(土地+建物),高雄市林園區沿海路四段５９巷６６號三樓之３,24.09,都市：其他:住宅區,,,1140616,土地3建物1車位0,三層,五層,華廈(10層含以下有電梯),住家用,鋼筋混凝土造,1150213,61.629999999999995,2,1,2,有,有,4600000,74639,,0.0,0,包含公共設施保留地用地；預售屋、或土地及建物分件登記案件；,RPPOMLTLMHLGFLE96DA,41.23,0.0,4.99,有,
林園區,房地(土地+建物),高雄市林園區沿海路四段５９巷６６號五樓之５,23.71,都市：其他:住宅區,,,1140616,土地3建物1車位0,五層,五層,華廈(10層含以下有電梯),住家用,鋼筋混凝土造,1150213,60.449999999999996,2,1,2,有,有,4520000,74773,,0.0,0,包含公共設施保留地用地；預售屋、或土地及建物分件登記案件；,RPQOMLTLMHLGFLE07DA,41.23,0.0,4.25,有,
鳳山區,房地(土地+建物),高雄市鳳山區林森路９號五樓之２,18.54,住,,,1140524,土地1建物1車位0,五層,十層,華廈(10層含以下有電梯),住家用,鋼筋混凝土,1150416,72.80000000000001,2,2,2,有,有,8160000,112088,,0.0,0,預售屋、或土地及建物分件登記案件；,RPTNMLLLOHLGFGE78DA,43.92,0.0,3.92,有,
鳳山區,房地(土地+建物),高雄市鳳山區林森路９號八樓之３,21.39,住,,,1140508,土地1建物1車位0,八層,十層,華廈(10層含以下有電梯),住家用,鋼筋混凝土,1150416,84.02,2,2,1,有,有,9600000,114259,,0.0,0,預售屋、或土地及建物分件登記案件；,RPOOMLLLOHLGFGE38DA,44.69,0.0,10.52,有,
三民區,房地(土地+建物)+車位,高雄市三民區大和街２５號十四樓之３,24.81,住,,,1140329,土地1建物1車位1,十四層,十五層,住宅大樓(11層含以上有電梯),住家用,鋼筋混凝土,1150205,185.42,3,2,2,有,有,22680000,129771,坡道平面,29.53,2450000,預售屋、或土地及建物分件登記案件；,RPWNMLSKOHLGFDE76DA,85.68,0.0,14.39,有,
小港區,房地(土地+建物)+車位,高雄市小港區高坪五路６０號四樓之３,19.18,住,,,1140124,土地1建物1車位1,四層,五層,華廈(10層含以下有電梯),住家用,鋼筋混凝土,1150211,79.49000000000001,2,2,1,有,有,6380000,81262,一樓平面,15.13,1150000,預售屋、或土地及建物分件登記案件；,RPPNMLRKOHLGFCE48DA,41.51,0.0,5.64,有,
仁武區,房地(土地+建物)+車位,高雄市仁武區京富路６０號五樓之１,14.55,住,,,1140111,土地2建物1車位1,五層,十五層,住宅大樓(11層含以上有電梯),住家用,鋼筋混凝土,1150122,105.59,1,1,2,有,有,10800000,104612,坡道平面,21.47,2000000,預售屋、或土地及建物分件登記案件；,RPWPMLPKOHLGFIE17DA,43.19,0.0,11.49,有,
鳥松區,房地(土地+建物)+車位,高雄市鳥松區球場路１６２號四樓之３,36.04,住,,,1140126,土地1建物1車位1,四層,五層,華廈(10層含以下有電梯),住家用,鋼筋混凝土,1150316,115.60000000000001,3,2,2,有,有,13580000,113367,一樓平面,16.1,2300000,預售屋、或土地及建物分件登記案件；,RPXNMLPKOHLGFIE07DA,65.22,0.0,5.57,有,
鳳山區,房地(土地+建物)+車位,高雄市鳳山區林森路９號七樓之３,21.39,住,,,1140121,土地1建物1車位1,七層,十層,華廈(10層含以下有電梯),住家用,鋼筋混凝土,1150416,99.61,2,2,1,有,有,11120000,113306,升降機械,15.59,1600000,預售屋、或土地及建物分件登記案件；,RPXNMLLLOHLGFGE56DA,44.69,0.0,10.52,有,
橋頭區,房地(土地+建物)+車位,高雄市橋頭區新南一街１８９號八樓,12.64,住,,,1131202,土地1建物1車位1,八層,十五層,住宅大樓(11層含以上有電梯),住家用,鋼筋混凝土造,1150106,105.67,2,2,1,有,有,12050000,114176,坡道平面,17.21,1950000,預售屋、或土地及建物分件登記案件；,RPQOMLSJPHKGFFE98DA,43.62,0.0,13.09,有,
三民區,房地(土地+建物)+車位,高雄市三民區大和街２５號四樓之８,27.96,住,,,1131130,土地1建物1車位2,四層,十五層,住宅大樓(11層含以上有電梯),住家用,鋼筋混凝土,1150205,234.82999999999998,3,2,2,有,有,25080000,116516,坡道平面,59.06,4600000,預售屋、或土地及建物分件登記案件；,RPQOMLSKOHLGFDE88DA,103.29,0.0,9.57,有,
橋頭區,房地(土地+建物)+車位,高雄市橋頭區新南一街２３７號六樓,11.58,住,,,1131025,土地1建物1車位1,六層,十五層,住宅大樓(11層含以上有電梯),住家用,鋼筋混凝土造,1150106,90.78999999999999,1,2,1,有,有,10440000,111138,坡道機械,7.65,1200000,預售屋、或土地及建物分件登記案件；,RPSPMLQLPHKGFFE66DA,40.0,0.0,13.3,有,
三民區,房地(土地+建物)+車位,高雄市三民區力行路２４６號十三樓之１,22.32,住,,,1130915,土地1建物1車位1,十三層,十四層,住宅大樓(11層含以上有電梯),住家用,鋼筋混凝土造,0931111,181.13,4,2,2,有,有,12000000,66251,坡道平面,18.65,0,親友、員工、共有人或其他特殊關係間之交易；,RPXNMLMKOHLGFDE88DA,96.66,3.33,12.54,有,
三民區,房地(土地+建物)+車位,高雄市三民區大和街２５號十三樓之１,25.24,住,,,1130906,土地1建物1車位1,十三層,十五層,住宅大樓(11層含以上有電梯),住家用,鋼筋混凝土,1150205,188.16,3,2,2,有,有,22950000,129862,坡道平面,29.53,2350000,預售屋、或土地及建物分件登記案件；,RPUNMLSKOHLGFDE56DA,85.9,0.0,15.96,有,
鳳山區,房地(土地+建物),高雄市鳳山區林森路９號五樓之１,18.65,住,,,1130917,土地1建物1車位0,五層,十層,華廈(10層含以下有電梯),住家用,鋼筋混凝土,1150416,73.15,2,2,2,有,有,8200000,112098,,0.0,0,預售屋、或土地及建物分件登記案件；,RPPNMLLLOHLGFGE38DA,43.72,0.0,4.35,有,
鳳山區,房地(土地+建物)+車位,高雄市鳳山區林森路９號九樓之２,18.54,住,,,1130905,土地1建物1車位1,九層,十層,華廈(10層含以下有電梯),住家用,鋼筋混凝土,1150416,88.39,2,2,2,有,有,9190000,112500,升降機械,15.59,1000000,預售屋、或土地及建物分件登記案件；,RPVNMLLLOHLGFGE98DA,43.92,0.0,3.92,有,
橋頭區,房地(土地+建物)+車位,高雄市橋頭區新南一街１３５號二樓,17.9,住,,,1130915,土地1建物1車位1,二層,十五層,住宅大樓(11層含以上有電梯),住家用,鋼筋混凝土造,1150106,151.0,2,2,2,有,有,15700000,102773,坡道平面,17.21,1950000,預售屋、或土地及建物分件登記案件；,RPTNMLKKKIKGFFE08DA,65.58,0.0,20.01,有,
楠梓區,房地(土地+建物)+車位,高雄市楠梓區興楠路７３巷１０號三樓,18.03,住,,,1130826,土地1建物1車位1,三層,十五層,住宅大樓(11層含以上有電梯),住家用,鋼筋混凝土,1150203,141.77,3,2,2,有,有,13350000,100136,坡道平面,24.43,1600000,預售屋、或土地及建物分件登記案件；,RPPPMLPKOHLGFEE68DA,60.99,0.0,13.88,有,
楠梓區,房地(土地+建物)+車位,高雄市楠梓區興楠路７３巷２６號十一樓,17.73,住,,,1130830,土地1建物1車位1,十一層,十五層,住宅大樓(11層含以上有電梯),住家用,鋼筋混凝土,1150203,139.45,3,2,2,有,有,13950000,106503,坡道平面,24.43,1700000,預售屋、或土地及建物分件登記案件；,RPXPMLRKOHLGFEE07DA,61.44,0.0,12.17,有,
仁武區,房地(土地+建物)+車位,高雄市仁武區京富路３２號八樓之８,18.72,住,,,1130817,土地2建物1車位1,八層,十五層,住宅大樓(11層含以上有電梯),住家用,鋼筋混凝土,1150122,129.9,2,2,2,有,有,13850000,109287,坡道平面,21.47,2000000,預售屋、或土地及建物分件登記案件；,RPXOMLPKOHLGFIE17DA,56.03,0.0,14.47,有,
三民區,房地(土地+建物)+車位,高雄市三民區大和街２５號九樓之５,19.81,住,,,1130817,土地1建物1車位1,九層,十五層,住宅大樓(11層含以上有電梯),住家用,鋼筋混凝土,1150205,154.16,1,2,2,有,有,17680000,123806,坡道平面,29.53,2250000,此案已於民國115年5月28日讓渡預售屋、或土地及建物分件登記案件；,RPQOMLSJOHLGFDE78DA,64.71,0.0,15.28,有,
三民區,房地(土地+建物)+車位,高雄市三民區大和街２５號三樓之２,19.39,住,,,1130730,土地1建物1車位1,三層,十五層,住宅大樓(11層含以上有電梯),住家用,鋼筋混凝土,1150205,151.37,1,2,2,有,有,15630000,110637,坡道平面,29.53,2150000,預售屋、或土地及建物分件登記案件；,RPVNMLSKOHLGFDE66DA,64.37,0.0,13.85,有,
三民區,房地(土地+建物)+車位,高雄市三民區大和街２５號四樓之６,24.13,住,,,1130715,土地1建物1車位1,四層,十五層,住宅大樓(11層含以上有電梯),住家用,鋼筋混凝土,1150205,181.24,3,2,2,有,有,20000000,117659,坡道平面,29.53,2150000,此案已於民國115年5月20日讓渡預售屋、或土地及建物分件登記案件；,RPXNMLSKOHLGFDE86DA,80.07,0.0,17.31,有,
橋頭區,房地(土地+建物)+車位,高雄市橋頭區新南一街１３５號五樓,17.9,住,,,1130720,土地1建物1車位1,五層,十五層,住宅大樓(11層含以上有電梯),住家用,鋼筋混凝土造,1150106,151.0,2,2,2,有,有,15570000,101801,坡道平面,17.21,1950000,預售屋、或土地及建物分件登記案件；,RPQNMLNKIIKGFFE87DA,65.58,0.0,20.01,有,
橋頭區,房地(土地+建物)+車位,高雄市橋頭區新南一街１７７號五樓,11.58,住,,,1130730,土地1建物1車位1,五層,十五層,住宅大樓(11層含以上有電梯),住家用,鋼筋混凝土造,1150106,95.64,2,2,1,有,有,10430000,106035,坡道機械,7.65,1100000,預售屋、或土地及建物分件登記案件；,RPUNMLPKQHKGFFE56DA,43.62,0.0,12.62,有,
橋頭區,房地(土地+建物)+車位,高雄市橋頭區新南一街１８１號一樓,16.85,住,,,1130730,土地1建物1車位1,一層,十五層,住宅大樓(11層含以上有電梯),住家用,鋼筋混凝土造,1150106,142.7,3,2,2,有,有,15000000,103992,坡道平面,17.21,1950000,預售屋、或土地及建物分件登記案件；,RPWNMLPKQHKGFFE76DA,75.79,0.0,4.56,有,
橋頭區,房地(土地+建物)+車位,高雄市橋頭區新南一街１８７號六樓,18.96,住,,,1130712,土地1建物1車位1,六層,十五層,住宅大樓(11層含以上有電梯),住家用,鋼筋混凝土造,1150106,153.64,2,2,2,有,有,16200000,103716,坡道平面,17.21,2050000,預售屋、或土地及建物分件登記案件；,RPQNMLQJOHLGFFE68DA,68.42,0.0,19.04,有,
仁武區,房地(土地+建物)+車位,高雄市仁武區京富路５８號八樓之３,13.61,住,,,1130613,土地2建物1車位1,八層,十五層,住宅大樓(11層含以上有電梯),住家用,鋼筋混凝土,1150122,100.1,2,2,2,有,有,10120000,103268,坡道平面,21.47,2000000,預售屋、或土地及建物分件登記案件；,RPVQMLPKOHLGFIE17DA,39.78,0.0,11.27,有,
三民區,房地(土地+建物)+車位,高雄市三民區大和街２５號五樓之７,19.0,住,,,1130617,土地1建物1車位1,五層,十五層,住宅大樓(11層含以上有電梯),住家用,鋼筋混凝土,1150205,148.96,1,2,2,有,有,15770000,115298,坡道平面,29.53,2000000,預售屋、或土地及建物分件登記案件；,RPPOMLSKOHLGFDE78DA,68.45,0.0,8.23,有,
橋頭區,房地(土地+建物)+車位,高雄市橋頭區新南一街１９３號三樓,17.9,住,,,1130606,土地1建物1車位1,三層,十五層,住宅大樓(11層含以上有電梯),住家用,鋼筋混凝土造,1150106,147.26,2,2,2,有,有,15400000,102653,坡道平面,17.21,2050000,預售屋、或土地及建物分件登記案件；,RPXNMLRLRHKGFFE27DA,67.33,0.0,16.05,有,
橋頭區,房地(土地+建物)+車位,高雄市橋頭區新南一街１９１號九樓,12.64,住,,,1130628,土地1建物1車位1,九層,十五層,住宅大樓(11層含以上有電梯),住家用,鋼筋混凝土造,1150106,96.11,2,2,1,有,有,10430000,104341,坡道機械,7.65,1200000,預售屋、或土地及建物分件登記案件；,RPPOMLOKIIKGFFE97DA,43.62,0.0,13.09,有,
三民區,房地(土地+建物)+車位,高雄市三民區大豐二路２２５號二十五樓之６,5.37,商,,,1130529,土地1建物1車位1,二十五層,二十九層,住宅大樓(11層含以上有電梯),住家用,鋼筋混凝土造,1141218,92.83,2,1,2,有,有,10050000,120334,坡道機械,19.7,1250000,115.01.06有讓渡情形預售屋、或土地及建物分件登記案件；,RPSNMLTKMHLGFDE88DA,43.38,0.0,3.87,有,
楠梓區,房地(土地+建物)+車位,高雄市楠梓區學專路５６９號十一樓,15.98,住,,,1130504,土地1建物1車位1,十一層,十五層,住宅大樓(11層含以上有電梯),住家用,鋼筋混凝土,1141229,140.62,3,2,2,有,有,13780000,108859,坡道平面,30.11,1750000,預售屋、或土地及建物分件登記案件；,RPWOMLNKNHLGFEE98DA,60.87,0.0,8.96,有,
仁武區,房地(土地+建物)+車位,高雄市仁武區京富路６０號九樓之１０,13.69,住,,,1130516,土地2建物1車位1,九層,十五層,住宅大樓(11層含以上有電梯),住家用,鋼筋混凝土,1150122,100.47,1,1,2,有,有,9770000,98354,坡道平面,21.47,2000000,預售屋、或土地及建物分件登記案件；,RPUQMLPKOHLGFIE07DA,43.23,0.0,8.19,有,
仁武區,房地(土地+建物)+車位,高雄市仁武區京富路５８號九樓之１０,13.69,住,,,1130521,土地2建物1車位1,九層,十五層,住宅大樓(11層含以上有電梯),住家用,鋼筋混凝土,1150122,100.47,1,1,2,有,有,9760000,98228,坡道平面,21.47,2000000,預售屋、或土地及建物分件登記案件；,RPURMLPKOHLGFIE17DA,43.23,0.0,8.19,有,
橋頭區,房地(土地+建物)+車位,高雄市橋頭區新南一街１９３號八樓,17.9,住,,,1130504,土地1建物1車位1,八層,十五層,住宅大樓(11層含以上有電梯),住家用,鋼筋混凝土造,1150106,147.26,2,2,2,有,有,15650000,104575,坡道平面,17.21,2050000,本案為轉讓案件轉讓日期114年6月20日.預售屋、或土地及建物分件登記案件；,RPOOMLPJPHKGFFE48DA,67.33,0.0,16.05,有,
橋頭區,房地(土地+建物)+車位,高雄市橋頭區新南一街１４３號十二樓,11.58,住,,,1130510,土地1建物1車位1,十二層,十五層,住宅大樓(11層含以上有電梯),住家用,鋼筋混凝土造,1150106,90.53,1,2,1,有,有,10000000,106178,坡道機械,7.65,1200000,預售屋、或土地及建物分件登記案件；,RPWPMLRKPHKGFFE07DA,39.86,0.0,13.18,有,
橋頭區,房地(土地+建物)+車位,高雄市橋頭區新南一街２２３號十樓,17.9,住,,,1130507,土地1建物1車位1,十層,十五層,住宅大樓(11層含以上有電梯),住家用,鋼筋混凝土造,1150106,151.0,2,2,2,有,有,15760000,103221,坡道平面,17.21,1950000,預售屋、或土地及建物分件登記案件；,RPQOMLKKKHLGFFE87DA,65.58,0.0,20.01,有,
三民區,房地(土地+建物)+車位,高雄市三民區大豐二路２２５號二十四樓之１５,7.76,商,,,1130417,土地1建物1車位1,二十四層,二十九層,住宅大樓(11層含以上有電梯),住家用,鋼筋混凝土造,1141218,137.48000000000002,3,2,2,有,有,14700000,120699,坡道平面,31.68,1930000,預售屋、或土地及建物分件登記案件；,RPPPMLLLJHLGFDE77DA,63.36,0.0,4.97,有,
仁武區,房地(土地+建物)+車位,高雄市仁武區京富路３２號四樓之２,16.6,住,,,1130430,土地2建物1車位1,四層,十五層,住宅大樓(11層含以上有電梯),住家用,鋼筋混凝土,1150122,117.49000000000001,2,2,2,有,有,11400000,98938,坡道平面,21.47,1900000,預售屋、或土地及建物分件登記案件；,RPUOMLPKOHLGFIE86DA,49.64,0.0,12.7,有,
仁武區,房地(土地+建物)+車位,高雄市仁武區京富路７８號十三樓之９,12.27,住,,,1130430,土地2建物1車位1,十三層,十五層,住宅大樓(11層含以上有電梯),住家用,鋼筋混凝土,1150122,93.21000000000001,1,1,2,有,有,9550000,105241,坡道平面,21.47,2000000,預售屋、或土地及建物分件登記案件；,RPVPMLPKOHLGFIE07DA,43.23,0.0,3.31,有,
仁武區,房地(土地+建物)+車位,高雄市仁武區京富路６０號八樓之５,17.15,住,,,1130407,土地2建物1車位1,八層,十五層,住宅大樓(11層含以上有電梯),住家用,鋼筋混凝土,1150122,120.63,2,2,2,有,有,11880000,101654,坡道平面,21.47,1800000,預售屋、或土地及建物分件登記案件；,RPRQMLPKOHLGFIE76DA,54.51,0.0,9.91,有,
仁武區,房地(土地+建物)+車位,高雄市仁武區京富路５８號九樓之５,19.98,住,,,1130408,土地2建物1車位1,九層,十五層,住宅大樓(11層含以上有電梯),住家用,鋼筋混凝土,1150122,137.13,3,2,2,有,有,13750000,102455,坡道平面,21.47,1900000,預售屋、或土地及建物分件登記案件；,RPXQMLPKOHLGFIE37DA,63.31,0.0,11.77,有,
橋頭區,房地(土地+建物)+車位,高雄市橋頭區新南一街１３５號十二樓,17.9,住,,,1130410,土地1建物1車位1,十二層,十五層,住宅大樓(11層含以上有電梯),住家用,鋼筋混凝土造,1150106,151.0,2,2,2,有,有,15620000,102175,坡道平面,17.21,1950000,本案為轉讓案件轉讓日期114年9月5日.預售屋、或土地及建物分件登記案件；,RPVNMLKKRHKGFFE88DA,65.58,0.0,20.01,有,
橋頭區,房地(土地+建物)+車位,高雄市橋頭區新南一街１７７號九樓,11.58,住,,,1130427,土地1建物1車位1,九層,十五層,住宅大樓(11層含以上有電梯),住家用,鋼筋混凝土造,1150106,95.64,1,2,1,有,有,10500000,106830,坡道機械,7.65,1100000,預售屋、或土地及建物分件登記案件；,RPQOMLSLOHKGFFE09DA,43.62,0.0,12.62,有,
橋頭區,房地(土地+建物)+車位,高雄市橋頭區新南一街１７７號一樓,15.8,住,,,1130402,土地1建物1車位1,一層,十五層,住宅大樓(11層含以上有電梯),住家用,鋼筋混凝土造,1150106,131.51,3,2,2,有,有,12850000,95242,坡道平面,17.59,2000000,預售屋、或土地及建物分件登記案件；,RPWOMLTJPHKGFFE07DA,69.31,0.0,3.67,有,
橋頭區,房地(土地+建物)+車位,高雄市橋頭區新南一街１９７號十三樓,13.69,住,,,1130403,土地1建物1車位1,十三層,十五層,住宅大樓(11層含以上有電梯),住家用,鋼筋混凝土造,1150106,118.08,2,2,2,有,有,13160000,111133,坡道平面,17.21,1950000,預售屋、或土地及建物分件登記案件；,RPSNMLMKPHKGFFE58DA,60.75,0.0,3.78,有,
橋頭區,房地(土地+建物)+車位,高雄市橋頭區新南一街１３９號十一樓,18.96,住,,,1130402,土地1建物1車位1,十一層,十五層,住宅大樓(11層含以上有電梯),住家用,鋼筋混凝土造,1150106,153.16000000000003,2,2,2,有,有,15660000,100846,坡道平面,17.21,1950000,預售屋、或土地及建物分件登記案件；,RPPOMLQJQHKGFFE78DA,67.13,0.0,19.85,有,
橋頭區,房地(土地+建物)+車位,高雄市橋頭區橋新環路９９９號十四樓之５,11.71,住,,,1130305,土地1建物1車位1,十四層,十五層,住宅大樓(11層含以上有電梯),住家用,鋼筋混凝土造,1150415,93.18,2,2,1,有,有,10180000,127273,坡道平面,24.98,1500000,預售屋、或土地及建物分件登記案件；,RPVOMLPLLHLGFFE09DA,40.29,0.0,3.73,有,
橋頭區,房地(土地+建物)+車位,高雄市橋頭區橋新環路９９３號三樓之７,12.17,住,,,1130310,土地1建物1車位1,三層,十五層,住宅大樓(11層含以上有電梯),住家用,鋼筋混凝土造,1150415,100.8,2,2,1,有,有,10680000,128485,坡道平面,30.13,1600000,1預售屋權利轉讓，讓渡日期：114/11/17，讓渡金額：1068萬預售屋、或土地及建物分件登記案件；,RPSPMLSJMHLGFFE09DA,42.13,0.0,3.56,有,
橋頭區,房地(土地+建物)+車位,高雄市橋頭區橋新環路９９３號七樓之７,12.17,住,,,1130302,土地1建物1車位1,七層,十五層,住宅大樓(11層含以上有電梯),住家用,鋼筋混凝土造,1150415,95.65,2,2,1,有,有,10350000,125230,坡道平面,24.98,1500000,預售屋、或土地及建物分件登記案件；,RPWPMLSJMHLGFFE86DA,42.13,0.0,3.56,有,
橋頭區,房地(土地+建物)+車位,高雄市橋頭區橋新環路９９３號八樓之６,12.05,住,,,1130302,土地1建物1車位2,八層,十五層,住宅大樓(11層含以上有電梯),住家用,鋼筋混凝土造,1150415,120.38000000000001,2,2,1,有,有,11930000,126811,坡道平面,49.96,3000000,預售屋、或土地及建物分件登記案件；,RPRNMLPKMHLGFFE58DA,41.72,0.0,3.73,有,
仁武區,房地(土地+建物)+車位,高雄市仁武區京富路７８號十樓之７,17.38,住,,,1130326,土地2建物1車位1,十層,十五層,住宅大樓(11層含以上有電梯),住家用,鋼筋混凝土,1150122,122.0,2,2,2,有,有,12360000,104049,坡道平面,21.47,1900000,預售屋、或土地及建物分件登記案件；,RPTPMLPKOHLGFIE86DA,55.64,0.0,9.62,有,
楠梓區,房地(土地+建物)+車位,高雄市楠梓區大學十八街２６號四樓,17.55,住,,,1130309,土地1建物1車位1,四層,十九層,住宅大樓(11層含以上有電梯),住家用,鋼筋混凝土,1150226,146.56,2,2,2,有,有,13470000,94302,坡道平面,24.93,2000000,預售屋、或土地及建物分件登記案件；,RPVOMLPKOHLGFEE56DA,70.33,0.0,7.63,有,
楠梓區,房地(土地+建物)+車位,高雄市楠梓區大學十八街３２號四樓,17.55,住,,,1130317,土地1建物1車位1,四層,十九層,住宅大樓(11層含以上有電梯),住家用,鋼筋混凝土,1150226,146.56,2,2,2,有,有,13330000,93974,坡道平面,24.93,1900000,預售屋、或土地及建物分件登記案件；,RPTPMLPKOHLGFEE09DA,70.33,0.0,7.63,有,
橋頭區,房地(土地+建物)+車位,高雄市橋頭區橋新環路９９３號三樓之８,12.05,住,,,1130322,土地1建物1車位1,三層,十五層,住宅大樓(11層含以上有電梯),住家用,鋼筋混凝土造,1150415,95.65,2,2,1,有,有,11080000,138390,坡道平面,24.98,1300000,1預售屋權利轉讓，讓渡日期：114/11/20，讓渡金額：1108萬預售屋、或土地及建物分件登記案件；,RPRQMLQJNHLGFFE98DA,42.13,0.0,3.56,有,
鳳山區,房地(土地+建物)+車位,高雄市鳳山區鳳甲路２８７號十二樓,17.73,住,,,1130303,土地1建物1車位1,十二層,十四層,住宅大樓(11層含以上有電梯),住家用,鋼筋混凝土,1150205,142.20999999999998,3,2,2,有,有,13480000,93033,坡道平面,23.65,2450000,預售屋、或土地及建物分件登記案件；,RPXRMLTJMHLGFGE37DA,56.98,0.0,18.35,有,
橋頭區,房地(土地+建物)+車位,高雄市橋頭區新南一街１４３號八樓,11.58,住,,,1130324,土地1建物1車位1,八層,十五層,住宅大樓(11層含以上有電梯),住家用,鋼筋混凝土造,1150106,90.53,1,2,1,有,有,9280000,97490,坡道機械,7.65,1200000,預售屋、或土地及建物分件登記案件；,RPPOMLOJPHKGFFE48DA,39.86,0.0,13.18,有,
橋頭區,房地(土地+建物)+車位,高雄市橋頭區新南一街１３５號九樓,17.9,住,,,1130310,土地1建物1車位1,九層,十五層,住宅大樓(11層含以上有電梯),住家用,鋼筋混凝土造,1150106,151.0,2,2,2,有,有,15390000,100456,坡道平面,17.21,1950000,預售屋、或土地及建物分件登記案件；,RPUNMLLKPHKGFFE68DA,65.58,0.0,20.01,有,
橋頭區,房地(土地+建物)+車位,高雄市橋頭區新南一街１９９號二樓,14.74,住,,,1130306,土地1建物1車位1,二層,十五層,住宅大樓(11層含以上有電梯),住家用,鋼筋混凝土造,1150106,124.43,2,2,2,有,有,12600000,99328,坡道平面,17.21,1950000,本案為轉讓案件轉讓日期114年8月25日.預售屋、或土地及建物分件登記案件；,RPUOMLLJRHKGFFE88DA,53.72,0.0,14.86,有,
橋頭區,房地(土地+建物)+車位,高雄市橋頭區新南一街２０３號二樓,11.58,住,,,1130329,土地1建物1車位1,二層,十五層,住宅大樓(11層含以上有電梯),住家用,鋼筋混凝土造,1150106,94.2,2,2,2,有,有,9850000,101098,坡道機械,7.65,1100000,預售屋、或土地及建物分件登記案件；,RPPOMLNKIIKGFFE87DA,51.85,0.0,3.71,有,
橋頭區,房地(土地+建物)+車位,高雄市橋頭區新南一街２２１號十四樓,11.58,住,,,1130323,土地1建物1車位1,十四層,十五層,住宅大樓(11層含以上有電梯),住家用,鋼筋混凝土造,1150106,89.38,1,2,2,有,有,9660000,104735,坡道機械,7.65,1100000,預售屋、或土地及建物分件登記案件；,RPWOMLMJKIKGFFE58DA,48.22,0.0,4.05,有,
橋頭區,房地(土地+建物)+車位,高雄市橋頭區新南一街２０５號十樓,12.64,住,,,1130308,土地1建物1車位1,十層,十五層,住宅大樓(11層含以上有電梯),住家用,鋼筋混凝土造,1150106,109.0,2,2,2,有,有,11770000,106983,坡道平面,17.21,1950000,預售屋、或土地及建物分件登記案件；,RPQPMLTJKHLGFFE78DA,53.52,0.0,5.37,有,
橋頭區,房地(土地+建物)+車位,高雄市橋頭區新南一街１９７號十一樓,13.69,住,,,1130320,土地1建物1車位1,十一層,十五層,住宅大樓(11層含以上有電梯),住家用,鋼筋混凝土造,1150106,118.08,2,2,2,有,有,13130000,110836,坡道平面,17.21,1950000,預售屋、或土地及建物分件登記案件；,RPPPMLTJPHKGFFE09DA,60.75,0.0,3.78,有,
橋頭區,房地(土地+建物)+車位,高雄市橋頭區新南一街２０３號七樓,11.58,住,,,1130306,土地1建物1車位1,七層,十五層,住宅大樓(11層含以上有電梯),住家用,鋼筋混凝土造,1150106,94.2,2,2,2,有,有,10070000,102484,坡道機械,7.65,1200000,預售屋、或土地及建物分件登記案件；,RPQPMLKMPHKGFFE58DA,51.85,0.0,3.71,有,
鳳山區,房地(土地+建物)+車位,高雄市鳳山區鳳甲路２８９號十二樓,9.85,住,,,1130305,土地1建物1車位1,十二層,十四層,住宅大樓(11層含以上有電梯),住家用,鋼筋混凝土,1150205,87.65,2,1,1,有,有,8830000,101021,坡道平面,22.02,2200000,預售屋、或土地及建物分件登記案件；,RPVSMLTJMHLGFGE27DA,38.35,0.0,3.62,有,
三民區,房地(土地+建物),高雄市三民區大豐二路２２５號四樓之９,5.09,商,,,1130229,土地1建物1車位0,四層,二十九層,住宅大樓(11層含以上有電梯),住家用,鋼筋混凝土造,1141218,69.37,2,1,1,有,有,7250000,104512,,0.0,0,預售屋、或土地及建物分件登記案件；,RPOVMLKLJHLGFDE18DA,40.72,0.0,4.12,有,
橋頭區,房地(土地+建物)+車位,高雄市橋頭區橋新環路９９９號八樓之８,12.17,住,,,1130204,土地1建物1車位1,八層,十五層,住宅大樓(11層含以上有電梯),住家用,鋼筋混凝土造,1150415,95.65,2,2,1,有,有,9700000,117447,坡道平面,24.98,1400000,預售屋、或土地及建物分件登記案件；,RPOPMLQLLHLGFFE58DA,42.13,0.0,3.56,有,
橋頭區,房地(土地+建物)+車位,高雄市橋頭區橋新環路９９３號十三樓之７,12.17,住,,,1130204,土地1建物1車位1,十三層,十五層,住宅大樓(11層含以上有電梯),住家用,鋼筋混凝土造,1150415,95.65,2,2,1,有,有,10080000,119994,坡道平面,24.98,1600000,1預售屋權利轉讓，讓渡日期：114/11/15，讓渡金額：1008萬預售屋、或土地及建物分件登記案件；,RPSQMLSJMHLGFFE56DA,42.13,0.0,3.56,有,
橋頭區,房地(土地+建物)+車位,高雄市橋頭區橋新環路９９３號十五樓之７,12.17,住,,,1130223,土地1建物1車位1,十五層,十五層,住宅大樓(11層含以上有電梯),住家用,鋼筋混凝土造,1150415,95.65,2,2,1,有,有,10200000,123107,坡道平面,24.98,1500000,預售屋、或土地及建物分件登記案件；,RPUQMLSJMHLGFFE76DA,42.13,0.0,3.56,有,
橋頭區,房地(土地+建物)+車位,高雄市橋頭區橋新環路９９３號十二樓之８,12.17,住,,,1130204,土地1建物1車位1,十二層,十五層,住宅大樓(11層含以上有電梯),住家用,鋼筋混凝土造,1150415,95.65,2,2,1,有,有,9930000,119287,坡道平面,24.98,1500000,預售屋、或土地及建物分件登記案件；,RPWNMLTJMHLGFFE76DA,42.13,0.0,3.56,有,
仁武區,房地(土地+建物)+車位,高雄市仁武區京富路６０號八樓之９,17.38,住,,,1130205,土地2建物1車位1,八層,十五層,住宅大樓(11層含以上有電梯),住家用,鋼筋混凝土,1150122,122.22999999999999,2,2,2,有,有,11600000,96268,坡道平面,21.47,1900000,預售屋、或土地及建物分件登記案件；,RPSQMLPKOHLGFIE86DA,56.03,0.0,9.46,有,
仁武區,房地(土地+建物)+車位,高雄市仁武區京富路６０號二樓之３,13.61,住,,,1130201,土地2建物1車位1,二層,十五層,住宅大樓(11層含以上有電梯),住家用,鋼筋混凝土,1150122,100.28,2,2,2,有,有,8920000,91613,坡道平面,21.47,1700000,預售屋、或土地及建物分件登記案件；,RPWNMLRKOHLGFIE17DA,39.78,0.0,11.45,有,
楠梓區,房地(土地+建物)+車位,高雄市楠梓區大學十八街３０號十五樓,11.8,住,,,1130225,土地1建物1車位1,十五層,十九層,住宅大樓(11層含以上有電梯),住家用,鋼筋混凝土,1150226,94.41999999999999,2,2,1,有,有,9220000,96869,坡道機械,12.66,1300000,預售屋、或土地及建物分件登記案件；,RPXOMLPKOHLGFEE76DA,48.35,0.0,4.06,有,
橋頭區,房地(土地+建物)+車位,高雄市橋頭區橋新環路９９９號七樓之６,12.05,住,,,1130224,土地1建物1車位1,七層,十五層,住宅大樓(11層含以上有電梯),住家用,鋼筋混凝土造,1150415,100.56,2,2,1,有,有,10180000,121823,坡道平面,30.13,1600000,預售屋、或土地及建物分件登記案件；,RPRPMLPLLHLGFFE78DA,41.72,0.0,3.73,有,
橋頭區,房地(土地+建物)+車位,高雄市橋頭區橋新環路９９９號九樓之８,12.17,住,,,1130204,土地1建物1車位1,九層,十五層,住宅大樓(11層含以上有電梯),住家用,鋼筋混凝土造,1150415,98.02,2,2,1,有,有,9750000,118172,坡道平面,27.36,1400000,預售屋、或土地及建物分件登記案件；,RPPPMLQLLHLGFFE68DA,42.13,0.0,3.56,有,
橋頭區,房地(土地+建物)+車位,高雄市橋頭區橋新環路９９３號十一樓之７,12.17,住,,,1130202,土地1建物1車位1,十一層,十五層,住宅大樓(11層含以上有電梯),住家用,鋼筋混凝土造,1150415,95.65,2,2,1,有,有,9860000,118296,坡道平面,24.98,1500000,預售屋、或土地及建物分件登記案件；,RPQQMLSJMHLGFFE98DA,42.13,0.0,3.56,有,
橋頭區,房地(土地+建物)+車位,高雄市橋頭區橋新環路９９３號十一樓之８,12.17,住,,,1130202,土地1建物1車位1,十一層,十五層,住宅大樓(11層含以上有電梯),住家用,鋼筋混凝土造,1150415,98.02,2,2,1,有,有,9960000,118313,坡道平面,27.36,1600000,預售屋、或土地及建物分件登記案件；,RPVNMLTJMHLGFFE66DA,42.13,0.0,3.56,有,
橋頭區,房地(土地+建物)+車位,高雄市橋頭區橋新環路９９３號七樓之５,11.71,住,,,1130218,土地1建物1車位1,七層,十五層,住宅大樓(11層含以上有電梯),住家用,鋼筋混凝土造,1150415,93.18,2,2,1,有,有,9050000,112170,坡道平面,24.98,1400000,預售屋、或土地及建物分件登記案件；,RPRPMLPJOHLGFFE88DA,40.29,0.0,3.73,有,
橋頭區,房地(土地+建物)+車位,高雄市橋頭區新南一街２２９號五樓,11.58,住,,,1130226,土地1建物1車位1,五層,十五層,住宅大樓(11層含以上有電梯),住家用,鋼筋混凝土造,1150106,93.88,2,2,2,有,有,9630000,98921,坡道機械,7.65,1100000,本案為轉讓案件轉讓日期114年5月22日.預售屋、或土地及建物分件登記案件；,RPVNMLOKIIKGFFE48DA,51.28,0.0,3.96,有,
鳳山區,房地(土地+建物)+車位,高雄市鳳山區鳳甲路２９１號十二樓,9.85,住,,,1130229,土地1建物1車位1,十二層,十四層,住宅大樓(11層含以上有電梯),住家用,鋼筋混凝土,1150205,87.65,2,1,1,有,有,8830000,101021,坡道平面,22.02,2200000,1.於民國115年3月31日讓渡預售屋、或土地及建物分件登記案件；,RPXNMLLJMHLGFGE78DA,38.35,0.0,3.62,有,
三民區,房地(土地+建物)+車位,高雄市三民區大豐二路２２５號二十一樓之６,5.37,商,,,1130110,土地1建物1車位1,二十一層,二十九層,住宅大樓(11層含以上有電梯),住家用,鋼筋混凝土造,1141218,92.83,2,1,2,有,有,9680000,115274,坡道機械,19.7,1250000,預售屋、或土地及建物分件登記案件；,RPXOMLQJNHLGFDE56DA,43.38,0.0,3.87,有,
橋頭區,房地(土地+建物)+車位,高雄市橋頭區橋新環路９９９號十一樓之６,12.05,住,,,1130120,土地1建物1車位1,十一層,十五層,住宅大樓(11層含以上有電梯),住家用,鋼筋混凝土造,1150415,95.41,2,2,1,有,有,9720000,118131,坡道平面,24.98,1400000,1預售屋權利轉讓，讓渡日期：114/10/27，讓渡金額：972萬預售屋、或土地及建物分件登記案件；,RPVPMLPLLHLGFFE56DA,41.72,0.0,3.73,有,
橋頭區,房地(土地+建物)+車位,高雄市橋頭區橋新環路９９３號十三樓之２,11.71,住,,,1130118,土地1建物1車位1,十三層,十五層,住宅大樓(11層含以上有電梯),住家用,鋼筋混凝土造,1150415,93.18,2,2,1,有,有,9630000,119208,坡道平面,24.98,1500000,預售屋、或土地及建物分件登記案件；,RPVUMLKMLHLGFFE66DA,40.29,0.0,3.73,有,
橋頭區,房地(土地+建物)+車位,高雄市橋頭區橋新環路９９３號九樓之６,12.05,住,,,1130114,土地1建物1車位1,九層,十五層,住宅大樓(11層含以上有電梯),住家用,鋼筋混凝土造,1150415,95.41,2,2,1,有,有,9700000,116428,坡道平面,24.98,1500000,預售屋、或土地及建物分件登記案件；,RPVOMLSJMHLGFFE66DA,41.72,0.0,3.73,有,
橋頭區,房地(土地+建物)+車位,高雄市橋頭區橋新環路９９３號十樓之８,12.17,住,,,1130125,土地1建物1車位1,十層,十五層,住宅大樓(11層含以上有電梯),住家用,鋼筋混凝土造,1150415,95.65,2,2,1,有,有,9650000,115325,坡道平面,24.98,1500000,預售屋、或土地及建物分件登記案件；,RPUNMLTJMHLGFFE56DA,42.13,0.0,3.56,有,
橋頭區,房地(土地+建物)+車位,高雄市橋頭區橋新環路９９３號十三樓之８,12.17,住,,,1130124,土地1建物1車位1,十三層,十五層,住宅大樓(11層含以上有電梯),住家用,鋼筋混凝土造,1150415,95.65,2,2,1,有,有,9760000,116881,坡道平面,24.98,1500000,預售屋、或土地及建物分件登記案件；,RPXNMLTJMHLGFFE86DA,42.13,0.0,3.56,有,
橋頭區,房地(土地+建物)+車位,高雄市橋頭區橋新環路９９１號十二樓之６,12.17,住,,,1130106,土地1建物1車位1,十二層,十五層,住宅大樓(11層含以上有電梯),住家用,鋼筋混凝土造,1150415,95.65,2,2,1,有,有,9180000,114334,坡道平面,24.98,1100000,1預售屋權利轉讓，讓渡日期：114/11/20，讓渡金額：918萬預售屋、或土地及建物分件登記案件；,RPPRMLPKMHLGFFE78DA,42.13,0.0,3.56,有,
橋頭區,房地(土地+建物)+車位,高雄市橋頭區橋新環路９９７號十五樓之６,12.17,住,,,1130128,土地1建物1車位1,十五層,十五層,住宅大樓(11層含以上有電梯),住家用,鋼筋混凝土造,1150415,95.65,2,2,1,有,有,9680000,118579,坡道平面,24.98,1300000,預售屋、或土地及建物分件登記案件；,RPUPNLQLLHLGFFE66DA,42.13,0.0,3.56,有,
橋頭區,房地(土地+建物)+車位,高雄市橋頭區橋新環路９９３號十三樓之３,12.05,住,,,1130124,土地1建物1車位1,十三層,十五層,住宅大樓(11層含以上有電梯),住家用,鋼筋混凝土造,1150415,95.41,2,2,1,有,有,9820000,119551,坡道平面,24.98,1400000,預售屋、或土地及建物分件登記案件；,RPWVMLKMLHLGFFE86DA,41.72,0.0,3.73,有,
橋頭區,房地(土地+建物)+車位,高雄市橋頭區橋新環路９８９號十二樓之７,23.31,住,,,1130106,土地1建物1車位2,十二層,十五層,住宅大樓(11層含以上有電梯),住家用,鋼筋混凝土造,1150415,185.4,3,2,2,有,有,16490000,101078,坡道平面,49.96,2800000,113年3月22日加購1個車位，總價變更為1649萬。預售屋、或土地及建物分件登記案件；,RPSPMLLLMHLGFFE58DA,67.42,0.0,20.45,有,
仁武區,房地(土地+建物)+車位,高雄市仁武區京富路６０號二樓之１０,13.69,住,,,1130107,土地2建物1車位1,二層,十五層,住宅大樓(11層含以上有電梯),住家用,鋼筋混凝土,1150122,100.47,1,1,2,有,有,8560000,86835,坡道平面,21.47,1700000,預售屋、或土地及建物分件登記案件；,RPTQMLPKOHLGFIE96DA,43.23,0.0,8.19,有,
仁武區,房地(土地+建物)+車位,高雄市仁武區京富路５８號八樓之９,17.38,住,,,1130131,土地2建物1車位1,八層,十五層,住宅大樓(11層含以上有電梯),住家用,鋼筋混凝土,1150122,122.22999999999999,2,2,2,有,有,11460000,95871,坡道平面,21.47,1800000,預售屋、或土地及建物分件登記案件；,RPSRMLPKOHLGFIE96DA,56.03,0.0,9.46,有,
楠梓區,房地(土地+建物)+車位,高雄市楠梓區大學十八街２２號十一樓,20.6,住,,,1130107,土地1建物1車位1,十一層,十九層,住宅大樓(11層含以上有電梯),住家用,鋼筋混凝土,1150226,167.55,2,2,2,有,有,14800000,89749,坡道平面,24.93,2000000,預售屋、或土地及建物分件登記案件；,RPUOMLPKOHLGFEE09DA,72.1,0.0,19.32,有,
楠梓區,房地(土地+建物)+車位,高雄市楠梓區大學十八街３８號六樓,14.19,住,,,1130120,土地1建物1車位1,六層,十九層,住宅大樓(11層含以上有電梯),住家用,鋼筋混凝土,1150226,110.94999999999999,2,2,2,有,有,10350000,91057,坡道機械,12.66,1400000,預售屋、或土地及建物分件登記案件；,RPOPMLPKOHLGFEE58DA,49.93,0.0,13.08,有,
橋頭區,房地(土地+建物)+車位,高雄市橋頭區橋新環路９９７號十三樓之６,12.17,住,,,1130103,土地1建物1車位1,十三層,十五層,住宅大樓(11層含以上有電梯),住家用,鋼筋混凝土造,1150415,95.65,2,2,1,有,有,9500000,114617,坡道平面,24.98,1400000,預售屋、或土地及建物分件登記案件；,RPSPNLQLLHLGFFE09DA,42.13,0.0,3.56,有,
橋頭區,房地(土地+建物)+車位,高雄市橋頭區新南一街２２９號十四樓,11.58,住,,,1130101,土地1建物1車位1,十四層,十五層,住宅大樓(11層含以上有電梯),住家用,鋼筋混凝土造,1150106,93.88,2,2,2,有,有,9860000,97530,坡道機械,7.65,1450000,預售屋、或土地及建物分件登記案件；,RPVNMLNJMHLGFFE68DA,51.28,0.0,3.96,有,
橋頭區,房地(土地+建物)+車位,高雄市橋頭區橋新環路９９３號十一樓之６,12.05,住,,,1130125,土地1建物1車位1,十一層,十五層,住宅大樓(11層含以上有電梯),住家用,鋼筋混凝土造,1150415,95.41,2,2,1,有,有,9820000,118131,坡道平面,24.98,1500000,預售屋、或土地及建物分件登記案件；,RPXOMLSJMHLGFFE86DA,41.72,0.0,3.73,有,
橋頭區,房地(土地+建物)+車位,高雄市橋頭區新南一街２０３號八樓,11.58,住,,,1130130,土地1建物1車位1,八層,十五層,住宅大樓(11層含以上有電梯),住家用,鋼筋混凝土造,1150106,94.2,2,2,2,有,有,10360000,102946,坡道機械,7.65,1450000,預售屋、或土地及建物分件登記案件；,RPQPMLKKPHKGFFE38DA,51.85,0.0,3.71,有,
橋頭區,房地(土地+建物)+車位,高雄市橋頭區新南一街２２９號十二樓,11.58,住,,,1130129,土地1建物1車位1,十二層,十五層,住宅大樓(11層含以上有電梯),住家用,鋼筋混凝土造,1150106,93.88,2,2,2,有,有,10100000,100313,坡道機械,7.65,1450000,預售屋、或土地及建物分件登記案件；,RPWOMLMKPHKGFFE09DA,51.28,0.0,3.96,有,
橋頭區,房地(土地+建物)+車位,高雄市橋頭區新南一街２２７號三樓,11.58,住,,,1130127,土地1建物1車位1,三層,十五層,住宅大樓(11層含以上有電梯),住家用,鋼筋混凝土造,1150106,103.77000000000001,2,2,2,有,有,10400000,101086,坡道平面,17.21,1650000,預售屋、或土地及建物分件登記案件；,RPXOMLPKQHKGFFE96DA,51.86,0.0,3.71,有,
橋頭區,房地(土地+建物)+車位,高雄市橋頭區新南一街２３１號十三樓,14.74,住,,,1130127,土地1建物1車位1,十三層,十五層,住宅大樓(11層含以上有電梯),住家用,鋼筋混凝土造,1150106,124.43,2,2,2,有,有,12280000,97277,坡道平面,17.21,1850000,預售屋、或土地及建物分件登記案件；,RPQOMLMKRHKGFFE68DA,53.72,0.0,14.86,有,
橋頭區,房地(土地+建物)+車位,高雄市橋頭區新南一街２１１號六樓,17.9,住,,,1130125,土地1建物1車位1,六層,十五層,住宅大樓(11層含以上有電梯),住家用,鋼筋混凝土造,1150106,150.84,2,2,2,有,有,13330000,86411,坡道平面,16.83,1750000,預售屋、或土地及建物分件登記案件；,RPSPMLKKPHKGFFE58DA,68.13,0.0,17.68,有,
橋頭區,房地(土地+建物)+車位,高雄市橋頭區新南一街１９９號十三樓,14.74,住,,,1130127,土地1建物1車位1,十三層,十五層,住宅大樓(11層含以上有電梯),住家用,鋼筋混凝土造,1150106,124.05,2,2,2,有,有,12170000,97183,坡道平面,16.83,1750000,預售屋、或土地及建物分件登記案件；,RPXOMLKMPHKGFFE56DA,53.72,0.0,14.86,有,
橋頭區,房地(土地+建物)+車位,高雄市橋頭區橋新環路９９３號七樓之３,12.05,住,,,1121224,土地1建物1車位2,七層,十五層,住宅大樓(11層含以上有電梯),住家用,鋼筋混凝土造,1150415,120.38000000000001,2,2,1,有,有,11050000,112894,坡道平面,49.96,3100000,113年4月3日換購車位，將地下三層車位更換為地下一層車位，並加購1個車位，總價變更為1105萬。1預售屋權利轉讓，讓渡日期：114/11/5，讓渡金額：1105萬預售屋、或土地及建物分件登記案件；,RPTOMLSJMHLGFFE09DA,41.72,0.0,3.73,有,
橋頭區,房地(土地+建物)+車位,高雄市橋頭區橋新環路９９１號十樓之６,12.17,住,,,1121230,土地1建物1車位1,十層,十五層,住宅大樓(11層含以上有電梯),住家用,鋼筋混凝土造,1150415,95.65,2,2,1,有,有,9380000,112919,坡道平面,24.98,1400000,預售屋、或土地及建物分件登記案件；,RPXQMLPKMHLGFFE86DA,42.13,0.0,3.56,有,
橋頭區,房地(土地+建物)+車位,高雄市橋頭區橋新環路９９１號十一樓之６,12.17,住,,,1121230,土地1建物1車位1,十一層,十五層,住宅大樓(11層含以上有電梯),住家用,鋼筋混凝土造,1150415,95.65,2,2,1,有,有,9420000,113485,坡道平面,24.98,1400000,預售屋、或土地及建物分件登記案件；,RPORMLPKMHLGFFE68DA,42.13,0.0,3.56,有,
橋頭區,房地(土地+建物)+車位,高雄市橋頭區橋新環路９９９號三樓之３,15.35,住,,,1121202,土地1建物1車位1,三層,十五層,住宅大樓(11層含以上有電梯),住家用,鋼筋混凝土造,1150415,114.77000000000001,2,2,2,有,有,11050000,107473,坡道平面,24.98,1400000,1預售屋權利轉讓，讓渡日期：114/01/09，讓渡金額：1145萬預售屋、或土地及建物分件登記案件；,RPPOMLQJNHLGFFE58DA,54.37,0.0,3.7,有,
橋頭區,房地(土地+建物)+車位,高雄市橋頭區橋新環路９９９號十三樓之２,11.71,住,,,1121222,土地1建物1車位1,十三層,十五層,住宅大樓(11層含以上有電梯),住家用,鋼筋混凝土造,1150415,93.18,2,2,1,有,有,9320000,116129,坡道平面,24.98,1400000,1預售屋權利轉讓，讓渡日期：114/5/13，讓渡金額：932萬預售屋、或土地及建物分件登記案件；,RPOQMLOLLHLGFFE48DA,40.29,0.0,3.73,有,
橋頭區,房地(土地+建物)+車位,高雄市橋頭區橋新環路９９９號十樓之６,12.05,住,,,1121210,土地1建物1車位1,十層,十五層,住宅大樓(11層含以上有電梯),住家用,鋼筋混凝土造,1150415,95.41,2,2,1,有,有,9480000,114724,坡道平面,24.98,1400000,預售屋、或土地及建物分件登記案件；,RPUPMLPLLHLGFFE09DA,41.72,0.0,3.73,有,
橋頭區,房地(土地+建物)+車位,高雄市橋頭區橋新環路９９７號十樓之６,12.17,住,,,1121205,土地1建物1車位1,十層,十五層,住宅大樓(11層含以上有電梯),住家用,鋼筋混凝土造,1150415,95.65,2,2,1,有,有,9300000,111787,坡道平面,24.98,1400000,預售屋、或土地及建物分件登記案件；,RPOPNLQLLHLGFFE68DA,42.13,0.0,3.56,有,
橋頭區,房地(土地+建物)+車位,高雄市橋頭區橋新環路９９３號八樓之２,11.71,住,,,1121222,土地1建物1車位1,八層,十五層,住宅大樓(11層含以上有電梯),住家用,鋼筋混凝土造,1150415,93.18,2,2,1,有,有,8880000,114076,坡道平面,24.98,1100000,預售屋、或土地及建物分件登記案件；,RPRUMLKMLHLGFFE88DA,40.29,0.0,3.73,有,
橋頭區,房地(土地+建物)+車位,高雄市橋頭區橋新環路９９３號十五樓之１０,22.52,住,,,1121224,土地1建物1車位2,十五層,十五層,住宅大樓(11層含以上有電梯),住家用,鋼筋混凝土造,1150415,180.8,3,2,2,有,有,16670000,103714,坡道平面,49.96,3100000,預售屋、或土地及建物分件登記案件；,RPSNMLPKMHLGFFE68DA,65.28,0.0,19.57,有,
橋頭區,房地(土地+建物)+車位,高雄市橋頭區橋新環路９８９號十三樓之１,22.63,住,,,1121217,土地1建物1車位1,十三層,十五層,住宅大樓(11層含以上有電梯),住家用,鋼筋混凝土造,1150415,156.84,3,2,2,有,有,15390000,105339,坡道平面,24.98,1500000,預售屋、或土地及建物分件登記案件；,RPOQMLKLMHLGFFE18DA,65.83,0.0,19.64,有,
橋頭區,房地(土地+建物)+車位,高雄市橋頭區橋新環路９８９號十三樓之７,23.31,住,,,1121231,土地1建物1車位1,十三層,十五層,住宅大樓(11層含以上有電梯),住家用,鋼筋混凝土造,1150415,160.42000000000002,3,2,2,有,有,15180000,101004,坡道平面,24.98,1500000,預售屋、或土地及建物分件登記案件；,RPTPMLLLMHLGFFE68DA,67.42,0.0,20.45,有,
仁武區,房地(土地+建物)+車位,高雄市仁武區京富路６０號七樓之１,14.55,住,,,1121231,土地2建物1車位1,七層,十五層,住宅大樓(11層含以上有電梯),住家用,鋼筋混凝土,1150122,105.59,1,1,2,有,有,9750000,95697,坡道平面,21.47,1700000,預售屋、或土地及建物分件登記案件；,RPXPMLPKOHLGFIE27DA,43.19,0.0,11.49,有,
仁武區,房地(土地+建物)+車位,高雄市仁武區京富路５８號二樓之１０,13.69,住,,,1121203,土地2建物1車位1,二層,十五層,住宅大樓(11層含以上有電梯),住家用,鋼筋混凝土,1150122,100.47,1,1,2,有,有,8400000,84810,坡道平面,21.47,1700000,預售屋、或土地及建物分件登記案件；,RPTRMLPKOHLGFIE07DA,43.23,0.0,8.19,有,
楠梓區,房地(土地+建物)+車位,高雄市楠梓區大學十八街２６號五樓,17.55,住,,,1121222,土地1建物1車位1,五層,十九層,住宅大樓(11層含以上有電梯),住家用,鋼筋混凝土,1150226,146.56,2,2,2,有,有,13280000,92740,坡道平面,24.93,2000000,預售屋、或土地及建物分件登記案件；,RPSPMLPKOHLGFEE98DA,70.33,0.0,7.63,有,
橋頭區,房地(土地+建物)+車位,高雄市橋頭區橋新環路９９９號八樓之２,11.71,住,,,1121202,土地1建物1車位1,八層,十五層,住宅大樓(11層含以上有電梯),住家用,鋼筋混凝土造,1150415,93.18,2,2,1,有,有,9150000,113636,坡道平面,24.98,1400000,預售屋、或土地及建物分件登記案件；,RPTPMLOLLHLGFFE88DA,40.29,0.0,3.73,有,
橋頭區,房地(土地+建物)+車位,高雄市橋頭區新南一街１６１號八樓,11.58,住,,,1121215,土地1建物1車位1,八層,十五層,住宅大樓(11層含以上有電梯),住家用,鋼筋混凝土造,1150106,100.09,1,2,1,有,有,9670000,93147,坡道平面,17.21,1950000,預售屋、或土地及建物分件登記案件；,RPQNMLNJIIKGFFE77DA,39.86,0.0,13.18,有,
橋頭區,房地(土地+建物)+車位,高雄市橋頭區新南一街１６５號十樓,17.9,住,,,1121225,土地1建物1車位1,十層,十五層,住宅大樓(11層含以上有電梯),住家用,鋼筋混凝土造,1150106,151.26,2,2,2,有,有,13700000,87654,坡道平面,17.21,1950000,預售屋、或土地及建物分件登記案件；,RPXNMLMLNHLGFFE09DA,68.17,0.0,17.68,有,
橋頭區,房地(土地+建物)+車位,高雄市橋頭區新南一街２３１號八樓,14.74,住,,,1121205,土地1建物1車位1,八層,十五層,住宅大樓(11層含以上有電梯),住家用,鋼筋混凝土造,1150106,124.05,2,2,2,有,有,11880000,96344,坡道平面,16.83,1550000,預售屋、或土地及建物分件登記案件；,RPVOMLTJIIKGFFE98DA,53.72,0.0,14.86,有,
三民區,房地(土地+建物)+車位,高雄市三民區大豐二路２２５號五樓之１５,7.76,商,,,1121101,土地1建物1車位1,五層,二十九層,住宅大樓(11層含以上有電梯),住家用,鋼筋混凝土造,1141218,137.48000000000002,3,2,2,有,有,13050000,103214,坡道平面,31.68,2130000,有讓渡情形預售屋、或土地及建物分件登記案件；,RPPNMLOLLHLGFDE08DA,63.36,0.0,4.97,有,
橋頭區,房地(土地+建物)+車位,高雄市橋頭區橋新環路９９９號五樓之３,15.35,住,,,1121111,土地1建物1車位1,五層,十五層,住宅大樓(11層含以上有電梯),住家用,鋼筋混凝土造,1150415,114.77000000000001,2,2,2,有,有,11110000,108141,坡道平面,24.98,1400000,預售屋、或土地及建物分件登記案件；,RPUQMLOLLHLGFFE09DA,54.37,0.0,3.7,有,
橋頭區,房地(土地+建物)+車位,高雄市橋頭區橋新環路９９７號十三樓之３,12.05,住,,,1121111,土地1建物1車位1,十三層,十五層,住宅大樓(11層含以上有電梯),住家用,鋼筋混凝土造,1150415,95.41,2,2,1,有,有,9580000,116144,坡道平面,24.98,1400000,預售屋、或土地及建物分件登記案件；,RPTWMLQLLHLGFFE17DA,41.72,0.0,3.73,有,
橋頭區,房地(土地+建物)+車位,高雄市橋頭區橋新環路９９５號二樓之１,22.29,住,,,1121114,土地1建物1車位1,二層,十五層,住宅大樓(11層含以上有電梯),住家用,鋼筋混凝土造,1150415,154.77999999999997,3,2,2,有,有,14420000,98767,坡道平面,24.98,1600000,預售屋、或土地及建物分件登記案件；,RPPPMLRLLHLGFFE78DA,64.58,0.0,19.63,有,
橋頭區,房地(土地+建物)+車位,高雄市橋頭區橋新環路９９３號十樓之２,11.71,住,,,1121125,土地1建物1車位1,十層,十五層,住宅大樓(11層含以上有電梯),住家用,鋼筋混凝土造,1150415,93.18,2,2,1,有,有,9230000,114809,坡道平面,24.98,1400000,預售屋、或土地及建物分件登記案件；,RPTUMLKMLHLGFFE09DA,40.29,0.0,3.73,有,
橋頭區,房地(土地+建物)+車位,高雄市橋頭區橋新環路９９１號十四樓之６,12.17,住,,,1121128,土地1建物1車位1,十四層,十五層,住宅大樓(11層含以上有電梯),住家用,鋼筋混凝土造,1150415,95.65,2,2,1,有,有,9700000,114617,坡道平面,24.98,1600000,預售屋、或土地及建物分件登記案件；,RPRRMLPKMHLGFFE98DA,42.13,0.0,3.56,有,
橋頭區,房地(土地+建物)+車位,高雄市橋頭區橋新環路９９１號六樓之７,15.01,住,,,1121111,土地1建物1車位1,六層,十五層,住宅大樓(11層含以上有電梯),住家用,鋼筋混凝土造,1150415,112.74000000000001,2,2,2,有,有,10950000,106541,坡道平面,24.98,1600000,預售屋、或土地及建物分件登記案件；,RPXRMLPKMHLGFFE96DA,53.29,0.0,3.55,有,
橋頭區,房地(土地+建物)+車位,高雄市橋頭區橋新環路９９９號六樓之３,15.35,住,,,1121109,土地1建物1車位1,六層,十五層,住宅大樓(11層含以上有電梯),住家用,鋼筋混凝土造,1150415,114.77000000000001,2,2,2,有,有,11160000,108698,坡道平面,24.98,1400000,1預售屋權利轉讓，讓渡日期：114/10/29，讓渡金額：1116萬預售屋、或土地及建物分件登記案件；,RPWQMLOLLHLGFFE66DA,54.37,0.0,3.7,有,
橋頭區,房地(土地+建物)+車位,高雄市橋頭區橋新環路９９７號十一樓之３,12.05,住,,,1121125,土地1建物1車位1,十一層,十五層,住宅大樓(11層含以上有電梯),住家用,鋼筋混凝土造,1150415,95.41,2,2,1,有,有,9700000,115008,坡道平面,24.98,1600000,預售屋、或土地及建物分件登記案件；,RPRWMLQLLHLGFFE96DA,41.72,0.0,3.73,有,
橋頭區,房地(土地+建物)+車位,高雄市橋頭區橋新環路９９３號十三樓之１,22.18,住,,,1121125,土地1建物1車位2,十三層,十五層,住宅大樓(11層含以上有電梯),住家用,鋼筋混凝土造,1150415,178.83,3,2,2,有,有,16900000,106309,坡道平面,49.96,3200000,預售屋、或土地及建物分件登記案件；,RPSOMLSJMHLGFFE98DA,64.35,0.0,19.33,有,
仁武區,房地(土地+建物)+車位,高雄市仁武區京富路５８號八樓之５,19.98,住,,,1121130,土地2建物1車位1,八層,十五層,住宅大樓(11層含以上有電梯),住家用,鋼筋混凝土,1150122,137.13,3,2,2,有,有,13350000,98997,坡道平面,21.47,1900000,預售屋、或土地及建物分件登記案件；,RPVNMLKKMHLGFIE78DA,63.31,0.0,11.77,有,
楠梓區,房地(土地+建物)+車位,高雄市楠梓區大學十八街２２號七樓,20.6,住,,,1121118,土地1建物1車位1,七層,十九層,住宅大樓(11層含以上有電梯),住家用,鋼筋混凝土,1150226,167.55,2,2,2,有,有,14100000,85542,坡道平面,24.93,1900000,預售屋、或土地及建物分件登記案件；,RPRPMLPKOHLGFEE88DA,72.1,0.0,19.32,有,
橋頭區,房地(土地+建物)+車位,高雄市橋頭區橋新環路９８９號四樓之１,22.63,住,,,1121111,土地1建物1車位1,四層,十五層,住宅大樓(11層含以上有電梯),住家用,鋼筋混凝土造,1150415,156.84,3,2,2,有,有,14790000,100030,坡道平面,24.98,1600000,1預售屋權利轉讓，讓渡日期：114/9/18，讓渡金額：1479萬預售屋、或土地及建物分件登記案件；,RPPPMLKLMHLGFFE18DA,65.83,0.0,19.64,有,
橋頭區,房地(土地+建物)+車位,高雄市橋頭區橋新環路９９３號十二樓之１,22.18,住,,,1121126,土地1建物1車位1,十二層,十五層,住宅大樓(11層含以上有電梯),住家用,鋼筋混凝土造,1150415,153.86,3,2,2,有,有,14850000,105137,坡道平面,24.98,1300000,1預售屋權利轉讓，讓渡日期：114/3/17，讓渡金額：1485萬預售屋、或土地及建物分件登記案件；,RPSTMLKMLHLGFFE88DA,64.35,0.0,19.33,有,
橋頭區,房地(土地+建物)+車位,高雄市橋頭區新南一街２２７號十五樓,11.58,住,,,1121122,土地1建物1車位1,十五層,十五層,住宅大樓(11層含以上有電梯),住家用,鋼筋混凝土造,1150106,103.77000000000001,2,2,2,有,有,10580000,100855,坡道平面,17.21,1850000,預售屋、或土地及建物分件登記案件；,RPVPMLQKPHKGFFE86DA,51.86,0.0,3.71,有,
橋頭區,房地(土地+建物)+車位,高雄市橋頭區橋新環路９９９號九樓之１０,22.52,住,,,1121020,土地1建物1車位1,九層,十五層,住宅大樓(11層含以上有電梯),住家用,鋼筋混凝土造,1150415,155.94,3,2,2,有,有,14300000,98503,坡道平面,24.98,1400000,預售屋、或土地及建物分件登記案件；,RPWRMLQLLHLGFFE96DA,65.27,0.0,19.7,有,
橋頭區,房地(土地+建物)+車位,高雄市橋頭區橋新環路９９９號十樓之１０,22.52,住,,,1121009,土地1建物1車位1,十層,十五層,住宅大樓(11層含以上有電梯),住家用,鋼筋混凝土造,1150415,155.94,3,2,2,有,有,14250000,98122,坡道平面,24.98,1400000,預售屋、或土地及建物分件登記案件；,RPXRMLQLLHLGFFE07DA,65.27,0.0,19.7,有,
橋頭區,房地(土地+建物)+車位,高雄市橋頭區橋新環路９９９號十二樓之１０,22.52,住,,,1121015,土地1建物1車位1,十二層,十五層,住宅大樓(11層含以上有電梯),住家用,鋼筋混凝土造,1150415,155.94,3,2,2,有,有,14530000,100260,坡道平面,24.98,1400000,預售屋、或土地及建物分件登記案件；,RPOSMLQLLHLGFFE88DA,65.27,0.0,19.7,有,
橋頭區,房地(土地+建物)+車位,高雄市橋頭區橋新環路９９３號七樓之１,22.18,住,,,1121010,土地1建物1車位1,七層,十五層,住宅大樓(11層含以上有電梯),住家用,鋼筋混凝土造,1150415,153.86,3,2,2,有,有,14650000,101257,坡道平面,24.98,1600000,預售屋、或土地及建物分件登記案件；,RPXSMLKMLHLGFFE66DA,64.35,0.0,19.33,有,
橋頭區,房地(土地+建物)+車位,高雄市橋頭區橋新環路９９３號四樓之１０,22.52,住,,,1121001,土地1建物1車位1,四層,十五層,住宅大樓(11層含以上有電梯),住家用,鋼筋混凝土造,1150415,155.82,3,2,2,有,有,13450000,92862,坡道平面,24.98,1300000,預售屋、或土地及建物分件登記案件；,RPVPMLTJMHLGFFE86DA,65.28,0.0,19.57,有,
橋頭區,房地(土地+建物)+車位,高雄市橋頭區橋新環路９９３號八樓之１０,22.52,住,,,1121002,土地1建物1車位1,八層,十五層,住宅大樓(11層含以上有電梯),住家用,鋼筋混凝土造,1150415,155.82,3,2,2,有,有,13980000,94619,坡道平面,24.98,1600000,預售屋、或土地及建物分件登記案件；,RPPQMLTJMHLGFFE98DA,65.28,0.0,19.57,有,
橋頭區,房地(土地+建物)+車位,高雄市橋頭區橋新環路９９１號九樓之１,22.18,住,,,1121004,土地1建物1車位1,九層,十五層,住宅大樓(11層含以上有電梯),住家用,鋼筋混凝土造,1150415,153.94,3,2,2,有,有,14470000,101349,坡道平面,24.98,1400000,預售屋、或土地及建物分件登記案件；,RPSRMLTJMHLGFFE76DA,64.35,0.0,19.41,有,
橋頭區,房地(土地+建物)+車位,高雄市橋頭區橋新環路９８９號十樓之７,23.31,住,,,1121028,土地1建物1車位1,十層,十五層,住宅大樓(11層含以上有電梯),住家用,鋼筋混凝土造,1150415,160.42000000000002,3,2,2,有,有,14750000,99306,坡道平面,24.98,1300000,預售屋、或土地及建物分件登記案件；,RPQPMLLLMHLGFFE38DA,67.42,0.0,20.45,有,
橋頭區,房地(土地+建物)+車位,高雄市橋頭區橋新環路９９９號八樓之１０,22.52,住,,,1121005,土地1建物1車位1,八層,十五層,住宅大樓(11層含以上有電梯),住家用,鋼筋混凝土造,1150415,155.94,3,2,2,有,有,13990000,96136,坡道平面,24.98,1400000,預售屋、或土地及建物分件登記案件；,RPVRMLQLLHLGFFE86DA,65.27,0.0,19.7,有,
橋頭區,房地(土地+建物)+車位,高雄市橋頭區橋新環路９９７號十三樓之８,22.52,住,,,1121028,土地1建物1車位1,十三層,十五層,住宅大樓(11層含以上有電梯),住家用,鋼筋混凝土造,1150415,155.93,3,2,2,有,有,14700000,100038,坡道平面,24.98,1600000,預售屋、或土地及建物分件登記案件；,RPXOMLRLLHLGFFE86DA,65.25,0.0,19.71,有,
橋頭區,房地(土地+建物)+車位,高雄市橋頭區橋新環路９９３號十樓之１,22.18,住,,,1121028,土地1建物1車位1,十層,十五層,住宅大樓(11層含以上有電梯),住家用,鋼筋混凝土造,1150415,153.86,3,2,2,有,有,14980000,103818,坡道平面,24.98,1600000,1預售屋權利轉讓，讓渡日期：113/12/31，讓渡金額：1498萬預售屋、或土地及建物分件登記案件；,RPQTMLKMLHLGFFE68DA,64.35,0.0,19.33,有,
橋頭區,房地(土地+建物)+車位,高雄市橋頭區橋新環路９９１號十一樓之１,22.18,住,,,1121009,土地1建物1車位1,十一層,十五層,住宅大樓(11層含以上有電梯),住家用,鋼筋混凝土造,1150415,153.94,3,2,2,有,有,14880000,102978,坡道平面,24.98,1600000,預售屋、或土地及建物分件登記案件；,RPURMLTJMHLGFFE96DA,64.35,0.0,19.41,有,
楠梓區,房地(土地+建物)+車位,高雄市楠梓區大學十八街３２號十一樓,17.55,住,,,1121010,土地1建物1車位1,十一層,十九層,住宅大樓(11層含以上有電梯),住家用,鋼筋混凝土,1150226,146.56,2,2,2,有,有,12460000,87643,坡道平面,24.93,1800000,預售屋、或土地及建物分件登記案件；,RPWOMLPKOHLGFEE66DA,70.33,0.0,7.63,有,
橋頭區,房地(土地+建物)+車位,高雄市橋頭區橋新環路９９７號十二樓之８,22.52,住,,,1121021,土地1建物1車位1,十二層,十五層,住宅大樓(11層含以上有電梯),住家用,鋼筋混凝土造,1150415,155.93,3,2,2,有,有,14420000,99427,坡道平面,24.98,1400000,預售屋、或土地及建物分件登記案件；,RPWOMLRLLHLGFFE76DA,65.25,0.0,19.71,有,
橋頭區,房地(土地+建物)+車位,高雄市橋頭區橋新環路９９３號十一樓之１０,22.52,住,,,1121009,土地1建物1車位1,十一層,十五層,住宅大樓(11層含以上有電梯),住家用,鋼筋混凝土造,1150415,155.82,3,2,2,有,有,13960000,98288,坡道平面,24.98,1100000,1預售屋權利轉讓，讓渡日期：114/2/20，讓渡金額：1396萬2預售屋權利轉讓，讓渡日期：114/11/28，讓渡金額：1396萬3預售屋權利轉讓，讓渡日期：114/11/29，讓渡金額：1396萬預售屋、或土地及建物分件登記案件；,RPSQMLTJMHLGFFE66DA,65.28,0.0,19.57,有,
橋頭區,房地(土地+建物)+車位,高雄市橋頭區橋新環路９９１號十三樓之８,16.03,住,,,1121013,土地1建物1車位1,十三層,十五層,住宅大樓(11層含以上有電梯),住家用,鋼筋混凝土造,1150415,118.53,2,2,2,有,有,11370000,106574,坡道平面,24.98,1400000,1預售屋權利轉讓，讓渡日期：113/10/25，讓渡金額：1137萬預售屋、或土地及建物分件登記案件；,RPOUMLPKMHLGFFE98DA,57.01,0.0,3.63,有,
橋頭區,房地(土地+建物)+車位,高雄市橋頭區橋新環路９８９號七樓之７,23.31,住,,,1121009,土地1建物1車位1,七層,十五層,住宅大樓(11層含以上有電梯),住家用,鋼筋混凝土造,1150415,160.42000000000002,3,2,2,有,有,14350000,95614,坡道平面,24.98,1400000,預售屋、或土地及建物分件登記案件；,RPXOMLLLMHLGFFE98DA,67.42,0.0,20.45,有,
橋頭區,房地(土地+建物)+車位,高雄市橋頭區橋新環路９９１號十四樓之２,11.71,住,,,1121028,土地1建物1車位1,十四層,十五層,住宅大樓(11層含以上有電梯),住家用,鋼筋混凝土造,1150415,93.18,2,2,1,有,有,9560000,116716,坡道平面,24.98,1600000,預售屋、或土地及建物分件登記案件；,RPSTMLTJMHLGFFE96DA,40.29,0.0,3.73,有,
橋頭區,房地(土地+建物)+車位,高雄市橋頭區新南一街２０７號十一樓,17.9,住,,,1121022,土地1建物1車位1,十一層,十五層,住宅大樓(11層含以上有電梯),住家用,鋼筋混凝土造,1150106,144.04,2,2,2,有,有,13030000,88149,坡道平面,17.21,1850000,預售屋、或土地及建物分件登記案件；,RPXPMLRJNHLGFFE96DA,65.58,0.0,15.73,有,
橋頭區,房地(土地+建物)+車位,高雄市橋頭區新南一街１７１號十四樓,12.64,住,,,1121001,土地1建物1車位1,十四層,十五層,住宅大樓(11層含以上有電梯),住家用,鋼筋混凝土造,1150106,109.0,2,2,2,有,有,10650000,95871,坡道平面,17.21,1850000,預售屋、或土地及建物分件登記案件；,RPPNMLMKPHKGFFE28DA,53.52,0.0,5.37,有,
橋頭區,房地(土地+建物)+車位,高雄市橋頭區橋新環路９９９號六樓之８,12.17,住,,,1120916,土地1建物1車位1,六層,十五層,住宅大樓(11層含以上有電梯),住家用,鋼筋混凝土造,1150415,95.65,2,2,1,有,有,8580000,103014,坡道平面,24.98,1300000,1預售屋權利轉讓，讓渡日期：114/8/8，讓渡金額：858萬預售屋、或土地及建物分件登記案件；,RPWOMLQLLHLGFFE66DA,42.13,0.0,3.56,有,
橋頭區,房地(土地+建物)+車位,高雄市橋頭區橋新環路９９７號五樓之８,22.52,住,,,1120913,土地1建物1車位1,五層,十五層,住宅大樓(11層含以上有電梯),住家用,鋼筋混凝土造,1150415,155.93,3,2,2,有,有,13560000,92860,坡道平面,24.98,1400000,預售屋、或土地及建物分件登記案件；,RPPOMLRLLHLGFFE68DA,65.25,0.0,19.71,有,
橋頭區,房地(土地+建物)+車位,高雄市橋頭區橋新環路９９５號八樓之１,22.29,住,,,1120911,土地1建物1車位1,八層,十五層,住宅大樓(11層含以上有電梯),住家用,鋼筋混凝土造,1150415,157.16,3,2,2,有,有,13800000,96302,坡道平面,27.36,1300000,預售屋、或土地及建物分件登記案件；,RPVPMLRLLHLGFFE76DA,64.58,0.0,19.63,有,
橋頭區,房地(土地+建物)+車位,高雄市橋頭區橋新環路９９５號十四樓之２,17.4,住,,,1120909,土地1建物1車位1,十四層,十五層,住宅大樓(11層含以上有電梯),住家用,鋼筋混凝土造,1150415,126.22999999999999,2,2,2,有,有,11660000,99358,坡道平面,24.98,1600000,預售屋、或土地及建物分件登記案件；,RPPSMLRLLHLGFFE09DA,54.32,0.0,11.25,有,
橋頭區,房地(土地+建物)+車位,高雄市橋頭區橋新環路９９５號九樓之５,22.29,住,,,1120922,土地1建物1車位2,九層,十五層,住宅大樓(11層含以上有電梯),住家用,鋼筋混凝土造,1150415,179.76,3,2,2,有,有,15210000,94838,坡道平面,49.96,2900000,114年10月15日加購1個車位總價變更為1521萬。1預售屋權利轉讓，讓渡日期：114/10/15，讓渡金額：1521萬2預售屋權利轉讓，讓渡日期：114/10/20，讓渡金額：1521萬預售屋、或土地及建物分件登記案件；,RPPOMLSJMHLGFFE68DA,64.58,0.0,19.63,有,
橋頭區,房地(土地+建物)+車位,高雄市橋頭區橋新環路９９３號六樓之７,12.17,住,,,1120909,土地1建物1車位1,六層,十五層,住宅大樓(11層含以上有電梯),住家用,鋼筋混凝土造,1150415,95.65,2,2,1,有,有,8600000,103297,坡道平面,24.98,1300000,預售屋、或土地及建物分件登記案件；,RPVPMLSJMHLGFFE76DA,42.13,0.0,3.56,有,
橋頭區,房地(土地+建物)+車位,高雄市橋頭區橋新環路９９３號十樓之１０,22.52,住,,,1120924,土地1建物1車位1,十層,十五層,住宅大樓(11層含以上有電梯),住家用,鋼筋混凝土造,1150415,155.82,3,2,2,有,有,13930000,95766,坡道平面,24.98,1400000,預售屋、或土地及建物分件登記案件；,RPRQMLTJMHLGFFE56DA,65.28,0.0,19.57,有,
橋頭區,房地(土地+建物)+車位,高雄市橋頭區橋新環路９９１號十五樓之３,17.4,住,,,1120906,土地1建物1車位1,十五層,十五層,住宅大樓(11層含以上有電梯),住家用,鋼筋混凝土造,1150415,126.17,2,2,2,有,有,11850000,102283,坡道平面,24.98,1500000,預售屋、或土地及建物分件登記案件；,RPWOMLPKMHLGFFE56DA,54.35,0.0,11.16,有,
橋頭區,房地(土地+建物)+車位,高雄市橋頭區橋新環路９９１號十三樓之５,11.71,住,,,1120909,土地1建物1車位1,十三層,十五層,住宅大樓(11層含以上有電梯),住家用,鋼筋混凝土造,1150415,93.18,2,2,1,有,有,8790000,109824,坡道平面,24.98,1300000,預售屋、或土地及建物分件登記案件；,RPXPMLPKMHLGFFE76DA,40.29,0.0,3.73,有,
橋頭區,房地(土地+建物)+車位,高雄市橋頭區橋新環路９９１號十一樓之８,16.03,住,,,1120919,土地1建物1車位1,十一層,十五層,住宅大樓(11層含以上有電梯),住家用,鋼筋混凝土造,1150415,118.53,2,2,2,有,有,10700000,100481,坡道平面,24.98,1300000,預售屋、或土地及建物分件登記案件；,RPWTMLPKMHLGFFE07DA,57.01,0.0,3.63,有,
橋頭區,房地(土地+建物)+車位,高雄市橋頭區橋新環路９８９號十樓之１,22.63,住,,,1120929,土地1建物1車位1,十層,十五層,住宅大樓(11層含以上有電梯),住家用,鋼筋混凝土造,1150415,156.84,3,2,2,有,有,14730000,101850,坡道平面,24.98,1300000,預售屋、或土地及建物分件登記案件；,RPVPMLKLMHLGFFE78DA,65.83,0.0,19.64,有,
橋頭區,房地(土地+建物)+車位,高雄市橋頭區橋新環路９８９號十二樓之１,22.63,住,,,1120911,土地1建物1車位1,十二層,十五層,住宅大樓(11層含以上有電梯),住家用,鋼筋混凝土造,1150415,156.84,3,2,2,有,有,15010000,101699,坡道平面,24.98,1600000,1預售屋權利讓渡，讓渡日期：115/4/2，讓渡金額：1501萬預售屋、或土地及建物分件登記案件；,RPXPMLKLMHLGFFE98DA,65.83,0.0,19.64,有,
橋頭區,房地(土地+建物)+車位,高雄市橋頭區橋新環路９８９號二樓之９,15.12,住,,,1120905,土地1建物1車位1,二層,十五層,住宅大樓(11層含以上有電梯),住家用,鋼筋混凝土造,1150415,112.85,2,2,2,有,有,11220000,111756,坡道平面,24.98,1400000,預售屋、或土地及建物分件登記案件；,RPQRMLLLMHLGFFE58DA,53.46,0.0,3.49,有,
橋頭區,房地(土地+建物)+車位,高雄市橋頭區橋新環路９９９號二樓之９,17.4,住,,,1120909,土地1建物1車位1,二層,十五層,住宅大樓(11層含以上有電梯),住家用,鋼筋混凝土造,1150415,126.38,2,2,2,有,有,10620000,91913,坡道平面,24.98,1300000,預售屋、或土地及建物分件登記案件；,RPVPMLQLLHLGFFE66DA,52.88,0.0,12.84,有,
橋頭區,房地(土地+建物)+車位,高雄市橋頭區橋新環路９９９號五樓之９,17.4,住,,,1120911,土地1建物1車位1,五層,十五層,住宅大樓(11層含以上有電梯),住家用,鋼筋混凝土造,1150415,126.38,2,2,2,有,有,11030000,93984,坡道平面,24.98,1500000,預售屋、或土地及建物分件登記案件；,RPOQMLQLLHLGFFE68DA,52.88,0.0,12.84,有,
橋頭區,房地(土地+建物)+車位,高雄市橋頭區橋新環路９９７號十一樓之７,12.05,住,,,1120902,土地1建物1車位1,十一層,十五層,住宅大樓(11層含以上有電梯),住家用,鋼筋混凝土造,1150415,95.19,2,2,1,有,有,8470000,102122,坡道平面,24.98,1300000,預售屋、或土地及建物分件登記案件；,RPQRNLQLLHLGFFE09DA,41.67,0.0,3.56,有,
橋頭區,房地(土地+建物)+車位,高雄市橋頭區橋新環路９９７號十樓之８,22.52,住,,,1120920,土地1建物1車位1,十層,十五層,住宅大樓(11層含以上有電梯),住家用,鋼筋混凝土造,1150415,155.93,3,2,2,有,有,14150000,95838,坡道平面,24.98,1600000,預售屋、或土地及建物分件登記案件；,RPUOMLRLLHLGFFE56DA,65.25,0.0,19.71,有,
橋頭區,房地(土地+建物)+車位,高雄市橋頭區橋新環路９９５號二樓之２,17.4,住,,,1120912,土地1建物1車位1,二層,十五層,住宅大樓(11層含以上有電梯),住家用,鋼筋混凝土造,1150415,126.22999999999999,2,2,2,有,有,10520000,91062,坡道平面,24.98,1300000,1預售屋權利轉讓，讓渡日期：114/9/4，讓渡金額：1052萬預售屋、或土地及建物分件登記案件；,RPUQMLRLLHLGFFE76DA,54.32,0.0,11.25,有,
橋頭區,房地(土地+建物)+車位,高雄市橋頭區橋新環路９９５號八樓之５,22.29,住,,,1120905,土地1建物1車位1,八層,十五層,住宅大樓(11層含以上有電梯),住家用,鋼筋混凝土造,1150415,154.77999999999997,3,2,2,有,有,13780000,94607,坡道平面,24.98,1500000,預售屋、或土地及建物分件登記案件；,RPPUMLRLLHLGFFE66DA,64.58,0.0,19.63,有,
橋頭區,房地(土地+建物)+車位,高雄市橋頭區橋新環路９９３號七樓之２,11.71,住,,,1120902,土地1建物1車位1,七層,十五層,住宅大樓(11層含以上有電梯),住家用,鋼筋混凝土造,1150415,93.18,2,2,1,有,有,8430000,104545,坡道平面,24.98,1300000,預售屋、或土地及建物分件登記案件；,RPQUMLKMLHLGFFE78DA,40.29,0.0,3.73,有,
橋頭區,房地(土地+建物)+車位,高雄市橋頭區橋新環路９９１號九樓之５,11.71,住,,,1120906,土地1建物1車位1,九層,十五層,住宅大樓(11層含以上有電梯),住家用,鋼筋混凝土造,1150415,93.18,2,2,1,有,有,8330000,106012,坡道平面,24.98,1100000,1預售屋權利轉讓，讓渡日期：114/11/10，讓渡金額：833萬預售屋、或土地及建物分件登記案件；,RPTPMLPKMHLGFFE98DA,40.29,0.0,3.73,有,
橋頭區,房地(土地+建物)+車位,高雄市橋頭區橋新環路９９１號十三樓之７,15.01,住,,,1120906,土地1建物1車位1,十三層,十五層,住宅大樓(11層含以上有電梯),住家用,鋼筋混凝土造,1150415,112.74000000000001,2,2,2,有,有,10750000,105401,坡道平面,24.98,1500000,預售屋、或土地及建物分件登記案件；,RPUSMLPKMHLGFFE76DA,53.29,0.0,3.55,有,
橋頭區,房地(土地+建物)+車位,高雄市橋頭區橋新環路９８９號二樓之７,18.76,住,,,1120930,土地1建物1車位1,二層,十五層,住宅大樓(11層含以上有電梯),住家用,鋼筋混凝土造,1150415,136.76,3,2,2,有,有,11500000,94150,坡道平面,27.36,1200000,預售屋、或土地及建物分件登記案件；,RPROMLLLMHLGFFE38DA,67.42,0.0,3.53,有,
楠梓區,房地(土地+建物)+車位,高雄市楠梓區大學十八街３２號十六樓,17.55,住,,,1120927,土地1建物1車位1,十六層,十九層,住宅大樓(11層含以上有電梯),住家用,鋼筋混凝土,1150226,146.56,2,2,2,有,有,12630000,89041,坡道平面,24.93,1800000,預售屋、或土地及建物分件登記案件；,RPROMLPKOHLGFEE78DA,70.33,0.0,7.63,有,
橋頭區,房地(土地+建物)+車位,高雄市橋頭區橋新環路９９９號十四樓之９,17.4,住,,,1120923,土地1建物1車位1,十四層,十五層,住宅大樓(11層含以上有電梯),住家用,鋼筋混凝土造,1150415,126.38,2,2,2,有,有,11800000,103550,坡道平面,24.98,1300000,預售屋、或土地及建物分件登記案件；,RPXQMLQLLHLGFFE96DA,52.88,0.0,12.84,有,
橋頭區,房地(土地+建物)+車位,高雄市橋頭區橋新環路９９１號十五樓之２,11.71,住,,,1120905,土地1建物1車位1,十五層,十五層,住宅大樓(11層含以上有電梯),住家用,鋼筋混凝土造,1150415,93.18,2,2,1,有,有,8710000,108651,坡道平面,24.98,1300000,預售屋、或土地及建物分件登記案件；,RPTTMLTJMHLGFFE07DA,40.29,0.0,3.73,有,
橋頭區,房地(土地+建物)+車位,高雄市橋頭區橋新環路９９１號九樓之８,16.03,住,,,1120901,土地1建物1車位1,九層,十五層,住宅大樓(11層含以上有電梯),住家用,鋼筋混凝土造,1150415,118.53,2,2,2,有,有,10830000,99733,坡道平面,24.98,1500000,預售屋、或土地及建物分件登記案件；,RPTTMLPKMHLGFFE76DA,57.01,0.0,3.63,有,
橋頭區,房地(土地+建物)+車位,高雄市橋頭區新南一街１５１號六樓,11.58,住,,,1120914,土地1建物1車位1,六層,十五層,住宅大樓(11層含以上有電梯),住家用,鋼筋混凝土造,1150106,103.77000000000001,2,2,2,有,有,9960000,93692,坡道平面,17.21,1850000,本案為轉讓案件轉讓日期115年1月29日.預售屋、或土地及建物分件登記案件；,RPROMLTJKHLGFFE78DA,51.86,0.0,3.71,有,
橋頭區,房地(土地+建物)+車位,高雄市橋頭區橋新環路９９９號四樓之１０,22.52,住,,,1120916,土地1建物1車位1,四層,十五層,住宅大樓(11層含以上有電梯),住家用,鋼筋混凝土造,1150415,155.94,3,2,2,有,有,13480000,93005,坡道平面,24.98,1300000,預售屋、或土地及建物分件登記案件；,RPRRMLQLLHLGFFE09DA,65.27,0.0,19.7,有,
橋頭區,房地(土地+建物)+車位,高雄市橋頭區橋新環路９９５號十三樓之１,22.29,住,,,1120910,土地1建物1車位1,十三層,十五層,住宅大樓(11層含以上有電梯),住家用,鋼筋混凝土造,1150415,154.77999999999997,3,2,2,有,有,14460000,99076,坡道平面,24.98,1600000,預售屋、或土地及建物分件登記案件；,RPRQMLRLLHLGFFE09DA,64.58,0.0,19.63,有,
橋頭區,房地(土地+建物)+車位,高雄市橋頭區橋新環路９９５號六樓之２,17.4,住,,,1120902,土地1建物1車位1,六層,十五層,住宅大樓(11層含以上有電梯),住家用,鋼筋混凝土造,1150415,126.22999999999999,2,2,2,有,有,10770000,93531,坡道平面,24.98,1300000,預售屋、或土地及建物分件登記案件；,RPORMLRLLHLGFFE88DA,54.32,0.0,11.25,有,
橋頭區,房地(土地+建物)+車位,高雄市橋頭區橋新環路９９５號七樓之５,22.29,住,,,1120912,土地1建物1車位1,七層,十五層,住宅大樓(11層含以上有電梯),住家用,鋼筋混凝土造,1150415,154.77999999999997,3,2,2,有,有,13720000,94915,坡道平面,24.98,1400000,預售屋、或土地及建物分件登記案件；,RPOUMLRLLHLGFFE56DA,64.58,0.0,19.63,有,
橋頭區,房地(土地+建物)+車位,高雄市橋頭區橋新環路９９３號十三樓之９,12.05,住,,,1120917,土地1建物1車位1,十三層,十五層,住宅大樓(11層含以上有電梯),住家用,鋼筋混凝土造,1150415,95.19,2,2,1,有,有,8880000,107962,坡道平面,24.98,1300000,預售屋、或土地及建物分件登記案件；,RPQPMLTJMHLGFFE98DA,41.67,0.0,3.56,有,
橋頭區,房地(土地+建物)+車位,高雄市橋頭區橋新環路９９１號九樓之２,11.71,住,,,1120902,土地1建物1車位1,九層,十五層,住宅大樓(11層含以上有電梯),住家用,鋼筋混凝土造,1150415,93.18,2,2,1,有,有,8620000,107331,坡道平面,24.98,1300000,預售屋、或土地及建物分件登記案件；,RPXSMLTJMHLGFFE37DA,40.29,0.0,3.73,有,
橋頭區,房地(土地+建物)+車位,高雄市橋頭區新南一街１７３號五樓,11.58,住,,,1120919,土地1建物1車位1,五層,十五層,住宅大樓(11層含以上有電梯),住家用,鋼筋混凝土造,1150106,94.2,2,2,2,有,有,8910000,90237,坡道機械,7.65,1100000,預售屋、或土地及建物分件登記案件；,RPQNMLTKQHKGFFE56DA,51.85,0.0,3.71,有,
橋頭區,房地(土地+建物)+車位,高雄市橋頭區橋新環路９９９號四樓之８,12.17,住,,,1120820,土地1建物1車位1,四層,十五層,住宅大樓(11層含以上有電梯),住家用,鋼筋混凝土造,1150415,95.65,2,2,1,有,有,8330000,99476,坡道平面,24.98,1300000,預售屋、或土地及建物分件登記案件；,RPUOMLQLLHLGFFE09DA,42.13,0.0,3.56,有,
橋頭區,房地(土地+建物)+車位,高雄市橋頭區橋新環路９９９號五樓之８,12.17,住,,,1120813,土地1建物1車位1,五層,十五層,住宅大樓(11層含以上有電梯),住家用,鋼筋混凝土造,1150415,95.65,2,2,1,有,有,8120000,99335,坡道平面,24.98,1100000,1預售屋權利轉讓，讓渡日期：114/10/31，讓渡金額：812萬預售屋、或土地及建物分件登記案件；,RPVOMLQLLHLGFFE56DA,42.13,0.0,3.56,有,
橋頭區,房地(土地+建物)+車位,高雄市橋頭區橋新環路９９７號十樓之５,11.71,住,,,1120812,土地1建物1車位1,十層,十五層,住宅大樓(11層含以上有電梯),住家用,鋼筋混凝土造,1150415,93.18,2,2,1,有,有,8380000,103812,坡道平面,24.98,1300000,預售屋、或土地及建物分件登記案件；,RPUNNLQLLHLGFFE09DA,40.29,0.0,3.73,有,
橋頭區,房地(土地+建物)+車位,高雄市橋頭區橋新環路９９５號十一樓之５,22.29,住,,,1120814,土地1建物1車位1,十一層,十五層,住宅大樓(11層含以上有電梯),住家用,鋼筋混凝土造,1150415,154.77999999999997,3,2,2,有,有,13850000,95917,坡道平面,24.98,1400000,預售屋、或土地及建物分件登記案件；,RPUNMLKMLHLGFFE48DA,64.58,0.0,19.63,有,
橋頭區,房地(土地+建物)+車位,高雄市橋頭區橋新環路９９５號八樓之６,16.15,住,,,1120819,土地1建物1車位1,八層,十五層,住宅大樓(11層含以上有電梯),住家用,鋼筋混凝土造,1150415,119.12,2,2,2,有,有,10490000,96558,坡道平面,24.98,1400000,預售屋、或土地及建物分件登記案件；,RPTOMLKMLHLGFFE48DA,57.52,0.0,3.32,有,
橋頭區,房地(土地+建物)+車位,高雄市橋頭區橋新環路９９３號四樓之３,12.05,住,,,1120818,土地1建物1車位1,四層,十五層,住宅大樓(11層含以上有電梯),住家用,鋼筋混凝土造,1150415,95.41,2,2,1,有,有,8220000,101093,坡道平面,24.98,1100000,預售屋、或土地及建物分件登記案件；,RPOVMLKMLHLGFFE68DA,41.72,0.0,3.73,有,
橋頭區,房地(土地+建物)+車位,高雄市橋頭區橋新環路９９３號六樓之３,12.05,住,,,1120824,土地1建物1車位1,六層,十五層,住宅大樓(11層含以上有電梯),住家用,鋼筋混凝土造,1150415,95.41,2,2,1,有,有,8350000,102939,坡道平面,24.98,1100000,預售屋、或土地及建物分件登記案件；,RPQVMLKMLHLGFFE88DA,41.72,0.0,3.73,有,
橋頭區,房地(土地+建物)+車位,高雄市橋頭區橋新環路９９１號四樓之３,17.4,住,,,1120806,土地1建物1車位1,四層,十五層,住宅大樓(11層含以上有電梯),住家用,鋼筋混凝土造,1150415,126.17,2,2,2,有,有,10830000,94179,坡道平面,24.98,1300000,預售屋、或土地及建物分件登記案件；,RPVNMLPKMHLGFFE98DA,54.35,0.0,11.16,有,
橋頭區,房地(土地+建物)+車位,高雄市橋頭區橋新環路９９１號三樓之６,12.17,住,,,1120828,土地1建物1車位1,三層,十五層,住宅大樓(11層含以上有電梯),住家用,鋼筋混凝土造,1150415,95.65,2,2,1,有,有,9560000,112636,坡道平面,24.98,1600000,預售屋、或土地及建物分件登記案件；,RPQQMLPKMHLGFFE78DA,42.13,0.0,3.56,有,
橋頭區,房地(土地+建物)+車位,高雄市橋頭區橋新環路９８９號三樓之３,17.29,住,,,1120819,土地1建物1車位1,三層,十五層,住宅大樓(11層含以上有電梯),住家用,鋼筋混凝土造,1150415,125.43,2,2,2,有,有,10420000,90791,坡道平面,24.98,1300000,預售屋、或土地及建物分件登記案件；,RPWRMLKLMHLGFFE09DA,53.8,0.0,11.37,有,
橋頭區,房地(土地+建物)+車位,高雄市橋頭區橋新環路９８９號十三樓之５,17.29,住,,,1120829,土地1建物1車位2,十三層,十五層,住宅大樓(11層含以上有電梯),住家用,鋼筋混凝土造,1150415,155.57,2,2,2,有,有,12880000,97352,坡道平面,55.11,3100000,113年4月3日加購1個車位總價變更為1288萬。1預售屋權利轉讓，讓渡日期：114/2/3，讓渡金額：1288萬預售屋、或土地及建物分件登記案件；,RPSUMLKLMHLGFFE98DA,53.8,0.0,11.37,有,
橋頭區,房地(土地+建物)+車位,高雄市橋頭區橋新環路９８９號十二樓之９,15.12,住,,,1120819,土地1建物1車位1,十二層,十五層,住宅大樓(11層含以上有電梯),住家用,鋼筋混凝土造,1150415,112.85,2,2,2,有,有,10600000,102424,坡道平面,24.98,1600000,預售屋、或土地及建物分件登記案件；,RPRSMLLLMHLGFFE78DA,53.46,0.0,3.49,有,
橋頭區,房地(土地+建物)+車位,高雄市橋頭區橋新環路９９９號十二樓之１,20.92,住,,,1120827,土地1建物1車位1,十二層,十五層,住宅大樓(11層含以上有電梯),住家用,鋼筋混凝土造,1150415,147.06,4,2,2,有,有,13810000,102474,坡道平面,24.98,1300000,預售屋、或土地及建物分件登記案件；,RPPOMLOLLHLGFFE38DA,76.13,0.0,3.13,有,
橋頭區,房地(土地+建物)+車位,高雄市橋頭區橋新環路９９９號二樓之２,11.71,住,,,1120810,土地1建物1車位1,二層,十五層,住宅大樓(11層含以上有電梯),住家用,鋼筋混凝土造,1150415,93.18,2,2,1,有,有,7830000,98680,坡道平面,24.98,1100000,預售屋、或土地及建物分件登記案件；,RPWOMLOLLHLGFFE09DA,40.29,0.0,3.73,有,
橋頭區,房地(土地+建物)+車位,高雄市橋頭區橋新環路９９９號六樓之５,11.71,住,,,1120816,土地1建物1車位1,六層,十五層,住宅大樓(11層含以上有電梯),住家用,鋼筋混凝土造,1150415,93.18,2,2,1,有,有,7980000,100880,坡道平面,24.98,1100000,預售屋、或土地及建物分件登記案件；,RPWNMLPLLHLGFFE09DA,40.29,0.0,3.73,有,
橋頭區,房地(土地+建物)+車位,高雄市橋頭區橋新環路９９７號九樓之６,12.17,住,,,1120827,土地1建物1車位1,九層,十五層,住宅大樓(11層含以上有電梯),住家用,鋼筋混凝土造,1150415,95.65,2,2,1,有,有,8700000,103297,坡道平面,24.98,1400000,預售屋、或土地及建物分件登記案件；,RPXONLQLLHLGFFE86DA,42.13,0.0,3.56,有,
橋頭區,房地(土地+建物)+車位,高雄市橋頭區橋新環路９９５號四樓之２,17.4,住,,,1120820,土地1建物1車位1,四層,十五層,住宅大樓(11層含以上有電梯),住家用,鋼筋混凝土造,1150415,126.22999999999999,2,2,2,有,有,10650000,92346,坡道平面,24.98,1300000,1預售屋權利轉讓，讓渡日期：114/11/2，讓渡金額：1065萬預售屋、或土地及建物分件登記案件；,RPWQMLRLLHLGFFE96DA,54.32,0.0,11.25,有,
橋頭區,房地(土地+建物)+車位,高雄市橋頭區橋新環路９９５號二樓之５,22.29,住,,,1120826,土地1建物1車位1,二層,十五層,住宅大樓(11層含以上有電梯),住家用,鋼筋混凝土造,1150415,154.77999999999997,3,2,2,有,有,13450000,91294,坡道平面,24.98,1600000,預售屋、或土地及建物分件登記案件；,RPSTMLRLLHLGFFE86DA,64.58,0.0,19.63,有,
橋頭區,房地(土地+建物)+車位,高雄市橋頭區橋新環路９９５號十三樓之８,16.15,住,,,1120801,土地1建物1車位1,十三層,十五層,住宅大樓(11層含以上有電梯),住家用,鋼筋混凝土造,1150415,119.1,2,2,2,有,有,10790000,100829,坡道平面,24.98,1300000,預售屋、或土地及建物分件登記案件；,RPOSMLKMLHLGFFE38DA,57.5,0.0,3.32,有,
橋頭區,房地(土地+建物)+車位,高雄市橋頭區橋新環路９９３號三樓之２,11.71,住,,,1120807,土地1建物1車位1,三層,十五層,住宅大樓(11層含以上有電梯),住家用,鋼筋混凝土造,1150415,93.18,2,2,1,有,有,7880000,99413,坡道平面,24.98,1100000,預售屋、或土地及建物分件登記案件；,RPVTMLKMLHLGFFE56DA,40.29,0.0,3.73,有,
橋頭區,房地(土地+建物)+車位,高雄市橋頭區橋新環路９９３號四樓之５,11.71,住,,,1120805,土地1建物1車位1,四層,十五層,住宅大樓(11層含以上有電梯),住家用,鋼筋混凝土造,1150415,93.18,2,2,1,有,有,7940000,100293,坡道平面,24.98,1100000,預售屋、或土地及建物分件登記案件；,RPVNMLLMLHLGFFE68DA,40.29,0.0,3.73,有,
橋頭區,房地(土地+建物)+車位,高雄市橋頭區橋新環路９９３號十樓之５,11.71,住,,,1120830,土地1建物1車位1,十層,十五層,住宅大樓(11層含以上有電梯),住家用,鋼筋混凝土造,1150415,93.18,2,2,1,有,有,8500000,105572,坡道平面,24.98,1300000,預售屋、或土地及建物分件登記案件；,RPPOMLLMLHLGFFE18DA,40.29,0.0,3.73,有,
橋頭區,房地(土地+建物)+車位,高雄市橋頭區橋新環路９９３號四樓之６,12.05,住,,,1120818,土地1建物1車位1,四層,十五層,住宅大樓(11層含以上有電梯),住家用,鋼筋混凝土造,1150415,95.41,2,2,1,有,有,8220000,101093,坡道平面,24.98,1100000,預售屋、或土地及建物分件登記案件；,RPWOMLLMLHLGFFE88DA,41.72,0.0,3.73,有,
橋頭區,房地(土地+建物)+車位,高雄市橋頭區橋新環路９８９號十二樓之３,17.29,住,,,1120820,土地1建物1車位1,十二層,十五層,住宅大樓(11層含以上有電梯),住家用,鋼筋混凝土造,1150415,125.43,2,2,2,有,有,11130000,95869,坡道平面,24.98,1500000,1預售屋權利轉讓，讓渡日期：114/11/4，讓渡金額：1113萬預售屋、或土地及建物分件登記案件；,RPUSMLKLMHLGFFE98DA,53.8,0.0,11.37,有,
橋頭區,房地(土地+建物)+車位,高雄市橋頭區橋新環路９８９號七樓之５,17.29,住,,,1120802,土地1建物1車位2,七層,十五層,住宅大樓(11層含以上有電梯),住家用,鋼筋混凝土造,1150415,150.41,2,2,2,有,有,11960000,91190,坡道平面,49.96,2800000,113年3月9日加購1個車位，總價變更為1196萬。預售屋、或土地及建物分件登記案件；,RPVTMLKLMHLGFFE56DA,53.8,0.0,11.37,有,
橋頭區,房地(土地+建物)+車位,高雄市橋頭區橋新環路９９９號十五樓之１,20.92,住,,,1120826,土地1建物1車位2,十五層,十五層,住宅大樓(11層含以上有電梯),住家用,鋼筋混凝土造,1150415,172.04000000000002,4,2,2,有,有,15850000,107716,坡道平面,49.96,2700000,112年12月17日加購1個車位總價變更為1585萬。預售屋、或土地及建物分件登記案件；,RPOOMLQJNHLGFFE48DA,76.13,0.0,3.13,有,
仁武區,房地(土地+建物)+車位,高雄市仁武區京富路７８號三樓之５,14.0,住,,,1120807,土地2建物1車位1,三層,十五層,住宅大樓(11層含以上有電梯),住家用,鋼筋混凝土,1150122,102.44,2,2,2,有,有,8250000,82129,坡道平面,21.47,1600000,預售屋、或土地及建物分件登記案件；,RPQPMLPKOHLGFIE56DA,42.3,0.0,10.29,有,
橋頭區,房地(土地+建物)+車位,高雄市橋頭區橋新環路９９９號五樓之６,12.05,住,,,1120812,土地1建物1車位1,五層,十五層,住宅大樓(11層含以上有電梯),住家用,鋼筋混凝土造,1150415,95.41,2,2,1,有,有,8280000,100525,坡道平面,24.98,1200000,預售屋、或土地及建物分件登記案件；,RPPPMLPLLHLGFFE58DA,41.72,0.0,3.73,有,
橋頭區,房地(土地+建物)+車位,高雄市橋頭區橋新環路９９３號三樓之６,12.05,住,,,1120811,土地1建物1車位1,三層,十五層,住宅大樓(11層含以上有電梯),住家用,鋼筋混凝土造,1150415,95.41,2,2,1,有,有,8200000,99389,坡道平面,24.98,1200000,預售屋、或土地及建物分件登記案件；,RPUNMLLJMHLGFFE38DA,41.72,0.0,3.73,有,
橋頭區,房地(土地+建物)+車位,高雄市橋頭區橋新環路９９１號八樓之８,16.03,住,,,1120827,土地1建物1車位1,八層,十五層,住宅大樓(11層含以上有電梯),住家用,鋼筋混凝土造,1150415,118.53,2,2,2,有,有,10550000,98878,坡道平面,24.98,1300000,預售屋、或土地及建物分件登記案件；,RPSTMLPKMHLGFFE66DA,57.01,0.0,3.63,有,
橋頭區,房地(土地+建物)+車位,高雄市橋頭區橋新環路９８９號七樓之３,17.29,住,,,1120819,土地1建物1車位1,七層,十五層,住宅大樓(11層含以上有電梯),住家用,鋼筋混凝土造,1150415,125.43,2,2,2,有,有,10660000,93181,坡道平面,24.98,1300000,預售屋、或土地及建物分件登記案件；,RPQSMLKLMHLGFFE58DA,53.8,0.0,11.37,有,
橋頭區,房地(土地+建物)+車位,高雄市橋頭區橋新環路９８９號五樓之７,23.31,住,,,1120819,土地1建物1車位1,五層,十五層,住宅大樓(11層含以上有電梯),住家用,鋼筋混凝土造,1150415,160.42000000000002,3,2,2,有,有,13360000,89043,坡道平面,24.98,1300000,預售屋、或土地及建物分件登記案件；,RPVOMLLLMHLGFFE78DA,67.42,0.0,20.45,有,
橋頭區,房地(土地+建物)+車位,高雄市橋頭區橋新環路９９９號十二樓之３,15.35,住,,,1120817,土地1建物1車位1,十二層,十五層,住宅大樓(11層含以上有電梯),住家用,鋼筋混凝土造,1150415,114.77000000000001,2,2,2,有,有,10750000,105246,坡道平面,24.98,1300000,預售屋、或土地及建物分件登記案件；,RPOOMLPJOHLGFFE48DA,54.37,0.0,3.7,有,
三民區,房地(土地+建物)+車位,高雄市三民區民族一路２１８號二十六樓之１,5.17,商,,,1120820,土地1建物1車位1,二十六層,二十七層,住宅大樓(11層含以上有電梯),住家用,鋼筋混凝土,1150401,104.38,1,1,2,有,有,11500000,115137,坡道機械,18.83,1650000,讓渡日期:115年01月09日預售屋、或土地及建物分件登記案件；,RPXNMLRKOHLGFDE76DA,52.24,0.0,4.25,有,
橋頭區,房地(土地+建物)+車位,高雄市橋頭區橋新環路９９７號十樓之２,11.71,住,,,1120813,土地1建物1車位1,十層,十五層,住宅大樓(11層含以上有電梯),住家用,鋼筋混凝土造,1150415,93.18,2,2,1,有,有,8380000,103812,坡道平面,24.98,1300000,預售屋、或土地及建物分件登記案件；,RPXUMLQLLHLGFFE37DA,40.29,0.0,3.73,有,
橋頭區,房地(土地+建物)+車位,高雄市橋頭區橋新環路９９７號九樓之５,11.71,住,,,1120814,土地1建物1車位1,九層,十五層,住宅大樓(11層含以上有電梯),住家用,鋼筋混凝土造,1150415,93.18,2,2,1,有,有,8300000,102639,坡道平面,24.98,1300000,預售屋、或土地及建物分件登記案件；,RPTNNLQLLHLGFFE98DA,40.29,0.0,3.73,有,
橋頭區,房地(土地+建物)+車位,高雄市橋頭區橋新環路９９５號十二樓之６,16.15,住,,,1120814,土地1建物1車位1,十二層,十五層,住宅大樓(11層含以上有電梯),住家用,鋼筋混凝土造,1150415,119.12,2,2,2,有,有,10880000,100701,坡道平面,24.98,1400000,預售屋、或土地及建物分件登記案件；,RPTPMLKMLHLGFFE58DA,57.52,0.0,3.32,有,
橋頭區,房地(土地+建物)+車位,高雄市橋頭區橋新環路９９３號五樓之２,11.71,住,,,1120801,土地1建物1車位1,五層,十五層,住宅大樓(11層含以上有電梯),住家用,鋼筋混凝土造,1150415,93.18,2,2,1,有,有,7960000,100587,坡道平面,24.98,1100000,預售屋、或土地及建物分件登記案件；,RPXTMLKMLHLGFFE76DA,40.29,0.0,3.73,有,
橋頭區,房地(土地+建物)+車位,高雄市橋頭區橋新環路９９５號十四樓之３,11.71,住,,,1120805,土地1建物1車位1,十四層,十五層,住宅大樓(11層含以上有電梯),住家用,鋼筋混凝土造,1150415,93.18,2,2,1,有,有,7980000,100880,坡道平面,24.98,1100000,預售屋、或土地及建物分件登記案件；,RPTOMLPJOHLGFFE98DA,40.29,0.0,3.73,有,
橋頭區,房地(土地+建物)+車位,高雄市橋頭區橋新環路９８９號十一樓之３,17.29,住,,,1120815,土地1建物1車位1,十一層,十五層,住宅大樓(11層含以上有電梯),住家用,鋼筋混凝土造,1150415,125.43,2,2,2,有,有,11060000,95172,坡道平面,24.98,1500000,預售屋、或土地及建物分件登記案件；,RPUPMLPJOHLGFFE56DA,53.8,0.0,11.37,有,
橋頭區,房地(土地+建物)+車位,高雄市橋頭區新南一街２２５號三樓,15.8,住,,,1120821,土地1建物1車位1,三層,十五層,住宅大樓(11層含以上有電梯),住家用,鋼筋混凝土造,1150106,129.12,2,2,2,有,有,11350000,86677,坡道平面,17.21,1650000,預售屋、或土地及建物分件登記案件；,RPOPMLMKPHKGFFE38DA,53.99,0.0,17.75,有,
橋頭區,房地(土地+建物)+車位,高雄市橋頭區橋新環路９９７號六樓之１,20.92,住,,,1120723,土地1建物1車位1,六層,十五層,住宅大樓(11層含以上有電梯),住家用,鋼筋混凝土造,1150415,147.07999999999998,4,2,2,有,有,13150000,97871,坡道平面,24.98,1200000,預售屋、或土地及建物分件登記案件；,RPRTMLQLLHLGFFE66DA,76.15,0.0,3.13,有,
橋頭區,房地(土地+建物)+車位,高雄市橋頭區橋新環路９９７號四樓之８,22.52,住,,,1120725,土地1建物1車位1,四層,十五層,住宅大樓(11層含以上有電梯),住家用,鋼筋混凝土造,1150415,155.93,3,2,2,有,有,12880000,88431,坡道平面,24.98,1300000,預售屋、或土地及建物分件登記案件；,RPOOMLRLLHLGFFE58DA,65.25,0.0,19.71,有,
橋頭區,房地(土地+建物)+車位,高雄市橋頭區橋新環路９９５號十樓之１,22.29,住,,,1120725,土地1建物1車位1,十層,十五層,住宅大樓(11層含以上有電梯),住家用,鋼筋混凝土造,1150415,154.77999999999997,3,2,2,有,有,13650000,93606,坡道平面,24.98,1500000,預售屋、或土地及建物分件登記案件；,RPXPMLRLLHLGFFE96DA,64.58,0.0,19.63,有,
橋頭區,房地(土地+建物)+車位,高雄市橋頭區橋新環路９９５號十二樓之８,16.15,住,,,1120707,土地1建物1車位1,十二層,十五層,住宅大樓(11層含以上有電梯),住家用,鋼筋混凝土造,1150415,119.1,2,2,2,有,有,10830000,100191,坡道平面,24.98,1400000,預售屋、或土地及建物分件登記案件；,RPXRMLKMLHLGFFE56DA,57.5,0.0,3.32,有,
橋頭區,房地(土地+建物)+車位,高雄市橋頭區橋新環路９８９號二樓之２,17.97,住,,,1120716,土地1建物1車位1,二層,十五層,住宅大樓(11層含以上有電梯),住家用,鋼筋混凝土造,1150415,129.56,3,2,2,有,有,11080000,90648,坡道平面,24.98,1600000,112年11月9日換購車位，將地下三層車位更換為地下一層車位，總價變更為1108萬。預售屋、或土地及建物分件登記案件；,RPRQMLKLMHLGFFE48DA,64.18,0.0,3.53,有,
橋頭區,房地(土地+建物)+車位,高雄市橋頭區橋新環路９８９號九樓之３,17.29,住,,,1120730,土地1建物1車位1,九層,十五層,住宅大樓(11層含以上有電梯),住家用,鋼筋混凝土造,1150415,125.43,2,2,2,有,有,10580000,92384,坡道平面,24.98,1300000,預售屋、或土地及建物分件登記案件；,RPSSMLKLMHLGFFE78DA,53.8,0.0,11.37,有,
橋頭區,房地(土地+建物)+車位,高雄市橋頭區橋新環路９９９號二樓之５,11.71,住,,,1120724,土地1建物1車位1,二層,十五層,住宅大樓(11層含以上有電梯),住家用,鋼筋混凝土造,1150415,93.18,2,2,1,有,有,7830000,98680,坡道平面,24.98,1100000,1預售屋權利轉讓，讓渡日期：114/10/9，讓渡金額：783萬預售屋、或土地及建物分件登記案件；,RPSNMLPLLHLGFFE68DA,40.29,0.0,3.73,有,
橋頭區,房地(土地+建物)+車位,高雄市橋頭區橋新環路９９３號三樓之５,11.71,住,,,1120724,土地1建物1車位1,三層,十五層,住宅大樓(11層含以上有電梯),住家用,鋼筋混凝土造,1150415,93.18,2,2,1,有,有,7880000,99413,坡道平面,24.98,1100000,預售屋、或土地及建物分件登記案件；,RPUNMLLMLHLGFFE58DA,40.29,0.0,3.73,有,
橋頭區,房地(土地+建物)+車位,高雄市橋頭區橋新環路９９３號五樓之５,11.71,住,,,1120730,土地1建物1車位1,五層,十五層,住宅大樓(11層含以上有電梯),住家用,鋼筋混凝土造,1150415,93.18,2,2,1,有,有,8260000,100587,坡道平面,24.98,1400000,預售屋、或土地及建物分件登記案件；,RPWNMLLMLHLGFFE78DA,40.29,0.0,3.73,有,
橋頭區,房地(土地+建物)+車位,高雄市橋頭區橋新環路９９１號七樓之３,17.4,住,,,1120720,土地1建物1車位1,七層,十五層,住宅大樓(11層含以上有電梯),住家用,鋼筋混凝土造,1150415,126.17,2,2,2,有,有,10960000,95464,坡道平面,24.98,1300000,預售屋、或土地及建物分件登記案件；,RPOOMLPKMHLGFFE38DA,54.35,0.0,11.16,有,
橋頭區,房地(土地+建物)+車位,高雄市橋頭區橋新環路９８９號二樓之３,15.24,住,,,1120721,土地1建物1車位1,二層,十五層,住宅大樓(11層含以上有電梯),住家用,鋼筋混凝土造,1150415,113.8,2,2,2,有,有,9220000,89169,坡道平面,24.98,1300000,預售屋、或土地及建物分件登記案件；,RPVRMLKLMHLGFFE98DA,53.8,0.0,3.7,有,
橋頭區,房地(土地+建物)+車位,高雄市橋頭區橋新環路９８９號二樓之５,15.24,住,,,1120706,土地1建物1車位1,二層,十五層,住宅大樓(11層含以上有電梯),住家用,鋼筋混凝土造,1150415,113.8,2,2,2,有,有,9430000,89282,坡道平面,24.98,1500000,預售屋、或土地及建物分件登記案件；,RPOTMLKLMHLGFFE48DA,53.8,0.0,3.7,有,
橋頭區,房地(土地+建物)+車位,高雄市橋頭區橋新環路９８９號五樓之５,17.29,住,,,1120702,土地1建物1車位1,五層,十五層,住宅大樓(11層含以上有電梯),住家用,鋼筋混凝土造,1150415,125.43,2,2,2,有,有,10420000,89796,坡道平面,24.98,1400000,1預售屋權利轉讓，讓渡日期：114/5/19，讓渡金額：1042萬預售屋、或土地及建物分件登記案件；,RPRTMLKLMHLGFFE78DA,53.8,0.0,11.37,有,
橋頭區,房地(土地+建物)+車位,高雄市橋頭區橋新環路９８９號十三樓之８,18.99,住,,,1120722,土地1建物1車位1,十三層,十五層,住宅大樓(11層含以上有電梯),住家用,鋼筋混凝土造,1150415,137.82,3,2,2,有,有,12650000,99131,坡道平面,27.36,1700000,預售屋、或土地及建物分件登記案件；,RPXQMLLLMHLGFFE56DA,68.08,0.0,3.53,有,
橋頭區,房地(土地+建物)+車位,高雄市橋頭區橋新環路９８９號十樓之９,15.12,住,,,1120730,土地1建物1車位1,十層,十五層,住宅大樓(11層含以上有電梯),住家用,鋼筋混凝土造,1150415,112.85,2,2,2,有,有,9900000,99010,坡道平面,24.98,1200000,預售屋、或土地及建物分件登記案件；,RPOSMLLLMHLGFFE48DA,53.46,0.0,3.49,有,
楠梓區,房地(土地+建物),高雄市楠梓區大學十八街３０號二樓,11.8,住,,,1120723,土地1建物1車位0,二層,十九層,住宅大樓(11層含以上有電梯),住家用,鋼筋混凝土,1150226,81.75999999999999,2,2,1,有,有,6750000,82559,,0.0,0,預售屋、或土地及建物分件登記案件；,RPSOMLPKOHLGFEE88DA,48.35,0.0,4.06,有,
楠梓區,房地(土地+建物)+車位,高雄市楠梓區大學十八街２２號六樓,20.6,住,,,1120724,土地1建物1車位1,六層,十九層,住宅大樓(11層含以上有電梯),住家用,鋼筋混凝土,1150226,168.64,2,2,2,有,有,13130000,80844,坡道平面,26.02,1600000,預售屋、或土地及建物分件登記案件；,RPQPMLPKOHLGFEE78DA,72.1,0.0,19.32,有,
橋頭區,房地(土地+建物)+車位,高雄市橋頭區橋新環路９９５號二樓之８,16.15,住,,,1120710,土地1建物1車位1,二層,十五層,住宅大樓(11層含以上有電梯),住家用,鋼筋混凝土造,1150415,119.16,2,2,2,有,有,10420000,96836,坡道平面,24.98,1300000,預售屋、或土地及建物分件登記案件；,RPORMLKMLHLGFFE28DA,57.56,0.0,3.32,有,
橋頭區,房地(土地+建物)+車位,高雄市橋頭區橋新環路９９１號六樓之３,17.4,住,,,1120708,土地1建物1車位1,六層,十五層,住宅大樓(11層含以上有電梯),住家用,鋼筋混凝土造,1150415,126.17,2,2,2,有,有,10700000,94871,坡道平面,24.98,1100000,預售屋、或土地及建物分件登記案件；,RPXNMLPKMHLGFFE56DA,54.35,0.0,11.16,有,
橋頭區,房地(土地+建物)+車位,高雄市橋頭區橋新環路９８９號九樓之７,23.31,住,,,1120718,土地1建物1車位1,九層,十五層,住宅大樓(11層含以上有電梯),住家用,鋼筋混凝土造,1150415,160.42000000000002,3,2,2,有,有,13990000,92218,坡道平面,24.98,1500000,預售屋、或土地及建物分件登記案件；,RPPPMLLLMHLGFFE28DA,67.42,0.0,20.45,有,
橋頭區,房地(土地+建物)+車位,高雄市橋頭區橋新環路９８９號八樓之８,18.99,住,,,1120716,土地1建物1車位1,八層,十五層,住宅大樓(11層含以上有電梯),住家用,鋼筋混凝土造,1150415,135.44,3,2,2,有,有,12120000,96143,坡道平面,24.98,1500000,預售屋、或土地及建物分件登記案件；,RPSQMLLLMHLGFFE68DA,68.08,0.0,3.53,有,
橋頭區,房地(土地+建物)+車位,高雄市橋頭區橋新環路９９７號三樓之１,20.92,住,,,1120604,土地1建物1車位1,三層,十五層,住宅大樓(11層含以上有電梯),住家用,鋼筋混凝土造,1150415,147.07999999999998,4,2,2,有,有,13100000,95823,坡道平面,24.98,1400000,預售屋、或土地及建物分件登記案件；,RPOTMLQLLHLGFFE98DA,76.15,0.0,3.13,有,
橋頭區,房地(土地+建物)+車位,高雄市橋頭區橋新環路９９７號二樓之５,11.71,住,,,1120627,土地1建物1車位1,二層,十五層,住宅大樓(11層含以上有電梯),住家用,鋼筋混凝土造,1150415,93.18,2,2,1,有,有,7700000,96774,坡道平面,24.98,1100000,1預售屋權利轉讓，讓渡日期：114/3/5，讓渡金額：770萬預售屋、或土地及建物分件登記案件；,RPWWMLQLLHLGFFE47DA,40.29,0.0,3.73,有,
橋頭區,房地(土地+建物)+車位,高雄市橋頭區橋新環路９９７號七樓之５,11.71,住,,,1120614,土地1建物1車位1,七層,十五層,住宅大樓(11層含以上有電梯),住家用,鋼筋混凝土造,1150415,93.18,2,2,1,有,有,7930000,100147,坡道平面,24.98,1100000,1預售屋權利轉讓，讓渡日期：113/8/3，讓渡金額：1020萬預售屋、或土地及建物分件登記案件；,RPRNNLQLLHLGFFE78DA,40.29,0.0,3.73,有,
橋頭區,房地(土地+建物)+車位,高雄市橋頭區橋新環路９９５號七樓之１,22.29,住,,,1120628,土地1建物1車位1,七層,十五層,住宅大樓(11層含以上有電梯),住家用,鋼筋混凝土造,1150415,154.77999999999997,3,2,2,有,有,13280000,91525,坡道平面,24.98,1400000,預售屋、或土地及建物分件登記案件；,RPUPMLRLLHLGFFE66DA,64.58,0.0,19.63,有,
橋頭區,房地(土地+建物)+車位,高雄市橋頭區橋新環路９９３號四樓之９,12.05,住,,,1120609,土地1建物1車位1,四層,十五層,住宅大樓(11層含以上有電梯),住家用,鋼筋混凝土造,1150415,95.19,2,2,1,有,有,7630000,93007,坡道平面,24.98,1100000,預售屋、或土地及建物分件登記案件；,RPSOMLTJMHLGFFE09DA,41.67,0.0,3.56,有,
橋頭區,房地(土地+建物)+車位,高雄市橋頭區橋新環路９９１號十三樓之１,22.18,住,,,1120611,土地1建物1車位1,十三層,十五層,住宅大樓(11層含以上有電梯),住家用,鋼筋混凝土造,1150415,153.94,3,2,2,有,有,14080000,99100,坡道平面,24.98,1300000,預售屋、或土地及建物分件登記案件；,RPOSMLTJMHLGFFE09DA,64.35,0.0,19.41,有,
橋頭區,房地(土地+建物)+車位,高雄市橋頭區橋新環路９９１號十一樓之２,11.71,住,,,1120618,土地1建物1車位1,十一層,十五層,住宅大樓(11層含以上有電梯),住家用,鋼筋混凝土造,1150415,93.18,2,2,1,有,有,8100000,102639,坡道平面,24.98,1100000,預售屋、或土地及建物分件登記案件；,RPPTMLTJMHLGFFE66DA,40.29,0.0,3.73,有,
橋頭區,房地(土地+建物)+車位,高雄市橋頭區橋新環路９９１號十三樓之３,17.4,住,,,1120611,土地1建物1車位1,十三層,十五層,住宅大樓(11層含以上有電梯),住家用,鋼筋混凝土造,1150415,126.17,2,2,2,有,有,11320000,99022,坡道平面,24.98,1300000,預售屋、或土地及建物分件登記案件；,RPUOMLPKMHLGFFE98DA,54.35,0.0,11.16,有,
橋頭區,房地(土地+建物)+車位,高雄市橋頭區橋新環路９９１號十一樓之５,11.71,住,,,1120604,土地1建物1車位1,十一層,十五層,住宅大樓(11層含以上有電梯),住家用,鋼筋混凝土造,1150415,93.18,2,2,1,有,有,8100000,102639,坡道平面,24.98,1100000,預售屋、或土地及建物分件登記案件；,RPVPMLPKMHLGFFE56DA,40.29,0.0,3.73,有,
橋頭區,房地(土地+建物)+車位,高雄市橋頭區橋新環路９８９號十樓之３,17.29,住,,,1120618,土地1建物1車位1,十層,十五層,住宅大樓(11層含以上有電梯),住家用,鋼筋混凝土造,1150415,125.43,2,2,2,有,有,10420000,92782,坡道平面,24.98,1100000,預售屋、或土地及建物分件登記案件；,RPTSMLKLMHLGFFE88DA,53.8,0.0,11.37,有,
橋頭區,房地(土地+建物)+車位,高雄市橋頭區橋新環路９８９號六樓之８,18.99,住,,,1120628,土地1建物1車位1,六層,十五層,住宅大樓(11層含以上有電梯),住家用,鋼筋混凝土造,1150415,135.44,3,2,2,有,有,11880000,94876,坡道平面,24.98,1400000,預售屋、或土地及建物分件登記案件；,RPQQMLLLMHLGFFE48DA,68.08,0.0,3.53,有,
橋頭區,房地(土地+建物)+車位,高雄市橋頭區橋新環路９８９號三樓之９,15.12,住,,,1120604,土地1建物1車位1,三層,十五層,住宅大樓(11層含以上有電梯),住家用,鋼筋混凝土造,1150415,112.85,2,2,2,有,有,9590000,94344,坡道平面,24.98,1300000,1預售屋權利轉讓，讓渡日期：114/10/27，讓渡金額：959萬預售屋、或土地及建物分件登記案件；,RPRRMLLLMHLGFFE68DA,53.46,0.0,3.49,有,
橋頭區,房地(土地+建物)+車位,高雄市橋頭區橋新環路９８９號四樓之９,15.12,住,,,1120607,土地1建物1車位1,四層,十五層,住宅大樓(11層含以上有電梯),住家用,鋼筋混凝土造,1150415,112.85,2,2,2,有,有,9460000,95141,坡道平面,24.98,1100000,預售屋、或土地及建物分件登記案件；,RPSRMLLLMHLGFFE78DA,53.46,0.0,3.49,有,
橋頭區,房地(土地+建物)+車位,高雄市橋頭區橋新環路９９７號四樓之１,20.92,住,,,1120604,土地1建物1車位1,四層,十五層,住宅大樓(11層含以上有電梯),住家用,鋼筋混凝土造,1150415,147.07999999999998,4,2,2,有,有,13170000,96396,坡道平面,24.98,1400000,預售屋、或土地及建物分件登記案件；,RPPTMLQLLHLGFFE09DA,76.15,0.0,3.13,有,
橋頭區,房地(土地+建物)+車位,高雄市橋頭區橋新環路９９７號二樓之２,11.71,住,,,1120623,土地1建物1車位1,二層,十五層,住宅大樓(11層含以上有電梯),住家用,鋼筋混凝土造,1150415,93.18,2,2,1,有,有,7800000,96774,坡道平面,24.98,1200000,1預售屋權利轉讓，讓渡日期：114/10/3，讓渡金額：780萬預售屋、或土地及建物分件登記案件；,RPPUMLQLLHLGFFE56DA,40.29,0.0,3.73,有,
橋頭區,房地(土地+建物)+車位,高雄市橋頭區橋新環路９９７號五樓之２,11.71,住,,,1120603,土地1建物1車位1,五層,十五層,住宅大樓(11層含以上有電梯),住家用,鋼筋混凝土造,1150415,93.18,2,2,1,有,有,7950000,98974,坡道平面,24.98,1200000,1預售屋權利轉讓，讓渡日期：114/10/31，讓渡金額：795萬預售屋、或土地及建物分件登記案件；,RPSUMLQLLHLGFFE86DA,40.29,0.0,3.73,有,
橋頭區,房地(土地+建物)+車位,高雄市橋頭區橋新環路９９７號十二樓之２,11.71,住,,,1120611,土地1建物1車位1,十二層,十五層,住宅大樓(11層含以上有電梯),住家用,鋼筋混凝土造,1150415,93.18,2,2,1,有,有,8130000,103079,坡道平面,24.98,1100000,預售屋、或土地及建物分件登記案件；,RPPVMLQLLHLGFFE66DA,40.29,0.0,3.73,有,
橋頭區,房地(土地+建物)+車位,高雄市橋頭區橋新環路９９７號十三樓之２,11.71,住,,,1120621,土地1建物1車位1,十三層,十五層,住宅大樓(11層含以上有電梯),住家用,鋼筋混凝土造,1150415,93.18,2,2,1,有,有,8370000,103666,坡道平面,24.98,1300000,112年9月9日換購車位，將地下四層車位更換為地下三層車位，總價變更為837萬。預售屋、或土地及建物分件登記案件；,RPQVMLQLLHLGFFE76DA,40.29,0.0,3.73,有,
橋頭區,房地(土地+建物)+車位,高雄市橋頭區橋新環路９９７號三樓之５,11.71,住,,,1120617,土地1建物1車位1,三層,十五層,住宅大樓(11層含以上有電梯),住家用,鋼筋混凝土造,1150415,93.18,2,2,1,有,有,7760000,97654,坡道平面,24.98,1100000,1預售屋權利轉讓，讓渡日期：113/7/10，讓渡金額：780萬2預售屋權利轉讓，讓渡日期：114/7/24，讓渡金額：780萬預售屋、或土地及建物分件登記案件；,RPXWMLQLLHLGFFE57DA,40.29,0.0,3.73,有,
橋頭區,房地(土地+建物)+車位,高雄市橋頭區橋新環路９９７號五樓之６,12.17,住,,,1120607,土地1建物1車位1,五層,十五層,住宅大樓(11層含以上有電梯),住家用,鋼筋混凝土造,1150415,95.65,2,2,1,有,有,7950000,96929,坡道平面,24.98,1100000,預售屋、或土地及建物分件登記案件；,RPSONLQLLHLGFFE98DA,42.13,0.0,3.56,有,
橋頭區,房地(土地+建物)+車位,高雄市橋頭區橋新環路９９７號七樓之６,12.17,住,,,1120623,土地1建物1車位1,七層,十五層,住宅大樓(11層含以上有電梯),住家用,鋼筋混凝土造,1150415,95.65,2,2,1,有,有,8110000,97778,坡道平面,24.98,1200000,預售屋、或土地及建物分件登記案件；,RPUONLQLLHLGFFE56DA,42.13,0.0,3.56,有,
橋頭區,房地(土地+建物)+車位,高雄市橋頭區橋新環路９９５號八樓之２,17.4,住,,,1120630,土地1建物1車位1,八層,十五層,住宅大樓(11層含以上有電梯),住家用,鋼筋混凝土造,1150415,126.22999999999999,2,2,2,有,有,10640000,92247,坡道平面,24.98,1300000,預售屋、或土地及建物分件登記案件；,RPTRMLRLLHLGFFE76DA,54.32,0.0,11.25,有,
橋頭區,房地(土地+建物)+車位,高雄市橋頭區橋新環路９９１號五樓之６,12.17,住,,,1120618,土地1建物1車位1,五層,十五層,住宅大樓(11層含以上有電梯),住家用,鋼筋混凝土造,1150415,95.65,2,2,1,有,有,7930000,96646,坡道平面,24.98,1100000,預售屋、或土地及建物分件登記案件；,RPSQMLPKMHLGFFE98DA,42.13,0.0,3.56,有,
橋頭區,房地(土地+建物)+車位,高雄市橋頭區橋新環路９８９號六樓之１,22.63,住,,,1120629,土地1建物1車位1,六層,十五層,住宅大樓(11層含以上有電梯),住家用,鋼筋混凝土造,1150415,156.84,3,2,2,有,有,13900000,94798,坡道平面,24.98,1400000,預售屋、或土地及建物分件登記案件；,RPRPMLKLMHLGFFE38DA,65.83,0.0,19.64,有,
橋頭區,房地(土地+建物)+車位,高雄市橋頭區橋新環路９８９號七樓之１,22.63,住,,,1120610,土地1建物1車位1,七層,十五層,住宅大樓(11層含以上有電梯),住家用,鋼筋混凝土造,1150415,156.84,3,2,2,有,有,13680000,95404,坡道平面,24.98,1100000,預售屋、或土地及建物分件登記案件；,RPSPMLKLMHLGFFE48DA,65.83,0.0,19.64,有,
橋頭區,房地(土地+建物)+車位,高雄市橋頭區橋新環路９８９號九樓之１,22.63,住,,,1120612,土地1建物1車位1,九層,十五層,住宅大樓(11層含以上有電梯),住家用,鋼筋混凝土造,1150415,156.84,3,2,2,有,有,13860000,96769,坡道平面,24.98,1100000,1預售屋權利轉讓，讓渡日期：114/11/15，讓渡金額：1386萬預售屋、或土地及建物分件登記案件；,RPUPMLKLMHLGFFE68DA,65.83,0.0,19.64,有,
橋頭區,房地(土地+建物)+車位,高雄市橋頭區橋新環路９８９號九樓之２,22.06,住,,,1120612,土地1建物1車位1,九層,十五層,住宅大樓(11層含以上有電梯),住家用,鋼筋混凝土造,1150415,153.62,3,2,2,有,有,12970000,92273,坡道平面,24.98,1100000,預售屋、或土地及建物分件登記案件；,RPORMLKLMHLGFFE28DA,64.18,0.0,19.26,有,
橋頭區,房地(土地+建物)+車位,高雄市橋頭區橋新環路９８９號八樓之５,17.29,住,,,1120612,土地1建物1車位1,八層,十五層,住宅大樓(11層含以上有電梯),住家用,鋼筋混凝土造,1150415,125.43,2,2,2,有,有,10400000,91588,坡道平面,24.98,1200000,預售屋、或土地及建物分件登記案件；,RPWTMLKLMHLGFFE66DA,53.8,0.0,11.37,有,
橋頭區,房地(土地+建物)+車位,高雄市橋頭區橋新環路９９７號三樓之７,12.05,住,,,1120620,土地1建物1車位1,三層,十五層,住宅大樓(11層含以上有電梯),住家用,鋼筋混凝土造,1150415,95.19,2,2,1,有,有,7600000,91155,坡道平面,24.98,1200000,1預售屋權利轉讓，讓渡日期：114/06/21，讓渡金額：820萬預售屋、或土地及建物分件登記案件；,RPROMLQJNHLGFFE78DA,41.67,0.0,3.56,有,
仁武區,房地(土地+建物)+車位,高雄市仁武區京富路７８號九樓之６,14.0,住,,,1120602,土地2建物1車位1,九層,十五層,住宅大樓(11層含以上有電梯),住家用,鋼筋混凝土,1150122,102.44,2,2,2,有,有,9500000,96332,坡道平面,21.47,1700000,預售屋、或土地及建物分件登記案件；,RPSPMLPKOHLGFIE76DA,42.3,0.0,10.29,有,
楠梓區,房地(土地+建物)+車位,高雄市楠梓區大學十八街３８號十七樓,14.19,住,,,1120617,土地1建物1車位1,十七層,十九層,住宅大樓(11層含以上有電梯),住家用,鋼筋混凝土,1150226,123.22999999999999,2,2,2,有,有,10370000,89217,坡道平面,24.93,1600000,預售屋、或土地及建物分件登記案件；,RPUPMLPKOHLGFEE56DA,49.93,0.0,13.08,有,
楠梓區,房地(土地+建物)+車位,高雄市楠梓區大學十八街３６號十七樓,20.6,住,,,1120629,土地1建物1車位1,十七層,十九層,住宅大樓(11層含以上有電梯),住家用,鋼筋混凝土,1150226,167.55,2,2,2,有,有,13930000,86454,坡道平面,24.93,1600000,預售屋、或土地及建物分件登記案件；,RPVPMLPKOHLGFEE66DA,72.1,0.0,19.32,有,
左營區,房地(土地+建物)+車位,高雄市左營區大中二路７１１巷８號六樓之６,8.9,住,,,1120606,土地1建物1車位1,六層,十五層,住宅大樓(11層含以上有電梯),住家用,鋼筋混凝土,1140623,94.43,1,1,1,有,有,9880000,99718,坡道機械,12.9,1750000,本案有轉售，依讓與人和受讓人送交開遠建設有限公司之同意書第二條，讓與人收取轉讓手續費新台幣0元整。預售屋、或土地及建物分件登記案件；,RPRNMLQKOHLGFEE78DA,40.96,0.0,12.11,有,
橋頭區,房地(土地+建物)+車位,高雄市橋頭區橋新環路９９７號四樓之５,11.71,住,,,1120611,土地1建物1車位1,四層,十五層,住宅大樓(11層含以上有電梯),住家用,鋼筋混凝土造,1150415,93.18,2,2,1,有,有,7820000,98534,坡道平面,24.98,1100000,預售屋、或土地及建物分件登記案件；,RPONNLQLLHLGFFE48DA,40.29,0.0,3.73,有,
橋頭區,房地(土地+建物)+車位,高雄市橋頭區橋新環路９９１號十樓之３,17.4,住,,,1120614,土地1建物1車位1,十層,十五層,住宅大樓(11層含以上有電梯),住家用,鋼筋混凝土造,1150415,126.17,2,2,2,有,有,11350000,97342,坡道平面,24.98,1500000,預售屋、或土地及建物分件登記案件；,RPROMLPKMHLGFFE68DA,54.35,0.0,11.16,有,
橋頭區,房地(土地+建物)+車位,高雄市橋頭區橋新環路９９１號六樓之６,12.17,住,,,1120627,土地1建物1車位1,六層,十五層,住宅大樓(11層含以上有電梯),住家用,鋼筋混凝土造,1150415,95.65,2,2,1,有,有,8120000,96505,坡道平面,24.98,1300000,預售屋、或土地及建物分件登記案件；,RPTQMLPKMHLGFFE09DA,42.13,0.0,3.56,有,
橋頭區,房地(土地+建物)+車位,高雄市橋頭區橋新環路９９７號九樓之１,20.92,住,,,1120626,土地1建物1車位1,九層,十五層,住宅大樓(11層含以上有電梯),住家用,鋼筋混凝土造,1150415,147.07999999999998,4,2,2,有,有,13570000,99672,坡道平面,24.98,1400000,1預售屋權利轉讓，讓渡日期：114/11/8，讓渡金額：1357萬預售屋、或土地及建物分件登記案件；,RPUTMLQLLHLGFFE96DA,76.15,0.0,3.13,有,
橋頭區,房地(土地+建物)+車位,高雄市橋頭區橋新環路９９５號十三樓之３,11.71,住,,,1120622,土地1建物1車位1,十三層,十五層,住宅大樓(11層含以上有電梯),住家用,鋼筋混凝土造,1150415,93.18,2,2,1,有,有,7900000,99707,坡道平面,24.98,1100000,1預售屋權利轉讓，讓渡日期：114/11/15，讓渡金額：790萬預售屋、或土地及建物分件登記案件；,RPQTMLRLLHLGFFE66DA,40.29,0.0,3.73,有,
橋頭區,房地(土地+建物)+車位,高雄市橋頭區新南一街１３７號十四樓,11.58,住,,,1120609,土地1建物1車位1,十四層,十五層,住宅大樓(11層含以上有電梯),住家用,鋼筋混凝土造,1150106,89.38,1,2,2,有,有,8820000,93234,坡道機械,7.65,1200000,預售屋、或土地及建物分件登記案件；,RPWNMLLKPHKGFFE88DA,48.22,0.0,4.05,有,
橋頭區,房地(土地+建物)+車位,高雄市橋頭區橋新環路９９７號十一樓之１,20.92,住,,,1120517,土地1建物1車位1,十一層,十五層,住宅大樓(11層含以上有電梯),住家用,鋼筋混凝土造,1150415,147.07999999999998,4,2,2,有,有,13830000,100983,坡道平面,24.98,1500000,預售屋、或土地及建物分件登記案件；,RPWTMLQLLHLGFFE17DA,76.15,0.0,3.13,有,
橋頭區,房地(土地+建物)+車位,高雄市橋頭區橋新環路９９７號十三樓之１,20.92,住,,,1120517,土地1建物1車位1,十三層,十五層,住宅大樓(11層含以上有電梯),住家用,鋼筋混凝土造,1150415,147.07999999999998,4,2,2,有,有,13920000,101720,坡道平面,24.98,1500000,預售屋、或土地及建物分件登記案件；,RPXTMLQLLHLGFFE27DA,76.15,0.0,3.13,有,
橋頭區,房地(土地+建物)+車位,高雄市橋頭區橋新環路９９１號八樓之１,22.18,住,,,1120514,土地1建物1車位1,八層,十五層,住宅大樓(11層含以上有電梯),住家用,鋼筋混凝土造,1150415,153.94,3,2,2,有,有,13900000,96154,坡道平面,24.98,1500000,預售屋、或土地及建物分件登記案件；,RPRRMLTJMHLGFFE66DA,64.35,0.0,19.41,有,
橋頭區,房地(土地+建物)+車位,高雄市橋頭區橋新環路９９１號七樓之５,11.71,住,,,1120503,土地1建物1車位1,七層,十五層,住宅大樓(11層含以上有電梯),住家用,鋼筋混凝土造,1150415,93.18,2,2,1,有,有,7810000,98387,坡道平面,24.98,1100000,1預售屋權利轉讓，讓渡日期：114/8/6，讓渡金額：828萬預售屋、或土地及建物分件登記案件；,RPRPMLPKMHLGFFE78DA,40.29,0.0,3.73,有,
橋頭區,房地(土地+建物)+車位,高雄市橋頭區橋新環路９９１號四樓之７,15.01,住,,,1120513,土地1建物1車位1,四層,十五層,住宅大樓(11層含以上有電梯),住家用,鋼筋混凝土造,1150415,112.74000000000001,2,2,2,有,有,9750000,95146,坡道平面,24.98,1400000,1預售屋權利轉讓，讓渡日期：114/11/20，讓渡金額：975萬預售屋、或土地及建物分件登記案件；,RPURMLPKMHLGFFE66DA,53.29,0.0,3.55,有,
橋頭區,房地(土地+建物)+車位,高雄市橋頭區橋新環路９９１號七樓之７,15.01,住,,,1120531,土地1建物1車位1,七層,十五層,住宅大樓(11層含以上有電梯),住家用,鋼筋混凝土造,1150415,112.74000000000001,2,2,2,有,有,9600000,96855,坡道平面,24.98,1100000,預售屋、或土地及建物分件登記案件；,RPOSMLPKMHLGFFE78DA,53.29,0.0,3.55,有,
橋頭區,房地(土地+建物)+車位,高雄市橋頭區橋新環路９９１號八樓之７,15.01,住,,,1120520,土地1建物1車位1,八層,十五層,住宅大樓(11層含以上有電梯),住家用,鋼筋混凝土造,1150415,112.74000000000001,2,2,2,有,有,9650000,97425,坡道平面,24.98,1100000,1預售屋權利轉讓，讓渡日期：113/9/18，讓渡金額：965萬預售屋、或土地及建物分件登記案件；,RPPSMLPKMHLGFFE88DA,53.29,0.0,3.55,有,
橋頭區,房地(土地+建物)+車位,高雄市橋頭區橋新環路９９１號四樓之８,16.03,住,,,1120521,土地1建物1車位1,四層,十五層,住宅大樓(11層含以上有電梯),住家用,鋼筋混凝土造,1150415,118.53,2,2,2,有,有,9820000,93212,坡道平面,24.98,1100000,1預售屋權利轉讓，讓渡日期：113/6/1，讓渡金額：982萬預售屋、或土地及建物分件登記案件；,RPOTMLPKMHLGFFE88DA,57.01,0.0,3.63,有,
橋頭區,房地(土地+建物)+車位,高雄市橋頭區橋新環路９９１號五樓之８,16.03,住,,,1120520,土地1建物1車位1,五層,十五層,住宅大樓(11層含以上有電梯),住家用,鋼筋混凝土造,1150415,118.53,2,2,2,有,有,9890000,93960,坡道平面,24.98,1100000,預售屋、或土地及建物分件登記案件；,RPPTMLPKMHLGFFE98DA,57.01,0.0,3.63,有,
橋頭區,房地(土地+建物)+車位,高雄市橋頭區橋新環路９９１號六樓之８,16.03,住,,,1120502,土地1建物1車位1,六層,十五層,住宅大樓(11層含以上有電梯),住家用,鋼筋混凝土造,1150415,118.53,2,2,2,有,有,9970000,92678,坡道平面,24.98,1300000,預售屋、或土地及建物分件登記案件；,RPQTMLPKMHLGFFE09DA,57.01,0.0,3.63,有,
橋頭區,房地(土地+建物)+車位,高雄市橋頭區橋新環路９８９號三樓之８,18.99,住,,,1120523,土地1建物1車位1,三層,十五層,住宅大樓(11層含以上有電梯),住家用,鋼筋混凝土造,1150415,135.44,3,2,2,有,有,11380000,93065,坡道平面,24.98,1100000,預售屋、或土地及建物分件登記案件；,RPXPMLLLMHLGFFE09DA,68.08,0.0,3.53,有,
橋頭區,房地(土地+建物)+車位,高雄市橋頭區橋新環路９８９號九樓之９,15.12,住,,,1120522,土地1建物1車位1,九層,十五層,住宅大樓(11層含以上有電梯),住家用,鋼筋混凝土造,1150415,112.85,2,2,2,有,有,10040000,98327,坡道平面,24.98,1400000,預售屋、或土地及建物分件登記案件；,RPXRMLLLMHLGFFE66DA,53.46,0.0,3.49,有,
橋頭區,房地(土地+建物)+車位,高雄市橋頭區橋新環路９９５號二樓之３,11.71,住,,,1120513,土地1建物1車位1,二層,十五層,住宅大樓(11層含以上有電梯),住家用,鋼筋混凝土造,1150415,91.2,2,2,1,有,有,7350000,93109,坡道平面,23.0,1000000,1預售屋權利轉讓，讓渡日期：114/10/24，讓渡金額：780萬預售屋、或土地及建物分件登記案件；,RPSOMLQJNHLGFFE88DA,40.29,0.0,3.73,有,
橋頭區,房地(土地+建物)+車位,高雄市橋頭區橋新環路９９１號四樓之５,11.71,住,,,1120513,土地1建物1車位1,四層,十五層,住宅大樓(11層含以上有電梯),住家用,鋼筋混凝土造,1150415,93.18,2,2,1,有,有,7760000,97654,坡道平面,24.98,1100000,1預售屋權利轉讓，讓渡日期：113/7/30，讓渡金額：779萬預售屋、或土地及建物分件登記案件；,RPQPMLQJNHLGFFE78DA,40.29,0.0,3.73,有,
橋頭區,房地(土地+建物)+車位,高雄市橋頭區橋新環路９９７號五樓之１,20.92,住,,,1120513,土地1建物1車位1,五層,十五層,住宅大樓(11層含以上有電梯),住家用,鋼筋混凝土造,1150415,147.07999999999998,4,2,2,有,有,13250000,97052,坡道平面,24.98,1400000,預售屋、或土地及建物分件登記案件；,RPQTMLQLLHLGFFE56DA,76.15,0.0,3.13,有,
橋頭區,房地(土地+建物)+車位,高雄市橋頭區橋新環路９９７號二樓之７,12.05,住,,,1120514,土地1建物1車位1,二層,十五層,住宅大樓(11層含以上有電梯),住家用,鋼筋混凝土造,1150415,95.19,2,2,1,有,有,7500000,91155,坡道平面,24.98,1100000,1預售屋權利轉讓，讓渡日期：114/11/13，讓渡金額：793萬預售屋、或土地及建物分件登記案件；,RPVPNLQLLHLGFFE76DA,41.67,0.0,3.56,有,
橋頭區,房地(土地+建物)+車位,高雄市橋頭區橋新環路９９５號五樓之２,17.4,住,,,1120531,土地1建物1車位1,五層,十五層,住宅大樓(11層含以上有電梯),住家用,鋼筋混凝土造,1150415,126.22999999999999,2,2,2,有,有,10550000,90370,坡道平面,24.98,1400000,預售屋、或土地及建物分件登記案件；,RPXQMLRLLHLGFFE07DA,54.32,0.0,11.25,有,
橋頭區,房地(土地+建物)+車位,高雄市橋頭區橋新環路９９１號四樓之２,11.71,住,,,1120512,土地1建物1車位1,四層,十五層,住宅大樓(11層含以上有電梯),住家用,鋼筋混凝土造,1150415,93.18,2,2,1,有,有,7760000,97654,坡道平面,24.98,1100000,預售屋、或土地及建物分件登記案件；,RPSSMLTJMHLGFFE86DA,40.29,0.0,3.73,有,
橋頭區,房地(土地+建物)+車位,高雄市橋頭區橋新環路９９１號五樓之３,17.4,住,,,1120513,土地1建物1車位2,五層,十五層,住宅大樓(11層含以上有電梯),住家用,鋼筋混凝土造,1150415,151.15,2,2,2,有,有,12600000,97836,坡道平面,49.96,2700000,112年6月12日加購1個車位，總價變更為1260萬。預售屋、或土地及建物分件登記案件；,RPWNMLPKMHLGFFE09DA,54.35,0.0,11.16,有,
橋頭區,房地(土地+建物)+車位,高雄市橋頭區橋新環路９８９號二樓之６,11.71,住,,,1120522,土地1建物1車位1,二層,十五層,住宅大樓(11層含以上有電梯),住家用,鋼筋混凝土造,1150415,93.18,2,2,1,有,有,7400000,92375,坡道平面,24.98,1100000,1預售屋權利轉讓，讓渡日期：113/8/15，讓渡金額：740萬預售屋、或土地及建物分件登記案件；,RPUUMLKLMHLGFFE56DA,40.29,0.0,3.73,有,
橋頭區,房地(土地+建物)+車位,高雄市橋頭區橋新環路９８９號六樓之９,15.12,住,,,1120512,土地1建物1車位1,六層,十五層,住宅大樓(11層含以上有電梯),住家用,鋼筋混凝土造,1150415,112.85,2,2,2,有,有,9710000,94572,坡道平面,24.98,1400000,預售屋、或土地及建物分件登記案件；,RPURMLLLMHLGFFE98DA,53.46,0.0,3.49,有,
橋頭區,房地(土地+建物)+車位,高雄市橋頭區橋新環路９９５號十三樓之７,11.83,住,,,1120515,土地1建物1車位1,十三層,十五層,住宅大樓(11層含以上有電梯),住家用,鋼筋混凝土造,1150415,94.11,2,2,1,有,有,7850000,97642,坡道平面,24.98,1100000,1預售屋權利轉讓，讓渡日期：113/7/18，讓渡金額：795萬2預售屋權利轉讓，讓渡日期：115/4/29，讓渡金額：795萬預售屋、或土地及建物分件登記案件；,RPVOMLQJNHLGFFE56DA,40.96,0.0,3.59,有,
仁武區,房地(土地+建物)+車位,高雄市仁武區京富路３２號四樓之７,17.38,住,,,1120518,土地2建物1車位1,四層,十五層,住宅大樓(11層含以上有電梯),住家用,鋼筋混凝土,1150122,122.0,2,2,2,有,有,10000000,83557,坡道平面,21.47,1600000,1141208讓渡金額1035萬  本案為預售屋預售房地面積若有與登記面積誤差其價款或有找補之情事預售屋、或土地及建物分件登記案件；,RPVOMLPKOHLGFIE96DA,55.64,0.0,9.62,有,
仁武區,房地(土地+建物)+車位,高雄市仁武區京富路３２號六樓之７,17.38,住,,,1120513,土地2建物1車位1,六層,十五層,住宅大樓(11層含以上有電梯),住家用,鋼筋混凝土,1150122,122.0,2,2,2,有,有,10300000,86541,坡道平面,21.47,1600000,預售屋、或土地及建物分件登記案件；,RPWOMLPKOHLGFIE07DA,55.64,0.0,9.62,有,
仁武區,房地(土地+建物)+車位,高雄市仁武區京富路７８號五樓之６,14.0,住,,,1120527,土地2建物1車位1,五層,十五層,住宅大樓(11層含以上有電梯),住家用,鋼筋混凝土,1150122,102.44,2,2,2,有,有,8500000,85217,坡道平面,21.47,1600000,預售屋、或土地及建物分件登記案件；,RPRPMLPKOHLGFIE66DA,42.3,0.0,10.29,有,
仁武區,房地(土地+建物)+車位,高雄市仁武區京富路７８號五樓之９,12.27,住,,,1120508,土地2建物1車位1,五層,十五層,住宅大樓(11層含以上有電梯),住家用,鋼筋混凝土,1150122,93.21000000000001,1,1,2,有,有,7850000,87120,坡道平面,21.47,1600000,預售屋、或土地及建物分件登記案件；,RPUPMLPKOHLGFIE96DA,43.23,0.0,3.31,有,
仁武區,房地(土地+建物)+車位,高雄市仁武區京富路６０號三樓之２,13.61,住,,,1120503,土地2建物1車位1,三層,十五層,住宅大樓(11層含以上有電梯),住家用,鋼筋混凝土,1150122,100.16,2,2,2,有,有,8550000,88321,坡道平面,21.47,1600000,預售屋、或土地及建物分件登記案件；,RPOQMLPKOHLGFIE09DA,39.78,0.0,11.33,有,
仁武區,房地(土地+建物)+車位,高雄市仁武區京富路５８號五樓之５,19.98,住,,,1120521,土地2建物1車位1,五層,十五層,住宅大樓(11層含以上有電梯),住家用,鋼筋混凝土,1150122,137.13,3,2,2,有,有,12250000,91216,坡道平面,21.47,1700000,預售屋、或土地及建物分件登記案件；,RPWQMLPKOHLGFIE27DA,63.31,0.0,11.77,有,
橋頭區,房地(土地+建物)+車位,高雄市橋頭區橋新環路９９１號八樓之２,11.71,住,,,1120530,土地1建物1車位1,八層,十五層,住宅大樓(11層含以上有電梯),住家用,鋼筋混凝土造,1150415,93.18,2,2,1,有,有,7970000,100733,坡道平面,24.98,1100000,預售屋、或土地及建物分件登記案件；,RPWSMLTJMHLGFFE27DA,40.29,0.0,3.73,有,
橋頭區,房地(土地+建物)+車位,高雄市橋頭區橋新環路９８９號十樓之６,11.71,住,,,1120501,土地1建物1車位1,十層,十五層,住宅大樓(11層含以上有電梯),住家用,鋼筋混凝土造,1150415,93.18,2,2,1,有,有,7630000,95748,坡道平面,24.98,1100000,預售屋、或土地及建物分件登記案件；,RPVNMLLLMHLGFFE68DA,40.29,0.0,3.73,有,
橋頭區,房地(土地+建物)+車位,高雄市橋頭區橋新環路９８９號十二樓之６,11.71,住,,,1120507,土地1建物1車位1,十二層,十五層,住宅大樓(11層含以上有電梯),住家用,鋼筋混凝土造,1150415,93.18,2,2,1,有,有,7710000,96921,坡道平面,24.98,1100000,預售屋、或土地及建物分件登記案件；,RPXNMLLLMHLGFFE88DA,40.29,0.0,3.73,有,
橋頭區,房地(土地+建物)+車位,高雄市橋頭區橋新環路９８９號八樓之９,15.12,住,,,1120513,土地1建物1車位1,八層,十五層,住宅大樓(11層含以上有電梯),住家用,鋼筋混凝土造,1150415,112.85,2,2,2,有,有,9500000,95596,坡道平面,24.98,1100000,預售屋、或土地及建物分件登記案件；,RPWRMLLLMHLGFFE56DA,53.46,0.0,3.49,有,
三民區,房地(土地+建物)+車位,高雄市三民區民族一路２１８號二十四樓之９,6.61,商,,,1120515,土地1建物1車位1,二十四層,二十七層,住宅大樓(11層含以上有電梯),住家用,鋼筋混凝土,1150401,134.91,2,1,2,有,有,12580000,96076,坡道平面,25.83,2100000,預售屋、或土地及建物分件登記案件；,RPROMLPKOHLGFDE68DA,64.73,0.0,7.22,有,
橋頭區,房地(土地+建物)+車位,高雄市橋頭區橋新環路９９５號十一樓之３,11.71,住,,,1120511,土地1建物1車位1,十一層,十五層,住宅大樓(11層含以上有電梯),住家用,鋼筋混凝土造,1150415,93.18,2,2,1,有,有,7710000,96921,坡道平面,24.98,1100000,1預售屋權利轉讓，讓渡日期：114/10/12，讓渡金額：888萬預售屋、或土地及建物分件登記案件；,RPUOMLQJNHLGFFE09DA,40.29,0.0,3.73,有,
橋頭區,房地(土地+建物)+車位,高雄市橋頭區橋新環路９９５號八樓之７,11.83,住,,,1120504,土地1建物1車位1,八層,十五層,住宅大樓(11層含以上有電梯),住家用,鋼筋混凝土造,1150415,94.11,2,2,1,有,有,7790000,95328,坡道平面,24.98,1200000,預售屋、或土地及建物分件登記案件；,RPWOMLPJOHLGFFE66DA,40.96,0.0,3.59,有,
橋頭區,房地(土地+建物)+車位,高雄市橋頭區橋新環路９９１號七樓之１,22.18,住,,,1120521,土地1建物1車位1,七層,十五層,住宅大樓(11層含以上有電梯),住家用,鋼筋混凝土造,1150415,153.94,3,2,2,有,有,13700000,95378,坡道平面,24.98,1400000,預售屋、或土地及建物分件登記案件；,RPTPMLPJOHLGFFE09DA,64.35,0.0,19.41,有,
橋頭區,房地(土地+建物)+車位,高雄市橋頭區新南一街１５３號三樓,15.8,住,,,1120522,土地1建物1車位1,三層,十五層,住宅大樓(11層含以上有電梯),住家用,鋼筋混凝土造,1150106,119.56,2,2,2,有,有,9920000,75686,坡道機械,7.65,1450000,預售屋、或土地及建物分件登記案件；,RPTNMLOJPHKGFFE78DA,53.99,0.0,17.75,有,
橋頭區,房地(土地+建物)+車位,高雄市橋頭區新南一街１３７號十二樓,11.58,住,,,1120502,土地1建物1車位1,十二層,十五層,住宅大樓(11層含以上有電梯),住家用,鋼筋混凝土造,1150106,89.38,1,2,2,有,有,9090000,93479,坡道機械,7.65,1450000,本案為轉讓案件轉讓日期114年4月24日.預售屋、或土地及建物分件登記案件；,RPOOMLQJQHKGFFE68DA,48.22,0.0,4.05,有,
橋頭區,房地(土地+建物)+車位,高雄市橋頭區橋新環路９９９號七樓之１,20.92,住,,,1120424,土地1建物1車位1,七層,十五層,住宅大樓(11層含以上有電梯),住家用,鋼筋混凝土造,1150415,147.06,4,2,2,有,有,12860000,94692,坡道平面,24.98,1300000,預售屋、或土地及建物分件登記案件；,RPUNMLOLLHLGFFE78DA,76.13,0.0,3.13,有,
橋頭區,房地(土地+建物)+車位,高雄市橋頭區橋新環路９９７號八樓之１,20.92,住,,,1120425,土地1建物1車位1,八層,十五層,住宅大樓(11層含以上有電梯),住家用,鋼筋混凝土造,1150415,147.07999999999998,4,2,2,有,有,13190000,96560,坡道平面,24.98,1400000,預售屋、或土地及建物分件登記案件；,RPTTMLQLLHLGFFE86DA,76.15,0.0,3.13,有,
橋頭區,房地(土地+建物)+車位,高雄市橋頭區橋新環路９９５號二樓之７,11.83,住,,,1120426,土地1建物1車位1,二層,十五層,住宅大樓(11層含以上有電梯),住家用,鋼筋混凝土造,1150415,94.28999999999999,2,2,1,有,有,7420000,91185,坡道平面,24.98,1100000,1預售屋權利轉讓，讓渡日期：113/5/11，讓渡金額：742萬預售屋、或土地及建物分件登記案件；,RPXPMLKMLHLGFFE98DA,40.99,0.0,3.74,有,
橋頭區,房地(土地+建物)+車位,高雄市橋頭區橋新環路９９５號四樓之７,11.83,住,,,1120421,土地1建物1車位1,四層,十五層,住宅大樓(11層含以上有電梯),住家用,鋼筋混凝土造,1150415,94.11,2,2,1,有,有,7620000,92869,坡道平面,24.98,1200000,1預售屋權利轉讓，讓渡日期：114/9/3，讓渡金額：762萬預售屋、或土地及建物分件登記案件；,RPPQMLKMLHLGFFE28DA,40.96,0.0,3.59,有,
橋頭區,房地(土地+建物)+車位,高雄市橋頭區橋新環路９８９號十一樓之２,22.06,住,,,1120427,土地1建物1車位1,十一層,十五層,住宅大樓(11層含以上有電梯),住家用,鋼筋混凝土造,1150415,153.62,3,2,2,有,有,13100000,90951,坡道平面,24.98,1400000,預售屋、或土地及建物分件登記案件；,RPQRMLKLMHLGFFE48DA,64.18,0.0,19.26,有,
橋頭區,房地(土地+建物)+車位,高雄市橋頭區橋新環路９８９號三樓之６,11.71,住,,,1120421,土地1建物1車位1,三層,十五層,住宅大樓(11層含以上有電梯),住家用,鋼筋混凝土造,1150415,93.18,2,2,1,有,有,7340000,91496,坡道平面,24.98,1100000,1預售屋權利轉讓，讓渡日期：114/6/20，讓渡金額：734萬預售屋、或土地及建物分件登記案件；,RPVUMLKLMHLGFFE66DA,40.29,0.0,3.73,有,
橋頭區,房地(土地+建物)+車位,高雄市橋頭區橋新環路９８９號六樓之６,11.71,住,,,1120418,土地1建物1車位1,六層,十五層,住宅大樓(11層含以上有電梯),住家用,鋼筋混凝土造,1150415,93.18,2,2,1,有,有,7570000,93402,坡道平面,24.98,1200000,預售屋、或土地及建物分件登記案件；,RPOVMLKLMHLGFFE68DA,40.29,0.0,3.73,有,
橋頭區,房地(土地+建物)+車位,高雄市橋頭區橋新環路９８９號十樓之８,18.99,住,,,1120430,土地1建物1車位1,十層,十五層,住宅大樓(11層含以上有電梯),住家用,鋼筋混凝土造,1150415,135.44,3,2,2,有,有,11980000,94876,坡道平面,24.98,1500000,預售屋、或土地及建物分件登記案件；,RPUQMLLLMHLGFFE88DA,68.08,0.0,3.53,有,
橋頭區,房地(土地+建物)+車位,高雄市橋頭區橋新環路９８９號五樓之１０,11.83,住,,,1120417,土地1建物1車位1,五層,十五層,住宅大樓(11層含以上有電梯),住家用,鋼筋混凝土造,1150415,94.01,2,2,1,有,有,7140000,87498,坡道平面,24.98,1100000,1預售屋權利轉讓，讓渡日期：113/5/24，讓渡金額：719萬預售屋、或土地及建物分件登記案件；,RPSPMLQJNHLGFFE98DA,40.86,0.0,3.59,有,
橋頭區,房地(土地+建物)+車位,高雄市橋頭區橋新環路９９９號十樓之１,20.92,住,,,1120425,土地1建物1車位1,十層,十五層,住宅大樓(11層含以上有電梯),住家用,鋼筋混凝土造,1150415,147.06,4,2,2,有,有,13160000,96330,坡道平面,24.98,1400000,預售屋、或土地及建物分件登記案件；,RPXNMLOLLHLGFFE09DA,76.13,0.0,3.13,有,
橋頭區,房地(土地+建物)+車位,高雄市橋頭區橋新環路９９９號九樓之３,15.35,住,,,1120423,土地1建物1車位1,九層,十五層,住宅大樓(11層含以上有電梯),住家用,鋼筋混凝土造,1150415,114.77000000000001,2,2,2,有,有,10080000,98897,坡道平面,24.98,1200000,1預售屋權利轉讓，讓渡日期：114/8/11，讓渡金額：1008萬預售屋、或土地及建物分件登記案件；,RPPRMLOLLHLGFFE68DA,54.37,0.0,3.7,有,
橋頭區,房地(土地+建物)+車位,高雄市橋頭區橋新環路９９７號六樓之７,12.05,住,,,1120421,土地1建物1車位1,六層,十五層,住宅大樓(11層含以上有電梯),住家用,鋼筋混凝土造,1150415,95.19,2,2,1,有,有,7860000,92010,坡道平面,24.98,1400000,1預售屋權利轉讓，讓渡日期：113/9/20，讓渡金額：816萬預售屋、或土地及建物分件登記案件；,RPVQNLQLLHLGFFE86DA,41.67,0.0,3.56,有,
橋頭區,房地(土地+建物)+車位,高雄市橋頭區橋新環路９９７號七樓之７,12.05,住,,,1120416,土地1建物1車位1,七層,十五層,住宅大樓(11層含以上有電梯),住家用,鋼筋混凝土造,1150415,95.19,2,2,1,有,有,7700000,92579,坡道平面,24.98,1200000,預售屋、或土地及建物分件登記案件；,RPWQNLQLLHLGFFE96DA,41.67,0.0,3.56,有,
橋頭區,房地(土地+建物)+車位,高雄市橋頭區橋新環路９９５號六樓之６,16.15,住,,,1120424,土地1建物1車位1,六層,十五層,住宅大樓(11層含以上有電梯),住家用,鋼筋混凝土造,1150415,119.12,2,2,2,有,有,10100000,92416,坡道平面,24.98,1400000,預售屋、或土地及建物分件登記案件；,RPROMLKMLHLGFFE28DA,57.52,0.0,3.32,有,
橋頭區,房地(土地+建物)+車位,高雄市橋頭區橋新環路９９１號五樓之５,11.71,住,,,1120426,土地1建物1車位1,五層,十五層,住宅大樓(11層含以上有電梯),住家用,鋼筋混凝土造,1150415,93.18,2,2,1,有,有,7730000,97214,坡道平面,24.98,1100000,1預售屋權利轉讓，讓渡日期：113/5/15，讓渡金額：773萬預售屋、或土地及建物分件登記案件；,RPPPMLPKMHLGFFE58DA,40.29,0.0,3.73,有,
橋頭區,房地(土地+建物)+車位,高雄市橋頭區橋新環路９９１號六樓之５,11.71,住,,,1120420,土地1建物1車位1,六層,十五層,住宅大樓(11層含以上有電梯),住家用,鋼筋混凝土造,1150415,93.18,2,2,1,有,有,7750000,97507,坡道平面,24.98,1100000,預售屋、或土地及建物分件登記案件；,RPQPMLPKMHLGFFE68DA,40.29,0.0,3.73,有,
橋頭區,房地(土地+建物)+車位,高雄市橋頭區橋新環路９８９號二樓之８,18.99,住,,,1120430,土地1建物1車位1,二層,十五層,住宅大樓(11層含以上有電梯),住家用,鋼筋混凝土造,1150415,135.44,3,2,2,有,有,12730000,104382,坡道平面,24.98,1200000,1預售屋權利轉讓，讓渡日期：114/10/27，讓渡金額：1273萬預售屋、或土地及建物分件登記案件；,RPWPMLLLMHLGFFE98DA,68.08,0.0,3.53,有,
橋頭區,房地(土地+建物)+車位,高雄市橋頭區橋新環路９９５號十一樓之６,16.15,住,,,1120426,土地1建物1車位1,十一層,十五層,住宅大樓(11層含以上有電梯),住家用,鋼筋混凝土造,1150415,119.12,2,2,2,有,有,10420000,95815,坡道平面,24.98,1400000,1預售屋權利轉讓，讓渡日期：115/5/14，讓渡金額：1042萬預售屋、或土地及建物分件登記案件；,RPTNMLPKNHLGFFE88DA,57.52,0.0,3.32,有,
仁武區,房地(土地+建物)+車位,高雄市仁武區京富路３２號八樓之９,12.27,住,,,1120427,土地2建物1車位1,八層,十五層,住宅大樓(11層含以上有電梯),住家用,鋼筋混凝土,1150122,93.21000000000001,1,1,2,有,有,8200000,91999,坡道平面,21.47,1600000,1130419讓渡金額895萬    本案為預售屋預售房地面積若有與登記面積誤差其價款或有找補之情事預售屋、或土地及建物分件登記案件；,RPPPMLPKOHLGFIE09DA,43.23,0.0,3.31,有,
仁武區,房地(土地+建物)+車位,高雄市仁武區京富路５８號七樓之９,17.38,住,,,1120429,土地2建物1車位1,七層,十五層,住宅大樓(11層含以上有電梯),住家用,鋼筋混凝土,1150122,122.22999999999999,2,2,2,有,有,10350000,86840,坡道平面,21.47,1600000,預售屋、或土地及建物分件登記案件；,RPRRMLPKOHLGFIE86DA,56.03,0.0,9.46,有,
仁武區,房地(土地+建物)+車位,高雄市仁武區京富路５８號六樓之６,14.0,住,,,1120427,土地2建物1車位1,六層,十五層,住宅大樓(11層含以上有電梯),住家用,鋼筋混凝土,1150122,102.44,2,2,2,有,有,8500000,85217,坡道平面,21.47,1600000,114.03.10讓渡金額900萬元 本案為預售屋預售房地面積若有與登記面積誤差其價款或有找補之情事預售屋、或土地及建物分件登記案件；,RPVNMLRKOHLGFIE07DA,42.3,0.0,10.29,有,
橋頭區,房地(土地+建物)+車位,高雄市橋頭區橋新環路９９５號三樓之７,11.83,住,,,1120430,土地1建物1車位1,三層,十五層,住宅大樓(11層含以上有電梯),住家用,鋼筋混凝土造,1150415,94.11,2,2,1,有,有,7630000,93013,坡道平面,24.98,1200000,1預售屋權利轉讓，讓渡日期：114/11/21，讓渡金額：763萬預售屋、或土地及建物分件登記案件；,RPOQMLKMLHLGFFE18DA,40.96,0.0,3.59,有,
橋頭區,房地(土地+建物)+車位,高雄市橋頭區橋新環路９８９號九樓之６,11.71,住,,,1120417,土地1建物1車位1,九層,十五層,住宅大樓(11層含以上有電梯),住家用,鋼筋混凝土造,1150415,93.18,2,2,1,有,有,7590000,95161,坡道平面,24.98,1100000,1預售屋權利轉讓，讓渡日期：114/4/28，讓渡金額：945萬預售屋、或土地及建物分件登記案件；,RPUNMLLLMHLGFFE58DA,40.29,0.0,3.73,有,
橋頭區,房地(土地+建物)+車位,高雄市橋頭區橋新環路９８９號十一樓之６,11.71,住,,,1120430,土地1建物1車位1,十一層,十五層,住宅大樓(11層含以上有電梯),住家用,鋼筋混凝土造,1150415,93.18,2,2,1,有,有,7770000,96334,坡道平面,24.98,1200000,1預售屋權利轉讓，讓渡日期：114/11/18，讓渡金額：777萬預售屋、或土地及建物分件登記案件；,RPWNMLLLMHLGFFE78DA,40.29,0.0,3.73,有,
橋頭區,房地(土地+建物)+車位,高雄市橋頭區橋新環路９８９號十五樓之１０,11.83,住,,,1120430,土地1建物1車位1,十五層,十五層,住宅大樓(11層含以上有電梯),住家用,鋼筋混凝土造,1150415,94.01,2,2,1,有,有,7560000,93583,坡道平面,24.98,1100000,1預售屋權利轉讓，讓渡日期：114/11/21，讓渡金額：756萬預售屋、或土地及建物分件登記案件；,RPOUMLLLMHLGFFE68DA,40.86,0.0,3.59,有,
橋頭區,房地(土地+建物)+車位,高雄市橋頭區橋新環路９９５號四樓之３,11.71,住,,,1120430,土地1建物1車位1,四層,十五層,住宅大樓(11層含以上有電梯),住家用,鋼筋混凝土造,1150415,93.18,2,2,1,有,有,7520000,92669,坡道平面,24.98,1200000,1預售屋權利轉讓，讓渡日期：114/12/5，讓渡金額：752萬預售屋、或土地及建物分件登記案件；,RPROMLPJOHLGFFE78DA,40.29,0.0,3.73,有,
橋頭區,房地(土地+建物)+車位,高雄市橋頭區橋新環路９９７號四樓之７,12.05,住,,,1120427,土地1建物1車位1,四層,十五層,住宅大樓(11層含以上有電梯),住家用,鋼筋混凝土造,1150415,95.19,2,2,1,有,有,7520000,91440,坡道平面,24.98,1100000,1預售屋權利轉讓，讓渡日期：114/10/23，讓渡金額：810萬預售屋、或土地及建物分件登記案件；,RPTQNLQLLHLGFFE66DA,41.67,0.0,3.56,有,
橋頭區,房地(土地+建物)+車位,高雄市橋頭區橋新環路９９５號十三樓之６,16.15,住,,,1120420,土地1建物1車位1,十三層,十五層,住宅大樓(11層含以上有電梯),住家用,鋼筋混凝土造,1150415,119.12,2,2,2,有,有,10330000,96983,坡道平面,24.98,1200000,預售屋、或土地及建物分件登記案件；,RPUPMLKMLHLGFFE68DA,57.52,0.0,3.32,有,
橋頭區,房地(土地+建物)+車位,高雄市橋頭區橋新環路９９５號五樓之８,16.15,住,,,1120420,土地1建物1車位1,五層,十五層,住宅大樓(11層含以上有電梯),住家用,鋼筋混凝土造,1150415,119.1,2,2,2,有,有,10320000,93710,坡道平面,24.98,1500000,預售屋、或土地及建物分件登記案件；,RPRRMLKMLHLGFFE58DA,57.5,0.0,3.32,有,
橋頭區,房地(土地+建物)+車位,高雄市橋頭區橋新環路９８９號四樓之６,11.71,住,,,1120423,土地1建物1車位1,四層,十五層,住宅大樓(11層含以上有電梯),住家用,鋼筋混凝土造,1150415,93.18,2,2,1,有,有,7380000,92082,坡道平面,24.98,1100000,1預售屋權利轉讓，讓渡日期：113/8/16，讓渡金額：758萬預售屋、或土地及建物分件登記案件；,RPWUMLKLMHLGFFE76DA,40.29,0.0,3.73,有,
橋頭區,房地(土地+建物)+車位,高雄市橋頭區橋新環路９８９號六樓之１０,11.83,住,,,1120417,土地1建物1車位1,六層,十五層,住宅大樓(11層含以上有電梯),住家用,鋼筋混凝土造,1150415,94.01,2,2,1,有,有,7180000,88078,坡道平面,24.98,1100000,1預售屋權利轉讓，讓渡日期：113/7/2，讓渡金額：970萬預售屋、或土地及建物分件登記案件；,RPPTMLLLMHLGFFE68DA,40.86,0.0,3.59,有,
橋頭區,房地(土地+建物)+車位,高雄市橋頭區橋新環路９９５號九樓之８,16.15,住,,,1120422,土地1建物1車位1,九層,十五層,住宅大樓(11層含以上有電梯),住家用,鋼筋混凝土造,1150415,119.1,2,2,2,有,有,10110000,95729,坡道平面,24.98,1100000,1預售屋權利轉讓，讓渡日期：113/4/29，讓渡金額：1190萬預售屋、或土地及建物分件登記案件；,RPWOMLQJNHLGFFE66DA,57.5,0.0,3.32,有,
橋頭區,房地(土地+建物)+車位,高雄市橋頭區橋新環路９９１號七樓之２,11.71,住,,,1120428,土地1建物1車位1,七層,十五層,住宅大樓(11層含以上有電梯),住家用,鋼筋混凝土造,1150415,93.18,2,2,1,有,有,8160000,97654,坡道平面,24.98,1500000,1預售屋權利轉讓，讓渡日期：114/8/1，讓渡金額：886萬預售屋、或土地及建物分件登記案件；,RPPPMLQJNHLGFFE68DA,40.29,0.0,3.73,有,
橋頭區,房地(土地+建物)+車位,高雄市橋頭區橋新環路９９５號七樓之６,16.15,住,,,1120424,土地1建物1車位1,七層,十五層,住宅大樓(11層含以上有電梯),住家用,鋼筋混凝土造,1150415,119.12,2,2,2,有,有,10190000,93372,坡道平面,24.98,1400000,預售屋、或土地及建物分件登記案件；,RPUOMLPJOHLGFFE09DA,57.52,0.0,3.32,有,
橋頭區,房地(土地+建物)+車位,高雄市橋頭區橋新環路９９５號七樓之７,11.83,住,,,1120419,土地1建物1車位1,七層,十五層,住宅大樓(11層含以上有電梯),住家用,鋼筋混凝土造,1150415,94.11,2,2,1,有,有,7750000,94749,坡道平面,24.98,1200000,1預售屋權利轉讓，讓渡日期：113/8/26，讓渡金額：785萬預售屋、或土地及建物分件登記案件；,RPVOMLPJOHLGFFE56DA,40.96,0.0,3.59,有,
橋頭區,房地(土地+建物)+車位,高雄市橋頭區新南一街１４７號八樓,14.74,住,,,1120416,土地1建物1車位1,八層,十五層,住宅大樓(11層含以上有電梯),住家用,鋼筋混凝土造,1150106,124.43,2,2,2,有,有,10600000,81608,坡道平面,17.21,1850000,預售屋、或土地及建物分件登記案件；,RPOQMLRKPHKGFFE98DA,53.72,0.0,14.86,有,
橋頭區,房地(土地+建物)+車位,高雄市橋頭區新南一街１３１號,15.8,住,,,1120416,土地1建物1車位1,一層,十五層,住宅大樓(11層含以上有電梯),住家用,鋼筋混凝土造,1150106,120.94999999999999,0,0,0,無,有,13500000,112300,坡道平面,17.21,1850000,預售屋、或土地及建物分件登記案件；,RPUNMLMJIIKGFFE08DA,66.63,0.0,0.0,有,
橋頭區,房地(土地+建物)+車位,高雄市橋頭區新南一街１５３號十三樓,15.8,住,,,1120327,土地1建物1車位1,十三層,十五層,住宅大樓(11層含以上有電梯),住家用,鋼筋混凝土造,1150106,129.12,2,2,2,有,有,10750000,81315,坡道平面,17.21,1650000,本案為轉讓案件轉讓日期113年12月13日.預售屋、或土地及建物分件登記案件；,RPSNMLOJPHKGFFE68DA,53.99,0.0,17.75,有,
小港區,房地(土地+建物)+車位,高雄市小港區松園六路１１１號五樓,8.87,商,,,1120118,土地1建物1車位1,五層,十七層,住宅大樓(11層含以上有電梯),住家用,鋼筋混凝土,1140829,97.25,2,1,2,有,有,8400000,84894,坡道平面,17.15,1600000,預售屋、或土地及建物分件登記案件；,RPVNMLLLNHLGFCE48DA,47.67,0.0,3.62,有,
橋頭區,房地(土地+建物)+車位,高雄市橋頭區新南一街１５５號十二樓,11.58,住,,,1120115,土地1建物1車位1,十二層,十五層,住宅大樓(11層含以上有電梯),住家用,鋼筋混凝土造,1150106,103.34,2,2,2,有,有,9870000,95437,坡道平面,17.21,1650000,本案為轉讓案件轉讓日期114年9月26日.預售屋、或土地及建物分件登記案件；,RPPOMLMJIIKGFFE67DA,51.25,0.0,3.89,有,
橋頭區,房地(土地+建物)+車位,高雄市橋頭區新南一街１５７號七樓,14.74,住,,,1111221,土地1建物1車位1,七層,十五層,住宅大樓(11層含以上有電梯),住家用,鋼筋混凝土造,1150106,124.43,2,2,2,有,有,10650000,82074,坡道平面,17.21,1850000,本案為轉讓案件轉讓日期113年12月27日.預售屋、或土地及建物分件登記案件；,RPVNMLKMPHKGFFE88DA,53.72,0.0,14.86,有,
新興區,房地(土地+建物)+車位,高雄市新興區中山一路１６號十四樓之１,7.18,都市：其他:第五種商業區,,,1110822,土地2建物1車位1,十四層,三十四層,住宅大樓(11層含以上有電梯),住家用,鋼骨鋼筋混凝土、鋼骨、鋼筋混凝土造,1150121,166.28,3,1,2,有,有,16560000,107456,坡道平面,26.13,1500000,預售屋、或土地及建物分件登記案件；,RPTOMLRJMHLGFBE58DA,63.07,0.0,28.16,有,
三民區,房地(土地+建物)+車位,高雄市三民區民族一路２１８號十七樓之９,6.61,商,,,1110607,土地1建物1車位1,十七層,二十七層,住宅大樓(11層含以上有電梯),住家用,鋼筋混凝土,1150401,134.91,2,1,2,有,有,13680000,107077,坡道平面,25.83,2000000,預售屋、或土地及建物分件登記案件；,RPQOMLPKOHLGFDE58DA,64.73,0.0,7.22,有,
鼓山區,房地(土地+建物)+車位,高雄市鼓山區文信路２９０號十樓,9.18,商,,,1110327,土地1建物1車位1,十層,二十九層,住宅大樓(11層含以上有電梯),住家用,鋼筋混凝土,1141028,162.63,2,1,2,有,有,20580000,134170,坡道平面,27.13,2400000,預售屋、或土地及建物分件登記案件；,RPTNMLRKOHLGFAE68DA,78.14,0.0,11.39,有,
三民區,房地(土地+建物)+車位,高雄市三民區民族一路２１８號十八樓之８,6.61,商,,,1101125,土地1建物1車位1,十八層,二十七層,住宅大樓(11層含以上有電梯),住家用,鋼筋混凝土,1150401,134.91,2,1,2,有,有,12380000,95160,坡道平面,25.83,2000000,111.06.18讓渡金額不變預售屋、或土地及建物分件登記案件；,RPOOMLPKOHLGFDE38DA,64.73,0.0,7.22,有,
三民區,房地(土地+建物)+車位,高雄市三民區民族一路２１８號二十樓之８,6.61,商,,,1101125,土地1建物1車位1,二十層,二十七層,住宅大樓(11層含以上有電梯),住家用,鋼筋混凝土,1150401,134.91,2,1,2,有,有,12460000,94976,坡道平面,25.83,2100000,110.11.25夫妻讓渡金額不變預售屋、或土地及建物分件登記案件；,RPPOMLPKOHLGFDE48DA,64.73,0.0,7.22,有,
三民區,房地(土地+建物)+車位,高雄市三民區民族一路２１８號十七樓之１０,6.61,商,,,1101128,土地1建物1車位1,十七層,二十七層,住宅大樓(11層含以上有電梯),住家用,鋼筋混凝土,1150401,134.91,2,1,2,有,有,12300000,94426,坡道平面,25.83,2000000,113.07.12讓渡金額1240萬預售屋、或土地及建物分件登記案件；,RPSOMLPKOHLGFDE78DA,64.73,0.0,7.22,有,
三民區,房地(土地+建物)+車位,高雄市三民區民族一路２１８號二十三樓之１０,6.61,商,,,1101125,土地1建物1車位1,二十三層,二十七層,住宅大樓(11層含以上有電梯),住家用,鋼筋混凝土,1150401,134.91,2,1,2,有,有,12530000,95618,坡道平面,25.83,2100000,111.06.18讓渡金額不變預售屋、或土地及建物分件登記案件；,RPTOMLPKOHLGFDE88DA,64.73,0.0,7.22,有,
三民區,房地(土地+建物)+車位,高雄市三民區民族一路２１８號七樓之５,5.17,商,,,1101130,土地1建物1車位1,七層,二十七層,住宅大樓(11層含以上有電梯),住家用,鋼筋混凝土,1150401,104.34,1,1,2,有,有,8950000,91217,坡道機械,18.83,1150000,讓渡日期:115年04月20日總價:898萬元整預售屋、或土地及建物分件登記案件；,RPPOMLRKOHLGFDE68DA,50.44,0.0,6.01,有,
三民區,房地(土地+建物)+車位,高雄市三民區民族一路２１８號十六樓之１６,5.26,商,,,1101123,土地1建物1車位1,十六層,二十七層,住宅大樓(11層含以上有電梯),住家用,鋼筋混凝土,1150401,105.72,1,1,2,有,有,8790000,87352,坡道機械,18.83,1200000,讓渡日期:115年06月01日預售屋、或土地及建物分件登記案件；,RPPNMLNLOHLGFDE28DA,53.36,0.0,3.93,有,
鳳山區,房地(土地+建物)+車位,高雄市鳳山區過埤路６１號十四樓之５,16.97,住,,,1101031,土地1建物1車位1,十四層,十五層,住宅大樓(11層含以上有電梯),住家用,鋼筋混凝土,1141226,103.46,2,2,2,有,無,6350000,54803,坡道平面,18.61,1700000,預售屋、或土地及建物分件登記案件；,RPPQMLLKOHLGFGE58DA,51.47,0.0,4.83,有,
新興區,房地(土地+建物),高雄市新興區中山一路１６號六樓之１７,4.76,都市：其他:第五種商業區,,,1101014,土地2建物1車位0,六層,三十四層,住宅大樓(11層含以上有電梯),住家用,鋼骨鋼筋混凝土、鋼骨、鋼筋混凝土造,1150121,86.15,2,1,1,有,有,9150000,106210,,0.0,0,預售屋、或土地及建物分件登記案件；,RPSPMLKKMHLGFBE97DA,43.41,0.0,12.66,有,
新興區,房地(土地+建物),高雄市新興區中山一路１６號二樓之１２,4.34,都市：其他:第五種商業區,,,1101012,土地2建物1車位0,二層,三十四層,住宅大樓(11層含以上有電梯),住家用,鋼骨鋼筋混凝土、鋼骨、鋼筋混凝土造,1150121,82.77,2,1,1,有,有,8730000,105473,,0.0,0,預售屋、或土地及建物分件登記案件；,RPSOMLTLNHLGFBE98DA,47.25,0.0,6.65,有,
新興區,房地(土地+建物)+車位,高雄市新興區中山一路１６號二十五樓之１８,4.57,都市：其他:第五種商業區,,,1100922,土地2建物1車位1,二十五層,三十四層,住宅大樓(11層含以上有電梯),住家用,鋼骨鋼筋混凝土、鋼骨、鋼筋混凝土造,1150121,96.44,2,1,1,有,有,10900000,117926,坡道機械,10.03,710000,另有讓渡 金額1138萬元預售屋、或土地及建物分件登記案件；,RPUNMLPKNHLGFBE58DA,45.34,0.0,10.99,有,
鳳山區,房地(土地+建物)+車位,高雄市鳳山區過埤路６１號十樓之３,18.9,住,,,1100929,土地1建物1車位1,十層,十五層,住宅大樓(11層含以上有電梯),住家用,鋼筋混凝土,1141226,113.28,2,2,2,有,無,7100000,57568,坡道平面,18.61,1650000,轉讓日期:114年6月22日預售屋、或土地及建物分件登記案件；,RPWPMLLKOHLGFGE56DA,56.55,0.0,6.26,有,
新興區,房地(土地+建物)+車位,高雄市新興區中山一路１６號十一樓之２０,5.25,都市：其他:第五種商業區,,,1100922,土地2建物1車位1,十一層,三十四層,住宅大樓(11層含以上有電梯),住家用,鋼骨鋼筋混凝土、鋼骨、鋼筋混凝土造,1150121,125.44,2,1,1,有,有,11720000,104924,坡道平面,26.13,1300000,預售屋、或土地及建物分件登記案件；,RPPOMLTLNHLGFBE68DA,43.9,0.0,20.77,有,
新興區,房地(土地+建物)+車位,高雄市新興區中山一路１６號十九樓之１２,4.34,都市：其他:第五種商業區,,,1100922,土地2建物1車位1,十九層,三十四層,住宅大樓(11層含以上有電梯),住家用,鋼骨鋼筋混凝土、鋼骨、鋼筋混凝土造,1150121,92.78999999999999,2,1,1,有,有,10080000,112131,坡道機械,10.03,800000,另有讓渡 金額1068萬元預售屋、或土地及建物分件登記案件；,RPSSMLKMLHLGFBE38DA,47.25,0.0,6.65,有,
新興區,房地(土地+建物)+車位,高雄市新興區中山一路１６號二十八樓之７,4.6,都市：其他:第五種商業區,,,1100802,土地2建物1車位1,二十八層,三十四層,住宅大樓(11層含以上有電梯),住家用,鋼骨鋼筋混凝土、鋼骨、鋼筋混凝土造,1150121,97.24,2,1,1,有,有,10520000,112487,坡道機械,10.03,710000,另有讓渡預售屋、或土地及建物分件登記案件；,RPPNMLTLLHLGFBE38DA,53.45,0.0,3.38,有,
鳳山區,房地(土地+建物),高雄市鳳山區過埤路６１號四樓之６,18.9,住,,,1100822,土地1建物1車位0,四層,十五層,住宅大樓(11層含以上有電梯),住家用,鋼筋混凝土,1141226,95.12,2,2,2,有,無,5000000,52565,,0.0,0,轉讓日期:114年9月29日預售屋、或土地及建物分件登記案件；,RPQPMLLKOHLGFGE58DA,56.87,0.0,6.25,有,
新興區,房地(土地+建物)+車位,高雄市新興區中山一路１６號五樓之５,4.14,都市：其他:第五種商業區,,,1100819,土地2建物1車位1,五層,三十四層,住宅大樓(11層含以上有電梯),住家用,鋼骨鋼筋混凝土、鋼骨、鋼筋混凝土造,1150121,104.44999999999999,2,1,1,有,有,9200000,103422,坡道平面,26.13,1100000,預售屋、或土地及建物分件登記案件；,RPOOMLPJOHLGFBE08DA,47.93,0.0,3.04,有,
鳳山區,房地(土地+建物),高雄市鳳山區過埤路６１號九樓之５,16.97,住,,,1100630,土地1建物1車位0,九層,十五層,住宅大樓(11層含以上有電梯),住家用,鋼筋混凝土,1141226,84.85,2,2,2,有,無,4550000,53624,,0.0,0,轉讓日期:114年5月14日預售屋、或土地及建物分件登記案件；,RPPOMLSKNHLGFGE98DA,51.47,0.0,4.83,有,
鳳山區,房地(土地+建物)+車位,高雄市鳳山區過埤路５７號五樓之１,23.14,住,,,1100622,土地1建物1車位1,五層,十五層,住宅大樓(11層含以上有電梯),住家用,鋼筋混凝土,1141226,136.29,3,2,2,有,無,7000000,46737,坡道平面,18.61,1500000,預售屋、或土地及建物分件登記案件；,RPOPMLLKOHLGFGE38DA,69.45,0.0,8.63,有,
新興區,房地(土地+建物)+車位,高雄市新興區中山一路１６號九樓之１３,4.44,都市：其他:第五種商業區,,,1100503,土地2建物1車位1,九層,三十四層,住宅大樓(11層含以上有電梯),住家用,鋼骨鋼筋混凝土、鋼骨、鋼筋混凝土造,1150121,94.31,2,1,1,有,有,9160000,99193,坡道機械,10.03,800000,預售屋、或土地及建物分件登記案件；,RPWPMLNJMHLGFBE58DA,46.01,0.0,8.8,有,
新興區,房地(土地+建物)+車位,高雄市新興區中山一路１６號二十樓之１９,6.3,都市：其他:第五種商業區,,,1100510,土地2建物1車位1,二十層,三十四層,住宅大樓(11層含以上有電梯),住家用,鋼骨鋼筋混凝土、鋼骨、鋼筋混凝土造,1150121,145.47,3,1,2,有,有,13930000,105832,坡道平面,26.13,1300000,另有讓渡預售屋、或土地及建物分件登記案件；,RPROMLOJOHLGFBE28DA,64.31,0.0,13.4,有,
新興區,房地(土地+建物),高雄市新興區中山一路１６號十樓之６,4.18,都市：其他:第五種商業區,,,1100401,土地2建物1車位0,十層,三十四層,住宅大樓(11層含以上有電梯),住家用,鋼骨鋼筋混凝土、鋼骨、鋼筋混凝土造,1150121,79.4,2,1,1,有,有,8160000,102771,,0.0,0,另有讓渡預售屋、或土地及建物分件登記案件；,RPUOMLPLLHLGFBE58DA,48.1,0.0,3.65,有,
新興區,房地(土地+建物)+車位,高雄市新興區中山一路１６號三十二樓之６,4.18,都市：其他:第五種商業區,,,1100412,土地2建物1車位1,三十二層,三十四層,住宅大樓(11層含以上有電梯),住家用,鋼骨鋼筋混凝土、鋼骨、鋼筋混凝土造,1150121,89.43,2,1,1,有,有,9850000,113980,坡道機械,10.03,800000,另有讓渡預售屋、或土地及建物分件登記案件；,RPXNMLRJMHLGFBE88DA,48.1,0.0,3.65,有,
新興區,房地(土地+建物)+車位,高雄市新興區中山一路１６號二十七樓之２０,5.25,都市：其他:第五種商業區,,,1100406,土地2建物1車位1,二十七層,三十四層,住宅大樓(11層含以上有電梯),住家用,鋼骨鋼筋混凝土、鋼骨、鋼筋混凝土造,1150121,125.44,2,1,1,有,有,11390000,102608,坡道平面,26.13,1200000,預售屋、或土地及建物分件登記案件；,RPQNMLOKNHLGFBE08DA,43.9,0.0,20.77,有,
新興區,房地(土地+建物),高雄市新興區中山一路１６號三樓之８,4.47,都市：其他:第五種商業區,,,1100401,土地2建物1車位0,三層,三十四層,住宅大樓(11層含以上有電梯),住家用,鋼骨鋼筋混凝土、鋼骨、鋼筋混凝土造,1150121,84.78,2,1,1,有,有,8800000,103798,,0.0,0,另有讓渡預售屋、或土地及建物分件登記案件；,RPOPMLPLLHLGFBE08DA,51.49,0.0,3.82,有,
鼓山區,房地(土地+建物)+車位,高雄市鼓山區文信路２９０號十八樓,9.18,商,,,1100314,土地1建物1車位1,十八層,二十九層,住宅大樓(11層含以上有電梯),住家用,鋼筋混凝土,1141028,162.63,2,1,2,有,有,15660000,99336,坡道平面,27.13,2200000,預售屋、或土地及建物分件登記案件；,RPUNMLRKOHLGFAE78DA,78.14,0.0,11.39,有,
新興區,房地(土地+建物),高雄市新興區中山一路１６號四樓之６,4.18,都市：其他:第五種商業區,,,1100308,土地2建物1車位0,四層,三十四層,住宅大樓(11層含以上有電梯),住家用,鋼骨鋼筋混凝土、鋼骨、鋼筋混凝土造,1150121,79.4,2,1,1,有,有,8110000,102141,,0.0,0,另有讓渡預售屋、或土地及建物分件登記案件；,RPSOMLLLMHLGFBE08DA,48.1,0.0,3.65,有,
新興區,房地(土地+建物),高雄市新興區中山一路１６號二十樓之１６,4.37,都市：其他:第五種商業區,,,1100322,土地2建物1車位0,二十層,三十四層,住宅大樓(11層含以上有電梯),住家用,鋼骨鋼筋混凝土、鋼骨、鋼筋混凝土造,1150121,83.04,2,1,1,有,有,8770000,105612,,0.0,0,另有讓渡預售屋、或土地及建物分件登記案件；,RPOOMLNKMHLGFBE77DA,46.28,0.0,7.89,有,
新興區,房地(土地+建物)+車位,高雄市新興區中山一路１６號二十九樓之７,4.6,都市：其他:第五種商業區,,,1100315,土地2建物1車位1,二十九層,三十四層,住宅大樓(11層含以上有電梯),住家用,鋼骨鋼筋混凝土、鋼骨、鋼筋混凝土造,1150121,97.24,2,1,1,有,有,10800000,112946,坡道機械,10.03,950000,另有讓渡 金額1160萬元預售屋、或土地及建物分件登記案件；,RPPPMLKKMHLGFBE67DA,53.45,0.0,3.38,有,
鳳山區,房地(土地+建物)+車位,高雄市鳳山區過埤路６１號二樓之８,23.14,住,,,1100306,土地1建物1車位1,二層,十五層,住宅大樓(11層含以上有電梯),住家用,鋼筋混凝土,1141226,135.96,3,2,2,有,無,7000000,46016,坡道平面,18.61,1600000,預售屋、或土地及建物分件登記案件；,RPXNMLOLOHLGFGE86DA,69.09,0.0,8.77,有,
新興區,房地(土地+建物),高雄市新興區中山一路１６號十四樓之８,4.47,都市：其他:第五種商業區,,,1100201,土地2建物1車位0,十四層,三十四層,住宅大樓(11層含以上有電梯),住家用,鋼骨鋼筋混凝土、鋼骨、鋼筋混凝土造,1150121,84.78,2,1,1,有,有,9090000,107219,,0.0,0,另有讓渡金額939萬元預售屋、或土地及建物分件登記案件；,RPQQMLPLLHLGFBE38DA,51.49,0.0,3.82,有,
新興區,房地(土地+建物)+車位,高雄市新興區中山一路１６號十二樓之１１,5.22,都市：其他:第五種商業區,,,1100217,土地2建物1車位1,十二層,三十四層,住宅大樓(11層含以上有電梯),住家用,鋼骨鋼筋混凝土、鋼骨、鋼筋混凝土造,1150121,124.8,2,1,1,有,有,11980000,108240,坡道平面,26.13,1300000,另有讓渡預售屋、或土地及建物分件登記案件；,RPOVMLTLLHLGFBE09DA,51.34,0.0,12.99,有,
新興區,房地(土地+建物),高雄市新興區中山一路１６號十三樓之７,4.6,都市：其他:第五種商業區,,,1100217,土地2建物1車位0,十三層,三十四層,住宅大樓(11層含以上有電梯),住家用,鋼骨鋼筋混凝土、鋼骨、鋼筋混凝土造,1150121,87.22,2,1,1,有,有,9330000,106971,,0.0,0,另有讓渡預售屋、或土地及建物分件登記案件；,RPOSMLNJMHLGFBE08DA,53.45,0.0,3.38,有,
鳳山區,房地(土地+建物),高雄市鳳山區過埤路６１號二樓之５,16.97,住,,,1100226,土地1建物1車位0,二層,十五層,住宅大樓(11層含以上有電梯),住家用,鋼筋混凝土,1141226,84.85,2,2,2,有,無,3980000,46906,,0.0,0,轉讓日期:111年5月10日新台幣530萬元整轉讓日期:114年10月24日預售屋、或土地及建物分件登記案件；,RPOOMLOLOHLGFGE68DA,51.47,0.0,4.83,有,
新興區,房地(土地+建物),高雄市新興區中山一路１６號八樓之８,4.47,都市：其他:第五種商業區,,,1100128,土地2建物1車位0,八層,三十四層,住宅大樓(11層含以上有電梯),住家用,鋼骨鋼筋混凝土、鋼骨、鋼筋混凝土造,1150121,84.78,2,1,1,有,有,8910000,105096,,0.0,0,另有讓渡預售屋、或土地及建物分件登記案件；,RPRPMLPLLHLGFBE38DA,51.49,0.0,3.82,有,
新興區,房地(土地+建物)+車位,高雄市新興區中山一路１６號九樓之９,4.44,都市：其他:第五種商業區,,,1100125,土地2建物1車位1,九層,三十四層,住宅大樓(11層含以上有電梯),住家用,鋼骨鋼筋混凝土、鋼骨、鋼筋混凝土造,1150121,94.25,2,1,1,有,有,9540000,101995,坡道機械,10.03,950000,預售屋、或土地及建物分件登記案件；,RPWPMLLJMHLGFBE38DA,47.51,0.0,7.24,有,
鳳山區,房地(土地+建物)+車位,高雄市鳳山區過埤路５７號九樓之１,23.14,住,,,1100123,土地1建物1車位1,九層,十五層,住宅大樓(11層含以上有電梯),住家用,鋼筋混凝土,1141226,136.29,3,2,2,有,無,6660000,45122,坡道平面,18.61,1350000,預售屋、或土地及建物分件登記案件；,RPWOMLLKOHLGFGE09DA,69.45,0.0,8.63,有,
鳳山區,房地(土地+建物),高雄市鳳山區過埤路５７號二樓之３,18.9,住,,,1100125,土地1建物1車位0,二層,十五層,住宅大樓(11層含以上有電梯),住家用,鋼筋混凝土,1141226,94.65,2,2,2,有,無,4400000,46487,,0.0,0,預售屋、或土地及建物分件登記案件；,RPXOMLLKOHLGFGE56DA,56.55,0.0,6.26,有,
鳳山區,房地(土地+建物)+車位,高雄市鳳山區過埤路６１號八樓之７,16.97,住,,,1100109,土地1建物1車位1,八層,十五層,住宅大樓(11層含以上有電梯),住家用,鋼筋混凝土,1141226,103.44,2,2,2,有,無,5100000,44206,坡道平面,18.61,1350000,預售屋、或土地及建物分件登記案件；,RPPPMLLKOHLGFGE48DA,51.76,0.0,4.52,有,
新興區,房地(土地+建物)+車位,高雄市新興區中山一路１６號三十三樓之１,7.18,都市：其他:第五種商業區,,,1100125,土地2建物1車位1,三十三層,三十四層,住宅大樓(11層含以上有電梯),住家用,鋼骨鋼筋混凝土、鋼骨、鋼筋混凝土造,1150121,166.28,3,1,2,有,有,17500000,114163,坡道平面,26.13,1500000,另有讓渡預售屋、或土地及建物分件登記案件；,RPPOMLTLLHLGFBE48DA,63.07,0.0,28.16,有,
新興區,房地(土地+建物)+車位,高雄市新興區中山一路１６號十八樓之９,4.44,都市：其他:第五種商業區,,,1100125,土地2建物1車位1,十八層,三十四層,住宅大樓(11層含以上有電梯),住家用,鋼骨鋼筋混凝土、鋼骨、鋼筋混凝土造,1150121,94.25,2,1,1,有,有,10100000,108644,坡道機械,10.03,950000,另有讓渡預售屋、或土地及建物分件登記案件；,RPPNMLMJMHLGFBE57DA,47.51,0.0,7.24,有,
新興區,房地(土地+建物)+車位,高雄市新興區中山一路１６號二十樓之５,4.14,都市：其他:第五種商業區,,,1091228,土地2建物1車位1,二十層,三十四層,住宅大樓(11層含以上有電梯),住家用,鋼骨鋼筋混凝土、鋼骨、鋼筋混凝土造,1150121,88.34,2,1,1,有,有,9450000,108543,坡道機械,10.03,950000,預售屋、或土地及建物分件登記案件；,RPROMLLLMHLGFBE97DA,47.93,0.0,3.04,有,
鳳山區,房地(土地+建物)+車位,高雄市鳳山區過埤路６１號六樓之８,23.14,住,,,1091210,土地1建物1車位1,六層,十五層,住宅大樓(11層含以上有電梯),住家用,鋼筋混凝土,1141226,135.96,3,2,2,有,無,6280000,43289,坡道平面,18.61,1200000,預售屋、或土地及建物分件登記案件；,RPRPMLMJOHLGFGE68DA,69.09,0.0,8.77,有,
鳳山區,房地(土地+建物)+車位,高雄市鳳山區過埤路５７號八樓之２,16.97,住,,,1091208,土地1建物1車位1,八層,十五層,住宅大樓(11層含以上有電梯),住家用,鋼筋混凝土,1141226,104.78,2,2,2,有,無,5000000,44099,坡道平面,18.61,1200000,轉讓日期:111年4月13日轉讓金額:新台幣610萬元整預售屋、或土地及建物分件登記案件；,RPQOMLLKOHLGFGE48DA,53.58,0.0,3.61,有,
鳳山區,房地(土地+建物)+車位,高雄市鳳山區過埤路５７號三樓之３,18.9,住,,,1091213,土地1建物1車位1,三層,十五層,住宅大樓(11層含以上有電梯),住家用,鋼筋混凝土,1141226,113.27000000000001,2,2,2,有,無,5050000,41728,坡道平面,18.61,1100000,預售屋、或土地及建物分件登記案件；,RPUOMLLKOHLGFGE88DA,56.55,0.0,6.26,有,
鳳山區,房地(土地+建物)+車位,高雄市鳳山區過埤路５７號九樓之３,18.9,住,,,1091205,土地1建物1車位1,九層,十五層,住宅大樓(11層含以上有電梯),住家用,鋼筋混凝土,1141226,113.27000000000001,2,2,2,有,無,5400000,44369,坡道平面,18.61,1200000,預售屋、或土地及建物分件登記案件；,RPVOMLLKOHLGFGE98DA,56.55,0.0,6.26,有,
新興區,房地(土地+建物)+車位,高雄市新興區中山一路１６號十七樓之１１,5.22,都市：其他:第五種商業區,,,1091225,土地2建物1車位1,十七層,三十四層,住宅大樓(11層含以上有電梯),住家用,鋼骨鋼筋混凝土、鋼骨、鋼筋混凝土造,1150121,124.8,2,1,1,有,有,12400000,111483,坡道平面,26.13,1400000,另有讓渡預售屋、或土地及建物分件登記案件；,RPRUMLKMLHLGFBE48DA,51.34,0.0,12.99,有,
新興區,房地(土地+建物)+車位,高雄市新興區中山一路１６號二十九樓之８,4.47,都市：其他:第五種商業區,,,1091221,土地2建物1車位1,二十九層,三十四層,住宅大樓(11層含以上有電梯),住家用,鋼骨鋼筋混凝土、鋼骨、鋼筋混凝土造,1150121,110.92,2,1,1,有,有,10660000,112749,坡道平面,26.13,1100000,另有讓渡金額1286萬元預售屋、或土地及建物分件登記案件；,RPQOMLQLLHLGFBE28DA,51.49,0.0,3.82,有,
新興區,房地(土地+建物)+車位,高雄市新興區中山一路１６號二十二樓之１１,5.22,都市：其他:第五種商業區,,,1091215,土地2建物1車位1,二十二層,三十四層,住宅大樓(11層含以上有電梯),住家用,鋼骨鋼筋混凝土、鋼骨、鋼筋混凝土造,1150121,124.8,2,1,1,有,有,12510000,113611,坡道平面,26.13,1300000,另有讓渡預售屋、或土地及建物分件登記案件；,RPQVMLKMLHLGFBE48DA,51.34,0.0,12.99,有,
新興區,房地(土地+建物)+車位,高雄市新興區中山一路１６號七樓之９,4.44,都市：其他:第五種商業區,,,1091207,土地2建物1車位1,七層,三十四層,住宅大樓(11層含以上有電梯),住家用,鋼骨鋼筋混凝土、鋼骨、鋼筋混凝土造,1150121,110.36,2,1,1,有,有,9880000,104238,坡道平面,26.13,1100000,預售屋、或土地及建物分件登記案件；,RPTPMLLJMHLGFBE08DA,47.51,0.0,7.24,有,
新興區,房地(土地+建物)+車位,高雄市新興區中山一路１６號二十五樓之２,4.4,都市：其他:第五種商業區,,,1091214,土地2建物1車位1,二十五層,三十四層,住宅大樓(11層含以上有電梯),住家用,鋼骨鋼筋混凝土、鋼骨、鋼筋混凝土造,1150121,114.93,2,1,1,有,有,11180000,110135,坡道平面,26.13,1400000,另有讓渡預售屋、或土地及建物分件登記案件；,RPXNMLLLMHLGFBE48DA,41.43,0.0,16.38,有,
鳳山區,房地(土地+建物)+車位,高雄市鳳山區過埤路６１號五樓之１,23.14,住,,,1091219,土地1建物1車位1,五層,十五層,住宅大樓(11層含以上有電梯),住家用,鋼筋混凝土,1141226,136.3,3,2,2,有,無,6300000,43334,坡道平面,18.61,1200000,轉讓日期:114年6月17日預售屋、或土地及建物分件登記案件；,RPXNMLNLOHLGFGE76DA,69.45,0.0,8.63,有,
鳳山區,房地(土地+建物)+車位,高雄市鳳山區過埤路５７號十樓之８,23.14,住,,,1091220,土地1建物1車位1,十層,十五層,住宅大樓(11層含以上有電梯),住家用,鋼筋混凝土,1141226,135.96,3,2,2,有,無,6330000,42011,坡道平面,18.61,1400000,讓與日期:114年8月21日預售屋、或土地及建物分件登記案件；,RPWNMLOLOHLGFGE76DA,69.09,0.0,8.77,有,
新興區,房地(土地+建物)+車位,高雄市新興區中山一路１６號三十三樓之１１,5.22,都市：其他:第五種商業區,,,1091123,土地2建物1車位1,三十三層,三十四層,住宅大樓(11層含以上有電梯),住家用,鋼骨鋼筋混凝土、鋼骨、鋼筋混凝土造,1150121,124.8,2,1,1,有,有,13150000,117057,坡道平面,26.13,1600000,預售屋、或土地及建物分件登記案件；,RPWNMLLMLHLGFBE38DA,51.34,0.0,12.99,有,
新興區,房地(土地+建物)+車位,高雄市新興區中山一路１６號十三樓之１０,3.91,都市：其他:第五種商業區,,,1091124,土地2建物1車位1,十三層,三十四層,住宅大樓(11層含以上有電梯),住家用,鋼骨鋼筋混凝土、鋼骨、鋼筋混凝土造,1150121,100.21000000000001,2,1,1,有,有,9200000,107991,坡道平面,26.13,1200000,預售屋、或土地及建物分件登記案件；,RPSOMLLMLHLGFBE08DA,44.79,0.0,3.46,有,
鳳山區,房地(土地+建物),高雄市鳳山區國興街２巷３６號,1205.0,住,,,1071228,土地1建物1車位0,全,一層,透天厝,其他,鋼筋混凝土造,0861220,445.35,4,0,2,有,無,40736000,91470,,0.0,0,協議價購；,RPQNMLPKNHLGFGE78EA,445.35,0.0,0.0,無,
