編號,土地位置,土地移轉面積平方公尺,使用分區或編定,權利人持分分母,權利人持分分子,移轉情形,地號
The serial number, land position,land shifting area square meter,the use zoning or compiles and checks,,,,land parcel
RPROMLMKOHLGFCE28DA,大林段,54.58,都市：其他:第二種住宅區,48,4,持分移轉,05380000
RPPNMLKKOHLGFCE77DA,店鎮段,28.00,都市：其他:第五種住宅區,1,1,全筆移轉,07110000
RPPNMLSKOHLGFJE66DA,玉湖段,24.44,都市：其他:住宅區,6,1,持分移轉,06770000
RPPNMLSKOHLGFJE66DA,玉湖段,20.70,都市：其他:道路用地,6,1,持分移轉,06770001
RPPNMLSKOHLGFJE66DA,玉湖段,2.31,都市：其他:道路用地,6,1,持分移轉,06770002
RPPNMLSKOHLGFJE66DA,玉湖段,20.72,都市：其他:住宅區,6,1,持分移轉,06790000
RPPNMLSKOHLGFJE66DA,玉湖段,7.66,都市：其他:道路用地,6,1,持分移轉,06790001
RPTNMLNJOHLGFJE09DA,文忠段,1.10,非都市：一般農業區 ; 非都市編定：農牧用地,560,1,持分移轉,01590000
RPTNMLNJOHLGFJE09DA,文忠段,.30,非都市：一般農業區 ; 非都市編定：農牧用地,560,1,持分移轉,01600000
RPPNMLSKOHLGFJE66DA,玉湖段,1.95,都市：其他:道路用地,6,1,持分移轉,06790002
RPTNMLNJOHLGFJE09DA,文忠段,6.16,非都市：一般農業區 ; 非都市編定：農牧用地,280,1,持分移轉,02550000
RPPNMLSKOHLGFJE66DA,玉湖段,21.54,都市：其他:住宅區,6,1,持分移轉,06800000
RPTNMLNJOHLGFJE09DA,文忠段,4.45,非都市：一般農業區 ; 非都市編定：農牧用地,280,1,持分移轉,02560000
RPPNMLSKOHLGFJE66DA,玉湖段,.68,都市：其他:道路用地,6,1,持分移轉,06800001
RPTNMLNJOHLGFJE09DA,文忠段,.45,非都市：一般農業區 ; 非都市編定：農牧用地,280,1,持分移轉,02570000
RPTNMLNJOHLGFJE09DA,文忠段,.98,非都市：一般農業區 ; 非都市編定：農牧用地,2660,3,持分移轉,02930000
RPPNMLSKOHLGFJE66DA,玉湖段,9.48,都市：其他:住宅區,6,1,持分移轉,06810000
RPQNMLKKOHLGFJE58DA,社東段,708.26,都市：其他:農業區,3290,730,持分移轉,00730000
RPPNMLSKOHLGFJE66DA,玉湖段,1.74,都市：其他:道路用地,6,1,持分移轉,06810001
RPSOMLLKOHLGFEE48DA,芎蕉段,9.81,都市：其他:住宅區(特),100000,328,持分移轉,02150003
RPRNMLRKOHLGFJE76DA,北嶺段,191.99,非都市：一般農業區 ; 非都市編定：交通用地,3,1,持分移轉,01860000
RPRNMLRKOHLGFJE76DA,北嶺段,46.85,非都市：一般農業區 ; 非都市編定：交通用地,3,1,持分移轉,01860001
RPRNMLRKOHLGFJE76DA,北嶺段,58.11,非都市：一般農業區 ; 非都市編定：交通用地,3,1,持分移轉,01860003
RPRNMLRKOHLGFJE76DA,北嶺段,28.28,非都市：一般農業區 ; 非都市編定：交通用地,3,1,持分移轉,01860005
RPRNMLRKOHLGFJE76DA,北嶺段,127.77,非都市：一般農業區 ; 非都市編定：交通用地,3,1,持分移轉,01860006
RPPNMLRKOHLGFDE58DA,大港段,25.25,都市：其他:第五種住宅區,1464,18,持分移轉,35900000
RPXNMLNJOHLGFDE88DA,大港段七小段,5.44,都市：其他:第二種商業區,10000,72,持分移轉,06750002
RPUNMLTJOHLGFDE56DA,中都段二小段,13.92,都市：其他:第四種住宅區,1,1,全筆移轉,04680008
RPVOMLTJOHLGFFE96DA,三仙段,37.25,非都市：特定農業區 ; 非都市編定：農牧用地,60,1,持分移轉,07880000
RPVOMLTJOHLGFFE96DA,三仙段,35.62,非都市：特定農業區 ; 非都市編定：農牧用地,30,1,持分移轉,07900000
RPQNMLTJOHLGFFE98DA,蚵寮段,282.15,非都市：鄉村區 ; 非都市編定：乙種建築用地,581460000,35460250,持分移轉,16930000
RPPNMLTJOHLGFFE88DA,蚵寮段,213.61,非都市：鄉村區 ; 非都市編定：乙種建築用地,13860000,690585,持分移轉,07270000
RPPNMLRKOHLGFHE98DA,新大林段,222.36,非都市：特定農業區 ; 非都市編定：甲種建築用地,1,1,全筆移轉,08140000
RPQNMLQKOHLGFCE48DA,龍鳳段,91.00,都市：其他:第二種住宅區,1,1,全筆移轉,01710002
RPPNMLRKOHLGFHE98DA,新大林段,17.06,非都市：特定農業區 ; 非都市編定：甲種建築用地,1,1,全筆移轉,08150000
RPXNMLQKOHLGFDE66DA,三塊厝段一小段,7.81,都市：其他:第四種商業區,10000,34,持分移轉,10850000
RPQNMLLLOHLGFFE38DA,仕豐段,27.23,都市：其他:住宅區,10000,74,持分移轉,03460000
RPPOMLQKOHLGFDE58DA,獅頭段,.90,都市：其他:第四種商業區,10200000,2072,持分移轉,26560000
RPPNMLOKOHLGFCE18DA,鳳林段,17.86,都市：其他:第二種住宅區,84,15,持分移轉,00610000
RPPNMLOKOHLGFCE18DA,鳳林段,13.36,都市：其他:第二種住宅區,168,5,持分移轉,00680000
RPPNMLOKOHLGFCE18DA,鳳林段,36.07,都市：其他:第二種住宅區,84,15,持分移轉,00750000
RPPNMLQKOHLGFLE76EA,邱厝坪段,96.08,都市：其他:農業區,1,1,全筆移轉,07050001
RPRNMLMKOHLGFCE18DA,獅甲段,1.13,都市：其他:第五種商業區,10000,11,持分移轉,03300000
RPRNMLMKOHLGFCE18DA,獅甲段,3.56,都市：其他:第三種特定商業專用區,10000,11,持分移轉,03310000
RPSNMLLJOHLGFIE68DA,澄清段,36.25,都市：其他:第三種住宅區。,48,5,持分移轉,00840005
RPUOMLMKOHLGFCE58DA,青島段三小段,18.15,都市：其他:第五種住宅區,10000,351,持分移轉,14160000
RPQNMLRKOHLGFAE38DA,內惟段三小段,53.88,都市：其他:特商三,1,1,全筆移轉,03900001
RPRNMLKKOHLGFEE18DA,楠都段一小段,94.00,都市：其他:第三種商業區,1,1,全筆移轉,01290000
RPRNMLKKOHLGFEE18DA,楠都段一小段,6.00,都市：其他:第三種商業區,1,1,全筆移轉,01300000
RPQNMLMKOHLGFIE68DA,慈惠段,14.41,都市：其他:第三種住宅區。,10000,31,持分移轉,10310000
RPRNMLRKOHLGFDE78DA,義民段,2.55,都市：其他:第四種商業區,10000,76,持分移轉,09170000
RPRNMLRKOHLGFDE78DA,義民段,.19,都市：其他:第四種商業區,10000,76,持分移轉,09180000
RPRNMLRKOHLGFDE78DA,義民段,.06,都市：其他:第四種商業區,10000,76,持分移轉,09200001
RPRNMLRKOHLGFDE78DA,義民段,2.01,都市：其他:第四種商業區,10000,76,持分移轉,09290000
RPRNMLRKOHLGFDE78DA,義民段,.59,都市：其他:第四種商業區,10000,76,持分移轉,09300000
RPQNMLRKOHLGFCE68EA,龍鳳段,41.00,都市：其他:第二種住宅區,1,1,全筆移轉,00550000
RPRPMLKKOHLGFEE38DA,果貿段,13.74,都市：其他:第五種住宅區,10000,21,持分移轉,01770009
RPPNMLRKOHLGFCE58EA,大林段,58.80,都市：其他:第二種住宅區,5,3,持分移轉,01550000
RPPOMLQKOHLGFCE48DA,光華段一小段,5.52,都市：其他:第五種住宅區,10000,214,持分移轉,20210001
RPWOMLRKOHLGFEE86DA,楠都段二小段,89.00,都市：其他:第三種住宅區。,1,1,全筆移轉,03890005
RPRNMLPKOHLGFFE78DA,大紅段,8.50,都市：其他:人行步道,4,1,持分移轉,02090001
RPRNMLPKOHLGFFE78DA,大紅段,65.50,都市：其他:道路用地,4,1,持分移轉,02150004
RPRNMLPKOHLGFFE78DA,後紅段,3.20,都市：其他:廣場用地,1503125,200613,持分移轉,03280004
RPRNMLPKOHLGFFE78DA,大紅段,40.75,都市：其他:道路用地,4,1,持分移轉,05230001
RPRNMLPKOHLGFFE78DA,大紅段,42.25,都市：其他:道路用地,4,1,持分移轉,05260000
RPRNMLPKOHLGFFE78DA,大紅段,187.75,都市：其他:道路用地,4,1,持分移轉,05280000
RPRNMLPKOHLGFFE78DA,大紅段,.25,都市：其他:人行步道,4,1,持分移轉,05280001
RPRNMLPKOHLGFFE78DA,大紅段,1.50,都市：其他:人行步道,4,1,持分移轉,05280002
RPRNMLPKOHLGFFE78DA,大紅段,.75,都市：其他:道路用地,4,1,持分移轉,05300000
RPRNMLPKOHLGFFE78DA,大紅段,110.25,都市：其他:道路用地,4,1,持分移轉,05340000
RPRNMLPKOHLGFFE78DA,大紅段,2.25,都市：其他:人行步道,4,1,持分移轉,05340001
RPRNMLPKOHLGFFE78DA,大紅段,82.50,都市：其他:人行步道,4,1,持分移轉,06710000
RPRNMLPKOHLGFFE78DA,大紅段,.50,都市：其他:道路用地,4,1,持分移轉,06710001
RPRNMLPKOHLGFFE78DA,大紅段,22.25,都市：其他:人行步道,4,1,持分移轉,06940000
RPPPMLKKOHLGFEE18DA,果貿段,13.74,都市：其他:第五種住宅區,10000,21,持分移轉,01770009
RPWNMLKKOHLGFBE38DA,苓洲段,6.44,都市：其他:第五種商業區,10000,62,持分移轉,17920000
RPTNMLQKOHLGFLE07DA,永芳壹段,58.47,都市：其他:道路用地,1,1,全筆移轉,01240000
RPRNMLRKOHLGFLE96DA,六合段,343.42,都市：其他:農業區,2400,385,持分移轉,06680000
RPWNMLPKOHLGFBE88DA,苓雅寮段,4.54,都市：其他:第五種商業區,10000,60,持分移轉,08210000
RPXOMLSKOHLGFBE76DA,林聖段,21.80,都市：其他:第三種住宅區。,10,1,持分移轉,12120000
RPSOMLSKOHLGFBE88DA,新興段四小段,6.21,都市：其他:第二種商業區,10000,138,持分移轉,03200000
RPSOMLSKOHLGFBE88DA,新興段四小段,.44,都市：其他:道路用地,10000,138,持分移轉,03200001
RPPNMLSKOHLGFHE09DA,中正段,608.73,非都市：特定農業區 ; 非都市編定：甲種建築用地,1,1,全筆移轉,12110000
RPRNMLSKOHLGFEE98DA,右昌段六小段,27.27,都市：其他:第三種住宅區。,1000,101,持分移轉,16840000
RPSPMLKKOHLGFEE48DA,果貿段,13.74,都市：其他:第五種住宅區,10000,21,持分移轉,01770009
RPRNMLOJOHLGFBE18DA,五塊厝段四小段,39.50,都市：其他:第二種住宅區,10000,513,持分移轉,27250001
RPSNMLLKOHLGFJE88DA,劉家段,158.49,非都市：一般農業區 ; 非都市編定：養殖用地,9000,200,持分移轉,04230000
RPQNMLSKOHLGFBE58DA,新興段四小段,68.00,都市：其他:第五種商業區,1,1,全筆移轉,07560000
RPQNMLSKOHLGFBE58DA,新興段四小段,13.00,都市：其他:道路用地,1,1,全筆移轉,07560001
RPRNMLSKOHLGFBE68DA,新興段四小段,68.00,都市：其他:第五種商業區,1,1,全筆移轉,07570000
RPOOMLOJOHLGFFE38DA,大舍段,92.86,非都市：鄉村區 ; 非都市編定：乙種建築用地,6,2,持分移轉,02690000
RPQNMLNLOHLGFFE58DA,燕北段,47.46,非都市：一般農業區 ; 非都市編定：農牧用地,100,5,持分移轉,01300004
RPQNMLSKOHLGFLE96DA,赤崁段潮州寮小段,325.00,都市：其他:農業區,1,1,全筆移轉,61000002
RPRNMLNLOHLGFEE58DA,左南段,49.00,都市：其他:第三種住宅區。,1,1,全筆移轉,07030028
RPPNMLNLOHLGFIE78DA,愛源段,479.66,都市：其他:第三種住宅區。,1,1,全筆移轉,00780000
RPSNMLNLOHLGFJE56DA,慈濟段,94.05,都市：其他:第一種住宅區,1,1,全筆移轉,05440000
RPVNMLSKOHLGFIE17DA,澄清段,216.75,都市：其他:第二種住宅區,4,1,持分移轉,00770020
RPRNMLOLOHLGFAE28DA,青海段,24.95,都市：其他:特定第五種住宅區,100000,968,持分移轉,02620000
RPUNMLLKOHLGFGE78DA,鳳翔段,32.56,都市：其他:第二之三種住宅區,16,1,持分移轉,01390017
RPUNMLLKOHLGFGE78DA,鳳翔段,91.52,都市：其他:第二之三種住宅區,1,1,全筆移轉,01390026
RPUNMLLKOHLGFGE78DA,鳳翔段,.75,都市：其他:第二之三種住宅區,16,1,持分移轉,01390027
RPUNMLPJOHLGFGE09DA,永豐段,52.85,都市：其他:住宅區,1,1,全筆移轉,05620000
RPQOMLTJOHLGFCE78DA,鳳林段,115.00,都市：其他:第二種住宅區,40,8,持分移轉,11410000
RPQNMLNLOHLGFGE68DA,七老爺段一甲小段,11.80,都市：其他:第三之一種住宅區,10000,64,持分移轉,10950005
RPPOMLSKOHLGFGE09DA,七老爺段,20.20,都市：其他:第三之一種住宅區,10000,260,持分移轉,02950001
RPPNMLOLOHLGFJE09EA,正順段,79.11,都市：其他:住宅區(附),20,7,持分移轉,08660002
RPXNMLKKOHLGFGE98DA,埤頂段,12.50,都市：其他:第三之一種住宅區,4,1,持分移轉,21520008
RPTNMLLKOHLGFBE18DA,林聖段,188.00,都市：其他:第四種住宅區,1,1,全筆移轉,03340001
RPWNMLNLOHLGFBE78DA,成功段,2.27,都市：其他:第三種特定商業專用區,1,1,全筆移轉,01780005
SPWNMLNLOHLGFBE88DA,成功段,21.04,都市：其他:第三種特定商業專用區,1,1,全筆移轉,01790000
RPQNMLRKOHLGFCE58DA,鳳林段,8.08,都市：其他:第二種住宅區,12,1,持分移轉,12300000
RPQNMLRKOHLGFCE58DA,鳳林段,9.25,都市：其他:第二種住宅區,12,1,持分移轉,12370000
RPQNMLRKOHLGFCE58DA,鳳林段,2.30,都市：其他:第二種住宅區,60,1,持分移轉,12400000
RPQNMLRKOHLGFCE58DA,鳳林段,5.50,都市：其他:第二種住宅區,12,1,持分移轉,12410000
RPQNMLRKOHLGFCE58DA,鳳林段,5.58,都市：其他:第二種住宅區,12,1,持分移轉,12430000
TPWNMLNLOHLGFBE98DA,成功段,5.96,都市：其他:第三種特定商業專用區,1,1,全筆移轉,01790001
RPSOMLNLOHLGFBE48DA,五塊厝段三小段,.48,都市：其他:第三種住宅區。,100000,27,持分移轉,26170000
RPTNMLPLOHLGFFE09DA,文賢段,125.17,都市：其他:住宅區,100000,228,持分移轉,06530000
RPPNMLTKOHLGFGE09DA,大庄段,218.96,非都市：特定農業區 ; 非都市編定：農牧用地,1,1,全筆移轉,09870000
RPPNMLTKOHLGFGE09DA,大庄段,1736.23,都市：其他:農業區,1,1,全筆移轉,09920000
RPXOMLMJOHLGFDE88DA,三塊厝段一小段,3.31,都市：其他:第四種商業區,100000,191,持分移轉,10850001
RPXNMLRKOHLGFFE96DA,文賢段,33.41,都市：其他:住宅區,100000,88,持分移轉,09360000
RPPNMLSKOHLGFIE56DA,仁新段,82.00,都市：其他:住宅區,1,1,全筆移轉,04400007
RPQNMLMLOHLGFHE68DA,雙坑段,3532.67,非都市：山坡地保育區 ; 非都市編定：農牧用地,50160,660,持分移轉,07400000
RPQNMLMLOHLGFHE68DA,雙坑段,22.78,非都市：山坡地保育區 ; 非都市編定：農牧用地,50160,660,持分移轉,10450000
RPSNMLRKOHLGFLE07DA,六合段,24.16,都市：其他:農業區,16128,182,持分移轉,06680000
RPQNMLMLOHLGFHE68DA,雙坑段,11.87,非都市：山坡地保育區 ; 非都市編定：農牧用地,50160,660,持分移轉,10460000
RPQNMLMLOHLGFHE68DA,雙坑段,7.14,非都市：山坡地保育區 ; 非都市編定：丙種建築用地,50160,660,持分移轉,10470000
RPQNMLMLOHLGFHE68DA,雙坑段,7.19,非都市：山坡地保育區 ; 非都市編定：農牧用地,50160,660,持分移轉,10480000
RPQNMLMLOHLGFHE68DA,雙坑段,4.62,非都市：山坡地保育區 ; 非都市編定：農牧用地,50160,660,持分移轉,10500000
RPQNMLMLOHLGFHE68DA,雙坑段,9.95,非都市：山坡地保育區 ; 非都市編定：農牧用地,50160,660,持分移轉,11860000
RPQNMLMLOHLGFHE68DA,雙坑段,2.55,非都市：山坡地保育區 ; 非都市編定：農牧用地,50160,660,持分移轉,11870000
RPWQMLNLOHLGFFE86DA,橋南段,4.27,都市：其他:商業區,22,2,持分移轉,01010000
RPWQMLNLOHLGFFE86DA,橋南段,.91,都市：其他:商業區,22,2,持分移轉,01010001
RPWQMLNLOHLGFFE86DA,橋南段,5.27,都市：其他:住宅區,22,2,持分移轉,01020000
RPWQMLNLOHLGFFE86DA,橋南段,9.00,都市：其他:住宅區,22,2,持分移轉,01040000
RPWQMLNLOHLGFFE86DA,橋南段,16.64,都市：其他:商業區,22,2,持分移轉,01050000
RPWQMLNLOHLGFFE86DA,橋南段,.53,都市：其他:住宅區,176,2,持分移轉,01690000
RPWQMLNLOHLGFFE86DA,橋南段,.11,都市：其他:住宅區,176,2,持分移轉,01690001
RPWQMLNLOHLGFFE86DA,橋南段,.10,都市：其他:道路用地,176,2,持分移轉,01690002
RPXNMLOLOHLGFBE98DA,衛武段,30.12,都市：其他:第五種住宅區,10766,27,持分移轉,00240000
RPXNMLOLOHLGFBE98DA,衛武段,.03,都市：其他:第五種住宅區,10766,27,持分移轉,00240001
RPWNMLQKOHLGFJE17DA,福東段,99.98,都市：其他:住宅區,1,1,全筆移轉,01550001
RPWNMLQKOHLGFJE17DA,福東段,16.30,都市：其他:道路用地,1,1,全筆移轉,01560001
RPWNMLQKOHLGFJE17DA,福東段,8.15,都市：其他:道路用地,2,1,持分移轉,01560002
RPUNMLNLOHLGFCE68DA,瑞崗段四小段,17.00,都市：其他:第三種住宅區。,2,1,持分移轉,08100000
RPXNMLSKOHLGFCE76DA,宏明段,5.34,都市：其他:第三種住宅區。,10000,75,持分移轉,04810000
RPRNMLRKOHLGFCE68DA,港和段二小段,50.57,都市：其他:第三種住宅區。,10000,121,持分移轉,03830000
RPRNMLRKOHLGFAE58EA,內惟段四小段,24.12,都市：其他:第四種住宅區,8,1,持分移轉,08030000
RPRNMLMKOHLGFEE38DA,福山段,3.92,都市：其他:第四種商業區,100000,234,持分移轉,04760002
RPRPMLMLOHLGFCE48DA,坪松段,6.97,都市：其他:特定第一種商業區,10000,19,持分移轉,00610000
RPRPMLMLOHLGFCE48DA,坪松段,4.84,都市：其他:第五種商業區,10000,19,持分移轉,00670000
RPPNMLQKOHLGFLE66DA,翁公園段二小段,.61,都市：其他:農業區,4200,61,持分移轉,51230008
RPPNMLQKOHLGFLE66DA,翁公園段二小段,23.00,都市：其他:農業區,1,1,全筆移轉,51230009
RPQNMLPLOHLGFJE56DA,崇西段,131.35,非都市：鄉村區 ; 非都市編定：交通用地,1,1,全筆移轉,15610001
RPQNMLPLOHLGFJE56DA,崇西段,28.52,非都市：鄉村區 ; 非都市編定：交通用地,1,1,全筆移轉,15620004
RPQNMLPLOHLGFJE56DA,崇西段,39.51,非都市：鄉村區 ; 非都市編定：交通用地,1,1,全筆移轉,15630000
RPQNMLPLOHLGFJE56DA,崇西段,1.05,非都市：鄉村區 ; 非都市編定：乙種建築用地,1,1,全筆移轉,15640000
RPSOMLKKOHLGFDE28DA,覆鼎金段覆鼎金小段,2.08,都市：其他:第三種住宅區。,10000,10,持分移轉,15140000
RPSNMLRKOHLGFEE98DA,福山段,6.29,都市：其他:第五種商業區,100000,426,持分移轉,04930000
RPPNMLNJOHLGFLE88DA,內厝段,53.07,都市：其他:第二種住宅區,24909120,1297350,持分移轉,06310000
RPRNMLTLOHLGFFE66DA,文賢段,119.58,都市：其他:住宅區,100000,315,持分移轉,09360000
RPPNMLNJOHLGFLE88DA,內厝段,140.36,都市：其他:第二種住宅區,6102734400,317850750,持分移轉,06470000
RPPNMLNJOHLGFLE88DA,內厝段,10.63,都市：其他:人行步道,12454560,648675,持分移轉,06480001
RPRNMLPJOHLGFBE28DA,五塊厝段,23.59,都市：其他:第四種住宅區,1000,47,持分移轉,19560000
RPQOMLOLOHLGFEE68DA,福山段,8.97,都市：其他:第五種商業區,100000,758,持分移轉,03210000
RPVOMLNLOHLGFEE09DA,新庄段十三小段,6.17,都市：其他:第四種商業區,100000,1512,持分移轉,15190001
RPPNMLLKOHLGFBE77DA,衛武段,59.50,都市：其他:第四種住宅區,8,1,持分移轉,00620000
RPQNMLMLOHLGFKE98DA,吉東段,100.00,非都市：特定農業區 ; 非都市編定：甲種建築用地,1,1,全筆移轉,08670006
RPOOMLOLOHLGFDE38DA,大港段,28.98,都市：其他:第四種住宅區,10000,979,持分移轉,35470004
RPQNMLTLOHLGFKE07DA,美光段,80.76,都市：其他:住宅區,1,1,全筆移轉,08960000
RPVNMLOLOHLGFDE98DA,澄清段一小段,69.00,都市：其他:第五種住宅區,1,1,全筆移轉,02850011
RPPNMLOLOHLGFGE78EA,道爺廍段,3.00,都市：其他:第三之一種住宅區,1,1,全筆移轉,10310003
RPPNMLOLOHLGFGE78EA,道爺廍段,25.00,都市：其他:第三之一種住宅區,1,1,全筆移轉,10310004
RPOOMLNLOHLGFDE28DA,河濱段,19.20,都市：其他:第四種住宅區,20,1,持分移轉,05200000
RPVNMLLJOHLGFCE38DA,龍鳳段,46.00,都市：其他:第二種住宅區,1,1,全筆移轉,04540000
RPUNMLLJOHLGFCE28DA,龍鳳段,54.00,都市：其他:第二種住宅區,1,1,全筆移轉,04520000
RPVNMLLJOHLGFCE38DA,龍鳳段,8.00,都市：其他:第二種住宅區,1,1,全筆移轉,04540001
RPSOMLMKOHLGFCE38DA,瑞隆段一小段,63.00,都市：其他:第四種住宅區,1,1,全筆移轉,01740000
RPOOMLMKOHLGFBE87DA,苓雅寮段,23.59,都市：其他:第五種住宅區,10000,103,持分移轉,07450000
RPQOMLQKOHLGFDE68DA,覆鼎金段覆鼎金小段,8.64,都市：其他:第五種住宅區,10000,18,持分移轉,12260000
RPOPMLQKOHLGFFE78DA,介壽段,37.57,都市：其他:道路用地,195,11,持分移轉,06950000
RPPOMLOLOHLGFLE66DA,琉球段,797.47,都市：其他:住宅區,106747,79747,持分移轉,05770013
RPTNMLLKOHLGFEE48DA,藍田西段六小段,30.80,都市：其他:第二種住宅區,100000,3485,持分移轉,00150000
RPTNMLLKOHLGFEE48DA,藍田西段六小段,1.31,都市：其他:第二種住宅區,100000,3485,持分移轉,00150001
RPTNMLQKOHLGFDE88DA,新都段,18.61,都市：其他:第四種住宅區,100000,610,持分移轉,01630000
RPROMLQKOHLGFEE88DA,新民段,7.44,都市：其他:第五種住宅區,100000,370,持分移轉,00050000
RPOOMLSJOHLGFFE78DA,安招段,46.03,都市：其他:住宅區,10000,1786,持分移轉,02560004
RPOOMLSJOHLGFFE78DA,安招段,97.38,都市：其他:住宅區,1,1,全筆移轉,02560008
RPQOMLSJOHLGFFE98DA,後壁田段,17.04,都市：其他:第二種商業區,100000,132,持分移轉,00610000
RPUOMLKKOHLGFGE78DA,文山段,36.40,都市：其他:第三之一種住宅區,10,1,持分移轉,01340000
RPSNMLSKNHLGFAE58DA,青海段,19.89,都市：其他:特定第五種住宅區,100000,1561,持分移轉,00510000
RPTNMLLLNHLGFAE08DA,龍華段二小段,28.96,都市：其他:第四種商業區,10000,962,持分移轉,06590000
RPPNMLOLOHLGFBE28EA,意誠段,10.18,都市：其他:第五種商業區,28,5,持分移轉,05790000
RPXNMLPKOHLGFGE86DA,二甲段,73.90,都市：其他:第三之一種住宅區,1,1,全筆移轉,00700000
RPQNMLSKNHLGFIE56DA,仁龍段,60.80,非都市：鄉村區 ; 非都市編定：乙種建築用地,1,1,全筆移轉,00430000
RPUPMLSJOHLGFEE76DA,新華段,15.55,都市：其他:第五種住宅區,100000,857,持分移轉,00590000
RPRNMLSLNHLGFHE66DA,木柵段,2267.00,非都市：一般農業區 ; 非都市編定：農牧用地,1,1,全筆移轉,09140000
RPSNMLMJOHLGFJE88DA,東蓮段,1460.44,都市：其他:住宅區,16,15,持分移轉,04960000
RPQOMLRKOHLGFEE88DA,果貿段,27.09,都市：其他:第三種住宅區。,10000,35,持分移轉,02150009
RPPNMLSKOHLGFKE76DA,廣興段,8817.21,非都市：森林區 ; 非都市編定：農牧用地,1,1,全筆移轉,02450000
RPPNMLSKOHLGFKE76DA,廣興段,3542.67,非都市：森林區 ; 非都市編定：農牧用地,1,1,全筆移轉,02460000
RPVOMLKLNHLGFEE68DA,清豐段,14.29,都市：其他:第四種商業區,100000,495,持分移轉,03790001
RPVNMLMLNHLGFEE78DA,新庄段十二小段,5.30,都市：其他:第五種住宅區,10000,48,持分移轉,12340000
RPSPMLPKNHLGFGE09DA,文山段,19.99,都市：其他:第三之一種住宅區,10000,72,持分移轉,08970000
RPRNMLQLNHLGFGE98DA,保成段,29.81,都市：其他:第二之三種住宅區,10000,39,持分移轉,00860000
RPPOMLQKOHLGFIE09DA,大昌段,30.56,都市：其他:第三種住宅區。,100000,495,持分移轉,00530000
RPQNMLOJOHLGFIE78DA,澄合段商五小段,46.73,都市：其他:鄰里中心商業區,1,1,全筆移轉,00010008
RPQNMLOJOHLGFIE78DA,澄合段商五小段,20.59,都市：其他:鄰里中心商業區,20,1,持分移轉,00010020
RPQOMLPKOHLGFLE76DA,山子頂段,108.00,都市：其他:住宅區,1,1,全筆移轉,38910000
RPTNMLNJOHLGFLE66DA,潭頭段,73.00,都市：其他:住宅區,1,1,全筆移轉,29610027
RPROMLPKOHLGFLE86DA,中芸段,71.00,都市：其他:住宅區,1,1,全筆移轉,10890009
RPQNMLQKOHLGFBE48EA,正德段,77.79,都市：其他:第三種住宅區。,1,1,全筆移轉,05590000
RPPNMLQKOHLGFAE28EA,龍中段,12.08,都市：其他:第四種商業區,100000,210,持分移轉,00280001
RPPNMLLKOHLGFCE97EA,瑞隆段二小段,23.75,都市：其他:第五種住宅區,4,1,持分移轉,05080000
RPPNMLSKOHLGFJE76EA,大仁段,86.95,都市：其他:農業區,1,1,全筆移轉,06630008
RPPNMLSKOHLGFJE76EA,大仁段,13.96,都市：其他:農業區,1,1,全筆移轉,06650000
RPVNMLLKOHLGFLE76DA,內厝段,11.45,都市：其他:第二種住宅區,20,1,持分移轉,06540019
RPVNMLLKOHLGFLE76DA,內厝段,99.00,都市：其他:第二種住宅區,1,1,全筆移轉,06540032
RPQNMLPKOHLGFLE76EA,港子埔段,40.00,都市：其他:道路用地,450,40,持分移轉,12800014
RPQNMLPKOHLGFLE76EA,港子埔段,93.00,都市：其他:住宅區,1,1,全筆移轉,12810011
RPPNMLTLNHLGFAE48DA,東金段,2.48,都市：其他:第五種商業區,10000,51,持分移轉,02730000
RPQNMLQKOHLGFLE86EA,鳳芸段,93.32,都市：其他:住宅區,370,13,持分移轉,03210000
RPQNMLQKOHLGFLE86EA,鳳芸段,152.84,都市：其他:住宅區,370,13,持分移轉,04090000
RPQNMLQKOHLGFLE86EA,鳳芸段,32.01,都市：其他:道路用地,370,13,持分移轉,04100000
RPQNMLPKOHLGFAE18DA,龍華段二小段,11.16,都市：其他:第四種商業區,10000,42,持分移轉,16170000
RPRNMLTJOHLGFAE58DA,前金段,14.79,都市：其他:第三種商業區,100000,493,持分移轉,00710004
RPOOMLQKOHLGFCE38DA,港墘段,32.77,都市：其他:第三種住宅區。,80,2,持分移轉,06540000
RPWNMLRKOHLGFBE09DA,過田子段,20.86,都市：其他:第二種特定商業專用區,10000,155,持分移轉,10680005
RPWNMLRKOHLGFBE09DA,過田子段,1.89,都市：其他:道路用地,10000,155,持分移轉,10680006
RPTOMLSJOHLGFBE88DA,五塊厝段四小段,6.18,都市：其他:第三種商業區,100000,243,持分移轉,27520000
RPTPMLMJOHLGFDE58DA,灣華段,10.16,都市：其他:第五種住宅區,20000,118,持分移轉,05340000
RPRNMLSKOHLGFCE78DA,愛群段,3.50,都市：其他:第四種商業區,10000,104,持分移轉,13700000
RPWNMLPLNHLGFLE27DA,頂寮段,11.09,都市：其他:住宅區,10000,84,持分移轉,00200000
RPRNMLTJOHLGFDE88DA,獅頭段一小段,11.04,都市：其他:第四種商業區,100000,960,持分移轉,16040000
RPVNMLPJNHLGFAE48DA,博孝段,4.78,都市：其他:第五種商業區,100000,225,持分移轉,12340000
RPROMLRKOHLGFDE88DA,有光段,.86,都市：其他:市場用地,60000,93,持分移轉,03650000
RPTNMLLKOHLGFDE38DA,建工段,17.71,都市：其他:第四種住宅區,100000,1752,持分移轉,04690000
RPRNMLSKOHLGFDE88DA,澄義段,77.14,都市：其他:第三種特定商業專用區,1,1,全筆移轉,02520000
RPWNMLQKOHLGFGE86DA,龍目段,73.43,非都市：鄉村區 ; 非都市編定：乙種建築用地,48,3,持分移轉,10400000
RPQNMLTJNHLGFBE48DA,意誠段,1.07,都市：其他:第三種特定商業專用區,100000,11,持分移轉,07630000
SPWNMLQKOHLGFGE96DA,和山段,313.23,非都市：一般農業區 ; 非都市編定：農牧用地,12,1,持分移轉,11590000
RPQNMLTJNHLGFBE48DA,意誠段,.26,都市：其他:第五種商業區,100000,11,持分移轉,07630001
RPQOMLLJOHLGFGE38DA,大貝湖段,22.72,都市：其他:第三之二種住宅區,10000,28,持分移轉,01330000
RPTOMLQKOHLGFGE66DA,龍目段,543.94,非都市：一般農業區 ; 非都市編定：農牧用地,12,1,持分移轉,08230000
RPXNMLRKOHLGFEE86DA,新光段,15.21,都市：其他:第五種住宅區,100000,826,持分移轉,01270000
RPRNMLQKOHLGFHE09DA,十張犂段一小段,2832.00,非都市：山坡地保育區 ; 非都市編定：農牧用地,2,1,持分移轉,01930001
RPRNMLQKOHLGFHE09DA,十張犂段一小段,458.00,非都市：山坡地保育區 ; 非都市編定：農牧用地,2,1,持分移轉,01930105
RPXNMLQKOHLGFIE17DA,松埔段,427.24,都市：其他:農業區,1,1,全筆移轉,11820003
RPVNMLLJOHLGFIE98DA,仁美段,31.22,都市：其他:商業區,1,1,全筆移轉,08540000
RPVNMLLJOHLGFIE98DA,仁美段,6.44,都市：其他:道路用地,1,1,全筆移轉,08540001
RPVNMLLJOHLGFIE98DA,仁美段,32.03,都市：其他:商業區,1,1,全筆移轉,08550000
RPWNMLSKNHLGFIE17DA,澄清段,130.77,都市：其他:第三種住宅區。,1,1,全筆移轉,00840035
SPTOMLQKOHLGFGE76DA,小坪段,20.55,非都市：一般農業區 ; 非都市編定：農牧用地,12,2,持分移轉,01040000
RPQNMLLKNHLGFJE58DA,工專段,48.71,都市：其他:住宅區,1,1,全筆移轉,11110000
RPQNMLLKNHLGFJE58DA,工專段,9.10,都市：其他:住宅區,1,1,全筆移轉,11120000
RPQNMLLKNHLGFJE58DA,工專段,1.29,都市：其他:道路用地,1,1,全筆移轉,11130000
RPOQMLPLNHLGFEE68DA,芎蕉段,27.37,都市：其他:住宅區(特),8,1,持分移轉,00240000
RPOQMLPLNHLGFEE68DA,芎蕉段,61.32,都市：其他:住宅區(特),1,1,全筆移轉,00240009
RPVNMLLLNHLGFGE88DA,鳳山段火房口小段,60.00,都市：其他:第二之五種商業區,1,1,全筆移轉,05280000
RPPNMLLKOHLGFJE58DA,福善段,86.03,非都市：鄉村區 ; 非都市編定：乙種建築用地,5,1,持分移轉,02090000
RPPNMLLKOHLGFJE58DA,福善段,137.44,非都市：鄉村區 ; 非都市編定：乙種建築用地,1,1,全筆移轉,02150000
RPPNMLLKOHLGFJE58DA,福善段,140.06,非都市：鄉村區 ; 非都市編定：交通用地,5,1,持分移轉,02180000
RPPNMLLKOHLGFJE58DA,福善段,128.00,非都市：鄉村區 ; 非都市編定：乙種建築用地,1,1,全筆移轉,02200000
RPPNMLLKOHLGFJE58DA,竹園段,31.06,非都市：一般農業區 ; 非都市編定：交通用地,1,1,全筆移轉,09040000
RPRNMLMKOHLGFLE09DA,溪州段,41.82,都市：其他:住宅區,10000,589,持分移轉,29050000
RPUNMLLKOHLGFLE66DA,仁德段,4.91,都市：其他:第二種住宅區,10000,134,持分移轉,01280001
RPPNMLKLOHLGFJE58DA,觀音段,199.94,都市：其他:住宅區,1,1,全筆移轉,02380002
RPPRMLPJNHLGFEE68DA,翠屏段一小段,32.14,都市：其他:第三種住宅區。,10000,117,持分移轉,00010000
RPPNMLRKOHLGFGE98EA,文英段,36.16,都市：其他:第三之一種住宅區,2000,30,持分移轉,15380000
RPPNMLOKNHLGFFE38DA,蚵寮段,28.45,非都市：鄉村區 ; 非都市編定：乙種建築用地,100000,950,持分移轉,00250000
RPQNMLTLNHLGFAE58DA,鹽新段,3.26,都市：其他:第五種商業區,10000,39,持分移轉,01940000
RPTNMLQLNHLGFAE58DA,後金段,8.20,都市：其他:第五種商業區,10000,37,持分移轉,05300000
RPURMLMJOHLGFAE58DA,龍華段三小段,104.00,都市：其他:第三種特定商業專用區,1,1,全筆移轉,04580000
RPUNMLSLNHLGFAE88DA,前金段,13.22,都市：其他:第四種商業區,10000,137,持分移轉,00820002
RPTUMLOJOHLGFAE98DA,鼓中段四小段,3.58,都市：其他:第四種住宅區,24,1,持分移轉,08600000
RPTUMLOJOHLGFAE98DA,鼓中段四小段,39.67,都市：其他:第四種住宅區,12,1,持分移轉,08610000
RPUOMLPKNHLGFEE98DA,楠梓段四小段,12.41,都市：其他:第五種住宅區,100000,396,持分移轉,02430000
RPTUMLOJOHLGFAE98DA,鼓中段四小段,.67,都市：其他:道路用地,12,1,持分移轉,08620000
RPPOMLQKOHLGFAE28DA,內惟段一小段,38.80,都市：其他:第四種住宅區,10,1,持分移轉,04670001
RPWNMLPKOHLGFAE78DA,大榮段,36.07,都市：其他:第四種住宅區,15,1,持分移轉,01610000
RPUNMLKKOHLGFBE18DA,正明段,58.26,都市：其他:第二種特定商業專用區,1,1,全筆移轉,07760000
RPQNMLMKOHLGFAE87DA,龍華段八小段,5.89,都市：其他:第四種商業區,100000,361,持分移轉,22220000
RPVNMLPKOHLGFBE78DA,福東段,73.00,都市：其他:第四種住宅區,1,1,全筆移轉,01360000
RPUNMLRKOHLGFBE88DA,五塊厝段二小段,27.24,都市：其他:第二種特定商業專用區,10000,171,持分移轉,26010000
RPTOMLQKOHLGFBE78DA,新興段一小段,4.27,都市：其他:第五種商業區,1000000,2962,持分移轉,02880000
RPQNMLTLNHLGFCE78DA,高鳳段,149.49,都市：其他:農業區,106440,8270,持分移轉,17450000
RPTNMLPLNHLGFCE68DA,光華段一小段,38.76,都市：其他:第三種住宅區。,10000,111,持分移轉,19040000
RPXNMLTLNHLGFCE86DA,厦莊段,1.33,都市：其他:第三種住宅區。,900,50,持分移轉,06320000
RPXNMLTLNHLGFCE86DA,厦莊段,.44,都市：其他:第三種住宅區。,108,6,持分移轉,06330001
RPXNMLTLNHLGFCE86DA,厦莊段,23.67,都市：其他:第三種住宅區。,4500,250,持分移轉,06340000
RPXNMLTLNHLGFCE86DA,厦莊段,40.06,都市：其他:第三種住宅區。,1080,60,持分移轉,06350000
RPXNMLTLNHLGFCE86DA,厦莊段,1.22,都市：其他:第二種住宅區,108,6,持分移轉,06350001
RPXNMLTLNHLGFCE86DA,厦莊段,5.56,都市：其他:第二種住宅區,4500,250,持分移轉,06370000
RPXNMLTLNHLGFCE86DA,厦莊段,7.44,都市：其他:第二種住宅區,360,20,持分移轉,06380000
RPXNMLTLNHLGFCE86DA,厦莊段,56.22,都市：其他:第二種住宅區,180,10,持分移轉,06390000
RPXNMLTLNHLGFCE86DA,厦莊段,25.33,都市：其他:第二種住宅區,1800,100,持分移轉,06400000
RPXNMLTLNHLGFCE86DA,厦莊段,9.89,都市：其他:第二種住宅區,4500,250,持分移轉,06410000
RPXNMLTLNHLGFCE86DA,厦莊段,.56,都市：其他:第三種住宅區。,900,50,持分移轉,06410001
RPXNMLTLNHLGFCE86DA,厦莊段,25.56,都市：其他:第三種住宅區。,1080,60,持分移轉,06420000
RPXNMLTLNHLGFCE86DA,厦莊段,8.33,都市：其他:第二種住宅區,360,20,持分移轉,06950001
RPXNMLTLNHLGFCE86DA,厦莊段,13.11,都市：其他:第三種住宅區。,360,20,持分移轉,06960000
RPXNMLTLNHLGFCE86DA,厦莊段,1.00,都市：其他:第二種住宅區,1,1,全筆移轉,07050001
RPXNMLSKOHLGFBE66DA,意誠段,1.07,都市：其他:第三種特定商業專用區,100000,11,持分移轉,07630000
RPXNMLSKOHLGFBE66DA,意誠段,.26,都市：其他:第五種商業區,100000,11,持分移轉,07630001
RPTOMLTJOHLGFCE09DA,愛群段,7.80,都市：其他:第五種商業區,81780,1357,持分移轉,17600000
RPQNMLKLNHLGFCE87DA,松金段,9.08,都市：其他:第三種商業區,100000,126,持分移轉,00180000
RPUOMLQKOHLGFEE56DA,和平段五小段,21.26,都市：其他:第三種住宅區。,10000,285,持分移轉,02000000
RPVNMLNJOHLGFCE58DA,瑞隆段二小段,16.39,都市：其他:第三種住宅區。,239500,1639,持分移轉,01050000
RPSOMLSKOHLGFDE09DA,中華段一小段,574.00,都市：其他:乙種工業區,1,1,全筆移轉,11250000
RPSOMLSKOHLGFDE09DA,中華段一小段,8.00,都市：其他:道路用地,1,1,全筆移轉,11260000
RPSOMLSKOHLGFDE09DA,中華段一小段,7.00,都市：其他:道路用地,1,1,全筆移轉,11270000
RPVNMLRKOHLGFEE66DA,新庄段十二小段,19.24,都市：其他:第三種住宅區。,10000,92,持分移轉,11690000
RPVNMLMLNHLGFDE68DA,新都段,13.67,都市：其他:第四種住宅區,100000,523,持分移轉,01360000
RPQNMLKLOHLGFDE08DA,獅頭段,7.46,都市：其他:第四種商業區,100000,306,持分移轉,22450000
RPRNMLPJOHLGFEE58DA,左西段,47.00,都市：其他:第三種住宅區。,1,1,全筆移轉,18260002
RPPNMLTJNHLGFEE68DA,楠梓段三小段,14.60,都市：其他:第三種住宅區。,10000,69,持分移轉,00810000
RPPNMLTJNHLGFEE68DA,楠梓段三小段,45.00,都市：其他:第三種住宅區。,1,1,全筆移轉,00810009
RPVOMLTKNHLGFEE86DA,果貿段,23.59,都市：其他:特定住宅區,100000,105,持分移轉,00020005
RPROMLMKOHLGFDE38DA,新都段,11.23,都市：其他:第四種住宅區,10000,58,持分移轉,01590000
RPSNMLSKOHLGFEE09DA,清豐段,24.45,都市：其他:第三種住宅區。,1000,32,持分移轉,01830000
RPPOMLNJOHLGFEE28DA,新庄段五小段,7.00,都市：其他:第三種住宅區。,1,1,全筆移轉,05820000
RPVNMLPJNHLGFCE68DA,憲德段一小段,5.21,都市：其他:第五種住宅區,100000,104,持分移轉,08040000
RPVNMLPJNHLGFCE68DA,憲德段一小段,1.75,都市：其他:第三種特定商業專用區,100000,104,持分移轉,08040001
RPVPMLPKNHLGFDE09DA,新都段,17.30,都市：其他:第四種住宅區,100000,662,持分移轉,01360000
RPTOMLNLOHLGFEE88DA,清豐段,1.81,都市：其他:第三種住宅區。,100000,257,持分移轉,02270519
RPTOMLNLOHLGFEE88DA,清豐段,13.73,都市：其他:第三種住宅區。,100000,334,持分移轉,02270520
RPOOMLSKOHLGFEE78DA,翠屏段一小段,26.79,都市：其他:第三種住宅區。,100000,1396,持分移轉,00120000
RPQQMLMKOHLGFFE68DA,鹽埔段,26.17,非都市：鄉村區 ; 非都市編定：乙種建築用地,100000,6251,持分移轉,00620001
RPQNMLNLNHLGFEE38DA,菜公段二小段,72.00,都市：其他:第五種住宅區,1,1,全筆移轉,00560007
RPQNMLSKOHLGFFE98DA,大智段協和小段,15.82,都市：其他:住宅區,10000,160,持分移轉,01330000
RPXNMLSKOHLGFFE07DA,三仙段,107.36,非都市：鄉村區 ; 非都市編定：乙種建築用地,1,1,全筆移轉,01310001
RPQPMLTKNHLGFFE56DA,新興段,1298.15,非都市：一般農業區 ; 非都市編定：農牧用地,10000,9559,持分移轉,00400000
RPPNMLMLOHLGFFE38DA,甲圍段,75.88,非都市：鄉村區 ; 非都市編定：乙種建築用地,1,1,全筆移轉,14590000
RPTNMLLJOHLGFGE58DA,鳳翔段,15.74,都市：其他:第二之三種住宅區,10000,44,持分移轉,02380000
RPSNMLSJOHLGFGE56DA,竹子腳段,22.25,都市：其他:第三之一種住宅區,100000,1312,持分移轉,01570000
RPTOMLSJOHLGFGE76DA,鳳翔段,26.84,都市：其他:第二之三種住宅區,10000,75,持分移轉,02380000
RPOPMLTKNHLGFFE98DA,後壁田段,16.82,都市：其他:第六種住宅區,100000,324,持分移轉,03670000
RPROMLTJOHLGFGE66DA,頂新段,9.24,都市：其他:第二之五種商業區,10000,60,持分移轉,00400000
RPRNMLSKNHLGFFE98DA,大仁段,12.71,都市：其他:第一種商業區,100000,603,持分移轉,10300000
RPSOMLOJNHLGFDE48DA,新都段,14.97,都市：其他:第四種住宅區,100000,573,持分移轉,01360000
RPUOMLSJOHLGFGE86DA,鳳翔段,26.48,都市：其他:第二之三種住宅區,10000,74,持分移轉,02380000
RPQOMLTJOHLGFGE56DA,頂新段,9.24,都市：其他:第二之五種商業區,10000,60,持分移轉,00400000
RPOOMLPKOHLGFGE68DA,竹子腳段,19.07,都市：其他:第三之一種住宅區,10000,120,持分移轉,03550178
RPVNMLSKOHLGFGE96DA,大樹新吉段,78.67,都市：其他:住宅區,1,1,全筆移轉,06090000
RPPNMLRKOHLGFGE88DA,五甲段,30.40,都市：其他:第三之一種住宅區,10,1,持分移轉,11370005
RPTNMLKKOHLGFGE58DA,中崙段,39.06,都市：其他:第三之一種住宅區,625000000,388306,持分移轉,00150000
RPVNMLOJOHLGFIE66DA,大昌段,29.93,都市：其他:第三種住宅區。,10000,43,持分移轉,00470000
RPUNMLSKOHLGFIE07DA,竹園段,4.00,都市：其他:道路用地,1,1,全筆移轉,07270002
RPUNMLSKOHLGFIE07DA,竹園段,35.00,都市：其他:道路用地,1,1,全筆移轉,08860002
RPUNMLSKOHLGFIE07DA,竹園段,3.00,都市：其他:道路用地,1,1,全筆移轉,08860003
RPUNMLSKOHLGFIE07DA,竹園段,2.00,都市：其他:道路用地,1,1,全筆移轉,08860004
RPQNMLSKOHLGFJE76DA,大同段,44.67,都市：其他:乙種工業區,6,1,持分移轉,04310000
RPPNMLNLOHLGFJE88DA,青蓮段,70.80,都市：其他:住宅區,1,1,全筆移轉,11630000
RPOOMLRKOHLGFIE09DA,澄合段,91.50,都市：其他:第二種住宅區,1,1,全筆移轉,01840008
RPUNMLPKOHLGFIE76DA,育仁段,38.71,都市：其他:第三種住宅區。,10000,340,持分移轉,00310001
RPWNMLMKOHLGFIE66DA,大昌段,16.01,都市：其他:第三種住宅區。,10000,23,持分移轉,00470000
RPWNMLQKOHLGFIE07DA,大昌段,26.45,都市：其他:第三種住宅區。,10000,38,持分移轉,00470000
RPRNMLSJOHLGFJE76DA,成功段,54.36,都市：其他:住宅區,1,1,全筆移轉,02690000
RPRNMLSJOHLGFJE76DA,成功段,13.45,都市：其他:道路用地,1,1,全筆移轉,02690001
RPPSMLPJNHLGFIE56DA,澄德段,26.99,都市：其他:社區中心商業區,100000,590,持分移轉,00230000
RPSNMLOKNHLGFBE28DA,新興段二小段,17.47,都市：其他:第三種商業區,10000,422,持分移轉,07730000
RPWNMLOJOHLGFIE76DA,大昌段,40.38,都市：其他:第三種住宅區。,10000,58,持分移轉,00470000
RPQNMLNLOHLGFJE09EA,中軍段,36.52,非都市：特定農業區 ; 非都市編定：甲種建築用地,2,1,持分移轉,14040000
RPQNMLNLOHLGFJE09EA,中軍段,40.90,非都市：鄉村區 ; 非都市編定：乙種建築用地,1,1,全筆移轉,14050000
RPQNMLNLOHLGFJE09EA,中軍段,40.09,非都市：特定農業區 ; 非都市編定：甲種建築用地,1,1,全筆移轉,14100000
RPQNMLLJOHLGFBE77DA,過田子段,143.00,都市：其他:第四種商業區,1,1,全筆移轉,10740002
RPXNMLLJOHLGFBE48DA,武聖段,51.00,都市：其他:第二種特定商業專用區,1,1,全筆移轉,19130000
RPUNMLSKOHLGFAE88DA,東金段,2.37,都市：其他:第五種商業區,10000,39,持分移轉,11040000
RPOOMLMLOHLGFAE87DA,鼓南段一小段,16.78,都市：其他:第四種商業區,2000,201,持分移轉,01710000
RPOOMLMLOHLGFAE87DA,鼓南段一小段,3.62,,2000,201,持分移轉,01720000
RPOOMLMLOHLGFAE87DA,鼓南段一小段,.40,都市：其他:道路用地,2000,201,持分移轉,01720001
RPRNMLMLNHLGFBE08DA,林德官段一小段,13.16,都市：其他:第五種商業區,1000,18,持分移轉,26770000
RPRNMLPLNHLGFBE38DA,福東段,50.00,都市：其他:第三種住宅區。,1,1,全筆移轉,16690000
RPRNMLLKOHLGFBE97DA,正言段,21.15,都市：其他:第二種住宅區,10000,323,持分移轉,04290000
RPVNMLMLOHLGFBE58DA,五塊厝段,31.60,都市：其他:第四種住宅區,10,1,持分移轉,23000000
RPQNMLPLNHLGFCE38DA,店鎮段,20.46,都市：其他:第五種住宅區,10000,67,持分移轉,03880000
RPSNMLLLNHLGFCE18DA,瑞隆段三小段,10.97,都市：其他:第三種特定商業專用區,100000,851,持分移轉,00470000
RPSNMLLLNHLGFCE18DA,瑞隆段三小段,4.53,都市：其他:第五種住宅區,100000,851,持分移轉,00940000
RPTNMLSKOHLGFCE98DA,瑞隆段一小段,78.00,都市：其他:第三種住宅區。,1,1,全筆移轉,05670010
RPVNMLQKOHLGFCE98DA,桂林段,17.33,都市：其他:第三種住宅區。,100000,706,持分移轉,04900000
RPOOMLQJNHLGFEE38DA,新民段,14.51,都市：其他:第四種住宅區,10000,56,持分移轉,03700000
RPOOMLMLOHLGFDE18DA,大港段,24.61,都市：其他:第五種住宅區,1464,18,持分移轉,36120000
RPPNMLKLOHLGFDE97DA,大港段,24.61,都市：其他:第五種住宅區,1464,18,持分移轉,36090000
RPPOMLMLOHLGFDE28DA,大港段,21.87,都市：其他:第五種住宅區,2388,24,持分移轉,36080000
RPTWMLLJOHLGFLE37DA,新厝南段,14.39,都市：其他:第二種住宅區,10000,97,持分移轉,03470000
RPQNMLLKOHLGFEE18DA,加昌段,18.57,都市：其他:第五種住宅區,16270,29,持分移轉,06420000
RPWNMLRLNHLGFBE09DA,林德官段,4.48,都市：其他:第五種商業區,100000,1067,持分移轉,12960000
RPQOMLSKOHLGFEE98DA,新庄段一小段,20.08,都市：其他:第四種住宅區,10000,70,持分移轉,07890000
RPSNMLLKOHLGFCE18DA,光華段一小段,25.26,都市：其他:第四種住宅區,10000,100,持分移轉,16680007
RPOPMLQLNHLGFEE68DA,高昌段,13.32,都市：其他:第四種住宅區,10000,65,持分移轉,01120000
RPUNMLNLOHLGFEE88DA,後勁段三小段,18.95,都市：其他:第四種住宅區,7500,124,持分移轉,02340000
RPVOMLSKOHLGFEE86DA,新光段,10.91,都市：其他:第五種住宅區,100000,835,持分移轉,00400000
RPPOMLQKOHLGFFE78DA,德松段,23.21,都市：其他:道路用地,1,1,全筆移轉,01340000
RPVNMLOJOHLGFFE98DA,大仁段,21.19,都市：其他:第一種商業區,10000,163,持分移轉,32310000
RPOOMLNLOHLGFFE48DA,富貴段,80.00,都市：其他:住宅區,1,1,全筆移轉,02390006
RPQNMLMLOHLGFFE48DA,赤崁新段,585.14,非都市：一般農業區 ; 非都市編定：農牧用地,48,5,持分移轉,12560000
RPSOMLMLOHLGFFE78DA,三仙段,.74,非都市：鄉村區 ; 非都市編定：交通用地,100000,2919,持分移轉,09740000
RPSOMLMLOHLGFFE78DA,三仙段,22.58,非都市：鄉村區 ; 非都市編定：乙種建築用地,100000,2919,持分移轉,09750000
RPSOMLMLOHLGFFE78DA,三仙段,.22,非都市：鄉村區 ; 非都市編定：交通用地,100000,2919,持分移轉,09760000
RPSOMLMLOHLGFFE78DA,三仙段,.21,非都市：鄉村區 ; 非都市編定：交通用地,1000000,1193,持分移轉,09770000
RPSNMLLKOHLGFFE48DA,觀水段,21.11,都市：其他:住宅區,100000,410,持分移轉,05130000
RPXOMLMKOHLGFEE09DA,芎蕉段,22.07,都市：其他:住宅區(特),10000,86,持分移轉,01460000
RPSQMLMJOHLGFEE68DA,德昌段,18.45,都市：其他:第五種住宅區,10000,59,持分移轉,01580000
RPROMLNLOHLGFFE78DA,信義段,12.61,都市：其他:第三-1種住宅區,100000,379,持分移轉,00430000
RPUNMLKLNHLGFGE68DA,五甲段,11.59,都市：其他:第三之一種住宅區,100000,358,持分移轉,15360000
RPPNMLMKOHLGFGE38DA,新甲段,32.58,都市：其他:第三之一種住宅區,10000,176,持分移轉,11020002
RPPOMLTJOHLGFGE09DA,頂新段,12.32,都市：其他:第二之五種商業區,10000,80,持分移轉,00400000
RPUOMLRLNHLGFEE66DA,楠梓段五小段,20.36,都市：其他:第五種住宅區,10000,185,持分移轉,11980000
RPVPMLRLNHLGFEE86DA,菜公段二小段,60.00,都市：其他:第五種住宅區,1,1,全筆移轉,02000004
RPVPMLRLNHLGFEE86DA,菜公段二小段,1.00,都市：其他:第五種住宅區,1,1,全筆移轉,02070006
RPVPMLRLNHLGFEE86DA,菜公段二小段,7.00,都市：其他:第五種住宅區,1,1,全筆移轉,02070007
RPWNMLMLOHLGFGE56DA,頂新段,8.09,都市：其他:第二之五種商業區,100000,349,持分移轉,00600000
RPQOMLMKOHLGFGE58DA,保成段,32.10,都市：其他:第二之三種住宅區,10000,42,持分移轉,00860000
RPTOMLSKOHLGFGE86DA,赤山段,15.57,都市：其他:第二之五種商業區,10000,87,持分移轉,07280000
RPQNMLLJOHLGFJE58DA,峰崗段,43.18,非都市：一般農業區 ; 非都市編定：甲種建築用地,1,1,全筆移轉,01190000
RPPOMLMLOHLGFGE58DA,五甲段,26.00,都市：其他:第三之一種住宅區,20,2,持分移轉,13980012
RPPNMLNLNHLGFIE68DA,澄觀段,20.14,都市：其他:第三種住宅區。,100000,663,持分移轉,01910000
RPRNMLOJOHLGFIE88DA,瑞鴻段,78.00,都市：其他:住宅區,1,1,全筆移轉,00190034
RPPNMLPKOHLGFLE56DA,上寮南段,26.30,都市：其他:住宅區,10000,280,持分移轉,09280000
RPQOMLRKOHLGFGE09DA,鳳翔段,21.66,都市：其他:第二之三種住宅區,1000000,10244,持分移轉,01110000
RPPNMLMJOHLGFJE58DA,南蓮段,40.65,都市：其他:住宅區,100000,4151,持分移轉,02060000
RPVNMLRKOHLGFLE37DA,開封段,26.13,都市：其他:住宅區,10000,196,持分移轉,02440000
RPPNMLMJOHLGFJE58DA,南蓮段,3.54,都市：其他:住宅區,100000,4151,持分移轉,02070004
RPPNMLMLOHLGFAE97EA,旗汕段,.21,都市：其他:第三種住宅區。,1040,9,持分移轉,10200009
RPPNMLMLOHLGFAE97EA,旗汕段,25.00,都市：其他:第三種住宅區。,1,1,全筆移轉,10210007
RPPNMLMLOHLGFAE97EA,旗汕段,48.00,都市：其他:第三種住宅區。,1,1,全筆移轉,10210008
RPPNMLMLOHLGFAE97EA,旗汕段,2.60,都市：其他:第三種住宅區。,40000,2742,持分移轉,10210011
RPPNMLNLOHLGFBE18EA,新興段三小段,21.75,都市：其他:第二種特定商業專用區,8,1,持分移轉,02570000
RPPNMLQKOHLGFGE88EA,新甲段,38.50,都市：其他:第三之一種住宅區,2,1,持分移轉,12980056
RPPNMLNLOHLGFJE98EA,環球段,2944.02,非都市：一般農業區 ; 非都市編定：農牧用地,1,1,全筆移轉,02800000
RPPNMLNLOHLGFJE98EA,環球段,318.32,都市：其他:農業區,1,1,全筆移轉,06010000
RPTNMLRLNHLGFBE78DA,林德官段,37.00,都市：其他:第五種商業區,1,1,全筆移轉,15100041
RPWNMLMKOHLGFBE58DA,苓洲段,5.48,都市：其他:第五種商業區,100000,380,持分移轉,01940000
RPRNMLQLNHLGFAE38DA,青海段,10.13,都市：其他:特定第五種住宅區,1000000,1498,持分移轉,00740000
RPUNMLSKOHLGFBE98DA,林德官段,4.93,都市：其他:第五種商業區,10000,113,持分移轉,11400000
RPPNMLOLOHLGFIE98EA,豐禾段,11.63,都市：其他:第三種住宅區。,1000,350,持分移轉,05720000
RPPNMLOLOHLGFIE98EA,豐禾段,48.46,都市：其他:第三種住宅區。,1,1,全筆移轉,05800000
RPWNMLQJNHLGFAE68DA,北金段,5.90,都市：其他:第五種商業區,20000,188,持分移轉,02550000
RPUOMLMLOHLGFBE58DA,正言段,25.09,都市：其他:第四種住宅區,10,1,持分移轉,01690000
RPSNMLRJNHLGFLE86DA,港子埔段中坑門小段,98.00,都市：其他:住宅區,1,1,全筆移轉,10700016
RPSOMLMLOHLGFBE38DA,過田子段,25.59,都市：其他:第四種住宅區,10000,276,持分移轉,10270000
RPVNMLRKOHLGFCE09DA,鳳林段,74.00,都市：其他:第三種住宅區。,1,1,全筆移轉,08460000
RPTNMLKLNHLGFCE18DA,高松段,29.97,都市：其他:第四種住宅區,100000,554,持分移轉,00110000
RPTNMLSJNHLGFCE78DA,青島段四小段,12.80,都市：其他:第五種住宅區,1000000,6886,持分移轉,08300000
RPPNMLTKOHLGFLE96DA,林園段,13.76,都市：其他:商業區,10000,181,持分移轉,10180000
RPQOMLTJOHLGFLE07DA,港子埔段,126.00,都市：其他:住宅區,1,1,全筆移轉,13450000
RPQOMLTJOHLGFLE07DA,港子埔段,11.00,都市：其他:住宅區,1,1,全筆移轉,13450010
RPTNMLSLNHLGFCE98DA,松金段,8.80,都市：其他:第三種商業區,100000,122,持分移轉,00180000
RPTNMLPKOHLGFDE78DA,大裕段一小段,20.70,都市：其他:第四種住宅區,100000,1074,持分移轉,02110002
RPVOMLNLOHLGFDE98DA,新都段,36.21,都市：其他:第三種住宅區。,10000,137,持分移轉,00750000
RPWNMLQJNHLGFEE09DA,福山段,7.71,都市：其他:第四種商業區,100000,1032,持分移轉,01400000
RPROMLNKNHLGFEE48DA,楠梓段三小段,10.56,都市：其他:第四種住宅區,100000,135,持分移轉,03040000
RPUNMLOLOHLGFDE88DA,陽明段四小段,20.78,都市：其他:第四種住宅區,10000,36,持分移轉,00760000
RPSQMLKKOHLGFEE58DA,右昌段六小段,122.00,都市：其他:第三種住宅區。,1,1,全筆移轉,09240000
RPSNMLRLNHLGFDE88DA,大港段四小段,21.10,都市：其他:第四種住宅區,10000,157,持分移轉,22020000
RPTOMLMKOHLGFEE68DA,新庄段五小段,25.18,都市：其他:第五種住宅區,10000,234,持分移轉,14910000
RPVNMLMKNHLGFDE58DA,三塊厝段一小段,5.52,都市：其他:第四種商業區,10000,24,持分移轉,10850000
RPQNMLKKNHLGFDE87DA,建民段,33.21,都市：其他:第三種住宅區。,10000,113,持分移轉,07750000
RPQNMLKLNHLGFEE08DA,和平段四小段,15.64,都市：其他:第五種住宅區,100000,889,持分移轉,00150000
RPSOMLPJOHLGFEE78DA,加昌段,13.82,都市：其他:第四種住宅區,40,1,持分移轉,02040000
RPSOMLPJOHLGFEE78DA,加昌段,2.23,都市：其他:第四種住宅區,40,1,持分移轉,02050000
RPXNMLSLNHLGFDE86DA,澄正段,16.42,都市：其他:第四種住宅區,200000,496,持分移轉,00040000
RPSOMLPJOHLGFEE78DA,加昌段,6.95,都市：其他:第四種住宅區,40,1,持分移轉,02060000
RPOOMLMLOHLGFCE08DA,坪鳳段,32.54,都市：其他:第三種住宅區。,10000,911,持分移轉,06860000
RPPNMLNLOHLGFEE38DA,和平段五小段,8.46,都市：其他:第五種住宅區,300000,414,持分移轉,01020000
RPUNMLLKOHLGFEE58DA,清楠段,5.03,都市：其他:第三種住宅區。,100000,263,持分移轉,00050000
RPUPMLNLOHLGFEE09DA,新民段,8.84,都市：其他:第五種住宅區,100000,258,持分移轉,00060000
RPRNMLRKOHLGFGE09DA,埤頂段,22.15,都市：其他:第三之一種住宅區,100000,592,持分移轉,20740000
RPTNMLOLOHLGFFE98DA,建樹段,69.03,都市：其他:住宅區,1,1,全筆移轉,04640000
RPVNMLLLNHLGFIE09DA,松埔段,10.51,非都市：鄉村區 ; 非都市編定：乙種建築用地,100000,46,持分移轉,06450000
RPVNMLMLOHLGFGE09DA,七老爺段一甲小段,.20,都市：其他:第三之一種住宅區,20,1,持分移轉,14750001
RPQNMLPJOHLGFHE78DA,旗南段,48.41,都市：其他:住宅區,1,1,全筆移轉,05750000
RPVNMLMLOHLGFGE09DA,七老爺段一甲小段,20.65,都市：其他:第三之一種住宅區,20,1,持分移轉,14750007
RPTNMLSKOHLGFGE76DA,華鳳段,24.44,都市：其他:第二之二種住宅區,10000,43,持分移轉,01440000
RPQNMLPJOHLGFHE78DA,旗南段,10.89,都市：其他:道路用地,1,1,全筆移轉,05760000
RPTNMLSKOHLGFGE76DA,華鳳段,1.12,都市：其他:第二之二種住宅區,10000,43,持分移轉,01440001
RPPNMLRKOHLGFKE66DA,清水段,1048.00,非都市：特定農業區 ; 非都市編定：農牧用地,1,1,全筆移轉,09780000
RPPNMLRKOHLGFKE66DA,清水段,1320.00,非都市：特定農業區 ; 非都市編定：農牧用地,1,1,全筆移轉,10010000
RPPNMLRKOHLGFKE66DA,清水段,1237.00,非都市：特定農業區 ; 非都市編定：農牧用地,1,1,全筆移轉,10020000
RPTNMLOLOHLGFJE76DA,福東段,70.21,都市：其他:住宅區,1,1,全筆移轉,03800043
RPTNMLMLOHLGFIE09DA,鳳松段,20.45,都市：其他:第四種住宅區,10000,102,持分移轉,04590000
RPTNMLMLOHLGFIE09DA,鳳松段,.18,都市：其他:第四種住宅區,10000,2,持分移轉,04590020
RPPOMLNLOHLGFGE68DA,新甲段,24.45,都市：其他:第三之一種住宅區,100,5,持分移轉,13230119
RPRNMLNJOHLGFLE09DA,翁公園段,30.92,都市：其他:農業區,216000,30916,持分移轉,36140002
RPRNMLNJOHLGFLE09DA,翁公園段,368.00,都市：其他:農業區,1,1,全筆移轉,36140009
RPRNMLNJOHLGFLE09DA,翁公園段,8.00,都市：其他:農業區,1,1,全筆移轉,36140014
RPUOMLMLOHLGFLE96DA,中汕段,37.00,都市：其他:住宅區,1,1,全筆移轉,23860000
RPSNMLMKOHLGFLE56DA,黃厝段,23.83,都市：其他:第二種住宅區,120,9,持分移轉,03800000
RPSNMLMKOHLGFLE56DA,黃厝段,97.62,都市：其他:第二種住宅區,1,1,全筆移轉,03800006
RPQNMLPKOHLGFLE66DA,上寮南段,26.30,都市：其他:住宅區,10000,280,持分移轉,09280000
RPROMLOLOHLGFEE78DA,藍昌段一小段,19.30,都市：其他:第三種住宅區。,10,1,持分移轉,02330000
RPRNMLNLOHLGFAE18DA,博孝段,5.69,都市：其他:第五種商業區,100000,268,持分移轉,12340000
RPPNMLMJNHLGFAE57DA,博孝段,4.56,都市：其他:第五種商業區,10000,139,持分移轉,11380000
RPPNMLMJNHLGFAE57DA,博孝段,9.04,都市：其他:第五種商業區,10000,279,持分移轉,11390000
RPWNMLOLOHLGFAE78DA,大榮段,45.00,都市：其他:第四種住宅區,1,1,全筆移轉,04680000
RPWNMLOLOHLGFAE78DA,大榮段,13.00,都市：其他:第四種住宅區,1,1,全筆移轉,04770000
RPUNMLNKNHLGFBE38DA,林興段,70.00,都市：其他:第五種商業區,1,1,全筆移轉,11820000
RPQNMLOLOHLGFAE18DA,大東段,9.64,都市：其他:第三種商業區,100000,1410,持分移轉,04880000
RPOOMLNKNHLGFBE87DA,苓洲段,5.82,都市：其他:第五種商業區,10000,56,持分移轉,17920000
RPRNMLQJNHLGFBE28DA,五塊厝段,8.78,都市：其他:第五種商業區,20000,420,持分移轉,20920000
RPRNMLQJNHLGFBE28DA,五塊厝段,5.46,都市：其他:第五種商業區,20000,420,持分移轉,20930000
RPQOMLNKNHLGFBE08DA,衛武段,28.06,都市：其他:第五種住宅區,3367,24,持分移轉,00260000
RPUNMLMLOHLGFBE48DA,成功段,.11,都市：其他:第二種商業區,10000,271,持分移轉,04560000
RPUNMLMLOHLGFBE48DA,成功段,26.04,都市：其他:第二種商業區,10000,271,持分移轉,04570000
RPPPMLMLOHLGFCE28DA,孔宅段,42.75,都市：其他:第二種住宅區,4,1,持分移轉,02480000
RPTNMLNLOHLGFCE58DA,孔宅段,61.53,都市：其他:第三種住宅區。,10000,869,持分移轉,11270001
RPOOMLMKOHLGFCE97DA,憲德段二小段,12.25,都市：其他:第四種商業區,10000,25,持分移轉,00260000
RPTNMLTLNHLGFCE09DA,獅甲段,1.34,都市：其他:第五種商業區,10000,13,持分移轉,03300000
RPTNMLTLNHLGFCE09DA,獅甲段,4.21,都市：其他:第三種特定商業專用區,10000,13,持分移轉,03310000
RPPNMLOLOHLGFCE28DA,盛興段一小段,21.53,都市：其他:第四種商業區,10000,113,持分移轉,16880000
RPSNMLKKOHLGFDE18DA,獅頭段,21.38,都市：其他:第四種商業區,10000,990,持分移轉,22410009
RPPNMLSKNHLGFDE58DA,大港段,10.16,都市：其他:第三種特定商業專用區,100000,253,持分移轉,35650000
RPWNMLSKNHLGFBE09DA,林德官段,8.16,都市：其他:第五種商業區,10000,62,持分移轉,12940005
RPVPMLOJNHLGFEE98DA,果貿段,28.19,都市：其他:特定住宅區,100000,177,持分移轉,00020008
RPRNMLTJOHLGFEE98DA,楠梓段五小段,16.10,都市：其他:第五種住宅區,10000,26,持分移轉,11670000
RPWOMLMLOHLGFDE98DA,有光段,69.67,都市：其他:第五種住宅區,1,1,全筆移轉,05370000
RPWNMLQKOHLGFEE66DA,楠梓段一小段,31.70,都市：其他:第四種住宅區,10000,222,持分移轉,01990000
RPRNMLNLOHLGFDE48DA,大港段,31.60,都市：其他:第四種住宅區,10,1,持分移轉,34030008
RPVNMLMJOHLGFFE78DA,仁壽段,35.82,都市：其他:住宅區,10000,244,持分移轉,10860000
RPRNMLLJOHLGFFE28DA,頂塩田段,2640.00,非都市：特定農業區 ; 非都市編定：農牧用地,1,1,全筆移轉,22930000
RPQNMLLLOHLGFEE28DA,楠都段二小段,23.00,都市：其他:第三種住宅區。,10,1,持分移轉,04720000
RPTNMLTLNHLGFFE76DA,建樹段,65.95,都市：其他:住宅區,1,1,全筆移轉,05010001
RPTNMLTLNHLGFFE76DA,建樹段,1.16,都市：其他:住宅區,1,1,全筆移轉,05060003
RPPNMLNLOHLGFFE48DA,山頂段,366.29,非都市：一般農業區 ; 非都市編定：養殖用地,1,1,全筆移轉,03010029
RPVNMLTJOHLGFFE86DA,後壁田段,27.77,都市：其他:第六種住宅區,100000,280,持分移轉,03530000
RPPOMLPKOHLGFEE58DA,高昌段,19.13,都市：其他:第四種住宅區,10000,416,持分移轉,00450000
RPSNMLNLOHLGFFE78DA,山頂段,366.30,非都市：一般農業區 ; 非都市編定：養殖用地,1,1,全筆移轉,03010024
RPSNMLOJOHLGFEE58DA,新福段六小段,17.10,都市：其他:第四種住宅區,100000,556,持分移轉,00180000
RPPOMLTJOHLGFFE98DA,後壁田段,25.59,都市：其他:第六種住宅區,100000,258,持分移轉,03530000
RPTNMLMLNHLGFGE78DA,道爺廍段,58.00,都市：其他:第三之一種住宅區,1,1,全筆移轉,10780033
RPTPMLNJOHLGFEE78DA,藍田東段,31.45,都市：其他:第三種住宅區。,100000,655,持分移轉,00170000
RPTNMLMLNHLGFGE78DA,道爺廍段,17.00,都市：其他:第三之一種住宅區,1,1,全筆移轉,10780068
RPTPMLLKOHLGFGE88DA,文英段,34.89,都市：其他:第三之一種住宅區,10000,145,持分移轉,21010000
RPVOMLRLNHLGFGE96DA,赤山段,22.45,都市：其他:第三之一種住宅區,10000,193,持分移轉,05590002
RPSPMLOLOHLGFEE98DA,清豐段,13.90,都市：其他:第三種商業區,10000,95,持分移轉,04560000
RPWNMLLKOHLGFGE98DA,四甲段,22.58,都市：其他:第三之一種住宅區,10000,69,持分移轉,00090000
RPOOMLPKOHLGFEE48DA,楠梓段一小段,11.13,都市：其他:第四種住宅區,10000,16,持分移轉,01580000
RPOOMLLKOHLGFGE28DA,四甲段,23.23,都市：其他:第三之一種住宅區,10000,71,持分移轉,00090000
RPUNMLNKNHLGFIE09DA,永和段,73.34,都市：其他:第二種住宅區,1,1,全筆移轉,03380005
RPVNMLKKOHLGFIE98DA,八卦段,17.78,都市：其他:第四種住宅區,100000,368,持分移轉,00430000
RPSNMLPKNHLGFIE09DA,綠園段,183.35,非都市：山坡地保育區 ; 非都市編定：丙種建築用地,1,1,全筆移轉,05770000
RPQNMLPLOHLGFIE09DA,圳觀段,204.67,都市：其他:農業區,1,1,全筆移轉,02220003
RPQNMLPLOHLGFIE09DA,圳觀段,132.20,都市：其他:農業區,1,1,全筆移轉,02220006
RPTNMLSKOHLGFIE96DA,澄德段,17.35,都市：其他:社區中心商業區,100000,698,持分移轉,00910000
RPXNMLQKOHLGFJE27DA,青安段,69.79,非都市：鄉村區 ; 非都市編定：乙種建築用地,1,1,全筆移轉,10530002
RPQNMLSLNHLGFJE76DA,中軍段,7.79,非都市：鄉村區 ; 非都市編定：乙種建築用地,99,15,持分移轉,11020000
RPUNMLLKOHLGFIE98DA,新後港西段,30.21,都市：其他:住宅區,100000,711,持分移轉,01540000
RPSNMLTLOHLGFJE17DA,碧湖段,68.39,都市：其他:住宅區,1,1,全筆移轉,03030005
RPPNMLRKOHLGFJE56DA,中軍段,25.26,非都市：鄉村區 ; 非都市編定：乙種建築用地,10000,401,持分移轉,16130000
RPQNMLOLOHLGFJE09DA,崎漏段,100.00,都市：其他:第三種住宅區。,1,1,全筆移轉,05610013
RPQNMLOLOHLGFJE09DA,崎漏段,99.00,都市：其他:第三種住宅區。,1,1,全筆移轉,05610014
RPQNMLOLOHLGFJE09DA,崎漏段,100.00,都市：其他:第三種住宅區。,1,1,全筆移轉,05610015
RPPNMLRKOHLGFAE38EA,博孝段,7.67,都市：其他:第五種商業區,100000,298,持分移轉,12270000
RPQNMLOLOHLGFJE09DA,崎漏段,99.00,都市：其他:第三種住宅區。,1,1,全筆移轉,05610016
RPQNMLOLOHLGFJE09DA,崎漏段,100.00,都市：其他:第三種住宅區。,1,1,全筆移轉,05610017
RPSNMLOLOHLGFLE86DA,廣應段,28.41,都市：其他:住宅區,10000,626,持分移轉,03690006
RPRNMLNLOHLGFLE66DA,廣應段,28.32,都市：其他:住宅區,10000,624,持分移轉,03690006
RPPNMLMJOHLGFKE68DA,茂林段,2280.00,非都市：森林區 ; 非都市編定：林業用地,3,1,持分移轉,00260000
RPPNMLMJOHLGFKE68DA,茂林段,4883.33,非都市：森林區 ; 非都市編定：林業用地,3,1,持分移轉,00640000
RPPNMLMJOHLGFKE68DA,茂林段,1360.00,非都市：森林區 ; 非都市編定：林業用地,1,1,全筆移轉,02650000
RPPNMLMJOHLGFKE68DA,茂林段,910.50,非都市：森林區 ; 非都市編定：林業用地,2,1,持分移轉,02940000
RPPNMLMJOHLGFKE68DA,茂林段,2663.33,非都市：森林區 ; 非都市編定：林業用地,3,1,持分移轉,13420000
RPQNMLOLOHLGFIE09EA,埔嶺段,799.57,都市：其他:保護區,300,56,持分移轉,04460000
RPXNMLPKOHLGFAE88DA,龍華段八小段,16.01,都市：其他:第四種商業區,100000,602,持分移轉,22590000
RPSNMLOLOHLGFJE66DA,崎漏段,98.00,都市：其他:第三種住宅區。,1,1,全筆移轉,05730063
RPPNMLKKOHLGFAE57DA,青海段,50.55,都市：其他:特定第五種住宅區,10000,108,持分移轉,04400000
RPQNMLLJNHLGFBE67DA,意誠段,6.28,都市：其他:第五種商業區,100000,170,持分移轉,06640000
RPTNMLLLNHLGFBE18DA,正言段,8.95,都市：其他:第四種住宅區,10000,104,持分移轉,09480000
RPTNMLLLNHLGFBE18DA,正言段,11.99,都市：其他:第四種住宅區,10000,104,持分移轉,09480001
RPSNMLSKNHLGFBE68DA,福裕段,24.45,都市：其他:第三種住宅區。,100000,549,持分移轉,14350000
RPUOMLTLNHLGFBE56DA,過田子段,33.40,都市：其他:第二種特定商業專用區,5,1,持分移轉,05440001
RPUOMLTLNHLGFBE56DA,過田子段,6.00,都市：其他:道路用地,5,1,持分移轉,05440014
RPQOMLMKOHLGFDE28DA,義民段,78.83,都市：其他:第四種住宅區,1,1,全筆移轉,06050000
RPPOMLMKOHLGFDE18DA,中都段四小段,31.21,都市：其他:第四種住宅區,10000,94,持分移轉,02080000
RPSNMLPLMHLGFCE48DA,孔宅段,11.94,都市：其他:第三種住宅區。,10000,49,持分移轉,07440000
RPRPMLOJNHLGFEE58DA,新華段,15.92,都市：其他:第五種住宅區,100000,877,持分移轉,00590000
RPQNMLSKOHLGFAE48DA,內惟段一小段,25.25,都市：其他:第四種住宅區,100000,2943,持分移轉,12010000
RPROMLOKNHLGFEE58DA,興隆段,8.30,都市：其他:第五種住宅區,100000,332,持分移轉,08580000
RPTNMLSKOHLGFAE78DA,府北段五小段,2.71,都市：其他:第四種商業區,10000,31,持分移轉,01890000
RPTNMLSKNHLGFEE09DA,菜公段六小段,11.59,都市：其他:第五種住宅區,10000,48,持分移轉,11030000
RPPNMLTLNHLGFFE98DA,蚵寮段,107.83,非都市：鄉村區 ; 非都市編定：乙種建築用地,10,1,持分移轉,02280000
RPSNMLPLNHLGFGE98DA,文英段,27.71,都市：其他:第三之一種住宅區,10000,129,持分移轉,21020000
RPPNMLTLNHLGFGE09DA,維新段,1.42,都市：其他:住宅區,10000,77,持分移轉,11200000
RPPNMLTLNHLGFGE09DA,維新段,11.92,都市：其他:住宅區,10000,77,持分移轉,11540000
RPQPMLOJOHLGFGE78DA,三甲段,31.90,都市：其他:第三之一種住宅區,10000,92,持分移轉,00050000
RPRPMLLKOHLGFGE68DA,二甲段,13.77,都市：其他:第三之一種住宅區,20000,294,持分移轉,00810000
RPRPMLLKOHLGFGE68DA,二甲段,37.04,都市：其他:第三之一種住宅區,1,1,全筆移轉,01450000
RPUOMLNJOHLGFGE98DA,新庄子段,16.68,都市：其他:第三之一種住宅區,10000,17,持分移轉,01650000
RPXPMLRLMHLGFEE96DA,楠梓段四小段,27.70,都市：其他:第三種住宅區。,10,1,持分移轉,03430000
RPQPMLTKNHLGFDE98DA,凱歌段,26.04,都市：其他:第三種住宅區。,10000,232,持分移轉,08100000
RPRNMLQKOHLGFGE98DA,保成段,29.81,都市：其他:第二之三種住宅區,10000,39,持分移轉,00860000
RPXNMLMLMHLGFIE66DA,仁雄段,22.58,都市：其他:第四種住宅區,200000,3730,持分移轉,04820000
RPRNMLQKOHLGFIE56DA,仁義段,620.56,非都市：一般農業區 ; 非都市編定：農牧用地,1,1,全筆移轉,03570000
RPQNMLQLNHLGFIE09DA,烏林段,2266.56,非都市：山坡地保育區 ; 非都市編定：農牧用地,1,1,全筆移轉,13560000
RPOOMLQKOHLGFJE09DA,崎漏段,73.00,都市：其他:第三種住宅區。,1,1,全筆移轉,05270020
RPRNMLLKNHLGFLE88DA,山子頂段,74.00,都市：其他:農業區,1,1,全筆移轉,41580013
RPOOMLQKOHLGFJE09DA,崎漏段,26.04,都市：其他:第三種住宅區。,1000,120,持分移轉,05270025
RPTNMLSJOHLGFJE96DA,圍子內段,2040.00,都市：其他:農業區,1,1,全筆移轉,36060000
RPSNMLRKOHLGFIE76DA,仁春段,90.00,都市：其他:住宅區,1,1,全筆移轉,02570076
RPWNMLRKOHLGFJE27DA,明宗段,27.20,都市：其他:第二種住宅區,100000,12943,持分移轉,00370000
RPWOMLMJOHLGFDE78DA,建工段,9.11,都市：其他:第五種商業區,10000,27,持分移轉,07980000
RPTNMLQKOHLGFEE98DA,藍田東段,90.28,都市：其他:第三種住宅區。,10000,955,持分移轉,00420006
RPWPMLPKOHLGFEE76DA,果貿段,11.76,都市：其他:第四種住宅區,100000,117,持分移轉,02150011
RPSNMLRKOHLGFAE58DA,青海段,7.38,都市：其他:特定第五種住宅區,1000000,1091,持分移轉,00740000
RPPNMLLKOHLGFLE78DA,大寮段芎蕉腳小段,82.68,都市：其他:農業區,76700,8268,持分移轉,23730006
RPPNMLLKOHLGFLE78DA,大寮段芎蕉腳小段,383.00,都市：其他:農業區,1,1,全筆移轉,23730007
RPTOMLRKOHLGFAE78DA,鹽北段,33.04,都市：其他:第四種住宅區,100,1,持分移轉,03840000
RPSNMLRKOHLGFCE78DA,港和段二小段,40.25,都市：其他:第五種住宅區,8,1,持分移轉,06030000
RPTOMLRKOHLGFAE78DA,鹽北段,1.17,都市：其他:鐵路景觀用地,100,1,持分移轉,03840001
RPTOMLRKOHLGFAE78DA,鹽北段,6.91,都市：其他:道路用地,100,1,持分移轉,03840002
RPTOMLRKOHLGFAE78DA,鹽北段,2.68,都市：其他:第四種住宅區,100,1,持分移轉,03840003
RPTOMLRKOHLGFAE78DA,鹽北段,8.73,都市：其他:道路用地,100,1,持分移轉,03840004
RPOOMLQKOHLGFDE48DA,獅頭段一小段,22.70,都市：其他:第四種住宅區,10000,317,持分移轉,20310000
RPRQMLKKOHLGFEE48DA,後勁段一小段,14.27,都市：其他:第五種住宅區,10000,263,持分移轉,08450000
RPROMLLKOHLGFEE38DA,福山段,84.78,都市：其他:第三種住宅區。,1,1,全筆移轉,02360007
RPPNMLPLOHLGFDE58EA,建工段,12.07,都市：其他:第四種商業區,10000,137,持分移轉,05920000
RPPPMLMKOHLGFEE38DA,楠梓段四小段,12.35,都市：其他:第五種住宅區,100000,394,持分移轉,02430000
RPQNMLSJMHLGFGE78DA,華鳳段,22.34,都市：其他:第二之二種住宅區,100000,326,持分移轉,01120001
RPOOMLRJNHLGFEE48DA,楠梓段四小段,15.11,都市：其他:第五種住宅區,100000,482,持分移轉,02430000
RPROMLRJNHLGFEE78DA,楠梓段四小段,12.41,都市：其他:第五種住宅區,100000,396,持分移轉,02430000
RPVOMLQKOHLGFFE76DA,建樹段,75.51,都市：其他:道路用地,4800,1245,持分移轉,01130000
RPVOMLQKOHLGFFE76DA,建樹段,4.86,都市：其他:人行步道,16000,3996,持分移轉,01130001
RPUNMLRKOHLGFEE56DA,果貿段,12.44,都市：其他:第五種住宅區,100000,113,持分移轉,00060000
RPRNMLSKOHLGFFE09DA,燕北段,77.29,都市：其他:住宅區,1,1,全筆移轉,10070000
RPPOMLRKOHLGFFE88DA,岡山段,6.97,都市：其他:住宅區,10000,31,持分移轉,00300008
RPSNMLKKOHLGFGE48DA,竹子腳段,40.00,都市：其他:第三之一種住宅區,1,1,全筆移轉,02650052
RPROMLMKOHLGFGE68DA,文山段,95.00,都市：其他:第三之一種住宅區,1,1,全筆移轉,03760013
RPWOMLOJOHLGFEE09DA,藍田西段,16.73,都市：其他:第三種住宅區。,100000,656,持分移轉,03450000
RPROMLLKOHLGFDE28DA,鼎泰段,23.27,都市：其他:第四種住宅區,100000,487,持分移轉,14740004
RPSNMLSKOHLGFGE66DA,新甲段,26.00,都市：其他:第三之一種住宅區,2,1,持分移轉,10080038
RPPOMLMKOHLGFGE48DA,鳳青段,135.64,都市：其他:第三之一種住宅區,1,1,全筆移轉,02170000
RPRNMLNKMHLGFHE58DA,得湖段,76.75,非都市：一般農業區 ; 非都市編定：甲種建築用地,1,1,全筆移轉,05750000
RPUNMLMKOHLGFIE09DA,北屋段,1.12,都市：其他:第四種住宅區,10000,9,持分移轉,13530000
RPUNMLMKOHLGFIE09DA,北屋段,123.26,都市：其他:第四種住宅區,1,1,全筆移轉,13530086
RPUNMLMKOHLGFIE09DA,北屋段,22.72,都市：其他:第四種住宅區,16,1,持分移轉,13530104
RPUNMLMKOHLGFIE09DA,北屋段,.72,都市：其他:第四種住宅區,10000,9,持分移轉,14240036
RPSNMLLLNHLGFIE78DA,澄德段,20.67,都市：其他:社區中心商業區,100000,754,持分移轉,00610000
RPOOMLNLMHLGFJE68DA,中路段,32.00,非都市：特定農業區 ; 非都市編定：特定目的事業用地,1,1,全筆移轉,20970000
RPOOMLNLMHLGFJE68DA,中路段,562.00,非都市：特定農業區 ; 非都市編定：特定目的事業用地,1,1,全筆移轉,20980000
RPQNMLMLOHLGFJE88DA,圍子內段,17.92,非都市：一般農業區 ; 非都市編定：甲種建築用地,100,4,持分移轉,42140000
RPQNMLMLOHLGFJE88DA,圍子內段,56.00,非都市：一般農業區 ; 非都市編定：甲種建築用地,1,1,全筆移轉,42140008
RPPNMLSKOHLGFDE78EA,灣和段,16.71,都市：其他:第四種住宅區,100000,365,持分移轉,00740000
RPRNMLQKOHLGFLE86DA,內湖段,16.55,都市：其他:第二種住宅區,10000,13,持分移轉,08220000
RPPNMLSKOHLGFAE48EA,前金段,3.92,都市：其他:第四種商業區,200000,1021,持分移轉,00580016
RPSOMLNLMHLGFAE18DA,龍華段八小段,9.80,都市：其他:第四種商業區,10000,74,持分移轉,22830000
RPPNMLMKOHLGFAE77DA,鹽新段,6.00,都市：其他:第四種商業區,1,1,全筆移轉,04030000
RPPNMLMKOHLGFAE77DA,鹽新段,40.00,都市：其他:第四種商業區,1,1,全筆移轉,04060000
RPPNMLMKOHLGFAE77DA,鹽新段,11.00,都市：其他:第四種商業區,1,1,全筆移轉,04070000
RPVNMLQKOHLGFAE78DA,青海段,21.89,都市：其他:第三種特定商業專用區,10000,176,持分移轉,02050000
RPVNMLQKOHLGFAE78DA,龍水段一小段,13.41,都市：其他:第三種特定商業專用區,10000,176,持分移轉,11830000
RPRNMLSKOHLGFAE58DA,內惟段一小段,17.45,都市：其他:第四種住宅區,100000,2034,持分移轉,12010000
RPXNMLKMMHLGFBE48DA,過田子段,110.00,都市：其他:第二種特定商業專用區,1,1,全筆移轉,05380001
RPTNMLTLNHLGFBE98DA,過田子段,219.00,都市：其他:第二種特定商業專用區,1,1,全筆移轉,05380000
RPOOMLTLMHLGFCE58DA,盛興段一小段,30.29,都市：其他:第四種商業區,10000,159,持分移轉,16880000
RPPOMLSKOHLGFCE68DA,港和段一小段,9.52,都市：其他:第三種商業區,100000,321,持分移轉,05340000
RPROMLQKOHLGFDE78DA,覆鼎金段覆鼎金小段,129.00,都市：其他:第四種住宅區,1,1,全筆移轉,12110000
RPPOMLMKOHLGFCE08DA,高鳳段,73.00,都市：其他:第三種住宅區。,1,1,全筆移轉,15430000
RPTOMLMKOHLGFCE48DA,興南段,31.10,都市：其他:第三種住宅區。,10000,50,持分移轉,00160000
RPOQMLPJNHLGFEE48DA,清楠段,24.33,都市：其他:第三種住宅區。,10000,134,持分移轉,04810000
RPTNMLRKOHLGFDE98DA,鼎泰段,24.20,都市：其他:第三種住宅區。,10000,35,持分移轉,13990000
RPXOMLRKOHLGFEE96DA,福山段,8.02,都市：其他:第五種商業區,100000,543,持分移轉,04930000
RPSOMLMKOHLGFEE58DA,清豐段,1.71,都市：其他:第三種住宅區。,100000,264,持分移轉,02270516
RPSOMLMKOHLGFEE58DA,清豐段,12.52,都市：其他:第三種住宅區。,100000,340,持分移轉,02270517
RPPPMLRKOHLGFEE88DA,新福段三小段,17.47,都市：其他:第四種住宅區,100000,724,持分移轉,00170000
RPOPMLRKOHLGFEE78DA,援中段一小段,6.59,都市：其他:第三種住宅區。,10000,17,持分移轉,00960000
RPOPMLRKOHLGFEE78DA,援中段一小段,3.84,都市：其他:第三種商業區,10000,17,持分移轉,01000000
RPSOMLMJOHLGFCE28DA,坪鳳段,201.26,都市：其他:第三種住宅區。,1,1,全筆移轉,06820006
RPSOMLSKOHLGFEE56DA,左屏段,9.13,都市：其他:第五種住宅區,100000,316,持分移轉,00020000
RPWNMLTJMHLGFBE98DA,過田子段,74.00,都市：其他:第五種商業區,1,1,全筆移轉,07010004
RPWNMLRKOHLGFFE86DA,長榮段,91.28,都市：其他:住宅區,1,1,全筆移轉,00530007
RPUNMLTLNHLGFFE86DA,後壁田段,13.42,都市：其他:第二種商業區,200000,208,持分移轉,00610000
RPVNMLSKOHLGFFE86DA,鳳雄段,72.39,都市：其他:住宅區,1,1,全筆移轉,14120000
RPQOMLSJNHLGFGE98DA,鳳翔段,28.98,都市：其他:第二之三種住宅區,10000,81,持分移轉,02380000
RPQNMLSLNHLGFGE09DA,鳳翔段,30.06,都市：其他:第二之三種住宅區,10000,84,持分移轉,02380000
RPPOMLLLNHLGFEE18DA,果貿段,17.67,都市：其他:第五種住宅區,10000,27,持分移轉,01770009
RPRNMLMKOHLGFGE58DA,文山段,78.00,都市：其他:第三之一種住宅區,1,1,全筆移轉,06970017
RPVNMLTLNHLGFGE07DA,統嶺段,67.95,非都市：特定農業區 ; 非都市編定：甲種建築用地,1,1,全筆移轉,00460000
RPUNMLRKMHLGFIE76DA,後港東段,77.16,都市：其他:第二種住宅區,1,1,全筆移轉,00550011
RPPNMLPKNHLGFIE78DA,澄合段,23.41,都市：其他:第二種住宅區,20000,2266,持分移轉,02550000
RPVNMLTLNHLGFGE07DA,統嶺段,17.63,非都市：特定農業區 ; 非都市編定：甲種建築用地,2000,161,持分移轉,00520000
RPQNMLNJNHLGFDE08DA,新都段,15.65,都市：其他:第四種住宅區,100000,599,持分移轉,01360000
RPPNMLPKNHLGFIE78DA,澄合段,66.75,都市：其他:第二種住宅區,1,1,全筆移轉,02550008
RPPNMLPLMHLGFIE78DA,草潭段,61.88,都市：其他:第二種住宅區,2,1,持分移轉,10660006
RPPNMLPLMHLGFIE78DA,草潭段,.04,都市：其他:道路用地,2,1,持分移轉,10660019
RPRNMLMJOHLGFIE68DA,翠屏段,28.32,都市：其他:住宅區(住二),1000,120,持分移轉,02840000
RPSOMLPKOHLGFIE66DA,林內段,35.86,都市：其他:第一種住宅區,10000,206,持分移轉,00170000
RPVNMLQKOHLGFIE96DA,永和段,11.07,都市：其他:綠地,38232,664,持分移轉,02950000
RPVNMLQKOHLGFIE96DA,育英段,90.20,都市：其他:綠地,18,8,持分移轉,07920000
RPRNMLMLOHLGFKE09DA,東門段,8.04,都市：其他:住宅區,15,1,持分移轉,05530000
RPRNMLMLOHLGFKE09DA,東門段,18.78,都市：其他:道路用地,15,1,持分移轉,05540000
RPRNMLMLOHLGFKE09DA,東門段,12.16,都市：其他:商業區,15,1,持分移轉,05550000
RPROMLMLMHLGFGE58DA,竹子腳段,10.59,都市：其他:第三之一種住宅區,10000,25,持分移轉,02230361
RPXNMLSKOHLGFIE37DA,大昌段,29.93,都市：其他:第三種住宅區。,10000,43,持分移轉,00470000
RPRNMLSKOHLGFLE07DA,翁公園段二小段,24.32,都市：其他:住宅區,100000,807,持分移轉,53810000
RPOOMLSKOHLGFIE56DA,仁春段,76.00,都市：其他:住宅區,1,1,全筆移轉,08020007
RPPNMLSKOHLGFCE68EA,桂林段,111.00,都市：其他:第三種住宅區。,1,1,全筆移轉,02090002
RPVNMLPKOHLGFAE68DA,青海段,14.72,都市：其他:特定第五種住宅區,1000000,2176,持分移轉,00740000
RPVNMLSKOHLGFLE47DA,新厝北段,352.69,都市：其他:第二種乙種工業區,1,1,全筆移轉,00670000
RPVNMLSKOHLGFLE47DA,新厝北段,3.36,都市：其他:道路用地,1,1,全筆移轉,00670001
RPVNMLMKOHLGFAE38DA,青海段,21.83,都市：其他:特定第五種住宅區,20000,106,持分移轉,00940000
RPPNMLNLOHLGFAE97DA,大東段,19.08,都市：其他:第三種商業區,10000,190,持分移轉,03160000
RPPNMLNLOHLGFAE97DA,大東段,.11,都市：其他:道路用地,10000,190,持分移轉,03160001
RPROMLMJMHLGFDE08DA,大順段,9.86,都市：其他:第四種商業區,10000,46,持分移轉,02300000
RPUNMLRLMHLGFBE78DA,苓洲段,10.38,都市：其他:第五種商業區,400000,5243,持分移轉,16880000
RPROMLMJMHLGFDE08DA,大順段,.00,都市：其他:道路用地,10000,46,持分移轉,02300002
RPVNMLOKNHLGFBE58DA,林德官段,6.56,都市：其他:第五種商業區,100000,1563,持分移轉,12960000
RPVNMLKLNHLGFBE28DA,林德官段,5.26,都市：其他:第五種商業區,100000,1252,持分移轉,12960000
RPQNMLKLNHLGFBE77DA,林德官段,5.26,都市：其他:第五種商業區,100000,1252,持分移轉,12960000
RPVNMLTJOHLGFBE09DA,五權段,31.00,都市：其他:第二種住宅區,10,1,持分移轉,06470000
RPVNMLTJOHLGFBE09DA,五權段,3.10,都市：其他:第二種住宅區,10,1,持分移轉,06470001
RPVNMLLKOHLGFBE38DA,林德官段,9.69,都市：其他:第五種商業區,20000,228,持分移轉,13470000
RPVNMLLKOHLGFBE38DA,林德官段,.99,都市：其他:道路用地,20000,228,持分移轉,13470001
RPVNMLLKOHLGFBE38DA,林德官段,4.58,都市：其他:第三種住宅區。,20000,228,持分移轉,13470002
RPQNMLRKOHLGFBE48DA,苓洲段,5.50,都市：其他:道路用地,8,4,持分移轉,02250000
RPQNMLRKOHLGFBE48DA,苓洲段,23.50,都市：其他:第五種商業區,8,4,持分移轉,02260000
RPQNMLLLNHLGFBE87DA,林德官段,6.56,都市：其他:第五種商業區,100000,1563,持分移轉,12960000
RPSOMLLLMHLGFEE38DA,藍田西段,13.77,都市：其他:第三種商業區,10000,41,持分移轉,01440000
RPSOMLTLMHLGFEE56DA,左東段,15.59,都市：其他:第五種住宅區,10000,58,持分移轉,05280000
RPQOMLKMMHLGFEE18DA,藍昌段二小段,12.10,都市：其他:第四種商業區,10000,33,持分移轉,10170000
RPTNMLSLNHLGFLE27DA,山子頂段,2349.00,都市：其他:農業區,1,1,全筆移轉,33130000
RPUNMLLKNHLGFEE48DA,福山段,99.22,都市：其他:第三種住宅區。,1,1,全筆移轉,01160018
RPSPMLRJMHLGFDE78DA,大港段,21.87,都市：其他:第五種住宅區,2388,24,持分移轉,36080000
RPPNMLSKOHLGFEE78DA,清楠段,14.99,都市：其他:第二種特定商業專用區,10000,28,持分移轉,02260000
RPSOMLMLOHLGFEE68DA,和平東段,17.41,都市：其他:第三種住宅區。,100000,853,持分移轉,00300000
RPPNMLSKOHLGFEE78DA,土庫段三小段,1.99,都市：其他:第二種特定商業專用區,10000,28,持分移轉,02330003
RPSPMLRKOHLGFEE56DA,芎蕉段,13.86,都市：其他:住宅區(特),10000,54,持分移轉,01460000
RPQNMLLLMHLGFBE77DA,五塊厝段,3.61,都市：其他:第二種特定商業專用區,10000,172,持分移轉,15330000
RPQNMLLLMHLGFBE77DA,五塊厝段,18.13,都市：其他:第四種住宅區,10000,172,持分移轉,15330001
RPWOMLSJNHLGFFE86DA,後壁田段,9.62,都市：其他:第三種住宅區。,50000,311,持分移轉,00480000
RPWOMLSJNHLGFFE86DA,後壁田段,137.52,都市：其他:第三種住宅區。,1,1,全筆移轉,00480096
RPWNMLLLMHLGFDE58DA,獅頭段,6.35,都市：其他:第四種商業區,100000,625,持分移轉,21390000
RPQNMLLKNHLGFFE18DA,同安段,95.65,非都市：鄉村區 ; 非都市編定：乙種建築用地,1,1,全筆移轉,11110001
RPROMLQKOHLGFFE98DA,梓中段,65.52,都市：其他:住宅區,1,1,全筆移轉,11500000
RPRNMLSKOHLGFGE56DA,坪頂段,187.39,非都市：鄉村區 ; 非都市編定：乙種建築用地,1,1,全筆移轉,00730000
RPSOMLMJOHLGFGE68DA,鳳甲段,34.76,都市：其他:第三之一種住宅區,100000,433,持分移轉,00520000
RPSNMLKKOHLGFFE38DA,赤東段,74.10,非都市：鄉村區 ; 非都市編定：乙種建築用地,1,1,全筆移轉,03810000
RPSNMLKKOHLGFFE38DA,赤東段,18.23,非都市：鄉村區 ; 非都市編定：乙種建築用地,1,1,全筆移轉,03820000
RPRNMLMLOHLGFGE68DA,新庄子段,13.73,都市：其他:第三之一種住宅區,10000,14,持分移轉,01650000
RPROMLRLMHLGFIE66DA,大丘園段,2958.66,非都市：一般農業區 ; 非都市編定：農牧用地,1,1,全筆移轉,04870000
RPPNMLPLMHLGFKE98DA,竹頭角段,1124.00,非都市：特定農業區 ; 非都市編定：農牧用地,1,1,全筆移轉,27980000
RPSNMLMLOHLGFIE98DA,觀音湖段,1.44,都市：其他:保護區,131950,4009,持分移轉,05860000
RPPNMLTJOHLGFIE56DA,神農段,157.30,都市：其他:住宅區(住二),1,1,全筆移轉,00530013
RPSNMLMLOHLGFIE98DA,觀音湖段,15.35,都市：其他:農業區,131950,4009,持分移轉,06680000
RPSNMLMLOHLGFIE98DA,觀音湖段,1.13,都市：其他:保護區,131950,4009,持分移轉,06690000
RPSNMLMLOHLGFIE98DA,觀音湖段,.23,都市：其他:保護區,131950,4009,持分移轉,06700000
RPSNMLMLOHLGFIE98DA,觀音湖段,2.47,都市：其他:農業區,131950,4009,持分移轉,06710000
RPSNMLMLOHLGFIE98DA,觀音湖段,30.86,都市：其他:農業區,131950,4009,持分移轉,06810000
RPSNMLMLOHLGFIE98DA,觀音湖段,380.17,都市：其他:農業區,1,1,全筆移轉,06900000
RPSNMLMLOHLGFIE98DA,觀音湖段,22.14,都市：其他:保護區,1,1,全筆移轉,06910000
RPSNMLMLOHLGFIE98DA,觀音湖段,9.55,都市：其他:農業區,131950,4009,持分移轉,07100000
RPSNMLMLOHLGFIE98DA,觀音湖段,6.14,都市：其他:農業區,131950,4009,持分移轉,07240000
RPQNMLSLNHLGFLE96DA,民新段,14.12,都市：其他:住宅區,5,1,持分移轉,00940000
RPQNMLSLNHLGFLE96DA,民新段,72.13,都市：其他:住宅區,1,1,全筆移轉,00940019
RPQNMLMLOHLGFAE08EA,龍水段一小段,9.21,都市：其他:第三種特定商業專用區,72000,921,持分移轉,11690000
RPSNMLNLOHLGFLE76DA,王公廟段,12.08,都市：其他:住宅區,100000,683,持分移轉,16630000
RPPNMLMLOHLGFIE78EA,大脚腿段,56.00,都市：其他:河川區,1,1,全筆移轉,17800099
RPUNMLMLOHLGFAE38DA,內惟段五小段,30.39,都市：其他:第五種住宅區,10000,330,持分移轉,02960001
RPSOMLSKNHLGFBE78DA,林德官段一小段,12.47,都市：其他:第五種住宅區,10000,173,持分移轉,32000000
RPVNMLMLOHLGFAE48DA,青海段,29.24,都市：其他:特定第五種住宅區,100000,294,持分移轉,00610000
RPPNMLOLOHLGFAE08DA,龍華段二小段,74.00,都市：其他:第五種住宅區,1,1,全筆移轉,08560007
RPOOMLNLOHLGFBE08DA,新興段二小段,5.50,都市：其他:第四種商業區,10000,71,持分移轉,11470001
RPRNMLOJOHLGFLE56DA,內厝段,21.71,都市：其他:第二種住宅區,10000,74,持分移轉,07330000
RPROMLNLOHLGFBE38DA,林德官段,5.97,都市：其他:第五種商業區,10000,137,持分移轉,11400000
RPRNMLPLMHLGFCE38DA,瑞南段一小段,14.22,都市：其他:第五種住宅區,10000,141,持分移轉,10020000
RPRNMLPLMHLGFCE38DA,瑞南段一小段,2.83,都市：其他:第五種住宅區,10000,141,持分移轉,10020026
RPUTMLTJMHLGFFE17DA,後壁田段,16.29,都市：其他:第六種住宅區,100000,227,持分移轉,03550006
RPQNMLMLOHLGFEE38DA,加昌段,13.62,都市：其他:第四種住宅區,10000,218,持分移轉,01770000
RPQNMLMLOHLGFEE38DA,加昌段,1.55,都市：其他:第二種特定商業專用區,10000,218,持分移轉,01770001
RPTOMLMLOHLGFEE78DA,新民段,10.62,都市：其他:第五種住宅區,100000,310,持分移轉,00060000
RPVOMLMLOHLGFEE98DA,莒光段二小段,59.00,都市：其他:第四種住宅區,1,1,全筆移轉,07230000
RPTNMLNLOHLGFEE78DA,新光段,17.09,都市：其他:第四種住宅區,10000,110,持分移轉,03150000
RPOOMLMLOHLGFGE48DA,五甲段,87.00,都市：其他:第三之一種住宅區,1,1,全筆移轉,12090000
RPOOMLMLOHLGFGE48DA,五甲段,3.00,都市：其他:道路用地,1,1,全筆移轉,12090048
RPSOMLNLOHLGFEE78DA,果貿段,16.69,都市：其他:第四種住宅區,100000,166,持分移轉,02150011
RPQNMLMJOHLGFHE48DA,月眉段二小段,143.20,非都市：特定農業區 ; 非都市編定：農牧用地,54,37,持分移轉,47170000
RPQNMLMJOHLGFHE48DA,月眉段二小段,1872.00,非都市：特定農業區 ; 非都市編定：農牧用地,1,1,全筆移轉,47180000
RPOPMLNLOHLGFEE48DA,援中段二小段,18.90,都市：其他:第四種住宅區,10000,92,持分移轉,00720000
RPPNMLPJOHLGFJE88DA,崇西段,6458.25,非都市：山坡地保育區 ; 非都市編定：暫未編定,3974250000,406877595,持分移轉,08500000
RPRNMLNLOHLGFIE98DA,嘉誠段,1863.68,非都市：一般農業區 ; 非都市編定：農牧用地,1,1,全筆移轉,05010000
RPRNMLNLOHLGFIE98DA,嘉誠段,1038.05,非都市：一般農業區 ; 非都市編定：農牧用地,1,1,全筆移轉,05020000
RPRNMLNLOHLGFIE98DA,嘉誠段,588.14,非都市：一般農業區 ; 非都市編定：林業用地,250000,58814,持分移轉,05120000
RPSNMLTLMHLGFDE98DA,澄正段,14.57,都市：其他:第四種住宅區,100000,220,持分移轉,00040000
RPTNMLOKMHLGFCE38DA,仁愛段,43.03,都市：其他:第三種住宅區。,880,10,持分移轉,05220000
RPVOMLMLOHLGFLE07DA,永芳段,122.00,都市：其他:第二種住宅區,1,1,全筆移轉,07140000
RPXNMLQKOHLGFAE98DA,青海段,9.18,都市：其他:特定第五種住宅區,10000,24,持分移轉,06150000
RPXNMLQKOHLGFAE98DA,龍水段,2.53,都市：其他:特定第五種住宅區,10000,24,持分移轉,06670000
RPUNMLOLOHLGFAE58DA,鼓南段三小段,76.00,都市：其他:第三種商業區,1,1,全筆移轉,10080000
RPUNMLOLOHLGFAE58DA,鼓南段三小段,14.00,都市：其他:第三種商業區,1,1,全筆移轉,10090000
RPSNMLNLOHLGFBE38DA,林德官段,6.46,都市：其他:第五種商業區,10000,76,持分移轉,13470000
RPSNMLNLOHLGFBE38DA,林德官段,.66,都市：其他:道路用地,10000,76,持分移轉,13470001
RPSNMLNLOHLGFBE38DA,林德官段,3.06,都市：其他:第三種住宅區。,10000,76,持分移轉,13470002
RPVNMLSKNHLGFBE98DA,林德官段,8.16,都市：其他:第五種商業區,10000,62,持分移轉,12940005
RPSNMLSKOHLGFCE88DA,草衙段一小段,60.28,都市：其他:第三種商業區,1,1,全筆移轉,05680000
RPQPMLPKOHLGFCE58DA,鎮昌段一小段,3.56,都市：其他:第三種商業區,10000,113,持分移轉,13300000
RPQPMLPKOHLGFCE58DA,鎮昌段一小段,13.40,都市：其他:第三種商業區,6488625,65375,持分移轉,13310000
RPXNMLQKOHLGFCE56DA,中厝段,56.00,都市：其他:第二種住宅區,1,1,全筆移轉,00320013
RPXNMLQKOHLGFCE56DA,中厝段,19.27,都市：其他:第二種住宅區,47093,1919,持分移轉,00320042
RPWNMLTLNHLGFEE96DA,新民段,14.96,都市：其他:第四種住宅區,10000,113,持分移轉,01060000
RPVNMLNLOHLGFCE78DA,瑞南段一小段,11.10,都市：其他:第五種住宅區,10000,110,持分移轉,10020000
RPVNMLNLOHLGFCE78DA,瑞南段一小段,2.21,都市：其他:第五種住宅區,10000,110,持分移轉,10020026
RPPNMLQKOHLGFDE48DA,中都段三小段,11.05,都市：其他:第四種住宅區,10000,38,持分移轉,10100000
RPRNMLMLOHLGFDE38DA,獅頭段,28.97,都市：其他:第四種住宅區,10000,176,持分移轉,26170000
RPWNMLTJMHLGFAE88DA,龍中段,9.22,都市：其他:第四種商業區,100000,331,持分移轉,01480000
RPQNMLKKMHLGFAE47DA,青海段,9.26,都市：其他:特定第四種商業區,100000,324,持分移轉,01210000
RPQNMLOLOHLGFDE48DA,大港段四小段,58.00,都市：其他:第四種住宅區,1,1,全筆移轉,23230000
RPPNMLQJMHLGFAE87DA,龍中段,11.76,都市：其他:第四種商業區,100000,457,持分移轉,01040000
RPSNMLTJOHLGFEE09DA,藍昌段一小段,77.00,都市：其他:第四種住宅區,1,1,全筆移轉,00390000
RPRNMLOLOHLGFDE58DA,灣中段,8.44,都市：其他:第五種商業區,100000,317,持分移轉,00630000
RPUOMLKKOHLGFEE58DA,惠民段,15.23,都市：其他:第三種住宅區。,100000,917,持分移轉,00330000
RPOPMLKKOHLGFEE08DA,惠民段,23.95,都市：其他:第三種住宅區。,100000,1442,持分移轉,00330000
RPUNMLSKOHLGFEE66DA,惠民段,23.95,都市：其他:第三種住宅區。,100000,1442,持分移轉,00330000
RPSOMLRLMHLGFDE88DA,獅頭段一小段,11.52,都市：其他:第四種商業區,100000,1002,持分移轉,16040000
RPVNMLSKOHLGFEE76DA,惠民段,15.23,都市：其他:第三種住宅區。,100000,917,持分移轉,00330000
RPUNMLSJOHLGFDE09DA,大港段,4.23,都市：其他:第三種特定商業專用區,100000,407,持分移轉,35170000
RPUNMLSJOHLGFDE09DA,大港段,.28,都市：其他:第五種住宅區,100000,407,持分移轉,35170003
RPOOMLPLOHLGFCE38DA,愛群段,14.02,都市：其他:第五種商業區,100000,787,持分移轉,17460000
RPWNMLSKOHLGFEE86DA,惠民段,15.23,都市：其他:第三種住宅區。,100000,917,持分移轉,00330000
RPXOMLSKOHLGFEE07DA,右昌段三小段,36.50,都市：其他:第三種住宅區。,2,1,持分移轉,08450000
RPWOMLNLOHLGFEE56DA,福山段,4.37,都市：其他:第五種商業區,100000,150,持分移轉,04850000
RPQNMLNLOHLGFEE48DA,菜公段六小段,11.22,都市：其他:第三種住宅區。,100000,406,持分移轉,10900000
RPOOMLTLNHLGFGE09DA,頂新段,20.88,都市：其他:第三之一種住宅區,10000,93,持分移轉,00810000
RPWNMLSKOHLGFGE07DA,維新段,38.19,都市：其他:道路用地,1,1,全筆移轉,04750000
RPPPMLNLOHLGFGE78DA,文英段,6.64,都市：其他:第三之一種住宅區,10000,14,持分移轉,08570000
RPWNMLSKOHLGFGE07DA,維新段,2.52,都市：其他:住宅區,1,1,全筆移轉,04750001
RPWNMLSKOHLGFGE07DA,維新段,59.47,都市：其他:住宅區,1,1,全筆移轉,04760000
RPSNMLOLMHLGFJE09DA,復安段,2605.45,非都市：特定農業區 ; 非都市編定：農牧用地,1,1,全筆移轉,01140000
RPSNMLOLMHLGFJE09DA,復安段,703.07,非都市：特定農業區 ; 非都市編定：農牧用地,1,1,全筆移轉,01150000
RPPOMLOLMHLGFIE78DA,育才段,58.15,都市：其他:第一種住宅區,10000,40,持分移轉,03160000
RPQNMLMLOHLGFIE78DA,萬金段,33.66,都市：其他:住宅區,10000,141,持分移轉,03870000
RPPNMLLKOHLGFIE48DA,澄德段,18.94,都市：其他:社區中心商業區,200000,622,持分移轉,00090001
RPRNMLQJNHLGFKE56DA,永平段,2.26,都市：其他:住宅區,252,11,持分移轉,00180000
RPTNMLMKOHLGFLE66DA,內坑段,23.37,都市：其他:第二種住宅區,10000,61,持分移轉,09130000
RPRNMLQJNHLGFKE56DA,永平段,5.58,都市：其他:住宅區,6,1,持分移轉,00190000
RPRNMLTLMHLGFAE58DA,內惟段三小段,92.00,都市：其他:第三種住宅區。,1,1,全筆移轉,04740002
RPOQMLOLOHLGFIE09DA,大昌段,24.24,都市：其他:第三種住宅區。,10000,57,持分移轉,00660000
RPPOMLPKOHLGFAE18DA,青海段,12.60,都市：其他:特定第五種住宅區,1000000,1863,持分移轉,00740000
RPXNMLPKOHLGFBE98DA,新興段一小段,10.96,都市：其他:第五種商業區,20000,162,持分移轉,21050000
RPXNMLPKOHLGFBE98DA,新興段一小段,1.57,都市：其他:第三種特定商業專用區,20000,162,持分移轉,21050001
RPXNMLPKOHLGFBE98DA,新興段一小段,.44,都市：其他:道路用地,20000,162,持分移轉,21050002
RPTNMLPKNHLGFDE68DA,水源段,28.68,都市：其他:第四種住宅區,10,1,持分移轉,00270000
RPUNMLTJOHLGFCE09DA,高松段,52.36,都市：其他:第三種住宅區。,10000,550,持分移轉,01450000
RPRNMLPJOHLGFLE66DA,翁公園段,44.00,都市：其他:住宅區,1,1,全筆移轉,38690032
RPUNMLQKOHLGFEE09DA,福山段,11.83,都市：其他:第五種住宅區,10000,54,持分移轉,00260000
RPOOMLSJOHLGFBE38DA,五塊厝段,12.87,都市：其他:第三種特定商業專用區,100000,1145,持分移轉,23810000
RPTNMLMKOHLGFBE28DA,五塊厝段,272.00,都市：其他:第五種商業區,1,1,全筆移轉,20620000
RPTNMLMKOHLGFBE28DA,五塊厝段,87.00,都市：其他:第五種商業區,1,1,全筆移轉,20630000
RPTNMLMKOHLGFBE28DA,五塊厝段,86.00,都市：其他:第五種商業區,1,1,全筆移轉,20640000
RPSNMLQKOHLGFDE78DA,新都段,36.21,都市：其他:第三種住宅區。,10000,137,持分移轉,00750000
RPPNMLSKOHLGFBE48DA,新興段二小段,101.00,都市：其他:第四種商業區,1,1,全筆移轉,15440000
RPUNMLPJNHLGFEE78DA,新庄段七小段,14.16,都市：其他:第五種住宅區,10000,76,持分移轉,05750000
RPWNMLPKOHLGFEE56DA,清豐段,6.28,都市：其他:第三種商業區,10000,25,持分移轉,04060000
RPVNMLPKOHLGFDE98DA,建安段,4.26,都市：其他:第四種商業區,100000,207,持分移轉,04010000
RPVNMLQKOHLGFEE56DA,惠民段,20.14,都市：其他:第三種住宅區。,10000,26,持分移轉,00230000
RPWOMLRLNHLGFFE96DA,富貴段,49.41,都市：其他:住宅區,10000,1350,持分移轉,07480000
RPXOMLQKOHLGFEE86DA,藍昌段一小段,1.00,都市：其他:第三種住宅區。,1,1,全筆移轉,07570009
RPXOMLQKOHLGFEE86DA,藍昌段一小段,80.00,都市：其他:第三種住宅區。,1,1,全筆移轉,07670000
RPTQMLLLMHLGFGE88DA,道爺廍段,27.10,都市：其他:第三之一種住宅區,20,1,持分移轉,10930074
RPPNMLLKNHLGFLE68DA,邱厝坪段,551.15,都市：其他:第二種住宅區,1,1,全筆移轉,10940000
RPPNMLLKNHLGFLE68DA,邱厝坪段,.46,都市：其他:公園用地,1,1,全筆移轉,10940001
RPPNMLRKOHLGFLE76DA,大寮段芎蕉腳小段,88.00,都市：其他:住宅區,1,1,全筆移轉,21820015
RPPNMLRKOHLGFLE76DA,大寮段芎蕉腳小段,18.00,都市：其他:道路用地,1,1,全筆移轉,21820035
RPOOMLLLNHLGFAE67DA,青海段,27.15,都市：其他:特定第五種住宅區,10000,58,持分移轉,04400000
RPXNMLMKOHLGFCE78DA,宏明段,28.90,都市：其他:第三種住宅區。,1000000000,5089690,持分移轉,04440000
RPXNMLSKNHLGFEE86DA,藍田東段,25.01,都市：其他:第四種住宅區,10000,111,持分移轉,01360000
RPQNMLSKOHLGFGE09DA,新甲段,22.76,都市：其他:第三之一種住宅區,1000,81,持分移轉,13140032
RPPPMLLKNHLGFGE38DA,七老爺段,28.50,都市：其他:第三之一種住宅區,10,1,持分移轉,12410001
RPOOMLPKOHLGFIE88DA,林內段,29.77,都市：其他:第一種住宅區,10000,171,持分移轉,00170000
RPSOMLRKOHLGFGE66DA,新庄子段,17.76,都市：其他:第二之五種商業區,100000,1477,持分移轉,00310000
RPSNMLQKOHLGFIE66DA,澄合段,96.40,都市：其他:第三種住宅區。,1,1,全筆移轉,00590005
RPRNMLSJNHLGFLE86DA,大寮段,140.00,都市：其他:住宅區,1,1,全筆移轉,25310008
RPXNMLRKOHLGFIE27DA,育才段,72.94,都市：其他:第一種住宅區,10000,324,持分移轉,02990000
RPUNMLMLOHLGFLE86DA,溪州段,71.00,都市：其他:住宅區,1,1,全筆移轉,18570004
RPPNMLNLOHLGFKE09EA,荖濃段,1102.00,非都市：山坡地保育區 ; 非都市編定：農牧用地,1,1,全筆移轉,01210015
RPPTMLLJMHLGFAE97DA,青海段,24.52,都市：其他:特定第五種住宅區,10000,76,持分移轉,00970000
RPTNMLMLOHLGFAE28DA,內惟段九小段,17.17,都市：其他:第五種住宅區,10000,97,持分移轉,00170000
RPQOMLRKOHLGFDE78DA,大港段四小段,16.69,都市：其他:第四種住宅區,10000,102,持分移轉,27780000
RPSNMLMLOHLGFDE48DA,大港段,15.67,都市：其他:第四種住宅區,10000,419,持分移轉,34820000
RPSNMLMLOHLGFDE48DA,大港段,48.00,都市：其他:第四種住宅區,1,1,全筆移轉,34820024
RPROMLRKOHLGFEE98DA,福民段,10.22,都市：其他:第四種住宅區,10000,21,持分移轉,01810000
RPSNMLSKOHLGFFE56DA,橋南段,12.00,都市：其他:住宅區,1,1,全筆移轉,00390000
RPSNMLSKOHLGFFE56DA,橋南段,72.00,都市：其他:商業區,1,1,全筆移轉,00400000
RPQNMLSKOHLGFKE86DA,清水段,256.00,非都市：鄉村區 ; 非都市編定：乙種建築用地,1,1,全筆移轉,13500001
RPQNMLMKOHLGFLE98DA,內厝段,12.00,都市：其他:人行步道,1,1,全筆移轉,00160000
RPQNMLMKOHLGFLE98DA,內厝段,91.00,都市：其他:第二種住宅區,1,1,全筆移轉,00170000
RPQNMLMLOHLGFCE18DA,中林子段,1206.00,都市：其他:都市計畫外,1,1,全筆移轉,10500023
RPQNMLKLMHLGFLE68DA,大寮段,940.00,都市：其他:農業區,1,1,全筆移轉,29600000
RPROMLTLMHLGFLE17DA,江山段,24.94,都市：其他:住宅區,10000,280,持分移轉,00390000
RPQNMLLLNHLGFCE97DA,店鎮段,20.46,都市：其他:第五種住宅區,20000,134,持分移轉,03880000
RPSNMLNLOHLGFCE48DA,獅甲段,9.15,都市：其他:第五種商業區,10000,54,持分移轉,01580001
RPQPMLMLOHLGFCE38DA,山明段,23.19,都市：其他:第四種住宅區,10000,79,持分移轉,07020000
RPSNMLNLOHLGFCE48DA,獅甲段,8.41,都市：其他:第五種住宅區,10000,54,持分移轉,01600001
RPUNMLMLOHLGFDE68DA,三塊厝段四小段,69.00,都市：其他:第四種住宅區,1,1,全筆移轉,22350000
RPSNMLPJOHLGFEE68DA,和平段五小段,64.00,都市：其他:第五種住宅區,1,1,全筆移轉,04780006
RPXOMLPJOHLGFEE66DA,和平段一小段,19.68,都市：其他:第四種住宅區,20000,130,持分移轉,04800000
RPWNMLLLOHLGFGE09DA,五甲段,21.39,都市：其他:第三之一種住宅區,10000,382,持分移轉,12000019
RPVNMLRKMHLGFLE17DA,前庄段,72.27,都市：其他:住宅區,1,1,全筆移轉,03750000
RPWOMLMLOHLGFLE17DA,民新段,21.59,都市：其他:住宅區,1000,96,持分移轉,00080056
RPWOMLMLOHLGFLE17DA,民新段,51.62,都市：其他:住宅區,1,1,全筆移轉,00080059
RPQOMLNLOHLGFDE48DA,灣中段,10.83,都市：其他:第三種商業區,100000,630,持分移轉,01360000
RPTPMLNLOHLGFEE98DA,清楠段,69.12,都市：其他:第三種住宅區。,1,1,全筆移轉,04440000
RPQNMLOJOHLGFCE18DA,坪北段,83.08,都市：其他:高速公路用地,12,2,持分移轉,06100003
RPQNMLOJOHLGFCE18DA,坪北段,49.03,都市：其他:高速公路用地,12,2,持分移轉,06100004
RPQNMLOJOHLGFCE18DA,坪北段,316.16,都市：其他:高速公路用地,12,2,持分移轉,06110003
RPQNMLOJOHLGFCE18DA,坪北段,9.01,都市：其他:高速公路用地,12,2,持分移轉,06110004
RPXNMLLLMHLGFIE56DA,澄德段,22.47,都市：其他:社區中心商業區,100000,820,持分移轉,00610000
RPPOMLLKOHLGFDE08DA,灣昌段,1834.28,都市：其他:第四種住宅區,1,1,全筆移轉,05640000
SPPOMLLKOHLGFDE18DA,灣昌段,57.86,都市：其他:道路用地,30,7,持分移轉,05900000
RPRNMLRKOHLGFIE66DA,保舍甲段,321.41,都市：其他:住宅區,133645,8365,持分移轉,05670000
RPRNMLRKOHLGFIE66DA,保舍甲段,27.97,都市：其他:住宅區,133645,3346,持分移轉,05670003
RPRNMLRKOHLGFIE66DA,保舍甲段,86.25,都市：其他:道路用地,133645,8365,持分移轉,05670011
RPRNMLRKOHLGFIE66DA,保舍甲段,527.58,都市：其他:住宅區,133645,8365,持分移轉,05670012
RPRNMLRKOHLGFIE66DA,保舍甲段,35.43,都市：其他:道路用地,133645,8365,持分移轉,05670013
RPRNMLRKOHLGFIE66DA,保舍甲段,56.02,都市：其他:住宅區,133645,8365,持分移轉,05670014
RPRNMLRKOHLGFIE66DA,保舍甲段,7.54,都市：其他:商業區,133645,3346,持分移轉,05670024
RPRNMLRKOHLGFIE66DA,保舍甲段,12.59,都市：其他:住宅區,133645,3346,持分移轉,05670025
RPRNMLRKOHLGFIE66DA,保舍甲段,1.30,都市：其他:商業區,133645,3346,持分移轉,05670026
RPRNMLRKOHLGFIE66DA,保舍甲段,.58,都市：其他:商業區,133645,3346,持分移轉,05670027
RPRNMLRKOHLGFIE66DA,保舍甲段,22.06,都市：其他:住宅區,133645,3346,持分移轉,05670028
RPRNMLRKOHLGFIE66DA,保舍甲段,55.18,都市：其他:道路用地,133645,3346,持分移轉,05670029
RPRNMLRKOHLGFIE66DA,保舍甲段,1.00,,133645,3346,持分移轉,05670030
RPRNMLRKOHLGFIE66DA,保舍甲段,17.15,都市：其他:住宅區,133645,3346,持分移轉,05670031
RPTOMLMLOHLGFAE38DA,龍華段二小段,115.00,都市：其他:第四種住宅區,1,1,全筆移轉,03090000
RPWNMLRJNHLGFBE88DA,福河段,435.00,都市：其他:第四種商業區,1,1,全筆移轉,15860000
RPQNMLOLOHLGFLE66DA,翁公園段,136.00,都市：其他:乙種工業區,1,1,全筆移轉,41100005
RPQNMLOLOHLGFLE66DA,翁公園段,121.00,都市：其他:乙種工業區,1,1,全筆移轉,41100006
RPSOMLQKOHLGFBE68DA,五權段,9.44,都市：其他:第二種特定商業專用區,50000,755,持分移轉,06750003
RPSOMLQKOHLGFBE68DA,五權段,6.34,都市：其他:第四種住宅區,50000,755,持分移轉,06750017
RPUPMLRKLHLGFAE68DA,青海段,24.10,都市：其他:特定第五種住宅區,10000,63,持分移轉,06150000
RPUPMLRKLHLGFAE68DA,龍水段,6.64,都市：其他:特定第五種住宅區,10000,63,持分移轉,06670000
RPQNMLPLOHLGFLE76DA,伍厝段,19.34,都市：其他:第二種住宅區,10000,64,持分移轉,03800000
RPTNMLQLNHLGFDE88DA,新都段,23.61,都市：其他:第四種住宅區,100000,1127,持分移轉,01460000
RPQNMLMJOHLGFCE97DA,籬子內段崗山子小段,16.36,都市：其他:第五種住宅區,10000,43,持分移轉,15250000
RPXOMLOJOHLGFCE98DA,大平段,.01,都市：其他:高速公路用地,600,5,持分移轉,02930001
RPXOMLOJOHLGFCE98DA,大平段,8.46,都市：其他:高速公路用地,600,5,持分移轉,02930002
RPRPMLOJOHLGFCE48DA,大平段,.18,都市：其他:高速公路用地,100,11,持分移轉,02930001
RPRPMLOJOHLGFCE48DA,大平段,111.70,都市：其他:高速公路用地,100,11,持分移轉,02930002
RPOPMLOJOHLGFCE18DA,大平段,.01,都市：其他:高速公路用地,1800,10,持分移轉,02930001
RPOPMLOJOHLGFCE18DA,大平段,5.64,都市：其他:高速公路用地,1800,10,持分移轉,02930002
RPPPMLOJOHLGFCE28DA,大平段,.02,都市：其他:高速公路用地,1800,20,持分移轉,02930001
RPPPMLOJOHLGFCE28DA,大平段,11.28,都市：其他:高速公路用地,1800,20,持分移轉,02930002
RPSPMLOJOHLGFCE58DA,大平段,.09,都市：其他:高速公路用地,200,11,持分移轉,02930001
RPSPMLOJOHLGFCE58DA,大平段,55.85,都市：其他:高速公路用地,200,11,持分移轉,02930002
RPUPMLOJOHLGFCE78DA,大平段,.09,都市：其他:高速公路用地,200,11,持分移轉,02930001
RPUPMLOJOHLGFCE78DA,大平段,55.85,都市：其他:高速公路用地,200,11,持分移轉,02930002
RPTPMLOJOHLGFCE68DA,大平段,.09,都市：其他:高速公路用地,200,11,持分移轉,02930001
RPTPMLOJOHLGFCE68DA,大平段,55.85,都市：其他:高速公路用地,200,11,持分移轉,02930002
RPVPMLOJOHLGFCE88DA,大平段,.09,都市：其他:高速公路用地,200,11,持分移轉,02930001
RPVPMLOJOHLGFCE88DA,大平段,55.85,都市：其他:高速公路用地,200,11,持分移轉,02930002
RPPNMLNLOHLGFKE98DA,仙人段,58.85,非都市：特定農業區 ; 非都市編定：農牧用地,1,1,全筆移轉,04060000
RPPNMLNLOHLGFKE98DA,仙人段,1385.14,非都市：特定農業區 ; 非都市編定：農牧用地,1,1,全筆移轉,04090000
RPPOMLMLOHLGFAE97DA,青海段,14.38,都市：其他:特定第五種住宅區,10000,126,持分移轉,03600000
RPQPMLNLOHLGFFE78DA,後壁田段,14.48,都市：其他:第六種住宅區,100000,279,持分移轉,03670000
RPPNMLSLMHLGFEE68DA,清楠段,91.65,都市：其他:第三種住宅區。,1,1,全筆移轉,02470010
RPVNMLRKOHLGFJE17DA,賜福段,43.17,都市：其他:住宅區,1,1,全筆移轉,02230003
RPQNMLQKOHLGFFE78DA,嘉興段,344.35,非都市：特定農業區 ; 非都市編定：農牧用地,1000,408,持分移轉,08420000
RPOPMLPKOHLGFIE98DA,八德段,11.09,都市：其他:第四種住宅區,100000,156,持分移轉,12520000
RPQOMLQKOHLGFFE88DA,中山段,523.42,都市：其他:住宅區,1,1,全筆移轉,01000000
RPOPMLPKOHLGFIE98DA,八德段,1.18,都市：其他:第三種住宅區。,100000,156,持分移轉,12520001
RPQOMLQKOHLGFFE88DA,中山段,218.64,都市：其他:道路用地,1,1,全筆移轉,01000001
RPQNMLRKOHLGFHE09DA,內埔段,4459.00,非都市：一般農業區 ; 非都市編定：林業用地,4,2,持分移轉,06440001
RPRNMLMLOHLGFJE98DA,中軍段,170.59,非都市：一般農業區 ; 非都市編定：農牧用地,3,1,持分移轉,03260000
RPRNMLMLOHLGFJE98DA,中軍段,1252.14,非都市：一般農業區 ; 非都市編定：農牧用地,3,1,持分移轉,03360000
RPXNMLQKOHLGFBE09DA,過田子段,84.00,都市：其他:第五種商業區,1,1,全筆移轉,05990003
RPQNMLMLOHLGFDE38EA,中都段三小段,19.00,都市：其他:市場用地,1,1,全筆移轉,03370000
RPSNMLNLOHLGFEE68DA,翠屏段四小段,29.94,都市：其他:第四種住宅區,100000,692,持分移轉,00040000
RPROMLMLOHLGFDE48DA,建豐段,184.24,都市：其他:第三種特定商業專用區,1,1,全筆移轉,09760000
RPROMLMLOHLGFDE48DA,建豐段,33.86,都市：其他:第三種特定商業專用區,1,1,全筆移轉,09770000
RPROMLMLOHLGFDE48DA,建豐段,92.62,都市：其他:第三種特定商業專用區,1,1,全筆移轉,09770001
RPROMLMLOHLGFDE48DA,建豐段,91.22,都市：其他:第三種特定商業專用區,1,1,全筆移轉,09780000
RPROMLMLOHLGFDE48DA,建豐段,136.46,都市：其他:第三種特定商業專用區,1,1,全筆移轉,09780001
RPROMLMLOHLGFDE48DA,建豐段,102.56,都市：其他:第三種特定商業專用區,1,1,全筆移轉,09780002
RPROMLMLOHLGFDE48DA,建豐段,206.78,都市：其他:第三種特定商業專用區,1,1,全筆移轉,09790000
RPPNMLTLOHLGFFE09DA,彌海段,2185.18,都市：其他:農業區,1,1,全筆移轉,09430000
RPRNMLLLOHLGFGE58DA,五甲段,18.65,都市：其他:第三之一種住宅區,10000,333,持分移轉,12000019
RPSNMLLLNHLGFJE88DA,順安段,3092.65,非都市：一般農業區 ; 非都市編定：農牧用地,1,1,全筆移轉,01900000
RPPOMLKMLHLGFGE18DA,道爺廍段下菜園小段,97.00,都市：其他:第三之一種住宅區,1,1,全筆移轉,00890040
RPPOMLMKLHLGFIE38DA,後港東段,74.75,都市：其他:第二種住宅區,1,1,全筆移轉,00550008
RPVNMLTLMHLGFFE86DA,頂蚵子寮段,110.00,都市：其他:乙種工業區,1,1,全筆移轉,00150836
RPWOMLOLLHLGFGE56DA,鳳甲段,24.66,都市：其他:第三之一種住宅區,10000,59,持分移轉,00680000
RPPNMLRKLHLGFGE58DA,道爺廍段,15.41,都市：其他:第三之一種住宅區,10000,44,持分移轉,07740000
RPRNMLKMLHLGFIE48DA,美德段,387.93,都市：其他:農業區,1,1,全筆移轉,05650006
RPRNMLKMLHLGFIE48DA,美德段,60.63,都市：其他:農業區,70509,6063,持分移轉,05650008
RPRNMLKMLHLGFIE48DA,美德段,9.76,都市：其他:農業區,11057,976,持分移轉,05660002
RPTNMLKKOHLGFCE18DA,山明段,16.74,都市：其他:第四種住宅區,10000,57,持分移轉,07020000
RPQNMLQLNHLGFDE58DA,大順段,30.56,都市：其他:第五種商業區,100000,1110,持分移轉,05690000
RPPNMLPJOHLGFDE28DA,大豐段三小段,33.94,都市：其他:第三種住宅區。,18,1,持分移轉,00860037
RPPNMLPJOHLGFDE28DA,大豐段三小段,66.00,都市：其他:第三種住宅區。,1,1,全筆移轉,00860043
RPUNMLLLOHLGFGE88DA,五甲段,18.54,都市：其他:第三之一種住宅區,10000,331,持分移轉,12000019
RPQNMLSLOHLGFJE86DA,保安段,90.97,都市：其他:住宅區,1,1,全筆移轉,08450003
RPSNMLLLOHLGFGE68DA,五甲段,18.65,都市：其他:第三之一種住宅區,10000,333,持分移轉,12000019
RPQNMLRJNHLGFLE66DA,港子埔段,25.01,都市：其他:住宅區,10000,338,持分移轉,12830000
RPQNMLRJNHLGFLE66DA,港子埔段,2.56,都市：其他:道路用地,32,1,持分移轉,12830001
RPQNMLRJNHLGFLE66DA,港子埔段,.34,都市：其他:住宅區,10000,338,持分移轉,12840018
RPWNMLMJMHLGFFE68DA,後壁田段,31.74,都市：其他:第六種住宅區,100000,320,持分移轉,03530000
RPQNMLLLOHLGFGE48DA,五甲段,18.65,都市：其他:第三之一種住宅區,20000,666,持分移轉,12000019
RPXNMLTLMHLGFLE67DA,港子埔段,25.01,都市：其他:住宅區,10000,338,持分移轉,12830000
RPXNMLTLMHLGFLE67DA,港子埔段,2.56,都市：其他:道路用地,32,1,持分移轉,12830001
RPXNMLTLMHLGFLE67DA,港子埔段,.34,都市：其他:住宅區,10000,338,持分移轉,12840018
RPSNMLTLMHLGFLE17DA,港子埔段,20.87,都市：其他:住宅區,10000,282,持分移轉,12830000
RPSNMLTLMHLGFLE17DA,港子埔段,2.56,都市：其他:道路用地,32,1,持分移轉,12830001
RPSNMLTLMHLGFLE17DA,港子埔段,.28,都市：其他:住宅區,10000,282,持分移轉,12840018
RPPOMLTLMHLGFLE96DA,港子埔段,21.24,都市：其他:住宅區,10000,287,持分移轉,12830000
RPXNMLMKNHLGFLE96DA,港子埔段,25.38,都市：其他:住宅區,10000,343,持分移轉,12830000
RPPOMLTLMHLGFLE96DA,港子埔段,2.56,都市：其他:道路用地,32,1,持分移轉,12830001
RPXNMLMKNHLGFLE96DA,港子埔段,2.56,都市：其他:道路用地,32,1,持分移轉,12830001
RPXNMLMKNHLGFLE96DA,港子埔段,.34,都市：其他:住宅區,10000,343,持分移轉,12840018
RPPOMLTLMHLGFLE96DA,港子埔段,.29,都市：其他:住宅區,10000,287,持分移轉,12840018
RPQOMLTLMHLGFLE07DA,港子埔段,20.87,都市：其他:住宅區,10000,282,持分移轉,12830000
RPQOMLTLMHLGFLE07DA,港子埔段,2.56,都市：其他:道路用地,32,1,持分移轉,12830001
RPQOMLTLMHLGFLE07DA,港子埔段,.28,都市：其他:住宅區,10000,282,持分移轉,12840018
RPPNMLKMJHLGFDE57DA,鼎祥段,10.44,都市：其他:第五種住宅區,100000,273,持分移轉,00230000
RPOOMLLLOHLGFGE38DA,五甲段,21.39,都市：其他:第三之一種住宅區,10000,382,持分移轉,12000019
RPTNMLLLOHLGFGE78DA,五甲段,18.54,都市：其他:第三之一種住宅區,10000,331,持分移轉,12000019
RPWNMLSKOHLGFDE76DA,灣昌段,24.81,都市：其他:第四種住宅區,100000,1103,持分移轉,03370000
RPPNMLRLMHLGFLE66DA,港子埔段,20.87,都市：其他:住宅區,10000,282,持分移轉,12830000
RPPNMLRLMHLGFLE66DA,港子埔段,2.56,都市：其他:道路用地,32,1,持分移轉,12830001
RPPNMLRLMHLGFLE66DA,港子埔段,.28,都市：其他:住宅區,10000,282,持分移轉,12840018
RPVOMLSLMHLGFLE47DA,港子埔段,21.24,都市：其他:住宅區,10000,287,持分移轉,12830000
RPVOMLSLMHLGFLE47DA,港子埔段,2.56,都市：其他:道路用地,32,1,持分移轉,12830001
RPVOMLSLMHLGFLE47DA,港子埔段,.29,都市：其他:住宅區,10000,287,持分移轉,12840018
RPWPMLPKOHLGFIE17DA,八德段,13.15,都市：其他:第四種住宅區,100000,185,持分移轉,12520000
RPWPMLPKOHLGFIE17DA,八德段,1.40,都市：其他:第三種住宅區。,100000,185,持分移轉,12520001
RPPNMLRKOHLGFCE48DA,坪鳳段,19.18,都市：其他:第三種住宅區。,10000,537,持分移轉,06860000
RPWOMLSLMHLGFLE57DA,港子埔段,25.01,都市：其他:住宅區,10000,338,持分移轉,12830000
RPWOMLSLMHLGFLE57DA,港子埔段,2.56,都市：其他:道路用地,32,1,持分移轉,12830001
RPXNMLPKOHLGFIE07DA,林內段,36.04,都市：其他:第一種住宅區,10000,207,持分移轉,00170000
RPWOMLSLMHLGFLE57DA,港子埔段,.34,都市：其他:住宅區,10000,338,持分移轉,12840018
RPQOMLSKOHLGFDE88DA,灣昌段,27.96,都市：其他:第四種住宅區,100000,1243,持分移轉,03370000
RPXNMLLLOHLGFGE56DA,五甲段,21.39,都市：其他:第三之一種住宅區,10000,382,持分移轉,12000019
RPXNMLMKOHLGFDE88DA,中都段三小段,22.32,都市：其他:第四種住宅區,100000,852,持分移轉,11570000
RPPNMLLLOHLGFGE38DA,五甲段,18.65,都市：其他:第三之一種住宅區,10000,333,持分移轉,12000019
RPUNMLSKOHLGFDE56DA,灣昌段,25.24,都市：其他:第四種住宅區,100000,1122,持分移轉,03370000
RPVNMLLLOHLGFGE98DA,五甲段,18.54,都市：其他:第三之一種住宅區,10000,331,持分移轉,12000019
RPQOMLSJOHLGFDE78DA,灣昌段,19.81,都市：其他:第四種住宅區,100000,881,持分移轉,03370000
RPXOMLPKOHLGFIE17DA,八德段,16.92,都市：其他:第四種住宅區,100000,238,持分移轉,12520000
RPXOMLPKOHLGFIE17DA,八德段,1.80,都市：其他:第三種住宅區。,100000,238,持分移轉,12520001
RPXPMLRKOHLGFEE07DA,楠都段二小段,17.73,都市：其他:第三種住宅區。,10000,59,持分移轉,02730000
RPVNMLSKOHLGFDE66DA,灣昌段,19.39,都市：其他:第四種住宅區,100000,862,持分移轉,03370000
RPXNMLSKOHLGFDE86DA,灣昌段,24.13,都市：其他:第四種住宅區,100000,1073,持分移轉,03370000
RPPPMLPKOHLGFEE68DA,楠都段二小段,18.03,都市：其他:第三種住宅區。,10000,60,持分移轉,02730000
RPQNMLQJOHLGFFE68DA,後壁田段,18.96,都市：其他:第六種住宅區,10000,18,持分移轉,03660000
RPQOMLSJPHKGFFE98DA,後壁田段,12.64,都市：其他:第六種住宅區,10000,12,持分移轉,03660000
RPVQMLPKOHLGFIE17DA,八德段,12.30,都市：其他:第四種住宅區,100000,173,持分移轉,12520000
RPPOMLSKOHLGFDE78DA,灣昌段,19.00,都市：其他:第四種住宅區,100000,845,持分移轉,03370000
RPVQMLPKOHLGFIE17DA,八德段,1.31,都市：其他:第三種住宅區。,100000,173,持分移轉,12520001
RPWOMLNKNHLGFEE98DA,後勁段二小段,15.98,都市：其他:第四種住宅區,100000,736,持分移轉,00280000
RPUQMLPKOHLGFIE07DA,八德段,12.37,都市：其他:第四種住宅區,100000,174,持分移轉,12520000
RPUQMLPKOHLGFIE07DA,八德段,1.32,都市：其他:第三種住宅區。,100000,174,持分移轉,12520001
RPUNMLPKQHKGFFE56DA,後壁田段,11.58,都市：其他:第六種住宅區,10000,11,持分移轉,03660000
RPWNMLPKQHKGFFE76DA,後壁田段,16.85,都市：其他:第六種住宅區,10000,16,持分移轉,03660000
RPURMLPKOHLGFIE17DA,八德段,12.37,都市：其他:第四種住宅區,100000,174,持分移轉,12520000
RPURMLPKOHLGFIE17DA,八德段,1.32,都市：其他:第三種住宅區。,100000,174,持分移轉,12520001
RPTNMLKKKIKGFFE08DA,後壁田段,17.90,都市：其他:第六種住宅區,10000,17,持分移轉,03660000
RPQNMLNKIIKGFFE87DA,後壁田段,17.90,都市：其他:第六種住宅區,10000,17,持分移轉,03660000
RPSPMLQLPHKGFFE66DA,後壁田段,11.58,都市：其他:第六種住宅區,10000,11,持分移轉,03660000
RPXNMLRLRHKGFFE27DA,後壁田段,17.90,都市：其他:第六種住宅區,10000,17,持分移轉,03660000
RPOOMLPJPHKGFFE48DA,後壁田段,17.90,都市：其他:第六種住宅區,10000,17,持分移轉,03660000
RPRQMLPKOHLGFIE76DA,八德段,15.50,都市：其他:第四種住宅區,100000,218,持分移轉,12520000
RPRQMLPKOHLGFIE76DA,八德段,1.65,都市：其他:第三種住宅區。,100000,218,持分移轉,12520001
RPSNMLTKMHLGFDE88DA,獅頭段,5.37,都市：其他:第四種商業區,100000,213,持分移轉,23310000
RPUOMLPKOHLGFIE86DA,八德段,15.00,都市：其他:第四種住宅區,100000,211,持分移轉,12520000
RPUOMLPKOHLGFIE86DA,八德段,1.60,都市：其他:第三種住宅區。,100000,211,持分移轉,12520001
RPVNNLRLLHLGFDE09DA,澄清段一小段,5.88,都市：其他:第五種住宅區,10000,72,持分移轉,02840000
RPVPMLPKOHLGFIE07DA,八德段,11.09,都市：其他:第四種住宅區,100000,156,持分移轉,12520000
RPVPMLPKOHLGFIE07DA,八德段,1.18,都市：其他:第三種住宅區。,100000,156,持分移轉,12520001
RPXQMLPKOHLGFIE37DA,八德段,18.05,都市：其他:第四種住宅區,100000,254,持分移轉,12520000
RPXQMLPKOHLGFIE37DA,八德段,1.92,都市：其他:第三種住宅區。,100000,254,持分移轉,12520001
RPSNMLMKPHKGFFE58DA,後壁田段,13.69,都市：其他:第六種住宅區,10000,13,持分移轉,03660000
RPPOMLOKIIKGFFE97DA,後壁田段,12.64,都市：其他:第六種住宅區,10000,12,持分移轉,03660000
RPWOMLTJPHKGFFE07DA,後壁田段,15.80,都市：其他:第六種住宅區,10000,15,持分移轉,03660000
RPVNMLKKRHKGFFE88DA,後壁田段,17.90,都市：其他:第六種住宅區,10000,17,持分移轉,03660000
RPTPMLPKOHLGFIE86DA,八德段,15.71,都市：其他:第四種住宅區,100000,221,持分移轉,12520000
RPTPMLPKOHLGFIE86DA,八德段,1.67,都市：其他:第三種住宅區。,100000,221,持分移轉,12520001
RPWPMLSJMHLGFFE86DA,後壁田段,12.17,都市：其他:第四種住宅區,100000,107,持分移轉,01370000
RPQOMLSLOHKGFFE09DA,後壁田段,11.58,都市：其他:第六種住宅區,10000,11,持分移轉,03660000
RPVNMLMJLHLGFDE28DA,鼎中段,8.68,都市：其他:第四種商業區,10000,58,持分移轉,04070000
RPPOMLQJQHKGFFE78DA,後壁田段,18.96,都市：其他:第六種住宅區,10000,18,持分移轉,03660000
RPVOMLPKOHLGFEE56DA,援中段一小段,17.55,都市：其他:第四種住宅區,100000,762,持分移轉,02700000
RPSPMLSJMHLGFFE09DA,後壁田段,12.17,都市：其他:第四種住宅區,100000,107,持分移轉,01370000
RPRNMLPKMHLGFFE58DA,後壁田段,12.05,都市：其他:第四種住宅區,100000,106,持分移轉,01370000
RPWPMLRKPHKGFFE07DA,後壁田段,11.58,都市：其他:第六種住宅區,10000,11,持分移轉,03660000
RPQOMLKKKHLGFFE87DA,後壁田段,17.90,都市：其他:第六種住宅區,10000,17,持分移轉,03660000
RPTPMLPKOHLGFEE09DA,援中段一小段,17.55,都市：其他:第四種住宅區,100000,762,持分移轉,02700000
RPXRMLTJMHLGFGE37DA,二甲段,17.73,都市：其他:第三之一種住宅區,10000,81,持分移轉,00110000
RPRQMLQJNHLGFFE98DA,後壁田段,12.05,都市：其他:第四種住宅區,100000,106,持分移轉,01370000
RPUNMLLKPHKGFFE68DA,後壁田段,17.90,都市：其他:第六種住宅區,10000,17,持分移轉,03660000
RPPOMLOJPHKGFFE48DA,後壁田段,11.58,都市：其他:第六種住宅區,10000,11,持分移轉,03660000
RPPOMLNKIIKGFFE87DA,後壁田段,11.58,都市：其他:第六種住宅區,10000,11,持分移轉,03660000
RPPPMLLLJHLGFDE77DA,獅頭段,7.76,都市：其他:第四種商業區,100000,308,持分移轉,23310000
RPPPMLTJPHKGFFE09DA,後壁田段,13.69,都市：其他:第六種住宅區,10000,13,持分移轉,03660000
RPVOMLPLLHLGFFE09DA,後壁田段,11.71,都市：其他:第四種住宅區,100000,103,持分移轉,01370000
RPVSMLTJMHLGFGE27DA,二甲段,9.85,都市：其他:第三之一種住宅區,10000,45,持分移轉,00110000
RPUQMLSJMHLGFFE76DA,後壁田段,12.17,都市：其他:第四種住宅區,100000,107,持分移轉,01370000
RPSQMLSJMHLGFFE56DA,後壁田段,12.17,都市：其他:第四種住宅區,100000,107,持分移轉,01370000
RPUNMLMJLHLGFFE38DA,典寶段,.06,非都市：一般農業區 ; 非都市編定：甲種建築用地,10000,10,持分移轉,04420000
RPUNMLMJLHLGFFE38DA,典寶段,4.61,非都市：一般農業區 ; 非都市編定：甲種建築用地,10000,10,持分移轉,04430000
RPUNMLMJLHLGFFE38DA,頂塩田段一小段,2.75,非都市：一般農業區 ; 非都市編定：甲種建築用地,10000,10,持分移轉,07280002
RPWNMLTJMHLGFFE76DA,後壁田段,12.17,都市：其他:第四種住宅區,100000,107,持分移轉,01370000
RPUOMLLJRHKGFFE88DA,後壁田段,14.74,都市：其他:第六種住宅區,10000,14,持分移轉,03660000
RPSQMLPKOHLGFIE86DA,八德段,15.71,都市：其他:第四種住宅區,100000,221,持分移轉,12520000
RPSQMLPKOHLGFIE86DA,八德段,1.67,都市：其他:第三種住宅區。,100000,221,持分移轉,12520001
RPWNMLRKOHLGFIE17DA,八德段,12.30,都市：其他:第四種住宅區,100000,173,持分移轉,12520000
RPWNMLRKOHLGFIE17DA,八德段,1.31,都市：其他:第三種住宅區。,100000,173,持分移轉,12520001
RPXOMLPKOHLGFEE76DA,援中段一小段,11.80,都市：其他:第四種住宅區,100000,512,持分移轉,02700000
RPOPMLQLLHLGFFE58DA,後壁田段,12.17,都市：其他:第四種住宅區,100000,107,持分移轉,01370000
RPQPMLKMPHKGFFE58DA,後壁田段,11.58,都市：其他:第六種住宅區,10000,11,持分移轉,03660000
RPQQMLSJMHLGFFE98DA,後壁田段,12.17,都市：其他:第四種住宅區,100000,107,持分移轉,01370000
RPVNMLTJMHLGFFE66DA,後壁田段,12.17,都市：其他:第四種住宅區,100000,107,持分移轉,01370000
RPRPMLPJOHLGFFE88DA,後壁田段,11.71,都市：其他:第四種住宅區,100000,103,持分移轉,01370000
RPPPMLQLLHLGFFE68DA,後壁田段,12.17,都市：其他:第四種住宅區,100000,107,持分移轉,01370000
RPRPMLPLLHLGFFE78DA,後壁田段,12.05,都市：其他:第四種住宅區,100000,106,持分移轉,01370000
RPXNMLLJMHLGFGE78DA,二甲段,9.85,都市：其他:第三之一種住宅區,10000,45,持分移轉,00110000
RPOVMLKLJHLGFDE18DA,獅頭段,5.09,都市：其他:第四種商業區,100000,202,持分移轉,23310000
RPWOMLMJKIKGFFE58DA,後壁田段,11.58,都市：其他:第六種住宅區,20000,22,持分移轉,03660000
RPXNMLTJMHLGFFE86DA,後壁田段,12.17,都市：其他:第四種住宅區,100000,107,持分移轉,01370000
RPUNMLTJMHLGFFE56DA,後壁田段,12.17,都市：其他:第四種住宅區,100000,107,持分移轉,01370000
RPVNMLOKIIKGFFE48DA,後壁田段,11.58,都市：其他:第六種住宅區,10000,11,持分移轉,03660000
RPPRMLPKMHLGFFE78DA,後壁田段,12.17,都市：其他:第四種住宅區,100000,107,持分移轉,01370000
RPXOMLQJNHLGFDE56DA,獅頭段,5.37,都市：其他:第四種商業區,100000,213,持分移轉,23310000
RPVPMLPLLHLGFFE56DA,後壁田段,12.05,都市：其他:第四種住宅區,100000,106,持分移轉,01370000
RPVOMLSJMHLGFFE66DA,後壁田段,12.05,都市：其他:第四種住宅區,100000,106,持分移轉,01370000
RPTQMLPKOHLGFIE96DA,八德段,12.37,都市：其他:第四種住宅區,100000,174,持分移轉,12520000
RPTQMLPKOHLGFIE96DA,八德段,1.32,都市：其他:第三種住宅區。,100000,174,持分移轉,12520001
RPOPMLPKOHLGFEE58DA,援中段一小段,14.19,都市：其他:第四種住宅區,100000,616,持分移轉,02700000
RPUOMLPKOHLGFEE09DA,援中段一小段,20.60,都市：其他:第四種住宅區,100000,894,持分移轉,02700000
RPSRMLPKOHLGFIE96DA,八德段,15.71,都市：其他:第四種住宅區,100000,221,持分移轉,12520000
RPSRMLPKOHLGFIE96DA,八德段,1.67,都市：其他:第三種住宅區。,100000,221,持分移轉,12520001
RPVUMLKMLHLGFFE66DA,後壁田段,11.71,都市：其他:第四種住宅區,100000,103,持分移轉,01370000
RPSPMLLLMHLGFFE58DA,後壁田段,23.31,都市：其他:第四種住宅區,100000,205,持分移轉,01370000
RPWOMLMKPHKGFFE09DA,後壁田段,11.58,都市：其他:第六種住宅區,10000,11,持分移轉,03660000
RPQPMLKKPHKGFFE38DA,後壁田段,11.58,都市：其他:第六種住宅區,10000,11,持分移轉,03660000
RPXOMLSJMHLGFFE86DA,後壁田段,12.05,都市：其他:第四種住宅區,100000,106,持分移轉,01370000
RPWVMLKMLHLGFFE86DA,後壁田段,12.05,都市：其他:第四種住宅區,100000,106,持分移轉,01370000
RPSPNLQLLHLGFFE09DA,後壁田段,12.17,都市：其他:第四種住宅區,100000,107,持分移轉,01370000
RPSPMLKKPHKGFFE58DA,後壁田段,17.90,都市：其他:第六種住宅區,10000,17,持分移轉,03660000
RPUPNLQLLHLGFFE66DA,後壁田段,12.17,都市：其他:第四種住宅區,100000,107,持分移轉,01370000
RPORMLPKMHLGFFE68DA,後壁田段,12.17,都市：其他:第四種住宅區,100000,107,持分移轉,01370000
RPVNMLNJMHLGFFE68DA,後壁田段,11.58,都市：其他:第六種住宅區,10000,11,持分移轉,03660000
RPXOMLPKQHKGFFE96DA,後壁田段,11.58,都市：其他:第六種住宅區,10000,11,持分移轉,03660000
RPXQMLPKMHLGFFE86DA,後壁田段,12.17,都市：其他:第四種住宅區,100000,107,持分移轉,01370000
RPPOMLQJNHLGFFE58DA,後壁田段,15.35,都市：其他:第四種住宅區,100000,135,持分移轉,01370000
RPQOMLMKRHKGFFE68DA,後壁田段,14.74,都市：其他:第六種住宅區,10000,14,持分移轉,03660000
RPXOMLKMPHKGFFE56DA,後壁田段,14.74,都市：其他:第六種住宅區,10000,14,持分移轉,03660000
RPUPMLPLLHLGFFE09DA,後壁田段,12.05,都市：其他:第四種住宅區,100000,106,持分移轉,01370000
RPOQMLKLMHLGFFE18DA,後壁田段,22.63,都市：其他:第四種住宅區,100000,199,持分移轉,01370000
RPSNMLPKMHLGFFE68DA,後壁田段,22.52,都市：其他:第四種住宅區,100000,198,持分移轉,01370000
RPOPNLQLLHLGFFE68DA,後壁田段,12.17,都市：其他:第四種住宅區,100000,107,持分移轉,01370000
RPTOMLSJMHLGFFE09DA,後壁田段,12.05,都市：其他:第四種住宅區,100000,106,持分移轉,01370000
RPXPMLPKOHLGFIE27DA,八德段,13.15,都市：其他:第四種住宅區,100000,185,持分移轉,12520000
RPXPMLPKOHLGFIE27DA,八德段,1.40,都市：其他:第三種住宅區。,100000,185,持分移轉,12520001
RPTRMLPKOHLGFIE07DA,八德段,12.37,都市：其他:第四種住宅區,100000,174,持分移轉,12520000
RPTRMLPKOHLGFIE07DA,八德段,1.32,都市：其他:第三種住宅區。,100000,174,持分移轉,12520001
RPSPMLPKOHLGFEE98DA,援中段一小段,17.55,都市：其他:第四種住宅區,100000,762,持分移轉,02700000
RPRUMLKMLHLGFFE88DA,後壁田段,11.71,都市：其他:第四種住宅區,100000,103,持分移轉,01370000
RPOQMLOLLHLGFFE48DA,後壁田段,11.71,都市：其他:第四種住宅區,100000,103,持分移轉,01370000
RPTPMLLLMHLGFFE68DA,後壁田段,23.31,都市：其他:第四種住宅區,100000,205,持分移轉,01370000
RPXNMLMLNHLGFFE09DA,後壁田段,17.90,都市：其他:第六種住宅區,10000,17,持分移轉,03660000
RPWOMLLLJHLGFEE48DA,新光段,2558.07,都市：其他:第五種住宅區,1,1,全筆移轉,00010000
RPUQMLOLLHLGFFE09DA,後壁田段,15.35,都市：其他:第四種住宅區,100000,135,持分移轉,01370000
RPTPMLOLLHLGFFE88DA,後壁田段,11.71,都市：其他:第四種住宅區,100000,103,持分移轉,01370000
RPRRMLPKMHLGFFE98DA,後壁田段,12.17,都市：其他:第四種住宅區,100000,107,持分移轉,01370000
RPQNMLNJIIKGFFE77DA,後壁田段,11.58,都市：其他:第六種住宅區,10000,11,持分移轉,03660000
RPTUMLKMLHLGFFE09DA,後壁田段,11.71,都市：其他:第四種住宅區,100000,103,持分移轉,01370000
RPXRMLPKMHLGFFE96DA,後壁田段,15.01,都市：其他:第四種住宅區,100000,132,持分移轉,01370000
RPVOMLTJIIKGFFE98DA,後壁田段,14.74,都市：其他:第六種住宅區,10000,14,持分移轉,03660000
RPSOMLSJMHLGFFE98DA,後壁田段,22.18,都市：其他:第四種住宅區,100000,195,持分移轉,01370000
RPVNMLKKMHLGFIE78DA,八德段,18.05,都市：其他:第四種住宅區,100000,254,持分移轉,12520000
RPVNMLKKMHLGFIE78DA,八德段,1.92,都市：其他:第三種住宅區。,100000,254,持分移轉,12520001
RPRWMLQLLHLGFFE96DA,後壁田段,12.05,都市：其他:第四種住宅區,100000,106,持分移轉,01370000
RPPNMLOLLHLGFDE08DA,獅頭段,7.76,都市：其他:第四種商業區,100000,308,持分移轉,23310000
RPWQMLOLLHLGFFE66DA,後壁田段,15.35,都市：其他:第四種住宅區,100000,135,持分移轉,01370000
RPPPMLKLMHLGFFE18DA,後壁田段,22.63,都市：其他:第四種住宅區,100000,199,持分移轉,01370000
RPRPMLPKOHLGFEE88DA,援中段一小段,20.60,都市：其他:第四種住宅區,100000,894,持分移轉,02700000
RPVPMLQKPHKGFFE86DA,後壁田段,11.58,都市：其他:第六種住宅區,10000,11,持分移轉,03660000
RPVPMLTJMHLGFFE86DA,後壁田段,22.52,都市：其他:第四種住宅區,100000,198,持分移轉,01370000
RPTWMLQLLHLGFFE17DA,後壁田段,12.05,都市：其他:第四種住宅區,100000,106,持分移轉,01370000
RPPPMLRLLHLGFFE78DA,後壁田段,22.29,都市：其他:第四種住宅區,100000,196,持分移轉,01370000
RPOOMLTJJHLGFCE08DA,二苓段,15.35,都市：其他:第四種住宅區,10000,136,持分移轉,11480002
RPSRMLTJMHLGFFE76DA,後壁田段,22.18,都市：其他:第四種住宅區,100000,195,持分移轉,01370000
RPPQMLTJMHLGFFE98DA,後壁田段,22.52,都市：其他:第四種住宅區,100000,198,持分移轉,01370000
RPQPMLLLMHLGFFE38DA,後壁田段,23.31,都市：其他:第四種住宅區,100000,205,持分移轉,01370000
RPURMLTJMHLGFFE96DA,後壁田段,22.18,都市：其他:第四種住宅區,100000,195,持分移轉,01370000
RPWOMLPKOHLGFEE66DA,援中段一小段,17.55,都市：其他:第四種住宅區,100000,762,持分移轉,02700000
RPQTMLKMLHLGFFE68DA,後壁田段,22.18,都市：其他:第四種住宅區,100000,195,持分移轉,01370000
RPVRMLQLLHLGFFE86DA,後壁田段,22.52,都市：其他:第四種住宅區,100000,198,持分移轉,01370000
RPXSMLKMLHLGFFE66DA,後壁田段,22.18,都市：其他:第四種住宅區,100000,195,持分移轉,01370000
RPXRMLQLLHLGFFE07DA,後壁田段,22.52,都市：其他:第四種住宅區,100000,198,持分移轉,01370000
RPWRMLQLLHLGFFE96DA,後壁田段,22.52,都市：其他:第四種住宅區,100000,198,持分移轉,01370000
RPSTMLKMLHLGFFE88DA,後壁田段,22.18,都市：其他:第四種住宅區,100000,195,持分移轉,01370000
RPXOMLRLLHLGFFE86DA,後壁田段,22.52,都市：其他:第四種住宅區,100000,198,持分移轉,01370000
RPQPMLTJKHLGFFE78DA,後壁田段,12.64,都市：其他:第六種住宅區,10000,12,持分移轉,03660000
RPOSMLQLLHLGFFE88DA,後壁田段,22.52,都市：其他:第四種住宅區,100000,198,持分移轉,01370000
RPSQMLTJMHLGFFE66DA,後壁田段,22.52,都市：其他:第四種住宅區,100000,198,持分移轉,01370000
RPWOMLRLLHLGFFE76DA,後壁田段,22.52,都市：其他:第四種住宅區,100000,198,持分移轉,01370000
RPXOMLLLMHLGFFE98DA,後壁田段,23.31,都市：其他:第四種住宅區,100000,205,持分移轉,01370000
RPOUMLPKMHLGFFE98DA,後壁田段,16.03,都市：其他:第四種住宅區,100000,141,持分移轉,01370000
RPPNMLMKPHKGFFE28DA,後壁田段,12.64,都市：其他:第六種住宅區,10000,12,持分移轉,03660000
RPXPMLRJNHLGFFE96DA,後壁田段,17.90,都市：其他:第六種住宅區,10000,17,持分移轉,03660000
RPSTMLTJMHLGFFE96DA,後壁田段,11.71,都市：其他:第四種住宅區,100000,103,持分移轉,01370000
RPWOMLQLLHLGFFE66DA,後壁田段,12.17,都市：其他:第四種住宅區,100000,107,持分移轉,01370000
RPRQMLTJMHLGFFE56DA,後壁田段,22.52,都市：其他:第四種住宅區,100000,198,持分移轉,01370000
RPWOMLPKMHLGFFE56DA,後壁田段,17.40,都市：其他:第四種住宅區,100000,153,持分移轉,01370000
RPXPMLPKMHLGFFE76DA,後壁田段,11.71,都市：其他:第四種住宅區,100000,103,持分移轉,01370000
RPVPMLKLMHLGFFE78DA,後壁田段,22.63,都市：其他:第四種住宅區,100000,199,持分移轉,01370000
RPQRMLLLMHLGFFE58DA,後壁田段,15.12,都市：其他:第四種住宅區,100000,133,持分移轉,01370000
RPWTMLPKMHLGFFE07DA,後壁田段,16.03,都市：其他:第四種住宅區,100000,141,持分移轉,01370000
RPVPMLQLLHLGFFE66DA,後壁田段,17.40,都市：其他:第四種住宅區,100000,153,持分移轉,01370000
RPVPMLSJMHLGFFE76DA,後壁田段,12.17,都市：其他:第四種住宅區,100000,107,持分移轉,01370000
RPPSMLRLLHLGFFE09DA,後壁田段,17.40,都市：其他:第四種住宅區,100000,153,持分移轉,01370000
RPXPMLKLMHLGFFE98DA,後壁田段,22.63,都市：其他:第四種住宅區,200000,398,持分移轉,01370000
RPPOMLSJMHLGFFE68DA,後壁田段,22.29,都市：其他:第四種住宅區,100000,196,持分移轉,01370000
RPPOMLRLLHLGFFE68DA,後壁田段,22.52,都市：其他:第四種住宅區,100000,198,持分移轉,01370000
RPVPMLRLLHLGFFE76DA,後壁田段,22.29,都市：其他:第四種住宅區,100000,196,持分移轉,01370000
RPUOMLRLLHLGFFE56DA,後壁田段,22.52,都市：其他:第四種住宅區,100000,198,持分移轉,01370000
RPQUMLKMLHLGFFE78DA,後壁田段,11.71,都市：其他:第四種住宅區,100000,103,持分移轉,01370000
RPROMLLLMHLGFFE38DA,後壁田段,18.76,都市：其他:第四種住宅區,100000,165,持分移轉,01370000
RPUSMLPKMHLGFFE76DA,後壁田段,15.01,都市：其他:第四種住宅區,100000,132,持分移轉,01370000
RPTPMLPKMHLGFFE98DA,後壁田段,11.71,都市：其他:第四種住宅區,100000,103,持分移轉,01370000
RPTTMLPKMHLGFFE76DA,後壁田段,16.03,都市：其他:第四種住宅區,100000,141,持分移轉,01370000
RPRRMLQLLHLGFFE09DA,後壁田段,22.52,都市：其他:第四種住宅區,100000,198,持分移轉,01370000
RPROMLPKOHLGFEE78DA,援中段一小段,17.55,都市：其他:第四種住宅區,100000,762,持分移轉,02700000
RPQPMLTJMHLGFFE98DA,後壁田段,12.05,都市：其他:第四種住宅區,100000,106,持分移轉,01370000
RPTTMLTJMHLGFFE07DA,後壁田段,11.71,都市：其他:第四種住宅區,100000,103,持分移轉,01370000
RPXQMLQLLHLGFFE96DA,後壁田段,17.40,都市：其他:第四種住宅區,100000,153,持分移轉,01370000
RPQRNLQLLHLGFFE09DA,後壁田段,12.05,都市：其他:第四種住宅區,100000,106,持分移轉,01370000
RPRQMLRLLHLGFFE09DA,後壁田段,22.29,都市：其他:第四種住宅區,100000,196,持分移轉,01370000
RPOQMLQLLHLGFFE68DA,後壁田段,17.40,都市：其他:第四種住宅區,100000,153,持分移轉,01370000
RPXSMLTJMHLGFFE37DA,後壁田段,11.71,都市：其他:第四種住宅區,100000,103,持分移轉,01370000
RPOUMLRLLHLGFFE56DA,後壁田段,22.29,都市：其他:第四種住宅區,100000,196,持分移轉,01370000
RPVOMLQLLHLGFFE56DA,後壁田段,12.17,都市：其他:第四種住宅區,100000,107,持分移轉,01370000
RPUOMLQLLHLGFFE09DA,後壁田段,12.17,都市：其他:第四種住宅區,100000,107,持分移轉,01370000
RPUQMLRLLHLGFFE76DA,後壁田段,17.40,都市：其他:第四種住宅區,100000,153,持分移轉,01370000
RPORMLRLLHLGFFE88DA,後壁田段,17.40,都市：其他:第四種住宅區,100000,153,持分移轉,01370000
RPOVMLKMLHLGFFE68DA,後壁田段,12.05,都市：其他:第四種住宅區,100000,106,持分移轉,01370000
RPQQMLPKMHLGFFE78DA,後壁田段,12.17,都市：其他:第四種住宅區,100000,107,持分移轉,01370000
RPVNMLPKMHLGFFE98DA,後壁田段,17.40,都市：其他:第四種住宅區,100000,153,持分移轉,01370000
RPQVMLKMLHLGFFE88DA,後壁田段,12.05,都市：其他:第四種住宅區,100000,106,持分移轉,01370000
RPWRMLKLMHLGFFE09DA,後壁田段,17.29,都市：其他:第四種住宅區,100000,152,持分移轉,01370000
RPSUMLKLMHLGFFE98DA,後壁田段,17.29,都市：其他:第四種住宅區,100000,152,持分移轉,01370000
RPQNMLTKQHKGFFE56DA,後壁田段,11.58,都市：其他:第六種住宅區,10000,11,持分移轉,03660000
RPUNMLKMLHLGFFE48DA,後壁田段,22.29,都市：其他:第四種住宅區,100000,196,持分移轉,01370000
RPROMLTJKHLGFFE78DA,後壁田段,11.58,都市：其他:第六種住宅區,20000,22,持分移轉,03660000
RPPUMLRLLHLGFFE66DA,後壁田段,22.29,都市：其他:第四種住宅區,100000,196,持分移轉,01370000
RPRSMLLLMHLGFFE78DA,後壁田段,15.12,都市：其他:第四種住宅區,100000,133,持分移轉,01370000
RPTOMLKMLHLGFFE48DA,後壁田段,16.15,都市：其他:第四種住宅區,100000,142,持分移轉,01370000
RPVTMLKMLHLGFFE56DA,後壁田段,11.71,都市：其他:第四種住宅區,100000,103,持分移轉,01370000
RPWQMLRLLHLGFFE96DA,後壁田段,17.40,都市：其他:第四種住宅區,100000,153,持分移轉,01370000
RPOSMLKMLHLGFFE38DA,後壁田段,16.15,都市：其他:第四種住宅區,100000,142,持分移轉,01370000
RPOOMLQJNHLGFFE48DA,後壁田段,20.92,都市：其他:第四種住宅區,100000,184,持分移轉,01370000
RPUSMLKLMHLGFFE98DA,後壁田段,17.29,都市：其他:第四種住宅區,100000,152,持分移轉,01370000
RPVTMLKLMHLGFFE56DA,後壁田段,17.29,都市：其他:第四種住宅區,100000,152,持分移轉,01370000
RPPPMLPLLHLGFFE58DA,後壁田段,12.05,都市：其他:第四種住宅區,100000,106,持分移轉,01370000
RPUNNLQLLHLGFFE09DA,後壁田段,11.71,都市：其他:第四種住宅區,100000,103,持分移轉,01370000
RPQPMLPKOHLGFIE56DA,八德段,12.65,都市：其他:第四種住宅區,100000,178,持分移轉,12520000
RPQPMLPKOHLGFIE56DA,八德段,1.35,都市：其他:第三種住宅區。,100000,178,持分移轉,12520001
RPQSMLKLMHLGFFE58DA,後壁田段,17.29,都市：其他:第四種住宅區,100000,152,持分移轉,01370000
RPSTMLPKMHLGFFE66DA,後壁田段,16.03,都市：其他:第四種住宅區,100000,141,持分移轉,01370000
RPXONLQLLHLGFFE86DA,後壁田段,12.17,都市：其他:第四種住宅區,100000,107,持分移轉,01370000
RPWOMLOLLHLGFFE09DA,後壁田段,11.71,都市：其他:第四種住宅區,100000,103,持分移轉,01370000
RPOOMLPJOHLGFFE48DA,後壁田段,15.35,都市：其他:第四種住宅區,100000,135,持分移轉,01370000
RPVOMLLLMHLGFFE78DA,後壁田段,23.31,都市：其他:第四種住宅區,100000,205,持分移轉,01370000
RPVNMLLMLHLGFFE68DA,後壁田段,11.71,都市：其他:第四種住宅區,100000,103,持分移轉,01370000
RPXTMLKMLHLGFFE76DA,後壁田段,11.71,都市：其他:第四種住宅區,100000,103,持分移轉,01370000
RPXNMLRKOHLGFDE76DA,灣中段,5.17,都市：其他:第五種商業區,100000,242,持分移轉,10130000
RPTNNLQLLHLGFFE98DA,後壁田段,11.71,都市：其他:第四種住宅區,100000,103,持分移轉,01370000
RPUNMLLJMHLGFFE38DA,後壁田段,12.05,都市：其他:第四種住宅區,100000,106,持分移轉,01370000
RPWOMLLMLHLGFFE88DA,後壁田段,12.05,都市：其他:第四種住宅區,100000,106,持分移轉,01370000
RPSTMLRLLHLGFFE86DA,後壁田段,22.29,都市：其他:第四種住宅區,100000,196,持分移轉,01370000
RPWNMLPLLHLGFFE09DA,後壁田段,11.71,都市：其他:第四種住宅區,100000,103,持分移轉,01370000
RPPOMLLMLHLGFFE18DA,後壁田段,11.71,都市：其他:第四種住宅區,100000,103,持分移轉,01370000
RPUPMLPJOHLGFFE56DA,後壁田段,17.29,都市：其他:第四種住宅區,100000,152,持分移轉,01370000
RPOPMLMKPHKGFFE38DA,後壁田段,15.80,都市：其他:第六種住宅區,20000,30,持分移轉,03660000
RPPOMLOLLHLGFFE38DA,後壁田段,20.92,都市：其他:第四種住宅區,100000,184,持分移轉,01370000
RPTOMLPJOHLGFFE98DA,後壁田段,11.71,都市：其他:第四種住宅區,100000,103,持分移轉,01370000
RPOOMLRLLHLGFFE58DA,後壁田段,22.52,都市：其他:第四種住宅區,100000,198,持分移轉,01370000
RPXRMLKMLHLGFFE56DA,後壁田段,16.15,都市：其他:第四種住宅區,100000,142,持分移轉,01370000
RPXUMLQLLHLGFFE37DA,後壁田段,11.71,都市：其他:第四種住宅區,100000,103,持分移轉,01370000
RPXPMLRLLHLGFFE96DA,後壁田段,22.29,都市：其他:第四種住宅區,100000,196,持分移轉,01370000
RPSSMLKLMHLGFFE78DA,後壁田段,17.29,都市：其他:第四種住宅區,100000,152,持分移轉,01370000
RPRQMLKLMHLGFFE48DA,後壁田段,17.97,都市：其他:第四種住宅區,100000,158,持分移轉,01370000
RPUNMLLMLHLGFFE58DA,後壁田段,11.71,都市：其他:第四種住宅區,100000,103,持分移轉,01370000
RPOOMLPKMHLGFFE38DA,後壁田段,17.40,都市：其他:第四種住宅區,100000,153,持分移轉,01370000
RPVRMLKLMHLGFFE98DA,後壁田段,15.24,都市：其他:第四種住宅區,100000,134,持分移轉,01370000
RPTPMLKMLHLGFFE58DA,後壁田段,16.15,都市：其他:第四種住宅區,100000,142,持分移轉,01370000
RPOTMLKLMHLGFFE48DA,後壁田段,15.24,都市：其他:第四種住宅區,100000,134,持分移轉,01370000
RPWNMLLMLHLGFFE78DA,後壁田段,11.71,都市：其他:第四種住宅區,100000,103,持分移轉,01370000
RPRTMLKLMHLGFFE78DA,後壁田段,17.29,都市：其他:第四種住宅區,100000,152,持分移轉,01370000
RPOSMLLLMHLGFFE48DA,後壁田段,15.12,都市：其他:第四種住宅區,100000,133,持分移轉,01370000
RPQPMLPKOHLGFEE78DA,援中段一小段,20.60,都市：其他:第四種住宅區,100000,894,持分移轉,02700000
RPXQMLLLMHLGFFE56DA,後壁田段,18.99,都市：其他:第四種住宅區,100000,167,持分移轉,01370000
RPSOMLPKOHLGFEE88DA,援中段一小段,11.80,都市：其他:第四種住宅區,100000,512,持分移轉,02700000
RPXNMLPKMHLGFFE56DA,後壁田段,17.40,都市：其他:第四種住宅區,100000,153,持分移轉,01370000
RPPPMLLLMHLGFFE28DA,後壁田段,23.31,都市：其他:第四種住宅區,100000,205,持分移轉,01370000
RPSQMLLLMHLGFFE68DA,後壁田段,18.99,都市：其他:第四種住宅區,100000,167,持分移轉,01370000
RPWWMLQLLHLGFFE47DA,後壁田段,11.71,都市：其他:第四種住宅區,100000,103,持分移轉,01370000
RPUPMLRLLHLGFFE66DA,後壁田段,22.29,都市：其他:第四種住宅區,100000,196,持分移轉,01370000
RPRNNLQLLHLGFFE78DA,後壁田段,11.71,都市：其他:第四種住宅區,100000,103,持分移轉,01370000
RPSOMLTJMHLGFFE09DA,後壁田段,12.05,都市：其他:第四種住宅區,100000,106,持分移轉,01370000
RPOTMLQLLHLGFFE98DA,後壁田段,20.92,都市：其他:第四種住宅區,100000,184,持分移轉,01370000
RPOSMLTJMHLGFFE09DA,後壁田段,22.18,都市：其他:第四種住宅區,100000,195,持分移轉,01370000
RPSNMLPLLHLGFFE68DA,後壁田段,11.71,都市：其他:第四種住宅區,100000,103,持分移轉,01370000
RPPTMLTJMHLGFFE66DA,後壁田段,11.71,都市：其他:第四種住宅區,100000,103,持分移轉,01370000
RPRRMLLLMHLGFFE68DA,後壁田段,15.12,都市：其他:第四種住宅區,200000,266,持分移轉,01370000
RPXPMLMJMHLGFBE58DA,林德官段,5.13,都市：其他:第五種商業區,10000,39,持分移轉,12940005
RPQQMLLLMHLGFFE48DA,後壁田段,18.99,都市：其他:第四種住宅區,100000,167,持分移轉,01370000
RPVPMLPKMHLGFFE56DA,後壁田段,11.71,都市：其他:第四種住宅區,100000,103,持分移轉,01370000
RPORMLKMLHLGFFE28DA,後壁田段,16.15,都市：其他:第四種住宅區,100000,142,持分移轉,01370000
RPPTMLQLLHLGFFE09DA,後壁田段,20.92,都市：其他:第四種住宅區,100000,184,持分移轉,01370000
RPTSMLKLMHLGFFE88DA,後壁田段,17.29,都市：其他:第四種住宅區,100000,152,持分移轉,01370000
RPUOMLPKMHLGFFE98DA,後壁田段,17.40,都市：其他:第四種住宅區,100000,153,持分移轉,01370000
RPSRMLLLMHLGFFE78DA,後壁田段,15.12,都市：其他:第四種住宅區,100000,133,持分移轉,01370000
RPRTMLQLLHLGFFE66DA,後壁田段,20.92,都市：其他:第四種住宅區,100000,184,持分移轉,01370000
RPXWMLQLLHLGFFE57DA,後壁田段,11.71,都市：其他:第四種住宅區,100000,103,持分移轉,01370000
RPSUMLQLLHLGFFE86DA,後壁田段,11.71,都市：其他:第四種住宅區,100000,103,持分移轉,01370000
RPUONLQLLHLGFFE56DA,後壁田段,12.17,都市：其他:第四種住宅區,100000,107,持分移轉,01370000
RPSQMLPKMHLGFFE98DA,後壁田段,12.17,都市：其他:第四種住宅區,100000,107,持分移轉,01370000
RPWTMLKLMHLGFFE66DA,後壁田段,17.29,都市：其他:第四種住宅區,100000,152,持分移轉,01370000
RPSPMLKLMHLGFFE48DA,後壁田段,22.63,都市：其他:第四種住宅區,100000,199,持分移轉,01370000
RPUPMLKLMHLGFFE68DA,後壁田段,22.63,都市：其他:第四種住宅區,100000,199,持分移轉,01370000
RPROMLQJNHLGFFE78DA,後壁田段,12.05,都市：其他:第四種住宅區,100000,106,持分移轉,01370000
RPRPMLKLMHLGFFE38DA,後壁田段,22.63,都市：其他:第四種住宅區,100000,199,持分移轉,01370000
RPPUMLQLLHLGFFE56DA,後壁田段,11.71,都市：其他:第四種住宅區,100000,103,持分移轉,01370000
RPORMLKLMHLGFFE28DA,後壁田段,22.06,都市：其他:第四種住宅區,100000,194,持分移轉,01370000
RPSPMLPKOHLGFIE76DA,八德段,12.65,都市：其他:第四種住宅區,100000,178,持分移轉,12520000
RPSPMLPKOHLGFIE76DA,八德段,1.35,都市：其他:第三種住宅區。,100000,178,持分移轉,12520001
RPROMLPKMHLGFFE68DA,後壁田段,17.40,都市：其他:第四種住宅區,100000,153,持分移轉,01370000
RPRNMLQKOHLGFEE78DA,左屏段,8.90,都市：其他:第五種住宅區,100000,308,持分移轉,00020000
RPVPMLPKOHLGFEE66DA,援中段一小段,20.60,都市：其他:第四種住宅區,100000,894,持分移轉,02700000
RPTQMLPKMHLGFFE09DA,後壁田段,12.17,都市：其他:第四種住宅區,100000,107,持分移轉,01370000
RPUPMLPKOHLGFEE56DA,援中段一小段,14.19,都市：其他:第四種住宅區,100000,616,持分移轉,02700000
RPONNLQLLHLGFFE48DA,後壁田段,11.71,都市：其他:第四種住宅區,100000,103,持分移轉,01370000
RPQVMLQLLHLGFFE76DA,後壁田段,11.71,都市：其他:第四種住宅區,100000,103,持分移轉,01370000
RPPVMLQLLHLGFFE66DA,後壁田段,11.71,都市：其他:第四種住宅區,100000,103,持分移轉,01370000
RPRRMLTJMHLGFFE66DA,後壁田段,22.18,都市：其他:第四種住宅區,100000,195,持分移轉,01370000
RPUTMLQLLHLGFFE96DA,後壁田段,20.92,都市：其他:第四種住宅區,100000,184,持分移轉,01370000
RPWTMLQLLHLGFFE17DA,後壁田段,20.92,都市：其他:第四種住宅區,100000,184,持分移轉,01370000
RPXTMLQLLHLGFFE27DA,後壁田段,20.92,都市：其他:第四種住宅區,100000,184,持分移轉,01370000
RPWNMLLKPHKGFFE88DA,後壁田段,11.58,都市：其他:第六種住宅區,10000,11,持分移轉,03660000
RPQTMLRLLHLGFFE66DA,後壁田段,11.71,都市：其他:第四種住宅區,100000,103,持分移轉,01370000
RPURMLPKMHLGFFE66DA,後壁田段,15.01,都市：其他:第四種住宅區,100000,132,持分移轉,01370000
RPSONLQLLHLGFFE98DA,後壁田段,12.17,都市：其他:第四種住宅區,100000,107,持分移轉,01370000
RPRPMLPKMHLGFFE78DA,後壁田段,11.71,都市：其他:第四種住宅區,100000,103,持分移轉,01370000
RPTRMLRLLHLGFFE76DA,後壁田段,17.40,都市：其他:第四種住宅區,100000,153,持分移轉,01370000
RPOSMLPKMHLGFFE78DA,後壁田段,15.01,都市：其他:第四種住宅區,100000,132,持分移轉,01370000
RPQTMLPKMHLGFFE09DA,後壁田段,16.03,都市：其他:第四種住宅區,100000,141,持分移轉,01370000
RPXRMLLLMHLGFFE66DA,後壁田段,15.12,都市：其他:第四種住宅區,100000,133,持分移轉,01370000
RPOTMLPKMHLGFFE88DA,後壁田段,16.03,都市：其他:第四種住宅區,100000,141,持分移轉,01370000
RPPSMLPKMHLGFFE88DA,後壁田段,15.01,都市：其他:第四種住宅區,100000,132,持分移轉,01370000
RPPTMLPKMHLGFFE98DA,後壁田段,16.03,都市：其他:第四種住宅區,100000,141,持分移轉,01370000
RPSOMLQJNHLGFFE88DA,後壁田段,11.71,都市：其他:第四種住宅區,100000,103,持分移轉,01370000
RPQPMLQJNHLGFFE78DA,後壁田段,11.71,都市：其他:第四種住宅區,100000,103,持分移轉,01370000
RPQTMLQLLHLGFFE56DA,後壁田段,20.92,都市：其他:第四種住宅區,100000,184,持分移轉,01370000
RPXPMLLLMHLGFFE09DA,後壁田段,18.99,都市：其他:第四種住宅區,100000,167,持分移轉,01370000
RPXQMLRLLHLGFFE07DA,後壁田段,17.40,都市：其他:第四種住宅區,100000,153,持分移轉,01370000
RPSSMLTJMHLGFFE86DA,後壁田段,11.71,都市：其他:第四種住宅區,100000,103,持分移轉,01370000
RPWOMLPKOHLGFIE07DA,八德段,15.71,都市：其他:第四種住宅區,100000,221,持分移轉,12520000
RPWOMLPKOHLGFIE07DA,八德段,1.67,都市：其他:第三種住宅區。,100000,221,持分移轉,12520001
RPURMLLLMHLGFFE98DA,後壁田段,15.12,都市：其他:第四種住宅區,100000,133,持分移轉,01370000
RPVOMLQJNHLGFFE56DA,後壁田段,11.83,都市：其他:第四種住宅區,100000,104,持分移轉,01370000
RPUUMLKLMHLGFFE56DA,後壁田段,11.71,都市：其他:第四種住宅區,100000,103,持分移轉,01370000
RPVOMLPKOHLGFIE96DA,八德段,15.71,都市：其他:第四種住宅區,100000,221,持分移轉,12520000
RPVOMLPKOHLGFIE96DA,八德段,1.67,都市：其他:第三種住宅區。,100000,221,持分移轉,12520001
RPWNMLPKMHLGFFE09DA,後壁田段,17.40,都市：其他:第四種住宅區,100000,153,持分移轉,01370000
RPRPMLPKOHLGFIE66DA,八德段,12.65,都市：其他:第四種住宅區,100000,178,持分移轉,12520000
RPWQMLPKOHLGFIE27DA,八德段,18.05,都市：其他:第四種住宅區,100000,254,持分移轉,12520000
RPRPMLPKOHLGFIE66DA,八德段,1.35,都市：其他:第三種住宅區。,100000,178,持分移轉,12520001
RPWQMLPKOHLGFIE27DA,八德段,1.92,都市：其他:第三種住宅區。,100000,254,持分移轉,12520001
RPXNMLLLMHLGFFE88DA,後壁田段,11.71,都市：其他:第四種住宅區,100000,103,持分移轉,01370000
RPUPMLPKOHLGFIE96DA,八德段,11.09,都市：其他:第四種住宅區,100000,156,持分移轉,12520000
RPUPMLPKOHLGFIE96DA,八德段,1.18,都市：其他:第三種住宅區。,100000,156,持分移轉,12520001
RPVPNLQLLHLGFFE76DA,後壁田段,12.05,都市：其他:第四種住宅區,100000,106,持分移轉,01370000
RPWSMLTJMHLGFFE27DA,後壁田段,11.71,都市：其他:第四種住宅區,100000,103,持分移轉,01370000
RPOQMLPKOHLGFIE09DA,八德段,12.30,都市：其他:第四種住宅區,100000,173,持分移轉,12520000
RPVNMLLLMHLGFFE68DA,後壁田段,11.71,都市：其他:第四種住宅區,100000,103,持分移轉,01370000
RPOQMLPKOHLGFIE09DA,八德段,1.31,都市：其他:第三種住宅區。,100000,173,持分移轉,12520001
RPWRMLLLMHLGFFE56DA,後壁田段,15.12,都市：其他:第四種住宅區,100000,133,持分移轉,01370000
RPWOMLPJOHLGFFE66DA,後壁田段,11.83,都市：其他:第四種住宅區,100000,104,持分移轉,01370000
RPROMLPKOHLGFDE68DA,灣中段,6.61,都市：其他:第五種商業區,100000,309,持分移轉,10130000
RPTPMLPJOHLGFFE09DA,後壁田段,22.18,都市：其他:第四種住宅區,100000,195,持分移轉,01370000
RPTNMLOJPHKGFFE78DA,後壁田段,15.80,都市：其他:第六種住宅區,10000,15,持分移轉,03660000
RPUOMLQJNHLGFFE09DA,後壁田段,11.71,都市：其他:第四種住宅區,100000,103,持分移轉,01370000
RPOOMLQJQHKGFFE68DA,後壁田段,11.58,都市：其他:第六種住宅區,10000,11,持分移轉,03660000
RPQRMLKLMHLGFFE48DA,後壁田段,22.06,都市：其他:第四種住宅區,100000,194,持分移轉,01370000
RPTTMLQLLHLGFFE86DA,後壁田段,20.92,都市：其他:第四種住宅區,100000,184,持分移轉,01370000
RPOVMLKLMHLGFFE68DA,後壁田段,11.71,都市：其他:第四種住宅區,100000,103,持分移轉,01370000
RPSPMLQJNHLGFFE98DA,後壁田段,11.83,都市：其他:第四種住宅區,100000,104,持分移轉,01370000
RPUQMLLLMHLGFFE88DA,後壁田段,18.99,都市：其他:第四種住宅區,100000,167,持分移轉,01370000
RPVQNLQLLHLGFFE86DA,後壁田段,12.05,都市：其他:第四種住宅區,100000,106,持分移轉,01370000
RPVNMLRKLHLGFDE88DA,大港段,17.65,都市：其他:第四種住宅區,2000000,9998,持分移轉,35350000
RPWQNLQLLHLGFFE96DA,後壁田段,12.05,都市：其他:第四種住宅區,100000,106,持分移轉,01370000
RPVUMLKLMHLGFFE66DA,後壁田段,11.71,都市：其他:第四種住宅區,100000,103,持分移轉,01370000
RPPRMLOLLHLGFFE68DA,後壁田段,15.35,都市：其他:第四種住宅區,100000,135,持分移轉,01370000
RPPPMLPKMHLGFFE58DA,後壁田段,11.71,都市：其他:第四種住宅區,100000,103,持分移轉,01370000
RPQPMLPKMHLGFFE68DA,後壁田段,11.71,都市：其他:第四種住宅區,100000,103,持分移轉,01370000
RPROMLKMLHLGFFE28DA,後壁田段,16.15,都市：其他:第四種住宅區,100000,142,持分移轉,01370000
RPXPMLKMLHLGFFE98DA,後壁田段,11.83,都市：其他:第四種住宅區,100000,104,持分移轉,01370000
RPPQMLKMLHLGFFE28DA,後壁田段,11.83,都市：其他:第四種住宅區,100000,104,持分移轉,01370000
RPUNMLOLLHLGFFE78DA,後壁田段,20.92,都市：其他:第四種住宅區,100000,184,持分移轉,01370000
RPXNMLOLLHLGFFE09DA,後壁田段,20.92,都市：其他:第四種住宅區,100000,184,持分移轉,01370000
RPWPMLLLMHLGFFE98DA,後壁田段,18.99,都市：其他:第四種住宅區,100000,167,持分移轉,01370000
RPTNMLPKNHLGFFE88DA,後壁田段,16.15,都市：其他:第四種住宅區,100000,142,持分移轉,01370000
RPVNMLRKOHLGFIE07DA,八德段,12.65,都市：其他:第四種住宅區,100000,178,持分移轉,12520000
RPVNMLRKOHLGFIE07DA,八德段,1.35,都市：其他:第三種住宅區。,100000,178,持分移轉,12520001
RPUNMLLLMHLGFFE58DA,後壁田段,11.71,都市：其他:第四種住宅區,100000,103,持分移轉,01370000
RPRRMLPKOHLGFIE86DA,八德段,15.71,都市：其他:第四種住宅區,100000,221,持分移轉,12520000
RPRRMLPKOHLGFIE86DA,八德段,1.67,都市：其他:第三種住宅區。,100000,221,持分移轉,12520001
RPOUMLLLMHLGFFE68DA,後壁田段,11.83,都市：其他:第四種住宅區,100000,104,持分移轉,01370000
RPWNMLLLMHLGFFE78DA,後壁田段,11.71,都市：其他:第四種住宅區,100000,103,持分移轉,01370000
RPOQMLKMLHLGFFE18DA,後壁田段,11.83,都市：其他:第四種住宅區,100000,104,持分移轉,01370000
RPTQNLQLLHLGFFE66DA,後壁田段,12.05,都市：其他:第四種住宅區,100000,106,持分移轉,01370000
RPPPMLPKOHLGFIE09DA,八德段,11.09,都市：其他:第四種住宅區,100000,156,持分移轉,12520000
RPPPMLPKOHLGFIE09DA,八德段,1.18,都市：其他:第三種住宅區。,100000,156,持分移轉,12520001
RPRRMLKMLHLGFFE58DA,後壁田段,16.15,都市：其他:第四種住宅區,100000,142,持分移轉,01370000
RPUPMLKMLHLGFFE68DA,後壁田段,16.15,都市：其他:第四種住宅區,100000,142,持分移轉,01370000
RPUOMLPJOHLGFFE09DA,後壁田段,16.15,都市：其他:第四種住宅區,100000,142,持分移轉,01370000
RPPTMLLLMHLGFFE68DA,後壁田段,11.83,都市：其他:第四種住宅區,100000,104,持分移轉,01370000
RPWOMLQJNHLGFFE66DA,後壁田段,16.15,都市：其他:第四種住宅區,100000,142,持分移轉,01370000
RPVOMLPJOHLGFFE56DA,後壁田段,11.83,都市：其他:第四種住宅區,100000,104,持分移轉,01370000
RPWUMLKLMHLGFFE76DA,後壁田段,11.71,都市：其他:第四種住宅區,100000,103,持分移轉,01370000
RPROMLPJOHLGFFE78DA,後壁田段,11.71,都市：其他:第四種住宅區,100000,103,持分移轉,01370000
RPSNMLOJPHKGFFE68DA,後壁田段,15.80,都市：其他:第六種住宅區,10000,15,持分移轉,03660000
RPOQMLRKPHKGFFE98DA,後壁田段,14.74,都市：其他:第六種住宅區,10000,14,持分移轉,03660000
RPVNMLLLNHLGFCE48DA,松金段,8.87,都市：其他:第三種商業區,100000,123,持分移轉,00180000
RPPPMLQJNHLGFFE68DA,後壁田段,11.71,都市：其他:第四種住宅區,100000,103,持分移轉,01370000
RPTOMLRJMHLGFBE58DA,大統段一小段,5.44,都市：其他:第五種商業區,100000,220,持分移轉,13580000
RPOOMLPKOHLGFDE38DA,灣中段,6.61,都市：其他:第五種商業區,100000,309,持分移轉,10130000
RPTOMLRJMHLGFBE58DA,大統段一小段,1.73,都市：其他:第二種特定商業專用區,100000,220,持分移轉,13740000
RPTNMLRKOHLGFAE68DA,龍華段八小段,9.18,都市：其他:第四種商業區,100000,563,持分移轉,22220000
RPQOMLPKOHLGFDE58DA,灣中段,6.61,都市：其他:第五種商業區,100000,309,持分移轉,10130000
RPPOMLPKOHLGFDE48DA,灣中段,6.61,都市：其他:第五種商業區,100000,309,持分移轉,10130000
RPPOMLRKOHLGFDE68DA,灣中段,5.17,都市：其他:第五種商業區,100000,242,持分移轉,10130000
RPSOMLPKOHLGFDE78DA,灣中段,6.61,都市：其他:第五種商業區,100000,309,持分移轉,10130000
RPUNMLMJIIKGFFE08DA,後壁田段,15.80,都市：其他:第六種住宅區,10000,15,持分移轉,03660000
RPPQMLLKOHLGFGE58DA,過埤段,16.97,都市：其他:第三之一種住宅區,10000,44,持分移轉,07100000
RPPOMLMJIIKGFFE67DA,後壁田段,11.58,都市：其他:第六種住宅區,10000,11,持分移轉,03660000
RPSOMLTLNHLGFBE98DA,大統段一小段,3.29,都市：其他:第五種商業區,100000,133,持分移轉,13580000
RPSOMLTLNHLGFBE98DA,大統段一小段,1.05,都市：其他:第二種特定商業專用區,100000,133,持分移轉,13740000
RPPNMLNLOHLGFDE28DA,灣中段,5.26,都市：其他:第五種商業區,100000,246,持分移轉,10130000
RPWPMLLKOHLGFGE56DA,過埤段,18.90,都市：其他:第三之一種住宅區,10000,49,持分移轉,07100000
RPTOMLPKOHLGFDE88DA,灣中段,6.61,都市：其他:第五種商業區,100000,309,持分移轉,10130000
RPSPMLKKMHLGFBE97DA,大統段一小段,3.61,都市：其他:第五種商業區,100000,146,持分移轉,13580000
RPSSMLKMLHLGFBE38DA,大統段一小段,3.29,都市：其他:第五種商業區,100000,133,持分移轉,13580000
RPSPMLKKMHLGFBE97DA,大統段一小段,1.15,都市：其他:第二種特定商業專用區,100000,146,持分移轉,13740000
RPSSMLKMLHLGFBE38DA,大統段一小段,1.05,都市：其他:第二種特定商業專用區,100000,133,持分移轉,13740000
RPQPMLLKOHLGFGE58DA,過埤段,18.90,都市：其他:第三之一種住宅區,10000,49,持分移轉,07100000
RPPOMLTLNHLGFBE68DA,大統段一小段,3.98,都市：其他:第五種商業區,100000,161,持分移轉,13580000
RPPOMLTLNHLGFBE68DA,大統段一小段,1.27,都市：其他:第二種特定商業專用區,100000,161,持分移轉,13740000
RPUNMLPKNHLGFBE58DA,大統段一小段,3.46,都市：其他:第五種商業區,100000,140,持分移轉,13580000
RPUNMLPKNHLGFBE58DA,大統段一小段,1.10,都市：其他:第二種特定商業專用區,100000,140,持分移轉,13740000
RPPOMLSKNHLGFGE98DA,過埤段,16.97,都市：其他:第三之一種住宅區,10000,44,持分移轉,07100000
RPOOMLPJOHLGFBE08DA,大統段一小段,3.14,都市：其他:第五種商業區,100000,127,持分移轉,13580000
RPOOMLPJOHLGFBE08DA,大統段一小段,1.00,都市：其他:第二種特定商業專用區,100000,127,持分移轉,13740000
RPROMLOJOHLGFBE28DA,大統段一小段,4.77,都市：其他:第五種商業區,100000,193,持分移轉,13580000
RPROMLOJOHLGFBE28DA,大統段一小段,1.52,都市：其他:第二種特定商業專用區,100000,193,持分移轉,13740000
RPXNMLRJMHLGFBE88DA,大統段一小段,3.17,都市：其他:第五種商業區,100000,128,持分移轉,13580000
RPXNMLRJMHLGFBE88DA,大統段一小段,1.01,都市：其他:第二種特定商業專用區,100000,128,持分移轉,13740000
RPOPMLLKOHLGFGE38DA,過埤段,23.14,都市：其他:第三之一種住宅區,10000,60,持分移轉,07100000
RPUNMLRKOHLGFAE78DA,龍華段八小段,9.18,都市：其他:第四種商業區,100000,563,持分移轉,22220000
RPQNMLOKNHLGFBE08DA,大統段一小段,3.98,都市：其他:第五種商業區,100000,161,持分移轉,13580000
RPQNMLOKNHLGFBE08DA,大統段一小段,1.27,都市：其他:第二種特定商業專用區,100000,161,持分移轉,13740000
RPSOMLLLMHLGFBE08DA,大統段一小段,3.17,都市：其他:第五種商業區,100000,128,持分移轉,13580000
RPVNMLKMPHKGFFE88DA,後壁田段,14.74,都市：其他:第六種住宅區,10000,14,持分移轉,03660000
RPSOMLLLMHLGFBE08DA,大統段一小段,1.01,都市：其他:第二種特定商業專用區,100000,128,持分移轉,13740000
RPXNMLOLOHLGFGE86DA,過埤段,23.14,都市：其他:第三之一種住宅區,10000,60,持分移轉,07100000
RPWPMLNJMHLGFBE58DA,大統段一小段,3.36,都市：其他:第五種商業區,100000,136,持分移轉,13580000
RPWPMLNJMHLGFBE58DA,大統段一小段,1.07,都市：其他:第二種特定商業專用區,100000,136,持分移轉,13740000
RPPPMLKKMHLGFBE67DA,大統段一小段,3.49,都市：其他:第五種商業區,100000,141,持分移轉,13580000
RPPPMLKKMHLGFBE67DA,大統段一小段,1.11,都市：其他:第二種特定商業專用區,100000,141,持分移轉,13740000
RPOOMLNKMHLGFBE77DA,大統段一小段,3.32,都市：其他:第五種商業區,100000,134,持分移轉,13580000
RPOOMLOLOHLGFGE68DA,過埤段,16.97,都市：其他:第三之一種住宅區,10000,44,持分移轉,07100000
RPOOMLNKMHLGFBE77DA,大統段一小段,1.06,都市：其他:第二種特定商業專用區,100000,134,持分移轉,13740000
RPWPMLLJMHLGFBE38DA,大統段一小段,3.36,都市：其他:第五種商業區,100000,136,持分移轉,13580000
RPWPMLLJMHLGFBE38DA,大統段一小段,1.07,都市：其他:第二種特定商業專用區,100000,136,持分移轉,13740000
RPWOMLLKOHLGFGE09DA,過埤段,23.14,都市：其他:第三之一種住宅區,10000,60,持分移轉,07100000
RPPPMLLKOHLGFGE48DA,過埤段,16.97,都市：其他:第三之一種住宅區,10000,44,持分移轉,07100000
RPOSMLNJMHLGFBE08DA,大統段一小段,3.49,都市：其他:第五種商業區,100000,141,持分移轉,13580000
RPPNMLTLLHLGFBE38DA,大統段一小段,3.49,都市：其他:第五種商業區,100000,141,持分移轉,13580000
RPOPMLPLLHLGFBE08DA,大統段一小段,3.39,都市：其他:第五種商業區,100000,137,持分移轉,13580000
RPOSMLNJMHLGFBE08DA,大統段一小段,1.11,都市：其他:第二種特定商業專用區,100000,141,持分移轉,13740000
RPPNMLTLLHLGFBE38DA,大統段一小段,1.11,都市：其他:第二種特定商業專用區,100000,141,持分移轉,13740000
RPUOMLPLLHLGFBE58DA,大統段一小段,3.17,都市：其他:第五種商業區,100000,128,持分移轉,13580000
RPOPMLPLLHLGFBE08DA,大統段一小段,1.08,都市：其他:第二種特定商業專用區,100000,137,持分移轉,13740000
RPUOMLPLLHLGFBE58DA,大統段一小段,1.01,都市：其他:第二種特定商業專用區,100000,128,持分移轉,13740000
RPXOMLLKOHLGFGE56DA,過埤段,18.90,都市：其他:第三之一種住宅區,10000,49,持分移轉,07100000
RPRPMLPLLHLGFBE38DA,大統段一小段,3.39,都市：其他:第五種商業區,100000,137,持分移轉,13580000
RPRPMLPLLHLGFBE38DA,大統段一小段,1.08,都市：其他:第二種特定商業專用區,100000,137,持分移轉,13740000
RPQQMLPLLHLGFBE38DA,大統段一小段,3.39,都市：其他:第五種商業區,100000,137,持分移轉,13580000
RPQQMLPLLHLGFBE38DA,大統段一小段,1.08,都市：其他:第二種特定商業專用區,100000,137,持分移轉,13740000
RPPNMLMJMHLGFBE57DA,大統段一小段,3.36,都市：其他:第五種商業區,100000,136,持分移轉,13580000
RPPNMLMJMHLGFBE57DA,大統段一小段,1.07,都市：其他:第二種特定商業專用區,100000,136,持分移轉,13740000
RPRPMLMJOHLGFGE68DA,過埤段,23.14,都市：其他:第三之一種住宅區,10000,60,持分移轉,07100000
RPROMLLLMHLGFBE97DA,大統段一小段,3.14,都市：其他:第五種商業區,100000,127,持分移轉,13580000
RPUOMLLKOHLGFGE88DA,過埤段,18.90,都市：其他:第三之一種住宅區,10000,49,持分移轉,07100000
RPROMLLLMHLGFBE97DA,大統段一小段,1.00,都市：其他:第二種特定商業專用區,100000,127,持分移轉,13740000
RPVOMLLKOHLGFGE98DA,過埤段,18.90,都市：其他:第三之一種住宅區,10000,49,持分移轉,07100000
RPPOMLTLLHLGFBE48DA,大統段一小段,5.44,都市：其他:第五種商業區,100000,220,持分移轉,13580000
RPQOMLLKOHLGFGE48DA,過埤段,16.97,都市：其他:第三之一種住宅區,10000,44,持分移轉,07100000
RPPOMLTLLHLGFBE48DA,大統段一小段,1.73,都市：其他:第二種特定商業專用區,100000,220,持分移轉,13740000
RPOVMLTLLHLGFBE09DA,大統段一小段,3.96,都市：其他:第五種商業區,100000,160,持分移轉,13580000
RPOVMLTLLHLGFBE09DA,大統段一小段,1.26,都市：其他:第二種特定商業專用區,100000,160,持分移轉,13740000
RPRUMLKMLHLGFBE48DA,大統段一小段,3.96,都市：其他:第五種商業區,100000,160,持分移轉,13580000
RPRUMLKMLHLGFBE48DA,大統段一小段,1.26,都市：其他:第二種特定商業專用區,100000,160,持分移轉,13740000
RPQVMLKMLHLGFBE48DA,大統段一小段,3.96,都市：其他:第五種商業區,100000,160,持分移轉,13580000
RPQVMLKMLHLGFBE48DA,大統段一小段,1.26,都市：其他:第二種特定商業專用區,100000,160,持分移轉,13740000
RPQOMLQLLHLGFBE28DA,大統段一小段,3.39,都市：其他:第五種商業區,100000,137,持分移轉,13580000
RPQOMLQLLHLGFBE28DA,大統段一小段,1.08,都市：其他:第二種特定商業專用區,100000,137,持分移轉,13740000
RPTPMLLJMHLGFBE08DA,大統段一小段,3.36,都市：其他:第五種商業區,100000,136,持分移轉,13580000
RPTPMLLJMHLGFBE08DA,大統段一小段,1.07,都市：其他:第二種特定商業專用區,100000,136,持分移轉,13740000
RPXNMLNLOHLGFGE76DA,過埤段,23.14,都市：其他:第三之一種住宅區,10000,60,持分移轉,07100000
RPQNMLPKNHLGFGE78EA,道爺廍段,1205.00,都市：其他:第三之一種住宅區,1,1,全筆移轉,10930076
RPWNMLOLOHLGFGE76DA,過埤段,23.14,都市：其他:第三之一種住宅區,10000,60,持分移轉,07100000
RPSOMLLMLHLGFBE08DA,大統段一小段,2.97,都市：其他:第五種商業區,100000,120,持分移轉,13580000
RPSOMLLMLHLGFBE08DA,大統段一小段,.95,都市：其他:第二種特定商業專用區,100000,120,持分移轉,13740000
RPWNMLLMLHLGFBE38DA,大統段一小段,3.96,都市：其他:第五種商業區,100000,160,持分移轉,13580000
RPWNMLLMLHLGFBE38DA,大統段一小段,1.26,都市：其他:第二種特定商業專用區,100000,160,持分移轉,13740000
RPXNMLLLMHLGFBE48DA,大統段一小段,3.34,都市：其他:第五種商業區,100000,135,持分移轉,13580000
RPXNMLLLMHLGFBE48DA,大統段一小段,1.06,都市：其他:第二種特定商業專用區,100000,135,持分移轉,13740000
