編號,屋齡,建物移轉面積平方公尺,主要用途,主要建材,建築完成日期,總層數,建物分層,移轉情形
The serial number,room age,building shifting area square meter,the main use,main building materials,construction completes the date,total layer,building lamination,
RPURMLMLNHLGFEF66CC,31,42.87,住家用,鋼筋混凝土造,84年1月17日,十層,,
RPTOMLMLNHLGFEF88CC,20,56.61,住家用,鋼筋混凝土造,95年11月17日,十二層,,
RPURMLMLNHLGFEF66CC,31,4.32,共有部分,鋼筋混凝土造,84年1月17日,十層,,
RPTOMLMLNHLGFEF88CC,20,21.54,共有部分,鋼筋混凝土造,95年11月17日,十二層,,
RPTPMLMLNHLGFEF98CC,32,20.93,住家用,鋼筋混凝土造,83年6月29日,十八層,,
RPUQMLMLNHLGFEF56CC,31,24.89,住家用,鋼筋混凝土造,84年3月15日,十二層,,
RPTPMLMLNHLGFEF98CC,32,9.64,共有部分,鋼筋混凝土造,83年6月29日,十八層,,
RPUQMLMLNHLGFEF56CC,31,5.46,共有部分,鋼筋混凝土造,84年3月15日,十二層,,
RPXRMLMLNHLGFEF96CC,11,102.76,住家用,鋼筋混凝土造,104年10月1日,十五層,,
RPROMLMLNHLGFEF68CC,3,64.91,集合住宅,鋼筋混凝土造,112年7月24日,二十三層,,
RPXRMLMLNHLGFEF96CC,11,45.89,本共有部份項目有：騎樓、陽台、梯廳、排煙室、管道間、特別安全梯、一般昇降機、無障礙昇降機、戶外安全梯、管委會使用空間、機房、電梯機房、水箱（Ａ）、水箱（Ｂ）、機車停車區、（Ｂ棟電表空間）、垃圾貯存空間、通道、垃圾車暫停空間、臨時停車位、裝卸位、（Ａ棟電表空間）、受電箱空間、電氣機房、緊急發電機室、電信機房、電視機房、排風機房、機房（１）、機房（２）、污水機房、消防機房等３２項,鋼筋混凝土造,104年10月1日,十五層,,
RPUQMLMLNHLGFEF56CC,31,3.77,共有部分,鋼筋混凝土造,84年3月15日,十二層,,
RPXRMLMLNHLGFEF96CC,11,37.79,本共有部分之項目有：車道、停車空間等２項,鋼筋混凝土造,104年10月1日,十五層,,
RPROMLMLNHLGFEF68CC,3,22.19,本共有部分項目有：丙梯、丁梯、己梯、辛梯、無障礙樓梯、Ｂ排煙室、１７人份（供行動不便者使用電梯）、１７人份緊急昇降機、梯廳、梯間、水箱（１）、水箱（２）、水箱（３）、水箱（６）、水箱（７）、中繼水箱、消防中繼機房、水箱、電梯機房、電氣設備機械室（水箱用）、Ｂ排煙室（梯廳）等２１項,鋼筋混凝土造,112年7月24日,二十三層,,
RPUQMLMLNHLGFEF56CC,31,25.41,住家用,鋼筋混凝土造,84年3月15日,十二層,,
RPUQMLMLNHLGFEF56CC,31,5.58,共有部分,鋼筋混凝土造,84年3月15日,十二層,,
RPROMLMLNHLGFEF68CC,3,3.70,本共有部分項目有：騎樓、陽台、門廳、Ａ梯廳、Ｂ梯廳、管委會使用空間１、管委會使用空間２、管委會使用空間３、管委會使用空間４、管委會使用空間５、管委會使用空間６、管委會使用空間７、中繼水箱、消防機房、垃圾貯存室、發電機室、電信室、防災中心、台電配電室、消防泵浦室等２０項,鋼筋混凝土造,112年7月24日,二十三層,,
RPUQMLMLNHLGFEF56CC,31,3.86,共有部分,鋼筋混凝土造,84年3月15日,十二層,,
RPROMLMLNHLGFEF68CC,3,40.53,本共有部分項目有：汽車車道、服務車位兼裝卸車位、防空避難室兼停車空間、停車空間等４項,鋼筋混凝土造,112年7月24日,二十三層,,
RPTNMLMLNHLGFBF48CC,26,83.57,住家用,鋼筋混凝土造,89年4月24日,七層,,
RPTNMLMLNHLGFBF48CC,26,12.44,共有部分,鋼筋混凝土造,89年4月24日,七層,,
RPTNMLMLNHLGFBF48CC,26,10.04,共有部分,鋼筋混凝土造,89年4月24日,七層,,
RPTOMLMLNHLGFBF58CC,22,82.91,商業用,鋼筋混凝土造,93年1月13日,九層,,
RPTOMLMLNHLGFBF58CC,22,13.55,共有部分,鋼筋混凝土造,93年1月13日,九層,,
RPTOMLMLNHLGFBF58CC,22,14.66,共有部分,鋼筋混凝土造,93年1月13日,九層,,
RPVNMLMLNHLGFBF68CC,4,56.32,集合住宅,鋼筋混凝土造,111年2月22日,九層,,
RPVNMLMLNHLGFBF68CC,4,6.01,集合住宅,鋼筋混凝土造,111年2月22日,九層,,
RPROMLMLNHLGFBF38CC,45,35.81,住家用,鋼筋混凝土造,69年12月24日,五層,,
RPVNMLMLNHLGFBF68CC,4,63.87,本共有部分之項目有：管委會使用空間、無障礙安全梯、無障礙電梯、無障礙廁所、梯廳、地下室進風、地下室排風、安全梯、水箱、機械室、樓梯間、發電機室進風、發電機室排風、發電機室、機電設備空間、停車空間、汽車坡道、電信室、蓄水池、消防泵浦室、陽台等２１項。,鋼筋混凝土造,111年2月22日,九層,,
RPQNMLNLNHLGFEF58CC,28,24.09,商業用,鋼筋混凝土造,87年8月27日,十二層,,
RPQNMLNLNHLGFEF58CC,28,5.94,共有部分,鋼筋混凝土造,87年8月27日,十二層,,
RPQNMLNLNHLGFEF58CC,28,2.39,共有部分,鋼筋混凝土造,87年8月27日,十二層,,
RPPNMLNLNHLGFEF48CC,37,121.09,住家用,鋼筋混凝土造,78年6月23日,五層,,
RPPNMLNLNHLGFEF48CC,37,3.86,共有部分,鋼筋混凝土造,78年6月23日,五層,,
RPSNMLNLNHLGFEF78CC,8,85.40,住家用,鋼筋混凝土造,107年5月25日,二十九層,,
RPSNMLNLNHLGFEF78CC,8,73.54,本共有部分之項目有：梯廳、排煙室、樓電梯間、騎樓、管委會使用空間、人行通廊、頂蓋式通廊、走道、防災中心、游泳池機房、陽台、男女更衣室、ＳＰＡ池區、機械室、消防中繼機械房、樓梯間、水箱、中繼消防水箱、泵浦區、台電配電室、受電箱通道、電錶區、昇降機坑、緊急發電機室、垃圾儲藏室、儲油室、停車空間、台電通道、汙排水轉、消防中繼機房、電錶室、變電室、電信室、機房、泳池專用水箱、游泳池揚水泵浦機房、排風機房、消防中繼水箱、防空避難室兼停車空間、雨水過濾機房、消防幫浦室等４１項,鋼筋混凝土造,107年5月25日,二十九層,,
RPQNMLNLNHLGFBF28CC,31,70.94,住家用,鋼筋混凝土造,84年1月17日,十二層,,
RPQNMLNLNHLGFBF28CC,31,2.29,共有部分,鋼筋混凝土造,84年1月17日,十二層,,
RPQNMLNLNHLGFBF28CC,31,7.04,共有部分,鋼筋混凝土造,84年1月17日,十二層,,
RPQNMLNLNHLGFBF28CC,31,10.30,共有部分,鋼筋混凝土造,84年1月17日,十二層,,
RPRNMLLLNHLGFCF28CC,29,62.87,店舖．儲藏室,鋼筋混凝土造,85年12月30日,十三層,,
RPRNMLLLNHLGFCF28CC,29,4.27,共有部分,鋼筋混凝土造,85年12月30日,十三層,,
RPTNMLKLNHLGFCF38CC,37,325.25,工業用,鋼筋混凝土造,78年1月12日,八層,,
RPTNMLKLNHLGFCF38CC,37,42.19,共有部分,鋼筋混凝土造,78年1月12日,八層,,
RPTNMLKLNHLGFCF38CC,37,81.32,見使用執照,鋼筋混凝土造,78年8月4日,十層,,
RPRNMLPLNHLGFAF48CC,,85.90,住家用,鋼筋混凝土造,,五層,,
RPSNMLMLNHLGFAF28CC,51,85.94,住家用,加強磚造,63年11月30日,四層,,
RPRPMLPLNHLGFAF68CC,46,103.15,住家用,鋼筋混凝土造,69年10月13日,四層,,
RPOPMLLLNHLGFAF97CC,49,17.22,住家用,鋼筋混凝土造,66年2月2日,五層,,
RPXOMLMLNHLGFAF88CC,,102.68,商業用,鋼筋混凝土造,,五層,,
RPWNMLMLNHLGFAF68CC,41,116.24,住家用,鋼筋混凝土造,74年8月12日,五層,,
RPVOMLMLNHLGFAF68CC,57,29.75,住家用,加強磚造,58年7月1日,二層,,
RPTOMLPLNHLGFCF98CC,34,27.71,住家用,鋼筋混凝土造,81年1月6日,七層,,
RPTOMLPLNHLGFCF98CC,34,6.79,共有部分,鋼筋混凝土造,81年1月6日,七層,,
RPTNMLMLNHLGFIF56CC,40,119.48,住家用,鋼筋混凝土造,75年4月3日,五層,,
RPUOMLPLNHLGFCF09CC,28,81.02,住家用,鋼筋混凝土造,87年6月29日,十五層,,
RPUOMLPLNHLGFCF09CC,28,7.55,共有部分,鋼筋混凝土造,87年6月29日,十五層,,
RPUOMLPLNHLGFCF09CC,28,14.44,共有部分,鋼筋混凝土造,87年6月29日,十五層,,
RPUOMLPLNHLGFCF09CC,28,53.67,共有部分,鋼筋混凝土造,87年6月29日,十五層,,
RPSNMLMLNHLGFIF09CC,,49.93,集合住宅,鋼筋混凝土造,114年12月30日,十一層,,
RPSNMLMLNHLGFIF09CC,,53.50,本共有部分之項目有：梯廳、昇降機、無障礙昇降機、無障礙安全梯、戶外安全梯、無障礙戶外安全梯、管委會使用空間、管委會使用空間（Ａ）、管委會使用空間（Ｂ）、汽車／機車坡道、汽車坡道、停車空間、安全梯、防空避難室兼停車空間、台電配電場所、發電機室、電信室、Ａ棟電錶室、垃圾暫存室、機械室、雨污水機房、消防泵浦室、上方進風管道、進風管道、排風管道、蓄水池（Ａ１）、蓄水池（Ａ２）、蓄水池（Ｂ）、信箱區、無障礙廁所、宅配室、廊道、裝卸，垃圾車位、下車區、電錶區、發電機室進風管道、發電機室排風管道、陽台等３８項。,鋼筋混凝土造,114年12月30日,十一層,,
RPSNMLMLNHLGFIF09CC,,13.10,本共有部分之項目有：安全梯、梯廳、樓梯間、無障礙安全梯、無障礙昇降機、機械室、消防水箱、水箱等８項。,鋼筋混凝土造,114年12月30日,十一層,,
RPPNMLMLNHLGFIF78CC,2,96.90,集合住宅,鋼筋混凝土造,113年8月21日,九層,,
RPRNMLMLNHLGFIF98CC,40,111.98,住家用,鋼筋混凝土造,75年11月14日,五層,,
RPPNMLMLNHLGFIF78CC,2,61.20,本共有部分之項目有：停車空間、機房、行動不便電梯緊急昇降機、梯廳兼排煙室、汽車坡道、台電配電場所、機車停車空間、排煙室、Ａ１安全梯（無障礙）、Ａ３安全梯（無障礙）、Ａ２安全梯、Ｂ２安全梯、Ａ１戶外安全梯（無障礙）、Ｂ１戶外安全梯（無障礙）、防空避難室兼停車空間、Ａ棟電錶箱、Ｂ棟電錶箱、緊急發電機室、Ｃ１樓梯、住宅門廳、管委會、走廊、管委會空間、Ａ棟水箱、Ｂ棟水箱、進風機房、排風機房、通道、消防泵浦室、電氣室、雨水機房（含噴灌）、垃圾車位、資源回收、自行車停車空間、裝卸車位、垃圾處理集中室、電信機房、無障礙廁所、女廁、男廁、梯廳、發電機進風、發電機排風等４３項。,鋼筋混凝土造,113年8月21日,九層,,
RPPNMLMLNHLGFIF78CC,2,19.07,本共有部分之項目有：排煙室、梯廳、行動不便電梯緊急昇降機、Ａ１戶外安全梯、Ｂ１戶外安全梯、Ａ２安全梯、Ｂ２安全梯、Ａ１戶外安全梯（無障礙）、Ｂ１戶外安全梯（無障礙）、機房、電梯機房、Ａ棟水箱、Ｂ棟水箱、Ａ１梯、Ｂ１梯等１５項。,鋼筋混凝土造,113年8月21日,九層,,
RPSNMLPLNHLGFBF68CC,11,121.30,集合住宅,鋼筋混凝土造,104年7月6日,十四層,,
RPSNMLPLNHLGFBF68CC,11,81.20,本共有部分之項目有管委會使用空間、門廳、機房、安全梯、梯廳、排煙室、樓電梯間、停車空間、電氣室、台電配電場所、管理員室、電信室、發電機室、蓄水池、消防幫浦室、垃圾儲存空間、裝卸車位、水箱、消防水箱等十九項。,鋼筋混凝土造,104年7月6日,十四層,,
RPOOMLPLNHLGFBF38CC,32,100.60,住家用,鋼筋混凝土造,83年7月2日,十六層,,
RPOOMLPLNHLGFBF38CC,32,8.28,共有部分,鋼筋混凝土造,83年7月2日,十六層,,
RPXOMLPLNHLGFBF66CC,12,86.12,集合住宅,鋼筋混凝土造,103年1月29日,十五層,,
RPXOMLPLNHLGFBF66CC,12,62.99,本成果表共有部分之用途有，管委會使用空間，管理員室，車道，自行車停車空間，停車空間，電梯間，垃圾儲藏室，台電配電場所，水箱，電信機房，發電機房，消防機房，梯間，樓梯間，電梯機房，等１５項。,鋼筋混凝土造,103年1月29日,十五層,,
RPUOMLPLNHLGFBF98CC,1,85.48,集合住宅,鋼筋混凝土造,114年7月28日,十五層,,
RPUOMLPLNHLGFBF98CC,1,76.11,本共有部分之項目有台電配電場所、機房、公共服務空間（Ｃ）多功能會議室、戶外安全梯（Ｂ２）、梯廳、公共服務空間（Ａ）健身房、公共服務空間（Ｂ）交誼廳、管委會使用空間（Ｃ）、戶外安全梯（Ａ２）、一般客用、排煙室Ａ（梯廳）、緊急升降機兼無障礙用、無障礙戶外安全梯（Ａ１）、管委會使用空間（Ａ）、管委會使用空間（Ｂ）、無障礙安全梯（Ｃ）、排煙室Ｂ（梯廳）、無障礙戶外安全梯（Ｂ１）、陽台、排煙室（梯廳）、戶外安全梯（Ｂ１）、機械室、水箱、戶外安全梯（Ａ１）、消防水箱、台電管道間、排煙室Ｂ（梯間）、停車空間、垃圾暫停車位、垃圾暫存區、排煙室Ａ（梯間）、機車停車區（Ａ）、機車停車區（Ｂ）、蓄水池（Ａ）、蓄水池（Ｂ）、電信機房、雨水機房、發電機室、消防機房等３９項。,鋼筋混凝土造,114年7月28日,十五層,,
RPQNMLOLNHLGFEF68CC,46,147.49,住家用,鋼筋混凝土造,69年2月7日,五層,,
RPRNMLOLNHLGFEF78CC,3,59.34,集合住宅,鋼筋混凝土造,112年9月11日,十五層,,
RPRNMLOLNHLGFEF78CC,3,15.86,本案共有部分項目有：梯廳、排煙室、梯間、水箱、消防水箱、電梯機械室、騎樓、管委會空間、管委會空間（一）、管委會空間（二）、陽台等１１項,鋼筋混凝土造,112年9月11日,十五層,,
RPRNMLOLNHLGFEF78CC,3,42.72,本案共有部分項目有：防空避難室兼停車空間、機車停車空間、發電機室、水箱Ａ１、汽車坡道、機車坡道、台電配電場所、電錶區Ａ、電錶區Ｂ、排煙室、自行車停車空間、垃圾車停車位、機械室、機械室Ａ、機械室Ｂ、機械室Ｃ、機械室Ｄ、停車空間、垃圾及資源回收室、排煙室Ａ、排煙室Ｂ、水箱Ａ２、水箱Ｂ、臺電管道間、電信機房、雨汙水機房等２６項,鋼筋混凝土造,112年9月11日,十五層,,
RPROMLNLNHLGFEF78CC,1,62.85,集合住宅,鋼筋混凝土造,114年8月5日,十五層,,
RPROMLNLNHLGFEF78CC,1,63.56,本共有部分項目有：騎樓、管委會使用空間一、管委會使用空間二、排煙室、梯廳、梯間、機車停車空間、自行車停車空間、汽車車道、水景機房、台電配電場所、垃圾儲存空間、車道、防空避難室兼停車空間、發電機房、機房、Ａ水箱、Ｂ水箱、Ｃ水箱、停車空間、雨水機房、消防機房、Ａ２戶外安全梯、水箱、電梯機房、電信室等２６項。,鋼筋混凝土造,114年8月5日,十五層,,
RPPNMLPLNHLGFDF58CC,14,39.79,住家用,鋼筋混凝土造,100年12月23日,二十九層,,
RPPNMLPLNHLGFDF58CC,14,16.65,本共有部分之項目有門廳、梯廳Ａ、梯廳Ｂ、電表箱、電信機房、陽台、管委會使用空間、管理中心、防災中心、儲藏室、台電配電室Ａ、台電配電室Ｂ、車道、騎樓、機房、水箱、電梯機房、水箱、電梯機房、停車空間、防空避難室兼停車空間、樓電梯間、蓄水池、消防泵浦室、機車停車區、垃圾暫存室、緊急發電機室、中繼水箱、中繼水箱機房等２９項。,鋼筋混凝土造,100年12月23日,29,,
RPTNMLNLNHLGFDF78CC,27,49.58,商業用,鋼筋混凝土造,88年7月6日,十四層,,
RPUNMLMLNHLGFDF78CC,46,80.66,住家用,鋼筋混凝土造,69年10月30日,四層,,
RPTNMLNLNHLGFDF78CC,27,13.50,共有部分,鋼筋混凝土造,88年7月6日,十四層,,
RPTNMLNLNHLGFDF78CC,27,8.30,共有部分,鋼筋混凝土造,88年7月6日,十四層,,
RPPNMLNLNHLGFDF38CC,31,63.85,商業用,鋼筋混凝土造,83年12月23日,七層,,
RPPNMLNLNHLGFDF38CC,31,45.72,共有部分,鋼筋混凝土造,83年12月23日,七層,,
RPSNMLMLNHLGFDF58CC,5,46.56,集合住宅,鋼筋混凝土構造,110年6月18日,十五層,,
RPVNMLPLNHLGFDF56CC,30,57.01,住家用,鋼筋混凝土造,85年10月29日,十七層,,
RPSNMLMLNHLGFDF58CC,5,35.14,共有部分，本共有部分之項目有：管委會空間、梯廳、防空避難室兼停車空間、供行動不便者使用電梯、緊急昇降機、排煙室、垃圾儲藏空間、蓄水池、台電配電場所、供行動不便者使用梯、停車空間、電信機房、發電機房、垃圾車暫停車位、排風管道間、消防機房等１６項。,鋼筋混凝土構造,110年6月18日,十五層,,
RPVNMLPLNHLGFDF56CC,30,16.13,社區活動中心、門廳、樓電梯間、機房、管理員室、電信受信室、台電受電室、水箱、發電機室等,鋼筋混凝土造,85年10月29日,十七層,,
RPSNMLMLNHLGFDF58CC,5,9.65,共有部分，本共有部分之項目有：戶外安全梯、緊急昇降機、供行動不便者使用電梯、排煙室、梯廳、水箱、電梯機房等７項。,鋼筋混凝土構造,110年6月18日,十五層,,
RPQNMLPLNHLGFDF68CC,10,33.16,住家用,鋼筋混凝土造,105年1月22日,五層,,
RPQNMLPLNHLGFDF68CC,10,13.23,本共有部分之項目有：梯廳、機械室、水箱、雨遮等４項。,鋼筋混凝土造,105年1月22日,五層,,
RPOOMLPLNHLGFIF09CC,4,115.26,集合住宅,鋼筋混凝土造,111年10月18日,十五層,,
RPOOMLPLNHLGFIF09CC,4,85.43,本共有部分之項目有：消防設備室、排煙室、機房、排風、升降機、水箱、汙水機房、車道、安全梯、電信室、台電配電場所、發電機室、受電箱、垃圾暫存區、防空避難室兼停車空間、管理室、門廊、大廳、管理委員會使用空間、梯廳、消防專用蓄水筒、停車空間、樓梯間等２３項。,鋼筋混凝土造,111年10月18日,十五層,,
RPPPMLPLNHLGFHF56CC,45,85.34,住家用,鋼筋混凝土造,70年11月20日,五層,,
RPXPMLPLNHLGFHF37CC,1,61.73,集合住宅,鋼筋混凝土構造,114年8月28日,二十層,,
RPXPMLPLNHLGFHF37CC,1,29.86,本共有部分項目有：警衛室、住宅大廳、管委會空間、高層緩衝空間６Ｍ＊１２Ｍ、住宅梯廳、排煙室、緊急昇降機排煙室、昇降機道、走道、陽台、儲藏室、梯廳、管委會空間１、管委會空間２、管委會空間３、管委會空間４、管委會空間５、管委會空間６、管委會空間７、機電設備空間、電梯機房、廁所、消防水箱、水箱、防災中心、機房、發電機室、排風機房、台電配電場所、電錶室、垃圾暫存室、防空避難室兼停車空間、通道、進風機房、電信機房、住宅生活用水水箱、停車空間、消防／雨水回收機房、市場專用水箱、泵浦區等４０項。,鋼筋混凝土構造,114年8月28日,二十層,,
RPPNMLPLNHLGFHF56EC,43,87.64,住家用,鋼筋混凝土造,72年11月11日,七層,,
RPPNMLPLNHLGFHF56EC,43,10.21,共有部分,鋼筋混凝土造,72年11月11日,七層,,
RPPNMLQLNHLGFAF38CC,29,92.81,住家用,鋼筋混凝土造,86年9月11日,十七層,,
RPPNMLQLNHLGFAF38CC,29,2.40,共有部分,鋼筋混凝土造,86年9月11日,十七層,,
RPPNMLQLNHLGFAF38CC,29,4.77,共有部分,鋼筋混凝土造,86年9月11日,二十層,,
RPXNMLQLNHLGFAF56CC,,75.79,住家用,加強磚造,,四層,,
RPOOMLQLNHLGFAF38CC,3,22.93,集合住宅,鋼筋混凝土造,112年7月31日,七層,,
RPOOMLQLNHLGFAF38CC,3,15.58,本共有部分項目：（騎樓、供行動不便者昇降機、梯廳、管委會空間、機車停車空間、雨遮、陽台、走道、安全梯、升降機道、屋頂水箱、電梯機房、水箱、台電配電場所、消防機房、電信機房、防空避難空間、發電機室）等１８項。,鋼筋混凝土造,112年7月31日,七層,,
RPPOMLQLNHLGFAF48CC,41,90.45,住家用,鋼筋混凝土造,74年8月19日,五層,,
RPQOMLQLNHLGFAF58CC,49,73.73,住家用,鋼筋混凝土造,65年12月24日,四層,,
RPQPMLQLNHLGFAF68CC,47,76.09,住家用,鋼筋混凝土造,68年10月24日,五層,,
RPRPMLQLNHLGFAF78CC,47,79.48,住家用,鋼筋混凝土造,68年2月9日,五層,,
RPXPMLQLNHLGFAF76CC,,46.54,住家用,加強磚造,,四層,,
RPOQMLQLNHLGFAF58CC,29,26.74,一般事務所,鋼筋混凝土造,86年11月21日,十一層,,
RPOQMLQLNHLGFAF58CC,29,4.65,共有部分,鋼筋混凝土造,86年11月21日,十一層,,
RPOQMLQLNHLGFAF58CC,29,.41,共有部分,鋼筋混凝土造,86年11月21日,十一層,,
RPOQMLQLNHLGFAF58CC,29,9.07,共有部分,鋼筋混凝土造,86年11月21日,十一層,,
RPTQMLQLNHLGFAF09CC,,13.00,住家用,鋼筋混凝土造,,五層,,
RPPOMLPLNHLGFGF98CC,,31.19,集合住宅,鋼筋混凝土造,115年1月19日,十二層,,
RPPOMLPLNHLGFGF98CC,,20.27,本共有部分項目有：停車場排風管道、Ａ１安全梯（無障礙梯）、Ａ２安全梯、升降機、無障礙升降機、梯廳、電梯間（梯廳）、社區管委會使用空間（辦公室）、社區管委會使用空間（會議室）、社區管委會使用空間、社區管委會使用空間（圖書室）、儲藏室、男廁、女廁、陽臺、Ａ１安全梯、水箱、機械室、停車空間、電信機房、緊急發電機室、台電配電場所、受電箱、汽車升降機、各戶集合電錶、Ａ３安全梯、消防泵浦室、機房等２８項。,鋼筋混凝土造,115年1月19日,十二層,,
RPWOMLPLNHLGFGF07CC,27,83.48,住家用,鋼筋混凝土造,88年8月5日,八層,,
RPWOMLPLNHLGFGF07CC,27,61.95,共有部分,鋼筋混凝土造,88年8月5日,九層,,
RPQOMLPLNHLGFGF09CC,22,94.07,住家用,鋼筋混凝土造,93年6月21日,十四層,,
RPQOMLPLNHLGFGF09CC,22,14.88,共有部分,鋼筋混凝土造,93年6月21日,十四層,,
RPQOMLPLNHLGFGF09CC,22,7.24,共有部分,鋼筋混凝土造,93年6月21日,十四層,,
RPSNMLNLNHLGFGF98CC,58,33.20,住家用,加強磚造,57年4月27日,三層,,
RPSOMLPLNHLGFEF09CC,26,115.23,住家用,鋼筋混凝土造,89年3月19日,十二層,,
RPSOMLPLNHLGFEF09CC,26,95.07,共有部分,鋼筋混凝土造,89年3月19日,十二層,,
RPSOMLPLNHLGFEF09CC,26,39.37,共有部分,鋼筋混凝土造,89年3月19日,十二層,,
RPWNMLMLNHLGFGF66CC,38,26.00,住家用,鋼筋混凝土造,77年9月2日,五層,,
RPQOMLPLNHLGFEF88CC,1,61.06,集合住宅,鋼筋混凝土造,114年3月14日,二十三層,,
RPXOMLPLNHLGFEF96CC,30,101.56,住家用,鋼筋混凝土造,85年5月28日,六層,,
RPXOMLPLNHLGFEF96CC,30,1.75,共有部分,鋼筋混凝土造,85年5月28日,七層,,
RPXOMLPLNHLGFEF96CC,30,30.66,共有部分,鋼筋混凝土造,85年5月28日,七層,,
RPQOMLPLNHLGFEF88CC,1,59.40,本共有部分之項目有：梯廳、公共儲藏室、自行車停車位、受電箱室、緊急發電機室、台電配電室、機房、水箱、總受水箱、溫泉水箱、進氣機房、排氣機房、消防泵浦室、雨水過濾機房、電梯機房、昇降機、機械房、管委會空間、無障礙安全梯、機電設備空間、緊急升降梯無障礙電梯、引導設施、管委會使用空間、排煙室、消防水箱、特別安全梯、無障礙特別安全梯、垃圾儲藏空間、廁所、垃圾車停車位、水池、中繼消防機房、高層建築出入口緩衝空間、防災中心、陽台、安全梯、公共緊急發電機室、觀景池機房、電氣室、公共台電配電室、無障礙昇降梯、電信機房、女廁、男廁、汽車坡道等４５項,鋼筋混凝土構造、鋼構造,114年3月14日,二十三層,,
RPXNMLPLNHLGFEF86CC,8,72.17,住家用,鋼筋混凝土造,106年12月5日,十五層,,
RPXOMLPLNHLGFEF96CC,30,11.34,共有部分,鋼筋混凝土造,85年5月28日,六層,,
RPXOMLPLNHLGFEF96CC,30,.57,共有部分,鋼筋混凝土造,85年5月28日,七層,,
RPXNMLPLNHLGFEF86CC,8,49.75,本共有部分項目有：車道、台電電錶室、梯廳、管委會使用空間、陽台、地下室防空避難室兼停車空間、臺電配電場所、發電機室、電信機房、垃圾貯存區、排煙室、停車空間、水箱、消防泵浦室等１４項。,鋼筋混凝土造,106年12月5日,十五層,,
RPXNMLPLNHLGFEF86CC,8,21.99,本共有部分項目有：無障礙樓梯、排煙室、梯廳、雨遮、機電設備室、水箱、消防水池、機械室等８項,鋼筋混凝土造,106年12月5日,十五層,,
RPSPMLPLNHLGFEF56CC,1,74.94,集合住宅,鋼筋混凝土造,113年12月5日,十五層,,
RPSPMLPLNHLGFEF56CC,1,67.97,本共有部分之項目有：停車空間、蓄水池、消防機房、雨水回收機房、甲梯、梯間、無障礙電梯、無障礙樓梯、發電機房、垃圾儲藏室、受電箱、台電配電場所、車道、機電設備空間一、機電設備空間二、乙梯、丙梯、無障礙廁所、緊急昇降機、梯廳、自行車停車空間、入口大廳、門廊、容積移轉友善空間、男廁、女廁、管委會使用空間一、管委會使用空間二、管委會使用空間三、陽台、雨遮、商用電梯、水錶室、水箱、消防水箱、機械室、機電設備空間等３７項,鋼筋混凝土造,113年12月5日,十五層,,
RPRQMLPLNHLGFEF56CC,31,92.80,住家用,鋼筋混凝土造,84年7月5日,六層,,
RPSNMLPLNHLGFGF56CC,59,67.20,住家用,加強磚造,56年6月1日,二層,,
RPRQMLPLNHLGFEF56CC,31,33.17,共有部分,鋼筋混凝土造,84年7月5日,六層,,
RPWOMLPLNHLGFEF86CC,31,53.19,住家用,鋼筋混凝土造,84年7月28日,二十三層,,
RPWOMLPLNHLGFEF86CC,31,3.94,共有部分,鋼筋混凝土造,84年7月28日,二十三層,,
RPRPMLPLNHLGFEF09CC,17,32.82,住家用,鋼筋混凝土造,98年2月18日,二十二層,,
RPWOMLPLNHLGFEF86CC,31,14.37,共有部分,鋼筋混凝土造,84年7月28日,二十三層,,
RPRPMLPLNHLGFEF09CC,17,13.99,共有部分,鋼筋混凝土造,98年2月18日,二十二層,,
RPXOMLPLNHLGFGF17CC,45,25.63,住家用,鋼筋混凝土造,70年3月3日,四層,,
RPSPMLPLNHLGFGF76CC,,31.19,集合住宅,鋼筋混凝土造,115年1月19日,十二層,,
RPSPMLPLNHLGFGF76CC,,20.27,本共有部分項目有：停車場排風管道、Ａ１安全梯（無障礙梯）、Ａ２安全梯、升降機、無障礙升降機、梯廳、電梯間（梯廳）、社區管委會使用空間（辦公室）、社區管委會使用空間（會議室）、社區管委會使用空間、社區管委會使用空間（圖書室）、儲藏室、男廁、女廁、陽臺、Ａ１安全梯、水箱、機械室、停車空間、電信機房、緊急發電機室、台電配電場所、受電箱、汽車升降機、各戶集合電錶、Ａ３安全梯、消防泵浦室、機房等２８項。,鋼筋混凝土造,115年1月19日,十二層,,
RPUOMLPLNHLGFGF86CC,27,84.97,住家用,鋼筋混凝土造,88年10月22日,八層,,
RPUOMLPLNHLGFGF86CC,27,22.59,共有部分,鋼筋混凝土造,88年10月22日,八層,,
RPUOMLPLNHLGFGF86CC,27,44.84,共有部分,鋼筋混凝土造,88年10月22日,八層,,
RPPNMLQLNHLGFBF48CC,32,16.00,工業用,鋼筋混凝土造,83年5月26日,十層,,
RPPNMLQLNHLGFBF48CC,32,9.02,共有部分,鋼筋混凝土造,83年5月26日,十層,,
RPPNMLQLNHLGFBF48CC,32,6.80,共有部分,鋼筋混凝土造,83年5月26日,十層,,
RPPNMLQLNHLGFBF48CC,32,9.49,共有部分,鋼筋混凝土造,83年5月26日,十層,,
RPTNMLQLNHLGFBF88CC,26,112.96,住家用,鋼筋混凝土造,89年6月2日,九層,,
RPTNMLQLNHLGFBF88CC,26,13.25,共有部分,鋼筋混凝土造,89年6月2日,九層,,
RPTNMLQLNHLGFBF88CC,26,88.79,共有部分,鋼筋混凝土造,89年6月2日,九層,,
RPOOMLQLNHLGFBF48CC,1,42.61,集合住宅,鋼筋混凝土造,113年11月28日,十五層,,
RPOOMLQLNHLGFBF48CC,1,50.75,本共有部分之項目有無障礙廁所、管委會使用空間、無障礙樓梯、一般安全梯、排煙室、梯廳、戶外安全梯、陽台、梯間、機房、電梯機房、水箱、防空避難室兼停車空間、緊急發電機房、台電配電場所、垃圾儲藏室、停車空間、電信機房等１８項。,鋼筋混凝土造,113年11月28日,十五層,,
RPRNMLQLNHLGFBF68CC,31,71.06,住家用,鋼筋混凝土造,84年10月18日,十六層,,
RPRNMLQLNHLGFBF68CC,31,14.74,共有部分,鋼筋混凝土造,84年10月18日,十六層,,
RPRNMLQLNHLGFBF68CC,31,1.98,共有部分,鋼筋混凝土造,84年10月18日,十六層,,
RPRNMLQLNHLGFBF68CC,31,5.34,共有部分,鋼筋混凝土造,84年10月18日,十六層,,
RPRNMLQLNHLGFBF68CC,31,16.15,共有部分,鋼筋混凝土造,84年10月18日,十六層,,
RPVNMLQLNHLGFBF09CC,2,52.38,集合住宅,鋼筋混凝土造,113年10月30日,十層,,
RPVNMLQLNHLGFBF09CC,2,59.34,本共有部分項目有管委會１、管委會２、管委會３、戶外安全梯Ａ１、戶外安全梯Ａ２、一般安全梯Ａ３、無障礙樓梯、無障礙廁所、無障礙升降機、一般升降機、梯廳、宅配室、陽台、梯間、機房、水箱、電梯機房、汽車車道、汽機車道、垃圾儲藏室、台電配電室、停車空間、電信機房、消防機房、緊急發電機房等共計２５項。,鋼筋混凝土造,113年10月30日,十層,,
RPUNMLQLNHLGFCF09CC,31,84.66,住家用,鋼筋混凝土造,84年4月15日,七層,,
RPUNMLQLNHLGFCF09CC,31,18.17,住家用,鋼筋混凝土造,84年4月15日,七層,,
RPXNMLQLNHLGFCF76CC,17,28.63,住家用,鋼筋混凝土造,98年4月9日,十九層,,
RPXNMLQLNHLGFCF76CC,17,1.89,本共有部分之項目如下：１、地下４層消防地上水箱、Ａ＋Ｂ棟樓梯間、機房。２、地下３層水箱泵浦機房、蓄水池、自備變電室、樓梯間、排風機房、排風管道、水箱間、蓄水池、停車場進風管道、機房、消防幫組室、進風機房、水箱間、蓄水池、污水機房。３、地下２層污水處理專用場、樓梯間、排風機房、排風管道、機房﹝一﹞、機房﹝二﹞、進風管道、機坑、進風機房、固網機房、機車區、機車位。４、地下１層電信室、台電配電室﹝三﹞、受電箱室、樓梯間、梯廳、台電配電室﹝四﹞、排風管道、電信室、受電箱室。５、１Ｆ防災中心、樓梯間、台電管道間。６、２Ｆ樓梯間、台電管道間。７、３Ｆ樓梯間。８、４ＦＢ樓梯間。９、５Ｆ管委會辦公室、樓梯間。,鋼骨造、鋼骨鋼筋混凝土造、鋼筋混凝土造,98年4月9日,二十七層,,
RPXNMLQLNHLGFCF76CC,17,2.84,本共有部分之項目如下：１、地下４層Ａ＋Ｂ棟電梯間、梯廳、樓、電梯間、梯廳。２、地下３層電梯間梯廳、樓、電梯間、梯廳。３、地下２層、Ａ＋Ｂ棟電梯間、樓、電梯間、管道間、樓、電梯間、梯廳。４、地下１層電梯間、樓、電梯間、梯廳、台電管道間。５、１ＦＡＢ棟住宅轉換門廳、電梯間【含陽台】、住宅轉換門廳、住宅門廳【含陽台】。６、２Ｆ電梯間、樓電梯間、梯廳、樓電梯間ＣＤ棟梯廳、樓電梯間、Ｅ棟梯廳、樓電梯間、Ｆ棟梯廳。７、３Ｆ會館【１＋２期住公】、景觀廊道、廊道、涼亭、樓梯間、樓電梯間、ＡＢ棟梯廳、樓電梯間、Ｃ棟梯廳、樓電梯間、Ｄ棟梯廳、樓梯間、梯廳。,鋼骨造、鋼骨鋼筋混凝土造、鋼筋混凝土造,98年4月9日,二十七層,,
RPXNMLQLNHLGFCF76CC,17,1.30,本共有部分之項目如下：１、地下四層停車空間兼防空避難室、車道。２、地下三層停車空間兼防空避難室、車道。３、地下二層停車空間兼防空避難室、車道。４、地下一層汽車車道。５、一層汽車車道、陽台。,鋼骨造、鋼骨鋼筋混凝土造、鋼筋混凝土造,98年4月9日,二十七層,,
RPXNMLQLNHLGFCF76CC,17,7.56,本共有部分之項目如下：１、地下３層ＡＢ棟垃圾處理室、ＣＤ棟垃圾處理室。２、４ＦＢ樓梯間、Ｂ電梯間、Ｂ樓電梯間、Ｃ樓電梯間、Ｄ樓電梯間。３、５Ｆ樓梯間、Ｂ樓電梯間梯廳、Ｃ樓電梯間梯廳、Ｄ樓電梯間梯廳走道及雨遮。４、６ＦＡ樓電梯間梯廳〈Ａ棟五樓處〉、Ａ門廳、儲藏室、通道、陽台〈Ａ棟五樓處〉、Ｂ樓電梯間、Ｂ棟梯廳〈含陽台〉、Ｂ樓電梯間梯廳、Ｃ樓電梯間梯廳、Ｄ樓電梯間梯廳、走道及雨遮。５、７ＦＡ樓電梯間、梯廳〈Ａ棟六樓處〉、Ｂ樓電梯間梯廳、Ｃ樓電梯間梯廳、Ｄ樓電梯間梯廳、走道及雨遮。６、８ＦＡ樓電梯間、梯廳〈Ａ棟七樓處〉、Ｂ樓電梯間梯廳、Ｃ樓電梯間梯廳、Ｄ樓電梯間梯廳、走道及雨遮。７、９ＦＡ樓電梯間、梯廳〈Ａ棟八樓處〉、Ｂ樓電梯間梯廳、Ｃ樓電梯間梯廳、Ｄ樓電梯間梯廳、走道及雨遮。８、１０ＦＢ住宅中繼水箱及消防中繼水箱、Ｃ住宅中繼水箱及消防中繼水箱、Ｄ消防中繼水箱、Ａ樓電梯間梯廳〈Ａ棟九樓處〉、Ｂ樓電梯間梯廳、Ｃ樓電梯間梯廳、Ｄ樓電梯間梯廳、走道及雨遮。９、１１ＦＡ樓電梯間、梯廳〈Ａ棟十樓處〉、Ｂ樓電梯間梯廳、Ｃ樓電梯間梯廳、Ｄ樓電梯間梯廳、走道及雨遮。１０、１２ＦＡ樓電梯間、梯廳〈Ａ棟十一樓處〉、Ｂ樓電梯間梯廳、Ｃ樓電梯間梯廳、Ｄ樓電梯間梯廳、走道及雨遮。１１、１３ＦＡ樓屋突一層、Ｂ樓電梯間梯廳、Ｃ樓電梯間梯廳、Ｄ樓電梯間梯廳、走道及雨遮。１２、１４ＦＡ棟屋突二層、樓電梯間、水箱、電梯機房、Ｂ樓電梯間梯廳、Ｃ樓電梯間梯廳、Ｄ樓電梯間梯廳、走道及雨遮。１３、１５ＦＡＢ樓電梯間梯廳、Ｃ樓電梯間梯廳、Ｄ樓電梯間梯廳、走道及雨遮。１４、１６ＦＡＢ樓電梯間梯廳、Ｃ樓電梯間梯廳、Ｄ樓電梯間梯廳、走道及雨遮。１５、１７ＦＡＢ樓電梯間梯廳、Ｃ樓電梯間梯廳、Ｄ樓電梯間梯廳、走道及雨遮。１６、１８ＦＢ棟屋突一層、樓電梯間、Ｃ樓電梯間梯廳、Ｄ樓電梯間梯廳、走道及雨遮。１７、１９ＦＢ棟屋突二層、電梯機房、樓梯間、水箱、Ｃ樓電梯間梯廳、Ｄ樓電梯間梯廳、走道及雨遮。１８、Ｃ棟屋突一層、樓電梯間、Ｄ棟屋突一層、樓電梯間。１９、Ｃ棟屋突二層、樓梯間、電梯機房、水箱、Ｄ棟屋突二層、樓梯間、電梯機房、水箱。,鋼骨造、鋼筋混凝土造,98年4月9日,十九層,,
RPTNMLQLNHLGFDF09CC,28,88.62,住家用,鋼筋混凝土造,87年8月14日,十三層,,
RPTNMLQLNHLGFDF09CC,28,11.49,共有部分,鋼筋混凝土造,87年8月14日,十六層,,
RPROMLQLNHLGFBF78CC,4,41.75,集合住宅,鋼筋混凝土造,111年5月3日,十四層,,
RPVNMLQLNHLGFDF66CC,31,48.63,住家用,鋼筋混凝土造,84年7月19日,八層,,
RPVNMLQLNHLGFDF66CC,31,8.14,屋頂突出物、樓梯間、避難室,鋼筋混凝土造,84年7月19日,八層,,
RPRNMLQLNHLGFDF88CC,26,92.79,住家用,鋼筋混凝土造,89年5月23日,二十八層,,
RPROMLQLNHLGFBF78CC,4,34.49,本共有部分之項目有公共服務空間１（交誼休憩空間）、公共服務空間２（圖書室）、排煙室、管委會使用空間、梯廳、陽台、走道、機房、樓梯間、電梯機房、消防水箱、水箱１、水箱２、發電機房、垃圾儲藏空間、垃圾車暫停車位、停車空間、電信機房、台電配電場所、受電箱、消防機房、機房１、機房２等２３項,鋼筋混凝土造,111年5月3日,十四層,,
RPRNMLQLNHLGFDF88CC,26,31.65,共有部分,鋼筋混凝土造,89年5月23日,二十八層,,
RPRNMLQLNHLGFDF88CC,26,39.45,共有部分,鋼筋混凝土造,89年5月23日,二十八層,,
RPXNMLQLNHLGFDF86CC,34,38.08,住家用,鋼筋混凝土造,81年7月3日,十層,,
RPXNMLQLNHLGFDF86CC,34,4.26,共有部分,鋼筋混凝土造,81年7月3日,十層,,
RPXNMLQLNHLGFDF86CC,34,5.39,共有部分,鋼筋混凝土造,81年7月3日,十層,,
RPUPMLQLNHLGFBF56CC,26,96.06,住家用,鋼筋混凝土造,89年5月26日,六層,,
RPUPMLQLNHLGFBF56CC,26,23.03,共有部分,鋼筋混凝土造,89年5月26日,六層,,
RPPOMLQLNHLGFBF58CC,73,16.26,住宅,加強磚造,42年10月20日,二層,,
RPVPMLQLNHLGFBF66CC,47,16.53,住家用,鋼筋混凝土造,68年11月17日,四層,,
RPTOMLQLNHLGFBF98CC,7,49.44,集合住宅,鋼筋混凝土造,108年3月19日,十九層,,
RPTOMLQLNHLGFBF98CC,7,2.48,本共有部分之項目有消防機房、供行動不便者使用、Ｅ梯、消防專用屋頂水箱暨中繼水箱、水錶室、機房、水箱、機械室、雨遮計９項。,鋼筋混凝土造,108年3月19日,十九層,,
RPTOMLQLNHLGFBF98CC,7,15.26,本共有部分之項目有梯廳、排煙室、緊急昇降機、供行動不便者使用、Ｅ梯、Ｆ梯、Ｑ梯計７項。,鋼筋混凝土造,108年3月19日,十九層,,
RPTOMLQLNHLGFBF98CC,7,4.40,本共有部分之項目有門廳、日常服務業、機電設備空間、辦公室、一般事務所、會議室、梯廳、昇降機機坑、陽台計９項。,鋼筋混凝土造,108年3月19日,十九層,,
RPTOMLQLNHLGFBF98CC,7,.16,本共有部分之項目有梯廳、Ｈ梯計２項。,鋼筋混凝土造,108年3月19日,十九層,,
RPTOMLQLNHLGFBF98CC,7,3.36,本共有部分之項目有汽車停車空間、機電設備空間、車道緩衝空間、防災中心、台電配電場所、垃圾資源回收污物處理設備空間、消防水池暨連結中繼水箱計７項。,鋼筋混凝土造,108年3月19日,十九層,,
RPWOMLQLNHLGFBF66CC,51,52.64,住家用,鋼筋混凝土造,64年11月7日,四層,,
RPXOMLQLNHLGFDF96CC,31,72.21,住家用,鋼筋混凝土造,84年8月24日,二十五層,,
RPXOMLQLNHLGFDF96CC,31,23.78,共有部分,鋼筋混凝土造,84年8月24日,二十五層,,
RPPRMLQLNHLGFBF88CC,9,51.99,集合住宅,鋼筋混凝土造,106年1月4日,十九層,,
RPPRMLQLNHLGFBF88CC,9,45.64,本共有部分之項目有停車空間、梯廳、電錶室、垃圾暫存室、垃圾集中室、台電配電場所、發電機室、管委會使用空間、電信機房、泳池蓄水池、蓄水池、消防幫浦室、進風機房、排風機房、門廊、廁所、樓電梯間、車道、防災中心、機電空間、中繼機房、大廳、陽台、樓梯間、機械室等２５項。,鋼筋混凝土造,106年1月4日,十九層,,
RPPRMLQLNHLGFBF88CC,9,11.59,本共有部分之項目有樓電梯間、梯廳、樓梯間、機械室等４項。,鋼筋混凝土造,106年1月4日,十九層,,
RPOQMLQLNHLGFBF68CC,43,66.80,住家用,鋼筋混凝土造,72年1月8日,五層,,
RPOPMLQLNHLGFBF58CC,28,98.82,住家用,鋼筋混凝土造,87年8月7日,六層,,
RPOPMLQLNHLGFBF58CC,28,18.01,共有部分,鋼筋混凝土造,87年8月7日,六層,,
RPTRMLQLNHLGFBF66CC,40,290.18,辦公室、廠房、單身宿舍,鋼筋混凝土造,75年1月30日,三層,,
RPOPMLQLNHLGFBF58CC,28,.01,共有部分,鋼筋混凝土造,87年8月7日,六層,,
RPTQMLQLNHLGFBF56CC,13,84.49,集合住宅,鋼筋混凝土造,102年10月18日,十五層,,
RPTQMLQLNHLGFBF56CC,13,17.58,本共有部分之項目有樓電梯間、樓梯間、電梯機房、水箱等４項,鋼筋混凝土造,102年10月18日,十五層,,
RPWOMLQLNHLGFDF86CC,31,84.44,住家用,鋼筋混凝土造,84年5月22日,十六層,,
RPTQMLQLNHLGFBF56CC,13,20.19,本共有部分之項目有管委會使用空間、陽台、公共設施、門廊、車道、停車空間、台電配電場所、垃圾集中場、梯間、電信機房、水箱、發電機械室、消防機械室等１３項,鋼筋混凝土造,102年10月18日,十五層,,
RPWOMLQLNHLGFDF86CC,31,24.51,停車空間,鋼筋混凝土造,84年5月22日,十六層,,
RPWOMLQLNHLGFDF86CC,31,8.98,共有部分,鋼筋混凝土造,84年5月22日,十六層,,
RPUNMLQLNHLGFDF56CC,3,52.28,店鋪,鋼筋混凝土構造,111年12月23日,十一層,,
RPWOMLQLNHLGFDF86CC,31,10.56,共有部分,鋼筋混凝土造,84年5月22日,十六層,,
RPUNMLQLNHLGFDF56CC,3,27.30,共有部分，本共有部分項目有：排煙室、走廊１、梯廳、管委會使用空間、機械室、水箱、梯間、管委會使用空間１、管委會使用空間２、管委會使用空間３、宅配室、郵箱區、陽台、停車空間、機車道、防空避難室兼停車空間、電信機房、垃圾冷藏櫃、資源回收室、裝卸位、台電配電場所、發電機房、機械室３、給水機械室、消防泵浦室、雨水回收池、污水處理設備、一般昇降機、緊急昇降機無障礙電梯、無障礙戶外安全梯Ａ、戶外安全梯Ｂ、室內安全梯Ｄ、無障礙室內安全梯Ｃ等３３項。,鋼筋混凝土構造,111年12月23日,十一層,,
RPRNMLQLNHLGFEF98CC,1,55.39,集合住宅,鋼筋混凝土造,113年11月28日,十五層,,
RPRNMLQLNHLGFEF98CC,1,28.00,本共有部分之項目有：騎樓、停車場機械排風管道、甲梯、甲梯戶外安全梯、管委會空間、門廊、梯廳、乙梯、乙梯無障礙兼室內安全梯、乙梯無障礙兼戶外安全梯、緊急升降機１３人份、供行動不便者使用１５人份、無障礙使用升降機１５人份、排煙室、陽台、雨遮、屋頂突出物、屋頂突出物二層、屋頂突出物三層、水錶室、機房、水箱、電梯機房、電表區、台電配電場所、垃圾處理室、發電機機械排風管道、發電機機械進風管道、防空避難室空間兼停車空間、電信機房、水箱Ａ、水箱Ｂ、停車空間、機械停車設備、發電機室、訪客停車位、裝卸車位、臨時停車位、停車場自然進風管道、消防泵浦室兼雨水機房等４０項。,鋼筋混凝土造,113年11月28日,十五層,,
RPOOMLQLNHLGFEF78CC,9,67.87,住家用,鋼筋混凝土造,106年10月26日,二十九層,,
RPSOMLQLNHLGFEF56CC,32,19.14,住家用,鋼筋混凝土造,83年6月28日,五層,,
RPOOMLQLNHLGFEF78CC,9,63.74,本共有部分之項目有梯廳（排煙室）、走廊、廁所（１）、廚房、Ａ３戶商業區停等空間、餐飲場所、廁所（２）、Ｃ１戶商業區停等空間、陽台、梯廳、車道、儲藏室、門廊、廁所、男廁、茶水間、女廁、排煙室、水表區、電錶區、溫泉中繼水箱、中繼水房、中繼水箱、消防中繼水箱、中繼機房（１）、中繼機房（２）、機械房（１）、機械房（２）、機械房（３）、機械房（４）、機械房、水箱、台電配電室（１）、受電室、Ａ棟電錶室、機房、ＳＰＡ池過濾機房、機車停車空間、ＳＰＡ池、浴廁、Ｂ棟電錶室、Ｃ棟電錶室、台電配電室（２）、排風機房、發電機房、電錶室、景觀水池機房、進風機房、Ａ棟垃圾暫存空間、游泳池、機房兼進風機房、停車空間、Ｂ棟垃圾暫存空間、Ｃ棟垃圾暫存空間、過濾機房、垃圾資源回收集中場、垃圾車暫停車位、變電室、防空避難室兼停車空間、電信機房、Ａ棟水箱、Ｂ棟水箱、Ｃ棟水箱、消防機房、泵浦機房、雨水過濾機房、溫泉機房等６６項,鋼筋混凝土造,106年10月26日,二十九層,,
RPSOMLQLNHLGFEF56CC,32,1.89,共有部分,鋼筋混凝土造,83年6月28日,五層,,
RPSOMLQLNHLGFEF56CC,32,4.38,共有部分,鋼筋混凝土造,83年6月28日,五層,,
RPXNMLQLNHLGFEF96CC,10,70.45,住家用,鋼筋混凝土造,105年10月21日,十五層,,
RPXNMLQLNHLGFEF96CC,10,66.75,本案共有部分有：管委會空間、門廳、梯廳、排煙室、樓電梯間、機械室、水箱、停車空間、防空避難室兼停車空間、台電配電場所、發電機房、垃圾儲藏室、車道、電信機房、蓄水池、機房、污水機房等１７項。,鋼筋混凝土造,105年10月21日,十五層,,
RPUNMLQLNHLGFEF66CC,31,94.59,住家用,鋼筋混凝土造,84年11月18日,九層,,
RPPOMLQLNHLGFEF88CC,10,59.98,住家用,鋼筋混凝土造,105年10月20日,二十三層,,
RPUNMLQLNHLGFEF66CC,31,15.92,共有部分,鋼筋混凝土造,84年11月18日,九層,,
RPWNMLQLNHLGFEF86CC,8,78.71,住家用,鋼筋混凝土造,107年5月25日,二十九層,,
RPXPMLQLNHLGFEF17CC,18,212.43,住家用,鋼筋混凝土造,97年6月3日,三層,,
RPPOMLQLNHLGFEF88CC,10,25.39,本共有部分之項目有：台電配電室、緊急昇降機、緊急昇降機間、公共電錶機房、電錶機房、垃圾儲藏室、排煙管道間、進風管道間、管道間、排煙室、戶外梯、排氣機房、進氣機房、緊急發電機室、緊急發電機房、電信機房、社區出入口、機坑、機車停車空間、停車空間、機房、消防管道、車道、游泳池機房、住戶溫泉水箱、公共溫泉水池、蓄水箱、公共蓄水池、汙水機房、汙水處理設備、消防水池、消防泵浦室、雨水回收機房、梯廳、走廊兼梯廳、特別安全梯、排煙室兼梯廳、無障礙電梯、消防管道間、排煙消防、管委會、圖書中心、哺乳室、媽媽教室、防災中心、小型劇院、舞台、中繼消防機房、消防水箱、陽台、雨遮、社區中心、健身房、韻律教室、信箱、消防水箱、水箱、電梯機房、電氣機房共５９項,鋼筋混凝土造,105年10月20日,二十四層,,
RPWNMLQLNHLGFEF86CC,8,39.60,本共有部分之項目有：梯廳、排煙室、樓電梯間、騎樓、管委會使用空間、人行通廊、頂蓋式通廊、走道、防災中心、游泳池機房、陽台、男女更衣室、ＳＰＡ池區、機械室、消防中繼機械房、樓梯間、水箱、中繼消防水箱、泵浦區、台電配電室、受電箱通道、電錶區、昇降機坑、緊急發電機室、垃圾儲藏室、儲油室、停車空間、台電通道、汙排水轉、消防中繼機房、電錶室、變電室、電信室、機房、泳池專用水箱、游泳池揚水泵浦機房、排風機房、消防中繼水箱、防空避難室兼停車空間、雨水過濾機房、消防幫浦室等４１項,鋼筋混凝土造,107年5月25日,二十九層,,
RPUPMLQLNHLGFEF86CC,18,67.77,住家用,鋼筋混凝土造,97年6月9日,十五層,,
RPUPMLQLNHLGFEF86CC,18,26.08,共有部分,鋼筋混凝土造,97年6月9日,十五層,,
RPRQMLQLNHLGFEF66CC,12,75.70,住家用,鋼筋混凝土造,103年6月13日,十一層,,
RPRQMLQLNHLGFEF66CC,12,31.43,本共有部分之項目有：走道、裝卸空間、陽台、管委會空間、排氣機房、梯間、電氣室、台電配電室、停車空間、垃圾儲藏空間、進氣機房、電信室、樓電梯間、溫泉蓄水池、發電機房、蓄水池、景觀水池過濾機房、游泳池過濾機房、污水機房、噴灌機房、消防泵浦室、公共蓄水池、梯廳、電梯間、消防水箱、樓梯間、自來水箱、機械室、安全梯、防空避難室兼停車空間等３０項,鋼筋混凝土造,103年6月13日,十一層,,
RPWPMLQLNHLGFEF07CC,33,28.99,住家用,鋼筋混凝土造,82年3月4日,四層,,
RPWPMLQLNHLGFEF07CC,33,5.47,共有部分,鋼筋混凝土造,82年3月4日,四層,,
RPTQMLQLNHLGFEF86CC,8,78.94,住家用,鋼筋混凝土造,107年5月25日,二十九層,,
RPTQMLQLNHLGFEF86CC,8,70.28,本共有部分之項目有：梯廳、排煙室、樓電梯間、騎樓、管委會使用空間、人行通廊、頂蓋式通廊、走道、防災中心、游泳池機房、陽台、男女更衣室、ＳＰＡ池區、機械室、消防中繼機械房、樓梯間、水箱、中繼消防水箱、泵浦區、台電配電室、受電箱通道、電錶區、昇降機坑、緊急發電機室、垃圾儲藏室、儲油室、停車空間、台電通道、汙排水轉、消防中繼機房、電錶室、變電室、電信室、機房、泳池專用水箱、游泳池揚水泵浦機房、排風機房、消防中繼水箱、防空避難室兼停車空間、雨水過濾機房、消防幫浦室等４１項,鋼筋混凝土造,107年5月25日,二十九層,,
RPVNMLQLNHLGFEF76CC,7,56.06,集合住宅,鋼筋混凝土造,108年8月22日,二十九層,,
RPVNMLQLNHLGFEF76CC,7,25.87,共有部分，本共有部分之項目有梯廳、排煙室、Ａ棟弱電管道室、ＡＢ棟公共樓梯、Ｄ棟弱電管道室、ＣＤ棟公共樓梯、頂蓋式通廊、防災中心、管委會使用空間、機房、泳池機房、男更衣室、女更衣室、烤箱、蒸氣室、兒童戲水區、長泳區、湯池、看台區、宅配室、儲藏室、電管道室、電錶室、水消撒管道室、水錶室、通道、機械室、消防中繼機房、消防中繼水箱、樓梯間、自來水箱、消防專用屋頂水箱暨中繼水箱、排氣機房、台電配電室、受電箱通道、小公變電室、電信室、消防水箱、緊急發電機房兼大公變電室、電表室、儲油間、排風管道、垃圾儲藏室、排風機房、進氣機房、防空避難室兼停車空間、噴泉池機房、泵浦區、騎樓、陽台、雨遮、游泳池專用水箱、機電設備空間、停車空間、進風機房、Ａ棟水箱、Ｄ棟水箱、雨水過濾機房、Ｂ棟水箱、Ｃ棟水箱、消防泵浦機房等６１項,鋼筋混凝土造,108年8月22日,二十九層,,
RPOQMLQLNHLGFEF98CC,27,98.78,住家用,鋼筋混凝土造,88年5月16日,十三層,,
RPOQMLQLNHLGFEF98CC,27,14.72,共有部分,鋼筋混凝土造,88年5月16日,十三層,,
RPOQMLQLNHLGFEF98CC,27,10.97,共有部分,鋼筋混凝土造,88年5月16日,十三層,,
RPXQMLQLNHLGFEF27CC,29,24.53,住家用,鋼筋混凝土造,85年12月2日,十六層,,
RPXQMLQLNHLGFEF27CC,29,6.95,共有部分,鋼筋混凝土造,85年12月2日,十六層,,
RPXQMLQLNHLGFEF27CC,29,5.24,共有部分,鋼筋混凝土造,85年12月2日,十六層,,
RPUQMLQLNHLGFEF96CC,31,96.80,住家用,鋼筋混凝土造,84年9月13日,十五層,,
RPUQMLQLNHLGFEF96CC,31,22.96,共有部分,鋼筋混凝土造,84年9月13日,十五層,,
RPUQMLQLNHLGFEF96CC,31,8.87,共有部分,鋼筋混凝土造,84年9月13日,十五層,,
RPSQMLQLNHLGFBF09CC,30,41.44,住家用,鋼筋混凝土造,85年7月3日,十七層,,
RPSQMLQLNHLGFBF09CC,30,9.91,共有部分,鋼筋混凝土造,85年7月3日,十七層,,
RPTNMLQLNHLGFGF76CC,26,99.43,住家用,鋼筋混凝土造,89年2月15日,八層,,
RPTNMLQLNHLGFGF76CC,26,6.59,共有部分,鋼筋混凝土造,89年2月15日,八層,,
RPTNMLQLNHLGFGF76CC,26,15.49,共有部分,鋼筋混凝土造,89年2月15日,八層,,
RPTNMLQLNHLGFGF76CC,26,25.33,共有部分,鋼筋混凝土造,89年2月15日,八層,,
RPOPMLQLNHLGFGF09CC,1,43.35,集合住宅,鋼筋混凝土造,114年9月17日,十五層,,
RPOPMLQLNHLGFGF09CC,1,46.27,本共有部分項目計有：陽臺、管委會、梯廳、戶外安全梯、一般安全梯Ａ１、無障礙樓梯、緊急昇降機、無障礙升降機、排煙室、垃圾儲藏室、垃圾車暫停車位、台電配電場所、防空避難室兼停車空間、緊急發電機房、汽車道、汽機車道、停車空間、電信機房、水箱、機房、梯間、電梯機房等共計２２項。,鋼筋混凝土造,114年9月17日,十五層,,
RPSPMLQLNHLGFGF86CC,10,31.00,集合住宅,鋼筋混凝土造,105年10月18日,十四層,,
RPSPMLQLNHLGFGF86CC,10,11.02,本共有部分項目有：機電設備空間、樓梯間、電梯間、污水池、水箱、暫停車位、垃圾車暫停車位、自行車停車空間、雨遮、管委會使用空間、梯廳、陽台、機械室、消防蓄水池等１４項。,鋼筋混凝土造,105年10月18日,十四層,,
RPVNMLQLNHLGFGF96CC,29,79.64,住家用,鋼筋混凝土造,86年3月31日,七層,,
RPSPMLQLNHLGFGF86CC,10,2.11,本共有部分之項目有：防空避難室兼停車空間（機車停車空間）等１項。,鋼筋混凝土造,105年10月18日,十四層,,
RPVNMLQLNHLGFGF96CC,29,8.69,共有部分,鋼筋混凝土造,86年3月31日,七層,,
RPVNMLQLNHLGFGF96CC,29,16.62,共有部分,鋼筋混凝土造,86年3月31日,七層,,
RPVOMLQLNHLGFGF07CC,38,30.38,住家用,鋼筋混凝土造,77年11月16日,五層,,
RPUQMLQLNHLGFGF17CC,45,84.00,住家用,鋼筋混凝土造,70年9月10日,五層,,
RPOOMLQLNHLGFGF98CC,34,93.16,住家用,鋼筋混凝土造,81年9月16日,五層,,
RPOOMLQLNHLGFGF98CC,34,4.53,共有部分,鋼筋混凝土造,81年9月16日,五層,,
RPVPMLQLNHLGFGF17CC,10,31.00,集合住宅,鋼筋混凝土造,105年10月18日,十四層,,
RPVPMLQLNHLGFGF17CC,10,11.02,本共有部分項目有：機電設備空間、樓梯間、電梯間、污水池、水箱、暫停車位、垃圾車暫停車位、自行車停車空間、雨遮、管委會使用空間、梯廳、陽台、機械室、消防蓄水池等１４項。,鋼筋混凝土造,105年10月18日,十四層,,
RPVPMLQLNHLGFGF17CC,10,2.11,本共有部分之項目有：防空避難室兼停車空間（機車停車空間）等１項。,鋼筋混凝土造,105年10月18日,十四層,,
RPWQMLQLNHLGFGF37CC,14,109.17,住家用,鋼筋混凝土造,101年1月3日,五層,,
RPVQMLQLNHLGFGF27CC,11,61.82,住家用,鋼筋混凝土造,104年7月16日,七層,,
RPVQMLQLNHLGFGF27CC,11,26.36,本共有部分項目有：騎樓、梯廳、樓電梯間、機械室、水箱、停車空間等６項。,鋼筋混凝土造,104年7月16日,七層,,
RPWQMLQLNHLGFGF37CC,14,21.04,本共有部分項目有：騎樓、樓梯間、機房、水箱等４項。,鋼筋混凝土造,101年1月3日,五層,,
RPTQMLQLNHLGFGF07CC,43,100.48,住家用,鋼筋混凝土造,72年6月29日,五層,,
RPXNMLQLNHLGFGF17CC,26,81.05,商業用,鋼筋混凝土造,89年8月30日,十一層,,
RPXNMLQLNHLGFGF17CC,26,23.23,共有部分,鋼筋混凝土造,89年8月30日,十一層,,
RPPRMLQLNHLGFGF76CC,53,13.22,住商用,加強磚造,62年11月14日,四層,,
RPWPMLQLNHLGFGF27CC,40,20.00,住家用,鋼筋混凝土造,75年3月27日,五層,,
RPSNMLQLNHLGFHF76CC,9,32.52,集合住宅,鋼筋混凝土構造,106年1月20日,十五層,,
RPSNMLQLNHLGFHF76CC,9,5.26,共有部分；本共有部分項目有：梯廳、電樓梯間、樓梯間、交誼室、管委會使用空間、安全梯、機電、屋頂突出物〈電樓梯間、機房、生活水箱、安全梯〉、汽排機房、台電配電室、垃圾資源回收室、自行車、機車道、汽車車道、緊急發電機室、網路機房、機房、泵浦室、雨水機房、陽台、公共服務空間等２１項。,鋼筋混凝土構造,106年1月20日,十五層,,
RPSNMLQLNHLGFHF76CC,9,8.61,共有部分；本共有部分項目有：電樓梯間、走廊、管委會使用空間、機房等４項。,鋼筋混凝土構造,106年1月20日,十五層,,
RPXNMLQLNHLGFHF27CC,3,58.36,集合住宅,鋼筋混凝土構造,111年11月28日,二十四層,,
RPTNMLQLNHLGFHF86CC,52,83.15,住家用,Ｒ．Ｃ造,63年11月13日,四層,,
RPXNMLQLNHLGFHF27CC,3,29.10,本共有部分項目有防災中心、汽車車道、管委會使用空間（一）、管委會使用空間（二）、緩衝空間、陽台、排煙室、梯廳、中繼機房、電梯間、機械室、水箱、消防水箱、機車車道、垃圾貯存室、發電機室、防空避難室兼停車空間、電錶室、台電配電場所、蓄水池、機械室（供電信使用）、蓄水池（Ａ）、蓄水池（Ｂ）、消防泵浦室等２４項,鋼筋混凝土構造,111年11月28日,二十四層,,
RPWNMLQLNHLGFHF17CC,9,28.17,集合住宅,鋼筋混凝土構造,106年1月20日,十五層,,
RPWNMLQLNHLGFHF17CC,9,4.57,共有部分；本共有部分項目有：梯廳、電樓梯間、樓梯間、交誼室、管委會使用空間、安全梯、機電、屋頂突出物〈電樓梯間、機房、生活水箱、安全梯〉、汽排機房、台電配電室、垃圾資源回收室、自行車、機車道、汽車車道、緊急發電機室、網路機房、機房、泵浦室、雨水機房、陽台、公共服務空間等２１項。,鋼筋混凝土構造,106年1月20日,十五層,,
RPQRMLQLNHLGFGF86CC,53,12.85,住商用,加強磚造,62年11月14日,四層,,
RPWNMLQLNHLGFHF17CC,9,7.45,共有部分；本共有部分項目有：電樓梯間、走廊、管委會使用空間、機房等４項。,鋼筋混凝土構造,106年1月20日,十五層,,
RPVNMLQLNHLGFHF07CC,9,32.52,集合住宅,鋼筋混凝土構造,106年1月20日,十五層,,
RPVNMLQLNHLGFHF07CC,9,5.26,共有部分；本共有部分項目有：梯廳、電樓梯間、樓梯間、交誼室、管委會使用空間、安全梯、機電、屋頂突出物〈電樓梯間、機房、生活水箱、安全梯〉、汽排機房、台電配電室、垃圾資源回收室、自行車、機車道、汽車車道、緊急發電機室、網路機房、機房、泵浦室、雨水機房、陽台、公共服務空間等２１項。,鋼筋混凝土構造,106年1月20日,十五層,,
RPPOMLQLNHLGFHF56CC,49,64.52,住家用,鋼筋混凝土造,66年6月2日,四層,,
RPVNMLQLNHLGFHF07CC,9,8.61,共有部分；本共有部分項目有：電樓梯間、走廊、管委會使用空間、機房等４項。,鋼筋混凝土構造,106年1月20日,十五層,,
RPUOMLQLNHLGFHF07CC,30,19.80,住家用,鋼筋混凝土造,85年9月16日,七層,,
RPWOMLQLNHLGFHF27CC,2,76.02,集合住宅,鋼筋混凝土構造,113年6月25日,十三層,,
RPWOMLQLNHLGFHF27CC,2,37.44,本共有部分項目有：陽台、梯廳、門廳、排煙室、Ａ門廳、（Ａ梯廳）、Ａ排煙室、Ｂ門廳、（Ｂ梯廳）、Ｂ排煙室、Ａ梯間、Ａ樓電梯間、Ｂ梯間、Ｂ樓電梯間、Ａ水箱、Ａ水箱（１）、Ａ水箱（２）、Ｂ水箱、Ｂ水箱（１）、Ｂ水箱（２）、Ａ機械室、Ｂ機械室、Ａ電梯間、Ｂ電梯間、水箱（１）、水箱（２）、水箱（３）、汽車車道、電信機房、停車空間、管委會空間（１）～（８）、垃圾暫存區、消防泵補室、台電配電場所、緊急發電機室、雨水回收機房、防空避難室兼停車空間等４４項。,,113年6月25日,十三層,,
RPVOMLQLNHLGFHF17CC,51,17.20,住家用,ＲＣ造,64年5月26日,四層,,
RPROMLQLNHLGFHF76CC,51,9.60,住家用,ＲＣ造,64年5月26日,四層,,
RPWNMLQLNHLGFIF27CC,44,108.76,住家用,鋼筋混凝土造,71年2月26日,四層,,
RPXPMLQLNHLGFHF47CC,46,85.28,住家用,鋼筋混凝土造,69年4月16日,四層,,
RPOOMLQLNHLGFIF56CC,32,78.27,住家用,鋼筋混凝土造,83年11月15日,十八層,,
RPOOMLQLNHLGFIF56CC,32,8.74,共有部分,鋼筋混凝土造,83年11月15日,十八層,,
RPOOMLQLNHLGFHF09CC,51,9.60,住家用,ＲＣ造,64年5月26日,四層,,
RPWPMLQLNHLGFHF37CC,47,71.12,住家用,鋼筋混凝土造,68年10月4日,五層,,
RPXNMLQLNHLGFIF37CC,7,75.98,集合住宅,鋼筋混凝土造,108年10月7日,十三層,,
RPXNMLQLNHLGFIF37CC,7,72.83,本共有部分之項目有：梯廳、排煙室、消防管道、排煙管道、進風管道、緊急升降機、無障礙升降機、戶外安全梯兼無障礙安全梯、無障礙廁所、廊道、管委會空間、車道、管理室、消防水箱、梯間、機械室、水箱、防空避難室兼停車空間、發電機室、排氣口、排風機、機房、垃圾暫存室、冷藏區、受電箱區、台電配電場所、水箱、電信機房、消防泵浦室、汙水設備室兼雨水機房、停車空間等３１項。,鋼筋混凝土造,108年10月7日,十三層,,
RPVPMLQLNHLGFHF27CC,30,79.30,集合住宅,鋼筋混凝土造,85年3月7日,十四層,,
RPVPMLQLNHLGFHF27CC,30,40.02,共有部分,鋼筋混凝土造,85年3月7日,十四層,,
RPVPMLQLNHLGFHF27CC,30,11.14,共有部分,鋼筋混凝土造,85年3月7日,十四層,,
RPSOMLQLNHLGFIF96CC,8,59.54,集合住宅,鋼筋混凝土造,106年12月12日,十一層,,
RPQNMLQLNHLGFIF66CC,44,84.74,住家用,鋼筋混凝土造,71年9月21日,五層,,
RPSOMLQLNHLGFIF96CC,8,26.06,本共有部分之項目有：停車空間、防空避難室兼停車空間、台電配電場所、地下室排風、發電機房、水箱、消防機房、電信室、排煙室、污水機房、大廳、升降機、梯間、戶外安全梯、公共服務空間（接待區及球藝房、ＫＴＶ、會議室、健身房、棋藝室）、梯廳、無障礙樓梯、戶外安全梯（無障礙）、消防水箱、汽（機）車車道、緊急升降機（無障礙）、管理員室、電梯機房、無障礙廁所、清潔儲藏室、垃圾儲存空間等２６項。,鋼筋混凝土造,106年12月12日,十二層,,
RPPOMLQLNHLGFIF66CC,19,132.90,住家用,鋼筋混凝土造,96年2月12日,十四層,,
RPPOMLQLNHLGFIF66CC,19,47.30,共有部分,鋼筋混凝土造,96年2月12日,十五層,,
RPPOMLQLNHLGFIF66CC,19,23.41,共有部分,鋼筋混凝土造,96年2月12日,十五層,,
RPQOMLQLNHLGFIF76CC,30,104.21,住家用,鋼筋混凝土造,85年3月27日,十二層,,
RPTOMLQLNHLGFIF07CC,17,66.70,集合住宅,鋼筋混凝土造,98年7月30日,二十五層,,
RPQOMLQLNHLGFIF76CC,30,18.44,樓梯間、雨庇、防空避難室兼停車場、水箱、配電室、屋頂突出物,鋼筋混凝土造,85年3月27日,十二層,,
RPTOMLQLNHLGFIF07CC,17,8.78,共有部分,鋼筋混凝土造,98年7月30日,二十五層,,
RPTOMLQLNHLGFIF07CC,17,39.03,共有部分,鋼筋混凝土造,98年7月30日,二十五層,,
RPTOMLQLNHLGFIF07CC,17,22.95,共有部分,鋼筋混凝土造,98年7月30日,二十五層,,
RPVOMLQLNHLGFIF27CC,30,77.53,住家用,鋼筋混凝土造,85年2月15日,十三層,,
RPVOMLQLNHLGFIF27CC,30,18.01,樓梯間、防空避難室、屋頂突出物,鋼筋混凝土造,85年2月15日,十四層,,
RPPNMLRLNHLGFAF48CC,28,80.48,住家用,鋼筋混凝土造,87年1月14日,五層,,
RPPNMLRLNHLGFAF48CC,28,8.40,樓梯間、水箱,鋼筋混凝土造,87年1月14日,五層,,
RPSNMLRLNHLGFAF78CC,48,51.96,住家用,鋼筋混凝土造,67年10月13日,四層,,
RPTNMLRLNHLGFAF88CC,,82.60,住家用,鋼筋混凝土造,,五層,,
RPRNMLRLNHLGFAF68CC,31,26.35,住家用,鋼筋混凝土造,84年11月9日,十七層,,
RPRNMLRLNHLGFAF68CC,31,1.75,共有部分,鋼筋混凝土造,84年11月9日,十七層,,
RPQPMLQLNHLGFIF86CC,30,104.84,住家用,鋼筋混凝土造,85年2月15日,十三層,,
RPQPMLQLNHLGFIF86CC,30,24.56,樓梯間、防空避難室、屋頂突出物,鋼筋混凝土造,85年2月15日,十四層,,
RPRPMLQLNHLGFIF96CC,5,88.26,集合住宅,鋼筋混凝土造,110年10月15日,十三層,,
RPQOMLRLNHLGFAF68CC,,18.00,住家用,鋼筋混凝土造,,五層,,
RPRPMLQLNHLGFIF96CC,5,44.45,本共有部分之項目有：管理委員會空間１、管理委員會空間２、梯廳、緊急升降機間、排煙室、安全梯甲、安全梯乙、停車空間、發電機房、台電配電場所、電信機房、垃圾處理場所、設備空間、進風管道、停車空間兼防空避難室、蓄水池、消防泵浦室、車道、水錶室、水箱、機械室、消防水箱等２２項。,鋼筋混凝土造,110年10月15日,十三層,,
RPOOMLRLNHLGFAF48CC,48,115.18,住家用,鋼筋混凝土造,67年3月17日,四層,,
RPXNMLRLNHLGFAF66CC,31,28.63,住家用,鋼筋混凝土造,84年9月5日,十九層,,
RPXNMLRLNHLGFAF66CC,31,7.36,共有部分,鋼筋混凝土造,84年9月5日,十九層,,
RPSOMLRLNHLGFAF88CC,4,103.59,集合住宅,鋼筋混凝土造,111年8月30日,二十七層,,
RPSOMLRLNHLGFAF88CC,4,47.34,本共有部分項目有：消防機房、１７人份行動不便電梯、梯廳、通道、１７人份一般電梯、雨水回收機房、進風機房、水箱室、水箱、地下室排風管道、排風機房、行動不便樓梯安全梯（丙）、電氣室、中繼水箱、消防連結泵浦室、電信機房、機車停車空間、車道、管道間、儲藏室、自行車停車空間、垃圾暫存室、垃圾車暫停空間、受電箱、發電機室、地下進風管道、台電配電場所、入口大廳（挑空區）、公共服務空間（一）（接待區）、廁所、櫃台區、公共服務空間（二）（交誼廳）、陽臺、緊急電、排煙室、電力、弱電、緊急升降機１７人份、進風、排煙、特別安全梯（乙）、行動不便樓梯、特別安全梯（甲）、防災中心、給水、消防、男廁、女廁（無障礙廁所）、公共服務空間（圖書室）、公共服務空間（三）、公共服務空間（健身房）、公共服務空間（多功能會議室）、排煙機房、安全梯（丁）、門廳、機械室、水錶機房／消防泵浦室、電梯機房、自來水水箱、水箱機房等６０項,鋼筋混凝土造,111年8月30日,二十七層,,
RPTOMLRLNHLGFAF98CC,2,53.71,集合住宅,鋼筋混凝土造,113年10月16日,十三層,,
RPTOMLRLNHLGFAF98CC,2,31.50,共有部分；本共有部分項目有：無障礙安全梯、無障礙電梯、客梯、梯廳、安全梯、客貨兩用梯、車道、汽車停車設備、無障礙停車位、電梯機坑、垃圾儲放空間、消防泵浦室、水箱、倉儲式停車設備維修走道、倉儲式汽車停車設備、防空避難室兼地下停車場、緊急發電機室、台電配電場所、電信機房、電梯機械室、消防水箱等２１項,鋼筋混凝土造,113年10月16日,十三層,,
RPPNMLRLNHLGFBF58CC,34,105.27,住家用,鋼筋混凝土造,81年8月26日,七層,,
RPPNMLRLNHLGFBF58CC,34,8.92,共有部分,鋼筋混凝土造,81年8月26日,七層,,
RPRNMLRLNHLGFBF78CC,47,51.02,住家用,鋼筋混凝土造,68年6月22日,三層,,
RPVNMLRLNHLGFBF56CC,,41.39,集合住宅,鋼筋混凝土造,114年12月18日,十五層,,
RPVNMLRLNHLGFBF56CC,,46.70,本共有部分之項目有車道、梯廳、戶外安全梯、排煙室、管委會使用空間、機房、自來水箱、電梯機房、停車空間、電信機房、水箱、發電機房、垃圾儲藏室、裝卸（垃圾）車位、台電配電場所、受電箱、無障礙安全梯、消防機房等１８項,鋼筋混凝土造,114年12月18日,十五層,,
RPWNMLRLNHLGFBF66CC,11,65.21,集合住宅,鋼筋混凝土造,104年10月20日,二十二層,,
RPWNMLRLNHLGFBF66CC,11,16.32,本共有部分之項目有特別安全梯、緊急昇降機、排煙室、供行動不便者使用昇降機、梯廳等５項。,鋼筋混凝土造,104年10月20日,二十二層,,
RPWNMLRLNHLGFBF66CC,11,49.96,本共有部分之項目有特別安全梯、緊急昇降機、梯廳、供行動不便者使用昇降機、排煙室、自行車停車空間、走廊、公共服務空間、守衛室、陽台、防災中心、門廳、電錶箱、發電機散熱管道、發電機進風管道、機車停車空間、機房、垃圾暫存空間、垃圾車停車位、受電箱、台電配電場所、停車空間、中繼水箱、中繼機房、電信機房、發電機室、水箱、消防泵浦室、自然通風管道、安全梯、樓電梯間、中繼消防泵浦室、排煙機房、消防水箱、電梯機房、水箱機房、生活水箱等３７項。,鋼筋混凝土造,104年10月20日,二十二層,,
RPTPMLRLNHLGFAF09CC,47,107.96,住家用,鋼筋混凝土造,68年3月12日,五層,,
RPSNMLRLNHLGFBF88CC,29,87.11,住家用,鋼筋混凝土造,86年5月30日,七層,,
RPSNMLRLNHLGFBF88CC,29,7.76,共有部分,鋼筋混凝土造,86年5月30日,七層,,
RPSNMLRLNHLGFBF88CC,29,2.55,共有部分,鋼筋混凝土造,86年5月30日,七層,,
RPSNMLRLNHLGFBF88CC,29,8.29,共有部分,鋼筋混凝土造,86年5月30日,七層,,
RPQNMLRLNHLGFCF78CC,,12.00,商業用,加強磚造,,四層,,
RPRNMLRLNHLGFCF88CC,,20.00,商業用,加強磚造,,四層,,
RPVNMLRLNHLGFCF66CC,14,19.94,住家用,鋼骨構造、鋼筋混凝土構造,101年11月14日,二十九層,,
RPVNMLRLNHLGFCF66CC,14,7.26,本共有部分之項目有第六至二十九層梯廳；十二及二十二層水表室、消防泵浦室；十三及二十三層水箱；屋頂突出物之梯間、消防水箱、水箱、電梯機房等８項。,鋼骨構造、鋼筋混凝土構造,101年11月14日,二十九層,,
RPVNMLRLNHLGFCF66CC,14,.27,本共有部分之項目有地下一層之俱樂部泵浦機房、俱樂部泵浦蓄水池、第四層之過濾機房、第五層之管委會使用空間、屋頂突出物之冰水主機房、屋頂突出物(二層)之水箱等６項。,鋼骨構造、鋼筋混凝土構造,101年11月14日,二十九層,,
RPVNMLRLNHLGFCF66CC,14,1.38,本共有部分之項目有地下二層之中水及截油槽機房、消防泵浦室、消防管道、管道間、地下一層之瓦斯減壓室、台電專用管道間、景觀水景機房、車道、機房、電信機房、大公變電站、管道間、第一層之車道、管道間、一層夾層之防災中心、樓梯、管道間、屋頂突出物(二層)之機房、吊運走道、辦公室商場發電機房、樓梯六層走道等２２項。,鋼骨構造、鋼筋混凝土構造,101年11月14日,二十九層,,
RPVNMLRLNHLGFCF66CC,14,2.54,本共有部分之項目有地下二層之蓄水池、泵浦室、梯廳兼排煙室、樓梯、梯廳、排煙室、通風機房、泵浦機房、蓄水池，客梯、垃圾處理室、停車空間、地下一層之機房、台電配電場所、大公變電站、梯廳兼排煙室、樓梯、電錶箱、梯廳、台電配電場所、走道、排煙室、廁所、緊急升降梯、機房、儲藏室、客梯、車道、停車空間、第一層之梯廳兼排煙室、辦公棟門廳、緊急升降梯、管道間、樓梯、客梯、一層夾層之緊急升降梯、第二層至五層之樓梯、緊急升降梯、客梯、第六層之管理中心、管理辦公室、緊急升降梯、陽台、雨遮、客梯等４５項。,鋼骨構造、鋼筋混凝土構造,101年11月14日,二十九層,,
RPXNMLRLNHLGFCF86CC,31,92.91,住家用,鋼筋混凝土造,84年6月17日,八層,,
RPXNMLRLNHLGFCF86CC,31,12.79,見使用執照,鋼筋混凝土造,84年6月17日,八層,,
RPXNMLRLNHLGFCF86CC,31,40.94,見使用執照,鋼筋混凝土造,84年6月17日,八層,,
RPPNMLRLNHLGFCF68CC,,12.00,商業用,加強磚造,,四層,,
RPSNMLRLNHLGFCF98CC,,12.00,商業用,加強磚造,,四層,,
RPTNMLRLNHLGFCF09CC,,12.00,商業用,加強磚造,,四層,,
RPQNMLRLNHLGFDF88CC,30,39.09,住家用,鋼筋混凝土造,85年1月17日,八層,,
RPQNMLRLNHLGFDF88CC,30,8.88,防空避難室兼停車空間、屋頂突出物、騎樓、受信室,鋼筋混凝土造,85年1月17日,八層,,
RPQNMLRLNHLGFDF88CC,30,.53,樓梯間,鋼筋混凝土造,85年1月17日,八層,,
RPSNMLRLNHLGFDF09CC,30,69.06,住家用,鋼筋混凝土造,85年1月23日,九層,,
RPSNMLRLNHLGFDF09CC,30,122.10,防空避難室兼停車空間、停車空間、屋頂突出物,鋼筋混凝土造,85年1月23日,九層,,
RPTNMLRLNHLGFDF56CC,3,39.57,集合住宅,鋼筋混凝土構造,111年12月23日,十一層,,
RPTNMLRLNHLGFDF56CC,3,20.62,共有部分，本共有部分項目有：排煙室、走廊１、梯廳、管委會使用空間、機械室、水箱、梯間、管委會使用空間１、管委會使用空間２、管委會使用空間３、宅配室、郵箱區、陽台、停車空間、機車道、防空避難室兼停車空間、電信機房、垃圾冷藏櫃、資源回收室、裝卸位、台電配電場所、發電機房、機械室３、給水機械室、消防泵浦室、雨水回收池、污水處理設備、一般昇降機、緊急昇降機無障礙電梯、無障礙戶外安全梯Ａ、戶外安全梯Ｂ、室內安全梯Ｄ、無障礙室內安全梯Ｃ等３３項。,鋼筋混凝土構造,111年12月23日,十一層,,
RPVNMLRLNHLGFEF86CC,49,33.67,住家用,鋼筋混凝土造,66年3月17日,二層,,
RPPNMLRLNHLGFEF88CC,38,20.40,住家用,鋼筋混凝土造,77年7月30日,五層,,
RPTNMLRLNHLGFEF66CC,41,29.20,住家用,鋼筋混凝土造,73年12月18日,五層,,
RPSNMLRLNHLGFEF56CC,38,21.07,住家用,鋼筋混凝土造,77年8月23日,五層,,
RPPOMLRLNHLGFEF98CC,38,19.50,住家用,鋼筋混凝土造,77年9月2日,五層,,
RPPOMLRLNHLGFEF98CC,38,.96,共有部分,鋼筋混凝土造,77年9月2日,五層,,
RPSOMLRLNHLGFBF98CC,30,109.05,住家用,鋼筋混凝土造,85年1月31日,七層,,
RPSOMLRLNHLGFBF98CC,30,25.49,共有部分,鋼筋混凝土造,85年1月31日,七層,,
RPXNMLRLNHLGFBF76CC,12,60.19,集合住宅,鋼筋混凝土造,102年12月3日,十四層,,
RPXNMLRLNHLGFBF76CC,12,40.26,本共有部分之項目有防空避難室兼停車空間、樓梯間、樓電梯間〈Ａ〉、樓電梯間〈Ｂ〉、汽車車道、水箱〈Ａ〉、消防機房、停車空間、電信機房、機房、水箱〈Ｂ〉、機房〈１〉、機房〈２〉、機車車道、機車停車空間、垃圾車暫停處、垃圾暫存空間、發電機房、發電機房進氣管道、發電機房排風管道、台電專用管道間〈１〉、台電專用管道間〈２〉、公共服務空間〈一〉、公共服務空間〈二〉、台電配電場所、受電箱、自行車停車空間、進排風管道間等２８項,鋼筋混凝土造,102年12月3日,十四層,,
RPXNMLRLNHLGFBF76CC,12,17.57,本共有部分之項目有樓電梯間、樓梯間、電梯機房、水箱等４項,鋼筋混凝土造,102年12月3日,十四層,,
RPQOMLRLNHLGFBF78CC,41,91.26,住家用,鋼筋混凝土造,74年6月3日,五層,,
RPROMLRLNHLGFEF56CC,52,73.32,住家用,加強磚造,63年2月16日,三層,,
RPQOMLRLNHLGFEF09CC,38,19.50,住家用,鋼筋混凝土造,77年9月2日,五層,,
RPQOMLRLNHLGFEF09CC,38,.96,共有部分,鋼筋混凝土造,77年9月2日,五層,,
RPROMLRLNHLGFBF88CC,52,67.84,住家用,加強磚造,63年10月28日,四層,,
RPOOMLRLNHLGFBF58CC,13,51.60,集合住宅,鋼筋混凝土造,102年1月14日,十層,,
RPOOMLRLNHLGFBF58CC,13,11.94,本共有部分之項目有梯間、梯廳、電梯間、水箱、機械室等５項,鋼筋混凝土造,102年1月14日,十一層,,
RPOOMLRLNHLGFEF88CC,31,71.05,住家用,鋼筋混凝土造,84年5月3日,二十層,,
RPOOMLRLNHLGFBF58CC,13,42.47,本共有部分之項目有車道、門廳、管委會空間、停車空間、供公眾使用停車空間、梯間、樓梯間、蓄水池、消防機房、發電機房、電信機房、台電配電場所等１２項,鋼筋混凝土造,102年1月14日,十一層,,
RPOOMLRLNHLGFEF88CC,31,9.16,共有部分,鋼筋混凝土造,84年5月3日,二十層,,
RPSOMLRLNHLGFEF66CC,10,71.90,住家用,鋼筋混凝土造,105年10月20日,二十層,,
RPSOMLRLNHLGFEF66CC,10,30.88,本共有部分之項目有：台電配電室、緊急昇降機、緊急昇降機間、公共電錶機房、電錶機房、垃圾儲藏室、排煙管道間、進風管道間、管道間、排煙室、戶外梯、排氣機房、進氣機房、緊急發電機室、緊急發電機房、電信機房、社區出入口、機坑、機車停車空間、停車空間、機房、消防管道、車道、游泳池機房、住戶溫泉水箱、公共溫泉水池、蓄水箱、公共蓄水池、汙水機房、汙水處理設備、消防水池、消防泵浦室、雨水回收機房、梯廳、走廊兼梯廳、特別安全梯、排煙室兼梯廳、無障礙電梯、消防管道間、排煙消防、管委會、圖書中心、哺乳室、媽媽教室、防災中心、小型劇院、舞台、中繼消防機房、消防水箱、陽台、雨遮、社區中心、健身房、韻律教室、信箱、消防水箱、水箱、電梯機房、電氣機房共５９項,鋼筋混凝土造,105年10月20日,二十四層,,
RPVOMLRLNHLGFEF96CC,32,78.75,住家用,鋼筋混凝土造,83年9月21日,七層,,
RPVOMLRLNHLGFEF96CC,32,31.56,共有部分,鋼筋混凝土造,83年9月21日,七層,,
RPUOMLRLNHLGFEF86CC,16,68.80,住家用,鋼筋混凝土造,98年12月25日,十七層,,
RPUOMLRLNHLGFEF86CC,16,57.09,本案共有部分項目有公共服務空間、走廊兼梯廳、機械室、緊急昇降機、撒水消防、排煙室、電氣管道、中繼水表室、中繼電信室、自來水箱、蓄水箱、特別安全梯、消防水箱、水表室、陽台、機車停車空間、管委會辦公室、管委會空間、儲藏間、電梯間、樓梯間、消防水池、消防泵浦室、集污坑、電梯機坑、台電配電室、垃圾儲存空間、污水處理場、污水處理機房、增設雨水機房、水箱、緊急發電機房、電信機房、高壓變電站、消防專用泵浦室、進氣機房、排氣機房、游泳池機房、停車空間、防空避難室兼停車空間等４０項,鋼筋混凝土造,98年12月25日,十七層,,
RPOPMLRLNHLGFEF98CC,38,21.07,住家用,鋼筋混凝土造,77年8月23日,五層,,
RPVPMLRLNHLGFEF07CC,29,21.56,住家用,鋼筋混凝土造,86年2月4日,十層,,
RPVPMLRLNHLGFEF07CC,29,4.82,共有部分,鋼筋混凝土造,86年2月4日,十層,,
RPVPMLRLNHLGFEF07CC,29,.66,共有部分,鋼筋混凝土造,86年2月4日,十層,,
RPVPMLRLNHLGFEF07CC,29,4.99,共有部分,鋼筋混凝土造,86年2月4日,十層,,
RPRQMLRLNHLGFEF76CC,24,23.55,住家用,鋼筋混凝土造,91年5月31日,二十二層,,
RPRQMLRLNHLGFEF76CC,24,4.79,共有部分,鋼筋混凝土造,91年5月31日,二十二層,,
RPRQMLRLNHLGFEF76CC,24,1.91,共有部分,鋼筋混凝土造,91年5月31日,二十二層,,
RPRQMLRLNHLGFEF76CC,24,.80,共有部分,鋼筋混凝土造,91年5月31日,二十二層,,
RPTNMLRLNHLGFGF86CC,13,68.61,住家用,鋼骨鋼筋混凝土造,101年12月20日,二十七層,,
RPTNMLRLNHLGFGF86CC,13,1.30,本共有部分項目有：公益設施出入口、緩衝空間、緊急發電機室、電信機房、公用電錶、及台電配電場所等６項。,鋼骨鋼筋混凝土造,101年12月20日,二十七層,,
RPTNMLRLNHLGFGF86CC,13,28.40,本共有部分項目有：蓄水池、雨水儲存池、機械房、消防水池、消防泵浦室、排煙室、梯間、管道間、機車停車空間、管理員室、垃圾處理中心、水箱、梯廳、走道、中繼機房、視聽室、交誼室、集合住宅大廳、閱覽室、污水處理設施、社區中心、信箱室、樓梯間、電梯間、電梯機房雨遮及陽台等２７項。,鋼骨鋼筋混凝土造,101年12月20日,二十七層,,
RPRQMLRLNHLGFBF09CC,48,85.96,住家用,鋼筋混凝土造,66年12月30日,四層,,
RPSQMLRLNHLGFEF86CC,48,13.20,住家用,鋼筋混凝土造,67年6月21日,四層,,
RPUPMLRLNHLGFEF96CC,26,23.57,住家用,鋼筋混凝土造,89年10月27日,十四層,,
RPUPMLRLNHLGFEF96CC,26,5.15,共有部分,鋼筋混凝土造,89年10月27日,十四層,,
RPUNMLRLNHLGFGF96CC,13,68.61,住家用,鋼骨鋼筋混凝土造,101年12月20日,二十七層,,
RPUPMLRLNHLGFEF96CC,26,3.06,共有部分,鋼筋混凝土造,89年10月27日,十四層,,
RPUNMLRLNHLGFGF96CC,13,1.30,本共有部分項目有：公益設施出入口、緩衝空間、緊急發電機室、電信機房、公用電錶、及台電配電場所等６項。,鋼骨鋼筋混凝土造,101年12月20日,二十七層,,
RPUNMLRLNHLGFGF96CC,13,28.40,本共有部分項目有：蓄水池、雨水儲存池、機械房、消防水池、消防泵浦室、排煙室、梯間、管道間、機車停車空間、管理員室、垃圾處理中心、水箱、梯廳、走道、中繼機房、視聽室、交誼室、集合住宅大廳、閱覽室、污水處理設施、社區中心、信箱室、樓梯間、電梯間、電梯機房雨遮及陽台等２７項。,鋼骨鋼筋混凝土造,101年12月20日,二十七層,,
RPVNMLRLNHLGFGF07CC,38,100.21,住家用,鋼筋混凝土造,77年1月6日,五層,,
RPOOMLRLNHLGFGF09CC,30,50.71,住家用,鋼筋混凝土造,85年4月26日,五層,,
RPOOMLRLNHLGFGF09CC,30,1.81,共有部分,鋼筋混凝土造,85年4月26日,五層,,
RPOPMLRLNHLGFGF56CC,43,101.54,住家用,鋼筋混凝土造,72年1月29日,五層,,
RPXOMLRLNHLGFGF37CC,44,34.00,住家用,鋼筋混凝土造,70年12月28日,五層,,
RPPNMLRLNHLGFGF09CC,38,110.83,住家用,鋼筋混凝土造,77年6月1日,五層,,
RPXNMLRLNHLGFGF27CC,30,73.41,住家用,鋼筋混凝土造,85年3月11日,五層,,
RPXNMLRLNHLGFGF27CC,30,2.42,共有部分,鋼筋混凝土造,85年3月11日,五層,,
RPSNMLRLNHLGFHF86CC,1,64.52,集合住宅,鋼筋混凝土構造,114年1月2日,十四層,,
RPSNMLRLNHLGFHF86CC,1,75.57,本共有部分項目有：陽台、廊道、公共服務空間（教學教室、圖書室、交誼廳、兒童遊戲區、會議室）、梯廳兼排煙室、排煙室、梯廳、走廊、雨遮、梯間、樓梯間、民生水箱、消防水箱、機電設備空間、機電設備空間（電信室、受電箱室、消防機房、汙水處理機房、發電機房）、昇降機房、管委會使用空間、管委會使用空間２儲藏室、沉砂滯洪池、滯洪沉砂池、管委會使用空間ａ、管委會使用空間ｃ、管委會使用空間ｄ、停車空間、層間車道、防空避難室兼停車空間、公共廁所、垃圾暫存區、台電配電場所、Ａ棟民生水箱、Ｂ棟民生水箱、台電管道間、裝卸車位等４０項。,鋼筋混凝土構造,114年1月2日,十四層,,
RPQPMLRLNHLGFGF76CC,42,62.25,住家用,鋼筋混凝土造,72年12月21日,五層,,
RPUPMLRLNHLGFGF17CC,31,52.71,住家用,鋼筋混凝土造,84年10月2日,十二層,,
RPUPMLRLNHLGFGF17CC,31,11.63,共有部分,鋼筋混凝土造,84年10月2日,十二層,,
RPQPMLRLNHLGFBF88CC,36,91.86,住家用,鋼筋混凝土造,78年11月27日,十二層,,
RPUPMLRLNHLGFGF17CC,31,2.55,共有部分,鋼筋混凝土造,84年10月2日,十二層,,
RPQPMLRLNHLGFBF88CC,36,13.33,共有部分,鋼筋混凝土造,78年11月27日,十四層,,
RPWOMLRLNHLGFGF27CC,13,61.03,住家用,鋼骨鋼筋混凝土造,101年12月20日,二十七層,,
RPWOMLRLNHLGFGF27CC,13,1.17,本共有部分項目有：公益設施出入口、緩衝空間、緊急發電機室、電信機房、公用電錶、及台電配電場所等６項。,鋼骨鋼筋混凝土造,101年12月20日,二十七層,,
RPWOMLRLNHLGFGF27CC,13,24.70,本共有部分項目有：蓄水池、雨水儲存池、機械房、消防水池、消防泵浦室、排煙室、梯間、管道間、機車停車空間、管理員室、垃圾處理中心、水箱、梯廳、走道、中繼機房、視聽室、交誼室、集合住宅大廳、閱覽室、污水處理設施、社區中心、信箱室、樓梯間、電梯間、電梯機房雨遮及陽台等２７項。,鋼骨鋼筋混凝土造,101年12月20日,二十七層,,
RPTPMLRLNHLGFHF17CC,31,36.81,住家用,鋼筋混凝土造,84年7月1日,十二層,,
RPTPMLRLNHLGFHF17CC,31,3.37,共有部分,鋼筋混凝土造,84年7月1日,十二層,,
RPXOMLRLNHLGFHF47CC,29,40.44,住家用,鋼筋混凝土造,86年3月18日,十五層,,
RPTPMLRLNHLGFHF17CC,31,25.32,共有部分,鋼筋混凝土造,84年7月1日,十二層,,
RPXOMLRLNHLGFHF47CC,29,9.48,共有部分,鋼筋混凝土造,86年3月18日,十五層,,
RPXOMLRLNHLGFHF47CC,29,1.80,共有部分,鋼筋混凝土造,86年3月18日,十五層,,
RPXOMLRLNHLGFHF47CC,29,2.35,共有部分,鋼筋混凝土造,86年3月18日,十五層,,
RPOQMLRLNHLGFHF76CC,50,84.98,住家用,加強磚造,65年7月5日,四層,,
RPXPMLRLNHLGFHF57CC,52,90.98,住家用,鋼筋混凝土造,63年6月17日,四層,,
RPPQMLRLNHLGFHF86CC,51,82.61,住家用,加強磚造,64年7月22日,四層,,
RPRNMLRLNHLGFIF86CC,4,94.89,集合住宅,鋼筋混凝土造,111年1月5日,十一層,,
RPRNMLRLNHLGFIF86CC,4,57.39,本共有部分之項目有：梯廳、儲藏室、昇降機供行動不便者使用、一般昇降機、發電機室排風管道、發電機室進風管道、發電機室排風口、發電機室進風口、地下室進風管道、地下室排風管道、地下室排風口、汽機車坡道、汽車坡道、管委會使用空間（一）、管委會使用空間（二）、兒童遊戲區、安全梯（１）、安全梯（２）、安全梯（３）、安全梯（４）、防空避難室兼停車空間、停車空間、機車停車空間、垃圾車暫停車位、垃圾暫存室（Ａ）、垃圾暫存室（Ｂ）、台電配電場所、發電機室、電信室、消防泵浦室、汙水機房、蓄水池（一）、蓄水池（二）、蓄水池（三）、陽台等３５項。,鋼筋混凝土造,111年1月5日,十一層,,
RPOOMLRLNHLGFIF66CC,31,80.25,住家用,鋼筋混凝土造,84年9月13日,九層,,
RPRNMLRLNHLGFIF86CC,4,24.13,本共有部分之項目有：梯廳、昇降機供行動不便者使用、一般昇降機、戶外安全梯（３）、戶外安全梯（４）、管委會使用空間（四）、梯間、水箱、水表室、機械室、消防水箱、陽台、雨遮等１３項。,鋼筋混凝土造,111年1月5日,十一層,,
RPOOMLRLNHLGFIF66CC,31,22.93,防空避難室兼停車空間、台電配電室、機房、樓梯間、機械房、水箱,鋼筋混凝土造,84年9月13日,九層,,
RPWNMLRLNHLGFIF37CC,17,61.09,住家用,鋼筋混凝土造,98年1月8日,十九層,,
RPWNMLRLNHLGFIF37CC,17,44.07,共有部分,鋼筋混凝土造,98年1月8日,十九層,,
RPSOMLRLNHLGFIF07CC,12,84.70,集合住宅,鋼筋混凝土造,103年11月7日,十一層,,
RPWNMLRLNHLGFIF37CC,17,17.38,共有部分,鋼筋混凝土造,98年1月8日,十九層,,
RPSOMLRLNHLGFIF07CC,12,39.42,本共有部分之項目有：門廳、停車空間、陽台、防空避難室兼停車空間、樓梯間、蓄水池、管委會空間、台電配電場所、電信機房、消防機房、污水機房、發電機房、汽車昇降機、汽車昇降機機房等１４項。,鋼筋混凝土造,103年11月7日,十一層,,
RPSOMLRLNHLGFIF07CC,12,20.84,本共有部分之項目有：樓梯間、機械室、水箱等３項。,鋼筋混凝土造,103年11月7日,十一層,,
RPQNMLSLNHLGFAF68CC,,136.23,住家用,鋼筋混凝土造,,四層,,
RPQNMLRLNHLGFIF76CC,2,51.50,集合住宅,鋼筋混凝土造,113年8月21日,九層,,
RPSNMLSLNHLGFAF88CC,41,99.84,住家用,鋼筋混凝土造,74年7月10日,五層,,
RPQQMLRLNHLGFHF96CC,44,99.24,住家用,鋼筋混凝土造,71年11月10日,五層,,
RPQNMLRLNHLGFIF76CC,2,46.34,本共有部分之項目有：停車空間、機房、行動不便電梯緊急昇降機、梯廳兼排煙室、汽車坡道、台電配電場所、機車停車空間、排煙室、Ａ１安全梯（無障礙）、Ａ３安全梯（無障礙）、Ａ２安全梯、Ｂ２安全梯、Ａ１戶外安全梯（無障礙）、Ｂ１戶外安全梯（無障礙）、防空避難室兼停車空間、Ａ棟電錶箱、Ｂ棟電錶箱、緊急發電機室、Ｃ１樓梯、住宅門廳、管委會、走廊、管委會空間、Ａ棟水箱、Ｂ棟水箱、進風機房、排風機房、通道、消防泵浦室、電氣室、雨水機房（含噴灌）、垃圾車位、資源回收、自行車停車空間、裝卸車位、垃圾處理集中室、電信機房、無障礙廁所、女廁、男廁、梯廳、發電機進風、發電機排風等４３項。,鋼筋混凝土造,113年8月21日,九層,,
RPQNMLRLNHLGFIF76CC,2,10.10,本共有部分之項目有：排煙室、梯廳、行動不便電梯緊急昇降機、Ａ１戶外安全梯、Ｂ１戶外安全梯、Ａ２安全梯、Ｂ２安全梯、Ａ１戶外安全梯（無障礙）、Ｂ１戶外安全梯（無障礙）、機房、電梯機房、Ａ棟水箱、Ｂ棟水箱、Ａ１梯、Ｂ１梯等１５項。,鋼筋混凝土造,113年8月21日,九層,,
RPWNMLSLNHLGFAF66CC,,96.49,住家用,鋼筋混凝土造,,五層,,
RPUNMLSLNHLGFAF09CC,43,77.25,住家用,鋼筋混凝土造,72年5月20日,五層,,
RPPNMLRLNHLGFIF66CC,20,73.28,住家用,鋼筋混凝土造,94年12月8日,二十層,,
RPQOMLSLNHLGFAF78CC,33,80.84,住家用,鋼筋混凝土造,82年5月21日,六層,,
RPPNMLRLNHLGFIF66CC,20,11.68,共有部分,鋼筋混凝土造,94年12月8日,二十層,,
RPQOMLSLNHLGFAF78CC,33,20.69,共有部分,鋼筋混凝土造,82年5月21日,六層,,
RPPNMLRLNHLGFIF66CC,20,8.69,共有部分,鋼筋混凝土造,94年12月8日,二十層,,
RPPNMLRLNHLGFIF66CC,20,4.77,共有部分,鋼筋混凝土造,94年12月8日,二十層,,
RPPOMLSLNHLGFAF68CC,42,73.11,住家用,鋼筋混凝土造,72年12月12日,五層,,
RPOOMLSLNHLGFAF58CC,32,80.99,住家用,鋼筋混凝土造,82年12月29日,十六層,,
RPOOMLSLNHLGFAF58CC,32,24.37,共有部分,鋼筋混凝土造,82年12月29日,十六層,,
RPXNMLSLNHLGFAF76CC,27,112.40,住家用,鋼筋混凝土造,88年2月9日,十二層,,
RPXNMLSLNHLGFAF76CC,27,61.94,共有部分,鋼筋混凝土造,88年2月9日,十二層,,
RPSOMLSLNHLGFAF98CC,51,67.46,住家用,鋼筋混凝土造,64年1月9日,四層,,
RPWOMLSLNHLGFAF76CC,1,90.96,集合住宅,鋼筋混凝土造,114年1月20日,十四層,,
RPTOMLSLNHLGFAF09CC,,92.08,住家用,加強磚造,,二層,,
RPWOMLSLNHLGFAF76CC,1,45.10,本共有部分項目：特別安全梯（Ａ）、無障礙升降機、排煙室、緊急升降機、無障礙樓梯、梯廳、安全梯（Ｂ）、陽台、管委會使用空間、樓梯間、機械間、水箱（Ａ）、水箱（Ｂ）、水箱（Ｃ）、發電機室、防空避難室兼停車空間、廁所、垃圾車位、垃圾暫存區、汽車坡道、機車停車區、電錶箱、台電配電場所、受電箱、電信室、消防機械室、蓄水池（２）、蓄水池（１）、水錶間、無障礙法定停車位、停車空間等３１項。,鋼筋混凝土造,114年1月20日,十四層,,
RPTPMLSLNHLGFAF56CC,33,26.01,住家用,鋼筋混凝土造,82年6月16日,八層,,
RPTPMLSLNHLGFAF56CC,33,3.66,共有部分,鋼筋混凝土造,82年6月16日,八層,,
RPSPMLSLNHLGFAF09CC,29,38.02,住家用,鋼筋混凝土造,86年9月4日,十二層,,
RPSPMLSLNHLGFAF09CC,29,3.22,共有部分,鋼筋混凝土造,86年9月4日,十二層,,
RPSPMLSLNHLGFAF09CC,29,11.73,陽台、電樓梯間,鋼筋混凝土造,86年9月4日,十二層,,
RPTQMLSLNHLGFAF66CC,51,94.61,住家用,鋼筋混凝土造,64年2月7日,四層,,
RPRQMLSLNHLGFAF09CC,43,100.63,住家用,鋼筋混凝土造,72年10月21日,五層,,
RPWQMLSLNHLGFAF96CC,43,76.85,住家用,鋼筋混凝土造,72年4月28日,五層,,
RPWRMLSLNHLGFAF07CC,50,72.75,住家用,鋼筋混凝土造,65年9月9日,四層,,
RPVRMLSLNHLGFAF96CC,25,25.69,辦公室,鋼骨鋼筋混凝土造,90年2月16日,二十三層,,
RPURMLSLNHLGFAF86CC,34,25.64,住家用,鋼筋混凝土造,81年11月19日,十六層,,
RPVRMLSLNHLGFAF96CC,25,9.51,門廳，電樓梯間，屋頂突出物，走道，台電室，機械室，水箱等,鋼骨鋼筋混凝土造,90年2月16日,二十三層,,
RPURMLSLNHLGFAF86CC,34,3.44,共有部分,鋼筋混凝土造,81年11月19日,十六層,,
RPOSMLSLNHLGFAF98CC,,79.80,住家用,加強磚造,,四層,,
RPORMLSLNHLGFAF88CC,51,67.32,住家用,鋼筋混凝土造,64年7月29日,四層,,
RPPSMLSLNHLGFAF09CC,20,101.42,住家用,鋼筋混凝土造,95年8月17日,十五層,,
RPUQMLSLNHLGFAF76CC,43,95.75,住家用,鋼筋混凝土造,72年3月25日,五層,,
RPPSMLSLNHLGFAF09CC,20,20.05,共有部分,鋼筋混凝土造,95年8月17日,十五層,,
RPPSMLSLNHLGFAF09CC,20,3.75,共有部分,鋼筋混凝土造,95年8月17日,十五層,,
RPPSMLSLNHLGFAF09CC,20,11.19,共有部分,鋼筋混凝土造,95年8月17日,十五層,,
RPPNMLSLNHLGFBF68CC,32,64.89,住家用,鋼筋混凝土造,83年6月17日,八層,,
RPTNMLSLNHLGFBF09CC,20,80.33,住家用,鋼筋混凝土造,94年12月21日,十三層,,
RPPNMLSLNHLGFBF68CC,32,8.86,共有部分,鋼筋混凝土造,83年6月17日,八層,,
RPTNMLSLNHLGFBF09CC,20,23.85,共有部分,鋼筋混凝土造,94年12月21日,十三層,,
RPTNMLSLNHLGFBF09CC,20,9.74,共有部分,鋼筋混凝土造,94年12月21日,十三層,,
RPXRMLSLNHLGFAF17CC,31,37.32,住家用,鋼筋混凝土造,83年12月31日,十六層,,
RPXRMLSLNHLGFAF17CC,31,11.78,共有部分,鋼筋混凝土造,83年12月31日,十六層,,
RPSNMLSLNHLGFBF98CC,6,56.90,集合住宅,鋼筋混凝土造,109年6月10日,十三層,,
RPSNMLSLNHLGFBF98CC,6,66.24,本共有部分項目有公共服務空間、陽台、樓電梯間、走道、無障礙廁所、管委會使用空間、梯廳、管理員室、走道兼梯廳、樓梯間、水表區、水箱、電梯機房、停車空間、台電配電場所、緊急發電機室、垃圾處理室、垃圾車暫停車位、機車停車空間、電信室、無障礙車位、消防泵浦室等２２項。,鋼筋混凝土造,109年6月10日,十三層,,
RPRNMLSLNHLGFCF98CC,52,99.14,住家用,鋼筋混凝土造,63年8月13日,四層,,
RPSNMLSLNHLGFCF09CC,31,94.38,住家用,鋼筋混凝土造,84年4月15日,七層,,
RPSNMLSLNHLGFCF09CC,31,19.64,住家用,鋼筋混凝土造,84年4月15日,七層,,
RPUNMLSLNHLGFCF66CC,54,18.97,住家用,鋼筋混凝土造,61年4月29日,四層,,
RPTNMLSLNHLGFCF56CC,54,54.60,住家用,加強磚造,61年1月20日,二層,,
RPVNMLSLNHLGFCF76CC,54,14.65,住家用,鋼筋混凝土造,61年4月29日,四層,,
RPPOMLSLNHLGFBF78CC,33,20.59,住家用,鋼筋混凝土造,82年8月3日,十二層,,
RPTOMLSLNHLGFBF56CC,18,29.42,住家用,鋼筋混凝土造,97年4月18日,十四層,,
RPPOMLSLNHLGFBF78CC,33,10.76,共有部分,鋼筋混凝土造,82年8月3日,十二層,,
RPTOMLSLNHLGFBF56CC,18,4.16,共有部分,鋼筋混凝土造,97年4月18日,十四層,,
RPWNMLSLNHLGFBF76CC,13,110.55,集合住宅,鋼筋混凝土造,101年12月6日,十五層,,
RPTOMLSLNHLGFBF56CC,18,4.04,共有部分,鋼筋混凝土造,97年4月18日,十四層,,
RPWNMLSLNHLGFBF76CC,13,37.42,本共有部分之項目有門廊、門廳、管理委員會使用空間（Ａ、Ｂ、Ｃ）、樓梯間、梯廳、門廊（梯廳）、儲藏室、管道、陽台、排煙室、雨遮、機械室、水箱等十三項。,鋼筋混凝土造,101年12月6日,十五層,,
RPTOMLSLNHLGFBF56CC,18,3.55,共有部分,鋼筋混凝土造,97年4月18日,十四層,,
RPWNMLSLNHLGFBF76CC,13,44.38,本共有部分之項目有車道、停車空間、供公眾使用停車空間、樓梯間、排煙室、管道、垃圾暫存區、台電配電場所、電信室、單車停車區、消防機房、蓄水池、發電機室、污水機房等十四項。,鋼筋混凝土造,101年12月6日,十五層,,
RPTOMLSLNHLGFBF56CC,18,4.55,共有部分,鋼筋混凝土造,97年4月18日,十四層,,
RPWPMLSLNHLGFBF96CC,22,59.68,住家用,鋼筋混凝土造,93年6月11日,十三層,,
RPWPMLSLNHLGFBF96CC,22,23.66,共有部分,鋼筋混凝土造,93年6月11日,十三層,,
RPROMLSLNHLGFBF98CC,49,102.77,住家用,加強磚造,65年12月16日,四層,,
RPVNMLSLNHLGFBF66CC,11,101.44,集合住宅,鋼筋混凝土造,104年8月20日,十五層,,
RPVNMLSLNHLGFBF66CC,11,22.17,本共有部分之項目有排煙室〈梯廳〉，供行動不便者使用電梯，緊急昇降機，梯廳，Ａ１梯戶外安全梯，Ａ２梯戶外安全梯，Ａ３梯戶外安全梯，Ａ４梯戶外安全梯，機械室，水箱，等１０項。,鋼筋混凝土造,104年8月20日,十五層,,
RPVNMLSLNHLGFBF66CC,11,53.20,本共有部分之項目有公共服務空間一，公共服務空間二，供行動不便者使用電梯，緊急昇降機，梯廳，排煙室，Ａ１梯戶外安全梯，Ａ２梯戶外安全梯，Ａ３梯戶外安全梯，Ａ４梯戶外安全梯，Ｂ１梯戶外安全梯，Ｂ２梯戶外安全梯，閱讀區，自行車車位，地下排風，受電箱室，台電配電場所，電錶室，台電管道間，停車空間，機車車道，汽車道，管委會空間，電信機房，Ａ１棟水箱，Ａ２棟水箱，發電機房，油箱，發電進風，發電排風，排煙室排風機，垃圾儲藏室，Ｂ棟水箱，消防泵浦室，排煙室Ａ１，排煙室Ａ２等３６項,鋼筋混凝土造,104年8月20日,十五層,,
RPOOMLSLNHLGFBF68CC,2,90.70,集合住宅,鋼筋混凝土造,112年12月28日,二十六層,,
RPQOMLSLNHLGFBF88CC,19,98.98,住家用,鋼筋混凝土造,96年2月14日,十二層,,
RPOOMLSLNHLGFBF68CC,2,43.43,本共有部分之項目有６＊１２高層建築緩衝空間、半戶外門廳、排煙室（Ａ）、宅配室、機房、梯廳、廁所、交誼室、排煙室（Ｂ）、防災中心、陽台、排煙室、蓄水池、消防機房、中繼水箱與消防水箱合併、汽車停車空間、停車空間進風管道、停車空間排風管道、Ｂ棟水箱、緊急發電機房、台電配電場所、垃圾車暫停空間、垃圾暫存室、電信機房、Ａ棟水箱、消防泵室、進排風機房、中繼消防泵浦室、機電空間、機坑、電梯機房、水箱機房等３２項,鋼筋混凝土造,112年12月28日,二十六層,,
RPQOMLSLNHLGFBF88CC,19,21.02,共有部分,鋼筋混凝土造,96年2月14日,十三層,,
RPQOMLSLNHLGFBF88CC,19,14.97,共有部分,鋼筋混凝土造,96年2月14日,十三層,,
RPPPMLSLNHLGFBF88CC,51,43.50,住家用,鋼筋混凝土造,64年8月22日,四層,,
RPWOMLSLNHLGFBF86CC,1,57.56,集合住宅,鋼筋混凝土造,113年11月28日,十五層,,
RPWOMLSLNHLGFBF86CC,1,30.32,本共有部分之項目有無障礙廁所、管委會使用空間、無障礙樓梯、一般安全梯、排煙室、梯廳、戶外安全梯、陽台、梯間、機房、電梯機房、水箱、防空避難室兼停車空間、緊急發電機房、台電配電場所、垃圾儲藏室、停車空間、電信機房等１８項。,鋼筋混凝土造,113年11月28日,十五層,,
RPVPMLSLNHLGFBF86CC,45,81.64,住家用,鋼筋混凝土造,70年9月17日,五層,,
RPUNMLSLNHLGFBF56CC,5,77.27,集合住宅,鋼筋混凝土造,110年10月19日,十八層,,
RPOQMLSLNHLGFBF88CC,38,109.54,住家用,鋼筋混凝土造,76年12月24日,五層,,
RPUNMLSLNHLGFBF56CC,5,43.53,本共有部分之項目有入口門廳、排煙室、公共服務空間、緊急昇降機間（排煙室）、宅配室、信箱室、廁所、高層建築緩衝空間、等候空間、Ａ特別安全梯、Ｂ特別安全梯、Ｃ特別安全梯、Ｄ特別安全梯、梯廳、Ａ梯特別安全梯、Ｂ梯特別安全梯、昇降機間、樓梯間、消防中繼機房、消防水箱、Ｂ梯安全梯、機房、電梯機房、水箱、機械室、Ｄ梯安全梯、Ｄ梯特別安全梯、防空避難室兼停車空間、防災中心、停車場進風機房、停車場排風機房、升降機間、Ｂ安全梯、垃圾資源回收室、冷藏室、冷凍室、電信室、Ｃ安全梯、消防幫浦中繼機房、台電配電室、緊急發電機房、排氣管道間、停車空間、消防機房、水箱機房、Ａ棟自來水箱、Ｂ棟自來水箱、陽台等４８項。,鋼筋混凝土造,110年10月19日,十八層,,
RPUQMLSLNHLGFBF86CC,49,76.11,商業用,鋼筋混凝土造,66年6月8日,四層,,
RPWNMLSLNHLGFCF86CC,54,7.20,住家用,鋼筋混凝土造,61年4月29日,四層,,
RPUPMLSLNHLGFBF76CC,8,54.00,集合住宅,鋼骨鋼筋混凝土造,106年11月29日,二十二層,,
RPUPMLSLNHLGFBF76CC,8,15.42,本共有部分之項目有陽台、門廳、社區公益設施、排煙室兼梯廳、梯廳、管理員室、自行車停車空間、辦公室、消防水箱、消防泵浦室、安全梯、樓梯間、機械室、水箱等１４項。,鋼骨鋼筋混凝土造,106年11月29日,二十二層,,
RPUPMLSLNHLGFBF76CC,8,12.69,本共有部分之項目有車道、排煙室兼梯廳、電信室、垃圾及資源回收空間、台電配電場所、防空避難室兼停車空間、停車空間、消防蓄水池、水箱、消防泵浦室、機械室、等１１項。,鋼骨鋼筋混凝土造,106年11月29日,二十二層,,
RPPNMLSLNHLGFDF88CC,38,159.23,住家用,鋼筋混凝土造,77年1月26日,五層,,
RPPNMLSLNHLGFDF88CC,38,2.50,共有部分,鋼筋混凝土造,77年1月26日,五層,,
RPPNMLSLNHLGFDF88CC,38,.40,共有部分,鋼筋混凝土造,77年1月26日,五層,,
RPRNMLSLNHLGFDF09CC,6,59.28,集合住宅,鋼筋混凝土構造,109年6月18日,十五層,,
RPSOMLSLNHLGFCF56CC,14,94.95,住家用,鋼骨構造、鋼筋混凝土構造,101年11月14日,二十層,,
RPRNMLSLNHLGFDF09CC,6,16.09,共有部分，本共有部分項目有：安全梯、戶外安全梯、梯廳、緊急升降電梯、無障礙電梯、排煙室、男廁、女廁、管委會空間、樓梯間、防空避難室兼停車空間、垃圾儲存室、垃圾車臨停區、停車位空間、台電配電室、排風管道、進風管道、機房、電信室、發電機房、日用油箱、雨水滯留池、雨水過濾設備、倉儲式機械停車機房、消防水池、消防泵浦室、冰箱、污水處理機房、污水處理設施、污水坑、機房雨水再生槽、電梯機房等３２項。,鋼筋混凝土構造,109年6月18日,十五層,,
RPRNMLSLNHLGFDF09CC,6,13.08,共有部分，本共有部分項目有：戶外安全梯、梯廳、緊急升降電梯、無障礙電梯、排煙室等５項。,鋼筋混凝土構造,109年6月18日,十五層,,
RPSOMLSLNHLGFCF56CC,14,1.24,本共有部分之項目有地下一層之俱樂部泵浦機房、俱樂部泵浦蓄水池、第四層之過濾機房、第五層之管委會使用空間、屋頂突出物之冰水主機房、屋頂突出物(二層)之水箱等６項。,鋼骨構造、鋼筋混凝土構造,101年11月14日,二十九層,,
RPSOMLSLNHLGFCF56CC,14,24.25,本共有部分之項目有梯廳、中繼水箱、消防水箱、水箱室、機房、電梯機房等六項。,鋼骨構造、鋼筋混凝土構造,101年11月14日,二十層,,
RPSOMLSLNHLGFCF56CC,14,2.90,本共有部分之項目有停車空間１項。,鋼骨構造、鋼筋混凝土構造,101年11月14日,二十八層,,
RPSOMLSLNHLGFCF56CC,14,43.44,本共有部分之項目有地下三層之地下室水箱、泵浦機房、排煙室、梯廳、緊急升降機、機房、儲藏室、排風機房、送風機房、污水機房、中水機房、消防泵浦機房、停車空間、地下二層之排煙室、梯廳、儲藏室、機房、排風機房、送風機房、機車位、停車空間、地下一層之梯廳、儲藏室、機房、排風機房、送風機房、機車位、防空避難室兼停車空間、第一層之走廊、管理中心、防災中心、人工地盤梯廳、第二層之電表室、台電配電場所、自設變電室、油槽室、空調機房、電信機房、網路機房、泵浦室、噴灌機房、收費亭、管理室、廁所、垃圾處理室、管理中心、垃圾處理室、吊運空間、發電機房、走道、發電機房、閱覽室、人工地盤梯廳、樓梯、機房、第三層之管理室、梯廳、水景機房、噴灌機房、水景機房、交誼廳、儲藏室、陽台、雨遮、第一層～五層梯廳、第五層之電梯機房等６６項。,鋼骨構造、鋼筋混凝土構造,101年11月14日,二十八層,,
RPQNMLSLNHLGFDF98CC,43,86.25,住家用,鋼筋混凝土造,71年12月13日,五層,,
RPXNMLSLNHLGFDF07CC,30,81.33,住家用,鋼筋混凝土造,85年2月9日,八層,,
RPXNMLSLNHLGFDF07CC,30,17.63,梯間、電信配線架室、台電配電室、排風機房、消防機房、消防受信室、蓄水池、空調機房、電梯機房、水箱,鋼筋混凝土造,85年2月9日,八層,,
RPQNMLSLNHLGFEF09CC,30,55.05,住家用,鋼筋混凝土造,85年6月5日,八層,,
RPXNMLSLNHLGFCF96CC,54,13.94,住家用,鋼筋混凝土造,61年4月29日,四層,,
RPQNMLSLNHLGFEF09CC,30,.31,共有部分,鋼筋混凝土造,85年5月28日,七層,,
RPQNMLSLNHLGFEF09CC,30,.65,共有部分,鋼筋混凝土造,85年6月5日,九層,,
RPQNMLSLNHLGFEF09CC,30,5.38,共有部分,鋼筋混凝土造,85年6月5日,八層,,
RPWNMLSLNHLGFDF96CC,45,22.47,住家用,鋼筋混凝土造,70年3月18日,五層,,
RPRNMLSLNHLGFEF56CC,1,51.12,集合住宅,鋼筋混凝土造,114年3月14日,十四層,,
RPRNMLSLNHLGFEF56CC,1,26.36,本共有部分之項目有：梯廳、公共儲藏室、自行車停車位、受電箱室、緊急發電機室、台電配電室、機房、水箱、總受水箱、溫泉水箱、進氣機房、排氣機房、消防泵浦室、雨水過濾機房、電梯機房、昇降機、機械房、管委會空間、無障礙安全梯、機電設備空間、緊急升降梯無障礙電梯、引導設施、管委會使用空間、排煙室、消防水箱、特別安全梯、無障礙特別安全梯、垃圾儲藏空間、廁所、垃圾車停車位、水池、中繼消防機房、高層建築出入口緩衝空間、防災中心、陽台、安全梯、公共緊急發電機室、觀景池機房、電氣室、公共台電配電室、無障礙昇降梯、電信機房、女廁、男廁、汽車坡道等４５項,鋼筋混凝土構造、鋼構造,114年3月14日,二十三層,,
RPWNMLSLNHLGFEF07CC,31,72.61,住家用,鋼筋混凝土造,84年6月24日,十九層,,
RPWNMLSLNHLGFEF07CC,31,6.69,共有部分,鋼筋混凝土造,84年6月24日,十九層,,
RPVNMLSLNHLGFDF86CC,29,19.62,住家用,鋼骨鋼筋混凝土造,85年12月30日,三十六層,,
RPVNMLSLNHLGFDF86CC,29,4.06,住家用,鋼骨鋼筋混凝土造,85年12月30日,三十六層,,
RPVNMLSLNHLGFDF86CC,29,2.06,騎樓、門廳、緊急升降機、管道間、樓梯間、排煙室、儲藏室、發電機室、電錶間、電信機房專用室、蓄水池、台電配電室、幫浦室、機械房、台電專用管道間、走道、通道、台電受電室,鋼骨鋼筋混凝土造,85年12月30日,三十六層,,
RPVNMLSLNHLGFDF86CC,29,7.31,樓梯間、緊急昇降機、排煙室、特別安全梯、中繼水箱、台電配電室、瞭望室、機械房、水箱、台電專用管道間,鋼骨鋼筋混凝土造,85年12月30日,三十六層,,
RPSNMLSLNHLGFEF66CC,13,90.83,住家用,鋼筋混凝土造,102年9月2日,十五層,,
RPUNMLSLNHLGFEF86CC,2,60.58,集合住宅,鋼筋混凝土造,113年10月28日,二十六層,,
RPVNMLSLNHLGFEF96CC,7,84.67,住家用,鋼筋混凝土造,108年3月6日,二十三層,,
RPSNMLSLNHLGFEF66CC,13,64.84,本共有部分之項目有梯廳、騎樓、走廊、管委會使用空間、排煙室、水箱、機房、梯間、陽台、垃圾車暫停空間、裝卸停車位、臨時停車位、發電機室、污水機房、消防泵浦室、台電配電場所、電信室、垃圾集中場、防空避難室兼停車空間、停車空間等２０項。,鋼筋混凝土造,102年9月2日,十五層,,
RPUNMLSLNHLGFEF86CC,2,18.64,本共有部分之項目有：梯廳兼排煙室、梯廳、排煙室、機房、雨遮、消防中繼機房、消防水箱、昇降機房、水箱、污物處理機房（Ａ棟）、蓄水池（三）（Ａ棟住宅）、蓄水池（四）（Ａ棟住宅）、蓄水池（六）（Ａ棟住宅）等１３項。,鋼筋混凝土造,113年10月28日,二十六層,,
RPVNMLSLNHLGFEF96CC,7,68.56,本共有部分之項目有管委會使用空間、梯廳、中繼機房、自來水箱、電梯機房、樓梯間、緊急昇降機間、排煙室、消防水箱、特別安全梯、停車空間、安全梯、陽台、緊急昇降機、無障礙兼緊急昇降機、公共台電配電室、台電配電室、安全梯間、電氣機房、機房、垃圾儲藏空間、垃圾車停車位、緊急發電機室、大公共棟緊急發電機室、水箱、管道間、昇降機間、電信機房、消防泵浦室、戶外安全梯、昇降機、無障礙昇降機、無障礙樓梯間、防空避難室兼停車空間、溫泉水箱、汙水機房、昇降機無障礙、防災中心、裝卸車位、水表室、受水池等４１項,鋼筋混凝土造,108年3月6日,二十三層,,
RPUNMLSLNHLGFEF86CC,2,13.19,本共有部分之項目有：排煙室、梯廳（Ａ棟）、梯廳（Ｂ棟）、信箱間（Ａ）、信箱間（Ｂ）、門廊、室內無障礙通道、管委會空間、管委會空間（一）、管委會空間（二）、管委會空間（三）、管委會空間（四）、管委會空間（五）、管委會空間（六）、管委會空間（七）、管委會空間（八）、管委會空間（九）、緊急發電機房、汽車坡道、機車坡道、陽台、機房、消防水箱、維修機房、梯廳、防災中心、暫停空間與卸貨區、台電配電場所、雨水及噴灌機房、消防泵機房等３０項。,鋼筋混凝土造,113年10月28日,十四層,,
RPUNMLSLNHLGFEF86CC,2,1.77,本共有部分之項目有：防空避難室兼停車空間、汽車坡道等２項。,鋼筋混凝土造,113年10月28日,十四層,,
RPUNMLSLNHLGFEF86CC,2,38.31,本共有部分之項目有：停車空間、汽車坡道、ａ車道、ｂ車道、ｃ車道、ｄ車道、消防水池等７項。,鋼筋混凝土造,113年10月28日,十四層,,
RPOOMLSLNHLGFEF98CC,8,94.60,住家用,鋼筋混凝土造,107年8月10日,十五層,,
RPOOMLSLNHLGFEF98CC,8,38.17,本建物共有項目有：停車空間、排煙室兼梯廳、一般升降機、緊急兼無障礙升降機、Ｃ安全梯、消防機房、噴灌機房、水箱、排氣、發電機房、防空避難室兼停車空間、電信機房、台電配電場所、垃圾暫存空間、垃圾暫停車位、訪客停車空間、管委會使用空間、樓梯間、電梯機房、汽車坡道、梯廳等二十一項,鋼筋混凝土造,107年8月10日,十五層,,
RPPOMLSLNHLGFEF09CC,44,80.16,住家用,鋼筋混凝土造,71年7月12日,五層,,
RPTNMLSLNHLGFEF76CC,31,81.03,住家用,鋼筋混凝土造,84年8月2日,十八層,,
RPTNMLSLNHLGFEF76CC,31,15.64,共有部分,鋼筋混凝土造,84年8月2日,十八層,,
RPSOMLSLNHLGFEF76CC,31,84.01,住家用,鋼筋混凝土造,84年10月9日,十五層,,
RPTNMLSLNHLGFEF76CC,31,.88,共有部分,鋼筋混凝土造,84年8月2日,十八層,,
RPSOMLSLNHLGFEF76CC,31,32.44,共有部分,鋼筋混凝土造,84年10月9日,十五層,,
RPSOMLSLNHLGFEF76CC,31,2.03,共有部分,鋼筋混凝土造,84年10月9日,十五層,,
RPTOMLSLNHLGFEF86CC,29,42.84,住家用,鋼筋混凝土造,86年4月10日,八層,,
RPTOMLSLNHLGFEF86CC,29,12.72,共有部分,鋼筋混凝土造,86年4月10日,九層,,
RPTOMLSLNHLGFEF86CC,29,15.55,共有部分,鋼筋混凝土造,86年4月10日,九層,,
RPXNMLSLNHLGFEF17CC,2,58.04,集合住宅,鋼筋混凝土造,113年4月2日,十五層,,
RPXNMLSLNHLGFEF17CC,2,29.89,本共有部分之項目有：緊急升降機、無障礙升降機、排煙室、梯廳、戶外安全梯Ａ、戶外安全梯Ｂ、門廳、門廊、樓梯間、管委會、安全梯Ａ、管道間、自行車空間、車道出入口緩衝空間、機車車道、汽車車道、無障礙坡道、汽車停車空間、停車場進風、停車埸排風、機車停車空間、垃圾車位、台電配電場所、垃圾收集室、發電機室、機房、消防機房、電信室、生活水箱、消防水箱、電梯機房、樓梯Ａ、水錶室、無障礙停車位、陽台等３５項。,鋼筋混凝土造,113年4月2日,十五層,,
RPUOMLSLNHLGFEF96CC,16,101.79,住家用,鋼筋混凝土造,99年8月27日,十四層,,
RPWOMLSLNHLGFEF17CC,35,21.11,住商用,鋼筋混凝土造,80年3月14日,五層,,
RPUOMLSLNHLGFEF96CC,16,47.37,本共有部分之項目有：管委會共同使用空間（一、二、三）、陽台、樓電梯間、機械室、水箱、垃圾儲存空間、電信機房、停車空間、台電配電室（一、二）、防空避難室兼停車空間、消防泵浦室、緊急發電機室、屋頂突出物等１３項,鋼筋混凝土造,99年8月27日,十四層,,
RPWOMLSLNHLGFEF17CC,35,.83,共有部分,鋼筋混凝土造,80年3月14日,五層,,
RPWOMLSLNHLGFEF17CC,35,7.17,共有部分,鋼筋混凝土造,80年3月14日,七層,,
RPWOMLSLNHLGFEF17CC,35,1.24,共有部分,鋼筋混凝土造,80年3月14日,五層,,
RPWOMLSLNHLGFEF17CC,35,1.96,共有部分,鋼筋混凝土造,80年3月14日,五層,,
RPWOMLSLNHLGFEF17CC,35,3.55,共有部分,鋼筋混凝土造,80年3月14日,七層,,
RPWOMLSLNHLGFEF17CC,35,1.06,共有部分,鋼筋混凝土造,80年3月14日,五層,,
RPRPMLSLNHLGFEF76CC,32,70.78,住家用,鋼筋混凝土造,83年4月15日,八層,,
RPRPMLSLNHLGFEF76CC,32,3.74,共有部分,鋼筋混凝土造,83年4月15日,八層,,
RPOPMLSLNHLGFEF09CC,1,82.27,集合住宅,鋼筋混凝土造,114年3月14日,十四層,,
RPQPMLSLNHLGFEF66CC,30,25.81,住家用,鋼筋混凝土造,85年4月30日,十二層,,
RPOPMLSLNHLGFEF09CC,1,41.25,本共有部分之項目有：梯廳、公共儲藏室、自行車停車位、受電箱室、緊急發電機室、台電配電室、機房、水箱、總受水箱、溫泉水箱、進氣機房、排氣機房、消防泵浦室、雨水過濾機房、電梯機房、昇降機、機械房、管委會空間、無障礙安全梯、機電設備空間、緊急升降梯無障礙電梯、引導設施、管委會使用空間、排煙室、消防水箱、特別安全梯、無障礙特別安全梯、垃圾儲藏空間、廁所、垃圾車停車位、水池、中繼消防機房、高層建築出入口緩衝空間、防災中心、陽台、安全梯、公共緊急發電機室、觀景池機房、電氣室、公共台電配電室、無障礙昇降梯、電信機房、女廁、男廁、汽車坡道等４５項,鋼筋混凝土構造、鋼構造,114年3月14日,二十三層,,
RPQPMLSLNHLGFEF66CC,30,6.80,共有部分,鋼筋混凝土造,85年4月30日,十二層,,
RPQPMLSLNHLGFEF66CC,30,1.02,共有部分,鋼筋混凝土造,85年4月30日,十二層,,
RPPNMLSLNHLGFGF56CC,49,80.00,住家用,鋼筋混凝土造,66年5月19日,四層,,
RPVOMLSLNHLGFEF07CC,32,23.38,住家用,鋼筋混凝土造,83年6月28日,五層,,
RPVOMLSLNHLGFEF07CC,32,2.39,共有部分,鋼筋混凝土造,83年6月28日,五層,,
RPVOMLSLNHLGFEF07CC,32,5.08,共有部分,鋼筋混凝土造,83年6月28日,五層,,
RPQOMLSLNHLGFGF76CC,45,72.00,住家用,鋼筋混凝土造,70年8月27日,五層,,
RPTNMLSLNHLGFGF96CC,3,60.61,集合住宅,鋼筋混凝土造,112年3月15日,二十一層,,
RPTNMLSLNHLGFGF96CC,3,33.99,本共有部分項目有：自行車停車空間、公共服務空間（一）、Ａ１梯無障礙樓梯、機電設備空間、緊急昇降機、無障礙昇降機、排煙室、門廳、梯廳兼排煙室、Ａ２梯無障礙樓梯、公共服務空間（二）、管委會空間、警衛室、Ａ１梯、梯廳、雨遮、門廊、樓梯間、機械室、消防機房、機房、噴灌機房、進風機房、台電配電場所、發電機室、受電箱室、防災中心、Ａ１梯安全梯無障礙樓梯、垃圾車位、垃圾儲藏室、機車停車區、機房Ｂ、停車空間、機車道、水箱Ａ、排風機房、電信機房、機房Ｃ、機房Ｄ、機房Ｅ、機房Ｆ、水箱Ｂ、水箱機房、消防中繼水箱、機房Ｇ、機房Ｈ、消防機房等４７項。,鋼筋混凝土造,112年3月15日,二十一層,,
RPWNMLSLNHLGFGF27CC,49,79.00,住家用,加強磚造,66年2月15日,四層,,
RPVNMLSLNHLGFGF17CC,38,125.08,住家用,鋼筋混凝土造,76年12月18日,五層,,
RPSOMLSLNHLGFGF96CC,17,21.40,住家用,鋼筋混凝土造,98年5月27日,七層,,
RPSOMLSLNHLGFGF96CC,17,16.13,共有部分,鋼筋混凝土造,98年5月27日,七層,,
RPUOMLSLNHLGFGF17CC,42,49.23,住商用,鋼筋混凝土造,73年5月16日,五層,,
RPXNMLSLNHLGFGF37CC,14,58.97,住家用,鋼筋混凝土造,101年10月26日,十三層,,
RPXNMLSLNHLGFGF37CC,14,11.75,本共有部分計有公共服務空間、管委會服務空間、管理員室、通廊、停車空間、防空避難室兼停車場等共計６項。,鋼筋混凝土造,101年10月26日,十三層,,
RPXNMLSLNHLGFGF37CC,14,13.85,本共有部分計有樓電梯間、電梯機房、水箱等共計３項。,鋼筋混凝土造,101年10月26日,十三層,,
RPPPMLSLNHLGFGF76CC,49,85.00,住家用,加強磚造,66年6月14日,四層,,
RPSNMLSLNHLGFGF86CC,17,19.91,住家用,鋼筋混凝土造,98年5月27日,七層,,
RPSNMLSLNHLGFGF86CC,17,14.93,共有部分,鋼筋混凝土造,98年5月27日,七層,,
RPQPMLSLNHLGFGF86CC,,32.73,集合住宅,鋼筋混凝土造,115年1月19日,十二層,,
RPRPMLSLNHLGFGF96CC,11,58.29,住家用,鋼筋混凝土造,104年4月30日,十五層,,
RPQPMLSLNHLGFGF86CC,,21.28,本共有部分項目有：停車場排風管道、Ａ１安全梯（無障礙梯）、Ａ２安全梯、升降機、無障礙升降機、梯廳、電梯間（梯廳）、社區管委會使用空間（辦公室）、社區管委會使用空間（會議室）、社區管委會使用空間、社區管委會使用空間（圖書室）、儲藏室、男廁、女廁、陽臺、Ａ１安全梯、水箱、機械室、停車空間、電信機房、緊急發電機室、台電配電場所、受電箱、汽車升降機、各戶集合電錶、Ａ３安全梯、消防泵浦室、機房等２８項。,鋼筋混凝土造,115年1月19日,十二層,,
RPRPMLSLNHLGFGF96CC,11,25.00,本共有部分項目有：全自動倉儲式停車空間、消防水池、水箱、消防泵浦機房、台電配電場所、緊急發電機房、防空避難室兼停車空間、全自動倉儲式汽車昇降機、機車昇降機、梯廳、雨遮、安全梯、樓梯間、電梯機房、消防水箱等１５項。,鋼筋混凝土造,104年4月30日,十五層,,
RPWPMLSLNHLGFGF47CC,,31.19,集合住宅,鋼筋混凝土造,115年1月19日,十二層,,
RPWPMLSLNHLGFGF47CC,,20.27,本共有部分項目有：停車場排風管道、Ａ１安全梯（無障礙梯）、Ａ２安全梯、升降機、無障礙升降機、梯廳、電梯間（梯廳）、社區管委會使用空間（辦公室）、社區管委會使用空間（會議室）、社區管委會使用空間、社區管委會使用空間（圖書室）、儲藏室、男廁、女廁、陽臺、Ａ１安全梯、水箱、機械室、停車空間、電信機房、緊急發電機室、台電配電場所、受電箱、汽車升降機、各戶集合電錶、Ａ３安全梯、消防泵浦室、機房等２８項。,鋼筋混凝土造,115年1月19日,十二層,,
RPTOMLSLNHLGFGF07CC,1,61.81,集合住宅,鋼筋混凝土造,114年3月6日,十五層,,
RPTOMLSLNHLGFGF07CC,1,59.13,本共有部分之項目有：管委會使用空間、梯廳、車道、緊急升降機、無障礙升降機、排煙室、無障礙樓梯、戶外安全梯、陽臺、機房、水箱、電梯機房、防空避難室兼停車空間、電信機房、垃圾車暫停車位、垃圾儲藏室、發電機房、台電配電場所、受電箱、停車空間、消防機房等２１項。,鋼筋混凝土造,114年3月6日,十五層,,
RPVNMLSLNHLGFHF27CC,48,64.00,住家用,鋼筋混凝土造,67年8月14日,四層,,
RPUNMLSLNHLGFHF17CC,56,111.54,住家用,加強磚造,59年8月5日,四層,,
RPRNMLSLNHLGFHF86CC,1,82.94,集合住宅,鋼筋混凝土構造,114年5月2日,二十五層,,
RPRNMLSLNHLGFHF86CC,1,44.60,本共有部分項目有：管委會使用空間、車道、排煙室、梯廳、高層建築緩衝空間、梯間、中繼消防機房、水表室、消防專用中繼水箱、電梯機房、機房（通風設備）、自來水箱１、自來水箱２、發電機室、汽機車坡道、台電配電場所、防災中心、防空避難室兼停車空間、停車空間、垃圾儲藏室、垃圾車暫停車位、電信機房、自來水箱Ｂ、自來水箱Ａ、消防及雨水機房、汽車坡道等２６項。,鋼筋混凝土構造,114年5月2日,二十五層,,
RPPNMLSLNHLGFHF66CC,47,135.77,住家用,鋼筋混凝土造,68年9月20日,五層,,
RPQNMLSLNHLGFHF76CC,25,82.35,辦公室,鋼筋混凝土造,90年4月11日,十九層,,
RPWNMLSLNHLGFHF37CC,9,103.37,集合住宅,鋼筋混凝土構造,106年1月10日,十八層,,
RPXPMLSLNHLGFGF57CC,53,70.88,住家用,加強磚造,62年7月1日,四層,,
RPQNMLSLNHLGFHF76CC,25,28.00,共有部分,鋼筋混凝土造,90年4月11日,十九層,,
RPWNMLSLNHLGFHF37CC,9,35.09,本共有部分項目：供管委會使用空間、走廊、門廳、信箱區、梯廳、車道、防災中心、安全梯Ｂ４、特別安全梯Ｂ３、進風管道、排煙管道、排風管道、無障礙昇降機、特別安全梯Ａ１、排煙室、女廁、男廁、台電配電室、受電箱區、緊急昇降機間兼排煙室、電梯機坑、防空避難室兼增設停車空間、發電機室、增設停車空間、法定停車空間、機房、電信室、Ｂ棟蓄水池（組合式水箱）、Ａ棟蓄水池（組合式水箱）、消防泵浦室、消防水池、雨水滯留池、停獎專用梯、Ａ１昇降機坑、緊急用昇降機、緊急昇降機等３６項。,鋼筋混凝土構造,106年1月10日,十八層,,
RPQPMLSLNHLGFHF96CC,55,11.38,住家用,加強磚造,60年8月14日,三層,,
RPWNMLSLNHLGFHF37CC,9,25.67,本共有部分項目：緊急昇降機間兼排煙室、走道、梯廳、排煙室、樓梯間、機械室、水箱、進風管道、排風管道、特別安全梯Ｂ２、特別安全梯Ｂ１、無障礙昇降機、安全梯Ｂ１、安全梯Ｂ２、昇降機、緊急用昇降機等１６項。,鋼筋混凝土構造,106年1月10日,十八層,,
RPXNMLSLNHLGFHF47CC,9,39.64,集合住宅,鋼筋混凝土構造,106年1月20日,十五層,,
RPXNMLSLNHLGFHF47CC,9,6.43,共有部分；本共有部分項目有：梯廳、電樓梯間、樓梯間、交誼室、管委會使用空間、安全梯、機電、屋頂突出物〈電樓梯間、機房、生活水箱、安全梯〉、汽排機房、台電配電室、垃圾資源回收室、自行車、機車道、汽車車道、緊急發電機室、網路機房、機房、泵浦室、雨水機房、陽台、公共服務空間等２１項。,鋼筋混凝土構造,106年1月20日,十五層,,
RPXNMLSLNHLGFHF47CC,9,10.48,共有部分；本共有部分項目有：電樓梯間、走廊、管委會使用空間、機房等４項。,鋼筋混凝土構造,106年1月20日,十五層,,
RPRPMLSLNHLGFHF07CC,47,81.47,住家用,鋼筋混凝土造,68年10月18日,五層,,
RPROMLSLNHLGFHF96CC,29,89.79,住家用,鋼骨鋼筋混凝土造,86年3月22日,三十三層,,
RPROMLSLNHLGFHF96CC,29,24.26,共有部分,鋼筋混凝土造,86年3月22日,三十三層,,
RPROMLSLNHLGFHF96CC,29,12.79,共有部分,鋼骨鋼筋混凝土造,86年3月22日,三十三層,,
RPSPMLSLNHLGFHF17CC,1,37.27,集合住宅,鋼筋混凝土構造,114年9月18日,十四層,,
RPSPMLSLNHLGFHF17CC,1,17.53,本共有部分之項目有：Ａ梯、排煙室、無障礙昇降機、緊急昇降機、梯廳、無障礙廁所、坡道、管理委員會使用空間、陽台、等候空間、倉儲式自動化（１）、汽車昇降機道（２）、電梯機坑、機房、弱電機房、防空避難室兼停車空間、台電配電場所、受電室、電表區、蓄水池、消防泵浦機房、機電空間、樓電梯間、緊急發電機房、水箱、消防水箱、騎樓等２７項。,鋼筋混凝土構造,114年9月18日,十四層,,
RPUPMLSLNHLGFHF37CC,47,76.18,住家用,鋼筋混凝土造,68年10月4日,五層,,
RPWQMLSLNHLGFHF67CC,47,28.40,住家用,鋼筋混凝土造,68年5月22日,七層,,
RPWQMLSLNHLGFHF67CC,47,9.93,共有部分,鋼筋混凝土造,68年5月22日,七層,,
RPVQMLSLNHLGFHF57CC,28,22.41,住家用,鋼筋混凝土造,87年1月22日,二十一層,,
RPSNMLSLNHLGFIF07CC,9,95.85,集合住宅,鋼筋混凝土造,106年1月6日,十四層,,
RPVQMLSLNHLGFHF57CC,28,2.93,共有部分,鋼筋混凝土造,87年1月22日,二十一層,,
RPTQMLSLNHLGFHF37CC,28,24.01,住家用,鋼筋混凝土造,87年5月20日,十一層,,
RPSNMLSLNHLGFIF07CC,9,67.85,本建物共有部分之項目有：梯廳、管委會空間、儲藏室、排氣敦、自行車停車場、戶外涼亭、陽台、公共廁所、安全梯、一般升降梯、排煙室、管道間、台電配電場所、公共電氣機房、電信機房、資源回收室、廚餘收集區、緊急升降梯兼行動不便電梯、進風機室、排風機室、垃圾車兼卸貨車位、緊急發電機室、油箱室、停車空間、機車停車空間、垃圾收集區、水箱、雨水機房、消防幫浦室、消防水箱、機房、Ａ梯、Ｂ梯、Ｃ梯、Ｄ梯、Ｅ梯、Ｆ梯、Ｇ梯、Ｈ梯、Ｉ梯、Ｊ梯、車道共４２項,鋼筋混凝土造,106年1月6日,十四層,,
RPVQMLSLNHLGFHF57CC,28,25.23,共有部分,鋼筋混凝土造,87年1月22日,21,,
RPTQMLSLNHLGFHF37CC,28,6.18,共有部分,鋼筋混凝土造,87年5月20日,十一層,,
RPWPMLSLNHLGFHF57CC,53,39.67,住家用,加強磚造,62年7月17日,四層,,
RPUNMLSLNHLGFIF27CC,33,86.06,住家用,鋼筋混凝土造,82年11月25日,七層,,
RPUNMLSLNHLGFIF27CC,33,5.25,共有部分,鋼筋混凝土造,82年11月25日,七層,,
RPUQMLSLNHLGFHF47CC,29,25.66,住家用,鋼筋混凝土造,86年11月4日,二十四層,,
RPUQMLSLNHLGFHF47CC,29,6.16,共有部分,鋼筋混凝土造,86年11月4日,二十四層,,
RPSQMLSLNHLGFHF27CC,49,69.85,住家用,Ｒ．Ｃ造,66年2月14日,四層,,
RPUQMLSLNHLGFHF47CC,29,2.37,共有部分,鋼筋混凝土造,86年11月4日,二十五層,,
RPOOMLSLNHLGFIF76CC,20,133.53,住家用,鋼筋混凝土造,95年11月1日,十九層,,
RPOOMLSLNHLGFIF76CC,20,23.11,共有部分,鋼筋混凝土造,95年11月1日,十九層,,
RPOOMLSLNHLGFIF76CC,20,35.29,共有部分,鋼筋混凝土造,95年11月1日,十九層,,
RPRNMLSLNHLGFIF96CC,30,77.52,住家用,鋼筋混凝土造,85年2月15日,十三層,,
RPRNMLSLNHLGFIF96CC,30,18.01,樓梯間、防空避難室、屋頂突出物,鋼筋混凝土造,85年2月15日,十四層,,
RPTNMLSLNHLGFIF17CC,44,155.92,住家用,鋼筋混凝土造,71年3月15日,五層,,
RPTNMLSLNHLGFIF17CC,44,1.62,共有部分,鋼筋混凝土造,71年3月15日,五層,,
RPVNMLSLNHLGFIF37CC,7,69.57,集合住宅,鋼筋混凝土造,108年6月4日,十四層,,
RPVNMLSLNHLGFIF37CC,7,31.60,本共有部分之項目有：防空避難室兼停車空間、梯廳、水箱、管道間、樓梯、污水機房、停車空間、景觀機房、電信室、垃圾集中貯存室、垃圾車專用車位、機車停車空間、台電配電場所、緊急發電機室、機房（景觀水池）、管委會使用空間、無障礙廁所、車道、儲藏室、入口大廳、通廊、消防水箱、樓梯間、民生水箱、機械室、消防泵浦室、垃圾貯存室等二十七項。,鋼筋混凝土造,108年6月4日,十四層,,
RPWNMLSLNHLGFIF47CC,30,82.91,住家用,鋼筋混凝土造,85年2月15日,十四層,,
RPWNMLSLNHLGFIF47CC,30,19.32,樓梯間、防空避難室、屋頂突出物,鋼筋混凝土造,85年2月15日,十四層,,
RPTOMLSLNHLGFIF27CC,30,79.40,住家用,鋼筋混凝土造,84年12月15日,七層,,
RPPNMLTLNHLGFAF68CC,32,82.84,住家用,鋼筋混凝土造,82年12月30日,六層,,
RPTOMLSLNHLGFIF27CC,30,9.73,公共設施﹕防空避難室、屋頂突出物、一樓樓梯間、停車空間,鋼筋混凝土造,84年12月15日,七層,,
RPPNMLTLNHLGFAF68CC,32,17.38,共有部分,鋼筋混凝土造,82年12月30日,六層,,
RPSNMLTLNHLGFAF98CC,,41.60,住家用,加強磚造,,三層,,
RPPOMLSLNHLGFIF86CC,7,81.55,集合住宅,鋼筋混凝土造,108年7月25日,七層,,
RPPOMLSLNHLGFIF86CC,7,37.38,本共有部分之項目有：安全梯（無障礙樓梯）、無障礙電梯、門廳、騎樓、雨遮、發電機室、台電配電場所、防空避難室、水箱、消防幫浦室、消防水池、消防不鏽鋼水箱、機械室、污水處理槽及機房（供電信使用）等１５項。,鋼筋混凝土造,108年7月25日,七層,,
RPXNMLSLNHLGFIF57CC,48,68.29,住家用,鋼筋混凝土造,67年9月23日,四層,,
RPXNMLTLNHLGFAF86CC,44,102.48,住家用,鋼筋混凝土造,70年12月1日,五層,,
RPWNMLTLNHLGFAF76CC,,63.08,住家用,加強磚造,,四層,,
RPOOMLTLNHLGFAF68CC,,16.64,住家用,加強磚造,,三層,,
RPTNMLTLNHLGFAF09CC,,114.23,商業用,鋼筋混凝土造,,五層,,
RPTNMLTLNHLGFAF09CC,,114.23,住家用,鋼筋混凝土造,,五層,,
RPXOMLTLNHLGFAF96CC,26,70.68,辦公室,鋼筋混凝土造,89年3月14日,九層,,
RPXOMLTLNHLGFAF96CC,26,4.02,共有部分,鋼筋混凝土造,89年3月14日,九層,,
RPXOMLTLNHLGFAF96CC,26,11.96,電樓梯間、梯間、機械房、水箱、騎樓,鋼筋混凝土造,89年3月14日,九層,,
RPVOMLTLNHLGFAF76CC,2,88.21,集合住宅,鋼筋混凝土造,113年2月6日,十二層,,
RPVOMLTLNHLGFAF76CC,2,81.83,共有部分；本共有部分之項目有：一般升降梯、無障礙升降梯、梯廳、安全梯、無障礙安全梯、管委會使用空間、無障礙廁所、儲藏室、陽台、車道截水溝、汽車車道、消防水箱、水箱、電梯機房、垃圾儲藏室、電信機房、垃圾車位、台電配電場所、防空避難室兼停車空間、汽機車車道、停車空間、消防機房、發電機房、雨水機房、汽機車道等２５項,鋼筋混凝土造,113年2月6日,十二層,,
RPOPMLTLNHLGFAF78CC,29,35.64,一般事務所,鋼筋混凝土造,86年11月21日,十一層,,
RPUNMLTLNHLGFAF56CC,,23.00,住家用,鋼筋混凝土造,,五層,,
RPOPMLTLNHLGFAF78CC,29,6.21,共有部分,鋼筋混凝土造,86年11月21日,十一層,,
RPTOMLTLNHLGFAF56CC,47,81.81,住家用,鋼筋混凝土造,68年2月9日,五層,,
RPOPMLTLNHLGFAF78CC,29,.54,共有部分,鋼筋混凝土造,86年11月21日,十一層,,
RPOPMLTLNHLGFAF78CC,29,12.08,共有部分,鋼筋混凝土造,86年11月21日,十一層,,
RPQOMLTLNHLGFAF88CC,,41.60,住家用,加強磚造,,三層,,
RPUOMLTLNHLGFAF66CC,47,15.58,住家用,鋼筋混凝土造,68年5月9日,五層,,
RPWOMLTLNHLGFAF86CC,2,88.21,集合住宅,鋼筋混凝土造,113年2月6日,十二層,,
RPWOMLTLNHLGFAF86CC,2,81.83,共有部分；本共有部分之項目有：一般升降梯、無障礙升降梯、梯廳、安全梯、無障礙安全梯、管委會使用空間、無障礙廁所、儲藏室、陽台、車道截水溝、汽車車道、消防水箱、水箱、電梯機房、垃圾儲藏室、電信機房、垃圾車位、台電配電場所、防空避難室兼停車空間、汽機車車道、停車空間、消防機房、發電機房、雨水機房、汽機車道等２５項,鋼筋混凝土造,113年2月6日,十二層,,
RPWNMLTLNHLGFBF86CC,46,84.78,住家用,鋼筋混凝土造,68年12月24日,四層,,
RPTOMLTLNHLGFBF66CC,4,49.77,集合住宅,鋼骨鋼筋混凝土造,111年7月21日,二十五層,,
RPTOMLTLNHLGFBF66CC,4,.54,本共有部分之項目有社區公益設施、直通樓梯、梯廳、行動不便者使用昇降機、雨遮等５項。,鋼骨鋼筋混凝土造,111年7月21日,二十五層,,
RPTOMLTLNHLGFBF66CC,4,36.92,本共有部分之項目有梯廳、樓梯間、排煙室、行動不便者使用緊急昇降機、行動不便者使用緊急用昇降機、行動不便者使用昇降機、無障礙特別安全梯、獎勵機車道、法車機車道、汽車道、機房、管委會空間（１）、管委會空間（１）管理員室、管委會空間（２）、管委會空間（３）、男化妝室、女化妝室、門廳、防災中心、走廊、基地內通路、廚餘回收室、機械室、資源回收室、幫浦室、進氣口、排氣口、機車道、垃圾車暫時停車位、防空避難室兼停車空間、消防泵浦室、無償捐贈市民活動中心停車位、緊急用發電機室、台電配電場所、電錶室、水箱、車道、中繼水箱、電信室、停車空間、通風機房、安全梯、陽台、雨遮等４４項。,鋼骨鋼筋混凝土造,111年7月21日,二十五層,,
RPTOMLTLNHLGFBF66CC,4,14.04,本共有部分之項目有梯廳、排煙室、無障礙特別安全梯、特別安全梯、行動不便者使用緊急用昇降機、梯廳（兼排煙室）、信箱區、排煙室兼梯廳、樓梯間兼排煙室、消防中繼水箱、機械室、機械室（消防幫浦室）、中水回收水箱非固定式不鏽鋼水塔、水箱、安全梯、緊急用昇降機、陽台、雨遮等１８項。,鋼骨鋼筋混凝土造,111年7月21日,二十五層,,
RPOOMLTLNHLGFBF78CC,5,59.14,一般事務所,鋼筋混凝土造,110年9月16日,十九層,,
RPVOMLTLNHLGFBF86CC,33,56.18,住家用,鋼筋混凝土造,82年8月5日,七層,,
RPOOMLTLNHLGFBF78CC,5,217.75,本共有部分之項目有梯廳、排煙室、緩衝空間、防災中心、車道、茶水間、管委會使用空間、公共廁所、停車空間兼防空避難室、發電機室、電錶室、管理室、垃圾儲藏室、台電配電室、梯間、停車空間、電信室、機房、水箱、消防泵浦室、水錶室、消防中繼、消防水箱、機械室、陽台、雨遮等２６項。,鋼筋混凝土造,110年9月16日,十九層,,
RPVOMLTLNHLGFBF86CC,33,5.86,共有部分,鋼筋混凝土造,82年10月2日,八層,,
RPVOMLTLNHLGFBF86CC,33,11.03,共有部分,鋼筋混凝土造,82年8月9日,七層,,
RPOPMLTLNHLGFBF88CC,20,132.05,住家用,鋼筋混凝土造,95年9月21日,八層,,
RPOPMLTLNHLGFBF88CC,20,23.01,共有部分,鋼筋混凝土造,95年9月21日,八層,,
RPOPMLTLNHLGFBF88CC,20,40.22,共有部分,鋼筋混凝土造,95年9月21日,八層,,
RPSNMLTLNHLGFBF09CC,6,50.28,集合住宅,鋼筋混凝土造,109年6月10日,十三層,,
RPSNMLTLNHLGFBF09CC,6,66.51,本共有部分項目有公共服務空間、陽台、樓電梯間、走道、無障礙廁所、管委會使用空間、梯廳、管理員室、走道兼梯廳、樓梯間、水表區、水箱、電梯機房、停車空間、台電配電場所、緊急發電機室、垃圾處理室、垃圾車暫停車位、機車停車空間、電信室、無障礙車位、消防泵浦室等２２項。,鋼筋混凝土造,109年6月10日,十三層,,
RPXNMLTLNHLGFBF96CC,41,74.21,住家用,鋼筋混凝土造,74年1月24日,四層,,
RPXNMLTLNHLGFBF96CC,41,7.87,共有部分,鋼筋混凝土造,74年1月24日,四層,,
RPXPMLTLNHLGFBF17CC,1,89.19,集合住宅,鋼筋混凝土造,113年11月27日,十五層,,
RPXPMLTLNHLGFBF17CC,1,67.43,本共有部分之項目有：管委會空間、無障礙廁所、中控室、排煙室、無障礙樓梯、戶外安全梯、戶外無障礙樓梯、梯廳、梯間、機房、安全梯、水箱、機械室、停車空間、電錶區、受電箱、台電配電場所、電信機房、蓄水池、發電機房、垃圾儲藏室、消防機房等２２項。,鋼筋混凝土造,113年11月27日,十五層,,
RPUOMLTLNHLGFBF76CC,24,103.93,集合住宅,鋼筋混凝土造,91年7月28日,十二層,,
RPUOMLTLNHLGFBF76CC,24,70.97,共有部分,鋼筋混凝土造,91年7月28日,十二層,,
RPTNMLTLNHLGFBF56CC,18,26.89,住家用,鋼筋混凝土造,97年4月18日,十四層,,
RPTNMLTLNHLGFBF56CC,18,4.44,共有部分,鋼筋混凝土造,97年4月18日,十四層,,
RPPOMLTLNHLGFBF88CC,11,73.70,集合住宅,鋼筋混凝土造,104年8月20日,十五層,,
RPTNMLTLNHLGFBF56CC,18,3.82,共有部分,鋼筋混凝土造,97年4月18日,十四層,,
RPPOMLTLNHLGFBF88CC,11,16.10,本共有部分之項目有排煙室〈梯廳〉，供行動不便者使用電梯，緊急昇降機，梯廳，Ａ１梯戶外安全梯，Ａ２梯戶外安全梯，Ａ３梯戶外安全梯，Ａ４梯戶外安全梯，機械室，水箱，等１０項。,鋼筋混凝土造,104年8月20日,十五層,,
RPTNMLTLNHLGFBF56CC,18,3.55,共有部分,鋼筋混凝土造,97年4月18日,十四層,,
RPTNMLTLNHLGFBF56CC,18,4.16,共有部分,鋼筋混凝土造,97年4月18日,十四層,,
RPPOMLTLNHLGFBF88CC,11,42.24,本共有部分之項目有公共服務空間一，公共服務空間二，供行動不便者使用電梯，緊急昇降機，梯廳，排煙室，Ａ１梯戶外安全梯，Ａ２梯戶外安全梯，Ａ３梯戶外安全梯，Ａ４梯戶外安全梯，Ｂ１梯戶外安全梯，Ｂ２梯戶外安全梯，閱讀區，自行車車位，地下排風，受電箱室，台電配電場所，電錶室，台電管道間，停車空間，機車車道，汽車道，管委會空間，電信機房，Ａ１棟水箱，Ａ２棟水箱，發電機房，油箱，發電進風，發電排風，排煙室排風機，垃圾儲藏室，Ｂ棟水箱，消防泵浦室，排煙室Ａ１，排煙室Ａ２等３６項,鋼筋混凝土造,104年8月20日,十五層,,
RPUPMLTLNHLGFBF86CC,4,66.36,集合住宅,鋼筋混凝土造,111年1月25日,七層,,
RPUPMLTLNHLGFBF86CC,4,61.26,本共有部分項目計有：無障礙升降機、一般安全梯、無障礙樓梯、戶外安全梯、緊急升降機、管委會使用空間、機車車道、排煙室、公服空間、梯廳、無障礙廁所、台電配電場所、汽車車道、電信機房、垃圾車暫停車位、垃圾儲藏室、裝卸車位、停車空間、受電箱、水箱、緊急發電機房、消防機房、梯間、電梯機房、管委會空間等共計２５項。,鋼筋混凝土造,111年1月25日,十五層,,
RPPNMLTLNHLGFCF88CC,39,64.55,住家用,鋼筋混凝土造,76年3月25日,五層,,
RPVPMLTLNHLGFBF96CC,30,26.76,住家用,鋼筋混凝土造,85年7月15日,九層,,
RPVPMLTLNHLGFBF96CC,30,1.98,共有部分,鋼筋混凝土造,85年7月15日,九層,,
RPVPMLTLNHLGFBF96CC,30,1.66,共有部分,鋼筋混凝土造,85年7月15日,九層,,
RPRPMLTLNHLGFBF56CC,1,60.20,集合住宅,鋼筋混凝土造,114年8月22日,十五層,,
RPRPMLTLNHLGFBF56CC,1,70.57,本共有部分之項目有梯廳兼門廳、排煙室、公共服務空間１（文教）、公共服務空間２（集會）、公共服務空間３（交誼）、梯廳、管委會使用空間１、管委會使用空間２、管委會使用空間３、管委會使用空間４、樓梯間、水表機房、電梯機房、水箱、停車空間、垃圾處理室、台電配電場所、電錶室、行動不便安全梯、緊急發電機室、機房、電信機房、停車空間兼防空避難室、水箱甲、消防泵浦室、陽台等２６項,鋼筋混凝土造,114年8月22日,十五層,,
RPQNMLTLNHLGFCF98CC,22,128.69,辦公室,鋼筋混凝土造,93年10月29日,十九層,,
RPQNMLTLNHLGFCF98CC,22,28.04,共有部分,鋼筋混凝土造,93年10月29日,十九層,,
RPQNMLTLNHLGFCF98CC,22,30.30,共有部分,鋼筋混凝土造,93年10月29日,十九層,,
RPQNMLTLNHLGFCF98CC,22,21.28,防空避難室兼停車空間,鋼筋混凝土造,93年10月29日,十九層,,
RPPNMLTLNHLGFDF98CC,30,70.91,住家用,鋼筋混凝土造,85年10月29日,十七層,,
RPPNMLTLNHLGFDF98CC,30,20.93,社區活動中心、門廳、樓電梯間、機房、管理員室、電信受信室、台電受電室、水箱、發電機室等,鋼筋混凝土造,85年10月29日,十七層,,
RPSNMLTLNHLGFCF56CC,30,59.86,住家用,鋼筋混凝土造,85年7月10日,十三層,,
RPSNMLTLNHLGFCF56CC,30,16.59,共有部分,鋼筋混凝土造,85年7月10日,十四層,,
RPSNMLTLNHLGFCF56CC,30,35.29,共有部分,鋼筋混凝土造,85年7月10日,十四層,,
RPWNMLTLNHLGFDF07CC,33,77.81,住家用,鋼筋混凝土造,81年12月29日,七層,,
RPWNMLTLNHLGFDF07CC,33,25.53,共有部分,鋼筋混凝土造,81年12月29日,七層,,
RPRNMLTLNHLGFDF56CC,18,62.79,商業用,鋼筋混凝土造,97年7月22日,十四層,,
RPRNMLTLNHLGFDF56CC,18,12.73,共有部分,鋼筋混凝土造,97年7月22日,十四層,,
RPRNMLTLNHLGFDF56CC,18,6.21,共有部分,鋼筋混凝土造,97年7月22日,十四層,,
RPRNMLTLNHLGFDF56CC,18,14.83,共有部分,鋼筋混凝土造,97年7月22日,十四層,,
RPTNMLTLNHLGFDF76CC,28,112.68,住家用,鋼骨鋼筋混凝土造,87年9月21日,十八層,,
RPTNMLTLNHLGFDF76CC,28,20.03,共有部分,鋼骨鋼筋混凝土造,87年9月21日,十八層,,
RPTNMLTLNHLGFDF76CC,28,24.56,防空避難室兼停車空間、停車空間,鋼骨鋼筋混凝土造,87年9月21日,十八層,,
RPTNMLTLNHLGFEF86CC,9,55.93,住家用,鋼筋混凝土造,106年2月16日,十四層,,
RPTNMLTLNHLGFEF86CC,9,14.48,本共有部分項目有：車道、梯廳、樓梯間、機械室、水箱、管理委員會使用空間等６項,鋼筋混凝土造,106年2月16日,十四層,,
RPTNMLTLNHLGFEF86CC,9,10.81,本共有部分項目有：防空避難室兼停車空間、梯廳、台電配電場所、緊急發電機室、垃圾車位、安全梯、廢棄物處理室、電錶、機車停車空間、停車空間、電信機房、水箱、消防機房等１３項,鋼筋混凝土造,106年2月16日,十四層,,
RPXNMLTLNHLGFEF27CC,31,25.50,住家用,鋼筋混凝土造,84年10月5日,十三層,,
RPWNMLTLNHLGFEF17CC,8,61.74,住家用,鋼筋混凝土造,107年5月25日,二十九層,,
RPXNMLTLNHLGFEF27CC,31,2.44,共有部分,鋼筋混凝土造,84年10月5日,十四層,,
RPWNMLTLNHLGFEF17CC,8,31.09,本共有部分之項目有：梯廳、排煙室、樓電梯間、騎樓、管委會使用空間、人行通廊、頂蓋式通廊、走道、防災中心、游泳池機房、陽台、男女更衣室、ＳＰＡ池區、機械室、消防中繼機械房、樓梯間、水箱、中繼消防水箱、泵浦區、台電配電室、受電箱通道、電錶區、昇降機坑、緊急發電機室、垃圾儲藏室、儲油室、停車空間、台電通道、汙排水轉、消防中繼機房、電錶室、變電室、電信室、機房、泳池專用水箱、游泳池揚水泵浦機房、排風機房、消防中繼水箱、防空避難室兼停車空間、雨水過濾機房、消防幫浦室等４１項,鋼筋混凝土造,107年5月25日,二十九層,,
RPUNMLTLNHLGFEF96CC,19,27.56,住家用,鋼筋混凝土造,96年10月26日,十四層,,
RPPOMLTLNHLGFEF56CC,36,29.80,住家用,鋼筋混凝土造,79年8月28日,十四層,,
RPUNMLTLNHLGFEF96CC,19,1.66,共有部分,鋼筋混凝土造,96年10月26日,十四層,,
RPPOMLTLNHLGFEF56CC,36,13.28,共有部分,鋼筋混凝土造,79年8月28日,十四層,,
RPUNMLTLNHLGFEF96CC,19,2.94,共有部分,鋼筋混凝土造,96年10月26日,十四層,,
RPUNMLTLNHLGFEF96CC,19,.03,共有部分,鋼筋混凝土造,96年10月26日,十四層,,
RPUNMLTLNHLGFEF96CC,19,9.79,共有部分,鋼筋混凝土造,96年10月26日,十四層,,
RPWOMLTLNHLGFEF27CC,7,73.48,住家用,鋼筋混凝土造,108年3月6日,二十三層,,
RPWOMLTLNHLGFEF27CC,7,32.66,本共有部分之項目有管委會使用空間、梯廳、中繼機房、自來水箱、電梯機房、樓梯間、緊急昇降機間、排煙室、消防水箱、特別安全梯、停車空間、安全梯、陽台、緊急昇降機、無障礙兼緊急昇降機、公共台電配電室、台電配電室、安全梯間、電氣機房、機房、垃圾儲藏空間、垃圾車停車位、緊急發電機室、大公共棟緊急發電機室、水箱、管道間、昇降機間、電信機房、消防泵浦室、戶外安全梯、昇降機、無障礙昇降機、無障礙樓梯間、防空避難室兼停車空間、溫泉水箱、汙水機房、昇降機無障礙、防災中心、裝卸車位、水表室、受水池等４１項,鋼筋混凝土造,108年3月6日,二十三層,,
RPXOMLTLNHLGFEF37CC,3,67.85,集合住宅,鋼筋混凝土造,112年7月27日,二十二層,,
RPXOMLTLNHLGFEF37CC,3,22.07,本案共有部分項目有：排煙室、梯廳、Ｆ排煙室、Ｆ１水箱、Ｆ２水箱、機房、梯間、噴灌機房、消防中繼機械室、電梯機房、水箱、消防水箱等１２項,鋼筋混凝土造,112年7月27日,二十二層,,
RPXOMLTLNHLGFEF37CC,3,.58,本案共有部分項目有：共同梯廳、走廊等２項,鋼筋混凝土造,112年7月27日,二十二層,,
RPXOMLTLNHLGFEF37CC,3,12.61,本案共有部分項目有：騎樓、Ｋ１通廊、迴廊、Ａ１通廊、門廳（一）、防災中心、門廳（二）、Ｅ１通廊、Ｆ１通廊、Ｇ１通廊、Ｈ１通廊、Ｉ１管委會使用空間、Ｂ１管委會使用空間、Ｌ１管委會使用空間、Ａ１管委會使用空間、儲藏室、Ｋ２管委會使用空間、Ｋ１管委會使用空間、通廊、陽台、空調機房、Ｈ１管委會使用空間、Ｈ２管委會使用空間、Ｇ１管委會使用空間、Ｆ３管委會使用空間、Ｆ１管委會使用空間、Ｆ２管委會使用空間、Ｅ１管委會使用空間、Ｅ２管委會使用空間、Ｃ１管委會使用空間、台電配電場所、停車空間、發電機室、梯間、垃圾儲藏室－０１、垃圾儲藏室－０２、受水池、機房、中繼水箱、電信室、防空避難室兼停車空間、雨水回收機房、消防機房、景觀機房等４４項,鋼筋混凝土造,112年7月29日,二十三層,,
RPRPMLTLNHLGFEF86CC,1,118.57,集合住宅,鋼筋混凝土造,114年10月15日,五層,,
RPSPMLTLNHLGFEF96CC,8,83.08,住家用,鋼筋混凝土造,106年12月29日,二十七層,,
RPQPMLTLNHLGFEF76CC,12,113.67,住家用,鋼筋混凝土造,103年11月26日,十五層,,
RPRPMLTLNHLGFEF86CC,1,20.42,本共有部分之項目有：梯廳、安全梯、電信室、水箱、樓梯間等５項,鋼筋混凝土造,114年10月15日,五層,,
RPQPMLTLNHLGFEF76CC,12,25.57,本共有部分項目有：梯廳、樓梯間、電梯間、電梯機房、水箱、雨遮、梯間等７項,鋼筋混凝土造,103年11月26日,十五層,,
RPSPMLTLNHLGFEF96CC,8,69.40,本共有部分項目：騎樓、接待大廳、梯廳、管委會使用空間、排煙室、陽台、緩衝空間６＊１２、人行通廊、走道、防災中心、商業管委會使用空間、女廁、男廁、男按摩池、女按摩池、男更衣室、女更衣室、樓梯間、機房、機械室、水箱、中繼消防水箱、泵浦區、中繼消防機房、Ｂ梯廳排煙室、Ｂ棟電錶室、昇降機坑、排風機房、電信室（Ａ）、台電配電室（Ｄ）、受電箱通道、Ｈ梯廳排煙室、Ｈ棟電錶室、停車空間、Ｉ棟電錶室、Ｉ梯廳排煙室、電信室（Ｂ）、儲油室、緊急發電機室（Ｂ）（兼大公變電室）、台電配電室（Ｃ）、Ｆ棟電錶室、Ｆ梯廳排煙室、消防中繼水箱、消防中繼機房（兼揚水泵浦機房）、游泳池專用水箱－１、游泳池專用水箱－２、Ｅ梯廳排煙室、Ｅ棟電錶室、Ａ梯廳排煙室、Ａ棟電錶室、緊急發電機室（Ａ）（兼大公變電室）、垃圾儲藏室、游泳池機房、車道、防空避難室兼停車空間、排風管道、進風管道、Ｃ梯廳排煙室、Ｃ棟電錶室、台電配電室（Ｂ）、Ｄ梯廳排煙室、Ｄ棟電錶室、Ａ棟小公變電室、Ｈ棟小公變電室、Ｉ棟小公變電室、Ｅ棟水箱－１、Ｅ棟小公變電室、Ｄ棟水箱－１、Ｃ棟小公變電室、Ｄ棟小公變電室、Ｂ棟小公變電室、Ｅ棟水箱－２、Ｄ棟水箱－２、Ｆ棟小公變電室、Ａ棟水箱、Ｂ棟水箱、共同泵浦區、Ｈ棟水箱、Ｉ棟水箱、消防泵浦室、雨水過濾機房、Ｆ棟水箱、Ｃ棟水箱、住宅臨停車位１～５４、商業臨停車位１～２０、裝卸車位１～３、＃３、＃６、＃９、＃１２、＃１５、＃１８、＃２１、＃２４緊急昇降機（行動不便者電梯）、安全梯（Ｃ）、安全梯（Ｂ）、垃圾車位、機車停車空間、安全梯（Ａ）、特別安全梯（Ａ）、特別安全梯（Ｂ）、ａ梯、ｂ梯、ｃ梯、台電配電室（Ａ）、＃２５昇降機、＃２６昇降機等１０７項。,鋼筋混凝土造,106年12月29日,二十七層,,
RPQPMLTLNHLGFEF76CC,12,8.55,本共有部分項目有：管委會使用空間、陽台、梯廳、室外通路、基地內通路穿廊、騎樓、台電配電室、發電機室、電錶室、電信室、垃圾貯存室、機械室、水箱、機械空間、消防泵浦室、管委會使用空間（外廊）、管委會使用空間（健身中心）等１７項,鋼筋混凝土造,103年11月26日,十五層,,
RPQPMLTLNHLGFEF76CC,12,13.60,本共有部分項目有：防空避難室兼停車空間、停車空間等２項,鋼筋混凝土造,103年11月26日,十五層,,
RPPPMLTLNHLGFEF66CC,1,73.27,集合住宅,鋼筋混凝土造,114年3月14日,二十三層,,
RPPPMLTLNHLGFEF66CC,1,65.66,本共有部分之項目有：梯廳、公共儲藏室、自行車停車位、受電箱室、緊急發電機室、台電配電室、機房、水箱、總受水箱、溫泉水箱、進氣機房、排氣機房、消防泵浦室、雨水過濾機房、電梯機房、昇降機、機械房、管委會空間、無障礙安全梯、機電設備空間、緊急升降梯無障礙電梯、引導設施、管委會使用空間、排煙室、消防水箱、特別安全梯、無障礙特別安全梯、垃圾儲藏空間、廁所、垃圾車停車位、水池、中繼消防機房、高層建築出入口緩衝空間、防災中心、陽台、安全梯、公共緊急發電機室、觀景池機房、電氣室、公共台電配電室、無障礙昇降梯、電信機房、女廁、男廁、汽車坡道等４５項,鋼筋混凝土構造、鋼構造,114年3月14日,二十三層,,
RPWPMLTLNHLGFEF37CC,8,60.16,住家用,鋼筋混凝土造,106年12月29日,二十六層,,
RPWPMLTLNHLGFEF37CC,8,27.89,本共有部分項目：騎樓、接待大廳、梯廳、管委會使用空間、排煙室、陽台、緩衝空間６＊１２、人行通廊、走道、防災中心、商業管委會使用空間、女廁、男廁、男按摩池、女按摩池、男更衣室、女更衣室、樓梯間、機房、機械室、水箱、中繼消防水箱、泵浦區、中繼消防機房、Ｂ梯廳排煙室、Ｂ棟電錶室、昇降機坑、排風機房、電信室（Ａ）、台電配電室（Ｄ）、受電箱通道、Ｈ梯廳排煙室、Ｈ棟電錶室、停車空間、Ｉ棟電錶室、Ｉ梯廳排煙室、電信室（Ｂ）、儲油室、緊急發電機室（Ｂ）（兼大公變電室）、台電配電室（Ｃ）、Ｆ棟電錶室、Ｆ梯廳排煙室、消防中繼水箱、消防中繼機房（兼揚水泵浦機房）、游泳池專用水箱－１、游泳池專用水箱－２、Ｅ梯廳排煙室、Ｅ棟電錶室、Ａ梯廳排煙室、Ａ棟電錶室、緊急發電機室（Ａ）（兼大公變電室）、垃圾儲藏室、游泳池機房、車道、防空避難室兼停車空間、排風管道、進風管道、Ｃ梯廳排煙室、Ｃ棟電錶室、台電配電室（Ｂ）、Ｄ梯廳排煙室、Ｄ棟電錶室、Ａ棟小公變電室、Ｈ棟小公變電室、Ｉ棟小公變電室、Ｅ棟水箱－１、Ｅ棟小公變電室、Ｄ棟水箱－１、Ｃ棟小公變電室、Ｄ棟小公變電室、Ｂ棟小公變電室、Ｅ棟水箱－２、Ｄ棟水箱－２、Ｆ棟小公變電室、Ａ棟水箱、Ｂ棟水箱、共同泵浦區、Ｈ棟水箱、Ｉ棟水箱、消防泵浦室、雨水過濾機房、Ｆ棟水箱、Ｃ棟水箱、住宅臨停車位１～５４、商業臨停車位１～２０、裝卸車位１～３、＃３、＃６、＃９、＃１２、＃１５、＃１８、＃２１、＃２４緊急昇降機（行動不便者電梯）、安全梯（Ｃ）、安全梯（Ｂ）、垃圾車位、機車停車空間、安全梯（Ａ）、特別安全梯（Ａ）、特別安全梯（Ｂ）、ａ梯、ｂ梯、ｃ梯、台電配電室（Ａ）、＃２５昇降機、＃２６昇降機等１０７項。,鋼筋混凝土造,106年12月29日,二十七層,,
RPXPMLTLNHLGFEF47CC,29,219.24,廠房,鋼筋混凝土造,86年4月30日,二十一層,,
RPXPMLTLNHLGFEF47CC,29,30.96,共有部分,鋼筋混凝土造,86年4月30日,二十一層,,
RPQQMLTLNHLGFEF86CC,36,67.90,住家用,鋼筋混凝土造,79年6月13日,五層,,
RPQQMLTLNHLGFEF86CC,46,67.90,住家用,鋼筋混凝土造,69年6月13日,五層,,
RPTPMLTLNHLGFEF07CC,19,86.10,住家用,鋼筋混凝土造,96年10月5日,十三層,,
RPTPMLTLNHLGFEF07CC,19,14.75,共有部分,鋼筋混凝土造,96年10月5日,十三層,,
RPTPMLTLNHLGFEF07CC,19,7.90,共有部分,鋼筋混凝土造,96年10月5日,十三層,,
RPTPMLTLNHLGFEF07CC,19,34.33,共有部分,鋼筋混凝土造,96年10月5日,十三層,,
RPPQMLTLNHLGFEF76CC,15,110.78,住家用,鋼筋混凝土造,100年2月14日,二十層,,
RPPQMLTLNHLGFEF76CC,15,46.82,本共有部分之項目有公共服務空間、梯廳兼走道、防災中心、特別安全梯、撒水消防、排煙室、電氣管道、中繼水箱、自來水箱、蓄水池、Ａ單元電氣機房、消防水箱、水錶室、陽台、機車停車空間、社區活動空間、中繼機房、電梯間、樓梯間、Ｅ，Ｆ單元電氣機房、門廊、電梯機房、台電配電室、垃圾儲藏空間、管委會空間、別墅水箱、給水泵浦空間、水箱、緊急發電機房、電信機房、消防專用水箱、進氣機房、排氣機房、Ａ棟水箱、Ｂ棟水箱、Ｃ棟水箱、Ｄ棟水箱、Ｅ棟水箱、Ｆ棟水箱、Ｂ，Ｃ，Ｄ單元電氣機房、停車空間、梯廳、消防、排煙、進風、走道、防空避難室兼停車空間及揚水泵浦空間等４８項,鋼筋混凝土造,100年2月14日,二十二層,,
RPVQMLTLNHLGFEF37CC,14,24.86,住家用,鋼筋混凝土造,101年8月24日,九層,,
RPSQMLTLNHLGFEF07CC,26,103.36,住家用,鋼筋混凝土造,89年6月16日,十二層,,
RPVQMLTLNHLGFEF37CC,14,10.68,本案共有部分項目有管委會辦公室、警衛室、茶水間、樓電梯間、梯廳、陽台、雨遮、閱覽室（供社區使用）、台電配電室、受電箱、污水機房、電信機房、消防機房、發電機房、防空避難室兼停車空間、機車停車場、機坑、垃圾暫存空間、垃圾車暫停位置、蓄水池、消防水池、機房、水箱等２３項,鋼筋混凝土造,101年8月24日,九層,,
RPSQMLTLNHLGFEF07CC,26,33.89,共有部分,鋼筋混凝土造,89年6月16日,十三層,,
RPSQMLTLNHLGFEF07CC,26,42.91,共有部分,鋼筋混凝土造,89年6月16日,十三層,,
RPWQMLTLNHLGFEF47CC,8,46.27,住家用,鋼筋混凝土造,106年11月28日,十三層,,
RPWQMLTLNHLGFEF47CC,8,25.04,本共有部分之項目有騎樓、頂蓋（一）、頂蓋（二）、頂蓋（三）、頂蓋（四）、頂蓋（五）、梯廳、無障礙電梯、緊急用昇降機、門廳、雨遮、管委會使用空間、防災中心、排風機房、進風機房、機房、機械室、電信機房、台電配電室、受電室、管道間、裝卸位、垃圾暫存室、緊急發電機室、垃圾專用停車位、無障礙樓梯、無障礙停車位、蓄水池、泵浦區、消防泵浦室、消防中繼水箱、樓梯間、排煙室、消防專用水箱、水箱、自來水箱、電梯機房等３７項,鋼筋混凝土造,106年11月28日,十九層,,
RPWQMLTLNHLGFEF47CC,8,6.24,本共有部分之項目有水電維修通道、機車停車空間等２項,鋼筋混凝土造,106年11月28日,十九層,,
RPWQMLTLNHLGFEF47CC,8,34.83,本共有部分之項目有防空避難室兼停車空間、停車空間、排風機房、雨水回收機房、機械室等５項,鋼筋混凝土造,106年11月28日,十九層,,
RPRNMLTLNHLGFGF86CC,3,81.45,集合住宅,鋼筋混凝土造,112年10月26日,十四層,,
RPRNMLTLNHLGFGF86CC,3,43.59,本共有部分項目有：停車空間、防空避難室兼停車空間、車道、管委會使用空間１、管委會使用空間２、管委會使用空間３、管委會使用空間４、戶外安全梯Ａ１無障礙樓梯、一般昇降機、無障礙昇降機、緊急昇降梯、排煙室、戶外安全梯Ａ２、戶外安全梯Ｂ１無障礙樓梯、戶外安全梯Ｂ２、一般安全梯Ｃ１無障礙樓梯、一般安全梯Ｃ２、陽臺、水箱（一）、水箱（二）、電梯機房、水箱、梯間、梯廳等２４項。,鋼筋混凝土造,112年10月26日,十五層,,
RPQNMLTLNHLGFGF76CC,43,74.09,住家用,鋼筋混凝土造,72年6月13日,五層,,
RPVNMLTLNHLGFGF27CC,44,18.00,住家用,鋼筋混凝土造,71年11月20日,五層,,
RPTNMLTLNHLGFGF07CC,46,47.00,住家用,鋼筋混凝土造,69年3月28日,五層,,
RPSNMLTLNHLGFGF96CC,38,104.70,住家用,鋼筋混凝土造,77年7月4日,五層,,
RPRRMLTLNHLGFBF76CC,50,55.18,住家用,加強磚造,65年6月4日,四層,,
RPQQMLTLNHLGFBF56CC,49,63.11,住家用,加強磚造,65年12月6日,四層,,
RPXQMLTLNHLGFBF27CC,4,63.00,一般零售或服務業,鋼筋混凝土造,111年5月3日,十四層,,
RPXQMLTLNHLGFBF27CC,4,58.08,本共有部分之項目有公共服務空間１（交誼休憩空間）、公共服務空間２（圖書室）、排煙室、管委會使用空間、梯廳、陽台、走道、機房、樓梯間、電梯機房、消防水箱、水箱１、水箱２、發電機房、垃圾儲藏空間、垃圾車暫停車位、停車空間、電信機房、台電配電場所、受電箱、消防機房、機房１、機房２等２３項,鋼筋混凝土造,111年5月3日,十四層,,
RPQRMLTLNHLGFBF66CC,47,78.60,住家用,鋼筋混凝土造,68年10月18日,四層,,
RPWQMLTLNHLGFBF17CC,2,38.78,集合住宅,鋼筋混凝土造,113年9月25日,十二層,,
RPPNMLTLNHLGFGF66CC,52,86.54,住家用,加強磚造,63年10月15日,四層,,
RPWQMLTLNHLGFBF17CC,2,19.14,本共有部分之項目有門廊、管委會空間、儲藏室、無障礙廁所、地下室排氣、Ｂ梯、無障礙昇降機、緊急昇降機、排煙室、排氣、進氣、Ａ梯（無障礙）、門廳、梯廳、Ｂ梯戶外安全梯、Ａ梯戶外安全梯（無障礙）、梯間、水錶室、電梯機房、水箱、停車空間、垃圾車停車區、垃圾貯藏室、發電機房、電信機房、台電配電場所、消防機房、蓄水池Ａ、蓄水池Ｂ等２９項。,鋼筋混凝土造,113年9月25日,十三層,,
RPPQMLTLNHLGFBF09CC,29,66.75,住家用,鋼筋混凝土造,86年3月6日,十層,,
RPPQMLTLNHLGFBF09CC,29,2.75,共有部分,鋼筋混凝土造,86年3月6日,十一層,,
RPWNMLTLNHLGFGF37CC,3,81.45,集合住宅,鋼筋混凝土造,112年10月26日,十四層,,
RPOQMLTLNHLGFBF98CC,11,66.27,集合住宅,鋼筋混凝土造,104年3月5日,十五層,,
RPWNMLTLNHLGFGF37CC,3,43.59,本共有部分項目有：停車空間、防空避難室兼停車空間、車道、管委會使用空間１、管委會使用空間２、管委會使用空間３、管委會使用空間４、戶外安全梯Ａ１無障礙樓梯、一般昇降機、無障礙昇降機、緊急昇降梯、排煙室、戶外安全梯Ａ２、戶外安全梯Ｂ１無障礙樓梯、戶外安全梯Ｂ２、一般安全梯Ｃ１無障礙樓梯、一般安全梯Ｃ２、陽臺、水箱（一）、水箱（二）、電梯機房、水箱、梯間、梯廳等２４項。,鋼筋混凝土造,112年10月26日,十五層,,
RPOQMLTLNHLGFBF98CC,11,46.61,本共有部分之項目有：公共服務空間、自行車空間、停車空間、樓梯間、台電配電場所、電信機房、蓄水池、機房、消防機房、垃圾儲藏空間、垃圾暫停車位、發電機房、地下室排風管道及管道間、發電機進排風等１４項。,鋼筋混凝土造,104年3月5日,十五層,,
RPPQMLTLNHLGFBF09CC,29,32.01,共有部分,鋼筋混凝土造,86年3月6日,十一層,,
RPOQMLTLNHLGFBF98CC,11,13.53,本共有部分之項目有：樓梯間、機械室、水箱等３項。,鋼筋混凝土造,104年3月5日,十五層,,
RPSOMLTLNHLGFGF07CC,46,50.00,住家用,鋼筋混凝土造,69年10月9日,七層,,
RPSOMLTLNHLGFGF07CC,46,2.00,共有部分,鋼筋混凝土造,69年10月9日,七層,,
RPSOMLTLNHLGFGF07CC,46,1.00,共有部分,鋼筋混凝土造,69年10月9日,七層,,
RPSOMLTLNHLGFGF07CC,46,3.00,共有部分,鋼筋混凝土造,69年10月9日,七層,,
RPTOMLTLNHLGFGF17CC,1,70.04,集合住宅,鋼筋混凝土造,114年1月3日,十五層,,
RPTOMLTLNHLGFGF17CC,1,73.08,本共有部分項目有：防空避難室兼停車空間、無障礙梯、梯廳、緊急發電機房、安全梯、電表區、台電配電場所、機房（供電信使用）、消防泵浦室、水箱Ａ、水箱Ｂ、陽臺、管委會使用空間、走道、Ｂ戶外安全梯、緊急升降機、梯廳兼排煙室、無障礙升降機、戶外安全梯、車道、機車停車空間、外廊、機房、停車空間、Ａ戶外安全梯、排煙室、水箱、消防水箱、電梯機房、騎樓等３０項。,鋼筋混凝土造,114年1月3日,十五層,,
RPPNMLTLNHLGFHF76CC,30,99.61,住家用,鋼筋混凝土造,85年7月19日,七層,,
RPPNMLTLNHLGFHF76CC,30,48.85,共有部分,鋼筋混凝土造,85年7月19日,七層,,
RPPNMLTLNHLGFHF76CC,30,9.43,共有部分,鋼筋混凝土造,85年7月19日,七層,,
RPOPMLTLNHLGFGF76CC,30,108.44,住家用,鋼筋混凝土造,85年3月13日,十二層,,
RPOPMLTLNHLGFGF76CC,30,28.30,共有部分,鋼筋混凝土造,85年3月13日,十二層,,
RPOPMLTLNHLGFGF76CC,30,13.99,共有部分,鋼筋混凝土造,85年3月13日,十二層,,
RPRNMLTLNHLGFHF96CC,43,77.49,住家用,鋼筋混凝土造,71年12月31日,五層,,
RPQNMLTLNHLGFHF86CC,3,59.50,集合住宅,鋼筋混凝土構造,111年11月28日,二十四層,,
RPQNMLTLNHLGFHF86CC,3,29.74,本共有部分項目有防災中心、汽車車道、管委會使用空間（一）、管委會使用空間（二）、緩衝空間、陽台、排煙室、梯廳、中繼機房、電梯間、機械室、水箱、消防水箱、機車車道、垃圾貯存室、發電機室、防空避難室兼停車空間、電錶室、台電配電場所、蓄水池、機械室（供電信使用）、蓄水池（Ａ）、蓄水池（Ｂ）、消防泵浦室等２４項,鋼筋混凝土構造,111年11月28日,二十四層,,
RPQNMLTLNHLGFHF86CC,3,39.70,本共有部分項目有防空避難室兼停車空間、停車空間、汽車車道等３項,鋼筋混凝土構造,111年11月28日,二十四層,,
RPPNMLTLNHLGFIF86CC,40,88.13,住家用,鋼筋混凝土造,75年1月10日,八層,,
RPQOMLTLNHLGFHF96CC,32,78.13,工業用,鋼筋混凝土造,83年8月12日,九層,,
RPPNMLTLNHLGFIF86CC,40,27.11,共有部分,鋼筋混凝土造,75年1月10日,八層,,
RPQOMLTLNHLGFHF96CC,32,3.90,共有部分,鋼筋混凝土造,83年8月12日,九層,,
RPPOMLTLNHLGFHF86CC,49,22.42,住商用,鋼筋混凝土造,66年1月29日,四層,,
RPOOMLTLNHLGFHF76CC,41,78.47,住家用,鋼筋混凝土造,74年10月7日,五層,,
RPQNMLTLNHLGFIF96CC,33,138.55,住家用,鋼筋混凝土造,82年8月12日,七層,,
RPQNMLTLNHLGFIF96CC,33,13.32,共有部分,鋼筋混凝土造,82年8月12日,七層,,
RPUNMLTLNHLGFIF37CC,2,52.66,集合住宅,鋼筋混凝土造,113年3月20日,十四層,,
RPUNMLTLNHLGFIF37CC,2,56.92,本共有部分之項目有：停車空間、防空避難室兼停車空間、無障礙昇降機、緊急昇降機、Ａ安全梯（無障礙）、管委會使用空間、Ｂ安全梯、排煙室、消防、進氣、排氣、電信、電氣、給水、進氣機房、地下室進氣管道、消防泵浦室、雨水過濾機房、地下室排氣管道、電機機房、水箱、排水、訪客車位、裝卸．垃圾車位、電表箱、電信機房、發電機進氣管道、發電機排氣管道、垃圾暫存室、台電配電場所、緊急發電機室、電梯機房、甲梯（戶外安全梯）、甲梯、水錶牆、消防不鏽鋼水塔、梯廳、浴廁等３８項。,鋼筋混凝土造,113年3月20日,十四層,,
RPSNMLTLNHLGFIF17CC,32,39.00,住家用,鋼筋混凝土造,83年5月10日,十六層,,
RPRPMLTLNHLGFIF27CC,34,92.60,住家用,鋼筋混凝土造,81年9月29日,八層,,
RPSNMLTLNHLGFIF17CC,32,6.26,公共設施、樓梯間,鋼筋混凝土造,83年5月10日,十六層,,
RPRPMLTLNHLGFIF27CC,34,22.51,樓梯、電梯、走道,鋼筋混凝土造,81年9月29日,七層,,
RPSNMLTLNHLGFIF17CC,32,3.79,共有部分,鋼筋混凝土造,83年5月10日,十六層,,
RPPNMLKMNHLGFEF28CC,30,36.13,住家用,鋼筋混凝土造,85年5月29日,十六層,,
RPPNMLKMNHLGFEF28CC,30,.20,共有部分,鋼筋混凝土造,85年5月28日,七層,,
RPPNMLKMNHLGFEF28CC,30,5.55,共有部分,鋼筋混凝土造,85年5月29日,十六層,,
RPTNMLKMNHLGFEF68CC,7,66.47,集合住宅,鋼筋混凝土造,108年8月22日,二十九層,,
RPTNMLKMNHLGFEF68CC,7,30.64,共有部分，本共有部分之項目有梯廳、排煙室、Ａ棟弱電管道室、ＡＢ棟公共樓梯、Ｄ棟弱電管道室、ＣＤ棟公共樓梯、頂蓋式通廊、防災中心、管委會使用空間、機房、泳池機房、男更衣室、女更衣室、烤箱、蒸氣室、兒童戲水區、長泳區、湯池、看台區、宅配室、儲藏室、電管道室、電錶室、水消撒管道室、水錶室、通道、機械室、消防中繼機房、消防中繼水箱、樓梯間、自來水箱、消防專用屋頂水箱暨中繼水箱、排氣機房、台電配電室、受電箱通道、小公變電室、電信室、消防水箱、緊急發電機房兼大公變電室、電表室、儲油間、排風管道、垃圾儲藏室、排風機房、進氣機房、防空避難室兼停車空間、噴泉池機房、泵浦區、騎樓、陽台、雨遮、游泳池專用水箱、機電設備空間、停車空間、進風機房、Ａ棟水箱、Ｄ棟水箱、雨水過濾機房、Ｂ棟水箱、Ｃ棟水箱、消防泵浦機房等６１項,鋼筋混凝土造,108年8月22日,二十九層,,
RPPNMLKMNHLGFGF48CC,69,20.82,住家用,加強磚造,46年3月10日,三層,,
RPWNMLKMNHLGFEF98CC,47,111.25,商業用,鋼筋混凝土造,68年9月14日,五層,,
RPRNMLKMNHLGFGF68CC,1,92.86,集合住宅,鋼筋混凝土造,114年7月22日,十三層,,
RPRNMLKMNHLGFGF68CC,1,85.35,本共有部分項目有：管委會使用空間（１）、管委會使用空間（２）、行動不便安全梯Ｂ梯、一般昇降機、緊急昇降機、梯廳兼排煙室、梯廳、戶外安全梯Ａ梯、走廊、排煙室、樓梯間、水箱、電梯機房、停車空間、台電配電場所、發電機室、Ｂ梯、電信室、消防泵室等１９項。,鋼筋混凝土造,114年7月22日,十三層,,
RPPNMLKMNHLGFHF58CC,57,73.00,住家用,加強磚造,58年2月10日,二層,,
RPRNMLLMNHLGFDF48CC,31,95.01,住家用,鋼筋混凝土造,84年7月19日,八層,,
RPQNMLKMNHLGFHF68CC,49,20.96,住宅,Ｒ‧Ｃ造,66年3月15日,四層,,
RPRNMLLMNHLGFDF48CC,31,17.22,屋頂突出物、樓梯間、避難室,鋼筋混凝土造,84年7月19日,八層,,
RPPNMLLMNHLGFEF38CC,13,58.90,住家用,鋼筋混凝土造,102年7月12日,十五層,,
RPPNMLLMNHLGFEF38CC,13,11.02,本共有部分之項目有管委會空間（一、二、三、四）、陽台、雨遮、門廳（一、二）、門廊、防空避難室兼停車空間、電梯（Ａ、Ｂ、Ｃ、Ｄ、Ｅ棟）、梯（Ｆ、Ｇ）、發電機室、台電配電室、垃圾儲藏室、臨時停車空間、電信機房、蓄水池（Ａ、Ｂ、Ｃ、Ｄ、Ｅ）、污水機房、消防機房等１６項,鋼筋混凝土造,102年7月12日,十五層,,
RPPNMLLMNHLGFEF38CC,13,14.19,本共有部分之項目有樓電梯間、機械室、水箱、陽台等４項,鋼筋混凝土造,102年7月12日,十五層,,
RPQNMLLMNHLGFEF48CC,46,17.75,住家用,鋼筋混凝土造,69年11月19日,五層,,
RPRNMLLMNHLGFEF58CC,9,43.20,住家用,鋼筋混凝土造,106年10月26日,二十層,,
RPRNMLLMNHLGFEF58CC,9,23.16,本共有部分之項目有梯廳（排煙室）、走廊、廁所（１）、廚房、Ａ３戶商業區停等空間、餐飲場所、廁所（２）、Ｃ１戶商業區停等空間、陽台、梯廳、車道、儲藏室、門廊、廁所、男廁、茶水間、女廁、排煙室、水表區、電錶區、溫泉中繼水箱、中繼水房、中繼水箱、消防中繼水箱、中繼機房（１）、中繼機房（２）、機械房（１）、機械房（２）、機械房（３）、機械房（４）、機械房、水箱、台電配電室（１）、受電室、Ａ棟電錶室、機房、ＳＰＡ池過濾機房、機車停車空間、ＳＰＡ池、浴廁、Ｂ棟電錶室、Ｃ棟電錶室、台電配電室（２）、排風機房、發電機房、電錶室、景觀水池機房、進風機房、Ａ棟垃圾暫存空間、游泳池、機房兼進風機房、停車空間、Ｂ棟垃圾暫存空間、Ｃ棟垃圾暫存空間、過濾機房、垃圾資源回收集中場、垃圾車暫停車位、變電室、防空避難室兼停車空間、電信機房、Ａ棟水箱、Ｂ棟水箱、Ｃ棟水箱、消防機房、泵浦機房、雨水過濾機房、溫泉機房等６６項,鋼筋混凝土造,106年10月26日,二十九層,,
RPSNMLLMNHLGFEF68CC,9,63.91,一般事務所,鋼筋混凝土造,106年10月26日,二十九層,,
RPSNMLLMNHLGFEF68CC,9,34.23,本共有部分之項目有梯廳（排煙室）、走廊、廁所（１）、廚房、Ａ３戶商業區停等空間、餐飲場所、廁所（２）、Ｃ１戶商業區停等空間、陽台、梯廳、車道、儲藏室、門廊、廁所、男廁、茶水間、女廁、排煙室、水表區、電錶區、溫泉中繼水箱、中繼水房、中繼水箱、消防中繼水箱、中繼機房（１）、中繼機房（２）、機械房（１）、機械房（２）、機械房（３）、機械房（４）、機械房、水箱、台電配電室（１）、受電室、Ａ棟電錶室、機房、ＳＰＡ池過濾機房、機車停車空間、ＳＰＡ池、浴廁、Ｂ棟電錶室、Ｃ棟電錶室、台電配電室（２）、排風機房、發電機房、電錶室、景觀水池機房、進風機房、Ａ棟垃圾暫存空間、游泳池、機房兼進風機房、停車空間、Ｂ棟垃圾暫存空間、Ｃ棟垃圾暫存空間、過濾機房、垃圾資源回收集中場、垃圾車暫停車位、變電室、防空避難室兼停車空間、電信機房、Ａ棟水箱、Ｂ棟水箱、Ｃ棟水箱、消防機房、泵浦機房、雨水過濾機房、溫泉機房等６６項,鋼筋混凝土造,106年10月26日,二十九層,,
RPVNMLLMNHLGFEF98CC,13,90.87,住家用,鋼筋混凝土造,102年10月7日,十三層,,
RPVNMLLMNHLGFEF98CC,13,21.98,本共有部分之項目有停車空間、台電配電室、發電機室、電信機房、垃圾儲藏空間、防空避難室兼停車空間、梯廳、騎樓、門廳、門廊、管委會空間、管理員室、樓電梯間等１３項,鋼筋混凝土造,102年10月7日,十三層,,
RPUNMLLMNHLGFEF88CC,8,61.74,住家用,鋼筋混凝土造,107年5月25日,二十九層,,
RPVNMLLMNHLGFEF98CC,13,17.64,本共有部分之項目樓電梯間、機械室、水箱等３項,鋼筋混凝土造,102年10月7日,十三層,,
RPUNMLLMNHLGFEF88CC,8,31.09,本共有部分之項目有：梯廳、排煙室、樓電梯間、騎樓、管委會使用空間、人行通廊、頂蓋式通廊、走道、防災中心、游泳池機房、陽台、男女更衣室、ＳＰＡ池區、機械室、消防中繼機械房、樓梯間、水箱、中繼消防水箱、泵浦區、台電配電室、受電箱通道、電錶區、昇降機坑、緊急發電機室、垃圾儲藏室、儲油室、停車空間、台電通道、汙排水轉、消防中繼機房、電錶室、變電室、電信室、機房、泳池專用水箱、游泳池揚水泵浦機房、排風機房、消防中繼水箱、防空避難室兼停車空間、雨水過濾機房、消防幫浦室等４１項,鋼筋混凝土造,107年5月25日,二十九層,,
RPRNMLLMNHLGFGF78CC,37,142.54,住家用,鋼筋混凝土造,78年8月14日,五層,,
RPWNMLLMNHLGFHF76CC,53,61.36,住家用,加強磚造,62年6月5日,四層,,
RPWOMLLMNHLGFIF96CC,,82.00,住家用,鋼筋混凝土造,,五層,,
RPQNMLLJOHLGFAF87CC,51,78.28,住家用,加強磚造,64年6月30日,四層,,
RPXNMLLMNHLGFHF86CC,49,36.72,住家用,鋼筋混凝土造,66年11月23日,五層,,
RPRNMLLJOHLGFAF97CC,53,87.09,住家用,鋼筋混凝土造,62年5月10日,四層,,
RPTNMLLJOHLGFAF18CC,46,87.30,住家用,鋼筋混凝土造,69年1月7日,五層,,
RPOOMLLJOHLGFAF77CC,3,60.53,集合住宅,鋼筋混凝土造,112年8月2日,十九層,,
RPOOMLLJOHLGFAF77CC,3,67.12,本共有部分之項目有梯廳、大廳、緊急昇降機（兼客貨梯）、無障礙客梯、客梯、特別安全梯、安全梯、特別安全梯（無障礙樓梯）、健身房、廁所、機房、走廊、交誼廳、安全梯（無障礙樓梯）、管委會空間（一）、管委會空間（二）、管委會空間（三）、管委會空間（四）、管委會空間（五）、管道間、進風管道、排風管道、儲藏室（一）、儲藏室（二）、視聽室、排煙室、警衛室、涼亭、電錶室、水錶室、電梯井、屋頂消防中繼水箱、屋頂消防中繼機房、進排風機房、電梯機房、下方電梯井、水箱間、進風管道間、排風管道間、防空避難室兼汽車停車空間、梯廳Ａ、梯廳Ｂ、進風機房、排風機房、消防中繼機房、消防中繼水箱、防災中心、緊急發電機室、電信室、水箱室、台電配電場所、垃圾收集處、垃圾車暫停車位、汽車坡道、機械室、汽車停車空間、消防幫浦室及雨水回收機房等５８項。,鋼筋混凝土造,112年8月2日,十九層,,
RPQOMLLJOHLGFAF97CC,52,64.80,住家用,加強磚造,63年8月24日,四層,,
RPPOMLLJOHLGFAF87CC,46,92.60,住家用,鋼筋混凝土造,69年4月26日,四層,,
RPUNMLLJOHLGFAF28CC,1,92.02,集合住宅,鋼筋混凝土造,113年12月27日,二十二層,,
RPUNMLLJOHLGFAF28CC,1,79.08,本共有部分項目內容有管委會空間、無障礙電梯、緊急升降機、排煙室兼梯廳、無障礙特安梯、特安梯、無障礙安全梯、安全梯、儲藏室、梯廳、汽車車道、排煙室、機房、Ａ棟機房（水表空間）、Ａ棟消防中繼水箱、Ａ棟消防中繼機房、Ｂ棟機房（水表空間）、Ｂ棟消防中繼水箱、Ｂ棟消防中繼機房、Ａ棟屋頂水箱、Ａ棟電梯機房、Ｂ棟屋頂水箱、Ｂ棟電梯機房、停車空間、機車停車空間、緊急發電機房、防災中心、電汽設備室（台電配電場所）、垃圾及資源回收空間、機電設備空間（通風換氣設備機械室）、機電設備空間電信機械室（電信室）、Ａ棟水箱、Ｂ棟水箱、雨水回收機房、消防幫浦室（消防機房）等３５項。,鋼筋混凝土造,113年12月27日,二十二層,,
RPQNMLKMNHLGFBF08CC,46,93.37,住家用,鋼筋混凝土造,69年3月13日,四層,,
RPPOMLKMNHLGFBF08CC,30,28.67,住家用,鋼筋混凝土造,85年7月3日,十七層,,
RPPOMLKMNHLGFBF08CC,30,6.20,共有部分,鋼筋混凝土造,85年7月3日,十七層,,
RPTOMLKMNHLGFBF48CC,45,79.80,住家用,鋼筋混凝土造,70年6月8日,五層,,
RPQOMLKMNHLGFBF18CC,47,77.13,住家用,鋼筋混凝土造,68年10月11日,四層,,
RPOOMLKMNHLGFBF97CC,46,110.37,住家用,鋼筋混凝土造,69年8月23日,五層,,
RPXNMLKMNHLGFBF78CC,53,27.00,住家用,加強磚造,62年1月6日,二層,,
RPSNMLKMNHLGFBF28CC,49,91.08,住家用,鋼筋混凝土造,66年11月3日,四層,,
RPROMLKMNHLGFBF28CC,11,58.81,集合住宅,鋼筋混凝土造,104年1月14日,十五層,,
RPROMLKMNHLGFBF28CC,11,10.50,本共有部分之項目有緊急升降機、行動不便者使用電梯、Ｂ１梯戶外安全梯、Ｂ２梯戶外安全梯、排煙室、梯廳、機房、水箱、機械室等９項。,鋼筋混凝土造,104年1月14日,十五層,,
RPROMLKMNHLGFBF28CC,11,36.57,本共有部分之項目有緊急升降機、行動不便者使用電梯、Ａ２梯戶外安全梯、Ｂ１梯戶外安全梯、大廳、排煙室、管委會空間一、二、三、台電配電場所、電錶室、陽台、垃圾儲存空間、停車空間、台電專用管道間、發電機進排煙管道間、通風管道、發電機房、Ｂ２水箱、Ｂ１水箱、Ａ１水箱、消防機房等２０項。,鋼筋混凝土造,104年1月14日,十五層,,
RPTNMLKMNHLGFBF38CC,37,113.74,住家用,鋼筋混凝土造,78年4月4日,五層,,
RPPNMLKMNHLGFBF97CC,40,88.69,住家用,鋼筋混凝土造,75年9月23日,五層,,
RPRNMLKMNHLGFBF18CC,33,87.60,住家用,鋼筋混凝土造,82年3月10日,五層,,
RPRNMLKMNHLGFBF18CC,33,11.02,共有部分,鋼筋混凝土造,82年3月10日,五層,,
RPUOMLLJOHLGFAF38CC,,116.46,商業用,鋼筋混凝土造,,四層,,
RPUOMLLJOHLGFAF38CC,42,5.21,共有部分,鋼筋混凝土造,73年11月14日,四層,,
RPXOMLLJOHLGFAF68CC,,87.63,住家用,加強磚造,,四層,,
RPQPMLLJOHLGFAF08CC,53,13.13,住家用,加強磚造,61年12月20日,三層,,
RPUPMLLJOHLGFAF48CC,,64.43,住家用,鋼筋混凝土造,,四層,,
RPPPMLLJOHLGFAF97CC,50,66.24,住家用,加強磚造,65年1月17日,四層,,
RPVPMLLJOHLGFAF58CC,31,119.62,商業用,鋼筋混凝土造,84年11月9日,十七層,,
RPVPMLLJOHLGFAF58CC,31,8.29,共有部分,鋼筋混凝土造,84年11月9日,十七層,,
RPWOMLLJOHLGFAF58CC,1,45.44,集合住宅,鋼筋混凝土造,114年7月16日,十四層,,
RPWOMLLJOHLGFAF58CC,1,20.57,本共有部分項目內容有：停車空間、客貨兩用昇降機機道、車道、汽車昇降機機道、管道間、門廊、無障礙昇降機、梯廳、Ａ安全梯（無障礙）、Ｂ安全梯、樓梯間、升降機機道、機房、水箱、安全梯、電梯機房、發電機房、Ｃ安全梯、防空避難室兼停車空間、電信室、台電配電場所、機電機房、油壓機房（機車）、消防機房、全自動機械停車、倉儲式機械停車空間等２６項。,鋼筋混凝土造,114年7月16日,十四層,,
RPXPMLLJOHLGFAF78CC,,66.90,住家用,加強磚造,,四層,,
RPSPMLLJOHLGFAF28CC,31,120.28,住家用,鋼筋混凝土造,84年1月17日,十二層,,
RPSPMLLJOHLGFAF28CC,31,2.50,共有部分,鋼筋混凝土造,84年1月17日,十二層,,
RPSPMLLJOHLGFAF28CC,31,27.55,共有部分,鋼筋混凝土造,84年1月17日,十二層,,
RPPNMLTLNHLGFIF96DC,1,58.25,集合住宅,鋼筋混凝土造,114年9月24日,十五層,,
RPPNMLTLNHLGFIF96DC,1,60.31,本共有部分之項目有：梯廳、排煙室、緊急昇降機、戶外安全梯、無障礙安全梯、（無障礙）戶外安全梯、一般昇降機（無障礙）、管委會１、管委會２、管委會３、汽機車坡道、汽車坡道、防空避難室兼停車空間、停車空間、消防機房、電梯機房、雨汙水機房、發電機房、電信機房、台電配電場所、訪客及裝卸車位、垃圾室、水箱、受電箱、自來水水箱、消防不銹鋼水塔等２６項。,鋼筋混凝土造,114年9月24日,十五層,,
RPTNMLLJOHLGFBF28CC,40,16.00,辦公室，廠房，單身宿舍,鋼筋混凝土造,75年1月30日,三層,,
RPRNMLLMNHLGFBF28CC,19,156.93,住家用,鋼筋混凝土造,96年11月9日,十五層,,
RPRNMLLMNHLGFBF28CC,19,26.60,共有部分,鋼筋混凝土造,96年11月9日,十五層,,
RPRNMLLMNHLGFBF28CC,19,59.78,共有部分,鋼筋混凝土造,96年11月9日,十五層,,
RPRNMLLJOHLGFBF08CC,4,50.80,集合住宅,鋼筋混凝土造,111年1月25日,十五層,,
RPRNMLLJOHLGFBF08CC,4,53.77,本共有部分項目計有：無障礙升降機、一般安全梯、無障礙樓梯、戶外安全梯、緊急升降機、管委會使用空間、機車車道、排煙室、公服空間、梯廳、無障礙廁所、台電配電場所、汽車車道、電信機房、垃圾車暫停車位、垃圾儲藏室、裝卸車位、停車空間、受電箱、水箱、緊急發電機房、消防機房、梯間、電梯機房、管委會空間等共計２５項。,鋼筋混凝土造,111年1月25日,十五層,,
RPWNMLLJOHLGFBF58CC,46,33.10,住家用,鋼筋混凝土造,68年11月30日,四層,,
RPUNMLLJOHLGFBF38CC,40,215.75,工業用,鋼筋混凝土造,75年3月3日,五層,,
RPQNMLLJOHLGFBF97CC,7,43.65,集合住宅,鋼筋混凝土造,108年8月7日,十五層,,
RPQNMLLJOHLGFBF97CC,7,49.16,本共有部分之用途有門廳、公共服務空間、排煙室、陽台、涼亭、自行車停放空間、梯間、機房、水箱、停車空間、電信機房、受電箱、台電配電場所、發電機房、無障礙停車位、垃圾暫存空間、垃圾資源回收空間、垃圾車暫停車位、蓄水池、消防機房等２０項。,鋼筋混凝土造,108年8月7日,十五層,,
RPQOMLLJOHLGFBF08CC,13,75.34,集合住宅,鋼筋混凝土造,102年10月14日,十五層,,
RPOOMLLJOHLGFBF87CC,12,86.99,集合住宅,鋼筋混凝土造,103年10月9日,十五層,,
RPQOMLLJOHLGFBF08CC,13,35.46,本共有部分之項目有公共服務空間、管委會空間、受電箱室、停車空間、台電配電場所、垃圾儲藏室、樓梯間、電信機房、發電機房、蓄水池、消防機房、機械室、水箱等１３項,鋼筋混凝土造,102年10月14日,十五層,,
RPOOMLLJOHLGFBF87CC,12,44.98,本共有部分之項目：公共服務空間、台電配電場所、電表箱室、停車空間、樓梯間、垃圾儲藏室、電信機房、台電管道、地下室排風管道間、發電機房管道間、蓄水池、發電機房、消防機房等１３項。,鋼筋混凝土造,103年10月9日,十五層,,
RPOOMLLJOHLGFBF87CC,12,16.04,本共有部分之項目：樓梯間、機械室、水箱等３項。,鋼筋混凝土造,103年10月9日,十五層,,
RPPOMLLJOHLGFBF97CC,32,15.00,工業用,鋼筋混凝土造,83年5月26日,十層,,
RPPOMLLJOHLGFBF97CC,32,9.02,共有部分,鋼筋混凝土造,83年5月26日,十層,,
RPPOMLLJOHLGFBF97CC,32,6.80,共有部分,鋼筋混凝土造,83年5月26日,十層,,
RPPOMLLJOHLGFBF97CC,32,9.49,共有部分,鋼筋混凝土造,83年5月26日,十層,,
RPROMLLJOHLGFBF18CC,3,100.03,集合住宅,鋼筋混凝土造,112年11月15日,九層,,
RPROMLLJOHLGFBF18CC,3,77.16,本共有部分之項目有：無障礙梯、梯廳、安全梯、車道、會客室、閱讀室、交誼廳、健身房、雨遮、機房、水箱、機械室、停車空間、台電配電場所、電表室、電信室、垃圾車暫停車位、垃圾儲藏室、發電機室、消防泵浦室、消防水池等２１項。,鋼筋混凝土造,112年11月15日,九層,,
RPTOMLLJOHLGFBF38CC,19,85.74,一般事務所,鋼筋混凝土造,96年8月3日,十一層,,
RPTOMLLJOHLGFBF38CC,19,13.03,共有部分,鋼筋混凝土造,96年8月3日,十一層,,
RPTOMLLJOHLGFBF38CC,19,4.53,共有部分,鋼筋混凝土造,96年8月3日,十一層,,
RPQNMLLJOHLGFDF18CC,34,11.00,住家用,鋼筋混凝土造,81年6月9日,十二層,,
RPTNMLLJOHLGFCF38CC,2,38.49,本共有部分之項目有：管委會使用空間、梯廳兼排煙室、騎樓、梯廳、樓梯間、電梯機房、水箱、地下進風管道、防空避難室兼停車空間、排煙室、台電配電場所、緊急發電機室、地下排風管道、電表區、機房、停車空間、消防室浦室等１７項。,鋼筋混凝土構造,113年9月20日,十五層,,
RPPNMLLJOHLGFDF08CC,34,13.26,住家用,鋼筋混凝土造,81年6月9日,十二層,,
RPSNMLLJOHLGFCF28CC,38,97.50,住家用,鋼筋混凝土造,77年11月23日,五層,,
RPSNMLLJOHLGFCF28CC,38,16.72,共有部分,鋼筋混凝土造,77年11月23日,五層,,
RPQNMLLJOHLGFEF28CC,17,35.07,一般服務業,鋼筋混凝土造,97年12月23日,二十四層,,
RPQNMLLJOHLGFEF28CC,17,11.12,共有部分,鋼筋混凝土造,97年12月23日,二十四層,,
RPWNMLLJOHLGFDF78CC,31,100.08,住家用,鋼筋混凝土造,83年12月31日,十二層,,
RPQNMLLJOHLGFEF28CC,17,8.91,共有部分,鋼筋混凝土造,97年12月23日,二十四層,,
RPWNMLLJOHLGFDF78CC,31,13.13,共有部分,鋼筋混凝土造,83年12月31日,十二層,,
RPROMLLJOHLGFDF38CC,31,70.81,住家用,鋼筋混凝土造,84年1月26日,二十四層,,
RPROMLLJOHLGFDF38CC,31,2.94,共有部分,鋼筋混凝土造,84年1月26日,二十五層,,
RPROMLLJOHLGFDF38CC,31,2.12,共有部分,鋼筋混凝土造,84年1月26日,二十五層,,
RPVNMLLJOHLGFDF68CC,44,17.00,住家用,鋼筋混凝土造,71年2月20日,三層,,
RPXNMLLJOHLGFDF88CC,1,64.91,集合住宅,鋼筋混凝土構造,114年8月29日,十一層,,
RPXNMLLJOHLGFDF88CC,1,35.02,共有部分，本共有部分項目有：陽台、管委會使用空間、管委會使用空間２、管委會使用空間３、管委會使用空間４、走廊１、走廊２、梯廳、排煙室、管委會使用空間５、管委會使用空間６、管委會使用空間７、無障礙廁所、備品室、廁所、梯間、水箱、消防水箱、電梯機房、停車空間、電信機房、發電機房、台電配電場所、台電受電箱、資源回收空間、垃圾廚餘冷藏、作業空間、垃圾車暫停車位、機房、防空避難室兼停車空間、消防機房、噴灌機房、污水機房等３３項。,鋼筋混凝土構造,114年8月29日,十一層,,
RPSNMLLJOHLGFDF38CC,38,12.60,住家用,鋼筋混凝土造,77年1月26日,五層,,
RPPNMLLJOHLGFEF18CC,31,86.90,住家用,鋼筋混凝土造,84年10月13日,十五層,,
RPPNMLLJOHLGFEF18CC,31,47.85,共有部分,鋼筋混凝土造,84年10月13日,十五層,,
RPPNMLLJOHLGFEF18CC,31,16.19,共有部分,鋼筋混凝土造,84年10月13日,十五層,,
RPXOMLLJOHLGFBF78CC,11,43.10,集合住宅,鋼筋混凝土造,104年1月29日,十六層,,
RPXOMLLJOHLGFBF78CC,11,3.97,集合住宅,鋼筋混凝土造,104年1月29日,十六層,,
RPXOMLLJOHLGFBF78CC,11,2.48,本共有部分之項目有樓梯間、車道、通道、排煙室、電信機房、電氣室、公共發電機室、雨水回收機房、消防泵浦機房等９項。,鋼筋混凝土造,104年1月29日,十六層,,
RPXOMLLJOHLGFBF78CC,11,25.68,本共有部分之項目有住宅入口大廳、會客區、儲藏室、郵件室、排煙室、梯廳、樓梯間、走道、防災中心、管道間、管委會使用空間、台電配電場所、中繼水箱室、停車空間、住宅機車停車空間、排風機房、送風機房、水箱、游泳池機房、機房、污水機房、住宅垃圾處理室、電梯機房、住戶水表室、住宅水箱室、泵浦等２６項。,鋼筋混凝土造,104年1月29日,十六層,,
RPVPMLLJOHLGFBF68CC,11,52.69,集合住宅,鋼筋混凝土造,104年8月20日,十五層,,
RPWOMLLJOHLGFBF68CC,11,5.26,本共有部分之項目有樓梯間、車道、通道、排煙室、電信機房、電氣室、公共發電機室、雨水回收機房、消防泵浦機房等９項。,鋼筋混凝土造,104年1月29日,十六層,,
RPVPMLLJOHLGFBF68CC,11,11.51,本共有部分之項目有排煙室〈梯廳〉，供行動不便者使用電梯，緊急昇降機，梯廳，Ａ１梯戶外安全梯，Ａ２梯戶外安全梯，Ａ３梯戶外安全梯，Ａ４梯戶外安全梯，機械室，水箱，等１０項。,鋼筋混凝土造,104年8月20日,十五層,,
RPWOMLLJOHLGFBF68CC,11,83.98,集合住宅,鋼筋混凝土造,104年1月29日,十六層,,
RPVPMLLJOHLGFBF68CC,11,36.71,本共有部分之項目有公共服務空間一，公共服務空間二，供行動不便者使用電梯，緊急昇降機，梯廳，排煙室，Ａ１梯戶外安全梯，Ａ２梯戶外安全梯，Ａ３梯戶外安全梯，Ａ４梯戶外安全梯，Ｂ１梯戶外安全梯，Ｂ２梯戶外安全梯，閱讀區，自行車車位，地下排風，受電箱室，台電配電場所，電錶室，台電管道間，停車空間，機車車道，汽車道，管委會空間，電信機房，Ａ１棟水箱，Ａ２棟水箱，發電機房，油箱，發電進風，發電排風，排煙室排風機，垃圾儲藏室，Ｂ棟水箱，消防泵浦室，排煙室Ａ１，排煙室Ａ２等３６項,鋼筋混凝土造,104年8月20日,十五層,,
RPWOMLLJOHLGFBF68CC,11,15.62,集合住宅,鋼筋混凝土造,104年1月29日,十六層,,
RPWOMLLJOHLGFBF68CC,11,54.21,本共有部分之項目有住宅入口大廳、會客區、儲藏室、郵件室、排煙室、梯廳、樓梯間、走道、防災中心、管道間、管委會使用空間、台電配電場所、中繼水箱室、停車空間、住宅機車停車空間、排風機房、送風機房、水箱、游泳池機房、機房、污水機房、住宅垃圾處理室、電梯機房、住戶水表室、住宅水箱室、泵浦等２６項。,鋼筋混凝土造,104年1月29日,十六層,,
RPXPMLLJOHLGFBF88CC,29,81.57,住家用,鋼筋混凝土造,86年8月16日,十七層,,
RPXPMLLJOHLGFBF88CC,29,14.62,共有部分,鋼筋混凝土造,86年8月16日,十七層,,
RPUNMLLJOHLGFEF68CC,16,52.07,住家用,鋼筋混凝土造,98年12月25日,十七層,,
RPXPMLLJOHLGFBF88CC,29,1.53,共有部分,鋼筋混凝土造,86年8月16日,十七層,,
RPUNMLLJOHLGFEF68CC,16,21.67,本案共有部分項目有公共服務空間、走廊兼梯廳、機械室、緊急昇降機、撒水消防、排煙室、電氣管道、中繼水表室、中繼電信室、自來水箱、蓄水箱、特別安全梯、消防水箱、水表室、陽台、機車停車空間、管委會辦公室、管委會空間、儲藏間、電梯間、樓梯間、消防水池、消防泵浦室、集污坑、電梯機坑、台電配電室、垃圾儲存空間、污水處理場、污水處理機房、增設雨水機房、水箱、緊急發電機房、電信機房、高壓變電站、消防專用泵浦室、進氣機房、排氣機房、游泳池機房、停車空間、防空避難室兼停車空間等４０項,鋼筋混凝土造,98年12月25日,十七層,,
RPXPMLLJOHLGFBF88CC,29,13.17,共有部分,鋼筋混凝土造,86年8月16日,十七層,,
RPOQMLLJOHLGFBF08CC,50,90.00,住家用,加強磚造,65年1月28日,四層,,
RPTNMLLJOHLGFEF58CC,14,21.95,住家用,鋼筋混凝土造,101年8月24日,九層,,
RPTNMLLJOHLGFEF58CC,14,9.31,本案共有部分項目有管委會辦公室、警衛室、茶水間、樓電梯間、梯廳、陽台、雨遮、閱覽室（供社區使用）、台電配電室、受電箱、污水機房、電信機房、消防機房、發電機房、防空避難室兼停車空間、機車停車場、機坑、垃圾暫存空間、垃圾車暫停位置、蓄水池、消防水池、機房、水箱等２３項,鋼筋混凝土造,101年8月24日,九層,,
RPSPMLLJOHLGFBF38CC,24,100.00,集合住宅,鋼筋混凝土造,91年5月7日,十四層,,
RPSPMLLJOHLGFBF38CC,24,54.94,共有部分,鋼筋混凝土造,91年5月7日,十四層,,
RPUOMLKMNHLGFBF58CC,12,46.76,集合住宅,鋼筋混凝土造,103年1月27日,十五層,,
RPUOMLKMNHLGFBF58CC,12,37.60,本成果表共有部分之用途有，梯廳，公共服務空間，管委會空間，台電配電場所，受電箱，停車空間，梯間，垃圾儲藏室，台電管道間，進風管道，排風管道，電信機房，蓄水池，發電機房，消防機房，等１５項。,鋼筋混凝土造,103年1月27日,十五層,,
RPUOMLKMNHLGFBF58CC,12,8.48,本成果表共有部分之用途有，梯廳，梯間，機械室，水箱，等４項,鋼筋混凝土造,103年1月27日,十五層,,
RPWNMLLJOHLGFEF88CC,14,24.43,住家用,鋼筋混凝土造,101年8月24日,九層,,
RPVNMLLJOHLGFEF78CC,26,63.68,住家用,鋼筋混凝土造,89年11月7日,十層,,
RPWNMLLJOHLGFEF88CC,14,10.40,本案共有部分項目有管委會辦公室、警衛室、茶水間、樓電梯間、梯廳、陽台、雨遮、閱覽室（供社區使用）、台電配電室、受電箱、污水機房、電信機房、消防機房、發電機房、防空避難室兼停車空間、機車停車場、機坑、垃圾暫存空間、垃圾車暫停位置、蓄水池、消防水池、機房、水箱等２３項,鋼筋混凝土造,101年8月24日,九層,,
RPVNMLLJOHLGFEF78CC,26,6.62,共有部分,鋼筋混凝土造,89年11月7日,十四層,,
RPVNMLLJOHLGFEF78CC,26,11.89,共有部分,鋼筋混凝土造,89年11月7日,十層,,
RPXNMLLJOHLGFEF98CC,9,95.41,住家用,鋼筋混凝土造,106年2月16日,十四層,,
RPQPMLLJOHLGFBF18CC,16,73.35,集合住宅,鋼筋混凝土造,99年1月5日,十三層,,
RPXNMLLJOHLGFEF98CC,9,24.70,本共有部分項目有：車道、梯廳、樓梯間、機械室、水箱、管理委員會使用空間等６項,鋼筋混凝土造,106年2月16日,十四層,,
RPQPMLLJOHLGFBF18CC,16,34.63,本共有部分之項目有停車空間、垃圾暫存空間、台電配電廠所、機房、發電機房、蓄水池、水箱、車道、公共空間、樓梯間、梯廳、管委會空間、電信機房等１３項,鋼筋混凝土造,99年1月5日,十五層,,
RPXNMLLJOHLGFEF98CC,9,18.62,本共有部分項目有：防空避難室兼停車空間、梯廳、台電配電場所、緊急發電機室、垃圾車位、安全梯、廢棄物處理室、電錶、機車停車空間、停車空間、電信機房、水箱、消防機房等１３項,鋼筋混凝土造,106年2月16日,十四層,,
RPQOMLLJOHLGFEF38CC,14,24.45,住家用,鋼筋混凝土造,101年8月24日,九層,,
RPQOMLLJOHLGFEF38CC,14,10.40,本案共有部分項目有管委會辦公室、警衛室、茶水間、樓電梯間、梯廳、陽台、雨遮、閱覽室（供社區使用）、台電配電室、受電箱、污水機房、電信機房、消防機房、發電機房、防空避難室兼停車空間、機車停車場、機坑、垃圾暫存空間、垃圾車暫停位置、蓄水池、消防水池、機房、水箱等２３項,鋼筋混凝土造,101年8月24日,九層,,
RPROMLLJOHLGFEF48CC,49,19.79,住家用,鋼筋混凝土造,66年8月2日,三層,,
RPOOMLLJOHLGFEF18CC,13,84.28,住家用,鋼筋混凝土造,102年9月2日,十五層,,
RPOOMLLJOHLGFEF18CC,13,36.29,本共有部分之項目有梯廳、騎樓、走廊、管委會使用空間、排煙室、水箱、機房、梯間、陽台、垃圾車暫停空間、裝卸停車位、臨時停車位、發電機室、污水機房、消防泵浦室、台電配電場所、電信室、垃圾集中場、防空避難室兼停車空間、停車空間等２０項。,鋼筋混凝土造,102年9月2日,十五層,,
RPPOMLLJOHLGFEF28CC,14,24.86,住家用,鋼筋混凝土造,101年8月24日,九層,,
RPPOMLLJOHLGFEF28CC,14,10.68,本案共有部分項目有管委會辦公室、警衛室、茶水間、樓電梯間、梯廳、陽台、雨遮、閱覽室（供社區使用）、台電配電室、受電箱、污水機房、電信機房、消防機房、發電機房、防空避難室兼停車空間、機車停車場、機坑、垃圾暫存空間、垃圾車暫停位置、蓄水池、消防水池、機房、水箱等２３項,鋼筋混凝土造,101年8月24日,九層,,
RPSOMLLJOHLGFEF58CC,6,60.31,集合住宅,鋼筋混凝土造,109年7月24日,十五層,,
RPSOMLLJOHLGFEF58CC,6,32.24,本案共有部分項目有：梯廳、行動不便電梯、一般客梯、緊急升降機、戶外安全梯（行動不便樓梯）、乙梯、戶外安全梯、甲梯、管道間、進風管道發電機室、排風管道發電機室、排風管道停車空間、管委會空間（１）、管委會空間（２）、管委會空間（３）、管理委員會空間（４）、社區入口、排煙室、排煙室進風管道、排煙室排風管道、車道、花台、儲藏室、梯間、機房、消房水箱、電梯機房、水箱、安全梯（行動不便樓梯）、緊急升降機電梯基坑、受電箱區、垃圾車暫停區、垃圾儲藏室、台電配電場所、停車空間、緊急發電機空間、電信設備空間、防空避難室兼停車空間、水箱１、水箱２、安全梯、消防設備空間、汙水處理機房等共計４３項。,鋼筋混凝土造,109年7月24日,十五層,,
RPSOMLLJOHLGFEF58CC,6,28.61,本案共有部分項目有：停車空間、防空避難室兼停車空間、雨水滯留池、汙水處理池、消防蓄水池等共計５項,鋼筋混凝土造,109年7月24日,十五層,,
RPUOMLLJOHLGFEF78CC,30,40.26,住家用,鋼筋混凝土造,85年1月5日,十二層,,
RPUOMLLJOHLGFEF78CC,30,9.27,共有部分,鋼筋混凝土造,85年1月5日,十二層,,
RPPNMLLJOHLGFGF38CC,40,14.00,住家用,鋼筋混凝土造,75年6月20日,五層,,
RPUOMLLJOHLGFEF78CC,30,1.76,共有部分,鋼筋混凝土造,85年1月5日,十二層,,
RPXOMLLJOHLGFEF09CC,35,19.05,住家用,鋼筋混凝土造,80年3月14日,五層,,
RPXOMLLJOHLGFEF09CC,35,5.60,共有部分,鋼筋混凝土造,80年3月14日,五層,,
RPXOMLLJOHLGFEF09CC,35,.67,共有部分,鋼筋混凝土造,80年3月14日,五層,,
RPXOMLLJOHLGFEF09CC,35,.92,共有部分,鋼筋混凝土造,80年3月14日,五層,,
RPXOMLLJOHLGFEF09CC,35,1.46,共有部分,鋼筋混凝土造,80年3月14日,五層,,
RPXOMLLJOHLGFEF09CC,35,2.64,共有部分,鋼筋混凝土造,80年3月14日,七層,,
RPXOMLLJOHLGFEF09CC,35,.79,共有部分,鋼筋混凝土造,80年3月14日,五層,,
RPQNMLLJOHLGFGF48CC,2,47.04,集合住宅,鋼筋混凝土造,112年12月26日,十五層,,
RPQNMLLJOHLGFGF48CC,2,54.33,本共有部分項目有防空避難室兼停車空間、緊急昇降機、停車空間、管委會空間、自行車停車空間、安全梯、雨遮、戶外安全梯、特別安全梯、排煙室、梯廳、屋頂水箱、電梯機房、消防水箱等１４項。,鋼筋混凝土造,112年12月26日,十五層,,
RPRNMLLJOHLGFGF58CC,32,41.22,住家用,鋼筋混凝土造,83年3月5日,五層,,
RPRNMLLJOHLGFGF58CC,32,1.73,共有部分,鋼筋混凝土造,83年3月5日,五層,,
RPVOMLLJOHLGFEF88CC,29,16.60,住家用,鋼筋混凝土造,86年11月7日,七層,,
RPVOMLLJOHLGFEF88CC,29,2.77,共有部分,鋼筋混凝土造,86年11月7日,八層,,
RPVOMLLJOHLGFEF88CC,29,1.49,共有部分,鋼筋混凝土造,86年11月7日,八層,,
RPUOMLLJOHLGFGF98CC,,32.73,集合住宅,鋼筋混凝土造,115年1月19日,十二層,,
RPVNMLLJOHLGFGF98CC,32,41.22,住家用,鋼筋混凝土造,83年3月5日,五層,,
RPVNMLLJOHLGFGF98CC,32,1.73,共有部分,鋼筋混凝土造,83年3月5日,五層,,
RPUOMLLJOHLGFGF98CC,,21.28,本共有部分項目有：停車場排風管道、Ａ１安全梯（無障礙梯）、Ａ２安全梯、升降機、無障礙升降機、梯廳、電梯間（梯廳）、社區管委會使用空間（辦公室）、社區管委會使用空間（會議室）、社區管委會使用空間、社區管委會使用空間（圖書室）、儲藏室、男廁、女廁、陽臺、Ａ１安全梯、水箱、機械室、停車空間、電信機房、緊急發電機室、台電配電場所、受電箱、汽車升降機、各戶集合電錶、Ａ３安全梯、消防泵浦室、機房等２８項。,鋼筋混凝土造,115年1月19日,十二層,,
RPTNMLLJOHLGFGF78CC,57,71.28,住家用,加強磚造,58年5月15日,三層,,
RPSNMLLJOHLGFGF68CC,32,41.22,住家用,鋼筋混凝土造,83年3月5日,五層,,
RPSNMLLJOHLGFGF68CC,32,1.73,共有部分,鋼筋混凝土造,83年3月5日,五層,,
RPQOMLLJOHLGFGF58CC,,31.19,集合住宅,鋼筋混凝土造,115年1月19日,十二層,,
RPSOMLLJOHLGFGF78CC,45,106.00,住家用,鋼筋混凝土造,70年7月15日,五層,,
RPQOMLLJOHLGFGF58CC,,20.27,本共有部分項目有：停車場排風管道、Ａ１安全梯（無障礙梯）、Ａ２安全梯、升降機、無障礙升降機、梯廳、電梯間（梯廳）、社區管委會使用空間（辦公室）、社區管委會使用空間（會議室）、社區管委會使用空間、社區管委會使用空間（圖書室）、儲藏室、男廁、女廁、陽臺、Ａ１安全梯、水箱、機械室、停車空間、電信機房、緊急發電機室、台電配電場所、受電箱、汽車升降機、各戶集合電錶、Ａ３安全梯、消防泵浦室、機房等２８項。,鋼筋混凝土造,115年1月19日,十二層,,
RPWOMLLJOHLGFEF98CC,23,36.35,住家用,鋼骨混凝土造,92年9月22日,二十六層,,
RPWOMLLJOHLGFEF98CC,23,1.15,共有部分,鋼骨鋼筋混凝土造、鋼骨混凝土造,92年9月22日,二十六層,,
RPXOMLLJOHLGFGF66CC,45,23.80,住家用,鋼筋混凝土造,70年2月14日,五層,,
RPWOMLLJOHLGFEF98CC,23,2.38,共有部分,鋼骨鋼筋混凝土造、鋼骨混凝土造,92年9月22日,二十六層,,
RPWOMLLJOHLGFEF98CC,23,8.73,共有部分,鋼骨鋼筋混凝土造、鋼骨混凝土造,92年9月22日,二十六層,,
RPWOMLLJOHLGFEF98CC,23,.41,社區活動中心,鋼骨混凝土造,92年9月22日,二十六層,,
RPWOMLLJOHLGFEF98CC,23,.01,共有部分,鋼骨鋼筋混凝土造、鋼骨混凝土造,92年9月22日,二十六層,,
RPWOMLLJOHLGFEF98CC,23,.36,共有部分,鋼骨鋼筋混凝土造、鋼骨混凝土造,92年9月22日,二十六層,,
RPWOMLLJOHLGFEF98CC,23,.03,共有部分,鋼骨鋼筋混凝土造,92年9月22日,二十六層,,
RPWOMLLJOHLGFEF98CC,23,.00,共有部分,鋼骨鋼筋混凝土造、鋼骨混凝土造,92年9月22日,二十六層,,
RPWOMLLJOHLGFEF98CC,23,.76,社區活動中心,鋼骨鋼筋混凝土造,92年9月22日,二十六層,,
RPWOMLLJOHLGFEF98CC,23,.02,共有部分,鋼骨鋼筋混凝土造、鋼骨混凝土造,92年9月22日,二十六層,,
RPWOMLLJOHLGFEF98CC,23,.06,共有部分,鋼骨鋼筋混凝土造,92年9月22日,二十六層,,
RPWOMLLJOHLGFEF98CC,23,.00,共有部分,鋼骨鋼筋混凝土造、鋼骨混凝土造,92年9月22日,二十六層,,
RPWOMLLJOHLGFEF98CC,23,.36,社區活動中心,鋼骨混凝土造,92年9月22日,二十五層,,
RPWOMLLJOHLGFEF98CC,23,.01,共有部分,鋼骨鋼筋混凝土造、鋼骨混凝土造,92年9月22日,二十六層,,
RPWOMLLJOHLGFEF98CC,23,.03,共有部分,鋼骨鋼筋混凝土造,92年9月22日,二十六層,,
RPWNMLLJOHLGFGF09CC,51,76.89,住家用,加強磚造,63年12月18日,四層,,
RPWOMLLJOHLGFEF98CC,23,.08,共有部分,鋼骨鋼筋混凝土造、鋼骨混凝土造,92年9月22日,二十五層,,
RPWOMLLJOHLGFEF98CC,23,.32,社區活動中心,鋼骨混凝土造,92年9月22日,二十五層,,
RPWOMLLJOHLGFEF98CC,23,.01,共有部分,鋼骨鋼筋混凝土造、鋼骨混凝土造,92年9月22日,二十六層,,
RPWOMLLJOHLGFEF98CC,23,.02,共有部分,鋼骨鋼筋混凝土造,92年9月22日,二十六層,,
RPWOMLLJOHLGFEF98CC,23,.07,共有部分,鋼骨鋼筋混凝土造、鋼骨混凝土造,92年9月22日,二十五層,,
RPWOMLLJOHLGFEF98CC,23,.13,社區活動中心,鋼骨混凝土造,92年9月22日,二十五層,,
RPWOMLLJOHLGFEF98CC,23,.06,共有部分,鋼骨鋼筋混凝土造、鋼骨混凝土造,92年9月22日,二十五層,,
RPWOMLLJOHLGFEF98CC,23,.00,共有部分,鋼骨鋼筋混凝土造,92年9月22日,二十五層,,
RPWOMLLJOHLGFEF98CC,23,.03,社區活動中心,鋼骨混凝土造,92年9月22日,二十五層,,
RPWOMLLJOHLGFEF98CC,23,.02,共有部分,鋼骨鋼筋混凝土造、鋼骨混凝土造,92年9月22日,二十五層,,
RPWOMLLJOHLGFEF98CC,23,.00,共有部分,鋼骨鋼筋混凝土造,92年9月22日,二十五層,,
RPWOMLLJOHLGFEF98CC,23,.03,社區活動中心,鋼骨混凝土造,92年9月22日,二十五層,,
RPWOMLLJOHLGFEF98CC,23,.01,共有部分,鋼骨鋼筋混凝土造、鋼骨混凝土造,92年9月22日,二十五層,,
RPWOMLLJOHLGFEF98CC,23,.00,共有部分,鋼骨鋼筋混凝土造,92年9月22日,二十五層,,
RPWOMLLJOHLGFEF98CC,23,.06,社區活動中心,鋼骨混凝土造,92年9月22日,二十五層,,
RPWOMLLJOHLGFEF98CC,23,.03,共有部分,鋼骨鋼筋混凝土造、鋼骨混凝土造,92年9月22日,二十五層,,
RPWOMLLJOHLGFEF98CC,23,.00,共有部分,鋼骨鋼筋混凝土造,92年9月22日,二十五層,,
RPWOMLLJOHLGFGF56CC,43,29.56,住家用,鋼筋混凝土造,72年11月3日,五層,,
RPRNMLLJOHLGFHF68CC,49,21.00,住家用,鋼筋混凝土造,66年11月17日,四層,,
RPOPMLLJOHLGFGF48CC,,31.19,集合住宅,鋼筋混凝土造,115年1月19日,十二層,,
RPSNMLLJOHLGFHF78CC,25,75.05,住家用,鋼筋混凝土造,90年8月8日,十四層,,
RPSNMLLJOHLGFHF78CC,25,18.36,共有部分,鋼筋混凝土造,90年8月8日,十四層,,
RPOPMLLJOHLGFGF48CC,,20.27,本共有部分項目有：停車場排風管道、Ａ１安全梯（無障礙梯）、Ａ２安全梯、升降機、無障礙升降機、梯廳、電梯間（梯廳）、社區管委會使用空間（辦公室）、社區管委會使用空間（會議室）、社區管委會使用空間、社區管委會使用空間（圖書室）、儲藏室、男廁、女廁、陽臺、Ａ１安全梯、水箱、機械室、停車空間、電信機房、緊急發電機室、台電配電場所、受電箱、汽車升降機、各戶集合電錶、Ａ３安全梯、消防泵浦室、機房等２８項。,鋼筋混凝土造,115年1月19日,十二層,,
RPRPMLLJOHLGFHF88CC,50,32.38,住家用,加強磚造,65年8月7日,四層,,
RPUOMLLJOHLGFHF09CC,48,97.99,住家用,鋼筋混凝土造,67年8月9日,五層,,
RPTPMLLJOHLGFHF09CC,46,88.59,住家用,鋼筋混凝土造,69年3月14日,五層,,
RPSPMLLJOHLGFHF98CC,26,151.01,一般事務所﹝事務所﹞,鋼骨造,89年9月30日,十七層,,
RPSPMLLJOHLGFHF98CC,26,66.38,共有部分,鋼骨造,89年9月30日,十七層,,
RPQOMLLJOHLGFHF68CC,55,19.00,住商用,加強磚造,59年12月26日,四層,,
RPTNMLLJOHLGFHF88CC,47,16.00,住家用,鋼筋混凝土造,68年9月17日,五層,,
RPVNMLLJOHLGFHF09CC,50,120.36,住家用,鋼筋混凝土造,65年11月20日,七層,,
RPVNMLLJOHLGFHF09CC,50,17.23,共有部分,鋼筋混凝土造,65年11月20日,七層,,
RPWNMLLJOHLGFHF56CC,42,124.63,住家用,鋼筋混凝土造,73年1月11日,五層,,
RPVPMLLJOHLGFHF66CC,1,83.88,集合住宅,鋼筋混凝土構造,114年5月2日,二十五層,,
RPVPMLLJOHLGFHF66CC,1,44.99,本共有部分項目有：管委會使用空間、車道、排煙室、梯廳、高層建築緩衝空間、梯間、中繼消防機房、水表室、消防專用中繼水箱、電梯機房、機房（通風設備）、自來水箱１、自來水箱２、發電機室、汽機車坡道、台電配電場所、防災中心、防空避難室兼停車空間、停車空間、垃圾儲藏室、垃圾車暫停車位、電信機房、自來水箱Ｂ、自來水箱Ａ、消防及雨水機房、汽車坡道等２６項。,鋼筋混凝土構造,114年5月2日,二十五層,,
RPUPMLLJOHLGFHF56CC,19,33.57,住家用,鋼筋混凝土造,96年8月28日,二十一層,,
RPUPMLLJOHLGFHF56CC,19,4.27,共有部分,鋼筋混凝土造,96年8月28日,二十一層,,
RPUPMLLJOHLGFHF56CC,19,8.43,共有部分,鋼筋混凝土造,96年8月28日,二十一層,,
RPRQMLLJOHLGFHF98CC,45,64.89,住家用,鋼筋混凝土造,70年1月9日,五層,,
RPPQMLLJOHLGFHF78CC,9,40.48,集合住宅,鋼筋混凝土構造,106年1月20日,十五層,,
RPPQMLLJOHLGFHF78CC,9,6.55,共有部分；本共有部分項目有：梯廳、電樓梯間、樓梯間、交誼室、管委會使用空間、安全梯、機電、屋頂突出物〈電樓梯間、機房、生活水箱、安全梯〉、汽排機房、台電配電室、垃圾資源回收室、自行車、機車道、汽車車道、緊急發電機室、網路機房、機房、泵浦室、雨水機房、陽台、公共服務空間等２１項。,鋼筋混凝土構造,106年1月20日,十五層,,
RPTQMLLJOHLGFHF56CC,46,89.09,住家用,鋼筋混凝土造,69年6月6日,五層,,
RPPQMLLJOHLGFHF78CC,9,10.71,共有部分；本共有部分項目有：電樓梯間、走廊、管委會使用空間、機房等４項。,鋼筋混凝土構造,106年1月20日,十五層,,
RPQQMLLJOHLGFHF88CC,49,70.30,住家用,鋼筋混凝土造,66年10月11日,四層,,
RPSNMLLJOHLGFIF88CC,21,50.03,住家用,鋼筋混凝土造,94年10月17日,十三層,,
RPRNMLLJOHLGFIF78CC,19,71.55,住家用,鋼筋混凝土造,96年7月27日,十九層,,
RPRNMLLJOHLGFIF78CC,19,11.40,共有部分,鋼筋混凝土造,96年7月27日,十九層,,
RPSNMLLJOHLGFIF88CC,21,13.94,共有部分,鋼筋混凝土造,94年10月17日,十三層,,
RPRNMLLJOHLGFIF78CC,19,25.19,共有部分,鋼筋混凝土造,96年7月27日,十九層,,
RPSNMLLJOHLGFIF88CC,21,42.26,共有部分,鋼筋混凝土造,94年10月17日,十三層,,
RPPNMLLJOHLGFIF58CC,21,50.52,住家用,鋼筋混凝土造,94年10月17日,十三層,,
RPPNMLLJOHLGFIF58CC,21,14.46,共有部分,鋼筋混凝土造,94年10月17日,十三層,,
RPPNMLLJOHLGFIF58CC,21,7.61,共有部分,鋼筋混凝土造,94年10月17日,十三層,,
RPXNMLLJOHLGFIF76CC,49,81.74,住家用,鋼筋混凝土造,66年1月29日,四層,,
RPPOMLLJOHLGFIF68CC,6,61.33,集合住宅,鋼筋混凝土造,109年3月16日,十四層,,
RPPOMLLJOHLGFIF68CC,6,30.52,本共有部分之項目有：管委會使用空間、門廳、門廊、梯廳、甲梯戶外安全梯、乙梯戶外安全梯、梯廳兼排煙室、緊急升降機供行動不便者使用、一般昇降機、機房、電梯機房、水箱、乙梯、消防水箱、水錶室、梯間、防空避難室兼停車空間、電信室、台電配電場所、受電箱、發電機房、電錶室、排風機、進風機、排風管道、進風管道、消防泵浦室、污水機房、陽台等２９項。,鋼筋混凝土造,109年3月16日,十四層,,
RPVNMLLJOHLGFIF56CC,19,78.85,住家用,鋼筋混凝土造,96年11月21日,十四層,,
RPVNMLLJOHLGFIF56CC,19,58.20,共有部分,鋼筋混凝土造,96年11月21日,十五層,,
RPOOMLLJOHLGFIF58CC,48,99.12,住家用,鋼筋混凝土造,67年7月21日,四層,,
RPWNMLMJOHLGFAF58CC,,61.71,住家用,加強磚造,,四層,,
RPQNMLMJOHLGFAF97CC,32,27.89,住家用,鋼筋混凝土造,83年5月16日,八層,,
RPQNMLMJOHLGFAF97CC,32,6.31,共有部分,鋼筋混凝土造,83年5月16日,八層,,
RPSNMLMJOHLGFAF18CC,41,121.90,住家用,鋼筋混凝土造,74年9月3日,五層,,
RPSNMLMJOHLGFAF18CC,41,9.60,共有部分,鋼筋混凝土造,74年9月3日,五層,,
RPPNMLMJOHLGFAF87CC,5,57.21,集合住宅,鋼骨鋼筋混凝土造,110年1月15日,十七層,,
RPPNMLMJOHLGFAF87CC,5,5.44,本共有部分項目有：梯廳等１項,鋼筋混凝土構造、鋼骨鋼筋混凝土構造,110年1月15日,十七層,,
RPPNMLMJOHLGFAF87CC,5,24.93,本共有部分項目有：管委會空間、游泳池、排煙室、公共服務空間、門廳、機電設備空間、外廊、樓梯間、自來水箱、消防水箱、泳池水箱、發電機房、自來水池、緩衝空間、防空避難室兼停車空間、電信機房、梯間、車輛裝卸空間、垃圾處理室、防災中心、台電配電場所、小公共戶變電室、停車空間、雨污水設備空間、消防幫浦室、進風管道、排風管道、一般安全梯、緊急昇降機（行動不便者電梯）、行動不便者電梯、一般安全梯（行動不便者）、Ａ２特別安全梯、Ｂ２特別安全梯等３３項,鋼筋混凝土構造、鋼骨鋼筋混凝土構造,110年1月15日,十七層,,
RPRNMLMJOHLGFAF08CC,30,36.89,住家用,鋼筋混凝土造,85年1月20日,二十六層,,
RPRNMLMJOHLGFAF08CC,30,4.70,共有部分,鋼筋混凝土造,85年1月20日,二十六層,,
RPVNMLMJOHLGFAF48CC,3,49.67,集合住宅,鋼筋混凝土造,112年8月22日,十四層,,
RPVNMLMJOHLGFAF48CC,3,9.24,本共有部分項目有：停車空間、社區管委會使用空間（一）、社區管委會使用空間（二）、梯廳、汽車車道、緊急發電機室、消防泵浦室、防空避難室兼停車空間、垃圾處理間、無障礙升降機、排煙室、Ｃ３安全梯、電信機房、台電配電場所（二）、各戶集合電表、水箱等１６項。,鋼筋混凝土造,112年8月22日,十四層,,
RPVNMLMJOHLGFAF48CC,3,15.18,本共有部分項目有：無障礙昇降機、緊急昇降機、排煙室、Ｃ１安全梯、Ｃ２安全梯、梯廳、梯間、水箱、機械室等９項。,鋼筋混凝土造,112年8月22日,十四層,,
RPOOMLMJOHLGFAF87CC,57,49.59,住家用,加強磚造,58年6月7日,三層,,
RPQOMLMJOHLGFAF08CC,57,56.20,住家用,加強磚造,58年6月7日,三層,,
RPROMLMJOHLGFAF18CC,,15.17,住工用,加強磚造,,三層,,
RPSOMLMJOHLGFAF28CC,,15.17,住工用,加強磚造,,三層,,
RPXOMLMJOHLGFAF78CC,53,69.35,住家用,加強磚造,61年12月30日,四層,,
RPSPMLMJOHLGFAF38CC,31,93.15,住家用,鋼筋混凝土造,84年6月27日,十三層,,
RPSPMLMJOHLGFAF38CC,31,12.55,共有部分,鋼筋混凝土造,84年6月27日,十三層,,
RPRQMLMJOHLGFAF38CC,,70.86,住家用,加強磚造,,四層,,
RPTOMLMJOHLGFAF38CC,20,25.48,住家用,鋼骨鋼筋混凝土造,95年9月14日,三十七層,,
RPXPMLMJOHLGFAF88CC,3,49.68,集合住宅,鋼骨鋼筋混凝土造,112年9月8日,十九層,,
RPTOMLMJOHLGFAF38CC,20,8.93,共有部分,鋼骨鋼筋混凝土造,95年9月14日,三十七層,,
RPTOMLMJOHLGFAF38CC,20,.95,共有部分,鋼骨鋼筋混凝土造,95年9月14日,三十七層,,
RPXPMLMJOHLGFAF88CC,3,34.67,本共有部分項目有：地下室排風機房、消防泵浦室、住宅車道、公共使用蓄水池、地下室進風機房、無障礙停車位、停車空間、車道、住宅用途車道、防空避難室兼停車空間、住宅用途汽車車道、住宅用途機車車道、商業用途車道、發電機室、防災中心、商業用途機車道、地下室進風口、地下室排風口、緩衝空間、陽台、無障礙通路、商業用途汽車車道等２２項。,鋼骨鋼筋混凝土造,112年9月8日,十九層,,
RPTOMLMJOHLGFAF38CC,20,1.51,共有部分,鋼骨鋼筋混凝土造,95年9月14日,三十七層,,
RPXPMLMJOHLGFAF88CC,3,6.46,本共有部分項目有：住宅用途垃圾暫存空間、防空避難室兼停車空間、台電配電場所Ａ、台電配電場所Ｂ、台電配電場所Ｃ、陽台、儲藏室、住宅門廳、管理員室、機電設備空間、男廁、女廁、雨遮、管委會使用空間、梯廳、游泳池、游泳池蓄水池等１７項。,鋼骨鋼筋混凝土造,112年9月8日,十九層,,
RPXPMLMJOHLGFAF88CC,3,13.80,本共有部分項目有：ＡＢ棟蓄水池、緊急昇降機、Ａ棟排煙室、無障礙樓梯、Ｂ棟排煙室、住宅安全梯、住宅特安梯、梯廳、安全梯、無障礙特安梯、住宅無障礙特安梯、中繼水箱、機電設備空間（中繼消防機房）、排煙室、無障礙昇降機、特安梯、機電設備空間、樓梯間、男廁、女廁、水錶室、機械室、蓄水池等２３項。,鋼骨鋼筋混凝土造,112年9月8日,十九層,,
RPTQMLMJOHLGFAF58CC,33,150.79,住家用,鋼筋混凝土造,82年7月26日,二十二層,,
RPTQMLMJOHLGFAF58CC,33,.51,共有部分,鋼筋混凝土造,82年7月26日,二十二層,,
RPTQMLMJOHLGFAF58CC,33,34.44,共有部分,鋼筋混凝土造,82年7月26日,二十二層,,
RPWPMLMJOHLGFAF78CC,,29.74,住家用,加強磚造,,三層,,
RPTPMLMJOHLGFAF48CC,5,58.03,集合住宅,鋼筋混凝土造,110年11月10日,二十三層,,
RPTPMLMJOHLGFAF48CC,5,64.32,本共有部分項目有：供管委會使用空間（二），排煙室Ａ，梯廳，供管委會使用空間（一），排煙室Ｂ，過廊，機房，樓電梯間，樓梯間，電梯機房，消防水箱，水箱，機房挑空，泳池機房，進風管道，發電機排風管道，發電機房，電信機房，防災中心，台電配電場所，垃圾儲藏室，防空避難室兼停車空間，垃圾車位兼裝卸車位，無障礙停車，水箱Ａ，停車空間，配電盤，水箱Ｂ，雨水機房等２９項。,本案地下五層至地下二層及地上七層至屋突三層為鋼筋混凝土構造，地下一層至地上六層為鋼骨鋼筋混凝土構造。,110年11月10日,二十三層,,
RPPNMLLJOHLGFBF97DC,32,25.25,商業用,鋼筋混凝土造,83年8月19日,十三層,,
RPPNMLLJOHLGFBF97DC,32,5.88,共有部分,鋼筋混凝土造,83年8月19日,十三層,,
RPXOMLMJOHLGFBF88CC,8,97.92,集合住宅,鋼筋混凝土造,107年10月23日,九層,,
RPXOMLMJOHLGFBF88CC,8,36.42,本共有部分之項目有管理委員會使用空間、陽台、梯廳、甲梯（無障礙）、乙梯、＃１（電梯）、＃２（無障礙電梯）、雨遮、樓梯間、消防水箱、機械室、水箱等１２項。,鋼筋混凝土造,107年10月23日,九層,,
RPXOMLMJOHLGFBF88CC,8,46.63,本共有部分項目有梯廳、甲梯（無障礙）、＃２（無障礙電梯）、停車空間、垃圾暫存空間、電信機房、緊急發電機室、台電配電場所、蓄水池、消防泵機房等１０項。,鋼筋混凝土造,107年10月23日,九層,,
RPPPMLMJOHLGFBF18CC,40,116.18,住商用,鋼筋混凝土造,75年7月19日,二層,,
RPTPMLMJOHLGFBF58CC,2,62.37,集合住宅,鋼筋混凝土造,113年5月9日,十五層,,
RPTPMLMJOHLGFBF58CC,2,32.42,本共有部分之項目有地下室排風、發電機房排煙管道、Ａ２無障礙戶外安全梯、管委會空間、汽機車車道、６米緩衝空間、無障礙廁所迴轉空間、緊急升降機、排煙室、一般升降機、供行動不便者使用電梯、Ａ１特別安全梯、梯廳、梯間、機房、水箱（一）、水箱（二）、Ａ２一般安全梯、發電機房、垃圾儲藏室、垃圾車暫停車位、Ａ１無障礙安全梯、機坑、台電配電場所、停車空間、水箱、消防機房、防空避難室兼停車空間等２８項。,鋼筋混凝土造,113年5月9日,十五層,,
RPOPMLMJOHLGFBF08CC,9,86.57,集合住宅,鋼筋混凝土造,106年3月3日,十五層,,
RPOPMLMJOHLGFBF08CC,9,72.28,本共有部分項目有梯廳、排煙室、公共服務空間、廣場式開放空間（頂蓋型）、電梯機房、機電設備空間、消防水箱、水箱、停車空間、台電配電場所、發電機室、變電室、進風管道、排風管道、消防機房、陽台等１６項。,鋼筋混凝土造,106年3月3日,十五層,,
RPRPMLMJOHLGFBF38CC,2,77.76,集合住宅,鋼筋混凝土造,112年12月18日,十三層,,
RPRPMLMJOHLGFBF38CC,2,61.66,本共有部分之項目有戶外安全梯Ａ、安全梯Ｂ（無障礙）、戶外安全梯Ｂ（無障礙）、排煙室、緊急升降機、無障礙升降機、梯廳、管委會使空間（一）、管委會使用空間（二）、管委會使用空間（三）、管委會使用空間（四）、機房、樓梯間、電梯機房、水箱、電信室、停車空間、垃圾車、垃圾儲存室、台電配電室、消防泵浦室、發電機室、生活水箱、雨水機房等２４項。,鋼筋混凝土造,112年12月18日,十三層,,
RPWOMLMJOHLGFBF78CC,7,57.20,集合住宅,鋼筋混凝土造,108年5月31日,二十九層,,
RPQOMLMJOHLGFBF18CC,31,17.85,住家用,鋼筋混凝土造,84年10月18日,十六層,,
RPQOMLMJOHLGFBF18CC,31,3.78,共有部分,鋼筋混凝土造,84年10月18日,十六層,,
RPWOMLMJOHLGFBF78CC,7,49.43,本共有部分之項目有梯間、梯廳、排煙室、公共服務空間、雨遮、門廳、陽台、機房、屋頂水箱、電梯機房、消防機房、消防水箱、停車空間、中繼消防水箱、中繼消防機房、電錶區、防災中心、緊急發電室、垃圾暫存空間、台電配電場所、電信機房、泳池設備、消防泵浦機房、水箱、污水機房等２５項。,鋼筋混凝土造,108年5月31日,二十九層,,
RPUNMLMJOHLGFBF48CC,2,64.33,集合住宅,鋼筋混凝土造,113年11月19日,十四層,,
RPQOMLMJOHLGFBF18CC,31,.41,共有部分,鋼筋混凝土造,84年10月18日,十六層,,
RPUNMLMJOHLGFBF48CC,2,23.77,本共有部分之項目有一般安全梯Ａ、弱電、消防Ａ／給水Ａ、排煙室、無障礙升降機、緊急升降機、走廊、門廳、梯廳、一般安全梯Ｂ、管委會空間、電信機房、無障礙廁所、儲藏室、管道間、陽台、水錶室Ａ、水錶室Ｂ、屋頂消防水箱、電梯機房、屋頂水箱、停車空間、台電配電場所、汽車坡道、（無障礙樓梯）、採光井、地下室進風管道、地下室排風管道、垃圾處理室、機坑、電表室、發電機室、雨水回收機房、日用水箱Ａ等３４項,鋼筋混凝土造,113年11月19日,十四層,,
RPQOMLMJOHLGFBF18CC,31,3.32,共有部分,鋼筋混凝土造,84年10月18日,十六層,,
RPUNMLMJOHLGFBF48CC,2,7.19,本共有部分之項目有梯廳等１項,鋼筋混凝土造,113年11月19日,十四層,,
RPVNMLMJOHLGFBF58CC,11,83.98,集合住宅,鋼筋混凝土造,104年1月29日,十六層,,
RPVNMLMJOHLGFBF58CC,11,15.62,集合住宅,鋼筋混凝土造,104年1月29日,十六層,,
RPWPMLMJOHLGFBF88CC,24,133.00,超級市場,鋼筋混凝土造,91年8月19日,十三層,,
RPVNMLMJOHLGFBF58CC,11,5.26,本共有部分之項目有樓梯間、車道、通道、排煙室、電信機房、電氣室、公共發電機室、雨水回收機房、消防泵浦機房等９項。,鋼筋混凝土造,104年1月29日,十六層,,
RPWPMLMJOHLGFBF88CC,24,32.00,共有部分,鋼筋混凝土造,91年8月19日,十三層,,
RPWPMLMJOHLGFBF88CC,24,18.00,共有部分,鋼筋混凝土造,91年8月19日,十三層,,
RPVNMLMJOHLGFBF58CC,11,54.21,本共有部分之項目有住宅入口大廳、會客區、儲藏室、郵件室、排煙室、梯廳、樓梯間、走道、防災中心、管道間、管委會使用空間、台電配電場所、中繼水箱室、停車空間、住宅機車停車空間、排風機房、送風機房、水箱、游泳池機房、機房、污水機房、住宅垃圾處理室、電梯機房、住戶水表室、住宅水箱室、泵浦等２６項。,鋼筋混凝土造,104年1月29日,十六層,,
RPXPMLMJOHLGFBF98CC,24,232.86,超級市場,鋼筋混凝土造,91年8月19日,十三層,,
RPXPMLMJOHLGFBF98CC,24,54.04,共有部分,鋼筋混凝土造,91年8月19日,十三層,,
RPPOMLMJOHLGFBF08CC,45,66.94,住家用,鋼筋混凝土造,70年11月19日,四層,,
RPXPMLMJOHLGFBF98CC,24,29.92,共有部分,鋼筋混凝土造,91年8月19日,十三層,,
RPROMLMJOHLGFBF28CC,15,68.11,一般事務所,鋼筋混凝土造,100年6月23日,十二層,,
RPROMLMJOHLGFBF28CC,15,22.90,本共有部分之項目有梯間、陽台、走廊、社區活動中心、雨遮、機房、水箱底、一般零售業、一般事務所、車道、停車空間、台電配電場所、電信機房、發電機房、消防機房、蓄水池等１６項。,鋼筋混凝土造,100年6月23日,十二層,,
RPUOMLMJOHLGFBF58CC,11,70.13,集合住宅,鋼筋混凝土造,103年12月2日,七層,,
RPUOMLMJOHLGFBF58CC,11,60.20,本共有部分之用途有梯廳，門廳，管委會使用空間，等候空間，車道，自行車停車區，樓梯間、機械房，水箱，停車空間，台電配電場所，受電箱，梯間，垃圾貯藏空間，電信機房，消防機房，污水機房，發電機房，等１８項。,鋼筋混凝土造,103年12月2日,七層,,
RPSNMLMJOHLGFBF28CC,32,89.48,住家用,鋼筋混凝土造,83年7月2日,十六層,,
RPSNMLMJOHLGFBF28CC,32,18.71,共有部分,鋼筋混凝土造,83年7月2日,十六層,,
RPTNMLMJOHLGFBF38CC,11,43.10,集合住宅,鋼筋混凝土造,104年1月29日,十六層,,
RPTNMLMJOHLGFBF38CC,11,3.97,集合住宅,鋼筋混凝土造,104年1月29日,十六層,,
RPTNMLMJOHLGFBF38CC,11,2.48,本共有部分之項目有樓梯間、車道、通道、排煙室、電信機房、電氣室、公共發電機室、雨水回收機房、消防泵浦機房等９項。,鋼筋混凝土造,104年1月29日,十六層,,
RPTNMLMJOHLGFBF38CC,11,25.68,本共有部分之項目有住宅入口大廳、會客區、儲藏室、郵件室、排煙室、梯廳、樓梯間、走道、防災中心、管道間、管委會使用空間、台電配電場所、中繼水箱室、停車空間、住宅機車停車空間、排風機房、送風機房、水箱、游泳池機房、機房、污水機房、住宅垃圾處理室、電梯機房、住戶水表室、住宅水箱室、泵浦等２６項。,鋼筋混凝土造,104年1月29日,十六層,,
RPRNMLMJOHLGFBF18CC,3,59.21,集合住宅,鋼筋混凝土造,112年9月23日,二十四層,,
RPRNMLMJOHLGFBF18CC,3,54.80,本共有部分之項目有特別安全梯、陽台、無障礙樓梯、一般安全梯、排煙室、公服空間、梯廳、管委會空間、緩衝空間、梯間、水箱、消防機房、消防水箱、停車空間、垃圾車停車位、裝卸車位、垃圾儲藏室、防災中心、消防中繼機房、電信機房、電梯機房、緊急發電機房、台電配電場所、無障礙昇降機、緊急昇降機等２５項,鋼筋混凝土造,112年9月23日,二十四層,,
RPPNMLMJOHLGFBF97CC,23,80.17,住家用,鋼筋混凝土造,92年3月4日,十四層,,
RPPNMLMJOHLGFBF97CC,23,48.90,共有部分,鋼筋混凝土造,92年3月4日,十四層,,
RPTNMLMJOHLGFCF48CC,27,80.34,住家用,鋼筋混凝土造,87年12月17日,六層,,
RPTNMLMJOHLGFCF48CC,27,7.03,共有部分,鋼筋混凝土造,87年12月17日,六層,,
RPTNMLMJOHLGFCF48CC,27,15.64,共有部分,鋼筋混凝土造,87年12月17日,六層,,
RPPNMLMJOHLGFCF08CC,,47.60,集合住宅,鋼筋混凝土構造,115年1月16日,七層,,
RPPNMLMJOHLGFCF08CC,,24.43,本共有部分項目計有：安全梯、無障礙電梯、機械室、機車停車空間、排煙室、緊急昇降機、無障礙安全梯、機電設備空間、Ｂ１Ｆ梯間、１Ｆ機車道、無障礙停車位、１Ｆ梯廳、管委會空間、電信機房、無障礙安全梯、梯廳、騎樓、機房、防空避難室兼停車空間、汽車昇降機房、汽車昇降機、台電配電場所、電表室、梯間、停車空間、緊急發電機室、蓄水池、消防機械室戶外安全梯、消防水箱、電梯機房、屋頂水箱等共計３２項。,鋼筋混凝土構造,115年1月16日,七層,,
RPRNMLMJOHLGFCF28CC,36,24.54,見使用執照,鋼筋混凝土造,79年3月13日,二層,,
RPUNMLMJOHLGFCF58CC,36,155.73,住家用,鋼筋混凝土造,79年6月19日,四層,,
RPUNMLMJOHLGFCF58CC,36,30.04,見使用執照,鋼筋混凝土造,79年6月19日,四層,,
RPPQMLMJOHLGFBF28CC,1,84.75,集合住宅,鋼筋混凝土造,114年7月28日,十五層,,
RPPQMLMJOHLGFBF28CC,1,75.77,本共有部分之項目有台電配電場所、機房、公共服務空間（Ｃ）多功能會議室、戶外安全梯（Ｂ２）、梯廳、公共服務空間（Ａ）健身房、公共服務空間（Ｂ）交誼廳、管委會使用空間（Ｃ）、戶外安全梯（Ａ２）、一般客用、排煙室Ａ（梯廳）、緊急升降機兼無障礙用、無障礙戶外安全梯（Ａ１）、管委會使用空間（Ａ）、管委會使用空間（Ｂ）、無障礙安全梯（Ｃ）、排煙室Ｂ（梯廳）、無障礙戶外安全梯（Ｂ１）、陽台、排煙室（梯廳）、戶外安全梯（Ｂ１）、機械室、水箱、戶外安全梯（Ａ１）、消防水箱、台電管道間、排煙室Ｂ（梯間）、停車空間、垃圾暫停車位、垃圾暫存區、排煙室Ａ（梯間）、機車停車區（Ａ）、機車停車區（Ｂ）、蓄水池（Ａ）、蓄水池（Ｂ）、電信機房、雨水機房、發電機室、消防機房等３９項。,鋼筋混凝土造,114年7月28日,十五層,,
RPQNMLMJOHLGFDF28CC,7,196.44,廠房,鋼骨構造,108年1月23日,三十七層,,
RPSNMLMJOHLGFCF38CC,27,92.68,住家用,鋼筋混凝土造,88年5月11日,四層,,
RPSNMLMJOHLGFCF38CC,27,22.22,共有部分,鋼筋混凝土造,88年5月11日,四層,,
RPQNMLMJOHLGFDF28CC,12,26.02,本共有部分之項目有接駁車等候區、特別安全梯排煙室、梯廳、緊急升降機間排煙室、污排水、梯間、廊道、走廊、電扶梯、風除室、空調主機房、低壓集中錶箱、電梯機房、信箱間、空調機房、清潔室、男廁、女廁、高層樓門廳、空調補給水箱、自來水蓄水池、陽台、排煙機房及空調機房、機房、汽車專用道、貨車車道、機車專用道、油槽室、發電機房、排氣管道、進氣管道、台電配電室、公共區變電室、電信機房、變電室走廊、往車站月台、防災中心辦公室、防災中心、電氣機房、排氣機房、管道間、進氣機房、貨車垃圾車專用道、貨車專用道、電氣室、垃圾間、冰水污排水、管委會使用空間、停車場管理室、管理員室、台電專用管道、電梯機坑、污水機房、雲端資訊機房、雨水處理機房及噴灌機房、消防泵浦室等５６項。,鋼骨構造,103年10月13日,三十七層,,
RPQNMLMJOHLGFDF28CC,12,10.65,本共有部分之項目有裝卸位編號（５～３６、４９～５８、６１～８２、８６～８８）、儲藏室、管委會使用空間、男廁、女廁、走廊、機車停車區、機車專用道、管理員室等９項。,鋼骨構造,103年10月13日,三十七層,,
RPQNMLMJOHLGFDF28CC,12,8.32,本共有部分之項目有電梯機坑、空調機房及管道、梯廳、電梯機房、消防水池、消防泵浦室、特別安全梯排煙室、客梯廳、走廊、男廁、女廁、茶水間、低壓集中錶箱、電氣室、緊急升降機間排煙室、貨梯廳、垃圾間、變電室、垃圾集中室、蓄水池、泵浦室等２１項。,鋼骨構造,103年10月13日,三十七層,,
RPQNMLMJOHLGFDF28CC,7,76.03,本共有部分之項目有特別安全梯排煙室、貨梯廳、電氣室、緊急升降機間排煙室、垃圾間、低壓集中錶箱、茶水間、男廁、女廁、走廊、空調機房及管道、客梯廳、自來水中間水箱、陽台、消防水箱、消防中間機房、新鮮空氣引進機房、電梯機房、自來水蓄水池、排氣機房、電信機房、儲藏室、台電配電室、機房、消防水池、走道、排煙室、梯廳、梯間、蓄水池、水箱室、哺乳室等３２項。,鋼骨構造,108年1月23日,三十七層,,
RPVNMLMJOHLGFCF68CC,44,87.72,住家用,鋼筋混凝土造,70年12月31日,五層,,
RPPNMLMJOHLGFDF18CC,7,203.35,廠房,鋼骨構造,108年1月23日,三十七層,,
RPQNMLMJOHLGFCF18CC,40,27.72,住家用,鋼筋混凝土造,75年5月19日,三層,,
RPPNMLMJOHLGFDF18CC,12,27.02,本共有部分之項目有接駁車等候區、特別安全梯排煙室、梯廳、緊急升降機間排煙室、污排水、梯間、廊道、走廊、電扶梯、風除室、空調主機房、低壓集中錶箱、電梯機房、信箱間、空調機房、清潔室、男廁、女廁、高層樓門廳、空調補給水箱、自來水蓄水池、陽台、排煙機房及空調機房、機房、汽車專用道、貨車車道、機車專用道、油槽室、發電機房、排氣管道、進氣管道、台電配電室、公共區變電室、電信機房、變電室走廊、往車站月台、防災中心辦公室、防災中心、電氣機房、排氣機房、管道間、進氣機房、貨車垃圾車專用道、貨車專用道、電氣室、垃圾間、冰水污排水、管委會使用空間、停車場管理室、管理員室、台電專用管道、電梯機坑、污水機房、雲端資訊機房、雨水處理機房及噴灌機房、消防泵浦室等５６項。,鋼骨構造,103年10月13日,三十七層,,
RPPNMLMJOHLGFDF18CC,12,10.83,本共有部分之項目有裝卸位編號（５～３６、４９～５８、６１～８２、８６～８８）、儲藏室、管委會使用空間、男廁、女廁、走廊、機車停車區、機車專用道、管理員室等９項。,鋼骨構造,103年10月13日,三十七層,,
RPPNMLMJOHLGFDF18CC,12,8.50,本共有部分之項目有電梯機坑、空調機房及管道、梯廳、電梯機房、消防水池、消防泵浦室、特別安全梯排煙室、客梯廳、走廊、男廁、女廁、茶水間、低壓集中錶箱、電氣室、緊急升降機間排煙室、貨梯廳、垃圾間、變電室、垃圾集中室、蓄水池、泵浦室等２１項。,鋼骨構造,103年10月13日,三十七層,,
RPPNMLMJOHLGFDF18CC,7,77.64,本共有部分之項目有特別安全梯排煙室、貨梯廳、電氣室、緊急升降機間排煙室、垃圾間、低壓集中錶箱、茶水間、男廁、女廁、走廊、空調機房及管道、客梯廳、自來水中間水箱、陽台、消防水箱、消防中間機房、新鮮空氣引進機房、電梯機房、自來水蓄水池、排氣機房、電信機房、儲藏室、台電配電室、機房、消防水池、走道、排煙室、梯廳、梯間、蓄水池、水箱室、哺乳室等３２項。,鋼骨構造,108年1月23日,三十七層,,
RPUNMLMJOHLGFDF68CC,43,87.93,住家用,鋼筋混凝土造,72年2月28日,五層,,
RPSNMLMJOHLGFDF48CC,7,203.35,廠房,鋼骨構造,108年1月23日,三十七層,,
RPSNMLMJOHLGFDF48CC,12,27.02,本共有部分之項目有接駁車等候區、特別安全梯排煙室、梯廳、緊急升降機間排煙室、污排水、梯間、廊道、走廊、電扶梯、風除室、空調主機房、低壓集中錶箱、電梯機房、信箱間、空調機房、清潔室、男廁、女廁、高層樓門廳、空調補給水箱、自來水蓄水池、陽台、排煙機房及空調機房、機房、汽車專用道、貨車車道、機車專用道、油槽室、發電機房、排氣管道、進氣管道、台電配電室、公共區變電室、電信機房、變電室走廊、往車站月台、防災中心辦公室、防災中心、電氣機房、排氣機房、管道間、進氣機房、貨車垃圾車專用道、貨車專用道、電氣室、垃圾間、冰水污排水、管委會使用空間、停車場管理室、管理員室、台電專用管道、電梯機坑、污水機房、雲端資訊機房、雨水處理機房及噴灌機房、消防泵浦室等５６項。,鋼骨構造,103年10月13日,三十七層,,
RPSNMLMJOHLGFDF48CC,12,10.83,本共有部分之項目有裝卸位編號（５～３６、４９～５８、６１～８２、８６～８８）、儲藏室、管委會使用空間、男廁、女廁、走廊、機車停車區、機車專用道、管理員室等９項。,鋼骨構造,103年10月13日,三十七層,,
RPWNMLMJOHLGFCF78CC,8,17.41,集合住宅,鋼筋混凝土構造,107年9月4日,六層,,
RPSNMLMJOHLGFDF48CC,12,8.50,本共有部分之項目有電梯機坑、空調機房及管道、梯廳、電梯機房、消防水池、消防泵浦室、特別安全梯排煙室、客梯廳、走廊、男廁、女廁、茶水間、低壓集中錶箱、電氣室、緊急升降機間排煙室、貨梯廳、垃圾間、變電室、垃圾集中室、蓄水池、泵浦室等２１項。,鋼骨構造,103年10月13日,三十七層,,
RPWNMLMJOHLGFCF78CC,8,14.38,本共有部分之項目有消防泵浦室、走道、水池、台電配備室、電信室、緊急發電機室、陽台、梯廳、管委會、車位編號２３至２６號、停車空間、樓梯間、機房、水箱及消防水池等１６項。,鋼筋混凝土構造,107年9月4日,六層,,
RPSNMLMJOHLGFDF48CC,7,77.64,本共有部分之項目有特別安全梯排煙室、貨梯廳、電氣室、緊急升降機間排煙室、垃圾間、低壓集中錶箱、茶水間、男廁、女廁、走廊、空調機房及管道、客梯廳、自來水中間水箱、陽台、消防水箱、消防中間機房、新鮮空氣引進機房、電梯機房、自來水蓄水池、排氣機房、電信機房、儲藏室、台電配電室、機房、消防水池、走道、排煙室、梯廳、梯間、蓄水池、水箱室、哺乳室等３２項。,鋼骨構造,108年1月23日,三十七層,,
RPRNMLMJOHLGFDF38CC,7,194.07,廠房,鋼骨構造,108年1月23日,三十七層,,
RPRNMLMJOHLGFDF38CC,12,25.52,本共有部分之項目有接駁車等候區、特別安全梯排煙室、梯廳、緊急升降機間排煙室、污排水、梯間、廊道、走廊、電扶梯、風除室、空調主機房、低壓集中錶箱、電梯機房、信箱間、空調機房、清潔室、男廁、女廁、高層樓門廳、空調補給水箱、自來水蓄水池、陽台、排煙機房及空調機房、機房、汽車專用道、貨車車道、機車專用道、油槽室、發電機房、排氣管道、進氣管道、台電配電室、公共區變電室、電信機房、變電室走廊、往車站月台、防災中心辦公室、防災中心、電氣機房、排氣機房、管道間、進氣機房、貨車垃圾車專用道、貨車專用道、電氣室、垃圾間、冰水污排水、管委會使用空間、停車場管理室、管理員室、台電專用管道、電梯機坑、污水機房、雲端資訊機房、雨水處理機房及噴灌機房、消防泵浦室等５６項。,鋼骨構造,103年10月13日,三十七層,,
RPRNMLMJOHLGFDF38CC,12,10.48,本共有部分之項目有裝卸位編號（５～３６、４９～５８、６１～８２、８６～８８）、儲藏室、管委會使用空間、男廁、女廁、走廊、機車停車區、機車專用道、管理員室等９項。,鋼骨構造,103年10月13日,三十七層,,
RPRNMLMJOHLGFDF38CC,12,8.21,本共有部分之項目有電梯機坑、空調機房及管道、梯廳、電梯機房、消防水池、消防泵浦室、特別安全梯排煙室、客梯廳、走廊、男廁、女廁、茶水間、低壓集中錶箱、電氣室、緊急升降機間排煙室、貨梯廳、垃圾間、變電室、垃圾集中室、蓄水池、泵浦室等２１項。,鋼骨構造,103年10月13日,三十七層,,
RPPNMLMJOHLGFEF28CC,30,47.42,住家用,鋼筋混凝土造,85年2月17日,十三層,,
RPRNMLMJOHLGFDF38CC,7,75.07,本共有部分之項目有特別安全梯排煙室、貨梯廳、電氣室、緊急升降機間排煙室、垃圾間、低壓集中錶箱、茶水間、男廁、女廁、走廊、空調機房及管道、客梯廳、自來水中間水箱、陽台、消防水箱、消防中間機房、新鮮空氣引進機房、電梯機房、自來水蓄水池、排氣機房、電信機房、儲藏室、台電配電室、機房、消防水池、走道、排煙室、梯廳、梯間、蓄水池、水箱室、哺乳室等３２項。,鋼骨構造,108年1月23日,三十七層,,
RPPNMLMJOHLGFEF28CC,30,2.16,共有部分,鋼筋混凝土造,85年2月17日,十四層,,
RPPNMLMJOHLGFEF28CC,30,8.83,共有部分,鋼筋混凝土造,85年2月17日,十四層,,
RPPNMLMJOHLGFEF28CC,30,38.49,共有部分,鋼筋混凝土造,85年2月17日,十四層,,
RPRNMLMJOHLGFEF48CC,15,64.28,住家用,鋼筋混凝土造,100年4月14日,十九層,,
RPXNMLMJOHLGFEF09CC,15,95.14,住家用,鋼筋混凝土造,100年11月4日,十五層,,
RPRNMLMJOHLGFEF48CC,15,13.22,本案共有部分項目有樓電梯間、中繼機房、陽台等３項,鋼筋混凝土造,100年4月14日,十九層,,
RPXNMLMJOHLGFEF09CC,15,40.12,本共有部分之項目發電機室、管委會空間、騎樓、汽車車道、陽台、防空避難室兼停車空間、樓電梯間、電梯間、台電配電場所、電信機房、停車空間、雨遮、蓄水池、機械室、水箱等１５項,鋼筋混凝土造,100年11月4日,十五層,,
RPRNMLMJOHLGFEF48CC,15,15.93,本案共有部分項目有樓電梯間、機房、水箱、門廳、管委會使用空間、防災中心、健身房、陽台、通廊、停車空間、樓梯間、台電配電室、受電室、垃圾儲存室、台電管道間、發電機房、電信機房、消防機房、鼓風機房等１９項,鋼筋混凝土造,100年4月14日,十九層,,
RPUNMLMJOHLGFEF78CC,5,65.46,集合住宅,鋼筋混凝土造,110年4月16日,十五層,,
RPUQMLMJOHLGFBF78CC,26,124.02,住家用,鋼筋混凝土造,89年2月10日,六層,,
RPUNMLMJOHLGFEF78CC,5,16.42,本共有部分之項目有：等侯空間、車道、排煙室、梯廳、管理員室、行動不便樓梯、通廊、管委會使用空間、垃圾儲存空間、垃圾車停車空間、電錶箱位置、停車空間、電信機房、電梯機坑、台電配電場所、機房、水箱、發電機房、消防機房、污水機房、雨水過濾機房等２１項,鋼筋混凝土造,110年4月16日,十五層,,
RPUNMLMJOHLGFEF78CC,5,13.36,本共有部分之項目有：特別安全梯、戶外安全梯、排煙室、梯廳、行動不便樓梯、機房、水箱等７項,鋼筋混凝土造,110年4月16日,十五層,,
RPSNMLMJOHLGFEF58CC,16,72.87,住家用,鋼筋混凝土造,99年11月2日,十一層,,
RPSNMLMJOHLGFEF58CC,16,63.03,本共有部分之項目有水箱、電樓梯間、污水機房、消防水池、消防機房、緊急發電機房、防空避難室兼停車空間、垃圾儲存空間、停車空間、車道、電信機房、迴廊、電梯機房、公共服務空間、管委會使用空間等１５項,鋼筋混凝土造,99年11月2日,十一層,,
RPUQMLMJOHLGFBF78CC,26,43.27,共有部分,鋼筋混凝土造,89年2月10日,六層,,
RPQQMLMJOHLGFBF38CC,8,14.87,集合住宅,鋼筋混凝土造,107年1月12日,十一層,,
RPOOMLMJOHLGFEF28CC,7,60.72,住家用,鋼筋混凝土造,108年2月22日,二十三層,,
RPQQMLMJOHLGFBF38CC,8,11.69,本共有部分項目有安全梯、緊急發電機室、消防泵浦室、組合式水箱、客貨兩用昇降機、昇降機機房、門廳、垃圾暫存室、電信機房、梯廳、防空避難室兼停車空間、發電機室進氣、發電機室排氣、台電配電場所、昇降機房、電錶箱空間（機電空間）、陽台、騎樓等１８項。,鋼筋混凝土造,107年1月12日,十一層,,
RPOOMLMJOHLGFEF28CC,7,52.49,本共有部分有：停車空間、電梯機房、（高架地板）、１．８Ｍ防火門、１：７．０３汽車坡道、１：８汽車坡道、大廳、女廁、中繼泵浦室、公共設施空間、水池、水箱、水箱（公設）、台電配電室一區、台電配電室二區、台電配電室三區、台電配電室四區、地排水池、安全梯、自行車位停放區、行動不便廁所、沉砂池、男廁、防火乘場門、防災中心、垃圾貯存空間（一）、垃圾貯存空間（二）、昇降機道、門廳、雨水回收池、雨水泵浦機房、雨水滯留池、屋頂水箱、泵浦室、消防中繼機房、消防水池、消防水箱、消防機房、特別安全梯、特別安全梯兼無障礙梯、無障礙梯、停車空間兼防空避難室、排風管道、排氣墩、排煙室、梯間、梯廳、景觀機房、電信室、電梯、截水溝、管委會空間、緊急昇降機、緊急昇降機兼行動不便梯、緊急昇降機兼行動不便電梯、緊急昇降機道、緊急發電機室（一）、緊急發電機室（二）、機房、騎樓、警衛室。等６１項,鋼筋混凝土造,108年2月22日,二十六層,,
RPPOMLMJOHLGFEF38CC,8,58.92,住家用,鋼筋混凝土造,106年12月29日,二十七層,,
RPOPMLMJOHLGFEF38CC,1,74.90,集合住宅,鋼筋混凝土造,114年3月14日,二十三層,,
RPTOMLMJOHLGFEF78CC,29,59.61,住家用,鋼筋混凝土造,85年12月2日,十三層,,
RPPOMLMJOHLGFEF38CC,8,27.32,本共有部分項目：騎樓、接待大廳、梯廳、管委會使用空間、排煙室、陽台、緩衝空間６＊１２、人行通廊、走道、防災中心、商業管委會使用空間、女廁、男廁、男按摩池、女按摩池、男更衣室、女更衣室、樓梯間、機房、機械室、水箱、中繼消防水箱、泵浦區、中繼消防機房、Ｂ梯廳排煙室、Ｂ棟電錶室、昇降機坑、排風機房、電信室（Ａ）、台電配電室（Ｄ）、受電箱通道、Ｈ梯廳排煙室、Ｈ棟電錶室、停車空間、Ｉ棟電錶室、Ｉ梯廳排煙室、電信室（Ｂ）、儲油室、緊急發電機室（Ｂ）（兼大公變電室）、台電配電室（Ｃ）、Ｆ棟電錶室、Ｆ梯廳排煙室、消防中繼水箱、消防中繼機房（兼揚水泵浦機房）、游泳池專用水箱－１、游泳池專用水箱－２、Ｅ梯廳排煙室、Ｅ棟電錶室、Ａ梯廳排煙室、Ａ棟電錶室、緊急發電機室（Ａ）（兼大公變電室）、垃圾儲藏室、游泳池機房、車道、防空避難室兼停車空間、排風管道、進風管道、Ｃ梯廳排煙室、Ｃ棟電錶室、台電配電室（Ｂ）、Ｄ梯廳排煙室、Ｄ棟電錶室、Ａ棟小公變電室、Ｈ棟小公變電室、Ｉ棟小公變電室、Ｅ棟水箱－１、Ｅ棟小公變電室、Ｄ棟水箱－１、Ｃ棟小公變電室、Ｄ棟小公變電室、Ｂ棟小公變電室、Ｅ棟水箱－２、Ｄ棟水箱－２、Ｆ棟小公變電室、Ａ棟水箱、Ｂ棟水箱、共同泵浦區、Ｈ棟水箱、Ｉ棟水箱、消防泵浦室、雨水過濾機房、Ｆ棟水箱、Ｃ棟水箱、住宅臨停車位１～５４、商業臨停車位１～２０、裝卸車位１～３、＃３、＃６、＃９、＃１２、＃１５、＃１８、＃２１、＃２４緊急昇降機（行動不便者電梯）、安全梯（Ｃ）、安全梯（Ｂ）、垃圾車位、機車停車空間、安全梯（Ａ）、特別安全梯（Ａ）、特別安全梯（Ｂ）、ａ梯、ｂ梯、ｃ梯、台電配電室（Ａ）、＃２５昇降機、＃２６昇降機等１０７項。,鋼筋混凝土造,106年12月29日,二十七層,,
RPPPMLMJOHLGFEF48CC,37,34.38,住家用,鋼筋混凝土造,78年3月10日,五層,,
RPTOMLMJOHLGFEF78CC,29,2.92,共有部分,鋼筋混凝土造,85年12月2日,十六層,,
RPOPMLMJOHLGFEF38CC,1,66.48,本共有部分之項目有：梯廳、公共儲藏室、自行車停車位、受電箱室、緊急發電機室、台電配電室、機房、水箱、總受水箱、溫泉水箱、進氣機房、排氣機房、消防泵浦室、雨水過濾機房、電梯機房、昇降機、機械房、管委會空間、無障礙安全梯、機電設備空間、緊急升降梯無障礙電梯、引導設施、管委會使用空間、排煙室、消防水箱、特別安全梯、無障礙特別安全梯、垃圾儲藏空間、廁所、垃圾車停車位、水池、中繼消防機房、高層建築出入口緩衝空間、防災中心、陽台、安全梯、公共緊急發電機室、觀景池機房、電氣室、公共台電配電室、無障礙昇降梯、電信機房、女廁、男廁、汽車坡道等４５項,鋼筋混凝土構造、鋼構造,114年3月14日,二十三層,,
RPPPMLMJOHLGFEF48CC,37,11.70,共有部分,鋼筋混凝土造,78年3月10日,五層,,
RPTOMLMJOHLGFEF78CC,29,9.25,共有部分,鋼筋混凝土造,85年12月2日,十六層,,
RPQOMLMJOHLGFEF48CC,7,41.64,住家用,鋼筋混凝土造,108年2月22日,二十層,,
RPQOMLMJOHLGFEF48CC,7,46.38,本共有部分有：停車空間、電梯機房、（高架地板）、１．８Ｍ防火門、１：７．０３汽車坡道、１：８汽車坡道、大廳、女廁、中繼泵浦室、公共設施空間、水池、水箱、水箱（公設）、台電配電室一區、台電配電室二區、台電配電室三區、台電配電室四區、地排水池、安全梯、自行車位停放區、行動不便廁所、沉砂池、男廁、防火乘場門、防災中心、垃圾貯存空間（一）、垃圾貯存空間（二）、昇降機道、門廳、雨水回收池、雨水泵浦機房、雨水滯留池、屋頂水箱、泵浦室、消防中繼機房、消防水池、消防水箱、消防機房、特別安全梯、特別安全梯兼無障礙梯、無障礙梯、停車空間兼防空避難室、排風管道、排氣墩、排煙室、梯間、梯廳、景觀機房、電信室、電梯、截水溝、管委會空間、緊急昇降機、緊急昇降機兼行動不便梯、緊急昇降機兼行動不便電梯、緊急昇降機道、緊急發電機室（一）、緊急發電機室（二）、機房、騎樓、警衛室。等６１項,鋼筋混凝土造,108年2月22日,二十六層,,
RPQPMLMJOHLGFEF58CC,37,17.34,住家用,鋼筋混凝土造,78年11月17日,五層,,
RPQPMLMJOHLGFEF58CC,37,.81,共有部分,鋼筋混凝土造,78年11月17日,五層,,
RPRPMLMJOHLGFEF68CC,2,80.74,集合住宅,鋼筋混凝土造,113年9月27日,九層,,
RPRPMLMJOHLGFEF68CC,2,2.74,本共有部分之項目有：Ｂ１梯、Ｂ２梯、Ｂ梯廳、Ｂ梯間、無障礙昇降機、門廊、機械室、水箱等８項,鋼筋混凝土造,113年9月27日,九層,,
RPRPMLMJOHLGFEF68CC,2,2.33,本共有部分之項目有：管委會使用空間、頂蓋型開放空間等２項,鋼筋混凝土造,113年9月27日,九層,,
RPRPMLMJOHLGFEF68CC,2,54.36,本共有部分項目有：無障礙昇降機、停車空間、防空避難室兼停車空間、車道、消防機房、機房、垃圾車位、裝卸車位、電信機房、發電機房、電錶牆、垃圾儲藏室、台電配電場所通道、受電箱、台電配電場所、水箱Ａ、水箱Ｂ、水箱Ｃ、水箱Ｄ、Ａ梯間、Ｂ梯間、Ｃ梯間、Ｂ３梯等２３項,鋼筋混凝土造,113年9月27日,九層,,
RPTPMLMJOHLGFEF88CC,32,21.86,商業用,鋼筋混凝土造,83年11月8日,七層,,
RPTPMLMJOHLGFEF88CC,32,9.30,共有部分,鋼筋混凝土造,83年11月8日,七層,,
RPQNMLMJOHLGFEF38CC,2,53.41,集合住宅,鋼筋混凝土造,113年7月30日,十五層,,
RPQNMLMJOHLGFEF38CC,2,46.94,本共有部分項目有：無障礙戶外安全梯、一般昇降機、無障礙兼緊急昇降機、Ａ排煙室、Ｂ排煙室、戶外安全梯、Ａ梯廳、Ｂ梯廳、管委會１、管委會２、管委會３、管委會４、Ａ樓梯間、Ｂ樓梯間、昇降機房、Ａ水箱、Ｂ水箱、防空避難室兼停車空間、自行車停車空間、機車停車空間、臨時車位、訪客車位、無障礙安全梯、御貨車位、垃圾車暫停車位、垃圾貯存空間、受電箱１２具、發電機房、台電配電場所、停車空間、消防機房、雨水機房等３２項,鋼筋混凝土造,113年7月30日,十五層,,
RPSPMLMJOHLGFEF78CC,3,53.13,集合住宅,鋼筋混凝土造,112年7月27日,二十三層,,
RPSPMLMJOHLGFEF78CC,3,17.69,本案共有部分項目有：排煙室、梯廳、Ｉ棟排煙室、Ｉ水箱、梯間、噴灌機房、機房、消防水箱、消防中繼機械室、電梯機房、水箱等１１項,鋼筋混凝土造,112年7月27日,二十三層,,
RPWNMLMJOHLGFEF98CC,26,201.78,廠房、辦公室,鋼骨鋼筋混凝土造,89年4月18日,三十層,,
RPSPMLMJOHLGFEF78CC,3,.39,本案共有部分項目有：共同梯廳等１項,鋼筋混凝土造,112年7月27日,二十三層,,
RPWNMLMJOHLGFEF98CC,26,17.79,共有部分,鋼骨鋼筋混凝土造,89年4月18日,三十一層,,
RPWNMLMJOHLGFEF98CC,26,73.94,共有部分,鋼骨鋼筋混凝土造,89年4月18日,三十層,,
RPSPMLMJOHLGFEF78CC,3,9.89,本案共有部分項目有：騎樓、Ｋ１通廊、迴廊、Ａ１通廊、門廳（一）、防災中心、門廳（二）、Ｅ１通廊、Ｆ１通廊、Ｇ１通廊、Ｈ１通廊、Ｉ１管委會使用空間、Ｂ１管委會使用空間、Ｌ１管委會使用空間、Ａ１管委會使用空間、儲藏室、Ｋ２管委會使用空間、Ｋ１管委會使用空間、通廊、陽台、空調機房、Ｈ１管委會使用空間、Ｈ２管委會使用空間、Ｇ１管委會使用空間、Ｆ３管委會使用空間、Ｆ１管委會使用空間、Ｆ２管委會使用空間、Ｅ１管委會使用空間、Ｅ２管委會使用空間、Ｃ１管委會使用空間、台電配電場所、停車空間、發電機室、梯間、垃圾儲藏室－０１、垃圾儲藏室－０２、受水池、機房、中繼水箱、電信室、防空避難室兼停車空間、雨水回收機房、消防機房、景觀機房等４４項,鋼筋混凝土造,112年7月29日,二十三層,,
RPQQMLMJOHLGFEF68CC,27,54.75,辦公室,鋼筋混凝土造,88年10月2日,五層,,
RPOQMLMJOHLGFEF48CC,9,64.26,住家用,鋼筋混凝土造,105年12月29日,十四層,,
RPQQMLMJOHLGFEF68CC,27,14.72,共有部分,鋼筋混凝土造,88年10月2日,五層,,
RPWQMLMJOHLGFEF66CC,8,74.63,住家用,鋼筋混凝土造,106年12月29日,二十七層,,
RPVPMLMJOHLGFEF09CC,34,85.03,住家用,鋼筋混凝土造,81年7月6日,六層,,
RPOQMLMJOHLGFEF48CC,9,10.51,本共有部分之項目有騎樓、機車斜坡道（無障礙）、無障礙安全梯（Ａ丙）、梯廳、管委會使用空間、陽台、台電配電室、機車停車區、自行車停放區、機房（供有線電視暨監控）、緊急發電機室、電信機房、垃圾眝存空間、垃圾車暫停空間、排氣機房、機房（供過濾設備）、臨時停車位、機房（１）、進風機房、機房（２）、消防泵浦室、受水池、雨水過濾機房、污水機房、裝卸位等２５項。,鋼筋混凝土造,105年12月29日,十四層,,
RPVPMLMJOHLGFEF09CC,34,61.18,共有部分,鋼筋混凝土造,81年7月6日,六層,,
RPOQMLMJOHLGFEF48CC,9,42.94,本共有部分之項目有騎樓、汽車斜坡道、車道、停車空間兼法定防空避難室、停車空間等５項,鋼筋混凝土造,105年12月29日,十四層,,
RPROMLMJOHLGFEF58CC,3,47.38,集合住宅,鋼筋混凝土造,112年7月27日,二十一層,,
RPWQMLMJOHLGFEF66CC,8,34.56,本共有部分項目：騎樓、接待大廳、梯廳、管委會使用空間、排煙室、陽台、緩衝空間６＊１２、人行通廊、走道、防災中心、商業管委會使用空間、女廁、男廁、男按摩池、女按摩池、男更衣室、女更衣室、樓梯間、機房、機械室、水箱、中繼消防水箱、泵浦區、中繼消防機房、Ｂ梯廳排煙室、Ｂ棟電錶室、昇降機坑、排風機房、電信室（Ａ）、台電配電室（Ｄ）、受電箱通道、Ｈ梯廳排煙室、Ｈ棟電錶室、停車空間、Ｉ棟電錶室、Ｉ梯廳排煙室、電信室（Ｂ）、儲油室、緊急發電機室（Ｂ）（兼大公變電室）、台電配電室（Ｃ）、Ｆ棟電錶室、Ｆ梯廳排煙室、消防中繼水箱、消防中繼機房（兼揚水泵浦機房）、游泳池專用水箱－１、游泳池專用水箱－２、Ｅ梯廳排煙室、Ｅ棟電錶室、Ａ梯廳排煙室、Ａ棟電錶室、緊急發電機室（Ａ）（兼大公變電室）、垃圾儲藏室、游泳池機房、車道、防空避難室兼停車空間、排風管道、進風管道、Ｃ梯廳排煙室、Ｃ棟電錶室、台電配電室（Ｂ）、Ｄ梯廳排煙室、Ｄ棟電錶室、Ａ棟小公變電室、Ｈ棟小公變電室、Ｉ棟小公變電室、Ｅ棟水箱－１、Ｅ棟小公變電室、Ｄ棟水箱－１、Ｃ棟小公變電室、Ｄ棟小公變電室、Ｂ棟小公變電室、Ｅ棟水箱－２、Ｄ棟水箱－２、Ｆ棟小公變電室、Ａ棟水箱、Ｂ棟水箱、共同泵浦區、Ｈ棟水箱、Ｉ棟水箱、消防泵浦室、雨水過濾機房、Ｆ棟水箱、Ｃ棟水箱、住宅臨停車位１～５４、商業臨停車位１～２０、裝卸車位１～３、＃３、＃６、＃９、＃１２、＃１５、＃１８、＃２１、＃２４緊急昇降機（行動不便者電梯）、安全梯（Ｃ）、安全梯（Ｂ）、垃圾車位、機車停車空間、安全梯（Ａ）、特別安全梯（Ａ）、特別安全梯（Ｂ）、ａ梯、ｂ梯、ｃ梯、台電配電室（Ａ）、＃２５昇降機、＃２６昇降機等１０７項。,鋼筋混凝土造,106年12月29日,二十七層,,
RPROMLMJOHLGFEF58CC,3,40.04,本共有部分之項目有：車道、管委會空間、緊急昇降機兼無障礙昇降機、特安梯、排煙室、入口門廳（梯廳）、宅配室、Ａ３梯、梯廳、消防通道（門廊）、通廊、陽台、防空避難室兼停車空間、發電機室、臨停車位、台電配電場所、防災中心（非供操作人員睡眠、休息之區域）、電信室、垃圾暫停車位、垃圾暫存室、排氣管道、停車空間、蓄水池、雨水回收機房、消防機房等２５項。,鋼筋混凝土造,112年7月27日,二十一層,,
RPOQMLMJOHLGFEF48CC,9,20.70,本共有部分之項目有無障礙安全梯間（Ａ甲）、緊急兼無障礙昇降機、一般昇降機、排煙室、梯廳、水箱（Ａ）、無障礙安全梯間（Ａ丙）、安全梯間（Ａ乙）、機房等９項,鋼筋混凝土造,105年12月29日,十四層,,
RPROMLMJOHLGFEF58CC,3,13.79,本共有部分之項目有：梯廳、緊急昇降機兼無障礙昇降機、排煙室、特安梯、陽台、中繼消防泵浦室、水箱、消防水箱、電梯機房等９項。,鋼筋混凝土造,112年7月27日,二十一層,,
RPRQMLMJOHLGFEF78CC,37,14.95,住家用,鋼筋混凝土造,78年11月17日,五層,,
RPRQMLMJOHLGFEF78CC,37,6.93,共有部分,鋼筋混凝土造,78年11月17日,五層,,
RPPNMLMJOHLGFGF48CC,39,97.00,住家用,鋼筋混凝土造,76年9月29日,五層,,
RPSNMLMJOHLGFGF78CC,11,53.51,集合住宅,鋼筋混凝土造,104年4月9日,二十四層,,
RPSNMLMJOHLGFGF78CC,11,8.55,本共有部分之項目有管委會空間、停車空間、雨遮、陽台等４項。,鋼筋混凝土造,104年4月9日,二十四層,,
RPSNMLMJOHLGFGF78CC,11,10.73,本共有部分之項目有樓梯間、水箱、消防機房、機房、雨遮等５項。,鋼筋混凝土造,104年4月9日,二十四層,,
RPVNMLMJOHLGFGF09CC,44,100.91,住家用,鋼筋混凝土造,71年9月2日,五層,,
RPQNMLMJOHLGFGF58CC,30,63.09,住家用,鋼筋混凝土造,84年12月18日,十二層,,
RPQNMLMJOHLGFGF58CC,30,5.93,共有部分,鋼筋混凝土造,84年12月18日,十二層,,
RPQNMLMJOHLGFGF58CC,30,9.19,共有部分,鋼筋混凝土造,84年12月18日,十二層,,
RPTNMLMJOHLGFGF88CC,30,87.35,住家用,鋼筋混凝土造,84年12月18日,五層,,
RPTNMLMJOHLGFGF88CC,30,4.19,共有部分,鋼筋混凝土造,84年12月18日,五層,,
RPXPMLMJOHLGFEF66CC,30,69.58,住家用,鋼筋混凝土造,85年2月17日,二十四層,,
RPTNMLMJOHLGFGF88CC,30,22.69,共有部分,鋼筋混凝土造,84年12月18日,五層,,
RPXPMLMJOHLGFEF66CC,30,6.28,共有部分,鋼筋混凝土造,85年2月17日,二十四層,,
RPUNMLMJOHLGFGF98CC,33,87.53,住家用,鋼筋混凝土造,82年4月17日,七層,,
RPUNMLMJOHLGFGF98CC,33,6.85,共有部分,鋼筋混凝土造,82年4月17日,七層,,
RPRNMLMJOHLGFGF68CC,27,80.77,商業用,鋼筋混凝土造,88年5月5日,六層,,
RPRNMLMJOHLGFGF68CC,27,4.58,共有部分,鋼筋混凝土造,88年5月5日,六層,,
RPRNMLMJOHLGFGF68CC,27,5.22,共有部分,鋼筋混凝土造,88年5月5日,六層,,
RPWNMLMJOHLGFGF56CC,47,78.00,住家用,鋼筋混凝土造,68年7月19日,四層,,
RPOOMLMJOHLGFGF48CC,59,59.15,住家用,加強磚造,56年3月3日,二層,,
RPTPMLMJOHLGFGF09CC,40,106.93,住家用,鋼筋混凝土造,75年1月28日,五層,,
RPTPMLMJOHLGFGF09CC,40,11.73,共有部分,鋼筋混凝土造,75年1月28日,五層,,
RPQPMLMJOHLGFGF78CC,48,105.00,住家用,鋼筋混凝土造,67年9月9日,四層,,
RPXOMLMJOHLGFGF76CC,29,34.17,住家用,鋼筋混凝土造,86年2月3日,二十七層,,
RPXOMLMJOHLGFGF76CC,29,9.68,共有部分,鋼筋混凝土造,86年2月3日,二十七層,,
RPWOMLMJOHLGFGF66CC,60,20.95,住商用,加強磚造,55年6月13日,三層,,
RPVOMLMJOHLGFGF56CC,,32.31,集合住宅,鋼筋混凝土造,115年1月19日,十二層,,
RPVOMLMJOHLGFGF56CC,,21.01,本共有部分項目有：停車場排風管道、Ａ１安全梯（無障礙梯）、Ａ２安全梯、升降機、無障礙升降機、梯廳、電梯間（梯廳）、社區管委會使用空間（辦公室）、社區管委會使用空間（會議室）、社區管委會使用空間、社區管委會使用空間（圖書室）、儲藏室、男廁、女廁、陽臺、Ａ１安全梯、水箱、機械室、停車空間、電信機房、緊急發電機室、台電配電場所、受電箱、汽車升降機、各戶集合電錶、Ａ３安全梯、消防泵浦室、機房等２８項。,鋼筋混凝土造,115年1月19日,十二層,,
RPUPMLMJOHLGFGF56CC,46,85.00,住家用,鋼筋混凝土造,69年3月20日,四層,,
RPWOMLMJOHLGFHF76CC,30,25.41,住家用,鋼筋混凝土造,84年12月1日,十五層,,
RPWOMLMJOHLGFHF76CC,30,3.42,共有部分,鋼筋混凝土造,84年12月1日,十五層,,
RPWOMLMJOHLGFHF76CC,30,.83,共有部分,鋼筋混凝土造,84年12月1日,十五層,,
RPWPMLMJOHLGFGF76CC,29,20.70,商業用,鋼筋混凝土造,86年2月3日,二十七層,,
RPQNMLMJOHLGFHF68CC,19,40.45,住家用,鋼筋混凝土造,96年8月28日,二十一層,,
RPWPMLMJOHLGFGF76CC,29,15.19,共有部分,鋼筋混凝土造,86年2月3日,二十七層,,
RPQNMLMJOHLGFHF68CC,19,5.53,共有部分,鋼筋混凝土造,96年8月28日,二十一層,,
RPQNMLMJOHLGFHF68CC,19,81.74,共有部分,鋼筋混凝土造,96年8月28日,二十一層,,
RPUOMLMJOHLGFHF56CC,32,31.31,商業用,鋼筋混凝土造,83年4月22日,十一層,,
RPQNMLMJOHLGFHF68CC,19,10.44,共有部分,鋼筋混凝土造,96年8月28日,二十一層,,
RPUOMLMJOHLGFHF56CC,32,8.55,共有部分,鋼筋混凝土造,83年4月22日,十一層,,
RPSOMLMJOHLGFGF88CC,,32.73,集合住宅,鋼筋混凝土造,115年1月19日,十二層,,
RPSOMLMJOHLGFGF88CC,,21.28,本共有部分項目有：停車場排風管道、Ａ１安全梯（無障礙梯）、Ａ２安全梯、升降機、無障礙升降機、梯廳、電梯間（梯廳）、社區管委會使用空間（辦公室）、社區管委會使用空間（會議室）、社區管委會使用空間、社區管委會使用空間（圖書室）、儲藏室、男廁、女廁、陽臺、Ａ１安全梯、水箱、機械室、停車空間、電信機房、緊急發電機室、台電配電場所、受電箱、汽車升降機、各戶集合電錶、Ａ３安全梯、消防泵浦室、機房等２８項。,鋼筋混凝土造,115年1月19日,十二層,,
RPRNMLMJOHLGFHF78CC,27,87.67,住家用,鋼筋混凝土造,88年5月30日,二十三層,,
RPRNMLMJOHLGFHF78CC,27,23.98,共有部分,鋼筋混凝土造,88年5月30日,二十三層,,
RPVNMLMJOHLGFHF56CC,2,49.37,店舖,鋼筋混凝土構造,112年12月28日,十五層,,
RPVNMLMJOHLGFHF56CC,2,23.43,本共有部分項目有：陽台、停車空間、管理委員會使用空間、梯廳、排煙室、機械房、機電設備空間（水表空間）、機電設備空間、消防水箱、水箱、機械室、電信室、緊急發電機室、汽車坡道、防空避難室兼停車空間、蓄水池Ａ、消防機房、蓄水池Ｂ等１８項。,鋼筋混凝土構造,112年12月28日,十五層,,
RPSPMLMJOHLGFGF98CC,,32.73,集合住宅,鋼筋混凝土造,115年1月19日,十二層,,
RPSPMLMJOHLGFGF98CC,,21.28,本共有部分項目有：停車場排風管道、Ａ１安全梯（無障礙梯）、Ａ２安全梯、升降機、無障礙升降機、梯廳、電梯間（梯廳）、社區管委會使用空間（辦公室）、社區管委會使用空間（會議室）、社區管委會使用空間、社區管委會使用空間（圖書室）、儲藏室、男廁、女廁、陽臺、Ａ１安全梯、水箱、機械室、停車空間、電信機房、緊急發電機室、台電配電場所、受電箱、汽車升降機、各戶集合電錶、Ａ３安全梯、消防泵浦室、機房等２８項。,鋼筋混凝土造,115年1月19日,十二層,,
RPTOMLMJOHLGFHF09CC,48,96.36,住家用,鋼筋混凝土造,67年4月29日,四層,,
RPSOMLMJOHLGFHF98CC,50,78.75,住家用,加強磚造,65年11月29日,四層,,
RPPNMLMJOHLGFIF68CC,20,100.20,住家用,鋼筋混凝土造,94年12月8日,二十層,,
RPPNMLMJOHLGFIF68CC,20,14.48,共有部分,鋼筋混凝土造,94年12月8日,二十層,,
RPPNMLMJOHLGFIF68CC,20,11.87,共有部分,鋼筋混凝土造,94年12月8日,二十層,,
RPSNMLMJOHLGFIF98CC,32,131.99,住家用,鋼筋混凝土造,83年10月1日,七層,,
RPSNMLMJOHLGFIF98CC,32,4.05,共有部分,鋼筋混凝土造,83年10月1日,七層,,
RPSNMLMJOHLGFIF98CC,32,44.23,共有部分,鋼筋混凝土造,83年10月1日,,,
RPUOMLMJOHLGFIF66CC,32,20.19,住家用,鋼筋混凝土造,83年11月11日,二十三層,,
RPUOMLMJOHLGFIF66CC,32,2.76,共有部分,鋼筋混凝土造,83年11月11日,二十三層,,
RPUOMLMJOHLGFIF66CC,32,5.04,共有部分,鋼筋混凝土造,83年11月11日,二十三層,,
RPUNMLMJOHLGFIF56CC,20,63.20,住家用,鋼筋混凝土造,95年1月23日,十五層,,
RPUNMLMJOHLGFIF56CC,20,15.06,共有部分,鋼筋混凝土造,95年1月23日,十五層,,
RPUNMLMJOHLGFIF56CC,20,4.48,共有部分,鋼筋混凝土造,95年1月23日,十五層,,
RPUNMLMJOHLGFIF56CC,20,6.32,共有部分,鋼筋混凝土造,95年1月23日,十五層,,
RPVOMLMJOHLGFIF76CC,32,78.30,住家用,鋼筋混凝土造,83年10月3日,七層,,
RPTNMLMJOHLGFIF09CC,47,82.80,住家用,鋼筋混凝土造,68年8月13日,四層,,
RPVOMLMJOHLGFIF76CC,32,14.50,共有部分,鋼筋混凝土造,83年10月3日,七層,,
RPXOMLMJOHLGFIF96CC,33,94.87,住家用,鋼筋混凝土造,82年8月15日,五層,,
RPXOMLMJOHLGFIF96CC,33,2.59,共有部分,鋼筋混凝土造,82年8月15日,五層,,
RPTNMLMJOHLGFBF48DC,46,74.41,住商用,鋼筋混凝土造,69年5月14日,四層,,
RPSNMLNJOHLGFAF28CC,2,49.22,集合住宅,鋼筋混凝土造,113年10月16日,十三層,,
RPSNMLNJOHLGFAF28CC,2,28.74,共有部分；本共有部分項目有：無障礙安全梯、無障礙電梯、客梯、梯廳、安全梯、客貨兩用梯、車道、汽車停車設備、無障礙停車位、電梯機坑、垃圾儲放空間、消防泵浦室、水箱、倉儲式停車設備維修走道、倉儲式汽車停車設備、防空避難室兼地下停車場、緊急發電機室、台電配電場所、電信機房、電梯機械室、消防水箱等２１項,鋼筋混凝土造,113年10月16日,十三層,,
RPQNMLNJOHLGFAF08CC,45,81.44,住家用,鋼筋混凝土造,70年6月20日,五層,,
RPQOMLNJOHLGFAF18CC,49,20.00,住家用,鋼筋混凝土加強磚造,66年11月11日,三層,,
RPVNMLNJOHLGFAF58CC,27,64.46,集合住宅,鋼筋混凝土造,88年2月6日,十二層,,
RPVNMLNJOHLGFAF58CC,27,3.36,騎樓、警衛室、通廊、陽台、機械室、發電機室、台電配電室、通氣機室、水箱、消防泵浦室,鋼筋混凝土造,88年2月6日,十二層,,
RPVNMLNJOHLGFAF58CC,27,11.42,電樓梯間、機械室、水箱,鋼筋混凝土造,88年2月6日,十二層,,
RPRNMLNJOHLGFAF18CC,30,101.20,住家用,鋼筋混凝土造,85年7月18日,七層,,
RPRNMLNJOHLGFAF18CC,30,31.39,共有部分,鋼筋混凝土造,85年7月18日,七層,,
RPWOMLMJOHLGFIF86CC,44,62.57,住家用,鋼筋混凝土造,71年3月30日,四層,,
RPUNMLNJOHLGFAF48CC,1,55.00,集合住宅,鋼筋混凝土造,114年3月14日,二十四層,,
RPUNMLNJOHLGFAF48CC,1,48.47,本共有部分之項目有：６Ｘ１２緩衝空間、車道、緊急升降機、無障礙升降機、一般升降機、特別安全梯、排煙室、陽台、管委會１～７、梯廳、無障礙樓梯、一般安全梯、梯間、無障礙廁所、消防水箱、自來水箱、電梯機房、防空避難室兼停車空間、台電配電場所、電表區、防災中心、消防中繼機房、電信機房、水箱、垃圾儲藏室、裝卸車位、垃圾車位、發電機機房、泳池水箱、停車空間、機房、消防機房、雨水回收機房、出入口雨遮、水箱機房、受電箱、ＰＩＴ等４３項。,鋼筋混凝土造,114年3月14日,二十四層,,
RPTOMLNJOHLGFAF48CC,,74.35,住家用,鋼筋混凝土造,,四層,,
RPOPMLNJOHLGFAF08CC,46,79.34,住家用,鋼筋混凝土造,69年5月21日,五層,,
RPVOMLNJOHLGFAF68CC,2,52.29,集合住宅,鋼筋混凝土造,113年9月2日,十二層,,
RPVOMLNJOHLGFAF68CC,2,26.81,共有部分；本共有部分之項目有：陽台、管委會使用空間、梯廳、無障礙升降梯、一般升降梯、一般安全梯（無障礙樓梯）、緊急發電機室、戶外安全梯、戶外安全梯（無障礙樓梯）、梯間、電梯機房、水箱、防空避難室兼停車空間、台電配電場所、垃圾暫存空間、垃圾車暫停車位、停車空間、電信機房、消防泵浦室、日用水箱等２０項,鋼筋混凝土造,113年9月2日,十二層,,
RPROMLNJOHLGFAF28CC,,75.95,住家用,鋼筋混凝土造,,五層,,
RPTPMLNJOHLGFAF58CC,9,31.03,集合住宅,鋼筋混凝土造,106年10月23日,十一層,,
RPTPMLNJOHLGFAF58CC,9,15.49,本共有部分項目有（停車空間、垃圾車專用停車位、垃圾儲存空間、發電機室、供行動不便者電梯、Ａ棟排煙室、Ａ３梯、地下室通風口、受電箱區、台電配電場所、Ｂ棟梯廳、電梯機坑、電信機房、Ｂ棟垃圾暫存空間、Ｃ棟垃圾暫存空間、Ｃ棟梯廳、Ｃ棟電錶區、Ａ－２蓄水池、Ｂ－２蓄水池、Ａ－１蓄水池、Ｂ－１蓄水池、消防機房、污水機房、Ｃ蓄水池、Ａ１梯、Ａ２梯、Ａ供行動不便者電梯、陽台、管委會空間、門廳（梯廳）、車道一、車道二、車道三、Ｂ１梯、Ｂ棟排煙室、Ｂ緊急昇降機、Ｂ２梯、Ｃ１梯、Ｃ２梯、Ａ棟梯廳、防空避難室兼停車空間、Ｃ供行動不便者電梯、Ｃ棟梯間（梯廳）、Ｂ梯廳、Ｂ１梯、Ｃ棟梯間、梯廳、Ａ棟梯間、消防水箱、機械室、水箱、Ｂ棟梯間）等共５２項。,鋼筋混凝土造,106年10月23日,十五層,,
RPSPMLNJOHLGFAF48CC,2,67.49,集合住宅,鋼筋混凝土造,113年1月31日,二十層,,
RPSPMLNJOHLGFAF48CC,2,11.36,本共有部分之項目有：電梯間、一般升降機Ａ、一般升降機Ｂ兼行動不便者、台電配電場所、機電空間、消防／汙水、Ａ棟電氣設備、停車場排風管道、進風機、發電機室排氣管道、發電機室進氣管道、發電機室、機房、Ａ．Ｂ棟受電箱、機車停車空間、機車車道、台電管道、無障礙一般安全梯（己）、緊急升降機Ｄ、給水、排煙、一般升降機Ｅ行動不便者、一般升降機Ｆ、Ｂ棟電氣設備、電信室、弱電／消防／汙水、排煙室、弱電、緊急電源、消防、進風、泳池水箱、Ａ棟垃圾暫存室、垃圾暫停車位、無障礙一般安全梯（戊）、弱電緊急電源、排風機、Ｂ棟垃圾暫存室、公共水箱、法定車位編號（１８４～１８５）（２４６～２４７）、Ａ棟水箱（Ａ）、Ｂ棟水箱（Ａ）、Ｂ棟水箱（Ｃ）、Ａ棟水箱（Ｂ）、Ａ棟水箱（Ｃ）、水箱機房、雨水回收機房、Ｂ棟水箱（Ｂ）、汙水機房、消防泵機房等５０項。,鋼筋混凝土造,113年1月31日,二十層,,
RPSPMLNJOHLGFAF48CC,2,26.37,本共有部分之項目有：Ａ棟社區入口大廳、大廳、梯廳、一般升降機Ａ、一般升降機Ｂ兼行動不便者、緊急升降機Ｃ、排煙室、消防／汙水／電力、排煙機房、無障礙特別安全梯（甲）、特別安全梯（乙）、無障礙一般安全梯（戊）、弱電、緊急電源、消防、排煙、進風、自行車停車空間、管委會空間（１）（宅配室）、防災中心、管委會空間（２）、管委會空間（３）（健身房）、管委會空間（４）（親子圖書閱覽室）、管委會空間（５）、一般升降機Ｆ、一般升降機Ｅ兼行動不便者、緊急升降機Ｄ、梯間、無障礙特別安全梯（丙）、特別安全梯（丁）、無障礙一般安全梯（己）、地下室進風管道、信箱間、Ｂ棟社區入口大廳、Ｃ棟門廳、等候區、電力、排風、給水、走廊、女廁／淋浴、男廁／淋浴、管委會空間（６）（廚藝教室）、消防機房、消防水池、電梯間、機電空間、自來水、水錶室、電梯機房、自來水水箱等５１項。,鋼筋混凝土造,113年1月31日,二十層,,
RPSPMLNJOHLGFAF48CC,2,36.88,本共有部分之項目有：汽車車道、防空避難室兼停車空間、供公眾使用汽車停車、住宅停車空間、停車空間等５項。,鋼筋混凝土造,113年1月31日,二十層,,
RPRPMLNJOHLGFAF38CC,16,27.96,住家用,鋼骨構造,99年7月15日,四十層,,
RPVPMLNJOHLGFAF78CC,29,26.74,一般事務所,鋼筋混凝土造,86年11月21日,十一層,,
RPUPMLNJOHLGFAF68CC,9,31.03,集合住宅,鋼筋混凝土造,106年10月23日,十一層,,
RPRPMLNJOHLGFAF38CC,16,1.47,本共有部分之項目有：樓梯間、台電配電室、走道、車道、停車空間、電信機房、梯間、管道間、消防泵浦室、消防水箱、機房、機械室、水箱等１３項,鋼骨構造,99年7月15日,四十六層,,
RPVPMLNJOHLGFAF78CC,29,4.65,共有部分,鋼筋混凝土造,86年11月21日,十一層,,
RPUPMLNJOHLGFAF68CC,9,15.49,本共有部分項目有（停車空間、垃圾車專用停車位、垃圾儲存空間、發電機室、供行動不便者電梯、Ａ棟排煙室、Ａ３梯、地下室通風口、受電箱區、台電配電場所、Ｂ棟梯廳、電梯機坑、電信機房、Ｂ棟垃圾暫存空間、Ｃ棟垃圾暫存空間、Ｃ棟梯廳、Ｃ棟電錶區、Ａ－２蓄水池、Ｂ－２蓄水池、Ａ－１蓄水池、Ｂ－１蓄水池、消防機房、污水機房、Ｃ蓄水池、Ａ１梯、Ａ２梯、Ａ供行動不便者電梯、陽台、管委會空間、門廳（梯廳）、車道一、車道二、車道三、Ｂ１梯、Ｂ棟排煙室、Ｂ緊急昇降機、Ｂ２梯、Ｃ１梯、Ｃ２梯、Ａ棟梯廳、防空避難室兼停車空間、Ｃ供行動不便者電梯、Ｃ棟梯間（梯廳）、Ｂ梯廳、Ｂ１梯、Ｃ棟梯間、梯廳、Ａ棟梯間、消防水箱、機械室、水箱、Ｂ棟梯間）等共５２項。,鋼筋混凝土造,106年10月23日,十五層,,
RPRPMLNJOHLGFAF38CC,16,2.55,本共有部分之項目有：頂蓋型開放空間、電梯、樓梯間、社區服務空間１．２．３、廁所、走廊、機車停車空間、梯廳、排煙室、社區服務空間健身房、梯間、機房、機車車道、高壓電表室、發電機室、機械室、電信機房、停車空間、健身房機械室等１９項,鋼骨構造,99年7月15日,四十六層,,
RPVPMLNJOHLGFAF78CC,29,.41,共有部分,鋼筋混凝土造,86年11月21日,十一層,,
RPRPMLNJOHLGFAF38CC,16,10.52,本共有部分之項目有：梯廳、電梯、樓梯間、升降機緩衝機坑、自來水箱、消防水箱、機械室、水箱、排煙室、走廊、梯間、電樓梯間等１２項,鋼骨構造,99年7月15日,四十層,,
RPVPMLNJOHLGFAF78CC,29,9.07,共有部分,鋼筋混凝土造,86年11月21日,十一層,,
RPQPMLNJOHLGFAF28CC,39,98.11,住家用,鋼筋混凝土造,76年1月13日,五層,,
RPQPMLNJOHLGFAF28CC,39,8.17,共有部分,鋼筋混凝土造,76年1月13日,五層,,
RPRNMLNJOHLGFBF28CC,21,74.24,住家用,鋼筋混凝土造,94年3月31日,十三層,,
RPRNMLNJOHLGFBF28CC,21,55.71,共有部分,鋼筋混凝土造,94年3月31日,十三層,,
RPSNMLNJOHLGFBF38CC,46,74.91,住家用,鋼筋混凝土造,69年2月6日,五層,,
RPTNMLNJOHLGFBF48CC,5,72.60,集合住宅,鋼筋混凝土造,110年5月17日,十五層,,
RPTNMLNJOHLGFBF48CC,5,34.95,本共有部分之項目有停車空間、車道、戶外安全梯、無障礙樓梯、管委會使用空間、台電配電場所、排煙室、梯廳、水箱、電梯機房、垃圾儲藏空間、緊急發電機房、電信機房、台電管道間、雨水滯留池、消防機房、雨水機房、梯間、一般安全梯等１９項。,鋼筋混凝土造,110年5月17日,十五層,,
RPQNMLNJOHLGFBF18CC,30,70.69,住家用,鋼筋混凝土造,85年3月20日,十六層,,
RPQNMLNJOHLGFBF18CC,30,4.73,共有部分,鋼筋混凝土造,85年3月20日,十六層,,
RPQNMLNJOHLGFBF18CC,30,.69,共有部分,鋼筋混凝土造,85年3月20日,十六層,,
RPOOMLNJOHLGFBF08CC,1,49.49,集合住宅,鋼筋混凝土造,114年3月20日,十二層,,
RPOOMLNJOHLGFBF08CC,1,50.08,本共有部分之項目有管委會、梯廳、排煙室、戶外安全梯、無障礙安全梯、無障礙廁所、車道、一般安全梯、陽台、梯間、自來水箱、機房、電梯機房、水箱、防空避難室兼停車空間、機坑、資源回收室、台電配電場所、電信機房、發電機房、停車空間、消防機房等２２項,鋼筋混凝土造,114年3月20日,十五層,,
RPPOMLNJOHLGFBF18CC,20,67.42,住家用,鋼筋混凝土造,95年3月14日,十四層,,
RPPOMLNJOHLGFBF18CC,20,50.11,共有部分,鋼筋混凝土造,95年3月14日,十四層,,
RPVNMLNJOHLGFBF68CC,6,75.18,集合住宅,鋼筋混凝土造,109年11月20日,十九層,,
RPVNMLNJOHLGFBF68CC,6,37.04,本共有部分之項目有頂蓋型開放空間、高層緩衝空間、汽車車道、自行車停車空間、特別安全梯、無障礙特別安全梯、大廳、排煙室、消防水池、消防中繼機房、管理維護使用空間、梯廳、陽台、雨遮、機房、水箱、消防水箱、電梯機房、防空避難室兼停車空間、發電機房、電信機房、防災中心、垃圾暫存室、台電配電室、停車空間、無障礙一般安全梯、蓄水池、消防泵浦室等２８項。,鋼筋混凝土造,109年11月20日,十九層,,
RPWNMLNJOHLGFBF78CC,28,94.73,商業用,鋼筋混凝土造,87年7月14日,九層,,
RPWNMLNJOHLGFBF78CC,28,30.95,共有部分,鋼筋混凝土造,87年7月14日,九層,,
RPUNMLNJOHLGFBF58CC,38,152.47,住商用,鋼筋混凝土造,77年11月25日,五層,,
RPUNMLNJOHLGFBF58CC,38,1.01,共有部分,鋼筋混凝土造,77年11月25日,五層,,
RPQOMLNJOHLGFBF28CC,32,84.44,住家用,鋼筋混凝土造,83年3月19日,七層,,
RPQOMLNJOHLGFBF28CC,32,24.79,共有部分,鋼筋混凝土造,83年3月19日,七層,,
RPPNMLMJOHLGFFF38CC,,197.16,住家用,加強磚造,,二層,,
RPPNMLSLNHLGFFF09CC,33,100.76,住家用,鋼筋混凝土造,82年11月8日,五層,,
RPPNMLSLNHLGFFF09CC,33,2.37,共有部分,鋼筋混凝土造,82年11月8日,五層,,
RPPNMLNJOHLGFCF18CC,29,19.85,住家用,鋼筋混凝土造,86年7月28日,十二層,,
RPPNMLNJOHLGFCF18CC,29,3.64,共有部分,鋼筋混凝土造,86年7月28日,十二層,,
RPPNMLNJOHLGFCF18CC,29,2.33,共有部分,鋼筋混凝土造,86年7月28日,十二層,,
RPQNMLNJOHLGFCF28CC,33,24.55,住家用,鋼筋混凝土造,82年3月10日,十四層,,
RPWPMLNJOHLGFBF98CC,27,31.08,住家用,鋼筋混凝土造,88年5月3日,十四層,,
RPWPMLNJOHLGFBF98CC,27,6.26,共有部分,鋼筋混凝土造,88年5月3日,十四層,,
RPOQMLNJOHLGFBF28CC,45,102.53,住家用,鋼筋混凝土造,70年11月28日,五層,,
RPVPMLNJOHLGFBF88CC,51,75.56,集合住宅,鋼筋混凝土造,64年7月3日,四層,,
RPWPMLNJOHLGFBF98CC,27,5.90,共有部分,鋼筋混凝土造,88年5月3日,十四層,,
RPQNMLNJOHLGFCF28CC,33,3.34,共有部分,鋼筋混凝土造,82年3月10日,十四層,,
RPXPMLNJOHLGFBF09CC,34,50.20,住家用,鋼筋混凝土造,81年9月14日,十六層,,
RPXPMLNJOHLGFBF09CC,34,6.48,共有部分,鋼筋混凝土造,81年9月14日,十六層,,
RPUNMLNJOHLGFCF68CC,3,82.62,集合住宅,鋼筋混凝土構造,112年6月9日,二十二層,,
RPUNMLNJOHLGFCF68CC,3,78.72,本共有部分項目計有：梯廳兼排煙室、管委會空間、梯廳、管委會辦公室、緊急發電機室、防災中心、台電配電場所、污物處理室、機房、防空避難室兼停車空間、停車空間、水箱、電信機房、雨水回收室、排煙室、風機機房、消防水箱、中繼泵浦室、電梯機房，等共計１９項。,鋼筋混凝土構造,112年6月9日,二十二層,,
RPXNMLNJOHLGFCF98CC,45,25.00,住家用,鋼筋混凝土造,70年10月7日,五層,,
RPTNMLNJOHLGFCF58CC,44,78.84,集合住宅,鋼筋混凝土造,71年11月22日,五層,,
RPSOMLNJOHLGFCF58CC,45,40.99,住家用,鋼筋混凝土造,70年10月7日,五層,,
RPQOMLNJOHLGFCF38CC,44,79.52,住家用,鋼筋混凝土造,71年2月27日,五層,,
RPTOMLNJOHLGFCF68CC,44,72.00,住家用,鋼筋混凝土造,70年12月30日,五層,,
RPPOMLNJOHLGFCF28CC,45,25.00,住家用,鋼筋混凝土造,70年10月7日,五層,,
RPOOMLNJOHLGFCF18CC,3,78.77,集合住宅,鋼筋混凝土構造,112年8月18日,十三層,,
RPOOMLNJOHLGFCF18CC,3,41.47,本共有部分之項目有警衛亭、管委會空間、梯廳、電梯機房、水箱、消防水箱、停車空間、進氣機房、排風機房、機房(汙物處理室)、台電配電室、電信機房、發電機房、防空避難室兼停車空間、噴灌機房、消防泵浦機房等１６項。,鋼筋混凝土構造,112年8月18日,十三層,,
RPUOMLNJOHLGFCF78CC,,77.52,住家用,加強磚造,,四層,,
RPVOMLNJOHLGFCF88CC,51,92.12,住家用,鋼筋混凝土造,64年8月13日,四層,,
RPWOMLNJOHLGFCF98CC,47,78.34,住家用,鋼筋混凝土造,67年12月21日,五層,,
RPQNMLNJOHLGFDF38CC,29,41.85,住家用,鋼骨鋼筋混凝土造,85年12月30日,三十六層,,
RPQNMLNJOHLGFDF38CC,29,3.79,騎樓、門廳、緊急升降機、管道間、樓梯間、排煙室、儲藏室、發電機室、電錶間、電信機房專用室、蓄水池、台電配電室、幫浦室、機械房、台電專用管道間、走道、通道、台電受電室,鋼骨鋼筋混凝土造,85年12月30日,三十六層,,
RPQNMLNJOHLGFDF38CC,29,13.46,樓梯間、緊急昇降機、排煙室、特別安全梯、中繼水箱、台電配電室、瞭望室、機械房、水箱、台電專用管道間,鋼骨鋼筋混凝土造,85年12月30日,三十六層,,
RPRNMLNJOHLGFDF48CC,32,41.53,住家用,鋼筋混凝土造,83年10月24日,十三層,,
RPRNMLNJOHLGFDF48CC,32,8.38,共有部分,鋼筋混凝土造,83年10月24日,十三層,,
RPRNMLNJOHLGFDF48CC,32,10.59,共有部分,鋼筋混凝土造,83年10月24日,十四層,,
RPQPMLNJOHLGFCF48CC,47,87.63,住家用,鋼筋混凝土造,68年5月19日,四層,,
RPPNMLMJOHLGFEF38DC,30,28.73,住家用,鋼筋混凝土造,85年9月12日,十二層,,
RPPNMLMJOHLGFEF38DC,30,7.98,共有部分,鋼筋混凝土造,85年9月12日,十二層,,
RPUNMLNJOHLGFDF78CC,,73.70,住家用,加強磚造,,三層,,
RPTNMLNJOHLGFDF68CC,31,44.34,住家用,鋼筋混凝土造,84年6月29日,十二層,,
RPTNMLNJOHLGFDF68CC,31,7.36,共有部分,鋼筋混凝土造,84年6月29日,十二層,,
RPTNMLNJOHLGFDF68CC,31,7.32,共有部分,鋼筋混凝土造,84年6月29日,十二層,,
RPRQMLNJOHLGFBF58CC,7,57.89,集合住宅,鋼筋混凝土造,108年7月23日,二十八層,,
RPQQMLNJOHLGFBF48CC,18,31.62,住家用,鋼筋混凝土造,97年4月18日,十四層,,
RPRQMLNJOHLGFBF58CC,7,28.26,本共有部分項目有頂蓋型開放空間、管委會空間（一）～管委會空間（九）、走廊、防災中心、汽車車道、排煙室Ａ、排煙室Ｂ、大廳（梯廳）、梯廳Ａ、梯廳Ｂ、機電設備空間、排煙室、泵浦區、中繼消防水箱Ａ、自來水箱（Ａ－１）、自來水箱（Ｂ－１）、自來水箱（Ａ）、自來水箱（Ｂ）、樓梯間、中繼消防水箱Ｂ、台電配電場所、垃圾處理室、發電機室、游泳池專用水池、小公變電室（Ｂ棟）、防空避難室兼停車空間、自設裝卸停車位、垃圾車裝卸空間、機電設備空間（中繼消防）、停車空間、消防泵浦室、小公變電室、自來水池Ａ、自來水池Ｂ等４２項。,鋼骨鋼筋混凝土造,108年7月23日,二十八層,,
RPQQMLNJOHLGFBF48CC,18,15.26,共有部分,鋼筋混凝土造,97年4月18日,十四層,,
RPQQMLNJOHLGFBF48CC,18,4.27,共有部分,鋼筋混凝土造,97年4月18日,十四層,,
RPRQMLNJOHLGFBF58CC,7,1.37,本共有部分項目有機車停車位等１項。,鋼骨鋼筋混凝土造,108年7月23日,二十八層,,
RPQQMLNJOHLGFBF48CC,18,3.92,共有部分,鋼筋混凝土造,97年4月18日,十四層,,
RPQQMLNJOHLGFBF48CC,18,4.89,共有部分,鋼筋混凝土造,97年4月18日,十四層,,
RPPPMLNJOHLGFBF28CC,32,96.64,住家用,鋼筋混凝土造,83年3月19日,七層,,
RPPPMLNJOHLGFBF28CC,32,29.79,共有部分,鋼筋混凝土造,83年3月19日,七層,,
RPVNMLNJOHLGFDF88CC,31,62.99,住家用,鋼筋混凝土造,84年10月9日,七層,,
RPPNMLNJOHLGFEF38CC,31,82.47,住家用,鋼筋混凝土造,83年12月2日,八層,,
RPWOMLNJOHLGFBF88CC,48,64.98,商業用,鋼筋混凝土造,67年6月7日,四層,,
RPVNMLNJOHLGFDF88CC,31,18.51,共有部分,鋼筋混凝土造,84年10月9日,七層,,
RPPNMLNJOHLGFEF38CC,31,8.02,共有部分,鋼筋混凝土造,83年12月2日,八層,,
RPWNMLNJOHLGFDF98CC,29,27.96,商業用,鋼骨鋼筋混凝土造,85年12月30日,三十六層,,
RPWNMLNJOHLGFDF98CC,29,2.16,騎樓、門廳、緊急升降機、管道間、樓梯間、排煙室、儲藏室、發電機室、電錶間、電信機房專用室、蓄水池、台電配電室、幫浦室、機械房、台電專用管道間、走道、通道、台電受電室,鋼骨鋼筋混凝土造,85年12月30日,三十六層,,
RPWNMLNJOHLGFDF98CC,29,11.51,通道,鋼骨鋼筋混凝土造,85年12月30日,三十六層,,
RPUOMLNJOHLGFBF68CC,7,65.38,集合住宅,鋼筋混凝土造,108年11月6日,十二層,,
RPUOMLNJOHLGFBF68CC,7,82.93,本共有部分之項目有台電配電場所，排氣機房，梯廳，大廳，管委會使用空間，陽台，自行車停車空間，電梯間，樓梯間，機房，水箱，電梯機房，防空避難室兼停車空間，發電機室，台電管道間，安全梯，進風機房，垃圾資源回收室，垃圾車暫停車位，停車空間，電信機房，雨水過濾機房，消防泵浦房，自來水箱，等２４項,鋼筋混凝土造,108年11月6日,十二層,,
RPPOMLNJOHLGFDF38CC,30,23.53,住家用,鋼筋混凝土造,85年2月9日,十二層,,
RPUPMLNJOHLGFBF78CC,29,70.62,住家用,鋼筋混凝土造,86年10月23日,九層,,
RPPOMLNJOHLGFDF38CC,30,34.46,住家用,鋼筋混凝土造,85年2月9日,十二層,,
RPUPMLNJOHLGFBF78CC,29,12.84,共有部分,鋼筋混凝土造,86年10月23日,九層,,
RPPOMLNJOHLGFDF38CC,30,3.10,樓電梯間、機械室、水箱、台電配電室、管理員室、發電機室、排煙管道、電信機房、垃圾處理場,鋼筋混凝土造,85年2月9日,十五層,,
RPXNMLNJOHLGFDF09CC,38,95.92,住家用,鋼筋混凝土造,77年1月16日,五層,,
RPXNMLNJOHLGFDF09CC,38,7.93,共有部分,鋼筋混凝土造,77年1月16日,五層,,
RPQNMLNJOHLGFEF48CC,24,41.01,住家用,鋼筋混凝土造,91年5月31日,二十二層,,
RPTPMLNJOHLGFBF68CC,32,93.79,住家用,鋼筋混凝土造,83年8月17日,十二層,,
RPQNMLNJOHLGFEF48CC,24,8.52,共有部分,鋼筋混凝土造,91年5月31日,二十二層,,
RPTPMLNJOHLGFBF68CC,32,12.73,共有部分,鋼筋混凝土造,83年8月17日,十二層,,
RPQNMLNJOHLGFEF48CC,24,3.35,共有部分,鋼筋混凝土造,91年5月31日,二十二層,,
RPQNMLNJOHLGFEF48CC,24,1.20,共有部分,鋼筋混凝土造,91年5月31日,二十二層,,
RPSPMLNJOHLGFBF58CC,31,78.63,住家用,鋼筋混凝土造,84年10月18日,十六層,,
RPSPMLNJOHLGFBF58CC,31,16.29,共有部分,鋼筋混凝土造,84年10月18日,十六層,,
RPSPMLNJOHLGFBF58CC,31,1.98,共有部分,鋼筋混凝土造,84年10月18日,十六層,,
RPSPMLNJOHLGFBF58CC,31,5.90,共有部分,鋼筋混凝土造,84年10月18日,十六層,,
RPRPMLNJOHLGFBF48CC,11,31.08,集合住宅,鋼筋混凝土造,104年1月29日,十六層,,
RPSPMLNJOHLGFBF58CC,31,9.27,共有部分,鋼筋混凝土造,84年10月18日,十六層,,
RPRPMLNJOHLGFBF48CC,11,8.98,集合住宅,鋼筋混凝土造,104年1月29日,十六層,,
RPRPMLNJOHLGFBF48CC,11,2.17,本共有部分之項目有樓梯間、車道、通道、排煙室、電信機房、電氣室、公共發電機室、雨水回收機房、消防泵浦機房等９項。,鋼筋混凝土造,104年1月29日,十六層,,
RPSOMLNJOHLGFBF48CC,31,45.02,住家用,鋼筋混凝土造,84年4月11日,十六層,,
RPRPMLNJOHLGFBF48CC,11,22.11,本共有部分之項目有住宅入口大廳、會客區、儲藏室、郵件室、排煙室、梯廳、樓梯間、走道、防災中心、管道間、管委會使用空間、台電配電場所、中繼水箱室、停車空間、住宅機車停車空間、排風機房、送風機房、水箱、游泳池機房、機房、污水機房、住宅垃圾處理室、電梯機房、住戶水表室、住宅水箱室、泵浦等２６項。,鋼筋混凝土造,104年1月29日,十六層,,
RPSOMLNJOHLGFBF48CC,31,4.60,共有部分,鋼筋混凝土造,84年4月11日,十六層,,
RPSOMLNJOHLGFBF48CC,31,9.03,共有部分,鋼筋混凝土造,84年4月11日,十六層,,
RPQPMLNJOHLGFBF38CC,11,43.10,集合住宅,鋼筋混凝土造,104年1月29日,十六層,,
RPQPMLNJOHLGFBF38CC,11,3.97,集合住宅,鋼筋混凝土造,104年1月29日,十六層,,
RPQPMLNJOHLGFBF38CC,11,2.48,本共有部分之項目有樓梯間、車道、通道、排煙室、電信機房、電氣室、公共發電機室、雨水回收機房、消防泵浦機房等９項。,鋼筋混凝土造,104年1月29日,十六層,,
RPQPMLNJOHLGFBF38CC,11,25.68,本共有部分之項目有住宅入口大廳、會客區、儲藏室、郵件室、排煙室、梯廳、樓梯間、走道、防災中心、管道間、管委會使用空間、台電配電場所、中繼水箱室、停車空間、住宅機車停車空間、排風機房、送風機房、水箱、游泳池機房、機房、污水機房、住宅垃圾處理室、電梯機房、住戶水表室、住宅水箱室、泵浦等２６項。,鋼筋混凝土造,104年1月29日,十六層,,
RPWNMLNJOHLGFEF09CC,19,31.71,住家用,鋼筋混凝土造,96年10月26日,十四層,,
RPVNMLNJOHLGFEF98CC,12,104.97,住家用,鋼筋混凝土造,102年12月3日,二十層,,
RPWNMLNJOHLGFEF09CC,19,1.89,共有部分,鋼筋混凝土造,96年10月26日,十四層,,
RPVNMLNJOHLGFEF98CC,12,25.65,本共有部分之項目有水箱、電梯機房、消防用水箱、水錶室、消防泵浦機房、電樓梯間等６項,鋼筋混凝土造,102年12月3日,二十層,,
RPWNMLNJOHLGFEF09CC,19,2.94,共有部分,鋼筋混凝土造,96年10月26日,十四層,,
RPVNMLNJOHLGFEF98CC,12,43.73,本共有部分之項目有停車空間、機械室、電錶室、台電配電室、防災中心、受電箱室、消防泵浦室、發電機室、防空避難室兼停車空間、管委會使用空間、大廳等１１項,鋼筋混凝土造,102年12月3日,二十三層,,
RPWNMLNJOHLGFEF09CC,19,.03,共有部分,鋼筋混凝土造,96年10月26日,十四層,,
RPWNMLNJOHLGFEF09CC,19,11.16,共有部分,鋼筋混凝土造,96年10月26日,十四層,,
RPRNMLNJOHLGFEF58CC,8,81.14,住家用,鋼筋混凝土造,107年5月25日,二十九層,,
RPRNMLNJOHLGFEF58CC,8,71.33,本共有部分之項目有：梯廳、排煙室、樓電梯間、騎樓、管委會使用空間、人行通廊、頂蓋式通廊、走道、防災中心、游泳池機房、陽台、男女更衣室、ＳＰＡ池區、機械室、消防中繼機械房、樓梯間、水箱、中繼消防水箱、泵浦區、台電配電室、受電箱通道、電錶區、昇降機坑、緊急發電機室、垃圾儲藏室、儲油室、停車空間、台電通道、汙排水轉、消防中繼機房、電錶室、變電室、電信室、機房、泳池專用水箱、游泳池揚水泵浦機房、排風機房、消防中繼水箱、防空避難室兼停車空間、雨水過濾機房、消防幫浦室等４１項,鋼筋混凝土造,107年5月25日,二十九層,,
RPXNMLNJOHLGFEF56CC,7,81.26,住家用,鋼筋混凝土造,108年2月22日,二十層,,
RPQOMLNJOHLGFEF58CC,53,64.06,住家用,加強磚造,61年12月29日,,,
RPXNMLNJOHLGFEF56CC,7,63.47,本共有部分有：停車空間、電梯機房、（高架地板）、１．８Ｍ防火門、１：７．０３汽車坡道、１：８汽車坡道、大廳、女廁、中繼泵浦室、公共設施空間、水池、水箱、水箱（公設）、台電配電室一區、台電配電室二區、台電配電室三區、台電配電室四區、地排水池、安全梯、自行車位停放區、行動不便廁所、沉砂池、男廁、防火乘場門、防災中心、垃圾貯存空間（一）、垃圾貯存空間（二）、昇降機道、門廳、雨水回收池、雨水泵浦機房、雨水滯留池、屋頂水箱、泵浦室、消防中繼機房、消防水池、消防水箱、消防機房、特別安全梯、特別安全梯兼無障礙梯、無障礙梯、停車空間兼防空避難室、排風管道、排氣墩、排煙室、梯間、梯廳、景觀機房、電信室、電梯、截水溝、管委會空間、緊急昇降機、緊急昇降機兼行動不便梯、緊急昇降機兼行動不便電梯、緊急昇降機道、緊急發電機室（一）、緊急發電機室（二）、機房、騎樓、警衛室。等６１項,鋼筋混凝土造,108年2月22日,二十六層,,
RPOOMLNJOHLGFEF38CC,30,36.68,住家用,鋼筋混凝土造,85年5月29日,十六層,,
RPOOMLNJOHLGFEF38CC,30,.21,共有部分,鋼筋混凝土造,85年5月28日,七層,,
RPOOMLNJOHLGFEF38CC,30,5.69,共有部分,鋼筋混凝土造,85年5月29日,十六層,,
RPWOMLNJOHLGFEF56CC,28,25.93,住家用,鋼筋混凝土造,87年3月4日,十二層,,
RPWOMLNJOHLGFEF56CC,28,6.61,共有部分,鋼筋混凝土造,87年3月4日,十二層,,
RPWOMLNJOHLGFEF56CC,28,.55,共有部分,鋼筋混凝土造,87年3月4日,十二層,,
RPWOMLNJOHLGFEF56CC,28,40.32,共有部分,鋼筋混凝土造,87年3月4日,十二層,,
RPOPMLNJOHLGFEF48CC,17,61.22,住家用,鋼筋混凝土造,98年8月21日,十一層,,
RPOPMLNJOHLGFEF48CC,17,23.97,共有部分,鋼筋混凝土造,98年8月21日,十一層,,
RPSOMLNJOHLGFEF78CC,53,64.06,住家用,加強磚造,61年12月29日,,,
RPROMLNJOHLGFEF68CC,53,64.06,住家用,加強磚造,61年12月29日,,,
RPVOMLNJOHLGFEF09CC,6,48.09,集合住宅,鋼筋混凝土造,109年8月18日,十二層,,
RPVOMLNJOHLGFEF09CC,6,57.95,本案共有部分項目有：排煙室、自修室、公共服務空間１～４、管委會空間、梯廳、入口門廳、室內引導通路、停車空間、發電機房、機車道、汽車道、垃圾車臨停車位、垃圾貯藏室、台電配電場所、裝卸車位、景觀機房、電信機房、垃圾暫存區、消防機房、Ａ水箱、Ｂ水箱、Ｃ水箱、Ａ梯廳、Ｂ梯廳、噴灌機房、機械室、水箱等２７項,鋼筋混凝土造,109年8月18日,十二層,,
RPUOMLNJOHLGFEF98CC,8,60.16,住家用,鋼筋混凝土造,106年12月29日,二十六層,,
RPUOMLNJOHLGFEF98CC,8,58.74,本共有部分項目：騎樓、接待大廳、梯廳、管委會使用空間、排煙室、陽台、緩衝空間６＊１２、人行通廊、走道、防災中心、商業管委會使用空間、女廁、男廁、男按摩池、女按摩池、男更衣室、女更衣室、樓梯間、機房、機械室、水箱、中繼消防水箱、泵浦區、中繼消防機房、Ｂ梯廳排煙室、Ｂ棟電錶室、昇降機坑、排風機房、電信室（Ａ）、台電配電室（Ｄ）、受電箱通道、Ｈ梯廳排煙室、Ｈ棟電錶室、停車空間、Ｉ棟電錶室、Ｉ梯廳排煙室、電信室（Ｂ）、儲油室、緊急發電機室（Ｂ）（兼大公變電室）、台電配電室（Ｃ）、Ｆ棟電錶室、Ｆ梯廳排煙室、消防中繼水箱、消防中繼機房（兼揚水泵浦機房）、游泳池專用水箱－１、游泳池專用水箱－２、Ｅ梯廳排煙室、Ｅ棟電錶室、Ａ梯廳排煙室、Ａ棟電錶室、緊急發電機室（Ａ）（兼大公變電室）、垃圾儲藏室、游泳池機房、車道、防空避難室兼停車空間、排風管道、進風管道、Ｃ梯廳排煙室、Ｃ棟電錶室、台電配電室（Ｂ）、Ｄ梯廳排煙室、Ｄ棟電錶室、Ａ棟小公變電室、Ｈ棟小公變電室、Ｉ棟小公變電室、Ｅ棟水箱－１、Ｅ棟小公變電室、Ｄ棟水箱－１、Ｃ棟小公變電室、Ｄ棟小公變電室、Ｂ棟小公變電室、Ｅ棟水箱－２、Ｄ棟水箱－２、Ｆ棟小公變電室、Ａ棟水箱、Ｂ棟水箱、共同泵浦區、Ｈ棟水箱、Ｉ棟水箱、消防泵浦室、雨水過濾機房、Ｆ棟水箱、Ｃ棟水箱、住宅臨停車位１～５４、商業臨停車位１～２０、裝卸車位１～３、＃３、＃６、＃９、＃１２、＃１５、＃１８、＃２１、＃２４緊急昇降機（行動不便者電梯）、安全梯（Ｃ）、安全梯（Ｂ）、垃圾車位、機車停車空間、安全梯（Ａ）、特別安全梯（Ａ）、特別安全梯（Ｂ）、ａ梯、ｂ梯、ｃ梯、台電配電室（Ａ）、＃２５昇降機、＃２６昇降機等１０７項。,鋼筋混凝土造,106年12月29日,二十七層,,
RPRPMLNJOHLGFEF78CC,42,80.28,住家用,鋼筋混凝土造,73年7月12日,五層,,
RPXPMLNJOHLGFEF76CC,31,30.25,住家用,鋼筋混凝土造,84年7月4日,十二層,,
RPXPMLNJOHLGFEF76CC,31,12.51,共有部分,鋼筋混凝土造,84年7月4日,十二層,,
RPQQMLNJOHLGFEF78CC,16,136.96,住家用,鋼筋混凝土造,99年8月27日,十四層,,
RPQQMLNJOHLGFEF78CC,16,60.16,本共有部分之項目有：管委會共同使用空間（一、二、三）、陽台、樓電梯間、機械室、水箱、垃圾儲存空間、電信機房、停車空間、台電配電室（一、二）、防空避難室兼停車空間、消防泵浦室、緊急發電機室、屋頂突出物等１３項,鋼筋混凝土造,99年8月27日,十四層,,
RPQQMLNJOHLGFEF78CC,16,.00,本共有部分之項目有：停車空間、防空避難室兼停車空間等２項,鋼筋混凝土造,99年8月27日,十四層,,
RPTPMLNJOHLGFEF98CC,38,23.94,住家用,鋼筋混凝土造,77年9月8日,五層,,
RPQPMLNJOHLGFEF68CC,38,20.40,住家用,鋼筋混凝土造,77年7月30日,五層,,
RPTPMLNJOHLGFEF98CC,38,1.26,共有部分,鋼筋混凝土造,77年9月8日,五層,,
RPXOMLNJOHLGFEF66CC,1,51.12,集合住宅,鋼筋混凝土造,114年3月14日,十四層,,
RPXOMLNJOHLGFEF66CC,1,26.36,本共有部分之項目有：梯廳、公共儲藏室、自行車停車位、受電箱室、緊急發電機室、台電配電室、機房、水箱、總受水箱、溫泉水箱、進氣機房、排氣機房、消防泵浦室、雨水過濾機房、電梯機房、昇降機、機械房、管委會空間、無障礙安全梯、機電設備空間、緊急升降梯無障礙電梯、引導設施、管委會使用空間、排煙室、消防水箱、特別安全梯、無障礙特別安全梯、垃圾儲藏空間、廁所、垃圾車停車位、水池、中繼消防機房、高層建築出入口緩衝空間、防災中心、陽台、安全梯、公共緊急發電機室、觀景池機房、電氣室、公共台電配電室、無障礙昇降梯、電信機房、女廁、男廁、汽車坡道等４５項,鋼筋混凝土構造、鋼構造,114年3月14日,二十三層,,
RPOQMLNJOHLGFEF58CC,31,121.63,住家用,鋼筋混凝土造,84年6月24日,十九層,,
RPOQMLNJOHLGFEF58CC,31,10.94,共有部分,鋼筋混凝土造,84年6月24日,十九層,,
RPRQMLNJOHLGFEF88CC,31,19.51,住家用,鋼筋混凝土造,84年7月28日,二十三層,,
RPRQMLNJOHLGFEF88CC,31,1.48,共有部分,鋼筋混凝土造,84年7月28日,二十三層,,
RPRQMLNJOHLGFEF88CC,31,5.47,共有部分,鋼筋混凝土造,84年7月28日,二十三層,,
RPRNMLNJOHLGFGF78CC,20,59.86,住家用,鋼筋混凝土造,95年10月26日,十二層,,
RPRNMLNJOHLGFGF78CC,20,25.02,共有部分,鋼筋混凝土造,95年10月26日,十二層,,
RPUQMLNJOHLGFEF56CC,30,36.68,住家用,鋼筋混凝土造,85年5月29日,十六層,,
RPUQMLNJOHLGFEF56CC,30,.21,共有部分,鋼筋混凝土造,85年5月28日,七層,,
RPUQMLNJOHLGFEF56CC,30,5.69,共有部分,鋼筋混凝土造,85年5月29日,十六層,,
RPTNMLNJOHLGFGF98CC,34,115.48,住家用,鋼筋混凝土造,81年3月26日,五層,,
RPTNMLNJOHLGFGF98CC,34,1.86,共有部分,鋼筋混凝土造,81年3月26日,五層,,
RPQNMLNJOHLGFGF68CC,30,68.69,住家用,鋼筋混凝土造,85年3月1日,十六層,,
RPQNMLNJOHLGFGF68CC,30,11.58,共有部分,鋼筋混凝土造,85年3月1日,十六層,,
RPSQMLNJOHLGFEF98CC,12,63.53,住家用,鋼筋混凝土造,103年2月11日,十一層,,
RPSQMLNJOHLGFEF98CC,12,26.77,本共有部分之項目有防空避難室兼停車空間、水箱、樓梯、污水機房、機坑、停車空間、機房、台電配電場所、電信機房、梯廳、儲藏室、緊急發電機房、消防機房、垃圾儲存空間、管委會使用空間、基地內通路、公共服務空間、陽台、頂蓋型開放空間、迴廊、車道、電梯機房等２２項,鋼筋混凝土造,103年2月11日,十一層,,
RPPNMLNJOHLGFGF58CC,57,70.40,住家用,加強磚造,58年7月5日,三層,,
RPROMLNJOHLGFGF88CC,13,78.89,住家用,鋼骨鋼筋混凝土造,101年12月20日,二十七層,,
RPROMLNJOHLGFGF88CC,13,1.49,本共有部分項目有：公益設施出入口、緩衝空間、緊急發電機室、電信機房、公用電錶、及台電配電場所等６項。,鋼骨鋼筋混凝土造,101年12月20日,二十七層,,
RPROMLNJOHLGFGF88CC,13,32.11,本共有部分項目有：蓄水池、雨水儲存池、機械房、消防水池、消防泵浦室、排煙室、梯間、管道間、機車停車空間、管理員室、垃圾處理中心、水箱、梯廳、走道、中繼機房、視聽室、交誼室、集合住宅大廳、閱覽室、污水處理設施、社區中心、信箱室、樓梯間、電梯間、電梯機房雨遮及陽台等２７項。,鋼骨鋼筋混凝土造,101年12月20日,二十七層,,
RPXNMLNJOHLGFGF76CC,50,51.00,住家用,鋼筋混凝土造,65年9月3日,四層,,
RPPOMLNJOHLGFGF68CC,38,119.92,住家用,鋼筋混凝土造,77年10月25日,八層,,
RPQOMLNJOHLGFGF78CC,10,61.91,集合住宅,鋼筋混凝土造,105年10月18日,十四層,,
RPPOMLNJOHLGFGF68CC,38,2.31,共有部分,鋼筋混凝土造,77年10月25日,八層,,
RPQOMLNJOHLGFGF78CC,10,21.99,本共有部分項目有：機電設備空間、樓梯間、電梯間、污水池、水箱、暫停車位、垃圾車暫停車位、自行車停車空間、雨遮、管委會使用空間、梯廳、陽台、機械室、消防蓄水池等１４項。,鋼筋混凝土造,105年10月18日,十四層,,
RPPOMLNJOHLGFGF68CC,38,9.64,共有部分,鋼筋混凝土造,77年10月25日,八層,,
RPQOMLNJOHLGFGF78CC,10,4.21,本共有部分之項目有：防空避難室兼停車空間（機車停車空間）等１項。,鋼筋混凝土造,105年10月18日,十四層,,
RPOOMLNJOHLGFGF58CC,6,27.18,集合住宅,鋼筋混凝土造,109年4月7日,十九層,,
RPTOMLNJOHLGFGF09CC,45,81.00,住家用,鋼筋混凝土造,70年6月25日,五層,,
RPOOMLNJOHLGFGF58CC,6,51.23,本共有部分項目有：防空避難室兼停車空間、停車空間、管委會使用空間、發電排風、發電進氣、陽台、雨遮、室內通路、消防、進風、緩衝空間、排煙室、防災中心、梯廳、樓電梯間、樓梯間、汽機車共用道、機房、水箱等１９項。,鋼筋混凝土造,109年4月7日,十九層,,
RPWOMLNJOHLGFGF76CC,48,100.00,住家用,鋼筋混凝土造,66年12月17日,四層,,
RPUOMLNJOHLGFGF56CC,34,73.88,住家用,鋼筋混凝土造,81年8月28日,十二層,,
RPSPMLNJOHLGFGF09CC,28,57.97,住家用,鋼筋混凝土造,87年7月31日,五層,,
RPUOMLNJOHLGFGF56CC,34,13.44,共有部分,鋼筋混凝土造,81年8月28日,十二層,,
RPSPMLNJOHLGFGF09CC,28,20.83,共有部分,鋼筋混凝土造,87年7月31日,五層,,
RPXOMLNJOHLGFGF86CC,35,41.35,住家用,鋼筋混凝土造,80年5月28日,五層,,
RPSNMLNJOHLGFHF98CC,50,104.01,住家用,加強磚造,65年5月18日,四層,,
RPQPMLNJOHLGFGF88CC,59,58.90,住家用,鋼筋混凝土造,56年6月22日,四層,,
RPPNMLNJOHLGFHF68CC,42,88.23,住家用,鋼筋混凝土造,73年7月6日,五層,,
RPUNMLNJOHLGFHF56CC,45,86.59,住家用,鋼筋混凝土造,70年10月23日,五層,,
RPTNMLNJOHLGFHF09CC,41,101.03,住家用,鋼筋混凝土造,74年5月31日,五層,,
RPQOMLNJOHLGFHF88CC,29,51.92,住家用,鋼筋混凝土造,86年9月10日,十六層,,
RPQOMLNJOHLGFHF88CC,29,12.27,共有部分,鋼筋混凝土造,86年9月10日,十七層,,
RPQOMLNJOHLGFHF88CC,29,9.74,共有部分,鋼筋混凝土造,86年9月10日,十七層,,
RPROMLNJOHLGFHF98CC,49,77.87,住家用,鋼筋混凝土造,66年5月5日,四層,,
RPPOMLNJOHLGFHF78CC,6,60.99,集合住宅,鋼筋混凝土構造,109年11月10日,十八層,,
RPVOMLNJOHLGFHF76CC,46,85.60,住家用,鋼筋混凝土造,68年11月30日,五層,,
RPPOMLNJOHLGFHF78CC,6,29.08,本共有部分項目有排煙室、宴會廳、社區ＬＯＵＮＧＥ　ＢＡＲ、宅配收發空間兼管理員值班休息室、梯廳、管理服務櫃台、管委會空間、兒童遊戲室、健身房、交誼廳、信箱區、廁所、瑜伽教室、視聽娛樂室－１、視聽娛樂室－２、琴房、廁所（男）、廁所（女）、開放式圖資閱讀區、Ｋ書中心、家教室、多功能舞蹈及韻律教室、游泳池、走廊、陽台、進排風機房、消防機房、消防水箱、消防連結泵浦、水錶室、生活水箱、進風機房、電梯機房、排風機房、垃圾儲存空間、機車車道、台電配電場所、電信室、垃圾車停車位、防災中心、發電機房、泳池機房、儲藏室、機房、（Ａ棟）生活水箱、（Ｂ棟）生活水箱、（Ｃ棟）生活水箱、汙水設備機房、Ａ棟陸上式揚水泵、Ｂ棟陸上式揚水泵、Ｃ棟陸上式揚水泵等５１項。,鋼筋混凝土構造,109年11月10日,十八層,,
RPTOMLNJOHLGFHF56CC,49,60.66,住家用,Ｒ．Ｃ造,66年1月14日,四層,,
RPUOMLNJOHLGFHF66CC,27,57.29,住家用,鋼筋混凝土造,87年12月30日,十四層,,
RPUOMLNJOHLGFHF66CC,27,14.30,共有部分,鋼筋混凝土造,87年12月30日,十四層,,
RPUOMLNJOHLGFHF66CC,27,5.22,共有部分,鋼筋混凝土造,87年12月30日,十四層,,
RPUOMLNJOHLGFHF66CC,27,19.78,共有部分,鋼筋混凝土造,87年12月30日,十四層,,
RPOPMLNJOHLGFHF78CC,39,89.38,住家用,鋼筋混凝土造,76年11月11日,五層,,
RPOPMLNJOHLGFHF78CC,39,10.82,共有部分,鋼筋混凝土造,76年11月11日,五層,,
RPXPMLNJOHLGFHF07CC,5,58.79,集合住宅,鋼筋混凝土構造,109年12月2日,二十三層,,
RPXPMLNJOHLGFHF07CC,5,7.61,本共有部分項目有梯廳、警衛室、機車車道、停車空間、管委會使用空間、自行車停車空間、排風機房、防災中心、機車停車空間、台電管道間、緊急發電機、受電箱、台電配電場所、垃圾處理室、垃圾暫停車區、電氣室、泳池機房、電信室、排風管道、雨水．噴灌機房、機房、消防泵浦室、公共水箱、水箱機房等二十四項。,鋼筋混凝土構造,109年12月2日,二十三層,,
RPXPMLNJOHLGFHF07CC,5,2.40,本共有部分項目有管委會空間、陽台、過道、管委會空間（游泳池）、管委會空間（閱讀交誼區）、游泳水箱等六項。,鋼筋混凝土構造,109年12月2日,二十三層,,
RPXPMLNJOHLGFHF07CC,5,19.99,本共有部分項目有梯廳兼排煙室、梯廳、中繼機房、水箱、陽台、梯間、排煙室、機房、水錶室、民生水箱、消防水箱、電梯機房、水箱機房、電表室等十四項。,鋼筋混凝土構造,109年12月2日,二十三層,,
RPXPMLNJOHLGFHF07CC,5,31.63,本共有部分項目有停車空間、汽車車道、防空避難室兼停車空間等三項。,鋼筋混凝土構造,109年12月2日,二十三層,,
RPSOMLNJOHLGFHF09CC,4,41.97,集合住宅,鋼骨構造,111年2月24日,三十六層,,
RPWOMLNJOHLGFHF86CC,48,88.64,住家用,鋼筋混凝土造,66年12月15日,四層,,
RPSOMLNJOHLGFHF09CC,4,20.65,本共有部分之項目有梯廳、信箱區、排煙室、緊急昇降機、供行動不便者使用電梯、門廊、６Ｍ退縮空間、陽台、騎樓、自行車停車空間、防災中心、茶水間、儲物間、車道、男廁、女廁、一般事務所、中繼機房、消防水箱、管道間、梯間、水箱、機械室、機房、停車空間、垃圾儲藏空間、機坑、裝卸及垃圾車暫停空間、雨遮、排風、進風、樓梯間、台電配電場所、蓄水池、電信機房、發電機房、發電機房排煙管道間、發電機房進風管道間、排煙管道間、雨水泵浦室、消防機房、防空避難室兼停車空間等４２項。,鋼骨構造,111年2月24日,三十六層,,
RPWPMLNJOHLGFHF96CC,48,90.76,住家用,鋼筋混凝土造,66年12月2日,五層,,
RPTQMLNJOHLGFHF76CC,53,85.66,集合住宅,Ｒ．Ｃ構架,61年12月20日,四層,,
RPXQMLNJOHLGFHF17CC,1,51.29,集合住宅,鋼筋混凝土構造,114年1月23日,七層,,
RPPNMLNJOHLGFIF78CC,21,80.12,住家用,鋼筋混凝土造,93年12月1日,十五層,,
RPPNMLNJOHLGFIF78CC,21,55.18,共有部分,鋼筋混凝土造,93年12月1日,十五層,,
RPXQMLNJOHLGFHF17CC,1,26.71,本共有部分項目有：梯廳、安全梯、一般電梯、無障礙電梯、戶外安全梯、機房、一般梯、水箱、防空避難室兼停車空間、Ａ棟垃圾儲藏室、垃圾車暫停車位、台電管道間（一）、台電配電場所（室）（一）、汙水機房、Ａ棟蓄水池、消防蓄水池、電梯機房、一般電梯、Ｃ棟垃圾儲藏室、戶外階梯、Ｂ棟垃圾儲藏室、蓄水池、Ｂ棟蓄水池、台電配電場所（室）（二）、Ｃ棟蓄水池、台電配電場所（室）（三）、台電配電場所（室）（四）、Ｄ棟垃圾儲藏室、Ｅ棟蓄水池、Ｄ棟蓄水池、管道間、消防泵浦室、停車空間、管委會空間、緊急發電機室、電信室等３６項。,鋼筋混凝土構造,114年1月23日,七層,,
RPQNMLNJOHLGFIF88CC,46,81.51,住家用,鋼筋混凝土造,69年4月14日,四層,,
RPSNMLNJOHLGFIF09CC,18,195.91,住家用,鋼筋混凝土造,97年9月23日,四層,,
RPSNMLNJOHLGFIF09CC,18,4.89,共有部分,鋼筋混凝土造,97年9月23日,四層,,
RPRNMLNJOHLGFIF98CC,19,97.88,住家用,鋼筋混凝土造,96年2月12日,十五層,,
RPRNMLNJOHLGFIF98CC,19,42.28,共有部分,鋼筋混凝土造,96年2月12日,十五層,,
RPRNMLNJOHLGFIF98CC,19,16.66,共有部分,鋼筋混凝土造,96年2月12日,十五層,,
RPVNMLNJOHLGFIF76CC,19,36.66,住家用,鋼筋混凝土造,96年11月21日,十五層,,
RPVNMLNJOHLGFIF76CC,19,18.72,共有部分,鋼筋混凝土造,96年11月21日,十五層,,
RPTNMLNJOHLGFIF56CC,17,105.23,店舖,鋼筋混凝土造,98年4月20日,十五層,,
RPTNMLNJOHLGFIF56CC,17,47.86,共有部分,鋼筋混凝土造,98年4月20日,十五層,,
RPTNMLNJOHLGFIF56CC,17,16.93,共有部分,鋼筋混凝土造,98年4月20日,十五層,,
RPPOMLNJOHLGFIF88CC,30,86.79,住家用,鋼筋混凝土造,85年4月1日,十六層,,
RPQOMLNJOHLGFIF98CC,29,94.92,住家用,鋼筋混凝土造,86年10月24日,十七層,,
RPQOMLNJOHLGFIF98CC,29,1.77,共有部分,鋼筋混凝土造,86年10月24日,十七層,,
RPQOMLNJOHLGFIF98CC,29,3.90,共有部分,鋼筋混凝土造,86年10月24日,十七層,,
RPPOMLNJOHLGFIF88CC,30,31.34,防空避難室兼停車場,鋼筋混凝土造,85年4月1日,十六層,,
RPWNMLNJOHLGFIF86CC,30,96.01,住家用,鋼筋混凝土造,85年4月1日,十六層,,
RPWNMLNJOHLGFIF86CC,30,35.95,防空避難室兼停車場,鋼筋混凝土造,85年4月1日,十六層,,
RPOOMLNJOHLGFIF78CC,30,94.49,住家用,鋼筋混凝土造,85年4月1日,十六層,,
RPOOMLNJOHLGFIF78CC,30,33.41,防空避難室兼停車場,鋼筋混凝土造,85年4月1日,十六層,,
RPXNMLNJOHLGFIF96CC,42,80.36,住家用,鋼筋混凝土造,72年12月9日,五層,,
RPROMLNJOHLGFIF09CC,30,96.01,住家用,鋼筋混凝土造,85年4月1日,十六層,,
RPROMLNJOHLGFIF09CC,30,35.95,防空避難室兼停車場,鋼筋混凝土造,85年4月1日,十六層,,
RPTOMLNJOHLGFIF66CC,30,92.90,住家用,鋼筋混凝土造,85年11月1日,十三層,,
RPTOMLNJOHLGFIF66CC,30,17.27,共有部分,鋼筋混凝土造,85年11月1日,十三層,,
RPTOMLNJOHLGFIF66CC,30,5.15,共有部分,鋼筋混凝土造,85年11月1日,十三層,,
RPWOMLNJOHLGFIF96CC,32,39.00,住家用,鋼筋混凝土造,83年5月10日,十六層,,
RPWOMLNJOHLGFIF96CC,32,6.26,公共設施、樓梯間,鋼筋混凝土造,83年5月10日,十六層,,
RPWOMLNJOHLGFIF96CC,32,4.42,共有部分,鋼筋混凝土造,83年5月10日,十六層,,
RPOPMLNJOHLGFIF88CC,6,55.56,集合住宅,鋼筋混凝土造,109年6月17日,十一層,,
RPOPMLNJOHLGFIF88CC,6,66.42,本共有部分之項目有：蓄水池、梯廳、無障礙電梯、消防機房、汙水機房、安全梯、安全梯（無障礙樓梯）、地下室進風、地下室排風、車道、電信機房、發電機房、台電配電場所、垃圾儲存空間、垃圾車停車空間兼店鋪卸貨停車區、頂蓋型空間、自行車空間、室內引導通路、梯廳（門廳）、管委會空間、外廊、陽台、梯間、水箱、機械室、停車空間及防空避難室兼停車空間等２７項。,鋼筋混凝土造,109年6月17日,十一層,,
RPWOMLOJOHLGFAF88CC,53,57.85,住家用,鋼筋混凝土造,62年8月30日,四層,,
RPXOMLNJOHLGFIF07CC,38,82.09,住家用,鋼筋混凝土造,77年8月10日,五層,,
RPUNMLOJOHLGFAF58CC,5,61.82,集合住宅,鋼筋混凝土造,110年4月21日,十三層,,
RPPPMLNJOHLGFIF98CC,2,51.50,集合住宅,鋼筋混凝土造,113年8月21日,九層,,
RPUNMLOJOHLGFAF58CC,5,21.88,本共有部分項目有：行動不便電梯、Ａ排煙室、緊急昇降機、Ａ蓄水池、Ａ２戶外安全梯行動不便梯、Ａ１行動不便梯、排煙室、Ａ１一般安全梯、Ａ棟梯廳、Ａ棟梯間、電梯機房、水箱等１２項。,鋼筋混凝土造,110年4月21日,十三層,,
RPTOMLOJOHLGFAF58CC,1,44.79,集合住宅,鋼骨鋼筋混凝土造,114年9月10日,二十四層,,
RPUNMLOJOHLGFAF58CC,5,50.49,本共有部分項目有：防空避難室兼停車空間、停車空間、Ａ１行動不便梯、廁所、發電機房、台電配電場所、垃圾貯藏空間、電信機房、垃圾車位、裝卸車位、車道、公共服務空間１（閱覽廳）、入口門廳（梯廳）、通廊、陽台、公共服務空間４（辦公室）、管委會空間、公共服務空間２（交誼廳）、公共服務空間３（健身房）、排風管道、發電機排風、發電機進風、自行車空間１等２３項。,鋼筋混凝土造,110年4月21日,十三層,,
RPTOMLOJOHLGFAF58CC,1,5.69,本共有部分之項目有：梯廳、排煙室等２項。,鋼骨鋼筋混凝土造、鋼筋混凝土造,114年9月10日,二十四層,,
RPPPMLNJOHLGFIF98CC,2,16.61,本共有部分之項目有：停車空間、機房、行動不便電梯緊急昇降機、梯廳兼排煙室、汽車坡道、台電配電場所、機車停車空間、排煙室、Ａ１安全梯（無障礙）、Ａ３安全梯（無障礙）、Ａ２安全梯、Ｂ２安全梯、Ａ１戶外安全梯（無障礙）、Ｂ１戶外安全梯（無障礙）、防空避難室兼停車空間、Ａ棟電錶箱、Ｂ棟電錶箱、緊急發電機室、Ｃ１樓梯、住宅門廳、管委會、走廊、管委會空間、Ａ棟水箱、Ｂ棟水箱、進風機房、排風機房、通道、消防泵浦室、電氣室、雨水機房（含噴灌）、垃圾車位、資源回收、自行車停車空間、裝卸車位、垃圾處理集中室、電信機房、無障礙廁所、女廁、男廁、梯廳、發電機進風、發電機排風等４３項。,鋼筋混凝土造,113年8月21日,九層,,
RPPPMLNJOHLGFIF98CC,2,10.10,本共有部分之項目有：排煙室、梯廳、行動不便電梯緊急昇降機、Ａ１戶外安全梯、Ｂ１戶外安全梯、Ａ２安全梯、Ｂ２安全梯、Ａ１戶外安全梯（無障礙）、Ｂ１戶外安全梯（無障礙）、機房、電梯機房、Ａ棟水箱、Ｂ棟水箱、Ａ１梯、Ｂ１梯等１５項。,鋼筋混凝土造,113年8月21日,九層,,
RPTOMLOJOHLGFAF58CC,1,18.51,本共有部分之項目有：電梯升降機、安全梯兼無障礙丙梯、管委會使用空間、機車車道、進氣、排氣、緊急升降機、Ｂ棟排煙室、Ａ棟排煙室、汽車車道、水表室、Ｃ棟排煙室、安全梯兼無障礙丁梯、Ｄ棟排煙室、排煙室、安全梯兼無障礙戊梯、大廳、梯廳、特安梯兼無障礙、機電空間設備、Ｃ棟梯廳、Ｄ棟梯廳、陽台、特安梯、停車空間兼防空避難室、Ａ、Ｂ棟緊急發電機室、Ａ棟電表區、Ａ、Ｂ棟台電配電場所、Ｂ棟電表區、Ｃ、Ｄ棟緊急發電機室、Ｃ棟台電配電場所、防災中心、排風機房、安全梯兼無障礙、垃圾暫存室、Ｃ棟電表區、進風機房、Ｄ棟梯間、Ｄ棟電表區、Ｄ棟台電配電場所、消防中繼水箱、消防中繼機房、機房、Ｃ棟梯間、停車空間、電信室、Ｃ棟水箱、公共水箱、水池水箱、Ｄ棟水箱、Ｂ棟水箱、Ａ棟水箱、消防機房、雨水機房、汙水機房、電梯機房、排煙機房、樓梯、垃圾車位、機械室、梯間、Ｂ棟自來水箱、樓梯空間、裝卸車位等６４項。,鋼骨鋼筋混凝土造、鋼筋混凝土造,114年9月10日,二十四層,,
RPSOMLOJOHLGFAF48CC,45,81.38,住家用,鋼筋混凝土造,70年11月20日,五層,,
RPUOMLOJOHLGFAF68CC,41,101.60,住家用,鋼筋混凝土造,73年12月29日,五層,,
RPOPMLOJOHLGFAF18CC,12,32.24,住家用,鋼筋混凝土造,103年1月16日,二十三層,,
RPOPMLOJOHLGFAF18CC,12,9.48,本共有部分之項目有：防空避難室兼停車空間、電梯間３行動不便者使用之電梯、電梯５、消防機房、機房、樓梯間、管道間、進排風管道、水箱Ｂ、停車空間、發電機房、（Ａ，Ｂ）梯廳、電信機房（一，二）、水箱（Ａ１，Ａ２）、廁所、安全梯丙、機車停車空間、車道、台電配電場所、檢修門、進氣口百葉、防災中心、車道（Ａ、Ｂ）、管委會使用空間（一至九）、緩衝空間、消防機房、中繼水箱、走道、直通梯、騎樓、陽台、雨遮等３２項,鋼筋混凝土造,103年1月16日,二十三層,,
RPOPMLOJOHLGFAF18CC,12,10.93,本共有部分之項目有：梯廳、Ａ梯廳兼排煙室、排煙室、電梯１、緊急升降機電梯２、行動不便者電梯３、特別安全梯（甲，乙）、安全梯丙、引導通路、進風管道、排煙管道、走道、消防機房、行動不便者電梯、樓梯間、水箱、機房、騎樓、雨遮等１９項,鋼筋混凝土造,103年1月16日,二十三層,,
RPQPMLOJOHLGFAF38CC,34,31.74,住家用,鋼骨混凝土造,81年8月8日,十五層,,
RPUPMLOJOHLGFAF78CC,,76.22,住家用,鋼筋混凝土造,,五層,,
RPQPMLOJOHLGFAF38CC,34,3.24,共有部分,鋼骨混凝土造,81年8月8日,十五層,,
RPUOMLNJOHLGFIF76CC,9,90.76,集合住宅,鋼筋混凝土造,106年9月28日,十四層,,
RPUOMLNJOHLGFIF76CC,9,46.48,本共有部分之項目有：防空避難室兼停車空間、排煙室、緊急升降機、供無障礙使用、進風、排風、雨水機房兼污水處理機房、消防機房、停車空間、水箱、發電機室（兼大公變電室）、集中電表室、垃圾回收室、電信室、台電配電場所、裝卸車位、陽台、門廊、管委會使用空間（１，２）、安全梯、戶外安全梯Ａ、戶外安全梯Ｂ、管道、梯廳、排煙管道、車道、消防水箱、機械室等２８項。,鋼筋混凝土造,106年9月28日,十四層,,
RPSNMLOJOHLGFBF48CC,15,64.27,集合住宅,鋼筋混凝土造,100年3月31日,十四層,,
RPSNMLOJOHLGFBF48CC,15,27.45,本共有部分項目：梯廳，公共服務空間，雨遮，排煙室，屋頂突出物〈一〉，電梯機房，屋頂突出物〈二〉，樓梯間，屋頂水箱，臺電配電室，防空避難室兼停車空間，發電機房，游泳池機房，車道，管理室，機車車道，機車停車區，垃圾儲存空間，垃圾車停車格，水箱，停車空間，機房，消防泵浦室等２３項。,鋼筋混凝土造,100年3月31日,十四層,,
RPWNMLOJOHLGFBF88CC,18,64.46,住家用,鋼筋混凝土造,97年7月29日,十九層,,
RPWNMLOJOHLGFBF88CC,18,3.19,共有部分,鋼筋混凝土造,97年7月29日,十九層,,
RPWNMLOJOHLGFBF88CC,18,1.24,共有部分,鋼筋混凝土造,97年7月29日,十九層,,
RPWNMLOJOHLGFBF88CC,18,4.87,共有部分,鋼筋混凝土造,97年7月29日,十九層,,
RPWNMLOJOHLGFBF88CC,18,20.96,共有部分,鋼筋混凝土造,97年7月29日,十九層,,
RPTNMLOJOHLGFBF58CC,18,97.84,事務所或工商服務業,鋼筋混凝土造,97年4月24日,十五層,,
RPTNMLOJOHLGFBF58CC,18,9.73,共有部分,鋼筋混凝土造,97年4月24日,十五層,,
RPTNMLOJOHLGFBF58CC,18,21.91,共有部分,鋼筋混凝土造,97年4月24日,十五層,,
RPROMLOJOHLGFBF48CC,10,68.62,集合住宅,鋼筋混凝土造,105年11月23日,十三層,,
RPUNMLOJOHLGFCF78CC,28,108.42,住家用,鋼筋混凝土造,87年3月5日,三層,,
RPROMLOJOHLGFBF48CC,10,21.15,本共有部分之項目有公共服務空間、管委會空間、門廳、梯廳、梯間、排煙室、機房、樓梯間、水箱、機械室等１０項。,鋼筋混凝土造,105年11月23日,十三層,,
RPUNMLOJOHLGFCF78CC,28,38.40,共有部分,鋼筋混凝土造,87年3月5日,三層,,
RPROMLOJOHLGFBF48CC,10,11.92,本共有部分之項目有停車空間、蓄水池、樓梯間、電信機房、電梯間、梯廳、排煙室、發電機房、垃圾車停車位、垃圾貯留空間、裝卸貨物車位、自行車停車位、台電配電場所、消防機房、水池機房等１５項。,鋼筋混凝土造,105年11月23日,十三層,,
RPUNMLOJOHLGFCF78CC,28,12.78,共有部分,鋼筋混凝土造,87年3月5日,三層,,
RPVNMLOJOHLGFDF98CC,29,25.03,住家用,鋼筋混凝土造,86年6月10日,十三層,,
RPVNMLOJOHLGFDF98CC,29,7.58,樓電梯間，機房，蓄水池，台電配電室，排煙室，電錶室，管道間，管理員室，屋頂突出物,鋼筋混凝土造,86年6月10日,十三層,,
RPSOMLOJOHLGFCF68CC,14,53.88,住家用,鋼骨構造、鋼筋混凝土構造,101年11月14日,二十八層,,
RPSOMLOJOHLGFCF68CC,14,.70,本共有部分之項目有地下一層之俱樂部泵浦機房、俱樂部泵浦蓄水池、第四層之過濾機房、第五層之管委會使用空間、屋頂突出物之冰水主機房、屋頂突出物(二層)之水箱等６項。,鋼骨構造、鋼筋混凝土構造,101年11月14日,二十九層,,
RPSOMLOJOHLGFCF68CC,14,11.90,本共有部分之項目有梯廳、中繼水箱、消防水箱、水箱室、機房、電梯機房等六項。,鋼骨構造、鋼筋混凝土構造,101年11月14日,二十八層,,
RPSOMLOJOHLGFCF68CC,14,1.58,本共有部分之項目有停車空間１項。,鋼骨構造、鋼筋混凝土構造,101年11月14日,二十八層,,
RPSOMLOJOHLGFCF68CC,14,9.91,本共有部分之項目有地下三層之地下室水箱、泵浦機房、排煙室、梯廳、緊急升降機、機房、儲藏室、排風機房、送風機房、污水機房、中水機房、消防泵浦機房、停車空間、地下二層之排煙室、梯廳、儲藏室、機房、排風機房、送風機房、機車位、停車空間、地下一層之梯廳、儲藏室、機房、排風機房、送風機房、機車位、防空避難室兼停車空間、第一層之走廊、管理中心、防災中心、人工地盤梯廳、第二層之電表室、台電配電場所、自設變電室、油槽室、空調機房、電信機房、網路機房、泵浦室、噴灌機房、收費亭、管理室、廁所、垃圾處理室、管理中心、垃圾處理室、吊運空間、發電機房、走道、發電機房、閱覽室、人工地盤梯廳、樓梯、機房、第三層之管理室、梯廳、水景機房、噴灌機房、水景機房、交誼廳、儲藏室、陽台、雨遮、第一層～五層梯廳、第五層之電梯機房等６６項。,鋼骨構造、鋼筋混凝土構造,101年11月14日,二十八層,,
RPTNMLOJOHLGFDF78CC,31,62.40,住家用,鋼筋混凝土造,84年5月31日,七層,,
RPTNMLOJOHLGFDF78CC,31,7.42,共有部分,鋼筋混凝土造,84年5月31日,七層,,
RPRNMLOJOHLGFDF58CC,8,93.37,集合住宅,鋼筋混凝土構造,107年2月13日,二十一層,,
RPRNMLOJOHLGFDF58CC,8,21.13,本共有部份項目有：梯廳、中繼機房、陽台、消防中繼水箱、消防水箱、梯間、電梯機房、水箱等８項。,鋼筋混凝土構造,107年2月13日,二十一層,,
RPRNMLOJOHLGFDF58CC,8,21.97,本共有部份項目有：公共服務空間、警衛室、管委會使用空間、防空避難室兼停車空間、梯廳、水箱、台電配電場所、泳池機房、電信室、機房、發電機房、公設水箱、消防機房、停車空間、陽台等１５項。,鋼筋混凝土構造,107年2月13日,二十一層,,
RPQNMLOJOHLGFEF58CC,46,17.92,住家用,鋼筋混凝土造,69年11月19日,五層,,
RPPOMLOJOHLGFDF48CC,40,87.56,住家用,鋼筋混凝土造,74年12月30日,五層,,
RPPNMLOJOHLGFEF48CC,9,99.07,住家用,鋼筋混凝土造,106年2月16日,十四層,,
RPPNMLOJOHLGFEF48CC,9,25.97,本共有部分項目有：車道、梯廳、樓梯間、機械室、水箱、管理委員會使用空間等６項,鋼筋混凝土造,106年2月16日,十四層,,
RPPNMLOJOHLGFEF48CC,9,19.54,本共有部分項目有：防空避難室兼停車空間、梯廳、台電配電場所、緊急發電機室、垃圾車位、安全梯、廢棄物處理室、電錶、機車停車空間、停車空間、電信機房、水箱、消防機房等１３項,鋼筋混凝土造,106年2月16日,十四層,,
RPSNMLOJOHLGFEF78CC,18,85.91,住家用,鋼筋混凝土造,97年4月30日,十層,,
RPSNMLOJOHLGFEF78CC,18,64.68,共有部分,鋼筋混凝土造,97年4月30日,十層,,
RPRNMLOJOHLGFEF68CC,32,20.93,住家用,鋼筋混凝土造,83年6月29日,十八層,,
RPRNMLOJOHLGFEF68CC,32,11.42,共有部分,鋼筋混凝土造,83年6月29日,十八層,,
RPWNMLOJOHLGFEF56CC,45,88.14,住家用,鋼筋混凝土造,70年10月13日,四層,,
RPOOMLOJOHLGFDF38CC,28,112.51,住家用,鋼骨鋼筋混凝土造,87年9月21日,十八層,,
RPOOMLOJOHLGFDF38CC,28,19.94,共有部分,鋼骨鋼筋混凝土造,87年9月21日,十八層,,
RPOOMLOJOHLGFDF38CC,28,24.56,防空避難室兼停車空間、停車空間,鋼骨鋼筋混凝土造,87年9月21日,十八層,,
RPXNMLOJOHLGFEF66CC,35,115.90,住家用,鋼筋混凝土造,80年1月23日,六層,,
RPXNMLOJOHLGFEF66CC,35,29.39,共有部分,鋼筋混凝土造,80年1月23日,六層,,
RPOOMLOJOHLGFEF48CC,1,45.76,集合住宅,鋼筋混凝土造,114年3月14日,十四層,,
RPOOMLOJOHLGFEF48CC,1,23.60,本共有部分之項目有：梯廳、公共儲藏室、自行車停車位、受電箱室、緊急發電機室、台電配電室、機房、水箱、總受水箱、溫泉水箱、進氣機房、排氣機房、消防泵浦室、雨水過濾機房、電梯機房、昇降機、機械房、管委會空間、無障礙安全梯、機電設備空間、緊急升降梯無障礙電梯、引導設施、管委會使用空間、排煙室、消防水箱、特別安全梯、無障礙特別安全梯、垃圾儲藏空間、廁所、垃圾車停車位、水池、中繼消防機房、高層建築出入口緩衝空間、防災中心、陽台、安全梯、公共緊急發電機室、觀景池機房、電氣室、公共台電配電室、無障礙昇降梯、電信機房、女廁、男廁、汽車坡道等４５項,鋼筋混凝土構造、鋼構造,114年3月14日,二十三層,,
RPTNMLOJOHLGFEF88CC,19,28.45,辦公室,鋼筋混凝土造,96年11月9日,十三層,,
RPTNMLOJOHLGFEF88CC,19,3.83,共有部分,鋼筋混凝土造,96年11月9日,十三層,,
RPTNMLOJOHLGFEF88CC,19,3.08,共有部分,鋼筋混凝土造,96年11月9日,十三層,,
RPTNMLOJOHLGFEF88CC,19,5.26,共有部分,鋼筋混凝土造,96年11月9日,十三層,,
RPTNMLOJOHLGFEF88CC,19,1.22,辦公室,鋼筋混凝土造,96年11月9日,十三層,,
RPROMLOJOHLGFEF78CC,32,23.39,住家用,鋼筋混凝土造,83年6月29日,十八層,,
RPROMLOJOHLGFEF78CC,32,10.99,共有部分,鋼筋混凝土造,83年6月29日,十八層,,
RPTOMLOJOHLGFEF98CC,8,78.68,住家用,鋼筋混凝土造,107年5月25日,二十九層,,
RPTOMLOJOHLGFEF98CC,8,39.60,本共有部分之項目有：梯廳、排煙室、樓電梯間、騎樓、管委會使用空間、人行通廊、頂蓋式通廊、走道、防災中心、游泳池機房、陽台、男女更衣室、ＳＰＡ池區、機械室、消防中繼機械房、樓梯間、水箱、中繼消防水箱、泵浦區、台電配電室、受電箱通道、電錶區、昇降機坑、緊急發電機室、垃圾儲藏室、儲油室、停車空間、台電通道、汙排水轉、消防中繼機房、電錶室、變電室、電信室、機房、泳池專用水箱、游泳池揚水泵浦機房、排風機房、消防中繼水箱、防空避難室兼停車空間、雨水過濾機房、消防幫浦室等４１項,鋼筋混凝土造,107年5月25日,二十九層,,
RPTPMLOJOHLGFEF09CC,33,86.25,住家用,鋼筋混凝土造,82年3月4日,四層,,
RPSOMLOJOHLGFEF88CC,5,46.81,集合住宅,鋼筋混凝土造,110年4月16日,十五層,,
RPTPMLOJOHLGFEF09CC,33,35.53,共有部分,鋼筋混凝土造,82年3月4日,四層,,
RPSOMLOJOHLGFEF88CC,5,43.60,本共有部分之項目有：等侯空間、車道、排煙室、梯廳、管理員室、行動不便樓梯、通廊、管委會使用空間、垃圾儲存空間、垃圾車停車空間、電錶箱位置、停車空間、電信機房、電梯機坑、台電配電場所、機房、水箱、發電機房、消防機房、污水機房、雨水過濾機房等２１項,鋼筋混凝土造,110年4月16日,十五層,,
RPSOMLOJOHLGFEF88CC,5,9.64,本共有部分之項目有：特別安全梯、戶外安全梯、排煙室、梯廳、行動不便樓梯、機房、水箱等７項,鋼筋混凝土造,110年4月16日,十五層,,
RPQPMLOJOHLGFEF78CC,19,25.21,住家用,鋼筋混凝土造,96年11月19日,十層,,
RPQPMLOJOHLGFEF78CC,19,9.85,共有部分,鋼筋混凝土造,96年11月19日,十層,,
RPVOMLOJOHLGFBF88CC,49,95.99,住家用,鋼筋混凝土造,66年11月5日,四層,,
RPQPMLOJOHLGFEF78CC,19,3.08,共有部分,鋼筋混凝土造,96年11月19日,十層,,
RPWOMLOJOHLGFEF66CC,31,40.10,住家用,鋼筋混凝土造,84年10月13日,十層,,
RPWOMLOJOHLGFEF66CC,31,29.74,共有部分,鋼筋混凝土造,84年10月13日,十層,,
RPWOMLOJOHLGFEF66CC,31,6.23,共有部分,鋼筋混凝土造,84年10月13日,十層,,
RPUOMLOJOHLGFEF09CC,1,62.85,集合住宅,鋼筋混凝土造,114年8月5日,十五層,,
RPUOMLOJOHLGFEF09CC,1,31.65,本共有部分項目有：騎樓、管委會使用空間一、管委會使用空間二、排煙室、梯廳、梯間、機車停車空間、自行車停車空間、汽車車道、水景機房、台電配電場所、垃圾儲存空間、車道、防空避難室兼停車空間、發電機房、機房、Ａ水箱、Ｂ水箱、Ｃ水箱、停車空間、雨水機房、消防機房、Ａ２戶外安全梯、水箱、電梯機房、電信室等２６項。,鋼筋混凝土造,114年8月5日,十五層,,
RPRNMLOJOHLGFGF88CC,49,66.00,住家用,鋼筋混凝土造,66年11月5日,四層,,
RPWPMLOJOHLGFEF76CC,27,54.75,辦公室,鋼筋混凝土造,88年10月2日,五層,,
RPWPMLOJOHLGFEF76CC,27,14.72,共有部分,鋼筋混凝土造,88年10月2日,五層,,
RPWNMLOJOHLGFGF76CC,62,43.99,住家用,加強磚造,53年6月15日,三層,,
RPXPMLOJOHLGFEF86CC,33,23.40,住家用,鋼筋混凝土造,82年11月18日,六層,,
RPXPMLOJOHLGFEF86CC,33,48.17,共有部分,鋼筋混凝土造,82年11月18日,,,
RPTPMLOJOHLGFBF78CC,18,27.73,住家用,鋼筋混凝土造,97年4月18日,十四層,,
RPUPMLOJOHLGFEF56CC,21,57.60,住家用,鋼筋混凝土造,94年7月14日,二十一層,,
RPUPMLOJOHLGFEF56CC,21,36.46,共有部分,鋼筋混凝土造,94年7月14日,二十一層,,
RPTPMLOJOHLGFBF78CC,18,4.44,共有部分,鋼筋混凝土造,97年4月18日,十四層,,
RPTPMLOJOHLGFBF78CC,18,3.82,共有部分,鋼筋混凝土造,97年4月18日,十四層,,
RPTPMLOJOHLGFBF78CC,18,3.36,共有部分,鋼筋混凝土造,97年4月18日,十四層,,
RPTPMLOJOHLGFBF78CC,18,4.29,共有部分,鋼筋混凝土造,97年4月18日,十四層,,
RPUNMLOJOHLGFGF56CC,53,59.85,住家用,加強磚造,62年5月13日,三層,,
RPSPMLOJOHLGFEF98CC,3,53.21,集合住宅,鋼筋混凝土造,112年7月27日,二十二層,,
RPOPMLOJOHLGFBF28CC,30,142.18,住家用,鋼筋混凝土造,85年1月29日,二十一層,,
RPSPMLOJOHLGFEF98CC,3,17.62,本案共有部分項目有：排煙室、梯廳、Ｇ排煙室、Ｇ水箱、梯間、噴灌機房、機房、消防水箱、消防中繼機械室、電梯機房、水箱等１１項,鋼筋混凝土造,112年7月27日,二十二層,,
RPSPMLOJOHLGFEF98CC,3,.42,本案共有部分項目有：共同梯廳等１項,鋼筋混凝土造,112年7月27日,二十二層,,
RPSPMLOJOHLGFEF98CC,3,9.89,本案共有部分項目有：騎樓、Ｋ１通廊、迴廊、Ａ１通廊、門廳（一）、防災中心、門廳（二）、Ｅ１通廊、Ｆ１通廊、Ｇ１通廊、Ｈ１通廊、Ｉ１管委會使用空間、Ｂ１管委會使用空間、Ｌ１管委會使用空間、Ａ１管委會使用空間、儲藏室、Ｋ２管委會使用空間、Ｋ１管委會使用空間、通廊、陽台、空調機房、Ｈ１管委會使用空間、Ｈ２管委會使用空間、Ｇ１管委會使用空間、Ｆ３管委會使用空間、Ｆ１管委會使用空間、Ｆ２管委會使用空間、Ｅ１管委會使用空間、Ｅ２管委會使用空間、Ｃ１管委會使用空間、台電配電場所、停車空間、發電機室、梯間、垃圾儲藏室－０１、垃圾儲藏室－０２、受水池、機房、中繼水箱、電信室、防空避難室兼停車空間、雨水回收機房、消防機房、景觀機房等４４項,鋼筋混凝土造,112年7月29日,二十三層,,
RPOPMLOJOHLGFBF28CC,30,14.62,共有部分,鋼筋混凝土造,85年1月29日,二十一層,,
RPVOMLOJOHLGFEF56CC,1,102.63,集合住宅,鋼筋混凝土造,114年8月28日,十五層,,
RPVOMLOJOHLGFEF56CC,1,84.81,本共有部分項目有：騎樓、梯廳、Ａ排煙室、Ｂ排煙室、管理委員會使用空間１、甲梯、乙梯、丙梯、丁梯、陽台、汽機車坡道、Ａ梯廳、梯間、Ａ梯間、Ｂ梯間、水箱、電梯機房、Ｂ梯廳、台電配電場所、配電盤區、汽車車道、防空避難室兼停車空間、服務裝卸車位、Ａ電梯機房、垃圾貯存空間、發電機室、自來水給水箱１、自來水給水箱２、自來水給水箱３、Ｂ電梯機房、自來水給水箱４、自來水給水箱５、電信室、受水箱、停車空間、消防泵浦室、雨水機房等３７項。,鋼筋混凝土造,114年8月28日,十五層,,
RPPNMLOJOHLGFGF68CC,31,57.65,住家用,鋼筋混凝土造,84年8月30日,十八層,,
RPPNMLOJOHLGFGF68CC,31,16.49,共有部分,鋼筋混凝土造,84年8月30日,十八層,,
RPPOMLOJOHLGFGF78CC,26,26.76,住家用,鋼筋混凝土造,89年3月17日,十三層,,
RPPOMLOJOHLGFGF78CC,26,7.58,共有部分,鋼筋混凝土造,89年3月17日,十三層,,
RPVOMLOJOHLGFGF76CC,27,81.79,住家用,鋼筋混凝土造,88年4月14日,七層,,
RPVOMLOJOHLGFGF76CC,27,19.18,共有部分,鋼筋混凝土造,88年4月14日,七層,,
RPUOMLOJOHLGFGF66CC,62,89.46,住家用,加強磚造,53年6月30日,二層,,
RPQNMLOJOHLGFHF88CC,17,1.49,共有部分,鋼筋混凝土造,97年12月25日,十四層,,
RPQNMLOJOHLGFHF88CC,17,45.20,一般事務所、自由職業事務所,鋼筋混凝土造,97年12月25日,十四層,,
RPTNMLOJOHLGFHF56CC,51,54.05,住家用,加強磚造,64年11月15日,四層,,
RPRNMLOJOHLGFHF98CC,47,22.12,住家用,鋼筋混凝土造,67年11月29日,五層,,
RPQNMLOJOHLGFHF88CC,17,.87,共有部分,鋼筋混凝土造,97年12月25日,十四層,,
RPQNMLOJOHLGFHF88CC,17,10.83,共有部分,鋼筋混凝土造,97年12月25日,十四層,,
RPQNMLOJOHLGFHF88CC,17,29.04,共有部分,鋼筋混凝土造,97年12月25日,十四層,,
RPUNMLOJOHLGFHF66CC,45,89.81,住家用,鋼筋混凝土造,69年12月13日,五層,,
RPVNMLOJOHLGFHF76CC,28,25.23,住家用,鋼筋混凝土造,87年2月16日,二十層,,
RPVNMLOJOHLGFHF76CC,28,3.97,共有部分,鋼筋混凝土造,87年2月16日,二十層,,
RPOOMLOJOHLGFHF78CC,33,16.97,商業用,鋼筋混凝土造,82年1月11日,十層,,
RPOOMLOJOHLGFHF78CC,33,1.53,共有部分,鋼筋混凝土造,82年1月11日,十層,,
RPOOMLOJOHLGFHF78CC,33,7.01,共有部分,鋼筋混凝土造,82年1月11日,十層,,
RPSNMLOJOHLGFHF09CC,48,96.58,住家用,鋼筋混凝土造,67年6月22日,五層,,
RPSOMLOJOHLGFHF56CC,17,22.02,住家用,鋼筋混凝土造,98年3月20日,十三層,,
RPSOMLOJOHLGFHF56CC,17,13.22,共有部分,鋼筋混凝土造,98年3月20日,十三層,,
RPXNMLOJOHLGFIF07CC,31,102.56,住家用,鋼筋混凝土造,84年7月17日,七層,,
RPXNMLOJOHLGFIF07CC,31,25.67,防空避難室兼停車空間、汽車昇降機,鋼筋混凝土造,84年7月17日,七層,,
RPPOMLOJOHLGFHF88CC,45,118.44,集合住宅,鋼筋混凝土造,70年7月13日,五層,,
RPWOMLOJOHLGFHF96CC,31,89.08,住家用,鋼筋混凝土造,83年11月29日,十六層,,
RPWOMLOJOHLGFHF96CC,31,18.97,共有部分,鋼筋混凝土造,83年11月29日,十六層,,
RPQNMLOJOHLGFIF98CC,31,47.63,住家用,鋼筋混凝土造,84年4月25日,十七層,,
RPQNMLOJOHLGFIF98CC,31,10.61,共有部分,鋼筋混凝土造,84年4月25日,十七層,,
RPPNMLPJOHLGFAF18CC,2,64.29,集合住宅,鋼筋混凝土造,113年9月13日,十八層,,
RPROMLOJOHLGFHF09CC,1,16.82,集合住宅,鋼筋混凝土構造,113年12月30日,十層,,
RPROMLOJOHLGFHF09CC,1,11.28,本共有部分項目有騎樓、梯廳、汽機昇降機、電信機房、受電箱、防空避難室兼停車空間、台電配電場所、水箱、水箱機房、電梯間、發電機室、機房、緊急出口等１３項。,鋼筋混凝土構造,113年12月30日,十層,,
RPPNMLPJOHLGFAF18CC,2,28.46,本共有部分之項目有：停車空間、台電配電場所、消防水箱、中繼機房、水箱、消防機房、無障礙樓梯、一般安全梯、汽機車坡道、發電機排氣、發電機進氣、排煙室、梯廳、管道間、樓梯間、特別安全梯、昇降機、緊急昇降機供行動不便使用、陽台、高層緩衝空間、室外無障礙通路、門廊、防空避難層兼停車空間、機房、消防中繼水箱、防災中心、緊急發電機室、發電機排氣管道、停車場排氣管道、垃圾集中室、裝卸車位、垃圾車暫存區、汽車坡道、電信室、揚水泵浦、自來水箱、樓電梯間等３７項。,鋼筋混凝土造,113年9月13日,十八層,,
RPSNMLPJOHLGFAF48CC,48,106.10,住家用,鋼筋混凝土造,67年2月4日,五層,,
RPTNMLOJOHLGFIF66CC,31,98.83,住家用,鋼筋混凝土造,83年12月16日,六層,,
RPXNMLPJOHLGFAF98CC,,94.72,住家用,鋼筋混凝土造,,五層,,
RPTNMLOJOHLGFIF66CC,31,4.82,共有部分,鋼筋混凝土造,83年12月16日,六層,,
RPTNMLOJOHLGFIF66CC,31,23.40,共有部分,鋼筋混凝土造,83年12月16日,六層,,
RPTOMLPJOHLGFAF68CC,2,37.06,一般事務所,鋼筋混凝土造,113年3月1日,十九層,,
RPTOMLPJOHLGFAF68CC,2,40.64,本共有部分項目有：停車空間、無障礙安全梯、無障礙昇降機、緊急昇降機、一般昇降機、消防機房、雨水機房、排煙室、受水箱Ａ、受水箱Ｂ、防空避難室兼停車空間、垃圾車暨裝卸車位、垃圾貯藏室、台電配電場所、發電機房、電信機房、防災中心、特別安全梯Ａ１、無障礙特別安全梯Ａ２、管委會使用空間１、梯廳、緩衝空間、無障礙廁所、特別安全梯Ｂ１、機車道、汽車道、無障礙特別安全梯Ｂ２、管委會使用空間２、機房、樓梯間、給水箱Ａ、給水箱Ｂ、水箱Ｂ１、水箱Ｂ２、消防水箱、電梯機房等３６項。,鋼筋混凝土造,113年3月1日,二十一層,,
RPROMLPJOHLGFAF48CC,16,27.96,住家用,鋼骨構造,99年7月15日,四十層,,
RPROMLPJOHLGFAF48CC,16,35.16,本共有部分之項目有：樓梯間、台電配電室、走道、車道、停車空間、電信機房、梯間、管道間、消防泵浦室、消防水箱、機房、機械室、水箱等１３項,鋼骨構造,99年7月15日,四十六層,,
RPROMLPJOHLGFAF48CC,16,2.55,本共有部分之項目有：頂蓋型開放空間、電梯、樓梯間、社區服務空間１．２．３、廁所、走廊、機車停車空間、梯廳、排煙室、社區服務空間健身房、梯間、機房、機車車道、高壓電表室、發電機室、機械室、電信機房、停車空間、健身房機械室等１９項,鋼骨構造,99年7月15日,四十六層,,
RPROMLPJOHLGFAF48CC,16,10.52,本共有部分之項目有：梯廳、電梯、樓梯間、升降機緩衝機坑、自來水箱、消防水箱、機械室、水箱、排煙室、走廊、梯間、電樓梯間等１２項,鋼骨構造,99年7月15日,四十層,,
RPRNMLPJOHLGFCF58CC,,77.08,住家用,加強磚造,,四層,,
RPQNMLPJOHLGFEF68CC,33,70.85,住家用,鋼筋混凝土造,82年9月6日,十一層,,
RPSNMLPJOHLGFEF88CC,7,57.15,住家用,鋼筋混凝土造,108年7月29日,十一層,,
RPQNMLPJOHLGFEF68CC,33,5.75,共有部分,鋼筋混凝土造,82年9月6日,十二層,,
RPSNMLPJOHLGFEF88CC,7,25.33,管委會使用空間、門廳、自行車停車區、梯廳、梯間、消防專用屋頂水箱、自來水箱、電梯機房、停車空間、台電配電場所、發電機房、電信機房、垃圾暫存空間、垃圾車暫停車位、裝卸位、汽車坡道、消防機房、水箱、雨水機房、噴灌機房等２０項,鋼筋混凝土造,108年7月29日,十一層,,
RPSNMLPJOHLGFDF78CC,44,103.83,住家用,鋼筋混凝土造,71年7月2日,五層,,
RPTNMLPJOHLGFEF98CC,18,68.66,住家用,鋼筋混凝土造,97年10月8日,十五層,,
RPTNMLPJOHLGFEF98CC,18,11.35,共有部分,鋼筋混凝土造,97年10月8日,十五層,,
RPXOMLPJOHLGFEF86CC,4,34.35,辦公室,鋼筋混凝土造,111年4月25日,十八層,,
RPTNMLPJOHLGFEF98CC,18,17.09,共有部分,鋼筋混凝土造,97年10月8日,十五層,,
RPXOMLPJOHLGFEF86CC,4,8.18,共有部分，共同使用之項目：Ａ棟梯間計１項,鋼筋混凝土造,111年4月25日,十八層,,
RPVNMLPJOHLGFEF56CC,19,53.62,住家用,鋼筋混凝土造,96年10月5日,十三層,,
RPXOMLPJOHLGFEF86CC,4,6.86,共有部分，共同使用之項目：Ａ棟梯間、排煙室、樓梯間、機房、水錶區、消防水池、水箱計７項,鋼筋混凝土造,111年4月25日,十八層,,
RPVNMLPJOHLGFEF56CC,19,10.42,共有部分,鋼筋混凝土造,96年10月5日,十三層,,
RPXOMLPJOHLGFEF86CC,4,37.81,共有部分，共同使用之項目：入口門廳、管理員室、防災中心、排煙室、門廊、廁所、辦公室門廳Ａ、Ａ棟梯間、辦公室門廳Ｂ、Ｂ棟梯間、男廁、女廁、茶水間、Ａ５梯、Ｂ５梯、停車空間、台電配電場所、發電機室、電信機房、臨時停車區、蓄水池、消防中繼機房、消防中繼水箱、管委會使用空間、垃圾車停車區、消防機房、陽台計２７項,鋼筋混凝土造,111年4月25日,十八層,,
RPVNMLPJOHLGFEF56CC,19,4.86,共有部分,鋼筋混凝土造,96年10月5日,十三層,,
RPVNMLPJOHLGFEF56CC,19,29.73,共有部分,鋼筋混凝土造,96年10月5日,十三層,,
RPSNMLPJOHLGFCF68CC,46,83.42,商業用,鋼筋混凝土造,69年11月19日,五層,,
RPPOMLPJOHLGFEF68CC,3,56.15,集合住宅,鋼筋混凝土造,112年4月19日,十二層,,
RPWOMLPJOHLGFEF76CC,8,89.03,住家用,鋼筋混凝土造,106年12月5日,十五層,,
RPPOMLPJOHLGFEF68CC,3,58.32,本共有部分項目有：停車空間、梯廳、自來水箱、消防泵浦室、電信機房、台電配電場所、緊急發電機室、機房、垃圾回收場、雨水機房、消防水箱、裝卸車位、受電箱、自行車停車空間、機車停車空間、管委會、公共服務空間、電梯機房等１８項,鋼筋混凝土造,112年4月19日,十四層,,
RPWOMLPJOHLGFEF76CC,8,53.28,本共有部分項目有：車道、台電電錶室、梯廳、管委會使用空間、陽台、地下室防空避難室兼停車空間、臺電配電場所、發電機室、電信機房、垃圾貯存區、排煙室、停車空間、水箱、消防泵浦室等１４項。,鋼筋混凝土造,106年12月5日,十五層,,
RPWOMLPJOHLGFEF76CC,8,27.12,本共有部分項目有：無障礙樓梯、排煙室、梯廳、雨遮、機電設備室、水箱、消防水池、機械室等８項,鋼筋混凝土造,106年12月5日,十五層,,
RPTOMLPJOHLGFGF66CC,9,26.45,集合住宅,鋼筋混凝土造,106年4月5日,十二層,,
RPTOMLPJOHLGFGF66CC,9,11.32,本共有部分項目有：梯廳、管委會空間、陽台、發電機房、垃圾車暫停車位、台電配電場所、機車停車空間、自行車停車空間、垃圾回收室、梯間、裝卸車位、電信室、消防機房、機房、雨水機房、水箱、樓電梯間、機械室、機械房、電梯機房等２０項。,鋼筋混凝土造,106年4月5日,十二層,,
RPVOMLPJOHLGFGF86CC,47,69.00,住家用,鋼筋混凝土造,68年1月22日,四層,,
RPRNMLPJOHLGFGF98CC,40,101.04,住家用,鋼筋混凝土造,75年1月28日,五層,,
RPRNMLPJOHLGFGF98CC,40,11.05,共有部分,鋼筋混凝土造,75年1月28日,五層,,
RPPNMLPJOHLGFGF78CC,27,80.48,住家用,鋼筋混凝土造,88年8月3日,十三層,,
RPUOMLPJOHLGFEF56CC,3,68.14,集合住宅,鋼筋混凝土造,112年2月16日,九層,,
RPPNMLPJOHLGFGF78CC,27,19.46,共有部分,鋼筋混凝土造,88年8月3日,十三層,,
RPUOMLPJOHLGFEF56CC,3,29.59,本共有部分項目有：Ａ梯、Ｂ梯、Ｃ梯、Ｄ梯、Ｅ梯、Ｆ梯、Ｇ梯、Ｈ梯、Ｉ梯、走廊、管委會使用空間１、管委會使用空間２、管委會使用空間３、管委會使用空間４、管委會使用空間５、管委會使用空間６、管委會使用空間７、門廳、６Ｍ基地內通路、１．５Ｍ人行步道、陽台、機房、Ａ水箱、Ｂ水箱、Ｃ水箱、Ｄ水箱、Ｅ水箱、Ｆ水箱、Ｇ水箱、Ｈ水箱、Ｉ水箱、電梯機房、停車空間、台電配電場所、汽車車道、電信機房、Ｂ水箱１、Ｂ水箱２、Ｄ水箱１、Ｄ水箱２、Ｅ水箱１、Ｆ水箱１、Ｆ水箱２、Ｇ水箱１、Ｇ水箱２、Ｇ水箱３、Ｈ水箱１、Ｈ水箱２、防空避難室兼停車空間、自行車停車區、垃圾車暫停車位、垃圾暫存空間１、垃圾暫存空間２、噴灌機房、梯廳、機車停車區、機車／自行車車道、雨水貯留設施、滯洪沉沙池Ａ、發電機房、消防機房、雨水機房等６２項,鋼筋混凝土造,112年2月16日,九層,,
RPOPMLPJOHLGFGF88CC,11,140.26,住家用,鋼筋混凝土造,104年6月30日,十四層,,
RPOPMLPJOHLGFGF88CC,11,110.25,本共有部分項目有：管委會使用空間、管理員室、梯廳、車道、水箱、機械室、台電配電場所、發電機室、停車空間、電信室、消防機房、防空避難室兼停車空間、陽台、雨遮等十四項。,鋼筋混凝土造,104年6月30日,十四層,,
RPVNMLPJOHLGFHF86CC,43,87.85,住家用,鋼筋混凝土造,72年6月21日,五層,,
RPPNMLPJOHLGFHF88CC,47,96.72,住家用,鋼筋混凝土造,68年8月15日,五層,,
RPQPMLPJOHLGFGF09CC,32,75.40,住家用,鋼筋混凝土造,83年9月15日,八層,,
RPQPMLPJOHLGFGF09CC,32,7.44,共有部分,鋼筋混凝土造,83年9月15日,八層,,
RPOOMLPJOHLGFHF88CC,56,61.20,住家用,加強磚造,59年4月15日,四層,,
RPXNMLPJOHLGFHF07CC,49,23.00,住家用,鋼筋混凝土造,66年11月17日,四層,,
RPOPMLPJOHLGFHF98CC,29,91.36,住家用,鋼筋混凝土造,86年10月6日,十二層,,
RPOPMLPJOHLGFHF98CC,29,10.37,共有部分,鋼筋混凝土造,86年10月6日,十二層,,
RPOPMLPJOHLGFHF98CC,29,40.75,共有部分,鋼筋混凝土造,86年10月6日,十二層,,
RPOPMLPJOHLGFHF98CC,29,10.93,共有部分,鋼筋混凝土造,86年10月6日,十二層,,
RPPNMLPJOHLGFIF98CC,5,75.04,集合住宅,鋼筋混凝土造,110年1月20日,七層,,
RPPNMLPJOHLGFIF98CC,5,34.85,本共有部分之項目有：管委會空間、門廳、梯廳、發電機房、安全梯、梯間、消防水箱、水箱、機械室、停車空間、電信機房、台電配電場所、防空避難室兼停車空間、消防機房、門廊、車道等１６項。,鋼筋混凝土造,110年1月20日,七層,,
RPXPMLPJOHLGFHF27CC,34,84.79,住家用,鋼筋混凝土造,81年6月19日,七層,,
RPXPMLPJOHLGFHF27CC,34,19.81,共有部分,鋼筋混凝土造,81年6月19日,七層,,
RPTPMLPJOHLGFHF86CC,47,109.74,住家用,鋼筋混凝土造,68年6月24日,五層,,
RPQNMLPJOHLGFIF09CC,31,90.34,住家用,鋼筋混凝土造,83年12月8日,十二層,,
RPQNMLPJOHLGFIF09CC,31,32.56,共有部分,鋼筋混凝土造,83年12月8日,十二層,,
RPTNMLPJOHLGFIF76CC,49,83.68,住家用,鋼筋混凝土造,66年11月14日,四層,,
RPSNMLPJOHLGFIF66CC,13,57.26,集合住宅,鋼筋混凝土造,102年4月30日,十層,,
RPSNMLPJOHLGFIF66CC,13,63.02,本建物記載共有部份包含（樓梯間、汽車昇降機、管委會使用空間、梯廳、機械室、水箱、昇降機房、台電管道、排氣管道、台電配電場所、防空避難室兼停車空間、電信機房、進氣管道、停車空間、發電機房、蓄水池、污水機房、消防機房）等１８項。,鋼筋混凝土造,102年4月30日,十層,,
RPQNMLQJOHLGFAF38CC,1,73.84,集合住宅,鋼筋混凝土造,114年7月2日,二十二層,,
RPQNMLQJOHLGFAF38CC,1,36.40,本共有部分項目內容有：管委會空間、室內通路、儲藏室、信箱區、汽車車道、機車車道、陽臺、特安梯、無障礙特安梯、無障礙安全梯、無障礙安全梯Ａ、無障礙安全梯Ｂ、緊急升降機、無障礙電梯、進風管道、排煙管道、梯廳、梯間、排煙室、排煙室（Ａ棟）、排煙室（Ｂ棟）、排煙室兼梯廳（Ａ棟）、排煙室兼梯廳（Ｂ棟）、排煙室兼梯廳、機房（供水表使用）、安全梯、消防中繼機房、消防水箱、屋頂水箱、電梯機房、停車空間、防空避難室兼停車空間、機車停車空間、自行車位、台電配電場所、垃圾車暫停車位、機房、垃圾及資源回收空間、防災中心、電信機房緊急發電機房、發電機進風管道、發電機排風管道、Ａ棟水箱、Ｂ棟水箱、雨水回收機房、消防機房等４７項。,鋼筋混凝土造,114年7月2日,二十二層,,
RPOOMLPJOHLGFIF98CC,13,98.16,集合住宅,鋼筋混凝土造,101年12月6日,十一層,,
RPOOMLPJOHLGFIF98CC,13,28.99,本共有部分之項目有梯廳、電梯間、安全梯、供行動不便者使用電梯、管委會空間、陽台、雨遮、車道、水箱、防空避難室兼停車空間、停車空間等１１項。,鋼筋混凝土造,101年12月6日,十一層,,
RPOOMLPJOHLGFIF98CC,13,16.01,本共有部分之項目有梯廳、供行動不便者使用電梯、安全梯、電梯間、雨遮等５項。,鋼筋混凝土造,101年12月6日,十一層,,
RPSNMLQJOHLGFAF58CC,53,87.95,住家用,加強磚造,62年7月26日,三層,,
RPRNMLQJOHLGFAF48CC,31,69.25,住家用,鋼筋混凝土造,84年5月24日,十四層,,
RPRNMLQJOHLGFAF48CC,31,9.50,共有部分,鋼筋混凝土造,84年2月11日,十六層,,
RPRNMLQJOHLGFAF48CC,31,2.46,共有部分,鋼筋混凝土造,84年5月24日,十四層,,
RPXNMLQJOHLGFAF09CC,,60.26,集合住宅,鋼筋混凝土造,114年12月3日,二十層,,
RPXNMLQJOHLGFAF09CC,,29.91,本共有部分之項目有：梯廳、一般升降機行動不便者Ａ、一般升降機Ｂ、緊急升降機Ｃ、特別安全梯（甲）（無障礙樓梯）、排煙室、特別安全梯（乙）、Ａ棟入口門廳、門廊、管理員辦公室、管委會空間、無障礙特別安全梯（甲）、無障礙一般安全梯（庚）、防災中心、梯間、機電設備空間、消防水箱、消防機房、通風換氣設備空間、電梯機房、水錶室、排煙機房（通風換氣設備室）、水箱、通道、Ａ棟機電空間、Ａ棟垃圾暫存室、機房、垃圾車暫停車位、電梯間、機電空間、Ａ棟水箱（Ａ）、Ａ棟水箱（Ｂ）、Ａ棟電氣設備室、Ａ棟緊急發電機室、防空避難室兼停車空間、Ａ棟機車區等３６項。,鋼筋混凝土造,114年12月3日,二十層,,
RPUNMLQJOHLGFAF78CC,48,97.95,住家用,鋼筋混凝土造,67年6月29日,五層,,
RPXNMLQJOHLGFAF09CC,,.48,本共有部分之項目有：自行車停車區等１項。,鋼筋混凝土造,114年12月3日,二十層,,
RPXNMLQJOHLGFAF09CC,,1.85,本共有部分之項目有：機電空間、機車車道、進風機、公共水箱、進排風機、停車場進風管道、停車場排風管道、Ａ、Ｂ、Ｃ棟受電箱、台電配電場所、電信室、無障礙一般安全梯（辛）、排風機設備、消防泵浦室、汙水機房、雨水回收室等１５項。,鋼筋混凝土造,114年12月3日,二十層,,
RPXNMLQJOHLGFAF09CC,,40.42,本共有部分之項目有：防空避難室兼停車空間、停車空間、汽車車道等３項。,鋼筋混凝土造,114年12月3日,二十層,,
RPOOMLQJOHLGFAF28CC,,296.68,住家用,鋼筋混凝土造,,四層,,
RPTNMLQJOHLGFAF68CC,54,56.06,住家用,鋼筋混凝土造,61年5月10日,四層,,
RPPOMLQJOHLGFAF38CC,13,53.84,店舖,鋼筋混凝土造,102年1月8日,十三層,,
RPPOMLQJOHLGFAF38CC,13,21.85,本共有部分之項目有門廳、緊急升降機、行動不便昇降機、管理空間、騎樓、安全梯Ａ、安全梯Ｂ、安全梯Ｃ、排煙室、緊急發電室進風管道、緊急發電室排風管道、雨遮、消防管道、樓梯間、梯間、機械室、機房、水箱、機車停車空間、台電配電場所、電表室、電信機房、垃圾暫存區、電梯間、車道、地下室排風管道、緊急發電室、污水機房、消防泵浦室、消防管道、污水管道、梯廳、管道間等３３項,鋼筋混凝土造,102年1月8日,十三層,,
RPQOMLQJOHLGFAF48CC,,29.08,住家用,鋼筋混凝土造,,四層,,
RPUOMLPJOHLGFBF88CC,33,73.20,住家用,鋼筋混凝土造,82年5月14日,十五層,,
RPUOMLPJOHLGFBF88CC,33,17.44,共有部分,鋼筋混凝土造,82年5月14日,十五層,,
RPWOMLPJOHLGFBF09CC,46,39.56,住家用,鋼筋混凝土造,69年11月15日,五層,,
RPPNMLQJOHLGFDF58CC,11,60.01,住家用,鋼筋混凝土造,104年11月12日,十一層,,
RPPNMLQJOHLGFDF58CC,11,15.83,本共有部分之項目有：管委會空間、汽車升降機、機車升降機、陽台、停車空間兼防空避難室、垃圾儲藏室、發電機室、梯間、電信室、台電配電室、停車空間、機械停車設備機房、蓄水池、儲藏室、消防泵浦室、污水處理機房等１６項。,鋼筋混凝土造,104年11月12日,十一層,,
RPPNMLQJOHLGFDF58CC,11,11.22,本共有部分之項目有：梯廳、水箱、電梯機房、梯間等４項。,鋼筋混凝土造,104年11月12日,十一層,,
RPQNMLPJOHLGFBF38CC,7,83.13,集合住宅,鋼筋混凝土造,108年7月26日,十五層,,
RPQNMLPJOHLGFBF38CC,7,42.44,本共有部分之項目有梯廳、自行車停車空間、緩衝空間、（閱覽會議區）、（健身區）、公共服務空間、（交誼區）、無障礙廁所、無障礙樓梯、甲梯、乙梯（戶外安全梯）、１５人份緊急昇降機、１５人份行動不便者用電梯、排煙室、台電配電場所、水錶室、水箱、電梯機房、樓梯間、垃圾儲藏空間、卸貨車位、自設停車位、電信機房、台電管道間（一）、台電管道間（二）、發電機房、蓄水池、集水坑、消防機房等２９項。,鋼筋混凝土造,108年7月26日,十五層,,
RPRNMLQJOHLGFGF09CC,45,31.00,住家用,鋼筋混凝土造,70年4月22日,四層,,
RPQNMLQJOHLGFGF98CC,47,84.00,住家用,鋼筋混凝土造,68年7月9日,五層,,
RPQNMLQJOHLGFHF09CC,45,74.61,住家用,鋼筋混凝土造,70年3月14日,五層,,
RPSNMLQJOHLGFGF56CC,58,50.85,住家用,加強磚造,56年12月25日,三層,,
RPRNMLQJOHLGFHF56CC,18,38.75,住家用,鋼骨鋼筋混凝土造,97年5月1日,十九層,,
RPRNMLQJOHLGFHF56CC,18,12.65,共有部分,鋼骨鋼筋混凝土造,97年5月1日,十九層,,
RPRNMLQJOHLGFHF56CC,18,13.91,共有部分,鋼骨鋼筋混凝土造,97年5月1日,十九層,,
RPTNMLQJOHLGFHF76CC,44,63.87,住家用,鋼筋混凝土造,71年11月4日,五層,,
RPSNMLQJOHLGFHF66CC,48,82.40,住家用,鋼筋混凝土造,67年3月4日,四層,,
RPPNMLRJOHLGFAF38CC,28,35.94,住家用,鋼筋混凝土造,87年11月23日,二十層,,
RPPNMLRJOHLGFAF38CC,28,.81,台電管道間等公共設施,鋼筋混凝土造,87年11月23日,二十層,,
RPPNMLRJOHLGFAF38CC,28,1.35,門廳等公共設施,鋼筋混凝土造,87年11月23日,二十層,,
RPQNMLRJOHLGFCF68CC,1,59.66,集合住宅,鋼筋混凝土構造,113年12月31日,十七層,,
RPPNMLRJOHLGFAF38CC,28,9.99,電樓梯間等公共設施,鋼筋混凝土造,87年11月23日,二十層,,
RPQNMLRJOHLGFCF68CC,1,29.41,本共有部分項目計有：一般安全梯、一般昇降機、排煙室、無障礙昇降機、緊急昇降機、汽機車坡道、門廳、緩衝空間、梯廳、特別安全梯、汽車道、垃圾儲藏室、發電機機房、防空避難室兼停車空間、受電箱、台電配電場所、防災中心、電信機房、停車空間、水箱、雨水機房、消防機房、自來水箱、梯間、消防水箱、電梯機房，等共計２６項。,鋼筋混凝土構造,113年12月31日,十七層,,
RPPNMLRJOHLGFEF78CC,12,63.57,住家用,鋼筋混凝土造,103年6月13日,十層,,
RPPNMLRJOHLGFEF78CC,12,25.95,本共有部分之項目有：走道、裝卸空間、陽台、管委會空間、排氣機房、梯間、電氣室、台電配電室、停車空間、垃圾儲藏空間、進氣機房、電信室、樓電梯間、溫泉蓄水池、發電機房、蓄水池、景觀水池過濾機房、游泳池過濾機房、污水機房、噴灌機房、消防泵浦室、公共蓄水池、梯廳、電梯間、消防水箱、樓梯間、自來水箱、機械室、安全梯、防空避難室兼停車空間等３０項,鋼筋混凝土造,103年6月13日,十一層,,
RPTNMLRJOHLGFGF76CC,40,86.71,住家用,鋼筋混凝土造,75年5月29日,五層,,
RPPNMLQJOHLGFBF38CC,32,28.54,住家用,鋼筋混凝土造,82年12月7日,十二層,,
RPPNMLRJOHLGFGF98CC,32,86.04,住家用,鋼筋混凝土造,83年5月31日,七層,,
RPPNMLQJOHLGFBF38CC,32,4.53,共有部分,鋼筋混凝土造,82年12月7日,十二層,,
RPPNMLRJOHLGFGF98CC,32,11.24,共有部分,鋼筋混凝土造,83年5月31日,七層,,
RPPNMLRJOHLGFGF98CC,32,4.31,共有部分,鋼筋混凝土造,83年5月31日,七層,,
RPPNMLQJOHLGFBF38CC,32,6.46,共有部分,鋼筋混凝土造,82年12月7日,十二層,,
RPQNMLQJOHLGFBF48CC,7,85.52,集合住宅,鋼筋混凝土造,107年12月25日,十五層,,
RPQNMLQJOHLGFBF48CC,7,18.53,本共有部分之用途有，梯廳，樓梯間，水箱，電梯機房，等４項,鋼筋混凝土造,107年12月25日,十五層,,
RPQNMLQJOHLGFBF48CC,7,21.89,本共有部分之用途有，公共服務空間，無障礙安全梯，無障礙廁所，車道，防空避難室兼停車空間，無障礙車位，台電配電場所，水箱，垃圾車暫停車位，梯廳，垃圾儲存空間，停車空間，電信機房，發電機房，污水機房，消防機房，雨水機房等１７項,鋼筋混凝土造,107年12月25日,十五層,,
RPPNMLRJOHLGFHF09CC,47,87.27,住家用,鋼筋混凝土造,68年11月10日,五層,,
RPRNMLRJOHLGFHF66CC,44,92.24,住家用,鋼筋混凝土造,71年2月27日,五層,,
RPRNMLRJOHLGFHF66CC,44,5.63,共有部分,鋼筋混凝土造,71年2月27日,五層,,
RPUNMLRJOHLGFGF86CC,29,28.50,住家用,鋼筋混凝土造,85年12月10日,五層,,
RPQNMLRJOHLGFHF56CC,45,100.98,住家用,鋼筋混凝土造,69年12月5日,五層,,
RPUNMLRJOHLGFGF86CC,29,2.24,共有部分,鋼筋混凝土造,85年12月10日,五層,,
RPRQMLPJOHLGFBF78CC,25,48.37,住家用,鋼筋混凝土造,90年6月11日,十四層,,
RPRQMLPJOHLGFBF78CC,25,14.30,共有部分,鋼筋混凝土造,90年6月11日,十四層,,
RPRQMLPJOHLGFBF78CC,25,8.65,共有部分,鋼筋混凝土造,90年6月11日,十四層,,
RPSOMLRJOHLGFHF86CC,30,79.30,集合住宅,鋼筋混凝土造,85年3月7日,十四層,,
RPSOMLRJOHLGFHF86CC,30,37.52,共有部分,鋼筋混凝土造,85年3月7日,十四層,,
RPSOMLRJOHLGFHF86CC,30,10.88,共有部分,鋼筋混凝土造,85年3月7日,十四層,,
RPUPMLPJOHLGFBF98CC,,717.20,一般事務所,鋼筋混凝土造,115年3月11日,十一層,,
RPROMLRJOHLGFHF76CC,47,31.77,住家用,鋼筋混凝土造,68年11月21日,五層,,
RPTOMLRJOHLGFHF96CC,49,71.06,住家用,鋼筋混凝土造,66年6月20日,四層,,
RPUOMLRJOHLGFHF07CC,47,68.62,住家用,鋼筋混凝土造,68年3月3日,五層,,
RPRNMLRJOHLGFIF76CC,29,69.19,住家用,鋼筋混凝土造,86年2月3日,十一層,,
RPRNMLRJOHLGFIF76CC,29,13.59,共有部分,鋼筋混凝土造,86年2月3日,十一層,,
RPPNMLRJOHLGFBF58DC,36,93.30,廠房，辦公室，單身宿舍，康樂室，停車場,鋼筋混凝土造,79年3月27日,四層,,
RPRPMLRJOHLGFHF86CC,25,61.99,住家用,鋼筋混凝土造,90年4月9日,十四層,,
RPRPMLRJOHLGFHF86CC,25,11.44,共有部分,鋼筋混凝土造,90年4月9日,十四層,,
RPRPMLRJOHLGFHF86CC,25,7.54,共有部分,鋼筋混凝土造,90年4月9日,十四層,,
RPVOMLRJOHLGFHF17CC,47,31.77,住家用,鋼筋混凝土造,68年11月21日,五層,,
RPXOMLRJOHLGFHF37CC,45,77.70,住家用,鋼筋混凝土造,70年4月8日,五層,,
RPWOMLRJOHLGFHF27CC,5,70.86,集合住宅,鋼筋混凝土構造,110年8月30日,二十一層,,
RPWOMLRJOHLGFHF27CC,5,17.67,本共有部分項目有機車坡道、汽車坡道、公共服務空間、排煙室、梯廳、消防機房、消防水箱、供管委會使用空間一、供管委會使用空間二、供管委會使用空間三、機車停車空間、發電機室、台電配電場所、防空避難室兼停車空間、垃圾及資源回收室設沖刷設備、停車空間、電信機房、機械室、水箱Ａ、水箱Ｂ、雨水機房、消防水池、防災中心、梯間、水箱、電梯機械室、消防水塔、垃圾車停車位等２８項。,鋼筋混凝土構造,110年8月30日,二十一層,,
RPWOMLRJOHLGFHF27CC,5,15.73,本共有部分項目有排煙室、梯廳等２項。,鋼筋混凝土構造,110年8月30日,二十一層,,
RPOOMLSJOHLGFAF48CC,4,60.86,集合住宅,鋼筋混凝土造,111年8月30日,二十七層,,
RPQOMLSJOHLGFAF68CC,28,29.66,住家用,鋼筋混凝土造,87年11月23日,十九層,,
RPVNMLRJOHLGFAF98CC,47,112.01,住家用,鋼筋混凝土造,68年10月24日,五層,,
RPOOMLSJOHLGFAF48CC,4,26.78,本共有部分項目有：消防機房、１７人份行動不便電梯、梯廳、通道、１７人份一般電梯、雨水回收機房、進風機房、水箱室、水箱、地下室排風管道、排風機房、行動不便樓梯安全梯（丙）、電氣室、中繼水箱、消防連結泵浦室、電信機房、機車停車空間、車道、管道間、儲藏室、自行車停車空間、垃圾暫存室、垃圾車暫停空間、受電箱、發電機室、地下進風管道、台電配電場所、入口大廳（挑空區）、公共服務空間（一）（接待區）、廁所、櫃台區、公共服務空間（二）（交誼廳）、陽臺、緊急電、排煙室、電力、弱電、緊急升降機１７人份、進風、排煙、特別安全梯（乙）、行動不便樓梯、特別安全梯（甲）、防災中心、給水、消防、男廁、女廁（無障礙廁所）、公共服務空間（圖書室）、公共服務空間（三）、公共服務空間（健身房）、公共服務空間（多功能會議室）、排煙機房、安全梯（丁）、門廳、機械室、水錶機房／消防泵浦室、電梯機房、自來水水箱、水箱機房等６０項,鋼筋混凝土造,111年8月30日,二十七層,,
RPQOMLSJOHLGFAF68CC,28,.60,台電管道間等公共設施,鋼筋混凝土造,87年11月23日,二十層,,
RPQOMLSJOHLGFAF68CC,28,1.01,門廳等公共設施,鋼筋混凝土造,87年11月23日,二十層,,
RPQOMLSJOHLGFAF68CC,28,7.48,電樓梯間等公共設施,鋼筋混凝土造,87年11月23日,二十層,,
RPQPMLSJOHLGFAF78CC,,112.82,住家用,鋼筋混凝土造,,七層,,
RPQPMLSJOHLGFAF78CC,,32.81,共有部分,鋼筋混凝土造,,七層,,
RPWNMLRJOHLGFAF09CC,,83.58,見使用執照,鋼筋混凝土造,,五層,,
RPQNMLSJOHLGFAF58CC,2,50.33,集合住宅,鋼筋混凝土造,113年7月19日,二十四層,,
RPQNMLSJOHLGFAF58CC,2,26.50,本共有部分之項目有：管委會使用空間、排煙室、緊急升降機、無障礙升降機、一般升降機、特別安全梯、無障礙樓梯、緩衝空間、車道、梯廳、梯間、陽台、一般安全梯、水箱、消防機房、機房、電梯機房、防空避難室兼停車空間、緊急發電機房、電信機房、消防中繼水池、防災中心、停車空間、垃圾車暫停車位、垃圾儲藏室、台電配電場所、消防中繼機房、雨水機房等２８項。,鋼筋混凝土造,113年7月19日,二十四層,,
RPWNMLSJOHLGFAF56CC,53,90.97,住家用,鋼筋混凝土造,62年4月19日,四層,,
RPSPMLSJOHLGFAF98CC,19,28.58,一般事務所,鋼筋混凝土造,96年6月11日,十七層,,
RPSPMLSJOHLGFAF98CC,19,7.18,共有部分,鋼筋混凝土造,96年6月11日,十七層,,
RPROMLSJOHLGFAF78CC,30,29.90,住家用,鋼骨鋼筋混凝土造,85年10月21日,十九層,,
RPSPMLSJOHLGFAF98CC,19,5.60,共有部分,鋼筋混凝土造,96年6月11日,十七層,,
RPWOMLSJOHLGFAF66CC,32,98.13,住家用,鋼筋混凝土造,83年6月6日,十二層,,
RPWOMLSJOHLGFAF66CC,32,12.22,共有部分,鋼筋混凝土造,83年6月6日,十二層,,
RPXNMLSJOHLGFAF66CC,2,79.62,集合住宅,鋼筋混凝土造,113年6月7日,十五層,,
RPXNMLSJOHLGFAF66CC,2,79.64,本共有部分項目有：停車空間、蓄水池１、蓄水池２、緊急升降機、無障礙電梯、機房、消防機房、Ａ排煙室、Ｂ排煙室、汽車坡道、蓄水池、停車空間兼防空避難室、台電配電場所、垃圾處理空間、垃圾車暨裝卸停車位、無障礙車位、電信機房、發電機房、汽機車坡道、Ａ戶外安全梯、Ａ無障礙戶外安全梯、Ｂ戶外安全梯、Ｂ無障礙戶外安全梯、Ｃ無障礙安全梯、管委會空間、梯廳、Ａ梯間、Ｂ梯間、Ａ樓電梯間、Ｂ樓電梯間、Ａ樓梯間、Ｂ樓梯間、Ａ水箱、Ｂ水箱、Ａ機械室、Ｂ機械室、消防水箱等３７項。,鋼筋混凝土造,113年6月7日,十五層,,
RPROMLSJOHLGFAF78CC,30,10.65,共有部分,鋼骨鋼筋混凝土造,85年10月21日,二十一層,,
RPROMLSJOHLGFAF78CC,30,2.94,共有部分,鋼骨鋼筋混凝土造,85年10月21日,二十一層,,
RPSOMLSJOHLGFAF88CC,,83.10,住家用,鋼筋混凝土造,,五層,,
RPXPMLSJOHLGFAF86CC,20,36.36,住家用,鋼骨鋼筋混凝土造,95年9月14日,三十七層,,
RPXPMLSJOHLGFAF86CC,20,12.82,共有部分,鋼骨鋼筋混凝土造,95年9月14日,三十七層,,
RPXPMLSJOHLGFAF86CC,20,1.35,共有部分,鋼骨鋼筋混凝土造,95年9月14日,三十七層,,
RPXPMLSJOHLGFAF86CC,20,2.26,共有部分,鋼骨鋼筋混凝土造,95年9月14日,三十七層,,
RPPNMLRJOHLGFAF48DC,,216.86,工業用,鋼筋混凝土造,,五層,,
RPQNMLSJOHLGFCF78CC,45,92.16,住家用,鋼筋混凝土造,69年12月12日,五層,,
RPSNMLSJOHLGFCF98CC,38,104.52,住家用,鋼筋混凝土造,77年11月23日,五層,,
RPSNMLSJOHLGFCF98CC,38,47.27,共有部分,鋼筋混凝土造,77年11月23日,五層,,
RPROMLSJOHLGFCF98CC,41,90.74,住家用,鋼筋混凝土造,74年8月20日,五層,,
RPRNMLSJOHLGFCF88CC,34,101.44,住家用,鋼筋混凝土造,81年6月29日,五層,,
RPRNMLSJOHLGFCF88CC,34,4.32,共有部分,鋼筋混凝土造,81年6月29日,五層,,
RPVNMLSJOHLGFCF66CC,30,18.85,住家用,鋼筋混凝土造,84年11月30日,十四層,,
RPVNMLSJOHLGFCF66CC,30,4.66,共有部分,鋼筋混凝土造,84年11月30日,十四層,,
RPVNMLSJOHLGFCF66CC,30,5.26,共有部分,鋼筋混凝土造,84年11月30日,十四層,,
RPPNMLSJOHLGFCF68CC,9,99.37,集合住宅,鋼筋混凝土構造,106年4月28日,八層,,
RPPNMLSJOHLGFCF68CC,9,32.32,本建號共有部分項目有：管委會使用空間、梯廳、消防水箱、監視系統、水箱、電梯機房、機房、停車空間、垃圾集中室、消防機房、蓄水池、台電管道間、防空避難室兼停車空間、電信機房、電氣機房、緊急發電機房、台電配電場所〈室〉、陽台等１８項。,鋼筋混凝土構造,106年4月28日,八層,,
RPTNMLSJOHLGFBF98CC,49,24.84,工業用,加強磚造,66年11月10日,三層,,
RPQNMLSJOHLGFBF68CC,39,100.34,住家用,鋼筋混凝土造,76年5月28日,五層,,
RPSNMLSJOHLGFBF88CC,18,80.68,住家用,鋼筋混凝土造,97年3月6日,七層,,
RPSNMLSJOHLGFBF88CC,18,18.40,共有部分,鋼筋混凝土造,97年3月6日,七層,,
RPSNMLSJOHLGFBF88CC,18,9.32,共有部分,鋼筋混凝土造,97年3月6日,七層,,
RPVOMLSJOHLGFCF76CC,14,38.48,一般事務所,鋼骨構造、鋼筋混凝土構造,101年11月14日,二十九層,,
RPVOMLSJOHLGFCF76CC,14,14.03,本共有部分之項目有第六至二十九層梯廳；十二及二十二層水表室、消防泵浦室；十三及二十三層水箱；屋頂突出物之梯間、消防水箱、水箱、電梯機房等８項。,鋼骨構造、鋼筋混凝土構造,101年11月14日,二十九層,,
RPVOMLSJOHLGFCF76CC,14,.51,本共有部分之項目有地下一層之俱樂部泵浦機房、俱樂部泵浦蓄水池、第四層之過濾機房、第五層之管委會使用空間、屋頂突出物之冰水主機房、屋頂突出物(二層)之水箱等６項。,鋼骨構造、鋼筋混凝土構造,101年11月14日,二十九層,,
RPVOMLSJOHLGFCF76CC,14,2.64,本共有部分之項目有地下二層之中水及截油槽機房、消防泵浦室、消防管道、管道間、地下一層之瓦斯減壓室、台電專用管道間、景觀水景機房、車道、機房、電信機房、大公變電站、管道間、第一層之車道、管道間、一層夾層之防災中心、樓梯、管道間、屋頂突出物(二層)之機房、吊運走道、辦公室商場發電機房、樓梯六層走道等２２項。,鋼骨構造、鋼筋混凝土構造,101年11月14日,二十九層,,
RPVOMLSJOHLGFCF76CC,14,4.95,本共有部分之項目有地下二層之蓄水池、泵浦室、梯廳兼排煙室、樓梯、梯廳、排煙室、通風機房、泵浦機房、蓄水池，客梯、垃圾處理室、停車空間、地下一層之機房、台電配電場所、大公變電站、梯廳兼排煙室、樓梯、電錶箱、梯廳、台電配電場所、走道、排煙室、廁所、緊急升降梯、機房、儲藏室、客梯、車道、停車空間、第一層之梯廳兼排煙室、辦公棟門廳、緊急升降梯、管道間、樓梯、客梯、一層夾層之緊急升降梯、第二層至五層之樓梯、緊急升降梯、客梯、第六層之管理中心、管理辦公室、緊急升降梯、陽台、雨遮、客梯等４５項。,鋼骨構造、鋼筋混凝土構造,101年11月14日,二十九層,,
RPWOMLSJOHLGFCF86CC,43,85.60,住家用,鋼筋混凝土造,72年1月26日,五層,,
RPUOMLSJOHLGFCF66CC,14,38.48,一般事務所,鋼骨構造、鋼筋混凝土構造,101年11月14日,二十九層,,
RPUOMLSJOHLGFCF66CC,14,14.03,本共有部分之項目有第六至二十九層梯廳；十二及二十二層水表室、消防泵浦室；十三及二十三層水箱；屋頂突出物之梯間、消防水箱、水箱、電梯機房等８項。,鋼骨構造、鋼筋混凝土構造,101年11月14日,二十九層,,
RPUOMLSJOHLGFCF66CC,14,.51,本共有部分之項目有地下一層之俱樂部泵浦機房、俱樂部泵浦蓄水池、第四層之過濾機房、第五層之管委會使用空間、屋頂突出物之冰水主機房、屋頂突出物(二層)之水箱等６項。,鋼骨構造、鋼筋混凝土構造,101年11月14日,二十九層,,
RPUOMLSJOHLGFCF66CC,14,2.64,本共有部分之項目有地下二層之中水及截油槽機房、消防泵浦室、消防管道、管道間、地下一層之瓦斯減壓室、台電專用管道間、景觀水景機房、車道、機房、電信機房、大公變電站、管道間、第一層之車道、管道間、一層夾層之防災中心、樓梯、管道間、屋頂突出物(二層)之機房、吊運走道、辦公室商場發電機房、樓梯六層走道等２２項。,鋼骨構造、鋼筋混凝土構造,101年11月14日,二十九層,,
RPUOMLSJOHLGFCF66CC,14,4.95,本共有部分之項目有地下二層之蓄水池、泵浦室、梯廳兼排煙室、樓梯、梯廳、排煙室、通風機房、泵浦機房、蓄水池，客梯、垃圾處理室、停車空間、地下一層之機房、台電配電場所、大公變電站、梯廳兼排煙室、樓梯、電錶箱、梯廳、台電配電場所、走道、排煙室、廁所、緊急升降梯、機房、儲藏室、客梯、車道、停車空間、第一層之梯廳兼排煙室、辦公棟門廳、緊急升降梯、管道間、樓梯、客梯、一層夾層之緊急升降梯、第二層至五層之樓梯、緊急升降梯、客梯、第六層之管理中心、管理辦公室、緊急升降梯、陽台、雨遮、客梯等４５項。,鋼骨構造、鋼筋混凝土構造,101年11月14日,二十九層,,
RPPPMLSJOHLGFCF88CC,14,37.94,住家用,鋼骨構造、鋼筋混凝土構造,101年11月14日,二十九層,,
RPPPMLSJOHLGFCF88CC,14,13.75,本共有部分之項目有第六至二十九層梯廳；十二及二十二層水表室、消防泵浦室；十三及二十三層水箱；屋頂突出物之梯間、消防水箱、水箱、電梯機房等８項。,鋼骨構造、鋼筋混凝土構造,101年11月14日,二十九層,,
RPPPMLSJOHLGFCF88CC,14,.49,本共有部分之項目有地下一層之俱樂部泵浦機房、俱樂部泵浦蓄水池、第四層之過濾機房、第五層之管委會使用空間、屋頂突出物之冰水主機房、屋頂突出物(二層)之水箱等６項。,鋼骨構造、鋼筋混凝土構造,101年11月14日,二十九層,,
RPPPMLSJOHLGFCF88CC,14,2.64,本共有部分之項目有地下二層之中水及截油槽機房、消防泵浦室、消防管道、管道間、地下一層之瓦斯減壓室、台電專用管道間、景觀水景機房、車道、機房、電信機房、大公變電站、管道間、第一層之車道、管道間、一層夾層之防災中心、樓梯、管道間、屋頂突出物(二層)之機房、吊運走道、辦公室商場發電機房、樓梯六層走道等２２項。,鋼骨構造、鋼筋混凝土構造,101年11月14日,二十九層,,
RPPPMLSJOHLGFCF88CC,14,4.95,本共有部分之項目有地下二層之蓄水池、泵浦室、梯廳兼排煙室、樓梯、梯廳、排煙室、通風機房、泵浦機房、蓄水池，客梯、垃圾處理室、停車空間、地下一層之機房、台電配電場所、大公變電站、梯廳兼排煙室、樓梯、電錶箱、梯廳、台電配電場所、走道、排煙室、廁所、緊急升降梯、機房、儲藏室、客梯、車道、停車空間、第一層之梯廳兼排煙室、辦公棟門廳、緊急升降梯、管道間、樓梯、客梯、一層夾層之緊急升降梯、第二層至五層之樓梯、緊急升降梯、客梯、第六層之管理中心、管理辦公室、緊急升降梯、陽台、雨遮、客梯等４５項。,鋼骨構造、鋼筋混凝土構造,101年11月14日,二十九層,,
RPXOMLSJOHLGFCF96CC,14,66.91,住家用,鋼骨構造、鋼筋混凝土構造,101年11月14日,二十二層,,
RPOPMLSJOHLGFCF78CC,14,29.21,一般事務所,鋼骨構造、鋼筋混凝土構造,101年11月14日,二十九層,,
RPXOMLSJOHLGFCF96CC,14,.87,本共有部分之項目有地下一層之俱樂部泵浦機房、俱樂部泵浦蓄水池、第四層之過濾機房、第五層之管委會使用空間、屋頂突出物之冰水主機房、屋頂突出物(二層)之水箱等６項。,鋼骨構造、鋼筋混凝土構造,101年11月14日,二十九層,,
RPOPMLSJOHLGFCF78CC,14,10.68,本共有部分之項目有第六至二十九層梯廳；十二及二十二層水表室、消防泵浦室；十三及二十三層水箱；屋頂突出物之梯間、消防水箱、水箱、電梯機房等８項。,鋼骨構造、鋼筋混凝土構造,101年11月14日,二十九層,,
RPXOMLSJOHLGFCF96CC,14,19.19,本共有部分之項目有梯廳、中繼水箱、消防水箱、水箱室、機房、電梯機房等六項。,鋼骨構造、鋼筋混凝土構造,101年11月14日,二十二層,,
RPRPMLSJOHLGFCF09CC,18,97.06,住家用,鋼筋混凝土造,97年1月9日,二十九層,,
RPXOMLSJOHLGFCF96CC,14,1.98,本共有部分之項目有停車空間１項。,鋼骨構造、鋼筋混凝土構造,101年11月14日,二十八層,,
RPOPMLSJOHLGFCF78CC,14,.39,本共有部分之項目有地下一層之俱樂部泵浦機房、俱樂部泵浦蓄水池、第四層之過濾機房、第五層之管委會使用空間、屋頂突出物之冰水主機房、屋頂突出物(二層)之水箱等６項。,鋼骨構造、鋼筋混凝土構造,101年11月14日,二十九層,,
RPRPMLSJOHLGFCF09CC,20,1.10,共有部分,鋼筋混凝土造,95年11月9日,十八層,,
RPXOMLSJOHLGFCF96CC,14,12.28,本共有部分之項目有地下三層之地下室水箱、泵浦機房、排煙室、梯廳、緊急升降機、機房、儲藏室、排風機房、送風機房、污水機房、中水機房、消防泵浦機房、停車空間、地下二層之排煙室、梯廳、儲藏室、機房、排風機房、送風機房、機車位、停車空間、地下一層之梯廳、儲藏室、機房、排風機房、送風機房、機車位、防空避難室兼停車空間、第一層之走廊、管理中心、防災中心、人工地盤梯廳、第二層之電表室、台電配電場所、自設變電室、油槽室、空調機房、電信機房、網路機房、泵浦室、噴灌機房、收費亭、管理室、廁所、垃圾處理室、管理中心、垃圾處理室、吊運空間、發電機房、走道、發電機房、閱覽室、人工地盤梯廳、樓梯、機房、第三層之管理室、梯廳、水景機房、噴灌機房、水景機房、交誼廳、儲藏室、陽台、雨遮、第一層～五層梯廳、第五層之電梯機房等６６項。,鋼骨構造、鋼筋混凝土構造,101年11月14日,二十八層,,
RPRPMLSJOHLGFCF09CC,18,31.26,共有部分,鋼筋混凝土造,97年1月9日,二十九層,,
RPOPMLSJOHLGFCF78CC,14,2.04,本共有部分之項目有地下二層之中水及截油槽機房、消防泵浦室、消防管道、管道間、地下一層之瓦斯減壓室、台電專用管道間、景觀水景機房、車道、機房、電信機房、大公變電站、管道間、第一層之車道、管道間、一層夾層之防災中心、樓梯、管道間、屋頂突出物(二層)之機房、吊運走道、辦公室商場發電機房、樓梯六層走道等２２項。,鋼骨構造、鋼筋混凝土構造,101年11月14日,二十九層,,
RPOPMLSJOHLGFCF78CC,14,3.74,本共有部分之項目有地下二層之蓄水池、泵浦室、梯廳兼排煙室、樓梯、梯廳、排煙室、通風機房、泵浦機房、蓄水池，客梯、垃圾處理室、停車空間、地下一層之機房、台電配電場所、大公變電站、梯廳兼排煙室、樓梯、電錶箱、梯廳、台電配電場所、走道、排煙室、廁所、緊急升降梯、機房、儲藏室、客梯、車道、停車空間、第一層之梯廳兼排煙室、辦公棟門廳、緊急升降梯、管道間、樓梯、客梯、一層夾層之緊急升降梯、第二層至五層之樓梯、緊急升降梯、客梯、第六層之管理中心、管理辦公室、緊急升降梯、陽台、雨遮、客梯等４５項。,鋼骨構造、鋼筋混凝土構造,101年11月14日,二十九層,,
RPWPMLSJOHLGFBF86CC,46,79.22,住家用,鋼筋混凝土造,69年9月18日,四層,,
RPVQMLSJOHLGFBF86CC,20,88.10,住家用,鋼筋混凝土造,95年6月2日,十四層,,
RPVQMLSJOHLGFBF86CC,20,15.47,共有部分,鋼筋混凝土造,95年6月2日,十四層,,
RPVQMLSJOHLGFBF86CC,20,42.17,共有部分,鋼筋混凝土造,95年6月2日,十四層,,
RPSQMLSJOHLGFBF56CC,32,89.06,住家用,鋼筋混凝土造,83年3月19日,七層,,
RPPPMLSJOHLGFBF78CC,1,81.69,集合住宅,鋼筋混凝土造,114年9月5日,十五層,,
RPSQMLSJOHLGFBF56CC,32,26.46,共有部分,鋼筋混凝土造,83年3月19日,七層,,
RPXPMLSJOHLGFBF96CC,2,51.24,集合住宅,鋼筋混凝土造,113年2月6日,十五層,,
RPPPMLSJOHLGFBF78CC,1,35.23,本共有部分之項目有汽．機車坡道、停車空間兼防空避難室、停車空間計３項,鋼筋混凝土造,114年9月5日,十五層,,
RPPPMLSJOHLGFBF78CC,1,43.51,本共有部分之項目有門廳、排煙室、公共服務空間、容移友善開放空間（１）、梯廳、管委會使用空間、梯間、水錶室、電梯機房、水箱、垃圾車暫停車位、進風管道、垃圾儲藏空間、自行車停車空間、機車停車空間、緊急發電機室、電信室、排風管道、台電配電場所、蓄水池、消防泵浦室、陽台計２２項,鋼筋混凝土造,114年9月5日,十五層,,
RPXPMLSJOHLGFBF96CC,2,27.00,本共有部分之項目有管委會使用空間、緊急升降機、無障礙升降機、戶外安全梯、排煙室、受信間、一般安全梯、無障礙樓梯、汽機車車道、梯廳、樓梯間、機房、水箱、電梯機房、汽車坡道、機車停車空間、停車空間、垃圾儲藏室、電信機房、發電機房、電表區、受電箱、台電配電場所、消防機房等２４項。,鋼筋混凝土造,113年2月6日,十五層,,
RPTQMLSJOHLGFBF66CC,15,54.68,集合住宅,鋼筋混凝土造,100年11月16日,十五層,,
RPTQMLSJOHLGFBF66CC,15,13.11,本共有部分之項目有梯廳、管理委員會使用空間、陽台、電梯間、樓梯間、機械室、水箱等７項,鋼筋混凝土造,100年11月16日,十五層,,
RPTQMLSJOHLGFBF66CC,15,10.31,本共有部分之項目有防空避難室兼停車空間、停車空間等２項,鋼筋混凝土造,100年11月16日,十五層,,
RPXQMLSJOHLGFBF07CC,30,53.69,住家用,鋼筋混凝土造,84年12月20日,十三層,,
RPXQMLSJOHLGFBF07CC,30,2.90,共有部分,鋼筋混凝土造,84年12月20日,十三層,,
RPXQMLSJOHLGFBF07CC,30,15.91,共有部分,鋼筋混凝土造,84年12月20日,十三層,,
RPXQMLSJOHLGFBF07CC,30,10.12,共有部分,鋼筋混凝土造,84年12月20日,十三層,,
RPORMLSJOHLGFBF88CC,32,84.44,住家用,鋼筋混凝土造,83年3月19日,七層,,
RPURMLSJOHLGFBF86CC,26,102.64,住家用,鋼筋混凝土造,89年4月11日,十二層,,
RPORMLSJOHLGFBF88CC,32,24.79,共有部分,鋼筋混凝土造,83年3月19日,七層,,
RPURMLSJOHLGFBF86CC,26,8.24,共有部分,鋼筋混凝土造,89年4月11日,十二層,,
RPURMLSJOHLGFBF86CC,26,11.36,共有部分,鋼筋混凝土造,89年4月11日,十二層,,
RPTPMLSJOHLGFCF66CC,4,75.09,集合住宅,鋼筋混凝土構造,111年2月7日,二十二層,,
RPTPMLSJOHLGFCF66CC,4,13.73,本共有部分項目計有：管委會空間、外廊、梯廳、陽台、無障礙樓梯、升降機道、門廳、管理員室、台電配電場所、排風機室、垃圾及資源回收空間、冷藏室、垃圾車暫停車位、防災中心、自行車停車區、緊急發電機室、機車停車區、機電設備空間、電信設備室、ＦＲＰ水箱及消防泵浦室及等２１項。,鋼筋混凝土構造,111年2月7日,二十五層,,
RPTPMLSJOHLGFCF66CC,4,26.24,本共有部分項目計有：特別安全梯、梯廳、門廳、排煙室、梯廳兼排煙室、雨遮、樓電梯間及水箱等８項。,鋼筋混凝土構造,111年2月7日,二十二層,,
RPUPMLSJOHLGFCF76CC,49,80.73,住家用,鋼筋混凝土造,66年4月22日,四層,,
RPUNMLSJOHLGFDF66CC,28,76.38,住家用,鋼筋混凝土造,87年8月27日,八層,,
RPTRMLSJOHLGFBF76CC,31,75.03,住家用,鋼筋混凝土造,84年7月10日,四層,,
RPUNMLSJOHLGFDF66CC,28,17.03,共有部分,鋼筋混凝土造,87年8月27日,八層,,
RPUNMLSJOHLGFDF66CC,28,17.08,防空避難室兼停車場,鋼筋混凝土造,87年8月27日,八層,,
RPTRMLSJOHLGFBF76CC,31,38.86,共有部分,鋼筋混凝土造,84年7月10日,五層,,
RPWNMLSJOHLGFDF86CC,19,93.40,住家用,鋼筋混凝土造,96年6月22日,七層,,
RPWNMLSJOHLGFDF86CC,19,18.90,共有部分,鋼筋混凝土造,96年6月22日,七層,,
RPWNMLSJOHLGFDF86CC,19,8.21,共有部分,鋼筋混凝土造,96年6月22日,七層,,
RPQOMLSJOHLGFDF98CC,27,79.96,住家用,鋼筋混凝土造,88年8月4日,十層,,
RPQOMLSJOHLGFDF98CC,27,33.49,共有部分,鋼筋混凝土造,88年8月4日,十層,,
RPTOMLSJOHLGFDF66CC,2,54.86,集合住宅,鋼筋混凝土構造,112年12月8日,十五層,,
RPTOMLSJOHLGFDF66CC,2,30.44,共有部分，本共有部分之項目：蓄水池、給水機房、服務用樓梯、倉儲式停車機械設備維修空間、雨水貯集滯洪設施、消防水池、倉儲式機械停車空間、汙水機房、電梯機坑、無障礙樓梯、機電空間（消防幫泵室）、台電配電場所、防空避難室暨停車空間、緩衝機坑、梯廳、機電空間（電信室）、發電機室、客貨梯、管委會使用空間、廁所、戶外安全梯、排煙室、緊急昇降機、機房、倉儲式機械停車升降機、排煙室（梯廳）、特別安全梯、屋頂水箱、電梯機房等２９項。,鋼筋混凝土構造,112年12月8日,十五層,,
RPXNMLSJOHLGFEF07CC,1,61.06,集合住宅,鋼筋混凝土造,114年3月14日,二十三層,,
RPXNMLSJOHLGFEF07CC,1,59.40,本共有部分之項目有：梯廳、公共儲藏室、自行車停車位、受電箱室、緊急發電機室、台電配電室、機房、水箱、總受水箱、溫泉水箱、進氣機房、排氣機房、消防泵浦室、雨水過濾機房、電梯機房、昇降機、機械房、管委會空間、無障礙安全梯、機電設備空間、緊急升降梯無障礙電梯、引導設施、管委會使用空間、排煙室、消防水箱、特別安全梯、無障礙特別安全梯、垃圾儲藏空間、廁所、垃圾車停車位、水池、中繼消防機房、高層建築出入口緩衝空間、防災中心、陽台、安全梯、公共緊急發電機室、觀景池機房、電氣室、公共台電配電室、無障礙昇降梯、電信機房、女廁、男廁、汽車坡道等４５項,鋼筋混凝土構造、鋼構造,114年3月14日,二十三層,,
RPPOMLSJOHLGFEF98CC,5,75.67,集合住宅,鋼筋混凝土造,110年5月6日,十五層,,
RPPOMLSJOHLGFEF98CC,5,63.82,共有部分，本共有部分之項目有電樓梯間、梯廳、汽車車道、車道、法定空地陽台、陽台、基地內通路、腳踏車停放區、頂蓋型開放空間、安全梯、管理委員會使用空間、停車空間、台電配電場所（一、二）、發電機室、無障礙車位、垃圾集中場、垃圾暫停車位、電信室、（Ｂ棟Ａ水箱）、Ｂ棟水箱、Ａ棟水箱、消防機械室、屋頂突出物（電樓梯間、梯廳、水錶間、水箱、消防水箱、機械房）等２３項,鋼筋混凝土造,110年5月6日,十五層,,
RPRNMLSJOHLGFGF66CC,8,58.48,集合住宅,鋼筋混凝土結構造,107年8月27日,十二層,,
RPRNMLSJOHLGFGF66CC,8,25.58,本共有部分項目有：車道、停車設備維修走道、管委會使用空間、梯廳、安全梯、行動不便者電梯、緊急昇降機、停車空間、樓梯間、防空避難室兼停車空間、排煙室、機房、水箱、電梯機房、雨遮等１５項。,鋼筋混凝土結構造,107年8月27日,十二層,,
RPOPMLSJOHLGFGF56CC,26,80.44,住家用,鋼筋混凝土造,88年12月30日,八層,,
RPOPMLSJOHLGFGF56CC,26,14.10,共有部分,鋼筋混凝土造,88年12月30日,八層,,
RPOPMLSJOHLGFGF56CC,26,42.65,共有部分,鋼筋混凝土造,88年12月30日,八層,,
RPXNMLSJOHLGFGF27CC,55,34.39,住家用,加強磚造,59年12月7日,二層,,
RPTNMLSJOHLGFGF86CC,2,77.33,集合住宅,鋼筋混凝土造,113年8月15日,十四層,,
RPTNMLSJOHLGFGF86CC,2,38.73,本共有部分項目有：管委會使用空間、騎樓、無障礙昇降機、無障礙安全梯、無障礙室內通路、緊急昇降機、戶外安全梯、梯廳、停車空間、排煙室、外廊、樓電梯間、機電設備空間、電梯機房、水箱、陽臺等１６項。,鋼筋混凝土造,113年8月15日,十四層,,
RPQNMLSJOHLGFHF66CC,15,35.24,一般事務所,鋼骨鋼筋混凝土構造,100年4月15日,十九層,,
RPROMLSJOHLGFGF76CC,51,50.00,住家用,鋼筋混凝土造,64年5月17日,四層,,
RPQNMLSJOHLGFHF66CC,15,11.13,本共有部分之項目有門廊、通風口、景觀機房、防災中心、一般事務所、管委會辦公室、社區活動空間、機房、陽台、雨遮、機車停車空間、管理員室（一）、台電管道間、Ａ、Ｂ、Ｃ、Ｄ、Ｅ、Ｆ、Ｇ、Ｈ、Ｉ棟水箱、發電機室、機械室、污水機房、污水暫留池、消防機房、電信機房、樓電梯間、水箱、消防水箱、電梯機房、儲藏室、消防水池、ＣＤ、ＥＦ、ＧＨ電表箱、垃圾處理室、台電配電場所（室）等二十九項。,鋼骨鋼筋混凝土構造,100年4月15日,十九層,,
RPQNMLSJOHLGFHF66CC,15,12.67,本共有部分項目：Ｉ棟梯廳、樓電梯間、Ｉ棟排煙室、排煙室、男廁、女廁、茶水間、消防水箱、陽台等九項。,鋼骨鋼筋混凝土構造,100年4月15日,十九層,,
RPWNMLSJOHLGFHF27CC,34,94.39,住家用,鋼筋混凝土造,80年12月7日,五層,,
RPUNMLSJOHLGFHF07CC,47,92.64,住家用,鋼筋混凝土造,67年12月7日,五層,,
RPWNMLSJOHLGFHF27CC,34,9.28,共有部分,鋼筋混凝土造,80年12月7日,五層,,
RPVNMLSJOHLGFHF17CC,39,.94,共有部分,鋼筋混凝土造,76年1月24日,五層,,
RPVNMLSJOHLGFGF07CC,26,80.44,住家用,鋼筋混凝土造,88年12月30日,八層,,
RPVNMLSJOHLGFHF17CC,39,78.45,辦公室,ＲＣ造,76年1月24日,五層,,
RPVNMLSJOHLGFHF17CC,39,5.60,本共有部分項目有：梯間１項。,ＲＣ造,76年1月24日,五層,,
RPVNMLSJOHLGFGF07CC,26,14.10,共有部分,鋼筋混凝土造,88年12月30日,八層,,
RPVNMLSJOHLGFHF17CC,39,.19,本共有部分項目有：騎樓１項。,ＲＣ造,76年1月24日,五層,,
RPVNMLSJOHLGFHF17CC,39,.78,本共有部分項目有：地下防空避難室１項。,ＲＣ造,76年1月24日,五層,,
RPRNMLSJOHLGFHF76CC,3,59.36,集合住宅,鋼筋混凝土構造,112年10月23日,十四層,,
RPRNMLSJOHLGFHF76CC,3,30.42,本共有部分項目有管委會使用空間、排煙室、大廳、陽台、休憩空間、汽機車斜坡道、梯廳、防空避難室兼停車空間、車道、機車停車空間、台電配電場所、Ｂ區電錶室、垃圾處理空間、發電機房、水箱、停車空間、電信室、機房、消防泵浦室、澆灌設備機房、汙水機房、樓梯間、電梯機房、電機機房、屋頂消防專用水箱等２５項。,鋼筋混凝土構造,112年10月23日,十四層,,
RPOOMLSJOHLGFHF56CC,27,25.35,住家用,鋼筋混凝土造,87年12月30日,十四層,,
RPOOMLSJOHLGFHF56CC,27,5.53,共有部分,鋼筋混凝土造,87年12月30日,十四層,,
RPOOMLSJOHLGFHF56CC,27,2.24,共有部分,鋼筋混凝土造,87年12月30日,十四層,,
RPPOMLSJOHLGFGF56CC,34,97.11,住家用,鋼筋混凝土造,81年5月26日,五層,,
RPPOMLSJOHLGFGF56CC,34,2.32,共有部分,鋼筋混凝土造,81年5月26日,五層,,
RPSNMLSJOHLGFHF86CC,39,51.10,店鋪,ＲＣ造,76年1月24日,五層,,
RPSNMLSJOHLGFHF86CC,39,.94,共有部分,鋼筋混凝土造,76年1月24日,五層,,
RPSNMLSJOHLGFHF86CC,39,8.40,本共有部分項目有：梯間１項。,ＲＣ造,76年1月24日,五層,,
RPSNMLSJOHLGFHF86CC,39,19.01,本共有部分項目有：騎樓１項。,ＲＣ造,76年1月24日,五層,,
RPSNMLSJOHLGFHF86CC,39,77.40,本共有部分項目有：地下防空避難室１項。,ＲＣ造,76年1月24日,五層,,
RPPOMLSJOHLGFHF66CC,38,107.90,住家用,鋼筋混凝土造,77年6月11日,五層,,
RPPOMLSJOHLGFHF66CC,38,6.36,共有部分,鋼筋混凝土造,77年6月11日,五層,,
RPUOMLSJOHLGFHF17CC,30,28.85,住家用,鋼筋混凝土造,85年11月16日,二十二層,,
RPUOMLSJOHLGFHF17CC,30,4.31,共有部分,鋼筋混凝土造,85年11月16日,二十二層,,
RPPPMLSJOHLGFHF76CC,41,65.08,住家用,鋼筋混凝土造,74年6月20日,五層,,
RPPPMLSJOHLGFHF76CC,41,7.52,共有部分,鋼筋混凝土造,74年6月20日,五層,,
RPSPMLSJOHLGFHF07CC,27,80.39,住家用,鋼筋混凝土造,88年9月15日,二十二層,,
RPSPMLSJOHLGFHF07CC,27,19.38,共有部分,鋼筋混凝土造,88年9月15日,二十二層,,
RPTPMLSJOHLGFHF17CC,52,92.89,集合住宅,Ｒ．Ｃ造,63年4月4日,四層,,
RPQPMLSJOHLGFHF86CC,29,34.34,住家用,鋼骨鋼筋混凝土造,86年11月4日,四十一層,,
RPQPMLSJOHLGFHF86CC,29,1.24,共有部分,鋼骨鋼筋混凝土造,86年11月4日,四十一層,,
RPQPMLSJOHLGFHF86CC,29,8.29,共有部分,鋼骨鋼筋混凝土造,86年11月4日,四十一層,,
RPQPMLSJOHLGFHF86CC,29,.44,共有部分,鋼骨鋼筋混凝土造,86年11月4日,四十一層,,
RPQQMLSJOHLGFHF96CC,32,96.65,住家用,鋼筋混凝土造,83年11月15日,二十六層,,
RPQQMLSJOHLGFHF96CC,32,12.52,共有部分,鋼筋混凝土造,83年11月15日,二十六層,,
RPQQMLSJOHLGFHF96CC,32,.14,共有部分,鋼筋混凝土造,83年11月15日,二十六層,,
RPQQMLSJOHLGFHF96CC,32,20.33,共有部分,鋼筋混凝土造,83年11月15日,二十六層,,
RPWPMLSJOHLGFHF47CC,30,115.58,住家用,鋼筋混凝土造,85年5月9日,十二層,,
RPWPMLSJOHLGFHF47CC,30,10.83,共有部分,鋼筋混凝土造,85年5月9日,十二層,,
RPPRMLSJOHLGFHF96CC,48,120.92,住家用,鋼筋混凝土造,66年12月12日,四層,,
RPSNMLSJOHLGFIF96CC,41,94.05,住家用,鋼筋混凝土造,74年11月21日,五層,,
RPUNMLSJOHLGFIF17CC,30,19.05,住家用,鋼筋混凝土造,85年4月1日,十六層,,
RPVQMLSJOHLGFHF47CC,31,33.40,住家用,鋼筋混凝土造,84年7月1日,十二層,,
RPUNMLSJOHLGFIF17CC,30,9.32,防空避難室兼停車場,鋼筋混凝土造,85年4月1日,十六層,,
RPVQMLSJOHLGFHF47CC,31,3.10,共有部分,鋼筋混凝土造,84年7月1日,十二層,,
RPVQMLSJOHLGFHF47CC,31,25.32,共有部分,鋼筋混凝土造,84年7月1日,十二層,,
RPURMLSJOHLGFHF47CC,30,50.47,住家用,鋼筋混凝土造,85年1月8日,二十三層,,
RPURMLSJOHLGFHF47CC,30,1.15,共有部分,鋼筋混凝土造,85年1月8日,二十三層,,
RPURMLSJOHLGFHF47CC,30,5.12,共有部分,鋼筋混凝土造,85年1月8日,地下層,,
RPPQMLSJOHLGFHF86CC,30,64.62,住家用,鋼筋混凝土造,85年1月17日,十三層,,
RPUNMLTJOHLGFAF09CC,,85.23,住家用,鋼筋混凝土造,,五層,,
RPWQMLSJOHLGFHF57CC,31,33.40,住家用,鋼筋混凝土造,84年7月1日,十二層,,
RPWQMLSJOHLGFHF57CC,31,3.10,共有部分,鋼筋混凝土造,84年7月1日,十二層,,
RPWQMLSJOHLGFHF57CC,31,25.32,共有部分,鋼筋混凝土造,84年7月1日,十二層,,
RPPOMLTJOHLGFAF68CC,,15.17,住工用,加強磚造,,三層,,
RPUQMLSJOHLGFHF37CC,55,73.49,集合住宅,鋼筋混凝土,60年9月3日,四層,,
RPPQMLSJOHLGFHF86CC,30,3.56,共有部分,鋼筋混凝土造,85年1月17日,十三層,,
RPPQMLSJOHLGFHF86CC,30,35.90,共有部分,鋼筋混凝土造,85年1月17日,十三層,,
RPWNMLTJOHLGFAF66CC,27,73.50,住家用,鋼筋混凝土造,88年6月10日,十八層,,
RPWNMLTJOHLGFAF66CC,27,14.06,騎樓、電樓梯間、門廳、陽台、梯間、機械室、水箱等,鋼筋混凝土造,88年6月10日,十八層,,
RPWNMLTJOHLGFAF66CC,27,3.29,共有部分,鋼筋混凝土造,88年6月10日,十八層,,
RPWNMLTJOHLGFAF66CC,27,5.40,車道、防空避難室兼停車空間,鋼筋混凝土造,88年6月10日,十八層,,
RPOOMLTJOHLGFAF58CC,30,78.31,住家用,鋼筋混凝土造,85年1月13日,十一層,,
RPOOMLTJOHLGFAF58CC,30,7.25,共有部分,鋼筋混凝土造,85年1月13日,十一層,,
RPOOMLTJOHLGFAF58CC,30,67.83,共有部分,鋼筋混凝土造,85年1月13日,十一層,,
RPROMLTJOHLGFAF88CC,1,91.50,集合住宅,鋼筋混凝土造,113年12月27日,二十二層,,
RPROMLTJOHLGFAF88CC,1,76.29,本共有部分項目內容有管委會空間、無障礙電梯、緊急升降機、排煙室兼梯廳、無障礙特安梯、特安梯、無障礙安全梯、安全梯、儲藏室、梯廳、汽車車道、排煙室、機房、Ａ棟機房（水表空間）、Ａ棟消防中繼水箱、Ａ棟消防中繼機房、Ｂ棟機房（水表空間）、Ｂ棟消防中繼水箱、Ｂ棟消防中繼機房、Ａ棟屋頂水箱、Ａ棟電梯機房、Ｂ棟屋頂水箱、Ｂ棟電梯機房、停車空間、機車停車空間、緊急發電機房、防災中心、電汽設備室（台電配電場所）、垃圾及資源回收空間、機電設備空間（通風換氣設備機械室）、機電設備空間電信機械室（電信室）、Ａ棟水箱、Ｂ棟水箱、雨水回收機房、消防幫浦室（消防機房）等３５項。,鋼筋混凝土造,113年12月27日,二十二層,,
RPXOMLTJOHLGFAF86CC,,96.49,住家用,鋼筋混凝土造,,五層,,
RPVOMLTJOHLGFAF66CC,9,34.37,集合住宅,鋼筋混凝土造,106年10月23日,十一層,,
RPVOMLTJOHLGFAF66CC,9,17.16,本共有部分項目有（停車空間、垃圾車專用停車位、垃圾儲存空間、發電機室、供行動不便者電梯、Ａ棟排煙室、Ａ３梯、地下室通風口、受電箱區、台電配電場所、Ｂ棟梯廳、電梯機坑、電信機房、Ｂ棟垃圾暫存空間、Ｃ棟垃圾暫存空間、Ｃ棟梯廳、Ｃ棟電錶區、Ａ－２蓄水池、Ｂ－２蓄水池、Ａ－１蓄水池、Ｂ－１蓄水池、消防機房、污水機房、Ｃ蓄水池、Ａ１梯、Ａ２梯、Ａ供行動不便者電梯、陽台、管委會空間、門廳（梯廳）、車道一、車道二、車道三、Ｂ１梯、Ｂ棟排煙室、Ｂ緊急昇降機、Ｂ２梯、Ｃ１梯、Ｃ２梯、Ａ棟梯廳、防空避難室兼停車空間、Ｃ供行動不便者電梯、Ｃ棟梯間（梯廳）、Ｂ梯廳、Ｂ１梯、Ｃ棟梯間、梯廳、Ａ棟梯間、消防水箱、機械室、水箱、Ｂ棟梯間）等共５２項。,鋼筋混凝土造,106年10月23日,十五層,,
RPSPMLTJOHLGFAF09CC,,118.68,住家用,加強磚造,,二層,,
RPTPMLTJOHLGFAF56CC,,77.07,住家用,鋼筋混凝土造,,五層,,
RPUPMLTJOHLGFAF66CC,33,86.52,住家用,鋼筋混凝土造,82年9月16日,十三層,,
RPUPMLTJOHLGFAF66CC,33,9.78,共有部分,鋼筋混凝土造,82年9月16日,十三層,,
RPTQMLTJOHLGFAF66CC,,90.03,住家用,鋼筋混凝土造,,五層,,
RPPQMLTJOHLGFAF88CC,16,26.82,住家用,鋼骨構造,99年7月15日,四十層,,
RPPQMLTJOHLGFAF88CC,16,30.40,本共有部分之項目有：樓梯間、台電配電室、走道、車道、停車空間、電信機房、梯間、管道間、消防泵浦室、消防水箱、機房、機械室、水箱等１３項,鋼骨構造,99年7月15日,四十六層,,
RPPQMLTJOHLGFAF88CC,16,2.45,本共有部分之項目有：頂蓋型開放空間、電梯、樓梯間、社區服務空間１．２．３、廁所、走廊、機車停車空間、梯廳、排煙室、社區服務空間健身房、梯間、機房、機車車道、高壓電表室、發電機室、機械室、電信機房、停車空間、健身房機械室等１９項,鋼骨構造,99年7月15日,四十六層,,
RPPQMLTJOHLGFAF88CC,16,10.12,本共有部分之項目有：梯廳、電梯、樓梯間、升降機緩衝機坑、自來水箱、消防水箱、機械室、水箱、排煙室、走廊、梯間、電樓梯間等１２項,鋼骨構造,99年7月15日,四十層,,
RPRPMLTJOHLGFAF98CC,18,24.30,住家用,鋼筋混凝土造,97年11月19日,二十四層,,
RPRPMLTJOHLGFAF98CC,18,4.61,共有部分,鋼筋混凝土造,97年11月19日,二十四層,,
RPRPMLTJOHLGFAF98CC,18,1.74,共有部分,鋼筋混凝土造,97年11月19日,二十四層,,
RPRPMLTJOHLGFAF98CC,18,7.26,共有部分,鋼筋混凝土造,97年11月19日,二十四層,,
RPQNMLTJOHLGFCF88CC,49,130.91,住家用,鋼筋混凝土造,66年10月8日,五層,,
RPSNMLTJOHLGFCF09CC,26,35.32,商業用,鋼筋混凝土造,89年3月30日,九層,,
RPRNMLTJOHLGFCF98CC,44,88.00,住家用,鋼筋混凝土造,70年12月30日,五層,,
RPXNMLTJOHLGFCF96CC,42,29.55,住家用,鋼筋混凝土造,73年10月9日,五層,,
RPXNMLTJOHLGFCF96CC,42,5.35,共有部分,鋼筋混凝土造,73年10月9日,五層,,
RPVNMLTJOHLGFCF76CC,45,116.10,住家用,鋼筋混凝土造,70年3月3日,五層,,
RPPPMLTJOHLGFCF98CC,35,95.64,集合住宅,鋼筋混凝土造,80年8月14日,十二層,,
RPSOMLTJOHLGFEF76CC,40,30.76,住家用,鋼筋混凝土造,74年12月12日,五層,,
RPPOMLTJOHLGFEF09CC,7,84.68,住家用,鋼筋混凝土造,108年3月6日,二十三層,,
RPPOMLTJOHLGFEF09CC,7,68.56,本共有部分之項目有管委會使用空間、梯廳、中繼機房、自來水箱、電梯機房、樓梯間、緊急昇降機間、排煙室、消防水箱、特別安全梯、停車空間、安全梯、陽台、緊急昇降機、無障礙兼緊急昇降機、公共台電配電室、台電配電室、安全梯間、電氣機房、機房、垃圾儲藏空間、垃圾車停車位、緊急發電機室、大公共棟緊急發電機室、水箱、管道間、昇降機間、電信機房、消防泵浦室、戶外安全梯、昇降機、無障礙昇降機、無障礙樓梯間、防空避難室兼停車空間、溫泉水箱、汙水機房、昇降機無障礙、防災中心、裝卸車位、水表室、受水池等４１項,鋼筋混凝土造,108年3月6日,二十三層,,
RPTOMLTJOHLGFEF86CC,40,30.76,住家用,鋼筋混凝土造,74年12月12日,五層,,
RPUOMLTJOHLGFEF96CC,36,99.78,住家用,鋼筋混凝土造,79年9月4日,七層,,
RPUOMLTJOHLGFEF96CC,36,14.65,共有部分,鋼筋混凝土造,79年9月4日,七層,,
RPQNMLTJOHLGFGF66CC,19,131.71,住商用,鋼筋混凝土造,96年2月9日,十四層,,
RPQNMLTJOHLGFGF66CC,19,31.47,共有部分,鋼筋混凝土造,96年2月9日,十四層,,
RPVOMLTJOHLGFEF07CC,8,86.93,住家用,鋼筋混凝土造,107年5月25日,二十九層,,
RPVOMLTJOHLGFEF07CC,8,74.27,本共有部分之項目有：梯廳、排煙室、樓電梯間、騎樓、管委會使用空間、人行通廊、頂蓋式通廊、走道、防災中心、游泳池機房、陽台、男女更衣室、ＳＰＡ池區、機械室、消防中繼機械房、樓梯間、水箱、中繼消防水箱、泵浦區、台電配電室、受電箱通道、電錶區、昇降機坑、緊急發電機室、垃圾儲藏室、儲油室、停車空間、台電通道、汙排水轉、消防中繼機房、電錶室、變電室、電信室、機房、泳池專用水箱、游泳池揚水泵浦機房、排風機房、消防中繼水箱、防空避難室兼停車空間、雨水過濾機房、消防幫浦室等４１項,鋼筋混凝土造,107年5月25日,二十九層,,
RPQNMLTJOHLGFGF66CC,19,9.04,共有部分,鋼筋混凝土造,96年2月9日,十四層,,
RPXOMLTJOHLGFEF27CC,9,164.73,住家用,鋼筋混凝土造,106年8月24日,二十二層,,
RPXOMLTJOHLGFEF27CC,9,128.99,本共有部分項目有：管委會使用空間、門廳、門廊、排煙室、樓電梯間、機車坡道、汽車坡道、陽台、茶水間、梯廳、梯間、機械室、電梯機械室、屋頂水箱、消防連結中繼泵浦室、水錶機房、停車空間、台電配電場所、噴灌機房、汽車車道、機車車道、垃圾貯存空間、中繼消防泵浦機房、進風機房、防災中心、水箱、緊急發電機房、防空避難室兼停車空間、雨水滯留設施、消防泵浦機房、消防水池、污水處理設施、污水機房、集水池、觀景水池、儲藏室、電信室等３７項。,鋼筋混凝土造,106年8月24日,二十二層,,
RPQOMLTJOHLGFGF76CC,9,26.45,集合住宅,鋼筋混凝土造,106年4月5日,十二層,,
RPQOMLTJOHLGFGF76CC,9,11.32,本共有部分項目有：梯廳、管委會空間、陽台、發電機房、垃圾車暫停車位、台電配電場所、機車停車空間、自行車停車空間、垃圾回收室、梯間、裝卸車位、電信室、消防機房、機房、雨水機房、水箱、樓電梯間、機械室、機械房、電梯機房等２０項。,鋼筋混凝土造,106年4月5日,十二層,,
RPXNMLTJOHLGFHF47CC,41,84.08,住家用,鋼筋混凝土造,74年9月17日,五層,,
RPQOMLTJOHLGFHF86CC,48,72.74,住家用,鋼筋混凝土造,67年11月20日,五層,,
RPOOMLTJOHLGFHF66CC,44,74.31,住家用,鋼筋混凝土造,71年2月26日,五層,,
RPXOMLTJOHLGFHF57CC,29,27.16,住家用,鋼骨鋼筋混凝土造,86年11月4日,四十一層,,
RPXOMLTJOHLGFHF57CC,29,.95,共有部分,鋼骨鋼筋混凝土造,86年11月4日,四十一層,,
RPXOMLTJOHLGFHF57CC,29,6.52,共有部分,鋼骨鋼筋混凝土造,86年11月4日,四十一層,,
RPXOMLTJOHLGFHF57CC,29,.35,共有部分,鋼骨鋼筋混凝土造,86年11月4日,四十一層,,
RPPPMLTJOHLGFHF86CC,52,65.40,住家用,加強磚造,63年8月22日,四層,,
RPXPMLTJOHLGFHF67CC,52,86.63,集合住宅,Ｒ．Ｃ造,63年8月1日,四層,,
RPWPMLTJOHLGFHF57CC,26,56.80,住家用,鋼筋混凝土造,89年9月26日,八層,,
RPWPMLTJOHLGFHF57CC,26,4.73,共有部分,鋼筋混凝土造,89年9月26日,八層,,
RPWPMLTJOHLGFHF57CC,26,6.09,共有部分,鋼筋混凝土造,89年9月26日,八層,,
RPROMLTJOHLGFIF07CC,19,102.22,住家用,鋼筋混凝土造,96年4月9日,十五層,,
RPROMLTJOHLGFIF07CC,19,22.02,共有部分,鋼筋混凝土造,96年4月9日,十五層,,
RPROMLTJOHLGFIF07CC,19,51.51,共有部分,鋼筋混凝土造,96年4月9日,十五層,,
RPQOMLTJOHLGFIF96CC,29,78.50,住家用,鋼筋混凝土造,86年6月12日,七層,,
RPQOMLTJOHLGFIF96CC,29,25.15,共有部分,鋼筋混凝土造,86年6月12日,七層,,
RPUOMLTJOHLGFIF37CC,17,278.02,店舖、集合住宅、停車空間,鋼筋混凝土造,98年1月17日,三層,,
RPVOMLTJOHLGFIF47CC,31,106.08,住家用,鋼筋混凝土造,84年6月27日,十三層,,
RPVOMLTJOHLGFIF47CC,31,38.01,防空避難室、配電室、﹙電﹚樓梯間、蓄水池、兼停車場,鋼筋混凝土造,84年6月27日,十三層,,
RPVNMLKKOHLGFAF38CC,48,47.16,住家用,鋼筋混凝土造,67年5月10日,四層,,
RPSOMLKKOHLGFAF18CC,1,191.11,工廠,鋼筋混凝土造,114年8月21日,十層,,
RPSOMLKKOHLGFAF18CC,1,153.33,工廠,鋼筋混凝土造,114年8月21日,十層,,
RPSOMLKKOHLGFAF18CC,1,316.62,本共有部分之項目有：管理員室、行動不便者室外通路、機電室、２號安全梯、梯廳、管道間、無障礙電梯、安全梯（無障礙樓梯）、１號安全梯、３號安全梯、裝卸空間、貨梯、樓梯間、電梯間、機械室、水表室、電梯機械室、水箱、男廁、女廁、安全梯、車道、機車停車空間、汽車停車空間、台電配電場所、蓄水池、垃圾分類及資源回收室、緊急發電機室、電表室、貨梯緩衝坑、消防幫浦室、雨水回收設備室、防空避難室兼汽車停車空間、電信室等３４項。,鋼筋混凝土造,114年8月21日,十層,,
RPXNMLTJOHLGFIF57CC,9,43.14,集合住宅,鋼筋混凝土造,106年10月11日,十一層,,
RPXNMLTJOHLGFIF57CC,9,19.92,本建物記載共有部分包含：停車空間、梯間、水箱、雨水機房、污水機房、安全梯、消防泵浦室、發電機房、防空避難室兼停車空間、垃圾車暫停車位、垃圾儲藏空間、電信機房、台電配電場所、自行車置放空間、機車停放空間、管委會使用空間、車道、室內通路走廊、基地內通路、梯廳、門廳、消防水箱、機房、電梯機房、自來水水箱、排煙室等二十六項。,鋼筋混凝土造,106年10月11日,十一層,,
RPPOMLTJOHLGFIF86CC,33,27.31,商業用,鋼筋混凝土造,82年10月16日,九層,,
RPPOMLTJOHLGFIF86CC,33,8.18,共有部分,鋼筋混凝土造,82年10月16日,九層,,
RPPOMLTJOHLGFIF86CC,33,5.95,共有部分,鋼筋混凝土造,82年10月16日,九層,,
RPPPMLKKOHLGFBF08CC,43,89.96,住家用,鋼筋混凝土造,72年3月30日,五層,,
RPWPMLKKOHLGFBF78CC,32,96.64,住家用,鋼筋混凝土造,83年3月19日,七層,,
RPWPMLKKOHLGFBF78CC,32,29.79,共有部分,鋼筋混凝土造,83年3月19日,七層,,
RPOPMLKKOHLGFBF97CC,42,95.07,住家用,鋼筋混凝土造,72年12月28日,五層,,
RPSPMLKKOHLGFBF38CC,42,80.55,住家用,鋼筋混凝土造,73年5月21日,五層,,
RPTOMLKKOHLGFBF38CC,11,47.94,集合住宅,鋼筋混凝土造,104年8月24日,十五層,,
RPTOMLKKOHLGFBF38CC,11,24.91,本共有部分之項目有梯廳、戶外安全梯、排煙室、行動不便者專用昇降機、緊急昇降機、陽台、公共服務空間、健身房、圖書閱覽室、會客室、視聽室、宴會廳、烹飪教室、車道、發電機室、雨遮、水箱、水表室、消防水箱、電梯機房、走道、停車空間、一般安全梯、垃圾處理室、電信室、排風管道、受電箱、台電配電場所、自然進風管道、自然排風管道、裝卸位、配電盤室、消防泵浦室等３３項。,鋼筋混凝土造,104年8月24日,十五層,,
RPTPMLKKOHLGFBF48CC,49,102.11,住家用,鋼筋混凝土造,66年2月16日,四層,,
RPXOMLKKOHLGFBF78CC,19,51.05,一般零售業,鋼筋混凝土造,96年10月17日,十九層,,
RPXOMLKKOHLGFBF78CC,19,3.10,共有部分,鋼筋混凝土造,96年10月17日,十九層,,
RPXOMLKKOHLGFBF78CC,19,6.96,共有部分,鋼筋混凝土造,96年10月17日,十九層,,
RPXOMLKKOHLGFBF78CC,19,1.63,共有部分,鋼筋混凝土造,96年10月17日,十九層,,
RPXOMLKKOHLGFBF78CC,19,17.62,共有部分,鋼筋混凝土造,96年10月17日,十九層,,
RPOOMLKKOHLGFCF97CC,26,54.21,住家用,鋼筋混凝土造,89年3月29日,五層,,
RPOOMLKKOHLGFCF97CC,26,7.92,共有部分,鋼筋混凝土造,89年3月29日,五層,,
RPOOMLKKOHLGFCF97CC,26,11.31,共有部分,鋼筋混凝土造,89年3月29日,五層,,
RPTOMLKKOHLGFDF58CC,44,80.25,住家用,鋼筋混凝土造,70年12月30日,五層,,
RPVNMLKKOHLGFEF78CC,31,25.39,住家用,鋼筋混凝土造,84年7月28日,二十三層,,
RPVNMLKKOHLGFEF78CC,31,1.97,共有部分,鋼筋混凝土造,84年7月28日,二十三層,,
RPVNMLKKOHLGFEF78CC,31,7.44,共有部分,鋼筋混凝土造,84年7月28日,二十三層,,
RPPOMLKKOHLGFCF08CC,34,100.65,住家用,鋼筋混凝土造,81年6月29日,五層,,
RPPOMLKKOHLGFCF08CC,34,4.32,共有部分,鋼筋混凝土造,81年6月29日,五層,,
RPQOMLKKOHLGFEF38CC,8,81.14,住家用,鋼筋混凝土造,107年5月25日,二十九層,,
RPQOMLKKOHLGFEF38CC,8,71.33,本共有部分之項目有：梯廳、排煙室、樓電梯間、騎樓、管委會使用空間、人行通廊、頂蓋式通廊、走道、防災中心、游泳池機房、陽台、男女更衣室、ＳＰＡ池區、機械室、消防中繼機械房、樓梯間、水箱、中繼消防水箱、泵浦區、台電配電室、受電箱通道、電錶區、昇降機坑、緊急發電機室、垃圾儲藏室、儲油室、停車空間、台電通道、汙排水轉、消防中繼機房、電錶室、變電室、電信室、機房、泳池專用水箱、游泳池揚水泵浦機房、排風機房、消防中繼水箱、防空避難室兼停車空間、雨水過濾機房、消防幫浦室等４１項,鋼筋混凝土造,107年5月25日,二十九層,,
RPOPMLKKOHLGFEF28CC,29,40.35,共有部分,鋼筋混凝土造,85年12月28日,七層,,
RPSPMLKKOHLGFEF68CC,2,55.86,集合住宅,鋼筋混凝土造,112年12月28日,十四層,,
RPSPMLKKOHLGFEF68CC,2,64.81,本共有部分項目有：管委員空間、梯廳、戶外安全梯、排煙室、無障礙樓梯、騎樓、梯間、水箱、消防水箱、電梯機械室、防空避難室兼停車空間、安全梯、垃圾車專用停車位、發電機室、電信室、台電配電場所、停車空間、消防機房、垃圾儲藏室等１９項,鋼筋混凝土造,112年12月28日,十四層,,
RPUPMLKKOHLGFEF88CC,11,60.97,住家用,鋼筋混凝土造,104年4月30日,十五層,,
RPUPMLKKOHLGFEF88CC,11,44.30,本共有部分之項目有：管委會空間、門廳、供公眾停車空間、梯間、機車坡道、電信機房、垃圾暫存室、台電配電場所、水池機房、停車空間、陽台、機房、蓄水池、發電機室、防空避難室兼停車空間、獎停專用梯、消防機房等１７項。,鋼筋混凝土造,104年4月30日,十五層,,
RPUPMLKKOHLGFEF88CC,11,16.93,本共有部分之項目有：梯間、機械室、水箱等３項,鋼筋混凝土造,104年4月30日,十五層,,
RPPQMLKKOHLGFEF48CC,23,36.35,住家用,鋼骨混凝土造,92年9月22日,二十六層,,
RPPQMLKKOHLGFEF48CC,23,1.16,共有部分,鋼骨鋼筋混凝土造、鋼骨混凝土造,92年9月22日,二十六層,,
RPPQMLKKOHLGFEF48CC,23,2.38,共有部分,鋼骨鋼筋混凝土造、鋼骨混凝土造,92年9月22日,二十六層,,
RPPQMLKKOHLGFEF48CC,23,8.73,共有部分,鋼骨鋼筋混凝土造、鋼骨混凝土造,92年9月22日,二十六層,,
RPTQMLKKOHLGFEF88CC,16,95.64,住家用,鋼筋混凝土造,99年2月8日,十三層,,
RPTQMLKKOHLGFEF88CC,16,20.26,本案共有部分項目有：電樓梯間、電梯機房、水箱、雨遮、陽台等５項,鋼筋混凝土造,99年2月8日,十三層,,
RPTQMLKKOHLGFEF88CC,16,4.89,本案共有部分項目有：社區門廳（Ａ）、社區門廳（Ｂ）、管理委員會使用空間、川堂、社區游泳池區、機車昇降機、樓梯間、公用水箱、機車位、機械空間、甲１梯、己１梯、陽台、台電配電室（甲）、台電配電室（乙）、發電機室、電信室、游泳池設備機房、儲置空間、機械室、消防幫浦室、污水處理機房、機車昇降機坑等２３項,鋼筋混凝土造,99年2月8日,十三層,,
RPTQMLKKOHLGFEF88CC,16,13.23,本案共有部分項目有：雙車道、停車空間、供訪客停車專用車位、供行動不便者專用車位、防空避難室兼停車空間等５項,鋼筋混凝土造,99年2月8日,十三層,,
RPOOMLKKOHLGFGF38CC,46,77.00,住家用,鋼筋混凝土造,69年6月12日,四層,,
RPTNMLKKOHLGFHF88CC,48,107.08,住家用,鋼筋混凝土造,67年6月12日,五層,,
RPVNMLKKOHLGFHF09CC,48,82.50,住家用,鋼筋混凝土造,67年9月28日,四層,,
RPXNMLKKOHLGFHF66CC,54,142.72,住家用,加強磚造,61年9月29日,五層,,
RPVOMLSJOHLGFDF86CC,2,39.04,集合住宅,鋼筋混凝土構造,112年12月8日,十五層,,
RPWOMLSJOHLGFDF96CC,30,27.91,住家用,鋼骨鋼筋混凝土造,85年7月10日,二十四層,,
RPRNMLTJOHLGFDF09CC,7,38.95,集合住宅,鋼筋混凝土造,108年9月23日,十一層,,
RPVOMLSJOHLGFDF86CC,2,21.67,共有部分，本共有部分之項目：蓄水池、給水機房、服務用樓梯、倉儲式停車機械設備維修空間、雨水貯集滯洪設施、消防水池、倉儲式機械停車空間、汙水機房、電梯機坑、無障礙樓梯、機電空間（消防幫泵室）、台電配電場所、防空避難室暨停車空間、緩衝機坑、梯廳、機電空間（電信室）、發電機室、客貨梯、管委會使用空間、廁所、戶外安全梯、排煙室、緊急昇降機、機房、倉儲式機械停車升降機、排煙室（梯廳）、特別安全梯、屋頂水箱、電梯機房等２９項。,鋼筋混凝土構造,112年12月8日,十五層,,
RPWOMLSJOHLGFDF96CC,30,9.60,配電室、停車空間、停車空間兼防空避難室、開放空間、門廳、電樓梯間、中繼水箱、消防水池、水錶室、屋頂突出物,鋼骨鋼筋混凝土造,85年7月10日,二十四層,,
RPRNMLTJOHLGFDF09CC,7,7.72,本共有部份之項目計有：陽台、梯廳等２項。,鋼筋混凝土造,108年9月23日,十一層,,
RPRNMLTJOHLGFDF09CC,7,10.87,本共有部份之項目計有：梯廳、電梯機電設備空間、民生水箱、梯間、管理會使用空間、垃圾貯藏室、停車空間、沉砂池、台電配電室、緊急發電機房、機房、電信機房、台電專用管道間、消防蓄水池、消防機房、防空避難室兼停車空間等１６項。,鋼筋混凝土造,108年9月23日,十一層,,
RPQNMLKKOHLGFIF68CC,30,86.79,住家用,鋼筋混凝土造,85年4月1日,十六層,,
RPQNMLKKOHLGFIF68CC,30,31.34,防空避難室兼停車場,鋼筋混凝土造,85年4月1日,十六層,,
RPSNMLTJOHLGFDF56CC,27,57.43,住家用,鋼筋混凝土造,87年12月4日,十六層,,
RPSNMLTJOHLGFDF56CC,27,9.95,共有部分,鋼筋混凝土造,87年12月4日,十六層,,
RPSNMLTJOHLGFDF56CC,27,6.45,共有部分,鋼筋混凝土造,87年12月4日,十六層,,
RPROMLKKOHLGFHF78CC,27,391.48,工商用,鋼筋混凝土造,88年2月27日,十八層,,
RPROMLKKOHLGFHF78CC,27,8.63,工業用,鋼筋混凝土造,88年2月27日,十八層,,
RPROMLKKOHLGFHF78CC,27,17.30,共有部分,鋼筋混凝土造,88年2月27日,十八層,,
RPROMLKKOHLGFHF78CC,27,30.70,共有部分,鋼筋混凝土造,88年2月27日,十八層,,
RPPNMLTJOHLGFBF68CC,19,86.06,住家用,鋼筋混凝土造,96年7月6日,十三層,,
RPPNMLTJOHLGFBF68CC,19,33.48,共有部分,鋼筋混凝土造,96年7月6日,十三層,,
RPPOMLKKOHLGFHF58CC,49,68.40,住家用,加強磚造,65年12月10日,四層,,
RPPOMLTJOHLGFBF78CC,32,63.23,工業用,鋼筋混凝土造,83年5月26日,十層,,
RPPOMLTJOHLGFBF78CC,32,5.73,共有部分,鋼筋混凝土造,83年5月26日,十層,,
RPPOMLTJOHLGFBF78CC,32,3.71,共有部分,鋼筋混凝土造,83年5月26日,十層,,
RPPOMLTJOHLGFBF78CC,32,5.75,共有部分,鋼筋混凝土造,83年5月26日,十層,,
RPVNMLLKOHLGFAF48CC,51,68.22,住家用,鋼筋混凝土造,64年3月3日,四層,,
RPUNMLKKOHLGFIF09CC,18,68.30,住家用,鋼筋混凝土造,97年10月30日,二十七層,,
RPUNMLKKOHLGFIF09CC,18,2.65,共有部分,鋼筋混凝土造,97年10月30日,二十七層,,
RPUNMLKKOHLGFIF09CC,18,8.03,共有部分,鋼筋混凝土造,97年10月30日,二十七層,,
RPUNMLKKOHLGFIF09CC,18,21.39,共有部分,鋼筋混凝土造,97年10月30日,二十七層,,
RPTOMLKKOHLGFGF88CC,33,123.12,住家用,鋼筋混凝土造,82年8月27日,五層,,
RPTOMLKKOHLGFGF88CC,33,2.50,共有部分,鋼筋混凝土造,82年8月27日,五層,,
RPVNMLKKOHLGFIF56CC,30,77.48,住家用,鋼筋混凝土造,84年12月27日,七層,,
RPVNMLKKOHLGFIF56CC,30,20.92,防空避難室、屋頂突出物、樓梯間等公共設施,鋼筋混凝土造,84年12月27日,七層,,
RPPNMLLKOHLGFCF08CC,20,311.64,廠房,鋼筋混凝土造,95年8月15日,八層,,
RPPNMLLKOHLGFCF08CC,20,54.88,共有部分,鋼筋混凝土造,95年8月15日,八層,,
RPPNMLLKOHLGFCF08CC,20,102.39,共有部分,鋼筋混凝土造,95年8月15日,八層,,
RPUNMLLKOHLGFCF58CC,51,106.87,住家用,鋼筋混凝土造,64年3月28日,四層,,
RPWNMLLKOHLGFDF88CC,33,110.38,住家用,鋼筋混凝土造,82年3月10日,七層,,
RPWNMLLKOHLGFDF88CC,33,8.26,共有部分,鋼筋混凝土造,82年3月10日,七層,,
RPWNMLLKOHLGFDF88CC,33,14.55,共有部分,鋼筋混凝土造,82年3月10日,七層,,
RPSNMLLKOHLGFCF38CC,45,9.91,住家用,鋼筋混凝土造,69年12月5日,五層,,
RPOOMLLKOHLGFDF18CC,46,85.80,住家用,鋼筋混凝土造,69年1月17日,四層,,
RPVNMLLKOHLGFGF09CC,,32.73,集合住宅,鋼筋混凝土造,115年1月19日,十二層,,
RPVNMLLKOHLGFGF09CC,,21.28,本共有部分項目有：停車場排風管道、Ａ１安全梯（無障礙梯）、Ａ２安全梯、升降機、無障礙升降機、梯廳、電梯間（梯廳）、社區管委會使用空間（辦公室）、社區管委會使用空間（會議室）、社區管委會使用空間、社區管委會使用空間（圖書室）、儲藏室、男廁、女廁、陽臺、Ａ１安全梯、水箱、機械室、停車空間、電信機房、緊急發電機室、台電配電場所、受電箱、汽車升降機、各戶集合電錶、Ａ３安全梯、消防泵浦室、機房等２８項。,鋼筋混凝土造,115年1月19日,十二層,,
RPOPMLLKOHLGFBF08CC,42,104.64,集合住宅,鋼筋混凝土造,73年3月31日,十四層,,
RPOPMLLKOHLGFBF08CC,42,.92,共有部分,鋼筋混凝土造,73年3月31日,十四層,,
RPOPMLLKOHLGFBF08CC,42,12.46,共有部分,鋼筋混凝土造,73年3月31日,十四層,,
RPSNMLLKOHLGFHF88CC,33,53.74,住家用,鋼筋混凝土造,82年3月23日,十二層,,
RPSNMLLKOHLGFHF88CC,33,2.48,共有部分,鋼筋混凝土造,82年3月23日,十二層,,
RPSNMLLKOHLGFHF88CC,33,9.86,共有部分,鋼筋混凝土造,82年3月23日,十二層,,
RPSNMLLKOHLGFHF88CC,33,8.03,共有部分,鋼筋混凝土造,82年3月23日,十二層,,
RPUPMLLKOHLGFBF68CC,38,203.35,住商用,鋼筋混凝土造,76年12月24日,四層,,
RPVPMLLKOHLGFBF78CC,19,67.28,一般零售業,鋼筋混凝土造,96年10月17日,十九層,,
RPVPMLLKOHLGFBF78CC,19,4.13,共有部分,鋼筋混凝土造,96年10月17日,十九層,,
RPVPMLLKOHLGFBF78CC,19,9.18,共有部分,鋼筋混凝土造,96年10月17日,十九層,,
RPVPMLLKOHLGFBF78CC,19,2.20,共有部分,鋼筋混凝土造,96年10月17日,十九層,,
RPVPMLLKOHLGFBF78CC,19,21.16,共有部分,鋼筋混凝土造,96年10月17日,十九層,,
RPSOMLKKOHLGFBF28CC,32,65.77,住家用,鋼筋混凝土造,83年10月24日,七層,,
RPSOMLKKOHLGFBF28CC,32,10.85,共有部分,鋼筋混凝土造,83年10月24日,七層,,
RPPNMLLKOHLGFBF97CC,32,15.00,工業用,鋼筋混凝土造,83年5月26日,十層,,
RPPNMLLKOHLGFBF97CC,32,9.02,共有部分,鋼筋混凝土造,83年5月26日,十層,,
RPPNMLLKOHLGFBF97CC,32,6.80,共有部分,鋼筋混凝土造,83年5月26日,十層,,
RPPNMLLKOHLGFBF97CC,32,9.49,共有部分,鋼筋混凝土造,83年5月26日,十層,,
RPVNMLLKOHLGFBF58CC,2,76.95,集合住宅,鋼筋混凝土造,113年10月25日,十三層,,
RPVNMLLKOHLGFBF58CC,2,40.45,本共有部分之項目有梯廳，管委會空間，汽機車車道，樓電梯間，水箱，消防水箱，自來水箱，電梯機房，停車空間，機車停車空間，電信設備機房，台電配電場所，發電機室，機房，消防設備機房，等１５項。,鋼筋混凝土造,113年10月25日,十四層,,
RPOQMLTJOHLGFBF88CC,42,79.77,集合住宅,鋼筋混凝土造,73年5月18日,七層,,
RPOQMLTJOHLGFBF88CC,42,1.52,共有部分,鋼筋混凝土造,73年5月18日,七層,,
RPTOMLLKOHLGFBF48CC,25,70.70,住家用,鋼筋混凝土造,90年10月16日,六層,,
RPTOMLLKOHLGFBF48CC,25,2.81,共有部分,鋼筋混凝土造,90年10月16日,六層,,
RPTOMLLKOHLGFBF48CC,25,9.58,共有部分,鋼筋混凝土造,90年10月16日,六層,,
RPTOMLLKOHLGFBF48CC,25,2.57,共有部分,鋼筋混凝土造,90年10月16日,六層,,
RPXNMLLKOHLGFBF78CC,30,80.64,商業用,鋼筋混凝土造,85年7月3日,十七層,,
RPXNMLLKOHLGFBF78CC,30,21.68,共有部分,鋼筋混凝土造,85年7月3日,十七層,,
RPOQMLTJOHLGFBF88CC,42,13.33,共有部分,鋼筋混凝土造,73年5月18日,七層,,
RPQNMLLKOHLGFIF78CC,5,71.62,集合住宅,鋼筋混凝土造,110年10月19日,八層,,
RPXPMLTJOHLGFBF07CC,50,120.96,住家用,加強磚造,65年5月5日,四層,,
RPQNMLLKOHLGFIF78CC,5,66.06,本共有部分之項目有：Ｂ棟水箱、Ａ棟水箱、防空避難室兼停車空間、電梯間、無障礙昇降機、消防幫浦室、排風、門廊、電信室、地下層進風、樓梯間、台電配電場所、無障礙樓梯（安全梯）、垃圾集中場、機械室、樓電梯間、發電機室、進風、梯廳、管委會使用空間、雨遮、無障礙樓梯（戶外階梯）、安全梯、無障礙樓梯、電表牆、水箱、屋頂消防專用水箱等２７項。,鋼筋混凝土造,110年10月19日,八層,,
RPWPMLTJOHLGFBF96CC,10,54.30,集合住宅,鋼筋混凝土造,105年9月8日,十五層,,
RPWPMLTJOHLGFBF96CC,10,8.02,本共有部分之項目有台電配電場所、防災中心、梯廳、垃圾儲藏室、電信機房、機房、發電機房、泳池機房、停車空間、騎樓、門廊、車道、管委會空間、消防機房、生活水箱、雨水滯留機房、樓梯、防空避難室兼停車空間、機電空間專用梯、汙水處理設施、機電空間等二十一項。,鋼筋混凝土造,105年9月8日,十八層,,
RPWPMLTJOHLGFBF96CC,10,3.75,本共有部分之項目有安全監視機電空間、梯廳、梯間、監控機電空間、戶外門廊、泳池、管委會使用空間、陽台、社區健身休閒空間、緩衝空間〈頂蓋〉、管委會使用浴廁等十一項。,鋼筋混凝土造,105年9月8日,十八層,,
RPXNMLLKOHLGFIF86CC,25,90.56,商業用,鋼筋混凝土造,90年9月7日,三層,,
RPWPMLTJOHLGFBF96CC,10,14.21,本共有部分之項目有梯廳、走廊、機房、自來水水箱等四項。,鋼筋混凝土造,105年9月8日,十五層,,
RPXNMLLKOHLGFIF86CC,25,55.78,共有部分,鋼筋混凝土造,90年9月7日,三層,,
RPROMLLKOHLGFIF98CC,45,106.86,廠房、避難室,鋼筋混凝土造,70年6月1日,二層,,
RPOOMLMKOHLGFAF97CC,53,15.62,住家用,加強磚造,62年9月6日,三層,,
RPPOMLMKOHLGFAF08CC,,66.99,住家用,加強磚造,,四層,,
RPSPMLMKOHLGFAF48CC,8,138.47,店舖,鋼筋混凝土造,107年1月4日,一層,,
RPSPMLMKOHLGFAF48CC,8,60.26,本共有部分之項目有：泵浦室、水箱、機房、電樓梯間、排煙室、儲藏室、廁所、消防泵浦室、污水機房、電錶室、停車空間、機房機坑、電梯間、台電配電室（Ａ、Ｂ、Ｃ、Ｄ、Ｅ、Ｆ、Ｇ、Ｈ、Ｉ）、電氣室、緊急發電機室、儲槽專用室、資源回收室、垃圾車暫停區、防災中心、電信機房、訪客臨停區、防空避難室、女廁、男廁、管理室、梯廳、管委會、梯間、機車車道、警衛室、門廊、管委會使用空間、陽台、雨遮、中繼水箱、水錶室、樓梯間、電梯機房、受電箱室等４０項。,鋼筋混凝土造,107年1月4日,二十四層,,
RPSPMLMKOHLGFAF48CC,8,31.65,本共有部分項目有：防空避難室兼停車空間、停車空間、汽車車道等３項。,鋼筋混凝土造,107年1月4日,二十四層,,
RPSOMLMKOHLGFAF38CC,7,48.41,辦公室,鋼骨構造、鋼骨鋼筋混凝土構造,108年11月20日,三十二層,,
RPSNMLMKOHLGFCF48CC,,20.00,商業用,加強磚造,,四層,,
RPRNMLMKOHLGFCF38CC,,20.00,商業用,加強磚造,,四層,,
RPTOMLMKOHLGFCF68CC,16,172.05,一般事務所,鋼骨造,98年12月7日,十六層,,
RPTOMLMKOHLGFCF68CC,16,105.13,本共有部分之項目如下：大公：一層梯廳、防災中心、電梯間、Ｂ安全梯相鄰陽台、汽車坡道相鄰陽台，二層梯廳、電梯間及相鄰陽台、走廊，三～九、十一～十六層各梯廳、電梯間及相鄰陽台、機房、男女廁、排煙室，十層梯廳、電梯間、機房、男女廁、排煙室、中繼機房、消防水箱、屋頂突出物一、二、三層，地下一層、地下五層全部面積，地下二層至地下四層之各安全梯、電梯間、梯廳、儲藏室，地下二層緊急升降機坑合併轉繪登記為大公。,鋼骨造,98年12月7日,十六層,,
RPTOMLMKOHLGFCF68CC,16,36.22,本共有部分之項目如下：車公〈公二〉：地下二層之停車空間及車道，地下三層之防空避難室兼停車空間及車道，地下四層之停車空間及車道合併轉繪登記為停車空間。,鋼骨造,98年12月7日,十六層,,
RPRNMLMKOHLGFGF78CC,45,36.00,住家用,鋼筋混凝土造,70年7月7日,四層,,
RPRNMLMKOHLGFEF58CC,3,53.13,集合住宅,鋼筋混凝土造,112年7月27日,二十三層,,
RPRNMLMKOHLGFEF58CC,3,16.14,本案共有部分項目有：排煙室、梯廳、Ｄ棟排煙室、Ｄ水箱、梯間、噴灌機房、機房、消防水箱、消防中繼機械室、電梯機房、水箱等１１項,鋼筋混凝土造,112年7月27日,二十三層,,
RPRNMLMKOHLGFEF58CC,3,.38,本案共有部分項目有：共同梯廳等１項,鋼筋混凝土造,112年7月27日,二十三層,,
RPRNMLMKOHLGFEF58CC,3,45.09,本案共有部分項目有：騎樓、Ｋ１通廊、迴廊、Ａ１通廊、門廳（一）、防災中心、門廳（二）、Ｅ１通廊、Ｆ１通廊、Ｇ１通廊、Ｈ１通廊、Ｉ１管委會使用空間、Ｂ１管委會使用空間、Ｌ１管委會使用空間、Ａ１管委會使用空間、儲藏室、Ｋ２管委會使用空間、Ｋ１管委會使用空間、通廊、陽台、空調機房、Ｈ１管委會使用空間、Ｈ２管委會使用空間、Ｇ１管委會使用空間、Ｆ３管委會使用空間、Ｆ１管委會使用空間、Ｆ２管委會使用空間、Ｅ１管委會使用空間、Ｅ２管委會使用空間、Ｃ１管委會使用空間、台電配電場所、停車空間、發電機室、梯間、垃圾儲藏室－０１、垃圾儲藏室－０２、受水池、機房、中繼水箱、電信室、防空避難室兼停車空間、雨水回收機房、消防機房、景觀機房等４４項,鋼筋混凝土造,112年7月29日,二十三層,,
RPRNMLMKOHLGFEF58CC,3,.01,一般事務所,鋼筋混凝土造,112年7月27日,二十三層,,
RPRNMLMKOHLGFEF58CC,3,.00,本案共有部分項目有：排煙室、空調機房、梯廳、Ｋ１水箱、Ｋ２水箱、梯間、噴灌機房、機房、消防水箱、消防中繼機械室、電梯機房、水箱等１２項,鋼筋混凝土造,112年7月27日,二十三層,,
RPRNMLMKOHLGFEF58CC,3,.00,本案共有部分項目有：共同梯廳等１項,鋼筋混凝土造,112年7月27日,二十三層,,
RPSPMLMKOHLGFGF09CC,41,82.67,住家用,鋼筋混凝土造,73年12月20日,五層,,
RPRPMLMKOHLGFGF98CC,46,90.00,住家用,鋼筋混凝土造,69年10月7日,五層,,
RPTPMLMKOHLGFGF56CC,2,71.51,集合住宅,鋼筋混凝土造,113年8月27日,十八層,,
RPTPMLMKOHLGFGF56CC,2,34.27,本共有部分之項目有防災中心、管委會使用空間、機車坡道、排水、公共服務空間（供住戶使用圖書空間）、公共服務空間（供住戶使用交誼空間）、公共服務空間（供住戶使用健身空間）、公共服務空間（供住戶使用瑜伽空間）、梯廳、儲藏室、排煙室、進風、消防、弱電、排煙、給水、電力、緊急電、昇降機、緊急昇降機及無障礙昇降機、安全梯兼無障礙樓梯、（甲梯）特安梯、（乙梯）特安梯兼無障礙樓梯、緊急電力、發電機、進氣、發電機房、發電機排氣、通道、受電箱、台電配電場所、防空避難室兼自行車停車空間、排煙室兼梯廳、防空避難室兼機車停車空間、（甲梯）安全梯兼無障礙樓梯、排氣機房、垃圾車臨停空間、污物處理室、進氣機房、消防水箱、電信室、自來水箱、幫浦室、機房、電氣室、排氣、消防幫浦室、（丙梯）室內安全梯、電梯機房、自來水屋頂水塔、消防中繼水箱、消防中繼機房等５２項,鋼筋混凝土造,113年8月27日,十八層,,
RPTPMLMKOHLGFGF56CC,2,35.61,本共有部分之項目有防空避難室兼停車空間、停車空間、汽車坡道、車道等４項,鋼筋混凝土造,113年8月27日,十八層,,
RPUOMLTJOHLGFBF66CC,31,116.92,集合住宅,鋼筋混凝土造,84年7月7日,十六層,,
RPXOMLTJOHLGFBF96CC,12,63.24,集合住宅,鋼筋混凝土造,103年3月27日,十三層,,
RPUOMLTJOHLGFBF66CC,31,50.74,共有部分,鋼筋混凝土造,84年7月7日,十六層,,
RPXOMLTJOHLGFBF96CC,12,12.87,本共有部份之用途有，梯廳、門廊、樓梯間，等３項。,鋼筋混凝土造,103年3月27日,十三層,,
RPXOMLTJOHLGFBF96CC,12,44.01,本共有部份之用途有，管委會空間，機電設備空間，公共服務空間，自行車停車區，門廊，停車空間，梯廳，雨水滯留池，電信機房，蓄水池，台電配電場所，發電機室，垃圾儲存空間，污水機房，消防機房，等１５項。,鋼筋混凝土造,103年3月27日,十三層,,
RPSPMLTJOHLGFBF56CC,46,110.44,住家用,鋼筋混凝土造,69年11月1日,五層,,
RPSPMLLKOHLGFHF09CC,30,24.42,住家用,鋼筋混凝土造,85年11月16日,二十二層,,
RPSPMLLKOHLGFHF09CC,30,3.63,共有部分,鋼筋混凝土造,85年11月16日,二十二層,,
RPTPMLLKOHLGFHF56CC,27,151.59,工業用,鋼筋混凝土造,88年10月20日,七層,,
RPTPMLLKOHLGFHF56CC,27,72.16,共有部分,鋼筋混凝土造,88年10月20日,七層,,
RPOPMLLKOHLGFHF68CC,29,82.59,住家用,鋼筋混凝土造,86年9月10日,十七層,,
RPOPMLLKOHLGFHF68CC,29,14.01,共有部分,鋼筋混凝土造,86年9月10日,十七層,,
RPOPMLLKOHLGFHF68CC,29,15.15,共有部分,鋼筋混凝土造,86年9月10日,十七層,,
RPRNMLMKOHLGFHF88CC,48,13.50,住家用,鋼筋混凝土造,67年1月13日,五層,,
RPUNMLMKOHLGFHF56CC,9,31.78,集合住宅,鋼筋混凝土構造,106年10月26日,十三層,,
RPRPMLLKOHLGFHF98CC,1,52.44,集合住宅,鋼筋混凝土構造,114年6月24日,二十三層,,
RPUNMLMKOHLGFHF56CC,9,22.20,共有部分；本共有部分項目有：緊急發電機室、管理委員會使用空間、走廊、廁所、安全梯、梯廳、電梯間、無障礙樓梯、門廳、停車位升降機、客貨兩用梯（機車升降機）、車道、雨遮、縱送空間、消防幫浦室、水箱、防空避難室兼停車空間、機械停車設備機房、機房、台電管道間１、電信室、電梯機械室等２３項。,鋼筋混凝土構造,106年10月26日,十三層,,
RPRPMLLKOHLGFHF98CC,1,36.00,本共有部分項目有６╳１２Ｍ高層緩衝空間、機電設備空間、排煙室Ｃ、機車車道、汽車車道、走廊、梯廳、排煙室Ａ、管委會空間（Ａ）、管委會空間（Ｂ）、管委會空間（Ｃ）、管委會空間（Ｄ）、管委會空間（Ｅ）、管委會空間（Ｆ）、管委會空間（Ｇ）、管委會空間（Ｈ）、管委會空間（Ｉ）、管委會空間（Ｊ）、機電設備空間（泳池機房）、防空避難室兼停車空間、台電管道間Ａ、裝卸車位Ａ、裝卸車位Ｂ、發電機室、機電設備空間（進風）、機電設備空間（污物處理室）、防災中心、排風機房１、排風機房２、機電設備空間（電信機房）、機電設備空間、停車空間、蓄水池Ｂ、蓄水池Ａ、機電設備空間（雨水回收汙水機房）、機電設備空間（消防泵浦室）、台電配電場所等３７項。,鋼筋混凝土構造,114年6月24日,二十三層,,
RPSNMLNKOHLGFHF09CC,50,28.85,住家用,鋼筋混凝土造,65年7月8日,六層,,
RPRPMLLKOHLGFHF98CC,1,6.28,本共有部分項目有走廊、梯廳、排煙室Ｂ等３項。,鋼筋混凝土構造,114年6月24日,二十三層,,
RPROMLMKOHLGFHF98CC,46,78.68,住家用,鋼筋混凝土造,69年3月31日,五層,,
RPRPMLLKOHLGFHF98CC,1,6.25,本共有部分項目有排煙室Ｃ、排煙室、樓梯間、機電設備空間（消防機房）、機電設備空間（供水錶使用）、機電設備空間（電梯機房）、消防水箱、水箱Ａ等８項。,鋼筋混凝土構造,114年6月24日,二十三層,,
RPWOMLLKOHLGFHF76CC,22,57.01,住家用,鋼筋混凝土造,93年5月17日,十二層,,
RPUOMLMKOHLGFHF66CC,40,20.59,住家用,鋼筋混凝土造,75年6月9日,五層,,
RPWOMLLKOHLGFHF76CC,22,22.85,共有部分,鋼筋混凝土造,93年5月17日,十二層,,
RPQNMLKKOHLGFDF18CC,31,70.01,住家用,鋼筋混凝土造,83年12月24日,十六層,,
RPQNMLKKOHLGFDF18CC,31,5.35,共有部分,鋼筋混凝土造,83年12月24日,十六層,,
RPWNMLMKOHLGFIF86CC,20,83.69,住家用,鋼筋混凝土造,95年5月30日,十一層,,
RPWNMLMKOHLGFIF86CC,20,14.52,共有部分,鋼筋混凝土造,95年5月30日,十一層,,
RPWNMLMKOHLGFIF86CC,20,17.28,共有部分,鋼筋混凝土造,95年5月30日,十一層,,
RPSNMLKKOHLGFDF38CC,29,75.04,住家用,鋼筋混凝土造,85年12月23日,八層,,
RPSNMLKKOHLGFDF38CC,29,44.29,防空避難室、停車空間、車道、樓梯間、機械室、水箱、通道,鋼筋混凝土造,85年12月23日,八層,,
RPRNMLOKOHLGFGF98CC,45,34.40,住家用,鋼筋混凝土造,69年12月30日,五層,,
RPTNMLOKOHLGFHF66CC,30,97.90,住家用,鋼筋混凝土造,85年1月8日,十六層,,
RPQQMLPKOHLGFAF68CC,3,33.53,集合住宅,鋼骨鋼筋混凝土造,112年9月8日,十九層,,
RPTNMLOKOHLGFHF66CC,30,3.90,樓梯間、屋頂突出物,鋼筋混凝土造,85年1月8日,十六層,,
RPTNMLOKOHLGFHF66CC,30,18.23,樓梯間兼屋頂突出物、頂蓋型開放空間，防空避難室兼停車場,鋼筋混凝土造,85年1月8日,十六層,,
RPQQMLPKOHLGFAF68CC,3,3.09,本共有部分項目有：地下室排風機房、消防泵浦室、住宅車道、公共使用蓄水池、地下室進風機房、無障礙停車位、停車空間、車道、住宅用途車道、防空避難室兼停車空間、住宅用途汽車車道、住宅用途機車車道、商業用途車道、發電機室、防災中心、商業用途機車道、地下室進風口、地下室排風口、緩衝空間、陽台、無障礙通路、商業用途汽車車道等２２項。,鋼骨鋼筋混凝土造,112年9月8日,十九層,,
RPQQMLPKOHLGFAF68CC,3,4.36,本共有部分項目有：住宅用途垃圾暫存空間、防空避難室兼停車空間、台電配電場所Ａ、台電配電場所Ｂ、台電配電場所Ｃ、陽台、儲藏室、住宅門廳、管理員室、機電設備空間、男廁、女廁、雨遮、管委會使用空間、梯廳、游泳池、游泳池蓄水池等１７項。,鋼骨鋼筋混凝土造,112年9月8日,十九層,,
RPQQMLPKOHLGFAF68CC,3,9.71,本共有部分項目有：消防水池、緊急昇降機、機電設備空間、Ｅ棟排煙室、無障礙昇降機、Ｆ棟排煙室、住宅安全梯、無障礙樓梯、ＥＦ棟蓄水池、Ｅ棟梯廳、住宅特安梯、住宅無障礙特安梯、Ｆ棟梯廳、無障礙特安梯、梯廳、特安梯、水錶室、排煙室、機電設備空間（中繼消防機房）、中繼水箱、樓梯間、男廁、女廁、機械室、樓梯間、蓄水池等２６項。,鋼骨鋼筋混凝土造,112年9月8日,十九層,,
RPROMLPKOHLGFAF58CC,,9.00,住家用,鋼筋混凝土造,,四層,,
RPSOMLPKOHLGFAF68CC,,7.00,住家用,鋼筋混凝土造,,四層,,
RPTQMLPKOHLGFAF98CC,25,39.78,辦公室,鋼筋混凝土造,90年7月24日,二十三層,,
RPTQMLPKOHLGFAF98CC,25,12.49,共有部分,鋼筋混凝土造,90年7月24日,二十三層,,
RPTQMLPKOHLGFAF98CC,25,2.71,共有部分,鋼筋混凝土造,90年7月24日,二十三層,,
RPTQMLPKOHLGFAF98CC,25,19.76,共有部分,鋼筋混凝土造,90年7月24日,二十三層,,
RPWOMLPKOHLGFAF09CC,30,88.59,住家用,鋼筋混凝土造,85年8月31日,十四層,,
RPWOMLPKOHLGFAF09CC,30,13.50,共有部分,鋼筋混凝土造,85年8月31日,十四層,,
RPWOMLPKOHLGFAF09CC,30,1.98,共有部分,鋼筋混凝土造,85年8月31日,十四層,,
RPSPMLPKOHLGFAF78CC,29,33.02,住家用,鋼筋混凝土造,86年5月26日,十八層,,
RPSPMLPKOHLGFAF78CC,29,7.55,電樓梯間、屋頂突出物,鋼筋混凝土造,86年5月26日,十八層,,
RPSPMLPKOHLGFAF78CC,29,2.78,共有部分,鋼筋混凝土造,86年5月26日,十九層,,
RPVNMLPKOHLGFDF56CC,2,58.91,集合住宅,鋼筋混凝土構造,113年2月6日,十一層,,
RPVNMLPKOHLGFDF56CC,2,67.57,共有部分，本共有部分項目有：管委會、陽台、排風管道、排煙室Ａ、進風管道、梯廳、梯間、管委會使用空間、排煙室Ｂ、發電機房、機房、Ｃ４水箱、台電配電場所、Ｂ７水箱、Ｂ８水箱、防空避難室兼停車空間、資源回收／垃圾暫存室、電信機房、Ａ４水箱、管道間、Ｃ３水箱、Ｂ５水箱、Ｂ６水箱、Ａ３水箱、Ｃ２水箱、Ｂ３水箱、Ｂ４水箱、Ａ２水箱、消防機房、汙水機房、Ｃ１水箱、Ｂ１水箱、Ｂ２水箱、Ａ１水箱等３４項。,鋼筋混凝土構造,113年2月6日,十一層,,
RPSOMLPKOHLGFCF88CC,31,26.18,住家用,鋼筋混凝土造,84年9月20日,十二層,,
RPSOMLPKOHLGFCF88CC,31,5.37,共有部分,鋼筋混凝土造,84年9月20日,十二層,,
RPXNMLPKOHLGFDF76CC,31,63.91,住家用,鋼筋混凝土造,84年8月24日,二十五層,,
RPXNMLPKOHLGFDF76CC,31,19.92,共有部分,鋼筋混凝土造,84年8月24日,二十五層,,
RPQOMLPKOHLGFDF78CC,31,64.78,住家用,鋼筋混凝土造,84年5月5日,十二層,,
RPQOMLPKOHLGFDF78CC,31,9.41,共有部分,鋼筋混凝土造,84年5月5日,十二層,,
RPQOMLPKOHLGFDF78CC,31,8.24,共有部分,鋼筋混凝土造,84年5月5日,十二層,,
RPORMLPKOHLGFBF68CC,20,63.07,一般事務所,鋼筋混凝土造,95年10月5日,二十二層,,
RPORMLPKOHLGFBF68CC,20,9.70,共有部分,鋼筋混凝土造,95年10月5日,二十二層,,
RPORMLPKOHLGFBF68CC,20,17.12,共有部分,鋼筋混凝土造,95年10月5日,二十二層,,
RPXNMLPKOHLGFGF07CC,1,74.84,集合住宅,鋼筋混凝土造,114年6月4日,二十七層,,
RPXNMLPKOHLGFGF07CC,1,18.98,本共有部分之項目有防災中心、門梯廳、公共服務空間、管委會使用空間、樓電梯間、機電設備空間、水箱、樓梯間、台電配電場所、自行車停車區、管理中心等１１項,鋼筋混凝土造,114年6月4日,二十七層,,
RPXNMLPKOHLGFGF07CC,1,14.91,本共有部分之項目有樓電梯間、門梯廳、機電設備空間等３項,鋼筋混凝土造,114年6月4日,二十七層,,
RPXNMLPKOHLGFGF07CC,1,32.28,本共用部分之項目有防空避難室兼停車空間、停車空間、汽車車道等共３項,鋼筋混凝土造,114年6月4日,二十七層,,
RPRQMLMKOHLGFEF88CC,38,21.06,住家用,鋼筋混凝土造,77年8月23日,五層,,
RPWPMLMKOHLGFEF66CC,41,81.99,住家用,加強磚造,74年5月28日,二層,,
RPPOMLPKOHLGFGF98CC,15,26.66,住家用,鋼筋混凝土造,100年4月26日,十二層,,
RPPOMLPKOHLGFGF98CC,15,12.72,本共有部分項目有：梯間、發電機室、停車空間、電信機房、台電配電場所、防空避難室兼停車空間、飲用水箱、消防機房、梯廳、騎樓、樓梯間、機械室、雨遮及水箱等１４項。,鋼筋混凝土造,100年4月26日,十二層,,
RPPOMLPKOHLGFGF98CC,15,2.30,本共有部分項目有：陽台及走廊等２項。,鋼筋混凝土造,100年4月26日,十二層,,
RPWOMLPKOHLGFGF07CC,11,57.59,集合住宅,鋼筋混凝土造,104年4月9日,二十四層,,
RPWOMLPKOHLGFGF07CC,11,32.38,本共有部分之項目有管委會空間、停車空間、雨遮、陽台等４項。,鋼筋混凝土造,104年4月9日,二十四層,,
RPWOMLPKOHLGFGF07CC,11,11.39,本共有部分之項目有樓梯間、水箱、消防機房、機房、雨遮等５項。,鋼筋混凝土造,104年4月9日,二十四層,,
RPXNMLPKOHLGFBF56CC,40,104.71,住家用,鋼筋混凝土造,75年4月9日,五層,,
RPQPMLPKOHLGFBF68CC,3,47.76,集合住宅,鋼筋混凝土造,112年11月21日,十三層,,
RPQPMLPKOHLGFBF68CC,3,50.21,本共有部分之項目有安全梯（無障礙）、排煙室、管委會空間、門廳、梯廳、梯間、電梯機房、機械室、自來水箱、防空避難室兼停車空間、發電機室、垃圾儲存室、垃圾車暫停車位、台電配電場所、電信室、停車空間、消防機房、安全梯等１８項。,鋼筋混凝土造,112年11月21日,十三層,,
RPSPMLMKOHLGFBF58CC,34,134.35,住家用,鋼筋混凝土造,80年11月29日,七層,,
RPSOMLMKOHLGFBF48CC,33,390.18,防空避難室．員工宿舍．工廠,鋼筋混凝土造,82年1月19日,四層,,
RPSPMLMKOHLGFBF58CC,34,28.36,共有部分,鋼筋混凝土造,80年11月29日,七層,,
RPSPMLPKOHLGFGF76CC,11,91.64,集合住宅,鋼筋混凝土造,104年4月9日,二十四層,,
RPSPMLPKOHLGFGF76CC,11,41.38,本共有部分之項目有管委會空間、停車空間、雨遮、陽台等４項。,鋼筋混凝土造,104年4月9日,二十四層,,
RPSPMLPKOHLGFGF76CC,11,18.14,本共有部分之項目有樓梯間、水箱、消防機房、機房、雨遮等５項。,鋼筋混凝土造,104年4月9日,二十四層,,
RPROMLPKOHLGFBF68CC,28,43.97,住家用,鋼筋混凝土造,87年7月1日,十六層,,
RPWPMLPKOHLGFGF17CC,11,38.14,住家用,鋼骨構造,103年12月26日,二十四層,,
RPWPMLPKOHLGFGF17CC,11,1.29,本共有項目有：台電配電場所、緊急發電機房、水箱、機房、消防泵浦室、消防水池、水表區等７項。,鋼骨構造,103年12月26日,二十四層,,
RPROMLPKOHLGFBF68CC,28,5.70,共有部分,鋼筋混凝土造,87年7月1日,十六層,,
RPWPMLPKOHLGFGF17CC,11,22.98,本共有項目有：騎樓、通道、梯廳、機車坡道、管委會使用空間、樓梯間、管道間、等候空間、緊急升降機、防災中心、廁所、雨遮、垃圾處理空間、陽台、停車空間、樓電空間、機房、電信機房、電梯機房、水表區、電機房、水箱、消防水池等２３項,鋼骨構造,103年12月26日,二十四層,,
RPROMLPKOHLGFBF68CC,28,9.53,共有部分,鋼筋混凝土造,87年7月1日,十六層,,
RPTOMLPKOHLGFBF88CC,9,67.89,集合住宅,鋼筋混凝土造,105年11月29日,十四層,,
RPTOMLPKOHLGFBF88CC,9,74.75,本共有部分之項目有管委會空間、門廳、排煙室、樓梯間、電梯間、梯廳、機械室、水箱、停車空間、裝卸空間、垃圾暫停空間、台電配電場所、垃圾貯留空間、防空避難室兼停車空間、電信機房、發電機房、景觀機房、蓄水池、機房、消防機房等２０項。,鋼筋混凝土造,105年11月29日,十四層,,
RPSNMLOKOHLGFBF58CC,12,129.11,集合住宅,鋼筋混凝土造,103年8月13日,二十一層,,
RPSNMLOKOHLGFBF58CC,12,21.63,本共有部分之項目有梯廳兼排煙室、管委會使用空間、廊道、集合住宅附屬游泳池、防災中心、機車停車場、發電機房、台電配電場所、受電箱室、進風機房、垃圾分類收集暫置場、機房、過濾機房、水箱泵浦機房、電信機房、消防機房、消防中繼機房、排風機房等１８項。,鋼筋混凝土造,103年8月13日,二十一層,,
RPSNMLOKOHLGFBF58CC,12,29.83,本共有部分之項目有梯廳兼排煙室、管委會使用空間、樓梯間、機房、水箱等５項。,鋼筋混凝土造,103年8月13日,二十一層,,
RPSNMLOKOHLGFBF58CC,12,37.36,本共有部分之項目有防空避難室兼停車空間、停車空間等２項。,鋼筋混凝土造,103年8月13日,二十一層,,
RPTPMLPKOHLGFBF98CC,46,89.06,住家用,鋼筋混凝土造,69年5月13日,五層,,
RPXPMLPKOHLGFGF27CC,11,38.22,住家用,鋼骨構造,103年12月26日,二十四層,,
RPXPMLPKOHLGFGF27CC,11,1.29,本共有項目有：台電配電場所、緊急發電機房、水箱、機房、消防泵浦室、消防水池、水表區等７項。,鋼骨構造,103年12月26日,二十四層,,
RPXPMLPKOHLGFGF27CC,11,22.24,本共有項目有：騎樓、通道、梯廳、機車坡道、管委會使用空間、樓梯間、管道間、等候空間、緊急升降機、防災中心、廁所、雨遮、垃圾處理空間、陽台、停車空間、樓電空間、機房、電信機房、電梯機房、水表區、電機房、水箱、消防水池等２３項,鋼骨構造,103年12月26日,二十四層,,
RPQRMLPKOHLGFGF76CC,29,80.45,住家用,鋼筋混凝土造,86年10月7日,六層,,
RPQRMLPKOHLGFGF76CC,29,44.52,共有部分,鋼筋混凝土造,86年10月7日,六層,,
RPXQMLPKOHLGFGF37CC,33,101.48,住家用,鋼筋混凝土造,82年7月5日,五層,,
RPXQMLPKOHLGFGF37CC,33,31.68,共有部分,鋼筋混凝土造,82年7月5日,見其他登記事項,,
RPVQMLPKOHLGFGF17CC,33,82.62,住家用,鋼筋混凝土造,82年1月16日,十六層,,
RPVQMLPKOHLGFGF17CC,33,11.02,共有部分,鋼筋混凝土造,82年1月16日,十六層,,
RPVQMLPKOHLGFGF17CC,33,2.03,共有部分,鋼筋混凝土造,82年1月16日,十六層,,
RPTQMLPKOHLGFGF96CC,11,43.09,住家用,鋼骨構造,103年12月26日,二十四層,,
RPTQMLPKOHLGFGF96CC,11,1.48,本共有項目有：台電配電場所、緊急發電機房、水箱、機房、消防泵浦室、消防水池、水表區等７項。,鋼骨構造,103年12月26日,二十四層,,
RPTQMLPKOHLGFGF96CC,11,25.20,本共有項目有：騎樓、通道、梯廳、機車坡道、管委會使用空間、樓梯間、管道間、等候空間、緊急升降機、防災中心、廁所、雨遮、垃圾處理空間、陽台、停車空間、樓電空間、機房、電信機房、電梯機房、水表區、電機房、水箱、消防水池等２３項,鋼骨構造,103年12月26日,二十四層,,
RPTQMLPKOHLGFGF96CC,11,46.02,本共有項目有：騎樓、等候空間、停車空間、汽車昇降機、汽車昇降坑、汽車升降機房、雨遮、停車空間兼防空避難室等８項。,鋼骨構造,103年12月26日,二十四層,,
RPWQMLPKOHLGFGF27CC,48,71.00,住家用,鋼筋混凝土造,66年12月21日,四層,,
RPVNMLPKOHLGFHF96CC,46,71.76,住家用,鋼筋混凝土造,69年2月8日,五層,,
RPPNMLMKOHLGFBF08CC,26,85.35,住家用,鋼筋混凝土造,89年3月9日,九層,,
RPPNMLMKOHLGFBF08CC,26,11.73,共有部分,鋼筋混凝土造,89年3月9日,九層,,
RPPNMLMKOHLGFBF08CC,26,10.05,共有部分,鋼筋混凝土造,89年3月9日,九層,,
RPPNMLPKOHLGFHF98CC,31,11.00,住家用,鋼筋混凝土造,84年11月17日,十四層,,
RPSPMLPKOHLGFHF86CC,31,89.28,住家用,鋼筋混凝土造,84年10月28日,七層,,
RPQQMLPKOHLGFGF66CC,11,35.08,住家用,鋼骨構造,103年12月26日,二十四層,,
RPSPMLPKOHLGFHF86CC,31,9.14,共有部分,鋼筋混凝土造,84年10月28日,七層,,
RPQQMLPKOHLGFGF66CC,11,1.19,本共有項目有：台電配電場所、緊急發電機房、水箱、機房、消防泵浦室、消防水池、水表區等７項。,鋼骨構造,103年12月26日,二十四層,,
RPSPMLPKOHLGFHF86CC,31,20.15,共有部分,鋼筋混凝土造,84年10月28日,七層,,
RPQQMLPKOHLGFGF66CC,11,20.76,本共有項目有：騎樓、通道、梯廳、機車坡道、管委會使用空間、樓梯間、管道間、等候空間、緊急升降機、防災中心、廁所、雨遮、垃圾處理空間、陽台、停車空間、樓電空間、機房、電信機房、電梯機房、水表區、電機房、水箱、消防水池等２３項,鋼骨構造,103年12月26日,二十四層,,
RPTPMLPKOHLGFHF96CC,1,50.18,辦公室,鋼筋混凝土構造,114年6月24日,二十三層,,
RPTPMLPKOHLGFHF96CC,1,28.07,本共有部分項目有６╳１２Ｍ高層緩衝空間、機電設備空間、排煙室Ｃ、機車車道、汽車車道、走廊、梯廳、排煙室Ａ、管委會空間（Ａ）、管委會空間（Ｂ）、管委會空間（Ｃ）、管委會空間（Ｄ）、管委會空間（Ｅ）、管委會空間（Ｆ）、管委會空間（Ｇ）、管委會空間（Ｈ）、管委會空間（Ｉ）、管委會空間（Ｊ）、機電設備空間（泳池機房）、防空避難室兼停車空間、台電管道間Ａ、裝卸車位Ａ、裝卸車位Ｂ、發電機室、機電設備空間（進風）、機電設備空間（污物處理室）、防災中心、排風機房１、排風機房２、機電設備空間（電信機房）、機電設備空間、停車空間、蓄水池Ｂ、蓄水池Ａ、機電設備空間（雨水回收汙水機房）、機電設備空間（消防泵浦室）、台電配電場所等３７項。,鋼筋混凝土構造,114年6月24日,二十三層,,
RPTPMLPKOHLGFHF96CC,1,6.00,本共有部分項目有走廊、梯廳、排煙室Ｂ等３項。,鋼筋混凝土構造,114年6月24日,二十三層,,
RPTPMLPKOHLGFHF96CC,1,5.98,本共有部分項目有排煙室Ｃ、排煙室、樓梯間、機電設備空間（消防機房）、機電設備空間（供水錶使用）、機電設備空間（電梯機房）、消防水箱、水箱Ａ等８項。,鋼筋混凝土構造,114年6月24日,二十三層,,
RPOQMLPKOHLGFHF56CC,19,24.41,住家用,鋼筋混凝土造,95年12月19日,七層,,
RPOQMLPKOHLGFHF56CC,19,11.00,共有部分,鋼筋混凝土造,95年12月19日,七層,,
RPUPMLPKOHLGFHF07CC,47,88.32,住家用,鋼筋混凝土造,67年12月8日,五層,,
RPWPMLPKOHLGFHF27CC,30,21.50,住家用,鋼筋混凝土造,85年1月15日,十六層,,
RPWPMLPKOHLGFHF27CC,30,.49,樓梯間、屋頂突出物,鋼筋混凝土造,85年1月15日,十六層,,
RPWPMLPKOHLGFHF27CC,30,2.76,防空避難室兼停車空間及頂蓋型開放空間,鋼筋混凝土造,85年1月15日,十六層,,
RPVNMLPKOHLGFIF07CC,14,23.98,集合住宅,鋼筋混凝土造,101年6月8日,十五層,,
RPVNMLPKOHLGFIF07CC,14,5.87,本建物記載共有部分包含（社區活動空間、汽、機車坡道、管理員室、通道、走廊、防空避難室、停車空間、梯廳、梯間、電信配線架室、台電配電室、垃圾儲存空間、受電箱、發電機室、蓄水池、消防幫浦室等１７項）。,鋼筋混凝土造,101年6月8日,十五層,,
RPQOMLPKOHLGFIF66CC,33,58.87,廠房,鋼筋混凝土造,82年1月16日,五層,,
RPVNMLPKOHLGFIF07CC,14,6.52,本建物記載共有部分包含（梯廳、樓梯間、走道、電錶室、機房、電梯機房、水箱等７項）。,鋼筋混凝土造,101年6月8日,十五層,,
RPQOMLPKOHLGFIF66CC,33,6.85,共有部分,鋼筋混凝土造,82年1月16日,五層,,
RPPRMLPKOHLGFHF76CC,41,16.53,住家用,鋼筋混凝土造,74年1月22日,五層,,
RPXNMLQKOHLGFAF56CC,30,36.10,住家用,鋼筋混凝土造,85年1月20日,二十六層,,
RPXNMLQKOHLGFAF56CC,30,4.60,共有部分,鋼筋混凝土造,85年1月20日,二十六層,,
RPQQMLQKOHLGFAF78CC,18,25.57,住家用,鋼筋混凝土造,97年11月19日,二十四層,,
RPQQMLQKOHLGFAF78CC,18,4.77,共有部分,鋼筋混凝土造,97年11月19日,二十四層,,
RPQQMLQKOHLGFAF78CC,18,1.74,共有部分,鋼筋混凝土造,97年11月19日,二十四層,,
RPQQMLQKOHLGFAF78CC,18,11.47,共有部分,鋼筋混凝土造,97年11月19日,二十四層,,
RPQQMLPKOHLGFHF76CC,1,39.53,辦公室,鋼筋混凝土構造,114年5月29日,七層,,
RPQQMLPKOHLGFHF76CC,1,34.33,本共有部分項目有：電信機房，門廳，防空避難室，梯廳，電梯機房，不鏽鋼水箱等６項。,鋼筋混凝土構造,114年5月29日,七層,,
RPXQMLQKOHLGFAF86CC,,92.96,住家用,鋼筋混凝土造,,四層,,
RPTQMLQKOHLGFAF09CC,18,25.02,住家用,鋼筋混凝土造,97年11月19日,二十四層,,
RPTQMLQKOHLGFAF09CC,18,4.71,共有部分,鋼筋混凝土造,97年11月19日,二十四層,,
RPTQMLQKOHLGFAF09CC,18,32.76,共有部分,鋼筋混凝土造,97年11月19日,二十四層,,
RPTQMLQKOHLGFAF09CC,18,6.76,共有部分,鋼筋混凝土造,97年11月19日,二十四層,,
RPQRMLQKOHLGFAF88CC,,85.72,住家用,鋼筋混凝土造,,四層,,
RPRRMLQKOHLGFAF98CC,29,23.03,一般事務所,鋼筋混凝土造,86年11月21日,十一層,,
RPRRMLQKOHLGFAF98CC,29,4.02,共有部分,鋼筋混凝土造,86年11月21日,十一層,,
RPRRMLQKOHLGFAF98CC,29,.35,共有部分,鋼筋混凝土造,86年11月21日,十一層,,
RPRRMLQKOHLGFAF98CC,29,7.81,共有部分,鋼筋混凝土造,86年11月21日,十一層,,
RPPOMLQKOHLGFCF68CC,32,63.40,商業用,鋼筋混凝土造,82年12月29日,十二層,,
RPPOMLQKOHLGFCF68CC,32,35.39,共有部分,鋼筋混凝土造,82年12月29日,十二層,,
RPWNMLQKOHLGFGF07CC,11,39.11,住家用,鋼骨構造,103年12月26日,二十四層,,
RPWNMLQKOHLGFGF07CC,11,1.34,本共有項目有：台電配電場所、緊急發電機房、水箱、機房、消防泵浦室、消防水池、水表區等７項。,鋼骨構造,103年12月26日,二十四層,,
RPWNMLQKOHLGFGF07CC,11,22.98,本共有項目有：騎樓、通道、梯廳、機車坡道、管委會使用空間、樓梯間、管道間、等候空間、緊急升降機、防災中心、廁所、雨遮、垃圾處理空間、陽台、停車空間、樓電空間、機房、電信機房、電梯機房、水表區、電機房、水箱、消防水池等２３項,鋼骨構造,103年12月26日,二十四層,,
RPPPMLQKOHLGFEF98CC,45,75.51,住家用,鋼筋混凝土造,70年3月23日,三層,,
RPWNMLQKOHLGFGF07CC,11,46.02,本共有項目有：騎樓、等候空間、停車空間、汽車昇降機、汽車昇降坑、汽車升降機房、雨遮、停車空間兼防空避難室等８項。,鋼骨構造,103年12月26日,二十四層,,
RPXNMLQKOHLGFCF76CC,14,29.24,住家用,鋼骨構造、鋼筋混凝土構造,101年11月14日,二十九層,,
RPXNMLQKOHLGFCF76CC,14,10.68,本共有部分之項目有第六至二十九層梯廳；十二及二十二層水表室、消防泵浦室；十三及二十三層水箱；屋頂突出物之梯間、消防水箱、水箱、電梯機房等８項。,鋼骨構造、鋼筋混凝土構造,101年11月14日,二十九層,,
RPXNMLQKOHLGFCF76CC,14,.39,本共有部分之項目有地下一層之俱樂部泵浦機房、俱樂部泵浦蓄水池、第四層之過濾機房、第五層之管委會使用空間、屋頂突出物之冰水主機房、屋頂突出物(二層)之水箱等６項。,鋼骨構造、鋼筋混凝土構造,101年11月14日,二十九層,,
RPXNMLQKOHLGFCF76CC,14,2.04,本共有部分之項目有地下二層之中水及截油槽機房、消防泵浦室、消防管道、管道間、地下一層之瓦斯減壓室、台電專用管道間、景觀水景機房、車道、機房、電信機房、大公變電站、管道間、第一層之車道、管道間、一層夾層之防災中心、樓梯、管道間、屋頂突出物(二層)之機房、吊運走道、辦公室商場發電機房、樓梯六層走道等２２項。,鋼骨構造、鋼筋混凝土構造,101年11月14日,二十九層,,
RPXNMLQKOHLGFCF76CC,14,3.74,本共有部分之項目有地下二層之蓄水池、泵浦室、梯廳兼排煙室、樓梯、梯廳、排煙室、通風機房、泵浦機房、蓄水池，客梯、垃圾處理室、停車空間、地下一層之機房、台電配電場所、大公變電站、梯廳兼排煙室、樓梯、電錶箱、梯廳、台電配電場所、走道、排煙室、廁所、緊急升降梯、機房、儲藏室、客梯、車道、停車空間、第一層之梯廳兼排煙室、辦公棟門廳、緊急升降梯、管道間、樓梯、客梯、一層夾層之緊急升降梯、第二層至五層之樓梯、緊急升降梯、客梯、第六層之管理中心、管理辦公室、緊急升降梯、陽台、雨遮、客梯等４５項。,鋼骨構造、鋼筋混凝土構造,101年11月14日,二十九層,,
RPUOMLQKOHLGFGF96CC,44,43.40,住家用,鋼筋混凝土造,71年5月4日,五層,,
RPPNMLQKOHLGFGF98CC,48,17.00,住家用,鋼筋混凝土造,67年1月14日,五層,,
RPPNMLQKOHLGFGF98CC,48,7.18,共有部分,鋼筋混凝土造,67年1月14日,五層,,
RPPQMLQKOHLGFGF66CC,24,29.79,商業用,鋼筋混凝土造,91年4月15日,四層,,
RPPQMLQKOHLGFGF66CC,24,32.24,共有部分,鋼筋混凝土造,91年4月15日,四層,,
RPUNMLQKOHLGFHF96CC,32,54.66,工業用,鋼筋混凝土造,83年8月12日,九層,,
RPUNMLQKOHLGFHF96CC,32,5.06,共有部分,鋼筋混凝土造,83年8月12日,九層,,
RPUNMLQKOHLGFHF96CC,32,16.02,共有部分,鋼筋混凝土造,83年8月12日,九層,,
RPTOMLQKOHLGFHF96CC,14,92.37,集合住宅,鋼筋混凝土構造,101年1月16日,十五層,,
RPTOMLQKOHLGFHF96CC,14,11.82,本共有部分項目有：管委會使用空間、機電設備空間、走廊、廁所、樓（電）梯間、排煙室、蓄水池、基坑、摩托車位等,鋼筋混凝土構造,101年1月16日,十五層,,
RPTOMLQKOHLGFHF96CC,14,27.70,本共有部份項目有：防空避難室兼停車空間、停車空間、車道、汽車道等四項。,鋼筋混凝土構造,101年1月16日,十五層,,
RPTOMLQKOHLGFHF96CC,14,26.00,本共有部份項目有：梯廳（排煙室）、戶外安全梯、樓／電梯間、水箱、昇降機房等,鋼筋混凝土構造,101年1月16日,十五層,,
RPPPMLQKOHLGFIF76CC,,162.08,住家用,加強磚造,,二層,,
RPQNMLRKOHLGFAF58CC,,71.84,住家用,加強磚造,,四層,,
RPPNMLRKOHLGFAF48CC,19,105.35,住家用,鋼筋混凝土造,96年11月21日,十二層,,
RPPNMLRKOHLGFAF48CC,19,57.43,共有部分,鋼筋混凝土造,96年11月21日,十四層,,
RPVPMLQKOHLGFBF66CC,38,97.75,住家用,鋼筋混凝土造,77年8月12日,五層,,
RPVNMLRKOHLGFAF09CC,,11.62,住家用,鋼筋混凝土造,,五層,,
RPRNMLQKOHLGFIF76CC,21,71.50,住家用,鋼筋混凝土造,94年6月30日,十四層,,
RPWNMLQKOHLGFBF56CC,39,86.62,住商用,鋼筋混凝土造,76年5月28日,五層,,
RPRNMLQKOHLGFIF76CC,21,6.10,共有部分,鋼筋混凝土造,94年6月30日,十四層,,
RPRNMLQKOHLGFIF76CC,21,20.17,共有部分,鋼筋混凝土造,94年6月30日,十四層,,
RPRNMLQKOHLGFIF76CC,21,7.63,共有部分,鋼筋混凝土造,94年6月30日,十四層,,
RPUNMLRKOHLGFAF98CC,26,72.52,住家用,鋼筋混凝土造,89年4月7日,十四層,,
RPUNMLRKOHLGFAF98CC,26,15.39,共有部分,鋼筋混凝土造,89年4月7日,十四層,,
RPPOMLRKOHLGFAF58CC,43,9.80,住家用,鋼筋混凝土造,72年11月9日,五層,,
RPXOMLRKOHLGFAF76CC,,19.00,住家用,鋼筋混凝土造,,五層,,
RPVPMLMKOHLGFEF56CC,41,81.99,住家用,加強磚造,74年5月28日,二層,,
RPTOMLRKOHLGFAF98CC,43,11.45,住家用,鋼筋混凝土造,72年11月9日,五層,,
RPOOMLRKOHLGFAF48CC,43,10.85,住家用,鋼筋混凝土造,72年11月9日,五層,,
RPVOMLMKOHLGFEF09CC,30,88.11,住家用,鋼筋混凝土造,85年9月18日,十二層,,
RPVOMLMKOHLGFEF09CC,30,8.66,共有部分,鋼筋混凝土造,85年9月18日,十二層,,
RPQNMLRKOHLGFBF68CC,33,32.97,住家用,鋼筋混凝土造,82年2月5日,十一層,,
RPQNMLRKOHLGFBF68CC,33,4.35,共有部分,鋼筋混凝土造,82年2月5日,十一層,,
RPQNMLRKOHLGFBF68CC,33,7.29,共有部分,鋼筋混凝土造,82年2月5日,十一層,,
RPRNMLRKOHLGFBF78CC,50,33.71,住家用,鋼筋混凝土造,64年12月27日,四層,,
RPSNMLRKOHLGFBF88CC,37,116.08,住家用,鋼筋混凝土造,78年6月26日,八層,,
RPSNMLRKOHLGFBF88CC,37,13.21,共有部分,鋼筋混凝土造,78年6月26日,十層,,
RPXNMLPKOHLGFEF86CC,1,45.76,集合住宅,鋼筋混凝土造,114年3月14日,十四層,,
RPUNMLPKOHLGFEF56CC,30,97.12,住家用,鋼筋混凝土造,85年4月30日,十二層,,
RPXNMLPKOHLGFEF86CC,1,23.60,本共有部分之項目有：梯廳、公共儲藏室、自行車停車位、受電箱室、緊急發電機室、台電配電室、機房、水箱、總受水箱、溫泉水箱、進氣機房、排氣機房、消防泵浦室、雨水過濾機房、電梯機房、昇降機、機械房、管委會空間、無障礙安全梯、機電設備空間、緊急升降梯無障礙電梯、引導設施、管委會使用空間、排煙室、消防水箱、特別安全梯、無障礙特別安全梯、垃圾儲藏空間、廁所、垃圾車停車位、水池、中繼消防機房、高層建築出入口緩衝空間、防災中心、陽台、安全梯、公共緊急發電機室、觀景池機房、電氣室、公共台電配電室、無障礙昇降梯、電信機房、女廁、男廁、汽車坡道等４５項,鋼筋混凝土構造、鋼構造,114年3月14日,二十三層,,
RPUNMLPKOHLGFEF56CC,30,18.30,共有部分,鋼筋混凝土造,85年4月30日,十二層,,
RPUNMLPKOHLGFEF56CC,30,3.57,共有部分,鋼筋混凝土造,85年4月30日,十二層,,
RPVPMLPKOHLGFEF86CC,22,29.47,住家用,鋼筋混凝土造,93年6月3日,十二層,,
RPVPMLPKOHLGFEF86CC,22,38.90,共有部分,鋼筋混凝土造,93年6月3日,十三層,,
RPOPMLRKOHLGFBF68CC,46,70.00,診所,鋼筋混凝土造,68年12月26日,五層,,
RPRPMLRKOHLGFBF98CC,51,64.44,住家用,鋼筋混凝土造,64年7月14日,四層,,
RPXOMLRKOHLGFBF86CC,7,84.92,集合住宅,鋼筋混凝土造,108年10月17日,十九層,,
RPXOMLRKOHLGFBF86CC,7,35.77,本共有部分之項目有陽台、交誼室（１）、交誼室（２）、交誼室（３）、公共服務空間（交誼廳）、公共服務空間（藝文走廊）、多功能教室、特別安全梯（Ｂ）、梯廳、車道、消防中繼機房、水箱、消防水箱等２２項。,鋼筋混凝土造,108年10月17日,十九層,,
RPXOMLRKOHLGFBF86CC,7,89.79,本共有部分之項目有排風機房、電信機房、防災中心、緊急發電機室、法定防空避難室兼停車空間、車道、垃圾車暫停空間、無障礙車位、垃圾處理室、台電配電場所、受電箱、機車停放區、安全梯間無障礙（Ｃ）、排煙室（Ａ）、水箱（１）、水箱（２）、水箱（３）、梯廳、停車空間、消防機房、無障礙昇降機、一般昇降機、緊急用昇降機等２３項。,鋼筋混凝土造,108年10月17日,十九層,,
RPQNMLQKOHLGFDF78CC,30,58.99,住家用,鋼筋混凝土造,85年10月11日,七層,,
RPQNMLQKOHLGFDF78CC,30,13.03,防空避難室兼停車空間、電信室、樓梯間、屋頂突出物,鋼筋混凝土造,85年10月11日,七層,,
RPQNMLQKOHLGFDF78CC,30,8.42,電樓梯間、走道,鋼筋混凝土造,85年10月11日,七層,,
RPSPMLRKOHLGFBF09CC,21,62.12,住家用,鋼筋混凝土造,94年8月9日,九層,,
RPSPMLRKOHLGFBF09CC,21,5.91,共有部分,鋼筋混凝土造,94年8月9日,九層,,
RPSPMLRKOHLGFBF09CC,21,16.10,共有部分,鋼筋混凝土造,94年8月9日,九層,,
RPOQMLRKOHLGFBF78CC,32,88.89,住家用,鋼筋混凝土造,83年3月19日,七層,,
RPOQMLRKOHLGFBF78CC,32,24.38,共有部分,鋼筋混凝土造,83年3月19日,七層,,
RPVPMLRKOHLGFBF76CC,13,88.14,一般事務所,鋼骨鋼筋混凝土造,102年6月3日,二十四層,,
RPVPMLRKOHLGFBF76CC,13,18.45,本共有部分之項目有商業大廳、頂蓋型廊道、門廳、車道、一般零售業、機房、警衛室、健身服務業、商業用途之管委會使用空間、游泳池、泳池機房、自由職業事務所、陽台、防空避難室兼停車空間、台電配電場所、受電箱室、自行車停車空間、進氣機房、電動汽車充電位置、車道、防災中心、排氣機房、緊急發電室、機車道、電動機車充電位置、機電設備空間、垃圾處理室〈一〉、垃圾車暫停車位、電信機房、機電設備空間〈一、二、三〉、機電設備空間〈水箱室〉、雨水回收機房、消防泵浦室等３３項,鋼骨鋼筋混凝土造,102年6月3日,二十五層,,
RPVPMLRKOHLGFBF76CC,13,29.22,本共有部分之項目有商業大廳、梯廳、樓電梯間、排煙室、機房、中繼機房、中繼水箱、自來水箱、垃圾處理室〈三〉、水箱、樓梯間等１１項,鋼骨鋼筋混凝土造,102年6月3日,二十四層,,
RPVPMLRKOHLGFBF76CC,13,10.49,本共有部分之項目有機房１項,鋼骨鋼筋混凝土造,102年6月3日,二十四層,,
RPVPMLRKOHLGFBF76CC,13,37.08,本共有部分之項目有防空避難室兼停車空間、車道、停車空間等３項,鋼骨鋼筋混凝土造,102年6月3日,二十五層,,
RPVPMLRKOHLGFBF76CC,13,3.49,本共有部分之項目有機車停車空間１項,鋼骨鋼筋混凝土造,102年6月3日,二十五層,,
RPSPMLRKOHLGFEF76CC,31,37.28,住家用,鋼筋混凝土造,84年7月28日,二十三層,,
RPSPMLRKOHLGFEF76CC,31,2.71,共有部分,鋼筋混凝土造,84年7月28日,二十三層,,
RPSPMLRKOHLGFEF76CC,31,10.17,共有部分,鋼筋混凝土造,84年7月28日,二十三層,,
RPQRMLRKOHLGFBF09CC,50,101.80,住家用,加強磚造,64年11月25日,四層,,
RPWRMLRKOHLGFAF96CC,31,99.08,住家用,鋼筋混凝土造,84年1月14日,七層,,
RPWRMLRKOHLGFAF96CC,31,46.41,共有部分,鋼筋混凝土造,84年1月14日,八層,,
RPVQMLRKOHLGFAF76CC,1,80.44,集合住宅,鋼筋混凝土造,114年7月25日,十四層,,
RPVQMLRKOHLGFAF76CC,1,70.47,本共有部分之項目有行動不便者安全梯丙、無障礙昇降機、梯廳、管委會空間（１）、管委會空間（２）、發電機進風、車道、停車場排風、行動不便者安全梯乙、安全梯甲、緊急昇降機間兼排煙室、緊急升降機、升降機供行動不便者使用、升降機、廁所、管委會空間（３）、停車場進風、排煙室排風、排煙室進風、排煙室、樓梯間、電梯機房、安全梯Ａ、水箱、變電場所、台電配電場所、電梯機坑、電信室、行動不便者安全梯甲、防空避難室兼停車空間、發電機進風、發電機房、發電機排風、垃圾車位、垃圾儲藏室、停車空間、上方機坑、雨水機房、機房（中控室）、消防機房等４０項。,鋼筋混凝土造,114年7月25日,十四層,,
RPRQMLRKOHLGFAF98CC,33,9.00,住家用,鋼筋混凝土造,82年9月3日,十二層,,
RPXQMLRKOHLGFAF96CC,,41.60,住家用,加強磚造,,三層,,
RPXPMLRKOHLGFAF86CC,,10.00,住家用,加強磚造,,四層,,
RPPNMLRKOHLGFGF09CC,53,50.00,住家用,加強磚造,62年6月27日,四層,,
RPRRMLRKOHLGFAF09CC,47,75.66,住家用,鋼筋混凝土造,68年8月15日,五層,,
RPURMLRKOHLGFAF76CC,1,64.82,集合住宅,鋼筋混凝土造,114年1月20日,十四層,,
RPURMLRKOHLGFAF76CC,1,32.68,本共有部分項目：特別安全梯（Ａ）、無障礙升降機、排煙室、緊急升降機、無障礙樓梯、梯廳、安全梯（Ｂ）、陽台、管委會使用空間、樓梯間、機械間、水箱（Ａ）、水箱（Ｂ）、水箱（Ｃ）、發電機室、防空避難室兼停車空間、廁所、垃圾車位、垃圾暫存區、汽車坡道、機車停車區、電錶箱、台電配電場所、受電箱、電信室、消防機械室、蓄水池（２）、蓄水池（１）、水錶間、無障礙法定停車位、停車空間等３１項。,鋼筋混凝土造,114年1月20日,十四層,,
RPOSMLRKOHLGFAF88CC,41,97.69,住家用,鋼筋混凝土造,74年5月1日,五層,,
RPVQMLRKOHLGFBF86CC,31,31.62,住家用,鋼筋混凝土造,84年7月13日,十七層,,
RPVQMLRKOHLGFBF86CC,31,4.89,共有部分,鋼筋混凝土造,84年7月13日,十七層,,
RPTRMLRKOHLGFAF66CC,29,26.91,辦公室,鋼筋混凝土造,86年11月21日,十一層,,
RPTRMLRKOHLGFAF66CC,29,5.58,共有部分,鋼筋混凝土造,86年11月21日,十一層,,
RPTRMLRKOHLGFAF66CC,29,7.96,共有部分,鋼筋混凝土造,86年11月21日,十一層,,
RPVNMLRKOHLGFGF07CC,48,74.00,住家用,鋼筋混凝土造,66年12月7日,四層,,
RPQNMLRKOHLGFGF56CC,33,76.33,住家用,鋼筋混凝土造,82年8月4日,五層,,
RPQNMLRKOHLGFGF56CC,33,2.21,共有部分,鋼筋混凝土造,82年8月4日,五層,,
RPRNMLRKOHLGFGF66CC,2,37.91,集合住宅,鋼筋混凝土造,113年5月1日,十八層,,
RPRNMLRKOHLGFGF66CC,2,56.64,本共有部分項目有：社區中心、防災中心、門廳、室內無障礙通路、６＊１２高層緩衝空間、排煙室、特別安全梯、梯廳兼排煙室、自行車停車空間、頂蓋廣場、雨遮、健身房、梯廳、無障礙特別安全梯、機房、梯間、電梯機房、安全梯、消防水箱、水箱、防空避難室兼停車空間、發電機房、機械房、台電配電場所、排風機房、電信機房、資源回收室、垃圾暫停車位、電氣設備室、停車空間、蓄水池、電氣設備室（消防機房）、電氣設備室（雨水回收機房）、緊急昇降機暨無障礙電梯、汽車車道等３５項。,鋼筋混凝土造,113年5月1日,十八層,,
RPXOMLRKOHLGFGF37CC,49,72.00,住家用,鋼筋混凝土造,66年4月28日,四層,,
RPUOMLRKOHLGFGF07CC,45,30.33,住家用,鋼筋混凝土造,70年9月11日,五層,,
RPRNMLRKOHLGFHF76CC,2,216.63,店舖,鋼筋混凝土構造,113年5月21日,十四層,,
RPRNMLRKOHLGFHF76CC,2,54.96,本共有部分項目有：走廊、騎樓、管委會（管理員室）、管委會、梯廳、梯廳（排煙室）、雨遮、陽台、健身房（公益設施）、遊戲室（公益設施）、閱覽室（公益設施）、機械室、水箱、水錶室、作業空間範圍垃圾車、汽車車道、汽機車車道、電器室、進排風機房、防空避難室兼停車空間、緊急發電機室、台電配電場所、電信機房、蓄水池、雨水滯留機房（滯洪）、雨水滯留機房（回收再利用）、消防幫浦室、機電室等２８項。,鋼筋混凝土構造,113年5月21日,十四層,,
RPSNMLRKOHLGFHF86CC,12,73.17,集合住宅,鋼筋混凝土構造,102年12月27日,二十三層,,
RPSNMLRKOHLGFHF86CC,12,29.11,本共有部分之項目有機電設備空間、台電管道間、機車停車位、機車道、垃圾暫存室、垃圾車暫停、梯間、台電配電場所、採光井、通風天井、防災中心、管委會使用空間、警衛室、自行車停車位、門廳、汽車停車位、中繼機房、機房、水箱、排煙室、走廊等２１項。,鋼筋混凝土構造,102年12月27日,二十三層,,
RPSNMLRKOHLGFHF86CC,12,5.67,本共有部分之項目有機電設備空間、樓梯間、管委會使用空間、游泳池、梯廳、走道、蓄水池、陽台等８項。,鋼筋混凝土構造,102年12月27日,二十三層,,
RPSNMLRKOHLGFHF86CC,12,3.22,本共有部分之項目有機車停車位１項。,鋼筋混凝土構造,102年12月27日,二十三層,,
RPTNMLRKOHLGFHF96CC,49,72.14,商業用,鋼筋混凝土造,66年6月18日,七層,,
RPSNMLRKOHLGFHF86CC,12,36.58,本共有部分之項目有防空避難室兼停車空間、停車空間等２項。,鋼筋混凝土構造,102年12月27日,二十三層,,
RPUPMLRKOHLGFGF17CC,32,24.87,住家用,鋼筋混凝土造,83年3月4日,十層,,
RPUPMLRKOHLGFGF17CC,32,3.25,共有部分,鋼筋混凝土造,83年3月4日,十層,,
RPUPMLRKOHLGFGF17CC,32,8.88,共有部分,鋼筋混凝土造,83年3月4日,十層,,
RPQPMLRKOHLGFGF76CC,58,11.00,住家用,加強磚造,57年11月30日,四層,,
RPRPMLRKOHLGFHF96CC,37,98.48,住家用,鋼筋混凝土造,77年12月26日,五層,,
RPRPMLRKOHLGFGF86CC,18,79.22,住家用,鋼筋混凝土造,96年12月24日,十二層,,
RPRPMLRKOHLGFGF86CC,18,57.86,共有部分,鋼筋混凝土造,96年12月24日,十二層,,
RPRPMLRKOHLGFGF86CC,18,14.16,共有部分,鋼筋混凝土造,96年12月24日,十二層,,
RPUOMLRKOHLGFHF17CC,39,265.85,工業用,鋼筋混凝土造,76年9月1日,五層,,
RPUNMLRKOHLGFHF07CC,1,63.83,集合住宅,鋼筋混凝土構造,114年9月18日,十四層,,
RPUNMLRKOHLGFHF07CC,1,37.26,本共有部分之項目有：Ａ梯、排煙室、無障礙昇降機、緊急昇降機、梯廳、無障礙廁所、坡道、管理委員會使用空間、陽台、等候空間、倉儲式自動化（１）、汽車昇降機道（２）、電梯機坑、機房、弱電機房、防空避難室兼停車空間、台電配電場所、受電室、電表區、蓄水池、消防泵浦機房、機電空間、樓電梯間、緊急發電機房、水箱、消防水箱、騎樓等２７項。,鋼筋混凝土構造,114年9月18日,十四層,,
RPQQMLRKOHLGFHF96CC,32,48.73,住家用,鋼筋混凝土造,82年12月18日,十一層,,
RPQQMLRKOHLGFHF96CC,32,9.09,共有部分,鋼筋混凝土造,82年12月18日,十一層,,
RPQQMLRKOHLGFHF96CC,32,3.77,共有部分,鋼筋混凝土造,82年12月18日,十一層,,
RPRNMLOKOHLGFCF58CC,33,36.70,住家用,鋼筋混凝土造,82年3月10日,十四層,,
RPRNMLOKOHLGFCF58CC,33,4.82,共有部分,鋼筋混凝土造,82年3月10日,十四層,,
RPSNMLOKOHLGFCF68CC,32,91.17,住家用,鋼筋混凝土造,83年4月27日,九層,,
RPSNMLOKOHLGFCF68CC,32,22.34,共有部分,鋼筋混凝土造,83年4月27日,九層,,
RPSQMLRKOHLGFHF17CC,37,11.90,住家用,鋼筋混凝土造,78年9月13日,六層,,
RPRRMLRKOHLGFHF17CC,43,89.35,住家用,鋼筋混凝土造,72年5月2日,五層,,
RPUNMLPKOHLGFCF98CC,31,110.24,住家用,鋼筋混凝土造,84年11月10日,七層,,
RPUNMLPKOHLGFCF98CC,31,40.27,共有部分,鋼筋混凝土造,84年11月10日,七層,,
RPQSMLRKOHLGFHF17CC,46,124.37,住家用,鋼筋混凝土造,69年5月24日,五層,,
RPSNMLRKOHLGFIF96CC,19,34.15,住家用,鋼筋混凝土造,96年11月21日,十五層,,
RPSOMLRKOHLGFIF07CC,11,175.83,廠房,鋼筋混凝土造,104年11月4日,十三層,,
RPSOMLRKOHLGFIF07CC,11,59.99,本共有部分之項目有管委會空間、門廳、門廊、梯廳、水箱、機械室、梯間等７項。,鋼筋混凝土造,104年11月4日,十三層,,
RPSNMLRKOHLGFIF96CC,19,17.50,共有部分,鋼筋混凝土造,96年11月21日,十五層,,
RPSOMLRKOHLGFIF07CC,11,51.53,本共有部分之項目有消防機房、防空避難室兼停車空間、蓄水池、梯廳、污水機房、台電配電場所、電信機房、發電機房、機房、電錶室、車道等１１項。,鋼筋混凝土造,104年11月4日,十三層,,
RPRQMLRKOHLGFIF17CC,7,92.31,集合住宅,鋼筋混凝土造,107年12月11日,二十二層,,
RPRQMLRKOHLGFIF17CC,7,45.24,本共有部分之項目有：管委會、梯廳、走廊、樓梯間、電梯間、行動不便通道、無障礙樓梯Ａ梯、Ｂ梯、特安梯Ｃ梯、行動不便者電梯、緊急升降機、浴廁、排煙室、陽台、雨遮、外廊、排煙機房、中繼消防泵浦機房、電梯機房、進風機房、機房、水箱、發電機房、機械室、垃圾儲藏室、消防水箱、垃圾冷藏空間、電表室、台電配電場所、受電箱、垃圾裝卸車位、電信機房、汙水機房、雨水機房、消防泵浦機房、停車空間兼防空避難室等３６項。,鋼筋混凝土造,107年12月11日,二十二層,,
RPQQMLRKOHLGFIF07CC,30,93.35,住家用,鋼筋混凝土造,85年11月1日,十二層,,
RPQQMLRKOHLGFIF07CC,30,21.41,共有部分,鋼筋混凝土造,85年11月1日,十二層,,
RPQQMLRKOHLGFIF07CC,30,5.15,共有部分,鋼筋混凝土造,85年11月1日,十三層,,
RPPQMLRKOHLGFIF96CC,30,73.72,住家用,鋼筋混凝土造,85年10月22日,九層,,
RPPQMLRKOHLGFIF96CC,30,13.35,共有部分,鋼筋混凝土造,85年10月22日,七層,,
RPPQMLRKOHLGFIF96CC,30,10.11,共有部分,鋼筋混凝土造,85年10月22日,七層,,
RPPQMLRKOHLGFIF96CC,30,13.43,共有部分,鋼筋混凝土造,85年10月22日,七層,,
RPQPMLRKOHLGFIF96CC,19,32.47,住家用,鋼筋混凝土造,96年11月21日,十五層,,
RPQPMLRKOHLGFIF96CC,19,16.48,共有部分,鋼筋混凝土造,96年11月21日,十五層,,
RPXNMLSKOHLGFBF86CC,8,88.54,集合住宅,鋼筋混凝土造,107年9月28日,十八層,,
RPXNMLSKOHLGFBF86CC,8,59.81,本共有部分之項目有陽台、女廁、男廁、大廳、店鋪門廳、電梯５、行動不便電梯、無障礙梯、安全梯Ａ、安全梯Ｂ、進風管道、排風管道、５ｍ頂蓋型帶狀開放空間、梯廳、茶水間、儲藏室、店鋪Ａ、機車車道、汽車車道、澆灌機房、無障礙停車位、發電機進風管道、發電機排風管道、停車場排風管道、停車場進風管道、防災中心、箱體、台電配電室、垃圾儲藏室、垃圾車暫停車位、消防中繼機房、台電管道間、防空避難室兼停車空間、電信機房、發電機室、停車空間、自來水箱（一）、自來水箱（二）、消防機房等３９項,鋼筋混凝土造,107年9月28日,十八層,,
RPXNMLSKOHLGFBF86CC,8,26.35,本共有部分之項目有住宅門廳、電梯３、行動不便電梯、電梯４、緊急昇降機、排煙室、特別安全梯Ｅ、特別安全梯Ｃ、無障礙梯、進風管道、排風管道、梯間、梯間Ａ、樓梯間、水錶機房、電梯機房、自來水箱、消防水箱等１８項,鋼筋混凝土造,107年9月28日,十八層,,
RPROMLSKOHLGFCF09CC,45,119.80,住家用,鋼筋混凝土造,70年1月24日,二層,,
RPOQMLSKOHLGFEF56CC,1,81.08,集合住宅,鋼筋混凝土造,114年1月22日,九層,,
RPOQMLSKOHLGFEF56CC,1,57.23,本共有部分項目有：無障礙昇降機、車道、停車空間、發電機房、Ｂ電錶空間、地下室排風、防空避難室兼停車空間、Ｃ水箱、消防機房、Ａ梯廳、Ｂ梯廳、管委會使用空間（二）、Ｃ梯廳、管委會使用空間（一）、進排、門廳、Ｃ３梯、Ａ水箱、Ａ電錶空間、陽台、電信機房、Ｂ水箱、台電配電場所、受電箱、垃圾儲存空間、垃圾車位等２６項,鋼筋混凝土造,114年1月22日,九層,,
RPOQMLSKOHLGFEF56CC,1,2.95,本共有部分之項目有：門廊、無障礙昇降機、Ｂ梯廳、安全梯、Ｂ１梯、Ｂ２梯、梯間、機械室、水箱等９項,鋼筋混凝土造,114年1月22日,九層,,
RPPNMLSKOHLGFGF56CC,45,63.00,住家用,鋼筋混凝土造,70年7月30日,五層,,
RPROMLSKOHLGFAF88CC,5,109.05,集合住宅,鋼骨鋼筋混凝土造,110年7月23日,二十四層,,
RPROMLSKOHLGFAF88CC,5,35.49,本共有部分之項目有：門廳、管委會空間（多功能會議室）、管委會空間（辦公室）、管委會空間（會議室）、特別安全梯、供行動不便使用（客、貨梯）、緊急昇降機（客、貨梯）、一般昇降機、無障礙特別安全梯、排煙室、排煙室進排風、無障礙廁所、入口鍰衝空間、陽台、梯廳、梯間、一般梯、排煙室進風排氣、消防中繼機房、水錶室、電梯機房、水箱室、排風機房、水箱（一）、水箱（二）、排煙室進風、排煙室排煙等２７項。,鋼骨鋼筋混凝土造,110年7月23日,二十四層,,
RPROMLSKOHLGFAF88CC,5,49.32,本共有部分之項目有：防空避難室兼停車空間、供行動不便使用（客、貨梯）、一般昇降機、機車停車空間、無障礙安全梯、排煙室進風、排煙室排煙、垃圾儲存空間、垃圾車臨停車位、消防中繼機房、消防水箱、台電配電場所、自行車停車空間、地下室進風／電力機房、地下進風管道、汽機車車道、停車空間、蓄水池、機電設備空間、電信機房、水景機房、地下室排風機房、消防泵浦室、泵浦室／雨水回收機房／噴灌機房、地下室進風機房、汽車車道、機車車道、緊急發電機房、污水泵浦室、緊急昇降機（客、貨梯）、防災中心、排煙室等３２項。,鋼骨鋼筋混凝土造,110年7月23日,二十四層,,
RPSQMLSKOHLGFAF56CC,32,78.36,住家用,鋼筋混凝土造,82年12月9日,十五層,,
RPSQMLSKOHLGFAF56CC,32,59.97,共有部分,鋼筋混凝土造,82年12月9日,十五層,,
RPSQMLSKOHLGFEF96CC,7,66.11,住家用,鋼筋混凝土造,108年3月6日,二十三層,,
RPSQMLSKOHLGFEF96CC,7,59.13,本共有部分之項目有管委會使用空間、梯廳、中繼機房、自來水箱、電梯機房、樓梯間、緊急昇降機間、排煙室、消防水箱、特別安全梯、停車空間、安全梯、陽台、緊急昇降機、無障礙兼緊急昇降機、公共台電配電室、台電配電室、安全梯間、電氣機房、機房、垃圾儲藏空間、垃圾車停車位、緊急發電機室、大公共棟緊急發電機室、水箱、管道間、昇降機間、電信機房、消防泵浦室、戶外安全梯、昇降機、無障礙昇降機、無障礙樓梯間、防空避難室兼停車空間、溫泉水箱、汙水機房、昇降機無障礙、防災中心、裝卸車位、水表室、受水池等４１項,鋼筋混凝土造,108年3月6日,二十三層,,
RPQQMLSKOHLGFAF98CC,50,24.26,住家用,鋼筋混凝土造,65年7月20日,四層,,
RPTQMLSKOHLGFAF66CC,33,93.66,住家用,鋼筋混凝土造,82年6月10日,十二層,,
RPPPMLSKOHLGFAF78CC,,78.98,住家用,加強磚造,,四層,,
RPTQMLSKOHLGFAF66CC,33,48.54,共有部分,鋼筋混凝土造,82年6月10日,十二層,,
RPOQMLSKOHLGFAF78CC,1,80.44,集合住宅,鋼筋混凝土造,114年7月25日,十四層,,
RPOQMLSKOHLGFAF78CC,1,70.47,本共有部分之項目有行動不便者安全梯丙、無障礙昇降機、梯廳、管委會空間（１）、管委會空間（２）、發電機進風、車道、停車場排風、行動不便者安全梯乙、安全梯甲、緊急昇降機間兼排煙室、緊急升降機、升降機供行動不便者使用、升降機、廁所、管委會空間（３）、停車場進風、排煙室排風、排煙室進風、排煙室、樓梯間、電梯機房、安全梯Ａ、水箱、變電場所、台電配電場所、電梯機坑、電信室、行動不便者安全梯甲、防空避難室兼停車空間、發電機進風、發電機房、發電機排風、垃圾車位、垃圾儲藏室、停車空間、上方機坑、雨水機房、機房（中控室）、消防機房等４０項。,鋼筋混凝土造,114年7月25日,十四層,,
RPQQMLSKOHLGFBF09CC,36,149.42,住家用,鋼筋混凝土造,79年6月23日,五層,,
RPQQMLSKOHLGFBF09CC,36,21.33,共有部分,鋼筋混凝土造,79年6月23日,五層,,
RPSOMLSKOHLGFDF66CC,34,92.15,住家用,鋼筋混凝土造,81年3月5日,六層,,
RPSOMLSKOHLGFDF66CC,34,4.37,共有部分,鋼筋混凝土造,81年3月5日,六層,,
RPSOMLSKOHLGFDF66CC,34,3.06,共有部分,鋼筋混凝土造,81年3月5日,六層,,
RPROMLSKOHLGFDF56CC,27,62.65,商業用,鋼筋混凝土造,87年11月28日,二十三層,,
RPROMLSKOHLGFDF56CC,27,2.23,共有部分,鋼筋混凝土造,87年11月28日,二十四層,,
RPROMLSKOHLGFDF56CC,27,5.48,共有部分,鋼筋混凝土造,87年11月28日,二十四層,,
RPROMLSKOHLGFDF56CC,27,11.43,共有部分,鋼筋混凝土造,87年11月28日,二十三層,,
RPROMLSKOHLGFDF56CC,27,2.00,共有部分,鋼筋混凝土造,87年11月28日,二十三層,,
RPXPMLSKOHLGFBF07CC,1,274.57,店舖,鋼筋混凝土造,114年8月22日,十五層,,
RPXPMLSKOHLGFBF07CC,1,180.92,本共有部分之項目有梯廳兼門廳、排煙室、公共服務空間１（文教）、公共服務空間２（集會）、公共服務空間３（交誼）、梯廳、管委會使用空間１、管委會使用空間２、管委會使用空間３、管委會使用空間４、樓梯間、水表機房、電梯機房、水箱、停車空間、垃圾處理室、台電配電場所、電錶室、行動不便安全梯、緊急發電機室、機房、電信機房、停車空間兼防空避難室、水箱甲、消防泵浦室、陽台等２６項,鋼筋混凝土造,114年8月22日,十五層,,
RPPQMLSKOHLGFBF98CC,29,82.03,住家用,鋼筋混凝土造,86年7月18日,十五層,,
RPPQMLSKOHLGFBF98CC,29,15.41,共有部分,鋼筋混凝土造,86年7月18日,十五層,,
RPPQMLSKOHLGFBF98CC,29,2.51,共有部分,鋼筋混凝土造,86年7月18日,十五層,,
RPPQMLSKOHLGFBF98CC,29,14.61,共有部分,鋼筋混凝土造,86年7月18日,十五層,,
RPQNMLSKOHLGFGF66CC,31,30.18,住家用,鋼筋混凝土造,84年3月15日,十三層,,
RPQNMLSKOHLGFGF66CC,31,7.34,共有部分,鋼筋混凝土造,84年3月15日,十三層,,
RPQNMLSKOHLGFGF66CC,31,2.62,共有部分,鋼筋混凝土造,84年3月15日,十三層,,
RPSNMLSKOHLGFHF96CC,53,13.00,住家用,加強磚造,62年1月9日,二層,,
RPQNMLSKOHLGFHF76CC,53,13.00,住家用,加強磚造,62年1月9日,二層,,
RPOQMLSKOHLGFHF86CC,40,35.33,住家用,鋼筋混凝土造,75年4月24日,五層,,
RPSPMLSKOHLGFHF17CC,45,11.80,住宅、室內停車位,鋼筋混凝土造,70年11月20日,五層,,
RPSQMLSKOHLGFHF27CC,51,63.09,住家用,加強磚造,64年10月13日,三層,,
RPRQMLSKOHLGFHF17CC,46,110.44,住家用,鋼筋混凝土造,69年7月2日,五層,,
RPUQMLSKOHLGFHF47CC,51,63.09,住家用,加強磚造,64年10月13日,三層,,
RPQQMLSKOHLGFHF07CC,30,117.25,住家用,鋼筋混凝土造,85年1月8日,二十三層,,
RPQQMLSKOHLGFHF07CC,30,2.72,共有部分,鋼筋混凝土造,85年1月8日,二十三層,,
RPQQMLSKOHLGFHF07CC,30,9.21,共有部分,鋼筋混凝土造,85年1月8日,地下層,,
RPVQMLSKOHLGFHF57CC,45,49.26,住宅,Ｒ．Ｃ造,70年3月31日,五層,,
RPWQMLSKOHLGFHF67CC,9,52.92,集合住宅,鋼筋混凝土構造,106年8月1日,十五層,,
RPWQMLSKOHLGFHF67CC,9,27.42,本共有部分之項目有：電樓梯間、梯廳、車道、管委會使用空間、安全梯、陽台、雨遮、屋頂突出物（電樓梯間、梯廳、排煙室、緊急發電機室、消防水箱機械室、水箱）、防空避難室兼停車空間、台電配電場所、停車空間、垃圾處理室、電信機房、消防機房、蓄水池、消防泵浦室等１６項。,鋼筋混凝土構造,106年8月1日,十五層,,
RPOPMLSKOHLGFGF66CC,49,44.00,住家用,鋼筋混凝土造,66年5月9日,四層,,
RPWPMLSKOHLGFGF47CC,47,119.00,住家用,鋼筋混凝土造,68年4月1日,五層,,
RPTOMLSKOHLGFIF27CC,32,84.86,住家用,鋼筋混凝土造,83年2月22日,七層,,
RPXPMLSKOHLGFGF57CC,45,20.00,住家用,鋼筋混凝土造,70年4月1日,四層,,
RPTOMLSKOHLGFIF27CC,32,5.11,共有部分,鋼筋混凝土造,83年2月22日,七層,,
RPSPMLSKOHLGFGF07CC,52,66.80,住家用,加強磚造,63年9月14日,三層,,
RPOQMLSKOHLGFGF76CC,25,81.23,住家用,鋼筋混凝土造,90年11月7日,七層,,
RPXQMLSKOHLGFHF77CC,51,69.92,住家用,加強磚造,64年10月23日,四層,,
RPOQMLSKOHLGFGF76CC,25,16.01,共有部分,鋼筋混凝土造,90年11月7日,七層,,
RPOQMLSKOHLGFGF76CC,25,27.64,共有部分,鋼筋混凝土造,90年11月7日,七層,,
RPTOMLRKOHLGFCF56CC,46,82.88,住家用,鋼筋混凝土造,69年3月3日,五層,,
RPTNMLRKOHLGFCF09CC,30,59.86,住家用,鋼筋混凝土造,85年5月14日,十六層,,
RPTNMLRKOHLGFCF09CC,30,34.87,共有部分,鋼筋混凝土造,85年5月14日,十六層,,
RPTNMLRKOHLGFCF09CC,30,16.86,共有部分,鋼筋混凝土造,85年5月14日,十六層,,
RPSOMLQKOHLGFCF98CC,40,13.00,工業用,鋼筋混凝土造,75年10月21日,五層,,
RPQNMLRKOHLGFCF78CC,45,27.58,住商用,鋼筋混凝土造,70年7月10日,五層,,
RPPOMLRKOHLGFCF78CC,40,11.00,工業用,鋼筋混凝土造,75年10月21日,五層,,
RPPNMLTKOHLGFBF78CC,9,34.14,一般事務所,鋼筋混凝土造,106年3月17日,十五層,,
RPPNMLTKOHLGFBF78CC,9,17.20,本共有部分項目有：廊道、門廳、自行車停車空間、梯廳、梯間、水箱、機械室、防空避難室兼停車空間、台電配電場所、垃圾暫存室、垃圾裝卸車位、停車空間、垃圾儲藏室、蓄水池、電信機房、發電機房、消防機房、機房等１８項。,鋼筋混凝土造,106年3月17日,十五層,,
RPQNMLTKOHLGFBF88CC,48,76.81,住家用,鋼筋混凝土造,67年6月27日,四層,,
RPUQMLSKOHLGFAF76CC,5,43.45,集合住宅,鋼筋混凝土造,110年9月1日,十九層,,
RPUQMLSKOHLGFAF76CC,5,44.60,本共有部分項目有：停車空間、無障礙昇降機、一般昇降機、緊急昇降機、Ｃ排煙室、發電機房、下方消防水池、機房、消防機房、汽車坡道、一般安全梯（無障礙）、Ａ排煙室、Ｂ排煙室、水箱Ａ、水箱Ｂ、水箱Ｃ、雨水機房、台電配電場所、防災中心、防空避難室兼停車空間、垃圾車暫停車位、垃圾貯存空間、機車坡道、垃圾暫存室、管委會使用空間（１至８）、特別安全梯、特別安全梯（無障礙）、門廳、排煙室、Ａ梯廳、Ｂ梯廳、Ｃ梯廳、Ａ梯間、Ｂ梯間、Ｃ梯間、消防水箱、自來水水箱、消防中繼機房、梯間、管委會９、電梯機房、電信機房等４２項。,鋼筋混凝土造,110年9月1日,十九層,,
RPSNMLTKOHLGFAF98CC,45,37.03,住家用,鋼筋混凝土造,70年1月17日,四層,,
RPPNMLTKOHLGFAF68CC,52,79.72,住家用,加強磚造,63年10月21日,四層,,
RPPNMLTKOHLGFDF98CC,3,206.44,作業廠房,鋼筋混凝土構造,112年7月19日,六層,,
RPPNMLTKOHLGFDF98CC,3,206.44,作業廠房,鋼筋混凝土構造,112年7月19日,六層,,
RPPNMLTKOHLGFDF98CC,3,206.44,作業廠房,鋼筋混凝土構造,112年7月19日,六層,,
RPPNMLTKOHLGFDF98CC,3,77.04,共有部分，本建物共有部分之項目有：機房等１項。,鋼筋混凝土構造,112年7月19日,六層,,
RPPNMLTKOHLGFDF98CC,3,404.78,共有部分，本建物共有部分之項目有：工廠水箱、消防機房、汙水機房、雨水機房、防空避難室兼停車空間、機房、梯廳、供行動不便安全梯、垃圾儲藏室、停車空間、電信機房、垃圾車裝卸位、電錶室、台電配電室、發電機房、門廳、供管委會使用空間、門廊、水箱等共１９項。,鋼筋混凝土構造,112年7月19日,六層,,
RPQNMLTKOHLGFGF76CC,1,55.37,集合住宅,鋼筋混凝土造,114年5月27日,十三層,,
RPQNMLTKOHLGFGF76CC,1,26.08,本共有部分項目有：梯間、緊急昇降機、排煙室、無障礙昇降機、安全梯、水箱、消防水箱、機械室、梯廳、戶外安全梯、管委會空間、大廳、無障礙廁所、無障礙戶外安全梯、自行車停車空間、陽臺、防空避難室兼停車空間、停車空間等１８項。,鋼筋混凝土造,114年5月27日,十三層,,
RPQNMLTKOHLGFHF86CC,43,16.24,住家用,鋼筋混凝土造,72年8月31日,五層,,
RPQNMLTKOHLGFIF96CC,24,24.13,住家用,鋼筋混凝土造,91年8月1日,十二層,,
RPQNMLTKOHLGFIF96CC,24,7.41,共有部分,鋼筋混凝土造,91年8月1日,十二層,,
RPUNMLTKOHLGFEF96CC,17,37.29,一般服務業,鋼筋混凝土造,97年12月23日,二十四層,,
RPUNMLTKOHLGFEF96CC,17,3.43,一般服務業,鋼筋混凝土造,97年12月23日,二十四層,,
RPUNMLTKOHLGFEF96CC,17,12.99,共有部分,鋼筋混凝土造,97年12月23日,二十四層,,
RPUNMLTKOHLGFEF96CC,17,9.71,共有部分,鋼筋混凝土造,97年12月23日,二十四層,,
RPPNMLTKOHLGFHF76CC,40,17.66,住家用,鋼筋混凝土造,75年4月24日,五層,,
RPPNMLTKOHLGFIF86CC,44,104.76,住家用,鋼筋混凝土造,71年4月28日,五層,,
RPQOMLTKOHLGFIF07CC,44,89.34,住家用,鋼筋混凝土造,71年2月25日,四層,,
RPRNMLTKOHLGFAF88CC,5,41.03,集合住宅,鋼筋混凝土造,110年9月1日,十九層,,
RPRNMLTKOHLGFAF88CC,5,20.18,本共有部分項目有：停車空間、無障礙昇降機、一般昇降機、緊急昇降機、Ｃ排煙室、發電機房、下方消防水池、機房、消防機房、汽車坡道、一般安全梯（無障礙）、Ａ排煙室、Ｂ排煙室、水箱Ａ、水箱Ｂ、水箱Ｃ、雨水機房、台電配電場所、防災中心、防空避難室兼停車空間、垃圾車暫停車位、垃圾貯存空間、機車坡道、垃圾暫存室、管委會使用空間（１至８）、特別安全梯、特別安全梯（無障礙）、門廳、排煙室、Ａ梯廳、Ｂ梯廳、Ｃ梯廳、Ａ梯間、Ｂ梯間、Ｃ梯間、消防水箱、自來水水箱、消防中繼機房、梯間、管委會９、電梯機房、電信機房等４２項。,鋼筋混凝土造,110年9月1日,十九層,,
RPTNMLTKOHLGFGF07CC,46,53.00,住家用,鋼筋混凝土造,69年1月29日,五層,,
RPRNMLTKOHLGFIF07CC,1,57.81,集合住宅,鋼筋混凝土造,114年8月14日,十一層,,
RPRNMLTKOHLGFIF07CC,1,26.96,本共有部分之項目有：一般安全梯、戶外安全梯、無障礙梯、１７人無障礙電梯、梯廳、信箱區、電錶牆、停車空間、進風管道、無障礙廁所、管委會空間（一）、管委會空間（二）、消防水箱、電梯機房、車道、蓄水池、水箱、發電機房、垃圾儲藏空間、梯間、受電箱、電信機房、消防機房、台電配電場所及防空避難室兼停車空間等２５項。,鋼筋混凝土造,114年8月14日,十一層,,
RPQNMLKLOHLGFAF97CC,7,73.42,集合住宅,鋼筋混凝土造,108年8月20日,十九層,,
RPQNMLKLOHLGFAF97CC,7,29.25,共有部分，本共有部分項目：（陽臺、丙梯安全梯、甲梯特別安全梯、無障礙梯、戊梯安全梯、乙梯特別安全梯、丁梯安全梯、梯廳兼排煙室、梯間、排煙室、儲藏室、電氣室、梯廳、安全梯、排煙機房、中繼消防機房、水錶室、電梯機房、機電空間、生活用蓄水池、機車車道、排風機房、油箱室、緊急升降機、電錶室、台電配電室、裝卸區、垃圾儲藏室、垃圾車裝卸車位、泳池機房、熱泵機房、廁所、機房、進風機房、電信室、防空避難室兼停車空間、消防泵浦室、行動不變者使用緊急升降機、外廊）等３９項。,鋼筋混凝土造,108年8月20日,十九層,,
RPQNMLKLOHLGFAF97CC,7,4.44,共有部分，本共有部分項目：（陽臺、游泳池、管委會使用空間）等３項。,鋼筋混凝土造,108年8月20日,十九層,,
RPQNMLKLOHLGFAF97CC,7,25.12,共有部分，本共有部分項目：（陽臺、管委會使用空間、儲藏室、梯廳、客梯、茶水間、廁所）等７項。,鋼筋混凝土造,108年8月20日,十九層,,
RPSNMLKLOHLGFEF58CC,30,45.37,住家用,鋼筋混凝土造,85年11月16日,十六層,,
RPSNMLKLOHLGFEF58CC,30,7.69,共有部分,鋼筋混凝土造,85年11月16日,十六層,,
RPPNMLKLOHLGFEF28CC,28,54.44,住家用,鋼筋混凝土造,87年3月4日,十二層,,
RPSNMLKLOHLGFEF58CC,30,2.70,共有部分,鋼筋混凝土造,85年11月16日,十七層,,
RPPNMLKLOHLGFEF28CC,28,6.61,共有部分,鋼筋混凝土造,87年3月4日,十二層,,
RPSNMLKLOHLGFEF58CC,30,13.18,共有部分,鋼筋混凝土造,85年11月16日,十七層,,
RPPNMLKLOHLGFEF28CC,28,1.19,共有部分,鋼筋混凝土造,87年3月4日,十二層,,
RPPNMLKLOHLGFEF28CC,28,45.92,共有部分,鋼筋混凝土造,87年3月4日,十二層,,
RPRNMLKLOHLGFEF48CC,31,31.19,住家用,鋼筋混凝土造,84年9月13日,十五層,,
RPRNMLKLOHLGFEF48CC,31,1.33,共有部分,鋼筋混凝土造,84年9月13日,十五層,,
RPRNMLKLOHLGFEF48CC,31,2.92,共有部分,鋼筋混凝土造,84年9月13日,十五層,,
RPUNMLKLOHLGFEF78CC,27,115.55,住家用,鋼筋混凝土造,88年7月3日,九層,,
RPUNMLKLOHLGFEF78CC,27,12.54,共有部分,鋼筋混凝土造,88年7月3日,九層,,
RPUNMLKLOHLGFEF78CC,27,34.03,共有部分,鋼筋混凝土造,88年7月3日,九層,,
RPQNMLKLOHLGFEF38CC,28,25.74,住家用,鋼筋混凝土造,87年3月4日,十二層,,
RPQNMLKLOHLGFEF38CC,28,6.61,共有部分,鋼筋混凝土造,87年3月4日,十二層,,
RPQNMLKLOHLGFEF38CC,28,.55,共有部分,鋼筋混凝土造,87年3月4日,十二層,,
RPTNMLKLOHLGFEF68CC,30,79.14,住家用,鋼筋混凝土造,85年4月30日,十二層,,
RPTNMLKLOHLGFEF68CC,30,17.20,共有部分,鋼筋混凝土造,85年4月30日,十二層,,
RPTNMLKLOHLGFEF68CC,30,3.06,共有部分,鋼筋混凝土造,85年4月30日,十二層,,
RPTNMLKLOHLGFEF68CC,30,42.65,共有部分,鋼筋混凝土造,85年4月30日,十二層,,
RPVNMLKLOHLGFEF88CC,13,95.61,住家用,鋼筋混凝土造,102年10月21日,十五層,,
RPVNMLKLOHLGFEF88CC,13,73.86,本共有部分之項目有防空避難室兼停車空間、消防泵浦室、污水機房、機房、中水機房、蓄水池、訪客專用停車位、停車空間、緊急發電機室、水景機房、排煙室兼梯廳、台電配電室、垃圾貯存室、垃圾車專用車位、電信室、陽台、門廳、管委會使用空間、公共使用空間、汽車坡道、梯廳、梯間、機械室、水箱等２４項,鋼筋混凝土造,102年10月21日,十五層,,
RPPOMLKLOHLGFEF38CC,30,75.00,住家用,鋼筋混凝土造,85年2月17日,二十四層,,
RPWNMLKLOHLGFEF98CC,45,75.51,住家用,鋼筋混凝土造,70年3月23日,三層,,
RPPOMLKLOHLGFEF38CC,30,6.85,共有部分,鋼筋混凝土造,85年2月17日,二十四層,,
RPXNMLKLOHLGFEF09CC,45,100.94,住家用,鋼筋混凝土造,70年1月14日,四層,,
RPQOMLKLOHLGFEF48CC,31,103.57,住家用,鋼筋混凝土造,84年8月7日,七層,,
RPQOMLKLOHLGFEF48CC,31,26.86,共有部分,鋼筋混凝土造,84年8月7日,七層,,
RPQOMLKLOHLGFEF48CC,31,5.57,共有部分,鋼筋混凝土造,84年8月7日,七層,,
RPUOMLKLOHLGFEF88CC,18,79.00,住家用,鋼筋混凝土造,97年9月17日,二十層,,
RPUOMLKLOHLGFEF88CC,18,35.39,共有部分,鋼筋混凝土造,97年9月17日,20,,
RPSOMLKLOHLGFEF68CC,11,72.56,住家用,鋼筋混凝土造,104年8月19日,十二層,,
RPSOMLKLOHLGFEF68CC,11,16.79,本共有部分之項目有：梯廳、梯間、機房、水箱等４項,鋼筋混凝土造,104年8月19日,十二層,,
RPSOMLKLOHLGFEF68CC,11,46.81,本共有部份項目有：管委會、空橋、樓電梯間、車道、機車停車場、防空避難室兼停車空間、台電配電場所、行動不便者停車位、停獎專用梯、垃圾儲藏空間、垃圾車停空間、設備機房、停車空間、電信室、台電專用管道、電梯機坑、發電機室、電梯間、水箱、消防幫浦室等２０項,鋼筋混凝土造,104年8月19日,十五層,,
RPVOMLKLOHLGFEF98CC,1,59.56,集合住宅,鋼筋混凝土構造、鋼骨鋼筋混凝土構造,114年7月11日,十一層,,
RPVOMLKLOHLGFEF98CC,1,29.74,本共有部分之項目有：陽台、汽車坡道、梯廳、無障礙昇降機１５人、昇降機１２人、戶外安全梯Ａ（無障礙）、戶外安全梯Ｂ、安全梯Ｃ（無障礙）、停車空間、管委會使用空間、廁所、樓電梯間、水箱、消防水箱、樓梯間、安全梯Ａ、電梯機房、防空避難室兼停車空間、台電配電場所、通風機房、Ｂ戶外安全梯、無障礙通路、機房一、機房二、電信室、梯間、停車空間、發電機室、消防機房等２９項。,鋼筋混凝土構造、鋼骨鋼筋混凝土構造,114年7月11日,十一層,,
RPWOMLKLOHLGFEF09CC,28,26.12,住家用,鋼筋混凝土造,87年3月4日,十二層,,
RPWOMLKLOHLGFEF09CC,28,6.61,共有部分,鋼筋混凝土造,87年3月4日,十二層,,
RPWOMLKLOHLGFEF09CC,28,.60,共有部分,鋼筋混凝土造,87年3月4日,十二層,,
RPXOMLKLOHLGFEF56CC,28,25.93,住家用,鋼筋混凝土造,87年3月4日,十二層,,
RPXOMLKLOHLGFEF56CC,28,6.61,共有部分,鋼筋混凝土造,87年3月4日,十二層,,
RPXOMLKLOHLGFEF56CC,28,.55,共有部分,鋼筋混凝土造,87年3月4日,十二層,,
RPVNMLKLOHLGFIF66CC,,128.21,住家用,鋼筋混凝土造,,四層,,
RPPNMLKLOHLGFGF48CC,50,22.20,住家用,鋼筋混凝土造,65年1月27日,四層,,
RPVNMLKLOHLGFHF56CC,45,42.40,住家用,鋼筋混凝土造,70年1月30日,五層,,
RPTNMLKLOHLGFHF98CC,41,20.70,住家用,鋼筋混凝土造,74年3月1日,五層,,
RPPNMLKLOHLGFHF58CC,4,61.44,集合住宅,鋼筋混凝土構造,111年2月22日,十八層,,
RPPNMLKLOHLGFHF58CC,4,30.40,本共有部分項目有排煙室兼梯廳、甲梯、升降機、排煙室、梯廳、無障礙廁所、管委員使用空間、陽台、乙梯、騎樓、消防水箱、水箱（Ａ）、水箱（Ｂ）、電梯機房、垃圾集中場、發電機房、防災中心、電信機房、機械室、防空避難室兼停車空間、台電配電場所、停車空間、消防機房、丙梯共２４項。,鋼筋混凝土構造,111年2月22日,十八層,,
RPQNMLKLOHLGFHF68CC,43,16.24,住家用,鋼筋混凝土造,72年8月31日,五層,,
RPRNMLLLOHLGFHF88CC,49,20.70,住家用,鋼筋混凝土造,66年10月22日,四層,,
RPVNMLLLOHLGFEF98CC,2,78.58,集合住宅,鋼筋混凝土造,113年11月5日,十五層,,
RPVNMLLLOHLGFEF98CC,2,23.61,本共有部分之項目有：管委會空間（一）、管委會空間（二）、管委會空間（三）、管委會空間（四）、管委會空間（五）、車道、戶外安全梯、無障礙樓梯、無障礙昇降機、緊急升降機、排煙室、梯廳、騎樓、停車空間、台電配電場所、發電機室、電信機房、安全梯、垃圾及資源回收室、垃圾車停車位、機房、防空避難室兼停車空間、雨水機房、消防機房、水箱等２５項。,鋼筋混凝土造,113年11月5日,十五層,,
RPVNMLLLOHLGFEF98CC,2,16.69,本共有部分之項目有：戶外安全梯、無障礙樓梯、無障礙昇降機、緊急升降機、排煙室、梯廳、梯間、消防水箱、水箱、電梯機械室等１０項。,鋼筋混凝土造,113年11月5日,十五層,,
RPTNMLLLOHLGFHF09CC,28,9.95,住家用,鋼筋混凝土造,86年12月17日,七層,,
RPVNMLLLOHLGFHF66CC,28,16.53,住家用,鋼筋混凝土造,86年12月17日,七層,,
RPXOMLLLOHLGFHF96CC,43,16.24,住家用,鋼筋混凝土造,72年8月31日,五層,,
RPOPMLLLOHLGFHF78CC,43,16.24,住家用,鋼筋混凝土造,72年8月31日,五層,,
RPWOMLLLOHLGFHF86CC,41,11.11,店舖、住宅、室內停車位,鋼筋混凝土造,74年3月1日,五層,,
RPUNMLLLOHLGFHF56CC,28,9.92,住家用,鋼筋混凝土造,86年12月17日,七層,,
RPOPMLKLOHLGFEF38CC,30,25.61,住家用,鋼筋混凝土造,85年11月16日,十六層,,
RPOPMLKLOHLGFEF38CC,30,4.75,共有部分,鋼筋混凝土造,85年11月16日,十六層,,
RPOPMLKLOHLGFEF38CC,30,1.56,共有部分,鋼筋混凝土造,85年11月16日,十七層,,
RPOPMLKLOHLGFEF38CC,30,10.93,共有部分,鋼筋混凝土造,85年11月16日,十七層,,
RPPPMLLLOHLGFHF88CC,43,16.24,住家用,鋼筋混凝土造,72年8月31日,五層,,
RPPNMLLLOHLGFIF78CC,,25.50,住家用,加強磚造,,三層,,
RPUNMLLLOHLGFEF88CC,8,62.06,住家用,鋼筋混凝土造,106年12月29日,二十七層,,
RPUNMLLLOHLGFEF88CC,8,28.75,本共有部分項目：騎樓、接待大廳、梯廳、管委會使用空間、排煙室、陽台、緩衝空間６＊１２、人行通廊、走道、防災中心、商業管委會使用空間、女廁、男廁、男按摩池、女按摩池、男更衣室、女更衣室、樓梯間、機房、機械室、水箱、中繼消防水箱、泵浦區、中繼消防機房、Ｂ梯廳排煙室、Ｂ棟電錶室、昇降機坑、排風機房、電信室（Ａ）、台電配電室（Ｄ）、受電箱通道、Ｈ梯廳排煙室、Ｈ棟電錶室、停車空間、Ｉ棟電錶室、Ｉ梯廳排煙室、電信室（Ｂ）、儲油室、緊急發電機室（Ｂ）（兼大公變電室）、台電配電室（Ｃ）、Ｆ棟電錶室、Ｆ梯廳排煙室、消防中繼水箱、消防中繼機房（兼揚水泵浦機房）、游泳池專用水箱－１、游泳池專用水箱－２、Ｅ梯廳排煙室、Ｅ棟電錶室、Ａ梯廳排煙室、Ａ棟電錶室、緊急發電機室（Ａ）（兼大公變電室）、垃圾儲藏室、游泳池機房、車道、防空避難室兼停車空間、排風管道、進風管道、Ｃ梯廳排煙室、Ｃ棟電錶室、台電配電室（Ｂ）、Ｄ梯廳排煙室、Ｄ棟電錶室、Ａ棟小公變電室、Ｈ棟小公變電室、Ｉ棟小公變電室、Ｅ棟水箱－１、Ｅ棟小公變電室、Ｄ棟水箱－１、Ｃ棟小公變電室、Ｄ棟小公變電室、Ｂ棟小公變電室、Ｅ棟水箱－２、Ｄ棟水箱－２、Ｆ棟小公變電室、Ａ棟水箱、Ｂ棟水箱、共同泵浦區、Ｈ棟水箱、Ｉ棟水箱、消防泵浦室、雨水過濾機房、Ｆ棟水箱、Ｃ棟水箱、住宅臨停車位１～５４、商業臨停車位１～２０、裝卸車位１～３、＃３、＃６、＃９、＃１２、＃１５、＃１８、＃２１、＃２４緊急昇降機（行動不便者電梯）、安全梯（Ｃ）、安全梯（Ｂ）、垃圾車位、機車停車空間、安全梯（Ａ）、特別安全梯（Ａ）、特別安全梯（Ｂ）、ａ梯、ｂ梯、ｃ梯、台電配電室（Ａ）、＃２５昇降機、＃２６昇降機等１０７項。,鋼筋混凝土造,106年12月29日,二十七層,,
RPPOMLMLOHLGFAF18CC,,87.45,住家用,鋼筋混凝土造,,五層,,
RPUNMLMLOHLGFCF78CC,32,79.18,住家用,鋼筋混凝土造,83年11月24日,十六層,,
RPUNMLMLOHLGFCF78CC,32,5.57,共有部分,鋼筋混凝土造,83年11月24日,十六層,,
RPQNMLMLOHLGFCF38CC,32,30.07,住家用,鋼筋混凝土造,83年8月10日,七層,,
RPQNMLMLOHLGFCF38CC,32,9.14,共有部分,鋼筋混凝土造,83年8月10日,七層,,
RPQNMLMLOHLGFCF38CC,32,4.19,共有部分,鋼筋混凝土造,83年8月10日,七層,,
RPUOMLMLOHLGFCF88CC,45,106.54,住家用,鋼筋混凝土造,70年1月19日,五層,,
RPSOMLMLOHLGFCF68CC,3,5.07,集合住宅,鋼筋混凝土構造,112年6月27日,十五層,,
RPROMLMLOHLGFCF58CC,,14.79,住家用,加強磚造,,四層,,
RPUNMLMLOHLGFDF88CC,34,38.08,住家用,鋼筋混凝土造,81年7月3日,十層,,
RPUNMLMLOHLGFDF88CC,34,4.26,共有部分,鋼筋混凝土造,81年7月3日,十層,,
RPUNMLMLOHLGFDF88CC,34,5.39,共有部分,鋼筋混凝土造,81年7月3日,十層,,
RPXNMLMLOHLGFHF96CC,53,83.22,住家用,加強磚造,61年12月6日,四層,,
RPSOMLMLOHLGFBF58CC,32,89.06,住家用,鋼筋混凝土造,83年3月19日,七層,,
RPSOMLMLOHLGFBF58CC,32,26.46,共有部分,鋼筋混凝土造,83年3月19日,七層,,
RPVSMLMLOHLGFBF66CC,9,34.32,一般事務所,鋼筋混凝土造,106年3月17日,十五層,,
RPVSMLMLOHLGFBF66CC,9,17.29,本共有部分項目有：廊道、門廳、自行車停車空間、梯廳、梯間、水箱、機械室、防空避難室兼停車空間、台電配電場所、垃圾暫存室、垃圾裝卸車位、停車空間、垃圾儲藏室、蓄水池、電信機房、發電機房、消防機房、機房等１８項。,鋼筋混凝土造,106年3月17日,十五層,,
RPOOMLMLOHLGFDF38CC,12,35.53,本共有部分之項目有接駁車等候區、特別安全梯排煙室、梯廳、緊急升降機間排煙室、污排水、梯間、廊道、走廊、電扶梯、風除室、空調主機房、低壓集中錶箱、電梯機房、信箱間、空調機房、清潔室、男廁、女廁、高層樓門廳、空調補給水箱、自來水蓄水池、陽台、排煙機房及空調機房、機房、汽車專用道、貨車車道、機車專用道、油槽室、發電機房、排氣管道、進氣管道、台電配電室、公共區變電室、電信機房、變電室走廊、往車站月台、防災中心辦公室、防災中心、電氣機房、排氣機房、管道間、進氣機房、貨車垃圾車專用道、貨車專用道、電氣室、垃圾間、冰水污排水、管委會使用空間、停車場管理室、管理員室、台電專用管道、電梯機坑、污水機房、雲端資訊機房、雨水處理機房及噴灌機房、消防泵浦室等５６項。,鋼骨構造,103年10月13日,三十七層,,
RPOOMLMLOHLGFDF38CC,12,14.15,本共有部分之項目有裝卸位編號（５～３６、４９～５８、６１～８２、８６～８８）、儲藏室、管委會使用空間、男廁、女廁、走廊、機車停車區、機車專用道、管理員室等９項。,鋼骨構造,103年10月13日,三十七層,,
RPOOMLMLOHLGFDF38CC,12,113.99,本共有部分之項目有電梯機坑、空調機房及管道、梯廳、消防水池、消防泵浦室、特別安全梯排煙室、貨梯廳、電氣室、緊急升降機間排煙室、垃圾間、低壓集中錶箱、茶水間、男廁、女廁、走廊、客梯廳、電梯機房、自來水中間水箱、陽台、消防水箱、消防中間機房、新鮮空氣引進機房、自來水蓄水池、排氣機房、電信機房、儲藏室、台電配電室、機房、走道、排煙室、蓄水池、水箱室、變電室、垃圾集中室、自設變電站、蓄水池、泵浦室等３７項。,鋼骨構造,103年10月13日,三十七層,,
RPOOMLMLOHLGFDF38CC,12,269.01,一般事務所,鋼骨構造,103年10月13日,三十七層,,
RPTNMLMLOHLGFEF88CC,9,43.20,住家用,鋼筋混凝土造,106年10月26日,二十層,,
RPTNMLMLOHLGFEF88CC,9,23.16,本共有部分之項目有梯廳（排煙室）、走廊、廁所（１）、廚房、Ａ３戶商業區停等空間、餐飲場所、廁所（２）、Ｃ１戶商業區停等空間、陽台、梯廳、車道、儲藏室、門廊、廁所、男廁、茶水間、女廁、排煙室、水表區、電錶區、溫泉中繼水箱、中繼水房、中繼水箱、消防中繼水箱、中繼機房（１）、中繼機房（２）、機械房（１）、機械房（２）、機械房（３）、機械房（４）、機械房、水箱、台電配電室（１）、受電室、Ａ棟電錶室、機房、ＳＰＡ池過濾機房、機車停車空間、ＳＰＡ池、浴廁、Ｂ棟電錶室、Ｃ棟電錶室、台電配電室（２）、排風機房、發電機房、電錶室、景觀水池機房、進風機房、Ａ棟垃圾暫存空間、游泳池、機房兼進風機房、停車空間、Ｂ棟垃圾暫存空間、Ｃ棟垃圾暫存空間、過濾機房、垃圾資源回收集中場、垃圾車暫停車位、變電室、防空避難室兼停車空間、電信機房、Ａ棟水箱、Ｂ棟水箱、Ｃ棟水箱、消防機房、泵浦機房、雨水過濾機房、溫泉機房等６６項,鋼筋混凝土造,106年10月26日,二十九層,,
RPPOMLMLOHLGFHF88CC,46,87.23,住家用,鋼筋混凝土造,69年3月31日,五層,,
RPPOMLMLOHLGFIF98CC,45,91.32,住家用,鋼筋混凝土造,70年10月17日,四層,,
RPTOMLMLOHLGFHF66CC,46,84.69,住家用,鋼筋混凝土造,69年5月16日,五層,,
RPVPMLMLOHLGFGF86CC,40,60.28,住家用,鋼筋混凝土造,75年10月13日,五層,,
RPQQMLMLOHLGFEF88CC,15,62.69,住家用,鋼筋混凝土造,100年11月3日,十一層,,
RPQQMLMLOHLGFEF88CC,15,27.32,本案共有部分項目有停車空間、樓電梯間、電信機房、台電配電場所、垃圾車停車位、垃圾儲存空間、防空避難室兼停車空間、水箱、污水機房、Ａ２梯、消防機房、緊急發電機室、機房、公共服務空間、車道、走廊、迴廊、管理員室、管委會使用空間、陽台、門廳、電梯機房、公共服務空間、儲藏室等２４項,鋼筋混凝土造,100年11月3日,十一層,,
RPTNMLMLOHLGFIF66CC,3,51.17,店舖,鋼筋混凝土造,112年5月26日,九層,,
RPVOMLMLOHLGFIF96CC,,81.32,住家用,鋼筋混凝土造,,五層,,
RPVPMLNLOHLGFBF09CC,39,76.35,住家用,鋼筋混凝土造,76年1月10日,五層,,
RPTPMLNLOHLGFBF88CC,12,86.12,集合住宅,鋼筋混凝土造,103年1月29日,十五層,,
RPTPMLNLOHLGFBF88CC,12,62.99,本成果表共有部分之用途有，管委會使用空間，管理員室，車道，自行車停車空間，停車空間，電梯間，垃圾儲藏室，台電配電場所，水箱，電信機房，發電機房，消防機房，梯間，樓梯間，電梯機房，等１５項。,鋼筋混凝土造,103年1月29日,十五層,,
RPPNMLNLOHLGFCF38CC,53,77.88,住家用,鋼筋混凝土造,62年10月2日,四層,,
RPUNMLNLOHLGFCF88CC,17,.40,共有部分,鋼筋混凝土造,98年5月13日,七層,,
RPUNMLNLOHLGFCF88CC,17,73.29,住家用,鋼筋混凝土造,98年5月20日,十二層,,
RPUNMLNLOHLGFCF88CC,17,16.11,共有部分,鋼筋混凝土造,98年5月20日,十二層,,
RPUNMLNLOHLGFCF88CC,17,.61,共有部分,鋼筋混凝土造,98年5月20日,十二層,,
RPUNMLNLOHLGFCF88CC,17,5.32,共有部分,鋼筋混凝土造,98年5月20日,十二層,,
RPVNMLNLOHLGFCF98CC,47,135.52,住家用,加強磚造,68年2月27日,二層,,
RPTNMLNLOHLGFDF88CC,26,95.38,住家用,鋼筋混凝土造,88年12月2日,二十八層,,
RPTNMLNLOHLGFDF88CC,26,6.60,共有部分,鋼筋混凝土造,88年12月2日,二十八層,,
RPTNMLNLOHLGFDF88CC,26,20.57,共有部分,鋼筋混凝土造,88年12月2日,二十八層,,
RPSNMLKLOHLGFBF28CC,27,86.12,住家用,鋼筋混凝土造,88年11月23日,九層,,
RPSNMLKLOHLGFBF28CC,27,19.58,共有部分,鋼筋混凝土造,88年11月23日,九層,,
RPSNMLKLOHLGFBF28CC,27,12.92,共有部分,鋼筋混凝土造,88年11月23日,九層,,
RPQOMLTKOHLGFBF98CC,25,134.60,住家用,鋼筋混凝土造,90年11月16日,十二層,,
RPQOMLTKOHLGFBF98CC,25,19.43,共有部分,鋼筋混凝土造,90年11月16日,十二層,,
RPQOMLTKOHLGFBF98CC,25,21.92,共有部分,鋼筋混凝土造,90年11月16日,十二層,,
RPPOMLMLOHLGFBF28CC,32,96.64,住家用,鋼筋混凝土造,83年3月19日,七層,,
RPPOMLMLOHLGFBF28CC,32,29.79,共有部分,鋼筋混凝土造,83年3月19日,七層,,
RPPNMLKLOHLGFBF97CC,46,90.64,住家用,鋼筋混凝土造,69年11月22日,五層,,
RPUNMLNLOHLGFDF98CC,26,65.72,住家用,鋼筋混凝土造,88年12月2日,十六層,,
RPUNMLNLOHLGFDF98CC,26,4.57,共有部分,鋼筋混凝土造,88年12月2日,二十八層,,
RPVPMLNLOHLGFEF76CC,7,42.05,集合住宅,鋼筋混凝土造,108年8月22日,二十九層,,
RPUNMLNLOHLGFDF98CC,26,13.71,共有部分,鋼筋混凝土造,88年12月2日,二十八層,,
RPUNMLTKOHLGFBF66CC,31,91.23,住家用,鋼筋混凝土造,83年12月7日,七層,,
RPVPMLNLOHLGFEF76CC,7,45.35,共有部分，本共有部分之項目有梯廳、排煙室、Ａ棟弱電管道室、ＡＢ棟公共樓梯、Ｄ棟弱電管道室、ＣＤ棟公共樓梯、頂蓋式通廊、防災中心、管委會使用空間、機房、泳池機房、男更衣室、女更衣室、烤箱、蒸氣室、兒童戲水區、長泳區、湯池、看台區、宅配室、儲藏室、電管道室、電錶室、水消撒管道室、水錶室、通道、機械室、消防中繼機房、消防中繼水箱、樓梯間、自來水箱、消防專用屋頂水箱暨中繼水箱、排氣機房、台電配電室、受電箱通道、小公變電室、電信室、消防水箱、緊急發電機房兼大公變電室、電表室、儲油間、排風管道、垃圾儲藏室、排風機房、進氣機房、防空避難室兼停車空間、噴泉池機房、泵浦區、騎樓、陽台、雨遮、游泳池專用水箱、機電設備空間、停車空間、進風機房、Ａ棟水箱、Ｄ棟水箱、雨水過濾機房、Ｂ棟水箱、Ｃ棟水箱、消防泵浦機房等６１項,鋼筋混凝土造,108年8月22日,二十九層,,
RPUNMLTKOHLGFBF66CC,31,29.62,共有部分,鋼筋混凝土造,83年12月7日,七層,,
RPSNMLTKOHLGFBF09CC,17,33.96,住家用,鋼筋混凝土造,97年11月28日,十五層,,
RPSNMLTKOHLGFBF09CC,17,6.65,共有部分,鋼筋混凝土造,97年11月28日,十五層,,
RPSNMLTKOHLGFBF09CC,17,10.78,共有部分,鋼筋混凝土造,97年11月28日,十五層,,
RPTNMLTKOHLGFBF56CC,34,55.45,住家用,鋼筋混凝土造,81年8月26日,七層,,
RPTNMLTKOHLGFBF56CC,34,4.67,共有部分,鋼筋混凝土造,81年8月26日,七層,,
RPRNMLMLOHLGFBF38CC,53,14.19,住家用,加強磚造,62年9月20日,四層,,
RPPOMLTKOHLGFBF88CC,30,75.66,住家用,鋼筋混凝土造,84年12月4日,十一層,,
RPPOMLTKOHLGFBF88CC,30,53.63,共有部分,鋼筋混凝土造,84年12月4日,十二層,,
RPTNMLKLOHLGFBF38CC,50,59.09,住家用,加強磚造,65年6月4日,四層,,
RPOOMLTKOHLGFBF78CC,46,80.91,住家用,鋼筋混凝土造,69年2月13日,五層,,
RPUNMLNLOHLGFIF86CC,29,28.68,住家用,鋼筋混凝土造,86年2月3日,十一層,,
RPUNMLNLOHLGFIF86CC,29,5.29,共有部分,鋼筋混凝土造,86年2月3日,十一層,,
RPWOMLNLOHLGFHF07CC,47,84.80,住家用,鋼筋混凝土造,67年12月3日,五層,,
RPVNMLNLOHLGFIF96CC,6,82.62,集合住宅,鋼筋混凝土造,109年8月21日,十五層,,
RPVNMLNLOHLGFIF96CC,6,71.67,本共有部分之項目有管委會使用空間Ａ、管委會使用空間Ｂ、管委會使用空間Ｃ、戶外安全梯、排煙室、無障礙昇降機、緊急昇降機、無障礙戶外安全梯、廊道、梯廳、陽台、汽車坡道、機車坡道、梯間、水表室、水箱、機械室、發電機室、機車停車空間、防空避難室兼停車空間、垃圾車專用車位、垃圾室、無障礙安全梯、自行車停車空間、台電配電場所、電信機房、停車空間、汙水機房、消防泵浦室等２９項。,鋼筋混凝土造,109年8月21日,十五層,,
RPSPMLNLOHLGFHF76CC,9,25.87,集合住宅,鋼筋混凝土構造,106年8月8日,十二層,,
RPSPMLNLOHLGFHF76CC,9,9.93,共有部分；本共有部分項目有：電樓梯間、停車空間、社區交誼廳、管理員室、屋頂突出物（電樓梯間、機械室、水箱）、水箱、電信機房、受電箱、台電配電場所、防空避難室兼停車空間、消防機房、發電機房等１２項。,鋼筋混凝土構造,106年8月8日,十二層,,
RPRNMLOLOHLGFDF78CC,32,39.66,工商用,鋼造,83年3月30日,二十一層,,
RPVOMLNLOHLGFGF86CC,26,23.80,住家用,鋼筋混凝土造,89年3月17日,十三層,,
RPVOMLNLOHLGFGF86CC,26,6.35,共有部分,鋼筋混凝土造,89年3月17日,十三層,,
RPUNMLOLOHLGFCF98CC,40,136.35,工業用,鋼筋混凝土造,75年1月18日,五層,,
RPRPMLOLOHLGFGF66CC,49,44.00,住家用,鋼筋混凝土造,66年5月9日,四層,,
RPUNMLOLOHLGFCF98CC,40,9.41,共有部分,鋼筋混凝土造,75年1月18日,五層,,
RPPPMLNLOHLGFGF98CC,40,102.62,住家用,鋼筋混凝土造,75年6月20日,五層,,
RPRPMLNLOHLGFGF56CC,39,21.10,住家用,鋼筋混凝土造,76年4月13日,五層,,
RPSPMLOLOHLGFGF76CC,45,85.00,住家用,鋼筋混凝土造,70年6月12日,四層,,
RPQPMLOLOHLGFGF56CC,41,18.97,住家用,鋼筋混凝土造,74年11月9日,五層,,
RPWNMLNLOHLGFCF09CC,10,70.40,工商服務業（工商服務及展覽業）,鋼筋混凝土構造,105年4月6日,十四層,,
RPXOMLOLOHLGFHF27CC,48,19.65,住家用,鋼筋混凝土造,67年9月27日,五層,,
RPWNMLNLOHLGFCF09CC,10,15.90,本共有部分項目計有：梯廳、排煙室、緊急昇降機、供行動不便者使用電梯、水箱、機械室等共計６項。,鋼筋混凝土構造,105年4月6日,十四層,,
RPWNMLNLOHLGFCF09CC,10,4.53,本共有部分項目計有：汽車停車位、機車位、自行車位等共３項。,鋼筋混凝土構造,105年4月6日,三層,,
RPWNMLNLOHLGFCF09CC,10,51.76,本共有部分項目計有：發電機房、梯間、水箱、汙水處理池、消防機房、停車空間、電信機房、垃圾儲藏室、汙水機房、資源回收空間、台電配電場所、垃圾儲藏室、防空避難室兼停車空間、梯廳、排煙室、緊急昇降機、供行動不便者使用電梯、管委會空間、自行車空間等共計１９項。,鋼筋混凝土構造,105年4月6日,十四層,,
RPTPMLOLOHLGFHF96CC,44,40.14,住家用,鋼筋混凝土造,70年12月29日,五層,,
RPVPMLOLOHLGFEF86CC,7,56.06,集合住宅,鋼筋混凝土造,108年8月22日,二十九層,,
RPVPMLOLOHLGFEF86CC,7,25.87,共有部分，本共有部分之項目有梯廳、排煙室、Ａ棟弱電管道室、ＡＢ棟公共樓梯、Ｄ棟弱電管道室、ＣＤ棟公共樓梯、頂蓋式通廊、防災中心、管委會使用空間、機房、泳池機房、男更衣室、女更衣室、烤箱、蒸氣室、兒童戲水區、長泳區、湯池、看台區、宅配室、儲藏室、電管道室、電錶室、水消撒管道室、水錶室、通道、機械室、消防中繼機房、消防中繼水箱、樓梯間、自來水箱、消防專用屋頂水箱暨中繼水箱、排氣機房、台電配電室、受電箱通道、小公變電室、電信室、消防水箱、緊急發電機房兼大公變電室、電表室、儲油間、排風管道、垃圾儲藏室、排風機房、進氣機房、防空避難室兼停車空間、噴泉池機房、泵浦區、騎樓、陽台、雨遮、游泳池專用水箱、機電設備空間、停車空間、進風機房、Ａ棟水箱、Ｄ棟水箱、雨水過濾機房、Ｂ棟水箱、Ｃ棟水箱、消防泵浦機房等６１項,鋼筋混凝土造,108年8月22日,二十九層,,
RPSQMLPLOHLGFAF98CC,,99.69,住家用,加強磚造,,四層,,
RPSQMLPLOHLGFAF98CC,,129.15,住家用,加強磚造,,四層,,
RPWQMLPLOHLGFAF76CC,39,88.27,住家用,鋼筋混凝土造,76年4月11日,五層,,
RPUOMLOLOHLGFIF07CC,45,75.92,住家用,鋼筋混凝土造,70年3月28日,五層,,
RPSOMLOLOHLGFIF86CC,32,73.28,住家用,鋼筋混凝土造,83年7月1日,十三層,,
RPSOMLOLOHLGFIF86CC,32,19.96,共有部分,鋼筋混凝土造,83年7月1日,,,
RPSOMLOLOHLGFIF86CC,32,3.99,共有部分,鋼筋混凝土造,83年7月1日,十三層,,
RPVOMLOLOHLGFIF17CC,46,74.76,住家用,鋼筋混凝土造,69年5月22日,四層,,
RPPOMLOLOHLGFIF56CC,29,28.87,住家用,鋼筋混凝土造,86年4月21日,十層,,
RPPOMLOLOHLGFIF56CC,29,80.54,共有部分,鋼筋混凝土造,86年4月21日,十層,,
RPPOMLOLOHLGFIF56CC,29,3.94,共有部分,鋼筋混凝土造,86年4月21日,十層,,
RPTOMLOLOHLGFIF96CC,19,104.02,住家用,鋼筋混凝土造,96年3月2日,十三層,,
RPTOMLOLOHLGFIF96CC,19,18.85,共有部分,鋼筋混凝土造,96年3月2日,十三層,,
RPTOMLOLOHLGFIF96CC,19,23.93,共有部分,鋼筋混凝土造,96年3月2日,十三層,,
RPSNMLPLOHLGFCF88CC,45,90.92,住家用,加強磚造,70年5月19日,二層,,
RPWNMLPLOHLGFDF76CC,3,38.85,集合住宅,鋼筋混凝土構造,111年12月23日,十一層,,
RPWNMLPLOHLGFDF76CC,3,55.75,共有部分，本共有部分項目有：排煙室、走廊１、梯廳、管委會使用空間、機械室、水箱、梯間、管委會使用空間１、管委會使用空間２、管委會使用空間３、宅配室、郵箱區、陽台、停車空間、機車道、防空避難室兼停車空間、電信機房、垃圾冷藏櫃、資源回收室、裝卸位、台電配電場所、發電機房、機械室３、給水機械室、消防泵浦室、雨水回收池、污水處理設備、一般昇降機、緊急昇降機無障礙電梯、無障礙戶外安全梯Ａ、戶外安全梯Ｂ、室內安全梯Ｄ、無障礙室內安全梯Ｃ等３３項。,鋼筋混凝土構造,111年12月23日,十一層,,
RPWNMLPLOHLGFBF56CC,11,139.36,事務所及工商服務業,鋼筋混凝土造,104年11月5日,七層,,
RPWNMLPLOHLGFBF56CC,11,48.31,本共有部分之項目有：門廳、昇降機、梯間、管委會使用空間、水箱、電梯機房、電信室、台電受電場所、汽車昇降機機械室、消防水池、發電機房等１１項。,鋼筋混凝土造,104年11月5日,七層,,
RPPOMLPLOHLGFGF09CC,39,141.12,住家用,鋼筋混凝土造,75年12月17日,五層,,
RPTPMLPLOHLGFGF96CC,42,30.83,住家用,鋼筋混凝土造,73年4月17日,五層,,
RPUPMLPLOHLGFGF07CC,44,78.57,住家用,鋼筋混凝土造,71年2月20日,五層,,
RPUNMLPLOHLGFDF56CC,42,85.87,農舍,鋼筋混凝土造,73年2月24日,三層,,
RPWOMLPLOHLGFBF66CC,3,42.21,集合住宅,鋼筋混凝土造,112年9月23日,二十四層,,
RPWOMLPLOHLGFBF66CC,3,93.06,本共有部分之項目有特別安全梯、陽台、無障礙樓梯、一般安全梯、排煙室、公服空間、梯廳、管委會空間、緩衝空間、梯間、水箱、消防機房、消防水箱、停車空間、垃圾車停車位、裝卸車位、垃圾儲藏室、防災中心、消防中繼機房、電信機房、電梯機房、緊急發電機房、台電配電場所、無障礙昇降機、緊急昇降機等２５項,鋼筋混凝土造,112年9月23日,二十四層,,
RPVPMLPLOHLGFBF66CC,11,97.12,集合住宅,鋼筋混凝土造,104年9月18日,五層,,
RPVPMLPLOHLGFBF66CC,11,24.26,本共有部分之項目有梯廳、安全梯、電梯、機電室、雨遮、樓梯間、機械室、水箱等８項。,鋼筋混凝土造,104年9月18日,五層,,
RPVPMLPLOHLGFBF66CC,11,34.54,本共有部分之項目有停車空間、車道等２項。,鋼筋混凝土造,104年9月18日,五層,,
RPWPMLPLOHLGFBF76CC,20,102.60,住家用,鋼筋混凝土造,95年6月5日,十三層,,
RPWPMLPLOHLGFBF76CC,20,35.44,共有部分,鋼筋混凝土造,95年6月5日,十三層,,
RPOPMLPLOHLGFBF58CC,39,16.30,住家用,鋼筋混凝土造,76年3月26日,四層,,
RPVPMLPLOHLGFGF17CC,51,87.12,住家用,加強磚造,64年5月3日,四層,,
RPUPMLPLOHLGFBF56CC,30,34.24,住家用,鋼筋混凝土造,85年7月18日,十二層,,
RPUPMLPLOHLGFBF56CC,30,2.85,共有部分,鋼筋混凝土造,85年7月18日,十二層,,
RPUNMLQLOHLGFCF56CC,37,112.42,住家用,鋼筋混凝土造,78年8月1日,五層,,
RPUNMLQLOHLGFCF56CC,37,11.94,共有部分,鋼筋混凝土造,78年8月1日,五層,,
RPPOMLPLOHLGFHF56CC,42,103.71,住家用,鋼筋混凝土造,73年8月14日,五層,,
RPUNMLPLOHLGFIF07CC,20,26.38,住家用,鋼筋混凝土造,95年1月23日,十五層,,
RPUNMLPLOHLGFIF07CC,20,10.92,共有部分,鋼筋混凝土造,95年1月23日,十五層,,
RPUNMLPLOHLGFIF07CC,20,1.87,共有部分,鋼筋混凝土造,95年1月23日,十五層,,
RPUNMLPLOHLGFIF07CC,20,4.04,共有部分,鋼筋混凝土造,95年1月23日,十五層,,
RPSOMLPLOHLGFHF86CC,21,69.19,住家用,鋼筋混凝土造,94年4月26日,十四層,,
RPSOMLPLOHLGFHF86CC,21,29.20,共有部分,鋼筋混凝土造,94年4月26日,十四層,,
RPRNMLQLOHLGFDF98CC,46,85.02,住家用,鋼筋混凝土造,69年3月20日,四層,,
RPPOMLQLOHLGFGF56CC,47,50.00,住家用,鋼筋混凝土造,68年3月20日,四層,,
RPQNMLRLOHLGFHF76CC,51,144.94,住家用,加強磚造,64年1月16日,二層,,
RPPQMLQLOHLGFEF56CC,29,84.90,住家用,鋼筋混凝土造,86年4月10日,九層,,
RPPQMLQLOHLGFEF56CC,29,12.72,共有部分,鋼筋混凝土造,86年4月10日,九層,,
RPPQMLQLOHLGFEF56CC,29,28.41,共有部分,鋼筋混凝土造,86年4月10日,九層,,
RPTPMLPLOHLGFEF76CC,11,70.50,住家用,鋼筋混凝土造,104年10月1日,十三層,,
RPTPMLPLOHLGFEF76CC,11,64.43,本共有部分之項目有：管委會空間、門廳、梯廳、排煙室、騎樓、梯間、台電配電場所、電信機房、垃圾暫存室、防空避難室兼停車空間、蓄水池、車道、停車空間、發電機室、水箱、機械室等１６項,鋼筋混凝土造,104年10月1日,十三層,,
RPOQMLTLOHLGFHF07CC,40,13.00,住家用,鋼筋混凝土造,75年10月8日,五層,,
RPPQMLTLOHLGFHF17CC,40,14.00,住家用,鋼筋混凝土造,75年10月8日,五層,,
RPQQMLTLOHLGFHF27CC,40,13.00,住家用,鋼筋混凝土造,75年10月8日,五層,,
RPQPMLTLOHLGFGF07CC,57,23.03,住家用,加強磚造,58年9月9日,二層,,
RPSNMLMJPHLGFCF48CC,,10.96,住家用,鋼筋混凝土造,,四層,,
RPVPMLOLOHLGFAF09CC,,94.24,住家用,鋼筋混凝土造,,五層,,
RPSNMLOLOHLGFAF58CC,3,34.48,集合住宅,鋼骨鋼筋混凝土造,112年9月8日,十九層,,
RPSNMLOLOHLGFAF58CC,3,3.19,本共有部分項目有：地下室排風機房、消防泵浦室、住宅車道、公共使用蓄水池、地下室進風機房、無障礙停車位、停車空間、車道、住宅用途車道、防空避難室兼停車空間、住宅用途汽車車道、住宅用途機車車道、商業用途車道、發電機室、防災中心、商業用途機車道、地下室進風口、地下室排風口、緩衝空間、陽台、無障礙通路、商業用途汽車車道等２２項。,鋼骨鋼筋混凝土造,112年9月8日,十九層,,
RPSNMLOLOHLGFAF58CC,3,4.48,本共有部分項目有：住宅用途垃圾暫存空間、防空避難室兼停車空間、台電配電場所Ａ、台電配電場所Ｂ、台電配電場所Ｃ、陽台、儲藏室、住宅門廳、管理員室、機電設備空間、男廁、女廁、雨遮、管委會使用空間、梯廳、游泳池、游泳池蓄水池等１７項。,鋼骨鋼筋混凝土造,112年9月8日,十九層,,
RPSNMLOLOHLGFAF58CC,3,9.93,本共有部分項目有：ＣＤ棟蓄水池、緊急昇降機、Ｃ棟排煙室、Ｄ棟排煙室、無障礙樓梯、住宅安全梯、特安梯、無障礙安全梯、住宅無障礙特安梯、無障礙特安梯、住宅特安梯、機電設備空間（中繼消防機房）、梯廳、排煙室、無障礙昇降機、機電設備空間、男廁、女廁、水錶室、機械室、樓梯間、蓄水池等２２項。,鋼骨鋼筋混凝土造,112年9月8日,十九層,,
RPTPMLNLOHLGFAF78CC,56,67.33,住家用,加強磚造,59年8月4日,三層,,
RPUPMLOLOHLGFAF98CC,,61.10,住家用,加強磚造,,四層,,
RPWPMLNLOHLGFAF09CC,48,79.07,住家用,鋼筋混凝土造,67年10月19日,五層,,
RPTQMLMLOHLGFAF78CC,,77.90,住家用,鋼筋混凝土造,,七層,,
RPTQMLMLOHLGFAF78CC,,13.20,共有部分,鋼筋混凝土造,,七層,,
RPTQMLMLOHLGFAF78CC,,3.99,共有部分,鋼筋混凝土造,,七層,,
