編號,屋齡,建物移轉面積平方公尺,主要用途,主要建材,建築完成日期,總層數,建物分層,移轉情形
The serial number,room age,building shifting area square meter,the main use,main building materials,construction completes the date,total layer,building lamination,
RPTNMLPJOHLGFIF66DA,44,83.96,住家用,鋼筋混凝土造,70年12月30日,四層,三層 陽台,全筆移轉
RPXSMLRKOHLGFAF07DA,4,59.38,一般事務所,鋼筋混凝土造,111年8月10日,十七層,十五層 陽台,全筆移轉
RPXSMLRKOHLGFAF07DA,4,24.36,本共有部分項目有：供行動不便者之梯Ａ３梯（安全梯）、Ａ棟排煙室、行動不便電梯、緊急昇降機、水箱、Ａ棟－１水箱、Ａ棟－２水箱、Ａ棟－３水箱、Ａ棟－４水箱、Ａ１梯特別安全梯、商用Ａ棟排煙室、Ａ２梯特別安全梯、門廊３、Ａ棟梯廳、排煙室、供行動不便者之梯、機房、電梯機房、中繼水箱、消防水箱等２０項,鋼筋混凝土造,111年8月10日,十七層,,持分移轉
RPXSMLRKOHLGFAF07DA,4,48.67,本共有部分項目有：防空避難室兼停車空間、進風管道、排風管道、停車空間、廁所、機車道、汽車道、垃圾貯藏空間、發電機房、垃圾車停車區、裝卸車位、管委會空間、台電配電場所、容移回饋空間３、容移回饋空間２、容移回饋空間１、高層建築出入口緩衝空間、消防機房、電信機房、梯廳（商業門廳）、門廊２、梯廳（住宅門廳）、門廳１、門廳２、防災中心、門廊１、發電機進風、發電機排風等２８項,鋼筋混凝土造,111年8月10日,十九層,,持分移轉
RPPOMLSKOHLGFEF98DA,3,.01,一般事務所,鋼筋混凝土造,112年7月27日,二十三層,二層,持分移轉
RPPOMLSKOHLGFEF98DA,3,52.87,集合住宅,鋼筋混凝土造,112年7月27日,二十三層,十六層 陽台,全筆移轉
RPPOMLSKOHLGFEF98DA,3,17.01,本案共有部分項目有：排煙室、梯廳、Ｊ排煙室、Ｊ水箱、梯間、噴灌機房、機房、消防水箱、消防中繼機械室、電梯機房、水箱等１１項,鋼筋混凝土造,112年7月27日,二十三層,,持分移轉
RPPOMLSKOHLGFEF98DA,3,.00,本案共有部分項目有：排煙室、空調機房、梯廳、Ｋ１水箱、Ｋ２水箱、梯間、噴灌機房、機房、消防水箱、消防中繼機械室、電梯機房、水箱等１２項,鋼筋混凝土造,112年7月27日,二十三層,,持分移轉
RPPOMLSKOHLGFEF98DA,3,.39,本案共有部分項目有：共同梯廳等１項,鋼筋混凝土造,112年7月27日,二十三層,,持分移轉
RPPOMLSKOHLGFEF98DA,3,.00,本案共有部分項目有：共同梯廳等１項,鋼筋混凝土造,112年7月27日,二十三層,,持分移轉
RPPOMLSKOHLGFEF98DA,3,.00,本案共有部分項目有：騎樓、Ｋ１通廊、迴廊、Ａ１通廊、門廳（一）、防災中心、門廳（二）、Ｅ１通廊、Ｆ１通廊、Ｇ１通廊、Ｈ１通廊、Ｉ１管委會使用空間、Ｂ１管委會使用空間、Ｌ１管委會使用空間、Ａ１管委會使用空間、儲藏室、Ｋ２管委會使用空間、Ｋ１管委會使用空間、通廊、陽台、空調機房、Ｈ１管委會使用空間、Ｈ２管委會使用空間、Ｇ１管委會使用空間、Ｆ３管委會使用空間、Ｆ１管委會使用空間、Ｆ２管委會使用空間、Ｅ１管委會使用空間、Ｅ２管委會使用空間、Ｃ１管委會使用空間、台電配電場所、停車空間、發電機室、梯間、垃圾儲藏室－０１、垃圾儲藏室－０２、受水池、機房、中繼水箱、電信室、防空避難室兼停車空間、雨水回收機房、消防機房、景觀機房等４４項,鋼筋混凝土造,112年7月29日,二十三層,,持分移轉
RPPOMLSKOHLGFEF98DA,3,9.81,本案共有部分項目有：騎樓、Ｋ１通廊、迴廊、Ａ１通廊、門廳（一）、防災中心、門廳（二）、Ｅ１通廊、Ｆ１通廊、Ｇ１通廊、Ｈ１通廊、Ｉ１管委會使用空間、Ｂ１管委會使用空間、Ｌ１管委會使用空間、Ａ１管委會使用空間、儲藏室、Ｋ２管委會使用空間、Ｋ１管委會使用空間、通廊、陽台、空調機房、Ｈ１管委會使用空間、Ｈ２管委會使用空間、Ｇ１管委會使用空間、Ｆ３管委會使用空間、Ｆ１管委會使用空間、Ｆ２管委會使用空間、Ｅ１管委會使用空間、Ｅ２管委會使用空間、Ｃ１管委會使用空間、台電配電場所、停車空間、發電機室、梯間、垃圾儲藏室－０１、垃圾儲藏室－０２、受水池、機房、中繼水箱、電信室、防空避難室兼停車空間、雨水回收機房、消防機房、景觀機房等４４項,鋼筋混凝土造,112年7月29日,二十三層,,持分移轉
RPWOMLQKOHLGFAF09DA,,114.33,住家用,加強磚造,,三層,一層 二層 三層 陽台 平台,持分移轉
RPQNMLPKOHLGFCF58EA,51,14.15,住家用,鋼筋混凝土造,64年5月2日,四層,一層 二層 騎樓,持分移轉
RPSQMLQKOHLGFBF98DA,20,88.40,住家用,鋼筋混凝土造,95年7月5日,十二層,九層 陽台 雨遮,全筆移轉
RPSQMLQKOHLGFBF98DA,20,50.07,共有部分,鋼筋混凝土造,95年7月5日,十二層,,持分移轉
RPSQMLQKOHLGFBF98DA,20,12.71,共有部分,鋼筋混凝土造,95年7月5日,十二層,,持分移轉
RPROMLTJOHLGFBF88DA,,49.04,集合住宅,鋼筋混凝土造,114年12月18日,十五層,十層 陽台,全筆移轉
RPROMLTJOHLGFBF88DA,,50.73,本共有部分之項目有車道、梯廳、戶外安全梯、排煙室、管委會使用空間、機房、自來水箱、電梯機房、停車空間、電信機房、水箱、發電機房、垃圾儲藏室、裝卸（垃圾）車位、台電配電場所、受電箱、無障礙安全梯、消防機房等１８項,鋼筋混凝土造,114年12月18日,十五層,,持分移轉
RPUOMLTJOHLGFBF56DA,,49.03,集合住宅,鋼筋混凝土造,114年12月18日,十五層,十層 陽台,全筆移轉
RPUOMLTJOHLGFBF56DA,,50.72,本共有部分之項目有車道、梯廳、戶外安全梯、排煙室、管委會使用空間、機房、自來水箱、電梯機房、停車空間、電信機房、水箱、發電機房、垃圾儲藏室、裝卸（垃圾）車位、台電配電場所、受電箱、無障礙安全梯、消防機房等１８項,鋼筋混凝土造,114年12月18日,十五層,,持分移轉
RPTNMLLKOHLGFBF28DA,5,2065.11,一般零售業、一般事務所,鋼筋混凝土造,110年2月9日,十九層,一層 二層 三層 陽台,全筆移轉
RPTNMLLKOHLGFBF28DA,5,1985.85,本共有部分之項目住宅梯廳、排煙室、防災中心、宅配室、梯廳、管委會使用空間、電錶室、機房、水錶室、機械室、水箱、消防水箱、停車空間、發電機房、台電配電場所、垃圾資源回收空間、垃圾車暫停車位、台電管道間、電信機房、公共水箱、消防幫浦室、陽台等２２項。,鋼筋混凝土造,110年2月9日,十九層,,持分移轉
RPRNMLQKOHLGFBF68EA,8,9.68,辦公室（廳）,鋼骨鋼筋混凝土造,107年5月24日,二十七層,五層 陽台 雨遮,持分移轉
RPRNMLQKOHLGFBF68EA,8,12.65,本共有部分項目有消防泵浦室、蓄水池、裝卸車停車位、計程車停車位、垃圾車暫停車位、自行車停車區、停車空間兼防空避難室、垃圾處理儲藏室、機車停車區、防災中心、電錶箱、電信室、發電機室、受電箱、台電配電室、陽台、梯廳、頂蓋型開放空間（廣場式）、頂蓋型開放空間（沿街式）、門廳、６＊１２Ｍ出入口緩衝空間、中繼水箱、消防水箱、消防機房、緊急升降機電梯機房、水箱、梯間、停車空間等二十八項。,鋼骨鋼筋混凝土造,107年5月24日,二十七層,,持分移轉
RPRNMLQKOHLGFBF68EA,8,.28,本共有部分項目有男廁、女廁等二項。,鋼骨鋼筋混凝土造,107年5月24日,二十七層,,持分移轉
RPQPMLKKOHLGFBF08DA,44,56.41,住家用,鋼筋混凝土造,71年8月18日,五層,一層 平台,全筆移轉
RPQOMLRKOHLGFHF76EA,34,149.95,住家用,鋼筋混凝土造,81年10月19日,十二層,八層 陽台 花台,全筆移轉
RPQOMLRKOHLGFHF76EA,34,7.01,共有部分,鋼筋混凝土造,81年10月19日,十二層,,持分移轉
RPVNMLMLOHLGFHF76EA,27,19.70,辦公室,鋼筋混凝土造,88年11月22日,九層,八層 陽台,持分移轉
RPVNMLMLOHLGFHF76EA,27,4.37,共有部分,鋼筋混凝土造,88年11月22日,九層,,持分移轉
RPVNMLMLOHLGFHF76EA,27,4.88,共有部分,鋼筋混凝土造,88年11月22日,九層,,持分移轉
RPXPMLMLOHLGFBF09DA,16,119.36,集合住宅,鋼筋混凝土造,99年3月17日,十四層,十層 陽台,全筆移轉
RPXPMLMLOHLGFBF09DA,16,19.61,本共有部分之項目有樓梯間、機械室、水箱等３項,鋼筋混凝土造,99年3月17日,十四層,,持分移轉
RPRNMLRKOHLGFEF98DA,30,22.23,住家用,鋼筋混凝土造,85年11月16日,十六層,十三層 陽台,全筆移轉
RPRNMLRKOHLGFEF98DA,30,4.13,共有部分,鋼筋混凝土造,85年11月16日,十六層,,持分移轉
RPRNMLRKOHLGFEF98DA,30,1.33,共有部分,鋼筋混凝土造,85年11月16日,十七層,,持分移轉
RPRNMLRKOHLGFEF98DA,30,10.58,共有部分,鋼筋混凝土造,85年11月16日,十七層,,持分移轉
RPSOMLQKOHLGFGF66DA,29,82.25,共有部分,鋼筋混凝土造,86年5月24日,九層,,持分移轉
RPQNMLRKOHLGFGF09DA,27,128.80,住家用,鋼筋混凝土造,88年3月13日,九層,五層 陽台,全筆移轉
RPQNMLRKOHLGFGF09DA,27,40.55,停車空間,鋼筋混凝土造,88年3月13日,九層,地下一層,持分移轉
RPQNMLRKOHLGFGF09DA,27,21.91,共有部分,鋼筋混凝土造,88年3月13日,九層,,持分移轉
RPQNMLRKOHLGFGF09DA,27,6.17,共有部分,鋼筋混凝土造,88年3月13日,九層,,持分移轉
RPPNMLRKOHLGFDF68DA,31,.12,住家用,鋼筋混凝土造,84年1月26日,二十四層,十四層 陽台,持分移轉
RPPNMLRKOHLGFDF68DA,31,.01,共有部分,鋼筋混凝土造,84年1月26日,二十五層,,持分移轉
RPPNMLRKOHLGFDF68DA,31,.00,共有部分,鋼筋混凝土造,84年1月26日,二十五層,,持分移轉
RPPNMLRKOHLGFDF68DA,31,2.60,停車空間,鋼筋混凝土造,84年1月26日,二十四層,,持分移轉
RPROMLRLNHLGFAF78EA,39,51.16,住家用,鋼筋混凝土造,76年11月2日,五層,二層 陽台,持分移轉
RPWSMLRKOHLGFAF96DA,1,57.19,集合住宅,鋼筋混凝土造,114年4月28日,十五層,七層 陽台,全筆移轉
RPWSMLRKOHLGFAF96DA,1,52.55,本共有部分之項目有甲１戶外安全梯（無障礙樓梯）、甲２戶外安全梯、甲１無障礙昇降機、甲２緊急昇降機、甲排煙室、管委員會使用空間（一）、管委員會使用空間（二）、管委員會使用空間、梯廳（一）、乙排煙室、乙１戶外安全梯（無障礙樓梯）、乙２戶外安全梯、乙１無障礙昇降機、乙２緊急昇降機、管委員會使用空間（三）、管委員會使用空間（四）、梯廳（二）、丙排煙室、丙１戶外安全梯（無障礙樓梯）、丙２戶外安全梯、丙１無障礙昇降機、丙２緊急昇降機、甲梯廳、乙梯廳、丙梯廳、甲４安全梯、機電設備空間（水錶區）、甲梯間、乙４安全梯、乙梯間、丙４安全梯、丙梯間、甲３安全梯、消防水塔、水箱ａ３、乙３安全梯、水箱ｂ２、丙３安全梯、水箱ｃ２、甲機械室、乙機械室、丙機械室、台電配電場所（一）、排煙、進風、停車空間、機電設備空間（垃圾儲藏室）、機電設備空間（發電機房）、排風、乙３安全梯（無障礙樓梯）、台電配電場所（二）、水箱ｃ１、機電設備空間（電信機房）、機電設備空間（智能機房）、水箱ａ２、水箱ａ１、機電設備空間（消防泵浦機房）、防空避難室兼停車空間、機電設備空間（污水／雨水回收／噴灌機房）、水箱ｂ１、垃圾車位（裝卸車位）等６１項。,鋼筋混凝土造,114年4月28日,十五層,,持分移轉
RPTPMLRLNHLGFAF98DA,2,132.22,集合住宅,鋼骨鋼筋混凝土造,113年2月7日,二十六層,十七層 陽台 雨遮,全筆移轉
RPTPMLRLNHLGFAF98DA,2,125.91,本共有部分項目有：停車空間兼防空避難室、緊急昇降機、排煙室、無障礙昇降機、消防機房、水箱、安全梯Ａ３（無障礙）、停車空間、電信機房、台電配電場所、緊急發電機房、消防機房、垃圾貯存空間、防災中心、垃圾儲藏室、梯廳、機房、管委會使用空間１、管委會使用空間２、管委會使用空間３、電梯機房、緩衝空間、車道、特別安全梯Ａ１、特別安全梯Ａ２、特別安全梯Ａ２（無障礙）、陽台、水表機房、梯間、消防水箱、水箱１、水箱２等３２項。,鋼骨鋼筋混凝土造,113年2月7日,二十六層,,持分移轉
RPTNMLLJOHLGFAF08DA,2,132.22,集合住宅,鋼骨鋼筋混凝土造,113年2月7日,二十六層,十七層 陽台 雨遮,全筆移轉
RPTNMLLJOHLGFAF08DA,2,125.91,本共有部分項目有：停車空間兼防空避難室、緊急昇降機、排煙室、無障礙昇降機、消防機房、水箱、安全梯Ａ３（無障礙）、停車空間、電信機房、台電配電場所、緊急發電機房、消防機房、垃圾貯存空間、防災中心、垃圾儲藏室、梯廳、機房、管委會使用空間１、管委會使用空間２、管委會使用空間３、電梯機房、緩衝空間、車道、特別安全梯Ａ１、特別安全梯Ａ２、特別安全梯Ａ２（無障礙）、陽台、水表機房、梯間、消防水箱、水箱１、水箱２等３２項。,鋼骨鋼筋混凝土造,113年2月7日,二十六層,,持分移轉
RPQOMLRKOHLGFCF78DA,31,48.80,住家用,鋼筋混凝土造,84年10月14日,十六層,三層 陽台 花台,全筆移轉
RPQOMLRKOHLGFCF78DA,31,2.86,見使用執照,鋼筋混凝土造,84年10月14日,十六層,,持分移轉
RPQOMLRKOHLGFCF78DA,31,2.55,見使用執照,鋼筋混凝土造,84年10月14日,十六層,,持分移轉
RPQOMLRKOHLGFCF78DA,31,7.84,見使用執照,鋼筋混凝土造,84年10月14日,十六層,,持分移轉
RPPNMLPKOHLGFCF38DA,13,105.39,住家用,鋼筋混凝土造,102年8月29日,二十七層,四層 陽台 雨遮,全筆移轉
RPPNMLPKOHLGFCF38DA,13,1.94,本共有部分有車道等一項。,鋼筋混凝土造,102年8月29日,二十七層,,持分移轉
RPPNMLPKOHLGFCF38DA,13,66.90,共有部分項目有：梯廳、梯廳兼排煙室、電樓梯間、走廊兼梯廳、特別安全梯、戶外安全梯、防災中心、管委會空間、通廊、陽台、雨遮、中繼機房、中繼水箱、中繼電信室、消防機房、消防水箱、水表室、電錶牆、電氣管道、機房、電梯機房、水箱、緊急發電機房、電信機房、台電配電場所、裝卸空間、進氣機房、垃圾暫存、溫泉蓄水池、游泳池過濾機房、停車兼防空避難空間、車道、公共水箱、蓄水池、雨水回收機房、消防幫浦機房、停車空間、入口緩衝空間、副控機房、安全梯、排氣機房、排煙室、排風機房、進風機房、垃圾儲藏空間等４５項。,鋼筋混凝土造,102年8月29日,二十七層,,持分移轉
RPRNMLPKOHLGFCF58DA,31,22.81,見使用執照,鋼筋混凝土造,84年5月13日,二十一層,地下四層 地下五層,持分移轉
RPWNMLNLOHLGFBF98EA,7,71.29,集合住宅,鋼筋混凝土造,108年6月27日,十五層,四層 陽台 雨遮,全筆移轉
RPWNMLNLOHLGFBF98EA,7,71.17,本共有部分項目有汽機車坡道、公共服務空間１、公共服務空間２、公共服務空間３、大廳、安全梯（無障礙）、戶外安全梯、安全梯、戶外安全梯（無障礙）、Ａ梯排煙室、Ｂ梯排煙室、Ｃ梯排煙室、Ａ梯間、Ｂ梯間、Ｃ梯間、Ａ梯廳、Ｂ梯廳、Ｃ梯廳、緊急昇降機、無障礙昇降機、緊急昇降機（無障礙）、門廳、消防專用屋頂水箱、電梯機房、自來水箱、陽台、排煙室、電信機房、噴灌機房、垃圾貯存空間、垃圾裝卸車位、防空避難室兼停車空間、台電配電場所通道、台電配電場所、受電箱、無障礙車位、汽車坡道、停車空間、發電機房、機房、消防機房、污水機房、Ａ水箱、Ｂ水箱、Ｃ水箱等４５項。,鋼筋混凝土造,108年6月27日,十五層,,持分移轉
RPPOMLNLOHLGFBF28DA,,53.40,事務所及工商服務業,鋼筋混凝土造,115年2月13日,十五層,六層 陽台,全筆移轉
RPPOMLNLOHLGFBF28DA,,55.00,本共有部分之項目有梯廳、管理委員會使用空間、發電機室、排煙室、車道、無障礙廁所、樓電梯間、水表區、消防專用水箱、機械室、樓梯間、水箱、停車空間、台電管道間１、台電管道間２、垃圾冷藏機房、電信室、水箱（一）、水箱（二）、消防機房、陽台等２１項,鋼筋混凝土造,115年2月13日,十五層,,持分移轉
RPRNMLMLOHLGFAF18DA,,61.10,住家用,加強磚造,,四層,三層,全筆移轉
RPSNMLSJOHLGFAF68DA,2,56.12,集合住宅,鋼筋混凝土造,112年12月21日,十四層,三層 陽台,全筆移轉
RPSNMLSJOHLGFAF68DA,2,44.59,共有部分；本共有部分項目：停車空間、消防泵浦機房、蓄水池、無障礙客梯、梯廳、無障礙安全梯Ｃ、Ｃ無障礙安全梯、電信機房、垃圾車專用車位、防空避難室兼停車空間、住戶Ａ電表箱、緊急發電機房、無障礙專用、台電配電場所、門廊、緊急昇降機、排煙室（梯廳）、管委會使用空間、戶外安全梯Ａ無障礙、陽台、戶外安全梯Ｂ、走廊、排煙室、無障礙戶外安全梯Ａ、消防水箱、機房、電梯機房、屋頂水箱、戶外安全梯Ａ等２９項,鋼筋混凝土造,112年12月21日,十四層,,持分移轉
RPRNMLQKOHLGFBF58DA,,53.00,住家用,土造,10年0月0日,一層,一層,全筆移轉
RPXQMLPJOHLGFBF66DA,9,82.36,集合住宅,鋼筋混凝土造,106年11月22日,二十一層,十三層 陽台 雨遮,全筆移轉
RPXQMLPJOHLGFBF66DA,9,31.05,本共有部分之項目有門廊、防災中心、排煙室、樓電梯間、樓梯間、梯廳、高層緩衝空間、發電機室、中繼機房、陽台、雨遮、管委會使用空間、梯廳兼排煙室、機械室、水箱共等１５項。,鋼筋混凝土造,106年11月22日,二十一層,,持分移轉
RPXQMLPJOHLGFBF66DA,9,38.41,本共有部分之項目有車道、停車空間、樓電梯間、排煙室、樓梯間、台電配電場所、垃圾室、電信室、蓄水池、排風機房等１０項。,鋼筋混凝土造,106年11月22日,二十一層,,持分移轉
RPRNMLKKOHLGFDF18DA,31,52.77,住家用,鋼筋混凝土造,84年1月26日,二十四層,十四層 陽台,全筆移轉
RPRNMLKKOHLGFDF18DA,31,2.11,共有部分,鋼筋混凝土造,84年1月26日,二十六層,,持分移轉
RPRNMLKKOHLGFDF18DA,31,2.41,共有部分,鋼筋混凝土造,84年1月26日,二十六層,,持分移轉
RPRNMLKKOHLGFDF18DA,31,33.84,見使用執照,鋼筋混凝土造,84年1月26日,二十四層,地下二層,持分移轉
RPXNMLSKOHLGFEF07DA,,34.41,集合住宅,鋼筋混凝土造,115年1月8日,十層,七層 陽台,全筆移轉
RPXNMLSKOHLGFEF07DA,,16.46,本共有部分項目有：Ｃ棟自來水箱、Ｄ棟自來水箱、Ｅ棟自來水箱、Ｆ棟自來水箱、Ｃ區停車空間、Ｄ區停車空間、Ｅ區停車空間、Ｆ區停車空間、停車進氣機房、停車排氣機房、排煙室、電氣機房Ａ、電氣機房Ｂ、電氣機房Ｃ、消防幫浦機房、電表箱室、受電室、台電配電室Ａ、台電配電室Ｂ、行動通訊改善、垃圾暫存室、發電機房、電信室、機車停車空間、汽車車道、機車車道、儲藏室、管理委員會使用空間、公設－水療池、機械室、水箱、陽台、樓梯、雨水回收機房、梯廳Ｃ甲樓梯戶外安全梯、Ｃ乙樓梯無障礙安全梯、Ｄ甲樓梯戶外安全梯、Ｄ乙樓梯無障礙安全梯、Ｅ甲樓梯戶外安全梯、Ｅ乙樓梯無障礙安全梯、Ｆ甲樓梯戶外安全梯、Ｆ乙樓梯無障礙安全梯、Ｆ丁樓梯無障礙安全梯、進氣管道、排氣管道、戊樓梯、廁所、男廁、女廁、玄關、無障礙廁所、一般客用升降機、緊急兼無障礙升降機、管理委員會使用空間（警衛室）等５５項。,鋼筋混凝土造,115年1月8日,十三層,,持分移轉
RPPNMLSKOHLGFDF88EA,28,42.08,停車空間,鋼筋混凝土造,86年12月10日,十七層,地下六層,持分移轉
RPPPMLRLNHLGFAF68EA,1,49.50,集合住宅,鋼筋混凝土造,114年7月16日,十四層,三層 陽台,全筆移轉
RPPPMLRLNHLGFAF68EA,1,22.45,本共有部分項目內容有：停車空間、客貨兩用昇降機機道、車道、汽車昇降機機道、管道間、門廊、無障礙昇降機、梯廳、Ａ安全梯（無障礙）、Ｂ安全梯、樓梯間、升降機機道、機房、水箱、安全梯、電梯機房、發電機房、Ｃ安全梯、防空避難室兼停車空間、電信室、台電配電場所、機電機房、油壓機房（機車）、消防機房、全自動機械停車、倉儲式機械停車空間等２６項。,鋼筋混凝土造,114年7月16日,十四層,,持分移轉
RPPNMLMLOHLGFAF08EA,50,12.53,住家用,加強磚造,65年1月16日,四層,四層,全筆移轉
RPWPMLOLOHLGFBF56DA,,65.33,集合住宅,鋼筋混凝土造,114年12月18日,十五層,九層 陽台,全筆移轉
RPWPMLOLOHLGFBF56DA,,59.31,本共有部分之項目有車道、梯廳、戶外安全梯、排煙室、管委會使用空間、機房、自來水箱、電梯機房、停車空間、電信機房、水箱、發電機房、垃圾儲藏室、裝卸（垃圾）車位、台電配電場所、受電箱、無障礙安全梯、消防機房等１８項,鋼筋混凝土造,114年12月18日,十五層,,持分移轉
RPOQMLOLOHLGFBF48DA,,65.33,集合住宅,鋼筋混凝土造,114年12月18日,十五層,七層 陽台,全筆移轉
RPOQMLOLOHLGFBF48DA,,59.31,本共有部分之項目有車道、梯廳、戶外安全梯、排煙室、管委會使用空間、機房、自來水箱、電梯機房、停車空間、電信機房、水箱、發電機房、垃圾儲藏室、裝卸（垃圾）車位、台電配電場所、受電箱、無障礙安全梯、消防機房等１８項,鋼筋混凝土造,114年12月18日,十五層,,持分移轉
RPPTMLOLOHLGFBF88DA,12,257.53,一般零售或服務業,鋼筋混凝土造,103年1月28日,二十七層,一層 二層 陽台,全筆移轉
RPPTMLOLOHLGFBF88DA,12,44.90,本共有部份之項目有：梯廳、排煙室、消防水箱、中繼機房、樓梯間、機械室、水箱、陽台等８項。,鋼筋混凝土造,103年1月28日,二十七層,,持分移轉
RPPTMLOLOHLGFBF88DA,12,114.79,本共有部份之項目有：梯廳、防災中心、門廊、緩衝空間、排煙室、管委會使用空間、陽台、裝飾柱、機電空間、女廁、男廁、游泳室、ＳＰＡ池、儲藏室、電錶室、水池機房、電信室、供公眾使用停車空間、受電箱、台電配電場所、垃圾室、垃圾車位、發電機室、蓄水池、停車空間、公設蓄水池、消防泵浦室、污水機房、機械室等２９項。,鋼筋混凝土造,103年1月28日,二十七層,,持分移轉
RPQNMLPLOHLGFEF88EA,8,81.30,住家用,鋼筋混凝土造,106年12月29日,二十七層,十八層 陽台 雨遮,全筆移轉
RPQNMLPLOHLGFEF88EA,8,68.54,本共有部分項目：騎樓、接待大廳、梯廳、管委會使用空間、排煙室、陽台、緩衝空間６＊１２、人行通廊、走道、防災中心、商業管委會使用空間、女廁、男廁、男按摩池、女按摩池、男更衣室、女更衣室、樓梯間、機房、機械室、水箱、中繼消防水箱、泵浦區、中繼消防機房、Ｂ梯廳排煙室、Ｂ棟電錶室、昇降機坑、排風機房、電信室（Ａ）、台電配電室（Ｄ）、受電箱通道、Ｈ梯廳排煙室、Ｈ棟電錶室、停車空間、Ｉ棟電錶室、Ｉ梯廳排煙室、電信室（Ｂ）、儲油室、緊急發電機室（Ｂ）（兼大公變電室）、台電配電室（Ｃ）、Ｆ棟電錶室、Ｆ梯廳排煙室、消防中繼水箱、消防中繼機房（兼揚水泵浦機房）、游泳池專用水箱－１、游泳池專用水箱－２、Ｅ梯廳排煙室、Ｅ棟電錶室、Ａ梯廳排煙室、Ａ棟電錶室、緊急發電機室（Ａ）（兼大公變電室）、垃圾儲藏室、游泳池機房、車道、防空避難室兼停車空間、排風管道、進風管道、Ｃ梯廳排煙室、Ｃ棟電錶室、台電配電室（Ｂ）、Ｄ梯廳排煙室、Ｄ棟電錶室、Ａ棟小公變電室、Ｈ棟小公變電室、Ｉ棟小公變電室、Ｅ棟水箱－１、Ｅ棟小公變電室、Ｄ棟水箱－１、Ｃ棟小公變電室、Ｄ棟小公變電室、Ｂ棟小公變電室、Ｅ棟水箱－２、Ｄ棟水箱－２、Ｆ棟小公變電室、Ａ棟水箱、Ｂ棟水箱、共同泵浦區、Ｈ棟水箱、Ｉ棟水箱、消防泵浦室、雨水過濾機房、Ｆ棟水箱、Ｃ棟水箱、住宅臨停車位１～５４、商業臨停車位１～２０、裝卸車位１～３、＃３、＃６、＃９、＃１２、＃１５、＃１８、＃２１、＃２４緊急昇降機（行動不便者電梯）、安全梯（Ｃ）、安全梯（Ｂ）、垃圾車位、機車停車空間、安全梯（Ａ）、特別安全梯（Ａ）、特別安全梯（Ｂ）、ａ梯、ｂ梯、ｃ梯、台電配電室（Ａ）、＃２５昇降機、＃２６昇降機等１０７項。,鋼筋混凝土造,106年12月29日,二十七層,,持分移轉
RPROMLRKOHLGFDF98DA,47,80.75,住家用,鋼筋混凝土造,68年11月22日,四層,二層 陽台,全筆移轉
RPXNMLMLOHLGFCF98DA,8,38.09,本建號共有部分項目有梯廳、管委會空間、陽台、樓電梯間、電梯機房、水箱、電信室、台電配電場所、車道、緊急發電機室、機械室、防空避難室兼停車空間、蓄水池、消防泵浦室、停車空間等１５項。,鋼筋混凝土構造,107年2月22日,六層,,持分移轉
RPQNMLOLOHLGFDF58DA,46,52.20,住家用,鋼筋混凝土造,69年6月27日,四層,一層 平台,全筆移轉
RPQOMLSJOHLGFCF78DA,2,73.30,集合住宅,鋼筋混凝土構造,113年9月4日,十四層,十三層 陽台,全筆移轉
RPQOMLSJOHLGFCF78DA,2,53.62,管委會使用空間、緊急升降機、無障礙電梯、無障礙戶外安全梯、排煙室、梯廳、戶外安全梯、機房、消防水箱、水錶室、水箱、電梯機房、電錶室、發電機房、電信機房、垃圾儲藏室、垃圾車位、台電配電場所、防空避難室兼停車空間、無障礙安全梯、停車空間、變電室、消防機房、水表室等２４項。,鋼筋混凝土構造,113年9月4日,十四層,,持分移轉
RPQOMLSJOHLGFCF78DA,2,6.87,梯廳、排煙室等２項。,鋼筋混凝土構造,113年9月4日,十四層,,持分移轉
RPOOMLRKOHLGFGF09EA,31,94.41,住家用,鋼筋混凝土造,84年4月13日,九層,五層 陽台 花台 雨遮,全筆移轉
RPOOMLRKOHLGFGF09EA,31,.69,共有部分,鋼筋混凝土造,84年4月13日,九層,,持分移轉
RPOOMLRKOHLGFGF09EA,31,15.64,共有部分,鋼筋混凝土造,84年4月13日,九層,,持分移轉
RPVOMLOJOHLGFHF76DA,25,33.18,停車空間,鋼筋混凝土造,90年2月27日,十八層,地下二層,持分移轉
RPVOMLOJOHLGFHF76DA,25,1.03,共有部分,鋼筋混凝土造,90年2月27日,十八層,,持分移轉
RPRNMLPKOHLGFGF98DA,46,78.00,商業用,鋼筋混凝土造,69年9月3日,五層,一層 平台,全筆移轉
RPPNMLKMNHLGFDF08DA,8,10.61,集合住宅,鋼筋混凝土造,107年4月19日,五層,二層,全筆移轉
RPPNMLKMNHLGFDF08DA,8,8.49,本建物共有部份計有梯間、騎樓等２項。,鋼筋混凝土造,107年4月19日,五層,,持分移轉
RPQOMLSKOHLGFBF78DA,3,54.53,集合住宅,鋼筋混凝土造,112年10月26日,十五層,六層 陽台,全筆移轉
RPQOMLSKOHLGFBF78DA,3,55.56,本共有部分之項目有梯廳、排煙室Ａ、排煙室Ｂ、台電配電場所、車道、管理委員會使用空間、排煙室、樓梯間、Ａ水箱、Ｂ水箱、Ａ機械室、Ｂ機械室、停車空間、機械室、垃圾暫存室、垃圾車暫停位、管道間ａ、發電機室、水箱Ａ、水箱Ｂ、電信室、消防機房、雨水機房等２３項。,鋼筋混凝土造,112年10月26日,十五層,,持分移轉
RPQNMLLLOHLGFBF08DA,11,17.70,本共有部分之項目有車道、停車空間、台電配電室、電信機房、消防泵浦室及蓄水池等６項,鋼筋混凝土造,103年12月12日,七層,,持分移轉
RPUTMLOLOHLGFBF76DA,8,.12,集合住宅,鋼骨構造,107年10月18日,二十五層,二層 陽台,持分移轉
RPUTMLOLOHLGFBF76DA,8,.00,本共有部分之項目有管理委員會、公共空間、門廳、門廊、防災中心、管理員室、６＊１２ｍ緩衝空間、車道、梯間、梯間（排煙室）、走廊、中繼機房、水箱、機械室、機電設備空間、發電機室、台電管道間、機車車道、防空避難室兼停車空間、台電配電場所、消防泵浦室等２１項,鋼骨構造,107年10月18日,二十五層,,持分移轉
RPUTMLOLOHLGFBF76DA,8,39.12,本共有部分之項目有梯間、防空避難室兼停車空間、車道、停車空間等４項,鋼骨構造,107年10月18日,二十五層,,持分移轉
RPXNMLOLOHLGFIF17DA,32,90.35,住家用,鋼筋混凝土造,83年3月19日,五層,一層 平台,全筆移轉
RPXNMLOLOHLGFIF17DA,32,2.25,共有部分,鋼筋混凝土造,83年3月19日,五層,,持分移轉
RPOQMLQLOHLGFGF56DA,49,69.00,住家用,鋼筋混凝土造,65年12月23日,四層,三層 陽台,全筆移轉
RPWNMLPLOHLGFEF86EA,17,196.04,住家用,鋼筋混凝土造,98年1月15日,四層,一層 二層 三層 四層 陽台 屋頂突出物,全筆移轉
RPWNMLPLOHLGFEF86EA,17,39.30,共有部分,鋼筋混凝土造,98年1月15日,四層,,持分移轉
RPWNMLPLOHLGFEF86EA,17,27.72,共有部分,鋼筋混凝土造,98年1月15日,四層,,持分移轉
RPPOMLTLOHLGFHF96EA,32,79.42,住家用,鋼筋混凝土造,82年12月18日,十一層,十層 陽台 花台,全筆移轉
RPPOMLTLOHLGFHF96EA,32,13.78,共有部分,鋼筋混凝土造,82年12月18日,十一層,,持分移轉
RPPOMLTLOHLGFHF96EA,32,25.96,共有部分,鋼筋混凝土造,82年12月18日,十一層,,持分移轉
RPOTMLRKOHLGFAF88DA,3,49.68,集合住宅,鋼骨鋼筋混凝土造,112年9月8日,十九層,十五層 陽台 雨遮,全筆移轉
RPOTMLRKOHLGFAF88DA,3,34.67,本共有部分項目有：地下室排風機房、消防泵浦室、住宅車道、公共使用蓄水池、地下室進風機房、無障礙停車位、停車空間、車道、住宅用途車道、防空避難室兼停車空間、住宅用途汽車車道、住宅用途機車車道、商業用途車道、發電機室、防災中心、商業用途機車道、地下室進風口、地下室排風口、緩衝空間、陽台、無障礙通路、商業用途汽車車道等２２項。,鋼骨鋼筋混凝土造,112年9月8日,十九層,,持分移轉
RPOTMLRKOHLGFAF88DA,3,6.46,本共有部分項目有：住宅用途垃圾暫存空間、防空避難室兼停車空間、台電配電場所Ａ、台電配電場所Ｂ、台電配電場所Ｃ、陽台、儲藏室、住宅門廳、管理員室、機電設備空間、男廁、女廁、雨遮、管委會使用空間、梯廳、游泳池、游泳池蓄水池等１７項。,鋼骨鋼筋混凝土造,112年9月8日,十九層,,持分移轉
RPOTMLRKOHLGFAF88DA,3,14.31,本共有部分項目有：ＣＤ棟蓄水池、緊急昇降機、Ｃ棟排煙室、Ｄ棟排煙室、無障礙樓梯、住宅安全梯、特安梯、無障礙安全梯、住宅無障礙特安梯、無障礙特安梯、住宅特安梯、機電設備空間（中繼消防機房）、梯廳、排煙室、無障礙昇降機、機電設備空間、男廁、女廁、水錶室、機械室、樓梯間、蓄水池等２２項。,鋼骨鋼筋混凝土造,112年9月8日,十九層,,持分移轉
RPXOMLLLNHLGFAF68DA,20,34.26,共有部分,鋼筋混凝土造,95年8月17日,十五層,,持分移轉
RPWNMLMLOHLGFIF86DA,7,48.97,集合住宅,鋼筋混凝土造,108年10月22日,十五層,二層 陽台,全筆移轉
RPWNMLMLOHLGFIF86DA,7,24.32,本共有部分之項目有管委會使用空間Ｂ、無障礙廁所、梯廳、戶外安全梯無障礙樓梯、無障礙昇降機、緊急用昇降機、排煙室Ｂ１、管委會使用空間、梯廳兼排煙室Ｂ２、管委會使用空間Ａ、戶外安全梯、排煙室Ａ、梯廳Ａ、Ｂ梯廳、排煙室、Ａ梯廳、梯間、機械室、水箱、不鏽鋼消防水箱、安全梯、防空避難室兼停車空間、台電配電室２、電錶室２、電錶室Ｂ、垃圾暫存Ｂ、機房、安全梯無障礙樓梯、排風管道、進風管道、垃圾車暫停位置、垃圾處理空間、垃圾暫存Ａ、電信機房、機車停車區、電錶室Ａ、電錶室１、台電配電室１、發電機房、停車空間、Ｂ水箱、Ａ水箱、消防泵浦室等４３項。,鋼筋混凝土造,108年10月22日,十五層,,持分移轉
RPPNMLSKOHLGFHF56DA,27,50.16,住家用,鋼筋混凝土造,88年4月28日,五層,一層 二層 陽台,全筆移轉
RPPNMLSKOHLGFHF56DA,27,26.79,共有部分,鋼筋混凝土造,88年4月28日,五層,,持分移轉
RPUOMLMLOHLGFHF66DA,51,68.44,住家用,加強磚造,64年8月2日,四層,二層,全筆移轉
RPSOMLTJOHLGFHF96DA,29,29.50,停車空間,鋼骨鋼筋混凝土造,86年11月4日,四十一層,地下五層,持分移轉
RPSOMLTJOHLGFHF96DA,29,2.69,共有部分,鋼骨鋼筋混凝土造,86年11月4日,四十一層,,持分移轉
RPROMLTJOHLGFHF86DA,29,31.21,停車空間,鋼骨鋼筋混凝土造,86年11月4日,四十一層,地下四層,持分移轉
RPROMLTJOHLGFHF86DA,29,2.85,共有部分,鋼骨鋼筋混凝土造,86年11月4日,四十一層,,持分移轉
RPTNMLMLOHLGFDF68DA,31,107.61,住家用,鋼筋混凝土造,84年7月19日,十層,八層 陽台 花台,全筆移轉
RPTNMLMLOHLGFDF68DA,31,43.83,管理室、停車場,鋼筋混凝土造,84年7月19日,十層,地下一層,持分移轉
RPTNMLMLOHLGFDF68DA,31,17.79,共有部分,鋼筋混凝土造,84年7月19日,十層,,持分移轉
RPWOMLKKOHLGFHF56DA,31,32.24,店舖、停車空間,鋼筋混凝土造,84年8月2日,十六層,地下一層,持分移轉
RPWOMLKKOHLGFHF56DA,31,.30,共有部分,鋼筋混凝土造,84年8月2日,十六層,,持分移轉
RPWOMLKKOHLGFHF56DA,31,4.36,共有部分,鋼筋混凝土造,84年8月2日,十六層,,持分移轉
RPOOMLPLOHLGFHF98DA,33,2.46,停車場,鋼筋混凝土造,82年9月21日,十八層,地下三層,持分移轉
RPOOMLPLOHLGFHF98DA,33,2.42,防空避難室兼停車場,鋼筋混凝土造,82年9月21日,十八層,地下四層,持分移轉
RPOOMLPLOHLGFHF98DA,33,19.72,商業用,鋼筋混凝土造,82年9月21日,十八層,十層,全筆移轉
RPOOMLPLOHLGFHF98DA,33,1.94,共有部分,鋼筋混凝土造,82年9月21日,十八層,,持分移轉
RPOOMLPLOHLGFHF98DA,33,10.67,共有部分,鋼筋混凝土造,82年9月21日,十八層,,持分移轉
RPWNMLOLOHLGFEF66DA,17,33.75,住家用,鋼筋混凝土造,98年2月18日,二十二層,二十二層 陽台 雨遮,全筆移轉
RPWNMLOLOHLGFEF66DA,17,14.35,共有部分,鋼筋混凝土造,98年2月18日,二十二層,,持分移轉
RPTPMLNLOHLGFHF76DA,48,79.19,住家用,鋼筋混凝土造,67年5月26日,四層,二層,全筆移轉
RPQNMLOLOHLGFAF38EA,,80.54,住家用,鋼筋混凝土造,,四層,三層 陽台,全筆移轉
RPSOMLMKOHLGFBF38DA,48,72.80,住家用,鋼筋混凝土造,67年10月6日,四層,三層 陽台,全筆移轉
RPQRMLKKOHLGFBF28DA,4,98.41,集合住宅,鋼筋混凝土造,111年7月29日,十三層,三層 陽台 雨遮,全筆移轉
RPQRMLKKOHLGFBF28DA,4,112.55,本共有部分之項目有梯廳（排煙室）、梯廳、無障礙戶外安全梯（Ａ１）、戶外安全梯（Ａ２）、無障礙安全梯（Ｃ）、公共服務空間（多功能室）、公共服務空間（閱覽室）、管委會使用空間（辦公室）、管委會使用空間（宅配室）、大廳、裝卸位、無障礙戶外安全梯（Ｂ１）、戶外安全梯（Ｂ２）、管委會使用空間（健身房）、管委會使用空間（兒遊室）、陽台、雨遮、機房、戶外安全梯、機械室、水箱、停車空間、電梯機坑、台電配電場所（Ａ）、電信機房、台電配電場所（Ｂ）、垃圾暫存區、垃圾車裝卸位、排風機房、蓄水池（Ａ）、發電機室、消防機房、蓄水池（Ｂ）等３３項。,鋼筋混凝土造,111年7月29日,十三層,,持分移轉
RPWNMLPKOHLGFBF98DA,12,91.09,集合住宅,鋼筋混凝土造,103年1月17日,七層,四層 陽台 雨遮,全筆移轉
RPWNMLPKOHLGFBF98DA,12,1.77,本共有部分之項目有管委會辦公室，陽台等２項,鋼筋混凝土造,103年1月17日,七層,,持分移轉
RPWNMLPKOHLGFBF98DA,12,51.68,本共有部分之項目有停車空間、梯廳、管理維護中心、車道版、電信室、消防泵浦室、受電箱、台電配電場所、發電機室、樓梯間、消防水箱、水表室、機械室、水箱等１４項,鋼筋混凝土造,103年1月17日,七層,,持分移轉
RPQOMLQKOHLGFBF58DA,12,104.57,集合住宅,鋼筋混凝土造,103年9月23日,九層,六層 陽台,全筆移轉
RPQOMLQKOHLGFBF58DA,12,48.62,本共有部分之項目有安全梯、門廳、管理室、基地內通路、電梯、梯廳、發電機室、風機、車道、電表箱、防空避難室兼停車空間、機車道、坡道、電信室、廁所、台電配電場所、受電箱、機械室、管道間、水箱、消防及污水機房、停車空間等２２項,鋼筋混凝土造,103年9月23日,九層,,持分移轉
RPQOMLQKOHLGFBF58DA,12,20.48,本共有部分之項目有安全梯、梯廳、管道間、電梯、樓梯間、消防水塔、水箱、機械室等８項,鋼筋混凝土造,103年9月23日,九層,,持分移轉
RPSNMLSKOHLGFDF09DA,27,62.71,住家用,鋼筋混凝土造,87年11月13日,十七層,十二層 陽台 雨遮,全筆移轉
RPSNMLSKOHLGFDF09DA,27,16.99,共有部分,鋼筋混凝土造,87年11月13日,十七層,,持分移轉
RPSNMLMKOHLGFDF48DA,27,68.80,住家用,鋼筋混凝土造,88年2月3日,三十二層,二十三層 陽台,全筆移轉
RPSNMLMKOHLGFDF48DA,27,1.60,共有部分,鋼筋混凝土造,88年2月3日,三十三層,,持分移轉
RPSNMLMKOHLGFDF48DA,27,2.13,共有部分,鋼筋混凝土造,88年2月3日,三十三層,,持分移轉
RPSNMLMKOHLGFDF48DA,27,17.63,共有部分,鋼筋混凝土造,88年2月3日,三十二層,,持分移轉
RPUNMLMKOHLGFDF68DA,27,21.35,停車空間兼防空避難室,鋼筋混凝土造,88年2月3日,三十三層,,持分移轉
RPWNMLLKOHLGFEF88DA,29,81.94,住家用,鋼筋混凝土造,86年5月2日,八層,五層 陽台,全筆移轉
RPWNMLLKOHLGFEF88DA,29,30.31,共有部分,鋼筋混凝土造,86年5月2日,十層,,持分移轉
RPXPMLQLNHLGFBF76DA,6,24.35,本共有部分之項目有管理委員會、無障礙廁所、排煙室、緊急升降機兼無障礙用、梯廳、Ａ戶外安全梯、Ｂ戶外安全梯、Ｃ一般安全梯、停獎專用樓梯（Ｄ一般安全梯）、樓梯間、水錶室、消防水塔、機械室、水箱、供公眾使用停車空間兼停車空間、電信機房、發電機室、電錶區、機車停車區、垃圾暫存區、垃圾車暫停車位、無障礙車位、汽機車坡道、汽車坡道、停車空間、消防機房、蓄水池等２７項,鋼筋混凝土造,109年8月5日,十三層,,持分移轉
RPQPMLLJOHLGFHF68DA,28,28.24,住家用,鋼筋混凝土造,87年9月17日,十二層,十一層 陽台,全筆移轉
RPQPMLLJOHLGFHF68DA,28,8.00,共有部分,鋼筋混凝土造,87年9月17日,十二層,,持分移轉
RPUOMLQKOHLGFHF96DA,28,99.03,住家用,鋼筋混凝土造,87年7月2日,九層,七層 陽台,全筆移轉
RPUOMLQKOHLGFHF96DA,28,42.16,共有部分,鋼筋混凝土造,87年7月2日,九層,,持分移轉
RPUOMLQKOHLGFHF96DA,28,16.30,共有部分,鋼筋混凝土造,87年7月2日,九層,,持分移轉
RPVNMLRJNHLGFEF56DA,23,.06,社區活動中心,鋼骨混凝土造,92年9月22日,二十五層,一層 陽台,持分移轉
RPVNMLRJNHLGFEF56DA,23,.03,社區活動中心,鋼骨混凝土造,92年9月22日,二十五層,一層,持分移轉
RPROMLRKOHLGFHF76DA,31,.23,商業用,鋼筋混凝土造,83年12月31日,十四層,一層 平台,持分移轉
RPROMLRKOHLGFHF76DA,31,118.27,集合住宅,鋼筋混凝土造,83年12月31日,十四層,九層 陽台,全筆移轉
RPROMLRKOHLGFHF76DA,31,.12,共有部分,鋼筋混凝土造,83年12月31日,十四層,,持分移轉
RPROMLRKOHLGFHF76DA,31,57.19,共有部分,鋼筋混凝土造,83年12月31日,十四層,,持分移轉
RPVNMLRJNHLGFEF56DA,23,.03,社區活動中心,鋼骨混凝土造,92年9月22日,二十五層,一層,持分移轉
RPVNMLRJNHLGFEF56DA,23,.13,社區活動中心,鋼骨混凝土造,92年9月22日,二十五層,一層 陽台,持分移轉
RPUNMLRKOHLGFHF96DA,39,121.43,住家用,鋼筋混凝土造,75年12月28日,五層,五層 陽台,全筆移轉
RPVNMLRJNHLGFEF56DA,23,.06,共有部分,鋼骨鋼筋混凝土造、鋼骨混凝土造,92年9月22日,二十五層,,持分移轉
RPVNMLRJNHLGFEF56DA,23,.01,共有部分,鋼骨鋼筋混凝土造、鋼骨混凝土造,92年9月22日,二十五層,,持分移轉
RPVNMLRJNHLGFEF56DA,23,.02,共有部分,鋼骨鋼筋混凝土造、鋼骨混凝土造,92年9月22日,二十五層,,持分移轉
RPVNMLRJNHLGFEF56DA,23,.03,共有部分,鋼骨鋼筋混凝土造、鋼骨混凝土造,92年9月22日,二十五層,,持分移轉
RPVNMLRJNHLGFEF56DA,23,.00,共有部分,鋼骨鋼筋混凝土造,92年9月22日,二十五層,,持分移轉
RPVNMLRJNHLGFEF56DA,23,.00,共有部分,鋼骨鋼筋混凝土造,92年9月22日,二十五層,,持分移轉
RPVNMLRJNHLGFEF56DA,23,.00,共有部分,鋼骨鋼筋混凝土造,92年9月22日,二十五層,,持分移轉
RPVNMLRJNHLGFEF56DA,23,.00,共有部分,鋼骨鋼筋混凝土造,92年9月22日,二十五層,,持分移轉
RPVNMLRJNHLGFEF56DA,23,.33,社區活動中心,鋼骨混凝土造,92年9月22日,二十五層,二層 陽台,持分移轉
RPVNMLRJNHLGFEF56DA,23,.37,社區活動中心,鋼骨混凝土造,92年9月22日,二十五層,三層 陽台,持分移轉
RPVNMLRJNHLGFEF56DA,23,.77,社區活動中心,鋼骨鋼筋混凝土造,92年9月22日,二十六層,地下一層,持分移轉
RPVNMLRJNHLGFEF56DA,23,.41,社區活動中心,鋼骨混凝土造,92年9月22日,二十六層,一層 陽台,持分移轉
RPVNMLRJNHLGFEF56DA,23,36.99,住家用,鋼骨混凝土造,92年9月22日,二十六層,十一層 陽台,全筆移轉
RPVNMLRJNHLGFEF56DA,23,1.17,共有部分,鋼骨鋼筋混凝土造、鋼骨混凝土造,92年9月22日,二十六層,,持分移轉
RPVNMLRJNHLGFEF56DA,23,.01,共有部分,鋼骨鋼筋混凝土造、鋼骨混凝土造,92年9月22日,二十六層,,持分移轉
RPVNMLRJNHLGFEF56DA,23,.01,共有部分,鋼骨鋼筋混凝土造、鋼骨混凝土造,92年9月22日,二十六層,,持分移轉
RPVNMLRJNHLGFEF56DA,23,.02,共有部分,鋼骨鋼筋混凝土造、鋼骨混凝土造,92年9月22日,二十六層,,持分移轉
RPVNMLRJNHLGFEF56DA,23,.01,共有部分,鋼骨鋼筋混凝土造、鋼骨混凝土造,92年9月22日,二十六層,,持分移轉
RPVNMLRJNHLGFEF56DA,23,2.38,共有部分,鋼骨鋼筋混凝土造、鋼骨混凝土造,92年9月22日,二十六層,,持分移轉
RPVNMLRJNHLGFEF56DA,23,.37,共有部分,鋼骨鋼筋混凝土造、鋼骨混凝土造,92年9月22日,二十六層,,持分移轉
RPVNMLRJNHLGFEF56DA,23,.03,共有部分,鋼骨鋼筋混凝土造,92年9月22日,二十六層,,持分移轉
RPVNMLRJNHLGFEF56DA,23,.03,共有部分,鋼骨鋼筋混凝土造,92年9月22日,二十六層,,持分移轉
RPVNMLRJNHLGFEF56DA,23,.06,共有部分,鋼骨鋼筋混凝土造,92年9月22日,二十六層,,持分移轉
RPVNMLRJNHLGFEF56DA,23,.02,共有部分,鋼骨鋼筋混凝土造,92年9月22日,二十六層,,持分移轉
RPVNMLRJNHLGFEF56DA,23,.07,共有部分,鋼骨鋼筋混凝土造、鋼骨混凝土造,92年9月22日,二十五層,,持分移轉
RPVNMLRJNHLGFEF56DA,23,.08,共有部分,鋼骨鋼筋混凝土造、鋼骨混凝土造,92年9月22日,二十五層,,持分移轉
RPVNMLRJNHLGFEF56DA,23,.00,共有部分,鋼骨鋼筋混凝土造、鋼骨混凝土造,92年9月22日,二十六層,,持分移轉
RPVNMLRJNHLGFEF56DA,23,.00,共有部分,鋼骨鋼筋混凝土造、鋼骨混凝土造,92年9月22日,二十六層,,持分移轉
RPVNMLRJNHLGFEF56DA,23,8.86,共有部分,鋼骨鋼筋混凝土造、鋼骨混凝土造,92年9月22日,二十六層,,持分移轉
RPVNMLPJOHLGFGF66DA,31,74.18,住家用,鋼筋混凝土造,84年9月25日,七層,四層 陽台,全筆移轉
RPVNMLPJOHLGFGF66DA,31,26.01,共有部分,鋼筋混凝土造,84年9月25日,七層,,持分移轉
RPVOMLMKOHLGFHF66DA,31,116.19,工業用,鋼筋混凝土造,84年7月22日,十二層,二層 陽台 雨遮,全筆移轉
RPVOMLMKOHLGFHF66DA,31,.18,共有部分,鋼筋混凝土造,84年7月22日,十二層,,持分移轉
RPVOMLMKOHLGFHF66DA,31,3.03,共有部分,鋼筋混凝土造,84年7月22日,十二層,,持分移轉
RPVOMLMKOHLGFHF66DA,31,9.66,共有部分,鋼筋混凝土造,84年7月22日,十三層,,持分移轉
RPPNMLMLNHLGFBF97DA,32,6.92,共有部分,鋼筋混凝土造,83年5月20日,九層,,持分移轉
RPPNMLMLNHLGFBF97DA,32,42.16,住家用,鋼筋混凝土造,83年5月20日,九層,六層 陽台,全筆移轉
RPWNMLPJOHLGFHF86DA,29,24.00,住家用,鋼筋混凝土造,86年9月10日,十六層,六層 陽台,全筆移轉
RPWNMLPJOHLGFHF86DA,29,5.34,共有部分,鋼筋混凝土造,86年9月10日,十七層,,持分移轉
RPWNMLPJOHLGFHF86DA,29,5.41,共有部分,鋼筋混凝土造,86年9月10日,十七層,,持分移轉
RPOOMLMKOHLGFIF68DA,11,66.47,集合住宅,鋼筋混凝土造,103年12月11日,十二層,一層 陽台,全筆移轉
RPOOMLMKOHLGFIF68DA,11,45.69,本共有部分之項目有：公共服務空間、管委會空間、梯廳、防空避難室兼停車空間、台電配電埸所、樓梯間、垃圾儲藏空間、停車空間、水箱、電信機房車道、雨水回收池機房、消防機房、發電機房、污水機房等１５項。,鋼筋混凝土造,103年12月11日,十五層,,持分移轉
RPOOMLMKOHLGFIF68DA,11,13.78,本共有部分之項目有：樓梯間、消防水池、機械室、水箱等４項。,鋼筋混凝土造,103年12月11日,十二層,,持分移轉
RPUNMLSKOHLGFIF17DA,,117.68,住家用,加強磚造,,四層,一層 騎樓,全筆移轉
RPOOMLTKNHLGFHF56DA,31,71.85,住家用,鋼筋混凝土造,84年5月16日,八層,六層 陽台 花台,全筆移轉
RPOOMLTKNHLGFHF56DA,31,20.24,共有部分,鋼筋混凝土造,84年5月16日,八層,,持分移轉
RPXNMLRKOHLGFGF27EA,46,79.00,住家用,鋼筋混凝土造,69年7月25日,五層,四層 陽台,全筆移轉
RPQNMLQKOHLGFHF56EA,30,126.81,住家用,鋼筋混凝土造,85年6月12日,十七層,八層 陽台,全筆移轉
RPQNMLQKOHLGFHF56EA,30,32.81,共有部分,鋼筋混凝土造,85年6月12日,十七層,,持分移轉
RPQNMLQKOHLGFHF56EA,30,14.79,共有部分,鋼筋混凝土造,85年6月12日,十七層,,持分移轉
RPSNMLRKOHLGFIF86DA,33,83.74,廠房,鋼筋混凝土造,82年1月16日,五層,一層 平台,全筆移轉
RPSNMLRKOHLGFIF86DA,33,8.06,共有部分,鋼筋混凝土造,82年1月16日,五層,,持分移轉
RPRNMLPJOHLGFDF68EA,,89.88,住家用,鋼筋混凝土造,,四層,三層 陽台,全筆移轉
RPTNMLQLNHLGFIF86DA,,69.75,住家用,加強磚造,,三層,三層,全筆移轉
RPPNMLSKOHLGFAF58EA,45,89.36,住家用,鋼筋混凝土造,70年2月24日,五層,五層 陽台,全筆移轉
RPPOMLRKOHLGFHF66EA,52,92.68,集合住宅,Ｒ．Ｃ造,63年5月30日,四層,三層 陽台,全筆移轉
RPOOMLPKOHLGFEF68EA,24,40.14,辦公室、店舖,鋼筋混凝土造,91年8月27日,六層,一層 陽台,全筆移轉
RPOOMLPKOHLGFEF68EA,24,10.42,共有部分,鋼筋混凝土造,91年8月27日,六層,,持分移轉
RPTNMLTJOHLGFAF88DA,18,43.44,住家用,鋼筋混凝土造,96年11月21日,十四層,十二層 陽台,全筆移轉
RPTNMLTJOHLGFAF88DA,18,15.83,共有部分,鋼筋混凝土造,96年11月21日,十四層,,持分移轉
RPTNMLTJOHLGFAF88DA,18,5.75,共有部分,鋼筋混凝土造,96年11月21日,十四層,,持分移轉
RPROMLMJOHLGFAF08DA,46,77.07,住家用,鋼筋混凝土造,69年6月27日,五層,三層 陽台,全筆移轉
RPPQMLQKOHLGFAF58DA,41,81.59,住家用,鋼筋混凝土造,74年10月16日,五層,五層 陽台,全筆移轉
RPQNMLRKOHLGFEF98EA,30,118.38,住家用,鋼骨混凝土造,85年9月23日,三十二層,十八層 陽台,全筆移轉
RPQNMLRKOHLGFEF98EA,30,25.47,防空避難室兼停車空間,鋼骨混凝土造,85年9月23日,三十二層,地下一層 地下二層 地下三層 地下四層,持分移轉
RPQNMLRKOHLGFEF98EA,30,31.25,共有部分,鋼骨鋼筋混凝土造,85年9月23日,三十二層,,持分移轉
RPQNMLRKOHLGFEF98EA,30,1.06,共有部分,鋼骨鋼筋混凝土造,85年9月23日,三十二層,,持分移轉
RPOWMLRKOHLGFAF56DA,32,58.68,住家用,鋼筋混凝土造,83年3月1日,十一層,五層 陽台,全筆移轉
RPOWMLRKOHLGFAF56DA,32,5.13,共有部分,鋼筋混凝土造,83年3月1日,十一層,,持分移轉
RPOWMLRKOHLGFAF56DA,32,2.39,共有部分,鋼筋混凝土造,83年3月1日,十一層,,持分移轉
RPOWMLRKOHLGFAF56DA,32,12.57,共有部分,鋼筋混凝土造,83年3月1日,十一層,,持分移轉
RPSNMLRKOHLGFEF56EA,16,59.86,住家用,鋼筋混凝土造,98年12月25日,十七層,三層 陽台 雨遮,全筆移轉
RPSNMLRKOHLGFEF56EA,16,56.45,本案共有部分項目有公共服務空間、走廊兼梯廳、機械室、緊急昇降機、撒水消防、排煙室、電氣管道、中繼水表室、中繼電信室、自來水箱、蓄水箱、特別安全梯、消防水箱、水表室、陽台、機車停車空間、管委會辦公室、管委會空間、儲藏間、電梯間、樓梯間、消防水池、消防泵浦室、集污坑、電梯機坑、台電配電室、垃圾儲存空間、污水處理場、污水處理機房、增設雨水機房、水箱、緊急發電機房、電信機房、高壓變電站、消防專用泵浦室、進氣機房、排氣機房、游泳池機房、停車空間、防空避難室兼停車空間等４０項,鋼筋混凝土造,98年12月25日,十七層,,持分移轉
RPSOMLMKOHLGFAF28DA,29,77.20,住家用,鋼筋混凝土造,85年11月16日,二十二層,二十一層 陽台 花台,全筆移轉
RPSOMLMKOHLGFAF28DA,29,10.56,共有部分,鋼筋混凝土造,85年11月16日,二十二層,,持分移轉
RPSOMLMKOHLGFAF28DA,29,15.01,共有部分,鋼筋混凝土造,85年11月16日,二十二層,,持分移轉
RPVUMLQKOHLGFAF96DA,21,104.00,住家用,鋼筋混凝土造,94年1月20日,十六層,九層 陽台,全筆移轉
RPVUMLQKOHLGFAF96DA,21,42.61,共有部分,鋼筋混凝土造,94年1月20日,十六層,,持分移轉
RPQPMLSKOHLGFAF78DA,3,58.34,集合住宅,鋼骨鋼筋混凝土造,112年9月8日,十九層,八層 陽台 雨遮,全筆移轉
RPVUMLQKOHLGFAF96DA,21,20.17,共有部分,鋼筋混凝土造,94年1月20日,十六層,,持分移轉
RPQPMLSKOHLGFAF78DA,3,35.45,本共有部分項目有：地下室排風機房、消防泵浦室、住宅車道、公共使用蓄水池、地下室進風機房、無障礙停車位、停車空間、車道、住宅用途車道、防空避難室兼停車空間、住宅用途汽車車道、住宅用途機車車道、商業用途車道、發電機室、防災中心、商業用途機車道、地下室進風口、地下室排風口、緩衝空間、陽台、無障礙通路、商業用途汽車車道等２２項。,鋼骨鋼筋混凝土造,112年9月8日,十九層,,持分移轉
RPQPMLSKOHLGFAF78DA,3,7.58,本共有部分項目有：住宅用途垃圾暫存空間、防空避難室兼停車空間、台電配電場所Ａ、台電配電場所Ｂ、台電配電場所Ｃ、陽台、儲藏室、住宅門廳、管理員室、機電設備空間、男廁、女廁、雨遮、管委會使用空間、梯廳、游泳池、游泳池蓄水池等１７項。,鋼骨鋼筋混凝土造,112年9月8日,十九層,,持分移轉
RPQPMLSKOHLGFAF78DA,3,16.21,本共有部分項目有：ＡＢ棟蓄水池、緊急昇降機、Ａ棟排煙室、無障礙樓梯、Ｂ棟排煙室、住宅安全梯、住宅特安梯、梯廳、安全梯、無障礙特安梯、住宅無障礙特安梯、中繼水箱、機電設備空間（中繼消防機房）、排煙室、無障礙昇降機、特安梯、機電設備空間、樓梯間、男廁、女廁、水錶室、機械室、蓄水池等２３項。,鋼骨鋼筋混凝土造,112年9月8日,十九層,,持分移轉
RPUNMLPKOHLGFBF78DA,49,65.50,住家用,鋼筋混凝土造,66年8月27日,四層,二層 陽台,全筆移轉
RPVPMLSKOHLGFBF76DA,50,75.99,住家用,鋼筋混凝土造,65年5月29日,四層,一層 平台,全筆移轉
RPXQMLKKOHLGFBF88DA,13,103.04,集合住宅,鋼筋混凝土造,102年6月11日,十二層,八層 陽台 雨遮,全筆移轉
RPXQMLKKOHLGFBF88DA,13,28.60,本共有部分之項目有管委會空間、台電配電場所、騎樓、樓梯間、陽台、消防水箱、電梯機房、水箱等８項。,鋼筋混凝土造,102年6月11日,十三層,,持分移轉
RPXQMLKKOHLGFBF88DA,13,39.15,本共有部分之項目有車道、停車空間、防空避難室兼停車空間、樓梯間、進風機房、消防機房、蓄水池、台電管道間、緊急發電機房、電信機房、水箱等１１項。,鋼筋混凝土造,102年6月11日,十三層,,持分移轉
RPVNMLSKOHLGFAF09DA,44,89.50,住家用,鋼筋混凝土造,70年12月23日,五層,二層 陽台,全筆移轉
RPRPMLMKOHLGFBF38DA,32,45.60,住家用,鋼筋混凝土造,83年8月19日,十三層,十二層 陽台 露台,全筆移轉
RPRPMLMKOHLGFBF38DA,32,38.81,共有部分,鋼筋混凝土造,83年8月19日,十三層,,持分移轉
RPVNMLSKOHLGFDF76DA,44,83.52,住家用,鋼筋混凝土造,71年10月21日,五層,三層 陽台,全筆移轉
RPTNMLSKOHLGFDF56DA,2,65.86,集合住宅,鋼筋混凝土構造,113年1月12日,二十一層,十六層 陽台 雨遮,全筆移轉
RPTNMLSKOHLGFDF56DA,2,63.89,共有部分，本共有部分之項目有公共服務空間、Ａ棟梯廳、Ｂ棟梯廳、管委會空間、排煙室、安全梯、廁所、無障礙廁所、特別安全梯甲、特別安全梯乙、無障礙升降機、梯廳、緊急升降機、無障礙樓梯、特別安全梯、廊道、信箱室、樓梯間、升降機無障礙電梯、機房、消防中繼機房、升降機電梯機房、緊急升降機電梯機房、水箱一、水箱二、防災中心、防空避難室兼停車空間、門廳、垃圾車位、垃圾收集室、雨水機房、汽車坡道、機車坡道、升降機、Ａ棟水箱、Ｂ棟水箱、台電配電場所、受電箱機房、電信機房、停車空間、噴灌機房、發電機房、消防泵浦室、警衛室等４４項。,鋼筋混凝土構造,113年1月12日,二十一層,,持分移轉
RPWNMLMKOHLGFCF78DA,7,53.58,集合住宅,鋼骨鋼筋混凝土構造,108年11月12日,三十層,十三層 陽台,全筆移轉
RPWNMLMKOHLGFCF78DA,7,14.04,共有部分,鋼骨鋼筋混凝土構造,108年11月12日,三十層,,持分移轉
RPWNMLMKOHLGFCF78DA,7,12.37,本共有部分之項目有：排煙室、安全梯、特別安全梯、供行動不便電梯緊急昇降機、梯廳、中繼機房、水箱、機械室、陽台等９項。,鋼骨鋼筋混凝土構造,108年11月12日,三十層,,持分移轉
RPUOMLPKOHLGFBF88DA,36,162.79,工業用,鋼筋混凝土造,79年2月15日,十層,八層 陽台,全筆移轉
RPUOMLPKOHLGFBF88DA,36,23.54,共有部分,鋼筋混凝土造,79年2月15日,十層,,持分移轉
RPUOMLPKOHLGFBF88DA,36,23.73,共有部分,鋼筋混凝土造,79年2月15日,十層,,持分移轉
RPWNMLOJOHLGFBF78DA,20,79.14,住家用,鋼筋混凝土造,95年3月14日,十四層,八層 陽台 雨遮,全筆移轉
RPWNMLOJOHLGFBF78DA,20,54.52,共有部分,鋼筋混凝土造,95年3月14日,十四層,,持分移轉
RPUNMLPLNHLGFGF66DA,47,78.00,住家用,鋼筋混凝土造,68年1月5日,四層,二層 陽台,全筆移轉
RPUPMLMJOHLGFEF88DA,32,93.10,住家用,鋼筋混凝土造,83年5月31日,十二層,八層 陽台 花台,全筆移轉
RPXNMLRKOHLGFGF17DA,17,61.38,住家用,鋼筋混凝土造,97年11月28日,十二層,八層 陽台 雨遮,全筆移轉
RPUPMLMJOHLGFEF88DA,32,14.42,共有部分,鋼筋混凝土造,83年5月31日,十二層,,持分移轉
RPXNMLRKOHLGFGF17DA,17,45.80,共有部分,鋼筋混凝土造,97年11月28日,十二層,,持分移轉
RPXNMLRKOHLGFGF17DA,17,13.85,共有部分,鋼筋混凝土造,97年11月28日,十二層,,持分移轉
RPPOMLKKOHLGFHF48DA,20,17.95,共有部分,鋼筋混凝土造,95年9月29日,八層,,持分移轉
RPPOMLKKOHLGFHF48DA,20,54.25,共有部分,鋼筋混凝土造,95年9月29日,八層,,持分移轉
RPPOMLKKOHLGFHF48DA,20,96.36,住家用,鋼筋混凝土造,95年9月29日,八層,五層 陽台,全筆移轉
RPQNMLKLNHLGFGF38DA,49,42.00,住家用,鋼筋混凝土造,65年12月28日,四層,一層,全筆移轉
RPRNMLKLNHLGFGF48DA,49,42.00,住家用,鋼筋混凝土造,65年12月28日,四層,二層,全筆移轉
RPTNMLSKOHLGFGF86DA,1,55.33,集合住宅,鋼筋混凝土造,114年7月28日,十層,七層 陽台,全筆移轉
RPPNMLRKOHLGFHF09DA,36,16.93,共有部分,鋼筋混凝土造,79年9月15日,十四層,,持分移轉
RPTNMLSKOHLGFGF86DA,1,63.15,本共有部分項目有：水箱、停車空間、發電機室、樓電梯間、無障礙電梯、無障礙樓梯室內安全梯、消防泵浦室、垃圾儲藏室、台電配電場所、電信室、管委會使用空間、梯廳、室內安全梯、升降機一般用、車道、樓梯間、水錶室、機械室等１８項。,鋼筋混凝土造,114年7月28日,十層,,持分移轉
RPPNMLRKOHLGFHF09DA,36,132.31,住家用,鋼筋混凝土造,79年9月15日,十四層,六層 陽台,全筆移轉
RPVOMLRLNHLGFAF56EA,38,96.70,住家用,鋼筋混凝土造,77年1月16日,五層,二層 陽台,全筆移轉
RPVQMLPKNHLGFEF76DA,29,123.62,住家用,鋼筋混凝土造,85年12月2日,十五層,七層 陽台 花台,全筆移轉
RPVQMLPKNHLGFEF76DA,29,6.01,共有部分,鋼筋混凝土造,85年12月2日,十六層,,持分移轉
RPVQMLPKNHLGFEF76DA,29,34.38,共有部分,鋼筋混凝土造,85年12月2日,十六層,,持分移轉
RPQOMLQLNHLGFIF66DA,44,85.68,住家用,鋼筋混凝土造,70年12月26日,五層,一層 平台,全筆移轉
RPRNMLMLOHLGFAF28EA,31,56.33,住家用,鋼筋混凝土造,84年3月21日,七層,二層 陽台 露台,全筆移轉
RPRNMLMLOHLGFAF28EA,31,14.71,共有部分,鋼筋混凝土造,84年3月21日,七層,,持分移轉
RPSNMLRKOHLGFAF78EA,46,61.17,住家用,鋼筋混凝土造,69年7月23日,五層,五層,全筆移轉
RPQNMLRKOHLGFAF58EA,7,67.67,集合住宅,鋼筋混凝土造,107年12月27日,十九層,十九層 陽台 雨遮 見其他登記事項,全筆移轉
RPQNMLRKOHLGFAF58EA,7,56.56,本共有部分之項目有：車道、梯廳、排煙室、安全梯、大廳、６ｍ＊１２ｍ緩衝空間、梯間、消防中繼機房、消防水箱、水箱、電梯機房、防空避難室兼停車空間、垃圾貯存空間、梯廳兼排煙室、垃圾暫存空間、發電機房、台電配電場所、防災中心、停車空間、電信機房、雨水機房、消防機房等２２項。,鋼筋混凝土造,107年12月27日,十九層,,持分移轉
RPRNMLQKOHLGFAF58EA,13,62.33,集合住宅,鋼筋混凝土造,102年10月14日,二十六層,二十二層 陽台,全筆移轉
RPRNMLQKOHLGFAF58EA,13,34.97,本共有部分之項目有：防空避難室兼停車空間、蓄水池、排煙室、緊急昇降機、特別安全梯、消防機房、機房、停車空間、緊急昇降機（無障礙電梯）、發電機房、機械室、垃圾儲藏室、台電配電場所、管委會使用空間（議事討論室）、管委會使用空間（雜物室）、管委會使用空間（器材室１）、管委會使用空間、防災中心、管委會使用空間（器材室２）、電信機房、管委會住戶服務室、管委會掃具間、騎樓、走廊、機電設備空間、中繼水箱、陽台、水箱等２８項。,鋼筋混凝土造,102年10月14日,二十六層,,持分移轉
RPRNMLRKOHLGFCF88EA,27,42.07,住家用,鋼筋混凝土造,87年12月8日,七層,四層 陽台,全筆移轉
RPRNMLRKOHLGFCF88EA,27,51.25,住家用,鋼筋混凝土造,87年12月8日,七層,四層 陽台,全筆移轉
RPRNMLRKOHLGFCF88EA,27,12.19,共有部分,鋼筋混凝土造,87年12月8日,七層,,持分移轉
RPRNMLRKOHLGFCF88EA,27,14.54,共有部分,鋼筋混凝土造,87年12月8日,七層,,持分移轉
RPVOMLPKOHLGFEF76EA,1,103.92,集合住宅,鋼筋混凝土造,114年8月28日,十五層,十五層 陽台,全筆移轉
RPVOMLPKOHLGFEF76EA,1,112.94,本共有部分項目有：騎樓、梯廳、Ａ排煙室、Ｂ排煙室、管理委員會使用空間１、甲梯、乙梯、丙梯、丁梯、陽台、汽機車坡道、Ａ梯廳、梯間、Ａ梯間、Ｂ梯間、水箱、電梯機房、Ｂ梯廳、台電配電場所、配電盤區、汽車車道、防空避難室兼停車空間、服務裝卸車位、Ａ電梯機房、垃圾貯存空間、發電機室、自來水給水箱１、自來水給水箱２、自來水給水箱３、Ｂ電梯機房、自來水給水箱４、自來水給水箱５、電信室、受水箱、停車空間、消防泵浦室、雨水機房等３７項。,鋼筋混凝土造,114年8月28日,十五層,,持分移轉
RPXRMLQLNHLGFEF27DA,18,55.58,住家用,鋼筋混凝土造,97年9月17日,十九層,十一層 陽台 雨遮,全筆移轉
RPXRMLQLNHLGFEF27DA,18,24.96,共有部分,鋼筋混凝土造,97年9月17日,二十層,,持分移轉
RPRNMLRKOHLGFGF66EA,1,106.94,集合住宅,鋼筋混凝土造,114年6月4日,二十七層,五層 陽台 雨遮,全筆移轉
RPRNMLRKOHLGFGF66EA,1,27.18,本共有部分之項目有防災中心、門梯廳、公共服務空間、管委會使用空間、樓電梯間、機電設備空間、水箱、樓梯間、台電配電場所、自行車停車區、管理中心等１１項,鋼筋混凝土造,114年6月4日,二十七層,,持分移轉
RPRNMLRKOHLGFGF66EA,1,2.27,本共有部分之項目有樓電梯間、機電設備空間等２項,鋼筋混凝土造,114年6月4日,二十七層,,持分移轉
RPRNMLRKOHLGFGF66EA,1,20.25,本共有部分之項目有門梯廳等１項,鋼筋混凝土造,114年6月4日,二十七層,,持分移轉
RPRNMLRKOHLGFGF66EA,1,32.28,本共用部分之項目有防空避難室兼停車空間、停車空間、汽車車道等共３項,鋼筋混凝土造,114年6月4日,二十七層,,持分移轉
RPPOMLSKOHLGFHF76EA,40,.38,共有部分,鋼筋混凝土造,75年6月23日,五層,,持分移轉
RPPOMLSKOHLGFHF76EA,40,.53,眷村自治會辦公室,鋼筋混凝土造,75年6月23日,五層,地下層,持分移轉
RPPOMLSKOHLGFHF76EA,39,3.94,共有部分,鋼筋混凝土造,75年12月8日,五層,,持分移轉
RPPOMLSKOHLGFHF76EA,39,.21,共有部分,鋼筋混凝土造,75年12月8日,五層,,持分移轉
RPPOMLSKOHLGFHF76EA,39,.18,眷村自治會辦公室,鋼筋混凝土造,75年12月8日,五層,地下層,持分移轉
RPPOMLSKOHLGFHF76EA,39,114.87,住家用,鋼筋混凝土造,75年12月8日,五層,五層 陽台 花台,全筆移轉
RPSNMLRKOHLGFGF76EA,2,85.71,集合住宅,鋼筋混凝土造,112年11月24日,十七層,十二層 陽台,全筆移轉
RPSNMLRKOHLGFGF76EA,2,12.32,本共有部分項目有：排煙室、梯廳等２項。,鋼筋混凝土造,112年11月24日,十四層,,持分移轉
RPSNMLRKOHLGFGF76EA,2,106.26,本共有部分項目有：停車空間、防空避難室兼停車空間、陽臺、甲梯、特別安全梯、無障礙樓梯、排煙室、管委會使用空間、緊急昇降機、供行動不便使用電梯、乙梯、丙梯、梯廳、安全梯、水箱、機械式等１６項。,鋼筋混凝土造,112年11月24日,十四層,,持分移轉
RPQOMLSKOHLGFGF76EA,,35.00,集合住宅,鋼筋混凝土造,115年2月11日,九層,四層 陽台,全筆移轉
RPQOMLSKOHLGFGF76EA,,17.80,本共有部分項目有：無障礙停車位、騎樓、管委會空間、無障礙廁所、電信室、無障礙電梯、梯廳、車道、甲梯無障礙樓梯、安全梯、乙梯、汽車昇降機、廁所、樓電梯間、樓梯間、消防專用水箱、機械室、消防泵浦室、發電機室、停車空間、汽車升降機、汽車升降機機械室、台電配電場所等２３項。,鋼筋混凝土造,115年2月11日,九層,,持分移轉
RPVNMLMLOHLGFAF58DA,28,33.10,住家用,鋼筋混凝土造,87年11月20日,十三層,十一層 陽台,全筆移轉
RPVNMLMLOHLGFAF58DA,28,7.62,共有部分,鋼筋混凝土造,87年11月20日,十三層,,持分移轉
RPVNMLMLOHLGFAF58DA,28,2.08,停車空間等公共設施,鋼筋混凝土造,87年11月20日,十三層,,持分移轉
RPVNMLMLOHLGFAF58DA,28,5.83,樓梯間、機械室、水箱,鋼筋混凝土造,87年11月20日,十三層,,持分移轉
RPPSMLPKOHLGFAF68DA,19,.09,一般事務所,鋼筋混凝土造,96年8月22日,十二層,一層,持分移轉
RPPSMLPKOHLGFAF68DA,19,88.75,一般事務所,鋼筋混凝土造,96年8月22日,十二層,七層 陽台 雨遮,全筆移轉
RPPSMLPKOHLGFAF68DA,19,27.14,共有部分,鋼筋混凝土造,96年8月22日,十二層,,持分移轉
RPPSMLPKOHLGFAF68DA,19,32.12,共有部分,鋼筋混凝土造,96年8月22日,十二層,,持分移轉
RPVNMLMKOHLGFIF76EA,44,159.96,廠房、防空避難室、辦公室,鋼筋混凝土造,71年4月22日,二層,一層 二層 陽台 平台,全筆移轉
RPQNMLQLNHLGFAF38DA,42,84.90,住家用,鋼筋混凝土造,73年8月15日,五層,四層 陽台,全筆移轉
RPOOMLPKOHLGFBF28DA,35,97.11,防空避難室兼停車場,鋼筋混凝土造,80年4月22日,十八層,地下二層 地下三層,持分移轉
RPPNMLOLOHLGFCF38DA,,64.73,集合住宅,鋼筋混凝土構造,115年2月4日,十五層,六層 陽台,全筆移轉
RPPNMLOLOHLGFCF38DA,,66.72,本共有部分之項目有：梯廳、供管委會使用空間Ａ１、供管委會使用空間Ｂ１、供管委會使用空間Ｂ２、Ａ棟戶外安全梯乙梯、Ａ棟無障礙安全梯甲梯、排煙室、信箱區、緊急昇降機、無障礙昇降機、Ａ棟戶外無障礙樓梯丙梯、Ｂ棟戶外安全梯、地下室排風口、Ｂ棟戶外無障礙樓梯、梯間、機房、Ａ棟安全梯、電梯機房、Ｂ棟安全梯、水箱Ａ、水箱Ｂ、電錶室、防空避難室兼停車空間、台電配電場所、受電室、發電機房、汽機車坡道、Ｂ棟地下室安全梯、電信機房、停車空間、消防機房等共計３１項。,鋼筋混凝土構造,115年2月4日,十五層,,持分移轉
RPUPMLKKOHLGFAF38DA,17,23.88,住家用,鋼筋混凝土造,98年1月19日,二十層,十三層 陽台 雨遮,持分移轉
RPUPMLKKOHLGFAF38DA,17,7.23,共有部分,鋼筋混凝土造,98年1月19日,二十層,,持分移轉
RPUPMLKKOHLGFAF38DA,17,2.13,共有部分,鋼筋混凝土造,98年1月19日,二十層,,持分移轉
RPUPMLSKOHLGFAF56DA,31,18.23,住家用,鋼筋混凝土造,84年7月11日,五層,五層 陽台,全筆移轉
RPUPMLSKOHLGFAF56DA,31,8.81,共有部分,鋼筋混凝土造,84年7月11日,五層,,持分移轉
RPRPMLLKOHLGFBF28DA,44,89.61,住商用,鋼筋混凝土造,70年11月25日,五層,一層 平台 停車場,全筆移轉
RPOOMLSJOHLGFBF48DA,1,128.96,集合住宅,鋼筋混凝土造,114年9月12日,十層,五層 陽台,全筆移轉
RPOOMLSJOHLGFBF48DA,1,62.18,本共有部分之項目有無障礙升降機、梯廳、Ａ梯廳、Ｂ梯廳、Ｃ梯廳、Ｄ梯廳、Ｅ梯廳、Ａ１安全梯、Ｂ１安全梯、Ｃ１安全梯、Ｄ１安全梯、Ｅ１安全梯、Ａ３安全梯、Ｅ３安全梯（無障礙樓梯）、梯間、Ａ２安全梯（無障礙樓梯）、Ｂ２安全梯（無障礙樓梯）、Ｃ２安全梯（無障礙樓梯）、Ｄ２安全梯（無障礙樓梯）、Ｅ２安全梯（無障礙樓梯）、交誼廳、廁所、自行車停放區、機車停放區、多功能教室、兒童遊戲室、視聽室、休閒娛樂室、ＫＴＶ、健身房、水池、管理室、無障礙廁所、管委會使用空間（會議室）、雨水機房、風機、消防泵浦室、受電箱、台電配電場所、發電機室、水景機房、電信機房、垃圾置放室、垃圾車裝卸位、水箱Ａ、水箱Ｂ、水箱Ｃ、水箱Ｄ、水箱Ｅ、電梯機房、日用水箱、消防水箱、陽台等５３項。,鋼筋混凝土造,114年9月12日,十二層,,持分移轉
RPOOMLSJOHLGFBF48DA,1,69.42,本共有部分之項目有汽車坡道、機車坡道、汽車停車區等３項,鋼筋混凝土造,114年9月12日,十二層,,持分移轉
RPVTMLQKOHLGFBF96DA,49,73.50,住家用,鋼筋混凝土造,66年11月9日,四層,二層 陽台,全筆移轉
RPWPMLSKOHLGFBF86DA,50,75.99,住家用,鋼筋混凝土造,65年5月29日,四層,二層 陽台,全筆移轉
RPQQMLSKOHLGFBF98DA,39,88.42,住家用,鋼筋混凝土造,76年10月17日,五層,二層 陽台,全筆移轉
RPQRMLRKOHLGFBF98DA,1,53.06,集合住宅,鋼筋混凝土造,114年3月20日,十二層,十層 陽台,全筆移轉
RPQRMLRKOHLGFBF98DA,1,54.05,本共有部分之項目有管委會、梯廳、排煙室、戶外安全梯、無障礙安全梯、無障礙廁所、車道、一般安全梯、陽台、梯間、自來水箱、機房、電梯機房、水箱、防空避難室兼停車空間、機坑、資源回收室、台電配電場所、電信機房、發電機房、停車空間、消防機房等２２項,鋼筋混凝土造,114年3月20日,十五層,,持分移轉
RPPNMLKLOHLGFBF87DA,45,102.05,住家用,鋼筋混凝土造,70年11月19日,五層,三層 陽台,全筆移轉
RPSPMLNJOHLGFBF48DA,1,103.58,集合住宅,鋼筋混凝土造,114年9月12日,十層,三層 陽台,全筆移轉
RPSPMLNJOHLGFBF48DA,1,49.97,本共有部分之項目有無障礙升降機、梯廳、Ａ梯廳、Ｂ梯廳、Ｃ梯廳、Ｄ梯廳、Ｅ梯廳、Ａ１安全梯、Ｂ１安全梯、Ｃ１安全梯、Ｄ１安全梯、Ｅ１安全梯、Ａ３安全梯、Ｅ３安全梯（無障礙樓梯）、梯間、Ａ２安全梯（無障礙樓梯）、Ｂ２安全梯（無障礙樓梯）、Ｃ２安全梯（無障礙樓梯）、Ｄ２安全梯（無障礙樓梯）、Ｅ２安全梯（無障礙樓梯）、交誼廳、廁所、自行車停放區、機車停放區、多功能教室、兒童遊戲室、視聽室、休閒娛樂室、ＫＴＶ、健身房、水池、管理室、無障礙廁所、管委會使用空間（會議室）、雨水機房、風機、消防泵浦室、受電箱、台電配電場所、發電機室、水景機房、電信機房、垃圾置放室、垃圾車裝卸位、水箱Ａ、水箱Ｂ、水箱Ｃ、水箱Ｄ、水箱Ｅ、電梯機房、日用水箱、消防水箱、陽台等５３項。,鋼筋混凝土造,114年9月12日,十二層,,持分移轉
RPSPMLNJOHLGFBF48DA,1,34.71,本共有部分之項目有汽車坡道、機車坡道、汽車停車區等３項,鋼筋混凝土造,114年9月12日,十二層,,持分移轉
RPPPMLMLOHLGFBF28DA,32,81.69,工業用,鋼筋混凝土造,83年7月7日,十一層,七層 陽台,全筆移轉
RPPPMLMLOHLGFBF28DA,32,16.62,共有部分,鋼筋混凝土造,83年7月7日,十一層,,持分移轉
RPPNMLLLOHLGFDF18DA,26,93.29,住家用,鋼筋混凝土造,89年11月8日,十二層,四層 陽台,全筆移轉
RPPNMLLLOHLGFDF18DA,26,15.51,共有部分,鋼筋混凝土造,89年11月8日,十二層,,持分移轉
RPPNMLLLOHLGFDF18DA,26,8.92,共有部分,鋼筋混凝土造,89年11月8日,十二層,,持分移轉
RPWNNLOJOHLGFBF88DA,11,.02,辦公室,鋼筋混凝土造,104年6月1日,二十一層,一層,持分移轉
RPWNNLOJOHLGFBF88DA,11,40.58,集合住宅,鋼筋混凝土造,104年6月1日,二十一層,十七層 陽台 雨遮,全筆移轉
RPWNNLOJOHLGFBF88DA,11,17.09,本共有部分之項目有停車位、停車空間等２項。,鋼筋混凝土造,104年6月1日,二十一層,,持分移轉
RPWNNLOJOHLGFBF88DA,11,.00,本共有部分之項目有排煙室、Ａ１特別安全梯、Ａ２特別安全梯、Ａ３安全梯、自行車停放區、門廳兼梯廳、公設（信箱區）、Ｂ１特別安全梯、Ｂ２特別安全梯、Ｂ３安全梯、公設（宅配室）、機車車道、梯廳兼走廊、防空避難室兼停車空間、機車停車位、垃圾車暫停車位、垃圾暫存室、機房（設備室）、發電機室進風、發電機室排風、防災中心、機房、電信室、１Ｆ及公共電錶區、台電配電場所、泳池（水池）機房、發電機室、Ａ棟變電室、Ｂ棟變電室、Ａ棟水箱、Ｂ棟水箱、雨水回收池機房、消防水池、消防泵浦室、機械室、中繼層機房、自來水水箱、消防水箱、機械房等３９項。,鋼筋混凝土造,104年6月1日,二十一層,,持分移轉
RPWNNLOJOHLGFBF88DA,11,20.56,本共有部分之項目有排煙室、Ａ１特別安全梯、Ａ２特別安全梯、Ａ３安全梯、自行車停放區、門廳兼梯廳、公設（信箱區）、Ｂ１特別安全梯、Ｂ２特別安全梯、Ｂ３安全梯、公設（宅配室）、機車車道、梯廳兼走廊、防空避難室兼停車空間、機車停車位、垃圾車暫停車位、垃圾暫存室、機房（設備室）、發電機室進風、發電機室排風、防災中心、機房、電信室、１Ｆ及公共電錶區、台電配電場所、泳池（水池）機房、發電機室、Ａ棟變電室、Ｂ棟變電室、Ａ棟水箱、Ｂ棟水箱、雨水回收池機房、消防水池、消防泵浦室、機械室、中繼層機房、自來水水箱、消防水箱、機械房等３９項。,鋼筋混凝土造,104年6月1日,二十一層,,持分移轉
RPQNMLMLOHLGFDF38DA,13,18.99,本共有部份之項目有：防空避難室兼供公眾停車空間、管委會空間、垃圾貯存空間、受電箱、台電配電場所、樓梯間、電信機房、排風管道間、進風管道間、蓄水池機房、防災中心、供公眾停車空間、發電機房、停車空間、污水機房、消防機房等１７項,鋼筋混凝土造,102年6月3日,二十四層,,持分移轉
RPUOMLSJNHLGFEF66DA,17,34.47,住家用,鋼筋混凝土造,98年2月18日,二十二層,三層 陽台,全筆移轉
RPUOMLSJNHLGFEF66DA,17,14.71,共有部分,鋼筋混凝土造,98年2月18日,二十二層,,持分移轉
RPSNMLRLNHLGFEF09DA,17,105.75,住家用,鋼筋混凝土造,98年6月11日,十二層,八層 陽台 雨遮,全筆移轉
RPSNMLRLNHLGFEF09DA,17,27.38,共有部分,鋼筋混凝土造,98年6月11日,十二層,,持分移轉
RPSNMLRLNHLGFEF09DA,17,19.41,共有部分,鋼筋混凝土造,98年6月11日,十二層,,持分移轉
RPTOMLMJOHLGFGF88DA,52,60.49,住家用,加強磚造,63年1月18日,四層,三層,全筆移轉
RPPNMLOKOHLGFGF68DA,27,59.41,住家用,鋼筋混凝土造,88年10月21日,五層,四層 陽台,全筆移轉
RPPNMLOKOHLGFGF68DA,27,11.01,共有部分,鋼筋混凝土造,88年10月21日,五層,,持分移轉
RPVNMLSJOHLGFHF07DA,8,120.53,集合住宅,鋼筋混凝土構造,107年9月4日,二十五層,三層 陽台 雨遮,全筆移轉
RPVNMLSJOHLGFHF07DA,8,3.68,共有部分，本共有部分項目：防災中心、排風機房、消防機房、緊急發電機房、垃圾清運暫停車位、垃圾暫存室、台電配電室、電信機房、進風機房、消防泵浦機房等１０項,鋼筋混凝土構造,107年9月4日,二十八層,,持分移轉
RPVNMLSJOHLGFHF07DA,8,6.70,共有部分，本共有部分項目：公益設施（閱覽室）、社區使用公益設施、社區使用公益設施（物管中心）、女廁、男廁、社區使用公益設施（健身房）、社區使用公益設施（桌球室）、社區使用公益設施（撞球室）、社區使用公益設施（多功能會議室）、社區使用公益設施（視廳室）、排煙室、機房、管道間、雨水回收機房等１４項,鋼筋混凝土構造,107年9月4日,二十八層,,持分移轉
RPVNMLSJOHLGFHF07DA,8,29.50,共有部分，本共有部分項目：排煙室、梯廳、社區使用公益設施（信箱室）、特別安全梯（Ａ）、特別安全梯（Ｂ）、消防中繼泵浦機房、機房空間、電梯機房、水箱機房、水錶室、Ａ棟蓄水池、Ａ棟水箱機房等１２項,鋼筋混凝土構造,107年9月4日,二十五層,,持分移轉
RPVNMLSJOHLGFHF07DA,8,4.40,共有部分，本共有部分項目：機車車道、機車停車空間等２項,鋼筋混凝土構造,107年9月4日,二十八層,,持分移轉
RPVNMLSJOHLGFHF07DA,8,39.22,共有部分，本共有部分項目：防空避難兼停車空間、停車空間、汽車車道等３項,鋼筋混凝土構造,107年9月4日,二十八層,,持分移轉
RPQNMLRLNHLGFDF78DA,30,140.84,住家用,鋼筋混凝土造,85年2月9日,四層,三層 四層 陽台 屋頂突出物 露台,全筆移轉
RPQNMLRLNHLGFDF78DA,30,39.68,防空避難室兼停車、電樓梯間,鋼筋混凝土造,85年2月9日,四層,,持分移轉
RPWOMLMLOHLGFGF76DA,41,89.50,住家用,鋼筋混凝土造,73年11月22日,五層,三層 陽台,全筆移轉
RPSNMLQLNHLGFIF76DA,12,186.09,集合住宅,鋼筋混凝土造,103年3月4日,十一層,八層 陽台 雨遮,全筆移轉
RPSNMLQLNHLGFIF76DA,12,98.14,本共有部分項目有：（管委會辦公室Ｃ、管委會辦公室Ｄ、緊急昇降機、梯廳、甲梯、乙梯、門廳（二）、車道Ａ、車道Ｂ、電梯間、水箱、電梯機房、防空避難室兼停車空間、緊急發電機室、資源回收室、排風管道、電信室、台電配電場所、停車空間、消防機房、蓄水池）等２１項。,鋼筋混凝土造,103年3月4日,十一層,,持分移轉
RPSNMLQLNHLGFIF76DA,12,19.60,本共有部分項目有：（梯廳、排煙室、緊急昇降機、甲梯、乙梯）等５項。,鋼筋混凝土造,103年3月4日,十一層,,持分移轉
RPSNMLQLNHLGFIF76DA,12,7.19,本共有部分項目有：（管委會辦公室Ａ、管委會辦公室Ｂ、管委會辦公室Ｅ、梯廳、陽台、雨遮）等６項。,鋼筋混凝土造,103年3月4日,十一層,,持分移轉
RPUNMLPLNHLGFEF09DA,25,29.24,辦公室,鋼筋混凝土造,90年7月13日,十四層,六層 陽台,全筆移轉
RPUNMLPLNHLGFEF09DA,25,9.71,共有部分,鋼筋混凝土造,90年7月13日,十四層,,持分移轉
RPTNMLMLOHLGFAF48EA,51,98.44,住家用,加強磚造,64年1月16日,三層,二層 陽台,全筆移轉
RPPNMLMLOHLGFBF18EA,23,96.94,住家用,鋼筋混凝土造,92年3月5日,八層,二層 陽台 雨遮,全筆移轉
RPPNMLMLOHLGFBF18EA,23,43.32,共有部分,鋼筋混凝土造,92年3月5日,八層,,持分移轉
RPPNMLMLOHLGFBF18EA,23,10.98,共有部分,鋼筋混凝土造,92年3月5日,八層,,持分移轉
RPPQMLPKOHLGFHF56DA,48,88.40,住家用,鋼筋混凝土造,67年9月25日,五層,四層 陽台,全筆移轉
RPUNMLMLNHLGFHF09DA,16,39.97,集合住宅,鋼筋混凝土構造,99年9月10日,十五層,十層 陽台 雨遮,全筆移轉
RPUNMLMLNHLGFHF09DA,16,7.88,本共有部分之項目有：１‧一層：樓梯間、騎樓等２項。２‧二至十五層：樓梯間。３‧屋頂突出物：樓梯間、機械室、水箱等３項。,鋼筋混凝土構造,99年9月10日,十五層,,持分移轉
RPUNMLMLNHLGFHF09DA,16,10.37,本共有部分之項目有：管委會空間、防空避難室兼停車空間、垃圾儲藏室、台電配電場所、樓梯間、停車空間、車道、進風管道、排風管道、發電機房、電信機房。地下一層：樓梯間、垃圾儲藏室、台電配電場所、防空避難室兼停車空間、車道、進風管道、排風管道。地下二層：樓梯間、停車空間、車道、進風管道、排風管道、發電機房、電信機房。地下三層：樓梯間、停車空間、車道、進風管道、排風管道、蓄水池。地下四層：樓梯間、停車空間、車道、進風管道、排風管道、蓄水池。,鋼筋混凝土構造,99年9月10日,十五層,,持分移轉
RPOOMLMLNHLGFHF58DA,27,58.87,辦公室,鋼筋混凝土造,88年9月6日,十三層,五層 陽台,全筆移轉
RPOOMLMLNHLGFHF58DA,27,15.81,共有部分,鋼筋混凝土造,88年9月6日,十三層,,持分移轉
RPQQMLSKOHLGFIF07DA,2,55.64,集合住宅,鋼筋混凝土造,113年8月23日,十層,四層 陽台,全筆移轉
RPQQMLSKOHLGFIF07DA,2,26.89,本共有部分之項目有：梯廳、一般升降機、緊急升降機、排煙室、Ａ１戶外安全梯、Ａ２戶外安全梯、管委會使用空間（一）、管委會使用空間（二）、管委會使用空間（三）、管委會使用空間（四）、管委會使用空間（五）、管委會使用空間（六）、管委會使用空間（七）、管委會使用空間（八）、無障礙室內通路、６米車道緩衝、無障礙廁所、Ａ３一般安全梯、Ｂ梯廳、Ｂ１一般安全梯、Ｂ２戶外安全梯、Ｃ梯廳、Ｃ１一般安全梯、Ｃ２戶外安全梯、Ａ樓梯間、機房、Ｂ樓梯間、Ｃ樓梯間、電梯機房、Ａ水箱、Ｂ水箱、Ｃ水箱、台電配電場所、Ａ梯間、防空避難室兼停車空間、緊急升降機間、電信機房、Ｂ梯間、裝卸車位、垃圾儲藏室、Ｃ梯間、樹穴下層、噴灌機房、停車空間、發電機房、污水機房、雨水設備等４７項。,鋼筋混凝土造,113年8月23日,十四層,,持分移轉
RPSNMLTKNHLGFCF98DA,10,92.96,集合住宅,鋼筋混凝土構造,105年10月18日,十八層,六層 陽台 雨遮,全筆移轉
RPQNMLPKNHLGFCF38DA,30,119.39,住家用,鋼筋混凝土造,85年7月10日,十六層,九層 陽台,全筆移轉
RPSNMLTKNHLGFCF98DA,10,18.83,共有部分,鋼筋混凝土構造,105年10月18日,十八層,,持分移轉
RPQNMLPKNHLGFCF38DA,30,27.18,共有部分,鋼筋混凝土造,85年7月10日,十七層,,持分移轉
RPSNMLTKNHLGFCF98DA,10,54.72,共有部分,鋼筋混凝土構造,105年10月18日,十八層,,持分移轉
RPQNMLPKNHLGFCF38DA,30,32.50,共有部分,鋼筋混凝土造,85年7月10日,十七層,,持分移轉
RPPOMLMKOHLGFAF97DA,29,146.12,住家用,鋼筋混凝土造,86年3月7日,十三層,七層 陽台 花台,全筆移轉
RPPOMLMKOHLGFAF97DA,29,10.29,一層電梯間、門廳、陽台、花台、地下一電梯間、受電箱室、配電室、地下二電梯間、發電機、水箱、突一電梯間、突二機械室、突三水箱,鋼筋混凝土造,86年3月7日,十三層,,持分移轉
RPPOMLMKOHLGFAF97DA,29,19.07,停車空間及防空避難室兼停車空間共同使用,鋼筋混凝土造,86年3月7日,十三層,,持分移轉
RPROMLNLOHLGFHF56EA,54,39.78,住家用,加強磚造,61年5月5日,二層,一層 二層 陽台 騎樓,持分移轉
RPTOMLMLOHLGFHF66EA,25,33.18,停車空間,鋼筋混凝土造,90年2月27日,十八層,地下二層,持分移轉
RPTOMLMLOHLGFHF66EA,25,1.03,共有部分,鋼筋混凝土造,90年2月27日,十八層,,持分移轉
RPXPMLSKOHLGFIF67DA,13,63.96,集合住宅,鋼筋混凝土造,102年7月5日,十一層,五層 陽台 雨遮,全筆移轉
RPXPMLSKOHLGFIF67DA,13,75.51,本共有部分包含防空避難室兼停車空間，梯間，樓梯，水箱，消防機房，電信機房，發電機房，停車空間，台電配電場所，機車停車空間，垃圾車暫停處，水景機房，垃圾處理空間，公共服務空間，梯廳，陽台，電梯機房等十七項。,鋼筋混凝土造,102年7月5日,十一層,,持分移轉
RPQNMLMLOHLGFCF38EA,23,148.43,住家用,鋼筋混凝土造,91年11月21日,十四層,十三層 陽台,全筆移轉
RPQNMLMLOHLGFCF38EA,23,64.28,共有部分,鋼筋混凝土造,91年11月21日,十四層,,持分移轉
RPROMLMLOHLGFHF09EA,30,117.25,住家用,鋼筋混凝土造,85年1月8日,二十三層,十三層 陽台 花台,全筆移轉
RPROMLMLOHLGFHF09EA,30,2.72,共有部分,鋼筋混凝土造,85年1月8日,二十三層,,持分移轉
RPROMLMLOHLGFHF09EA,30,.05,共有部分,鋼筋混凝土造,85年1月8日,地下層,,持分移轉
RPROMLMLOHLGFHF09EA,30,9.21,共有部分,鋼筋混凝土造,85年1月8日,地下層,,持分移轉
RPROMLMLOHLGFHF09EA,30,43.78,停車空間、防空避難室,鋼筋混凝土造,85年1月8日,二十三層,地下一層 地下二層 地下三層 地下四層,持分移轉
RPSNMLSKNHLGFIF86DA,33,91.54,廠房,鋼筋混凝土造,82年1月12日,五層,四層 陽台,全筆移轉
RPSNMLSKNHLGFIF86DA,33,4.53,共有部分,鋼筋混凝土造,82年1月12日,五層,,持分移轉
RPSNMLSKNHLGFIF86DA,33,3.35,共有部分,鋼筋混凝土造,82年1月12日,五層,,持分移轉
RPVSMLQKOHLGFAF76DA,,81.63,住家用,鋼筋混凝土造,,八層,七層 陽台 花台,全筆移轉
RPVSMLQKOHLGFAF76DA,,11.84,共有部分,鋼筋混凝土造,,八層,,持分移轉
RPVSMLQKOHLGFAF76DA,,3.33,共有部分,鋼筋混凝土造,,八層,,持分移轉
RPQNMLNLOHLGFDF58EA,31,50.67,住家用,鋼筋混凝土造,84年5月4日,七層,五層,全筆移轉
RPQNMLNLOHLGFDF58EA,31,13.96,共有部分,鋼筋混凝土造,84年5月4日,七層,,持分移轉
RPPPMLSKOHLGFAF68DA,1,40.86,集合住宅,鋼筋混凝土造,113年12月27日,二十二層,二層 陽台 雨遮,持分移轉
RPPPMLSKOHLGFAF68DA,1,37.21,本共有部分項目內容有管委會空間、無障礙電梯、緊急升降機、排煙室兼梯廳、無障礙特安梯、特安梯、無障礙安全梯、安全梯、儲藏室、梯廳、汽車車道、排煙室、機房、Ａ棟機房（水表空間）、Ａ棟消防中繼水箱、Ａ棟消防中繼機房、Ｂ棟機房（水表空間）、Ｂ棟消防中繼水箱、Ｂ棟消防中繼機房、Ａ棟屋頂水箱、Ａ棟電梯機房、Ｂ棟屋頂水箱、Ｂ棟電梯機房、停車空間、機車停車空間、緊急發電機房、防災中心、電汽設備室（台電配電場所）、垃圾及資源回收空間、機電設備空間（通風換氣設備機械室）、機電設備空間電信機械室（電信室）、Ａ棟水箱、Ｂ棟水箱、雨水回收機房、消防幫浦室（消防機房）等３５項。,鋼筋混凝土造,113年12月27日,二十二層,,持分移轉
RPRNMLSKOHLGFEF09DA,31,114.41,住家用,鋼筋混凝土造,84年1月21日,十三層,十一層 陽台 花台,全筆移轉
RPRNMLSKOHLGFEF09DA,31,7.64,共有部分,鋼筋混凝土造,84年1月21日,十三層,,持分移轉
RPTSMLRKOHLGFAF66DA,1,79.09,集合住宅,鋼筋混凝土造,114年4月28日,十五層,十層 陽台,全筆移轉
RPTSMLRKOHLGFAF66DA,1,87.48,本共有部分之項目有甲１戶外安全梯（無障礙樓梯）、甲２戶外安全梯、甲１無障礙昇降機、甲２緊急昇降機、甲排煙室、管委員會使用空間（一）、管委員會使用空間（二）、管委員會使用空間、梯廳（一）、乙排煙室、乙１戶外安全梯（無障礙樓梯）、乙２戶外安全梯、乙１無障礙昇降機、乙２緊急昇降機、管委員會使用空間（三）、管委員會使用空間（四）、梯廳（二）、丙排煙室、丙１戶外安全梯（無障礙樓梯）、丙２戶外安全梯、丙１無障礙昇降機、丙２緊急昇降機、甲梯廳、乙梯廳、丙梯廳、甲４安全梯、機電設備空間（水錶區）、甲梯間、乙４安全梯、乙梯間、丙４安全梯、丙梯間、甲３安全梯、消防水塔、水箱ａ３、乙３安全梯、水箱ｂ２、丙３安全梯、水箱ｃ２、甲機械室、乙機械室、丙機械室、台電配電場所（一）、排煙、進風、停車空間、機電設備空間（垃圾儲藏室）、機電設備空間（發電機房）、排風、乙３安全梯（無障礙樓梯）、台電配電場所（二）、水箱ｃ１、機電設備空間（電信機房）、機電設備空間（智能機房）、水箱ａ２、水箱ａ１、機電設備空間（消防泵浦機房）、防空避難室兼停車空間、機電設備空間（污水／雨水回收／噴灌機房）、水箱ｂ１、垃圾車位（裝卸車位）等６１項。,鋼筋混凝土造,114年4月28日,十五層,,持分移轉
RPORMLPKOHLGFAF48DA,4,70.12,集合住宅,鋼筋混凝土造,111年8月3日,十四層,六層 陽台,全筆移轉
RPORMLPKOHLGFAF48DA,4,26.86,本共有部分項目有：蓄水池Ａ、無障礙梯Ａ２、Ａ棟緊急昇降機、Ａ棟無障礙昇降機、電梯間Ａ（排煙室）、戶外安全梯Ａ２（無障礙梯）、室內安全梯Ａ１、信箱、梯廳Ａ、戶外安全梯Ａ２、緊急昇降機Ａ昇降機道、樓電梯間Ａ、安全梯Ａ２、無障礙昇降機Ａ昇降機道、水錶機房Ａ、安全梯Ａ２、昇降機房Ａ、水箱Ａ１、水箱Ａ２等１９項。,鋼筋混凝土造,111年8月3日,十四層,,持分移轉
RPORMLPKOHLGFAF48DA,4,50.10,本共有部分項目有：停車空間、發電機房、進風管道間、發電機房進風管道、發電機房排風管道、消防機房、汽車停車空間、電信機房、機車車道、機車停車空間（防空避難室兼停車空間）、汽車停車空間（防空避難室兼停車空間）、垃圾車停車位、垃圾暫存空間、廁所、台電配電場所、汽車車道、自行車停車空間、管委會二、無障礙廁所、儲藏室一、無障礙通路、走廊、Ｂ１Ｆ進風管道間、儲藏室二、陽台、梯廳、管委會一、公共服務空間（一至七）等２８項。,鋼筋混凝土造,111年8月3日,十四層,,持分移轉
RPROMLMLOHLGFAF28DA,34,79.46,住家用,鋼筋混凝土造,81年9月19日,十五層,九層 陽台,全筆移轉
RPOPMLMLOHLGFAF08DA,32,32.22,住家用,鋼筋混凝土造,83年6月14日,十五層,九層 陽台,全筆移轉
RPROMLMLOHLGFAF28DA,34,18.50,共有部分,鋼筋混凝土造,81年9月19日,十五層,,持分移轉
RPOPMLMLOHLGFAF08DA,32,.95,共有部分,鋼筋混凝土造,83年6月14日,十五層,,持分移轉
RPOPMLMLOHLGFAF08DA,32,5.40,共有部分,鋼筋混凝土造,83年6月14日,十五層,,持分移轉
RPTNMLOJOHLGFBF48DA,13,211.04,一般事務所,鋼骨鋼筋混凝土造,102年7月18日,二十二層,四層 陽台,全筆移轉
RPTNMLOJOHLGFBF48DA,13,38.78,本共有部分項目有排風機房、台電配電場所〈一、二〉、機電設備空間、機電設備空間〈一、二、三〉、游泳池機房、蓄水池〈公共〉、蓄水池、緊急發電機室、日用油箱室、警衛室、管理室、自行車停放區、進風機房、進氣機房、機車停車空間、電信機房〈一〉、電信室、防災中心、梯廳、樓電梯間、防空避難室兼停車空間、垃圾暫存區〈三〉、垃圾車暫停車位、儲藏室、廁所、汽車停車空間、消防幫浦室、雨水回收機房、一般零售業〈店舖〉、退縮騎樓、頂蓋型沿街式開放空間、廊道、入口大廳、陽台、商業門廳、無障礙廁所、走廊、健身服務業、泳池機房、門廳、自由職業事務所、商業管委會、管委會空間共４３項。,鋼骨鋼筋混凝土造,102年7月18日,二十六層,,持分移轉
RPTNMLOJOHLGFBF48DA,13,75.83,本共有部分項目有梯廳、梯廳兼排煙室、垃圾暫存區〈四〉、電表室〈Ｃ棟〉、樓電梯間、機電設備空間〈蓄水池Ｃ棟〉、大廳、排煙室、管道間、廁所、茶水間、機電設備空間、消防水箱、自來水箱、陽台、機房、水錶室、樓梯間、電梯機房、蓄水池共２０項。,鋼骨鋼筋混凝土造,102年7月18日,二十二層,,持分移轉
RPOOMLNLOHLGFBF18DA,21,78.21,住家用,鋼筋混凝土造,93年11月26日,十四層,十層 陽台 雨遮,全筆移轉
RPOOMLNLOHLGFBF18DA,21,44.42,共有部分,鋼筋混凝土造,93年11月26日,十四層,,持分移轉
RPPNMLOLNHLGFBF18DA,24,33.40,住家用,鋼筋混凝土造,90年12月19日,十三層,八層 陽台,全筆移轉
RPPNMLOLNHLGFBF18DA,24,3.90,共有部分,鋼筋混凝土造,90年12月19日,十三層,,持分移轉
RPPNMLOLNHLGFBF18DA,24,10.72,共有部分,鋼筋混凝土造,90年12月19日,十三層,,持分移轉
RPTOMLRLNHLGFBF98DA,11,94.55,集合住宅,鋼筋混凝土造,104年10月13日,十四層,十一層 陽台 雨遮,全筆移轉
RPTOMLRLNHLGFBF98DA,11,66.61,本共有部分之項目有樓電梯間、管委會使用空間、發電機室、停車空間、消防水箱、電梯機房及水箱等７項。,鋼筋混凝土造,104年10月13日,十四層,,持分移轉
RPQOMLSJOHLGFBF68DA,37,102.79,住家用,鋼筋混凝土造,78年3月11日,五層,五層 陽台 見其他登記事項,全筆移轉
RPVNNLOJOHLGFBF78DA,13,210.56,集合住宅,鋼筋混凝土造,102年4月15日,十九層,十四層 陽台 雨遮,全筆移轉
RPVNNLOJOHLGFBF78DA,13,3.99,商場,鋼筋混凝土造,102年4月15日,十九層,一層 二層,持分移轉
RPVNNLOJOHLGFBF78DA,13,133.43,本共有部分之項目有頂蓋型廣場式開放空間、門廳、梯廳、梯間、管理中心、自行車停車區、公共門廳、頂蓋型沿街式開放空間、汽車坡道、陽台、男性專用〈冷，熱水池，烤箱，蒸氣室，廁所〉、女性專用〈冷，熱水池，烤箱，蒸氣室，廁所〉、發電機室、排風管道、電信機房、水箱〈Ａ，Ｂ，Ｃ〉、公設水箱、垃圾儲藏空間〈Ａ，Ｂ，Ｃ〉、台電配電場所〈一，二〉、排煙室、防災中心、機房、消防中繼機房、中繼水箱、消防機房、消防泵浦室、電梯機房、水箱等二十八項。,鋼筋混凝土造,102年4月15日,十九層,,持分移轉
RPVNNLOJOHLGFBF78DA,13,1.84,本共有部分之項目有頂蓋型廣場式開放空間、門廳、梯廳、梯間、管理中心、自行車停車區、公共門廳、頂蓋型沿街式開放空間、汽車坡道、陽台、男性專用〈冷，熱水池，烤箱，蒸氣室，廁所〉、女性專用〈冷，熱水池，烤箱，蒸氣室，廁所〉、發電機室、排風管道、電信機房、水箱〈Ａ，Ｂ，Ｃ〉、公設水箱、垃圾儲藏空間〈Ａ，Ｂ，Ｃ〉、台電配電場所〈一，二〉、排煙室、防災中心、機房、消防中繼機房、中繼水箱、消防機房、消防泵浦室、電梯機房、水箱等二十八項。,鋼筋混凝土造,102年4月15日,十九層,,持分移轉
RPXQMLMKOHLGFBF09DA,12,121.06,集合住宅,鋼筋混凝土造,103年1月28日,十五層,十四層 陽台 雨遮,全筆移轉
RPXQMLMKOHLGFBF09DA,12,34.91,本共有部分之項目有機車坡道、公共服務空間、污水管道、進風管道、排水管道、緊急升降機、排煙室、特安梯、宅配櫃檯區、梯廳、門廳、接待櫃檯區、茶水區、家教室、琴房、球具間、自行車停車空間、ＫＴＶ室、健身設備區、ＹＯＧＡ教室、撞球區、停獎樓梯、陽台、預備建材置放空間、緊急發電機室、電錶室、垃圾儲藏室、垃圾車暫停處、台電配電箱區、台電配電場所、排風機室、進風機室、設備空間、宅配物品室兼司機休息室、廁所、管理員室、蓄水池設備室、水箱、電信機房、污水泵浦室、消防泵浦室、雨水回收設備空間、電梯升降路、電梯機械室、消防水箱及水錶室、水箱、停車空間等４７項。,鋼筋混凝土造,103年1月28日,十五層,,持分移轉
RPXQMLMKOHLGFBF09DA,12,19.51,本共有部分之項目有梯廳、陽台等２項。,鋼筋混凝土造,103年1月28日,十五層,,持分移轉
RPXQMLMKOHLGFBF09DA,12,95.07,本共有部分之項目有防空避難室兼停車空間、汽車坡道、進風管道、停車空間等４項。,鋼筋混凝土造,103年1月28日,十五層,,持分移轉
RPSTMLMLOHLGFBF98DA,30,68.63,住家用,鋼筋混凝土造,85年5月18日,七層,四層 陽台,全筆移轉
RPSTMLMLOHLGFBF98DA,30,9.63,共有部分,鋼筋混凝土造,85年5月18日,七層,,持分移轉
RPSTMLMLOHLGFBF98DA,30,11.99,共有部分,鋼筋混凝土造,85年5月18日,七層,,持分移轉
RPWPMLRLNHLGFBF76DA,22,63.47,住家用,鋼筋混凝土造,93年11月18日,十三層,九層 陽台 雨遮,全筆移轉
RPWPMLRLNHLGFBF76DA,22,33.74,共有部分,鋼筋混凝土造,93年11月18日,十三層,,持分移轉
RPWPMLRLNHLGFBF76DA,22,9.31,共有部分,鋼筋混凝土造,93年11月18日,十三層,,持分移轉
RPQNMLSKOHLGFDF88DA,34,163.94,住家用,鋼筋混凝土造,81年4月14日,五層,五層 陽台 夾層,全筆移轉
RPQNMLSKOHLGFDF88DA,34,4.18,共有部分,鋼筋混凝土造,81年4月14日,五層,,持分移轉
RPSNMLKKOHLGFDF28DA,,166.60,住家用,磚造,49年4月0日,三層,二層 三層,全筆移轉
RPPNMLQKOHLGFCF48DA,33,29.68,住家用,鋼筋混凝土造,82年3月10日,十四層,九層 陽台,全筆移轉
RPPNMLQKOHLGFCF48DA,33,4.08,共有部分,鋼筋混凝土造,82年3月10日,十四層,,持分移轉
RPORMLPJOHLGFCF58DA,21,56.79,住家用,鋼筋混凝土造,94年3月15日,十四層,八層 陽台,全筆移轉
RPQNMLRKOHLGFCF68DA,23,46.38,住家用,鋼筋混凝土造,91年11月21日,十四層,三層 陽台,全筆移轉
RPORMLPJOHLGFCF58DA,21,4.82,共有部分,鋼筋混凝土造,94年3月15日,十四層,,持分移轉
RPQNMLRKOHLGFCF68DA,23,11.87,共有部分,鋼筋混凝土造,91年11月21日,十四層,,持分移轉
RPORMLPJOHLGFCF58DA,21,1.01,共有部分,鋼筋混凝土造,94年3月15日,十四層,,持分移轉
RPORMLPJOHLGFCF58DA,21,14.56,共有部分,鋼筋混凝土造,94年3月15日,十四層,,持分移轉
RPWPMLMKOHLGFGF76DA,50,59.00,住家用,加強磚造,65年5月13日,四層,四層 陽台,全筆移轉
RPQOMLOJNHLGFEF48DA,33,102.93,住家用,鋼筋混凝土造,82年1月18日,十六層,六層 陽台 花台,全筆移轉
RPQOMLOJNHLGFEF48DA,33,47.64,共有部分,鋼筋混凝土造,82年1月18日,十六層,,持分移轉
RPVNMLMKOHLGFEF88DA,29,30.30,商業用,鋼筋混凝土造,86年2月5日,十一層,一層,全筆移轉
RPVNMLMKOHLGFEF88DA,29,4.97,共有部分,鋼筋混凝土造,86年2月5日,十一層,,持分移轉
RPTNMLPJOHLGFDF78DA,45,110.91,住家用,鋼筋混凝土造,70年7月3日,四層,一層 平台,全筆移轉
RPVNMLLKOHLGFEF78DA,26,119.11,住家用,鋼筋混凝土造,89年7月28日,十四層,十四層 陽台,全筆移轉
RPVNMLLKOHLGFEF78DA,26,.09,辦公室,鋼筋混凝土造,89年7月28日,十四層,一層,持分移轉
RPVNMLLKOHLGFEF78DA,26,.05,辦公室,鋼筋混凝土造,89年7月28日,十四層,二層 陽台,持分移轉
RPVNMLLKOHLGFEF78DA,26,.24,辦公室,鋼筋混凝土造,89年7月28日,十四層,一層 陽台,持分移轉
RPVNMLLKOHLGFEF78DA,26,.00,共有部分,鋼筋混凝土造,89年7月28日,十四層,,持分移轉
RPVNMLLKOHLGFEF78DA,26,.00,共有部分,鋼筋混凝土造,89年7月28日,十四層,,持分移轉
RPVNMLLKOHLGFEF78DA,26,5.33,共有部分,鋼筋混凝土造,89年7月28日,十四層,,持分移轉
RPVNMLLKOHLGFEF78DA,26,.01,共有部分,鋼筋混凝土造,89年7月28日,十四層,,持分移轉
RPVNMLLKOHLGFEF78DA,26,41.75,防空避難室兼停車空間,鋼筋混凝土造,89年7月28日,十四層,,持分移轉
RPVNMLLKOHLGFEF78DA,26,28.23,共有部分,鋼筋混凝土造,89年7月28日,十四層,,持分移轉
RPVNMLLKOHLGFEF78DA,26,.05,共有部分,鋼筋混凝土造,89年7月28日,十四層,,持分移轉
RPVNMLLKOHLGFEF78DA,26,.01,共有部分,鋼筋混凝土造,89年7月28日,十四層,,持分移轉
RPVNMLLKOHLGFEF78DA,26,.02,共有部分,鋼筋混凝土造,89年7月28日,十四層,,持分移轉
RPVNMLLKOHLGFEF78DA,26,.16,店舖,鋼筋混凝土造,89年7月28日,十四層,一層,持分移轉
RPVNMLLKOHLGFEF78DA,26,.02,共有部分,鋼筋混凝土造,89年7月28日,十四層,,持分移轉
RPVNMLLKOHLGFEF78DA,26,.05,共有部分,鋼筋混凝土造,89年7月28日,十四層,,持分移轉
RPQNMLQJOHLGFDF58DA,30,56.45,住家用,鋼筋混凝土造,85年10月14日,七層,二層 陽台,全筆移轉
RPQNMLQJOHLGFDF58DA,30,10.30,門廳、電梯間、樓梯間、屋頂突出物、機房、浦室、合電配電室、水箱,鋼筋混凝土造,85年10月14日,七層,,持分移轉
RPQNMLNLOHLGFDF48DA,29,83.66,住家用,鋼筋混凝土造,85年12月11日,十八層,二層 陽台 花台,全筆移轉
RPQNMLNLOHLGFDF48DA,29,19.49,走道、樓（電）梯間、排煙室、排風機房、配線架室、蓄水池、台電配電室、台電配電室管道間、發電機房、消防泵室、電梯機房、水箱,鋼筋混凝土造,85年12月11日,十八層,,持分移轉
RPQNMLNLOHLGFDF48DA,29,.60,住家用,鋼筋混凝土造,85年12月11日,十八層,,持分移轉
RPQNMLNLOHLGFDF48DA,29,1.86,招待所,鋼筋混凝土造,85年12月11日,十八層,,持分移轉
RPPOMLQKOHLGFGF98DA,31,72.70,住家用,鋼筋混凝土造,83年12月21日,十三層,八層 陽台 花台,全筆移轉
RPPOMLQKOHLGFGF98DA,31,10.93,共有部分,鋼筋混凝土造,83年12月21日,十三層,,持分移轉
RPQQMLMLOHLGFEF78DA,20,46.45,住家用,鋼筋混凝土造,94年12月5日,二十六層,三層 陽台,全筆移轉
RPQQMLMLOHLGFEF78DA,20,21.38,共有部分,鋼筋混凝土造,94年12月5日,二十六層,,持分移轉
RPPNMLOLOHLGFDF48DA,26,36.44,防空避難室兼停車空間,鋼筋混凝土造,88年12月2日,二十八層,地下一層 地下二層 地下三層 地下四層 地下五層,持分移轉
RPPNMLOLOHLGFDF48DA,26,.51,共有部分,鋼筋混凝土造,88年12月2日,二十八層,,持分移轉
RPQOMLTJOHLGFHF76DA,48,91.88,住家用,鋼筋混凝土造,67年9月15日,四層,三層 陽台,全筆移轉
RPRNMLRKOHLGFDF88DA,26,.16,其他日用品零售業及服務業,鋼筋混凝土造,88年12月2日,三層,地下二層,持分移轉
RPRNMLRKOHLGFDF88DA,26,.96,招待所,鋼筋混凝土造,88年12月2日,三層,地下二層,持分移轉
RPRNMLRKOHLGFDF88DA,26,.53,招待所,鋼筋混凝土造,88年12月2日,三層,地下二層,持分移轉
RPRNMLRKOHLGFDF88DA,26,3.62,招待所,鋼筋混凝土造,88年12月2日,三層,地下二層 地下三層,持分移轉
RPRNMLRKOHLGFDF88DA,26,24.29,防空避難室兼停車空間,鋼筋混凝土造,88年12月2日,二十八層,地下一層 地下二層 地下三層 地下四層 地下五層,持分移轉
RPRNMLRKOHLGFDF88DA,26,.07,共有部分,鋼筋混凝土造,88年12月2日,二十八層,,持分移轉
RPRNMLRKOHLGFDF88DA,26,.25,共有部分,鋼筋混凝土造,88年12月2日,二十八層,,持分移轉
RPRNMLRKOHLGFDF88DA,26,1.01,共有部分,鋼筋混凝土造,88年12月2日,二十八層,,持分移轉
RPRNMLRKOHLGFDF88DA,26,6.10,共有部分,鋼筋混凝土造,88年12月2日,二十八層,,持分移轉
RPRNMLRKOHLGFDF88DA,26,.34,共有部分,鋼筋混凝土造,88年12月2日,二十八層,,持分移轉
RPRNMLRKOHLGFDF88DA,26,.04,共有部分,鋼筋混凝土造,88年12月2日,二十八層,,持分移轉
RPRNMLRKOHLGFDF88DA,26,.02,共有部分,鋼筋混凝土造,88年12月2日,二十八層,,持分移轉
RPRNMLRKOHLGFDF88DA,26,1.01,共有部分,鋼筋混凝土造,88年12月2日,十二層,,持分移轉
RPRNMLRKOHLGFDF88DA,26,.11,共有部分,鋼筋混凝土造,88年12月2日,三層,,持分移轉
RPRNMLRKOHLGFDF88DA,26,.41,共有部分,鋼筋混凝土造,88年12月2日,三層,,持分移轉
RPRNMLRKOHLGFDF88DA,26,.06,共有部分,鋼筋混凝土造,88年12月2日,三層,,持分移轉
RPRNMLRKOHLGFDF88DA,26,.04,共有部分,鋼筋混凝土造,88年12月2日,三層,,持分移轉
RPRNMLRKOHLGFDF88DA,26,.05,共有部分,鋼筋混凝土造,88年12月2日,二十八層,,持分移轉
RPRNMLRKOHLGFDF88DA,26,.18,共有部分,鋼筋混凝土造,88年12月2日,二十八層,,持分移轉
RPRNMLRKOHLGFDF88DA,26,5.26,共有部分,鋼筋混凝土造,88年12月2日,二十八層,,持分移轉
RPRNMLRKOHLGFDF88DA,26,87.60,住家用,鋼筋混凝土造,88年12月2日,二十五層,十七層 陽台,全筆移轉
RPRNMLRKOHLGFDF88DA,26,23.53,共有部分,鋼筋混凝土造,88年12月2日,二十五層,,持分移轉
RPRNMLRKOHLGFDF88DA,26,.64,共有部分,鋼筋混凝土造,88年12月2日,二十五層,,持分移轉
RPRNMLRKOHLGFDF88DA,26,.01,共有部分,鋼筋混凝土造,88年12月2日,三層,,持分移轉
RPRNMLRKOHLGFDF88DA,26,.03,共有部分,鋼筋混凝土造,88年12月2日,三層,,持分移轉
RPWNMLKKOHLGFHF09DA,36,156.22,住家用,鋼筋混凝土造,79年9月15日,十四層,六層 陽台,全筆移轉
RPWNMLKKOHLGFHF09DA,36,20.01,共有部分,鋼筋混凝土造,79年9月15日,十四層,,持分移轉
RPSNMLSKOHLGFHF86DA,29,171.03,住家用,鋼筋混凝土造,86年9月1日,七層,六層 陽台,全筆移轉
RPSNMLSKOHLGFHF86DA,29,75.17,共有部分,鋼筋混凝土造,86年9月1日,七層,,持分移轉
RPSNMLSKOHLGFHF86DA,29,36.97,共有部分,鋼筋混凝土造,86年9月1日,七層,,持分移轉
RPQNMLNLOHLGFBF38EA,41,95.29,住家用,鋼筋混凝土造,74年3月20日,五層,二層 陽台,全筆移轉
RPUNMLMLOHLGFHF56DA,32,88.61,商業用,鋼筋混凝土造,83年1月28日,十九層,七層,全筆移轉
RPUNMLMLOHLGFHF56DA,32,20.67,共有部分,鋼筋混凝土造,83年1月28日,十九層,,持分移轉
RPUNMLMLOHLGFHF56DA,32,16.07,共有部分,鋼筋混凝土造,83年1月28日,十九層,,持分移轉
RPPOMLRJNHLGFHF98DA,31,72.68,住家用,鋼筋混凝土造,84年10月14日,十五層,八層 陽台 花台,全筆移轉
RPPOMLRJNHLGFHF98DA,31,16.32,共有部分,鋼筋混凝土造,84年10月14日,十五層,,持分移轉
RPPOMLRJNHLGFHF98DA,31,38.75,共有部分,鋼筋混凝土造,84年10月14日,十五層,,持分移轉
RPPQMLSKOHLGFIF96DA,30,77.53,住家用,鋼筋混凝土造,85年2月15日,十三層,八層 陽台,全筆移轉
RPPQMLSKOHLGFIF96DA,30,18.01,樓梯間、防空避難室、屋頂突出物,鋼筋混凝土造,85年2月15日,十四層,,持分移轉
RPQOMLMLOHLGFGF78DA,51,95.33,住家用,加強磚造,63年11月2日,四層,四層 陽台,全筆移轉
RPSOMLOJOHLGFHF09DA,20,13.79,共有部分,鋼筋混凝土造,95年6月29日,二十八層,,持分移轉
RPPOMLRLNHLGFHF56DA,19,95.88,住家用,鋼筋混凝土造,96年8月28日,二十一層,十七層 陽台,全筆移轉
RPPOMLRLNHLGFHF56DA,19,13.07,共有部分,鋼筋混凝土造,96年8月28日,二十一層,,持分移轉
RPPOMLRLNHLGFHF56DA,19,40.87,共有部分,鋼筋混凝土造,96年8月28日,二十一層,,持分移轉
RPPOMLRLNHLGFHF56DA,19,24.49,共有部分,鋼筋混凝土造,96年8月28日,二十一層,,持分移轉
RPUNMLNLOHLGFBF78EA,27,.02,管理中心,鋼筋混凝土造,88年4月9日,十八層,一層,持分移轉
RPUNMLNLOHLGFBF78EA,27,.38,辦公室,鋼筋混凝土造,88年4月9日,二十六層,地下一層,持分移轉
RPVNMLNLOHLGFBF88EA,19,88.93,住家用,鋼筋混凝土造,96年9月27日,十五層,十二層 陽台,全筆移轉
RPUNMLNLOHLGFBF78EA,27,40.69,住家用,鋼筋混凝土造,88年4月9日,十八層,五層 陽台,全筆移轉
RPVNMLNLOHLGFBF88EA,19,67.75,共有部分,鋼筋混凝土造,96年9月27日,十五層,,持分移轉
RPUNMLNLOHLGFBF78EA,27,.01,共有部分,鋼筋混凝土造,88年4月9日,十八層,,持分移轉
RPUNMLNLOHLGFBF78EA,27,10.57,共有部分,鋼筋混凝土造,88年4月9日,十八層,,持分移轉
RPUNMLNLOHLGFBF78EA,27,.00,共有部分,鋼筋混凝土造,88年4月9日,二十六層,,持分移轉
RPUNMLNLOHLGFBF78EA,27,.04,共有部分,鋼筋混凝土造,88年4月9日,二十六層,,持分移轉
RPUNMLNLOHLGFBF78EA,27,4.16,共有部分,鋼筋混凝土造,88年4月9日,二十六層,,持分移轉
RPVNMLSKOHLGFDF86EA,,96.20,集合住宅,鋼筋混凝土構造,115年3月11日,八層,七層 陽台,全筆移轉
RPVNMLSKOHLGFDF86EA,,41.44,共有部分，本共有部分項目有：甲梯、乙梯、梯廳、無障礙電梯、車道、排風管道、消防泵浦機房、雨水機房、緊急發電室、台電配電場所、電信機房、水箱、污物處理機房、管委會空間、樓電梯間、樓梯間、消防水箱、電梯機房等１８項。,鋼筋混凝土構造,115年3月11日,八層,,持分移轉
RPVNMLSKOHLGFDF86EA,,34.31,共有部分，本共有部分項目有：車道、停車空間等２項。,鋼筋混凝土構造,115年3月11日,八層,,持分移轉
RPQOMLPKOHLGFEF88EA,29,6.27,共有部分,鋼筋混凝土造,85年12月28日,二十二層,,持分移轉
RPQOMLPKOHLGFEF88EA,29,17.23,住家用,鋼筋混凝土造,85年12月28日,十八層,十五層 陽台,持分移轉
RPUOMLMLOHLGFHF76EA,33,98.78,住家用,鋼筋混凝土造,82年9月14日,五層,一層 平台,全筆移轉
RPUOMLMLOHLGFHF76EA,33,27.38,停車場,鋼筋混凝土造,82年9月14日,五層,地下層,持分移轉
RPUOMLMLOHLGFHF76EA,33,7.13,共有部分,鋼筋混凝土造,82年9月14日,五層,,持分移轉
RPXOMLPKOHLGFEF96EA,29,102.37,工業用,鋼筋混凝土造,86年4月30日,二十一層,十五層 陽台 花台,全筆移轉
RPXOMLPKOHLGFEF96EA,29,35.07,共有部分,鋼筋混凝土造,86年4月30日,二十一層,,持分移轉
RPXOMLPKOHLGFEF96EA,29,14.27,共有部分,鋼筋混凝土造,86年4月30日,二十一層,,持分移轉
RPQNMLRKOHLGFEF88DA,31,107.00,住家用,鋼筋混凝土造,84年6月12日,十四層,十一層 陽台 花台,全筆移轉
RPQNMLRKOHLGFEF88DA,31,6.13,共有部分,鋼筋混凝土造,84年6月12日,十四層,,持分移轉
RPQNMLRKOHLGFEF88DA,31,41.15,共有部分,鋼筋混凝土造,84年6月12日,十四層,,持分移轉
RPTPMLPKOHLGFEF56DA,8,65.50,住家用,鋼筋混凝土造,106年12月29日,二十六層,六層 陽台 雨遮,全筆移轉
RPTPMLPKOHLGFEF56DA,8,45.79,本共有部分項目：騎樓、接待大廳、梯廳、管委會使用空間、排煙室、陽台、緩衝空間６＊１２、人行通廊、走道、防災中心、商業管委會使用空間、女廁、男廁、男按摩池、女按摩池、男更衣室、女更衣室、樓梯間、機房、機械室、水箱、中繼消防水箱、泵浦區、中繼消防機房、Ｂ梯廳排煙室、Ｂ棟電錶室、昇降機坑、排風機房、電信室（Ａ）、台電配電室（Ｄ）、受電箱通道、Ｈ梯廳排煙室、Ｈ棟電錶室、停車空間、Ｉ棟電錶室、Ｉ梯廳排煙室、電信室（Ｂ）、儲油室、緊急發電機室（Ｂ）（兼大公變電室）、台電配電室（Ｃ）、Ｆ棟電錶室、Ｆ梯廳排煙室、消防中繼水箱、消防中繼機房（兼揚水泵浦機房）、游泳池專用水箱－１、游泳池專用水箱－２、Ｅ梯廳排煙室、Ｅ棟電錶室、Ａ梯廳排煙室、Ａ棟電錶室、緊急發電機室（Ａ）（兼大公變電室）、垃圾儲藏室、游泳池機房、車道、防空避難室兼停車空間、排風管道、進風管道、Ｃ梯廳排煙室、Ｃ棟電錶室、台電配電室（Ｂ）、Ｄ梯廳排煙室、Ｄ棟電錶室、Ａ棟小公變電室、Ｈ棟小公變電室、Ｉ棟小公變電室、Ｅ棟水箱－１、Ｅ棟小公變電室、Ｄ棟水箱－１、Ｃ棟小公變電室、Ｄ棟小公變電室、Ｂ棟小公變電室、Ｅ棟水箱－２、Ｄ棟水箱－２、Ｆ棟小公變電室、Ａ棟水箱、Ｂ棟水箱、共同泵浦區、Ｈ棟水箱、Ｉ棟水箱、消防泵浦室、雨水過濾機房、Ｆ棟水箱、Ｃ棟水箱、住宅臨停車位１～５４、商業臨停車位１～２０、裝卸車位１～３、＃３、＃６、＃９、＃１２、＃１５、＃１８、＃２１、＃２４緊急昇降機（行動不便者電梯）、安全梯（Ｃ）、安全梯（Ｂ）、垃圾車位、機車停車空間、安全梯（Ａ）、特別安全梯（Ａ）、特別安全梯（Ｂ）、ａ梯、ｂ梯、ｃ梯、台電配電室（Ａ）、＃２５昇降機、＃２６昇降機等１０７項。,鋼筋混凝土造,106年12月29日,二十七層,,持分移轉
RPVPMLQKOHLGFEF86DA,8,71.17,住家用,鋼筋混凝土造,106年12月29日,二十七層,三層 陽台,全筆移轉
RPVPMLQKOHLGFEF86DA,8,63.88,本共有部分項目：騎樓、接待大廳、梯廳、管委會使用空間、排煙室、陽台、緩衝空間６＊１２、人行通廊、走道、防災中心、商業管委會使用空間、女廁、男廁、男按摩池、女按摩池、男更衣室、女更衣室、樓梯間、機房、機械室、水箱、中繼消防水箱、泵浦區、中繼消防機房、Ｂ梯廳排煙室、Ｂ棟電錶室、昇降機坑、排風機房、電信室（Ａ）、台電配電室（Ｄ）、受電箱通道、Ｈ梯廳排煙室、Ｈ棟電錶室、停車空間、Ｉ棟電錶室、Ｉ梯廳排煙室、電信室（Ｂ）、儲油室、緊急發電機室（Ｂ）（兼大公變電室）、台電配電室（Ｃ）、Ｆ棟電錶室、Ｆ梯廳排煙室、消防中繼水箱、消防中繼機房（兼揚水泵浦機房）、游泳池專用水箱－１、游泳池專用水箱－２、Ｅ梯廳排煙室、Ｅ棟電錶室、Ａ梯廳排煙室、Ａ棟電錶室、緊急發電機室（Ａ）（兼大公變電室）、垃圾儲藏室、游泳池機房、車道、防空避難室兼停車空間、排風管道、進風管道、Ｃ梯廳排煙室、Ｃ棟電錶室、台電配電室（Ｂ）、Ｄ梯廳排煙室、Ｄ棟電錶室、Ａ棟小公變電室、Ｈ棟小公變電室、Ｉ棟小公變電室、Ｅ棟水箱－１、Ｅ棟小公變電室、Ｄ棟水箱－１、Ｃ棟小公變電室、Ｄ棟小公變電室、Ｂ棟小公變電室、Ｅ棟水箱－２、Ｄ棟水箱－２、Ｆ棟小公變電室、Ａ棟水箱、Ｂ棟水箱、共同泵浦區、Ｈ棟水箱、Ｉ棟水箱、消防泵浦室、雨水過濾機房、Ｆ棟水箱、Ｃ棟水箱、住宅臨停車位１～５４、商業臨停車位１～２０、裝卸車位１～３、＃３、＃６、＃９、＃１２、＃１５、＃１８、＃２１、＃２４緊急昇降機（行動不便者電梯）、安全梯（Ｃ）、安全梯（Ｂ）、垃圾車位、機車停車空間、安全梯（Ａ）、特別安全梯（Ａ）、特別安全梯（Ｂ）、ａ梯、ｂ梯、ｃ梯、台電配電室（Ａ）、＃２５昇降機、＃２６昇降機等１０７項。,鋼筋混凝土造,106年12月29日,二十七層,,持分移轉
RPSNMLMLOHLGFCF58EA,49,104.17,住家用,鋼筋混凝土造,66年9月10日,四層,三層 陽台,全筆移轉
RPRNMLNLOHLGFDF68EA,6,.71,住宅,鋼筋混凝土構造,109年3月19日,五層,一層 二層 三層 四層 五層 陽台 屋頂突出物 地下一層,持分移轉
RPRNMLNLOHLGFDF68EA,1,62.80,集合住宅,鋼筋混凝土構造,114年8月29日,十一層,四層 陽台 雨遮,全筆移轉
RPRNMLNLOHLGFDF68EA,1,71.00,共有部分，本共有部分項目有：陽台、管委會使用空間、管委會使用空間２、管委會使用空間３、管委會使用空間４、走廊１、走廊２、梯廳、排煙室、管委會使用空間５、管委會使用空間６、管委會使用空間７、無障礙廁所、備品室、廁所、梯間、水箱、消防水箱、電梯機房、停車空間、電信機房、發電機房、台電配電場所、台電受電箱、資源回收空間、垃圾廚餘冷藏、作業空間、垃圾車暫停車位、機房、防空避難室兼停車空間、消防機房、噴灌機房、污水機房等３３項。,鋼筋混凝土構造,114年8月29日,十一層,,持分移轉
RPPNMLNLOHLGFCF38EA,17,28.08,住家用,鋼筋混凝土造,98年4月9日,十九層,六層 陽台,全筆移轉
RPPNMLNLOHLGFCF38EA,17,1.89,本共有部分之項目如下：１、地下４層消防地上水箱、Ａ＋Ｂ棟樓梯間、機房。２、地下３層水箱泵浦機房、蓄水池、自備變電室、樓梯間、排風機房、排風管道、水箱間、蓄水池、停車場進風管道、機房、消防幫組室、進風機房、水箱間、蓄水池、污水機房。３、地下２層污水處理專用場、樓梯間、排風機房、排風管道、機房﹝一﹞、機房﹝二﹞、進風管道、機坑、進風機房、固網機房、機車區、機車位。４、地下１層電信室、台電配電室﹝三﹞、受電箱室、樓梯間、梯廳、台電配電室﹝四﹞、排風管道、電信室、受電箱室。５、１Ｆ防災中心、樓梯間、台電管道間。６、２Ｆ樓梯間、台電管道間。７、３Ｆ樓梯間。８、４ＦＢ樓梯間。９、５Ｆ管委會辦公室、樓梯間。,鋼骨造、鋼骨鋼筋混凝土造、鋼筋混凝土造,98年4月9日,二十七層,,持分移轉
RPPNMLNLOHLGFCF38EA,17,2.78,本共有部分之項目如下：１、地下４層Ａ＋Ｂ棟電梯間、梯廳、樓、電梯間、梯廳。２、地下３層電梯間梯廳、樓、電梯間、梯廳。３、地下２層、Ａ＋Ｂ棟電梯間、樓、電梯間、管道間、樓、電梯間、梯廳。４、地下１層電梯間、樓、電梯間、梯廳、台電管道間。５、１ＦＡＢ棟住宅轉換門廳、電梯間【含陽台】、住宅轉換門廳、住宅門廳【含陽台】。６、２Ｆ電梯間、樓電梯間、梯廳、樓電梯間ＣＤ棟梯廳、樓電梯間、Ｅ棟梯廳、樓電梯間、Ｆ棟梯廳。７、３Ｆ會館【１＋２期住公】、景觀廊道、廊道、涼亭、樓梯間、樓電梯間、ＡＢ棟梯廳、樓電梯間、Ｃ棟梯廳、樓電梯間、Ｄ棟梯廳、樓梯間、梯廳。,鋼骨造、鋼骨鋼筋混凝土造、鋼筋混凝土造,98年4月9日,二十七層,,持分移轉
RPPNMLNLOHLGFCF38EA,17,1.30,本共有部分之項目如下：１、地下四層停車空間兼防空避難室、車道。２、地下三層停車空間兼防空避難室、車道。３、地下二層停車空間兼防空避難室、車道。４、地下一層汽車車道。５、一層汽車車道、陽台。,鋼骨造、鋼骨鋼筋混凝土造、鋼筋混凝土造,98年4月9日,二十七層,,持分移轉
RPPNMLNLOHLGFCF38EA,17,7.35,本共有部分之項目如下：１、地下３層ＡＢ棟垃圾處理室、ＣＤ棟垃圾處理室。２、４ＦＢ樓梯間、Ｂ電梯間、Ｂ樓電梯間、Ｃ樓電梯間、Ｄ樓電梯間。３、５Ｆ樓梯間、Ｂ樓電梯間梯廳、Ｃ樓電梯間梯廳、Ｄ樓電梯間梯廳走道及雨遮。４、６ＦＡ樓電梯間梯廳〈Ａ棟五樓處〉、Ａ門廳、儲藏室、通道、陽台〈Ａ棟五樓處〉、Ｂ樓電梯間、Ｂ棟梯廳〈含陽台〉、Ｂ樓電梯間梯廳、Ｃ樓電梯間梯廳、Ｄ樓電梯間梯廳、走道及雨遮。５、７ＦＡ樓電梯間、梯廳〈Ａ棟六樓處〉、Ｂ樓電梯間梯廳、Ｃ樓電梯間梯廳、Ｄ樓電梯間梯廳、走道及雨遮。６、８ＦＡ樓電梯間、梯廳〈Ａ棟七樓處〉、Ｂ樓電梯間梯廳、Ｃ樓電梯間梯廳、Ｄ樓電梯間梯廳、走道及雨遮。７、９ＦＡ樓電梯間、梯廳〈Ａ棟八樓處〉、Ｂ樓電梯間梯廳、Ｃ樓電梯間梯廳、Ｄ樓電梯間梯廳、走道及雨遮。８、１０ＦＢ住宅中繼水箱及消防中繼水箱、Ｃ住宅中繼水箱及消防中繼水箱、Ｄ消防中繼水箱、Ａ樓電梯間梯廳〈Ａ棟九樓處〉、Ｂ樓電梯間梯廳、Ｃ樓電梯間梯廳、Ｄ樓電梯間梯廳、走道及雨遮。９、１１ＦＡ樓電梯間、梯廳〈Ａ棟十樓處〉、Ｂ樓電梯間梯廳、Ｃ樓電梯間梯廳、Ｄ樓電梯間梯廳、走道及雨遮。１０、１２ＦＡ樓電梯間、梯廳〈Ａ棟十一樓處〉、Ｂ樓電梯間梯廳、Ｃ樓電梯間梯廳、Ｄ樓電梯間梯廳、走道及雨遮。１１、１３ＦＡ樓屋突一層、Ｂ樓電梯間梯廳、Ｃ樓電梯間梯廳、Ｄ樓電梯間梯廳、走道及雨遮。１２、１４ＦＡ棟屋突二層、樓電梯間、水箱、電梯機房、Ｂ樓電梯間梯廳、Ｃ樓電梯間梯廳、Ｄ樓電梯間梯廳、走道及雨遮。１３、１５ＦＡＢ樓電梯間梯廳、Ｃ樓電梯間梯廳、Ｄ樓電梯間梯廳、走道及雨遮。１４、１６ＦＡＢ樓電梯間梯廳、Ｃ樓電梯間梯廳、Ｄ樓電梯間梯廳、走道及雨遮。１５、１７ＦＡＢ樓電梯間梯廳、Ｃ樓電梯間梯廳、Ｄ樓電梯間梯廳、走道及雨遮。１６、１８ＦＢ棟屋突一層、樓電梯間、Ｃ樓電梯間梯廳、Ｄ樓電梯間梯廳、走道及雨遮。１７、１９ＦＢ棟屋突二層、電梯機房、樓梯間、水箱、Ｃ樓電梯間梯廳、Ｄ樓電梯間梯廳、走道及雨遮。１８、Ｃ棟屋突一層、樓電梯間、Ｄ棟屋突一層、樓電梯間。１９、Ｃ棟屋突二層、樓梯間、電梯機房、水箱、Ｄ棟屋突二層、樓梯間、電梯機房、水箱。,鋼骨造、鋼筋混凝土造,98年4月9日,十九層,,持分移轉
RPPPMLLLNHLGFAF97DA,,94.20,住家用,鋼筋混凝土造,,五層,三層 陽台,全筆移轉
RPPPMLLLNHLGFAF97DA,,6.49,共有部分,鋼筋混凝土造,,五層,,持分移轉
RPPNMLNLOHLGFEF58EA,18,32.39,住家用,鋼筋混凝土造,97年9月9日,二十九層,二十一層 陽台,全筆移轉
RPPNMLNLOHLGFEF58EA,18,18.84,共有部分,鋼筋混凝土造,97年9月9日,二十九層,,持分移轉
RPQSMLPKOHLGFAF78DA,6,44.32,集合住宅,鋼筋混凝土造,109年4月20日,十五層,六層 陽台 雨遮,全筆移轉
RPQSMLPKOHLGFAF78DA,6,22.05,本共有部分之項目有：管委會空間、汽車坡道、通廊、警衛亭、門廳、無障礙戶外安全梯Ｂ１、無障礙戶外安全梯Ｃ１、戶外安全梯Ａ２、戶外安全梯Ｂ２、戶外安全梯Ｃ２、緊急用昇降機Ａ１、緊急用昇降機Ｂ１、緊急用昇降機Ｃ１、無障礙昇降機Ａ２、無障礙昇降機Ｂ２、無障礙昇降機Ｃ２、排煙室、管理室、梯廳、無障礙安全梯Ａ１、無障礙樓梯安全梯、消防水箱、梯間、水箱、電梯機房、防空避難室兼停車空間、電信機房、電錶空間、緊急發電機室、無障礙安全梯Ｃ１、垃圾儲集室１、排煙室Ａ、排煙室Ｂ、排煙室Ｃ、台電配電場所、垃圾儲集室２、垃圾車暫停區、停車空間、機房、蓄水池Ａ、蓄水池Ｂ、蓄水池Ｃ、消防泵浦室等４３項,鋼筋混凝土造,109年4月20日,十五層,,持分移轉
RPROMLMKOHLGFAF18DA,1,55.52,集合住宅,鋼筋混凝土造,114年10月9日,十五層,五層 陽台,全筆移轉
RPROMLMKOHLGFAF18DA,1,51.04,本共有部分之項目有：管委會空間１～９、Ｃ－甲梯、無障礙梯安全梯、Ｂ２無障礙梯戶外安全梯、Ｂ梯、排煙室、緊急升降機、無障礙升降機、Ｂ１戶外安全梯、走廊、梯廳、Ａ梯、Ａ１戶外安全梯、Ａ２無障礙梯戶外安全梯、陽台、Ａ梯樓梯間、Ａ１安全梯、Ｂ梯樓梯間、Ｂ１安全梯、Ａ水箱、Ｂ水箱、電梯機房、防空避難室兼停車空間、緊急發電機室、機車停車空間、台電配電場所、垃圾儲藏室、垃圾車臨時停車位、臨時停車位、電信室、雨汙水機房、停車空間、消防機房、機房等４２項。,鋼筋混凝土造,114年10月9日,十五層,,持分移轉
RPWOMLMKOHLGFBF78DA,31,56.99,住家用,鋼筋混凝土造,84年6月8日,十七層,一層 平台,全筆移轉
RPWOMLMKOHLGFBF78DA,31,3.50,共有部分,鋼筋混凝土造,84年6月8日,十七層,,持分移轉
RPQTMLTKNHLGFAF56DA,49,78.50,住家用,鋼筋混凝土造,66年6月27日,四層,三層 陽台,全筆移轉
RPQNMLMLOHLGFIF98EA,42,97.07,住家用,鋼筋混凝土造,73年3月17日,五層,三層 陽台,全筆移轉
RPROMLLJOHLGFAF97DA,50,71.77,住家用,加強磚造,64年11月14日,四層,四層,全筆移轉
RPPNMLMLOHLGFIF88EA,40,92.96,住商用,鋼筋混凝土造,75年8月12日,五層,一層 平台 騎樓,全筆移轉
RPQRMLKKOHLGFAF18DA,31,119.07,住家用,鋼筋混凝土造,84年11月16日,十六層,十三層 陽台,全筆移轉
RPQRMLKKOHLGFAF18DA,31,4.99,共有部分,鋼筋混凝土造,84年11月16日,十六層,,持分移轉
RPQRMLKKOHLGFAF18DA,31,8.15,共有部分,鋼筋混凝土造,84年11月16日,十六層,,持分移轉
RPQRMLKKOHLGFAF18DA,31,1.96,共有部分,鋼筋混凝土造,84年11月16日,十六層,,持分移轉
RPXNMLRKOHLGFCF76DA,30,74.86,住家用,鋼筋混凝土造,85年9月19日,二層,一層 陽台 花台,全筆移轉
RPXNMLRKOHLGFCF76DA,30,9.70,共有部分,鋼筋混凝土造,85年9月19日,二層,,持分移轉
RPXNMLRKOHLGFCF76DA,30,9.10,共有部分,鋼筋混凝土造,85年9月19日,二層,,持分移轉
RPPNMLNLOHLGFDF38DA,34,103.08,住家用,鋼筋混凝土造,81年11月27日,五層,四層 陽台,全筆移轉
RPPNMLNLOHLGFDF38DA,34,5.32,共有部分,鋼筋混凝土造,81年11月27日,五層,,持分移轉
RPWNMLSKOHLGFDF86DA,33,134.03,住家用,鋼筋混凝土造,81年11月30日,十八層,三層 陽台 花台,全筆移轉
RPWNMLSKOHLGFDF86DA,33,9.57,共有部分,鋼筋混凝土造,81年11月30日,十八層,,持分移轉
RPWNMLSKOHLGFDF86DA,33,.80,共有部分,鋼筋混凝土造,81年11月30日,十八層,,持分移轉
RPWNMLSKOHLGFDF86DA,33,38.90,見使用執照,鋼筋混凝土造,81年11月30日,十八層,地下三層,持分移轉
RPWNMLSKOHLGFDF86DA,33,.44,共有部分,鋼筋混凝土造,81年11月30日,十八層,,持分移轉
RPWQMLLLNHLGFAF78DA,29,43.37,住家用,鋼筋混凝土造,86年3月14日,十八層,九層 陽台,全筆移轉
RPWQMLLLNHLGFAF78DA,29,4.74,共有部分,鋼筋混凝土造,86年3月14日,十八層,,持分移轉
RPWQMLLLNHLGFAF78DA,29,1.28,蓄水池、泵浦室、電樓梯間、屋頂突出物,鋼筋混凝土造,86年3月14日,十八層,,持分移轉
RPWQMLLLNHLGFAF78DA,29,8.20,電樓梯間,鋼筋混凝土造,86年3月14日,十八層,,持分移轉
RPPNMLLMNHLGFCF08DA,42,54.70,住家用,鋼筋混凝土造,73年1月14日,五層,五層,全筆移轉
RPPOMLTLNHLGFCF88DA,22,42.02,住家用,鋼筋混凝土造,92年12月1日,十四層,十四層 陽台,全筆移轉
RPPOMLTLNHLGFCF88DA,22,13.69,共有部分,鋼筋混凝土造,92年12月1日,十四層,,持分移轉
RPPOMLKLNHLGFGF38DA,37,138.60,住家用,鋼筋混凝土造,78年8月22日,七層,五層 陽台,全筆移轉
RPPOMLKLNHLGFGF38DA,37,39.87,倉庫、防空避難室,鋼筋混凝土造,78年8月22日,七層,防空避難室 倉庫,持分移轉
RPROMLSLNHLGFGF76DA,27,174.85,商業用,鋼筋混凝土造,88年6月8日,十九層,四層 陽台,全筆移轉
RPPOMLKLNHLGFGF38DA,37,3.31,共有部分,鋼筋混凝土造,78年8月22日,見其他登記事項,,持分移轉
RPROMLSLNHLGFGF76DA,27,48.47,共有部分,鋼筋混凝土造,88年6月8日,二十四層,,持分移轉
RPROMLSLNHLGFGF76DA,27,72.82,共有部分,鋼筋混凝土造,88年6月8日,二十四層,,持分移轉
RPQOMLSLNHLGFGF66DA,27,159.24,商業用,鋼筋混凝土造,88年6月8日,十九層,四層,全筆移轉
RPQOMLSLNHLGFGF66DA,27,62.20,共有部分,鋼筋混凝土造,88年6月8日,二十四層,,持分移轉
RPRSMLMLOHLGFBF78DA,33,70.08,住家用,鋼筋混凝土造,82年3月15日,十三層,八層 陽台 花台,全筆移轉
RPRSMLMLOHLGFBF78DA,33,2.88,共有部分,鋼筋混凝土造,82年3月15日,十三層,,持分移轉
RPRSMLMLOHLGFBF78DA,33,11.72,共有部分,鋼筋混凝土造,82年3月15日,十三層,,持分移轉
RPWRMLLJOHLGFGF76DA,45,99.00,住家用,鋼筋混凝土造,70年9月7日,五層,二層 陽台,全筆移轉
RPRPMLRLNHLGFAF88EA,6,41.81,集合住宅,鋼筋混凝土造,109年2月18日,十五層,八層 陽台 雨遮,全筆移轉
RPRPMLRLNHLGFAF88EA,6,21.40,本共有項目有：（防空避難室兼停車空間、排煙室排氣、地下室排氣、地下室進氣、安全梯Ｃ供行動不便者使用、儲藏室、電信室、發電機室進氣、發電機室排氣、排煙室、緊急昇降機供行動不便者使用、排煙室進氣、受電箱、客貨兩用昇降機、安全梯Ｄ、台電配電場所、汽車昇降機、倉儲式停車空間、緊急發電機室、蓄水池、消防泵浦室、無障礙停車空間、行動不便機車位、特別安全梯Ｂ、給水消防、排氣管道、進氣管道、電汽、弱電、走道、戶外安全梯Ａ供行動不便者使用、緊急昇降機供行動不便者使用、管委會空間、行動不便室內通路、梯廳、汽車昇降機道、騎樓、梯廳兼排煙室、一般直通樓梯Ｅ、樓梯間、給水、水錶室、消防水箱、日用水箱、電梯機房）等４５項。,鋼筋混凝土造,109年2月18日,十五層,,持分移轉
RPQNMLSKOHLGFAF68EA,8,85.81,集合住宅,鋼筋混凝土造,107年8月17日,十五層,十五層 陽台 雨遮,全筆移轉
RPQNMLSKOHLGFAF68EA,8,14.09,本共有部分之項目有：梯廳、排煙室、供行動不便者使用電梯、緊急升降機、戶外安全梯、水箱、機械室、安全梯等共計８項。,鋼筋混凝土造,107年8月17日,十五層,,持分移轉
RPQNMLSKOHLGFAF68EA,8,48.25,本共有部分之項目有：自行車停車空間、公共服務空間休憩區、置物室、管委會空間、排煙室、供行動不便者使用電梯、緊急升降機、台電配電場所、垃圾儲存空間、汽車車道、機車車道、垃圾車暫停車位、安全梯、防空避難室兼停車空間、停車空間、水箱、發電機房、電信機房、汙水機房及雨水機房、消防機房等共計２０項。,鋼筋混凝土造,107年8月17日,十五層,,持分移轉
RPORMLLKOHLGFGF68DA,57,70.40,住家用,加強磚造,58年7月5日,三層,二層,全筆移轉
RPUNMLMJOHLGFHF98DA,32,109.20,工業用,鋼筋混凝土造,83年8月12日,九層,三層 陽台 雨遮,全筆移轉
RPXPMLNLOHLGFGF07DA,32,84.45,住家用,鋼筋混凝土造,83年8月10日,五層,四層 陽台,全筆移轉
RPUNMLMJOHLGFHF98DA,32,9.75,共有部分,鋼筋混凝土造,83年8月12日,九層,,持分移轉
RPXPMLNLOHLGFGF07DA,32,1.88,共有部分,鋼筋混凝土造,83年8月10日,五層,,持分移轉
RPQNMLPLNHLGFIF09DA,7,81.57,一般事務所,鋼筋混凝土造,108年3月19日,十五層,四層 陽台 雨遮,全筆移轉
RPQNMLPLNHLGFIF09DA,7,35.67,本共有部分之項目有：台電配電場所、受電箱、一般電梯、無障礙電梯緊急升降機、排煙室、緊急發電機室、室內安全梯丙無障礙樓梯、停車空間、防空避難室、水箱、電信室、消防泵浦室、汙水機房等１３項。,鋼筋混凝土造,108年3月19日,十五層,,持分移轉
RPQNMLPLNHLGFIF09DA,7,22.87,本共有部分之項目有：管委會空間、戶外安全梯甲、一般電梯、無障礙電梯緊急升降機、排煙室、戶外安全梯乙無障礙樓梯、梯廳、門廳入口、進風、室內安全梯丙無障礙樓梯、車道、騎樓、水表區、樓梯間、機械室、水箱、消防水箱等１７項。,鋼筋混凝土造,108年3月19日,十五層,,持分移轉
RPTNMLPLNHLGFHF66DA,51,112.24,住家用,ＲＣ造,64年9月2日,四層,三層 陽台,全筆移轉
RPOQMLNLOHLGFGF88DA,13,100.36,住家用,鋼筋混凝土造,102年1月4日,十四層,十四層 陽台 雨遮,全筆移轉
RPOQMLNLOHLGFGF88DA,13,45.32,本共有部分之項目有管委會服務空間、無障礙昇降機、排煙室、緊急用昇降機、戶外直通樓梯（Ａ、Ｂ）、梯廳、陽台、雨遮、昇降機道、樓梯間、消防水箱、水錶室、電梯機房、水箱、機車停車空間（Ａ、Ｂ、Ｃ、Ｅ）、電信機房、直通樓梯、發電機室、通道、受電箱、台電配電埸所、維修空間、垃圾儲藏室、機電設備維修空間、消防機房等２５項。,鋼筋混凝土造,102年1月4日,十四層,,持分移轉
RPOQMLNLOHLGFGF88DA,13,4.62,本共有部分之項目有梯廳（Ａ、Ｂ、Ｃ）等１項。,鋼筋混凝土造,102年1月4日,十四層,,持分移轉
RPOQMLNLOHLGFGF88DA,13,48.19,本共有部分之項目有車道、防空避難室兼停車空間、停車空間等３項。,鋼筋混凝土造,102年1月4日,十四層,,持分移轉
RPSNMLOLOHLGFGF09DA,1,52.64,集合住宅,鋼筋混凝土造,114年8月21日,十五層,三層 陽台,全筆移轉
RPSNMLOLOHLGFGF09DA,1,52.25,本共有部分之項目有：管委會空間、無障礙廁所、戶外安全梯、排煙室、緊急用昇降機、無障礙昇降機、安全梯、中央監控室、梯廳、陽臺、樓梯間、機房、水箱、電梯機房、停車空間、消防泵浦室、管道間、發電機房、垃圾車暫停車位、垃圾暫存室、電信機房、台電配電場所、受電箱、廁所、防空避難室兼停車空間等２５項。,鋼筋混凝土造,114年8月21日,十五層,,持分移轉
RPPNMLTLNHLGFDF88DA,44,195.85,住家用,加強磚造,70年12月17日,二層,一層 二層 平台 屋頂突出物,全筆移轉
RPTSMLQKOHLGFBF66DA,6,163.74,集合住宅,鋼骨鋼筋混凝土造,109年7月30日,二十五層,十七層 陽台 雨遮,全筆移轉
RPTSMLQKOHLGFBF66DA,6,54.28,本共有部分之項目有梯廳、排煙室、排煙室兼梯廳、Ｃ樓梯、Ｄ樓梯、Ｈ樓梯、Ｂ棟水箱、機房、消防中繼泵浦機房、電梯機房、水錶室、水箱室等１２項。,鋼骨鋼筋混凝土造,109年7月30日,二十五層,,持分移轉
RPTSMLQKOHLGFBF66DA,6,86.48,本共有部分之項目有車道緩衝區、汽車車道、停車空間兼防空避難室、停車空間等４項,鋼骨鋼筋混凝土造,109年7月30日,二十五層,,持分移轉
RPTSMLQKOHLGFBF66DA,6,33.39,本共有部分之項目有門廳、排煙室、管委會空間、Ａ樓梯、Ｂ樓梯、Ｃ樓梯、Ｄ樓梯、Ｅ樓梯、Ｆ樓梯、高層緩衝空間、自行車停放區、停獎使用梯兼逃生樓梯、機車車道、停獎廁所、梯廳、機房、機車停車空間、垃圾收集暫置場、垃圾車暫停車位、排風機房、台電配電場所、緊急發電機房、防災中心、消防中繼機房、消防水箱、排煙室兼梯廳、消防泵浦機房、雨水機房、送風機房、泵浦機房、管委會使用空間、陽台、雨遮等３３項。,鋼骨鋼筋混凝土造,109年7月30日,二十五層,,持分移轉
RPSNMLMLOHLGFAF38EA,,78.81,住家用,鋼筋混凝土造,,五層,四層 陽台,全筆移轉
RPPOMLNJOHLGFEF38DA,3,80.80,集合住宅,鋼筋混凝土造,112年7月24日,二十三層,十九層 陽台,全筆移轉
RPPOMLNJOHLGFEF38DA,3,24.89,本共有部分項目有：甲梯、乙梯、戊梯、庚梯、無障礙樓梯、Ａ排煙室、１７人份（供行動不便者使用電梯）、１７人份緊急昇降機、水箱（４）、水箱（５）、梯間、梯廳、中繼水箱、消防中繼機房、電氣設備機械室（排煙機）、電梯機房、水箱、電氣設備機械室（水箱用）等１８項,鋼筋混凝土造,112年7月24日,二十三層,,持分移轉
RPPOMLNJOHLGFEF38DA,3,4.58,本共有部分項目有：騎樓、陽台、門廳、Ａ梯廳、Ｂ梯廳、管委會使用空間１、管委會使用空間２、管委會使用空間３、管委會使用空間４、管委會使用空間５、管委會使用空間６、管委會使用空間７、中繼水箱、消防機房、垃圾貯存室、發電機室、電信室、防災中心、台電配電室、消防泵浦室等２０項,鋼筋混凝土造,112年7月24日,二十三層,,持分移轉
RPPOMLNJOHLGFEF38DA,3,43.14,本共有部分項目有：汽車車道、服務車位兼裝卸車位、防空避難室兼停車空間、停車空間等４項,鋼筋混凝土造,112年7月24日,二十三層,,持分移轉
RPOPMLMLOHLGFGF68DA,33,107.64,住家用,鋼筋混凝土造,82年1月15日,六層,二層 陽台 花台,全筆移轉
RPOPMLMLOHLGFGF68DA,33,10.71,共有部分,鋼筋混凝土造,82年1月15日,六層,,持分移轉
RPOPMLMLOHLGFGF68DA,33,16.56,共有部分,鋼筋混凝土造,82年1月15日,六層,,持分移轉
RPPNMLPLOHLGFBF48EA,31,63.07,住家用,鋼筋混凝土造,84年6月6日,五層,四層 陽台 屋頂突出物 花台,全筆移轉
RPPNMLPLOHLGFBF48EA,31,24.99,共有部分,鋼筋混凝土造,84年6月6日,五層,,持分移轉
RPSNMLOLOHLGFBF68EA,20,.29,住家用,鋼筋混凝土造,95年1月25日,七層,一層 陽台,持分移轉
RPSNMLOLOHLGFBF68EA,20,119.32,住家用,鋼筋混凝土造,95年1月25日,七層,七層 陽台 雨遮,全筆移轉
RPSNMLOLOHLGFBF68EA,20,2.65,共有部分,鋼筋混凝土造,95年1月25日,七層,,持分移轉
RPSNMLOLOHLGFBF68EA,20,55.81,共有部分,鋼筋混凝土造,95年1月25日,七層,,持分移轉
RPPNMLMKOHLGFDF18DA,18,57.84,住家用,鋼筋混凝土造,97年7月1日,七層,七層 陽台 雨遮,全筆移轉
RPPNMLMKOHLGFDF18DA,18,41.98,共有部分,鋼筋混凝土造,97年7月1日,七層,,持分移轉
RPPNMLMKOHLGFDF18DA,18,17.89,共有部分,鋼筋混凝土造,97年7月1日,七層,,持分移轉
RPRNMLRKOHLGFEF09EA,2,657.46,飲食店,鋼筋混凝土造,113年10月28日,十四層,一層 二層 陽台,全筆移轉
RPRNMLRKOHLGFEF09EA,2,97.49,本共有部分之項目有：機房、污物處理機房（飲食業）、蓄水池（一）（飲食業）、水箱（飲食店）等４項。,鋼筋混凝土造,113年10月28日,十四層,,持分移轉
RPRNMLRKOHLGFEF09EA,2,143.16,本共有部分之項目有：排煙室、梯廳（Ａ棟）、梯廳（Ｂ棟）、信箱間（Ａ）、信箱間（Ｂ）、門廊、室內無障礙通道、管委會空間、管委會空間（一）、管委會空間（二）、管委會空間（三）、管委會空間（四）、管委會空間（五）、管委會空間（六）、管委會空間（七）、管委會空間（八）、管委會空間（九）、緊急發電機房、汽車坡道、機車坡道、陽台、機房、消防水箱、維修機房、梯廳、防災中心、暫停空間與卸貨區、台電配電場所、雨水及噴灌機房、消防泵機房等３０項。,鋼筋混凝土造,113年10月28日,十四層,,持分移轉
RPRNMLRKOHLGFEF09EA,2,156.29,本共有部分之項目有：ａ車道、裝卸車位等２項。,鋼筋混凝土造,113年10月28日,十四層,,持分移轉
RPRNMLRKOHLGFEF09EA,2,7.06,本共有部分之項目有：防空避難室兼停車空間、汽車坡道等２項。,鋼筋混凝土造,113年10月28日,十四層,,持分移轉
RPUNMLMLOHLGFAF58EA,31,22.34,共有部分,鋼筋混凝土造,83年12月5日,二十層,,持分移轉
RPUNMLMLOHLGFAF58EA,31,95.13,住家用,鋼筋混凝土造,83年12月5日,二十層,十七層 陽台 花台,全筆移轉
RPXOMLRJOHLGFEF96DA,24,1.94,大廳,鋼筋混凝土造,91年5月31日,二十二層,一層 陽台,持分移轉
RPXOMLRJOHLGFEF96DA,24,58.77,住家用,鋼筋混凝土造,91年5月31日,二十二層,十四層 陽台,全筆移轉
RPXOMLRJOHLGFEF96DA,24,.39,共有部分,鋼筋混凝土造,91年5月31日,二十二層,,持分移轉
RPXOMLRJOHLGFEF96DA,24,11.98,共有部分,鋼筋混凝土造,91年5月31日,二十二層,,持分移轉
RPXOMLRJOHLGFEF96DA,24,.16,共有部分,鋼筋混凝土造,91年5月31日,二十二層,,持分移轉
RPXOMLRJOHLGFEF96DA,24,4.78,共有部分,鋼筋混凝土造,91年5月31日,二十二層,,持分移轉
RPXOMLRJOHLGFEF96DA,24,1.60,共有部分,鋼筋混凝土造,91年5月31日,二十二層,,持分移轉
RPXOMLRJOHLGFEF96DA,24,17.26,共有部分,鋼筋混凝土造,91年5月31日,二十二層,,持分移轉
RPTOMLPLNHLGFHF76DA,18,60.46,一般商業設施,鋼筋混凝土造,97年9月30日,十五層,六層 陽台,全筆移轉
RPTOMLPLNHLGFHF76DA,18,2.45,共有部分,鋼筋混凝土造,97年9月30日,十五層,,持分移轉
RPTOMLPLNHLGFHF76DA,18,9.68,共有部分,鋼筋混凝土造,97年9月30日,十五層,,持分移轉
RPTOMLPLNHLGFHF76DA,18,2.67,共有部分,鋼筋混凝土造,97年9月30日,十五層,,持分移轉
RPTOMLPLNHLGFHF76DA,18,8.97,共有部分,鋼筋混凝土造,97年9月30日,十五層,,持分移轉
RPVNMLNLOHLGFDF09EA,27,31.60,住家用,鋼筋混凝土造,88年2月3日,三十二層,六層 陽台,全筆移轉
RPVNMLNLOHLGFDF09EA,27,.73,共有部分,鋼筋混凝土造,88年2月3日,三十三層,,持分移轉
RPVNMLNLOHLGFDF09EA,27,.99,共有部分,鋼筋混凝土造,88年2月3日,三十三層,,持分移轉
RPVNMLNLOHLGFDF09EA,27,8.40,共有部分,鋼筋混凝土造,88年2月3日,三十二層,,持分移轉
RPQNMLOLOHLGFGF98EA,50,129.81,住家用,鋼筋混凝土造,64年11月17日,四層,二層,全筆移轉
RPQOMLOLOHLGFHF56EA,53,69.83,住家用,加強磚造,62年7月23日,四層,三層,全筆移轉
RPTNMLMKOHLGFIF56EA,31,40.55,住家用,鋼筋混凝土造,83年12月21日,十二層,十二層 陽台,持分移轉
RPTNMLMKOHLGFIF56EA,31,6.45,共有部分,鋼筋混凝土造,83年12月21日,十二層,,持分移轉
RPROMLOLOHLGFEF98EA,12,63.97,住家用,鋼筋混凝土造,103年10月24日,十五層,十層 陽台 雨遮,全筆移轉
RPTNMLMKOHLGFIF56EA,31,5.07,共有部分,鋼筋混凝土造,83年12月21日,十二層,,持分移轉
RPROMLOLOHLGFEF98EA,12,45.55,本共有部分之項目有：管委會空間、門廳、門廊、樓梯間、陽台、梯間、機械室、供公眾停車空間、台電受電室、電信機房、垃圾貯留空間、停車空間、蓄水池、台電專用管道間、發電機房、防空避難室兼停車空間、停獎電梯機坑、污水機房等１８項,鋼筋混凝土造,103年10月24日,十五層,,持分移轉
RPROMLOLOHLGFEF98EA,12,13.18,本共有部分之項目有：樓梯間、機械、水箱等３項,鋼筋混凝土造,103年10月24日,十五層,,持分移轉
RPVWMLTKNHLGFAF37DA,31,98.73,住家用,鋼筋混凝土造,83年11月10日,十六層,五層 陽台 花台,全筆移轉
RPVWMLTKNHLGFAF37DA,31,40.43,共有部分,鋼筋混凝土造,83年11月10日,十六層,,持分移轉
RPQNMLNLOHLGFIF09EA,17,62.60,集合住宅,鋼筋混凝土造,98年10月1日,十五層,三層 陽台 雨遮,全筆移轉
RPQNMLNLOHLGFIF09EA,17,16.18,本共有部分之項目有電樓梯間、梯廳、管理委員會使用空間、陽台、雨遮、走廊、通路、辦公室、水池、涼亭、門廳、管委會辦公室、游泳池、親子戲水池、淋浴間、ＳＰＡ區、冷水ＳＰＡ區、屋頂突出物一二三層機械室水箱等１８項。,鋼筋混凝土造,98年10月1日,十五層,,持分移轉
RPQNMLNLOHLGFIF09EA,17,18.99,本共有部分之項目有車道、警衛室、台電配電場所、蓄水池、機房、電樓梯間、垃圾儲存室、電梯間、電信機房、緊急發電機室、水池機房、消防機房、中水機房、防空避難室兼停車空間等１４項。,鋼筋混凝土造,98年10月1日,十五層,,持分移轉
RPRNMLMLOHLGFIF09EA,17,72.14,集合住宅,鋼筋混凝土造,98年7月30日,二十五層,五層 陽台 雨遮,全筆移轉
RPRNMLMLOHLGFIF09EA,17,9.17,共有部分,鋼筋混凝土造,98年7月30日,二十五層,,持分移轉
RPRNMLMLOHLGFIF09EA,17,20.14,共有部分,鋼筋混凝土造,98年7月30日,二十五層,,持分移轉
RPUNMLOJOHLGFAF48DA,16,33.70,本共有部分之項目有：樓梯間、台電配電室、走道、車道、停車空間、電信機房、梯間、管道間、消防泵浦室、消防水箱、機房、機械室、水箱等１３項,鋼骨構造,99年7月15日,四十六層,,持分移轉
RPPOMLSKNHLGFAF48DA,32,79.15,住家用,鋼筋混凝土造,83年3月19日,七層,三層 陽台,全筆移轉
RPPOMLSKNHLGFAF48DA,32,30.21,共有部分,鋼筋混凝土造,83年3月19日,七層,,持分移轉
RPORMLKLNHLGFAF97DA,32,30.63,住家用,鋼筋混凝土造,83年5月16日,八層,三層 陽台,全筆移轉
RPORMLKLNHLGFAF97DA,32,7.28,共有部分,鋼筋混凝土造,83年5月16日,八層,,持分移轉
RPUQMLKKOHLGFAF48DA,18,41.39,住家用,鋼筋混凝土造,97年1月25日,十五層,十層 陽台 雨遮,全筆移轉
RPUQMLKKOHLGFAF48DA,18,26.57,共有部分,鋼筋混凝土造,97年1月25日,十五層,,持分移轉
RPUQMLKKOHLGFAF48DA,18,10.00,共有部分,鋼筋混凝土造,97年1月25日,十五層,,持分移轉
RPOOMLPLNHLGFAF18DA,31,71.10,住家用,鋼筋混凝土造,84年8月2日,十三層,八層 陽台 花台,全筆移轉
RPSPMLOLOHLGFEF56EA,8,71.17,住家用,鋼筋混凝土造,106年12月29日,二十六層,三層 陽台,全筆移轉
RPOOMLPLNHLGFAF18DA,31,8.41,共有部分,鋼筋混凝土造,84年8月2日,十三層,,持分移轉
RPSPMLOLOHLGFEF56EA,8,63.88,本共有部分項目：騎樓、接待大廳、梯廳、管委會使用空間、排煙室、陽台、緩衝空間６＊１２、人行通廊、走道、防災中心、商業管委會使用空間、女廁、男廁、男按摩池、女按摩池、男更衣室、女更衣室、樓梯間、機房、機械室、水箱、中繼消防水箱、泵浦區、中繼消防機房、Ｂ梯廳排煙室、Ｂ棟電錶室、昇降機坑、排風機房、電信室（Ａ）、台電配電室（Ｄ）、受電箱通道、Ｈ梯廳排煙室、Ｈ棟電錶室、停車空間、Ｉ棟電錶室、Ｉ梯廳排煙室、電信室（Ｂ）、儲油室、緊急發電機室（Ｂ）（兼大公變電室）、台電配電室（Ｃ）、Ｆ棟電錶室、Ｆ梯廳排煙室、消防中繼水箱、消防中繼機房（兼揚水泵浦機房）、游泳池專用水箱－１、游泳池專用水箱－２、Ｅ梯廳排煙室、Ｅ棟電錶室、Ａ梯廳排煙室、Ａ棟電錶室、緊急發電機室（Ａ）（兼大公變電室）、垃圾儲藏室、游泳池機房、車道、防空避難室兼停車空間、排風管道、進風管道、Ｃ梯廳排煙室、Ｃ棟電錶室、台電配電室（Ｂ）、Ｄ梯廳排煙室、Ｄ棟電錶室、Ａ棟小公變電室、Ｈ棟小公變電室、Ｉ棟小公變電室、Ｅ棟水箱－１、Ｅ棟小公變電室、Ｄ棟水箱－１、Ｃ棟小公變電室、Ｄ棟小公變電室、Ｂ棟小公變電室、Ｅ棟水箱－２、Ｄ棟水箱－２、Ｆ棟小公變電室、Ａ棟水箱、Ｂ棟水箱、共同泵浦區、Ｈ棟水箱、Ｉ棟水箱、消防泵浦室、雨水過濾機房、Ｆ棟水箱、Ｃ棟水箱、住宅臨停車位１～５４、商業臨停車位１～２０、裝卸車位１～３、＃３、＃６、＃９、＃１２、＃１５、＃１８、＃２１、＃２４緊急昇降機（行動不便者電梯）、安全梯（Ｃ）、安全梯（Ｂ）、垃圾車位、機車停車空間、安全梯（Ａ）、特別安全梯（Ａ）、特別安全梯（Ｂ）、ａ梯、ｂ梯、ｃ梯、台電配電室（Ａ）、＃２５昇降機、＃２６昇降機等１０７項。,鋼筋混凝土造,106年12月29日,二十七層,,持分移轉
RPUOMLSKOHLGFGF07DA,38,121.44,工商用,鋼筋混凝土造,77年11月10日,五層,三層 陽台,全筆移轉
RPOPMLOLOHLGFEF78EA,9,70.96,住家用,鋼筋混凝土造,106年10月26日,二十九層,十六層 陽台 雨遮,全筆移轉
RPOPMLOLOHLGFEF78EA,9,38.02,本共有部分之項目有梯廳（排煙室）、走廊、廁所（１）、廚房、Ａ３戶商業區停等空間、餐飲場所、廁所（２）、Ｃ１戶商業區停等空間、陽台、梯廳、車道、儲藏室、門廊、廁所、男廁、茶水間、女廁、排煙室、水表區、電錶區、溫泉中繼水箱、中繼水房、中繼水箱、消防中繼水箱、中繼機房（１）、中繼機房（２）、機械房（１）、機械房（２）、機械房（３）、機械房（４）、機械房、水箱、台電配電室（１）、受電室、Ａ棟電錶室、機房、ＳＰＡ池過濾機房、機車停車空間、ＳＰＡ池、浴廁、Ｂ棟電錶室、Ｃ棟電錶室、台電配電室（２）、排風機房、發電機房、電錶室、景觀水池機房、進風機房、Ａ棟垃圾暫存空間、游泳池、機房兼進風機房、停車空間、Ｂ棟垃圾暫存空間、Ｃ棟垃圾暫存空間、過濾機房、垃圾資源回收集中場、垃圾車暫停車位、變電室、防空避難室兼停車空間、電信機房、Ａ棟水箱、Ｂ棟水箱、Ｃ棟水箱、消防機房、泵浦機房、雨水過濾機房、溫泉機房等６６項,鋼筋混凝土造,106年10月26日,二十九層,,持分移轉
RPSOMLSKOHLGFGF86DA,46,132.00,住宅﹐店舖﹐室內停車間,鋼筋混凝土造,68年11月25日,五層,一層 平台,全筆移轉
RPOPMLKKOHLGFBF87DA,5,76.26,一般事務所,鋼筋混凝土造,110年8月12日,十八層,十二層 陽台,全筆移轉
RPOPMLKKOHLGFBF87DA,5,40.15,本共有部分之項目有警衛室、梯廳、管委會空間（辦公室）、緊急昇降梯、排煙室、特別安全梯、管委會空間（會議室）、管委會空間、無障礙樓梯、一般安全梯、防災中心、機房、空調機房、甲梯、乙梯、中繼機房、消防專用中繼水箱、進排煙機房、消防專用屋頂水箱、水錶空間、電梯機房、機電設備空間屋頂水箱、樓梯、台電配電場所、進風機房、垃圾儲藏室、防空避難室兼停車空間、乙梯安全梯、排風機房、發電機房、電信室、蓄水池、消防機房、門廊等３４項。,鋼筋混凝土造,110年8月12日,十八層,,持分移轉
RPOPMLKKOHLGFBF87DA,5,2.00,本共有部分之項目有廁所等１項。,鋼筋混凝土造,110年8月12日,十八層,,持分移轉
RPOPMLKKOHLGFBF87DA,5,36.14,本共有部分之項目有防空避難室兼停車空間、機房、停車空間等３項。,鋼筋混凝土造,110年8月12日,十八層,,持分移轉
RPXRMLNJOHLGFBF56DA,19,30.10,住家用,鋼筋混凝土造,96年9月5日,十一層,八層 陽台,持分移轉
RPXRMLNJOHLGFBF56DA,19,20.88,共有部分,鋼筋混凝土造,96年9月5日,十一層,,持分移轉
RPXRMLNJOHLGFBF56DA,19,1.70,共有部分,鋼筋混凝土造,96年9月5日,十一層,,持分移轉
RPXRMLRKOHLGFBF07DA,31,68.06,住家用,鋼筋混凝土造,83年11月30日,十一層,九層 陽台,全筆移轉
RPXRMLRKOHLGFBF07DA,31,5.79,共有部分,鋼筋混凝土造,83年11月30日,十一層,,持分移轉
RPXRMLRKOHLGFBF07DA,31,2.76,共有部分,鋼筋混凝土造,83年11月30日,十一層,,持分移轉
RPXRMLRKOHLGFBF07DA,31,15.36,共有部分,鋼筋混凝土造,83年11月30日,十一層,,持分移轉
SPQNMLNLOHLGFCF48DA,32,81.97,住家用,鋼筋混凝土造,83年3月4日,十層,七層 陽台 花台,全筆移轉
SPQNMLNLOHLGFCF48DA,32,7.23,共有部分,鋼筋混凝土造,83年3月4日,十層,,持分移轉
RPQNMLNLOHLGFCF38DA,32,134.41,住家用,鋼筋混凝土造,83年3月4日,十層,七層 陽台 花台,全筆移轉
RPQNMLNLOHLGFCF38DA,32,11.72,共有部分,鋼筋混凝土造,83年3月4日,十層,,持分移轉
RPUNMLPKOHLGFCF88DA,2,73.30,集合住宅,鋼筋混凝土構造,113年9月4日,十四層,十一層 陽台,全筆移轉
RPUNMLPKOHLGFCF88DA,2,57.90,管委會使用空間、緊急升降機、無障礙電梯、無障礙戶外安全梯、排煙室、梯廳、戶外安全梯、機房、消防水箱、水錶室、水箱、電梯機房、電錶室、發電機房、電信機房、垃圾儲藏室、垃圾車位、台電配電場所、防空避難室兼停車空間、無障礙安全梯、停車空間、變電室、消防機房、水表室等２４項。,鋼筋混凝土構造,113年9月4日,十四層,,持分移轉
RPUNMLPKOHLGFCF88DA,2,6.87,梯廳、排煙室等２項。,鋼筋混凝土構造,113年9月4日,十四層,,持分移轉
TPQNMLNLOHLGFCF58DA,32,33.40,見使用執照,鋼筋混凝土造,83年3月4日,十層,地下二層,持分移轉
RPPNMLSJOHLGFDF68DA,30,80.91,住家用,鋼筋混凝土造,85年6月25日,七層,二層 陽台,全筆移轉
RPPNMLSJOHLGFDF68DA,30,10.92,樓梯間、屋頂突出物、陽台,鋼筋混凝土造,85年6月25日,七層,,持分移轉
RPPNMLSJOHLGFDF68DA,30,4.14,車道、發電機房、電信機房、配電室、樓電梯間、管理員室、水箱,鋼筋混凝土造,85年6月25日,七層,,持分移轉
RPOOMLMLOHLGFDF28DA,34,6.42,商業用,鋼筋混凝土造,81年8月26日,十八層,地下二層,持分移轉
RPOOMLMLOHLGFDF28DA,34,.59,共有部分,鋼筋混凝土造,81年8月26日,十八層,,持分移轉
RPOOMLMLOHLGFDF28DA,33,148.81,住家用,鋼筋混凝土造,81年11月30日,十八層,一層 陽台 平台 花台 地下一層,全筆移轉
RPOOMLMLOHLGFDF28DA,33,1.60,共有部分,鋼筋混凝土造,81年11月30日,十八層,,持分移轉
RPOOMLMLOHLGFDF28DA,33,10.77,共有部分,鋼筋混凝土造,81年11月30日,十八層,,持分移轉
RPOOMLMLOHLGFDF28DA,33,77.81,見使用執照,鋼筋混凝土造,81年11月30日,十八層,地下三層,持分移轉
RPOOMLMLOHLGFDF28DA,33,.87,共有部分,鋼筋混凝土造,81年11月30日,十八層,,持分移轉
RPQPMLLKNHLGFBF08DA,40,80.92,住家用,鋼筋混凝土造,74年11月19日,五層,二層 陽台,全筆移轉
RPRNMLPLOHLGFBF58DA,1,56.14,集合住宅,鋼筋混凝土造,114年5月8日,十五層,十層 陽台,全筆移轉
RPRNMLPLOHLGFBF58DA,1,56.70,本共有部分之項目有管委會、戶外安全梯、無障礙安全梯、排煙室、梯廳、梯間、機房、自來水箱、電梯機房、停車空間、水箱、台電配電場所、裝卸（臨停）車位、圾垃儲藏室、電信室、發電機房、雨水回收機房、消防機房等１８項。,鋼筋混凝土造,114年5月8日,十五層,,持分移轉
RPXPMLQKOHLGFEF07DA,27,.52,廠房,鋼筋混凝土造,88年1月11日,二十三層,四層 陽台,持分移轉
RPXPMLQKOHLGFEF07DA,27,.05,共有部分,鋼筋混凝土造,88年1月11日,二十三層,,持分移轉
RPXPMLQKOHLGFEF07DA,27,.37,共有部分,鋼筋混凝土造,88年1月11日,二十三層,,持分移轉
RPXPMLQKOHLGFEF07DA,27,37.19,共有部分,鋼筋混凝土造,88年1月11日,二十三層,,持分移轉
RPTSMLOLOHLGFBF56DA,35,124.25,住家用,鋼筋混凝土造,80年1月10日,五層,二層 陽台,全筆移轉
RPTSMLOLOHLGFBF56DA,35,2.49,共有部分,鋼筋混凝土造,80年1月10日,五層,,持分移轉
RPOOMLOLOHLGFAF18DA,49,63.66,住家用,鋼筋混凝土造,66年5月23日,四層,四層,全筆移轉
RPTNMLNJOHLGFGF88DA,36,115.92,住家用,鋼筋混凝土造,79年9月12日,五層,四層 陽台,全筆移轉
RPTNMLNJOHLGFGF88DA,36,5.01,共有部分,鋼筋混凝土造,79年9月12日,五層,,持分移轉
RPTNMLNLOHLGFDF78DA,30,.13,住家用,鋼筋混凝土造,85年1月16日,十六層,一層 平台,持分移轉
RPTNMLNLOHLGFDF78DA,30,.02,樓梯間、屋頂突出物,鋼筋混凝土造,85年1月16日,十六層,,持分移轉
RPTNMLNLOHLGFDF78DA,30,16.22,停車空間,鋼筋混凝土造,85年1月16日,十六層,,持分移轉
RPTNMLNLOHLGFDF78DA,30,10.35,防空避難室兼停車空間及停車空間、機械室、管理員室、台電配電室、垃圾放置、電信機房、排煙管道、緊急升降機、樓電梯間,鋼筋混凝土造,85年1月16日,十六層,,持分移轉
RPQNMLMLOHLGFCF28DA,45,105.22,住家用,鋼筋混凝土造,69年11月19日,五層,二層 陽台,全筆移轉
RPPQMLQKOHLGFEF98DA,11,87.43,住家用,鋼筋混凝土造,104年5月15日,十五層,八層 陽台 雨遮,全筆移轉
RPPQMLQKOHLGFEF98DA,11,77.60,本共有部分之項目有：管委會使用空間、梯廳、車道、排煙室、樓電梯間、停車空間、陽台、台電配電室、垃圾儲存空間、水箱、垃圾車暫停車位、電信機房、水景機房、發電機房、消防機房、污水機房、電梯機房等１７項,鋼筋混凝土造,104年5月15日,十五層,,持分移轉
RPTQMLOLOHLGFAF98EA,38,93.47,住家用,鋼筋混凝土造,76年12月31日,五層,三層 陽台,全筆移轉
RPRQMLOLOHLGFAF78EA,,75.20,住家用,加強磚造,,四層,三層,全筆移轉
RPTQMLOLOHLGFAF98EA,38,9.67,共有部分,鋼筋混凝土造,76年12月31日,五層,,持分移轉
RPQNMLOLOHLGFGF88DA,34,88.32,住家用,鋼筋混凝土造,81年10月12日,十六層,十三層 陽台 雨遮,全筆移轉
RPQNMLOLOHLGFGF88DA,34,13.13,共有部分,鋼筋混凝土造,81年10月12日,十六層,,持分移轉
RPQNMLOLOHLGFGF88DA,34,12.79,共有部分,鋼筋混凝土造,81年10月12日,十六層,,持分移轉
RPQNMLOLOHLGFGF88DA,34,28.43,防空避難室兼停車空間,鋼筋混凝土造,81年10月12日,十六層,地下一層 地下二層,持分移轉
RPXNMLMJOHLGFEF98DA,16,57.18,住家用,鋼筋混凝土造,99年1月28日,十五層,八層 陽台 雨遮,全筆移轉
RPXNMLMJOHLGFEF98DA,16,43.17,本共有部分之項目有防空避難室兼停車空空間、電信機房、排煙室、梯廳、垃圾儲存空間、台電配電場所、污水機房、水箱、消防泵浦室、停車空間、雨遮、門廳、陽台、騎樓、管委會空間、機房等１６項,鋼筋混凝土造,99年1月28日,十五層,,持分移轉
RPXNMLMJOHLGFEF98DA,16,12.35,本共有部分之項目有電樓梯間、雨遮、機械室、水箱等４項,鋼筋混凝土造,99年1月28日,十五層,,持分移轉
RPOPMLMKOHLGFHF68DA,27,3.32,共有部分,鋼筋混凝土造,88年7月17日,十三層,,持分移轉
RPOPMLMKOHLGFHF68DA,27,52.11,住家用,鋼筋混凝土造,88年7月17日,十三層,三層 陽台,全筆移轉
RPOPMLMKOHLGFHF68DA,27,12.49,共有部分,鋼筋混凝土造,88年7月17日,十三層,,持分移轉
RPUNMLQLOHLGFEF66DA,19,43.14,住家用,鋼筋混凝土造,96年10月2日,十四層,六層 陽台,全筆移轉
RPUNMLQLOHLGFEF66DA,19,21.35,共有部分,鋼筋混凝土造,96年10月2日,十四層,,持分移轉
RPVNMLPKOHLGFDF09DA,27,74.21,住家用,鋼筋混凝土造,88年2月3日,三十二層,十八層 陽台,全筆移轉
RPVNMLPKOHLGFDF09DA,27,1.74,共有部分,鋼筋混凝土造,88年2月3日,三十三層,,持分移轉
RPVNMLPKOHLGFDF09DA,27,2.27,共有部分,鋼筋混凝土造,88年2月3日,三十三層,,持分移轉
RPVNMLPKOHLGFDF09DA,27,18.82,共有部分,鋼筋混凝土造,88年2月3日,三十二層,,持分移轉
RPVNMLPKOHLGFDF09DA,27,21.35,停車空間兼防空避難室,鋼筋混凝土造,88年2月3日,三十三層,,持分移轉
RPURMLPLOHLGFCF76DA,55,103.85,住家用,加強磚造,60年9月22日,四層,二層 陽台,全筆移轉
RPWNMLOLOHLGFHF96DA,54,46.56,集合住宅,ＲＣ造,61年6月1日,四層,二層 陽台,持分移轉
RPUNMLPLOHLGFHF86DA,45,79.20,住家用,鋼筋混凝土造,70年1月7日,五層,五層 陽台,全筆移轉
RPQNMLNLOHLGFEF58DA,5,73.34,集合住宅,鋼筋混凝土造,109年12月17日,十一層,三層 陽台,全筆移轉
RPQNMLNLOHLGFEF58DA,5,12.97,本共有部分項目有：梯廳、樓梯間、自來水箱、電梯機房等４項,鋼筋混凝土造,109年12月17日,十一層,,持分移轉
RPQNMLNLOHLGFEF58DA,5,50.01,本共有部分項目有：管委會使用空間、梯廳、ＡＢ梯廳、電表、垃圾貯存空間、垃圾車暫停車位、自行車停車區、發電機機房、電信機房、受電箱、台電配電場所、停車空間（編號：１２５）、消防機房、ＡＢ水箱等１４項,鋼筋混凝土造,109年12月17日,十一層,,持分移轉
RPTOMLPKOHLGFGF66DA,30,71.05,住家用,鋼筋混凝土造,85年2月3日,十二層,八層 陽台 花台,全筆移轉
RPTOMLPKOHLGFGF66DA,30,14.97,共有部分,鋼筋混凝土造,85年2月3日,十二層,,持分移轉
RPTOMLPKOHLGFGF66DA,30,3.60,共有部分,鋼筋混凝土造,85年2月3日,十二層,,持分移轉
RPROMLSJOHLGFHF76DA,15,.28,店舖,鋼骨鋼筋混凝土構造,100年4月15日,十九層,一層,持分移轉
RPROMLSJOHLGFHF76DA,15,1.21,本共有部分項目：管理員室（二）、汽車停車塔、消防鋼瓶室、發電機房等四項。,鋼骨鋼筋混凝土構造,100年4月15日,十九層,,持分移轉
RPUNMLPJOHLGFIF76DA,5,64.71,集合住宅,鋼筋混凝土造,110年3月17日,十三層,八層 陽台,全筆移轉
RPUNMLPJOHLGFIF76DA,5,52.93,本共有部分之項目有：門廊、大廳、宅配室、梯廳、無障礙樓梯、安全梯、梯廳兼排煙室、管委會使用空間、管理室、昇降機、台電配電室、垃圾車暫停車位、垃圾儲存空間、電信室、電錶區、車道、自行車停車場、發電機室、水箱、污水機房、揚水機房、消防機房、雨污水機房、水錶室、電梯機房、停車空間及防空避難室兼停車空間等２７項。,鋼筋混凝土造,110年3月17日,十三層,,持分移轉
RPUNMLPJOHLGFIF76DA,5,14.85,本共有部分之項目有：安全梯、梯廳兼排煙室、梯廳、無障礙樓梯、昇降機等５項。,鋼筋混凝土造,110年3月17日,十三層,,持分移轉
RPRNMLNLOHLGFIF09DA,21,197.08,住家用,鋼筋混凝土造,94年5月11日,四層,一層 二層 三層 四層 陽台 雨遮,全筆移轉
RPOOMLMLOHLGFIF78DA,18,24.99,住家用,鋼筋混凝土造,97年2月4日,十四層,九層 陽台,全筆移轉
RPRNMLNLOHLGFIF09DA,21,78.15,共有部分,鋼筋混凝土造,94年5月11日,五層,,持分移轉
RPOOMLMLOHLGFIF78DA,18,6.42,共有部分,鋼筋混凝土造,97年2月4日,十四層,,持分移轉
RPOOMLMLOHLGFIF78DA,18,7.62,共有部分,鋼筋混凝土造,97年2月4日,十四層,,持分移轉
RPPOMLMLOHLGFIF88DA,33,16.03,共有部分,鋼筋混凝土造,82年7月22日,三層,,持分移轉
RPPOMLMLOHLGFIF88DA,33,186.77,住宅、儲藏室、車庫,鋼筋混凝土造,82年7月22日,三層,一層 二層 三層 地下層 見其他登記事項,全筆移轉
RPVNMLOLOHLGFGF76DA,58,144.09,住家用,加強磚造,57年4月1日,三層,一層 二層 三層 騎樓,全筆移轉
RPQPMLRLNHLGFAF78EA,30,21.38,住家用,鋼筋混凝土造,85年6月28日,十一層,六層 陽台,全筆移轉
RPSQMLOLOHLGFAF88EA,29,23.21,住家用,鋼筋混凝土造,86年1月31日,十五層,十五層 陽台,全筆移轉
RPQPMLRLNHLGFAF78EA,30,3.91,共有部分,鋼筋混凝土造,85年6月28日,十二層,,持分移轉
RPQPMLRLNHLGFAF78EA,30,3.13,共有部分,鋼筋混凝土造,85年6月28日,十二層,,持分移轉
RPSQMLOLOHLGFAF88EA,29,4.02,共有部分,鋼筋混凝土造,86年1月31日,十五層,,持分移轉
RPSQMLOLOHLGFAF88EA,29,4.06,共有部分,鋼筋混凝土造,86年1月31日,十五層,,持分移轉
RPPNMLNLOHLGFAF18EA,42,76.69,住家用,鋼筋混凝土造,72年12月12日,五層,四層 陽台,全筆移轉
RPQNMLOLOHLGFBF48EA,17,111.49,住家用,鋼筋混凝土造,98年6月2日,十一層,十層 陽台,全筆移轉
RPQNMLOLOHLGFBF48EA,17,58.25,共有部分,鋼筋混凝土造,98年6月2日,十二層,,持分移轉
RPQNMLOLOHLGFBF48EA,17,24.74,共有部分,鋼筋混凝土造,98年6月2日,十二層,,持分移轉
RPTPMLOLOHLGFEF66EA,45,21.24,住家用,鋼筋混凝土造,70年1月27日,四層,二層,持分移轉
RPRNMLOLOHLGFIF66EA,42,67.86,住家用,鋼筋混凝土造,72年12月24日,五層,五層 陽台,全筆移轉
RPSOMLOLOHLGFHF76EA,27,37.24,住家用,鋼筋混凝土造,88年9月15日,二十二層,十五層 陽台,全筆移轉
RPSOMLOLOHLGFHF76EA,27,9.58,共有部分,鋼筋混凝土造,88年9月15日,二十二層,,持分移轉
RPXPMLPKOHLGFHF27DA,12,117.77,集合住宅,鋼筋混凝土構造,103年1月2日,二十層,五層 陽台 雨遮,全筆移轉
RPXPMLPKOHLGFHF27DA,12,88.12,本共有部分項目：頂蓋型開放空間、梯廳、排煙室、公共服務空間（閱讀室兼會議室）、公共服務空間（社區網路中心）、公共服務空間（視聽室）、公共服務空間（球藝室）、公共服務空間（健身中心）、公共服務空間（設備使用等待區）、設備機房、電梯機房、水箱、消防設備空間、不鏽鋼消防水箱、安全梯、設備管道、一般升降電梯、緊急升降電梯、行動不便者電梯等十九項。,鋼筋混凝土構造,103年1月2日,二十層,,持分移轉
RPOUMLKLOHLGFAF38DA,,79.69,住家用,鋼筋混凝土造,,五層,二層 陽台,全筆移轉
RPVOMLMLOHLGFAF68DA,31,106.26,住家用,鋼筋混凝土造,84年3月2日,五層,一層 平台 花台,全筆移轉
RPVOMLMLOHLGFAF68DA,31,41.52,共有部分,鋼筋混凝土造,84年3月2日,五層,,持分移轉
RPPOMLPLOHLGFIF56DA,32,33.28,住家用,鋼筋混凝土造,83年11月11日,二十三層,九層 陽台,全筆移轉
RPPOMLPLOHLGFIF56DA,32,4.97,共有部分,鋼筋混凝土造,83年11月11日,二十三層,,持分移轉
RPPOMLPLOHLGFIF56DA,32,8.51,共有部分,鋼筋混凝土造,83年11月11日,二十三層,,持分移轉
RPPNMLPLOHLGFCF58EA,3,43.26,集合住宅,鋼筋混凝土構造,112年6月27日,十五層,十一層 陽台 雨遮,全筆移轉
RPPNMLPLOHLGFCF58EA,3,43.66,本共有部分之項目有：機車車道、汽車車道、管委會使用空間、戶外安全梯、無障礙樓梯、緊急升降機、無障礙升降機、排煙室、梯廳、過濾機房、安全梯、水箱、梯間、消防水箱、電梯機房、防空避難室兼停車空間、台電配電場所、受電箱、緊急發電機房、游泳池水箱、電表牆、垃圾儲藏室、垃圾車位、電信機房、自行車停車區、停車空間、消防機房等２７項。,鋼筋混凝土構造,112年6月27日,十五層,,持分移轉
RPPNMLNLNHLGFAF97DA,50,19.82,住家用,加強磚造,65年1月16日,四層,三層,全筆移轉
RPUOMLNJOHLGFAF48DA,9,56.83,集合住宅,鋼骨鋼筋混凝土構造,106年8月24日,十三層,四層 陽台 雨遮,全筆移轉
RPUOMLNJOHLGFAF48DA,9,44.61,本共有部分項目有：停車空間，機械停車設備，乙梯，消防泵浦室，雨污水機房，蓄水池，機車停車空間，機械室，電信機房，行動不便者用電梯，防空避難室兼機車停車空間，垃圾處理室，丙梯，台電配電場所，客貨兩用昇降機，甲梯，梯廳，管理室，騎樓，陽台，發電機房，消防水池，消防用水塔，水箱，電梯機房等２５項。,鋼骨鋼筋混凝土構造,106年8月24日,十三層,,持分移轉
RPTNMLPLOHLGFCF98EA,29,132.31,住家用,鋼筋混凝土造,85年12月18日,三層,一層 陽台,全筆移轉
RPTNMLPLOHLGFCF98EA,29,5.80,共有部分,鋼筋混凝土造,85年12月18日,三層,,持分移轉
RPTNMLPLOHLGFCF98EA,29,39.78,共有部分,鋼筋混凝土造,85年12月18日,三層,,持分移轉
RPUNMLNLOHLGFAF58DA,28,29.32,住家用,鋼筋混凝土造,87年9月11日,十六層,五層 陽台,全筆移轉
RPUNMLNLOHLGFAF58DA,28,4.83,共有部分,鋼筋混凝土造,87年9月11日,十六層,,持分移轉
RPUNMLNLOHLGFAF58DA,28,4.45,共有部分,鋼筋混凝土造,87年9月11日,十六層,,持分移轉
RPUNMLTLNHLGFAF09DA,4,81.97,集合住宅,鋼筋混凝土造,111年5月6日,十五層,三層 陽台,全筆移轉
RPSTMLLLNHLGFBF78DA,3,57.04,集合住宅,鋼骨鋼筋混凝土造,112年5月24日,三十二層,十六層 陽台 雨遮,全筆移轉
RPSTMLLLNHLGFBF78DA,3,4.25,本共有部分之項目有走廊等一項。,鋼骨鋼筋混凝土造,112年5月24日,三十二層,,持分移轉
RPUNMLTLNHLGFAF09DA,4,77.20,本共有部分之項目有：停車空間、防空避難室兼停車空間、供管會使用空間（一）、供管會使用空間（二）、電錶區、梯間、消防水箱、水箱、電梯機械室、排煙室、機械室、機車停車區、自行車停車空間、消防機房、發電機室、電信機房、垃圾及資源回收室、臺電配電場所、機車停車空間、垃圾車停車位、梯廳、車道、汽車及機車坡道、汽車坡道等二十四項。,鋼筋混凝土造,111年5月6日,十五層,,持分移轉
RPSTMLLLNHLGFBF78DA,3,24.65,本共有部分之項目有開放空間（無申請獎勵）、排煙室、Ｂ棟走廊、Ｂ棟梯廳、無障礙樓梯暨特安梯乙、商業門廳、男廁、女廁、無障礙廁所、安管區、門廳、宅配物流區、物管儲物、無障礙樓梯、無障礙電梯、Ａ棟走廊、Ａ棟梯廳、６＊１２緩衝空間、陽台、走廊、會議空間、特安梯甲、Ｂ棟商業梯廳、無障礙樓梯暨特安梯丙、特安梯丁、電氣中繼機房、中繼消防機房、中繼消防水箱、梯廳、機房、安全梯乙、安全梯丙、水錶室、水箱機房、電梯機房、消防專用屋頂水箱、Ｂ棟電錶區、垃圾儲集空間、Ａ棟商業梯廳、垃圾車暫停區、Ａ棟電錶區、防災中心、安全梯戊無障礙梯、緊急發電機室、景觀噴灌水池機房、台電配電場所、受電箱空間、裝卸位、蓄水池（Ｂ棟）、安全梯甲、蓄水池（Ａ棟）、電信機房、停車空間、防空避難室兼停車空間、消防泵浦室等五十五項。,鋼骨鋼筋混凝土造,112年5月24日,三十二層,,持分移轉
RPWQMLKKOHLGFBF78DA,,60.46,集合住宅,鋼筋混凝土造,114年12月18日,十五層,十二層 陽台,全筆移轉
RPWQMLKKOHLGFBF78DA,,56.74,本共有部分之項目有車道、梯廳、戶外安全梯、排煙室、管委會使用空間、機房、自來水箱、電梯機房、停車空間、電信機房、水箱、發電機房、垃圾儲藏室、裝卸（垃圾）車位、台電配電場所、受電箱、無障礙安全梯、消防機房等１８項,鋼筋混凝土造,114年12月18日,十五層,,持分移轉
RPOSMLMJOHLGFBF28DA,46,86.80,住家用,鋼筋混凝土造,69年8月15日,四層,四層 陽台,全筆移轉
RPQOMLMLOHLGFBF28DA,32,100.58,工業用,鋼筋混凝土造,82年11月9日,五層,二層 陽台,全筆移轉
RPQOMLMLOHLGFBF28DA,32,13.53,共有部分,鋼筋混凝土造,82年11月9日,五層,,持分移轉
RPQQMLLKNHLGFAF08DA,16,139.80,住家用,鋼筋混凝土造,99年7月5日,二十三層,十二層 陽台 雨遮,全筆移轉
RPQQMLLKNHLGFAF08DA,16,.43,住家用,鋼筋混凝土造,99年7月5日,二十三層,十三層 雨遮,持分移轉
RPQQMLLKNHLGFAF08DA,16,34.95,共有部分項目：樓梯間、防災中心、梯廳（排煙室）、緩衝空間、管委會使用空間、屋頂突出物（一）、屋頂突出物（二）等共有部分。,鋼筋混凝土造,99年7月5日,二十三層,,持分移轉
RPQQMLLKNHLGFAF08DA,16,87.21,共有部分項目：樓梯間、車道、頂蓋開放空間、陽台、中繼消防水箱、中繼水箱、中繼機房、屋頂突出物（三）、機械房、水箱、台電配電場所、機房、電信機房、發電機房、受電箱電表室、垃圾處理室、停車空間、污水機房、自來水池、消防幫浦室、雨水機房、防空避難兼停車空間等共有部分。,鋼筋混凝土造,99年7月5日,二十三層,,持分移轉
RPQQMLLKNHLGFAF08DA,16,24.40,共有部分項目：樓梯間、車道、頂蓋開放空間、陽台、中繼消防水箱、中繼水箱、中繼機房、屋頂突出物（三）、機械房、水箱、台電配電場所、機房、電信機房、發電機房、受電箱電表室、垃圾處理室、停車空間、污水機房、自來水池、消防幫浦室、雨水機房、防空避難兼停車空間等共有部分。,鋼筋混凝土造,99年7月5日,二十三層,,持分移轉
RPXNMLTLNHLGFBF86DA,11,111.03,集合住宅,鋼筋混凝土造,104年3月12日,十五層,十五層 陽台 雨遮,全筆移轉
RPXNMLTLNHLGFBF86DA,11,79.43,本共有部分之項目有管委會使用空間（管理員室）、管委會使用空間、行動不便電梯（緊急昇降機）、特別安全梯、排煙室、一般昇降機、梯廳、自行車停車空間、公共服務空間（圖書室）、公共服務空間（閱覽室／會議室）、公共服務空間（健身房）、戶外安全梯、梯間、消防水箱、機械室、民生水箱、發電機室、台電配電場所、（Ａ、Ｂ棟）電錶室、受電箱、垃圾儲存空間、防空避難室兼停車空間、機房、停車空間、（Ａ、Ｂ棟）水箱、雨水回收機房、消防泵浦室等２７項,鋼筋混凝土造,104年3月12日,十五層,,持分移轉
RPXNMLTJOHLGFAF66DA,13,161.87,住家用,鋼筋混凝土造,102年5月3日,十九層,十五層 陽台 雨遮,全筆移轉
RPXNMLTJOHLGFAF66DA,13,100.57,本共有部分項目有：停車空間、消防幫浦室、水箱、電樓梯間、污水機房、機械式停車位、溫泉水箱、游泳池機房、溫泉機房、台電配電場所、排風管道間、排風管道墩、發電機室、進風管道、電信室、防空避難室兼停車空間、門廳、圖書室、幼兒教室、陽台、梯廳、、多功能室、垃圾處理區、排煙室、防災中心、消防中繼機房、樓梯間、機械室等２８項。,鋼筋混凝土造,102年5月3日,十九層,,持分移轉
RPSRMLNJOHLGFBF68DA,47,84.35,住家用,鋼筋混凝土造,68年7月17日,五層,四層 陽台,全筆移轉
RPVNMLRKOHLGFCF56DA,41,129.31,住家用,鋼筋混凝土造,74年7月17日,八層,四層 陽台,全筆移轉
RPRTMLOJOHLGFBF88DA,30,107.79,住家用,鋼筋混凝土造,85年2月5日,十五層,十層 陽台 花台,全筆移轉
RPVNMLRKOHLGFCF56DA,41,14.69,共有部分,鋼筋混凝土造,74年7月17日,八層,,持分移轉
RPRTMLOJOHLGFBF88DA,30,33.74,共有部分,鋼筋混凝土造,85年2月5日,十五層,,持分移轉
RPRTMLOJOHLGFBF88DA,30,3.23,共有部分,鋼筋混凝土造,85年2月5日,十五層,,持分移轉
RPVNMLRKOHLGFCF56DA,41,6.94,見使用執照,鋼筋混凝土造,74年7月17日,八層,地下一層,持分移轉
RPRTMLOJOHLGFBF88DA,30,36.65,共有部分,鋼筋混凝土造,85年2月5日,十五層,,持分移轉
RPVNMLRKOHLGFCF56DA,41,1.41,見使用執照,鋼筋混凝土造,74年7月17日,八層,地下一層,持分移轉
RPVNMLRKOHLGFCF56DA,41,11.71,見使用執照,鋼筋混凝土造,74年7月17日,八層,地下一層,持分移轉
RPVNMLRKOHLGFCF56DA,41,8.46,共有部分,鋼筋混凝土造,74年7月17日,八層,,持分移轉
RPVNMLRKOHLGFCF56DA,41,3.78,共有部分,鋼筋混凝土造,74年7月17日,八層,,持分移轉
RPVNMLRKOHLGFCF56DA,41,5.01,共有部分,鋼筋混凝土造,74年7月17日,八層,,持分移轉
RPVNMLRKOHLGFCF56DA,41,1.02,共有部分,鋼筋混凝土造,74年7月17日,八層,,持分移轉
RPPNMLQKOHLGFDF58DA,29,61.35,住家用,鋼筋混凝土造,86年3月17日,十二層,九層 陽台 花台,全筆移轉
RPPNMLQKOHLGFDF58DA,29,46.92,樓梯間、一般昇降機、防空避難室兼停車空間、門廳樓梯間、機械室、水箱、停車空間,鋼筋混凝土造,86年3月17日,十二層,,持分移轉
RPQTMLOLOHLGFBF98DA,8,.12,集合住宅,鋼骨構造,107年10月18日,二十五層,二層 陽台,持分移轉
RPQTMLOLOHLGFBF98DA,8,.00,本共有部分之項目有管理委員會、公共空間、門廳、門廊、防災中心、管理員室、６＊１２ｍ緩衝空間、車道、梯間、梯間（排煙室）、走廊、中繼機房、水箱、機械室、機電設備空間、發電機室、台電管道間、機車車道、防空避難室兼停車空間、台電配電場所、消防泵浦室等２１項,鋼骨構造,107年10月18日,二十五層,,持分移轉
RPQTMLOLOHLGFBF98DA,8,39.12,本共有部分之項目有梯間、防空避難室兼停車空間、車道、停車空間等４項,鋼骨構造,107年10月18日,二十五層,,持分移轉
RPRTMLOLOHLGFBF09DA,8,.12,集合住宅,鋼骨構造,107年10月18日,二十五層,二層 陽台,持分移轉
RPRTMLOLOHLGFBF09DA,8,.00,本共有部分之項目有管理委員會、公共空間、門廳、門廊、防災中心、管理員室、６＊１２ｍ緩衝空間、車道、梯間、梯間（排煙室）、走廊、中繼機房、水箱、機械室、機電設備空間、發電機室、台電管道間、機車車道、防空避難室兼停車空間、台電配電場所、消防泵浦室等２１項,鋼骨構造,107年10月18日,二十五層,,持分移轉
RPTTMLOLOHLGFBF66DA,8,.12,集合住宅,鋼骨構造,107年10月18日,二十五層,二層 陽台,持分移轉
RPRTMLOLOHLGFBF09DA,8,39.12,本共有部分之項目有梯間、防空避難室兼停車空間、車道、停車空間等４項,鋼骨構造,107年10月18日,二十五層,,持分移轉
RPTTMLOLOHLGFBF66DA,8,.00,本共有部分之項目有管理委員會、公共空間、門廳、門廊、防災中心、管理員室、６＊１２ｍ緩衝空間、車道、梯間、梯間（排煙室）、走廊、中繼機房、水箱、機械室、機電設備空間、發電機室、台電管道間、機車車道、防空避難室兼停車空間、台電配電場所、消防泵浦室等２１項,鋼骨構造,107年10月18日,二十五層,,持分移轉
RPTTMLOLOHLGFBF66DA,8,39.12,本共有部分之項目有梯間、防空避難室兼停車空間、車道、停車空間等４項,鋼骨構造,107年10月18日,二十五層,,持分移轉
RPWPMLPLOHLGFBF66DA,18,107.07,住家用,鋼筋混凝土造,97年1月31日,十一層,二層 陽台,全筆移轉
RPWPMLPLOHLGFBF66DA,18,55.15,共有部分,鋼筋混凝土造,97年1月31日,十一層,,持分移轉
RPWPMLPLOHLGFBF66DA,18,20.99,共有部分,鋼筋混凝土造,97年1月31日,十一層,,持分移轉
RPRPMLPLOHLGFBF78DA,20,127.06,住家用,鋼筋混凝土造,95年11月21日,十三層,二層 陽台 雨遮,全筆移轉
RPRPMLPLOHLGFBF78DA,20,67.75,共有部分,鋼筋混凝土造,95年11月21日,十三層,,持分移轉
RPSNMLQLOHLGFBF78DA,,72.02,集合住宅,鋼筋混凝土造,114年12月10日,十四層,十四層 陽台,全筆移轉
RPSNMLQLOHLGFBF78DA,,62.25,本共有部分之項目有管委會使用空間、戶外安全梯、排煙室、梯廳、陽台、樓梯間、機房、自來水箱、電梯機房、停車空間、垃圾儲藏室、電信機房、發電機房、台電配電場所、水箱、消防機房、一般安全梯等１７項,鋼筋混凝土造,114年12月10日,十四層,,持分移轉
RPSTMLOLOHLGFBF56DA,8,.12,集合住宅,鋼骨構造,107年10月18日,二十五層,二層 陽台,持分移轉
RPSTMLOLOHLGFBF56DA,8,.00,本共有部分之項目有管理委員會、公共空間、門廳、門廊、防災中心、管理員室、６＊１２ｍ緩衝空間、車道、梯間、梯間（排煙室）、走廊、中繼機房、水箱、機械室、機電設備空間、發電機室、台電管道間、機車車道、防空避難室兼停車空間、台電配電場所、消防泵浦室等２１項,鋼骨構造,107年10月18日,二十五層,,持分移轉
RPSTMLOLOHLGFBF56DA,8,39.12,本共有部分之項目有梯間、防空避難室兼停車空間、車道、停車空間等４項,鋼骨構造,107年10月18日,二十五層,,持分移轉
RPTNMLRLNHLGFEF56DA,1,72.29,集合住宅,鋼筋混凝土造,114年3月14日,二十三層,二十層 陽台 雨遮,全筆移轉
RPTNMLRLNHLGFEF56DA,1,65.17,本共有部分之項目有：梯廳、公共儲藏室、自行車停車位、受電箱室、緊急發電機室、台電配電室、機房、水箱、總受水箱、溫泉水箱、進氣機房、排氣機房、消防泵浦室、雨水過濾機房、電梯機房、昇降機、機械房、管委會空間、無障礙安全梯、機電設備空間、緊急升降梯無障礙電梯、引導設施、管委會使用空間、排煙室、消防水箱、特別安全梯、無障礙特別安全梯、垃圾儲藏空間、廁所、垃圾車停車位、水池、中繼消防機房、高層建築出入口緩衝空間、防災中心、陽台、安全梯、公共緊急發電機室、觀景池機房、電氣室、公共台電配電室、無障礙昇降梯、電信機房、女廁、男廁、汽車坡道等４５項,鋼筋混凝土構造、鋼構造,114年3月14日,二十三層,,持分移轉
RPTNMLSJOHLGFEF56DA,17,100.35,住家用,鋼筋混凝土造,97年11月20日,九層,五層 陽台,全筆移轉
RPTNMLSJOHLGFEF56DA,17,46.39,共有部分,鋼筋混凝土造,97年11月20日,九層,,持分移轉
RPTNMLSJOHLGFEF56DA,17,17.21,共有部分,鋼筋混凝土造,97年11月20日,九層,,持分移轉
RPWPMLQKOHLGFEF96DA,29,64.23,住家用,鋼筋混凝土造,85年12月2日,十三層,二層 陽台 花台,全筆移轉
RPWPMLQKOHLGFEF96DA,29,2.55,共有部分,鋼筋混凝土造,85年12月2日,十六層,,持分移轉
RPWPMLQKOHLGFEF96DA,29,10.33,共有部分,鋼筋混凝土造,85年12月2日,十六層,,持分移轉
RPVRMLLJOHLGFBF78DA,6,137.34,集合住宅,鋼筋混凝土造,109年1月22日,二十九層,二十四層 陽台 雨遮,全筆移轉
RPVRMLLJOHLGFBF78DA,6,1.53,事務所及工商服務業,鋼筋混凝土造,109年1月22日,二層,二層 陽台,持分移轉
RPVRMLLJOHLGFBF78DA,6,65.99,本共有部分之項目有管委會空間、梯廳、特別安全梯、機房、自來水箱、電梯機房、中繼機房、發電機房、防災中心、台電配電場所、垃圾車位、垃圾暫存區、儲藏室、停車空間、中繼消防機房、游泳池受水池、電信機房、民生水池受水池、消防機房、一樓噴灌機房等２０項。,鋼筋混凝土造,109年1月22日,二十九層,,持分移轉
RPVRMLLJOHLGFBF78DA,6,.00,本共有部分之項目有管委會空間、梯廳、特別安全梯、機房、自來水箱、電梯機房、中繼機房、發電機房、防災中心、台電配電場所、垃圾車位、垃圾暫存區、儲藏室、停車空間、中繼消防機房、游泳池受水池、電信機房、民生水池受水池、消防機房、一樓噴灌機房等２０項。,鋼筋混凝土造,109年1月22日,二十九層,,持分移轉
RPVRMLLJOHLGFBF78DA,6,16.04,本共有部分之項目有梯廳等１項,鋼筋混凝土造,109年1月22日,二十九層,,持分移轉
RPVRMLLJOHLGFBF78DA,6,.98,本共有部分之項目有直通樓梯、機房、自來水箱等３項,鋼筋混凝土造,109年1月22日,二十九層,,持分移轉
RPVRMLLJOHLGFBF78DA,6,.00,本共有部分之項目有直通樓梯、機房、自來水箱等３項,鋼筋混凝土造,109年1月22日,二十九層,,持分移轉
RPXNMLOJOHLGFCF98DA,35,100.99,住家用,鋼筋混凝土造,80年2月28日,五層,三層 陽台 花台,全筆移轉
RPXNMLOJOHLGFCF98DA,35,25.70,見使用執照,鋼筋混凝土造,80年2月28日,五層,地下一層,持分移轉
RPXNMLOJOHLGFCF98DA,35,4.17,共有部分,鋼筋混凝土造,80年2月28日,五層,,持分移轉
RPXNMLOJOHLGFCF98DA,35,.14,共有部分,鋼筋混凝土造,80年2月28日,五層,,持分移轉
RPRNMLTKNHLGFGF66DA,47,68.00,住家用,鋼筋混凝土造,68年4月4日,四層,三層 陽台,全筆移轉
RPPPMLPKOHLGFEF78DA,1,120.94,集合住宅,鋼筋混凝土造,114年3月14日,十四層,四層 陽台 雨遮,全筆移轉
RPQOMLTLNHLGFHF86DA,9,93.17,創業管理技術服務業,鋼筋混凝土構造,106年1月18日,十四層,二層 陽台,全筆移轉
RPPPMLPKOHLGFEF78DA,1,87.71,本共有部分之項目有：梯廳、公共儲藏室、自行車停車位、受電箱室、緊急發電機室、台電配電室、機房、水箱、總受水箱、溫泉水箱、進氣機房、排氣機房、消防泵浦室、雨水過濾機房、電梯機房、昇降機、機械房、管委會空間、無障礙安全梯、機電設備空間、緊急升降梯無障礙電梯、引導設施、管委會使用空間、排煙室、消防水箱、特別安全梯、無障礙特別安全梯、垃圾儲藏空間、廁所、垃圾車停車位、水池、中繼消防機房、高層建築出入口緩衝空間、防災中心、陽台、安全梯、公共緊急發電機室、觀景池機房、電氣室、公共台電配電室、無障礙昇降梯、電信機房、女廁、男廁、汽車坡道等４５項,鋼筋混凝土構造、鋼構造,114年3月14日,二十三層,,持分移轉
RPQOMLTLNHLGFHF86DA,9,30.85,共有部分，本共有部分之項目有：電樓梯間、屋頂突出物（電樓梯間、梯廳、水箱、消防水箱、機械室）等２項。,鋼筋混凝土構造,106年1月18日,十五層,,持分移轉
RPQOMLTLNHLGFHF86DA,9,53.15,共有部分，本共有部分之項目有：開放空間、管委會使用空間、梯廳、陽台、川廊、廁所、走廊、防空避難室兼停車空間等８項。,鋼筋混凝土構造,106年1月18日,十五層,,持分移轉
RPPRMLRLNHLGFGF76DA,38,91.83,住家用,鋼筋混凝土造,77年6月1日,五層,五層 陽台,全筆移轉
RPQNMLOLOHLGFEF68DA,30,.21,共有部分,鋼筋混凝土造,85年5月28日,七層,,持分移轉
RPQNMLOLOHLGFEF68DA,30,38.82,住家用,鋼筋混凝土造,85年6月1日,十四層,四層 陽台 花台,全筆移轉
RPQNMLOLOHLGFEF68DA,30,.30,共有部分,鋼筋混凝土造,85年6月1日,十四層,,持分移轉
RPQNMLOLOHLGFEF68DA,30,10.70,共有部分,鋼筋混凝土造,85年6月1日,十四層,,持分移轉
RPPOMLMKOHLGFEF38DA,1,81.41,集合住宅,鋼筋混凝土造,114年3月14日,二十三層,二層 陽台,全筆移轉
RPPOMLMKOHLGFEF38DA,1,69.89,本共有部分之項目有：梯廳、公共儲藏室、自行車停車位、受電箱室、緊急發電機室、台電配電室、機房、水箱、總受水箱、溫泉水箱、進氣機房、排氣機房、消防泵浦室、雨水過濾機房、電梯機房、昇降機、機械房、管委會空間、無障礙安全梯、機電設備空間、緊急升降梯無障礙電梯、引導設施、管委會使用空間、排煙室、消防水箱、特別安全梯、無障礙特別安全梯、垃圾儲藏空間、廁所、垃圾車停車位、水池、中繼消防機房、高層建築出入口緩衝空間、防災中心、陽台、安全梯、公共緊急發電機室、觀景池機房、電氣室、公共台電配電室、無障礙昇降梯、電信機房、女廁、男廁、汽車坡道等４５項,鋼筋混凝土構造、鋼構造,114年3月14日,二十三層,,持分移轉
RPWQMLOLOHLGFGF17DA,50,70.00,住家用,加強磚造,65年4月30日,四層,二層 陽台,全筆移轉
RPWNMLMLOHLGFGF66DA,36,147.81,住家用,鋼筋混凝土造,79年11月5日,六層,三層 陽台 花台 雨遮,全筆移轉
RPWNMLMLOHLGFGF66DA,36,.84,共有部分,鋼筋混凝土造,79年11月5日,六層,,持分移轉
RPWNMLMLOHLGFGF66DA,36,23.49,防空避難室兼停車場,鋼筋混凝土造,79年11月5日,六層,地下層,持分移轉
RPWNMLMLOHLGFGF66DA,36,.10,共有部分,鋼筋混凝土造,79年11月5日,六層,,持分移轉
RPWNMLMLOHLGFGF66DA,36,13.12,共有部分,鋼筋混凝土造,79年11月5日,六層,,持分移轉
RPTOMLPLOHLGFAF78DA,45,98.32,住家用,鋼筋混凝土造,70年9月9日,五層,三層 陽台,全筆移轉
RPUOMLOJOHLGFEF98DA,18,82.94,住家用,鋼筋混凝土造,97年7月11日,十五層,十一層 陽台 雨遮,全筆移轉
RPUOMLOJOHLGFEF98DA,18,66.25,共有部分,鋼筋混凝土造,97年7月11日,十五層,,持分移轉
RPOOMLTJOHLGFEF88DA,18,33.75,住家用,鋼筋混凝土造,97年9月9日,二十九層,十四層 陽台,全筆移轉
RPOOMLTJOHLGFEF88DA,18,19.58,共有部分,鋼筋混凝土造,97年9月9日,二十九層,,持分移轉
RPUOMLPLOHLGFEF66DA,29,29.22,共有部分,鋼筋混凝土造,86年4月19日,十七層,,持分移轉
RPSNMLPLOHLGFDF88DA,2,72.08,集合住宅,鋼筋混凝土構造,113年4月23日,二十層,十二層 陽台 雨遮,全筆移轉
RPTNMLPLOHLGFDF98DA,2,87.89,集合住宅,鋼筋混凝土構造,113年4月23日,二十層,二十層 陽台 雨遮,全筆移轉
RPSNMLPLOHLGFDF88DA,2,34.07,共有部分，本共有部分項目有：蓄水池、機電設備空間（進氣）、機電設備空間（排氣）、機電設備空間（消防泵浦室）、機電設備空間（雨水回收室）、機電設備空間（污水處理室）、無障礙安全梯、排煙室、機電設備空間（泳池設備）、機電設備空間（電信室）、機電設備空間（台電配電室）、機電設備空間（發電機室）、機電設備空間（排煙排氣）、機電設備空間（消防機房）、機車停車空間、梯廳、機電設備空間（泳池機房）、多功能使用空間、防災中心、游泳池、高層緩衝空間、特別安全梯、無障礙特別安全梯、無障礙廁所、更衣室、樓梯間、機電設備空間（空氣調節）、機電設備空間（污物處理）、安全梯、消防水箱、機電設備空間（消防設備）、機電設備空間（排煙設備）、機電設備空間（電氣設備）、電梯升降道、蓄水池Ａ、蓄水池Ｂ、機電設備空間（電梯設備）、機電設備空間（水箱機房）等共３８項。,鋼筋混凝土構造,113年4月23日,二十層,,持分移轉
RPTNMLPLOHLGFDF98DA,2,41.81,共有部分，本共有部分項目有：蓄水池、機電設備空間（進氣）、機電設備空間（排氣）、機電設備空間（消防泵浦室）、機電設備空間（雨水回收室）、機電設備空間（污水處理室）、無障礙安全梯、排煙室、機電設備空間（泳池設備）、機電設備空間（電信室）、機電設備空間（台電配電室）、機電設備空間（發電機室）、機電設備空間（排煙排氣）、機電設備空間（消防機房）、機車停車空間、梯廳、機電設備空間（泳池機房）、多功能使用空間、防災中心、游泳池、高層緩衝空間、特別安全梯、無障礙特別安全梯、無障礙廁所、更衣室、樓梯間、機電設備空間（空氣調節）、機電設備空間（污物處理）、安全梯、消防水箱、機電設備空間（消防設備）、機電設備空間（排煙設備）、機電設備空間（電氣設備）、電梯升降道、蓄水池Ａ、蓄水池Ｂ、機電設備空間（電梯設備）、機電設備空間（水箱機房）等共３８項。,鋼筋混凝土構造,113年4月23日,二十層,,持分移轉
RPSNMLPLOHLGFDF88DA,2,42.98,共有部分，本共有部分項目有：停車空間、防空避難室兼停車空間、汽、機車車道等共３項。,鋼筋混凝土構造,113年4月23日,二十層,,持分移轉
RPTNMLPLOHLGFDF98DA,2,42.98,共有部分，本共有部分項目有：停車空間、防空避難室兼停車空間、汽、機車車道等共３項。,鋼筋混凝土構造,113年4月23日,二十層,,持分移轉
RPRNMLOLOHLGFHF09DA,18,86.36,住家用,鋼筋混凝土造,97年10月9日,十五層,十三層 陽台 雨遮,全筆移轉
RPOQMLPLOHLGFGF09DA,63,32.37,住家用,加強磚造,52年3月5日,二層,一層,全筆移轉
RPRNMLOLOHLGFHF09DA,18,13.36,共有部分,鋼筋混凝土造,97年10月9日,十五層,,持分移轉
RPRNMLOLOHLGFHF09DA,18,26.14,共有部分,鋼筋混凝土造,97年10月9日,十五層,,持分移轉
RPPNMLOLOHLGFHF88DA,48,79.13,住家用,鋼筋混凝土造,67年4月7日,五層,一層 平台,全筆移轉
RPTNMLPLOHLGFHF76DA,50,38.06,住家用,加強磚造,64年11月8日,四層,四層 陽台,全筆移轉
RPWNMLRKOHLGFAF56EA,28,100.45,住家用,鋼筋混凝土造,87年7月16日,七層,二層 陽台,全筆移轉
RPWNMLRKOHLGFAF56EA,28,27.08,防空避難室兼停車空間,鋼筋混凝土造,87年7月16日,七層,,持分移轉
RPWNMLRKOHLGFAF56EA,28,16.92,騎樓、走道、門廳、樓電梯間、水箱,鋼筋混凝土造,87年7月16日,七層,,持分移轉
RPSNMLMLOHLGFIF09DA,10,107.05,集合住宅,鋼筋混凝土造,105年5月24日,十五層,八層 陽台 雨遮,全筆移轉
RPSNMLMLOHLGFIF09DA,10,70.15,本共有部分之項目有：防空避難室兼停車空間、停車空間、供管委會使用空間、門廳、發電機室、垃圾儲存室、緊急昇降機、台電配電場所、消防設備室、電梯間、汽機車坡道、陽台、雨遮、污水處理機房、電信機房、水箱、機房、樓梯間等１８項。,鋼筋混凝土造,105年5月24日,十五層,,持分移轉
RPQOMLPLOHLGFGF09DA,1,53.46,集合住宅,鋼筋混凝土造,114年5月15日,二十三層,二層 陽台,全筆移轉
RPQOMLPLOHLGFGF09DA,1,70.40,本共有部分項目有：管委會使用空間、公共服務空間、無障礙安全梯、梯廳、樓梯、緊急升降機、排煙室、行動不便升降機、高層緩衝空間、一般升降機、特安梯、車道、陽臺、防空避難室兼停車空間、緊急發電機房、防災中心、台電配電場所、停車空間、水箱、電信機房、消防機房、消防幫浦室、電梯機房、消防水箱、機房、管道間、消防水池、樓梯間等２８項。,鋼筋混凝土造,114年5月15日,二十三層,,持分移轉
RPTNMLKKOHLGFHF78DA,47,25.69,住家用,鋼筋混凝土造,68年7月14日,五層,一層 平台,持分移轉
RPSNMLKKOHLGFHF68DA,9,53.81,集合住宅,鋼筋混凝土構造,106年7月26日,二十一層,七層 陽台 雨遮,全筆移轉
RPXNMLTLOHLGFEF27DA,3,29.57,集合住宅,鋼筋混凝土造,112年2月9日,十五層,九層 陽台,持分移轉
RPSNMLKKOHLGFHF68DA,9,26.58,本共有部分之項目有：大廳、梯廳、電樓梯間、管理委員會活動空間、防災中心、樓梯、車道、陽台、雨遮、屋頂突出物（電樓梯間、雨遮、梯廳、消防水箱、機械房、水箱）、電梯間、樓梯、發電機室、台電配電場所、防空避難室兼停車空間、停車空間、電信機房、水箱、雨水過濾室、消防機械室等２０項。,鋼筋混凝土構造,106年7月26日,二十一層,,持分移轉
RPXNMLTLOHLGFEF27DA,3,24.17,本共有部分項目有：戶外安全梯、無障礙樓梯、排煙室、緊急昇降機、昇降機、無障礙昇降機、管委員空間、梯廳、特別安全梯、車道、梯間、水箱、防空避難室兼停車空間、發電機室、台電配電場所、電表區、自行車停車空間、安全梯、垃圾及資源回收室、垃圾車專用停車位、機車停車空間、電信機房、機械室、雨水機房、消防機房、電梯機械室、消防水箱、停車空間等２８項,鋼筋混凝土造,112年2月9日,十五層,,持分移轉
RPXNMLTLOHLGFEF27DA,3,5.59,本共有部分項目有：戶外安全梯、無障礙樓梯、排煙室、緊急昇降機、昇降機、無障礙昇降機、梯廳、梯間、特別安全梯等９項,鋼筋混凝土造,112年2月9日,十五層,,持分移轉
RPRNMLPLOHLGFCF78EA,13,92.09,住家用,鋼骨構造、鋼筋混凝土構造,101年11月14日,二十層,十八層 陽台 雨遮,全筆移轉
RPRNMLPLOHLGFCF78EA,13,1.19,本共有部分之項目有地下一層之俱樂部泵浦機房、俱樂部泵浦蓄水池、第四層之過濾機房、第五層之管委會使用空間、屋頂突出物之冰水主機房、屋頂突出物(二層)之水箱等６項。,鋼骨構造、鋼筋混凝土構造,101年11月14日,二十九層,,持分移轉
RPRNMLPLOHLGFCF78EA,13,23.52,本共有部分之項目有梯廳、中繼水箱、消防水箱、水箱室、機房、電梯機房等六項。,鋼骨構造、鋼筋混凝土構造,101年11月14日,二十層,,持分移轉
RPRNMLPLOHLGFCF78EA,13,2.77,本共有部分之項目有停車空間１項。,鋼骨構造、鋼筋混凝土構造,101年11月14日,二十八層,,持分移轉
RPRNMLPLOHLGFCF78EA,13,42.96,本共有部分之項目有地下三層之地下室水箱、泵浦機房、排煙室、梯廳、緊急升降機、機房、儲藏室、排風機房、送風機房、污水機房、中水機房、消防泵浦機房、停車空間、地下二層之排煙室、梯廳、儲藏室、機房、排風機房、送風機房、機車位、停車空間、地下一層之梯廳、儲藏室、機房、排風機房、送風機房、機車位、防空避難室兼停車空間、第一層之走廊、管理中心、防災中心、人工地盤梯廳、第二層之電表室、台電配電場所、自設變電室、油槽室、空調機房、電信機房、網路機房、泵浦室、噴灌機房、收費亭、管理室、廁所、垃圾處理室、管理中心、垃圾處理室、吊運空間、發電機房、走道、發電機房、閱覽室、人工地盤梯廳、樓梯、機房、第三層之管理室、梯廳、水景機房、噴灌機房、水景機房、交誼廳、儲藏室、陽台、雨遮、第一層～五層梯廳、第五層之電梯機房等６６項。,鋼骨構造、鋼筋混凝土構造,101年11月14日,二十八層,,持分移轉
RPVNMLPLOHLGFEF76EA,44,106.20,住家用,鋼筋混凝土造,70年12月19日,五層,二層 平台,全筆移轉
RPPOMLLKOHLGFHF58DA,23,113.17,住家用,鋼筋混凝土造,92年5月27日,十四層,十四層 陽台,全筆移轉
RPPOMLLKOHLGFHF58DA,23,20.22,共有部分,鋼筋混凝土造,92年5月27日,十四層,,持分移轉
RPPOMLLKOHLGFHF58DA,23,5.81,共有部分,鋼筋混凝土造,92年5月27日,十四層,,持分移轉
RPPOMLLKOHLGFHF58DA,23,34.92,共有部分,鋼筋混凝土造,92年5月27日,十四層,,持分移轉
RPRNMLOLOHLGFGF09EA,35,116.46,住家用,鋼筋混凝土造,80年7月11日,七層,三層 陽台,全筆移轉
RPRNMLOLOHLGFGF09EA,35,13.97,共有部分,鋼筋混凝土造,80年7月11日,七層,,持分移轉
RPPOMLQLOHLGFHF56DA,46,83.85,住家用,鋼筋混凝土造,69年4月1日,五層,三層 陽台,全筆移轉
RPQOMLPLOHLGFHF56DA,27,25.48,住家用,鋼筋混凝土造,88年6月10日,七層,三層,全筆移轉
RPQOMLPLOHLGFHF56DA,27,4.48,共有部分,鋼筋混凝土造,88年6月10日,七層,,持分移轉
RPQOMLPLOHLGFHF56DA,27,7.34,共有部分,鋼筋混凝土造,88年6月10日,七層,,持分移轉
RPQRMLPKOHLGFAF68DA,,56.15,住家用,鋼筋混凝土造,,五層,二層 陽台,持分移轉
RPPPMLQKOHLGFAF48DA,48,84.67,住家用,鋼筋混凝土造,67年10月21日,五層,三層 陽台,全筆移轉
RPPNMLTLOHLGFDF09EA,32,197.27,工商用,鋼造,83年3月30日,二十層,四層,全筆移轉
RPPNMLTLOHLGFDF09EA,32,11.00,見使用執照,鋼造,83年3月30日,二十層,地下三層,持分移轉
RPRNMLPLOHLGFAF58EA,27,115.13,住家用,鋼筋混凝土造,88年2月9日,十二層,十層 陽台,全筆移轉
RPPNMLTLOHLGFDF09EA,32,61.56,見使用執照,鋼造,83年3月30日,二十層,地下四層 地下五層 地下六層,持分移轉
RPRNMLPLOHLGFAF58EA,27,86.51,共有部分,鋼筋混凝土造,88年2月9日,十二層,,持分移轉
RPPNMLTLOHLGFDF09EA,32,38.32,共有部分,鋼造,83年3月30日,二十層,,持分移轉
RPPNMLTLOHLGFDF09EA,32,.26,共有部分,鋼造,83年3月30日,二十一層,,持分移轉
RPPNMLTLOHLGFDF09EA,32,1.46,共有部分,鋼造,83年3月30日,二十一層,,持分移轉
RPRNMLQLOHLGFAF68EA,29,52.06,住家用,鋼筋混凝土造,86年4月28日,十九層,十層 陽台,全筆移轉
RPPNMLTLOHLGFDF09EA,32,11.95,共有部分,鋼造,83年3月30日,二十一層,,持分移轉
RPRNMLQLOHLGFAF68EA,29,9.68,樓梯間,鋼筋混凝土造,86年4月28日,十九層,,持分移轉
RPRNMLQLOHLGFAF68EA,29,2.54,共有部分,鋼筋混凝土造,86年4月28日,二十層,,持分移轉
RPRNMLQLOHLGFAF68EA,29,8.46,共有部分,鋼筋混凝土造,86年4月28日,二十層,,持分移轉
RPUOMLRKOHLGFAF98DA,38,98.37,見使用執照,鋼筋混凝土造,77年1月6日,五層,一層 平台,全筆移轉
RPXOMLRKOHLGFAF66DA,49,46.36,住家用,鋼筋混凝土造,66年9月20日,四層,二層 陽台,持分移轉
RPXNMLNJOHLGFAF68DA,33,104.54,住家用,鋼筋混凝土造,82年7月20日,十二層,十一層 陽台 花台,全筆移轉
RPXNMLNJOHLGFAF68DA,33,15.16,共有部分,鋼筋混凝土造,82年7月20日,十二層,,持分移轉
RPRNMLRKNHLGFBF58DA,3,64.68,集合住宅,鋼筋混凝土造,112年8月22日,十四層,十一層 陽台 雨遮,全筆移轉
RPRNMLRKNHLGFBF58DA,3,75.64,本共有部分之項目有停車空間、走道、梯廳、管委會使用空間、排煙室、機械室、自來水箱、消防水池、電梯機房、台電配電場所、防空避難室兼停車空間、垃圾冷藏室、垃圾車暫停兼裝卸位、發電機房、電信機房、自來水水箱、消防機房等１７項,鋼筋混凝土造,112年8月22日,十四層,,持分移轉
RPWQMLRLNHLGFAF76DA,29,82.53,住家用,鋼筋混凝土造,86年8月2日,十六層,十層 陽台,全筆移轉
RPWQMLRLNHLGFAF76DA,29,7.96,共有部分,鋼筋混凝土造,86年8月2日,十六層,,持分移轉
RPWQMLRLNHLGFAF76DA,29,15.03,樓梯間等共同使用,鋼筋混凝土造,86年8月2日,十六層,,持分移轉
RPTPMLQLOHLGFHF17EA,31,33.70,住家用,鋼筋混凝土造,84年5月23日,十三層,八層 陽台 雨遮,全筆移轉
RPTPMLQLOHLGFHF17EA,31,7.11,共有部分,鋼筋混凝土造,84年5月23日,十三層,,持分移轉
RPPNMLPLOHLGFIF56EA,19,113.51,住家用,鋼筋混凝土造,96年5月9日,九層,一層 陽台,全筆移轉
RPQQMLMKOHLGFBF38DA,46,79.46,住家用,鋼筋混凝土造,69年2月6日,五層,三層 陽台,全筆移轉
RPPNMLPLOHLGFIF56EA,19,18.27,共有部分,鋼筋混凝土造,96年5月9日,九層,,持分移轉
RPPNMLPLOHLGFIF56EA,19,16.04,共有部分,鋼筋混凝土造,96年5月9日,九層,,持分移轉
RPSPMLQLOHLGFHF07EA,30,71.40,住家用,鋼筋混凝土造,85年3月25日,十五層,十二層 陽台 花台,全筆移轉
RPSPMLQLOHLGFHF07EA,30,12.48,共有部分,鋼筋混凝土造,85年3月25日,十五層,,持分移轉
RPSPMLQLOHLGFHF07EA,30,41.74,防空避難室、停車空間,鋼筋混凝土造,85年3月25日,十五層,,持分移轉
RPRNMLLKOHLGFGF58DA,3,162.50,集合住宅,鋼骨鋼筋混凝土造,112年6月9日,二十七層,十九層 陽台 雨遮,全筆移轉
RPRNMLLKOHLGFGF58DA,3,146.81,本共有部分項目有：防空避難室兼停車空間、停車空間、供公共停車入口梯廳、車道、入口大廳、管委會空間、大廳、客梯、無障礙昇降機、緊急昇降機、安全梯、特別安全梯、排煙室、梯廳、陽臺、泳池空間、男廁、女廁、消防機房、電梯機坑、機房、水箱、消防專用水箱、電梯機房等２４項。,鋼骨鋼筋混凝土造,112年6月9日,二十七層,,持分移轉
RPQNMLQLOHLGFGF56EA,26,23.76,住家用,鋼筋混凝土造,89年8月27日,十七層,十三層 陽台,全筆移轉
RPQNMLQLOHLGFGF56EA,26,8.43,共有部分,鋼筋混凝土造,89年8月27日,十七層,,持分移轉
RPPNMLQLOHLGFEF88EA,5,67.30,集合住宅,鋼筋混凝土造,110年1月19日,二十三層,六層 陽台 雨遮,全筆移轉
RPPNMLQLOHLGFEF88EA,5,14.82,本案共有部分項目有：梯廳、排煙室、騎樓、消防機房等４項,鋼筋混凝土造,110年1月19日,二十三層,,持分移轉
RPPNMLQLOHLGFEF88EA,5,50.59,本案共有部分項目有：垃圾車專用停車位、垃圾及資源回收室、防災中心、排煙室、停車空間、台電配電場所、機械室、防空避難室兼停車空間、台電管道間、陽台、梯間、發電機室、電信機房、水箱Ａ、水箱Ｂ、消防機房、供管委會使用空間、雨污水機房、排煙風機機房、水錶區、消防水箱、電梯機械室、屋頂突出物等２３項,鋼筋混凝土造,110年1月19日,二十三層,,持分移轉
RPRRMLQKOHLGFAF88DA,40,94.78,住家用,鋼筋混凝土造,75年3月15日,五層,四層 陽台,全筆移轉
RPRNMLQKOHLGFCF68DA,27,45.74,共有部分,鋼筋混凝土造,88年4月6日,十四層,,持分移轉
RPQNMLLJOHLGFCF97DA,44,83.80,住家用,鋼筋混凝土造,71年2月27日,五層,五層 陽台,全筆移轉
RPOUMLPKNHLGFBF78DA,32,83.02,住家用,鋼筋混凝土造,83年6月20日,八層,三層 陽台,全筆移轉
RPOUMLPKNHLGFBF78DA,32,34.28,共有部分,鋼筋混凝土造,83年6月20日,八層,,持分移轉
RPOPMLSLNHLGFBF68DA,19,90.04,住家用,鋼筋混凝土造,96年9月27日,十五層,十三層 陽台,全筆移轉
RPOUMLPKNHLGFBF78DA,32,5.09,共有部分,鋼筋混凝土造,83年6月20日,八層,,持分移轉
RPOPMLSLNHLGFBF68DA,19,68.11,共有部分,鋼筋混凝土造,96年9月27日,十五層,,持分移轉
RPVNMLQKOHLGFDF56DA,27,85.91,住家用,鋼筋混凝土造,88年1月18日,十七層,五層 陽台,全筆移轉
RPVNMLQKOHLGFDF56DA,27,15.39,共有部分,鋼筋混凝土造,88年1月18日,十七層,,持分移轉
RPVNMLQKOHLGFDF56DA,27,38.20,共有部分,鋼筋混凝土造,88年1月18日,十七層,,持分移轉
RPQOMLRKOHLGFDF88DA,30,176.49,住家用,鋼筋混凝土造,85年7月18日,二十四層,二十三層 二十四層 陽台,全筆移轉
RPQOMLRKOHLGFDF88DA,30,36.92,停車場、招待所,鋼筋混凝土造,85年7月18日,二十五層,地下九層,持分移轉
RPQOMLRKOHLGFDF88DA,30,.94,防空避難室、水箱、台電配電室、自用儲藏室,鋼筋混凝土造,85年7月18日,二十五層,,持分移轉
RPQOMLRKOHLGFDF88DA,30,7.29,防空避難室、水箱、台電配電室、自用儲藏室,鋼筋混凝土造,85年7月18日,二十五層,,持分移轉
RPQOMLRKOHLGFDF88DA,30,5.96,樓電梯間、中繼水箱、屋頂突出物、陽台,鋼筋混凝土造,85年7月18日,二十五層,,持分移轉
RPRQMLQKOHLGFEF56DA,37,17.61,住家用,鋼筋混凝土造,78年1月22日,五層,五層,全筆移轉
RPRQMLQKOHLGFEF56DA,37,7.84,共有部分,鋼筋混凝土造,78年1月22日,五層,,持分移轉
RPWOMLOKNHLGFGF76DA,30,41.60,住家用,鋼筋混凝土造,85年3月9日,十二層,十一層 陽台,全筆移轉
RPWOMLOKNHLGFGF76DA,30,10.61,共有部分,鋼筋混凝土造,85年3月9日,十二層,,持分移轉
RPWOMLOKNHLGFGF76DA,30,10.03,共有部分,鋼筋混凝土造,85年3月9日,十二層,,持分移轉
RPXNMLQKOHLGFGF07DA,42,39.85,住家用,鋼筋混凝土造,72年11月30日,四層,一層 平台,全筆移轉
RPXOMLQKOHLGFGF17DA,1,36.22,集合住宅,鋼筋混凝土造,114年9月25日,十二層,八層 陽台 雨遮,全筆移轉
RPXOMLQKOHLGFGF17DA,1,43.92,本共有部分項目有：電信室、客貨兩用升降機、無障礙昇降機、台電配電場所、垃圾資源回收空間、停車空間兼防空避難室、機車停車空間、（Ｃ梯）安全梯、水箱、消防泵浦室、機房、停車空間、車道、（Ｃ梯）、（Ｂ梯）安全梯、管委會空間、梯廳、（Ａ梯）安全梯、（Ｄ梯）一般梯、Ｃ水箱、電梯機房、Ｄ水箱等２２項。,鋼筋混凝土造,114年9月25日,十二層,,持分移轉
RPSRMLSLNHLGFEF96DA,15,92.88,住家用,鋼筋混凝土造,100年9月22日,十五層,十三層 陽台 雨遮,全筆移轉
RPSRMLSLNHLGFEF96DA,15,71.37,本共有部分之項目有樓電梯間、社區活動中心、陽台、門廳、公共廁所、停車空間、台電配電室、機房、機車停車區、蓄水池、電信機房、垃圾儲存空間、臨時停車空間、防空避難室兼停車空間、發電機室、污水機房、消防機房、管委會空間、茶水間、門廊、水箱、機械室等２２項,鋼筋混凝土造,100年9月22日,十五層,,持分移轉
RPSNMLSKOHLGFGF76DA,35,118.07,住家用,鋼筋混凝土造,79年10月24日,七層,四層 陽台 花台 雨遮,全筆移轉
RPSNMLSKOHLGFGF76DA,35,18.60,防空避難室、停車場,鋼筋混凝土造,79年10月24日,七層,地下層,持分移轉
RPSNMLSKOHLGFGF76DA,35,9.72,共有部分,鋼筋混凝土造,79年10月24日,七層,,持分移轉
RPTOMLNJOHLGFEF78DA,19,.07,住家用,鋼骨鋼筋混凝土造,96年10月5日,二十九層,一層,持分移轉
RPTOMLNJOHLGFEF78DA,19,29.65,住家用,鋼骨鋼筋混凝土造,96年10月5日,二十九層,三層 陽台,全筆移轉
RPTOMLNJOHLGFEF78DA,19,6.14,共有部分,鋼骨鋼筋混凝土造,96年10月5日,二十九層,,持分移轉
RPTOMLNJOHLGFEF78DA,19,2.12,共有部分,鋼骨鋼筋混凝土造,96年10月5日,二十九層,,持分移轉
RPTOMLNJOHLGFEF78DA,19,20.76,共有部分,鋼骨鋼筋混凝土造,96年10月5日,二十九層,,持分移轉
RPTOMLNJOHLGFEF78DA,19,6.92,共有部分,鋼骨鋼筋混凝土造,96年10月5日,二十九層,,持分移轉
RPPNMLOJOHLGFIF78DA,18,111.26,住家用,鋼筋混凝土造,97年1月25日,十五層,二層 陽台 雨遮,全筆移轉
RPPNMLOJOHLGFIF78DA,18,24.59,共有部分,鋼筋混凝土造,97年1月25日,十五層,,持分移轉
RPPNMLOJOHLGFIF78DA,18,73.69,共有部分,鋼筋混凝土造,97年1月25日,十五層,,持分移轉
RPTNMLPJOHLGFHF56DA,48,100.19,住家用,鋼筋混凝土造,66年11月17日,五層,四層 陽台,全筆移轉
RPOOMLNJOHLGFIF68DA,,182.42,住家用,加強磚造,,二層,一層 二層 騎樓,全筆移轉
RPTNMLOJOHLGFIF56DA,33,71.19,住家用,鋼筋混凝土造,81年12月21日,十層,十層 陽台,全筆移轉
RPTNMLOJOHLGFIF56DA,33,3.28,共有部分,鋼筋混凝土造,81年12月21日,十層,,持分移轉
RPTNMLOJOHLGFIF56DA,33,12.94,共有部分,鋼筋混凝土造,81年12月21日,十層,,持分移轉
RPUNMLPKOHLGFIF86DA,33,85.22,廠房,鋼筋混凝土造,82年7月23日,五層,一層 平台,全筆移轉
RPUNMLPKOHLGFIF86DA,33,4.40,共有部分,鋼筋混凝土造,82年7月23日,五層,,持分移轉
RPUNMLPKOHLGFIF86DA,33,.27,汽車昇降機孔,鋼筋混凝土造,82年7月23日,五層,,持分移轉
RPUNMLPKOHLGFIF86DA,33,3.72,共有部分,鋼筋混凝土造,82年7月23日,五層,,持分移轉
RPUNMLPKOHLGFIF86DA,33,3.80,共有部分,鋼筋混凝土造,82年7月21日,五層,,持分移轉
RPRNMLRKOHLGFIF76DA,31,60.88,住家用,鋼筋混凝土造,84年8月15日,七層,六層 陽台,全筆移轉
RPRNMLRKOHLGFIF76DA,31,11.87,防空避難室兼停車間、壹層電梯間、平台、突出物,鋼筋混凝土造,84年8月15日,七層,,持分移轉
RPVOMLLLNHLGFEF88DA,19,27.72,住家用,鋼筋混凝土造,96年10月26日,十四層,四層 陽台 雨遮,全筆移轉
RPVOMLLLNHLGFEF88DA,19,1.66,共有部分,鋼筋混凝土造,96年10月26日,十四層,,持分移轉
RPVOMLLLNHLGFEF88DA,19,2.94,共有部分,鋼筋混凝土造,96年10月26日,十四層,,持分移轉
RPVOMLLLNHLGFEF88DA,19,.03,共有部分,鋼筋混凝土造,96年10月26日,十四層,,持分移轉
RPVOMLLLNHLGFEF88DA,19,9.79,共有部分,鋼筋混凝土造,96年10月26日,十四層,,持分移轉
RPVNMLTJOHLGFCF66DA,45,105.35,住家用,鋼筋混凝土造,70年3月18日,五層,三層 陽台,全筆移轉
RPRNMLMKNHLGFIF78DA,5,53.61,集合住宅,鋼筋混凝土造,110年8月24日,十三層,十層 陽台 雨遮,全筆移轉
RPOOMLTLNHLGFEF98DA,40,256.33,住家用,加強磚造,75年1月24日,二層,一層 二層 陽台 平台,全筆移轉
RPRNMLMKNHLGFIF78DA,5,64.94,本共有部分之項目有：車道、安全梯、梯廳、管理員室、緊急昇降機、無障礙昇降機、昇降機、陽台、雨遮、管委會使用空間（一）、管委會使用空間（二）、管委會使用空間（三）、排煙室、水箱、梯間、機房、機械室、電信機房、緊急發電機室、停車空間、垃圾儲藏室、電錶區、自行車停車區、台電配電場所、受電箱區、蓄水池、消防泵浦室及防空避難室兼停車空間等２８項。,鋼筋混凝土造,110年8月24日,十三層,,持分移轉
RPTNMLQKNHLGFHF66DA,27,37.37,住家用,鋼筋混凝土造,87年11月20日,十九層,十三層 陽台,全筆移轉
RPTNMLQKNHLGFHF66DA,27,15.27,共有部分,鋼筋混凝土造,87年11月20日,十九層,,持分移轉
RPTNMLQKNHLGFHF66DA,27,3.30,共有部分,鋼筋混凝土造,87年11月20日,十九層,,持分移轉
RPTNMLQKNHLGFHF66DA,27,.70,共有部分,鋼筋混凝土造,87年11月20日,十九層,,持分移轉
RPPNMLQKOHLGFGF88DA,43,91.98,住家用,鋼筋混凝土造,72年8月8日,五層,五層 陽台,全筆移轉
RPPPMLPLNHLGFHF09DA,25,114.00,住家用,鋼筋混凝土造,90年4月18日,二十二層,四層 陽台,全筆移轉
RPXNMLRLNHLGFHF27DA,31,104.48,住家用,鋼筋混凝土造,84年8月2日,十六層,八層 陽台 見其他登記事項,全筆移轉
RPPPMLPLNHLGFHF09DA,25,.60,公共門廳,鋼筋混凝土造,90年4月18日,十九層,一層 陽台,持分移轉
RPXNMLRLNHLGFHF27DA,31,19.52,共有部分,鋼筋混凝土造,84年8月2日,十六層,,持分移轉
RPPPMLPLNHLGFHF09DA,25,24.18,共有部分,鋼筋混凝土造,90年4月18日,二十二層,,持分移轉
RPXNMLRLNHLGFHF27DA,31,23.11,共有部分,鋼筋混凝土造,84年8月2日,十六層,,持分移轉
RPPPMLPLNHLGFHF09DA,25,.14,共有部分,鋼筋混凝土造,90年4月18日,二十二層,,持分移轉
RPXNMLRLNHLGFHF27DA,31,12.43,共有部分,鋼筋混凝土造,84年8月2日,十六層,,持分移轉
RPPPMLPLNHLGFHF09DA,25,9.31,共有部分,鋼筋混凝土造,90年4月18日,二十二層,,持分移轉
RPPPMLPLNHLGFHF09DA,25,.00,共有部分,鋼筋混凝土造,90年4月18日,二十二層,,持分移轉
RPPPMLPLNHLGFHF09DA,25,39.64,共有部分,鋼筋混凝土造,90年4月18日,二十二層,,持分移轉
RPPPMLPLNHLGFHF09DA,25,1.14,共有部分,鋼筋混凝土造,90年4月18日,二十二層,,持分移轉
RPSNMLPKNHLGFIF56DA,,98.40,住家用,鋼筋混凝土造,,五層,三層 陽台,全筆移轉
RPXOMLMLNHLGFHF86DA,28,52.70,住家用,鋼筋混凝土造,86年11月4日,十六層,九層 陽台,全筆移轉
RPXOMLMLNHLGFHF86DA,28,15.99,共有部分,鋼筋混凝土造,86年11月4日,十六層,,持分移轉
RPROMLPKOHLGFIF66DA,31,98.09,住家用,鋼筋混凝土造,84年8月21日,十二層,八層 陽台,全筆移轉
RPROMLPKOHLGFIF66DA,31,14.02,樓梯間,鋼筋混凝土造,84年8月21日,十二層,,持分移轉
RPROMLPKOHLGFIF66DA,31,11.68,防空避難室，屋頂突出物，樓梯間，地下室，停車間,鋼筋混凝土造,84年8月21日,十二層,,持分移轉
RPUNMLRKOHLGFGF96EA,52,63.57,住家用,加強磚造,63年3月10日,四層,四層,全筆移轉
RPVNMLTLNHLGFCF76DA,29,81.92,住家用,鋼筋混凝土造,85年12月19日,十層,六層 陽台,全筆移轉
RPVNMLTLNHLGFCF76DA,29,12.33,共有部分,鋼筋混凝土造,85年12月19日,十層,,持分移轉
RPVNMLTLNHLGFCF76DA,29,21.79,共有部分,鋼筋混凝土造,85年12月19日,十層,,持分移轉
RPPNMLRKOHLGFGF09EA,60,93.28,住家用,加強磚造,54年10月25日,二層,一層 二層,全筆移轉
RPPNMLQKOHLGFCF58EA,37,401.25,工業用,鋼筋混凝土造,78年1月12日,八層,五層 花台,全筆移轉
RPPNMLQKOHLGFCF58EA,37,54.17,共有部分,鋼筋混凝土造,78年1月12日,八層,,持分移轉
RPPNMLQKOHLGFCF58EA,37,104.55,見使用執照,鋼筋混凝土造,78年8月4日,十層,防空避難室 騎樓 通道,持分移轉
RPTNMLRKOHLGFGF86EA,2,46.52,集合住宅,鋼筋混凝土造,112年12月15日,十五層,四層 陽台,全筆移轉
RPTNMLRKOHLGFGF86EA,2,24.50,本共有部分之項目有：車道、管委會使用空間、陽台、無障礙安全梯、無障礙升降梯、緊急升降梯、一般升降梯、排煙室、戶外安全梯、梯廳、樓梯間、水箱、消防水箱、電梯機房、防空避難室兼停車空間、台電配電場所、受電箱、垃圾儲藏室、通風、停車空間、進排、消防機房、發電機房、電信機房、垃圾車位等２５項。,鋼筋混凝土造,112年12月15日,十五層,,持分移轉
RPWUMLQKOHLGFAF07DA,41,89.76,住家用,鋼筋混凝土造,74年2月1日,五層,三層 陽台,全筆移轉
RPPRMLPKOHLGFAF58DA,,75.63,住家用,鋼筋混凝土造,,五層,一層 平台,全筆移轉
RPUNMLNKNHLGFHF09DA,42,72.86,住家用,鋼筋混凝土造,73年7月6日,五層,五層 陽台,全筆移轉
RPQNMLLKNHLGFHF48DA,29,106.51,住家用,鋼筋混凝土造,86年5月15日,十七層,八層 陽台,全筆移轉
RPQNMLLKNHLGFHF48DA,29,20.19,共有部分,鋼筋混凝土造,86年5月15日,十七層,,持分移轉
RPVNMLQKOHLGFAF98EA,13,31.34,集合住宅,鋼筋混凝土造,102年10月14日,二十六層,四層 陽台,全筆移轉
RPVNMLQKOHLGFAF98EA,13,18.42,本共有部分之項目有：防空避難室兼停車空間、蓄水池、排煙室、緊急昇降機、特別安全梯、消防機房、機房、停車空間、緊急昇降機（無障礙電梯）、發電機房、機械室、垃圾儲藏室、台電配電場所、管委會使用空間（議事討論室）、管委會使用空間（雜物室）、管委會使用空間（器材室１）、管委會使用空間、防災中心、管委會使用空間（器材室２）、電信機房、管委會住戶服務室、管委會掃具間、騎樓、走廊、機電設備空間、中繼水箱、陽台、水箱等２８項。,鋼筋混凝土造,102年10月14日,二十六層,,持分移轉
RPSSMLNJOHLGFBF78DA,,65.25,集合住宅,鋼筋混凝土造,114年12月10日,十四層,十一層 陽台,全筆移轉
RPSSMLNJOHLGFBF78DA,,58.69,本共有部分之項目有管委會使用空間、戶外安全梯、排煙室、梯廳、陽台、樓梯間、機房、自來水箱、電梯機房、停車空間、垃圾儲藏室、電信機房、發電機房、台電配電場所、水箱、消防機房、一般安全梯等１７項,鋼筋混凝土造,114年12月10日,十四層,,持分移轉
RPTQMLSKNHLGFAF09DA,1,78.17,集合住宅,鋼骨鋼筋混凝土造,114年5月8日,二十六層,四層 陽台,全筆移轉
RPTQMLSKNHLGFAF09DA,1,76.42,本共有部分之項目有：緊急昇降機、一般升降機、公共管道、梯廳、特別安全梯Ａ無障礙樓梯、排煙室、無障礙升降機、特別安全梯Ｂ、一般安全梯無障礙樓梯、管委會使用空間、走廊、一般安全梯、中繼消防幫浦室、機械室、消防水箱、自來水水箱、電梯機房、弱電箱、消防箱、電表、信箱室、宅配室、警衛室、發電機排風、發電機進風、汽車車道、消防進風、消防排煙、受電箱、台電配電場所、防空避難室兼停車空間、垃圾車暫停車位、防災中心、進氣、排氣、垃圾處理室、緊急發電機室、機車車道、梯廳兼排煙室、停車空間、電信室、雨水回收機房、消防幫浦室、陽台等４４項。,鋼骨鋼筋混凝土造,114年5月8日,二十六層,,持分移轉
RPTPMLNJOHLGFBF58DA,1,128.96,集合住宅,鋼筋混凝土造,114年9月12日,十層,五層 陽台,全筆移轉
RPTPMLNJOHLGFBF58DA,1,62.97,本共有部分之項目有無障礙升降機、梯廳、Ａ梯廳、Ｂ梯廳、Ｃ梯廳、Ｄ梯廳、Ｅ梯廳、Ａ１安全梯、Ｂ１安全梯、Ｃ１安全梯、Ｄ１安全梯、Ｅ１安全梯、Ａ３安全梯、Ｅ３安全梯（無障礙樓梯）、梯間、Ａ２安全梯（無障礙樓梯）、Ｂ２安全梯（無障礙樓梯）、Ｃ２安全梯（無障礙樓梯）、Ｄ２安全梯（無障礙樓梯）、Ｅ２安全梯（無障礙樓梯）、交誼廳、廁所、自行車停放區、機車停放區、多功能教室、兒童遊戲室、視聽室、休閒娛樂室、ＫＴＶ、健身房、水池、管理室、無障礙廁所、管委會使用空間（會議室）、雨水機房、風機、消防泵浦室、受電箱、台電配電場所、發電機室、水景機房、電信機房、垃圾置放室、垃圾車裝卸位、水箱Ａ、水箱Ｂ、水箱Ｃ、水箱Ｄ、水箱Ｅ、電梯機房、日用水箱、消防水箱、陽台等５３項。,鋼筋混凝土造,114年9月12日,十二層,,持分移轉
RPTPMLNJOHLGFBF58DA,1,69.42,本共有部分之項目有汽車坡道、機車坡道、汽車停車區等３項,鋼筋混凝土造,114年9月12日,十二層,,持分移轉
RPUNMLTJOHLGFDF66DA,29,.87,住家用,鋼筋混凝土造,86年6月26日,十五層,一層 陽台,持分移轉
RPPNMLRKOHLGFAF48EA,16,224.10,住家用,鋼骨鋼筋混凝土造,98年11月19日,二十八層,十一層 陽台,全筆移轉
RPPNMLRKOHLGFAF48EA,16,18.20,本共有部份之項目有：地下五層：污水機房、消防機房等，地下三層：發電機室等，第一層：車道〈一〉，地下一層：防空避難室兼停車空間、垃圾處理空間、垃圾車暫停空間、防災中心、Ｅ電梯、廁所、電信機房、台電配電室場所等,鋼骨鋼筋混凝土造,98年11月19日,二十八層,,持分移轉
RPUNMLTJOHLGFDF66DA,29,67.78,住家用,鋼筋混凝土造,86年6月26日,十五層,九層 陽台,全筆移轉
RPUNMLTJOHLGFDF66DA,29,.32,緊急升降機、排煙室、水箱、特別安全梯、電梯間、機械室,鋼筋混凝土造,86年6月26日,十五層,,持分移轉
RPPNMLRKOHLGFAF48EA,16,147.57,本共有部份之項目有：地下五層：停車空間、電樓梯間、梯廳等，地下三層：停車空間、電樓梯間、梯廳、住宅專用蓄水池〈２〉等，地下四層：停車空間、電樓梯間、梯廳、住宅專用蓄水池〈１〉等，地下二層：停車空間、電樓梯間、梯廳、儲藏室、公共專用蓄水池等，地下一層：電樓梯間、梯廳、排煙室等，第一層：排煙室、梯廳〈一〉、電樓梯間、管理員室、儲藏室、頂蓋型開放空間、管委會空間、陽台等，第二層：排煙室、特別安全梯、電樓梯間等，第三層：排煙室、梯廳、電樓梯間、機械室、機房等，第四層：電樓梯間、梯廳、排煙室、社區活動中心、陽台等，第五～十四層各層：電樓梯間、梯廳、排煙室、戶外通廊等，第十五層：電樓梯間、梯廳、排煙室、戶外通廊、住宅中間水箱、消防中繼機房、消防水池、水錶室、走廊、陽台等，第十六～二十八層各層：電樓梯間、梯廳、排煙室、戶外通廊等，屋頂突出物：電樓梯間、機械室、水箱等。,鋼骨鋼筋混凝土造,98年11月19日,二十八層,,持分移轉
RPUNMLTJOHLGFDF66DA,29,24.08,緊急升降機、排煙室、水箱、特別安全梯、電梯間、機械室,鋼筋混凝土造,86年6月26日,十五層,,持分移轉
RPUNMLTJOHLGFDF66DA,29,.11,自用儲藏室、台電配電室、交誼廳、消防泵浦室、發電機室、台電管道間、管道間、管理中心、管理員室、台電配電室,鋼筋混凝土造,86年6月26日,十五層,,持分移轉
RPUNMLTJOHLGFDF66DA,29,7.89,自用儲藏室、台電配電室、交誼廳、消防泵浦室、發電機室、台電管道間、管道間、管理中心、管理員室、台電配電室,鋼筋混凝土造,86年6月26日,十五層,,持分移轉
RPTNMLSJOHLGFBF88DA,1,68.96,集合住宅,鋼筋混凝土造,114年9月12日,十二層,十一層 陽台,全筆移轉
RPTNMLSJOHLGFBF88DA,1,34.27,本共有部分之項目有無障礙升降機、梯廳、Ａ梯廳、Ｂ梯廳、Ｃ梯廳、Ｄ梯廳、Ｅ梯廳、Ａ１安全梯、Ｂ１安全梯、Ｃ１安全梯、Ｄ１安全梯、Ｅ１安全梯、Ａ３安全梯、Ｅ３安全梯（無障礙樓梯）、梯間、Ａ２安全梯（無障礙樓梯）、Ｂ２安全梯（無障礙樓梯）、Ｃ２安全梯（無障礙樓梯）、Ｄ２安全梯（無障礙樓梯）、Ｅ２安全梯（無障礙樓梯）、交誼廳、廁所、自行車停放區、機車停放區、多功能教室、兒童遊戲室、視聽室、休閒娛樂室、ＫＴＶ、健身房、水池、管理室、無障礙廁所、管委會使用空間（會議室）、雨水機房、風機、消防泵浦室、受電箱、台電配電場所、發電機室、水景機房、電信機房、垃圾置放室、垃圾車裝卸位、水箱Ａ、水箱Ｂ、水箱Ｃ、水箱Ｄ、水箱Ｅ、電梯機房、日用水箱、消防水箱、陽台等５３項。,鋼筋混凝土造,114年9月12日,十二層,,持分移轉
RPTNMLSJOHLGFBF88DA,1,34.71,本共有部分之項目有汽車坡道、機車坡道、汽車停車區等３項,鋼筋混凝土造,114年9月12日,十二層,,持分移轉
RPXOMLKLNHLGFBF68DA,1,103.58,集合住宅,鋼筋混凝土造,114年9月12日,十層,六層 陽台,全筆移轉
RPXOMLKLNHLGFBF68DA,1,50.59,本共有部分之項目有無障礙升降機、梯廳、Ａ梯廳、Ｂ梯廳、Ｃ梯廳、Ｄ梯廳、Ｅ梯廳、Ａ１安全梯、Ｂ１安全梯、Ｃ１安全梯、Ｄ１安全梯、Ｅ１安全梯、Ａ３安全梯、Ｅ３安全梯（無障礙樓梯）、梯間、Ａ２安全梯（無障礙樓梯）、Ｂ２安全梯（無障礙樓梯）、Ｃ２安全梯（無障礙樓梯）、Ｄ２安全梯（無障礙樓梯）、Ｅ２安全梯（無障礙樓梯）、交誼廳、廁所、自行車停放區、機車停放區、多功能教室、兒童遊戲室、視聽室、休閒娛樂室、ＫＴＶ、健身房、水池、管理室、無障礙廁所、管委會使用空間（會議室）、雨水機房、風機、消防泵浦室、受電箱、台電配電場所、發電機室、水景機房、電信機房、垃圾置放室、垃圾車裝卸位、水箱Ａ、水箱Ｂ、水箱Ｃ、水箱Ｄ、水箱Ｅ、電梯機房、日用水箱、消防水箱、陽台等５３項。,鋼筋混凝土造,114年9月12日,十二層,,持分移轉
RPXOMLKLNHLGFBF68DA,1,34.71,本共有部分之項目有汽車坡道、機車坡道、汽車停車區等３項,鋼筋混凝土造,114年9月12日,十二層,,持分移轉
RPVPMLQKOHLGFAF09DA,31,130.05,商業用,鋼筋混凝土造,84年6月17日,二十五層,十層 陽台 花台,全筆移轉
RPVPMLQKOHLGFAF09DA,31,34.45,見使用執照,鋼筋混凝土造,84年6月17日,二十五層,地下五層,持分移轉
RPVPMLQKOHLGFAF09DA,31,12.05,共有部分,鋼筋混凝土造,84年6月17日,二十五層,,持分移轉
RPVPMLQKOHLGFAF09DA,31,8.74,共有部分,鋼筋混凝土造,84年6月17日,二十五層,,持分移轉
RPVPMLQKOHLGFAF09DA,31,1.15,共有部分,鋼筋混凝土造,84年6月17日,二十五層,,持分移轉
RPPNMLRKOHLGFDF78EA,32,324.09,工商用,鋼造,83年3月30日,二十一層,十四層,全筆移轉
RPPNMLRKOHLGFDF78EA,32,17.97,見使用執照,鋼造,83年3月30日,二十層,地下三層,持分移轉
RPPNMLRKOHLGFDF78EA,32,92.34,見使用執照,鋼造,83年3月30日,二十層,地下四層 地下五層 地下六層,持分移轉
RPPNMLRKOHLGFDF78EA,32,84.67,共有部分,鋼造,83年3月30日,二十層,,持分移轉
RPPNMLRKOHLGFDF78EA,32,.43,共有部分,鋼造,83年3月30日,二十一層,,持分移轉
RPPNMLRKOHLGFDF78EA,32,2.19,共有部分,鋼造,83年3月30日,二十一層,,持分移轉
RPPNMLRKOHLGFDF78EA,32,19.64,共有部分,鋼造,83年3月30日,二十一層,,持分移轉
RPPPMLMLNHLGFBF18DA,9,113.12,集合住宅,鋼筋混凝土造,105年11月10日,二十一層,十九層 陽台 雨遮,全筆移轉
RPPPMLMLNHLGFBF18DA,9,23.14,本共有部分之項目有特別安全梯、排煙室、梯廳、緊急昇降機、排煙室兼梯廳、行動不便昇降機、消防中繼水箱、消防泵浦室、梯間、機電設備空間、水箱、陽台等１２項。,鋼筋混凝土造,105年11月10日,二十一層,,持分移轉
RPPPMLMLNHLGFBF18DA,9,4.22,本共有部分之項目有管理委員會使用空間、門廳、高層緩衝空間、緊急昇降機、排煙室兼梯廳、行動不便昇降機、給水消防、梯廳、排煙室、特別安全梯、走廊、防災中心、安全梯、自行車停車空間、陽台等１５項。,鋼筋混凝土造,105年11月10日,二十一層,,持分移轉
RPPPMLMLNHLGFBF18DA,9,48.83,本共有部分之項目有台電配電場所、受電箱、防空避難室兼停車空間、行動不便者使用停車位、電梯緩衝坑道、梯廳、行動不便昇降機、安全梯、資源回收室、垃圾車專用停車位、卸貨車位、汽車坡道、機車坡道、停車空間、緊急發電機房、電信機房、自來水水箱機房、雨水回收機房、消防泵浦室、污水機房等２０項。,鋼筋混凝土造,105年11月10日,二十一層,,持分移轉
RPWNMLRKOHLGFGF07DA,41,78.05,住家用,鋼筋混凝土造,74年1月22日,五層,三層 陽台,全筆移轉
RPQNMLTJOHLGFFF09DA,31,89.17,住家用,鋼筋混凝土造,84年4月19日,五層,二層 陽台 花台,全筆移轉
RPQNMLTJOHLGFFF09DA,31,5.57,機悈房、水箱、樓梯間,鋼筋混凝土造,84年4月19日,五層,,持分移轉
RPQPMLPJOHLGFBF48DA,13,35.15,創業管理技術服務業,鋼筋混凝土造,102年4月30日,十五層,五層 雨遮,全筆移轉
RPQPMLPJOHLGFBF48DA,13,11.84,本共有部分之項目有電樓梯間、排煙室、茶水間、雨遮等四項。,鋼筋混凝土造,102年4月30日,十五層,,持分移轉
RPQQMLQKOHLGFEF09DA,29,62.49,住家用,鋼筋混凝土造,85年12月2日,十四層,十一層 陽台 花台,全筆移轉
RPQQMLQKOHLGFEF09DA,29,3.60,共有部分,鋼筋混凝土造,85年12月2日,十六層,,持分移轉
RPQQMLQKOHLGFEF09DA,29,10.18,共有部分,鋼筋混凝土造,85年12月2日,十六層,,持分移轉
RPQPMLPJOHLGFBF48DA,13,10.62,本共有部分之項目有消防機械室、水箱、停車空間、汽車車道、防空避難室兼停車空間、台電配電場所、機車車道、電信室、發電機室、管委會使用空間、陽台、雨遮、消防水箱、機械房、穿廊、電樓梯間等１６項,鋼筋混凝土造,102年4月30日,十五層,,持分移轉
RPTNMLRKOHLGFGF76DA,31,39.74,住家用,鋼筋混凝土造,84年3月16日,五層,二層 陽台,全筆移轉
RPSNMLPKOHLGFCF68DA,46,69.16,住家用,鋼筋混凝土造,69年5月5日,五層,三層,全筆移轉
RPTNMLRKOHLGFGF76DA,31,1.78,共有部分,鋼筋混凝土造,84年3月16日,五層,,持分移轉
RPPOMLTLMHLGFAF58DA,1,101.18,集合住宅,鋼骨鋼筋混凝土造,114年9月10日,二十四層,五層 陽台,全筆移轉
RPPOMLTLMHLGFAF58DA,1,12.86,本共有部分之項目有：梯廳、排煙室等２項。,鋼骨鋼筋混凝土造、鋼筋混凝土造,114年9月10日,二十四層,,持分移轉
RPPOMLTLMHLGFAF58DA,1,67.14,本共有部分之項目有：電梯升降機、安全梯兼無障礙丙梯、管委會使用空間、機車車道、進氣、排氣、緊急升降機、Ｂ棟排煙室、Ａ棟排煙室、汽車車道、水表室、Ｃ棟排煙室、安全梯兼無障礙丁梯、Ｄ棟排煙室、排煙室、安全梯兼無障礙戊梯、大廳、梯廳、特安梯兼無障礙、機電空間設備、Ｃ棟梯廳、Ｄ棟梯廳、陽台、特安梯、停車空間兼防空避難室、Ａ、Ｂ棟緊急發電機室、Ａ棟電表區、Ａ、Ｂ棟台電配電場所、Ｂ棟電表區、Ｃ、Ｄ棟緊急發電機室、Ｃ棟台電配電場所、防災中心、排風機房、安全梯兼無障礙、垃圾暫存室、Ｃ棟電表區、進風機房、Ｄ棟梯間、Ｄ棟電表區、Ｄ棟台電配電場所、消防中繼水箱、消防中繼機房、機房、Ｃ棟梯間、停車空間、電信室、Ｃ棟水箱、公共水箱、水池水箱、Ｄ棟水箱、Ｂ棟水箱、Ａ棟水箱、消防機房、雨水機房、汙水機房、電梯機房、排煙機房、樓梯、垃圾車位、機械室、梯間、Ｂ棟自來水箱、樓梯空間、裝卸車位等６４項。,鋼骨鋼筋混凝土造、鋼筋混凝土造,114年9月10日,二十四層,,持分移轉
RPWNMLOJNHLGFHF66DA,53,89.85,集合住宅,鋼筋混凝土造,61年11月21日,六層,三層 陽台,全筆移轉
RPUNMLQKOHLGFDF09DA,30,14.90,樓梯間、騎樓、屋頂突出物、防空避難室兼停車空間、車道,鋼筋混凝土造,85年6月25日,十二層,,持分移轉
RPUNMLQKOHLGFDF09DA,30,35.92,集合住宅,鋼筋混凝土構造,85年6月25日,十二層,四層 陽台 花台,全筆移轉
RPUNMLQKOHLGFDF09DA,30,3.40,共有部分，本共有部分項目有：走廊等１項。,鋼筋混凝土構造,85年6月25日,十二層,,持分移轉
RPOOMLTLNHLGFBF68DA,13,88.30,集合住宅,鋼筋混凝土造,102年8月12日,十九層,十九層 陽台 雨遮,全筆移轉
RPOOMLTLNHLGFBF68DA,13,53.44,本共有部分之項目有管委會空間、梯廳、垃圾儲存室、台電配電場所、受電箱、電信機房、機房、防災中心、防空避難室兼停車空間、機車停車空間、樓電梯間、發電機房、水箱、停車空間、污水機房、消防機房等１６項。,鋼筋混凝土造,102年8月12日,十九層,,持分移轉
RPOOMLTLNHLGFBF68DA,13,22.63,本共有部份之項目有梯廳、排煙室、樓電梯間、陽台、機械空間、消防中繼水箱、雨遮、機械室、水箱等９項。,鋼筋混凝土造,102年8月12日,十九層,,持分移轉
RPVOMLNJOHLGFBF68DA,1,103.58,集合住宅,鋼筋混凝土造,114年9月12日,十層,六層 陽台,全筆移轉
RPVOMLNJOHLGFBF68DA,1,50.59,本共有部分之項目有無障礙升降機、梯廳、Ａ梯廳、Ｂ梯廳、Ｃ梯廳、Ｄ梯廳、Ｅ梯廳、Ａ１安全梯、Ｂ１安全梯、Ｃ１安全梯、Ｄ１安全梯、Ｅ１安全梯、Ａ３安全梯、Ｅ３安全梯（無障礙樓梯）、梯間、Ａ２安全梯（無障礙樓梯）、Ｂ２安全梯（無障礙樓梯）、Ｃ２安全梯（無障礙樓梯）、Ｄ２安全梯（無障礙樓梯）、Ｅ２安全梯（無障礙樓梯）、交誼廳、廁所、自行車停放區、機車停放區、多功能教室、兒童遊戲室、視聽室、休閒娛樂室、ＫＴＶ、健身房、水池、管理室、無障礙廁所、管委會使用空間（會議室）、雨水機房、風機、消防泵浦室、受電箱、台電配電場所、發電機室、水景機房、電信機房、垃圾置放室、垃圾車裝卸位、水箱Ａ、水箱Ｂ、水箱Ｃ、水箱Ｄ、水箱Ｅ、電梯機房、日用水箱、消防水箱、陽台等５３項。,鋼筋混凝土造,114年9月12日,十二層,,持分移轉
RPVOMLNJOHLGFBF68DA,1,34.71,本共有部分之項目有汽車坡道、機車坡道、汽車停車區等３項,鋼筋混凝土造,114年9月12日,十二層,,持分移轉
RPTOMLSKOHLGFGF96DA,1,77.74,集合住宅,鋼筋混凝土造,114年5月15日,二十三層,七層 陽台,全筆移轉
RPTOMLSKOHLGFGF96DA,1,83.45,本共有部分項目有：管委會使用空間、公共服務空間、無障礙安全梯、梯廳、樓梯、緊急升降機、排煙室、行動不便升降機、高層緩衝空間、一般升降機、特安梯、車道、陽臺、防空避難室兼停車空間、緊急發電機房、防災中心、台電配電場所、停車空間、水箱、電信機房、消防機房、消防幫浦室、電梯機房、消防水箱、機房、管道間、消防水池、樓梯間等２８項。,鋼筋混凝土造,114年5月15日,二十三層,,持分移轉
RPPOMLRKOHLGFIF66DA,33,33.20,住家用,鋼筋混凝土造,81年11月9日,十七層,十層,全筆移轉
RPPOMLRKOHLGFIF66DA,33,2.03,共有部分,鋼筋混凝土造,81年11月9日,十七層,,持分移轉
RPPOMLRKOHLGFIF66DA,33,2.41,共有部分,鋼筋混凝土造,81年11月9日,十七層,,持分移轉
RPROMLRKOHLGFIF86DA,3,80.11,集合住宅,鋼筋混凝土造,112年7月7日,十五層,十一層 陽台,全筆移轉
RPROMLRKOHLGFIF86DA,3,66.31,本共有部分之項目有：無障礙戶外安全梯、戶外安全梯、Ｄ梯廳、Ｄ排煙室、供行動不便者使用電梯、公共服務空間（１）、公共服務空間（２）、公共服務空間（３）、梯廳、Ｃ排煙室、Ｃ梯廳、無障礙廁所、Ｂ排煙室、Ｂ梯廳、Ａ梯廳、無障礙安全梯、Ａ排煙室、梯間、水箱、昇降機房、發電機房、防空避難室兼停車空間、台電配電場所、汽車車道、停車空間、電信室、垃圾車暫停空間、垃圾儲藏室、機房、消防泵浦室、Ｃ水箱、Ｂ水箱、污水機房、Ｄ水箱、Ａ水箱等３５項。,鋼筋混凝土造,112年7月7日,十五層,,持分移轉
RPUNMLPKOHLGFHF76DA,3,39.74,集合住宅,鋼骨鋼筋混凝土構造、鋼筋混凝土構造,111年12月16日,十四層,十四層 陽台 雨遮,全筆移轉
RPUNMLPKOHLGFHF76DA,3,22.17,本共有部分之項目有：梯廳、管理委員會使用空間、電梯間、大廳、儲藏室、客貨昇降機、防空避難室、防空避難室兼停車空間、台電配電場所（一、二）、緊急發電機室、水箱（Ａ、Ｂ、Ｃ）、排煙室、消防泵浦室、污水處理設施、機房、機車停車空間、屋頂突出物（電梯間、樓梯間、消防水箱、機械室、日用水箱）等１７項。,鋼骨鋼筋混凝土構造、鋼筋混凝土構造,111年12月16日,十四層,,持分移轉
RPRNMLRKOHLGFBF78EA,1,68.96,集合住宅,鋼筋混凝土造,114年9月12日,十二層,六層 陽台,全筆移轉
RPRNMLRKOHLGFBF78EA,1,34.27,本共有部分之項目有無障礙升降機、梯廳、Ａ梯廳、Ｂ梯廳、Ｃ梯廳、Ｄ梯廳、Ｅ梯廳、Ａ１安全梯、Ｂ１安全梯、Ｃ１安全梯、Ｄ１安全梯、Ｅ１安全梯、Ａ３安全梯、Ｅ３安全梯（無障礙樓梯）、梯間、Ａ２安全梯（無障礙樓梯）、Ｂ２安全梯（無障礙樓梯）、Ｃ２安全梯（無障礙樓梯）、Ｄ２安全梯（無障礙樓梯）、Ｅ２安全梯（無障礙樓梯）、交誼廳、廁所、自行車停放區、機車停放區、多功能教室、兒童遊戲室、視聽室、休閒娛樂室、ＫＴＶ、健身房、水池、管理室、無障礙廁所、管委會使用空間（會議室）、雨水機房、風機、消防泵浦室、受電箱、台電配電場所、發電機室、水景機房、電信機房、垃圾置放室、垃圾車裝卸位、水箱Ａ、水箱Ｂ、水箱Ｃ、水箱Ｄ、水箱Ｅ、電梯機房、日用水箱、消防水箱、陽台等５３項。,鋼筋混凝土造,114年9月12日,十二層,,持分移轉
RPRNMLRKOHLGFBF78EA,1,34.71,本共有部分之項目有汽車坡道、機車坡道、汽車停車區等３項,鋼筋混凝土造,114年9月12日,十二層,,持分移轉
RPTNMLSKOHLGFDF66EA,35,203.00,住家用,鋼筋混凝土造,80年6月3日,四層,三層 四層 陽台 屋頂突出物 電梯樓梯間 露台 夾層,全筆移轉
RPTNMLSKOHLGFDF66EA,35,44.38,防空避難室兼停車場,鋼筋混凝土造,80年6月3日,四層,地下二層,持分移轉
RPTNMLSKOHLGFDF66EA,35,1.23,共有部分,鋼筋混凝土造,80年6月3日,四層,,持分移轉
RPTNMLSKOHLGFDF66EA,35,8.73,共有部分,鋼筋混凝土造,80年6月3日,四層,,持分移轉
RPTNMLSKOHLGFGF96EA,40,108.51,住家用,鋼筋混凝土造,75年2月5日,五層,五層 陽台,全筆移轉
RPSNMLQKOHLGFAF68EA,13,27.28,集合住宅,鋼筋混凝土造,102年10月14日,二十六層,七層 陽台,全筆移轉
RPSNMLQKOHLGFAF68EA,13,16.05,本共有部分之項目有：防空避難室兼停車空間、蓄水池、排煙室、緊急昇降機、特別安全梯、消防機房、機房、停車空間、緊急昇降機（無障礙電梯）、發電機房、機械室、垃圾儲藏室、台電配電場所、管委會使用空間（議事討論室）、管委會使用空間（雜物室）、管委會使用空間（器材室１）、管委會使用空間、防災中心、管委會使用空間（器材室２）、電信機房、管委會住戶服務室、管委會掃具間、騎樓、走廊、機電設備空間、中繼水箱、陽台、水箱等２８項。,鋼筋混凝土造,102年10月14日,二十六層,,持分移轉
RPTOMLPKOHLGFEF56EA,1,58.49,集合住宅,鋼筋混凝土造,114年8月28日,十五層,十二層 陽台,全筆移轉
RPTOMLPKOHLGFEF56EA,1,60.16,本共有部分項目有：騎樓、梯廳、Ａ排煙室、Ｂ排煙室、管理委員會使用空間１、甲梯、乙梯、丙梯、丁梯、陽台、汽機車坡道、Ａ梯廳、梯間、Ａ梯間、Ｂ梯間、水箱、電梯機房、Ｂ梯廳、台電配電場所、配電盤區、汽車車道、防空避難室兼停車空間、服務裝卸車位、Ａ電梯機房、垃圾貯存空間、發電機室、自來水給水箱１、自來水給水箱２、自來水給水箱３、Ｂ電梯機房、自來水給水箱４、自來水給水箱５、電信室、受水箱、停車空間、消防泵浦室、雨水機房等３７項。,鋼筋混凝土造,114年8月28日,十五層,,持分移轉
RPWNMLPJNHLGFHF76DA,24,111.37,住家用,鋼筋混凝土造,91年2月4日,五層,一層 陽台,全筆移轉
RPXNMLQKOHLGFAF56EA,12,62.39,集合住宅,鋼筋混凝土造,102年10月14日,二十六層,七層 陽台,全筆移轉
RPXNMLQKOHLGFAF56EA,12,84.51,本共有部分之項目有：防空避難室兼停車空間、蓄水池、排煙室、緊急昇降機、特別安全梯、消防機房、機房、停車空間、緊急昇降機（無障礙電梯）、發電機房、機械室、垃圾儲藏室、台電配電場所、管委會使用空間（議事討論室）、管委會使用空間（雜物室）、管委會使用空間（器材室１）、管委會使用空間、防災中心、管委會使用空間（器材室２）、電信機房、管委會住戶服務室、管委會掃具間、騎樓、走廊、機電設備空間、中繼水箱、陽台、水箱等２８項。,鋼筋混凝土造,102年10月14日,二十六層,,持分移轉
RPSNMLRKOHLGFCF98EA,30,77.62,住家用,鋼筋混凝土造,85年3月27日,六層,四層 陽台,全筆移轉
RPSNMLRKOHLGFCF98EA,30,17.07,共有部分,鋼筋混凝土造,85年3月27日,六層,,持分移轉
RPSNMLRKOHLGFCF98EA,30,22.75,共有部分,鋼筋混凝土造,85年3月27日,六層,,持分移轉
RPTOMLLLNHLGFAF28DA,27,82.56,住家用,鋼筋混凝土造,87年11月2日,九層,二層 陽台,全筆移轉
RPTOMLLLNHLGFAF28DA,27,11.97,共有部分,鋼筋混凝土造,87年11月2日,九層,,持分移轉
RPTOMLLLNHLGFAF28DA,27,6.58,車道、防空避難室兼停車空間等共公共設施,鋼筋混凝土造,87年11月2日,九層,,持分移轉
RPVNMLMJOHLGFCF58DA,47,103.86,住家用,鋼筋混凝土造,68年10月13日,四層,四層 陽台,全筆移轉
RPTOMLNJOHLGFAF38DA,19,122.50,一般事務所,鋼筋混凝土造,96年9月7日,十四層,九層 陽台,全筆移轉
RPTOMLNJOHLGFAF38DA,19,25.23,共有部分,鋼筋混凝土造,96年9月7日,十四層,,持分移轉
RPOOMLMLNHLGFCF08DA,38,115.52,住家用,鋼筋混凝土造,77年6月13日,十層,三層 陽台,全筆移轉
RPTOMLNJOHLGFAF38DA,19,45.02,共有部分,鋼筋混凝土造,96年9月7日,十四層,,持分移轉
RPOOMLMLNHLGFCF08DA,38,6.31,共有部分,鋼筋混凝土造,77年6月13日,十層,,持分移轉
RPOOMLMLNHLGFCF08DA,38,14.44,共有部分,鋼筋混凝土造,77年6月13日,十層,,持分移轉
RPQNMLRJNHLGFIF09DA,33,94.56,住家用,鋼筋混凝土造,82年3月23日,十層,九層 陽台 雨遮,全筆移轉
RPQNMLRJNHLGFIF09DA,33,5.55,共有部分,鋼筋混凝土造,82年3月23日,十層,,持分移轉
RPQQMLRJNHLGFBF68DA,12,123.76,集合住宅,鋼筋混凝土造,103年4月15日,十九層,十九層 陽台 雨遮,全筆移轉
RPQQMLRJNHLGFBF68DA,12,87.81,本共有部分之項目有管委會空間、休閒室、門廳、休閒空間、陽台、夾層、防空避難室兼停車空間、台電配電場所、水池機房、發電機房、發電機房排風管道、發電機房進風管道、排煙室兼梯廳、樓電梯間、停車空間、地下室進風管道、地下室排風管道、機房、電信機房、污水處理機房、蓄水池、消防泵浦機房等２２項。,鋼筋混凝土造,103年4月15日,十九層,,持分移轉
RPQQMLRJNHLGFBF68DA,12,27.12,本共有部分項目有梯廳、排煙室、樓電梯間、機房、信箱區、機械室、水箱、陽台等８項。,鋼筋混凝土造,103年4月15日,十九層,,持分移轉
RPXPMLSKOHLGFAF86DA,49,81.84,住家用,鋼筋混凝土造,66年2月14日,四層,二層 陽台,全筆移轉
RPSNMLSJNHLGFBF68DA,16,84.74,集合住宅,鋼筋混凝土造,98年12月18日,十一層,五層 陽台 雨遮,全筆移轉
RPSNMLSJNHLGFBF68DA,16,61.00,本共有部分之項目有防空避難室兼停車空間、台電管道間（１，２）、電信機房、消防泵浦室、緊急發電室、水箱、樓梯間、梯廳、電梯機房、騎樓及雨遮共十一項。,鋼筋混凝土造,98年12月18日,十一層,,持分移轉
RPTQMLQKOHLGFBF09DA,45,80.63,住家用,鋼筋混凝土造,70年9月14日,五層,三層 陽台,全筆移轉
RPTPMLMKOHLGFBF58DA,36,140.17,住家用,鋼筋混凝土造,78年12月30日,七層,五層 陽台,全筆移轉
RPTPMLMKOHLGFBF58DA,36,30.80,共有部分,鋼筋混凝土造,78年12月30日,七層,,持分移轉
RPOOMLSKNHLGFBF48DA,38,255.35,廠房、辦公室、單身員工宿舍,鋼筋混凝土造,77年3月9日,二層,一層 二層 防空避難室 見其他登記事項,全筆移轉
RPUNMLPJOHLGFAF58DA,47,81.20,住家用,鋼筋混凝土造,68年4月22日,四層,三層 陽台,全筆移轉
RPOQMLLKNHLGFAF97EA,33,75.40,住家用,鋼筋混凝土造,82年7月26日,二十二層,十層 陽台,持分移轉
RPOQMLLKNHLGFAF97EA,33,.25,共有部分,鋼筋混凝土造,82年7月26日,二十二層,,持分移轉
RPOQMLLKNHLGFAF97EA,33,17.22,共有部分,鋼筋混凝土造,82年7月26日,二十二層,,持分移轉
RPWTMLQKOHLGFBF07DA,45,71.31,住家用,鋼筋混凝土造,70年8月5日,五層,五層 陽台,全筆移轉
RPSOMLKLNHLGFBF18DA,1,103.58,集合住宅,鋼筋混凝土造,114年9月12日,十層,十層 陽台,全筆移轉
RPSOMLKLNHLGFBF18DA,1,50.59,本共有部分之項目有無障礙升降機、梯廳、Ａ梯廳、Ｂ梯廳、Ｃ梯廳、Ｄ梯廳、Ｅ梯廳、Ａ１安全梯、Ｂ１安全梯、Ｃ１安全梯、Ｄ１安全梯、Ｅ１安全梯、Ａ３安全梯、Ｅ３安全梯（無障礙樓梯）、梯間、Ａ２安全梯（無障礙樓梯）、Ｂ２安全梯（無障礙樓梯）、Ｃ２安全梯（無障礙樓梯）、Ｄ２安全梯（無障礙樓梯）、Ｅ２安全梯（無障礙樓梯）、交誼廳、廁所、自行車停放區、機車停放區、多功能教室、兒童遊戲室、視聽室、休閒娛樂室、ＫＴＶ、健身房、水池、管理室、無障礙廁所、管委會使用空間（會議室）、雨水機房、風機、消防泵浦室、受電箱、台電配電場所、發電機室、水景機房、電信機房、垃圾置放室、垃圾車裝卸位、水箱Ａ、水箱Ｂ、水箱Ｃ、水箱Ｄ、水箱Ｅ、電梯機房、日用水箱、消防水箱、陽台等５３項。,鋼筋混凝土造,114年9月12日,十二層,,持分移轉
RPSOMLKLNHLGFBF18DA,1,34.71,本共有部分之項目有汽車坡道、機車坡道、汽車停車區等３項,鋼筋混凝土造,114年9月12日,十二層,,持分移轉
RPSPMLPJOHLGFBF68DA,17,97.27,住家用,鋼筋混凝土造,97年12月12日,九層,四層 陽台,全筆移轉
RPSPMLPJOHLGFBF68DA,17,16.06,共有部分,鋼筋混凝土造,97年12月12日,九層,,持分移轉
RPSPMLPJOHLGFBF68DA,17,24.46,共有部分,鋼筋混凝土造,97年12月12日,九層,,持分移轉
RPSPMLPJOHLGFBF68DA,17,34.79,共有部分,鋼筋混凝土造,97年12月12日,九層,,持分移轉
RPTPMLPKOHLGFBF88DA,12,107.65,集合住宅,鋼筋混凝土造,102年12月12日,十四層,五層 陽台 雨遮,全筆移轉
RPTPMLPKOHLGFBF88DA,12,80.93,本共有部份之用途有，停車空間，防空避難室兼停車空間，緊急發電機室，台電配電室，緊急升降機排煙室，垃圾儲藏室，安全梯，水箱，電信機房，消防機房，梯廳，公共服務空間，腳踏車停車空間，樓梯間，電梯機房，等１５項。,鋼筋混凝土造,102年12月12日,十四層,,持分移轉
RPTNMLMLOHLGFBF48DA,32,97.75,住家用,鋼筋混凝土造,83年7月23日,七層,七層 陽台 花台,全筆移轉
RPTNMLMLOHLGFBF48DA,32,30.89,共有部分,鋼筋混凝土造,83年7月23日,七層,,持分移轉
RPTNMLMLOHLGFBF48DA,32,4.03,共有部分,鋼筋混凝土造,83年7月23日,七層,,持分移轉
RPTRMLTLNHLGFBF86DA,15,110.78,集合住宅,鋼筋混凝土造,100年7月14日,八層,一層 陽台,全筆移轉
RPTRMLTLNHLGFBF86DA,15,85.58,本共有部分之項目有供公眾使用停車空間、公共服務空間（１～４）、管委會使用空間、停獎專用梯、門廊、車道等６項。,鋼筋混凝土造,100年7月14日,八層,,持分移轉
RPPNMLLJOHLGFDF97DA,31,111.82,住家用,鋼筋混凝土造,84年6月27日,十層,十層 陽台 露台 夾層,全筆移轉
RPPNMLLJOHLGFDF97DA,31,4.67,共有部分,鋼筋混凝土造,84年6月27日,十層,,持分移轉
RPTRMLTLNHLGFBF86DA,15,22.40,本共有部分之項目有樓梯間、水箱、機械室等３項。,鋼筋混凝土造,100年7月14日,八層,,持分移轉
RPPNMLLJOHLGFDF97DA,31,14.31,共有部分,鋼筋混凝土造,84年6月27日,十層,,持分移轉
RPPNMLLJOHLGFDF97DA,31,37.50,共有部分,鋼筋混凝土造,84年6月27日,十層,,持分移轉
RPQNMLMKOHLGFDF28DA,18,77.68,住家用,鋼筋混凝土造,96年11月7日,十四層,四層 陽台 雨遮,全筆移轉
RPQNMLMKOHLGFDF28DA,18,9.24,共有部分,鋼筋混凝土造,96年11月7日,十四層,,持分移轉
RPQNMLMKOHLGFDF28DA,18,6.00,共有部分,鋼筋混凝土造,96年11月7日,十四層,,持分移轉
RPQNMLMKOHLGFDF28DA,18,13.51,共有部分,鋼筋混凝土造,96年11月7日,十四層,,持分移轉
RPTNMLLLOHLGFDF58DA,27,13.02,共有部分,鋼筋混凝土造,87年11月13日,十七層,,持分移轉
RPTNMLLLOHLGFDF58DA,27,46.60,住家用,鋼筋混凝土造,87年11月13日,十六層,六層 陽台,全筆移轉
RPQNMLQJNHLGFEF58DA,13,81.88,住家用,鋼筋混凝土造,102年9月9日,十五層,十四層 陽台,全筆移轉
RPQNMLQJNHLGFEF58DA,13,72.86,本共有部分之項目有梯廳、車道、樓梯間、管委會共同使用空間（１、２、３）、防空避難室兼停車空間、機車停放區、垃圾儲藏室空間（１、２）、台電配電場所（１、２）、訪客停車、垃圾車暫停位、受電室、電梯間、安全梯、水景機房、機房、停車空間、電信機房、發電機房、消防泵浦室、水箱、污水機房、雨水回收機房、樓電梯間、電梯機房等２４項,鋼筋混凝土造,102年9月9日,十五層,,持分移轉
RPUOMLSLMHLGFGF96DA,31,68.23,住家用,鋼骨鋼筋混凝土造,83年12月24日,十九層,九層 陽台,全筆移轉
RPUOMLSLMHLGFGF96DA,31,36.24,共有部分,鋼骨鋼筋混凝土造,83年12月24日,十九層,,持分移轉
RPRNMLNJOHLGFGF68DA,45,108.00,住家用,鋼筋混凝土造,70年2月21日,五層,三層,全筆移轉
RPXOMLTLNHLGFGF47DA,4,26.94,集合住宅,鋼筋混凝土造,111年3月1日,十二層,十層 陽台 雨遮,持分移轉
RPXOMLTLNHLGFGF47DA,4,26.81,本共有部分項目有：管委會使用空間、梯廳、無障礙昇降機、無障礙安全梯、停車空間、機房、電梯機房、水箱、陽臺、雨遮等１０項。,鋼筋混凝土造,111年3月1日,十二層,,持分移轉
RPTOMLQKOHLGFGF76DA,1,42.57,集合住宅,鋼筋混凝土造,114年9月25日,二十四層,二十二層 陽台 雨遮,全筆移轉
RPTOMLQKOHLGFGF76DA,1,23.35,本共有部分項目有：公共服務空間（閱覽室）、公共服務空間（交誼廳）、無障礙安全梯（Ａ１）、特別安全梯（Ａ３）、排煙室、一般用兼無障礙昇降機、一般用昇降機、梯廳、昇降機緊急用、無障礙特別安全梯（Ａ２）、儲藏室、廁所、無障礙廁所、男廁、女廁、公共服務空間（健身房）、機車坡道、汽車坡道、一般梯（Ｂ１）、管委會使用空間、一般梯（Ａ４）、樓梯間、梯間、不鏽鋼水箱、水錶區、中繼消防泵浦室、一般梯（Ａ５）、中繼消防水箱、機械室、屋頂水箱、電錶區、防空避難室兼停車空間、垃圾儲藏空間、垃圾車暫停空間、台電配電場所、電信室、防災中心、防火門、停車空間、中繼消防機房、發電機室、水箱、消防泵浦機房、等４３項。,鋼骨鋼筋混凝土構造及鋼筋混凝土構造,114年9月25日,二十四層,,持分移轉
RPXOMLPKOHLGFEF86DA,7,103.84,住家用,鋼筋混凝土造,108年2月22日,二十六層,二層 陽台 雨遮,全筆移轉
RPXOMLPKOHLGFEF86DA,7,74.46,本共有部分有：停車空間、電梯機房、（高架地板）、１．８Ｍ防火門、１：７．０３汽車坡道、１：８汽車坡道、大廳、女廁、中繼泵浦室、公共設施空間、水池、水箱、水箱（公設）、台電配電室一區、台電配電室二區、台電配電室三區、台電配電室四區、地排水池、安全梯、自行車位停放區、行動不便廁所、沉砂池、男廁、防火乘場門、防災中心、垃圾貯存空間（一）、垃圾貯存空間（二）、昇降機道、門廳、雨水回收池、雨水泵浦機房、雨水滯留池、屋頂水箱、泵浦室、消防中繼機房、消防水池、消防水箱、消防機房、特別安全梯、特別安全梯兼無障礙梯、無障礙梯、停車空間兼防空避難室、排風管道、排氣墩、排煙室、梯間、梯廳、景觀機房、電信室、電梯、截水溝、管委會空間、緊急昇降機、緊急昇降機兼行動不便梯、緊急昇降機兼行動不便電梯、緊急昇降機道、緊急發電機室（一）、緊急發電機室（二）、機房、騎樓、警衛室。等６１項,鋼筋混凝土造,108年2月22日,二十六層,,持分移轉
RPQNMLQKOHLGFDF68DA,26,24.29,防空避難室兼停車空間,鋼筋混凝土造,88年12月2日,二十八層,地下一層 地下二層 地下三層 地下四層 地下五層,持分移轉
RPQNMLQKOHLGFDF68DA,26,.34,共有部分,鋼筋混凝土造,88年12月2日,二十八層,,持分移轉
RPQNMLQKOHLGFDF68DA,26,4.40,共有部分,鋼筋混凝土造,88年12月2日,二十八層,,持分移轉
RPQNMLQKOHLGFDF68DA,26,63.58,住家用,鋼筋混凝土造,88年12月2日,二十五層,十八層 陽台,全筆移轉
RPQNMLQKOHLGFDF68DA,26,15.69,共有部分,鋼筋混凝土造,88年12月2日,二十五層,,持分移轉
RPVOMLSKOHLGFGF17DA,3,77.52,集合住宅,鋼筋混凝土造,112年10月26日,十四層,九層 陽台 雨遮,全筆移轉
RPVOMLSKOHLGFGF17DA,3,70.05,本共有部分項目有：停車空間、防空避難室兼停車空間、車道、管委會使用空間１、管委會使用空間２、管委會使用空間３、管委會使用空間４、戶外安全梯Ａ１無障礙樓梯、一般昇降機、無障礙昇降機、緊急昇降梯、排煙室、戶外安全梯Ａ２、戶外安全梯Ｂ１無障礙樓梯、戶外安全梯Ｂ２、一般安全梯Ｃ１無障礙樓梯、一般安全梯Ｃ２、陽臺、水箱（一）、水箱（二）、電梯機房、水箱、梯間、梯廳等２４項。,鋼筋混凝土造,112年10月26日,十五層,,持分移轉
RPWRMLMLOHLGFBF56DA,7,52.58,店鋪,鋼筋混凝土造,107年11月2日,十四層,一層 陽台,全筆移轉
RPWRMLMLOHLGFBF56DA,7,25.88,本共有部分之項目有梯廳、Ａ棟排煙室、Ｂ棟排煙室、緊急升降機兼無障礙電梯、一般安全梯、一般安全梯兼無障礙樓梯、台電專梯、兼無障礙樓梯、客貨兩用昇降機、管委會１、管委會２、Ａ棟電梯機房、Ｂ棟電梯機房、Ａ棟水箱、Ｂ棟水箱、消防水塔、台電配電場所、電信室、發電機室、防空避難室兼停車空間、資源回收區、Ａ棟蓄水池、Ｂ棟蓄水池、消防泵浦室、雨水貯集滯洪設施等２５項,鋼筋混凝土造,107年11月2日,十四層,,持分移轉
RPWRMLMLOHLGFBF56DA,7,36.39,本共有部分之項目有等候空間、汽車昇降機、倉儲式停車機械設備機房、停車機械設備、停車空間等５項,鋼筋混凝土造,107年11月2日,十四層,,持分移轉
RPVNMLRKOHLGFGF96DA,19,238.44,一般商業設施（一般服務業、一般零售業、一般事物所）、停車空間,鋼筋混凝土造,96年5月2日,四層,一層 二層 三層 四層 陽台 雨遮 地下一層 見其他登記事項,全筆移轉
RPVNMLRKOHLGFGF96DA,19,24.75,共有部分,鋼筋混凝土造,96年5月2日,四層,,持分移轉
RPPNMLKLOHLGFGF38DA,38,45.47,住家用,鋼筋混凝土造,77年2月13日,五層,一層 平台,全筆移轉
RPTPMLKLNHLGFCF48DA,22,83.52,住家用,鋼筋混凝土造,92年12月1日,十四層,三層 陽台,全筆移轉
RPTPMLKLNHLGFCF48DA,22,19.91,共有部分,鋼筋混凝土造,92年12月1日,十四層,,持分移轉
RPWNMLMKOHLGFGF56DA,30,63.55,住家用,鋼筋混凝土造,84年11月4日,八層,七層 陽台,全筆移轉
RPWNMLMKOHLGFGF56DA,30,23.62,共有部分,鋼筋混凝土造,84年11月4日,八層,,持分移轉
RPWNMLMKOHLGFGF56DA,30,5.66,共有部分,鋼筋混凝土造,84年11月4日,八層,,持分移轉
RPRNMLPLNHLGFCF58DA,33,67.88,住家用,鋼筋混凝土造,82年4月10日,七層,二層 陽台,全筆移轉
RPRNMLPLNHLGFCF58DA,33,19.23,共有部分,鋼筋混凝土造,82年4月10日,七層,,持分移轉
RPTPMLMKNHLGFGF98DA,34,36.21,住家用,鋼筋混凝土造,81年5月1日,七層,六層 陽台,全筆移轉
RPTPMLMKNHLGFGF98DA,34,5.47,共有部分,鋼筋混凝土造,81年5月1日,七層,,持分移轉
RPQNMLPKNHLGFFF68DA,31,88.93,住家用,鋼筋混凝土造,84年6月12日,八層,一層 陽台 花台,全筆移轉
RPQNMLPKNHLGFFF68DA,31,3.24,樓梯間．機械室．水箱,鋼筋混凝土造,84年6月12日,八層,,持分移轉
RPQNMLPKNHLGFFF68DA,31,9.43,防空避難室．停車空間,鋼筋混凝土造,84年6月12日,八層,,持分移轉
RPRNMLSKOHLGFHF76DA,34,103.64,住家用,鋼骨混凝土造,81年3月20日,二十三層,十一層 陽台,全筆移轉
RPRNMLSKOHLGFHF76DA,34,8.74,停車空間,鋼骨混凝土造,81年3月20日,二十三層,停車場 花台 通道 地下二層,持分移轉
RPRNMLSKOHLGFHF76DA,34,2.36,防空避難室兼停車場,鋼骨混凝土造,81年3月20日,二十三層,停車場 地下三層,持分移轉
RPRNMLSKOHLGFHF76DA,34,2.85,共有部分,鋼骨混凝土造,81年3月20日,二十三層,,持分移轉
RPSPMLQKOHLGFHF86DA,41,91.13,工業用,鋼筋混凝土造,74年6月27日,五層,三層 陽台,全筆移轉
RPTNMLMKNHLGFHF88DA,52,86.78,住家用,鋼筋混凝土造,63年3月22日,五層,一層 平台,全筆移轉
RPOOMLQLNHLGFDF58DA,26,93.45,住家用,鋼筋混凝土造,89年8月19日,十六層,十六層 陽台,全筆移轉
RPOOMLQLNHLGFDF58DA,26,6.97,共有部分,鋼筋混凝土造,89年8月19日,十六層,,持分移轉
RPOOMLQLNHLGFDF58DA,26,19.67,共有部分,鋼筋混凝土造,89年8月19日,十六層,,持分移轉
RPOOMLQLNHLGFDF58DA,26,31.85,共有部分,鋼筋混凝土造,89年8月19日,十六層,,持分移轉
RPPNMLNLOHLGFBF28EA,44,89.61,住商用,鋼筋混凝土造,70年11月25日,五層,一層 平台 停車場,全筆移轉
RPXNMLNJOHLGFCF88DA,39,192.24,住家用,鋼筋混凝土造,76年9月29日,二層,一層 二層 陽台 平台 花台 雨遮 夾層,全筆移轉
RPPNMLNLOHLGFDF48EA,31,98.51,住家用,鋼筋混凝土造,84年9月13日,十二層,九層 陽台,全筆移轉
RPPNMLNLOHLGFDF48EA,31,12.15,共有部分,鋼筋混凝土造,84年9月13日,十二層,,持分移轉
RPTNMLRKOHLGFCF09EA,48,99.51,住家用,鋼筋混凝土造,67年7月21日,四層,三層 陽台,全筆移轉
RPSNMLRKOHLGFBF88EA,1,103.58,集合住宅,鋼筋混凝土造,114年9月12日,十層,九層 陽台,全筆移轉
RPSNMLRKOHLGFBF88EA,1,50.48,本共有部分之項目有無障礙升降機、梯廳、Ａ梯廳、Ｂ梯廳、Ｃ梯廳、Ｄ梯廳、Ｅ梯廳、Ａ１安全梯、Ｂ１安全梯、Ｃ１安全梯、Ｄ１安全梯、Ｅ１安全梯、Ａ３安全梯、Ｅ３安全梯（無障礙樓梯）、梯間、Ａ２安全梯（無障礙樓梯）、Ｂ２安全梯（無障礙樓梯）、Ｃ２安全梯（無障礙樓梯）、Ｄ２安全梯（無障礙樓梯）、Ｅ２安全梯（無障礙樓梯）、交誼廳、廁所、自行車停放區、機車停放區、多功能教室、兒童遊戲室、視聽室、休閒娛樂室、ＫＴＶ、健身房、水池、管理室、無障礙廁所、管委會使用空間（會議室）、雨水機房、風機、消防泵浦室、受電箱、台電配電場所、發電機室、水景機房、電信機房、垃圾置放室、垃圾車裝卸位、水箱Ａ、水箱Ｂ、水箱Ｃ、水箱Ｄ、水箱Ｅ、電梯機房、日用水箱、消防水箱、陽台等５３項。,鋼筋混凝土造,114年9月12日,十二層,,持分移轉
RPSNMLRKOHLGFBF88EA,1,34.71,本共有部分之項目有汽車坡道、機車坡道、汽車停車區等３項,鋼筋混凝土造,114年9月12日,十二層,,持分移轉
RPWNMLMLOHLGFHF86EA,49,84.74,住家用,鋼筋混凝土造,65年11月5日,四層,四層 陽台,全筆移轉
RPPNMLSKOHLGFCF78EA,44,47.70,住家用,鋼筋混凝土造,70年12月22日,七層,六層 陽台,全筆移轉
RPPNMLSKOHLGFCF78EA,44,50.76,住家用,鋼筋混凝土造,70年12月22日,七層,六層 陽台,全筆移轉
RPPNMLSKOHLGFCF78EA,44,15.64,共有部分,鋼筋混凝土造,70年12月22日,七層,,持分移轉
RPPNMLSKOHLGFCF78EA,44,16.55,共有部分,鋼筋混凝土造,70年12月22日,七層,,持分移轉
RPRPMLKLMHLGFBF08DA,48,74.74,住家用,鋼筋混凝土造,67年6月13日,四層,二層 陽台,全筆移轉
RPSPMLNLMHLGFBF48DA,8,67.30,集合住宅,鋼筋混凝土造,107年1月11日,二十一層,十四層 陽台 雨遮,全筆移轉
RPSPMLNLMHLGFBF48DA,8,21.20,本共有部分項目有門廊、門廳、無障礙廁所、管委會空間、防災中心、６ＭＸ１２Ｍ緩衝空間、排煙室、樓梯間、電梯間、陽台、梯廳、雨遮、水箱、機械室等１４項。,鋼筋混凝土造,107年1月11日,二十一層,,持分移轉
RPSPMLNLMHLGFBF48DA,8,40.55,本共有部分項目有停車空間、台電配電場所、發電機房、樓梯間、排煙室、電梯間、電信機房、連結消防泵浦室、消防機房、蓄水池等１０項。,鋼筋混凝土造,107年1月11日,二十一層,,持分移轉
RPQNMLOLMHLGFHF78DA,28,66.85,住家用,鋼筋混凝土造,87年1月22日,十八層,十五層 陽台,全筆移轉
RPQNMLOLMHLGFHF78DA,28,8.53,共有部分,鋼筋混凝土造,87年1月22日,二十一層,,持分移轉
RPQNMLOLMHLGFHF78DA,28,25.23,共有部分,鋼筋混凝土造,87年1月22日,21,,持分移轉
RPXNMLMLOHLGFHF96EA,24,93.27,集合住宅,鋼筋混凝土造,91年6月28日,十二層,六層 陽台,全筆移轉
RPXNMLMLOHLGFHF96EA,24,10.62,共有部分,鋼筋混凝土造,91年6月28日,十二層,,持分移轉
RPXNMLMLOHLGFHF96EA,24,21.17,共有部分,鋼筋混凝土造,91年6月28日,十二層,,持分移轉
RPVNMLLKOHLGFHF09DA,44,78.48,住家用,鋼筋混凝土造,71年1月6日,四層,一層 平台,全筆移轉
RPOOMLMJOHLGFHF48DA,32,45.00,住家用,鋼筋混凝土造,83年5月29日,十三層,四層 陽台,全筆移轉
RPOOMLMJOHLGFHF48DA,32,2.27,共有部分,鋼筋混凝土造,83年5月29日,十三層,,持分移轉
RPOOMLMJOHLGFHF48DA,32,3.60,共有部分,鋼筋混凝土造,83年5月29日,十三層,,持分移轉
RPSNMLTLMHLGFIF96DA,29,101.79,住家用,鋼筋混凝土造,85年10月22日,九層,一層 地下一層,全筆移轉
RPSNMLTLMHLGFIF96DA,29,8.71,共有部分,鋼筋混凝土造,85年10月22日,七層,,持分移轉
RPSNMLTLMHLGFIF96DA,29,5.05,共有部分,鋼筋混凝土造,85年10月22日,七層,,持分移轉
RPSNMLTLMHLGFIF96DA,29,.00,共有部分,鋼筋混凝土造,85年10月22日,七層,,
RPUOMLSKOHLGFAF09DA,28,48.75,共有部分,鋼筋混凝土造,87年4月21日,十二層,,持分移轉
RPUOMLSKOHLGFAF09DA,28,13.94,共有部分,鋼筋混凝土造,87年4月21日,十二層,,持分移轉
RPUOMLSKOHLGFAF09DA,28,92.05,住家用,鋼筋混凝土造,87年4月21日,十二層,十層 陽台,全筆移轉
RPPOMLSKOHLGFAF58DA,7,86.08,工業發展有關設施（工業產品展示服務業）,鋼筋混凝土造,108年6月25日,十九層,十九層 陽台 雨遮,全筆移轉
RPPOMLSKOHLGFAF58DA,7,82.29,本共有部分之項目有：大廳、管委會使用空間、無障礙廁所、廁所、梯廳、特別安全梯Ａ、特別安全梯Ｂ、排煙室Ａ、排煙室Ｂ、走廊、電梯１、電梯２、電梯３、電梯４、梯廳排煙室、行動不便者電梯、緊急升降機、管道間、警衛室、安全梯Ｃ（停獎專用出入口）、陽台、電管道、電力管道、給排水管道、安全梯Ａ、機房、設備空間、消防水箱、消防水箱機房、電梯機房、水錶機房、自來水箱機房、自來水箱Ａ、自來水箱Ｂ、台電管道間、台電配電場所、電錶室、女廁、男廁、風機機房、管理員室、排氣機房、汽車車道、機車車道、受電箱區、車道、（電動車充電區）、停車空間、垃圾回收室、緊急發電機房、防災中心、電信機房、水箱挑高、緊急升降機坑、消防中繼機房、消防中繼水箱、汙水機房、中水機房、自來水箱、自來水機房、消防泵浦機房、安全梯Ｃ、噴灌機房等６３項。,鋼筋混凝土造,108年6月25日,十九層,,持分移轉
RPVOMLNLMHLGFBF68DA,14,143.63,集合住宅,鋼筋混凝土造,100年11月1日,十九層,十二層 陽台 雨遮,全筆移轉
RPVOMLNLMHLGFBF68DA,14,28.36,本共有部分之項目有樓梯間、陽台、公共走廊、機房、水箱等５項,鋼筋混凝土造,100年11月1日,十九層,,持分移轉
RPVOMLNLMHLGFBF68DA,14,52.81,本共有部分之項目有迴廊、辦公室門廳、多功能會議室、才藝教室、門廳、管理員室、防災中心、公共廁所、視聽中心、公設門廳、兒童中心、棋藝室、管委會使用空間、雨遮、供公眾停車空間兼停車空間等１５項,鋼筋混凝土造,100年11月1日,十九層,,持分移轉
RPUNMLMLOHLGFAF48DA,50,57.96,住家用,加強磚造,64年10月23日,四層,二層,全筆移轉
RPRSMLKLNHLGFAF38DA,5,38.33,集合住宅,鋼筋混凝土造,110年9月1日,十九層,十六層 陽台 雨遮,全筆移轉
RPRSMLKLNHLGFAF38DA,5,42.08,本共有部分項目有：停車空間、無障礙昇降機、一般昇降機、緊急昇降機、Ｃ排煙室、發電機房、下方消防水池、機房、消防機房、汽車坡道、一般安全梯（無障礙）、Ａ排煙室、Ｂ排煙室、水箱Ａ、水箱Ｂ、水箱Ｃ、雨水機房、台電配電場所、防災中心、防空避難室兼停車空間、垃圾車暫停車位、垃圾貯存空間、機車坡道、垃圾暫存室、管委會使用空間（１至８）、特別安全梯、特別安全梯（無障礙）、門廳、排煙室、Ａ梯廳、Ｂ梯廳、Ｃ梯廳、Ａ梯間、Ｂ梯間、Ｃ梯間、消防水箱、自來水水箱、消防中繼機房、梯間、管委會９、電梯機房、電信機房等４２項。,鋼筋混凝土造,110年9月1日,十九層,,持分移轉
RPQPMLSKOHLGFBF88DA,59,117.04,住家用,加強磚造,56年4月9日,二層,一層 二層 陽台 平台,全筆移轉
RPOOMLQLNHLGFAF28DA,,86.24,住商用,鋼筋混凝土造,,五層,一層 平台,全筆移轉
RPWNMLPJOHLGFAF78DA,5,63.58,集合住宅,鋼骨鋼筋混凝土造,110年4月27日,二十六層,八層 陽台 雨遮,全筆移轉
RPWNMLPJOHLGFAF78DA,5,33.22,本共有部分之項目有：店鋪、電梯、梯廳、排煙室、無障礙特別安全梯、無障礙樓梯、陽台、雨遮、給水管道間、緊急升降梯、消防管道、管委會使用空間、緩衝空間、防災中心、特別安全梯、水箱機房、排煙管道、污水匯管、電梯機房、水箱、消防機房、停車空間、防空避難防室兼停車空間等２３項。,鋼骨鋼筋混凝土造,110年4月27日,二十六層,,持分移轉
RPOQMLSKOHLGFBF78DA,16,73.35,集合住宅,鋼筋混凝土造,99年1月5日,十三層,十一層 陽台 雨遮,全筆移轉
RPOQMLSKOHLGFBF78DA,16,58.79,本共有部分之項目有停車空間、垃圾暫存空間、台電配電廠所、機房、發電機房、蓄水池、水箱、車道、公共空間、樓梯間、梯廳、管委會空間、電信機房等１３項,鋼筋混凝土造,99年1月5日,十五層,,持分移轉
RPQVMLMJOHLGFBF78DA,9,67.35,集合住宅,鋼筋混凝土造,106年7月5日,十五層,八層 陽台 雨遮,全筆移轉
RPQVMLMJOHLGFBF78DA,9,59.65,本共有部分項目有停車空間，樓梯間，垃圾資源回收空間，發電機房，台電配電場所，電信機房，水箱，汙水機房，消防機房，蓄水池，門廳，陽台，公共服務空間，梯間，機械室等１５項。,鋼筋混凝土造,106年7月5日,十五層,,持分移轉
RPRQMLLKNHLGFAF18DA,12,70.96,住家用,鋼筋混凝土造,103年1月16日,二十三層,二十一層 陽台 雨遮,全筆移轉
RPRQMLLKNHLGFAF18DA,12,57.14,本共有部分之項目有：防空避難室兼停車空間、電梯間３行動不便者使用之電梯、電梯５、消防機房、機房、樓梯間、管道間、進排風管道、水箱Ｂ、停車空間、發電機房、（Ａ，Ｂ）梯廳、電信機房（一，二）、水箱（Ａ１，Ａ２）、廁所、安全梯丙、機車停車空間、車道、台電配電場所、檢修門、進氣口百葉、防災中心、車道（Ａ、Ｂ）、管委會使用空間（一至九）、緩衝空間、消防機房、中繼水箱、走道、直通梯、騎樓、陽台、雨遮等３２項,鋼筋混凝土造,103年1月16日,二十三層,,持分移轉
RPRQMLLKNHLGFAF18DA,12,23.99,本共有部分之項目有：梯廳、Ａ梯廳兼排煙室、排煙室、電梯１、緊急升降機電梯２、行動不便者電梯３、特別安全梯（甲，乙）、安全梯丙、引導通路、進風管道、排煙管道、走道、消防機房、行動不便者電梯、樓梯間、水箱、機房、騎樓、雨遮等１９項,鋼筋混凝土造,103年1月16日,二十三層,,持分移轉
RPORMLLKOHLGFBF18DA,48,54.81,商業用,鋼筋混凝土造,67年1月16日,四層,一層 平台,全筆移轉
RPQSMLMLOHLGFBF68DA,13,158.33,集合住宅,鋼筋混凝土造,101年10月11日,十四層,九層 陽台 雨遮,全筆移轉
RPQSMLMLOHLGFBF68DA,13,36.27,本共有部分之項目有車道、梯廳、陽台、公共服務空間、腳踏車停放空間、樓梯間、消防水箱、電梯機房、水箱等９項,鋼筋混凝土造,101年10月11日,十四層,,持分移轉
RPQSMLMLOHLGFBF68DA,13,54.84,本共有部分之項目有停車空間、樓梯間、梯廳、台電配電場所、機房、電信機房、發電機室、垃圾儲藏、水箱、消防泵浦室、雨水機房、防空避難室兼停車空間等１２項,鋼筋混凝土造,101年10月11日,十四層,,持分移轉
RPOOMLMJOHLGFCF97DA,37,100.21,住家用,鋼筋混凝土造,78年1月9日,六層,五層 陽台,全筆移轉
RPOOMLMJOHLGFCF97DA,37,19.71,共有部分,鋼筋混凝土造,78年1月9日,六層,,持分移轉
RPOOMLMJOHLGFCF97DA,37,16.81,共有部分,鋼筋混凝土造,78年1月9日,十層,,持分移轉
RPSNMLMLNHLGFFF68DA,,106.95,住家用,鋼筋混凝土造,,三層,三層 陽台,全筆移轉
RPUNMLMLOHLGFDF78DA,29,44.32,住家用,鋼筋混凝土造,86年3月17日,十二層,十二層 陽台 花台,全筆移轉
RPUNMLMLOHLGFDF78DA,29,7.71,樓梯間、一般昇降機、防空避難室兼停車空間、門廳樓梯間、機械室、水箱、停車空間,鋼筋混凝土造,86年3月17日,十二層,,持分移轉
RPSOMLLLNHLGFGF78DA,30,71.52,住家用,鋼筋混凝土造,84年11月4日,八層,三層 陽台,全筆移轉
RPSOMLLLNHLGFGF78DA,30,6.29,共有部分,鋼筋混凝土造,84年11月4日,八層,,持分移轉
RPRNMLOJOHLGFAF18DA,26,103.81,住家用,鋼筋混凝土造,89年1月6日,十一層,九層 陽台,全筆移轉
RPRNMLRLNHLGFHF66DA,46,79.85,住家用,鋼筋混凝土造,69年8月4日,五層,五層 陽台,全筆移轉
RPRNMLOJOHLGFAF18DA,26,4.77,共有部分,鋼筋混凝土造,89年1月6日,十一層,,持分移轉
RPRNMLOJOHLGFAF18DA,26,15.27,共有部分,鋼筋混凝土造,89年1月6日,十一層,,持分移轉
RPRNMLOJOHLGFAF18DA,26,37.66,停車空間、車道,鋼筋混凝土造,89年1月6日,十一層,,持分移轉
RPQPMLPKNHLGFAF38DA,17,192.10,住家用,鋼骨鋼筋混凝土造,98年4月3日,二十八層,六層 陽台,全筆移轉
RPQPMLPKNHLGFAF38DA,17,20.40,共有部分,鋼骨鋼筋混凝土造,98年4月3日,二十八層,,持分移轉
RPQPMLPKNHLGFAF38DA,17,60.96,共有部分,鋼骨鋼筋混凝土造,98年4月3日,二十八層,,持分移轉
RPQPMLPKNHLGFAF38DA,17,30.32,共有部分,鋼骨鋼筋混凝土造,98年4月3日,二十八層,,持分移轉
RPPNMLTKOHLGFGF56DA,34,105.12,商業用,鋼筋混凝土造,81年7月21日,五層,一層 平台,全筆移轉
RPPNMLTKOHLGFGF56DA,34,2.62,共有部分,鋼筋混凝土造,81年7月21日,五層,,持分移轉
RPPOMLMLOHLGFGF68DA,47,50.00,住家用,鋼筋混凝土造,68年3月10日,四層,一層,全筆移轉
RPROMLMLOHLGFGF88DA,37,107.42,住家用,鋼筋混凝土造,78年8月5日,五層,三層 陽台,全筆移轉
RPPNMLQJOHLGFFF68DA,,3364.63,工商用,加強鋼筋混凝土造,,二層,一層 二層 陽台 平台 屋頂突出物 水箱 露台,全筆移轉
RPRSMLSKNHLGFHF17DA,42,86.67,住家用,鋼筋混凝土造,73年9月1日,五層,四層 陽台,全筆移轉
RPQOMLNLOHLGFBF38DA,10,12.04,健身服務場所,鋼筋混凝土造,105年10月7日,二十二層,一層 二層 三層 陽台 雨遮,持分移轉
RPQOMLNLOHLGFBF38DA,10,124.42,集合住宅,鋼筋混凝土造,105年10月7日,二十二層,二十層 陽台 雨遮,全筆移轉
RPQOMLNLOHLGFBF38DA,10,.30,本共有部分之項目有台電配電場所、緊急發電機室、（垃圾）裝卸車位、消防幫浦機房、進風機房、防災中心、電信室、計程車臨停位等八項。,鋼筋混凝土造,105年10月7日,二十二層,,持分移轉
RPQOMLNLOHLGFBF38DA,10,3.16,本共有部分之項目有台電配電場所、緊急發電機室、（垃圾）裝卸車位、消防幫浦機房、進風機房、防災中心、電信室、計程車臨停位等八項。,鋼筋混凝土造,105年10月7日,二十二層,,持分移轉
RPQOMLNLOHLGFBF38DA,10,39.94,本共有部分之項目有梯廳、中繼機房、消防水箱、機房、排風機房、排煙室、樓電梯間、垃圾儲藏室、進風機房、走道、安全梯、水錶室、自來水箱及電梯機房等十四項。,鋼筋混凝土造,105年10月7日,二十二層,,持分移轉
RPQOMLNLOHLGFBF38DA,10,3.57,本共有部分之項目有機車停車空間等一項。,鋼筋混凝土造,105年10月7日,二十二層,,持分移轉
RPQOMLNLOHLGFBF38DA,10,84.28,本共有部分之項目有車道、停車空間、停車空間兼防空避難室等三項。,鋼筋混凝土造,105年10月7日,二十二層,,持分移轉
RPUNMLTLNHLGFEF86DA,17,57.28,一般服務業,鋼筋混凝土造,97年12月23日,二十四層,十一層 陽台,全筆移轉
RPUNMLTLNHLGFEF86DA,17,16.02,共有部分,鋼筋混凝土造,97年12月23日,二十四層,,持分移轉
RPUNMLTLNHLGFEF86DA,17,12.41,共有部分,鋼筋混凝土造,97年12月23日,二十四層,,持分移轉
RPPNMLMLOHLGFEF38DA,7,253.33,住家用,鋼筋混凝土造,108年5月24日,二十一層,十二層 陽台 雨遮,全筆移轉
RPPNMLMLOHLGFEF38DA,7,185.89,本案共有部分之項目有管委會空間、戶外樓梯、梯廳、門廳、梯廳兼排煙室、廁所、儲藏室、櫃台、男廁、女廁、排煙室、陽台兼排煙室、走廊兼梯廳、梯間、走廊、消防水箱、自來水水箱、自來水箱、消防機房、連結中繼泵、電梯機房、機械室、發電機室、電氣機房、台電配電室、排風機房、電信室、垃圾裝卸位、垃圾儲藏室、泳池機房、防災中心、自行車／機車停車空間、電錶室、水池機房、機車車道、汽車車道、機房、自來水機房、水箱、電氣室、進風機房、ＥＦＧ水箱、Ｃ棟水箱、Ｂ棟水箱、雨水機房、Ａ棟水箱、消防水池、防空避難室兼汽機車停車空間等４８項,鋼筋混凝土造,108年5月24日,二十一層,,持分移轉
RPVQMLQLNHLGFEF96DA,,74.39,集合住宅,鋼筋混凝土造,115年4月8日,十五層,二層 陽台,全筆移轉
RPVQMLQLNHLGFEF96DA,,21.12,共同使用之項目：排煙室、Ｃ１戶外安全梯、Ｃ２戶外安全梯、Ｃ棟梯廳、Ｃ棟排煙室、Ｃ１蓄水池、Ｃ２蓄水池、Ｃ棟梯間、消防專用屋頂水箱、電梯機房、水箱等１１項,鋼筋混凝土造,115年4月8日,十五層,,持分移轉
RPVQMLQLNHLGFEF96DA,,44.45,共同使用之項目：入口門廳、門廊、室內引導通路、公共服務空間－１、公共服務空間－２、公共服務空間－３、管委會空間－１、管委會空間－２、管委會空間－３、管委會空間－５、管委會空間－６、Ａ棟梯廳、Ｃ棟梯廳、Ｂ１戶外安全梯、交誼廳、停車空間、資源回收空間、垃圾冷藏空間、台電配電場所、電信機房、發電機房、自行車停車空間、機車停車空間、Ｂ１安全梯、消防機房等２５項,鋼筋混凝土造,115年4月8日,十五層,,持分移轉
RPRNMLLLMHLGFAF87DA,1,77.48,集合住宅,鋼骨鋼筋混凝土造,113年12月18日,二十四層,三層 陽台 雨遮,全筆移轉
RPRNMLLLMHLGFAF87DA,1,73.98,本共有部分項目：外廊、緩衝空間、無障礙特安梯Ａ、無障礙安全梯Ｄ、防災中心、陽台、管委員會使用空間Ａ－１、管委員會使用空間Ａ－２、管委員會使用空間Ｂ、管委員會使用空間Ｃ、管委員會使用空間Ｄ、行動不便電梯、緊急升降機、梯廳２－２、梯廳２－１、梯廳３、車道、排煙室、梯廳、特安梯Ｂ、管委員會使用空間、機房、安全梯Ｃ、水箱、中繼機房、機車車道、機房２、汽車車道、安全梯Ｄ、機車停車空間、電梯間、防空避難室兼停車空間、發電機房、台電配電場所、電信機房、垃圾儲存空間、垃圾車臨停車位、停車空間、中繼水箱、機房３、機房４、機房５、梯廳１、特安梯Ａ、無障礙車位共４５項。,鋼骨鋼筋混凝土造,113年12月18日,二十四層,,持分移轉
RPQNMLSKOHLGFHF66DA,14,54.41,集合住宅,鋼筋混凝土構造,101年1月20日,十八層,三層 陽台 雨遮,全筆移轉
RPQNMLSKOHLGFHF66DA,14,3.74,本共有部分之項目有：梯廳、門廳、管道間、公共管道、進風管道、排煙管道、停車排風、排煙室兼梯廳、發電機室進氣墩、防災中心、升降機、緊急升降機、特別安全梯、ＡＢＣＤ棟之甲乙丙樓梯、管理委員會空間、陽台、公共門廳、排風墩等８項。,鋼筋混凝土構造,101年1月20日,十八層,,持分移轉
RPQNMLSKOHLGFHF66DA,14,3.68,本共有部分之項目有：ＡＢＣＤ梯廳、排煙室、排煙管道、進風管道、管道間、升降機、升降機機坑、緊急升降機、特別安全梯、污水管道、進中電錶、蓄水池、台電配電場所、機房、電信機房、發電機室、停車空間、停車進排風、防空避難室兼停車空間、消防栓箱、消防設備空間等２１項。,鋼筋混凝土構造,101年1月20日,十八層,,持分移轉
RPQNMLSKOHLGFHF66DA,14,17.42,本共有部分之項目有：Ｃ、Ｄ棟梯廳、排煙室、進風管道、排煙管道、管道間、公共管道、升降機、緊急升降機、特別安全梯、陽台、升降機機房、機房、消防水箱、樓梯間、安全梯、水箱等１６項。,鋼筋混凝土構造,101年1月20日,十八層,,持分移轉
RPVNMLMLOHLGFHF66DA,2,82.17,一般事務所,鋼筋混凝土構造,113年3月29日,十九層,三層 陽台,全筆移轉
RPVNMLMLOHLGFHF66DA,2,36.66,本共有部分項目有梯廳、管道間、甲特別安全梯、乙安全梯、丙特別安全梯、供行動不便者使用電梯、緊急昇降機、排煙室、機房、中繼泵浦室、男廁、女廁、管委會使用空間、樓梯間、水錶區、電梯機房、消防水箱、水箱、機車坡道、緊急發電機房、台電配電室、防災中心、垃圾車暫停區、資源回收室、消防泵浦室等２５項。,鋼筋混凝土構造,113年3月29日,十九層,,持分移轉
RPVNMLMLOHLGFHF66DA,2,7.15,本共有部分項目有丁安全梯１項,鋼筋混凝土構造,113年3月29日,十九層,,持分移轉
RPVNMLMLOHLGFHF66DA,2,41.57,本共有部分項目有車道、防空避難室兼汽車停車空間、汽車坡道、停車空間等４項。,鋼筋混凝土構造,113年3月29日,十九層,,持分移轉
RPPNMLMJNHLGFHF38DA,26,96.00,住家用,鋼筋混凝土造,88年12月20日,十四層,二層 陽台,全筆移轉
RPPNMLMJNHLGFHF38DA,26,5.21,共有部分,鋼筋混凝土造,88年12月20日,十四層,,持分移轉
RPPNMLMJNHLGFHF38DA,26,17.67,共有部分,鋼筋混凝土造,88年12月20日,十四層,,持分移轉
RPQNMLNLOHLGFIF98DA,28,82.55,住家用,鋼筋混凝土造,87年7月9日,七層,四層 陽台 花台 見其他登記事項,全筆移轉
RPQNMLNLOHLGFIF98DA,28,11.92,共有部分,鋼筋混凝土造,87年7月9日,七層,,持分移轉
RPQNMLNLOHLGFIF98DA,28,.00,共有部分,鋼筋混凝土造,87年7月9日,七層,,
RPQNMLNLOHLGFIF98DA,28,5.30,共有部分,鋼筋混凝土造,87年7月9日,七層,,持分移轉
RPTNMLNKNHLGFCF48DA,30,41.25,住家用,鋼筋混凝土造,85年10月7日,二十五層,十一層 陽台 花台,全筆移轉
RPTNMLNKNHLGFCF48DA,30,12.51,共有部分,鋼筋混凝土造,85年10月7日,二十五層,,持分移轉
RPWNMLNJOHLGFHF66DA,35,8.63,防空避難室、室內停車位,鋼筋混凝土造,80年6月26日,七層,防空避難室 停車場,持分移轉
RPWNMLNJOHLGFHF66DA,35,98.81,住家用,鋼筋混凝土造,80年6月26日,七層,六層 陽台,全筆移轉
RPWNMLNJOHLGFHF66DA,35,23.04,共有部分,鋼筋混凝土造,80年6月26日,七層,,持分移轉
RPWSMLOLMHLGFBF66DA,28,42.13,住家用,鋼筋混凝土造,87年7月1日,十六層,十三層 陽台 花台,全筆移轉
RPWSMLOLMHLGFBF66DA,28,5.32,共有部分,鋼筋混凝土造,87年7月1日,十六層,,持分移轉
RPWSMLOLMHLGFBF66DA,28,9.04,共有部分,鋼筋混凝土造,87年7月1日,十六層,,持分移轉
RPSSMLSKNHLGFHF27DA,46,101.89,住家用,鋼筋混凝土造,69年10月6日,五層,四層 陽台,全筆移轉
RPUNMLLKNHLGFHF88DA,4,44.57,集合住宅,鋼骨構造,111年2月24日,三十六層,二十四層 陽台 雨遮,全筆移轉
RPUNMLLKNHLGFHF88DA,4,45.43,本共有部分之項目有梯廳、信箱區、排煙室、緊急昇降機、供行動不便者使用電梯、門廊、６Ｍ退縮空間、陽台、騎樓、自行車停車空間、防災中心、茶水間、儲物間、車道、男廁、女廁、一般事務所、中繼機房、消防水箱、管道間、梯間、水箱、機械室、機房、停車空間、垃圾儲藏空間、機坑、裝卸及垃圾車暫停空間、雨遮、排風、進風、樓梯間、台電配電場所、蓄水池、電信機房、發電機房、發電機房排煙管道間、發電機房進風管道間、排煙管道間、雨水泵浦室、消防機房、防空避難室兼停車空間等４２項。,鋼骨構造,111年2月24日,三十六層,,持分移轉
RPRNMLNLOHLGFBF48EA,46,88.40,住家用,鋼筋混凝土造,69年7月1日,五層,五層 陽台,全筆移轉
RPQNMLMLOHLGFAF18EA,2,66.18,集合住宅,鋼筋混凝土造,113年8月20日,十四層,七層 陽台 雨遮,全筆移轉
RPQNMLMLOHLGFAF18EA,2,66.52,本共有部分項目有：走廊、梯廳、管委會使用空間、排煙室、走道、電梯間、機房、水箱、防空避難室兼停車空間、垃圾儲存空間、台電配電場所、電信室、蓄水池、停車空間、污水機房等１５項。,鋼筋混凝土造,113年8月20日,十四層,,持分移轉
RPSNMLNLOHLGFBF58EA,46,90.14,住家用,鋼筋混凝土造,69年9月4日,五層,三層 陽台,全筆移轉
RPSNMLNLOHLGFGF09EA,29,56.21,住家用,鋼骨鋼筋混凝土造,86年6月16日,二十四層,九層 陽台 花台,全筆移轉
RPSNMLNLOHLGFGF09EA,29,8.88,共有部分,鋼骨鋼筋混凝土造,86年6月16日,二十四層,,持分移轉
RPPOMLPKOHLGFIF09DA,11,100.56,集合住宅,鋼筋混凝土造,104年7月14日,十二層,八層 陽台 雨遮,全筆移轉
RPPOMLPKOHLGFIF09DA,11,83.57,本共有部分之項目有：管理委員會使用空間、門廳、梯廳、樓梯間、電梯間、排煙室、陽台、通廊、騎樓、車道、消防水箱、機械室、水箱、電梯機房、排風管道、進風機房、鼓風機房、消防泵浦室、停車空間、機車停放區、電信室、機械室、發電機室、垃圾集中室、電錶區、受電箱、台電配電場所及防空避難室兼停車空間等２８項。,鋼筋混凝土造,104年7月14日,十二層,,持分移轉
RPRNMLNLOHLGFGF98EA,15,107.54,住家用,鋼筋混凝土造,100年10月5日,十二層,十層 陽台 雨遮,全筆移轉
RPRNMLNLOHLGFGF98EA,15,44.75,本共有部分之項目有：防空避難室兼停車空間、發電機室、電信室、樓電梯間、梯廳、樓梯間、機械室、水箱、消防幫浦室、台電配電場所、雨遮等１１項。,鋼筋混凝土造,100年10月5日,十二層,,持分移轉
RPRNMLNLOHLGFGF98EA,15,22.43,本共有部分之項目有：昇降循環式機械停車設備、汽車昇降機等２項。,鋼筋混凝土造,100年10月5日,十二層,,持分移轉
RPQNMLTJOHLGFAF58DA,44,69.58,住家用,鋼筋混凝土造,71年10月20日,五層,一層 平台,全筆移轉
RPUNMLOLOHLGFAF68DA,33,7.63,見使用執照,鋼筋混凝土造,81年12月12日,七層,,持分移轉
RPUNMLOLOHLGFAF68DA,33,86.33,住家用,鋼筋混凝土造,81年12月12日,七層,二層 陽台,全筆移轉
RPQOMLMKOHLGFAF08DA,2,43.84,集合住宅,鋼筋混凝土造,112年12月7日,十五層,十二層 陽台 雨遮,全筆移轉
RPQOMLMKOHLGFAF08DA,2,56.11,本共有部分項目計有：機車道、汽車道、戶外安全梯、無障礙升降機、緊急升降機、排煙室、無障礙樓梯、一般安全梯、管委會空間、陽台、梯廳、電錶、台電配電場所、防空避難室兼停車空間、停車空間、垃圾車停車位、垃圾儲藏室、緊急發電機房、水箱、電信機房、消防機房、機房、梯間、電梯機房等共計２４項,鋼筋混凝土造,112年12月7日,十五層,,持分移轉
RPPNMLSKOHLGFAF48DA,11,104.78,集合住宅,鋼筋混凝土造,104年2月9日,二十一層,八層 陽台 雨遮,全筆移轉
RPPNMLSKOHLGFAF48DA,11,43.77,本共有部分項目有：機房、水箱、排煙室、電樓梯間、消防泵浦室、污水機房、泵浦室、電錶室、資源回收室、垃圾車暫停區、電信室、台電配電室（Ｂ）、防空避難室、廁所、電梯間、電氣室、緊急發電機室、儲槽專用室、訪客臨停區、停車空間、梯廳、機車停車區、防災中心、台電配電室（Ａ）、梯廳兼排煙室、管委會使用空間、警衛室、機車車道、陽台、雨遮、中繼水箱、水錶室、消防水箱、電梯機房、樓梯間等３５項。,鋼筋混凝土造,104年2月9日,二十四層,,持分移轉
RPPNMLSKOHLGFAF48DA,11,63.94,本共有部分項目有：停車空間，防空避難室兼停車空間，頂蓋型汽車車道等３項,鋼筋混凝土造,104年2月9日,二十四層,,持分移轉
RPRVMLMJOHLGFBF88DA,34,52.43,住家用,鋼筋混凝土造,80年10月28日,六層,五層 陽台,全筆移轉
RPRVMLMJOHLGFBF88DA,34,9.79,共有部分,鋼筋混凝土造,80年10月28日,七層,,持分移轉
RPRVMLMJOHLGFBF88DA,34,6.99,共有部分,鋼筋混凝土造,80年10月28日,七層,,持分移轉
RPRNMLLLOHLGFBF18DA,38,261.83,廠房、辦公室、單身員工宿舍,鋼筋混凝土造,77年3月9日,二層,一層 二層 防空避難室 見其他登記事項,全筆移轉
RPTNMLSLNHLGFAF88DA,29,48.63,商業用,鋼筋混凝土造,86年1月27日,七層,一層 陽台,全筆移轉
RPTNMLSLNHLGFAF88DA,29,13.34,共有部分,鋼筋混凝土造,86年1月27日,七層,,持分移轉
RPTNMLSLNHLGFAF88DA,29,4.25,共有部分,鋼筋混凝土造,86年1月27日,七層,,持分移轉
RPOPMLNLOHLGFBF28DA,28,98.82,住家用,鋼筋混凝土造,87年8月7日,六層,二層 陽台,全筆移轉
RPOPMLNLOHLGFBF28DA,28,18.01,共有部分,鋼筋混凝土造,87年8月7日,六層,,持分移轉
RPOPMLNLOHLGFBF28DA,28,37.27,共有部分,鋼筋混凝土造,87年8月7日,六層,,持分移轉
RPXQMLSJOHLGFAF86DA,,93.28,住家用,加強磚造,,二層,一層 二層,全筆移轉
RPXOMLQJNHLGFBF09DA,37,87.66,商業用,鋼筋混凝土造,77年10月10日,五層,一層 平台,全筆移轉
RPXOMLQJNHLGFBF09DA,37,9.50,共有部分,鋼筋混凝土造,77年10月10日,五層,,持分移轉
RPVNMLMLOHLGFCF78DA,40,78.76,集合住宅,鋼筋混凝土造,75年5月27日,十二層,四層 陽台,全筆移轉
RPVNMLMLOHLGFCF78DA,40,.27,集合住宅,鋼筋混凝土造,75年5月27日,十二層,一層 平台,持分移轉
RPVNMLMLOHLGFCF78DA,40,14.95,國民住宅,鋼筋混凝土造,75年5月27日,十二層,,持分移轉
RPVNMLMLOHLGFCF78DA,40,.05,國民住宅,鋼筋混凝土造,75年5月27日,十二層,,持分移轉
RPPNMLSKOHLGFDF78DA,6,.43,住宅,鋼筋混凝土構造,109年3月19日,五層,一層 二層 三層 四層 五層 陽台 屋頂突出物 地下一層,持分移轉
RPPNMLSKOHLGFDF78DA,3,38.85,集合住宅,鋼筋混凝土構造,111年12月23日,十一層,十層 十一層 陽台 雨遮,全筆移轉
RPPNMLSKOHLGFDF78DA,3,55.75,共有部分，本共有部分項目有：排煙室、走廊１、梯廳、管委會使用空間、機械室、水箱、梯間、管委會使用空間１、管委會使用空間２、管委會使用空間３、宅配室、郵箱區、陽台、停車空間、機車道、防空避難室兼停車空間、電信機房、垃圾冷藏櫃、資源回收室、裝卸位、台電配電場所、發電機房、機械室３、給水機械室、消防泵浦室、雨水回收池、污水處理設備、一般昇降機、緊急昇降機無障礙電梯、無障礙戶外安全梯Ａ、戶外安全梯Ｂ、室內安全梯Ｄ、無障礙室內安全梯Ｃ等３３項。,鋼筋混凝土構造,111年12月23日,十一層,,持分移轉
RPOPMLPKNHLGFGF78DA,34,34.02,住家用,鋼筋混凝土造,81年7月27日,五層,三層 陽台,全筆移轉
RPOPMLPKNHLGFGF78DA,34,1.69,共有部分,鋼筋混凝土造,81年7月27日,五層,,持分移轉
RPRNMLMKOHLGFBF18DA,17,139.72,住家用,鋼筋混凝土造,98年5月5日,十三層,十三層 陽台 雨遮,全筆移轉
RPRNMLMKOHLGFBF18DA,17,88.97,共有部分,鋼筋混凝土造,98年5月5日,十三層,,持分移轉
RPUNMLTLNHLGFGF07DA,20,75.29,住家用,鋼筋混凝土造,94年12月7日,五層,二層 陽台 雨遮,全筆移轉
RPUNMLTLNHLGFGF07DA,20,10.34,共有部分,鋼筋混凝土造,94年12月7日,五層,,持分移轉
RPUNMLTLNHLGFGF07DA,20,16.46,共有部分,鋼筋混凝土造,94年12月7日,五層,,持分移轉
RPUOMLQKOHLGFGF86DA,34,83.22,住家用,鋼筋混凝土造,81年3月26日,五層,四層 陽台 花台,全筆移轉
RPUOMLQKOHLGFGF86DA,34,2.59,共有部分,鋼筋混凝土造,81年3月26日,五層,,持分移轉
RPXNMLMKOHLGFBF78DA,46,116.55,住家用,鋼筋混凝土造,69年6月23日,五層,四層 陽台,全筆移轉
RPQNMLPKOHLGFGF88DA,21,43.17,住家用,鋼筋混凝土造,93年10月26日,六層,五層 陽台,全筆移轉
RPQNMLPKOHLGFGF88DA,21,17.55,共有部分,鋼筋混凝土造,93年10月26日,六層,,持分移轉
RPUOMLNJOHLGFHF56DA,47,77.60,住家用,鋼筋混凝土造,68年8月10日,五層,二層 陽台,全筆移轉
RPRNMLNKOHLGFHF88DA,47,97.32,住家用,鋼筋混凝土造,68年8月14日,五層,三層 陽台,全筆移轉
RPUNMLKKOHLGFGF78DA,47,53.00,住家用,鋼筋混凝土造,68年5月23日,四層,三層 陽台,全筆移轉
RPXPMLMLNHLGFBF98DA,30,66.90,住家用,鋼筋混凝土造,85年1月26日,十一層,七層 陽台 花台,全筆移轉
RPXPMLMLNHLGFBF98DA,30,50.10,共有部分,鋼筋混凝土造,85年1月26日,十一層,,持分移轉
RPWNMLPKOHLGFIF07DA,45,72.38,住家用,鋼筋混凝土造,70年6月22日,五層,四層,全筆移轉
RPVNMLMLOHLGFIF76DA,28,96.38,住家用,鋼筋混凝土造,87年8月4日,七層,四層 陽台 花台,全筆移轉
RPVNMLMLOHLGFIF76DA,28,8.36,共有部分,鋼筋混凝土造,87年8月4日,七層,,持分移轉
RPPPMLKKMHLGFHF38DA,25,159.35,廠房,鋼筋混凝土造,90年2月27日,十八層,五層,全筆移轉
RPPPMLKKMHLGFHF38DA,25,11.31,共有部分,鋼筋混凝土造,90年2月27日,十八層,,持分移轉
RPPPMLKKMHLGFHF38DA,25,24.65,共有部分,鋼筋混凝土造,90年2月27日,十八層,,持分移轉
RPPPMLKKMHLGFHF38DA,25,45.14,共有部分,鋼筋混凝土造,90年2月27日,十八層,,持分移轉
RPPPMLKKMHLGFHF38DA,25,33.75,共有部分,鋼筋混凝土造,90年2月27日,十八層,,持分移轉
RPPNMLOLOHLGFAF28EA,29,22.61,住家用,鋼筋混凝土造,86年8月15日,二十四層,十三層 花台,全筆移轉
RPPNMLOLOHLGFBF38EA,18,56.20,住家用,鋼筋混凝土造,97年8月8日,十二層,四層 陽台 雨遮,全筆移轉
RPPNMLOLOHLGFAF28EA,29,7.89,共有部分,鋼筋混凝土造,86年8月15日,二十四層,,持分移轉
RPPNMLOLOHLGFBF38EA,18,37.67,共有部分,鋼筋混凝土造,97年8月8日,十三層,,持分移轉
RPPNMLOLOHLGFBF38EA,18,10.92,共有部分,鋼筋混凝土造,97年8月8日,十二層,,持分移轉
RPUOMLKMMHLGFBF38DA,,46.84,集合住宅,鋼筋混凝土造,114年12月17日,十三層,六層 陽台,全筆移轉
RPPNMLOLOHLGFAF28EA,29,.20,住家用,鋼筋混凝土造,86年8月15日,二十四層,,持分移轉
RPUOMLKMMHLGFBF38DA,,21.92,本共有部分之項目有大廳、梯廳、排煙室、機車停車空間、水箱、汽車昇降機昇降道、機械室、自來水箱、倉儲式停車空間、台電配電場所、電信室、緊急發電機室、消防機房、昇降機機坑等１４項,鋼筋混凝土造,114年12月17日,十三層,,持分移轉
RPPNMLOLOHLGFAF28EA,29,1.32,共有部分,鋼筋混凝土造,86年8月15日,二十四層,,持分移轉
RPRNMLPLOHLGFEF98EA,29,102.64,住家用,鋼筋混凝土造,86年6月4日,十八層,十一層 陽台 花台,全筆移轉
RPRNMLPLOHLGFEF98EA,29,40.37,共有部分,鋼筋混凝土造,86年6月4日,十八層,,持分移轉
RPRNMLPLOHLGFEF98EA,29,20.06,共有部分,鋼筋混凝土造,86年6月4日,十八層,,持分移轉
RPVPMLOLOHLGFEF86EA,8,58.40,住家用,鋼筋混凝土造,106年12月29日,二十七層,二十五層 陽台 雨遮,全筆移轉
RPVPMLOLOHLGFEF86EA,8,57.88,本共有部分項目：騎樓、接待大廳、梯廳、管委會使用空間、排煙室、陽台、緩衝空間６＊１２、人行通廊、走道、防災中心、商業管委會使用空間、女廁、男廁、男按摩池、女按摩池、男更衣室、女更衣室、樓梯間、機房、機械室、水箱、中繼消防水箱、泵浦區、中繼消防機房、Ｂ梯廳排煙室、Ｂ棟電錶室、昇降機坑、排風機房、電信室（Ａ）、台電配電室（Ｄ）、受電箱通道、Ｈ梯廳排煙室、Ｈ棟電錶室、停車空間、Ｉ棟電錶室、Ｉ梯廳排煙室、電信室（Ｂ）、儲油室、緊急發電機室（Ｂ）（兼大公變電室）、台電配電室（Ｃ）、Ｆ棟電錶室、Ｆ梯廳排煙室、消防中繼水箱、消防中繼機房（兼揚水泵浦機房）、游泳池專用水箱－１、游泳池專用水箱－２、Ｅ梯廳排煙室、Ｅ棟電錶室、Ａ梯廳排煙室、Ａ棟電錶室、緊急發電機室（Ａ）（兼大公變電室）、垃圾儲藏室、游泳池機房、車道、防空避難室兼停車空間、排風管道、進風管道、Ｃ梯廳排煙室、Ｃ棟電錶室、台電配電室（Ｂ）、Ｄ梯廳排煙室、Ｄ棟電錶室、Ａ棟小公變電室、Ｈ棟小公變電室、Ｉ棟小公變電室、Ｅ棟水箱－１、Ｅ棟小公變電室、Ｄ棟水箱－１、Ｃ棟小公變電室、Ｄ棟小公變電室、Ｂ棟小公變電室、Ｅ棟水箱－２、Ｄ棟水箱－２、Ｆ棟小公變電室、Ａ棟水箱、Ｂ棟水箱、共同泵浦區、Ｈ棟水箱、Ｉ棟水箱、消防泵浦室、雨水過濾機房、Ｆ棟水箱、Ｃ棟水箱、住宅臨停車位１～５４、商業臨停車位１～２０、裝卸車位１～３、＃３、＃６、＃９、＃１２、＃１５、＃１８、＃２１、＃２４緊急昇降機（行動不便者電梯）、安全梯（Ｃ）、安全梯（Ｂ）、垃圾車位、機車停車空間、安全梯（Ａ）、特別安全梯（Ａ）、特別安全梯（Ｂ）、ａ梯、ｂ梯、ｃ梯、台電配電室（Ａ）、＃２５昇降機、＃２６昇降機等１０７項。,鋼筋混凝土造,106年12月29日,二十七層,,持分移轉
RPRNMLOLOHLGFBF58EA,2,38.21,集合住宅,鋼筋混凝土造,113年4月22日,十五層,四層 陽台,全筆移轉
RPRNMLOLOHLGFBF58EA,2,46.50,本共有部分之項目有管委會使用空間、陽台、無障礙廁所、無障礙室內通路、梯間、梯廳、排煙室、戶外安全梯、無障礙樓梯、車道、水箱、電梯機房、停車空間兼防空避難室、電信機房、裝卸車位、垃圾儲藏室、緊急發電機房、一般安全梯、台電配電所、消防機房、停車空間、機房等２２項,鋼筋混凝土造,113年4月22日,十五層,,持分移轉
RPPNMLMLOHLGFHF78EA,27,234.20,工商用,鋼筋混凝土造,88年2月27日,十八層,七層,全筆移轉
RPPNMLMLOHLGFHF78EA,27,5.14,工業用,鋼筋混凝土造,88年2月27日,十八層,地下一層,持分移轉
RPPNMLMLOHLGFHF78EA,27,34.07,共有部分,鋼筋混凝土造,88年2月27日,十八層,,持分移轉
RPPNMLMLOHLGFHF78EA,27,73.75,共有部分,鋼筋混凝土造,88年2月27日,十八層,,持分移轉
RPPNMLMLOHLGFHF78EA,27,66.15,共有部分,鋼筋混凝土造,88年2月27日,十八層,,持分移轉
RPTOMLOLOHLGFEF56EA,34,51.97,住家用,鋼筋混凝土造,81年1月27日,八層,四層 陽台,全筆移轉
RPTOMLOLOHLGFEF56EA,34,11.93,防空避難室兼停車場,鋼筋混凝土造,81年1月27日,八層,避難室兼停車場,持分移轉
RPTOMLOLOHLGFEF56EA,34,9.57,共有部分,鋼筋混凝土造,81年1月27日,八層,,持分移轉
RPUPMLNLOHLGFGF76DA,42,91.86,住家用,鋼筋混凝土造,73年8月9日,五層,五層 陽台,全筆移轉
RPPNMLOLOHLGFGF88EA,1,108.47,集合住宅,鋼骨鋼筋混凝土構造、鋼筋混凝土構造,114年8月14日,三十二層,二十七層 陽台,全筆移轉
RPPNMLOLOHLGFGF88EA,1,.54,本共有部分項目有：停車場進氣管道、停車場排氣管道等２項。,鋼骨鋼筋混凝土構造、鋼筋混凝土構造,114年8月14日,三十五層,,持分移轉
RPPNMLOLOHLGFGF88EA,1,7.70,本共有部分項目有消防送水口管道、排水管道、消防機房、法定機車停車空間、緊急電管道、高壓電氣管道、電信管道、機電設備空間等８項。,鋼骨鋼筋混凝土構造、鋼筋混凝土構造,114年8月14日,三十五層,,持分移轉
RPPNMLOLOHLGFGF88EA,1,1.26,本共有部分項目有：排水管道、台電管道間、電氣、消防、緊急昇降機兼行動不便者使用電梯、緊急電、機電管道間、弱電、給水、門廊等１０項。,鋼骨鋼筋混凝土構造、鋼筋混凝土構造,114年8月14日,三十五層,,持分移轉
RPPNMLOLOHLGFGF88EA,1,4.59,本共有部分項目有：自來水蓄水池、機電設備空間、垃圾儲藏空間、走道、排煙管道、茶水間、排水管道、垃圾車暫停空間、管委會使用空間、排煙管道、梯廳、儲藏室、戶內遊憩設施、陽臺、門廊、走廊等１６項。,鋼骨鋼筋混凝土構造、鋼筋混凝土構造,114年8月14日,三十五層,,持分移轉
RPPNMLOLOHLGFGF88EA,1,43.98,本共有部分項目有：排水管道、特別安全梯、排煙室、排煙進風、緊急昇降機兼行動不便者使用電梯、梯廳兼排煙室、台電管道間、門廳、機電設備空間、台電配電場所、受電箱室、自來水蓄水池、機電空間（給水機房）、機電空間（電梯機房）、機電空間、排煙管道、自來水箱、消防幫浦室、消防水箱、消防水箱機房、陽臺、室內安全梯、昇降機、梯廳等２４項。,鋼骨鋼筋混凝土構造、鋼筋混凝土構造,114年8月14日,三十二層,,持分移轉
RPPNMLOLOHLGFGF88EA,1,.03,本共有部分項目有：機電設備空間、瓦斯設備空間、排水管道等３項。,鋼骨鋼筋混凝土構造、鋼筋混凝土構造,114年8月14日,三十五層,,持分移轉
RPPNMLOLOHLGFGF88EA,1,.03,本共有部分項目有：排水管道等１項。,鋼骨鋼筋混凝土構造、鋼筋混凝土構造,114年8月14日,三十五層,,持分移轉
RPQNMLMLOHLGFHF88EA,27,166.44,工商用,鋼筋混凝土造,88年2月27日,十八層,七層,全筆移轉
RPPNMLOLOHLGFGF88EA,1,41.50,本共有部分項目有：停車場進氣管道、防空避難室兼停車空間、法定汽車停車、車道等４項。,鋼骨鋼筋混凝土構造、鋼筋混凝土構造,114年8月14日,三十五層,,持分移轉
RPQNMLMLOHLGFHF88EA,27,3.67,工業用,鋼筋混凝土造,88年2月27日,十八層,地下一層,持分移轉
RPQNMLMLOHLGFHF88EA,27,24.29,共有部分,鋼筋混凝土造,88年2月27日,十八層,,持分移轉
RPQNMLMLOHLGFHF88EA,27,52.43,共有部分,鋼筋混凝土造,88年2月27日,十八層,,持分移轉
RPQNMLMLOHLGFHF88EA,27,33.07,共有部分,鋼筋混凝土造,88年2月27日,十八層,,持分移轉
RPQNMLPLOHLGFAF38DA,38,204.96,住家用,鋼筋混凝土造,77年5月28日,二層,一層 二層 陽台 平台 瞭望台,全筆移轉
RPTOMLSKOHLGFBF09DA,,45.93,集合住宅,鋼筋混凝土造,115年2月25日,七層,二層 陽台,全筆移轉
RPTOMLSKOHLGFBF09DA,,50.31,本共有部分之項目有梯廳、無障礙室內安全梯（１）、（Ａ）無障礙戶外安全梯、（Ｂ）無障礙戶外安全梯、昇降機間、無障礙昇降機、汽車坡道、汽車機車坡道、地下室進風管道、地下室排風管道、停車空間、地下室進風口、地下室排風口、排風機房、管委會使用空間、無障礙廁所、儲藏室、垃圾暫存室、垃圾車停車位、Ａ棟蓄水池、Ｂ棟蓄水池、消防泵浦室、受電箱、電表區、電表、發電機室、台電配電場所、景觀機房、電信室、陽台等３０項。,鋼筋混凝土造,115年2月25日,七層,,持分移轉
RPTOMLSKOHLGFBF09DA,,9.63,本共有部分之項目有（Ａ）無障礙戶外安全梯、梯廳、無障礙昇降機、昇降機間、（Ａ）戶外安全梯、消防水箱、機械室、水箱（一）、水箱（二）等９項。,鋼筋混凝土造,115年2月25日,七層,,持分移轉
RPPRMLMLOHLGFBF48DA,1,78.19,集合住宅,鋼筋混凝土造,114年7月11日,二十四層,十二層 陽台,全筆移轉
RPPRMLMLOHLGFBF48DA,1,76.38,本共有部分之項目有交誼廳（公共服務空間）、儲藏室、梯廳、管委會空間、無障礙安全梯Ａ１、排煙室、無障礙特別安全梯Ａ１、Ａ１特別安全梯、無障礙電梯、Ａ棟緊急升降機間兼排煙室、特別安全梯Ａ２、信箱區、客貨用電梯（兼自行車用）、走廊、休憩或會議空間、廁所、發電機排氣管道、發電機進氣管道、管道間、安全梯Ｂ、無障礙特別安全梯Ｂ、Ｂ棟緊急升降機間兼排煙室、社區休閒空間、緊急升降梯、Ｃ棟緊急升降機間兼排煙室、特別安全梯Ｃ、視聽室、排氣管道、多功能空間、管委會辦公空間、Ａ１梯排煙室、Ａ棟緊急升降機間、Ｂ梯排煙室、Ｂ棟緊急升降機間、Ｃ棟緊急升降機間、Ｃ梯排煙室、防空避難室兼停車空間、無障礙安全梯、進氣管道、進氣機房、Ａ棟梯廳、發電機房、排氣機房、汽車坡道、停車管理室、防災中心、台電配電場所、受電箱、垃圾儲藏室、停車空間、生活水箱、電信機房、消防機房、消防水箱、水景機房、生活水箱機房、雨水機房、外廊、安全梯Ａ３、Ｂ棟梯廳、Ｃ棟梯廳、安全梯Ｃ２、機房、水箱機房、水池設備間、電梯機房、陽臺等６７項。,鋼骨鋼筋混凝土構造、鋼筋混凝土構造,114年7月11日,二十四層,,持分移轉
RPVNMLTLNHLGFHF27DA,34,34.94,商業用,鋼筋混凝土造,81年6月3日,十二層,九層 陽台,全筆移轉
RPVNMLTLNHLGFHF27DA,34,14.01,共有部分,鋼筋混凝土造,81年6月3日,十二層,,持分移轉
RPUNMLKLNHLGFDF48DA,33,161.71,住家用,鋼筋混凝土造,82年1月6日,十六層,十二層 陽台,全筆移轉
RPUNMLKLNHLGFDF48DA,33,18.76,共有部分,鋼筋混凝土造,82年1月6日,十六層,,持分移轉
RPUNMLKLNHLGFDF48DA,33,87.52,停車埸,鋼筋混凝土造,82年1月6日,十六層,地下二層 地下三層,持分移轉
RPTPMLMKNHLGFAF38DA,49,71.75,住家用,鋼筋混凝土造,66年5月9日,四層,四層 陽台,全筆移轉
RPVOMLQLOHLGFBF56DA,50,70.80,住家用,加強磚造,65年8月9日,四層,四層 陽台,全筆移轉
RPROMLMLNHLGFCF38DA,44,77.50,住家用,鋼筋混凝土造,71年6月26日,五層,二層 陽台,全筆移轉
RPVQMLMJOHLGFBF78DA,20,79.44,住家用,鋼筋混凝土造,95年4月20日,十二層,四層 陽台 雨遮,全筆移轉
RPVQMLMJOHLGFBF78DA,20,57.61,共有部分,鋼筋混凝土造,95年4月20日,十二層,,持分移轉
RPQNMLTLNHLGFHF76DA,33,132.33,住家用,鋼筋混凝土造,82年5月20日,七層,五層 陽台 花台 見其他登記事項,全筆移轉
RPQNMLTLNHLGFHF76DA,33,13.58,共有部分,鋼筋混凝土造,82年5月20日,七層,,持分移轉
RPSOMLPJOHLGFAF48DA,20,34.86,住家用,鋼骨鋼筋混凝土造,95年9月14日,三十七層,十八層 陽台,全筆移轉
RPQNMLTLNHLGFHF76DA,33,.03,共有部分,鋼筋混凝土造,82年5月20日,七層,,持分移轉
RPSOMLPJOHLGFAF48DA,20,1.77,健身服務場所,鋼骨鋼筋混凝土造,95年9月14日,三十七層,二層 三層 陽台 地下一層 地下二層,持分移轉
RPSOMLPJOHLGFAF48DA,20,7.24,共有部分,鋼骨鋼筋混凝土造,95年9月14日,三十七層,,持分移轉
RPSOMLPJOHLGFAF48DA,20,1.26,共有部分,鋼骨鋼筋混凝土造,95年9月14日,三十七層,,持分移轉
RPSOMLPJOHLGFAF48DA,20,1.52,共有部分,鋼骨鋼筋混凝土造,95年9月14日,三十七層,,持分移轉
RPSOMLPJOHLGFAF48DA,20,.01,共有部分,鋼骨鋼筋混凝土造,95年9月14日,三十七層,,持分移轉
RPSOMLPJOHLGFAF48DA,20,1.28,共有部分,鋼骨鋼筋混凝土造,95年9月14日,三十七層,,持分移轉
RPSOMLPJOHLGFAF48DA,20,2.26,共有部分,鋼骨鋼筋混凝土造,95年9月14日,三十七層,,持分移轉
RPPOMLRKOHLGFEF88DA,24,68.90,住家用,鋼筋混凝土造,91年8月27日,六層,四層 陽台,全筆移轉
RPPOMLRKOHLGFEF88DA,24,17.88,共有部分,鋼筋混凝土造,91年8月27日,六層,,持分移轉
RPPNMLMKNHLGFAF77DA,42,98.09,住家用,鋼筋混凝土造,72年12月30日,五層,五層 陽台,全筆移轉
RPPNMLMKMHLGFAF67DA,,37.64,集合住宅,鋼骨鋼筋混凝土造,114年11月20日,二十三層,六層 陽台,全筆移轉
RPPNMLMKMHLGFAF67DA,,20.18,本共有部分之項目有：水箱Ａ、進風機房、緊急升降機兼無障礙升降機、一般升降機、排煙室、無障礙安全梯（Ａ）、機房、消防泵浦室、排風機房、汽車坡道、停車空間、無障礙安全梯（Ｃ）、垃圾車暫停車位兼訪客臨停車位、垃圾暫存室、電信機房、緊急發電機房、台電配電場所、電錶室、儲藏室、汽機車坡道、防空避難室兼停車空間、防災中心、入口門廳、自行車停車空間、無障礙特別安全梯（Ａ）、梯廳兼排煙室、特別安全梯（Ｂ）、高層緩衝空間、管委會使用空間、梯廳、機械房、樓梯間、排煙室兼樓電梯間、直通樓梯（Ｂ）、水箱Ｂ、電梯機房、消防中繼泵浦機房等３７項。,鋼骨鋼筋混凝土造,114年11月20日,二十三層,,持分移轉
RPQPMLOJOHLGFAF28DA,51,92.22,住家用,加強磚造,64年9月2日,四層,一層 騎樓,全筆移轉
RPQQMLMKOHLGFAF28DA,41,89.41,住家用,鋼筋混凝土造,74年10月24日,五層,五層 陽台,全筆移轉
RPXPMLNLOHLGFEF86DA,13,47.01,住家用,鋼筋混凝土造,102年2月23日,十四層,八層 陽台 雨遮,全筆移轉
RPXPMLNLOHLGFEF86DA,13,30.99,本案共有部分項目有樓梯間、防空避難室兼停車空間、電信機房、垃圾集中區、緊急發電機室、台電配電場所、受電箱、電表箱、排風管道、車道、水箱、機械室、消防泵浦室、污水機房、污水池、排煙室及梯廳、管委會空間、基地內通路、消防水箱、汽車車道、機車專用坡道等２１項,鋼筋混凝土造,102年2月23日,十四層,,持分移轉
RPXNMLPKNHLGFIF07DA,16,167.64,集合住宅,鋼筋混凝土造,99年3月12日,二十四層,十五層 陽台 雨遮,全筆移轉
RPXNMLPKNHLGFIF07DA,16,3.90,本共有部分之項目有進／排風管道、停車場進／排風管道、污水管道、防災中心、廊道、進／排風機房、固網機房、電信機房、機車道、電氣／污水管道、通道、排氣機房、進風機房、進風管道、公共水箱、泵浦（一）、雨水機房等１７項。,鋼筋混凝土造,99年3月12日,二十四層,,持分移轉
RPXNMLPKNHLGFIF07DA,16,2.69,本共有部分之項目有機車道、機車停車空間等２項。,鋼筋混凝土造,99年3月12日,二十四層,,持分移轉
RPXNMLPKNHLGFIF07DA,16,20.16,本共有部分之項目有管理委員會使用空間、儲藏室、陽台、游泳池、兒童池、管理員室、冷卻水塔機房、冷卻水管道、戶外庭園、廊道、廁所通風泳池機房進排風、台電配電場所、發電機房、自設配電室、住宅高壓電錶室、泳池機房進排風管道、電梯間、泳池水箱、溫泉水箱、泵浦（三）、游泳池機房、住宅冷卻水管道、住宅垃圾處理室、電梯機坑、住宅空調管道、住宅消防泵浦室、住宅機電設備空間等２７項。,鋼筋混凝土造,99年3月12日,二十四層,,持分移轉
RPXNMLPKNHLGFIF07DA,16,36.40,本共有部分之項目有梯廳、中繼機房、水錶電錶室、陽台、雨遮、電錶室Ａ、Ａ棟電氣室、Ａ棟水箱、Ａ棟泵浦、樓梯間、排煙進風、電力管道、走道、弱電給水、給水、消防水箱、機房、電梯機房等１８項。,鋼筋混凝土造,99年3月12日,二十四層,,持分移轉
RPXNMLPKNHLGFIF07DA,16,35.47,本共有部分之項目有防空避難室兼停車空間、車道、停車空間等３項。,鋼筋混凝土造,99年3月12日,二十四層,,持分移轉
RPRNMLLLOHLGFDF38DA,30,59.55,住家用,鋼筋混凝土造,85年1月16日,十六層,十四層 陽台 花台,全筆移轉
RPRNMLLLOHLGFDF38DA,30,9.85,樓梯間、屋頂突出物,鋼筋混凝土造,85年1月16日,十六層,,持分移轉
RPRNMLLLOHLGFDF38DA,30,7.51,防空避難室兼停車空間及停車空間、機械室、管理員室、台電配電室、垃圾放置、電信機房、排煙管道、緊急升降機、樓電梯間,鋼筋混凝土造,85年1月16日,十六層,,持分移轉
RPQNMLRKOHLGFDF78DA,10,30.58,集合住宅,鋼筋混凝土造,105年4月18日,七層,五層 陽台 雨遮,全筆移轉
RPQNMLRKOHLGFDF78DA,10,17.73,電梯間、梯廳、樓梯間、汽車停車空間、走廊、水箱、電信機械室、發電機室、防空避難室等共９項。,鋼筋混凝土造,105年4月18日,七層,,持分移轉
RPRNMLOLOHLGFDF68DA,15,54.08,住家用,鋼筋混凝土造,100年2月25日,十層,四層 陽台 雨遮,全筆移轉
RPRNMLOLOHLGFDF68DA,15,31.57,本共有部分之項目有：管委會空間、基地內通路、機車停車空間、車道、停車空間、台電配電場所、台電專用管道間、電信機房管道間、樓梯間、蓄水池、發電機房、消防機房、污水機房、防空避難室兼停車空間等十五項。,鋼筋混凝土造,100年2月25日,十層,,持分移轉
RPRNMLOLOHLGFDF68DA,15,8.31,本共有部分之項目：樓梯間、機械室、水箱等三項。,鋼筋混凝土造,100年2月25日,十層,,持分移轉
RPPNMLSKMHLGFEF68DA,15,111.06,住家用,鋼筋混凝土造,100年1月14日,十一層,十一層 陽台,全筆移轉
RPPNMLSKMHLGFEF68DA,15,87.94,本共有部分之項目有：管委會共同使用空間、陽台、車道、機車車道、門廳、梯廳、樓電梯間、儲藏空間、停車空間、電信機房、電信箱、台電配電室、垃圾車停車位、垃圾處理空間、受電箱、發電機房、機械室、水箱、電梯間、蓄水池、污水機房、消防機房等２２項。,鋼筋混凝土造,100年1月14日,十一層,,持分移轉
RPTNMLMLOHLGFCF58DA,14,103.07,住家用,鋼筋混凝土造,101年1月30日,十二層,十層 陽台 雨遮,全筆移轉
RPTNMLMLOHLGFCF58DA,13,13.01,共有部分項目：一至十二層樓電梯間、屋頂突出物一層梯廳、屋頂突出物二層昇降機房及水箱全部共計四項。,鋼筋混凝土造,102年1月30日,十二層,,持分移轉
RPTNMLMLOHLGFCF58DA,13,46.75,共有部分項目：一樓車道、騎樓、汽車昇降機、地下一層全部、地下二層全部共計五項。,鋼筋混凝土造,102年1月30日,十二層,,持分移轉
RPSNMLNJOHLGFGF78DA,30,86.01,住家用,鋼筋混凝土造,85年10月17日,二十三層,十八層 陽台 花台,全筆移轉
RPSNMLNJOHLGFGF78DA,30,7.47,共有部分,鋼筋混凝土造,85年10月17日,二十三層,,持分移轉
RPROMLOJNHLGFEF58DA,13,45.51,住家用,鋼筋混凝土造,101年11月21日,十四層,十三層 陽台,全筆移轉
RPROMLOJNHLGFEF58DA,13,23.40,本建物共有項目有：梯廳、機房、樓梯、防空避難室兼停車空間垃圾車暫停車位、水箱、污水機房、發電機房、消房機房、電信機房、緊急升降機間、景觀設施機房，防空避難室兼停車空間及供公眾使用停車空間，機車停車空間，垃圾儲存空間、台電配電場所、受電箱、社區中心、走廊、管理員室、大廳、停車空間、停獎專用梯、機械室、屋頂水箱、電梯機房等２６項,鋼筋混凝土造,101年11月21日,十四層,,持分移轉
RPOTMLPKOHLGFAF68DA,5,24.02,集合住宅,鋼筋混凝土造,109年11月17日,十五層,五層 陽台 雨遮,持分移轉
RPOTMLPKOHLGFAF68DA,5,43.88,本共有部分項目有：安全梯、梯間、無障礙昇降機、Ｂ棟水箱、停車空間、無障礙樓梯、消防泵浦室、Ａ棟水箱、停車場進風、停車場排風、台電配電室、機房、電信機房、防空避難室兼停車空間、垃圾車暫停位置、發電機室、垃圾處理空間、通廊、戶外安全梯、緊急用昇降機、門廳、排煙室、廁所、無障礙廁所、管委會使用空間、Ｂ梯廳、Ａ梯廳、Ｂ梯間、Ａ梯間、機械室、水箱等３１項。,鋼筋混凝土造,109年11月17日,十五層,,持分移轉
RPXOMLPLOHLGFEF96DA,17,33.85,住家用,鋼筋混凝土造,98年2月18日,二十二層,三層 陽台 雨遮,全筆移轉
RPXOMLPLOHLGFEF96DA,17,44.49,共有部分,鋼筋混凝土造,98年2月18日,二十二層,,持分移轉
RPTNMLSLNHLGFHF96DA,30,19.84,住家用,鋼筋混凝土造,85年7月19日,十二層,二層,全筆移轉
RPTNMLSLNHLGFHF96DA,30,2.19,共有部分,鋼筋混凝土造,85年7月19日,十二層,,持分移轉
RPTNMLSLNHLGFHF96DA,30,2.57,共有部分,鋼筋混凝土造,85年7月19日,十二層,,持分移轉
RPXQMLTKNHLGFEF37DA,1,88.49,集合住宅,鋼筋混凝土造,114年3月14日,二十三層,八層 陽台 雨遮,全筆移轉
RPXQMLTKNHLGFEF37DA,1,71.20,本共有部分之項目有：梯廳、公共儲藏室、自行車停車位、受電箱室、緊急發電機室、台電配電室、機房、水箱、總受水箱、溫泉水箱、進氣機房、排氣機房、消防泵浦室、雨水過濾機房、電梯機房、昇降機、機械房、管委會空間、無障礙安全梯、機電設備空間、緊急升降梯無障礙電梯、引導設施、管委會使用空間、排煙室、消防水箱、特別安全梯、無障礙特別安全梯、垃圾儲藏空間、廁所、垃圾車停車位、水池、中繼消防機房、高層建築出入口緩衝空間、防災中心、陽台、安全梯、公共緊急發電機室、觀景池機房、電氣室、公共台電配電室、無障礙昇降梯、電信機房、女廁、男廁、汽車坡道等４５項,鋼筋混凝土構造、鋼構造,114年3月14日,二十三層,,持分移轉
RPTPMLQKOHLGFHF96DA,29,120.57,住家用,鋼筋混凝土造,86年4月9日,十九層,十四層 陽台,全筆移轉
RPTPMLQKOHLGFHF96DA,29,4.39,社區活動中心,鋼筋混凝土造,86年4月9日,十九層,地下一層,持分移轉
RPTPMLQKOHLGFHF96DA,29,22.46,共有部分,鋼筋混凝土造,86年4月9日,十九層,,持分移轉
RPTPMLQKOHLGFHF96DA,29,16.42,共有部分,鋼筋混凝土造,86年4月9日,十九層,,持分移轉
RPTPMLQKOHLGFHF96DA,29,.00,共有部分,鋼筋混凝土造,86年4月9日,十九層,,持分移轉
RPTPMLQKOHLGFHF96DA,29,11.14,共有部分,鋼筋混凝土造,86年4月9日,十九層,,持分移轉
RPPNMLNLMHLGFHF58DA,47,119.61,住家用,鋼筋混凝土造,68年8月16日,五層,五層 陽台,全筆移轉
RPUOMLPKNHLGFHF76DA,30,23.75,商業用,鋼筋混凝土造,85年7月19日,十一層,三層,全筆移轉
RPUOMLPKNHLGFHF76DA,30,8.41,共有部分,鋼筋混凝土造,85年7月19日,十一層,,持分移轉
RPVQMLPLOHLGFGF17DA,17,95.54,住家用,鋼筋混凝土造,97年11月25日,十二層,四層 陽台,全筆移轉
RPVQMLPLOHLGFGF17DA,17,68.32,共有部分,鋼筋混凝土造,97年11月25日,十二層,,持分移轉
RPWNMLMKNHLGFHF56DA,52,92.80,住家用,Ｒ．Ｃ構架造,63年9月26日,四層,四層 陽台,全筆移轉
RPSNMLTJMHLGFDF88DA,30,197.85,住家用,鋼筋混凝土造,84年12月4日,四層,一層 二層 三層 四層 陽台 平台 屋頂突出物 露台 雨遮 地下層,全筆移轉
RPSNMLTJMHLGFDF88DA,30,21.90,共有部分,鋼筋混凝土造,84年12月4日,十層,,持分移轉
RPOQMLQKOHLGFHF56DA,50,71.53,住家用,加強磚造,64年12月7日,四層,二層,全筆移轉
RPPOMLPKMHLGFCF28DA,27,80.05,住家用,鋼筋混凝土造,88年9月30日,二十層,三層 陽台,全筆移轉
RPPOMLPKMHLGFCF28DA,27,9.48,共有部分,鋼筋混凝土造,88年9月30日,二十層,,持分移轉
RPPOMLPKMHLGFCF28DA,27,15.80,共有部分,鋼筋混凝土造,88年9月30日,二十層,,持分移轉
RPSNMLOLOHLGFCF68DA,17,55.31,住家用,鋼骨鋼筋混凝土造,98年6月12日,二十六層,十八層 陽台,全筆移轉
RPSNMLOLOHLGFCF68DA,17,21.18,共有部分,鋼骨鋼筋混凝土造,98年6月12日,二十六層,,持分移轉
RPTOMLSJOHLGFHF96DA,8,35.01,集合住宅,鋼筋混凝土構造,106年10月31日,十三層,八層 陽台 雨遮,全筆移轉
RPTOMLSJOHLGFHF96DA,8,18.21,共有部分；本共有部分之項目有：騎樓、電樓梯間、客貨兩用梯、管委會空間、陽台、雨遮、防空避難室兼停車空間、台電配電室、受電箱、電錶、垃圾儲存空間、發電機室、機房、汽車昇降道、全自動昇降設備、消防泵浦室、電信室、屋頂突出物（電樓梯間、機械室、電梯機房、水箱）等１８項。,鋼筋混凝土構造,106年10月31日,十三層,,持分移轉
RPTNMLOLOHLGFCF78DA,42,110.29,住家用,鋼筋混凝土造,73年6月1日,五層,二層 陽台,全筆移轉
RPVQMLNLOHLGFHF07DA,50,80.31,商業用,Ｒ．Ｃ造,65年5月25日,四層,一層 騎樓,全筆移轉
RPQNMLOLOHLGFIF09DA,32,110.87,住家用,鋼筋混凝土造,82年10月16日,九層,三層 陽台,全筆移轉
RPQNMLOLOHLGFIF09DA,32,50.73,防空避難室、停車間,鋼筋混凝土造,82年10月16日,九層,,持分移轉
RPOOMLNLOHLGFIF88DA,17,82.56,住家用,鋼筋混凝土造,98年4月7日,十五層,十二層 陽台 雨遮,全筆移轉
RPOOMLNLOHLGFIF88DA,17,17.75,共有部分,鋼筋混凝土造,98年4月7日,十五層,,持分移轉
RPOOMLNLOHLGFIF88DA,17,40.17,共有部分,鋼筋混凝土造,98年4月7日,十五層,,持分移轉
RPRNMLPLOHLGFBF68EA,9,40.88,集合住宅,鋼筋混凝土造,106年4月19日,十五層,九層 陽台,全筆移轉
RPRNMLPLOHLGFBF68EA,9,40.00,本共有部分之項目有：自行車空間、梯廳、梯間、陽台、雨遮、管委會空間、防空避難室兼停車空間、排煙室、台電配電場所、垃圾儲藏空間、垃圾車暫停車位、機坑、電信機房、停車空間、蓄水池、發電機房、機房、消防機房等１８項。,鋼筋混凝土造,106年4月19日,十五層,,持分移轉
RPRNMLPLOHLGFBF68EA,9,6.65,本共有部分之項目有：排煙室、梯廳、梯間、機械室、水箱等５項。,鋼筋混凝土造,106年4月19日,十五層,,持分移轉
RPSNMLNLOHLGFIF56DA,45,86.01,住家用,鋼筋混凝土造,69年12月27日,五層,二層 陽台,全筆移轉
RPVOMLTLMHLGFHF27DA,30,50.47,住家用,鋼筋混凝土造,85年1月8日,二十三層,十六層 陽台,全筆移轉
RPVOMLTLMHLGFHF27DA,30,1.15,共有部分,鋼筋混凝土造,85年1月8日,二十三層,,持分移轉
RPQNMLPLOHLGFHF09DA,34,8.45,共有部分,鋼筋混凝土造,81年5月22日,七層,,持分移轉
RPVOMLTLMHLGFHF27DA,30,5.12,共有部分,鋼筋混凝土造,85年1月8日,地下層,,持分移轉
RPQNMLPLOHLGFHF09DA,34,24.15,住家用,鋼筋混凝土造,81年5月22日,七層,四層,全筆移轉
RPRNMLLKOHLGFHF68DA,1,51.75,集合住宅,鋼筋混凝土構造,114年1月15日,二十四層,四層 陽台,全筆移轉
RPRNMLLKOHLGFHF68DA,1,30.38,本共有部分項目有停車空間、梯廳兼排煙室、門廳、室內通路、管委會使用空間、門廊、緊急發電機房、防災中心、陽台、梯間、水錶間、機房、電梯機房、梯廳、裝卸車位、垃圾裝卸車位、屋頂水箱（一）、屋頂水箱（二）、防空避難室兼停車空間、台電配電場所、垃圾儲藏室、消防中繼機房、電信機房、水箱、水箱機房、雨水過濾機房、消防機房、無障礙車位、甲梯特別安全梯、丙梯安全梯等３０項。,鋼筋混凝土構造,114年1月15日,二十四層,,持分移轉
RPPNMLPLOHLGFAF38EA,28,50.59,住家用,鋼筋混凝土造,86年11月21日,十一層,八層 陽台,全筆移轉
RPPNMLPLOHLGFAF38EA,28,9.83,共有部分,鋼筋混凝土造,86年11月21日,十一層,,持分移轉
RPPNMLPLOHLGFAF38EA,28,14.11,共有部分,鋼筋混凝土造,86年11月21日,十一層,,持分移轉
RPPNMLOLOHLGFEF58DA,38,605.44,工業用,鋼筋混凝土造、鋼架造,77年7月8日,一層,一層 平台,全筆移轉
RPPNMLOLOHLGFEF58DA,38,340.87,辦公室、餐廳、宿舍,鋼筋混凝土造,77年7月8日,三層,一層 二層 三層 陽台 平台 防空避難室,全筆移轉
RPRNMLPLOHLGFDF88EA,35,203.00,住家用,鋼筋混凝土造,80年6月3日,四層,三層 四層 陽台 屋頂突出物 電梯樓梯間 露台 夾層,全筆移轉
RPRNMLPLOHLGFDF88EA,35,44.38,防空避難室兼停車場,鋼筋混凝土造,80年6月3日,四層,地下二層,持分移轉
RPTNMLOLOHLGFIF76DA,17,72.14,集合住宅,鋼筋混凝土造,98年7月30日,二十五層,二十層 陽台 雨遮,全筆移轉
RPRNMLPLOHLGFDF88EA,35,1.23,共有部分,鋼筋混凝土造,80年6月3日,四層,,持分移轉
RPTNMLOLOHLGFIF76DA,17,9.17,共有部分,鋼筋混凝土造,98年7月30日,二十五層,,持分移轉
RPRNMLPLOHLGFDF88EA,35,8.73,共有部分,鋼筋混凝土造,80年6月3日,四層,,持分移轉
RPTNMLOLOHLGFIF76DA,17,39.03,共有部分,鋼筋混凝土造,98年7月30日,二十五層,,持分移轉
RPTNMLOLOHLGFIF76DA,17,20.14,共有部分,鋼筋混凝土造,98年7月30日,二十五層,,持分移轉
RPPNMLPLOHLGFGF98EA,19,107.17,住家用,鋼筋混凝土造,96年5月3日,十一層,七層 陽台 雨遮,全筆移轉
RPQOMLOLOHLGFEF88EA,20,50.07,住家用,鋼筋混凝土造,94年12月5日,二十六層,三層 陽台,全筆移轉
RPPNMLPLOHLGFGF98EA,19,60.67,共有部分,鋼筋混凝土造,96年5月3日,十二層,,持分移轉
RPQOMLOLOHLGFEF88EA,20,23.42,共有部分,鋼筋混凝土造,94年12月5日,二十六層,,持分移轉
RPPNMLPLOHLGFGF98EA,19,17.34,共有部分,鋼筋混凝土造,96年5月3日,十一層,,持分移轉
RPRNMLNLOHLGFAF28DA,28,117.35,住家用,鋼筋混凝土造,87年10月9日,十二層,八層 陽台,全筆移轉
RPTNMLOLOHLGFIF86EA,40,90.40,住家用,鋼筋混凝土造,75年7月11日,五層,五層 陽台,全筆移轉
RPRNMLNLOHLGFAF28DA,28,10.32,共有部分,鋼筋混凝土造,87年10月9日,十二層,,持分移轉
RPRNMLNLOHLGFAF28DA,28,42.49,車道、停車空間兼防空避難室,鋼筋混凝土造,87年10月9日,十二層,,持分移轉
RPRNMLNLOHLGFAF28DA,28,11.89,電梯樓梯間,鋼筋混凝土造,87年10月9日,十二層,,持分移轉
RPTOMLOLOHLGFHF86EA,23,90.22,住家用,鋼筋混凝土造,92年9月4日,二十七層,二十七層 陽台 雨遮,全筆移轉
RPTOMLOLOHLGFHF86EA,23,12.91,共有部分,鋼筋混凝土造,92年9月4日,二十七層,,持分移轉
RPWNMLQKNHLGFAF88DA,,51.72,住家用,鋼筋混凝土造,,四層,一層,全筆移轉
RPTOMLOLOHLGFHF86EA,23,51.20,共有部分,鋼筋混凝土造,92年9月4日,二十七層,,持分移轉
RPTOMLOLOHLGFHF86EA,23,13.73,共有部分,鋼筋混凝土造,92年9月4日,二十七層,,持分移轉
RPSOMLSKNHLGFBF88DA,30,111.83,工業用,鋼筋混凝土造,85年6月11日,十八層,二層 陽台,全筆移轉
RPSOMLSKNHLGFBF88DA,30,40.59,共有部分,鋼筋混凝土造,85年6月11日,十八層,,持分移轉
RPSOMLSKNHLGFBF88DA,30,29.60,共有部分,鋼筋混凝土造,85年6月11日,十八層,,持分移轉
RPRNMLPLOHLGFIF76EA,21,63.67,住家用,鋼筋混凝土造,93年12月1日,十四層,九層 陽台 雨遮,全筆移轉
RPRNMLPLOHLGFIF76EA,21,38.53,共有部分,鋼筋混凝土造,93年12月1日,十五層,,持分移轉
RPXPMLSKNHLGFBF86DA,5,36.91,集合住宅,鋼筋混凝土造,110年10月25日,七層,六層 陽台 雨遮,全筆移轉
RPXPMLSKNHLGFBF86DA,5,10.63,本共有部分之項目有門廳，門廊，管理委員會空間，管委會使用空間，社區中心，廁所，昇降機，管道間，梯間，蓄水池，噴灌機房，停車空間，台電配電場所等１３項。,鋼筋混凝土造,110年10月25日,七層,,持分移轉
RPXPMLSKNHLGFBF86DA,5,7.11,本共有部分之項目有梯廳，梯間，機械室，水箱等４項。,鋼筋混凝土造,110年10月25日,七層,,持分移轉
RPSNMLTLNHLGFCF09DA,20,140.41,住家用,鋼筋混凝土造,95年3月3日,三層,一層 二層 三層 陽台 雨遮,全筆移轉
RPSNMLTLNHLGFCF09DA,20,35.03,停車空間,鋼筋混凝土造,95年3月3日,九層,地下一層 地下二層,持分移轉
RPSNMLTLNHLGFCF09DA,20,15.40,共有部分,鋼筋混凝土造,95年3月3日,九層,,持分移轉
RPSNMLTLNHLGFCF09DA,20,.11,共有部分,鋼筋混凝土造,95年3月3日,九層,,持分移轉
RPSNMLTLNHLGFCF09DA,20,4.47,共有部分,鋼筋混凝土造,95年3月3日,九層,,持分移轉
RPSNMLTLNHLGFCF09DA,20,.29,共有部分,鋼筋混凝土造,95年3月3日,九層,,持分移轉
RPSNMLTLNHLGFCF09DA,20,.01,一般事務所,鋼筋混凝土造,95年3月3日,九層,地下一層,持分移轉
RPSNMLTLNHLGFCF09DA,20,.73,共有部分,鋼筋混凝土造,94年12月2日,三層,,持分移轉
RPSQMLNLOHLGFEF09DA,17,33.95,一般事務所,鋼筋混凝土造,97年12月23日,二十四層,二十二層 陽台,全筆移轉
RPSQMLNLOHLGFEF09DA,17,9.54,共有部分,鋼筋混凝土造,97年12月23日,二十四層,,持分移轉
RPSQMLNLOHLGFEF09DA,17,8.75,共有部分,鋼筋混凝土造,97年12月23日,二十四層,,持分移轉
RPXOMLQLOHLGFHF47EA,27,31.32,住家用,鋼筋混凝土造,87年10月14日,七層,七層,全筆移轉
RPXOMLQLOHLGFHF47EA,27,5.39,共有部分,鋼筋混凝土造,87年10月14日,七層,,持分移轉
RPXOMLQLOHLGFHF47EA,27,10.08,共有部分,鋼筋混凝土造,87年10月14日,七層,,持分移轉
RPUQMLNLOHLGFEF66DA,9,102.41,住家用,鋼筋混凝土造,106年8月24日,十九層,十五層 陽台 雨遮,全筆移轉
RPUQMLNLOHLGFEF66DA,9,73.45,本共有部分項目有：管委會使用空間、門廳、門廊、排煙室、樓電梯間、機車坡道、汽車坡道、陽台、茶水間、梯廳、梯間、機械室、電梯機械室、屋頂水箱、消防連結中繼泵浦室、水錶機房、停車空間、台電配電場所、噴灌機房、汽車車道、機車車道、垃圾貯存空間、中繼消防泵浦機房、進風機房、防災中心、水箱、緊急發電機房、防空避難室兼停車空間、雨水滯留設施、消防泵浦機房、消防水池、污水處理設施、污水機房、集水池、觀景水池、儲藏室、電信室等３７項。,鋼筋混凝土造,106年8月24日,二十二層,,持分移轉
RPUNMLSKNHLGFGF86DA,44,113.00,住家用,鋼筋混凝土造,71年3月22日,五層,五層 陽台,全筆移轉
RPTNMLPKNHLGFCF68DA,43,117.32,住家用,鋼筋混凝土造,72年10月4日,五層,二層 陽台,全筆移轉
RPPPMLTLNHLGFGF76DA,1,46.25,集合住宅,鋼筋混凝土造,114年9月17日,十五層,十五層 陽台,全筆移轉
RPPPMLTLNHLGFGF76DA,1,47.82,本共有部分項目計有：陽臺、管委會、梯廳、戶外安全梯、一般安全梯Ａ１、無障礙樓梯、緊急昇降機、無障礙升降機、排煙室、垃圾儲藏室、垃圾車暫停車位、台電配電場所、防空避難室兼停車空間、緊急發電機房、汽車道、汽機車道、停車空間、電信機房、水箱、機房、梯間、電梯機房等共計２２項。,鋼筋混凝土造,114年9月17日,十五層,,持分移轉
RPWOMLSJOHLGFEF96DA,1,79.07,集合住宅,鋼筋混凝土造,114年3月14日,二十三層,一層,全筆移轉
RPWOMLSJOHLGFEF96DA,1,68.43,本共有部分之項目有：梯廳、公共儲藏室、自行車停車位、受電箱室、緊急發電機室、台電配電室、機房、水箱、總受水箱、溫泉水箱、進氣機房、排氣機房、消防泵浦室、雨水過濾機房、電梯機房、昇降機、機械房、管委會空間、無障礙安全梯、機電設備空間、緊急升降梯無障礙電梯、引導設施、管委會使用空間、排煙室、消防水箱、特別安全梯、無障礙特別安全梯、垃圾儲藏空間、廁所、垃圾車停車位、水池、中繼消防機房、高層建築出入口緩衝空間、防災中心、陽台、安全梯、公共緊急發電機室、觀景池機房、電氣室、公共台電配電室、無障礙昇降梯、電信機房、女廁、男廁、汽車坡道等４５項,鋼筋混凝土構造、鋼構造,114年3月14日,二十三層,,持分移轉
RPTNMLTKNHLGFGF86DA,13,62.86,住家用,鋼筋混凝土造,102年10月21日,十三層,六層 陽台 雨遮,全筆移轉
RPTNMLTKNHLGFGF86DA,13,22.17,本共有部分項目有：騎樓、門廳、梯廳、管委會空間一、管委會空間二、梯間、機房、水箱、蓄水池、消防機房、台電受電室等十一項。,鋼筋混凝土造,102年10月21日,十三層,,持分移轉
RPTNMLTKNHLGFGF86DA,13,5.33,本共有部分項目有：電信機房、停車空間等二項。,鋼筋混凝土造,102年10月21日,十三層,,持分移轉
RPTNMLTKNHLGFGF86DA,13,3.54,本共有部分項目有：防空避難室兼停車空間等一項。,鋼筋混凝土造,102年10月21日,十三層,,持分移轉
RPQOMLMLOHLGFEF58DA,33,204.01,住家用,鋼筋混凝土造,81年11月25日,二十二層,三層 陽台 露台 花台,全筆移轉
RPQOMLMLOHLGFEF58DA,33,40.95,防空避難室、停車間,鋼筋混凝土造,81年11月25日,二十三層,地下三層,持分移轉
RPQOMLMLOHLGFEF58DA,33,22.94,共有部分,鋼筋混凝土造,81年11月25日,二十三層,,持分移轉
RPQOMLMLOHLGFEF58DA,33,1.20,共有部分,鋼筋混凝土造,81年11月25日,二十三層,,持分移轉
RPXNMLLKOHLGFCF78DA,30,70.40,住家用,鋼筋混凝土造,85年1月20日,十七層,十三層 陽台,全筆移轉
RPXNMLLKOHLGFCF78DA,30,4.02,共有部分,鋼筋混凝土造,85年1月20日,十七層,,持分移轉
RPQOMLPLOHLGFEF88DA,20,59.98,住家用,鋼筋混凝土造,94年12月5日,二十六層,二層 陽台,全筆移轉
RPQOMLPLOHLGFEF88DA,20,37.68,共有部分,鋼筋混凝土造,94年12月5日,二十六層,,持分移轉
RPQNMLOKNHLGFHF78DA,50,73.44,住家用,Ｒ．Ｃ造,65年5月18日,四層,二層,全筆移轉
RPROMLPLOHLGFHF66DA,42,102.67,住家用,鋼筋混凝土造,73年8月8日,五層,二層 陽台,全筆移轉
RPUOMLPLOHLGFGF86DA,1,77.74,集合住宅,鋼筋混凝土造,114年5月15日,二十三層,十層 陽台,全筆移轉
RPUOMLPLOHLGFGF86DA,1,83.45,本共有部分項目有：管委會使用空間、公共服務空間、無障礙安全梯、梯廳、樓梯、緊急升降機、排煙室、行動不便升降機、高層緩衝空間、一般升降機、特安梯、車道、陽臺、防空避難室兼停車空間、緊急發電機房、防災中心、台電配電場所、停車空間、水箱、電信機房、消防機房、消防幫浦室、電梯機房、消防水箱、機房、管道間、消防水池、樓梯間等２８項。,鋼筋混凝土造,114年5月15日,二十三層,,持分移轉
RPOOMLNLMHLGFGF48DA,65,93.82,住家用,磚造,50年1月12日,二層,一層 二層,全筆移轉
RPWNMLPLOHLGFHF07DA,49,99.73,住家用,加強磚造,65年11月27日,四層,一層 平台,全筆移轉
RPSNMLOLOHLGFIF66DA,35,13.15,公共設施﹙電梯間、防空避難室﹚,鋼筋混凝土造,80年2月12日,七層,,持分移轉
RPSNMLOLOHLGFIF66DA,35,115.34,住家用,鋼筋混凝土造,80年2月12日,七層,二層 陽台,全筆移轉
RPOQMLNLOHLGFHF98DA,25,78.83,住家用,鋼筋混凝土造,90年4月9日,十四層,十四層 陽台,全筆移轉
RPSNMLQLOHLGFIF86DA,27,117.97,住家用,鋼筋混凝土造,88年8月1日,四層,三層 陽台,全筆移轉
RPOQMLNLOHLGFHF98DA,25,14.36,共有部分,鋼筋混凝土造,90年4月9日,十四層,,持分移轉
RPSNMLQLOHLGFIF86DA,27,8.17,共有部分,鋼筋混凝土造,88年8月1日,四層,,持分移轉
RPOQMLNLOHLGFHF98DA,25,9.55,共有部分,鋼筋混凝土造,90年4月9日,十四層,,持分移轉
RPSNMLSJNHLGFHF66DA,2,202.06,作業廠房,鋼骨鋼筋混凝土構造,113年10月17日,七層,五層,全筆移轉
RPTOMLPLOHLGFGF76DA,1,77.85,集合住宅,鋼筋混凝土造,114年5月15日,二十三層,四層 陽台,全筆移轉
RPSNMLSJNHLGFHF66DA,2,26.13,本共有部分項目有機房１項。,鋼骨鋼筋混凝土構造,113年10月17日,七層,,持分移轉
RPTOMLPLOHLGFGF76DA,1,83.45,本共有部分項目有：管委會使用空間、公共服務空間、無障礙安全梯、梯廳、樓梯、緊急升降機、排煙室、行動不便升降機、高層緩衝空間、一般升降機、特安梯、車道、陽臺、防空避難室兼停車空間、緊急發電機房、防災中心、台電配電場所、停車空間、水箱、電信機房、消防機房、消防幫浦室、電梯機房、消防水箱、機房、管道間、消防水池、樓梯間等２８項。,鋼筋混凝土造,114年5月15日,二十三層,,持分移轉
RPSNMLSJNHLGFHF66DA,2,108.31,本共有部分項目有管委會空間、梯廳、茶水間、梯間、機房、水箱、機械室、緊急發電機室、電錶間、台電配電室、雨水回收機房、排風機室、資源回收室、垃圾處理場、電信室、消防泵浦室、無障礙車位等１７項。,鋼骨鋼筋混凝土構造,113年10月17日,七層,,持分移轉
RPSNMLSJNHLGFHF66DA,2,150.49,本共有部分項目有防空避難室兼停車空間、停車空間等２項。,鋼骨鋼筋混凝土構造,113年10月17日,七層,,持分移轉
RPQOMLLJOHLGFHF58DA,31,107.93,住家用,鋼筋混凝土造,84年7月15日,七層,三層 陽台,全筆移轉
RPQOMLLJOHLGFHF58DA,31,14.29,共有部分,鋼筋混凝土造,84年7月15日,七層,,持分移轉
RPVNMLRKOHLGFAF09EA,30,21.19,住家用,鋼筋混凝土造,85年6月13日,九層,四層 陽台,全筆移轉
RPVNMLRKOHLGFAF09EA,30,3.33,共有部分,鋼筋混凝土造,85年6月13日,九層,,持分移轉
RPVNMLRKOHLGFAF09EA,30,3.39,共有部分,鋼筋混凝土造,85年6月13日,九層,,持分移轉
RPSOMLOLOHLGFEF09EA,17,33.95,一般服務業,鋼筋混凝土造,97年12月23日,二十四層,十層 陽台,全筆移轉
RPSOMLOLOHLGFEF09EA,17,9.54,共有部分,鋼筋混凝土造,97年12月23日,二十四層,,持分移轉
RPSOMLOLOHLGFEF09EA,17,8.75,共有部分,鋼筋混凝土造,97年12月23日,二十四層,,持分移轉
RPXNMLQLOHLGFGF27EA,30,112.51,住家用,鋼筋混凝土造,84年11月10日,五層,三層 陽台,全筆移轉
RPXNMLQLOHLGFGF27EA,30,2.33,共有部分,鋼筋混凝土造,84年11月10日,五層,,持分移轉
RPQNMLPLOHLGFGF09EA,11,34.93,住家用,鋼骨構造,103年12月26日,二十四層,二十三層 陽台 雨遮,全筆移轉
RPQNMLPLOHLGFGF09EA,11,1.19,本共有項目有：台電配電場所、緊急發電機房、水箱、機房、消防泵浦室、消防水池、水表區等７項。,鋼骨構造,103年12月26日,二十四層,,持分移轉
RPQNMLPLOHLGFGF09EA,11,20.76,本共有項目有：騎樓、通道、梯廳、機車坡道、管委會使用空間、樓梯間、管道間、等候空間、緊急升降機、防災中心、廁所、雨遮、垃圾處理空間、陽台、停車空間、樓電空間、機房、電信機房、電梯機房、水表區、電機房、水箱、消防水池等２３項,鋼骨構造,103年12月26日,二十四層,,持分移轉
RPRPMLQLOHLGFHF96EA,5,67.84,集合住宅,鋼筋混凝土構造,109年11月17日,十二層,十層 陽台 雨遮,全筆移轉
RPRPMLQLOHLGFHF96EA,5,39.56,本共有部分之項目有電樓梯間、梯廳、騎樓、汽車昇降機、客貨用昇降機、管理委員會空間之１、管理委員會空間之２、陽台、雨遮、機械室、防空避難室、停車空間、電信室、發電機室、台電配電場所、泵浦室、昇降機機械室、機械停車設備機械室、水箱、屋頂突出物（電樓梯間、機械室、消防水箱、水箱）等２０項。,鋼筋混凝土構造,109年11月17日,十二層,,持分移轉
RPWPMLQKOHLGFAF56DA,33,21.43,共有部分,鋼筋混凝土造,81年10月22日,十三層,,持分移轉
RPUSMLRKOHLGFAF76DA,3,110.45,集合住宅,鋼筋混凝土造,112年7月3日,十三層,十層 陽台,全筆移轉
RPWPMLQKOHLGFAF56DA,33,126.84,住家用,鋼筋混凝土造,81年10月22日,十三層,三層 陽台 露台 花台,全筆移轉
RPUSMLRKOHLGFAF76DA,3,81.67,共有部分；本共有部分項目：管委會使用空間、自行車停車空間、安全梯Ｂ１供無障礙使用、安全梯Ｂ２、供行動不便者使用升降設備、陽台、門廊、梯廳、無障礙坡道、安全梯Ａ２、安全梯Ａ１供無障礙使用、安全梯Ｂ１、安全梯Ａ１、消防水箱、水箱、防空避難室兼停車空間、Ｂ棟梯廳、Ｃ樓梯、Ａ棟梯廳、台電配電場所、緊急發電機機房、電信機房、停車空間、機電設備空間、消防泵浦室、垃圾車暫停空間共２６項,鋼筋混凝土造,112年7月3日,十三層,,持分移轉
RPUSMLRKOHLGFAF76DA,3,5.87,共有部分；本共有部分項目：（Ａ棟梯廳）共１項,鋼筋混凝土造,112年7月3日,十三層,,持分移轉
RPTRMLRJNHLGFBF09DA,31,52.26,住家用,鋼筋混凝土造,84年1月19日,十七層,八層 陽台 雨遮,全筆移轉
RPTRMLRJNHLGFBF09DA,31,15.23,共有部分,鋼筋混凝土造,84年1月19日,十七層,,持分移轉
RPTNMLSLNHLGFIF07DA,34,83.65,廠房,鋼筋混凝土造,81年10月16日,五層,二層 陽台,全筆移轉
RPTNMLSLNHLGFIF07DA,34,10.55,共有部分,鋼筋混凝土造,81年10月16日,五層,,持分移轉
RPUOMLQKOHLGFAF88DA,24,62.94,住家用,鋼筋混凝土造,91年5月9日,九層,七層 陽台,全筆移轉
RPUOMLQKOHLGFAF88DA,24,9.39,電樓梯間等公共設施,鋼筋混凝土造,91年5月9日,九層,,持分移轉
RPUOMLQKOHLGFAF88DA,24,6.34,共有部分,鋼筋混凝土造,91年5月9日,九層,,持分移轉
RPRNMLQKNHLGFHF09DA,53,111.60,集合住宅,Ｒ．Ｃ構架,62年4月26日,四層,三層 陽台,全筆移轉
RPQNMLKMNHLGFIF68DA,21,60.29,集合住宅,鋼筋混凝土造,94年10月17日,十二層,十層 陽台,全筆移轉
RPQNMLKMNHLGFIF68DA,21,27.09,共有部分,鋼筋混凝土造,94年10月17日,十三層,,持分移轉
RPOOMLNJOHLGFHF58DA,,50.00,住家用,加強磚造,,二層,一層 二層,全筆移轉
RPSPMLMKOHLGFBF48DA,3,41.43,集合住宅,鋼筋混凝土造,112年4月27日,十五層,十一層 陽台,全筆移轉
RPSPMLMKOHLGFBF48DA,3,47.01,本共有部分之項目有６＊６緩衝空間、車道、戶外安全梯Ａ３、門廳、一般昇降機（行動不便者使用）、緊急昇降機、安全梯Ａ４、排煙室、機房、Ｂ１戶外安全梯、Ｂ２戶外安全梯（無障礙樓梯）、一般昇降機、機房（一）、風儲室、機房（二）、Ｃ１戶外安全梯、Ｃ２戶外安全梯（無障礙樓梯）、戶外安全梯Ｄ３、安全梯Ｄ４、Ａ１戶外安全梯、Ａ２戶外安全梯（無障礙樓梯）、戶外安全梯、Ｄ１戶外安全梯、Ｄ２戶外安全梯（無障礙樓梯）、陽台、供管委會使用空間、梯廳、梯間、消防水箱、水箱、防空避難室兼停車空間、安全梯Ａ１、排風、發電機排氣、發電機房、進風、垃圾暫存室、垃圾車暫停車位、機車道、電錶牆、台電配電場所、台電管道間、自行車停車區、安全梯Ｄ１、停車空間、機車通道道、廁所、電信室、噴灌機房、Ｂ棟水箱、Ｃ棟水箱、雨水回收機房、消防設備機房、Ａ棟水箱、Ｄ棟水箱等５５項。,鋼筋混凝土造,112年4月27日,十五層,,持分移轉
RPTNMLRKOHLGFAF88EA,1,82.57,集合住宅,鋼筋混凝土造,114年4月28日,十五層,六層 陽台,全筆移轉
RPQNMLTKNHLGFIF76DA,19,68.12,住家用,鋼筋混凝土造,96年7月27日,十九層,三層 陽台,全筆移轉
RPTNMLRKOHLGFAF88EA,1,65.21,本共有部分之項目有甲１戶外安全梯（無障礙樓梯）、甲２戶外安全梯、甲１無障礙昇降機、甲２緊急昇降機、甲排煙室、管委員會使用空間（一）、管委員會使用空間（二）、管委員會使用空間、梯廳（一）、乙排煙室、乙１戶外安全梯（無障礙樓梯）、乙２戶外安全梯、乙１無障礙昇降機、乙２緊急昇降機、管委員會使用空間（三）、管委員會使用空間（四）、梯廳（二）、丙排煙室、丙１戶外安全梯（無障礙樓梯）、丙２戶外安全梯、丙１無障礙昇降機、丙２緊急昇降機、甲梯廳、乙梯廳、丙梯廳、甲４安全梯、機電設備空間（水錶區）、甲梯間、乙４安全梯、乙梯間、丙４安全梯、丙梯間、甲３安全梯、消防水塔、水箱ａ３、乙３安全梯、水箱ｂ２、丙３安全梯、水箱ｃ２、甲機械室、乙機械室、丙機械室、台電配電場所（一）、排煙、進風、停車空間、機電設備空間（垃圾儲藏室）、機電設備空間（發電機房）、排風、乙３安全梯（無障礙樓梯）、台電配電場所（二）、水箱ｃ１、機電設備空間（電信機房）、機電設備空間（智能機房）、水箱ａ２、水箱ａ１、機電設備空間（消防泵浦機房）、防空避難室兼停車空間、機電設備空間（污水／雨水回收／噴灌機房）、水箱ｂ１、垃圾車位（裝卸車位）等６１項。,鋼筋混凝土造,114年4月28日,十五層,,持分移轉
RPQNMLTKNHLGFIF76DA,19,10.48,共有部分,鋼筋混凝土造,96年7月27日,十九層,,持分移轉
RPQNMLTKNHLGFIF76DA,19,42.33,共有部分,鋼筋混凝土造,96年7月27日,十九層,,持分移轉
RPQNMLTKNHLGFIF76DA,19,21.68,共有部分,鋼筋混凝土造,96年7月27日,十九層,,持分移轉
RPVNMLRKOHLGFGF07EA,31,107.15,住家用,鋼筋混凝土造,84年8月26日,七層,六層 陽台,全筆移轉
RPVNMLRKOHLGFGF07EA,31,56.20,共有部分,鋼筋混凝土造,84年8月26日,七層,,持分移轉
RPPNMLRKOHLGFCF68EA,31,57.96,住家用,鋼筋混凝土造,84年9月8日,十三層,九層 陽台 花台,全筆移轉
RPPNMLRKOHLGFCF68EA,31,12.76,共有部分,鋼筋混凝土造,84年9月8日,十三層,,持分移轉
RPWNMLRKOHLGFGF17EA,12,67.39,住家用,鋼筋混凝土造,103年3月14日,七層,六層 陽台 雨遮,全筆移轉
RPWNMLRKOHLGFGF17EA,12,46.15,本共有部分項目有：停車空間、梯廳、通廊、大廳、走廊、樓梯間、消防水箱、水箱、機械室、屋簷、雨遮及陽台等１２項。,鋼筋混凝土造,103年3月14日,八層,,持分移轉
RPSUMLOKNHLGFBF09DA,24,.11,社區管理站,鋼筋混凝土造,91年7月31日,十四層,一層,持分移轉
RPVPMLTLNHLGFBF86DA,49,67.28,住家用,鋼筋混凝土造,65年12月20日,四層,一層 平台,全筆移轉
RPSUMLOKNHLGFBF09DA,24,.11,文康中心,鋼筋混凝土造,91年7月31日,十四層,一層,持分移轉
RPSUMLOKNHLGFBF09DA,24,103.65,集合住宅,鋼筋混凝土造,91年7月31日,十四層,十二層 陽台,全筆移轉
RPSUMLOKNHLGFBF09DA,24,.08,共有部分,鋼筋混凝土造,91年7月31日,十四層,,持分移轉
RPSUMLOKNHLGFBF09DA,24,.08,共有部分,鋼筋混凝土造,91年7月31日,十四層,,持分移轉
RPSUMLOKNHLGFBF09DA,24,62.30,共有部分,鋼筋混凝土造,91年7月31日,十四層,,持分移轉
RPPNMLRKOHLGFHF56EA,25,378.71,廠房、辦公室,鋼筋混凝土造,90年2月27日,十八層,十二層,全筆移轉
RPPNMLRKOHLGFHF56EA,25,26.92,共有部分,鋼筋混凝土造,90年2月27日,十八層,,持分移轉
RPPNMLRKOHLGFHF56EA,25,58.61,共有部分,鋼筋混凝土造,90年2月27日,十八層,,持分移轉
RPPNMLRKOHLGFHF56EA,25,81.69,共有部分,鋼筋混凝土造,90年2月27日,十八層,,持分移轉
RPPNMLRKOHLGFHF56EA,25,33.75,共有部分,鋼筋混凝土造,90年2月27日,十八層,,持分移轉
RPSNNLOJOHLGFBF48DA,13,123.69,集合住宅,鋼筋混凝土造,101年9月26日,十三層,五層 陽台 雨遮,全筆移轉
RPSNNLOJOHLGFBF48DA,13,58.94,本共有部分之項目有公共服務空間、梯廳兼排煙室、台電配電室、電信機房、汽機車道、管理員室、樓梯間、更衣室、停車空間、防空避難室兼停車空間等１０項。,鋼筋混凝土造,101年9月26日,十四層,,持分移轉
RPSNNLOJOHLGFBF48DA,13,22.49,本共有部分之項目有樓梯間、機械室、水箱等３項。,鋼筋混凝土造,101年9月26日,十三層,,持分移轉
RPUOMLMLNHLGFAF48DA,33,121.86,住家用,鋼筋混凝土造,81年12月29日,十四層,十二層 陽台,全筆移轉
RPUOMLMLNHLGFAF48DA,33,48.86,共有部分,鋼筋混凝土造,81年12月29日,十五層,,持分移轉
RPVRMLRLNHLGFAF76DA,,85.39,住家用,鋼筋混凝土造,,四層,三層,全筆移轉
RPPQMLNKNHLGFBF28DA,14,134.52,集合住宅,鋼筋混凝土造,100年11月23日,十五層,十二層 陽台 雨遮,全筆移轉
RPPQMLNKNHLGFBF28DA,14,29.40,本案共有部分之項目有樓梯間、機械室、水箱等３項,鋼筋混凝土造,100年11月23日,十五層,,持分移轉
RPUNMLQKOHLGFAF88EA,12,30.69,集合住宅,鋼筋混凝土造,102年10月14日,二十六層,三層 陽台,全筆移轉
RPPQMLNKNHLGFBF28DA,14,58.93,本案共有部分之項目有停車空間，伸縮縫，通廊，韻律教室，視聽室（一），（二），（三），公共服務空間（一），（二），（三），（四），（五），管理員室，社區活動中心（一），管委會使用空間（一），（二），（三）等９項,鋼筋混凝土造,100年11月23日,十五層,,持分移轉
RPUNMLQKOHLGFAF88EA,12,17.92,本共有部分之項目有：防空避難室兼停車空間、蓄水池、排煙室、緊急昇降機、特別安全梯、消防機房、機房、停車空間、緊急昇降機（無障礙電梯）、發電機房、機械室、垃圾儲藏室、台電配電場所、管委會使用空間（議事討論室）、管委會使用空間（雜物室）、管委會使用空間（器材室１）、管委會使用空間、防災中心、管委會使用空間（器材室２）、電信機房、管委會住戶服務室、管委會掃具間、騎樓、走廊、機電設備空間、中繼水箱、陽台、水箱等２８項。,鋼筋混凝土造,102年10月14日,二十六層,,持分移轉
RPPNMLKKMHLGFCF67DA,52,88.07,集合住宅,鋼筋混凝土造,63年4月27日,四層,二層 陽台,全筆移轉
RPVRMLOKNHLGFAF98DA,51,62.10,住家用,加強磚造,64年5月5日,四層,三層 陽台,全筆移轉
RPOOMLLJNHLGFDF87DA,,252.44,廠房,鋼筋混凝土構造,114年11月28日,九層,五層,全筆移轉
RPOOMLLJNHLGFDF87DA,,209.16,共有部分，本共有部分之項目有：梯廳、貨梯、貨梯廳、安全梯、垃圾暫存間、空調機房、管委會使用空間（Ａ）、管委會使用空間（Ｂ）、管委會使用空間（Ｃ）、管委會使用空間（Ｄ）、管委會使用空間（Ｅ）、客梯廳（排煙室）、緊急昇降機、客梯、客梯兼行動不便者使用、無障礙安全梯、男廁、女廁、門廳、風除室、無障礙盥洗室、外廊、維修通道、吊裝陽台、機房、管委會使用空間、管委會使用空間Ａ、管委會使用空間Ｂ、昇降機間、水箱、自設裝卸位、法定裝卸位、自設小裝卸位、垃圾裝卸車位、防空避難室兼停車空間、機房（供電信用）、樓梯間、機械房、垃圾儲存空間、卸貨平台、緊急發電機房、排風機房、汽機車專用道、汽車專用道、機車停車空間、進風機房、受電箱電表室、台電配電場所、停車空間、低度汙染汙水處理機房、消防泵浦機房、雨水回收機房、蓄水池等５３項。,鋼筋混凝土構造,114年11月28日,九層,,持分移轉
RPQOMLLJNHLGFDF08DA,,196.82,廠房,鋼筋混凝土構造,114年11月28日,九層,五層,全筆移轉
RPQOMLLJNHLGFDF08DA,,168.39,共有部分，本共有部分之項目有：梯廳、貨梯、貨梯廳、安全梯、垃圾暫存間、空調機房、管委會使用空間（Ａ）、管委會使用空間（Ｂ）、管委會使用空間（Ｃ）、管委會使用空間（Ｄ）、管委會使用空間（Ｅ）、客梯廳（排煙室）、緊急昇降機、客梯、客梯兼行動不便者使用、無障礙安全梯、男廁、女廁、門廳、風除室、無障礙盥洗室、外廊、維修通道、吊裝陽台、機房、管委會使用空間、管委會使用空間Ａ、管委會使用空間Ｂ、昇降機間、水箱、自設裝卸位、法定裝卸位、自設小裝卸位、垃圾裝卸車位、防空避難室兼停車空間、機房（供電信用）、樓梯間、機械房、垃圾儲存空間、卸貨平台、緊急發電機房、排風機房、汽機車專用道、汽車專用道、機車停車空間、進風機房、受電箱電表室、台電配電場所、停車空間、低度汙染汙水處理機房、消防泵浦機房、雨水回收機房、蓄水池等５３項。,鋼筋混凝土構造,114年11月28日,九層,,持分移轉
RPPOMLLJNHLGFDF97DA,,196.82,廠房,鋼筋混凝土構造,114年11月28日,九層,四層,全筆移轉
RPUNMLLJNHLGFDF38DA,,242.17,廠房,鋼筋混凝土構造,114年11月28日,九層,七層,全筆移轉
RPROMLLJNHLGFDF18DA,,188.72,廠房,鋼筋混凝土構造,114年11月28日,九層,五層,全筆移轉
RPXNMLLJNHLGFDF68DA,,242.17,廠房,鋼筋混凝土構造,114年11月28日,九層,五層,全筆移轉
RPPOMLLJNHLGFDF97DA,,168.39,共有部分，本共有部分之項目有：梯廳、貨梯、貨梯廳、安全梯、垃圾暫存間、空調機房、管委會使用空間（Ａ）、管委會使用空間（Ｂ）、管委會使用空間（Ｃ）、管委會使用空間（Ｄ）、管委會使用空間（Ｅ）、客梯廳（排煙室）、緊急昇降機、客梯、客梯兼行動不便者使用、無障礙安全梯、男廁、女廁、門廳、風除室、無障礙盥洗室、外廊、維修通道、吊裝陽台、機房、管委會使用空間、管委會使用空間Ａ、管委會使用空間Ｂ、昇降機間、水箱、自設裝卸位、法定裝卸位、自設小裝卸位、垃圾裝卸車位、防空避難室兼停車空間、機房（供電信用）、樓梯間、機械房、垃圾儲存空間、卸貨平台、緊急發電機房、排風機房、汽機車專用道、汽車專用道、機車停車空間、進風機房、受電箱電表室、台電配電場所、停車空間、低度汙染汙水處理機房、消防泵浦機房、雨水回收機房、蓄水池等５３項。,鋼筋混凝土構造,114年11月28日,九層,,持分移轉
RPUNMLLJNHLGFDF38DA,,201.68,共有部分，本共有部分之項目有：梯廳、貨梯、貨梯廳、安全梯、垃圾暫存間、空調機房、管委會使用空間（Ａ）、管委會使用空間（Ｂ）、管委會使用空間（Ｃ）、管委會使用空間（Ｄ）、管委會使用空間（Ｅ）、客梯廳（排煙室）、緊急昇降機、客梯、客梯兼行動不便者使用、無障礙安全梯、男廁、女廁、門廳、風除室、無障礙盥洗室、外廊、維修通道、吊裝陽台、機房、管委會使用空間、管委會使用空間Ａ、管委會使用空間Ｂ、昇降機間、水箱、自設裝卸位、法定裝卸位、自設小裝卸位、垃圾裝卸車位、防空避難室兼停車空間、機房（供電信用）、樓梯間、機械房、垃圾儲存空間、卸貨平台、緊急發電機房、排風機房、汽機車專用道、汽車專用道、機車停車空間、進風機房、受電箱電表室、台電配電場所、停車空間、低度汙染汙水處理機房、消防泵浦機房、雨水回收機房、蓄水池等５３項。,鋼筋混凝土構造,114年11月28日,九層,,持分移轉
RPROMLLJNHLGFDF18DA,,162.43,共有部分，本共有部分之項目有：梯廳、貨梯、貨梯廳、安全梯、垃圾暫存間、空調機房、管委會使用空間（Ａ）、管委會使用空間（Ｂ）、管委會使用空間（Ｃ）、管委會使用空間（Ｄ）、管委會使用空間（Ｅ）、客梯廳（排煙室）、緊急昇降機、客梯、客梯兼行動不便者使用、無障礙安全梯、男廁、女廁、門廳、風除室、無障礙盥洗室、外廊、維修通道、吊裝陽台、機房、管委會使用空間、管委會使用空間Ａ、管委會使用空間Ｂ、昇降機間、水箱、自設裝卸位、法定裝卸位、自設小裝卸位、垃圾裝卸車位、防空避難室兼停車空間、機房（供電信用）、樓梯間、機械房、垃圾儲存空間、卸貨平台、緊急發電機房、排風機房、汽機車專用道、汽車專用道、機車停車空間、進風機房、受電箱電表室、台電配電場所、停車空間、低度汙染汙水處理機房、消防泵浦機房、雨水回收機房、蓄水池等５３項。,鋼筋混凝土構造,114年11月28日,九層,,持分移轉
RPXNMLLJNHLGFDF68DA,,201.68,共有部分，本共有部分之項目有：梯廳、貨梯、貨梯廳、安全梯、垃圾暫存間、空調機房、管委會使用空間（Ａ）、管委會使用空間（Ｂ）、管委會使用空間（Ｃ）、管委會使用空間（Ｄ）、管委會使用空間（Ｅ）、客梯廳（排煙室）、緊急昇降機、客梯、客梯兼行動不便者使用、無障礙安全梯、男廁、女廁、門廳、風除室、無障礙盥洗室、外廊、維修通道、吊裝陽台、機房、管委會使用空間、管委會使用空間Ａ、管委會使用空間Ｂ、昇降機間、水箱、自設裝卸位、法定裝卸位、自設小裝卸位、垃圾裝卸車位、防空避難室兼停車空間、機房（供電信用）、樓梯間、機械房、垃圾儲存空間、卸貨平台、緊急發電機房、排風機房、汽機車專用道、汽車專用道、機車停車空間、進風機房、受電箱電表室、台電配電場所、停車空間、低度汙染汙水處理機房、消防泵浦機房、雨水回收機房、蓄水池等５３項。,鋼筋混凝土構造,114年11月28日,九層,,持分移轉
RPRNMLLJNHLGFDF08DA,,242.17,廠房,鋼筋混凝土構造,114年11月28日,九層,五層,全筆移轉
RPRNMLLJNHLGFDF08DA,,225.59,共有部分，本共有部分之項目有：梯廳、貨梯、貨梯廳、安全梯、垃圾暫存間、空調機房、管委會使用空間（Ａ）、管委會使用空間（Ｂ）、管委會使用空間（Ｃ）、管委會使用空間（Ｄ）、管委會使用空間（Ｅ）、客梯廳（排煙室）、緊急昇降機、客梯、客梯兼行動不便者使用、無障礙安全梯、男廁、女廁、門廳、風除室、無障礙盥洗室、外廊、維修通道、吊裝陽台、機房、管委會使用空間、管委會使用空間Ａ、管委會使用空間Ｂ、昇降機間、水箱、自設裝卸位、法定裝卸位、自設小裝卸位、垃圾裝卸車位、防空避難室兼停車空間、機房（供電信用）、樓梯間、機械房、垃圾儲存空間、卸貨平台、緊急發電機房、排風機房、汽機車專用道、汽車專用道、機車停車空間、進風機房、受電箱電表室、台電配電場所、停車空間、低度汙染汙水處理機房、消防泵浦機房、雨水回收機房、蓄水池等５３項。,鋼筋混凝土構造,114年11月28日,九層,,持分移轉
RPSNMLLJNHLGFDF18DA,,262.87,廠房,鋼筋混凝土構造,114年11月28日,九層,五層,全筆移轉
RPVNMLLJNHLGFDF48DA,,242.69,廠房,鋼筋混凝土構造,114年11月28日,九層,五層,全筆移轉
RPSNMLLJNHLGFDF18DA,,240.74,共有部分，本共有部分之項目有：梯廳、貨梯、貨梯廳、安全梯、垃圾暫存間、空調機房、管委會使用空間（Ａ）、管委會使用空間（Ｂ）、管委會使用空間（Ｃ）、管委會使用空間（Ｄ）、管委會使用空間（Ｅ）、客梯廳（排煙室）、緊急昇降機、客梯、客梯兼行動不便者使用、無障礙安全梯、男廁、女廁、門廳、風除室、無障礙盥洗室、外廊、維修通道、吊裝陽台、機房、管委會使用空間、管委會使用空間Ａ、管委會使用空間Ｂ、昇降機間、水箱、自設裝卸位、法定裝卸位、自設小裝卸位、垃圾裝卸車位、防空避難室兼停車空間、機房（供電信用）、樓梯間、機械房、垃圾儲存空間、卸貨平台、緊急發電機房、排風機房、汽機車專用道、汽車專用道、機車停車空間、進風機房、受電箱電表室、台電配電場所、停車空間、低度汙染汙水處理機房、消防泵浦機房、雨水回收機房、蓄水池等５３項。,鋼筋混凝土構造,114年11月28日,九層,,持分移轉
RPVNMLLJNHLGFDF48DA,,201.98,共有部分，本共有部分之項目有：梯廳、貨梯、貨梯廳、安全梯、垃圾暫存間、空調機房、管委會使用空間（Ａ）、管委會使用空間（Ｂ）、管委會使用空間（Ｃ）、管委會使用空間（Ｄ）、管委會使用空間（Ｅ）、客梯廳（排煙室）、緊急昇降機、客梯、客梯兼行動不便者使用、無障礙安全梯、男廁、女廁、門廳、風除室、無障礙盥洗室、外廊、維修通道、吊裝陽台、機房、管委會使用空間、管委會使用空間Ａ、管委會使用空間Ｂ、昇降機間、水箱、自設裝卸位、法定裝卸位、自設小裝卸位、垃圾裝卸車位、防空避難室兼停車空間、機房（供電信用）、樓梯間、機械房、垃圾儲存空間、卸貨平台、緊急發電機房、排風機房、汽機車專用道、汽車專用道、機車停車空間、進風機房、受電箱電表室、台電配電場所、停車空間、低度汙染汙水處理機房、消防泵浦機房、雨水回收機房、蓄水池等５３項。,鋼筋混凝土構造,114年11月28日,九層,,持分移轉
RPSOMLLJNHLGFDF28DA,,196.42,廠房,鋼筋混凝土構造,114年11月28日,九層,五層,全筆移轉
RPSOMLLJNHLGFDF28DA,,168.08,共有部分，本共有部分之項目有：梯廳、貨梯、貨梯廳、安全梯、垃圾暫存間、空調機房、管委會使用空間（Ａ）、管委會使用空間（Ｂ）、管委會使用空間（Ｃ）、管委會使用空間（Ｄ）、管委會使用空間（Ｅ）、客梯廳（排煙室）、緊急昇降機、客梯、客梯兼行動不便者使用、無障礙安全梯、男廁、女廁、門廳、風除室、無障礙盥洗室、外廊、維修通道、吊裝陽台、機房、管委會使用空間、管委會使用空間Ａ、管委會使用空間Ｂ、昇降機間、水箱、自設裝卸位、法定裝卸位、自設小裝卸位、垃圾裝卸車位、防空避難室兼停車空間、機房（供電信用）、樓梯間、機械房、垃圾儲存空間、卸貨平台、緊急發電機房、排風機房、汽機車專用道、汽車專用道、機車停車空間、進風機房、受電箱電表室、台電配電場所、停車空間、低度汙染汙水處理機房、消防泵浦機房、雨水回收機房、蓄水池等５３項。,鋼筋混凝土構造,114年11月28日,九層,,持分移轉
RPPOMLNLMHLGFGF58DA,,48.79,集合住宅,鋼筋混凝土造,115年4月15日,十五層,十二層 陽台,全筆移轉
RPPOMLNLMHLGFGF58DA,,50.24,本共有部分之項目有：管委會使用空間、無障礙廁所、中央監控室、車道、戶外安全梯、排煙室、無障礙電梯、緊急昇降機、Ａ梯廳、Ｂ梯廳、Ａ梯間、昇降機、安全梯／無障礙梯、Ｂ梯間、電信機房、機道、電梯機房、Ａ棟水箱、Ｂ棟水箱、防空避難室兼停車空間、停車空間進風、停車空間排風、台電配電場所、垃圾暫存空間、戶外安全梯／無障礙梯、垃圾車暫停區、緊急發電機室、Ａ排煙室、Ｂ排煙室、Ａ水箱、Ｂ水箱、停車空間、消防機房等３３項。,鋼筋混凝土造,115年4月15日,十五層,,持分移轉
RPORMLPJOHLGFBF48DA,44,86.20,住家用,鋼筋混凝土造,70年11月3日,五層,五層,全筆移轉
RPWQMLMJOHLGFBF88DA,31,57.83,住家用,鋼筋混凝土造,83年11月30日,十一層,四層 陽台,全筆移轉
RPWQMLMJOHLGFBF88DA,31,7.74,共有部分,鋼筋混凝土造,83年11月30日,十一層,,持分移轉
RPWQMLMJOHLGFBF88DA,31,2.72,共有部分,鋼筋混凝土造,83年11月30日,十一層,,持分移轉
RPWQMLMJOHLGFBF88DA,31,13.44,共有部分,鋼筋混凝土造,83年11月30日,十一層,,持分移轉
RPORMLSKOHLGFBF88DA,9,68.13,集合住宅,鋼筋混凝土造,106年7月4日,七層,四層 陽台 雨遮,全筆移轉
RPWNMLPJOHLGFDF09DA,31,82.88,住家用,鋼筋混凝土造,84年3月16日,十四層,二層 陽台 花台,全筆移轉
RPORMLSKOHLGFBF88DA,9,36.72,本共有部分之項目有汽車昇降機空間、管道、樓梯、梯廳、行動不便者電梯、台電配電場所通道、停車空間、樓電梯間、機械室、水箱、汽車昇降機機械室、防空避難室兼停車空間、等候空間、電信機房、緊急發電機排煙管道、緊急發電機進風管道、緊急發電機室、台電配電場所、受電箱、消防泵浦室、蓄水池等２１項。,鋼筋混凝土造,106年7月4日,七層,,持分移轉
RPWNMLPJOHLGFDF09DA,31,10.66,共有部分,鋼筋混凝土造,84年3月16日,十四層,,持分移轉
RPWNMLPJOHLGFDF09DA,31,15.03,共有部分,鋼筋混凝土造,84年3月16日,十四層,,持分移轉
RPTNMLQKOHLGFAF78EA,12,62.39,集合住宅,鋼筋混凝土造,102年10月14日,二十六層,九層 陽台,全筆移轉
RPTNMLQKOHLGFAF78EA,12,84.51,本共有部分之項目有：防空避難室兼停車空間、蓄水池、排煙室、緊急昇降機、特別安全梯、消防機房、機房、停車空間、緊急昇降機（無障礙電梯）、發電機房、機械室、垃圾儲藏室、台電配電場所、管委會使用空間（議事討論室）、管委會使用空間（雜物室）、管委會使用空間（器材室１）、管委會使用空間、防災中心、管委會使用空間（器材室２）、電信機房、管委會住戶服務室、管委會掃具間、騎樓、走廊、機電設備空間、中繼水箱、陽台、水箱等２８項。,鋼筋混凝土造,102年10月14日,二十六層,,持分移轉
RPXNMLMKOHLGFEF09DA,10,219.69,住家用,鋼筋混凝土造,105年6月24日,二十七層,十六層 陽台,全筆移轉
RPXNMLMKOHLGFEF09DA,10,135.82,本共有部份項目有：防空避難室兼停車空間、停車空間、停獎辦公室、管委會使用空間、梯廳、梯間、陽台、消防泵浦室、Ａ．Ｂ．Ｃ．Ｄ．Ｅ．Ｆ棟水箱、全區總水箱、停獎專用梯、電信機房、機房、台電配電室、Ａ．Ｂ．Ｃ電氣機房、發電機房、排氣機房、Ａ．Ｂ．Ｃ進氣機房、Ａ．Ｂ機房、機房Ａ、垃圾分類空間、廚餘分類堆置空間、消防水箱、消防機房、防災中心、水景機房、電梯機房、車道等３８項。,鋼筋混凝土造,105年6月24日,二十七層,,持分移轉
RPSNMLRLMHLGFGF56DA,1,63.81,集合住宅,鋼筋混凝土造,114年7月28日,十層,九層 陽台,全筆移轉
RPSNMLRLMHLGFGF56DA,1,65.00,本共有部分項目有：水箱、停車空間、發電機室、樓電梯間、無障礙電梯、無障礙樓梯室內安全梯、消防泵浦室、垃圾儲藏室、台電配電場所、電信室、管委會使用空間、梯廳、室內安全梯、升降機一般用、車道、樓梯間、水錶室、機械室等１８項。,鋼筋混凝土造,114年7月28日,十層,,持分移轉
RPOOMLQKOHLGFGF88DA,11,57.29,住家用,鋼筋混凝土造,104年7月22日,二十二層,十五層 陽台 雨遮,全筆移轉
RPOOMLQKOHLGFGF88DA,11,52.44,本共有部分項目有：無障礙通路、陽台、店舖、管委會使用空間、特別安全梯、緊急昇降機、梯廳、騎樓、雨遮、防空避難室兼停車空間、停車空間、樓梯間、機械室、水箱等十四項。,鋼筋混凝土造,104年7月22日,二十二層,,持分移轉
RPOOMLQKOHLGFGF88DA,11,9.05,本共有部分項目有：梯廳、陽台、雨遮等三項。,鋼筋混凝土造,104年7月22日,二十二層,,持分移轉
RPTNMLMLOHLGFGF09EA,26,113.74,住家用,鋼筋混凝土造,89年5月3日,九層,八層 陽台,全筆移轉
RPTNMLMLOHLGFGF09EA,26,14.85,共有部分,鋼筋混凝土造,89年5月3日,九層,,持分移轉
RPTNMLMLOHLGFGF09EA,26,49.42,共有部分,鋼筋混凝土造,89年5月3日,九層,,持分移轉
RPQOMLSKOHLGFHF86EA,32,120.50,住家用,鋼筋混凝土造,83年1月7日,八層,六層 陽台 花台,全筆移轉
RPQOMLSKOHLGFHF86EA,32,13.19,自用儲藏室,鋼筋混凝土造,83年1月7日,八層,地下一層,持分移轉
RPQOMLSKOHLGFHF86EA,32,27.41,共有部分,鋼筋混凝土造,83年1月7日,八層,,持分移轉
RPQOMLSKOHLGFHF86EA,32,5.80,共有部分,鋼筋混凝土造,83年1月7日,八層,,持分移轉
RPSQMLKKOHLGFAF28DA,52,75.00,住家用,鋼筋混凝土造,63年9月5日,四層,二層 陽台,全筆移轉
RPXNMLNJOHLGFHF76DA,1,71.93,集合住宅,鋼筋混凝土構造,114年9月3日,十四層,五層 陽台,全筆移轉
RPXNMLNJOHLGFHF76DA,1,36.95,本共有部分項目有：Ｂ１梯、Ｂ２梯、Ｂ３梯、無障礙安全梯、無障礙電梯、停車空間（二）、梯廳、管委會空間（一）、管委會空間（二）、門廳、一般安全梯、無障礙戶外安全梯、排煙室、緊急昇降機、樓梯間、機房、消防水箱、水箱、資源回收室、電信機房、防空避難室兼停車空間、台電配電場所、發電機房、Ａ１梯、Ａ２梯、雨水滯留池、受電箱、Ａ電梯間、Ｂ電梯間、水箱Ａ、水箱Ｂ、停車空間、停車空間（一）等３３項。,鋼筋混凝土構造,114年9月3日,十四層,,持分移轉
RPVOMLQKOHLGFAF98DA,4,149.41,集合住宅,鋼筋混凝土造,111年8月18日,十三層,十層 陽台 雨遮,全筆移轉
RPVOMLQKOHLGFAF98DA,4,117.27,本共有部分項目有停車空間、台電配電場所、發電機室、電信機房、垃圾收集室、垃圾車裝卸位、升降機、電梯間、無障礙安全梯、汽車坡道、防空避難室兼停車空間、筏基消防蓄水池、消防泵室、筏基雨水滯洪池、梯廳、社區大廳、無障礙通路、緊急升降機、緊急升降機間兼排煙室、安全梯、汽機車道、日用水箱、電梯機房、樓梯間、樓梯間（水表間）、消防水箱等２６項。,鋼筋混凝土造,111年8月18日,十三層,,持分移轉
RPTNMLTLNHLGFBF09DA,39,114.66,住家用,鋼筋混凝土造,76年7月3日,五層,三層 陽台 花台,全筆移轉
RPTNMLTLNHLGFBF09DA,39,9.53,共有部分,鋼筋混凝土造,76年7月3日,五層,,持分移轉
RPUNMLLKOHLGFBF38DA,20,4.59,文教設施,鋼筋混凝土造,95年8月25日,十九層,一層 陽台 地下一層,持分移轉
RPUNMLLKOHLGFBF38DA,20,14.35,停車空間,鋼筋混凝土造,95年8月25日,十九層,地下二層,持分移轉
RPUNMLLKOHLGFBF38DA,20,1.33,共有部分,鋼筋混凝土造、鋼骨構造,95年8月25日,十九層,,持分移轉
RPUNMLLKOHLGFBF38DA,20,1.43,共有部分,鋼筋混凝土造,95年8月25日,十九層,,持分移轉
RPUNMLLKOHLGFBF38DA,20,3.53,共有部分,鋼筋混凝土造,95年8月25日,十九層,,持分移轉
RPUNMLLKOHLGFBF38DA,19,.68,一般遊憩設施,鋼筋混凝土造,96年8月17日,十八層,一層 陽台,持分移轉
RPUNMLLKOHLGFBF38DA,19,105.06,住家用,鋼筋混凝土造,96年8月17日,十七層,十三層 陽台,全筆移轉
RPUNMLLKOHLGFBF38DA,19,7.13,共有部分,鋼筋混凝土造,96年8月17日,十九層,,持分移轉
RPUNMLLKOHLGFBF38DA,19,23.64,共有部分,鋼筋混凝土造,96年8月17日,十七層,,持分移轉
RPUNMLLKOHLGFBF38DA,19,1.68,共有部分,鋼筋混凝土造,96年8月17日,十九層,,持分移轉
RPPNMLMLOHLGFCF18DA,14,67.61,住家用,鋼筋混凝土造,101年6月29日,七層,五層 陽台 雨遮,全筆移轉
RPPNMLMLOHLGFCF18DA,14,49.26,共有部分,鋼筋混凝土造,101年6月29日,七層,,持分移轉
RPQOMLKLNHLGFGF48DA,1,95.85,集合住宅,鋼筋混凝土造,114年8月21日,十四層,二層 陽台,全筆移轉
RPQOMLKLNHLGFGF48DA,1,83.17,本共有部分項目有：停車空間、消防幫浦室、水箱、樓電梯間、一般升降機、無障礙電梯、Ａ無障礙安全梯、發電機室、停車空間兼防空避難室、裝卸車位、垃圾車暫停車位、垃圾暫存室、電錶室、受電箱、台電配電場所、車道、管委會使用空間（一）、管委會使用空間（二）、管委會使用空間（三）、管委會使用空間（四）、入口大廳、Ｂ戶外安全梯、排煙室、緊急升降機、陽臺、梯廳、Ｂ梯、機械房、機械室、水表室、電梯機房、消防水箱２Ｔ等３２項。,鋼筋混凝土造,114年8月21日,十四層,,持分移轉
RPRNMLQKLHLGFCF38DA,4,.02,集合住宅,鋼筋混凝土構造,111年2月7日,一層,一層,持分移轉
RPRNMLQKLHLGFCF38DA,4,75.93,集合住宅,鋼筋混凝土構造,111年2月7日,二十二層,五層 陽台 雨遮,全筆移轉
RPRNMLQKLHLGFCF38DA,4,.00,本共有部分項目計有：管委會空間、外廊、梯廳、陽台、無障礙樓梯、升降機道、門廳、管理員室、台電配電場所、排風機室、垃圾及資源回收空間、冷藏室、垃圾車暫停車位、防災中心、自行車停車區、緊急發電機室、機車停車區、機電設備空間、電信設備室、ＦＲＰ水箱及消防泵浦室及等２１項。,鋼筋混凝土構造,111年2月7日,二十五層,,持分移轉
RPRNMLQKLHLGFCF38DA,4,13.85,本共有部分項目計有：管委會空間、外廊、梯廳、陽台、無障礙樓梯、升降機道、門廳、管理員室、台電配電場所、排風機室、垃圾及資源回收空間、冷藏室、垃圾車暫停車位、防災中心、自行車停車區、緊急發電機室、機車停車區、機電設備空間、電信設備室、ＦＲＰ水箱及消防泵浦室及等２１項。,鋼筋混凝土構造,111年2月7日,二十五層,,持分移轉
RPRNMLQKLHLGFCF38DA,4,26.53,本共有部分項目計有：特別安全梯、梯廳、門廳、排煙室、梯廳兼排煙室、雨遮、樓電梯間及水箱等８項。,鋼筋混凝土構造,111年2月7日,二十二層,,持分移轉
RPRNMLQKLHLGFCF38DA,4,34.97,本共有部分項目計有：防空避難室兼停車空間及停車空間等２項。,鋼筋混凝土構造,111年2月7日,二十五層,,持分移轉
RPROMLPLOHLGFAF58DA,1,43.22,集合住宅,鋼筋混凝土造,114年3月14日,二十四層,十六層 陽台,全筆移轉
RPROMLPLOHLGFAF58DA,1,42.20,本共有部分之項目有：６Ｘ１２緩衝空間、車道、緊急升降機、無障礙升降機、一般升降機、特別安全梯、排煙室、陽台、管委會１～７、梯廳、無障礙樓梯、一般安全梯、梯間、無障礙廁所、消防水箱、自來水箱、電梯機房、防空避難室兼停車空間、台電配電場所、電表區、防災中心、消防中繼機房、電信機房、水箱、垃圾儲藏室、裝卸車位、垃圾車位、發電機機房、泳池水箱、停車空間、機房、消防機房、雨水回收機房、出入口雨遮、水箱機房、受電箱、ＰＩＴ等４３項。,鋼筋混凝土造,114年3月14日,二十四層,,持分移轉
RPQOMLPLOHLGFEF98EA,8,61.34,住家用,鋼筋混凝土造,107年5月25日,二十九層,二十九層 陽台 雨遮,全筆移轉
RPQOMLPLOHLGFEF98EA,8,61.35,本共有部分之項目有：梯廳、排煙室、樓電梯間、騎樓、管委會使用空間、人行通廊、頂蓋式通廊、走道、防災中心、游泳池機房、陽台、男女更衣室、ＳＰＡ池區、機械室、消防中繼機械房、樓梯間、水箱、中繼消防水箱、泵浦區、台電配電室、受電箱通道、電錶區、昇降機坑、緊急發電機室、垃圾儲藏室、儲油室、停車空間、台電通道、汙排水轉、消防中繼機房、電錶室、變電室、電信室、機房、泳池專用水箱、游泳池揚水泵浦機房、排風機房、消防中繼水箱、防空避難室兼停車空間、雨水過濾機房、消防幫浦室等４１項,鋼筋混凝土造,107年5月25日,二十九層,,持分移轉
RPVOMLOJOHLGFAF68DA,31,97.84,住家用,鋼筋混凝土造,84年3月3日,十三層,七層 陽台 花台,全筆移轉
RPVOMLOJOHLGFAF68DA,31,22.53,共有部分,鋼筋混凝土造,84年3月3日,十三層,,持分移轉
RPTOMLPJOHLGFEF98DA,9,81.01,住家用,鋼筋混凝土造,106年7月7日,十五層,十五層 陽台 雨遮,全筆移轉
RPUNMLPKOHLGFEF09DA,29,80.96,住家用,鋼筋混凝土造,86年4月24日,七層,二層 陽台 花台,全筆移轉
RPTOMLPJOHLGFEF98DA,9,64.42,本共有部分之項目有有頂蓋汽車道空間、有頂蓋機車道空間、管委會使用空間、樓梯間、電梯間、排煙室、梯廳、儲藏室、梯間、電梯機房、水箱、停車空間、垃圾儲藏室、垃圾車位、自行車停車區、機車停車區、台電配電室、電信室、景觀機房、停車空間兼防空避難室、緊急發電機室、雨水機房、消防泵浦室等２３項,鋼筋混凝土造,106年7月7日,十五層,,持分移轉
RPUNMLPKOHLGFEF09DA,29,15.69,共有部分,鋼筋混凝土造,86年4月24日,七層,,持分移轉
RPUNMLPKOHLGFEF09DA,29,24.07,共有部分,鋼筋混凝土造,86年4月24日,七層,,持分移轉
RPRNMLKKOHLGFAF87DA,48,74.96,住家用,鋼筋混凝土造,67年3月30日,四層,二層 陽台,全筆移轉
RPUNMLLJOHLGFHF88DA,34,119.87,住家用,鋼筋混凝土造,81年1月13日,十一層,七層 陽台 花台,全筆移轉
RPUNMLLJOHLGFHF88DA,34,7.09,自用儲藏室,鋼筋混凝土造,81年1月13日,十一層,地下層,持分移轉
RPUNMLLJOHLGFHF88DA,34,19.78,共有部分,鋼筋混凝土造,81年1月13日,十一層,,持分移轉
RPUNMLLJOHLGFHF88DA,34,3.82,共有部分,鋼筋混凝土造,81年1月13日,十一層,,持分移轉
RPXNMLTJMHLGFAF09DA,1,82.24,集合住宅,鋼骨鋼筋混凝土造,113年12月18日,二十四層,十九層 陽台 雨遮,全筆移轉
RPXNMLTJMHLGFAF09DA,1,76.79,本共有部分項目：外廊、緩衝空間、無障礙特安梯Ａ、無障礙安全梯Ｄ、防災中心、陽台、管委員會使用空間Ａ－１、管委員會使用空間Ａ－２、管委員會使用空間Ｂ、管委員會使用空間Ｃ、管委員會使用空間Ｄ、行動不便電梯、緊急升降機、梯廳２－２、梯廳２－１、梯廳３、車道、排煙室、梯廳、特安梯Ｂ、管委員會使用空間、機房、安全梯Ｃ、水箱、中繼機房、機車車道、機房２、汽車車道、安全梯Ｄ、機車停車空間、電梯間、防空避難室兼停車空間、發電機房、台電配電場所、電信機房、垃圾儲存空間、垃圾車臨停車位、停車空間、中繼水箱、機房３、機房４、機房５、梯廳１、特安梯Ａ、無障礙車位共４５項。,鋼骨鋼筋混凝土造,113年12月18日,二十四層,,持分移轉
RPXOMLPKNHLGFHF07DA,48,96.90,住家用,鋼筋混凝土造,67年8月10日,四層,四層 陽台,全筆移轉
RPWNMLSKOHLGFHF27DA,44,85.39,住家用,鋼筋混凝土造,70年11月30日,五層,陽台 地下二層,全筆移轉
RPVNMLKKOHLGFAF28DA,27,75.33,住家用,鋼筋混凝土造,88年6月10日,十八層,十七層 陽台,全筆移轉
RPVNMLKKOHLGFAF28DA,27,14.62,騎樓、電樓梯間、門廳、陽台、梯間、機械室、水箱等,鋼筋混凝土造,88年6月10日,十八層,,持分移轉
RPVNMLKKOHLGFAF28DA,27,3.45,共有部分,鋼筋混凝土造,88年6月10日,十八層,,持分移轉
RPVNMLKKOHLGFAF28DA,27,5.40,車道、防空避難室兼停車空間,鋼筋混凝土造,88年6月10日,十八層,,持分移轉
RPTNMLNLOHLGFBF68EA,17,153.21,住家用,鋼筋混凝土造,97年12月25日,十二層,三層 陽台 雨遮,全筆移轉
RPTNMLNLOHLGFBF68EA,17,49.56,共有部分,鋼筋混凝土造,97年12月25日,十二層,,持分移轉
RPTNMLNLOHLGFBF68EA,17,19.25,共有部分,鋼筋混凝土造,97年12月25日,十二層,,持分移轉
RPPOMLQLNHLGFBF48DA,9,114.25,集合住宅,鋼筋混凝土造,106年9月1日,十三層,二層 陽台,全筆移轉
RPPOMLQLNHLGFBF48DA,9,80.36,本共有部分之項目有公共服務空間、管委會使用空間、一般安全梯、戶外安全梯、梯廳、緊急昇降機、供行動不便者使用昇降機、排煙室、陽台、管理員室、雨遮、梯間、水錶機房、消防水箱、日用水箱、機械室、汽機車坡道、汽車坡道、進風管道間、發電機室排煙口、發電機室進風口、發電機室、停車空間、垃圾車暫停車位、垃圾暫存區、排風管道間、受電箱、電表、台電配電場所、電信機房、機房、進風口、消防泵浦室、排風口、蓄水池等３５項,鋼筋混凝土造,106年9月1日,十三層,,持分移轉
RPPNMLOLOHLGFAF18DA,51,87.35,住家用,加強磚造,64年3月8日,四層,一層 騎樓,全筆移轉
RPRNMLSKOHLGFAF78EA,39,96.60,住家用,鋼筋混凝土造,76年3月17日,五層,二層 陽台,全筆移轉
RPRNMLSKOHLGFAF78EA,39,9.28,共有部分,鋼筋混凝土造,76年3月17日,五層,,持分移轉
RPPNMLMLOHLGFGF68EA,49,110.00,住家用,鋼筋混凝土造,66年3月31日,四層,三層 陽台,全筆移轉
RPTNMLNLOHLGFGF56EA,29,72.63,住家用,鋼筋混凝土造,85年9月24日,七層,五層 陽台,全筆移轉
RPTNMLNLOHLGFGF56EA,29,3.11,共有部分,鋼筋混凝土造,85年9月24日,七層,,持分移轉
RPTNMLNLOHLGFGF56EA,29,10.37,共有部分,鋼筋混凝土造,85年9月24日,七層,,持分移轉
RPQNMLRLNHLGFBF58DA,32,79.92,住家用,鋼筋混凝土造,83年3月19日,七層,六層 陽台,全筆移轉
RPQNMLRLNHLGFBF58DA,32,9.38,共有部分,鋼筋混凝土造,83年3月19日,七層,,持分移轉
RPPNMLRLNHLGFBF48DA,32,108.28,住家用,鋼筋混凝土造,83年3月19日,七層,六層 陽台,全筆移轉
RPPNMLRLNHLGFBF48DA,32,43.16,共有部分,鋼筋混凝土造,83年3月19日,七層,,持分移轉
RPXNMLMJOHLGFCF78DA,33,111.68,住家用,鋼筋混凝土造,82年3月18日,五層,三層 陽台,全筆移轉
RPXNMLMJOHLGFCF78DA,33,6.84,共有部分,鋼筋混凝土造,82年3月18日,五層,,持分移轉
RPVNMLNLOHLGFDF98DA,18,49.36,住家用,鋼筋混凝土造,97年7月22日,十四層,九層 陽台 雨遮,全筆移轉
RPVNMLNLOHLGFDF98DA,18,.01,管理員室,鋼筋混凝土造,97年7月22日,十四層,一層,持分移轉
RPVNMLNLOHLGFDF98DA,18,9.55,共有部分,鋼筋混凝土造,97年7月22日,十四層,,持分移轉
RPVNMLNLOHLGFDF98DA,18,31.08,共有部分,鋼筋混凝土造,97年7月22日,十四層,,持分移轉
RPVNMLNLOHLGFDF98DA,18,4.66,共有部分,鋼筋混凝土造,97年7月22日,十四層,,持分移轉
RPVNMLNLOHLGFDF98DA,18,.00,共有部分,鋼筋混凝土造,97年7月22日,十四層,,持分移轉
RPVNMLNLOHLGFDF98DA,18,.00,共有部分,鋼筋混凝土造,97年7月22日,十四層,,持分移轉
RPVNMLNLOHLGFDF98DA,18,9.91,共有部分,鋼筋混凝土造,97年7月22日,十四層,,持分移轉
RPTQMLNLOHLGFEF56DA,29,13.76,共有部分,鋼筋混凝土造,86年5月29日,八層,,持分移轉
RPTQMLNLOHLGFEF56DA,29,46.06,住家用,鋼筋混凝土造,86年5月29日,八層,七層 陽台 花台,全筆移轉
RPXOMLSJMHLGFAF09DA,31,68.03,住工用,鋼筋混凝土造,83年10月15日,十三層,一層 平台,全筆移轉
RPXOMLSJMHLGFAF09DA,31,7.69,共有部分,鋼筋混凝土造,83年10月15日,十三層,,持分移轉
RPUOMLTJOHLGFEF86DA,31,73.80,住家用,鋼筋混凝土造,84年9月13日,七層,四層 陽台 花台,全筆移轉
RPUOMLTJOHLGFEF86DA,31,18.69,共有部分,鋼筋混凝土造,84年9月13日,七層,,持分移轉
RPUOMLTJOHLGFEF86DA,31,30.46,防空避難室兼停車空間,鋼筋混凝土造,84年9月13日,七層,,持分移轉
RPUNMLNKNHLGFGF98DA,30,63.49,住家用,鋼筋混凝土造,85年3月13日,七層,四層 陽台 花台,全筆移轉
RPUNMLNKNHLGFGF98DA,30,20.98,共有部分,鋼筋混凝土造,85年3月13日,00Z,,持分移轉
RPOQMLNLOHLGFEF68DA,22,24.22,住家用,鋼筋混凝土造,93年6月3日,十一層,六層,全筆移轉
RPOQMLNLOHLGFEF68DA,22,10.73,共有部分,鋼筋混凝土造,93年6月3日,十三層,,持分移轉
RPTNMLOLOHLGFGF56DA,31,81.74,住家用,鋼筋混凝土造,84年3月15日,十三層,十一層 陽台,全筆移轉
RPTNMLOLOHLGFGF56DA,31,43.90,停車空間,鋼筋混凝土造,84年3月15日,十三層,地下一層,持分移轉
RPTNMLOLOHLGFGF56DA,31,29.26,共有部分,鋼筋混凝土造,84年3月15日,十三層,,持分移轉
RPOOMLMJOHLGFDF08DA,30,59.00,住家用,鋼筋混凝土造,85年6月27日,十五層,四層 陽台,全筆移轉
RPOOMLMJOHLGFDF08DA,30,50.97,防空避難室兼停車空間、排煙機房、配電室、電信機房、梯間排煙室、車道、門廳、電梯機房、水箱,鋼筋混凝土造,85年6月27日,十五層,,持分移轉
RPPNMLQKOHLGFIF09DA,10,63.25,集合住宅,鋼筋混凝土造,105年5月5日,八層,四層 陽台 雨遮,全筆移轉
RPPNMLQKOHLGFIF09DA,10,27.49,本共有部分項目有：管委會使用空間、門廳、電信機房、梯間、台電配電所、消防機房、機房、蓄水池、梯廳、樓梯間、水箱、機械室等１２項。,鋼筋混凝土造,105年5月5日,八層,,持分移轉
RPPNMLKLOHLGFAF77DA,26,91.63,住家用,鋼筋混凝土造,89年6月8日,七層,七層 陽台,全筆移轉
RPPNMLKLOHLGFAF77DA,26,12.84,樓梯間等公共設施,鋼筋混凝土造,89年6月8日,七層,,持分移轉
RPPNMLKLOHLGFAF77DA,26,4.84,共有部分,鋼筋混凝土造,89年6月8日,七層,,持分移轉
RPWPMLPLLHLGFGF86DA,32,53.14,住家用,鋼筋混凝土造,82年9月8日,七層,四層 陽台,全筆移轉
RPWPMLPLLHLGFGF86DA,32,3.71,共有部分,鋼筋混凝土造,82年9月8日,七層,,持分移轉
RPPNMLPLNHLGFBF38EA,14,133.56,集合住宅,鋼筋混凝土造,101年8月3日,十四層,六層 陽台 雨遮,全筆移轉
RPPNMLPLNHLGFBF38EA,14,22.13,本共有部分之項目有梯廳、電梯、緊急昇降機、排煙室、一般安全梯、戶外安全梯、蓄水池（Ｂ）、消防水箱、樓梯間、機械室、水箱、雨遮、安全梯、昇降機間等１４項,鋼筋混凝土造,101年8月3日,十四層,,持分移轉
RPPNMLPLNHLGFBF38EA,14,10.30,本共有部分之項目有停車空間、排風管道、垃圾室（３）、垃圾車專用停車位（３）等４項,鋼筋混凝土造,101年8月3日,十四層,,持分移轉
RPPNMLPLNHLGFBF38EA,14,2.08,本共有部分之項目有停獎專用出入口（１）、梯廳、雨遮、汽車坡道、供公眾使用停車空間等５項,鋼筋混凝土造,101年8月3日,十四層,,持分移轉
RPPNMLPLNHLGFBF38EA,14,54.08,本共有部分之項目有梯廳、汽車坡道、台電配電場所、消防泵浦室、機房、防空避難室兼停車空間、陽台、雨遮、蓄水池、垃圾車專用停車位、機車停車空間、受電箱、汽車坡道、發電機室、電信機房、垃圾冷藏室、管委會使用空間、門廊、排風管道、進風管道、停車空間、公共服務空間、汽機車坡道、台電專用管道間、垃圾室、電錶室等２６項,鋼筋混凝土造,101年8月3日,十四層,,持分移轉
RPOOMLPJLHLGFBF87DA,14,135.22,集合住宅,鋼筋混凝土造,101年8月3日,十四層,三層 陽台 雨遮,全筆移轉
RPOOMLPJLHLGFBF87DA,14,24.17,本共有部分之項目有梯廳、電梯、緊急昇降機、排煙室、一般安全梯、蓄水池（Ｃ）、消防水箱、樓梯間、機械室、水箱、雨遮、昇降機間、安全梯等１３項,鋼筋混凝土造,101年8月3日,十四層,,持分移轉
RPOOMLPJLHLGFBF87DA,14,10.44,本共有部分之項目有停車空間、排風管道、垃圾室（３）、垃圾車專用停車位（３）等４項,鋼筋混凝土造,101年8月3日,十四層,,持分移轉
RPOOMLPJLHLGFBF87DA,14,2.08,本共有部分之項目有停獎專用出入口（１）、梯廳、雨遮、汽車坡道、供公眾使用停車空間等５項,鋼筋混凝土造,101年8月3日,十四層,,持分移轉
RPOOMLPJLHLGFBF87DA,14,52.62,本共有部分之項目有梯廳、汽車坡道、台電配電場所、消防泵浦室、機房、防空避難室兼停車空間、陽台、雨遮、蓄水池、垃圾車專用停車位、機車停車空間、受電箱、汽車坡道、發電機室、電信機房、垃圾冷藏室、管委會使用空間、門廊、排風管道、進風管道、停車空間、公共服務空間、汽機車坡道、台電專用管道間、垃圾室、電錶室等２６項,鋼筋混凝土造,101年8月3日,十四層,,持分移轉
RPUNMLMLOHLGFCF68DA,31,102.35,住家用,鋼筋混凝土造,84年4月28日,十二層,九層 陽台 雨遮,全筆移轉
RPUNMLMLOHLGFCF68DA,31,.14,商業用,鋼筋混凝土造,84年4月28日,十二層,一層 騎樓,持分移轉
RPUNMLMLOHLGFCF68DA,31,32.81,見使用執照,鋼筋混凝土造,84年4月28日,十二層,,持分移轉
RPUNMLMLOHLGFCF68DA,31,7.12,見使用執照,鋼筋混凝土造,84年4月28日,十二層,,持分移轉
RPUNMLMLOHLGFCF68DA,31,8.81,見使用執照,鋼筋混凝土造,84年4月28日,十二層,,持分移轉
RPPNMLMJOHLGFGF38DA,37,380.92,廠房﹐辦公室﹐單身員工宿舍﹐室內停車間,鋼筋混凝土造,78年6月16日,三層,一層 二層 三層 陽台 平台 露台 夾層,全筆移轉
RPTNMLPKNHLGFGF09DA,36,117.57,住家用,鋼筋混凝土造,79年4月12日,九層,八層 陽台,全筆移轉
RPTNMLPKNHLGFGF09DA,36,8.44,共有部分,鋼筋混凝土造,79年4月12日,九層,,持分移轉
RPVNMLSJOHLGFGF07EA,31,97.99,住家用,鋼筋混凝土造,84年1月20日,十二層,三層 陽台,全筆移轉
RPVNMLSJOHLGFGF07EA,31,18.24,共有部分,鋼筋混凝土造,84年1月20日,十二層,,持分移轉
RPTNMLPKOHLGFGF56DA,1,107.94,集合住宅,鋼骨鋼筋混凝土構造、鋼筋混凝土構造,114年8月14日,三十二層,十八層 陽台,全筆移轉
RPTNMLPKOHLGFGF56DA,1,.54,本共有部分項目有：停車場進氣管道、停車場排氣管道等２項。,鋼骨鋼筋混凝土構造、鋼筋混凝土構造,114年8月14日,三十五層,,持分移轉
RPTNMLPKOHLGFGF56DA,1,7.66,本共有部分項目有消防送水口管道、排水管道、消防機房、法定機車停車空間、緊急電管道、高壓電氣管道、電信管道、機電設備空間等８項。,鋼骨鋼筋混凝土構造、鋼筋混凝土構造,114年8月14日,三十五層,,持分移轉
RPTNMLPKOHLGFGF56DA,1,1.26,本共有部分項目有：排水管道、台電管道間、電氣、消防、緊急昇降機兼行動不便者使用電梯、緊急電、機電管道間、弱電、給水、門廊等１０項。,鋼骨鋼筋混凝土構造、鋼筋混凝土構造,114年8月14日,三十五層,,持分移轉
RPTNMLPKOHLGFGF56DA,1,4.57,本共有部分項目有：自來水蓄水池、機電設備空間、垃圾儲藏空間、走道、排煙管道、茶水間、排水管道、垃圾車暫停空間、管委會使用空間、排煙管道、梯廳、儲藏室、戶內遊憩設施、陽臺、門廊、走廊等１６項。,鋼骨鋼筋混凝土構造、鋼筋混凝土構造,114年8月14日,三十五層,,持分移轉
RPTNMLPKOHLGFGF56DA,1,43.92,本共有部分項目有：排水管道、特別安全梯、排煙室、排煙進風、緊急昇降機兼行動不便者使用電梯、梯廳兼排煙室、台電管道間、門廳、機電設備空間、台電配電場所、受電箱室、自來水蓄水池、機電空間（給水機房）、機電空間（電梯機房）、機電空間、排煙管道、自來水箱、消防幫浦室、消防水箱、消防水箱機房、陽臺、室內安全梯、昇降機、梯廳等２４項。,鋼骨鋼筋混凝土構造、鋼筋混凝土構造,114年8月14日,三十二層,,持分移轉
RPTNMLPKOHLGFGF56DA,1,.03,本共有部分項目有：機電設備空間、瓦斯設備空間、排水管道等３項。,鋼骨鋼筋混凝土構造、鋼筋混凝土構造,114年8月14日,三十五層,,持分移轉
RPTNMLPKOHLGFGF56DA,1,.03,本共有部分項目有：排水管道等１項。,鋼骨鋼筋混凝土構造、鋼筋混凝土構造,114年8月14日,三十五層,,持分移轉
RPTNMLPKOHLGFGF56DA,1,41.50,本共有部分項目有：停車場進氣管道、防空避難室兼停車空間、法定汽車停車、車道等４項。,鋼骨鋼筋混凝土構造、鋼筋混凝土構造,114年8月14日,三十五層,,持分移轉
RPSOMLPLLHLGFAF38DA,8,77.00,集合住宅,鋼筋混凝土造,107年1月4日,二十三層,一層 見其他登記事項,全筆移轉
RPSOMLPLLHLGFAF38DA,8,33.59,本共有部分之項目有：泵浦室、水箱、機房、電樓梯間、排煙室、儲藏室、廁所、消防泵浦室、污水機房、電錶室、停車空間、機房機坑、電梯間、台電配電室（Ａ、Ｂ、Ｃ、Ｄ、Ｅ、Ｆ、Ｇ、Ｈ、Ｉ）、電氣室、緊急發電機室、儲槽專用室、資源回收室、垃圾車暫停區、防災中心、電信機房、訪客臨停區、防空避難室、女廁、男廁、管理室、梯廳、管委會、梯間、機車車道、警衛室、門廊、管委會使用空間、陽台、雨遮、中繼水箱、水錶室、樓梯間、電梯機房、受電箱室等４０項。,鋼筋混凝土造,107年1月4日,二十四層,,持分移轉
RPSPMLLJOHLGFHF88DA,30,92.03,住家用,鋼筋混凝土造,85年1月17日,十三層,五層 陽台 花台 雨遮,全筆移轉
RPSPMLLJOHLGFHF88DA,30,5.18,共有部分,鋼筋混凝土造,85年1月17日,十三層,,持分移轉
RPSPMLLJOHLGFHF88DA,30,38.08,共有部分,鋼筋混凝土造,85年1月17日,十三層,,持分移轉
RPQOMLRLNHLGFBF68DA,18,97.73,住家用,鋼筋混凝土造,97年7月29日,十九層,六層 陽台,全筆移轉
RPQOMLRLNHLGFBF68DA,18,4.64,共有部分,鋼筋混凝土造,97年7月29日,十九層,,持分移轉
RPQOMLRLNHLGFBF68DA,18,1.81,共有部分,鋼筋混凝土造,97年7月29日,十九層,,持分移轉
RPQOMLRLNHLGFBF68DA,18,7.12,共有部分,鋼筋混凝土造,97年7月29日,十九層,,持分移轉
RPQOMLRLNHLGFBF68DA,18,32.49,共有部分,鋼筋混凝土造,97年7月29日,十九層,,持分移轉
RPQOMLRLNHLGFBF68DA,18,4.05,共有部分,鋼筋混凝土造,97年7月29日,十九層,,持分移轉
RPQOMLRLNHLGFBF68DA,18,39.18,共有部分,鋼筋混凝土造,97年7月29日,十九層,,持分移轉
RPOOMLLKOHLGFCF97DA,4,34.45,集合住宅,鋼筋混凝土構造,111年6月1日,十三層,一層 陽台,全筆移轉
RPOOMLLKOHLGFCF97DA,4,16.27,本共有部分項目計有：管委會空間、梯廳、排煙室、戶外安全梯、儲藏室、台電配電場所、發電機房、防空避難室兼停車空間、台電管道間、電信機房、機房、停車空間、水箱、消防機房、污水機房、暸望台、電梯機房、消防水箱等共計１８項。,鋼筋混凝土構造,111年6月1日,十三層,,持分移轉
RPPRMLPJOHLGFCF68DA,45,95.38,住家用,鋼筋混凝土造,70年5月15日,五層,二層 陽台,全筆移轉
RPPNMLOLOHLGFCF48EA,30,55.01,住家用,鋼筋混凝土造,85年6月27日,十九層,七層 陽台,全筆移轉
RPPNMLOLOHLGFCF48EA,30,14.28,共有部分,鋼筋混凝土造,85年6月27日,十九層,,持分移轉
RPUSMLPKOHLGFAF56DA,50,67.71,住家用,加強磚造,64年10月15日,四層,二層,全筆移轉
RPSPMLPLOHLGFBF88DA,40,116.55,住家用,鋼筋混凝土造,75年9月23日,五層,五層 陽台,全筆移轉
RPROMLPLOHLGFBF68DA,29,241.20,住家用,加強磚造,85年11月21日,三層,一層 二層 三層 夾層 見其他登記事項,全筆移轉
RPPNMLTLLHLGFGF98DA,54,39.90,住家用,加強磚造,61年1月12日,二層,一層,全筆移轉
RPQNMLKLOHLGFBF97DA,42,.01,共有部分,鋼筋混凝土造,73年3月31日,十四層,,持分移轉
RPQNMLKLOHLGFBF97DA,42,.00,共有部分,鋼筋混凝土造,73年3月31日,十四層,,持分移轉
RPQNMLKLOHLGFBF97DA,42,.11,集合住宅,鋼筋混凝土造,73年3月31日,十四層,一層 平台,持分移轉
RPQNMLKLOHLGFBF97DA,42,.00,共有部分,鋼筋混凝土造,73年3月31日,十四層,,持分移轉
RPQNMLKLOHLGFBF97DA,42,.01,共有部分,鋼筋混凝土造,73年3月31日,十四層,,持分移轉
RPQNMLKLOHLGFBF97DA,42,.11,集合住宅,鋼筋混凝土造,73年3月31日,十四層,一層 平台,持分移轉
RPROMLOLOHLGFHF66EA,19,14.57,停車空間,鋼筋混凝土造,96年7月31日,十四層,地下一層 地下二層,持分移轉
RPQNMLKLOHLGFBF97DA,42,.03,共有部分,鋼筋混凝土造,73年5月18日,七層,,持分移轉
RPROMLOLOHLGFHF66EA,19,18.28,共有部分,鋼筋混凝土造,96年7月31日,十四層,,持分移轉
RPQNMLKLOHLGFBF97DA,42,1.52,共有部分,鋼筋混凝土造,73年5月18日,七層,,持分移轉
RPQNMLKLOHLGFBF97DA,42,.26,共有部分,鋼筋混凝土造,73年5月18日,七層,,持分移轉
RPQNMLKLOHLGFBF97DA,42,12.79,共有部分,鋼筋混凝土造,73年5月18日,七層,,持分移轉
RPQNMLKLOHLGFBF97DA,42,86.92,集合住宅,鋼筋混凝土造,73年5月18日,七層,一層 平台,全筆移轉
RPQNMLKLOHLGFBF97DA,42,.51,集合住宅,鋼筋混凝土造,73年5月18日,七層,一層,持分移轉
RPQNMLKLOHLGFBF97DA,42,1.08,防空避難室兼停車場,鋼筋混凝土造,73年5月18日,七層,地下層,持分移轉
RPRNMLQLOHLGFBF68DA,,72.02,集合住宅,鋼筋混凝土造,114年12月10日,十四層,二層 陽台,全筆移轉
RPRNMLQLOHLGFBF68DA,,62.25,本共有部分之項目有管委會使用空間、戶外安全梯、排煙室、梯廳、陽台、樓梯間、機房、自來水箱、電梯機房、停車空間、垃圾儲藏室、電信機房、發電機房、台電配電場所、水箱、消防機房、一般安全梯等１７項,鋼筋混凝土造,114年12月10日,十四層,,持分移轉
RPSOMLQKOHLGFHF76DA,31,78.92,住家用,鋼筋混凝土造,84年2月18日,十四層,十三層 陽台 花台,全筆移轉
RPSOMLQKOHLGFHF76DA,31,14.46,共有部分,鋼筋混凝土造,84年2月18日,十四層,,持分移轉
RPSOMLQKOHLGFHF76DA,31,12.03,共有部分,鋼筋混凝土造,84年2月18日,十四層,,持分移轉
RPPNMLTLNHLGFCF78DA,13,110.69,住家用,鋼骨構造、鋼筋混凝土構造,101年11月14日,二十九層,二十五層 陽台 雨遮,全筆移轉
RPVPMLNLOHLGFGF86DA,30,91.57,住家用,鋼筋混凝土造,84年12月21日,七層,三層 陽台 花台,全筆移轉
RPPNMLTLNHLGFCF78DA,13,29.44,本共有部分之項目有第六至二十九層梯廳；十二及二十二層水表室及消防水箱；十三及二十三層水箱；屋頂突出物之梯間、水表室、水箱、機房、電梯機房等９項。,鋼骨構造、鋼筋混凝土構造,101年11月14日,二十九層,,持分移轉
RPVPMLNLOHLGFGF86DA,30,14.74,共有部分,鋼筋混凝土造,84年12月21日,七層,,持分移轉
RPVPMLNLOHLGFGF86DA,30,9.42,共有部分,鋼筋混凝土造,84年12月21日,七層,,持分移轉
RPPNMLTLNHLGFCF78DA,13,1.43,本共有部分之項目有地下一層之俱樂部泵浦機房、俱樂部泵浦蓄水池、第四層之過濾機房、第五層之管委會使用空間、屋頂突出物之冰水主機房、屋頂突出物(二層)之水箱等６項。,鋼骨構造、鋼筋混凝土構造,101年11月14日,二十九層,,持分移轉
RPVPMLNLOHLGFGF86DA,30,27.84,共有部分,鋼筋混凝土造,84年12月21日,七層,,持分移轉
RPPNMLTLNHLGFCF78DA,13,7.63,本共有部分之項目有地下二層之中水及截油槽機房、消防泵浦室、消防管道、管道間、地下一層之瓦斯減壓室、台電專用管道間、景觀水景機房、車道、機房、電信機房、大公變電站、管道間、第一層之車道、管道間、一層夾層之防災中心、樓梯、管道間、屋頂突出物(二層)之機房、吊運走道、辦公室商場發電機房、樓梯六層走道等２２項。,鋼骨構造、鋼筋混凝土構造,101年11月14日,二十九層,,持分移轉
RPPNMLTLNHLGFCF78DA,13,14.62,本共有部分之項目有地下二層之蓄水池、泵浦室、梯廳兼排煙室、樓梯、梯廳、排煙室、通風機房、泵浦機房、蓄水池，客梯、垃圾處理室、停車空間、地下一層之機房、台電配電場所、大公變電站、梯廳兼排煙室、樓梯、電錶箱、梯廳、台電配電場所、走道、排煙室、廁所、緊急升降梯、機房、儲藏室、客梯、車道、停車空間、第一層之梯廳兼排煙室、辦公棟門廳、緊急升降梯、管道間、樓梯、客梯、一層夾層之緊急升降梯、第二層至五層之樓梯、緊急升降梯、客梯、第六層之管理中心、管理辦公室、緊急升降梯、陽台、雨遮、客梯等４５項。,鋼骨構造、鋼筋混凝土構造,101年11月14日,二十九層,,持分移轉
RPPNMLTLNHLGFCF78DA,13,35.04,本共有部分之項目有第一層之車道、停管崗哨、停車空間、第二層之車道、停車空間、第三層之車道、停車空間等７項。,鋼骨構造、鋼筋混凝土構造,101年11月14日,二十九層,,持分移轉
RPWOMLPKOHLGFBF09DA,50,31.00,住家用,加強磚造,65年2月10日,四層,一層 平台,全筆移轉
RPQNMLPLOHLGFAF48EA,31,83.33,住家用,鋼筋混凝土造,84年6月17日,十五層,九層 陽台 雨遮,全筆移轉
RPQNMLPLOHLGFAF48EA,31,3.33,共有部分,鋼筋混凝土造,84年6月17日,十六層,,持分移轉
RPQNMLPLOHLGFAF48EA,31,4.11,共有部分,鋼筋混凝土造,84年6月17日,十六層,,持分移轉
RPSOMLMLOHLGFCF58DA,45,101.48,住家用,鋼筋混凝土造,69年11月7日,五層,五層 陽台,全筆移轉
RPRNMLTLNHLGFAF78DA,12,80.04,住家用,鋼骨鋼筋混凝土造,102年12月26日,十九層,四層 陽台 雨遮,全筆移轉
RPRNMLTLNHLGFAF78DA,12,.04,辦公室,鋼骨鋼筋混凝土造,102年12月26日,十七層,一層,持分移轉
RPRNMLTLNHLGFAF78DA,12,36.60,共有部分,鋼骨鋼筋混凝土造,102年12月26日,十九層,,持分移轉
RPRNMLTLNHLGFAF78DA,12,20.97,共有部分,鋼骨鋼筋混凝土造,102年12月26日,十九層,,持分移轉
RPTPMLQKOHLGFAF88DA,53,86.63,住家用,加強磚造,61年8月31日,三層,三層 陽台,全筆移轉
RPUNMLQLOHLGFBF98DA,9,42.64,集合住宅,鋼筋混凝土造,106年7月21日,十九層,十六層 陽台,全筆移轉
RPUNMLQLOHLGFBF98DA,9,35.44,本共有部分之項目有公共服務空間、梯廳、門廳、台電配電場所、台電管道間、梯間、停車空間、垃圾儲集室、防災中心、電信機房、發電機房排風管道、發電機房進風管道、消防機房、蓄水池、緊急發電機室、消防泵浦室等１６項,鋼筋混凝土造,106年7月21日,十九層,,持分移轉
RPUNMLQLOHLGFBF98DA,9,8.20,本共有部分之項目有梯廳、雨遮、梯間、水箱、機電空間、電梯機房等６項,鋼筋混凝土造,106年7月21日,十九層,,持分移轉
RPRNMLLLNHLGFAF97DA,2,78.04,集合住宅,鋼筋混凝土造,113年4月23日,十五層,五層 陽台 雨遮,全筆移轉
RPRNMLLLNHLGFAF97DA,2,67.34,本共有項目有管委會使用空間、複合型消防箱、無障礙升降梯、一般升降梯、無障礙戶外安全梯、緊急升降梯、排煙室、戶外安全梯、頂蓋型開放空間、梯廳、無障礙安全梯、無障礙廁所、戶外安全梯出入口、通風、汽車坡道、無障礙通路、儲車區、垃圾儲藏室、垃圾車位、機車坡道、防空避難室機停車空間、發電機房、排風機、受電箱、台電配電場所、電信機房、停車空間、雨水機房、消防機房、樓梯間、消防水箱、噴灌水塔、水箱及電梯機房等３４項。,鋼筋混凝土造,113年4月23日,十五層,,持分移轉
RPUNMLKKMHLGFEF38DA,33,97.39,住家用,鋼筋混凝土造,82年7月29日,七層,六層 陽台,全筆移轉
RPUNMLKKMHLGFEF38DA,33,31.54,共有部分,鋼筋混凝土造,82年7月29日,七層,,持分移轉
RPVNMLPLOHLGFDF56DA,26,4.06,共有部分,鋼筋混凝土造,88年12月2日,二十八層,,持分移轉
RPVNMLPLOHLGFDF56DA,26,58.91,住家用,鋼筋混凝土造,88年12月2日,二十五層,三層 陽台,全筆移轉
RPVNMLPLOHLGFDF56DA,26,15.69,共有部分,鋼筋混凝土造,88年12月2日,二十五層,,持分移轉
RPROMLRKOHLGFCF88DA,22,36.21,住家用,鋼筋混凝土造,92年12月1日,十四層,四層 陽台,全筆移轉
RPROMLRKOHLGFCF88DA,22,11.20,共有部分,鋼筋混凝土造,92年12月1日,十四層,,持分移轉
RPPOMLPLNHLGFDF58DA,30,87.12,住家用,鋼筋混凝土造,85年1月23日,十七層,十二層 陽台 花台,全筆移轉
RPPOMLPLNHLGFDF58DA,30,39.64,防空避難室兼停車空間,鋼筋混凝土造,85年1月23日,十七層,,持分移轉
RPPOMLPLNHLGFDF58DA,30,5.59,電樓梯間、排煙室、水箱、貯藏室、電信室、台電配電室、發電機房、化糞池、川廊、警衛室、車道、門廳、消防泵浦室。,鋼筋混凝土造,85年1月23日,十七層,,持分移轉
RPPOMLPLNHLGFDF58DA,30,15.40,電樓梯間、排煙室、屋頂突出物,鋼筋混凝土造,85年1月23日,十七層,,持分移轉
RPQPMLTLNHLGFBF98DA,30,97.80,工業用,鋼筋混凝土造,85年6月11日,十八層,十四層 陽台,全筆移轉
RPQPMLTLNHLGFBF98DA,30,38.47,共有部分,鋼筋混凝土造,85年6月11日,十八層,,持分移轉
RPQPMLTLNHLGFBF98DA,30,26.27,共有部分,鋼筋混凝土造,85年6月11日,十八層,,持分移轉
RPRNMLTJOHLGFIF86DA,19,88.22,住家用,鋼筋混凝土造,96年2月13日,九層,九層 陽台 雨遮,全筆移轉
RPRNMLTJOHLGFIF86DA,19,57.08,共有部分,鋼筋混凝土造,96年2月13日,十層,,持分移轉
RPRNMLTJOHLGFIF86DA,19,11.66,共有部分,鋼筋混凝土造,96年2月13日,九層,,持分移轉
RPROMLRKOHLGFEF09DA,1,68.11,集合住宅,鋼筋混凝土造,114年3月14日,二十三層,一層 陽台,全筆移轉
RPQNMLSKOHLGFHF76EA,28,213.49,工業用,鋼筋混凝土造,86年9月13日,七層,三層,全筆移轉
RPQNMLSKOHLGFHF76EA,28,74.69,共有部分,鋼筋混凝土造,86年9月13日,七層,,持分移轉
RPROMLRKOHLGFEF09DA,1,60.54,本共有部分之項目有：梯廳、公共儲藏室、自行車停車位、受電箱室、緊急發電機室、台電配電室、機房、水箱、總受水箱、溫泉水箱、進氣機房、排氣機房、消防泵浦室、雨水過濾機房、電梯機房、昇降機、機械房、管委會空間、無障礙安全梯、機電設備空間、緊急升降梯無障礙電梯、引導設施、管委會使用空間、排煙室、消防水箱、特別安全梯、無障礙特別安全梯、垃圾儲藏空間、廁所、垃圾車停車位、水池、中繼消防機房、高層建築出入口緩衝空間、防災中心、陽台、安全梯、公共緊急發電機室、觀景池機房、電氣室、公共台電配電室、無障礙昇降梯、電信機房、女廁、男廁、汽車坡道等４５項,鋼筋混凝土構造、鋼構造,114年3月14日,二十三層,,持分移轉
RPQNMLSKOHLGFHF76EA,28,58.18,共有部分,鋼筋混凝土造,86年9月13日,七層,,持分移轉
RPQNMLRKOHLGFCF78EA,37,118.52,住家用,鋼筋混凝土造,78年4月4日,五層,三層 四層 五層 陽台 屋頂突出物 露台,全筆移轉
RPOOMLPKNHLGFCF28DA,13,160.48,住家用,鋼筋混凝土造,101年8月22日,七層,四層 陽台 雨遮,全筆移轉
RPOOMLPKNHLGFCF28DA,13,105.92,本共有部分之項目有陽台、管委會使用空間、梯廳、雨遮、消防泵浦室、資源回收室、排風機房、進風機房、管理員室、蓄水池、台電管道間、電信機房、台電配電廠所、緊急發電機室、儲藏室、泳游池機房、消防水箱、民生用水箱等十八項。,鋼筋混凝土造,101年8月22日,七層,,持分移轉
SPUPMLOKNHLGFBF88DA,18,173.00,住家用,鋼筋混凝土造,97年5月16日,四層,四層 陽台 雨遮,全筆移轉
SPUPMLOKNHLGFBF88DA,18,42.09,共有部分,鋼筋混凝土造,97年5月16日,四層,,持分移轉
RPQNMLTLLHLGFEF88DA,28,120.30,住家用,鋼筋混凝土造,87年7月18日,十一層,四層 陽台,全筆移轉
RPQNMLTLLHLGFEF88DA,28,66.08,共有部分,鋼筋混凝土造,87年7月18日,,,持分移轉
RPUPMLOKNHLGFBF78DA,18,175.18,住家用,鋼筋混凝土造,97年5月16日,四層,三層 陽台 雨遮,全筆移轉
SPTPMLOKNHLGFBF78DA,18,194.05,住家用,鋼筋混凝土造,97年5月16日,四層,一層 二層 陽台 雨遮,全筆移轉
RPUPMLOKNHLGFBF78DA,18,42.62,共有部分,鋼筋混凝土造,97年5月16日,四層,,持分移轉
SPTPMLOKNHLGFBF78DA,18,47.21,共有部分,鋼筋混凝土造,97年5月16日,四層,,持分移轉
RPTPMLOKNHLGFBF68DA,18,67.35,日用品零售或服務業,鋼筋混凝土造,97年5月16日,四層,一層 陽台,全筆移轉
RPTPMLOKNHLGFBF68DA,18,102.02,共有部分,鋼筋混凝土造,97年5月16日,四層,,持分移轉
RPVPMLNJOHLGFEF09DA,,74.39,集合住宅,鋼筋混凝土造,115年4月8日,十五層,四層 陽台,全筆移轉
RPVPMLNJOHLGFEF09DA,,21.12,共同使用之項目：排煙室、Ｃ１戶外安全梯、Ｃ２戶外安全梯、Ｃ棟梯廳、Ｃ棟排煙室、Ｃ１蓄水池、Ｃ２蓄水池、Ｃ棟梯間、消防專用屋頂水箱、電梯機房、水箱等１１項,鋼筋混凝土造,115年4月8日,十五層,,持分移轉
RPVPMLNJOHLGFEF09DA,,44.45,共同使用之項目：入口門廳、門廊、室內引導通路、公共服務空間－１、公共服務空間－２、公共服務空間－３、管委會空間－１、管委會空間－２、管委會空間－３、管委會空間－５、管委會空間－６、Ａ棟梯廳、Ｃ棟梯廳、Ｂ１戶外安全梯、交誼廳、停車空間、資源回收空間、垃圾冷藏空間、台電配電場所、電信機房、發電機房、自行車停車空間、機車停車空間、Ｂ１安全梯、消防機房等２５項,鋼筋混凝土造,115年4月8日,十五層,,持分移轉
RPWQMLQLNHLGFEF07DA,,74.39,集合住宅,鋼筋混凝土造,115年4月8日,十五層,八層 陽台,全筆移轉
RPWQMLQLNHLGFEF07DA,,21.12,共同使用之項目：排煙室、Ｃ１戶外安全梯、Ｃ２戶外安全梯、Ｃ棟梯廳、Ｃ棟排煙室、Ｃ１蓄水池、Ｃ２蓄水池、Ｃ棟梯間、消防專用屋頂水箱、電梯機房、水箱等１１項,鋼筋混凝土造,115年4月8日,十五層,,持分移轉
RPWQMLQLNHLGFEF07DA,,44.45,共同使用之項目：入口門廳、門廊、室內引導通路、公共服務空間－１、公共服務空間－２、公共服務空間－３、管委會空間－１、管委會空間－２、管委會空間－３、管委會空間－５、管委會空間－６、Ａ棟梯廳、Ｃ棟梯廳、Ｂ１戶外安全梯、交誼廳、停車空間、資源回收空間、垃圾冷藏空間、台電配電場所、電信機房、發電機房、自行車停車空間、機車停車空間、Ｂ１安全梯、消防機房等２５項,鋼筋混凝土造,115年4月8日,十五層,,持分移轉
RPOPMLPJOHLGFGF78DA,25,108.07,住家用,鋼筋混凝土造,89年11月22日,七層,六層 陽台,全筆移轉
RPOPMLPJOHLGFGF78DA,25,16.49,共有部分,鋼筋混凝土造,89年11月22日,七層,,持分移轉
RPXNMLQKOHLGFIF27DA,17,88.48,一般事務所,鋼筋混凝土造,98年3月17日,十五層,十五層 陽台,全筆移轉
RPXNMLQKOHLGFIF27DA,17,15.81,共有部分,鋼筋混凝土造,98年3月17日,十五層,,持分移轉
RPXNMLQKOHLGFIF27DA,17,18.69,共有部分,鋼筋混凝土造,98年3月17日,十五層,,持分移轉
RPRNMLRKOHLGFAF68EA,3,46.84,集合住宅,鋼骨鋼筋混凝土造,111年12月15日,二十二層,四層 陽台,全筆移轉
RPRNMLRKOHLGFAF68EA,3,62.30,本共有部分項目有：停車空間、汽車坡道、蓄水池、雨水機房、緊急用昇降機、無障礙昇降機、一般昇降機、排煙室兼梯廳、安全梯（Ｅ）、安全梯（Ｆ）、排風機房、機電設備空間、消防中繼機房、機房、垃圾暫存室（２）、電錶區、自行車停車空間、防災中心、廁所、機車坡道、電信機房、台電配電場所Ｂ、防空避難室兼停車空間、垃圾暫存室（１）、垃圾車暫停空間、機車停車空間、緊急發電機室、游泳池機房、台電配電場所Ａ、門廳、特別安全梯（Ｂ）無障礙樓梯、安全梯（Ｅ）無障礙樓梯、排煙室、女廁、男廁、公共服務空間（５）無障礙廁所、特別安全梯（Ａ）、公共服務空間（１）、公共服務空間（４）、安全梯（Ｆ）無障礙樓梯、特別安全梯（Ｄ）無障礙樓梯、特別安全梯（Ｃ）、公共服務空間（２）、高層緩衝空間、公共服務空間（３）、梯廳、陽台、梯間、一般梯、消防水箱、水錶區、電梯機房、水箱、消防泵浦室、受電箱區、進風管道、消防中繼水箱、發電機油箱槽、排煙室進風管道、排煙室進風、排煙室排煙等６１項。,鋼骨鋼筋混凝土造,111年12月15日,二十二層,,持分移轉
RPXOMLPLOHLGFBF66DA,11,102.77,集合住宅,鋼筋混凝土造,103年8月26日,二十四層,二十四層 陽台,全筆移轉
RPXOMLPLOHLGFBF66DA,11,56.52,本共有部分之項目有住宅大廳、商業大廳、店舖（一般零售業）、儲藏室、機車車道、瓦斯遮斷閥、警衛室、梯間、雨遮、健身服務業、游泳池、平衡池、消防水箱、自來水箱、陽台、機電設備空間、水箱、機車停車空間、電表室、自行車停車空間、防災中心、卸貨車位、計程車暫停車位、垃圾處理室、樓電梯間、垃圾暫停車位共２６項。,鋼筋混凝土造,103年8月26日,二十四層,,持分移轉
RPXOMLPLOHLGFBF66DA,11,86.33,本共有部分之項目有汽車車道、停車空間、防空避難室兼停車空間共３項,鋼筋混凝土造,103年8月26日,二十四層,,持分移轉
RPXOMLPLOHLGFBF66DA,11,3.48,本共有部分之項目有機車停車空間共１項,鋼筋混凝土造,103年8月26日,二十四層,,持分移轉
RPTRMLMLOHLGFBF88DA,4,710.44,店舖,鋼骨鋼筋混凝土造,110年10月20日,三十層,一層 二層 三層 陽台,全筆移轉
RPSQMLMLOHLGFBF68DA,2,238.40,商場,鋼骨鋼筋混凝土造,112年9月1日,二十層,二層 陽台,全筆移轉
RPSQMLMLOHLGFBF68DA,2,256.72,本共有部分之項目有消防水箱、水箱、電梯機房、特別安全梯、安全梯、廁所、機房、公共管道間、一般升降機、一般升降機２、一般升降機４、一般升降機５、緊急升降機３、排煙室１、排煙室２、排煙室３、排煙室４、梯廳、特別安全兼無障礙梯、緊急升降機兼無障礙電梯１、升降機６、管理員室、茶水間、男廁、女廁、無障礙廁所、供管委會使用空間（一）、供管委會使用空間（二）、供管委會使用空間（三）、供管委會使用空間（四）、梯廳１、緩衝空間、安全梯兼行動不便樓梯、台電配電室、機車停車區、梯間、無障礙緊急升降機、頂蓋型開放空間、垃圾車位、排煙室、汽車車道、裝卸車位、電表區、垃圾處理室、發電機室、防災中心、防空避難室兼停車空間、停車場排氣管道、停車場進氣管道、電信機房、停車空間、消防機房等５２項,鋼骨構造、鋼骨鋼筋混凝土構造,112年9月1日,二十層,,持分移轉
RPTRMLMLOHLGFBF88DA,4,336.24,本共有部分之項目有梯廳Ｂ、排煙室Ｂ、門廳Ｂ、昇降機Ｂ１、昇降機Ｂ２、緊急昇降機Ｂ３、緊急昇降機Ｂ４、特別安全梯Ｂ１、特別安全梯Ｂ２、特別安全梯Ｂ３、行動不便者昇降機Ｂ５、一般安全梯Ｂ４、一般安全梯Ｂ５、管理員室、防災中心、汽車車道、機車車道、梯廳Ｂ（排煙室）、中繼機房、泳池機房、排煙室Ｂ（梯廳）、梯廳、排煙室、供管委會使用空間、陽台、女廁、男廁、女更衣室、男更衣室、烤箱、蒸氣室、游泳池、梯廳（Ｂ１）、梯廳（Ｂ２）、梯廳（Ｂ３）、排煙室（Ｂ１）、排煙室（Ｂ２）、排煙室（Ｂ３）、通行空間、梯間Ｂ３、陽台（排煙室)Ｂ４、陽台（排煙室)Ｂ５、昇降機、行動不便者昇降機、緊急昇降機、機房、消防水箱、水錶室、電梯機房、水箱、防空避難室兼停車空間、垃圾處理室（Ｂ）、電表室（Ｂ—１）、電表室（Ｂ—２）、緊急發電機室（Ｂ）、台電配電場所（Ｂ）、前室、排風管道、車道、進氣管道、垃圾車位、裝卸車位、無障礙停車位、電信室（Ｂ）、停車空間、游泳池水箱、消防機房、雨水機房等６８項。,鋼骨鋼筋混凝土造,110年10月20日,三十層,,持分移轉
SPSQMLMLOHLGFBF78DA,2,164.59,餐飲業,鋼骨鋼筋混凝土造,112年9月1日,二十層,一層,全筆移轉
SPSQMLMLOHLGFBF78DA,2,168.19,本共有部分之項目有消防水箱、水箱、電梯機房、特別安全梯、安全梯、廁所、機房、公共管道間、一般升降機、一般升降機２、一般升降機４、一般升降機５、緊急升降機３、排煙室１、排煙室２、排煙室３、排煙室４、梯廳、特別安全兼無障礙梯、緊急升降機兼無障礙電梯１、升降機６、管理員室、茶水間、男廁、女廁、無障礙廁所、供管委會使用空間（一）、供管委會使用空間（二）、供管委會使用空間（三）、供管委會使用空間（四）、梯廳１、緩衝空間、安全梯兼行動不便樓梯、台電配電室、機車停車區、梯間、無障礙緊急升降機、頂蓋型開放空間、垃圾車位、排煙室、汽車車道、裝卸車位、電表區、垃圾處理室、發電機室、防災中心、防空避難室兼停車空間、停車場排氣管道、停車場進氣管道、電信機房、停車空間、消防機房等５２項,鋼骨構造、鋼骨鋼筋混凝土構造,112年9月1日,二十層,,持分移轉
RPUNMLRKOHLGFIF07DA,17,87.43,住家用,鋼筋混凝土造,98年4月7日,十五層,十一層 陽台 雨遮,全筆移轉
RPUNMLRKOHLGFIF07DA,17,18.59,共有部分,鋼筋混凝土造,98年4月7日,十五層,,持分移轉
RPUNMLRKOHLGFIF07DA,17,41.24,共有部分,鋼筋混凝土造,98年4月7日,十五層,,持分移轉
RPXRMLQKMHLGFGF27DA,31,76.18,工業用,鋼筋混凝土造,83年11月18日,七層,六層 陽台,全筆移轉
RPXRMLQKMHLGFGF27DA,31,5.90,共有部分,鋼筋混凝土造,83年11月18日,七層,,持分移轉
RPWOMLMKKHLGFBF38DA,10,.02,一般事務所,鋼筋混凝土造,105年6月7日,十五層,一層,持分移轉
RPWOMLMKKHLGFBF38DA,10,.00,本共有部分之項目有陽台、梯廳、管委會使用空間、防空避難室兼停車空間、機房、生活水箱、垃圾儲藏室、發電機房、台電配電場所、受電箱、電信機房、停車空間、消防機房等十三項。,鋼筋混凝土造,105年6月7日,十五層,,持分移轉
RPWOMLMKKHLGFBF38DA,9,56.63,集合住宅,鋼筋混凝土造,105年9月8日,十八層,十層 陽台 雨遮,全筆移轉
RPWOMLMKKHLGFBF38DA,9,8.33,本共有部分之項目有台電配電場所、防災中心、梯廳、垃圾儲藏室、電信機房、機房、發電機房、泳池機房、停車空間、騎樓、門廊、車道、管委會空間、消防機房、生活水箱、雨水滯留機房、樓梯、防空避難室兼停車空間、機電空間專用梯、汙水處理設施、機電空間等二十一項。,鋼筋混凝土造,105年9月8日,十八層,,持分移轉
RPWOMLMKKHLGFBF38DA,9,3.91,本共有部分之項目有安全監視機電空間、梯廳、梯間、監控機電空間、戶外門廊、泳池、管委會使用空間、陽台、社區健身休閒空間、緩衝空間〈頂蓋〉、管委會使用浴廁等十一項。,鋼筋混凝土造,105年9月8日,十八層,,持分移轉
RPWOMLMKKHLGFBF38DA,9,15.90,本共有部分之項目有梯廳、走廊、消防水箱、機房、自來水水箱等五項。,鋼筋混凝土造,105年9月8日,十八層,,持分移轉
TPSQMLMLOHLGFBF88DA,2,241.31,餐飲業,鋼骨鋼筋混凝土造,112年9月1日,二十層,一層 陽台,全筆移轉
TPSQMLMLOHLGFBF88DA,2,212.16,本共有部分之項目有消防水箱、水箱、電梯機房、特別安全梯、安全梯、廁所、機房、公共管道間、一般升降機、一般升降機２、一般升降機４、一般升降機５、緊急升降機３、排煙室１、排煙室２、排煙室３、排煙室４、梯廳、特別安全兼無障礙梯、緊急升降機兼無障礙電梯１、升降機６、管理員室、茶水間、男廁、女廁、無障礙廁所、供管委會使用空間（一）、供管委會使用空間（二）、供管委會使用空間（三）、供管委會使用空間（四）、梯廳１、緩衝空間、安全梯兼行動不便樓梯、台電配電室、機車停車區、梯間、無障礙緊急升降機、頂蓋型開放空間、垃圾車位、排煙室、汽車車道、裝卸車位、電表區、垃圾處理室、發電機室、防災中心、防空避難室兼停車空間、停車場排氣管道、停車場進氣管道、電信機房、停車空間、消防機房等５２項,鋼骨構造、鋼骨鋼筋混凝土構造,112年9月1日,二十層,,持分移轉
RPSRMLMLOHLGFBF78DA,4,183.91,本共有部分之項目有梯廳Ｂ、排煙室Ｂ、門廳Ｂ、昇降機Ｂ１、昇降機Ｂ２、緊急昇降機Ｂ３、緊急昇降機Ｂ４、特別安全梯Ｂ１、特別安全梯Ｂ２、特別安全梯Ｂ３、行動不便者昇降機Ｂ５、一般安全梯Ｂ４、一般安全梯Ｂ５、管理員室、防災中心、汽車車道、機車車道、梯廳Ｂ（排煙室）、中繼機房、泳池機房、排煙室Ｂ（梯廳）、梯廳、排煙室、供管委會使用空間、陽台、女廁、男廁、女更衣室、男更衣室、烤箱、蒸氣室、游泳池、梯廳（Ｂ１）、梯廳（Ｂ２）、梯廳（Ｂ３）、排煙室（Ｂ１）、排煙室（Ｂ２）、排煙室（Ｂ３）、通行空間、梯間Ｂ３、陽台（排煙室)Ｂ４、陽台（排煙室)Ｂ５、昇降機、行動不便者昇降機、緊急昇降機、機房、消防水箱、水錶室、電梯機房、水箱、防空避難室兼停車空間、垃圾處理室（Ｂ）、電表室（Ｂ—１）、電表室（Ｂ—２）、緊急發電機室（Ｂ）、台電配電場所（Ｂ）、前室、排風管道、車道、進氣管道、垃圾車位、裝卸車位、無障礙停車位、電信室（Ｂ）、停車空間、游泳池水箱、消防機房、雨水機房等６８項。,鋼骨鋼筋混凝土造,110年10月20日,三十層,,持分移轉
RPSRMLMLOHLGFBF78DA,4,336.15,餐廳,鋼骨鋼筋混凝土造,110年10月20日,三十層,一層,全筆移轉
RPQOMLPJOHLGFEF68DA,17,147.13,住家用,鋼筋混凝土造,98年2月18日,二十二層,一層 陽台,全筆移轉
RPQOMLPJOHLGFEF68DA,17,92.21,共有部分,鋼筋混凝土造,98年2月18日,二十二層,,持分移轉
RPVPMLPKOHLGFBF09DA,1,118.98,一般事務所,鋼筋混凝土造,114年2月21日,十一層,九層 陽台,全筆移轉
RPVPMLPKOHLGFBF09DA,1,61.01,本共有部分之項目有汽車道、機車道、停車空間、防災中心、垃圾車位、垃圾儲藏空間、發電機房、台電配電場所、電信機房、消防機房等１０項。,鋼筋混凝土造,114年2月21日,十七層,,持分移轉
RPVPMLPKOHLGFBF09DA,1,34.98,本共有部分之項目有供管委會使用空間（一）、供管委會使用空間（二）、大廳、戶外安全梯、無障礙升降機、一般升降機、戶外安全梯兼無障礙使用、陽台、給水消防、男廁、女廁、茶水間、梯廳Ｃ、樓電梯間、機房、消防水箱、電梯機房、一般安全梯、梯間、裝卸車位、Ｃ棟水箱等２１項。,鋼筋混凝土造,114年2月21日,十一層,,持分移轉
RPPNMLNKMHLGFGF38DA,,59.04,集合住宅,鋼筋混凝土造,115年4月15日,十五層,十五層 陽台,全筆移轉
RPPNMLNKMHLGFGF38DA,,55.63,本共有部分之項目有：管委會使用空間、無障礙廁所、中央監控室、車道、戶外安全梯、排煙室、無障礙電梯、緊急昇降機、Ａ梯廳、Ｂ梯廳、Ａ梯間、昇降機、安全梯／無障礙梯、Ｂ梯間、電信機房、機道、電梯機房、Ａ棟水箱、Ｂ棟水箱、防空避難室兼停車空間、停車空間進風、停車空間排風、台電配電場所、垃圾暫存空間、戶外安全梯／無障礙梯、垃圾車暫停區、緊急發電機室、Ａ排煙室、Ｂ排煙室、Ａ水箱、Ｂ水箱、停車空間、消防機房等３３項。,鋼筋混凝土造,115年4月15日,十五層,,持分移轉
RPXQNLOJOHLGFGF17DA,45,82.94,住家用,鋼筋混凝土造,69年10月17日,四層,二層 陽台,全筆移轉
RPPRMLQLNHLGFEF09DA,,70.28,集合住宅,鋼筋混凝土造,115年4月8日,十五層,二層 陽台,全筆移轉
RPPRMLQLNHLGFEF09DA,,19.96,共同使用之項目：排煙室、Ｃ１戶外安全梯、Ｃ２戶外安全梯、Ｃ棟梯廳、Ｃ棟排煙室、Ｃ１蓄水池、Ｃ２蓄水池、Ｃ棟梯間、消防專用屋頂水箱、電梯機房、水箱等１１項,鋼筋混凝土造,115年4月8日,十五層,,持分移轉
RPPRMLQLNHLGFEF09DA,,43.91,共同使用之項目：入口門廳、門廊、室內引導通路、公共服務空間－１、公共服務空間－２、公共服務空間－３、管委會空間－１、管委會空間－２、管委會空間－３、管委會空間－５、管委會空間－６、Ａ棟梯廳、Ｃ棟梯廳、Ｂ１戶外安全梯、交誼廳、停車空間、資源回收空間、垃圾冷藏空間、台電配電場所、電信機房、發電機房、自行車停車空間、機車停車空間、Ｂ１安全梯、消防機房等２５項,鋼筋混凝土造,115年4月8日,十五層,,持分移轉
RPXNMLPKOHLGFGF96DA,,58.99,集合住宅,鋼筋混凝土造,114年9月10日,十三層,十二層 陽台,全筆移轉
RPXNMLPKOHLGFGF96DA,,56.97,本共有部分之項目有：走廊、無障礙室內安全梯、客貨兩用梯（機車）、安全梯、梯廳、無障礙一般昇降機、騎樓、發電機室、消防水箱、電梯機房、上水箱、防空避難空間、台電配電場所、電信室、下水箱Ａ、汽車昇降機、機械車位、消防機房、下水箱Ｂ、倉儲停車維修空間、走道、機車停車空間、受電箱等２３項。,鋼筋混凝土造,114年9月10日,十三層,,持分移轉
RPOQMLKKOHLGFAF87DA,,68.14,集合住宅,鋼筋混凝土造,115年2月11日,七層,二層 陽台,全筆移轉
RPOQMLKKOHLGFAF87DA,,32.07,本案共有部分項目有：梯廳、管道間、無障礙停車空間、汽車昇降機道、客貨兩用升降機、樓電梯間、電梯機房、水表室、水箱室、屋頂水箱、防空避難室、台電配電場所、發電機房、電信機房、不鏽鋼蓄水池、倉儲式機械停車空間、防空避難室兼停車空間、消防泵室等１８項。,鋼筋混凝土造,115年2月11日,七層,,持分移轉
RPTNMLLMKIKGFDF28DA,,242.17,廠房,鋼筋混凝土構造,114年11月28日,九層,四層,全筆移轉
RPTNMLLMKIKGFDF28DA,,225.59,共有部分，本共有部分之項目有：梯廳、貨梯、貨梯廳、安全梯、垃圾暫存間、空調機房、管委會使用空間（Ａ）、管委會使用空間（Ｂ）、管委會使用空間（Ｃ）、管委會使用空間（Ｄ）、管委會使用空間（Ｅ）、客梯廳（排煙室）、緊急昇降機、客梯、客梯兼行動不便者使用、無障礙安全梯、男廁、女廁、門廳、風除室、無障礙盥洗室、外廊、維修通道、吊裝陽台、機房、管委會使用空間、管委會使用空間Ａ、管委會使用空間Ｂ、昇降機間、水箱、自設裝卸位、法定裝卸位、自設小裝卸位、垃圾裝卸車位、防空避難室兼停車空間、機房（供電信用）、樓梯間、機械房、垃圾儲存空間、卸貨平台、緊急發電機房、排風機房、汽機車專用道、汽車專用道、機車停車空間、進風機房、受電箱電表室、台電配電場所、停車空間、低度汙染汙水處理機房、消防泵浦機房、雨水回收機房、蓄水池等５３項。,鋼筋混凝土構造,114年11月28日,九層,,持分移轉
RPUNMLLMKIKGFDF38DA,,242.69,廠房,鋼筋混凝土構造,114年11月28日,九層,三層,全筆移轉
RPUNMLLMKIKGFDF38DA,,225.89,共有部分，本共有部分之項目有：梯廳、貨梯、貨梯廳、安全梯、垃圾暫存間、空調機房、管委會使用空間（Ａ）、管委會使用空間（Ｂ）、管委會使用空間（Ｃ）、管委會使用空間（Ｄ）、管委會使用空間（Ｅ）、客梯廳（排煙室）、緊急昇降機、客梯、客梯兼行動不便者使用、無障礙安全梯、男廁、女廁、門廳、風除室、無障礙盥洗室、外廊、維修通道、吊裝陽台、機房、管委會使用空間、管委會使用空間Ａ、管委會使用空間Ｂ、昇降機間、水箱、自設裝卸位、法定裝卸位、自設小裝卸位、垃圾裝卸車位、防空避難室兼停車空間、機房（供電信用）、樓梯間、機械房、垃圾儲存空間、卸貨平台、緊急發電機房、排風機房、汽機車專用道、汽車專用道、機車停車空間、進風機房、受電箱電表室、台電配電場所、停車空間、低度汙染汙水處理機房、消防泵浦機房、雨水回收機房、蓄水池等５３項。,鋼筋混凝土構造,114年11月28日,九層,,持分移轉
RPQOMLLMKIKGFDF08DA,,252.44,廠房,鋼筋混凝土構造,114年11月28日,九層,三層,全筆移轉
RPRNMLLMKIKGFDF08DA,,262.87,廠房,鋼筋混凝土構造,114年11月28日,九層,四層,全筆移轉
RPOOMLLMKIKGFDF87DA,,242.17,廠房,鋼筋混凝土構造,114年11月28日,九層,三層,全筆移轉
RPQOMLLMKIKGFDF08DA,,233.06,共有部分，本共有部分之項目有：梯廳、貨梯、貨梯廳、安全梯、垃圾暫存間、空調機房、管委會使用空間（Ａ）、管委會使用空間（Ｂ）、管委會使用空間（Ｃ）、管委會使用空間（Ｄ）、管委會使用空間（Ｅ）、客梯廳（排煙室）、緊急昇降機、客梯、客梯兼行動不便者使用、無障礙安全梯、男廁、女廁、門廳、風除室、無障礙盥洗室、外廊、維修通道、吊裝陽台、機房、管委會使用空間、管委會使用空間Ａ、管委會使用空間Ｂ、昇降機間、水箱、自設裝卸位、法定裝卸位、自設小裝卸位、垃圾裝卸車位、防空避難室兼停車空間、機房（供電信用）、樓梯間、機械房、垃圾儲存空間、卸貨平台、緊急發電機房、排風機房、汽機車專用道、汽車專用道、機車停車空間、進風機房、受電箱電表室、台電配電場所、停車空間、低度汙染汙水處理機房、消防泵浦機房、雨水回收機房、蓄水池等５３項。,鋼筋混凝土構造,114年11月28日,九層,,持分移轉
RPOOMLLMKIKGFDF87DA,,225.59,共有部分，本共有部分之項目有：梯廳、貨梯、貨梯廳、安全梯、垃圾暫存間、空調機房、管委會使用空間（Ａ）、管委會使用空間（Ｂ）、管委會使用空間（Ｃ）、管委會使用空間（Ｄ）、管委會使用空間（Ｅ）、客梯廳（排煙室）、緊急昇降機、客梯、客梯兼行動不便者使用、無障礙安全梯、男廁、女廁、門廳、風除室、無障礙盥洗室、外廊、維修通道、吊裝陽台、機房、管委會使用空間、管委會使用空間Ａ、管委會使用空間Ｂ、昇降機間、水箱、自設裝卸位、法定裝卸位、自設小裝卸位、垃圾裝卸車位、防空避難室兼停車空間、機房（供電信用）、樓梯間、機械房、垃圾儲存空間、卸貨平台、緊急發電機房、排風機房、汽機車專用道、汽車專用道、機車停車空間、進風機房、受電箱電表室、台電配電場所、停車空間、低度汙染汙水處理機房、消防泵浦機房、雨水回收機房、蓄水池等５３項。,鋼筋混凝土構造,114年11月28日,九層,,持分移轉
RPRNMLLMKIKGFDF08DA,,240.74,共有部分，本共有部分之項目有：梯廳、貨梯、貨梯廳、安全梯、垃圾暫存間、空調機房、管委會使用空間（Ａ）、管委會使用空間（Ｂ）、管委會使用空間（Ｃ）、管委會使用空間（Ｄ）、管委會使用空間（Ｅ）、客梯廳（排煙室）、緊急昇降機、客梯、客梯兼行動不便者使用、無障礙安全梯、男廁、女廁、門廳、風除室、無障礙盥洗室、外廊、維修通道、吊裝陽台、機房、管委會使用空間、管委會使用空間Ａ、管委會使用空間Ｂ、昇降機間、水箱、自設裝卸位、法定裝卸位、自設小裝卸位、垃圾裝卸車位、防空避難室兼停車空間、機房（供電信用）、樓梯間、機械房、垃圾儲存空間、卸貨平台、緊急發電機房、排風機房、汽機車專用道、汽車專用道、機車停車空間、進風機房、受電箱電表室、台電配電場所、停車空間、低度汙染汙水處理機房、消防泵浦機房、雨水回收機房、蓄水池等５３項。,鋼筋混凝土構造,114年11月28日,九層,,持分移轉
RPSNMLLMKIKGFDF18DA,,242.17,廠房,鋼筋混凝土構造,114年11月28日,九層,三層,全筆移轉
RPSNMLLMKIKGFDF18DA,,249.50,共有部分，本共有部分之項目有：梯廳、貨梯、貨梯廳、安全梯、垃圾暫存間、空調機房、管委會使用空間（Ａ）、管委會使用空間（Ｂ）、管委會使用空間（Ｃ）、管委會使用空間（Ｄ）、管委會使用空間（Ｅ）、客梯廳（排煙室）、緊急昇降機、客梯、客梯兼行動不便者使用、無障礙安全梯、男廁、女廁、門廳、風除室、無障礙盥洗室、外廊、維修通道、吊裝陽台、機房、管委會使用空間、管委會使用空間Ａ、管委會使用空間Ｂ、昇降機間、水箱、自設裝卸位、法定裝卸位、自設小裝卸位、垃圾裝卸車位、防空避難室兼停車空間、機房（供電信用）、樓梯間、機械房、垃圾儲存空間、卸貨平台、緊急發電機房、排風機房、汽機車專用道、汽車專用道、機車停車空間、進風機房、受電箱電表室、台電配電場所、停車空間、低度汙染汙水處理機房、消防泵浦機房、雨水回收機房、蓄水池等５３項。,鋼筋混凝土構造,114年11月28日,九層,,持分移轉
RPQNMLLMKIKGFDF97DA,,262.87,廠房,鋼筋混凝土構造,114年11月28日,九層,三層,全筆移轉
RPQNMLLMKIKGFDF97DA,,264.65,共有部分，本共有部分之項目有：梯廳、貨梯、貨梯廳、安全梯、垃圾暫存間、空調機房、管委會使用空間（Ａ）、管委會使用空間（Ｂ）、管委會使用空間（Ｃ）、管委會使用空間（Ｄ）、管委會使用空間（Ｅ）、客梯廳（排煙室）、緊急昇降機、客梯、客梯兼行動不便者使用、無障礙安全梯、男廁、女廁、門廳、風除室、無障礙盥洗室、外廊、維修通道、吊裝陽台、機房、管委會使用空間、管委會使用空間Ａ、管委會使用空間Ｂ、昇降機間、水箱、自設裝卸位、法定裝卸位、自設小裝卸位、垃圾裝卸車位、防空避難室兼停車空間、機房（供電信用）、樓梯間、機械房、垃圾儲存空間、卸貨平台、緊急發電機房、排風機房、汽機車專用道、汽車專用道、機車停車空間、進風機房、受電箱電表室、台電配電場所、停車空間、低度汙染汙水處理機房、消防泵浦機房、雨水回收機房、蓄水池等５３項。,鋼筋混凝土構造,114年11月28日,九層,,持分移轉
RPVNMLLMKIKGFDF48DA,,242.69,廠房,鋼筋混凝土構造,114年11月28日,九層,四層,全筆移轉
RPVNMLLMKIKGFDF48DA,,225.89,共有部分，本共有部分之項目有：梯廳、貨梯、貨梯廳、安全梯、垃圾暫存間、空調機房、管委會使用空間（Ａ）、管委會使用空間（Ｂ）、管委會使用空間（Ｃ）、管委會使用空間（Ｄ）、管委會使用空間（Ｅ）、客梯廳（排煙室）、緊急昇降機、客梯、客梯兼行動不便者使用、無障礙安全梯、男廁、女廁、門廳、風除室、無障礙盥洗室、外廊、維修通道、吊裝陽台、機房、管委會使用空間、管委會使用空間Ａ、管委會使用空間Ｂ、昇降機間、水箱、自設裝卸位、法定裝卸位、自設小裝卸位、垃圾裝卸車位、防空避難室兼停車空間、機房（供電信用）、樓梯間、機械房、垃圾儲存空間、卸貨平台、緊急發電機房、排風機房、汽機車專用道、汽車專用道、機車停車空間、進風機房、受電箱電表室、台電配電場所、停車空間、低度汙染汙水處理機房、消防泵浦機房、雨水回收機房、蓄水池等５３項。,鋼筋混凝土構造,114年11月28日,九層,,持分移轉
RPXPMLPKOHLGFBF66DA,,56.42,集合住宅,鋼筋混凝土造,115年4月9日,十四層,十層 陽台,全筆移轉
RPXPMLPKOHLGFBF66DA,,66.50,本共有部分之項目有公共服務空間（一）、公共服務空間（二）、公共服務空間（三）、管委會空間（一）、管委會空間（二）、戶外安全梯、戶外安全梯無障礙樓梯、一般安全梯無障礙樓梯、排煙室、梯廳、梯間、消防水箱、電梯機械室、水箱、垃圾車位裝卸車位、垃圾及資源回收室、發電機室、電表區、防空避難室兼停車空間、台電配電場所、電信室、停車空間、機械室、消防機房、雨污水機房等２５項。,鋼筋混凝土造,115年4月9日,十四層,,持分移轉
RPSNMLMLOHLGFEF68DA,,80.85,集合住宅,鋼筋混凝土造,115年4月7日,十四層,八層 陽台,全筆移轉
RPSNMLMLOHLGFEF68DA,,66.61,本共有部分項目有：騎樓、管委會１、管委會２、無障礙戶外安全梯、戶外安全梯、垃圾車暫停車位、臨時車位、Ａ排煙室、Ｂ排煙室、Ａ梯廳、Ｂ梯廳、無障礙廁所、無障礙安全梯、汽機車坡道、Ａ樓梯間、訪客車位、Ｂ樓梯間、Ａ水箱、Ｂ水箱、昇降機房、垃圾貯存空間、台電配電場所、卸貨空間、機車停車空間、樓梯間、汽車坡道、機房、防空避難室兼停車空間、電信機房、停車空間、消防機房、雨水機房、發電機房等３３項。,鋼筋混凝土造,115年4月7日,十五層,,持分移轉
RPTOMLLKOHLGFBF38DA,,68.52,集合住宅,鋼筋混凝土造,115年4月9日,十四層,十二層 陽台,全筆移轉
RPTOMLLKOHLGFBF38DA,,73.87,本共有部分之項目有公共服務空間（一）、公共服務空間（二）、公共服務空間（三）、管委會空間（一）、管委會空間（二）、戶外安全梯、戶外安全梯無障礙樓梯、一般安全梯無障礙樓梯、排煙室、梯廳、梯間、消防水箱、電梯機械室、水箱、垃圾車位裝卸車位、垃圾及資源回收室、發電機室、電表區、防空避難室兼停車空間、台電配電場所、電信室、停車空間、機械室、消防機房、雨污水機房等２５項。,鋼筋混凝土造,115年4月9日,十四層,,持分移轉
RPVPMLRKOHLGFBF66DA,,94.38,事務所及工商服務業,鋼骨構造,115年3月17日,二十九層,二十一層 陽台,全筆移轉
RPVPMLRKOHLGFBF66DA,,87.63,本共有部分之項目有一般電梯、排煙室、梯廳、特別安全梯Ａ、梯間、一般梯、一般安全梯、進風、排煙、管道、排風、特別安全梯Ｂ無障礙梯、管委會使用空間、排煙室梯間、一般安全梯無障礙、緊急升降機無障礙電梯、停車空間、汽車車道、消防泵浦機房、緊急發電機機房、緊急發電機進風、消防中繼幫浦機房、防災中心監控設備設置位置、台電配電場所通道、受電箱、電信室、台電配電場所、防災中心、消防水箱、風除室、ＢＦ生活水箱Ａ、ＢＦ生活水箱Ｂ、ＢＦ生活水箱Ｃ、ＢＦ生活水箱Ｄ、ＲＦ消防中繼水箱、機電設備空間、電梯機房、機房、生活水箱、汽機車車道、暫停車位、垃圾暫存空間、汽車道、高層緩衝空間、緊急發電機排風、ＲＦ生活水箱Ｂ等４６項。,見其他登記事項,115年3月17日,二十九層,,持分移轉
RPOQMLPKOHLGFBF48DA,,53.51,集合住宅,鋼筋混凝土造,115年4月9日,十四層,十一層 陽台,全筆移轉
RPOQMLPKOHLGFBF48DA,,64.96,本共有部分之項目有公共服務空間（一）、公共服務空間（二）、公共服務空間（三）、管委會空間（一）、管委會空間（二）、戶外安全梯、戶外安全梯無障礙樓梯、一般安全梯無障礙樓梯、排煙室、梯廳、梯間、消防水箱、電梯機械室、水箱、垃圾車位裝卸車位、垃圾及資源回收室、發電機室、電表區、防空避難室兼停車空間、台電配電場所、電信室、停車空間、機械室、消防機房、雨污水機房等２５項。,鋼筋混凝土造,115年4月9日,十四層,,持分移轉
RPWPMLPKOHLGFBF56DA,,68.55,集合住宅,鋼筋混凝土造,115年4月9日,十四層,九層 陽台,全筆移轉
RPWPMLPKOHLGFBF56DA,,72.67,本共有部分之項目有公共服務空間（一）、公共服務空間（二）、公共服務空間（三）、管委會空間（一）、管委會空間（二）、戶外安全梯、戶外安全梯無障礙樓梯、一般安全梯無障礙樓梯、排煙室、梯廳、梯間、消防水箱、電梯機械室、水箱、垃圾車位裝卸車位、垃圾及資源回收室、發電機室、電表區、防空避難室兼停車空間、台電配電場所、電信室、停車空間、機械室、消防機房、雨污水機房等２５項。,鋼筋混凝土造,115年4月9日,十四層,,持分移轉
RPQRMLMLOHLGFBF58DA,,60.98,集合住宅,鋼骨鋼筋混凝土造,114年7月11日,二十四層,五層 陽台 雨遮,全筆移轉
RPQRMLMLOHLGFBF58DA,,33.95,本共有部分之項目有交誼廳（公共服務空間）、儲藏室、梯廳、管委會空間、無障礙安全梯Ａ１、排煙室、無障礙特別安全梯Ａ１、Ａ１特別安全梯、無障礙電梯、Ａ棟緊急升降機間兼排煙室、特別安全梯Ａ２、信箱區、客貨用電梯（兼自行車用）、走廊、休憩或會議空間、廁所、發電機排氣管道、發電機進氣管道、管道間、安全梯Ｂ、無障礙特別安全梯Ｂ、Ｂ棟緊急升降機間兼排煙室、社區休閒空間、緊急升降梯、Ｃ棟緊急升降機間兼排煙室、特別安全梯Ｃ、視聽室、排氣管道、多功能空間、管委會辦公空間、Ａ１梯排煙室、Ａ棟緊急升降機間、Ｂ梯排煙室、Ｂ棟緊急升降機間、Ｃ棟緊急升降機間、Ｃ梯排煙室、防空避難室兼停車空間、無障礙安全梯、進氣管道、進氣機房、Ａ棟梯廳、發電機房、排氣機房、汽車坡道、停車管理室、防災中心、台電配電場所、受電箱、垃圾儲藏室、停車空間、生活水箱、電信機房、消防機房、消防水箱、水景機房、生活水箱機房、雨水機房、外廊、安全梯Ａ３、Ｂ棟梯廳、Ｃ棟梯廳、安全梯Ｃ２、機房、水箱機房、水池設備間、電梯機房、陽臺等６７項。,鋼骨鋼筋混凝土構造、鋼筋混凝土構造,114年7月11日,二十四層,,持分移轉
RPSOMLMJOHLGFDF48DA,27,9.43,共有部分,鋼筋混凝土造,87年11月13日,十七層,,持分移轉
RPSOMLMJOHLGFDF48DA,27,37.05,商業用,鋼筋混凝土造,87年11月13日,十七層,一層 陽台,全筆移轉
RPTPMLMLNHLGFBF58DA,,82.68,集合住宅,鋼筋混凝土造,115年2月3日,二十層,十七層 陽台,全筆移轉
RPTPMLMLNHLGFBF58DA,,64.78,本共有部分之項目有：一般昇降機、無障礙特別安全梯甲、特別安全梯乙、無障礙特別安全梯丙、特別安全梯丁、無障礙緊急昇降機、排煙室Ａ、排煙室Ｂ、自然排煙室Ａ、自然排煙室Ｂ、無障礙安全梯戊、無障礙梯己、無障礙昇降機、梯廳、梯廳Ｅ、無障礙室內通路、大廳、防災中心、迴轉空間、管委會使用空間１、管委會使用空間２、管委會使用空間３、供管委會使用空間４、信箱區、梯間、一般梯壬、一般梯辛、下方電梯升降路、電梯機房、機房、消防機房、汽機車車道、門廳１、門廳２、社區使用車位、台電配電場所通道、受電箱、汽車車道、Ａ棟電表室、Ｂ棟電表室、台電配電場所（１）、台電配電場所（２）、上方地下室排氣管道、進氣管道、排氣管道、排煙室、資源回收室、電信機房、停車空間、風機位置、給水管道、電氣管道、緊急發電機室、無障礙安全梯、進風管道、管道間、上方排氣管道、維修口、電梯機坑、垃圾車位、廁所、電力、弱電、排氣、消防、給水、進氣、水箱、水錶牆、管道、陽台等７１項。,鋼筋混凝土造,115年2月3日,二十層,,持分移轉
RPORMLQLNHLGFEF98DA,,83.84,集合住宅,鋼筋混凝土造,115年4月8日,十五層,七層 陽台,全筆移轉
RPORMLQLNHLGFEF98DA,,23.81,共同使用之項目：排煙室、Ｃ１戶外安全梯、Ｃ２戶外安全梯、Ｃ棟梯廳、Ｃ棟排煙室、Ｃ１蓄水池、Ｃ２蓄水池、Ｃ棟梯間、消防專用屋頂水箱、電梯機房、水箱等１１項,鋼筋混凝土造,115年4月8日,十五層,,持分移轉
RPORMLQLNHLGFEF98DA,,46.01,共同使用之項目：入口門廳、門廊、室內引導通路、公共服務空間－１、公共服務空間－２、公共服務空間－３、管委會空間－１、管委會空間－２、管委會空間－３、管委會空間－５、管委會空間－６、Ａ棟梯廳、Ｃ棟梯廳、Ｂ１戶外安全梯、交誼廳、停車空間、資源回收空間、垃圾冷藏空間、台電配電場所、電信機房、發電機房、自行車停車空間、機車停車空間、Ｂ１安全梯、消防機房等２５項,鋼筋混凝土造,115年4月8日,十五層,,持分移轉
RPTTMLPKNHLGFBF56DA,,163.49,集合住宅,鋼筋混凝土造,115年2月3日,二十層,十九層 二十層 陽台,全筆移轉
RPTTMLPKNHLGFBF56DA,,129.01,本共有部分之項目有：一般昇降機、無障礙特別安全梯甲、特別安全梯乙、無障礙特別安全梯丙、特別安全梯丁、無障礙緊急昇降機、排煙室Ａ、排煙室Ｂ、自然排煙室Ａ、自然排煙室Ｂ、無障礙安全梯戊、無障礙梯己、無障礙昇降機、梯廳、梯廳Ｅ、無障礙室內通路、大廳、防災中心、迴轉空間、管委會使用空間１、管委會使用空間２、管委會使用空間３、供管委會使用空間４、信箱區、梯間、一般梯壬、一般梯辛、下方電梯升降路、電梯機房、機房、消防機房、汽機車車道、門廳１、門廳２、社區使用車位、台電配電場所通道、受電箱、汽車車道、Ａ棟電表室、Ｂ棟電表室、台電配電場所（１）、台電配電場所（２）、上方地下室排氣管道、進氣管道、排氣管道、排煙室、資源回收室、電信機房、停車空間、風機位置、給水管道、電氣管道、緊急發電機室、無障礙安全梯、進風管道、管道間、上方排氣管道、維修口、電梯機坑、垃圾車位、廁所、電力、弱電、排氣、消防、給水、進氣、水箱、水錶牆、管道、陽台等７１項。,鋼筋混凝土造,115年2月3日,二十層,,持分移轉
RPSOMLLKOHLGFBF28DA,,56.55,集合住宅,鋼筋混凝土造,115年4月9日,十四層,十一層 陽台,全筆移轉
RPSOMLLKOHLGFBF28DA,,66.57,本共有部分之項目有公共服務空間（一）、公共服務空間（二）、公共服務空間（三）、管委會空間（一）、管委會空間（二）、戶外安全梯、戶外安全梯無障礙樓梯、一般安全梯無障礙樓梯、排煙室、梯廳、梯間、消防水箱、電梯機械室、水箱、垃圾車位裝卸車位、垃圾及資源回收室、發電機室、電表區、防空避難室兼停車空間、台電配電場所、電信室、停車空間、機械室、消防機房、雨污水機房等２５項。,鋼筋混凝土造,115年4月9日,十四層,,持分移轉
RPPQMLKKOHLGFAF97DA,,68.14,集合住宅,鋼筋混凝土造,115年2月11日,七層,四層 陽台,全筆移轉
RPPQMLKKOHLGFAF97DA,,32.07,本案共有部分項目有：梯廳、管道間、無障礙停車空間、汽車昇降機道、客貨兩用升降機、樓電梯間、電梯機房、水表室、水箱室、屋頂水箱、防空避難室、台電配電場所、發電機房、電信機房、不鏽鋼蓄水池、倉儲式機械停車空間、防空避難室兼停車空間、消防泵室等１８項。,鋼筋混凝土造,115年2月11日,七層,,持分移轉
SPVPMLRKOHLGFBF76DA,,166.75,事務所及工商服務業,鋼骨構造,115年3月17日,二十九層,二十一層 陽台,全筆移轉
SPVPMLRKOHLGFBF76DA,,160.62,本共有部分之項目有一般電梯、排煙室、梯廳、特別安全梯Ａ、梯間、一般梯、一般安全梯、進風、排煙、管道、排風、特別安全梯Ｂ無障礙梯、管委會使用空間、排煙室梯間、一般安全梯無障礙、緊急升降機無障礙電梯、停車空間、汽車車道、消防泵浦機房、緊急發電機機房、緊急發電機進風、消防中繼幫浦機房、防災中心監控設備設置位置、台電配電場所通道、受電箱、電信室、台電配電場所、防災中心、消防水箱、風除室、ＢＦ生活水箱Ａ、ＢＦ生活水箱Ｂ、ＢＦ生活水箱Ｃ、ＢＦ生活水箱Ｄ、ＲＦ消防中繼水箱、機電設備空間、電梯機房、機房、生活水箱、汽機車車道、暫停車位、垃圾暫存空間、汽車道、高層緩衝空間、緊急發電機排風、ＲＦ生活水箱Ｂ等４６項。,見其他登記事項,115年3月17日,二十九層,,持分移轉
RPXQMLQLNHLGFEF17DA,,74.39,集合住宅,鋼筋混凝土造,115年4月8日,十五層,九層 陽台,全筆移轉
RPXQMLQLNHLGFEF17DA,,21.12,共同使用之項目：排煙室、Ｃ１戶外安全梯、Ｃ２戶外安全梯、Ｃ棟梯廳、Ｃ棟排煙室、Ｃ１蓄水池、Ｃ２蓄水池、Ｃ棟梯間、消防專用屋頂水箱、電梯機房、水箱等１１項,鋼筋混凝土造,115年4月8日,十五層,,持分移轉
RPXQMLQLNHLGFEF17DA,,44.45,共同使用之項目：入口門廳、門廊、室內引導通路、公共服務空間－１、公共服務空間－２、公共服務空間－３、管委會空間－１、管委會空間－２、管委會空間－３、管委會空間－５、管委會空間－６、Ａ棟梯廳、Ｃ棟梯廳、Ｂ１戶外安全梯、交誼廳、停車空間、資源回收空間、垃圾冷藏空間、台電配電場所、電信機房、發電機房、自行車停車空間、機車停車空間、Ｂ１安全梯、消防機房等２５項,鋼筋混凝土造,115年4月8日,十五層,,持分移轉
RPPSMLQLNHLGFEF56DA,,74.39,集合住宅,鋼筋混凝土造,115年4月8日,十五層,三層 陽台,全筆移轉
RPPSMLQLNHLGFEF56DA,,21.12,共同使用之項目：排煙室、Ｃ１戶外安全梯、Ｃ２戶外安全梯、Ｃ棟梯廳、Ｃ棟排煙室、Ｃ１蓄水池、Ｃ２蓄水池、Ｃ棟梯間、消防專用屋頂水箱、電梯機房、水箱等１１項,鋼筋混凝土造,115年4月8日,十五層,,持分移轉
RPPSMLQLNHLGFEF56DA,,41.17,共同使用之項目：入口門廳、門廊、室內引導通路、公共服務空間－１、公共服務空間－２、公共服務空間－３、管委會空間－１、管委會空間－２、管委會空間－３、管委會空間－５、管委會空間－６、Ａ棟梯廳、Ｃ棟梯廳、Ｂ１戶外安全梯、交誼廳、停車空間、資源回收空間、垃圾冷藏空間、台電配電場所、電信機房、發電機房、自行車停車空間、機車停車空間、Ｂ１安全梯、消防機房等２５項,鋼筋混凝土造,115年4月8日,十五層,,持分移轉
RPPOMLPLLHLGFBF18DA,28,81.05,住家用,鋼筋混凝土造,86年7月25日,八層,一層 陽台,全筆移轉
RPPOMLPLLHLGFBF18DA,28,6.00,共有部分,鋼筋混凝土造,86年7月25日,八層,,持分移轉
RPPOMLPLLHLGFBF18DA,28,.90,共有部分,鋼筋混凝土造,86年7月25日,八層,,持分移轉
RPRPMLMJOHLGFBF28DA,,68.55,集合住宅,鋼筋混凝土造,115年4月9日,十四層,三層 陽台,全筆移轉
RPRPMLMJOHLGFBF28DA,,72.67,本共有部分之項目有公共服務空間（一）、公共服務空間（二）、公共服務空間（三）、管委會空間（一）、管委會空間（二）、戶外安全梯、戶外安全梯無障礙樓梯、一般安全梯無障礙樓梯、排煙室、梯廳、梯間、消防水箱、電梯機械室、水箱、垃圾車位裝卸車位、垃圾及資源回收室、發電機室、電表區、防空避難室兼停車空間、台電配電場所、電信室、停車空間、機械室、消防機房、雨污水機房等２５項。,鋼筋混凝土造,115年4月9日,十四層,,持分移轉
RPVNMLQKOHLGFEF66DA,,51.47,集合住宅,鋼筋混凝土造,115年4月8日,十五層,十五層 陽台,全筆移轉
RPVNMLQKOHLGFEF66DA,,14.94,共同使用之項目：排煙室、Ａ１戶外安全梯、Ａ２戶外安全梯、Ａ棟梯廳、Ａ棟排煙室、Ａ１蓄水池、Ａ２蓄水池、Ａ棟梯間、消防專用屋頂水箱、電梯機房、水箱等１１項,鋼筋混凝土造,115年4月8日,十五層,,持分移轉
RPVNMLQKOHLGFEF66DA,,40.99,共同使用之項目：入口門廳、門廊、室內引導通路、公共服務空間－１、公共服務空間－２、公共服務空間－３、管委會空間－１、管委會空間－２、管委會空間－３、管委會空間－５、管委會空間－６、Ａ棟梯廳、Ｃ棟梯廳、Ｂ１戶外安全梯、交誼廳、停車空間、資源回收空間、垃圾冷藏空間、台電配電場所、電信機房、發電機房、自行車停車空間、機車停車空間、Ｂ１安全梯、消防機房等２５項,鋼筋混凝土造,115年4月8日,十五層,,持分移轉
RPUOMLPJOHLGFBF78DA,,58.96,事務所及工商服務業,鋼骨構造,115年3月17日,二十九層,十一層 陽台,全筆移轉
RPPOMLPJOHLGFBF28DA,,82.49,事務所及工商服務業,鋼骨構造,115年3月17日,二十九層,十一層 陽台,全筆移轉
RPPOMLPJOHLGFBF28DA,,79.72,本共有部分之項目有一般電梯、排煙室、梯廳、特別安全梯Ａ、梯間、一般梯、一般安全梯、進風、排煙、管道、排風、特別安全梯Ｂ無障礙梯、管委會使用空間、排煙室梯間、一般安全梯無障礙、緊急升降機無障礙電梯、停車空間、汽車車道、消防泵浦機房、緊急發電機機房、緊急發電機進風、消防中繼幫浦機房、防災中心監控設備設置位置、台電配電場所通道、受電箱、電信室、台電配電場所、防災中心、消防水箱、風除室、ＢＦ生活水箱Ａ、ＢＦ生活水箱Ｂ、ＢＦ生活水箱Ｃ、ＢＦ生活水箱Ｄ、ＲＦ消防中繼水箱、機電設備空間、電梯機房、機房、生活水箱、汽機車車道、暫停車位、垃圾暫存空間、汽車道、高層緩衝空間、緊急發電機排風、ＲＦ生活水箱Ｂ等４６項。,見其他登記事項,115年3月17日,二十九層,,持分移轉
RPUOMLPJOHLGFBF78DA,,64.07,本共有部分之項目有一般電梯、排煙室、梯廳、特別安全梯Ａ、梯間、一般梯、一般安全梯、進風、排煙、管道、排風、特別安全梯Ｂ無障礙梯、管委會使用空間、排煙室梯間、一般安全梯無障礙、緊急升降機無障礙電梯、停車空間、汽車車道、消防泵浦機房、緊急發電機機房、緊急發電機進風、消防中繼幫浦機房、防災中心監控設備設置位置、台電配電場所通道、受電箱、電信室、台電配電場所、防災中心、消防水箱、風除室、ＢＦ生活水箱Ａ、ＢＦ生活水箱Ｂ、ＢＦ生活水箱Ｃ、ＢＦ生活水箱Ｄ、ＲＦ消防中繼水箱、機電設備空間、電梯機房、機房、生活水箱、汽機車車道、暫停車位、垃圾暫存空間、汽車道、高層緩衝空間、緊急發電機排風、ＲＦ生活水箱Ｂ等４６項。,見其他登記事項,115年3月17日,二十九層,,持分移轉
RPURMLQLNHLGFEF96DA,,70.28,集合住宅,鋼筋混凝土造,115年4月8日,十五層,八層 陽台,全筆移轉
RPURMLQLNHLGFEF96DA,,19.96,共同使用之項目：排煙室、Ｃ１戶外安全梯、Ｃ２戶外安全梯、Ｃ棟梯廳、Ｃ棟排煙室、Ｃ１蓄水池、Ｃ２蓄水池、Ｃ棟梯間、消防專用屋頂水箱、電梯機房、水箱等１１項,鋼筋混凝土造,115年4月8日,十五層,,持分移轉
RPURMLQLNHLGFEF96DA,,43.91,共同使用之項目：入口門廳、門廊、室內引導通路、公共服務空間－１、公共服務空間－２、公共服務空間－３、管委會空間－１、管委會空間－２、管委會空間－３、管委會空間－５、管委會空間－６、Ａ棟梯廳、Ｃ棟梯廳、Ｂ１戶外安全梯、交誼廳、停車空間、資源回收空間、垃圾冷藏空間、台電配電場所、電信機房、發電機房、自行車停車空間、機車停車空間、Ｂ１安全梯、消防機房等２５項,鋼筋混凝土造,115年4月8日,十五層,,持分移轉
RPOTMLLKOHLGFHF98DA,,47.80,集合住宅,鋼筋混凝土構造,114年10月17日,六層,六層 陽台,全筆移轉
RPOTMLLKOHLGFHF98DA,,24.42,共有部分，本共有部分項目有：防空避難室、電信機房、水箱、梯廳、無障礙電梯、無障礙樓梯、樓梯間、昇降機房等８項。,鋼筋混凝土構造,114年10月17日,六層,,持分移轉
RPPPMLQKOHLGFBF58DA,,58.96,事務所及工商服務業,鋼骨構造,115年3月17日,二十九層,七層 陽台,全筆移轉
RPPPMLQKOHLGFBF58DA,,39.21,本共有部分之項目有一般電梯、排煙室、梯廳、特別安全梯Ａ、梯間、一般梯、一般安全梯、進風、排煙、管道、排風、特別安全梯Ｂ無障礙梯、管委會使用空間、排煙室梯間、一般安全梯無障礙、緊急升降機無障礙電梯、停車空間、汽車車道、消防泵浦機房、緊急發電機機房、緊急發電機進風、消防中繼幫浦機房、防災中心監控設備設置位置、台電配電場所通道、受電箱、電信室、台電配電場所、防災中心、消防水箱、風除室、ＢＦ生活水箱Ａ、ＢＦ生活水箱Ｂ、ＢＦ生活水箱Ｃ、ＢＦ生活水箱Ｄ、ＲＦ消防中繼水箱、機電設備空間、電梯機房、機房、生活水箱、汽機車車道、暫停車位、垃圾暫存空間、汽車道、高層緩衝空間、緊急發電機排風、ＲＦ生活水箱Ｂ等４６項。,見其他登記事項,115年3月17日,二十九層,,持分移轉
RPSQMLQLNHLGFEF66DA,,74.39,集合住宅,鋼筋混凝土造,115年4月8日,十五層,六層 陽台,全筆移轉
RPSQMLQLNHLGFEF66DA,,21.12,共同使用之項目：排煙室、Ｃ１戶外安全梯、Ｃ２戶外安全梯、Ｃ棟梯廳、Ｃ棟排煙室、Ｃ１蓄水池、Ｃ２蓄水池、Ｃ棟梯間、消防專用屋頂水箱、電梯機房、水箱等１１項,鋼筋混凝土造,115年4月8日,十五層,,持分移轉
RPSQMLQLNHLGFEF66DA,,44.45,共同使用之項目：入口門廳、門廊、室內引導通路、公共服務空間－１、公共服務空間－２、公共服務空間－３、管委會空間－１、管委會空間－２、管委會空間－３、管委會空間－５、管委會空間－６、Ａ棟梯廳、Ｃ棟梯廳、Ｂ１戶外安全梯、交誼廳、停車空間、資源回收空間、垃圾冷藏空間、台電配電場所、電信機房、發電機房、自行車停車空間、機車停車空間、Ｂ１安全梯、消防機房等２５項,鋼筋混凝土造,115年4月8日,十五層,,持分移轉
RPSOMLPJOHLGFBF58DA,,104.11,事務所及工商服務業,鋼骨構造,115年3月17日,二十九層,六層 陽台,全筆移轉
RPSOMLPJOHLGFBF58DA,,94.10,本共有部分之項目有一般電梯、排煙室、梯廳、特別安全梯Ａ、梯間、一般梯、一般安全梯、進風、排煙、管道、排風、特別安全梯Ｂ無障礙梯、管委會使用空間、排煙室梯間、一般安全梯無障礙、緊急升降機無障礙電梯、停車空間、汽車車道、消防泵浦機房、緊急發電機機房、緊急發電機進風、消防中繼幫浦機房、防災中心監控設備設置位置、台電配電場所通道、受電箱、電信室、台電配電場所、防災中心、消防水箱、風除室、ＢＦ生活水箱Ａ、ＢＦ生活水箱Ｂ、ＢＦ生活水箱Ｃ、ＢＦ生活水箱Ｄ、ＲＦ消防中繼水箱、機電設備空間、電梯機房、機房、生活水箱、汽機車車道、暫停車位、垃圾暫存空間、汽車道、高層緩衝空間、緊急發電機排風、ＲＦ生活水箱Ｂ等４６項。,見其他登記事項,115年3月17日,二十九層,,持分移轉
RPTQMLQLNHLGFEF76DA,,74.39,集合住宅,鋼筋混凝土造,115年4月8日,十五層,七層 陽台,全筆移轉
RPTQMLQLNHLGFEF76DA,,21.12,共同使用之項目：排煙室、Ｃ１戶外安全梯、Ｃ２戶外安全梯、Ｃ棟梯廳、Ｃ棟排煙室、Ｃ１蓄水池、Ｃ２蓄水池、Ｃ棟梯間、消防專用屋頂水箱、電梯機房、水箱等１１項,鋼筋混凝土造,115年4月8日,十五層,,持分移轉
RPOPMLQKOHLGFBF48DA,,104.11,事務所及工商服務業,鋼骨構造,115年3月17日,二十九層,十三層 陽台,全筆移轉
RPTQMLQLNHLGFEF76DA,,44.45,共同使用之項目：入口門廳、門廊、室內引導通路、公共服務空間－１、公共服務空間－２、公共服務空間－３、管委會空間－１、管委會空間－２、管委會空間－３、管委會空間－５、管委會空間－６、Ａ棟梯廳、Ｃ棟梯廳、Ｂ１戶外安全梯、交誼廳、停車空間、資源回收空間、垃圾冷藏空間、台電配電場所、電信機房、發電機房、自行車停車空間、機車停車空間、Ｂ１安全梯、消防機房等２５項,鋼筋混凝土造,115年4月8日,十五層,,持分移轉
RPQQMLQLNHLGFEF09DA,,62.39,集合住宅,鋼筋混凝土造,115年4月8日,十五層,三層 陽台,全筆移轉
RPOPMLQKOHLGFBF48DA,,118.97,本共有部分之項目有一般電梯、排煙室、梯廳、特別安全梯Ａ、梯間、一般梯、一般安全梯、進風、排煙、管道、排風、特別安全梯Ｂ無障礙梯、管委會使用空間、排煙室梯間、一般安全梯無障礙、緊急升降機無障礙電梯、停車空間、汽車車道、消防泵浦機房、緊急發電機機房、緊急發電機進風、消防中繼幫浦機房、防災中心監控設備設置位置、台電配電場所通道、受電箱、電信室、台電配電場所、防災中心、消防水箱、風除室、ＢＦ生活水箱Ａ、ＢＦ生活水箱Ｂ、ＢＦ生活水箱Ｃ、ＢＦ生活水箱Ｄ、ＲＦ消防中繼水箱、機電設備空間、電梯機房、機房、生活水箱、汽機車車道、暫停車位、垃圾暫存空間、汽車道、高層緩衝空間、緊急發電機排風、ＲＦ生活水箱Ｂ等４６項。,見其他登記事項,115年3月17日,二十九層,,持分移轉
RPQQMLQLNHLGFEF09DA,,17.71,共同使用之項目：排煙室、Ｃ１戶外安全梯、Ｃ２戶外安全梯、Ｃ棟梯廳、Ｃ棟排煙室、Ｃ１蓄水池、Ｃ２蓄水池、Ｃ棟梯間、消防專用屋頂水箱、電梯機房、水箱等１１項,鋼筋混凝土造,115年4月8日,十五層,,持分移轉
RPQQMLQLNHLGFEF09DA,,42.63,共同使用之項目：入口門廳、門廊、室內引導通路、公共服務空間－１、公共服務空間－２、公共服務空間－３、管委會空間－１、管委會空間－２、管委會空間－３、管委會空間－５、管委會空間－６、Ａ棟梯廳、Ｃ棟梯廳、Ｂ１戶外安全梯、交誼廳、停車空間、資源回收空間、垃圾冷藏空間、台電配電場所、電信機房、發電機房、自行車停車空間、機車停車空間、Ｂ１安全梯、消防機房等２５項,鋼筋混凝土造,115年4月8日,十五層,,持分移轉
RPXOMLQKOHLGFBF66DA,,104.11,事務所及工商服務業,鋼骨構造,115年3月17日,二十九層,四層 陽台,全筆移轉
RPXOMLQKOHLGFBF66DA,,94.10,本共有部分之項目有一般電梯、排煙室、梯廳、特別安全梯Ａ、梯間、一般梯、一般安全梯、進風、排煙、管道、排風、特別安全梯Ｂ無障礙梯、管委會使用空間、排煙室梯間、一般安全梯無障礙、緊急升降機無障礙電梯、停車空間、汽車車道、消防泵浦機房、緊急發電機機房、緊急發電機進風、消防中繼幫浦機房、防災中心監控設備設置位置、台電配電場所通道、受電箱、電信室、台電配電場所、防災中心、消防水箱、風除室、ＢＦ生活水箱Ａ、ＢＦ生活水箱Ｂ、ＢＦ生活水箱Ｃ、ＢＦ生活水箱Ｄ、ＲＦ消防中繼水箱、機電設備空間、電梯機房、機房、生活水箱、汽機車車道、暫停車位、垃圾暫存空間、汽車道、高層緩衝空間、緊急發電機排風、ＲＦ生活水箱Ｂ等４６項。,見其他登記事項,115年3月17日,二十九層,,持分移轉
SPXOMLQKOHLGFBF76DA,,82.49,事務所及工商服務業,鋼骨構造,115年3月17日,二十九層,十二層 陽台,全筆移轉
SPXOMLQKOHLGFBF76DA,,79.72,本共有部分之項目有一般電梯、排煙室、梯廳、特別安全梯Ａ、梯間、一般梯、一般安全梯、進風、排煙、管道、排風、特別安全梯Ｂ無障礙梯、管委會使用空間、排煙室梯間、一般安全梯無障礙、緊急升降機無障礙電梯、停車空間、汽車車道、消防泵浦機房、緊急發電機機房、緊急發電機進風、消防中繼幫浦機房、防災中心監控設備設置位置、台電配電場所通道、受電箱、電信室、台電配電場所、防災中心、消防水箱、風除室、ＢＦ生活水箱Ａ、ＢＦ生活水箱Ｂ、ＢＦ生活水箱Ｃ、ＢＦ生活水箱Ｄ、ＲＦ消防中繼水箱、機電設備空間、電梯機房、機房、生活水箱、汽機車車道、暫停車位、垃圾暫存空間、汽車道、高層緩衝空間、緊急發電機排風、ＲＦ生活水箱Ｂ等４６項。,見其他登記事項,115年3月17日,二十九層,,持分移轉
RPVNMLSLIIKGFHF66DA,1,74.49,集合住宅,鋼筋混凝土構造,114年1月2日,十四層,七層 陽台 雨遮,全筆移轉
RPVNMLSLIIKGFHF66DA,1,80.48,本共有部分項目有：陽台、廊道、公共服務空間（教學教室、圖書室、交誼廳、兒童遊戲區、會議室）、梯廳兼排煙室、排煙室、梯廳、走廊、雨遮、梯間、樓梯間、民生水箱、消防水箱、機電設備空間、機電設備空間（電信室、受電箱室、消防機房、汙水處理機房、發電機房）、昇降機房、管委會使用空間、管委會使用空間２儲藏室、沉砂滯洪池、滯洪沉砂池、管委會使用空間ａ、管委會使用空間ｃ、管委會使用空間ｄ、停車空間、層間車道、防空避難室兼停車空間、公共廁所、垃圾暫存區、台電配電場所、Ａ棟民生水箱、Ｂ棟民生水箱、台電管道間、裝卸車位等４０項。,鋼筋混凝土構造,114年1月2日,十四層,,持分移轉
RPOOMLPJOHLGFBF18DA,,82.49,事務所及工商服務業,鋼骨構造,115年3月17日,二十九層,五層 陽台,全筆移轉
RPOOMLPJOHLGFBF18DA,,79.72,本共有部分之項目有一般電梯、排煙室、梯廳、特別安全梯Ａ、梯間、一般梯、一般安全梯、進風、排煙、管道、排風、特別安全梯Ｂ無障礙梯、管委會使用空間、排煙室梯間、一般安全梯無障礙、緊急升降機無障礙電梯、停車空間、汽車車道、消防泵浦機房、緊急發電機機房、緊急發電機進風、消防中繼幫浦機房、防災中心監控設備設置位置、台電配電場所通道、受電箱、電信室、台電配電場所、防災中心、消防水箱、風除室、ＢＦ生活水箱Ａ、ＢＦ生活水箱Ｂ、ＢＦ生活水箱Ｃ、ＢＦ生活水箱Ｄ、ＲＦ消防中繼水箱、機電設備空間、電梯機房、機房、生活水箱、汽機車車道、暫停車位、垃圾暫存空間、汽車道、高層緩衝空間、緊急發電機排風、ＲＦ生活水箱Ｂ等４６項。,見其他登記事項,115年3月17日,二十九層,,持分移轉
RPQRMLQLNHLGFEF56DA,,70.28,集合住宅,鋼筋混凝土造,115年4月8日,十五層,三層 陽台,全筆移轉
RPPOMLPLLHLGFCF28DA,,57.32,集合住宅,鋼筋混凝土構造,114年12月2日,四層,一層 雨遮,全筆移轉
RPQRMLQLNHLGFEF56DA,,19.96,共同使用之項目：排煙室、Ｃ１戶外安全梯、Ｃ２戶外安全梯、Ｃ棟梯廳、Ｃ棟排煙室、Ｃ１蓄水池、Ｃ２蓄水池、Ｃ棟梯間、消防專用屋頂水箱、電梯機房、水箱等１１項,鋼筋混凝土造,115年4月8日,十五層,,持分移轉
RPPOMLPLLHLGFCF28DA,,50.42,本共有部分項目計有：無障礙電梯、梯廳、無障礙安全梯、車道、消防機械室、消防蓄水池、停車空間、緊急發電機室、機房空間、蓄水池、汙水處理池、垃圾儲藏室、樓梯間、行動不便電梯、安全梯、臥室水箱、消防水箱、水箱空間等共計１８項。,鋼筋混凝土構造,114年12月2日,四層,,持分移轉
RPQRMLQLNHLGFEF56DA,,43.91,共同使用之項目：入口門廳、門廊、室內引導通路、公共服務空間－１、公共服務空間－２、公共服務空間－３、管委會空間－１、管委會空間－２、管委會空間－３、管委會空間－５、管委會空間－６、Ａ棟梯廳、Ｃ棟梯廳、Ｂ１戶外安全梯、交誼廳、停車空間、資源回收空間、垃圾冷藏空間、台電配電場所、電信機房、發電機房、自行車停車空間、機車停車空間、Ｂ１安全梯、消防機房等２５項,鋼筋混凝土造,115年4月8日,十五層,,持分移轉
RPRRMLQLNHLGFEF66DA,,70.28,集合住宅,鋼筋混凝土造,115年4月8日,十五層,五層 陽台,全筆移轉
RPRRMLQLNHLGFEF66DA,,19.96,共同使用之項目：排煙室、Ｃ１戶外安全梯、Ｃ２戶外安全梯、Ｃ棟梯廳、Ｃ棟排煙室、Ｃ１蓄水池、Ｃ２蓄水池、Ｃ棟梯間、消防專用屋頂水箱、電梯機房、水箱等１１項,鋼筋混凝土造,115年4月8日,十五層,,持分移轉
RPRRMLQLNHLGFEF66DA,,43.91,共同使用之項目：入口門廳、門廊、室內引導通路、公共服務空間－１、公共服務空間－２、公共服務空間－３、管委會空間－１、管委會空間－２、管委會空間－３、管委會空間－５、管委會空間－６、Ａ棟梯廳、Ｃ棟梯廳、Ｂ１戶外安全梯、交誼廳、停車空間、資源回收空間、垃圾冷藏空間、台電配電場所、電信機房、發電機房、自行車停車空間、機車停車空間、Ｂ１安全梯、消防機房等２５項,鋼筋混凝土造,115年4月8日,十五層,,持分移轉
RPSRMLQLNHLGFEF76DA,,70.28,集合住宅,鋼筋混凝土造,115年4月8日,十五層,六層 陽台,全筆移轉
RPSRMLQLNHLGFEF76DA,,19.96,共同使用之項目：排煙室、Ｃ１戶外安全梯、Ｃ２戶外安全梯、Ｃ棟梯廳、Ｃ棟排煙室、Ｃ１蓄水池、Ｃ２蓄水池、Ｃ棟梯間、消防專用屋頂水箱、電梯機房、水箱等１１項,鋼筋混凝土造,115年4月8日,十五層,,持分移轉
RPSRMLQLNHLGFEF76DA,,43.91,共同使用之項目：入口門廳、門廊、室內引導通路、公共服務空間－１、公共服務空間－２、公共服務空間－３、管委會空間－１、管委會空間－２、管委會空間－３、管委會空間－５、管委會空間－６、Ａ棟梯廳、Ｃ棟梯廳、Ｂ１戶外安全梯、交誼廳、停車空間、資源回收空間、垃圾冷藏空間、台電配電場所、電信機房、發電機房、自行車停車空間、機車停車空間、Ｂ１安全梯、消防機房等２５項,鋼筋混凝土造,115年4月8日,十五層,,持分移轉
RPPOMLOJOHLGFEF48DA,,59.06,集合住宅,鋼筋混凝土造,115年4月7日,十五層,七層 陽台,全筆移轉
RPPOMLOJOHLGFEF48DA,,55.61,本共有部分項目有：騎樓、管委會１、管委會２、無障礙戶外安全梯、戶外安全梯、垃圾車暫停車位、臨時車位、Ａ排煙室、Ｂ排煙室、Ａ梯廳、Ｂ梯廳、無障礙廁所、無障礙安全梯、汽機車坡道、Ａ樓梯間、訪客車位、Ｂ樓梯間、Ａ水箱、Ｂ水箱、昇降機房、垃圾貯存空間、台電配電場所、卸貨空間、機車停車空間、樓梯間、汽車坡道、機房、防空避難室兼停車空間、電信機房、停車空間、消防機房、雨水機房、發電機房等３３項。,鋼筋混凝土造,115年4月7日,十五層,,持分移轉
RPQOMLPLLHLGFCF38DA,,57.54,集合住宅,鋼筋混凝土構造,114年12月2日,四層,一層 雨遮,全筆移轉
RPQOMLPLLHLGFCF38DA,,50.45,本共有部分項目計有：無障礙電梯、梯廳、無障礙安全梯、車道、消防機械室、消防蓄水池、停車空間、緊急發電機室、機房空間、蓄水池、汙水處理池、垃圾儲藏室、樓梯間、行動不便電梯、安全梯、臥室水箱、消防水箱、水箱空間等共計１８項。,鋼筋混凝土構造,114年12月2日,四層,,持分移轉
RPQPMLQKOHLGFBF68DA,,58.96,事務所及工商服務業,鋼骨構造,115年3月17日,二十九層,十三層 陽台,全筆移轉
RPQPMLQKOHLGFBF68DA,,39.21,本共有部分之項目有一般電梯、排煙室、梯廳、特別安全梯Ａ、梯間、一般梯、一般安全梯、進風、排煙、管道、排風、特別安全梯Ｂ無障礙梯、管委會使用空間、排煙室梯間、一般安全梯無障礙、緊急升降機無障礙電梯、停車空間、汽車車道、消防泵浦機房、緊急發電機機房、緊急發電機進風、消防中繼幫浦機房、防災中心監控設備設置位置、台電配電場所通道、受電箱、電信室、台電配電場所、防災中心、消防水箱、風除室、ＢＦ生活水箱Ａ、ＢＦ生活水箱Ｂ、ＢＦ生活水箱Ｃ、ＢＦ生活水箱Ｄ、ＲＦ消防中繼水箱、機電設備空間、電梯機房、機房、生活水箱、汽機車車道、暫停車位、垃圾暫存空間、汽車道、高層緩衝空間、緊急發電機排風、ＲＦ生活水箱Ｂ等４６項。,見其他登記事項,115年3月17日,二十九層,,持分移轉
RPTOMLPJOHLGFBF68DA,,58.96,事務所及工商服務業,鋼骨構造,115年3月17日,二十九層,四層 陽台,全筆移轉
RPTOMLPJOHLGFBF68DA,,64.07,本共有部分之項目有一般電梯、排煙室、梯廳、特別安全梯Ａ、梯間、一般梯、一般安全梯、進風、排煙、管道、排風、特別安全梯Ｂ無障礙梯、管委會使用空間、排煙室梯間、一般安全梯無障礙、緊急升降機無障礙電梯、停車空間、汽車車道、消防泵浦機房、緊急發電機機房、緊急發電機進風、消防中繼幫浦機房、防災中心監控設備設置位置、台電配電場所通道、受電箱、電信室、台電配電場所、防災中心、消防水箱、風除室、ＢＦ生活水箱Ａ、ＢＦ生活水箱Ｂ、ＢＦ生活水箱Ｃ、ＢＦ生活水箱Ｄ、ＲＦ消防中繼水箱、機電設備空間、電梯機房、機房、生活水箱、汽機車車道、暫停車位、垃圾暫存空間、汽車道、高層緩衝空間、緊急發電機排風、ＲＦ生活水箱Ｂ等４６項。,見其他登記事項,115年3月17日,二十九層,,持分移轉
RPROMLPKOHLGFEF88DA,,59.06,集合住宅,鋼筋混凝土造,115年4月7日,十五層,九層 陽台,全筆移轉
RPROMLPKOHLGFEF88DA,,55.61,本共有部分項目有：騎樓、管委會１、管委會２、無障礙戶外安全梯、戶外安全梯、垃圾車暫停車位、臨時車位、Ａ排煙室、Ｂ排煙室、Ａ梯廳、Ｂ梯廳、無障礙廁所、無障礙安全梯、汽機車坡道、Ａ樓梯間、訪客車位、Ｂ樓梯間、Ａ水箱、Ｂ水箱、昇降機房、垃圾貯存空間、台電配電場所、卸貨空間、機車停車空間、樓梯間、汽車坡道、機房、防空避難室兼停車空間、電信機房、停車空間、消防機房、雨水機房、發電機房等３３項。,鋼筋混凝土造,115年4月7日,十五層,,持分移轉
RPSOMLSKOHLGFIF07DA,,86.63,集合住宅,鋼筋混凝土造,115年2月12日,十一層,二層 陽台,全筆移轉
RPSOMLSKOHLGFIF07DA,,71.96,本共有部分之項目有：汽車坡道、安全梯、無障礙安全梯、無障礙升降機、梯廳、管委會使用空間、陽台、樓電梯間、日用水箱、電梯機房、消防水箱、發電機室、台電配電場所、機車停車、電信機房、停車空間、汙水機房、消防泵室、汽機車道、樓梯間及防空避難室兼停車空間等２１項。,鋼筋混凝土造,115年2月12日,十一層,,持分移轉
RPSPMLQKOHLGFBF88DA,,82.49,事務所及工商服務業,鋼骨構造,115年3月17日,二十九層,十四層 陽台,全筆移轉
RPSPMLQKOHLGFBF88DA,,79.72,本共有部分之項目有一般電梯、排煙室、梯廳、特別安全梯Ａ、梯間、一般梯、一般安全梯、進風、排煙、管道、排風、特別安全梯Ｂ無障礙梯、管委會使用空間、排煙室梯間、一般安全梯無障礙、緊急升降機無障礙電梯、停車空間、汽車車道、消防泵浦機房、緊急發電機機房、緊急發電機進風、消防中繼幫浦機房、防災中心監控設備設置位置、台電配電場所通道、受電箱、電信室、台電配電場所、防災中心、消防水箱、風除室、ＢＦ生活水箱Ａ、ＢＦ生活水箱Ｂ、ＢＦ生活水箱Ｃ、ＢＦ生活水箱Ｄ、ＲＦ消防中繼水箱、機電設備空間、電梯機房、機房、生活水箱、汽機車車道、暫停車位、垃圾暫存空間、汽車道、高層緩衝空間、緊急發電機排風、ＲＦ生活水箱Ｂ等４６項。,見其他登記事項,115年3月17日,二十九層,,持分移轉
RPRPMLQKOHLGFBF78DA,,58.96,事務所及工商服務業,鋼骨構造,115年3月17日,二十九層,十五層 陽台,全筆移轉
RPROMLPJOHLGFBF48DA,,58.96,事務所及工商服務業,鋼骨構造,115年3月17日,二十九層,十五層 陽台,全筆移轉
RPRPMLQKOHLGFBF78DA,,64.07,本共有部分之項目有一般電梯、排煙室、梯廳、特別安全梯Ａ、梯間、一般梯、一般安全梯、進風、排煙、管道、排風、特別安全梯Ｂ無障礙梯、管委會使用空間、排煙室梯間、一般安全梯無障礙、緊急升降機無障礙電梯、停車空間、汽車車道、消防泵浦機房、緊急發電機機房、緊急發電機進風、消防中繼幫浦機房、防災中心監控設備設置位置、台電配電場所通道、受電箱、電信室、台電配電場所、防災中心、消防水箱、風除室、ＢＦ生活水箱Ａ、ＢＦ生活水箱Ｂ、ＢＦ生活水箱Ｃ、ＢＦ生活水箱Ｄ、ＲＦ消防中繼水箱、機電設備空間、電梯機房、機房、生活水箱、汽機車車道、暫停車位、垃圾暫存空間、汽車道、高層緩衝空間、緊急發電機排風、ＲＦ生活水箱Ｂ等４６項。,見其他登記事項,115年3月17日,二十九層,,持分移轉
RPROMLPJOHLGFBF48DA,,64.07,本共有部分之項目有一般電梯、排煙室、梯廳、特別安全梯Ａ、梯間、一般梯、一般安全梯、進風、排煙、管道、排風、特別安全梯Ｂ無障礙梯、管委會使用空間、排煙室梯間、一般安全梯無障礙、緊急升降機無障礙電梯、停車空間、汽車車道、消防泵浦機房、緊急發電機機房、緊急發電機進風、消防中繼幫浦機房、防災中心監控設備設置位置、台電配電場所通道、受電箱、電信室、台電配電場所、防災中心、消防水箱、風除室、ＢＦ生活水箱Ａ、ＢＦ生活水箱Ｂ、ＢＦ生活水箱Ｃ、ＢＦ生活水箱Ｄ、ＲＦ消防中繼水箱、機電設備空間、電梯機房、機房、生活水箱、汽機車車道、暫停車位、垃圾暫存空間、汽車道、高層緩衝空間、緊急發電機排風、ＲＦ生活水箱Ｂ等４６項。,見其他登記事項,115年3月17日,二十九層,,持分移轉
RPPWMLOJOHLGFGF86DA,,56.21,集合住宅,鋼筋混凝土造,115年3月31日,十五層,二層 陽台,全筆移轉
RPPWMLOJOHLGFGF86DA,,55.71,本共有部分項目有：管委會空間、梯廳、緊急昇降機、無障礙昇降機、緊急昇降機間（排煙室）、無障礙戶外安全梯（Ａ）、戶外安全梯（Ｂ）、汽機車坡道、機房、防空避難室兼停車空間、台電配電場所、發電機房、電信機房、設備基座、汽車坡道、垃圾暫存室、水箱、消防泵浦室、水錶機房、樓梯間、電梯機房、屋頂水箱、安全梯（Ａ）、停車空間、泳池水箱、無障礙安全梯（Ａ）、裝卸車位、垃圾車位等２８項。,鋼筋混凝土造,115年3月31日,十五層,,持分移轉
RPWPMLTKNHLGFBF86DA,,82.61,集合住宅,鋼筋混凝土造,115年2月3日,二十層,五層 陽台,全筆移轉
RPWPMLTKNHLGFBF86DA,,64.78,本共有部分之項目有：一般昇降機、無障礙特別安全梯甲、特別安全梯乙、無障礙特別安全梯丙、特別安全梯丁、無障礙緊急昇降機、排煙室Ａ、排煙室Ｂ、自然排煙室Ａ、自然排煙室Ｂ、無障礙安全梯戊、無障礙梯己、無障礙昇降機、梯廳、梯廳Ｅ、無障礙室內通路、大廳、防災中心、迴轉空間、管委會使用空間１、管委會使用空間２、管委會使用空間３、供管委會使用空間４、信箱區、梯間、一般梯壬、一般梯辛、下方電梯升降路、電梯機房、機房、消防機房、汽機車車道、門廳１、門廳２、社區使用車位、台電配電場所通道、受電箱、汽車車道、Ａ棟電表室、Ｂ棟電表室、台電配電場所（１）、台電配電場所（２）、上方地下室排氣管道、進氣管道、排氣管道、排煙室、資源回收室、電信機房、停車空間、風機位置、給水管道、電氣管道、緊急發電機室、無障礙安全梯、進風管道、管道間、上方排氣管道、維修口、電梯機坑、垃圾車位、廁所、電力、弱電、排氣、消防、給水、進氣、水箱、水錶牆、管道、陽台等７１項。,鋼筋混凝土造,115年2月3日,二十層,,持分移轉
RPXUNLSLJIKGFGF67DA,,48.79,集合住宅,鋼筋混凝土造,115年4月15日,十五層,二層 陽台,全筆移轉
RPQWMLSLJIKGFGF07DA,,64.38,集合住宅,鋼筋混凝土造,115年4月15日,十五層,三層 陽台,全筆移轉
RPQWMLSLJIKGFGF07DA,,58.45,本共有部分之項目有：管委會使用空間、無障礙廁所、中央監控室、車道、戶外安全梯、排煙室、無障礙電梯、緊急昇降機、Ａ梯廳、Ｂ梯廳、Ａ梯間、昇降機、安全梯／無障礙梯、Ｂ梯間、電信機房、機道、電梯機房、Ａ棟水箱、Ｂ棟水箱、防空避難室兼停車空間、停車空間進風、停車空間排風、台電配電場所、垃圾暫存空間、戶外安全梯／無障礙梯、垃圾車暫停區、緊急發電機室、Ａ排煙室、Ｂ排煙室、Ａ水箱、Ｂ水箱、停車空間、消防機房等３３項。,鋼筋混凝土造,115年4月15日,十五層,,持分移轉
RPXUNLSLJIKGFGF67DA,,50.24,本共有部分之項目有：管委會使用空間、無障礙廁所、中央監控室、車道、戶外安全梯、排煙室、無障礙電梯、緊急昇降機、Ａ梯廳、Ｂ梯廳、Ａ梯間、昇降機、安全梯／無障礙梯、Ｂ梯間、電信機房、機道、電梯機房、Ａ棟水箱、Ｂ棟水箱、防空避難室兼停車空間、停車空間進風、停車空間排風、台電配電場所、垃圾暫存空間、戶外安全梯／無障礙梯、垃圾車暫停區、緊急發電機室、Ａ排煙室、Ｂ排煙室、Ａ水箱、Ｂ水箱、停車空間、消防機房等３３項。,鋼筋混凝土造,115年4月15日,十五層,,持分移轉
RPTVNLSLJIKGFGF37DA,,48.79,集合住宅,鋼筋混凝土造,115年4月15日,十五層,九層 陽台,全筆移轉
RPTVNLSLJIKGFGF37DA,,50.24,本共有部分之項目有：管委會使用空間、無障礙廁所、中央監控室、車道、戶外安全梯、排煙室、無障礙電梯、緊急昇降機、Ａ梯廳、Ｂ梯廳、Ａ梯間、昇降機、安全梯／無障礙梯、Ｂ梯間、電信機房、機道、電梯機房、Ａ棟水箱、Ｂ棟水箱、防空避難室兼停車空間、停車空間進風、停車空間排風、台電配電場所、垃圾暫存空間、戶外安全梯／無障礙梯、垃圾車暫停區、緊急發電機室、Ａ排煙室、Ｂ排煙室、Ａ水箱、Ｂ水箱、停車空間、消防機房等３３項。,鋼筋混凝土造,115年4月15日,十五層,,持分移轉
RPPOMLMLOHLGFEF48DA,,81.93,集合住宅,鋼筋混凝土造,115年4月7日,十四層,八層 陽台,全筆移轉
RPTNMLMLOHLGFEF78DA,,59.06,集合住宅,鋼筋混凝土造,115年4月7日,十五層,十層 陽台,全筆移轉
RPPOMLMLOHLGFEF48DA,,67.11,本共有部分項目有：騎樓、管委會１、管委會２、無障礙戶外安全梯、戶外安全梯、垃圾車暫停車位、臨時車位、Ａ排煙室、Ｂ排煙室、Ａ梯廳、Ｂ梯廳、無障礙廁所、無障礙安全梯、汽機車坡道、Ａ樓梯間、訪客車位、Ｂ樓梯間、Ａ水箱、Ｂ水箱、昇降機房、垃圾貯存空間、台電配電場所、卸貨空間、機車停車空間、樓梯間、汽車坡道、機房、防空避難室兼停車空間、電信機房、停車空間、消防機房、雨水機房、發電機房等３３項。,鋼筋混凝土造,115年4月7日,十五層,,持分移轉
RPTNMLMLOHLGFEF78DA,,54.51,本共有部分項目有：騎樓、管委會１、管委會２、無障礙戶外安全梯、戶外安全梯、垃圾車暫停車位、臨時車位、Ａ排煙室、Ｂ排煙室、Ａ梯廳、Ｂ梯廳、無障礙廁所、無障礙安全梯、汽機車坡道、Ａ樓梯間、訪客車位、Ｂ樓梯間、Ａ水箱、Ｂ水箱、昇降機房、垃圾貯存空間、台電配電場所、卸貨空間、機車停車空間、樓梯間、汽車坡道、機房、防空避難室兼停車空間、電信機房、停車空間、消防機房、雨水機房、發電機房等３３項。,鋼筋混凝土造,115年4月7日,十五層,,持分移轉
RPSOMLPKOHLGFEF98DA,,59.06,集合住宅,鋼筋混凝土造,115年4月7日,十四層,十層 陽台,全筆移轉
RPSOMLPKOHLGFEF98DA,,54.51,本共有部分項目有：騎樓、管委會１、管委會２、無障礙戶外安全梯、戶外安全梯、垃圾車暫停車位、臨時車位、Ａ排煙室、Ｂ排煙室、Ａ梯廳、Ｂ梯廳、無障礙廁所、無障礙安全梯、汽機車坡道、Ａ樓梯間、訪客車位、Ｂ樓梯間、Ａ水箱、Ｂ水箱、昇降機房、垃圾貯存空間、台電配電場所、卸貨空間、機車停車空間、樓梯間、汽車坡道、機房、防空避難室兼停車空間、電信機房、停車空間、消防機房、雨水機房、發電機房等３３項。,鋼筋混凝土造,115年4月7日,十五層,,持分移轉
RPWPMLMLOHLGFEF66DA,,59.06,集合住宅,鋼筋混凝土造,115年4月7日,十五層,九層 陽台,全筆移轉
RPWPMLMLOHLGFEF66DA,,55.61,本共有部分項目有：騎樓、管委會１、管委會２、無障礙戶外安全梯、戶外安全梯、垃圾車暫停車位、臨時車位、Ａ排煙室、Ｂ排煙室、Ａ梯廳、Ｂ梯廳、無障礙廁所、無障礙安全梯、汽機車坡道、Ａ樓梯間、訪客車位、Ｂ樓梯間、Ａ水箱、Ｂ水箱、昇降機房、垃圾貯存空間、台電配電場所、卸貨空間、機車停車空間、樓梯間、汽車坡道、機房、防空避難室兼停車空間、電信機房、停車空間、消防機房、雨水機房、發電機房等３３項。,鋼筋混凝土造,115年4月7日,十五層,,持分移轉
RPSPMLRKOHLGFBF98DA,,61.52,集合住宅,鋼筋混凝土造,115年2月5日,十五層,十四層 陽台,全筆移轉
RPSPMLRKOHLGFBF98DA,,58.30,本共有部分之項目有戶外安全梯（Ａ）梯廳、（Ｂ）梯廳、（Ａ）排煙室、（Ｂ）排煙室、戶外無障礙安全梯、無障礙安全梯、一般安全梯、行動不便昇降機、停車空間、無障礙通道、（Ａ棟）電錶、（Ｂ棟）電錶、受電箱、總開關空間、昇降機機坑、進風機、排風機、進風管道、排風管道、發電機室、機房、垃圾，資源回收室、台電配電場所、台電配電場所通道、裝卸位、垃圾車停車位、電信室、消防泵浦室、緊急昇降機、管理委員會空間、（Ａ）樓梯間、（Ｂ）樓梯間、（Ａ）電梯機房（一）、Ｂ棟消防水箱、（Ａ）水箱、（Ｂ）水箱、（Ｂ）電梯機房、（Ａ）水錶室、（Ｂ）水錶室、廊道、公共服務空間（Ａ）、公共服務空間（Ｂ）、公共服務空間（Ｃ）、公共服務空間（D）、Ａ棟水箱、Ｂ棟水箱等４７項。,鋼筋混凝土造,115年2月5日,十五層,,持分移轉
RPXNMLKLLHLGFGF88DA,,60.55,集合住宅,鋼骨鋼筋混凝土構造、鋼筋混凝土構造,114年8月14日,三十二層,八層 陽台,全筆移轉
RPXNMLKLLHLGFGF88DA,,.31,本共有部分項目有：停車場進氣管道、停車場排氣管道等２項。,鋼骨鋼筋混凝土構造、鋼筋混凝土構造,114年8月14日,三十五層,,持分移轉
RPTOMLPKOHLGFEF09DA,,81.93,集合住宅,鋼筋混凝土造,115年4月7日,十五層,十一層 陽台,全筆移轉
RPXNMLKLLHLGFGF88DA,,4.50,本共有部分項目有消防送水口管道、排水管道、消防機房、法定機車停車空間、緊急電管道、高壓電氣管道、電信管道、機電設備空間等８項。,鋼骨鋼筋混凝土構造、鋼筋混凝土構造,114年8月14日,三十五層,,持分移轉
RPXNMLKLLHLGFGF88DA,,.74,本共有部分項目有：排水管道、台電管道間、電氣、消防、緊急昇降機兼行動不便者使用電梯、緊急電、機電管道間、弱電、給水、門廊等１０項。,鋼骨鋼筋混凝土構造、鋼筋混凝土構造,114年8月14日,三十五層,,持分移轉
RPXNMLKLLHLGFGF88DA,,2.67,本共有部分項目有：自來水蓄水池、機電設備空間、垃圾儲藏空間、走道、排煙管道、茶水間、排水管道、垃圾車暫停空間、管委會使用空間、排煙管道、梯廳、儲藏室、戶內遊憩設施、陽臺、門廊、走廊等１６項。,鋼骨鋼筋混凝土構造、鋼筋混凝土構造,114年8月14日,三十五層,,持分移轉
RPTOMLPKOHLGFEF09DA,,67.11,本共有部分項目有：騎樓、管委會１、管委會２、無障礙戶外安全梯、戶外安全梯、垃圾車暫停車位、臨時車位、Ａ排煙室、Ｂ排煙室、Ａ梯廳、Ｂ梯廳、無障礙廁所、無障礙安全梯、汽機車坡道、Ａ樓梯間、訪客車位、Ｂ樓梯間、Ａ水箱、Ｂ水箱、昇降機房、垃圾貯存空間、台電配電場所、卸貨空間、機車停車空間、樓梯間、汽車坡道、機房、防空避難室兼停車空間、電信機房、停車空間、消防機房、雨水機房、發電機房等３３項。,鋼筋混凝土造,115年4月7日,十五層,,持分移轉
RPXNMLKLLHLGFGF88DA,,25.75,本共有部分項目有：排水管道、特別安全梯、排煙室、排煙進風、緊急昇降機兼行動不便者使用電梯、梯廳兼排煙室、台電管道間、門廳、機電設備空間、台電配電場所、受電箱室、自來水蓄水池、機電空間（給水機房）、機電空間（電梯機房）、機電空間、排煙管道、自來水箱、消防幫浦室、消防水箱、消防水箱機房、陽臺、室內安全梯、昇降機、梯廳等２４項。,鋼骨鋼筋混凝土構造、鋼筋混凝土構造,114年8月14日,三十二層,,持分移轉
RPXNMLKLLHLGFGF88DA,,.02,本共有部分項目有：機電設備空間、瓦斯設備空間、排水管道等３項。,鋼骨鋼筋混凝土構造、鋼筋混凝土構造,114年8月14日,三十五層,,持分移轉
RPXNMLKLLHLGFGF88DA,,.02,本共有部分項目有：排水管道等１項。,鋼骨鋼筋混凝土構造、鋼筋混凝土構造,114年8月14日,三十五層,,持分移轉
RPVOMLSKOHLGFIF37DA,,80.25,集合住宅,鋼筋混凝土造,115年2月12日,十一層,十層 陽台,全筆移轉
RPVOMLSKOHLGFIF37DA,,70.74,本共有部分之項目有：汽車坡道、安全梯、無障礙安全梯、無障礙升降機、梯廳、管委會使用空間、陽台、樓電梯間、日用水箱、電梯機房、消防水箱、發電機室、台電配電場所、機車停車、電信機房、停車空間、汙水機房、消防泵室、汽機車道、樓梯間及防空避難室兼停車空間等２１項。,鋼筋混凝土造,115年2月12日,十一層,,持分移轉
RPPPMLSKOHLGFIF86DA,,80.25,集合住宅,鋼筋混凝土造,115年2月12日,十一層,十一層 陽台,全筆移轉
RPPPMLSKOHLGFIF86DA,,70.74,本共有部分之項目有：汽車坡道、安全梯、無障礙安全梯、無障礙升降機、梯廳、管委會使用空間、陽台、樓電梯間、日用水箱、電梯機房、消防水箱、發電機室、台電配電場所、機車停車、電信機房、停車空間、汙水機房、消防泵室、汽機車道、樓梯間及防空避難室兼停車空間等２１項。,鋼筋混凝土造,115年2月12日,十一層,,持分移轉
RPUNMLMLOHLGFEF88DA,,81.93,集合住宅,鋼筋混凝土造,115年4月7日,十五層,九層 陽台,全筆移轉
RPUNMLMLOHLGFEF88DA,,67.11,本共有部分項目有：騎樓、管委會１、管委會２、無障礙戶外安全梯、戶外安全梯、垃圾車暫停車位、臨時車位、Ａ排煙室、Ｂ排煙室、Ａ梯廳、Ｂ梯廳、無障礙廁所、無障礙安全梯、汽機車坡道、Ａ樓梯間、訪客車位、Ｂ樓梯間、Ａ水箱、Ｂ水箱、昇降機房、垃圾貯存空間、台電配電場所、卸貨空間、機車停車空間、樓梯間、汽車坡道、機房、防空避難室兼停車空間、電信機房、停車空間、消防機房、雨水機房、發電機房等３３項。,鋼筋混凝土造,115年4月7日,十五層,,持分移轉
RPQVNLSLJIKGFGF07DA,,48.79,集合住宅,鋼筋混凝土造,115年4月15日,十五層,五層 陽台,全筆移轉
RPQVNLSLJIKGFGF07DA,,50.24,本共有部分之項目有：管委會使用空間、無障礙廁所、中央監控室、車道、戶外安全梯、排煙室、無障礙電梯、緊急昇降機、Ａ梯廳、Ｂ梯廳、Ａ梯間、昇降機、安全梯／無障礙梯、Ｂ梯間、電信機房、機道、電梯機房、Ａ棟水箱、Ｂ棟水箱、防空避難室兼停車空間、停車空間進風、停車空間排風、台電配電場所、垃圾暫存空間、戶外安全梯／無障礙梯、垃圾車暫停區、緊急發電機室、Ａ排煙室、Ｂ排煙室、Ａ水箱、Ｂ水箱、停車空間、消防機房等３３項。,鋼筋混凝土造,115年4月15日,十五層,,持分移轉
RPWPMLKKOHLGFAF58DA,,68.14,集合住宅,鋼筋混凝土造,115年2月11日,七層,四層 陽台,全筆移轉
RPWPMLKKOHLGFAF58DA,,64.34,本案共有部分項目有：梯廳、管道間、無障礙停車空間、汽車昇降機道、客貨兩用升降機、樓電梯間、電梯機房、水表室、水箱室、屋頂水箱、防空避難室、台電配電場所、發電機房、電信機房、不鏽鋼蓄水池、倉儲式機械停車空間、防空避難室兼停車空間、消防泵室等１８項。,鋼筋混凝土造,115年2月11日,七層,,持分移轉
RPUPMLTKNHLGFBF66DA,,82.61,集合住宅,鋼筋混凝土造,115年2月3日,二十層,三層 陽台,全筆移轉
RPUPMLTKNHLGFBF66DA,,63.15,本共有部分之項目有：一般昇降機、無障礙特別安全梯甲、特別安全梯乙、無障礙特別安全梯丙、特別安全梯丁、無障礙緊急昇降機、排煙室Ａ、排煙室Ｂ、自然排煙室Ａ、自然排煙室Ｂ、無障礙安全梯戊、無障礙梯己、無障礙昇降機、梯廳、梯廳Ｅ、無障礙室內通路、大廳、防災中心、迴轉空間、管委會使用空間１、管委會使用空間２、管委會使用空間３、供管委會使用空間４、信箱區、梯間、一般梯壬、一般梯辛、下方電梯升降路、電梯機房、機房、消防機房、汽機車車道、門廳１、門廳２、社區使用車位、台電配電場所通道、受電箱、汽車車道、Ａ棟電表室、Ｂ棟電表室、台電配電場所（１）、台電配電場所（２）、上方地下室排氣管道、進氣管道、排氣管道、排煙室、資源回收室、電信機房、停車空間、風機位置、給水管道、電氣管道、緊急發電機室、無障礙安全梯、進風管道、管道間、上方排氣管道、維修口、電梯機坑、垃圾車位、廁所、電力、弱電、排氣、消防、給水、進氣、水箱、水錶牆、管道、陽台等７１項。,鋼筋混凝土造,115年2月3日,二十層,,持分移轉
RPVOMLQKOHLGFBF09DA,,82.49,事務所及工商服務業,鋼骨構造,115年3月17日,二十九層,十四層 陽台,全筆移轉
RPVOMLQKOHLGFBF09DA,,104.58,本共有部分之項目有一般電梯、排煙室、梯廳、特別安全梯Ａ、梯間、一般梯、一般安全梯、進風、排煙、管道、排風、特別安全梯Ｂ無障礙梯、管委會使用空間、排煙室梯間、一般安全梯無障礙、緊急升降機無障礙電梯、停車空間、汽車車道、消防泵浦機房、緊急發電機機房、緊急發電機進風、消防中繼幫浦機房、防災中心監控設備設置位置、台電配電場所通道、受電箱、電信室、台電配電場所、防災中心、消防水箱、風除室、ＢＦ生活水箱Ａ、ＢＦ生活水箱Ｂ、ＢＦ生活水箱Ｃ、ＢＦ生活水箱Ｄ、ＲＦ消防中繼水箱、機電設備空間、電梯機房、機房、生活水箱、汽機車車道、暫停車位、垃圾暫存空間、汽車道、高層緩衝空間、緊急發電機排風、ＲＦ生活水箱Ｂ等４６項。,見其他登記事項,115年3月17日,二十九層,,持分移轉
RPWNMLSKOHLGFIF37DA,,63.53,集合住宅,鋼筋混凝土造,115年2月12日,十一層,三層 陽台,全筆移轉
RPWNMLSKOHLGFIF37DA,,61.59,本共有部分之項目有：汽車坡道、安全梯、無障礙安全梯、無障礙升降機、梯廳、管委會使用空間、陽台、樓電梯間、日用水箱、電梯機房、消防水箱、發電機室、台電配電場所、機車停車、電信機房、停車空間、汙水機房、消防泵室、汽機車道、樓梯間及防空避難室兼停車空間等２１項。,鋼筋混凝土造,115年2月12日,十一層,,持分移轉
RPWNMLPJOHLGFBF88DA,,94.38,事務所及工商服務業,鋼骨構造,115年3月17日,二十九層,十六層 陽台,全筆移轉
RPWNMLPJOHLGFBF88DA,,62.77,本共有部分之項目有一般電梯、排煙室、梯廳、特別安全梯Ａ、梯間、一般梯、一般安全梯、進風、排煙、管道、排風、特別安全梯Ｂ無障礙梯、管委會使用空間、排煙室梯間、一般安全梯無障礙、緊急升降機無障礙電梯、停車空間、汽車車道、消防泵浦機房、緊急發電機機房、緊急發電機進風、消防中繼幫浦機房、防災中心監控設備設置位置、台電配電場所通道、受電箱、電信室、台電配電場所、防災中心、消防水箱、風除室、ＢＦ生活水箱Ａ、ＢＦ生活水箱Ｂ、ＢＦ生活水箱Ｃ、ＢＦ生活水箱Ｄ、ＲＦ消防中繼水箱、機電設備空間、電梯機房、機房、生活水箱、汽機車車道、暫停車位、垃圾暫存空間、汽車道、高層緩衝空間、緊急發電機排風、ＲＦ生活水箱Ｂ等４６項。,見其他登記事項,115年3月17日,二十九層,,持分移轉
RPXOMLSKOHLGFIF57DA,,80.25,集合住宅,鋼筋混凝土造,115年2月12日,十一層,四層 陽台,全筆移轉
RPXOMLSKOHLGFIF57DA,,70.74,本共有部分之項目有：汽車坡道、安全梯、無障礙安全梯、無障礙升降機、梯廳、管委會使用空間、陽台、樓電梯間、日用水箱、電梯機房、消防水箱、發電機室、台電配電場所、機車停車、電信機房、停車空間、汙水機房、消防泵室、汽機車道、樓梯間及防空避難室兼停車空間等２１項。,鋼筋混凝土造,115年2月12日,十一層,,持分移轉
RPUOMLSKOHLGFIF27DA,,80.25,集合住宅,鋼筋混凝土造,115年2月12日,十一層,九層 陽台,全筆移轉
RPUOMLSKOHLGFIF27DA,,70.74,本共有部分之項目有：汽車坡道、安全梯、無障礙安全梯、無障礙升降機、梯廳、管委會使用空間、陽台、樓電梯間、日用水箱、電梯機房、消防水箱、發電機室、台電配電場所、機車停車、電信機房、停車空間、汙水機房、消防泵室、汽機車道、樓梯間及防空避難室兼停車空間等２１項。,鋼筋混凝土造,115年2月12日,十一層,,持分移轉
RPXNMLMLOHLGFEF56DA,,81.93,集合住宅,鋼筋混凝土造,115年4月7日,十四層,十二層 陽台,全筆移轉
RPXNMLMLOHLGFEF56DA,,67.11,本共有部分項目有：騎樓、管委會１、管委會２、無障礙戶外安全梯、戶外安全梯、垃圾車暫停車位、臨時車位、Ａ排煙室、Ｂ排煙室、Ａ梯廳、Ｂ梯廳、無障礙廁所、無障礙安全梯、汽機車坡道、Ａ樓梯間、訪客車位、Ｂ樓梯間、Ａ水箱、Ｂ水箱、昇降機房、垃圾貯存空間、台電配電場所、卸貨空間、機車停車空間、樓梯間、汽車坡道、機房、防空避難室兼停車空間、電信機房、停車空間、消防機房、雨水機房、發電機房等３３項。,鋼筋混凝土造,115年4月7日,十五層,,持分移轉
RPWNMLMLOHLGFEF09DA,,81.93,集合住宅,鋼筋混凝土造,115年4月7日,十四層,十一層 陽台,全筆移轉
RPRWNLSLJIKGFGF27DA,,58.44,集合住宅,鋼筋混凝土造,115年4月15日,十五層,九層 陽台,全筆移轉
RPRWNLSLJIKGFGF27DA,,55.31,本共有部分之項目有：管委會使用空間、無障礙廁所、中央監控室、車道、戶外安全梯、排煙室、無障礙電梯、緊急昇降機、Ａ梯廳、Ｂ梯廳、Ａ梯間、昇降機、安全梯／無障礙梯、Ｂ梯間、電信機房、機道、電梯機房、Ａ棟水箱、Ｂ棟水箱、防空避難室兼停車空間、停車空間進風、停車空間排風、台電配電場所、垃圾暫存空間、戶外安全梯／無障礙梯、垃圾車暫停區、緊急發電機室、Ａ排煙室、Ｂ排煙室、Ａ水箱、Ｂ水箱、停車空間、消防機房等３３項。,鋼筋混凝土造,115年4月15日,十五層,,持分移轉
RPWNMLMLOHLGFEF09DA,,67.11,本共有部分項目有：騎樓、管委會１、管委會２、無障礙戶外安全梯、戶外安全梯、垃圾車暫停車位、臨時車位、Ａ排煙室、Ｂ排煙室、Ａ梯廳、Ｂ梯廳、無障礙廁所、無障礙安全梯、汽機車坡道、Ａ樓梯間、訪客車位、Ｂ樓梯間、Ａ水箱、Ｂ水箱、昇降機房、垃圾貯存空間、台電配電場所、卸貨空間、機車停車空間、樓梯間、汽車坡道、機房、防空避難室兼停車空間、電信機房、停車空間、消防機房、雨水機房、發電機房等３３項。,鋼筋混凝土造,115年4月7日,十五層,,持分移轉
RPRRMLSLJIKGFGF66DA,,44.87,集合住宅,鋼筋混凝土造,115年4月15日,十五層,三層 陽台,全筆移轉
RPRRMLSLJIKGFGF66DA,,48.18,本共有部分之項目有：管委會使用空間、無障礙廁所、中央監控室、車道、戶外安全梯、排煙室、無障礙電梯、緊急昇降機、Ａ梯廳、Ｂ梯廳、Ａ梯間、昇降機、安全梯／無障礙梯、Ｂ梯間、電信機房、機道、電梯機房、Ａ棟水箱、Ｂ棟水箱、防空避難室兼停車空間、停車空間進風、停車空間排風、台電配電場所、垃圾暫存空間、戶外安全梯／無障礙梯、垃圾車暫停區、緊急發電機室、Ａ排煙室、Ｂ排煙室、Ａ水箱、Ｂ水箱、停車空間、消防機房等３３項。,鋼筋混凝土造,115年4月15日,十五層,,持分移轉
RPUQMLTKNHLGFBF76DA,,82.84,集合住宅,鋼筋混凝土造,115年2月3日,二十層,五層 陽台,全筆移轉
RPUQMLTKNHLGFBF76DA,,64.96,本共有部分之項目有：一般昇降機、無障礙特別安全梯甲、特別安全梯乙、無障礙特別安全梯丙、特別安全梯丁、無障礙緊急昇降機、排煙室Ａ、排煙室Ｂ、自然排煙室Ａ、自然排煙室Ｂ、無障礙安全梯戊、無障礙梯己、無障礙昇降機、梯廳、梯廳Ｅ、無障礙室內通路、大廳、防災中心、迴轉空間、管委會使用空間１、管委會使用空間２、管委會使用空間３、供管委會使用空間４、信箱區、梯間、一般梯壬、一般梯辛、下方電梯升降路、電梯機房、機房、消防機房、汽機車車道、門廳１、門廳２、社區使用車位、台電配電場所通道、受電箱、汽車車道、Ａ棟電表室、Ｂ棟電表室、台電配電場所（１）、台電配電場所（２）、上方地下室排氣管道、進氣管道、排氣管道、排煙室、資源回收室、電信機房、停車空間、風機位置、給水管道、電氣管道、緊急發電機室、無障礙安全梯、進風管道、管道間、上方排氣管道、維修口、電梯機坑、垃圾車位、廁所、電力、弱電、排氣、消防、給水、進氣、水箱、水錶牆、管道、陽台等７１項。,鋼筋混凝土造,115年2月3日,二十層,,持分移轉
RPTPMLSKOHLGFIF27DA,,63.53,集合住宅,鋼筋混凝土造,115年2月12日,十一層,十一層 陽台,全筆移轉
RPTPMLSKOHLGFIF27DA,,63.25,本共有部分之項目有：汽車坡道、安全梯、無障礙安全梯、無障礙升降機、梯廳、管委會使用空間、陽台、樓電梯間、日用水箱、電梯機房、消防水箱、發電機室、台電配電場所、機車停車、電信機房、停車空間、汙水機房、消防泵室、汽機車道、樓梯間及防空避難室兼停車空間等２１項。,鋼筋混凝土造,115年2月12日,十一層,,持分移轉
RPTQMLTKNHLGFBF66DA,,77.97,集合住宅,鋼筋混凝土造,115年2月3日,二十層,十三層 陽台,全筆移轉
RPTQMLTKNHLGFBF66DA,,60.61,本共有部分之項目有：一般昇降機、無障礙特別安全梯甲、特別安全梯乙、無障礙特別安全梯丙、特別安全梯丁、無障礙緊急昇降機、排煙室Ａ、排煙室Ｂ、自然排煙室Ａ、自然排煙室Ｂ、無障礙安全梯戊、無障礙梯己、無障礙昇降機、梯廳、梯廳Ｅ、無障礙室內通路、大廳、防災中心、迴轉空間、管委會使用空間１、管委會使用空間２、管委會使用空間３、供管委會使用空間４、信箱區、梯間、一般梯壬、一般梯辛、下方電梯升降路、電梯機房、機房、消防機房、汽機車車道、門廳１、門廳２、社區使用車位、台電配電場所通道、受電箱、汽車車道、Ａ棟電表室、Ｂ棟電表室、台電配電場所（１）、台電配電場所（２）、上方地下室排氣管道、進氣管道、排氣管道、排煙室、資源回收室、電信機房、停車空間、風機位置、給水管道、電氣管道、緊急發電機室、無障礙安全梯、進風管道、管道間、上方排氣管道、維修口、電梯機坑、垃圾車位、廁所、電力、弱電、排氣、消防、給水、進氣、水箱、水錶牆、管道、陽台等７１項。,鋼筋混凝土造,115年2月3日,二十層,,持分移轉
RPUNMLOJOHLGFEF88DA,,81.93,集合住宅,鋼筋混凝土造,115年4月7日,十五層,六層 陽台,全筆移轉
RPUNMLOJOHLGFEF88DA,,66.01,本共有部分項目有：騎樓、管委會１、管委會２、無障礙戶外安全梯、戶外安全梯、垃圾車暫停車位、臨時車位、Ａ排煙室、Ｂ排煙室、Ａ梯廳、Ｂ梯廳、無障礙廁所、無障礙安全梯、汽機車坡道、Ａ樓梯間、訪客車位、Ｂ樓梯間、Ａ水箱、Ｂ水箱、昇降機房、垃圾貯存空間、台電配電場所、卸貨空間、機車停車空間、樓梯間、汽車坡道、機房、防空避難室兼停車空間、電信機房、停車空間、消防機房、雨水機房、發電機房等３３項。,鋼筋混凝土造,115年4月7日,十五層,,持分移轉
RPOPNLOJOHLGFGF78DA,,49.70,集合住宅,鋼筋混凝土造,115年3月31日,十五層,十五層 陽台,全筆移轉
RPOPNLOJOHLGFGF78DA,,52.25,本共有部分項目有：管委會空間、梯廳、緊急昇降機、無障礙昇降機、緊急昇降機間（排煙室）、無障礙戶外安全梯（Ａ）、戶外安全梯（Ｂ）、汽機車坡道、機房、防空避難室兼停車空間、台電配電場所、發電機房、電信機房、設備基座、汽車坡道、垃圾暫存室、水箱、消防泵浦室、水錶機房、樓梯間、電梯機房、屋頂水箱、安全梯（Ａ）、停車空間、泳池水箱、無障礙安全梯（Ａ）、裝卸車位、垃圾車位等２８項。,鋼筋混凝土造,115年3月31日,十五層,,持分移轉
RPRNMLMLOHLGFEF58DA,,80.85,集合住宅,鋼筋混凝土造,115年4月7日,十四層,五層 陽台,全筆移轉
RPRNMLMLOHLGFEF58DA,,66.61,本共有部分項目有：騎樓、管委會１、管委會２、無障礙戶外安全梯、戶外安全梯、垃圾車暫停車位、臨時車位、Ａ排煙室、Ｂ排煙室、Ａ梯廳、Ｂ梯廳、無障礙廁所、無障礙安全梯、汽機車坡道、Ａ樓梯間、訪客車位、Ｂ樓梯間、Ａ水箱、Ｂ水箱、昇降機房、垃圾貯存空間、台電配電場所、卸貨空間、機車停車空間、樓梯間、汽車坡道、機房、防空避難室兼停車空間、電信機房、停車空間、消防機房、雨水機房、發電機房等３３項。,鋼筋混凝土造,115年4月7日,十五層,,持分移轉
RPROMLRKOHLGFBF78DA,,50.68,集合住宅,鋼筋混凝土造,115年2月5日,十五層,十五層 陽台,全筆移轉
RPROMLRKOHLGFBF78DA,,53.20,本共有部分之項目有戶外安全梯（Ａ）梯廳、（Ｂ）梯廳、（Ａ）排煙室、（Ｂ）排煙室、戶外無障礙安全梯、無障礙安全梯、一般安全梯、行動不便昇降機、停車空間、無障礙通道、（Ａ棟）電錶、（Ｂ棟）電錶、受電箱、總開關空間、昇降機機坑、進風機、排風機、進風管道、排風管道、發電機室、機房、垃圾，資源回收室、台電配電場所、台電配電場所通道、裝卸位、垃圾車停車位、電信室、消防泵浦室、緊急昇降機、管理委員會空間、（Ａ）樓梯間、（Ｂ）樓梯間、（Ａ）電梯機房（一）、Ｂ棟消防水箱、（Ａ）水箱、（Ｂ）水箱、（Ｂ）電梯機房、（Ａ）水錶室、（Ｂ）水錶室、廊道、公共服務空間（Ａ）、公共服務空間（Ｂ）、公共服務空間（Ｃ）、公共服務空間（D）、Ａ棟水箱、Ｂ棟水箱等４７項。,鋼筋混凝土造,115年2月5日,十五層,,持分移轉
RPQOMLPKOHLGFEF78DA,,59.02,集合住宅,鋼筋混凝土造,115年4月7日,十四層,八層 陽台,全筆移轉
RPQOMLPKOHLGFEF78DA,,55.61,本共有部分項目有：騎樓、管委會１、管委會２、無障礙戶外安全梯、戶外安全梯、垃圾車暫停車位、臨時車位、Ａ排煙室、Ｂ排煙室、Ａ梯廳、Ｂ梯廳、無障礙廁所、無障礙安全梯、汽機車坡道、Ａ樓梯間、訪客車位、Ｂ樓梯間、Ａ水箱、Ｂ水箱、昇降機房、垃圾貯存空間、台電配電場所、卸貨空間、機車停車空間、樓梯間、汽車坡道、機房、防空避難室兼停車空間、電信機房、停車空間、消防機房、雨水機房、發電機房等３３項。,鋼筋混凝土造,115年4月7日,十五層,,持分移轉
RPOOMLMKOHLGFEF28DA,,75.03,集合住宅,鋼筋混凝土造,114年3月14日,二十三層,七層 陽台 雨遮,全筆移轉
RPOOMLMKOHLGFEF28DA,,66.56,本共有部分之項目有：梯廳、公共儲藏室、自行車停車位、受電箱室、緊急發電機室、台電配電室、機房、水箱、總受水箱、溫泉水箱、進氣機房、排氣機房、消防泵浦室、雨水過濾機房、電梯機房、昇降機、機械房、管委會空間、無障礙安全梯、機電設備空間、緊急升降梯無障礙電梯、引導設施、管委會使用空間、排煙室、消防水箱、特別安全梯、無障礙特別安全梯、垃圾儲藏空間、廁所、垃圾車停車位、水池、中繼消防機房、高層建築出入口緩衝空間、防災中心、陽台、安全梯、公共緊急發電機室、觀景池機房、電氣室、公共台電配電室、無障礙昇降梯、電信機房、女廁、男廁、汽車坡道等４５項,鋼筋混凝土構造、鋼構造,114年3月14日,二十三層,,持分移轉
RPXNMLPKOHLGFEF76DA,,59.06,集合住宅,鋼筋混凝土造,115年4月7日,十四層,二層 陽台,全筆移轉
RPXNMLPKOHLGFEF76DA,,55.61,本共有部分項目有：騎樓、管委會１、管委會２、無障礙戶外安全梯、戶外安全梯、垃圾車暫停車位、臨時車位、Ａ排煙室、Ｂ排煙室、Ａ梯廳、Ｂ梯廳、無障礙廁所、無障礙安全梯、汽機車坡道、Ａ樓梯間、訪客車位、Ｂ樓梯間、Ａ水箱、Ｂ水箱、昇降機房、垃圾貯存空間、台電配電場所、卸貨空間、機車停車空間、樓梯間、汽車坡道、機房、防空避難室兼停車空間、電信機房、停車空間、消防機房、雨水機房、發電機房等３３項。,鋼筋混凝土造,115年4月7日,十五層,,持分移轉
RPVPMLSKOHLGFIF47DA,,63.53,集合住宅,鋼筋混凝土造,115年2月12日,十一層,十層 陽台,全筆移轉
RPVPMLSKOHLGFIF47DA,,63.25,本共有部分之項目有：汽車坡道、安全梯、無障礙安全梯、無障礙升降機、梯廳、管委會使用空間、陽台、樓電梯間、日用水箱、電梯機房、消防水箱、發電機室、台電配電場所、機車停車、電信機房、停車空間、汙水機房、消防泵室、汽機車道、樓梯間及防空避難室兼停車空間等２１項。,鋼筋混凝土造,115年2月12日,十一層,,持分移轉
RPUPMLSKOHLGFIF37DA,,63.53,集合住宅,鋼筋混凝土造,115年2月12日,十一層,八層 陽台,全筆移轉
RPUPMLSKOHLGFIF37DA,,63.25,本共有部分之項目有：汽車坡道、安全梯、無障礙安全梯、無障礙升降機、梯廳、管委會使用空間、陽台、樓電梯間、日用水箱、電梯機房、消防水箱、發電機室、台電配電場所、機車停車、電信機房、停車空間、汙水機房、消防泵室、汽機車道、樓梯間及防空避難室兼停車空間等２１項。,鋼筋混凝土造,115年2月12日,十一層,,持分移轉
RPWNMLPKOHLGFEF66DA,,82.15,集合住宅,鋼筋混凝土造,115年4月7日,十五層,八層 陽台,全筆移轉
RPWNMLPKOHLGFEF66DA,,67.21,本共有部分項目有：騎樓、管委會１、管委會２、無障礙戶外安全梯、戶外安全梯、垃圾車暫停車位、臨時車位、Ａ排煙室、Ｂ排煙室、Ａ梯廳、Ｂ梯廳、無障礙廁所、無障礙安全梯、汽機車坡道、Ａ樓梯間、訪客車位、Ｂ樓梯間、Ａ水箱、Ｂ水箱、昇降機房、垃圾貯存空間、台電配電場所、卸貨空間、機車停車空間、樓梯間、汽車坡道、機房、防空避難室兼停車空間、電信機房、停車空間、消防機房、雨水機房、發電機房等３３項。,鋼筋混凝土造,115年4月7日,十五層,,持分移轉
RPPOMLSKOHLGFIF76DA,,63.53,集合住宅,鋼筋混凝土造,115年2月12日,十一層,七層 陽台,全筆移轉
RPPOMLSKOHLGFIF76DA,,61.59,本共有部分之項目有：汽車坡道、安全梯、無障礙安全梯、無障礙升降機、梯廳、管委會使用空間、陽台、樓電梯間、日用水箱、電梯機房、消防水箱、發電機室、台電配電場所、機車停車、電信機房、停車空間、汙水機房、消防泵室、汽機車道、樓梯間及防空避難室兼停車空間等２１項。,鋼筋混凝土造,115年2月12日,十一層,,持分移轉
RPOOMLMLOHLGFEF38DA,,59.06,集合住宅,鋼筋混凝土造,115年4月7日,十四層,八層 陽台,全筆移轉
RPROMLRLJIKGFGF88DA,,47.05,集合住宅,鋼筋混凝土造,115年4月15日,十五層,十四層 陽台,全筆移轉
RPROMLRLJIKGFGF88DA,,49.33,本共有部分之項目有：管委會使用空間、無障礙廁所、中央監控室、車道、戶外安全梯、排煙室、無障礙電梯、緊急昇降機、Ａ梯廳、Ｂ梯廳、Ａ梯間、昇降機、安全梯／無障礙梯、Ｂ梯間、電信機房、機道、電梯機房、Ａ棟水箱、Ｂ棟水箱、防空避難室兼停車空間、停車空間進風、停車空間排風、台電配電場所、垃圾暫存空間、戶外安全梯／無障礙梯、垃圾車暫停區、緊急發電機室、Ａ排煙室、Ｂ排煙室、Ａ水箱、Ｂ水箱、停車空間、消防機房等３３項。,鋼筋混凝土造,115年4月15日,十五層,,持分移轉
RPOOMLMLOHLGFEF38DA,,29.81,本共有部分項目有：騎樓、管委會１、管委會２、無障礙戶外安全梯、戶外安全梯、垃圾車暫停車位、臨時車位、Ａ排煙室、Ｂ排煙室、Ａ梯廳、Ｂ梯廳、無障礙廁所、無障礙安全梯、汽機車坡道、Ａ樓梯間、訪客車位、Ｂ樓梯間、Ａ水箱、Ｂ水箱、昇降機房、垃圾貯存空間、台電配電場所、卸貨空間、機車停車空間、樓梯間、汽車坡道、機房、防空避難室兼停車空間、電信機房、停車空間、消防機房、雨水機房、發電機房等３３項。,鋼筋混凝土造,115年4月7日,十五層,,持分移轉
RPQPMLRLJIKGFGF88DA,,47.05,集合住宅,鋼筋混凝土造,115年4月15日,十五層,二層 陽台,全筆移轉
RPQPMLRLJIKGFGF88DA,,47.39,本共有部分之項目有：管委會使用空間、無障礙廁所、中央監控室、車道、戶外安全梯、排煙室、無障礙電梯、緊急昇降機、Ａ梯廳、Ｂ梯廳、Ａ梯間、昇降機、安全梯／無障礙梯、Ｂ梯間、電信機房、機道、電梯機房、Ａ棟水箱、Ｂ棟水箱、防空避難室兼停車空間、停車空間進風、停車空間排風、台電配電場所、垃圾暫存空間、戶外安全梯／無障礙梯、垃圾車暫停區、緊急發電機室、Ａ排煙室、Ｂ排煙室、Ａ水箱、Ｂ水箱、停車空間、消防機房等３３項。,鋼筋混凝土造,115年4月15日,十五層,,持分移轉
RPSQNLSLJIKGFGF76DA,,38.12,集合住宅,鋼筋混凝土造,115年4月15日,十五層,十五層 陽台,全筆移轉
RPQOMLSLJIKGFGF88DA,,56.12,集合住宅,鋼筋混凝土造,115年4月15日,十五層,十三層 陽台,全筆移轉
RPSQNLSLJIKGFGF76DA,,44.61,本共有部分之項目有：管委會使用空間、無障礙廁所、中央監控室、車道、戶外安全梯、排煙室、無障礙電梯、緊急昇降機、Ａ梯廳、Ｂ梯廳、Ａ梯間、昇降機、安全梯／無障礙梯、Ｂ梯間、電信機房、機道、電梯機房、Ａ棟水箱、Ｂ棟水箱、防空避難室兼停車空間、停車空間進風、停車空間排風、台電配電場所、垃圾暫存空間、戶外安全梯／無障礙梯、垃圾車暫停區、緊急發電機室、Ａ排煙室、Ｂ排煙室、Ａ水箱、Ｂ水箱、停車空間、消防機房等３３項。,鋼筋混凝土造,115年4月15日,十五層,,持分移轉
RPQOMLSLJIKGFGF88DA,,54.09,本共有部分之項目有：管委會使用空間、無障礙廁所、中央監控室、車道、戶外安全梯、排煙室、無障礙電梯、緊急昇降機、Ａ梯廳、Ｂ梯廳、Ａ梯間、昇降機、安全梯／無障礙梯、Ｂ梯間、電信機房、機道、電梯機房、Ａ棟水箱、Ｂ棟水箱、防空避難室兼停車空間、停車空間進風、停車空間排風、台電配電場所、垃圾暫存空間、戶外安全梯／無障礙梯、垃圾車暫停區、緊急發電機室、Ａ排煙室、Ｂ排煙室、Ａ水箱、Ｂ水箱、停車空間、消防機房等３３項。,鋼筋混凝土造,115年4月15日,十五層,,持分移轉
RPXWNLSLJIKGFGF87DA,,58.44,集合住宅,鋼筋混凝土造,115年4月15日,十五層,十五層 陽台,全筆移轉
RPQOMLSKOHLGFIF86DA,,63.53,集合住宅,鋼筋混凝土造,115年2月12日,十一層,十層 陽台,全筆移轉
RPQOMLSKOHLGFIF86DA,,63.25,本共有部分之項目有：汽車坡道、安全梯、無障礙安全梯、無障礙升降機、梯廳、管委會使用空間、陽台、樓電梯間、日用水箱、電梯機房、消防水箱、發電機室、台電配電場所、機車停車、電信機房、停車空間、汙水機房、消防泵室、汽機車道、樓梯間及防空避難室兼停車空間等２１項。,鋼筋混凝土造,115年2月12日,十一層,,持分移轉
RPXWNLSLJIKGFGF87DA,,55.31,本共有部分之項目有：管委會使用空間、無障礙廁所、中央監控室、車道、戶外安全梯、排煙室、無障礙電梯、緊急昇降機、Ａ梯廳、Ｂ梯廳、Ａ梯間、昇降機、安全梯／無障礙梯、Ｂ梯間、電信機房、機道、電梯機房、Ａ棟水箱、Ｂ棟水箱、防空避難室兼停車空間、停車空間進風、停車空間排風、台電配電場所、垃圾暫存空間、戶外安全梯／無障礙梯、垃圾車暫停區、緊急發電機室、Ａ排煙室、Ｂ排煙室、Ａ水箱、Ｂ水箱、停車空間、消防機房等３３項。,鋼筋混凝土造,115年4月15日,十五層,,持分移轉
RPRVNLSLJIKGFGF17DA,,48.79,集合住宅,鋼筋混凝土造,115年4月15日,十五層,六層 陽台,全筆移轉
RPRVNLSLJIKGFGF17DA,,48.31,本共有部分之項目有：管委會使用空間、無障礙廁所、中央監控室、車道、戶外安全梯、排煙室、無障礙電梯、緊急昇降機、Ａ梯廳、Ｂ梯廳、Ａ梯間、昇降機、安全梯／無障礙梯、Ｂ梯間、電信機房、機道、電梯機房、Ａ棟水箱、Ｂ棟水箱、防空避難室兼停車空間、停車空間進風、停車空間排風、台電配電場所、垃圾暫存空間、戶外安全梯／無障礙梯、垃圾車暫停區、緊急發電機室、Ａ排煙室、Ｂ排煙室、Ａ水箱、Ｂ水箱、停車空間、消防機房等３３項。,鋼筋混凝土造,115年4月15日,十五層,,持分移轉
RPXNMLSLNHLGFEF07DA,,59.02,集合住宅,鋼筋混凝土造,115年4月7日,十四層,三層 陽台,全筆移轉
RPXNMLSLNHLGFEF07DA,,54.51,本共有部分項目有：騎樓、管委會１、管委會２、無障礙戶外安全梯、戶外安全梯、垃圾車暫停車位、臨時車位、Ａ排煙室、Ｂ排煙室、Ａ梯廳、Ｂ梯廳、無障礙廁所、無障礙安全梯、汽機車坡道、Ａ樓梯間、訪客車位、Ｂ樓梯間、Ａ水箱、Ｂ水箱、昇降機房、垃圾貯存空間、台電配電場所、卸貨空間、機車停車空間、樓梯間、汽車坡道、機房、防空避難室兼停車空間、電信機房、停車空間、消防機房、雨水機房、發電機房等３３項。,鋼筋混凝土造,115年4月7日,十五層,,持分移轉
RPOPMLSKOHLGFIF76DA,,80.25,集合住宅,鋼筋混凝土造,115年2月12日,十一層,五層 陽台,全筆移轉
RPTOMLSKOHLGFIF17DA,,80.25,集合住宅,鋼筋混凝土造,115年2月12日,十一層,四層 陽台,全筆移轉
RPOPMLSKOHLGFIF76DA,,70.74,本共有部分之項目有：汽車坡道、安全梯、無障礙安全梯、無障礙升降機、梯廳、管委會使用空間、陽台、樓電梯間、日用水箱、電梯機房、消防水箱、發電機室、台電配電場所、機車停車、電信機房、停車空間、汙水機房、消防泵室、汽機車道、樓梯間及防空避難室兼停車空間等２１項。,鋼筋混凝土造,115年2月12日,十一層,,持分移轉
RPTOMLSKOHLGFIF17DA,,70.74,本共有部分之項目有：汽車坡道、安全梯、無障礙安全梯、無障礙升降機、梯廳、管委會使用空間、陽台、樓電梯間、日用水箱、電梯機房、消防水箱、發電機室、台電配電場所、機車停車、電信機房、停車空間、汙水機房、消防泵室、汽機車道、樓梯間及防空避難室兼停車空間等２１項。,鋼筋混凝土造,115年2月12日,十一層,,持分移轉
RPQPMLSKOHLGFIF96DA,,63.53,集合住宅,鋼筋混凝土造,115年2月12日,十一層,五層 陽台,全筆移轉
RPQPMLSKOHLGFIF96DA,,63.25,本共有部分之項目有：汽車坡道、安全梯、無障礙安全梯、無障礙升降機、梯廳、管委會使用空間、陽台、樓電梯間、日用水箱、電梯機房、消防水箱、發電機室、台電配電場所、機車停車、電信機房、停車空間、汙水機房、消防泵室、汽機車道、樓梯間及防空避難室兼停車空間等２１項。,鋼筋混凝土造,115年2月12日,十一層,,持分移轉
RPRPMLSKOHLGFIF07DA,,63.53,集合住宅,鋼筋混凝土造,115年2月12日,十一層,六層 陽台,全筆移轉
RPRPMLSKOHLGFIF07DA,,63.25,本共有部分之項目有：汽車坡道、安全梯、無障礙安全梯、無障礙升降機、梯廳、管委會使用空間、陽台、樓電梯間、日用水箱、電梯機房、消防水箱、發電機室、台電配電場所、機車停車、電信機房、停車空間、汙水機房、消防泵室、汽機車道、樓梯間及防空避難室兼停車空間等２１項。,鋼筋混凝土造,115年2月12日,十一層,,持分移轉
RPWOMLSLJIKGFGF86DA,,58.11,集合住宅,鋼筋混凝土造,115年4月15日,十五層,五層 陽台,全筆移轉
RPWOMLSLJIKGFGF86DA,,55.15,本共有部分之項目有：管委會使用空間、無障礙廁所、中央監控室、車道、戶外安全梯、排煙室、無障礙電梯、緊急昇降機、Ａ梯廳、Ｂ梯廳、Ａ梯間、昇降機、安全梯／無障礙梯、Ｂ梯間、電信機房、機道、電梯機房、Ａ棟水箱、Ｂ棟水箱、防空避難室兼停車空間、停車空間進風、停車空間排風、台電配電場所、垃圾暫存空間、戶外安全梯／無障礙梯、垃圾車暫停區、緊急發電機室、Ａ排煙室、Ｂ排煙室、Ａ水箱、Ｂ水箱、停車空間、消防機房等３３項。,鋼筋混凝土造,115年4月15日,十五層,,持分移轉
RPWOMLSKOHLGFIF47DA,,80.25,集合住宅,鋼筋混凝土造,115年2月12日,十一層,三層 陽台,全筆移轉
RPWOMLSKOHLGFIF47DA,,70.74,本共有部分之項目有：汽車坡道、安全梯、無障礙安全梯、無障礙升降機、梯廳、管委會使用空間、陽台、樓電梯間、日用水箱、電梯機房、消防水箱、發電機室、台電配電場所、機車停車、電信機房、停車空間、汙水機房、消防泵室、汽機車道、樓梯間及防空避難室兼停車空間等２１項。,鋼筋混凝土造,115年2月12日,十一層,,持分移轉
RPXNMLSKOHLGFIF47DA,,63.53,集合住宅,鋼筋混凝土造,115年2月12日,十一層,五層 陽台,全筆移轉
RPXNMLSKOHLGFIF47DA,,63.25,本共有部分之項目有：汽車坡道、安全梯、無障礙安全梯、無障礙升降機、梯廳、管委會使用空間、陽台、樓電梯間、日用水箱、電梯機房、消防水箱、發電機室、台電配電場所、機車停車、電信機房、停車空間、汙水機房、消防泵室、汽機車道、樓梯間及防空避難室兼停車空間等２１項。,鋼筋混凝土造,115年2月12日,十一層,,持分移轉
RPSPMLSKOHLGFIF17DA,,63.53,集合住宅,鋼筋混凝土造,115年2月12日,十一層,八層 陽台,全筆移轉
RPSPMLSKOHLGFIF17DA,,63.25,本共有部分之項目有：汽車坡道、安全梯、無障礙安全梯、無障礙升降機、梯廳、管委會使用空間、陽台、樓電梯間、日用水箱、電梯機房、消防水箱、發電機室、台電配電場所、機車停車、電信機房、停車空間、汙水機房、消防泵室、汽機車道、樓梯間及防空避難室兼停車空間等２１項。,鋼筋混凝土造,115年2月12日,十一層,,持分移轉
RPOOMLTLMHLGFBF58DA,,63.38,集合住宅,鋼筋混凝土造,114年12月23日,十五層,八層 陽台 雨遮,全筆移轉
RPOOMLTLMHLGFBF58DA,,67.84,本共有部分之項目有電梯間、無障礙昇降機、安全梯甲、安全丙梯、特安梯乙、安全梯甲（無障礙）、排煙、進風、戶外安全梯甲（無障礙）、公共服務空間、排煙室、門廳（梯廳）、管委會空間、停車空間、車道、蓄水池（Ａ）、蓄水池（Ｂ）、蓄水池（Ｃ）、消防泵浦室、發電機室、緩衝坑、受電箱、垃圾暫停車位、電信室、垃圾暫存空間、台電配電場所、電梯機房、緊急昇降機（無障礙使用）、電表室、自行車停車區、梯廳一兼排煙室、梯廳二、消防水箱、水箱、裝卸車位、雨遮等３６項。,鋼筋混凝土造,114年12月23日,十五層,,持分移轉
RPSVMLRLJIKGFGF07DA,,48.63,集合住宅,鋼筋混凝土造,115年4月15日,十五層,四層 陽台,全筆移轉
RPSVMLRLJIKGFGF07DA,,50.16,本共有部分之項目有：管委會使用空間、無障礙廁所、中央監控室、車道、戶外安全梯、排煙室、無障礙電梯、緊急昇降機、Ａ梯廳、Ｂ梯廳、Ａ梯間、昇降機、安全梯／無障礙梯、Ｂ梯間、電信機房、機道、電梯機房、Ａ棟水箱、Ｂ棟水箱、防空避難室兼停車空間、停車空間進風、停車空間排風、台電配電場所、垃圾暫存空間、戶外安全梯／無障礙梯、垃圾車暫停區、緊急發電機室、Ａ排煙室、Ｂ排煙室、Ａ水箱、Ｂ水箱、停車空間、消防機房等３３項。,鋼筋混凝土造,115年4月15日,十五層,,持分移轉
RPPVMLRLJIKGFGF76DA,,48.64,集合住宅,鋼筋混凝土造,115年4月15日,十五層,十五層 陽台,全筆移轉
RPPVMLRLJIKGFGF76DA,,50.16,本共有部分之項目有：管委會使用空間、無障礙廁所、中央監控室、車道、戶外安全梯、排煙室、無障礙電梯、緊急昇降機、Ａ梯廳、Ｂ梯廳、Ａ梯間、昇降機、安全梯／無障礙梯、Ｂ梯間、電信機房、機道、電梯機房、Ａ棟水箱、Ｂ棟水箱、防空避難室兼停車空間、停車空間進風、停車空間排風、台電配電場所、垃圾暫存空間、戶外安全梯／無障礙梯、垃圾車暫停區、緊急發電機室、Ａ排煙室、Ｂ排煙室、Ａ水箱、Ｂ水箱、停車空間、消防機房等３３項。,鋼筋混凝土造,115年4月15日,十五層,,持分移轉
RPOOMLSKOHLGFEF88DA,,81.93,集合住宅,鋼筋混凝土造,115年4月7日,十五層,十二層 陽台,全筆移轉
RPOOMLSKOHLGFEF88DA,,67.11,本共有部分項目有：騎樓、管委會１、管委會２、無障礙戶外安全梯、戶外安全梯、垃圾車暫停車位、臨時車位、Ａ排煙室、Ｂ排煙室、Ａ梯廳、Ｂ梯廳、無障礙廁所、無障礙安全梯、汽機車坡道、Ａ樓梯間、訪客車位、Ｂ樓梯間、Ａ水箱、Ｂ水箱、昇降機房、垃圾貯存空間、台電配電場所、卸貨空間、機車停車空間、樓梯間、汽車坡道、機房、防空避難室兼停車空間、電信機房、停車空間、消防機房、雨水機房、發電機房等３３項。,鋼筋混凝土造,115年4月7日,十五層,,持分移轉
RPUWNLSLJIKGFGF57DA,,58.44,集合住宅,鋼筋混凝土造,115年4月15日,十五層,十二層 陽台,全筆移轉
RPUWNLSLJIKGFGF57DA,,55.31,本共有部分之項目有：管委會使用空間、無障礙廁所、中央監控室、車道、戶外安全梯、排煙室、無障礙電梯、緊急昇降機、Ａ梯廳、Ｂ梯廳、Ａ梯間、昇降機、安全梯／無障礙梯、Ｂ梯間、電信機房、機道、電梯機房、Ａ棟水箱、Ｂ棟水箱、防空避難室兼停車空間、停車空間進風、停車空間排風、台電配電場所、垃圾暫存空間、戶外安全梯／無障礙梯、垃圾車暫停區、緊急發電機室、Ａ排煙室、Ｂ排煙室、Ａ水箱、Ｂ水箱、停車空間、消防機房等３３項。,鋼筋混凝土造,115年4月15日,十五層,,持分移轉
RPPOMLRKOHLGFBF58DA,,50.68,集合住宅,鋼筋混凝土造,115年2月5日,十五層,十五層 陽台,全筆移轉
RPOOMLPKOHLGFEF58DA,,86.96,集合住宅,鋼筋混凝土造,115年4月7日,十五層,十五層 陽台,全筆移轉
RPOOMLPKOHLGFEF58DA,,69.71,本共有部分項目有：騎樓、管委會１、管委會２、無障礙戶外安全梯、戶外安全梯、垃圾車暫停車位、臨時車位、Ａ排煙室、Ｂ排煙室、Ａ梯廳、Ｂ梯廳、無障礙廁所、無障礙安全梯、汽機車坡道、Ａ樓梯間、訪客車位、Ｂ樓梯間、Ａ水箱、Ｂ水箱、昇降機房、垃圾貯存空間、台電配電場所、卸貨空間、機車停車空間、樓梯間、汽車坡道、機房、防空避難室兼停車空間、電信機房、停車空間、消防機房、雨水機房、發電機房等３３項。,鋼筋混凝土造,115年4月7日,十五層,,持分移轉
RPPOMLRKOHLGFBF58DA,,53.20,本共有部分之項目有戶外安全梯（Ａ）梯廳、（Ｂ）梯廳、（Ａ）排煙室、（Ｂ）排煙室、戶外無障礙安全梯、無障礙安全梯、一般安全梯、行動不便昇降機、停車空間、無障礙通道、（Ａ棟）電錶、（Ｂ棟）電錶、受電箱、總開關空間、昇降機機坑、進風機、排風機、進風管道、排風管道、發電機室、機房、垃圾，資源回收室、台電配電場所、台電配電場所通道、裝卸位、垃圾車停車位、電信室、消防泵浦室、緊急昇降機、管理委員會空間、（Ａ）樓梯間、（Ｂ）樓梯間、（Ａ）電梯機房（一）、Ｂ棟消防水箱、（Ａ）水箱、（Ｂ）水箱、（Ｂ）電梯機房、（Ａ）水錶室、（Ｂ）水錶室、廊道、公共服務空間（Ａ）、公共服務空間（Ｂ）、公共服務空間（Ｃ）、公共服務空間（D）、Ａ棟水箱、Ｂ棟水箱等４７項。,鋼筋混凝土造,115年2月5日,十五層,,持分移轉
RPVWNLSLJIKGFGF67DA,,58.44,集合住宅,鋼筋混凝土造,115年4月15日,十五層,十三層 陽台,全筆移轉
RPVWNLSLJIKGFGF67DA,,55.31,本共有部分之項目有：管委會使用空間、無障礙廁所、中央監控室、車道、戶外安全梯、排煙室、無障礙電梯、緊急昇降機、Ａ梯廳、Ｂ梯廳、Ａ梯間、昇降機、安全梯／無障礙梯、Ｂ梯間、電信機房、機道、電梯機房、Ａ棟水箱、Ｂ棟水箱、防空避難室兼停車空間、停車空間進風、停車空間排風、台電配電場所、垃圾暫存空間、戶外安全梯／無障礙梯、垃圾車暫停區、緊急發電機室、Ａ排煙室、Ｂ排煙室、Ａ水箱、Ｂ水箱、停車空間、消防機房等３３項。,鋼筋混凝土造,115年4月15日,十五層,,持分移轉
RPVUMLOJOHLGFGF27DA,,83.11,集合住宅,鋼筋混凝土造,115年3月31日,十五層,十一層 陽台,全筆移轉
RPVUMLOJOHLGFGF27DA,,70.06,本共有部分項目有：管委會空間、梯廳、緊急昇降機、無障礙昇降機、緊急昇降機間（排煙室）、無障礙戶外安全梯（Ａ）、戶外安全梯（Ｂ）、汽機車坡道、機房、防空避難室兼停車空間、台電配電場所、發電機房、電信機房、設備基座、汽車坡道、垃圾暫存室、水箱、消防泵浦室、水錶機房、樓梯間、電梯機房、屋頂水箱、安全梯（Ａ）、停車空間、泳池水箱、無障礙安全梯（Ａ）、裝卸車位、垃圾車位等２８項。,鋼筋混凝土造,115年3月31日,十五層,,持分移轉
RPQPNLSLJIKGFGF09DA,,38.12,集合住宅,鋼筋混凝土造,115年4月15日,十五層,三層 陽台,全筆移轉
RPVNMLMLOHLGFEF98DA,,82.15,集合住宅,鋼筋混凝土造,115年4月7日,十五層,十二層 陽台,全筆移轉
RPQPNLSLJIKGFGF09DA,,44.61,本共有部分之項目有：管委會使用空間、無障礙廁所、中央監控室、車道、戶外安全梯、排煙室、無障礙電梯、緊急昇降機、Ａ梯廳、Ｂ梯廳、Ａ梯間、昇降機、安全梯／無障礙梯、Ｂ梯間、電信機房、機道、電梯機房、Ａ棟水箱、Ｂ棟水箱、防空避難室兼停車空間、停車空間進風、停車空間排風、台電配電場所、垃圾暫存空間、戶外安全梯／無障礙梯、垃圾車暫停區、緊急發電機室、Ａ排煙室、Ｂ排煙室、Ａ水箱、Ｂ水箱、停車空間、消防機房等３３項。,鋼筋混凝土造,115年4月15日,十五層,,持分移轉
RPVNMLMLOHLGFEF98DA,,67.21,本共有部分項目有：騎樓、管委會１、管委會２、無障礙戶外安全梯、戶外安全梯、垃圾車暫停車位、臨時車位、Ａ排煙室、Ｂ排煙室、Ａ梯廳、Ｂ梯廳、無障礙廁所、無障礙安全梯、汽機車坡道、Ａ樓梯間、訪客車位、Ｂ樓梯間、Ａ水箱、Ｂ水箱、昇降機房、垃圾貯存空間、台電配電場所、卸貨空間、機車停車空間、樓梯間、汽車坡道、機房、防空避難室兼停車空間、電信機房、停車空間、消防機房、雨水機房、發電機房等３３項。,鋼筋混凝土造,115年4月7日,十五層,,持分移轉
RPRPNLSLJIKGFGF56DA,,38.12,集合住宅,鋼筋混凝土造,115年4月15日,十五層,四層 陽台,全筆移轉
RPRPNLSLJIKGFGF56DA,,42.68,本共有部分之項目有：管委會使用空間、無障礙廁所、中央監控室、車道、戶外安全梯、排煙室、無障礙電梯、緊急昇降機、Ａ梯廳、Ｂ梯廳、Ａ梯間、昇降機、安全梯／無障礙梯、Ｂ梯間、電信機房、機道、電梯機房、Ａ棟水箱、Ｂ棟水箱、防空避難室兼停車空間、停車空間進風、停車空間排風、台電配電場所、垃圾暫存空間、戶外安全梯／無障礙梯、垃圾車暫停區、緊急發電機室、Ａ排煙室、Ｂ排煙室、Ａ水箱、Ｂ水箱、停車空間、消防機房等３３項。,鋼筋混凝土造,115年4月15日,十五層,,持分移轉
RPOVMLRLJIKGFGF66DA,,48.64,集合住宅,鋼筋混凝土造,115年4月15日,十五層,十四層 陽台,全筆移轉
RPOVMLRLJIKGFGF66DA,,50.16,本共有部分之項目有：管委會使用空間、無障礙廁所、中央監控室、車道、戶外安全梯、排煙室、無障礙電梯、緊急昇降機、Ａ梯廳、Ｂ梯廳、Ａ梯間、昇降機、安全梯／無障礙梯、Ｂ梯間、電信機房、機道、電梯機房、Ａ棟水箱、Ｂ棟水箱、防空避難室兼停車空間、停車空間進風、停車空間排風、台電配電場所、垃圾暫存空間、戶外安全梯／無障礙梯、垃圾車暫停區、緊急發電機室、Ａ排煙室、Ｂ排煙室、Ａ水箱、Ｂ水箱、停車空間、消防機房等３３項。,鋼筋混凝土造,115年4月15日,十五層,,持分移轉
RPRSMLRLJIKGFGF66DA,,48.11,集合住宅,鋼筋混凝土造,115年4月15日,十五層,二層 陽台,全筆移轉
RPRSMLRLJIKGFGF66DA,,47.94,本共有部分之項目有：管委會使用空間、無障礙廁所、中央監控室、車道、戶外安全梯、排煙室、無障礙電梯、緊急昇降機、Ａ梯廳、Ｂ梯廳、Ａ梯間、昇降機、安全梯／無障礙梯、Ｂ梯間、電信機房、機道、電梯機房、Ａ棟水箱、Ｂ棟水箱、防空避難室兼停車空間、停車空間進風、停車空間排風、台電配電場所、垃圾暫存空間、戶外安全梯／無障礙梯、垃圾車暫停區、緊急發電機室、Ａ排煙室、Ｂ排煙室、Ａ水箱、Ｂ水箱、停車空間、消防機房等３３項。,鋼筋混凝土造,115年4月15日,十五層,,持分移轉
RPVVMLRLJIKGFGF37DA,,48.63,集合住宅,鋼筋混凝土造,115年4月15日,十五層,七層 陽台,全筆移轉
RPVVMLRLJIKGFGF37DA,,50.29,本共有部分之項目有：管委會使用空間、無障礙廁所、中央監控室、車道、戶外安全梯、排煙室、無障礙電梯、緊急昇降機、Ａ梯廳、Ｂ梯廳、Ａ梯間、昇降機、安全梯／無障礙梯、Ｂ梯間、電信機房、機道、電梯機房、Ａ棟水箱、Ｂ棟水箱、防空避難室兼停車空間、停車空間進風、停車空間排風、台電配電場所、垃圾暫存空間、戶外安全梯／無障礙梯、垃圾車暫停區、緊急發電機室、Ａ排煙室、Ｂ排煙室、Ａ水箱、Ｂ水箱、停車空間、消防機房等３３項。,鋼筋混凝土造,115年4月15日,十五層,,持分移轉
RPRPMLOJOHLGFGF98DA,,74.57,集合住宅,鋼筋混凝土造,115年3月31日,十五層,十一層 陽台,全筆移轉
RPRPMLOJOHLGFGF98DA,,65.50,本共有部分項目有：管委會空間、梯廳、緊急昇降機、無障礙昇降機、緊急昇降機間（排煙室）、無障礙戶外安全梯（Ａ）、戶外安全梯（Ｂ）、汽機車坡道、機房、防空避難室兼停車空間、台電配電場所、發電機房、電信機房、設備基座、汽車坡道、垃圾暫存室、水箱、消防泵浦室、水錶機房、樓梯間、電梯機房、屋頂水箱、安全梯（Ａ）、停車空間、泳池水箱、無障礙安全梯（Ａ）、裝卸車位、垃圾車位等２８項。,鋼筋混凝土造,115年3月31日,十五層,,持分移轉
RPSNMLPKOHLGFEF88DA,,58.91,集合住宅,鋼筋混凝土造,115年4月7日,十四層,十二層 陽台,全筆移轉
RPSNMLPKOHLGFEF88DA,,55.51,本共有部分項目有：騎樓、管委會１、管委會２、無障礙戶外安全梯、戶外安全梯、垃圾車暫停車位、臨時車位、Ａ排煙室、Ｂ排煙室、Ａ梯廳、Ｂ梯廳、無障礙廁所、無障礙安全梯、汽機車坡道、Ａ樓梯間、訪客車位、Ｂ樓梯間、Ａ水箱、Ｂ水箱、昇降機房、垃圾貯存空間、台電配電場所、卸貨空間、機車停車空間、樓梯間、汽車坡道、機房、防空避難室兼停車空間、電信機房、停車空間、消防機房、雨水機房、發電機房等３３項。,鋼筋混凝土造,115年4月7日,十五層,,持分移轉
RPVTMLOLOHLGFBF86DA,,50.13,集合住宅,鋼筋混凝土造,115年2月25日,七層,五層 陽台,全筆移轉
RPVTMLOLOHLGFBF86DA,,51.71,本共有部分之項目有梯廳、無障礙室內安全梯（１）、（Ａ）無障礙戶外安全梯、（Ｂ）無障礙戶外安全梯、昇降機間、無障礙昇降機、汽車坡道、汽車機車坡道、地下室進風管道、地下室排風管道、停車空間、地下室進風口、地下室排風口、排風機房、管委會使用空間、無障礙廁所、儲藏室、垃圾暫存室、垃圾車停車位、Ａ棟蓄水池、Ｂ棟蓄水池、消防泵浦室、受電箱、電表區、電表、發電機室、台電配電場所、景觀機房、電信室、陽台等３０項。,鋼筋混凝土造,115年2月25日,七層,,持分移轉
RPVTMLOLOHLGFBF86DA,,11.25,本共有部分之項目有（Ｂ）無障礙戶外安全梯、梯廳、無障礙昇降機、昇降機間、（Ｂ）戶外安全梯、消防水箱、機械室、水箱（一）、水箱（二）等９項。,鋼筋混凝土造,115年2月25日,七層,,持分移轉
RPQQMLOJOHLGFGF98DA,,74.57,集合住宅,鋼筋混凝土造,115年3月31日,十五層,九層 陽台,全筆移轉
RPQQMLOJOHLGFGF98DA,,65.50,本共有部分項目有：管委會空間、梯廳、緊急昇降機、無障礙昇降機、緊急昇降機間（排煙室）、無障礙戶外安全梯（Ａ）、戶外安全梯（Ｂ）、汽機車坡道、機房、防空避難室兼停車空間、台電配電場所、發電機房、電信機房、設備基座、汽車坡道、垃圾暫存室、水箱、消防泵浦室、水錶機房、樓梯間、電梯機房、屋頂水箱、安全梯（Ａ）、停車空間、泳池水箱、無障礙安全梯（Ａ）、裝卸車位、垃圾車位等２８項。,鋼筋混凝土造,115年3月31日,十五層,,持分移轉
RPRPMLSLJIKGFGF09DA,,58.11,集合住宅,鋼筋混凝土造,115年4月15日,十五層,十層 陽台,全筆移轉
RPXPMLTLLHLGFBF86DA,,39.73,集合住宅,鋼筋混凝土造,115年2月25日,七層,三層 陽台,全筆移轉
RPXPMLTLLHLGFBF86DA,,48.19,本共有部分之項目有梯廳、無障礙室內安全梯（１）、（Ａ）無障礙戶外安全梯、（Ｂ）無障礙戶外安全梯、昇降機間、無障礙昇降機、汽車坡道、汽車機車坡道、地下室進風管道、地下室排風管道、停車空間、地下室進風口、地下室排風口、排風機房、管委會使用空間、無障礙廁所、儲藏室、垃圾暫存室、垃圾車停車位、Ａ棟蓄水池、Ｂ棟蓄水池、消防泵浦室、受電箱、電表區、電表、發電機室、台電配電場所、景觀機房、電信室、陽台等３０項。,鋼筋混凝土造,115年2月25日,七層,,持分移轉
RPRPMLSLJIKGFGF09DA,,55.15,本共有部分之項目有：管委會使用空間、無障礙廁所、中央監控室、車道、戶外安全梯、排煙室、無障礙電梯、緊急昇降機、Ａ梯廳、Ｂ梯廳、Ａ梯間、昇降機、安全梯／無障礙梯、Ｂ梯間、電信機房、機道、電梯機房、Ａ棟水箱、Ｂ棟水箱、防空避難室兼停車空間、停車空間進風、停車空間排風、台電配電場所、垃圾暫存空間、戶外安全梯／無障礙梯、垃圾車暫停區、緊急發電機室、Ａ排煙室、Ｂ排煙室、Ａ水箱、Ｂ水箱、停車空間、消防機房等３３項。,鋼筋混凝土造,115年4月15日,十五層,,持分移轉
RPXPMLTLLHLGFBF86DA,,8.32,本共有部分之項目有（Ａ）無障礙戶外安全梯、梯廳、無障礙昇降機、昇降機間、（Ａ）戶外安全梯、消防水箱、機械室、水箱（一）、水箱（二）等９項。,鋼筋混凝土造,115年2月25日,七層,,持分移轉
RPXOMLTLLHLGFBF76DA,,32.11,一般零售業,鋼筋混凝土造,115年2月25日,七層,一層,全筆移轉
RPXOMLTLLHLGFBF76DA,,9.50,本共有部分之項目有梯廳、無障礙室內安全梯（１）、（Ａ）無障礙戶外安全梯、（Ｂ）無障礙戶外安全梯、昇降機間、無障礙昇降機、汽車坡道、汽車機車坡道、地下室進風管道、地下室排風管道、停車空間、地下室進風口、地下室排風口、排風機房、管委會使用空間、無障礙廁所、儲藏室、垃圾暫存室、垃圾車停車位、Ａ棟蓄水池、Ｂ棟蓄水池、消防泵浦室、受電箱、電表區、電表、發電機室、台電配電場所、景觀機房、電信室、陽台等３０項。,鋼筋混凝土造,115年2月25日,七層,,持分移轉
RPXOMLTLLHLGFBF76DA,,6.76,本共有部分之項目有（Ａ）無障礙戶外安全梯、梯廳、無障礙昇降機、昇降機間、（Ａ）戶外安全梯、消防水箱、機械室、水箱（一）、水箱（二）等９項。,鋼筋混凝土造,115年2月25日,七層,,持分移轉
RPWPMLOJOHLGFGF86DA,,74.57,集合住宅,鋼筋混凝土造,115年3月31日,十五層,五層 陽台,全筆移轉
RPROMLMJKIKGFGF28DA,,48.64,集合住宅,鋼筋混凝土造,115年4月15日,十五層,五層 陽台,全筆移轉
RPWPMLOJOHLGFGF86DA,,65.50,本共有部分項目有：管委會空間、梯廳、緊急昇降機、無障礙昇降機、緊急昇降機間（排煙室）、無障礙戶外安全梯（Ａ）、戶外安全梯（Ｂ）、汽機車坡道、機房、防空避難室兼停車空間、台電配電場所、發電機房、電信機房、設備基座、汽車坡道、垃圾暫存室、水箱、消防泵浦室、水錶機房、樓梯間、電梯機房、屋頂水箱、安全梯（Ａ）、停車空間、泳池水箱、無障礙安全梯（Ａ）、裝卸車位、垃圾車位等２８項。,鋼筋混凝土造,115年3月31日,十五層,,持分移轉
RPROMLMJKIKGFGF28DA,,50.16,本共有部分之項目有：管委會使用空間、無障礙廁所、中央監控室、車道、戶外安全梯、排煙室、無障礙電梯、緊急昇降機、Ａ梯廳、Ｂ梯廳、Ａ梯間、昇降機、安全梯／無障礙梯、Ｂ梯間、電信機房、機道、電梯機房、Ａ棟水箱、Ｂ棟水箱、防空避難室兼停車空間、停車空間進風、停車空間排風、台電配電場所、垃圾暫存空間、戶外安全梯／無障礙梯、垃圾車暫停區、緊急發電機室、Ａ排煙室、Ｂ排煙室、Ａ水箱、Ｂ水箱、停車空間、消防機房等３３項。,鋼筋混凝土造,115年4月15日,十五層,,持分移轉
RPWSMLRLJIKGFGF17DA,,48.11,集合住宅,鋼筋混凝土造,115年4月15日,十五層,七層 陽台,全筆移轉
RPWSMLRLJIKGFGF17DA,,49.88,本共有部分之項目有：管委會使用空間、無障礙廁所、中央監控室、車道、戶外安全梯、排煙室、無障礙電梯、緊急昇降機、Ａ梯廳、Ｂ梯廳、Ａ梯間、昇降機、安全梯／無障礙梯、Ｂ梯間、電信機房、機道、電梯機房、Ａ棟水箱、Ｂ棟水箱、防空避難室兼停車空間、停車空間進風、停車空間排風、台電配電場所、垃圾暫存空間、戶外安全梯／無障礙梯、垃圾車暫停區、緊急發電機室、Ａ排煙室、Ｂ排煙室、Ａ水箱、Ｂ水箱、停車空間、消防機房等３３項。,鋼筋混凝土造,115年4月15日,十五層,,持分移轉
RPPQMLTLLHLGFBF78DA,,39.73,集合住宅,鋼筋混凝土造,115年2月25日,七層,七層 陽台,全筆移轉
RPPQMLTLLHLGFBF78DA,,48.19,本共有部分之項目有梯廳、無障礙室內安全梯（１）、（Ａ）無障礙戶外安全梯、（Ｂ）無障礙戶外安全梯、昇降機間、無障礙昇降機、汽車坡道、汽車機車坡道、地下室進風管道、地下室排風管道、停車空間、地下室進風口、地下室排風口、排風機房、管委會使用空間、無障礙廁所、儲藏室、垃圾暫存室、垃圾車停車位、Ａ棟蓄水池、Ｂ棟蓄水池、消防泵浦室、受電箱、電表區、電表、發電機室、台電配電場所、景觀機房、電信室、陽台等３０項。,鋼筋混凝土造,115年2月25日,七層,,持分移轉
RPPQMLTLLHLGFBF78DA,,8.32,本共有部分之項目有（Ａ）無障礙戶外安全梯、梯廳、無障礙昇降機、昇降機間、（Ａ）戶外安全梯、消防水箱、機械室、水箱（一）、水箱（二）等９項。,鋼筋混凝土造,115年2月25日,七層,,持分移轉
RPPTMLRLJIKGFGF56DA,,48.11,集合住宅,鋼筋混凝土造,115年4月15日,十五層,十層 陽台,全筆移轉
RPPTMLRLJIKGFGF56DA,,49.88,本共有部分之項目有：管委會使用空間、無障礙廁所、中央監控室、車道、戶外安全梯、排煙室、無障礙電梯、緊急昇降機、Ａ梯廳、Ｂ梯廳、Ａ梯間、昇降機、安全梯／無障礙梯、Ｂ梯間、電信機房、機道、電梯機房、Ａ棟水箱、Ｂ棟水箱、防空避難室兼停車空間、停車空間進風、停車空間排風、台電配電場所、垃圾暫存空間、戶外安全梯／無障礙梯、垃圾車暫停區、緊急發電機室、Ａ排煙室、Ｂ排煙室、Ａ水箱、Ｂ水箱、停車空間、消防機房等３３項。,鋼筋混凝土造,115年4月15日,十五層,,持分移轉
RPSPMLSLJIKGFGF56DA,,58.11,集合住宅,鋼筋混凝土造,115年4月15日,十五層,十一層 陽台,全筆移轉
RPSPMLSLJIKGFGF56DA,,55.15,本共有部分之項目有：管委會使用空間、無障礙廁所、中央監控室、車道、戶外安全梯、排煙室、無障礙電梯、緊急昇降機、Ａ梯廳、Ｂ梯廳、Ａ梯間、昇降機、安全梯／無障礙梯、Ｂ梯間、電信機房、機道、電梯機房、Ａ棟水箱、Ｂ棟水箱、防空避難室兼停車空間、停車空間進風、停車空間排風、台電配電場所、垃圾暫存空間、戶外安全梯／無障礙梯、垃圾車暫停區、緊急發電機室、Ａ排煙室、Ｂ排煙室、Ａ水箱、Ｂ水箱、停車空間、消防機房等３３項。,鋼筋混凝土造,115年4月15日,十五層,,持分移轉
RPRSNLSLJIKGFGF86DA,,66.10,集合住宅,鋼筋混凝土造,115年4月15日,十五層,十五層 陽台,全筆移轉
RPRSNLSLJIKGFGF86DA,,59.36,本共有部分之項目有：管委會使用空間、無障礙廁所、中央監控室、車道、戶外安全梯、排煙室、無障礙電梯、緊急昇降機、Ａ梯廳、Ｂ梯廳、Ａ梯間、昇降機、安全梯／無障礙梯、Ｂ梯間、電信機房、機道、電梯機房、Ａ棟水箱、Ｂ棟水箱、防空避難室兼停車空間、停車空間進風、停車空間排風、台電配電場所、垃圾暫存空間、戶外安全梯／無障礙梯、垃圾車暫停區、緊急發電機室、Ａ排煙室、Ｂ排煙室、Ａ水箱、Ｂ水箱、停車空間、消防機房等３３項。,鋼筋混凝土造,115年4月15日,十五層,,持分移轉
RPQRMLTLLHLGFBF98DA,,50.13,集合住宅,鋼筋混凝土造,115年2月25日,七層,四層 陽台,全筆移轉
RPQRMLTLLHLGFBF98DA,,51.71,本共有部分之項目有梯廳、無障礙室內安全梯（１）、（Ａ）無障礙戶外安全梯、（Ｂ）無障礙戶外安全梯、昇降機間、無障礙昇降機、汽車坡道、汽車機車坡道、地下室進風管道、地下室排風管道、停車空間、地下室進風口、地下室排風口、排風機房、管委會使用空間、無障礙廁所、儲藏室、垃圾暫存室、垃圾車停車位、Ａ棟蓄水池、Ｂ棟蓄水池、消防泵浦室、受電箱、電表區、電表、發電機室、台電配電場所、景觀機房、電信室、陽台等３０項。,鋼筋混凝土造,115年2月25日,七層,,持分移轉
RPQRMLTLLHLGFBF98DA,,11.25,本共有部分之項目有（Ｂ）無障礙戶外安全梯、梯廳、無障礙昇降機、昇降機間、（Ｂ）戶外安全梯、消防水箱、機械室、水箱（一）、水箱（二）等９項。,鋼筋混凝土造,115年2月25日,七層,,持分移轉
RPUVMLOJOHLGFGF27DA,,49.74,集合住宅,鋼筋混凝土造,115年3月31日,十五層,十層 陽台,全筆移轉
RPUVMLOJOHLGFGF27DA,,52.27,本共有部分項目有：管委會空間、梯廳、緊急昇降機、無障礙昇降機、緊急昇降機間（排煙室）、無障礙戶外安全梯（Ａ）、戶外安全梯（Ｂ）、汽機車坡道、機房、防空避難室兼停車空間、台電配電場所、發電機房、電信機房、設備基座、汽車坡道、垃圾暫存室、水箱、消防泵浦室、水錶機房、樓梯間、電梯機房、屋頂水箱、安全梯（Ａ）、停車空間、泳池水箱、無障礙安全梯（Ａ）、裝卸車位、垃圾車位等２８項。,鋼筋混凝土造,115年3月31日,十五層,,持分移轉
RPWTMLOLOHLGFBF96DA,,49.20,集合住宅,鋼筋混凝土造,115年2月25日,七層,三層 陽台,全筆移轉
RPWTMLOLOHLGFBF96DA,,51.71,本共有部分之項目有梯廳、無障礙室內安全梯（１）、（Ａ）無障礙戶外安全梯、（Ｂ）無障礙戶外安全梯、昇降機間、無障礙昇降機、汽車坡道、汽車機車坡道、地下室進風管道、地下室排風管道、停車空間、地下室進風口、地下室排風口、排風機房、管委會使用空間、無障礙廁所、儲藏室、垃圾暫存室、垃圾車停車位、Ａ棟蓄水池、Ｂ棟蓄水池、消防泵浦室、受電箱、電表區、電表、發電機室、台電配電場所、景觀機房、電信室、陽台等３０項。,鋼筋混凝土造,115年2月25日,七層,,持分移轉
RPWTMLOLOHLGFBF96DA,,11.02,本共有部分之項目有（Ｂ）無障礙戶外安全梯、梯廳、無障礙昇降機、昇降機間、（Ｂ）戶外安全梯、消防水箱、機械室、水箱（一）、水箱（二）等９項。,鋼筋混凝土造,115年2月25日,七層,,持分移轉
RPSRMLTLLHLGFBF56DA,,50.13,集合住宅,鋼筋混凝土造,115年2月25日,七層,七層 陽台,全筆移轉
RPSRMLTLLHLGFBF56DA,,51.71,本共有部分之項目有梯廳、無障礙室內安全梯（１）、（Ａ）無障礙戶外安全梯、（Ｂ）無障礙戶外安全梯、昇降機間、無障礙昇降機、汽車坡道、汽車機車坡道、地下室進風管道、地下室排風管道、停車空間、地下室進風口、地下室排風口、排風機房、管委會使用空間、無障礙廁所、儲藏室、垃圾暫存室、垃圾車停車位、Ａ棟蓄水池、Ｂ棟蓄水池、消防泵浦室、受電箱、電表區、電表、發電機室、台電配電場所、景觀機房、電信室、陽台等３０項。,鋼筋混凝土造,115年2月25日,七層,,持分移轉
RPSRMLTLLHLGFBF56DA,,11.25,本共有部分之項目有（Ｂ）無障礙戶外安全梯、梯廳、無障礙昇降機、昇降機間、（Ｂ）戶外安全梯、消防水箱、機械室、水箱（一）、水箱（二）等９項。,鋼筋混凝土造,115年2月25日,七層,,持分移轉
RPRPMLPJOHLGFGF09DA,,74.57,集合住宅,鋼筋混凝土造,115年3月31日,十五層,十三層 陽台,全筆移轉
RPRPMLPJOHLGFGF09DA,,65.50,本共有部分項目有：管委會空間、梯廳、緊急昇降機、無障礙昇降機、緊急昇降機間（排煙室）、無障礙戶外安全梯（Ａ）、戶外安全梯（Ｂ）、汽機車坡道、機房、防空避難室兼停車空間、台電配電場所、發電機房、電信機房、設備基座、汽車坡道、垃圾暫存室、水箱、消防泵浦室、水錶機房、樓梯間、電梯機房、屋頂水箱、安全梯（Ａ）、停車空間、泳池水箱、無障礙安全梯（Ａ）、裝卸車位、垃圾車位等２８項。,鋼筋混凝土造,115年3月31日,十五層,,持分移轉
RPSUNLSLJIKGFGF17DA,,44.15,集合住宅,鋼筋混凝土造,115年4月15日,十五層,十二層 陽台,全筆移轉
RPSUNLSLJIKGFGF17DA,,47.79,本共有部分之項目有：管委會使用空間、無障礙廁所、中央監控室、車道、戶外安全梯、排煙室、無障礙電梯、緊急昇降機、Ａ梯廳、Ｂ梯廳、Ａ梯間、昇降機、安全梯／無障礙梯、Ｂ梯間、電信機房、機道、電梯機房、Ａ棟水箱、Ｂ棟水箱、防空避難室兼停車空間、停車空間進風、停車空間排風、台電配電場所、垃圾暫存空間、戶外安全梯／無障礙梯、垃圾車暫停區、緊急發電機室、Ａ排煙室、Ｂ排煙室、Ａ水箱、Ｂ水箱、停車空間、消防機房等３３項。,鋼筋混凝土造,115年4月15日,十五層,,持分移轉
RPXUMLKLNHLGFBF66DA,,68.31,集合住宅,鋼筋混凝土造,115年2月3日,二十層,二層 陽台,全筆移轉
RPXUMLKLNHLGFBF66DA,,57.18,本共有部分之項目有：一般昇降機、無障礙特別安全梯甲、特別安全梯乙、無障礙特別安全梯丙、特別安全梯丁、無障礙緊急昇降機、排煙室Ａ、排煙室Ｂ、自然排煙室Ａ、自然排煙室Ｂ、無障礙安全梯戊、無障礙梯己、無障礙昇降機、梯廳、梯廳Ｅ、無障礙室內通路、大廳、防災中心、迴轉空間、管委會使用空間１、管委會使用空間２、管委會使用空間３、供管委會使用空間４、信箱區、梯間、一般梯壬、一般梯辛、下方電梯升降路、電梯機房、機房、消防機房、汽機車車道、門廳１、門廳２、社區使用車位、台電配電場所通道、受電箱、汽車車道、Ａ棟電表室、Ｂ棟電表室、台電配電場所（１）、台電配電場所（２）、上方地下室排氣管道、進氣管道、排氣管道、排煙室、資源回收室、電信機房、停車空間、風機位置、給水管道、電氣管道、緊急發電機室、無障礙安全梯、進風管道、管道間、上方排氣管道、維修口、電梯機坑、垃圾車位、廁所、電力、弱電、排氣、消防、給水、進氣、水箱、水錶牆、管道、陽台等７１項。,鋼筋混凝土造,115年2月3日,二十層,,持分移轉
RPSOMLQKOHLGFBF78DA,,59.52,一般零售場所,鋼筋混凝土造,115年4月16日,十五層,二層 陽台,全筆移轉
RPSPMLPJOHLGFGF56DA,,74.57,集合住宅,鋼筋混凝土造,115年3月31日,十五層,六層 陽台,全筆移轉
RPSPMLPJOHLGFGF56DA,,91.21,本共有部分項目有：管委會空間、梯廳、緊急昇降機、無障礙昇降機、緊急昇降機間（排煙室）、無障礙戶外安全梯（Ａ）、戶外安全梯（Ｂ）、汽機車坡道、機房、防空避難室兼停車空間、台電配電場所、發電機房、電信機房、設備基座、汽車坡道、垃圾暫存室、水箱、消防泵浦室、水錶機房、樓梯間、電梯機房、屋頂水箱、安全梯（Ａ）、停車空間、泳池水箱、無障礙安全梯（Ａ）、裝卸車位、垃圾車位等２８項。,鋼筋混凝土造,115年3月31日,十五層,,持分移轉
RPSOMLQKOHLGFBF78DA,,57.60,本共有部分之項目有梯廳、排煙室、緊急昇降梯、一般昇降梯、無障礙昇降機、發電機排風管、發電機進風管、Ａ３地下室無障礙樓梯、無障礙樓梯、汽機車車道、Ａ１戶外安全梯、Ａ２戶外安全梯、管委會使用空間（一）、管委會使用空間（二）、管委會使用空間（三）、管委會使用空間（四）、發電機房、台電配電場所、垃圾車暫停車位、消防管道間、陽台、排煙室進風、排煙室排風、消防管道、地下室進風、防空避難室兼停車空間、水箱、機車停車空間、垃圾儲藏室、地下室排風、電信機房、消防機房、雨汙水機房、機房、電梯機房、汽車車道、停車空間等３７項。,鋼筋混凝土造,115年4月16日,十五層,,持分移轉
RPRTMLOJOHLGFGF76DA,,50.91,集合住宅,鋼筋混凝土造,115年3月31日,十五層,二層 陽台,全筆移轉
RPRTMLOJOHLGFGF76DA,,52.88,本共有部分項目有：管委會空間、梯廳、緊急昇降機、無障礙昇降機、緊急昇降機間（排煙室）、無障礙戶外安全梯（Ａ）、戶外安全梯（Ｂ）、汽機車坡道、機房、防空避難室兼停車空間、台電配電場所、發電機房、電信機房、設備基座、汽車坡道、垃圾暫存室、水箱、消防泵浦室、水錶機房、樓梯間、電梯機房、屋頂水箱、安全梯（Ａ）、停車空間、泳池水箱、無障礙安全梯（Ａ）、裝卸車位、垃圾車位等２８項。,鋼筋混凝土造,115年3月31日,十五層,,持分移轉
RPSWNLSLJIKGFGF37DA,,58.44,集合住宅,鋼筋混凝土造,115年4月15日,十五層,十層 陽台,全筆移轉
RPSONLSLJIKGFGF56DA,,37.77,集合住宅,鋼筋混凝土造,115年4月15日,十五層,九層 陽台,全筆移轉
RPSWNLSLJIKGFGF37DA,,55.31,本共有部分之項目有：管委會使用空間、無障礙廁所、中央監控室、車道、戶外安全梯、排煙室、無障礙電梯、緊急昇降機、Ａ梯廳、Ｂ梯廳、Ａ梯間、昇降機、安全梯／無障礙梯、Ｂ梯間、電信機房、機道、電梯機房、Ａ棟水箱、Ｂ棟水箱、防空避難室兼停車空間、停車空間進風、停車空間排風、台電配電場所、垃圾暫存空間、戶外安全梯／無障礙梯、垃圾車暫停區、緊急發電機室、Ａ排煙室、Ｂ排煙室、Ａ水箱、Ｂ水箱、停車空間、消防機房等３３項。,鋼筋混凝土造,115年4月15日,十五層,,持分移轉
RPSONLSLJIKGFGF56DA,,44.43,本共有部分之項目有：管委會使用空間、無障礙廁所、中央監控室、車道、戶外安全梯、排煙室、無障礙電梯、緊急昇降機、Ａ梯廳、Ｂ梯廳、Ａ梯間、昇降機、安全梯／無障礙梯、Ｂ梯間、電信機房、機道、電梯機房、Ａ棟水箱、Ｂ棟水箱、防空避難室兼停車空間、停車空間進風、停車空間排風、台電配電場所、垃圾暫存空間、戶外安全梯／無障礙梯、垃圾車暫停區、緊急發電機室、Ａ排煙室、Ｂ排煙室、Ａ水箱、Ｂ水箱、停車空間、消防機房等３３項。,鋼筋混凝土造,115年4月15日,十五層,,持分移轉
RPTONLSLJIKGFGF66DA,,37.77,集合住宅,鋼筋混凝土造,115年4月15日,十五層,十層 陽台,全筆移轉
RPTONLSLJIKGFGF66DA,,42.49,本共有部分之項目有：管委會使用空間、無障礙廁所、中央監控室、車道、戶外安全梯、排煙室、無障礙電梯、緊急昇降機、Ａ梯廳、Ｂ梯廳、Ａ梯間、昇降機、安全梯／無障礙梯、Ｂ梯間、電信機房、機道、電梯機房、Ａ棟水箱、Ｂ棟水箱、防空避難室兼停車空間、停車空間進風、停車空間排風、台電配電場所、垃圾暫存空間、戶外安全梯／無障礙梯、垃圾車暫停區、緊急發電機室、Ａ排煙室、Ｂ排煙室、Ａ水箱、Ｂ水箱、停車空間、消防機房等３３項。,鋼筋混凝土造,115年4月15日,十五層,,持分移轉
RPTPMLPLOHLGFBF98DA,,42.95,集合住宅,鋼筋混凝土造,114年12月10日,十四層,二層 陽台,全筆移轉
RPTPMLPLOHLGFBF98DA,,46.94,本共有部分之項目有管委會使用空間、戶外安全梯、排煙室、梯廳、陽台、樓梯間、機房、自來水箱、電梯機房、停車空間、垃圾儲藏室、電信機房、發電機房、台電配電場所、水箱、消防機房、一般安全梯等１７項,鋼筋混凝土造,114年12月10日,十四層,,持分移轉
RPVPMLPLOHLGFBF56DA,,64.61,集合住宅,鋼筋混凝土造,114年12月10日,十四層,二層 陽台,全筆移轉
RPVPMLPLOHLGFBF56DA,,56.41,本共有部分之項目有管委會使用空間、戶外安全梯、排煙室、梯廳、陽台、樓梯間、機房、自來水箱、電梯機房、停車空間、垃圾儲藏室、電信機房、發電機房、台電配電場所、水箱、消防機房、一般安全梯等１７項,鋼筋混凝土造,114年12月10日,十四層,,持分移轉
RPQNMLQLOHLGFBF58DA,,43.61,集合住宅,鋼筋混凝土造,114年12月10日,十四層,二層 陽台,全筆移轉
RPQNMLQLOHLGFBF58DA,,47.28,本共有部分之項目有管委會使用空間、戶外安全梯、排煙室、梯廳、陽台、樓梯間、機房、自來水箱、電梯機房、停車空間、垃圾儲藏室、電信機房、發電機房、台電配電場所、水箱、消防機房、一般安全梯等１７項,鋼筋混凝土造,114年12月10日,十四層,,持分移轉
RPSPMLOJOHLGFGF09DA,,74.57,集合住宅,鋼筋混凝土造,115年3月31日,十五層,十二層 陽台,全筆移轉
RPSPMLOJOHLGFGF09DA,,63.19,本共有部分項目有：管委會空間、梯廳、緊急昇降機、無障礙昇降機、緊急昇降機間（排煙室）、無障礙戶外安全梯（Ａ）、戶外安全梯（Ｂ）、汽機車坡道、機房、防空避難室兼停車空間、台電配電場所、發電機房、電信機房、設備基座、汽車坡道、垃圾暫存室、水箱、消防泵浦室、水錶機房、樓梯間、電梯機房、屋頂水箱、安全梯（Ａ）、停車空間、泳池水箱、無障礙安全梯（Ａ）、裝卸車位、垃圾車位等２８項。,鋼筋混凝土造,115年3月31日,十五層,,持分移轉
RPUPMLRLJIKGFGF66DA,,36.84,集合住宅,鋼筋混凝土造,115年4月15日,十五層,十二層 陽台,全筆移轉
RPUPMLRLJIKGFGF66DA,,43.94,本共有部分之項目有：管委會使用空間、無障礙廁所、中央監控室、車道、戶外安全梯、排煙室、無障礙電梯、緊急昇降機、Ａ梯廳、Ｂ梯廳、Ａ梯間、昇降機、安全梯／無障礙梯、Ｂ梯間、電信機房、機道、電梯機房、Ａ棟水箱、Ｂ棟水箱、防空避難室兼停車空間、停車空間進風、停車空間排風、台電配電場所、垃圾暫存空間、戶外安全梯／無障礙梯、垃圾車暫停區、緊急發電機室、Ａ排煙室、Ｂ排煙室、Ａ水箱、Ｂ水箱、停車空間、消防機房等３３項。,鋼筋混凝土造,115年4月15日,十五層,,持分移轉
RPTQNLSLJIKGFGF86DA,,37.72,集合住宅,鋼筋混凝土造,115年4月15日,十五層,二層 陽台,全筆移轉
RPTQNLSLJIKGFGF86DA,,44.41,本共有部分之項目有：管委會使用空間、無障礙廁所、中央監控室、車道、戶外安全梯、排煙室、無障礙電梯、緊急昇降機、Ａ梯廳、Ｂ梯廳、Ａ梯間、昇降機、安全梯／無障礙梯、Ｂ梯間、電信機房、機道、電梯機房、Ａ棟水箱、Ｂ棟水箱、防空避難室兼停車空間、停車空間進風、停車空間排風、台電配電場所、垃圾暫存空間、戶外安全梯／無障礙梯、垃圾車暫停區、緊急發電機室、Ａ排煙室、Ｂ排煙室、Ａ水箱、Ｂ水箱、停車空間、消防機房等３３項。,鋼筋混凝土造,115年4月15日,十五層,,持分移轉
RPURMLQKOHLGFBF66DA,,60.08,一般零售場所,鋼筋混凝土造,115年4月16日,十五層,三層 陽台,全筆移轉
RPURMLQKOHLGFBF66DA,,57.89,本共有部分之項目有梯廳、排煙室、緊急昇降梯、一般昇降梯、無障礙昇降機、發電機排風管、發電機進風管、Ａ３地下室無障礙樓梯、無障礙樓梯、汽機車車道、Ａ１戶外安全梯、Ａ２戶外安全梯、管委會使用空間（一）、管委會使用空間（二）、管委會使用空間（三）、管委會使用空間（四）、發電機房、台電配電場所、垃圾車暫停車位、消防管道間、陽台、排煙室進風、排煙室排風、消防管道、地下室進風、防空避難室兼停車空間、水箱、機車停車空間、垃圾儲藏室、地下室排風、電信機房、消防機房、雨汙水機房、機房、電梯機房、汽車車道、停車空間等３７項。,鋼筋混凝土造,115年4月16日,十五層,,持分移轉
RPTPMLTLLHLGFBF09DA,,50.13,集合住宅,鋼筋混凝土造,115年2月25日,七層,五層 陽台,全筆移轉
RPOPNLSLJIKGFGF88DA,,37.77,集合住宅,鋼筋混凝土造,115年4月15日,十五層,十五層 陽台,全筆移轉
RPTPMLTLLHLGFBF09DA,,51.71,本共有部分之項目有梯廳、無障礙室內安全梯（１）、（Ａ）無障礙戶外安全梯、（Ｂ）無障礙戶外安全梯、昇降機間、無障礙昇降機、汽車坡道、汽車機車坡道、地下室進風管道、地下室排風管道、停車空間、地下室進風口、地下室排風口、排風機房、管委會使用空間、無障礙廁所、儲藏室、垃圾暫存室、垃圾車停車位、Ａ棟蓄水池、Ｂ棟蓄水池、消防泵浦室、受電箱、電表區、電表、發電機室、台電配電場所、景觀機房、電信室、陽台等３０項。,鋼筋混凝土造,115年2月25日,七層,,持分移轉
RPOPNLSLJIKGFGF88DA,,44.43,本共有部分之項目有：管委會使用空間、無障礙廁所、中央監控室、車道、戶外安全梯、排煙室、無障礙電梯、緊急昇降機、Ａ梯廳、Ｂ梯廳、Ａ梯間、昇降機、安全梯／無障礙梯、Ｂ梯間、電信機房、機道、電梯機房、Ａ棟水箱、Ｂ棟水箱、防空避難室兼停車空間、停車空間進風、停車空間排風、台電配電場所、垃圾暫存空間、戶外安全梯／無障礙梯、垃圾車暫停區、緊急發電機室、Ａ排煙室、Ｂ排煙室、Ａ水箱、Ｂ水箱、停車空間、消防機房等３３項。,鋼筋混凝土造,115年4月15日,十五層,,持分移轉
RPTPMLTLLHLGFBF09DA,,10.49,本共有部分之項目有（Ａ）無障礙戶外安全梯、梯廳、無障礙昇降機、昇降機間、（Ａ）戶外安全梯、消防水箱、機械室、水箱（一）、水箱（二）等９項。,鋼筋混凝土造,115年2月25日,七層,,持分移轉
RPUWMLRLJIKGFGF37DA,,48.63,集合住宅,鋼筋混凝土造,115年4月15日,十五層,十五層 陽台,全筆移轉
RPUWMLRLJIKGFGF37DA,,50.16,本共有部分之項目有：管委會使用空間、無障礙廁所、中央監控室、車道、戶外安全梯、排煙室、無障礙電梯、緊急昇降機、Ａ梯廳、Ｂ梯廳、Ａ梯間、昇降機、安全梯／無障礙梯、Ｂ梯間、電信機房、機道、電梯機房、Ａ棟水箱、Ｂ棟水箱、防空避難室兼停車空間、停車空間進風、停車空間排風、台電配電場所、垃圾暫存空間、戶外安全梯／無障礙梯、垃圾車暫停區、緊急發電機室、Ａ排煙室、Ｂ排煙室、Ａ水箱、Ｂ水箱、停車空間、消防機房等３３項。,鋼筋混凝土造,115年4月15日,十五層,,持分移轉
RPSWMLRLJIKGFGF17DA,,48.63,集合住宅,鋼筋混凝土造,115年4月15日,十五層,十三層 陽台,全筆移轉
RPSWMLRLJIKGFGF17DA,,50.16,本共有部分之項目有：管委會使用空間、無障礙廁所、中央監控室、車道、戶外安全梯、排煙室、無障礙電梯、緊急昇降機、Ａ梯廳、Ｂ梯廳、Ａ梯間、昇降機、安全梯／無障礙梯、Ｂ梯間、電信機房、機道、電梯機房、Ａ棟水箱、Ｂ棟水箱、防空避難室兼停車空間、停車空間進風、停車空間排風、台電配電場所、垃圾暫存空間、戶外安全梯／無障礙梯、垃圾車暫停區、緊急發電機室、Ａ排煙室、Ｂ排煙室、Ａ水箱、Ｂ水箱、停車空間、消防機房等３３項。,鋼筋混凝土造,115年4月15日,十五層,,持分移轉
RPOONLRLJIKGFGF68DA,,38.79,集合住宅,鋼筋混凝土造,115年4月15日,十五層,十四層 陽台,全筆移轉
RPOONLRLJIKGFGF68DA,,43.04,本共有部分之項目有：管委會使用空間、無障礙廁所、中央監控室、車道、戶外安全梯、排煙室、無障礙電梯、緊急昇降機、Ａ梯廳、Ｂ梯廳、Ａ梯間、昇降機、安全梯／無障礙梯、Ｂ梯間、電信機房、機道、電梯機房、Ａ棟水箱、Ｂ棟水箱、防空避難室兼停車空間、停車空間進風、停車空間排風、台電配電場所、垃圾暫存空間、戶外安全梯／無障礙梯、垃圾車暫停區、緊急發電機室、Ａ排煙室、Ｂ排煙室、Ａ水箱、Ｂ水箱、停車空間、消防機房等３３項。,鋼筋混凝土造,115年4月15日,十五層,,持分移轉
RPPNMLMJKIKGFGF97DA,,65.93,集合住宅,鋼筋混凝土造,115年4月15日,十五層,六層 陽台,全筆移轉
RPPNMLMJKIKGFGF97DA,,59.26,本共有部分之項目有：管委會使用空間、無障礙廁所、中央監控室、車道、戶外安全梯、排煙室、無障礙電梯、緊急昇降機、Ａ梯廳、Ｂ梯廳、Ａ梯間、昇降機、安全梯／無障礙梯、Ｂ梯間、電信機房、機道、電梯機房、Ａ棟水箱、Ｂ棟水箱、防空避難室兼停車空間、停車空間進風、停車空間排風、台電配電場所、垃圾暫存空間、戶外安全梯／無障礙梯、垃圾車暫停區、緊急發電機室、Ａ排煙室、Ｂ排煙室、Ａ水箱、Ｂ水箱、停車空間、消防機房等３３項。,鋼筋混凝土造,115年4月15日,十五層,,持分移轉
RPTRMLQKOHLGFBF56DA,,59.57,一般零售場所,鋼筋混凝土造,115年4月16日,十五層,二層 陽台,全筆移轉
RPTRMLQKOHLGFBF56DA,,57.63,本共有部分之項目有梯廳、排煙室、緊急昇降梯、一般昇降梯、無障礙昇降機、發電機排風管、發電機進風管、Ａ３地下室無障礙樓梯、無障礙樓梯、汽機車車道、Ａ１戶外安全梯、Ａ２戶外安全梯、管委會使用空間（一）、管委會使用空間（二）、管委會使用空間（三）、管委會使用空間（四）、發電機房、台電配電場所、垃圾車暫停車位、消防管道間、陽台、排煙室進風、排煙室排風、消防管道、地下室進風、防空避難室兼停車空間、水箱、機車停車空間、垃圾儲藏室、地下室排風、電信機房、消防機房、雨汙水機房、機房、電梯機房、汽車車道、停車空間等３７項。,鋼筋混凝土造,115年4月16日,十五層,,持分移轉
RPOOMLRKOHLGFGF98DA,,76.24,集合住宅,鋼筋混凝土造,115年4月28日,十四層,十三層 陽台,全筆移轉
RPOOMLRKOHLGFGF98DA,,80.32,本共有部分項目有：停車空間、進風機房、排煙室、緊急昇降機、梯廳、一般昇降機無障礙專用電梯、消防泵浦機房、一般安全梯無障礙（Ｂ－２梯）、日用水箱、排風機房、廢水與雨水機房、防空避難室兼停車空間、發電機房、電信室、台電配電場所、台電管道間、公共服務空間、走廊、管委會使用空間、無障礙廁所、戶外安全梯（Ａ梯）、戶外安全梯無障礙（Ｂ－１梯）、垃圾儲藏室、車道、專用服務梯、機房、水表室、消防水箱、雨水水箱、自來水箱、電梯機房等３１項。,鋼筋混凝土造,115年4月28日,十四層,,持分移轉
RPQOMLRKOHLGFGF56DA,,74.57,集合住宅,鋼筋混凝土造,115年3月31日,十五層,七層 陽台,全筆移轉
RPQOMLRKOHLGFGF56DA,,63.19,本共有部分項目有：管委會空間、梯廳、緊急昇降機、無障礙昇降機、緊急昇降機間（排煙室）、無障礙戶外安全梯（Ａ）、戶外安全梯（Ｂ）、汽機車坡道、機房、防空避難室兼停車空間、台電配電場所、發電機房、電信機房、設備基座、汽車坡道、垃圾暫存室、水箱、消防泵浦室、水錶機房、樓梯間、電梯機房、屋頂水箱、安全梯（Ａ）、停車空間、泳池水箱、無障礙安全梯（Ａ）、裝卸車位、垃圾車位等２８項。,鋼筋混凝土造,115年3月31日,十五層,,持分移轉
RPOQMLQKOHLGFBF58DA,,66.28,一般零售場所,鋼筋混凝土造,115年4月16日,十五層,二層 陽台,全筆移轉
RPOQMLQKOHLGFBF58DA,,35.05,本共有部分之項目有梯廳、排煙室、緊急昇降梯、一般昇降梯、無障礙昇降機、發電機排風管、發電機進風管、Ａ３地下室無障礙樓梯、無障礙樓梯、汽機車車道、Ａ１戶外安全梯、Ａ２戶外安全梯、管委會使用空間（一）、管委會使用空間（二）、管委會使用空間（三）、管委會使用空間（四）、發電機房、台電配電場所、垃圾車暫停車位、消防管道間、陽台、排煙室進風、排煙室排風、消防管道、地下室進風、防空避難室兼停車空間、水箱、機車停車空間、垃圾儲藏室、地下室排風、電信機房、消防機房、雨汙水機房、機房、電梯機房、汽車車道、停車空間等３７項。,鋼筋混凝土造,115年4月16日,十五層,,持分移轉
RPSNMLQKOHLGFAF58DA,,68.50,集合住宅,鋼筋混凝土造,115年3月30日,十五層,十二層 陽台,全筆移轉
RPSNMLQKOHLGFAF58DA,,67.85,本共有部分之項目有：雙車道、管委會使用空間、無障礙安全梯、無障礙廁所、門廳、門廊、戶外安全梯、戶外無障礙安全梯、無障礙通路、無障礙升降機、緊急升降機、梯廳兼排煙室、走道、梯廳、排煙室、電信室、受電室、台電配電場所、地下排氣管道、工具間、垃圾儲藏機房、防空避難室兼停車空間、發電機進氣管道、發電機排氣管道、水箱、停車空間、緊急發電機室、安全梯、消防幫浦室、梯間、廁所、直通梯、機電備品空間等３３項。,鋼筋混凝土造,115年3月30日,十五層,,持分移轉
RPPSMLSLJIKGFGF56DA,,44.87,集合住宅,鋼筋混凝土造,115年4月15日,十五層,十一層 陽台,全筆移轉
RPPSMLSLJIKGFGF56DA,,48.18,本共有部分之項目有：管委會使用空間、無障礙廁所、中央監控室、車道、戶外安全梯、排煙室、無障礙電梯、緊急昇降機、Ａ梯廳、Ｂ梯廳、Ａ梯間、昇降機、安全梯／無障礙梯、Ｂ梯間、電信機房、機道、電梯機房、Ａ棟水箱、Ｂ棟水箱、防空避難室兼停車空間、停車空間進風、停車空間排風、台電配電場所、垃圾暫存空間、戶外安全梯／無障礙梯、垃圾車暫停區、緊急發電機室、Ａ排煙室、Ｂ排煙室、Ａ水箱、Ｂ水箱、停車空間、消防機房等３３項。,鋼筋混凝土造,115年4月15日,十五層,,持分移轉
RPRNMLQKOHLGFAF48DA,,68.50,集合住宅,鋼筋混凝土造,115年3月30日,十五層,十一層 陽台,全筆移轉
RPRNMLQKOHLGFAF48DA,,67.85,本共有部分之項目有：雙車道、管委會使用空間、無障礙安全梯、無障礙廁所、門廳、門廊、戶外安全梯、戶外無障礙安全梯、無障礙通路、無障礙升降機、緊急升降機、梯廳兼排煙室、走道、梯廳、排煙室、電信室、受電室、台電配電場所、地下排氣管道、工具間、垃圾儲藏機房、防空避難室兼停車空間、發電機進氣管道、發電機排氣管道、水箱、停車空間、緊急發電機室、安全梯、消防幫浦室、梯間、廁所、直通梯、機電備品空間等３３項。,鋼筋混凝土造,115年3月30日,十五層,,持分移轉
RPQRMLQKOHLGFBF88DA,,66.28,一般零售場所,鋼筋混凝土造,115年4月16日,十五層,三層 陽台,全筆移轉
RPQRMLQKOHLGFBF88DA,,61.17,本共有部分之項目有梯廳、排煙室、緊急昇降梯、一般昇降梯、無障礙昇降機、發電機排風管、發電機進風管、Ａ３地下室無障礙樓梯、無障礙樓梯、汽機車車道、Ａ１戶外安全梯、Ａ２戶外安全梯、管委會使用空間（一）、管委會使用空間（二）、管委會使用空間（三）、管委會使用空間（四）、發電機房、台電配電場所、垃圾車暫停車位、消防管道間、陽台、排煙室進風、排煙室排風、消防管道、地下室進風、防空避難室兼停車空間、水箱、機車停車空間、垃圾儲藏室、地下室排風、電信機房、消防機房、雨汙水機房、機房、電梯機房、汽車車道、停車空間等３７項。,鋼筋混凝土造,115年4月16日,十五層,,持分移轉
RPQOMLQKOHLGFAF48DA,,68.50,集合住宅,鋼筋混凝土造,115年3月30日,十五層,十三層 陽台,全筆移轉
RPQOMLQKOHLGFAF48DA,,67.85,本共有部分之項目有：雙車道、管委會使用空間、無障礙安全梯、無障礙廁所、門廳、門廊、戶外安全梯、戶外無障礙安全梯、無障礙通路、無障礙升降機、緊急升降機、梯廳兼排煙室、走道、梯廳、排煙室、電信室、受電室、台電配電場所、地下排氣管道、工具間、垃圾儲藏機房、防空避難室兼停車空間、發電機進氣管道、發電機排氣管道、水箱、停車空間、緊急發電機室、安全梯、消防幫浦室、梯間、廁所、直通梯、機電備品空間等３３項。,鋼筋混凝土造,115年3月30日,十五層,,持分移轉
RPTNMLQKOHLGFAF68DA,,68.50,集合住宅,鋼筋混凝土造,115年3月30日,十五層,十三層 陽台,全筆移轉
RPTNMLQKOHLGFAF68DA,,65.20,本共有部分之項目有：雙車道、管委會使用空間、無障礙安全梯、無障礙廁所、門廳、門廊、戶外安全梯、戶外無障礙安全梯、無障礙通路、無障礙升降機、緊急升降機、梯廳兼排煙室、走道、梯廳、排煙室、電信室、受電室、台電配電場所、地下排氣管道、工具間、垃圾儲藏機房、防空避難室兼停車空間、發電機進氣管道、發電機排氣管道、水箱、停車空間、緊急發電機室、安全梯、消防幫浦室、梯間、廁所、直通梯、機電備品空間等３３項。,鋼筋混凝土造,115年3月30日,十五層,,持分移轉
RPTOMLQKOHLGFBF88DA,,60.03,一般零售場所,鋼筋混凝土造,115年4月16日,十五層,三層 陽台,全筆移轉
RPTOMLQKOHLGFBF88DA,,31.75,本共有部分之項目有梯廳、排煙室、緊急昇降梯、一般昇降梯、無障礙昇降機、發電機排風管、發電機進風管、Ａ３地下室無障礙樓梯、無障礙樓梯、汽機車車道、Ａ１戶外安全梯、Ａ２戶外安全梯、管委會使用空間（一）、管委會使用空間（二）、管委會使用空間（三）、管委會使用空間（四）、發電機房、台電配電場所、垃圾車暫停車位、消防管道間、陽台、排煙室進風、排煙室排風、消防管道、地下室進風、防空避難室兼停車空間、水箱、機車停車空間、垃圾儲藏室、地下室排風、電信機房、消防機房、雨汙水機房、機房、電梯機房、汽車車道、停車空間等３７項。,鋼筋混凝土造,115年4月16日,十五層,,持分移轉
RPOOMLPKOHLGFAF18DA,,59.65,集合住宅,鋼筋混凝土造,115年3月30日,十五層,十層 陽台,全筆移轉
RPQQMLMJKIKGFGF38DA,,38.79,集合住宅,鋼筋混凝土造,115年4月15日,十五層,十三層 陽台,全筆移轉
RPOOMLPKOHLGFAF18DA,,63.30,本共有部分之項目有：雙車道、管委會使用空間、無障礙安全梯、無障礙廁所、門廳、門廊、戶外安全梯、戶外無障礙安全梯、無障礙通路、無障礙升降機、緊急升降機、梯廳兼排煙室、走道、梯廳、排煙室、電信室、受電室、台電配電場所、地下排氣管道、工具間、垃圾儲藏機房、防空避難室兼停車空間、發電機進氣管道、發電機排氣管道、水箱、停車空間、緊急發電機室、安全梯、消防幫浦室、梯間、廁所、直通梯、機電備品空間等３３項。,鋼筋混凝土造,115年3月30日,十五層,,持分移轉
RPQQMLMJKIKGFGF38DA,,44.98,本共有部分之項目有：管委會使用空間、無障礙廁所、中央監控室、車道、戶外安全梯、排煙室、無障礙電梯、緊急昇降機、Ａ梯廳、Ｂ梯廳、Ａ梯間、昇降機、安全梯／無障礙梯、Ｂ梯間、電信機房、機道、電梯機房、Ａ棟水箱、Ｂ棟水箱、防空避難室兼停車空間、停車空間進風、停車空間排風、台電配電場所、垃圾暫存空間、戶外安全梯／無障礙梯、垃圾車暫停區、緊急發電機室、Ａ排煙室、Ｂ排煙室、Ａ水箱、Ｂ水箱、停車空間、消防機房等３３項。,鋼筋混凝土造,115年4月15日,十五層,,持分移轉
RPPOMLPKOHLGFAF28DA,,59.65,集合住宅,鋼筋混凝土造,115年3月30日,十五層,十一層 陽台,全筆移轉
RPTNMLOJOHLGFGF98DA,,47.53,集合住宅,鋼筋混凝土造,115年3月31日,十五層,三層 陽台,全筆移轉
RPPOMLPKOHLGFAF28DA,,63.30,本共有部分之項目有：雙車道、管委會使用空間、無障礙安全梯、無障礙廁所、門廳、門廊、戶外安全梯、戶外無障礙安全梯、無障礙通路、無障礙升降機、緊急升降機、梯廳兼排煙室、走道、梯廳、排煙室、電信室、受電室、台電配電場所、地下排氣管道、工具間、垃圾儲藏機房、防空避難室兼停車空間、發電機進氣管道、發電機排氣管道、水箱、停車空間、緊急發電機室、安全梯、消防幫浦室、梯間、廁所、直通梯、機電備品空間等３３項。,鋼筋混凝土造,115年3月30日,十五層,,持分移轉
RPTNMLOJOHLGFGF98DA,,51.08,本共有部分項目有：管委會空間、梯廳、緊急昇降機、無障礙昇降機、緊急昇降機間（排煙室）、無障礙戶外安全梯（Ａ）、戶外安全梯（Ｂ）、汽機車坡道、機房、防空避難室兼停車空間、台電配電場所、發電機房、電信機房、設備基座、汽車坡道、垃圾暫存室、水箱、消防泵浦室、水錶機房、樓梯間、電梯機房、屋頂水箱、安全梯（Ａ）、停車空間、泳池水箱、無障礙安全梯（Ａ）、裝卸車位、垃圾車位等２８項。,鋼筋混凝土造,115年3月31日,十五層,,持分移轉
RPXNMLQKOHLGFAF09DA,,68.50,集合住宅,鋼筋混凝土造,115年3月30日,十五層,七層 陽台,全筆移轉
RPXNMLQKOHLGFAF09DA,,67.85,本共有部分之項目有：雙車道、管委會使用空間、無障礙安全梯、無障礙廁所、門廳、門廊、戶外安全梯、戶外無障礙安全梯、無障礙通路、無障礙升降機、緊急升降機、梯廳兼排煙室、走道、梯廳、排煙室、電信室、受電室、台電配電場所、地下排氣管道、工具間、垃圾儲藏機房、防空避難室兼停車空間、發電機進氣管道、發電機排氣管道、水箱、停車空間、緊急發電機室、安全梯、消防幫浦室、梯間、廁所、直通梯、機電備品空間等３３項。,鋼筋混凝土造,115年3月30日,十五層,,持分移轉
RPWNMLQKOHLGFAF98DA,,68.50,集合住宅,鋼筋混凝土造,115年3月30日,十五層,六層 陽台,全筆移轉
RPWNMLQKOHLGFAF98DA,,67.85,本共有部分之項目有：雙車道、管委會使用空間、無障礙安全梯、無障礙廁所、門廳、門廊、戶外安全梯、戶外無障礙安全梯、無障礙通路、無障礙升降機、緊急升降機、梯廳兼排煙室、走道、梯廳、排煙室、電信室、受電室、台電配電場所、地下排氣管道、工具間、垃圾儲藏機房、防空避難室兼停車空間、發電機進氣管道、發電機排氣管道、水箱、停車空間、緊急發電機室、安全梯、消防幫浦室、梯間、廁所、直通梯、機電備品空間等３３項。,鋼筋混凝土造,115年3月30日,十五層,,持分移轉
RPPOMLQKOHLGFAF38DA,,68.50,集合住宅,鋼筋混凝土造,115年3月30日,十五層,十層 陽台,全筆移轉
RPPOMLQKOHLGFAF38DA,,67.85,本共有部分之項目有：雙車道、管委會使用空間、無障礙安全梯、無障礙廁所、門廳、門廊、戶外安全梯、戶外無障礙安全梯、無障礙通路、無障礙升降機、緊急升降機、梯廳兼排煙室、走道、梯廳、排煙室、電信室、受電室、台電配電場所、地下排氣管道、工具間、垃圾儲藏機房、防空避難室兼停車空間、發電機進氣管道、發電機排氣管道、水箱、停車空間、緊急發電機室、安全梯、消防幫浦室、梯間、廁所、直通梯、機電備品空間等３３項。,鋼筋混凝土造,115年3月30日,十五層,,持分移轉
RPOOMLQKOHLGFAF28DA,,68.50,集合住宅,鋼筋混凝土造,115年3月30日,十五層,八層 陽台,全筆移轉
RPOOMLQKOHLGFAF28DA,,70.82,本共有部分之項目有：雙車道、管委會使用空間、無障礙安全梯、無障礙廁所、門廳、門廊、戶外安全梯、戶外無障礙安全梯、無障礙通路、無障礙升降機、緊急升降機、梯廳兼排煙室、走道、梯廳、排煙室、電信室、受電室、台電配電場所、地下排氣管道、工具間、垃圾儲藏機房、防空避難室兼停車空間、發電機進氣管道、發電機排氣管道、水箱、停車空間、緊急發電機室、安全梯、消防幫浦室、梯間、廁所、直通梯、機電備品空間等３３項。,鋼筋混凝土造,115年3月30日,十五層,,持分移轉
RPUNMLQKOHLGFAF78DA,,59.65,集合住宅,鋼筋混凝土造,115年3月30日,十五層,十層 陽台,全筆移轉
RPUNMLQKOHLGFAF78DA,,60.65,本共有部分之項目有：雙車道、管委會使用空間、無障礙安全梯、無障礙廁所、門廳、門廊、戶外安全梯、戶外無障礙安全梯、無障礙通路、無障礙升降機、緊急升降機、梯廳兼排煙室、走道、梯廳、排煙室、電信室、受電室、台電配電場所、地下排氣管道、工具間、垃圾儲藏機房、防空避難室兼停車空間、發電機進氣管道、發電機排氣管道、水箱、停車空間、緊急發電機室、安全梯、消防幫浦室、梯間、廁所、直通梯、機電備品空間等３３項。,鋼筋混凝土造,115年3月30日,十五層,,持分移轉
RPSNMLSKOHLGFCF98DA,,59.87,集合住宅,鋼筋混凝土構造,115年4月27日,四層,三層 陽台,全筆移轉
RPSNMLSKOHLGFCF98DA,,20.57,本共有部分項目計有：梯廳、管理委員會使用空間Ａ１、管理委員會使用空間Ａ２、戶外安全梯Ａ１、安全梯Ａ３（行動不便梯）、升降機１、升降機２、客貨兼機車升降機、走道、給排水管道、弱電管道、管理委員會使用空間Ｂ１、管理委員會使用空間Ｂ２、管理委員會使用空間Ｂ３、管理委員會使用空間Ｂ４、安全梯Ｂ３（行動不便梯）、升降機３、升降機４、消防／給排水管道、無障礙廁所、陽台、電力／弱電管道、水表區、直通梯Ａ４、樓梯間、安全梯Ｂ１、直通梯Ｂ４、消防專用不銹鋼水箱、生活水箱、電信室（電信室採雙層版）、上方排氣管道、梯間、台電配電場所、緊急發電機房、日用油箱、台電管道間、進風機房、進風管道、法定機車停車位區、電表區、排風管道、發電機排氣管道、上方發電機進氣管道、消防機房、機房、上方電梯機坑、緩衝空間、水箱、電信室等共計４９項。,鋼筋混凝土構造,115年4月27日,四層,,持分移轉
RPSNMLSKOHLGFCF98DA,,12.48,本共有部分項目計有：戶外安全梯Ａ２（行動不便梯）、排風管道、走道、安全梯Ｂ１、安全梯Ｂ２（行動不便梯）、消防／給排水管道、梯廳、戶外安全梯Ａ１、管理委員會使用空間Ａ３、消防，給排水管道、消防管道、電力管道、弱電管道、消防／給水排水設備空間、給排水管道等共計１５項。,鋼筋混凝土構造,115年4月27日,四層,,持分移轉
RPSNMLSKOHLGFCF98DA,,33.25,本共有部分項目計有：緩衝空間、車道、發電機排氣管道、進氣管道、汽車升降機、停車空間等共計６項,鋼筋混凝土構造,115年4月27日,四層,,持分移轉
RPUPMLPLOHLGFBF09DA,,55.37,集合住宅,鋼筋混凝土造,114年12月10日,十四層,八層 陽台,全筆移轉
RPUPMLPLOHLGFBF09DA,,53.48,本共有部分之項目有管委會使用空間、戶外安全梯、排煙室、梯廳、陽台、樓梯間、機房、自來水箱、電梯機房、停車空間、垃圾儲藏室、電信機房、發電機房、台電配電場所、水箱、消防機房、一般安全梯等１７項,鋼筋混凝土造,114年12月10日,十四層,,持分移轉
RPQOMLPKOHLGFAF38DA,,59.65,集合住宅,鋼筋混凝土造,115年3月30日,十五層,十三層 陽台,全筆移轉
RPQOMLPKOHLGFAF38DA,,63.30,本共有部分之項目有：雙車道、管委會使用空間、無障礙安全梯、無障礙廁所、門廳、門廊、戶外安全梯、戶外無障礙安全梯、無障礙通路、無障礙升降機、緊急升降機、梯廳兼排煙室、走道、梯廳、排煙室、電信室、受電室、台電配電場所、地下排氣管道、工具間、垃圾儲藏機房、防空避難室兼停車空間、發電機進氣管道、發電機排氣管道、水箱、停車空間、緊急發電機室、安全梯、消防幫浦室、梯間、廁所、直通梯、機電備品空間等３３項。,鋼筋混凝土造,115年3月30日,十五層,,持分移轉
RPRQMLPKOHLGFAF68DA,,44.26,集合住宅,鋼筋混凝土造,115年3月30日,十五層,十四層 陽台,全筆移轉
RPRQMLPKOHLGFAF68DA,,55.36,本共有部分之項目有：雙車道、管委會使用空間、無障礙安全梯、無障礙廁所、門廳、門廊、戶外安全梯、戶外無障礙安全梯、無障礙通路、無障礙升降機、緊急升降機、梯廳兼排煙室、走道、梯廳、排煙室、電信室、受電室、台電配電場所、地下排氣管道、工具間、垃圾儲藏機房、防空避難室兼停車空間、發電機進氣管道、發電機排氣管道、水箱、停車空間、緊急發電機室、安全梯、消防幫浦室、梯間、廁所、直通梯、機電備品空間等３３項。,鋼筋混凝土造,115年3月30日,十五層,,持分移轉
RPQQMLPKOHLGFAF58DA,,44.26,集合住宅,鋼筋混凝土造,115年3月30日,十五層,十三層 陽台,全筆移轉
RPROMLQKOHLGFAF58DA,,68.50,集合住宅,鋼筋混凝土造,115年3月30日,十五層,十四層 陽台,全筆移轉
RPROMLPKOHLGFAF48DA,,59.65,集合住宅,鋼筋混凝土造,115年3月30日,十五層,十四層 陽台,全筆移轉
RPROMLQKOHLGFAF58DA,,113.46,本共有部分之項目有：雙車道、管委會使用空間、無障礙安全梯、無障礙廁所、門廳、門廊、戶外安全梯、戶外無障礙安全梯、無障礙通路、無障礙升降機、緊急升降機、梯廳兼排煙室、走道、梯廳、排煙室、電信室、受電室、台電配電場所、地下排氣管道、工具間、垃圾儲藏機房、防空避難室兼停車空間、發電機進氣管道、發電機排氣管道、水箱、停車空間、緊急發電機室、安全梯、消防幫浦室、梯間、廁所、直通梯、機電備品空間等３３項。,鋼筋混凝土造,115年3月30日,十五層,,持分移轉
RPROMLPKOHLGFAF48DA,,63.30,本共有部分之項目有：雙車道、管委會使用空間、無障礙安全梯、無障礙廁所、門廳、門廊、戶外安全梯、戶外無障礙安全梯、無障礙通路、無障礙升降機、緊急升降機、梯廳兼排煙室、走道、梯廳、排煙室、電信室、受電室、台電配電場所、地下排氣管道、工具間、垃圾儲藏機房、防空避難室兼停車空間、發電機進氣管道、發電機排氣管道、水箱、停車空間、緊急發電機室、安全梯、消防幫浦室、梯間、廁所、直通梯、機電備品空間等３３項。,鋼筋混凝土造,115年3月30日,十五層,,持分移轉
RPQQMLPKOHLGFAF58DA,,22.74,本共有部分之項目有：雙車道、管委會使用空間、無障礙安全梯、無障礙廁所、門廳、門廊、戶外安全梯、戶外無障礙安全梯、無障礙通路、無障礙升降機、緊急升降機、梯廳兼排煙室、走道、梯廳、排煙室、電信室、受電室、台電配電場所、地下排氣管道、工具間、垃圾儲藏機房、防空避難室兼停車空間、發電機進氣管道、發電機排氣管道、水箱、停車空間、緊急發電機室、安全梯、消防幫浦室、梯間、廁所、直通梯、機電備品空間等３３項。,鋼筋混凝土造,115年3月30日,十五層,,持分移轉
RPPNMLTKLHLGFGF88DA,,44.87,集合住宅,鋼筋混凝土造,115年4月15日,十五層,十層 陽台,全筆移轉
RPPNMLTKLHLGFGF88DA,,46.24,本共有部分之項目有：管委會使用空間、無障礙廁所、中央監控室、車道、戶外安全梯、排煙室、無障礙電梯、緊急昇降機、Ａ梯廳、Ｂ梯廳、Ａ梯間、昇降機、安全梯／無障礙梯、Ｂ梯間、電信機房、機道、電梯機房、Ａ棟水箱、Ｂ棟水箱、防空避難室兼停車空間、停車空間進風、停車空間排風、台電配電場所、垃圾暫存空間、戶外安全梯／無障礙梯、垃圾車暫停區、緊急發電機室、Ａ排煙室、Ｂ排煙室、Ａ水箱、Ｂ水箱、停車空間、消防機房等３３項。,鋼筋混凝土造,115年4月15日,十五層,,持分移轉
RPROMLSKOHLGFGF76DA,,46.07,集合住宅,鋼筋混凝土造,115年4月28日,十四層,十三層 陽台,全筆移轉
RPROMLSKOHLGFGF76DA,,24.23,本共有部分項目有：停車空間、進風機房、排煙室、緊急昇降機、梯廳、一般昇降機無障礙專用電梯、消防泵浦機房、一般安全梯無障礙（Ｂ－２梯）、日用水箱、排風機房、廢水與雨水機房、防空避難室兼停車空間、發電機房、電信室、台電配電場所、台電管道間、公共服務空間、走廊、管委會使用空間、無障礙廁所、戶外安全梯（Ａ梯）、戶外安全梯無障礙（Ｂ－１梯）、垃圾儲藏室、車道、專用服務梯、機房、水表室、消防水箱、雨水水箱、自來水箱、電梯機房等３１項。,鋼筋混凝土造,115年4月28日,十四層,,持分移轉
RPQNMLQKOHLGFAF38DA,,68.50,集合住宅,鋼筋混凝土造,115年3月30日,十五層,十層 陽台,全筆移轉
RPQNMLQKOHLGFAF38DA,,67.85,本共有部分之項目有：雙車道、管委會使用空間、無障礙安全梯、無障礙廁所、門廳、門廊、戶外安全梯、戶外無障礙安全梯、無障礙通路、無障礙升降機、緊急升降機、梯廳兼排煙室、走道、梯廳、排煙室、電信室、受電室、台電配電場所、地下排氣管道、工具間、垃圾儲藏機房、防空避難室兼停車空間、發電機進氣管道、發電機排氣管道、水箱、停車空間、緊急發電機室、安全梯、消防幫浦室、梯間、廁所、直通梯、機電備品空間等３３項。,鋼筋混凝土造,115年3月30日,十五層,,持分移轉
RPTNMLQLOHLGFBF88DA,,42.95,集合住宅,鋼筋混凝土造,114年12月10日,十四層,三層 陽台,全筆移轉
RPTNMLQLOHLGFBF88DA,,46.94,本共有部分之項目有管委會使用空間、戶外安全梯、排煙室、梯廳、陽台、樓梯間、機房、自來水箱、電梯機房、停車空間、垃圾儲藏室、電信機房、發電機房、台電配電場所、水箱、消防機房、一般安全梯等１７項,鋼筋混凝土造,114年12月10日,十四層,,持分移轉
RPPPMLPKOHLGFAF38DA,,44.26,集合住宅,鋼筋混凝土造,115年3月30日,十五層,十五層 陽台,全筆移轉
RPPPMLPKOHLGFAF38DA,,55.36,本共有部分之項目有：雙車道、管委會使用空間、無障礙安全梯、無障礙廁所、門廳、門廊、戶外安全梯、戶外無障礙安全梯、無障礙通路、無障礙升降機、緊急升降機、梯廳兼排煙室、走道、梯廳、排煙室、電信室、受電室、台電配電場所、地下排氣管道、工具間、垃圾儲藏機房、防空避難室兼停車空間、發電機進氣管道、發電機排氣管道、水箱、停車空間、緊急發電機室、安全梯、消防幫浦室、梯間、廁所、直通梯、機電備品空間等３３項。,鋼筋混凝土造,115年3月30日,十五層,,持分移轉
RPOQMLPKOHLGFAF38DA,,44.26,集合住宅,鋼筋混凝土造,115年3月30日,十五層,十一層 陽台,全筆移轉
RPOQMLPKOHLGFAF38DA,,22.74,本共有部分之項目有：雙車道、管委會使用空間、無障礙安全梯、無障礙廁所、門廳、門廊、戶外安全梯、戶外無障礙安全梯、無障礙通路、無障礙升降機、緊急升降機、梯廳兼排煙室、走道、梯廳、排煙室、電信室、受電室、台電配電場所、地下排氣管道、工具間、垃圾儲藏機房、防空避難室兼停車空間、發電機進氣管道、發電機排氣管道、水箱、停車空間、緊急發電機室、安全梯、消防幫浦室、梯間、廁所、直通梯、機電備品空間等３３項。,鋼筋混凝土造,115年3月30日,十五層,,持分移轉
RPPQMLPKOHLGFAF48DA,,44.26,集合住宅,鋼筋混凝土造,115年3月30日,十五層,十二層 陽台,全筆移轉
RPPQMLPKOHLGFAF48DA,,58.33,本共有部分之項目有：雙車道、管委會使用空間、無障礙安全梯、無障礙廁所、門廳、門廊、戶外安全梯、戶外無障礙安全梯、無障礙通路、無障礙升降機、緊急升降機、梯廳兼排煙室、走道、梯廳、排煙室、電信室、受電室、台電配電場所、地下排氣管道、工具間、垃圾儲藏機房、防空避難室兼停車空間、發電機進氣管道、發電機排氣管道、水箱、停車空間、緊急發電機室、安全梯、消防幫浦室、梯間、廁所、直通梯、機電備品空間等３３項。,鋼筋混凝土造,115年3月30日,十五層,,持分移轉
RPQRMLOJOHLGFGF09DA,,46.55,集合住宅,鋼筋混凝土造,115年3月31日,十五層,七層 陽台,全筆移轉
RPQRMLOJOHLGFGF09DA,,50.55,本共有部分項目有：管委會空間、梯廳、緊急昇降機、無障礙昇降機、緊急昇降機間（排煙室）、無障礙戶外安全梯（Ａ）、戶外安全梯（Ｂ）、汽機車坡道、機房、防空避難室兼停車空間、台電配電場所、發電機房、電信機房、設備基座、汽車坡道、垃圾暫存室、水箱、消防泵浦室、水錶機房、樓梯間、電梯機房、屋頂水箱、安全梯（Ａ）、停車空間、泳池水箱、無障礙安全梯（Ａ）、裝卸車位、垃圾車位等２８項。,鋼筋混凝土造,115年3月31日,十五層,,持分移轉
RPOTMLOJOHLGFGF09DA,,46.55,集合住宅,鋼筋混凝土造,115年3月31日,十五層,十三層 陽台,全筆移轉
RPOTMLOJOHLGFGF09DA,,50.55,本共有部分項目有：管委會空間、梯廳、緊急昇降機、無障礙昇降機、緊急昇降機間（排煙室）、無障礙戶外安全梯（Ａ）、戶外安全梯（Ｂ）、汽機車坡道、機房、防空避難室兼停車空間、台電配電場所、發電機房、電信機房、設備基座、汽車坡道、垃圾暫存室、水箱、消防泵浦室、水錶機房、樓梯間、電梯機房、屋頂水箱、安全梯（Ａ）、停車空間、泳池水箱、無障礙安全梯（Ａ）、裝卸車位、垃圾車位等２８項。,鋼筋混凝土造,115年3月31日,十五層,,持分移轉
RPUQMLOJOHLGFGF76DA,,46.55,集合住宅,鋼筋混凝土造,115年3月31日,十五層,十三層 陽台,全筆移轉
RPUQMLOJOHLGFGF76DA,,50.55,本共有部分項目有：管委會空間、梯廳、緊急昇降機、無障礙昇降機、緊急昇降機間（排煙室）、無障礙戶外安全梯（Ａ）、戶外安全梯（Ｂ）、汽機車坡道、機房、防空避難室兼停車空間、台電配電場所、發電機房、電信機房、設備基座、汽車坡道、垃圾暫存室、水箱、消防泵浦室、水錶機房、樓梯間、電梯機房、屋頂水箱、安全梯（Ａ）、停車空間、泳池水箱、無障礙安全梯（Ａ）、裝卸車位、垃圾車位等２８項。,鋼筋混凝土造,115年3月31日,十五層,,持分移轉
RPVQMLOJOHLGFGF86DA,,46.55,集合住宅,鋼筋混凝土造,115年3月31日,十五層,十四層 陽台,全筆移轉
RPVQMLOJOHLGFGF86DA,,50.55,本共有部分項目有：管委會空間、梯廳、緊急昇降機、無障礙昇降機、緊急昇降機間（排煙室）、無障礙戶外安全梯（Ａ）、戶外安全梯（Ｂ）、汽機車坡道、機房、防空避難室兼停車空間、台電配電場所、發電機房、電信機房、設備基座、汽車坡道、垃圾暫存室、水箱、消防泵浦室、水錶機房、樓梯間、電梯機房、屋頂水箱、安全梯（Ａ）、停車空間、泳池水箱、無障礙安全梯（Ａ）、裝卸車位、垃圾車位等２８項。,鋼筋混凝土造,115年3月31日,十五層,,持分移轉
RPWQMLOJOHLGFGF96DA,,46.55,集合住宅,鋼筋混凝土造,115年3月31日,十五層,十五層 陽台,全筆移轉
RPTSMLOJOHLGFGF86DA,,44.82,集合住宅,鋼筋混凝土造,115年3月31日,十五層,八層 陽台,全筆移轉
RPWQMLOJOHLGFGF96DA,,50.55,本共有部分項目有：管委會空間、梯廳、緊急昇降機、無障礙昇降機、緊急昇降機間（排煙室）、無障礙戶外安全梯（Ａ）、戶外安全梯（Ｂ）、汽機車坡道、機房、防空避難室兼停車空間、台電配電場所、發電機房、電信機房、設備基座、汽車坡道、垃圾暫存室、水箱、消防泵浦室、水錶機房、樓梯間、電梯機房、屋頂水箱、安全梯（Ａ）、停車空間、泳池水箱、無障礙安全梯（Ａ）、裝卸車位、垃圾車位等２８項。,鋼筋混凝土造,115年3月31日,十五層,,持分移轉
RPTSMLOJOHLGFGF86DA,,49.62,本共有部分項目有：管委會空間、梯廳、緊急昇降機、無障礙昇降機、緊急昇降機間（排煙室）、無障礙戶外安全梯（Ａ）、戶外安全梯（Ｂ）、汽機車坡道、機房、防空避難室兼停車空間、台電配電場所、發電機房、電信機房、設備基座、汽車坡道、垃圾暫存室、水箱、消防泵浦室、水錶機房、樓梯間、電梯機房、屋頂水箱、安全梯（Ａ）、停車空間、泳池水箱、無障礙安全梯（Ａ）、裝卸車位、垃圾車位等２８項。,鋼筋混凝土造,115年3月31日,十五層,,持分移轉
RPSNMLOJOHLGFDF58DA,,64.91,集合住宅,鋼筋混凝土構造,114年8月29日,十一層,十一層 陽台 雨遮,全筆移轉
RPSNMLOJOHLGFDF58DA,,72.16,共有部分，本共有部分項目有：陽台、管委會使用空間、管委會使用空間２、管委會使用空間３、管委會使用空間４、走廊１、走廊２、梯廳、排煙室、管委會使用空間５、管委會使用空間６、管委會使用空間７、無障礙廁所、備品室、廁所、梯間、水箱、消防水箱、電梯機房、停車空間、電信機房、發電機房、台電配電場所、台電受電箱、資源回收空間、垃圾廚餘冷藏、作業空間、垃圾車暫停車位、機房、防空避難室兼停車空間、消防機房、噴灌機房、污水機房等３３項。,鋼筋混凝土構造,114年8月29日,十一層,,持分移轉
RPSNMLOJOHLGFDF58DA,3,.73,住宅,鋼筋混凝土構造,109年3月19日,五層,一層 二層 三層 四層 五層 陽台 屋頂突出物 地下一層,持分移轉
RPQNMLSKOHLGFGF56DA,,83.07,集合住宅,鋼筋混凝土造,115年3月31日,十五層,八層 陽台,全筆移轉
RPQNMLSKOHLGFGF56DA,,95.75,本共有部分項目有：管委會空間、梯廳、緊急昇降機、無障礙昇降機、緊急昇降機間（排煙室）、無障礙戶外安全梯（Ａ）、戶外安全梯（Ｂ）、汽機車坡道、機房、防空避難室兼停車空間、台電配電場所、發電機房、電信機房、設備基座、汽車坡道、垃圾暫存室、水箱、消防泵浦室、水錶機房、樓梯間、電梯機房、屋頂水箱、安全梯（Ａ）、停車空間、泳池水箱、無障礙安全梯（Ａ）、裝卸車位、垃圾車位等２８項。,鋼筋混凝土造,115年3月31日,十五層,,持分移轉
RPSQMLOJOHLGFGF56DA,,46.55,集合住宅,鋼筋混凝土造,115年3月31日,十五層,十一層 陽台,全筆移轉
RPSQMLOJOHLGFGF56DA,,50.55,本共有部分項目有：管委會空間、梯廳、緊急昇降機、無障礙昇降機、緊急昇降機間（排煙室）、無障礙戶外安全梯（Ａ）、戶外安全梯（Ｂ）、汽機車坡道、機房、防空避難室兼停車空間、台電配電場所、發電機房、電信機房、設備基座、汽車坡道、垃圾暫存室、水箱、消防泵浦室、水錶機房、樓梯間、電梯機房、屋頂水箱、安全梯（Ａ）、停車空間、泳池水箱、無障礙安全梯（Ａ）、裝卸車位、垃圾車位等２８項。,鋼筋混凝土造,115年3月31日,十五層,,持分移轉
RPXOMLPKOHLGFAF09DA,,44.26,集合住宅,鋼筋混凝土造,115年3月30日,十五層,十二層 陽台,全筆移轉
RPXOMLPKOHLGFAF09DA,,55.36,本共有部分之項目有：雙車道、管委會使用空間、無障礙安全梯、無障礙廁所、門廳、門廊、戶外安全梯、戶外無障礙安全梯、無障礙通路、無障礙升降機、緊急升降機、梯廳兼排煙室、走道、梯廳、排煙室、電信室、受電室、台電配電場所、地下排氣管道、工具間、垃圾儲藏機房、防空避難室兼停車空間、發電機進氣管道、發電機排氣管道、水箱、停車空間、緊急發電機室、安全梯、消防幫浦室、梯間、廁所、直通梯、機電備品空間等３３項。,鋼筋混凝土造,115年3月30日,十五層,,持分移轉
RPWOMLPKOHLGFAF98DA,,44.26,集合住宅,鋼筋混凝土造,115年3月30日,十五層,十一層 陽台,全筆移轉
RPWOMLPKOHLGFAF98DA,,55.36,本共有部分之項目有：雙車道、管委會使用空間、無障礙安全梯、無障礙廁所、門廳、門廊、戶外安全梯、戶外無障礙安全梯、無障礙通路、無障礙升降機、緊急升降機、梯廳兼排煙室、走道、梯廳、排煙室、電信室、受電室、台電配電場所、地下排氣管道、工具間、垃圾儲藏機房、防空避難室兼停車空間、發電機進氣管道、發電機排氣管道、水箱、停車空間、緊急發電機室、安全梯、消防幫浦室、梯間、廁所、直通梯、機電備品空間等３３項。,鋼筋混凝土造,115年3月30日,十五層,,持分移轉
RPPRMLOJOHLGFGF98DA,,46.55,集合住宅,鋼筋混凝土造,115年3月31日,十五層,六層 陽台,全筆移轉
RPUNMLSKOHLGFCF56DA,,54.89,集合住宅,鋼筋混凝土構造,115年4月27日,四層,三層 陽台,全筆移轉
RPPRMLOJOHLGFGF98DA,,50.55,本共有部分項目有：管委會空間、梯廳、緊急昇降機、無障礙昇降機、緊急昇降機間（排煙室）、無障礙戶外安全梯（Ａ）、戶外安全梯（Ｂ）、汽機車坡道、機房、防空避難室兼停車空間、台電配電場所、發電機房、電信機房、設備基座、汽車坡道、垃圾暫存室、水箱、消防泵浦室、水錶機房、樓梯間、電梯機房、屋頂水箱、安全梯（Ａ）、停車空間、泳池水箱、無障礙安全梯（Ａ）、裝卸車位、垃圾車位等２８項。,鋼筋混凝土造,115年3月31日,十五層,,持分移轉
RPUNMLSKOHLGFCF56DA,,18.86,本共有部分項目計有：梯廳、管理委員會使用空間Ａ１、管理委員會使用空間Ａ２、戶外安全梯Ａ１、安全梯Ａ３（行動不便梯）、升降機１、升降機２、客貨兼機車升降機、走道、給排水管道、弱電管道、管理委員會使用空間Ｂ１、管理委員會使用空間Ｂ２、管理委員會使用空間Ｂ３、管理委員會使用空間Ｂ４、安全梯Ｂ３（行動不便梯）、升降機３、升降機４、消防／給排水管道、無障礙廁所、陽台、電力／弱電管道、水表區、直通梯Ａ４、樓梯間、安全梯Ｂ１、直通梯Ｂ４、消防專用不銹鋼水箱、生活水箱、電信室（電信室採雙層版）、上方排氣管道、梯間、台電配電場所、緊急發電機房、日用油箱、台電管道間、進風機房、進風管道、法定機車停車位區、電表區、排風管道、發電機排氣管道、上方發電機進氣管道、消防機房、機房、上方電梯機坑、緩衝空間、水箱、電信室等共計４９項。,鋼筋混凝土構造,115年4月27日,四層,,持分移轉
RPUNMLSKOHLGFCF56DA,,11.44,本共有部分項目計有：戶外安全梯Ａ２（行動不便梯）、排風管道、走道、安全梯Ｂ１、安全梯Ｂ２（行動不便梯）、消防／給排水管道、梯廳、戶外安全梯Ａ１、管理委員會使用空間Ａ３、消防，給排水管道、消防管道、電力管道、弱電管道、消防／給水排水設備空間、給排水管道等共計１５項。,鋼筋混凝土構造,115年4月27日,四層,,持分移轉
RPUNMLSKOHLGFCF56DA,,33.25,本共有部分項目計有：緩衝空間、車道、發電機排氣管道、進氣管道、汽車升降機、停車空間等共計６項,鋼筋混凝土構造,115年4月27日,四層,,持分移轉
RPOPMLPKOHLGFAF28DA,,44.26,集合住宅,鋼筋混凝土造,115年3月30日,十五層,十四層 陽台,全筆移轉
RPOPMLPKOHLGFAF28DA,,55.36,本共有部分之項目有：雙車道、管委會使用空間、無障礙安全梯、無障礙廁所、門廳、門廊、戶外安全梯、戶外無障礙安全梯、無障礙通路、無障礙升降機、緊急升降機、梯廳兼排煙室、走道、梯廳、排煙室、電信室、受電室、台電配電場所、地下排氣管道、工具間、垃圾儲藏機房、防空避難室兼停車空間、發電機進氣管道、發電機排氣管道、水箱、停車空間、緊急發電機室、安全梯、消防幫浦室、梯間、廁所、直通梯、機電備品空間等３３項。,鋼筋混凝土造,115年3月30日,十五層,,持分移轉
RPTOMLPKOHLGFAF68DA,,44.26,集合住宅,鋼筋混凝土造,115年3月30日,十五層,七層 陽台,全筆移轉
RPTOMLPKOHLGFAF68DA,,22.74,本共有部分之項目有：雙車道、管委會使用空間、無障礙安全梯、無障礙廁所、門廳、門廊、戶外安全梯、戶外無障礙安全梯、無障礙通路、無障礙升降機、緊急升降機、梯廳兼排煙室、走道、梯廳、排煙室、電信室、受電室、台電配電場所、地下排氣管道、工具間、垃圾儲藏機房、防空避難室兼停車空間、發電機進氣管道、發電機排氣管道、水箱、停車空間、緊急發電機室、安全梯、消防幫浦室、梯間、廁所、直通梯、機電備品空間等３３項。,鋼筋混凝土造,115年3月30日,十五層,,持分移轉
RPRONLOJOHLGFGF98DA,,51.68,集合住宅,鋼筋混凝土造,115年3月31日,十五層,六層 陽台,全筆移轉
RPRONLOJOHLGFGF98DA,,53.29,本共有部分項目有：管委會空間、梯廳、緊急昇降機、無障礙昇降機、緊急昇降機間（排煙室）、無障礙戶外安全梯（Ａ）、戶外安全梯（Ｂ）、汽機車坡道、機房、防空避難室兼停車空間、台電配電場所、發電機房、電信機房、設備基座、汽車坡道、垃圾暫存室、水箱、消防泵浦室、水錶機房、樓梯間、電梯機房、屋頂水箱、安全梯（Ａ）、停車空間、泳池水箱、無障礙安全梯（Ａ）、裝卸車位、垃圾車位等２８項。,鋼筋混凝土造,115年3月31日,十五層,,持分移轉
RPVOMLPKOHLGFAF88DA,,44.26,集合住宅,鋼筋混凝土造,115年3月30日,十五層,十層 陽台,全筆移轉
RPVOMLPKOHLGFAF88DA,,22.74,本共有部分之項目有：雙車道、管委會使用空間、無障礙安全梯、無障礙廁所、門廳、門廊、戶外安全梯、戶外無障礙安全梯、無障礙通路、無障礙升降機、緊急升降機、梯廳兼排煙室、走道、梯廳、排煙室、電信室、受電室、台電配電場所、地下排氣管道、工具間、垃圾儲藏機房、防空避難室兼停車空間、發電機進氣管道、發電機排氣管道、水箱、停車空間、緊急發電機室、安全梯、消防幫浦室、梯間、廁所、直通梯、機電備品空間等３３項。,鋼筋混凝土造,115年3月30日,十五層,,持分移轉
RPUOMLPKOHLGFAF78DA,,44.26,集合住宅,鋼筋混凝土造,115年3月30日,十五層,九層 陽台,全筆移轉
RPUOMLPKOHLGFAF78DA,,22.74,本共有部分之項目有：雙車道、管委會使用空間、無障礙安全梯、無障礙廁所、門廳、門廊、戶外安全梯、戶外無障礙安全梯、無障礙通路、無障礙升降機、緊急升降機、梯廳兼排煙室、走道、梯廳、排煙室、電信室、受電室、台電配電場所、地下排氣管道、工具間、垃圾儲藏機房、防空避難室兼停車空間、發電機進氣管道、發電機排氣管道、水箱、停車空間、緊急發電機室、安全梯、消防幫浦室、梯間、廁所、直通梯、機電備品空間等３３項。,鋼筋混凝土造,115年3月30日,十五層,,持分移轉
RPORMLOJOHLGFGF88DA,,46.55,集合住宅,鋼筋混凝土造,115年3月31日,十五層,五層 陽台,全筆移轉
RPORMLOJOHLGFGF88DA,,50.55,本共有部分項目有：管委會空間、梯廳、緊急昇降機、無障礙昇降機、緊急昇降機間（排煙室）、無障礙戶外安全梯（Ａ）、戶外安全梯（Ｂ）、汽機車坡道、機房、防空避難室兼停車空間、台電配電場所、發電機房、電信機房、設備基座、汽車坡道、垃圾暫存室、水箱、消防泵浦室、水錶機房、樓梯間、電梯機房、屋頂水箱、安全梯（Ａ）、停車空間、泳池水箱、無障礙安全梯（Ａ）、裝卸車位、垃圾車位等２８項。,鋼筋混凝土造,115年3月31日,十五層,,持分移轉
RPRQMLOJOHLGFGF09DA,,46.55,集合住宅,鋼筋混凝土造,115年3月31日,十五層,十層 陽台,全筆移轉
RPRQMLOJOHLGFGF09DA,,50.55,本共有部分項目有：管委會空間、梯廳、緊急昇降機、無障礙昇降機、緊急昇降機間（排煙室）、無障礙戶外安全梯（Ａ）、戶外安全梯（Ｂ）、汽機車坡道、機房、防空避難室兼停車空間、台電配電場所、發電機房、電信機房、設備基座、汽車坡道、垃圾暫存室、水箱、消防泵浦室、水錶機房、樓梯間、電梯機房、屋頂水箱、安全梯（Ａ）、停車空間、泳池水箱、無障礙安全梯（Ａ）、裝卸車位、垃圾車位等２８項。,鋼筋混凝土造,115年3月31日,十五層,,持分移轉
RPTQMLOJOHLGFGF66DA,,46.55,集合住宅,鋼筋混凝土造,115年3月31日,十五層,十二層 陽台,全筆移轉
RPTQMLOJOHLGFGF66DA,,48.24,本共有部分項目有：管委會空間、梯廳、緊急昇降機、無障礙昇降機、緊急昇降機間（排煙室）、無障礙戶外安全梯（Ａ）、戶外安全梯（Ｂ）、汽機車坡道、機房、防空避難室兼停車空間、台電配電場所、發電機房、電信機房、設備基座、汽車坡道、垃圾暫存室、水箱、消防泵浦室、水錶機房、樓梯間、電梯機房、屋頂水箱、安全梯（Ａ）、停車空間、泳池水箱、無障礙安全梯（Ａ）、裝卸車位、垃圾車位等２８項。,鋼筋混凝土造,115年3月31日,十五層,,持分移轉
RPPPMLOJOHLGFGF78DA,,83.07,集合住宅,鋼筋混凝土造,115年3月31日,十五層,九層 陽台,全筆移轉
RPPPMLOJOHLGFGF78DA,,95.75,本共有部分項目有：管委會空間、梯廳、緊急昇降機、無障礙昇降機、緊急昇降機間（排煙室）、無障礙戶外安全梯（Ａ）、戶外安全梯（Ｂ）、汽機車坡道、機房、防空避難室兼停車空間、台電配電場所、發電機房、電信機房、設備基座、汽車坡道、垃圾暫存室、水箱、消防泵浦室、水錶機房、樓梯間、電梯機房、屋頂水箱、安全梯（Ａ）、停車空間、泳池水箱、無障礙安全梯（Ａ）、裝卸車位、垃圾車位等２８項。,鋼筋混凝土造,115年3月31日,十五層,,持分移轉
RPPOMLRKOHLGFGF09DA,,66.99,集合住宅,鋼筋混凝土造,115年4月28日,十四層,十層 陽台,全筆移轉
RPPOMLRKOHLGFGF09DA,,75.49,本共有部分項目有：停車空間、進風機房、排煙室、緊急昇降機、梯廳、一般昇降機無障礙專用電梯、消防泵浦機房、一般安全梯無障礙（Ｂ－２梯）、日用水箱、排風機房、廢水與雨水機房、防空避難室兼停車空間、發電機房、電信室、台電配電場所、台電管道間、公共服務空間、走廊、管委會使用空間、無障礙廁所、戶外安全梯（Ａ梯）、戶外安全梯無障礙（Ｂ－１梯）、垃圾儲藏室、車道、專用服務梯、機房、水表室、消防水箱、雨水水箱、自來水箱、電梯機房等３１項。,鋼筋混凝土造,115年4月28日,十四層,,持分移轉
RPUPMLRKOHLGFBF56DA,,82.76,集合住宅,鋼筋混凝土造,115年2月5日,十五層,十四層 陽台,全筆移轉
RPUPMLRKOHLGFBF56DA,,68.29,本共有部分之項目有戶外安全梯（Ａ）梯廳、（Ｂ）梯廳、（Ａ）排煙室、（Ｂ）排煙室、戶外無障礙安全梯、無障礙安全梯、一般安全梯、行動不便昇降機、停車空間、無障礙通道、（Ａ棟）電錶、（Ｂ棟）電錶、受電箱、總開關空間、昇降機機坑、進風機、排風機、進風管道、排風管道、發電機室、機房、垃圾，資源回收室、台電配電場所、台電配電場所通道、裝卸位、垃圾車停車位、電信室、消防泵浦室、緊急昇降機、管理委員會空間、（Ａ）樓梯間、（Ｂ）樓梯間、（Ａ）電梯機房（一）、Ｂ棟消防水箱、（Ａ）水箱、（Ｂ）水箱、（Ｂ）電梯機房、（Ａ）水錶室、（Ｂ）水錶室、廊道、公共服務空間（Ａ）、公共服務空間（Ｂ）、公共服務空間（Ｃ）、公共服務空間（D）、Ａ棟水箱、Ｂ棟水箱等４７項。,鋼筋混凝土造,115年2月5日,十五層,,持分移轉
RPOSMLOJOHLGFGF98DA,,44.82,集合住宅,鋼筋混凝土造,115年3月31日,十五層,三層 陽台,全筆移轉
RPOSMLOJOHLGFGF98DA,,47.31,本共有部分項目有：管委會空間、梯廳、緊急昇降機、無障礙昇降機、緊急昇降機間（排煙室）、無障礙戶外安全梯（Ａ）、戶外安全梯（Ｂ）、汽機車坡道、機房、防空避難室兼停車空間、台電配電場所、發電機房、電信機房、設備基座、汽車坡道、垃圾暫存室、水箱、消防泵浦室、水錶機房、樓梯間、電梯機房、屋頂水箱、安全梯（Ａ）、停車空間、泳池水箱、無障礙安全梯（Ａ）、裝卸車位、垃圾車位等２８項。,鋼筋混凝土造,115年3月31日,十五層,,持分移轉
RPSSMLOJOHLGFGF76DA,,44.82,集合住宅,鋼筋混凝土造,115年3月31日,十五層,七層 陽台,全筆移轉
RPSSMLOJOHLGFGF76DA,,47.31,本共有部分項目有：管委會空間、梯廳、緊急昇降機、無障礙昇降機、緊急昇降機間（排煙室）、無障礙戶外安全梯（Ａ）、戶外安全梯（Ｂ）、汽機車坡道、機房、防空避難室兼停車空間、台電配電場所、發電機房、電信機房、設備基座、汽車坡道、垃圾暫存室、水箱、消防泵浦室、水錶機房、樓梯間、電梯機房、屋頂水箱、安全梯（Ａ）、停車空間、泳池水箱、無障礙安全梯（Ａ）、裝卸車位、垃圾車位等２８項。,鋼筋混凝土造,115年3月31日,十五層,,持分移轉
RPVNMLSKOHLGFGF07DA,,66.99,集合住宅,鋼筋混凝土造,115年4月28日,十四層,十一層 陽台,全筆移轉
RPVNMLSKOHLGFGF07DA,,75.49,本共有部分項目有：停車空間、進風機房、排煙室、緊急昇降機、梯廳、一般昇降機無障礙專用電梯、消防泵浦機房、一般安全梯無障礙（Ｂ－２梯）、日用水箱、排風機房、廢水與雨水機房、防空避難室兼停車空間、發電機房、電信室、台電配電場所、台電管道間、公共服務空間、走廊、管委會使用空間、無障礙廁所、戶外安全梯（Ａ梯）、戶外安全梯無障礙（Ｂ－１梯）、垃圾儲藏室、車道、專用服務梯、機房、水表室、消防水箱、雨水水箱、自來水箱、電梯機房等３１項。,鋼筋混凝土造,115年4月28日,十四層,,持分移轉
RPWNMLSKOHLGFGF17DA,,66.99,集合住宅,鋼筋混凝土造,115年4月28日,十四層,十二層 陽台,全筆移轉
RPWNMLSKOHLGFGF17DA,,75.49,本共有部分項目有：停車空間、進風機房、排煙室、緊急昇降機、梯廳、一般昇降機無障礙專用電梯、消防泵浦機房、一般安全梯無障礙（Ｂ－２梯）、日用水箱、排風機房、廢水與雨水機房、防空避難室兼停車空間、發電機房、電信室、台電配電場所、台電管道間、公共服務空間、走廊、管委會使用空間、無障礙廁所、戶外安全梯（Ａ梯）、戶外安全梯無障礙（Ｂ－１梯）、垃圾儲藏室、車道、專用服務梯、機房、水表室、消防水箱、雨水水箱、自來水箱、電梯機房等３１項。,鋼筋混凝土造,115年4月28日,十四層,,持分移轉
RPQOMLSKOHLGFGF66DA,,46.07,集合住宅,鋼筋混凝土造,115年4月28日,十四層,十二層 陽台,全筆移轉
RPQOMLSKOHLGFGF66DA,,24.23,本共有部分項目有：停車空間、進風機房、排煙室、緊急昇降機、梯廳、一般昇降機無障礙專用電梯、消防泵浦機房、一般安全梯無障礙（Ｂ－２梯）、日用水箱、排風機房、廢水與雨水機房、防空避難室兼停車空間、發電機房、電信室、台電配電場所、台電管道間、公共服務空間、走廊、管委會使用空間、無障礙廁所、戶外安全梯（Ａ梯）、戶外安全梯無障礙（Ｂ－１梯）、垃圾儲藏室、車道、專用服務梯、機房、水表室、消防水箱、雨水水箱、自來水箱、電梯機房等３１項。,鋼筋混凝土造,115年4月28日,十四層,,持分移轉
RPXNMLSKOHLGFGF27DA,,67.15,集合住宅,鋼筋混凝土造,115年4月28日,十四層,十層 陽台,全筆移轉
RPXNMLSKOHLGFGF27DA,,75.54,本共有部分項目有：停車空間、進風機房、排煙室、緊急昇降機、梯廳、一般昇降機無障礙專用電梯、消防泵浦機房、一般安全梯無障礙（Ｂ－２梯）、日用水箱、排風機房、廢水與雨水機房、防空避難室兼停車空間、發電機房、電信室、台電配電場所、台電管道間、公共服務空間、走廊、管委會使用空間、無障礙廁所、戶外安全梯（Ａ梯）、戶外安全梯無障礙（Ｂ－１梯）、垃圾儲藏室、車道、專用服務梯、機房、水表室、消防水箱、雨水水箱、自來水箱、電梯機房等３１項。,鋼筋混凝土造,115年4月28日,十四層,,持分移轉
RPQNNLNKMHLGFBF08DA,,62.74,集合住宅,鋼筋混凝土造,115年3月18日,十四層,四層 陽台,全筆移轉
RPQNNLNKMHLGFBF08DA,,56.34,本共有部分之項目有特別安全梯、Ｂ２梯、緊急升降機、無障礙電梯、Ｂ１梯、無障礙樓梯、排煙室、一般升降機、無障礙廁所、管委會空間（六）、管委會空間（二）、管委會空間（一）、管委會空間（三）、梯廳、陽台、管委會空間（四）、管委會空間（五）、Ａ２梯、安全梯、Ａ１梯、管委會空間（七）、梯間、水箱、消防水箱、電梯機房、防空避難室兼停車空間、台電配電場所、受電箱、緊急發電機房、車道、地下室排風、排煙室進風、排煙室排煙、電信室、機房、垃圾車暫停車位、垃圾儲藏室、機坑、Ａ蓄水池（一）、Ｂ蓄水池（三）、停車空間、Ｂ蓄水池（二）、Ｂ蓄水池（一）、消防機房等４４項,鋼筋混凝土造,115年3月18日,十五層,,持分移轉
RPRSMLOJOHLGFGF66DA,,44.82,集合住宅,鋼筋混凝土造,115年3月31日,十五層,六層 陽台,全筆移轉
RPRSMLOJOHLGFGF66DA,,47.31,本共有部分項目有：管委會空間、梯廳、緊急昇降機、無障礙昇降機、緊急昇降機間（排煙室）、無障礙戶外安全梯（Ａ）、戶外安全梯（Ｂ）、汽機車坡道、機房、防空避難室兼停車空間、台電配電場所、發電機房、電信機房、設備基座、汽車坡道、垃圾暫存室、水箱、消防泵浦室、水錶機房、樓梯間、電梯機房、屋頂水箱、安全梯（Ａ）、停車空間、泳池水箱、無障礙安全梯（Ａ）、裝卸車位、垃圾車位等２８項。,鋼筋混凝土造,115年3月31日,十五層,,持分移轉
RPTPMLNLOHLGFGF66DA,,90.33,集合住宅,鋼筋混凝土造,115年3月25日,十六層,二層 陽台 雨遮,全筆移轉
RPTPMLNLOHLGFGF66DA,,84.32,本共有部分項目有：管委會空間、自行車停車空間、無障礙樓梯、特別安全梯、排煙室、進風、梯廳、消防、排煙、弱電、電力、行動不便使用、緊急升降機、門廊、一般安全梯、陽臺、給水、梯廳（排煙室）、機械室、樓梯間、不鏽鋼消防水箱、電梯機房、水箱、防空避難室兼停車空間、暫停車位、停車空間等２６項。,鋼筋混凝土造,115年3月25日,十六層,,持分移轉
RPPOMLSKOHLGFGF56DA,,46.07,集合住宅,鋼筋混凝土造,115年4月28日,十四層,十二層 陽台,全筆移轉
RPOOMLSKOHLGFGF09DA,,67.15,集合住宅,鋼筋混凝土造,115年4月28日,十四層,十三層 陽台,全筆移轉
RPPOMLSKOHLGFGF56DA,,24.23,本共有部分項目有：停車空間、進風機房、排煙室、緊急昇降機、梯廳、一般昇降機無障礙專用電梯、消防泵浦機房、一般安全梯無障礙（Ｂ－２梯）、日用水箱、排風機房、廢水與雨水機房、防空避難室兼停車空間、發電機房、電信室、台電配電場所、台電管道間、公共服務空間、走廊、管委會使用空間、無障礙廁所、戶外安全梯（Ａ梯）、戶外安全梯無障礙（Ｂ－１梯）、垃圾儲藏室、車道、專用服務梯、機房、水表室、消防水箱、雨水水箱、自來水箱、電梯機房等３１項。,鋼筋混凝土造,115年4月28日,十四層,,持分移轉
RPOOMLSKOHLGFGF09DA,,75.54,本共有部分項目有：停車空間、進風機房、排煙室、緊急昇降機、梯廳、一般昇降機無障礙專用電梯、消防泵浦機房、一般安全梯無障礙（Ｂ－２梯）、日用水箱、排風機房、廢水與雨水機房、防空避難室兼停車空間、發電機房、電信室、台電配電場所、台電管道間、公共服務空間、走廊、管委會使用空間、無障礙廁所、戶外安全梯（Ａ梯）、戶外安全梯無障礙（Ｂ－１梯）、垃圾儲藏室、車道、專用服務梯、機房、水表室、消防水箱、雨水水箱、自來水箱、電梯機房等３１項。,鋼筋混凝土造,115年4月28日,十四層,,持分移轉
RPQOMLRKOHLGFBF68DA,,50.68,集合住宅,鋼筋混凝土造,115年2月5日,十五層,十三層 陽台,全筆移轉
RPQOMLRKOHLGFBF68DA,,53.20,本共有部分之項目有戶外安全梯（Ａ）梯廳、（Ｂ）梯廳、（Ａ）排煙室、（Ｂ）排煙室、戶外無障礙安全梯、無障礙安全梯、一般安全梯、行動不便昇降機、停車空間、無障礙通道、（Ａ棟）電錶、（Ｂ棟）電錶、受電箱、總開關空間、昇降機機坑、進風機、排風機、進風管道、排風管道、發電機室、機房、垃圾，資源回收室、台電配電場所、台電配電場所通道、裝卸位、垃圾車停車位、電信室、消防泵浦室、緊急昇降機、管理委員會空間、（Ａ）樓梯間、（Ｂ）樓梯間、（Ａ）電梯機房（一）、Ｂ棟消防水箱、（Ａ）水箱、（Ｂ）水箱、（Ｂ）電梯機房、（Ａ）水錶室、（Ｂ）水錶室、廊道、公共服務空間（Ａ）、公共服務空間（Ｂ）、公共服務空間（Ｃ）、公共服務空間（D）、Ａ棟水箱、Ｂ棟水箱等４７項。,鋼筋混凝土造,115年2月5日,十五層,,持分移轉
RPSQMLRKOHLGFBF09DA,,57.95,集合住宅,鋼筋混凝土造,115年3月18日,十五層,六層 陽台,全筆移轉
RPSQMLRKOHLGFBF09DA,,53.94,本共有部分之項目有特別安全梯、Ｂ２梯、緊急升降機、無障礙電梯、Ｂ１梯、無障礙樓梯、排煙室、一般升降機、無障礙廁所、管委會空間（六）、管委會空間（二）、管委會空間（一）、管委會空間（三）、梯廳、陽台、管委會空間（四）、管委會空間（五）、Ａ２梯、安全梯、Ａ１梯、管委會空間（七）、梯間、水箱、消防水箱、電梯機房、防空避難室兼停車空間、台電配電場所、受電箱、緊急發電機房、車道、地下室排風、排煙室進風、排煙室排煙、電信室、機房、垃圾車暫停車位、垃圾儲藏室、機坑、Ａ蓄水池（一）、Ｂ蓄水池（三）、停車空間、Ｂ蓄水池（二）、Ｂ蓄水池（一）、消防機房等４４項,鋼筋混凝土造,115年3月18日,十五層,,持分移轉
RPVRMLQKOHLGFBF76DA,,62.14,集合住宅,鋼筋混凝土造,115年4月16日,十五層,七層 陽台,全筆移轉
RPVRMLQKOHLGFBF76DA,,58.99,本共有部分之項目有梯廳、排煙室、緊急昇降梯、一般昇降梯、無障礙昇降機、發電機排風管、發電機進風管、Ａ３地下室無障礙樓梯、無障礙樓梯、汽機車車道、Ａ１戶外安全梯、Ａ２戶外安全梯、管委會使用空間（一）、管委會使用空間（二）、管委會使用空間（三）、管委會使用空間（四）、發電機房、台電配電場所、垃圾車暫停車位、消防管道間、陽台、排煙室進風、排煙室排風、消防管道、地下室進風、防空避難室兼停車空間、水箱、機車停車空間、垃圾儲藏室、地下室排風、電信機房、消防機房、雨汙水機房、機房、電梯機房、汽車車道、停車空間等３７項。,鋼筋混凝土造,115年4月16日,十五層,,持分移轉
RPXQMLQKOHLGFBF86DA,,39.76,一般零售場所,鋼筋混凝土造,115年4月16日,十五層,三層 陽台,全筆移轉
RPXQMLQKOHLGFBF86DA,,21.03,本共有部分之項目有梯廳、排煙室、緊急昇降梯、一般昇降梯、無障礙昇降機、發電機排風管、發電機進風管、Ａ３地下室無障礙樓梯、無障礙樓梯、汽機車車道、Ａ１戶外安全梯、Ａ２戶外安全梯、管委會使用空間（一）、管委會使用空間（二）、管委會使用空間（三）、管委會使用空間（四）、發電機房、台電配電場所、垃圾車暫停車位、消防管道間、陽台、排煙室進風、排煙室排風、消防管道、地下室進風、防空避難室兼停車空間、水箱、機車停車空間、垃圾儲藏室、地下室排風、電信機房、消防機房、雨汙水機房、機房、電梯機房、汽車車道、停車空間等３７項。,鋼筋混凝土造,115年4月16日,十五層,,持分移轉
RPOSMLQKOHLGFBF78DA,,39.54,一般零售場所,鋼筋混凝土造,115年4月16日,十五層,三層 陽台,全筆移轉
RPOSMLQKOHLGFBF78DA,,47.03,本共有部分之項目有梯廳、排煙室、緊急昇降梯、一般昇降梯、無障礙昇降機、發電機排風管、發電機進風管、Ａ３地下室無障礙樓梯、無障礙樓梯、汽機車車道、Ａ１戶外安全梯、Ａ２戶外安全梯、管委會使用空間（一）、管委會使用空間（二）、管委會使用空間（三）、管委會使用空間（四）、發電機房、台電配電場所、垃圾車暫停車位、消防管道間、陽台、排煙室進風、排煙室排風、消防管道、地下室進風、防空避難室兼停車空間、水箱、機車停車空間、垃圾儲藏室、地下室排風、電信機房、消防機房、雨汙水機房、機房、電梯機房、汽車車道、停車空間等３７項。,鋼筋混凝土造,115年4月16日,十五層,,持分移轉
RPOOMLRKOHLGFBF48DA,,50.68,集合住宅,鋼筋混凝土造,115年2月5日,十五層,十四層 陽台,全筆移轉
RPOOMLRKOHLGFBF48DA,,53.20,本共有部分之項目有戶外安全梯（Ａ）梯廳、（Ｂ）梯廳、（Ａ）排煙室、（Ｂ）排煙室、戶外無障礙安全梯、無障礙安全梯、一般安全梯、行動不便昇降機、停車空間、無障礙通道、（Ａ棟）電錶、（Ｂ棟）電錶、受電箱、總開關空間、昇降機機坑、進風機、排風機、進風管道、排風管道、發電機室、機房、垃圾，資源回收室、台電配電場所、台電配電場所通道、裝卸位、垃圾車停車位、電信室、消防泵浦室、緊急昇降機、管理委員會空間、（Ａ）樓梯間、（Ｂ）樓梯間、（Ａ）電梯機房（一）、Ｂ棟消防水箱、（Ａ）水箱、（Ｂ）水箱、（Ｂ）電梯機房、（Ａ）水錶室、（Ｂ）水錶室、廊道、公共服務空間（Ａ）、公共服務空間（Ｂ）、公共服務空間（Ｃ）、公共服務空間（D）、Ａ棟水箱、Ｂ棟水箱等４７項。,鋼筋混凝土造,115年2月5日,十五層,,持分移轉
RPXNMLRKOHLGFBF66DA,,50.68,集合住宅,鋼筋混凝土造,115年2月5日,十五層,十三層 陽台,全筆移轉
RPXNMLRKOHLGFBF66DA,,53.20,本共有部分之項目有戶外安全梯（Ａ）梯廳、（Ｂ）梯廳、（Ａ）排煙室、（Ｂ）排煙室、戶外無障礙安全梯、無障礙安全梯、一般安全梯、行動不便昇降機、停車空間、無障礙通道、（Ａ棟）電錶、（Ｂ棟）電錶、受電箱、總開關空間、昇降機機坑、進風機、排風機、進風管道、排風管道、發電機室、機房、垃圾，資源回收室、台電配電場所、台電配電場所通道、裝卸位、垃圾車停車位、電信室、消防泵浦室、緊急昇降機、管理委員會空間、（Ａ）樓梯間、（Ｂ）樓梯間、（Ａ）電梯機房（一）、Ｂ棟消防水箱、（Ａ）水箱、（Ｂ）水箱、（Ｂ）電梯機房、（Ａ）水錶室、（Ｂ）水錶室、廊道、公共服務空間（Ａ）、公共服務空間（Ｂ）、公共服務空間（Ｃ）、公共服務空間（D）、Ａ棟水箱、Ｂ棟水箱等４７項。,鋼筋混凝土造,115年2月5日,十五層,,持分移轉
RPTOMLQKOHLGFEF56DA,,63.93,集合住宅,鋼筋混凝土造,115年1月8日,十層,四層 陽台,全筆移轉
RPXRMLQKOHLGFBF96DA,,39.54,一般零售場所,鋼筋混凝土造,115年4月16日,十五層,二層 陽台,全筆移轉
RPTOMLQKOHLGFEF56DA,,56.68,本共有部分項目有：Ｃ棟自來水箱、Ｄ棟自來水箱、Ｅ棟自來水箱、Ｆ棟自來水箱、Ｃ區停車空間、Ｄ區停車空間、Ｅ區停車空間、Ｆ區停車空間、停車進氣機房、停車排氣機房、排煙室、電氣機房Ａ、電氣機房Ｂ、電氣機房Ｃ、消防幫浦機房、電表箱室、受電室、台電配電室Ａ、台電配電室Ｂ、行動通訊改善、垃圾暫存室、發電機房、電信室、機車停車空間、汽車車道、機車車道、儲藏室、管理委員會使用空間、公設－水療池、機械室、水箱、陽台、樓梯、雨水回收機房、梯廳Ｃ甲樓梯戶外安全梯、Ｃ乙樓梯無障礙安全梯、Ｄ甲樓梯戶外安全梯、Ｄ乙樓梯無障礙安全梯、Ｅ甲樓梯戶外安全梯、Ｅ乙樓梯無障礙安全梯、Ｆ甲樓梯戶外安全梯、Ｆ乙樓梯無障礙安全梯、Ｆ丁樓梯無障礙安全梯、進氣管道、排氣管道、戊樓梯、廁所、男廁、女廁、玄關、無障礙廁所、一般客用升降機、緊急兼無障礙升降機、管理委員會使用空間（警衛室）等５５項。,鋼筋混凝土造,115年1月8日,十三層,,持分移轉
RPXRMLQKOHLGFBF96DA,,20.91,本共有部分之項目有梯廳、排煙室、緊急昇降梯、一般昇降梯、無障礙昇降機、發電機排風管、發電機進風管、Ａ３地下室無障礙樓梯、無障礙樓梯、汽機車車道、Ａ１戶外安全梯、Ａ２戶外安全梯、管委會使用空間（一）、管委會使用空間（二）、管委會使用空間（三）、管委會使用空間（四）、發電機房、台電配電場所、垃圾車暫停車位、消防管道間、陽台、排煙室進風、排煙室排風、消防管道、地下室進風、防空避難室兼停車空間、水箱、機車停車空間、垃圾儲藏室、地下室排風、電信機房、消防機房、雨汙水機房、機房、電梯機房、汽車車道、停車空間等３７項。,鋼筋混凝土造,115年4月16日,十五層,,持分移轉
RPSRMLQKOHLGFBF09DA,,68.34,集合住宅,鋼筋混凝土造,115年4月16日,十五層,十層 陽台,全筆移轉
RPSRMLQKOHLGFBF09DA,,62.26,本共有部分之項目有梯廳、排煙室、緊急昇降梯、一般昇降梯、無障礙昇降機、發電機排風管、發電機進風管、Ａ３地下室無障礙樓梯、無障礙樓梯、汽機車車道、Ａ１戶外安全梯、Ａ２戶外安全梯、管委會使用空間（一）、管委會使用空間（二）、管委會使用空間（三）、管委會使用空間（四）、發電機房、台電配電場所、垃圾車暫停車位、消防管道間、陽台、排煙室進風、排煙室排風、消防管道、地下室進風、防空避難室兼停車空間、水箱、機車停車空間、垃圾儲藏室、地下室排風、電信機房、消防機房、雨汙水機房、機房、電梯機房、汽車車道、停車空間等３７項。,鋼筋混凝土造,115年4月16日,十五層,,持分移轉
RPRPMLQKOHLGFEF09DA,,34.60,集合住宅,鋼筋混凝土造,115年1月8日,十三層,三層 陽台,全筆移轉
RPUOMLQKOHLGFEF66DA,,39.97,集合住宅,鋼筋混凝土造,115年1月8日,十層,五層 陽台,全筆移轉
RPRPMLQKOHLGFEF09DA,,16.46,本共有部分項目有：Ｃ棟自來水箱、Ｄ棟自來水箱、Ｅ棟自來水箱、Ｆ棟自來水箱、Ｃ區停車空間、Ｄ區停車空間、Ｅ區停車空間、Ｆ區停車空間、停車進氣機房、停車排氣機房、排煙室、電氣機房Ａ、電氣機房Ｂ、電氣機房Ｃ、消防幫浦機房、電表箱室、受電室、台電配電室Ａ、台電配電室Ｂ、行動通訊改善、垃圾暫存室、發電機房、電信室、機車停車空間、汽車車道、機車車道、儲藏室、管理委員會使用空間、公設－水療池、機械室、水箱、陽台、樓梯、雨水回收機房、梯廳Ｃ甲樓梯戶外安全梯、Ｃ乙樓梯無障礙安全梯、Ｄ甲樓梯戶外安全梯、Ｄ乙樓梯無障礙安全梯、Ｅ甲樓梯戶外安全梯、Ｅ乙樓梯無障礙安全梯、Ｆ甲樓梯戶外安全梯、Ｆ乙樓梯無障礙安全梯、Ｆ丁樓梯無障礙安全梯、進氣管道、排氣管道、戊樓梯、廁所、男廁、女廁、玄關、無障礙廁所、一般客用升降機、緊急兼無障礙升降機、管理委員會使用空間（警衛室）等５５項。,鋼筋混凝土造,115年1月8日,十三層,,持分移轉
RPUOMLQKOHLGFEF66DA,,19.07,本共有部分項目有：Ｃ棟自來水箱、Ｄ棟自來水箱、Ｅ棟自來水箱、Ｆ棟自來水箱、Ｃ區停車空間、Ｄ區停車空間、Ｅ區停車空間、Ｆ區停車空間、停車進氣機房、停車排氣機房、排煙室、電氣機房Ａ、電氣機房Ｂ、電氣機房Ｃ、消防幫浦機房、電表箱室、受電室、台電配電室Ａ、台電配電室Ｂ、行動通訊改善、垃圾暫存室、發電機房、電信室、機車停車空間、汽車車道、機車車道、儲藏室、管理委員會使用空間、公設－水療池、機械室、水箱、陽台、樓梯、雨水回收機房、梯廳Ｃ甲樓梯戶外安全梯、Ｃ乙樓梯無障礙安全梯、Ｄ甲樓梯戶外安全梯、Ｄ乙樓梯無障礙安全梯、Ｅ甲樓梯戶外安全梯、Ｅ乙樓梯無障礙安全梯、Ｆ甲樓梯戶外安全梯、Ｆ乙樓梯無障礙安全梯、Ｆ丁樓梯無障礙安全梯、進氣管道、排氣管道、戊樓梯、廁所、男廁、女廁、玄關、無障礙廁所、一般客用升降機、緊急兼無障礙升降機、管理委員會使用空間（警衛室）等５５項。,鋼筋混凝土造,115年1月8日,十三層,,持分移轉
RPPPMLQKOHLGFEF88DA,,41.82,集合住宅,鋼筋混凝土造,115年1月8日,十三層,九層 陽台,全筆移轉
RPPPMLQKOHLGFEF88DA,,19.85,本共有部分項目有：Ｃ棟自來水箱、Ｄ棟自來水箱、Ｅ棟自來水箱、Ｆ棟自來水箱、Ｃ區停車空間、Ｄ區停車空間、Ｅ區停車空間、Ｆ區停車空間、停車進氣機房、停車排氣機房、排煙室、電氣機房Ａ、電氣機房Ｂ、電氣機房Ｃ、消防幫浦機房、電表箱室、受電室、台電配電室Ａ、台電配電室Ｂ、行動通訊改善、垃圾暫存室、發電機房、電信室、機車停車空間、汽車車道、機車車道、儲藏室、管理委員會使用空間、公設－水療池、機械室、水箱、陽台、樓梯、雨水回收機房、梯廳Ｃ甲樓梯戶外安全梯、Ｃ乙樓梯無障礙安全梯、Ｄ甲樓梯戶外安全梯、Ｄ乙樓梯無障礙安全梯、Ｅ甲樓梯戶外安全梯、Ｅ乙樓梯無障礙安全梯、Ｆ甲樓梯戶外安全梯、Ｆ乙樓梯無障礙安全梯、Ｆ丁樓梯無障礙安全梯、進氣管道、排氣管道、戊樓梯、廁所、男廁、女廁、玄關、無障礙廁所、一般客用升降機、緊急兼無障礙升降機、管理委員會使用空間（警衛室）等５５項。,鋼筋混凝土造,115年1月8日,十三層,,持分移轉
RPQOMLMLNHLGFBF18DA,,58.23,集合住宅,鋼筋混凝土造,115年2月3日,二十層,八層 陽台,全筆移轉
RPQOMLMLNHLGFBF18DA,,51.75,本共有部分之項目有：一般昇降機、無障礙特別安全梯甲、特別安全梯乙、無障礙特別安全梯丙、特別安全梯丁、無障礙緊急昇降機、排煙室Ａ、排煙室Ｂ、自然排煙室Ａ、自然排煙室Ｂ、無障礙安全梯戊、無障礙梯己、無障礙昇降機、梯廳、梯廳Ｅ、無障礙室內通路、大廳、防災中心、迴轉空間、管委會使用空間１、管委會使用空間２、管委會使用空間３、供管委會使用空間４、信箱區、梯間、一般梯壬、一般梯辛、下方電梯升降路、電梯機房、機房、消防機房、汽機車車道、門廳１、門廳２、社區使用車位、台電配電場所通道、受電箱、汽車車道、Ａ棟電表室、Ｂ棟電表室、台電配電場所（１）、台電配電場所（２）、上方地下室排氣管道、進氣管道、排氣管道、排煙室、資源回收室、電信機房、停車空間、風機位置、給水管道、電氣管道、緊急發電機室、無障礙安全梯、進風管道、管道間、上方排氣管道、維修口、電梯機坑、垃圾車位、廁所、電力、弱電、排氣、消防、給水、進氣、水箱、水錶牆、管道、陽台等７１項。,鋼筋混凝土造,115年2月3日,二十層,,持分移轉
RPRNMLRKOHLGFBF68DA,,68.10,集合住宅,鋼筋混凝土造,115年2月5日,十五層,十一層 陽台,全筆移轉
RPRNMLRKOHLGFBF68DA,,61.37,本共有部分之項目有戶外安全梯（Ａ）梯廳、（Ｂ）梯廳、（Ａ）排煙室、（Ｂ）排煙室、戶外無障礙安全梯、無障礙安全梯、一般安全梯、行動不便昇降機、停車空間、無障礙通道、（Ａ棟）電錶、（Ｂ棟）電錶、受電箱、總開關空間、昇降機機坑、進風機、排風機、進風管道、排風管道、發電機室、機房、垃圾，資源回收室、台電配電場所、台電配電場所通道、裝卸位、垃圾車停車位、電信室、消防泵浦室、緊急昇降機、管理委員會空間、（Ａ）樓梯間、（Ｂ）樓梯間、（Ａ）電梯機房（一）、Ｂ棟消防水箱、（Ａ）水箱、（Ｂ）水箱、（Ｂ）電梯機房、（Ａ）水錶室、（Ｂ）水錶室、廊道、公共服務空間（Ａ）、公共服務空間（Ｂ）、公共服務空間（Ｃ）、公共服務空間（D）、Ａ棟水箱、Ｂ棟水箱等４７項。,鋼筋混凝土造,115年2月5日,十五層,,持分移轉
RPVQMLQKOHLGFBF66DA,,39.76,一般零售場所,鋼筋混凝土造,115年4月16日,十五層,三層 陽台,全筆移轉
RPVQMLQKOHLGFBF66DA,,21.03,本共有部分之項目有梯廳、排煙室、緊急昇降梯、一般昇降梯、無障礙昇降機、發電機排風管、發電機進風管、Ａ３地下室無障礙樓梯、無障礙樓梯、汽機車車道、Ａ１戶外安全梯、Ａ２戶外安全梯、管委會使用空間（一）、管委會使用空間（二）、管委會使用空間（三）、管委會使用空間（四）、發電機房、台電配電場所、垃圾車暫停車位、消防管道間、陽台、排煙室進風、排煙室排風、消防管道、地下室進風、防空避難室兼停車空間、水箱、機車停車空間、垃圾儲藏室、地下室排風、電信機房、消防機房、雨汙水機房、機房、電梯機房、汽車車道、停車空間等３７項。,鋼筋混凝土造,115年4月16日,十五層,,持分移轉
RPTOMLOLKHLGFAF28DA,,28.52,集合住宅,鋼筋混凝土造,115年1月16日,十三層,十一層 陽台,全筆移轉
RPTOMLOLKHLGFAF28DA,,26.81,本共有部分項目有：停車設備主機房、機械停車設備、無障礙安全梯（Ｃ）、停車空間、機械停車維修走道、消防機房、水箱、機車昇降機機械室、客貨二用昇降機、垃圾暫存區、防空避難室兼停車空間、無障礙昇降機、機坑、電信室、發電機室、台電配電場所、電表區、安全梯（Ｄ）、安全梯（Ａ）、管委會使用空間、陽台、一般昇降機、管委會空間、無障礙廁所、無障礙安全梯（Ｂ）、梯廳、騎樓、管委會空間（Ａ）、管委會空間（Ｂ）、消防管道、梯間、樓梯間、機械室等３３項。,鋼筋混凝土造,115年1月16日,十三層,,持分移轉
RPTNMLRKOHLGFBF88DA,,68.10,集合住宅,鋼筋混凝土造,115年2月5日,十五層,十四層 陽台,全筆移轉
RPTNMLRKOHLGFBF88DA,,61.37,本共有部分之項目有戶外安全梯（Ａ）梯廳、（Ｂ）梯廳、（Ａ）排煙室、（Ｂ）排煙室、戶外無障礙安全梯、無障礙安全梯、一般安全梯、行動不便昇降機、停車空間、無障礙通道、（Ａ棟）電錶、（Ｂ棟）電錶、受電箱、總開關空間、昇降機機坑、進風機、排風機、進風管道、排風管道、發電機室、機房、垃圾，資源回收室、台電配電場所、台電配電場所通道、裝卸位、垃圾車停車位、電信室、消防泵浦室、緊急昇降機、管理委員會空間、（Ａ）樓梯間、（Ｂ）樓梯間、（Ａ）電梯機房（一）、Ｂ棟消防水箱、（Ａ）水箱、（Ｂ）水箱、（Ｂ）電梯機房、（Ａ）水錶室、（Ｂ）水錶室、廊道、公共服務空間（Ａ）、公共服務空間（Ｂ）、公共服務空間（Ｃ）、公共服務空間（D）、Ａ棟水箱、Ｂ棟水箱等４７項。,鋼筋混凝土造,115年2月5日,十五層,,持分移轉
RPVNMLRKOHLGFBF09DA,,50.68,集合住宅,鋼筋混凝土造,115年2月5日,十五層,十層 陽台,全筆移轉
RPVNMLRKOHLGFBF09DA,,53.20,本共有部分之項目有戶外安全梯（Ａ）梯廳、（Ｂ）梯廳、（Ａ）排煙室、（Ｂ）排煙室、戶外無障礙安全梯、無障礙安全梯、一般安全梯、行動不便昇降機、停車空間、無障礙通道、（Ａ棟）電錶、（Ｂ棟）電錶、受電箱、總開關空間、昇降機機坑、進風機、排風機、進風管道、排風管道、發電機室、機房、垃圾，資源回收室、台電配電場所、台電配電場所通道、裝卸位、垃圾車停車位、電信室、消防泵浦室、緊急昇降機、管理委員會空間、（Ａ）樓梯間、（Ｂ）樓梯間、（Ａ）電梯機房（一）、Ｂ棟消防水箱、（Ａ）水箱、（Ｂ）水箱、（Ｂ）電梯機房、（Ａ）水錶室、（Ｂ）水錶室、廊道、公共服務空間（Ａ）、公共服務空間（Ｂ）、公共服務空間（Ｃ）、公共服務空間（D）、Ａ棟水箱、Ｂ棟水箱等４７項。,鋼筋混凝土造,115年2月5日,十五層,,持分移轉
RPORMLMKOHLGFBF28DA,,35.02,一般零售場所,鋼筋混凝土造,115年4月16日,十五層,二層 陽台,全筆移轉
RPORMLMKOHLGFBF28DA,,18.52,本共有部分之項目有梯廳、排煙室、緊急昇降梯、一般昇降梯、無障礙昇降機、發電機排風管、發電機進風管、Ａ３地下室無障礙樓梯、無障礙樓梯、汽機車車道、Ａ１戶外安全梯、Ａ２戶外安全梯、管委會使用空間（一）、管委會使用空間（二）、管委會使用空間（三）、管委會使用空間（四）、發電機房、台電配電場所、垃圾車暫停車位、消防管道間、陽台、排煙室進風、排煙室排風、消防管道、地下室進風、防空避難室兼停車空間、水箱、機車停車空間、垃圾儲藏室、地下室排風、電信機房、消防機房、雨汙水機房、機房、電梯機房、汽車車道、停車空間等３７項。,鋼筋混凝土造,115年4月16日,十五層,,持分移轉
RPQOMLQKOHLGFEF88DA,,34.76,集合住宅,鋼筋混凝土造,115年1月8日,十層,四層 陽台,全筆移轉
RPQOMLQKOHLGFEF88DA,,16.46,本共有部分項目有：Ｃ棟自來水箱、Ｄ棟自來水箱、Ｅ棟自來水箱、Ｆ棟自來水箱、Ｃ區停車空間、Ｄ區停車空間、Ｅ區停車空間、Ｆ區停車空間、停車進氣機房、停車排氣機房、排煙室、電氣機房Ａ、電氣機房Ｂ、電氣機房Ｃ、消防幫浦機房、電表箱室、受電室、台電配電室Ａ、台電配電室Ｂ、行動通訊改善、垃圾暫存室、發電機房、電信室、機車停車空間、汽車車道、機車車道、儲藏室、管理委員會使用空間、公設－水療池、機械室、水箱、陽台、樓梯、雨水回收機房、梯廳Ｃ甲樓梯戶外安全梯、Ｃ乙樓梯無障礙安全梯、Ｄ甲樓梯戶外安全梯、Ｄ乙樓梯無障礙安全梯、Ｅ甲樓梯戶外安全梯、Ｅ乙樓梯無障礙安全梯、Ｆ甲樓梯戶外安全梯、Ｆ乙樓梯無障礙安全梯、Ｆ丁樓梯無障礙安全梯、進氣管道、排氣管道、戊樓梯、廁所、男廁、女廁、玄關、無障礙廁所、一般客用升降機、緊急兼無障礙升降機、管理委員會使用空間（警衛室）等５５項。,鋼筋混凝土造,115年1月8日,十三層,,持分移轉
RPTNMLNLOHLGFGF09DA,,91.19,集合住宅,鋼筋混凝土造,115年3月25日,十六層,五層 陽台 雨遮,全筆移轉
RPTNMLNLOHLGFGF09DA,,86.02,本共有部分項目有：管委會空間、自行車停車空間、無障礙樓梯、特別安全梯、排煙室、進風、梯廳、消防、排煙、弱電、電力、行動不便使用、緊急升降機、門廊、一般安全梯、陽臺、給水、梯廳（排煙室）、機械室、樓梯間、不鏽鋼消防水箱、電梯機房、水箱、防空避難室兼停車空間、暫停車位、停車空間等２６項。,鋼筋混凝土造,115年3月25日,十六層,,持分移轉
RPSNMLRKOHLGFBF78DA,,68.10,集合住宅,鋼筋混凝土造,115年2月5日,十五層,十三層 陽台,全筆移轉
RPSNMLRKOHLGFBF78DA,,61.37,本共有部分之項目有戶外安全梯（Ａ）梯廳、（Ｂ）梯廳、（Ａ）排煙室、（Ｂ）排煙室、戶外無障礙安全梯、無障礙安全梯、一般安全梯、行動不便昇降機、停車空間、無障礙通道、（Ａ棟）電錶、（Ｂ棟）電錶、受電箱、總開關空間、昇降機機坑、進風機、排風機、進風管道、排風管道、發電機室、機房、垃圾，資源回收室、台電配電場所、台電配電場所通道、裝卸位、垃圾車停車位、電信室、消防泵浦室、緊急昇降機、管理委員會空間、（Ａ）樓梯間、（Ｂ）樓梯間、（Ａ）電梯機房（一）、Ｂ棟消防水箱、（Ａ）水箱、（Ｂ）水箱、（Ｂ）電梯機房、（Ａ）水錶室、（Ｂ）水錶室、廊道、公共服務空間（Ａ）、公共服務空間（Ｂ）、公共服務空間（Ｃ）、公共服務空間（D）、Ａ棟水箱、Ｂ棟水箱等４７項。,鋼筋混凝土造,115年2月5日,十五層,,持分移轉
RPRRMLMKOHLGFBF58DA,,35.02,一般零售場所,鋼筋混凝土造,115年4月16日,十五層,三層 陽台,全筆移轉
RPRRMLMKOHLGFBF58DA,,42.52,本共有部分之項目有梯廳、排煙室、緊急昇降梯、一般昇降梯、無障礙昇降機、發電機排風管、發電機進風管、Ａ３地下室無障礙樓梯、無障礙樓梯、汽機車車道、Ａ１戶外安全梯、Ａ２戶外安全梯、管委會使用空間（一）、管委會使用空間（二）、管委會使用空間（三）、管委會使用空間（四）、發電機房、台電配電場所、垃圾車暫停車位、消防管道間、陽台、排煙室進風、排煙室排風、消防管道、地下室進風、防空避難室兼停車空間、水箱、機車停車空間、垃圾儲藏室、地下室排風、電信機房、消防機房、雨汙水機房、機房、電梯機房、汽車車道、停車空間等３７項。,鋼筋混凝土造,115年4月16日,十五層,,持分移轉
RPPNMLRKMHLGFHF88DA,,106.97,集合住宅,鋼筋混凝土構造,114年10月13日,十五層,十五層 陽台,全筆移轉
RPXNMLMKNHLGFCF78DA,,98.31,集合住宅,鋼筋混凝土構造,114年11月11日,二十四層,二十三層 陽台 雨遮,全筆移轉
RPXNMLMKNHLGFCF78DA,,36.28,本共有部分項目計有：無障礙特別安全梯、緊急用、供行動不便者使用、車道、汽車車道、梯廳、管委會空間、排煙室、交誼聽、特別安全梯、無障礙汽車位、發電機房、防災中心、自行車車位、電信室、垃圾車暫停車位、垃圾，資源回收空間、梯廳兼排煙室、無障礙安全梯、防空避難室兼停車空間、機車車道、無障礙機車位、泳池機房、梯間、水箱、消防機房、一般安全梯、機械房、水錶室、消防水箱，等共計３０項。,鋼筋混凝土構造,114年11月11日,二十四層,,持分移轉
RPXNMLMKNHLGFCF78DA,,30.76,本共有部分項目計有：停車空間、車道、安全梯，等共計３項。,鋼筋混凝土構造,114年11月11日,二十四層,,持分移轉
RPXNMLMKNHLGFCF78DA,,8.28,本共有部分項目計有：陽台、梯廳、排煙室，等共計３項。,鋼筋混凝土構造,114年11月11日,二十四層,,持分移轉
RPPNMLRKMHLGFHF88DA,,49.56,本共有部分項目有：梯廳、排煙室、客貨升降梯、機房、樓梯間、水箱一、水箱二、消防水箱、電梯機房、台電配電場所、電信室、發電機房、電錶區、防空避難室兼停車空間、儲藏空間、客貨升降梯機房、雨汙水機房、消防泵浦室、梯間等１９項。,鋼筋混凝土構造,114年10月13日,十五層,,持分移轉
RPPNMLRKMHLGFHF88DA,,8.73,本共有部分項目有：汽車升降機、６＊６緩衝空間、機械停車空間等３項。,鋼筋混凝土構造,114年10月13日,十五層,,持分移轉
RPSVMLTJNHLGFEF27DA,,41.83,集合住宅,鋼筋混凝土造,115年1月8日,十層,十層 陽台,全筆移轉
RPSVMLTJNHLGFEF27DA,,19.85,本共有部分項目有：Ｃ棟自來水箱、Ｄ棟自來水箱、Ｅ棟自來水箱、Ｆ棟自來水箱、Ｃ區停車空間、Ｄ區停車空間、Ｅ區停車空間、Ｆ區停車空間、停車進氣機房、停車排氣機房、排煙室、電氣機房Ａ、電氣機房Ｂ、電氣機房Ｃ、消防幫浦機房、電表箱室、受電室、台電配電室Ａ、台電配電室Ｂ、行動通訊改善、垃圾暫存室、發電機房、電信室、機車停車空間、汽車車道、機車車道、儲藏室、管理委員會使用空間、公設－水療池、機械室、水箱、陽台、樓梯、雨水回收機房、梯廳Ｃ甲樓梯戶外安全梯、Ｃ乙樓梯無障礙安全梯、Ｄ甲樓梯戶外安全梯、Ｄ乙樓梯無障礙安全梯、Ｅ甲樓梯戶外安全梯、Ｅ乙樓梯無障礙安全梯、Ｆ甲樓梯戶外安全梯、Ｆ乙樓梯無障礙安全梯、Ｆ丁樓梯無障礙安全梯、進氣管道、排氣管道、戊樓梯、廁所、男廁、女廁、玄關、無障礙廁所、一般客用升降機、緊急兼無障礙升降機、管理委員會使用空間（警衛室）等５５項。,鋼筋混凝土造,115年1月8日,十三層,,持分移轉
RPVVMLTJNHLGFEF57DA,,61.89,集合住宅,鋼筋混凝土造,115年1月8日,十層,七層 陽台,全筆移轉
RPVVMLTJNHLGFEF57DA,,55.63,本共有部分項目有：Ｃ棟自來水箱、Ｄ棟自來水箱、Ｅ棟自來水箱、Ｆ棟自來水箱、Ｃ區停車空間、Ｄ區停車空間、Ｅ區停車空間、Ｆ區停車空間、停車進氣機房、停車排氣機房、排煙室、電氣機房Ａ、電氣機房Ｂ、電氣機房Ｃ、消防幫浦機房、電表箱室、受電室、台電配電室Ａ、台電配電室Ｂ、行動通訊改善、垃圾暫存室、發電機房、電信室、機車停車空間、汽車車道、機車車道、儲藏室、管理委員會使用空間、公設－水療池、機械室、水箱、陽台、樓梯、雨水回收機房、梯廳Ｃ甲樓梯戶外安全梯、Ｃ乙樓梯無障礙安全梯、Ｄ甲樓梯戶外安全梯、Ｄ乙樓梯無障礙安全梯、Ｅ甲樓梯戶外安全梯、Ｅ乙樓梯無障礙安全梯、Ｆ甲樓梯戶外安全梯、Ｆ乙樓梯無障礙安全梯、Ｆ丁樓梯無障礙安全梯、進氣管道、排氣管道、戊樓梯、廁所、男廁、女廁、玄關、無障礙廁所、一般客用升降機、緊急兼無障礙升降機、管理委員會使用空間（警衛室）等５５項。,鋼筋混凝土造,115年1月8日,十三層,,持分移轉
RPPQMLQKOHLGFBF68DA,,39.66,一般零售場所,鋼筋混凝土造,115年4月16日,十五層,二層 陽台,全筆移轉
RPPQMLQKOHLGFBF68DA,,20.98,本共有部分之項目有梯廳、排煙室、緊急昇降梯、一般昇降梯、無障礙昇降機、發電機排風管、發電機進風管、Ａ３地下室無障礙樓梯、無障礙樓梯、汽機車車道、Ａ１戶外安全梯、Ａ２戶外安全梯、管委會使用空間（一）、管委會使用空間（二）、管委會使用空間（三）、管委會使用空間（四）、發電機房、台電配電場所、垃圾車暫停車位、消防管道間、陽台、排煙室進風、排煙室排風、消防管道、地下室進風、防空避難室兼停車空間、水箱、機車停車空間、垃圾儲藏室、地下室排風、電信機房、消防機房、雨汙水機房、機房、電梯機房、汽車車道、停車空間等３７項。,鋼筋混凝土造,115年4月16日,十五層,,持分移轉
RPQPMLQKOHLGFEF98DA,,39.97,集合住宅,鋼筋混凝土造,115年1月8日,十三層,四層 陽台,全筆移轉
RPQPMLQKOHLGFEF98DA,,19.07,本共有部分項目有：Ｃ棟自來水箱、Ｄ棟自來水箱、Ｅ棟自來水箱、Ｆ棟自來水箱、Ｃ區停車空間、Ｄ區停車空間、Ｅ區停車空間、Ｆ區停車空間、停車進氣機房、停車排氣機房、排煙室、電氣機房Ａ、電氣機房Ｂ、電氣機房Ｃ、消防幫浦機房、電表箱室、受電室、台電配電室Ａ、台電配電室Ｂ、行動通訊改善、垃圾暫存室、發電機房、電信室、機車停車空間、汽車車道、機車車道、儲藏室、管理委員會使用空間、公設－水療池、機械室、水箱、陽台、樓梯、雨水回收機房、梯廳Ｃ甲樓梯戶外安全梯、Ｃ乙樓梯無障礙安全梯、Ｄ甲樓梯戶外安全梯、Ｄ乙樓梯無障礙安全梯、Ｅ甲樓梯戶外安全梯、Ｅ乙樓梯無障礙安全梯、Ｆ甲樓梯戶外安全梯、Ｆ乙樓梯無障礙安全梯、Ｆ丁樓梯無障礙安全梯、進氣管道、排氣管道、戊樓梯、廁所、男廁、女廁、玄關、無障礙廁所、一般客用升降機、緊急兼無障礙升降機、管理委員會使用空間（警衛室）等５５項。,鋼筋混凝土造,115年1月8日,十三層,,持分移轉
RPPPMLRKOHLGFBF68DA,,83.12,集合住宅,鋼筋混凝土造,115年2月5日,十五層,十四層 陽台,全筆移轉
RPPPMLRKOHLGFBF68DA,,68.40,本共有部分之項目有戶外安全梯（Ａ）梯廳、（Ｂ）梯廳、（Ａ）排煙室、（Ｂ）排煙室、戶外無障礙安全梯、無障礙安全梯、一般安全梯、行動不便昇降機、停車空間、無障礙通道、（Ａ棟）電錶、（Ｂ棟）電錶、受電箱、總開關空間、昇降機機坑、進風機、排風機、進風管道、排風管道、發電機室、機房、垃圾，資源回收室、台電配電場所、台電配電場所通道、裝卸位、垃圾車停車位、電信室、消防泵浦室、緊急昇降機、管理委員會空間、（Ａ）樓梯間、（Ｂ）樓梯間、（Ａ）電梯機房（一）、Ｂ棟消防水箱、（Ａ）水箱、（Ｂ）水箱、（Ｂ）電梯機房、（Ａ）水錶室、（Ｂ）水錶室、廊道、公共服務空間（Ａ）、公共服務空間（Ｂ）、公共服務空間（Ｃ）、公共服務空間（D）、Ａ棟水箱、Ｂ棟水箱等４７項。,鋼筋混凝土造,115年2月5日,十五層,,持分移轉
RPQNMLRKOHLGFBF58DA,,68.10,集合住宅,鋼筋混凝土造,115年2月5日,十五層,九層 陽台,全筆移轉
RPQNMLRKOHLGFBF58DA,,31.99,本共有部分之項目有戶外安全梯（Ａ）梯廳、（Ｂ）梯廳、（Ａ）排煙室、（Ｂ）排煙室、戶外無障礙安全梯、無障礙安全梯、一般安全梯、行動不便昇降機、停車空間、無障礙通道、（Ａ棟）電錶、（Ｂ棟）電錶、受電箱、總開關空間、昇降機機坑、進風機、排風機、進風管道、排風管道、發電機室、機房、垃圾，資源回收室、台電配電場所、台電配電場所通道、裝卸位、垃圾車停車位、電信室、消防泵浦室、緊急昇降機、管理委員會空間、（Ａ）樓梯間、（Ｂ）樓梯間、（Ａ）電梯機房（一）、Ｂ棟消防水箱、（Ａ）水箱、（Ｂ）水箱、（Ｂ）電梯機房、（Ａ）水錶室、（Ｂ）水錶室、廊道、公共服務空間（Ａ）、公共服務空間（Ｂ）、公共服務空間（Ｃ）、公共服務空間（D）、Ａ棟水箱、Ｂ棟水箱等４７項。,鋼筋混凝土造,115年2月5日,十五層,,持分移轉
RPUNMLRKOHLGFBF98DA,,50.68,集合住宅,鋼筋混凝土造,115年2月5日,十五層,九層 陽台,全筆移轉
RPUNMLRKOHLGFBF98DA,,53.20,本共有部分之項目有戶外安全梯（Ａ）梯廳、（Ｂ）梯廳、（Ａ）排煙室、（Ｂ）排煙室、戶外無障礙安全梯、無障礙安全梯、一般安全梯、行動不便昇降機、停車空間、無障礙通道、（Ａ棟）電錶、（Ｂ棟）電錶、受電箱、總開關空間、昇降機機坑、進風機、排風機、進風管道、排風管道、發電機室、機房、垃圾，資源回收室、台電配電場所、台電配電場所通道、裝卸位、垃圾車停車位、電信室、消防泵浦室、緊急昇降機、管理委員會空間、（Ａ）樓梯間、（Ｂ）樓梯間、（Ａ）電梯機房（一）、Ｂ棟消防水箱、（Ａ）水箱、（Ｂ）水箱、（Ｂ）電梯機房、（Ａ）水錶室、（Ｂ）水錶室、廊道、公共服務空間（Ａ）、公共服務空間（Ｂ）、公共服務空間（Ｃ）、公共服務空間（D）、Ａ棟水箱、Ｂ棟水箱等４７項。,鋼筋混凝土造,115年2月5日,十五層,,持分移轉
RPVOMLRKOHLGFBF56DA,,83.12,集合住宅,鋼筋混凝土造,115年2月5日,十五層,十層 陽台,全筆移轉
RPOOMLNLOHLGFGF68DA,,91.19,集合住宅,鋼筋混凝土造,115年3月25日,十六層,十四層 陽台 雨遮,全筆移轉
RPVOMLRKOHLGFBF56DA,,68.40,本共有部分之項目有戶外安全梯（Ａ）梯廳、（Ｂ）梯廳、（Ａ）排煙室、（Ｂ）排煙室、戶外無障礙安全梯、無障礙安全梯、一般安全梯、行動不便昇降機、停車空間、無障礙通道、（Ａ棟）電錶、（Ｂ棟）電錶、受電箱、總開關空間、昇降機機坑、進風機、排風機、進風管道、排風管道、發電機室、機房、垃圾，資源回收室、台電配電場所、台電配電場所通道、裝卸位、垃圾車停車位、電信室、消防泵浦室、緊急昇降機、管理委員會空間、（Ａ）樓梯間、（Ｂ）樓梯間、（Ａ）電梯機房（一）、Ｂ棟消防水箱、（Ａ）水箱、（Ｂ）水箱、（Ｂ）電梯機房、（Ａ）水錶室、（Ｂ）水錶室、廊道、公共服務空間（Ａ）、公共服務空間（Ｂ）、公共服務空間（Ｃ）、公共服務空間（D）、Ａ棟水箱、Ｂ棟水箱等４７項。,鋼筋混凝土造,115年2月5日,十五層,,持分移轉
RPOOMLNLOHLGFGF68DA,,86.02,本共有部分項目有：管委會空間、自行車停車空間、無障礙樓梯、特別安全梯、排煙室、進風、梯廳、消防、排煙、弱電、電力、行動不便使用、緊急升降機、門廊、一般安全梯、陽臺、給水、梯廳（排煙室）、機械室、樓梯間、不鏽鋼消防水箱、電梯機房、水箱、防空避難室兼停車空間、暫停車位、停車空間等２６項。,鋼筋混凝土造,115年3月25日,十六層,,持分移轉
RPSOMLRKOHLGFBF88DA,,68.10,集合住宅,鋼筋混凝土造,115年2月5日,十五層,十層 陽台,全筆移轉
RPSOMLRKOHLGFBF88DA,,61.37,本共有部分之項目有戶外安全梯（Ａ）梯廳、（Ｂ）梯廳、（Ａ）排煙室、（Ｂ）排煙室、戶外無障礙安全梯、無障礙安全梯、一般安全梯、行動不便昇降機、停車空間、無障礙通道、（Ａ棟）電錶、（Ｂ棟）電錶、受電箱、總開關空間、昇降機機坑、進風機、排風機、進風管道、排風管道、發電機室、機房、垃圾，資源回收室、台電配電場所、台電配電場所通道、裝卸位、垃圾車停車位、電信室、消防泵浦室、緊急昇降機、管理委員會空間、（Ａ）樓梯間、（Ｂ）樓梯間、（Ａ）電梯機房（一）、Ｂ棟消防水箱、（Ａ）水箱、（Ｂ）水箱、（Ｂ）電梯機房、（Ａ）水錶室、（Ｂ）水錶室、廊道、公共服務空間（Ａ）、公共服務空間（Ｂ）、公共服務空間（Ｃ）、公共服務空間（D）、Ａ棟水箱、Ｂ棟水箱等４７項。,鋼筋混凝土造,115年2月5日,十五層,,持分移轉
RPSOMLNLOHLGFGF09DA,,90.33,集合住宅,鋼筋混凝土造,115年3月25日,十六層,三層 陽台 雨遮,全筆移轉
RPSOMLNLOHLGFGF09DA,,85.58,本共有部分項目有：管委會空間、自行車停車空間、無障礙樓梯、特別安全梯、排煙室、進風、梯廳、消防、排煙、弱電、電力、行動不便使用、緊急升降機、門廊、一般安全梯、陽臺、給水、梯廳（排煙室）、機械室、樓梯間、不鏽鋼消防水箱、電梯機房、水箱、防空避難室兼停車空間、暫停車位、停車空間等２６項。,鋼筋混凝土造,115年3月25日,十六層,,持分移轉
RPUOMLRKOHLGFBF09DA,,83.12,集合住宅,鋼筋混凝土造,115年2月5日,十五層,九層 陽台,全筆移轉
RPUOMLRKOHLGFBF09DA,,68.40,本共有部分之項目有戶外安全梯（Ａ）梯廳、（Ｂ）梯廳、（Ａ）排煙室、（Ｂ）排煙室、戶外無障礙安全梯、無障礙安全梯、一般安全梯、行動不便昇降機、停車空間、無障礙通道、（Ａ棟）電錶、（Ｂ棟）電錶、受電箱、總開關空間、昇降機機坑、進風機、排風機、進風管道、排風管道、發電機室、機房、垃圾，資源回收室、台電配電場所、台電配電場所通道、裝卸位、垃圾車停車位、電信室、消防泵浦室、緊急昇降機、管理委員會空間、（Ａ）樓梯間、（Ｂ）樓梯間、（Ａ）電梯機房（一）、Ｂ棟消防水箱、（Ａ）水箱、（Ｂ）水箱、（Ｂ）電梯機房、（Ａ）水錶室、（Ｂ）水錶室、廊道、公共服務空間（Ａ）、公共服務空間（Ｂ）、公共服務空間（Ｃ）、公共服務空間（D）、Ａ棟水箱、Ｂ棟水箱等４７項。,鋼筋混凝土造,115年2月5日,十五層,,持分移轉
RPQPMLRKOHLGFBF78DA,,61.52,集合住宅,鋼筋混凝土造,115年2月5日,十五層,十二層 陽台,全筆移轉
RPQPMLRKOHLGFBF78DA,,58.30,本共有部分之項目有戶外安全梯（Ａ）梯廳、（Ｂ）梯廳、（Ａ）排煙室、（Ｂ）排煙室、戶外無障礙安全梯、無障礙安全梯、一般安全梯、行動不便昇降機、停車空間、無障礙通道、（Ａ棟）電錶、（Ｂ棟）電錶、受電箱、總開關空間、昇降機機坑、進風機、排風機、進風管道、排風管道、發電機室、機房、垃圾，資源回收室、台電配電場所、台電配電場所通道、裝卸位、垃圾車停車位、電信室、消防泵浦室、緊急昇降機、管理委員會空間、（Ａ）樓梯間、（Ｂ）樓梯間、（Ａ）電梯機房（一）、Ｂ棟消防水箱、（Ａ）水箱、（Ｂ）水箱、（Ｂ）電梯機房、（Ａ）水錶室、（Ｂ）水錶室、廊道、公共服務空間（Ａ）、公共服務空間（Ｂ）、公共服務空間（Ｃ）、公共服務空間（D）、Ａ棟水箱、Ｂ棟水箱等４７項。,鋼筋混凝土造,115年2月5日,十五層,,持分移轉
RPWOMLRKOHLGFBF66DA,,83.12,集合住宅,鋼筋混凝土造,115年2月5日,十五層,十一層 陽台,全筆移轉
RPWOMLRKOHLGFBF66DA,,68.40,本共有部分之項目有戶外安全梯（Ａ）梯廳、（Ｂ）梯廳、（Ａ）排煙室、（Ｂ）排煙室、戶外無障礙安全梯、無障礙安全梯、一般安全梯、行動不便昇降機、停車空間、無障礙通道、（Ａ棟）電錶、（Ｂ棟）電錶、受電箱、總開關空間、昇降機機坑、進風機、排風機、進風管道、排風管道、發電機室、機房、垃圾，資源回收室、台電配電場所、台電配電場所通道、裝卸位、垃圾車停車位、電信室、消防泵浦室、緊急昇降機、管理委員會空間、（Ａ）樓梯間、（Ｂ）樓梯間、（Ａ）電梯機房（一）、Ｂ棟消防水箱、（Ａ）水箱、（Ｂ）水箱、（Ｂ）電梯機房、（Ａ）水錶室、（Ｂ）水錶室、廊道、公共服務空間（Ａ）、公共服務空間（Ｂ）、公共服務空間（Ｃ）、公共服務空間（D）、Ａ棟水箱、Ｂ棟水箱等４７項。,鋼筋混凝土造,115年2月5日,十五層,,持分移轉
RPTPMLRKOHLGFBF09DA,,82.76,集合住宅,鋼筋混凝土造,115年2月5日,十五層,十層 陽台,全筆移轉
RPTPMLRKOHLGFBF09DA,,97.66,本共有部分之項目有戶外安全梯（Ａ）梯廳、（Ｂ）梯廳、（Ａ）排煙室、（Ｂ）排煙室、戶外無障礙安全梯、無障礙安全梯、一般安全梯、行動不便昇降機、停車空間、無障礙通道、（Ａ棟）電錶、（Ｂ棟）電錶、受電箱、總開關空間、昇降機機坑、進風機、排風機、進風管道、排風管道、發電機室、機房、垃圾，資源回收室、台電配電場所、台電配電場所通道、裝卸位、垃圾車停車位、電信室、消防泵浦室、緊急昇降機、管理委員會空間、（Ａ）樓梯間、（Ｂ）樓梯間、（Ａ）電梯機房（一）、Ｂ棟消防水箱、（Ａ）水箱、（Ｂ）水箱、（Ｂ）電梯機房、（Ａ）水錶室、（Ｂ）水錶室、廊道、公共服務空間（Ａ）、公共服務空間（Ｂ）、公共服務空間（Ｃ）、公共服務空間（D）、Ａ棟水箱、Ｂ棟水箱等４７項。,鋼筋混凝土造,115年2月5日,十五層,,持分移轉
RPPRMLQKOHLGFBF78DA,,40.57,集合住宅,鋼筋混凝土造,115年4月16日,十五層,六層 陽台,全筆移轉
RPPRMLQKOHLGFBF78DA,,21.45,本共有部分之項目有梯廳、排煙室、緊急昇降梯、一般昇降梯、無障礙昇降機、發電機排風管、發電機進風管、Ａ３地下室無障礙樓梯、無障礙樓梯、汽機車車道、Ａ１戶外安全梯、Ａ２戶外安全梯、管委會使用空間（一）、管委會使用空間（二）、管委會使用空間（三）、管委會使用空間（四）、發電機房、台電配電場所、垃圾車暫停車位、消防管道間、陽台、排煙室進風、排煙室排風、消防管道、地下室進風、防空避難室兼停車空間、水箱、機車停車空間、垃圾儲藏室、地下室排風、電信機房、消防機房、雨汙水機房、機房、電梯機房、汽車車道、停車空間等３７項。,鋼筋混凝土造,115年4月16日,十五層,,持分移轉
RPXRMLMKOHLGFBF56DA,,34.52,集合住宅,鋼筋混凝土造,115年4月16日,十五層,十四層 陽台,全筆移轉
RPXRMLMKOHLGFBF56DA,,18.25,本共有部分之項目有梯廳、排煙室、緊急昇降梯、一般昇降梯、無障礙昇降機、發電機排風管、發電機進風管、Ａ３地下室無障礙樓梯、無障礙樓梯、汽機車車道、Ａ１戶外安全梯、Ａ２戶外安全梯、管委會使用空間（一）、管委會使用空間（二）、管委會使用空間（三）、管委會使用空間（四）、發電機房、台電配電場所、垃圾車暫停車位、消防管道間、陽台、排煙室進風、排煙室排風、消防管道、地下室進風、防空避難室兼停車空間、水箱、機車停車空間、垃圾儲藏室、地下室排風、電信機房、消防機房、雨汙水機房、機房、電梯機房、汽車車道、停車空間等３７項。,鋼筋混凝土造,115年4月16日,十五層,,持分移轉
RPVOMLQKOHLGFEF76DA,,34.76,集合住宅,鋼筋混凝土造,115年1月8日,十三層,八層 陽台,全筆移轉
RPVOMLQKOHLGFEF76DA,,16.46,本共有部分項目有：Ｃ棟自來水箱、Ｄ棟自來水箱、Ｅ棟自來水箱、Ｆ棟自來水箱、Ｃ區停車空間、Ｄ區停車空間、Ｅ區停車空間、Ｆ區停車空間、停車進氣機房、停車排氣機房、排煙室、電氣機房Ａ、電氣機房Ｂ、電氣機房Ｃ、消防幫浦機房、電表箱室、受電室、台電配電室Ａ、台電配電室Ｂ、行動通訊改善、垃圾暫存室、發電機房、電信室、機車停車空間、汽車車道、機車車道、儲藏室、管理委員會使用空間、公設－水療池、機械室、水箱、陽台、樓梯、雨水回收機房、梯廳Ｃ甲樓梯戶外安全梯、Ｃ乙樓梯無障礙安全梯、Ｄ甲樓梯戶外安全梯、Ｄ乙樓梯無障礙安全梯、Ｅ甲樓梯戶外安全梯、Ｅ乙樓梯無障礙安全梯、Ｆ甲樓梯戶外安全梯、Ｆ乙樓梯無障礙安全梯、Ｆ丁樓梯無障礙安全梯、進氣管道、排氣管道、戊樓梯、廁所、男廁、女廁、玄關、無障礙廁所、一般客用升降機、緊急兼無障礙升降機、管理委員會使用空間（警衛室）等５５項。,鋼筋混凝土造,115年1月8日,十三層,,持分移轉
RPRQMLQKOHLGFBF88DA,,40.57,集合住宅,鋼筋混凝土造,115年4月16日,十五層,六層 陽台,全筆移轉
RPRQMLQKOHLGFBF88DA,,21.45,本共有部分之項目有梯廳、排煙室、緊急昇降梯、一般昇降梯、無障礙昇降機、發電機排風管、發電機進風管、Ａ３地下室無障礙樓梯、無障礙樓梯、汽機車車道、Ａ１戶外安全梯、Ａ２戶外安全梯、管委會使用空間（一）、管委會使用空間（二）、管委會使用空間（三）、管委會使用空間（四）、發電機房、台電配電場所、垃圾車暫停車位、消防管道間、陽台、排煙室進風、排煙室排風、消防管道、地下室進風、防空避難室兼停車空間、水箱、機車停車空間、垃圾儲藏室、地下室排風、電信機房、消防機房、雨汙水機房、機房、電梯機房、汽車車道、停車空間等３７項。,鋼筋混凝土造,115年4月16日,十五層,,持分移轉
RPORMLQKOHLGFBF68DA,,40.27,集合住宅,鋼筋混凝土造,115年4月16日,十五層,八層 陽台,全筆移轉
RPORMLQKOHLGFBF68DA,,21.30,本共有部分之項目有梯廳、排煙室、緊急昇降梯、一般昇降梯、無障礙昇降機、發電機排風管、發電機進風管、Ａ３地下室無障礙樓梯、無障礙樓梯、汽機車車道、Ａ１戶外安全梯、Ａ２戶外安全梯、管委會使用空間（一）、管委會使用空間（二）、管委會使用空間（三）、管委會使用空間（四）、發電機房、台電配電場所、垃圾車暫停車位、消防管道間、陽台、排煙室進風、排煙室排風、消防管道、地下室進風、防空避難室兼停車空間、水箱、機車停車空間、垃圾儲藏室、地下室排風、電信機房、消防機房、雨汙水機房、機房、電梯機房、汽車車道、停車空間等３７項。,鋼筋混凝土造,115年4月16日,十五層,,持分移轉
RPPNMLNLOHLGFGF68DA,,57.01,集合住宅,鋼筋混凝土造,115年3月25日,十六層,三層 陽台 雨遮,全筆移轉
RPPNMLNLOHLGFGF68DA,,68.23,本共有部分項目有：管委會空間、自行車停車空間、無障礙樓梯、特別安全梯、排煙室、進風、梯廳、消防、排煙、弱電、電力、行動不便使用、緊急升降機、門廊、一般安全梯、陽臺、給水、梯廳（排煙室）、機械室、樓梯間、不鏽鋼消防水箱、電梯機房、水箱、防空避難室兼停車空間、暫停車位、停車空間等２６項。,鋼筋混凝土造,115年3月25日,十六層,,持分移轉
RPVNMLNLOHLGFGF66DA,,67.32,集合住宅,鋼筋混凝土造,115年3月25日,十六層,二層 陽台 雨遮,全筆移轉
RPVNMLNLOHLGFGF66DA,,73.65,本共有部分項目有：管委會空間、自行車停車空間、無障礙樓梯、特別安全梯、排煙室、進風、梯廳、消防、排煙、弱電、電力、行動不便使用、緊急升降機、門廊、一般安全梯、陽臺、給水、梯廳（排煙室）、機械室、樓梯間、不鏽鋼消防水箱、電梯機房、水箱、防空避難室兼停車空間、暫停車位、停車空間等２６項。,鋼筋混凝土造,115年3月25日,十六層,,持分移轉
RPRNMLNLOHLGFGF88DA,,67.32,集合住宅,鋼筋混凝土造,115年3月25日,十六層,四層 陽台 雨遮,全筆移轉
RPRNMLNLOHLGFGF88DA,,72.39,本共有部分項目有：管委會空間、自行車停車空間、無障礙樓梯、特別安全梯、排煙室、進風、梯廳、消防、排煙、弱電、電力、行動不便使用、緊急升降機、門廊、一般安全梯、陽臺、給水、梯廳（排煙室）、機械室、樓梯間、不鏽鋼消防水箱、電梯機房、水箱、防空避難室兼停車空間、暫停車位、停車空間等２６項。,鋼筋混凝土造,115年3月25日,十六層,,持分移轉
RPWOMLQKOHLGFEF86DA,,34.76,集合住宅,鋼筋混凝土造,115年1月8日,十三層,十二層 陽台,全筆移轉
RPWOMLQKOHLGFEF86DA,,16.46,本共有部分項目有：Ｃ棟自來水箱、Ｄ棟自來水箱、Ｅ棟自來水箱、Ｆ棟自來水箱、Ｃ區停車空間、Ｄ區停車空間、Ｅ區停車空間、Ｆ區停車空間、停車進氣機房、停車排氣機房、排煙室、電氣機房Ａ、電氣機房Ｂ、電氣機房Ｃ、消防幫浦機房、電表箱室、受電室、台電配電室Ａ、台電配電室Ｂ、行動通訊改善、垃圾暫存室、發電機房、電信室、機車停車空間、汽車車道、機車車道、儲藏室、管理委員會使用空間、公設－水療池、機械室、水箱、陽台、樓梯、雨水回收機房、梯廳Ｃ甲樓梯戶外安全梯、Ｃ乙樓梯無障礙安全梯、Ｄ甲樓梯戶外安全梯、Ｄ乙樓梯無障礙安全梯、Ｅ甲樓梯戶外安全梯、Ｅ乙樓梯無障礙安全梯、Ｆ甲樓梯戶外安全梯、Ｆ乙樓梯無障礙安全梯、Ｆ丁樓梯無障礙安全梯、進氣管道、排氣管道、戊樓梯、廁所、男廁、女廁、玄關、無障礙廁所、一般客用升降機、緊急兼無障礙升降機、管理委員會使用空間（警衛室）等５５項。,鋼筋混凝土造,115年1月8日,十三層,,持分移轉
RPOPMLQKOHLGFEF78DA,,39.97,集合住宅,鋼筋混凝土造,115年1月8日,十三層,四層 陽台,全筆移轉
RPOPMLQKOHLGFEF78DA,,19.07,本共有部分項目有：Ｃ棟自來水箱、Ｄ棟自來水箱、Ｅ棟自來水箱、Ｆ棟自來水箱、Ｃ區停車空間、Ｄ區停車空間、Ｅ區停車空間、Ｆ區停車空間、停車進氣機房、停車排氣機房、排煙室、電氣機房Ａ、電氣機房Ｂ、電氣機房Ｃ、消防幫浦機房、電表箱室、受電室、台電配電室Ａ、台電配電室Ｂ、行動通訊改善、垃圾暫存室、發電機房、電信室、機車停車空間、汽車車道、機車車道、儲藏室、管理委員會使用空間、公設－水療池、機械室、水箱、陽台、樓梯、雨水回收機房、梯廳Ｃ甲樓梯戶外安全梯、Ｃ乙樓梯無障礙安全梯、Ｄ甲樓梯戶外安全梯、Ｄ乙樓梯無障礙安全梯、Ｅ甲樓梯戶外安全梯、Ｅ乙樓梯無障礙安全梯、Ｆ甲樓梯戶外安全梯、Ｆ乙樓梯無障礙安全梯、Ｆ丁樓梯無障礙安全梯、進氣管道、排氣管道、戊樓梯、廁所、男廁、女廁、玄關、無障礙廁所、一般客用升降機、緊急兼無障礙升降機、管理委員會使用空間（警衛室）等５５項。,鋼筋混凝土造,115年1月8日,十三層,,持分移轉
RPWNMLNLOHLGFGF76DA,,67.32,集合住宅,鋼筋混凝土造,115年3月25日,十六層,十一層 陽台 雨遮,全筆移轉
RPWNMLNLOHLGFGF76DA,,73.65,本共有部分項目有：管委會空間、自行車停車空間、無障礙樓梯、特別安全梯、排煙室、進風、梯廳、消防、排煙、弱電、電力、行動不便使用、緊急升降機、門廊、一般安全梯、陽臺、給水、梯廳（排煙室）、機械室、樓梯間、不鏽鋼消防水箱、電梯機房、水箱、防空避難室兼停車空間、暫停車位、停車空間等２６項。,鋼筋混凝土造,115年3月25日,十六層,,持分移轉
RPWRMLQKOHLGFBF86DA,,62.14,集合住宅,鋼筋混凝土造,115年4月16日,十五層,十五層 陽台,全筆移轉
RPWQMLQKOHLGFBF76DA,,40.27,集合住宅,鋼筋混凝土造,115年4月16日,十五層,十二層 陽台,全筆移轉
RPWRMLQKOHLGFBF86DA,,58.99,本共有部分之項目有梯廳、排煙室、緊急昇降梯、一般昇降梯、無障礙昇降機、發電機排風管、發電機進風管、Ａ３地下室無障礙樓梯、無障礙樓梯、汽機車車道、Ａ１戶外安全梯、Ａ２戶外安全梯、管委會使用空間（一）、管委會使用空間（二）、管委會使用空間（三）、管委會使用空間（四）、發電機房、台電配電場所、垃圾車暫停車位、消防管道間、陽台、排煙室進風、排煙室排風、消防管道、地下室進風、防空避難室兼停車空間、水箱、機車停車空間、垃圾儲藏室、地下室排風、電信機房、消防機房、雨汙水機房、機房、電梯機房、汽車車道、停車空間等３７項。,鋼筋混凝土造,115年4月16日,十五層,,持分移轉
RPWQMLQKOHLGFBF76DA,,47.43,本共有部分之項目有梯廳、排煙室、緊急昇降梯、一般昇降梯、無障礙昇降機、發電機排風管、發電機進風管、Ａ３地下室無障礙樓梯、無障礙樓梯、汽機車車道、Ａ１戶外安全梯、Ａ２戶外安全梯、管委會使用空間（一）、管委會使用空間（二）、管委會使用空間（三）、管委會使用空間（四）、發電機房、台電配電場所、垃圾車暫停車位、消防管道間、陽台、排煙室進風、排煙室排風、消防管道、地下室進風、防空避難室兼停車空間、水箱、機車停車空間、垃圾儲藏室、地下室排風、電信機房、消防機房、雨汙水機房、機房、電梯機房、汽車車道、停車空間等３７項。,鋼筋混凝土造,115年4月16日,十五層,,持分移轉
RPQOMLNLOHLGFGF88DA,,139.65,集合住宅,鋼筋混凝土造,115年3月25日,十六層,八層 陽台 雨遮,全筆移轉
RPQOMLNLOHLGFGF88DA,,149.89,本共有部分項目有：管委會空間、自行車停車空間、無障礙樓梯、特別安全梯、排煙室、進風、梯廳、消防、排煙、弱電、電力、行動不便使用、緊急升降機、門廊、一般安全梯、陽臺、給水、梯廳（排煙室）、機械室、樓梯間、不鏽鋼消防水箱、電梯機房、水箱、防空避難室兼停車空間、暫停車位、停車空間等２６項。,鋼筋混凝土造,115年3月25日,十六層,,持分移轉
RPVOMLNLOHLGFGF76DA,,90.33,集合住宅,鋼筋混凝土造,115年3月25日,十六層,四層 陽台 雨遮,全筆移轉
RPVOMLNLOHLGFGF76DA,,85.58,本共有部分項目有：管委會空間、自行車停車空間、無障礙樓梯、特別安全梯、排煙室、進風、梯廳、消防、排煙、弱電、電力、行動不便使用、緊急升降機、門廊、一般安全梯、陽臺、給水、梯廳（排煙室）、機械室、樓梯間、不鏽鋼消防水箱、電梯機房、水箱、防空避難室兼停車空間、暫停車位、停車空間等２６項。,鋼筋混凝土造,115年3月25日,十六層,,持分移轉
RPSPMLQKOHLGFEF56DA,,34.60,集合住宅,鋼筋混凝土造,115年1月8日,十三層,十二層 陽台,全筆移轉
RPSPMLQKOHLGFEF56DA,,16.46,本共有部分項目有：Ｃ棟自來水箱、Ｄ棟自來水箱、Ｅ棟自來水箱、Ｆ棟自來水箱、Ｃ區停車空間、Ｄ區停車空間、Ｅ區停車空間、Ｆ區停車空間、停車進氣機房、停車排氣機房、排煙室、電氣機房Ａ、電氣機房Ｂ、電氣機房Ｃ、消防幫浦機房、電表箱室、受電室、台電配電室Ａ、台電配電室Ｂ、行動通訊改善、垃圾暫存室、發電機房、電信室、機車停車空間、汽車車道、機車車道、儲藏室、管理委員會使用空間、公設－水療池、機械室、水箱、陽台、樓梯、雨水回收機房、梯廳Ｃ甲樓梯戶外安全梯、Ｃ乙樓梯無障礙安全梯、Ｄ甲樓梯戶外安全梯、Ｄ乙樓梯無障礙安全梯、Ｅ甲樓梯戶外安全梯、Ｅ乙樓梯無障礙安全梯、Ｆ甲樓梯戶外安全梯、Ｆ乙樓梯無障礙安全梯、Ｆ丁樓梯無障礙安全梯、進氣管道、排氣管道、戊樓梯、廁所、男廁、女廁、玄關、無障礙廁所、一般客用升降機、緊急兼無障礙升降機、管理委員會使用空間（警衛室）等５５項。,鋼筋混凝土造,115年1月8日,十三層,,持分移轉
RPQNMLNLOHLGFGF78DA,,57.01,集合住宅,鋼筋混凝土造,115年3月25日,十六層,四層 陽台 雨遮,全筆移轉
RPQNMLNLOHLGFGF78DA,,68.23,本共有部分項目有：管委會空間、自行車停車空間、無障礙樓梯、特別安全梯、排煙室、進風、梯廳、消防、排煙、弱電、電力、行動不便使用、緊急升降機、門廊、一般安全梯、陽臺、給水、梯廳（排煙室）、機械室、樓梯間、不鏽鋼消防水箱、電梯機房、水箱、防空避難室兼停車空間、暫停車位、停車空間等２６項。,鋼筋混凝土造,115年3月25日,十六層,,持分移轉
RPUNMLNLOHLGFGF56DA,,67.09,集合住宅,鋼筋混凝土造,115年3月25日,十六層,十五層 陽台 雨遮,全筆移轉
RPUNMLNLOHLGFGF56DA,,73.53,本共有部分項目有：管委會空間、自行車停車空間、無障礙樓梯、特別安全梯、排煙室、進風、梯廳、消防、排煙、弱電、電力、行動不便使用、緊急升降機、門廊、一般安全梯、陽臺、給水、梯廳（排煙室）、機械室、樓梯間、不鏽鋼消防水箱、電梯機房、水箱、防空避難室兼停車空間、暫停車位、停車空間等２６項。,鋼筋混凝土造,115年3月25日,十六層,,持分移轉
RPWOMLNLOHLGFGF86DA,,67.09,集合住宅,鋼筋混凝土造,115年3月25日,十六層,八層 陽台 雨遮,全筆移轉
RPWOMLNLOHLGFGF86DA,,73.53,本共有部分項目有：管委會空間、自行車停車空間、無障礙樓梯、特別安全梯、排煙室、進風、梯廳、消防、排煙、弱電、電力、行動不便使用、緊急升降機、門廊、一般安全梯、陽臺、給水、梯廳（排煙室）、機械室、樓梯間、不鏽鋼消防水箱、電梯機房、水箱、防空避難室兼停車空間、暫停車位、停車空間等２６項。,鋼筋混凝土造,115年3月25日,十六層,,持分移轉
RPWNMLQKOHLGFEF76DA,,39.97,集合住宅,鋼筋混凝土造,115年1月8日,十三層,九層 陽台,全筆移轉
RPSOMLQKOHLGFEF09DA,,34.76,集合住宅,鋼筋混凝土造,115年1月8日,十層,九層 陽台,全筆移轉
RPWNMLQKOHLGFEF76DA,,19.07,本共有部分項目有：Ｃ棟自來水箱、Ｄ棟自來水箱、Ｅ棟自來水箱、Ｆ棟自來水箱、Ｃ區停車空間、Ｄ區停車空間、Ｅ區停車空間、Ｆ區停車空間、停車進氣機房、停車排氣機房、排煙室、電氣機房Ａ、電氣機房Ｂ、電氣機房Ｃ、消防幫浦機房、電表箱室、受電室、台電配電室Ａ、台電配電室Ｂ、行動通訊改善、垃圾暫存室、發電機房、電信室、機車停車空間、汽車車道、機車車道、儲藏室、管理委員會使用空間、公設－水療池、機械室、水箱、陽台、樓梯、雨水回收機房、梯廳Ｃ甲樓梯戶外安全梯、Ｃ乙樓梯無障礙安全梯、Ｄ甲樓梯戶外安全梯、Ｄ乙樓梯無障礙安全梯、Ｅ甲樓梯戶外安全梯、Ｅ乙樓梯無障礙安全梯、Ｆ甲樓梯戶外安全梯、Ｆ乙樓梯無障礙安全梯、Ｆ丁樓梯無障礙安全梯、進氣管道、排氣管道、戊樓梯、廁所、男廁、女廁、玄關、無障礙廁所、一般客用升降機、緊急兼無障礙升降機、管理委員會使用空間（警衛室）等５５項。,鋼筋混凝土造,115年1月8日,十三層,,持分移轉
RPSOMLQKOHLGFEF09DA,,16.46,本共有部分項目有：Ｃ棟自來水箱、Ｄ棟自來水箱、Ｅ棟自來水箱、Ｆ棟自來水箱、Ｃ區停車空間、Ｄ區停車空間、Ｅ區停車空間、Ｆ區停車空間、停車進氣機房、停車排氣機房、排煙室、電氣機房Ａ、電氣機房Ｂ、電氣機房Ｃ、消防幫浦機房、電表箱室、受電室、台電配電室Ａ、台電配電室Ｂ、行動通訊改善、垃圾暫存室、發電機房、電信室、機車停車空間、汽車車道、機車車道、儲藏室、管理委員會使用空間、公設－水療池、機械室、水箱、陽台、樓梯、雨水回收機房、梯廳Ｃ甲樓梯戶外安全梯、Ｃ乙樓梯無障礙安全梯、Ｄ甲樓梯戶外安全梯、Ｄ乙樓梯無障礙安全梯、Ｅ甲樓梯戶外安全梯、Ｅ乙樓梯無障礙安全梯、Ｆ甲樓梯戶外安全梯、Ｆ乙樓梯無障礙安全梯、Ｆ丁樓梯無障礙安全梯、進氣管道、排氣管道、戊樓梯、廁所、男廁、女廁、玄關、無障礙廁所、一般客用升降機、緊急兼無障礙升降機、管理委員會使用空間（警衛室）等５５項。,鋼筋混凝土造,115年1月8日,十三層,,持分移轉
RPSOMLSKOHLGFAF88DA,,37.64,集合住宅,鋼骨鋼筋混凝土造,114年11月20日,二十三層,六層 陽台,全筆移轉
RPSOMLSKOHLGFAF88DA,,52.57,本共有部分之項目有：水箱Ａ、進風機房、緊急升降機兼無障礙升降機、一般升降機、排煙室、無障礙安全梯（Ａ）、機房、消防泵浦室、排風機房、汽車坡道、停車空間、無障礙安全梯（Ｃ）、垃圾車暫停車位兼訪客臨停車位、垃圾暫存室、電信機房、緊急發電機房、台電配電場所、電錶室、儲藏室、汽機車坡道、防空避難室兼停車空間、防災中心、入口門廳、自行車停車空間、無障礙特別安全梯（Ａ）、梯廳兼排煙室、特別安全梯（Ｂ）、高層緩衝空間、管委會使用空間、梯廳、機械房、樓梯間、排煙室兼樓電梯間、直通樓梯（Ｂ）、水箱Ｂ、電梯機房、消防中繼泵浦機房等３７項。,鋼骨鋼筋混凝土造,114年11月20日,二十三層,,持分移轉
RPTTMLOKMHLGFBF98DA,,268.77,獨戶住宅,鋼筋混凝土造,115年3月30日,四層,一層 二層 三層 四層 陽台 見其他登記事項,全筆移轉
RPTTMLOKMHLGFBF98DA,,1.10,本共有部分之項目有管委會空間、電信室等２項。,鋼筋混凝土造,115年3月30日,一層,,持分移轉
RPVONLNKMHLGFBF68DA,,96.25,集合住宅,鋼筋混凝土造,115年3月18日,十四層,十一層 陽台,全筆移轉
RPVONLNKMHLGFBF68DA,,73.22,本共有部分之項目有特別安全梯、Ｂ２梯、緊急升降機、無障礙電梯、Ｂ１梯、無障礙樓梯、排煙室、一般升降機、無障礙廁所、管委會空間（六）、管委會空間（二）、管委會空間（一）、管委會空間（三）、梯廳、陽台、管委會空間（四）、管委會空間（五）、Ａ２梯、安全梯、Ａ１梯、管委會空間（七）、梯間、水箱、消防水箱、電梯機房、防空避難室兼停車空間、台電配電場所、受電箱、緊急發電機房、車道、地下室排風、排煙室進風、排煙室排煙、電信室、機房、垃圾車暫停車位、垃圾儲藏室、機坑、Ａ蓄水池（一）、Ｂ蓄水池（三）、停車空間、Ｂ蓄水池（二）、Ｂ蓄水池（一）、消防機房等４４項,鋼筋混凝土造,115年3月18日,十五層,,持分移轉
RPSPMLNLOHLGFGF56DA,,67.32,集合住宅,鋼筋混凝土造,115年3月25日,十六層,十四層 陽台 雨遮,全筆移轉
RPSPMLNLOHLGFGF56DA,,73.65,本共有部分項目有：管委會空間、自行車停車空間、無障礙樓梯、特別安全梯、排煙室、進風、梯廳、消防、排煙、弱電、電力、行動不便使用、緊急升降機、門廊、一般安全梯、陽臺、給水、梯廳（排煙室）、機械室、樓梯間、不鏽鋼消防水箱、電梯機房、水箱、防空避難室兼停車空間、暫停車位、停車空間等２６項。,鋼筋混凝土造,115年3月25日,十六層,,持分移轉
RPRPMLNLOHLGFGF09DA,,67.32,集合住宅,鋼筋混凝土造,115年3月25日,十六層,七層 陽台 雨遮,全筆移轉
RPRPMLNLOHLGFGF09DA,,73.65,本共有部分項目有：管委會空間、自行車停車空間、無障礙樓梯、特別安全梯、排煙室、進風、梯廳、消防、排煙、弱電、電力、行動不便使用、緊急升降機、門廊、一般安全梯、陽臺、給水、梯廳（排煙室）、機械室、樓梯間、不鏽鋼消防水箱、電梯機房、水箱、防空避難室兼停車空間、暫停車位、停車空間等２６項。,鋼筋混凝土造,115年3月25日,十六層,,持分移轉
RPOSMLLKOHLGFGF78DA,,78.94,集合住宅,鋼筋混凝土造,115年2月6日,二十層,十六層 陽台 雨遮,全筆移轉
RPRSMLLKOHLGFGF09DA,,46.12,集合住宅,鋼筋混凝土造,115年2月6日,二十層,十五層 陽台 雨遮,全筆移轉
RPOSMLLKOHLGFGF78DA,,77.67,本共有部分之項目有：無障礙廁所、管委會使用空間、汽車坡道、無障礙昇降機、排煙室、特別安全梯、緊急昇降機、無障礙樓梯、梯廳、緩衝空間、陽臺、停車空間、樓梯間、機房、水錶室（機房）、昇降機道、消防中繼泵浦室、樓梯間（進排風機機房）、機械室、水箱、防空避難室兼停車空間等２１項。,鋼筋混凝土造,115年2月6日,二十層,,持分移轉
RPRSMLLKOHLGFGF09DA,,58.85,本共有部分之項目有：無障礙廁所、管委會使用空間、汽車坡道、無障礙昇降機、排煙室、特別安全梯、緊急昇降機、無障礙樓梯、梯廳、緩衝空間、陽臺、停車空間、樓梯間、機房、水錶室（機房）、昇降機道、消防中繼泵浦室、樓梯間（進排風機機房）、機械室、水箱、防空避難室兼停車空間等２１項。,鋼筋混凝土造,115年2月6日,二十層,,持分移轉
RPRTMLLKOHLGFGF56DA,,56.88,集合住宅,鋼筋混凝土造,115年2月6日,二十層,四層 陽台,全筆移轉
RPRTMLLKOHLGFGF56DA,,30.47,本共有部分之項目有：無障礙廁所、管委會使用空間、汽車坡道、無障礙昇降機、排煙室、特別安全梯、緊急昇降機、無障礙樓梯、梯廳、緩衝空間、陽臺、停車空間、樓梯間、機房、水錶室（機房）、昇降機道、消防中繼泵浦室、樓梯間（進排風機機房）、機械室、水箱、防空避難室兼停車空間等２１項。,鋼筋混凝土造,115年2月6日,二十層,,持分移轉
RPXRMLLKOHLGFGF96DA,,78.94,集合住宅,鋼筋混凝土造,115年2月6日,二十層,十三層 陽台 雨遮,全筆移轉
RPXRMLLKOHLGFGF96DA,,77.67,本共有部分之項目有：無障礙廁所、管委會使用空間、汽車坡道、無障礙昇降機、排煙室、特別安全梯、緊急昇降機、無障礙樓梯、梯廳、緩衝空間、陽臺、停車空間、樓梯間、機房、水錶室（機房）、昇降機道、消防中繼泵浦室、樓梯間（進排風機機房）、機械室、水箱、防空避難室兼停車空間等２１項。,鋼筋混凝土造,115年2月6日,二十層,,持分移轉
RPXSMLLKOHLGFGF07DA,,42.21,集合住宅,鋼筋混凝土造,115年2月6日,二十層,四層 陽台,全筆移轉
RPXSMLLKOHLGFGF07DA,,61.84,本共有部分之項目有：無障礙廁所、管委會使用空間、汽車坡道、無障礙昇降機、排煙室、特別安全梯、緊急昇降機、無障礙樓梯、梯廳、緩衝空間、陽臺、停車空間、樓梯間、機房、水錶室（機房）、昇降機道、消防中繼泵浦室、樓梯間（進排風機機房）、機械室、水箱、防空避難室兼停車空間等２１項。,鋼筋混凝土造,115年2月6日,二十層,,持分移轉
RPOPMLNLOHLGFGF78DA,,67.09,集合住宅,鋼筋混凝土造,115年3月25日,十六層,十一層 陽台 雨遮,全筆移轉
RPOPMLNLOHLGFGF78DA,,72.27,本共有部分項目有：管委會空間、自行車停車空間、無障礙樓梯、特別安全梯、排煙室、進風、梯廳、消防、排煙、弱電、電力、行動不便使用、緊急升降機、門廊、一般安全梯、陽臺、給水、梯廳（排煙室）、機械室、樓梯間、不鏽鋼消防水箱、電梯機房、水箱、防空避難室兼停車空間、暫停車位、停車空間等２６項。,鋼筋混凝土造,115年3月25日,十六層,,持分移轉
RPUSMLLKOHLGFGF76DA,,85.80,集合住宅,鋼筋混凝土造,115年2月6日,二十層,九層 陽台 雨遮,全筆移轉
RPUSMLLKOHLGFGF76DA,,83.80,本共有部分之項目有：無障礙廁所、管委會使用空間、汽車坡道、無障礙昇降機、排煙室、特別安全梯、緊急昇降機、無障礙樓梯、梯廳、緩衝空間、陽臺、停車空間、樓梯間、機房、水錶室（機房）、昇降機道、消防中繼泵浦室、樓梯間（進排風機機房）、機械室、水箱、防空避難室兼停車空間等２１項。,鋼筋混凝土造,115年2月6日,二十層,,持分移轉
RPQPMLNLOHLGFGF98DA,,50.70,集合住宅,鋼筋混凝土造,115年3月25日,十六層,六層 陽台 雨遮,全筆移轉
RPTSMLLKOHLGFGF66DA,,85.80,集合住宅,鋼筋混凝土造,115年2月6日,二十層,八層 陽台 雨遮,全筆移轉
RPQPMLNLOHLGFGF98DA,,26.44,本共有部分項目有：管委會空間、自行車停車空間、無障礙樓梯、特別安全梯、排煙室、進風、梯廳、消防、排煙、弱電、電力、行動不便使用、緊急升降機、門廊、一般安全梯、陽臺、給水、梯廳（排煙室）、機械室、樓梯間、不鏽鋼消防水箱、電梯機房、水箱、防空避難室兼停車空間、暫停車位、停車空間等２６項。,鋼筋混凝土造,115年3月25日,十六層,,持分移轉
RPTSMLLKOHLGFGF66DA,,83.80,本共有部分之項目有：無障礙廁所、管委會使用空間、汽車坡道、無障礙昇降機、排煙室、特別安全梯、緊急昇降機、無障礙樓梯、梯廳、緩衝空間、陽臺、停車空間、樓梯間、機房、水錶室（機房）、昇降機道、消防中繼泵浦室、樓梯間（進排風機機房）、機械室、水箱、防空避難室兼停車空間等２１項。,鋼筋混凝土造,115年2月6日,二十層,,持分移轉
RPQSMLLKOHLGFGF98DA,,45.56,集合住宅,鋼筋混凝土造,115年2月6日,二十層,八層 陽台 雨遮,全筆移轉
RPQSMLLKOHLGFGF98DA,,62.29,本共有部分之項目有：無障礙廁所、管委會使用空間、汽車坡道、無障礙昇降機、排煙室、特別安全梯、緊急昇降機、無障礙樓梯、梯廳、緩衝空間、陽臺、停車空間、樓梯間、機房、水錶室（機房）、昇降機道、消防中繼泵浦室、樓梯間（進排風機機房）、機械室、水箱、防空避難室兼停車空間等２１項。,鋼筋混凝土造,115年2月6日,二十層,,持分移轉
RPVSMLLKOHLGFGF86DA,,85.80,集合住宅,鋼筋混凝土造,115年2月6日,二十層,十四層 陽台 雨遮,全筆移轉
RPVSMLLKOHLGFGF86DA,,83.80,本共有部分之項目有：無障礙廁所、管委會使用空間、汽車坡道、無障礙昇降機、排煙室、特別安全梯、緊急昇降機、無障礙樓梯、梯廳、緩衝空間、陽臺、停車空間、樓梯間、機房、水錶室（機房）、昇降機道、消防中繼泵浦室、樓梯間（進排風機機房）、機械室、水箱、防空避難室兼停車空間等２１項。,鋼筋混凝土造,115年2月6日,二十層,,持分移轉
RPWRMLLKOHLGFGF86DA,,78.94,集合住宅,鋼筋混凝土造,115年2月6日,二十層,十層 陽台 雨遮,全筆移轉
RPWRMLLKOHLGFGF86DA,,77.67,本共有部分之項目有：無障礙廁所、管委會使用空間、汽車坡道、無障礙昇降機、排煙室、特別安全梯、緊急昇降機、無障礙樓梯、梯廳、緩衝空間、陽臺、停車空間、樓梯間、機房、水錶室（機房）、昇降機道、消防中繼泵浦室、樓梯間（進排風機機房）、機械室、水箱、防空避難室兼停車空間等２１項。,鋼筋混凝土造,115年2月6日,二十層,,持分移轉
RPPSMLLKOHLGFGF88DA,,45.56,集合住宅,鋼筋混凝土造,115年2月6日,二十層,七層 陽台 雨遮,全筆移轉
RPPSMLLKOHLGFGF88DA,,62.29,本共有部分之項目有：無障礙廁所、管委會使用空間、汽車坡道、無障礙昇降機、排煙室、特別安全梯、緊急昇降機、無障礙樓梯、梯廳、緩衝空間、陽臺、停車空間、樓梯間、機房、水錶室（機房）、昇降機道、消防中繼泵浦室、樓梯間（進排風機機房）、機械室、水箱、防空避難室兼停車空間等２１項。,鋼筋混凝土造,115年2月6日,二十層,,持分移轉
RPWSMLLKOHLGFGF96DA,,97.65,集合住宅,鋼筋混凝土造,115年2月6日,二十層,十九層 陽台 雨遮,全筆移轉
RPWSMLLKOHLGFGF96DA,,89.02,本共有部分之項目有：無障礙廁所、管委會使用空間、汽車坡道、無障礙昇降機、排煙室、特別安全梯、緊急昇降機、無障礙樓梯、梯廳、緩衝空間、陽臺、停車空間、樓梯間、機房、水錶室（機房）、昇降機道、消防中繼泵浦室、樓梯間（進排風機機房）、機械室、水箱、防空避難室兼停車空間等２１項。,鋼筋混凝土造,115年2月6日,二十層,,持分移轉
RPOTMLLKOHLGFGF88DA,,43.85,集合住宅,鋼筋混凝土造,115年2月6日,二十層,五層 陽台 雨遮,全筆移轉
RPOTMLLKOHLGFGF88DA,,61.84,本共有部分之項目有：無障礙廁所、管委會使用空間、汽車坡道、無障礙昇降機、排煙室、特別安全梯、緊急昇降機、無障礙樓梯、梯廳、緩衝空間、陽臺、停車空間、樓梯間、機房、水錶室（機房）、昇降機道、消防中繼泵浦室、樓梯間（進排風機機房）、機械室、水箱、防空避難室兼停車空間等２１項。,鋼筋混凝土造,115年2月6日,二十層,,持分移轉
RPPTMLLKOHLGFGF98DA,,43.85,集合住宅,鋼筋混凝土造,115年2月6日,二十層,十五層 陽台 雨遮,全筆移轉
RPPTMLLKOHLGFGF98DA,,61.84,本共有部分之項目有：無障礙廁所、管委會使用空間、汽車坡道、無障礙昇降機、排煙室、特別安全梯、緊急昇降機、無障礙樓梯、梯廳、緩衝空間、陽臺、停車空間、樓梯間、機房、水錶室（機房）、昇降機道、消防中繼泵浦室、樓梯間（進排風機機房）、機械室、水箱、防空避難室兼停車空間等２１項。,鋼筋混凝土造,115年2月6日,二十層,,持分移轉
RPQTMLLKOHLGFGF09DA,,69.95,集合住宅,鋼筋混凝土造,115年2月6日,二十層,十九層 陽台 雨遮,全筆移轉
RPTTMLLKOHLGFGF76DA,,58.20,集合住宅,鋼筋混凝土造,115年2月6日,二十層,十層 陽台 雨遮,全筆移轉
RPQTMLLKOHLGFGF09DA,,74.83,本共有部分之項目有：無障礙廁所、管委會使用空間、汽車坡道、無障礙昇降機、排煙室、特別安全梯、緊急昇降機、無障礙樓梯、梯廳、緩衝空間、陽臺、停車空間、樓梯間、機房、水錶室（機房）、昇降機道、消防中繼泵浦室、樓梯間（進排風機機房）、機械室、水箱、防空避難室兼停車空間等２１項。,鋼筋混凝土造,115年2月6日,二十層,,持分移轉
RPTTMLLKOHLGFGF76DA,,69.76,本共有部分之項目有：無障礙廁所、管委會使用空間、汽車坡道、無障礙昇降機、排煙室、特別安全梯、緊急昇降機、無障礙樓梯、梯廳、緩衝空間、陽臺、停車空間、樓梯間、機房、水錶室（機房）、昇降機道、消防中繼泵浦室、樓梯間（進排風機機房）、機械室、水箱、防空避難室兼停車空間等２１項。,鋼筋混凝土造,115年2月6日,二十層,,持分移轉
RPUTMLLKOHLGFGF86DA,,45.56,集合住宅,鋼筋混凝土造,115年2月6日,二十層,七層 陽台 雨遮,全筆移轉
RPUTMLLKOHLGFGF86DA,,62.29,本共有部分之項目有：無障礙廁所、管委會使用空間、汽車坡道、無障礙昇降機、排煙室、特別安全梯、緊急昇降機、無障礙樓梯、梯廳、緩衝空間、陽臺、停車空間、樓梯間、機房、水錶室（機房）、昇降機道、消防中繼泵浦室、樓梯間（進排風機機房）、機械室、水箱、防空避難室兼停車空間等２１項。,鋼筋混凝土造,115年2月6日,二十層,,持分移轉
RPWPMLSJMHLGFAF09DA,,.66,餐飲場所,鋼骨構造,114年10月23日,四十六層,一層,持分移轉
RPWPMLSJMHLGFAF09DA,,144.81,集合住宅,鋼骨構造,114年10月23日,四十六層,十七層 陽台 雨遮,全筆移轉
RPWPMLSJMHLGFAF09DA,,.63,餐飲場所,鋼骨構造,114年10月23日,四十六層,一層,持分移轉
RPWPMLSJMHLGFAF09DA,,.01,共有部分；本共有部分項目有：排氣管道、排氣機房、排煙管道、進氣機房、進氣管道等５項。,鋼骨構造,114年10月23日,四十六層,,持分移轉
RPWPMLSJMHLGFAF09DA,,1.82,共有部分；本共有部分項目有：排氣管道、排氣機房、排煙管道、進氣機房、進氣管道等５項。,鋼骨構造,114年10月23日,四十六層,,持分移轉
RPWPMLSJMHLGFAF09DA,,.01,共有部分；本共有部分項目有：排氣管道、排氣機房、排煙管道、進氣機房、進氣管道等５項。,鋼骨構造,114年10月23日,四十六層,,持分移轉
RPWPMLSJMHLGFAF09DA,,50.22,共有部分；本共有部分項目有：緊急升降梯兼無障礙、消防給排水管道、梯廳、給水管道、電氣弱電管道、排水管道、前室、機械室、安全梯、垃圾車位兼汽車充電區、冷藏設備、垃圾暫存區、住宅棟雨水機房、汽車坡道、住宅棟消防泵浦室、機電設備空間、訪客臨停車位及汽車充電區、住宅生活水箱、住宅水箱及泵浦室、住宅泳池水箱、住宅棟機車停車空間、機車坡道、自行車停車空間、噴灌機房、自來水箱、住宅棟台電配電場所Ｂ、台電管道間、水池機房、給排水管道、走道、住宅電信室、住宅棟發電機房、管理員室、大廳（梯廳）、儲藏室、台電管道間、特安梯一、消防管道、進風管道、排煙室二、無障礙兼特安梯二、陽台、、住宅棟中繼台電配電場所Ｃ、中繼水箱及泵浦室、弱電管道、客梯、機電空間、停車空間、資源回收室、進氣排煙管道、排煙室三、電氣管道等５２項。,鋼骨構造,114年10月23日,四十六層,,持分移轉
RPWPMLSJMHLGFAF09DA,,.10,共有部分；本共有部分項目有：緊急升降梯兼無障礙、消防給排水管道、梯廳、給水管道、電氣弱電管道、排水管道、前室、機械室、安全梯、垃圾車位兼汽車充電區、冷藏設備、垃圾暫存區、住宅棟雨水機房、汽車坡道、住宅棟消防泵浦室、機電設備空間、訪客臨停車位及汽車充電區、住宅生活水箱、住宅水箱及泵浦室、住宅泳池水箱、住宅棟機車停車空間、機車坡道、自行車停車空間、噴灌機房、自來水箱、住宅棟台電配電場所Ｂ、台電管道間、水池機房、給排水管道、走道、住宅電信室、住宅棟發電機房、管理員室、大廳（梯廳）、儲藏室、台電管道間、特安梯一、消防管道、進風管道、排煙室二、無障礙兼特安梯二、陽台、、住宅棟中繼台電配電場所Ｃ、中繼水箱及泵浦室、弱電管道、客梯、機電空間、停車空間、資源回收室、進氣排煙管道、排煙室三、電氣管道等５２項。,鋼骨構造,114年10月23日,四十六層,,持分移轉
RPWPMLSJMHLGFAF09DA,,.10,共有部分；本共有部分項目有：緊急升降梯兼無障礙、消防給排水管道、梯廳、給水管道、電氣弱電管道、排水管道、前室、機械室、安全梯、垃圾車位兼汽車充電區、冷藏設備、垃圾暫存區、住宅棟雨水機房、汽車坡道、住宅棟消防泵浦室、機電設備空間、訪客臨停車位及汽車充電區、住宅生活水箱、住宅水箱及泵浦室、住宅泳池水箱、住宅棟機車停車空間、機車坡道、自行車停車空間、噴灌機房、自來水箱、住宅棟台電配電場所Ｂ、台電管道間、水池機房、給排水管道、走道、住宅電信室、住宅棟發電機房、管理員室、大廳（梯廳）、儲藏室、台電管道間、特安梯一、消防管道、進風管道、排煙室二、無障礙兼特安梯二、陽台、、住宅棟中繼台電配電場所Ｃ、中繼水箱及泵浦室、弱電管道、客梯、機電空間、停車空間、資源回收室、進氣排煙管道、排煙室三、電氣管道等５２項。,鋼骨構造,114年10月23日,四十六層,,持分移轉
RPWPMLSJMHLGFAF09DA,,49.77,共有部分；本共有部分項目有：特安梯一、梯廳、管道間、進氣排煙管道、排煙室一、排煙室三、緊急升降梯兼無障礙、電氣管道、台電管道間、消防給排水管道、客梯、給水管道、弱電管道、排煙室二、無障礙兼特安梯二、給排水管道、給排水空調管道、梯廳（前室）、陽台、雨遮、儲藏室、管委會空間、游泳池、機電設備空間、走道、廁所、梯廳兼排煙室三、廚房、男廁、女廁、設備空間、緊急升降梯兼行動不便、連結泵浦、屋頂消防專用水箱、安全梯、進氣排煙、電梯機房、自來水箱、設備機房、排煙管道等４０項。,鋼骨構造,114年10月23日,四十六層,,持分移轉
RPSOMLPLNHLGFAF58DA,,.47,餐飲場所,鋼骨構造,114年10月23日,四十六層,一層,持分移轉
RPSOMLPLNHLGFAF58DA,,105.53,集合住宅,鋼骨構造,114年10月23日,四十六層,八層 陽台 雨遮,全筆移轉
RPSOMLPLNHLGFAF58DA,,.45,餐飲場所,鋼骨構造,114年10月23日,四十六層,一層,持分移轉
RPSOMLPLNHLGFAF58DA,,.01,共有部分；本共有部分項目有：排氣管道、排氣機房、排煙管道、進氣機房、進氣管道等５項。,鋼骨構造,114年10月23日,四十六層,,持分移轉
RPSOMLPLNHLGFAF58DA,,1.33,共有部分；本共有部分項目有：排氣管道、排氣機房、排煙管道、進氣機房、進氣管道等５項。,鋼骨構造,114年10月23日,四十六層,,持分移轉
RPSOMLPLNHLGFAF58DA,,.01,共有部分；本共有部分項目有：排氣管道、排氣機房、排煙管道、進氣機房、進氣管道等５項。,鋼骨構造,114年10月23日,四十六層,,持分移轉
RPSOMLPLNHLGFAF58DA,,43.89,共有部分；本共有部分項目有：緊急升降梯兼無障礙、消防給排水管道、梯廳、給水管道、電氣弱電管道、排水管道、前室、機械室、安全梯、垃圾車位兼汽車充電區、冷藏設備、垃圾暫存區、住宅棟雨水機房、汽車坡道、住宅棟消防泵浦室、機電設備空間、訪客臨停車位及汽車充電區、住宅生活水箱、住宅水箱及泵浦室、住宅泳池水箱、住宅棟機車停車空間、機車坡道、自行車停車空間、噴灌機房、自來水箱、住宅棟台電配電場所Ｂ、台電管道間、水池機房、給排水管道、走道、住宅電信室、住宅棟發電機房、管理員室、大廳（梯廳）、儲藏室、台電管道間、特安梯一、消防管道、進風管道、排煙室二、無障礙兼特安梯二、陽台、、住宅棟中繼台電配電場所Ｃ、中繼水箱及泵浦室、弱電管道、客梯、機電空間、停車空間、資源回收室、進氣排煙管道、排煙室三、電氣管道等５２項。,鋼骨構造,114年10月23日,四十六層,,持分移轉
RPSOMLPLNHLGFAF58DA,,.07,共有部分；本共有部分項目有：緊急升降梯兼無障礙、消防給排水管道、梯廳、給水管道、電氣弱電管道、排水管道、前室、機械室、安全梯、垃圾車位兼汽車充電區、冷藏設備、垃圾暫存區、住宅棟雨水機房、汽車坡道、住宅棟消防泵浦室、機電設備空間、訪客臨停車位及汽車充電區、住宅生活水箱、住宅水箱及泵浦室、住宅泳池水箱、住宅棟機車停車空間、機車坡道、自行車停車空間、噴灌機房、自來水箱、住宅棟台電配電場所Ｂ、台電管道間、水池機房、給排水管道、走道、住宅電信室、住宅棟發電機房、管理員室、大廳（梯廳）、儲藏室、台電管道間、特安梯一、消防管道、進風管道、排煙室二、無障礙兼特安梯二、陽台、、住宅棟中繼台電配電場所Ｃ、中繼水箱及泵浦室、弱電管道、客梯、機電空間、停車空間、資源回收室、進氣排煙管道、排煙室三、電氣管道等５２項。,鋼骨構造,114年10月23日,四十六層,,持分移轉
RPSOMLPLNHLGFAF58DA,,.07,共有部分；本共有部分項目有：緊急升降梯兼無障礙、消防給排水管道、梯廳、給水管道、電氣弱電管道、排水管道、前室、機械室、安全梯、垃圾車位兼汽車充電區、冷藏設備、垃圾暫存區、住宅棟雨水機房、汽車坡道、住宅棟消防泵浦室、機電設備空間、訪客臨停車位及汽車充電區、住宅生活水箱、住宅水箱及泵浦室、住宅泳池水箱、住宅棟機車停車空間、機車坡道、自行車停車空間、噴灌機房、自來水箱、住宅棟台電配電場所Ｂ、台電管道間、水池機房、給排水管道、走道、住宅電信室、住宅棟發電機房、管理員室、大廳（梯廳）、儲藏室、台電管道間、特安梯一、消防管道、進風管道、排煙室二、無障礙兼特安梯二、陽台、、住宅棟中繼台電配電場所Ｃ、中繼水箱及泵浦室、弱電管道、客梯、機電空間、停車空間、資源回收室、進氣排煙管道、排煙室三、電氣管道等５２項。,鋼骨構造,114年10月23日,四十六層,,持分移轉
RPSOMLPLNHLGFAF58DA,,36.19,共有部分；本共有部分項目有：特安梯一、梯廳、管道間、進氣排煙管道、排煙室一、排煙室三、緊急升降梯兼無障礙、電氣管道、台電管道間、消防給排水管道、客梯、給水管道、弱電管道、排煙室二、無障礙兼特安梯二、給排水管道、給排水空調管道、梯廳（前室）、陽台、雨遮、儲藏室、管委會空間、游泳池、機電設備空間、走道、廁所、梯廳兼排煙室三、廚房、男廁、女廁、設備空間、緊急升降梯兼行動不便、連結泵浦、屋頂消防專用水箱、安全梯、進氣排煙、電梯機房、自來水箱、設備機房、排煙管道等４０項。,鋼骨構造,114年10月23日,四十六層,,持分移轉
RPXNMLOJMHLGFAF58DA,,.80,餐飲場所,鋼骨構造,114年10月23日,四十六層,一層,持分移轉
RPXNMLOJMHLGFAF58DA,,177.73,集合住宅,鋼骨構造,114年10月23日,四十六層,二十層 陽台 雨遮,全筆移轉
RPXNMLOJMHLGFAF58DA,,.78,餐飲場所,鋼骨構造,114年10月23日,四十六層,一層,持分移轉
RPXNMLOJMHLGFAF58DA,,.01,共有部分；本共有部分項目有：排氣管道、排氣機房、排煙管道、進氣機房、進氣管道等５項。,鋼骨構造,114年10月23日,四十六層,,持分移轉
RPXNMLOJMHLGFAF58DA,,2.24,共有部分；本共有部分項目有：排氣管道、排氣機房、排煙管道、進氣機房、進氣管道等５項。,鋼骨構造,114年10月23日,四十六層,,持分移轉
RPXNMLOJMHLGFAF58DA,,.01,共有部分；本共有部分項目有：排氣管道、排氣機房、排煙管道、進氣機房、進氣管道等５項。,鋼骨構造,114年10月23日,四十六層,,持分移轉
RPXNMLOJMHLGFAF58DA,,82.47,共有部分；本共有部分項目有：緊急升降梯兼無障礙、消防給排水管道、梯廳、給水管道、電氣弱電管道、排水管道、前室、機械室、安全梯、垃圾車位兼汽車充電區、冷藏設備、垃圾暫存區、住宅棟雨水機房、汽車坡道、住宅棟消防泵浦室、機電設備空間、訪客臨停車位及汽車充電區、住宅生活水箱、住宅水箱及泵浦室、住宅泳池水箱、住宅棟機車停車空間、機車坡道、自行車停車空間、噴灌機房、自來水箱、住宅棟台電配電場所Ｂ、台電管道間、水池機房、給排水管道、走道、住宅電信室、住宅棟發電機房、管理員室、大廳（梯廳）、儲藏室、台電管道間、特安梯一、消防管道、進風管道、排煙室二、無障礙兼特安梯二、陽台、、住宅棟中繼台電配電場所Ｃ、中繼水箱及泵浦室、弱電管道、客梯、機電空間、停車空間、資源回收室、進氣排煙管道、排煙室三、電氣管道等５２項。,鋼骨構造,114年10月23日,四十六層,,持分移轉
RPXNMLOJMHLGFAF58DA,,.12,共有部分；本共有部分項目有：緊急升降梯兼無障礙、消防給排水管道、梯廳、給水管道、電氣弱電管道、排水管道、前室、機械室、安全梯、垃圾車位兼汽車充電區、冷藏設備、垃圾暫存區、住宅棟雨水機房、汽車坡道、住宅棟消防泵浦室、機電設備空間、訪客臨停車位及汽車充電區、住宅生活水箱、住宅水箱及泵浦室、住宅泳池水箱、住宅棟機車停車空間、機車坡道、自行車停車空間、噴灌機房、自來水箱、住宅棟台電配電場所Ｂ、台電管道間、水池機房、給排水管道、走道、住宅電信室、住宅棟發電機房、管理員室、大廳（梯廳）、儲藏室、台電管道間、特安梯一、消防管道、進風管道、排煙室二、無障礙兼特安梯二、陽台、、住宅棟中繼台電配電場所Ｃ、中繼水箱及泵浦室、弱電管道、客梯、機電空間、停車空間、資源回收室、進氣排煙管道、排煙室三、電氣管道等５２項。,鋼骨構造,114年10月23日,四十六層,,持分移轉
RPXNMLOJMHLGFAF58DA,,.13,共有部分；本共有部分項目有：緊急升降梯兼無障礙、消防給排水管道、梯廳、給水管道、電氣弱電管道、排水管道、前室、機械室、安全梯、垃圾車位兼汽車充電區、冷藏設備、垃圾暫存區、住宅棟雨水機房、汽車坡道、住宅棟消防泵浦室、機電設備空間、訪客臨停車位及汽車充電區、住宅生活水箱、住宅水箱及泵浦室、住宅泳池水箱、住宅棟機車停車空間、機車坡道、自行車停車空間、噴灌機房、自來水箱、住宅棟台電配電場所Ｂ、台電管道間、水池機房、給排水管道、走道、住宅電信室、住宅棟發電機房、管理員室、大廳（梯廳）、儲藏室、台電管道間、特安梯一、消防管道、進風管道、排煙室二、無障礙兼特安梯二、陽台、、住宅棟中繼台電配電場所Ｃ、中繼水箱及泵浦室、弱電管道、客梯、機電空間、停車空間、資源回收室、進氣排煙管道、排煙室三、電氣管道等５２項。,鋼骨構造,114年10月23日,四十六層,,持分移轉
RPXNMLOJMHLGFAF58DA,,61.08,共有部分；本共有部分項目有：特安梯一、梯廳、管道間、進氣排煙管道、排煙室一、排煙室三、緊急升降梯兼無障礙、電氣管道、台電管道間、消防給排水管道、客梯、給水管道、弱電管道、排煙室二、無障礙兼特安梯二、給排水管道、給排水空調管道、梯廳（前室）、陽台、雨遮、儲藏室、管委會空間、游泳池、機電設備空間、走道、廁所、梯廳兼排煙室三、廚房、男廁、女廁、設備空間、緊急升降梯兼行動不便、連結泵浦、屋頂消防專用水箱、安全梯、進氣排煙、電梯機房、自來水箱、設備機房、排煙管道等４０項。,鋼骨構造,114年10月23日,四十六層,,持分移轉
RPXPMLSJMHLGFAF56DA,,.80,餐飲場所,鋼骨構造,114年10月23日,四十六層,一層,持分移轉
RPXPMLSJMHLGFAF56DA,,177.96,集合住宅,鋼骨構造,114年10月23日,四十六層,八層 陽台 雨遮,全筆移轉
RPXPMLSJMHLGFAF56DA,,.78,餐飲場所,鋼骨構造,114年10月23日,四十六層,一層,持分移轉
RPXPMLSJMHLGFAF56DA,,.01,共有部分；本共有部分項目有：排氣管道、排氣機房、排煙管道、進氣機房、進氣管道等５項。,鋼骨構造,114年10月23日,四十六層,,持分移轉
RPXPMLSJMHLGFAF56DA,,2.25,共有部分；本共有部分項目有：排氣管道、排氣機房、排煙管道、進氣機房、進氣管道等５項。,鋼骨構造,114年10月23日,四十六層,,持分移轉
RPXPMLSJMHLGFAF56DA,,.01,共有部分；本共有部分項目有：排氣管道、排氣機房、排煙管道、進氣機房、進氣管道等５項。,鋼骨構造,114年10月23日,四十六層,,持分移轉
RPXPMLSJMHLGFAF56DA,,109.62,共有部分；本共有部分項目有：緊急升降梯兼無障礙、消防給排水管道、梯廳、給水管道、電氣弱電管道、排水管道、前室、機械室、安全梯、垃圾車位兼汽車充電區、冷藏設備、垃圾暫存區、住宅棟雨水機房、汽車坡道、住宅棟消防泵浦室、機電設備空間、訪客臨停車位及汽車充電區、住宅生活水箱、住宅水箱及泵浦室、住宅泳池水箱、住宅棟機車停車空間、機車坡道、自行車停車空間、噴灌機房、自來水箱、住宅棟台電配電場所Ｂ、台電管道間、水池機房、給排水管道、走道、住宅電信室、住宅棟發電機房、管理員室、大廳（梯廳）、儲藏室、台電管道間、特安梯一、消防管道、進風管道、排煙室二、無障礙兼特安梯二、陽台、、住宅棟中繼台電配電場所Ｃ、中繼水箱及泵浦室、弱電管道、客梯、機電空間、停車空間、資源回收室、進氣排煙管道、排煙室三、電氣管道等５２項。,鋼骨構造,114年10月23日,四十六層,,持分移轉
RPXPMLSJMHLGFAF56DA,,.12,共有部分；本共有部分項目有：緊急升降梯兼無障礙、消防給排水管道、梯廳、給水管道、電氣弱電管道、排水管道、前室、機械室、安全梯、垃圾車位兼汽車充電區、冷藏設備、垃圾暫存區、住宅棟雨水機房、汽車坡道、住宅棟消防泵浦室、機電設備空間、訪客臨停車位及汽車充電區、住宅生活水箱、住宅水箱及泵浦室、住宅泳池水箱、住宅棟機車停車空間、機車坡道、自行車停車空間、噴灌機房、自來水箱、住宅棟台電配電場所Ｂ、台電管道間、水池機房、給排水管道、走道、住宅電信室、住宅棟發電機房、管理員室、大廳（梯廳）、儲藏室、台電管道間、特安梯一、消防管道、進風管道、排煙室二、無障礙兼特安梯二、陽台、、住宅棟中繼台電配電場所Ｃ、中繼水箱及泵浦室、弱電管道、客梯、機電空間、停車空間、資源回收室、進氣排煙管道、排煙室三、電氣管道等５２項。,鋼骨構造,114年10月23日,四十六層,,持分移轉
RPXPMLSJMHLGFAF56DA,,.13,共有部分；本共有部分項目有：緊急升降梯兼無障礙、消防給排水管道、梯廳、給水管道、電氣弱電管道、排水管道、前室、機械室、安全梯、垃圾車位兼汽車充電區、冷藏設備、垃圾暫存區、住宅棟雨水機房、汽車坡道、住宅棟消防泵浦室、機電設備空間、訪客臨停車位及汽車充電區、住宅生活水箱、住宅水箱及泵浦室、住宅泳池水箱、住宅棟機車停車空間、機車坡道、自行車停車空間、噴灌機房、自來水箱、住宅棟台電配電場所Ｂ、台電管道間、水池機房、給排水管道、走道、住宅電信室、住宅棟發電機房、管理員室、大廳（梯廳）、儲藏室、台電管道間、特安梯一、消防管道、進風管道、排煙室二、無障礙兼特安梯二、陽台、、住宅棟中繼台電配電場所Ｃ、中繼水箱及泵浦室、弱電管道、客梯、機電空間、停車空間、資源回收室、進氣排煙管道、排煙室三、電氣管道等５２項。,鋼骨構造,114年10月23日,四十六層,,持分移轉
RPXPMLSJMHLGFAF56DA,,61.08,共有部分；本共有部分項目有：特安梯一、梯廳、管道間、進氣排煙管道、排煙室一、排煙室三、緊急升降梯兼無障礙、電氣管道、台電管道間、消防給排水管道、客梯、給水管道、弱電管道、排煙室二、無障礙兼特安梯二、給排水管道、給排水空調管道、梯廳（前室）、陽台、雨遮、儲藏室、管委會空間、游泳池、機電設備空間、走道、廁所、梯廳兼排煙室三、廚房、男廁、女廁、設備空間、緊急升降梯兼行動不便、連結泵浦、屋頂消防專用水箱、安全梯、進氣排煙、電梯機房、自來水箱、設備機房、排煙管道等４０項。,鋼骨構造,114年10月23日,四十六層,,持分移轉
RPSQMLKKJHLGFAF77DA,,.37,餐飲場所,鋼骨構造,114年10月23日,四十六層,一層,持分移轉
RPSQMLKKJHLGFAF77DA,,82.60,集合住宅,鋼骨構造,114年10月23日,四十六層,三十五層 陽台 雨遮,全筆移轉
RPSQMLKKJHLGFAF77DA,,.36,餐飲場所,鋼骨構造,114年10月23日,四十六層,一層,持分移轉
RPSQMLKKJHLGFAF77DA,,.00,共有部分；本共有部分項目有：排氣管道、排氣機房、排煙管道、進氣機房、進氣管道等５項。,鋼骨構造,114年10月23日,四十六層,,持分移轉
RPSQMLKKJHLGFAF77DA,,1.04,共有部分；本共有部分項目有：排氣管道、排氣機房、排煙管道、進氣機房、進氣管道等５項。,鋼骨構造,114年10月23日,四十六層,,持分移轉
RPSQMLKKJHLGFAF77DA,,.00,共有部分；本共有部分項目有：排氣管道、排氣機房、排煙管道、進氣機房、進氣管道等５項。,鋼骨構造,114年10月23日,四十六層,,持分移轉
RPSQMLKKJHLGFAF77DA,,40.21,共有部分；本共有部分項目有：緊急升降梯兼無障礙、消防給排水管道、梯廳、給水管道、電氣弱電管道、排水管道、前室、機械室、安全梯、垃圾車位兼汽車充電區、冷藏設備、垃圾暫存區、住宅棟雨水機房、汽車坡道、住宅棟消防泵浦室、機電設備空間、訪客臨停車位及汽車充電區、住宅生活水箱、住宅水箱及泵浦室、住宅泳池水箱、住宅棟機車停車空間、機車坡道、自行車停車空間、噴灌機房、自來水箱、住宅棟台電配電場所Ｂ、台電管道間、水池機房、給排水管道、走道、住宅電信室、住宅棟發電機房、管理員室、大廳（梯廳）、儲藏室、台電管道間、特安梯一、消防管道、進風管道、排煙室二、無障礙兼特安梯二、陽台、、住宅棟中繼台電配電場所Ｃ、中繼水箱及泵浦室、弱電管道、客梯、機電空間、停車空間、資源回收室、進氣排煙管道、排煙室三、電氣管道等５２項。,鋼骨構造,114年10月23日,四十六層,,持分移轉
RPSQMLKKJHLGFAF77DA,,.06,共有部分；本共有部分項目有：緊急升降梯兼無障礙、消防給排水管道、梯廳、給水管道、電氣弱電管道、排水管道、前室、機械室、安全梯、垃圾車位兼汽車充電區、冷藏設備、垃圾暫存區、住宅棟雨水機房、汽車坡道、住宅棟消防泵浦室、機電設備空間、訪客臨停車位及汽車充電區、住宅生活水箱、住宅水箱及泵浦室、住宅泳池水箱、住宅棟機車停車空間、機車坡道、自行車停車空間、噴灌機房、自來水箱、住宅棟台電配電場所Ｂ、台電管道間、水池機房、給排水管道、走道、住宅電信室、住宅棟發電機房、管理員室、大廳（梯廳）、儲藏室、台電管道間、特安梯一、消防管道、進風管道、排煙室二、無障礙兼特安梯二、陽台、、住宅棟中繼台電配電場所Ｃ、中繼水箱及泵浦室、弱電管道、客梯、機電空間、停車空間、資源回收室、進氣排煙管道、排煙室三、電氣管道等５２項。,鋼骨構造,114年10月23日,四十六層,,持分移轉
RPSQMLKKJHLGFAF77DA,,.06,共有部分；本共有部分項目有：緊急升降梯兼無障礙、消防給排水管道、梯廳、給水管道、電氣弱電管道、排水管道、前室、機械室、安全梯、垃圾車位兼汽車充電區、冷藏設備、垃圾暫存區、住宅棟雨水機房、汽車坡道、住宅棟消防泵浦室、機電設備空間、訪客臨停車位及汽車充電區、住宅生活水箱、住宅水箱及泵浦室、住宅泳池水箱、住宅棟機車停車空間、機車坡道、自行車停車空間、噴灌機房、自來水箱、住宅棟台電配電場所Ｂ、台電管道間、水池機房、給排水管道、走道、住宅電信室、住宅棟發電機房、管理員室、大廳（梯廳）、儲藏室、台電管道間、特安梯一、消防管道、進風管道、排煙室二、無障礙兼特安梯二、陽台、、住宅棟中繼台電配電場所Ｃ、中繼水箱及泵浦室、弱電管道、客梯、機電空間、停車空間、資源回收室、進氣排煙管道、排煙室三、電氣管道等５２項。,鋼骨構造,114年10月23日,四十六層,,持分移轉
RPSQMLKKJHLGFAF77DA,,28.42,共有部分；本共有部分項目有：特安梯一、梯廳、管道間、進氣排煙管道、排煙室一、排煙室三、緊急升降梯兼無障礙、電氣管道、台電管道間、消防給排水管道、客梯、給水管道、弱電管道、排煙室二、無障礙兼特安梯二、給排水管道、給排水空調管道、梯廳（前室）、陽台、雨遮、儲藏室、管委會空間、游泳池、機電設備空間、走道、廁所、梯廳兼排煙室三、廚房、男廁、女廁、設備空間、緊急升降梯兼行動不便、連結泵浦、屋頂消防專用水箱、安全梯、進氣排煙、電梯機房、自來水箱、設備機房、排煙管道等４０項。,鋼骨構造,114年10月23日,四十六層,,持分移轉
RPXOMLKKJHLGFAF08DA,,.37,餐飲場所,鋼骨構造,114年10月23日,四十六層,一層,持分移轉
RPXOMLKKJHLGFAF08DA,,82.68,集合住宅,鋼骨構造,114年10月23日,四十六層,十二層 陽台 雨遮,全筆移轉
RPXOMLKKJHLGFAF08DA,,.36,餐飲場所,鋼骨構造,114年10月23日,四十六層,一層,持分移轉
RPXOMLKKJHLGFAF08DA,,.00,共有部分；本共有部分項目有：排氣管道、排氣機房、排煙管道、進氣機房、進氣管道等５項。,鋼骨構造,114年10月23日,四十六層,,持分移轉
RPXOMLKKJHLGFAF08DA,,1.04,共有部分；本共有部分項目有：排氣管道、排氣機房、排煙管道、進氣機房、進氣管道等５項。,鋼骨構造,114年10月23日,四十六層,,持分移轉
RPXOMLKKJHLGFAF08DA,,.00,共有部分；本共有部分項目有：排氣管道、排氣機房、排煙管道、進氣機房、進氣管道等５項。,鋼骨構造,114年10月23日,四十六層,,持分移轉
RPXOMLKKJHLGFAF08DA,,40.21,共有部分；本共有部分項目有：緊急升降梯兼無障礙、消防給排水管道、梯廳、給水管道、電氣弱電管道、排水管道、前室、機械室、安全梯、垃圾車位兼汽車充電區、冷藏設備、垃圾暫存區、住宅棟雨水機房、汽車坡道、住宅棟消防泵浦室、機電設備空間、訪客臨停車位及汽車充電區、住宅生活水箱、住宅水箱及泵浦室、住宅泳池水箱、住宅棟機車停車空間、機車坡道、自行車停車空間、噴灌機房、自來水箱、住宅棟台電配電場所Ｂ、台電管道間、水池機房、給排水管道、走道、住宅電信室、住宅棟發電機房、管理員室、大廳（梯廳）、儲藏室、台電管道間、特安梯一、消防管道、進風管道、排煙室二、無障礙兼特安梯二、陽台、、住宅棟中繼台電配電場所Ｃ、中繼水箱及泵浦室、弱電管道、客梯、機電空間、停車空間、資源回收室、進氣排煙管道、排煙室三、電氣管道等５２項。,鋼骨構造,114年10月23日,四十六層,,持分移轉
RPXOMLKKJHLGFAF08DA,,.06,共有部分；本共有部分項目有：緊急升降梯兼無障礙、消防給排水管道、梯廳、給水管道、電氣弱電管道、排水管道、前室、機械室、安全梯、垃圾車位兼汽車充電區、冷藏設備、垃圾暫存區、住宅棟雨水機房、汽車坡道、住宅棟消防泵浦室、機電設備空間、訪客臨停車位及汽車充電區、住宅生活水箱、住宅水箱及泵浦室、住宅泳池水箱、住宅棟機車停車空間、機車坡道、自行車停車空間、噴灌機房、自來水箱、住宅棟台電配電場所Ｂ、台電管道間、水池機房、給排水管道、走道、住宅電信室、住宅棟發電機房、管理員室、大廳（梯廳）、儲藏室、台電管道間、特安梯一、消防管道、進風管道、排煙室二、無障礙兼特安梯二、陽台、、住宅棟中繼台電配電場所Ｃ、中繼水箱及泵浦室、弱電管道、客梯、機電空間、停車空間、資源回收室、進氣排煙管道、排煙室三、電氣管道等５２項。,鋼骨構造,114年10月23日,四十六層,,持分移轉
RPXOMLKKJHLGFAF08DA,,.06,共有部分；本共有部分項目有：緊急升降梯兼無障礙、消防給排水管道、梯廳、給水管道、電氣弱電管道、排水管道、前室、機械室、安全梯、垃圾車位兼汽車充電區、冷藏設備、垃圾暫存區、住宅棟雨水機房、汽車坡道、住宅棟消防泵浦室、機電設備空間、訪客臨停車位及汽車充電區、住宅生活水箱、住宅水箱及泵浦室、住宅泳池水箱、住宅棟機車停車空間、機車坡道、自行車停車空間、噴灌機房、自來水箱、住宅棟台電配電場所Ｂ、台電管道間、水池機房、給排水管道、走道、住宅電信室、住宅棟發電機房、管理員室、大廳（梯廳）、儲藏室、台電管道間、特安梯一、消防管道、進風管道、排煙室二、無障礙兼特安梯二、陽台、、住宅棟中繼台電配電場所Ｃ、中繼水箱及泵浦室、弱電管道、客梯、機電空間、停車空間、資源回收室、進氣排煙管道、排煙室三、電氣管道等５２項。,鋼骨構造,114年10月23日,四十六層,,持分移轉
RPXOMLKKJHLGFAF08DA,,28.42,共有部分；本共有部分項目有：特安梯一、梯廳、管道間、進氣排煙管道、排煙室一、排煙室三、緊急升降梯兼無障礙、電氣管道、台電管道間、消防給排水管道、客梯、給水管道、弱電管道、排煙室二、無障礙兼特安梯二、給排水管道、給排水空調管道、梯廳（前室）、陽台、雨遮、儲藏室、管委會空間、游泳池、機電設備空間、走道、廁所、梯廳兼排煙室三、廚房、男廁、女廁、設備空間、緊急升降梯兼行動不便、連結泵浦、屋頂消防專用水箱、安全梯、進氣排煙、電梯機房、自來水箱、設備機房、排煙管道等４０項。,鋼骨構造,114年10月23日,四十六層,,持分移轉
RPRONLKKMHLGFBF97DA,,70.73,集合住宅,鋼筋混凝土造,114年12月5日,十一層,八層 陽台,全筆移轉
RPRONLKKMHLGFBF97DA,,65.34,本共有部分之項目有梯廳、甲梯（兼行動不便用）、乙梯室內安全梯、丙梯（兼行動不便用）、丁梯室內安全梯、戊梯室內安全梯（行動不便用）、丙梯、梯間、停車空間、地下室進風、地下室排風、台電配電場所、發電機室、電信室、車道、昇降機、受電箱、電梯機房、消防／汙水機房、昇降機（無障礙）、水箱、消防水箱、Ａ棟水箱、Ｂ棟水箱、陽台等２５項,鋼筋混凝土造,114年12月5日,十二層,,持分移轉
RPTQMLKKJHLGFAF87DA,,.47,餐飲場所,鋼骨構造,114年10月23日,四十六層,一層,持分移轉
RPTQMLKKJHLGFAF87DA,,104.32,集合住宅,鋼骨構造,114年10月23日,四十六層,六層 陽台 雨遮,全筆移轉
RPTQMLKKJHLGFAF87DA,,.45,餐飲場所,鋼骨構造,114年10月23日,四十六層,一層,持分移轉
RPTQMLKKJHLGFAF87DA,,.01,共有部分；本共有部分項目有：排氣管道、排氣機房、排煙管道、進氣機房、進氣管道等５項。,鋼骨構造,114年10月23日,四十六層,,持分移轉
RPTQMLKKJHLGFAF87DA,,1.32,共有部分；本共有部分項目有：排氣管道、排氣機房、排煙管道、進氣機房、進氣管道等５項。,鋼骨構造,114年10月23日,四十六層,,持分移轉
RPTQMLKKJHLGFAF87DA,,.01,共有部分；本共有部分項目有：排氣管道、排氣機房、排煙管道、進氣機房、進氣管道等５項。,鋼骨構造,114年10月23日,四十六層,,持分移轉
RPTQMLKKJHLGFAF87DA,,43.68,共有部分；本共有部分項目有：緊急升降梯兼無障礙、消防給排水管道、梯廳、給水管道、電氣弱電管道、排水管道、前室、機械室、安全梯、垃圾車位兼汽車充電區、冷藏設備、垃圾暫存區、住宅棟雨水機房、汽車坡道、住宅棟消防泵浦室、機電設備空間、訪客臨停車位及汽車充電區、住宅生活水箱、住宅水箱及泵浦室、住宅泳池水箱、住宅棟機車停車空間、機車坡道、自行車停車空間、噴灌機房、自來水箱、住宅棟台電配電場所Ｂ、台電管道間、水池機房、給排水管道、走道、住宅電信室、住宅棟發電機房、管理員室、大廳（梯廳）、儲藏室、台電管道間、特安梯一、消防管道、進風管道、排煙室二、無障礙兼特安梯二、陽台、、住宅棟中繼台電配電場所Ｃ、中繼水箱及泵浦室、弱電管道、客梯、機電空間、停車空間、資源回收室、進氣排煙管道、排煙室三、電氣管道等５２項。,鋼骨構造,114年10月23日,四十六層,,持分移轉
RPTQMLKKJHLGFAF87DA,,.07,共有部分；本共有部分項目有：緊急升降梯兼無障礙、消防給排水管道、梯廳、給水管道、電氣弱電管道、排水管道、前室、機械室、安全梯、垃圾車位兼汽車充電區、冷藏設備、垃圾暫存區、住宅棟雨水機房、汽車坡道、住宅棟消防泵浦室、機電設備空間、訪客臨停車位及汽車充電區、住宅生活水箱、住宅水箱及泵浦室、住宅泳池水箱、住宅棟機車停車空間、機車坡道、自行車停車空間、噴灌機房、自來水箱、住宅棟台電配電場所Ｂ、台電管道間、水池機房、給排水管道、走道、住宅電信室、住宅棟發電機房、管理員室、大廳（梯廳）、儲藏室、台電管道間、特安梯一、消防管道、進風管道、排煙室二、無障礙兼特安梯二、陽台、、住宅棟中繼台電配電場所Ｃ、中繼水箱及泵浦室、弱電管道、客梯、機電空間、停車空間、資源回收室、進氣排煙管道、排煙室三、電氣管道等５２項。,鋼骨構造,114年10月23日,四十六層,,持分移轉
RPTQMLKKJHLGFAF87DA,,.07,共有部分；本共有部分項目有：緊急升降梯兼無障礙、消防給排水管道、梯廳、給水管道、電氣弱電管道、排水管道、前室、機械室、安全梯、垃圾車位兼汽車充電區、冷藏設備、垃圾暫存區、住宅棟雨水機房、汽車坡道、住宅棟消防泵浦室、機電設備空間、訪客臨停車位及汽車充電區、住宅生活水箱、住宅水箱及泵浦室、住宅泳池水箱、住宅棟機車停車空間、機車坡道、自行車停車空間、噴灌機房、自來水箱、住宅棟台電配電場所Ｂ、台電管道間、水池機房、給排水管道、走道、住宅電信室、住宅棟發電機房、管理員室、大廳（梯廳）、儲藏室、台電管道間、特安梯一、消防管道、進風管道、排煙室二、無障礙兼特安梯二、陽台、、住宅棟中繼台電配電場所Ｃ、中繼水箱及泵浦室、弱電管道、客梯、機電空間、停車空間、資源回收室、進氣排煙管道、排煙室三、電氣管道等５２項。,鋼骨構造,114年10月23日,四十六層,,持分移轉
RPTQMLKKJHLGFAF87DA,,35.77,共有部分；本共有部分項目有：特安梯一、梯廳、管道間、進氣排煙管道、排煙室一、排煙室三、緊急升降梯兼無障礙、電氣管道、台電管道間、消防給排水管道、客梯、給水管道、弱電管道、排煙室二、無障礙兼特安梯二、給排水管道、給排水空調管道、梯廳（前室）、陽台、雨遮、儲藏室、管委會空間、游泳池、機電設備空間、走道、廁所、梯廳兼排煙室三、廚房、男廁、女廁、設備空間、緊急升降梯兼行動不便、連結泵浦、屋頂消防專用水箱、安全梯、進氣排煙、電梯機房、自來水箱、設備機房、排煙管道等４０項。,鋼骨構造,114年10月23日,四十六層,,持分移轉
RPTOMLMJMHLGFBF18DA,,109.01,集合住宅,鋼筋混凝土造,115年1月26日,十三層,三層 陽台,全筆移轉
RPTOMLMJMHLGFBF18DA,,78.49,本共有部分之項目有：無障礙室外通路、無障礙室內通路、車道、門廳、 無障礙戶外安全梯、無障礙一般安全梯、排煙室、安全梯、陽台、管委會、梯廳、機房、信箱區、電梯機房、水箱、停車空間、發電機房、電信機房、台電配電場所、垃圾暫存空間、水錶空間、消防泵浦機房等２２項。,鋼筋混凝土造,115年1月26日,十三層,,持分移轉
RPSPMLMJMHLGFBF18DA,,109.01,集合住宅,鋼筋混凝土造,115年1月26日,十三層,九層 陽台,全筆移轉
RPRPMLMJMHLGFBF08DA,,109.01,集合住宅,鋼筋混凝土造,115年1月26日,十三層,八層 陽台,全筆移轉
RPSPMLMJMHLGFBF18DA,,79.51,本共有部分之項目有：無障礙室外通路、無障礙室內通路、車道、門廳、 無障礙戶外安全梯、無障礙一般安全梯、排煙室、安全梯、陽台、管委會、梯廳、機房、信箱區、電梯機房、水箱、停車空間、發電機房、電信機房、台電配電場所、垃圾暫存空間、水錶空間、消防泵浦機房等２２項。,鋼筋混凝土造,115年1月26日,十三層,,持分移轉
RPRPMLMJMHLGFBF08DA,,79.51,本共有部分之項目有：無障礙室外通路、無障礙室內通路、車道、門廳、 無障礙戶外安全梯、無障礙一般安全梯、排煙室、安全梯、陽台、管委會、梯廳、機房、信箱區、電梯機房、水箱、停車空間、發電機房、電信機房、台電配電場所、垃圾暫存空間、水錶空間、消防泵浦機房等２２項。,鋼筋混凝土造,115年1月26日,十三層,,持分移轉
RPSWMLKKMHLGFBF78DA,,80.81,集合住宅,鋼筋混凝土造,115年3月18日,十五層,四層 陽台,全筆移轉
RPWNMLMJMHLGFBF38DA,,107.93,集合住宅,鋼筋混凝土造,115年1月26日,十三層,九層 陽台,全筆移轉
RPWNMLMJMHLGFBF38DA,,78.98,本共有部分之項目有：無障礙室外通路、無障礙室內通路、車道、門廳、 無障礙戶外安全梯、無障礙一般安全梯、排煙室、安全梯、陽台、管委會、梯廳、機房、信箱區、電梯機房、水箱、停車空間、發電機房、電信機房、台電配電場所、垃圾暫存空間、水錶空間、消防泵浦機房等２２項。,鋼筋混凝土造,115年1月26日,十三層,,持分移轉
RPSWMLKKMHLGFBF78DA,,65.44,本共有部分之項目有特別安全梯、Ｂ２梯、緊急升降機、無障礙電梯、Ｂ１梯、無障礙樓梯、排煙室、一般升降機、無障礙廁所、管委會空間（六）、管委會空間（二）、管委會空間（一）、管委會空間（三）、梯廳、陽台、管委會空間（四）、管委會空間（五）、Ａ２梯、安全梯、Ａ１梯、管委會空間（七）、梯間、水箱、消防水箱、電梯機房、防空避難室兼停車空間、台電配電場所、受電箱、緊急發電機房、車道、地下室排風、排煙室進風、排煙室排煙、電信室、機房、垃圾車暫停車位、垃圾儲藏室、機坑、Ａ蓄水池（一）、Ｂ蓄水池（三）、停車空間、Ｂ蓄水池（二）、Ｂ蓄水池（一）、消防機房等４４項,鋼筋混凝土造,115年3月18日,十五層,,持分移轉
RPQNMLKKJHLGFAF27DA,,.66,餐飲場所,鋼骨構造,114年10月23日,四十六層,一層,持分移轉
RPQNMLKKJHLGFAF27DA,,147.10,集合住宅,鋼骨構造,114年10月23日,四十六層,十七層 陽台 雨遮,全筆移轉
RPQNMLKKJHLGFAF27DA,,.63,餐飲場所,鋼骨構造,114年10月23日,四十六層,一層,持分移轉
RPQNMLKKJHLGFAF27DA,,.01,共有部分；本共有部分項目有：排氣管道、排氣機房、排煙管道、進氣機房、進氣管道等５項。,鋼骨構造,114年10月23日,四十六層,,持分移轉
RPQNMLKKJHLGFAF27DA,,1.85,共有部分；本共有部分項目有：排氣管道、排氣機房、排煙管道、進氣機房、進氣管道等５項。,鋼骨構造,114年10月23日,四十六層,,持分移轉
RPQNMLKKJHLGFAF27DA,,.01,共有部分；本共有部分項目有：排氣管道、排氣機房、排煙管道、進氣機房、進氣管道等５項。,鋼骨構造,114年10月23日,四十六層,,持分移轉
RPQNMLKKJHLGFAF27DA,,50.42,共有部分；本共有部分項目有：緊急升降梯兼無障礙、消防給排水管道、梯廳、給水管道、電氣弱電管道、排水管道、前室、機械室、安全梯、垃圾車位兼汽車充電區、冷藏設備、垃圾暫存區、住宅棟雨水機房、汽車坡道、住宅棟消防泵浦室、機電設備空間、訪客臨停車位及汽車充電區、住宅生活水箱、住宅水箱及泵浦室、住宅泳池水箱、住宅棟機車停車空間、機車坡道、自行車停車空間、噴灌機房、自來水箱、住宅棟台電配電場所Ｂ、台電管道間、水池機房、給排水管道、走道、住宅電信室、住宅棟發電機房、管理員室、大廳（梯廳）、儲藏室、台電管道間、特安梯一、消防管道、進風管道、排煙室二、無障礙兼特安梯二、陽台、、住宅棟中繼台電配電場所Ｃ、中繼水箱及泵浦室、弱電管道、客梯、機電空間、停車空間、資源回收室、進氣排煙管道、排煙室三、電氣管道等５２項。,鋼骨構造,114年10月23日,四十六層,,持分移轉
RPQNMLKKJHLGFAF27DA,,.10,共有部分；本共有部分項目有：緊急升降梯兼無障礙、消防給排水管道、梯廳、給水管道、電氣弱電管道、排水管道、前室、機械室、安全梯、垃圾車位兼汽車充電區、冷藏設備、垃圾暫存區、住宅棟雨水機房、汽車坡道、住宅棟消防泵浦室、機電設備空間、訪客臨停車位及汽車充電區、住宅生活水箱、住宅水箱及泵浦室、住宅泳池水箱、住宅棟機車停車空間、機車坡道、自行車停車空間、噴灌機房、自來水箱、住宅棟台電配電場所Ｂ、台電管道間、水池機房、給排水管道、走道、住宅電信室、住宅棟發電機房、管理員室、大廳（梯廳）、儲藏室、台電管道間、特安梯一、消防管道、進風管道、排煙室二、無障礙兼特安梯二、陽台、、住宅棟中繼台電配電場所Ｃ、中繼水箱及泵浦室、弱電管道、客梯、機電空間、停車空間、資源回收室、進氣排煙管道、排煙室三、電氣管道等５２項。,鋼骨構造,114年10月23日,四十六層,,持分移轉
RPQNMLKKJHLGFAF27DA,,.10,共有部分；本共有部分項目有：緊急升降梯兼無障礙、消防給排水管道、梯廳、給水管道、電氣弱電管道、排水管道、前室、機械室、安全梯、垃圾車位兼汽車充電區、冷藏設備、垃圾暫存區、住宅棟雨水機房、汽車坡道、住宅棟消防泵浦室、機電設備空間、訪客臨停車位及汽車充電區、住宅生活水箱、住宅水箱及泵浦室、住宅泳池水箱、住宅棟機車停車空間、機車坡道、自行車停車空間、噴灌機房、自來水箱、住宅棟台電配電場所Ｂ、台電管道間、水池機房、給排水管道、走道、住宅電信室、住宅棟發電機房、管理員室、大廳（梯廳）、儲藏室、台電管道間、特安梯一、消防管道、進風管道、排煙室二、無障礙兼特安梯二、陽台、、住宅棟中繼台電配電場所Ｃ、中繼水箱及泵浦室、弱電管道、客梯、機電空間、停車空間、資源回收室、進氣排煙管道、排煙室三、電氣管道等５２項。,鋼骨構造,114年10月23日,四十六層,,持分移轉
RPQNMLKKJHLGFAF27DA,,50.47,共有部分；本共有部分項目有：特安梯一、梯廳、管道間、進氣排煙管道、排煙室一、排煙室三、緊急升降梯兼無障礙、電氣管道、台電管道間、消防給排水管道、客梯、給水管道、弱電管道、排煙室二、無障礙兼特安梯二、給排水管道、給排水空調管道、梯廳（前室）、陽台、雨遮、儲藏室、管委會空間、游泳池、機電設備空間、走道、廁所、梯廳兼排煙室三、廚房、男廁、女廁、設備空間、緊急升降梯兼行動不便、連結泵浦、屋頂消防專用水箱、安全梯、進氣排煙、電梯機房、自來水箱、設備機房、排煙管道等４０項。,鋼骨構造,114年10月23日,四十六層,,持分移轉
RPWOMLQLJHLGFAF68DA,,.66,餐飲場所,鋼骨構造,114年10月23日,四十六層,一層,持分移轉
RPWOMLQLJHLGFAF68DA,,144.81,集合住宅,鋼骨構造,114年10月23日,四十六層,十層 陽台 雨遮,全筆移轉
RPWOMLQLJHLGFAF68DA,,.63,餐飲場所,鋼骨構造,114年10月23日,四十六層,一層,持分移轉
RPWOMLQLJHLGFAF68DA,,.01,共有部分；本共有部分項目有：排氣管道、排氣機房、排煙管道、進氣機房、進氣管道等５項。,鋼骨構造,114年10月23日,四十六層,,持分移轉
RPWOMLQLJHLGFAF68DA,,1.82,共有部分；本共有部分項目有：排氣管道、排氣機房、排煙管道、進氣機房、進氣管道等５項。,鋼骨構造,114年10月23日,四十六層,,持分移轉
RPWOMLQLJHLGFAF68DA,,.01,共有部分；本共有部分項目有：排氣管道、排氣機房、排煙管道、進氣機房、進氣管道等５項。,鋼骨構造,114年10月23日,四十六層,,持分移轉
RPWOMLQLJHLGFAF68DA,,77.37,共有部分；本共有部分項目有：緊急升降梯兼無障礙、消防給排水管道、梯廳、給水管道、電氣弱電管道、排水管道、前室、機械室、安全梯、垃圾車位兼汽車充電區、冷藏設備、垃圾暫存區、住宅棟雨水機房、汽車坡道、住宅棟消防泵浦室、機電設備空間、訪客臨停車位及汽車充電區、住宅生活水箱、住宅水箱及泵浦室、住宅泳池水箱、住宅棟機車停車空間、機車坡道、自行車停車空間、噴灌機房、自來水箱、住宅棟台電配電場所Ｂ、台電管道間、水池機房、給排水管道、走道、住宅電信室、住宅棟發電機房、管理員室、大廳（梯廳）、儲藏室、台電管道間、特安梯一、消防管道、進風管道、排煙室二、無障礙兼特安梯二、陽台、、住宅棟中繼台電配電場所Ｃ、中繼水箱及泵浦室、弱電管道、客梯、機電空間、停車空間、資源回收室、進氣排煙管道、排煙室三、電氣管道等５２項。,鋼骨構造,114年10月23日,四十六層,,持分移轉
RPWOMLQLJHLGFAF68DA,,.10,共有部分；本共有部分項目有：緊急升降梯兼無障礙、消防給排水管道、梯廳、給水管道、電氣弱電管道、排水管道、前室、機械室、安全梯、垃圾車位兼汽車充電區、冷藏設備、垃圾暫存區、住宅棟雨水機房、汽車坡道、住宅棟消防泵浦室、機電設備空間、訪客臨停車位及汽車充電區、住宅生活水箱、住宅水箱及泵浦室、住宅泳池水箱、住宅棟機車停車空間、機車坡道、自行車停車空間、噴灌機房、自來水箱、住宅棟台電配電場所Ｂ、台電管道間、水池機房、給排水管道、走道、住宅電信室、住宅棟發電機房、管理員室、大廳（梯廳）、儲藏室、台電管道間、特安梯一、消防管道、進風管道、排煙室二、無障礙兼特安梯二、陽台、、住宅棟中繼台電配電場所Ｃ、中繼水箱及泵浦室、弱電管道、客梯、機電空間、停車空間、資源回收室、進氣排煙管道、排煙室三、電氣管道等５２項。,鋼骨構造,114年10月23日,四十六層,,持分移轉
RPWOMLQLJHLGFAF68DA,,.10,共有部分；本共有部分項目有：緊急升降梯兼無障礙、消防給排水管道、梯廳、給水管道、電氣弱電管道、排水管道、前室、機械室、安全梯、垃圾車位兼汽車充電區、冷藏設備、垃圾暫存區、住宅棟雨水機房、汽車坡道、住宅棟消防泵浦室、機電設備空間、訪客臨停車位及汽車充電區、住宅生活水箱、住宅水箱及泵浦室、住宅泳池水箱、住宅棟機車停車空間、機車坡道、自行車停車空間、噴灌機房、自來水箱、住宅棟台電配電場所Ｂ、台電管道間、水池機房、給排水管道、走道、住宅電信室、住宅棟發電機房、管理員室、大廳（梯廳）、儲藏室、台電管道間、特安梯一、消防管道、進風管道、排煙室二、無障礙兼特安梯二、陽台、、住宅棟中繼台電配電場所Ｃ、中繼水箱及泵浦室、弱電管道、客梯、機電空間、停車空間、資源回收室、進氣排煙管道、排煙室三、電氣管道等５２項。,鋼骨構造,114年10月23日,四十六層,,持分移轉
RPWOMLQLJHLGFAF68DA,,49.77,共有部分；本共有部分項目有：特安梯一、梯廳、管道間、進氣排煙管道、排煙室一、排煙室三、緊急升降梯兼無障礙、電氣管道、台電管道間、消防給排水管道、客梯、給水管道、弱電管道、排煙室二、無障礙兼特安梯二、給排水管道、給排水空調管道、梯廳（前室）、陽台、雨遮、儲藏室、管委會空間、游泳池、機電設備空間、走道、廁所、梯廳兼排煙室三、廚房、男廁、女廁、設備空間、緊急升降梯兼行動不便、連結泵浦、屋頂消防專用水箱、安全梯、進氣排煙、電梯機房、自來水箱、設備機房、排煙管道等４０項。,鋼骨構造,114年10月23日,四十六層,,持分移轉
RPXPMLLKJHLGFAF28DA,,.47,餐飲場所,鋼骨構造,114年10月23日,四十六層,一層,持分移轉
RPXPMLLKJHLGFAF28DA,,104.70,集合住宅,鋼骨構造,114年10月23日,四十六層,八層 陽台 雨遮,全筆移轉
RPXPMLLKJHLGFAF28DA,,.45,餐飲場所,鋼骨構造,114年10月23日,四十六層,一層,持分移轉
RPXPMLLKJHLGFAF28DA,,.01,共有部分；本共有部分項目有：排氣管道、排氣機房、排煙管道、進氣機房、進氣管道等５項。,鋼骨構造,114年10月23日,四十六層,,持分移轉
RPXPMLLKJHLGFAF28DA,,1.32,共有部分；本共有部分項目有：排氣管道、排氣機房、排煙管道、進氣機房、進氣管道等５項。,鋼骨構造,114年10月23日,四十六層,,持分移轉
RPXPMLLKJHLGFAF28DA,,.01,共有部分；本共有部分項目有：排氣管道、排氣機房、排煙管道、進氣機房、進氣管道等５項。,鋼骨構造,114年10月23日,四十六層,,持分移轉
RPXPMLLKJHLGFAF28DA,,70.83,共有部分；本共有部分項目有：緊急升降梯兼無障礙、消防給排水管道、梯廳、給水管道、電氣弱電管道、排水管道、前室、機械室、安全梯、垃圾車位兼汽車充電區、冷藏設備、垃圾暫存區、住宅棟雨水機房、汽車坡道、住宅棟消防泵浦室、機電設備空間、訪客臨停車位及汽車充電區、住宅生活水箱、住宅水箱及泵浦室、住宅泳池水箱、住宅棟機車停車空間、機車坡道、自行車停車空間、噴灌機房、自來水箱、住宅棟台電配電場所Ｂ、台電管道間、水池機房、給排水管道、走道、住宅電信室、住宅棟發電機房、管理員室、大廳（梯廳）、儲藏室、台電管道間、特安梯一、消防管道、進風管道、排煙室二、無障礙兼特安梯二、陽台、、住宅棟中繼台電配電場所Ｃ、中繼水箱及泵浦室、弱電管道、客梯、機電空間、停車空間、資源回收室、進氣排煙管道、排煙室三、電氣管道等５２項。,鋼骨構造,114年10月23日,四十六層,,持分移轉
RPXPMLLKJHLGFAF28DA,,.07,共有部分；本共有部分項目有：緊急升降梯兼無障礙、消防給排水管道、梯廳、給水管道、電氣弱電管道、排水管道、前室、機械室、安全梯、垃圾車位兼汽車充電區、冷藏設備、垃圾暫存區、住宅棟雨水機房、汽車坡道、住宅棟消防泵浦室、機電設備空間、訪客臨停車位及汽車充電區、住宅生活水箱、住宅水箱及泵浦室、住宅泳池水箱、住宅棟機車停車空間、機車坡道、自行車停車空間、噴灌機房、自來水箱、住宅棟台電配電場所Ｂ、台電管道間、水池機房、給排水管道、走道、住宅電信室、住宅棟發電機房、管理員室、大廳（梯廳）、儲藏室、台電管道間、特安梯一、消防管道、進風管道、排煙室二、無障礙兼特安梯二、陽台、、住宅棟中繼台電配電場所Ｃ、中繼水箱及泵浦室、弱電管道、客梯、機電空間、停車空間、資源回收室、進氣排煙管道、排煙室三、電氣管道等５２項。,鋼骨構造,114年10月23日,四十六層,,持分移轉
RPXPMLLKJHLGFAF28DA,,.07,共有部分；本共有部分項目有：緊急升降梯兼無障礙、消防給排水管道、梯廳、給水管道、電氣弱電管道、排水管道、前室、機械室、安全梯、垃圾車位兼汽車充電區、冷藏設備、垃圾暫存區、住宅棟雨水機房、汽車坡道、住宅棟消防泵浦室、機電設備空間、訪客臨停車位及汽車充電區、住宅生活水箱、住宅水箱及泵浦室、住宅泳池水箱、住宅棟機車停車空間、機車坡道、自行車停車空間、噴灌機房、自來水箱、住宅棟台電配電場所Ｂ、台電管道間、水池機房、給排水管道、走道、住宅電信室、住宅棟發電機房、管理員室、大廳（梯廳）、儲藏室、台電管道間、特安梯一、消防管道、進風管道、排煙室二、無障礙兼特安梯二、陽台、、住宅棟中繼台電配電場所Ｃ、中繼水箱及泵浦室、弱電管道、客梯、機電空間、停車空間、資源回收室、進氣排煙管道、排煙室三、電氣管道等５２項。,鋼骨構造,114年10月23日,四十六層,,持分移轉
RPXPMLLKJHLGFAF28DA,,35.91,共有部分；本共有部分項目有：特安梯一、梯廳、管道間、進氣排煙管道、排煙室一、排煙室三、緊急升降梯兼無障礙、電氣管道、台電管道間、消防給排水管道、客梯、給水管道、弱電管道、排煙室二、無障礙兼特安梯二、給排水管道、給排水空調管道、梯廳（前室）、陽台、雨遮、儲藏室、管委會空間、游泳池、機電設備空間、走道、廁所、梯廳兼排煙室三、廚房、男廁、女廁、設備空間、緊急升降梯兼行動不便、連結泵浦、屋頂消防專用水箱、安全梯、進氣排煙、電梯機房、自來水箱、設備機房、排煙管道等４０項。,鋼骨構造,114年10月23日,四十六層,,持分移轉
RPWQMLKKJHLGFAF18DA,,.47,餐飲場所,鋼骨構造,114年10月23日,四十六層,一層,持分移轉
RPWQMLKKJHLGFAF18DA,,104.32,集合住宅,鋼骨構造,114年10月23日,四十六層,九層 陽台 雨遮,全筆移轉
RPWQMLKKJHLGFAF18DA,,.45,餐飲場所,鋼骨構造,114年10月23日,四十六層,一層,持分移轉
RPRRMLKKJHLGFAF77DA,,.47,餐飲場所,鋼骨構造,114年10月23日,四十六層,一層,持分移轉
RPWQMLKKJHLGFAF18DA,,.01,共有部分；本共有部分項目有：排氣管道、排氣機房、排煙管道、進氣機房、進氣管道等５項。,鋼骨構造,114年10月23日,四十六層,,持分移轉
RPWQMLKKJHLGFAF18DA,,1.32,共有部分；本共有部分項目有：排氣管道、排氣機房、排煙管道、進氣機房、進氣管道等５項。,鋼骨構造,114年10月23日,四十六層,,持分移轉
RPRRMLKKJHLGFAF77DA,,104.32,集合住宅,鋼骨構造,114年10月23日,四十六層,十五層 陽台 雨遮,全筆移轉
RPWQMLKKJHLGFAF18DA,,.01,共有部分；本共有部分項目有：排氣管道、排氣機房、排煙管道、進氣機房、進氣管道等５項。,鋼骨構造,114年10月23日,四十六層,,持分移轉
RPWQMLKKJHLGFAF18DA,,43.68,共有部分；本共有部分項目有：緊急升降梯兼無障礙、消防給排水管道、梯廳、給水管道、電氣弱電管道、排水管道、前室、機械室、安全梯、垃圾車位兼汽車充電區、冷藏設備、垃圾暫存區、住宅棟雨水機房、汽車坡道、住宅棟消防泵浦室、機電設備空間、訪客臨停車位及汽車充電區、住宅生活水箱、住宅水箱及泵浦室、住宅泳池水箱、住宅棟機車停車空間、機車坡道、自行車停車空間、噴灌機房、自來水箱、住宅棟台電配電場所Ｂ、台電管道間、水池機房、給排水管道、走道、住宅電信室、住宅棟發電機房、管理員室、大廳（梯廳）、儲藏室、台電管道間、特安梯一、消防管道、進風管道、排煙室二、無障礙兼特安梯二、陽台、、住宅棟中繼台電配電場所Ｃ、中繼水箱及泵浦室、弱電管道、客梯、機電空間、停車空間、資源回收室、進氣排煙管道、排煙室三、電氣管道等５２項。,鋼骨構造,114年10月23日,四十六層,,持分移轉
RPRRMLKKJHLGFAF77DA,,.45,餐飲場所,鋼骨構造,114年10月23日,四十六層,一層,持分移轉
RPWQMLKKJHLGFAF18DA,,.07,共有部分；本共有部分項目有：緊急升降梯兼無障礙、消防給排水管道、梯廳、給水管道、電氣弱電管道、排水管道、前室、機械室、安全梯、垃圾車位兼汽車充電區、冷藏設備、垃圾暫存區、住宅棟雨水機房、汽車坡道、住宅棟消防泵浦室、機電設備空間、訪客臨停車位及汽車充電區、住宅生活水箱、住宅水箱及泵浦室、住宅泳池水箱、住宅棟機車停車空間、機車坡道、自行車停車空間、噴灌機房、自來水箱、住宅棟台電配電場所Ｂ、台電管道間、水池機房、給排水管道、走道、住宅電信室、住宅棟發電機房、管理員室、大廳（梯廳）、儲藏室、台電管道間、特安梯一、消防管道、進風管道、排煙室二、無障礙兼特安梯二、陽台、、住宅棟中繼台電配電場所Ｃ、中繼水箱及泵浦室、弱電管道、客梯、機電空間、停車空間、資源回收室、進氣排煙管道、排煙室三、電氣管道等５２項。,鋼骨構造,114年10月23日,四十六層,,持分移轉
RPRRMLKKJHLGFAF77DA,,.01,共有部分；本共有部分項目有：排氣管道、排氣機房、排煙管道、進氣機房、進氣管道等５項。,鋼骨構造,114年10月23日,四十六層,,持分移轉
RPRRMLKKJHLGFAF77DA,,1.32,共有部分；本共有部分項目有：排氣管道、排氣機房、排煙管道、進氣機房、進氣管道等５項。,鋼骨構造,114年10月23日,四十六層,,持分移轉
RPWQMLKKJHLGFAF18DA,,.07,共有部分；本共有部分項目有：緊急升降梯兼無障礙、消防給排水管道、梯廳、給水管道、電氣弱電管道、排水管道、前室、機械室、安全梯、垃圾車位兼汽車充電區、冷藏設備、垃圾暫存區、住宅棟雨水機房、汽車坡道、住宅棟消防泵浦室、機電設備空間、訪客臨停車位及汽車充電區、住宅生活水箱、住宅水箱及泵浦室、住宅泳池水箱、住宅棟機車停車空間、機車坡道、自行車停車空間、噴灌機房、自來水箱、住宅棟台電配電場所Ｂ、台電管道間、水池機房、給排水管道、走道、住宅電信室、住宅棟發電機房、管理員室、大廳（梯廳）、儲藏室、台電管道間、特安梯一、消防管道、進風管道、排煙室二、無障礙兼特安梯二、陽台、、住宅棟中繼台電配電場所Ｃ、中繼水箱及泵浦室、弱電管道、客梯、機電空間、停車空間、資源回收室、進氣排煙管道、排煙室三、電氣管道等５２項。,鋼骨構造,114年10月23日,四十六層,,持分移轉
RPRRMLKKJHLGFAF77DA,,.01,共有部分；本共有部分項目有：排氣管道、排氣機房、排煙管道、進氣機房、進氣管道等５項。,鋼骨構造,114年10月23日,四十六層,,持分移轉
RPWQMLKKJHLGFAF18DA,,35.77,共有部分；本共有部分項目有：特安梯一、梯廳、管道間、進氣排煙管道、排煙室一、排煙室三、緊急升降梯兼無障礙、電氣管道、台電管道間、消防給排水管道、客梯、給水管道、弱電管道、排煙室二、無障礙兼特安梯二、給排水管道、給排水空調管道、梯廳（前室）、陽台、雨遮、儲藏室、管委會空間、游泳池、機電設備空間、走道、廁所、梯廳兼排煙室三、廚房、男廁、女廁、設備空間、緊急升降梯兼行動不便、連結泵浦、屋頂消防專用水箱、安全梯、進氣排煙、電梯機房、自來水箱、設備機房、排煙管道等４０項。,鋼骨構造,114年10月23日,四十六層,,持分移轉
RPRRMLKKJHLGFAF77DA,,43.68,共有部分；本共有部分項目有：緊急升降梯兼無障礙、消防給排水管道、梯廳、給水管道、電氣弱電管道、排水管道、前室、機械室、安全梯、垃圾車位兼汽車充電區、冷藏設備、垃圾暫存區、住宅棟雨水機房、汽車坡道、住宅棟消防泵浦室、機電設備空間、訪客臨停車位及汽車充電區、住宅生活水箱、住宅水箱及泵浦室、住宅泳池水箱、住宅棟機車停車空間、機車坡道、自行車停車空間、噴灌機房、自來水箱、住宅棟台電配電場所Ｂ、台電管道間、水池機房、給排水管道、走道、住宅電信室、住宅棟發電機房、管理員室、大廳（梯廳）、儲藏室、台電管道間、特安梯一、消防管道、進風管道、排煙室二、無障礙兼特安梯二、陽台、、住宅棟中繼台電配電場所Ｃ、中繼水箱及泵浦室、弱電管道、客梯、機電空間、停車空間、資源回收室、進氣排煙管道、排煙室三、電氣管道等５２項。,鋼骨構造,114年10月23日,四十六層,,持分移轉
RPRRMLKKJHLGFAF77DA,,.07,共有部分；本共有部分項目有：緊急升降梯兼無障礙、消防給排水管道、梯廳、給水管道、電氣弱電管道、排水管道、前室、機械室、安全梯、垃圾車位兼汽車充電區、冷藏設備、垃圾暫存區、住宅棟雨水機房、汽車坡道、住宅棟消防泵浦室、機電設備空間、訪客臨停車位及汽車充電區、住宅生活水箱、住宅水箱及泵浦室、住宅泳池水箱、住宅棟機車停車空間、機車坡道、自行車停車空間、噴灌機房、自來水箱、住宅棟台電配電場所Ｂ、台電管道間、水池機房、給排水管道、走道、住宅電信室、住宅棟發電機房、管理員室、大廳（梯廳）、儲藏室、台電管道間、特安梯一、消防管道、進風管道、排煙室二、無障礙兼特安梯二、陽台、、住宅棟中繼台電配電場所Ｃ、中繼水箱及泵浦室、弱電管道、客梯、機電空間、停車空間、資源回收室、進氣排煙管道、排煙室三、電氣管道等５２項。,鋼骨構造,114年10月23日,四十六層,,持分移轉
RPRRMLKKJHLGFAF77DA,,.07,共有部分；本共有部分項目有：緊急升降梯兼無障礙、消防給排水管道、梯廳、給水管道、電氣弱電管道、排水管道、前室、機械室、安全梯、垃圾車位兼汽車充電區、冷藏設備、垃圾暫存區、住宅棟雨水機房、汽車坡道、住宅棟消防泵浦室、機電設備空間、訪客臨停車位及汽車充電區、住宅生活水箱、住宅水箱及泵浦室、住宅泳池水箱、住宅棟機車停車空間、機車坡道、自行車停車空間、噴灌機房、自來水箱、住宅棟台電配電場所Ｂ、台電管道間、水池機房、給排水管道、走道、住宅電信室、住宅棟發電機房、管理員室、大廳（梯廳）、儲藏室、台電管道間、特安梯一、消防管道、進風管道、排煙室二、無障礙兼特安梯二、陽台、、住宅棟中繼台電配電場所Ｃ、中繼水箱及泵浦室、弱電管道、客梯、機電空間、停車空間、資源回收室、進氣排煙管道、排煙室三、電氣管道等５２項。,鋼骨構造,114年10月23日,四十六層,,持分移轉
RPRRMLKKJHLGFAF77DA,,35.77,共有部分；本共有部分項目有：特安梯一、梯廳、管道間、進氣排煙管道、排煙室一、排煙室三、緊急升降梯兼無障礙、電氣管道、台電管道間、消防給排水管道、客梯、給水管道、弱電管道、排煙室二、無障礙兼特安梯二、給排水管道、給排水空調管道、梯廳（前室）、陽台、雨遮、儲藏室、管委會空間、游泳池、機電設備空間、走道、廁所、梯廳兼排煙室三、廚房、男廁、女廁、設備空間、緊急升降梯兼行動不便、連結泵浦、屋頂消防專用水箱、安全梯、進氣排煙、電梯機房、自來水箱、設備機房、排煙管道等４０項。,鋼骨構造,114年10月23日,四十六層,,持分移轉
RPPTMLKKJHLGFAF77DA,,.66,餐飲場所,鋼骨構造,114年10月23日,四十六層,一層,持分移轉
RPPTMLKKJHLGFAF77DA,,144.81,集合住宅,鋼骨構造,114年10月23日,四十六層,七層 陽台 雨遮,全筆移轉
RPPTMLKKJHLGFAF77DA,,.63,餐飲場所,鋼骨構造,114年10月23日,四十六層,一層,持分移轉
RPPTMLKKJHLGFAF77DA,,.01,共有部分；本共有部分項目有：排氣管道、排氣機房、排煙管道、進氣機房、進氣管道等５項。,鋼骨構造,114年10月23日,四十六層,,持分移轉
RPPTMLKKJHLGFAF77DA,,1.82,共有部分；本共有部分項目有：排氣管道、排氣機房、排煙管道、進氣機房、進氣管道等５項。,鋼骨構造,114年10月23日,四十六層,,持分移轉
RPPTMLKKJHLGFAF77DA,,.01,共有部分；本共有部分項目有：排氣管道、排氣機房、排煙管道、進氣機房、進氣管道等５項。,鋼骨構造,114年10月23日,四十六層,,持分移轉
RPPTMLKKJHLGFAF77DA,,75.12,共有部分；本共有部分項目有：緊急升降梯兼無障礙、消防給排水管道、梯廳、給水管道、電氣弱電管道、排水管道、前室、機械室、安全梯、垃圾車位兼汽車充電區、冷藏設備、垃圾暫存區、住宅棟雨水機房、汽車坡道、住宅棟消防泵浦室、機電設備空間、訪客臨停車位及汽車充電區、住宅生活水箱、住宅水箱及泵浦室、住宅泳池水箱、住宅棟機車停車空間、機車坡道、自行車停車空間、噴灌機房、自來水箱、住宅棟台電配電場所Ｂ、台電管道間、水池機房、給排水管道、走道、住宅電信室、住宅棟發電機房、管理員室、大廳（梯廳）、儲藏室、台電管道間、特安梯一、消防管道、進風管道、排煙室二、無障礙兼特安梯二、陽台、、住宅棟中繼台電配電場所Ｃ、中繼水箱及泵浦室、弱電管道、客梯、機電空間、停車空間、資源回收室、進氣排煙管道、排煙室三、電氣管道等５２項。,鋼骨構造,114年10月23日,四十六層,,持分移轉
RPPTMLKKJHLGFAF77DA,,.10,共有部分；本共有部分項目有：緊急升降梯兼無障礙、消防給排水管道、梯廳、給水管道、電氣弱電管道、排水管道、前室、機械室、安全梯、垃圾車位兼汽車充電區、冷藏設備、垃圾暫存區、住宅棟雨水機房、汽車坡道、住宅棟消防泵浦室、機電設備空間、訪客臨停車位及汽車充電區、住宅生活水箱、住宅水箱及泵浦室、住宅泳池水箱、住宅棟機車停車空間、機車坡道、自行車停車空間、噴灌機房、自來水箱、住宅棟台電配電場所Ｂ、台電管道間、水池機房、給排水管道、走道、住宅電信室、住宅棟發電機房、管理員室、大廳（梯廳）、儲藏室、台電管道間、特安梯一、消防管道、進風管道、排煙室二、無障礙兼特安梯二、陽台、、住宅棟中繼台電配電場所Ｃ、中繼水箱及泵浦室、弱電管道、客梯、機電空間、停車空間、資源回收室、進氣排煙管道、排煙室三、電氣管道等５２項。,鋼骨構造,114年10月23日,四十六層,,持分移轉
RPPTMLKKJHLGFAF77DA,,.10,共有部分；本共有部分項目有：緊急升降梯兼無障礙、消防給排水管道、梯廳、給水管道、電氣弱電管道、排水管道、前室、機械室、安全梯、垃圾車位兼汽車充電區、冷藏設備、垃圾暫存區、住宅棟雨水機房、汽車坡道、住宅棟消防泵浦室、機電設備空間、訪客臨停車位及汽車充電區、住宅生活水箱、住宅水箱及泵浦室、住宅泳池水箱、住宅棟機車停車空間、機車坡道、自行車停車空間、噴灌機房、自來水箱、住宅棟台電配電場所Ｂ、台電管道間、水池機房、給排水管道、走道、住宅電信室、住宅棟發電機房、管理員室、大廳（梯廳）、儲藏室、台電管道間、特安梯一、消防管道、進風管道、排煙室二、無障礙兼特安梯二、陽台、、住宅棟中繼台電配電場所Ｃ、中繼水箱及泵浦室、弱電管道、客梯、機電空間、停車空間、資源回收室、進氣排煙管道、排煙室三、電氣管道等５２項。,鋼骨構造,114年10月23日,四十六層,,持分移轉
RPPTMLKKJHLGFAF77DA,,49.77,共有部分；本共有部分項目有：特安梯一、梯廳、管道間、進氣排煙管道、排煙室一、排煙室三、緊急升降梯兼無障礙、電氣管道、台電管道間、消防給排水管道、客梯、給水管道、弱電管道、排煙室二、無障礙兼特安梯二、給排水管道、給排水空調管道、梯廳（前室）、陽台、雨遮、儲藏室、管委會空間、游泳池、機電設備空間、走道、廁所、梯廳兼排煙室三、廚房、男廁、女廁、設備空間、緊急升降梯兼行動不便、連結泵浦、屋頂消防專用水箱、安全梯、進氣排煙、電梯機房、自來水箱、設備機房、排煙管道等４０項。,鋼骨構造,114年10月23日,四十六層,,持分移轉
RPOUMLKKJHLGFAF77DA,,.66,餐飲場所,鋼骨構造,114年10月23日,四十六層,一層,持分移轉
RPOUMLKKJHLGFAF77DA,,144.81,集合住宅,鋼骨構造,114年10月23日,四十六層,十五層 陽台 雨遮,全筆移轉
RPOUMLKKJHLGFAF77DA,,.63,餐飲場所,鋼骨構造,114年10月23日,四十六層,一層,持分移轉
RPOUMLKKJHLGFAF77DA,,.01,共有部分；本共有部分項目有：排氣管道、排氣機房、排煙管道、進氣機房、進氣管道等５項。,鋼骨構造,114年10月23日,四十六層,,持分移轉
RPOUMLKKJHLGFAF77DA,,1.82,共有部分；本共有部分項目有：排氣管道、排氣機房、排煙管道、進氣機房、進氣管道等５項。,鋼骨構造,114年10月23日,四十六層,,持分移轉
RPOUMLKKJHLGFAF77DA,,.01,共有部分；本共有部分項目有：排氣管道、排氣機房、排煙管道、進氣機房、進氣管道等５項。,鋼骨構造,114年10月23日,四十六層,,持分移轉
RPOUMLKKJHLGFAF77DA,,50.22,共有部分；本共有部分項目有：緊急升降梯兼無障礙、消防給排水管道、梯廳、給水管道、電氣弱電管道、排水管道、前室、機械室、安全梯、垃圾車位兼汽車充電區、冷藏設備、垃圾暫存區、住宅棟雨水機房、汽車坡道、住宅棟消防泵浦室、機電設備空間、訪客臨停車位及汽車充電區、住宅生活水箱、住宅水箱及泵浦室、住宅泳池水箱、住宅棟機車停車空間、機車坡道、自行車停車空間、噴灌機房、自來水箱、住宅棟台電配電場所Ｂ、台電管道間、水池機房、給排水管道、走道、住宅電信室、住宅棟發電機房、管理員室、大廳（梯廳）、儲藏室、台電管道間、特安梯一、消防管道、進風管道、排煙室二、無障礙兼特安梯二、陽台、、住宅棟中繼台電配電場所Ｃ、中繼水箱及泵浦室、弱電管道、客梯、機電空間、停車空間、資源回收室、進氣排煙管道、排煙室三、電氣管道等５２項。,鋼骨構造,114年10月23日,四十六層,,持分移轉
RPOUMLKKJHLGFAF77DA,,.10,共有部分；本共有部分項目有：緊急升降梯兼無障礙、消防給排水管道、梯廳、給水管道、電氣弱電管道、排水管道、前室、機械室、安全梯、垃圾車位兼汽車充電區、冷藏設備、垃圾暫存區、住宅棟雨水機房、汽車坡道、住宅棟消防泵浦室、機電設備空間、訪客臨停車位及汽車充電區、住宅生活水箱、住宅水箱及泵浦室、住宅泳池水箱、住宅棟機車停車空間、機車坡道、自行車停車空間、噴灌機房、自來水箱、住宅棟台電配電場所Ｂ、台電管道間、水池機房、給排水管道、走道、住宅電信室、住宅棟發電機房、管理員室、大廳（梯廳）、儲藏室、台電管道間、特安梯一、消防管道、進風管道、排煙室二、無障礙兼特安梯二、陽台、、住宅棟中繼台電配電場所Ｃ、中繼水箱及泵浦室、弱電管道、客梯、機電空間、停車空間、資源回收室、進氣排煙管道、排煙室三、電氣管道等５２項。,鋼骨構造,114年10月23日,四十六層,,持分移轉
RPOUMLKKJHLGFAF77DA,,.10,共有部分；本共有部分項目有：緊急升降梯兼無障礙、消防給排水管道、梯廳、給水管道、電氣弱電管道、排水管道、前室、機械室、安全梯、垃圾車位兼汽車充電區、冷藏設備、垃圾暫存區、住宅棟雨水機房、汽車坡道、住宅棟消防泵浦室、機電設備空間、訪客臨停車位及汽車充電區、住宅生活水箱、住宅水箱及泵浦室、住宅泳池水箱、住宅棟機車停車空間、機車坡道、自行車停車空間、噴灌機房、自來水箱、住宅棟台電配電場所Ｂ、台電管道間、水池機房、給排水管道、走道、住宅電信室、住宅棟發電機房、管理員室、大廳（梯廳）、儲藏室、台電管道間、特安梯一、消防管道、進風管道、排煙室二、無障礙兼特安梯二、陽台、、住宅棟中繼台電配電場所Ｃ、中繼水箱及泵浦室、弱電管道、客梯、機電空間、停車空間、資源回收室、進氣排煙管道、排煙室三、電氣管道等５２項。,鋼骨構造,114年10月23日,四十六層,,持分移轉
RPOUMLKKJHLGFAF77DA,,49.77,共有部分；本共有部分項目有：特安梯一、梯廳、管道間、進氣排煙管道、排煙室一、排煙室三、緊急升降梯兼無障礙、電氣管道、台電管道間、消防給排水管道、客梯、給水管道、弱電管道、排煙室二、無障礙兼特安梯二、給排水管道、給排水空調管道、梯廳（前室）、陽台、雨遮、儲藏室、管委會空間、游泳池、機電設備空間、走道、廁所、梯廳兼排煙室三、廚房、男廁、女廁、設備空間、緊急升降梯兼行動不便、連結泵浦、屋頂消防專用水箱、安全梯、進氣排煙、電梯機房、自來水箱、設備機房、排煙管道等４０項。,鋼骨構造,114年10月23日,四十六層,,持分移轉
RPTPMLNLMHLGFAF48DA,,1.03,餐飲場所,鋼骨構造,114年10月23日,四十六層,一層,持分移轉
RPTPMLNLMHLGFAF48DA,,229.67,集合住宅,鋼骨構造,114年10月23日,四十六層,三十八層 陽台 雨遮,全筆移轉
RPTPMLNLMHLGFAF48DA,,.99,餐飲場所,鋼骨構造,114年10月23日,四十六層,一層,持分移轉
RPTPMLNLMHLGFAF48DA,,.01,共有部分；本共有部分項目有：排氣管道、排氣機房、排煙管道、進氣機房、進氣管道等５項。,鋼骨構造,114年10月23日,四十六層,,持分移轉
RPTPMLNLMHLGFAF48DA,,2.90,共有部分；本共有部分項目有：排氣管道、排氣機房、排煙管道、進氣機房、進氣管道等５項。,鋼骨構造,114年10月23日,四十六層,,持分移轉
RPTPMLNLMHLGFAF48DA,,.01,共有部分；本共有部分項目有：排氣管道、排氣機房、排煙管道、進氣機房、進氣管道等５項。,鋼骨構造,114年10月23日,四十六層,,持分移轉
RPTPMLNLMHLGFAF48DA,,117.79,共有部分；本共有部分項目有：緊急升降梯兼無障礙、消防給排水管道、梯廳、給水管道、電氣弱電管道、排水管道、前室、機械室、安全梯、垃圾車位兼汽車充電區、冷藏設備、垃圾暫存區、住宅棟雨水機房、汽車坡道、住宅棟消防泵浦室、機電設備空間、訪客臨停車位及汽車充電區、住宅生活水箱、住宅水箱及泵浦室、住宅泳池水箱、住宅棟機車停車空間、機車坡道、自行車停車空間、噴灌機房、自來水箱、住宅棟台電配電場所Ｂ、台電管道間、水池機房、給排水管道、走道、住宅電信室、住宅棟發電機房、管理員室、大廳（梯廳）、儲藏室、台電管道間、特安梯一、消防管道、進風管道、排煙室二、無障礙兼特安梯二、陽台、、住宅棟中繼台電配電場所Ｃ、中繼水箱及泵浦室、弱電管道、客梯、機電空間、停車空間、資源回收室、進氣排煙管道、排煙室三、電氣管道等５２項。,鋼骨構造,114年10月23日,四十六層,,持分移轉
RPTPMLNLMHLGFAF48DA,,.16,共有部分；本共有部分項目有：緊急升降梯兼無障礙、消防給排水管道、梯廳、給水管道、電氣弱電管道、排水管道、前室、機械室、安全梯、垃圾車位兼汽車充電區、冷藏設備、垃圾暫存區、住宅棟雨水機房、汽車坡道、住宅棟消防泵浦室、機電設備空間、訪客臨停車位及汽車充電區、住宅生活水箱、住宅水箱及泵浦室、住宅泳池水箱、住宅棟機車停車空間、機車坡道、自行車停車空間、噴灌機房、自來水箱、住宅棟台電配電場所Ｂ、台電管道間、水池機房、給排水管道、走道、住宅電信室、住宅棟發電機房、管理員室、大廳（梯廳）、儲藏室、台電管道間、特安梯一、消防管道、進風管道、排煙室二、無障礙兼特安梯二、陽台、、住宅棟中繼台電配電場所Ｃ、中繼水箱及泵浦室、弱電管道、客梯、機電空間、停車空間、資源回收室、進氣排煙管道、排煙室三、電氣管道等５２項。,鋼骨構造,114年10月23日,四十六層,,持分移轉
RPTPMLNLMHLGFAF48DA,,.16,共有部分；本共有部分項目有：緊急升降梯兼無障礙、消防給排水管道、梯廳、給水管道、電氣弱電管道、排水管道、前室、機械室、安全梯、垃圾車位兼汽車充電區、冷藏設備、垃圾暫存區、住宅棟雨水機房、汽車坡道、住宅棟消防泵浦室、機電設備空間、訪客臨停車位及汽車充電區、住宅生活水箱、住宅水箱及泵浦室、住宅泳池水箱、住宅棟機車停車空間、機車坡道、自行車停車空間、噴灌機房、自來水箱、住宅棟台電配電場所Ｂ、台電管道間、水池機房、給排水管道、走道、住宅電信室、住宅棟發電機房、管理員室、大廳（梯廳）、儲藏室、台電管道間、特安梯一、消防管道、進風管道、排煙室二、無障礙兼特安梯二、陽台、、住宅棟中繼台電配電場所Ｃ、中繼水箱及泵浦室、弱電管道、客梯、機電空間、停車空間、資源回收室、進氣排煙管道、排煙室三、電氣管道等５２項。,鋼骨構造,114年10月23日,四十六層,,持分移轉
RPTPMLNLMHLGFAF48DA,,78.89,共有部分；本共有部分項目有：特安梯一、梯廳、管道間、進氣排煙管道、排煙室一、排煙室三、緊急升降梯兼無障礙、電氣管道、台電管道間、消防給排水管道、客梯、給水管道、弱電管道、排煙室二、無障礙兼特安梯二、給排水管道、給排水空調管道、梯廳（前室）、陽台、雨遮、儲藏室、管委會空間、游泳池、機電設備空間、走道、廁所、梯廳兼排煙室三、廚房、男廁、女廁、設備空間、緊急升降梯兼行動不便、連結泵浦、屋頂消防專用水箱、安全梯、進氣排煙、電梯機房、自來水箱、設備機房、排煙管道等４０項。,鋼骨構造,114年10月23日,四十六層,,持分移轉
RPWVMLKKJHLGFAF68DA,,.80,餐飲場所,鋼骨構造,114年10月23日,四十六層,一層,持分移轉
RPWVMLKKJHLGFAF68DA,,177.73,集合住宅,鋼骨構造,114年10月23日,四十六層,十三層 陽台 雨遮,全筆移轉
RPWVMLKKJHLGFAF68DA,,.78,餐飲場所,鋼骨構造,114年10月23日,四十六層,一層,持分移轉
RPWVMLKKJHLGFAF68DA,,.01,共有部分；本共有部分項目有：排氣管道、排氣機房、排煙管道、進氣機房、進氣管道等５項。,鋼骨構造,114年10月23日,四十六層,,持分移轉
RPWVMLKKJHLGFAF68DA,,2.24,共有部分；本共有部分項目有：排氣管道、排氣機房、排煙管道、進氣機房、進氣管道等５項。,鋼骨構造,114年10月23日,四十六層,,持分移轉
RPWVMLKKJHLGFAF68DA,,.01,共有部分；本共有部分項目有：排氣管道、排氣機房、排煙管道、進氣機房、進氣管道等５項。,鋼骨構造,114年10月23日,四十六層,,持分移轉
RPWVMLKKJHLGFAF68DA,,82.47,共有部分；本共有部分項目有：緊急升降梯兼無障礙、消防給排水管道、梯廳、給水管道、電氣弱電管道、排水管道、前室、機械室、安全梯、垃圾車位兼汽車充電區、冷藏設備、垃圾暫存區、住宅棟雨水機房、汽車坡道、住宅棟消防泵浦室、機電設備空間、訪客臨停車位及汽車充電區、住宅生活水箱、住宅水箱及泵浦室、住宅泳池水箱、住宅棟機車停車空間、機車坡道、自行車停車空間、噴灌機房、自來水箱、住宅棟台電配電場所Ｂ、台電管道間、水池機房、給排水管道、走道、住宅電信室、住宅棟發電機房、管理員室、大廳（梯廳）、儲藏室、台電管道間、特安梯一、消防管道、進風管道、排煙室二、無障礙兼特安梯二、陽台、、住宅棟中繼台電配電場所Ｃ、中繼水箱及泵浦室、弱電管道、客梯、機電空間、停車空間、資源回收室、進氣排煙管道、排煙室三、電氣管道等５２項。,鋼骨構造,114年10月23日,四十六層,,持分移轉
RPWVMLKKJHLGFAF68DA,,.12,共有部分；本共有部分項目有：緊急升降梯兼無障礙、消防給排水管道、梯廳、給水管道、電氣弱電管道、排水管道、前室、機械室、安全梯、垃圾車位兼汽車充電區、冷藏設備、垃圾暫存區、住宅棟雨水機房、汽車坡道、住宅棟消防泵浦室、機電設備空間、訪客臨停車位及汽車充電區、住宅生活水箱、住宅水箱及泵浦室、住宅泳池水箱、住宅棟機車停車空間、機車坡道、自行車停車空間、噴灌機房、自來水箱、住宅棟台電配電場所Ｂ、台電管道間、水池機房、給排水管道、走道、住宅電信室、住宅棟發電機房、管理員室、大廳（梯廳）、儲藏室、台電管道間、特安梯一、消防管道、進風管道、排煙室二、無障礙兼特安梯二、陽台、、住宅棟中繼台電配電場所Ｃ、中繼水箱及泵浦室、弱電管道、客梯、機電空間、停車空間、資源回收室、進氣排煙管道、排煙室三、電氣管道等５２項。,鋼骨構造,114年10月23日,四十六層,,持分移轉
RPWVMLKKJHLGFAF68DA,,.13,共有部分；本共有部分項目有：緊急升降梯兼無障礙、消防給排水管道、梯廳、給水管道、電氣弱電管道、排水管道、前室、機械室、安全梯、垃圾車位兼汽車充電區、冷藏設備、垃圾暫存區、住宅棟雨水機房、汽車坡道、住宅棟消防泵浦室、機電設備空間、訪客臨停車位及汽車充電區、住宅生活水箱、住宅水箱及泵浦室、住宅泳池水箱、住宅棟機車停車空間、機車坡道、自行車停車空間、噴灌機房、自來水箱、住宅棟台電配電場所Ｂ、台電管道間、水池機房、給排水管道、走道、住宅電信室、住宅棟發電機房、管理員室、大廳（梯廳）、儲藏室、台電管道間、特安梯一、消防管道、進風管道、排煙室二、無障礙兼特安梯二、陽台、、住宅棟中繼台電配電場所Ｃ、中繼水箱及泵浦室、弱電管道、客梯、機電空間、停車空間、資源回收室、進氣排煙管道、排煙室三、電氣管道等５２項。,鋼骨構造,114年10月23日,四十六層,,持分移轉
RPWVMLKKJHLGFAF68DA,,61.08,共有部分；本共有部分項目有：特安梯一、梯廳、管道間、進氣排煙管道、排煙室一、排煙室三、緊急升降梯兼無障礙、電氣管道、台電管道間、消防給排水管道、客梯、給水管道、弱電管道、排煙室二、無障礙兼特安梯二、給排水管道、給排水空調管道、梯廳（前室）、陽台、雨遮、儲藏室、管委會空間、游泳池、機電設備空間、走道、廁所、梯廳兼排煙室三、廚房、男廁、女廁、設備空間、緊急升降梯兼行動不便、連結泵浦、屋頂消防專用水箱、安全梯、進氣排煙、電梯機房、自來水箱、設備機房、排煙管道等４０項。,鋼骨構造,114年10月23日,四十六層,,持分移轉
RPWNMLLKJHLGFAF97DA,,.47,餐飲場所,鋼骨構造,114年10月23日,四十六層,一層,持分移轉
RPWNMLLKJHLGFAF97DA,,105.53,集合住宅,鋼骨構造,114年10月23日,四十六層,十一層 陽台 雨遮,全筆移轉
RPWNMLLKJHLGFAF97DA,,.45,餐飲場所,鋼骨構造,114年10月23日,四十六層,一層,持分移轉
RPWNMLLKJHLGFAF97DA,,.01,共有部分；本共有部分項目有：排氣管道、排氣機房、排煙管道、進氣機房、進氣管道等５項。,鋼骨構造,114年10月23日,四十六層,,持分移轉
RPWNMLLKJHLGFAF97DA,,1.33,共有部分；本共有部分項目有：排氣管道、排氣機房、排煙管道、進氣機房、進氣管道等５項。,鋼骨構造,114年10月23日,四十六層,,持分移轉
RPWNMLLKJHLGFAF97DA,,.01,共有部分；本共有部分項目有：排氣管道、排氣機房、排煙管道、進氣機房、進氣管道等５項。,鋼骨構造,114年10月23日,四十六層,,持分移轉
RPWNMLLKJHLGFAF97DA,,43.89,共有部分；本共有部分項目有：緊急升降梯兼無障礙、消防給排水管道、梯廳、給水管道、電氣弱電管道、排水管道、前室、機械室、安全梯、垃圾車位兼汽車充電區、冷藏設備、垃圾暫存區、住宅棟雨水機房、汽車坡道、住宅棟消防泵浦室、機電設備空間、訪客臨停車位及汽車充電區、住宅生活水箱、住宅水箱及泵浦室、住宅泳池水箱、住宅棟機車停車空間、機車坡道、自行車停車空間、噴灌機房、自來水箱、住宅棟台電配電場所Ｂ、台電管道間、水池機房、給排水管道、走道、住宅電信室、住宅棟發電機房、管理員室、大廳（梯廳）、儲藏室、台電管道間、特安梯一、消防管道、進風管道、排煙室二、無障礙兼特安梯二、陽台、、住宅棟中繼台電配電場所Ｃ、中繼水箱及泵浦室、弱電管道、客梯、機電空間、停車空間、資源回收室、進氣排煙管道、排煙室三、電氣管道等５２項。,鋼骨構造,114年10月23日,四十六層,,持分移轉
RPWNMLLKJHLGFAF97DA,,.07,共有部分；本共有部分項目有：緊急升降梯兼無障礙、消防給排水管道、梯廳、給水管道、電氣弱電管道、排水管道、前室、機械室、安全梯、垃圾車位兼汽車充電區、冷藏設備、垃圾暫存區、住宅棟雨水機房、汽車坡道、住宅棟消防泵浦室、機電設備空間、訪客臨停車位及汽車充電區、住宅生活水箱、住宅水箱及泵浦室、住宅泳池水箱、住宅棟機車停車空間、機車坡道、自行車停車空間、噴灌機房、自來水箱、住宅棟台電配電場所Ｂ、台電管道間、水池機房、給排水管道、走道、住宅電信室、住宅棟發電機房、管理員室、大廳（梯廳）、儲藏室、台電管道間、特安梯一、消防管道、進風管道、排煙室二、無障礙兼特安梯二、陽台、、住宅棟中繼台電配電場所Ｃ、中繼水箱及泵浦室、弱電管道、客梯、機電空間、停車空間、資源回收室、進氣排煙管道、排煙室三、電氣管道等５２項。,鋼骨構造,114年10月23日,四十六層,,持分移轉
RPWNMLLKJHLGFAF97DA,,.07,共有部分；本共有部分項目有：緊急升降梯兼無障礙、消防給排水管道、梯廳、給水管道、電氣弱電管道、排水管道、前室、機械室、安全梯、垃圾車位兼汽車充電區、冷藏設備、垃圾暫存區、住宅棟雨水機房、汽車坡道、住宅棟消防泵浦室、機電設備空間、訪客臨停車位及汽車充電區、住宅生活水箱、住宅水箱及泵浦室、住宅泳池水箱、住宅棟機車停車空間、機車坡道、自行車停車空間、噴灌機房、自來水箱、住宅棟台電配電場所Ｂ、台電管道間、水池機房、給排水管道、走道、住宅電信室、住宅棟發電機房、管理員室、大廳（梯廳）、儲藏室、台電管道間、特安梯一、消防管道、進風管道、排煙室二、無障礙兼特安梯二、陽台、、住宅棟中繼台電配電場所Ｃ、中繼水箱及泵浦室、弱電管道、客梯、機電空間、停車空間、資源回收室、進氣排煙管道、排煙室三、電氣管道等５２項。,鋼骨構造,114年10月23日,四十六層,,持分移轉
RPWNMLLKJHLGFAF97DA,,36.19,共有部分；本共有部分項目有：特安梯一、梯廳、管道間、進氣排煙管道、排煙室一、排煙室三、緊急升降梯兼無障礙、電氣管道、台電管道間、消防給排水管道、客梯、給水管道、弱電管道、排煙室二、無障礙兼特安梯二、給排水管道、給排水空調管道、梯廳（前室）、陽台、雨遮、儲藏室、管委會空間、游泳池、機電設備空間、走道、廁所、梯廳兼排煙室三、廚房、男廁、女廁、設備空間、緊急升降梯兼行動不便、連結泵浦、屋頂消防專用水箱、安全梯、進氣排煙、電梯機房、自來水箱、設備機房、排煙管道等４０項。,鋼骨構造,114年10月23日,四十六層,,持分移轉
RPUVMLKKJHLGFAF48DA,,.80,餐飲場所,鋼骨構造,114年10月23日,四十六層,一層,持分移轉
RPUVMLKKJHLGFAF48DA,,177.73,集合住宅,鋼骨構造,114年10月23日,四十六層,十一層 陽台 雨遮,全筆移轉
RPUVMLKKJHLGFAF48DA,,.78,餐飲場所,鋼骨構造,114年10月23日,四十六層,一層,持分移轉
RPUVMLKKJHLGFAF48DA,,.01,共有部分；本共有部分項目有：排氣管道、排氣機房、排煙管道、進氣機房、進氣管道等５項。,鋼骨構造,114年10月23日,四十六層,,持分移轉
RPUVMLKKJHLGFAF48DA,,2.24,共有部分；本共有部分項目有：排氣管道、排氣機房、排煙管道、進氣機房、進氣管道等５項。,鋼骨構造,114年10月23日,四十六層,,持分移轉
RPUVMLKKJHLGFAF48DA,,.01,共有部分；本共有部分項目有：排氣管道、排氣機房、排煙管道、進氣機房、進氣管道等５項。,鋼骨構造,114年10月23日,四十六層,,持分移轉
RPUVMLKKJHLGFAF48DA,,82.47,共有部分；本共有部分項目有：緊急升降梯兼無障礙、消防給排水管道、梯廳、給水管道、電氣弱電管道、排水管道、前室、機械室、安全梯、垃圾車位兼汽車充電區、冷藏設備、垃圾暫存區、住宅棟雨水機房、汽車坡道、住宅棟消防泵浦室、機電設備空間、訪客臨停車位及汽車充電區、住宅生活水箱、住宅水箱及泵浦室、住宅泳池水箱、住宅棟機車停車空間、機車坡道、自行車停車空間、噴灌機房、自來水箱、住宅棟台電配電場所Ｂ、台電管道間、水池機房、給排水管道、走道、住宅電信室、住宅棟發電機房、管理員室、大廳（梯廳）、儲藏室、台電管道間、特安梯一、消防管道、進風管道、排煙室二、無障礙兼特安梯二、陽台、、住宅棟中繼台電配電場所Ｃ、中繼水箱及泵浦室、弱電管道、客梯、機電空間、停車空間、資源回收室、進氣排煙管道、排煙室三、電氣管道等５２項。,鋼骨構造,114年10月23日,四十六層,,持分移轉
RPUVMLKKJHLGFAF48DA,,.12,共有部分；本共有部分項目有：緊急升降梯兼無障礙、消防給排水管道、梯廳、給水管道、電氣弱電管道、排水管道、前室、機械室、安全梯、垃圾車位兼汽車充電區、冷藏設備、垃圾暫存區、住宅棟雨水機房、汽車坡道、住宅棟消防泵浦室、機電設備空間、訪客臨停車位及汽車充電區、住宅生活水箱、住宅水箱及泵浦室、住宅泳池水箱、住宅棟機車停車空間、機車坡道、自行車停車空間、噴灌機房、自來水箱、住宅棟台電配電場所Ｂ、台電管道間、水池機房、給排水管道、走道、住宅電信室、住宅棟發電機房、管理員室、大廳（梯廳）、儲藏室、台電管道間、特安梯一、消防管道、進風管道、排煙室二、無障礙兼特安梯二、陽台、、住宅棟中繼台電配電場所Ｃ、中繼水箱及泵浦室、弱電管道、客梯、機電空間、停車空間、資源回收室、進氣排煙管道、排煙室三、電氣管道等５２項。,鋼骨構造,114年10月23日,四十六層,,持分移轉
RPUVMLKKJHLGFAF48DA,,.13,共有部分；本共有部分項目有：緊急升降梯兼無障礙、消防給排水管道、梯廳、給水管道、電氣弱電管道、排水管道、前室、機械室、安全梯、垃圾車位兼汽車充電區、冷藏設備、垃圾暫存區、住宅棟雨水機房、汽車坡道、住宅棟消防泵浦室、機電設備空間、訪客臨停車位及汽車充電區、住宅生活水箱、住宅水箱及泵浦室、住宅泳池水箱、住宅棟機車停車空間、機車坡道、自行車停車空間、噴灌機房、自來水箱、住宅棟台電配電場所Ｂ、台電管道間、水池機房、給排水管道、走道、住宅電信室、住宅棟發電機房、管理員室、大廳（梯廳）、儲藏室、台電管道間、特安梯一、消防管道、進風管道、排煙室二、無障礙兼特安梯二、陽台、、住宅棟中繼台電配電場所Ｃ、中繼水箱及泵浦室、弱電管道、客梯、機電空間、停車空間、資源回收室、進氣排煙管道、排煙室三、電氣管道等５２項。,鋼骨構造,114年10月23日,四十六層,,持分移轉
RPUVMLKKJHLGFAF48DA,,61.08,共有部分；本共有部分項目有：特安梯一、梯廳、管道間、進氣排煙管道、排煙室一、排煙室三、緊急升降梯兼無障礙、電氣管道、台電管道間、消防給排水管道、客梯、給水管道、弱電管道、排煙室二、無障礙兼特安梯二、給排水管道、給排水空調管道、梯廳（前室）、陽台、雨遮、儲藏室、管委會空間、游泳池、機電設備空間、走道、廁所、梯廳兼排煙室三、廚房、男廁、女廁、設備空間、緊急升降梯兼行動不便、連結泵浦、屋頂消防專用水箱、安全梯、進氣排煙、電梯機房、自來水箱、設備機房、排煙管道等４０項。,鋼骨構造,114年10月23日,四十六層,,持分移轉
RPTPMLQLJHLGFAF48DA,,.47,餐飲場所,鋼骨構造,114年10月23日,四十六層,一層,持分移轉
RPTPMLQLJHLGFAF48DA,,105.53,集合住宅,鋼骨構造,114年10月23日,四十六層,十八層 陽台 雨遮,全筆移轉
RPTPMLQLJHLGFAF48DA,,.45,餐飲場所,鋼骨構造,114年10月23日,四十六層,一層,持分移轉
RPTPMLQLJHLGFAF48DA,,.01,共有部分；本共有部分項目有：排氣管道、排氣機房、排煙管道、進氣機房、進氣管道等５項。,鋼骨構造,114年10月23日,四十六層,,持分移轉
RPTPMLQLJHLGFAF48DA,,1.33,共有部分；本共有部分項目有：排氣管道、排氣機房、排煙管道、進氣機房、進氣管道等５項。,鋼骨構造,114年10月23日,四十六層,,持分移轉
RPTPMLQLJHLGFAF48DA,,.01,共有部分；本共有部分項目有：排氣管道、排氣機房、排煙管道、進氣機房、進氣管道等５項。,鋼骨構造,114年10月23日,四十六層,,持分移轉
RPTPMLQLJHLGFAF48DA,,43.89,共有部分；本共有部分項目有：緊急升降梯兼無障礙、消防給排水管道、梯廳、給水管道、電氣弱電管道、排水管道、前室、機械室、安全梯、垃圾車位兼汽車充電區、冷藏設備、垃圾暫存區、住宅棟雨水機房、汽車坡道、住宅棟消防泵浦室、機電設備空間、訪客臨停車位及汽車充電區、住宅生活水箱、住宅水箱及泵浦室、住宅泳池水箱、住宅棟機車停車空間、機車坡道、自行車停車空間、噴灌機房、自來水箱、住宅棟台電配電場所Ｂ、台電管道間、水池機房、給排水管道、走道、住宅電信室、住宅棟發電機房、管理員室、大廳（梯廳）、儲藏室、台電管道間、特安梯一、消防管道、進風管道、排煙室二、無障礙兼特安梯二、陽台、、住宅棟中繼台電配電場所Ｃ、中繼水箱及泵浦室、弱電管道、客梯、機電空間、停車空間、資源回收室、進氣排煙管道、排煙室三、電氣管道等５２項。,鋼骨構造,114年10月23日,四十六層,,持分移轉
RPTPMLQLJHLGFAF48DA,,.07,共有部分；本共有部分項目有：緊急升降梯兼無障礙、消防給排水管道、梯廳、給水管道、電氣弱電管道、排水管道、前室、機械室、安全梯、垃圾車位兼汽車充電區、冷藏設備、垃圾暫存區、住宅棟雨水機房、汽車坡道、住宅棟消防泵浦室、機電設備空間、訪客臨停車位及汽車充電區、住宅生活水箱、住宅水箱及泵浦室、住宅泳池水箱、住宅棟機車停車空間、機車坡道、自行車停車空間、噴灌機房、自來水箱、住宅棟台電配電場所Ｂ、台電管道間、水池機房、給排水管道、走道、住宅電信室、住宅棟發電機房、管理員室、大廳（梯廳）、儲藏室、台電管道間、特安梯一、消防管道、進風管道、排煙室二、無障礙兼特安梯二、陽台、、住宅棟中繼台電配電場所Ｃ、中繼水箱及泵浦室、弱電管道、客梯、機電空間、停車空間、資源回收室、進氣排煙管道、排煙室三、電氣管道等５２項。,鋼骨構造,114年10月23日,四十六層,,持分移轉
RPTPMLQLJHLGFAF48DA,,.07,共有部分；本共有部分項目有：緊急升降梯兼無障礙、消防給排水管道、梯廳、給水管道、電氣弱電管道、排水管道、前室、機械室、安全梯、垃圾車位兼汽車充電區、冷藏設備、垃圾暫存區、住宅棟雨水機房、汽車坡道、住宅棟消防泵浦室、機電設備空間、訪客臨停車位及汽車充電區、住宅生活水箱、住宅水箱及泵浦室、住宅泳池水箱、住宅棟機車停車空間、機車坡道、自行車停車空間、噴灌機房、自來水箱、住宅棟台電配電場所Ｂ、台電管道間、水池機房、給排水管道、走道、住宅電信室、住宅棟發電機房、管理員室、大廳（梯廳）、儲藏室、台電管道間、特安梯一、消防管道、進風管道、排煙室二、無障礙兼特安梯二、陽台、、住宅棟中繼台電配電場所Ｃ、中繼水箱及泵浦室、弱電管道、客梯、機電空間、停車空間、資源回收室、進氣排煙管道、排煙室三、電氣管道等５２項。,鋼骨構造,114年10月23日,四十六層,,持分移轉
RPTPMLQLJHLGFAF48DA,,36.19,共有部分；本共有部分項目有：特安梯一、梯廳、管道間、進氣排煙管道、排煙室一、排煙室三、緊急升降梯兼無障礙、電氣管道、台電管道間、消防給排水管道、客梯、給水管道、弱電管道、排煙室二、無障礙兼特安梯二、給排水管道、給排水空調管道、梯廳（前室）、陽台、雨遮、儲藏室、管委會空間、游泳池、機電設備空間、走道、廁所、梯廳兼排煙室三、廚房、男廁、女廁、設備空間、緊急升降梯兼行動不便、連結泵浦、屋頂消防專用水箱、安全梯、進氣排煙、電梯機房、自來水箱、設備機房、排煙管道等４０項。,鋼骨構造,114年10月23日,四十六層,,持分移轉
RPRSMLLKJHLGFAF97DA,,.69,餐飲場所,鋼骨構造,114年10月23日,四十六層,一層,持分移轉
RPRSMLLKJHLGFAF97DA,,.67,餐飲場所,鋼骨構造,114年10月23日,四十六層,一層,持分移轉
RPRSMLLKJHLGFAF97DA,,154.84,集合住宅,鋼骨構造,114年10月23日,四十六層,十五層 陽台 雨遮,全筆移轉
RPRSMLLKJHLGFAF97DA,,.01,共有部分；本共有部分項目有：排氣管道、排氣機房、排煙管道、進氣機房、進氣管道等５項。,鋼骨構造,114年10月23日,四十六層,,持分移轉
RPRSMLLKJHLGFAF97DA,,1.95,共有部分；本共有部分項目有：排氣管道、排氣機房、排煙管道、進氣機房、進氣管道等５項。,鋼骨構造,114年10月23日,四十六層,,持分移轉
RPRSMLLKJHLGFAF97DA,,.01,共有部分；本共有部分項目有：排氣管道、排氣機房、排煙管道、進氣機房、進氣管道等５項。,鋼骨構造,114年10月23日,四十六層,,持分移轉
RPRSMLLKJHLGFAF97DA,,.11,共有部分；本共有部分項目有：緊急升降梯兼無障礙、消防給排水管道、梯廳、給水管道、電氣弱電管道、排水管道、前室、機械室、安全梯、垃圾車位兼汽車充電區、冷藏設備、垃圾暫存區、住宅棟雨水機房、汽車坡道、住宅棟消防泵浦室、機電設備空間、訪客臨停車位及汽車充電區、住宅生活水箱、住宅水箱及泵浦室、住宅泳池水箱、住宅棟機車停車空間、機車坡道、自行車停車空間、噴灌機房、自來水箱、住宅棟台電配電場所Ｂ、台電管道間、水池機房、給排水管道、走道、住宅電信室、住宅棟發電機房、管理員室、大廳（梯廳）、儲藏室、台電管道間、特安梯一、消防管道、進風管道、排煙室二、無障礙兼特安梯二、陽台、、住宅棟中繼台電配電場所Ｃ、中繼水箱及泵浦室、弱電管道、客梯、機電空間、停車空間、資源回收室、進氣排煙管道、排煙室三、電氣管道等５２項。,鋼骨構造,114年10月23日,四十六層,,持分移轉
RPRSMLLKJHLGFAF97DA,,78.80,共有部分；本共有部分項目有：緊急升降梯兼無障礙、消防給排水管道、梯廳、給水管道、電氣弱電管道、排水管道、前室、機械室、安全梯、垃圾車位兼汽車充電區、冷藏設備、垃圾暫存區、住宅棟雨水機房、汽車坡道、住宅棟消防泵浦室、機電設備空間、訪客臨停車位及汽車充電區、住宅生活水箱、住宅水箱及泵浦室、住宅泳池水箱、住宅棟機車停車空間、機車坡道、自行車停車空間、噴灌機房、自來水箱、住宅棟台電配電場所Ｂ、台電管道間、水池機房、給排水管道、走道、住宅電信室、住宅棟發電機房、管理員室、大廳（梯廳）、儲藏室、台電管道間、特安梯一、消防管道、進風管道、排煙室二、無障礙兼特安梯二、陽台、、住宅棟中繼台電配電場所Ｃ、中繼水箱及泵浦室、弱電管道、客梯、機電空間、停車空間、資源回收室、進氣排煙管道、排煙室三、電氣管道等５２項。,鋼骨構造,114年10月23日,四十六層,,持分移轉
RPRSMLLKJHLGFAF97DA,,.11,共有部分；本共有部分項目有：緊急升降梯兼無障礙、消防給排水管道、梯廳、給水管道、電氣弱電管道、排水管道、前室、機械室、安全梯、垃圾車位兼汽車充電區、冷藏設備、垃圾暫存區、住宅棟雨水機房、汽車坡道、住宅棟消防泵浦室、機電設備空間、訪客臨停車位及汽車充電區、住宅生活水箱、住宅水箱及泵浦室、住宅泳池水箱、住宅棟機車停車空間、機車坡道、自行車停車空間、噴灌機房、自來水箱、住宅棟台電配電場所Ｂ、台電管道間、水池機房、給排水管道、走道、住宅電信室、住宅棟發電機房、管理員室、大廳（梯廳）、儲藏室、台電管道間、特安梯一、消防管道、進風管道、排煙室二、無障礙兼特安梯二、陽台、、住宅棟中繼台電配電場所Ｃ、中繼水箱及泵浦室、弱電管道、客梯、機電空間、停車空間、資源回收室、進氣排煙管道、排煙室三、電氣管道等５２項。,鋼骨構造,114年10月23日,四十六層,,持分移轉
RPRSMLLKJHLGFAF97DA,,53.16,共有部分；本共有部分項目有：特安梯一、梯廳、管道間、進氣排煙管道、排煙室一、排煙室三、緊急升降梯兼無障礙、電氣管道、台電管道間、消防給排水管道、客梯、給水管道、弱電管道、排煙室二、無障礙兼特安梯二、給排水管道、給排水空調管道、梯廳（前室）、陽台、雨遮、儲藏室、管委會空間、游泳池、機電設備空間、走道、廁所、梯廳兼排煙室三、廚房、男廁、女廁、設備空間、緊急升降梯兼行動不便、連結泵浦、屋頂消防專用水箱、安全梯、進氣排煙、電梯機房、自來水箱、設備機房、排煙管道等４０項。,鋼骨構造,114年10月23日,四十六層,,持分移轉
