編號,土地位置,土地移轉面積平方公尺,使用分區或編定,權利人持分分母,權利人持分分子,移轉情形,地號
The serial number, land position,land shifting area square meter,the use zoning or compiles and checks,,,,land parcel
RPQOMLPJNHLGFFB28DA,正義段,7.45,都市：其他:第二種住宅區,1440,4,持分移轉,12770000
RPPOMLPJNHLGFFB18DA,正義段,.63,都市：其他:第二種住宅區,216000,600,持分移轉,13050000
RPPNMLMKNHLGFFB87DA,興仁段,80.82,都市：其他:第四種住宅區,1,1,全筆移轉,08010000
RPPNMLMKNHLGFFB87DA,興仁段,30.97,都市：其他:第四種住宅區,74,2,持分移轉,08090000
RPSNMLLKNHLGFDB87DA,新店西段,685.33,非都市：特定農業區 ; 非都市編定：農牧用地,3,1,持分移轉,07820000
RPQOMLOKNHLGFCB97DA,協安段,32.16,都市：其他:農業區,1,1,全筆移轉,00670002
RPPNMLNKNHLGFKB58EA,龍泉段,22.85,都市：其他:第四種住宅區,63360,561,持分移轉,02110000
RPUNMLSJNHLGFBB48DA,東信段,16.03,都市：其他:第四種商業區,50000,215,持分移轉,02640000
RPQOMLOKNHLGFBB87DA,東光段,2.43,都市：其他:第四種商業區,100000,123,持分移轉,01950001
RPRNMLOJNHLGFDB97DA,博愛段,9.73,都市：其他:第二種商業區,1000,6,持分移轉,08080000
RPPOMLOKNHLGFBB77DA,東峰段,23.32,都市：其他:第一種商業區,10000,258,持分移轉,02070000
RPROMLQJNHLGFAB97DA,中華段三小段,1.50,都市：其他:第一種商業區,20000,20,持分移轉,00020021
RPUPMLMKNHLGFCB28DA,西屯段,3.56,都市：其他:第三之二種住宅區,1000000,1254,持分移轉,22950000
RPPNMLNJNHLGFAB37DA,頂橋子頭段,3.30,都市：其他:第二種住宅區,10000,17,持分移轉,02980000
UPUNMLSJNHLGFJB96DA,中天段,81.95,,1,1,全筆移轉,00250000
RPUOMLSJNHLGFCB68DA,西屯段,3.15,都市：其他:第三之二種住宅區,1000000,1108,持分移轉,22950000
RPSOMLSJNHLGFBB38DA,昌平段,28.61,都市：其他:第五種住宅區,100000,619,持分移轉,02550000
RPPNMLSJOHLGFEB38DA,武曲段,4.00,都市：其他:乙種工業區,1,1,全筆移轉,03630002
SPUNMLSJNHLGFJB76DA,中天段,296.04,,1,1,全筆移轉,00140000
RPTQNLPJNHLGFCB58DA,西屯段,3.22,都市：其他:第二種商業區,100000,95,持分移轉,09320000
TPUNMLSJNHLGFJB86DA,中天段,219.88,,1,1,全筆移轉,00150000
RPVNMLRJNHLGFIB56DA,樹王段,4.69,非都市：鄉村區 ; 非都市編定：乙種建築用地,96,1,持分移轉,07560000
RPVNMLRJNHLGFIB56DA,樹王段,1.52,非都市：鄉村區 ; 非都市編定：乙種建築用地,96,1,持分移轉,07560001
RPPOMLSJNHLGFFB48DA,興安西段,20.57,都市：其他:第四種住宅區,10000,45,持分移轉,00880000
RPQNMLLKNHLGFFB87DA,三田段,134.00,都市：其他:農業區,1,1,全筆移轉,00650002
RPUNMLSJNHLGFJB66DA,中天段,212.74,,1,1,全筆移轉,00130000
RPWNMLLKNHLGFDB28DA,一心段,46.33,都市：其他:農業區,1,1,全筆移轉,05150000
RPXPMLMKNHLGFCB58DA,中仁段,3.41,都市：其他:第一種商業區,100000,220,持分移轉,03360000
RPSNMLPJNHLGFKB88DA,福麗段,100.00,都市：其他:農業區,1,1,全筆移轉,02570011
RPQNMLOJNHLGFKB58DA,追分段,17.09,都市：其他:第一種住宅區,806400,6776,持分移轉,13440000
RPQNMLOJNHLGFKB58DA,追分段,18.00,都市：其他:第一種住宅區,115200,968,持分移轉,13450000
RPPNMLNKNHLGFEB87DA,安田段,97.05,非都市：特定農業區 ; 非都市編定：水利用地,1737,1118,持分移轉,08460000
RPPNMLNKNHLGFEB87DA,安田段,184.24,非都市：特定農業區 ; 非都市編定：水利用地,1737,1118,持分移轉,08520000
RPSQMLOJNHLGFBB18DA,中德段,2.47,都市：其他:第三種住宅區。,1000000,745,持分移轉,04660000
RPQQMLQJNHLGFBB18DA,北屯段,136.00,都市：其他:第二種住宅區,1,1,全筆移轉,05090035
RPTQMLQJNHLGFBB48DA,平田段,4.90,都市：其他:第二種住宅區,10000,12,持分移轉,04440000
RPPNMLKKNHLGFEB57DA,水美東段,458.58,非都市：特定農業區 ; 非都市編定：農牧用地,12,6,持分移轉,02810000
RPPNMLKKNHLGFEB57DA,水美東段,394.94,非都市：特定農業區 ; 非都市編定：甲種建築用地,12,6,持分移轉,02820000
RPUNMLQJNHLGFAB18DA,重慶段二小段,4.40,都市：其他:第一種商業區,100000,323,持分移轉,00060002
RPUNMLPJNHLGFDB38DA,安康段,29.65,都市：其他:第二種住宅區,100000,802,持分移轉,09800000
RPUNMLPJNHLGFDB38DA,安康段,.41,都市：其他:第三種住宅區。,100000,802,持分移轉,09810001
RPSNMLOKNHLGFFB38DA,南簡段,36.50,都市：其他:第四種住宅區,4,2,持分移轉,11100026
RPQNMLOKNHLGFFB18DA,南簡段,137.00,都市：其他:第四種住宅區,4,2,持分移轉,11040000
RPRNMLOKNHLGFFB28DA,南簡段,103.00,都市：其他:第四種住宅區,4,2,持分移轉,11090000
RPRNMLOKNHLGFFB28DA,南簡段,32.50,都市：其他:第四種住宅區,4,2,持分移轉,11090002
RPSOMLPKNHLGFDB38DA,神林段,120.46,都市：其他:農業區,1,1,全筆移轉,08350001
RPUNMLQJNHLGFFB68DA,三民段,300.00,都市：其他:第四種住宅區,1,1,全筆移轉,15860000
RPTNMLSKNHLGFFB88DA,太平段,79.48,都市：其他:乙種工業區,1,1,全筆移轉,06460000
RPSNMLPKNHLGFFB48DA,市鎮南段,13.23,都市：其他:第四種商業區,100000,59,持分移轉,00970000
RPTNMLSKNHLGFDB68DA,萬年段,300.93,都市：其他:第一之二種住宅區,864,456,持分移轉,07180000
RPRNMLSKNHLGFDB48DA,豐原段,3.26,都市：其他:第二種商業區,100000,126,持分移轉,01950001
RPXNMLSKNHLGFDB09DA,國豐段,3.46,都市：其他:農業區,12,1,持分移轉,05640000
RPTOMLSJNHLGFCB58DA,惠智段,4.38,都市：其他:第三種住宅區。,10000,32,持分移轉,01340000
RPXNMLSKNHLGFDB09DA,國豐段,24.30,都市：其他:農業區,26000,2725,持分移轉,05650000
RPXNMLSKNHLGFDB09DA,國豐段,88.28,都市：其他:農業區,1,1,全筆移轉,05670000
RPXNMLSKNHLGFDB09DA,國豐段,12.41,都市：其他:農業區,12,1,持分移轉,05790000
RPTNMLNKNHLGFJB78DA,中山段,114.04,非都市：鄉村區 ; 非都市編定：乙種建築用地,1,1,全筆移轉,06140000
RPQNMLMKNHLGFGB08DA,新德興段,6.34,非都市：特定農業區 ; 非都市編定：甲種建築用地,240,4,持分移轉,05170000
RPOPMLQJNHLGFAB77DA,尚武段,4.19,都市：其他:第二種住宅區,463000,4193,持分移轉,03060000
RPRNMLPJNHLGFIB58DA,樹王段,55.77,非都市：特定農業區 ; 非都市編定：農牧用地,10000,1382,持分移轉,03240001
RPROMLTKNHLGFBB48DA,新賴厝廍七段,6.30,都市：其他:第二種住宅區,20000,340,持分移轉,02810000
RPXPMLPKNHLGFBB78DA,東新段,1.78,都市：其他:第二種住宅區,100000,100,持分移轉,01100000
RPWNMLKLNHLGFBB08DA,乾溝子段,3.81,都市：其他:第二種住宅區,10000,27,持分移轉,01350000
RPPNMLNKNHLGFGB08DA,新金星面段,15.77,都市：其他:道路用地,1,1,全筆移轉,02170004
RPPNMLNKNHLGFGB08DA,新金星面段,14.04,都市：其他:道路用地,1,1,全筆移轉,02170005
RPQNMLPLNHLGFEB28DA,日南段,37.33,都市：其他:農業區,30,1,持分移轉,02510000
RPXNMLLKNHLGFAB08DA,五權段,1.33,都市：其他:第二種住宅區,1000000,424,持分移轉,07740000
RPXNMLLKNHLGFAB08DA,五權段,1.16,都市：其他:第一種商業區,1000000,424,持分移轉,07750000
RPXNMLLKNHLGFAB08DA,五權段,.01,都市：其他:廣場兼停車場用地,1000000,424,持分移轉,07750001
RPTNMLPKNHLGFAB08DA,下橋子頭段,2.45,都市：其他:第一種商業區,100000,415,持分移轉,02000255
RPPNMLKLNHLGFIB08DA,東興段,8.68,都市：其他:住宅區,1,1,全筆移轉,00560000
RPRNMLTKNHLGFKB66DA,福山段,68.93,都市：其他:第一種住宅區,1,1,全筆移轉,10080000
RPPOMLKLNHLGFBB47DA,錦村段,13.04,都市：其他:第二之一種商業區,100000,225,持分移轉,02460000
RPPOMLKLNHLGFBB47DA,錦村段,5.08,都市：其他:第一種商業區,100000,225,持分移轉,02460001
RPTOMLTKNHLGFDB88DA,慈興段,54.02,都市：其他:第一之二種住宅區,1,1,全筆移轉,03910000
RPPOMLPKNHLGFFB28DA,晉江北段,8.23,都市：其他:第三種住宅區。,417100,817,持分移轉,01080000
RPWOMLMKNHLGFAB18DA,下橋子頭段,22.48,都市：其他:第二種住宅區,20000,136,持分移轉,03140000
RPPOMLKMMHLGFIB18DA,長春段,66.06,,100100000,23100000,持分移轉,07750000
RPXNMLKMMHLGFIB88DA,向學段,25.02,,1,1,全筆移轉,06220000
RPXNMLKMMHLGFIB88DA,向學段,46.17,都市：其他:住宅區,1,1,全筆移轉,06270000
RPTNMLLLNHLGFFB28DA,庄北段,42.91,都市：其他:第四種住宅區,1,1,全筆移轉,05500008
RPUNMLPKNHLGFCB38DA,中正段,5.71,都市：其他:第二種住宅區,10000,100,持分移轉,00770000
RPQNMLMLNHLGFFB08DA,高美中段,1173.25,都市：其他:農業區,2,1,持分移轉,02960000
RPQNMLMLNHLGFFB08DA,高美中段,437.80,都市：其他:農業區,9964,859,持分移轉,03020000
RPQNMLMLNHLGFFB08DA,高美中段,203.64,都市：其他:農業區,1,1,全筆移轉,06750000
RPQNMLMLNHLGFFB08DA,高美中段,97.63,都市：其他:農業區,466,99,持分移轉,06800000
RPOQMLMKNHLGFCB77DA,中和段,11.34,都市：其他:第二種住宅區,10000,67,持分移轉,03860000
RPRNMLKLNHLGFJB38DA,育賢段,18.95,都市：其他:住宅區,10000,69,持分移轉,02160000
RPQNMLTJNHLGFEB48DA,文曲段,6.87,非都市：特定農業區 ; 非都市編定：甲種建築用地,20,1,持分移轉,02310000
RPQNMLTJNHLGFEB48DA,文曲段,13.33,非都市：特定農業區 ; 非都市編定：甲種建築用地,1,1,全筆移轉,02310012
RPRNMLTJNHLGFEB58DA,文曲段,6.87,非都市：特定農業區 ; 非都市編定：甲種建築用地,20,1,持分移轉,02310000
RPRNMLTJNHLGFEB58DA,文曲段,13.33,非都市：特定農業區 ; 非都市編定：甲種建築用地,1,1,全筆移轉,02310011
RPTOMLSKNHLGFCB68DA,上石碑段,3.18,都市：其他:第三之二種住宅區,100000,123,持分移轉,21060000
RPSNMLTJNHLGFEB68DA,文曲段,35.25,非都市：特定農業區 ; 非都市編定：甲種建築用地,1,1,全筆移轉,02330001
RPSNMLTJNHLGFEB68DA,文曲段,4.45,非都市：特定農業區 ; 非都市編定：甲種建築用地,100000,790,持分移轉,02330006
RPPNMLMLNHLGFEB87DA,下土城段,1186.00,非都市：特定農業區 ; 非都市編定：農牧用地,1,1,全筆移轉,03430000
RPXNMLMLNHLGFFB78DA,朝天段,811.60,都市：其他:綠地用地,1,1,全筆移轉,12380000
RPOOMLMLNHLGFFB97DA,朝天段,105.08,都市：其他:農業區,1,1,全筆移轉,12420000
RPPOMLMLNHLGFFB08DA,朝天段,806.65,都市：其他:鐵路用地,1,1,全筆移轉,12470000
RPQOMLMLNHLGFFB18DA,正義段,4.31,都市：其他:第二種住宅區,3402000,9450,持分移轉,04840000
RPQOMLMLNHLGFFB18DA,正義段,.70,都市：其他:第二種住宅區,7776000,21600,持分移轉,04920000
RPQOMLMLNHLGFFB18DA,正義段,5.29,都市：其他:第二種住宅區,7776000,21600,持分移轉,04930000
RPRNMLKLNHLGFIB28DA,新站南段,18.05,都市：其他:第二種住宅區,20000,49,持分移轉,00910000
RPQNMLKLNHLGFHB08DA,信和西段,127.29,都市：其他:農業區,1,1,全筆移轉,02730001
RPROMLLKNHLGFHB28DA,田心段,15.92,都市：其他:農業區,10,1,持分移轉,01420000
RPQOMLLKNHLGFHB18DA,田心段,15.92,都市：其他:農業區,10,1,持分移轉,01420000
RPSRMLTKNHLGFCB98DA,中仁段,21.64,都市：其他:第二種住宅區,10000,263,持分移轉,01090000
RPQOMLKLNHLGFDB77DA,圳前段,20.42,都市：其他:第一之一種住宅區,45,1,持分移轉,07230000
RPWSMLSKNHLGFIB37DA,大坑段,959.28,非都市：山坡地保育區 ; 非都市編定：農牧用地,1,1,全筆移轉,00410000
RPPNMLMLNHLGFDB77DA,議前段,44.84,都市：其他:第二種住宅區,1,1,全筆移轉,04450000
RPQNMLPKNHLGFDB08DA,福陽段,379.39,都市：其他:第一之二種住宅區,1,1,全筆移轉,01190000
RPPNMLLLNHLGFFB97EA,武秀段,20.75,都市：其他:第四種住宅區,12,3,持分移轉,09690003
RPPNMLPLNHLGFFB38EA,鰲峰段,126.16,都市：其他:第四種住宅區,1,1,全筆移轉,04060003
RPXNMLPKNHLGFDB78DA,后義段,5.03,都市：其他:道路用地,1,1,全筆移轉,06520000
RPXNMLPKNHLGFDB78DA,后義段,81.51,都市：其他:住宅區,1,1,全筆移轉,06530000
RPVNMLKLNHLGFAB87DA,東昇段八小段,33.55,都市：其他:第二種住宅區,801572,39436,持分移轉,00010000
RPPNMLPJNHLGFFB08DA,鹿峰東段,5.68,都市：其他:第四種住宅區,100000,1792,持分移轉,15330000
RPWNMLLLNHLGFAB08DA,吉龍段,1.10,都市：其他:第二種住宅區及第三種住宅區,10000,6,持分移轉,00300000
RPPNMLPJNHLGFFB08DA,鹿峰東段,5.68,都市：其他:第四種住宅區,100000,1792,持分移轉,15340000
RPSNMLOJNHLGFJB68DA,中華段,81.04,非都市：鄉村區 ; 非都市編定：乙種建築用地,1,1,全筆移轉,04260000
RPPNMLOKNHLGFGB18DA,水底寮段上水底寮小段,1.89,非都市：鄉村區 ; 非都市編定：乙種建築用地,2000000,5734,持分移轉,01720004
RPPNMLSJNHLGFCB08DA,惠民段,8.40,都市：其他:第六種新市政中心專用區,100000,287,持分移轉,01090000
RPVNMLSKNHLGFCB78DA,永林段,16.06,都市：其他:農業區,1,1,全筆移轉,04920004
RPOOMLPKNHLGFCB87DA,上石碑段,2.47,都市：其他:第三之二種住宅區,10000,7,持分移轉,13010000
RPSNMLPKNHLGFCB18DA,豐功段,13.50,都市：其他:第四種商業區,100000,401,持分移轉,02570000
RPPNMLLLNHLGFAB37DA,樹子腳段,9.96,都市：其他:第三種住宅區。,10000,96,持分移轉,17460000
RPPNMLLLNHLGFAB37DA,樹子腳段,.51,都市：其他:第三種住宅區。,10000,96,持分移轉,17460009
RPXNMLLLNHLGFAB18DA,中墩段一小段,4.44,都市：其他:第二種商業區,100000,971,持分移轉,00640000
RPXNMLLLNHLGFAB18DA,中墩段一小段,1.62,都市：其他:第二種商業區,100000,971,持分移轉,00640007
RPXNMLLLNHLGFAB18DA,中墩段一小段,.41,都市：其他:第二種商業區,100000,971,持分移轉,00640012
RPPNMLMKNHLGFDB67DA,豐原段,103.50,都市：其他:第二種商業區,2,1,持分移轉,01980000
RPVNMLOKNHLGFIB98DA,地利段,3.45,都市：其他:商業區,1000,30,持分移轉,09100000
RPVNMLOKNHLGFIB98DA,地利段,23.97,都市：其他:住宅區,1000,30,持分移轉,09110000
RPRNMLKLNHLGFEB87DA,南社段,9.52,非都市：特定農業區 ; 非都市編定：水利用地,1,1,全筆移轉,04830003
RPXNMLPKNHLGFFB98DA,三鹿段,19.03,都市：其他:第二種商業區,100000,396,持分移轉,00350000
RPTNMLRLNHLGFGB98DA,大茅埔段,1810.00,非都市：山坡地保育區 ; 非都市編定：農牧用地,1,1,全筆移轉,29040000
RPSOMLTKNHLGFBB58DA,賴厝廍段,2.87,都市：其他:第一種商業區,10000,15,持分移轉,04380000
RPQNMLKLNHLGFBB47DA,松竹段,8.00,都市：其他:第二種住宅區,4,2,持分移轉,06020000
RPSNMLRJNHLGFIB88DA,豐正段,18.34,非都市：特定農業區 ; 非都市編定：甲種建築用地,2,1,持分移轉,08680015
RPSNMLRJNHLGFIB88DA,豐正段,1.39,非都市：特定農業區 ; 非都市編定：甲種建築用地,2,1,持分移轉,08680017
RPSNMLRJNHLGFIB88DA,豐正段,13.66,非都市：鄉村區 ; 非都市編定：特定目的事業用地,2,1,持分移轉,08760000
RPQNMLPLNHLGFKB88DA,福山段,.29,都市：其他:第一種住宅區,2100,34,持分移轉,07060000
RPQNMLPLNHLGFKB88DA,福山段,8.05,都市：其他:第一種住宅區,2100,34,持分移轉,07070000
RPQNMLPLNHLGFKB88DA,福山段,11.96,都市：其他:第一種住宅區,2100,34,持分移轉,07080000
RPQOMLPJNHLGFAB77DA,下橋子頭段,15.15,都市：其他:第一種商業區,100000,535,持分移轉,00170001
RPXNMLPLNHLGFFB09DA,吳厝南段,91.24,都市：其他:農業區,379368000,1637850,持分移轉,04850000
RPSNMLKLNHLGFFB08DA,三民段,19.00,都市：其他:第五種住宅區,1,1,全筆移轉,01460000
RPSNMLKLNHLGFFB08DA,三民段,14.00,都市：其他:第四種住宅區,1,1,全筆移轉,01470014
RPSNMLKLNHLGFFB08DA,三民段,57.00,都市：其他:第四種住宅區,1,1,全筆移轉,01480023
RPSNMLKLNHLGFFB08DA,三民段,39.00,都市：其他:第五種住宅區,1,1,全筆移轉,01480026
RPTNMLPKNHLGFHB78DA,東寶五段,67.00,都市：其他:第一之一種住宅區,1,1,全筆移轉,03110000
RPUPMLSJNHLGFBB68DA,景東段,212.86,都市：其他:第一種住宅區,1,1,全筆移轉,00840000
RPWNMLPLNHLGFCB68DA,上石碑段,9.74,都市：其他:第三之二種住宅區,30000,84,持分移轉,07680000
RPUPMLPLNHLGFAB48DA,麻園頭段,20.84,都市：其他:第二種住宅區,1,1,全筆移轉,01710105
RPRNMLQJNHLGFIB68DA,錦州段,30.14,非都市：鄉村區 ; 非都市編定：乙種建築用地,10000,81,持分移轉,05900000
RPVPMLRJNHLGFAB58DA,信義段四小段,3.78,都市：其他:第二種商業區,100000,595,持分移轉,00030017
RPVPMLRJNHLGFAB58DA,城隍段四小段,6.84,都市：其他:第二種商業區,100000,595,持分移轉,00040001
RPSNMLMLNHLGFBB87DA,文正段,7.53,都市：其他:第一種商業區,10000,67,持分移轉,01070004
RPOOMLMKNHLGFIB18DA,九如段,14.38,都市：其他:第三種住宅區。,100000,246,持分移轉,05260000
RPSNMLMLNHLGFBB87DA,文正段,7.14,都市：其他:第二種商業區,10000,67,持分移轉,01070025
RPQNMLKKNHLGFJB18DA,和平段,53.00,都市：其他:住宅區,2,1,持分移轉,05890000
RPQNMLKKNHLGFJB18DA,和平段,7.50,都市：其他:住宅區,2,1,持分移轉,05900000
RPSNMLRLNHLGFGB88DA,大茅埔段,480.00,非都市：山坡地保育區 ; 非都市編定：農牧用地,1,1,全筆移轉,29050000
RPRNMLRLNHLGFGB78DA,東豐段,24.48,都市：其他:第一種住宅區,100000,732,持分移轉,00290000
RPUNMLRLNHLGFGB09DA,新盛段,4.66,都市：其他:住宅區,1,1,全筆移轉,14180001
RPPNMLMKNHLGFIB18DA,樹王段,21.05,非都市：鄉村區 ; 非都市編定：乙種建築用地,1,1,全筆移轉,07860000
RPSNMLMKNHLGFIB48DA,向學段,88.59,都市：其他:住宅區,25,3,持分移轉,12880000
RPSNMLMKNHLGFIB48DA,成功段,224.58,,3,1,持分移轉,17480000
RPQOMLPLNHLGFAB97DA,重慶段五小段,64.00,都市：其他:第一種商業區,1,1,全筆移轉,00490000
RPQOMLPLNHLGFAB97DA,重慶段五小段,17.00,都市：其他:第一種商業區,1,1,全筆移轉,00490001
RPQOMLPLNHLGFAB97DA,重慶段五小段,8.00,都市：其他:第一種商業區,1,1,全筆移轉,00490004
RPPNMLPLNHLGFEB28EA,中海段,306.29,非都市：特定農業區 ; 非都市編定：甲種建築用地,1,1,全筆移轉,06940000
RPPNMLPLNHLGFEB28EA,中海段,306.33,非都市：特定農業區 ; 非都市編定：甲種建築用地,1,1,全筆移轉,06950000
RPPNMLPLNHLGFEB28EA,中海段,306.89,非都市：特定農業區 ; 非都市編定：甲種建築用地,1,1,全筆移轉,06960000
RPPNMLPLNHLGFEB28EA,中海段,31.95,非都市：特定農業區 ; 非都市編定：甲種建築用地,96,24,持分移轉,07020000
RPXNMLMLNHLGFAB28DA,柳川段四小段,.19,都市：其他:第二種商業區,6000,35,持分移轉,00020001
RPXNMLMLNHLGFAB28DA,柳川段四小段,1.38,都市：其他:第二種商業區,6000,35,持分移轉,00020002
RPXNMLMLNHLGFAB28DA,中墩段四小段,.02,都市：其他:第二種商業區,6000,35,持分移轉,00170006
RPXNMLMLNHLGFAB28DA,中墩段四小段,.09,都市：其他:第二種商業區,6000,35,持分移轉,00180001
RPXNMLMLNHLGFAB28DA,中墩段四小段,1.21,都市：其他:第二種商業區,6000,35,持分移轉,00180002
RPPNMLMLNHLGFEB97EA,上土城段,25.96,非都市：特定農業區 ; 非都市編定：甲種建築用地,30,1,持分移轉,03370000
RPUNMLSLNHLGFDB88DA,中和東段,21.73,都市：其他:住宅區,100000,990,持分移轉,12000000
RPQNMLRKNHLGFEB38DA,平安段,18.19,都市：其他:住宅區,10000,366,持分移轉,00320000
RPPNMLSLNHLGFBB18DA,仁平段,36.25,都市：其他:第一之一種住宅區,10000,87,持分移轉,01320000
RPVOMLPLNHLGFFB98DA,民權段,7.89,都市：其他:第四種住宅區,10000,228,持分移轉,14320000
RPQNMLSLNHLGFFB68DA,武秀段,330.00,都市：其他:第四種住宅區,1,1,全筆移轉,09300004
RPXNMLKLNHLGFDB38DA,安康段,62.39,都市：其他:第二種住宅區,1,1,全筆移轉,07900000
RPQNMLMLNHLGFDB87DA,聯合段,162.99,都市：其他:農業區,2,1,持分移轉,09440002
RPQNMLMLNHLGFDB87DA,聯合段,133.00,都市：其他:農業區,2,1,持分移轉,09440003
RPUNMLPLNHLGFDB58DA,豐原段,25.28,都市：其他:第二種商業區,100000,6984,持分移轉,07470000
RPSNMLRLNHLGFDB58DA,國豐段,18.73,都市：其他:農業區,1,1,全筆移轉,06860002
RPTNMLPLNHLGFIB98DA,新峰東段,4.16,,4,1,持分移轉,03970000
RPSNMLKLNHLGFGB18DA,石圍墻一段,2528.75,非都市：山坡地保育區 ; 非都市編定：農牧用地,1,1,全筆移轉,11910000
RPPNMLMLNHLGFGB08DA,湳嶺段,850.54,非都市：山坡地保育區 ; 非都市編定：農牧用地,3,1,持分移轉,02010000
RPPNMLMLNHLGFGB08DA,湳嶺段,247.91,非都市：山坡地保育區 ; 非都市編定：農牧用地,3,1,持分移轉,02030000
RPPNMLMLNHLGFGB08DA,湳嶺段,110.72,非都市：山坡地保育區 ; 非都市編定：農牧用地,3,1,持分移轉,02050000
RPPNMLMLNHLGFGB08DA,湳嶺段,163.42,非都市：山坡地保育區 ; 非都市編定：農牧用地,3,1,持分移轉,02060000
RPQNMLRLNHLGFGB68DA,東勢段石角小段,1309.00,非都市：山坡地保育區 ; 非都市編定：農牧用地,1,1,全筆移轉,08880000
RPPOMLLLNHLGFAB47DA,後壠子段,30.55,都市：其他:第二之一種商業區,100000,420,持分移轉,02390000
RPOOMLMLNHLGFCB67DA,國安段,4.27,都市：其他:第一之一種住宅區,10000,29,持分移轉,01980000
RPPNMLPLNHLGFHB58EA,中山段,88.23,都市：其他:乙種工業區,1,1,全筆移轉,00720000
RPQNMLPLNHLGFHB68EA,祥和段,3.09,都市：其他:農業區,1,1,全筆移轉,03460003
RPWNMLPLNHLGFIB66DA,立仁段,.32,非都市：鄉村區 ; 非都市編定：乙種建築用地,10000,27,持分移轉,08130000
RPWNMLPLNHLGFIB66DA,立仁段,4.74,非都市：鄉村區 ; 非都市編定：乙種建築用地,10000,27,持分移轉,08180000
RPUNMLTKNHLGFBB68DA,新賴厝廍三段,12.61,都市：其他:第一商業區,1000000,3427,持分移轉,05000000
RPWNMLRLNHLGFFB56DA,南簡段,294.00,都市：其他:第四種住宅區,1,1,全筆移轉,11980001
RPVOMLSLNHLGFBB88DA,邱厝子段,2.50,都市：其他:第三種住宅區。,20000,26,持分移轉,01360000
RPQNMLMLNHLGFIB38DA,大圳頭段,124.53,非都市：特定農業區 ; 非都市編定：農牧用地,56,4,持分移轉,03900000
RPQNMLMLNHLGFIB38DA,大圳頭段,2.01,非都市：特定農業區 ; 非都市編定：甲種建築用地,56,2,持分移轉,04230000
RPQNMLLMNHLGFGB18DA,環山段,648.00,非都市：山坡地保育區 ; 非都市編定：農牧用地,1,1,全筆移轉,02770000
RPQNMLLMNHLGFGB18DA,環山段,152.00,都市：其他:保護區,1,1,全筆移轉,02770001
RPTOMLLLNHLGFBB97DA,平田段,4.90,都市：其他:第二種住宅區,10000,12,持分移轉,04440000
RPUOMLQLNHLGFAB48DA,麻園頭段,9.00,都市：其他:道路用地,1,1,全筆移轉,01700018
RPUOMLQLNHLGFAB48DA,麻園頭段,12.00,都市：其他:第二種住宅區,1,1,全筆移轉,01700066
RPRNMLRLNHLGFKB56DA,竹泉段,75.00,都市：其他:第四種住宅區,1,1,全筆移轉,07850004
RPRNMLRLNHLGFKB56DA,竹泉段,8.00,,1,1,全筆移轉,07850005
RPVNMLNKNHLGFBB18DA,東信段,16.40,都市：其他:第四種商業區,10000,44,持分移轉,02640000
RPTNMLLLNHLGFAB77DA,頂橋子頭段,3.87,都市：其他:第二種住宅區,10000,109,持分移轉,01320004
RPWOMLRLNHLGFCB98DA,上石碑段,8.33,都市：其他:第三之二種住宅區,10000,81,持分移轉,21060003
RPPPMLTKNHLGFBB38DA,軍和段,102.01,都市：其他:第三種住宅區。,1,1,全筆移轉,02940000
RPQNMLMLNHLGFHB28DA,大富段,2528.50,都市：其他:農業區,1,1,全筆移轉,03270000
RPPOMLQLNHLGFHB68DA,頭家厝段,3.83,都市：其他:第一之一種住宅區,1,1,全筆移轉,01820033
RPPOMLQLNHLGFHB68DA,頭家厝段,.93,都市：其他:第一之一種住宅區,1,1,全筆移轉,01820034
RPPNMLQLNHLGFHB58DA,頭家厝段,2.66,都市：其他:第一之一種住宅區,1,1,全筆移轉,01820029
RPSNMLQLNHLGFHB88DA,頭家厝段,4.51,都市：其他:第一之一種住宅區,1,1,全筆移轉,01820031
RPQNMLTKNHLGFJB09DA,福平段,17.41,都市：其他:住宅區,10000,181,持分移轉,02030001
RPUNMLQLNHLGFHB09DA,頭家厝段,1.43,都市：其他:第一之一種住宅區,1,1,全筆移轉,01820032
RPVNMLQLNHLGFHB56DA,頭家厝段,3.04,都市：其他:第一之一種住宅區,1,1,全筆移轉,01820035
RPQNMLQLNHLGFHB68DA,頭家厝段,7.05,都市：其他:第一之一種住宅區,1,1,全筆移轉,01820030
RPVNMLLLNHLGFCB18DA,順和段,21.11,都市：其他:第二種住宅區,10000,203,持分移轉,01600000
RPPNMLNLNHLGFEB97DA,孔門段,59.00,都市：其他:商業區,9,3,持分移轉,09120000
RPPNMLLMNHLGFGB08DA,新盛段,108.74,都市：其他:住宅區,1,1,全筆移轉,02190005
RPPNMLLMNHLGFGB08DA,新盛段,20.89,都市：其他:住宅區,1,1,全筆移轉,02190007
RPXNMLQLNHLGFHB76DA,頭家厝段,1.67,都市：其他:第一之一種住宅區,1,1,全筆移轉,01820037
RPPNMLTLNHLGFKB56DA,仁德段,71.27,都市：其他:農業區,1,1,全筆移轉,08440001
RPPNMLLJOHLGFKB28DA,龍津段,3.00,都市：其他:第四種住宅區,1,1,全筆移轉,00890021
RPPNMLLJOHLGFKB28DA,龍津段,5.00,都市：其他:第四種住宅區,1,1,全筆移轉,00890022
RPQNMLSLNHLGFAB18DA,萬安段九小段,4.65,都市：其他:第二種住宅區,10000,19,持分移轉,00050000
RPQNMLPLNHLGFAB87DA,五權段,5.26,都市：其他:道路用地,178,26,持分移轉,07700000
RPVNMLKLNHLGFCB08DA,田心段,11.52,都市：其他:第二種住宅區,10000,74,持分移轉,16270000
RPUNMLKLNHLGFBB87DA,東山段,21.91,都市：其他:第二種住宅區,100000,1279,持分移轉,03150000
RPUOMLPKNHLGFIB09DA,新榮泉段,34.80,都市：其他:第二種住宅區,10000,102,持分移轉,01320001
RPOQMLKLNHLGFCB67DA,國安段,4.86,都市：其他:第一之一種住宅區,10000,19,持分移轉,02920002
RPQNMLSLNHLGFJB09DA,新頭汴段,33.74,非都市：鄉村區 ; 非都市編定：乙種建築用地,3,1,持分移轉,01840000
RPXPMLQLNHLGFJB17DA,育賢段,21.48,都市：其他:住宅區,10000,25,持分移轉,02010000
RPXNMLSLNHLGFJB17DA,育賢段,21.59,都市：其他:住宅區,10000,34,持分移轉,01840004
RPRNMLTLNHLGFBB48DA,平田段,18.89,都市：其他:第二種住宅區,100000,190,持分移轉,02440000
RPXNMLOKNHLGFAB38DA,土庫段,3.25,都市：其他:第三種住宅區。,10000,81,持分移轉,00320008
RPWNMLRLNHLGFJB96DA,麗園段,100.40,非都市：鄉村區 ; 非都市編定：乙種建築用地,1,1,全筆移轉,08420000
RPOQMLRLNHLGFCB38DA,惠禮段,7.75,都市：其他:第二種商業區,100000,214,持分移轉,00650000
RPSOMLMJOHLGFDB08DA,豐原段,38.00,都市：其他:第三種住宅區。,1,1,全筆移轉,02760041
RPSOMLMJOHLGFDB08DA,豐原段,46.00,都市：其他:第三種住宅區。,1,1,全筆移轉,02760043
RPRNMLLLNHLGFEB97DA,大同段,26.55,都市：其他:第一種住宅區,100000,2293,持分移轉,03880024
RPQNMLRLNHLGFAB08DA,麻園頭段,4.36,都市：其他:第二種住宅區,10000,56,持分移轉,05910000
RPQNMLRLNHLGFAB08DA,麻園頭段,5.38,都市：其他:第一種商業區,10000,56,持分移轉,05980000
RPPNMLSLNHLGFBB28EA,青田段,28.25,都市：其他:第一之一種住宅區,20,1,持分移轉,00480000
RPPNMLSLNHLGFBB28EA,青田段,4.05,,20,1,持分移轉,00480005
RPQNMLLJOHLGFCB57DA,台安段,385.28,都市：其他:農業區,210000,1134,持分移轉,01510000
RPPNMLTKNHLGFAB08DA,土庫段,21.59,都市：其他:第二種住宅區,10000,598,持分移轉,01110028
RPPNMLTKNHLGFAB08DA,土庫段,.60,都市：其他:第二種住宅區,10000,598,持分移轉,01120010
RPWNMLSLNHLGFHB86DA,大新段,18.72,都市：其他:第一之二種住宅區,10000,135,持分移轉,04260000
RPPNMLTLNHLGFBB28DA,東新段,6.77,都市：其他:第二種住宅區,30000,226,持分移轉,00840003
RPSNMLRLNHLGFHB98DA,東寶一段,283.98,都市：其他:農業區,1,1,全筆移轉,00090001
RPWNMLQLNHLGFHB66DA,頭家厝段,4.56,都市：其他:第一之一種住宅區,1,1,全筆移轉,01820036
RPTOMLTLNHLGFBB78DA,錦村段,16.86,都市：其他:第二種住宅區,1000000,2414,持分移轉,03240001
RPTOMLTLNHLGFBB78DA,錦村段,.01,都市：其他:第二種住宅區,1000000,2414,持分移轉,03240024
RPTOMLTLNHLGFBB78DA,錦村段,2.74,都市：其他:第一種商業區,1000000,2414,持分移轉,03250000
RPTOMLTLNHLGFBB78DA,錦村段,.02,都市：其他:第二種住宅區,1000000,2414,持分移轉,03250001
RPTOMLTLNHLGFBB78DA,錦村段,1.05,都市：其他:第一種商業區,1000000,2414,持分移轉,03250005
RPSNMLMJOHLGFBB77DA,溝背段,26.44,都市：其他:第二之一種住宅區,100000,1021,持分移轉,00910000
RPXOMLMKNHLGFCB48DA,西屯段,6.00,都市：其他:第二種商業區,100000,177,持分移轉,09320000
RPRNMLTKNHLGFJB56DA,愛平段,6.35,都市：其他:第一種住宅區,100000,601,持分移轉,04820000
RPROMLRLNHLGFAB28DA,頂橋子頭段,24.00,都市：其他:第二種住宅區,1,1,全筆移轉,03650014
RPOOMLTKNHLGFBB18DA,敦和段,105.13,都市：其他:第一之一種住宅區,1,1,全筆移轉,04550000
RPOOMLTKNHLGFBB18DA,敦和段,7.42,都市：其他:第一之一種住宅區,8,1,持分移轉,04550002
RPSOMLTLNHLGFBB68DA,松昌段,10.60,都市：其他:第二種住宅區,5,1,持分移轉,01310000
RPSOMLTLNHLGFBB68DA,松昌段,2.80,都市：其他:第二種住宅區,5,1,持分移轉,01310001
RPSOMLTLNHLGFBB68DA,松昌段,14.80,都市：其他:第二種住宅區,5,1,持分移轉,01340000
RPSOMLTLNHLGFBB68DA,松昌段,2.20,都市：其他:第二種住宅區,5,1,持分移轉,01340001
RPSOMLTLNHLGFBB68DA,松昌段,1.80,都市：其他:第二種住宅區,5,1,持分移轉,01390001
RPPNMLTLNHLGFDB48DA,福德段,54.26,都市：其他:第二種住宅區,1,1,全筆移轉,02480002
RPPNMLTLNHLGFDB48DA,福德段,17.93,都市：其他:第三種住宅區。,1,1,全筆移轉,02480008
RPPNMLTLNHLGFDB48DA,福德段,3.35,都市：其他:第三種住宅區。,1,1,全筆移轉,02480009
RPRNMLTLNHLGFDB68DA,前寮段,183.00,都市：其他:農業區,1,1,全筆移轉,05770000
SPVOMLTLNHLGFAB98DA,柳川段五小段,4.11,都市：其他:第一種商業區,10000,182,持分移轉,00200003
RPVOMLTLNHLGFAB88DA,柳川段五小段,3.32,都市：其他:第一種商業區,10000,147,持分移轉,00200003
RPOPMLTKNHLGFDB48DA,光啟段,3.34,都市：其他:農業區,1,1,全筆移轉,07460001
RPPOMLKLNHLGFDB67DA,福隆段,83.77,都市：其他:第一之一種住宅區,1,1,全筆移轉,08150000
RPOPMLLJOHLGFFB87DA,市鎮南段,14.78,都市：其他:第三種商業區,10000,33,持分移轉,01490000
RPPNMLLMNHLGFFB97DA,銀聯段,53.51,都市：其他:第四種住宅區,100000,408,持分移轉,02020000
RPQOMLSLNHLGFCB48DA,鎮南段,7.00,都市：其他:農業區,124,7,持分移轉,07680000
RPQOMLSLNHLGFCB48DA,鎮南段,12.50,都市：其他:農業區,16,1,持分移轉,07680004
RPQOMLSLNHLGFCB48DA,鎮南段,62.00,都市：其他:農業區,1,1,全筆移轉,07680037
RPUOMLTLNHLGFBB88DA,錦村段,3.46,都市：其他:第二種住宅區,300000,144,持分移轉,00610000
RPROMLTKNHLGFAB38DA,頂橋子頭段,48.00,都市：其他:第二種住宅區,1,1,全筆移轉,03130021
RPROMLTKNHLGFAB38DA,頂橋子頭段,11.00,都市：其他:第二種住宅區,1,1,全筆移轉,03130130
RPPNMLTLNHLGFJB09DA,頭汴坑段,40.00,非都市：山坡地保育區 ; 非都市編定：林業用地,1,1,全筆移轉,20840003
RPPNMLQLNHLGFBB08EA,新賴厝廍八段,7.12,都市：其他:第二種住宅區,1000,9,持分移轉,07880000
RPPNMLQLNHLGFBB08EA,新賴厝廍八段,.99,都市：其他:第二種住宅區,1000,9,持分移轉,08070000
RPQNMLLMNHLGFBB67DA,賴厝廍段,166.00,都市：其他:第二種住宅區,1,1,全筆移轉,04300022
RPQPMLPKNHLGFCB18DA,國安段,3.84,都市：其他:第一之一種住宅區,10000,15,持分移轉,02920002
RPVOMLLJOHLGFCB18DA,信安段,34.69,都市：其他:第一之一種住宅區,100000,406,持分移轉,06910000
RPPNMLTLNHLGFCB48EA,楓溪段,.28,都市：其他:第一之一種住宅區,100000,70,持分移轉,03810000
RPVOMLLJOHLGFCB18DA,信安段,10.71,都市：其他:第三之一種住宅區,100000,406,持分移轉,07020000
RPPNMLSLNHLGFJB98DA,溪洲段,15.89,都市：其他:住宅區,15,3,持分移轉,03220000
RPPNMLSLNHLGFJB98DA,溪洲段,195.78,都市：其他:住宅區,15,3,持分移轉,04690000
RPSNMLRLNHLGFKB66DA,遊園北段,516.00,都市：其他:保護區,7,2,持分移轉,00960001
RPSNMLRLNHLGFKB66DA,遊園北段,1950.69,都市：其他:保護區,1,1,全筆移轉,01340000
RPSNMLRLNHLGFKB66DA,遊園北段,1930.08,都市：其他:保護區,1,1,全筆移轉,01350000
RPSNMLRLNHLGFKB66DA,遊園北段,1931.92,都市：其他:保護區,1,1,全筆移轉,01360000
RPRNMLTLNHLGFKB76DA,遊園北段,25.29,都市：其他:保護區,7,6,持分移轉,00980002
RPPNMLMJOHLGFKB38DA,龍泉段,4.10,都市：其他:第四種住宅區,48422,383,持分移轉,05710001
RPVNMLLJOHLGFDB18DA,六張段,54.46,非都市：特定農業區 ; 非都市編定：水利用地,1,1,全筆移轉,09440001
RPVNMLLJOHLGFDB18DA,六張段,45.55,非都市：特定農業區 ; 非都市編定：農牧用地,1,1,全筆移轉,09540001
RPVNMLLJOHLGFDB18DA,六張段,28.87,非都市：特定農業區 ; 非都市編定：水利用地,1,1,全筆移轉,09640001
RPSNMLOJOHLGFEB28DA,馬鳴段,114.61,非都市：特定農業區 ; 非都市編定：農牧用地,1,1,全筆移轉,00970001
WPPNMLMLNHLGFBB18EA,東光段,2.57,都市：其他:第四種商業區,100000,130,持分移轉,01950001
RPPNMLLJOHLGFBB47EA,仁和段,91.00,都市：其他:第一種商業區,1,1,全筆移轉,03830000
RPQNMLMJOHLGFGB08DA,茅埔東段,15.52,非都市：鄉村區 ; 非都市編定：乙種建築用地,20,13,持分移轉,08350000
RPQNMLMJOHLGFGB08DA,茅埔東段,42.05,非都市：鄉村區 ; 非都市編定：乙種建築用地,1,1,全筆移轉,08370000
RPQNMLMJOHLGFGB08DA,茅埔東段,140.05,非都市：鄉村區 ; 非都市編定：乙種建築用地,1,1,全筆移轉,08380000
RPRNMLNJOHLGFGB28DA,新廣興段,7.11,都市：其他:農業區,3,1,持分移轉,10970000
RPRNMLNJOHLGFGB28DA,新廣興段,11.82,都市：其他:農業區,1,1,全筆移轉,11440001
RPOOMLMLNHLGFBB57DA,錦村段,9.44,都市：其他:第二之一種商業區,100000,109,持分移轉,01850000
RPSNMLRLNHLGFIB09DA,自治段,83.07,都市：其他:第三種住宅區。,1,1,全筆移轉,06230000
RPQNMLLJOHLGFAB37DA,麻園頭段,3.58,都市：其他:第二種商業區,10000,119,持分移轉,01650003
RPQNMLNJOHLGFGB18DA,茅埔西段,1455.88,非都市：特定農業區 ; 非都市編定：農牧用地,1,1,全筆移轉,00950001
RPRNMLTKNHLGFCB48DA,國安段,12.18,都市：其他:第六種住宅區,10000,40,持分移轉,00120015
RPOPMLTLNHLGFFB78DA,鹿峰東段,5.75,都市：其他:第四種住宅區,200000,3626,持分移轉,15330000
RPOPMLTLNHLGFFB78DA,鹿峰東段,5.75,都市：其他:第四種住宅區,200000,3626,持分移轉,15340000
TPPNMLMLNHLGFBB87EA,東光段,2.45,都市：其他:第四種商業區,100000,124,持分移轉,01950001
SPPNMLMLNHLGFBB77EA,東光段,3.07,都市：其他:第四種商業區,100000,155,持分移轉,01950001
RPSOMLKLNHLGFBB77DA,中清段,11.30,都市：其他:第二種住宅區,10000,232,持分移轉,06100000
SPSOMLMJOHLGFAB87DA,中墩段五小段,.55,都市：其他:第一種商業區,10000,16,持分移轉,00030000
TPSOMLMJOHLGFAB97DA,中墩段五小段,.55,都市：其他:第一種商業區,10000,16,持分移轉,00030000
RPSOMLMJOHLGFAB77DA,中墩段五小段,.62,都市：其他:第一種商業區,10000,18,持分移轉,00030000
RPPNMLMJOHLGFIB18DA,霧峰段霧峰小段,109.00,非都市：山坡地保育區 ; 非都市編定：丙種建築用地,1,1,全筆移轉,03650888
VPSOMLMJOHLGFAB18DA,中墩段五小段,.55,都市：其他:第一種商業區,10000,16,持分移轉,00030000
RPWNMLLJOHLGFAB97DA,五權段,1.51,都市：其他:第二種住宅區,1000000,481,持分移轉,07740000
RPWNMLLJOHLGFAB97DA,五權段,1.32,都市：其他:第一種商業區,1000000,481,持分移轉,07750000
RPWNMLLJOHLGFAB97DA,五權段,.01,都市：其他:廣場兼停車場用地,1000000,481,持分移轉,07750001
RPQNMLMJOHLGFIB28DA,尖後段,1.51,非都市：鄉村區 ; 非都市編定：乙種建築用地,200000,4200,持分移轉,01900010
RPQNMLMJOHLGFIB28DA,尖後段,113.82,非都市：鄉村區 ; 非都市編定：乙種建築用地,1,1,全筆移轉,01900020
RPQNMLMJOHLGFIB28DA,尖後段,10.81,非都市：鄉村區 ; 非都市編定：乙種建築用地,200000,6014,持分移轉,01900036
UPSOMLMJOHLGFAB08DA,中墩段五小段,.59,都市：其他:第一種商業區,10000,17,持分移轉,00030000
RPOQMLNJOHLGFBB77DA,賴厝廍段,2.17,都市：其他:第一種商業區,10000,13,持分移轉,04420000
RPWPMLNJOHLGFBB48DA,賴厝廍段,3.18,都市：其他:第一種商業區,10000,19,持分移轉,04420000
RPSNMLLJOHLGFJB48DA,中山段,84.91,非都市：鄉村區 ; 非都市編定：乙種建築用地,1,1,全筆移轉,04750000
RPPNMLMLNHLGFBB67EA,東光段,5.56,都市：其他:第四種商業區,100000,281,持分移轉,01950001
UPPNMLMLNHLGFBB97EA,東光段,2.36,都市：其他:第四種商業區,100000,119,持分移轉,01950001
VPPNMLMLNHLGFBB08EA,東光段,2.69,都市：其他:第四種商業區,100000,136,持分移轉,01950001
RPVQMLRLNHLGFCB09DA,楓樹段,32.23,都市：其他:第二之二種住宅區,100000,2032,持分移轉,04880000
RPWNMLLJOHLGFBB08DA,美和段,69.25,都市：其他:第一之一種住宅區,100000,1524,持分移轉,05720000
RPVOMLMJOHLGFAB08DA,旱溪段,199.00,都市：其他:第七種住宅區,1,1,全筆移轉,01791105
RPQQMLNJOHLGFBB97DA,賴厝廍段,3.18,都市：其他:第一種商業區,10000,19,持分移轉,04420000
RPUNMLRLNHLGFFB98DA,保成段,88.16,都市：其他:第二種住宅區,1,1,全筆移轉,12780000
RPOPMLSLNHLGFFB68DA,晉江北段,8.23,都市：其他:第三種住宅區。,417100,817,持分移轉,01080000
RPVOMLRLNHLGFCB88DA,上石碑段,2.98,都市：其他:第三種商業區,100000,85,持分移轉,27700000
RPXNMLLJOHLGFBB18DA,美和段,47.90,都市：其他:第一之一種住宅區,100000,1054,持分移轉,05720000
RPXPMLOKNHLGFBB68DA,東山段,17.32,都市：其他:第一種商業區,1000000,4970,持分移轉,02280000
RPRNMLQLNHLGFKB09DA,萬陵段,89.66,非都市：鄉村區 ; 非都市編定：乙種建築用地,1,1,全筆移轉,00350000
RPPNMLNJOHLGFBB67EA,松茂段,1.50,都市：其他:第二種住宅區,100,75,持分移轉,03940067
RPPNMLNLNHLGFBB67DA,東山段,31.29,都市：其他:第二種住宅區,1000,27,持分移轉,02770000
RPXNMLOJOHLGFEB78DA,幸福段,.05,都市：其他:住宅區,100000,2953,持分移轉,05250012
RPXNMLOJOHLGFEB78DA,幸福段,42.15,都市：其他:住宅區,100000,2953,持分移轉,05280000
RPSNMLMJOHLGFAB67DA,平和段,15.69,都市：其他:第二種商業區,10000,88,持分移轉,00080002
RPSPMLLLNHLGFBB97DA,竹興段,.75,都市：其他:住宅區,15,1,持分移轉,01610016
RPSPMLLLNHLGFBB97DA,竹興段,.38,都市：其他:第一之一種住宅區,15,1,持分移轉,01610017
RPSPMLLLNHLGFBB97DA,竹興段,151.93,都市：其他:第一之一種住宅區,1,1,全筆移轉,01610028
RPXNMLQLNHLGFFB56DA,梧棲段,13.02,都市：其他:第三種商業區,998136,15178,持分移轉,28310000
RPXNMLQLNHLGFFB56DA,梧棲段,14.64,都市：其他:第三種商業區,998136,15178,持分移轉,28320000
RPPNMLNJOHLGFCB77EA,惠安段,6.76,都市：其他:第四之一種商業區,100000,286,持分移轉,01680000
RPQRMLMJOHLGFBB97DA,竹興段,35.33,都市：其他:第一之一種住宅區,100000,711,持分移轉,02080000
RPXOMLTKNHLGFDB66DA,豐東段,12.95,都市：其他:第二種住宅區,27,1,持分移轉,02310000
RPVNMLSLNHLGFDB98DA,豐原段,2.95,都市：其他:第二種商業區,100000,296,持分移轉,06440020
RPVNMLSLNHLGFDB98DA,豐原段,.62,都市：其他:第二種商業區,100000,296,持分移轉,06440051
RPVNMLSLNHLGFDB98DA,豐原段,.30,都市：其他:第二種商業區,100000,296,持分移轉,06440056
RPPNMLRJOHLGFEB28DA,欣洲段,83.56,非都市：特定農業區 ; 非都市編定：甲種建築用地,32,2,持分移轉,04270000
RPPNMLRJOHLGFEB28DA,欣洲段,168.13,非都市：特定農業區 ; 非都市編定：甲種建築用地,32,2,持分移轉,04330000
RPOOMLPKNHLGFFB18DA,銀聯段,21.40,都市：其他:第四種住宅區,32100,2140,持分移轉,05330014
RPOOMLPKNHLGFFB18DA,銀聯段,57.00,都市：其他:第四種住宅區,1,1,全筆移轉,05330016
RPSNMLQLNHLGFEB58DA,文化段,104.48,都市：其他:住宅區,1,1,全筆移轉,01390000
RPQNMLNJOHLGFAB57DA,樹子腳段,7.61,都市：其他:第二種住宅區,100000,238,持分移轉,12970000
RPSNMLTLNHLGFGB09DA,水底寮段上水底寮小段,20.00,非都市：鄉村區 ; 非都市編定：交通用地,1,1,全筆移轉,03490039
RPSNMLTLNHLGFGB09DA,水底寮段上水底寮小段,31.00,非都市：鄉村區 ; 非都市編定：乙種建築用地,1,1,全筆移轉,03500057
RPVRMLMKNHLGFCB58DA,新富段,28.40,都市：其他:第一之B種住宅區,100000,366,持分移轉,03200000
RPVRMLMKNHLGFCB58DA,新富段,2.38,都市：其他:第一之C種住宅區,100000,366,持分移轉,03390000
RPTNMLMJOHLGFFB28DA,忠孝段,33.09,都市：其他:第四種住宅區,10000,449,持分移轉,05290000
RPTNMLLKNHLGFAB67DA,番婆段,11.43,都市：其他:第三種住宅區。,100000,681,持分移轉,03570000
RPTNMLLKNHLGFAB67DA,番婆段,.06,都市：其他:道路用地,100000,681,持分移轉,03570006
RPVOMLMKNHLGFAB08DA,東橋段,122.77,都市：其他:第二種住宅區,1,1,全筆移轉,08830000
RPSOMLTKNHLGFAB48DA,麻園頭段,16.67,都市：其他:第三種住宅區。,2000000,6332,持分移轉,01320000
RPRNMLSLNHLGFAB28DA,下橋子頭段,16.92,都市：其他:第二種住宅區,100000,840,持分移轉,01910011
RPPNMLMJOHLGFHB08DA,員寶段,18.65,都市：其他:農業區,3670,198,持分移轉,13040000
RPPNMLMJOHLGFHB08DA,員寶段,78.24,都市：其他:農業區,1,1,全筆移轉,13320000
RPPNMLNJOHLGFJB38DA,愛平段,6.37,都市：其他:第一種住宅區,100000,603,持分移轉,04820000
RPUNMLNJOHLGFCB18DA,國安段,4.94,都市：其他:第一之一種住宅區,10000,33,持分移轉,01950000
RPRPMLKLNHLGFCB87DA,國安段,8.83,都市：其他:第一種住宅區,10000,31,持分移轉,01040002
RPRPMLKLNHLGFCB87DA,國安段,5.10,都市：其他:第三之一種住宅區,10000,31,持分移轉,01040003
RPVNMLMJOHLGFFB48DA,梧棲段,10.05,都市：其他:第三種商業區,10000,27,持分移轉,27810000
RPWNMLMJOHLGFBB18DA,仁平段,42.09,都市：其他:第一之一種住宅區,10000,101,持分移轉,01320000
RPVNMLMLNHLGFJB98DA,平欣段,9.49,都市：其他:商業區,10000,45,持分移轉,07130000
RPPNMLMLNHLGFAB47DA,番婆段,10.38,都市：其他:第三種住宅區。,10000,83,持分移轉,03770000
RPQNMLTLNHLGFJB66EA,茶寮段,36.28,非都市：鄉村區 ; 非都市編定：乙種建築用地,2,1,持分移轉,05570000
RPRNMLOJOHLGFJB78EA,頭汴坑段,2128.50,非都市：山坡地保育區 ; 非都市編定：林業用地,2,1,持分移轉,13490000
RPPNMLPJOHLGFFB28EA,槺榔段,450.00,都市：其他:人行廣場用地,1,1,全筆移轉,11270001
RPPNMLPJOHLGFFB28EA,槺榔段,267.00,都市：其他:人行廣場用地,1,1,全筆移轉,11270003
RPOOMLSKNHLGFJB88DA,育賢段,22.49,都市：其他:住宅區,10000,32,持分移轉,02270000
RPSOMLSLNHLGFAB48DA,樹子腳段,16.59,都市：其他:第二種住宅區,20000,462,持分移轉,13420000
RPXNMLNJOHLGFAB28DA,吉龍段,10.56,都市：其他:第二種住宅區,37100,1042,持分移轉,14540000
RPWOMLTKNHLGFCB09DA,廣明段,5.23,都市：其他:第二種住宅區,10000,35,持分移轉,06740000
RPTNMLLLNHLGFCB97DA,保安段,9.28,都市：其他:第三之二種住宅區,100000,1023,持分移轉,06840000
RPTNMLLLNHLGFCB97DA,保安段,12.80,都市：其他:第一種商業區,100000,1023,持分移轉,06970000
RPVNMLMLNHLGFFB58DA,忠孝段,354.00,都市：其他:第四種住宅區,1,1,全筆移轉,03480010
RPUOMLOJOHLGFBB28DA,仁德段,26.00,都市：其他:第二種住宅區,100000,603,持分移轉,09500000
RPVNMLPJOHLGFAB28DA,樹子腳段,.82,都市：其他:第三種住宅區。,100000,62,持分移轉,00900000
RPQNMLMJOHLGFFB97DA,市鎮南段,18.54,都市：其他:第四種商業區,100000,323,持分移轉,00550000
RPTVMLOJNHLGFCB88DA,福安段,18.36,都市：其他:第二種住宅區,100000,1224,持分移轉,07790000
RPPNMLQLNHLGFGB48DA,大南段大南小段,385.00,非都市：一般農業區 ; 非都市編定：農牧用地,1,1,全筆移轉,01650637
RPOQMLSKNHLGFCB38DA,永春段,28.34,都市：其他:第一之一種住宅區,12,2,持分移轉,00670004
RPOQMLSKNHLGFCB38DA,永春段,112.20,都市：其他:第一之一種住宅區,1,1,全筆移轉,00670008
RPQNMLPJOHLGFGB38DA,永興段,986.04,非都市：一般農業區 ; 非都市編定：農牧用地,1,1,全筆移轉,02010000
RPUNMLPJOHLGFGB78DA,糖廍段,6.52,都市：其他:住宅區,10000,427,持分移轉,03390007
RPUNMLPJOHLGFGB78DA,糖廍段,67.83,都市：其他:住宅區,1,1,全筆移轉,03390009
RPUNMLPJOHLGFGB78DA,糖廍段,17.39,都市：其他:住宅區,10000,490,持分移轉,03400000
RPTNMLSJOHLGFGB98DA,松茂段,2542.00,非都市：山坡地保育區 ; 非都市編定：農牧用地,1,1,全筆移轉,01660000
RPSNMLPJOHLGFGB58DA,六合段,60.00,都市：其他:住宅區,1,1,全筆移轉,02840000
RPOQMLOJOHLGFBB87DA,錦村段,3.68,都市：其他:第二種住宅區,300000,153,持分移轉,00610000
RPRNMLSLNHLGFHB98DA,家興段,14.63,都市：其他:第一之一種住宅區,10000,49,持分移轉,01000000
RPRTMLPJNHLGFCB58DA,大墩段,1.56,都市：其他:第三種住宅區。,100000,84,持分移轉,04700000
RPQNMLOJOHLGFBB87EA,中清段,13.08,都市：其他:第二種住宅區,100000,915,持分移轉,03660000
RPPUMLMLNHLGFCB38DA,惠泰段,31.26,都市：其他:第二種住宅區,100000,2049,持分移轉,02850000
RPQOMLSJNHLGFIB88DA,地利段,29.16,都市：其他:住宅區,10000,124,持分移轉,10090000
RPOOMLPJOHLGFCB87DA,大墩段,3.84,都市：其他:第二種住宅區,1000,7,持分移轉,03300000
RPQNMLTJOHLGFFB78EA,西社段,40.14,都市：其他:第四種住宅區,1,1,全筆移轉,09440000
RPWNMLSJOHLGFAB68DA,頂橋子頭段,83.00,都市：其他:第二種住宅區,1,1,全筆移轉,00980061
RPUNMLOJOHLGFAB08DA,大公段,4.55,都市：其他:第一種商業區,10000,72,持分移轉,00610000
RPUNMLOJOHLGFAB08DA,大公段,.06,都市：其他:第一種商業區,10000,72,持分移轉,00620000
RPXOMLNJOHLGFBB48DA,榮德段,49.19,都市：其他:第一之一種住宅區,100000,2063,持分移轉,02840000
RPOQMLMJMHLGFFB87DA,三民段,194.70,都市：其他:第四種住宅區,100,30,持分移轉,01230003
RPXPMLMJMHLGFFB68DA,銀聯段,189.60,都市：其他:第四種住宅區,100,30,持分移轉,21550000
RPRNMLSJOHLGFFB68DA,梧棲段,13.49,都市：其他:第三種商業區,285357,7872,持分移轉,27150001
RPSOMLPJOHLGFFB58DA,福安段,67.90,都市：其他:第四種住宅區,1,1,全筆移轉,07540000
RPXOMLSJOHLGFFB76DA,五權段,.29,都市：其他:第四種住宅區,1,1,全筆移轉,12060000
RPXOMLSJOHLGFFB76DA,五權段,152.81,都市：其他:第四種住宅區,1,1,全筆移轉,12070000
RPRNMLOKNHLGFCB97DA,永益段,242.25,都市：其他:第一之一種住宅區,1,1,全筆移轉,01510000
RPSNMLRLNHLGFJB56DA,育賢段,15.10,都市：其他:住宅區,10000,28,持分移轉,02360000
RPPNMLOKMHLGFFB97DA,橋江段,24.50,都市：其他:九年制國校用地,1344,7,持分移轉,01230000
RPQNMLPKMHLGFFB18DA,吳厝南段,54.88,都市：其他:農業區,13491000,53918,持分移轉,04840000
RPPNMLOJOHLGFAB67EA,頂橋子頭段,2.86,都市：其他:第一種商業區,10000,77,持分移轉,01440049
RPTTMLQLNHLGFCB09DA,廣明段,17.54,都市：其他:第二種創新研發專用區,100000,551,持分移轉,08530000
RPXTMLOJOHLGFCB56DA,中和段,6.89,都市：其他:第二種住宅區,10000,162,持分移轉,05940000
RPTNMLSJMHLGFGB78DA,羊崎段,123.94,都市：其他:道路用地,6498,3278,持分移轉,01870000
RPTNMLSJMHLGFGB78DA,羊崎段,.10,都市：其他:道路用地,2,1,持分移轉,01950004
RPVNMLSJMHLGFGB98DA,羊崎段,121.74,都市：其他:道路用地,6498,3220,持分移轉,01870000
RPVNMLSJMHLGFGB98DA,羊崎段,38.22,都市：其他:道路用地,1,1,全筆移轉,01950003
RPVNMLSJMHLGFGB98DA,羊崎段,.10,都市：其他:道路用地,2,1,持分移轉,01950004
RPTNMLKKMHLGFEB87DA,中山段,12.85,都市：其他:住宅區,140,92,持分移轉,02950002
RPPNMLOKMHLGFEB87DA,安田段,23.86,非都市：鄉村區 ; 非都市編定：乙種建築用地,1,1,全筆移轉,09410000
RPQOMLPKNHLGFIB68DA,九如段,116.00,都市：其他:第三種住宅區。,1,1,全筆移轉,06950000
RPQNMLPJOHLGFHB48DA,寶雅段,.05,非都市：特定農業區 ; 非都市編定：農牧用地,6177552,257398,持分移轉,00760000
RPQNMLPJOHLGFHB48DA,寶雅段,103.62,非都市：特定農業區 ; 非都市編定：農牧用地,6177552,257398,持分移轉,00810000
RPQNMLPJOHLGFHB48DA,寶雅段,9.62,非都市：特定農業區 ; 非都市編定：農牧用地,24,1,持分移轉,00820000
RPQNMLPJOHLGFHB48DA,寶雅段,4.88,非都市：特定農業區 ; 非都市編定：農牧用地,12,1,持分移轉,00830000
RPQNMLPJOHLGFHB48DA,寶雅段,264.04,非都市：特定農業區 ; 非都市編定：農牧用地,6177552,257398,持分移轉,00980000
RPOOMLOKMHLGFFB97DA,太平段,6.37,都市：其他:乙種工業區,10000,55,持分移轉,09440000
RPWNMLPJOHLGFCB58DA,福安段,2.51,都市：其他:第三種住宅區。,2000000,1386,持分移轉,07970001
RPQNMLPKMHLGFGB28DA,雙崎段,160.83,非都市：一般農業區 ; 非都市編定：農牧用地,12,1,持分移轉,04700000
RPWPMLNKMHLGFIB09DA,自治段,46.45,都市：其他:園道用地,22400,560,持分移轉,09670001
RPRNMLMJNHLGFCB67DA,大新段,12.41,都市：其他:第三之一種商業區,10000,58,持分移轉,08500000
RPQNMLRKMHLGFFB48EA,保寧段,18.44,都市：其他:第四種住宅區,1,1,全筆移轉,06190000
RPQNMLRKMHLGFFB48EA,保寧段,2.06,都市：其他:第四種住宅區,1,1,全筆移轉,06200000
RPQNMLRKMHLGFFB48EA,保寧段,.43,都市：其他:第四種住宅區,1,1,全筆移轉,06260000
RPPOMLLJMHLGFKB18DA,自強段,1.00,非都市：鄉村區 ; 非都市編定：乙種建築用地,100,1,持分移轉,15720005
RPPNMLKLMHLGFIB08EA,成功段,98.12,都市：其他:住宅區,1,1,全筆移轉,04540000
RPPNMLKLMHLGFIB08EA,成功段,13.02,,1,1,全筆移轉,04550000
RPXOMLMJMHLGFAB08DA,後壠子段,4.55,都市：其他:第二種住宅區,10000,62,持分移轉,01780060
RPSOMLPKMHLGFAB97DA,柳川段一小段,1.81,都市：其他:第二種商業區,100000,66,持分移轉,00040000
RPQNMLSJMHLGFAB87DA,後壠子段,6.03,都市：其他:第二種住宅區,10000,116,持分移轉,02320034
RPVNMLOKMHLGFAB08DA,三民段三小段,5.70,都市：其他:第二種住宅區,60,6,持分移轉,00050016
RPVNMLMJMHLGFAB77DA,重慶段二小段,3.04,都市：其他:第一種商業區,1000,20,持分移轉,00060045
RPPOMLRJMHLGFAB77DA,後壠子段,3.29,都市：其他:第一種商業區,100000,617,持分移轉,01150192
RPVNMLMJMHLGFAB77DA,重慶段二小段,4.26,都市：其他:第一種商業區,1000,28,持分移轉,00060046
RPSOMLPKMHLGFAB97DA,柳川段一小段,.42,都市：其他:第一種商業區,100000,66,持分移轉,00040006
RPOPMLNKMHLGFAB47DA,中墩段三小段,5.80,都市：其他:第二種商業區,1000,18,持分移轉,00030003
RPVNMLMJMHLGFAB77DA,重慶段二小段,.06,都市：其他:第一種商業區,1000,28,持分移轉,00060087
RPOPMLNKMHLGFAB47DA,中墩段三小段,.65,都市：其他:第二種商業區,1000,18,持分移轉,00030013
RPQNMLRKMHLGFEB28DA,黎明段,136.00,都市：其他:住宅區,1,1,全筆移轉,13060000
RPRNMLRKMHLGFEB38DA,松雅段,136.25,非都市：鄉村區 ; 非都市編定：乙種建築用地,2,1,持分移轉,01320000
RPPNMLRKMHLGFFB28DA,梧棲段,6.53,都市：其他:第四種住宅區,10000,217,持分移轉,32030000
RPUOMLOKMHLGFAB08DA,後壠子段,.26,都市：其他:第一種商業區,1000000,815,持分移轉,01480020
RPTPMLNKMHLGFAB97DA,中華段三小段,1.95,都市：其他:第一種商業區,10000,13,持分移轉,00020021
RPPNMLRKMHLGFEB18DA,黎明段,51.47,都市：其他:住宅區,1,1,全筆移轉,09920000
RPPNMLOKMHLGFGB08DA,伯公段,1036.69,非都市：山坡地保育區 ; 非都市編定：農牧用地,3,1,持分移轉,10650000
RPQOMLSJMHLGFCB18DA,大進段,30.51,都市：其他:第二種住宅區,10000,479,持分移轉,05970000
RPPNMLRKMHLGFHB58EA,僑忠段,128.35,非都市：特定農業區 ; 非都市編定：水利用地,1,1,全筆移轉,01240001
RPPNMLKKMHLGFCB27DA,寶山段,6.59,都市：其他:第二種住宅區,100000,142,持分移轉,08840000
RPWNMLTJMHLGFDB88DA,眉山西段,32.93,都市：其他:商業區,5,1,持分移轉,00830000
SPVNMLKLMHLGFEB28DA,虎尾寮段,279.49,非都市：特定農業區 ; 非都市編定：水利用地,3,1,持分移轉,03160000
SPVNMLKLMHLGFEB28DA,虎尾寮段,4.29,非都市：特定農業區 ; 非都市編定：水利用地,3,1,持分移轉,03180000
SPVNMLKLMHLGFEB28DA,虎尾寮段,59.18,非都市：特定農業區 ; 非都市編定：水利用地,1,1,全筆移轉,03190000
SPVNMLKLMHLGFEB28DA,虎尾寮段,4.48,非都市：特定農業區 ; 非都市編定：水利用地,1,1,全筆移轉,03210001
SPVNMLKLMHLGFEB28DA,虎尾寮段,50.17,非都市：特定農業區 ; 非都市編定：水利用地,1,1,全筆移轉,03210002
SPVNMLKLMHLGFEB28DA,虎尾寮段,10.47,非都市：特定農業區 ; 非都市編定：水利用地,1,1,全筆移轉,03230001
SPVNMLKLMHLGFEB28DA,虎尾寮段,57.40,非都市：特定農業區 ; 非都市編定：水利用地,1,1,全筆移轉,03230003
SPVNMLKLMHLGFEB28DA,虎尾寮段,9.26,非都市：特定農業區 ; 非都市編定：水利用地,1,1,全筆移轉,03230004
SPVNMLKLMHLGFEB28DA,虎尾寮段,33.97,非都市：特定農業區 ; 非都市編定：水利用地,1,1,全筆移轉,03240001
SPVNMLKLMHLGFEB28DA,虎尾寮段,26.50,非都市：特定農業區 ; 非都市編定：水利用地,1,1,全筆移轉,03240002
SPVNMLKLMHLGFEB28DA,虎尾寮段,4.90,非都市：特定農業區 ; 非都市編定：水利用地,1,1,全筆移轉,03240003
SPVNMLKLMHLGFEB28DA,虎尾寮段,711.90,非都市：特定農業區 ; 非都市編定：水利用地,1,1,全筆移轉,04060000
SPVNMLKLMHLGFEB28DA,虎尾寮段,1727.44,非都市：特定農業區 ; 非都市編定：農牧用地,1,1,全筆移轉,04080000
SPVNMLKLMHLGFEB28DA,虎尾寮段,301.00,非都市：特定農業區 ; 非都市編定：農牧用地,1,1,全筆移轉,08810000
SPVNMLKLMHLGFEB28DA,虎尾寮段,17.13,非都市：特定農業區 ; 非都市編定：水利用地,1,1,全筆移轉,08810001
RPRPMLNKMHLGFAB77DA,尚武段,29.19,都市：其他:第二種住宅區,100000,1433,持分移轉,06380000
RPRPMLNKMHLGFAB77DA,尚武段,.05,都市：其他:第二種住宅區,7000000,33,持分移轉,07350000
RPRPMLNKMHLGFAB77DA,尚武段,1.49,都市：其他:第五種住宅區,10000,20,持分移轉,07350005
RPPRMLRJMHLGFCB28DA,西屯段,2.98,都市：其他:第二種商業區,100000,88,持分移轉,09320000
RPTNMLRJMHLGFAB08DA,光明段一小段,7.03,都市：其他:第二種商業區,10000,47,持分移轉,00030000
RPSNMLOKMHLGFHB48DA,弘富段,95.99,都市：其他:第一之二種住宅區,10000,7285,持分移轉,03220002
RPXNMLNKMHLGFHB88DA,甘潭段,5.03,都市：其他:第一之二種住宅區,2000,10,持分移轉,04520000
RPVNMLKLMHLGFEB18DA,虎尾寮段,127.46,非都市：特定農業區 ; 非都市編定：農牧用地,1,1,全筆移轉,02830000
RPVNMLKLMHLGFEB18DA,虎尾寮段,139.38,非都市：特定農業區 ; 非都市編定：農牧用地,1,1,全筆移轉,02890000
RPVNMLKLMHLGFEB18DA,虎尾寮段,2116.88,非都市：特定農業區 ; 非都市編定：農牧用地,1,1,全筆移轉,03210000
RPVNMLKLMHLGFEB18DA,虎尾寮段,337.87,非都市：特定農業區 ; 非都市編定：農牧用地,1,1,全筆移轉,03230000
RPVNMLKLMHLGFEB18DA,虎尾寮段,43.30,非都市：特定農業區 ; 非都市編定：農牧用地,1,1,全筆移轉,03230002
RPVNMLKLMHLGFEB18DA,虎尾寮段,31.85,非都市：特定農業區 ; 非都市編定：農牧用地,1,1,全筆移轉,03240000
RPVNMLKLMHLGFEB18DA,虎尾寮段,17.89,非都市：特定農業區 ; 非都市編定：農牧用地,1,1,全筆移轉,04040000
RPVNMLKLMHLGFEB18DA,虎尾寮段,1504.31,非都市：特定農業區 ; 非都市編定：農牧用地,1,1,全筆移轉,08810002
RPXNMLKLMHLGFEB38DA,幼獅段,83.00,非都市：工業區 ; 非都市編定：丁種建築用地,1,1,全筆移轉,05520006
RPXNMLKLMHLGFEB38DA,幼獅段,81.00,非都市：工業區 ; 非都市編定：丁種建築用地,1,1,全筆移轉,05520007
RPVNMLKKMHLGFKB68DA,追分段,756.00,都市：其他:農業區,1,1,全筆移轉,16010008
RPVOMLKKMHLGFCB97DA,廣明段,4.32,都市：其他:第二種住宅區,100000,159,持分移轉,06100000
RPPNMLRKMHLGFHB48DA,永興段,4.56,都市：其他:宗教專用區,28,2,持分移轉,05090000
RPPNMLRKMHLGFHB48DA,永興段,.28,都市：其他:宗教專用區,28,2,持分移轉,05100000
RPPNMLRKMHLGFHB48DA,永興段,22.83,都市：其他:第二種商業區,28,2,持分移轉,05110000
RPQNMLPKMHLGFIB48DA,新仁段,25.76,都市：其他:住宅區,10000,385,持分移轉,10590000
RPPNMLKKMHLGFGB67DA,泰昌段,167.95,都市：其他:住宅區,1,1,全筆移轉,12610000
RPTNMLKLMHLGFAB57DA,後壠子段,5.54,都市：其他:第二種住宅區,10000,246,持分移轉,01160090
RPSNMLNLMHLGFGB38DA,伯公段,162.18,都市：其他:農業區,1,1,全筆移轉,05430000
RPSNMLNLMHLGFGB38DA,伯公段,24.34,都市：其他:農業區,131900,21983,持分移轉,05470000
RPSNMLRKMHLGFCB28DA,中仁段,3.94,都市：其他:第二種住宅區,10000,103,持分移轉,02490000
RPQNMLSKMHLGFCB18DA,國安段,16.86,都市：其他:第一之一種住宅區,10000,34,持分移轉,02920000
RPOPMLQKMHLGFCB97DA,福星段,18.60,都市：其他:第一種住宅區,8,1,持分移轉,05000004
RPOPMLQKMHLGFCB97DA,福星段,116.30,都市：其他:第一種住宅區,1,1,全筆移轉,05000012
RPWQMLOKMHLGFCB68DA,上石碑段,1.74,都市：其他:第二種住宅區,10000,163,持分移轉,00800000
RPWQMLOKMHLGFCB68DA,西屯段,4.84,都市：其他:第二種住宅區,10000,163,持分移轉,20190000
RPRNMLLLMHLGFBB67EA,文正段,.32,都市：其他:第二種住宅區,2000,32,持分移轉,00870120
RPRNMLLLMHLGFBB67EA,文正段,1.44,都市：其他:第二種住宅區,2000,32,持分移轉,00910032
RPRNMLLLMHLGFBB67EA,文正段,3.65,都市：其他:第二種住宅區,1972,32,持分移轉,00910033
RPVNMLSJMHLGFCB58DA,上石碑段,2.88,都市：其他:第三種商業區,100000,82,持分移轉,27700000
RPTNMLRJMHLGFFB58DA,中清段,49.00,都市：其他:保護區,1,1,全筆移轉,02560000
RPXOMLNKMHLGFFB78DA,梧棲段,283.00,都市：其他:第四種住宅區,1,1,全筆移轉,01880004
RPUNMLKMLHLGFBB77DA,建功段,7.00,都市：其他:學校用地,6,2,持分移轉,08270000
RPWNMLKLMHLGFDB18DA,豐原段,105.00,都市：其他:第二種商業區,1,1,全筆移轉,01610001
RPPOMLQKMHLGFIB58DA,霧峰段北溝小段,1071.00,非都市：山坡地保育區 ; 非都市編定：林業用地,1,1,全筆移轉,00012499
RPPNMLKLMHLGFCB37DA,下石碑段,43.00,都市：其他:乙種工業區,1,1,全筆移轉,19740001
RPXNMLPKMHLGFCB58DA,中仁段,20.66,都市：其他:第二種住宅區,10000,251,持分移轉,01090000
RPPNMLLLMHLGFAB27DA,科博段,2.64,都市：其他:第一種商業區,487370,357,持分移轉,05130000
RPPPMLNKMHLGFFB08DA,梧棲段,6.53,都市：其他:第四種住宅區,10000,217,持分移轉,32030000
RPXOMLKLMHLGFAB08DA,後壠子段,79.00,都市：其他:第一種商業區,1,1,全筆移轉,01730182
RPPOMLKLMHLGFAB27DA,五權段,1.47,都市：其他:第二種住宅區,1000000,466,持分移轉,07740000
RPPOMLKLMHLGFAB27DA,五權段,1.28,都市：其他:第一種商業區,1000000,466,持分移轉,07750000
RPPOMLKLMHLGFAB27DA,五權段,.01,都市：其他:廣場兼停車場用地,1000000,466,持分移轉,07750001
RPSNMLMLMHLGFGB28DA,六合段,5.42,都市：其他:住宅區,20,1,持分移轉,00550000
RPVOMLTJMHLGFCB78DA,何厝段,3.07,都市：其他:市場用地,1000000,1384,持分移轉,02610010
RPPNMLNLMHLGFIB38EA,南柳段,8.49,非都市：鄉村區 ; 非都市編定：乙種建築用地,1,1,全筆移轉,06540000
RPUNMLQKMHLGFDB48DA,十五庄段,78.48,都市：其他:第二種住宅區,1,1,全筆移轉,05380000
RPRNMLNLMHLGFEB08DA,永信段,287.67,非都市：特定農業區 ; 非都市編定：農牧用地,1,1,全筆移轉,00820001
RPWNMLQKMHLGFJB66DA,聖和段,30.79,非都市：鄉村區 ; 非都市編定：乙種建築用地,1,1,全筆移轉,06650004
RPUNMLQKMHLGFJB09DA,聖和段,28.17,非都市：鄉村區 ; 非都市編定：乙種建築用地,1,1,全筆移轉,06650003
RPPOMLOKMHLGFJB48DA,宜欣段,10.76,都市：其他:住宅區,10000,134,持分移轉,19150000
RPTNMLRKMHLGFJB09DA,愛平段,10.00,,1,1,全筆移轉,05090001
RPPOMLOKMHLGFJB48DA,宜欣段,.08,都市：其他:住宅區,10000,134,持分移轉,19150001
RPPOMLOKMHLGFJB48DA,宜欣段,.04,都市：其他:住宅區,72,1,持分移轉,19160020
RPUNMLLLMHLGFJB68DA,和平段,53.00,都市：其他:住宅區,2,1,持分移轉,05890000
RPUNMLLLMHLGFJB68DA,和平段,7.50,都市：其他:住宅區,2,1,持分移轉,05900000
RPTNMLKLMHLGFDB87DA,豐原段,11.18,都市：其他:第二種商業區,100000,1251,持分移轉,00130000
RPTNMLKLMHLGFDB87DA,豐原段,5.67,都市：其他:第二種商業區,100000,1251,持分移轉,00130011
RPRNMLPKMHLGFEB18DA,雁門段,15.20,都市：其他:住宅區,15,2,持分移轉,01860000
RPRNMLQKMHLGFGB48DA,南眉段,290.12,非都市：一般農業區 ; 非都市編定：甲種建築用地,1,1,全筆移轉,02820000
RPQNMLNLMHLGFGB18DA,新國校段,78.68,非都市：特定農業區 ; 非都市編定：甲種建築用地,1,1,全筆移轉,05550001
RPWNMLMLMHLGFCB28DA,上石碑段,12.87,都市：其他:第三之二種住宅區,30000,111,持分移轉,07680000
RPVOMLMLMHLGFCB28DA,大新段,22.42,都市：其他:第二種住宅區,10000,60,持分移轉,03200000
RPSNMLPKMHLGFJB78DA,新德隆段,78.76,非都市：鄉村區 ; 非都市編定：乙種建築用地,1,1,全筆移轉,04470000
RPWNMLMLMHLGFHB78DA,摘星段,21.30,都市：其他:第一之一種住宅區,10000,57,持分移轉,12670000
RPTNMLLLMHLGFIB48DA,南湖段,14.66,都市：其他:住宅區,396964800,3082625,持分移轉,13090000
RPPNMLNLMHLGFAB57EA,平民段六小段,174.04,都市：其他:第二種住宅區,4000,2637,持分移轉,00040000
RPPNMLNLMHLGFAB57EA,平民段六小段,4.50,都市：其他:第二種住宅區,2000,1000,持分移轉,00040003
RPSOMLKLMHLGFIB38DA,北新段,17.16,都市：其他:住宅區,10000,27,持分移轉,10540000
RPSNMLTKMHLGFIB09DA,萊園段,3099.05,非都市：山坡地保育區 ; 非都市編定：農牧用地,1,1,全筆移轉,01680000
RPSNMLTKMHLGFIB09DA,萊園段,3099.05,非都市：山坡地保育區 ; 非都市編定：農牧用地,1,1,全筆移轉,01680001
RPRNMLKKMHLGFCB47DA,廣順段,18.70,都市：其他:農業區,1,1,全筆移轉,02870000
SPRNMLKKMHLGFCB57DA,廣順段,6.20,都市：其他:農業區,10000,2258,持分移轉,02880000
RPROMLMLMHLGFDB97DA,新興段,170.57,非都市：一般農業區 ; 非都市編定：甲種建築用地,1,1,全筆移轉,08320000
RPORMLQKMHLGFBB08DA,文正段,5.54,都市：其他:第二種住宅區,10000,56,持分移轉,00870000
RPORMLQKMHLGFBB08DA,文正段,2.83,都市：其他:第二種住宅區,10000,56,持分移轉,00890003
RPRNMLOKMHLGFFB18DA,東晉段,30.14,都市：其他:第二種住宅區,10000,308,持分移轉,08990000
RPRNMLOKMHLGFFB18DA,東晉段,84.16,都市：其他:第二種住宅區,1,1,全筆移轉,09070000
RPQOMLLLMHLGFIB28DA,萬豐段,98.50,非都市：山坡地保育區 ; 非都市編定：丙種建築用地,1,1,全筆移轉,08920000
RPVNMLLLMHLGFIB68DA,大元段,16.22,,1,1,全筆移轉,12470001
RPOOMLLLMHLGFIB08DA,中華段,.75,都市：其他:第三種住宅區。,100000,40,持分移轉,09030000
RPUNMLKLMHLGFJB58DA,新興段,3.08,都市：其他:商業區,100000,85,持分移轉,01210000
RPXNMLLLMHLGFFB58DA,東晉段,29.75,都市：其他:第二種住宅區,10000,304,持分移轉,08990000
RPXNMLLLMHLGFFB58DA,東晉段,109.87,都市：其他:第二種住宅區,1,1,全筆移轉,09030000
RPPNMLNLMHLGFFB97DA,忠孝段,51.39,都市：其他:第四種住宅區,100000,3637,持分移轉,03510002
RPPNMLMLMHLGFGB97DA,詒新段,99.42,都市：其他:乙種工業區,1,1,全筆移轉,01090001
RPPOMLPKMHLGFAB67DA,樹子腳段,6.94,都市：其他:第三種住宅區。,10000,22,持分移轉,15700000
RPPOMLPKMHLGFAB67DA,樹子腳段,.01,都市：其他:道路用地,10000,22,持分移轉,15700004
RPUOMLNLMHLGFDB38DA,七星段,202.03,非都市：山坡地保育區 ; 非都市編定：農牧用地,100800,2520,持分移轉,00090000
RPUOMLNLMHLGFDB38DA,七星段,38.21,非都市：山坡地保育區 ; 非都市編定：農牧用地,100800,2520,持分移轉,00100000
RPPNMLRLMHLGFFB48EA,福至段,5.44,都市：其他:第二種住宅區,6480000,15000,持分移轉,05010000
RPPNMLOLMHLGFHB38EA,六寶段,4.77,非都市：鄉村區 ; 非都市編定：乙種建築用地,1,1,全筆移轉,08340000
RPSPMLRJMHLGFCB38DA,上石碑段,3.59,都市：其他:第二種住宅區,10000,73,持分移轉,08920000
RPQNMLTJMHLGFBB08DA,建業段,141.00,都市：其他:第二種住宅區,1,1,全筆移轉,01240000
RPQNMLTJMHLGFBB08DA,建業段,70.00,,1,1,全筆移轉,01250000
RPVRMLQKMHLGFBB78DA,水源段,102.00,都市：其他:第一種商業區,1,1,全筆移轉,03310014
RPQNMLLLMHLGFFB87DA,甲南段,59.02,都市：其他:農業區,2,1,持分移轉,11790000
RPRNMLLLMHLGFFB97DA,海風段,2.25,非都市：山坡地保育區 ; 非都市編定：農牧用地,72,2,持分移轉,00630000
RPRNMLLLMHLGFFB97DA,海風段,1.47,非都市：山坡地保育區 ; 非都市編定：農牧用地,72,2,持分移轉,00640000
RPRNMLLLMHLGFFB97DA,海風段,25.43,非都市：山坡地保育區 ; 非都市編定：農牧用地,72,2,持分移轉,00650000
RPRNMLLLMHLGFFB97DA,海風段,188.83,非都市：山坡地保育區 ; 非都市編定：農牧用地,72,2,持分移轉,00660000
RPRNMLLLMHLGFFB97DA,海風段,21.04,非都市：山坡地保育區 ; 非都市編定：農牧用地,72,2,持分移轉,00740000
RPWNMLRKMHLGFAB48DA,頂橋子頭段,13.09,都市：其他:第三種住宅區。,100000,714,持分移轉,05020000
RPPNMLMLMHLGFAB37DA,尚武段,33.00,都市：其他:第五種住宅區,1,1,全筆移轉,05050000
RPVNMLLLMHLGFAB87DA,平和段,2.60,都市：其他:第一種商業區,10000,7,持分移轉,00500000
RPROMLTJMHLGFDB48DA,墩南段,2234.07,都市：其他:農業區,1,1,全筆移轉,08240000
RPPNMLMLMHLGFAB37DA,尚武段,25.00,都市：其他:第五種住宅區,1,1,全筆移轉,05050001
RPXNMLLLMHLGFAB08DA,東興段,9.50,都市：其他:第三種住宅區。,1,1,全筆移轉,08470000
SPVNMLOLMHLGFAB28DA,練武段,3.00,都市：其他:第五種住宅區,1,1,全筆移轉,06500047
RPVNMLOLMHLGFAB18DA,練武段,25.00,都市：其他:第五種住宅區,1,1,全筆移轉,06480000
RPVNMLKLMHLGFDB08DA,一心段,27.81,都市：其他:第一之一種住宅區,1000000,14120,持分移轉,05920000
RPUNMLOLMHLGFGB68DA,石圍墻二段,195.35,非都市：山坡地保育區 ; 非都市編定：農牧用地,1,1,全筆移轉,12190000
RPTNMLOLMHLGFGB58DA,東勢段石角小段,7930.33,非都市：山坡地保育區 ; 非都市編定：林業用地,1000,669,持分移轉,16050003
RPSNMLOLMHLGFGB48DA,東勢段石角小段,7910.00,非都市：山坡地保育區 ; 非都市編定：林業用地,1,1,全筆移轉,16050000
RPWNMLLLMHLGFFB48DA,海風段,1.13,非都市：山坡地保育區 ; 非都市編定：農牧用地,72,1,持分移轉,00630000
RPWNMLLLMHLGFFB48DA,海風段,.73,非都市：山坡地保育區 ; 非都市編定：農牧用地,72,1,持分移轉,00640000
RPWNMLLLMHLGFFB48DA,海風段,12.72,非都市：山坡地保育區 ; 非都市編定：農牧用地,72,1,持分移轉,00650000
RPWNMLLLMHLGFFB48DA,海風段,94.41,非都市：山坡地保育區 ; 非都市編定：農牧用地,72,1,持分移轉,00660000
RPWNMLLLMHLGFFB48DA,海風段,10.52,非都市：山坡地保育區 ; 非都市編定：農牧用地,72,1,持分移轉,00740000
RPPNMLSLMHLGFFB58EA,六福段,11.57,都市：其他:第二種住宅區,1,1,全筆移轉,17110001
RPUQMLNKMHLGFBB28DA,水源段,4.40,都市：其他:第三種住宅區。,40,4,持分移轉,00940000
RPOOMLRKMHLGFAB77DA,樹子腳段,36.00,都市：其他:乙種工業區,9,3,持分移轉,09450000
RPOOMLRKMHLGFAB77DA,樹子腳段,7.50,都市：其他:乙種工業區,6,3,持分移轉,09580000
RPSNMLNLMHLGFCB97DA,國安段,4.86,都市：其他:第一之一種住宅區,10000,33,持分移轉,01980000
RPPOMLNLMHLGFCB77DA,福安段,20.79,都市：其他:第二種住宅區,10000,99,持分移轉,08140000
RPROMLKLMHLGFKB48DA,仁德段,14.90,都市：其他:住宅區,10000,58,持分移轉,04150000
RPQNMLQKMHLGFDB08DA,新中社段,86.20,非都市：鄉村區 ; 非都市編定：乙種建築用地,1,1,全筆移轉,06900005
RPTNMLTJMHLGFHB98DA,大豐段,75.39,都市：其他:第一之一種住宅區,1,1,全筆移轉,01880000
RPTNMLTJMHLGFHB98DA,大豐段,4.48,都市：其他:第一之一種住宅區,1,1,全筆移轉,01890000
RPQNMLRLMHLGFDB28DA,福庄段,393.17,非都市：特定農業區 ; 非都市編定：農牧用地,1,1,全筆移轉,00430001
RPUNMLNKMHLGFKB88DA,遠東段,37.75,都市：其他:第二種住宅區,10000,717,持分移轉,05420000
RPQOMLMLMHLGFJB48DA,勤益段,2.16,非都市：鄉村區 ; 非都市編定：乙種建築用地,10000,41,持分移轉,04090000
RPQOMLMLMHLGFJB48DA,勤益段,.58,非都市：鄉村區 ; 非都市編定：乙種建築用地,10000,5,持分移轉,04320000
RPSNMLMLMHLGFEB08DA,致用段,81.39,都市：其他:住宅區,1,1,全筆移轉,01130007
RPQNMLNLMHLGFEB97DA,水美東段,229.29,非都市：特定農業區 ; 非都市編定：農牧用地,12,3,持分移轉,02810000
RPQNMLNLMHLGFEB97DA,水美東段,197.47,非都市：特定農業區 ; 非都市編定：甲種建築用地,12,3,持分移轉,02820000
RPRNMLRKMHLGFFB48DA,三鹿段,460.92,都市：其他:第二種住宅區,1,1,全筆移轉,10980000
RPRNMLRLMHLGFFB58DA,東建段,42.00,都市：其他:第三種商業區,1,1,全筆移轉,02970000
RPVNMLRLMHLGFFB98DA,大學段,84.85,都市：其他:第二種住宅區,1,1,全筆移轉,05420000
RPRNMLTLMHLGFFB78DA,大學段,73.37,都市：其他:第二種住宅區,1200,86,持分移轉,12450000
RPPNMLNLMHLGFGB08DA,東勢段中嵙小段,769.00,非都市：山坡地保育區 ; 非都市編定：農牧用地,1,1,全筆移轉,12120026
RPPNMLNLMHLGFGB08DA,東勢段中嵙小段,1358.00,非都市：山坡地保育區 ; 非都市編定：農牧用地,1,1,全筆移轉,12190000
RPPNMLTLMHLGFGB68DA,神木段,634.21,非都市：山坡地保育區 ; 非都市編定：農牧用地,1,1,全筆移轉,01540000
RPVNMLQKMHLGFIB09DA,中興段,16.71,都市：其他:商業區,200000,2030,持分移轉,02030000
RPXNMLKLMHLGFIB78DA,武德段,7.62,都市：其他:住宅區,160,5,持分移轉,07450000
RPQNMLQKMHLGFJB68DA,福德段,28.49,都市：其他:第一種住宅區,1,1,全筆移轉,02540000
RPQNMLQKMHLGFJB68DA,福德段,48.24,都市：其他:第一種住宅區,1,1,全筆移轉,02550000
RPQNMLQKMHLGFJB68DA,福德段,2.31,都市：其他:第一種住宅區,1,1,全筆移轉,02560000
RPROMLOLMHLGFCB08DA,惠安段,5.92,都市：其他:第四之一種商業區,100000,73,持分移轉,02230000
RPPOMLNLMHLGFIB38DA,舊正東段,50.20,非都市：鄉村區 ; 非都市編定：乙種建築用地,1,1,全筆移轉,04210000
RPVPMLOKMHLGFCB48DA,下石碑段,9.10,都市：其他:第三之二種住宅區,10,1,持分移轉,05530000
RPWNMLKLMHLGFKB88DA,新東段,5.08,非都市：鄉村區 ; 非都市編定：乙種建築用地,2459,5,持分移轉,04210000
RPUNMLRLMHLGFJB66DA,樹孝段,127.92,都市：其他:住宅區,1,1,全筆移轉,12100000
RPRNMLNLMHLGFIB48DA,金城段,2.23,,1,1,全筆移轉,11920000
RPRNMLNLMHLGFIB48DA,金城段,126.67,都市：其他:住宅區,1,1,全筆移轉,11970000
RPRNMLRLMHLGFIB88DA,新仁段,22.02,都市：其他:住宅區,10000,159,持分移轉,00820000
RPSNMLLLMHLGFAB57DA,後壠子段,41.86,都市：其他:第二種住宅區,42,3,持分移轉,03540006
RPSNMLLLMHLGFAB57DA,後壠子段,20.29,都市：其他:第二種住宅區,42,3,持分移轉,03540009
RPPNMLNLMHLGFAB47DA,平和段,2.60,都市：其他:第一種商業區,10000,7,持分移轉,00500000
RPRNMLRLMHLGFAB08DA,下橋子頭段,10.05,都市：其他:第三種住宅區。,10000,60,持分移轉,02100006
RPRNMLRLMHLGFAB08DA,下橋子頭段,.11,都市：其他:第三種住宅區。,10000,60,持分移轉,02100019
RPSNMLQLMHLGFBB18DA,太順段,6.91,都市：其他:第二種住宅區,10000,295,持分移轉,00210016
RPSNMLQLMHLGFBB18DA,太順段,119.28,都市：其他:第二種住宅區,1,1,全筆移轉,00210017
RPXNMLTJMHLGFBB78DA,大仁段,.41,都市：其他:住宅區,1000,12,持分移轉,03300000
RPXNMLTJMHLGFBB78DA,大仁段,1.21,都市：其他:道路用地,1000,12,持分移轉,03350000
RPXNMLTJMHLGFBB78DA,大仁段,.33,都市：其他:道路用地,1000,12,持分移轉,03360000
RPXNMLTJMHLGFBB78DA,大仁段,.10,都市：其他:道路用地,1000,12,持分移轉,03370000
RPXNMLTJMHLGFBB78DA,大仁段,.46,都市：其他:道路用地,1000,12,持分移轉,03380000
RPXNMLTJMHLGFBB78DA,大仁段,.33,都市：其他:道路用地,1000,12,持分移轉,03390000
RPXNMLTJMHLGFBB78DA,大仁段,.99,都市：其他:住宅區,1000,12,持分移轉,03400000
RPXNMLTJMHLGFBB78DA,大仁段,.12,都市：其他:住宅區,1000,12,持分移轉,03400001
RPXNMLTJMHLGFBB78DA,大仁段,1.22,都市：其他:住宅區,1000,12,持分移轉,03420000
RPXNMLTJMHLGFBB78DA,大仁段,.21,都市：其他:住宅區,1000,12,持分移轉,03420001
RPXNMLTJMHLGFBB78DA,大仁段,.08,都市：其他:住宅區,1000,12,持分移轉,03430000
RPXNMLTJMHLGFBB78DA,大仁段,.08,都市：其他:住宅區,1000,12,持分移轉,03440001
RPXNMLTJMHLGFBB78DA,大仁段,.14,都市：其他:道路用地,1000,12,持分移轉,03440002
RPXNMLTJMHLGFBB78DA,大仁段,.23,都市：其他:住宅區,1000,12,持分移轉,03550000
RPXNMLTJMHLGFBB78DA,大仁段,.10,都市：其他:住宅區,1000,12,持分移轉,03600000
RPXNMLTJMHLGFBB78DA,大仁段,2.25,都市：其他:住宅區,1000,12,持分移轉,03610000
RPXNMLTJMHLGFBB78DA,大仁段,7.70,都市：其他:住宅區,1000,12,持分移轉,03740000
RPXNMLTJMHLGFBB78DA,大仁段,.24,都市：其他:道路用地,1000,12,持分移轉,03810001
RPROMLOLMHLGFBB97DA,大昌段,22.87,都市：其他:農業區,1,1,全筆移轉,00860006
RPSPMLNJMHLGFCB97DA,西屯段,19.10,都市：其他:第三之二種住宅區,10000,52,持分移轉,22990000
RPVNMLNKMHLGFAB97DA,公民段,13.28,都市：其他:第三種住宅區。,10000,132,持分移轉,14220000
RPQNMLRJMHLGFDB08DA,牛稠坑段,86.00,都市：其他:住宅區,1,1,全筆移轉,01160042
RPUNMLSLMHLGFAB48DA,下橋子頭段,42.94,都市：其他:第三種住宅區。,48,1,持分移轉,02610021
RPWNMLSLMHLGFAB68DA,旱溪段,12.00,都市：其他:第二種住宅區,1,1,全筆移轉,02760040
RPQNMLTKMHLGFKB09DA,文昌段,29.00,都市：其他:農業區,1,1,全筆移轉,03530034
RPQNMLTKMHLGFKB09DA,文昌段,612.00,都市：其他:農業區,1,1,全筆移轉,06060001
RPQOMLRLMHLGFAB08DA,半平厝段,10.44,都市：其他:第三種住宅區。,10000,46,持分移轉,19920000
RPSOMLSLMHLGFCB58DA,上石碑段,2.04,都市：其他:第三之二種住宅區,10000,87,持分移轉,14570005
RPSOMLSLMHLGFCB58DA,上石碑段,5.49,都市：其他:第一種商業區,10000,87,持分移轉,14580000
RPXPMLNLMHLGFDB78DA,大仁段,14.17,都市：其他:第二種商業區,100000,2333,持分移轉,05120000
RPXPMLNLMHLGFDB78DA,大仁段,12.54,都市：其他:第三種住宅區。,100000,2333,持分移轉,05130000
RPPNMLSLMHLGFKB98DA,龍田段,19.00,都市：其他:第四種住宅區,1,1,全筆移轉,15850071
RPPNMLOLMHLGFKB58DA,竹師段,107.31,都市：其他:第四種住宅區,3,1,持分移轉,03380000
RPPNMLOLMHLGFKB58DA,竹師段,24.58,都市：其他:第四種住宅區,72,2,持分移轉,03600000
RPTNMLRLMHLGFKB66DA,新東段,6.10,非都市：鄉村區 ; 非都市編定：乙種建築用地,2459,6,持分移轉,04210000
RPPNMLTLMHLGFFB58DA,六福段,5.02,都市：其他:第二種住宅區,192,2,持分移轉,01510000
RPPNMLTLMHLGFFB58DA,六福段,5.99,都市：其他:第二種住宅區,192,2,持分移轉,03180000
RPPNMLTLMHLGFFB58DA,六路段,5.72,都市：其他:第二種住宅區,192,2,持分移轉,08350000
RPPNMLTLMHLGFFB58DA,大學段,19.38,都市：其他:保護區,192,2,持分移轉,16460000
RPVNMLNLMHLGFGB68DA,新萬興段,2.04,都市：其他:農業區,4,1,持分移轉,07250001
RPVNMLNLMHLGFGB68DA,新萬興段,144.89,都市：其他:住宅區,1,1,全筆移轉,07260000
RPVNMLNLMHLGFGB68DA,新萬興段,43.89,都市：其他:農業區,2,1,持分移轉,07280000
RPVNMLNLMHLGFGB68DA,新萬興段,12.17,都市：其他:住宅區,384,48,持分移轉,07290000
RPVNMLNLMHLGFGB68DA,新萬興段,8.64,都市：其他:農業區,384,48,持分移轉,07290001
RPVNMLNLMHLGFGB68DA,新萬興段,.09,都市：其他:住宅區,384,48,持分移轉,07290002
RPPNMLRKMHLGFAB77DA,美舘段,80.35,都市：其他:道路用地,1,1,全筆移轉,10750000
RPROMLRKMHLGFCB28DA,惠來厝段,21.30,都市：其他:第三之二種住宅區,100000,858,持分移轉,00160000
RPQNMLKLMHLGFKB28DA,東海段,8.36,都市：其他:第二種住宅區,10000,44,持分移轉,00420000
RPSNMLPLMHLGFCB18DA,永春段,150.01,都市：其他:第一種住宅區,1,1,全筆移轉,01750000
RPPNMLSLMHLGFIB78DA,日新段,93.01,都市：其他:住宅區,2,1,持分移轉,00740000
RPXOMLRLMHLGFIB96DA,福興段,47.94,都市：其他:鄰里公園兼兒童遊樂場用地,1,1,全筆移轉,06750001
RPPNMLLJNHLGFCB37DA,國安段,4.19,都市：其他:第一之一種住宅區,10000,28,持分移轉,01950000
RPSNMLTKMHLGFBB38DA,中德段,2.19,都市：其他:第三種住宅區。,1000000,663,持分移轉,04660000
RPVNMLTLMHLGFDB98DA,四德段,13.42,非都市：特定農業區 ; 非都市編定：水利用地,1,1,全筆移轉,05350002
RPVNMLTLMHLGFDB98DA,四德段,33.63,非都市：特定農業區 ; 非都市編定：水利用地,1,1,全筆移轉,05350004
RPVNMLTLMHLGFDB98DA,四德段,17.97,非都市：特定農業區 ; 非都市編定：水利用地,1,1,全筆移轉,05350006
RPQOMLSLMHLGFDB48DA,豐田段,36.47,都市：其他:第二種住宅區,4,1,持分移轉,07560000
RPTOMLSLMHLGFDB78DA,建成段,45.88,都市：其他:文中用地,42,2,持分移轉,06920000
RPTOMLSLMHLGFDB78DA,建成段,32.84,都市：其他:文中用地,42,2,持分移轉,06950000
RPTOMLSLMHLGFDB78DA,建成段,5.18,都市：其他:文中用地,42,2,持分移轉,06980000
RPQOMLSLMHLGFDB48DA,豐田段,2.79,都市：其他:第二種住宅區,4,1,持分移轉,07570000
RPQOMLSLMHLGFDB48DA,豐田段,20.85,都市：其他:第二種住宅區,4,1,持分移轉,07580000
RPWNMLSLMHLGFKB07DA,中社段,116.35,都市：其他:第二種住宅區,1,1,全筆移轉,15570000
RPTNMLSLMHLGFAB38DA,東昇段三小段,29.00,都市：其他:第二種住宅區,1,1,全筆移轉,00020048
RPSNMLTLMHLGFIB56DA,南湖段,24.98,,6,2,持分移轉,10170000
RPSNMLTLMHLGFIB56DA,南湖段,.13,都市：其他:農業區,6,2,持分移轉,10850000
RPSNMLTLMHLGFIB56DA,南湖段,.89,都市：其他:農業區,6,2,持分移轉,10860000
RPTNMLNLMHLGFJB78DA,學億段,135.58,都市：其他:住宅區,1,1,全筆移轉,00130002
RPWNMLKLMHLGFCB08DA,建功段,19.97,都市：其他:第五種住宅區,10000,26,持分移轉,00070001
RPSOMLTLMHLGFKB86DA,福吉段,7.07,都市：其他:第四種住宅區,1,1,全筆移轉,08930002
RPQOMLTLMHLGFKB66DA,福吉段,11.14,都市：其他:第四種住宅區,1,1,全筆移轉,08920001
RPPNMLTLMHLGFAB18EA,萬安段九小段,3.18,都市：其他:第二種住宅區,10000,13,持分移轉,00050000
RPPNMLKMMHLGFGB97EA,新岡尾段,289.44,都市：其他:道路用地,1,1,全筆移轉,07910000
RPVNMLSJMHLGFDB68DA,豐田段,72.03,都市：其他:第三種住宅區。,1,1,全筆移轉,06110000
RPUNMLTLMHLGFDB88DA,后豐段,5.06,都市：其他:道路用地,1,1,全筆移轉,07130000
RPPNMLSKMHLGFFB38DA,吳厝南段,64.81,非都市：一般農業區 ; 非都市編定：農牧用地,3,1,持分移轉,06860000
RPXNMLOLMHLGFFB88DA,梧棲段,6.50,都市：其他:第四種住宅區,10000,216,持分移轉,32030000
RPTNMLKMMHLGFDB97DA,柑宅段,120.87,都市：其他:第二種住宅區,1,1,全筆移轉,05700000
RPRNMLKLMHLGFGB97DA,新德興段,215.89,非都市：特定農業區 ; 非都市編定：農牧用地,22866,21589,持分移轉,09610000
RPRNMLTLMHLGFGB88DA,羊崎段,1.02,都市：其他:道路用地,1,1,全筆移轉,01960001
RPRNMLTLMHLGFGB88DA,羊崎段,3.04,都市：其他:道路用地,1,1,全筆移轉,01960002
RPRNMLTLMHLGFGB88DA,羊崎段,.71,都市：其他:道路用地,1,1,全筆移轉,02010001
RPPNMLOJNHLGFGB08DA,茅埔西段,925.72,非都市：特定農業區 ; 非都市編定：農牧用地,1,1,全筆移轉,07550000
RPROMLTLMHLGFAB38DA,旱平段,133.78,都市：其他:第一之一種住宅區,1,1,全筆移轉,00770001
RPVNMLKMMHLGFIB68DA,新站南段,587.53,都市：其他:商業區,1,1,全筆移轉,00270000
RPPNMLOLMHLGFJB48DA,東平段,60.83,,4,1,持分移轉,00040000
RPVNMLRLMHLGFJB76DA,育賢段,24.45,都市：其他:住宅區,100000,660,持分移轉,02020000
RPSOMLNLMHLGFAB87DA,合作段,9.54,都市：其他:第二種住宅區,2000,11,持分移轉,03240000
RPPNMLTLMHLGFKB09DA,龍田段,19.50,都市：其他:道路用地,2,1,持分移轉,12430001
RPQNMLTLMHLGFKB56DA,龍田段,19.50,都市：其他:道路用地,2,1,持分移轉,12430001
RPQNMLTLMHLGFKB56DA,龍田段,5.16,都市：其他:道路用地,395,60,持分移轉,12440001
RPRNMLTLMHLGFKB66DA,龍田段,12.00,都市：其他:道路用地,1,1,全筆移轉,14700001
RPTNMLTLMHLGFKB86DA,龍田段,3.36,都市：其他:道路用地,2370,234,持分移轉,12440001
RPPOMLTLMHLGFKB56DA,龍田段,180.00,都市：其他:道路用地,1,1,全筆移轉,13090000
RPPOMLTLMHLGFKB56DA,龍田段,144.00,都市：其他:道路用地,1,1,全筆移轉,13100002
RPPOMLTLMHLGFKB56DA,龍田段,11.00,都市：其他:道路用地,1,1,全筆移轉,13100003
RPXNMLKMMHLGFKB09DA,藝術段,13.00,都市：其他:第二種住宅區,1000,259,持分移轉,06510000
RPXNMLKMMHLGFKB09DA,藝術段,14.90,都市：其他:第二種住宅區,1000,259,持分移轉,06520000
RPPNMLKMMHLGFIB18EA,合信段,10.24,非都市：鄉村區 ; 非都市編定：乙種建築用地,1,1,全筆移轉,01880002
RPWOMLLLMHLGFBB18DA,東正段,24.50,都市：其他:第四種商業區,100,10,持分移轉,01110000
RPROMLRLMHLGFAB18DA,後壠子段,4.79,都市：其他:第二種住宅區,10000,104,持分移轉,01310053
RPTOMLTLMHLGFAB58DA,樹子腳段,22.11,都市：其他:第二種住宅區,9,1,持分移轉,12970009
RPTOMLTLMHLGFAB58DA,樹子腳段,52.00,都市：其他:第二種住宅區,1,1,全筆移轉,12970019
RPQNMLNJNHLGFAB47DA,旱溪段,1.96,都市：其他:第三種住宅區。,300,84,持分移轉,03680150
RPXOMLMLMHLGFBB38DA,文正段,3.16,都市：其他:第二種商業區,10000,36,持分移轉,00650065
RPXOMLMLMHLGFBB38DA,文正段,.37,都市：其他:第二種商業區,10000,36,持分移轉,00650077
RPXOMLMLMHLGFBB38DA,文正段,.94,都市：其他:第二種住宅區,10000,36,持分移轉,00650086
RPXOMLMLMHLGFBB38DA,文正段,.01,都市：其他:第二種住宅區,10000,36,持分移轉,00650087
RPXOMLMLMHLGFBB38DA,文正段,.17,都市：其他:第二種住宅區,10000,36,持分移轉,00650088
RPXOMLMLMHLGFBB38DA,文正段,.00,都市：其他:第二種住宅區,10000,36,持分移轉,00650089
RPWOMLPKMHLGFCB58DA,大進段,8.97,都市：其他:第二種住宅區,1000000,3072,持分移轉,06680000
RPSPMLMLMHLGFBB97DA,文北段,20.20,都市：其他:第二之一種住宅區,100000,761,持分移轉,01780000
RPTNMLNLMHLGFBB97DA,松觀段,11.96,都市：其他:第二種住宅區,100000,606,持分移轉,06060000
RPXOMLNKMHLGFCB48DA,福順段,12.41,都市：其他:第一之B種住宅區,100000,352,持分移轉,00910000
RPXOMLNKMHLGFCB48DA,福順段,7.03,都市：其他:第二之A種住宅區,100000,352,持分移轉,01080000
RPWOMLNLMHLGFDB58DA,陽明段,117.00,都市：其他:第三種住宅區。,1,1,全筆移轉,03230000
RPWOMLNLMHLGFDB58DA,陽明段,363.00,都市：其他:第三種住宅區。,1,1,全筆移轉,03240002
RPPNMLPJNHLGFDB87DA,金社庄段,3.28,非都市：特定農業區 ; 非都市編定：特定目的事業用地,1,1,全筆移轉,05630000
RPPNMLPJNHLGFDB87DA,金社庄段,6505.05,非都市：特定農業區 ; 非都市編定：農牧用地,1,1,全筆移轉,05650000
RPXOMLQKMHLGFCB78DA,新富段,16.14,都市：其他:第一之C種住宅區,100000,1185,持分移轉,02100000
RPXOMLQKMHLGFCB78DA,新富段,25.82,都市：其他:第一之B種住宅區,100000,1185,持分移轉,02110000
RPWRMLTLMHLGFFB07DA,正義段,103.21,都市：其他:第二種住宅區,1,1,全筆移轉,13340000
RPWRMLTLMHLGFFB07DA,正義段,79.07,都市：其他:第二種住宅區,1,1,全筆移轉,13350000
RPVNMLMLMHLGFHB68DA,花眉庄段,6.83,都市：其他:農業區,480,8,持分移轉,07640000
RPVNMLMLMHLGFHB68DA,花眉庄段,45.88,都市：其他:農業區,1,1,全筆移轉,07660000
RPRNMLNLMHLGFGB28DA,三友部段,101.00,非都市：山坡地保育區 ; 非都市編定：丙種建築用地,1,1,全筆移轉,04530000
RPRNMLNLMHLGFGB28DA,三友部段,1047.00,非都市：山坡地保育區 ; 非都市編定：農牧用地,1,1,全筆移轉,04540000
RPRNMLNLMHLGFGB28DA,三友部段,574.00,非都市：山坡地保育區 ; 非都市編定：,1,1,全筆移轉,04540001
RPRNMLNLMHLGFGB28DA,三友部段,7596.00,非都市：山坡地保育區 ; 非都市編定：農牧用地,1,1,全筆移轉,04540002
RPRNMLNLMHLGFGB28DA,三友部段,2310.00,非都市：山坡地保育區 ; 非都市編定：農牧用地,1,1,全筆移轉,05180000
RPQNMLOJNHLGFGB18DA,新大南段,62.41,非都市：鄉村區 ; 非都市編定：乙種建築用地,3,1,持分移轉,00040000
RPTNMLNLMHLGFIB68DA,新三和段,21.36,都市：其他:商業區,10000,49,持分移轉,00660000
RPVNMLKLMHLGFIB58DA,新高鐵段,12.40,都市：其他:商業區,100000,49,持分移轉,00890000
RPPNMLKMMHLGFEB67DA,東安段,61.48,都市：其他:農業區,1,1,全筆移轉,04250001
RPVNMLTLMHLGFKB07DA,龍田段,4.91,都市：其他:道路用地,2370,342,持分移轉,12440001
RPWNMLTLMHLGFKB17DA,龍田段,7.14,都市：其他:道路用地,2370,498,持分移轉,12440001
RPXNMLTLMHLGFKB27DA,龍田段,3.79,都市：其他:道路用地,2370,264,持分移轉,12440001
RPPNMLLLMHLGFKB28DA,仁德段,16.96,都市：其他:住宅區,10000,66,持分移轉,04150000
RPPNMLQJNHLGFGB38EA,新金星面段,2455.00,非都市：山坡地保育區 ; 非都市編定：農牧用地,8489280,392800,持分移轉,09760000
RPUPMLOLMHLGFBB38DA,長安段,10.68,都市：其他:市場用地,100000,140,持分移轉,03510000
RPRNMLOJNHLGFAB67DA,正義段五小段,17.55,都市：其他:第二種住宅區,100,13,持分移轉,00020017
RPPNMLRLMHLGFBB97DA,北屯段,41.00,都市：其他:第二種住宅區,2,1,持分移轉,02040013
RPWOMLNLMHLGFCB48DA,民安段,18.50,都市：其他:第三之一種住宅區,100000,595,持分移轉,15230000
RPSVMLOJNHLGFCB78DA,福安段,12.60,都市：其他:第三種住宅區。,90000,630,持分移轉,07920002
RPPNMLQJNHLGFEB08DA,新三塊厝段,22.95,非都市：特定農業區 ; 非都市編定：甲種建築用地,10000,1240,持分移轉,04040011
RPPNMLQJNHLGFEB08DA,新三塊厝段,12.95,非都市：特定農業區 ; 非都市編定：甲種建築用地,10000,1904,持分移轉,04040012
RPPNMLQJNHLGFEB08DA,新三塊厝段,102.47,非都市：特定農業區 ; 非都市編定：甲種建築用地,1,1,全筆移轉,04040020
RPTNMLKMMHLGFCB87DA,惠來厝段,38.00,都市：其他:第三之二種住宅區,1,1,全筆移轉,04410000
RPUNMLKMMHLGFCB97DA,上石碑段,82.00,都市：其他:第二種住宅區,1,1,全筆移轉,21190039
RPSNMLTLMHLGFHB09DA,家興段,9.65,都市：其他:第一之一種住宅區,100000,249,持分移轉,05620000
RPSNMLOJNHLGFFB28DA,公館北段,101.05,都市：其他:第二種住宅區,1,1,全筆移轉,01060000
RPUQMLPJNHLGFBB48DA,太祥段,27.56,都市：其他:第三種住宅區。,100000,671,持分移轉,01200000
RPQNMLKMMHLGFBB57EA,東信段,16.86,都市：其他:第四種商業區,10000,112,持分移轉,02680000
RPVNMLNLMHLGFAB08DA,旱溪段,2.00,都市：其他:第二種住宅區,1,1,全筆移轉,02750087
RPVNMLNLMHLGFAB08DA,旱溪段,7.00,都市：其他:第二種住宅區,1,1,全筆移轉,02750088
RPROMLMJMHLGFAB47DA,平和段,16.29,都市：其他:第二種住宅區,100000,1222,持分移轉,00620000
RPXNMLMLMHLGFCB38DA,寶山段,6.86,都市：其他:第二種住宅區,100000,148,持分移轉,08840000
RPRNMLPKMHLGFAB77DA,麻園頭段,16.40,都市：其他:第二種住宅區,10000,231,持分移轉,01870042
RPRNMLPKMHLGFAB77DA,麻園頭段,4.94,都市：其他:第二種住宅區,10000,231,持分移轉,01900004
RPVRMLTLMHLGFBB56DA,水湳段,38.50,都市：其他:第三之二種住宅區,2,1,持分移轉,11830000
RPURMLTLMHLGFBB09DA,倡和段,12.02,都市：其他:第三之一種商業區,10000,60,持分移轉,01880000
RPSNMLTLMHLGFBB48DA,錦村段,17.47,都市：其他:第二種住宅區,300000,726,持分移轉,00610000
RPUNMLKMMHLGFBB87DA,美和段,37.76,都市：其他:第一之一種住宅區,1000000,9870,持分移轉,05690000
RPPNMLKMMHLGFDB57DA,豐原段,3.70,都市：其他:第二種商業區,10000,16,持分移轉,00250003
RPPNMLTLMHLGFEB48DA,文安段,267.56,非都市：特定農業區 ; 非都市編定：丁種建築用地,1,1,全筆移轉,04550000
RPSNMLRKMHLGFFB58DA,市鎮北段,9.63,都市：其他:第四種商業區,20000,32,持分移轉,00450000
RPUNMLRKMHLGFFB78DA,興農段,25.96,都市：其他:第四種住宅區,100,5,持分移轉,10520000
RPUNMLRKMHLGFFB78DA,興農段,9.51,都市：其他:第四種住宅區,100,5,持分移轉,10560000
RPQNMLTLMHLGFFB68DA,市鎮北段,14.34,都市：其他:第四種商業區,10000,43,持分移轉,00390000
RPPNMLTKMHLGFBB08DA,賴厝廍段,4.32,都市：其他:第二種住宅區,10000,12,持分移轉,00710000
RPRNMLSKMHLGFBB18DA,建業段,16.23,都市：其他:第三種住宅區。,10000,60,持分移轉,05330000
RPPNMLPJNHLGFGB18DA,新金星段,52.99,都市：其他:住宅區,1,1,全筆移轉,11800000
RPPNMLOJNHLGFIB28DA,新生段,44.55,都市：其他:商業區,1,1,全筆移轉,07680000
RPOOMLNLMHLGFKB48DA,龍新段,31.60,都市：其他:電路鐵塔用地,100000,751,持分移轉,00860000
RPOOMLNLMHLGFIB28DA,豐正段,162.04,非都市：特定農業區 ; 非都市編定：甲種建築用地,1,1,全筆移轉,00590000
RPVNMLOLMHLGFCB38DA,西屯段,9.81,都市：其他:第三之二種住宅區,10000,144,持分移轉,06270000
RPXOMLTLMHLGFCB56DA,西屯段,.95,都市：其他:道路用地,168770,2057,持分移轉,04900000
RPOPMLTLMHLGFCB38DA,西屯段,.95,都市：其他:道路用地,168770,2057,持分移轉,04900000
RPWNMLLLMHLGFAB97DA,仁愛段一小段,3.96,都市：其他:第一種商業區,183024,2030,持分移轉,00050022
RPWNMLLLMHLGFAB97DA,仁愛段一小段,.03,都市：其他:第一種商業區,183024,2030,持分移轉,00050039
RPSPMLTLMHLGFCB78DA,西屯段,.95,都市：其他:道路用地,168770,2057,持分移轉,04900000
RPRPMLTLMHLGFCB68DA,西屯段,.95,都市：其他:道路用地,168770,2057,持分移轉,04900000
RPWOMLTLMHLGFCB09DA,福德段,29.10,都市：其他:第二種住宅區,100000,1050,持分移轉,01110000
RPTPMLTLMHLGFCB88DA,西屯段,.95,都市：其他:道路用地,168770,2057,持分移轉,04900000
RPUPMLTLMHLGFCB98DA,西屯段,.95,都市：其他:道路用地,168770,2057,持分移轉,04900000
RPVPMLTLMHLGFCB09DA,西屯段,.95,都市：其他:道路用地,168770,2057,持分移轉,04900000
RPWPMLTLMHLGFCB56DA,西屯段,.95,都市：其他:道路用地,168770,2057,持分移轉,04900000
RPQOMLKMMHLGFAB47DA,下橋子頭段,1.81,都市：其他:第三種商業區,100000,100,持分移轉,02170014
RPQNMLQJNHLGFDB08DA,向陽段,8.25,都市：其他:第二種商業區,16,1,持分移轉,00610000
RPPNMLSJNHLGFEB28DA,馬鳴段,194.00,非都市：特定農業區 ; 非都市編定：農牧用地,3742,194,持分移轉,01570000
RPXNMLRLLHLGFFB09DA,梧棲段,21.55,都市：其他:第三種商業區,100000,1031,持分移轉,27640000
RPTNMLNLMHLGFGB48DA,泰昌段,17.06,都市：其他:住宅區,10000,166,持分移轉,06380000
RPTNMLNLMHLGFGB48DA,泰昌段,.21,都市：其他:農業區,10000,166,持分移轉,06380001
RPPNMLRJNHLGFGB38DA,和興段,142.78,都市：其他:住宅區,1,1,全筆移轉,05070003
RPQNMLRJNHLGFGB48DA,和興段,124.25,都市：其他:住宅區,1,1,全筆移轉,05070002
RPSNMLMLMHLGFHB38DA,永興段,21.40,都市：其他:第二種商業區,100000,1466,持分移轉,03660000
RPTNMLSLMHLGFIB56DA,丁台一段,294.65,非都市：特定農業區 ; 非都市編定：農牧用地,3,2,持分移轉,08340000
RPTNMLSLMHLGFIB56DA,丁台一段,337.46,非都市：特定農業區 ; 非都市編定：農牧用地,3,2,持分移轉,08420000
RPUNMLPJNHLGFIB88DA,峰西段,10.68,都市：其他:商業區,10000,76,持分移轉,08060000
RPUNMLPJNHLGFIB88DA,峰西段,7.18,都市：其他:住宅區,10000,76,持分移轉,08090000
RPSNMLMLMHLGFKB68DA,龍社段,1.49,都市：其他:第二種住宅區,22,1,持分移轉,14290000
RPSNMLMLMHLGFKB68DA,龍社段,74.94,都市：其他:第二種住宅區,1,1,全筆移轉,14320000
RPOOMLKMMHLGFKB28DA,中蔗段,16.70,非都市：鄉村區 ; 非都市編定：乙種建築用地,4,1,持分移轉,09130000
RPOOMLKMMHLGFKB28DA,中蔗段,16.38,非都市：鄉村區 ; 非都市編定：乙種建築用地,4,1,持分移轉,09140000
RPQNMLPJNHLGFIB58EA,立新段,19.76,非都市：鄉村區 ; 非都市編定：乙種建築用地,10000,21,持分移轉,05150000
RPPNMLMJNHLGFJB18DA,育賢段,20.36,都市：其他:商業區,10000,77,持分移轉,01350001
RPUNMLRKMHLGFAB28DA,尚武段,5.25,都市：其他:第二種住宅區,463000,5245,持分移轉,03060000
RPQOMLKLMHLGFAB37DA,柳川段一小段,1.57,都市：其他:第二種商業區,100000,57,持分移轉,00040000
RPQOMLKLMHLGFAB37DA,柳川段一小段,.36,都市：其他:第一種商業區,100000,57,持分移轉,00040006
RPOOMLQJNHLGFAB67DA,柳川段六小段,4.02,都市：其他:第一種商業區,10000,105,持分移轉,00090009
RPPOMLQJNHLGFAB77DA,中墩段一小段,1.41,都市：其他:第二種商業區,100000,666,持分移轉,00210000
RPPOMLQJNHLGFAB77DA,中墩段一小段,.73,都市：其他:第二種商業區,100000,666,持分移轉,00210005
RPTOMLQJNHLGFAB18DA,旱平段,87.56,都市：其他:第二種商業區,1,1,全筆移轉,07010002
RPROMLOJNHLGFBB87DA,仁美段,198.37,都市：其他:農業區,70000,2046,持分移轉,00470000
RPTPMLRKMHLGFCB58DA,惠來厝段,21.50,都市：其他:第三之二種住宅區,1000000,5408,持分移轉,07870000
RPRNMLLLMHLGFCB67DA,中義段,3.98,都市：其他:第一種商業區,1000,22,持分移轉,05450000
RPQNMLLLMHLGFCB57DA,中義段,4.52,都市：其他:第一種商業區,1000,25,持分移轉,05450000
RPOPMLNLMHLGFCB77DA,安和段,1136.60,都市：其他:乙種工業區,1,1,全筆移轉,01760000
RPSOMLOJNHLGFAB87DA,麻園頭段,27.26,都市：其他:第二種住宅區,10000,194,持分移轉,02720000
RPUOMLKMMHLGFBB97DA,東光段,604.00,都市：其他:第四種商業區,1,1,全筆移轉,01970000
RPRNMLKMMHLGFDB77DA,圳寮段,15.42,非都市：山坡地保育區 ; 非都市編定：農牧用地,120000,388,持分移轉,03850000
RPVOMLTLMHLGFCB98DA,福德段,29.10,都市：其他:第二種住宅區,100000,1050,持分移轉,01110000
RPSOMLQJNHLGFDB38DA,北天段,54.20,都市：其他:第一之二種住宅區,10,5,持分移轉,12370000
RPQOMLQJNHLGFDB18DA,十五庄段,101.38,都市：其他:農業區,1000,300,持分移轉,13750005
RPVOMLQJNHLGFDB68DA,光復段,30.15,非都市：特定農業區 ; 非都市編定：甲種建築用地,9,1,持分移轉,11250000
RPVOMLQJNHLGFDB68DA,光復段,54.37,非都市：特定農業區 ; 非都市編定：甲種建築用地,1,1,全筆移轉,11250009
RPVOMLQJNHLGFDB68DA,光復段,6.08,非都市：特定農業區 ; 非都市編定：甲種建築用地,1,1,全筆移轉,11250010
RPVOMLQJNHLGFDB68DA,光復段,.07,非都市：特定農業區 ; 非都市編定：甲種建築用地,9,1,持分移轉,11250013
RPVOMLQJNHLGFDB68DA,光復段,.09,非都市：特定農業區 ; 非都市編定：甲種建築用地,9,1,持分移轉,11250014
RPVOMLQJNHLGFDB68DA,光復段,.23,非都市：特定農業區 ; 非都市編定：甲種建築用地,9,1,持分移轉,11250015
RPPNMLRJNHLGFDB08DA,豐工段,37.15,非都市：特定農業區 ; 非都市編定：水利用地,1,1,全筆移轉,04440002
RPPNMLRJNHLGFDB08DA,豐工段,7.53,非都市：特定農業區 ; 非都市編定：水利用地,1,1,全筆移轉,04440004
RPPNMLRJNHLGFDB08DA,豐工段,305.62,非都市：特定農業區 ; 非都市編定：農牧用地,1,1,全筆移轉,05590000
RPROMLPJNHLGFFB38DA,成衣段,29.41,都市：其他:第四種住宅區,10000,115,持分移轉,00050000
RPROMLQJNHLGFFB48DA,市鎮南段,9.42,都市：其他:第四種商業區,100000,42,持分移轉,00970000
RPQNMLQJNHLGFGB38DA,東勢段中嵙小段,139.00,非都市：山坡地保育區 ; 非都市編定：丙種建築用地,1,1,全筆移轉,06100010
RPQNMLQJNHLGFGB38DA,東勢段中嵙小段,107.00,非都市：山坡地保育區 ; 非都市編定：丙種建築用地,1,1,全筆移轉,06100027
RPQNMLPKMHLGFAB67DA,科博段,3.21,都市：其他:第三種商業區,100000,46,持分移轉,05540000
RPRNMLRJNHLGFGB58DA,和興段,117.98,都市：其他:住宅區,1,1,全筆移轉,05070001
RPROMLRJNHLGFFB58DA,海風段,1.13,非都市：山坡地保育區 ; 非都市編定：農牧用地,72,1,持分移轉,00630000
RPROMLRJNHLGFFB58DA,海風段,.73,非都市：山坡地保育區 ; 非都市編定：農牧用地,72,1,持分移轉,00640000
RPROMLRJNHLGFFB58DA,海風段,12.72,非都市：山坡地保育區 ; 非都市編定：農牧用地,72,1,持分移轉,00650000
RPROMLRJNHLGFFB58DA,海風段,94.41,非都市：山坡地保育區 ; 非都市編定：農牧用地,72,1,持分移轉,00660000
RPROMLRJNHLGFFB58DA,海風段,10.52,非都市：山坡地保育區 ; 非都市編定：農牧用地,72,1,持分移轉,00740000
RPWPMLKLMHLGFBB18DA,錦村段,49.50,都市：其他:第二種住宅區,1,1,全筆移轉,02060000
RPTNMLKMMHLGFJB58DA,育賢段,25.17,都市：其他:住宅區,10000,43,持分移轉,02080000
RPQNMLLKNHLGFGB08EA,新安段,55.53,都市：其他:住宅區,1,1,全筆移轉,07320000
RPOOMLMLMHLGFAB37DA,大益段,3.22,都市：其他:第二種住宅區,10000,16,持分移轉,04780000
RPTNMLOJNHLGFBB97DA,景美段,.25,都市：其他:第一種住宅區,46,1,持分移轉,03120004
RPTNMLOJNHLGFBB97DA,景美段,128.65,都市：其他:第一種住宅區,1,1,全筆移轉,03120009
RPTNMLOJNHLGFBB97DA,景美段,53.17,都市：其他:第一種住宅區,25,4,持分移轉,03120025
RPQNMLLJNHLGFBB37DA,倡和段,6.01,都市：其他:第三之一種商業區,20000,60,持分移轉,01880000
RPWNMLSLMHLGFBB78DA,中興段,3.67,都市：其他:第二種住宅區,10000,63,持分移轉,00340000
RPWPMLOJNHLGFBB48DA,太順段,27.78,都市：其他:第二種住宅區,10000,60,持分移轉,01490000
RPWQMLQKMHLGFBB78DA,太原段,17.04,都市：其他:第三種住宅區。,100000,86,持分移轉,01400001
RPPPMLNLMHLGFCB87DA,安和段,1136.61,都市：其他:乙種工業區,1,1,全筆移轉,01760001
RPQOMLOLMHLGFBB87DA,溝背段,28.48,都市：其他:第二之一種住宅區,100000,1391,持分移轉,01370000
RPSNMLKMMHLGFBB67DA,陳平段,9.64,都市：其他:第二種住宅區,10000,29,持分移轉,19260000
RPPNMLPJNHLGFAB57DA,五權段,1.16,都市：其他:第二種住宅區,1000000,368,持分移轉,07740000
RPPNMLPJNHLGFAB57DA,五權段,1.01,都市：其他:第一種商業區,1000000,368,持分移轉,07750000
RPPNMLPJNHLGFAB57DA,五權段,.01,都市：其他:廣場兼停車場用地,1000000,368,持分移轉,07750001
RPSPMLPJNHLGFCB28DA,福德段,29.10,都市：其他:第二種住宅區,100000,1050,持分移轉,01110000
RPPOMLRLMHLGFDB28DA,豐原段,.24,都市：其他:第三種住宅區。,10000,66,持分移轉,08370014
RPPOMLRLMHLGFDB28DA,豐原段,2.56,都市：其他:第三種住宅區。,10000,66,持分移轉,08410000
RPPOMLRLMHLGFDB28DA,豐原段,.61,都市：其他:第三種住宅區。,10000,66,持分移轉,08410006
RPUNMLTLMHLGFHB66DA,大新段,8.23,都市：其他:農業區,1,1,全筆移轉,04650003
RPUNMLTLMHLGFHB66DA,大新段,68.28,都市：其他:農業區,1,1,全筆移轉,06310001
RPUNMLTLMHLGFHB66DA,大新段,19.20,都市：其他:農業區,1,1,全筆移轉,06350001
RPPNMLLKNHLGFDB57DA,廣興段,3.36,都市：其他:住宅區,1,1,全筆移轉,09980005
RPPOMLRLMHLGFAB97DA,大公段,1.84,都市：其他:第二種住宅區,1,1,全筆移轉,02450000
RPPOMLRLMHLGFAB97DA,大公段,41.31,都市：其他:第二種住宅區,1,1,全筆移轉,02460000
RPPOMLOLMHLGFBB77DA,長安段,13.61,都市：其他:第三種住宅區。,100000,1923,持分移轉,04150000
RPPOMLOLMHLGFBB77DA,長安段,61.00,都市：其他:第三種住宅區。,1,1,全筆移轉,04150036
RPPNMLKMMHLGFGB87DA,東勢段石角小段,365.00,非都市：山坡地保育區 ; 非都市編定：林業用地,1,1,全筆移轉,34730000
RPRNMLLKNHLGFGB08DA,保民段,88.73,都市：其他:住宅區,1,1,全筆移轉,08380000
RPOOMLPJNHLGFIB38DA,東湖段,15.70,都市：其他:住宅區,100000,423,持分移轉,09550000
RPTPMLPJNHLGFBB28DA,崇德段,13.91,都市：其他:第三種住宅區。,20000,204,持分移轉,01570000
RPUNMLQKMHLGFCB38DA,惠民段,38.08,都市：其他:第六種新市政中心專用區,100000,689,持分移轉,01250000
RPVPMLPJNHLGFBB48DA,邱厝子段,22.57,都市：其他:第二種住宅區,10000,253,持分移轉,00270000
RPRNMLSLMHLGFJB09DA,光明段,33.19,非都市：鄉村區 ; 非都市編定：乙種建築用地,126,1,持分移轉,08530000
RPPNMLNKMHLGFAB37DA,柳川段一小段,1.57,都市：其他:第二種商業區,100000,57,持分移轉,00040000
RPPNMLNKMHLGFAB37DA,柳川段一小段,.36,都市：其他:第一種商業區,100000,57,持分移轉,00040006
RPVOMLKLMHLGFCB08DA,豐富段,27.32,都市：其他:第三之一種住宅區,100000,769,持分移轉,00280000
RPVNMLRJNHLGFJB66DA,樹孝段,20.95,都市：其他:住宅區,9345,107,持分移轉,17260000
RPVNMLRJNHLGFJB66DA,樹孝段,1.56,都市：其他:住宅區,9345,107,持分移轉,17270000
RPROMLSJNHLGFDB48DA,金社庄段,72.36,非都市：特定農業區 ; 非都市編定：水利用地,1,1,全筆移轉,03640003
RPPRMLQJNHLGFCB28DA,上石碑段,2.82,都市：其他:第三之二種住宅區,10000,8,持分移轉,13010000
RPRNMLLKNHLGFGB18EA,復盛段,1253.02,非都市：一般農業區 ; 非都市編定：農牧用地,1,1,全筆移轉,07860000
RPRNMLLKNHLGFGB18EA,復盛段,143.75,非都市：一般農業區 ; 非都市編定：農牧用地,1,1,全筆移轉,07870000
RPRNMLLKNHLGFGB18EA,復盛段,128.06,非都市：一般農業區 ; 非都市編定：農牧用地,1,1,全筆移轉,07890000
RPUNMLOKMHLGFAB97DA,旱清段,3.82,都市：其他:第二種住宅區,10000,38,持分移轉,02030000
RPQNMLRKMHLGFAB87DA,樹子腳段,18.72,都市：其他:第三種住宅區。,10000,27,持分移轉,02680000
RPQNMLRKMHLGFAB87DA,樹子腳段,.00,都市：其他:道路用地,10000,27,持分移轉,02680004
RPQNMLSJNHLGFFB48DA,紅竹段,.03,都市：其他:道路用地,80,1,持分移轉,03380000
RPQNMLSJNHLGFFB48DA,竹林東段,26.58,都市：其他:文事研究中心區,40,1,持分移轉,07690000
RPQNMLSJNHLGFFB48DA,竹林東段,50.30,都市：其他:文事研究中心區,30464,391,持分移轉,07990000
RPQNMLSJNHLGFFB48DA,竹林東段,46.49,都市：其他:文事研究中心區,80,1,持分移轉,08000000
RPQNMLSJNHLGFFB48DA,竹林東段,13.76,都市：其他:文事研究中心區,80,1,持分移轉,08090000
RPQNMLSJNHLGFFB48DA,竹林東段,5.03,都市：其他:文事研究中心區,40,1,持分移轉,08140000
RPWQMLOLMHLGFBB68DA,太順段,20.23,都市：其他:第三種住宅區。,10000,41,持分移轉,00480000
RPQNMLSJNHLGFHB68DA,大新段,23.84,都市：其他:第一之二種住宅區,10000,125,持分移轉,08350000
RPUNMLRJNHLGFHB98DA,興華段,18.86,都市：其他:第一之二種商業區,1,1,全筆移轉,07030000
RPWOMLTLMHLGFBB98DA,大富段,544.79,都市：其他:農業區,1,1,全筆移轉,02040002
RPRPMLTLMHLGFBB58DA,景美段,36.97,都市：其他:第二種住宅區,10000,230,持分移轉,03430000
RPTOMLRJNHLGFIB09DA,大元段,35.23,,100,38,持分移轉,13840000
RPTNMLSJNHLGFBB38DA,水源段,49.00,都市：其他:第二種住宅區,1,1,全筆移轉,02990049
RPTNMLSJNHLGFBB38DA,水源段,6.64,都市：其他:第二種住宅區,100000,1779,持分移轉,02990080
RPTNMLSJNHLGFBB38DA,水源段,4.96,都市：其他:第二種住宅區,100000,1779,持分移轉,02990081
RPTNMLSJNHLGFBB38DA,水源段,5.85,都市：其他:第二種住宅區,100000,1779,持分移轉,02990082
RPQNMLSJNHLGFIB78DA,崇光段,38.84,都市：其他:商業區,8,2,持分移轉,12200000
RPQNMLSJNHLGFIB78DA,崇光段,1.07,都市：其他:商業區,4,1,持分移轉,12210000
RPTQMLRJNHLGFAB48DA,旱新段,142.15,都市：其他:第二之一種商業區,1,1,全筆移轉,08010000
RPVQMLPKMHLGFBB58DA,竹興段,41.33,都市：其他:第一之一種住宅區,100000,1393,持分移轉,02100000
RPROMLMLMHLGFBB77DA,北屯段,19.23,都市：其他:第二種住宅區,10000,262,持分移轉,05270019
RPOPNLPJNHLGFCB97DA,黎明段,24.15,都市：其他:第二種住宅區,1000000,2809,持分移轉,03690000
RPQNMLSJNHLGFEB38DA,朝陽段,106.00,都市：其他:商業區,1,1,全筆移轉,09760002
RPVNMLQJNHLGFJB56DA,長億段,127.84,都市：其他:農業區,1,1,全筆移轉,03080001
RPVNMLQJNHLGFJB56DA,長億段,119.04,,1,1,全筆移轉,03140001
RPPNMLLKNHLGFFB77DA,槺榔段,77.00,都市：其他:第四種住宅區,1,1,全筆移轉,07000006
RPRNMLRJMHLGFFB38DA,福成段,27.78,都市：其他:第二種住宅區,100000,1130,持分移轉,09660000
RPROMLQJNHLGFJB88DA,仁平段,88.00,都市：其他:第一種住宅區,1,1,全筆移轉,02260000
RPPNMLMKNHLGFGB97DA,茅埔東段,655.67,非都市：特定農業區 ; 非都市編定：農牧用地,1,1,全筆移轉,11100000
RPSNMLPKMHLGFIB68DA,健民段,20.21,非都市：鄉村區 ; 非都市編定：乙種建築用地,1000000,2939,持分移轉,07640000
RPROMLPJNHLGFIB68DA,南湖段,31.12,都市：其他:住宅區,4,1,持分移轉,03380000
RPSNMLNLMHLGFIB58DA,西榮段,9.35,都市：其他:商業區,100000,632,持分移轉,03310000
RPSNMLOLMHLGFFB38DA,正義段,37.18,都市：其他:第二種住宅區,1000000,15574,持分移轉,14910000
RPUOMLRJNHLGFIB56DA,崇光段,38.55,都市：其他:住宅區,6,2,持分移轉,08080000
RPOOMLRJNHLGFIB58DA,內新段,11.54,都市：其他:商業區,10000,71,持分移轉,07570000
RPXNMLSJNHLGFIB86DA,新榮和段,118.31,都市：其他:第二種住宅區,1,1,全筆移轉,01320008
RPPNMLLKNHLGFFB87EA,沙工段,2.71,都市：其他:道路用地,2400,90,持分移轉,04780001
RPUQMLQJNHLGFCB68DA,西屯段,.08,都市：其他:第三種商業區,1000000,4830,持分移轉,23870026
RPUQMLQJNHLGFCB68DA,西屯段,.01,都市：其他:第三種商業區,1000000,4830,持分移轉,23870081
RPPNMLLKNHLGFHB08EA,科雅段,1240.19,都市：其他:農業區,9,6,持分移轉,04530000
RPUQMLQJNHLGFCB68DA,上石碑段,8.08,都市：其他:第三種商業區,1000000,4830,持分移轉,26840000
RPUQMLQJNHLGFCB68DA,西屯段,.07,都市：其他:第三種商業區,1000000,4830,持分移轉,32740000
RPROMLPKMHLGFAB87DA,頂橋子頭段,19.00,都市：其他:第三種住宅區。,1,1,全筆移轉,04350486
RPSNMLLKNHLGFAB57DA,麻園頭段,38.00,都市：其他:第二種住宅區,17880,380,持分移轉,05720000
RPPNMLQJNHLGFAB77EA,綠川段三小段,1.87,都市：其他:第一種商業區,253500,205,持分移轉,00090000
RPPNMLQJNHLGFAB77EA,綠川段三小段,.18,都市：其他:第一種商業區,253500,205,持分移轉,00090001
RPPNMLRJNHLGFAB87EA,樹子腳段,10.72,都市：其他:第三種住宅區。,10000,34,持分移轉,15700000
RPPNMLRJNHLGFAB87EA,樹子腳段,.02,都市：其他:道路用地,10000,34,持分移轉,15700004
RPUNMLOJNHLGFAB97DA,新庄段,83.46,都市：其他:第一種商業區,1,1,全筆移轉,05350000
RPUNMLOJNHLGFAB97DA,新庄段,8.36,都市：其他:第一種商業區,1,1,全筆移轉,05360000
RPXNMLQJNHLGFDB78DA,豐原段,7.36,都市：其他:第二種商業區,10000,117,持分移轉,07330000
RPQNMLKMMHLGFCB57DA,建功段,10.04,都市：其他:第五種住宅區,100000,123,持分移轉,00040000
RPWNMLSJNHLGFKB96DA,木本段,.83,都市：其他:道路用地,40,1,持分移轉,01100000
RPWNMLSJNHLGFKB96DA,木本段,5.40,都市：其他:第四種住宅區,40,1,持分移轉,01110000
RPWNMLSJNHLGFKB96DA,木本段,28.06,都市：其他:第四種住宅區,1,1,全筆移轉,01110005
RPWNMLSJNHLGFKB96DA,木本段,.27,都市：其他:第四種住宅區,120,2,持分移轉,01120000
RPWNMLSJNHLGFKB96DA,木本段,29.07,都市：其他:第四種住宅區,120,2,持分移轉,01130000
RPQNMLNLMHLGFJB48DA,平欣段,2.70,都市：其他:住宅區,100000,505,持分移轉,04570000
RPRNMLMKNHLGFDB87DA,林厝段,101.94,都市：其他:農業區,1,1,全筆移轉,04470006
RPRNMLMKNHLGFDB87DA,林厝段,26.05,都市：其他:農業區,1,1,全筆移轉,04490001
RPRNMLMKNHLGFDB87DA,林厝段,223.56,都市：其他:農業區,1,1,全筆移轉,04620001
RPPQMLNLMHLGFDB08DA,鐮村段,166.04,非都市：特定農業區 ; 非都市編定：農牧用地,1,1,全筆移轉,08570000
RPPPMLMKNHLGFCB77DA,三塊厝段,6.62,都市：其他:第二種住宅區,100000,1169,持分移轉,11320010
RPPPMLMKNHLGFCB77DA,三塊厝段,78.00,都市：其他:第二種住宅區,1,1,全筆移轉,11320035
RPPNMLRJNHLGFEB18DA,福順段,1008.07,非都市：特定農業區 ; 非都市編定：農牧用地,1,1,全筆移轉,07410000
RPQNMLPJNHLGFFB18DA,市鎮南段,13.00,都市：其他:第四種商業區,100000,58,持分移轉,00970000
RPPNMLSLMHLGFEB38DA,永吉段,30.87,都市：其他:第一種住宅區,10000,238,持分移轉,05010000
RPPNMLLKNHLGFCB57EA,惠民段,21.82,都市：其他:第八種新市政中心專用區,100000,384,持分移轉,01430001
RPRNMLRJNHLGFFB48DA,三鹿段,91.90,都市：其他:第二種商業區,1,1,全筆移轉,00020000
RPRNMLLKNHLGFHB18DA,三和段,20.50,都市：其他:道路用地,4,1,持分移轉,09940005
RPUNMLLKNHLGFIB58DA,立新段,23.45,非都市：鄉村區 ; 非都市編定：乙種建築用地,10000,31,持分移轉,13060000
RPSNMLTLMHLGFKB76DA,龍田段,29.00,都市：其他:道路用地,1,1,全筆移轉,12410010
RPSNMLTLMHLGFKB76DA,龍田段,29.00,都市：其他:道路用地,1,1,全筆移轉,12410010
RPUNMLTLMHLGFKB96DA,龍田段,2.93,都市：其他:道路用地,2370,204,持分移轉,12440001
RPUQMLRJNHLGFAB58DA,麻園頭段,6.61,都市：其他:第二種住宅區,10000,31,持分移轉,01880000
RPROMLLKNHLGFAB57DA,三民段三小段,14.65,都市：其他:第二種住宅區,9380,290,持分移轉,00010000
RPROMLLKNHLGFAB57DA,三民段三小段,14.28,都市：其他:第二種住宅區,9380,290,持分移轉,00010005
RPROMLLKNHLGFAB57DA,三民段三小段,.06,都市：其他:第二種住宅區,9380,290,持分移轉,00010009
RPTOMLLKNHLGFAB77DA,頂橋子頭段,19.27,都市：其他:第二種住宅區,10000,271,持分移轉,04270008
RPPNMLNKNHLGFFB08EA,海濱段,345.36,都市：其他:第四種住宅區,6072,1386,持分移轉,10480001
RPPNMLNKNHLGFGB18EA,羊崎段,16.71,都市：其他:道路用地,1,1,全筆移轉,01840004
RPPNMLNKNHLGFGB18EA,羊崎段,100.91,都市：其他:道路用地,1,1,全筆移轉,01870001
RPQNMLNKNHLGFGB28EA,東新段,23.74,都市：其他:農業區,1,1,全筆移轉,13030002
RPQNMLNKNHLGFGB28EA,東新段,6.69,都市：其他:農業區,1,1,全筆移轉,13040005
RPQNMLNKNHLGFGB28EA,東新段,80.91,都市：其他:農業區,1,1,全筆移轉,13050002
RPXNMLMLMHLGFAB18DA,樹子腳段,15.01,都市：其他:第二種商業區,100000,644,持分移轉,09340000
RPPNMLTLMHLGFBB18DA,景東段,2.75,都市：其他:第一種住宅區,8,1,持分移轉,00810010
RPPNMLTLMHLGFBB18DA,景東段,124.25,都市：其他:第一種住宅區,1,1,全筆移轉,00810013
RPPOMLSLMHLGFCB28DA,福德段,16.97,都市：其他:第三種住宅區。,5000000,29655,持分移轉,01240000
RPPNMLOJNHLGFHB18DA,甘潭段,14.80,都市：其他:第一之二種住宅區,10000,98,持分移轉,04910000
RPQNMLQJNHLGFHB48DA,四德段,180.00,都市：其他:乙種工業區,1,1,全筆移轉,03430006
RPTOMLRLMHLGFBB48DA,中清段,20.98,都市：其他:第二種住宅區,10000,488,持分移轉,03150006
RPXNMLTLMHLGFDB56DA,豐東段,70.34,都市：其他:第二種住宅區,1,1,全筆移轉,00930000
RPUQMLTLMHLGFBB98DA,東信段,14.48,都市：其他:第五種住宅區,100000,586,持分移轉,00900000
RPPNMLLKNHLGFCB47DA,楓樹段,249.00,都市：其他:第一種住宅區,1,1,全筆移轉,07750011
RPOQMLQJNHLGFCB08DA,福和段,48.23,都市：其他:第一之B種住宅區,100000,3710,持分移轉,03300000
RPVOMLSJNHLGFIB76DA,成功段,57.37,都市：其他:住宅區,1,1,全筆移轉,09990000
RPXNMLRJNHLGFKB96DA,茄投段,18.30,都市：其他:第四種住宅區,10000,160,持分移轉,06240000
RPRPMLOKMHLGFAB87DA,城隍段一小段,6.28,都市：其他:第二種住宅區,54872,1959,持分移轉,00040002
RPRPMLOKMHLGFAB87DA,城隍段一小段,2.96,都市：其他:第二種住宅區,54872,1959,持分移轉,00050003
RPRPMLOKMHLGFAB87DA,城隍段一小段,5.93,都市：其他:第二種住宅區,54872,1959,持分移轉,00050005
RPRPMLOKMHLGFAB87DA,城隍段一小段,.04,都市：其他:第二種住宅區,54872,1959,持分移轉,00050007
RPRPMLOKMHLGFAB87DA,城隍段一小段,1.25,都市：其他:第二種住宅區,54872,1959,持分移轉,00050008
RPPRMLKKMHLGFBB57DA,新賴厝廍二段,62.92,都市：其他:第二種住宅區,1,1,全筆移轉,03310000
RPPNMLLKNHLGFBB37DA,中興段,26.04,都市：其他:第二種住宅區,1000000,9124,持分移轉,05120000
RPSNMLSJNHLGFCB38DA,何安段,4.52,都市：其他:第二種住宅區,30000,121,持分移轉,04860000
RPQNMLNKNHLGFAB57DA,東勢子段,130.67,都市：其他:住宅區,60,5,持分移轉,00710000
RPOPMLLLMHLGFBB47DA,中清段,18.09,都市：其他:第二種住宅區,20000,126,持分移轉,01030000
RPPNMLQKMHLGFIB48DA,東湖段,59.11,都市：其他:住宅區,10000,469,持分移轉,09020000
RPQPMLRLMHLGFBB28DA,仁和段,1.83,都市：其他:第一種商業區,10000,26,持分移轉,05270000
RPQPMLRLMHLGFBB28DA,仁和段,1.64,都市：其他:第一種商業區,10000,26,持分移轉,05370000
RPPNMLKLMHLGFHB87DA,大新段,84.10,都市：其他:第一之二種住宅區,1,1,全筆移轉,00300026
RPPNMLKLMHLGFHB87DA,大新段,15.26,都市：其他:第一之二種住宅區,24,1,持分移轉,00300039
RPPNMLKLMHLGFHB87DA,大新段,2.50,都市：其他:第一之二種住宅區,25,1,持分移轉,02060006
RPRRMLQJNHLGFCB48DA,田心段,36.29,都市：其他:第二種住宅區,100000,1048,持分移轉,05180000
RPRNMLQJNHLGFHB58DA,家興段,12.82,都市：其他:第一之一種住宅區,2000000,7430,持分移轉,05610000
RPSPMLMKNHLGFCB08DA,昌明段,491.48,都市：其他:第一之一種住宅區,1,1,全筆移轉,04540000
RPPNMLRJMHLGFEB08DA,德化段,17.77,都市：其他:住宅區,10000,84,持分移轉,11680000
RPOOMLRLMHLGFIB68DA,福大段,21.31,非都市：鄉村區 ; 非都市編定：乙種建築用地,100000,671,持分移轉,01230000
RPSNMLTJMHLGFEB58DA,光明段,2.72,都市：其他:住宅區,47,1,持分移轉,03360015
RPSNMLTJMHLGFEB58DA,光明段,32.27,都市：其他:住宅區,10000,1031,持分移轉,03360017
RPQNMLPJNHLGFEB08DA,海尾段,469.73,非都市：特定農業區 ; 非都市編定：農牧用地,1077,142,持分移轉,05880000
RPQNMLPJNHLGFEB08DA,海尾段,60.66,非都市：特定農業區 ; 非都市編定：農牧用地,44177,470,持分移轉,05960000
RPRNMLKMMHLGFFB97DA,三鹿段,22.91,都市：其他:第二種商業區,10000,161,持分移轉,00410000
RPQOMLPKMHLGFFB28DA,菁埔北段,145.88,都市：其他:農業區,1,1,全筆移轉,09930000
RPOOMLRJNHLGFFB28DA,橋江段,21.54,都市：其他:第四種住宅區,10,1,持分移轉,04580000
RPOOMLRJNHLGFFB28DA,橋江段,69.05,都市：其他:第四種住宅區,1,1,全筆移轉,04630000
RPQPMLOKMHLGFBB87DA,平田段,2.82,都市：其他:第二種住宅區,100000,48,持分移轉,05140000
RPQNMLKLMHLGFGB87DA,大南段大南小段,963.50,非都市：一般農業區 ; 非都市編定：農牧用地,2,1,持分移轉,01650189
RPQNMLKLMHLGFGB87DA,大南段大南小段,63.50,非都市：一般農業區 ; 非都市編定：農牧用地,2,1,持分移轉,01650190
RPQNMLKLMHLGFGB87DA,大南段大南小段,175.50,非都市：一般農業區 ; 非都市編定：農牧用地,2,1,持分移轉,01650575
RPQPMLSJNHLGFAB18DA,旱清段,127.04,都市：其他:第一種住宅區,1,1,全筆移轉,00990002
RPSQMLRJNHLGFBB48DA,太順段,16.23,都市：其他:第三種住宅區。,10000,68,持分移轉,00030001
RPQOMLMKNHLGFFB08DA,東晉段,82.77,都市：其他:第二種住宅區,1,1,全筆移轉,03210000
RPXNMLOLMHLGFAB38DA,樹子腳段,21.53,都市：其他:第三種住宅區。,100000,628,持分移轉,17830000
RPQOMLKMMHLGFIB28DA,瑞城段,74.51,非都市：鄉村區 ; 非都市編定：乙種建築用地,1,1,全筆移轉,01210000
RPPNMLOKNHLGFHB38EA,自強段,110.00,非都市：特定農業區 ; 非都市編定：甲種建築用地,1,1,全筆移轉,04540005
SPPNMLOKNHLGFHB48EA,忠雅段,447.47,都市：其他:第一之二種住宅區,1,1,全筆移轉,04820000
RPTOMLMLMHLGFAB87DA,尚武段,75.00,都市：其他:第五種住宅區,1,1,全筆移轉,10710000
RPOOMLLKNHLGFAB27DA,科博段,19.99,都市：其他:道路用地,1,1,全筆移轉,11530000
RPXPMLMLMHLGFCB58DA,黎明段,19.14,都市：其他:第二種住宅區,100000,255,持分移轉,02550000
RPPOMLRJNHLGFCB08DA,西屯段,.09,都市：其他:第三種商業區,1000000,5298,持分移轉,23870026
RPPOMLRJNHLGFCB08DA,西屯段,.02,都市：其他:第三種商業區,1000000,5298,持分移轉,23870081
RPPOMLRJNHLGFCB08DA,上石碑段,8.86,都市：其他:第三種商業區,1000000,5298,持分移轉,26840000
RPPOMLRJNHLGFCB08DA,西屯段,.08,都市：其他:第三種商業區,1000000,5298,持分移轉,32740000
RPPNMLOKNHLGFDB97EA,溪洲段,439.34,非都市：特定農業區 ; 非都市編定：農牧用地,4,1,持分移轉,02450000
RPRPMLSJNHLGFCB48DA,廣明段,17.54,都市：其他:第二種創新研發專用區,100000,551,持分移轉,08530000
RPQNMLNKNHLGFDB87DA,新興段,727.01,非都市：一般農業區 ; 非都市編定：農牧用地,1,1,全筆移轉,09500000
RPSRMLLKNHLGFBB08DA,倡和段,11.18,都市：其他:第三之一種商業區,100000,552,持分移轉,01820000
RPTOMLRJNHLGFAB28DA,麻園頭段,32.92,都市：其他:第二種住宅區,100000,4226,持分移轉,02590000
RPVQMLRJNHLGFBB78DA,東山段,3.33,都市：其他:第一種商業區,100000,161,持分移轉,02210000
RPSQMLLKNHLGFBB97DA,松昌段,32.62,都市：其他:第二種住宅區,10000,464,持分移轉,04080000
RPXQMLTLMHLGFCB76DA,大新段,17.64,都市：其他:第二種住宅區,10000,200,持分移轉,07550000
RPQNMLMJNHLGFCB57DA,國安段,3.09,都市：其他:第三之一種住宅區,10000,14,持分移轉,03000000
RPSNMLOKNHLGFCB08DA,廣安段,65.38,都市：其他:農業區,1,1,全筆移轉,01440005
RPXNMLLKNHLGFJB98DA,愛平段,1.70,都市：其他:第二種住宅區,100000,58,持分移轉,02960000
RPQNMLNKNHLGFKB58DA,竹師段,24.57,都市：其他:第四種住宅區,100000,2173,持分移轉,00510000
RPQNMLNKNHLGFKB58DA,竹師段,9.21,都市：其他:第四種住宅區,50,1,持分移轉,00550000
RPQNMLNKNHLGFKB58DA,竹師段,.22,都市：其他:第四種住宅區,2400,1,持分移轉,00680000
RPQNMLNKNHLGFKB58DA,竹師段,.00,都市：其他:第四種住宅區,2400,1,持分移轉,00690000
RPQNMLNKNHLGFKB58DA,竹師段,.07,都市：其他:道路用地,2400,1,持分移轉,00690001
RPQNMLNKNHLGFKB58DA,竹師段,.02,都市：其他:第四種住宅區,2400,1,持分移轉,00710000
RPQNMLNKNHLGFKB58DA,竹師段,.07,都市：其他:道路用地,2400,1,持分移轉,00710001
RPWNMLQJNHLGFBB48DA,水源段,2.71,都市：其他:第一種商業區,40000,164,持分移轉,02880027
RPPNMLOKNHLGFDB87DA,前寮段,21.69,都市：其他:乙種工業區,1,1,全筆移轉,00900001
RPPNMLOKNHLGFDB87DA,前寮段,19.12,都市：其他:乙種工業區,1,1,全筆移轉,00920000
RPVNMLMKNHLGFAB97DA,番婆段,12.49,都市：其他:第三種住宅區。,10000,66,持分移轉,00630000
RPPNMLKLMHLGFFB67DA,銀聯段,105.86,都市：其他:第四種住宅區,1694,107,持分移轉,00430003
RPQNMLQJMHLGFAB67DA,樹子腳段,15.04,都市：其他:第三種住宅區。,10000,145,持分移轉,17460000
RPQNMLQJMHLGFAB67DA,樹子腳段,.77,都市：其他:第三種住宅區。,10000,145,持分移轉,17460009
RPVNMLQJNHLGFBB38DA,邱厝子段,27.04,都市：其他:第二種住宅區,10000,658,持分移轉,00660004
RPVNMLRJNHLGFFB88DA,鹿寮段,48.00,都市：其他:第四種住宅區,1,1,全筆移轉,11830007
RPSNMLRLMHLGFFB68DA,銀聯段,.50,都市：其他:第四種住宅區,100000,130,持分移轉,18390015
RPSNMLRLMHLGFFB68DA,銀聯段,56.00,都市：其他:第四種住宅區,1,1,全筆移轉,18390041
RPSNMLRLMHLGFFB68DA,銀聯段,17.93,都市：其他:第四種住宅區,100000,5108,持分移轉,18390048
RPPOMLQJNHLGFDB08DA,豐原段,2.91,都市：其他:第二種商業區,100000,292,持分移轉,06440020
RPPOMLQJNHLGFDB08DA,豐原段,.62,都市：其他:第二種商業區,100000,292,持分移轉,06440051
RPPOMLQJNHLGFDB08DA,豐原段,.29,都市：其他:第二種商業區,100000,292,持分移轉,06440056
RPQNMLPKNHLGFGB38DA,仙師段,100.48,都市：其他:住宅區,1,1,全筆移轉,04860000
RPOOMLNKNHLGFFB97DA,三鹿段,4.45,都市：其他:第二種住宅區,53640,1192,持分移轉,05280000
RPOOMLNKNHLGFFB97DA,三鹿段,66.00,都市：其他:第二種住宅區,1,1,全筆移轉,05520000
RPOOMLNKNHLGFFB97DA,三鹿段,17.46,都市：其他:第二種住宅區,107280,4126,持分移轉,05570000
RPRNMLPKMHLGFHB48DA,僑興段,32.29,都市：其他:住宅區,100000,418,持分移轉,00140000
RPTNMLTLMHLGFHB56DA,上楓段,18.82,都市：其他:第一種住宅區,1000,28,持分移轉,12680000
RPRNMLRKMHLGFIB78DA,大忠段,119.84,都市：其他:住宅區,1,1,全筆移轉,01740029
RPWNMLRLMHLGFDB88DA,豐原段,5.55,都市：其他:第二種商業區,10000,24,持分移轉,00250003
RPRPMLMKNHLGFFB28DA,榜文段,110.73,都市：其他:第二種住宅區,1,1,全筆移轉,09870014
RPRPMLMKNHLGFFB28DA,榜文段,30.25,都市：其他:第二種住宅區,28,1,持分移轉,09870015
RPWNMLMKNHLGFIB88DA,溪南東段,71.00,非都市：特定農業區 ; 非都市編定：農牧用地,1,1,全筆移轉,08400003
RPWNMLMKNHLGFIB88DA,溪南東段,1205.00,非都市：特定農業區 ; 非都市編定：農牧用地,1,1,全筆移轉,08420000
RPPOMLLKNHLGFIB18DA,自治段,185.80,都市：其他:園道用地,11200,1120,持分移轉,09670001
RPXNMLMKNHLGFIB98DA,文化段,81.12,非都市：鄉村區 ; 非都市編定：乙種建築用地,1,1,全筆移轉,07330000
RPQNMLNKNHLGFIB38DA,地利段,132.00,都市：其他:住宅區,1,1,全筆移轉,01610001
RPQNMLNKNHLGFIB38DA,地利段,31.00,都市：其他:住宅區,1,1,全筆移轉,01620001
RPPNMLNKNHLGFHB28EA,頭家段,7.15,都市：其他:第一之一種住宅區,1,1,全筆移轉,09690000
RPPNMLNKNHLGFHB28EA,頭家段,.77,都市：其他:第一之一種住宅區,1,1,全筆移轉,09700000
RPPNMLTLMHLGFAB08DA,大益段,17.33,都市：其他:第二種住宅區,10000,327,持分移轉,09060000
RPQNMLQLMHLGFBB97DA,崇德段,15.25,都市：其他:第二種商業區,30000,222,持分移轉,03790000
RPUPMLTLMHLGFBB88DA,文正段,5.54,都市：其他:第二種住宅區,10000,56,持分移轉,00870000
RPUPMLTLMHLGFBB88DA,文正段,2.83,都市：其他:第二種住宅區,10000,56,持分移轉,00890003
RPXPMLTLMHLGFBB56DA,文正段,5.54,都市：其他:第二種住宅區,10000,56,持分移轉,00870000
RPXPMLTLMHLGFBB56DA,文正段,2.83,都市：其他:第二種住宅區,10000,56,持分移轉,00890003
RPONNLOJNHLGFCB67DA,西屯段,2.85,都市：其他:第二種住宅區,100000,220,持分移轉,20320041
RPWNMLMKNHLGFBB18DA,乾溝子段,9.27,都市：其他:第二種住宅區,10000,158,持分移轉,01420002
RPORMLTLMHLGFCB58DA,西屯段,6.58,都市：其他:第三種商業區,100000,236,持分移轉,24610000
RPVVMLPJNHLGFCB56DA,民安段,6.93,都市：其他:第一種住宅區,100000,342,持分移轉,05710000
RPVVMLPJNHLGFCB56DA,民安段,2.49,都市：其他:第一種住宅區,100000,342,持分移轉,05730000
RPQOMLRKMHLGFCB18DA,寶山段,13.43,都市：其他:第二種住宅區,10000,76,持分移轉,12770000
RPUOMLNKNHLGFBB18DA,東新段,8.78,都市：其他:第二種住宅區,100000,140,持分移轉,00080000
RPXQMLLKNHLGFBB48DA,溝背段,21.56,都市：其他:第二之一種住宅區,100000,405,持分移轉,00860000
RPQNMLMKMHLGFIB18DA,中華段,22.01,都市：其他:第二種商業區,10000,109,持分移轉,01900000
RPWNMLLLMHLGFBB08DA,北屯段,30.36,都市：其他:第二種住宅區,10000,552,持分移轉,03030004
RPRNMLPKNHLGFIB68DA,仁美段,92.18,非都市：鄉村區 ; 非都市編定：乙種建築用地,1,1,全筆移轉,05560000
RPOPMLOKNHLGFAB67DA,半平厝段,8.40,都市：其他:第三種住宅區。,10000,18,持分移轉,19720000
RPRNMLPKNHLGFIB68DA,仁美段,2.46,非都市：鄉村區 ; 非都市編定：乙種建築用地,1000,42,持分移轉,05690000
RPVQMLQKMHLGFBB68DA,昌平段,17.80,都市：其他:第一種商業區,10000,61,持分移轉,02180000
RPVNMLPKNHLGFCB48DA,西屯段,3.22,都市：其他:第二種商業區,100000,95,持分移轉,09320000
RPQQMLLKNHLGFBB77DA,仁美段,50.00,都市：其他:農業區,1,1,全筆移轉,13800016
RPQQMLLKNHLGFBB77DA,仁美段,23.53,都市：其他:農業區,10000,345,持分移轉,13800028
RPWOMLOKMHLGFBB38DA,東山段,24.32,都市：其他:第二種住宅區,10000,351,持分移轉,03870000
RPRNMLOKNHLGFDB08DA,北天段,32.32,都市：其他:農業區,1510000,417666,持分移轉,04280001
RPWOMLOKNHLGFBB48DA,崇德段,14.22,都市：其他:第二種商業區,10000,69,持分移轉,03790000
RPTOMLRJNHLGFCB48DA,國安段,27.68,都市：其他:第六種住宅區,10000000000,9009820,持分移轉,06010000
RPSPMLLLMHLGFCB97DA,西屯段,3.29,都市：其他:第三之二種住宅區,1000000,1159,持分移轉,22950000
RPSOMLRJNHLGFCB38DA,惠安段,8.11,都市：其他:第四之一種商業區,100000,100,持分移轉,02230000
RPTNMLOKNHLGFDB28DA,北天段,52.20,都市：其他:農業區,1510000,674668,持分移轉,04280001
RPWOMLNKMHLGFBB28DA,太原段,24.24,都市：其他:第三種住宅區。,100000,193,持分移轉,01340000
RPQNMLOKNHLGFBB77DA,洲際段,26.41,都市：其他:第一之一種住宅區,10000,53,持分移轉,00230000
RPXNMLSKNHLGFFB66DA,新竹林段,143.22,都市：其他:保護區,2240,51,持分移轉,00720000
RPPNMLSKNHLGFGB58DA,東勢段中嵙小段,2550.00,非都市：山坡地保育區 ; 非都市編定：農牧用地,1,1,全筆移轉,15710002
RPSNMLOKNHLGFDB18DA,北天段,32.32,都市：其他:農業區,1510000,417666,持分移轉,04280001
RPPNMLTLMHLGFIB88DA,樹王段,155.80,非都市：一般農業區 ; 非都市編定：農牧用地,1,1,全筆移轉,06100000
RPVVMLMJMHLGFJB86DA,中邑段,63.00,都市：其他:工業區(勞工住宅),1,1,全筆移轉,00040160
RPVVMLMJMHLGFJB86DA,中邑段,13.00,都市：其他:工業區(勞工住宅),1,1,全筆移轉,00040197
RPUNMLOKNHLGFDB38DA,大社東段,93.35,都市：其他:第一之一種住宅區,1,1,全筆移轉,08160000
RPSNMLPKNHLGFIB78DA,益民段,61.63,都市：其他:住宅區,1,1,全筆移轉,13130000
RPSNMLPKNHLGFIB78DA,益民段,5.21,都市：其他:住宅區,1,1,全筆移轉,13140000
RPTNMLTJNHLGFEB78DA,平安段,2.00,都市：其他:住宅區,1,1,全筆移轉,06060001
RPPNMLPKNHLGFDB08EA,市政段,13.31,都市：其他:第二種住宅區,1,1,全筆移轉,00770017
RPTOMLPKNHLGFCB38DA,大新段,9.36,都市：其他:第三種住宅區。,10000,55,持分移轉,06060000
RPSNMLRLMHLGFJB09DA,育賢段,25.38,都市：其他:商業區,10000,54,持分移轉,00930000
RPRPMLPJNHLGFBB08DA,松昌段,26.02,都市：其他:第二種住宅區,10000,63,持分移轉,04250000
RPTNMLOKNHLGFCB18DA,惠安段,6.19,都市：其他:第四之一種商業區,100000,262,持分移轉,01680000
RPROMLKLMHLGFAB47DA,大益段,4.53,都市：其他:第二種住宅區,10000,55,持分移轉,00250000
RPPNMLLLMHLGFCB47DA,協仁段,1363.46,都市：其他:農業區,1,1,全筆移轉,05660006
RPPNMLLLMHLGFCB47DA,協仁段,235.34,都市：其他:農業區,30316,3975,持分移轉,06090002
RPPNMLQJNHLGFJB58DA,溪洲段,1.65,,1,1,全筆移轉,01770000
RPPNMLQJNHLGFJB58DA,溪洲段,1344.20,都市：其他:住宅區,1,1,全筆移轉,01810000
RPXNMLMKNHLGFJB09DA,長億段,1181.47,,1,1,全筆移轉,03100032
RPXNMLRJNHLGFCB78DA,建功段,10.60,都市：其他:第五種住宅區,100000,150,持分移轉,00310000
RPXNMLRJNHLGFCB78DA,建功段,.19,都市：其他:第五種住宅區,100000,15,持分移轉,00310001
RPQNMLNKNHLGFJB48DA,溪洲段,5.98,都市：其他:住宅區,10000,170,持分移轉,00020001
RPQNMLNKNHLGFJB48DA,溪洲段,17.03,都市：其他:住宅區,10000,170,持分移轉,00030000
RPQNMLNKNHLGFJB48DA,溪洲段,1.18,都市：其他:住宅區,10000,170,持分移轉,00030001
RPVNMLMKNHLGFCB18DA,永林段,16.06,都市：其他:農業區,1,1,全筆移轉,04920003
RPOOMLMKNHLGFCB57DA,永林段,16.09,都市：其他:農業區,1,1,全筆移轉,04920008
RPWNMLMKNHLGFCB28DA,永林段,16.07,都市：其他:農業區,1,1,全筆移轉,04920006
RPXQMLSLMHLGFCB66DA,楓樹段,31.57,都市：其他:第二之二種住宅區,100000,654,持分移轉,08220000
RPQOMLMKNHLGFCB77DA,永林段,18.71,都市：其他:農業區,1,1,全筆移轉,04920012
RPXNMLMKNHLGFCB38DA,永林段,16.08,都市：其他:農業區,1,1,全筆移轉,04920007
RPQNMLOJNHLGFDB87DA,豐原段,33.00,都市：其他:第二種商業區,1,1,全筆移轉,07210013
RPQNMLOJNHLGFDB87DA,豐原段,17.00,都市：其他:第二種商業區,1,1,全筆移轉,07210024
RPRNMLQJNHLGFFB38DA,興農段,24.28,都市：其他:第四種住宅區,100000,853,持分移轉,07840000
RPRNMLQJNHLGFFB38DA,興農段,.80,都市：其他:第四種住宅區,100000,433,持分移轉,07890000
RPTNMLQJNHLGFFB58DA,南簡段,23.71,都市：其他:第四種住宅區,100000,2397,持分移轉,04460002
RPPOMLMKNHLGFCB67DA,永林段,16.10,都市：其他:農業區,1,1,全筆移轉,04920010
RPPOMLSKNHLGFFB58DA,公正段,60.39,都市：其他:第四種住宅區,1,1,全筆移轉,00980000
RPPNMLKLNHLGFGB87DA,復盛段,187.62,非都市：特定農業區 ; 非都市編定：甲種建築用地,2,1,持分移轉,03220000
RPPNMLKLMHLGFIB97DA,榮泉段,6.86,都市：其他:第一種住宅區,1,1,全筆移轉,00220004
RPROMLKLMHLGFIB28DA,霧工段,20.49,非都市：工業區 ; 非都市編定：丁種建築用地,78,2,持分移轉,09660000
RPROMLKLMHLGFIB28DA,霧工段,2.57,非都市：工業區 ; 非都市編定：丁種建築用地,110,2,持分移轉,09960000
RPROMLKLMHLGFIB28DA,霧工段,4.34,非都市：工業區 ; 非都市編定：丁種建築用地,78,2,持分移轉,10300000
RPROMLKLMHLGFIB28DA,霧工段,80.62,非都市：工業區 ; 非都市編定：丁種建築用地,1,1,全筆移轉,10320000
RPWNMLOKNHLGFAB28DA,正義段五小段,.50,都市：其他:第一種商業區,10,1,持分移轉,00140009
RPWNMLOKNHLGFAB28DA,正義段五小段,11.10,都市：其他:第一種商業區,10,1,持分移轉,00140010
RPPNMLPKNHLGFKB68DA,自治段,47.51,都市：其他:住宅區,2,1,持分移轉,04840000
RPRNMLQJNHLGFKB88DA,遠東段,17.70,都市：其他:第二種住宅區,38,1,持分移轉,08350000
RPRNMLQJNHLGFKB88DA,遠東段,.19,都市：其他:道路用地,38,1,持分移轉,08350001
RPRNMLQJNHLGFKB88DA,遠東段,79.26,都市：其他:第二種住宅區,1,1,全筆移轉,08640000
RPPNMLPKNHLGFIB58EA,喬城段,95.56,都市：其他:住宅區,1,1,全筆移轉,10280000
RPPOMLPJNHLGFBB77DA,錦村段,9.44,都市：其他:第二之一種商業區,100000,109,持分移轉,01850000
RPQNMLNJMHLGFAB37DA,科博段,19.07,都市：其他:第二種住宅區及第三種住宅區,20000,174,持分移轉,04130000
RPVOMLRJNHLGFBB58DA,陳平段,18.28,都市：其他:第五種住宅區,100000,1557,持分移轉,16950000
RPUOMLNKMHLGFCB18DA,國安段,9.52,都市：其他:第六種住宅區,10000,18,持分移轉,05930489
RPSNMLPKNHLGFAB97DA,後壠子段,17.51,都市：其他:第三種住宅區。,10000,208,持分移轉,03810002
RPPOMLKMMHLGFAB37DA,旱新段,11.78,都市：其他:第二種住宅區,1000000,23819,持分移轉,06070000
RPPOMLTLMHLGFCB38DA,楓溪段,373.51,都市：其他:第一之一種住宅區,1,1,全筆移轉,03340000
RPXQMLSKNHLGFCB66DA,信安段,35.63,都市：其他:第一之一種住宅區,100000,417,持分移轉,06910000
RPXQMLSKNHLGFCB66DA,信安段,11.00,都市：其他:第三之一種住宅區,100000,417,持分移轉,07020000
RPUOMLPKNHLGFCB48DA,惠國段,25.15,都市：其他:第六種新市政中心專用區,1000000,22770,持分移轉,01230000
RPUNMLNLMHLGFBB08DA,文正段,9.85,都市：其他:第一種商業區,10000,118,持分移轉,00570017
RPUNMLNLMHLGFBB08DA,文正段,4.78,都市：其他:第一種商業區,10000,118,持分移轉,00660002
RPOOMLPKNHLGFAB67DA,下橋子頭段,21.31,都市：其他:第三種住宅區。,100000,99,持分移轉,02310001
RPSNMLOJNHLGFAB77DA,麻園頭段,67.00,都市：其他:第二種住宅區,1,1,全筆移轉,04140000
RPTNMLMKNHLGFBB87DA,東信段,24.03,都市：其他:第二種住宅區,10000,293,持分移轉,00720000
RPQNMLKKNHLGFBB37DA,青雲段,85.00,都市：其他:第一種住宅區,1,1,全筆移轉,03730000
RPTNMLNKNHLGFBB97DA,長安段,14.62,都市：其他:第二種住宅區,1000,34,持分移轉,02480000
RPTNMLNKNHLGFBB97DA,長安段,1.12,都市：其他:第二種住宅區,1000,34,持分移轉,02600005
RPSOMLNKNHLGFBB97DA,青田段,1.32,,1224,17,持分移轉,03180000
RPSOMLNKNHLGFBB97DA,青田段,1.32,,1224,17,持分移轉,03180000
RPSOMLNKNHLGFBB97DA,青田段,.64,,96,1,持分移轉,03200000
RPSOMLNKNHLGFBB97DA,青田段,.64,,96,1,持分移轉,03200000
RPSOMLNKNHLGFBB97DA,青田段,2.07,,72,1,持分移轉,03210000
RPSOMLNKNHLGFBB97DA,青田段,2.07,,72,1,持分移轉,03210000
RPSOMLNKNHLGFBB97DA,青田段,.22,都市：其他:第一之一種住宅區,11936,9,持分移轉,03240000
RPSOMLNKNHLGFBB97DA,青田段,.22,都市：其他:第一之一種住宅區,11936,9,持分移轉,03240000
RPSOMLNKNHLGFBB97DA,青田段,.04,,11936,9,持分移轉,03240001
RPSOMLNKNHLGFBB97DA,青田段,1.54,都市：其他:園道用地,72,1,持分移轉,03310000
RPSOMLNKNHLGFBB97DA,青田段,1.54,都市：其他:園道用地,72,1,持分移轉,03310000
RPSOMLNKNHLGFBB97DA,青田段,.24,都市：其他:第一之一種住宅區,72,1,持分移轉,03310001
RPSOMLNKNHLGFBB97DA,青田段,.24,都市：其他:第一之一種住宅區,72,1,持分移轉,03310001
RPSOMLNKNHLGFBB97DA,青田段,19.50,都市：其他:第一之一種住宅區,72,1,持分移轉,03310002
RPSOMLNKNHLGFBB97DA,青田段,19.50,都市：其他:第一之一種住宅區,72,1,持分移轉,03310002
RPSOMLNKNHLGFBB97DA,青田段,5.12,都市：其他:第一之一種住宅區,72,1,持分移轉,03310003
RPSOMLNKNHLGFBB97DA,青田段,5.12,都市：其他:第一之一種住宅區,72,1,持分移轉,03310003
RPSOMLNKNHLGFBB97DA,青田段,4.14,都市：其他:第一之一種住宅區,72,1,持分移轉,03310004
RPSOMLNKNHLGFBB97DA,青田段,4.14,都市：其他:第一之一種住宅區,72,1,持分移轉,03310004
RPSOMLNKNHLGFBB97DA,青田段,5.60,都市：其他:第一之一種住宅區,96,1,持分移轉,03380000
RPSOMLNKNHLGFBB97DA,青田段,5.60,都市：其他:第一之一種住宅區,96,1,持分移轉,03380000
RPSOMLNKNHLGFBB97DA,青田段,.38,,1224,17,持分移轉,03420000
RPSOMLNKNHLGFBB97DA,青田段,.38,,1224,17,持分移轉,03420000
RPTNMLMKNHLGFJB68DA,興隆段,66.15,非都市：一般農業區 ; 非都市編定：農牧用地,1,1,全筆移轉,10370002
RPXNMLTKNHLGFBB98DA,倡和段,11.18,都市：其他:第三之一種商業區,100000,552,持分移轉,01820000
RPSNMLQJNHLGFDB28DA,豐原段,19.17,都市：其他:第二種住宅區,15367,560,持分移轉,08660073
RPSNMLQJNHLGFDB28DA,豐原段,74.00,都市：其他:第二種住宅區,1,1,全筆移轉,08660078
RPVNMLNKNHLGFHB78DA,陽明段,13.28,都市：其他:農業區,20000,203,持分移轉,15840000
RPTQMLTLMHLGFCB98DA,中仁段,7.38,都市：其他:第一種商業區,100000,518,持分移轉,03320000
RPPNMLPKNHLGFJB58DA,溪洲段,23.70,都市：其他:住宅區,10000,73,持分移轉,05130000
RPPNMLMKNHLGFJB28DA,太平段,31.76,都市：其他:住宅區,10000,198,持分移轉,05890000
RPPPMLPKNHLGFBB97DA,北屯段,72.00,都市：其他:第二種住宅區,1,1,全筆移轉,01580063
RPWNMLPKNHLGFIB56DA,興祥段,16.54,都市：其他:第三種住宅區。,100000,1030,持分移轉,01890000
RPWNMLPKNHLGFIB56DA,興祥段,.24,都市：其他:住宅區,100000,1030,持分移轉,01890001
RPTPMLMJMHLGFCB97DA,寶文段,31.68,都市：其他:第二種住宅區,100000,723,持分移轉,00750014
RPWNMLPJNHLGFDB58DA,南陽段,4.16,都市：其他:第三種住宅區。,100000,1457,持分移轉,06090000
RPWNMLPJNHLGFDB58DA,南陽段,6.17,都市：其他:第三種住宅區。,100000,1457,持分移轉,06110000
RPQNMLMKNHLGFDB77DA,南陽段,14.56,都市：其他:第二種住宅區,10000,52,持分移轉,07830000
RPPNMLTKMHLGFAB97DA,麻園頭段,12.91,都市：其他:第三種住宅區。,1000000,2452,持分移轉,01320000
RPSNMLKLNHLGFEB97DA,武曲段,13.11,都市：其他:乙種工業區,30000,6051,持分移轉,02010000
RPSNMLKLNHLGFEB97DA,武曲段,211.00,都市：其他:乙種工業區,1,1,全筆移轉,02010008
RPSNMLKLNHLGFEB97DA,武曲段,2.30,都市：其他:乙種工業區,30000,6909,持分移轉,02010009
RPSNMLKLNHLGFEB97DA,武曲段,85.90,都市：其他:乙種工業區,30000,6909,持分移轉,02010010
RPSNMLKLNHLGFEB97DA,武曲段,2.30,都市：其他:乙種工業區,30000,6909,持分移轉,02010018
RPSNMLKLNHLGFEB97DA,武曲段,201.00,都市：其他:乙種工業區,1,1,全筆移轉,02010021
RPPNMLLLMHLGFEB67DA,大同段,15.01,都市：其他:道路用地,1,1,全筆移轉,09480000
RPPNMLLLMHLGFEB67DA,大同段,81.95,都市：其他:第一種住宅區,1,1,全筆移轉,09590000
RPUNMLSJNHLGFFB88DA,梧棲段,12.97,都市：其他:第三種商業區,10000,91,持分移轉,29340000
RPWNMLKLNHLGFFB48DA,美仁段,127.75,都市：其他:第三種商業區,1,1,全筆移轉,04730000
RPPNMLPJNHLGFHB28DA,聖宮段,15.78,都市：其他:第一之二種住宅區,100000,830,持分移轉,11690000
RPVPMLOKNHLGFCB58DA,福安段,23.02,都市：其他:第二種住宅區,10000,104,持分移轉,08020000
RPPNMLSKNHLGFHB68DA,工區段,100.05,都市：其他:乙種工業區,1,1,全筆移轉,00840000
RPPNMLSKNHLGFHB68DA,工區段,16.48,都市：其他:乙種工業區,1,1,全筆移轉,01000000
RPQNMLTLMHLGFIB98DA,新榮和段,21.79,都市：其他:商業區,100000,261,持分移轉,00220000
RPVSMLSKNHLGFIB27DA,健民段,31.14,非都市：鄉村區 ; 非都市編定：乙種建築用地,1000000,4527,持分移轉,07640000
RPQPMLOKNHLGFIB68DA,新仁段,108.00,都市：其他:住宅區,1,1,全筆移轉,08280001
RPPTMLSKNHLGFIB76DA,中興段,724.00,非都市：特定農業區 ; 非都市編定：農牧用地,1,1,全筆移轉,07150000
RPRNMLSKNHLGFJB09DA,光華段,99.82,非都市：鄉村區 ; 非都市編定：乙種建築用地,1,1,全筆移轉,06650000
RPSNMLSJNHLGFKB56DA,文昌段,25.65,都市：其他:住宅區,63,4,持分移轉,23120000
RPSNMLSJNHLGFKB56DA,文昌段,7.49,都市：其他:住宅區,63,4,持分移轉,23120002
RPPNMLPKNHLGFBB87EA,松觀段,.36,都市：其他:第二種住宅區,10000,2,持分移轉,08140000
RPTNMLTKNHLGFIB76EA,舊街段,22.01,都市：其他:住宅區,1,1,全筆移轉,02490003
RPQNMLLKNHLGFKB38DA,竹師段,30.75,都市：其他:第四種住宅區,100000,575,持分移轉,06660000
RPOOMLOJNHLGFIB28DA,興祥段,109.52,都市：其他:第三種住宅區。,1,1,全筆移轉,07620000
RPPNMLTKNHLGFKB56EA,榮華段,22.43,都市：其他:住宅區,8,1,持分移轉,03530000
RPOOMLOJNHLGFIB28DA,興祥段,3.19,都市：其他:第三種住宅區。,350,1,持分移轉,09640000
RPPNMLTKNHLGFKB56EA,榮華段,78.64,都市：其他:住宅區,1,1,全筆移轉,03600000
RPQOMLLLMHLGFAB47DA,城隍段九小段,66.00,都市：其他:第二種住宅區,1,1,全筆移轉,00010010
RPTPMLOKNHLGFCB38DA,民安段,15.87,都市：其他:第一種住宅區,10000,103,持分移轉,06010000
RPPNMLSLMHLGFCB18DA,西屯段,10.03,都市：其他:第二種住宅區,10000,59,持分移轉,23900004
RPQQMLTLMHLGFBB58DA,乾溝子段,26.17,都市：其他:第三之一種商業區,10000,41,持分移轉,01700000
RPQNMLRKNHLGFBB08DA,平田段,22.27,都市：其他:第二種住宅區,100000,224,持分移轉,02440000
RPPNMLRKNHLGFBB97DA,太原段,24.76,都市：其他:第三種住宅區。,200000,250,持分移轉,01400001
RPSQMLPJNHLGFBB28DA,賴厝廍段,2.67,都市：其他:第一種商業區,10000,14,持分移轉,04380000
RPRNMLMLMHLGFCB77DA,大新段,6.90,都市：其他:第二種住宅區,10000,149,持分移轉,00570000
RPSNMLMLMHLGFCB87DA,建功段,16.79,都市：其他:第五種住宅區,100000,265,持分移轉,00160000
RPPPMLTLMHLGFCB48DA,西屯段,.95,都市：其他:道路用地,168770,2057,持分移轉,04900000
RPTSMLTLMHLGFCB56DA,寶山段,46.41,都市：其他:農業區,100,17,持分移轉,10340000
RPTSMLTLMHLGFCB56DA,寶山段,.33,都市：其他:農業區,3,1,持分移轉,10340001
RPTSMLTLMHLGFCB56DA,寶山段,6.00,都市：其他:農業區,3,1,持分移轉,10860004
RPUSMLTLMHLGFCB66DA,寶山段,46.41,都市：其他:農業區,100,17,持分移轉,10340000
RPUSMLTLMHLGFCB66DA,寶山段,.33,都市：其他:農業區,3,1,持分移轉,10340001
RPUSMLTLMHLGFCB66DA,寶山段,6.00,都市：其他:農業區,3,1,持分移轉,10860004
RPVPMLMKNHLGFCB38DA,楓樹段,77.00,都市：其他:第二之二種住宅區,1,1,全筆移轉,10420000
RPOPMLMKNHLGFCB67DA,國安段,33.81,都市：其他:第六種住宅區,100000,100,持分移轉,05990000
RPPNMLSKNHLGFCB28EA,惠民段,15.42,都市：其他:第六種新市政中心專用區,100000,674,持分移轉,01110000
RPVOMLKMMHLGFCB18DA,順和段,6.89,都市：其他:第二種住宅區,700,24,持分移轉,00970000
RPVOMLKMMHLGFCB18DA,順和段,6.89,都市：其他:第二種住宅區,700,24,持分移轉,00980000
RPPPMLSJNHLGFAB08DA,公民段,1.12,都市：其他:第二種住宅區,300,2,持分移轉,07120000
RPPPMLSJNHLGFAB08DA,公民段,20.29,都市：其他:第二種住宅區,300,95,持分移轉,07130000
RPSNMLNKNHLGFHB48DA,自強段,129.00,非都市：特定農業區 ; 非都市編定：甲種建築用地,1,1,全筆移轉,28480002
RPSNMLLLNHLGFCB87DA,建功段,19.97,都市：其他:第五種住宅區,10000,26,持分移轉,00070001
RPXNMLSKNHLGFBB88DA,新賴厝廍九段,10.39,都市：其他:第二種住宅區,100000,731,持分移轉,02210000
RPVPMLNLMHLGFBB38DA,新賴厝廍六段,23.16,都市：其他:第二種住宅區,8300,87,持分移轉,00490000
RPSNMLTKNHLGFBB48DA,東信段,23.11,都市：其他:第四種商業區,10000,62,持分移轉,02640000
RPSNMLRJNHLGFEB48DA,新城段,67.39,非都市：鄉村區 ; 非都市編定：乙種建築用地,1,1,全筆移轉,02790000
RPSNMLMLMHLGFFB18DA,中清段,70.59,非都市：鄉村區 ; 非都市編定：乙種建築用地,1,1,全筆移轉,05990000
RPUNMLMLNHLGFFB48DA,三民段,75.65,都市：其他:第四種住宅區,100,5,持分移轉,00710000
RPQOMLSKNHLGFFB68DA,明德段,2.31,都市：其他:保護區,1920,26,持分移轉,00540000
RPQOMLSKNHLGFFB68DA,明德段,127.08,都市：其他:保護區,1920,26,持分移轉,00570000
RPQOMLSKNHLGFFB68DA,明德段,.63,都市：其他:保護區,1920,14,持分移轉,00590000
RPQOMLSKNHLGFFB68DA,明德段,14.22,都市：其他:保護區,1920,14,持分移轉,00600000
RPQOMLSKNHLGFFB68DA,明德段,83.22,都市：其他:農業區,1920,14,持分移轉,00610000
RPQOMLSKNHLGFFB68DA,明德段,15.93,都市：其他:農業區,1920,26,持分移轉,00630000
RPQOMLSKNHLGFFB68DA,明德段,121.57,都市：其他:農業區,1920,14,持分移轉,00680000
RPQOMLSKNHLGFFB68DA,明德段,95.00,都市：其他:農業區,1920,26,持分移轉,00690000
RPQOMLSKNHLGFFB68DA,明德段,22.76,都市：其他:保護區,1920,14,持分移轉,00710000
RPQOMLSKNHLGFFB68DA,明德段,11.53,都市：其他:保護區,1920,14,持分移轉,00720000
RPQOMLSKNHLGFFB68DA,明德段,14.16,都市：其他:農業區,1920,14,持分移轉,00730000
RPPNMLTKMHLGFIB78DA,新生段,67.02,都市：其他:住宅區,1,1,全筆移轉,02090000
RPVOMLKLMHLGFIB68DA,立新段,22.70,非都市：鄉村區 ; 非都市編定：乙種建築用地,10000,30,持分移轉,13060000
RPSOMLPKNHLGFBB18DA,新賴厝廍九段,8.31,都市：其他:第二種住宅區,10000,122,持分移轉,05320000
RPUNMLMLMHLGFIB68DA,美群段,185.81,非都市：鄉村區 ; 非都市編定：乙種建築用地,1,1,全筆移轉,07930000
RPOOMLPKNHLGFIB48DA,重建段,1200.00,都市：其他:農業區,1,1,全筆移轉,01410000
RPPOMLPKNHLGFIB58DA,重建段,1200.00,都市：其他:農業區,1,1,全筆移轉,01400000
RPSNMLSLMHLGFJB56DA,興隆段,21.26,非都市：鄉村區 ; 非都市編定：交通用地,1,1,全筆移轉,01900003
RPUNMLSLMHLGFJB76DA,興隆段,32.53,非都市：鄉村區 ; 非都市編定：交通用地,1,1,全筆移轉,01900000
RPRNMLQJNHLGFJB78DA,樹德段,109.30,都市：其他:住宅區,1,1,全筆移轉,04770000
RPPNMLTKNHLGFJB98DA,宜欣段,17.75,都市：其他:商業區,10000,189,持分移轉,11690000
RPRNMLOKNHLGFAB77DA,五權段,1.07,都市：其他:第二種住宅區,1000000,340,持分移轉,07740000
RPRNMLOKNHLGFAB77DA,五權段,.93,都市：其他:第一種商業區,1000000,340,持分移轉,07750000
RPRNMLOKNHLGFAB77DA,五權段,.01,都市：其他:廣場兼停車場用地,1000000,340,持分移轉,07750001
RPPNMLTJMHLGFHB58DA,自強段,69.00,非都市：特定農業區 ; 非都市編定：甲種建築用地,1,1,全筆移轉,12740016
RPRPMLPKNHLGFCB28DA,福安段,9.76,都市：其他:第二種住宅區,10000,44,持分移轉,08040000
RPRPMLSKNHLGFCB58DA,田心段,.10,都市：其他:第二種住宅區,5040,504,持分移轉,05540023
RPRPMLSKNHLGFCB58DA,田心段,.60,都市：其他:第二種住宅區,5040,504,持分移轉,05540027
RPRPMLSKNHLGFCB58DA,田心段,.20,都市：其他:道路用地,2520,504,持分移轉,05620005
RPPNMLKLNHLGFCB57EA,大新段,28.13,都市：其他:第二種住宅區,10000,177,持分移轉,02130000
RPPNMLKLNHLGFHB08EA,潭陽段,4.98,都市：其他:第一之二種住宅區,1,1,全筆移轉,03770000
RPPNMLKLNHLGFHB08EA,潭陽段,84.86,都市：其他:第一之二種住宅區,1,1,全筆移轉,03780000
RPPNMLKLNHLGFHB08EA,潭陽段,2.06,都市：其他:第一之二種住宅區,1,1,全筆移轉,03790000
RPPNMLKLNHLGFJB28EA,興隆段,35.62,非都市：鄉村區 ; 非都市編定：交通用地,1,1,全筆移轉,01900002
RPQNMLQJNHLGFAB77DA,旱清段,3.82,都市：其他:第二種住宅區,10000,38,持分移轉,02030000
RPSOMLRJNHLGFAB18DA,下橋子頭段,5.30,都市：其他:第三種住宅區。,100000,193,持分移轉,02580003
RPWNMLLKNHLGFAB97DA,下橋子頭段,9.70,都市：其他:第一種商業區,10000,40,持分移轉,01340000
RPWNMLLKNHLGFAB97DA,下橋子頭段,6.32,都市：其他:第二種住宅區,10000,40,持分移轉,01360037
RPRNMLTKNHLGFAB28DA,麻園頭段,28.00,都市：其他:第二種住宅區,688,28,持分移轉,01860002
RPPPMLPKNHLGFCB08DA,國安段,11.24,都市：其他:第六種住宅區,10000,21,持分移轉,05930066
RPVPMLTKNHLGFCB09DA,保安段,11.91,都市：其他:第三之二種住宅區,100000,463,持分移轉,11050000
RPPNMLKLNHLGFCB47DA,福星段,10.21,都市：其他:第三種住宅區。,200000,349,持分移轉,04820000
RPRPMLSJNHLGFBB38DA,松茂段,30.05,都市：其他:第二種住宅區,100000,490,持分移轉,05390000
RPRQMLLLMHLGFBB87DA,錦村段,11.94,都市：其他:第二種住宅區,10000,212,持分移轉,00850000
RPWOMLMKNHLGFBB28DA,東山段,21.91,都市：其他:第二種住宅區,100000,1279,持分移轉,03150000
RPQNMLNLMHLGFBB67DA,仁德段,82.00,都市：其他:第一種住宅區,1,1,全筆移轉,03870021
RPROMLKMMHLGFBB67DA,太祥段,26.81,都市：其他:第二種住宅區,10000,134,持分移轉,01500000
RPPNMLKLNHLGFDB57DA,下街段,16.11,都市：其他:第三種住宅區。,1,1,全筆移轉,05870000
RPPNMLKLNHLGFDB57DA,下街段,35.82,都市：其他:第三種住宅區。,1,1,全筆移轉,05880000
RPPNMLKLNHLGFDB57DA,下街段,45.97,都市：其他:第三種住宅區。,1,1,全筆移轉,05890000
RPSNMLOJNHLGFBB87DA,同榮段,22.47,都市：其他:第二種住宅區,100000,1848,持分移轉,34640000
RPUNMLPKNHLGFJB09DA,新光段,26.13,都市：其他:市場用地,100000,1589,持分移轉,03720000
RPVPMLSJNHLGFBB78DA,景東段,14.66,都市：其他:第三種住宅區。,100000,775,持分移轉,01620000
RPTOMLNKNHLGFBB08DA,軍和段,23.44,都市：其他:第一種商業區,200000,3308,持分移轉,02100000
RPVNMLSJNHLGFBB58DA,乾溝子段,10.34,都市：其他:第二種住宅區,100000,329,持分移轉,01430056
RPPRMLLKNHLGFBB77DA,平田段,16.21,都市：其他:第二種住宅區,10000,50,持分移轉,04690000
RPTNMLTKNHLGFJB76DA,新興段,28.36,都市：其他:住宅區,100000,386,持分移轉,00660000
RPPNMLSKNHLGFBB08DA,錦村段,9.59,都市：其他:第二種住宅區,10000,700,持分移轉,01280014
RPRNMLSJNHLGFCB28DA,南屯段,70.00,都市：其他:第三種住宅區。,1,1,全筆移轉,01450005
RPPNMLMLMHLGFBB47DA,東光段,9.86,都市：其他:第二種商業區,100000,773,持分移轉,04130000
RPRNMLOLMHLGFFB28DA,市鎮北段,13.73,都市：其他:第四種商業區,10000,42,持分移轉,00130000
RPPNMLKMMHLGFFB77DA,鰲峰段,22.88,都市：其他:第三種商業區,10000000,248696,持分移轉,00620000
RPPNMLKMMHLGFFB77DA,鰲峰段,53.16,都市：其他:第三種商業區,10000000,2006037,持分移轉,00650000
RPUNMLSKNHLGFFB98DA,犁份東段,67.33,都市：其他:農業區,4,1,持分移轉,02450000
RPUNMLSKNHLGFFB98DA,犁份東段,892.03,都市：其他:農業區,1,1,全筆移轉,02600000
RPUNMLKLNHLGFFB28DA,庄北段,2.00,都市：其他:第四種住宅區,100000,1230,持分移轉,10320000
RPUNMLKLNHLGFFB28DA,庄北段,16.55,都市：其他:第四種住宅區,100000,1230,持分移轉,10330000
RPUNMLKLNHLGFFB28DA,庄北段,3.89,都市：其他:第四種住宅區,100000,1230,持分移轉,10340000
RPUNMLKLNHLGFFB28DA,庄北段,1.32,都市：其他:第四種住宅區,100000,1230,持分移轉,10350000
RPUNMLKLNHLGFFB28DA,庄北段,1.85,都市：其他:第四種住宅區,100000,1230,持分移轉,10360000
RPOOMLKLNHLGFFB77DA,興安西段,13.20,都市：其他:第二種商業區,10000,34,持分移轉,00070000
RPPNMLTKNHLGFGB68DA,東勢段石角小段,3609.00,非都市：山坡地保育區 ; 非都市編定：農牧用地,1,1,全筆移轉,26670000
RPSNMLSKNHLGFGB88DA,中山段,65.04,都市：其他:住宅區,1,1,全筆移轉,04240000
RPPNMLKLNHLGFAB37EA,萬安段九小段,5.88,都市：其他:第二種住宅區,10000,24,持分移轉,00050000
RPPNMLKLNHLGFAB37EA,萬安段九小段,.01,都市：其他:第二種住宅區,100000,1,持分移轉,00080011
RPPNMLKLNHLGFAB37EA,信義段九小段,.00,都市：其他:第二種住宅區,100000,1,持分移轉,00090004
RPPNMLKLNHLGFAB37EA,頂橋子頭段,.02,都市：其他:第二種住宅區,100000,1,持分移轉,03680000
RPXNMLPKNHLGFIB66DA,立仁段,10.56,非都市：鄉村區 ; 非都市編定：乙種建築用地,50000,78,持分移轉,02870000
RPPNMLSKNHLGFIB78DA,長春段,83.29,都市：其他:住宅區,1,1,全筆移轉,04780002
RPPNMLSKNHLGFIB78DA,長春段,2.49,,1,1,全筆移轉,04780014
RPTNMLLLNHLGFIB58DA,新生段,18.28,都市：其他:商業區,10000,127,持分移轉,05030000
RPSNMLPKNHLGFJB88DA,坪林段,28.67,非都市：鄉村區 ; 非都市編定：乙種建築用地,100000,2237,持分移轉,07390000
RPPNMLLLNHLGFHB18EA,學雅段,8.69,都市：其他:道路用地,4,1,持分移轉,05890000
RPPNMLLLNHLGFHB18EA,學雅段,57.51,都市：其他:道路用地,8,1,持分移轉,09060000
RPPNMLKLNHLGFBB47EA,竹興段,232.75,都市：其他:第一之一種住宅區,1,1,全筆移轉,01150000
RPPOMLMLMHLGFAB47DA,藍興段,3.83,都市：其他:第一種商業區,10000,97,持分移轉,08310000
RPQOMLNLMHLGFAB67DA,中民段六小段,14.56,都市：其他:第二種住宅區,200,13,持分移轉,00010044
RPSNMLRLMHLGFAB18DA,旱清段,12.16,都市：其他:第二種住宅區,100000,390,持分移轉,02460000
RPRNMLSLMHLGFAB18DA,尚武段,31.69,都市：其他:第二種住宅區,100000,391,持分移轉,03260000
RPWNMLNKNHLGFCB38DA,惠國段,45.38,都市：其他:第四種新市政中心專用區,100000,1264,持分移轉,00920000
RPTNMLMKNHLGFAB77DA,半平厝段,30.00,都市：其他:道路用地,1,1,全筆移轉,04510001
RPTNMLMKNHLGFAB77DA,吉龍段,20.79,都市：其他:道路用地,100,99,持分移轉,06630000
RPTNMLMKNHLGFAB77DA,半平厝段,26.00,都市：其他:第二種住宅區,1,1,全筆移轉,07370001
RPVNMLTKNHLGFCB88DA,下石碑段,3.03,都市：其他:道路用地,30,7,持分移轉,21100001
RPVNMLTKNHLGFCB88DA,下石碑段,4.67,都市：其他:道路用地,30,7,持分移轉,21100002
RPSOMLRJNHLGFBB28DA,中德段,11.93,都市：其他:第一種商業區,10000,158,持分移轉,03020000
RPVRMLPKNHLGFCB88DA,豐功段,13.63,都市：其他:第四種商業區,100000,405,持分移轉,02570000
RPOQMLMLMHLGFBB67DA,松竹段,69.00,都市：其他:第二種住宅區,1,1,全筆移轉,02460001
RPTQMLOLMHLGFBB38DA,文正段,2.39,都市：其他:第一種商業區,10000,33,持分移轉,01010001
RPTQMLOLMHLGFBB38DA,文正段,1.04,都市：其他:第二種住宅區,10000,33,持分移轉,01010007
RPSOMLNLMHLGFIB68DA,溪南西段,23.11,非都市：鄉村區 ; 非都市編定：乙種建築用地,100000,1320,持分移轉,09810000
RPRPMLPKMHLGFCB18DA,黎明段,9.20,都市：其他:第三種住宅區。,100000,813,持分移轉,03530000
RPQOMLSLMHLGFBB28DA,太和段,22.99,都市：其他:第三種住宅區。,100000,1309,持分移轉,00260000
RPPQMLQJNHLGFBB08DA,平田段,22.37,都市：其他:第二種住宅區,100000,225,持分移轉,02440000
RPXNMLKLNHLGFBB18DA,陳平段,48.50,都市：其他:第三之二種住宅區,4,1,持分移轉,07340058
RPXNMLKLNHLGFBB18DA,陳平段,5.52,都市：其他:第三之二種住宅區,88,1,持分移轉,07340067
RPXNMLKLNHLGFBB18DA,陳平段,.53,,88,1,持分移轉,07340082
RPVNMLOKNHLGFHB88DA,大新段,13.54,都市：其他:第一之二種住宅區,100000,387,持分移轉,06650000
RPPNMLMLNHLGFBB57DA,文北段,24.85,都市：其他:第二之一種住宅區,100000,936,持分移轉,01780000
RPSOMLTKNHLGFFB98DA,六路段,161.18,都市：其他:第二種住宅區,1,1,全筆移轉,06410000
RPPNMLOKNHLGFCB77DA,惠安段,5.35,都市：其他:第四之一種商業區,100000,66,持分移轉,02230000
RPVOMLPKNHLGFCB58DA,信安段,3.81,都市：其他:第三之一種住宅區,100000,40,持分移轉,05930002
RPUNMLSKNHLGFCB68DA,永林段,16.31,都市：其他:農業區,1,1,全筆移轉,04920011
RPSPMLTKNHLGFCB78DA,大新段,13.50,都市：其他:第二種住宅區,9090,135,持分移轉,00090000
RPQQMLMKNHLGFCB97DA,民安段,53.92,都市：其他:第三之一種住宅區,100000,3593,持分移轉,19030000
RPUNMLKLNHLGFDB08DA,新店西段,12.62,非都市：特定農業區 ; 非都市編定：甲種建築用地,40000,1926,持分移轉,03280000
RPUNMLKLNHLGFDB08DA,新店西段,704.64,非都市：特定農業區 ; 非都市編定：農牧用地,40000,1926,持分移轉,03290000
RPOOMLSJNHLGFFB38DA,興農段,74.24,都市：其他:第四種住宅區,1,1,全筆移轉,11180002
RPWNMLNKNHLGFFB68DA,忠孝段,99.00,都市：其他:第四種住宅區,2,1,持分移轉,01640010
RPROMLSKNHLGFFB78DA,市鎮南段,9.20,都市：其他:第四種商業區,10000,27,持分移轉,00150000
RPPOMLKLNHLGFFB87DA,鹿峰西段,25.36,都市：其他:第四種住宅區,10000,223,持分移轉,05440000
RPUNMLOKNHLGFHB78DA,弘富段,26.78,都市：其他:第一之二種住宅區,1000000,7670,持分移轉,03150000
RPQNMLSKNHLGFHB78DA,花眉庄段,15.85,都市：其他:農業區,12,1,持分移轉,04840000
RPQNMLSKNHLGFHB78DA,花眉庄段,15.33,都市：其他:農業區,1,1,全筆移轉,04840001
RPQNMLSKNHLGFHB78DA,花眉庄段,77.21,都市：其他:農業區,1,1,全筆移轉,04840002
RPQNMLSKNHLGFHB78DA,花眉庄段,13.17,都市：其他:農業區,12,1,持分移轉,04850000
RPQNMLSKNHLGFHB78DA,花眉庄段,46.06,都市：其他:農業區,1,1,全筆移轉,04850002
RPPNMLKLNHLGFKB38EA,龍津段,169.50,都市：其他:第四種住宅區,40,20,持分移轉,02050002
RPRPMLTKNHLGFAB48DA,土庫段,32.36,都市：其他:第二種住宅區,10000,186,持分移轉,00320059
RPOSMLPKMHLGFBB08DA,文正段,5.93,都市：其他:第一種商業區,14,1,持分移轉,00270003
RPOSMLPKMHLGFBB08DA,文正段,10.64,都市：其他:第一種商業區,14,1,持分移轉,00270117
RPUNMLOJNHLGFIB78DA,地利段,52.00,都市：其他:商業區,1,1,全筆移轉,05710000
RPPNMLSJNHLGFIB68DA,大忠段,9.04,都市：其他:商業區,100000,295,持分移轉,00720000
RPRNMLLKNHLGFIB28DA,大里段,24.36,非都市：特定農業區 ; 非都市編定：甲種建築用地,100000,867,持分移轉,13350000
RPWNMLSJNHLGFAB58DA,後壠子段,3.14,都市：其他:第二種住宅區,10000,30,持分移轉,02340015
RPWNMLSJNHLGFAB58DA,後壠子段,.06,都市：其他:第二種住宅區,10000,30,持分移轉,02340073
RPSOMLKLNHLGFIB48DA,溪南西段,42.00,非都市：特定農業區 ; 非都市編定：甲種建築用地,1,1,全筆移轉,25670001
RPQNMLKLNHLGFJB28DA,洪厝段,.63,非都市：鄉村區 ; 非都市編定：乙種建築用地,1000,9,持分移轉,03470000
RPQNMLKLNHLGFJB28DA,洪厝段,7.89,非都市：鄉村區 ; 非都市編定：乙種建築用地,1000,14,持分移轉,03510000
SPQNMLKLNHLGFJB38DA,洪厝段,.49,非都市：鄉村區 ; 非都市編定：乙種建築用地,1000,7,持分移轉,03470000
SPQNMLKLNHLGFJB38DA,洪厝段,5.63,非都市：鄉村區 ; 非都市編定：乙種建築用地,1000,10,持分移轉,03510000
RPOOMLOKNHLGFAB57DA,樹子腳段,5.84,都市：其他:第三種住宅區。,300000,529,持分移轉,00390000
RPXNMLSKNHLGFJB07DA,豐中段,21.38,都市：其他:住宅區,10000,76,持分移轉,00630009
RPPNMLLJNHLGFKB18DA,南寮段,162.88,非都市：一般農業區 ; 非都市編定：農牧用地,230005,16288,持分移轉,02870029
RPPNMLLJNHLGFKB18DA,南寮段,5.74,非都市：一般農業區 ; 非都市編定：農牧用地,3015000000,9648007,持分移轉,02870045
RPPNMLLJNHLGFKB18DA,南寮段,.19,非都市：一般農業區 ; 非都市編定：農牧用地,3015000000,9648007,持分移轉,02870046
RPPOMLRJNHLGFKB88DA,追分段,27.17,都市：其他:農業區,72,3,持分移轉,12260000
RPPOMLRJNHLGFKB88DA,追分段,27.17,都市：其他:農業區,72,3,持分移轉,12260000
RPPNMLSKNHLGFKB98DA,竹師段,26.37,都市：其他:第四種住宅區,100000,493,持分移轉,06660000
RPPNMLOKNHLGFAB67EA,後壠子段,67.92,都市：其他:第二種住宅區,50,4,持分移轉,01160002
RPPNMLOKNHLGFAB67EA,後壠子段,12.56,都市：其他:第二種住宅區,50,4,持分移轉,03910023
RPPNMLPLNHLGFJB78EA,豐中段,60.27,都市：其他:住宅區,1,1,全筆移轉,00120039
RPPOMLLLMHLGFAB37DA,旱清段,14.65,都市：其他:第二種住宅區,100000,470,持分移轉,02460000
RPPNMLPLMHLGFAB67DA,下橋子頭段,33.42,都市：其他:第三種住宅區。,24,1,持分移轉,02610015
RPPNMLPLMHLGFAB67DA,下橋子頭段,1.25,都市：其他:第三種住宅區。,4,1,持分移轉,03600015
RPVQMLMKNHLGFCB48DA,西屯段,6.30,都市：其他:第三種商業區,100000,226,持分移轉,24610000
RPRNMLLLNHLGFBB67DA,東義段,14.76,都市：其他:第二種住宅區,100000,439,持分移轉,02140000
RPRQMLNKNHLGFCB18DA,西屯段,6.73,都市：其他:第二種住宅區,10000,23,持分移轉,07750000
RPUOMLKLNHLGFCB08DA,田心段,17.97,都市：其他:第二種住宅區,20000,174,持分移轉,14460000
RPRNMLTLMHLGFBB38DA,錦村段,7.01,都市：其他:第二之一種商業區,100000,121,持分移轉,02460000
RPOQMLOJNHLGFBB77DA,乾溝子段,30.33,都市：其他:第二種住宅區,7000,248,持分移轉,01490009
RPRNMLTLMHLGFBB38DA,錦村段,2.73,都市：其他:第一種商業區,100000,121,持分移轉,02460001
RPXOMLMKNHLGFBB38DA,仁美段,10.19,都市：其他:第五種住宅區,100000,99,持分移轉,11350000
RPSNMLLLNHLGFBB77DA,大富段,21.82,都市：其他:農業區,10000,664,持分移轉,03810001
RPSNMLLLNHLGFBB77DA,大富段,28.76,都市：其他:農業區,10000,1183,持分移轉,03840001
RPSNMLLLNHLGFBB77DA,大富段,54.59,都市：其他:農業區,10000,664,持分移轉,03840002
RPSNMLLLNHLGFBB77DA,大富段,57.18,都市：其他:農業區,1,1,全筆移轉,03840007
RPSNMLLLNHLGFBB77DA,大富段,19.21,都市：其他:農業區,10000,664,持分移轉,03860001
RPSNMLLLNHLGFBB77DA,大富段,353.41,都市：其他:農業區,1,1,全筆移轉,03860002
RPWNMLSJNHLGFBB68DA,松觀段,23.40,都市：其他:第二種住宅區,10000,92,持分移轉,08910000
RPSNMLNKMHLGFDB97DA,新興段,56.01,非都市：鄉村區 ; 非都市編定：乙種建築用地,1,1,全筆移轉,07350000
RPSNMLNKMHLGFDB97DA,新興段,56.33,非都市：鄉村區 ; 非都市編定：乙種建築用地,1,1,全筆移轉,07360000
RPWNMLTKNHLGFHB86DA,華泰段,12.21,都市：其他:第一之二種住宅區,10000,152,持分移轉,00570000
RPPNMLKLNHLGFHB97DA,僑興段,26.37,都市：其他:住宅區,200000,676,持分移轉,00150000
RPPOMLLLNHLGFCB67DA,中正段,120.00,都市：其他:第二種住宅區,1,1,全筆移轉,01110005
RPQNMLPKNHLGFCB97DA,下石碑段,23.68,都市：其他:第二種住宅區,10000,175,持分移轉,16660000
RPQNMLRJNHLGFDB18DA,泰安段,33.02,非都市：鄉村區 ; 非都市編定：乙種建築用地,10000,554,持分移轉,10080000
RPSPMLMLMHLGFFB38DA,市鎮南段,9.96,都市：其他:第四種商業區,100000,90,持分移轉,01330000
RPPOMLRJNHLGFFB38DA,銀聯段,128.00,都市：其他:第四種住宅區,1,1,全筆移轉,18830000
RPPOMLRJNHLGFFB38DA,銀聯段,6.00,都市：其他:第四種住宅區,1,1,全筆移轉,18840009
RPTNMLSJNHLGFFB78DA,市鎮北段,19.13,都市：其他:第四種商業區,100000,394,持分移轉,02380000
RPROMLMKNHLGFFB18DA,福田段,28.05,都市：其他:第四種住宅區,100000,1588,持分移轉,09620000
RPROMLMKNHLGFFB18DA,福田段,.43,都市：其他:第四種住宅區,100000,1588,持分移轉,09620001
RPUOMLKLNHLGFFB38DA,市鎮南段,9.42,都市：其他:第四種商業區,100000,42,持分移轉,00970000
RPWNMLMLNHLGFFB68DA,武秀段,19.29,都市：其他:第四種住宅區,100000,362,持分移轉,10200002
RPOOMLPLNHLGFFB28DA,市鎮南段,9.96,都市：其他:第四種商業區,100000,90,持分移轉,01330000
RPUOMLPLNHLGFFB88DA,市鎮北段,11.02,都市：其他:第四種商業區,10000,43,持分移轉,00120000
RPQNMLQLNHLGFFB48DA,新興段,4.00,都市：其他:道路用地,2,1,持分移轉,03750000
RPQNMLQLNHLGFFB48DA,新興段,16.50,都市：其他:第四種住宅區,2,1,持分移轉,03770000
RPQNMLQLNHLGFFB48DA,新興段,7.00,都市：其他:第四種住宅區,2,1,持分移轉,03780000
RPQNMLQLNHLGFFB48DA,新興段,33.50,都市：其他:第四種住宅區,2,1,持分移轉,03790000
RPQOMLQLNHLGFFB58DA,忠孝段,116.00,都市：其他:第四種住宅區,1,1,全筆移轉,02440000
RPUPMLTKNHLGFAB78DA,後壠子段,4.03,都市：其他:第一種商業區,10000,72,持分移轉,02640022
RPUPMLTKNHLGFAB78DA,後壠子段,19.71,都市：其他:第二種住宅區,10000,96,持分移轉,02640045
RPUPMLTKNHLGFAB78DA,後壠子段,.42,都市：其他:第二種住宅區,104,2,持分移轉,02640119
RPUPMLTKNHLGFAB78DA,後壠子段,91.00,都市：其他:第二種住宅區,1,1,全筆移轉,02640128
RPRNMLKLNHLGFAB47DA,中華段二小段,1.18,都市：其他:第二種商業區,10000,204,持分移轉,00010004
RPRNMLKLNHLGFAB47DA,中華段一小段,23.13,都市：其他:第二種商業區,10000,204,持分移轉,00030000
RPQNMLKLNHLGFGB97DA,中正段,135.18,都市：其他:乙種工業區,4,1,持分移轉,02180000
RPPNMLPLNHLGFGB38DA,新中段,1376.48,非都市：特定農業區 ; 非都市編定：農牧用地,1,1,全筆移轉,01720000
RPRNMLKMMHLGFHB18DA,上楓段,24.19,都市：其他:第一種住宅區,1000,36,持分移轉,12680000
RPRNMLMLNHLGFHB38DA,上楓段,75.00,都市：其他:第一種住宅區,1,1,全筆移轉,11300003
RPRNMLMLNHLGFHB38DA,上楓段,2.00,都市：其他:道路用地,1,1,全筆移轉,11300024
RPSOMLLLMHLGFIB48DA,榮泉段,16.40,都市：其他:第一種住宅區,1,1,全筆移轉,00220002
RPTNMLKMMHLGFIB48DA,大元段,24.75,都市：其他:住宅區,10000,144,持分移轉,06630000
RPUNMLPKNHLGFIB98DA,北新段,13.55,都市：其他:住宅區,100000,565,持分移轉,10290000
RPTOMLPKNHLGFIB98DA,健民段,20.21,非都市：鄉村區 ; 非都市編定：乙種建築用地,1000000,2939,持分移轉,07640000
RPUOMLKLNHLGFIB68DA,光日段,108.68,都市：其他:第二種住宅區,1,1,全筆移轉,00850004
RPRNMLOLMHLGFIB58DA,新榮和段,27.30,都市：其他:第二種住宅區,10000,123,持分移轉,01350000
RPXNMLQJNHLGFJB76DA,育賢段,19.14,都市：其他:住宅區,10000,18,持分移轉,01810001
RPROMLLLNHLGFIB48DA,仁德段,6.24,都市：其他:市場用地,10000,29,持分移轉,04820000
RPVNMLPKNHLGFJB56DA,育賢段,17.19,都市：其他:住宅區,10000,20,持分移轉,02010000
RPSNMLQJNHLGFKB98DA,茄投段,16.70,都市：其他:第四種住宅區,10000,146,持分移轉,06240000
RPWNMLLLNHLGFKB09DA,福利段,108.22,都市：其他:住宅區,2,1,持分移轉,07410000
RPWNMLLLNHLGFKB09DA,福利段,2.67,都市：其他:道路用地,2,1,持分移轉,07420000
RPPNMLQLNHLGFFB48EA,新犁份段,27.19,都市：其他:保護區,624,39,持分移轉,05060000
RPWSMLTKNHLGFIB47DA,溪尾南段,54.93,非都市：特定農業區 ; 非都市編定：甲種建築用地,1,1,全筆移轉,04500000
SPPNMLQLNHLGFFB58EA,新犁份段,5.58,都市：其他:第三種住宅區。,624,39,持分移轉,05070000
TPPNMLQLNHLGFFB68EA,新犁份段,219.78,都市：其他:第三種住宅區。,624,39,持分移轉,05090000
RPUPMLRJNHLGFAB48DA,下橋子頭段,9.70,都市：其他:第一種商業區,10000,40,持分移轉,01340000
RPUPMLRJNHLGFAB48DA,下橋子頭段,6.32,都市：其他:第二種住宅區,10000,40,持分移轉,01360037
RPQOMLMLNHLGFAB67DA,旱新段,14.82,都市：其他:第一種商業區,10000,81,持分移轉,01810000
RPWOMLPLNHLGFAB58DA,藍興段,7.24,都市：其他:第二種住宅區,10000,266,持分移轉,05380000
RPWOMLPLNHLGFAB58DA,藍興段,9.10,都市：其他:第二種住宅區,10000,266,持分移轉,05390000
RPWOMLPLNHLGFAB58DA,藍興段,4.08,都市：其他:第二種住宅區,10000,266,持分移轉,05400000
RPSNMLQLNHLGFAB18DA,中華段七小段,21.00,都市：其他:第二種商業區,12,7,持分移轉,00010000
RPSQMLRJNHLGFAB38DA,後壠子段,5.23,都市：其他:第二種住宅區,100000,601,持分移轉,02350184
RPVNMLRLMHLGFBB58DA,新賴厝廍三段,.04,都市：其他:第二種住宅區,100000,620,持分移轉,02810000
RPVNMLRLMHLGFBB58DA,新賴厝廍三段,18.51,都市：其他:第二種住宅區,100000,620,持分移轉,02820000
RPVNMLSLMHLGFBB68DA,新賴厝廍三段,21.92,都市：其他:第一種商業區,100000,2179,持分移轉,07630000
RPXOMLKMMHLGFBB28DA,溝背段,22.17,都市：其他:第二之一種住宅區,100000,613,持分移轉,01050000
RPOOMLQJNHLGFBB77DA,北屯段,1.97,都市：其他:第二種住宅區,100000,63,持分移轉,03520003
RPRQMLOJNHLGFBB08DA,東峰段,10.58,都市：其他:第三種住宅區。,100000,252,持分移轉,01580000
RPRQMLQJNHLGFBB28DA,北屯段,10.11,都市：其他:第二種住宅區,10000,71,持分移轉,05390000
RPTPNLPJNHLGFCB48DA,生態段,1074.55,都市：其他:第一種生態住宅專用區,1,1,全筆移轉,01710001
RPTOMLNLMHLGFIB78DA,新榮和段,28.36,都市：其他:商業區,100000,579,持分移轉,01460000
RPWNMLSKNHLGFBB78DA,文正段,5.00,都市：其他:道路用地,1,1,全筆移轉,00530000
RPWNMLSKNHLGFBB78DA,文正段,13.00,都市：其他:第二種住宅區,1,1,全筆移轉,00780067
RPUOMLTKNHLGFBB78DA,太原段,17.60,都市：其他:第三種住宅區。,200000,94,持分移轉,01400000
RPSPMLTKNHLGFBB68DA,中興段,11.94,都市：其他:第二種住宅區,73044,1956,持分移轉,05780000
RPRNMLMLNHLGFBB77DA,長春段,4.52,都市：其他:第二種住宅區,100000,914,持分移轉,01780000
RPRNMLMLNHLGFBB77DA,竹興段,42.49,都市：其他:第一之一種住宅區,100000,914,持分移轉,02420000
RPPNMLLLNHLGFCB57DA,豐功段,9.55,都市：其他:第三種商業區,100000,426,持分移轉,01470000
RPVNMLMLNHLGFBB18DA,新賴厝廍二段,4.59,都市：其他:第二種住宅區,10000,305,持分移轉,01820000
RPWRMLMKNHLGFCB68DA,田心段,10.55,都市：其他:第四種商業區,10000,41,持分移轉,10310000
RPSQMLLLMHLGFCB08DA,民安段,220.29,都市：其他:第一種住宅區,1,1,全筆移轉,01490000
RPWOMLLKNHLGFCB28DA,中義段,21.52,都市：其他:第二種住宅區,29,1,持分移轉,01750001
RPOOMLOLMHLGFCB77DA,豐富段,47.21,都市：其他:第一種商業區,100000,2870,持分移轉,03290000
RPQPMLMLMHLGFCB87DA,西屯段,3.19,都市：其他:第二種商業區,100000,94,持分移轉,09320000
RPUNMLNKNHLGFCB18DA,西屯段,.06,都市：其他:第三種商業區,1000000,3720,持分移轉,23870026
RPUNMLNKNHLGFCB18DA,西屯段,.01,都市：其他:第三種商業區,1000000,3720,持分移轉,23870081
RPUNMLNKNHLGFCB18DA,上石碑段,6.22,都市：其他:第三種商業區,1000000,3720,持分移轉,26840000
RPUNMLNKNHLGFCB18DA,西屯段,.05,都市：其他:第三種商業區,1000000,3720,持分移轉,32740000
RPSNMLPLNHLGFIB88DA,大衛段,17.48,都市：其他:商業區,100000,239,持分移轉,05990000
RPSNMLMKNHLGFDB97DA,后興段,28.75,都市：其他:住宅區,100000,1291,持分移轉,05080000
RPSNMLMKNHLGFDB97DA,后興段,1.18,都市：其他:商業區,100000,1291,持分移轉,05360000
RPSNMLMKNHLGFDB97DA,后興段,1.35,都市：其他:商業區,100000,1291,持分移轉,05790000
RPOOMLKLNHLGFDB57DA,翁明段,14.74,都市：其他:第三種住宅區。,10000,44,持分移轉,02220000
RPSNMLPJNHLGFFB38DA,梧棲段,8.89,都市：其他:第五種住宅區,100000,725,持分移轉,01880000
RPSNMLPJNHLGFFB38DA,梧棲段,9.27,都市：其他:第四種住宅區,100000,725,持分移轉,01880005
RPXSMLTKNHLGFIB57DA,仁美段,293.86,都市：其他:住宅區,1,1,全筆移轉,08080000
RPQOMLLLNHLGFIB38DA,東勢尾段,85.09,都市：其他:住宅區,1,1,全筆移轉,03600000
RPUNMLMLNHLGFIB78DA,大衛段,14.07,都市：其他:商業區,100000,536,持分移轉,05860000
RPPNMLPLNHLGFIB58DA,東城段,19.63,都市：其他:住宅區,10000,176,持分移轉,09510000
RPVNMLSJNHLGFJB76DA,光華段,.75,非都市：鄉村區 ; 非都市編定：乙種建築用地,10000,115,持分移轉,00340000
RPVNMLSJNHLGFJB76DA,光華段,38.87,非都市：鄉村區 ; 非都市編定：乙種建築用地,10000,115,持分移轉,00350000
RPSNMLOKNHLGFJB78DA,新興段,27.11,都市：其他:住宅區,10000,30,持分移轉,01500000
RPUOMLPJNHLGFKB56DA,龍津段,119.00,都市：其他:關連工業區,1720,119,持分移轉,09020000
RPVOMLPJNHLGFKB66DA,龍津段,119.00,都市：其他:關連工業區,1720,119,持分移轉,09020000
RPWOMLPJNHLGFKB76DA,龍津段,119.00,都市：其他:關連工業區,1720,119,持分移轉,09020000
RPPNMLQLNHLGFKB88DA,追分段,970.00,都市：其他:農業區,1,1,全筆移轉,16150000
RPXNMLPLNHLGFAB58DA,正義段九小段,5.06,都市：其他:第二種住宅區,100000,393,持分移轉,00080015
RPXNMLPLNHLGFAB58DA,正義段九小段,4.21,都市：其他:第一種商業區,100000,393,持分移轉,00090000
RPXNMLPLNHLGFAB58DA,正義段九小段,.00,都市：其他:第二種住宅區,100000,393,持分移轉,00110077
RPQNMLPLNHLGFCB18EA,三塊厝段,14.71,都市：其他:第二種住宅區,100000,613,持分移轉,05640000
RPPNMLQLNHLGFCB18EA,惠順段,5.55,都市：其他:第四之一種商業區,50000,83,持分移轉,00060000
RPROMLPKNHLGFAB97DA,樹子腳段,13.91,都市：其他:第二種住宅區,10000,35,持分移轉,04090000
RPVNMLPKNHLGFAB28DA,重慶段六小段,4.72,都市：其他:第一種商業區,3415,40,持分移轉,00040000
RPVNMLPKNHLGFAB28DA,重慶段六小段,.76,都市：其他:第一種商業區,3415,40,持分移轉,00040007
RPPNMLOKNHLGFAB57DA,平民段八小段,18.24,都市：其他:第二種住宅區,10000,226,持分移轉,00050000
RPQNMLLLNHLGFAB47DA,後壠子段,8.47,都市：其他:第二種商業區,100000,489,持分移轉,00990000
RPQNMLLLNHLGFAB47DA,後壠子段,4.84,都市：其他:第一種商業區,100000,489,持分移轉,01000000
RPQNMLLLNHLGFAB47DA,後壠子段,.00,都市：其他:第一種商業區,100000,489,持分移轉,01000002
RPQNMLQLNHLGFAB97DA,旱溪段,99.00,都市：其他:第七種住宅區,1,1,全筆移轉,01470027
RPQQMLRJNHLGFBB28DA,東正段,5.48,都市：其他:第四種商業區,10000,11,持分移轉,01040000
RPPPMLQLMHLGFCB18DA,惠順段,28.55,都市：其他:第四之一種商業區,200000,1830,持分移轉,00170000
RPSOMLTLMHLGFBB58DA,陳平段,9.64,都市：其他:第二種住宅區,10000,29,持分移轉,19260000
RPQPMLTKNHLGFBB48DA,同榮段,11.89,都市：其他:第二種住宅區,10000,56,持分移轉,10370000
RPSPMLMKNHLGFBB97DA,軍福段,13.58,都市：其他:第二種商業區,10000,36,持分移轉,01100000
RPQNMLPKMHLGFCB87DA,永益段,237.88,都市：其他:第一之一種住宅區,1,1,全筆移轉,00090000
RPVPMLSLMHLGFCB98DA,上石碑段,11.42,都市：其他:第三種商業區,100000,467,持分移轉,09650000
RPXNMLPKNHLGFBB58DA,昌平段,20.24,都市：其他:第三種住宅區。,100000,531,持分移轉,04470000
RPSNMLRJNHLGFCB28DA,豐功段,6.66,都市：其他:第四種商業區,100000,151,持分移轉,02520000
RPSOMLMLNHLGFBB97DA,新賴厝廍二段,.41,都市：其他:第二種住宅區,100000,760,持分移轉,10530000
RPSOMLMLNHLGFBB97DA,新賴厝廍二段,14.51,都市：其他:第二種住宅區,100000,760,持分移轉,10560000
RPTQMLSLMHLGFCB88DA,惠民段,11.35,都市：其他:第一種新市政中心專用區,100000,558,持分移轉,00840000
RPVNMLMLNHLGFCB28DA,田心段,9.16,都市：其他:第二種住宅區,10000,428,持分移轉,04280039
RPQNMLQLNHLGFBB08DA,乾溝子段,31.86,都市：其他:第三種住宅區。,700,100,持分移轉,00290000
RPUNMLMLNHLGFCB18DA,豐功段,6.66,都市：其他:第四種商業區,100000,151,持分移轉,02520000
RPWNMLQLNHLGFDB88DA,豐原段,81.00,都市：其他:第三種住宅區。,1,1,全筆移轉,09040157
RPUNMLSLNHLGFFB09DA,三民段,85.00,都市：其他:第四種住宅區,1,1,全筆移轉,16770001
RPRNMLPLNHLGFHB68DA,家福段,34.86,都市：其他:第一之一種住宅區,10000,221,持分移轉,09040000
RPVNMLPJNHLGFHB88DA,僑興段,25.03,都市：其他:住宅區,100000,324,持分移轉,00140000
RPRNMLPLNHLGFCB18DA,國安段,3.58,都市：其他:第一之一種住宅區,10000,14,持分移轉,02920002
RPVNMLPJNHLGFKB56DA,龍津段,119.00,都市：其他:關連工業區,1720,119,持分移轉,09020000
RPSNMLNKNHLGFJB68DA,育賢段,13.22,都市：其他:商業區,10000,47,持分移轉,01050000
RPWNMLPJNHLGFKB66DA,龍津段,119.00,都市：其他:關連工業區,1720,119,持分移轉,09020000
RPOOMLPJNHLGFKB58DA,龍津段,119.00,都市：其他:關連工業區,1720,119,持分移轉,09020000
RPROMLPJNHLGFKB88DA,龍津段,119.00,都市：其他:關連工業區,1720,119,持分移轉,09020000
RPQOMLPJNHLGFKB78DA,龍津段,119.00,都市：其他:關連工業區,1720,119,持分移轉,09020000
RPUNMLRJNHLGFKB66DA,自治段,80.24,都市：其他:住宅區,1,1,全筆移轉,04230226
RPPNMLRLNHLGFAB08EA,半平厝段,11.62,都市：其他:第三種住宅區。,10000,362,持分移轉,09050000
RPSOMLTLMHLGFAB48DA,後壠子段,8.01,都市：其他:第二種商業區,100000,462,持分移轉,00990000
RPSOMLTLMHLGFAB48DA,後壠子段,4.57,都市：其他:第一種商業區,100000,462,持分移轉,01000000
RPSOMLTLMHLGFAB48DA,後壠子段,.00,都市：其他:第一種商業區,100000,462,持分移轉,01000002
RPUNMLTJMHLGFIB56DA,健民段,20.37,非都市：鄉村區 ; 非都市編定：乙種建築用地,1000000,2961,持分移轉,07640000
RPUOMLTJMHLGFIB66DA,新生段,42.99,都市：其他:住宅區,10000,307,持分移轉,01960000
RPQNMLRLNHLGFBB28EA,同榮段,24.46,都市：其他:第二種住宅區,100000,946,持分移轉,17110000
RPRNMLMLNHLGFIB58EA,五張犁東段,20.32,非都市：特定農業區 ; 非都市編定：甲種建築用地,2000,22,持分移轉,08580000
RPXOMLPKNHLGFAB58DA,下橋子頭段,18.08,都市：其他:第三種住宅區。,100000,84,持分移轉,02310001
RPUOMLPKNHLGFAB28DA,泉源段,9.53,都市：其他:第三之一種商業區,100000,81,持分移轉,00150000
RPROMLLLNHLGFBB77DA,文正段,1.81,都市：其他:第一種商業區,20000,50,持分移轉,01010001
RPROMLLLNHLGFBB77DA,文正段,.79,都市：其他:第二種住宅區,20000,50,持分移轉,01010007
RPVNMLQJNHLGFDB58DA,廣興段,37.97,都市：其他:住宅區,20000,2748,持分移轉,12880000
RPTOMLLKNHLGFBB87DA,文正段,.09,都市：其他:第一種商業區,10000,72,持分移轉,00170031
RPTOMLLKNHLGFBB87DA,文正段,.22,都市：其他:第一種商業區,10000,72,持分移轉,00170033
RPUNMLMLNHLGFBB08DA,陳平段,23.60,都市：其他:第二種住宅區,5,1,持分移轉,32140000
RPPOMLMLNHLGFBB67DA,太和段,22.85,都市：其他:第三種住宅區。,100000,1401,持分移轉,01920000
RPSNMLQJNHLGFBB08DA,水源段,.14,都市：其他:第二種住宅區,9096000000,7416517,持分移轉,02300077
RPSNMLQJNHLGFBB08DA,水源段,8.86,都市：其他:第二種住宅區,9096000000,7416517,持分移轉,02310000
RPSNMLQJNHLGFBB08DA,水源段,.01,都市：其他:第二種住宅區,100000,83,持分移轉,02320001
RPSNMLQJNHLGFBB08DA,錦村段,11.07,都市：其他:第二種住宅區,9096000000,7416517,持分移轉,02840000
RPSNMLQJNHLGFBB08DA,錦村段,.05,都市：其他:第二種住宅區,9096000000,7416517,持分移轉,02840003
RPSNMLQJNHLGFBB08DA,錦村段,1.27,都市：其他:第二種住宅區,9096000000,7416517,持分移轉,02840004
RPSNMLQJNHLGFBB08DA,錦村段,.02,都市：其他:第三種住宅區。,9096000000,7416517,持分移轉,02840007
RPSNMLQJNHLGFBB08DA,錦村段,.01,都市：其他:道路用地,90960,74,持分移轉,02840008
RPSNMLQJNHLGFBB08DA,錦村段,.00,都市：其他:道路用地,90960,74,持分移轉,02840009
RPXOMLQLNHLGFBB88DA,東光段,31.86,都市：其他:第二種商業區,1000,43,持分移轉,01870013
RPXOMLQLNHLGFCB98DA,永定段,23.82,都市：其他:第二種住宅區,20000,206,持分移轉,00880000
RPPNMLMJNHLGFCB47DA,國安段,7.68,都市：其他:第一之一種住宅區,10000,30,持分移轉,02920002
RPUNMLSLNHLGFAB58DA,東勢子段,18.26,都市：其他:第二種住宅區,100000,281,持分移轉,00400000
RPWPMLMKNHLGFCB48DA,田心段,10.58,都市：其他:第二種住宅區,100000,767,持分移轉,04680000
RPWNMLNKNHLGFAB18DA,下橋子頭段,15.86,都市：其他:第三種住宅區。,100000,298,持分移轉,02320005
RPQOMLSLNHLGFAB28DA,信義段九小段,9.11,都市：其他:第二種住宅區,10000,23,持分移轉,00090000
RPQOMLSLNHLGFAB28DA,頂橋子頭段,1.72,都市：其他:第二種住宅區,10000,23,持分移轉,03680092
RPTNMLQLNHLGFDB58DA,聯合段,20.17,都市：其他:第一之二種住宅區,1,1,全筆移轉,00220000
RPTNMLQLNHLGFDB58DA,聯合段,5.73,都市：其他:農業區,1,1,全筆移轉,00220001
RPTNMLQLNHLGFDB58DA,聯合段,833.67,都市：其他:農業區,1,1,全筆移轉,00250000
RPTNMLQLNHLGFDB58DA,聯合段,260.46,都市：其他:斷層帶農業限建區,1,1,全筆移轉,00250001
RPTNMLQLNHLGFDB58DA,聯合段,64.08,都市：其他:斷層帶農業限建區,1,1,全筆移轉,00250002
RPTNMLQLNHLGFDB58DA,聯合段,54.40,都市：其他:農業區,1,1,全筆移轉,02830000
RPTNMLQLNHLGFDB58DA,聯合段,53.87,都市：其他:斷層帶農業限建區,1,1,全筆移轉,02830001
RPTNMLQLNHLGFDB58DA,聯合段,10.85,都市：其他:道路用地,1,1,全筆移轉,02830002
RPTNMLQLNHLGFDB58DA,聯合段,36.57,都市：其他:道路用地,1,1,全筆移轉,02830003
RPOPMLRLNHLGFCB28DA,楓樹段,2.50,都市：其他:道路用地,12,3,持分移轉,01300001
RPOPMLRLNHLGFCB28DA,楓樹段,35.00,都市：其他:道路用地,9,3,持分移轉,01310000
RPOPMLRLNHLGFCB28DA,楓樹段,40.00,都市：其他:第二之二種住宅區,9,3,持分移轉,01320000
RPSNMLTLNHLGFDB78DA,翁明段,11.27,都市：其他:第二種商業區,100000,750,持分移轉,04220000
RPPNMLOLMHLGFEB97DA,黎明段,38.55,都市：其他:住宅區,1,1,全筆移轉,00760000
RPPNMLOLMHLGFEB97DA,黎明段,124.55,都市：其他:住宅區,1,1,全筆移轉,00770000
RPQNMLKLNHLGFDB67DA,南陽段,25.61,都市：其他:農業區,281940000,7681911,持分移轉,01930000
RPQNMLKLNHLGFDB67DA,南陽段,95.80,都市：其他:農業區,1,1,全筆移轉,01930006
RPUOMLTJMHLGFFB98DA,竹林東段,650.94,都市：其他:文事研究中心區,24,5,持分移轉,07500000
RPOSMLTLMHLGFFB98DA,公館南段,82.73,都市：其他:第二種住宅區,1,1,全筆移轉,04350000
RPPSMLTLMHLGFFB09DA,公館南段,84.03,都市：其他:第二種住宅區,1,1,全筆移轉,04360000
RPPPMLMKNHLGFFB08DA,美仁段,19.01,都市：其他:第三種商業區,1,1,全筆移轉,04930000
RPOOMLSKNHLGFFB48DA,市鎮南段,9.42,都市：其他:第四種商業區,100000,42,持分移轉,00970000
RPRNMLTKNHLGFFB78DA,市鎮北段,9.01,都市：其他:第四種商業區,10000,28,持分移轉,00130001
RPUPMLSLNHLGFFB66DA,梧棲段,23.08,都市：其他:第三種商業區,94287900,1365507,持分移轉,29370000
RPPNMLSLNHLGFGB68DA,新萬安段,18.92,都市：其他:道路用地,1,1,全筆移轉,06660001
RPPNMLSLNHLGFGB68DA,新萬安段,67.49,都市：其他:商業區,1,1,全筆移轉,06670001
RPVNMLRJMHLGFBB38DA,太原段,24.02,都市：其他:第三種住宅區。,100000,119,持分移轉,01400004
RPVQMLLKNHLGFCB38DA,大進段,19.23,都市：其他:第二種住宅區,1000,25,持分移轉,08140001
RPVQMLLKNHLGFCB38DA,大進段,4.42,都市：其他:第二種住宅區,1000,25,持分移轉,08150000
RPTOMLRLNHLGFFB98DA,新站段,20.78,都市：其他:第四種住宅區,10000,31,持分移轉,00660000
RPPNMLQJMHLGFBB67DA,錦村段,10.50,都市：其他:第二之一種商業區,100000,93,持分移轉,02430000
RPTPMLQLNHLGFBB58DA,東正段,14.47,都市：其他:第三種住宅區。,10000,88,持分移轉,00250000
RPSNMLRLNHLGFBB38DA,太原段,23.97,都市：其他:第三種住宅區。,100000,121,持分移轉,01400001
RPQOMLRLNHLGFCB38DA,西屯段,4.21,都市：其他:第三之二種住宅區,10000,54,持分移轉,23700051
RPSPMLSJNHLGFAB38DA,樹子腳段,17.68,都市：其他:第三種住宅區。,1000000,2666,持分移轉,04410000
RPTNMLSLNHLGFHB56DA,花眉庄段,15.85,都市：其他:農業區,12,1,持分移轉,04840000
RPUNMLRLNHLGFHB56DA,頭家段,8.99,都市：其他:農業區,27,1,持分移轉,01010000
RPUNMLRLNHLGFHB56DA,頭家段,28.88,都市：其他:農業區,27,1,持分移轉,01120000
RPTNMLSLNHLGFHB56DA,花眉庄段,90.43,都市：其他:農業區,1,1,全筆移轉,04840006
RPUNMLRLNHLGFHB56DA,頭家段,85.18,都市：其他:農業區,1,1,全筆移轉,01150000
RPTNMLSLNHLGFHB56DA,花眉庄段,13.17,都市：其他:農業區,12,1,持分移轉,04850000
RPSNMLSLNHLGFHB09DA,花眉庄段,15.85,都市：其他:農業區,12,1,持分移轉,04840000
RPSNMLSLNHLGFHB09DA,花眉庄段,88.03,都市：其他:農業區,1,1,全筆移轉,04840005
RPSNMLSLNHLGFHB09DA,花眉庄段,13.17,都市：其他:農業區,12,1,持分移轉,04850000
RPPNMLPLNHLGFHB48DA,陽明段,949.44,都市：其他:農業區,1,1,全筆移轉,06690000
RPPNMLPLNHLGFHB48DA,陽明段,400.97,都市：其他:道路用地,1,1,全筆移轉,06700000
RPSNMLQJNHLGFIB78DA,新高鐵段,10.66,都市：其他:商業區,100000,184,持分移轉,00570000
RPTNMLQLNHLGFKB66DA,忠和段,840.50,都市：其他:農業區,2,1,持分移轉,20800000
RPTNMLQLNHLGFKB66DA,忠和段,30.00,都市：其他:海堤專用區,2,1,持分移轉,20800001
RPWNMLQLNHLGFKB96DA,龍崗段,75.67,都市：其他:第四種住宅區,1,1,全筆移轉,12150000
RPQNMLSLMHLGFFB68EA,海濱段,30.10,都市：其他:第四種住宅區,30,1,持分移轉,14440000
RPQNMLSLMHLGFFB68EA,海濱段,12.07,都市：其他:第四種住宅區,30,1,持分移轉,14440002
RPQNMLSLMHLGFFB68EA,海濱段,8.47,都市：其他:綠地用地,30,1,持分移轉,14440003
RPQNMLSLMHLGFFB68EA,海濱段,.37,都市：其他:第四種住宅區,30,1,持分移轉,14440004
RPTOMLPKMHLGFAB08DA,下橋子頭段,35.91,都市：其他:第三種住宅區。,5000,189,持分移轉,02640055
RPWNMLNLMHLGFAB18DA,自由段四小段,7.53,都市：其他:第一種商業區,100000,571,持分移轉,00010000
RPWNMLNLMHLGFAB18DA,自由段四小段,.11,都市：其他:第一種商業區,100000,571,持分移轉,00010027
RPWNMLNLMHLGFAB18DA,重慶段四小段,1.56,都市：其他:第一種商業區,100000,571,持分移轉,00550000
RPVQMLLKNHLGFBB28DA,竹興段,35.38,都市：其他:第一之一種住宅區,100000,712,持分移轉,02080000
RPRRMLLKNHLGFBB97DA,錦村段,26.35,都市：其他:第二之一種商業區,100,5,持分移轉,02530016
RPRRMLLKNHLGFBB97DA,錦村段,.20,都市：其他:第二之一種商業區,100,5,持分移轉,02530124
RPURMLLKNHLGFBB28DA,水湳段,8.01,都市：其他:第四種商業區,10000,41,持分移轉,13110000
RPTQMLRJNHLGFBB58DA,水湳段,18.87,都市：其他:第二種住宅區,10000,112,持分移轉,04670024
RPQOMLNLMHLGFCB87DA,惠國段,28.84,都市：其他:第六種新市政中心專用區,200000,4418,持分移轉,01570000
RPQOMLRJNHLGFCB18DA,保安段,9.96,都市：其他:第二種住宅區,10000,21,持分移轉,06360000
RPWOMLPKNHLGFCB68DA,惠安段,5.76,都市：其他:第四之一種商業區,100000,71,持分移轉,02230000
RPQOMLQLNHLGFCB28DA,惠來厝段,4.36,都市：其他:第三之二種住宅區,10000,42,持分移轉,00180000
RPUNMLPLNHLGFCB48DA,中義段,6.90,都市：其他:第二種住宅區,10000,290,持分移轉,09570000
RPWPMLLLNHLGFCB48DA,春安段,15.23,都市：其他:第三之二種住宅區,100000,1064,持分移轉,01750000
RPWPMLLLNHLGFCB48DA,春安段,3.45,都市：其他:第二種住宅區,100000,1064,持分移轉,01920000
RPPNMLMKNHLGFBB47DA,竹興段,1449.50,都市：其他:第一之一種住宅區,1,1,全筆移轉,01900000
RPVNMLRJNHLGFCB58DA,惠順段,89.40,都市：其他:第一種住宅區,10000,1367,持分移轉,01940000
RPVNMLRJNHLGFCB58DA,惠順段,130.66,都市：其他:第一種住宅區,1,1,全筆移轉,01940012
RPTRMLQJNHLGFCB68DA,上石碑段,39.70,都市：其他:第三之二種住宅區,100000,76,持分移轉,05410000
RPQNMLRJMHLGFFB28DA,平等段,36.80,都市：其他:第二種住宅區,100000,14402,持分移轉,05760000
RPUOMLTLNHLGFFB66DA,興安西段,122.02,都市：其他:第四種住宅區,1,1,全筆移轉,01180000
RPWPMLTLNHLGFFB96DA,新犁份段,198.19,都市：其他:第三種住宅區。,1,1,全筆移轉,05620000
RPPNMLNJNHLGFGB97DA,東豐段,28.86,都市：其他:第一種住宅區,2,1,持分移轉,00590000
RPPNMLNJNHLGFGB97DA,東豐段,28.86,都市：其他:第一種住宅區,2,1,持分移轉,00590001
RPQNMLOLMHLGFHB38DA,頭家段,33.49,都市：其他:第一之一種住宅區,10000,99,持分移轉,03100000
RPQNMLNKNHLGFGB18DA,羊崎段,69.90,都市：其他:住宅區,1,1,全筆移轉,02090004
RPRNMLTKNHLGFGB88DA,新廣興段,318.39,都市：其他:農業區,1,1,全筆移轉,00530007
RPVQMLOKMHLGFBB48DA,陳平段,264.00,都市：其他:第二種住宅區,1,1,全筆移轉,00570000
RPXNMLLLNHLGFIB98DA,新榮泉段,62.84,都市：其他:第二種住宅區,100000,4046,持分移轉,01550000
RPUNMLKMMHLGFJB68DA,育賢段,18.42,都市：其他:住宅區,10000,29,持分移轉,01840002
RPWSMLSLNHLGFFB17DA,榜文段,30.25,都市：其他:第二種住宅區,28,1,持分移轉,09870015
RPWSMLSLNHLGFFB17DA,榜文段,70.68,都市：其他:第二種住宅區,1,1,全筆移轉,09870025
RPVNMLKLNHLGFHB58DA,民生段,22.44,都市：其他:第二種住宅區,100000,704,持分移轉,09870000
RPOQMLSLNHLGFFB78DA,市鎮北段,10.85,都市：其他:第四種商業區,200000,204,持分移轉,02950000
RPURMLRJNHLGFBB78DA,碧柳段,24.83,都市：其他:第二之一種住宅區,10000,72,持分移轉,02060000
RPTNMLOKNHLGFJB88DA,東興段,14.26,都市：其他:第一種住宅區,10000,39,持分移轉,01990000
RPTNMLOKNHLGFJB88DA,東興段,.35,都市：其他:第二種住宅區,10000,39,持分移轉,01990001
RPPNMLPLNHLGFKB78DA,台紙段,106.83,都市：其他:住宅區,1,1,全筆移轉,00470018
RPPNMLPLNHLGFKB78DA,台紙段,70.19,都市：其他:住宅區,16,2,持分移轉,00470025
RPQNMLLJOHLGFCB67EA,黎明段,12.77,都市：其他:第二種住宅區,100000,230,持分移轉,03510000
RPPNMLLJOHLGFGB97EA,新金星面段,85.37,非都市：山坡地保育區 ; 非都市編定：農牧用地,1,1,全筆移轉,11340003
RPPOMLPKNHLGFAB77DA,下橋子頭段,2.87,都市：其他:第二種商業區,100000,263,持分移轉,02180204
RPQNMLLKNHLGFAB37DA,平和段,3.72,都市：其他:第二種住宅區,10000,64,持分移轉,00470000
RPQNMLLKNHLGFAB37DA,公民段,.02,都市：其他:第二種住宅區,10000,64,持分移轉,04950000
RPQNMLPKNHLGFAB77DA,頂橋子頭段,2.59,都市：其他:第三種住宅區。,10000,84,持分移轉,00850081
RPWNMLPLNHLGFAB48DA,正義段九小段,4.95,都市：其他:第二種住宅區,100000,384,持分移轉,00080015
RPWNMLPLNHLGFAB48DA,正義段九小段,4.11,都市：其他:第一種商業區,100000,384,持分移轉,00090000
RPWNMLPLNHLGFAB48DA,正義段九小段,.00,都市：其他:第二種住宅區,100000,384,持分移轉,00110077
RPOOMLPLNHLGFAB77DA,旱溪段,54.00,都市：其他:第三種住宅區。,1,1,全筆移轉,00010034
RPVNMLQLNHLGFAB48DA,後壠子段,21.68,都市：其他:第二種住宅區,10000,108,持分移轉,02630006
RPVQMLTLMHLGFBB09DA,軍福段,15.71,都市：其他:第二種商業區,10000,64,持分移轉,01200000
RPOOMLKMMHLGFBB37DA,文北段,23.52,都市：其他:第二之一種住宅區,100000,351,持分移轉,01170000
RPXPMLSJNHLGFBB98DA,文正段,12.62,都市：其他:第一種商業區,16,2,持分移轉,00090005
RPXPMLSJNHLGFBB98DA,文正段,10.88,都市：其他:第一種商業區,16,2,持分移轉,00090006
RPXPMLSJNHLGFBB98DA,文正段,11.12,都市：其他:第一種商業區,16,2,持分移轉,00090007
RPWOMLQKMHLGFCB68DA,西屯段,.09,都市：其他:第三種商業區,1000000,5298,持分移轉,23870026
RPWOMLQKMHLGFCB68DA,西屯段,.02,都市：其他:第三種商業區,1000000,5298,持分移轉,23870081
RPWOMLQKMHLGFCB68DA,上石碑段,8.86,都市：其他:第三種商業區,1000000,5298,持分移轉,26840000
RPWOMLQKMHLGFCB68DA,西屯段,.08,都市：其他:第三種商業區,1000000,5298,持分移轉,32740000
RPRPNLPJNHLGFCB28DA,廣昌段,22.68,都市：其他:第二種住宅區,10000,647,持分移轉,10750000
RPRPNLPJNHLGFCB28DA,廣昌段,3.13,都市：其他:第二種住宅區,10000,647,持分移轉,10750001
RPVOMLRJNHLGFCB68DA,大進段,9.20,都市：其他:第二種住宅區,100000,170,持分移轉,06170000
RPXNMLTLNHLGFBB09DA,新賴厝廍七段,.82,都市：其他:道路用地,55,1,持分移轉,03130000
RPXNMLTLNHLGFBB09DA,新賴厝廍七段,24.71,都市：其他:第二種住宅區,55,1,持分移轉,03150000
RPXNMLTLNHLGFBB09DA,新賴厝廍七段,.03,都市：其他:道路用地,55,1,持分移轉,03160000
RPOPMLRJNHLGFBB97DA,中德段,12.94,都市：其他:第三種住宅區。,10000,225,持分移轉,04990002
RPRNMLKLMHLGFDB67DA,一心段,69.31,都市：其他:第二種住宅區,1,1,全筆移轉,04650000
RPRNMLKLMHLGFDB67DA,一心段,6.21,都市：其他:農業區,1,1,全筆移轉,04650001
RPSPMLLLMHLGFBB87DA,錦村段,26.75,都市：其他:第二種住宅區,4,1,持分移轉,01320020
RPXWMLSLNHLGFFB67DA,興安西段,13.20,都市：其他:第二種商業區,10000,34,持分移轉,00070000
RPQNMLLJOHLGFDB67DA,市政段,76.06,都市：其他:第二種住宅區,1,1,全筆移轉,07370004
RPPNMLTLMHLGFDB38DA,圳前段,78.10,都市：其他:第一之一種住宅區,1,1,全筆移轉,06890020
RPPNMLTLMHLGFDB38DA,圳前段,8.00,都市：其他:第一之一種住宅區,100,5,持分移轉,06890021
RPUNMLKMMHLGFDB08DA,厚生段,99.09,都市：其他:第一之二種住宅區,1,1,全筆移轉,06380000
RPSNMLOJOHLGFDB18DA,新店東段,134.73,非都市：特定農業區 ; 非都市編定：農牧用地,1,1,全筆移轉,04100001
SPSNMLOJOHLGFDB28DA,新店東段,160.01,非都市：特定農業區 ; 非都市編定：農牧用地,1,1,全筆移轉,04390001
RPTNMLPKNHLGFFB58DA,市鎮南段,6.50,都市：其他:第四種商業區,100000,29,持分移轉,00970000
RPTOMLTLNHLGFFB56DA,民權段,1.99,都市：其他:關連工業區,144,22,持分移轉,06150000
RPTOMLTLNHLGFFB56DA,民權段,22.92,都市：其他:道路用地,144,22,持分移轉,06150001
RPTOMLTLNHLGFFB56DA,民權段,4.00,都市：其他:道路用地,6,2,持分移轉,06250000
RPTOMLTLNHLGFFB56DA,民權段,11.00,都市：其他:道路用地,6,2,持分移轉,06250001
RPTOMLTLNHLGFFB56DA,民權段,202.67,都市：其他:關連工業區,6,2,持分移轉,06270000
RPTOMLTLNHLGFFB56DA,民權段,3.00,都市：其他:道路用地,6,2,持分移轉,06270001
RPTOMLTLNHLGFFB56DA,民權段,86.32,都市：其他:關連工業區,144,22,持分移轉,06290000
RPTOMLTLNHLGFFB56DA,民權段,15.43,都市：其他:關連工業區,144,22,持分移轉,06300000
RPPNMLMJOHLGFGB97DA,新梅子段,287.40,非都市：特定農業區 ; 非都市編定：農牧用地,3,1,持分移轉,02400001
RPUNMLPKNHLGFHB88DA,東寶一段,90.40,都市：其他:第一之一種住宅區,1,1,全筆移轉,01910000
RPUNMLSLNHLGFHB66DA,興華段,69.21,都市：其他:第一之二種住宅區,1,1,全筆移轉,04390000
RPVNMLSLNHLGFJB96DA,學億段,99.54,都市：其他:住宅區,1,1,全筆移轉,00470001
RPUNMLRJNHLGFIB09DA,山頂段,38.83,都市：其他:第一種住宅區,100000,731,持分移轉,03910000
RPQPMLMKNHLGFFB18DA,美仁段,52.68,都市：其他:第三種商業區,1,1,全筆移轉,03370000
RPQPMLMKNHLGFFB18DA,美仁段,71.85,都市：其他:第三種商業區,1,1,全筆移轉,04800000
RPQPMLMKNHLGFFB18DA,美仁段,41.97,都市：其他:第三種商業區,1,1,全筆移轉,04920000
RPUNMLRJNHLGFIB09DA,山頂段,4.67,都市：其他:商業區,100000,731,持分移轉,04480008
RPPOMLSLNHLGFJB09DA,洪厝段,89.83,非都市：鄉村區 ; 非都市編定：乙種建築用地,1,1,全筆移轉,00270000
RPRNMLSLNHLGFKB66DA,藝術段,26.41,都市：其他:第二種住宅區,1000,260,持分移轉,03330000
RPSNMLQLNHLGFKB56DA,龍社段,2.38,都市：其他:第二種住宅區,81,1,持分移轉,04490000
RPSNMLQLNHLGFKB56DA,龍社段,81.50,都市：其他:第二種住宅區,1,1,全筆移轉,04650000
RPSNMLQLNHLGFKB56DA,龍社段,.44,都市：其他:第二種住宅區,81,1,持分移轉,04700000
RPSOMLPKNHLGFAB08DA,自由段二小段,1.02,都市：其他:第二種商業區,10000,76,持分移轉,00040004
RPSOMLPKNHLGFAB08DA,自由段二小段,1.59,都市：其他:第二種商業區,10000,76,持分移轉,00040038
RPSOMLPKNHLGFAB08DA,自由段二小段,.21,都市：其他:第二種商業區,10000,76,持分移轉,00040050
RPSOMLPKNHLGFAB08DA,自由段二小段,1.50,都市：其他:第二種商業區,10000,76,持分移轉,00040051
RPSOMLPKNHLGFAB08DA,自由段二小段,.05,都市：其他:第一種商業區,10000,76,持分移轉,00040063
RPSOMLPKNHLGFAB08DA,自由段二小段,.09,都市：其他:第一種商業區,10000,76,持分移轉,00040064
RPSOMLPKNHLGFAB08DA,自由段二小段,.08,都市：其他:第一種商業區,10000,76,持分移轉,00040068
RPVPMLTKNHLGFAB88DA,平和段,2.97,都市：其他:第一種商業區,10000,8,持分移轉,00500000
RPOOMLLJOHLGFAB27DA,下橋子頭段,19.23,都市：其他:第二種住宅區,100000,955,持分移轉,01910011
RPQNMLTKMHLGFBB18DA,文正段,19.44,都市：其他:第一種商業區,10000,450,持分移轉,00520124
RPPOMLSLMHLGFBB18DA,乾溝子段,7.03,都市：其他:第二種住宅區,10000,145,持分移轉,01550011
RPQPMLOKNHLGFBB97DA,錦村段,13.14,都市：其他:第三種住宅區。,10000,88,持分移轉,01580000
RPWOMLLLNHLGFBB28DA,東新段,31.06,都市：其他:第二種住宅區,20000,226,持分移轉,01380000
RPQPMLSLNHLGFBB48DA,太和段,14.43,都市：其他:第三種住宅區。,100000,397,持分移轉,02000000
RPQNMLTLNHLGFBB38DA,青萍段,2.00,都市：其他:第三種住宅區。,1,1,全筆移轉,02080013
RPQNMLTLNHLGFBB38DA,青萍段,83.00,都市：其他:第三種住宅區。,1,1,全筆移轉,02110012
RPRNMLSKNHLGFBB28DA,東信段,10.37,都市：其他:第四種商業區,100000,280,持分移轉,02580000
RPRNMLLMNHLGFBB77DA,大學段,265.19,都市：其他:農業區,8100000,450000,持分移轉,00260000
RPQPMLNLMHLGFDB08DA,十五庄段,169.27,都市：其他:第二種住宅區,1,1,全筆移轉,12820000
RPQNMLOLMHLGFDB97DA,東湳段,10.93,都市：其他:第二種住宅區,100000,317,持分移轉,05820000
RPPOMLSKNHLGFDB38DA,舊社新段,5.81,非都市：鄉村區 ; 非都市編定：乙種建築用地,718020,26127,持分移轉,06230000
RPPOMLSKNHLGFDB38DA,舊社新段,24.43,非都市：鄉村區 ; 非都市編定：乙種建築用地,5,1,持分移轉,06460000
RPPOMLSKNHLGFDB38DA,舊社新段,86.25,非都市：鄉村區 ; 非都市編定：乙種建築用地,1,1,全筆移轉,06460008
RPSNMLRKMHLGFEB48DA,順帆段,357.70,非都市：特定農業區 ; 非都市編定：農牧用地,1,1,全筆移轉,08910001
RPXQMLLJOHLGFFB88DA,市鎮南段,7.62,都市：其他:第四種商業區,100000,34,持分移轉,00970000
RPPNMLKMMHLGFHB97DA,上楓段,77.00,都市：其他:第一種住宅區,1,1,全筆移轉,13660041
RPVNMLTLNHLGFHB86DA,六寶段,570.01,非都市：特定農業區 ; 非都市編定：農牧用地,1,1,全筆移轉,00080001
RPUNMLTLNHLGFHB76DA,四德段,146.00,都市：其他:乙種工業區,2,1,持分移轉,05880001
RPTNMLMLNHLGFIB68DA,新長壽段,26.77,都市：其他:第二種住宅區,100000,342,持分移轉,00650000
RPVNMLTKNHLGFJB96DA,長億段,79.99,都市：其他:住宅區,1,1,全筆移轉,03140008
RPWNMLTKNHLGFJB07DA,長億段,76.71,都市：其他:住宅區,1,1,全筆移轉,03140009
RPSNMLMJOHLGFJB58DA,內城段,1682.20,非都市：山坡地保育區 ; 非都市編定：農牧用地,1,1,全筆移轉,04110000
RPUOMLSJNHLGFJB76DA,頂坪段,141.31,非都市：鄉村區 ; 非都市編定：乙種建築用地,1,1,全筆移轉,04130000
RPQOMLNLMHLGFKB68DA,新東段,6.10,非都市：鄉村區 ; 非都市編定：乙種建築用地,2459,6,持分移轉,04210000
RPVRMLTKNHLGFIB27DA,峰西段,18.57,都市：其他:商業區,10000,177,持分移轉,02590000
RPPSMLTKNHLGFIB76DA,新三和段,35.88,都市：其他:第二種住宅區,100000,411,持分移轉,00720000
RPROMLPKNHLGFBB08DA,太祥段,17.14,都市：其他:第三種住宅區。,10000,48,持分移轉,01260000
RPQNMLSKNHLGFKB09DA,文昌段,34.00,都市：其他:住宅區,1,1,全筆移轉,22570004
RPQNMLSKNHLGFKB09DA,文昌段,25.00,都市：其他:住宅區,1,1,全筆移轉,22670003
RPOOMLRLNHLGFBB08DA,水源段,24.00,都市：其他:第二種住宅區,10,1,持分移轉,01230004
RPQOMLLJOHLGFBB57DA,仁德段,18.28,都市：其他:第二種住宅區,10000,660,持分移轉,01880001
RPQNMLRLNHLGFKB09DA,遊園北段,516.00,都市：其他:保護區,7,2,持分移轉,00960001
RPRNMLSLNHLGFIB09DA,新同安厝段,114.15,非都市：特定農業區 ; 非都市編定：農牧用地,1,1,全筆移轉,05220000
RPUNMLOLMHLGFJB98DA,新興段,22.26,都市：其他:住宅區,10000,27,持分移轉,00230000
RPRNMLOJOHLGFEB28EA,安田段,2.22,非都市：鄉村區 ; 非都市編定：乙種建築用地,7650,15,持分移轉,09670000
RPROMLNLMHLGFAB77DA,下橋子頭段,4.30,都市：其他:第一種商業區,89236,1370,持分移轉,00070012
RPPNMLMJOHLGFFB97EA,南簡段,18.26,都市：其他:第四種住宅區,10000,46,持分移轉,01600002
RPQNMLMJOHLGFDB87EA,后樟段,13.16,非都市：鄉村區 ; 非都市編定：乙種建築用地,100000,2439,持分移轉,01580001
RPPNMLLJOHLGFJB28EA,新福段,15.84,都市：其他:住宅區,10000,81,持分移轉,06070000
RPWNMLSLNHLGFAB78DA,大益段,15.19,都市：其他:第二種住宅區,10000,120,持分移轉,00170000
RPSOMLOKNHLGFAB97DA,旱新段,14.12,都市：其他:第二之一種商業區,300000,841,持分移轉,08090000
RPXPMLOJNHLGFBB58DA,松竹段,25.30,都市：其他:第二種住宅區,1000,62,持分移轉,00280000
RPRQMLPKNHLGFBB28DA,乾溝子段,9.27,都市：其他:第二種住宅區,10000,158,持分移轉,01420002
RPWPMLPJNHLGFBB58DA,文北段,16.59,都市：其他:第二之一種住宅區,100000,580,持分移轉,01610000
RPPOMLOJOHLGFHB38DA,東寶二段,87.27,都市：其他:第一之一種住宅區,1,1,全筆移轉,01620000
RPOOMLTLNHLGFCB38DA,寶山段,.61,都市：其他:第二種住宅區,56,2,持分移轉,08290003
RPOOMLTLNHLGFCB38DA,寶山段,72.00,都市：其他:第二種住宅區,1,1,全筆移轉,08310019
RPOOMLTLNHLGFCB38DA,寶山段,21.68,都市：其他:第二種住宅區,56,2,持分移轉,08310026
RPOOMLTLNHLGFCB38DA,寶山段,1.54,都市：其他:第二種住宅區,56,2,持分移轉,08330002
RPOOMLTLNHLGFCB38DA,寶山段,.04,都市：其他:第二種住宅區,56,2,持分移轉,08330004
RPTNMLMJOHLGFBB87DA,太原段,17.66,都市：其他:第三種住宅區。,10000,509,持分移轉,01080000
RPPNMLMJOHLGFDB67DA,前寮段,39.86,都市：其他:農業區,3910,2022,持分移轉,11360000
RPPNMLMJOHLGFDB67DA,前寮段,483.00,都市：其他:農業區,3910,2022,持分移轉,11370000
RPPNMLMJOHLGFDB67DA,前寮段,488.19,都市：其他:農業區,3910,2022,持分移轉,11380000
RPPNMLMJOHLGFDB67DA,前寮段,120.68,都市：其他:農業區,36,10,持分移轉,11390000
RPTNMLMJOHLGFBB87DA,太原段,17.65,都市：其他:第三種住宅區。,10000,509,持分移轉,01080001
RPPNMLMJOHLGFDB67DA,前寮段,8.85,都市：其他:農業區,708,18,持分移轉,11440000
RPUPMLQLNHLGFBB68DA,錦村段,76.00,都市：其他:第二種住宅區,1,1,全筆移轉,02150022
RPXRMLQJNHLGFCB09DA,國安段,9.53,都市：其他:第六種住宅區,10000,41,持分移轉,05910001
RPOOMLPLNHLGFCB97DA,惠民段,46.00,都市：其他:第一種新市政中心專用區,100000,2003,持分移轉,00660000
RPTOMLLLNHLGFCB08DA,福星段,37.66,都市：其他:第一種住宅區,60000,10776,持分移轉,01470000
RPTOMLLLNHLGFCB08DA,福星段,17.47,都市：其他:第一種住宅區,24,2,持分移轉,01470000
RPUTMLPJNHLGFCB88DA,大墩段,1.33,都市：其他:第三種住宅區。,100000,72,持分移轉,04700000
RPVOMLLLNHLGFCB28DA,福星段,151.25,都市：其他:第一之一種住宅區,30000,5000,持分移轉,01420000
RPUOMLMJOHLGFBB08DA,東信段,5.87,都市：其他:第二種住宅區,15000,166,持分移轉,00860000
RPUOMLMJOHLGFBB08DA,東信段,4.43,都市：其他:第二種住宅區,15000,166,持分移轉,00870000
RPTNMLNKMHLGFAB77DA,東勢子段,23.71,都市：其他:第二種住宅區,10000,24,持分移轉,00110000
RPSNMLMLNHLGFCB97DA,昌明段,57.98,都市：其他:第一之一種住宅區,1,1,全筆移轉,00940009
RPSNMLMLNHLGFCB97DA,昌明段,46.08,都市：其他:第一之一種住宅區,100000,5263,持分移轉,00940014
RPOPMLPKNHLGFCB97DA,中義段,8.87,都市：其他:第二種住宅區,1000,87,持分移轉,07840001
RPOPMLPKNHLGFCB97DA,中義段,6.44,都市：其他:第二種住宅區,1000,87,持分移轉,07860000
RPQPMLSKNHLGFFB78DA,南簡段,68.00,都市：其他:第四種住宅區,1,1,全筆移轉,06010010
RPXNMLLJOHLGFDB38DA,大洲段,21.17,都市：其他:第一之一種住宅區,10000,41,持分移轉,03840000
RPUNMLMJOHLGFFB38DA,鹿寮段,25.00,都市：其他:第四種住宅區,2,1,持分移轉,10800036
RPTNMLMLNHLGFFB38DA,沙工北段,37.09,都市：其他:第四種住宅區,1,1,全筆移轉,14080000
RPTNMLMLNHLGFFB38DA,沙工北段,24.20,都市：其他:第四種住宅區,1,1,全筆移轉,14090000
RPTNMLKLMHLGFIB38DA,新埔段,4.72,非都市：鄉村區 ; 非都市編定：乙種建築用地,200000,1800,持分移轉,11430000
RPTNMLKLMHLGFIB38DA,新埔段,13.22,非都市：鄉村區 ; 非都市編定：乙種建築用地,200000,1800,持分移轉,11450000
RPUNMLMJOHLGFHB58DA,家興段,13.43,都市：其他:第一之一種住宅區,100000,242,持分移轉,08650000
RPVNMLMLMHLGFIB78DA,榮泉段,3.09,都市：其他:第一種住宅區,1,1,全筆移轉,00220003
RPSOMLMLMHLGFJB68DA,信平段,63.00,都市：其他:住宅區,1,1,全筆移轉,07820000
RPRNMLNJOHLGFJB58DA,長安段,62.90,非都市：鄉村區 ; 非都市編定：乙種建築用地,1,1,全筆移轉,00230000
RPQNMLKLNHLGFKB38DA,瑞井段,24.48,非都市：鄉村區 ; 非都市編定：乙種建築用地,1000000,18856,持分移轉,00650000
RPQNMLMJOHLGFBB67EA,新賴厝廍七段,72.04,都市：其他:第二種住宅區,1,1,全筆移轉,00130000
RPUNMLNLMHLGFAB97DA,大益段,24.99,都市：其他:第二種住宅區,10000,117,持分移轉,10400000
RPRNMLKMMHLGFAB47DA,平民段九小段,1.51,都市：其他:第二種住宅區,10000,126,持分移轉,00010001
RPRNMLKMMHLGFAB47DA,平民段八小段,18.62,都市：其他:第二種住宅區,10000,126,持分移轉,00060000
RPQOMLPKNHLGFAB87DA,頂橋子頭段,40.00,都市：其他:第二種住宅區,1,1,全筆移轉,00570025
RPQOMLPKNHLGFAB87DA,頂橋子頭段,2.00,都市：其他:第一種商業區,1,1,全筆移轉,00570101
RPOQMLTKNHLGFAB28DA,旱溪段,25.71,都市：其他:第一種住宅區,100000,3433,持分移轉,00210132
RPOQMLTKNHLGFAB28DA,旱溪段,3.16,都市：其他:第一種住宅區,100000,3433,持分移轉,00210143
RPQNMLLJOHLGFIB18DA,溪南東段,33.44,非都市：鄉村區 ; 非都市編定：乙種建築用地,100000,3524,持分移轉,03430000
RPQNMLLJOHLGFIB18DA,溪南東段,.11,非都市：鄉村區 ; 非都市編定：乙種建築用地,100000,3524,持分移轉,03470000
RPSQMLLLMHLGFBB97DA,新賴厝廍六段,24.68,都市：其他:第二種住宅區,100000,1809,持分移轉,00460000
RPVRMLRJNHLGFBB88DA,倡和段,10.10,都市：其他:第一種住宅區,13741,1010,持分移轉,00040000
RPVRMLRJNHLGFBB88DA,倡和段,95.41,都市：其他:第一種住宅區,1,1,全筆移轉,00040002
RPTPMLSJNHLGFBB58DA,東山段,2.43,都市：其他:第一種商業區,10000,11,持分移轉,02620000
RPVPMLLKNHLGFBB18DA,太祥段,20.61,都市：其他:第三種住宅區。,100000,1237,持分移轉,01090000
RPVPMLLKNHLGFBB18DA,太祥段,.78,都市：其他:第一種住宅區,100000,1237,持分移轉,01090001
RPTNMLMLNHLGFBB97DA,邱厝子段,11.00,都市：其他:第二種住宅區,1,1,全筆移轉,00440101
RPTNMLMLNHLGFBB97DA,邱厝子段,43.78,都市：其他:第二種住宅區,1050,26,持分移轉,00470008
RPQOMLMLNHLGFBB77DA,溝背段,19.64,都市：其他:第二之一種住宅區,100000,261,持分移轉,00810000
RPXOMLSLNHLGFBB09DA,文北段,20.36,都市：其他:第二之一種住宅區,100000,370,持分移轉,01600000
RPVNMLNJOHLGFBB18DA,景美段,17.71,都市：其他:第一種住宅區,12,1,持分移轉,00740002
RPVNMLNJOHLGFBB18DA,景美段,2.65,都市：其他:第一種住宅區,12,1,持分移轉,00740009
RPVNMLNJOHLGFBB18DA,景美段,96.05,都市：其他:第一種住宅區,1,1,全筆移轉,00740011
RPQOMLNJOHLGFBB77DA,錦村段,13.71,都市：其他:第二種住宅區,300000,570,持分移轉,00610000
RPRNMLSKMHLGFCB28DA,建功段,11.28,都市：其他:第五種住宅區,100000,178,持分移轉,00160000
RPUPMLNKMHLGFCB28DA,大進段,2.76,都市：其他:第二種住宅區,10000,12,持分移轉,07880000
RPUNMLMJOHLGFKB88DA,龍新段,168.66,都市：其他:第二種住宅區,1,1,全筆移轉,03730002
RPQOMLPLNHLGFBB08DA,溝背段,25.82,都市：其他:第二之一種住宅區,100000,714,持分移轉,01050000
RPQQMLSKNHLGFCB58DA,中正段,18.20,都市：其他:第三種住宅區。,10000,130,持分移轉,01600000
RPUPMLLJOHLGFBB08DA,錦村段,24.14,都市：其他:第二種住宅區,10000,425,持分移轉,01310032
RPOPMLLJOHLGFBB47DA,仁和段,5.01,都市：其他:第一種商業區,10000,37,持分移轉,05130000
RPOPMLLJOHLGFBB47DA,仁和段,8.09,都市：其他:第一種商業區,10000,37,持分移轉,05240000
RPOPMLLJOHLGFBB47DA,仁和段,3.36,都市：其他:第一種商業區,10000,37,持分移轉,05260000
RPOPMLLJOHLGFBB47DA,仁和段,4.86,都市：其他:第一種商業區,10000,37,持分移轉,05280000
RPPNMLRKNHLGFEB28DA,松子脚段,104.00,非都市：特定農業區 ; 非都市編定：甲種建築用地,1,1,全筆移轉,01300001
RPPNMLRKNHLGFEB28DA,松子脚段,48.00,非都市：特定農業區 ; 非都市編定：甲種建築用地,1,1,全筆移轉,01310004
RPPNMLRKNHLGFEB28DA,松子脚段,24.00,非都市：特定農業區 ; 非都市編定：農牧用地,1,1,全筆移轉,01310013
RPPNMLRKNHLGFEB28DA,松子脚段,34.00,非都市：特定農業區 ; 非都市編定：農牧用地,1,1,全筆移轉,01320011
RPSNMLPLNHLGFBB18DA,平田段,12.13,都市：其他:第二種住宅區,100000,122,持分移轉,02440000
RPOOMLMJOHLGFIB18DA,新三和段,21.71,都市：其他:商業區,100000,1154,持分移轉,00400000
RPRNMLKLNHLGFFB97DA,梧棲段,5.59,都市：其他:第五種住宅區,100000,456,持分移轉,01880000
RPRNMLKLNHLGFFB97DA,梧棲段,5.83,都市：其他:第四種住宅區,100000,456,持分移轉,01880005
RPUOMLTLNHLGFCB98DA,國安段,11.24,都市：其他:第六種住宅區,10000,21,持分移轉,05930066
RPWNMLPLMHLGFJB66DA,溪洲段,30.89,都市：其他:住宅區,10000,157,持分移轉,05200000
RPSNMLMJOHLGFFB18DA,興安西段,18.81,都市：其他:第四種住宅區,100000,637,持分移轉,01960000
RPSNMLSJMHLGFKB09DA,遠東段,80.68,都市：其他:第二種住宅區,1,1,全筆移轉,07760000
RPSNMLSJMHLGFKB09DA,遠東段,16.53,都市：其他:第二種住宅區,16,1,持分移轉,07840000
RPSNMLSJMHLGFKB09DA,遠東段,.04,都市：其他:第二種住宅區,16,1,持分移轉,07840001
RPWNMLOJOHLGFFB78DA,銀聯段,65.00,都市：其他:第四種住宅區,1,1,全筆移轉,20850020
RPWNMLOJOHLGFFB78DA,銀聯段,21.36,都市：其他:第四種住宅區,33,1,持分移轉,20850027
RPVNMLLLNHLGFHB68DA,大富段,82.78,都市：其他:農業區,1,1,全筆移轉,00380000
RPXNMLKLNHLGFIB88DA,地利段,36.93,都市：其他:住宅區,10000,157,持分移轉,10090000
RPSNMLKMMHLGFIB38DA,仁德段,76.05,都市：其他:第三種住宅區。,1,1,全筆移轉,05450000
RPSNMLQKMHLGFJB88DA,育賢段,21.69,都市：其他:住宅區,20000,74,持分移轉,02100001
RPXNMLLLNHLGFJB09DA,宜欣段,12.69,都市：其他:商業區,10000,80,持分移轉,11920000
RPSNMLOJOHLGFAB87DA,下橋子頭段,16.36,都市：其他:第三種住宅區。,100000,887,持分移轉,01820009
RPOOMLSJNHLGFCB08DA,惠信段,10.21,都市：其他:第三種住宅區。,100000,561,持分移轉,00650000
RPPNMLTKNHLGFKB09DA,藝術段,11.63,都市：其他:第二種住宅區,10000,262,持分移轉,05420000
RPPNMLTKNHLGFKB09DA,藝術段,6.72,都市：其他:第二種住宅區,10000,220,持分移轉,05430000
RPPNMLRLNHLGFBB08DA,東峰段,7.41,都市：其他:第二種住宅區,1000,19,持分移轉,00570000
RPVPMLNJOHLGFBB38DA,太順段,29.50,都市：其他:第二種住宅區,10000,1260,持分移轉,00210016
RPVPMLNJOHLGFBB38DA,太順段,111.03,都市：其他:第二種住宅區,1,1,全筆移轉,00210022
RPTPMLTKNHLGFBB78DA,中清段,30.87,都市：其他:第二種住宅區,200000,2544,持分移轉,00480000
RPVRMLQJNHLGFCB88DA,信安段,12.13,都市：其他:第三之一種住宅區,10000,29,持分移轉,06510000
RPVRMLQJNHLGFCB88DA,信安段,.80,都市：其他:第三之一種住宅區,10000,29,持分移轉,06510001
RPTPMLSKNHLGFCB78DA,南屯段,62.00,都市：其他:第二種住宅區,1,1,全筆移轉,06580000
RPUPMLKMMHLGFCB18DA,大進段,6.54,都市：其他:第二種住宅區,10000,59,持分移轉,04890000
RPUOMLSLNHLGFCB88DA,國安段,5.57,都市：其他:第一之一種住宅區,10000,57,持分移轉,01740002
RPXOMLLJOHLGFCB38DA,國安段,34.41,都市：其他:第一之一種住宅區,600,58,持分移轉,01630004
RPXNMLPJOHLGFCB68DA,上石碑段,3.29,都市：其他:第三種商業區,100000,500,持分移轉,10390049
RPXNMLPJOHLGFCB68DA,上石碑段,5.03,都市：其他:第三種商業區,100000,500,持分移轉,27680000
RPWTMLOJOHLGFCB09DA,中正段,21.08,都市：其他:第三之二種住宅區,10000,441,持分移轉,02800000
RPXNMLPJOHLGFDB78DA,十五庄段,29.84,都市：其他:第二種住宅區,10000,282,持分移轉,05710000
RPVNMLOLMHLGFFB68DA,西社段,71.55,都市：其他:第四種住宅區,2,1,持分移轉,02620000
RPPVMLOJNHLGFFB78DA,市鎮北段,14.45,都市：其他:第四種商業區,10000,24,持分移轉,00450000
RPOOMLKMNHLGFFB87DA,市鎮北段,14.15,都市：其他:第四種商業區,100000,133,持分移轉,02950000
RPOOMLTJOHLGFFB58DA,三田段,28.33,都市：其他:農業區,12,2,持分移轉,06230000
RPOOMLTJOHLGFFB58DA,三田段,165.00,都市：其他:農業區,1,1,全筆移轉,06230004
RPOOMLTJOHLGFFB58DA,三田段,165.00,都市：其他:農業區,1,1,全筆移轉,06230005
RPOOMLTJOHLGFFB58DA,三田段,165.00,都市：其他:農業區,1,1,全筆移轉,06230006
RPOOMLTJOHLGFFB58DA,三田段,1150.00,都市：其他:農業區,1,1,全筆移轉,06400000
RPPNMLPJOHLGFGB28DA,新水井段,2635.58,非都市：一般農業區 ; 非都市編定：農牧用地,1,1,全筆移轉,00610000
RPVNMLSLNHLGFHB76DA,四德段,31.05,都市：其他:第二種住宅區,1000000,29795,持分移轉,01810044
RPVNMLSLNHLGFHB76DA,四德段,1.52,都市：其他:第二種住宅區,1000000,29795,持分移轉,01810045
RPPNMLLJNHLGFHB87DA,自強段,57.00,非都市：特定農業區 ; 非都市編定：甲種建築用地,1,1,全筆移轉,07920006
RPPNMLLJNHLGFHB87DA,自強段,22.12,非都市：特定農業區 ; 非都市編定：甲種建築用地,34,1,持分移轉,07920022
RPPNMLPJNHLGFJB48DA,新興段,27.11,都市：其他:住宅區,10000,30,持分移轉,01500000
RPPNMLNKNHLGFJB38DA,永成段,17.20,都市：其他:住宅區,10000,25,持分移轉,00590000
RPPNMLKLNHLGFJB18DA,育賢段,27.50,都市：其他:住宅區,10000,37,持分移轉,01880000
RPQNMLRLNHLGFJB98DA,樹孝段,5.65,都市：其他:住宅區,100000,842,持分移轉,16900000
RPQNMLRLNHLGFJB98DA,樹孝段,.61,都市：其他:住宅區,100000,842,持分移轉,16940000
RPQNMLRLNHLGFJB98DA,樹孝段,8.79,都市：其他:住宅區,100000,842,持分移轉,17010000
SPQOMLNJOHLGFCB97DA,廣順段,11.72,都市：其他:農業區,1,1,全筆移轉,00170000
TPQOMLNJOHLGFCB08DA,廣順段,15.18,都市：其他:農業區,1,1,全筆移轉,00180005
RPWNMLTLNHLGFAB88DA,半平厝段,19.13,都市：其他:第三種住宅區。,10000,41,持分移轉,19720000
RPUOMLMJOHLGFCB18DA,上石碑段,8.88,都市：其他:第三種商業區,200000,1844,持分移轉,09640002
RPVNMLMJOHLGFCB18DA,國安段,3.84,都市：其他:第一之一種住宅區,10000,15,持分移轉,02920002
RPWNMLLKLHLGFGB38DA,慶東段,1218.58,非都市：山坡地保育區 ; 非都市編定：農牧用地,1,1,全筆移轉,05420000
RPQOMLNJOHLGFCB87DA,廣順段,16.43,都市：其他:農業區,1,1,全筆移轉,00160000
RPQNMLMKNHLGFBB57DA,太順段,17.21,都市：其他:第三種住宅區。,10000,208,持分移轉,01300000
RPROMLMLMHLGFCB87DA,惠信段,7.17,都市：其他:第五種住宅區,100000,254,持分移轉,00950000
RPUNMLOJOHLGFBB18DA,東信段,83.00,都市：其他:第二種住宅區,1,1,全筆移轉,00500004
RPWPMLMJOHLGFCB48DA,福星段,17.66,都市：其他:第二種住宅區,100000,977,持分移轉,00620000
RPSOMLOJOHLGFCB18DA,中義段,25.60,都市：其他:第二種住宅區,10,1,持分移轉,06130000
RPSNMLMLNHLGFJB68DA,新興段,16.49,都市：其他:住宅區,10000,20,持分移轉,00230000
RPVNMLOJOHLGFKB56DA,追分段,242.00,都市：其他:農業區,1,1,全筆移轉,11910001
RPVNMLOJOHLGFKB56DA,追分段,346.00,都市：其他:農業區,1,1,全筆移轉,11910002
RPVNMLOJOHLGFKB56DA,追分段,575.00,都市：其他:農業區,1,1,全筆移轉,11910003
RPSWMLKKMHLGFBB38DA,同榮段,71.00,都市：其他:第二種住宅區,1,1,全筆移轉,11010000
RPQWMLKKMHLGFBB18DA,錦村段,17.34,都市：其他:第二種住宅區,10000,49,持分移轉,01200030
RPQNMLKKLHLGFGB67DA,水底寮段上水底寮小段,170.00,非都市：山坡地保育區 ; 非都市編定：農牧用地,1,1,全筆移轉,03300000
RPPNMLLKLHLGFGB67DA,文昌段,39.03,都市：其他:道路用地,1,1,全筆移轉,02600001
RPPNMLLKLHLGFGB67DA,文昌段,.83,都市：其他:道路用地,1,1,全筆移轉,02600002
RPPNMLLKLHLGFGB67DA,泰昌段,.13,都市：其他:道路用地,1,1,全筆移轉,07130001
RPSPMLMJOHLGFCB08DA,上石碑段,.33,都市：其他:第三之二種住宅區,1365,18,持分移轉,15180005
RPSPMLMJOHLGFCB08DA,上石碑段,11.84,都市：其他:第三之二種住宅區,1365,18,持分移轉,15350000
RPUOMLNJOHLGFCB28DA,福德段,8.93,都市：其他:第三種商業區,100000,195,持分移轉,02220000
RPQNMLOJOHLGFJB58DA,育賢段,24.45,都市：其他:住宅區,100000,660,持分移轉,02020000
RPRQMLLKLHLGFCB77DA,上石碑段,2.46,都市：其他:第三種商業區,10000,9,持分移轉,10650000
RPSNMLOJLHLGFFB08DA,梧棲段,6.83,都市：其他:第四種住宅區,10000,227,持分移轉,32030000
RPXNMLKKLHLGFFB28DA,護安段,33.15,都市：其他:第四種住宅區,800,38,持分移轉,06780000
RPXNMLOJLHLGFFB58DA,南簡段,45.00,都市：其他:第四種住宅區,1,1,全筆移轉,05410013
RPXNMLOJLHLGFFB58DA,南簡段,18.00,都市：其他:第四種住宅區,1,1,全筆移轉,05410024
RPXOMLPJLHLGFFB78DA,市鎮北段,14.09,都市：其他:第四種商業區,100000,276,持分移轉,01180000
RPPNMLSJOHLGFCB18DA,埔興段,585.00,都市：其他:農業區,2486,1170,持分移轉,13890002
RPPNMLKKLHLGFJB97EA,長福段,128.34,都市：其他:住宅區,1,1,全筆移轉,00060003
RPSNMLLKLHLGFKB38DA,忠和段,82.00,都市：其他:關連工業區,4,2,持分移轉,08510001
RPSNMLLKLHLGFKB38DA,忠和段,117.00,都市：其他:關連工業區,1,1,全筆移轉,08510003
RPSNMLLKLHLGFKB38DA,忠和段,119.00,都市：其他:關連工業區,1,1,全筆移轉,08510004
RPPNMLQKLHLGFKB58DA,三德段,35.00,都市：其他:第四種住宅區,12,10,持分移轉,10820009
RPWNMLTJLHLGFHB56DA,陽明段,3.04,都市：其他:農業區,1,1,全筆移轉,02570000
RPUNMLRKLHLGFGB78DA,東勢段石角小段,2771.00,非都市：山坡地保育區 ; 非都市編定：農牧用地,1,1,全筆移轉,00040276
RPRNMLMKLHLGFCB67EA,西屯段,.01,都市：其他:第三種住宅區。,17494236000,158528,持分移轉,30970000
RPWNMLMKLHLGFEB28DA,上土城段,109.38,非都市：鄉村區 ; 非都市編定：乙種建築用地,1,1,全筆移轉,05740000
RPQNMLMKLHLGFCB57EA,西屯段,.01,都市：其他:第三種住宅區。,17494236000,356688,持分移轉,30970000
RPXNMLTJLHLGFFB09DA,梧棲段,6.53,都市：其他:第四種住宅區,10000,217,持分移轉,32030000
RPPNMLRJLHLGFFB08DA,鹿寮段,8.60,都市：其他:第四種住宅區,10000,610,持分移轉,08760007
RPPNMLRJLHLGFFB08DA,鹿寮段,8.54,都市：其他:第四種住宅區,10000,610,持分移轉,08760008
RPPNMLRJLHLGFFB08DA,鹿寮段,8.54,都市：其他:第四種住宅區,10000,610,持分移轉,08760009
RPPNMLRJLHLGFFB08DA,鹿寮段,8.60,都市：其他:第四種住宅區,10000,610,持分移轉,08760010
RPUNMLKKLHLGFAB47DA,頂橋子頭段,18.28,都市：其他:第一種商業區,100000,1815,持分移轉,01150001
RPRNMLLKLHLGFAB27DA,頂橋子頭段,3.10,都市：其他:第二種住宅區,10000,16,持分移轉,02980000
RPUNMLKKLHLGFAB47DA,頂橋子頭段,1.00,都市：其他:第一種商業區,100000,800,持分移轉,01150079
RPVNMLMKLHLGFAB77DA,柳川段一小段,1.57,都市：其他:第二種商業區,100000,57,持分移轉,00040000
RPVNMLMKLHLGFAB77DA,柳川段一小段,.36,都市：其他:第一種商業區,100000,57,持分移轉,00040006
RPQPMLMKLHLGFCB67DA,信安段,34.69,都市：其他:第一之一種住宅區,100000,406,持分移轉,06910000
RPQPMLMKLHLGFCB67DA,信安段,10.71,都市：其他:第三之一種住宅區,100000,406,持分移轉,07020000
RPXNMLKKLHLGFAB77DA,後壠子段,68.00,都市：其他:第一種商業區,1,1,全筆移轉,01650013
RPXNMLKKLHLGFAB77DA,後壠子段,71.00,都市：其他:第一種商業區,1,1,全筆移轉,01650014
RPVNMLOJLHLGFAB87DA,自由段六小段,.22,都市：其他:第二種商業區,10000,20,持分移轉,00010016
RPVNMLOJLHLGFAB87DA,自由段六小段,3.05,都市：其他:第二種商業區,10000,47,持分移轉,00010017
RPPNMLSKLHLGFFB28DA,護安段,15.91,都市：其他:第四種住宅區,40,1,持分移轉,11170000
RPPNMLSKLHLGFFB28DA,護安段,58.26,都市：其他:第四種住宅區,2,1,持分移轉,11260000
RPVNMLRKLHLGFHB98DA,僑忠段,46.26,都市：其他:農業區,1,1,全筆移轉,01240002
RPXNMLQKLHLGFHB09DA,大明段,226.39,都市：其他:第二種住宅區,1,1,全筆移轉,09510005
RPVNMLRKLHLGFHB98DA,僑忠段,3.45,都市：其他:農業區,1,1,全筆移轉,01240003
RPWNMLTJLHLGFFB98DA,武秀段,86.00,都市：其他:第四種住宅區,1,1,全筆移轉,06540005
RPPNMLRKLHLGFBB87EA,美和段,282.33,都市：其他:第一之一種住宅區,1,1,全筆移轉,00930000
RPROMLMKLHLGFAB47DA,樹子腳段,7.61,都市：其他:第二種住宅區,100000,238,持分移轉,12970000
RPQNMLKLLHLGFGB77DA,新廣興段,1.64,都市：其他:住宅區,1,1,全筆移轉,09600000
RPQNMLKLLHLGFGB77DA,新廣興段,7.91,都市：其他:住宅區,1,1,全筆移轉,09670000
RPRNMLLKLHLGFFB77DA,梧棲段,18.70,都市：其他:第三種商業區,94287900,1106200,持分移轉,29370000
RPQNMLRKLHLGFBB97EA,仁平段,271.12,都市：其他:第一之一種住宅區,1,1,全筆移轉,00570000
RPRNMLRKLHLGFBB08EA,敦和段,163.49,都市：其他:第一之一種住宅區,1,1,全筆移轉,00050000
RPPNMLSKLHLGFBB97EA,陳平段,40.00,都市：其他:住宅區,1,1,全筆移轉,29010005
RPPNMLSKLHLGFBB97EA,陳平段,19.00,都市：其他:住宅區,1,1,全筆移轉,29010015
RPPNMLTKLHLGFHB68EA,寶興段,65.02,非都市：特定農業區 ; 非都市編定：水利用地,1,1,全筆移轉,00740002
RPPNMLTKLHLGFHB68EA,寶興段,24.85,非都市：特定農業區 ; 非都市編定：交通用地,1,1,全筆移轉,00750002
RPRNMLSKLHLGFGB58DA,慶福段,2519.63,非都市：山坡地保育區 ; 非都市編定：農牧用地,1,1,全筆移轉,06030000
RPUNMLLKLHLGFIB38DA,東榮段,2.86,都市：其他:住宅區,10000,8,持分移轉,04020000
RPRNMLPJLHLGFIB38DA,自立段,.25,都市：其他:乙種工業區,17820,90,持分移轉,09980000
RPRNMLPJLHLGFIB38DA,自立段,2.27,都市：其他:園道用地,8910,45,持分移轉,09980002
RPSNMLNKLHLGFIB38DA,西湖北段,2638.80,非都市：特定農業區 ; 非都市編定：特定目的事業用地,1,1,全筆移轉,06050000
RPSNMLNKLHLGFIB38DA,西湖北段,3489.03,非都市：特定農業區 ; 非都市編定：特定目的事業用地,1,1,全筆移轉,06060000
RPTPMLPJLHLGFFB48DA,南勢東段,84.75,都市：其他:第二種住宅區,1,1,全筆移轉,01590000
RPUNMLRKLHLGFAB18DA,後壠子段,.73,都市：其他:第二之一種商業區,100000,10,持分移轉,02390000
RPQNMLKKLHLGFKB08DA,龍泉段,227.30,都市：其他:第四種住宅區,1,1,全筆移轉,04470001
RPQNMLSKLHLGFHB58DA,嘉豐段,5.32,都市：其他:農業區,144,1,持分移轉,06470000
RPPNMLKLLHLGFGB67DA,新廣興段,2.91,都市：其他:住宅區,1,1,全筆移轉,09620000
TPQNMLSKLHLGFHB78DA,嘉豐段,1.30,都市：其他:農業區,144,1,持分移轉,08080000
SPQNMLSKLHLGFHB68DA,嘉豐段,4.48,都市：其他:第一之二種住宅區,144,1,持分移轉,08070000
UPQNMLSKLHLGFHB88DA,嘉豐段,2.22,都市：其他:農業區,144,1,持分移轉,08090000
RPPNMLTKLHLGFGB58EA,新萬安段,52.37,都市：其他:道路用地,1,1,全筆移轉,03560000
RPPNMLTKLHLGFGB58EA,新萬安段,74.78,都市：其他:住宅區,1,1,全筆移轉,04640000
RPOOMLQJLHLGFBB57DA,鑫新平段,49.67,都市：其他:第一之一種住宅區,100000,1976,持分移轉,03280000
RPVQMLKKLHLGFBB97DA,中德段,2.49,都市：其他:第三種住宅區。,1000000,751,持分移轉,04660000
RPTRMLKKLHLGFBB87DA,中清段,1.70,都市：其他:第二種住宅區,10000,45,持分移轉,00600001
RPTRMLKKLHLGFBB87DA,中清段,.12,都市：其他:第二種住宅區,560000,45,持分移轉,00620000
RPTRMLKKLHLGFBB87DA,中清段,.71,都市：其他:第二種住宅區,10000,45,持分移轉,00620001
RPTRMLKKLHLGFBB87DA,中清段,24.57,都市：其他:第二種住宅區,56,1,持分移轉,00620002
RPVNMLNKLHLGFBB97DA,錦村段,6.62,都市：其他:第一種商業區,10000,50,持分移轉,02390020
RPVNMLNKLHLGFBB97DA,錦村段,.12,都市：其他:第一種商業區,10000,50,持分移轉,02390024
RPQQMLKKLHLGFBB47DA,東山段,2.11,都市：其他:第一種商業區,100000,102,持分移轉,02210000
RPQNMLKLLHLGFEB57DA,文化段,17.94,都市：其他:住宅區,10000,50,持分移轉,04770000
RPPNMLKKLHLGFBB07DA,中德段,2.47,都市：其他:第三種住宅區。,1000000,745,持分移轉,04660000
RPTOMLQJLHLGFBB08DA,太原段,19.37,都市：其他:第三種住宅區。,100000,96,持分移轉,01400004
RPOOMLPJLHLGFAB37DA,福成段,.67,都市：其他:第二種住宅區,9000,13,持分移轉,00820000
RPOOMLPJLHLGFAB37DA,福成段,18.65,都市：其他:第二種住宅區,10000,170,持分移轉,00830000
RPOOMLPJLHLGFAB37DA,福成段,4.32,都市：其他:第二種住宅區,10000,170,持分移轉,00910000
RPPNMLKLLHLGFIB97EA,南勢西段,158.95,非都市：特定農業區 ; 非都市編定：農牧用地,1,1,全筆移轉,00800000
RPTNMLTKLHLGFFB78DA,梧棲段,6.50,都市：其他:第四種住宅區,10000,216,持分移轉,32030000
RPVOMLTKLHLGFAB58DA,樹子腳段,16.09,都市：其他:第三種住宅區。,10000,290,持分移轉,06010000
RPPOMLTKLHLGFAB97DA,重慶段二小段,5.88,都市：其他:第一種商業區,12000,464,持分移轉,00060046
RPPOMLTKLHLGFAB97DA,重慶段二小段,.08,都市：其他:第一種商業區,12000,464,持分移轉,00060087
RPPNMLPKLHLGFCB67DA,國安段,3.84,都市：其他:第一之一種住宅區,10000,15,持分移轉,02920002
RPUNMLLKLHLGFKB58DA,新東段,8.56,非都市：鄉村區 ; 非都市編定：乙種建築用地,100000,506,持分移轉,01810000
RPQNMLSKLHLGFBB08EA,敦和段,299.86,都市：其他:第一之一種住宅區,1,1,全筆移轉,04620000
RPOOMLSKLHLGFIB58DA,大里段,213.17,非都市：特定農業區 ; 非都市編定：農牧用地,6,1,持分移轉,07790001
RPUOMLQKLHLGFCB38DA,田心段,28.40,都市：其他:第二種住宅區,113700,2840,持分移轉,14380000
RPPNMLKLLHLGFDB47EA,圳寮段,.56,非都市：山坡地保育區 ; 非都市編定：農牧用地,120000,14,持分移轉,03850000
RPSNMLNJLHLGFKB48DA,遊園南段,159.83,都市：其他:保護區,7500,500,持分移轉,00270000
RPXNMLSKLHLGFIB76DA,峰北段,144.00,非都市：鄉村區 ; 非都市編定：乙種建築用地,1,1,全筆移轉,02320000
RPPNMLKLLHLGFBB27EA,敦和段,516.27,都市：其他:第一種住宅區,1,1,全筆移轉,07800000
RPSOMLKLLHLGFFB97DA,光華段,48.07,都市：其他:第四種住宅區,1,1,全筆移轉,00010000
RPSOMLKLLHLGFFB97DA,光華段,8.58,都市：其他:第四種住宅區,1,1,全筆移轉,00010006
RPSOMLKLLHLGFFB97DA,光華段,39.00,都市：其他:第四種住宅區,1,1,全筆移轉,00020000
RPSOMLKLLHLGFFB97DA,鰲峰段,2.99,都市：其他:第四種住宅區,1,1,全筆移轉,03810002
RPSOMLKLLHLGFFB97DA,鰲峰段,113.82,都市：其他:第四種住宅區,1,1,全筆移轉,03820000
RPXNMLNLLHLGFFB68DA,永安段,109.86,都市：其他:農業區,39000,10986,持分移轉,00060000
RPPNMLMLLHLGFFB77DA,福安段,70.81,都市：其他:第四種住宅區,1,1,全筆移轉,04070000
RPPNMLMLLHLGFFB77DA,福安段,15.31,都市：其他:第四種住宅區,1,1,全筆移轉,04080000
RPPNMLOLLHLGFGB08DA,坪埔段,2970.84,非都市：山坡地保育區 ; 非都市編定：農牧用地,1,1,全筆移轉,03720000
RPOOMLTKLHLGFCB08DA,上石碑段,3.00,都市：其他:道路用地,1,1,全筆移轉,13130001
RPSNMLSKLHLGFBB18DA,東峰段,5.83,都市：其他:第三種商業區,10000,58,持分移轉,00030000
RPVNMLRKLHLGFDB58DA,前寮段,277.16,都市：其他:農業區,1000000,642431,持分移轉,08210007
RPPNMLPLLHLGFKB68EA,福德段,50.29,都市：其他:乙種工業區,3,2,持分移轉,10670000
RPXNMLTKLHLGFCB88DA,惠義段,459.57,都市：其他:第一種商業區,2000,1227,持分移轉,01580000
RPSNMLTJLHLGFDB38DA,豐圳段,41.50,都市：其他:農業區,3,1,持分移轉,06370004
RPTNMLKLLHLGFDB77DA,南田段,30.78,都市：其他:乙種工業區,1,1,全筆移轉,04070002
RPWNMLQKLHLGFCB48DA,西屯段,6.44,都市：其他:第三種商業區,1000000,2310,持分移轉,24610000
RPUOMLTKLHLGFAB48DA,中華段三小段,1.50,都市：其他:第一種商業區,10000,10,持分移轉,00020021
RPPNMLNLLHLGFDB67DA,泰安段,4.43,非都市：鄉村區 ; 非都市編定：水利用地,1,1,全筆移轉,10240003
RPPNMLNLLHLGFDB67DA,泰安段,15.47,非都市：鄉村區 ; 非都市編定：水利用地,1,1,全筆移轉,10240004
RPPNMLNLLHLGFDB67DA,泰安段,270.32,非都市：特定農業區 ; 非都市編定：農牧用地,1,1,全筆移轉,10340001
RPXOMLTKLHLGFAB78DA,樹子腳段,21.26,都市：其他:第二種住宅區,100000,449,持分移轉,13100000
RPXOMLTKLHLGFAB78DA,樹子腳段,2.92,都市：其他:第二種住宅區,100000,449,持分移轉,13100017
RPXOMLTKLHLGFAB78DA,樹子腳段,1.26,都市：其他:第二種住宅區,100000,449,持分移轉,13100018
RPPNMLNLLHLGFBB57EA,美和段,144.74,都市：其他:第一之一種住宅區,1,1,全筆移轉,00790000
RPWOMLQKLHLGFCB58DA,楓樹段,164.00,都市：其他:第二之二種住宅區,1,1,全筆移轉,15780000
RPWQMLMJLHLGFCB28DA,信安段,55.63,都市：其他:第三之一種住宅區,150,49,持分移轉,02440004
RPPNMLKLLHLGFCB27DA,廣明段,4.18,都市：其他:第二種住宅區,10000,21,持分移轉,07210000
RPUNMLTKLHLGFAB38DA,頂橋子頭段,53.00,都市：其他:第二種住宅區,1,1,全筆移轉,05280007
RPUNMLTKLHLGFAB38DA,頂橋子頭段,53.00,都市：其他:第二種住宅區,1,1,全筆移轉,05280008
RPRNMLQJLHLGFIB48DA,新坑口段,1936.68,非都市：山坡地保育區 ; 非都市編定：農牧用地,8,1,持分移轉,03550000
RPPNMLNLLHLGFCB67EA,逢大段,5363.75,都市：其他:第二種創新研發專用區,1,1,全筆移轉,00210000
RPXNMLNKLHLGFDB38DA,聯合段,7.71,都市：其他:農業區,1,1,全筆移轉,09340012
RPRNMLNKLHLGFDB77DA,聯合段,6.12,都市：其他:農業區,1,1,全筆移轉,09340006
RPUNMLNKLHLGFDB08DA,聯合段,4.35,都市：其他:農業區,1,1,全筆移轉,09340009
RPWNMLNKLHLGFDB28DA,聯合段,6.24,都市：其他:農業區,1,1,全筆移轉,09340011
RPSNMLNKLHLGFDB87DA,聯合段,3.66,都市：其他:農業區,1,1,全筆移轉,09340005
RPVNMLNKLHLGFDB18DA,聯合段,5.30,都市：其他:農業區,1,1,全筆移轉,09340010
RPTNMLNKLHLGFDB97DA,聯合段,1.72,都市：其他:農業區,1,1,全筆移轉,09340008
RPPNMLLLLHLGFFB67DA,菁埔南段,9.26,都市：其他:農業區,11,1,持分移轉,05140000
RPPNMLLLLHLGFFB67DA,菁埔南段,2.37,都市：其他:農業區,35,1,持分移轉,05150000
RPPNMLLLLHLGFFB67DA,菁埔南段,5.66,都市：其他:農業區,1,1,全筆移轉,05560001
RPRNMLTKLHLGFDB38DA,圳前段,11.25,都市：其他:第一之一種住宅區,180,2,持分移轉,07220000
RPRNMLTKLHLGFDB38DA,圳前段,11.68,都市：其他:第一之一種住宅區,180,2,持分移轉,07370000
RPPNMLKKLHLGFGB57DA,新金星段,252.28,都市：其他:農業區,1,1,全筆移轉,06770000
RPPNMLKKLHLGFGB57DA,新金星段,257.98,都市：其他:農業區,1,1,全筆移轉,06770001
RPPNMLKKLHLGFGB57DA,新金星段,232.33,都市：其他:農業區,1,1,全筆移轉,06770002
RPPNMLKKLHLGFGB57DA,新金星段,219.05,都市：其他:農業區,1,1,全筆移轉,06770003
RPPNMLKKLHLGFGB57DA,新金星段,195.98,都市：其他:農業區,1,1,全筆移轉,06770004
RPPNMLKKLHLGFGB57DA,新金星段,178.44,都市：其他:農業區,1,1,全筆移轉,06770005
RPPNMLKKLHLGFGB57DA,新金星段,180.44,都市：其他:農業區,1,1,全筆移轉,06770006
RPPNMLKKLHLGFGB57DA,新金星段,416.83,都市：其他:農業區,1,1,全筆移轉,06780000
RPSOMLTKLHLGFFB78DA,市鎮南段,6.50,都市：其他:第四種商業區,100000,29,持分移轉,00970000
RPQNMLNLLHLGFBB67EA,美和段,560.95,都市：其他:第一種住宅區,1,1,全筆移轉,04080000
RPPNMLOLLHLGFBB67EA,仁平段,443.37,都市：其他:第一之一種住宅區,1,1,全筆移轉,02790000
RPVNMLKLLHLGFAB67DA,柳川段五小段,2.26,都市：其他:第一種商業區,10000,122,持分移轉,00150015
RPRNMLQLLHLGFEB38EA,日南段,109.00,都市：其他:農業區,1,1,全筆移轉,03170024
RPRNMLQLLHLGFEB38EA,日南段,40.25,都市：其他:農業區,4,1,持分移轉,03170026
RPSNMLNLLHLGFAB67DA,東勢子段,24.68,都市：其他:第二種住宅區,44,1,持分移轉,01280018
RPPPMLTKLHLGFAB08DA,樹子腳段,3.34,都市：其他:第三種住宅區。,9000,9,持分移轉,15610000
RPVNMLTKLHLGFAB48DA,中墩段三小段,3.86,都市：其他:第二種商業區,1000,12,持分移轉,00030003
RPVNMLTKLHLGFAB48DA,中墩段三小段,.43,都市：其他:第二種商業區,1000,12,持分移轉,00030013
RPTNMLPJLHLGFBB87DA,文正段,9.22,都市：其他:第一種商業區,750,48,持分移轉,00080035
RPQOMLTKLHLGFBB18DA,平田段,1.52,都市：其他:第三種住宅區。,30000,7,持分移轉,08810000
RPTNMLRKLHLGFBB18DA,陳平段,58.00,都市：其他:第三之二種住宅區,1,1,全筆移轉,12810000
RPTNMLRKLHLGFBB18DA,陳平段,16.00,都市：其他:第二種商業區,1,1,全筆移轉,12810001
RPPNMLPLLHLGFEB97DA,上鐵山段,82.97,非都市：鄉村區 ; 非都市編定：乙種建築用地,1,1,全筆移轉,09830000
RPTNMLNLLHLGFDB08DA,四塊庄段,2830.31,非都市：特定農業區 ; 非都市編定：農牧用地,1,1,全筆移轉,06180000
RPRNMLMLLHLGFBB57DA,陳平段,39.40,都市：其他:道路用地,5,1,持分移轉,08000007
RPRNMLMLLHLGFBB57DA,陳平段,17.16,都市：其他:市場用地,10000,115,持分移轉,08000008
RPRNMLMLLHLGFBB57DA,陳平段,1.60,都市：其他:道路用地,5,1,持分移轉,08000013
RPRNMLMLLHLGFBB57DA,陳平段,29.00,都市：其他:道路用地,5,1,持分移轉,08000014
RPRNMLMLLHLGFBB57DA,陳平段,38.40,都市：其他:道路用地,5,1,持分移轉,08000015
RPRNMLMLLHLGFBB57DA,陳平段,7.00,都市：其他:市場用地,5,1,持分移轉,08000030
RPRNMLMLLHLGFBB57DA,陳平段,6.20,都市：其他:道路用地,5,1,持分移轉,11000000
RPRNMLMLLHLGFBB57DA,陳平段,8.20,都市：其他:道路用地,5,1,持分移轉,11010002
RPRNMLMLLHLGFBB57DA,陳平段,.20,都市：其他:道路用地,5,1,持分移轉,11010003
RPSNMLMJLHLGFKB38DA,田水段,14.56,都市：其他:第四種住宅區,52,1,持分移轉,09940017
RPSNMLMJLHLGFKB38DA,田水段,70.00,都市：其他:第四種住宅區,1,1,全筆移轉,09940071
RPQNMLPKLHLGFCB77DA,福安段,4.88,都市：其他:第二種住宅區,10000,22,持分移轉,08040000
RPPNMLLKLHLGFDB37DA,陽明段,102.00,都市：其他:第三種住宅區。,1,1,全筆移轉,06600000
RPQNMLTKLHLGFDB28DA,圳前段,.01,都市：其他:第一之一種住宅區,90,1,持分移轉,07170000
RPQNMLTKLHLGFDB28DA,圳前段,1.53,都市：其他:第一之一種住宅區,90,1,持分移轉,07200000
RPQNMLTKLHLGFDB28DA,圳前段,12.25,都市：其他:第一之一種住宅區,225,3,持分移轉,07230000
RPQNMLTKLHLGFDB28DA,圳前段,.10,都市：其他:道路用地,90,1,持分移轉,07240000
RPQNMLTKLHLGFDB28DA,圳前段,.17,都市：其他:道路用地,90,1,持分移轉,07250000
RPQNMLTKLHLGFDB28DA,圳前段,1.66,都市：其他:道路用地,90,1,持分移轉,07260000
RPQNMLTKLHLGFDB28DA,圳前段,.11,都市：其他:第一之一種住宅區,90,1,持分移轉,07270000
RPQNMLTKLHLGFDB28DA,圳前段,.02,都市：其他:第一之一種住宅區,90,1,持分移轉,07280000
RPQNMLTKLHLGFDB28DA,圳前段,.26,都市：其他:道路用地,90,1,持分移轉,07290000
RPQNMLTKLHLGFDB28DA,圳前段,.51,都市：其他:第一之一種住宅區,90,1,持分移轉,07300000
RPQNMLTKLHLGFDB28DA,圳前段,2.68,都市：其他:道路用地,90,1,持分移轉,07310000
RPQNMLTKLHLGFDB28DA,圳前段,.05,都市：其他:道路用地,90,1,持分移轉,07320000
RPQNMLTKLHLGFDB28DA,圳前段,.49,都市：其他:第一之一種住宅區,90,1,持分移轉,07330000
RPQNMLTKLHLGFDB28DA,圳前段,.40,都市：其他:道路用地,90,1,持分移轉,07350000
RPQNMLTKLHLGFDB28DA,圳前段,.58,都市：其他:道路用地,90,1,持分移轉,07400000
RPSNMLMLLHLGFBB67DA,文正段,.96,都市：其他:第二種住宅區,100000,292,持分移轉,00800014
RPSNMLMLLHLGFBB67DA,文正段,5.66,都市：其他:第二種住宅區,100000,292,持分移轉,00810000
RPSTMLNKLHLGFCB38DA,惠來厝段,.87,都市：其他:第二種住宅區,10000,20,持分移轉,00180002
RPSTMLNKLHLGFCB38DA,惠來厝段,.03,都市：其他:道路用地,10000,20,持分移轉,00180006
RPSTMLNKLHLGFCB38DA,惠來厝段,1.80,都市：其他:第二種住宅區,10000,20,持分移轉,16370000
RPVNMLNLLHLGFBB08DA,錦村段,1.00,都市：其他:第二種住宅區,116,1,持分移轉,03280026
RPVNMLNLLHLGFBB08DA,錦村段,1.00,都市：其他:第二種住宅區,83,1,持分移轉,03280027
RPVNMLNLLHLGFBB08DA,錦村段,5.00,都市：其他:第二種住宅區,531,5,持分移轉,03280028
RPVNMLNLLHLGFBB08DA,錦村段,4.00,都市：其他:第二種住宅區,389,4,持分移轉,03280029
RPVNMLTKLHLGFKB86DA,興和段,922.65,都市：其他:農業區,4,1,持分移轉,03230000
RPSNMLKLLHLGFKB38DA,南王田段,63.53,都市：其他:農業區,4,1,持分移轉,06030000
RPSNMLKLLHLGFKB38DA,南王田段,2.50,都市：其他:農業區,4,1,持分移轉,06040000
RPRNMLKLLHLGFKB28DA,自強段,30.53,非都市：鄉村區 ; 非都市編定：乙種建築用地,80,20,持分移轉,00880000
RPVOMLNKLHLGFAB97DA,樹子腳段,.95,都市：其他:第三種住宅區。,3000000,429,持分移轉,04410000
RPTOMLNKLHLGFAB77DA,樹子腳段,2.15,都市：其他:第三種住宅區。,1000000,324,持分移轉,04410000
RPTNMLKLLHLGFKB48DA,南王田段,63.53,都市：其他:農業區,4,1,持分移轉,06030000
RPTNMLKLLHLGFKB48DA,南王田段,2.50,都市：其他:農業區,4,1,持分移轉,06040000
RPQNMLPLLHLGFBB87EA,敦和段,231.40,都市：其他:第一之一種住宅區,1,1,全筆移轉,02350000
RPOOMLTKLHLGFAB87DA,下橋子頭段,11.22,都市：其他:第三種住宅區。,10000,67,持分移轉,02100006
RPOOMLTKLHLGFAB87DA,下橋子頭段,.12,都市：其他:第三種住宅區。,10000,67,持分移轉,02100019
RPPNMLQLLHLGFGB38EA,水底寮段上水底寮小段,885.00,非都市：一般農業區 ; 非都市編定：農牧用地,2,1,持分移轉,03100233
SPXNMLOLLHLGFAB38DA,東勢子段,16.33,都市：其他:住宅區,480,5,持分移轉,00710000
RPPNMLLLLHLGFJB08DA,平欣段,3.14,都市：其他:住宅區,100000,586,持分移轉,04570000
RPXNMLOLLHLGFAB28DA,東勢子段,21.78,都市：其他:住宅區,72,1,持分移轉,00710000
RPRNMLPKLHLGFCB87DA,國安段,6.35,都市：其他:第一之一種住宅區,10000,77,持分移轉,02820000
RPPNMLMLLHLGFCB47DA,永安段,759.53,都市：其他:農業區,1,1,全筆移轉,09080000
RPQNMLOLLHLGFCB77DA,國安段,10.80,都市：其他:第一種住宅區,10000,27,持分移轉,00940000
RPQNMLOLLHLGFCB77DA,國安段,5.19,都市：其他:第三之一種住宅區,10000,27,持分移轉,00940001
RPPNMLOKLHLGFDB67DA,宋厝段,270.00,非都市：特定農業區 ; 非都市編定：農牧用地,1,1,全筆移轉,04500000
RPPNMLOLLHLGFCB67DA,生態段,871.23,都市：其他:第一種生態住宅專用區,1,1,全筆移轉,01170000
RPQNMLOKLHLGFDB77DA,宋厝段,346.00,非都市：特定農業區 ; 非都市編定：丁種建築用地,1,1,全筆移轉,04490000
RPUNMLQKLHLGFIB88DA,大元段,17.13,都市：其他:住宅區,10000,99,持分移轉,04630000
RPTNMLNLLHLGFAB77DA,麻園頭段,8.52,都市：其他:第二種住宅區,10000,40,持分移轉,01880000
RPQNMLTJLHLGFIB68DA,舊正東段,43.07,非都市：鄉村區 ; 非都市編定：乙種建築用地,1,1,全筆移轉,04200000
RPSNMLKLLHLGFHB08DA,四德段,11.00,都市：其他:道路用地,1,1,全筆移轉,02230000
RPQNMLRLLHLGFEB28DA,松子脚段,1948.00,非都市：特定農業區 ; 非都市編定：農牧用地,1,1,全筆移轉,02460013
RPQOMLOLLHLGFAB67DA,中華段五小段,50.68,都市：其他:第二種商業區,9890,589,持分移轉,00010040
RPQOMLOLLHLGFAB67DA,中華段五小段,8.22,都市：其他:第二種商業區,9890,589,持分移轉,00020005
RPOOMLPLLHLGFAB57DA,後壠子段,14.68,都市：其他:第二種住宅區,10000,91,持分移轉,03300008
RPOOMLPLLHLGFAB57DA,後壠子段,.09,都市：其他:第二種住宅區,10000,91,持分移轉,03300103
RPOOMLPLLHLGFAB57DA,後壠子段,.11,都市：其他:第二種住宅區,10000,91,持分移轉,03300104
RPWQMLPLLHLGFDB88DA,豐陽段,53.48,都市：其他:文高用地,72,1,持分移轉,09310000
RPWQMLPLLHLGFDB88DA,豐陽段,2.11,都市：其他:文高用地,72,1,持分移轉,09320002
RPXNMLNKLHLGFFB58DA,梧棲段,6.50,都市：其他:第四種住宅區,10000,216,持分移轉,32030000
RPWQMLPLLHLGFDB88DA,豐陽段,1.65,都市：其他:文高用地,72,1,持分移轉,09320003
RPWQMLPLLHLGFDB88DA,豐陽段,.00,都市：其他:乙種工業區,72,1,持分移轉,09320004
RPWQMLPLLHLGFDB88DA,豐陽段,.10,都市：其他:文高用地,72,1,持分移轉,09320005
RPPNMLQLLHLGFAB67DA,旱溪段,26.28,都市：其他:第一種住宅區,100000,3952,持分移轉,00210057
RPTNMLOLLHLGFCB08DA,西屯段,3.22,都市：其他:第二種商業區,100000,95,持分移轉,09320000
RPSNMLNLLHLGFFB18DA,正英段,91.70,都市：其他:第二種住宅區,1,1,全筆移轉,07330000
RPPNMLTKLHLGFKB88DA,新東段,6.36,非都市：鄉村區 ; 非都市編定：乙種建築用地,10000,186,持分移轉,04480000
RPRNMLTKLHLGFKB09DA,新東段,6.36,非都市：鄉村區 ; 非都市編定：乙種建築用地,10000,186,持分移轉,04480000
RPQOMLRKLHLGFAB87DA,東勢子段,83.00,都市：其他:第二種住宅區,1,1,全筆移轉,00280397
RPQOMLRKLHLGFAB87DA,東勢子段,9.65,都市：其他:第二種住宅區,1,1,全筆移轉,00281049
RPTOMLRKLHLGFAB18DA,後壠子段,3.36,都市：其他:第二種住宅區,100000,331,持分移轉,01310002
RPOOMLQLLHLGFDB97DA,后科段,16.61,都市：其他:住宅區,1,1,全筆移轉,12880003
RPPNMLPLLHLGFBB77EA,美和段,144.99,都市：其他:第一之一種住宅區,1,1,全筆移轉,00460000
RPSNMLRJLHLGFAB87DA,東勢子段,7.68,都市：其他:第二種住宅區,4395,80,持分移轉,00340142
RPRNMLQJLHLGFEB08DA,新龜売段,614.39,非都市：特定農業區 ; 非都市編定：農牧用地,16,1,持分移轉,00690000
RPQNMLKMLHLGFGB97EA,新南段,1093.98,非都市：一般農業區 ; 非都市編定：農牧用地,1,1,全筆移轉,10070000
RPPNMLOKLHLGFFB87DA,三田段,1061.00,都市：其他:農業區,1,1,全筆移轉,02010001
RPQNMLQLLHLGFGB38DA,東勢段中嵙小段,1019.00,都市：其他:農業區,1,1,全筆移轉,02060061
RPROMLRKLHLGFAB97DA,麻園頭段,19.88,都市：其他:第二種住宅區,10000,161,持分移轉,09040000
RPRNMLTKLHLGFHB78DA,學雅段,18.22,都市：其他:第二種商業區,100000,711,持分移轉,01530000
RPQNMLOLLHLGFGB18DA,新廣興段,72.06,都市：其他:住宅區,1,1,全筆移轉,12470000
RPQNMLOLLHLGFGB18DA,新廣興段,4.53,都市：其他:住宅區,1,1,全筆移轉,12480000
RPOOMLOLLHLGFBB57DA,長安段,1.00,都市：其他:第二種住宅區,15,1,持分移轉,05030000
RPOOMLOLLHLGFBB57DA,長安段,27.71,都市：其他:第二種住宅區,10000,115,持分移轉,05070000
RPRNMLKMLHLGFGB97DA,泰昌段,21.89,都市：其他:住宅區,10000,213,持分移轉,06380000
RPRNMLKMLHLGFGB97DA,泰昌段,.27,都市：其他:農業區,10000,213,持分移轉,06380001
RPXOMLQLLHLGFDB88DA,豐原段,45.33,都市：其他:第二種商業區,27,3,持分移轉,03750004
SPXOMLQLLHLGFDB98DA,豐原段,45.33,都市：其他:第二種商業區,27,3,持分移轉,03750004
RPXTMLOLLHLGFBB98DA,北屯段,32.00,都市：其他:第二種住宅區,1,1,全筆移轉,00410189
RPUNMLQLLHLGFCB38DA,福安段,5.82,都市：其他:第三種住宅區。,5000,7,持分移轉,07890000
RPQSMLPLLHLGFCB38DA,中正段,10.52,都市：其他:第三種商業區,100000,215,持分移轉,02280000
RPQNMLPLLHLGFHB38DA,家興段,13.31,都市：其他:第一之一種住宅區,10000,38,持分移轉,05640000
RPTNMLPLLHLGFBB08DA,文正段,5.10,都市：其他:第一種商業區,10000,69,持分移轉,00270019
RPQNMLOLLHLGFFB08DA,梧棲段,6.50,都市：其他:第四種住宅區,10000,216,持分移轉,32030000
RPWNMLKMLHLGFGB48DA,中山段,17.43,都市：其他:住宅區,10000,167,持分移轉,11920000
RPRNMLNLLHLGFFB08DA,保成段,53.65,都市：其他:第二種住宅區,1,1,全筆移轉,11760000
RPQNMLQLLHLGFEB18DA,下鐵山段,30.37,非都市：鄉村區 ; 非都市編定：乙種建築用地,10000,165,持分移轉,09670000
RPPTNLNLLHLGFJB98DA,永成段,4.82,都市：其他:住宅區,10000,7,持分移轉,00590000
RPXNMLQJLHLGFAB28DA,頂橋子頭段,144.00,都市：其他:第二種住宅區,1,1,全筆移轉,05410002
RPPOMLLKLHLGFAB17DA,中華段二小段,130.00,都市：其他:第二種商業區,1,1,全筆移轉,00030017
RPPOMLLKLHLGFAB17DA,中華段二小段,37.00,都市：其他:第二種商業區,1,1,全筆移轉,00030018
RPUOMLMKLHLGFBB87DA,文正段,58.00,都市：其他:第二種商業區,1,1,全筆移轉,01090195
RPUOMLMKLHLGFBB87DA,文正段,29.58,都市：其他:第二種商業區,48,2,持分移轉,01090214
RPSNMLQKLHLGFBB97DA,東山段,60.39,都市：其他:第二種住宅區,1,1,全筆移轉,00150007
RPSNMLQKLHLGFBB97DA,東山段,17.40,都市：其他:第二種住宅區,20000,2142,持分移轉,00150010
RPSNMLQLLHLGFHB68DA,三和段,55.12,都市：其他:第二種住宅區,10000,521,持分移轉,14730000
RPUNMLPLLHLGFHB78DA,嘉豐段,5.87,都市：其他:道路用地,1,1,全筆移轉,10190002
RPWNMLPLLHLGFHB98DA,嘉豐段,3.13,都市：其他:道路用地,1,1,全筆移轉,07800001
RPVNMLPLLHLGFHB88DA,嘉豐段,2.45,都市：其他:道路用地,1,1,全筆移轉,07800002
RPUNMLNLLHLGFIB68DA,益民段,15.73,都市：其他:住宅區,20000,86,持分移轉,04350000
RPPNMLKMLHLGFCB47EA,廣昌段,4.28,都市：其他:農業區,1,1,全筆移轉,01700002
SPPNMLKMLHLGFCB57EA,廣昌段,3.58,都市：其他:農業區,1,1,全筆移轉,01700003
RPPNMLQLLHLGFBB87EA,美和段,505.19,都市：其他:第一之一種住宅區,1,1,全筆移轉,03510000
RPXNMLPLLHLGFHB09DA,嘉豐段,1.78,都市：其他:道路用地,1,1,全筆移轉,07800003
RPRNMLKMLHLGFEB77DA,南社段,65.91,非都市：特定農業區 ; 非都市編定：水利用地,1,1,全筆移轉,04830002
RPSNMLQLLHLGFIB78DA,大衛段,23.04,都市：其他:商業區,100000,315,持分移轉,05990000
RPUNMLQLLHLGFIB98DA,益民段,88.69,都市：其他:住宅區,2,1,持分移轉,03580000
RPXNMLLMLHLGFGB68DA,二櫃段,182.00,非都市：山坡地保育區 ; 非都市編定：丙種建築用地,1,1,全筆移轉,03080000
RPQNMLNLLHLGFIB28DA,立新段,19.62,非都市：鄉村區 ; 非都市編定：乙種建築用地,1,1,全筆移轉,18930000
RPRNMLKLLHLGFBB37DA,新賴厝廍二段,195.39,都市：其他:第一種商業區,1,1,全筆移轉,04910000
RPVNMLKLLHLGFJB58DA,新興段,.94,都市：其他:商業區,100000,26,持分移轉,01210000
RPPNMLOLLHLGFAB57EA,大慶段,1391.43,都市：其他:第一之一種住宅區,1,1,全筆移轉,01820000
RPQPMLQLLHLGFDB28DA,新圳段,1.39,非都市：一般農業區 ; 非都市編定：甲種建築用地,1200,6,持分移轉,02380000
RPQPMLQLLHLGFDB28DA,新圳段,34.85,非都市：一般農業區 ; 非都市編定：甲種建築用地,20000,1976,持分移轉,02500000
RPRNMLQLLHLGFBB97DA,文正段,17.82,都市：其他:第二種住宅區,10000,180,持分移轉,00870000
RPRNMLQLLHLGFBB97DA,文正段,9.09,都市：其他:第二種住宅區,10000,180,持分移轉,00890003
RPQNMLQLLHLGFBB87DA,文正段,18.12,都市：其他:第二種住宅區,10000,183,持分移轉,00870000
RPQNMLQLLHLGFBB87DA,文正段,9.24,都市：其他:第二種住宅區,10000,183,持分移轉,00890003
RPVOMLQLLHLGFDB68DA,新圳段,1.39,非都市：一般農業區 ; 非都市編定：甲種建築用地,1200,6,持分移轉,02380000
RPVOMLQLLHLGFDB68DA,新圳段,34.85,非都市：一般農業區 ; 非都市編定：甲種建築用地,10000,988,持分移轉,02500000
RPRNMLRLLHLGFKB98DA,新興段,15.74,非都市：鄉村區 ; 非都市編定：乙種建築用地,100000,2654,持分移轉,03560000
RPUPMLLKLHLGFCB97DA,大新段,8.24,都市：其他:第二種住宅區,90000,160,持分移轉,00290000
RPPNMLKMLHLGFDB47DA,光啟段,72.34,非都市：特定農業區 ; 非都市編定：水利用地,1,1,全筆移轉,03690003
RPQNMLRLLHLGFBB08EA,洲際段,141.09,都市：其他:第一之一種住宅區,1,1,全筆移轉,10340000
RPXOMLMKLHLGFCB28DA,豐功段,19.81,都市：其他:第三之一種住宅區,100000,269,持分移轉,00150000
RPPPMLQKLHLGFCB97DA,鑫港尾段,29.53,都市：其他:第一之一種住宅區,100000,980,持分移轉,02220000
RPUNMLMKLHLGFIB48DA,東湖段,10.32,都市：其他:住宅區,100000,278,持分移轉,09550000
RPOOMLNLLHLGFCB57DA,大進段,36.01,都市：其他:第二種住宅區,10000,242,持分移轉,00930000
RPPNMLLMLHLGFAB37EA,科博段,22.03,都市：其他:道路用地,1,1,全筆移轉,13230000
RPRNMLKLLHLGFCB47DA,新富段,.01,都市：其他:第一之C種住宅區,100000,1,持分移轉,02310000
RPRNMLKLLHLGFCB47DA,新富段,.04,都市：其他:第一之B種住宅區,100000,1,持分移轉,02320000
RPRNMLKLLHLGFCB47DA,新富段,25.24,都市：其他:第一之B種住宅區,100000,508,持分移轉,02710000
RPRNMLKMLHLGFBB57EA,美和段,307.71,都市：其他:第一之一種住宅區,1,1,全筆移轉,00470000
RPSNMLOLLHLGFIB58DA,北新段,12.45,都市：其他:住宅區,46,1,持分移轉,03460000
RPSNMLOLLHLGFIB58DA,北新段,41.76,都市：其他:住宅區,1,1,全筆移轉,03480000
RPVOMLQLLHLGFAB38DA,中華段三小段,.82,都市：其他:第一種商業區,20000,11,持分移轉,00020021
RPPOMLQLLHLGFCB97DA,上石碑段,8.75,都市：其他:第三之二種住宅區,10000,85,持分移轉,21060003
RPSOMLQLLHLGFCB28DA,惠義段,70.41,都市：其他:第二種住宅區,100000,3378,持分移轉,01050000
RPQOMLKMLHLGFBB47DA,水源段,14.43,都市：其他:第二種住宅區,10000,369,持分移轉,03200038
RPROMLKMLHLGFBB57DA,東山段,1.76,都市：其他:第一種商業區,100000,85,持分移轉,02210000
RPUQMLQLLHLGFBB58DA,文正段,6.24,都市：其他:第二種住宅區,10000,63,持分移轉,00870000
RPUQMLQLLHLGFBB58DA,文正段,3.18,都市：其他:第二種住宅區,10000,63,持分移轉,00890003
RPTOMLLKLHLGFBB67DA,溝背段,23.45,都市：其他:第二之一種住宅區,100000,562,持分移轉,01380000
RPUNMLOJLHLGFBB87DA,陳平段,138.00,都市：其他:住宅區,1,1,全筆移轉,29240000
RPWQMLRLLHLGFCB98DA,信安段,86.27,都市：其他:第一之一種住宅區,2160,276,持分移轉,08520003
WPPOMLRJMHLGFBB38DA,新賴厝廍五段,1.24,都市：其他:第二種住宅區,1,1,全筆移轉,11620001
XPPOMLRJMHLGFBB48DA,新賴厝廍五段,3.43,都市：其他:第二種住宅區,1,1,全筆移轉,11630000
VPPOMLRJMHLGFBB28DA,新賴厝廍五段,13.96,都市：其他:第二種住宅區,1,1,全筆移轉,11600000
SPQOMLRJMHLGFBB08DA,新賴厝廍五段,.84,都市：其他:第二種住宅區,1,1,全筆移轉,11790001
SPPOMLRJMHLGFBB97DA,新賴厝廍五段,1.89,都市：其他:第二種住宅區,1,1,全筆移轉,11560000
RPPOMLRJMHLGFBB87DA,新賴厝廍五段,18.12,都市：其他:第二種住宅區,1,1,全筆移轉,11540000
UPPOMLRJMHLGFBB18DA,新賴厝廍五段,.55,都市：其他:第二種住宅區,1,1,全筆移轉,11590000
VPQOMLRJMHLGFBB38DA,新賴厝廍五段,1.06,都市：其他:第一種商業區,1,1,全筆移轉,11850001
UPQOMLRJMHLGFBB28DA,新賴厝廍五段,.05,都市：其他:第一種商業區,1,1,全筆移轉,11830001
TPQOMLRJMHLGFBB18DA,新賴厝廍五段,.72,都市：其他:第二種住宅區,1,1,全筆移轉,11820001
RPVPMLRKLHLGFBB58DA,邱厝子段,3.64,都市：其他:第三種住宅區。,10000,67,持分移轉,00210090
RPRNMLRLLHLGFDB28DA,廣興段,25.12,都市：其他:住宅區,100000,9043,持分移轉,09020010
RPRNMLRLLHLGFDB28DA,廣興段,66.56,都市：其他:住宅區,1,1,全筆移轉,09020015
RPRNMLRLLHLGFDB28DA,廣興段,1.09,都市：其他:道路用地,10000,326,持分移轉,09040000
RPPNMLOLLHLGFEB87DA,新南埔段,37.00,非都市：特定農業區 ; 非都市編定：甲種建築用地,1,1,全筆移轉,04660004
RPPNMLOLLHLGFEB87DA,新南埔段,17.11,非都市：特定農業區 ; 非都市編定：農牧用地,1000,28,持分移轉,04670000
RPOOMLNLLHLGFFB87DA,三鹿段,17.20,都市：其他:第二種商業區,100000,561,持分移轉,01510000
RPQOMLRJMHLGFBB97DA,新賴厝廍五段,40.14,都市：其他:第二種住宅區,1,1,全筆移轉,11690000
RPPNMLKMLHLGFEB57DA,九張犁段九張犁小段,324.00,都市：其他:農業區,1,1,全筆移轉,05130016
TPPOMLRJMHLGFBB08DA,新賴厝廍五段,.43,都市：其他:第二種住宅區,1,1,全筆移轉,11580001
RPRNMLLMLHLGFFB97DA,平等段,14.07,都市：其他:第二種住宅區,1,1,全筆移轉,01040000
RPRNMLLMLHLGFFB97DA,平等段,24.31,都市：其他:第二種住宅區,1,1,全筆移轉,01050000
RPRNMLLMLHLGFFB97DA,平等段,29.22,都市：其他:第二種住宅區,1,1,全筆移轉,01060000
RPRNMLLMLHLGFFB97DA,平等段,4.28,都市：其他:第二種住宅區,1,1,全筆移轉,01070000
RPPNMLNKLHLGFGB87DA,新南段,64.53,非都市：鄉村區 ; 非都市編定：乙種建築用地,1,1,全筆移轉,08030000
RPUNMLLMLHLGFGB38DA,新金星段,13.21,都市：其他:住宅區,1,1,全筆移轉,11020004
RPUNMLKMLHLGFGB28DA,東勢段石角小段,1940.00,非都市：特定農業區 ; 非都市編定：農牧用地,1,1,全筆移轉,03110000
RPSNMLLJMHLGFGB97DA,文昌段,60.45,都市：其他:住宅區,1,1,全筆移轉,06840000
RPRNMLOLLHLGFEB08DA,幸福段,10.52,都市：其他:住宅區,39,1,持分移轉,07710000
RPWNMLLJMHLGFGB38DA,石圍墻一段,210.48,非都市：山坡地保育區 ; 非都市編定：農牧用地,1,1,全筆移轉,00470001
RPPNMLQLLHLGFEB08DA,新六分段,7.66,非都市：特定農業區 ; 非都市編定：農牧用地,1,1,全筆移轉,01730001
RPPNMLQLLHLGFEB08DA,新六分段,45.01,非都市：特定農業區 ; 非都市編定：農牧用地,1,1,全筆移轉,01810001
RPVNMLLJMHLGFGB28DA,石圍墻一段,97.54,非都市：山坡地保育區 ; 非都市編定：農牧用地,1,1,全筆移轉,00470002
RPPNMLNKLHLGFIB08DA,自立段,17.36,都市：其他:第三種住宅區。,10000,150,持分移轉,08980000
RPVNMLRJMHLGFFB78DA,中興段,58.00,都市：其他:第四種住宅區,1,1,全筆移轉,03050001
RPVNMLRJMHLGFFB78DA,中興段,13.00,都市：其他:第四種住宅區,1,1,全筆移轉,03110001
RPQNMLPLLHLGFIB48DA,長壽段,11.30,都市：其他:道路用地,20,7,持分移轉,01370000
RPQNMLPLLHLGFIB48DA,長壽段,124.87,都市：其他:道路用地,1,1,全筆移轉,01380000
RPQNMLPLLHLGFIB48DA,長壽段,1.48,都市：其他:道路用地,20,7,持分移轉,01390000
RPQNMLQLLHLGFIB58DA,溪壩段,462.12,非都市：特定農業區 ; 非都市編定：農牧用地,10,2,持分移轉,04330000
RPQNMLQLLHLGFIB58DA,溪壩段,312.82,非都市：特定農業區 ; 非都市編定：農牧用地,10,2,持分移轉,04340000
RPQOMLMKLHLGFBB47DA,碧柳段,28.19,都市：其他:第二之一種住宅區,100000,388,持分移轉,00780000
RPQNMLLMLHLGFKB38DA,慶順段,37.09,非都市：一般農業區 ; 非都市編定：甲種建築用地,4,1,持分移轉,00630000
RPRNMLLMLHLGFKB48DA,遊園南段,111.46,非都市：鄉村區 ; 非都市編定：乙種建築用地,1,1,全筆移轉,02470000
RPPNMLLJMHLGFKB08DA,慶順段,3.75,非都市：一般農業區 ; 非都市編定：農牧用地,448000,648,持分移轉,00390012
RPPNMLLJMHLGFKB08DA,慶順段,18.06,非都市：一般農業區 ; 非都市編定：甲種建築用地,8,1,持分移轉,00680000
RPQNMLLJMHLGFAB27EA,大慶段,222.61,都市：其他:第一之一種住宅區,1,1,全筆移轉,00290000
RPSNMLQLLHLGFAB97DA,下橋子頭段,15.33,都市：其他:第二種住宅區,100000,922,持分移轉,01060004
RPXNMLTKLHLGFBB78DA,北屯段,23.00,都市：其他:第二種住宅區,300,100,持分移轉,05330017
RPXNMLTKLHLGFBB78DA,北屯段,.67,都市：其他:第二種住宅區,300,100,持分移轉,05330039
RPXNMLTKLHLGFBB78DA,北屯段,2.33,都市：其他:第二種住宅區,300,100,持分移轉,05330082
RPSQMLKMLHLGFBB87DA,東光段,17.60,都市：其他:第二種住宅區,5,1,持分移轉,01650004
RPRQMLKMLHLGFBB77DA,新賴厝廍三段,32.11,都市：其他:第二種住宅區,32,1,持分移轉,06680000
RPRQMLKMLHLGFBB77DA,新賴厝廍三段,3.93,都市：其他:道路用地,32,1,持分移轉,06720000
RPTNMLLMLHLGFAB67DA,後壠子段,4.77,都市：其他:第一種商業區,10000,114,持分移轉,02240000
RPUOMLLMLHLGFAB87DA,五權段,1.39,都市：其他:第二種住宅區,1000000,441,持分移轉,07740000
RPUOMLLMLHLGFAB87DA,五權段,1.21,都市：其他:第一種商業區,1000000,441,持分移轉,07750000
RPUOMLLMLHLGFAB87DA,五權段,.01,都市：其他:廣場兼停車場用地,1000000,441,持分移轉,07750001
RPUNMLTKLHLGFCB58DA,楓樹段,38.00,都市：其他:第二之二種住宅區,1,1,全筆移轉,12120000
RPPRMLKMLHLGFCB77DA,福安段,18.50,都市：其他:第二種住宅區,1000,74,持分移轉,03260000
RPVTMLKMLHLGFCB58DA,福安段,6.21,都市：其他:第二種住宅區,10000,28,持分移轉,08040000
RPUTMLKMLHLGFCB48DA,春安段,8.00,都市：其他:第二種住宅區,1,1,全筆移轉,04630001
RPXUMLKMLHLGFCB88DA,上石碑段,2.21,都市：其他:第三之二種住宅區,1000000,626,持分移轉,13010000
RPRNMLLMLHLGFCB67DA,建功段,4.69,都市：其他:第五種住宅區,200000,115,持分移轉,00040000
SPSNMLRKLHLGFFB58DA,海濱段,4.64,都市：其他:綠地用地,70,1,持分移轉,10010000
SPSNMLRKLHLGFFB58DA,海濱段,3.01,都市：其他:綠地用地,70,1,持分移轉,10020002
RPPNMLKMLHLGFFB67DA,庄北段,18.58,都市：其他:第四種住宅區,100000,1037,持分移轉,06340000
RPSNMLRKLHLGFFB48DA,海濱段,1.79,都市：其他:第四種住宅區,70,1,持分移轉,10010001
RPSNMLRKLHLGFFB48DA,海濱段,17.73,都市：其他:第四種住宅區,70,1,持分移轉,10010002
RPSNMLRKLHLGFFB48DA,海濱段,7.16,都市：其他:第四種住宅區,70,1,持分移轉,10020000
RPSNMLRKLHLGFFB48DA,海濱段,10.49,都市：其他:第四種住宅區,70,1,持分移轉,10020003
RPSNMLRKLHLGFFB48DA,海濱段,1.26,都市：其他:第四種住宅區,70,1,持分移轉,10020008
RPSNMLRKLHLGFFB48DA,海濱段,1.24,都市：其他:第四種住宅區,70,1,持分移轉,10020009
RPSNMLRKLHLGFFB48DA,海濱段,1.23,都市：其他:第四種住宅區,70,1,持分移轉,10020010
RPSNMLRKLHLGFFB48DA,海濱段,1.23,都市：其他:第四種住宅區,70,1,持分移轉,10020011
RPSNMLRKLHLGFFB48DA,海濱段,1.21,都市：其他:第四種住宅區,70,1,持分移轉,10020012
RPSNMLRKLHLGFFB48DA,海濱段,1.21,都市：其他:第四種住宅區,70,1,持分移轉,10020013
RPSNMLRKLHLGFFB48DA,海濱段,1.20,都市：其他:第四種住宅區,70,1,持分移轉,10020014
RPSNMLRKLHLGFFB48DA,海濱段,1.19,都市：其他:第四種住宅區,70,1,持分移轉,10020015
RPSNMLRKLHLGFFB48DA,海濱段,1.17,都市：其他:第四種住宅區,70,1,持分移轉,10020016
RPSNMLRKLHLGFFB48DA,海濱段,2.16,都市：其他:第四種住宅區,70,1,持分移轉,10020017
RPRNMLKMLHLGFFB87DA,梧棲段,6.50,都市：其他:第四種住宅區,10000,216,持分移轉,32030000
RPQNMLLMLHLGFGB97DA,新金星段,28.05,都市：其他:住宅區,1,1,全筆移轉,11020003
RPRNMLKLLHLGFHB97DA,嘉仁段,33.55,都市：其他:第一之二種住宅區,10000,285,持分移轉,08780000
RPRNMLKLLHLGFHB97DA,嘉仁段,.22,都市：其他:第一之二種住宅區,14711,10,持分移轉,10320000
RPUNMLQKLHLGFCB28DA,大新段,3.90,都市：其他:第二種住宅區,1000,16,持分移轉,01810000
RPUOMLQLLHLGFAB28DA,中華段三小段,1.50,都市：其他:第一種商業區,10000,10,持分移轉,00020021
RPQOMLLMLHLGFDB77DA,墩南段,49.56,都市：其他:住宅區,1,1,全筆移轉,04880000
RPQOMLLMLHLGFDB77DA,墩南段,43.52,都市：其他:住宅區,1,1,全筆移轉,04880001
RPQOMLLMLHLGFAB47DA,土庫段,2.58,都市：其他:第二種住宅區,100000,192,持分移轉,01080001
RPQOMLLMLHLGFAB47DA,土庫段,1.74,都市：其他:第一種商業區,100000,192,持分移轉,01080003
RPUNMLKMLHLGFDB97DA,望寮段,418.50,都市：其他:第一之一種住宅區,1,1,全筆移轉,00680000
RPOOMLRKLHLGFCB87DA,豐功段,19.50,都市：其他:第二種住宅區,250,1,持分移轉,00130000
RPOOMLRKLHLGFCB87DA,豐功段,.18,都市：其他:第三之一種住宅區,40000,1,持分移轉,00150000
RPTTMLLKLHLGFBB18DA,乾溝子段,4.70,都市：其他:第二種住宅區,10000,176,持分移轉,00710036
RPPNMLLMLHLGFKB28DA,龍田段,473.20,都市：其他:第四種住宅區,10,7,持分移轉,15800001
RPSNMLLMLHLGFKB58DA,竹師段,468.57,都市：其他:保護區,1,1,全筆移轉,16560001
RPVNMLLJMHLGFKB68DA,中蔗段,79.57,非都市：鄉村區 ; 非都市編定：乙種建築用地,1,1,全筆移轉,07510000
RPPNMLLJMHLGFBB27EA,中德段,5.13,都市：其他:第三種住宅區。,1000000,1550,持分移轉,04660000
RPPNMLRJMHLGFEB18EA,安港段,87.00,非都市：鄉村區 ; 非都市編定：乙種建築用地,1,1,全筆移轉,07880000
RPQNMLLJMHLGFCB37DA,黎明段,70.00,都市：其他:第二種住宅區,1,1,全筆移轉,04900000
RPPNMLLMLHLGFHB97DA,上楓段,141.00,都市：其他:第一種住宅區,1,1,全筆移轉,12800023
RPXOMLNKLHLGFBB28DA,錦村段,5.00,都市：其他:第二種住宅區,1,1,全筆移轉,03040010
RPXOMLNKLHLGFBB28DA,錦村段,7.27,都市：其他:第二種住宅區,308,6,持分移轉,03040024
RPXOMLNKLHLGFBB28DA,錦村段,30.00,都市：其他:第一種商業區,1,1,全筆移轉,03040050
RPXOMLNKLHLGFBB28DA,錦村段,1.00,都市：其他:第一種商業區,1,1,全筆移轉,03040051
RPXOMLNKLHLGFBB28DA,錦村段,2.18,都市：其他:第一種商業區,308,6,持分移轉,03040052
RPXOMLNKLHLGFBB28DA,錦村段,30.00,都市：其他:第一種商業區,1,1,全筆移轉,03040074
RPXOMLNKLHLGFBB28DA,錦村段,1.00,都市：其他:第二種住宅區,1,1,全筆移轉,03040137
RPXOMLNKLHLGFBB28DA,錦村段,1.00,都市：其他:第一種商業區,1,1,全筆移轉,03040140
RPPNMLLJMHLGFEB47DA,孔門段,71.00,都市：其他:住宅區,1,1,全筆移轉,05850000
RPSPMLQLLHLGFCB38DA,惠國段,52.06,都市：其他:第三種新市政中心專用區,100000,1520,持分移轉,00770000
RPOOMLRKLHLGFAB67DA,麻園頭段,4.20,都市：其他:第二之一種商業區,10000,39,持分移轉,00460000
RPUNMLQLLHLGFAB18DA,下橋子頭段,.96,都市：其他:第二種住宅區,2,1,持分移轉,00250048
RPVNMLQLLHLGFAB28DA,下橋子頭段,.96,都市：其他:第二種住宅區,2,1,持分移轉,00250048
RPSOMLMJMHLGFAB57DA,藍興段,14.54,都市：其他:第一種商業區,10000,371,持分移轉,06380000
RPUNMLKMLHLGFIB48DA,吉隆段,2.50,都市：其他:河川區,40824,532,持分移轉,03560000
RPUNMLKMLHLGFIB48DA,吉隆段,5.92,都市：其他:河川區,18144,266,持分移轉,03580000
RPUNMLKMLHLGFIB48DA,吉隆段,2.39,都市：其他:河川區,18144,266,持分移轉,03590000
RPSNMLRKLHLGFBB08DA,青萍段,22.58,都市：其他:第二種住宅區,100000,1788,持分移轉,06040000
RPTNMLQLLHLGFBB18DA,中清段,9.28,都市：其他:第二種商業區,100000,332,持分移轉,00060000
RPOQMLKMLHLGFBB47DA,水源段,2.45,都市：其他:第一種商業區,10000,37,持分移轉,02880027
RPSOMLNLLHLGFCB97DA,大墩段,23.61,都市：其他:第二種住宅區,1000,43,持分移轉,03300000
RPRNMLMJMHLGFEB77DA,賢仁段,78.07,都市：其他:住宅區,1,1,全筆移轉,04540001
RPWNMLKKLHLGFFB18DA,鹿寮段,16.25,都市：其他:第四種住宅區,10000,335,持分移轉,11530014
RPWNMLKKLHLGFFB18DA,鹿寮段,2.29,都市：其他:第四種住宅區,10000,120,持分移轉,11530030
RPOOMLNKLHLGFFB77DA,梧棲段,6.50,都市：其他:第四種住宅區,10000,216,持分移轉,32030000
RPUOMLTKLHLGFFB98DA,市鎮北段,13.30,都市：其他:第四種商業區,100000,238,持分移轉,00580001
RPSNMLMJMHLGFGB08DA,新金星段,5.03,都市：其他:河川區兼供道路使用,108,45,持分移轉,01510003
RPSNMLMJMHLGFGB08DA,新金星段,.59,都市：其他:河川區兼供道路使用,324,188,持分移轉,01520002
RPXPMLLMLHLGFBB38DA,乾溝子段,36.00,都市：其他:第三種住宅區。,1,1,全筆移轉,00290030
RPSNMLTKLHLGFJB09DA,宜欣段,2.15,都市：其他:住宅區,20000,41,持分移轉,21440000
RPPNMLQLLHLGFHB38DA,上楓段,.60,都市：其他:道路用地,5,1,持分移轉,13040026
RPRNMLQLLHLGFHB58DA,上楓段,267.00,都市：其他:道路用地,1,1,全筆移轉,13370004
RPQNMLQLLHLGFHB48DA,上楓段,323.00,都市：其他:道路用地,1,1,全筆移轉,13400019
RPQNMLQLLHLGFHB48DA,上楓段,70.00,都市：其他:道路用地,1,1,全筆移轉,13410001
RPQNMLQLLHLGFHB48DA,上楓段,20.00,都市：其他:道路用地,1,1,全筆移轉,13420006
RPQNMLLMLHLGFHB08DA,四維段,17.21,都市：其他:第二種住宅區,10000,27,持分移轉,00680000
RPQNMLLMLHLGFHB08DA,雅潭段,.56,都市：其他:第二種住宅區,10000,27,持分移轉,04920000
RPUNMLSKLHLGFIB09DA,五張犁西段,191.42,非都市：特定農業區 ; 非都市編定：農牧用地,1,1,全筆移轉,00650000
RPUOMLKMLHLGFIB58DA,南勢西段,23.62,非都市：特定農業區 ; 非都市編定：甲種建築用地,1,1,全筆移轉,06650002
RPUOMLKMLHLGFIB58DA,南勢西段,8.90,非都市：特定農業區 ; 非都市編定：甲種建築用地,1,1,全筆移轉,06650003
RPXPMLLMLHLGFIB09DA,立仁段,236.81,,2,1,持分移轉,01410000
RPXPMLLMLHLGFIB09DA,立仁段,6.20,,2,1,持分移轉,01420000
RPXPMLLMLHLGFIB09DA,立仁段,55.09,,2,1,持分移轉,01440001
RPXPMLLMLHLGFIB09DA,立仁段,28.59,,2,1,持分移轉,01450000
RPXPMLLMLHLGFIB09DA,立仁段,38.77,,2,1,持分移轉,01460000
RPQNMLLJMHLGFKB18DA,忠和段,103.00,都市：其他:關連工業區,1,1,全筆移轉,27620004
RPPNMLMJMHLGFCB47EA,埔興段,72.12,都市：其他:第二之二種住宅區,8,1,持分移轉,09820000
RPPNMLLJMHLGFDB47EA,四月段,14.83,非都市：特定農業區 ; 非都市編定：甲種建築用地,556,90,持分移轉,08290000
RPPNMLLJMHLGFDB47EA,四月段,10.28,非都市：特定農業區 ; 非都市編定：甲種建築用地,556,90,持分移轉,08300000
RPPNMLLJMHLGFDB47EA,四月段,90.04,非都市：特定農業區 ; 非都市編定：甲種建築用地,1,1,全筆移轉,08310000
SPUNMLLMLHLGFHB58DA,嘉豐段,10.64,都市：其他:農業區,144,2,持分移轉,06470000
TPUNMLLMLHLGFHB68DA,嘉豐段,2.60,都市：其他:農業區,144,2,持分移轉,08080000
UPUNMLLMLHLGFHB78DA,嘉豐段,4.43,都市：其他:農業區,144,2,持分移轉,08090000
RPUNMLLMLHLGFHB48DA,嘉豐段,8.96,都市：其他:第一之二種住宅區,144,2,持分移轉,08070000
RPPOMLLMLHLGFAB37DA,頂橋子頭段,38.00,都市：其他:第三種住宅區。,2371,38,持分移轉,04370015
RPPOMLMJMHLGFAB27DA,大智段,1.17,都市：其他:第二種住宅區,4,1,持分移轉,05680000
RPPOMLMJMHLGFAB27DA,大智段,6.21,都市：其他:第二種住宅區,4,1,持分移轉,05690000
RPPOMLMJMHLGFAB27DA,大智段,16.09,都市：其他:第二種住宅區,4,1,持分移轉,05700000
RPUNMLLMLHLGFAB77DA,麻園頭段,12.36,都市：其他:第三種住宅區。,1000000,2348,持分移轉,01320000
RPOPMLTKLHLGFAB97DA,樹子腳段,11.82,都市：其他:第三種住宅區。,10000,114,持分移轉,17460000
RPOPMLTKLHLGFAB97DA,樹子腳段,.60,都市：其他:第三種住宅區。,10000,114,持分移轉,17460009
RPSOMLTKLHLGFBB38DA,平田段,82.00,都市：其他:第二種住宅區,1,1,全筆移轉,02600008
RPSOMLTKLHLGFBB38DA,平田段,26.26,都市：其他:第二種住宅區,1000,536,持分移轉,02600014
RPSOMLTKLHLGFBB38DA,平田段,.86,都市：其他:第二種住宅區,1000,36,持分移轉,02600016
RPSOMLTKLHLGFBB38DA,平田段,.86,都市：其他:第二種住宅區,1000,36,持分移轉,02600017
RPXNMLQLLHLGFCB68DA,大進段,2.89,都市：其他:第二種住宅區,10000,24,持分移轉,00090000
RPWNMLLJMHLGFIB58DA,溪南東段,245.00,非都市：特定農業區 ; 非都市編定：農牧用地,1,1,全筆移轉,13470000
RPPNMLSKLHLGFDB08DA,國豐段,76.00,都市：其他:農業區,1,1,全筆移轉,06000000
RPPNMLSKLHLGFDB08DA,國豐段,85.84,都市：其他:農業區,1,1,全筆移轉,06000001
RPUOMLQLLHLGFDB58DA,大明段,309.14,都市：其他:農業區,1,1,全筆移轉,06810000
RPPNMLSJMHLGFDB08DA,十五庄段,2.36,都市：其他:第二種住宅區,1,1,全筆移轉,00430001
RPRNMLTJMHLGFEB48DA,文曲段,13.35,都市：其他:農業區,1,1,全筆移轉,04430023
RPRNMLTJMHLGFEB48DA,文曲段,90.13,都市：其他:農業區,1,1,全筆移轉,04640000
RPTOMLTKLHLGFFB88DA,梧棲段,6.50,都市：其他:第四種住宅區,10000,216,持分移轉,32030000
RPWNMLLMLHLGFHB68DA,興華段,19.86,都市：其他:第一之二種商業區,1,1,全筆移轉,06790004
RPSOMLMJMHLGFIB38DA,新北溝段,463.83,非都市：山坡地保育區 ; 非都市編定：農牧用地,1,1,全筆移轉,01650000
RPRNMLMJMHLGFGB97DA,高簡段,86.72,都市：其他:住宅區,1,1,全筆移轉,13920024
RPPNMLRJMHLGFGB28DA,新七分段,40.82,非都市：鄉村區 ; 非都市編定：乙種建築用地,10,2,持分移轉,03560000
RPQNMLRJMHLGFGB38DA,東勢段中嵙小段,111.00,非都市：山坡地保育區 ; 非都市編定：農牧用地,1,1,全筆移轉,00560014
RPSNMLRJMHLGFGB58DA,東勢段中嵙小段,291.00,非都市：山坡地保育區 ; 非都市編定：農牧用地,1,1,全筆移轉,05550001
RPSNMLRJMHLGFGB58DA,東勢段中嵙小段,1508.00,非都市：山坡地保育區 ; 非都市編定：農牧用地,1,1,全筆移轉,08330000
RPSNMLRJMHLGFGB58DA,東勢段中嵙小段,218.00,非都市：山坡地保育區 ; 非都市編定：農牧用地,1,1,全筆移轉,08340001
RPVNMLSKLHLGFAB38DA,下橋子頭段,13.34,都市：其他:第一種商業區,100000,471,持分移轉,00170001
RPSNMLSKLHLGFAB08DA,後壠子段,14.52,都市：其他:第二種住宅區,10000,48,持分移轉,03300003
RPVNMLSKLHLGFJB66DA,育賢段,24.23,都市：其他:商業區,10000,86,持分移轉,01530000
RPPNMLOLLHLGFKB48DA,新庄段,33.83,非都市：鄉村區 ; 非都市編定：乙種建築用地,10000,81,持分移轉,02630000
RPRNMLQLLHLGFKB88DA,龍田段,72.00,都市：其他:第四種住宅區,1,1,全筆移轉,14710006
RPTNMLQLLHLGFKB09DA,三德段,94.00,都市：其他:第四種住宅區,1,1,全筆移轉,12600035
RPPNMLLJMHLGFAB17EA,大慶段,371.31,都市：其他:第一之三種住宅區,1,1,全筆移轉,02840000
RPQNMLMJMHLGFAB37EA,半平厝段,21.77,都市：其他:第二種住宅區,100000,2973,持分移轉,21300000
RPRQMLLMLHLGFBB87DA,邱厝子段,13.51,都市：其他:第二種住宅區,10000,138,持分移轉,01300002
RPRNMLMJMHLGFAB47EA,半平厝段,21.77,都市：其他:第二種住宅區,100000,2973,持分移轉,21300000
RPVNMLOLLHLGFJB98DA,興隆段,34.24,非都市：鄉村區 ; 非都市編定：乙種建築用地,100000,10025,持分移轉,02200000
RPQNMLQKLHLGFAB67DA,仁愛段七小段,2.76,都市：其他:第二種商業區,10000,17,持分移轉,00050000
RPQNMLQKLHLGFAB67DA,仁愛段七小段,.55,都市：其他:第二種商業區,10000,17,持分移轉,00050024
RPOOMLLMLHLGFAB27DA,頂橋子頭段,17.40,都市：其他:第二種住宅區,10000,75,持分移轉,01150093
RPQNMLRJMHLGFAB77DA,東勢子段,59.00,都市：其他:第二種住宅區,1,1,全筆移轉,00240193
RPOOMLMJMHLGFAB17DA,旱清段,6.08,都市：其他:第二種住宅區,200000,390,持分移轉,02460000
RPSNMLRJMHLGFAB97DA,下橋子頭段,3.91,都市：其他:第一種商業區,1000000,1487,持分移轉,01340004
RPSNMLRJMHLGFAB97DA,下橋子頭段,3.21,都市：其他:第二種住宅區,1000000,1487,持分移轉,01360013
RPXNMLPLLHLGFBB48DA,邱厝子段,16.35,都市：其他:第二種住宅區,10000,167,持分移轉,01300002
RPVOMLPLLHLGFBB38DA,東山段,14.83,都市：其他:第三種住宅區。,10000,55,持分移轉,00450000
RPTOMLLMLHLGFBB87DA,洲際段,433.44,都市：其他:第一之一種住宅區,1,1,全筆移轉,00200000
RPSPMLQLLHLGFBB28DA,錦村段,3.68,都市：其他:第二種住宅區,300000,153,持分移轉,00610000
RPQOMLQKLHLGFBB87DA,錦村段,66.00,都市：其他:第二種住宅區,1,1,全筆移轉,00780042
RPQOMLQKLHLGFBB87DA,錦村段,2.00,都市：其他:第二種住宅區,1,1,全筆移轉,00780044
RPQOMLNLLHLGFAB57DA,後壠子段,30.55,都市：其他:第二之一種商業區,100000,420,持分移轉,02390000
RPQOMLQKLHLGFBB87DA,錦村段,.45,都市：其他:第二種住宅區,22,1,持分移轉,00780055
RPSNMLQKLHLGFDB18DA,翁明段,16.42,都市：其他:第三種住宅區。,10000,49,持分移轉,02220000
RPVNMLPLLHLGFDB48DA,后豐段,39.64,都市：其他:住宅區,82220,22757,持分移轉,06420000
RPUNMLTKLHLGFHB09DA,甘潭段,35.88,都市：其他:第一之二種住宅區,1000,175,持分移轉,05460000
RPWNMLPLLHLGFDB58DA,后豐段,1.76,都市：其他:道路用地,3,1,持分移轉,07460000
RPPNMLRLLHLGFJB68DA,東平段,60.83,,4,1,持分移轉,00040000
SPVNMLPLLHLGFDB58DA,后豐段,269.12,都市：其他:住宅區,82220,22757,持分移轉,06460000
RPXNMLPLLHLGFDB68DA,后豐段,1.76,都市：其他:道路用地,3,1,持分移轉,07460000
RPQOMLPLLHLGFDB08DA,后豐段,11.73,都市：其他:道路用地,1,1,全筆移轉,07700000
RPQOMLPLLHLGFDB08DA,后豐段,1.47,都市：其他:道路用地,1,1,全筆移轉,07740000
RPPOMLPLLHLGFDB97DA,后豐段,9.04,都市：其他:道路用地,1,1,全筆移轉,07590000
RPROMLPLLHLGFDB18DA,后豐段,14.11,都市：其他:道路用地,1,1,全筆移轉,07840000
RPTOMLPLLHLGFDB38DA,后豐段,17.44,都市：其他:道路用地,1,1,全筆移轉,07960000
RPSOMLPLLHLGFDB28DA,后豐段,4.36,都市：其他:道路用地,1,1,全筆移轉,07890000
RPSOMLPLLHLGFDB28DA,后豐段,9.49,都市：其他:道路用地,1,1,全筆移轉,07960001
RPVPMLPLLHLGFDB68DA,后豐段,.86,都市：其他:道路用地,1,1,全筆移轉,07290000
RPVPMLPLLHLGFDB68DA,后豐段,5.01,都市：其他:道路用地,1,1,全筆移轉,07300000
RPSNMLKMLHLGFDB77DA,圳寮段,12.40,非都市：山坡地保育區 ; 非都市編定：農牧用地,120000,312,持分移轉,03850000
RPWPMLPLLHLGFDB78DA,后豐段,.44,都市：其他:道路用地,1,1,全筆移轉,07730000
RPWPMLPLLHLGFDB78DA,后豐段,3.88,都市：其他:道路用地,1,1,全筆移轉,07820000
RPRNMLRJMHLGFDB18DA,陽明段,4.93,都市：其他:第三種住宅區。,10000,436,持分移轉,05420000
RPRNMLRJMHLGFDB18DA,陽明段,4.92,都市：其他:第三種住宅區。,10000,436,持分移轉,05430000
RPSNMLLJMHLGFEB77DA,岷山段,11.50,都市：其他:住宅區,2,1,持分移轉,02760000
RPSNMLLJMHLGFEB77DA,岷山段,15.00,都市：其他:住宅區,2,1,持分移轉,02940000
RPSNMLLJMHLGFEB77DA,岷山段,56.00,都市：其他:住宅區,2,1,持分移轉,02950000
RPTNMLLJMHLGFEB87DA,幼獅段,82.00,非都市：工業區 ; 非都市編定：丁種建築用地,1,1,全筆移轉,07100001
RPPNMLTJMHLGFEB28DA,文曲段,13.72,都市：其他:農業區,1,1,全筆移轉,04430025
RPPNMLTJMHLGFEB28DA,文曲段,92.42,都市：其他:農業區,1,1,全筆移轉,04650000
RPROMLQKLHLGFFB38DA,市鎮南段,9.42,都市：其他:第四種商業區,100000,42,持分移轉,00970000
RPOOMLRKLHLGFFB18DA,梧棲段,24.27,都市：其他:第四種住宅區,10000,512,持分移轉,33930000
RPQNMLSJMHLGFFB38DA,梧棲段,12.92,都市：其他:第三種商業區,10000,65,持分移轉,29210000
RPWNMLTJMHLGFFB09DA,民權段,1873.00,都市：其他:農業區,1,1,全筆移轉,00060001
RPPOMLTJMHLGFFB48DA,正義段,320.43,都市：其他:第二種住宅區,48,4,持分移轉,04280000
RPPOMLTJMHLGFFB48DA,正義段,2.39,都市：其他:道路用地,48,4,持分移轉,04330000
RPPOMLTJMHLGFFB48DA,正義段,125.70,都市：其他:保護區,48,4,持分移轉,04770000
RPPOMLTJMHLGFFB48DA,榜文段,60.35,都市：其他:第二種住宅區,48,4,持分移轉,12410000
RPPOMLTJMHLGFFB48DA,榜文段,31.40,都市：其他:第二種住宅區,48,4,持分移轉,12420000
RPPNMLRJMHLGFBB87EA,中興段,22.65,都市：其他:第三種住宅區。,10000,67,持分移轉,05300000
RPPNMLSKLHLGFBB87DA,文正段,5.94,都市：其他:第二種住宅區,10000,60,持分移轉,00870000
RPPNMLSKLHLGFBB87DA,文正段,3.03,都市：其他:第二種住宅區,10000,60,持分移轉,00890003
RPPOMLRLLHLGFAB87DA,東勢子段,15.20,都市：其他:第三種住宅區。,10000,106,持分移轉,00910002
RPPOMLRLLHLGFAB87DA,東勢子段,5.89,都市：其他:第二種住宅區,10000,106,持分移轉,00910018
RPPNMLSJMHLGFAB77DA,麻園頭段,5.06,都市：其他:第二種住宅區,10000,41,持分移轉,09040000
RPQNMLTJMHLGFGB58DA,仙師段,71.03,都市：其他:住宅區,1,1,全筆移轉,03570000
RPPNMLTJMHLGFGB48DA,新金星段,37.75,都市：其他:農業區,1,1,全筆移轉,09430001
RPPNMLTJMHLGFGB48DA,新金星段,231.97,都市：其他:農業區,1,1,全筆移轉,09430002
RPPNMLTJMHLGFGB48DA,新金星段,123.60,都市：其他:農業區,1,1,全筆移轉,10460000
RPPNMLTJMHLGFGB48DA,新金星段,273.85,都市：其他:農業區,1,1,全筆移轉,10470000
RPUNMLMJMHLGFIB48DA,新高鐵段,12.40,都市：其他:商業區,100000,49,持分移轉,00890000
RPSNMLPLLHLGFHB58DA,東寶二段,80.96,都市：其他:第一之一種住宅區,1,1,全筆移轉,05150000
RPTNMLPJLHLGFIB58DA,中興段,27.50,都市：其他:住宅區,100000,1241,持分移轉,01170000
RPROMLKLLHLGFBB47DA,錦村段,2.53,都市：其他:第一種商業區,100000,405,持分移轉,02930015
RPROMLKLLHLGFBB47DA,錦村段,1.46,都市：其他:第二種住宅區,100000,405,持分移轉,02970000
RPROMLKLLHLGFBB47DA,錦村段,.04,都市：其他:第一種商業區,100000,405,持分移轉,02970055
RPROMLKLLHLGFBB47DA,錦村段,4.79,都市：其他:甲種住宅區,100000,405,持分移轉,04140000
RPPNMLPLLHLGFKB58DA,東海段,27.44,都市：其他:第一之二種住宅區,100000,873,持分移轉,06940007
RPPNMLPLLHLGFKB58DA,東海段,4.42,都市：其他:第一之一種住宅區,100000,873,持分移轉,06970000
RPQNMLKMLHLGFKB28DA,龍田段,305.84,都市：其他:道路用地,2980,2940,持分移轉,15790001
RPQNMLLKLHLGFDB47DA,南村段,3.40,都市：其他:第二種商業區,100000,248,持分移轉,05990000
RPVNMLOLLHLGFCB28DA,西屯段,18.43,都市：其他:第二種住宅區,10000,110,持分移轉,22620000
RPQNMLLKLHLGFDB47DA,南村段,.42,都市：其他:第三種住宅區。,100000,248,持分移轉,05990001
RPQOMLOLLHLGFBB77DA,東信段,16.73,都市：其他:第五種住宅區,100000,677,持分移轉,00900000
RPQNMLRJMHLGFBB97EA,環中段,504.45,都市：其他:第一之一種住宅區,1,1,全筆移轉,00250000
RPSRMLPLLHLGFCB48DA,順和段,19.50,都市：其他:第二種住宅區,32000,590,持分移轉,01910000
RPPNMLSJMHLGFBB97EA,東山段,22.94,都市：其他:第二種住宅區,78330,6558,持分移轉,03930000
RPTNMLTJLHLGFJB09DA,信平段,43.00,都市：其他:住宅區,1,1,全筆移轉,08450000
RPPNMLRJMHLGFAB67DA,仁愛段三小段,20.88,都市：其他:第一種商業區,100000,912,持分移轉,00160000
RPPNMLQJMHLGFHB28DA,中興段,81.52,都市：其他:第一之一種住宅區,1,1,全筆移轉,01340000
RPOPMLPLLHLGFBB77DA,文北段,16.41,都市：其他:第二之一種住宅區,100000,618,持分移轉,01780000
RPROMLKMLHLGFEB87DA,太白段,66.20,非都市：特定農業區 ; 非都市編定：農牧用地,25000,662,持分移轉,06200002
RPROMLKMLHLGFEB87DA,太白段,99.30,非都市：特定農業區 ; 非都市編定：農牧用地,27768,993,持分移轉,06200003
RPSNMLQLLHLGFFB48DA,梧棲段,1.73,都市：其他:第四種住宅區,10000,31,持分移轉,31450000
RPSNMLQLLHLGFFB48DA,梧棲段,1.11,都市：其他:第四種住宅區,10000,31,持分移轉,31450003
RPSNMLQLLHLGFFB48DA,梧棲段,31.60,都市：其他:第四種住宅區,20,1,持分移轉,31450005
RPSNMLQLLHLGFFB48DA,梧棲段,4.58,都市：其他:第四種住宅區,10000,31,持分移轉,31460000
RPSNMLQLLHLGFFB48DA,梧棲段,2.72,都市：其他:第四種住宅區,10000,31,持分移轉,31550000
RPSNMLQLLHLGFFB48DA,梧棲段,.42,都市：其他:第四種住宅區,10000,31,持分移轉,31550005
RPSNMLQLLHLGFFB48DA,梧棲段,2.27,都市：其他:第四種住宅區,10000,31,持分移轉,31560000
RPSNMLQLLHLGFFB48DA,梧棲段,.09,都市：其他:第四種住宅區,200000,31,持分移轉,31560003
RPVNMLLKLHLGFHB38DA,頭家段,19.17,都市：其他:第一之一種住宅區,10000,38,持分移轉,10840000
RPWNMLTJMHLGFBB68DA,東山段,16.92,都市：其他:第三種住宅區。,10000,145,持分移轉,00610000
RPPNMLSJMHLGFIB58DA,公教段,98.74,非都市：鄉村區 ; 非都市編定：乙種建築用地,1,1,全筆移轉,05610000
RPSNMLNKLHLGFHB28DA,頭張段,58.31,都市：其他:第一之一種住宅區,1,1,全筆移轉,01240000
RPQNMLQKLHLGFJB58DA,育賢段,21.87,都市：其他:住宅區,10000,59,持分移轉,02020004
RPQNMLKMLHLGFJB18DA,仁平段,12.04,都市：其他:商業區,10000,85,持分移轉,05200000
RPVOMLRLLHLGFBB58DA,軍福段,8.92,都市：其他:第二種商業區,200000,1546,持分移轉,01390000
RPPNMLSJMHLGFKB78DA,東園段,91.35,非都市：鄉村區 ; 非都市編定：乙種建築用地,18,5,持分移轉,07510000
RPQNMLSJMHLGFKB88DA,新東段,4.77,非都市：鄉村區 ; 非都市編定：乙種建築用地,18,1,持分移轉,05820000
RPPNMLSJMHLGFCB08EA,上石碑段,6.44,都市：其他:第三之二種住宅區,100000,237,持分移轉,16570000
RPQNMLQKLHLGFDB97DA,萬年段,28.71,都市：其他:第一之二種住宅區,1000000,7119,持分移轉,00750000
RPVNMLTKLHLGFDB78DA,前寮段,33.67,都市：其他:農業區,72,4,持分移轉,08840000
RPVNMLTKLHLGFDB78DA,前寮段,21.69,都市：其他:農業區,72,8,持分移轉,08850000
RPOQMLPLLHLGFDB08DA,后豐段,4.40,都市：其他:道路用地,77760,1440,持分移轉,08750000
RPPQMLPLLHLGFDB18DA,后豐段,1.47,都市：其他:道路用地,77760,480,持分移轉,08750000
RPQQMLPLLHLGFDB28DA,后豐段,14.84,都市：其他:道路用地,77760,4860,持分移轉,08750000
RPXPMLPLLHLGFDB88DA,后豐段,6.60,都市：其他:道路用地,77760,2160,持分移轉,08750000
RPUNMLMJMHLGFDB97DA,豐工段,454.75,非都市：特定農業區 ; 非都市編定：水利用地,1,1,全筆移轉,06880001
RPOQMLSJMHLGFBB08DA,陳平段,6.00,都市：其他:第二種住宅區,1,1,全筆移轉,00980018
RPOQMLSJMHLGFBB08DA,陳平段,45.00,都市：其他:第二種住宅區,1,1,全筆移轉,00990012
RPOQMLSJMHLGFBB08DA,陳平段,31.00,都市：其他:第二種住宅區,1,1,全筆移轉,01180032
RPQQNLNJLHLGFBB77DA,平田段,6.76,都市：其他:第二種住宅區,100000,68,持分移轉,02440000
SPUNMLMJMHLGFDB08DA,豐工段,176.63,非都市：特定農業區 ; 非都市編定：農牧用地,1,1,全筆移轉,06970001
RPUNMLSJMHLGFDB58DA,豐南段,366.26,都市：其他:第二種住宅區,1,1,全筆移轉,05650000
RPUNMLKMLHLGFFB18DA,六福段,85.18,都市：其他:第二種住宅區,1,1,全筆移轉,18840000
RPUNMLKMLHLGFFB18DA,六福段,22.50,都市：其他:第二種住宅區,416,46,持分移轉,18850000
RPTNMLKLLHLGFFB97DA,市鎮南段,6.01,都市：其他:第四種商業區,10000,12,持分移轉,00740000
RPQNMLKMLHLGFHB97DA,家興段,63.28,都市：其他:第一之一種住宅區,1,1,全筆移轉,05110000
RPQNMLKMLHLGFHB97DA,家興段,1.70,都市：其他:第一之一種住宅區,1,1,全筆移轉,05170006
RPRNMLTJMHLGFHB78DA,秀雅段,67.03,都市：其他:第二種住宅區,1,1,全筆移轉,07270000
RPPNMLSJMHLGFHB48DA,四德段,10.61,都市：其他:第二種住宅區,10000,101,持分移轉,01390000
RPPNMLSJMHLGFHB48DA,四德段,3.04,都市：其他:第二種住宅區,10000,101,持分移轉,01400000
RPPNMLSJMHLGFHB48DA,四德段,7.92,都市：其他:第二種住宅區,10000,101,持分移轉,01410002
RPPNMLSJMHLGFHB48DA,四德段,2.91,都市：其他:第二種住宅區,10000,101,持分移轉,01420002
RPPNMLSJMHLGFHB48DA,四德段,2.22,都市：其他:第二種住宅區,10000,101,持分移轉,01510000
RPSNMLSJMHLGFGB68DA,新盛段,62.60,都市：其他:住宅區,1,1,全筆移轉,09210000
RPTOMLTJMHLGFIB56DA,瑞城段,55.33,非都市：鄉村區 ; 非都市編定：乙種建築用地,3,1,持分移轉,10020000
RPPNMLTJMHLGFBB08EA,洲際段,1063.59,都市：其他:第一之一種住宅區,1,1,全筆移轉,00190000
RPPNMLRJMHLGFKB68DA,龍津段,117.00,都市：其他:關連工業區,100,15,持分移轉,07180000
RPQOMLRJMHLGFAB87DA,自由段四小段,7.02,都市：其他:第一種商業區,100000,532,持分移轉,00010000
RPQOMLRJMHLGFAB87DA,自由段四小段,.10,都市：其他:第一種商業區,100000,532,持分移轉,00010027
RPQOMLRJMHLGFAB87DA,重慶段四小段,1.45,都市：其他:第一種商業區,100000,532,持分移轉,00550000
RPXPMLRJMHLGFBB78DA,景東段,15.06,都市：其他:第三種住宅區。,10000,393,持分移轉,01630000
RPOSMLPLLHLGFCB18DA,龍富段,45.61,都市：其他:第一之C種住宅區,100000,1322,持分移轉,01570000
RPPNMLTJMHLGFJB88EA,愛平段,10.00,都市：其他:第一種住宅區,1,1,全筆移轉,08460001
RPRNMLSJMHLGFJB88DA,聖和段,31.12,非都市：鄉村區 ; 非都市編定：乙種建築用地,1,1,全筆移轉,06650001
RPTRMLKLLHLGFCB08DA,惠信段,13.51,都市：其他:第五種住宅區,100000,479,持分移轉,00950000
RPOPMLMJMHLGFBB37DA,北屯段,29.50,都市：其他:第二種住宅區,10,1,持分移轉,05580001
RPXOMLMJMHLGFBB18DA,長安段,3.00,都市：其他:第三種住宅區。,100000,1026,持分移轉,00610000
RPXOMLMJMHLGFBB18DA,長安段,33.80,都市：其他:第二種住宅區,100000,1026,持分移轉,00780000
RPRTMLRLLHLGFCB78DA,保安段,18.05,都市：其他:第二種住宅區,100000,1197,持分移轉,10510000
RPPNMLMJMHLGFCB37DA,西屯段,3.22,都市：其他:第二種商業區,100000,95,持分移轉,09320000
RPTNMLSJMHLGFIB98DA,北新段,18.43,都市：其他:住宅區,10000,29,持分移轉,10540000
RPWNMLSJMHLGFAB48DA,平和段,2.60,都市：其他:第一種商業區,10000,7,持分移轉,00500000
RPOQMLSJLHLGFCB08DA,國安段,16.13,都市：其他:第六種住宅區,10000,53,持分移轉,00120014
RPSNMLKMLHLGFAB47DA,建國段五小段,1.94,都市：其他:第二種商業區,10000,32,持分移轉,00290000
RPTOMLTJMHLGFCB58DA,信安段,18.75,都市：其他:第一之一種住宅區,2160,60,持分移轉,08520003
RPUOMLPLLHLGFDB48DA,后豐段,13.53,都市：其他:住宅區,17435520,365330,持分移轉,05430000
RPRNMLKKLHLGFBB27DA,水湳段,67.66,都市：其他:第三之二種住宅區,200000,13794,持分移轉,13320000
RPWOMLPLLHLGFDB68DA,后豐段,13.53,都市：其他:住宅區,17435520,365330,持分移轉,05430000
RPVOMLPLLHLGFDB58DA,后豐段,13.53,都市：其他:住宅區,17435520,365330,持分移轉,05430000
RPPTMLKKMHLGFBB77DA,平田段,67.00,都市：其他:第二種住宅區,1,1,全筆移轉,07610000
RPOPMLPLLHLGFDB97DA,后豐段,13.53,都市：其他:住宅區,17435520,365330,持分移轉,05430000
RPPPMLPLLHLGFDB08DA,后豐段,6.77,都市：其他:住宅區,17435520,182665,持分移轉,05430000
RPTNMLKKMHLGFAB47DA,旱溪段,18.42,都市：其他:第一種住宅區,10000,95,持分移轉,00210005
RPRQMLPLLHLGFDB38DA,后豐段,14.84,都市：其他:住宅區,77760,4860,持分移轉,08750000
RPSQMLPLLHLGFDB48DA,后豐段,11.87,都市：其他:住宅區,77760,3888,持分移轉,08750000
RPTQMLPLLHLGFDB58DA,后豐段,4.40,都市：其他:住宅區,77760,1440,持分移轉,08750000
RPPSMLLKLHLGFCB77DA,田心段,29.81,都市：其他:第二種住宅區,1000,14,持分移轉,08280000
RPPSMLLKLHLGFCB77DA,田心段,.10,都市：其他:第二種住宅區,1000,14,持分移轉,08280024
RPUQMLPLLHLGFDB68DA,后豐段,6.60,都市：其他:住宅區,77760,2160,持分移轉,08750000
RPVQMLPLLHLGFDB78DA,后豐段,13.19,都市：其他:住宅區,77760,4320,持分移轉,08750000
RPPNMLLJMHLGFDB37DA,六張段,.60,非都市：特定農業區 ; 非都市編定：水利用地,24,1,持分移轉,01540005
RPPNMLLJMHLGFDB37DA,六張段,27.01,非都市：特定農業區 ; 非都市編定：甲種建築用地,24,1,持分移轉,02400000
RPPNMLLJMHLGFDB37DA,六張段,51.70,非都市：特定農業區 ; 非都市編定：甲種建築用地,1,1,全筆移轉,02400025
RPPNMLLJMHLGFDB37DA,六張段,5.48,非都市：特定農業區 ; 非都市編定：甲種建築用地,1,1,全筆移轉,02400029
RPPNMLLJMHLGFDB37DA,六張段,.75,非都市：特定農業區 ; 非都市編定：甲種建築用地,24,1,持分移轉,02400031
RPWNMLKKMHLGFDB08DA,仁愛段,63.34,都市：其他:住宅區(再發展區),1,1,全筆移轉,04420000
RPQOMLTJMHLGFFB58DA,忠孝段,90.00,都市：其他:第四種住宅區,1,1,全筆移轉,00810004
RPPNMLTJMHLGFFB38DA,美仁段,6.38,都市：其他:第三種商業區,1,1,全筆移轉,01010000
RPUNMLKKMHLGFFB08DA,朝后段,284.80,都市：其他:農業區,14,2,持分移轉,01590000
RPRNMLNKMHLGFFB08DA,南簡段,164.00,都市：其他:第四種住宅區,1,1,全筆移轉,08540008
RPQNMLNKMHLGFFB97DA,梧棲段,98.30,都市：其他:第四種住宅區,10,1,持分移轉,01070000
RPQNMLNKMHLGFFB97DA,梧棲段,29.50,都市：其他:第四種住宅區,2,1,持分移轉,01070005
RPQNMLNKMHLGFFB97DA,梧棲段,69.60,都市：其他:第五種住宅區,10,1,持分移轉,01960000
RPTNNLOLLHLGFBB08DA,平田段,7.90,都市：其他:第三種住宅區。,100000,672,持分移轉,00100000
RPTNNLOLLHLGFBB08DA,平田段,9.50,都市：其他:第二種住宅區,100000,672,持分移轉,00110000
RPUPMLLMLHLGFCB18DA,上石碑段,6.34,都市：其他:第三之二種住宅區,10000,34,持分移轉,26610003
RPTNMLTJMHLGFGB88DA,水底寮段上水底寮小段,92.12,非都市：山坡地保育區 ; 非都市編定：丙種建築用地,16,2,持分移轉,03340000
RPVOMLKLLHLGFBB87DA,文正段,7.40,都市：其他:第二種住宅區,20000,110,持分移轉,00840017
RPRNMLKKMHLGFGB87DA,高簡段,45.37,都市：其他:住宅區,1,1,全筆移轉,00910001
RPVOMLKLLHLGFBB87DA,水源段,1.32,都市：其他:第二種住宅區,20000,110,持分移轉,03440001
RPUNMLKLLHLGFHB28DA,寶雅段,22.95,非都市：特定農業區 ; 非都市編定：甲種建築用地,10,1,持分移轉,01810000
RPUNMLKLLHLGFHB28DA,寶雅段,76.28,非都市：特定農業區 ; 非都市編定：甲種建築用地,1,1,全筆移轉,01830000
RPSNMLKKMHLGFGB97DA,東勢段中嵙小段,2603.00,非都市：山坡地保育區 ; 非都市編定：農牧用地,1,1,全筆移轉,11720045
RPPNMLRKLHLGFCB87DA,永富段,39.61,都市：其他:第一之B種住宅區,1000000,18577,持分移轉,03300000
RPVQMLKMLHLGFIB88DA,吉隆段,3.12,都市：其他:住宅區,1,1,全筆移轉,10600000
RPVQMLKMLHLGFIB88DA,吉隆段,84.87,都市：其他:住宅區,1,1,全筆移轉,10610000
RPQNMLKKMHLGFIB97DA,長春段,69.44,都市：其他:住宅區,1,1,全筆移轉,02150000
RPXOMLPLLHLGFDB78DA,后豐段,13.53,都市：其他:住宅區,17435520,365330,持分移轉,05430000
RPQNMLRLLHLGFKB88DA,山陽段,.46,都市：其他:住宅區,168,14,持分移轉,03390000
RPQNMLRLLHLGFKB88DA,山陽段,60.51,都市：其他:住宅區,1,1,全筆移轉,03400000
RPSNMLNKMHLGFFB18DA,新站段,81.06,都市：其他:第四種住宅區,2,1,持分移轉,01180000
RPQOMLMKLHLGFAB37DA,下橋子頭段,16.57,都市：其他:第一種商業區,30000,246,持分移轉,01130001
RPQOMLMKLHLGFAB37DA,下橋子頭段,5.41,都市：其他:第二種住宅區,30000,246,持分移轉,01130016
RPQOMLMKLHLGFAB37DA,下橋子頭段,.11,都市：其他:第一種商業區,30000,246,持分移轉,01130018
RPPNMLNKMHLGFDB77EA,民富段,20.35,都市：其他:住宅區,10,1,持分移轉,14340000
RPPNMLNKMHLGFDB77EA,民富段,61.23,都市：其他:住宅區,1,1,全筆移轉,14340012
RPPNMLNKMHLGFDB77EA,民富段,.64,都市：其他:道路用地,10,1,持分移轉,14360000
RPPNMLTJMHLGFFB48EA,民權段,50.00,都市：其他:關連工業區,12,1,持分移轉,06350000
RPSOMLSJMHLGFBB28DA,大湖段,102.77,都市：其他:特一種住宅區,1,1,全筆移轉,01450003
RPSOMLSJMHLGFBB28DA,大湖段,750.14,都市：其他:特一種住宅區,1,1,全筆移轉,02100000
RPSOMLSJMHLGFBB28DA,大湖段,32.58,都市：其他:特一種住宅區,1,1,全筆移轉,02790013
RPWNMLLMLHLGFAB97DA,練武段,13.62,都市：其他:第四之二種商業區,100000,549,持分移轉,10550000
RPWOMLMJMHLGFAB97DA,下橋子頭段,22.04,都市：其他:第二種住宅區,10000,88,持分移轉,01630011
RPUNMLRJMHLGFAB18DA,藍興段,5.09,都市：其他:第一種商業區,10000,130,持分移轉,06380000
RPPNMLQJMHLGFAB57DA,頂橋子頭段,28.70,都市：其他:第三種住宅區。,1000,92,持分移轉,02560007
RPPPMLNKMHLGFAB57DA,後壠子段,10.00,都市：其他:第一種商業區,1,1,全筆移轉,01140030
RPPPMLNKMHLGFAB57DA,後壠子段,1.00,都市：其他:第一種商業區,1,1,全筆移轉,01140095
RPPPMLNKMHLGFAB57DA,後壠子段,1.00,都市：其他:第一種商業區,1,1,全筆移轉,01140102
RPQPMLPLLHLGFCB08DA,惠民段,9.37,都市：其他:第一種新市政中心專用區,100000,461,持分移轉,00840000
RPUNMLMKLHLGFDB97DA,大富段,51.34,都市：其他:乙種工業區,3,1,持分移轉,10320000
RPTNMLRLLHLGFBB28DA,碧柳段,20.71,都市：其他:第二之一種住宅區,100000,285,持分移轉,00780000
RPOPMLRKLHLGFBB87DA,東新段,4.01,都市：其他:第二種住宅區,50000,99,持分移轉,01530000
RPRNMLKKMHLGFAB27DA,正義段九小段,19.00,都市：其他:道路用地,1,1,全筆移轉,00100003
RPXNMLLJMHLGFBB97DA,北屯段,80.00,都市：其他:第二種商業區,1,1,全筆移轉,04050096
RPRPMLSJMHLGFBB28DA,崇德段,16.41,都市：其他:第三種住宅區。,100,27,持分移轉,01870004
RPRPMLSJMHLGFBB28DA,崇德段,6.36,都市：其他:第三種住宅區。,1300,27,持分移轉,01870013
RPXQMLKLLHLGFCB38DA,台安段,2084.24,都市：其他:農業區,1,1,全筆移轉,07880000
RPUNMLNKMHLGFIB68DA,大圳頭段,52.84,非都市：特定農業區 ; 非都市編定：甲種建築用地,4,1,持分移轉,03330000
RPTOMLTJMHLGFAB38DA,泉源段,14.12,都市：其他:第三之一種商業區,200000,240,持分移轉,00150000
RPRPMLQLLHLGFCB28DA,大新段,14.70,都市：其他:第二種住宅區,10000,40,持分移轉,04130000
RPPOMLLMLHLGFEB77DA,安地段,420.00,非都市：特定農業區 ; 非都市編定：農牧用地,1,1,全筆移轉,05110001
RPWOMLTJMHLGFCB88DA,建功段,10.94,都市：其他:第五種住宅區,100000,134,持分移轉,00040000
RPRPMLPLLHLGFDB28DA,后豐段,13.53,都市：其他:住宅區,17435520,365330,持分移轉,05430000
RPSPMLPLLHLGFDB38DA,后豐段,13.53,都市：其他:住宅區,17435520,365330,持分移轉,05430000
RPQPMLPLLHLGFDB18DA,后豐段,6.77,都市：其他:住宅區,17435520,182665,持分移轉,05430000
RPUPMLPLLHLGFDB58DA,后豐段,13.53,都市：其他:住宅區,17435520,365330,持分移轉,05430000
RPTPMLPLLHLGFDB48DA,后豐段,13.53,都市：其他:住宅區,17435520,365330,持分移轉,05430000
RPPNMLNKMHLGFDB67DA,大豐段,420.49,都市：其他:乙種工業區,1,1,全筆移轉,08770000
RPTNMLNKMHLGFDB08DA,望寮段,.54,都市：其他:乙種工業區,184800,60,持分移轉,03990000
RPTNMLNKMHLGFDB08DA,望寮段,1.34,都市：其他:乙種工業區,184800,60,持分移轉,04010000
RPQNMLMJMHLGFEB67DA,頂庄段,8.37,都市：其他:住宅區,1,1,全筆移轉,02520000
RPQNMLMJMHLGFEB67DA,頂庄段,121.68,都市：其他:住宅區,1,1,全筆移轉,02520003
RPXOMLKKMHLGFIB78DA,北新段,84.62,都市：其他:住宅區,1,1,全筆移轉,01540000
RPXOMLKKMHLGFIB78DA,北新段,13.05,都市：其他:住宅區,1,1,全筆移轉,01550000
RPXOMLKKMHLGFIB78DA,北新段,237.40,都市：其他:住宅區,1,1,全筆移轉,01560000
RPPNMLKKMHLGFBB27EA,洲際段,400.00,都市：其他:第一之一種住宅區,1,1,全筆移轉,09110000
RPOOMLRLLHLGFFB28DA,市鎮北段,18.74,都市：其他:第四種商業區,100000,176,持分移轉,02980000
RPPNMLPLLHLGFGB18DA,石圍墻二段,777.91,非都市：山坡地保育區 ; 非都市編定：農牧用地,1,1,全筆移轉,07350000
RPRNMLLMLHLGFGB08DA,神木段,2.42,非都市：一般農業區 ; 非都市編定：農牧用地,7200,10,持分移轉,02290000
RPRNMLLMLHLGFGB08DA,神木段,1.38,非都市：一般農業區 ; 非都市編定：農牧用地,7200,10,持分移轉,02310000
RPPNMLKMLHLGFBB27DA,邱厝子段,3.30,都市：其他:第二種住宅區,10000,22,持分移轉,00270008
RPPNMLKMLHLGFBB27DA,新賴厝廍三段,.14,都市：其他:第二種住宅區,10000,22,持分移轉,01200000
RPWNMLRLLHLGFBB58DA,邱厝子段,3.45,都市：其他:第二種住宅區,10000,23,持分移轉,00270008
RPWNMLRLLHLGFBB58DA,新賴厝廍三段,.14,都市：其他:第二種住宅區,10000,23,持分移轉,01200000
RPVNMLLMLHLGFGB48DA,大南段大南小段,1.25,非都市：鄉村區 ; 非都市編定：乙種建築用地,720,1,持分移轉,01290000
RPVNMLLMLHLGFGB48DA,大南段大南小段,.74,非都市：鄉村區 ; 非都市編定：乙種建築用地,720,1,持分移轉,01510000
RPVNMLLMLHLGFGB48DA,大南段大南小段,.28,非都市：鄉村區 ; 非都市編定：乙種建築用地,720,1,持分移轉,01510001
RPVNMLLMLHLGFGB48DA,新南段,.56,非都市：鄉村區 ; 非都市編定：乙種建築用地,720,1,持分移轉,01660000
RPVNMLLMLHLGFGB48DA,新南段,3.92,非都市：鄉村區 ; 非都市編定：乙種建築用地,720,1,持分移轉,01970000
RPVNMLLMLHLGFGB48DA,神木段,.81,非都市：一般農業區 ; 非都市編定：水利用地,720,1,持分移轉,02300000
RPVNMLLMLHLGFGB48DA,神木段,.45,非都市：一般農業區 ; 非都市編定：水利用地,720,1,持分移轉,02340000
RPVNMLLMLHLGFGB48DA,神木段,.36,非都市：一般農業區 ; 非都市編定：甲種建築用地,720,1,持分移轉,02350000
RPQNMLNKMHLGFGB08DA,義渡段,26.10,都市：其他:商業區,20,1,持分移轉,04010000
RPPNMLSJMHLGFFB28DA,三民段,90.00,都市：其他:第五種住宅區,1,1,全筆移轉,02320002
RPQNMLTJMHLGFHB68DA,僑忠段,.09,都市：其他:第一之二種住宅區,70800,3000,持分移轉,01300000
RPQNMLTJMHLGFHB68DA,僑忠段,.03,都市：其他:第一之二種住宅區,70800,3000,持分移轉,01310000
RPQNMLTJMHLGFHB68DA,東寶六段,53.46,都市：其他:農業區,47200,2000,持分移轉,04310000
RPQNMLTJMHLGFHB68DA,甘潭段,14.96,都市：其他:第一之二種住宅區,416728800,17658000,持分移轉,05370000
RPQNMLTJMHLGFHB68DA,甘潭段,11.60,都市：其他:第一之二種住宅區,646309600,27386000,持分移轉,05400000
RPSNMLLMLHLGFGB18DA,大南段大南小段,1.25,非都市：鄉村區 ; 非都市編定：乙種建築用地,7200,10,持分移轉,01290000
RPSNMLLMLHLGFGB18DA,大南段大南小段,.74,非都市：鄉村區 ; 非都市編定：乙種建築用地,7200,10,持分移轉,01510000
RPSNMLLMLHLGFGB18DA,大南段大南小段,.28,非都市：鄉村區 ; 非都市編定：乙種建築用地,7200,10,持分移轉,01510001
RPSNMLLMLHLGFGB18DA,新南段,.56,非都市：鄉村區 ; 非都市編定：乙種建築用地,7200,10,持分移轉,01660000
RPSNMLLMLHLGFGB18DA,新南段,3.92,非都市：鄉村區 ; 非都市編定：乙種建築用地,7200,10,持分移轉,01970000
RPSNMLLMLHLGFGB18DA,神木段,.81,非都市：一般農業區 ; 非都市編定：水利用地,7200,10,持分移轉,02300000
RPSNMLLMLHLGFGB18DA,神木段,.45,非都市：一般農業區 ; 非都市編定：水利用地,7200,10,持分移轉,02340000
RPSNMLLMLHLGFGB18DA,神木段,.36,非都市：一般農業區 ; 非都市編定：甲種建築用地,7200,10,持分移轉,02350000
RPVOMLKKMHLGFIB58DA,東湖段,17.49,都市：其他:農業區,1,1,全筆移轉,10750001
RPTNMLLMLHLGFGB28DA,神木段,2.42,非都市：一般農業區 ; 非都市編定：農牧用地,720,1,持分移轉,02290000
RPTNMLLMLHLGFGB28DA,神木段,1.38,非都市：一般農業區 ; 非都市編定：農牧用地,720,1,持分移轉,02310000
RPTOMLRLLHLGFBB38DA,東信段,14.65,都市：其他:第五種住宅區,100000,593,持分移轉,00900000
RPTPMLNKMHLGFBB08DA,新賴厝廍三段,203.23,都市：其他:第二種住宅區,1,1,全筆移轉,08910000
RPROMLSJLHLGFCB18DA,大進段,20.13,都市：其他:第二種住宅區,100000,1275,持分移轉,09450000
RPTOMLMJMHLGFAB67DA,福成段,54.22,都市：其他:第二種住宅區,1,1,全筆移轉,04160000
RPTOMLMJMHLGFAB67DA,福成段,87.19,都市：其他:第二種住宅區,1,1,全筆移轉,04230000
RPXOMLQLLHLGFCB78DA,國安段,7.65,都市：其他:第六種住宅區,10000,14,持分移轉,05930491
RPSNMLKKMHLGFAB37DA,旱平段,80.94,都市：其他:第一之一種住宅區,1,1,全筆移轉,04610005
RPRRMLTJMHLGFBB58DA,文正段,8.37,都市：其他:第一種商業區,10000,129,持分移轉,00410097
RPUQMLMKLHLGFFB48DA,福田段,66.80,都市：其他:第四種住宅區,1,1,全筆移轉,10900000
RPUQMLMKLHLGFFB48DA,福田段,33.01,都市：其他:第四種住宅區,19,1,持分移轉,10970000
RPUVMLTKLHLGFBB66DA,錦村段,3.92,都市：其他:第二種住宅區,1000,20,持分移轉,03570042
RPUVMLTKLHLGFBB66DA,錦村段,.88,都市：其他:第二種住宅區,16,2,持分移轉,03570090
RPROMLTJMHLGFAB18DA,下橋子頭段,66.00,都市：其他:第二種住宅區,1,1,全筆移轉,00120038
RPROMLTJMHLGFAB18DA,下橋子頭段,10.00,都市：其他:第二種住宅區,1,1,全筆移轉,00120068
RPPNMLTJMHLGFAB87DA,柳川段一小段,1.57,都市：其他:第二種商業區,100000,57,持分移轉,00040000
RPPNMLTJMHLGFAB87DA,柳川段一小段,.36,都市：其他:第一種商業區,100000,57,持分移轉,00040006
RPRNMLNJMHLGFBB57DA,賴厝廍段,3.68,都市：其他:第一種商業區,10000,22,持分移轉,04420000
RPPPMLOKMHLGFBB77DA,青萍段,91.00,都市：其他:第二種住宅區,1,1,全筆移轉,04860000
RPSNMLNLLHLGFCB87DA,惠智段,14.10,都市：其他:第二種住宅區,10000,39,持分移轉,01590000
RPWPNLTKLHLGFBB98DA,中興段,18.38,都市：其他:第二種住宅區,10000,260,持分移轉,02150000
RPQNMLPJLHLGFJB38DA,頭汴坑段,1583.00,非都市：山坡地保育區 ; 非都市編定：農牧用地,12,3,持分移轉,48840013
RPVNMLQLLHLGFJB56DA,育賢段,32.19,都市：其他:住宅區,10000,55,持分移轉,02080000
RPRNMLKKMHLGFJB18DA,忠平段,.70,都市：其他:乙種工業區,10,1,持分移轉,00230000
RPRNMLKKMHLGFJB18DA,忠平段,130.30,都市：其他:乙種工業區,10,1,持分移轉,00240000
RPRNMLKKMHLGFJB18DA,忠平段,15.40,都市：其他:乙種工業區,10,1,持分移轉,00730000
RPSNMLKKMHLGFJB28DA,忠平段,.70,都市：其他:乙種工業區,10,1,持分移轉,00230000
RPSNMLKKMHLGFJB28DA,忠平段,130.30,都市：其他:乙種工業區,10,1,持分移轉,00240000
RPSNMLKKMHLGFJB28DA,忠平段,15.40,都市：其他:乙種工業區,10,1,持分移轉,00730000
RPUNMLOLLHLGFBB08DA,陳平段,13.57,都市：其他:第二種住宅區,100000,572,持分移轉,32450000
RPSOMLSJMHLGFCB38DA,上石碑段,14.20,都市：其他:第三之二種住宅區,10000,34,持分移轉,26600000
RPOPMLTJMHLGFCB18DA,三塊厝段,24.04,都市：其他:第二種住宅區,1000000,3844,持分移轉,11140000
RPPNMLQKMHLGFEB08DA,岷山段,20.36,都市：其他:住宅區,100000,773,持分移轉,05340000
RPPOMLSJMHLGFBB97DA,太原段,61.37,都市：其他:第二種住宅區,1,1,全筆移轉,00930014
RPPOMLSJMHLGFBB97DA,太原段,10.88,都市：其他:第二種住宅區,4,1,持分移轉,00930015
RPPOMLSJMHLGFBB97DA,太原段,8.46,都市：其他:第二種住宅區,1000,167,持分移轉,00930016
RPVOMLNKMHLGFAB08DA,大公段,.46,都市：其他:第二種住宅區,100000,358,持分移轉,12430000
RPVOMLNKMHLGFAB08DA,大公段,2.61,都市：其他:第一種商業區,100000,358,持分移轉,12450000
RPRNMLQKLHLGFGB38DA,雙崎段,19531.00,非都市：山坡地保育區 ; 非都市編定：農牧用地,1,1,全筆移轉,09930000
RPPNMLPKMHLGFGB18DA,坪埔段,114.16,非都市：特定農業區 ; 非都市編定：農牧用地,1,1,全筆移轉,06340000
RPPNMLOJMHLGFGB97DA,新盛段,71.43,都市：其他:住宅區,1,1,全筆移轉,09930000
RPPNMLOJMHLGFGB97DA,新盛段,27.74,都市：其他:住宅區,13,1,持分移轉,10000000
RPWPMLLMLHLGFIB98DA,仁城段,1.83,非都市：鄉村區 ; 非都市編定：乙種建築用地,50,1,持分移轉,07070000
RPWPMLLMLHLGFIB98DA,仁城段,.09,非都市：鄉村區 ; 非都市編定：乙種建築用地,50,1,持分移轉,07070001
RPWPMLLMLHLGFIB98DA,仁城段,5.64,非都市：鄉村區 ; 非都市編定：乙種建築用地,1,1,全筆移轉,07070009
RPWPMLLMLHLGFIB98DA,仁美段,16.06,非都市：一般農業區 ; 非都市編定：甲種建築用地,50,1,持分移轉,13230000
RPWPMLLMLHLGFIB98DA,仁美段,51.45,非都市：一般農業區 ; 非都市編定：甲種建築用地,1,1,全筆移轉,13230027
RPWPMLLMLHLGFIB98DA,仁美段,4.29,都市：其他:住宅區,50,1,持分移轉,13240001
RPWPMLLMLHLGFIB98DA,仁美段,1.10,都市：其他:住宅區,50,1,持分移轉,13240004
RPPPMLKKMHLGFIB08DA,立新段,24.97,非都市：鄉村區 ; 非都市編定：乙種建築用地,10000,33,持分移轉,13060000
RPPNMLNKMHLGFIB18DA,東湖段,2.50,,1,1,全筆移轉,04570001
RPQNMLNKMHLGFIB28DA,東湖段,2.82,,1,1,全筆移轉,04570002
RPRNMLNKMHLGFIB38DA,東湖段,2.88,,1,1,全筆移轉,04570003
RPSNMLNKMHLGFIB48DA,東湖段,1.87,,1,1,全筆移轉,04570005
RPTNMLMJMHLGFDB87DA,安康段,1.37,都市：其他:第三種住宅區。,26,1,持分移轉,05180000
RPTNMLMJMHLGFDB87DA,安康段,73.56,都市：其他:第三種住宅區。,1,1,全筆移轉,05180001
RPTNMLMJMHLGFDB87DA,安康段,72.67,都市：其他:第三種住宅區。,1,1,全筆移轉,05180002
RPROMLLJMHLGFAB37DA,大益段,4.61,都市：其他:第二種住宅區,10000,56,持分移轉,00250000
RPPNMLOKMHLGFIB28DA,自立段,31.12,都市：其他:第三種住宅區。,10000,114,持分移轉,01130000
RPTNMLPKLHLGFCB08DA,惠信段,7.72,都市：其他:第三種住宅區。,100000,294,持分移轉,00550000
RPTNMLOKMHLGFIB68DA,新喀哩段,20.75,非都市：鄉村區 ; 非都市編定：乙種建築用地,19,1,持分移轉,02440000
RPTNMLOKMHLGFIB68DA,新喀哩段,78.26,非都市：鄉村區 ; 非都市編定：乙種建築用地,1,1,全筆移轉,02560000
RPROMLNKMHLGFBB77DA,乾溝子段,9.27,都市：其他:第二種住宅區,10000,158,持分移轉,01420002
RPUOMLNKMHLGFBB08DA,平田段,8.97,都市：其他:第二種住宅區,100000,106,持分移轉,01000000
RPUOMLNKMHLGFBB08DA,平田段,1.66,都市：其他:第三種住宅區。,100000,106,持分移轉,01000001
RPRNMLLMLHLGFJB38DA,德興段,44.35,,2,1,持分移轉,01090004
RPRNMLLMLHLGFJB38DA,德興段,56.55,,2,1,持分移轉,01090005
RPQNMLKKMHLGFJB08DA,麗園段,89.25,非都市：鄉村區 ; 非都市編定：乙種建築用地,1,1,全筆移轉,01100002
RPUOMLMJMHLGFCB97DA,下石碑段,43.00,都市：其他:乙種工業區,3,1,持分移轉,21720000
RPUOMLMJMHLGFCB97DA,下石碑段,47.67,都市：其他:乙種工業區,3,1,持分移轉,21730000
RPUNMLKKMHLGFCB77DA,三塊厝段,52.00,都市：其他:第二種住宅區,1,1,全筆移轉,07020020
RPUNMLKKMHLGFCB77DA,三塊厝段,28.15,都市：其他:第二種住宅區,80,1,持分移轉,07020038
RPOPMLOKMHLGFCB77DA,中和段,32.21,都市：其他:第二種住宅區,10000,182,持分移轉,04820000
RPOOMLLKLHLGFCB27DA,大進段,4.49,都市：其他:第二種住宅區,1000000,1536,持分移轉,06680000
RPROMLNKMHLGFAB67DA,大益段,2.08,都市：其他:第二種住宅區,100000,66,持分移轉,08550000
RPUNMLLJMHLGFDB87DA,下南坑段,26.38,都市：其他:第二種住宅區,100000,6193,持分移轉,11790006
RPPNMLOKMHLGFJB48EA,孝平段,22.00,都市：其他:第一種住宅區,47,22,持分移轉,03260000
RPXOMLLJMHLGFDB28DA,下南坑段,22.57,都市：其他:第二種住宅區,100000,5970,持分移轉,11790011
SPPNMLKLMHLGFJB28EA,德興段,50.73,都市：其他:住宅區,2,1,持分移轉,01090000
SPPNMLKLMHLGFJB28EA,德興段,40.42,,2,1,持分移轉,01090002
SPPNMLKLMHLGFJB28EA,德興段,46.41,,2,1,持分移轉,01090003
SPPNMLKLMHLGFJB28EA,德興段,26.45,,2,1,持分移轉,01090006
SPPNMLKLMHLGFJB28EA,德興段,26.02,,2,1,持分移轉,01090007
SPPNMLKLMHLGFJB28EA,德興段,37.55,,2,1,持分移轉,01090008
RPWNMLNKMHLGFDB38DA,向陽段,6.00,都市：其他:第二種商業區,1,1,全筆移轉,02900000
RPWNMLNKMHLGFDB38DA,向陽段,1.00,都市：其他:第二種商業區,1,1,全筆移轉,03220000
RPWNMLNKMHLGFDB38DA,向陽段,14.00,都市：其他:第二種商業區,1,1,全筆移轉,03350000
RPRSMLTJMHLGFBB68DA,水源段,5.43,都市：其他:第二種住宅區,10000,139,持分移轉,03200038
RPWSMLRLLHLGFCB56DA,民安段,14.17,都市：其他:第一之一種住宅區,10000,51,持分移轉,18700001
RPQNMLQLLHLGFAB77DA,三民段七小段,21.46,都市：其他:第二種住宅區,28,1,持分移轉,00070059
RPPNMLKLMHLGFJB18EA,德興段,52.26,都市：其他:住宅區,2,1,持分移轉,01080000
RPSNMLKKMHLGFIB18DA,溪壩段,65.29,非都市：特定農業區 ; 非都市編定：農牧用地,1,1,全筆移轉,03650000
RPPNMLLJMHLGFAB07DA,土庫段,30.00,都市：其他:道路用地,1,1,全筆移轉,00240041
RPPNMLLJMHLGFAB07DA,土庫段,78.00,都市：其他:第二種住宅區,1,1,全筆移轉,00240043
RPVOMLOKMHLGFAB18DA,樹子腳段,7.61,都市：其他:第二種住宅區,100000,238,持分移轉,12970000
RPOQMLLJMHLGFBB37DA,文北段,10.73,都市：其他:第二之一種住宅區,10000,34,持分移轉,00300000
RPXOMLOKMHLGFAB38DA,樹子腳段,6.84,都市：其他:第二種住宅區,100000,214,持分移轉,12970000
RPXOMLLMLHLGFAB18DA,正義段九小段,1.09,都市：其他:第一種商業區,10000,14,持分移轉,00110004
RPXOMLLMLHLGFAB18DA,正義段九小段,1.14,都市：其他:第二種住宅區,10000,14,持分移轉,00110025
RPQNMLOKMHLGFDB87DA,一心段,59.54,都市：其他:第一之一種住宅區,1,1,全筆移轉,08500000
RPVPMLSJMHLGFBB68DA,中清段,22.45,都市：其他:第二種住宅區,100000,1114,持分移轉,02660000
RPXNMLRKLHLGFJB76DA,育賢段,21.85,都市：其他:住宅區,100000,1087,持分移轉,00090000
RPPNMLTJMHLGFBB97DA,太祥段,205.57,都市：其他:第二種住宅區,8,2,持分移轉,01370000
RPSNMLOKMHLGFJB68DA,仁平段,85.00,都市：其他:第一種住宅區,1,1,全筆移轉,08920000
RPWNMLNLLHLGFCB28DA,福順段,11.35,都市：其他:第一之B種住宅區,100000,322,持分移轉,00910000
RPWNMLNLLHLGFCB28DA,福順段,6.43,都市：其他:第二之A種住宅區,100000,322,持分移轉,01080000
RPSNMLOKMHLGFKB78DA,龍津段,154.58,都市：其他:關連工業區,192000,4641,持分移轉,07990000
RPQNMLOKMHLGFKB58DA,龍津段,61.35,都市：其他:關連工業區,192000,1842,持分移轉,07990000
RPQNMLOKMHLGFKB58DA,龍津段,20.05,都市：其他:關連工業區,192000,505,持分移轉,08020000
RPVNMLTKLHLGFCB68DA,廣昌段,18.18,都市：其他:第二種住宅區,100000,769,持分移轉,04020000
RPOOMLNKMHLGFIB18DA,新榮泉段,36.73,都市：其他:第二種住宅區,10000,66,持分移轉,01420000
RPPNMLPLLHLGFCB77DA,國安段,20.96,都市：其他:第六種住宅區,100000,62,持分移轉,05990000
RPTNMLOKMHLGFKB88DA,龍津段,115.64,都市：其他:關連工業區,192000,3472,持分移轉,07990000
RPWNMLKKMHLGFIB58DA,九德段,44.56,都市：其他:第三種住宅區。,10000,139,持分移轉,01300000
RPPOMLQKLHLGFAB67DA,下橋子頭段,11.39,都市：其他:第三種住宅區。,10000,999,持分移轉,02420104
RPPOMLQKLHLGFAB67DA,下橋子頭段,10.89,都市：其他:第三種住宅區。,10000,999,持分移轉,02420105
RPPNMLQKMHLGFCB87DA,豐富段,21.99,都市：其他:第二種商業區,100000,1133,持分移轉,04620000
RPPNMLTJLHLGFDB08DA,西湳段,95.46,都市：其他:農業區,1,1,全筆移轉,00840003
RPPOMLNKMHLGFIB28DA,大忠段,82.83,都市：其他:住宅區,1,1,全筆移轉,03030007
RPPOMLNKMHLGFIB28DA,大忠段,11.88,都市：其他:住宅區,8,1,持分移轉,03030011
RPUNMLOKMHLGFKB98DA,龍津段,120.37,都市：其他:關連工業區,192000,3614,持分移轉,07990000
RPTOMLTKLHLGFCB58DA,國安段,9.84,都市：其他:第六種住宅區,10000,18,持分移轉,05930491
RPRNMLOKMHLGFKB68DA,龍津段,77.87,都市：其他:關連工業區,192000,2338,持分移轉,07990000
RPSNMLRJMHLGFDB28DA,舊圳段,68.44,非都市：一般農業區 ; 非都市編定：甲種建築用地,1,1,全筆移轉,07100002
RPRNMLOKMHLGFKB68DA,龍津段,16.52,都市：其他:關連工業區,192000,416,持分移轉,08020000
RPTPMLOKMHLGFFB58DA,鹿峰東段,110.91,都市：其他:第四種住宅區,100000,45466,持分移轉,08180000
RPOQMLLJMHLGFFB77DA,市鎮南段,13.39,都市：其他:第四種商業區,100000,121,持分移轉,01330000
RPUOMLKKMHLGFIB48DA,西湖北段,1815.79,非都市：一般農業區 ; 非都市編定：農牧用地,1,1,全筆移轉,08950000
RPWOMLKKMHLGFIB68DA,西湖北段,2843.75,非都市：一般農業區 ; 非都市編定：農牧用地,1,1,全筆移轉,08950002
RPWOMLKKMHLGFIB68DA,西湖北段,59.42,非都市：一般農業區 ; 非都市編定：農牧用地,409500,296154,持分移轉,08960001
RPWOMLKKMHLGFIB68DA,西湖北段,2.17,非都市：一般農業區 ; 非都市編定：農牧用地,30000,11856,持分移轉,08960008
RPWOMLKKMHLGFIB68DA,西湖北段,48.45,非都市：一般農業區 ; 非都市編定：農牧用地,1,1,全筆移轉,08970002
RPVNMLNKMHLGFIB78DA,東湖段,35.20,都市：其他:住宅區,2,1,持分移轉,04550000
RPVNMLNKMHLGFIB78DA,東湖段,135.26,都市：其他:住宅區,132,42,持分移轉,04570000
RPTPMLNKMHLGFIB78DA,四德段,301.30,非都市：特定農業區 ; 非都市編定：農牧用地,1,1,全筆移轉,01880000
RPTNMLRJMHLGFBB18DA,東光段,72.00,都市：其他:第二種商業區,1,1,全筆移轉,05010004
RPTNMLRJMHLGFBB18DA,東光段,35.00,都市：其他:第二種商業區,16,2,持分移轉,05010011
RPWNMLKMLHLGFJB78DA,新興段,15.42,都市：其他:住宅區,100000,2576,持分移轉,01130000
RPWNMLKMLHLGFJB78DA,新興段,72.88,都市：其他:住宅區,1,1,全筆移轉,01130011
RPOSMLTJMHLGFBB38DA,文北段,15.65,都市：其他:第二之一種住宅區,200000,2774,持分移轉,01060000
RPWUMLOLLHLGFBB98DA,新賴厝廍二段,6.44,都市：其他:第二種住宅區,10000,9,持分移轉,01290000
RPQNMLNJMHLGFBB47DA,南興段,26.16,都市：其他:第一之一種住宅區,100000,419,持分移轉,01210000
RPPOMLNKMHLGFKB48DA,龍山段,19.91,都市：其他:第四種住宅區,10000,58,持分移轉,09100000
RPQNMLKKMHLGFBB37EA,中興段,7.44,都市：其他:第三種住宅區。,10000,22,持分移轉,05300000
RPTNMLPKMHLGFJB88DA,竹村段,2537.18,非都市：山坡地保育區 ; 非都市編定：農牧用地,1,1,全筆移轉,03800008
RPPNMLPKMHLGFAB67EA,大慶段,675.14,都市：其他:第一之一種住宅區,1,1,全筆移轉,01540000
RPPNMLQKMHLGFFB28EA,興農段,53.02,都市：其他:第二種商業區,2,1,持分移轉,02860000
RPROMLSJMHLGFAB08DA,頂橋子頭段,17.00,都市：其他:第三種住宅區。,2371,17,持分移轉,04370015
RPSOMLLMLHLGFAB67DA,樹子腳段,15.11,都市：其他:第三種住宅區。,100000,421,持分移轉,06280000
RPSOMLLMLHLGFAB67DA,樹子腳段,.49,都市：其他:第三種住宅區。,100000,421,持分移轉,06280010
RPRNMLTJMHLGFAB08DA,樹子腳段,30.90,都市：其他:第二種住宅區,10000,65,持分移轉,16370001
RPUNMLSKLHLGFBB38DA,太順段,21.77,都市：其他:第三種住宅區。,100000,973,持分移轉,00130000
RPRNMLPKMHLGFKB78DA,三德段,3000.00,都市：其他:農業區,1,1,全筆移轉,11500000
RPQPMLMJMHLGFBB57DA,碧柳段,22.02,都市：其他:第二之一種住宅區,100000,433,持分移轉,01700000
RPPOMLRLLHLGFCB08DA,何安段,35.38,都市：其他:第二種住宅區,16,1,持分移轉,02910000
RPPNMLNJMHLGFAB27DA,樹子腳段,9.51,都市：其他:第二種住宅區,10000,20,持分移轉,16370001
RPOOMLLJMHLGFCB27DA,大新段,19.94,都市：其他:第二之一種商業區,10000,259,持分移轉,03590000
RPSNMLLMLHLGFCB77DA,新富段,199.13,都市：其他:第一之B種住宅區,1,1,全筆移轉,01130001
RPTQMLLMLHLGFCB18DA,永林段,27.80,都市：其他:農業區,11520,127,持分移轉,05400000
RPTQMLLMLHLGFCB18DA,永林段,106.38,都市：其他:農業區,11520,127,持分移轉,05430000
RPSNMLPKMHLGFCB08DA,永益段,1987.51,都市：其他:第一之一種住宅區,1,1,全筆移轉,00600000
RPTNMLPKMHLGFCB18DA,民安段,19.39,都市：其他:第三之一種住宅區,100000,586,持分移轉,18730000
RPQNMLKKLHLGFDB37DA,聯合段,79.24,都市：其他:第一之二種住宅區,1,1,全筆移轉,08730000
RPOOMLPLLHLGFDB87DA,后豐段,1.76,都市：其他:道路用地,3,1,持分移轉,07460000
RPQOMLTJMHLGFDB38DA,陽明段,4.91,都市：其他:第三種住宅區。,10000,434,持分移轉,05420000
RPQOMLTJMHLGFDB38DA,陽明段,4.90,都市：其他:第三種住宅區。,10000,434,持分移轉,05430000
RPQNMLOKMHLGFEB97DA,孔門段,18.00,都市：其他:住宅區,1,1,全筆移轉,10550017
RPPNMLKMLHLGFGB77DA,坪埔段,34140.35,非都市：山坡地保育區 ; 非都市編定：農牧用地,1,1,全筆移轉,02020000
RPTNMLPKMHLGFHB68DA,頭家段,29.60,都市：其他:第一之一種住宅區,10000,139,持分移轉,11060000
RPXNMLLJMHLGFIB68DA,東勢尾段,44.06,都市：其他:住宅區,1,1,全筆移轉,02640000
RPXNMLLJMHLGFIB68DA,東勢尾段,3.77,都市：其他:住宅區,1,1,全筆移轉,02650000
RPXNMLLJMHLGFIB68DA,東勢尾段,24.20,都市：其他:住宅區,1,1,全筆移轉,02660000
RPRNMLTJMHLGFIB88DA,育德段,60.81,,1,1,全筆移轉,03170000
RPRNMLTJMHLGFIB88DA,育德段,22.08,,1,1,全筆移轉,03180000
RPRNMLTJMHLGFIB88DA,育德段,270.75,,1,1,全筆移轉,03280000
RPPNMLPKMHLGFIB38DA,瑞城段,101.08,非都市：鄉村區 ; 非都市編定：乙種建築用地,1,1,全筆移轉,00860000
RPVNMLPKMHLGFIB98DA,東湖段,2.93,,1,1,全筆移轉,04570004
RPTNMLLJMHLGFKB48DA,龍山段,18.19,都市：其他:第四種住宅區,10000,53,持分移轉,09100000
RPTNMLNKMHLGFKB78DA,遊園段,35.10,非都市：鄉村區 ; 非都市編定：乙種建築用地,1,1,全筆移轉,05330000
RPTNMLNKMHLGFKB78DA,遊園段,48.99,非都市：鄉村區 ; 非都市編定：乙種建築用地,1,1,全筆移轉,05340000
RPVNMLNKMHLGFKB98DA,忠和段,401.75,都市：其他:農業區,4,1,持分移轉,17310000
RPVNMLNKMHLGFKB98DA,忠和段,33.50,都市：其他:園道用地,4,1,持分移轉,17310001
RPVNMLNKMHLGFKB98DA,忠和段,1.25,都市：其他:園道用地,4,1,持分移轉,17310002
RPRNMLSJMHLGFBB18EA,敦和段,433.29,都市：其他:第一之一種住宅區,1,1,全筆移轉,06740000
RPQNMLQKMHLGFIB68EA,新北溝段,625.22,非都市：山坡地保育區 ; 非都市編定：農牧用地,4,1,持分移轉,02940000
RPRNMLQKMHLGFIB78EA,福大段,28.76,非都市：鄉村區 ; 非都市編定：水利用地,1,1,全筆移轉,07140002
RPPNMLOKMHLGFKB58EA,忠和段,113.71,都市：其他:農業區,7392,1705,持分移轉,18000000
RPPNMLOKMHLGFKB58EA,忠和段,312.54,都市：其他:農業區,7392,1705,持分移轉,18000001
RPPNMLOKMHLGFKB58EA,忠和段,429.25,都市：其他:農業區,4,1,持分移轉,18600000
RPQNMLSJLHLGFAB77DA,中華段二小段,3.35,都市：其他:第二種商業區,10000,82,持分移轉,00090000
RPUNMLKKMHLGFAB57DA,中華段四小段,5.88,都市：其他:第二種商業區,100000,1251,持分移轉,00030002
RPUNMLKKMHLGFAB57DA,中華段四小段,6.53,都市：其他:第二種商業區,100000,1251,持分移轉,00040010
RPUNMLKKMHLGFAB57DA,中華段四小段,1.23,都市：其他:第一種商業區,100000,1251,持分移轉,00040012
RPUOMLMJMHLGFIB58DA,立新段,98.74,非都市：鄉村區 ; 非都市編定：乙種建築用地,1,1,全筆移轉,18650000
RPVNMLRKMHLGFEB78DA,孔門段,11.00,都市：其他:住宅區,1,1,全筆移轉,10550019
RPWNMLMJMHLGFHB58DA,僑興段,25.03,都市：其他:住宅區,100000,324,持分移轉,00140000
RPWNMLNKLHLGFJB88DA,勤益段,.58,非都市：鄉村區 ; 非都市編定：乙種建築用地,10000,5,持分移轉,04320000
RPWNMLNKLHLGFJB88DA,勤益段,2.35,非都市：鄉村區 ; 非都市編定：乙種建築用地,10000,64,持分移轉,04530000
RPTNMLRKMHLGFAB18DA,練武段,11.94,都市：其他:第四之二種商業區,100000,387,持分移轉,10510000
RPUNMLQKMHLGFAB18DA,旱溪段,.65,都市：其他:第三種住宅區。,300,28,持分移轉,03680150
RPQNMLQKMHLGFAB77DA,下橋子頭段,2.45,都市：其他:第一種商業區,100000,415,持分移轉,02000255
RPRNMLQKMHLGFAB87DA,後壠子段,6.79,都市：其他:第二種住宅區,100000,707,持分移轉,01690022
RPQRMLLJMHLGFBB67DA,太祥段,20.03,都市：其他:第三種住宅區。,100000,1202,持分移轉,01090000
RPQRMLLJMHLGFBB67DA,太祥段,.76,都市：其他:第一種住宅區,100000,1202,持分移轉,01090001
RPPNMLSLLHLGFCB08DA,上石碑段,78.00,都市：其他:第二種住宅區,1,1,全筆移轉,11810000
RPTNMLLMLHLGFCB87DA,永安段,2860.54,都市：其他:農業區,1,1,全筆移轉,05100000
RPPNMLNLLHLGFCB57DA,惠智段,3.97,都市：其他:第三種住宅區。,10000,29,持分移轉,01340000
RPSOMLOKMHLGFCB08DA,福安段,16.67,都市：其他:第三種住宅區。,100000,367,持分移轉,08110002
RPVOMLSJMHLGFBB58DA,錦村段,10.16,都市：其他:第二之一種商業區,100000,90,持分移轉,02430000
RPRNMLRKMHLGFCB18DA,國安段,10.00,都市：其他:第一種住宅區,10000,25,持分移轉,00940000
RPRNMLRKMHLGFCB18DA,國安段,4.81,都市：其他:第三之一種住宅區,10000,25,持分移轉,00940001
RPQNMLKLLHLGFDB47DA,一心段,79.06,都市：其他:第一之一種住宅區,1,1,全筆移轉,07740000
RPQPMLLJMHLGFDB67DA,豐原段,60.00,都市：其他:第二種商業區,1,1,全筆移轉,06750182
RPVNMLTJMHLGFDB78DA,大仁段,2.78,都市：其他:第二種商業區,1,1,全筆移轉,01250001
RPRNMLOKMHLGFEB08DA,孔門段,2.00,都市：其他:住宅區,1,1,全筆移轉,10540003
RPRNMLOKMHLGFEB08DA,孔門段,40.70,都市：其他:住宅區,1,1,全筆移轉,10550016
RPUNMLRKMHLGFEB68DA,上廍子段,800.96,非都市：特定農業區 ; 非都市編定：農牧用地,1,1,全筆移轉,08300000
RPUNMLRKMHLGFEB68DA,上廍子段,2403.95,非都市：特定農業區 ; 非都市編定：農牧用地,1,1,全筆移轉,08860000
RPUNMLRKMHLGFEB68DA,上廍子段,3596.10,非都市：特定農業區 ; 非都市編定：農牧用地,1,1,全筆移轉,08870000
RPRQMLMKLHLGFFB18DA,明秀段,111.11,都市：其他:第二種住宅區,1,1,全筆移轉,03980007
RPQNMLRLLHLGFFB38DA,梧棲段,10.33,都市：其他:第三種商業區,100000,574,持分移轉,28450000
RPPNMLMJMHLGFFB67DA,梧棲段,10.90,都市：其他:第三種商業區,10000,54,持分移轉,28440000
RPSNMLKLMHLGFFB97DA,南簡段,137.00,都市：其他:第四種住宅區,1,1,全筆移轉,07050021
RPSNMLKLMHLGFFB97DA,南簡段,6.00,都市：其他:第四種住宅區,1,1,全筆移轉,07060002
RPRNMLQKLHLGFIB58DA,仁美段,109.16,都市：其他:住宅區,1,1,全筆移轉,11250000
RPXNMLOKMHLGFAB28DA,下橋子頭段,21.54,都市：其他:第二種住宅區,10000,86,持分移轉,01630011
RPSQMLKMLHLGFIB58DA,興祥段,31.67,都市：其他:第三種住宅區。,1000,17,持分移轉,00610000
RPSNMLRKMHLGFIB88DA,九如段,86.93,都市：其他:第三種住宅區。,1,1,全筆移轉,07940000
RPTNMLRKMHLGFIB98DA,新長壽段,24.50,都市：其他:第二種住宅區,100000,703,持分移轉,01020000
RPQNMLPKMHLGFJB58DA,愛平段,102.00,,1,1,全筆移轉,09830001
RPPNMLKLMHLGFAB27EA,萬安段九小段,7.41,都市：其他:第二種住宅區,10000,44,持分移轉,00070002
RPPNMLKLMHLGFAB27EA,正義段九小段,.55,都市：其他:第二種住宅區,10000,44,持分移轉,00110036
RPPNMLKLMHLGFAB27EA,頂橋子頭段,2.92,都市：其他:第二種住宅區,10000,44,持分移轉,03750002
RPTNMLQKMHLGFBB28EA,邱厝子段,6.14,都市：其他:第二種住宅區,10000,231,持分移轉,00270035
RPPNMLQKMHLGFCB97EA,上石碑段,25.38,都市：其他:第二種住宅區,50000,547,持分移轉,09020000
RPPNMLKLMHLGFFB77EA,下寮段,107.00,都市：其他:第四種住宅區,36,3,持分移轉,01710000
RPXNMLOKMHLGFCB48DA,大墩段,30.53,都市：其他:第二種住宅區,100000,1565,持分移轉,04290000
RPTNMLTKLHLGFAB28DA,科博段,13.51,都市：其他:第三種商業區,30000,201,持分移轉,06070000
RPTOMLLMLHLGFIB58DA,溪南東段,20.69,非都市：鄉村區 ; 非都市編定：乙種建築用地,100000,2180,持分移轉,03430000
RPTOMLLMLHLGFIB58DA,溪南東段,.07,非都市：鄉村區 ; 非都市編定：乙種建築用地,100000,2180,持分移轉,03470000
RPWNMLOLLHLGFAB18DA,大益段,26.63,都市：其他:第三種住宅區。,100000,2097,持分移轉,10260000
RPSPMLKKLHLGFCB67DA,保安段,20.15,都市：其他:第二種住宅區,100000,1336,持分移轉,10510000
RPQNMLOKMHLGFJB48DA,新興段,18.35,都市：其他:住宅區,10000,59,持分移轉,01640000
RPROMLPKMHLGFBB97DA,新賴厝廍二段,3.38,都市：其他:第二種住宅區,10000,16,持分移轉,09970000
RPQNMLKLMHLGFAB27DA,樹子腳段,84.00,都市：其他:第二種住宅區,1,1,全筆移轉,06620010
RPQNMLKLMHLGFAB27DA,樹子腳段,14.65,都市：其他:第二種住宅區,40,1,持分移轉,06620056
RPQNMLKLMHLGFAB27DA,樹子腳段,.07,都市：其他:第二種住宅區,40,1,持分移轉,06620061
RPQNMLKLMHLGFAB27DA,樹子腳段,3.35,都市：其他:第二種住宅區,40,1,持分移轉,06650000
RPQNMLKLMHLGFAB27DA,樹子腳段,.10,都市：其他:第二種住宅區,40,1,持分移轉,06650037
RPROMLQLLHLGFBB08DA,松竹段,12.81,都市：其他:第二種住宅區,10000,427,持分移轉,00100001
RPTWMLTKLHLGFBB66DA,中德段,17.36,都市：其他:第二種住宅區,10000,278,持分移轉,04380000
RPTONLOJMHLGFBB08DA,景美段,20.09,都市：其他:第三種住宅區。,1000000,5309,持分移轉,00530000
RPWNMLKLMHLGFAB87DA,吉龍段,18.32,都市：其他:第三種住宅區。,4880,180,持分移轉,04860000
RPRRMLQKMHLGFBB38DA,太祥段,20.61,都市：其他:第三種住宅區。,200000,2474,持分移轉,01090000
RPRRMLQKMHLGFBB38DA,太祥段,.78,都市：其他:第一種住宅區,200000,2474,持分移轉,01090001
RPXNMLRKLHLGFAB48DA,後壠子段,13.07,都市：其他:第二種商業區,100000,1942,持分移轉,00970010
RPSNMLSJMHLGFCB28DA,三塊厝段,14.51,都市：其他:第二種住宅區,10000,143,持分移轉,12420000
RPSNMLSJMHLGFCB28DA,三塊厝段,17.02,都市：其他:第三種住宅區。,10000,143,持分移轉,12420001
RPSNMLSJMHLGFCB28DA,三塊厝段,.01,都市：其他:第二種住宅區,10000,143,持分移轉,12420003
RPOQMLOLLHLGFCB87DA,廣明段,5.23,都市：其他:第二種住宅區,100000,248,持分移轉,06080000
RPPOMLTJMHLGFAB97DA,中華段三小段,1.46,都市：其他:第二種商業區,10000,91,持分移轉,00020022
RPPOMLTJMHLGFAB97DA,中華段三小段,.98,都市：其他:第二種商業區,10000,91,持分移轉,00020023
RPRTMLKMLHLGFCB18DA,大明段,29.58,都市：其他:第二種住宅區,10000,397,持分移轉,01800000
RPQNMLKLMHLGFEB67DA,薰風段,119.00,都市：其他:住宅區,1,1,全筆移轉,08960000
RPPNMLSKMHLGFCB08DA,國安段,22.55,都市：其他:第一種住宅區,10000,33,持分移轉,00860000
RPSPMLPKMHLGFBB18DA,乾溝子段,9.02,都市：其他:第二種住宅區,10000,186,持分移轉,01550011
RPTPMLKMLHLGFBB87DA,洲際段,19.02,都市：其他:第一之一種住宅區,100000,785,持分移轉,04520000
RPRNMLTKMHLGFCB38DA,廣明段,13.26,都市：其他:第二種住宅區,100000,629,持分移轉,06080000
RPSOMLKLMHLGFCB77DA,下石碑段,27.34,都市：其他:第二種住宅區,10000,160,持分移轉,12420002
RPVOMLMJMHLGFBB97DA,東正段,11.34,都市：其他:第二種住宅區,10000,148,持分移轉,01230000
RPTOMLKLMHLGFCB87DA,西屯段,31.00,都市：其他:農業區,1,1,全筆移轉,32320010
SPTOMLKLMHLGFCB97DA,西屯段,79.00,都市：其他:農業區,1,1,全筆移轉,32330000
RPXPMLRKMHLGFBB88DA,仁和段,61.00,都市：其他:道路用地,1,1,全筆移轉,01790001
RPPNMLSLLHLGFEB28DA,欣洲段,69.06,非都市：特定農業區 ; 非都市編定：丁種建築用地,196830,10935,持分移轉,11420000
RPPNMLSLLHLGFEB28DA,欣洲段,33.21,非都市：特定農業區 ; 非都市編定：甲種建築用地,162,9,持分移轉,11510000
RPQNMLQKMHLGFEB18DA,福德段,1361.09,非都市：特定農業區 ; 非都市編定：農牧用地,1,1,全筆移轉,02660000
RPUSMLPKMHLGFBB68DA,東義段,20.02,都市：其他:第二種住宅區,2000,90,持分移轉,02900000
RPRNMLKLMHLGFEB77DA,義水段,75.93,都市：其他:住宅區,1,1,全筆移轉,08830004
RPOOMLKLMHLGFEB57DA,新六分段,250.33,非都市：特定農業區 ; 非都市編定：農牧用地,2,1,持分移轉,11950003
RPTPMLNKMHLGFFB48DA,南簡段,88.00,都市：其他:第四種住宅區,1,1,全筆移轉,02600008
RPUNMLPKMHLGFHB78DA,家興段,7.53,都市：其他:第一之一種住宅區,500000,972,持分移轉,05620000
RPTNMLRKMHLGFFB68DA,興仁段,8.52,都市：其他:第四種住宅區,150,1,持分移轉,02570000
RPTNMLRKMHLGFFB68DA,興仁段,.52,都市：其他:第四種住宅區,75,1,持分移轉,02590000
RPTNMLRKMHLGFFB68DA,興仁段,.31,都市：其他:第四種住宅區,75,1,持分移轉,02600000
RPTNMLRKMHLGFFB68DA,興仁段,.13,都市：其他:第四種住宅區,75,1,持分移轉,02620000
RPSNMLQKMHLGFHB68DA,自強段,81.00,非都市：特定農業區 ; 非都市編定：甲種建築用地,1,1,全筆移轉,19720045
RPSNMLQKMHLGFHB68DA,自強段,5.64,非都市：特定農業區 ; 非都市編定：甲種建築用地,10000,330,持分移轉,19720056
RPSNMLQKMHLGFHB68DA,自強段,5.35,非都市：特定農業區 ; 非都市編定：甲種建築用地,10000,330,持分移轉,19720062
RPWNMLQKMHLGFHB09DA,四德段,108.00,都市：其他:第二種住宅區,1,1,全筆移轉,00600010
RPQNMLRKMHLGFHB58DA,永興段,31.93,都市：其他:宗教專用區,14,7,持分移轉,05090000
RPQNMLRKMHLGFHB58DA,永興段,1.95,都市：其他:宗教專用區,14,7,持分移轉,05100000
RPQNMLRKMHLGFHB58DA,永興段,159.82,都市：其他:第二種商業區,14,7,持分移轉,05110000
RPRNMLRKMHLGFHB68DA,永興段,4.56,都市：其他:宗教專用區,28,2,持分移轉,05090000
RPRNMLRKMHLGFHB68DA,永興段,.28,都市：其他:宗教專用區,28,2,持分移轉,05100000
RPRNMLRKMHLGFHB68DA,永興段,22.83,都市：其他:第二種商業區,28,2,持分移轉,05110000
RPWNMLLMLHLGFIB78DA,華城段,73.52,都市：其他:第一種住宅區,1,1,全筆移轉,08430000
RPWNMLLMLHLGFIB78DA,華城段,8.53,都市：其他:第一種住宅區,1,1,全筆移轉,08430001
RPRNMLMJMHLGFIB18DA,北新段,63.01,都市：其他:住宅區,1,1,全筆移轉,02990000
RPRNMLLJMHLGFIB08DA,九德段,81.38,都市：其他:第三種住宅區。,1,1,全筆移轉,01400000
RPPNMLRKMHLGFIB58DA,北新段,83.24,都市：其他:住宅區,1,1,全筆移轉,03000000
RPOOMLRKMHLGFIB58DA,東湖段,157.80,都市：其他:住宅區,132,49,持分移轉,04570000
SPOOMLRKMHLGFIB68DA,東湖段,35.20,都市：其他:住宅區,2,1,持分移轉,04550000
SPOOMLRKMHLGFIB68DA,東湖段,132.04,都市：其他:住宅區,132,41,持分移轉,04570000
RPROMLRKMHLGFIB88DA,東湖段,260.49,,1,1,全筆移轉,01180000
RPQOMLRKMHLGFIB78DA,振坤段,24.57,都市：其他:住宅區,48,38,持分移轉,10250000
RPQOMLRKMHLGFIB78DA,仁美段,62.70,,2,1,持分移轉,10830000
RPRNMLQKMHLGFJB78DA,育賢段,24.82,都市：其他:住宅區,100000,670,持分移轉,02020000
RPQNMLRKMHLGFJB78DA,平欣段,22.31,都市：其他:住宅區,10000,174,持分移轉,01800000
RPQNMLMLMHLGFEB97EA,永吉段,97.96,都市：其他:農業區,1,1,全筆移轉,07650000
RPPOMLKKLHLGFAB07DA,東勢子段,83.00,都市：其他:第二種住宅區,1,1,全筆移轉,00200042
RPWOMLTKLHLGFAB68DA,下橋子頭段,.07,都市：其他:第二種住宅區,10000,144,持分移轉,02050232
RPWNMLQLLHLGFAB38DA,樹子腳段,14.60,都市：其他:第二種商業區,100000,192,持分移轉,12140000
RPQOMLMJMHLGFAB37DA,大慶段,105.04,都市：其他:第一之三種住宅區,100000,6354,持分移轉,02020000
RPUPMLKLMHLGFBB97DA,東義段,14.98,都市：其他:第二種住宅區,10000,65,持分移轉,02980000
RPXNMLSJMHLGFAB58DA,東勢子段,23.71,都市：其他:第二種住宅區,10000,24,持分移轉,00110000
RPPNMLKKMHLGFAB07DA,樹子腳段,11.44,都市：其他:第三種住宅區。,10000,49,持分移轉,17020000
RPPNMLKKMHLGFAB07DA,樹子腳段,9.87,都市：其他:第二種住宅區,10000,49,持分移轉,17040000
RPTRMLMJMHLGFBB08DA,中興段,6.58,都市：其他:第二種住宅區,10000,272,持分移轉,01460000
RPPNMLMKMHLGFAB27DA,後壠子段,58.00,都市：其他:第二種住宅區,1,1,全筆移轉,03200057
RPPNMLOKMHLGFAB47DA,東勢子段,23.71,都市：其他:第二種住宅區,10000,24,持分移轉,00110000
RPSPMLOKMHLGFAB97DA,下橋子頭段,6.46,都市：其他:第三種住宅區。,200000,60,持分移轉,02310001
RPQNMLKLMHLGFDB57DA,豐圳段,17.93,都市：其他:第三種住宅區。,1,1,全筆移轉,08650000
RPRNMLKLMHLGFAB37DA,土庫段,3.40,都市：其他:第二種住宅區,10000,43,持分移轉,00570525
RPRNMLKLMHLGFAB37DA,土庫段,5.67,都市：其他:第一種商業區,10000,43,持分移轉,02370000
RPQNMLMLLHLGFBB47DA,邱厝子段,53.00,都市：其他:第三種住宅區。,1,1,全筆移轉,00970022
RPQNMLMLLHLGFBB47DA,邱厝子段,45.00,都市：其他:第三種住宅區。,1,1,全筆移轉,00980001
RPQNMLMLLHLGFBB47DA,邱厝子段,1.00,都市：其他:第三種住宅區。,1,1,全筆移轉,00980015
RPVVMLKKMHLGFBB58DA,仁美段,15.09,都市：其他:第五種住宅區,1000000,1570,持分移轉,04080002
RPVVMLKKMHLGFBB58DA,仁美段,4.39,都市：其他:第二種住宅區,1000000,1570,持分移轉,04080026
RPPNMLRJMHLGFBB77DA,美和段,182.13,都市：其他:第一種住宅區,1,1,全筆移轉,04700002
RPQNMLRJMHLGFBB87DA,美和段,182.06,都市：其他:第一種住宅區,1,1,全筆移轉,04700003
RPPQMLNKMHLGFBB77DA,太順段,26.22,都市：其他:第二種住宅區,8,1,持分移轉,01480004
RPPQMLNKMHLGFBB77DA,太順段,85.92,都市：其他:第二種住宅區,1,1,全筆移轉,01480008
RPSSMLTJMHLGFBB78DA,錦村段,6.96,都市：其他:第二之一種商業區,200000,240,持分移轉,02460000
RPSSMLTJMHLGFBB78DA,錦村段,2.71,都市：其他:第一種商業區,200000,240,持分移轉,02460001
RPTSMLPKMHLGFBB58DA,松茂段,8.40,都市：其他:第二種住宅區,10,2,持分移轉,08610019
RPTSMLPKMHLGFBB58DA,松茂段,14.20,都市：其他:第二種住宅區,10,2,持分移轉,08610020
RPTSMLPKMHLGFBB58DA,松茂段,30.00,都市：其他:第二種住宅區,10,2,持分移轉,08710000
RPUPMLRKMHLGFBB58DA,陳平段,27.00,都市：其他:第二種住宅區,1,1,全筆移轉,02630014
RPUPMLRKMHLGFBB58DA,陳平段,14.00,都市：其他:第三之二種住宅區,1,1,全筆移轉,02630016
RPPNMLKLMHLGFBB27DA,文北段,19.28,都市：其他:第二之一種住宅區,100000,442,持分移轉,00130000
RPUNMLLLLHLGFCB87DA,福德段,19.98,都市：其他:第二種商業區,100000,627,持分移轉,01850000
RPSNMLTKMHLGFAB28DA,平民段九小段,1.50,都市：其他:第二種住宅區,10000,125,持分移轉,00010001
RPSNMLTKMHLGFAB28DA,平民段八小段,18.47,都市：其他:第二種住宅區,10000,125,持分移轉,00060000
RPWPMLNKMHLGFBB38DA,水源段,3.94,都市：其他:第二種住宅區,100000,390,持分移轉,03320031
RPWPMLNKMHLGFBB38DA,水源段,5.46,都市：其他:第一種商業區,100000,390,持分移轉,03480000
RPPNMLQJMHLGFCB77DA,國安段,15.29,都市：其他:第一之一種住宅區,10000,29,持分移轉,02970000
RPPNMLQJMHLGFCB77DA,國安段,.01,都市：其他:第一之一種住宅區,10000,29,持分移轉,02990000
RPQPMLQKMHLGFCB18DA,大新段,136.00,都市：其他:第二種住宅區,1,1,全筆移轉,06880003
RPRNMLKLMHLGFCB57DA,下石碑段,38.00,都市：其他:道路保留地,1,1,全筆移轉,19760004
RPTOMLRKMHLGFCB48DA,惠民段,10.39,都市：其他:第六種新市政中心專用區,100000,355,持分移轉,01090000
RPQNMLTKMHLGFCB28DA,大進段,36.69,都市：其他:第二種住宅區,1000000,12566,持分移轉,06680000
RPPOMLQKMHLGFCB97DA,寶山段,6.59,都市：其他:第二種住宅區,100000,142,持分移轉,08840000
RPPNMLNJMHLGFDB57DA,鐮村段,75.43,非都市：鄉村區 ; 非都市編定：乙種建築用地,1,1,全筆移轉,09160004
RPQNMLMLMHLGFEB87DA,幼獅段,112.00,非都市：工業區 ; 非都市編定：丁種建築用地,1,1,全筆移轉,06490000
RPRNMLMLMHLGFEB97DA,幼獅段,96.00,非都市：工業區 ; 非都市編定：丁種建築用地,1,1,全筆移轉,06740001
RPRPMLSJMHLGFCB38DA,上石碑段,5.62,都市：其他:第三之二種住宅區,100000,207,持分移轉,16570000
RPTNMLMLMHLGFEB18DA,大同段,67.65,都市：其他:第二種住宅區,1,1,全筆移轉,04760000
RPTNMLMLMHLGFEB18DA,大同段,78.71,都市：其他:第二種住宅區,1,1,全筆移轉,04770000
RPTNMLMLMHLGFEB18DA,大同段,11.21,都市：其他:第二種住宅區,1,1,全筆移轉,06290018
RPOOMLTJMHLGFFB38DA,梧棲段,6.50,都市：其他:第四種住宅區,10000,216,持分移轉,32030000
RPWNMLKKMHLGFFB28DA,市鎮南段,13.88,都市：其他:第三種商業區,10000,31,持分移轉,01490000
RPSNMLSJMHLGFDB38DA,西湳段,25.48,都市：其他:第二種住宅區,1,1,全筆移轉,05930002
RPSNMLSJMHLGFDB38DA,西湳段,7.29,都市：其他:第二種住宅區,1,1,全筆移轉,05970003
RPSNMLSJMHLGFDB38DA,西湳段,43.24,都市：其他:第二種住宅區,1,1,全筆移轉,05970007
RPQOMLRKMHLGFFB48DA,南簡段,156.00,都市：其他:第四種住宅區,1,1,全筆移轉,10740002
RPTNMLKLMHLGFFB08DA,三鹿段,19.19,都市：其他:第二種商業區,10000,79,持分移轉,09310000
RPRNMLTJMHLGFGB68DA,水底寮段上水底寮小段,970.00,非都市：一般農業區 ; 非都市編定：農牧用地,1,1,全筆移轉,03100460
RPROMLRJMHLGFFB48DA,六福段,1362.27,都市：其他:保護區,1,1,全筆移轉,01990000
RPROMLRJMHLGFFB48DA,晉江東段,329.09,都市：其他:保護區,1,1,全筆移轉,09600000
RPTNMLQKMHLGFHB78DA,大新段,656.80,都市：其他:農業區,1,1,全筆移轉,00470000
RPTNMLQKMHLGFHB78DA,大新段,573.38,都市：其他:農業區,1,1,全筆移轉,00470002
RPTNMLQKMHLGFHB78DA,大新段,83.40,非都市：特定農業區 ; 非都市編定：農牧用地,1,1,全筆移轉,00490001
RPTNMLQKMHLGFHB78DA,大新段,199.52,非都市：特定農業區 ; 非都市編定：農牧用地,1,1,全筆移轉,00490002
RPTNMLQKMHLGFHB78DA,大新段,526.70,非都市：特定農業區 ; 非都市編定：農牧用地,1,1,全筆移轉,00500000
RPUNMLPJLHLGFIB68DA,華城段,80.34,非都市：鄉村區 ; 非都市編定：乙種建築用地,1,1,全筆移轉,06550000
RPRNMLTKMHLGFIB98DA,東城段,85.89,都市：其他:住宅區,1,1,全筆移轉,12870008
RPRNMLTKMHLGFIB98DA,東城段,18.02,都市：其他:住宅區,11,1,持分移轉,12870009
RPUNMLLLMHLGFIB58DA,光正段,47.61,非都市：特定農業區 ; 非都市編定：甲種建築用地,1,1,全筆移轉,05380000
RPUNMLLLMHLGFIB58DA,光正段,19.99,非都市：特定農業區 ; 非都市編定：甲種建築用地,403,1,持分移轉,05410000
RPUNMLKMLHLGFJB58DA,東平段,85.31,都市：其他:第一種住宅區,1,1,全筆移轉,06490000
RPWNMLKKMHLGFAB77DA,後壠子段,29.09,都市：其他:第二之一種商業區,100000,400,持分移轉,02390000
RPOOMLTJMHLGFJB78DA,新福段,15.84,都市：其他:住宅區,10000,81,持分移轉,06070000
RPUNMLRKLHLGFHB88DA,甘潭段,10.35,都市：其他:第一之二種住宅區,10000,232,持分移轉,00660000
RPUNMLRKLHLGFHB88DA,甘潭段,14.66,都市：其他:第一之二種住宅區,10000,232,持分移轉,00680000
RPUNMLKKMHLGFJB48DA,平欣段,28.81,都市：其他:商業區,10000,62,持分移轉,06940000
RPQNMLTKMHLGFJB98DA,忠平段,118.00,都市：其他:乙種工業區,1,1,全筆移轉,00300013
RPSNMLKLMHLGFKB48DA,中蔗段,67.47,非都市：鄉村區 ; 非都市編定：乙種建築用地,1,1,全筆移轉,05130000
RPSNMLKLMHLGFKB48DA,中蔗段,11.08,非都市：鄉村區 ; 非都市編定：乙種建築用地,1,1,全筆移轉,05140000
RPRNMLKKMHLGFHB08EA,牛埔段,430.00,都市：其他:農業區,1,1,全筆移轉,08990000
RPPNMLLLMHLGFIB18EA,大坑段,526.10,非都市：山坡地保育區 ; 非都市編定：農牧用地,1,1,全筆移轉,00400000
RPXNMLNLLHLGFAB18DA,旱溪段,4.97,都市：其他:第二種住宅區,200,7,持分移轉,03530025
RPXNMLNLLHLGFAB18DA,旱溪段,1.36,都市：其他:第二種住宅區,200,7,持分移轉,03530026
RPXNMLNLLHLGFAB18DA,旱溪段,8.78,都市：其他:第二種住宅區,600,39,持分移轉,03530027
RPTNMLOKMHLGFAB87DA,半平厝段,16.11,都市：其他:第三種住宅區。,10000,53,持分移轉,19990000
RPQNMLNLMHLGFAB57DA,旱溪段,20.58,都市：其他:第二種住宅區,100000,2060,持分移轉,02530012
RPQNMLNLMHLGFAB57DA,旱溪段,11.64,都市：其他:第三種住宅區。,100000,2060,持分移轉,02530231
RPSNMLNLMHLGFAB77DA,旱溪段,16.95,都市：其他:第二種住宅區,100000,1697,持分移轉,02530012
RPSNMLNLMHLGFAB77DA,旱溪段,9.59,都市：其他:第三種住宅區。,100000,1697,持分移轉,02530231
RPWOMLKLMHLGFCB18DA,黎明段,17.25,都市：其他:第二種住宅區,1000000,2006,持分移轉,03690000
RPQRMLTJMHLGFBB48DA,平田段,23.64,都市：其他:第二種住宅區,1000,9,持分移轉,05860000
RPSNMLRKLHLGFAB97DA,科博段,3.21,都市：其他:第三種商業區,200000,92,持分移轉,05540000
RPXQMLRKMHLGFBB98DA,東光段,2.91,都市：其他:第四種商業區,100000,147,持分移轉,01950001
RPUOMLTKLHLGFCB68DA,惠順段,24.56,都市：其他:第四之一種商業區,1000000,9083,持分移轉,00080000
RPTOMLQKLHLGFBB18DA,崇德段,11.76,都市：其他:第二種商業區,10000,145,持分移轉,03770000
RPQNMLKLMHLGFBB37DA,陳平段,39.40,都市：其他:道路用地,5,1,持分移轉,08000007
RPQNMLKLMHLGFBB37DA,陳平段,38.40,都市：其他:道路用地,5,1,持分移轉,08000015
RPQNMLKLMHLGFBB37DA,陳平段,6.20,都市：其他:道路用地,5,1,持分移轉,11000000
RPTPMLKLMHLGFBB87DA,北屯段,223.00,都市：其他:第二種住宅區,1,1,全筆移轉,00410021
RPUNMLLLMHLGFBB87DA,新賴厝廍三段,20.45,都市：其他:第一種商業區,10000,418,持分移轉,04580000
RPPOMLTJMHLGFBB08DA,景美段,20.14,都市：其他:第一種商業區,10000,101,持分移轉,00150000
RPQQMLKLLHLGFCB67DA,上石碑段,15.05,都市：其他:第三之二種住宅區,100000,626,持分移轉,21110000
RPWOMLLJMHLGFCB08DA,大新段,6.85,都市：其他:第二種住宅區,10000,148,持分移轉,00570000
RPROMLKLMHLGFCB67DA,大新段,41.42,都市：其他:第二之一種商業區,100000,2831,持分移轉,03480000
RPXNMLKKMHLGFCB08DA,福德段,22.65,都市：其他:第二種商業區,100000,711,持分移轉,01850000
RPUPMLOKMHLGFCB38DA,三塊厝段,35.24,都市：其他:第二種住宅區,10000,242,持分移轉,09860000
RPUPMLOKMHLGFCB38DA,三塊厝段,7.26,都市：其他:第一種商業區,10000,242,持分移轉,09880000
RPSNMLKLMHLGFCB67DA,國安段,3.84,都市：其他:第一之一種住宅區,10000,15,持分移轉,02920002
RPQNMLKLMHLGFCB47DA,國安段,11.99,都市：其他:第六種住宅區,10000,41,持分移轉,05930493
RPPOMLRKMHLGFCB08DA,建功段,14.82,都市：其他:第五種住宅區,100000,234,持分移轉,00160000
RPUOMLKLMHLGFCB97DA,惠國段,44.26,都市：其他:第三種新市政中心專用區,100000,1383,持分移轉,00550001
RPSNMLLJMHLGFDB67DA,下南坑段,24.25,都市：其他:第二種住宅區,100000,5693,持分移轉,11790006
RPOOMLKKMHLGFDB37DA,慈興段,10.91,都市：其他:第一之二種住宅區,16,1,持分移轉,07030000
RPOOMLKKMHLGFDB37DA,慈興段,72.64,都市：其他:第一之二種住宅區,1,1,全筆移轉,07400013
RPOOMLKKMHLGFDB37DA,慈興段,27.48,都市：其他:第一之二種住宅區,12,1,持分移轉,07400022
RPRNMLOKMHLGFDB97DA,一心段,8.43,都市：其他:第一之一種住宅區,100000,126,持分移轉,06740000
RPTNMLRKLHLGFEB48DA,甲農段,243.00,非都市：特定農業區 ; 非都市編定：甲種建築用地,1,1,全筆移轉,03690000
RPTNMLRKLHLGFEB48DA,甲農段,51.00,非都市：特定農業區 ; 非都市編定：甲種建築用地,1,1,全筆移轉,05900000
RPXNMLMLMHLGFDB48DA,溪洲段,30.93,非都市：特定農業區 ; 非都市編定：水利用地,1,1,全筆移轉,05450002
RPQNMLLLMHLGFEB77DA,金華段,54.51,都市：其他:住宅區,1,1,全筆移轉,03270000
RPPNMLTJLHLGFFB28DA,成衣段,17.68,都市：其他:第四種住宅區,100000,473,持分移轉,01950000
RPWNMLTJMHLGFEB98DA,新六分段,2674.23,非都市：特定農業區 ; 非都市編定：農牧用地,1,1,全筆移轉,05820001
RPSNMLKKMHLGFFB87DA,興仁段,27.14,都市：其他:第四種住宅區,20000,670,持分移轉,06880000
RPPNMLTKMHLGFFB48DA,鹿寮東段,29.68,都市：其他:第四種住宅區,100000,1503,持分移轉,09740000
RPSPMLLMLHLGFIB58DA,天時段,18.05,都市：其他:住宅區,10000,167,持分移轉,02760000
RPWOMLRKMHLGFCB78DA,寶山段,68.00,都市：其他:第二種住宅區,1,1,全筆移轉,07730026
RPUNMLMJLHLGFAB57DA,樹子腳段,17.49,都市：其他:第三種住宅區。,10000,31,持分移轉,09460000
RPSNMLKLMHLGFIB28DA,夏田東段,28.72,非都市：一般農業區 ; 非都市編定：交通用地,5,1,持分移轉,04350000
RPSNMLKLMHLGFIB28DA,夏田東段,69.99,非都市：一般農業區 ; 非都市編定：交通用地,5,1,持分移轉,04980000
RPSOMLRKMHLGFIB98DA,新甲段,68.85,都市：其他:第二種住宅區,1,1,全筆移轉,01370006
RPSOMLRKMHLGFIB98DA,新甲段,.56,都市：其他:第二種住宅區,48,1,持分移轉,01370007
RPSOMLRKMHLGFIB98DA,新甲段,.84,都市：其他:第二種住宅區,48,1,持分移轉,01370017
RPRNMLQLLHLGFJB78DA,平欣段,31.41,都市：其他:住宅區,10000,245,持分移轉,01800000
RPTNMLKLLHLGFJB38DA,育賢段,15.66,都市：其他:住宅區,10000,49,持分移轉,00650000
RPRNMLQJLHLGFJB58DA,萬福段,122.67,非都市：鄉村區 ; 非都市編定：乙種建築用地,1,1,全筆移轉,06710000
RPQNMLMLMHLGFKB48DA,中社段,38.38,都市：其他:第二種住宅區,542499,3838,持分移轉,07000000
RPVNMLNKMHLGFJB88DA,樹孝段,25.92,都市：其他:住宅區,10000,176,持分移轉,12550000
RPPNMLMLMHLGFFB97EA,平等段,66.41,都市：其他:第二種住宅區,1,1,全筆移轉,10270000
RPSNMLLMLHLGFAB57DA,大益段,17.37,都市：其他:第二種住宅區,10000,137,持分移轉,03180000
RPPOMLLJMHLGFAB17DA,下橋子頭段,17.53,都市：其他:第二種住宅區,10000,38,持分移轉,01770000
RPQOMLTJMHLGFAB08DA,後壠子段,7.44,都市：其他:第一種商業區,10000,181,持分移轉,02520018
RPTOMLNLMHLGFAB97DA,平等段一小段,57.00,都市：其他:第一種商業區,1,1,全筆移轉,00070009
RPTOMLNLMHLGFAB97DA,平等段一小段,4.00,都市：其他:第一種商業區,1,1,全筆移轉,00070059
RPRNMLKLMHLGFJB28DA,育賢段,26.58,都市：其他:住宅區,10000,25,持分移轉,01810001
RPTNMLKLMHLGFJB48DA,太平段,34.00,都市：其他:住宅區,10000,212,持分移轉,05890000
RPPNMLRKMHLGFJB68DA,長億段,91.95,都市：其他:住宅區,1,1,全筆移轉,10450001
RPQPMLKLMHLGFCB67DA,惠信段,8.87,都市：其他:第二種住宅區,10000,12,持分移轉,01180000
RPVNMLOLLHLGFBB18DA,景美段,16.91,都市：其他:第一種商業區,100000,1343,持分移轉,00480000
RPQOMLKLMHLGFBB47DA,新賴厝廍二段,2.04,都市：其他:第二種住宅區,10000,33,持分移轉,11050000
RPXPMLKMLHLGFBB28DA,文正段,19.65,都市：其他:第二種住宅區,1000000,1228,持分移轉,01190000
RPXRMLRKMHLGFBB09DA,東新段,10.79,都市：其他:第二種住宅區,100000,172,持分移轉,00080000
RPURMLTJMHLGFBB88DA,平田段,4.12,都市：其他:第三種住宅區。,30000,19,持分移轉,08810000
RPRPMLRJMHLGFBB18DA,水源段,49.00,都市：其他:第二種住宅區,1,1,全筆移轉,02990063
RPRPMLRJMHLGFBB18DA,水源段,6.64,都市：其他:第二種住宅區,100000,1779,持分移轉,02990080
RPRPMLRJMHLGFBB18DA,水源段,4.96,都市：其他:第二種住宅區,100000,1779,持分移轉,02990081
RPRPMLRJMHLGFBB18DA,水源段,5.85,都市：其他:第二種住宅區,100000,1779,持分移轉,02990082
RPOPMLOKMHLGFBB67DA,陳平段,14.14,都市：其他:第二種住宅區,100000,596,持分移轉,32450000
RPQSMLRKMHLGFBB48DA,平田段,9.14,都市：其他:第二種住宅區,100000,108,持分移轉,01000000
RPQSMLRKMHLGFBB48DA,平田段,1.69,都市：其他:第三種住宅區。,100000,108,持分移轉,01000001
RPTPMLMLMHLGFBB08DA,東山段,14.49,都市：其他:第二種住宅區,10000,99,持分移轉,04160000
RPSNMLNLMHLGFBB87DA,軍福段,12.97,都市：其他:第三種住宅區。,10000,199,持分移轉,02300000
RPSNMLNLMHLGFBB87DA,軍福段,11.95,都市：其他:第二種住宅區,10000,199,持分移轉,02310000
RPSRMLKLLHLGFCB97DA,大進段,4.44,都市：其他:第二種住宅區,498400,444,持分移轉,10100000
RPVOMLNKMHLGFCB28DA,民安段,59.15,都市：其他:第一種住宅區,3000,92,持分移轉,03400000
RPVOMLNKMHLGFCB28DA,民安段,34.92,都市：其他:第一之一種住宅區,3000,92,持分移轉,03400001
RPOOMLNLMHLGFDB77DA,社南段,117.00,都市：其他:農業區,1,1,全筆移轉,06180002
RPXNMLRLLHLGFCB78DA,埔興段,41.26,都市：其他:第二之二種住宅區,2,1,持分移轉,16100009
RPVNMLMLMHLGFCB18DA,上石碑段,17.74,都市：其他:第三之二種住宅區,30000,153,持分移轉,07680000
RPUNMLLMLHLGFCB97DA,惠安段,5.68,都市：其他:第四之一種商業區,100000,70,持分移轉,02230000
RPPOMLNLMHLGFDB87DA,龍宮段,93.32,都市：其他:第二種住宅區,1,1,全筆移轉,08450000
RPQNMLOLLHLGFEB97DA,順天段,91.00,都市：其他:住宅區,1,1,全筆移轉,04430000
RPTNMLTJMHLGFFB78DA,裕嘉段,800.00,都市：其他:農業區,1,1,全筆移轉,07420000
RPUNMLRJMHLGFIB98DA,德芳段,25.47,都市：其他:住宅區,8,1,持分移轉,00180000
RPUNMLRJMHLGFIB98DA,德芳段,56.00,都市：其他:住宅區,1,1,全筆移轉,00180006
RPXNMLNLMHLGFIB09DA,重建段,1484.00,都市：其他:農業區,1,1,全筆移轉,00280000
RPVNMLKKMHLGFJB58DA,和平段,96.00,都市：其他:住宅區,1,1,全筆移轉,02270000
RPSNMLLLMHLGFHB28DA,聖宮段,15.78,都市：其他:第一之二種住宅區,10000,83,持分移轉,11690000
RPOOMLKLMHLGFKB18DA,遊園北段,1018.80,都市：其他:保護區,1,1,全筆移轉,02750000
RPPOMLKLMHLGFKB28DA,遊園北段,936.85,都市：其他:捷運用地,1,1,全筆移轉,02750001
RPPOMLMKLHLGFAB27DA,樹子腳段,14.83,都市：其他:第二種商業區,100000,195,持分移轉,12140000
RPQOMLKKMHLGFIB08DA,新高鐵段,11.01,都市：其他:商業區,100000,190,持分移轉,00570000
RPPNMLLKMHLGFAB17DA,土庫段,7.64,都市：其他:第二種住宅區,1000000,10301,持分移轉,00010001
RPPNMLLKMHLGFAB17DA,土庫段,15.54,都市：其他:第一種商業區,1000000,10301,持分移轉,02890000
RPWNMLOLMHLGFAB28DA,樹子腳段,19.75,都市：其他:第三種住宅區。,10000,35,持分移轉,09460000
RPWNMLNLLHLGFBB18DA,東山段,16.07,都市：其他:第二種住宅區,2000,42,持分移轉,01460000
RPPNMLKMLHLGFAB17DA,東橋段,57.05,都市：其他:第三種住宅區。,1,1,全筆移轉,00590000
RPPOMLNKMHLGFAB47DA,練武段,11.94,都市：其他:第四之二種商業區,100000,387,持分移轉,10510000
RPRNMLKMLHLGFBB47DA,文正段,15.00,都市：其他:第一種商業區,1,1,全筆移轉,00270314
RPRNMLKMLHLGFBB47DA,文正段,18.00,都市：其他:第一種商業區,1,1,全筆移轉,00270616
RPRNMLKMLHLGFBB47DA,文正段,18.00,都市：其他:第一種商業區,1,1,全筆移轉,00270617
RPSNMLLLMHLGFJB48DA,育賢段,22.34,都市：其他:住宅區,10000,26,持分移轉,02010000
RPWPMLRJMHLGFBB68DA,太和段,23.92,都市：其他:第三種住宅區。,100000,766,持分移轉,00300000
RPOPMLSJMHLGFBB97DA,長安段,24.00,都市：其他:第三種住宅區。,10000,332,持分移轉,04260045
RPTQMLTJMHLGFBB68DA,陳平段,2.50,都市：其他:第二種住宅區,8,2,持分移轉,07300007
RPTQMLTJMHLGFBB68DA,陳平段,6.50,都市：其他:第二種住宅區,8,2,持分移轉,07300043
RPTQMLTJMHLGFBB68DA,陳平段,58.25,都市：其他:第二種住宅區,8,2,持分移轉,07300048
RPTQMLTJMHLGFBB68DA,陳平段,1.50,都市：其他:第二種住宅區,8,2,持分移轉,07300075
RPOOMLOKMHLGFCB67DA,惠安段,5.03,都市：其他:第四之一種商業區,100000,62,持分移轉,02230000
RPROMLPKMHLGFCB08DA,中正段,6.78,都市：其他:第二種住宅區,10000,53,持分移轉,00170000
RPUOMLPKMHLGFCB38DA,安林段,14.82,都市：其他:農業區,10,1,持分移轉,04370001
RPUOMLPKMHLGFCB38DA,安林段,18.73,都市：其他:農業區,1,1,全筆移轉,04370004
RPUOMLPKMHLGFCB38DA,安林段,75.60,都市：其他:農業區,1,1,全筆移轉,04370009
RPSNMLQKMHLGFCB18DA,信安段,2.70,都市：其他:第三之一種住宅區,200000,174,持分移轉,08680000
RPRNMLOJLHLGFAB47DA,旱溪段,76.00,都市：其他:第二種住宅區,1,1,全筆移轉,03180204
RPTPMLLJMHLGFBB77DA,文北段,20.42,都市：其他:第二之一種住宅區,100000,468,持分移轉,00130000
RPTNMLSJMHLGFBB28DA,同榮段,34.14,都市：其他:第二種住宅區,100000,1887,持分移轉,12300000
RPWNMLMLMHLGFBB18DA,錦村段,10.46,都市：其他:第二種住宅區,300000,435,持分移轉,00610000
RPQNMLSJMHLGFBB97DA,東義段,36.08,都市：其他:第二種住宅區,1000,44,持分移轉,00580000
RPOQMLNLMHLGFBB77DA,長安段,.12,都市：其他:第三種住宅區。,10000,169,持分移轉,01390000
RPPNMLOJLHLGFEB67DA,金華段,29.96,都市：其他:住宅區,1,1,全筆移轉,08870000
RPOQMLNLMHLGFBB77DA,長安段,19.22,都市：其他:第三種住宅區。,10000,169,持分移轉,01410000
RPOQMLNLMHLGFBB77DA,長安段,1.47,都市：其他:第二種住宅區,10000,169,持分移轉,01410001
RPOQMLNLMHLGFBB77DA,長安段,1.57,都市：其他:第三種住宅區。,10000,169,持分移轉,01420000
RPOQMLNLMHLGFBB77DA,長安段,.22,都市：其他:第三種住宅區。,10000,169,持分移轉,01430000
RPOQMLNLMHLGFBB77DA,長安段,.17,都市：其他:第三種住宅區。,10000,169,持分移轉,01440000
RPSNMLPKMHLGFKB88DA,文昌段,155.00,都市：其他:住宅區,1,1,全筆移轉,18900006
RPRNMLQKMHLGFCB08DA,西屯段,12.83,都市：其他:第二種住宅區,10000,22,持分移轉,22500000
RPRNMLQKMHLGFCB08DA,西屯段,7.88,都市：其他:第三之二種住宅區,10000,22,持分移轉,23150000
RPWNMLTJLHLGFDB78DA,圳前段,85.54,都市：其他:第一之一種住宅區,1,1,全筆移轉,03510026
RPSNMLTJMHLGFDB48DA,西湳北段,863.45,都市：其他:農業區,3,2,持分移轉,09340001
RPSNMLTJMHLGFDB48DA,西湳北段,6.67,都市：其他:農業區,153,5,持分移轉,09350000
RPQQMLOKMHLGFCB08DA,建功段,14.33,都市：其他:第五種住宅區,100000,168,持分移轉,00260000
RPQNMLNKMHLGFDB77DA,豐南段,127.00,都市：其他:第二種住宅區,1,1,全筆移轉,02030000
RPQNMLLMLHLGFFB87DA,市鎮北段,10.72,都市：其他:第四種商業區,100000,210,持分移轉,01180000
RPWPMLKKMHLGFBB08DA,乾溝子段,31.89,都市：其他:第二種住宅區,10000,169,持分移轉,00310000
RPVNMLLMLHLGFFB38DA,鹿寮東段,17.88,都市：其他:保護區,90,1,持分移轉,07020000
RPVNMLLMLHLGFFB38DA,鹿寮東段,32.42,都市：其他:第四種住宅區,1000000,11057,持分移轉,09220000
RPOOMLRKMHLGFFB28DA,朝天段,164.45,都市：其他:農業區,30,3,持分移轉,09620000
RPUNMLOKMHLGFFB48DA,三民段,69.00,都市：其他:第四種住宅區,1,1,全筆移轉,06320008
RPTOMLNKMHLGFFB38DA,市鎮南段,6.73,都市：其他:第四種商業區,100000,30,持分移轉,00970000
RPPNMLRKMHLGFGB38DA,福興段,18.86,都市：其他:住宅區,5000,60,持分移轉,01050000
RPPNMLRKMHLGFGB38DA,福興段,3.50,都市：其他:住宅區,1000,7,持分移轉,01110000
RPPNMLRLMHLGFGB48DA,東勢段中嵙小段,390.00,非都市：山坡地保育區 ; 非都市編定：農牧用地,1,1,全筆移轉,11480006
RPTNMLLLMHLGFHB38DA,家興段,10.30,都市：其他:第一之一種住宅區,100000,294,持分移轉,05630000
RPQPMLMLMHLGFFB18DA,梧棲段,12.98,都市：其他:第三種商業區,100000,721,持分移轉,28450000
RPXQMLKMLHLGFIB09DA,九德段,19.89,都市：其他:道路用地,200,20,持分移轉,00650003
RPQNMLRLMHLGFFB48DA,吳厝北段,12664.31,都市：其他:保護區,48620800,20258667,持分移轉,07350000
RPTOMLLLMHLGFIB58DA,興祥段,19.03,都市：其他:第三種住宅區。,175668,1903,持分移轉,01610000
RPUNMLKLMHLGFKB68DA,北王田段,69.01,都市：其他:第一種住宅區,1,1,全筆移轉,06020000
RPSNMLLLMHLGFKB58DA,遊園南段,88.32,非都市：鄉村區 ; 非都市編定：乙種建築用地,1,1,全筆移轉,01020000
RPQNMLLLMHLGFKB38DA,三德段,261.50,都市：其他:第四種住宅區,2,1,持分移轉,13900001
RPQNMLLLMHLGFKB38DA,三德段,2.50,都市：其他:道路用地,2,1,持分移轉,13900016
RPQNMLLLMHLGFKB38DA,三德段,1.50,都市：其他:道路用地,2,1,持分移轉,13900017
RPQNMLLLMHLGFKB38DA,三德段,6.00,都市：其他:道路用地,2,1,持分移轉,13900018
RPUNMLQKMHLGFKB56DA,遊園北段,190.65,都市：其他:保護區,1,1,全筆移轉,02680000
RPQNMLOLMHLGFEB08DA,三崁段,212.45,非都市：特定農業區 ; 非都市編定：甲種建築用地,1,1,全筆移轉,07970000
RPQNMLSLMHLGFGB78EA,水底寮段上水底寮小段,197.00,非都市：鄉村區 ; 非都市編定：乙種建築用地,1,1,全筆移轉,03100404
RPPNMLOLMHLGFIB48EA,仁城段,111.31,非都市：特定農業區 ; 非都市編定：農牧用地,1,1,全筆移轉,02390000
RPSNMLLJMHLGFAB37DA,東勢子段,23.10,都市：其他:第二種住宅區,10000,1750,持分移轉,00350013
RPPNMLOLMHLGFKB68EA,遊園北段,29.01,都市：其他:捷運用地,1,1,全筆移轉,02680001
RPWRMLTJMHLGFBB09DA,平田段,10.64,都市：其他:第二種住宅區,10000,160,持分移轉,03850000
RPTPMLLMLHLGFBB97DA,陳平段,12.97,都市：其他:第二種住宅區,10000,39,持分移轉,19260000
RPQNMLMLMHLGFBB57DA,北屯段,17.14,都市：其他:第二種住宅區,1000000,20378,持分移轉,02520000
RPUNMLMLMHLGFBB97DA,新賴厝廍三段,15.59,都市：其他:第二之一種商業區,10000,108,持分移轉,04370000
RPSNMLTJMHLGFBB28DA,水源段,5.76,都市：其他:第一種商業區,10000,87,持分移轉,02880027
RPPOMLMLMHLGFBB57DA,大富段,630.49,都市：其他:農業區,1,1,全筆移轉,02040011
RPPNMLRLLHLGFCB97DA,黎明段,11.48,都市：其他:第二種住宅區,200000,306,持分移轉,02550000
RPVNMLMLMHLGFBB08DA,大富段,700.05,都市：其他:農業區,1,1,全筆移轉,02040015
RPQOMLQLLHLGFCB08DA,黎明段,10.43,都市：其他:第二種住宅區,100000,188,持分移轉,03510000
RPRSMLPLLHLGFCB48DA,建功段,14.37,都市：其他:第五種住宅區,100000,176,持分移轉,00040000
RPWTMLKMLHLGFCB68DA,大進段,4.60,都市：其他:第二種住宅區,498400,460,持分移轉,10100000
RPWNMLPKMHLGFCB48DA,信安段,7.27,都市：其他:第三之一種住宅區,10000,33,持分移轉,06370000
RPRNMLLLMHLGFKB48DA,中山段,90.00,都市：其他:第四種住宅區,1,1,全筆移轉,09240011
RPWQMLMLMHLGFCB58DA,永益段,1475.00,都市：其他:第一之一種住宅區,1,1,全筆移轉,00590000
RPPNMLRLMHLGFDB18DA,豐原段,109.00,都市：其他:第三種住宅區。,1,1,全筆移轉,08510058
RPRNMLNLMHLGFCB87DA,國安段,3.09,都市：其他:第三之一種住宅區,10000,14,持分移轉,03000000
RPPNMLLKMHLGFGB77DA,福興段,69.59,都市：其他:住宅區,1,1,全筆移轉,01080000
RPPNMLSLMHLGFGB58DA,達觀段,1310.00,非都市：山坡地保育區 ; 非都市編定：丙種建築用地,1,1,全筆移轉,07800000
RPROMLTKLHLGFHB88DA,永和段,78.91,都市：其他:第二種住宅區,1,1,全筆移轉,01560000
RPSOMLTKLHLGFHB98DA,永和段,3.29,都市：其他:第二種住宅區,1,1,全筆移轉,01570000
RPQNMLRLLHLGFHB58DA,家興段,9.76,都市：其他:第一之一種住宅區,100000,252,持分移轉,05620000
RPVNMLQKLHLGFBB28DA,東正段,12.47,都市：其他:第一種商業區,10000,146,持分移轉,00920000
RPPNMLOLLHLGFIB28DA,吉隆段,16.38,都市：其他:住宅區,100000,309,持分移轉,14350000
RPVNMLOLMHLGFHB88DA,東員寶段,135.00,都市：其他:第一之一種住宅區,1,1,全筆移轉,03510000
RPTNMLLJMHLGFIB28DA,自立段,346.35,都市：其他:道路用地,1,1,全筆移轉,00250001
RPTQMLKMLHLGFIB68DA,新三和段,67.08,都市：其他:第二種住宅區,1,1,全筆移轉,00580003
RPTQMLKMLHLGFIB68DA,新三和段,21.81,都市：其他:第二種住宅區,14,1,持分移轉,00580007
RPRNMLOLMHLGFBB87DA,邱厝子段,10.12,都市：其他:第三種住宅區。,10000,48,持分移轉,00160009
RPOQMLQKMHLGFBB97DA,東山段,5.30,都市：其他:第一種商業區,100000,226,持分移轉,02560000
RPQOMLOKMHLGFJB58DA,太平段,73.00,都市：其他:住宅區,1,1,全筆移轉,06230050
RPQNMLRKLHLGFJB68DA,東興段,21.16,都市：其他:農業區,48,2,持分移轉,01560000
RPQNMLRKLHLGFJB68DA,東興段,3.93,都市：其他:河川區兼供道路使用,48,2,持分移轉,01560001
RPQNMLRKLHLGFJB68DA,東興段,61.23,都市：其他:農業區,48,2,持分移轉,01570000
RPQNMLRKLHLGFJB68DA,東興段,2.17,都市：其他:河川區兼供道路使用,48,2,持分移轉,01570001
RPQNMLRKLHLGFJB68DA,東興段,.28,,48,2,持分移轉,01570003
RPQNMLRKLHLGFJB68DA,東興段,2.88,,48,2,持分移轉,02670000
RPQNMLRKLHLGFJB68DA,東興段,.11,,48,2,持分移轉,02670001
RPQNMLRKLHLGFJB68DA,東興段,.41,,48,2,持分移轉,02680000
RPQNMLRKLHLGFJB68DA,東興段,.03,,48,2,持分移轉,02680001
RPQNMLRKLHLGFJB68DA,東興段,14.70,,48,2,持分移轉,02690000
RPQNMLRKLHLGFJB68DA,東興段,.45,,48,2,持分移轉,02690001
RPVOMLNLMHLGFIB98DA,北新段,14.39,都市：其他:住宅區,100000,600,持分移轉,10290000
RPSNMLOJLHLGFHB28DA,中山段,10.79,都市：其他:第二種住宅區,10000,123,持分移轉,02310000
RPVNMLLMLHLGFAB87DA,萬安段七小段,14.92,都市：其他:第二種住宅區,10000,122,持分移轉,00010002
RPPNMLTLLHLGFFB48DA,東英段,51.81,都市：其他:第二種住宅區,1,1,全筆移轉,12450020
RPPNMLTLLHLGFFB48DA,東英段,22.06,都市：其他:第二種住宅區,50200,2206,持分移轉,12450031
RPUOMLSJMHLGFAB38DA,麻園頭段,3.88,都市：其他:第二之一種商業區,10000,36,持分移轉,00460000
RPQNMLSLMHLGFAB08DA,大益段,12.83,都市：其他:第二種住宅區,20000,286,持分移轉,08850000
RPOOMLQLLHLGFBB77DA,青萍段,40.75,都市：其他:第二種住宅區,4,1,持分移轉,07880000
RPVNMLLLMHLGFBB97DA,碧柳段,17.97,都市：其他:第二之一種住宅區,100000,344,持分移轉,01750000
RPOOMLRLMHLGFBB97DA,新賴厝廍九段,1.77,都市：其他:道路用地,1,1,全筆移轉,11170000
RPOOMLRLMHLGFBB97DA,新賴厝廍九段,41.76,都市：其他:第二種住宅區,1,1,全筆移轉,11180000
RPOQMLQKLHLGFCB97DA,保安段,14.56,都市：其他:第一種商業區,10000,89,持分移轉,11420000
RPSNMLMLLHLGFCB77DA,中正段,4.85,都市：其他:第二種住宅區,10000,85,持分移轉,00770000
RPPOMLRLLHLGFBB97DA,長安段,12.88,都市：其他:第二種住宅區,10000,111,持分移轉,05090000
RPUNMLPKMHLGFAB08DA,練武段,11.76,都市：其他:第四之二種商業區,100000,1700,持分移轉,10540000
RPSQMLRKMHLGFBB48DA,平田段,14.31,都市：其他:第二種住宅區,10000,74,持分移轉,04940000
RPUPMLOLLHLGFCB38DA,何安段,10.86,都市：其他:第二種住宅區,60000,582,持分移轉,04860000
RPTRMLPLLHLGFCB58DA,中和段,24.68,都市：其他:第二種住宅區,10000,66,持分移轉,04840000
RPOQMLMLMHLGFCB77DA,建功段,9.39,都市：其他:第五種住宅區,100000,115,持分移轉,00040000
RPPNMLNLMHLGFEB87DA,永吉段,94.20,非都市：特定農業區 ; 非都市編定：甲種建築用地,1,1,全筆移轉,01790000
RPSOMLTJMHLGFFB78DA,正義段,.71,都市：其他:第二種住宅區,163296000,85050,持分移轉,04730000
RPSOMLTJMHLGFFB78DA,正義段,.08,都市：其他:道路用地,6531840,3402,持分移轉,04740000
RPSOMLTJMHLGFFB78DA,正義段,.66,都市：其他:第二種住宅區,32659200,17010,持分移轉,04750000
RPSOMLTJMHLGFFB78DA,正義段,.17,都市：其他:第二種住宅區,32659200,17010,持分移轉,04790000
RPSOMLTJMHLGFFB78DA,正義段,.18,都市：其他:第二種住宅區,163296000,85050,持分移轉,04980000
RPSOMLTJMHLGFFB78DA,正義段,.36,都市：其他:第二種住宅區,32659200,17010,持分移轉,04990000
RPSOMLTJMHLGFFB78DA,正義段,.11,都市：其他:第二種住宅區,163296000,85050,持分移轉,05020000
RPSOMLTJMHLGFFB78DA,正義段,.12,都市：其他:第二種住宅區,163296000,85050,持分移轉,05040000
RPSOMLTJMHLGFFB78DA,正義段,1.72,都市：其他:第二種住宅區,816480000,425250,持分移轉,05220000
RPSOMLTJMHLGFFB78DA,正義段,.00,都市：其他:第二種住宅區,163296000,85050,持分移轉,05230000
RPSOMLTJMHLGFFB78DA,正義段,.02,都市：其他:道路用地,32659200,17010,持分移轉,05270000
RPSOMLTJMHLGFFB78DA,正義段,.00,都市：其他:第二種住宅區,32659200,17010,持分移轉,05290000
RPSOMLTJMHLGFFB78DA,正義段,.01,都市：其他:道路用地,32659200,17010,持分移轉,05300000
RPSOMLTJMHLGFFB78DA,正義段,.90,都市：其他:第二種住宅區,4665600,2430,持分移轉,05380000
RPSOMLTJMHLGFFB78DA,正義段,.01,都市：其他:第二種住宅區,32659200,17010,持分移轉,05390000
RPSOMLTJMHLGFFB78DA,正義段,.05,都市：其他:道路用地,32659200,17010,持分移轉,05620000
RPSOMLTJMHLGFFB78DA,正義段,.02,都市：其他:第二種住宅區,32659200,17010,持分移轉,05630000
RPTOMLTJMHLGFFB88DA,正義段,.81,都市：其他:第二種住宅區,1088640,567,持分移轉,04840000
RPQOMLOKMHLGFFB18DA,武秀段,82.00,都市：其他:第四種住宅區,1,1,全筆移轉,12870002
RPSNMLPKMHLGFFB38DA,庄南段,32.63,都市：其他:第四種住宅區,100000,716,持分移轉,05810000
RPSOMLMLMHLGFFB28DA,民權段,17.00,都市：其他:第四種住宅區,40,2,持分移轉,13580016
RPSOMLMLMHLGFFB28DA,民權段,65.00,都市：其他:第四種住宅區,1,1,全筆移轉,13580019
RPPPMLMLMHLGFFB08DA,公館段,323.33,非都市：一般農業區 ; 非都市編定：農牧用地,3,1,持分移轉,04730009
RPPNMLSLMHLGFFB48DA,忠孝段,85.09,都市：其他:第四種住宅區,7200,270,持分移轉,05660000
RPPNMLSLMHLGFFB48DA,忠孝段,4.73,都市：其他:第四種住宅區,7200,270,持分移轉,05680000
RPPNMLSLMHLGFFB48DA,忠孝段,4.73,都市：其他:第四種住宅區,7200,270,持分移轉,05690000
RPQNMLTKLHLGFGB58DA,水底寮段上水底寮小段,385.00,非都市：一般農業區 ; 非都市編定：農牧用地,1,1,全筆移轉,01520568
RPQNMLTKLHLGFGB58DA,水底寮段上水底寮小段,333.00,非都市：一般農業區 ; 非都市編定：農牧用地,1,1,全筆移轉,01520569
RPTNMLRJMHLGFIB88DA,新義段,14.07,都市：其他:商業區,10000,51,持分移轉,00090000
RPPPMLNKMHLGFIB38DA,湖日段,19.83,都市：其他:第三種住宅區。,100000,1246,持分移轉,09030000
RPRPMLNKMHLGFIB58DA,地利段,57.00,都市：其他:商業區,1,1,全筆移轉,06140000
RPRPMLNKMHLGFIB58DA,地利段,12.00,都市：其他:住宅區,1,1,全筆移轉,06590000
RPVNMLOKMHLGFIB88DA,新仁段,58.00,都市：其他:住宅區,1,1,全筆移轉,04400000
RPOOMLMLMHLGFIB18DA,喬城段,19.16,都市：其他:住宅區,61,1,持分移轉,03480000
RPOOMLMLMHLGFIB18DA,喬城段,1.38,都市：其他:住宅區,61,1,持分移轉,03480024
RPOOMLMLMHLGFIB18DA,喬城段,75.96,都市：其他:住宅區,1,1,全筆移轉,03480052
RPTNMLTLMHLGFIB66DA,新光段,208.30,都市：其他:住宅區,1,1,全筆移轉,05980000
RPSOMLLMLHLGFCB87DA,大新段,6.90,都市：其他:第二種住宅區,10000,149,持分移轉,00570000
RPPNMLPLMHLGFCB87DA,上石碑段,.23,都市：其他:第三種商業區,10000,94,持分移轉,10390055
RPPNMLPLMHLGFCB87DA,上石碑段,11.14,都市：其他:第三種商業區,10000,94,持分移轉,27660000
RPVNMLOLMHLGFIB98DA,新甲段,21.06,都市：其他:商業區,10000,97,持分移轉,00620000
RPWNMLLMLHLGFJB88DA,長安段,65.43,都市：其他:住宅區,1,1,全筆移轉,03750001
RPPNMLRJMHLGFJB58DA,新興段,16.49,都市：其他:住宅區,10000,20,持分移轉,00230000
RPSNMLOLLHLGFBB87DA,平田段,16.22,都市：其他:第二種住宅區,100000,276,持分移轉,05140000
RPVRMLLJMHLGFBB18DA,錦村段,9.03,都市：其他:第二之一種商業區,100000,80,持分移轉,02430000
RPPNMLSJMHLGFJB68DA,信平段,92.00,都市：其他:農業區,1,1,全筆移轉,05570000
RPWNMLOLLHLGFJB09DA,廣隆段,63.91,非都市：鄉村區 ; 非都市編定：乙種建築用地,1,1,全筆移轉,02520000
RPPNMLTKLHLGFBB08EA,洲際段,198.25,都市：其他:第一之一種住宅區,1,1,全筆移轉,05640000
RPPNMLTLMHLGFFB68EA,三民段,95.00,都市：其他:第四種住宅區,1,1,全筆移轉,01090020
RPPNMLOLMHLGFFB18EA,居仁段,10.64,都市：其他:第四種住宅區,1,1,全筆移轉,00610001
RPPNMLOLMHLGFFB18EA,居仁段,12.19,都市：其他:第四種住宅區,1,1,全筆移轉,00700000
RPPNMLLLMHLGFKB38EA,三德段,30.75,都市：其他:第四種住宅區,4,1,持分移轉,14090019
RPPNMLLLMHLGFKB38EA,三德段,2.00,都市：其他:第四種住宅區,4,1,持分移轉,14090032
RPQNMLMKLHLGFAB27DA,麻園頭段,89.00,都市：其他:第二種住宅區,1,1,全筆移轉,05280001
RPQNMLPLMHLGFCB97DA,福安段,36.00,都市：其他:第二種住宅區,992,36,持分移轉,02320000
RPPNMLRLMHLGFJB88EA,德興段,16.36,都市：其他:住宅區,10000,64,持分移轉,00020000
RPWNMLRJMHLGFAB38DA,後壠子段,5.43,都市：其他:第二種住宅區,10000,74,持分移轉,01780060
RPSOMLTJMHLGFAB28DA,大益段,4.67,都市：其他:第二種住宅區,10000,44,持分移轉,03160000
RPSNMLMLMHLGFAB67DA,大益段,95.00,都市：其他:第二種住宅區,1,1,全筆移轉,05090000
RPOOMLKKMHLGFAB07DA,泉源段,7.18,都市：其他:第三之一種商業區,100000,61,持分移轉,00150000
RPTPMLTJLHLGFBB48DA,賴厝廍段,117.00,都市：其他:第三種住宅區。,1,1,全筆移轉,04340013
RPSQMLNKMHLGFBB08DA,北屯段,22.10,都市：其他:第三種住宅區。,10000,99,持分移轉,01330003
RPPNMLKMMHLGFBB37DA,中興段,8.60,都市：其他:第二種住宅區,10000,243,持分移轉,03140000
RPOOMLQKMHLGFJB58DA,光明段,18.62,非都市：鄉村區 ; 非都市編定：乙種建築用地,27900,1849,持分移轉,06320000
RPOOMLQKMHLGFJB58DA,光明段,9.21,非都市：鄉村區 ; 非都市編定：乙種建築用地,13900,921,持分移轉,06330000
RPXNMLMLMHLGFBB28DA,仁美段,10.40,都市：其他:第二種商業區,10000,32,持分移轉,17450000
RPQQMLNKMHLGFCB97DA,西屯段,10.10,都市：其他:第三之二種住宅區,100000,1730,持分移轉,28020000
RPSOMLTLMHLGFCB68DA,西屯段,.08,都市：其他:第三種商業區,1000000,4905,持分移轉,23870026
RPSOMLTLMHLGFCB68DA,西屯段,.01,都市：其他:第三種商業區,1000000,4905,持分移轉,23870081
RPSOMLTLMHLGFCB68DA,上石碑段,8.21,都市：其他:第三種商業區,1000000,4905,持分移轉,26840000
RPSOMLTLMHLGFCB68DA,西屯段,.07,都市：其他:第三種商業區,1000000,4905,持分移轉,32740000
RPUQMLTLMHLGFCB09DA,台安段,48.76,都市：其他:農業區,2,1,持分移轉,04780000
RPRNMLOLLHLGFDB97DA,向陽段,22.67,都市：其他:第二種商業區,10000,191,持分移轉,00620000
RPWNMLMLMHLGFDB38DA,陽明段,4.93,都市：其他:第三種住宅區。,10000,436,持分移轉,05420000
RPWNMLMLMHLGFDB38DA,陽明段,4.92,都市：其他:第三種住宅區。,10000,436,持分移轉,05430000
RPOOMLMLMHLGFDB67DA,陽明段,4.91,都市：其他:第三種住宅區。,10000,434,持分移轉,05420000
RPOOMLMLMHLGFDB67DA,陽明段,4.90,都市：其他:第三種住宅區。,10000,434,持分移轉,05430000
RPPOMLMLMHLGFDB77DA,陽明段,4.91,都市：其他:第三種住宅區。,10000,434,持分移轉,05420000
RPPOMLMLMHLGFDB77DA,陽明段,4.90,都市：其他:第三種住宅區。,10000,434,持分移轉,05430000
RPQOMLMLMHLGFDB87DA,陽明段,4.93,都市：其他:第三種住宅區。,10000,436,持分移轉,05420000
RPQOMLMLMHLGFDB87DA,陽明段,4.92,都市：其他:第三種住宅區。,10000,436,持分移轉,05430000
RPPOMLTLMHLGFDB48DA,溪洲段,128.68,非都市：特定農業區 ; 非都市編定：水利用地,1,1,全筆移轉,05450001
RPRNMLLLMHLGFEB87DA,義水段,14.75,都市：其他:住宅區,3000,111,持分移轉,07900000
RPRNMLLLMHLGFEB87DA,義水段,1.27,都市：其他:住宅區,3000,111,持分移轉,07910000
RPUPMLTJMHLGFFB09DA,正義段,473.54,都市：其他:第二種住宅區,27216000,8312241,持分移轉,04840000
RPPNMLSJMHLGFGB38DA,新金星段,52.63,都市：其他:住宅區,1,1,全筆移轉,11860000
RPWNMLPKMHLGFHB98DA,三和段,1086.00,都市：其他:農業區,1,1,全筆移轉,13530001
RPWNMLPKMHLGFHB98DA,三和段,53.00,都市：其他:農業區,1,1,全筆移轉,13530002
RPWNMLPKMHLGFHB98DA,三和段,15.00,都市：其他:農業區,1,1,全筆移轉,13530003
RPWNMLPKMHLGFHB98DA,三和段,155.00,都市：其他:農業區,1,1,全筆移轉,13540002
RPPQMLOLMHLGFCB08DA,何厝段,18.06,都市：其他:市場用地,1000000,8152,持分移轉,02610010
RPXNMLQKMHLGFHB56DA,僑興段,32.10,都市：其他:住宅區,100000,577,持分移轉,00120000
RPSNMLSJMHLGFIB88DA,新榮和段,34.18,都市：其他:第二種住宅區,10000,154,持分移轉,01350000
RPPOMLSKLHLGFIB68DA,大仁段,11.95,都市：其他:商業區,10000,58,持分移轉,00210000
RPRNMLQKMHLGFIB68DA,益民段,14.27,都市：其他:住宅區,10000,39,持分移轉,04350000
RPSNMLSLMHLGFIB09DA,五福段,20.83,非都市：鄉村區 ; 非都市編定：乙種建築用地,100000,1136,持分移轉,00350000
RPOOMLOKMHLGFJB38DA,振福段,73.64,都市：其他:住宅區,1,1,全筆移轉,09000000
RPTNMLSLMHLGFJB66DA,內湖段,75.40,非都市：山坡地保育區 ; 非都市編定：丙種建築用地,1,1,全筆移轉,01650000
RPPNMLKMMHLGFHB08EA,東寶一段,115.45,都市：其他:農業區,1,1,全筆移轉,09870000
RPPNMLKMMHLGFHB08EA,東寶一段,18.64,都市：其他:農業區,2,1,持分移轉,09870001
RPWNMLQKMHLGFAB38DA,仁愛段五小段,8.42,都市：其他:第二種商業區,1000,8,持分移轉,00020000
RPROMLQKMHLGFAB97DA,旱溪段,35.26,都市：其他:第七種住宅區,10000,72,持分移轉,01740007
RPPOMLNLMHLGFAB57DA,後壠子段,8.01,都市：其他:第二種商業區,100000,462,持分移轉,00990000
RPPOMLNLMHLGFAB57DA,後壠子段,4.57,都市：其他:第一種商業區,100000,462,持分移轉,01000000
RPPOMLNLMHLGFAB57DA,後壠子段,.00,都市：其他:第一種商業區,100000,462,持分移轉,01000002
RPWNMLKMMHLGFAB97DA,平等段一小段,16.00,都市：其他:第一種商業區,1,1,全筆移轉,00070049
RPWNMLKMMHLGFAB97DA,平等段一小段,23.00,都市：其他:第一種商業區,1,1,全筆移轉,00080002
RPWNMLKMMHLGFAB97DA,平等段一小段,3.00,都市：其他:第一種商業區,1,1,全筆移轉,00080003
RPWNMLKMMHLGFAB97DA,平等段一小段,4.00,都市：其他:第一種商業區,1,1,全筆移轉,00090005
RPTOMLNLLHLGFCB08DA,惠信段,13.94,都市：其他:第二種住宅區,100000,390,持分移轉,01120000
RPUPMLNLMHLGFBB28DA,建業段,90.00,都市：其他:第三種住宅區。,1,1,全筆移轉,02460000
RPRNMLTJMHLGFBB18DA,水源段,17.86,都市：其他:第一種商業區,11000,397,持分移轉,03300001
RPRNMLTJMHLGFBB18DA,水源段,.22,都市：其他:道路用地,11000,397,持分移轉,03300023
RPQUMLRLLHLGFCB78DA,大新段,22.03,都市：其他:第二種住宅區,10000,445,持分移轉,03190000
RPPNMLLJLHLGFJB87DA,宜欣段,3.00,,1,1,全筆移轉,15110000
RPPNMLLJLHLGFJB87DA,宜欣段,88.00,都市：其他:住宅區,1,1,全筆移轉,15130000
RPVOMLSLMHLGFCB88DA,國安段,8.26,都市：其他:第一種住宅區,10000,29,持分移轉,01040002
RPVOMLSLMHLGFCB88DA,國安段,4.77,都市：其他:第三之一種住宅區,10000,29,持分移轉,01040003
RPXNMLKMMHLGFBB18DA,景東段,16.25,都市：其他:第三種住宅區。,10000,424,持分移轉,01630000
RPVTMLNKLHLGFCB68DA,三塊厝段,17.70,都市：其他:第二種住宅區,100000,117,持分移轉,05990000
RPUNMLRJLHLGFIB88DA,錦州段,1846.19,都市：其他:農業區,3,2,持分移轉,12430000
RPUNMLRJLHLGFIB88DA,錦州段,158.74,非都市：特定農業區 ; 非都市編定：農牧用地,3,2,持分移轉,13220000
RPVPNLRLMHLGFCB98DA,協安段,47.46,都市：其他:農業區,100000,2276,持分移轉,03520000
RPSNMLLKLHLGFJB28DA,育賢段,25.52,都市：其他:住宅區,100000,297,持分移轉,02010007
RPVOMLTKLHLGFBB68DA,軍福段,16.22,都市：其他:第二種商業區,10000,43,持分移轉,01100000
RPPNNLRLLHLGFCB08DA,惠國段,8.94,都市：其他:第六種新市政中心專用區,200000,626,持分移轉,01540000
RPSOMLLLMHLGFAB67DA,大智段,3.53,都市：其他:第二種商業區,88,1,持分移轉,00130000
RPSOMLLLMHLGFAB67DA,大智段,.39,都市：其他:車站專用區,88,1,持分移轉,00160000
RPQNMLSKMHLGFEB38DA,九張犁段九張犁小段,37.40,都市：其他:農業區,5,1,持分移轉,05130006
RPPNMLSKMHLGFEB28DA,九張犁段九張犁小段,8.60,都市：其他:農業區,10,1,持分移轉,05130036
RPPNMLSKMHLGFEB28DA,九張犁段九張犁小段,11.20,都市：其他:農業區,5,1,持分移轉,05130192
RPPNMLSKMHLGFEB28DA,九張犁段九張犁小段,5.40,都市：其他:農業區,5,1,持分移轉,05130193
RPQNMLSKMHLGFEB38DA,九張犁段九張犁小段,8.60,都市：其他:農業區,10,1,持分移轉,05130036
RPPNMLSKMHLGFEB28DA,九張犁段九張犁小段,2.60,都市：其他:農業區,5,1,持分移轉,05130195
RPQNMLSKMHLGFEB38DA,九張犁段九張犁小段,63.00,都市：其他:農業區,1,1,全筆移轉,05130199
RPVNMLPKMHLGFFB68DA,興農段,.75,都市：其他:第四種住宅區,100000,408,持分移轉,07890000
RPVNMLPKMHLGFFB68DA,興農段,22.93,都市：其他:第四種住宅區,100000,1380,持分移轉,08250000
RPQNMLQLMHLGFFB38DA,新站段,14.75,都市：其他:第四種住宅區,10000,22,持分移轉,00660000
RPWNMLKKMHLGFJB68DA,樹孝段,15.61,都市：其他:住宅區,10000,30,持分移轉,00850000
RPTNMLLLMHLGFFB18DA,市鎮南段,6.73,都市：其他:第四種商業區,100000,30,持分移轉,00970000
RPWNMLKKMHLGFJB68DA,樹孝段,.06,都市：其他:住宅區,10000,30,持分移轉,00850001
RPWNMLKKMHLGFJB68DA,樹孝段,.12,都市：其他:住宅區,10000,30,持分移轉,00910000
RPWNMLKMLHLGFIB68DA,豐正段,53.28,非都市：鄉村區 ; 非都市編定：乙種建築用地,2,1,持分移轉,03360000
RPPOMLLLMHLGFIB18DA,中興段,29.25,都市：其他:商業區,8,2,持分移轉,02020003
RPUNMLRKLHLGFJB09DA,東興段,77.63,都市：其他:第一種住宅區,1,1,全筆移轉,01170000
RPXOMLNKMHLGFIB09DA,中華段,27.50,都市：其他:第三種住宅區。,20000,266,持分移轉,04130000
RPUOMLTLMHLGFKB07DA,竹師段,226.26,都市：其他:第四種住宅區,1,1,全筆移轉,10950000
RPUOMLTLMHLGFKB07DA,竹師段,32.51,都市：其他:第四種住宅區,4,1,持分移轉,11170000
RPUOMLTLMHLGFKB07DA,竹師段,4.38,都市：其他:第四種住宅區,4,1,持分移轉,11680000
RPQNMLKMMHLGFIB28EA,大忠段,8.11,都市：其他:商業區,100000,322,持分移轉,00660000
RPPNMLKMMHLGFBB47EA,中德段,45.36,都市：其他:第三種住宅區。,10000,240,持分移轉,00620000
RPPNMLKMMHLGFBB47EA,中德段,.22,都市：其他:第三種住宅區。,10000,240,持分移轉,00620001
RPUNMLKLLHLGFAB57DA,旱溪段,116.00,都市：其他:第七種住宅區,1,1,全筆移轉,01790564
RPSOMLNKMHLGFAB77DA,後壠子段,30.11,都市：其他:第二種住宅區,10000,319,持分移轉,02100025
RPXNMLRLMHLGFAB68DA,旱溪段,2.86,都市：其他:第二種住宅區,14,2,持分移轉,02720051
RPXNMLRLMHLGFAB68DA,旱溪段,6.14,都市：其他:第二種住宅區,14,2,持分移轉,02720056
RPOOMLOKMHLGFAB47DA,信義段四小段,5.14,都市：其他:第二種商業區,100000,809,持分移轉,00030017
RPOOMLOKMHLGFAB47DA,城隍段四小段,9.30,都市：其他:第二種商業區,100000,809,持分移轉,00040001
RPPPMLLLMHLGFBB57DA,倡和段,39.07,都市：其他:第一種住宅區,27482,7814,持分移轉,00040000
RPPPMLLLMHLGFBB57DA,倡和段,65.70,都市：其他:第一種住宅區,1,1,全筆移轉,00040003
RPPNMLSLMHLGFBB08DA,東正段,8.88,都市：其他:第四種商業區,20000,94,持分移轉,01420000
RPXNMLSLMHLGFBB88DA,中德段,3.40,都市：其他:第一種商業區,3000,54,持分移轉,02980000
RPVNMLKMMHLGFBB97DA,文正段,4.53,都市：其他:第一種商業區,60,4,持分移轉,01070047
RPVNMLKMMHLGFBB97DA,文正段,13.22,都市：其他:第一種商業區,9,1,持分移轉,01070048
RPVNMLKMMHLGFBB97DA,文正段,48.00,都市：其他:第一種商業區,1,1,全筆移轉,01070049
RPRNMLLLLHLGFCB57DA,豐功段,49.92,都市：其他:第二種住宅區,1,1,全筆移轉,02160008
RPRNMLLLLHLGFCB57DA,豐功段,20.62,都市：其他:第二種住宅區,100000,5705,持分移轉,02160009
RPRNMLLLLHLGFCB57DA,豐功段,7.01,都市：其他:第三之一種住宅區,100000,5705,持分移轉,02220001
RPWQMLOLLHLGFCB68DA,西屯段,6.34,都市：其他:第二種商業區,100000,187,持分移轉,09320000
RPPNMLPJMHLGFCB67DA,中和段,21.57,都市：其他:第二種住宅區,30000,900,持分移轉,01080001
RPUPMLRJMHLGFCB58DA,上石碑段,11.88,都市：其他:第三種商業區,10000,59,持分移轉,20440000
RPWOMLOKMHLGFCB48DA,福德段,8.34,都市：其他:第三種商業區,100000,182,持分移轉,02220000
RPSQMLOKMHLGFCB28DA,建功段,10.66,都市：其他:第五種住宅區,100000,125,持分移轉,00260000
RPRNMLPKMHLGFCB97DA,三塊厝段,24.16,都市：其他:第二種住宅區,1000000,3863,持分移轉,11140000
RPWNMLRKMHLGFDB78DA,豐原段,16.46,都市：其他:第二種商業區,229000,1680,持分移轉,06440149
RPWNMLRKMHLGFDB78DA,豐原段,.34,都市：其他:綠地用地,229000,1680,持分移轉,06440159
RPQNMLSLMHLGFDB38DA,龍宮段,162.21,都市：其他:第一之二種住宅區,1,1,全筆移轉,10260000
RPXNMLKKMHLGFFB38DA,興農段,58.05,都市：其他:第四種住宅區,1,1,全筆移轉,06700000
RPPNMLNJNHLGFFB87DA,金皇段,.90,都市：其他:第四種住宅區,20,4,持分移轉,01180000
RPPNMLNJNHLGFFB87DA,金皇段,4.60,都市：其他:第四種住宅區,20,4,持分移轉,01190000
RPPNMLNJNHLGFFB87DA,金皇段,6.14,都市：其他:第四種住宅區,20,4,持分移轉,01200000
RPPNMLNJNHLGFFB87DA,金皇段,35.14,都市：其他:第四種住宅區,20,4,持分移轉,01210000
RPPNMLNJNHLGFFB87DA,金皇段,5.20,都市：其他:第四種住宅區,20,4,持分移轉,01220000
RPPNMLNJNHLGFFB87DA,金皇段,39.14,都市：其他:第四種住宅區,20,4,持分移轉,01230000
RPRNMLPJNHLGFFB28DA,南簡段,118.00,都市：其他:第四種住宅區,1,1,全筆移轉,04500010
RPTNMLTJMHLGFIB09DA,益民段,35.52,都市：其他:住宅區,2000,50,持分移轉,12800000
RPUNMLKKMHLGFIB38DA,新高鐵段,35.94,都市：其他:商業區,100000,142,持分移轉,00890000
RPTOMLNKMHLGFIB68DA,萬豐段,11.02,非都市：特定農業區 ; 非都市編定：甲種建築用地,24,1,持分移轉,00180000
RPTOMLNKMHLGFIB68DA,萬豐段,93.03,非都市：特定農業區 ; 非都市編定：甲種建築用地,1,1,全筆移轉,00250000
RPXNMLRKMHLGFIB76DA,九如段,8.42,都市：其他:第三種住宅區。,100000,144,持分移轉,05260000
RPPNMLKMMHLGFIB08DA,尖後段,1.44,非都市：鄉村區 ; 非都市編定：乙種建築用地,100000,2035,持分移轉,01910004
RPPNMLKMMHLGFIB08DA,尖後段,114.29,非都市：鄉村區 ; 非都市編定：乙種建築用地,1,1,全筆移轉,01910027
RPPNMLKMMHLGFIB08DA,尖後段,9.93,非都市：鄉村區 ; 非都市編定：乙種建築用地,100000,2780,持分移轉,01910037
RPUNMLSJMHLGFBB38DA,溝背段,13.99,都市：其他:第二之一種住宅區,100000,186,持分移轉,00810000
RPRNMLOJNHLGFJB58DA,仁平段,35.74,都市：其他:商業區,10000,209,持分移轉,04800000
RPTNMLRKLHLGFKB09DA,東海段,20.49,都市：其他:第一之一種住宅區,10000,57,持分移轉,07590000
RPTNMLRKLHLGFKB09DA,東海段,56.24,都市：其他:第一之一種住宅區,1,1,全筆移轉,08470000
RPUNMLOLMHLGFKB09DA,新東段,5.47,非都市：鄉村區 ; 非都市編定：乙種建築用地,10000,160,持分移轉,04480000
RPSNMLNKMHLGFBB77DA,東峰段,10.78,都市：其他:第三種住宅區。,100000,630,持分移轉,01420000
RPQNMLNKMHLGFBB57DA,倡和段,145.13,都市：其他:第二種住宅區,1,1,全筆移轉,00640000
RPVNMLOLMHLGFKB56DA,新東段,5.85,非都市：鄉村區 ; 非都市編定：乙種建築用地,10000,171,持分移轉,04480000
RPRPMLQJLHLGFBB97DA,錦村段,3.85,都市：其他:第二種住宅區,10000,338,持分移轉,01010069
RPRPMLQJLHLGFBB97DA,錦村段,20.11,都市：其他:第二種住宅區,10000,338,持分移轉,01050005
RPPNMLKMMHLGFKB28DA,新東段,6.40,非都市：鄉村區 ; 非都市編定：乙種建築用地,10000,187,持分移轉,04480000
RPPNMLPJNHLGFEB08EA,欣洲段,92.08,非都市：特定農業區 ; 非都市編定：丁種建築用地,162,12,持分移轉,11420000
RPPNMLKMMHLGFAB37EA,麻園頭段,18.56,都市：其他:第三種商業區,10000,57,持分移轉,00290000
SPPNMLPJNHLGFEB18EA,欣洲段,112.44,非都市：特定農業區 ; 非都市編定：丁種建築用地,65610,5935,持分移轉,11420000
RPOOMLQKLHLGFAB57DA,東昇段九小段,76.00,都市：其他:第二種住宅區,1,1,全筆移轉,00020026
TPPNMLPJNHLGFEB28EA,欣洲段,92.08,非都市：特定農業區 ; 非都市編定：丁種建築用地,162,12,持分移轉,11420000
RPUNMLNKMHLGFAB87DA,下橋子頭段,40.42,都市：其他:第三種住宅區。,36,1,持分移轉,02610022
RPWNMLPKMHLGFAB28DA,大公段,20.18,都市：其他:第二種住宅區,10000,118,持分移轉,12400000
RPOOMLLLMHLGFBB37DA,文北段,15.03,都市：其他:第二之一種住宅區,100000,374,持分移轉,00330000
RPQQMLLLMHLGFCB87DA,中仁段,21.33,都市：其他:第三種住宅區。,3,1,持分移轉,02020000
RPQOMLMLMHLGFAB57DA,下橋子頭段,22.04,都市：其他:第二種住宅區,10000,88,持分移轉,01630011
RPXNMLTLMHLGFAB88DA,麻園頭段,14.91,都市：其他:第三種住宅區。,1000000,2831,持分移轉,01320000
RPUOMLLLMHLGFBB97DA,美和段,42.22,都市：其他:第一之一種住宅區,100000,929,持分移轉,05720000
RPTQMLQKMHLGFBB48DA,東山段,16.32,都市：其他:第二種住宅區,1000,48,持分移轉,00030005
RPWNMLMJMHLGFCB08DA,大進段,19.61,都市：其他:第二種住宅區,100000,1242,持分移轉,09450000
RPROMLLLMHLGFBB67DA,東正段,15.98,都市：其他:第二種住宅區,10000,91,持分移轉,01180000
RPVNMLTLMHLGFBB78DA,東山段,22.41,都市：其他:第二種住宅區,100000,1308,持分移轉,03150000
RPOOMLSLMHLGFCB18DA,中和段,25.42,都市：其他:第二種住宅區,6600,316,持分移轉,04570000
RPOOMLSLMHLGFCB18DA,中和段,5.22,都市：其他:第二種住宅區,6600,316,持分移轉,04580000
RPOOMLSLMHLGFCB18DA,中和段,.96,都市：其他:第二種住宅區,6600,316,持分移轉,04580001
RPSNMLTLMHLGFCB58DA,惠來厝段,16.58,都市：其他:第三之二種住宅區,10000,101,持分移轉,12510000
RPQRMLSLMHLGFCB68DA,大進段,9.63,都市：其他:第二種住宅區,3288000,38536,持分移轉,07050000
RPTNMLTJMHLGFCB48DA,上石碑段,10.71,都市：其他:第三之二種住宅區,100000,414,持分移轉,21060000
RPPNMLOLLHLGFJB38DA,萬福段,99.53,非都市：鄉村區 ; 非都市編定：乙種建築用地,100000,308,持分移轉,05770000
RPXTMLKMLHLGFCB78DA,寶山段,17.63,都市：其他:第二種住宅區,100000,553,持分移轉,12290000
RPRNMLLJMHLGFCB47DA,中和段,15.12,都市：其他:第二種住宅區,10000,605,持分移轉,02670000
RPPNMLPJNHLGFBB67DA,北屯段,11.22,都市：其他:第二種住宅區,10000,82,持分移轉,02210004
RPUNMLMLMHLGFCB08DA,大進段,23.93,都市：其他:第二種住宅區,100000,1222,持分移轉,10050000
RPTNMLRLMHLGFAB28DA,中華段三小段,2.42,都市：其他:第二種商業區,10000,151,持分移轉,00020022
RPTNMLRLMHLGFAB28DA,中華段三小段,1.63,都市：其他:第二種商業區,10000,151,持分移轉,00020023
RPPQMLOLLHLGFCB97DA,福德段,21.16,都市：其他:第三種住宅區。,100000,740,持分移轉,01060000
RPPQMLOLLHLGFCB97DA,福德段,1.66,都市：其他:第二種住宅區,100000,740,持分移轉,01160000
RPSNMLOJNHLGFDB08DA,厚生段,.36,都市：其他:農業區,4,1,持分移轉,00160001
RPSNMLOJNHLGFDB08DA,厚生段,.41,都市：其他:農業區,4,1,持分移轉,00160002
RPSNMLOJNHLGFDB08DA,厚生段,67.81,都市：其他:農業區,1,1,全筆移轉,00160003
RPWNMLPJNHLGFFB78DA,忠孝段,123.00,都市：其他:第四種住宅區,1,1,全筆移轉,05410000
RPVNMLTJMHLGFHB56DA,上楓段,19.90,都市：其他:第一種住宅區,10000,171,持分移轉,05250000
RPRNMLQKMHLGFHB58DA,四德段,24.02,都市：其他:第二種住宅區,1000000,9208,持分移轉,01820000
RPSNMLQJNHLGFHB68DA,上楓段,12.25,都市：其他:農業區,12,1,持分移轉,01600000
RPSNMLQJNHLGFHB68DA,上楓段,46.00,都市：其他:農業區,1,1,全筆移轉,01600006
RPOQMLMKLHLGFCB57DA,惠禮段,20.62,都市：其他:第二種住宅區,100000,1386,持分移轉,01520001
RPRPMLNLMHLGFBB97DA,平田段,17.15,都市：其他:第二種住宅區,10000,42,持分移轉,04440000
RPPNMLRLLHLGFIB58DA,新榮泉段,22.58,都市：其他:商業區,10000,45,持分移轉,00160000
RPSNMLQKMHLGFIB78DA,新長壽段,28.02,都市：其他:第二種住宅區,100000,358,持分移轉,00650000
RPUNMLKMMHLGFIB58DA,中興段,17.43,都市：其他:住宅區,100000,756,持分移轉,00640000
RPWRMLPKMHLGFBB78DA,洲際段,25.41,都市：其他:第一之一種住宅區,10000,51,持分移轉,00230000
RPUNMLPJNHLGFAB08DA,尚武段,123.00,都市：其他:第二種住宅區,1,1,全筆移轉,00410000
RPUNMLPJNHLGFAB08DA,尚武段,1.00,都市：其他:第二種住宅區,1,1,全筆移轉,00410001
RPUNMLPJNHLGFAB08DA,尚武段,3.00,都市：其他:第二種住宅區,1,1,全筆移轉,00520000
RPVSNLMJMHLGFBB48DA,陳平段,28.00,都市：其他:第二種住宅區,5,1,持分移轉,05610000
RPTNMLQKLHLGFCB18DA,惠安段,23.31,都市：其他:第四之一種商業區,100000,779,持分移轉,02430000
RPQNMLOKMHLGFAB57DA,樹子腳段,18.37,都市：其他:第三種住宅區。,10000,85,持分移轉,06780011
RPTNMLSLMHLGFBB48DA,陳平段,13.42,都市：其他:第三之二種住宅區,24,1,持分移轉,00430000
RPUNMLRLMHLGFAB38DA,五權段,2.50,都市：其他:第二種住宅區,1000000,794,持分移轉,07740000
RPUNMLRLMHLGFAB38DA,五權段,2.18,都市：其他:第一種商業區,1000000,794,持分移轉,07750000
RPUNMLRLMHLGFAB38DA,五權段,.01,都市：其他:廣場兼停車場用地,1000000,794,持分移轉,07750001
RPOOMLTLMHLGFAB08DA,旱平段,28.78,都市：其他:第二種住宅區,6100000,98193,持分移轉,06720000
RPQOMLQJNHLGFAB87DA,旱清段,32.05,都市：其他:第二種住宅區,1000000,28799,持分移轉,02350000
RPOOMLMKLHLGFBB27DA,平田段,21.28,都市：其他:第二種住宅區,100000,214,持分移轉,02440000
RPSNMLPLLHLGFBB97DA,仁和段,16.66,都市：其他:第二種住宅區,10000,46,持分移轉,16380000
RPSNMLPLLHLGFBB97DA,仁和段,.00,,10000,46,持分移轉,16380001
RPVQMLQLLHLGFBB68DA,碧柳段,16.92,都市：其他:第二之一種住宅區,100000,199,持分移轉,01590000
RPQVNLMJLHLGFBB18DA,太順段,23.18,都市：其他:第三種住宅區。,10000,47,持分移轉,00480000
RPTNMLNKMHLGFHB48DA,復興段,20.59,都市：其他:第一之二種住宅區,10000,91,持分移轉,04150000
RPPWMLKKMHLGFBB08DA,新賴厝廍九段,21.36,都市：其他:第二種住宅區,10000,310,持分移轉,10930000
RPUNMLKLLHLGFIB38DA,東城段,18.69,都市：其他:住宅區,20000,124,持分移轉,09470000
RPQWMLOLLHLGFBB58DA,景東段,220.14,都市：其他:第一種住宅區,1,1,全筆移轉,02660006
RPWNMLKLLHLGFCB97DA,永富段,25.19,都市：其他:第一之B種住宅區,100000,6000,持分移轉,04950000
RPWNMLKLLHLGFCB97DA,永富段,97.65,都市：其他:第一之B種住宅區,1,1,全筆移轉,04950001
RPVRMLKKLHLGFCB18DA,國安段,9.84,都市：其他:第六種住宅區,10000,18,持分移轉,05930491
RPVNMLLJMHLGFHB38DA,東寶一段,22.24,都市：其他:第一之一種住宅區,10000,50,持分移轉,03420000
RPXNMLMLMHLGFJB09DA,太平段,23.71,都市：其他:住宅區,10000,72,持分移轉,08070000
RPPPMLTLMHLGFBB38DA,松茂段,26.64,都市：其他:第二種住宅區,10000,362,持分移轉,10970000
RPWOMLPJNHLGFBB48DA,建安段,18.00,都市：其他:第二種住宅區,1,1,全筆移轉,14360000
RPPNMLMJMHLGFJB08DA,東和段,49.51,都市：其他:第一種住宅區,1,1,全筆移轉,07450000
RPTOMLPJNHLGFBB18DA,和平段,93.12,都市：其他:第一之一種住宅區,1,1,全筆移轉,00650000
RPUPMLLLMHLGFCB18DA,黎明段,12.14,都市：其他:第三種住宅區。,100000,1214,持分移轉,01150002
RPTNMLOJNHLGFDB18DA,李洲段,160.74,非都市：特定農業區 ; 非都市編定：農牧用地,11820,964,持分移轉,00010000
RPUNMLQKMHLGFFB68DA,市鎮南段,9.42,都市：其他:第四種商業區,100000,42,持分移轉,00970000
RPQQMLLMLHLGFBB77DA,太順段,18.86,都市：其他:第三種住宅區。,1000000,2690,持分移轉,00570019
RPUNMLRLLHLGFBB38DA,平田段,8.21,都市：其他:第二種住宅區,100000,97,持分移轉,01000000
RPUNMLRLLHLGFBB38DA,平田段,1.52,都市：其他:第三種住宅區。,100000,97,持分移轉,01000001
RPPOMLKMMHLGFCB57DA,惠順段,6.08,都市：其他:第四之一種商業區,100000,182,持分移轉,00060000
RPRNMLKLMHLGFFB87DA,槺榔段,62.00,都市：其他:綠地用地,163,62,持分移轉,05760001
RPRNMLKLMHLGFFB87DA,槺榔段,607.00,都市：其他:第四種住宅區,1,1,全筆移轉,05760002
RPXNMLKLMHLGFCB18DA,西屯段,6.77,都市：其他:第三種商業區,100000,243,持分移轉,24610000
RPVOMLSJMHLGFCB68DA,保安段,11.86,都市：其他:第二種住宅區,10000,25,持分移轉,06360000
RPPNMLOJNHLGFFB97DA,興安西段,29.81,都市：其他:第四種住宅區,100000,1413,持分移轉,02050000
RPRPMLRKMHLGFBB28DA,文北段,26.80,都市：其他:第二之一種住宅區,100000,400,持分移轉,01170000
RPXPMLSLMHLGFCB56DA,寶文段,20.68,都市：其他:第二種住宅區,100000,618,持分移轉,00350000
RPVQMLOLLHLGFCB58DA,西屯段,18.96,都市：其他:第二種商業區,100000,559,持分移轉,09320000
SPUOMLPKMHLGFBB38DA,文正段,6.17,都市：其他:第一種商業區,6,1,持分移轉,00270394
RPQNMLOJNHLGFJB58EA,豐中段,26.80,都市：其他:住宅區,100000,1222,持分移轉,00630005
RPTNMLQJLHLGFKB88DA,新庄段,70.03,非都市：鄉村區 ; 非都市編定：乙種建築用地,32400,1800,持分移轉,05440000
RPTNMLPJNHLGFJB88DA,育賢段,17.15,都市：其他:住宅區,10000,27,持分移轉,01840002
RPPNMLQJNHLGFIB48DA,五福北段,535.35,非都市：特定農業區 ; 非都市編定：農牧用地,4,1,持分移轉,07740000
RPSNMLQJNHLGFFB48DA,銀聯段,108.00,都市：其他:第四種住宅區,1,1,全筆移轉,15620010
RPQNMLKLMHLGFJB18DA,洪厝段,5.55,非都市：鄉村區 ; 非都市編定：乙種建築用地,100000,1155,持分移轉,04060010
RPQNMLKLMHLGFJB18DA,洪厝段,60.98,非都市：鄉村區 ; 非都市編定：乙種建築用地,1,1,全筆移轉,04060016
RPQNMLKLMHLGFJB18DA,洪厝段,.15,非都市：鄉村區 ; 非都市編定：乙種建築用地,100000,4388,持分移轉,04060029
RPRNMLRJMHLGFKB88DA,龍田段,22.00,都市：其他:第四種住宅區,8,1,持分移轉,11260010
RPTNMLMLMHLGFKB78DA,龍津段,22.50,都市：其他:第四種住宅區,18,1,持分移轉,03670000
RPRNMLRJMHLGFKB88DA,龍田段,83.00,都市：其他:第四種住宅區,1,1,全筆移轉,11260015
RPTNMLMLMHLGFKB78DA,龍津段,5.00,都市：其他:第四種住宅區,33,1,持分移轉,03670001
RPTNMLMLMHLGFKB78DA,龍津段,72.00,都市：其他:第四種住宅區,1,1,全筆移轉,03670006
RPTNMLOJNHLGFKB88DA,新庄段,34.16,非都市：鄉村區 ; 非都市編定：乙種建築用地,10000,241,持分移轉,01940001
RPSNMLOJNHLGFKB78DA,新庄段,34.16,非都市：鄉村區 ; 非都市編定：乙種建築用地,10000,241,持分移轉,01940001
RPVPMLLLMHLGFCB28DA,大進段,5.41,都市：其他:第二種住宅區,498400,541,持分移轉,10100000
RPWNMLNKMHLGFAB08DA,下橋子頭段,16.45,都市：其他:第三種住宅區。,10000,90,持分移轉,02220017
RPTNMLOJNHLGFAB87DA,樹子腳段,5.81,都市：其他:第三種住宅區。,300000,526,持分移轉,00390000
RPRNMLOKMHLGFAB67DA,麻園頭段,3.37,都市：其他:第二種商業區,10000,112,持分移轉,01650003
RPTPNLTKLHLGFBB68DA,松竹段,29.70,都市：其他:第二種住宅區,100000,1715,持分移轉,00570000
RPTOMLMLMHLGFBB97DA,北屯段,31.40,都市：其他:第二種住宅區,5,1,持分移轉,02980044
RPQPMLNKMHLGFBB77DA,軍福段,21.36,都市：其他:第三種住宅區。,10000,155,持分移轉,00460000
RPVNMLOJNHLGFDB38DA,豐原段,2.95,都市：其他:第二種商業區,100000,895,持分移轉,00660001
RPUOMLKLMHLGFIB58DA,公教段,100.75,非都市：鄉村區 ; 非都市編定：乙種建築用地,1,1,全筆移轉,05760000
RPTPMLOKMHLGFBB18DA,溝背段,22.20,都市：其他:第二之一種住宅區,100000,614,持分移轉,01050000
RPSNMLKMMHLGFKB58DA,龍社段,19.71,都市：其他:第二種住宅區,925,20,持分移轉,10700000
RPSNMLKMMHLGFKB58DA,龍社段,85.27,都市：其他:第二種住宅區,1,1,全筆移轉,10920000
RPVPMLLLMHLGFBB18DA,松竹段,15.34,都市：其他:第二種住宅區,10000,48,持分移轉,00990000
RPVNMLPJNHLGFIB98DA,溪南東段,160.00,非都市：鄉村區 ; 非都市編定：乙種建築用地,1,1,全筆移轉,06530000
RPXOMLOJNHLGFBB48DA,平田段,17.51,都市：其他:第二種住宅區,10000,338,持分移轉,05880000
RPQPMLPJNHLGFBB97DA,新賴厝廍三段,29.02,都市：其他:第二種住宅區,1,1,全筆移轉,12210000
RPQQMLPJNHLGFBB08DA,建和段,4.38,都市：其他:道路用地,8,7,持分移轉,04110000
RPRNMLNLMHLGFBB77DA,太順段,14.09,都市：其他:第三種住宅區。,100000,201,持分移轉,00570019
RPTNMLMLMHLGFBB87DA,碧柳段,26.08,都市：其他:第二之一種住宅區,100000,513,持分移轉,01700000
RPSOMLKKMHLGFCB67DA,中義段,7.38,都市：其他:第二種住宅區,1000,35,持分移轉,01100001
RPXOMLPKMHLGFCB68DA,中正段,24.22,都市：其他:第二種住宅區,100000,3720,持分移轉,02650000
RPPPMLRKMHLGFCB18DA,國安段,27.37,都市：其他:第六種住宅區,500000000,445459,持分移轉,06010000
RPSNMLNLLHLGFDB97DA,建國段,20.50,非都市：特定農業區 ; 非都市編定：甲種建築用地,38,1,持分移轉,03480000
RPPNMLMJMHLGFDB47DA,豐東段,19.08,都市：其他:第三種住宅區。,10000,158,持分移轉,08490000
RPSNMLNLLHLGFDB97DA,庄前段,76.86,非都市：特定農業區 ; 非都市編定：甲種建築用地,1,1,全筆移轉,07290000
RPWNMLQLLHLGFDB68DA,豐洲段,29.48,都市：其他:第二種住宅區,100000,571,持分移轉,05000001
RPPNMLPKMHLGFDB87DA,豐原段,21.06,都市：其他:第二種商業區,229000,2149,持分移轉,06440149
RPPNMLPKMHLGFDB87DA,豐原段,.43,都市：其他:綠地用地,229000,2149,持分移轉,06440159
RPROMLQJNHLGFDB28DA,眉山東段,118.53,都市：其他:農業區,1000000000,151871527,持分移轉,00530000
RPROMLQJNHLGFDB28DA,眉山東段,9.62,都市：其他:農業區,1000000000,12328473,持分移轉,00530000
RPROMLQJNHLGFDB28DA,眉山東段,42.27,都市：其他:農業區,1000000000,659371527,持分移轉,00540000
RPROMLQJNHLGFDB28DA,眉山東段,.79,都市：其他:農業區,1000000000,12328473,持分移轉,00540000
RPROMLQJNHLGFDB28DA,眉山東段,1448.99,都市：其他:農業區,1,1,全筆移轉,00550000
RPXNMLPKMHLGFFB88DA,銀聯段,28.50,都市：其他:第四種住宅區,8,1,持分移轉,05750029
RPXNMLPKMHLGFFB88DA,銀聯段,97.00,都市：其他:第四種住宅區,1,1,全筆移轉,05750042
RPXNMLPKMHLGFFB88DA,銀聯段,1.12,都市：其他:第四種住宅區,8,1,持分移轉,05750055
RPTNMLTLMHLGFGB09DA,國校段,82.13,都市：其他:住宅區,1,1,全筆移轉,07540001
RPSNMLOLMHLGFHB58DA,四維段,10.89,都市：其他:第二種住宅區,1000,59,持分移轉,04460000
RPQNMLKMMHLGFIB18DA,新高鐵段,16.45,都市：其他:商業區,100000,65,持分移轉,00890000
RPTOMLRJNHLGFKB66DA,龍崗段,119.24,都市：其他:第四種住宅區,1440,64,持分移轉,05180000
RPTOMLRJNHLGFKB66DA,龍崗段,14.90,都市：其他:道路用地,1440,64,持分移轉,05350000
RPQNMLOLMHLGFJB58DA,樹孝段,58.21,都市：其他:住宅區,1000000,9752,持分移轉,07730000
RPSNMLKLLHLGFAB37DA,半平厝段,85.00,都市：其他:第二種住宅區,1,1,全筆移轉,07610000
RPQOMLSJMHLGFBB08DA,太原段,23.61,都市：其他:第三種住宅區。,100000,117,持分移轉,01400004
RPPRMLQKMHLGFBB18DA,建和段,24.85,都市：其他:第二種住宅區,1000,25,持分移轉,08640000
RPWNMLRJMHLGFBB48DA,文北段,22.35,都市：其他:第二之一種住宅區,100000,520,持分移轉,01380000
RPUOMLPKMHLGFBB28DA,文正段,1.50,都市：其他:第二種商業區,6,1,持分移轉,00250083
RPUOMLPKMHLGFBB28DA,文正段,6.17,都市：其他:第一種商業區,6,1,持分移轉,00270394
RPUOMLPKMHLGFBB28DA,文正段,1.50,都市：其他:第一種商業區,6,1,持分移轉,00270395
RPUOMLPKMHLGFBB28DA,文正段,3.33,都市：其他:第二種商業區,6,1,持分移轉,00270646
RPTNMLLLMHLGFBB77DA,軍福段,15.48,都市：其他:第二種商業區,10000,44,持分移轉,01400000
RPPOMLTKLHLGFCB18DA,鎮福段,346.50,都市：其他:第一之一種住宅區,1,1,全筆移轉,00910000
RPVNMLKKMHLGFAB67DA,下橋子頭段,13.34,都市：其他:第一種商業區,100000,471,持分移轉,00170001
RPTNMLLJMHLGFCB67DA,下石碑段,18.37,都市：其他:第二種住宅區,10000,71,持分移轉,09530002
RPPNMLTJMHLGFCB08DA,惠智段,31.54,都市：其他:第二種住宅區,1000000,19239,持分移轉,01520000
RPPPMLNKMHLGFCB77DA,大新段,19.04,都市：其他:第二之一種商業區,100000,3925,持分移轉,04650000
RPQNMLRKLHLGFHB48DA,潭陽段,9.52,都市：其他:第一之二種住宅區,24,4,持分移轉,06430000
RPQNMLRKLHLGFHB48DA,潭陽段,62.32,都市：其他:第一之二種住宅區,1,1,全筆移轉,06450000
RPXNMLQKMHLGFCB68DA,田心段,89.00,都市：其他:第三種住宅區。,1,1,全筆移轉,15880003
RPVUNLPJLHLGFCB98DA,民安段,16.84,都市：其他:第三之一種住宅區,100000,429,持分移轉,15380000
RPPNMLSJMHLGFCB97DA,楓樹段,88.00,都市：其他:第二之二種住宅區,1,1,全筆移轉,09470037
RPPNMLSJMHLGFCB97DA,楓樹段,23.87,都市：其他:第二之二種住宅區,1000,27,持分移轉,09480000
RPRNMLNKMHLGFDB87DA,大明段,352.79,都市：其他:農業區,1,1,全筆移轉,06800000
RPWNMLOLMHLGFCB48DA,福星段,19.67,都市：其他:第三種住宅區。,100000,336,持分移轉,04820000
RPRNMLKKMHLGFIB08DA,北柳段,54.04,非都市：鄉村區 ; 非都市編定：乙種建築用地,1,1,全筆移轉,01610001
RPRNMLKKMHLGFIB08DA,北柳段,13.71,非都市：鄉村區 ; 非都市編定：乙種建築用地,3,1,持分移轉,01610004
RPPNMLPKMHLGFHB28DA,頭家段,24.49,都市：其他:第一之一種住宅區,10000,84,持分移轉,03410000
RPTNMLRJNHLGFIB98DA,新長壽段,26.77,都市：其他:第二種住宅區,200000,684,持分移轉,00650000
RPVNMLRKMHLGFIB56DA,新三和段,67.08,都市：其他:第二種住宅區,1,1,全筆移轉,00580004
RPVNMLRKMHLGFIB56DA,新三和段,21.81,都市：其他:第二種住宅區,14,1,持分移轉,00580007
RPPNMLRJNHLGFKB78DA,藝術段,57.54,都市：其他:第二種住宅區,1000,98,持分移轉,05650000
RPPNMLRJNHLGFBB97EA,北屯段,22.16,都市：其他:第三種住宅區。,100000,1315,持分移轉,01480000
RPQNMLLKNHLGFCB67EA,大明段,13.12,都市：其他:第二種住宅區,100000,650,持分移轉,00700000
RPPNMLLKNHLGFGB97EA,新萬安段,755.79,都市：其他:住宅區,1,1,全筆移轉,15500002
RPPNMLLKNHLGFGB97EA,新萬安段,9.06,都市：其他:住宅區,1,1,全筆移轉,15500004
RPOOMLTJMHLGFAB87DA,下橋子頭段,15.52,都市：其他:第三種住宅區。,10000,208,持分移轉,02420014
RPPNMLSJNHLGFIB78EA,仁城段,8.62,非都市：特定農業區 ; 非都市編定：交通用地,1,1,全筆移轉,00010002
RPPNMLSJNHLGFIB78EA,仁城段,85.96,非都市：特定農業區 ; 非都市編定：交通用地,1,1,全筆移轉,00590002
RPPNMLSJNHLGFIB78EA,練武段,110.26,非都市：特定農業區 ; 非都市編定：水利用地,1,1,全筆移轉,05710001
RPPNMLSJNHLGFIB78EA,練武段,13.62,非都市：特定農業區 ; 非都市編定：水利用地,1,1,全筆移轉,05710002
RPPNMLSJNHLGFIB78EA,練武段,7.67,非都市：特定農業區 ; 非都市編定：水利用地,1,1,全筆移轉,05710003
RPWNMLOKMHLGFAB18DA,下橋子頭段,1.83,都市：其他:第三種商業區,300000,303,持分移轉,02170014
RPUOMLNLMHLGFAB08DA,下橋子頭段,17.22,都市：其他:第三種住宅區。,100000,80,持分移轉,02310001
RPVNMLPJNHLGFAB18DA,土庫段,26.40,都市：其他:第一種商業區,100000,960,持分移轉,01150010
RPUNMLNKMHLGFHB58DA,復興段,11.26,都市：其他:第一之二種住宅區,926,61,持分移轉,07010000
RPUNMLNKMHLGFHB58DA,復興段,.06,都市：其他:第一之二種住宅區,926,61,持分移轉,07020000
RPUNMLNKMHLGFHB58DA,復興段,1.18,都市：其他:第一之二種住宅區,926,61,持分移轉,07030000
RPTOMLNKMHLGFCB08DA,春安段,13.61,都市：其他:第三之二種住宅區,100000,951,持分移轉,01750000
RPTOMLNKMHLGFCB08DA,春安段,3.08,都市：其他:第二種住宅區,100000,951,持分移轉,01920000
RPQNMLNLLHLGFBB57DA,松竹段,17.48,都市：其他:第二種住宅區,10000,119,持分移轉,00180000
RPRNMLTJLHLGFAB97DA,尚武段,17.75,都市：其他:第二種住宅區,100000,418,持分移轉,02980002
RPRNMLTJLHLGFAB97DA,尚武段,16.79,都市：其他:第二種住宅區,100000,418,持分移轉,02980003
RPRPMLMJMHLGFBB67DA,文正段,8.59,都市：其他:第一種商業區,100000,2120,持分移轉,00270036
RPXQMLQKMHLGFBB88DA,錦村段,3.61,都市：其他:第二種住宅區,300000,150,持分移轉,00610000
RPPNMLSKMHLGFBB97DA,中清段,8.56,都市：其他:第二種商業區,100000,306,持分移轉,00060000
RPSRMLRJNHLGFBB58DA,水源段,1.31,都市：其他:第二種住宅區,42768,1404,持分移轉,02450003
RPSRMLRJNHLGFBB58DA,水源段,.98,都市：其他:停車場用地,42768,1404,持分移轉,02450007
RPUPMLLLMHLGFBB08DA,錦村段,10.81,都市：其他:第二種住宅區,10000,77,持分移轉,02130086
RPXSMLTJMHLGFBB66DA,新賴厝廍二段,15.73,都市：其他:第二種住宅區,20000,44,持分移轉,01290000
RPVWMLRLLHLGFCB86DA,何厝段,5.70,都市：其他:第二種住宅區,20,1,持分移轉,00780241
RPVONLOJNHLGFCB48DA,惠禮段,156.77,都市：其他:第三種住宅區。,200,44,持分移轉,01190000
RPPPMLKMMHLGFBB57DA,新賴厝廍九段,32.44,都市：其他:第二種住宅區,40,1,持分移轉,01970000
RPTPMLSJNHLGFAB48DA,下橋子頭段,5.14,都市：其他:第三種住宅區。,100000,187,持分移轉,02580003
RPROMLTJMHLGFCB38DA,黎明段,24.14,都市：其他:第二種住宅區,125000,351,持分移轉,03690000
RPPNMLLKLHLGFCB27DA,惠禮段,30.38,都市：其他:第二種住宅區,100000,2042,持分移轉,01520001
RPPOMLMJLHLGFAB17DA,下橋子頭段,41.49,都市：其他:第二種住宅區,10000,695,持分移轉,00310006
RPRQMLKLLHLGFCB77DA,下石碑段,23.81,都市：其他:第二種住宅區,10000,92,持分移轉,09530002
RPWNMLTKLHLGFCB78DA,黎明段,11.87,都市：其他:第二種住宅區,100000,174,持分移轉,00310000
RPVOMLOLLHLGFBB28DA,錦村段,7.13,都市：其他:第二之一種商業區,100000,123,持分移轉,02460000
RPVOMLOLLHLGFBB28DA,錦村段,2.78,都市：其他:第一種商業區,100000,123,持分移轉,02460001
RPXNMLQKLHLGFCB58DA,國安段,29.08,都市：其他:第六種住宅區,100000,86,持分移轉,05990000
RPPPMLPJNHLGFCB97DA,豐功段,93.27,都市：其他:第三之一種住宅區,1,1,全筆移轉,02210003
RPSPMLSJNHLGFBB48DA,松竹段,45.57,都市：其他:第二種住宅區,10000,127,持分移轉,12190000
RPVQMLLLMHLGFCB38DA,三塊厝段,16.44,都市：其他:第二種住宅區,10000,162,持分移轉,12420000
RPVQMLLLMHLGFCB38DA,三塊厝段,19.28,都市：其他:第三種住宅區。,10000,162,持分移轉,12420001
RPVQMLLLMHLGFCB38DA,三塊厝段,.02,都市：其他:第二種住宅區,10000,162,持分移轉,12420003
RPPQMLRLMHLGFCB38DA,上石碑段,16.90,都市：其他:第三種商業區,100000,371,持分移轉,17730000
RPTNMLMKLHLGFHB28DA,中和段,2313.02,都市：其他:農業區,1,1,全筆移轉,03430000
RPRQMLKLMHLGFCB87DA,大進段,8.31,都市：其他:第二種住宅區,498400,831,持分移轉,10100000
RPQNMLLKNHLGFEB77DA,新六分段,115.71,都市：住,1,1,全筆移轉,12710048
RPPNMLMKNHLGFEB77DA,新六分段,42.83,都市：其他:第一種住宅區,1000000,33195,持分移轉,12710000
RPVNMLTLMHLGFHB76DA,永和段,1082.33,都市：其他:農業區,1,1,全筆移轉,09420000
RPSNMLKLLHLGFDB67DA,福陽段,110.41,都市：其他:第一之二種住宅區,1,1,全筆移轉,00700003
RPTNMLRKLHLGFHB78DA,甘潭段,14.62,都市：其他:第一之二種住宅區,10000,137,持分移轉,04700000
RPUNMLNLMHLGFGB58DA,新農段,102.46,都市：其他:住宅區,1,1,全筆移轉,00460000
RPSNMLPJNHLGFHB58DA,東寶七段,32.63,都市：其他:第一之一種住宅區,10000,206,持分移轉,00860000
RPPNMLMLMHLGFHB08DA,自強段,32.60,非都市：特定農業區 ; 非都市編定：甲種建築用地,3000,111,持分移轉,20640000
RPPNMLMLMHLGFHB08DA,自強段,92.00,非都市：特定農業區 ; 非都市編定：甲種建築用地,1,1,全筆移轉,20640025
RPPQMLOJLHLGFBB67DA,新賴厝廍六段,82.91,都市：其他:第二種住宅區,1,1,全筆移轉,01020000
RPPQMLOJLHLGFBB67DA,新賴厝廍六段,1.95,都市：其他:道路用地,1,1,全筆移轉,01050000
RPXNMLKKMHLGFIB68DA,人和段,35.42,都市：其他:住宅區,100000,1220,持分移轉,07230001
RPSOMLPJNHLGFIB78DA,大仁段,11.75,都市：其他:商業區,10000,57,持分移轉,00210000
RPUNMLSLMHLGFIB66DA,新高鐵段,16.05,都市：其他:商業區,100000,277,持分移轉,00570000
RPWNMLSJNHLGFIB76DA,溪南西段,1319.00,非都市：特定農業區 ; 非都市編定：農牧用地,1,1,全筆移轉,18480000
RPQOMLPJNHLGFIB58DA,成功嶺段,27.54,都市：其他:第一種住宅區,24,1,持分移轉,06690000
RPQOMLPJNHLGFIB58DA,成功嶺段,185.77,都市：其他:第一種住宅區,1,1,全筆移轉,06690006
RPOOMLOLLHLGFJB38DA,頂坪段,41.98,非都市：鄉村區 ; 非都市編定：乙種建築用地,71500,4122,持分移轉,05820000
RPOOMLOLLHLGFJB38DA,頂坪段,70.93,非都市：鄉村區 ; 非都市編定：乙種建築用地,1,1,全筆移轉,05970000
RPUOMLNLMHLGFIB88DA,北新段,17.16,都市：其他:住宅區,10000,27,持分移轉,10540000
RPOOMLMLMHLGFJB28DA,育賢段,14.02,都市：其他:住宅區,10000,26,持分移轉,02360000
RPQNMLRLMHLGFJB88DA,育賢段,23.09,都市：其他:住宅區,10000,130,持分移轉,00450000
RPSNMLKLMHLGFJB38DA,新興段,14.93,都市：其他:住宅區,100000,831,持分移轉,00410000
RPTOMLMLMHLGFJB78DA,育賢段,48.68,都市：其他:住宅區,10000,2410,持分移轉,01030000
RPTNMLOLMHLGFAB97DA,平民段六小段,23.50,都市：其他:第二種住宅區,4,1,持分移轉,00140010
RPTOMLMLMHLGFJB78DA,育賢段,68.17,都市：其他:住宅區,1,1,全筆移轉,01030005
RPTNMLOLMHLGFAB97DA,平民段六小段,3.00,都市：其他:道路用地,4,1,持分移轉,00140017
RPPNMLMLMHLGFKB38DA,中社段,69.47,都市：其他:第二種住宅區,1,1,全筆移轉,10870000
RPTNMLKLLHLGFBB57DA,東新段,60.60,都市：其他:第二種住宅區,10,6,持分移轉,01030010
RPRNMLTJMHLGFCB28DA,國安段,8.26,都市：其他:第一種住宅區,10000,29,持分移轉,01040002
RPRNMLTJMHLGFCB28DA,國安段,4.77,都市：其他:第三之一種住宅區,10000,29,持分移轉,01040003
RPOOMLNKMHLGFAB37DA,樹子腳段,19.61,都市：其他:第三種住宅區。,10000,112,持分移轉,10360000
RPSOMLNKMHLGFBB87DA,松觀段,15.56,都市：其他:第二種住宅區,10000,94,持分移轉,03290000
RPOOMLTJMHLGFBB97DA,文正段,1.74,都市：其他:第一種商業區,10000,24,持分移轉,01010001
RPOOMLTJMHLGFBB97DA,文正段,.76,都市：其他:第二種住宅區,10000,24,持分移轉,01010007
RPOPMLRLMHLGFBB08DA,錦村段,11.88,都市：其他:第二種住宅區,100000,445,持分移轉,03070000
RPOOMLOLMHLGFAB57DA,平和段,2.60,都市：其他:第一種商業區,10000,7,持分移轉,00500000
RPOPMLRLMHLGFBB08DA,錦村段,5.05,都市：其他:第一種商業區,100000,445,持分移轉,03090002
RPVQMLRKMHLGFBB78DA,錦村段,25.47,都市：其他:第二種住宅區,49,1,持分移轉,01840082
RPPOMLOJNHLGFBB67DA,邱厝子段,33.50,都市：其他:第二種住宅區,100,25,持分移轉,00060245
RPQNMLSJNHLGFBB08DA,東信段,16.75,都市：其他:第二種住宅區,76500,1675,持分移轉,01400000
RPQOMLLMLHLGFCB67DA,惠義段,12.28,都市：其他:第二種商業區,100000,378,持分移轉,01680000
RPQNMLQJNHLGFBB87DA,中德段,16.46,都市：其他:第一種商業區,10000,218,持分移轉,03020000
RPOPMLLJMHLGFCB37DA,大進段,16.24,都市：其他:第二種住宅區,100000,1366,持分移轉,00700000
RPQOMLKLMHLGFCB57DA,上石碑段,34.58,都市：其他:第三種商業區,1000000,2992,持分移轉,26710000
RPTNMLTKLHLGFCB48DA,中義段,80.00,都市：其他:第二種住宅區,1,1,全筆移轉,02490000
RPVNMLMJMHLGFCB97DA,建功段,14.19,都市：其他:第五種住宅區,100000,224,持分移轉,00160000
RPTPMLKMMHLGFCB08DA,埔興段,171.00,都市：其他:農業區,1,1,全筆移轉,13960001
RPXPMLLLMHLGFCB48DA,下石碑段,23.68,都市：其他:第二種住宅區,10000,175,持分移轉,16660000
RPRNMLMJMHLGFDB67DA,大仁段,68.75,都市：其他:第三種住宅區。,1,1,全筆移轉,03160000
RPRNMLMJMHLGFDB67DA,大仁段,8.12,都市：其他:第三種住宅區。,1,1,全筆移轉,03190001
RPRNMLMJMHLGFDB67DA,大仁段,8.36,都市：其他:第三種住宅區。,1,1,全筆移轉,03210001
RPRNMLMJMHLGFDB67DA,大仁段,58.97,都市：其他:第三種住宅區。,1,1,全筆移轉,03300000
RPTNMLLKNHLGFEB08DA,新六分段,42.30,都市：其他:第一種住宅區,1000000,32782,持分移轉,12710000
RPXNMLLKNHLGFDB38DA,上南坑段,93.00,非都市：山坡地保育區 ; 非都市編定：丙種建築用地,1,1,全筆移轉,05690002
RPSNMLLKNHLGFEB97DA,新六分段,42.72,都市：其他:第一種住宅區,1000000,33108,持分移轉,12710000
RPTOMLQJNHLGFDB48DA,議前段,32.07,都市：其他:第二種住宅區,100000,1769,持分移轉,03900000
RPPNMLQKMHLGFFB18DA,明秀段,23.58,都市：其他:第二種住宅區,100000,869,持分移轉,14910000
RPPNMLQKMHLGFFB18DA,明秀段,1.15,都市：其他:第二種住宅區,115,1,持分移轉,14930000
RPPNMLQKMHLGFFB18DA,明秀段,1.13,都市：其他:第二種住宅區,115,1,持分移轉,15090000
RPXRMLTLMHLGFFB17DA,梧棲段,1.50,都市：其他:第四種住宅區,10000,27,持分移轉,31450000
RPXRMLTLMHLGFFB17DA,梧棲段,17.25,都市：其他:第四種住宅區,20,1,持分移轉,31450002
RPXRMLTLMHLGFFB17DA,梧棲段,.96,都市：其他:第四種住宅區,10000,27,持分移轉,31450003
RPXRMLTLMHLGFFB17DA,梧棲段,3.99,都市：其他:第四種住宅區,10000,27,持分移轉,31460000
RPXRMLTLMHLGFFB17DA,梧棲段,10.90,都市：其他:第四種住宅區,20,1,持分移轉,31460001
RPXRMLTLMHLGFFB17DA,梧棲段,2.37,都市：其他:第四種住宅區,10000,27,持分移轉,31550000
RPXRMLTLMHLGFFB17DA,梧棲段,.36,都市：其他:第四種住宅區,10000,27,持分移轉,31550005
RPXRMLTLMHLGFFB17DA,梧棲段,1.97,都市：其他:第四種住宅區,10000,27,持分移轉,31560000
RPXRMLTLMHLGFFB17DA,梧棲段,.07,都市：其他:第四種住宅區,200000,27,持分移轉,31560003
RPUNMLPJNHLGFFB58DA,市鎮南段,6.50,都市：其他:第四種商業區,100000,29,持分移轉,00970000
RPSOMLMKNHLGFFB28DA,國昌段,19.88,都市：其他:第二種住宅區,1,1,全筆移轉,13430000
RPSOMLMKNHLGFFB28DA,國昌段,113.81,都市：其他:第二種住宅區,1,1,全筆移轉,13440000
RPXNMLQJNHLGFFB98DA,鹿峰東段,5.53,都市：其他:第四種住宅區,100000,1742,持分移轉,15330000
RPXNMLQJNHLGFFB98DA,鹿峰東段,5.52,都市：其他:第四種住宅區,100000,1742,持分移轉,15340000
RPSNMLLKNHLGFIB38DA,萬斗六段,216.00,非都市：山坡地保育區 ; 非都市編定：農牧用地,1,1,全筆移轉,09410001
RPTNMLQJNHLGFIB88DA,新義段,17.11,都市：其他:商業區,10000,62,持分移轉,00090000
RPRNMLMKNHLGFFB08DA,南簡段,93.00,都市：其他:第四種住宅區,1,1,全筆移轉,08130016
RPRNMLMKNHLGFFB08DA,南簡段,.14,都市：其他:第四種住宅區,7,1,持分移轉,08130024
RPTNMLLKNHLGFIB48DA,萬斗六段,1615.00,非都市：山坡地保育區 ; 非都市編定：農牧用地,1,1,全筆移轉,09420000
RPQNMLOKMHLGFIB38DA,新三和段,21.27,都市：其他:第二種住宅區,10000,36,持分移轉,00700000
RPWNMLNKMHLGFJB98DA,新福段,21.82,都市：其他:住宅區,10000,102,持分移轉,00440000
RPOOMLLKNHLGFJB18DA,新興段,34.66,都市：其他:住宅區,100000,293,持分移轉,01430001
RPSNMLMKNHLGFJB58DA,育賢段,32.19,都市：其他:住宅區,10000,55,持分移轉,02080000
RPSNMLMKNHLGFKB68DA,龍社段,89.23,都市：其他:第二種住宅區,1,1,全筆移轉,13270000
RPSNMLMKNHLGFKB68DA,龍社段,1.00,都市：其他:第二種住宅區,20911,100,持分移轉,13310000
RPQNMLRLMHLGFKB98DA,東海段,20.69,都市：其他:第一之二種住宅區,100000,259,持分移轉,09660000
RPTOMLNLMHLGFCB18DA,惠泰段,87.32,都市：其他:第一種住宅區,1,1,全筆移轉,02300002
RPTOMLNLMHLGFCB18DA,惠泰段,.31,都市：其他:第一種住宅區,30,1,持分移轉,02300010
RPTOMLNLMHLGFCB18DA,惠泰段,20.85,都市：其他:第一種住宅區,10000,463,持分移轉,02300011
RPPNMLLKNHLGFJB28EA,永成段,85.85,都市：其他:住宅區,1,1,全筆移轉,12040004
RPPOMLPJNHLGFIB48DA,山頂段,31.98,都市：其他:第一種住宅區,100000,602,持分移轉,03910000
RPPOMLPJNHLGFIB48DA,山頂段,3.84,都市：其他:商業區,100000,602,持分移轉,04480008
RPPPMLOKMHLGFAB67DA,下橋子頭段,16.11,都市：其他:第二種住宅區,100000,354,持分移轉,01910003
RPRNMLLLMHLGFAB47DA,旱溪段,89.00,都市：其他:第二種住宅區,1,1,全筆移轉,01320014
RPQNMLLLMHLGFAB37DA,下橋子頭段,122.00,都市：其他:第三種住宅區。,1,1,全筆移轉,02420123
RPVOMLQJNHLGFAB38DA,下橋子頭段,14.56,都市：其他:第一種商業區,100000,514,持分移轉,00170001
RPOOMLKMMHLGFAB27DA,半平厝段,8.87,都市：其他:第三種住宅區。,10000,19,持分移轉,19720000
RPTOMLNKNHLGFAB97DA,泉源段,9.53,都市：其他:第三之一種商業區,200000,162,持分移轉,00150000
RPUNMLKLLHLGFBB67DA,新賴厝廍三段,.93,都市：其他:第一種商業區,100000,486,持分移轉,04770000
RPPNMLNKNHLGFAB47DA,後壠子段,23.61,都市：其他:第二種住宅區,100000,395,持分移轉,03410000
RPUNMLKLLHLGFBB67DA,新賴厝廍三段,18.51,都市：其他:第一種商業區,100000,486,持分移轉,04780000
RPUNNLOLLHLGFBB18DA,水湳段,10.55,都市：其他:第四種商業區,10000,54,持分移轉,13110000
RPSPMLRJMHLGFBB28DA,同榮段,33.97,都市：其他:第二種住宅區,100000,1046,持分移轉,15090000
RPWNMLSJMHLGFBB58DA,文北段,22.94,都市：其他:第二之一種住宅區,100000,1515,持分移轉,01770000
RPRQMLOKMHLGFBB08DA,東山段,8.90,都市：其他:第二種住宅區,100000,1200,持分移轉,01410000
RPQOMLPJNHLGFBB87DA,太原段,26.94,都市：其他:第三種住宅區。,100000,136,持分移轉,01400001
RPROMLSJNHLGFBB28DA,碧柳段,21.14,都市：其他:第二之一種住宅區,100000,291,持分移轉,00780000
RPQNMLMJNHLGFBB47DA,錦村段,14.98,都市：其他:第三種住宅區。,10000,65,持分移轉,02130034
RPUNMLMKNHLGFBB97DA,東峰段,33.11,都市：其他:第一種商業區,3000,130,持分移轉,01230000
RPROMLSJMHLGFCB28DA,惠來厝段,21.02,都市：其他:第五之一種住宅區,100000,531,持分移轉,01040000
RPROMLSJMHLGFCB28DA,惠來厝段,.88,都市：其他:第二種住宅區,100000,531,持分移轉,01040010
RPROMLSJMHLGFCB28DA,惠來厝段,.47,都市：其他:第二種住宅區,100000,531,持分移轉,01040011
RPROMLSJMHLGFCB28DA,惠來厝段,.01,都市：其他:第五之一種住宅區,100000,531,持分移轉,01050000
RPPNMLKLMHLGFDB47DA,安康段,59.35,都市：其他:第二種住宅區,1,1,全筆移轉,05020000
RPVOMLQKMHLGFCB58DA,西屯段,6.58,都市：其他:第三種商業區,100000,236,持分移轉,24610000
RPXOMLNLMHLGFDB68DA,廣興段,37.97,都市：其他:住宅區,10000,1374,持分移轉,12880000
RPRNMLLKNHLGFEB87DA,新六分段,42.30,都市：其他:第一種住宅區,1000000,32782,持分移轉,12710000
RPVNMLPLLHLGFFB68DA,正義段,37.97,都市：其他:第二種住宅區,225,34,持分移轉,04920000
RPVNMLPLLHLGFFB68DA,正義段,374.79,都市：其他:第二種住宅區,300,59,持分移轉,04930000
RPXNMLTLMHLGFFB76DA,西社段,23.17,都市：其他:第四種住宅區,1,1,全筆移轉,00900000
RPXNMLTLMHLGFFB76DA,西社段,48.74,都市：其他:第四種住宅區,1,1,全筆移轉,00910000
RPQNMLQJNHLGFFB28DA,福興段,9.47,都市：其他:第二種住宅區,1,1,全筆移轉,10450000
RPQNMLQJNHLGFFB28DA,福興段,108.58,都市：其他:綠地用地,1,1,全筆移轉,10460000
RPQNMLQJNHLGFFB28DA,福興段,422.84,都市：其他:第二種住宅區,1,1,全筆移轉,10470000
RPPOMLQJNHLGFFB28DA,興安西段,17.47,都市：其他:第二種商業區,10000,45,持分移轉,00070000
RPPOMLLKNHLGFFB87DA,市鎮南段,13.23,都市：其他:第四種商業區,100000,59,持分移轉,00970000
RPPNMLRJNHLGFHB48DA,僑興段,25.11,都市：其他:住宅區,100000,325,持分移轉,00140000
RPPNMLTJNHLGFHB68DA,嘉仁段,505.20,非都市：特定農業區 ; 非都市編定：農牧用地,2,1,持分移轉,00030021
RPRNMLOKMHLGFIB48DA,地利段,23.05,都市：其他:住宅區,10000,98,持分移轉,10090000
RPUNMLPKMHLGFIB88DA,九如段,13.03,都市：其他:第三種住宅區。,100000,223,持分移轉,05260000
RPRNMLSJNHLGFIB88DA,光正段,20.69,非都市：工業區 ; 非都市編定：丁種建築用地,100000,682,持分移轉,02740012
RPRPMLPJLHLGFBB87DA,松茂段,70.00,都市：其他:第二種住宅區,1,1,全筆移轉,03810085
RPPOMLKLLHLGFAB17DA,下橋子頭段,12.54,都市：其他:第三種住宅區。,100000,823,持分移轉,02750002
SPSPMLSJNHLGFBB58DA,松竹段,45.57,都市：其他:第二種住宅區,10000,127,持分移轉,12190000
RPPOMLQLLHLGFAB77DA,樹子腳段,10.66,都市：其他:第二種住宅區,100000,317,持分移轉,17300000
RPVNMLQKMHLGFBB38DA,軍福段,21.50,都市：其他:第三種住宅區。,10000,156,持分移轉,00460000
RPOOMLPJNHLGFAB57DA,東昇段四小段,18.14,都市：其他:第一種商業區,10000,134,持分移轉,00030000
RPOOMLPJNHLGFAB57DA,東昇段四小段,19.82,都市：其他:第二種住宅區,10000,134,持分移轉,00030009
RPPOMLLKNHLGFBB47DA,碧柳段,21.73,都市：其他:第二之一種住宅區,100000,299,持分移轉,00780000
RPQVMLPJLHLGFBB38DA,文北段,22.68,都市：其他:第二之一種住宅區,100000,412,持分移轉,01600000
RPPNMLNKNHLGFJB48EA,育賢段,21.48,都市：其他:住宅區,10000,25,持分移轉,02010000
RPWNMLPJNHLGFAB28DA,萬安段九小段,8.21,都市：其他:第二種住宅區,100000,113,持分移轉,00010000
RPVPMLRJNHLGFBB68DA,竹興段,43.29,都市：其他:第一之一種住宅區,100000,611,持分移轉,02120000
RPWNMLPJNHLGFAB28DA,正義段九小段,3.05,都市：其他:第二種住宅區,100000,113,持分移轉,00060000
RPWNMLPJNHLGFAB28DA,正義段九小段,.90,都市：其他:第一種商業區,100000,113,持分移轉,00070000
RPUPMLSJNHLGFCB78DA,福德段,13.16,都市：其他:第三種商業區,1000000,6127,持分移轉,02120000
RPRNNLOJNHLGFCB97DA,寶山段,.50,都市：其他:第二種住宅區,43705,50,持分移轉,12850018
RPRNNLOJNHLGFCB97DA,寶山段,28.43,都市：其他:第二種住宅區,93566,2843,持分移轉,12860000
RPPPMLRKMHLGFBB08DA,美和段,37.76,都市：其他:第一之一種住宅區,1000000,9870,持分移轉,05690000
RPQQMLOKMHLGFBB97DA,東光段,23.40,都市：其他:第二種住宅區,5,1,持分移轉,01420001
RPSNMLRJMHLGFKB98DA,東海段,90.83,都市：其他:第二種住宅區,1,1,全筆移轉,02950000
RPSNMLRJMHLGFKB98DA,東海段,14.53,都市：其他:第二種住宅區,18,1,持分移轉,03010000
RPVNMLLKLHLGFDB97DA,翁明段,447.29,都市：其他:乙種工業區,1,1,全筆移轉,00610000
RPRNMLRJMHLGFAB87DA,頂橋子頭段,10.94,都市：其他:第二種住宅區,10000,157,持分移轉,02820000
RPTRMLMKNHLGFCB38DA,大進段,40.99,都市：其他:第二種住宅區,10000,316,持分移轉,10030000
RPSOMLKLMHLGFBB67DA,東山段,17.32,都市：其他:第一種商業區,1000000,4970,持分移轉,02280000
RPPOMLSJNHLGFJB88DA,育賢段,20.00,都市：其他:商業區,10000,71,持分移轉,01530000
RPRNMLMKNHLGFBB67DA,景東段,12.92,都市：其他:第三種住宅區。,10000,337,持分移轉,01630000
RPQRMLRJNHLGFBB38DA,碧柳段,21.22,都市：其他:第二之一種住宅區,100000,292,持分移轉,00780000
RPVNMLMKNHLGFHB68DA,學雅段,31.55,都市：其他:第二種住宅區,100000,1075,持分移轉,00210000
RPVNMLMKNHLGFHB68DA,學雅段,4.82,都市：其他:第二種住宅區,100000,1075,持分移轉,00210001
RPVNMLMKNHLGFHB68DA,學雅段,.39,都市：其他:第二種住宅區,100000,1075,持分移轉,00210002
RPXNMLKLLHLGFCB08DA,大墩段,28.33,都市：其他:第二種住宅區,10000,23,持分移轉,04690000
RPQPMLMKNHLGFCB87DA,上石碑段,4.13,都市：其他:第三種商業區,100000,309,持分移轉,17900000
RPSNMLLJMHLGFCB57DA,田心段,40.27,都市：其他:第二種住宅區,100000,1163,持分移轉,05180000
RPQPMLMKNHLGFCB87DA,上石碑段,3.69,都市：其他:第三種商業區,100000,309,持分移轉,18000007
RPOOMLSLMHLGFDB28DA,中興段,20.11,都市：其他:第二種住宅區,10,1,持分移轉,00070000
RPOOMLSLMHLGFDB28DA,中興段,60.75,都市：其他:第二種住宅區,1,1,全筆移轉,00070008
RPVOMLLLMHLGFAB97DA,後壠子段,54.43,都市：其他:第二種住宅區,49,7,持分移轉,01990023
RPQPMLKMLHLGFEB87DA,水美東段,2.18,非都市：特定農業區 ; 非都市編定：甲種建築用地,70,2,持分移轉,04640000
RPQPMLKMLHLGFEB87DA,水美東段,19.54,非都市：特定農業區 ; 非都市編定：甲種建築用地,28,2,持分移轉,04650000
RPQPMLKMLHLGFEB87DA,水美東段,56.31,非都市：特定農業區 ; 非都市編定：甲種建築用地,1,1,全筆移轉,04720000
RPPOMLPKNHLGFCB97DA,何安段,3.03,都市：其他:第二種住宅區,100000,333,持分移轉,09730000
RPPOMLPKNHLGFCB97DA,何安段,4.12,都市：其他:第三種住宅區。,100000,333,持分移轉,09730001
RPPOMLKLMHLGFBB37DA,東山段,19.69,都市：其他:第一種商業區,1000000,5650,持分移轉,02280000
RPUNMLPKMHLGFBB18DA,碧柳段,13.84,都市：其他:第二種商業區,1000000,3860,持分移轉,02820000
RPWNMLTLMHLGFDB09DA,建成段,29.48,都市：其他:第一之一種住宅區,11472,170,持分移轉,11680000
RPPNMLRLMHLGFHB58DA,東寶一段,21.80,都市：其他:第一之一種住宅區,10000,49,持分移轉,03420000
RPXNMLRKMHLGFFB09DA,梧棲段,6.50,都市：其他:第四種住宅區,10000,216,持分移轉,32030000
RPXOMLLJMHLGFFB48DA,南簡段,65.00,都市：其他:第四種住宅區,1,1,全筆移轉,01360032
RPWNMLPLLHLGFFB78DA,正義段,38.17,都市：其他:第二種住宅區,7776000,1181321,持分移轉,04920000
RPXOMLLJMHLGFFB48DA,南簡段,9.63,都市：其他:第四種住宅區,19,1,持分移轉,01360035
RPWNMLPLLHLGFFB78DA,正義段,186.82,都市：其他:第二種住宅區,7776000,762281,持分移轉,04930000
RPVPMLQLLHLGFCB68DA,上石碑段,37.87,都市：其他:第三之二種住宅區,100000,1371,持分移轉,26640000
RPPNMLLKMHLGFFB67DA,市鎮北段,13.73,都市：其他:第四種商業區,10000,42,持分移轉,00130000
RPSNMLMKNHLGFFB18DA,興安西段,17.47,都市：其他:第二種商業區,10000,45,持分移轉,00070000
RPPNMLRLMHLGFEB28DA,臨江段,8.04,都市：其他:商業區,100000,8856,持分移轉,04310000
RPPNMLRLMHLGFEB28DA,臨江段,19.11,都市：其他:商業區,100000,8856,持分移轉,04320000
RPPNMLRLMHLGFEB28DA,臨江段,1.55,都市：其他:商業區,100000,8856,持分移轉,04410010
RPRNMLMKNHLGFHB28DA,中山段,72.25,都市：其他:第二種住宅區,1,1,全筆移轉,05000000
RPRNMLMKNHLGFHB28DA,中山段,12.02,都市：其他:第二種住宅區,100,2,持分移轉,05050000
RPRNMLKLMHLGFHB08DA,弘富段,110.79,都市：其他:第一之二種住宅區,1,1,全筆移轉,00400008
RPWNMLPJNHLGFJB56DA,麗園段,90.59,非都市：鄉村區 ; 非都市編定：乙種建築用地,1,1,全筆移轉,04120000
RPPNMLRJNHLGFIB58DA,大孝段,30.64,都市：其他:住宅區,22371,3064,持分移轉,00670000
RPPNMLRJNHLGFIB58DA,大孝段,56.64,都市：其他:住宅區,1,1,全筆移轉,00670007
RPTNMLKLMHLGFKB58DA,龍崗段,5.63,都市：其他:第四種住宅區,10000,69,持分移轉,05720000
RPTNMLKLMHLGFKB58DA,龍崗段,13.77,都市：其他:第四種住宅區,10000,69,持分移轉,05730000
RPQNMLOLMHLGFIB48DA,新榮和段,14.86,都市：其他:商業區,100000,178,持分移轉,00220000
RPQOMLSJNHLGFJB98DA,樹孝段,13.28,都市：其他:住宅區,10000,30,持分移轉,16380000
RPUPMLPJNHLGFBB38DA,文北段,5.20,都市：其他:第二之一種住宅區,100000,235,持分移轉,00680000
RPUPMLPJNHLGFBB38DA,文北段,9.78,都市：其他:第二之一種住宅區,100000,235,持分移轉,00690000
RPXNMLNKMHLGFAB18DA,樹子腳段,14.52,都市：其他:第二種商業區,100000,623,持分移轉,09340000
RPTNMLNKNHLGFAB97EA,下橋子頭段,11.19,都市：其他:第二種住宅區,10000,362,持分移轉,00330021
RPOOMLOJNHLGFAB47DA,新庄段,116.96,都市：其他:第一種商業區,1,1,全筆移轉,10620000
RPQNMLOLMHLGFAB67DA,麻園頭段,25.23,都市：其他:第三種商業區,10000,209,持分移轉,00280000
RPPNMLNKNHLGFBB67EA,文正段,2.94,都市：其他:第二種住宅區,62600,294,持分移轉,01180049
RPTNMLOKNHLGFAB97DA,樹子腳段,16.72,都市：其他:第二種住宅區,100000,353,持分移轉,13100000
RPTNMLOKNHLGFAB97DA,樹子腳段,2.29,都市：其他:第二種住宅區,100000,353,持分移轉,13100017
RPTNMLOKNHLGFAB97DA,樹子腳段,.99,都市：其他:第二種住宅區,100000,353,持分移轉,13100018
RPSPMLMKNHLGFFB38DA,榜文段,74.80,都市：其他:第二種住宅區,1,1,全筆移轉,09870013
RPUNMLNKNHLGFAB08EA,下橋子頭段,11.19,都市：其他:第二種住宅區,10000,362,持分移轉,00330021
RPSPMLMKNHLGFFB38DA,榜文段,30.25,都市：其他:第二種住宅區,28,1,持分移轉,09870015
RPVNMLPJNHLGFFB68DA,文光段,33.24,都市：其他:第四種住宅區,10000,96,持分移轉,07830000
RPQRMLQKMHLGFBB28DA,平田段,9.48,都市：其他:第二種住宅區,100000,112,持分移轉,01000000
RPQRMLQKMHLGFBB28DA,平田段,1.75,都市：其他:第三種住宅區。,100000,112,持分移轉,01000001
RPQOMLQJNHLGFFB38DA,興安西段,16.69,都市：其他:第二種商業區,10000,43,持分移轉,00070000
RPRWMLOLLHLGFBB68DA,松竹段,24.95,都市：其他:第二種住宅區,10000,45,持分移轉,12330000
RPTNMLPKMHLGFKB98DA,木本段,7.50,都市：其他:第四種住宅區,10000,120,持分移轉,07950000
RPTNMLPKMHLGFKB98DA,木本段,14.71,都市：其他:第四種住宅區,10000,120,持分移轉,08210000
RPQNMLNKNHLGFBB67DA,松竹段,16.07,都市：其他:第二種住宅區,28,2,持分移轉,02480000
RPVNMLTJMHLGFCB68DA,民安段,17.60,都市：其他:第三之一種住宅區,100000,566,持分移轉,15230000
RPVQMLMLMHLGFCB48DA,何厝段,17.01,都市：其他:第三種商業區,20000,138,持分移轉,02030000
RPPNMLNKNHLGFFB97DA,忠孝段,155.00,都市：其他:第四種住宅區,1,1,全筆移轉,00890008
RPSNMLQKMHLGFGB58DA,食水嵙段,659.05,非都市：山坡地保育區 ; 非都市編定：農牧用地,1,1,全筆移轉,00170000
RPSNMLQKMHLGFGB58DA,食水嵙段,754.44,非都市：山坡地保育區 ; 非都市編定：丙種建築用地,1,1,全筆移轉,00190000
RPSNMLKLMHLGFGB08DA,東勢段中嵙小段,22.25,非都市：山坡地保育區 ; 非都市編定：丙種建築用地,1068,89,持分移轉,00570002
RPXNMLKLMHLGFFB48DA,平等段,122.10,都市：其他:第二種住宅區,1,1,全筆移轉,04810000
RPXNMLKLMHLGFFB48DA,平等段,133.04,都市：其他:第二種住宅區,1,1,全筆移轉,04810001
RPXNMLKLMHLGFFB48DA,平等段,140.89,都市：其他:第二種住宅區,1,1,全筆移轉,04810002
RPRNMLLKNHLGFCB67DA,國安段,6.56,都市：其他:第六種住宅區,10000,12,持分移轉,05930491
RPUNMLRJNHLGFCB48DA,惠來厝段,3.52,都市：其他:第二種住宅區,500,10,持分移轉,01130000
RPQNMLQKMHLGFFB28DA,榜文段,52.88,都市：其他:第二種住宅區,1,1,全筆移轉,08850020
RPQNMLQKMHLGFFB28DA,榜文段,20.25,都市：其他:第二種住宅區,1000000,22859,持分移轉,08850051
RPOOMLNLMHLGFCB67DA,上石碑段,13.86,都市：其他:第二種住宅區,10000,79,持分移轉,26620000
RPTNMLNKNHLGFHB58DA,四德段,94.00,都市：其他:第二種住宅區,1,1,全筆移轉,03500079
RPWNMLNKNHLGFHB88DA,大明段,18.80,都市：其他:第二種住宅區,20000,148,持分移轉,04510000
RPRNMLQKMHLGFEB28DA,黎明段,64.25,都市：其他:住宅區,1,1,全筆移轉,06690015
RPRNMLOKNHLGFJB68DA,麗園段,358.79,非都市：鄉村區 ; 非都市編定：乙種建築用地,1,1,全筆移轉,06470000
RPQOMLRJNHLGFIB78DA,新高鐵段,17.46,都市：其他:商業區,100000,69,持分移轉,00890000
RPPNMLQKMHLGFJB58DA,永隆段,78.98,非都市：鄉村區 ; 非都市編定：乙種建築用地,1,1,全筆移轉,09060000
RPOOMLKLMHLGFBB27DA,東山段,21.12,都市：其他:第一種商業區,1000000,6060,持分移轉,02280000
RPXNMLOLMHLGFIB56DA,文化段,84.91,非都市：鄉村區 ; 非都市編定：乙種建築用地,1,1,全筆移轉,07460000
RPTNMLSJNHLGFIB09DA,頭前厝南段,5.65,都市：其他:農業區,44,1,持分移轉,00170000
RPTOMLKLMHLGFIB48DA,向學段,69.88,都市：其他:住宅區,1,1,全筆移轉,04200008
RPTNMLSJNHLGFIB09DA,頭前厝南段,4.86,都市：其他:農業區,37,1,持分移轉,01370000
RPTNMLSJNHLGFIB09DA,頭前厝南段,24.94,都市：其他:農業區,10,1,持分移轉,01490000
RPTNMLSJNHLGFIB09DA,頭前厝南段,59.15,都市：其他:農業區,1,1,全筆移轉,01540000
RPTOMLMJMHLGFIB48DA,天時段,14.70,都市：其他:住宅區,100000,598,持分移轉,00480000
RPPNMLPKNHLGFGB38EA,復興段,25.39,都市：其他:商業區,200000,37886,持分移轉,08270000
RPPNMLPKNHLGFGB38EA,復興段,17.44,都市：其他:商業區,200000,37886,持分移轉,08280000
RPPNMLPKNHLGFGB38EA,復興段,11.78,都市：其他:商業區,200000,37886,持分移轉,09070002
RPROMLOLMHLGFAB87DA,下橋子頭段,37.29,都市：其他:第三種住宅區。,72,1,持分移轉,02610019
RPPNMLNKNHLGFKB48DA,中社段,40.90,都市：其他:保護區,241,1,持分移轉,02620000
RPPNMLNKNHLGFKB48DA,中社段,50.33,都市：其他:第二種住宅區,1,1,全筆移轉,04740000
RPPNMLNKNHLGFKB48DA,中社段,12.44,都市：其他:第二種住宅區,66,1,持分移轉,05140000
RPPNMLNKNHLGFKB48DA,中社段,8.58,都市：其他:第二種住宅區,66,1,持分移轉,05760000
RPRNMLKKNHLGFAB37DA,旱溪段,24.00,都市：其他:第七種住宅區,10000,49,持分移轉,01740007
RPSNMLSLMHLGFBB38DA,松茂段,25.13,都市：其他:第二種住宅區,10000,66,持分移轉,08020000
RPRNMLSJMHLGFBB08DA,仁美段,19.45,都市：其他:第二種住宅區,10000,296,持分移轉,08920002
RPQSMLTJMHLGFBB58DA,錦村段,17.47,都市：其他:第二種住宅區,300000,726,持分移轉,00610000
RPTOMLOJNHLGFAB97DA,麻園頭段,4.36,都市：其他:第二種住宅區,10000,56,持分移轉,05910000
RPTOMLOJNHLGFAB97DA,麻園頭段,5.38,都市：其他:第一種商業區,10000,56,持分移轉,05980000
RPSOMLOKNHLGFBB08DA,平田段,8.46,都市：其他:第二種住宅區,100000,100,持分移轉,01000000
RPSOMLOKNHLGFBB08DA,平田段,1.56,都市：其他:第三種住宅區。,100000,100,持分移轉,01000001
RPOPMLOJNHLGFBB67DA,大豐段,155.82,都市：其他:特二種住宅區,10000,120,持分移轉,00710000
RPOPMLOJNHLGFBB67DA,大豐段,2.41,都市：其他:特二種住宅區,10000,120,持分移轉,00880000
RPOPMLOJNHLGFBB67DA,大豐段,253.43,都市：其他:特二種住宅區,1,1,全筆移轉,00990000
RPPSMLPKMHLGFBB18DA,東山段,30.93,都市：其他:第二種住宅區,30,1,持分移轉,03020000
RPVNMLQLLHLGFCB48DA,永春段,23.20,都市：其他:第一之一種住宅區,100000,816,持分移轉,01050000
RPVNMLQLLHLGFCB48DA,永春段,1.38,都市：其他:第一種住宅區,100000,46,持分移轉,01060004
RPUPMLQLLHLGFCB58DA,永豐段,333.51,都市：其他:第一之一種住宅區,1,1,全筆移轉,00500000
RPQPMLOKMHLGFCB97DA,楓樹段,74.00,都市：其他:第二之二種住宅區,1,1,全筆移轉,13730000
RPRPMLNLMHLGFCB08DA,新富段,19.09,都市：其他:第一之B種住宅區,100000,1465,持分移轉,04730004
RPRPMLNLMHLGFCB08DA,新富段,124.73,都市：其他:第一之B種住宅區,1,1,全筆移轉,04730013
RPOOMLRKMHLGFCB97DA,大進段,44.49,都市：其他:第二種住宅區,10000,343,持分移轉,10030000
RPQOMLTLMHLGFCB48DA,豐業段,24.61,都市：其他:第二種住宅區,100000,994,持分移轉,01340000
RPSRMLQJNHLGFCB58DA,保安段,6.51,都市：其他:第一種商業區,1000000,5055,持分移轉,09930000
RPSRMLQJNHLGFCB58DA,保安段,5.27,都市：其他:第三之二種住宅區,1000000,5055,持分移轉,09940000
RPQNMLOKNHLGFCB87DA,惠禮段,19.77,都市：其他:第二種商業區,10000,155,持分移轉,00690000
RPTNMLPKNHLGFCB28DA,龍富段,32.65,都市：其他:第一之B種住宅區,100000,1176,持分移轉,02310000
RPTNMLPKNHLGFCB28DA,龍富段,29.09,都市：其他:第一之C種住宅區,100000,1176,持分移轉,02320000
RPWPMLSKNHLGFCB09DA,寶山段,15.07,都市：其他:第二種住宅區,10000,34,持分移轉,02680001
RPQNMLTJMHLGFDB28DA,復興段,232.19,非都市：山坡地保育區 ; 非都市編定：丙種建築用地,1,1,全筆移轉,03230000
RPOOMLTJMHLGFDB18DA,十五庄段,100.66,都市：其他:第二種住宅區,1,1,全筆移轉,06450000
RPPNMLOJNHLGFDB77DA,復興段,350.14,非都市：山坡地保育區 ; 非都市編定：丙種建築用地,1,1,全筆移轉,04010000
RPPNMLKLNHLGFEB67DA,新磁磘段,119.85,都市：其他:第一種住宅區,1,1,全筆移轉,08080000
RPQNMLKMMHLGFFB87DA,市鎮南段,9.96,都市：其他:第四種商業區,100000,90,持分移轉,01330000
RPPNMLLKNHLGFGB87DA,延平段,75.95,都市：其他:住宅區,1,1,全筆移轉,05050000
RPPNMLLKNHLGFGB87DA,延平段,32.44,,1,1,全筆移轉,05060000
RPPNMLLKNHLGFGB87DA,延平段,12.55,都市：其他:住宅區,1,1,全筆移轉,05070000
RPPNMLPKNHLGFGB28DA,仙師段,22.77,都市：其他:商業區,10000,230,持分移轉,05780000
RPQNMLQKMHLGFHB48DA,僑興段,32.10,都市：其他:住宅區,100000,577,持分移轉,00120000
RPVNMLRKMHLGFHB09DA,僑興段,26.65,都市：其他:住宅區,100000,345,持分移轉,00140000
RPQNMLOLLHLGFIB38DA,大元段,88.22,都市：其他:住宅區,1,1,全筆移轉,08000005
RPQNMLOLLHLGFIB38DA,大元段,17.81,都市：其他:住宅區,8,1,持分移轉,08000012
RPTNMLNKNHLGFIB68DA,振坤段,.24,,9,1,持分移轉,09080000
RPTNMLNKNHLGFIB68DA,振坤段,19.51,都市：其他:住宅區,10000,1094,持分移轉,09620000
RPTNMLNKNHLGFIB68DA,振坤段,12.93,都市：其他:住宅區,10000,1094,持分移轉,09630000
RPRNMLTLLHLGFCB38DA,三塊厝段,13.77,都市：其他:第二種住宅區,100000,91,持分移轉,05990000
RPPPMLOKNHLGFIB58DA,東湖段,19.56,都市：其他:住宅區,100000,527,持分移轉,09550000
RPQNMLLLMHLGFJB28DA,育賢段,25.18,都市：其他:住宅區,100000,293,持分移轉,02010008
RPQNMLPKNHLGFJB68DA,樹孝段,69.14,都市：其他:住宅區,1,1,全筆移轉,11770000
RPPNMLQKNHLGFKB78DA,龍社段,.62,都市：其他:第二種住宅區,226,1,持分移轉,02560000
RPPNMLQKNHLGFKB78DA,龍社段,30.33,都市：其他:第二種住宅區,100000,1125,持分移轉,02570000
RPOQMLLLMHLGFBB57DA,乾溝子段,10.34,都市：其他:第二種住宅區,100000,329,持分移轉,01430056
RPQPMLMLMHLGFBB77DA,太順段,20.23,都市：其他:第三種住宅區。,20000,82,持分移轉,00480000
RPPNMLNLMHLGFBB57DA,陳平段,10.62,都市：其他:第五種住宅區,100000,473,持分移轉,31600016
RPSOMLPJNHLGFBB08DA,仁美段,16.90,都市：其他:第二種商業區,10000,52,持分移轉,17450000
RPTRMLRJNHLGFBB68DA,水源段,.67,都市：其他:第二種住宅區,14256,240,持分移轉,02450003
RPTRMLRJNHLGFBB68DA,水源段,.51,都市：其他:停車場用地,14256,240,持分移轉,02450007
RPQOMLSJNHLGFBB18DA,仁和段,2.33,都市：其他:第一種商業區,20000,66,持分移轉,05270000
RPQOMLSJNHLGFBB18DA,仁和段,2.08,都市：其他:第一種商業區,20000,66,持分移轉,05370000
RPTNMLNKNHLGFAB87DA,下橋子頭段,6.72,都市：其他:第一種商業區,100000,410,持分移轉,01240053
RPTNMLNKNHLGFAB87DA,下橋子頭段,6.86,都市：其他:第二種住宅區,100000,410,持分移轉,02030000
RPRQMLOKNHLGFBB18DA,東山段,15.26,都市：其他:第一種商業區,100000,1089,持分移轉,02150000
RPSNMLSKNHLGFBB38DA,太祥段,10.33,都市：其他:第二種住宅區,100000,490,持分移轉,02350000
RPSNMLSKNHLGFBB38DA,太祥段,4.34,都市：其他:第三種住宅區。,100000,490,持分移轉,02380000
RPWPMLOLLHLGFCB58DA,大進段,18.00,都市：其他:第二種住宅區,10000,121,持分移轉,00930000
RPSNMLKKMHLGFCB57DA,西屯段,6.66,都市：其他:第三種商業區,100000,239,持分移轉,24610000
RPPQMLLLMHLGFCB77DA,三富段,43.39,都市：其他:第一之C種住宅區,100000,842,持分移轉,00820000
RPWRMLPKNHLGFCB98DA,上石碑段,9.58,都市：其他:第二種商業區,10000,82,持分移轉,21220004
RPWRMLPKNHLGFCB98DA,上石碑段,.03,都市：其他:第二種商業區,10000,82,持分移轉,26810002
RPRNMLQKMHLGFDB18DA,大洲段,20.65,都市：其他:第一之一種住宅區,10000,40,持分移轉,03840000
RPSNMLRKMHLGFDB38DA,陽明段,19.57,都市：其他:第三種住宅區。,10000,109,持分移轉,05690000
RPQNMLQJNHLGFEB18DA,德化段,20.22,都市：其他:住宅區,30000,1101,持分移轉,11440000
RPROMLRKLHLGFFB48DA,中清段,2510.41,都市：其他:保護區,1,1,全筆移轉,08560012
RPTOMLRKLHLGFFB68DA,高西段,438.62,都市：其他:農業區,19,6,持分移轉,02380000
RPTOMLRKLHLGFFB68DA,高西段,163.59,都市：其他:農業區,2,1,持分移轉,02390000
RPTOMLRKLHLGFFB68DA,高西段,442.04,都市：其他:農業區,2,1,持分移轉,02410000
RPTOMLRKLHLGFFB68DA,高西段,189.01,都市：其他:農業區,2,1,持分移轉,02420000
RPTOMLRKLHLGFFB68DA,高西段,147.01,都市：其他:農業區,19,6,持分移轉,02890000
RPTOMLRKLHLGFFB68DA,高西段,2539.43,都市：其他:農業區,1,1,全筆移轉,02930000
RPSOMLRJNHLGFFB68DA,梧棲段,15.92,都市：其他:第三種商業區,100000,1382,持分移轉,29360007
RPQNMLSKNHLGFFB58DA,犁份東段,5.47,都市：其他:保護區,51760,1094,持分移轉,07780002
RPQNMLSKNHLGFFB58DA,犁份東段,.86,都市：其他:保護區,8114,173,持分移轉,07780003
RPQNMLSKNHLGFFB58DA,犁份東段,9.68,都市：其他:保護區,137175,2903,持分移轉,07810001
RPQNMLSKNHLGFFB58DA,犁份東段,661.13,都市：其他:保護區,1,1,全筆移轉,07810003
RPQNMLSKNHLGFFB58DA,犁份東段,13.33,都市：其他:保護區,126072,2665,持分移轉,07870001
RPQNMLSKNHLGFFB58DA,犁份東段,2.10,都市：其他:保護區,9932,210,持分移轉,07890001
RPQNMLSKNHLGFFB58DA,犁份東段,22.95,都市：其他:保護區,217256,4590,持分移轉,08110000
RPRNMLSKNHLGFFB68DA,竹林東段,1945.06,都市：其他:保護區,1,1,全筆移轉,04390000
RPRNMLSKNHLGFFB68DA,竹林東段,126.06,都市：其他:保護區,2,1,持分移轉,04390001
RPRNMLSKNHLGFFB68DA,犁份東段,13.22,都市：其他:保護區,217256,2644,持分移轉,08110000
RPSNMLSKNHLGFFB78DA,竹林東段,126.06,都市：其他:保護區,2,1,持分移轉,04390001
RPSNMLSKNHLGFFB78DA,犁份東段,873.78,都市：其他:保護區,1,1,全筆移轉,07910003
RPSNMLSKNHLGFFB78DA,犁份東段,207.06,都市：其他:保護區,1,1,全筆移轉,07910005
RPSNMLSKNHLGFFB78DA,犁份東段,13.22,都市：其他:保護區,217256,2644,持分移轉,08110000
RPUNMLQLLHLGFHB88DA,三和段,26.00,都市：其他:第二種住宅區,360,26,持分移轉,09910024
RPPNMLLLMHLGFHB97DA,四德段,18.94,都市：其他:第二種住宅區,10000,33,持分移轉,03780002
RPUNMLLLMHLGFHB48DA,弘富段,26.31,都市：其他:第一之二種住宅區,1000000,7535,持分移轉,03150000
RPQNMLKMMHLGFHB08DA,上楓段,55.00,都市：其他:第一種住宅區,1,1,全筆移轉,12890017
RPUOMLNKMHLGFIB78DA,新三和段,15.69,都市：其他:商業區,10000,36,持分移轉,00660000
RPSNMLLMLHLGFJB48DA,新興段,13.42,都市：其他:商業區,100000,371,持分移轉,01210000
RPPNMLLLMHLGFJB18DA,育賢段,24.58,都市：其他:住宅區,10000,42,持分移轉,02080000
RPPNMLTLMHLGFJB98DA,太平段,148.00,都市：其他:住宅區,1,1,全筆移轉,06380016
RPPNMLKMMHLGFJB18DA,勤益段,.58,非都市：鄉村區 ; 非都市編定：乙種建築用地,10000,5,持分移轉,04320000
RPPNMLKMMHLGFJB18DA,勤益段,2.35,非都市：鄉村區 ; 非都市編定：乙種建築用地,10000,64,持分移轉,04530000
RPVNMLSKNHLGFJB86DA,頭汴坑段,996.00,非都市：森林區 ; 非都市編定：林業用地,1,1,全筆移轉,08600013
RPWNMLSKNHLGFJB96DA,頭汴坑段,1016.00,非都市：森林區 ; 非都市編定：林業用地,1,1,全筆移轉,08600009
RPRNMLSKNHLGFKB56DA,中山段,90.00,都市：其他:第四種住宅區,1,1,全筆移轉,09240009
RPTQMLTLMHLGFBB88DA,東義段,8.07,都市：其他:第二種商業區,100000,180,持分移轉,03190000
RPTQMLTLMHLGFBB88DA,東義段,.77,都市：其他:第二種商業區,100000,180,持分移轉,03320000
RPQQMLOKNHLGFBB08DA,倡和段,8.92,都市：其他:第三之一種商業區,20000,89,持分移轉,01880000
RPOOMLSJNHLGFJB78DA,興隆段,11.84,非都市：鄉村區 ; 非都市編定：乙種建築用地,302400,6414,持分移轉,03230000
RPOOMLSJNHLGFJB78DA,興隆段,4.91,非都市：鄉村區 ; 非都市編定：乙種建築用地,30000,5133,持分移轉,03270015
RPOOMLSJNHLGFJB78DA,興隆段,32.20,非都市：鄉村區 ; 非都市編定：乙種建築用地,1,1,全筆移轉,03270017
RPOOMLSJNHLGFJB78DA,興隆段,19.48,非都市：鄉村區 ; 非都市編定：乙種建築用地,30000,5130,持分移轉,03270021
RPOPMLLLMHLGFAB37DA,樹子腳段,17.38,都市：其他:第二種住宅區,100000,307,持分移轉,16490000
RPOPMLLLMHLGFAB37DA,樹子腳段,.54,都市：其他:第二種住宅區,100000,307,持分移轉,16490001
RPOPMLLLMHLGFAB37DA,樹子腳段,1.41,都市：其他:第二種住宅區,100000,307,持分移轉,16490003
RPOPMLLLMHLGFAB37DA,樹子腳段,.38,都市：其他:第二種住宅區,100000,307,持分移轉,16490004
RPVOMLOKNHLGFAB28DA,麻園頭段,8.10,都市：其他:第二種住宅區,10000,38,持分移轉,01880000
RPUNMLPKNHLGFAB18DA,吉龍段,17.46,都市：其他:第三種住宅區。,2000,26,持分移轉,06960000
RPQNMLPKLHLGFBB67DA,長安段,20.16,都市：其他:第二種住宅區,10000,175,持分移轉,07600009
RPQNMLPKLHLGFBB67DA,長安段,64.00,都市：其他:第二種住宅區,1,1,全筆移轉,07600013
RPQNMLPKLHLGFBB67DA,長安段,1.61,都市：其他:第三種住宅區。,10000,175,持分移轉,07600031
RPQNMLPKLHLGFBB67DA,長安段,.21,都市：其他:第三種住宅區。,10000,82,持分移轉,07750002
RPSOMLRLLHLGFBB28DA,邱厝子段,70.00,都市：其他:第二種住宅區,1,1,全筆移轉,00630012
RPSOMLRLLHLGFBB28DA,邱厝子段,14.00,都市：其他:第二種住宅區,1,1,全筆移轉,00630031
RPWNMLKMLHLGFBB97DA,同榮段,68.49,都市：其他:第二種住宅區,2,1,持分移轉,34960000
RPXNMLKMLHLGFBB08DA,同榮段,34.24,都市：其他:第二種住宅區,4,1,持分移轉,34960000
RPPOMLKMLHLGFBB37DA,同榮段,34.24,都市：其他:第二種住宅區,4,1,持分移轉,34960000
RPPQMLLMLHLGFBB67DA,太原段,15.73,都市：其他:第三種住宅區。,100000,42,持分移轉,01400000
RPTSMLTJMHLGFBB88DA,文北段,19.64,都市：其他:第二之一種住宅區,10000,33,持分移轉,00260000
RPQNMLQKMHLGFBB87DA,太和段,14.43,都市：其他:第三種住宅區。,100000,397,持分移轉,02000000
RPTNMLOLMHLGFBB08DA,同榮段,32.79,都市：其他:第二種住宅區,100000,1027,持分移轉,18930000
RPSRMLTLMHLGFBB88DA,太原段,25.12,都市：其他:第三種住宅區。,200000,400,持分移轉,01340000
RPRPMLMKNHLGFBB87DA,太祥段,27.00,都市：其他:第二種住宅區,100000,797,持分移轉,01440000
RPXNMLNKNHLGFBB38DA,軍福段,17.83,都市：其他:第二種商業區,10000,94,持分移轉,01310000
RPTOMLOKNHLGFBB18DA,仁和段,81.00,都市：其他:第一種商業區,1,1,全筆移轉,03680000
RPPOMLTKNHLGFBB28DA,新賴厝廍九段,99.01,都市：其他:第二種住宅區,1,1,全筆移轉,02070000
RPTOMLKLNHLGFBB87DA,東正段,11.01,都市：其他:第四種商業區,10000,50,持分移轉,01430000
RPUPMLPKNHLGFBB48DA,平田段,16.50,都市：其他:第二種住宅區,100000,166,持分移轉,02440000
RPPRMLRKLHLGFCB28DA,豐功段,4.73,都市：其他:第三種商業區,100000,211,持分移轉,01470000
RPUSMLOJNHLGFCB68DA,中義段,96.00,都市：其他:第三種住宅區。,1,1,全筆移轉,09690000
RPROMLKMMHLGFAB57DA,三民段三小段,4.00,都市：其他:第二種住宅區,8,2,持分移轉,00040015
RPUNMLQKNHLGFDB58DA,一心段,10.24,都市：其他:第一之一種住宅區,100000,153,持分移轉,06740000
RPROMLKMMHLGFAB57DA,三民段三小段,13.00,都市：其他:第二種住宅區,8,2,持分移轉,00040029
RPQRMLRKLHLGFCB38DA,國安段,9.52,都市：其他:第六種住宅區,10000,18,持分移轉,05930489
RPOOMLMJMHLGFCB37DA,大新段,27.39,都市：其他:第二種住宅區,10000,830,持分移轉,07780000
RPPNMLPKNHLGFBB77DA,景美段,20.90,都市：其他:第一種商業區,1000000,5652,持分移轉,00270000
RPXNMLOKNHLGFHB09DA,花眉庄段,15.85,都市：其他:農業區,12,1,持分移轉,04840000
RPXNMLOKNHLGFHB09DA,花眉庄段,67.30,都市：其他:農業區,1,1,全筆移轉,04840008
RPXNMLOKNHLGFHB09DA,花眉庄段,13.17,都市：其他:農業區,12,1,持分移轉,04850000
RPXNMLOKNHLGFHB09DA,花眉庄段,33.38,都市：其他:農業區,1,1,全筆移轉,04850003
RPVQMLOKNHLGFBB58DA,新賴厝廍三段,16.46,都市：其他:第二之一種商業區,10000,114,持分移轉,04370000
RPTSMLKMLHLGFCB28DA,大新段,15.84,都市：其他:第二之一種商業區,30000,825,持分移轉,03470000
RPUOMLOKMHLGFCB28DA,大墩段,3.13,都市：其他:第二種住宅區,10000,43,持分移轉,04630004
RPUOMLOKMHLGFCB28DA,大墩段,4.65,都市：其他:第三種住宅區。,10000,43,持分移轉,04640000
RPPOMLSKNHLGFAB08DA,後壠子段,4.48,都市：其他:第二種住宅區,10000,61,持分移轉,01780060
RPUOMLRJNHLGFCB58DA,豐富段,24.21,都市：其他:第一種商業區,100000,1420,持分移轉,04210000
RPPNMLPKNHLGFHB38DA,家興段,8.86,都市：其他:第一之一種住宅區,1000000,2569,持分移轉,05610000
RPQNMLMJMHLGFDB57DA,豐圳段,21.34,都市：其他:第三種住宅區。,10000,80,持分移轉,04630000
RPWQMLSKNHLGFCB56DA,信安段,33.41,都市：其他:第一之一種住宅區,100000,391,持分移轉,06910000
RPWQMLSKNHLGFCB56DA,信安段,10.31,都市：其他:第三之一種住宅區,100000,391,持分移轉,07020000
RPVNMLPJNHLGFDB48DA,豐中段,8.21,都市：其他:第三種住宅區。,100000,369,持分移轉,08670000
RPSOMLSKNHLGFCB58DA,民安段,24.87,都市：其他:第三之一種住宅區,75,1,持分移轉,12270000
RPSOMLSKNHLGFCB58DA,民安段,.77,都市：其他:第三之一種住宅區,75,1,持分移轉,12280000
RPSOMLSKNHLGFCB58DA,民安段,.08,都市：其他:道路用地,75,1,持分移轉,12280001
RPOQMLOLMHLGFBB87DA,倡和段,173.69,都市：其他:第三種住宅區。,1,1,全筆移轉,02130001
RPRNMLOKNHLGFEB18DA,新六分段,42.83,都市：其他:第一種住宅區,1000000,33195,持分移轉,12710000
RPVSMLOJNHLGFCB78DA,惠安段,8.11,都市：其他:第四之一種商業區,100000,100,持分移轉,02230000
RPOQNLPJNHLGFCB08DA,鑫大鵬段,47.18,都市：其他:第一之一種住宅區,100000,1490,持分移轉,01540000
RPRNMLNLMHLGFJB58DA,新興段,22.26,都市：其他:住宅區,10000,27,持分移轉,00230000
RPTOMLTKNHLGFCB78DA,何安段,2.71,都市：其他:第二種住宅區,100000,298,持分移轉,09730000
RPTOMLTKNHLGFCB78DA,何安段,3.69,都市：其他:第三種住宅區。,100000,298,持分移轉,09730001
RPQTMLRLMHLGFCB78DA,西屯段,26.89,都市：其他:第二種住宅區,100000,945,持分移轉,22490000
RPSNMLPKNHLGFEB38DA,新六分段,42.72,都市：其他:第一種住宅區,1000000,33108,持分移轉,12710000
RPQOMLPKNHLGFEB28DA,新六分段,42.83,都市：其他:第一種住宅區,1000000,33195,持分移轉,12710000
RPVNMLKLNHLGFDB18DA,陽明段,138.00,都市：其他:第三種住宅區。,1,1,全筆移轉,02600000
RPXNMLPKNHLGFEB88DA,新六分段,43.69,都市：其他:第一種住宅區,1000000,33860,持分移轉,12710000
RPRNMLPKNHLGFEB28DA,新六分段,42.30,都市：其他:第一種住宅區,1000000,32782,持分移轉,12710000
RPRPMLRKMHLGFCB38DA,惠安段,5.68,都市：其他:第四之一種商業區,100000,70,持分移轉,02230000
RPTNMLPKNHLGFEB48DA,新六分段,42.72,都市：其他:第一種住宅區,1000000,33108,持分移轉,12710000
RPPOMLPKNHLGFEB18DA,新六分段,42.83,都市：其他:第一種住宅區,1000000,33195,持分移轉,12710000
RPOOMLPKNHLGFEB08DA,新六分段,42.83,都市：其他:第一種住宅區,1000000,33195,持分移轉,12710000
RPPNMLSKLHLGFCB97DA,福星段,33.84,都市：其他:第二種住宅區,100000,1991,持分移轉,00810000
RPPNMLKMLHLGFHB87DA,頭家段,20.41,都市：其他:第一之一種住宅區,10000,70,持分移轉,03410000
RPQNMLTKNHLGFFB68DA,南勢東段,95.26,都市：其他:第二種住宅區,1,1,全筆移轉,00290000
RPXSMLPJNHLGFCB09DA,順和段,13.91,都市：其他:第二種住宅區,10000,378,持分移轉,03280000
RPVOMLPKNHLGFEB78DA,新六分段,43.69,都市：其他:第一種住宅區,1000000,33860,持分移轉,12710000
RPWOMLPKNHLGFEB88DA,新六分段,42.30,都市：其他:第一種住宅區,1000000,32782,持分移轉,12710000
RPWNMLPKNHLGFEB78DA,新六分段,43.69,都市：其他:第一種住宅區,1000000,33860,持分移轉,12710000
RPTNMLOLMHLGFHB68DA,大新段,22.12,都市：其他:第一之二種住宅區,100000,632,持分移轉,06650000
RPSNMLLKNHLGFFB08DA,市鎮北段,13.73,都市：其他:第四種商業區,10000,42,持分移轉,00130000
RPTOMLPKNHLGFEB58DA,新六分段,42.83,都市：其他:第一種住宅區,1000000,33195,持分移轉,12710000
RPRNMLNKNHLGFHB38DA,東寶一段,22.18,都市：其他:第一之一種住宅區,10000,127,持分移轉,03850000
RPXNMLRLMHLGFIB86DA,九德段,23.78,都市：其他:第三種住宅區。,10000,75,持分移轉,01090000
RPWNMLRKLHLGFIB56DA,德芳段,26.31,都市：其他:住宅區,100000,1593,持分移轉,03180000
RPXOMLPKNHLGFEB98DA,新六分段,42.72,都市：其他:第一種住宅區,1000000,33108,持分移轉,12710000
RPTNMLLLMHLGFJB58DA,七星段,130.12,非都市：山坡地保育區 ; 非都市編定：丙種建築用地,1,1,全筆移轉,02090000
RPPNMLMJMHLGFIB97DA,新榮泉段,23.08,都市：其他:商業區,10000,46,持分移轉,00160000
RPUNMLOLMHLGFAB08DA,東勢子段,22.33,都市：其他:第二種住宅區,110190,8633,持分移轉,00360080
RPURMLTKNHLGFIB17DA,北新段,25.90,都市：其他:住宅區,10000,47,持分移轉,10410000
RPOOMLPKMHLGFAB57DA,大益段,29.72,都市：其他:第二種住宅區,10000000,464300,持分移轉,02890000
RPWPMLNLMHLGFBB48DA,中德段,4.65,都市：其他:第三種住宅區。,1000000,1406,持分移轉,04660000
RPPNMLQKMHLGFAB67DA,半平厝段,9.69,都市：其他:第一種商業區,100000,493,持分移轉,01810000
RPPNMLQKMHLGFAB67DA,半平厝段,3.19,都市：其他:第二種住宅區,100000,493,持分移轉,01820000
RPPOMLRJNHLGFBB97DA,文北段,18.62,都市：其他:第二之一種住宅區,10000,59,持分移轉,00300000
RPSPMLNKNHLGFBB08DA,新賴厝廍三段,49.50,都市：其他:第二之一種商業區,1,1,全筆移轉,03720000
RPQRMLTLMHLGFBB68DA,青萍段,74.00,都市：其他:第二種住宅區,1,1,全筆移轉,07150000
RPSPMLNKNHLGFBB08DA,新賴厝廍三段,.40,都市：其他:第二之一種商業區,144,2,持分移轉,03830000
RPSPMLNKNHLGFBB08DA,新賴厝廍三段,3.87,都市：其他:第二之一種商業區,108,2,持分移轉,04300000
RPTNMLSJMHLGFJB09DA,仁平段,16.00,都市：其他:第一種住宅區,3216,16,持分移轉,07850000
RPQNMLSLLHLGFCB18DA,建功段,13.18,都市：其他:第五種住宅區,200000,416,持分移轉,00160000
RPPPMLKMMHLGFCB67DA,信安段,12.97,都市：其他:第三之一種住宅區,10000,31,持分移轉,06510000
RPPPMLKMMHLGFCB67DA,信安段,.86,都市：其他:第三之一種住宅區,10000,31,持分移轉,06510001
RPTNMLMLLHLGFIB48DA,大義段,18.56,都市：其他:住宅區,100000,6970,持分移轉,00160008
RPTNMLMLLHLGFIB48DA,大義段,46.60,都市：其他:住宅區,1,1,全筆移轉,00160016
RPTNMLMLLHLGFIB48DA,大義段,.48,都市：其他:住宅區,100000,6970,持分移轉,00160017
RPTNMLMLLHLGFIB48DA,大義段,.48,都市：其他:住宅區,100000,6970,持分移轉,00160018
RPQNMLPKNHLGFEB18DA,新六分段,43.69,都市：其他:第一種住宅區,1000000,33860,持分移轉,12710000
RPSOMLPKNHLGFEB48DA,新六分段,43.69,都市：其他:第一種住宅區,1000000,33860,持分移轉,12710000
RPPNMLKLNHLGFIB18EA,大忠段,18.67,都市：其他:商業區,100000,741,持分移轉,00660000
RPQOMLTKNHLGFCB48DA,福德段,21.82,都市：其他:第三種住宅區。,1000000,7625,持分移轉,01240000
RPQNMLNKNHLGFEB97DA,新六分段,43.69,都市：其他:第一種住宅區,1000000,33860,持分移轉,12710000
RPSNMLNKNHLGFEB18DA,新六分段,43.69,都市：其他:第一種住宅區,1000000,33860,持分移轉,12710000
RPROMLRLMHLGFCB38DA,福星段,20.43,都市：其他:第三種住宅區。,100000,349,持分移轉,04820000
RPRNMLNKNHLGFEB08DA,新六分段,42.83,都市：其他:第一種住宅區,2000000,66390,持分移轉,12710000
RPROMLOJNHLGFAB77DA,公民段,.33,都市：其他:道路用地,10000,130,持分移轉,09630000
RPRNMLLLLHLGFBB47DA,乾溝子段,24.64,都市：其他:第二種住宅區,10000,206,持分移轉,01680019
RPPNMLQKNHLGFFB28DA,公館段,3338.00,非都市：一般農業區 ; 非都市編定：農牧用地,1,1,全筆移轉,05960000
RPROMLOJNHLGFAB77DA,公民段,4.09,都市：其他:第二種住宅區,10000,130,持分移轉,10040000
RPROMLOJNHLGFAB77DA,公民段,9.58,都市：其他:第一種商業區,10000,130,持分移轉,10050000
RPROMLOJNHLGFAB77DA,公民段,.24,都市：其他:第一種商業區,10000,130,持分移轉,10060000
RPROMLPKNHLGFEB38DA,新六分段,43.69,都市：其他:第一種住宅區,1000000,33860,持分移轉,12710000
RPPOMLTKNHLGFCB38DA,福德段,36.40,都市：其他:第三種住宅區。,1000000,12719,持分移轉,01240000
RPPNMLOKNHLGFEB97DA,新六分段,43.69,都市：其他:第一種住宅區,1000000,33860,持分移轉,12710000
RPWPMLQJNHLGFCB78DA,惠國段,22.80,都市：其他:第六種新市政中心專用區,100000,1039,持分移轉,01280000
RPXNMLLMLHLGFEB48DA,永信段,35.75,都市：其他:住宅區,10000,885,持分移轉,07000000
RPTNMLNKNHLGFEB28DA,新六分段,42.83,都市：其他:第一種住宅區,1000000,33195,持分移轉,12710000
RPSNMLLKNHLGFCB77DA,惠來厝段,25.68,都市：其他:第二種住宅區,100000,3994,持分移轉,06040000
RPSNMLPJNHLGFJB78DA,信平段,9.00,,1,1,全筆移轉,08080003
RPSNMLPJNHLGFJB78DA,信平段,54.00,都市：其他:住宅區,1,1,全筆移轉,08540015
SPPOMLTKNHLGFCB48DA,福德段,21.82,都市：其他:第三種住宅區。,1000000,7625,持分移轉,01240000
RPUNMLPKNHLGFEB58DA,新六分段,42.83,都市：其他:第一種住宅區,1000000,33195,持分移轉,12710000
RPTVMLMJMHLGFJB66DA,中山段,108.44,非都市：鄉村區 ; 非都市編定：乙種建築用地,1,1,全筆移轉,01070000
RPVNMLTJMHLGFFB98DA,南簡段,17.72,都市：其他:第四種住宅區,10000,33,持分移轉,01840000
RPVNMLLLNHLGFFB48DA,庄南段,104.29,都市：其他:第四種住宅區,1,1,全筆移轉,11130000
RPVNMLLLNHLGFFB48DA,庄南段,26.55,都市：其他:第四種住宅區,1,1,全筆移轉,11140000
RPPNMLOKMHLGFCB67DA,福德段,32.83,都市：其他:第二種住宅區,100000,885,持分移轉,01410000
RPVNMLNLMHLGFJB98DA,育賢段,23.97,都市：其他:住宅區,100000,279,持分移轉,02010007
RPUQMLQKMHLGFBB58DA,景美段,21.58,都市：其他:第三種住宅區。,1000000,5703,持分移轉,00530000
RPUNMLLLNHLGFBB97DA,昌平段,154.41,都市：其他:第一種住宅區,1,1,全筆移轉,00640004
RPUNMLLLNHLGFJB78DA,福利段,77.10,非都市：山坡地保育區 ; 非都市編定：丙種建築用地,1000,45,持分移轉,01530000
RPSNMLNKMHLGFAB67DA,柳川段一小段,1.57,都市：其他:第二種商業區,100000,57,持分移轉,00040000
RPSNMLNKMHLGFAB67DA,柳川段一小段,.36,都市：其他:第一種商業區,100000,57,持分移轉,00040006
RPTOMLKLNHLGFCB97DA,龍富段,48.23,都市：其他:第一之C種住宅區,100000,1398,持分移轉,01570000
RPSNMLKLNHLGFHB28DA,學雅段,98.38,都市：其他:第二種住宅區,1,1,全筆移轉,05380000
RPQNMLSLMHLGFHB78DA,石牌段,19.71,都市：其他:第一之二種住宅區,10000,127,持分移轉,03700000
RPUOMLRJNHLGFKB76DA,瑞井段,9.59,非都市：鄉村區 ; 非都市編定：乙種建築用地,200000,501,持分移轉,01760000
RPWNMLLKNHLGFJB88DA,德興段,33.73,都市：其他:住宅區,10000,218,持分移轉,02040001
RPUOMLRJNHLGFKB76DA,瑞井段,.69,非都市：鄉村區 ; 非都市編定：乙種建築用地,200000,317,持分移轉,01760001
RPUNMLQJNHLGFBB28DA,長安段,11.06,都市：其他:第三種住宅區。,10000,48,持分移轉,00490000
RPSONLOJNHLGFCB18DA,西屯段,.08,都市：其他:第三種商業區,1000000,4905,持分移轉,23870026
RPSONLOJNHLGFCB18DA,西屯段,.01,都市：其他:第三種商業區,1000000,4905,持分移轉,23870081
RPSONLOJNHLGFCB18DA,上石碑段,8.21,都市：其他:第三種商業區,1000000,4905,持分移轉,26840000
RPSONLOJNHLGFCB18DA,西屯段,.07,都市：其他:第三種商業區,1000000,4905,持分移轉,32740000
RPWOMLSJLHLGFCB68DA,國安段,26.03,都市：其他:第六種住宅區,100000,77,持分移轉,05990000
RPPPMLQKMHLGFCB08DA,上石碑段,3.97,都市：其他:第三種商業區,100000,297,持分移轉,17900000
RPVOMLNKNHLGFBB28DA,東正段,12.93,都市：其他:第三種住宅區。,100000,984,持分移轉,01380000
RPPPMLQKMHLGFCB08DA,上石碑段,3.55,都市：其他:第三種商業區,100000,297,持分移轉,18000007
RPVNMLOKMHLGFKB09DA,龍社段,82.71,都市：其他:第二種住宅區,1,1,全筆移轉,14570000
RPXNMLLLNHLGFFB68DA,梧棲段,65.00,都市：其他:第五種住宅區,1,1,全筆移轉,29990000
RPPOMLLLNHLGFBB57DA,太和段,14.50,都市：其他:第三種住宅區。,100000,607,持分移轉,02030000
RPQNMLOKNHLGFEB08DA,新六分段,42.83,都市：其他:第一種住宅區,1000000,33195,持分移轉,12710000
RPTNMLOLMHLGFCB18DA,春安段,20.52,都市：其他:第一種商業區,10000,85,持分移轉,04800000
RPOQMLLLMHLGFCB67DA,三富段,35.86,都市：其他:第一之C種住宅區,100000,696,持分移轉,00820000
RPRNMLLMLHLGFHB18DA,東寶七段,20.59,都市：其他:市場用地,10000,91,持分移轉,01740000
RPWQMLLLMHLGFCB48DA,中仁段,20.56,都市：其他:第二種住宅區,10000,112,持分移轉,01120000
RPXQMLQJNHLGFCB98DA,惠智段,44.22,都市：其他:第二種住宅區,100000,2704,持分移轉,00410000
RPVNMLLLNHLGFKB98DA,榮華段,22.19,都市：其他:住宅區,486,17,持分移轉,05350002
RPVNMLLLNHLGFKB98DA,榮華段,51.55,都市：其他:住宅區,1,1,全筆移轉,05350032
RPVNMLLLNHLGFKB98DA,榮華段,2.38,都市：其他:住宅區,172,3,持分移轉,05350091
RPPNMLKKMHLGFIB87DA,北柳段,51.19,非都市：鄉村區 ; 非都市編定：乙種建築用地,1,1,全筆移轉,01610002
RPPNMLKKMHLGFIB87DA,北柳段,13.71,非都市：鄉村區 ; 非都市編定：乙種建築用地,3,1,持分移轉,01610004
RPQQMLRJMHLGFCB28DA,三塊厝段,11.01,都市：其他:第五種住宅區,10000,55,持分移轉,09710000
RPQNMLLLNHLGFHB18DA,聖宮段,15.20,都市：其他:第一之二種商業區,10000,68,持分移轉,13290009
RPPNMLSLLHLGFAB87DA,頂橋子頭段,100.00,都市：其他:第二種住宅區,1,1,全筆移轉,01170027
RPTNMLSKNHLGFAB38DA,樹子腳段,7.48,都市：其他:第二種住宅區,100000,234,持分移轉,12970000
RPPNMLKLNHLGFFB77DA,鹿寮東段,148.51,都市：其他:第四種住宅區,1,1,全筆移轉,08790000
RPOOMLLMLHLGFEB67DA,甲東段,40.66,非都市：鄉村區 ; 非都市編定：乙種建築用地,47000,4238,持分移轉,03010000
RPOOMLLMLHLGFEB67DA,甲東段,78.36,非都市：鄉村區 ; 非都市編定：乙種建築用地,1,1,全筆移轉,03150000
RPOOMLLLNHLGFAB37DA,下橋子頭段,19.18,都市：其他:第二種住宅區,20000,41,持分移轉,02720000
RPWNMLNLLHLGFAB08DA,下橋子頭段,6.48,都市：其他:第一種商業區,1000000,2466,持分移轉,01340004
RPPRMLMKNHLGFCB97DA,保安段,5.83,都市：其他:第一種商業區,1000000,4883,持分移轉,09730005
RPWNMLNLLHLGFAB08DA,下橋子頭段,5.33,都市：其他:第二種住宅區,1000000,2466,持分移轉,01360013
RPPRMLMKNHLGFCB97DA,保安段,10.45,都市：其他:第三之二種住宅區,1000000,4883,持分移轉,09940003
RPVNMLOKNHLGFAB18DA,旱溪段,5.94,都市：其他:第三種住宅區。,100000,304,持分移轉,01850032
RPVNMLOKNHLGFAB18DA,旱溪段,11.04,都市：其他:第二種住宅區,100000,304,持分移轉,01910000
RPVNMLKMLHLGFFB28DA,三民段,71.00,都市：其他:第四種住宅區,1,1,全筆移轉,14430003
RPSOMLMKNHLGFAB77DA,頂橋子頭段,8.93,都市：其他:第二種住宅區,10000,42,持分移轉,03090000
RPQOMLRJNHLGFKB98DA,新庄段,25.06,非都市：鄉村區 ; 非都市編定：乙種建築用地,10000,60,持分移轉,02630000
RPTPMLOJNHLGFBB18DA,東山段,19.69,都市：其他:第一種商業區,1000000,5650,持分移轉,02280000
RPRNMLPKNHLGFFB38DA,梧棲段,1.50,都市：其他:第四種住宅區,10000,27,持分移轉,31450000
RPRNMLPKNHLGFFB38DA,梧棲段,.96,都市：其他:第四種住宅區,10000,27,持分移轉,31450003
RPRNMLPKNHLGFFB38DA,梧棲段,3.99,都市：其他:第四種住宅區,10000,27,持分移轉,31460000
RPRNMLPKNHLGFFB38DA,梧棲段,2.37,都市：其他:第四種住宅區,10000,27,持分移轉,31550000
RPRNMLPKNHLGFFB38DA,梧棲段,27.45,都市：其他:第四種住宅區,20,1,持分移轉,31550001
RPRNMLPKNHLGFFB38DA,梧棲段,.36,都市：其他:第四種住宅區,10000,27,持分移轉,31550005
RPRNMLPKNHLGFFB38DA,梧棲段,1.97,都市：其他:第四種住宅區,10000,27,持分移轉,31560000
RPRNMLPKNHLGFFB38DA,梧棲段,.07,都市：其他:第四種住宅區,200000,27,持分移轉,31560003
RPXNMLMLNHLGFCB48DA,惠安段,5.68,都市：其他:第四之一種商業區,100000,70,持分移轉,02230000
RPTNMLPJNHLGFFB48DA,信義段,22.21,都市：其他:農業區,43,1,持分移轉,05910000
RPTNMLPJNHLGFFB48DA,信義段,47.00,都市：其他:農業區,1,1,全筆移轉,05910004
RPTNMLPJNHLGFFB48DA,信義段,.33,都市：其他:農業區,43,1,持分移轉,05910007
RPTNMLPJNHLGFFB48DA,信義段,2.27,都市：其他:農業區,89,1,持分移轉,05910037
RPTNMLPJNHLGFFB48DA,信義段,1.92,都市：其他:農業區,89,1,持分移轉,05910038
RPTNMLPJNHLGFFB48DA,信義段,.78,都市：其他:農業區,89,1,持分移轉,05910065
RPOPMLNKMHLGFCB67DA,保安段,9.99,都市：其他:第三之二種住宅區,10000,31,持分移轉,04580000
RPUOMLRLMHLGFAB48DA,下橋子頭段,25.58,都市：其他:第二種住宅區,10000,374,持分移轉,00590026
RPPNMLMKMHLGFGB87DA,大南段大南小段,94.00,非都市：鄉村區 ; 非都市編定：乙種建築用地,1,1,全筆移轉,02031279
RPSNMLRJMHLGFBB08DA,仁平段,1.54,都市：其他:第一之一種住宅區,100000,900,持分移轉,03800000
RPSNMLRJMHLGFBB08DA,平田段,21.56,都市：其他:第二種住宅區,100000,900,持分移轉,09580000
RPSNMLKMMHLGFJB48DA,新德隆段,94.32,非都市：鄉村區 ; 非都市編定：乙種建築用地,1,1,全筆移轉,10510000
RPUNMLMLMHLGFHB58DA,上楓段,74.00,都市：其他:第一種住宅區,1,1,全筆移轉,12310016
RPTNMLMLNHLGFHB58DA,聖宮段,2.36,都市：其他:第一之二種住宅區,16500,625,持分移轉,03850000
RPTNMLMLNHLGFHB58DA,聖宮段,14.01,都市：其他:鐵路用地,16500,625,持分移轉,03860000
RPTNMLMLNHLGFHB58DA,復興段,.59,都市：其他:道路用地,16500,625,持分移轉,08830000
RPTNMLMLNHLGFHB58DA,復興段,1.71,都市：其他:道路用地,16500,625,持分移轉,08840000
RPTNMLMLNHLGFHB58DA,復興段,9.50,都市：其他:道路用地,2904000,55000,持分移轉,08850000
RPTNMLMLNHLGFHB58DA,復興段,25.80,都市：其他:鐵路用地兼供道路使用,264,5,持分移轉,08860000
RPQNMLPJNHLGFIB48DA,新甲段,101.28,都市：其他:第二種住宅區,1,1,全筆移轉,01210008
RPXSMLSKNHLGFIB47DA,北新段,18.77,都市：其他:住宅區,100000,653,持分移轉,10490000
RPVNMLKMMHLGFFB38DA,市鎮北段,12.51,都市：其他:第四種商業區,100000,214,持分移轉,00600000
RPQNMLMLNHLGFKB58DA,藝術段,26.94,都市：其他:第二種住宅區,1000,259,持分移轉,06680000
RPROMLLLMHLGFAB57DA,土庫段,11.38,都市：其他:第二種住宅區,10000,160,持分移轉,00240000
RPROMLMLMHLGFAB67DA,後壠子段,18.57,都市：其他:第二種住宅區,9282,130,持分移轉,01300001
RPQNMLPKNHLGFFB28DA,梧棲段,8.10,都市：其他:第三種商業區,100000,450,持分移轉,28450000
RPROMLRLMHLGFBB28DA,錦村段,21.32,都市：其他:第二種住宅區,10000,90,持分移轉,00630000
RPROMLRLMHLGFBB28DA,錦村段,2.99,都市：其他:第二種住宅區,10000,90,持分移轉,00630017
RPROMLRLMHLGFBB28DA,錦村段,2.55,都市：其他:第二種住宅區,10000,90,持分移轉,00640000
RPTOMLOKNHLGFAB08DA,樹子腳段,696.00,都市：其他:乙種工業區,1,1,全筆移轉,14090006
RPTOMLOKNHLGFAB08DA,樹子腳段,8.00,都市：其他:道路用地,1,1,全筆移轉,14090018
RPTOMLOKNHLGFAB08DA,樹子腳段,14.00,都市：其他:乙種工業區,1,1,全筆移轉,14090029
RPPNMLMLNHLGFIB38EA,峰南段,4.22,都市：其他:住宅區,10000,88,持分移轉,09830000
RPPNMLMLNHLGFIB38EA,峰南段,12.72,都市：其他:商業區,10000,88,持分移轉,09840000
RPQNMLNLMHLGFCB77DA,豐功段,18.75,都市：其他:第三種商業區,100000,496,持分移轉,01370000
RPTOMLMLNHLGFCB18DA,豐功段,6.00,都市：其他:第四種商業區,100000,136,持分移轉,02520000
RPROMLNKNHLGFBB87DA,美和段,140.01,都市：其他:第一之一種住宅區,1,1,全筆移轉,01790000
RPOOMLSJNHLGFBB97DA,陳平段,23.65,都市：其他:第二種住宅區,100000,997,持分移轉,32450000
RPXNMLPKNHLGFCB68DA,龍富段,14.68,都市：其他:第一之C種住宅區,100000,327,持分移轉,00860000
RPTNMLPLNHLGFBB28DA,仁和段,87.00,都市：其他:第一種商業區,1,1,全筆移轉,04890000
RPTNMLPLNHLGFBB28DA,仁和段,5.00,都市：其他:第一種商業區,1,1,全筆移轉,05000000
RPRNMLKKMHLGFDB57DA,豐圳段,20.69,都市：其他:第二種住宅區,21,1,持分移轉,11620000
RPRNMLKKMHLGFDB57DA,豐圳段,86.61,都市：其他:第三種住宅區。,1,1,全筆移轉,11650000
RPOPMLSKNHLGFCB28DA,豐功段,59.56,都市：其他:第二種住宅區,100000,818,持分移轉,01310000
RPUNMLSKNHLGFAB48DA,後壠子段,8.47,都市：其他:第二種商業區,100000,489,持分移轉,00990000
RPUNMLSKNHLGFAB48DA,後壠子段,4.84,都市：其他:第一種商業區,100000,489,持分移轉,01000000
RPUNMLSKNHLGFAB48DA,後壠子段,.00,都市：其他:第一種商業區,100000,489,持分移轉,01000002
RPROMLPLNHLGFFB58DA,槺榔段,10.00,都市：其他:第四種住宅區,1,1,全筆移轉,01970028
RPROMLPLNHLGFFB58DA,槺榔段,56.00,都市：其他:第四種住宅區,1,1,全筆移轉,01970033
RPROMLLKNHLGFFB08DA,西勢段,3617.08,都市：其他:農業區,3000,380,持分移轉,07520000
RPROMLLKNHLGFFB08DA,西勢段,2998.03,都市：其他:農業區,3000,380,持分移轉,07540000
RPTNMLRLLHLGFIB98DA,新三和段,22.58,都市：其他:第二種住宅區,10000,26,持分移轉,00700001
RPTNMLRLNHLGFFB88DA,沙工北段,25.63,都市：其他:第四種住宅區,100000,8731,持分移轉,09980000
RPTNMLRLNHLGFFB88DA,沙工北段,9.88,都市：其他:第四種住宅區,100000,8731,持分移轉,10010000
RPWNMLRJNHLGFHB56DA,大德段,3685.51,都市：其他:農業區,1,1,全筆移轉,06730000
RPUNMLTLMHLGFIB76DA,中興段,17.73,都市：其他:住宅區,100000,769,持分移轉,00640000
RPPNMLNKNHLGFIB28DA,南湖段,20.52,都市：其他:住宅區,10000,95,持分移轉,08890000
RPROMLSJNHLGFJB09DA,壽平段,1.33,都市：其他:第一種住宅區,10000,266,持分移轉,07890001
RPROMLSJNHLGFJB09DA,壽平段,16.76,都市：其他:第一種住宅區,10000,266,持分移轉,07900000
RPQOMLKLNHLGFBB57DA,景東段,32.83,都市：其他:第三種住宅區。,100000,4111,持分移轉,01060000
RPRNMLRLMHLGFJB98DA,吉祥段,156.15,非都市：鄉村區 ; 非都市編定：乙種建築用地,1,1,全筆移轉,01320000
RPQNMLRLMHLGFAB97DA,平民段八小段,24.53,都市：其他:第二種住宅區,15,1,持分移轉,00040011
RPQNMLRLMHLGFAB97DA,平民段九小段,12.80,都市：其他:第二種住宅區,15,1,持分移轉,00050025
RPSOMLSKNHLGFFB88DA,沙工北段,.39,都市：其他:道路用地,1,1,全筆移轉,15120000
RPSOMLSKNHLGFFB88DA,沙工北段,72.66,都市：其他:第四種住宅區,1,1,全筆移轉,15880000
RPWOMLSKNHLGFBB88DA,東光段,81.00,都市：其他:第二種住宅區,1,1,全筆移轉,04170032
RPTNMLMLMHLGFHB48DA,秀雅段,.71,都市：其他:第一之二種住宅區,53,1,持分移轉,08630006
RPTNMLMLMHLGFHB48DA,秀雅段,45.99,都市：其他:第一之二種住宅區,1,1,全筆移轉,08630064
RPTNMLMLMHLGFHB48DA,秀雅段,1.55,都市：其他:第一之二種住宅區,135,1,持分移轉,08630102
RPTNMLMLMHLGFHB48DA,秀雅段,12.86,都市：其他:第一之二種住宅區,100000,1160,持分移轉,08630105
RPTNMLMLMHLGFHB48DA,秀雅段,.02,都市：其他:第一之二種住宅區,100000,1,持分移轉,08630106
RPTNMLMLMHLGFHB48DA,秀雅段,2.54,都市：其他:園道用地,147,1,持分移轉,08700013
RPRNMLKLNHLGFGB08DA,水底寮段上水底寮小段,1080.00,非都市：山坡地保育區 ; 非都市編定：農牧用地,1,1,全筆移轉,19710000
RPUPMLRLNHLGFCB88DA,何厝段,21.58,都市：其他:第三種商業區,10000,96,持分移轉,00850000
RPQNMLPLNHLGFFB38DA,三民段,54.00,都市：其他:第四種住宅區,1,1,全筆移轉,09230025
RPQNMLPLNHLGFFB38DA,三民段,2.00,都市：其他:第四種住宅區,1,1,全筆移轉,09230049
RPQNMLPLNHLGFFB38DA,三民段,34.00,都市：其他:第四種住宅區,1,1,全筆移轉,09240023
RPVNMLRLNHLGFAB58DA,後壠子段,24.08,都市：其他:第二種住宅區,10000,346,持分移轉,01840008
RPSQMLLMLHLGFCB08DA,惠禮段,7.02,都市：其他:第二種商業區,100000,194,持分移轉,00650000
RPRNMLRLNHLGFFB68DA,福田段,69.26,都市：其他:市場用地,1,1,全筆移轉,15420000
RPVNMLMKLHLGFDB08DA,上南坑段,849.87,非都市：山坡地保育區 ; 非都市編定：林業用地,15,2,持分移轉,07510001
RPSNMLNKNHLGFIB58DA,新仁段,1.46,都市：其他:住宅區,100000,169,持分移轉,06220000
RPVNMLLKNHLGFJB78DA,新興段,37.06,都市：其他:住宅區,10000,98,持分移轉,01480001
RPTOMLLKNHLGFHB48DA,上楓段,.87,都市：其他:第一種住宅區,100000,2167,持分移轉,06640001
RPTOMLLKNHLGFHB48DA,上楓段,24.49,都市：其他:第一種住宅區,100000,2167,持分移轉,06650001
RPRNMLMLNHLGFFB18DA,公館南段,71.40,都市：其他:第二種住宅區,1,1,全筆移轉,03050000
RPPNMLMLNHLGFKB48DA,南寮段,214.55,都市：其他:保護區,14280,420,持分移轉,03820000
RPPNMLRLNHLGFJB98EA,永成段,24.76,都市：其他:住宅區,10000,36,持分移轉,00590000
RPPPMLNKLHLGFAB47DA,麻園頭段,32.69,都市：其他:第二種住宅區,100000,4197,持分移轉,02590000
RPWQMLQLLHLGFBB78DA,文北段,19.94,都市：其他:第二之一種住宅區,100000,464,持分移轉,01380000
RPQOMLTLMHLGFAB28DA,半平厝段,6.15,都市：其他:第三種住宅區。,100000,140,持分移轉,19800000
RPUOMLRJNHLGFAB38DA,東勢子段,23.00,都市：其他:住宅區,2,1,持分移轉,00730001
RPUOMLRJNHLGFAB38DA,東勢子段,23.00,都市：其他:住宅區,2,1,持分移轉,00740001
RPSNMLQJNHLGFJB88DA,育賢段,17.00,都市：其他:住宅區,11,1,持分移轉,00790000
RPSNMLQJNHLGFJB88DA,育賢段,87.84,都市：其他:住宅區,1,1,全筆移轉,00790024
RPSNMLQJNHLGFJB88DA,育賢段,7.44,都市：其他:住宅區,1,1,全筆移轉,00790025
RPSNMLQJNHLGFJB88DA,育賢段,5.40,都市：其他:住宅區,19,1,持分移轉,00790046
RPWOMLRLMHLGFBB78DA,太祥段,17.14,都市：其他:第三種住宅區。,10000,48,持分移轉,01260000
RPUQMLOKNHLGFBB48DA,仁德段,127.00,都市：其他:第二種住宅區,1,1,全筆移轉,10130006
RPQNMLNKMHLGFAB47DA,番婆段,10.60,都市：其他:第三種住宅區。,10000,56,持分移轉,00630000
RPVPMLTKNHLGFBB98DA,文北段,23.38,都市：其他:第二之一種住宅區,100000,544,持分移轉,01380000
RPXOMLRLNHLGFCB09DA,中正段,7.44,都市：其他:第三種商業區,100000,152,持分移轉,02280000
RPXOMLOKNHLGFBB58DA,和平段,35.46,都市：其他:第一之一種住宅區,10,1,持分移轉,04940001
RPXOMLOKNHLGFBB58DA,和平段,1.33,都市：其他:第一之一種住宅區,18,1,持分移轉,04940003
RPXOMLOKNHLGFBB58DA,和平段,1.02,都市：其他:第一之一種住宅區,18,1,持分移轉,04940004
RPXOMLOKNHLGFBB58DA,和平段,56.42,都市：其他:第一之一種住宅區,1,1,全筆移轉,04940009
RPRRMLLJMHLGFBB77DA,景東段,31.91,都市：其他:第三種住宅區。,10000,95,持分移轉,04230000
RPPNMLLKMHLGFCB37DA,大進段,36.69,都市：其他:第二種住宅區,1000000,12566,持分移轉,06680000
RPTNMLTLMHLGFDB78DA,朝陽段,95.83,都市：其他:第一之二種住宅區,1,1,全筆移轉,07640005
RPQNMLTLNHLGFEB68DA,義水段,33.63,都市：其他:住宅區,1000000,18812,持分移轉,08830001
RPTOMLMKNHLGFFB38DA,市鎮南段,14.33,都市：其他:第三種商業區,10000,32,持分移轉,01490000
RPTOMLSLNHLGFFB09DA,正義段,6.13,都市：其他:第二種住宅區,7,1,持分移轉,13280000
RPTOMLSLNHLGFFB09DA,正義段,86.17,都市：其他:第二種住宅區,1,1,全筆移轉,13280004
RPTOMLSLNHLGFFB09DA,正義段,9.01,都市：其他:第二種住宅區,24,1,持分移轉,13280017
RPOOMLQKMHLGFAB67DA,大智段,14.74,都市：其他:第二種住宅區,100000,2714,持分移轉,01400000
RPPNMLRLNHLGFBB18EA,水源段,83.00,都市：其他:第二種住宅區,1,1,全筆移轉,02290066
RPPNMLRLNHLGFBB18EA,水源段,2.83,都市：其他:第二種住宅區,18,1,持分移轉,02290067
RPPOMLRLNHLGFJB98DA,育賢段,25.27,都市：其他:住宅區,10000,34,持分移轉,01880000
RPVNMLQJLHLGFKB09DA,龍社段,76.66,都市：其他:第二種住宅區,1,1,全筆移轉,14240000
RPVNMLQJLHLGFKB09DA,龍社段,26.25,都市：其他:第二種住宅區,8,1,持分移轉,14250000
RPVNMLQJLHLGFKB09DA,龍社段,1.49,都市：其他:第二種住宅區,22,1,持分移轉,14290000
RPROMLSLNHLGFCB58DA,鎮南段,7.00,都市：其他:農業區,124,7,持分移轉,07680000
RPROMLSLNHLGFCB58DA,鎮南段,12.50,都市：其他:農業區,16,1,持分移轉,07680004
RPROMLSLNHLGFCB58DA,鎮南段,57.00,都市：其他:農業區,1,1,全筆移轉,07680033
RPSNMLTLMHLGFJB66DA,光興段,82.34,非都市：鄉村區 ; 非都市編定：乙種建築用地,1,1,全筆移轉,01580000
RPSNMLTLMHLGFJB66DA,光興段,71.53,非都市：鄉村區 ; 非都市編定：乙種建築用地,1,1,全筆移轉,01590000
RPSNMLTLMHLGFJB66DA,光興段,70.27,非都市：鄉村區 ; 非都市編定：乙種建築用地,1,1,全筆移轉,01600000
RPSNMLTLMHLGFJB66DA,光興段,91.57,非都市：鄉村區 ; 非都市編定：乙種建築用地,1,1,全筆移轉,01610000
RPTOMLLMLHLGFDB08DA,望寮段,62.45,都市：其他:第一之一種住宅區,1,1,全筆移轉,05190000
RPSQMLOKNHLGFBB28DA,太原段,21.21,都市：其他:第三種住宅區。,100000,155,持分移轉,01000000
RPVOMLMLMHLGFBB18DA,松昌段,71.00,都市：其他:第二種住宅區,1,1,全筆移轉,04060045
RPSNMLTKNHLGFKB76DA,東海段,.56,都市：其他:第二種住宅區,156,3,持分移轉,06390002
RPSNMLTKNHLGFKB76DA,東海段,18.94,都市：其他:第二種住宅區,52,1,持分移轉,06660000
RPSNMLTKNHLGFKB76DA,東海段,83.66,都市：其他:第二種住宅區,1,1,全筆移轉,06750000
RPPNMLLLLHLGFBB27DA,文正段,9.52,都市：其他:第一種商業區,100000,2350,持分移轉,00270036
RPQNMLTKNHLGFGB78DA,埤頭段,1576.79,非都市：山坡地保育區 ; 非都市編定：農牧用地,1,1,全筆移轉,02300000
RPPNMLTLNHLGFJB56EA,東興段,1318.45,都市：其他:農業區,3,1,持分移轉,01640000
RPUNMLQKMHLGFBB28DA,文正段,6.35,都市：其他:第一種商業區,10000,76,持分移轉,00570017
RPUNMLQKMHLGFBB28DA,文正段,3.08,都市：其他:第一種商業區,10000,76,持分移轉,00660002
RPUOMLOKNHLGFAB18DA,下橋子頭段,2.94,都市：其他:第二種商業區,100000,269,持分移轉,02180204
RPXOMLOKNHLGFAB48DA,麻園頭段,10.35,都市：其他:第三種住宅區。,1000000,1966,持分移轉,01320000
RPSOMLPJNHLGFAB97DA,樹子腳段,19.85,都市：其他:第三種住宅區。,100000,658,持分移轉,10400000
RPQQMLKMLHLGFBB67DA,錦村段,16.29,都市：其他:第二種住宅區,100000,750,持分移轉,01840003
RPPVMLKMLHLGFCB18DA,惠信段,12.16,都市：其他:第三種住宅區。,100000,668,持分移轉,00650000
RPTPMLQLLHLGFCB48DA,惠民段,13.84,都市：其他:第六種新市政中心專用區,100000,605,持分移轉,01110000
RPSNMLRLMHLGFBB28DA,仁平段,38.34,都市：其他:第一之一種住宅區,10000,92,持分移轉,01320000
RPPNMLSJNHLGFFB38DA,晉江東段,78.05,都市：其他:保護區,1,1,全筆移轉,04330000
RPPNMLSJNHLGFFB38DA,晉江東段,2384.95,都市：其他:保護區,1,1,全筆移轉,04360000
RPWNMLMJOHLGFDB38DA,福隆段,85.22,都市：其他:第一之一種住宅區,1,1,全筆移轉,02040000
RPWNMLMKNHLGFHB78DA,學雅段,33.31,都市：其他:第二種住宅區,100000,1135,持分移轉,00210000
RPWNMLMKNHLGFHB78DA,學雅段,5.09,都市：其他:第二種住宅區,100000,1135,持分移轉,00210001
RPWNMLMKNHLGFHB78DA,學雅段,.41,都市：其他:第二種住宅區,100000,1135,持分移轉,00210002
RPRNMLQKMHLGFKB88DA,忠和段,1092.00,都市：其他:農業區,1,1,全筆移轉,02110000
RPOOMLQKMHLGFCB87DA,惠順段,18.93,都市：其他:第四之一種商業區,100000,590,持分移轉,00580000
RPWNMLSLNHLGFJB07DA,宜欣段,249.00,都市：其他:住宅區,1,1,全筆移轉,08320000
RPWNMLSLNHLGFJB07DA,宜欣段,18.00,都市：其他:住宅區,1,1,全筆移轉,08330000
RPPNMLKLLHLGFDB37DA,朝陽段,2238.45,都市：其他:保護區,1,1,全筆移轉,05280000
RPPNMLKLLHLGFDB37DA,朝陽段,122.70,都市：其他:保護區,1,1,全筆移轉,05280001
RPUNMLNKMHLGFDB18DA,豐洲段,22.55,都市：其他:第二種住宅區,100000,309,持分移轉,03840000
RPXNMLRKMHLGFAB58DA,頂橋子頭段,10.03,都市：其他:第三種住宅區。,10000,119,持分移轉,02560004
RPWQMLTJMHLGFBB98DA,太順段,17.21,都市：其他:第三種住宅區。,10000,208,持分移轉,01300000
RPPOMLLKNHLGFAB37DA,下橋子頭段,6.17,都市：其他:第一種商業區,100000,376,持分移轉,01240053
RPPOMLLKNHLGFAB37DA,下橋子頭段,6.29,都市：其他:第二種住宅區,100000,376,持分移轉,02030000
RPXPMLPJNHLGFBB68DA,北屯段,66.00,都市：其他:第三種住宅區。,1,1,全筆移轉,00180016
RPWOMLTLNHLGFBB09DA,東光段,15.53,都市：其他:第二種商業區,10000,31,持分移轉,01860000
RPTOMLQLNHLGFAB38DA,旱新段,14.53,都市：其他:第二之一種商業區,100000,786,持分移轉,08090001
RPXOMLNLLHLGFCB48DA,鎮福段,173.12,都市：其他:第一之一種住宅區,4,2,持分移轉,02680001
RPSOMLLJOHLGFBB77DA,松昌段,16.23,都市：其他:第三之一種商業區,100000,707,持分移轉,04870000
RPQNMLQLMHLGFDB18DA,溪洲段,381.53,非都市：特定農業區 ; 非都市編定：農牧用地,12,11,持分移轉,02090000
RPSNMLQLMHLGFDB38DA,溪洲段,43.63,非都市：特定農業區 ; 非都市編定：農牧用地,4,3,持分移轉,02130000
RPPNMLOKNHLGFHB28DA,大明段,4.78,都市：其他:第二種住宅區,10000,489,持分移轉,05980000
RPPNMLOKNHLGFHB28DA,大明段,4.53,都市：其他:第二種住宅區,10000,489,持分移轉,05990000
RPPNMLOKNHLGFHB28DA,大明段,4.49,都市：其他:第二種住宅區,10000,489,持分移轉,06000000
RPRNMLQLMHLGFDB28DA,溪洲段,57.80,非都市：特定農業區 ; 非都市編定：農牧用地,36,24,持分移轉,02100000
RPTNMLQJNHLGFDB38DA,民富段,83.63,都市：其他:住宅區,1,1,全筆移轉,11870000
RPTNMLQJNHLGFDB38DA,民富段,19.36,都市：其他:住宅區,1,1,全筆移轉,11880000
RPUNMLLKNHLGFJB68DA,育賢段,22.91,都市：其他:住宅區,10000,61,持分移轉,02040000
RPUNMLTKNHLGFJB86DA,樹孝段,13.72,都市：其他:住宅區,10000,31,持分移轉,16380000
RPWNMLPKNHLGFFB88DA,銀聯段,61.19,都市：其他:第四種住宅區,100000,2439,持分移轉,02090000
RPQPMLOKNHLGFAB87DA,頂橋子頭段,18.95,都市：其他:第一種商業區,100000,1629,持分移轉,03670099
RPQPMLOKNHLGFAB87DA,頂橋子頭段,2.72,都市：其他:第二種住宅區,100000,1629,持分移轉,03670114
RPRNMLRJNHLGFJB88DA,永成段,89.07,都市：其他:住宅區,1,1,全筆移轉,07960000
RPTNMLTKNHLGFAB48DA,福成段,.19,都市：其他:第二種住宅區,12,1,持分移轉,07720000
RPPSMLTJMHLGFBB48DA,文北段,22.67,都市：其他:第二之一種住宅區,100000,2010,持分移轉,01060000
RPTNMLTKNHLGFAB48DA,福成段,.31,都市：其他:第二種住宅區,6,1,持分移轉,07740000
RPUNMLTKNHLGFAB58DA,福成段,.19,都市：其他:第二種住宅區,12,1,持分移轉,07720000
RPTNMLTKNHLGFAB48DA,福成段,7.22,都市：其他:第二種住宅區,6,1,持分移轉,07750000
RPTNMLTKNHLGFAB48DA,福成段,.43,都市：其他:第二種住宅區,6,1,持分移轉,07760000
RPUNMLTKNHLGFAB58DA,福成段,.31,都市：其他:第二種住宅區,6,1,持分移轉,07740000
RPTNMLTKNHLGFAB48DA,福成段,17.16,都市：其他:第二種住宅區,6,1,持分移轉,07770000
RPTNMLTKNHLGFAB48DA,福成段,.31,都市：其他:第二種住宅區,6,1,持分移轉,07790000
RPUNMLTKNHLGFAB58DA,福成段,7.22,都市：其他:第二種住宅區,6,1,持分移轉,07750000
RPUNMLTKNHLGFAB58DA,福成段,.43,都市：其他:第二種住宅區,6,1,持分移轉,07760000
RPUNMLTKNHLGFAB58DA,福成段,17.16,都市：其他:第二種住宅區,6,1,持分移轉,07770000
RPUNMLTKNHLGFAB58DA,福成段,.31,都市：其他:第二種住宅區,6,1,持分移轉,07790000
RPPNMLMJOHLGFBB47DA,大華段,955.37,都市：其他:農業區,1,1,全筆移轉,07880028
RPRNMLTLNHLGFEB78DA,新六分段,42.30,都市：其他:第一種住宅區,1000000,32782,持分移轉,12710000
RPWNMLPKNHLGFCB58DA,春安段,15.73,都市：其他:第三之二種住宅區,100000,1099,持分移轉,01750000
RPWNMLPKNHLGFCB58DA,春安段,3.56,都市：其他:第二種住宅區,100000,1099,持分移轉,01920000
RPQNMLKMLHLGFGB87DA,民誠段,168.83,都市：其他:農業區,1,1,全筆移轉,10780005
RPQNMLKMLHLGFGB87DA,民誠段,181.95,都市：其他:農業區,1,1,全筆移轉,10780006
RPPNMLNJOHLGFGB08DA,新農段,48.69,都市：其他:住宅區,2369000,50376,持分移轉,06460000
RPTNMLOJNHLGFIB68DA,丁台三段,252.19,非都市：特定農業區 ; 非都市編定：甲種建築用地,1,1,全筆移轉,03190000
RPTNMLOJNHLGFIB68DA,丁台三段,88.00,非都市：特定農業區 ; 非都市編定：農牧用地,4,1,持分移轉,03200000
RPRNMLMJOHLGFFB08DA,鹿峰西段,26.77,都市：其他:第四種住宅區,100000,1563,持分移轉,03670000
RPQNMLRKNHLGFIB78DA,新三和段,36.04,都市：其他:第二種住宅區,10000,61,持分移轉,00700000
RPRNMLLJOHLGFIB28DA,新三和段,25.73,都市：其他:第二種住宅區,100000,186,持分移轉,00790000
RPUNMLMLNHLGFJB88DA,新高段,19.25,都市：其他:住宅區,10000,67,持分移轉,01680000
RPWNMLLJMHLGFKB78DA,文昌段,124.00,都市：其他:住宅區,1,1,全筆移轉,23580006
RPROMLNKNHLGFAB77DA,土庫段,60.00,都市：其他:第二種住宅區,1,1,全筆移轉,00170018
RPQNMLKKNHLGFAB27DA,仁愛段七小段,5.85,都市：其他:第二種商業區,10000,36,持分移轉,00050000
RPQNMLKKNHLGFAB27DA,仁愛段七小段,1.17,都市：其他:第二種商業區,10000,36,持分移轉,00050024
RPUOMLQJNHLGFDB58DA,金社庄段,2461.09,非都市：特定農業區 ; 非都市編定：農牧用地,1,1,全筆移轉,03530000
RPQPMLPKNHLGFBB08DA,平田段,17.15,都市：其他:第二種住宅區,10000,42,持分移轉,04440000
RPSNMLRJNHLGFDB38DA,三陽段,23.47,都市：其他:第三種住宅區。,100000,1658,持分移轉,04960000
RPTNMLNJOHLGFDB18DA,博愛段,16.22,都市：其他:第二種商業區,1000,10,持分移轉,08080000
RPTNMLKMMHLGFFB18DA,東英段,57.68,都市：其他:第二種住宅區,1,1,全筆移轉,05460000
RPTNMLKMMHLGFFB18DA,東英段,15.41,都市：其他:第二種住宅區,36200,1564,持分移轉,05550000
RPUNMLQJNHLGFHB88DA,東寶二段,386.82,都市：其他:農業區,1,1,全筆移轉,16260000
RPROMLTKNHLGFFB88DA,梧棲段,92.00,都市：其他:第三種商業區,1,1,全筆移轉,28420007
RPWNMLOKNHLGFHB98DA,四德段,3.54,都市：其他:第二種住宅區,100000,1128,持分移轉,03170006
RPWNMLOKNHLGFHB98DA,四德段,.05,都市：其他:第二種住宅區,100000,1128,持分移轉,03180003
RPWNMLOKNHLGFHB98DA,四德段,20.54,都市：其他:第二種住宅區,100000,1128,持分移轉,03190000
RPWNMLOKNHLGFHB98DA,四德段,1.04,都市：其他:第二種住宅區,100000,1128,持分移轉,03220014
RPWNMLOKNHLGFHB98DA,四德段,1.41,都市：其他:第二種住宅區,100000,1128,持分移轉,03230024
RPPQMLQLNHLGFJB09DA,新興段,27.41,都市：其他:住宅區,100000,628,持分移轉,01480000
RPQOMLNJOHLGFAB67DA,藍興段,91.91,都市：其他:第二種住宅區,1,1,全筆移轉,08130000
RPTOMLLLMHLGFAB77DA,下橋子頭段,13.77,都市：其他:第三種住宅區。,100000,64,持分移轉,02310001
RPWNMLRLMHLGFBB68DA,新賴厝廍三段,23.85,都市：其他:第二種住宅區,100000,5174,持分移轉,06830000
RPPQMLOJOHLGFBB97DA,仁和段,22.87,都市：其他:第二種住宅區,10000,66,持分移轉,05890000
RPRPMLSLNHLGFBB58DA,文北段,22.51,都市：其他:第二之一種住宅區,100000,336,持分移轉,01170000
RPPPMLMKNHLGFBB67DA,邱厝子段,17.29,都市：其他:第三種住宅區。,10000,82,持分移轉,00160009
RPXPMLOKMHLGFCB68DA,大明段,23.93,都市：其他:第二種住宅區,10000,741,持分移轉,01390005
RPTNMLPKMHLGFFB48DA,忠孝段,25.69,都市：其他:第四種住宅區,16,1,持分移轉,03490000
RPTNMLPKMHLGFFB48DA,忠孝段,64.00,都市：其他:第四種住宅區,1,1,全筆移轉,03490028
RPTNMLPKMHLGFFB48DA,忠孝段,.20,都市：其他:第四種住宅區,20,1,持分移轉,03490039
RPRNMLOJOHLGFFB28DA,銀聯段,20.82,都市：其他:第四種住宅區,10000,85,持分移轉,15070001
RPROMLLLMHLGFIB38DA,湖日段,72.22,都市：其他:第三種住宅區。,1,1,全筆移轉,10260000
RPWNMLLLNHLGFIB88DA,中華段,67.29,都市：其他:第三種住宅區。,1,1,全筆移轉,08760013
RPWNMLLLNHLGFIB88DA,中華段,2.62,都市：其他:第三種住宅區。,31,1,持分移轉,08760028
RPSNMLQLLHLGFJB88DA,勤益段,175.36,非都市：鄉村區 ; 非都市編定：乙種建築用地,1,1,全筆移轉,07200000
RPPNMLPJOHLGFJB58DA,溪洲段,15.38,都市：其他:商業區,120,5,持分移轉,06440000
RPPNMLPJOHLGFJB58DA,溪洲段,15.03,都市：其他:商業區,120,5,持分移轉,08640001
RPPNMLPJOHLGFJB58DA,溪洲段,10.53,都市：其他:市場用地,120,5,持分移轉,08910002
RPPNMLPJOHLGFJB58DA,溪洲段,5.41,,120,5,持分移轉,08920001
RPPNMLPJOHLGFJB58DA,溪洲段,2.45,,120,5,持分移轉,09880000
RPPNMLPJOHLGFJB58DA,宜欣段,31.05,都市：其他:住宅區,100,15,持分移轉,19000001
RPQNMLPJOHLGFJB68DA,長億段,26.89,,1,1,全筆移轉,03810000
RPQNMLPJOHLGFJB68DA,福星段,154.38,都市：其他:住宅區,1,1,全筆移轉,09480000
RPRNMLPLNHLGFJB88DA,興隆段,614.23,非都市：一般農業區 ; 非都市編定：農牧用地,100000,23624,持分移轉,01380000
RPTQMLNKMHLGFCB28DA,大新段,13.99,都市：其他:第二種住宅區,77100,1399,持分移轉,04000000
RPPNMLLJNHLGFAB17DA,後壠子段,30.55,都市：其他:第二之一種商業區,100000,420,持分移轉,02390000
RPVOMLMJOHLGFCB28DA,國安段,29.08,都市：其他:第六種住宅區,100000,86,持分移轉,05990000
RPQNMLLJNHLGFAB27DA,後壠子段,29.09,都市：其他:第二之一種商業區,100000,400,持分移轉,02390000
RPQNMLTLNHLGFAB28DA,中華段二小段,1.07,都市：其他:第二種商業區,10000,184,持分移轉,00010004
RPQNMLTLNHLGFAB28DA,中華段一小段,20.87,都市：其他:第二種商業區,10000,184,持分移轉,00030000
RPSNMLLMNHLGFAB77DA,樹子腳段,24.44,都市：其他:第二種住宅區,100000,516,持分移轉,13100000
RPSNMLLMNHLGFAB77DA,樹子腳段,3.35,都市：其他:第二種住宅區,100000,516,持分移轉,13100017
RPSNMLLMNHLGFAB77DA,樹子腳段,1.44,都市：其他:第二種住宅區,100000,516,持分移轉,13100018
RPPOMLKKLHLGFFB57DA,市鎮北段,22.56,都市：其他:第四種商業區,100000,212,持分移轉,02950000
RPPNMLMKKHLGFAB07DA,土庫段,2.26,都市：其他:第二種住宅區,100000,116,持分移轉,00200000
RPPNMLMKKHLGFAB07DA,土庫段,2.70,都市：其他:第二種住宅區,100000,122,持分移轉,00200004
RPPNMLMKKHLGFAB07DA,土庫段,.98,都市：其他:第二種住宅區,100000,122,持分移轉,00200006
RPOOMLSJNHLGFAB87DA,東勢子段,18.50,都市：其他:第三種住宅區。,10000,129,持分移轉,00910002
RPOOMLSJNHLGFAB87DA,東勢子段,7.17,都市：其他:第二種住宅區,10000,129,持分移轉,00910018
RPPOMLMJOHLGFIB28DA,九如段,69.43,都市：其他:第三種住宅區。,1,1,全筆移轉,03740000
RPSNMLTJLHLGFAB08DA,土庫段,17.34,都市：其他:第二種住宅區,10000,89,持分移轉,00200000
RPWOMLNLMHLGFBB38DA,軍和段,154.99,都市：其他:第一種住宅區,1,1,全筆移轉,00020009
RPWUNLPJLHLGFCB09DA,信安段,18.80,都市：其他:第一種住宅區,10000,114,持分移轉,00290000
RPXNMLTJLHLGFBB68DA,太和段,15.64,都市：其他:第三種住宅區。,200000,1462,持分移轉,00890000
RPXOMLMJLHLGFAB97DA,旱溪段,25.34,都市：其他:第二種住宅區,1000,14,持分移轉,02750086
RPPNMLPJLHLGFJB28DA,福星段,154.38,都市：其他:住宅區,1,1,全筆移轉,09480000
RPPPMLPJLHLGFFB08DA,正義段,19.35,都市：其他:第二種住宅區,1,1,全筆移轉,06710000
RPQNMLOJLHLGFBB47DA,中清段,18.92,都市：其他:第二種住宅區,10000,238,持分移轉,01000000
RPRNMLSJLHLGFAB87DA,正義段九小段,1.25,都市：其他:第一種商業區,10000,16,持分移轉,00110004
RPRNMLSJLHLGFAB87DA,正義段九小段,1.30,都市：其他:第二種住宅區,10000,16,持分移轉,00110025
RPSNMLNLMHLGFHB48DA,僑興段,26.93,都市：其他:住宅區,100000,484,持分移轉,00120000
RPXNMLTJLHLGFCB78DA,何厝段,158.67,都市：其他:第三之二種住宅區,120,80,持分移轉,02610122
RPPNMLSJOHLGFKB98DA,龍社段,1.00,都市：其他:第二種住宅區,30094,100,持分移轉,13060000
RPPNMLSJOHLGFKB98DA,龍社段,48.67,都市：其他:第二種住宅區,1,1,全筆移轉,13140000
RPWNMLMKKHLGFAB77DA,建國段一小段,.47,都市：其他:第一種商業區,10000,84,持分移轉,00070004
RPWNMLMKKHLGFAB77DA,建國段一小段,1.45,都市：其他:第一種商業區,10000,84,持分移轉,00080007
RPWNMLMKKHLGFAB77DA,建國段一小段,1.03,都市：其他:第一種商業區,10000,84,持分移轉,00080009
RPWNMLMKKHLGFAB77DA,建國段一小段,1.65,都市：其他:第一種商業區,10000,84,持分移轉,00080011
RPPNMLOJLHLGFBB47EA,邱厝子段,35.04,都市：其他:第二種住宅區,10000,172,持分移轉,00160013
RPVNMLOJKHLGFDB08DA,泉州段,135.97,都市：其他:乙種工業區,1,1,全筆移轉,08730000
RPQNMLPLKHLGFGB18DA,復興段,46.97,都市：其他:商業區,1,1,全筆移轉,01470000
RPXQMLQLNHLGFCB56DA,福德段,11.45,都市：其他:第三種商業區,100000,250,持分移轉,02220000
RPXUNLPJLHLGFCB56DA,西屯段,5.19,都市：其他:第二種住宅區,10000,26,持分移轉,13100000
RPSOMLPLNHLGFCB38DA,惠仁段,4.68,都市：其他:第三種住宅區。,100000,1408,持分移轉,00700000
RPSOMLPLNHLGFCB38DA,惠仁段,17.14,都市：其他:第三之一種商業區,100000,1408,持分移轉,00730000
RPQNMLMJLHLGFFB67DA,民權段,7.89,都市：其他:第四種住宅區,10000,228,持分移轉,14320000
RPUPNLPJLHLGFCB38DA,民安段,5.07,都市：其他:第三之一種住宅區,800,82,持分移轉,16780001
RPUPNLPJLHLGFCB38DA,民安段,11.83,都市：其他:第三之一種住宅區,800,56,持分移轉,16790001
RPPNMLQJLHLGFGB08DA,茅埔東段,506.33,非都市：特定農業區 ; 非都市編定：農牧用地,5,1,持分移轉,13600000
RPRNMLPJLHLGFAB57DA,後壠子段,12.99,都市：其他:第二種住宅區,20000,89,持分移轉,02520035
RPTNMLOJLHLGFAB67DA,下橋子頭段,26.50,都市：其他:第二種住宅區,2,1,持分移轉,00250070
RPTNMLOJLHLGFAB67DA,下橋子頭段,.50,都市：其他:第二種住宅區,2,1,持分移轉,00250071
RPTNMLOJLHLGFAB67DA,下橋子頭段,40.53,都市：其他:道路用地,2,1,持分移轉,00250087
RPPNMLTJLHLGFIB58DA,練武段,5230.59,非都市：特定農業區 ; 非都市編定：農牧用地,1,1,全筆移轉,01060000
RPPNMLTJLHLGFIB58DA,練武段,3007.75,非都市：特定農業區 ; 非都市編定：農牧用地,1,1,全筆移轉,01070002
RPPNMLTJLHLGFIB58DA,練武段,650.27,非都市：特定農業區 ; 非都市編定：農牧用地,1,1,全筆移轉,01080000
RPVOMLPJLHLGFFB58DA,市鎮南段,6.50,都市：其他:第四種商業區,100000,29,持分移轉,00970000
RPPNMLQJLHLGFBB67EA,北屯段,24.70,都市：其他:第二種住宅區,10000,151,持分移轉,05330009
RPVOMLQJLHLGFBB28DA,北屯段,25.00,都市：其他:第三種住宅區。,853,25,持分移轉,05580015
RPOSMLPJLHLGFBB87DA,賴厝廍段,7.36,都市：其他:第一種商業區,10000,44,持分移轉,04420000
RPSPMLOJLHLGFBB87DA,錦村段,6.48,都市：其他:第二種住宅區,10000,450,持分移轉,03550005
RPSPMLOJLHLGFBB87DA,錦村段,10.39,都市：其他:第二種住宅區,10000,450,持分移轉,03550006
RPSPMLOJLHLGFBB87DA,錦村段,7.29,都市：其他:第二種住宅區,10000,450,持分移轉,03550048
RPPNMLPLKHLGFIB28DA,樹王段,7.29,非都市：特定農業區 ; 非都市編定：農牧用地,1,1,全筆移轉,03100001
RPQNMLPLKHLGFIB38DA,樹王段,6.93,非都市：鄉村區 ; 非都市編定：乙種建築用地,9240000,142296,持分移轉,07560000
RPQNMLPLKHLGFIB38DA,樹王段,2.25,非都市：鄉村區 ; 非都市編定：乙種建築用地,9240000,142296,持分移轉,07560001
RPRNMLOJLHLGFJB38DA,樹孝段,24.90,都市：其他:住宅區,1,1,全筆移轉,04820002
RPSNOLNJLHLGFBB77DA,敦和段,33.60,都市：其他:第一種住宅區,6,1,持分移轉,04220004
RPSNOLNJLHLGFBB77DA,敦和段,7.96,都市：其他:第一種住宅區,8,1,持分移轉,04220005
RPSNOLNJLHLGFBB77DA,敦和段,78.93,都市：其他:第一種住宅區,1,1,全筆移轉,04220008
RPTNMLTJLHLGFIB98DA,興祥段,74.83,都市：其他:第三種住宅區。,1,1,全筆移轉,04770000
RPUPMLMKKHLGFBB87DA,東山段,12.24,都市：其他:第二種住宅區,1000,16,持分移轉,01460000
RPWNMLQJLHLGFAB18DA,柳川段四小段,.18,都市：其他:第二種商業區,6000,34,持分移轉,00020001
RPWNMLQJLHLGFAB18DA,柳川段四小段,1.34,都市：其他:第二種商業區,6000,34,持分移轉,00020002
RPUNMLTJKHLGFHB88DA,大新段,.72,都市：其他:第一之二種住宅區,100000,20,持分移轉,08400000
RPWNMLQJLHLGFAB18DA,中墩段四小段,.02,都市：其他:第二種商業區,6000,34,持分移轉,00170006
RPWNMLQJLHLGFAB18DA,中墩段四小段,.09,都市：其他:第二種商業區,6000,34,持分移轉,00180001
RPWNMLQJLHLGFAB18DA,中墩段四小段,1.17,都市：其他:第二種商業區,6000,34,持分移轉,00180002
RPRPMLPJLHLGFFB28DA,南勢東段,304.51,都市：其他:第二種住宅區,100,10,持分移轉,05280000
RPTNMLKKLHLGFFB87DA,民族段,261.00,都市：其他:關連工業區,1,1,全筆移轉,06960003
RPQNMLNJLHLGFKB28DA,新東段,6.10,非都市：鄉村區 ; 非都市編定：乙種建築用地,2459,6,持分移轉,04210000
RPRNMLKKLHLGFDB47DA,龍宮段,85.52,都市：其他:第一之二種住宅區,1,1,全筆移轉,01090000
RPPNMLMKLHLGFGB87EA,松茂段,2280.00,非都市：山坡地保育區 ; 非都市編定：林業用地,1,1,全筆移轉,02810000
RPRNMLRJKHLGFAB67DA,萬安段九小段,2.62,都市：其他:第二種住宅區,100000,36,持分移轉,00010000
RPRNMLRJKHLGFAB67DA,正義段九小段,.97,都市：其他:第二種住宅區,100000,36,持分移轉,00060000
RPRNMLRJKHLGFAB67DA,正義段九小段,.29,都市：其他:第一種商業區,100000,36,持分移轉,00070000
RPSSMLMJLHLGFBB97DA,新賴厝廍三段,21.65,都市：其他:第一種商業區,10000,71,持分移轉,04790000
RPQNMLRLKHLGFCB97DA,國安段,3.09,都市：其他:第三之一種住宅區,10000,14,持分移轉,03000000
RPPNMLKKLHLGFIB87EA,東湖段,30.38,都市：其他:農業區,1,1,全筆移轉,07890000
RPPNMLKKLHLGFIB87EA,東湖段,62.04,都市：其他:農業區,1,1,全筆移轉,07900004
RPVPMLNJLHLGFCB18DA,西屯段,10.97,都市：其他:第三之二種住宅區,100000,428,持分移轉,08340000
RPQNMLKKLHLGFIB97EA,中興段,17.39,都市：其他:住宅區,10000,149,持分移轉,01150000
RPQNMLKKLHLGFIB97EA,中興段,1.24,都市：其他:住宅區,10000,149,持分移轉,01150001
RPVNMLMJLHLGFAB67DA,麻園頭段,5.33,都市：其他:第二種住宅區,10000,25,持分移轉,01880000
RPSOMLNJLHLGFCB77DA,三塊厝段,2.10,都市：其他:市場用地,100000,91,持分移轉,09940000
RPUOMLPJLHLGFAB97DA,樹子腳段,13.56,都市：其他:第三種住宅區。,10000,43,持分移轉,15700000
RPUOMLPJLHLGFAB97DA,樹子腳段,.03,都市：其他:道路用地,10000,43,持分移轉,15700004
RPSNMLOJLHLGFDB87DA,新圳段,12.18,非都市：鄉村區 ; 非都市編定：乙種建築用地,6,1,持分移轉,06110000
RPROMLLKKHLGFAB27DA,旱溪段,15.57,都市：其他:第二之一種商業區,100000,962,持分移轉,00120010
RPSOMLMJKHLGFBB47DA,北屯段,12.00,,1,1,全筆移轉,05120086
RPWPNLMJLHLGFCB28DA,田心段,12.61,都市：其他:第二種住宅區,10000,403,持分移轉,05690000
RPPOMLTJLHLGFFB38DA,民權段,7.75,都市：其他:第四種住宅區,10000,224,持分移轉,14320000
RPOOMLTJLHLGFFB28DA,民權段,7.54,都市：其他:第四種住宅區,10000,218,持分移轉,14320000
RPSNMLLKLHLGFGB97DA,雙崎段,130.00,非都市：一般農業區 ; 非都市編定：農牧用地,1,1,全筆移轉,03110000
RPQNMLMKLHLGFIB08DA,九如段,215.15,都市：其他:道路用地,1,1,全筆移轉,02240007
RPPNMLNJLHLGFKB18DA,新東段,67.61,非都市：鄉村區 ; 非都市編定：乙種建築用地,1,1,全筆移轉,07710000
RPUNMLMJKHLGFJB38DA,瑞欣段,12.70,都市：其他:乙種工業區,507420000,153406048,持分移轉,01270000
RPVNMLMJKHLGFJB48DA,瑞欣段,2.72,都市：其他:乙種工業區,507420000,153406048,持分移轉,01380000
RPRPMLTJLHLGFCB38DA,豐功段,12.00,都市：其他:第一種商業區,100000,281,持分移轉,02750000
RPXNMLLKLHLGFAB87DA,麻園頭段,11.15,都市：其他:第二種住宅區,640,32,持分移轉,07190000
RPRNMLNKKHLGFJB28DA,勤益段,2.16,非都市：鄉村區 ; 非都市編定：乙種建築用地,10000,41,持分移轉,04090000
RPRNMLNKKHLGFJB28DA,勤益段,.58,非都市：鄉村區 ; 非都市編定：乙種建築用地,10000,5,持分移轉,04320000
RPPNMLLKLHLGFBB27EA,陳平段,45.00,都市：其他:住宅區,1,1,全筆移轉,25840002
RPPNMLLKLHLGFHB87EA,學雅段,47.01,都市：其他:第二種住宅區,320000,10194,持分移轉,02160000
RPRNMLPJLHLGFKB58DA,忠和段,2068.00,都市：其他:農業區,1,1,全筆移轉,02900000
RPPNMLLKLHLGFHB87EA,民生段,15.59,都市：其他:第二種住宅區,320000,2500,持分移轉,07520000
RPQNMLRLKHLGFEB18DA,新美段,28.97,都市：其他:農業區,140,2,持分移轉,02270000
RPQNMLRLKHLGFEB18DA,新美段,101.00,都市：其他:農業區,1,1,全筆移轉,02270001
RPQNMLRLKHLGFEB18DA,新美段,118.00,都市：其他:農業區,1,1,全筆移轉,02270002
RPQNMLRLKHLGFEB18DA,新美段,32.00,都市：其他:住宅區,1,1,全筆移轉,02360000
RPQOMLQJLHLGFAB67DA,樹子腳段,24.82,都市：其他:第三種住宅區。,10000,44,持分移轉,09460000
RPOQMLMKLHLGFFB87DA,南簡段,18.26,都市：其他:第四種住宅區,10000,34,持分移轉,01840000
RPOOMLMKKHLGFCB27DA,大新段,23.43,都市：其他:第二之一種商業區,10000,156,持分移轉,03670000
RPWQMLKKLHLGFCB18DA,南屯段,16.97,都市：其他:第二種住宅區,10000,412,持分移轉,15700000
RPQOMLMKKHLGFCB47DA,豐功段,.96,都市：其他:第一種商業區,100000,30,持分移轉,02090000
RPSNMLTJLHLGFKB09DA,遊園南段,75.55,非都市：鄉村區 ; 非都市編定：乙種建築用地,1,1,全筆移轉,01410000
RPQQNLPJLHLGFCB08DA,西屯段,3.36,都市：其他:第二種住宅區,10000,40,持分移轉,20320017
RPTNMLKKKHLGFHB97DA,興華段,13.76,都市：其他:第一之二種住宅區,10000,42,持分移轉,08140000
RPPNMLMKLHLGFIB97DA,大里段,9.16,非都市：特定農業區 ; 非都市編定：甲種建築用地,100000,2150,持分移轉,09580035
RPPNMLQJLHLGFKB48DA,文昌段,98.00,都市：其他:住宅區,1,1,全筆移轉,19910008
RPPNMLQJLHLGFKB48DA,文昌段,2.00,都市：其他:道路用地,1,1,全筆移轉,19910032
RPPNMLLKLHLGFBB17DA,溝背段,19.39,都市：其他:第二之一種住宅區,100000,620,持分移轉,00120000
RPSNMLMJLHLGFDB67DA,豐原段,3.23,都市：其他:第二種商業區,100000,979,持分移轉,00660001
RPPNMLMKLHLGFIB08EA,溪尾南段,349.64,非都市：特定農業區 ; 非都市編定：農牧用地,1,1,全筆移轉,05050000
RPQPMLPJLHLGFCB87DA,大進段,4.21,都市：其他:第二種住宅區,10000,38,持分移轉,04890000
RPSOMLPJLHLGFAB77DA,平和段,2.60,都市：其他:第一種商業區,10000,7,持分移轉,00500000
RPPNMLLKLHLGFAB07DA,土庫段,4.00,都市：其他:道路用地,1,1,全筆移轉,00730156
RPQNMLMKLHLGFJB18DA,新興段,38.86,都市：其他:住宅區,10000,43,持分移轉,01500000
SPSNMLNKLHLGFAB67DA,後壠子段,8.00,都市：其他:第二種商業區,1,1,全筆移轉,01120109
RPSNMLNKLHLGFAB57DA,後壠子段,4.00,都市：其他:第二種商業區,1,1,全筆移轉,01110085
RPRNMLPJKHLGFKB48DA,福德段,67.72,都市：其他:第一種住宅區,1,1,全筆移轉,03040000
RPTQNLNJLHLGFBB08DA,乾溝子段,42.26,都市：其他:第二種住宅區,1000,113,持分移轉,01460001
RPTOMLTJLHLGFBB38DA,水源段,21.98,都市：其他:第二種住宅區,100000,1551,持分移轉,03470003
RPPNMLMJKHLGFBB07DA,中德段,5.15,都市：其他:第三種住宅區。,1000000,1556,持分移轉,04660000
RPSOMLTJKHLGFCB28DA,國安段,3.09,都市：其他:第三之一種住宅區,10000,14,持分移轉,03000000
RPWOMLNLKHLGFBB18DA,建和段,11.00,都市：其他:道路用地,1,1,全筆移轉,07720000
RPWOMLNLKHLGFBB18DA,建和段,4.00,都市：其他:道路用地,2,1,持分移轉,07780000
RPQNMLNKLHLGFAB37DA,後壠子段,9.00,都市：其他:道路用地,10,3,持分移轉,03250160
RPQNMLNKLHLGFAB37DA,後壠子段,21.60,都市：其他:第二種住宅區,10,3,持分移轉,03250161
RPQNMLQKLHLGFGB28DA,新盛段,69.81,都市：其他:住宅區,1,1,全筆移轉,09120000
RPPNMLPLKHLGFBB57DA,新賴厝廍二段,2.72,都市：其他:第二種住宅區,10000,44,持分移轉,11050000
RPQNMLNJLHLGFFB77DA,慶安段,65.89,都市：其他:第二種住宅區,1,1,全筆移轉,03970000
RPQNMLNJLHLGFFB77DA,慶安段,23.29,都市：其他:第二種住宅區,100,7,持分移轉,04050000
RPRNMLMKLHLGFGB97DA,新金星段,1.29,都市：其他:道路用地,1,1,全筆移轉,00950003
RPQNMLRKLHLGFGB38DA,東豐段,27.42,都市：其他:第一種住宅區,100000,820,持分移轉,00290000
RPQQMLMKLHLGFFB08DA,忠孝段,116.00,都市：其他:第四種住宅區,1,1,全筆移轉,08220009
RPRNMLKKLHLGFJB08DA,樹孝段,13.93,都市：其他:市場用地,10000,73,持分移轉,01210000
RPSPMLMKLHLGFCB87DA,民安段,287.05,都市：其他:兒童遊樂場用地,1,1,全筆移轉,15020000
RPQNMLQJKHLGFAB47DA,新庄段,28.50,都市：其他:道路用地,1,1,全筆移轉,08030000
RPQNMLQJKHLGFAB47DA,新庄段,455.06,都市：其他:第二種住宅區,1,1,全筆移轉,08040000
RPQNMLQJKHLGFAB47DA,新庄段,317.12,都市：其他:第二種商業區,1,1,全筆移轉,08200000
RPPOMLNKLHLGFCB57DA,豐功段,5.00,都市：其他:第三種商業區,100000,223,持分移轉,01470000
RPSOMLNLKHLGFCB87DA,惠安段,5.84,都市：其他:第四之一種商業區,100000,72,持分移轉,02230000
RPPNMLPLKHLGFCB67DA,民安段,20.87,都市：其他:第三之一種住宅區,160,5,持分移轉,17160002
RPSOMLPLKHLGFCB08DA,田心段,8.31,都市：其他:第四種商業區,100000,280,持分移轉,10210000
RPOPMLNKLHLGFBB47DA,青田段,6.22,都市：其他:學校用地,50,1,持分移轉,11060000
RPQNMLLKKHLGFHB77DA,四德段,6.90,都市：其他:第二種住宅區,29,1,持分移轉,04420000
RPQNMLLKKHLGFHB77DA,四德段,5.48,都市：其他:第二種住宅區,29,1,持分移轉,04420002
RPQNMLLKKHLGFHB77DA,四德段,60.00,都市：其他:第二種住宅區,1,1,全筆移轉,04420021
RPXNMLNLKHLGFBB18DA,平田段,6.90,都市：其他:第二種住宅區,10000,138,持分移轉,01800000
RPPOMLNKKHLGFCB47DA,西屯段,3.32,都市：其他:第二種商業區,100000,98,持分移轉,09320000
RPPTMLOJLHLGFCB08DA,西屯段,18.73,都市：其他:第三之二種住宅區,100000,482,持分移轉,22710012
RPSPMLTJLHLGFBB38DA,賴厝廍段,4.32,都市：其他:第二種住宅區,10000,12,持分移轉,00710000
RPTOMLNJKHLGFAB57DA,土庫段,9.60,都市：其他:第二種住宅區,5,3,持分移轉,01010007
RPTOMLNJKHLGFAB57DA,土庫段,25.20,都市：其他:第二種住宅區,5,3,持分移轉,01010134
RPTOMLNJKHLGFAB57DA,土庫段,4.80,都市：其他:第二種住宅區,5,3,持分移轉,01010135
RPXNMLNKLHLGFCB28DA,下石碑段,4.00,都市：其他:第二種商業區,1,1,全筆移轉,04410005
RPPOMLNKKHLGFBB37DA,東峰段,31.81,都市：其他:第二種住宅區,10000,107,持分移轉,01810000
RPSNMLRKLHLGFEB38DA,建興段,780.63,非都市：特定農業區 ; 非都市編定：農牧用地,3000,524,持分移轉,06180000
RPRNMLOJLHLGFFB97DA,忠孝段,251.00,都市：其他:機關用地,6,3,持分移轉,03650004
RPXPMLMKLHLGFCB38DA,信安段,33.32,都市：其他:第一之一種住宅區,100000,390,持分移轉,06910000
RPXPMLMKLHLGFCB38DA,信安段,10.29,都市：其他:第三之一種住宅區,100000,390,持分移轉,07020000
RPPNMLQKLHLGFGB18DA,神木段,78.61,非都市：鄉村區 ; 非都市編定：乙種建築用地,3,1,持分移轉,05110000
RPROMLTJLHLGFFB58DA,銀聯段,22.29,都市：其他:第四種住宅區,10000,91,持分移轉,15070001
RPQNMLOJLHLGFFB87DA,忠孝段,118.00,都市：其他:機關用地,6,2,持分移轉,03640000
RPRNMLRKLHLGFHB58DA,嘉豐段,185.42,都市：其他:道路用地,1,1,全筆移轉,10190000
RPRNMLRKLHLGFHB58DA,嘉豐段,6.35,都市：其他:道路用地,10000,1658,持分移轉,10190001
RPQNMLSJKHLGFCB87DA,大進段,13.33,都市：其他:第二種住宅區,10000,39,持分移轉,09920000
RPRNMLQJKHLGFCB77DA,永富段,36.74,都市：其他:第一之B種住宅區,100000,8750,持分移轉,04950000
RPRNMLQJKHLGFCB77DA,永富段,100.81,都市：其他:第一之B種住宅區,1,1,全筆移轉,04950011
RPUNMLOLKHLGFBB97DA,邱厝子段,8.43,都市：其他:第三種住宅區。,10000,68,持分移轉,00190057
RPQRMLNKLHLGFCB97DA,上石碑段,1.00,都市：其他:第二種住宅區,1,1,全筆移轉,08830016
RPQRMLNKLHLGFCB97DA,上石碑段,2.00,都市：其他:第二種住宅區,1,1,全筆移轉,08830018
RPQRMLNKLHLGFCB97DA,上石碑段,1.00,都市：其他:第二種住宅區,1,1,全筆移轉,08830020
RPQRMLNKLHLGFCB97DA,上石碑段,1.00,都市：其他:第二種住宅區,1,1,全筆移轉,08830022
RPPNMLSJLHLGFJB58DA,振文段,78.67,都市：其他:住宅區,4,1,持分移轉,02160000
RPQRMLNKLHLGFCB97DA,上石碑段,1.00,都市：其他:第二種住宅區,1,1,全筆移轉,08830023
RPPNMLSJLHLGFJB58DA,振文段,4.15,都市：其他:住宅區,4,1,持分移轉,02160001
RPQRMLNKLHLGFCB97DA,上石碑段,6.00,都市：其他:第二種住宅區,1,1,全筆移轉,08830025
RPPNMLSJLHLGFJB58DA,振文段,30.44,都市：其他:住宅區,4,1,持分移轉,02160002
RPQRMLNKLHLGFCB97DA,上石碑段,21.00,都市：其他:第二種住宅區,1,1,全筆移轉,08830027
RPQRMLNKLHLGFCB97DA,上石碑段,18.00,都市：其他:第二種住宅區,1,1,全筆移轉,08830029
RPQRMLNKLHLGFCB97DA,上石碑段,1.00,都市：其他:第二種住宅區,1,1,全筆移轉,08830030
RPTSMLOJLHLGFCB38DA,上石碑段,18.87,都市：其他:第三種商業區,1000000,1633,持分移轉,26710000
RPUOMLOJKHLGFCB97DA,田心段,10.17,都市：其他:第二種住宅區,100000,483,持分移轉,09100000
RPVNMLNKLHLGFJB78DA,新德隆段,85.28,非都市：鄉村區 ; 非都市編定：乙種建築用地,1,1,全筆移轉,10940000
RPROMLOJLHLGFAB57DA,麻園頭段,27.83,都市：其他:第三種住宅區。,6,1,持分移轉,04670008
RPXOMLLKLHLGFAB97DA,科博段,58.44,都市：其他:第一種商業區,243685,3955,持分移轉,05130000
UPRNMLNKKHLGFIB48DA,南湖段,2.65,都市：其他:農業區,1,1,全筆移轉,14200007
TPRNMLNKKHLGFIB38DA,南湖段,18.19,都市：其他:農業區,1,1,全筆移轉,14200006
VPRNMLNKKHLGFIB58DA,南湖段,3.13,都市：其他:農業區,1,1,全筆移轉,14200012
RPQNMLPJKHLGFIB18DA,新仁段,18.22,都市：其他:住宅區,10000,119,持分移轉,00710000
RPRNMLNKKHLGFIB18DA,南湖段,27.71,都市：其他:農業區,1,1,全筆移轉,14200004
RPWNMLKKLHLGFAB67DA,東勢子段,9.87,都市：其他:住宅區,180000,5640,持分移轉,00880000
RPWNMLKKLHLGFAB67DA,東勢子段,1.57,都市：其他:道路用地,180000,5640,持分移轉,00880007
RPWNMLKKLHLGFAB67DA,東勢子段,1.41,都市：其他:道路用地,180000,5640,持分移轉,00880008
RPXNMLOJLHLGFAB08DA,後壠子段,14.60,都市：其他:第一種商業區,1000000,9631,持分移轉,02540020
SPRNMLNKKHLGFIB28DA,南湖段,6.55,都市：其他:農業區,1,1,全筆移轉,14200005
RPTNMLNKLHLGFAB67DA,仁愛段五小段,4.21,都市：其他:第二種商業區,1000,4,持分移轉,00020000
RPQOMLKKLHLGFAB17DA,下橋子頭段,3.43,都市：其他:第二種商業區,100000,314,持分移轉,02180204
RPUNMLNKLHLGFAB77DA,仁愛段五小段,4.21,都市：其他:第二種商業區,1000,4,持分移轉,00020000
RPPOMLRKLHLGFAB77DA,麻園頭段,32.00,都市：其他:第三種住宅區。,300,30,持分移轉,04650000
RPTNMLOLKHLGFBB87DA,仁美段,19.49,都市：其他:第二種商業區,10000,119,持分移轉,17180000
RPWNMLNKLHLGFBB08DA,新賴厝廍二段,59.02,都市：其他:第二種住宅區,1,1,全筆移轉,04120000
RPWNMLLKKHLGFAB67DA,下橋子頭段,8.30,都市：其他:第三種住宅區。,100000,156,持分移轉,02320005
RPVNMLNKLHLGFAB87DA,仁愛段五小段,4.21,都市：其他:第二種商業區,1000,4,持分移轉,00020000
RPPNMLTJLHLGFBB87DA,陳平段,13.04,都市：其他:第二種住宅區,100000,1219,持分移轉,00150000
RPPNMLTJLHLGFBB87DA,陳平段,2.39,都市：其他:道路用地,100000,1219,持分移轉,00150009
RPPNMLRLKHLGFCB87DA,西屯段,6.77,都市：其他:第三種商業區,100000,243,持分移轉,24610000
RPPOMLQKLHLGFCB87DA,西屯段,6.97,都市：其他:第三之二種住宅區,100000,598,持分移轉,23880000
RPQOMLPLKHLGFCB87DA,建功段,10.43,都市：其他:第五種住宅區,100000,542,持分移轉,00200000
RPUOMLNJLHLGFCB97DA,三塊厝段,5.50,都市：其他:第二種住宅區,10000,26,持分移轉,00990000
RPOOMLQKLHLGFBB67DA,松竹段,12.17,都市：其他:第二種住宅區,100000,204,持分移轉,11850000
RPVNMLPLKHLGFBB18DA,東義段,10.21,都市：其他:第二種住宅區,100000,199,持分移轉,00010000
RPTPMLKKLHLGFBB67DA,東信段,8.67,都市：其他:第二種住宅區,10000,207,持分移轉,00140000
RPSNMLRKLHLGFHB68DA,祥和段,21.88,都市：其他:道路用地,1,1,全筆移轉,01620000
RPSNMLRKLHLGFHB68DA,東寶五段,39.46,都市：其他:道路用地,35,6,持分移轉,03050000
RPSNMLRKLHLGFHB68DA,中山段,14.58,都市：其他:道路用地,5,1,持分移轉,03300000
RPSNMLRKLHLGFHB68DA,興華段,18.09,都市：其他:道路用地,1,1,全筆移轉,05150000
RPSNMLRKLHLGFHB68DA,頭家段,15.12,都市：其他:道路用地,1,1,全筆移轉,07300000
RPSNMLRKLHLGFHB68DA,摘星段,76.51,都市：其他:道路用地,500,87,持分移轉,08580000
RPSNMLRKLHLGFHB68DA,東寶七段,20.42,都市：其他:道路用地,3,1,持分移轉,09960000
RPSNMLRKLHLGFHB68DA,東寶七段,69.25,都市：其他:道路用地,3,1,持分移轉,09970000
RPSNMLRKLHLGFHB68DA,東寶七段,1.52,都市：其他:道路用地,3,1,持分移轉,10000000
RPVNMLTJLHLGFDB68DA,圳前段,20.42,都市：其他:第一之一種住宅區,225,5,持分移轉,07230000
RPRNMLKKKHLGFHB77DA,華泰段,23.10,都市：其他:第一之二種住宅區,10000,142,持分移轉,00390000
RPUNMLTJLHLGFDB58DA,圳前段,.21,都市：其他:第一之一種住宅區,90,15,持分移轉,07170000
RPUNMLTJLHLGFDB58DA,圳前段,22.90,都市：其他:第一之一種住宅區,90,15,持分移轉,07200000
RPUNMLTJLHLGFDB58DA,圳前段,168.75,都市：其他:第一之一種住宅區,90,15,持分移轉,07220000
RPUNMLTJLHLGFDB58DA,圳前段,153.19,都市：其他:第一之一種住宅區,150,25,持分移轉,07230000
RPUNMLTJLHLGFDB58DA,圳前段,1.43,都市：其他:道路用地,30,5,持分移轉,07240000
RPUNMLTJLHLGFDB58DA,圳前段,2.60,都市：其他:道路用地,30,5,持分移轉,07250000
RPUNMLTJLHLGFDB58DA,圳前段,24.83,都市：其他:道路用地,30,5,持分移轉,07260000
RPUNMLTJLHLGFDB58DA,圳前段,3.92,都市：其他:道路用地,30,5,持分移轉,07290000
RPUNMLTJLHLGFDB58DA,圳前段,40.23,都市：其他:道路用地,30,5,持分移轉,07310000
RPUNMLTJLHLGFDB58DA,圳前段,.77,都市：其他:道路用地,30,5,持分移轉,07320000
RPUNMLTJLHLGFDB58DA,圳前段,7.30,都市：其他:第一之一種住宅區,90,15,持分移轉,07330000
RPUNMLTJLHLGFDB58DA,圳前段,6.01,都市：其他:道路用地,30,5,持分移轉,07350000
RPUNMLTJLHLGFDB58DA,圳前段,175.18,都市：其他:第一之一種住宅區,90,15,持分移轉,07370000
RPUNMLTJLHLGFDB58DA,圳前段,8.65,都市：其他:道路用地,30,5,持分移轉,07400000
RPPNMLKKLHLGFHB67DA,四維段,23.04,都市：其他:第二種住宅區,1000,86,持分移轉,04430000
RPQNMLQJLHLGFJB48DA,新興段,26.88,都市：其他:住宅區,100000,616,持分移轉,01480000
RPQNMLKKKHLGFCB17DA,楓樹段,146.00,都市：其他:第二之二種住宅區,1,1,全筆移轉,18050000
RPVPMLQKLHLGFCB58DA,大明段,8.33,都市：其他:第二種住宅區,10000,332,持分移轉,00600000
RPPNNLMJLHLGFCB37DA,上石碑段,16.12,都市：其他:第二種住宅區,10000,31,持分移轉,27570000
RPSNMLKLLHLGFEB87EA,新磁磘段,16.66,都市：其他:第二種商業區,1,1,全筆移轉,09990000
RPWOMLLKLHLGFAB87DA,下橋子頭段,25.51,都市：其他:第二種住宅區,15625,139,持分移轉,03360000
RPPNMLRKLHLGFFB28EA,梧棲段,68.00,都市：其他:第四種住宅區,1,1,全筆移轉,33370000
RPPNMLRKLHLGFFB28EA,梧棲段,68.00,都市：其他:第四種住宅區,1,1,全筆移轉,33380000
RPTOMLMKLHLGFAB67DA,五權段,1.47,都市：其他:第二種住宅區,1000000,468,持分移轉,07740000
RPTOMLMKLHLGFAB67DA,五權段,1.28,都市：其他:第一種商業區,1000000,468,持分移轉,07750000
RPTOMLMKLHLGFAB67DA,五權段,.01,都市：其他:廣場兼停車場用地,1000000,468,持分移轉,07750001
RPWNMLQKLHLGFAB28DA,旱溪段,14.98,都市：其他:第二種住宅區,50000,139,持分移轉,02150004
RPOOMLKKLHLGFBB07DA,文北段,24.33,都市：其他:第二之一種住宅區,200000,5700,持分移轉,00890000
RPWNMLRKLHLGFCB58DA,大明段,28.04,都市：其他:第二種住宅區,10000,221,持分移轉,00130000
RPVNMLQJKHLGFBB08DA,北屯段,20.00,都市：其他:第一種商業區,1,1,全筆移轉,03430006
RPTOMLLKKHLGFBB57DA,景東段,13.33,都市：其他:第三之一種商業區,100000,354,持分移轉,04240000
RPVNMLQJKHLGFBB08DA,北屯段,23.00,都市：其他:第一種商業區,1,1,全筆移轉,03430007
RPPNMLSJKHLGFBB67DA,邱厝子段,28.95,都市：其他:第二種住宅區,20,1,持分移轉,00600003
RPPNMLSJKHLGFBB67DA,邱厝子段,1.65,都市：其他:第二種住宅區,20,1,持分移轉,00600100
RPPNMLSJKHLGFBB67DA,邱厝子段,1.45,都市：其他:第二種住宅區,20,1,持分移轉,00600131
RPROMLLKKHLGFBB37DA,文正段,5.54,都市：其他:第二種住宅區,10000,56,持分移轉,00870000
RPOOMLLKKHLGFBB07DA,平田段,6.94,都市：其他:第二種住宅區,100000,118,持分移轉,05140000
RPROMLLKKHLGFBB37DA,文正段,2.83,都市：其他:第二種住宅區,10000,56,持分移轉,00890003
RPQNMLMKLHLGFGB87DA,東安段,56.42,都市：其他:道路用地,1,1,全筆移轉,06850001
RPOOMLMJLHLGFDB37DA,三豐段,10.82,都市：其他:第三種住宅區。,100000,1303,持分移轉,00110000
SPQNMLMKLHLGFGB97DA,東安段,6.04,都市：其他:道路用地,1,1,全筆移轉,06860000
TPQNMLMKLHLGFGB08DA,東安段,14.47,都市：其他:道路用地,1,1,全筆移轉,06870000
UPQNMLMKLHLGFGB18DA,東安段,74.19,都市：其他:道路用地,1,1,全筆移轉,06880001
UPQNMLMKLHLGFGB18DA,東安段,5.49,都市：其他:道路用地,1,1,全筆移轉,06890004
VPQNMLMKLHLGFGB28DA,東安段,426.51,都市：其他:道路用地,1,1,全筆移轉,06890000
RPRNMLTKLHLGFGB68DA,國校段,82.08,都市：其他:住宅區,1,1,全筆移轉,07540000
RPTNMLMKLHLGFIB38DA,興祥段,68.10,都市：其他:第三種住宅區。,1,1,全筆移轉,00990000
RPVNMLPJLHLGFJB88DA,育賢段,19.14,都市：其他:住宅區,10000,18,持分移轉,01810001
RPPNMLNKLHLGFCB57EA,西屯段,.05,都市：其他:第三種住宅區。,17494236000,1322856,持分移轉,30970000
RPQNMLNKLHLGFCB67EA,西屯段,1.34,都市：其他:第三種住宅區。,17494236000,35533787,持分移轉,30970000
RPRNMLNKLHLGFCB77EA,西屯段,1.34,都市：其他:第三種住宅區。,17494236000,35533787,持分移轉,30970000
RPTNMLNKLHLGFCB97EA,西屯段,.06,都市：其他:第三種住宅區。,17494236000,1570572,持分移轉,30970000
RPSNMLNKLHLGFCB87EA,西屯段,.02,都市：其他:第三種住宅區。,17494236000,587936,持分移轉,30970000
RPPNMLNKLHLGFAB37EA,旱溪段,7.15,都市：其他:第七種住宅區,50000,73,持分移轉,01740007
RPPNMLKKLHLGFCB17DA,大新段,12.35,都市：其他:第二之一種商業區,100000,1588,持分移轉,04450000
RPUNMLNKLHLGFCB08EA,西屯段,.06,都市：其他:第三種住宅區。,17494236000,1570572,持分移轉,30970000
RPRNMLKLLHLGFEB77EA,新磁磘段,8.65,都市：其他:第二種商業區,1,1,全筆移轉,09970000
RPQNMLSKLHLGFKB98EA,福麗段,99.00,都市：其他:農業區,1,1,全筆移轉,04640000
RPROMLLKLHLGFAB37DA,三民段三小段,14.25,都市：其他:第二種住宅區,4,1,持分移轉,00030003
RPPNMLSJLHLGFAB67DA,平和段,2.60,都市：其他:第一種商業區,10000,7,持分移轉,00500000
RPWUMLTJLHLGFCB76DA,西屯段,.08,都市：其他:第三種商業區,1000000,4830,持分移轉,23870026
RPWUMLTJLHLGFCB76DA,西屯段,.01,都市：其他:第三種商業區,1000000,4830,持分移轉,23870081
RPWUMLTJLHLGFCB76DA,上石碑段,8.08,都市：其他:第三種商業區,1000000,4830,持分移轉,26840000
RPWUMLTJLHLGFCB76DA,西屯段,.07,都市：其他:第三種商業區,1000000,4830,持分移轉,32740000
RPXNMLKKKHLGFDB97DA,南陽段,22.17,都市：其他:第二種住宅區,10000,333,持分移轉,07780000
RPTNMLRKLHLGFIB88DA,中華段,67.29,都市：其他:第三種住宅區。,1,1,全筆移轉,08760015
RPTNMLRKLHLGFIB88DA,中華段,2.62,都市：其他:第三種住宅區。,31,1,持分移轉,08760028
RPQNMLPLKHLGFDB87DA,翁明段,10.88,都市：其他:第二種商業區,100000,724,持分移轉,04220000
RPVOMLNJLHLGFFB38DA,頂湳段,1173.26,都市：其他:農業區,1,1,全筆移轉,08560000
RPVOMLNJLHLGFFB38DA,頂湳段,1559.43,都市：其他:農業區,1,1,全筆移轉,08690000
RPPNMLOJLHLGFDB57DA,向陽段,105.00,都市：其他:第二種商業區,1,1,全筆移轉,01920000
RPOOMLMJLHLGFHB77DA,弘富段,25.75,都市：其他:第一之二種住宅區,100000,1294,持分移轉,02000000
RPROMLRKLHLGFBB08DA,松觀段,21.98,都市：其他:第二種住宅區,10000,100,持分移轉,03080000
RPQOMLRKLHLGFBB97DA,新賴厝廍五段,38.47,都市：其他:第二種住宅區,1,1,全筆移轉,01660000
RPQOMLRKLHLGFBB97DA,新賴厝廍五段,39.42,都市：其他:第二種住宅區,1,1,全筆移轉,01670000
RPPNMLLJKHLGFKB87DA,文昌段,771.00,都市：其他:農業區,1,1,全筆移轉,06300001
RPWOMLNJLHLGFFB48DA,民權段,7.65,都市：其他:第四種住宅區,20000,442,持分移轉,14320000
RPXOMLNJKHLGFBB08DA,邱厝子段,12.84,都市：其他:第三種住宅區。,100000,631,持分移轉,00530002
RPOOMLNLKHLGFAB27DA,下橋子頭段,6.05,都市：其他:第一種商業區,100000,369,持分移轉,01240053
RPOOMLNLKHLGFAB27DA,下橋子頭段,6.17,都市：其他:第二種住宅區,100000,369,持分移轉,02030000
RPSNMLQKLHLGFGB48DA,環山段,4396.50,非都市：山坡地保育區 ; 非都市編定：農牧用地,44962,8793,持分移轉,01740000
RPOOMLTKLHLGFFB38DA,市鎮南段,9.42,都市：其他:第四種商業區,100000,42,持分移轉,00970000
RPVNMLNKLHLGFFB38DA,梧棲段,10.80,都市：其他:第三種商業區,10000,29,持分移轉,27810000
RPXNMLRKLHLGFCB68DA,春社段,18.00,都市：其他:第二種住宅區,1,1,全筆移轉,04250000
RPRNMLTKLHLGFBB18DA,太順段,183.03,都市：其他:第二種住宅區,1,1,全筆移轉,00340000
RPWOMLTJLHLGFCB78DA,大進段,8.86,都市：其他:第二種住宅區,10000,251,持分移轉,05960000
RPPNMLSKLHLGFJB68DA,興隆段,40.15,非都市：鄉村區 ; 非都市編定：乙種建築用地,100000,22663,持分移轉,04110007
RPPNMLSKLHLGFJB68DA,興隆段,35.22,非都市：鄉村區 ; 非都市編定：乙種建築用地,1,1,全筆移轉,04110009
RPUOMLMJLHLGFAB67DA,大智段,2.22,都市：其他:第一種商業區,1008,11,持分移轉,07770000
RPUOMLMJLHLGFAB67DA,大智段,.47,都市：其他:第一種商業區,1008,11,持分移轉,07780000
RPWOMLTKLHLGFFB56DA,南簡段,114.00,都市：其他:第四種住宅區,1,1,全筆移轉,13700000
RPTNMLNLKHLGFHB38DA,東寶五段,76.65,都市：其他:第一之一種住宅區,1,1,全筆移轉,06780000
RPTNMLNLKHLGFHB38DA,東寶五段,36.89,都市：其他:第一之一種住宅區,1,1,全筆移轉,06790000
RPTNMLNLKHLGFHB38DA,東寶五段,31.97,都市：其他:道路用地,1,1,全筆移轉,06800000
RPTNMLNLKHLGFHB38DA,東寶五段,22.09,都市：其他:道路用地,1,1,全筆移轉,06810000
RPPNMLRKLHLGFKB68DA,遊園段,919.89,非都市：一般農業區 ; 非都市編定：農牧用地,2,1,持分移轉,03840000
RPROMLNLKHLGFBB67DA,乾溝子段,26.17,都市：其他:第三之一種商業區,10000,41,持分移轉,01700000
RPVNMLNLKHLGFBB97DA,乾溝子段,14.00,都市：其他:第二種住宅區,1,1,全筆移轉,01440062
RPVNMLNLKHLGFBB97DA,乾溝子段,81.00,都市：其他:第二種住宅區,1,1,全筆移轉,01440065
RPWOMLOJKHLGFCB18DA,惠禮段,50.73,都市：其他:第一種商業區,200000,5190,持分移轉,00380000
RPTQMLLKLHLGFCB97DA,保安段,22.45,都市：其他:第三之二種住宅區,100000,736,持分移轉,08090000
RPPNMLTKLHLGFDB18DA,新店東段,552.90,非都市：特定農業區 ; 非都市編定：農牧用地,1,1,全筆移轉,05120000
RPSPMLNJLHLGFCB87DA,建功段,14.63,都市：其他:第五種住宅區,100000,231,持分移轉,00160000
RPXOMLQKLHLGFCB68DA,惠來厝段,20.95,都市：其他:第三之二種住宅區,1000000,5270,持分移轉,07870000
RPPNMLOJLHLGFAB27DA,大益段,7.79,都市：其他:第二種住宅區,10000,163,持分移轉,04090000
RPQPMLNKLHLGFFB08DA,市鎮北段,20.47,都市：其他:第四種商業區,100000,401,持分移轉,01180000
RPRNMLMJLHLGFFB77DA,民權段,7.89,都市：其他:第四種住宅區,10000,228,持分移轉,14320000
RPXNMLTKLHLGFHB76DA,復興段,8.01,都市：其他:道路用地,2,1,持分移轉,02690001
RPPNMLNLLHLGFFB87DA,三民段,332.86,都市：其他:第四種住宅區,100,22,持分移轉,00710000
SPXNMLTKLHLGFHB86DA,復興段,7.17,都市：其他:道路用地,5400,33,持分移轉,02810000
SPOOMLTKLHLGFHB68DA,復興段,7.17,都市：其他:道路用地,5400,33,持分移轉,02810000
RPOOMLTKLHLGFHB58DA,復興段,8.01,都市：其他:道路用地,2,1,持分移轉,02690001
RPPOMLTKLHLGFHB68DA,復興段,9.51,都市：其他:道路用地,1,1,全筆移轉,02690002
RPPOMLTKLHLGFHB68DA,復興段,18.10,都市：其他:道路用地,1,1,全筆移轉,02690003
RPPOMLTKLHLGFHB68DA,復興段,.98,都市：其他:道路用地,1,1,全筆移轉,02740000
RPQOMLRKLHLGFCB08DA,上石碑段,12.35,都市：其他:第三之二種住宅區,10000,120,持分移轉,21060003
RPQOMLTKLHLGFHB78DA,復興段,444.32,都市：其他:道路用地,2,1,持分移轉,02750000
RPPNMLOKLHLGFIB18DA,崇光段,11.60,都市：其他:商業區,10000,31,持分移轉,11810000
RPQNMLNLKHLGFJB28DA,中山段,127.68,非都市：鄉村區 ; 非都市編定：乙種建築用地,1,1,全筆移轉,01080000
RPRNMLQJLHLGFKB68DA,萬陵段,84.84,非都市：鄉村區 ; 非都市編定：乙種建築用地,1,1,全筆移轉,00630000
RPPNMLTKLHLGFAB97EA,重慶段六小段,6.83,都市：其他:第一種商業區,6,1,持分移轉,00010030
RPPNMLTKLHLGFAB97EA,重慶段六小段,6.00,都市：其他:第一種商業區,6,1,持分移轉,00010031
RPSOMLTKLHLGFAB28DA,下橋子頭段,13.45,都市：其他:第三種住宅區。,1000000,8318,持分移轉,01930000
RPVPMLKKLHLGFBB87DA,乾溝子段,8.42,都市：其他:第二種住宅區,10000,252,持分移轉,01670015
RPPNMLKLLHLGFHB87EA,東寶一段,85.09,都市：其他:第一之一種住宅區,1,1,全筆移轉,04500000
RPUOMLRKLHLGFBB38DA,同榮段,65.00,都市：其他:第二種住宅區,1,1,全筆移轉,26420005
RPTOMLNLKHLGFBB87DA,仁美段,48.27,都市：其他:第二種住宅區,100000,781,持分移轉,01710000
RPQNMLLLLHLGFBB37DA,東峰段,5.93,都市：其他:第三種商業區,10000,59,持分移轉,00030000
RPVOMLQLKHLGFBB38DA,乾溝子段,19.75,都市：其他:第二種住宅區,10000,73,持分移轉,01440000
RPPPMLNLKHLGFBB57DA,邱厝子段,6.76,都市：其他:第二種住宅區,10000,254,持分移轉,00270035
RPPNMLSLKHLGFBB87DA,新賴厝廍六段,19.26,都市：其他:第二種住宅區,10000,330,持分移轉,04430000
RPOPMLQJKHLGFBB57DA,北屯段,170.00,都市：其他:第二種住宅區,1,1,全筆移轉,03350012
RPXNMLNJLHLGFAB97DA,中華段四小段,19.78,都市：其他:第一種商業區,1000,73,持分移轉,00050006
RPSNMLOLKHLGFFB18DA,民權段,7.65,都市：其他:第四種住宅區,10000,221,持分移轉,14320000
RPVQMLPJLHLGFBB38DA,東義段,12.20,都市：其他:第二種住宅區,100000,363,持分移轉,02140000
RPRNMLPJKHLGFJB38DA,新坪段,100.89,都市：其他:住宅區,1,1,全筆移轉,07670000
RPTNMLOLKHLGFAB77DA,下橋子頭段,83.00,都市：其他:第三種住宅區。,1,1,全筆移轉,02470198
RPQNMLOLKHLGFFB97DA,民權段,7.68,都市：其他:第四種住宅區,10000,222,持分移轉,14320000
RPSOMLKLLHLGFBB57DA,文北段,5.20,都市：其他:第二之一種住宅區,100000,235,持分移轉,00680000
RPSOMLKLLHLGFBB57DA,文北段,9.78,都市：其他:第二之一種住宅區,100000,235,持分移轉,00690000
RPSNMLNLKHLGFCB77DA,惠智段,.86,都市：其他:第一種住宅區,16,1,持分移轉,01030008
RPSNMLNLKHLGFCB77DA,惠智段,86.40,都市：其他:第一種住宅區,1,1,全筆移轉,01030015
RPSNMLNLKHLGFCB77DA,惠智段,1.00,都市：其他:第一種住宅區,16,1,持分移轉,01030017
RPSNMLNLKHLGFCB77DA,惠智段,1.47,都市：其他:第一種住宅區,16,1,持分移轉,01030018
RPPNMLKLLHLGFEB47DA,東泰段,10.43,非都市：鄉村區 ; 非都市編定：乙種建築用地,781,10,持分移轉,01450000
RPPNMLKLLHLGFEB47DA,東泰段,77.55,非都市：鄉村區 ; 非都市編定：乙種建築用地,1,1,全筆移轉,02240000
RPTNMLLLLHLGFCB77DA,國安段,11.60,都市：其他:第一種住宅區,10000,29,持分移轉,00940000
RPTNMLLLLHLGFCB77DA,國安段,5.58,都市：其他:第三之一種住宅區,10000,29,持分移轉,00940001
RPSNMLKKKHLGFEB57DA,下鐵山段,64.35,非都市：鄉村區 ; 非都市編定：乙種建築用地,1,1,全筆移轉,08170002
RPSNMLKKKHLGFEB57DA,下鐵山段,11.14,非都市：鄉村區 ; 非都市編定：乙種建築用地,10000,670,持分移轉,08170008
RPWNMLNLLHLGFFB58DA,市鎮南段,9.49,都市：其他:第四種商業區,100000,133,持分移轉,01330001
RPOSMLKKLHLGFCB57DA,三塊厝段,41.00,都市：其他:第二種住宅區,1,1,全筆移轉,10610037
RPOSMLKKLHLGFCB57DA,三塊厝段,8.24,都市：其他:第二種住宅區,10000,1114,持分移轉,10610038
RPOSMLKKLHLGFCB57DA,三塊厝段,25.29,都市：其他:第二種住宅區,10000,1324,持分移轉,10610039
RPWNMLRKLHLGFHB09DA,上楓段,12.32,都市：其他:第一種住宅區,10000,39,持分移轉,13430000
RPSNMLLLLHLGFCB67DA,福德段,9.16,都市：其他:第二種住宅區,100000,314,持分移轉,02780000
RPVONLMJLHLGFCB08DA,惠民段,21.19,都市：其他:第六種新市政中心專用區,100000,288,持分移轉,00120000
RPRNMLNLLHLGFDB87DA,豐原段,25.00,都市：其他:第三種住宅區。,2,1,持分移轉,07360154
RPVNMLTJKHLGFBB38DA,倡和段,25.83,都市：其他:第三之一種商業區,100000,1275,持分移轉,01820000
RPSNMLOLKHLGFDB97DA,李洲段,3088.11,非都市：特定農業區 ; 非都市編定：農牧用地,1,1,全筆移轉,01340000
RPPNMLPJKHLGFDB57DA,東陽段,30.67,都市：其他:第二種住宅區,10000,323,持分移轉,07190000
RPPNMLNLLHLGFKB48EA,福安段,7.29,都市：其他:第二種住宅區,1,1,全筆移轉,12370000
RPPNMLNLLHLGFKB48EA,福安段,35.08,都市：其他:第二種住宅區,1,1,全筆移轉,12380000
RPPNMLNLLHLGFKB48EA,福安段,14.39,都市：其他:第二種住宅區,1,1,全筆移轉,12390000
RPPNMLNLLHLGFKB48EA,福安段,33.11,都市：其他:第二種住宅區,1,1,全筆移轉,12400000
RPTNMLQLKHLGFJB88DA,新福段,14.54,都市：其他:住宅區,10000,68,持分移轉,00440000
RPRNMLMKLHLGFAB37DA,尚武段,15.09,都市：其他:第二種住宅區,70000,847,持分移轉,06890000
RPRNMLMKLHLGFAB37DA,尚武段,3.05,都市：其他:第五種住宅區,70000,847,持分移轉,06890002
RPRNMLMKLHLGFAB37DA,尚武段,.03,都市：其他:第二種住宅區,1400000000,3465,持分移轉,07350000
RPRNMLMKLHLGFAB37DA,尚武段,.78,都市：其他:第五種住宅區,20000,21,持分移轉,07350005
RPQOMLQKLHLGFEB18DA,安地段,18.92,非都市：鄉村區 ; 非都市編定：乙種建築用地,240,19,持分移轉,10710003
RPQOMLQKLHLGFEB18DA,安地段,.50,非都市：鄉村區 ; 非都市編定：乙種建築用地,10,1,持分移轉,10710004
RPQOMLQKLHLGFEB18DA,安地段,70.00,非都市：鄉村區 ; 非都市編定：乙種建築用地,1,1,全筆移轉,10710014
RPQOMLQKLHLGFEB18DA,安地段,10.90,非都市：鄉村區 ; 非都市編定：乙種建築用地,10,1,持分移轉,10710017
RPWNMLKKKHLGFDB87DA,后豐段,65.86,都市：其他:住宅區,1,1,全筆移轉,10710000
RPQNMLOLLHLGFJB48DA,溪洲段,15.99,都市：其他:住宅區,10000,192,持分移轉,14320000
RPQNMLOLLHLGFJB48DA,溪洲段,.66,都市：其他:住宅區,10000,192,持分移轉,14320001
RPQNMLOLLHLGFJB48DA,溪洲段,1.51,都市：其他:住宅區,10000,192,持分移轉,14330000
RPUOMLQJLHLGFIB88DA,大坑段,2647.40,非都市：山坡地保育區 ; 非都市編定：農牧用地,1,1,全筆移轉,02290000
RPUNMLNLLHLGFFB38DA,梧棲段,9.94,都市：其他:第三種商業區,10000,50,持分移轉,29210000
RPRTNLNLLHLGFJB56DA,新興段,3.51,都市：其他:住宅區,400000,2344,持分移轉,01130000
RPRTNLNLLHLGFJB56DA,新興段,41.13,都市：其他:住宅區,2,1,持分移轉,01130034
RPUQMLOJKHLGFBB08DA,北屯段,12.46,都市：其他:第二種商業區,100000,1405,持分移轉,04100002
RPVNMLTKLHLGFJB76DA,番子路段,.11,都市：其他:住宅區,10000,93,持分移轉,02230002
RPSOMLQKLHLGFEB38DA,安地段,18.92,非都市：鄉村區 ; 非都市編定：乙種建築用地,240,19,持分移轉,10710003
RPVNMLTKLHLGFJB76DA,新高段,14.56,都市：其他:商業區,10000,93,持分移轉,05690000
RPSOMLQKLHLGFEB38DA,安地段,.50,非都市：鄉村區 ; 非都市編定：乙種建築用地,10,1,持分移轉,10710004
RPSOMLQKLHLGFEB38DA,安地段,48.00,非都市：鄉村區 ; 非都市編定：乙種建築用地,1,1,全筆移轉,10710016
RPSOMLQKLHLGFEB38DA,安地段,10.90,非都市：鄉村區 ; 非都市編定：乙種建築用地,10,1,持分移轉,10710017
RPQOMLRKLHLGFFB38DA,市鎮南段,9.42,都市：其他:第四種商業區,100000,42,持分移轉,00970000
RPPNMLKLLHLGFKB08DA,東海段,22.60,都市：其他:第一之二種住宅區,300000,2157,持分移轉,06940007
RPPNMLKLLHLGFKB08DA,東海段,3.64,都市：其他:第一之一種住宅區,300000,2157,持分移轉,06970000
RPTNMLPLLHLGFAB97DA,下橋子頭段,13.45,都市：其他:第三種住宅區。,1000000,8318,持分移轉,01930000
RPRNMLKKLHLGFAB17DA,正義段九小段,2.34,都市：其他:第一種商業區,10000,30,持分移轉,00110004
RPRNMLKKLHLGFAB17DA,正義段九小段,2.45,都市：其他:第二種住宅區,10000,30,持分移轉,00110025
RPQNMLRJKHLGFBB67DA,中清段,9.28,都市：其他:第二種商業區,100000,332,持分移轉,00060000
RPRPMLNKLHLGFBB77DA,賴厝廍段,81.00,都市：其他:第二種住宅區,1,1,全筆移轉,04290023
RPPNMLNLLHLGFGB08EA,新互助段,35.54,都市：其他:住宅區,1,1,全筆移轉,07020005
RPPNMLOJKHLGFFB67DA,南勢段,89.76,都市：其他:第二種住宅區,1,1,全筆移轉,03390000
RPVOMLNJLHLGFCB08DA,大進段,54.84,都市：其他:第二種住宅區,1000000,18781,持分移轉,06680000
RPOOMLMKLHLGFDB47DA,博愛段,16.79,都市：其他:第三種住宅區。,6,1,持分移轉,04660000
RPOOMLMKLHLGFDB47DA,博愛段,.30,都市：其他:第三種住宅區。,6,1,持分移轉,04670000
RPOOMLMKLHLGFDB47DA,博愛段,.59,都市：其他:第三種住宅區。,6,1,持分移轉,04680000
RPOOMLMKLHLGFDB47DA,博愛段,16.43,都市：其他:第三種住宅區。,6,1,持分移轉,04690000
RPOOMLMKLHLGFDB47DA,博愛段,19.60,都市：其他:第三種住宅區。,6,1,持分移轉,04720000
RPOOMLMKLHLGFDB47DA,博愛段,17.36,都市：其他:第二種商業區,6,1,持分移轉,05260000
RPPNMLQLLHLGFDB97DA,鎮宮段,1.71,非都市：特定農業區 ; 非都市編定：交通用地,1,1,全筆移轉,02440004
RPQNMLPLLHLGFGB28DA,湳嶺段,3622.57,非都市：山坡地保育區 ; 非都市編定：農牧用地,1,1,全筆移轉,05520000
RPUNMLTJLHLGFIB09DA,新三和段,19.37,都市：其他:第二種住宅區,100000,140,持分移轉,00790000
RPXNMLQKLHLGFIB56DA,新榮和段,27.30,都市：其他:第二種住宅區,20000,246,持分移轉,01350000
RPWNMLNLLHLGFIB88DA,信義段,3.50,都市：其他:園道用地,33,1,持分移轉,00750001
RPWNMLNLLHLGFIB88DA,信義段,49.63,都市：其他:園道用地,33,1,持分移轉,00750002
RPWNMLNLLHLGFIB88DA,信義段,6.41,都市：其他:園道用地,33,1,持分移轉,05700000
RPWNMLNLLHLGFIB88DA,信義段,27.38,都市：其他:園道用地,33,2,持分移轉,05740000
RPWNMLNLLHLGFIB88DA,信義段,13.24,都市：其他:園道用地,33,1,持分移轉,05740002
RPWNMLNLLHLGFIB88DA,信義段,2.41,都市：其他:園道用地,33,1,持分移轉,06110000
RPWNMLNLLHLGFIB88DA,信義段,22.97,都市：其他:園道用地,33,1,持分移轉,06110002
RPWNMLNLLHLGFIB88DA,信義段,.45,都市：其他:園道用地,33,1,持分移轉,06130001
RPPNMLMKLHLGFKB18DA,自治段,6.73,都市：其他:住宅區,32,1,持分移轉,04230003
RPPNMLMKLHLGFKB18DA,自治段,98.05,都市：其他:住宅區,1,1,全筆移轉,04230140
RPPNMLMKLHLGFKB18DA,自治段,1.64,都市：其他:住宅區,32,1,持分移轉,04230155
RPPNMLMKLHLGFKB18DA,自治段,20.04,都市：其他:住宅區,32,1,持分移轉,04230156
RPWNMLOLKHLGFBB18DA,景美段,9.99,都市：其他:第三種住宅區。,100000,1766,持分移轉,03240000
RPWNMLOLKHLGFBB18DA,景美段,11.09,都市：其他:第二種住宅區,100000,1766,持分移轉,03250000
RPOOMLRKLHLGFBB77DA,錦村段,1.07,都市：其他:第一種商業區,10000,60,持分移轉,03310017
RPOOMLRKLHLGFBB77DA,錦村段,1.23,都市：其他:第一種商業區,10000,60,持分移轉,03310018
RPOOMLRKLHLGFBB77DA,錦村段,.01,都市：其他:第一種商業區,10000,60,持分移轉,03310025
RPOOMLRKLHLGFBB77DA,錦村段,.03,都市：其他:第一種商業區,10000,60,持分移轉,03310027
RPVNMLMKKHLGFFB18DA,市鎮北段,10.63,都市：其他:第四種商業區,100000,217,持分移轉,03670000
RPOOMLSKLHLGFAB77DA,光明段五小段,7.26,都市：其他:第二種住宅區,10000,378,持分移轉,00060000
RPOOMLSKLHLGFAB77DA,光明段五小段,1.02,都市：其他:第二種住宅區,10000,378,持分移轉,00060001
RPOOMLSKLHLGFAB77DA,光明段五小段,3.33,都市：其他:第二種住宅區,10000,378,持分移轉,00060004
RPOOMLSKLHLGFAB77DA,光明段五小段,.38,都市：其他:第二種住宅區,10000,378,持分移轉,00060005
RPTNMLMKLHLGFBB67DA,文正段,12.23,都市：其他:第一種商業區,40000,324,持分移轉,01050000
RPPNMLMLLHLGFAB27DA,下橋子頭段,15.51,都市：其他:第三種住宅區。,100000,565,持分移轉,02580003
RPTNMLQJLHLGFAB87DA,樹子腳段,13.50,都市：其他:第二種商業區,100000,579,持分移轉,09340000
RPPOMLNJLHLGFAB27DA,後壠子段,25.50,都市：其他:第二種住宅區,8,3,持分移轉,01260048
RPRNMLPLLHLGFKB78DA,竹師段,22.19,都市：其他:第四種住宅區,100000,1963,持分移轉,00510000
RPRNMLPLLHLGFKB78DA,竹師段,9.21,都市：其他:第四種住宅區,50,1,持分移轉,00550000
RPRNMLPLLHLGFKB78DA,竹師段,.22,都市：其他:第四種住宅區,2400,1,持分移轉,00680000
RPRNMLPLLHLGFKB78DA,竹師段,.00,都市：其他:第四種住宅區,2400,1,持分移轉,00690000
RPRNMLPLLHLGFKB78DA,竹師段,.07,都市：其他:道路用地,2400,1,持分移轉,00690001
RPRNMLPLLHLGFKB78DA,竹師段,.02,都市：其他:第四種住宅區,2400,1,持分移轉,00710000
RPRNMLPLLHLGFKB78DA,竹師段,.07,都市：其他:道路用地,2400,1,持分移轉,00710001
RPWQMLMJLHLGFBB18DA,中清段,25.72,都市：其他:第三種住宅區。,100000,883,持分移轉,01520000
RPTNMLPLLHLGFEB38DA,新磁磘段,92.25,都市：其他:第一種住宅區,1,1,全筆移轉,09030000
RPXOMLQLKHLGFBB58DA,文北段,22.18,都市：其他:第二之一種住宅區,100000,331,持分移轉,01170000
RPQNMLNKKHLGFAB27DA,麻園頭段,4.94,都市：其他:第二種住宅區,10000,40,持分移轉,09040000
RPSPMLOLLHLGFBB08DA,仁德段,24.21,都市：其他:第二種住宅區,10000,325,持分移轉,01210000
RPWOMLNLLHLGFBB28DA,軍和段,232.71,都市：其他:第一種住宅區,1,1,全筆移轉,02640002
RPQOMLPLKHLGFAB67DA,大益段,19.14,都市：其他:第二種住宅區,10000,393,持分移轉,09760000
RPQOMLOLKHLGFCB77DA,田心段,21.95,都市：其他:第二種住宅區,100000,1243,持分移轉,14250000
RPQOMLLKLHLGFHB97DA,僑忠段,7.34,都市：其他:農業區,11396,734,持分移轉,00980000
RPQOMLLKLHLGFHB97DA,僑忠段,68.76,都市：其他:農業區,1,1,全筆移轉,00980007
RPTNMLQLLHLGFHB78DA,六雅段,74.90,都市：其他:第二種住宅區,1,1,全筆移轉,02260000
RPTRMLKKLHLGFCB97DA,大進段,5.80,都市：其他:第二種住宅區,498400,580,持分移轉,10100000
RPWNMLOJLHLGFAB97DA,中華段三小段,1.65,都市：其他:第一種商業區,20000,22,持分移轉,00020021
RPTPMLNLKHLGFIB68DA,溪南西段,24.06,非都市：鄉村區 ; 非都市編定：乙種建築用地,100000,1374,持分移轉,09810000
RPRNMLNJKHLGFFB77DA,市鎮南段,12.73,都市：其他:第四種商業區,100000,115,持分移轉,01330000
RPOOMLNLLHLGFBB47DA,新賴厝廍三段,14.29,都市：其他:第二種住宅區,100000,3100,持分移轉,06830000
RPXOMLNJLHLGFCB28DA,大進段,8.97,都市：其他:第二種住宅區,1000000,3072,持分移轉,06680000
RPQNMLTJLHLGFCB08DA,保安段,8.27,都市：其他:第一種商業區,1000000,6417,持分移轉,09930000
RPQNMLTJLHLGFCB08DA,保安段,6.69,都市：其他:第三之二種住宅區,1000000,6417,持分移轉,09940000
RPPNMLOLLHLGFDB77DA,新綠山段,17.82,都市：其他:道路用地,1,1,全筆移轉,07920000
RPPNMLOLLHLGFDB77DA,新綠山段,58.78,都市：其他:第一之二種住宅區,1,1,全筆移轉,07930000
RPVOMLQKLHLGFCB48DA,惠順段,5.65,都市：其他:第四之一種商業區,100000,169,持分移轉,00060000
RPSNMLRLLHLGFEB48DA,致用段,26.01,都市：其他:住宅區,100000,2215,持分移轉,01130000
RPXOMLQKLHLGFBB58DA,太和段,23.74,都市：其他:第三種住宅區。,100000,1294,持分移轉,00560000
RPPNMLRLLHLGFFB28DA,市鎮南段,9.42,都市：其他:第四種商業區,100000,42,持分移轉,00970000
RPROMLTKLHLGFCB38DA,大新段,12.00,都市：其他:第二種住宅區,10000,35,持分移轉,08650000
RPQNMLKMLHLGFDB57DA,新社口段,3.15,都市：其他:農業區,54,2,持分移轉,01540000
RPQNMLKMLHLGFDB57DA,新社口段,95.24,都市：其他:農業區,3,2,持分移轉,01590000
RPTNMLTKLHLGFIB09DA,地利段,100.00,都市：其他:住宅區,1,1,全筆移轉,04700000
RPPNMLPLLHLGFIB38DA,新高鐵段,16.45,都市：其他:商業區,100000,65,持分移轉,00890000
RPUNMLOJLHLGFIB58DA,立新段,22.70,非都市：鄉村區 ; 非都市編定：乙種建築用地,10000,30,持分移轉,13060000
RPRNMLQJKHLGFKB58DA,龍田段,61.00,都市：其他:第四種住宅區,1,1,全筆移轉,14130011
RPPNMLKMLHLGFFB77EA,高美南段,65.03,都市：其他:農業區,2,1,持分移轉,01950000
RPSOMLNJKHLGFAB47DA,平民段八小段,17.23,都市：其他:第二種住宅區,10000,151,持分移轉,00020000
RPUNMLTJKHLGFCB38DA,下石碑段,15.79,都市：其他:第二種住宅區,10000,156,持分移轉,08510000
RPSOMLNJKHLGFAB47DA,平民段八小段,.14,都市：其他:第二種住宅區,10000,151,持分移轉,00090008
RPRNMLKLLHLGFEB67DA,賢仁段,139.64,都市：其他:住宅區,333260,6650,持分移轉,03120000
RPWPMLKMLHLGFBB18DA,同榮段,19.22,都市：其他:第二種商業區,10000,177,持分移轉,15210003
RPQNMLNLLHLGFAB47DA,樹子腳段,9.79,都市：其他:第三種住宅區。,100000,798,持分移轉,08440002
RPPNMLRLLHLGFDB08DA,神圳段,60.16,都市：其他:第一之二種住宅區,1,1,全筆移轉,03570000
RPPNMLPJLHLGFGB97DA,大南段大南小段,317.00,非都市：鄉村區 ; 非都市編定：乙種建築用地,1,1,全筆移轉,02030268
RPVNMLQJLHLGFBB18DA,大湖段,58.39,都市：其他:特一種住宅區,1,1,全筆移轉,06090000
RPVNMLQJLHLGFBB18DA,大湖段,1.44,都市：其他:特一種住宅區,1,1,全筆移轉,06090001
RPQNMLKMLHLGFFB87EA,高美南段,125.88,都市：其他:農業區,2,1,持分移轉,02000000
RPTNMLTJLHLGFHB88DA,豐興段,110.17,非都市：鄉村區 ; 非都市編定：乙種建築用地,1,1,全筆移轉,08100000
RPQNMLLMLHLGFGB08EA,新安段,55.53,都市：其他:住宅區,1,1,全筆移轉,07320000
RPTNMLPJKHLGFDB97DA,中興段,31.08,都市：其他:第二種住宅區,100000,1423,持分移轉,00090000
RPSTMLKMLHLGFCB28DA,惠安段,10.97,都市：其他:第四之一種商業區,100000,421,持分移轉,02500000
RPSNMLTJKHLGFJB88DA,平欣段,19.98,都市：其他:商業區,10000,43,持分移轉,06940000
RPVNMLKMLHLGFBB87DA,中德段,79.00,都市：其他:第二種住宅區,1,1,全筆移轉,01970000
RPTOMLQLLHLGFCB38DA,永安段,269.14,都市：其他:農業區,9,3,持分移轉,02540001
RPTOMLQLLHLGFCB38DA,永安段,848.09,都市：其他:農業區,1,1,全筆移轉,02540002
RPSPMLNKLHLGFBB87DA,文北段,18.98,都市：其他:第二之一種住宅區,10000,25,持分移轉,00060000
RPSNMLKMLHLGFIB28DA,向學段,110.12,都市：其他:住宅區,1,1,全筆移轉,10490000
RPVNMLRKLHLGFJB56DA,宜欣段,29.05,都市：其他:住宅區,10000,193,持分移轉,03610000
RPPOMLKLLHLGFIB97DA,溪南西段,27.69,非都市：鄉村區 ; 非都市編定：乙種建築用地,10000,83,持分移轉,03880000
RPXNMLOJKHLGFBB08DA,邱厝子段,15.79,都市：其他:第二種住宅區,7000,180,持分移轉,01410025
RPTNMLRKLHLGFJB98DA,宜欣段,29.65,都市：其他:住宅區,10000,197,持分移轉,03610000
RPUNMLQLKHLGFJB98DA,育賢段,22.22,都市：其他:住宅區,10000,35,持分移轉,01840004
RPSNMLRLLHLGFKB09DA,龍山段,75.97,都市：其他:第四種住宅區,1,1,全筆移轉,03020000
RPTNMLKMLHLGFKB58DA,永順段,238.59,非都市：一般農業區 ; 非都市編定：農牧用地,9,1,持分移轉,00280000
RPQNMLKLLHLGFIB97DA,新榮泉段,32.69,都市：其他:第二種住宅區,10000,104,持分移轉,01610000
RPQNMLOLLHLGFAB57DA,東興段,5.32,都市：其他:市場用地,30,2,持分移轉,07470000
RPQNMLKLLHLGFHB87DA,中和段,444.52,都市：其他:農業區,8,5,持分移轉,06450000
RPQNMLKLLHLGFHB87DA,中和段,701.53,都市：其他:農業區,8,5,持分移轉,06460000
RPQNMLKLLHLGFHB87DA,中和段,30.18,都市：其他:農業區,8,5,持分移轉,06470000
RPQNMLKLLHLGFHB87DA,中和段,60.79,都市：其他:農業區,8,5,持分移轉,06480000
RPWNMLSKLHLGFAB48DA,下橋子頭段,88.00,都市：其他:第二種住宅區,1,1,全筆移轉,01490054
RPPPMLTJKHLGFCB08DA,民安段,17.57,都市：其他:第三之一種住宅區,100000,565,持分移轉,15230000
RPSNMLRLLHLGFBB28EA,昌平段,19.22,都市：其他:第三種住宅區。,100000,406,持分移轉,03010000
RPWNMLRKLHLGFJB66DA,宜欣段,29.65,都市：其他:住宅區,10000,197,持分移轉,03610000
RPQOMLKKKHLGFFB57DA,榜文段,178.20,都市：其他:第二種住宅區,1,1,全筆移轉,07600000
RPQOMLKKKHLGFFB57DA,榜文段,3.30,都市：其他:第二種住宅區,1,1,全筆移轉,07610000
RPQOMLKKKHLGFFB57DA,榜文段,3.56,都市：其他:第二種住宅區,320,2,持分移轉,07790000
RPPOMLLMLHLGFCB57DA,豐功段,4.77,都市：其他:第三種商業區,100000,213,持分移轉,01470000
RPQNMLKMLHLGFCB57EA,大明段,37.38,都市：其他:第二種住宅區,16,1,持分移轉,02550000
RPVPMLLMLHLGFCB28DA,中仁段,12.47,都市：其他:第二種住宅區,15,1,持分移轉,04630000
RPVPMLLMLHLGFCB28DA,中仁段,7.53,都市：其他:第二種住宅區,15,1,持分移轉,04640000
RPPNMLSKLHLGFKB78DA,藝術段,20.14,都市：其他:第二種住宅區,1000,258,持分移轉,06700000
RPUNMLOJLHLGFFB28DA,南勢東段,41.71,都市：其他:第二種住宅區,1,1,全筆移轉,02730000
RPPNMLSKLHLGFKB78DA,藝術段,10.82,都市：其他:第二種住宅區,1000,258,持分移轉,06710000
RPQOMLNKLHLGFAB47DA,大益段,16.50,都市：其他:第二種住宅區,10000,184,持分移轉,08850000
RPWOMLMKLHLGFBB08DA,仁德段,27.87,都市：其他:第二種住宅區,30,1,持分移轉,01250015
RPTNMLTJLHLGFDB48DA,三陽段,111.81,都市：其他:第一之二種住宅區,1,1,全筆移轉,00640000
RPTNMLTJLHLGFDB48DA,三陽段,112.48,都市：其他:第一之二種住宅區,1,1,全筆移轉,00650000
RPPPMLPLLHLGFBB87DA,太原段,17.60,都市：其他:第三種住宅區。,200000,94,持分移轉,01400000
RPSOMLLKKHLGFBB47DA,景東段,13.33,都市：其他:第三之一種商業區,100000,354,持分移轉,04240000
RPTNMLRKLHLGFAB08DA,後壠子段,47.00,都市：其他:第二種住宅區,1,1,全筆移轉,03200079
RPSNMLOJLHLGFJB48DA,育賢段,13.33,都市：其他:住宅區,10000,26,持分移轉,02360002
RPTNMLOLLHLGFAB87DA,旱清段,14.65,都市：其他:第二種住宅區,100000,470,持分移轉,02460000
RPRNMLKKLHLGFGB77DA,興隆段,92.15,非都市：鄉村區 ; 非都市編定：乙種建築用地,1,1,全筆移轉,05190000
RPXNMLTKLHLGFAB68DA,下橋子頭段,6.72,都市：其他:第一種商業區,100000,410,持分移轉,01240053
RPXNMLTKLHLGFAB68DA,下橋子頭段,6.86,都市：其他:第二種住宅區,100000,410,持分移轉,02030000
RPVNMLNLLHLGFFB48DA,成衣段,5.19,都市：其他:第四種住宅區,1,1,全筆移轉,08710000
RPVNMLNLLHLGFFB48DA,成衣段,31.00,都市：其他:第四種住宅區,1,1,全筆移轉,08910000
RPXNMLLMLHLGFAB08DA,頂橋子頭段,17.02,都市：其他:第二種住宅區,31000,3404,持分移轉,04310024
RPXNMLLMLHLGFAB08DA,頂橋子頭段,21.95,都市：其他:第二種住宅區,40000,4390,持分移轉,04310075
RPUOMLNLKHLGFBB97DA,仁德段,1.33,都市：其他:第二種住宅區,23,1,持分移轉,11340000
RPUOMLNLKHLGFBB97DA,仁德段,43.47,都市：其他:第二種住宅區,1,1,全筆移轉,11340002
RPUOMLNLKHLGFBB97DA,仁和段,15.43,都市：其他:第二種住宅區,23,1,持分移轉,16910004
RPUOMLNLKHLGFBB97DA,仁和段,10.00,都市：其他:第二種住宅區,1,1,全筆移轉,16910017
RPQUMLTKLHLGFBB78DA,新賴厝廍六段,130.28,都市：其他:第二種住宅區,1,1,全筆移轉,05850000
RPQOMLKLLHLGFBB37DA,文北段,14.43,都市：其他:第二之一種住宅區,10000,19,持分移轉,00060000
RPQNMLLKLHLGFCB37DA,惠來厝段,15.80,都市：其他:第五之一種住宅區,100000,399,持分移轉,01040000
RPQNMLLKLHLGFCB37DA,惠來厝段,.66,都市：其他:第二種住宅區,100000,399,持分移轉,01040010
RPQNMLLKLHLGFCB37DA,惠來厝段,.35,都市：其他:第二種住宅區,100000,399,持分移轉,01040011
RPQNMLLKLHLGFCB37DA,惠來厝段,.00,都市：其他:第五之一種住宅區,100000,399,持分移轉,01050000
RPQNMLKMLHLGFEB67DA,賢仁段,24.95,都市：其他:住宅區,100000,1818,持分移轉,00390000
RPRNMLOLLHLGFCB87DA,上石碑段,19.36,都市：其他:第三種商業區,100000,473,持分移轉,09490000
RPSNMLMJMHLGFFB97DA,興農段,38.05,都市：其他:第四種住宅區,100000,2210,持分移轉,02020000
RPUQMLKMLHLGFIB78DA,九德段,190.42,都市：其他:廣場兼停車場用地,1,1,全筆移轉,05870000
RPUQMLKMLHLGFIB78DA,九德段,28.67,都市：其他:廣場兼停車場用地,1,1,全筆移轉,05870001
RPUNMLLJMHLGFIB38DA,五張犁西段,1904.82,非都市：特定農業區 ; 非都市編定：農牧用地,2,1,持分移轉,05880000
RPUNMLLMLHLGFJB68DA,頭汴坑段,2520.00,非都市：山坡地保育區 ; 非都市編定：農牧用地,1,1,全筆移轉,39450016
RPXNMLLJMHLGFKB88DA,竹泉段,44.49,都市：其他:第四種住宅區,49,1,持分移轉,02200000
RPPNMLLJMHLGFIB97EA,仁美段,12.31,都市：其他:住宅區,10000,308,持分移轉,10570000
RPPNMLLJMHLGFIB97EA,仁美段,74.50,都市：其他:住宅區,1,1,全筆移轉,10570046
RPPNMLLJMHLGFIB97EA,仁美段,1.25,都市：其他:住宅區,10000,308,持分移轉,10570048
RPPNMLLJMHLGFIB97EA,仁美段,1.42,都市：其他:住宅區,10000,308,持分移轉,10570055
RPPNMLLJMHLGFIB97EA,仁美段,1.74,都市：其他:住宅區,10000,308,持分移轉,10570056
RPVNMLLKLHLGFAB67DA,半平厝段,4.01,都市：其他:第二種住宅區,1000000,1682,持分移轉,13720000
RPVNMLLKLHLGFAB67DA,半平厝段,6.72,都市：其他:第一種商業區,1000000,1682,持分移轉,13760000
RPRNMLTKLHLGFAB08DA,下橋子頭段,16.44,都市：其他:第三種住宅區。,100000,332,持分移轉,02710037
RPTOMLTKLHLGFAB38DA,旱溪段,12.31,都市：其他:第三種住宅區。,100000,953,持分移轉,02960002
RPTOMLTKLHLGFAB38DA,旱溪段,2.88,都市：其他:第二種住宅區,100000,953,持分移轉,02960032
RPXNMLMKLHLGFBB08DA,錦村段,22.66,都市：其他:第二種住宅區,10000,104,持分移轉,03660000
RPQWMLTKLHLGFBB98DA,邱厝子段,15.86,都市：其他:第二種住宅區,10000,88,持分移轉,00390011
RPTNMLOLLHLGFBB97DA,文北段,20.20,都市：其他:第二之一種住宅區,100000,761,持分移轉,01780000
RPVNMLRLLHLGFBB48DA,陳平段,13.33,都市：其他:第三之二種住宅區,3,1,持分移轉,02650000
RPVNMLRLLHLGFBB48DA,陳平段,21.40,都市：其他:第三之二種住宅區,5,1,持分移轉,02650005
RPVNMLRLLHLGFBB48DA,陳平段,8.00,都市：其他:第三之二種住宅區,15,1,持分移轉,02650013
RPTNMLTJMHLGFBB38DA,碧柳段,21.87,都市：其他:第二之一種住宅區,100000,301,持分移轉,00780000
RPWNMLMJKHLGFCB87DA,新富段,26.00,都市：其他:第一之B種住宅區,100000,335,持分移轉,03200000
RPWNMLMJKHLGFCB87DA,新富段,2.18,都市：其他:第一之C種住宅區,100000,335,持分移轉,03390000
RPORMLKMLHLGFCB67DA,大明段,32.83,都市：其他:第二種住宅區,6,1,持分移轉,02860000
RPOPMLRLLHLGFBB97DA,東新段,23.65,都市：其他:第二種住宅區,100000,377,持分移轉,00080000
RPVNMLLMLHLGFHB58DA,清雅段,30.08,都市：其他:第二種住宅區,100000,643,持分移轉,02620000
RPWRMLLJMHLGFBB28DA,倡和段,15.24,都市：其他:第三之一種商業區,100000,629,持分移轉,01780000
RPTNMLPJLHLGFCB97DA,田心段,11.65,都市：其他:第二種住宅區,100000,393,持分移轉,12340000
RPTNMLPJLHLGFCB97DA,田心段,2.21,都市：其他:第三種住宅區。,100000,393,持分移轉,12340003
RPOPMLOLKHLGFCB67DA,田心段,24.42,都市：其他:第二種住宅區,100000,755,持分移轉,08180000
RPVOMLKMLHLGFBB97DA,東峰段,21.59,都市：其他:第二種商業區,2000000,6830,持分移轉,02550000
RPXOMLKMLHLGFBB18DA,太原段,19.41,都市：其他:第三種住宅區。,100000,98,持分移轉,01400001
RPSNMLRKLHLGFCB18DA,新富段,48.58,都市：其他:第一之B種住宅區,100000,476,持分移轉,01830000
RPQQMLOLLHLGFCB08DA,上石碑段,19.05,都市：其他:第二種住宅區,100000,8503,持分移轉,19150000
RPROMLNKLHLGFCB77DA,田心段,11.13,都市：其他:第二種住宅區,10000,142,持分移轉,10260000
RPUNMLMJLHLGFIB38DA,文化段,14.91,非都市：山坡地保育區 ; 非都市編定：丙種建築用地,2100,126,持分移轉,11570000
RPRNMLOLLHLGFBB77DA,北屯段,20.00,都市：其他:第二種住宅區,11260,200,持分移轉,02660008
RPXNMLNJLHLGFIB78DA,大義段,23.80,都市：其他:住宅區,10000,60,持分移轉,00420000
RPRNMLNJKHLGFBB37DA,中清段,14.15,都市：其他:第二種住宅區,10000,72,持分移轉,01020001
RPOOMLQLKHLGFIB38DA,螺潭段,64.00,非都市：鄉村區 ; 非都市編定：乙種建築用地,3,2,持分移轉,01830000
RPRNMLNLKHLGFKB48DA,中社段,40.90,都市：其他:保護區,241,1,持分移轉,02620000
RPRNMLNLKHLGFKB48DA,中社段,1.67,都市：其他:第二種住宅區,9700,100,持分移轉,04840000
RPRNMLNLKHLGFKB48DA,中社段,47.91,都市：其他:第二種住宅區,1,1,全筆移轉,04940000
RPRNMLNLKHLGFKB48DA,中社段,17.33,都市：其他:第二種住宅區,42,1,持分移轉,05000000
RPRNMLNLKHLGFKB48DA,中社段,1.83,都市：其他:第二種住宅區,42,1,持分移轉,05940000
RPPNMLOLKHLGFGB97DA,仙師段,30.29,都市：其他:商業區,10000,306,持分移轉,05780000
RPPOMLQLKHLGFIB48DA,溪南東段,492.33,非都市：特定農業區 ; 非都市編定：農牧用地,6,2,持分移轉,16250000
RPTNMLQLKHLGFAB97DA,公館段,22.20,都市：其他:第二種住宅區,1000,200,持分移轉,01510292
RPPQMLMKLHLGFFB97DA,中清段,68.72,非都市：鄉村區 ; 非都市編定：乙種建築用地,1,1,全筆移轉,05240000
RPRNMLLJMHLGFHB97DA,大新段,66.32,都市：其他:第一之二種住宅區,1,1,全筆移轉,00300052
RPPNMLOJLHLGFHB97DA,僑興段,25.43,都市：其他:住宅區,100000,326,持分移轉,00150000
RPPNMLNJMHLGFHB97DA,僑興段,25.85,都市：其他:住宅區,10000,151,持分移轉,00200000
RPQNMLNJMHLGFHB08DA,東寶三段,2001.31,都市：其他:農業區,1,1,全筆移轉,02390000
RPQNMLOLLHLGFHB28DA,潭興段,22.42,都市：其他:第一之二種住宅區,10000,34,持分移轉,04920000
RPXOMLMJKHLGFCB08DA,大墩段,12.32,都市：其他:第二種住宅區,10000,10,持分移轉,04690000
RPRNMLPJLHLGFJB48DA,育賢段,7.59,都市：其他:住宅區,200000,410,持分移轉,02020000
RPRNMLPLLHLGFJB68DA,育賢段,13.78,都市：其他:商業區,10000,49,持分移轉,01050000
RPPNMLMJMHLGFIB08EA,大義段,144.31,都市：其他:住宅區,2,1,持分移轉,00220000
RPUOMLLMLHLGFJB78DA,壽平段,20.65,都市：其他:第一種住宅區,10000,118,持分移轉,12100000
RPPNMLKMLHLGFJB08DA,太平段,33.77,都市：其他:住宅區,10000,99,持分移轉,08020000
RPPNMLKMLHLGFJB08DA,太平段,.03,,10000,99,持分移轉,08020001
RPTPMLRLLHLGFCB58DA,西屯段,5.19,都市：其他:第二種住宅區,10000,26,持分移轉,13100000
RPQPMLNLKHLGFBB67DA,北屯段,20.12,都市：其他:第二種住宅區,10000,1076,持分移轉,02390042
RPQPMLNLKHLGFBB67DA,北屯段,19.48,都市：其他:第二種住宅區,10000,1076,持分移轉,02390043
RPPNMLOLKHLGFBB47DA,太原段,15.73,都市：其他:第三種住宅區。,100000,42,持分移轉,01400000
RPOOMLKLLHLGFIB87DA,東湖段,84.52,都市：其他:住宅區,1,1,全筆移轉,01970027
RPOOMLKLLHLGFIB87DA,東湖段,1.87,都市：其他:住宅區,33,1,持分移轉,01970031
RPOOMLKLLHLGFIB87DA,東湖段,9.31,都市：其他:住宅區,22,1,持分移轉,01970032
RPXNMLNLLHLGFCB38DA,民安段,20.01,都市：其他:第一之一種住宅區,10000,72,持分移轉,18700001
RPRNMLPJLHLGFEB97DA,賢仁段,25.32,都市：其他:住宅區,100000,1441,持分移轉,04560018
RPTNMLTKLHLGFDB58DA,后科段,27.26,都市：其他:住宅區,1000,86,持分移轉,09450000
RPTNMLTKLHLGFDB58DA,后科段,71.73,都市：其他:住宅區,1,1,全筆移轉,09560000
RPPNMLPJLHLGFDB67DA,向陽段,6.81,都市：其他:第二種商業區,28298,681,持分移轉,03900000
RPOOMLTJLHLGFAB77DA,下橋子頭段,15.28,都市：其他:第二種住宅區,10000,61,持分移轉,01630011
RPRNMLOJLHLGFIB28DA,新三和段,31.32,都市：其他:第二種住宅區,10000,53,持分移轉,00700000
RPVOMLTKLHLGFFB09DA,南簡段,196.50,都市：其他:九年制國校用地,12,3,持分移轉,05360002
RPUOMLRKLHLGFCB48DA,福德段,21.67,都市：其他:第二種商業區,100000,680,持分移轉,01850000
RPXUMLPJLHLGFBB98DA,文北段,23.05,都市：其他:第二之一種住宅區,100000,868,持分移轉,01780000
RPOQMLLMLHLGFIB28DA,新榮泉段,39.51,都市：其他:第二種住宅區,10000,71,持分移轉,01420000
RPRNMLKLLHLGFGB87DA,湳嶺段,1068.53,非都市：山坡地保育區 ; 非都市編定：農牧用地,1,1,全筆移轉,06000000
RPSNMLRKLHLGFJB88DA,新坪段,101.57,都市：其他:住宅區,1,1,全筆移轉,05520000
RPSNMLRKLHLGFJB88DA,新坪段,23.86,都市：其他:住宅區,1,1,全筆移轉,05520001
RPUNMLPLKHLGFJB88DA,新興段,28.84,都市：其他:住宅區,100000,1310,持分移轉,00710000
RPTNMLLKLHLGFJB38DA,育賢段,22.49,都市：其他:住宅區,20000,64,持分移轉,02270000
RPVNMLLMLHLGFJB78DA,新光段,24.98,都市：其他:市場用地,100000,1519,持分移轉,03720000
RPQTNLNLLHLGFJB09DA,育賢段,22.63,都市：其他:商業區,1000000,7483,持分移轉,00830000
RPOPMLLMLHLGFJB28DA,壽平段,15.22,都市：其他:第一種住宅區,10000,87,持分移轉,12100000
RPOOMLLJMHLGFIB87DA,峰谷段,71.12,非都市：鄉村區 ; 非都市編定：乙種建築用地,1,1,全筆移轉,03900000
RPSNMLOJLHLGFAB57DA,麻園頭段,28.25,都市：其他:第二種住宅區,450,28,持分移轉,08100000
RPUPMLLMLHLGFIB78DA,東湖段,9.02,都市：其他:住宅區,100000,243,持分移轉,09550000
RPRPMLPLLHLGFBB08DA,東新段,10.66,都市：其他:第二種住宅區,100000,170,持分移轉,00080000
RPPOMLPLKHLGFAB57DA,下橋子頭段,16.58,都市：其他:第二種住宅區,10000,471,持分移轉,02360001
RPPOMLPLKHLGFAB57DA,下橋子頭段,.24,都市：其他:第二種住宅區,10000,471,持分移轉,02360131
RPPOMLPLKHLGFAB57DA,下橋子頭段,12.62,都市：其他:第二種住宅區,10000,471,持分移轉,02360190
RPPOMLPLKHLGFAB57DA,下橋子頭段,1.55,都市：其他:第二種住宅區,10000,471,持分移轉,02360297
RPQNMLNLLHLGFKB48DA,中山段,3400.00,都市：其他:農業區,1,1,全筆移轉,04940000
RPUOMLMKLHLGFAB77DA,後壠子段,57.00,都市：其他:第二種住宅區,1,1,全筆移轉,01180109
RPUNMLTJLHLGFAB28DA,半平厝段,11.56,都市：其他:第二種住宅區,10000,34,持分移轉,02550000
RPVNMLQLLHLGFHB98DA,豐興段,361.02,非都市：山坡地保育區 ; 非都市編定：丙種建築用地,1,1,全筆移轉,17620000
RPSOMLNLLHLGFBB87DA,松茂段,33.16,都市：其他:第二種住宅區,10000,162,持分移轉,09260000
RPXNMLQJLHLGFCB48DA,寶山段,11.23,都市：其他:第二種住宅區,100000,698,持分移轉,12340000
RPWNMLRKLHLGFAB38DA,大益段,18.62,都市：其他:第二種住宅區,1000000,29100,持分移轉,02890000
RPXNMLRJMHLGFAB48DA,樹子腳段,14.30,都市：其他:第二種商業區,100000,188,持分移轉,12140000
RPWPMLLKLHLGFCB18DA,惠安段,21.24,都市：其他:第二種住宅區,10000,544,持分移轉,03350011
RPWPMLLKLHLGFCB18DA,惠安段,62.74,都市：其他:第二種住宅區,1,1,全筆移轉,03350019
RPPOMLMJLHLGFDB47DA,西湳段,99.11,都市：其他:第二種住宅區,1,1,全筆移轉,03650007
SPOOMLPKMHLGFCB87DA,楓溪段,310.10,都市：其他:第一之一種住宅區,1,1,全筆移轉,03890000
RPRNMLOLLHLGFGB28DA,石圍墻一段,190.88,非都市：山坡地保育區 ; 非都市編定：丙種建築用地,1,1,全筆移轉,05390000
RPRNMLSJMHLGFFB48DA,犁份東段,44.77,都市：其他:農業區,3,1,持分移轉,03430000
RPRNMLSJMHLGFCB18DA,西屯段,19.98,都市：其他:第二種住宅區,800,20,持分移轉,06440000
RPRNMLSJMHLGFCB18DA,西屯段,.17,都市：其他:第二種住宅區,12,1,持分移轉,08190001
RPRNMLSJMHLGFCB18DA,西屯段,.08,都市：其他:第二種住宅區,12,1,持分移轉,08200001
RPOOMLPKMHLGFCB77DA,楓溪段,310.10,都市：其他:第一之一種住宅區,1,1,全筆移轉,03880000
RPTNMLLJMHLGFGB08DA,詒新段,1784.58,都市：其他:農業區,1,1,全筆移轉,06370004
RPTNMLLJMHLGFGB08DA,詒新段,2.06,都市：其他:農業區,32,3,持分移轉,06370005
RPSNMLKKMHLGFEB77DA,九張段,109.29,非都市：鄉村區 ; 非都市編定：乙種建築用地,4860,242,持分移轉,06870000
RPXNMLNKLHLGFAB08DA,仁愛段五小段,4.21,都市：其他:第二種商業區,1000,4,持分移轉,00020000
RPRNMLKLLHLGFJB18DA,光華段,77.04,非都市：鄉村區 ; 非都市編定：乙種建築用地,1,1,全筆移轉,05210000
RPPNMLMJLHLGFHB77DA,僑興段,32.10,都市：其他:住宅區,100000,577,持分移轉,00120000
RPPNMLOLLHLGFAB47DA,土庫段,84.00,都市：其他:道路用地,1,1,全筆移轉,00160034
RPQNMLSJMHLGFGB58EA,東安段,.50,都市：其他:住宅區,252,63,持分移轉,05590000
RPPNMLSJMHLGFGB48EA,新國校段,40.63,非都市：特定農業區 ; 非都市編定：農牧用地,1,1,全筆移轉,01010000
RPPNMLSJMHLGFGB48EA,新國校段,460.54,非都市：特定農業區 ; 非都市編定：農牧用地,1,1,全筆移轉,01010002
RPSOMLRKLHLGFAB08DA,五權段,20.07,都市：其他:第二種住宅區,10000,180,持分移轉,05390000
RPWOMLNKLHLGFBB18DA,青萍段,74.00,都市：其他:第二種住宅區,1,1,全筆移轉,08150000
RPSOMLRKLHLGFAB08DA,五權段,.11,都市：其他:第二種住宅區,9000,1,持分移轉,06610000
RPRPMLQKLHLGFBB08DA,錦村段,10.05,都市：其他:第二種住宅區,1000,14,持分移轉,02130075
RPQNMLLMLHLGFAB37DA,土庫段,3.61,都市：其他:第二種住宅區,10000,98,持分移轉,01040029
RPQNMLLMLHLGFAB37DA,後壠子段,6.41,都市：其他:第二種住宅區,10000,98,持分移轉,03120000
RPOQMLTJLHLGFCB18DA,三塊厝段,19.94,都市：其他:第二種住宅區,10000,209,持分移轉,07640000
RPQNMLQJLHLGFCB77DA,福德段,8.93,都市：其他:第三種商業區,100000,195,持分移轉,02220000
RPSNMLQJKHLGFJB58DA,番子路段,18.96,都市：其他:住宅區,10000,48,持分移轉,01830000
RPWPMLMKKHLGFBB08DA,新賴厝廍一段,.41,都市：其他:第二種住宅區,7200,50,持分移轉,02350000
RPWPMLMKKHLGFBB08DA,新賴厝廍一段,4.18,都市：其他:第一種商業區,7200,50,持分移轉,02620000
RPWPMLMKKHLGFBB08DA,新賴厝廍一段,.27,都市：其他:第一種商業區,7200,50,持分移轉,02630000
RPWPMLMKKHLGFBB08DA,新賴厝廍一段,.62,都市：其他:第一種商業區,7200,50,持分移轉,02640000
RPUSNLNLLHLGFJB76DA,新坪段,98.09,都市：其他:住宅區,1,1,全筆移轉,01580000
RPXNMLSKLHLGFBB68DA,仁德段,9.02,都市：其他:第二種住宅區,10000,57,持分移轉,07480000
RPXNMLSKLHLGFBB68DA,陳平段,5.20,都市：其他:第二種住宅區,10000,57,持分移轉,18810004
RPUPMLLJMHLGFBB87DA,北屯段,32.00,都市：其他:第二種住宅區,1,1,全筆移轉,00410197
RPUPMLLJMHLGFBB87DA,邱厝子段,4.00,都市：其他:第二種住宅區,1,1,全筆移轉,00640108
RPSNMLKLLHLGFBB47DA,太順段,13.76,都市：其他:第三種住宅區。,100000,287,持分移轉,00570000
RPXPMLKKLHLGFCB18DA,廣昌段,18.11,都市：其他:第二種住宅區,100000,766,持分移轉,04020000
RPVRMLLKLHLGFCB28DA,下石碑段,65.00,都市：其他:第二種住宅區,1,1,全筆移轉,08210000
RPTPMLRJMHLGFBB38DA,邱厝子段,28.70,都市：其他:第二種住宅區,20,1,持分移轉,00320097
RPQPMLSJMHLGFCB28DA,東林段,2080.49,都市：其他:農業區,1,1,全筆移轉,03810001
RPUNMLTJMHLGFCB58DA,黎明段,62.00,都市：其他:第二種住宅區,1,1,全筆移轉,18330000
RPSNMLKLLHLGFCB57DA,豐功段,30.77,都市：其他:第一種商業區,100000,966,持分移轉,02090000
RPRNMLTJMHLGFDB38DA,南嵩段,86.65,都市：其他:第一之二種住宅區,1,1,全筆移轉,04160001
RPUNMLLJMHLGFEB97DA,頂安段,189.38,非都市：特定農業區 ; 非都市編定：農牧用地,1,1,全筆移轉,07570000
RPRQMLSJMHLGFBB38DA,乾溝子段,26.17,都市：其他:第三之一種商業區,10000,41,持分移轉,01700000
RPQNMLMKKHLGFIB97DA,武德段,80.68,都市：其他:學校用地,160,5,持分移轉,03890000
RPQNMLMKKHLGFIB97DA,武德段,80.68,都市：其他:學校用地,160,5,持分移轉,03890000
RPQNMLMKKHLGFIB97DA,武德段,24.19,都市：其他:學校用地,160,5,持分移轉,03900000
RPQNMLMKKHLGFIB97DA,武德段,24.19,都市：其他:學校用地,160,5,持分移轉,03900000
RPQNMLMKKHLGFIB97DA,武德段,15.98,都市：其他:學校用地,160,5,持分移轉,03900001
RPQNMLMKKHLGFIB97DA,武德段,15.98,都市：其他:學校用地,160,5,持分移轉,03900001
RPQNMLMKKHLGFIB97DA,武德段,7.62,都市：其他:住宅區,160,5,持分移轉,07450000
RPQNMLMKKHLGFIB97DA,武德段,7.62,都市：其他:住宅區,160,5,持分移轉,07450000
RPQNMLMKKHLGFIB97DA,武德段,11.08,都市：其他:學校用地,320,10,持分移轉,09830000
RPQNMLMKKHLGFIB97DA,武德段,11.08,都市：其他:學校用地,320,10,持分移轉,09830000
RPQNMLMKKHLGFIB97DA,武德段,.30,都市：其他:學校用地,320,10,持分移轉,09840000
RPQNMLMKKHLGFIB97DA,武德段,.30,都市：其他:學校用地,320,10,持分移轉,09840000
RPTNMLMJLHLGFGB08DA,保民段,251.73,都市：其他:乙種工業區,1,1,全筆移轉,07820001
RPQNMLSJMHLGFDB18DA,豐原段,72.50,都市：其他:第二種商業區,4,2,持分移轉,07780091
RPQNMLRJMHLGFHB48DA,自強段,13.25,都市：其他:農業區,93,1,持分移轉,21400005
RPPNMLLMLHLGFFB77DA,南簡段,12.98,都市：其他:第一種商業區,100000,624,持分移轉,09500002
RPQNMLRJMHLGFHB48DA,自強段,.06,都市：其他:農業區,93,1,持分移轉,21420144
RPQNMLRJMHLGFHB48DA,自強段,.08,都市：其他:農業區,93,1,持分移轉,21420164
RPQNMLRJMHLGFHB48DA,自強段,61.00,都市：其他:農業區,1,1,全筆移轉,21420176
RPQNMLRJMHLGFHB48DA,自強段,2.66,都市：其他:農業區,93,1,持分移轉,21610004
RPWOMLRJMHLGFBB58DA,太原段,27.14,都市：其他:第三種住宅區。,100000,137,持分移轉,01400001
RPUNMLNJLHLGFIB48DA,光正段,1.36,非都市：工業區 ; 非都市編定：丁種建築用地,25,1,持分移轉,02740068
RPTSNLMJMHLGFBB28DA,文北段,20.42,都市：其他:第二之一種住宅區,100000,468,持分移轉,00130000
RPUNMLNJLHLGFIB48DA,光正段,2.74,非都市：工業區 ; 非都市編定：丁種建築用地,25,1,持分移轉,02740075
RPUNMLNJLHLGFIB48DA,光正段,93.80,非都市：工業區 ; 非都市編定：丁種建築用地,1,1,全筆移轉,02740087
RPPNMLOLLHLGFFB97DA,銀聯段,27.71,都市：其他:第四種住宅區,100000,3425,持分移轉,17300000
RPUNMLQKLHLGFDB38DA,三村段,22.94,都市：其他:第三種住宅區。,10000,424,持分移轉,10250000
RPQNMLSJMHLGFBB08EA,環中段,176.39,都市：其他:第一之一種住宅區,1,1,全筆移轉,01700000
RPPNMLRJMHLGFFB28EA,朝天段,328.90,都市：其他:農業區,60,12,持分移轉,09620000
RPQOMLMJMHLGFBB47DA,大貴段,832.01,都市：其他:特二種住宅區,1,1,全筆移轉,00010071
RPQOMLMJMHLGFBB47DA,大富段,204.83,都市：其他:特二種住宅區,1,1,全筆移轉,00970031
RPTNMLMJMHLGFGB18DA,石圍墻一段,139.96,非都市：山坡地保育區 ; 非都市編定：農牧用地,1,1,全筆移轉,07690001
RPVNMLTJMHLGFJB76DA,茶寮段,19.84,非都市：山坡地保育區 ; 非都市編定：丙種建築用地,7984000,63472,持分移轉,00240000
RPVNMLTJMHLGFJB76DA,茶寮段,383.01,非都市：山坡地保育區 ; 非都市編定：丙種建築用地,1,1,全筆移轉,00710000
RPVOMLSJMHLGFAB48DA,麻園頭段,5.00,都市：其他:第一種商業區,1,1,全筆移轉,06070004
RPVOMLSJMHLGFAB48DA,麻園頭段,75.00,都市：其他:第一種商業區,1,1,全筆移轉,06140000
RPQNMLTJMHLGFBB18EA,太原段,99.90,都市：其他:第二種住宅區,1,1,全筆移轉,01260064
RPQNMLTJMHLGFBB18EA,太原段,1.67,都市：其他:第二種住宅區,252,7,持分移轉,01260065
RPQNMLTJMHLGFBB18EA,太原段,1.39,都市：其他:第二種住宅區,216,2,持分移轉,01260098
RPRNMLPLLHLGFAB77DA,科博段,9.86,都市：其他:第二種住宅區及第三種住宅區,10000,45,持分移轉,04130000
RPWQMLKMLHLGFIB98DA,九德段,124.49,都市：其他:道路用地,14,3,持分移轉,00750000
RPTOMLRKLHLGFBB28DA,乾溝子段,37.62,都市：其他:第二種住宅區,5000,114,持分移轉,01140003
RPWQMLKMLHLGFIB98DA,九德段,54.46,都市：其他:道路用地,14,3,持分移轉,00750006
RPQNMLTJLHLGFAB87DA,樹子腳段,16.36,都市：其他:第三種住宅區。,10000,29,持分移轉,09460000
RPVNMLQKLHLGFCB38DA,中正段,7.84,都市：其他:第三種商業區,100000,195,持分移轉,01550000
RPQPMLLJMHLGFBB47DA,北屯段,52.98,都市：其他:乙種工業區,600,163,持分移轉,01590102
RPSNMLOLLHLGFCB97DA,上石碑段,9.57,都市：其他:第三種商業區,10000,35,持分移轉,10650000
RPQNMLKKMHLGFAB17DA,美舘段,.28,都市：其他:道路用地,10000,458,持分移轉,03440000
RPQNMLKKMHLGFAB17DA,美舘段,15.55,都市：其他:第二種商業區,10000,458,持分移轉,03450000
RPPOMLNLLHLGFAB47DA,旱新段,14.12,都市：其他:第二之一種商業區,300000,841,持分移轉,08090000
RPUNMLTJMHLGFAB38DA,美舘段,1.98,都市：其他:第二種住宅區,30000,1800,持分移轉,00290000
RPUNMLTJMHLGFAB38DA,美舘段,36.00,都市：其他:第二種住宅區,10000,381,持分移轉,00320000
RPWNMLLMLHLGFDB28DA,豐原段,84.00,都市：其他:第二種住宅區,1,1,全筆移轉,08840121
RPPNMLKKMHLGFDB37DA,豐年段,11.77,都市：其他:甲種工業區,1,1,全筆移轉,12610000
RPPNMLKKMHLGFDB37DA,豐年段,7.46,都市：其他:甲種工業區,1,1,全筆移轉,12620000
RPSPMLPLKHLGFCB18DA,大新段,25.23,都市：其他:第二種住宅區,77100,2523,持分移轉,04000000
RPRNMLOLLHLGFHB38DA,大新段,13.51,都市：其他:第一之二種住宅區,100000,386,持分移轉,06650000
RPXNMLTJMHLGFDB98DA,國豐段,49.08,都市：其他:農業區,1,1,全筆移轉,11690000
RPROMLLMLHLGFEB97DA,永豐段,1000.00,非都市：一般農業區 ; 非都市編定：農牧用地,412227,100000,持分移轉,02290000
RPPNMLTJMHLGFJB78DA,育賢段,114.11,都市：其他:住宅區,1,1,全筆移轉,00260012
RPRNMLSJMHLGFIB78DA,新長壽段,33.42,都市：其他:第二種住宅區,100000,427,持分移轉,00650000
RPUVMLMJMHLGFJB76DA,育賢段,18.05,都市：其他:住宅區,200000,420,持分移轉,02010008
RPTNMLSJMHLGFCB38DA,惠安段,5.92,都市：其他:第四之一種商業區,100000,73,持分移轉,02230000
RPPNMLKKMHLGFIB97EA,新長壽段,26.25,都市：其他:第二種住宅區,100000,753,持分移轉,01020000
RPTOMLKKMHLGFIB38DA,大忠段,78.05,都市：其他:住宅區,1,1,全筆移轉,03410006
RPTOMLKKMHLGFIB38DA,大忠段,31.03,都市：其他:住宅區,9,2,持分移轉,03410008
RPTNMLOLKHLGFJB68DA,豐中段,23.11,都市：其他:住宅區,100000,1054,持分移轉,00630005
RPXNMLSJMHLGFCB78DA,惠民段,37.38,都市：其他:第一種新市政中心專用區,100000,1203,持分移轉,00990000
RPSQMLOJKHLGFBB87DA,松昌段,31.87,都市：其他:第二種住宅區,100000,486,持分移轉,04120000
RPOPMLKKLHLGFFB57DA,犁份東段,834.05,都市：其他:保護區,1,1,全筆移轉,01950002
RPTNMLTJLHLGFBB28DA,太和段,16.40,都市：其他:第三種住宅區。,100000,365,持分移轉,00460000
RPSNMLQJLHLGFAB77DA,尚武段,18.14,都市：其他:第五種住宅區,100000,3650,持分移轉,05160000
RPUNMLTJMHLGFBB48DA,太原段,18.57,都市：其他:第三種住宅區。,100000,92,持分移轉,01400004
RPUOMLTJLHLGFBB48DA,東峰段,31.59,都市：其他:第二種住宅區,100000,860,持分移轉,02670007
RPOPMLRJMHLGFBB87DA,太順段,22.20,都市：其他:第三種住宅區。,10000,45,持分移轉,00480000
RPQNMLLMLHLGFBB47DA,長安段,15.05,都市：其他:第二種住宅區,1000,35,持分移轉,02480000
RPQNMLLMLHLGFBB47DA,長安段,1.16,都市：其他:第二種住宅區,1000,35,持分移轉,02600005
RPWVMLKKMHLGFBB68DA,中清段,28.26,都市：其他:第二種住宅區,28,2,持分移轉,05610000
RPWVMLKKMHLGFBB68DA,中清段,47.16,都市：其他:第二種住宅區,1,1,全筆移轉,05610004
RPWVMLKKMHLGFBB68DA,中清段,.05,都市：其他:第二種住宅區,10000,10,持分移轉,05610014
RPOPMLLJMHLGFJB08DA,育賢段,16.68,都市：其他:住宅區,10000,45,持分移轉,02020004
RPUPMLMKLHLGFCB08DA,永定段,21.28,都市：其他:第二種住宅區,10000,143,持分移轉,05900000
RPQNMLQJLHLGFFB08DA,三民段,118.00,都市：其他:第四種住宅區,1,1,全筆移轉,16750006
RPPNMLMKLHLGFDB47DA,豐南段,9.08,都市：其他:第二種住宅區,10000,119,持分移轉,00520000
RPOOMLSJMHLGFCB97DA,建功段,9.39,都市：其他:第五種住宅區,100000,115,持分移轉,00040000
RPPNMLMKLHLGFDB47DA,豐南段,12.80,都市：其他:第二種住宅區,10000,119,持分移轉,00520001
RPQPMLRJMHLGFBB08DA,昌平段,154.16,都市：其他:第一種住宅區,1,1,全筆移轉,00640005
RPTVOLNJLHLGFBB68DA,北屯段,36.14,都市：其他:第二種住宅區,100000,3882,持分移轉,01590009
RPTVOLNJLHLGFBB68DA,北屯段,98.00,都市：其他:第二種住宅區,1,1,全筆移轉,01590164
RPTVOLNJLHLGFBB68DA,北屯段,3.30,都市：其他:第三種住宅區。,100000,3882,持分移轉,01590424
RPTVOLNJLHLGFBB68DA,北屯段,.08,都市：其他:第二種住宅區,100000,3882,持分移轉,01590425
RPRPMLMJMHLGFFB08DA,南簡段,87.00,都市：其他:第四種住宅區,1,1,全筆移轉,09850034
RPRNMLRJMHLGFHB58DA,中山段,976.72,都市：其他:農業區,1,1,全筆移轉,01530001
RPRNMLSJMHLGFKB98DA,竹師段,208.19,都市：其他:第四種住宅區,4,2,持分移轉,13010000
RPRNMLSJMHLGFKB98DA,竹師段,.55,都市：其他:道路用地,4,2,持分移轉,13010001
RPUOMLKLLHLGFFB18DA,興農段,1.05,都市：其他:第四種住宅區,100000,570,持分移轉,07890000
RPUOMLKLLHLGFFB18DA,興農段,32.02,都市：其他:第四種住宅區,100000,1927,持分移轉,08250000
RPQNMLSJMHLGFHB58DA,忠雅段,82.09,都市：其他:農業區,1,1,全筆移轉,05300000
RPQNMLSJMHLGFHB58DA,忠雅段,27.71,都市：其他:農業區,36,1,持分移轉,05390000
RPWNMLTJLHLGFIB66DA,益民段,15.98,都市：其他:住宅區,10,2,持分移轉,09260000
RPSNMLTJMHLGFJB09DA,興隆段,89.77,非都市：鄉村區 ; 非都市編定：乙種建築用地,1,1,全筆移轉,04480000
RPXNMLRLLHLGFJB86DA,育賢段,18.13,都市：其他:住宅區,100000,211,持分移轉,02010007
RPRNMLTJMHLGFJB98DA,興隆段,96.28,非都市：鄉村區 ; 非都市編定：乙種建築用地,1,1,全筆移轉,04470000
RPTNMLLJMHLGFAB47DA,樹子腳段,17.68,都市：其他:第三種住宅區。,1000000,2666,持分移轉,04410000
RPTOMLLKLHLGFAB57DA,下橋子頭段,16.94,都市：其他:第一種商業區,100000,1800,持分移轉,01300120
RPTOMLLKLHLGFAB57DA,下橋子頭段,2.84,都市：其他:第二種住宅區,100000,1800,持分移轉,01300126
RPUNMLRJMHLGFBB28DA,洲際段,33.39,都市：其他:第一之一種住宅區,10000,67,持分移轉,00230000
RPQPMLOLKHLGFBB77DA,新賴厝廍二段,.23,都市：其他:第二種住宅區,100000,421,持分移轉,10530000
RPQPMLOLKHLGFBB77DA,新賴厝廍二段,8.04,都市：其他:第二種住宅區,100000,421,持分移轉,10560000
RPQOMLOJKHLGFBB47DA,太原段,19.41,都市：其他:第三種住宅區。,100000,98,持分移轉,01400001
RPTOMLRJMHLGFFB68DA,民權段,7.58,都市：其他:第四種住宅區,10000,219,持分移轉,14320000
RPSNMLRJMHLGFHB68DA,中山段,98.55,都市：其他:農業區,1,1,全筆移轉,01530003
RPSNMLRJMHLGFHB68DA,中山段,54.36,都市：其他:農業區,5,1,持分移轉,01540000
RPQNMLKKMHLGFCB37DA,中義段,107.00,都市：其他:第二種住宅區,1,1,全筆移轉,10620000
RPUOMLTJMHLGFCB68DA,福星段,27.17,都市：其他:第二種住宅區,100000,2959,持分移轉,02380000
RPSNMLNJLHLGFDB77DA,新中社段,180.02,非都市：特定農業區 ; 非都市編定：甲種建築用地,21,3,持分移轉,15770000
RPSNMLNJLHLGFDB77DA,新中社段,21.43,非都市：特定農業區 ; 非都市編定：農牧用地,21,3,持分移轉,15780000
RPSNMLNJLHLGFDB77DA,新中社段,70.72,非都市：特定農業區 ; 非都市編定：農牧用地,21,3,持分移轉,15790000
RPSNMLNJLHLGFDB77DA,新中社段,74.28,非都市：特定農業區 ; 非都市編定：農牧用地,21,3,持分移轉,15800000
RPSNMLNJLHLGFDB77DA,新中社段,689.69,非都市：特定農業區 ; 非都市編定：農牧用地,1,1,全筆移轉,15810000
RPPNMLRJMHLGFIB48DA,大忠段,15.29,都市：其他:商業區,1000000,3401,持分移轉,00620000
RPQONLMJMHLGFBB57DA,東義段,79.00,都市：其他:第二種住宅區,1,1,全筆移轉,01520004
RPPNMLSLKHLGFAB77DA,下橋子頭段,43.00,都市：其他:第三種住宅區。,1,1,全筆移轉,02680051
RPPNMLTJMHLGFDB18DA,一心段,9.10,都市：其他:第一之一種住宅區,100000,136,持分移轉,06740000
RPPNMLSLKHLGFAB77DA,下橋子頭段,30.00,都市：其他:第三種住宅區。,1,1,全筆移轉,02680066
RPPNMLSLKHLGFAB77DA,下橋子頭段,21.00,都市：其他:第三種住宅區。,1,1,全筆移轉,02680069
RPUNMLPKMHLGFCB28DA,新富段,100.00,都市：其他:第一之C種住宅區,1,1,全筆移轉,06370000
RPRQMLNKMHLGFCB08DA,福德段,15.27,都市：其他:第三種住宅區。,100000,1076,持分移轉,00320000
RPRQMLNKMHLGFCB08DA,福德段,12.95,都市：其他:第二種住宅區,100000,1076,持分移轉,00410000
RPSNMLSJMHLGFFB58DA,西社段,125.25,都市：其他:第四種住宅區,1,1,全筆移轉,01750000
RPSNMLKMLHLGFFB97DA,市鎮南段,9.96,都市：其他:第四種商業區,100000,90,持分移轉,01330000
RPTOMLQLKHLGFIB88DA,東湖段,27.59,都市：其他:住宅區,100000,1066,持分移轉,04210000
RPRNMLLKLHLGFGB87DA,水底寮段上水底寮小段,90.00,非都市：鄉村區 ; 非都市編定：乙種建築用地,1,1,全筆移轉,02080002
RPPNMLPLLHLGFJB48DA,育賢段,21.59,都市：其他:住宅區,10000,34,持分移轉,01840004
RPRNMLNKMHLGFCB77DA,西屯段,.08,都市：其他:第三種商業區,1000000,4830,持分移轉,23870026
RPRNMLNKMHLGFCB77DA,西屯段,.01,都市：其他:第三種商業區,1000000,4830,持分移轉,23870081
RPRNMLNKMHLGFCB77DA,上石碑段,8.08,都市：其他:第三種商業區,1000000,4830,持分移轉,26840000
RPRNMLNKMHLGFCB77DA,西屯段,.07,都市：其他:第三種商業區,1000000,4830,持分移轉,32740000
RPVNMLNKMHLGFHB68DA,自強段,24.54,非都市：特定農業區 ; 非都市編定：甲種建築用地,10000,194,持分移轉,18560000
RPVNMLNKMHLGFHB68DA,自強段,3.59,非都市：特定農業區 ; 非都市編定：農牧用地,10000,194,持分移轉,18590000
RPVNMLNKMHLGFHB68DA,自強段,4.52,非都市：特定農業區 ; 非都市編定：農牧用地,10000,194,持分移轉,18640000
RPTNMLQKLHLGFAB97DA,樹子腳段,24.98,都市：其他:第二種住宅區,122,2,持分移轉,13240000
RPTNMLPLLHLGFKB98DA,新庄段,69.05,非都市：鄉村區 ; 非都市編定：乙種建築用地,1,1,全筆移轉,02930000
RPTNMLQKLHLGFAB97DA,樹子腳段,58.00,都市：其他:第二種住宅區,1,1,全筆移轉,13240016
RPTNMLQKLHLGFAB97DA,樹子腳段,5.53,都市：其他:第二種住宅區,50550,829,持分移轉,13320000
RPTNMLPLLHLGFKB98DA,新庄段,.14,非都市：鄉村區 ; 非都市編定：乙種建築用地,1,1,全筆移轉,02940000
RPXNMLKLLHLGFAB87DA,大益段,14.24,都市：其他:第二種住宅區,100000,1084,持分移轉,11140000
RPTOMLOKMHLGFAB97DA,正義段九小段,7.23,都市：其他:第二種住宅區,100000,561,持分移轉,00080015
RPTOMLOKMHLGFAB97DA,正義段九小段,6.00,都市：其他:第一種商業區,100000,561,持分移轉,00090000
RPTOMLOKMHLGFAB97DA,正義段九小段,.01,都市：其他:第二種住宅區,100000,561,持分移轉,00110077
RPPNMLRJKHLGFAB47DA,土庫段,17.18,都市：其他:第二種住宅區,10000,113,持分移轉,00450000
RPPNMLNKMHLGFBB57EA,新賴厝廍二段,79.96,都市：其他:第二種住宅區,1,1,全筆移轉,05110000
RPSVMLKKMHLGFBB28DA,文北段,25.00,都市：其他:第二之一種住宅區,10000,42,持分移轉,00260000
RPVOMLMKLHLGFCB08DA,順和段,10.97,都市：其他:第二種住宅區,10000,300,持分移轉,03140000
RPSSMLOJLHLGFCB28DA,惠安段,5.68,都市：其他:第四之一種商業區,100000,70,持分移轉,02230000
RPSPMLOKMHLGFCB18DA,春社段,44.00,都市：其他:第三之二種住宅區,1,1,全筆移轉,03870000
RPTNMLSKLHLGFCB38DA,上石碑段,8.51,都市：其他:第三之二種住宅區,100000,397,持分移轉,18050002
RPSNMLKKMHLGFDB67DA,西湳段,1735.25,都市：其他:農業區,1,1,全筆移轉,02960000
RPQNMLKKLHLGFFB57DA,正義段,.23,都市：其他:第二種住宅區,6804,1,持分移轉,04840000
RPVNMLPKMHLGFCB38DA,惠信段,12.13,都市：其他:第五種住宅區,100000,430,持分移轉,00950000
RPPNMLKKLHLGFFB47DA,正義段,.20,都市：其他:第二種住宅區,163296000,24000,持分移轉,04730000
RPPNMLKKLHLGFFB47DA,正義段,.02,都市：其他:道路用地,1306368,192,持分移轉,04740000
RPPNMLKKLHLGFFB47DA,正義段,.19,都市：其他:第二種住宅區,32659200,4800,持分移轉,04750000
RPPNMLKKLHLGFFB47DA,正義段,.19,都市：其他:第二種住宅區,163296000,24000,持分移轉,04780000
RPPNMLKKLHLGFFB47DA,正義段,.05,都市：其他:第二種住宅區,32659200,4800,持分移轉,04790000
RPPNMLKKLHLGFFB47DA,正義段,.05,都市：其他:第二種住宅區,163296000,24000,持分移轉,04980000
RPPNMLKKLHLGFFB47DA,正義段,.10,都市：其他:第二種住宅區,32659200,4800,持分移轉,04990000
RPPNMLKKLHLGFFB47DA,正義段,.03,都市：其他:第二種住宅區,163296000,24000,持分移轉,05020000
RPPNMLKKLHLGFFB47DA,正義段,.03,都市：其他:第二種住宅區,163296000,24000,持分移轉,05040000
RPPNMLKKLHLGFFB47DA,正義段,.11,都市：其他:第二種住宅區,163296000,24000,持分移轉,05060000
RPPNMLKKLHLGFFB47DA,正義段,.17,都市：其他:第二種住宅區,816480,120,持分移轉,05080000
RPPNMLKKLHLGFFB47DA,正義段,.09,都市：其他:第二種住宅區,32659200,4800,持分移轉,05190000
RPPNMLKKLHLGFFB47DA,正義段,.49,都市：其他:第二種住宅區,816480000,120000,持分移轉,05220000
RPPNMLKKLHLGFFB47DA,正義段,.00,都市：其他:第二種住宅區,163296000,24000,持分移轉,05230000
RPPNMLKKLHLGFFB47DA,正義段,.00,都市：其他:第二種住宅區,32659200,4800,持分移轉,05270000
RPPNMLKKLHLGFFB47DA,正義段,.03,都市：其他:第二種住宅區,816480,120,持分移轉,05280000
RPPNMLKKLHLGFFB47DA,正義段,.00,都市：其他:第二種住宅區,32659200,4800,持分移轉,05290000
RPPNMLKKLHLGFFB47DA,正義段,.00,都市：其他:道路用地,32659200,4800,持分移轉,05300000
RPPNMLKKLHLGFFB47DA,正義段,.25,都市：其他:第二種住宅區,32659200,4800,持分移轉,05380000
RPPNMLKKLHLGFFB47DA,正義段,.00,都市：其他:第二種住宅區,32659200,4800,持分移轉,05390000
RPPNMLKKLHLGFFB47DA,正義段,.01,都市：其他:道路用地,32659200,4800,持分移轉,05620000
RPPNMLKKLHLGFFB47DA,正義段,.01,都市：其他:第二種住宅區,32659200,4800,持分移轉,05630000
RPPNMLKKLHLGFFB47DA,正義段,.39,都市：其他:第二種住宅區,408240,60,持分移轉,12770000
RPPNMLKKLHLGFFB47DA,正義段,.03,都市：其他:第二種住宅區,408240,60,持分移轉,13050000
RPTNMLRLLHLGFFB68DA,興安西段,26.81,都市：其他:第四種住宅區,100000,1271,持分移轉,02050000
RPROMLQJLHLGFIB58DA,東榮段,14.99,都市：其他:住宅區,100000,1446,持分移轉,00400000
RPROMLQJLHLGFIB58DA,東榮段,2.09,都市：其他:住宅區,100000,1446,持分移轉,00410000
RPROMLQJLHLGFIB58DA,東榮段,11.07,都市：其他:住宅區,100000,1446,持分移轉,00420000
RPROMLQJLHLGFIB58DA,東榮段,1.44,都市：其他:住宅區,100000,1446,持分移轉,00450000
RPROMLQJLHLGFIB58DA,東榮段,1.43,都市：其他:住宅區,100000,1446,持分移轉,00460000
RPUNMLRLLHLGFIB09DA,夏田西段,17.79,非都市：鄉村區 ; 非都市編定：乙種建築用地,2,1,持分移轉,09160000
RPPNMLLJMHLGFJB97DA,壽平段,1.48,都市：其他:第一種住宅區,10000,296,持分移轉,07890001
RPRNMLPKMHLGFIB58DA,東城段,82.78,都市：其他:住宅區,1,1,全筆移轉,13000000
RPRNMLPKMHLGFIB58DA,東城段,80.22,都市：其他:住宅區,1,1,全筆移轉,13010000
RPRNMLPKMHLGFIB58DA,東城段,10.75,都市：其他:住宅區,1,1,全筆移轉,13010001
RPPNMLLJMHLGFJB97DA,壽平段,18.65,都市：其他:第一種住宅區,10000,296,持分移轉,07900000
RPRNMLNLKHLGFIB28DA,健民段,90.15,非都市：鄉村區 ; 非都市編定：乙種建築用地,1,1,全筆移轉,03330094
RPSNMLRJMHLGFFB48DA,公館北段,6.59,都市：其他:第二種住宅區,100000,1791,持分移轉,05680037
RPWNMLNKMHLGFHB78DA,嘉仁段,7.62,非都市：特定農業區 ; 非都市編定：農牧用地,1000000,45644,持分移轉,00030024
RPSNMLRJMHLGFFB48DA,公館北段,2.19,都市：其他:第二種住宅區,100000,1791,持分移轉,05680050
RPWNMLNKMHLGFHB78DA,嘉仁段,18.68,非都市：特定農業區 ; 非都市編定：甲種建築用地,1000,46,持分移轉,00040007
RPWNMLNKMHLGFHB78DA,嘉仁段,47.55,非都市：特定農業區 ; 非都市編定：甲種建築用地,1,1,全筆移轉,00040021
RPWNMLNKMHLGFHB78DA,嘉仁段,.18,非都市：特定農業區 ; 非都市編定：甲種建築用地,1000,50,持分移轉,00050001
RPSNMLRJMHLGFFB48DA,公館北段,99.25,都市：其他:第二種住宅區,1,1,全筆移轉,05680091
RPSNMLRJMHLGFFB48DA,公館北段,25.17,都市：其他:第二種住宅區,100000,1791,持分移轉,05680103
RPQNMLKLMHLGFIB18EA,健民段,206.50,非都市：鄉村區 ; 非都市編定：乙種建築用地,1,1,全筆移轉,04760073
SPPNMLOKMHLGFKB58DA,福安段,90.31,都市：其他:乙種工業區,1,1,全筆移轉,00480000
SPPNMLOKMHLGFKB58DA,福安段,586.54,都市：其他:乙種工業區,1,1,全筆移轉,00500000
RPPNMLOKMHLGFKB48DA,福安段,568.86,都市：其他:乙種工業區,1,1,全筆移轉,00510000
RPPNMLOKMHLGFKB48DA,福安段,16.08,都市：其他:乙種工業區,1,1,全筆移轉,00530000
RPQNMLKKMHLGFKB18DA,遊園段,1200.03,非都市：一般農業區 ; 非都市編定：農牧用地,100000,49455,持分移轉,06130000
RPSNMLQKLHLGFAB87DA,正義段九小段,19.12,都市：其他:第一種商業區,10000,291,持分移轉,00010003
RPSNMLQKLHLGFAB87DA,正義段九小段,6.34,都市：其他:第二種住宅區,10000,291,持分移轉,00010004
RPWOMLNKMHLGFAB18DA,東橋段,86.42,都市：其他:第二種住宅區,1,1,全筆移轉,07400000
RPQNMLRJLHLGFAB67DA,後壠子段,9.91,都市：其他:第二種住宅區,10000,135,持分移轉,01780060
RPXNMLKKMHLGFAB87DA,後壠子段,8.46,都市：其他:第二種商業區,100000,488,持分移轉,00990000
RPQNMLNKKHLGFBB37DA,仁和段,3.66,都市：其他:第一種商業區,10000,27,持分移轉,05130000
RPXNMLKKMHLGFAB87DA,後壠子段,4.83,都市：其他:第一種商業區,100000,488,持分移轉,01000000
RPXNMLKKMHLGFAB87DA,後壠子段,.00,都市：其他:第一種商業區,100000,488,持分移轉,01000002
RPQNMLNKKHLGFBB37DA,仁和段,5.90,都市：其他:第一種商業區,10000,27,持分移轉,05240000
RPQNMLNKKHLGFBB37DA,仁和段,2.45,都市：其他:第一種商業區,10000,27,持分移轉,05260000
RPQNMLNKKHLGFBB37DA,仁和段,3.55,都市：其他:第一種商業區,10000,27,持分移轉,05280000
RPRNMLNKKHLGFDB67DA,新中社段,1864.31,非都市：特定農業區 ; 非都市編定：農牧用地,1,1,全筆移轉,12580000
RPRNMLNKKHLGFDB67DA,新中社段,260.40,非都市：特定農業區 ; 非都市編定：甲種建築用地,1,1,全筆移轉,12580001
RPOQMLNKMHLGFBB67DA,昌平段,439.34,都市：其他:第一種住宅區,1,1,全筆移轉,04280000
RPOPMLMKLHLGFCB47DA,保安段,26.97,都市：其他:第二種住宅區,100000,570,持分移轉,04620000
RPSNMLOKMHLGFEB18DA,雁門段,14.22,都市：其他:住宅區,100000,1873,持分移轉,06390000
RPXOMLMKKHLGFBB08DA,太祥段,20.76,都市：其他:第三種住宅區。,100000,1246,持分移轉,01090000
RPXOMLMKKHLGFBB08DA,太祥段,.79,都市：其他:第一種住宅區,100000,1246,持分移轉,01090001
RPWOMLSJMHLGFCB78DA,上石碑段,8.33,都市：其他:第三之二種住宅區,10000,81,持分移轉,21060003
RPSNMLKKLHLGFFB77DA,正義段,.06,都市：其他:第二種住宅區,27216,1,持分移轉,04840000
RPPQMLNKMHLGFCB87DA,福星段,17.33,都市：其他:第二種住宅區,10000,109,持分移轉,03250000
RPPQMLNKMHLGFCB87DA,福星段,3.42,都市：其他:第三種住宅區。,10000,109,持分移轉,03280000
RPRNMLKKLHLGFFB67DA,正義段,.05,都市：其他:第二種住宅區,163296000,6000,持分移轉,04730000
RPRNMLKKLHLGFFB67DA,正義段,.01,都市：其他:道路用地,1306368,48,持分移轉,04740000
RPRNMLKKLHLGFFB67DA,正義段,.05,都市：其他:第二種住宅區,32659200,1200,持分移轉,04750000
RPRNMLKKLHLGFFB67DA,正義段,.05,都市：其他:第二種住宅區,163296000,6000,持分移轉,04780000
RPRNMLKKLHLGFFB67DA,正義段,.01,都市：其他:第二種住宅區,32659200,1200,持分移轉,04790000
RPRNMLKKLHLGFFB67DA,正義段,.01,都市：其他:第二種住宅區,163296000,6000,持分移轉,04980000
RPRNMLKKLHLGFFB67DA,正義段,.03,都市：其他:第二種住宅區,32659200,1200,持分移轉,04990000
RPRNMLKKLHLGFFB67DA,正義段,.01,都市：其他:第二種住宅區,163296000,6000,持分移轉,05020000
RPRNMLKKLHLGFFB67DA,正義段,.01,都市：其他:第二種住宅區,163296000,6000,持分移轉,05040000
RPRNMLKKLHLGFFB67DA,正義段,.03,都市：其他:第二種住宅區,163296000,6000,持分移轉,05060000
RPRNMLKKLHLGFFB67DA,正義段,.04,都市：其他:第二種住宅區,816480,30,持分移轉,05080000
RPRNMLKKLHLGFFB67DA,正義段,.02,都市：其他:第二種住宅區,32659200,1200,持分移轉,05190000
RPRNMLKKLHLGFFB67DA,正義段,.12,都市：其他:第二種住宅區,816480000,30000,持分移轉,05220000
RPRNMLKKLHLGFFB67DA,正義段,.00,都市：其他:第二種住宅區,163296000,6000,持分移轉,05230000
RPRNMLKKLHLGFFB67DA,正義段,.00,都市：其他:道路用地,32659200,1200,持分移轉,05270000
RPRNMLKKLHLGFFB67DA,正義段,.01,都市：其他:第二種住宅區,816480,30,持分移轉,05280000
RPRNMLKKLHLGFFB67DA,正義段,.00,都市：其他:第二種住宅區,32659200,1200,持分移轉,05290000
RPRNMLKKLHLGFFB67DA,正義段,.00,都市：其他:道路用地,32659200,1200,持分移轉,05300000
RPRNMLKKLHLGFFB67DA,正義段,.06,都市：其他:第二種住宅區,32659200,1200,持分移轉,05380000
RPRNMLKKLHLGFFB67DA,正義段,.00,都市：其他:第二種住宅區,32659200,1200,持分移轉,05390000
RPRNMLKKLHLGFFB67DA,正義段,.00,都市：其他:道路用地,32659200,1200,持分移轉,05620000
RPRNMLKKLHLGFFB67DA,正義段,.00,都市：其他:第二種住宅區,32659200,1200,持分移轉,05630000
RPRNMLKKLHLGFFB67DA,正義段,.10,都市：其他:第二種住宅區,408240,15,持分移轉,12770000
RPRNMLKKLHLGFFB67DA,正義段,.01,都市：其他:第二種住宅區,408240,15,持分移轉,13050000
RPQUNLOLLHLGFFB88DA,梧棲段,4.06,都市：其他:第三種商業區,100000,562,持分移轉,27260000
RPPNMLQKMHLGFAB77EA,下橋子頭段,40.64,都市：其他:第三種住宅區。,36,1,持分移轉,02610012
RPSPMLQJKHLGFBB97DA,碧柳段,14.77,都市：其他:第二種商業區,1000000,4120,持分移轉,02820000
RPTNMLKKMHLGFKB48DA,龍山段,10.38,都市：其他:第二種商業區,10000,68,持分移轉,08150000
RPSOMLQLLHLGFBB18DA,松觀段,30.01,都市：其他:第二種住宅區,100000,1820,持分移轉,01020000
RPPNMLLKMHLGFKB18DA,中蔗段,34.25,非都市：鄉村區 ; 非都市編定：乙種建築用地,4,1,持分移轉,09010000
RPVOMLQLLHLGFCB58DA,三塊厝段,14.51,都市：其他:第二種住宅區,10000,143,持分移轉,12420000
RPTNMLPLKHLGFBB97DA,錦村段,12.98,都市：其他:第二種住宅區,10000,187,持分移轉,02900001
RPTNMLPLKHLGFBB97DA,錦村段,.82,都市：其他:第一種商業區,10000,187,持分移轉,02900027
RPVOMLQLLHLGFCB58DA,三塊厝段,17.02,都市：其他:第三種住宅區。,10000,143,持分移轉,12420001
RPVOMLQLLHLGFCB58DA,三塊厝段,.01,都市：其他:第二種住宅區,10000,143,持分移轉,12420003
RPQNMLSJMHLGFCB08DA,廣明段,20.56,都市：其他:第二種創新研發專用區,100000,646,持分移轉,08530000
RPWOMLKMLHLGFBB08DA,新賴厝廍二段,.41,都市：其他:第二種住宅區,100000,761,持分移轉,10530000
RPWOMLKMLHLGFBB08DA,新賴厝廍二段,14.53,都市：其他:第二種住宅區,100000,761,持分移轉,10560000
RPRPMLLMLHLGFJB58DA,麗園段,84.02,非都市：鄉村區 ; 非都市編定：乙種建築用地,1,1,全筆移轉,04260004
RPVNMLOLKHLGFFB48DA,東晉段,18.95,都市：其他:第一種商業區,100000,667,持分移轉,00880000
RPTQMLOKMHLGFCB38DA,惠智段,44.20,都市：其他:第二種住宅區,100000,2703,持分移轉,00410000
RPUNMLMKKHLGFDB87DA,大明段,543.37,都市：其他:農業區,1,1,全筆移轉,04290000
RPUNMLMKKHLGFDB87DA,大明段,103.95,都市：其他:農業區,2,1,持分移轉,04460000
RPTNMLTJLHLGFFB68DA,武秀段,13.00,都市：其他:第四種住宅區,1,1,全筆移轉,13860005
RPTNMLTJLHLGFFB68DA,武秀段,25.00,都市：其他:第四種住宅區,1,1,全筆移轉,13860011
RPTNMLTJLHLGFFB68DA,武秀段,54.00,都市：其他:第四種住宅區,1,1,全筆移轉,13860012
RPTNMLTJLHLGFFB68DA,武秀段,30.00,都市：其他:第四種住宅區,1,1,全筆移轉,13860018
RPVNMLPKMHLGFHB88DA,僑興段,31.50,都市：其他:住宅區,10000,184,持分移轉,00200000
RPSNMLLKKHLGFBB37DA,太原段,25.62,都市：其他:第三種住宅區。,100000,204,持分移轉,01340000
RPPOMLRKMHLGFFB38DA,興安西段,31.37,都市：其他:第四種住宅區,100000,1487,持分移轉,02050000
RPSQMLQKMHLGFBB38DA,東新段,19.24,都市：其他:第二種住宅區,75,3,持分移轉,00700000
RPPNMLNKKHLGFJB08DA,聖和段,24.60,非都市：山坡地保育區 ; 非都市編定：丙種建築用地,1,1,全筆移轉,03730000
RPTNMLNLLHLGFIB58DA,北新段,33.05,都市：其他:住宅區,10000,52,持分移轉,10540000
RPPNMLNKKHLGFJB08DA,聖和段,65.35,非都市：山坡地保育區 ; 非都市編定：丙種建築用地,1,1,全筆移轉,03740000
RPUNMLPLLHLGFAB08DA,旱溪段,106.00,都市：其他:第三種住宅區。,1,1,全筆移轉,02000696
RPWNMLOKMHLGFIB98DA,東榮段,59.22,都市：其他:住宅區,1,1,全筆移轉,03640000
RPTNMLPKMHLGFIB78DA,五福北段,1119.37,非都市：特定農業區 ; 非都市編定：農牧用地,1,1,全筆移轉,05860000
RPTNMLPKMHLGFIB78DA,五福北段,1203.96,非都市：特定農業區 ; 非都市編定：農牧用地,1,1,全筆移轉,05920000
RPTNMLQKMHLGFJB98DA,七星段,97.38,非都市：鄉村區 ; 非都市編定：乙種建築用地,1,1,全筆移轉,04000000
RPPNMLOKMHLGFHB18DA,摘星段,27.29,都市：其他:第一之一種住宅區,10000,143,持分移轉,12390000
RPRNMLMJLHLGFGB87DA,新安段,311.93,都市：其他:住宅區,1,1,全筆移轉,08750000
RPVNMLLKKHLGFIB38DA,新峰東段,32.38,都市：其他:住宅區,10000,1623,持分移轉,00500000
RPVNMLLKKHLGFIB38DA,新峰東段,85.25,都市：其他:住宅區,10000,1623,持分移轉,00510000
RPSPMLMJKHLGFFB97DA,市鎮北段,13.45,都市：其他:第四種商業區,100000,277,持分移轉,02380000
RPQNMLLJMHLGFHB87DA,陽明段,33.37,都市：其他:農業區,10000,255,持分移轉,15840000
RPPNMLRLKHLGFAB67DA,下橋子頭段,17.60,都市：其他:第三種住宅區。,100000,1497,持分移轉,01910031
RPXNMLPKMHLGFAB38DA,下橋子頭段,6.72,都市：其他:第一種商業區,100000,410,持分移轉,01240053
RPXNMLPKMHLGFAB38DA,下橋子頭段,6.86,都市：其他:第二種住宅區,100000,410,持分移轉,02030000
RPTOMLKLMHLGFAB67DA,東勢子段,8.84,都市：其他:第二種住宅區,200000,197,持分移轉,00420000
RPTNMLKMLHLGFAB57DA,後壠子段,30.55,都市：其他:第二之一種商業區,100000,420,持分移轉,02390000
RPTNMLRKMHLGFEB58DA,義水段,82.96,都市：其他:住宅區,1,1,全筆移轉,08830005
RPQPMLRKMHLGFCB28DA,中正段,6.72,都市：其他:第三種商業區,100000,167,持分移轉,01550000
RPUNMLRKLHLGFFB68DA,明秀段,82.10,都市：其他:第二種住宅區,1,1,全筆移轉,00700000
RPTNMLKLMHLGFGB18DA,大南段大南小段,168.00,非都市：鄉村區 ; 非都市編定：乙種建築用地,1,1,全筆移轉,01270411
RPQOMLQLLHLGFBB97DA,中德段,8.09,都市：其他:第三種住宅區。,1000000,2444,持分移轉,04660000
RPPNMLRKLHLGFIB48DA,崇光段,12.03,都市：其他:商業區,10000,31,持分移轉,11630000
RPQNMLRJMHLGFIB58DA,長春段,20.95,都市：其他:住宅區,5000,51,持分移轉,00320000
RPTNMLSJMHLGFDB48DA,聯合段,2.36,都市：其他:第一之二種住宅區,10000,464,持分移轉,05200000
RPTNMLSJMHLGFDB48DA,聯合段,12.55,都市：其他:第一之二種住宅區,10000,464,持分移轉,05210000
RPTNMLSJMHLGFDB48DA,聯合段,72.66,都市：其他:第一之二種住宅區,1,1,全筆移轉,05320000
RPTNMLSJMHLGFDB48DA,聯合段,.35,都市：其他:第一之二種住宅區,10000,464,持分移轉,05630000
RPQOMLRJMHLGFFB38DA,銀聯段,150.00,都市：其他:第四種住宅區,1,1,全筆移轉,20500003
RPOOMLKLLHLGFJB97DA,茶寮段,79.40,非都市：鄉村區 ; 非都市編定：乙種建築用地,1,1,全筆移轉,07490000
RPWNMLRLLHLGFJB76DA,育賢段,17.70,都市：其他:住宅區,100000,206,持分移轉,02010008
RPVNMLQKMHLGFJB56DA,竹村段,3045.86,非都市：山坡地保育區 ; 非都市編定：農牧用地,1,1,全筆移轉,03800007
RPRNMLTKMHLGFKB56DA,新東段,14.25,非都市：鄉村區 ; 非都市編定：乙種建築用地,6820000,135718,持分移轉,04890000
RPRNMLTKMHLGFKB56DA,新東段,1.51,非都市：鄉村區 ; 非都市編定：乙種建築用地,10000,199,持分移轉,04900000
RPWOMLLKKHLGFAB77DA,吉龍段,73.99,都市：其他:第一種商業區,1,1,全筆移轉,04420000
RPPNMLLKLHLGFEB47DA,馬鳴段,132.00,非都市：特定農業區 ; 非都市編定：甲種建築用地,1,1,全筆移轉,04700000
RPVNMLTKLHLGFBB58DA,東正段,20.79,都市：其他:第四種商業區,10000,770,持分移轉,01150000
RPPOMLLMLHLGFBB47DA,環中段,21.12,都市：其他:第一之一種住宅區,100,25,持分移轉,01830002
RPOOMLLJMHLGFAB07DA,麻園頭段,29.00,都市：其他:第二種住宅區,1671,29,持分移轉,05750000
RPUOMLKLLHLGFBB77DA,東信段,38.14,都市：其他:第二種住宅區,10000,772,持分移轉,00240000
RPPOMLLMLHLGFBB47DA,環中段,122.23,都市：其他:第一之一種住宅區,1,1,全筆移轉,01830006
RPRNMLMLMHLGFAB57DA,麻園頭段,29.00,都市：其他:第二種住宅區,1,1,全筆移轉,01730014
RPRNMLMLMHLGFAB57DA,麻園頭段,94.00,都市：其他:第二種住宅區,1,1,全筆移轉,01740213
RPRTMLNKLHLGFCB28DA,惠民段,20.61,都市：其他:第六種新市政中心專用區,100000,280,持分移轉,00120000
RPRNMLMLMHLGFAB57DA,麻園頭段,119.00,都市：其他:道路用地,1,1,全筆移轉,01740219
RPRNMLMLMHLGFAB57DA,麻園頭段,319.00,都市：其他:第二種住宅區,1,1,全筆移轉,01740221
RPRNMLMLMHLGFAB57DA,麻園頭段,118.00,都市：其他:第二種住宅區,1,1,全筆移轉,01740234
RPRNMLMLMHLGFAB57DA,麻園頭段,7.00,都市：其他:道路用地,1,1,全筆移轉,01740237
RPRNMLMLMHLGFAB57DA,麻園頭段,46.00,都市：其他:道路用地,1,1,全筆移轉,01740240
RPRNMLMLMHLGFAB57DA,麻園頭段,15.00,都市：其他:第二種住宅區,1,1,全筆移轉,01740258
RPUNMLQJKHLGFIB68DA,九如段,11.05,都市：其他:第三種住宅區。,100000,189,持分移轉,05260000
RPQVMLKKMHLGFBB08DA,軍福段,35.81,都市：其他:第三種住宅區。,4,1,持分移轉,01800000
RPSOMLPKMHLGFBB08DA,北屯段,20.55,都市：其他:第二種住宅區,10000,234,持分移轉,05480027
RPSNMLSJMHLGFAB08DA,麻園頭段,14.50,都市：其他:第三種住宅區。,10090,145,持分移轉,06210000
RPQVMLKKMHLGFBB08DA,軍福段,140.07,都市：其他:第三種住宅區。,1,1,全筆移轉,01800004
RPWPMLOJLHLGFBB28DA,仁和段,74.00,都市：其他:第二種住宅區,1,1,全筆移轉,11270006
RPRQMLLLMHLGFCB97DA,田心段,12.36,都市：其他:第二種住宅區,100000,587,持分移轉,09100000
RPXNMLTKLHLGFFB56DA,梧棲段,6.50,都市：其他:第四種住宅區,10000,216,持分移轉,32030000
RPQNMLMJLHLGFDB47DA,大洲段,23.46,都市：其他:第一之一種住宅區,10000,42,持分移轉,03230000
RPRNMLTJLHLGFEB38DA,永信段,2.01,非都市：特定農業區 ; 非都市編定：甲種建築用地,188,2,持分移轉,00960000
RPUOMLQJLHLGFCB28DA,惠來厝段,27.79,都市：其他:第五之一種住宅區,100000,702,持分移轉,01040000
RPSOMLNKLHLGFCB87DA,寶山段,11.59,都市：其他:第二種住宅區,100000,193,持分移轉,06470000
RPRNMLTJLHLGFEB38DA,永信段,19.90,非都市：特定農業區 ; 非都市編定：甲種建築用地,184,2,持分移轉,00960007
RPRNMLTJLHLGFEB38DA,永信段,64.71,非都市：特定農業區 ; 非都市編定：甲種建築用地,1,1,全筆移轉,00960079
RPRNMLTJLHLGFEB38DA,永信段,.46,非都市：特定農業區 ; 非都市編定：甲種建築用地,188,2,持分移轉,00960091
RPUOMLQJLHLGFCB28DA,惠來厝段,1.16,都市：其他:第二種住宅區,100000,702,持分移轉,01040010
RPRNMLTJLHLGFEB38DA,永信段,1.18,非都市：特定農業區 ; 非都市編定：甲種建築用地,188,2,持分移轉,00960099
RPUOMLQJLHLGFCB28DA,惠來厝段,.62,都市：其他:第二種住宅區,100000,702,持分移轉,01040011
RPUOMLQJLHLGFCB28DA,惠來厝段,.01,都市：其他:第五之一種住宅區,100000,702,持分移轉,01050000
RPVNMLRKLHLGFCB48DA,大墩段,5.49,都市：其他:第二種住宅區,1000,10,持分移轉,03300000
RPSNMLQKLHLGFCB08DA,上石碑段,1.78,都市：其他:第三種商業區,100000,1000,持分移轉,09640000
RPSNMLQKLHLGFCB08DA,上石碑段,1.71,都市：其他:第三種商業區,100000,1000,持分移轉,09760024
RPSNMLQKLHLGFCB08DA,上石碑段,20.17,都市：其他:第三種商業區,100000,1000,持分移轉,27740000
RPVNMLRLLHLGFIB56DA,舊街段,82.05,都市：其他:住宅區,1,1,全筆移轉,03230000
RPPQMLKMLHLGFBB57DA,文北段,26.90,都市：其他:第二之一種住宅區,100000,1327,持分移轉,00350000
RPVOMLLJMHLGFFB28DA,市鎮南段,13.77,都市：其他:第四種商業區,100000,193,持分移轉,01330001
RPXRMLOJLHLGFCB68DA,廣昌段,16.72,都市：其他:第二種住宅區,20000,346,持分移轉,04430000
RPOTMLTJMHLGFBB48DA,錦村段,13.54,都市：其他:第二之一種商業區,100000,120,持分移轉,02430000
RPQNMLKLMHLGFFB77DA,鹿峰西段,15.76,都市：其他:第四種住宅區,10000,46,持分移轉,04380000
RPTOMLLLMHLGFCB97DA,下石碑段,36.14,都市：其他:第二種住宅區,100000,474,持分移轉,05750000
RPUQMLRKMHLGFBB68DA,新賴厝廍一段,44.70,都市：其他:第三種住宅區。,1000,82,持分移轉,00110000
RPQNMLOJLHLGFJB28DA,宜欣段,10.60,都市：其他:住宅區,10000,132,持分移轉,19150000
RPQNMLOJLHLGFJB28DA,宜欣段,.08,都市：其他:住宅區,10000,132,持分移轉,19150001
RPQNMLOJLHLGFJB28DA,宜欣段,.04,都市：其他:住宅區,72,1,持分移轉,19160020
RPPNMLKLMHLGFJB08DA,樹孝段,11.25,都市：其他:商業區,10000,89,持分移轉,01220000
RPSOMLMKLHLGFAB57DA,後壠子段,21.96,都市：其他:第二種住宅區,1000000,94647,持分移轉,01300008
RPTOMLNLLHLGFBB97DA,錦村段,8.05,都市：其他:第三種住宅區。,10000,84,持分移轉,01920028
RPPNMLLLMHLGFHB08EA,興華段,9.17,都市：其他:第一之二種住宅區,10000,28,持分移轉,08140000
RPRPMLTJLHLGFBB28DA,仁德段,11.04,都市：其他:第二種住宅區,20000,126,持分移轉,10340000
RPRPMLTJLHLGFBB28DA,陳平段,6.89,都市：其他:第三種住宅區。,20000,126,持分移轉,20090000
RPRPMLTJLHLGFBB28DA,陳平段,.78,都市：其他:第三種住宅區。,5043,16,持分移轉,20100000
RPSNMLSJMHLGFJB98DA,平欣段,25.09,都市：其他:商業區,10000,54,持分移轉,06940000
RPPOMLKKMHLGFIB97DA,新義段,17.93,都市：其他:商業區,10000,65,持分移轉,00090000
RPRNMLQLLHLGFIB68DA,地利段,17.72,都市：其他:住宅區,100000,918,持分移轉,11490000
RPRNMLQLLHLGFIB68DA,地利段,6.33,都市：其他:商業區,100000,918,持分移轉,11510000
RPSOMLRJMHLGFFB58DA,南簡段,19.76,都市：其他:第四種住宅區,214000,1976,持分移轉,10180000
RPXOMLTJMHLGFCB98DA,大墩段,13.55,都市：其他:第二種住宅區,10000,11,持分移轉,04690000
RPPRMLMKLHLGFFB08DA,新站段,14.08,都市：其他:第四種住宅區,10000,21,持分移轉,00660000
SPUNMLKLMHLGFIB58DA,夏田東段,57.45,非都市：一般農業區 ; 非都市編定：交通用地,5,2,持分移轉,04350000
SPUNMLKLMHLGFIB58DA,夏田東段,139.97,非都市：一般農業區 ; 非都市編定：交通用地,5,2,持分移轉,04980000
SPUNMLKLMHLGFIB58DA,夏田東段,122.82,非都市：一般農業區 ; 非都市編定：交通用地,5,2,持分移轉,04990000
SPUNMLKLMHLGFIB58DA,夏田東段,227.16,非都市：一般農業區 ; 非都市編定：交通用地,5,2,持分移轉,05060000
RPQNMLPJLHLGFGB08DA,石城段,1945.27,都市：其他:農業區,1,1,全筆移轉,03370002
RPQNMLPJLHLGFGB08DA,石城段,38.26,都市：其他:農業區,1,1,全筆移轉,03380000
RPQNMLPJLHLGFGB08DA,石城段,168.42,都市：其他:農業區,1,1,全筆移轉,03390000
RPPNMLLLMHLGFBB47EA,北屯段,7.00,都市：其他:第二種住宅區,1,1,全筆移轉,01940009
RPSNMLQKMHLGFBB18EA,仁和段,4.00,都市：其他:第二種住宅區,1,1,全筆移轉,15030000
RPSNMLQKMHLGFBB18EA,仁和段,223.00,都市：其他:市場用地,1,1,全筆移轉,15040000
RPSNMLQKMHLGFBB18EA,仁和段,87.00,都市：其他:機關用地,1,1,全筆移轉,15070000
RPSNMLQKMHLGFBB18EA,仁和段,1.00,都市：其他:第二種住宅區,1,1,全筆移轉,15960000
RPSNMLQKMHLGFBB18EA,仁和段,14.00,都市：其他:市場用地,1,1,全筆移轉,15970000
RPUNMLKLMHLGFIB48DA,夏田東段,85.91,非都市：一般農業區 ; 非都市編定：農牧用地,4,2,持分移轉,04290000
RPUNMLKLMHLGFIB48DA,夏田東段,443.45,非都市：一般農業區 ; 非都市編定：農牧用地,4,2,持分移轉,04310000
RPUNMLKLMHLGFIB48DA,夏田東段,168.00,非都市：一般農業區 ; 非都市編定：農牧用地,4,2,持分移轉,04360000
RPUNMLKLMHLGFIB48DA,夏田東段,856.49,非都市：一般農業區 ; 非都市編定：農牧用地,4,2,持分移轉,04950000
RPUNMLKLMHLGFIB48DA,夏田東段,299.81,非都市：一般農業區 ; 非都市編定：農牧用地,5,2,持分移轉,04970000
RPUSMLOJLHLGFCB48DA,永豐段,190.88,都市：其他:第一之一種住宅區,1000,125,持分移轉,00610000
RPQPMLNKLHLGFAB57DA,後壠子段,2.00,都市：其他:第三種住宅區。,1,1,全筆移轉,02150011
RPQPMLNKLHLGFAB57DA,後壠子段,3.00,都市：其他:第三種住宅區。,1,1,全筆移轉,02160014
RPQPMLNKLHLGFAB57DA,後壠子段,48.00,都市：其他:第三種住宅區。,1,1,全筆移轉,02160017
RPWNMLOLKHLGFCB28DA,大進段,9.98,都市：其他:第二種住宅區,1000,9,持分移轉,04890000
RPXQMLRJMHLGFCB98DA,建功段,17.38,都市：其他:第五種住宅區,100000,246,持分移轉,00310000
RPXQMLRJMHLGFCB98DA,建功段,.31,都市：其他:第五種住宅區,100000,25,持分移轉,00310001
RPTOMLKLLHLGFCB77DA,南屯段,10.82,都市：其他:第二種住宅區,900000,6219,持分移轉,16020000
RPROMLLJMHLGFIB18DA,仁化段,20.83,都市：其他:住宅區,1000,24,持分移轉,09070000
RPWPMLOKMHLGFCB58DA,大進段,22.96,都市：其他:第二種住宅區,10000,154,持分移轉,06120000
RPVOMLLJMHLGFCB97DA,惠安段,5.51,都市：其他:第四之一種商業區,100000,68,持分移轉,02230000
RPVNMLKKMHLGFIB48DA,新三和段,35.88,都市：其他:第二種住宅區,100000,411,持分移轉,00720000
RPPNMLOLMHLGFAB67EA,大益段,94.00,都市：其他:第二種住宅區,2,1,持分移轉,06230000
RPQNMLKMLHLGFAB27DA,下橋子頭段,64.00,都市：其他:第二種住宅區,1,1,全筆移轉,00280056
RPQNMLKMLHLGFAB27DA,下橋子頭段,2.62,都市：其他:第二種住宅區,1,1,全筆移轉,00280070
RPQNMLKMLHLGFAB27DA,下橋子頭段,2.00,都市：其他:道路用地,1,1,全筆移轉,00280144
RPROMLTKLHLGFAB18DA,下橋子頭段,10.05,都市：其他:第三種住宅區。,100000,530,持分移轉,01860016
RPVNMLKLLHLGFBB77DA,邱厝子段,32.71,都市：其他:第二種住宅區,10000,125,持分移轉,00160004
RPROMLTKLHLGFAB18DA,下橋子頭段,.50,都市：其他:第三種住宅區。,100000,530,持分移轉,01860074
RPPOMLOLLHLGFAB57DA,旱新段,22.51,都市：其他:第一種商業區,100000,1882,持分移轉,02350000
RPPSMLQKMHLGFBB28DA,乾溝子段,12.11,都市：其他:第二種住宅區,100000,3821,持分移轉,01290006
RPOSMLQKMHLGFBB18DA,乾溝子段,12.11,都市：其他:第二種住宅區,100000,3821,持分移轉,01290006
RPPSMLQKMHLGFBB28DA,乾溝子段,.15,都市：其他:第二種住宅區,100000,3821,持分移轉,01300013
RPOSMLQKMHLGFBB18DA,乾溝子段,.15,都市：其他:第二種住宅區,100000,3821,持分移轉,01300013
RPUSNLMJMHLGFBB38DA,乾溝子段,14.06,都市：其他:第二種住宅區,10000,80,持分移轉,01700049
RPUSNLMJMHLGFBB38DA,乾溝子段,.40,都市：其他:第三種住宅區。,10000,80,持分移轉,01730011
RPTNMLLMLHLGFEB08DA,臨江段,67.19,都市：其他:商業區,1,1,全筆移轉,01490000
RPPPMLLLMHLGFAB47DA,麻園頭段,12.54,都市：其他:第三種住宅區。,1000000,2381,持分移轉,01320000
RPTNMLLMLHLGFEB08DA,臨江段,20.46,都市：其他:商業區,1,1,全筆移轉,01680010
RPPQMLMLMHLGFBB77DA,錦村段,55.00,都市：其他:第二種住宅區,1,1,全筆移轉,01090100
RPTNMLRKMHLGFDB48DA,溝心段,22.77,非都市：特定農業區 ; 非都市編定：甲種建築用地,17,1,持分移轉,05830000
RPTNMLRKMHLGFDB48DA,溝心段,.62,非都市：特定農業區 ; 非都市編定：甲種建築用地,17,1,持分移轉,05960000
RPTNMLRKMHLGFDB48DA,溝心段,46.44,非都市：特定農業區 ; 非都市編定：甲種建築用地,1,1,全筆移轉,06080000
RPTNMLRKMHLGFDB48DA,溝心段,.23,非都市：特定農業區 ; 非都市編定：甲種建築用地,33,1,持分移轉,06110000
RPXNMLTJMHLGFFB56DA,文光段,39.92,都市：其他:第四種住宅區,100000,882,持分移轉,09710000
RPQOMLLLMHLGFBB57DA,中清段,28.72,都市：其他:第二種住宅區,10000,548,持分移轉,04870002
RPRNMLTJLHLGFJB88DA,福隆段,76.80,非都市：鄉村區 ; 非都市編定：乙種建築用地,1,1,全筆移轉,08000000
RPPNMLSLMHLGFGB68EA,神木段,7.45,非都市：一般農業區 ; 非都市編定：農牧用地,16,1,持分移轉,03140000
RPUNMLKLMHLGFFB18DA,市鎮北段,22.56,都市：其他:第四種商業區,100000,212,持分移轉,02950000
SPPNMLSLMHLGFGB78EA,神木段,7.45,非都市：一般農業區 ; 非都市編定：農牧用地,16,1,持分移轉,03140000
RPTNMLPJKHLGFAB67DA,下橋子頭段,5.69,都市：其他:第三種住宅區。,10000,24,持分移轉,01860001
RPTNMLPJKHLGFAB67DA,下橋子頭段,5.01,都市：其他:第二種住宅區,10000,24,持分移轉,01860004
RPSNMLRKMHLGFAB08DA,下橋子頭段,86.00,都市：其他:第二種住宅區,1,1,全筆移轉,02990040
RPSOMLOLMHLGFAB97DA,土庫段,32.00,都市：其他:第二種住宅區,1,1,全筆移轉,00560014
RPSOMLOLMHLGFAB97DA,土庫段,192.00,都市：其他:第二種住宅區,1,1,全筆移轉,00570202
RPPNMLNLMHLGFCB67DA,惠民段,38.75,都市：其他:第六種新市政中心專用區,100000,1257,持分移轉,01320000
RPPOMLKLLHLGFCB37DA,民安段,22.63,都市：其他:第三之一種住宅區,100000,580,持分移轉,18860002
RPXOMLQJLHLGFBB48DA,太順段,11.46,都市：其他:第三種住宅區。,10000,48,持分移轉,00030001
RPPPMLMKLHLGFCB57DA,保安段,32.16,都市：其他:第二種住宅區,10000,170,持分移轉,05870000
RPXNMLOLMHLGFBB48DA,平田段,9.52,都市：其他:第二種住宅區,100000,164,持分移轉,04670000
RPRNMLOKMHLGFJB58DA,福星段,127.58,都市：其他:住宅區,1,1,全筆移轉,10040016
RPVOMLPKMHLGFCB48DA,廣昌段,20.09,都市：其他:第二種住宅區,10000,133,持分移轉,05910000
RPVOMLPKMHLGFCB48DA,廣昌段,1.57,都市：其他:第二種住宅區,10000,133,持分移轉,05910001
RPVOMLPKMHLGFCB48DA,廣昌段,.97,都市：其他:第二種住宅區,10000,133,持分移轉,05910002
RPPNMLRLMHLGFKB88DA,新庄段,31.75,非都市：鄉村區 ; 非都市編定：乙種建築用地,10000,224,持分移轉,01940001
RPPNMLOLMHLGFIB38DA,新高鐵段,16.45,都市：其他:商業區,100000,65,持分移轉,00890000
RPTOMLNLMHLGFBB08DA,東信段,16.03,都市：其他:第四種商業區,10000,43,持分移轉,02640000
RPTOMLLMLHLGFAB77DA,旱溪段,66.00,都市：其他:第二種住宅區,1,1,全筆移轉,00470058
RPTOMLLMLHLGFAB77DA,旱溪段,13.18,都市：其他:第二種住宅區,100000,4106,持分移轉,00480000
RPTOMLLMLHLGFAB77DA,旱溪段,3.45,都市：其他:第二種住宅區,100000,3286,持分移轉,00480090
RPQOMLPKMHLGFAB77DA,半平厝段,4.55,都市：其他:第一種商業區,100000,1281,持分移轉,10270000
RPQOMLPKMHLGFAB77DA,半平厝段,18.33,都市：其他:第二種住宅區,100000,1281,持分移轉,10280000
RPPNMLNKMHLGFBB47DA,松竹段,33.63,都市：其他:第二種住宅區,90,1,持分移轉,02820000
RPPPMLNKMHLGFBB67DA,太和段,12.99,都市：其他:第三種住宅區。,10000,76,持分移轉,00420000
RPWNMLTJLHLGFBB58DA,溝背段,24.95,都市：其他:第二之一種住宅區,100000,690,持分移轉,01050000
RPTNMLOKMHLGFEB28DA,幼獅段,33.14,非都市：工業區 ; 非都市編定：丁種建築用地,10000,171,持分移轉,09260003
RPXPMLNLMHLGFBB58DA,松茂段,14.90,都市：其他:第二種住宅區,100000,243,持分移轉,05390000
RPRNMLRKLHLGFKB88DA,龍田段,67.00,都市：其他:農業區,1,1,全筆移轉,18660004
RPRNMLRKLHLGFKB88DA,龍田段,22.60,都市：其他:農業區,5,1,持分移轉,18660006
RPVNMLTJMHLGFEB88DA,朝陽段,35.00,都市：其他:商業區,2,1,持分移轉,11980000
RPVNMLTJMHLGFEB88DA,朝陽段,12.00,都市：其他:市場用地,2,1,持分移轉,11990000
RPRNMLNKMHLGFJB48DA,中華段,29.27,非都市：鄉村區 ; 非都市編定：乙種建築用地,10000,290,持分移轉,00700000
RPTNMLPLLHLGFHB68DA,忠雅段,1484.55,都市：其他:農業區,1,1,全筆移轉,06330000
RPTNMLPLLHLGFHB68DA,忠雅段,1026.15,都市：其他:農業區,1,1,全筆移轉,06330001
RPTNMLPLLHLGFHB68DA,忠雅段,152.28,都市：其他:農業區,1,1,全筆移轉,06350000
RPORMLRJMHLGFCB18DA,建功段,10.94,都市：其他:第五種住宅區,100000,134,持分移轉,00040000
RPTNMLPLLHLGFHB68DA,忠雅段,316.56,都市：其他:農業區,1,1,全筆移轉,06350001
RPOOMLOLMHLGFKB58DA,南王田段,10.10,都市：其他:農業區,1,1,全筆移轉,06170000
RPOOMLRLLHLGFAB77DA,樹子腳段,15.83,都市：其他:第二種商業區,100000,679,持分移轉,09340000
RPQNMLOLMHLGFIB58EA,長壽段,1.55,都市：其他:農業區,1,1,全筆移轉,04030000
RPVNMLQJLHLGFAB08DA,平和段,.10,都市：其他:第二種住宅區,10000,254,持分移轉,00060036
RPVNMLQJLHLGFAB08DA,公館段,24.08,都市：其他:第二種住宅區,10000,254,持分移轉,01510015
RPPNMLRLMHLGFBB08EA,溝背段,20.01,都市：其他:第二之一種住宅區,100000,266,持分移轉,00810000
RPTNMLQLLHLGFAB08DA,下橋子頭段,71.00,都市：其他:第二種住宅區,1,1,全筆移轉,01460023
RPORMLLJMHLGFBB47DA,錦村段,12.47,都市：其他:第三種住宅區。,10000,109,持分移轉,02110000
RPROMLLMLHLGFAB57DA,下橋子頭段,11.38,都市：其他:第三種住宅區。,10000,48,持分移轉,01860001
RPROMLLMLHLGFAB57DA,下橋子頭段,10.01,都市：其他:第二種住宅區,10000,48,持分移轉,01860004
RPURMLKKLHLGFCB08DA,大墩段,17.25,都市：其他:第二種住宅區,10000,14,持分移轉,04690000
RPOOMLOLKHLGFIB18DA,大忠段,74.50,都市：其他:住宅區,1,1,全筆移轉,02710005
RPOOMLOLKHLGFIB18DA,大忠段,9.56,都市：其他:住宅區,10,1,持分移轉,02710018
RPOOMLOLKHLGFIB18DA,大忠段,9.56,都市：其他:住宅區,10,1,持分移轉,02710019
RPRQMLTJMHLGFBB48DA,錦村段,11.75,都市：其他:第二種住宅區,10000,357,持分移轉,00170007
RPOOMLSJMHLGFBB87DA,東山段,14.77,都市：其他:第三種住宅區。,100000,603,持分移轉,00500000
RPRNMLMJMHLGFCB57DA,信安段,.13,都市：其他:道路用地,1,1,全筆移轉,06960000
RPRNMLMJMHLGFCB57DA,信安段,49.88,都市：其他:道路用地,1,1,全筆移轉,06980001
RPRNMLMJMHLGFCB57DA,信安段,193.94,都市：其他:道路用地,10,2,持分移轉,07000002
RPRNMLMJMHLGFCB57DA,信安段,69.48,都市：其他:道路用地,1,1,全筆移轉,07080001
RPWNMLRJMHLGFIB56DA,新峰東段,25.63,都市：其他:住宅區,10000,195,持分移轉,02760000
RPTNMLKMMHLGFAB67DA,尚武段,96.00,都市：其他:第五種住宅區,1,1,全筆移轉,09110000
RPRNMLOLMHLGFAB77DA,中墩段二小段,21.92,都市：其他:第一種商業區,100000,1382,持分移轉,00050000
RPPOMLTLMHLGFBB28DA,中清段,15.42,都市：其他:第二種住宅區,10000,194,持分移轉,01000000
RPVPMLMLMHLGFCB38DA,黎明段,78.00,都市：其他:第二種住宅區,1,1,全筆移轉,12360000
RPTOMLNKLHLGFCB97DA,大明段,28.04,都市：其他:第二種住宅區,10000,221,持分移轉,00130000
RPQPMLNKMHLGFCB87DA,豐功段,6.75,都市：其他:第四種商業區,100000,153,持分移轉,02520000
RPQNMLTLMHLGFGB78DA,復盛段,116.13,非都市：特定農業區 ; 非都市編定：甲種建築用地,1,1,全筆移轉,05740000
RPPNMLQLMHLGFFB28DA,新站段,22.12,都市：其他:第四種住宅區,10000,33,持分移轉,00660000
RPTNMLNLMHLGFDB18DA,龍宮段,25.00,都市：其他:第一之二種住宅區,250,6,持分移轉,01420000
RPSNMLKLMHLGFHB18DA,中山段,21.24,都市：其他:第一之一種商業區,100000,850,持分移轉,05010000
RPRNMLOLLHLGFKB68DA,藝術段,8.00,都市：其他:第二種住宅區,443,8,持分移轉,06660000
RPVPMLLMLHLGFIB88DA,北新段,4.75,都市：其他:住宅區,168,3,持分移轉,01640000
RPVPMLLMLHLGFIB88DA,北新段,.51,都市：其他:住宅區,168,3,持分移轉,01640001
RPVPMLLMLHLGFIB88DA,北新段,1.06,都市：其他:住宅區,168,3,持分移轉,01640005
RPRNMLKMMHLGFIB28DA,新站南段,18.46,都市：其他:商業區,100000,695,持分移轉,00230000
RPVPMLLMLHLGFIB88DA,北新段,26.84,都市：其他:住宅區,1,1,全筆移轉,01640011
RPQOMLSKLHLGFAB97DA,樹子腳段,14.46,都市：其他:第三種住宅區。,100000,514,持分移轉,06400000
RPQOMLSKLHLGFAB97DA,樹子腳段,10.99,都市：其他:第二種住宅區,100000,514,持分移轉,06410000
RPWNMLNKMHLGFKB09DA,福和段,7.68,都市：其他:第一種住宅區,4,1,持分移轉,07040000
RPUNMLMLMHLGFAB87DA,麻園頭段,28.22,都市：其他:第二種住宅區,10000,355,持分移轉,01320004
RPWNMLNKMHLGFKB09DA,福和段,93.02,都市：其他:第一種住宅區,1,1,全筆移轉,07080007
RPWNMLNKMHLGFKB09DA,福和段,.21,都市：其他:第一種住宅區,32,5,持分移轉,07090000
RPWNMLNKMHLGFKB09DA,福和段,2.47,都市：其他:第一種住宅區,32,5,持分移轉,07100000
RPWNMLNKMHLGFKB09DA,福和段,3.64,都市：其他:第一種住宅區,32,5,持分移轉,07110000
RPWNMLNKMHLGFKB09DA,福和段,28.14,都市：其他:第一種住宅區,4,1,持分移轉,07110001
RPWNMLNKMHLGFKB09DA,福和段,3.21,都市：其他:第一種住宅區,1,1,全筆移轉,07110005
RPUPMLNJLHLGFCB08DA,田心段,37.50,都市：其他:第三種住宅區。,10000,195,持分移轉,08920000
RPRNMLKKLHLGFEB57DA,薰風段,531.00,都市：其他:住宅區,1,1,全筆移轉,03080000
RPTNMLOLMHLGFKB98DA,台紙段,81.78,都市：其他:住宅區,1,1,全筆移轉,00200012
RPWNMLLMLHLGFGB58DA,石嵙段,1775.47,非都市：山坡地保育區 ; 非都市編定：農牧用地,1,1,全筆移轉,03530000
RPPNMLQJLHLGFJB38DA,新高段,19.25,都市：其他:住宅區,10000,67,持分移轉,01680000
RPQNMLPJNHLGFAB67DA,尚武段,14.52,都市：其他:第二種住宅區,100000,342,持分移轉,02980002
RPQNMLPJNHLGFAB67DA,尚武段,13.74,都市：其他:第二種住宅區,100000,342,持分移轉,02980003
RPRPMLKMMHLGFBB77DA,錦村段,4.26,都市：其他:第二種住宅區,300000,177,持分移轉,00610000
RPQOMLOJNHLGFBB77DA,陳平段,8.88,都市：其他:第三之二種住宅區,10000,45,持分移轉,14580000
RPQOMLOJNHLGFBB77DA,陳平段,11.71,都市：其他:第三之二種住宅區,10000,45,持分移轉,14580004
RPQOMLOJNHLGFBB77DA,陳平段,1.15,都市：其他:第三之二種住宅區,10000,45,持分移轉,14580007
RPQOMLOJNHLGFBB77DA,陳平段,.06,都市：其他:第三之二種住宅區,10000,45,持分移轉,14580009
RPVSMLOJLHLGFCB58DA,民安段,425.96,都市：其他:第三之一種住宅區,6720,4287,持分移轉,17160002
RPROMLKKMHLGFCB57DA,黎明段,10.82,都市：其他:第三種住宅區。,10000,88,持分移轉,01930000
RPTQMLLLMHLGFCB18DA,下石碑段,11.00,都市：其他:第二種商業區,1,1,全筆移轉,04120000
SPTQMLLLMHLGFCB28DA,下石碑段,8.00,都市：其他:第二種商業區,1,1,全筆移轉,04120001
TPTQMLLLMHLGFCB38DA,下石碑段,9.00,都市：其他:第二種商業區,1,1,全筆移轉,04120002
RPVOMLNLMHLGFCB38DA,南屯段,36.78,都市：其他:第二種住宅區,100000,1168,持分移轉,07030000
RPWVMLOJNHLGFCB56DA,上石碑段,42.58,都市：其他:第三之二種住宅區,10000,208,持分移轉,27440000
RPWPMLSLMHLGFCB09DA,大新段,9.78,都市：其他:第三之一種商業區,20000,43,持分移轉,08530000
RPUNMLOJNHLGFBB08DA,東義段,29.78,都市：其他:第二種住宅區,5000,44,持分移轉,00480000
RPQPMLTLMHLGFCB58DA,福德段,33.23,都市：其他:第二種住宅區,100000,1199,持分移轉,01110000
RPRNMLOJLHLGFDB77DA,豐東段,24.65,都市：其他:第二種住宅區,10000,119,持分移轉,05740000
RPUNMLTJMHLGFEB78DA,日南段,22.95,非都市：特定農業區 ; 非都市編定：甲種建築用地,20,1,持分移轉,04410125
RPUNMLTJMHLGFEB78DA,日南段,100.00,非都市：特定農業區 ; 非都市編定：甲種建築用地,1,1,全筆移轉,04410127
RPXNMLTKLHLGFIB86DA,武德段,13.22,都市：其他:住宅區,1,1,全筆移轉,07070000
RPXNMLTKLHLGFIB86DA,武德段,71.15,都市：其他:住宅區,1,1,全筆移轉,07080000
RPQOMLTKLHLGFIB88DA,健民段,31.14,非都市：鄉村區 ; 非都市編定：乙種建築用地,1000000,4527,持分移轉,07640000
RPOOMLKMMHLGFIB08DA,新光段,20.08,都市：其他:住宅區,10000,130,持分移轉,09670000
RPTNMLPJLHLGFJB68DA,育賢段,125.00,都市：其他:住宅區,1,1,全筆移轉,00590006
RPOOMLRKLHLGFJB58DA,新興段,18.35,都市：其他:住宅區,10000,59,持分移轉,01640000
SPPNMLSJNHLGFEB48EA,安田段,133.65,非都市：特定農業區 ; 非都市編定：農牧用地,1737,60,持分移轉,08400000
TPPNMLSJNHLGFEB58EA,安田段,147.37,非都市：特定農業區 ; 非都市編定：農牧用地,1737,60,持分移轉,09760000
RPPNMLSJNHLGFEB38EA,安田段,100.04,非都市：特定農業區 ; 非都市編定：農牧用地,1737,60,持分移轉,08390000
RPSNMLOLMHLGFAB87DA,東勢子段,21.49,都市：其他:第二種住宅區,10000,222,持分移轉,00240001
RPQPMLTJLHLGFBB18DA,東正段,2.27,都市：其他:第三種住宅區。,10000,55,持分移轉,01340001
RPQPMLTJLHLGFBB18DA,東正段,7.63,都市：其他:第二種住宅區,1000,22,持分移轉,01340002
RPPQMLQJNHLGFCB18DA,大進段,19.82,都市：其他:第二種住宅區,10000,134,持分移轉,08470000
RPRSMLQJNHLGFCB58DA,信安段,18.47,都市：其他:第一之一種住宅區,100000,1066,持分移轉,07200000
RPRSMLQJNHLGFCB58DA,信安段,5.01,都市：其他:第三之一種住宅區,100000,1066,持分移轉,07300002
RPRSMLQJNHLGFCB58DA,信安段,47.85,都市：其他:第三之一種住宅區,1,1,全筆移轉,07300014
RPPNMLSJNHLGFGB48DA,新安段,185.50,都市：其他:住宅區,1,1,全筆移轉,03070000
RPPNMLLKLHLGFHB77DA,甘潭段,16.02,都市：其他:第一之二種住宅區,10000,83,持分移轉,04890000
RPPNMLMJNHLGFHB97DA,栗林段,92.28,都市：其他:乙種工業區,1,1,全筆移轉,10830000
RPTNMLQJNHLGFHB78DA,家興段,9.07,都市：其他:第一之一種住宅區,100000,259,持分移轉,05630000
RPUNMLRJNHLGFJB56DA,育賢段,29.79,都市：其他:住宅區,100000,698,持分移轉,01690000
RPUNMLLJMHLGFKB58DA,新庄段,50.95,非都市：鄉村區 ; 非都市編定：乙種建築用地,360,6,持分移轉,02600000
RPXNMLNKMHLGFKB56DA,仁德段,110.82,都市：其他:住宅區,1,1,全筆移轉,04810000
RPPNMLRJNHLGFCB08EA,大明段,14.00,都市：其他:第二種住宅區,100000,602,持分移轉,00160000
RPUOMLMLMHLGFAB97DA,重慶段三小段,10.68,都市：其他:第一種商業區,1000,24,持分移轉,00200035
RPPNMLNLMHLGFHB18DA,潭北段,14.16,都市：其他:市場用地,1000000,5938,持分移轉,08080000
RPWNMLLKKHLGFFB18DA,自強段,132.88,都市：其他:第二種住宅區,1,1,全筆移轉,06960000
RPVNMLMKLHLGFCB97DA,惠國段,31.50,都市：其他:第二種新市政中心專用區,100000,1395,持分移轉,00110000
RPWNMLLKKHLGFFB18DA,自強段,5.34,都市：其他:第二種住宅區,13,1,持分移轉,07060000
RPWNMLLKKHLGFFB18DA,自強段,3.56,都市：其他:第二種住宅區,24,1,持分移轉,07090000
RPWNMLLKKHLGFFB18DA,自強段,2.14,都市：其他:第二種住宅區,33,1,持分移轉,07220000
RPWNMLLKKHLGFFB18DA,自強段,2.95,都市：其他:第二種住宅區,33,1,持分移轉,07300000
RPWNMLLKKHLGFFB18DA,自強段,3.61,都市：其他:第二種住宅區,33,1,持分移轉,07310000
RPOOMLQLKHLGFCB77DA,惠順段,326.64,都市：其他:第一之四種住宅區,1,1,全筆移轉,00790000
RPOOMLQLKHLGFCB77DA,惠順段,2.47,都市：其他:第一種住宅區,1,1,全筆移轉,00790001
RPSOMLKKKHLGFAB27DA,旱清段,6.18,都市：其他:第二種住宅區,10000,32,持分移轉,02090000
RPXNMLNLMHLGFBB38DA,錦村段,13.78,都市：其他:第二種住宅區,1000,6,持分移轉,02620008
RPSOMLKMMHLGFCB87DA,中仁段,67.00,都市：其他:第二種住宅區,1,1,全筆移轉,02580006
RPXNMLTLMHLGFCB09DA,惠來厝段,15.80,都市：其他:第五之一種住宅區,100000,399,持分移轉,01040000
RPUPNLPJNHLGFCB58DA,大新段,25.03,都市：其他:第二之一種商業區,100000,1711,持分移轉,03480000
RPXQMLKKLHLGFCB28DA,新富段,28.17,都市：其他:第一之B種住宅區,100000,363,持分移轉,03200000
RPSNMLTKLHLGFBB28DA,乾溝子段,35.01,都市：其他:第二之一種商業區,100000,1171,持分移轉,01630050
RPXQMLKKLHLGFCB28DA,新富段,2.36,都市：其他:第一之C種住宅區,100000,363,持分移轉,03390000
RPWQMLLJMHLGFBB18DA,新賴厝廍三段,22.68,都市：其他:第二種住宅區,100000,4920,持分移轉,06830000
RPSNMLTKLHLGFBB28DA,乾溝子段,1.70,都市：其他:細部計畫道路用地,211680,1241,持分移轉,01660004
RPSNMLTKLHLGFBB28DA,乾溝子段,1.89,都市：其他:第二之一種商業區,211680,1241,持分移轉,01660007
RPXNMLTLMHLGFCB09DA,惠來厝段,.66,都市：其他:第二種住宅區,100000,399,持分移轉,01040010
RPSNMLTKLHLGFBB28DA,乾溝子段,.21,都市：其他:第二之一種商業區,211680,1241,持分移轉,01660008
RPXNMLTLMHLGFCB09DA,惠來厝段,.35,都市：其他:第二種住宅區,100000,399,持分移轉,01040011
RPXNMLTLMHLGFCB09DA,惠來厝段,.00,都市：其他:第五之一種住宅區,100000,399,持分移轉,01050000
RPQNMLMJMHLGFAB27DA,半平厝段,17.86,都市：其他:第二種住宅區,200000,1778,持分移轉,03290000
RPTNMLNJMHLGFBB77DA,建和段,82.00,都市：其他:第二種住宅區,1,1,全筆移轉,07800005
RPVNMLMJLHLGFIB48DA,光日段,21.17,都市：其他:第二種商業區,100000,1899,持分移轉,06160000
RPPNMLSJNHLGFAB97EA,美舘段,4.39,都市：其他:道路用地,3,1,持分移轉,03150000
RPPNMLSJNHLGFAB97EA,美舘段,3.41,都市：其他:道路用地,3,1,持分移轉,03240000
RPRNMLLJLHLGFBB27DA,中德段,11.93,都市：其他:第一種商業區,10000,158,持分移轉,03020000
RPUOMLMLMHLGFFB48DA,忠孝段,108.00,都市：其他:第四種住宅區,1,1,全筆移轉,01870014
RPSPMLNLKHLGFIB58DA,瑞城段,15.19,非都市：鄉村區 ; 非都市編定：乙種建築用地,10000,226,持分移轉,02600001
RPSPMLNLKHLGFIB58DA,瑞城段,73.71,非都市：鄉村區 ; 非都市編定：乙種建築用地,1,1,全筆移轉,02600071
RPQNMLQJLHLGFHB28DA,中興段,209.19,都市：其他:第一之一種住宅區,1,1,全筆移轉,10860000
RPRNMLSJNHLGFEB48DA,永信段,77.38,都市：其他:住宅區,1,1,全筆移轉,04790000
RPQNMLQJLHLGFHB28DA,中興段,39.95,都市：其他:第一之一種住宅區,1,1,全筆移轉,10860001
RPPNMLKKNHLGFIB97DA,仁美段,213.71,都市：其他:住宅區,1,1,全筆移轉,10460000
RPQNMLNJNHLGFCB67DA,建功段,14.08,都市：其他:第五種住宅區,100000,165,持分移轉,00260000
RPRPMLNKMHLGFBB87DA,乾溝子段,9.27,都市：其他:第二種住宅區,10000,158,持分移轉,01420002
RPTNMLTJKHLGFIB88DA,光日段,18.92,都市：其他:第四種住宅區,100000,800,持分移轉,01500000
RPRPMLMLMHLGFFB28DA,市鎮南段,9.42,都市：其他:第四種商業區,100000,42,持分移轉,00970000
RPPNMLSJNHLGFJB78DA,義平段,6.00,都市：其他:住宅區,1,1,全筆移轉,01580000
RPPNMLSJNHLGFJB78DA,義平段,49.00,都市：其他:住宅區,1,1,全筆移轉,01590000
RPPNMLSJNHLGFJB78DA,義平段,2.00,都市：其他:住宅區,1,1,全筆移轉,01650000
RPPNMLSJNHLGFJB78DA,義平段,47.00,都市：其他:住宅區,1,1,全筆移轉,01660000
RPPNMLSJNHLGFJB78DA,義平段,5.00,都市：其他:住宅區,1,1,全筆移轉,01670000
RPTNMLKLMHLGFHB28DA,家興段,10.60,都市：其他:第一之一種住宅區,1000000,3072,持分移轉,05610000
RPQNMLOJNHLGFAB57DA,頂橋子頭段,71.00,都市：其他:第二種住宅區,1,1,全筆移轉,04850005
SPPNMLKKNHLGFIB08DA,仁美段,447.17,都市：其他:住宅區,1,1,全筆移轉,10470000
RPVNMLRKMHLGFJB66DA,育賢段,23.97,都市：其他:住宅區,100000,279,持分移轉,02010007
RPQNMLLKNHLGFCB57DA,中仁段,32.34,都市：其他:第二種住宅區,6000,54,持分移轉,02340000
RPQNMLPLKHLGFKB58DA,忠和段,563.00,都市：其他:關連工業區,1,1,全筆移轉,11970000
RPQNMLPLKHLGFKB58DA,忠和段,289.00,都市：其他:道路用地,1,1,全筆移轉,11970005
RPTPMLQJNHLGFCB48DA,新富段,4.45,都市：其他:第一之C種住宅區,100000,383,持分移轉,02310000
RPTPMLQJNHLGFCB48DA,新富段,16.87,都市：其他:第一之B種住宅區,100000,383,持分移轉,02320000
RPTPMLQJNHLGFCB48DA,新富段,.05,都市：其他:第一之B種住宅區,100000,1,持分移轉,02710000
RPXNMLQKMHLGFIB66DA,大忠段,62.83,都市：其他:住宅區,1,1,全筆移轉,03410004
RPXNMLQKMHLGFIB66DA,大忠段,15.51,都市：其他:住宅區,18,2,持分移轉,03410008
RPQNMLLKNHLGFHB08DA,大富段,9.31,都市：其他:農業區,561120,2674,持分移轉,04930000
RPWNMLMKLHLGFDB18DA,博愛段,114.00,都市：其他:第三種住宅區。,1,1,全筆移轉,09230000
RPQNMLLKNHLGFHB08DA,大富段,8.80,都市：其他:農業區,90,10,持分移轉,04940000
RPQNMLLKNHLGFHB08DA,大富段,.44,都市：其他:農業區,561120,3360,持分移轉,04950000
RPQNMLLKNHLGFHB08DA,大富段,46.33,都市：其他:農業區,1,1,全筆移轉,04970000
RPQNMLLKNHLGFHB08DA,大富段,13.78,都市：其他:農業區,170,10,持分移轉,05050000
RPQNMLLKNHLGFHB08DA,大富段,.74,都市：其他:零星工業區,334,2,持分移轉,05480000
RPUNMLMKNHLGFFB38DA,民生段,1485.00,都市：其他:關連工業區,1,1,全筆移轉,04530000
RPUNMLMKNHLGFFB38DA,民生段,3141.00,都市：其他:關連工業區,1,1,全筆移轉,04540000
RPUNMLMKNHLGFFB38DA,民生段,1592.00,都市：其他:關連工業區,1,1,全筆移轉,04550000
RPUNMLMKNHLGFFB38DA,民生段,27.00,都市：其他:關連工業區,1,1,全筆移轉,04560000
RPUNMLMKNHLGFFB38DA,民生段,2201.00,都市：其他:關連工業區,1,1,全筆移轉,04570000
RPROMLNLMHLGFBB87DA,松茂段,74.00,都市：其他:第二種住宅區,1,1,全筆移轉,04070031
RPVOMLRJNHLGFIB66DA,大元段,124.65,都市：其他:工業區,1,1,全筆移轉,15290000
RPSNMLMKNHLGFHB38DA,上楓段,20.32,都市：其他:第一種住宅區,10000,55,持分移轉,11580000
RPRNMLOLMHLGFGB38DA,高簡段,77.75,都市：其他:住宅區,1,1,全筆移轉,14010017
RPUNMLPJNHLGFJB98DA,學億段,10.09,都市：其他:住宅區,40,2,持分移轉,00130000
RPUNMLPJNHLGFJB98DA,學億段,51.46,都市：其他:住宅區,1,1,全筆移轉,00130028
RPUNMLPJNHLGFJB98DA,學億段,9.27,都市：其他:住宅區,40,2,持分移轉,00130032
RPRNMLSJNHLGFFB58DA,銀聯段,88.00,都市：其他:第四種住宅區,1,1,全筆移轉,21390019
RPRNMLSJNHLGFFB58DA,銀聯段,18.00,都市：其他:第四種住宅區,399,18,持分移轉,21390035
RPRNMLSJNHLGFFB58DA,銀聯段,5.00,都市：其他:第四種住宅區,131,5,持分移轉,21390036
RPRNMLSJNHLGFFB58DA,銀聯段,1.00,都市：其他:第四種住宅區,121,1,持分移轉,21390040
TPPNMLKKNHLGFIB18DA,仁美段,253.76,都市：其他:住宅區,1,1,全筆移轉,10480000
RPRNMLSJNHLGFHB78DA,興華段,105.02,都市：其他:第一之二種住宅區,1,1,全筆移轉,01630005
UPPNMLKKNHLGFIB28DA,仁美段,23.36,都市：其他:住宅區,1,1,全筆移轉,10580000
RPVNMLPJNHLGFJB09DA,洪厝段,80.08,非都市：鄉村區 ; 非都市編定：乙種建築用地,1,1,全筆移轉,00950000
RPQNMLMJMHLGFCB47DA,豐功段,28.06,都市：其他:第二種商業區,30000,960,持分移轉,02030000
RPSNMLOLMHLGFBB97DA,東山段,1.70,都市：其他:第一種商業區,100000,82,持分移轉,02210000
RPVNMLSKLHLGFIB56DA,大里段,103.00,都市：其他:住宅區,1,1,全筆移轉,15400011
RPQNMLTJNHLGFHB78DA,四德段,31.18,都市：其他:第二種住宅區,10000,102,持分移轉,01830000
RPPPMLNLMHLGFBB77DA,倡和段,12.02,都市：其他:第三之一種商業區,10000,60,持分移轉,01880000
RPPQMLOKMHLGFCB97DA,大新段,9.30,都市：其他:第二之一種商業區,10000,92,持分移轉,03710000
RPSNMLRKLHLGFIB78DA,大仁段,13.04,都市：其他:商業區,100000,767,持分移轉,03380000
RPPNMLPKNHLGFIB48DA,大元段,91.06,都市：其他:住宅區,1,1,全筆移轉,07650000
RPWNMLTJMHLGFJB86DA,新興段,12.09,都市：其他:商業區,100000,334,持分移轉,01210000
RPQNMLRKLHLGFKB78DA,龍社段,67.36,都市：其他:第二種住宅區,1,1,全筆移轉,15420000
RPQNMLRKLHLGFKB78DA,龍社段,18.19,都市：其他:第二種住宅區,14,1,持分移轉,15530000
RPPNMLPKNHLGFDB97DA,三村段,22.47,都市：其他:第二種住宅區,100000,1894,持分移轉,06870000
RPROMLTLMHLGFKB76DA,龍泉段,29.98,都市：其他:第四種住宅區,100000,1145,持分移轉,13580000
RPPPMLOKNHLGFAB77DA,城隍段三小段,5.85,都市：其他:第二種住宅區,100,5,持分移轉,00040017
RPOPMLMKNHLGFBB57DA,大仁段,159.39,都市：其他:住宅區,1,1,全筆移轉,01370020
RPUOMLOKNHLGFBB28DA,大貴段,260.06,都市：其他:風景區,1,1,全筆移轉,03040000
RPUOMLOKNHLGFBB28DA,大貴段,6245.45,都市：其他:風景區,1,1,全筆移轉,03050000
RPPNMLTLLHLGFCB18DA,鎮安段,106.00,都市：其他:農業區,1,1,全筆移轉,05660001
RPPNMLTLLHLGFCB18DA,鎮安段,59.29,都市：其他:農業區,1000,243,持分移轉,05660002
RPTNMLOLLHLGFIB68DA,新榮和段,34.18,都市：其他:第二種住宅區,10000,154,持分移轉,01350000
RPQSMLTLMHLGFFB56DA,犁份東段,803.07,都市：其他:保護區,1,1,全筆移轉,07530000
RPQSMLTLMHLGFFB56DA,犁份東段,3646.49,都市：其他:保護區,1,1,全筆移轉,07550000
RPQSMLTLMHLGFFB56DA,犁份東段,1094.85,都市：其他:保護區,1,1,全筆移轉,07570000
RPQSMLTLMHLGFFB56DA,犁份東段,94.66,都市：其他:保護區,51760,18932,持分移轉,07780002
RPQSMLTLMHLGFFB56DA,犁份東段,14.84,都市：其他:保護區,8114,2968,持分移轉,07780003
RPQSMLTLMHLGFFB56DA,犁份東段,167.25,都市：其他:保護區,137175,50174,持分移轉,07810001
RPQSMLTLMHLGFFB56DA,犁份東段,1783.90,都市：其他:保護區,1,1,全筆移轉,07810005
RPQSMLTLMHLGFFB56DA,犁份東段,4113.59,都市：其他:保護區,1,1,全筆移轉,07820001
RPQSMLTLMHLGFFB56DA,犁份東段,230.56,都市：其他:保護區,126072,46113,持分移轉,07870001
RPQSMLTLMHLGFFB56DA,犁份東段,36.33,都市：其他:保護區,9932,3633,持分移轉,07890001
RPQSMLTLMHLGFFB56DA,犁份東段,397.32,都市：其他:保護區,217256,79465,持分移轉,08110000
RPOOMLQLLHLGFAB67DA,後壠子段,9.02,都市：其他:第二種住宅區,10000,280,持分移轉,01490009
RPXNMLTKNHLGFFB76DA,忠孝段,118.00,都市：其他:第四種住宅區,1,1,全筆移轉,00670030
RPOOMLTKNHLGFFB58DA,忠孝段,118.00,都市：其他:第四種住宅區,1,1,全筆移轉,00670029
RPVOMLLMLHLGFAB97DA,旱清段,14.65,都市：其他:第二種住宅區,100000,470,持分移轉,02460000
RPVNMLTKNHLGFHB76DA,大德段,180.30,都市：其他:農業區,1,1,全筆移轉,05140000
RPPNMLLMLHLGFGB87DA,糖廍段,8.28,都市：其他:住宅區,10000,542,持分移轉,03390007
RPPNMLLMLHLGFGB87DA,糖廍段,86.11,都市：其他:住宅區,1,1,全筆移轉,03390016
RPPNMLLMLHLGFGB87DA,糖廍段,18.46,都市：其他:道路用地,10000,520,持分移轉,03400000
RPPNMLLMLHLGFGB87DA,糖廍段,15.00,都市：其他:道路用地,1,1,全筆移轉,03400004
RPOOMLNKNHLGFAB47DA,後壠子段,20.85,都市：其他:第二種住宅區,10000,70,持分移轉,02520142
RPUNMLTKNHLGFHB66DA,大德段,35.13,都市：其他:農業區,4400,3738,持分移轉,05100000
RPUNMLTKNHLGFHB66DA,大德段,12.00,都市：其他:農業區,1900,1238,持分移轉,05110000
RPUNMLTKNHLGFHB66DA,大德段,23.08,都市：其他:農業區,3800,2477,持分移轉,05120000
RPUNMLTKNHLGFHB66DA,大德段,407.96,都市：其他:農業區,1,1,全筆移轉,05130000
RPWNMLSKNHLGFAB68DA,土庫段,58.08,都市：其他:第二種住宅區,1000,132,持分移轉,00910023
RPTOMLSJNHLGFAB38DA,樹子腳段,22.73,都市：其他:第三種住宅區。,1000000,3428,持分移轉,04410000
RPOOMLPKMHLGFBB67DA,新賴厝廍三段,28.87,都市：其他:第二之一種商業區,10000,200,持分移轉,04370000
RPTNMLKKLHLGFDB67DA,大豐段,242.54,都市：其他:農業區,1,1,全筆移轉,01500003
RPQPMLLLMHLGFBB67DA,文正段,39.00,都市：其他:第二種住宅區,1,1,全筆移轉,00620007
RPXNMLLMLHLGFFB58DA,鹿寮東段,17.88,都市：其他:保護區,90,1,持分移轉,07020000
RPXNMLLMLHLGFFB58DA,鹿寮東段,32.42,都市：其他:第四種住宅區,1000000,11057,持分移轉,09220000
RPQNMLPKMHLGFDB97DA,新社口段,69.90,都市：其他:農業區,1,1,全筆移轉,04930000
RPQNMLPKMHLGFDB97DA,新社口段,30.56,都市：其他:農業區,13,1,持分移轉,04940000
RPTOMLOKMHLGFJB88DA,育賢段,23.21,都市：其他:住宅區,10000,33,持分移轉,00860000
RPOTMLTKNHLGFIB76DA,武德段,171.26,都市：其他:乙種工業區,1,1,全筆移轉,10400001
RPSRMLLJMHLGFBB87DA,景美段,20.34,都市：其他:第一種商業區,20000,204,持分移轉,00150000
RPRNMLMLNHLGFGB28DA,詒新段,1421.55,都市：其他:農業區,1,1,全筆移轉,06370003
RPVNMLLLNHLGFIB78DA,振坤段,120.43,都市：其他:第二種住宅區,1,1,全筆移轉,17180000
RPRNMLMLNHLGFGB28DA,詒新段,2.06,都市：其他:農業區,32,3,持分移轉,06370005
RPQNMLNLMHLGFHB28DA,甘潭段,67.03,都市：其他:第一之二種住宅區,1,1,全筆移轉,04030002
RPQNMLLLNHLGFJB38DA,和平段,232.00,都市：其他:乙種工業區,1,1,全筆移轉,00030068
RPOPMLKMMHLGFBB47DA,仁平段,61.68,都市：其他:第一之一種住宅區,100000,638,持分移轉,02740000
RPRNMLLKNHLGFJB38DA,育賢段,22.99,都市：其他:住宅區,10000,62,持分移轉,02020004
RPUNMLTLMHLGFAB58DA,泉源段,10.59,都市：其他:第三之一種商業區,100000,90,持分移轉,00150000
RPQNMLQKMHLGFGB38DA,新金星面段,76.56,非都市：山坡地保育區 ; 非都市編定：丙種建築用地,1,1,全筆移轉,01900000
RPORMLSLMHLGFCB48DA,惠國段,12.92,都市：其他:第六種新市政中心專用區,100000,452,持分移轉,01540000
RPTNMLQLKHLGFKB98DA,田水段,4.17,,23,1,持分移轉,08660027
RPTNMLQLKHLGFKB98DA,田水段,.39,,23,1,持分移轉,08660028
RPTNMLQLKHLGFKB98DA,田水段,8.00,,1,1,全筆移轉,08660037
RPTNMLQLKHLGFKB98DA,田水段,18.57,都市：其他:第四種住宅區,23,1,持分移轉,08670000
RPTNMLQLKHLGFKB98DA,田水段,44.00,都市：其他:第四種住宅區,1,1,全筆移轉,08670009
RPWOMLMLMHLGFAB18DA,泉源段,14.01,都市：其他:第三之一種商業區,100000,119,持分移轉,00150000
RPSPMLRKMHLGFCB48DA,惠智段,14.20,都市：其他:第三種住宅區。,10000,69,持分移轉,01670000
RPOPMLQLLHLGFCB97DA,福德段,49.08,都市：其他:第二種住宅區,100000,2668,持分移轉,00850000
RPOPMLQLLHLGFCB97DA,福德段,2.16,都市：其他:第二種住宅區,100000,2670,持分移轉,00860001
RPPNMLRLNHLGFEB38DA,賢仁段,105.78,都市：其他:住宅區,1,1,全筆移轉,04100000
RPQNMLLMNHLGFAB57DA,柳川段一小段,1.57,都市：其他:第二種商業區,100000,57,持分移轉,00040000
RPQNMLLMNHLGFAB57DA,柳川段一小段,.36,都市：其他:第一種商業區,100000,57,持分移轉,00040006
RPPNMLLJOHLGFGB87DA,水底寮段上水底寮小段,29.93,非都市：鄉村區 ; 非都市編定：乙種建築用地,15,1,持分移轉,02130000
RPPNMLLJOHLGFGB87DA,水底寮段上水底寮小段,1.47,非都市：鄉村區 ; 非都市編定：乙種建築用地,15,1,持分移轉,02130011
RPPNMLLJOHLGFGB87DA,水底寮段上水底寮小段,1.33,非都市：鄉村區 ; 非都市編定：乙種建築用地,15,1,持分移轉,02130012
RPPNMLLJOHLGFGB87DA,水底寮段上水底寮小段,82.00,非都市：鄉村區 ; 非都市編定：乙種建築用地,1,1,全筆移轉,02130018
RPPNMLSLNHLGFFB68EA,甲南段,98.00,都市：其他:農業區,2,1,持分移轉,11970000
RPPNMLSLNHLGFFB68EA,甲南段,20.15,都市：其他:農業區,5,1,持分移轉,12080000
RPXRMLPLLHLGFCB98DA,大新段,13.64,都市：其他:第三之一種商業區,10000,30,持分移轉,08530000
RPRNMLTLNHLGFJB66DA,育賢段,23.50,都市：其他:住宅區,10000,37,持分移轉,01840002
RPRNMLLJOHLGFDB77DA,新中社段,161.56,非都市：特定農業區 ; 非都市編定：農牧用地,100,14,持分移轉,00280000
RPPNMLOKNHLGFFB08DA,興安西段,4.43,都市：其他:第四種住宅區,100000,450,持分移轉,04290000
RPUNMLRLNHLGFJB76DA,溪洲段,50.66,都市：其他:住宅區,1000,95,持分移轉,01430000
RPUNMLRLNHLGFJB76DA,溪洲段,1.22,都市：其他:住宅區,10000,58,持分移轉,01500000
RPPOMLSKNHLGFJB98DA,育賢段,22.50,都市：其他:住宅區,10000,32,持分移轉,00860000
RPUNMLMLNHLGFDB28DA,豐原段,16.00,都市：其他:第二種商業區,1,1,全筆移轉,06690002
RPXSNLMJMHLGFBB68DA,松觀段,23.11,都市：其他:第二種住宅區,10000,116,持分移轉,03990000
RPVNMLNKNHLGFFB58DA,興安西段,4.46,都市：其他:第四種住宅區,100000,453,持分移轉,04290000
RPXNMLNKNHLGFFB78DA,興安西段,4.54,都市：其他:第四種住宅區,100000,461,持分移轉,04290000
RPOOMLOJOHLGFHB28DA,三和段,1688.00,都市：其他:農業區,1,1,全筆移轉,04760000
RPPNMLOJNHLGFCB77EA,福安段,118.48,都市：其他:第二種住宅區,10000,730,持分移轉,08220000
RPVOMLNLKHLGFCB18DA,永春段,73.81,都市：其他:第一之一種住宅區,1,1,全筆移轉,00670002
RPVOMLNLKHLGFCB18DA,永春段,28.34,都市：其他:第一之一種住宅區,12,2,持分移轉,00670004
RPOPMLPKMHLGFCB87DA,福安段,77.00,都市：其他:第三種住宅區。,1,1,全筆移轉,07460001
RPTNMLSLNHLGFBB58DA,昌平段,31.15,都市：其他:第三種住宅區。,100000,797,持分移轉,03640000
RPPNMLKKMHLGFHB77DA,大新段,16.13,都市：其他:第一之二種住宅區,100000,461,持分移轉,06650000
RPPNMLOLKHLGFDB67DA,柑宅段,23.33,都市：其他:第二種住宅區,10000,187,持分移轉,03530000
RPPNMLOLKHLGFDB67DA,三陽段,9.79,都市：其他:第三種住宅區。,10000,193,持分移轉,06750000
RPQPMLLMLHLGFBB67DA,乾溝子段,26.17,都市：其他:第三之一種商業區,10000,41,持分移轉,01700000
RPXNMLQLNHLGFIB86DA,新高鐵段,13.55,都市：其他:商業區,100000,447,持分移轉,00980000
RPXNMLQLNHLGFIB86DA,新高鐵段,10.07,都市：其他:商業區,100000,447,持分移轉,00990000
RPUQMLSKNHLGFCB98DA,大墩段,18.01,都市：其他:第二種住宅區,10000,71,持分移轉,04030000
RPQOMLSKNHLGFDB48DA,豐田段,1.92,都市：其他:第二種住宅區,5,1,持分移轉,00990000
RPOOMLQLNHLGFIB68DA,新高鐵段,14.70,都市：其他:商業區,100000,485,持分移轉,00980000
RPQOMLSKNHLGFDB48DA,豐田段,.40,都市：其他:第二種住宅區,5,1,持分移轉,01000001
RPQOMLSKNHLGFDB48DA,豐田段,1.52,都市：其他:第二種住宅區,10000,108,持分移轉,01380000
RPOOMLQLNHLGFIB68DA,新高鐵段,10.92,都市：其他:商業區,100000,485,持分移轉,00990000
RPQOMLSKNHLGFDB48DA,豐田段,15.65,都市：其他:第二種住宅區,10000,108,持分移轉,01390000
RPQNMLMJLHLGFBB27DA,陳平段,18.60,都市：其他:第三之二種住宅區,5,1,持分移轉,02650007
RPSOMLPJKHLGFFB18DA,市鎮北段,13.96,都市：其他:第四種商業區,100000,295,持分移轉,00420000
RPVNMLSKNHLGFBB68DA,中清段,8.50,都市：其他:第二種商業區,100000,304,持分移轉,00060000
RPTNMLPJLHLGFDB08DA,向陽段,6.43,都市：其他:第二種商業區,28298,643,持分移轉,03900000
RPSWMLOJNHLGFCB88DA,豐功段,19.76,都市：其他:第四種商業區,100000,587,持分移轉,02570000
RPWOMLQLNHLGFCB88DA,西屯段,7.39,都市：其他:第二種商業區,10000,159,持分移轉,30460000
RPUOMLKMJHLGFAB57DA,東勢子段,77.00,都市：其他:第二種住宅區,1,1,全筆移轉,00360400
RPXPMLOJLHLGFBB38DA,東信段,19.47,都市：其他:第五種住宅區,100000,788,持分移轉,00900000
RPPOMLPJLHLGFBB57DA,北屯段,16.00,都市：其他:第三種住宅區。,1,1,全筆移轉,01720010
RPWOMLOLKHLGFAB18DA,柳川段五小段,3.50,都市：其他:第一種商業區,10000,155,持分移轉,00200003
RPTOMLPJLHLGFBB97DA,東信段,31.46,都市：其他:第二種住宅區,1000,92,持分移轉,01090000
RPPNMLQJLHLGFCB67DA,順和段,80.25,都市：其他:第二種住宅區,1,1,全筆移轉,02110002
RPXOMLOLKHLGFCB48DA,惠國段,39.37,都市：其他:第三種新市政中心專用區,100000,1577,持分移轉,00460000
RPVNMLOJLHLGFDB18DA,大洲段,16.20,都市：其他:第一之一種住宅區,20000,58,持分移轉,03230000
RPQOMLNJLHLGFCB57DA,何厝段,109.00,都市：其他:第三種商業區,1,1,全筆移轉,01060079
RPSONLMJLHLGFCB77DA,建功段,10.58,都市：其他:第五種住宅區,100000,232,持分移轉,00160001
RPTOMLSJJHLGFCB18DA,大墩段,14.53,都市：其他:第二種住宅區,10000,183,持分移轉,00250000
RPOOMLKMJHLGFBB07DA,乾溝子段,6.87,都市：其他:第二種住宅區,10000,77,持分移轉,01790000
RPPOMLQJLHLGFDB87DA,豐原段,16.89,都市：其他:第二種商業區,100000,653,持分移轉,01950001
RPWNMLTLJHLGFDB78DA,一心段,92.78,都市：其他:第一之一種住宅區,1,1,全筆移轉,09640000
RPSNMLTJLHLGFFB58DA,福成段,30.98,都市：其他:第二種住宅區,1,1,全筆移轉,03080000
RPSNMLTJLHLGFFB58DA,福成段,96.59,都市：其他:第二種住宅區,1,1,全筆移轉,03270000
RPPNMLMLKHLGFGB77DA,國校段,729.01,都市：其他:農業區,1,1,全筆移轉,06380001
RPPNMLMLKHLGFGB77DA,國校段,83.06,都市：其他:農業區,1,1,全筆移轉,07820001
RPPOMLPJKHLGFIB18DA,人和段,93.00,都市：其他:住宅區,1,1,全筆移轉,04580000
RPVNMLNLKHLGFIB68DA,文化段,11.95,非都市：鄉村區 ; 非都市編定：乙種建築用地,20000,286,持分移轉,01360000
RPVNMLNLKHLGFIB68DA,文化段,69.19,非都市：鄉村區 ; 非都市編定：乙種建築用地,1,1,全筆移轉,01440000
RPQNMLQJLHLGFIB38DA,峰谷段,58.67,非都市：鄉村區 ; 非都市編定：乙種建築用地,1,1,全筆移轉,06410000
RPQNMLQJLHLGFIB38DA,峰谷段,14.43,非都市：鄉村區 ; 非都市編定：乙種建築用地,1,1,全筆移轉,06420000
RPQNMLQJLHLGFIB38DA,峰谷段,87.52,非都市：鄉村區 ; 非都市編定：乙種建築用地,1,1,全筆移轉,06430000
RPTNMLMLJHLGFAB47DA,旱新段,133.38,都市：其他:第二種商業區,1,1,全筆移轉,07740059
RPPPMLPLKHLGFBB77DA,水湳段,15.71,都市：其他:第二種住宅區,10000,283,持分移轉,00970002
RPRNMLTLJHLGFKB98DA,藝術段,11.36,都市：其他:第二種住宅區,10000,256,持分移轉,05420000
RPRNMLTLJHLGFKB98DA,藝術段,6.56,都市：其他:第二種住宅區,10000,215,持分移轉,05430000
RPPPMLPLKHLGFCB87DA,大新段,5.71,都市：其他:第二種住宅區,10000,142,持分移轉,01350000
RPQNMLNKKHLGFIB08DA,中興段,74.00,都市：其他:住宅區,1,1,全筆移轉,00800005
RPPNMLPJKHLGFCB47DA,民安段,13.43,都市：其他:第一種住宅區,10000,185,持分移轉,05630000
RPRRMLSLJHLGFCB48DA,國安段,10.39,都市：其他:第六種住宅區,10000,19,持分移轉,05930491
RPVNMLQLKHLGFJB09DA,育賢段,23.89,都市：其他:住宅區,100000,636,持分移轉,02040001
RPPOMLMJLHLGFHB87DA,中和段,.10,都市：其他:農業區,148,2,持分移轉,01440000
RPPOMLMJLHLGFHB87DA,中和段,.07,都市：其他:農業區,148,2,持分移轉,01740000
RPPOMLMJLHLGFHB87DA,中和段,57.20,都市：其他:農業區,1,1,全筆移轉,02010000
RPPOMLMJLHLGFHB87DA,自立段,4.11,都市：其他:農業區,148,2,持分移轉,15440001
RPPOMLMJLHLGFHB87DA,自立段,21.07,都市：其他:農業區,148,2,持分移轉,15460000
RPPNMLMJKHLGFGB57DA,新廣興段,352.91,都市：其他:農業區,1,1,全筆移轉,00530004
RPRNMLPJLHLGFHB28DA,東寶七段,12.01,都市：其他:第一之一種住宅區,1,1,全筆移轉,09500000
RPRNMLPJLHLGFHB28DA,東寶七段,73.52,都市：其他:第一之一種住宅區,1,1,全筆移轉,09510000
RPPNMLRJKHLGFFB97DA,市鎮南段,11.02,都市：其他:第四種商業區,10000,22,持分移轉,00740000
RPTNMLRJKHLGFFB38DA,市鎮南段,8.01,都市：其他:第四種商業區,10000,16,持分移轉,00740000
RPSPMLSLJHLGFAB18DA,後壠子段,12.90,都市：其他:第一種商業區,10000,402,持分移轉,01480020
RPXNMLQLKHLGFHB09DA,大新段,7.13,都市：其他:第一之二種住宅區,10000,31,持分移轉,06880000
RPSNMLRJKHLGFFB28DA,市鎮南段,8.51,都市：其他:第四種商業區,10000,17,持分移轉,00740000
RPQNMLRJKHLGFFB08DA,市鎮南段,11.02,都市：其他:第四種商業區,10000,22,持分移轉,00740000
RPPNMLPJLHLGFAB37DA,下橋子頭段,51.00,都市：其他:第三種住宅區。,1,1,全筆移轉,02580025
RPQOMLPLKHLGFFB18DA,梧棲段,10.80,都市：其他:第三種商業區,20000,58,持分移轉,27810000
RPPNMLPJLHLGFAB37DA,下橋子頭段,18.00,都市：其他:第三種住宅區。,1,1,全筆移轉,02580153
RPQNMLQJLHLGFAB57DA,半平厝段,14.53,都市：其他:第二種住宅區,10000,293,持分移轉,08050000
RPVNMLMKKHLGFAB67DA,中華段三小段,1.65,都市：其他:第一種商業區,10000,11,持分移轉,00020021
RPRNMLNLKHLGFCB67DA,惠順段,117.03,都市：其他:第一種住宅區,1,1,全筆移轉,00380001
RPRNMLNLKHLGFCB67DA,惠順段,26.78,都市：其他:第一種住宅區,100000,4074,持分移轉,00380013
RPROMLQJLHLGFBB87DA,北屯段,2.00,,1,1,全筆移轉,00450026
RPTNMLQJLHLGFCB08DA,大進段,28.62,都市：其他:第二種住宅區,10000,530,持分移轉,07570000
RPUNMLQJLHLGFCB18DA,西屯段,12.83,都市：其他:第二種住宅區,10000,22,持分移轉,22500000
RPUNMLQJLHLGFCB18DA,西屯段,7.88,都市：其他:第三之二種住宅區,10000,22,持分移轉,23150000
RPXNMLPLKHLGFCB48DA,福德段,20.30,都市：其他:第二種商業區,100000,637,持分移轉,01850000
RPROMLTJLHLGFBB18DA,仁和段,5.15,都市：其他:第一種商業區,10000,38,持分移轉,05130000
RPROMLTJLHLGFBB18DA,仁和段,8.31,都市：其他:第一種商業區,10000,38,持分移轉,05240000
RPROMLTJLHLGFBB18DA,仁和段,3.45,都市：其他:第一種商業區,10000,38,持分移轉,05260000
RPROMLTJLHLGFBB18DA,仁和段,4.99,都市：其他:第一種商業區,10000,38,持分移轉,05280000
RPOOMLNJKHLGFAB07DA,半平厝段,2.31,都市：其他:第二種住宅區,250,17,持分移轉,04840010
RPOOMLNJKHLGFAB07DA,半平厝段,16.32,都市：其他:第二種住宅區,250,17,持分移轉,04850000
RPQNMLTJLHLGFDB18DA,萬順段,102.89,都市：其他:斷層帶住宅限建區,1,1,全筆移轉,11300000
RPVNMLNKKHLGFCB97DA,永春段,26.13,都市：其他:第一之一種住宅區,100000,919,持分移轉,01050000
RPVNMLNKKHLGFCB97DA,永春段,1.53,都市：其他:第一種住宅區,100000,51,持分移轉,01060004
RPOUMLNJLHLGFBB87DA,太順段,11.94,都市：其他:第三種住宅區。,10000,50,持分移轉,00030001
RPSNMLRLJHLGFDB18DA,三陽段,114.75,都市：其他:第三種住宅區。,1,1,全筆移轉,01030000
RPXOMLNJLHLGFFB58DA,南簡段,23.90,都市：其他:第四種住宅區,100000,1333,持分移轉,00080002
RPPNMLQJLHLGFHB18DA,上楓段,1.06,都市：其他:第一種住宅區,100000,2643,持分移轉,06640001
RPPNMLQJLHLGFHB18DA,上楓段,29.87,都市：其他:第一種住宅區,100000,2643,持分移轉,06650001
RPTPMLQLKHLGFDB48DA,瓦磘腳段,54.41,都市：其他:農業區,3,2,持分移轉,00940000
RPQNMLOJLHLGFIB18DA,向學段,79.75,都市：其他:住宅區,1,1,全筆移轉,04200003
RPWNMLPJLHLGFIB88DA,成功段,65.64,都市：其他:住宅區,1,1,全筆移轉,09000005
RPWNMLPJLHLGFIB88DA,成功段,11.58,都市：其他:住宅區,100000,4151,持分移轉,09000012
RPWNMLPJLHLGFIB88DA,成功段,3.39,都市：其他:住宅區,100000,4151,持分移轉,09000015
RPQNMLMKKHLGFFB67DA,國昌段,40.25,都市：其他:第二種住宅區,100000,804,持分移轉,04480000
RPSNMLNLKHLGFJB48DA,壽平段,26.00,都市：其他:第一種住宅區,100000,885,持分移轉,05400000
RPXONLMJLHLGFCB28DA,順安段,19.45,都市：其他:農業區,8,1,持分移轉,00420021
RPXONLMJLHLGFCB28DA,順安段,18.13,都市：其他:農業區,1,1,全筆移轉,00420025
RPXONLMJLHLGFCB28DA,順安段,83.05,都市：其他:農業區,1,1,全筆移轉,00420026
RPRNMLTJKHLGFAB87DA,後壠子段,5.29,都市：其他:第二種住宅區,116400,1058,持分移轉,01310080
RPQNMLKKLHLGFFB67EA,下寮段,57.00,都市：其他:第四種住宅區,1,1,全筆移轉,02870000
RPRPMLQLKHLGFCB18DA,黎明段,16.71,都市：其他:第二種住宅區,100000,301,持分移轉,03510000
RPWSMLKLJHLGFBB18DA,平田段,13.89,都市：其他:第二種住宅區,10000,73,持分移轉,03680000
RPWSMLKLJHLGFBB18DA,平田段,.27,都市：其他:第二種住宅區,10000,73,持分移轉,03860000
RPWSMLKLJHLGFBB18DA,平田段,2.06,都市：其他:第二種住宅區,10000,73,持分移轉,03860052
RPSNMLTJKHLGFAB97DA,樹子腳段,14.54,都市：其他:第二種住宅區,100000,407,持分移轉,13340000
RPVNMLOLKHLGFAB97DA,後壠子段,13.26,都市：其他:第二種住宅區,100000,2464,持分移轉,01730072
RPSNMLTJKHLGFAB97DA,樹子腳段,1.66,都市：其他:第二種住宅區,100000,407,持分移轉,13340004
RPSNMLTJKHLGFAB97DA,樹子腳段,1.29,都市：其他:第二種住宅區,100000,407,持分移轉,13340005
RPWOMLRLJHLGFAB38DA,公館段,2.97,都市：其他:第二種住宅區,10000,824,持分移轉,01510596
RPWOMLRLJHLGFAB38DA,後壠子段,22.17,都市：其他:第二種住宅區,10000,824,持分移轉,01580010
RPSNMLKKLHLGFAB27DA,東勢子段,37.79,都市：其他:住宅區,520000,15000,持分移轉,00680000
RPQOMLPJLHLGFBB67DA,碧柳段,21.22,都市：其他:第二之一種住宅區,100000,292,持分移轉,00780000
RPPNMLNKKHLGFGB77DA,保民段,32.70,都市：其他:住宅區,1,1,全筆移轉,03910000
RPPNMLNKKHLGFGB77DA,保民段,2.01,都市：其他:住宅區,1,1,全筆移轉,03920000
RPPNMLNKKHLGFGB77DA,保民段,39.11,都市：其他:住宅區,4,2,持分移轉,03930000
RPPNMLNKKHLGFGB77DA,保民段,7.01,都市：其他:住宅區,1,1,全筆移轉,03940000
RPRPMLQLKHLGFDB28DA,豐洲北段,86.95,都市：其他:第二種住宅區,1,1,全筆移轉,01270000
RPPOMLOLKHLGFCB67DA,南屯段,34.76,都市：其他:第二種住宅區,100000,1104,持分移轉,07030000
RPUOMLKMJHLGFIB38DA,武德段,98.32,都市：其他:住宅區,1,1,全筆移轉,00800003
RPXPMLQLJHLGFBB58DA,東義段,86.00,都市：其他:第二種住宅區,1,1,全筆移轉,00100003
RPXPMLQLJHLGFBB58DA,東義段,88.00,都市：其他:第二種住宅區,1,1,全筆移轉,00100004
RPXPMLQLJHLGFBB58DA,東義段,91.00,都市：其他:第二種住宅區,1,1,全筆移轉,00100005
RPXPMLQLJHLGFBB58DA,東義段,181.00,都市：其他:第二種住宅區,1,1,全筆移轉,00100006
RPXPMLNKJHLGFBB18DA,仁平段,35.25,都市：其他:第一之一種住宅區,100000,425,持分移轉,02550000
RPSOMLQLKHLGFBB08DA,美和段,55.98,都市：其他:第一之一種住宅區,100000,1287,持分移轉,03070000
RPROMLQJKHLGFBB77DA,北屯段,13.09,都市：其他:第二種住宅區,601300,1309,持分移轉,05280000
TPSOMLTJLHLGFCB58DA,南屯段,60.00,都市：其他:第一種商業區,12,6,持分移轉,10880000
SPSOMLTJLHLGFCB48DA,南屯段,.25,都市：其他:第一種商業區,12,1,持分移轉,10870000
RPSOMLQJKHLGFBB87DA,北屯段,70.94,都市：其他:第二種住宅區,601300,7094,持分移轉,05280000
RPURMLOJLHLGFCB38DA,西屯段,6.50,都市：其他:第三之二種住宅區,10000,10,持分移轉,22790000
RPQQMLOJLHLGFBB77DA,仁美段,13.80,都市：其他:第五種住宅區,100000,134,持分移轉,11350000
RPSOMLTJLHLGFCB38DA,南屯段,1.50,都市：其他:第一種商業區,12,6,持分移轉,10870000
RPPPMLPKJHLGFAB47DA,仁愛段一小段,26.53,都市：其他:第一種商業區,100000,1751,持分移轉,00020000
RPPOMLQJLHLGFAB57DA,樹子腳段,11.79,都市：其他:第三種住宅區。,100000,170,持分移轉,02680000
RPPOMLQJLHLGFAB57DA,樹子腳段,.00,都市：其他:道路用地,100000,170,持分移轉,02680004
RPUOMLMLJHLGFBB77DA,北屯段,13.19,都市：其他:第二種商業區,10000,27,持分移轉,03520000
RPRNMLLKKHLGFBB27DA,北屯段,20.30,都市：其他:第二種住宅區,100000,648,持分移轉,03520003
RPURMLNJKHLGFCB18DA,民安段,109.01,都市：其他:第三之一種住宅區,1,1,全筆移轉,19180005
RPTNMLPLKHLGFDB18DA,牛稠坑段,91.00,都市：其他:住宅區,1,1,全筆移轉,01210220
RPRNMLKKKHLGFBB17DA,錦村段,3.17,都市：其他:第二之一種商業區,200000,850,持分移轉,02960045
RPRNMLKKKHLGFBB17DA,錦村段,5.02,都市：其他:第一種商業區,200000,850,持分移轉,03030005
WPSOMLTJLHLGFCB88DA,南屯段,.58,都市：其他:第一種商業區,12,1,持分移轉,10890000
RPPNMLNKKHLGFCB37DA,福安段,23.57,都市：其他:第二種住宅區,2500,161,持分移轉,03860000
RPQNMLNLKHLGFDB67DA,岸裡段,110.12,都市：其他:第一之一種住宅區,1,1,全筆移轉,05630007
RPQNMLNLKHLGFDB67DA,岸裡段,2.86,都市：其他:第一之一種住宅區,1,1,全筆移轉,05630008
RPOPMLMJKHLGFAB07DA,下橋子頭段,11.13,都市：其他:第二種住宅區,200000,1338,持分移轉,01060004
RPRNMLSLJHLGFEB28DA,東泰段,77.76,非都市：山坡地保育區 ; 非都市編定：丙種建築用地,1,1,全筆移轉,00880000
RPVPMLKKLHLGFCB97DA,上石碑段,.80,都市：其他:第三種商業區,100000,447,持分移轉,09640000
RPVPMLKKLHLGFCB97DA,上石碑段,.76,都市：其他:第三種商業區,100000,447,持分移轉,09760024
RPVPMLKKLHLGFCB97DA,上石碑段,9.02,都市：其他:第三種商業區,100000,447,持分移轉,27740000
RPSPMLRLJHLGFBB18DA,倡和段,12.02,都市：其他:第三之一種商業區,10000,60,持分移轉,01880000
RPRNMLTJLHLGFFB48DA,文光段,1.30,都市：其他:第四種住宅區,4695,104,持分移轉,02330000
RPRNMLTJLHLGFFB48DA,文光段,103.99,都市：其他:第四種住宅區,1,1,全筆移轉,02400000
RPRNMLTJLHLGFFB48DA,文光段,34.26,都市：其他:第四種住宅區,4695,104,持分移轉,02580000
RPTOMLLKKHLGFFB97DA,晉江北段,36.20,都市：其他:第三種住宅區。,100000,3143,持分移轉,01310000
RPTOMLLKKHLGFFB97DA,晉江北段,79.64,都市：其他:第三種住宅區。,1,1,全筆移轉,01310003
RPTNMLNJKHLGFCB67DA,何厝段,9.71,都市：其他:第三種商業區,10000,469,持分移轉,03890020
RPVNMLKKLHLGFFB08DA,鹿寮段,123.00,都市：其他:第四種住宅區,1,1,全筆移轉,08640011
RPRNMLSLJHLGFGB48DA,東豐段,35.31,都市：其他:第一種住宅區,100000,1056,持分移轉,00290000
RPXNMLLKKHLGFFB28DA,市鎮南段,9.42,都市：其他:第四種商業區,100000,42,持分移轉,00970000
RPUNMLNJKHLGFGB18DA,新國校段,162.21,非都市：特定農業區 ; 非都市編定：農牧用地,8,1,持分移轉,03890000
RPUNMLNJKHLGFGB18DA,新國校段,74.90,非都市：特定農業區 ; 非都市編定：農牧用地,8,1,持分移轉,03900000
RPUNMLNJKHLGFGB18DA,新國校段,17.07,非都市：特定農業區 ; 非都市編定：農牧用地,8,1,持分移轉,03930000
RPUNMLNJKHLGFGB18DA,新國校段,2.24,非都市：特定農業區 ; 非都市編定：農牧用地,80,1,持分移轉,06120000
RPRNMLQLKHLGFGB38DA,東勢段石角小段,2530.00,非都市：山坡地保育區 ; 非都市編定：農牧用地,1,1,全筆移轉,32480001
RPVNMLPJLHLGFIB78DA,吉峰段,26.53,非都市：鄉村區 ; 非都市編定：乙種建築用地,70,2,持分移轉,02660000
RPVNMLPJLHLGFIB78DA,吉峰段,60.86,非都市：鄉村區 ; 非都市編定：乙種建築用地,1,1,全筆移轉,02660019
RPVNMLQJLHLGFJB98DA,東和段,95.66,都市：其他:第一種住宅區,1,1,全筆移轉,09610003
RPVNMLQJLHLGFJB98DA,東和段,7.68,都市：其他:第一種住宅區,18211,768,持分移轉,09610010
RPROMLTJKHLGFIB78DA,丁台一段,172.48,非都市：鄉村區 ; 非都市編定：乙種建築用地,1,1,全筆移轉,03330000
RPWNMLPLKHLGFAB18DA,麻園頭段,28.20,都市：其他:第二種住宅區,400,10,持分移轉,06120000
RPTNMLLKLHLGFAB47DA,下橋子頭段,12.54,都市：其他:第三種住宅區。,100000,823,持分移轉,02750002
UPSOMLTJLHLGFCB68DA,南屯段,10.00,都市：其他:第一種商業區,12,1,持分移轉,10880000
RPPNMLKKLHLGFCB27EA,惠順段,5.78,都市：其他:第四之一種商業區,100000,173,持分移轉,00060000
VPSOMLTJLHLGFCB78DA,南屯段,3.50,都市：其他:第一種商業區,12,6,持分移轉,10890000
RPVNMLPJKHLGFFB38DA,三民段,45.43,都市：其他:第四種住宅區,951400,4543,持分移轉,15060000
RPVNMLPJKHLGFFB38DA,三民段,.11,都市：其他:第四種住宅區,9358000000,107568,持分移轉,15130000
RPOOMLKMJHLGFIB77DA,成功段,82.57,都市：其他:住宅區,1,1,全筆移轉,20650000
RPRNMLQJLHLGFAB67DA,下橋子頭段,14.11,都市：其他:第三種住宅區。,100000,354,持分移轉,02480000
RPTNMLMKLHLGFAB57DA,旱新段,276.01,都市：其他:第二種住宅區,1,1,全筆移轉,03180000
RPPNMLNKKHLGFIB97DA,新榮和段,27.96,都市：其他:第二種住宅區,10000,126,持分移轉,01350000
RPQNMLOJJHLGFAB17DA,後壠子段,9.02,都市：其他:第二種住宅區,100000,360,持分移轉,01310040
RPXNMLNKKHLGFBB08DA,竹興段,35.69,都市：其他:第一之一種住宅區,100000,807,持分移轉,01950000
RPROMLPJLHLGFAB67DA,柳川段一小段,1.59,都市：其他:第二種商業區,100000,58,持分移轉,00040000
RPWRMLKKLHLGFBB18DA,北屯段,116.00,都市：其他:第三種住宅區。,1,1,全筆移轉,01710048
RPROMLPJLHLGFAB67DA,柳川段一小段,.37,都市：其他:第一種商業區,100000,58,持分移轉,00040006
RPSNMLPJLHLGFAB67DA,柳川段一小段,1.59,都市：其他:第二種商業區,100000,58,持分移轉,00040000
RPOPMLTJLHLGFBB97DA,乾溝子段,9.70,都市：其他:第二種住宅區,2290,97,持分移轉,01570005
RPSNMLPJLHLGFAB67DA,柳川段一小段,.37,都市：其他:第一種商業區,100000,58,持分移轉,00040006
RPVNMLQLKHLGFBB28DA,東山段,16.70,都市：其他:第二種住宅區,78330,4773,持分移轉,03930000
RPSNMLMJKHLGFBB37DA,東光段,11.85,都市：其他:第二種住宅區,20,1,持分移轉,02670000
RPSNMLMJKHLGFBB37DA,北屯段,16.25,都市：其他:第二種住宅區,20,1,持分移轉,05500000
RPSNMLMJKHLGFBB37DA,北屯段,.40,都市：其他:第二種住宅區,20,1,持分移轉,05510012
RPTNMLPJLHLGFAB77DA,柳川段一小段,1.57,都市：其他:第二種商業區,100000,57,持分移轉,00040000
RPTNMLPJLHLGFAB77DA,柳川段一小段,.36,都市：其他:第一種商業區,100000,57,持分移轉,00040006
RPOOMLQJKHLGFCB57DA,寶山段,23.05,都市：其他:第二種住宅區,100000,497,持分移轉,08840000
RPWNMLTJKHLGFIB56DA,新高鐵段,12.40,都市：其他:商業區,100000,49,持分移轉,00890000
RPPQMLKKLHLGFCB47DA,民安段,13.66,都市：其他:第三之一種住宅區,10000,211,持分移轉,06910000
RPRNMLQLKHLGFFB28DA,裕嘉段,2260.00,都市：其他:農業區,1,1,全筆移轉,07460000
RPOPMLPLKHLGFBB67DA,東新段,10.56,都市：其他:第二種住宅區,10000,397,持分移轉,00210000
RPXOMLKMJHLGFBB97DA,東義段,34.56,都市：其他:第二種住宅區,100,12,持分移轉,01000000
RPQNMLMJLHLGFHB87DA,上楓段,1355.00,都市：其他:農業區,1,1,全筆移轉,02980001
RPTNMLLKLHLGFCB67DA,春安段,20.45,都市：其他:第三之二種住宅區,100000,832,持分移轉,03450000
RPTNMLTJLHLGFKB56DA,北王田段,18.88,都市：其他:農業區,51840,1980,持分移轉,03990000
RPTNMLTJLHLGFKB56DA,北王田段,42.48,都市：其他:第一種住宅區,5760,220,持分移轉,05290000
RPTNMLTJLHLGFKB56DA,北王田段,143.42,都市：其他:第一種住宅區,63660,38196,持分移轉,05380000
RPTNMLTJLHLGFKB56DA,北王田段,3.91,都市：其他:第一種住宅區,51840,1980,持分移轉,08890000
RPUNMLKKLHLGFCB67DA,上石碑段,20.36,都市：其他:第三種商業區,100000,2028,持分移轉,09630000
RPTNMLTJLHLGFKB56DA,北王田段,14.50,都市：其他:道路用地,51840,1980,持分移轉,08900000
RPOOMLPJKHLGFIB08DA,新三和段,21.81,都市：其他:第二種住宅區,14,1,持分移轉,00580007
RPOOMLPJKHLGFIB08DA,新三和段,68.08,都市：其他:第二種住宅區,1,1,全筆移轉,00580011
RPWNMLMJLHLGFIB58DA,四德段,86.88,非都市：鄉村區 ; 非都市編定：乙種建築用地,1,1,全筆移轉,10110000
RPSOMLTJKHLGFDB38DA,庄前段,15.76,非都市：特定農業區 ; 非都市編定：農牧用地,1,1,全筆移轉,05780000
RPSOMLTJKHLGFDB38DA,庄前段,2166.78,非都市：特定農業區 ; 非都市編定：農牧用地,1,1,全筆移轉,05790000
RPXNMLNJLHLGFHB68DA,中和段,204.01,都市：其他:農業區,1,1,全筆移轉,01080000
RPXNMLNJLHLGFHB68DA,中和段,529.13,都市：其他:農業區,1,1,全筆移轉,01090000
RPXNMLOLKHLGFIB98DA,中興段,22.00,都市：其他:住宅區,1645,22,持分移轉,01670000
RPWNMLMJKHLGFJB58DA,育賢段,18.05,都市：其他:住宅區,10000,21,持分移轉,02010000
RPPOMLOLJIKGFIB18DA,樹王段,1098.70,非都市：一般農業區 ; 非都市編定：農牧用地,1,1,全筆移轉,03330000
RPPNMLOLKHLGFHB08DA,家興段,10.60,都市：其他:第一之一種住宅區,1000000,3072,持分移轉,05610000
RPWOMLPLKHLGFCB48DA,信安段,13.34,都市：其他:第三之一種住宅區,100000,140,持分移轉,05930002
RPVNMLOJLHLGFJB78DA,壽平段,26.00,都市：其他:第一種住宅區,100000,885,持分移轉,05400000
RPQNMLPLKHLGFJB48DA,中南段,73.25,非都市：鄉村區 ; 非都市編定：乙種建築用地,1,1,全筆移轉,01150000
RPRNMLLKLHLGFKB28DA,竹師段,24.57,都市：其他:第四種住宅區,100000,2173,持分移轉,00510000
RPRNMLLKLHLGFKB28DA,竹師段,9.21,都市：其他:第四種住宅區,50,1,持分移轉,00550000
RPRNMLLKLHLGFKB28DA,竹師段,.22,都市：其他:第四種住宅區,2400,1,持分移轉,00680000
RPRNMLLKLHLGFKB28DA,竹師段,.00,都市：其他:第四種住宅區,2400,1,持分移轉,00690000
RPRNMLLKLHLGFKB28DA,竹師段,.07,都市：其他:道路用地,2400,1,持分移轉,00690001
RPRNMLLKLHLGFKB28DA,竹師段,.02,都市：其他:第四種住宅區,2400,1,持分移轉,00710000
RPRNMLLKLHLGFKB28DA,竹師段,.07,都市：其他:道路用地,2400,1,持分移轉,00710001
RPUNMLQJLHLGFJB88DA,新高段,121.55,都市：其他:住宅區,1,1,全筆移轉,01180004
RPTNMLMLJHLGFJB38DA,宜欣段,39.00,都市：其他:住宅區,1,1,全筆移轉,20310000
RPWNMLPKJHLGFJB88DA,孝平段,19.07,都市：其他:第一種住宅區,10000,138,持分移轉,00760000
RPSNMLMJKHLGFCB47DA,惠信段,13.51,都市：其他:第五種住宅區,100000,479,持分移轉,00950000
RPPNMLLKLHLGFAB17EA,旱溪段,17.08,都市：其他:第二種住宅區,24,5,持分移轉,03630128
RPVNMLPJLHLGFAB97DA,後壠子段,21.00,都市：其他:第二種住宅區,1,1,全筆移轉,01640204
RPVNMLPJLHLGFAB97DA,後壠子段,54.00,都市：其他:第二種住宅區,1,1,全筆移轉,01640205
RPVNMLPJLHLGFAB97DA,後壠子段,2.00,都市：其他:第一種商業區,1,1,全筆移轉,01640229
RPVNMLPJLHLGFAB97DA,後壠子段,3.00,都市：其他:第一種商業區,1,1,全筆移轉,01640230
RPVNMLPJLHLGFAB97DA,後壠子段,3.00,都市：其他:第一種商業區,1,1,全筆移轉,01640231
RPWNMLOLKHLGFAB08DA,下橋子頭段,15.09,都市：其他:第一種商業區,100000,533,持分移轉,00170001
RPOOMLKKLHLGFAB96DA,旱清段,13.57,都市：其他:第二種住宅區,10000,135,持分移轉,02030000
RPPNMLKKLHLGFAB07EA,旱溪段,7.50,都市：其他:第七種住宅區,2,1,持分移轉,01450158
RPROMLNLJHLGFFB97DA,銀聯段,50.50,都市：其他:第四種住宅區,100000,227,持分移轉,02020002
RPQNMLNKLHLGFGB97DA,大茅埔段,2226.67,非都市：山坡地保育區 ; 非都市編定：農牧用地,3,1,持分移轉,29030000
RPQNMLLJLHLGFBB17DA,軍福段,15.70,都市：其他:第二種商業區,10000,36,持分移轉,01170000
RPPNMLPJKHLGFIB08DA,新榮泉段,31.26,都市：其他:第二種住宅區,10000,64,持分移轉,01600000
RPOOMLPJLHLGFFB87DA,鹿峰東段,5.68,都市：其他:第四種住宅區,100000,1792,持分移轉,15330000
RPOOMLPJLHLGFFB87DA,鹿峰東段,5.68,都市：其他:第四種住宅區,100000,1792,持分移轉,15340000
RPPNMLOJLHLGFBB37DA,仁德段,8.39,都市：其他:第二種住宅區,10000,53,持分移轉,07480000
RPPNMLOJLHLGFBB37DA,陳平段,4.84,都市：其他:第二種住宅區,10000,53,持分移轉,18810004
RPUNMLKKLHLGFDB77DA,中和東段,91.25,都市：其他:住宅區,1,1,全筆移轉,03940000
RPUOMLOLKHLGFBB08DA,陳平段,438.40,都市：其他:第二種住宅區,10,8,持分移轉,18800006
RPVOMLKKLHLGFBB77DA,新賴厝廍三段,13.00,都市：其他:第二之一種商業區,1000,58,持分移轉,01170000
RPVOMLKKLHLGFBB77DA,新賴厝廍三段,61.00,都市：其他:第二之一種商業區,1,1,全筆移轉,05700000
RPSNMLQLKHLGFCB08DA,民安段,13.60,都市：其他:第三之一種住宅區,10000,210,持分移轉,06910000
RPSOMLLLJHLGFBB47DA,東義段,13.65,都市：其他:第二種住宅區,100000,266,持分移轉,00010000
RPRNMLMKLHLGFDB67DA,庄前段,619.60,非都市：特定農業區 ; 非都市編定：農牧用地,1,1,全筆移轉,05530000
RPQNMLMKLHLGFDB57DA,新圳段,197.94,非都市：一般農業區 ; 非都市編定：甲種建築用地,2,1,持分移轉,02200000
RPUNMLOLKHLGFCB08DA,楓樹段,666.00,都市：其他:污水處理廠,1,1,全筆移轉,03560000
RPUNMLOLKHLGFCB08DA,楓樹段,103.00,都市：其他:污水處理廠,1,1,全筆移轉,03610000
RPUNMLOLKHLGFCB08DA,楓樹段,40.00,都市：其他:第一種住宅區,1,1,全筆移轉,03620000
RPPNMLKKJHLGFIB57DA,大仁段,12.63,都市：其他:商業區,100000,743,持分移轉,03380000
RPQNMLQKLHLGFEB08DA,金華段,166.54,都市：其他:住宅區,1,1,全筆移轉,03340000
RPOOMLOKJHLGFIB97DA,新仁段,28.40,都市：其他:住宅區,17410,284,持分移轉,10260000
RPRNMLOLKHLGFCB77DA,建功段,10.94,都市：其他:第五種住宅區,100000,134,持分移轉,00040000
RPSOMLLKKHLGFFB87DA,南勢段,3.00,都市：其他:第二種住宅區,145510,300,持分移轉,09420000
RPSOMLLKKHLGFFB87DA,南勢段,13.15,都市：其他:保護區,8621000,17827,持分移轉,09930000
RPSOMLLKKHLGFFB87DA,南勢段,.69,都市：其他:第二種住宅區,2490000,9450,持分移轉,10470000
RPSOMLLKKHLGFFB87DA,南勢段,47.50,都市：其他:第二種住宅區,1,1,全筆移轉,10810012
RPSOMLLKKHLGFFB87DA,南勢段,19.53,都市：其他:第二種住宅區,20,1,持分移轉,10810021
RPWOMLQLKHLGFBB48DA,平田段,5.29,都市：其他:第二種住宅區,100000,90,持分移轉,05140000
RPQNMLLKJHLGFBB07DA,太原段,18.57,都市：其他:第三種住宅區。,100000,92,持分移轉,01400004
RPORMLMKLHLGFFB97DA,鹿寮段,7.08,都市：其他:第四種住宅區,10000,502,持分移轉,08760007
RPORMLMKLHLGFFB97DA,鹿寮段,7.03,都市：其他:第四種住宅區,10000,502,持分移轉,08760008
RPORMLMKLHLGFFB97DA,鹿寮段,7.03,都市：其他:第四種住宅區,10000,502,持分移轉,08760009
RPORMLMKLHLGFFB97DA,鹿寮段,7.08,都市：其他:第四種住宅區,10000,502,持分移轉,08760010
RPPQMLNJLHLGFCB67DA,豐功段,26.34,都市：其他:第一種商業區,100000,827,持分移轉,02090000
RPVNMLMKLHLGFIB58DA,西湖北段,5536.21,非都市：一般農業區 ; 非都市編定：農牧用地,1,1,全筆移轉,04210000
RPPNMLTLJHLGFEB18DA,新美段,2.63,都市：其他:住宅區,7429,247,持分移轉,03310002
RPPNMLTLJHLGFEB18DA,新美段,62.00,都市：其他:住宅區,1,1,全筆移轉,03310012
RPPNMLTLJHLGFEB18DA,新美段,19.44,都市：其他:住宅區,51331,2232,持分移轉,03310017
RPWNMLMJLHLGFHB48DA,安和段,80.38,都市：其他:第一之二種住宅區,3,1,持分移轉,09400000
RPWNMLMJLHLGFHB48DA,安和段,106.84,都市：其他:第一之二種住宅區,3,1,持分移轉,09500000
RPURMLSJJHLGFCB58DA,何安段,3.13,都市：其他:第二種住宅區,20000,164,持分移轉,09140000
RPURMLSJJHLGFCB58DA,何安段,9.76,都市：其他:第一種商業區,20000,164,持分移轉,09150000
RPWNMLNLKHLGFJB88DA,樹孝段,3.14,都市：其他:住宅區,1,1,全筆移轉,02220005
RPWNMLNLKHLGFJB88DA,樹孝段,2.70,都市：其他:住宅區,1,1,全筆移轉,02230003
RPWNMLNLKHLGFJB88DA,樹孝段,159.10,都市：其他:住宅區,1,1,全筆移轉,02940000
RPOPMLQJKHLGFFB97DA,國昌段,70.65,都市：其他:第二種住宅區,1,1,全筆移轉,02330006
RPOPMLQJKHLGFFB97DA,國昌段,7.65,都市：其他:第二種住宅區,47023,765,持分移轉,02330014
RPOPMLQJKHLGFFB97DA,國昌段,.02,都市：其他:第二種住宅區,46,2,持分移轉,02330044
RPTNMLMJLHLGFFB97DA,海濱段,11.50,都市：其他:第四種住宅區,10,1,持分移轉,08920024
RPTNMLMJLHLGFFB97DA,海濱段,69.00,都市：其他:第四種住宅區,1,1,全筆移轉,08920029
RPPNMLMKLHLGFDB57EA,福隆段,81.39,都市：其他:第一之一種住宅區,1,1,全筆移轉,03400000
RPPNMLMKLHLGFDB57EA,福隆段,5.98,都市：其他:第一之一種住宅區,1,1,全筆移轉,03410001
RPXNMLPJKHLGFIB88DA,新三和段,33.00,都市：其他:第二種住宅區,10000,38,持分移轉,00700001
RPVOMLLKLHLGFIB58DA,興祥段,46.23,都市：其他:園道用地,480,10,持分移轉,10070002
RPVOMLLKLHLGFIB58DA,興祥段,1.43,都市：其他:園道用地,480,10,持分移轉,10070003
RPVOMLLKLHLGFIB58DA,興祥段,23.60,都市：其他:園道用地,2480,210,持分移轉,10110000
RPTOMLPJLHLGFAB87DA,樹子腳段,14.64,都市：其他:第三種住宅區。,10000,58,持分移轉,00230000
RPTNMLNJKHLGFJB38DA,中華段,48.95,非都市：鄉村區 ; 非都市編定：乙種建築用地,1,1,全筆移轉,03620001
RPVOMLLKLHLGFIB58DA,興祥段,6.59,都市：其他:園道用地,2480,210,持分移轉,10110001
RPVOMLLKLHLGFIB58DA,興祥段,247.83,都市：其他:園道用地,2480,210,持分移轉,10110002
RPVOMLLKLHLGFIB58DA,興祥段,164.74,都市：其他:園道用地,2480,210,持分移轉,10110004
RPTNMLNJKHLGFJB38DA,中華段,164.19,非都市：鄉村區 ; 非都市編定：乙種建築用地,1,1,全筆移轉,03630000
RPTOMLKKLHLGFFB97DA,東山段,3235.84,非都市：一般農業區 ; 非都市編定：農牧用地,1,1,全筆移轉,09600000
RPSNMLPJJHLGFAB47DA,後壠子段,104.00,都市：其他:第二種住宅區,1,1,全筆移轉,02520011
RPOONLKLJHLGFCB17DA,三塊厝段,15.40,都市：其他:第二種住宅區,10000,68,持分移轉,10930000
RPPNMLNJLHLGFAB17DA,自由段六小段,.28,都市：其他:第一種商業區,10000,26,持分移轉,00010000
RPPNMLNJLHLGFAB17DA,重慶段六小段,.15,都市：其他:第二種商業區,10000,26,持分移轉,00050001
RPPNMLNJLHLGFAB17DA,重慶段六小段,1.11,都市：其他:第二種商業區,10000,26,持分移轉,00050006
RPPNMLNJLHLGFAB17DA,重慶段六小段,.72,都市：其他:第一種商業區,10000,26,持分移轉,00050020
RPQOMLLKLHLGFIB08DA,瑞城段,3.53,非都市：鄉村區 ; 非都市編定：乙種建築用地,10000,41,持分移轉,02190001
RPUOMLMJKHLGFBB67DA,大興段,275.98,都市：其他:第三種遊憩區,1,1,全筆移轉,07030000
RPQOMLLKLHLGFIB08DA,瑞城段,20.77,非都市：鄉村區 ; 非都市編定：乙種建築用地,10000,113,持分移轉,02190025
RPUOMLMJKHLGFBB67DA,大興段,3416.23,都市：其他:第三種遊憩區,1,1,全筆移轉,07040000
RPUOMLMJKHLGFBB67DA,大興段,5.76,都市：其他:第三種遊憩區,1,1,全筆移轉,07040015
RPRNMLSLJHLGFJB78DA,樹孝段,5.65,都市：其他:住宅區,100000,842,持分移轉,16900000
RPRNMLSLJHLGFJB78DA,樹孝段,.61,都市：其他:住宅區,100000,842,持分移轉,16940000
RPRNMLSLJHLGFJB78DA,樹孝段,8.79,都市：其他:住宅區,100000,842,持分移轉,17010000
RPSOMLLKLHLGFIB28DA,大忠段,33.87,都市：其他:住宅區,100000,1125,持分移轉,01880000
RPROMLQLKHLGFAB87DA,後壠子段,25.22,都市：其他:第二種住宅區,1000,65,持分移轉,01990047
RPXNMLQJKHLGFAB18DA,下橋子頭段,17.86,都市：其他:第三種住宅區。,100000,83,持分移轉,02310001
RPSNMLQKJHLGFAB67DA,下橋子頭段,8.77,都市：其他:第三種住宅區。,10000,37,持分移轉,01860001
RPSNMLQKJHLGFAB67DA,下橋子頭段,7.72,都市：其他:第二種住宅區,10000,37,持分移轉,01860004
RPQOMLLKKHLGFBB27DA,文正段,5.54,都市：其他:第二種住宅區,10000,56,持分移轉,00870000
RPQOMLLKKHLGFBB27DA,文正段,2.83,都市：其他:第二種住宅區,10000,56,持分移轉,00890003
RPTOMLQLKHLGFAB08DA,東橋段,.72,都市：其他:第二種住宅區,100000,727,持分移轉,09490000
RPTOMLQLKHLGFAB08DA,東橋段,25.48,都市：其他:第二種住宅區,100000,727,持分移轉,09500000
RPUPMLOJKHLGFBB97DA,東義段,23.04,都市：其他:第二種住宅區,100,8,持分移轉,01000000
RPUNMLSLJHLGFBB28DA,昌平段,29.49,都市：其他:第五種住宅區,100000,638,持分移轉,02550000
RPPPMLQLKHLGFCB97DA,保安段,22.09,都市：其他:第一種商業區,10000,135,持分移轉,11420000
RPPPMLTJLHLGFCB18DA,大明段,22.00,都市：其他:第二種住宅區,100000,1090,持分移轉,00700000
RPSNMLPJKHLGFBB67DA,文正段,5.54,都市：其他:第二種住宅區,10000,56,持分移轉,00870000
RPRNMLPJKHLGFBB57DA,文正段,5.94,都市：其他:第二種住宅區,10000,60,持分移轉,00870000
RPSNMLPJKHLGFBB67DA,文正段,2.83,都市：其他:第二種住宅區,10000,56,持分移轉,00890003
RPQNMLQLKHLGFBB77DA,東義段,22.32,都市：其他:第二種住宅區,10000,317,持分移轉,03410000
RPRNMLPJKHLGFBB57DA,文正段,3.03,都市：其他:第二種住宅區,10000,60,持分移轉,00890003
RPQNMLNKLHLGFCB57DA,黎明段,16.28,都市：其他:第二種住宅區,100000,307,持分移轉,01030000
RPXNMLLKLHLGFBB97DA,文正段,5.94,都市：其他:第二種住宅區,10000,60,持分移轉,00870000
RPOQMLTLJHLGFBB08DA,美和段,32.83,都市：其他:第一之一種住宅區,100000,1789,持分移轉,03130000
RPXNMLLKLHLGFBB97DA,文正段,3.03,都市：其他:第二種住宅區,10000,60,持分移轉,00890003
RPWNMLLKLHLGFBB87DA,文正段,16.63,都市：其他:第二種住宅區,10000,168,持分移轉,00870000
RPWNMLLKLHLGFBB87DA,文正段,8.48,都市：其他:第二種住宅區,10000,168,持分移轉,00890003
RPQNMLQKLHLGFCB87DA,國安段,23.80,都市：其他:第一之一種住宅區,10000,48,持分移轉,02920000
RPQNMLPLJHLGFBB57DA,太和段,15.12,都市：其他:第三種住宅區。,100000,633,持分移轉,02030000
RPVNMLSJJHLGFBB18DA,松竹段,3.00,都市：其他:第二種住宅區,1,1,全筆移轉,01970001
RPVNMLSJJHLGFBB18DA,松竹段,85.00,都市：其他:第二種住宅區,1,1,全筆移轉,02000002
RPPNMLLJLHLGFDB27DA,廣興段,68.99,都市：其他:住宅區,1,1,全筆移轉,00680000
RPPOMLMKLHLGFCB47DA,西屯段,85.00,都市：其他:第二種住宅區,1,1,全筆移轉,07870016
RPTPMLPJKHLGFBB97DA,東義段,34.56,都市：其他:第二種住宅區,100,12,持分移轉,01000000
RPQNMLKKLHLGFEB47DA,文安段,25.01,非都市：特定農業區 ; 非都市編定：甲種建築用地,2,1,持分移轉,00020000
RPQNMLKKLHLGFEB47DA,文安段,267.74,都市：其他:農業區,1,1,全筆移轉,00340002
RPTNMLNJLHLGFDB87DA,望寮段,63.01,都市：其他:第一之一種住宅區,1,1,全筆移轉,01400000
RPQNMLKKLHLGFEB47DA,文安段,29.71,都市：其他:農業區,2,1,持分移轉,00340003
RPQNMLKKLHLGFEB47DA,文安段,13.46,都市：其他:農業區,4,1,持分移轉,00340004
RPPPNLMJLHLGFCB57DA,三塊厝段,12.51,都市：其他:第三種住宅區。,10000,84,持分移轉,14560000
RPOOMLQKLHLGFFB08DA,三田段,267.38,都市：其他:農業區,16,3,持分移轉,18350000
RPSNMLNKLHLGFFB08DA,三鹿段,19.55,都市：其他:第二種商業區,100000,407,持分移轉,00350000
RPPNMLQKLHLGFFB18EA,和平段,211.33,都市：其他:農業區,6,1,持分移轉,01640002
RPTNMLNKKHLGFJB48DA,新坪段,29.62,都市：其他:住宅區,1,1,全筆移轉,06410000
RPTNMLNKKHLGFJB48DA,新坪段,109.18,都市：其他:住宅區,1,1,全筆移轉,06420000
RPRNMLQKLHLGFFB38EA,鹿峰東段,60.06,都市：其他:第四種住宅區,9,2,持分移轉,16150000
RPPNMLPLKHLGFEB87DA,奉化段,81.95,非都市：鄉村區 ; 非都市編定：乙種建築用地,1,1,全筆移轉,02430003
RPWOMLPJLHLGFFB68DA,吳厝北段,161.39,非都市：一般農業區 ; 非都市編定：丙種建築用地,1,1,全筆移轉,04430000
RPWOMLPJLHLGFFB68DA,吳厝北段,96.48,非都市：一般農業區 ; 非都市編定：丙種建築用地,1,1,全筆移轉,04440000
RPPNMLQKLHLGFAB57DA,信義段一小段,35.37,都市：其他:第二種住宅區,9950,1060,持分移轉,00100000
RPUNMLQLKHLGFFB58DA,正英段,868.97,都市：其他:第二種住宅區,1,1,全筆移轉,08480000
RPPNMLMKLHLGFAB27EA,科博段,17.05,都市：其他:第三種商業區,10000,112,持分移轉,03600000
RPOOMLMKKHLGFAB07DA,下橋子頭段,15.73,都市：其他:第三種住宅區。,10000,16,持分移轉,02210006
RPOOMLMKKHLGFAB07DA,下橋子頭段,1.22,都市：其他:第三種住宅區。,10000,16,持分移轉,02210450
RPWNMLNKLHLGFAB97DA,大益段,7.01,都市：其他:第二種住宅區,10000,74,持分移轉,04740000
RPVOMLPLKHLGFBB28DA,松茂段,21.12,都市：其他:第二種住宅區,10000,54,持分移轉,07810000
RPOPMLOJLHLGFBB47DA,北屯段,8.41,都市：其他:市場用地,100000,328,持分移轉,01420002
RPQOMLPJJHLGFAB37DA,後壠子段,19.69,都市：其他:第二種住宅區,100000,614,持分移轉,01090000
RPQOMLPJJHLGFAB37DA,後壠子段,.55,都市：其他:第二種住宅區,100000,614,持分移轉,01150064
RPRNMLLKLHLGFIB08DA,仁化段,13.54,都市：其他:住宅區,10000,47,持分移轉,04590000
RPPNMLMKLHLGFBB27DA,水源段,.16,都市：其他:第二種住宅區,9096000000,8017711,持分移轉,02300077
RPQNMLQKLHLGFFB28EA,和平段,211.33,都市：其他:農業區,6,1,持分移轉,01640002
RPPNMLMKLHLGFBB27DA,水源段,9.58,都市：其他:第二種住宅區,9096000000,8017711,持分移轉,02310000
RPPNMLMKLHLGFBB27DA,水源段,.02,都市：其他:第二種住宅區,100000,89,持分移轉,02320001
RPPNMLMKLHLGFBB27DA,錦村段,11.97,都市：其他:第二種住宅區,9096000000,8017711,持分移轉,02840000
RPPNMLMKLHLGFBB27DA,錦村段,.05,都市：其他:第二種住宅區,9096000000,8017711,持分移轉,02840003
RPPNMLMKLHLGFBB27DA,錦村段,1.37,都市：其他:第二種住宅區,9096000000,8017711,持分移轉,02840004
RPPNMLMKLHLGFBB27DA,錦村段,.02,都市：其他:第三種住宅區。,9096000000,8017711,持分移轉,02840007
RPPNMLMKLHLGFBB27DA,錦村段,.01,都市：其他:道路用地,90960,80,持分移轉,02840008
RPPNMLMKLHLGFBB27DA,錦村段,.00,都市：其他:道路用地,90960,80,持分移轉,02840009
RPTNMLNKKHLGFBB67DA,水湳段,71.00,都市：其他:第三之二種住宅區,1,1,全筆移轉,09870000
RPPOMLNJKHLGFBB27DA,建業段,83.00,都市：其他:第一種住宅區,1,1,全筆移轉,04780014
RPOOMLLKLHLGFBB17DA,新賴厝廍六段,15.65,都市：其他:第三種住宅區。,100000,909,持分移轉,04340000
RPOOMLLKLHLGFBB17DA,新賴厝廍六段,26.53,都市：其他:第二種住宅區,100000,909,持分移轉,04350000
RPUNMLTLJHLGFCB48DA,永安段,18.08,都市：其他:農業區,1,1,全筆移轉,04120017
RPPNMLOLKHLGFCB57DA,永安段,432.16,都市：其他:農業區,1,1,全筆移轉,04120015
RPTOMLMJKHLGFCB67DA,大墩段,12.32,都市：其他:第二種住宅區,10000,10,持分移轉,04690000
RPUTMLNKLHLGFCB58DA,大進段,23.46,都市：其他:第二種住宅區,10000,80,持分移轉,08430000
RPPRMLOKJHLGFBB67DA,軍福段,16.69,都市：其他:第二種商業區,10000,88,持分移轉,01310000
SPUTMLNKLHLGFCB68DA,大進段,23.46,都市：其他:第二種住宅區,10000,80,持分移轉,08430000
RPQNMLOJLHLGFDB67DA,師範段,27.64,都市：其他:第一之二種住宅區,100000,940,持分移轉,01520000
RPPOMLNKLHLGFFB87DA,海風段,438.05,非都市：一般農業區 ; 非都市編定：農牧用地,200,50,持分移轉,03220000
RPPOMLNKLHLGFFB87DA,海風段,443.69,非都市：一般農業區 ; 非都市編定：殯葬用地,200,50,持分移轉,03430000
RPVOMLKKLHLGFFB18DA,西勢段,723.42,都市：其他:農業區,3000,76,持分移轉,07520000
RPPOMLNKLHLGFFB87DA,海風段,189.18,非都市：一般農業區 ; 非都市編定：農牧用地,200,50,持分移轉,03440000
RPPOMLNKLHLGFFB87DA,海風段,.91,非都市：一般農業區 ; 非都市編定：農牧用地,200,50,持分移轉,03450000
RPPOMLNKLHLGFFB87DA,海風段,294.50,非都市：一般農業區 ; 非都市編定：殯葬用地,200,50,持分移轉,03480000
RPVOMLKKLHLGFFB18DA,西勢段,599.61,都市：其他:農業區,3000,76,持分移轉,07540000
RPPOMLNKLHLGFFB87DA,海風段,24.99,非都市：一般農業區 ; 非都市編定：農牧用地,2000,506,持分移轉,03490000
RPPOMLNKLHLGFFB87DA,海風段,315.56,非都市：一般農業區 ; 非都市編定：農牧用地,200,50,持分移轉,03500000
RPPOMLNKLHLGFFB87DA,海風段,86.73,非都市：一般農業區 ; 非都市編定：農牧用地,6,2,持分移轉,03510001
RPPOMLNKLHLGFFB87DA,海風段,259.28,非都市：一般農業區 ; 非都市編定：農牧用地,20000,2150,持分移轉,04470000
RPPOMLNKLHLGFFB87DA,海風段,604.67,非都市：一般農業區 ; 非都市編定：農牧用地,200,50,持分移轉,04480000
RPXTMLOJLHLGFCB88DA,國安段,20.96,都市：其他:第六種住宅區,100000,62,持分移轉,05990000
RPVOMLTJLHLGFBB58DA,松竹段,12.18,都市：其他:第二種住宅區,1000000,2041,持分移轉,11850000
RPPNMLRKLHLGFGB28DA,石壁坑段,68.57,非都市：山坡地保育區 ; 非都市編定：丙種建築用地,7,1,持分移轉,04790000
RPROMLPJKHLGFBB67DA,文正段,12.64,都市：其他:第二種住宅區,10000,94,持分移轉,00840017
RPPNMLRKLHLGFGB28DA,石壁坑段,35.00,非都市：山坡地保育區 ; 非都市編定：丙種建築用地,7,1,持分移轉,04790001
RPROMLPJKHLGFBB67DA,水源段,2.26,都市：其他:第二種住宅區,10000,94,持分移轉,03440001
RPTNMLPJLHLGFHB48DA,四維段,10.65,都市：其他:乙種工業區,1,1,全筆移轉,06690002
RPTNMLPJLHLGFHB48DA,四維段,25.83,都市：其他:乙種工業區,1,1,全筆移轉,06690003
RPTNMLPJLHLGFHB48DA,四維段,113.99,都市：其他:乙種工業區,1,1,全筆移轉,06700002
RPTNMLPJLHLGFHB48DA,四維段,.29,都市：其他:乙種工業區,1,1,全筆移轉,06700003
RPTNMLPJLHLGFHB48DA,四維段,1.35,都市：其他:乙種工業區,1,1,全筆移轉,06700004
RPTNMLPJLHLGFHB48DA,四維段,198.14,都市：其他:乙種工業區,1,1,全筆移轉,06740007
RPRNMLRKLHLGFFB38DA,梧棲段,6.08,都市：其他:第四種住宅區,120,2,持分移轉,00040050
RPRNMLRKLHLGFFB38DA,梧棲段,76.67,都市：其他:第四種住宅區,3,2,持分移轉,00040052
RPRNMLRKLHLGFFB38DA,梧棲段,2.67,都市：其他:第四種住宅區,6,2,持分移轉,00040072
RPRNMLRKLHLGFFB38DA,梧棲段,2.67,都市：其他:第四種住宅區,6,2,持分移轉,00040073
RPRNMLQKLHLGFCB97DA,上石碑段,20.80,都市：其他:第二種住宅區,10000,40,持分移轉,27570000
RPQOMLQLKHLGFIB58DA,大忠段,15.29,都市：其他:商業區,1000000,3401,持分移轉,00620000
RPRNMLNKLHLGFIB28DA,自立段,78.22,都市：其他:第三種住宅區。,1,1,全筆移轉,06500000
RPPNMLOJKHLGFJB08DA,光明段,142.35,非都市：鄉村區 ; 非都市編定：乙種建築用地,1,1,全筆移轉,01300000
RPPNMLOJKHLGFJB08DA,光明段,13.58,非都市：鄉村區 ; 非都市編定：乙種建築用地,1,1,全筆移轉,01310000
RPWNMLPLKHLGFJB09DA,育賢段,22.77,都市：其他:住宅區,100000,265,持分移轉,02010007
RPRNMLOLKHLGFJB48DA,東平段,74.41,都市：其他:第一種住宅區,1,1,全筆移轉,01910007
RPSNMLPLKHLGFJB68DA,育賢段,17.00,都市：其他:住宅區,10000,29,持分移轉,02100001
RPRNMLOLKHLGFJB48DA,東平段,.03,都市：其他:第一種住宅區,14,1,持分移轉,01910016
RPWNMLOJLHLGFHB68DA,家興段,6.97,都市：其他:第一之一種住宅區,100000,199,持分移轉,05630000
RPSNMLQKLHLGFIB68DA,豐正段,92.28,非都市：特定農業區 ; 非都市編定：甲種建築用地,1,1,全筆移轉,02220000
RPSNMLMKKHLGFCB57DA,國安段,11.24,都市：其他:第六種住宅區,10000,21,持分移轉,05930066
RPQNMLSKLHLGFEB38EA,上廍子段,27.49,非都市：特定農業區 ; 非都市編定：甲種建築用地,5400,90,持分移轉,05600000
RPPNMLNKLHLGFFB87EA,六路段,1.08,都市：其他:第二種住宅區,11,1,持分移轉,15500000
RPPNMLNKLHLGFFB87EA,六路段,13.98,都市：其他:第二種住宅區,55,4,持分移轉,16530000
RPPNMLNKLHLGFFB87EA,六路段,2.66,都市：其他:第二種住宅區,11,1,持分移轉,16560000
RPPNMLNKLHLGFFB87EA,六路段,81.07,都市：其他:第二種住宅區,1,1,全筆移轉,16560005
RPQOMLQJKHLGFAB57DA,土庫段,29.00,都市：其他:第二種住宅區,1,1,全筆移轉,00510013
RPQOMLQJKHLGFAB57DA,土庫段,43.00,都市：其他:第二種住宅區,1,1,全筆移轉,00520000
RPWNMLQJKHLGFJB98DA,育賢段,16.22,都市：其他:商業區,100000,294,持分移轉,01330000
RPXNMLPLKHLGFHB98DA,大明段,26.29,都市：其他:第二種住宅區,100000,647,持分移轉,02380000
RPTNMLKKLHLGFAB37DA,樹子腳段,19.38,都市：其他:第二種住宅區,10000,92,持分移轉,04610000
RPQNMLKKLHLGFAB07DA,萬安段九小段,3.92,都市：其他:第二種住宅區,10000,16,持分移轉,00050000
RPPNMLNKLHLGFJB18DA,育賢段,23.85,都市：其他:住宅區,100000,635,持分移轉,02040001
RPRNMLQKLHLGFAB77DA,頂橋子頭段,120.00,都市：其他:第二種住宅區,1,1,全筆移轉,01170165
RPSNMLMKKHLGFIB18DA,南湖段,19.67,都市：其他:住宅區,65707,1967,持分移轉,14060000
RPUOMLLLJHLGFAB57DA,下橋子頭段,13.56,都市：其他:第三種住宅區。,100000,63,持分移轉,02310001
RPXNMLKLJHLGFAB67DA,旱新段,18.93,都市：其他:第二之一種商業區,100000,1024,持分移轉,08090001
RPUPMLKLJHLGFAB57DA,科博段,21.60,都市：其他:第三種商業區,1000,38,持分移轉,03100000
RPOQMLNKJHLGFBB37DA,東義段,11.60,都市：其他:第二種住宅區,100000,345,持分移轉,02140000
RPWNMLRKLHLGFBB48DA,松茂段,52.00,都市：其他:第二種住宅區,1,1,全筆移轉,00530014
RPWNMLRKLHLGFBB48DA,松茂段,14.15,都市：其他:第二種住宅區,100000,4054,持分移轉,00530021
RPUOMLOJLHLGFBB97DA,太順段,14.09,都市：其他:第三種住宅區。,100000,201,持分移轉,00570019
RPSPMLQKLHLGFBB18DA,軍和段,.09,都市：其他:第一種住宅區,35,1,持分移轉,00430021
RPQNMLMKJHLGFGB67DA,水底寮段上水底寮小段,62.00,非都市：鄉村區 ; 非都市編定：乙種建築用地,1,1,全筆移轉,01520705
RPWPMLKKLHLGFBB97DA,平田段,21.69,都市：其他:第二種住宅區,10000,114,持分移轉,03680000
RPVOMLQKLHLGFBB38DA,北屯段,27.37,,2240,151,持分移轉,00320128
RPSPMLQKLHLGFBB18DA,軍和段,25.26,都市：其他:第一種住宅區,19,1,持分移轉,00430022
RPSPMLQKLHLGFBB18DA,軍和段,.09,都市：其他:第一種住宅區,35,1,持分移轉,00430023
RPWPMLKKLHLGFBB97DA,平田段,.42,都市：其他:第二種住宅區,10000,114,持分移轉,03860000
RPSPMLQKLHLGFBB18DA,軍和段,65.68,都市：其他:第一種住宅區,1,1,全筆移轉,00430030
RPWPMLKKLHLGFBB97DA,平田段,3.21,都市：其他:第二種住宅區,10000,114,持分移轉,03860052
RPSNMLNJKHLGFCB57DA,建功段,14.77,都市：其他:第五種住宅區,100000,209,持分移轉,00310000
RPSNMLNJKHLGFCB57DA,建功段,.26,都市：其他:第五種住宅區,100000,21,持分移轉,00310001
RPWNMLRJJHLGFHB78DA,三和段,113.50,都市：其他:第二種住宅區,2,1,持分移轉,08550001
RPUNMLTJKHLGFAB18DA,土庫段,22.18,都市：其他:第二種住宅區,100000,1474,持分移轉,00570269
RPRQMLQKJHLGFBB97DA,邱厝子段,3.55,都市：其他:第一種商業區,100000,310,持分移轉,00310062
RPRQMLQKJHLGFBB97DA,新賴厝廍三段,4.42,都市：其他:第一種商業區,100000,310,持分移轉,12780000
RPSNMLQJKHLGFBB77DA,同榮段,15.73,都市：其他:第二種住宅區,100000,1376,持分移轉,18670000
RPQOMLQKLHLGFCB97DA,中和段,13.80,都市：其他:第二種住宅區,1000,34,持分移轉,04110000
RPQOMLQKLHLGFCB97DA,中和段,8.30,都市：其他:第二種住宅區,1000,34,持分移轉,04120000
RPTTMLNKLHLGFCB48DA,上石碑段,14.78,都市：其他:第三之二種住宅區,100000,934,持分移轉,27410000
RPSOMLRKLHLGFCB28DA,三塊厝段,10.75,都市：其他:第二種住宅區,1000000,1718,持分移轉,11140000
RPPNMLOKLHLGFCB57DA,楓樹段,19.46,都市：其他:第一種商業區,2590,24,持分移轉,07200000
RPXOMLPJLHLGFCB48DA,楓樹段,13.15,都市：其他:第二之二種住宅區,100000,604,持分移轉,12390000
RPXOMLPJLHLGFCB48DA,楓樹段,10.14,都市：其他:第二之二種住宅區,100000,604,持分移轉,12400000
RPPNMLOKLHLGFCB57DA,楓樹段,.05,都市：其他:園道,2590,24,持分移轉,07200003
RPPNMLOKLHLGFCB57DA,楓樹段,.19,都市：其他:第一種商業區,2590,24,持分移轉,07350000
RPXOMLPJLHLGFCB48DA,楓樹段,3.62,都市：其他:第二之二種住宅區,100000,604,持分移轉,12480000
RPXOMLRKLHLGFDB88DA,新圳段,1.39,非都市：一般農業區 ; 非都市編定：甲種建築用地,1200,6,持分移轉,02380000
RPXOMLRKLHLGFDB88DA,新圳段,34.85,非都市：一般農業區 ; 非都市編定：甲種建築用地,10000,988,持分移轉,02500000
RPTOMLQKLHLGFFB58DA,梧棲段,1.73,都市：其他:第四種住宅區,10000,31,持分移轉,31450000
RPUOMLKKLHLGFFB08DA,市鎮南段,6.73,都市：其他:第四種商業區,100000,30,持分移轉,00970000
RPTOMLQKLHLGFFB58DA,梧棲段,1.11,都市：其他:第四種住宅區,10000,31,持分移轉,31450003
RPTOMLQKLHLGFFB58DA,梧棲段,31.60,都市：其他:第四種住宅區,20,1,持分移轉,31450005
RPTOMLQKLHLGFFB58DA,梧棲段,4.58,都市：其他:第四種住宅區,10000,31,持分移轉,31460000
RPTOMLQKLHLGFFB58DA,梧棲段,2.72,都市：其他:第四種住宅區,10000,31,持分移轉,31550000
RPTOMLQKLHLGFFB58DA,梧棲段,.42,都市：其他:第四種住宅區,10000,31,持分移轉,31550005
RPTOMLQKLHLGFFB58DA,梧棲段,2.27,都市：其他:第四種住宅區,10000,31,持分移轉,31560000
RPTOMLQKLHLGFFB58DA,梧棲段,.09,都市：其他:第四種住宅區,200000,31,持分移轉,31560003
RPQNMLOKJHLGFIB08DA,興祥段,17.62,都市：其他:第三種住宅區。,100000,578,持分移轉,01670000
RPTOMLRKLHLGFCB38DA,上石碑段,32.28,都市：其他:第三之二種住宅區,100000,608,持分移轉,15110000
RPWNMLKKKHLGFIB38DA,舊正西段,7186.56,非都市：特定農業區 ; 非都市編定：農牧用地,1,1,全筆移轉,05300000
RPRNMLMKKHLGFIB08DA,鳳凰段,17.06,非都市：工業區 ; 非都市編定：丁種建築用地,10000,1158,持分移轉,01760027
RPRNMLMKKHLGFIB08DA,鳳凰段,42.78,非都市：工業區 ; 非都市編定：丁種建築用地,1,1,全筆移轉,01760043
RPQOMLOLKHLGFAB57DA,頂橋子頭段,26.04,都市：其他:第二種住宅區,10000,340,持分移轉,02560208
RPXNMLMKLHLGFIB78DA,北新段,67.82,都市：其他:住宅區,1,1,全筆移轉,01070000
RPPNMLSLKHLGFIB58DA,中興段,8.58,,1000,60,持分移轉,04250001
RPPNMLSLKHLGFIB58DA,中興段,66.00,都市：其他:住宅區,1,1,全筆移轉,04270010
RPPNMLSLKHLGFIB58DA,中興段,1.98,,1000,60,持分移轉,04280001
RPXNMLNLKHLGFCB28DA,安林段,15.42,都市：其他:農業區,200,8,持分移轉,04450003
RPXNMLNLKHLGFCB28DA,安林段,67.44,都市：其他:農業區,1,1,全筆移轉,04450015
RPVNMLMKLHLGFJB68DA,頭汴坑段,1036.00,非都市：山坡地保育區 ; 非都市編定：林業用地,1,1,全筆移轉,19360001
RPVNMLMKLHLGFJB68DA,頭汴坑段,1003.00,非都市：山坡地保育區 ; 非都市編定：林業用地,1,1,全筆移轉,19360002
RPVQMLNJKHLGFCB18DA,大進段,8.24,都市：其他:第二種住宅區,498400,824,持分移轉,10100000
RPQOMLNKLHLGFBB57DA,北屯段,20.55,都市：其他:第二種住宅區,10000,234,持分移轉,05480027
RPPNMLRKLHLGFJB58DA,育賢段,23.34,都市：其他:住宅區,100000,630,持分移轉,02020000
RPQNMLKKKHLGFKB97DA,中蔗段,27.72,非都市：鄉村區 ; 非都市編定：乙種建築用地,100000,1315,持分移轉,02730000
RPPNMLQLKHLGFAB57DA,練武段,75.00,都市：其他:第二種住宅區,1,1,全筆移轉,00340000
RPVNMLQKLHLGFAB18DA,旱溪段,67.00,都市：其他:第二種住宅區,1,1,全筆移轉,01060017
RPQNMLLKLHLGFAB17DA,下橋子頭段,2.21,都市：其他:第一種商業區,89236,704,持分移轉,00070012
RPVNMLQKLHLGFAB18DA,旱溪段,6.86,都市：其他:第一種住宅區,22,1,持分移轉,01060039
RPVNMLQKLHLGFAB18DA,旱溪段,15.80,都市：其他:第二種住宅區,5,1,持分移轉,01060045
RPVNMLQKLHLGFAB18DA,旱溪段,14.60,都市：其他:第二種住宅區,5,1,持分移轉,01060050
RPXOMLMKLHLGFAB08DA,旱溪段,17.29,都市：其他:第二種住宅區,10000,109,持分移轉,01430029
RPUNMLQKLHLGFBB18DA,錦村段,9.23,都市：其他:第二種住宅區,1000,18,持分移轉,02130076
RPPOMLPLKHLGFBB67DA,文北段,23.12,都市：其他:第二之一種住宅區,100000,530,持分移轉,00130000
RPWNMLQJLHLGFBB28DA,溝背段,24.66,都市：其他:第二之一種住宅區,100000,682,持分移轉,01050000
RPOOMLTJKHLGFDB97DA,豐田段,70.91,都市：其他:第二種住宅區,1,1,全筆移轉,06990000
RPVRMLNJKHLGFCB28DA,惠禮段,35.97,都市：其他:第二種住宅區,100000,1114,持分移轉,00930000
RPSNMLSLJHLGFEB38DA,幼獅段,85.00,非都市：工業區 ; 非都市編定：丁種建築用地,1,1,全筆移轉,06430000
RPSNMLSLJHLGFEB38DA,幼獅段,85.00,非都市：工業區 ; 非都市編定：丁種建築用地,1,1,全筆移轉,06430001
RPSNMLSLJHLGFEB38DA,幼獅段,85.00,非都市：工業區 ; 非都市編定：丁種建築用地,1,1,全筆移轉,06430002
RPSNMLSLJHLGFEB38DA,幼獅段,85.00,非都市：工業區 ; 非都市編定：丁種建築用地,1,1,全筆移轉,06430003
RPSNMLSLJHLGFEB38DA,幼獅段,85.00,非都市：工業區 ; 非都市編定：丁種建築用地,1,1,全筆移轉,06430004
RPSNMLSLJHLGFEB38DA,幼獅段,85.00,非都市：工業區 ; 非都市編定：丁種建築用地,1,1,全筆移轉,06430005
RPWSNLMJLHLGFBB48DA,太和段,24.35,都市：其他:第二種住宅區,100000,741,持分移轉,00620000
RPQOMLLKKHLGFFB67DA,海風段,99.75,非都市：一般農業區 ; 非都市編定：丙種建築用地,1,1,全筆移轉,06220000
RPSNMLOLKHLGFIB48DA,南湖段,21.73,都市：其他:住宅區,1,1,全筆移轉,01490000
RPSNMLOLKHLGFIB48DA,南湖段,69.66,都市：其他:住宅區,1,1,全筆移轉,01680000
RPWNMLOJLHLGFFB48DA,福田段,31.97,都市：其他:第四種住宅區,1000,74,持分移轉,10590000
RPPNMLTJLHLGFCB97DA,惠來厝段,4.12,都市：其他:第三之二種住宅區,1000000,1036,持分移轉,07870000
RPTNMLMKKHLGFFB97DA,忠孝段,91.00,都市：其他:第四種住宅區,1,1,全筆移轉,00900019
RPTNMLMKKHLGFFB97DA,忠孝段,29.67,都市：其他:第四種住宅區,12,2,持分移轉,00900023
RPQNMLTKLHLGFHB68DA,石牌段,16.85,都市：其他:第一之二種住宅區,211754,1685,持分移轉,02090000
RPWNMLPJKHLGFIB78DA,東興段,16.90,都市：其他:住宅區,10000,105,持分移轉,03550000
RPQNMLMJLHLGFIB97DA,喬城段,.05,都市：其他:住宅區,405,1,持分移轉,04460000
RPQNMLMJLHLGFIB97DA,喬城段,14.08,都市：其他:住宅區,10000,24,持分移轉,04470000
RPWPMLPKJHLGFBB28DA,中興段,27.12,都市：其他:第二種住宅區,8,1,持分移轉,02930000
RPWNMLQJLHLGFFB68DA,市鎮北段,13.84,都市：其他:第四種商業區,10000,43,持分移轉,00130001
RPQNMLNKLHLGFIB18DA,三和段,73.70,都市：其他:第一種住宅區,1,1,全筆移轉,04900000
RPRNMLRKLHLGFJB78DA,新高段,90.80,都市：其他:住宅區,1,1,全筆移轉,00580000
RPOOMLNJKHLGFIB87DA,五福段,1048.74,非都市：特定農業區 ; 非都市編定：農牧用地,1,1,全筆移轉,11500000
RPTNMLPLKHLGFIB68DA,大峰段,7.41,都市：其他:農業區,800000,4218,持分移轉,01900000
RPTNMLPLKHLGFIB68DA,大峰段,24.35,都市：其他:農業區,10,1,持分移轉,01910006
RPTNMLPLKHLGFIB68DA,大峰段,58.33,都市：其他:農業區,1,1,全筆移轉,01910011
RPTNMLPLKHLGFIB68DA,大峰段,5.63,都市：其他:農業區,10,1,持分移轉,01940003
RPTNMLPLKHLGFIB68DA,大峰段,1.36,都市：其他:農業區,10,1,持分移轉,01940004
RPTNMLPJJHLGFJB48DA,光明段,33.19,非都市：鄉村區 ; 非都市編定：乙種建築用地,126,1,持分移轉,08530000
RPRNMLQKJHLGFDB87DA,福陽段,5.26,都市：其他:第一之二種住宅區,1,1,全筆移轉,00710007
RPSNMLSKLHLGFJB98DA,溪洲段,24.02,都市：其他:住宅區,10000,74,持分移轉,05130000
RPRNMLOJKHLGFIB18DA,益民段,9.52,都市：其他:住宅區,10000,100,持分移轉,02450000
RPTNMLLKLHLGFKB48DA,福德段,52.62,都市：其他:第一種住宅區,36,2,持分移轉,08260000
RPTNMLLKLHLGFKB48DA,福德段,100.01,都市：其他:第一種住宅區,1,1,全筆移轉,08320000
RPPOMLPJLHLGFAB47DA,下橋子頭段,47.33,都市：其他:第二種住宅區,10000,573,持分移轉,00180004
RPTNMLNLJHLGFJB48DA,樹孝段,3.07,都市：其他:住宅區,100000,457,持分移轉,16900000
RPTNMLNLJHLGFJB48DA,樹孝段,.33,都市：其他:住宅區,100000,457,持分移轉,16940000
RPTNMLNLJHLGFJB48DA,樹孝段,4.77,都市：其他:住宅區,100000,457,持分移轉,17010000
RPTNMLSKLHLGFAB18DA,麻園頭段,18.60,都市：其他:第二之一種商業區,10000,614,持分移轉,00770001
RPQNMLKKLHLGFIB87DA,福大段,21.35,非都市：鄉村區 ; 非都市編定：乙種建築用地,100000,672,持分移轉,01230000
RPSOMLKKLHLGFAB37DA,大益段,34.59,都市：其他:第二種住宅區,5000,439,持分移轉,02790000
RPWNMLQLJHLGFIB98DA,新義段,7.84,都市：其他:商業區,10000,70,持分移轉,00420000
RPXNMLOLKHLGFBB28DA,長安段,11.53,都市：其他:第三種住宅區。,10000,50,持分移轉,00490000
RPROMLSKLHLGFAB08DA,後壠子段,14.53,都市：其他:第二種住宅區,10000,69,持分移轉,03360000
RPUOMLNKLHLGFBB97DA,北屯段,20.08,都市：其他:第二種住宅區,100000,641,持分移轉,03520003
RPRPMLOJLHLGFFB18DA,新站段,20.11,都市：其他:第四種住宅區,10000,30,持分移轉,00660000
RPVOMLNKLHLGFBB08DA,陳平段,12.31,都市：其他:第二種住宅區,2000,42,持分移轉,01700000
RPPOMLKMJHLGFAB07DA,半平厝段,10.37,都市：其他:第一種商業區,10000,110,持分移轉,09890000
RPPOMLKMJHLGFAB07DA,半平厝段,2.72,都市：其他:第三種住宅區。,10000,110,持分移轉,09900000
RPPOMLKMJHLGFAB07DA,半平厝段,2.39,都市：其他:第二種住宅區,10000,110,持分移轉,09900002
RPRQMLKKLHLGFCB67DA,保安段,9.23,都市：其他:第三之二種住宅區,100000,1018,持分移轉,06840000
RPRQMLKKLHLGFCB67DA,保安段,12.75,都市：其他:第一種商業區,100000,1019,持分移轉,06970000
RPTPMLMKLHLGFCB97DA,惠國段,33.81,都市：其他:第三種新市政中心專用區,100000,1138,持分移轉,00710000
RPRNMLSKLHLGFCB18DA,惠智段,72.37,都市：其他:第一種住宅區,1,1,全筆移轉,00570005
RPRNMLSKLHLGFCB18DA,惠智段,20.37,都市：其他:第一種住宅區,19,1,持分移轉,00570019
RPPNMLTJLHLGFEB18DA,福德段,3049.89,非都市：特定農業區 ; 非都市編定：農牧用地,1,1,全筆移轉,01740000
RPQNMLTKLHLGFCB18DA,南屯段,84.75,都市：其他:第二種住宅區,4,3,持分移轉,14600020
RPQNMLTKLHLGFCB18DA,南屯段,33.00,都市：其他:第二種住宅區,188,33,持分移轉,14600021
RPPNMLNLLHLGFEB77DA,東泰段,63.17,非都市：鄉村區 ; 非都市編定：乙種建築用地,1,1,全筆移轉,03730000
RPUNMLKLLHLGFFB08DA,南勢段,83.90,都市：其他:第二種住宅區,1,1,全筆移轉,02190000
RPUNMLKLLHLGFFB08DA,南勢段,80.90,都市：其他:第二種住宅區,1,1,全筆移轉,02200000
RPRNMLNJLHLGFIB18DA,西湖北段,2395.87,非都市：特定農業區 ; 非都市編定：農牧用地,1,1,全筆移轉,04710000
RPRNMLSKLHLGFFB48DA,市鎮南段,186.45,都市：其他:第三種商業區,1,1,全筆移轉,01850000
RPSOMLPJKHLGFDB97DA,文德段,3.90,都市：其他:市場用地,83580,195,持分移轉,00020000
RPOOMLQLKHLGFHB28DA,復興段,61.29,都市：其他:第一之二種住宅區,1,1,全筆移轉,00460000
RPSOMLPJKHLGFDB97DA,文德段,.37,都市：其他:道路用地,83580,195,持分移轉,00020001
RPSOMLPJKHLGFDB97DA,文德段,.00,都市：其他:河道用地,83580,195,持分移轉,00020002
RPSOMLPJKHLGFDB97DA,文德段,1.93,都市：其他:市場用地,27860,65,持分移轉,00200000
RPSOMLPJKHLGFDB97DA,文德段,62.66,都市：其他:市場用地,1,1,全筆移轉,00310000
RPOOMLQLKHLGFHB28DA,復興段,8.96,都市：其他:第一之二種住宅區,4022,18,持分移轉,00550000
RPOOMLQLKHLGFHB28DA,復興段,.62,都市：其他:第一之二種住宅區,4022,18,持分移轉,01560000
RPOOMLQLKHLGFHB28DA,復興段,.11,都市：其他:第一之二種住宅區,4022,18,持分移轉,01730000
RPOOMLQLKHLGFHB28DA,復興段,5.40,都市：其他:第一之二種住宅區,4022,18,持分移轉,01740000
RPOOMLQLKHLGFHB28DA,復興段,.05,都市：其他:第一之二種住宅區,4022,18,持分移轉,01740001
RPOOMLQLKHLGFHB28DA,復興段,.60,都市：其他:市場用地,4022,18,持分移轉,01750000
RPRNMLNLKHLGFJB38DA,育賢段,18.65,都市：其他:住宅區,100000,217,持分移轉,02010007
RPRNMLLKLHLGFJB18DA,平欣段,89.00,都市：其他:住宅區,1,1,全筆移轉,03580003
RPQNMLSKLHLGFJB78DA,興隆段,34.95,非都市：鄉村區 ; 非都市編定：乙種建築用地,1,1,全筆移轉,04110006
RPQNMLSKLHLGFJB78DA,興隆段,45.81,非都市：鄉村區 ; 非都市編定：乙種建築用地,100000,25857,持分移轉,04110007
RPTNMLQKJHLGFIB58DA,東城段,12.94,都市：其他:住宅區,10000,116,持分移轉,09510000
RPPRMLKKLHLGFBB47DA,錦村段,10.50,都市：其他:第二之一種商業區,100000,93,持分移轉,02430000
RPPNMLKKLHLGFIB77DA,興祥段,13.72,都市：其他:第三種住宅區。,100000,450,持分移轉,01670000
RPRNMLSKLHLGFJB88DA,興隆段,27.87,非都市：鄉村區 ; 非都市編定：乙種建築用地,1,1,全筆移轉,04110000
RPRNMLSKLHLGFJB88DA,興隆段,44.95,非都市：鄉村區 ; 非都市編定：乙種建築用地,100000,25373,持分移轉,04110007
RPROMLOJLHLGFFB08DA,鹿峰東段,5.68,都市：其他:第四種住宅區,100000,1792,持分移轉,15330000
RPROMLOJLHLGFFB08DA,鹿峰東段,5.68,都市：其他:第四種住宅區,100000,1792,持分移轉,15340000
RPRNMLLJLHLGFKB18DA,北王田段,69.01,都市：其他:第一種住宅區,1,1,全筆移轉,06020000
RPUNMLSKLHLGFJB56DA,興隆段,90.01,非都市：鄉村區 ; 非都市編定：乙種建築用地,1,1,全筆移轉,01930000
RPPNMLTKLHLGFJB78DA,宜欣段,12.21,都市：其他:商業區,10000,110,持分移轉,11730000
RPQNMLTKLHLGFKB98DA,遠東段,17.85,都市：其他:第二種住宅區,11232000,1049040,持分移轉,06040004
RPPNMLNLLHLGFFB97EA,臨海段,547.40,都市：其他:農業區,2,1,持分移轉,10140000
RPPOMLNJLHLGFFB77DA,梧棲段,13.78,都市：其他:第三種商業區,10000,37,持分移轉,27810000
RPROMLNJKHLGFAB37DA,土庫段,23.85,都市：其他:第二種住宅區,10000,209,持分移轉,00320148
RPQNMLTKLHLGFAB97DA,中華段七小段,6.40,都市：其他:第二種商業區,1000,78,持分移轉,00010051
RPOOMLOLKHLGFHB08DA,弘富段,26.31,都市：其他:第一之二種住宅區,1000000,7535,持分移轉,03150000
RPQNMLTKLHLGFAB97DA,中華段七小段,6.40,都市：其他:第二種商業區,1000,78,持分移轉,00010052
RPQNMLTKLHLGFAB97DA,中華段七小段,7.57,都市：其他:第二種商業區,1000,78,持分移轉,00010053
RPUNMLLKKHLGFBB57DA,碧柳段,18.50,都市：其他:第二種商業區,1000000,5160,持分移轉,02820000
RPXOMLPLKHLGFBB48DA,北屯段,17.17,都市：其他:第二種住宅區,10000,46,持分移轉,02140000
RPUOMLQJLHLGFBB18DA,錦村段,9.44,都市：其他:第二之一種商業區,100000,109,持分移轉,01850000
RPOOMLNLLHLGFAB37DA,平民段五小段,25.59,都市：其他:第二種住宅區,10000,365,持分移轉,00010004
RPOOMLNLLHLGFAB37DA,平民段五小段,.15,都市：其他:第二種住宅區,10000,365,持分移轉,00010062
RPOOMLNLLHLGFAB37DA,平民段五小段,.15,都市：其他:第二種住宅區,10000,365,持分移轉,00010063
RPQPMLPLKHLGFCB97DA,中義段,5.87,都市：其他:第二種住宅區,1000,22,持分移轉,03280000
RPROMLOLKHLGFCB87DA,保安段,14.23,都市：其他:第二種住宅區,10000,30,持分移轉,06360000
RPSPMLOLKHLGFCB08DA,福德段,8.80,都市：其他:第三種商業區,10000,43,持分移轉,02080000
RPUNMLMKKHLGFCB77DA,惠智段,226.31,都市：其他:第一種住宅區,1,1,全筆移轉,01080003
RPSTMLOJLHLGFCB38DA,順和段,19.96,都市：其他:第二種住宅區,10000,294,持分移轉,01510000
RPVNMLMKJHLGFDB87DA,枋寮段,4653.01,非都市：特定農業區 ; 非都市編定：農牧用地,1,1,全筆移轉,09380000
RPQNMLSKLHLGFDB18DA,神林段,65.77,都市：其他:第一之二種住宅區,1,1,全筆移轉,04640000
RPQNMLSKLHLGFDB18DA,神林段,10.32,都市：其他:第一之二種住宅區,10000,365,持分移轉,04750000
RPRNMLPLKHLGFEB08DA,馬鳴段,.56,非都市：鄉村區 ; 非都市編定：乙種建築用地,10000,544,持分移轉,05810004
RPRNMLPLKHLGFEB08DA,馬鳴段,25.89,非都市：鄉村區 ; 非都市編定：乙種建築用地,10000,544,持分移轉,05810005
RPQPMLPJLHLGFFB18DA,英才段,20.76,都市：其他:第二種住宅區,100000,1207,持分移轉,07400000
RPTNMLRKLHLGFFB58DA,東山段,90.25,非都市：鄉村區 ; 非都市編定：乙種建築用地,1,1,全筆移轉,06040000
RPRNMLOLKHLGFFB08DA,西寧段,6.11,都市：其他:第三種商業區,10000,98,持分移轉,02320000
RPPNMLSKLHLGFGB38DA,中正段,19.30,都市：其他:乙種工業區,472,126,持分移轉,03660000
RPPNMLSKLHLGFGB38DA,中正段,299.91,都市：其他:乙種工業區,1,1,全筆移轉,03690000
RPPNMLSKLHLGFGB38DA,中正段,34.64,都市：其他:乙種工業區,1,1,全筆移轉,03700001
RPPNMLTKLHLGFHB58DA,四維段,.57,都市：其他:道路用地,10000,323,持分移轉,02050000
RPPNMLTKLHLGFHB58DA,四維段,82.12,都市：其他:第二種住宅區,10000,300,持分移轉,02060000
RPWNMLMKKHLGFIB58DA,新三和段,40.33,都市：其他:第二種住宅區,100000,462,持分移轉,00720000
RPPNMLKKKHLGFIB67DA,北新段,14.54,都市：其他:住宅區,100000,606,持分移轉,10290000
RPOOMLPJLHLGFIB18DA,益民段,37.82,都市：其他:住宅區,60000,364,持分移轉,07260000
RPUNMLNJKHLGFJB48DA,愛平段,15.07,都市：其他:第一種住宅區,100000,3247,持分移轉,03270000
RPTNMLPJKHLGFJB58DA,光明段,16.98,非都市：鄉村區 ; 非都市編定：乙種建築用地,100000,2393,持分移轉,10890000
RPQNMLKLLHLGFJB08DA,頭汴坑段,1116.00,非都市：山坡地保育區 ; 非都市編定：農牧用地,1,1,全筆移轉,13200000
RPUNMLPJKHLGFKB78DA,龍津段,1.00,都市：其他:第四種住宅區,1,1,全筆移轉,00880011
RPSNMLQKLHLGFKB88DA,文昌段,80.00,都市：其他:住宅區,1,1,全筆移轉,20850018
RPUNMLKLLHLGFKB58DA,茄投段,3.67,都市：其他:第二種商業區,12,2,持分移轉,05280000
RPPNMLOLLHLGFEB97EA,奉化段,34.49,非都市：鄉村區 ; 非都市編定：乙種建築用地,6,1,持分移轉,02920000
RPPNMLNLLHLGFIB28EA,自治段,2.75,都市：其他:道路用地,1,1,全筆移轉,05910000
RPXNMLPJKHLGFAB08DA,大益段,19.57,都市：其他:第二種住宅區,200000,2804,持分移轉,09630000
RPRNMLRJJHLGFJB48DA,長億段,28.59,都市：其他:住宅區,10000,288,持分移轉,04720000
RPUOMLTJJHLGFJB09DA,福星段,70.41,都市：其他:住宅區,1,1,全筆移轉,09580003
RPUOMLTJJHLGFJB09DA,福星段,4.69,都市：其他:住宅區,16,1,持分移轉,09580008
RPSPMLLKLHLGFCB77DA,惠安段,20.10,都市：其他:第四之一種商業區,100000,759,持分移轉,02450000
RPWNMLMKLHLGFAB87DA,麻園頭段,50.55,都市：其他:第二種住宅區,11,1,持分移轉,01340006
RPWNMLMKLHLGFAB87DA,麻園頭段,118.00,都市：其他:第二種住宅區,1,1,全筆移轉,01340008
RPVOMLPJLHLGFAB08DA,樹子腳段,22.67,都市：其他:第三種住宅區。,100000,661,持分移轉,17830000
RPPNMLNLLHLGFAB37DA,下橋子頭段,9.02,都市：其他:第一種商業區,100000,550,持分移轉,01240053
RPPNMLNLLHLGFAB37DA,下橋子頭段,9.20,都市：其他:第二種住宅區,100000,550,持分移轉,02030000
RPRNMLNLLHLGFAB57DA,麻園頭段,18.54,都市：其他:第二種住宅區,10000,87,持分移轉,01880000
RPUNMLNLLHLGFAB87DA,麻園頭段,2.53,都市：其他:第二種商業區,10000,84,持分移轉,01650003
RPVNMLNLLHLGFAB97DA,旱新段,108.06,都市：其他:第二種住宅區,1,1,全筆移轉,05800000
RPQPMLMKKHLGFBB47DA,太祥段,20.61,都市：其他:第三種住宅區。,100000,1237,持分移轉,01090000
RPQPMLMKKHLGFBB47DA,太祥段,.78,都市：其他:第一種住宅區,100000,1237,持分移轉,01090001
RPTNMLNLKHLGFBB77DA,竹興段,91.81,都市：其他:第一之一種住宅區,1,1,全筆移轉,00780025
RPTNMLNLKHLGFBB77DA,竹興段,2.62,都市：其他:第一之一種住宅區,76,2,持分移轉,00780035
RPTNMLNLKHLGFBB77DA,竹興段,6.78,都市：其他:第一之一種住宅區,20000,280,持分移轉,00780047
RPUNMLNKJHLGFIB38DA,北里段,1117.00,非都市：特定農業區 ; 非都市編定：農牧用地,1,1,全筆移轉,06520002
RPUNMLNKJHLGFIB38DA,北里段,1117.00,非都市：特定農業區 ; 非都市編定：農牧用地,1,1,全筆移轉,06520003
RPROMLSKLHLGFBB18DA,大湖段,144.87,都市：其他:特一種住宅區,10000,467,持分移轉,04130000
RPROMLSKLHLGFBB18DA,大湖段,.47,都市：其他:特一種住宅區,10000,467,持分移轉,04130001
RPRNMLLKKHLGFJB08DA,樹德段,69.88,都市：其他:住宅區,1,1,全筆移轉,08470000
RPUNMLKKKHLGFCB57DA,上石碑段,2.87,都市：其他:第三種商業區,100000,63,持分移轉,17730000
RPPNMLTKJHLGFEB08DA,松雅段,86.00,非都市：鄉村區 ; 非都市編定：乙種建築用地,1,1,全筆移轉,01000004
RPUOMLQKJHLGFCB18DA,三塊厝段,14.59,都市：其他:第二種住宅區,10000,188,持分移轉,12430000
RPUOMLQKJHLGFCB18DA,三塊厝段,21.41,都市：其他:第三種住宅區。,10000,188,持分移轉,12430001
RPVPMLLKLHLGFBB97DA,仁美段,13.80,都市：其他:第五種住宅區,300000,402,持分移轉,11350000
RPOOMLMJLHLGFAB07DA,下橋子頭段,9.11,都市：其他:第三種住宅區。,100000,184,持分移轉,02710037
RPWTMLLKLHLGFBB48DA,太和段,23.25,都市：其他:第三種住宅區。,100000,572,持分移轉,00330000
RPRNMLSKJHLGFCB97DA,民安段,17.60,都市：其他:第三之一種住宅區,100000,566,持分移轉,15230000
RPXNMLSKLHLGFCB78DA,西屯段,11.25,都市：其他:第二種住宅區,1000,125,持分移轉,15410001
RPXNMLSKLHLGFCB78DA,西屯段,63.00,都市：其他:第二種住宅區,1,1,全筆移轉,15410015
RPXNMLSKLHLGFCB78DA,西屯段,3.20,都市：其他:第二種住宅區,10,1,持分移轉,15410021
RPOQMLRKLHLGFBB97DA,太原段,19.41,都市：其他:第三種住宅區。,100000,98,持分移轉,01400001
RPQOMLOLJHLGFCB67DA,大進段,21.90,都市：其他:第二種住宅區,300000,1449,持分移轉,07950000
RPTOMLNKLHLGFBB87DA,松茂段,33.16,都市：其他:第二種住宅區,10000,162,持分移轉,09260000
RPTNMLNLKHLGFCB87DA,國安段,11.88,都市：其他:第六種住宅區,10000,39,持分移轉,00120015
RPXPMLPLKHLGFCB68DA,西屯段,.06,都市：其他:第三種商業區,1000000,3720,持分移轉,23870026
RPXPMLPLKHLGFCB68DA,西屯段,.01,都市：其他:第三種商業區,1000000,3720,持分移轉,23870081
RPXPMLPLKHLGFCB68DA,上石碑段,6.22,都市：其他:第三種商業區,1000000,3720,持分移轉,26840000
RPXPMLPLKHLGFCB68DA,西屯段,.05,都市：其他:第三種商業區,1000000,3720,持分移轉,32740000
RPOPMLTKJHLGFCB97DA,中正段,114.00,都市：其他:第二種住宅區,1,1,全筆移轉,01290001
RPXNMLNKJHLGFKB88DA,藝術段,31.85,都市：其他:第二種住宅區,1000,258,持分移轉,06440000
RPRPMLTKJHLGFCB28DA,福星段,16.01,都市：其他:第三種住宅區。,10000,130,持分移轉,02530000
RPQOMLMJLHLGFAB27DA,麻園頭段,18.14,都市：其他:第二種商業區,10000,110,持分移轉,08250000
RPUQMLSLJHLGFCB68DA,惠民段,20.83,都市：其他:第五種新市政中心專用區,100000,384,持分移轉,01380000
RPOOMLKLLHLGFCB27DA,春安段,21.97,都市：其他:第一種商業區,10000,91,持分移轉,04800000
RPUQMLMJKHLGFBB87DA,新賴厝廍二段,2.41,都市：其他:第二種住宅區,10000,39,持分移轉,11050000
RPTNMLKLLHLGFEB87DA,平安段,20.00,都市：其他:住宅區,1,1,全筆移轉,04950008
RPTNMLKLLHLGFEB87DA,平安段,114.00,都市：其他:住宅區,1,1,全筆移轉,05030000
RPRNMLQKLHLGFEB18DA,安地段,18.92,非都市：鄉村區 ; 非都市編定：乙種建築用地,240,19,持分移轉,10710003
RPRNMLQKLHLGFEB18DA,安地段,.50,非都市：鄉村區 ; 非都市編定：乙種建築用地,10,1,持分移轉,10710004
RPRNMLQKLHLGFEB18DA,安地段,10.90,非都市：鄉村區 ; 非都市編定：乙種建築用地,10,1,持分移轉,10710017
RPRNMLQKLHLGFEB18DA,安地段,59.00,非都市：鄉村區 ; 非都市編定：乙種建築用地,1,1,全筆移轉,10710018
RPRNMLOJLHLGFEB87DA,九張段,77.18,非都市：鄉村區 ; 非都市編定：乙種建築用地,1,1,全筆移轉,06920006
RPRNMLOJLHLGFEB87DA,九張段,.17,非都市：鄉村區 ; 非都市編定：乙種建築用地,170000,10000,持分移轉,06920010
RPRNMLOJLHLGFEB87DA,九張段,20.51,非都市：鄉村區 ; 非都市編定：乙種建築用地,170000,10000,持分移轉,06920011
RPVOMLQLKHLGFCB48DA,國安段,23.24,都市：其他:第一種住宅區,10000,34,持分移轉,00860000
RPPNMLMLLHLGFDB57DA,六張段,37.31,非都市：特定農業區 ; 非都市編定：甲種建築用地,1,1,全筆移轉,06050000
RPROMLPLKHLGFFB28DA,梧棲段,10.05,都市：其他:第三種商業區,10000,27,持分移轉,27810000
RPSOMLRKLHLGFFB58DA,太平段,18.95,都市：其他:乙種工業區,1,1,全筆移轉,04700000
RPSOMLRKLHLGFFB58DA,太平段,356.32,都市：其他:乙種工業區,1,1,全筆移轉,04710000
RPXOMLPJKHLGFCB38DA,黎明段,17.90,都市：其他:第二種住宅區,10000,135,持分移轉,02490000
RPOSMLLKLHLGFCB67DA,順和段,17.85,都市：其他:第二種住宅區,32000,540,持分移轉,01910000
RPVNMLQJKHLGFIB78DA,慶堡北段,137.98,非都市：鄉村區 ; 非都市編定：乙種建築用地,1,1,全筆移轉,02580000
RPXNMLKLLHLGFIB68DA,慶堡北段,2801.48,非都市：山坡地保育區 ; 非都市編定：農牧用地,1,1,全筆移轉,04540000
RPPNMLNLLHLGFIB18DA,大仁段,75.49,都市：其他:住宅區,1,1,全筆移轉,04910005
RPQQMLSLJHLGFCB28DA,國安段,20.16,都市：其他:第六種住宅區,10000,49,持分移轉,00120012
RPOOMLTKLHLGFIB68DA,成功段,78.20,都市：其他:住宅區,1,1,全筆移轉,07360003
RPUNMLKLLHLGFJB48DA,樹孝段,12.78,都市：其他:市場用地,10000,67,持分移轉,01210000
RPQNMLNKLHLGFJB28DA,東興段,93.45,都市：其他:第一種住宅區,1,1,全筆移轉,00270000
RPTNMLOLKHLGFEB18DA,幸福段,.05,都市：其他:住宅區,100000,2955,持分移轉,05250012
RPTNMLOLKHLGFEB18DA,幸福段,42.18,都市：其他:住宅區,100000,2955,持分移轉,05280000
RPQNMLRLKHLGFHB48DA,自立段,31.75,都市：其他:農業區,1,1,全筆移轉,02190001
RPQNMLRLKHLGFHB48DA,自立段,14.62,都市：其他:農業區,4,1,持分移轉,02190003
RPQNMLRLKHLGFHB48DA,自立段,73.50,都市：其他:農業區,1,1,全筆移轉,02190006
RPPNMLPLKHLGFFB97DA,市鎮南段,8.19,都市：其他:第四種商業區,100000,74,持分移轉,01330000
RPSNMLRKLHLGFKB98DA,台紙段,62.49,都市：其他:商業區,1,1,全筆移轉,00430038
RPPOMLOJLHLGFHB08DA,上楓段,20.32,都市：其他:第一種住宅區,10000,55,持分移轉,11580000
RPTOMLLKKHLGFAB47DA,番婆段,20.56,都市：其他:第三種住宅區。,100000,422,持分移轉,00930015
RPRNMLOLLHLGFAB67DA,科博段,74.47,都市：其他:第一種商業區,48737,1008,持分移轉,05130000
RPPNMLLLLHLGFHB87DA,家興段,10.15,都市：其他:第一之一種住宅區,10000,34,持分移轉,01000000
RPWPMLTLJHLGFBB78DA,松觀段,29.22,都市：其他:第二種住宅區,100000,1772,持分移轉,01020000
RPQOMLQJLHLGFBB77DA,東光段,23.40,都市：其他:第二種住宅區,5,1,持分移轉,01420001
RPXNMLPJLHLGFBB28DA,碧柳段,17.92,都市：其他:第二之一種住宅區,100000,456,持分移轉,01710000
RPUUMLPJLHLGFBB68DA,平田段,33.30,都市：其他:第二種住宅區,10000,315,持分移轉,04060000
RPTNMLTLJHLGFDB48DA,后興段,9.52,都市：其他:道路用地,1,1,全筆移轉,04410000
RPTNMLTLJHLGFDB48DA,后興段,62.92,都市：其他:商業區,1,1,全筆移轉,04420000
RPPNMLSLKHLGFCB97DA,福安段,117.00,都市：其他:第二種住宅區,1,1,全筆移轉,00550000
RPTNMLOJKHLGFDB87DA,眉山西段,98.68,非都市：特定農業區 ; 非都市編定：甲種建築用地,1,1,全筆移轉,06310000
RPXNMLQKLHLGFEB78DA,安地段,18.92,非都市：鄉村區 ; 非都市編定：乙種建築用地,240,19,持分移轉,10710003
RPXNMLQKLHLGFEB78DA,安地段,.50,非都市：鄉村區 ; 非都市編定：乙種建築用地,10,1,持分移轉,10710004
RPXNMLQKLHLGFEB78DA,安地段,10.90,非都市：鄉村區 ; 非都市編定：乙種建築用地,10,1,持分移轉,10710017
RPXNMLQKLHLGFEB78DA,安地段,72.00,非都市：鄉村區 ; 非都市編定：乙種建築用地,1,1,全筆移轉,10710022
RPROMLQKLHLGFEB28DA,安地段,18.92,非都市：鄉村區 ; 非都市編定：乙種建築用地,240,19,持分移轉,10710003
RPROMLQKLHLGFEB28DA,安地段,.50,非都市：鄉村區 ; 非都市編定：乙種建築用地,10,1,持分移轉,10710004
RPROMLQKLHLGFEB28DA,安地段,76.00,非都市：鄉村區 ; 非都市編定：乙種建築用地,1,1,全筆移轉,10710015
RPROMLQKLHLGFEB28DA,安地段,10.90,非都市：鄉村區 ; 非都市編定：乙種建築用地,10,1,持分移轉,10710017
RPXOMLKKLHLGFFB38DA,梧棲段,16.50,都市：其他:第四種住宅區,24,2,持分移轉,31680000
RPXOMLKKLHLGFFB38DA,梧棲段,92.00,都市：其他:第四種住宅區,1,1,全筆移轉,31680007
RPPNMLQLLHLGFGB28DA,伯公段,32.41,都市：其他:乙種工業區,3,1,持分移轉,00350000
RPTNMLOLLHLGFJB78DA,仁平段,19.01,都市：其他:商業區,10000,189,持分移轉,04540000
RPPNMLMLLHLGFHB97DA,上楓段,92.00,都市：其他:第一種住宅區,1,1,全筆移轉,11360019
RPOOMLQJKHLGFAB37DA,下橋子頭段,16.72,都市：其他:第三種住宅區。,10000,17,持分移轉,02210006
RPOOMLQJKHLGFAB37DA,下橋子頭段,1.29,都市：其他:第三種住宅區。,10000,17,持分移轉,02210450
RPVNMLOLLHLGFAB08DA,下橋子頭段,47.00,都市：其他:第二種住宅區,1,1,全筆移轉,02860066
RPVNMLOLLHLGFAB08DA,下橋子頭段,89.00,都市：其他:第二種住宅區,1,1,全筆移轉,02870062
RPPOMLTKLHLGFBB08DA,仁美段,30.90,都市：其他:第五種住宅區,1000000,3214,持分移轉,04080002
RPPOMLTKLHLGFBB08DA,仁美段,8.98,都市：其他:第二種住宅區,1000000,3214,持分移轉,04080026
RPROMLNLLHLGFBB77DA,大富段,1474.42,都市：其他:農業區,1,1,全筆移轉,05730013
RPROMLNLLHLGFBB77DA,大富段,971.89,都市：其他:農業區,1,1,全筆移轉,05800008
RPUOMLNLLHLGFBB08DA,北屯段,31.41,都市：其他:第二種住宅區,10000,192,持分移轉,05330009
RPRNMLKKJHLGFAB96DA,下橋子頭段,8.30,都市：其他:第三種住宅區。,200000,312,持分移轉,02320005
RPQNMLOLKHLGFEB87DA,光明段,288.00,都市：其他:乙種工業區,1,1,全筆移轉,07640019
RPQNMLOLKHLGFEB87DA,光明段,233.00,都市：其他:乙種工業區,1,1,全筆移轉,07640020
RPQNMLOLKHLGFEB87DA,光明段,36.00,都市：其他:乙種工業區,1,1,全筆移轉,08110023
RPSNMLKLLHLGFEB77DA,義水段,21.76,都市：其他:住宅區,1000000,12174,持分移轉,08830001
RPSNMLLKLHLGFFB87DA,三田段,555.00,都市：其他:農業區,1,1,全筆移轉,14940000
RPSNMLLKLHLGFFB87DA,三田段,247.00,都市：其他:農業區,1,1,全筆移轉,14950000
RPSNMLLKLHLGFFB87DA,三田段,250.00,都市：其他:農業區,1,1,全筆移轉,14960000
RPUNMLPLLHLGFFB58DA,鹿寮段,439.00,都市：其他:第四種住宅區,1,1,全筆移轉,10420006
RPPNMLKKKHLGFHB57DA,四德段,22.39,都市：其他:第二種住宅區,20000,78,持分移轉,03780002
RPPNMLOLLHLGFHB18DA,頭張段,19.72,都市：其他:第一之一種住宅區,10000,555,持分移轉,09520000
RPPNMLOJLHLGFIB08DA,新三和段,21.81,都市：其他:第二種住宅區,14,1,持分移轉,00580007
RPPNMLOJLHLGFIB08DA,新三和段,69.26,都市：其他:第二種住宅區,1,1,全筆移轉,00580013
RPXNMLPJLHLGFIB98DA,健民段,89.84,非都市：鄉村區 ; 非都市編定：乙種建築用地,1,1,全筆移轉,06590000
RPROMLLKLHLGFIB18DA,光正段,19.99,非都市：特定農業區 ; 非都市編定：甲種建築用地,403,1,持分移轉,05410000
RPROMLLKLHLGFIB18DA,光正段,49.35,非都市：特定農業區 ; 非都市編定：甲種建築用地,1,1,全筆移轉,08050000
RPPNMLLKLHLGFJB97DA,新興段,38.29,都市：其他:住宅區,100000,521,持分移轉,00660000
RPTNMLNKLHLGFJB58DA,宜欣段,106.00,都市：其他:住宅區,1,1,全筆移轉,05980000
RPQNMLLKLHLGFKB18DA,東海段,29.48,都市：其他:第一之二種住宅區,100000,369,持分移轉,09660000
RPPNMLOLLHLGFIB38EA,仁德段,8.17,都市：其他:市場用地,10000,38,持分移轉,04820000
RPOOMLNLKHLGFBB37DA,松觀段,21.76,都市：其他:第二種住宅區,10000,73,持分移轉,03120000
RPRPMLPLKHLGFBB97DA,松竹段,15.34,都市：其他:第二種住宅區,10000,48,持分移轉,00990000
RPSNMLMJJHLGFBB27DA,碧柳段,15.23,都市：其他:第二種商業區,1000000,4250,持分移轉,02820000
RPSNMLMKKHLGFHB08DA,馬岡段,22.53,都市：其他:第二種商業區,100000,856,持分移轉,00500000
RPVNMLMKKHLGFHB38DA,馬岡段,24.40,都市：其他:第二種商業區,100000,927,持分移轉,00500000
RPTNMLKMJHLGFJB28DA,萬福段,96.63,非都市：鄉村區 ; 非都市編定：乙種建築用地,100000,299,持分移轉,05770000
RPQNMLTJKHLGFCB97DA,上石碑段,3.23,都市：其他:第三種商業區,100000,92,持分移轉,27700000
RPQOMLKKLHLGFBB27DA,同榮段,20.53,都市：其他:第二種住宅區,10000,119,持分移轉,24090016
RPPNMLNLJHLGFKB18DA,東園段,10.67,非都市：鄉村區 ; 非都市編定：乙種建築用地,24,2,持分移轉,04850000
RPPNMLNLJHLGFKB18DA,東園段,47.84,非都市：鄉村區 ; 非都市編定：乙種建築用地,3,2,持分移轉,04890000
RPUNMLNJKHLGFAB57DA,下橋子頭段,13.77,都市：其他:第三種住宅區。,10000,14,持分移轉,02210006
RPUNMLNJKHLGFAB57DA,下橋子頭段,1.07,都市：其他:第三種住宅區。,10000,14,持分移轉,02210450
RPQNMLRKLHLGFBB87DA,東峰段,145.00,都市：其他:第二種住宅區,1,1,全筆移轉,00570007
RPRNMLNLJHLGFKB38DA,東海段,27.44,都市：其他:第一之二種住宅區,100000,873,持分移轉,06940007
RPRNMLNLJHLGFKB38DA,東海段,4.42,都市：其他:第一之一種住宅區,100000,873,持分移轉,06970000
RPUONLMJLHLGFCB97DA,豐富段,15.04,都市：其他:第一種商業區,30000,579,持分移轉,04240000
RPQNMLKKKHLGFAB96DA,土庫段,12.71,都市：其他:第二種住宅區,100000,1129,持分移轉,00820000
RPRQMLTJJHLGFBB18DA,錦村段,28.00,都市：其他:第二種住宅區,1,1,全筆移轉,03800078
RPRQMLTJJHLGFBB18DA,錦村段,38.00,都市：其他:第一種商業區,1,1,全筆移轉,03800081
RPPNMLOKLHLGFBB47DA,美和段,47.90,都市：其他:第一之一種住宅區,100000,1054,持分移轉,05720000
RPOPMLTJLHLGFCB08DA,國安段,20.96,都市：其他:第六種住宅區,100000,62,持分移轉,05990000
RPWOMLTLJHLGFCB78DA,保安段,11.15,都市：其他:第二種住宅區,10000,79,持分移轉,10760000
RPPOMLNLLHLGFCB67DA,惠順段,2.34,都市：其他:第一之四種住宅區,48,2,持分移轉,01470021
RPPOMLNLLHLGFCB67DA,惠順段,52.09,都市：其他:第一種住宅區,1,1,全筆移轉,01470022
RPPOMLNLLHLGFCB67DA,惠順段,16.67,都市：其他:第一之四種住宅區,1,1,全筆移轉,01470029
RPRNMLPLLHLGFEB18DA,水美北段,90.03,非都市：鄉村區 ; 非都市編定：乙種建築用地,1,1,全筆移轉,04680000
RPRNMLQLLHLGFEB28DA,金華段,77.45,都市：其他:住宅區,1,1,全筆移轉,06210000
RPVNMLPKJHLGFFB38DA,公館北段,3.06,都市：其他:第二種住宅區,15,1,持分移轉,08990000
RPVNMLPKJHLGFFB38DA,公館北段,64.52,都市：其他:第二種住宅區,1,1,全筆移轉,08990003
RPVNMLPKJHLGFFB38DA,公館北段,18.84,都市：其他:第二種住宅區,15,1,持分移轉,08990009
RPVNMLPKJHLGFFB38DA,公館北段,1.56,都市：其他:第二種住宅區,15,1,持分移轉,09000000
RPVNMLPKJHLGFFB38DA,公館北段,4.89,都市：其他:第二種住宅區,100,4,持分移轉,09010000
RPQQMLNLJHLGFCB77DA,三塊厝段,15.62,都市：其他:第二種住宅區,100000,309,持分移轉,05540000
RPPRMLKKLHLGFCB57DA,春社段,32.22,都市：其他:第三之二種住宅區,10000,155,持分移轉,02530000
RPRPMLMJKHLGFFB87DA,梧棲段,7.49,都市：其他:第四種住宅區,10000,249,持分移轉,32030000
RPWOMLMJKHLGFBB87DA,錦村段,17.53,都市：其他:第二種住宅區,10000,152,持分移轉,00210007
RPSPMLLKKHLGFBB57DA,東光段,33.06,都市：其他:第二種商業區,7000000,50190,持分移轉,02020000
RPSPMLLKKHLGFBB57DA,東光段,.61,都市：其他:第二種商業區,10000,38,持分移轉,02020001
RPSPMLLKKHLGFBB57DA,東光段,.62,都市：其他:第二種商業區,10000,38,持分移轉,02020002
RPSPMLLKKHLGFBB57DA,東光段,.62,都市：其他:第二種商業區,10000,38,持分移轉,02020003
RPPNMLSKLHLGFHB48DA,東寶七段,25.79,都市：其他:第一之一種住宅區,10,1,持分移轉,06760000
RPPNMLSKLHLGFHB48DA,東寶七段,77.87,都市：其他:第一之一種住宅區,1,1,全筆移轉,06760001
RPPNMLRLLHLGFGB38DA,新成段,3.71,都市：其他:住宅區,432,6,持分移轉,03750000
RPPNMLRLLHLGFGB38DA,新成段,3.47,都市：其他:住宅區,144,2,持分移轉,03820000
RPPNMLRLLHLGFGB38DA,新成段,1.12,都市：其他:住宅區,144,2,持分移轉,03840000
RPPNMLRLLHLGFGB38DA,新成段,2.82,都市：其他:住宅區,60,1,持分移轉,03850000
RPPNMLRLLHLGFGB38DA,新成段,1.05,都市：其他:住宅區,144,2,持分移轉,04100000
RPPNMLRLLHLGFGB38DA,新成段,.27,都市：其他:住宅區,144,2,持分移轉,04110000
RPPNMLRLLHLGFGB38DA,新成段,.29,都市：其他:住宅區,144,2,持分移轉,04120000
RPPNMLRLLHLGFGB38DA,新成段,3.45,都市：其他:住宅區,144,2,持分移轉,04130000
RPPNMLRLLHLGFGB38DA,新成段,.84,都市：其他:道路用地,144,2,持分移轉,04140000
RPPNMLRLLHLGFGB38DA,新成段,3.16,都市：其他:道路用地,144,2,持分移轉,04150000
RPPNMLRLLHLGFGB38DA,新成段,.01,都市：其他:道路用地,144,2,持分移轉,04160000
RPPNMLRLLHLGFGB38DA,新成段,.23,都市：其他:住宅區,144,2,持分移轉,04170000
RPPNMLRLLHLGFGB38DA,新成段,.23,都市：其他:住宅區,144,2,持分移轉,04180000
RPPNMLRLLHLGFGB38DA,新成段,2.82,都市：其他:住宅區,144,2,持分移轉,04190000
RPPNMLRLLHLGFGB38DA,新成段,.29,都市：其他:住宅區,144,2,持分移轉,04200000
RPPNMLRLLHLGFGB38DA,新成段,.00,都市：其他:道路用地,144,2,持分移轉,04210000
RPPNMLRLLHLGFGB38DA,新成段,1.07,都市：其他:住宅區,144,2,持分移轉,04220000
RPPNMLRLLHLGFGB38DA,新成段,3.62,都市：其他:住宅區,144,2,持分移轉,04250000
RPPNMLRLLHLGFGB38DA,新成段,2.98,都市：其他:住宅區,144,2,持分移轉,04260000
RPPNMLRLLHLGFGB38DA,新成段,5.00,都市：其他:住宅區,144,2,持分移轉,04270000
RPPNMLRLLHLGFGB38DA,大茅埔段,1840.00,非都市：山坡地保育區 ; 非都市編定：農牧用地,1,1,全筆移轉,51700000
RPSNMLOLLHLGFDB08DA,福興段,2500.00,都市：其他:農業區,1,1,全筆移轉,02200000
RPTNMLQLLHLGFDB38DA,豐原段,64.00,都市：其他:第二種商業區,1,1,全筆移轉,00770000
RPTNMLQLLHLGFDB38DA,豐原段,25.00,都市：其他:第二種商業區,1,1,全筆移轉,00780001
RPPNMLPLKHLGFKB48DA,田水段,119.00,都市：其他:第四種住宅區,1,1,全筆移轉,08660024
RPWOMLMKLHLGFAB97DA,旱溪段,27.29,都市：其他:第二種住宅區,10000,85,持分移轉,02720011
RPSTMLQLJHLGFCB58DA,惠禮段,7.64,都市：其他:第二種商業區,100000,211,持分移轉,00650000
RPTTMLOJLHLGFCB48DA,大墩段,4.94,都市：其他:第二種住宅區,1000,9,持分移轉,03300000
RPWSNLNLLHLGFJB96DA,壽平段,108.00,都市：其他:第一種住宅區,1,1,全筆移轉,13570000
RPOTMLOJLHLGFCB97DA,國安段,25.92,都市：其他:第六種住宅區,10000,63,持分移轉,00120012
RPUOMLTJLHLGFCB58DA,黎明段,10.81,都市：其他:第二種住宅區,100000,144,持分移轉,02550000
RPPNMLSLJHLGFBB77DA,建業段,1.58,都市：其他:第三種住宅區。,10000,479,持分移轉,00440001
RPPNMLSLJHLGFBB77DA,建業段,23.85,都市：其他:第二種住宅區,10000,479,持分移轉,00560000
RPPNMLSLJHLGFBB77DA,建業段,49.00,都市：其他:第二種住宅區,1,1,全筆移轉,00700000
RPPNMLSLJHLGFBB77DA,建業段,4.12,都市：其他:第二種住宅區,10000,479,持分移轉,00750000
RPOPMLQKLHLGFCB87DA,國安段,27.68,都市：其他:第六種住宅區,10000000000,9009282,持分移轉,06010000
RPOOMLRLLHLGFCB97DA,惠順段,5.55,都市：其他:第四之一種商業區,100000,166,持分移轉,00060000
RPPNMLQLLHLGFCB87DA,民安段,15.11,都市：其他:第三之一種住宅區,10000,52,持分移轉,11010000
RPXOMLTJKHLGFCB78DA,豐功段,9.79,都市：其他:第三種商業區,100000,437,持分移轉,01470000
RPPOMLNKLHLGFDB67DA,下南坑段,113.00,非都市：山坡地保育區 ; 非都市編定：丙種建築用地,1,1,全筆移轉,01170028
RPQNMLOLLHLGFDB87DA,議前段,6.95,都市：其他:第三種住宅區。,1,1,全筆移轉,06690000
RPQNMLOLLHLGFDB87DA,議前段,66.99,都市：其他:第三種住宅區。,1,1,全筆移轉,06700000
RPQNMLOLLHLGFDB87DA,議前段,.85,都市：其他:第三種住宅區。,1,1,全筆移轉,06710000
RPQNMLOLLHLGFDB87DA,議前段,8.82,都市：其他:第三種住宅區。,1,1,全筆移轉,06720000
RPQNMLNJLHLGFEB67DA,黎明段,27.11,都市：其他:住宅區,3,1,持分移轉,07280000
RPUOMLTJKHLGFDB58DA,成功段,110.55,都市：其他:第一之二種住宅區,1,1,全筆移轉,00820000
RPRNMLMJKHLGFIB97DA,峰北段,20.00,,1,1,全筆移轉,11680001
RPRNMLMJKHLGFIB97DA,峰北段,25.00,,1,1,全筆移轉,11690001
RPRNMLMJKHLGFIB97DA,峰北段,60.00,,1,1,全筆移轉,11720001
RPRNMLMJKHLGFIB97DA,峰北段,3.00,,1,1,全筆移轉,11800002
RPSNMLTKLHLGFHB88DA,上楓段,114.00,都市：其他:第一種住宅區,1,1,全筆移轉,05650002
RPRNMLPLLHLGFHB48DA,自強段,304.00,非都市：特定農業區 ; 非都市編定：農牧用地,4,1,持分移轉,19040000
RPPNMLRLLHLGFAB87EA,麻園頭段,52.00,都市：其他:第二種住宅區,1745,52,持分移轉,05940000
RPUNMLOLLHLGFIB78DA,九如段,13.56,都市：其他:第三種住宅區。,100000,232,持分移轉,05260000
RPQNMLNKLHLGFKB38DA,新東段,88.31,非都市：鄉村區 ; 非都市編定：乙種建築用地,1,1,全筆移轉,08180002
RPPNMLQLLHLGFKB68DA,龍田段,29.00,都市：其他:第四種住宅區,1,1,全筆移轉,10500011
RPPNMLQLLHLGFKB68DA,龍田段,65.00,都市：其他:第四種住宅區,1,1,全筆移轉,10530011
RPPNMLQLLHLGFJB58DA,育賢段,17.19,都市：其他:住宅區,10000,20,持分移轉,02010000
RPTOMLTJKHLGFDB48DA,十五庄段,104.00,都市：其他:第二種住宅區,1,1,全筆移轉,07980000
RPQNMLKLLHLGFCB47EA,黎明段,52.00,都市：其他:第二種住宅區,1,1,全筆移轉,12890000
RPRNMLLMLHLGFGB18EA,茅埔東段,185.82,非都市：鄉村區 ; 非都市編定：乙種建築用地,1,1,全筆移轉,10100000
RPPNMLLMLHLGFGB97EA,東勢段石角小段,1309.00,非都市：山坡地保育區 ; 非都市編定：農牧用地,1,1,全筆移轉,08880000
RPUOMLNKLHLGFAB87DA,大益段,4.20,都市：其他:第二種住宅區,10000,51,持分移轉,00250000
RPUNMLSKLHLGFAB28DA,信義段七小段,30.86,都市：其他:第三種住宅區。,10000,643,持分移轉,00060018
RPRNMLTJKHLGFCB08DA,建功段,9.39,都市：其他:第五種住宅區,100000,115,持分移轉,00040000
RPOOMLMKLHLGFCB37DA,豐功段,23.23,都市：其他:第四種商業區,100000,690,持分移轉,02570000
RPWNMLMKLHLGFBB97DA,建功段,31.69,都市：其他:第二種住宅區,100000,454,持分移轉,08490000
RPUNMLPLLHLGFBB18DA,北屯段,3.00,都市：其他:第二種住宅區,20,1,持分移轉,03180032
RPUNMLPLLHLGFBB18DA,北屯段,15.75,都市：其他:第二種住宅區,20,1,持分移轉,03300000
RPUNMLQJKHLGFCB08DA,信安段,24.90,都市：其他:第三之一種住宅區,100000,3022,持分移轉,02380000
RPSOMLOJLHLGFFB18DA,三鹿段,20.60,都市：其他:第二種商業區,100000,672,持分移轉,01510000
RPROMLKMLHLGFFB97DA,市鎮北段,121.98,都市：其他:第四種商業區,1,1,全筆移轉,01470000
RPSNMLKMLHLGFGB08DA,義渡段,175.60,都市：其他:商業區,1,1,全筆移轉,04520000
RPSNMLKMLHLGFGB08DA,義渡段,21.15,都市：其他:商業區,1,1,全筆移轉,04530000
RPSNMLKMLHLGFGB08DA,義渡段,95.69,都市：其他:商業區,1,1,全筆移轉,04550000
RPSNMLKMLHLGFGB08DA,義渡段,12.24,都市：其他:商業區,1,1,全筆移轉,04560000
RPTNMLKMLHLGFGB18DA,義渡段,62.83,都市：其他:商業區,1,1,全筆移轉,04470000
RPTNMLKMLHLGFGB18DA,義渡段,46.79,都市：其他:商業區,1,1,全筆移轉,04580000
RPTNMLKMLHLGFGB18DA,義渡段,64.88,都市：其他:商業區,1,1,全筆移轉,04590000
RPVNMLKMLHLGFGB38DA,義渡段,66.73,都市：其他:商業區,1,1,全筆移轉,04570000
RPVNMLKMLHLGFGB38DA,義渡段,131.50,都市：其他:商業區,1,1,全筆移轉,04690000
RPVNMLKMLHLGFGB38DA,義渡段,14.53,都市：其他:商業區,1,1,全筆移轉,04730000
RPVNMLKMLHLGFGB38DA,義渡段,23.82,都市：其他:商業區,1,1,全筆移轉,04740000
RPXOMLNKJHLGFCB18DA,福順段,27.72,都市：其他:第二之A種住宅區,100000,2636,持分移轉,01010000
RPXOMLNKJHLGFCB18DA,福順段,15.59,都市：其他:第一之B種住宅區,100000,2636,持分移轉,01020000
RPPNMLLJMHLGFGB67DA,大南段大南小段,2022.00,非都市：一般農業區 ; 非都市編定：農牧用地,1,1,全筆移轉,01650801
RPUNMLTJLHLGFHB98DA,牛埔段,72.45,都市：其他:農業區,1,1,全筆移轉,03400000
RPSNMLTJLHLGFHB78DA,大明段,21.09,都市：其他:第二種住宅區,10000,83,持分移轉,04510000
RPSNMLMKLHLGFJB38DA,育賢段,21.20,都市：其他:住宅區,100000,472,持分移轉,00470000
RPUOMLRLLHLGFAB38DA,下橋子頭段,13.45,都市：其他:第二種住宅區,10000,46,持分移轉,01540043
RPPNMLQKLHLGFJB48DA,育賢段,30.43,都市：其他:住宅區,10000,52,持分移轉,02080000
RPVNMLKKKHLGFAB47DA,科博段,20.82,都市：其他:第二之一種商業區,100000,701,持分移轉,00560000
RPUNMLOLLHLGFJB88DA,壽平段,32.85,都市：其他:第一種住宅區,100000,1118,持分移轉,05400000
RPSOMLRLLHLGFAB18DA,大益段,27.81,都市：其他:第二種住宅區,10000,294,持分移轉,04740001
RPXOMLOLKHLGFBB38DA,太和段,22.02,都市：其他:第三種住宅區。,100000,630,持分移轉,02500000
RPTOMLKKLHLGFBB57DA,碧柳段,29.06,都市：其他:第二之一種住宅區,100000,400,持分移轉,00780000
RPOOMLNKKHLGFCB37DA,惠來厝段,23.81,都市：其他:第三之二種住宅區,1000000,5991,持分移轉,07870000
RPQNMLRLLHLGFBB97DA,中興段,12.40,都市：其他:第二種住宅區,10000,57,持分移轉,01660000
RPQPMLQLLHLGFCB18DA,黎明段,13.69,都市：其他:第三種住宅區。,100000,583,持分移轉,01210000
RPVNMLNJKHLGFFB18DA,東晉段,20.03,都市：其他:第一種商業區,100000,705,持分移轉,00880000
RPPNMLQJLHLGFFB97DA,市鎮北段,18.12,都市：其他:第四種商業區,100000,383,持分移轉,00420000
RPTNMLNKLHLGFHB38DA,自立段,2378.00,都市：其他:農業區,1,1,全筆移轉,04940000
RPWNMLTKLHLGFHB66DA,聖宮段,10.78,都市：其他:第一之二種住宅區,10000,62,持分移轉,11320000
RPRNMLRJMHLGFJB78DA,愛平段,262.00,都市：其他:第一種住宅區,1,1,全筆移轉,03200000
SPRNMLRJMHLGFJB88DA,愛平段,868.00,都市：其他:第一種住宅區,1,1,全筆移轉,03220000
RPQNMLOLLHLGFKB58DA,竹師段,25.94,都市：其他:第四種住宅區,100000,485,持分移轉,06660000
RPQNMLLMLHLGFJB38EA,愛平段,17.99,都市：其他:第二種住宅區,100000,615,持分移轉,02960000
RPPNMLSLJHLGFAB67DA,吉龍段,74.00,都市：其他:第二種住宅區,1,1,全筆移轉,04430000
RPPNMLPLKHLGFAB47DA,萬安段八小段,2.68,都市：其他:第二種住宅區,10000,105,持分移轉,00040009
RPPNMLPLKHLGFAB47DA,正義段八小段,4.76,都市：其他:第二種住宅區,10000,105,持分移轉,00370005
RPTOMLKLLHLGFBB67DA,水湳段,8.01,都市：其他:第四種商業區,10000,41,持分移轉,13110000
RPOOMLQJLHLGFAB47DA,五權段,1.16,都市：其他:第二種住宅區,1000000,368,持分移轉,07740000
RPOOMLQJLHLGFAB47DA,五權段,1.01,都市：其他:第一種商業區,1000000,368,持分移轉,07750000
RPOOMLQJLHLGFAB47DA,五權段,.01,都市：其他:廣場兼停車場用地,1000000,368,持分移轉,07750001
RPOOMLKLLHLGFAB07DA,東勢子段,23.71,都市：其他:第二種住宅區,10000,24,持分移轉,00110000
RPOPMLPLLHLGFCB87DA,三塊厝段,22.58,都市：其他:第二種住宅區,10000,335,持分移轉,05530000
RPTOMLQLKHLGFCB28DA,上石碑段,19.36,都市：其他:第三之二種住宅區,10000,124,持分移轉,20490000
RPXNMLTKJHLGFAB48DA,民生段二小段,51.96,都市：其他:第二種住宅區,10000,503,持分移轉,00020006
RPPNMLPLKHLGFBB67EA,松茂段,23.40,都市：其他:第二種住宅區,10000,318,持分移轉,10970000
RPQOMLOKJHLGFIB18DA,立新段,36.43,非都市：鄉村區 ; 非都市編定：乙種建築用地,10000,1096,持分移轉,07030000
RPQOMLOKJHLGFIB18DA,立新段,9.62,非都市：鄉村區 ; 非都市編定：乙種建築用地,10000,1096,持分移轉,07310000
RPWNMLQJKHLGFFB58DA,市鎮北段,22.56,都市：其他:第四種商業區,100000,212,持分移轉,02950000
RPRSMLOLLHLGFBB28DA,東新段,11.85,都市：其他:第二種住宅區,100000,189,持分移轉,00080000
RPOVMLNLLHLGFBB18DA,同榮段,2472.00,都市：其他:農業區,1,1,全筆移轉,22630000
RPXUMLQLJHLGFCB56DA,中仁段,16.45,都市：其他:第二種住宅區,100000,1093,持分移轉,02730000
RPOOMLMKJHLGFIB77DA,天時段,19.38,都市：其他:住宅區,100000,788,持分移轉,00480000
RPOQMLOJKHLGFBB47DA,太和段,12.99,都市：其他:第三種住宅區。,10000,76,持分移轉,00420000
RPWOMLQLJHLGFBB38DA,太和段,10.41,都市：其他:第三種住宅區。,10000,54,持分移轉,00920000
RPQOMLOJLHLGFBB57DA,邱厝子段,14.91,都市：其他:第三種住宅區。,10825,107,持分移轉,00990000
RPWOMLRLLHLGFBB68DA,邱厝子段,5.76,都市：其他:第三種住宅區。,2000,6,持分移轉,01360000
RPRNMLQKLHLGFBB87DA,溝背段,22.11,都市：其他:第二之一種住宅區,100000,623,持分移轉,00150000
RPPNMLRKLHLGFBB77DA,和平段,145.85,都市：其他:第一之一種住宅區,1,1,全筆移轉,03250002
RPTNMLQJKHLGFCB97DA,民安段,92.62,都市：其他:第三之一種住宅區,1,1,全筆移轉,06970000
RPPNMLOLJHLGFBB37DA,東信段,22.45,都市：其他:第二種住宅區,20,1,持分移轉,00050000
RPROMLPJKHLGFHB28DA,東寶七段,20.59,都市：其他:市場用地,10000,91,持分移轉,01740000
RPXRMLLKLHLGFCB48DA,惠國段,15.20,都市：其他:第六種新市政中心專用區,100000,1348,持分移轉,01530000
RPQRMLTJJHLGFBB18DA,崇德段,21.19,都市：其他:第二種商業區,1000000,14990,持分移轉,03780000
RPOPMLLMLHLGFCB57DA,惠智段,14.20,都市：其他:第三種住宅區。,10000,69,持分移轉,01670000
RPOVMLKMLHLGFCB08DA,田心段,7.37,都市：其他:第二種住宅區,100000,517,持分移轉,05820000
RPSOMLLJMHLGFDB77DA,翁明段,121.73,都市：其他:第二種商業區,1,1,全筆移轉,03920000
SPQNMLLJMHLGFEB67DA,新三塊厝段,34.85,非都市：特定農業區 ; 非都市編定：農牧用地,6,1,持分移轉,02470000
RPTNMLKMLHLGFDB87DA,東湳段,19.31,都市：其他:第二種住宅區,100000,560,持分移轉,05820000
RPTNMLPLLHLGFFB48DA,市鎮南段,9.42,都市：其他:第四種商業區,100000,42,持分移轉,00970000
RPVOMLSLJHLGFBB48DA,東峰段,34.99,都市：其他:第二種商業區,100000,1653,持分移轉,00510000
RPSNMLTKLHLGFCB38DA,永春段,26.01,都市：其他:第一之一種住宅區,100000,915,持分移轉,01050000
RPSNMLTKLHLGFCB38DA,永春段,1.56,都市：其他:第一種住宅區,100000,52,持分移轉,01060004
RPWNMLLJMHLGFDB08DA,翁明段,121.82,都市：其他:第二種商業區,1,1,全筆移轉,03910000
RPRNMLTKLHLGFIB88DA,南湖段,34.71,都市：其他:住宅區,1,1,全筆移轉,04720003
RPRNMLTKLHLGFIB88DA,南湖段,28.16,都市：其他:住宅區,14,1,持分移轉,04720014
RPRNMLTKLHLGFIB88DA,南湖段,7.35,都市：其他:住宅區,1,1,全筆移轉,04720017
RPQNMLLJMHLGFEB57DA,新三塊厝段,62.17,非都市：特定農業區 ; 非都市編定：甲種建築用地,6,1,持分移轉,02450000
RPSNMLKKLHLGFIB08DA,仁美段,3.97,都市：其他:住宅區,100000,1030,持分移轉,12130000
RPSNMLKKLHLGFIB08DA,仁美段,16.30,非都市：一般農業區 ; 非都市編定：甲種建築用地,100000,1530,持分移轉,13360000
RPPNMLRLLHLGFAB77DA,下橋子頭段,18.25,都市：其他:第二種住宅區,100000,906,持分移轉,01910011
RPQNMLLJMHLGFJB08DA,茶寮段,501.37,非都市：山坡地保育區 ; 非都市編定：丙種建築用地,1,1,全筆移轉,00100001
RPOOMLQLKHLGFBB67DA,乾溝子段,8.37,都市：其他:第二種住宅區,2000,70,持分移轉,01380053
RPTNMLNLJHLGFGB18DA,東豐段,125.35,都市：其他:第一種住宅區,1,1,全筆移轉,00490001
RPPNMLLMLHLGFDB67EA,豐原段,29.15,都市：其他:第二種商業區,20,1,持分移轉,00140078
RPPNMLLMLHLGFDB67EA,豐原段,.10,都市：其他:第二種商業區,20,2,持分移轉,00230023
RPPNMLLMLHLGFDB67EA,豐原段,2.90,都市：其他:第二種商業區,20,2,持分移轉,00230026
RPWNMLNJLHLGFAB87DA,下橋子頭段,12.46,都市：其他:第二種住宅區,10000,27,持分移轉,01770000
RPWOMLPJLHLGFAB18DA,中墩段二小段,17.27,都市：其他:第一種商業區,100000,1089,持分移轉,00050000
RPQOMLLKLHLGFAB27DA,萬安段九小段,7.25,都市：其他:第二種住宅區,10000,43,持分移轉,00070002
RPQOMLLKLHLGFAB27DA,正義段九小段,.54,都市：其他:第二種住宅區,10000,43,持分移轉,00110036
RPQOMLLKLHLGFAB27DA,頂橋子頭段,2.86,都市：其他:第二種住宅區,10000,43,持分移轉,03750002
RPTOMLPLKHLGFBB08DA,邱厝子段,8.72,都市：其他:第二種住宅區,10000,328,持分移轉,00270035
RPPNMLPLJHLGFAB37DA,後壠子段,20.28,都市：其他:第三種住宅區。,100000,496,持分移轉,02620083
RPTNMLNLKHLGFJB58DA,新興段,11.69,都市：其他:商業區,100000,323,持分移轉,01210000
RPVOMLLMLHLGFJB88DA,壽平段,16.62,都市：其他:第一種住宅區,10000,95,持分移轉,12100000
RPTOMLMKKHLGFCB77DA,大進段,5.82,都市：其他:第二種住宅區,70000,3421,持分移轉,09830000
RPTOMLMKKHLGFCB77DA,大進段,5.82,都市：其他:第二種住宅區,70000,3421,持分移轉,09840000
RPTOMLMKKHLGFCB77DA,大進段,7.23,都市：其他:第二種住宅區,70000,3421,持分移轉,09850000
RPPNMLLJMHLGFFB57DA,國昌段,79.45,都市：其他:第二種住宅區,1,1,全筆移轉,13460003
RPPNMLLJMHLGFFB57DA,國昌段,23.19,都市：其他:第二種住宅區,100000,13451,持分移轉,13460015
RPQPMLLMLHLGFJB48DA,壽平段,14.00,都市：其他:第一種住宅區,10000,80,持分移轉,12100000
RPSNMLKMLHLGFJB38DA,平欣段,89.00,都市：其他:住宅區,1,1,全筆移轉,03580002
RPSNMLLJMHLGFKB38DA,忠和段,.60,都市：其他:第四種住宅區,48,1,持分移轉,00990002
RPSNMLLJMHLGFKB38DA,忠和段,4.44,都市：其他:第四種住宅區,48,1,持分移轉,22590000
RPSNMLLJMHLGFKB38DA,忠和段,1.07,都市：其他:第四種住宅區,100000,2553,持分移轉,22590006
RPSNMLLJMHLGFKB38DA,忠和段,28.47,都市：其他:第四種住宅區,100000,2553,持分移轉,22660000
RPPNMLRJMHLGFJB68EA,欣欣段,5.00,都市：其他:住宅區,1,1,全筆移轉,05160000
RPPNMLLJMHLGFGB77EA,新金星段,236.33,都市：其他:農業區,1,1,全筆移轉,10360000
RPSNMLMKLHLGFAB47DA,下橋子頭段,15.23,都市：其他:第三種住宅區。,100000,826,持分移轉,01820009
RPTNMLRJMHLGFDB38DA,圳前段,5.05,都市：其他:農業區,1,1,全筆移轉,08010007
RPTNMLRJMHLGFDB38DA,圳前段,20.00,都市：其他:第一之一種住宅區,1,1,全筆移轉,08020007
RPSPMLQKLHLGFCB28DA,大進段,26.39,都市：其他:第二種住宅區,10000,177,持分移轉,06120000
RPPNMLLJLHLGFBB07DA,邱厝子段,5.53,都市：其他:第二種住宅區,3000,37,持分移轉,00340422
RPPPMLKLLHLGFCB47DA,新富段,38.38,都市：其他:第一之B種住宅區,100000,919,持分移轉,02850000
RPPPMLKLLHLGFCB47DA,新富段,.15,都市：其他:第一之C種住宅區,100000,919,持分移轉,02860000
RPUNMLLJMHLGFHB28DA,家興段,7.36,都市：其他:第一之一種住宅區,10000,21,持分移轉,05640000
RPRQMLNLJHLGFBB77DA,碧柳段,16.78,都市：其他:第二種商業區,200000,1068,持分移轉,02550000
RPOUMLOLLHLGFBB18DA,長安段,27.32,都市：其他:第二種住宅區,10000,352,持分移轉,05530000
RPUNMLRJMHLGFDB48DA,圳前段,9.02,都市：其他:農業區,1,1,全筆移轉,08010008
RPUNMLRJMHLGFDB48DA,圳前段,.40,都市：其他:農業區,1,1,全筆移轉,08010009
RPUNMLRJMHLGFDB48DA,圳前段,6.82,都市：其他:農業區,1,1,全筆移轉,08010010
RPUNMLRJMHLGFDB48DA,圳前段,28.87,都市：其他:第一之一種住宅區,1,1,全筆移轉,08020008
RPUNMLRJMHLGFDB48DA,圳前段,3.57,都市：其他:第一之一種住宅區,1,1,全筆移轉,08020009
RPUNMLRJMHLGFDB48DA,圳前段,60.19,都市：其他:第一之一種住宅區,1,1,全筆移轉,08020010
RPPNMLTJKHLGFGB28DA,新德興段,50.73,非都市：特定農業區 ; 非都市編定：甲種建築用地,1,1,全筆移轉,10620000
RPPNMLTJKHLGFGB28DA,新德興段,86.72,非都市：特定農業區 ; 非都市編定：甲種建築用地,1,1,全筆移轉,10660000
RPPNMLLKKHLGFFB47DA,銀聯段,22.00,都市：其他:第四種住宅區,1,1,全筆移轉,11730000
RPPNMLLKKHLGFFB47DA,銀聯段,271.00,都市：其他:第四種住宅區,1,1,全筆移轉,11740000
RPTNMLTKLHLGFJB56DA,宜欣段,8.69,都市：其他:住宅區,10000,79,持分移轉,03700000
RPTNMLLJMHLGFAB57EA,下橋子頭段,11.00,都市：其他:道路用地,1,1,全筆移轉,02360124
RPWOMLLKLHLGFIB68DA,東湖段,14.28,都市：其他:住宅區,32,2,持分移轉,05100004
RPWOMLLKLHLGFIB68DA,東湖段,52.70,都市：其他:住宅區,1,1,全筆移轉,05100011
RPRNMLRJMHLGFIB68DA,溪南西段,22.44,非都市：鄉村區 ; 非都市編定：乙種建築用地,1000,20,持分移轉,04980001
RPQNMLRJMHLGFKB78DA,興和段,542.50,都市：其他:農業區,48,6,持分移轉,10330000
RPRNMLRJMHLGFIB68DA,溪南西段,66.00,非都市：鄉村區 ; 非都市編定：乙種建築用地,1,1,全筆移轉,04980009
RPVOMLKMJHLGFIB48DA,益民段,16.10,都市：其他:住宅區,10000,44,持分移轉,04350000
RPOOMLLLJHLGFCB17DA,上石碑段,3.97,都市：其他:第三種商業區,100000,297,持分移轉,17900000
RPOOMLLLJHLGFCB17DA,上石碑段,3.55,都市：其他:第三種商業區,100000,297,持分移轉,18000007
RPSNMLRJMHLGFJB88DA,育賢段,17.10,都市：其他:住宅區,100000,199,持分移轉,02010007
RPQOMLKKKHLGFAB07DA,麻園頭段,146.00,都市：其他:第二種住宅區,1,1,全筆移轉,00830095
RPQOMLKKKHLGFAB07DA,麻園頭段,10.00,都市：其他:第二種住宅區,1,1,全筆移轉,00830203
RPQOMLKKKHLGFAB07DA,麻園頭段,2.00,都市：其他:第二種住宅區,1,1,全筆移轉,00830281
RPTNMLMJMHLGFAB57DA,後壠子段,33.75,都市：其他:第二種住宅區,8,5,持分移轉,03200089
RPOOMLRJMHLGFAB67DA,合作段,26.51,都市：其他:第二種住宅區,10000,588,持分移轉,03600000
RPVNMLRJMHLGFAB28DA,下橋子頭段,11.62,都市：其他:第一種商業區,10000,223,持分移轉,01160011
RPXNMLQLKHLGFBB48DA,建業段,77.00,都市：其他:第二種住宅區,1,1,全筆移轉,05490001
RPXNMLQLKHLGFBB48DA,建業段,.58,都市：其他:第二種住宅區,38,1,持分移轉,05490003
RPUNMLSJMHLGFAB28DA,大益段,15.00,都市：其他:第二種住宅區,20000,652,持分移轉,02300000
RPSOMLLMLHLGFBB77DA,水源段,30.33,都市：其他:第二種住宅區,100000,1636,持分移轉,01050013
RPXNMLQJLHLGFBB38DA,長安段,15.42,都市：其他:第二種住宅區,10000,64,持分移轉,05070000
RPPNMLLJMHLGFBB17DA,竹興段,51.50,都市：其他:第一之一種住宅區,100000,1613,持分移轉,01620000
RPXNMLSJMHLGFBB68DA,敦和段,838.03,都市：其他:第一之一種住宅區,1,1,全筆移轉,08150000
RPPOMLSJMHLGFCB08DA,上石碑段,71.00,都市：其他:第二種住宅區,1,1,全筆移轉,26680015
RPPOMLSJMHLGFCB08DA,上石碑段,14.52,都市：其他:第二種住宅區,10000,300,持分移轉,26680025
RPQRMLRJMHLGFCB38DA,新富段,45.61,都市：其他:第一之B種住宅區,100000,1092,持分移轉,02850000
RPQRMLRJMHLGFCB38DA,新富段,.18,都市：其他:第一之C種住宅區,100000,1092,持分移轉,02860000
RPWNMLOJLHLGFDB28DA,民富段,17.70,都市：其他:住宅區,10000,655,持分移轉,07600000
RPVPNLMJLHLGFCB18DA,田心段,8.16,都市：其他:第二種住宅區,10000,97,持分移轉,08400000
RPWNMLOJLHLGFDB28DA,民富段,4.32,都市：其他:住宅區,10000,655,持分移轉,07600005
RPWNMLOJLHLGFDB28DA,民富段,4.28,都市：其他:住宅區,10000,655,持分移轉,07600006
RPSOMLNKLHLGFDB97DA,大洲段,25.87,都市：其他:第一之一種住宅區,97200,2719,持分移轉,03040000
RPQNMLMJMHLGFGB87DA,崁子下段,47.32,非都市：鄉村區 ; 非都市編定：乙種建築用地,1,1,全筆移轉,00710000
RPSNMLLMLHLGFHB28DA,聖宮段,6.95,都市：其他:第一之二種住宅區,10000,40,持分移轉,11320000
RPPNMLKKMHLGFEB47DA,黎明段,718.31,都市：其他:住宅區,1,1,全筆移轉,04410000
RPTNMLRJMHLGFJB98DA,新德隆段,43.59,非都市：一般農業區 ; 非都市編定：甲種建築用地,1,1,全筆移轉,07290000
RPTNMLRJMHLGFJB98DA,新德隆段,4.15,非都市：一般農業區 ; 非都市編定：甲種建築用地,67,1,持分移轉,07640000
RPWNMLRLLHLGFIB66DA,瑞城段,93.66,都市：其他:住宅區,1,1,全筆移轉,09800002
RPRNMLRJMHLGFBB08EA,北屯段,21.32,都市：其他:第二種商業區,100000,1904,持分移轉,04120000
RPRNMLRJMHLGFBB08EA,北屯段,.06,都市：其他:第二種商業區,100000,1904,持分移轉,04120007
RPQNMLTJMHLGFAB97DA,振興段,103.31,都市：其他:第二種住宅區,1,1,全筆移轉,00450002
RPQOMLNJLHLGFAB37DA,尚武段,.14,都市：其他:第二種住宅區,204,1,持分移轉,09000019
RPQOMLNJLHLGFAB37DA,尚武段,4.24,都市：其他:第二種住宅區,100000,508,持分移轉,09000111
RPQOMLNJLHLGFAB37DA,尚武段,4.24,都市：其他:第二種住宅區,100000,367,持分移轉,09000112
RPQOMLNJLHLGFAB37DA,尚武段,.12,都市：其他:第二種住宅區,204,1,持分移轉,09000212
RPQOMLNJLHLGFAB37DA,尚武段,88.00,都市：其他:第二種住宅區,1,1,全筆移轉,09000226
RPQOMLNJLHLGFAB37DA,尚武段,9.00,都市：其他:第二種住宅區,1,1,全筆移轉,09000227
RPSNMLMJMHLGFAB47DA,樹子腳段,11.86,都市：其他:第三種住宅區。,9000,32,持分移轉,15610000
RPSNMLQLKHLGFBB97DA,青萍段,48.90,都市：其他:第二種住宅區,1000,300,持分移轉,08970000
RPOOMLRJMHLGFBB77DA,賴厝廍段,80.00,都市：其他:第三種住宅區。,1,1,全筆移轉,04350019
RPRQMLLJMHLGFBB67DA,大貴段,418.53,都市：其他:綠地用地,1,1,全筆移轉,02500000
RPRQMLLJMHLGFBB67DA,大貴段,86.32,都市：其他:道路用地,100000,76013,持分移轉,02500003
RPRQMLLJMHLGFBB67DA,大貴段,47.49,都市：其他:道路用地,1,1,全筆移轉,02500004
RPWNMLTKLHLGFBB68DA,碧柳段,13.84,都市：其他:第二種商業區,1000000,3860,持分移轉,02820000
RPRQMLLJMHLGFBB67DA,大貴段,44.83,都市：其他:綠地用地,1,1,全筆移轉,02500005
RPRQMLLJMHLGFBB67DA,大貴段,586.76,都市：其他:綠地用地,1,1,全筆移轉,02500006
RPRQMLLJMHLGFBB67DA,大貴段,101.33,都市：其他:道路用地,1,1,全筆移轉,02500007
RPVNMLKMLHLGFJB68DA,平欣段,96.00,都市：其他:住宅區,1,1,全筆移轉,03580000
RPUOMLLJMHLGFCB87DA,協仁段,68.12,都市：其他:農業區,100000,39932,持分移轉,01010039
RPOQMLKKLHLGFCB37DA,國安段,29.08,都市：其他:第六種住宅區,8400000,7224,持分移轉,05990000
RPXOMLLJMHLGFCB18DA,協仁段,21.34,都市：其他:農業區,100000,41688,持分移轉,04820002
RPUNMLSJMHLGFCB48DA,豐富段,34.74,都市：其他:第二種住宅區,100000,800,持分移轉,02800000
RPQNMLKKMHLGFEB57DA,黎明段,75.57,都市：其他:住宅區,1,1,全筆移轉,04400000
RPTOMLSJMHLGFCB48DA,春安段,7.24,都市：其他:第一種商業區,10000,30,持分移轉,04800000
RPPNMLQLKHLGFJB48DA,育賢段,18.18,都市：其他:住宅區,10000,31,持分移轉,02100001
RPSNMLTJMHLGFHB88DA,四德段,78.00,都市：其他:第二種住宅區,1,1,全筆移轉,00490006
RPTNMLTJMHLGFJB56DA,內湖段,96.03,非都市：鄉村區 ; 非都市編定：乙種建築用地,1,1,全筆移轉,05650000
RPQNMLTJMHLGFKB98DA,新庄段,72.92,非都市：鄉村區 ; 非都市編定：乙種建築用地,12240,708,持分移轉,05440000
RPQNMLTLJHLGFAB87DA,樹子腳段,16.81,都市：其他:第三種住宅區。,100000,1267,持分移轉,00900000
RPXNMLTJMHLGFJB96DA,育賢段,24.45,都市：其他:住宅區,100000,660,持分移轉,02020000
RPUOMLSJMHLGFCB58DA,中義段,24.40,都市：其他:第一種商業區,25,1,持分移轉,05710000
RPWSMLTJMHLGFBB56DA,錦村段,12.70,都市：其他:第二種住宅區,300000,528,持分移轉,00610000
RPVNMLKKMHLGFDB97DA,新公館段,1228.48,非都市：特定農業區 ; 非都市編定：丁種建築用地,1,1,全筆移轉,08230000
RPVNMLKKMHLGFDB97DA,新公館段,1162.41,非都市：特定農業區 ; 非都市編定：丁種建築用地,1,1,全筆移轉,08240000
RPVNMLKKMHLGFDB97DA,新公館段,1186.20,非都市：特定農業區 ; 非都市編定：丁種建築用地,1,1,全筆移轉,08250000
RPTNMLKKMHLGFDB77DA,新公館段,1044.36,非都市：特定農業區 ; 非都市編定：農牧用地,1,1,全筆移轉,08260000
RPSOMLPJLHLGFFB28DA,西勢段,714.72,都市：其他:農業區,168000,7650,持分移轉,03480000
RPTNMLKKMHLGFDB77DA,新公館段,547.95,非都市：特定農業區 ; 非都市編定：農牧用地,1,1,全筆移轉,08270000
RPTNMLKKMHLGFDB77DA,新公館段,2271.41,非都市：特定農業區 ; 非都市編定：農牧用地,1,1,全筆移轉,08280000
RPROMLTJMHLGFFB68DA,南簡段,154.00,都市：其他:第四種住宅區,1,1,全筆移轉,09180006
RPROMLTJMHLGFFB68DA,南簡段,28.00,都市：其他:第四種住宅區,1,1,全筆移轉,09180007
RPROMLTJMHLGFFB68DA,南簡段,606.00,都市：其他:第四種住宅區,1,1,全筆移轉,09180008
RPRNMLLJMHLGFFB77DA,市鎮南段,9.42,都市：其他:第四種商業區,100000,42,持分移轉,00970000
RPUNMLTJMHLGFHB09DA,栗林段,17.69,都市：其他:第一之二種住宅區,1,1,全筆移轉,03500000
RPUNMLTJMHLGFHB09DA,栗林段,86.25,都市：其他:第一之二種住宅區,1,1,全筆移轉,03510000
RPSNMLQLKHLGFJB78DA,樹孝段,.50,都市：其他:住宅區,50000,209,持分移轉,00810000
RPSNMLQLKHLGFJB78DA,樹孝段,13.28,都市：其他:住宅區,50000,209,持分移轉,00820000
RPQNMLTJMHLGFJB88DA,東平段,73.81,都市：其他:第一種住宅區,1,1,全筆移轉,13640000
RPXNMLMJMHLGFAB97DA,後壠子段,3.25,都市：其他:第二種住宅區,10000,31,持分移轉,02340015
RPXNMLMJMHLGFAB97DA,後壠子段,.07,都市：其他:第二種住宅區,10000,31,持分移轉,02340073
RPRNMLQJKHLGFBB67DA,邱厝子段,3.60,都市：其他:第二種住宅區,10000,24,持分移轉,00270008
RPRNMLQJKHLGFBB67DA,新賴厝廍三段,.15,都市：其他:第二種住宅區,10000,24,持分移轉,01200000
RPOOMLQJKHLGFBB47DA,青萍段,102.00,都市：其他:第二種住宅區,1,1,全筆移轉,07030000
RPPQMLRJMHLGFBB08DA,新賴厝廍三段,18.11,都市：其他:第二種住宅區,1000,27,持分移轉,08650000
RPROMLTKLHLGFBB28DA,軍和段,32.76,都市：其他:第一種住宅區,100000,3508,持分移轉,01260000
RPROMLTKLHLGFBB28DA,軍和段,6.36,都市：其他:第一種住宅區,100000,3571,持分移轉,01260008
RPROMLTKLHLGFBB28DA,軍和段,72.29,都市：其他:第一種住宅區,1,1,全筆移轉,01260029
RPSNMLLMJHLGFAB37DA,麻園頭段,6.91,都市：其他:第二種住宅區,10000,344,持分移轉,07170000
RPSNMLLMJHLGFAB37DA,麻園頭段,27.67,都市：其他:第二種住宅區,3,1,持分移轉,07170013
RPSNMLLMJHLGFAB37DA,麻園頭段,3.63,都市：其他:第二種住宅區,10000,295,持分移轉,07170019
RPSNMLQJLHLGFCB97DA,田心段,14.00,都市：其他:第二種住宅區,116,14,持分移轉,03820049
RPSNMLQJLHLGFCB97DA,田心段,70.00,都市：其他:第二種住宅區,1,1,全筆移轉,03820054
RPSNMLQJLHLGFCB97DA,田心段,9.00,都市：其他:第二種住宅區,157,9,持分移轉,03820058
RPQNMLQLJHLGFHB28DA,家興段,11.21,都市：其他:第一之一種住宅區,10000,32,持分移轉,05640000
RPWOMLOJKHLGFHB68DA,家福段,17.84,都市：其他:第一之一種住宅區,305822,3567,持分移轉,07960000
RPQNMLNKMHLGFCB67DA,鎮安段,497.00,都市：其他:農業區,1,1,全筆移轉,06860000
RPXOMLSJMHLGFCB88DA,惠國段,12.36,都市：其他:第六種新市政中心專用區,1600000,13600,持分移轉,01270000
RPXNMLKKMHLGFDB18DA,眉山西段,58.13,都市：其他:農業區,6,1,持分移轉,02280000
RPXNMLKKMHLGFDB18DA,眉山西段,35.73,都市：其他:農業區,1,1,全筆移轉,02290000
RPXNMLKKMHLGFDB18DA,眉山西段,199.88,都市：其他:農業區,1,1,全筆移轉,02300000
RPXNMLKKMHLGFDB18DA,眉山西段,.94,都市：其他:農業區,6,1,持分移轉,02370000
RPXNMLKKMHLGFDB18DA,眉山西段,1.25,都市：其他:農業區,6,1,持分移轉,02380000
RPXNMLKKMHLGFDB18DA,眉山西段,9.78,都市：其他:農業區,6,1,持分移轉,02390000
RPSNMLSKLHLGFCB28DA,春安段,13.44,都市：其他:第三之二種住宅區,100000,939,持分移轉,01750000
RPSNMLSKLHLGFCB28DA,春安段,3.04,都市：其他:第二種住宅區,100000,939,持分移轉,01920000
RPSNMLQLJHLGFHB48DA,僑興段,31.75,都市：其他:住宅區,100000,411,持分移轉,00140000
RPOPMLNKMHLGFFB97DA,海濱段,79.00,都市：其他:第四種住宅區,1,1,全筆移轉,09020014
RPQPMLNKMHLGFFB18DA,護安段,15.81,都市：其他:市場用地,42,8,持分移轉,07490003
RPQPMLNKMHLGFFB18DA,護安段,94.40,都市：其他:市場用地,30,6,持分移轉,07500000
RPQPMLNKMHLGFFB18DA,護安段,94.40,都市：其他:市場用地,30,6,持分移轉,07500001
RPQPMLNKMHLGFFB18DA,護安段,15.73,都市：其他:市場用地,30,6,持分移轉,07500002
RPQPMLNKMHLGFFB18DA,護安段,173.07,都市：其他:市場用地,30,6,持分移轉,07500003
RPQPMLNKMHLGFFB18DA,護安段,94.40,都市：其他:市場用地,30,6,持分移轉,07500004
RPPNMLNKMHLGFHB08DA,嘉豐段,116.58,都市：其他:農業區,1,1,全筆移轉,04050000
RPPNMLNKMHLGFHB08DA,嘉豐段,111.01,都市：其他:農業區,1,1,全筆移轉,04060000
RPPNMLNKMHLGFHB08DA,嘉豐段,108.94,都市：其他:農業區,1,1,全筆移轉,04070000
RPPNMLNKMHLGFHB08DA,嘉豐段,117.41,都市：其他:農業區,1,1,全筆移轉,04080000
RPQNMLMJLHLGFJB08DA,育賢段,17.01,都市：其他:住宅區,100000,198,持分移轉,02010007
RPRNMLTKLHLGFJB98DA,孝平段,20.46,都市：其他:第二種住宅區,74000,2100,持分移轉,00600000
RPPNMLLMJHLGFBB17DA,新賴厝廍九段,28.65,都市：其他:第二種住宅區,60,1,持分移轉,09200000
RPPPMLMKKHLGFBB37DA,松昌段,16.17,都市：其他:第三種住宅區。,10000,76,持分移轉,06020000
RPUOMLNKMHLGFAB97DA,大益段,23.08,都市：其他:第三種住宅區。,100000,1817,持分移轉,10260000
RPSOMLTJLHLGFBB28DA,仁和段,3.79,都市：其他:第一種商業區,10000,28,持分移轉,05130000
RPSOMLTJLHLGFBB28DA,仁和段,6.12,都市：其他:第一種商業區,10000,28,持分移轉,05240000
RPSOMLTJLHLGFBB28DA,仁和段,2.54,都市：其他:第一種商業區,10000,28,持分移轉,05260000
RPSOMLTJLHLGFBB28DA,仁和段,3.68,都市：其他:第一種商業區,10000,28,持分移轉,05280000
RPVNMLMJKHLGFCB77DA,西屯段,10.50,都市：其他:第二種住宅區,10000,18,持分移轉,22500000
RPVNMLMJKHLGFCB77DA,西屯段,6.45,都市：其他:第三之二種住宅區,10000,18,持分移轉,23150000
RPROMLPLKHLGFCB97DA,西屯段,8.12,都市：其他:第三之二種住宅區,100000,1390,持分移轉,28020000
RPWNMLQLKHLGFDB58DA,口庄段,25.73,非都市：特定農業區 ; 非都市編定：甲種建築用地,25,1,持分移轉,02680000
RPWNMLQLKHLGFDB58DA,口庄段,61.21,非都市：特定農業區 ; 非都市編定：甲種建築用地,1,1,全筆移轉,02680010
RPQNMLLJMHLGFDB47DA,后興段,84.05,都市：其他:住宅區,1,1,全筆移轉,09680000
RPOOMLTJMHLGFCB08DA,豐業段,24.85,都市：其他:第二種住宅區,100000,1004,持分移轉,01340000
RPPNMLMKMHLGFDB57DA,朝陽段,59.00,都市：其他:第一之二種住宅區,1,1,全筆移轉,02910010
RPPNMLMKMHLGFDB57DA,朝陽段,28.57,都市：其他:第一之二種住宅區,5,1,持分移轉,02910013
RPSNMLOKMHLGFDB08DA,神圳段,14.64,都市：其他:第一之二種住宅區,1,1,全筆移轉,03790004
RPRPMLLJMHLGFDB77DA,舊圳段,2283.59,非都市：特定農業區 ; 非都市編定：農牧用地,1,1,全筆移轉,00680000
RPRNMLRLJHLGFEB18DA,平安段,62.00,都市：其他:住宅區,1,1,全筆移轉,10550000
RPSNMLQLKHLGFFB38DA,市鎮北段,17.24,都市：其他:第四種商業區,100000,162,持分移轉,02950000
RPUNMLTJMHLGFFB88DA,市鎮北段,9.01,都市：其他:第四種商業區,10000,28,持分移轉,00130001
RPUOMLNLKHLGFHB58DA,自強段,52.00,非都市：特定農業區 ; 非都市編定：甲種建築用地,1,1,全筆移轉,00390008
RPUOMLNLKHLGFHB58DA,自強段,23.60,非都市：特定農業區 ; 非都市編定：甲種建築用地,10,1,持分移轉,00390013
RPTNMLKLLHLGFIB28DA,新高鐵段,12.40,都市：其他:商業區,100000,49,持分移轉,00890000
RPPPMLLMLHLGFIB28DA,新光段,30.12,都市：其他:住宅區,100000,3428,持分移轉,03810000
RPUNMLOJLHLGFJB68DA,太平段,62.00,都市：其他:商業區,1,1,全筆移轉,06460009
RPUNMLMKLHLGFJB58DA,育賢段,20.00,都市：其他:商業區,10000,71,持分移轉,01530000
RPQNMLQLKHLGFAB67DA,旱溪段,12.00,都市：其他:第二種住宅區,64,4,持分移轉,02770097
RPQNMLQLKHLGFAB67DA,旱溪段,64.00,都市：其他:第二種住宅區,1,1,全筆移轉,02770104
RPQNMLQLKHLGFAB67DA,旱溪段,11.00,都市：其他:第二種住宅區,1,1,全筆移轉,02770123
RPVNMLKLLHLGFCB87DA,西屯段,8.75,都市：其他:第二種住宅區,10000,15,持分移轉,22500000
RPVNMLKLLHLGFCB87DA,西屯段,5.38,都市：其他:第三之二種住宅區,10000,15,持分移轉,23150000
RPSNMLPKMHLGFAB87DA,後壠子段,18.25,都市：其他:第三種住宅區。,4,1,持分移轉,01340033
RPSNMLPKMHLGFAB87DA,後壠子段,17.00,都市：其他:第三種住宅區。,4,1,持分移轉,01340039
RPSNMLPKMHLGFAB87DA,後壠子段,19.50,都市：其他:第三種住宅區。,4,1,持分移轉,01340040
RPSNMLPKMHLGFAB87DA,後壠子段,5.50,都市：其他:第三種住宅區。,4,1,持分移轉,01340041
RPSNMLPKMHLGFAB87DA,後壠子段,5.50,都市：其他:第三種住宅區。,4,1,持分移轉,01340042
RPSNMLPKMHLGFAB87DA,後壠子段,6.75,都市：其他:第三種住宅區。,4,1,持分移轉,01340043
RPRPMLMKKHLGFBB57DA,松觀段,18.72,都市：其他:第二種住宅區,10000,191,持分移轉,07210000
RPVOMLMKKHLGFBB87DA,太祥段,20.76,都市：其他:第三種住宅區。,100000,1246,持分移轉,01090000
RPVOMLMKKHLGFBB87DA,太祥段,.79,都市：其他:第一種住宅區,100000,1246,持分移轉,01090001
RPPOMLPKMHLGFCB87DA,廣明段,60.73,都市：其他:第二種住宅區,1,1,全筆移轉,06230016
RPPOMLOKMHLGFCB77DA,大墩段,30.53,都市：其他:第二種住宅區,100000,1565,持分移轉,04290000
RPPPMLQLKHLGFDB08DA,合作段,50.88,都市：其他:第二種住宅區,8,1,持分移轉,00410000
RPRNMLKKMHLGFEB67DA,順帆段,220.67,非都市：特定農業區 ; 非都市編定：甲種建築用地,12,2,持分移轉,06170000
RPQNMLPKMHLGFEB08DA,安重段,2203.00,非都市：特定農業區 ; 非都市編定：農牧用地,1,1,全筆移轉,05490000
RPQNMLPKMHLGFEB08DA,安重段,1300.00,非都市：特定農業區 ; 非都市編定：農牧用地,1,1,全筆移轉,05800000
RPUNMLKLLHLGFDB87DA,西湳北段,15.27,非都市：特定農業區 ; 非都市編定：甲種建築用地,11,1,持分移轉,04840000
RPUNMLKLLHLGFDB87DA,西湳北段,66.44,非都市：特定農業區 ; 非都市編定：甲種建築用地,1,1,全筆移轉,04920000
RPRNMLOKMHLGFHB38DA,上楓段,110.00,都市：其他:第一種住宅區,1,1,全筆移轉,13490003
RPRNMLSJMHLGFHB68DA,僑興段,27.15,都市：其他:住宅區,100000,348,持分移轉,00150000
RPVNMLTKLHLGFIB66DA,新義段,9.45,都市：其他:商業區,6287,147,持分移轉,00500000
RPUPMLNKMHLGFIB88DA,新三和段,20.89,都市：其他:第二種住宅區,200000,302,持分移轉,00790000
RPRNMLMJMHLGFAB37DA,土庫段,7.00,都市：其他:第一種商業區,1,1,全筆移轉,00080191
RPRNMLMJMHLGFAB37DA,土庫段,81.00,都市：其他:第一種商業區,1,1,全筆移轉,00090020
RPRNMLLJMHLGFJB18DA,育賢段,68.93,都市：其他:住宅區,1,1,全筆移轉,00060002
RPQOMLNKMHLGFAB57DA,下橋子頭段,14.91,都市：其他:第三種住宅區。,100000,793,持分移轉,02330014
RPSNMLOKMHLGFAB77DA,頂橋子頭段,30.52,都市：其他:第二種住宅區,10000,400,持分移轉,02220010
RPSQMLOKMHLGFBB18DA,錦村段,90.00,都市：其他:第二種住宅區,1,1,全筆移轉,02150013
RPSQMLOKMHLGFBB18DA,錦村段,4.80,都市：其他:第二種住宅區,15,1,持分移轉,02150018
RPSQMLOKMHLGFBB18DA,錦村段,.80,都市：其他:第二種住宅區,15,1,持分移轉,02150027
RPPPMLPJLHLGFCB77DA,上石碑段,9.00,都市：其他:第三之二種住宅區,1,1,全筆移轉,03830003
RPPPMLPJLHLGFCB77DA,上石碑段,112.00,都市：其他:第三之二種住宅區,1,1,全筆移轉,03860000
RPQNMLQKMHLGFCB97DA,豐功段,6.70,都市：其他:第四種商業區,100000,152,持分移轉,02520000
RPVNMLQKMHLGFCB48DA,永春段,39.76,都市：其他:第一之一種住宅區,100000,586,持分移轉,00580000
RPOOMLNLLHLGFDB67DA,南村段,18.80,都市：其他:第二種商業區,10000,190,持分移轉,02910000
RPOOMLQLJHLGFIB28DA,華城段,130.61,非都市：鄉村區 ; 非都市編定：乙種建築用地,1,1,全筆移轉,03060000
RPQNMLLKJHLGFJB87DA,新興段,17.41,都市：其他:住宅區,10000,56,持分移轉,01640000
RPUNMLPKMHLGFJB98DA,頭汴坑段,2121.00,非都市：山坡地保育區 ; 非都市編定：農牧用地,1,1,全筆移轉,02640396
RPUNMLKKKHLGFAB37DA,下橋子頭段,17.50,都市：其他:第二種住宅區,100000,869,持分移轉,01910011
RPXNMLQKMHLGFAB48DA,土庫段,17.92,都市：其他:第二種住宅區,10000,110,持分移轉,00630000
RPQNMLMJKHLGFHB77DA,弘富段,89.80,都市：其他:第一之二種住宅區,1,1,全筆移轉,03480001
RPXNMLLLJHLGFAB77DA,旱新段,114.09,都市：其他:第一種商業區,1,1,全筆移轉,01950003
RPOOMLPJJHLGFIB97DA,新高鐵段,18.88,都市：其他:商業區,100000,344,持分移轉,00510000
RPQPMLLJMHLGFJB28DA,育賢段,18.90,都市：其他:住宅區,10000,22,持分移轉,02010000
RPPNMLOJKHLGFIB97DA,五張犁西段,4729.35,非都市：特定農業區 ; 非都市編定：特定目的事業用地,1,1,全筆移轉,05190000
RPPNMLOJKHLGFIB97DA,五張犁西段,2452.75,非都市：特定農業區 ; 非都市編定：特定目的事業用地,1,1,全筆移轉,05450000
RPPNMLOJKHLGFIB97DA,五張犁西段,1733.49,非都市：特定農業區 ; 非都市編定：特定目的事業用地,1,1,全筆移轉,05460000
RPPNMLOJKHLGFIB97DA,五張犁西段,1734.42,非都市：特定農業區 ; 非都市編定：特定目的事業用地,1,1,全筆移轉,05520000
RPPNMLOJKHLGFIB97DA,五張犁西段,1755.50,非都市：特定農業區 ; 非都市編定：特定目的事業用地,1,1,全筆移轉,05530000
RPTNMLKKKHLGFJB18DA,育賢段,22.77,都市：其他:住宅區,100000,265,持分移轉,02010007
RPQNMLTJJHLGFCB97EA,民安段,40.91,都市：其他:第一種住宅區,10000,594,持分移轉,05960000
RPTNMLRLJHLGFJB88DA,新興段,25.89,都市：其他:住宅區,100000,1441,持分移轉,00410000
RPWNMLTLJHLGFAB48DA,土庫段,5.64,都市：其他:第三種住宅區。,97380,352,持分移轉,00280002
RPQNMLQLKHLGFIB48DA,東興段,100.51,都市：其他:住宅區,1,1,全筆移轉,00270000
RPTSMLPLLHLGFCB68DA,下石碑段,28.90,都市：其他:第二種住宅區,100000,205,持分移轉,16920003
RPQNMLRKMHLGFCB08DA,大新段,75.00,都市：其他:第三種住宅區。,1,1,全筆移轉,08310013
RPQNMLRKMHLGFCB08DA,大新段,3.00,都市：其他:第三種住宅區。,127,3,持分移轉,08310020
RPSNMLQKMHLGFFB48DA,興安西段,13.20,都市：其他:第二種商業區,10000,34,持分移轉,00070000
RPQNMLPJKHLGFJB28DA,永成段,65.85,都市：其他:住宅區,1,1,全筆移轉,00150025
RPQOMLTKLHLGFAB08DA,旱溪段,25.82,都市：其他:第二種住宅區,10000,134,持分移轉,02720012
RPTNMLTLJHLGFIB98DA,興祥段,76.25,都市：其他:第三種住宅區。,1,1,全筆移轉,00940005
RPTNMLTLJHLGFIB98DA,興祥段,15.86,都市：其他:第三種住宅區。,28,1,持分移轉,00940013
RPQPMLOJLHLGFBB67DA,錦村段,26.88,都市：其他:第二種住宅區,10000,108,持分移轉,02160000
RPRQMLRKLHLGFIB98DA,大義段,23.80,都市：其他:住宅區,10000,60,持分移轉,00420000
RPSRMLQKMHLGFBB48DA,太祥段,10.35,都市：其他:第二種住宅區,100000,491,持分移轉,02350000
RPSOMLTKJHLGFCB28DA,福星段,144.17,都市：其他:第二種住宅區,1,1,全筆移轉,06000000
RPSRMLQKMHLGFBB48DA,太祥段,4.35,都市：其他:第三種住宅區。,100000,491,持分移轉,02380000
RPSOMLKKKHLGFBB37DA,錦村段,19.93,都市：其他:第二種住宅區,10000,38,持分移轉,00210000
RPTOMLRLLHLGFAB28DA,大益段,35.28,都市：其他:第二種住宅區,20000,1302,持分移轉,03300000
RPXOMLRKLHLGFBB68DA,水源段,4.25,都市：其他:第二種住宅區,100000,421,持分移轉,03320031
RPXOMLRKLHLGFBB68DA,水源段,5.89,都市：其他:第一種商業區,100000,421,持分移轉,03480000
RPPOMLSKLHLGFAB87DA,麻園頭段,20.23,都市：其他:第二種住宅區,2000,170,持分移轉,05810001
RPWNMLPJKHLGFDB28DA,豐南段,20.08,都市：其他:第二種住宅區,1000,35,持分移轉,01060000
RPWNMLOKMHLGFFB68DA,市鎮北段,15.55,都市：其他:第四種商業區,100000,266,持分移轉,00600000
RPPNMLRKMHLGFBB97EA,北屯段,25.00,都市：其他:第二種住宅區,5,1,持分移轉,02980089
RPUNPLNJLHLGFBB08DA,平田段,14.31,都市：其他:第二種住宅區,10000,74,持分移轉,04940000
RPPNMLKLMHLGFCB47EA,中和段,12.24,都市：其他:第一種商業區,10000,109,持分移轉,04190000
RPUOMLPJKHLGFBB97DA,錦村段,1.07,都市：其他:第一種商業區,10000,60,持分移轉,03310017
RPUOMLPJKHLGFBB97DA,錦村段,1.23,都市：其他:第一種商業區,10000,60,持分移轉,03310018
RPUOMLPJKHLGFBB97DA,錦村段,.01,都市：其他:第一種商業區,10000,60,持分移轉,03310025
RPUOMLPJKHLGFBB97DA,錦村段,.03,都市：其他:第一種商業區,10000,60,持分移轉,03310027
RPWNMLTKLHLGFIB76DA,崇光段,89.49,都市：其他:住宅區,1,1,全筆移轉,06050000
RPWNMLTKLHLGFIB76DA,崇光段,12.05,,1,1,全筆移轉,06060000
RPSNMLNKMHLGFKB68DA,自強段,26.72,非都市：鄉村區 ; 非都市編定：乙種建築用地,100000,725,持分移轉,00500002
RPOPMLLKKHLGFCB27DA,惠來厝段,5.32,都市：其他:第五種住宅區,100000,126,持分移轉,03150000
RPWNMLLMLHLGFBB08DA,北屯段,17.91,都市：其他:第二種住宅區,100000,460,持分移轉,01910000
RPXOMLQJKHLGFBB38DA,松竹段,26.84,都市：其他:第二種住宅區,100000,564,持分移轉,00080000
RPSPNLTKLHLGFBB58DA,太順段,28.23,都市：其他:第三種住宅區。,10000,235,持分移轉,01280000
RPSTMLTJMHLGFBB88DA,大榮段,775.77,都市：其他:農業區,1,1,全筆移轉,03370000
RPTPMLRKMHLGFBB48DA,東義段,8.07,都市：其他:第二種商業區,100000,180,持分移轉,03190000
RPTPMLRKMHLGFBB48DA,東義段,.77,都市：其他:第二種商業區,100000,180,持分移轉,03320000
RPPQMLPJKHLGFBB67DA,仁美段,15.05,都市：其他:第五種住宅區,1000000,1565,持分移轉,04080002
RPPQMLPJKHLGFBB67DA,仁美段,4.37,都市：其他:第二種住宅區,1000000,1565,持分移轉,04080026
RPVNMLRLJHLGFAB18DA,尚武段,181.00,都市：其他:第二種住宅區,1,1,全筆移轉,00310000
RPPPMLQLLHLGFCB08DA,惠來厝段,86.00,都市：其他:第三之二種住宅區,1,1,全筆移轉,12050025
RPSPMLKLMHLGFCB87DA,永春段,207.38,都市：其他:第一之一種住宅區,1,1,全筆移轉,00070001
RPQNMLTLJHLGFDB18DA,育仁段,200.12,都市：其他:第二種住宅區,1,1,全筆移轉,05730000
RPUNMLNLLHLGFBB97DA,文正段,69.00,都市：其他:第一種商業區,1,1,全筆移轉,00530003
RPUNMLNLLHLGFBB97DA,文正段,1.00,都市：其他:第一種商業區,1,1,全筆移轉,00530057
RPUNMLNLLHLGFBB97DA,文正段,18.00,都市：其他:第一種商業區,1,1,全筆移轉,00530084
RPXNMLQLKHLGFDB68DA,口庄段,25.73,非都市：特定農業區 ; 非都市編定：甲種建築用地,25,1,持分移轉,02680000
RPXNMLQLKHLGFDB68DA,口庄段,61.22,非都市：特定農業區 ; 非都市編定：甲種建築用地,1,1,全筆移轉,02680011
RPWNMLRKMHLGFJB76DA,新坪段,100.92,都市：其他:住宅區,1,1,全筆移轉,05510000
RPWNMLRKMHLGFJB76DA,新坪段,22.70,都市：其他:住宅區,1,1,全筆移轉,05510001
RPQNMLKLMHLGFIB08DA,夏田西段,38.01,非都市：鄉村區 ; 非都市編定：乙種建築用地,1,1,全筆移轉,08080000
RPQNMLKLMHLGFIB08DA,夏田西段,12.05,非都市：鄉村區 ; 非都市編定：乙種建築用地,4,1,持分移轉,08100000
RPQNMLKLMHLGFIB08DA,夏田西段,87.19,非都市：鄉村區 ; 非都市編定：乙種建築用地,1,1,全筆移轉,08120000
RPQNMLKLMHLGFIB08DA,夏田西段,2.76,非都市：鄉村區 ; 非都市編定：乙種建築用地,4,1,持分移轉,09250000
RPQNMLKLMHLGFIB08DA,夏田西段,5.31,非都市：鄉村區 ; 非都市編定：乙種建築用地,1,1,全筆移轉,09260000
RPQNMLKLMHLGFIB08DA,夏田西段,86.71,非都市：鄉村區 ; 非都市編定：乙種建築用地,1,1,全筆移轉,09270000
RPWOMLPJKHLGFBB18DA,錦村段,1.90,都市：其他:第一種商業區,30000,318,持分移轉,03310017
RPWOMLPJKHLGFBB18DA,錦村段,2.17,都市：其他:第一種商業區,30000,318,持分移轉,03310018
RPWOMLPJKHLGFBB18DA,錦村段,.01,都市：其他:第一種商業區,30000,318,持分移轉,03310025
RPWOMLPJKHLGFBB18DA,錦村段,.05,都市：其他:第一種商業區,30000,318,持分移轉,03310027
RPQNMLLLMHLGFBB57EA,碧柳段,20.71,都市：其他:第二之一種住宅區,100000,285,持分移轉,00780000
RPVNMLOJJHLGFCB87DA,永春段,217.93,都市：其他:第一種住宅區,1,1,全筆移轉,00920000
RPTPMLOKMHLGFCB28DA,順和段,633.40,都市：其他:乙種工業區,1,1,全筆移轉,05770006
RPRNMLTKMHLGFAB18DA,吉龍段,18.78,都市：其他:第三種住宅區。,10000,176,持分移轉,02320000
RPOPMLMKKHLGFBB27DA,太祥段,20.76,都市：其他:第三種住宅區。,100000,1246,持分移轉,01090000
RPOPMLMKKHLGFBB27DA,太祥段,.79,都市：其他:第一種住宅區,100000,1246,持分移轉,01090001
RPTOMLSKLHLGFBB38DA,松茂段,62.00,都市：其他:第二種住宅區,1,1,全筆移轉,03810025
RPQNMLMJMHLGFHB97DA,中山段,21.95,都市：其他:第一之一種住宅區,200000,4050,持分移轉,04950000
RPTOMLLLMHLGFBB87DA,陳平段,6.46,都市：其他:第五種住宅區,1000,23,持分移轉,18660040
RPTOMLLLMHLGFBB87DA,陳平段,3.13,都市：其他:第五種住宅區,1000,23,持分移轉,19540021
RPPNMLKKMHLGFJB97DA,樹孝段,131.11,都市：其他:住宅區,1,1,全筆移轉,12560000
RPROMLMKLHLGFCB67DA,福德段,17.38,都市：其他:第三種住宅區。,1000000,6072,持分移轉,01240000
RPRTMLTJMHLGFBB78DA,大榮段,1518.56,都市：其他:農業區,1,1,全筆移轉,03360000
RPRTMLTJMHLGFBB78DA,大榮段,199.82,都市：其他:農業區,1,1,全筆移轉,03390000
SPQOMLKLMHLGFIB28DA,夏田東段,28.72,非都市：一般農業區 ; 非都市編定：交通用地,15,3,持分移轉,04350000
SPQOMLKLMHLGFIB28DA,夏田東段,69.99,非都市：一般農業區 ; 非都市編定：交通用地,15,3,持分移轉,04980000
SPQOMLKLMHLGFIB28DA,夏田東段,61.41,非都市：一般農業區 ; 非都市編定：交通用地,15,3,持分移轉,04990000
SPQOMLKLMHLGFIB28DA,夏田東段,113.58,非都市：一般農業區 ; 非都市編定：交通用地,15,3,持分移轉,05060000
RPOOMLTLJHLGFIB58DA,溪南西段,30.87,非都市：鄉村區 ; 非都市編定：乙種建築用地,100000,1763,持分移轉,09810000
RPUNMLRKMHLGFHB98DA,家興段,38.39,都市：其他:第一之一種住宅區,100000,1130,持分移轉,08790000
RPWNMLKLMHLGFBB97DA,乾溝子段,3.81,都市：其他:第二種住宅區,10000,27,持分移轉,01350000
RPQOMLKLMHLGFIB18DA,夏田東段,42.95,非都市：一般農業區 ; 非都市編定：農牧用地,12,3,持分移轉,04290000
RPQOMLKLMHLGFIB18DA,夏田東段,221.72,非都市：一般農業區 ; 非都市編定：農牧用地,12,3,持分移轉,04310000
RPQOMLKLMHLGFIB18DA,夏田東段,84.00,非都市：一般農業區 ; 非都市編定：農牧用地,12,3,持分移轉,04360000
RPQOMLKLMHLGFIB18DA,夏田東段,428.24,非都市：一般農業區 ; 非都市編定：農牧用地,12,3,持分移轉,04950000
RPQOMLKLMHLGFIB18DA,夏田東段,149.91,非都市：一般農業區 ; 非都市編定：農牧用地,15,3,持分移轉,04970000
RPVNMLOKMHLGFJB98DA,新德隆段,85.44,非都市：鄉村區 ; 非都市編定：乙種建築用地,1,1,全筆移轉,10550000
RPUPMLOKMHLGFBB28DA,東光段,20.11,都市：其他:第二種住宅區,10000,181,持分移轉,00800000
RPUPMLOKMHLGFBB28DA,東光段,4.56,都市：其他:第二種住宅區,10000,181,持分移轉,00810000
RPRNMLLJMHLGFEB67DA,和平段,13.64,都市：其他:住宅區,28,2,持分移轉,01300009
RPRNMLLJMHLGFEB67DA,和平段,86.00,都市：其他:住宅區,1,1,全筆移轉,01300013
RPTNMLPLKHLGFAB87DA,樹子腳段,19.18,都市：其他:第三種住宅區。,1000000,2893,持分移轉,04410000
RPRNMLMLMHLGFDB87DA,三角東段,133.83,都市：其他:農業區,1,1,全筆移轉,00590000
RPPNMLPKMHLGFAB57DA,新庄段,11.26,都市：其他:第二種商業區,10000,402,持分移轉,06800000
RPWNMLTJKHLGFAB38DA,下橋子頭段,.13,都市：其他:第二種住宅區,100000,248,持分移轉,03620038
RPWNMLTJKHLGFAB38DA,頂橋子頭段,7.32,都市：其他:第二種住宅區,100000,248,持分移轉,03920006
RPTNMLRKLHLGFCB28DA,豐業段,90.93,都市：其他:第二種住宅區,1,1,全筆移轉,00030003
RPRNMLRLLHLGFFB48DA,正英段,32.53,都市：其他:第二種住宅區,100000,1616,持分移轉,03770000
RPRNMLRLLHLGFFB48DA,正英段,.31,都市：其他:道路用地,100000,1616,持分移轉,03770001
RPRNMLRLLHLGFFB48DA,正英段,.38,都市：其他:第二種住宅區,100000,1616,持分移轉,03780000
RPRNMLRLLHLGFFB48DA,正英段,.06,都市：其他:道路用路,100000,1616,持分移轉,03780001
RPTNMLMJMHLGFIB38DA,健民段,96.27,非都市：鄉村區 ; 非都市編定：乙種建築用地,1,1,全筆移轉,03100000
RPPNMLMLLHLGFBB37DA,賴厝廍段,79.00,都市：其他:第二種住宅區,1,1,全筆移轉,04290012
RPQNMLTJKHLGFHB48DA,華泰段,127.06,都市：其他:第一之二種住宅區,1,1,全筆移轉,00080000
RPSOMLLMLHLGFDB97DA,泰安段,973.72,非都市：特定農業區 ; 非都市編定：甲種建築用地,1,1,全筆移轉,02550000
RPXNMLRKMHLGFCB78DA,順和段,83.04,都市：其他:第二種住宅區,1,1,全筆移轉,00640000
RPPOMLRLJHLGFFB18DA,民族段,512.25,都市：其他:農業區,8,1,持分移轉,01770000
RPRNMLNLJHLGFFB87DA,忠孝段,264.00,都市：其他:文高用地,1,1,全筆移轉,02640005
RPRNMLNLJHLGFFB87DA,南簡段,166.00,都市：其他:道路用地,1,1,全筆移轉,15000000
RPXNMLKLMHLGFAB97DA,練武段,13.17,都市：其他:第四之二種商業區,100000,1903,持分移轉,10540000
RPVTMLLKLHLGFBB38DA,錦村段,31.80,都市：其他:第二種住宅區,5,1,持分移轉,00410025
RPVTMLLKLHLGFBB38DA,錦村段,64.00,都市：其他:第二種住宅區,1,1,全筆移轉,00410027
SPUNMLOLMHLGFIB98DA,夏田東段,81.13,非都市：一般農業區 ; 非都市編定：交通用地,35,5,持分移轉,05060000
RPVNMLQKMHLGFFB78DA,市鎮南段,13.23,都市：其他:第四種商業區,100000,59,持分移轉,00970000
RPXPNLRLMHLGFCB56DA,大墩段,18.53,都市：其他:第二種住宅區,10000,49,持分移轉,00150000
RPQNMLRLMHLGFHB68DA,四德段,47.00,都市：其他:乙種工業區,2,1,持分移轉,06030000
RPQNMLRLMHLGFHB68DA,四德段,180.50,都市：其他:乙種工業區,2,1,持分移轉,06090000
RPQNMLRLMHLGFHB68DA,四德段,10.00,都市：其他:乙種工業區,2,1,持分移轉,06120004
RPTNMLMKLHLGFJB48DA,育賢段,17.01,都市：其他:住宅區,100000,198,持分移轉,02010007
RPQNMLTLMHLGFHB88DA,東寶七段,19.67,都市：其他:第一之一種住宅區,10000,144,持分移轉,01020000
RPQNMLTLMHLGFHB88DA,東寶七段,1.46,都市：其他:第一之一種住宅區,10000,144,持分移轉,01030000
RPQNMLTLMHLGFHB88DA,東寶七段,6.43,都市：其他:第一之一種住宅區,10000,144,持分移轉,01040000
RPOWMLKKMHLGFBB97DA,錦村段,7.89,都市：其他:第二種住宅區,10000,114,持分移轉,03220000
RPXNMLQKJHLGFCB38DA,民安段,20.83,都市：其他:第三之一種住宅區,100000,578,持分移轉,17150000
RPUNMLOLMHLGFIB88DA,夏田東段,149.91,非都市：一般農業區 ; 非都市編定：農牧用地,5,1,持分移轉,04970000
RPSNMLSJMHLGFBB18DA,仁美段,7.44,都市：其他:第二種住宅區,10000,120,持分移轉,04180000
RPSNMLSJMHLGFBB18DA,仁美段,.08,都市：其他:第二種住宅區,10000,120,持分移轉,04180001
RPSNMLSJMHLGFBB18DA,仁美段,.04,都市：其他:第二種住宅區,10000,120,持分移轉,04190000
RPSNMLSJMHLGFBB18DA,仁美段,.01,都市：其他:第二種住宅區,10000,120,持分移轉,04190001
RPSNMLSJMHLGFBB18DA,仁美段,.08,都市：其他:第二種住宅區,10000,120,持分移轉,04190002
RPSNMLSJMHLGFBB18DA,仁美段,.08,都市：其他:第二種住宅區,10000,120,持分移轉,04190003
RPSNMLSJMHLGFBB18DA,仁美段,12.56,都市：其他:第二種住宅區,10000,120,持分移轉,04200000
RPSNMLSJMHLGFBB18DA,仁美段,.29,都市：其他:第二種住宅區,10000,120,持分移轉,04200001
RPOOMLTLMHLGFDB38DA,大社東段,.85,都市：其他:第一之一種住宅區,8,2,持分移轉,04890000
RPOOMLTLMHLGFDB38DA,大社東段,1.12,都市：其他:第一之一種住宅區,8,2,持分移轉,04900000
RPSNMLPLMHLGFHB68DA,僑興段,31.50,都市：其他:住宅區,10000,184,持分移轉,00200000
RPRQMLRKMHLGFBB38DA,景東段,141.04,都市：其他:第一種住宅區,1,1,全筆移轉,03930028
RPRQMLRKMHLGFBB38DA,景東段,34.13,都市：其他:第一種住宅區,13,1,持分移轉,03930031
RPRQMLRKMHLGFBB38DA,景東段,.31,都市：其他:第一種住宅區,17,1,持分移轉,03930040
RPRQMLRKMHLGFBB38DA,景東段,1.25,都市：其他:第一種住宅區,17,1,持分移轉,03930041
RPXOMLRLMHLGFCB98DA,大新段,23.25,都市：其他:第三之一種商業區,10000,775,持分移轉,07440003
RPQOMLLLJHLGFFB67DA,市鎮南段,8.52,都市：其他:第四種商業區,10000,25,持分移轉,00150000
RPROMLMKKHLGFCB57DA,大進段,5.82,都市：其他:第二種住宅區,70000,3423,持分移轉,09830000
RPROMLMKKHLGFCB57DA,大進段,5.82,都市：其他:第二種住宅區,70000,3423,持分移轉,09840000
RPROMLMKKHLGFCB57DA,大進段,7.24,都市：其他:第二種住宅區,70000,3423,持分移轉,09850000
RPTNMLOLLHLGFDB18DA,翁明段,22.12,都市：其他:第三種住宅區。,10000,66,持分移轉,02220000
RPWNMLNKLHLGFCB18DA,豐業段,40.34,都市：其他:第三之一種住宅區,10000000,331100,持分移轉,01980000
RPOOMLNJLHLGFCB37DA,樂田段,215.99,都市：其他:第一之一種住宅區,1,1,全筆移轉,02310000
RPOOMLKMMHLGFFB77DA,銀聯段,86.00,都市：其他:第四種住宅區,1,1,全筆移轉,21000054
RPUOMLMJMHLGFAB77DA,下橋子頭段,1.33,都市：其他:第二種住宅區,10000,1327,持分移轉,00400004
RPWNMLTJMHLGFAB58DA,樹子腳段,10.67,都市：其他:第三種住宅區。,10000,117,持分移轉,06350002
RPUOMLMJMHLGFAB77DA,下橋子頭段,58.92,都市：其他:第二種住宅區,10000,1327,持分移轉,00400010
RPQPMLOLMHLGFCB08DA,惠安段,5.92,都市：其他:第四之一種商業區,100000,73,持分移轉,02230000
RPQNMLKKLHLGFJB97DA,新興段,33.63,都市：其他:住宅區,1000000,4355,持分移轉,00270000
RPUNMLOJNHLGFKB98DA,龍津段,25.00,都市：其他:第四種住宅區,1,1,全筆移轉,01780000
RPUNMLOJNHLGFKB98DA,龍津段,246.51,都市：其他:第四種住宅區,100,99,持分移轉,01780002
RPUQMLOKMHLGFBB38DA,東義段,23.04,都市：其他:第二種住宅區,100,8,持分移轉,01000000
RPQRMLPLLHLGFCB28DA,上石碑段,17.82,都市：其他:第三種商業區,100000,508,持分移轉,27700000
RPPNMLRLLHLGFHB48DA,四德段,23.49,都市：其他:第二種住宅區,10000,70,持分移轉,03290000
RPVPMLOJNHLGFBB38DA,環中段,371.21,都市：其他:第一之一種住宅區,1,1,全筆移轉,01840004
RPROMLOKMHLGFCB97DA,保安段,33.82,都市：其他:第二種住宅區,100000,2155,持分移轉,10690000
RPUNMLLKKHLGFJB38DA,新坪段,29.74,都市：其他:住宅區,1,1,全筆移轉,05990000
RPUNMLLKKHLGFJB38DA,新坪段,103.33,都市：其他:住宅區,1,1,全筆移轉,06000000
RPQPMLKMMHLGFCB77DA,龍富段,180.00,都市：其他:第一之C種住宅區,1,1,全筆移轉,01610000
RPPOMLTKLHLGFFB48DA,西勢段,904.27,都市：其他:農業區,3000,95,持分移轉,07520000
RPPOMLTKLHLGFFB48DA,西勢段,749.51,都市：其他:農業區,3000,95,持分移轉,07540000
RPRNMLPJNHLGFJB68DA,洪厝段,36.24,非都市：鄉村區 ; 非都市編定：交通用地,380,22,持分移轉,03360000
RPRNMLPJNHLGFJB68DA,洪厝段,25.77,非都市：鄉村區 ; 非都市編定：交通用地,380,22,持分移轉,03370000
RPUNMLTLMHLGFCB78DA,福德段,29.21,都市：其他:第二種住宅區,100000,1054,持分移轉,01110000
RPTNMLOJNHLGFJB78DA,大興段,466.17,非都市：山坡地保育區 ; 非都市編定：丙種建築用地,1,1,全筆移轉,00410000
RPRNMLKKLHLGFKB18DA,竹泉段,5.62,都市：其他:第四種住宅區,10000,252,持分移轉,01860006
RPRNMLKKLHLGFKB18DA,竹泉段,.58,都市：其他:第二種商業區,10000,252,持分移轉,01860011
RPRNMLKKLHLGFKB18DA,竹泉段,19.43,都市：其他:第四種住宅區,10000,252,持分移轉,01900000
RPQNMLTLMHLGFDB48DA,泰安段,24.14,非都市：鄉村區 ; 非都市編定：乙種建築用地,10000,405,持分移轉,10080000
RPPNMLPKLHLGFJB38DA,忠平段,90.33,都市：其他:乙種工業區,3,1,持分移轉,02860000
RPPNMLPKLHLGFJB38DA,忠平段,75.00,都市：其他:乙種工業區,1,1,全筆移轉,02870004
RPPNMLPKLHLGFJB38DA,忠平段,277.00,都市：其他:乙種工業區,1,1,全筆移轉,03090000
RPPNMLPKLHLGFJB38DA,忠平段,72.25,都市：其他:乙種工業區,4,1,持分移轉,03090003
RPRNMLOJNHLGFKB68DA,興和段,2.60,都市：其他:農業區,12,1,持分移轉,01440000
RPRNMLOJNHLGFKB68DA,興和段,12.88,都市：其他:農業區,12,1,持分移轉,01440001
RPRNMLOJNHLGFKB68DA,興和段,43.64,都市：其他:農業區,1,1,全筆移轉,01460000
RPRNMLOJNHLGFKB68DA,興和段,41.78,都市：其他:農業區,1,1,全筆移轉,01490000
RPRNMLOJNHLGFKB68DA,興和段,43.09,都市：其他:農業區,12,1,持分移轉,01660000
RPRNMLOJNHLGFKB68DA,興和段,15.74,都市：其他:農業區,1,1,全筆移轉,01660065
RPRNMLOJNHLGFKB68DA,興和段,15.74,都市：其他:農業區,1,1,全筆移轉,01660066
RPRNMLOJNHLGFKB68DA,興和段,40.08,都市：其他:農業區,12,1,持分移轉,01720000
RPRNMLOJNHLGFKB68DA,興和段,.32,都市：其他:農業區,1000,1,持分移轉,02000000
RPRNMLOJNHLGFKB68DA,興和段,1.02,都市：其他:農業區,1000,1,持分移轉,02020000
RPUQMLLJMHLGFBB97DA,新賴厝廍三段,15.77,都市：其他:第二種住宅區,100000,3420,持分移轉,06830000
RPVQMLLJMHLGFBB08DA,新賴厝廍三段,14.45,都市：其他:第二種住宅區,100000,3134,持分移轉,06830000
RPOTMLPJNHLGFCB28DA,惠禮段,7.57,都市：其他:第二種商業區,100000,209,持分移轉,00650000
RPTNMLQJLHLGFBB97DA,乾溝子段,26.81,都市：其他:第三之一種商業區,10000,42,持分移轉,01700000
RPPNMLRLMHLGFFB38DA,西社段,25.61,都市：其他:第四種住宅區,1,1,全筆移轉,03600000
RPPNMLRLMHLGFFB38DA,西社段,7.81,都市：其他:第四種住宅區,1,1,全筆移轉,03610000
RPPNMLRLMHLGFFB38DA,西社段,150.64,都市：其他:第四種住宅區,1,1,全筆移轉,03620000
RPPNMLRLMHLGFFB38DA,西社段,2.11,都市：其他:第四種住宅區,1,1,全筆移轉,03640000
RPWPMLKKLHLGFCB08DA,惠禮段,23.01,都市：其他:第二種住宅區,100000,6271,持分移轉,00770000
RPPNMLRLMHLGFFB38DA,西社段,131.96,都市：其他:第四種住宅區,1,1,全筆移轉,03650000
RPPNMLRLMHLGFFB38DA,西社段,20.16,都市：其他:第四種住宅區,1,1,全筆移轉,03660000
RPWPMLKKLHLGFCB08DA,惠禮段,80.54,都市：其他:第二種住宅區,1,1,全筆移轉,00770007
RPUNMLPJNHLGFHB78DA,大榮段,15.66,都市：其他:第二種住宅區,82641,1566,持分移轉,06470001
RPPNMLNLMHLGFCB77EA,惠順段,30.86,都市：其他:第四之一種商業區,100000,668,持分移轉,00050000
RPVNMLPJKHLGFCB08DA,上石碑段,.15,都市：其他:第三之二種住宅區,1365,8,持分移轉,15180005
RPUNMLSJNHLGFKB76DA,龍津段,1557.00,都市：其他:第四種住宅區,1,1,全筆移轉,01780001
RPPNMLNLMHLGFCB77EA,惠順段,.09,都市：其他:第四之一種商業區,100000,2,持分移轉,00050000
RPVNMLPJKHLGFCB08DA,上石碑段,5.26,都市：其他:第三之二種住宅區,1365,8,持分移轉,15350000
RPPOMLKMMHLGFBB47DA,東新段,8.15,都市：其他:第二種住宅區,10000,187,持分移轉,01140000
RPXNMLOKMHLGFFB78DA,南簡段,19.76,都市：其他:第四種住宅區,214000,1976,持分移轉,10180000
RPTOMLRJNHLGFBB38DA,松觀段,32.04,都市：其他:第二種住宅區,10000,126,持分移轉,08910000
RPWNMLQJLHLGFCB38DA,上石碑段,117.00,都市：其他:第二種住宅區,1,1,全筆移轉,25030035
RPXNMLPJNHLGFFB88DA,沙工北段,22.88,都市：其他:第四種住宅區,100000,7793,持分移轉,09980000
RPXNMLPJNHLGFFB88DA,沙工北段,8.82,都市：其他:第四種住宅區,100000,7793,持分移轉,10010000
RPVNMLSJNHLGFKB86DA,龍田段,11.00,都市：其他:第四種住宅區,1,1,全筆移轉,16230022
RPORMLKLLHLGFCB57DA,鎮福段,317.76,都市：其他:第一之一種住宅區,1,1,全筆移轉,00230000
RPRNMLSLMHLGFFB68DA,市鎮南段,9.42,都市：其他:第四種商業區,100000,42,持分移轉,00970000
RPVNMLSJNHLGFKB86DA,龍田段,72.00,都市：其他:第四種住宅區,1,1,全筆移轉,16230027
RPVNMLSJNHLGFKB86DA,龍田段,18.92,都市：其他:第四種住宅區,12,1,持分移轉,16230032
RPUOMLSJLHLGFEB68DA,義和段,19.99,都市：其他:乙種工業區,5,2,持分移轉,04910000
RPOOMLQKLHLGFCB77DA,龍富段,234.18,都市：其他:第一之C種住宅區,1,1,全筆移轉,01630000
RPTNMLOJLHLGFIB48DA,新長壽段,27.40,都市：其他:第二種住宅區,10000,69,持分移轉,00170000
RPUOMLRJNHLGFBB48DA,太原段,17.04,都市：其他:第三種住宅區。,100000,86,持分移轉,01400001
RPOSMLQJNHLGFCB28DA,台安段,40.63,都市：其他:農業區,27,1,持分移轉,02350004
RPQNMLRJMHLGFJB68DA,育賢段,30.20,都市：其他:住宅區,10000,56,持分移轉,02360000
RPOSMLQJNHLGFCB28DA,台安段,79.36,都市：其他:農業區,1,1,全筆移轉,02350011
RPPOMLQKMHLGFJB68DA,豐中段,30.98,都市：其他:住宅區,10000,87,持分移轉,00100000
RPPNMLNKMHLGFJB28DA,新興段,21.44,都市：其他:住宅區,10000,26,持分移轉,00230000
RPRNMLOLMHLGFJB68DA,育賢段,21.48,都市：其他:住宅區,10000,25,持分移轉,02010000
RPOPMLKMMHLGFCB57DA,龍富段,1287.11,都市：其他:第一之C種住宅區,1,1,全筆移轉,01620000
RPVOMLLKNHLGFFB48DA,興安西段,23.29,都市：其他:第二種商業區,10000,60,持分移轉,00070000
RPVNMLTJMHLGFBB58DA,竹興段,30.57,都市：其他:第一之一種住宅區,100000,10509,持分移轉,00220002
RPVNMLTJMHLGFBB58DA,竹興段,76.10,都市：其他:第一之一種住宅區,1,1,全筆移轉,00220009
RPPNMLSJNHLGFKB88DA,追分段,67.00,都市：其他:第一種住宅區,1,1,全筆移轉,10570015
RPPNMLSJNHLGFKB88DA,追分段,13.00,都市：其他:第一種住宅區,4,1,持分移轉,10570019
RPPNMLNKNHLGFCB77EA,豐富段,34.71,都市：其他:第二種住宅區,1000000,18372,持分移轉,04100000
RPUNMLRKMHLGFJB56DA,育賢段,14.09,都市：其他:住宅區,100000,164,持分移轉,02010008
RPQNMLNKNHLGFCB87EA,下石碑段,304.50,都市：其他:乙種工業區,2,1,持分移轉,19900000
SPQNMLNKNHLGFCB97EA,下石碑段,304.50,都市：其他:乙種工業區,2,1,持分移轉,19900000
RPXNMLKLMHLGFBB08DA,東山段,17.32,都市：其他:第一種商業區,1000000,4970,持分移轉,02280000
RPSNMLOKNHLGFHB58DA,科雅段,94.64,都市：其他:農業區,1,1,全筆移轉,06080007
RPQOMLMKLHLGFDB67DA,后樟段,39.78,非都市：鄉村區 ; 非都市編定：乙種建築用地,30,2,持分移轉,00410000
RPTPMLLMLHLGFJB78DA,壽平段,41.12,都市：其他:第一種住宅區,10000,235,持分移轉,12100000
RPSNMLMKNHLGFBB77DA,南興段,621.48,都市：其他:第一之一種住宅區,1,1,全筆移轉,02160001
RPQOMLQJNHLGFJB78DA,新興段,10.31,都市：其他:商業區,100000,285,持分移轉,01210000
RPWNMLRKLHLGFFB88DA,市鎮南段,6.73,都市：其他:第四種商業區,100000,30,持分移轉,00970000
RPPNMLKKLHLGFAB96DA,東勢子段,4.37,都市：其他:第二種住宅區,10000,57,持分移轉,00280399
RPPNMLKKLHLGFAB96DA,東勢子段,5.77,都市：其他:第二種住宅區,10000,57,持分移轉,00280409
RPRNMLTJJHLGFIB58DA,環河段,27.98,都市：其他:園道用地,8,2,持分移轉,01000000
RPPOMLQJLHLGFBB67DA,建和段,46.00,都市：其他:第二種住宅區,1,1,全筆移轉,07480000
RPPOMLQJLHLGFBB67DA,建和段,8.00,都市：其他:第二種住宅區,1,1,全筆移轉,07490000
RPPOMLQJLHLGFBB67DA,建和段,24.12,都市：其他:第二種住宅區,80,10,持分移轉,07540000
RPRNMLPKMHLGFFB28DA,庄南段,300.63,都市：其他:第四種住宅區,1,1,全筆移轉,04610000
RPWOMLOKNHLGFAB38DA,公民段,113.57,都市：其他:第一種商業區,1,1,全筆移轉,10690000
RPWOMLOKNHLGFAB38DA,公民段,96.77,都市：其他:第一種商業區,1,1,全筆移轉,10700000
RPWOMLOKNHLGFAB38DA,公民段,30.56,都市：其他:第三種住宅區。,1,1,全筆移轉,10710000
RPPNMLNKNHLGFBB57DA,同榮段,807.30,都市：其他:第二種住宅區,1,1,全筆移轉,12140000
RPPNMLTJLHLGFGB38DA,六合段,82.49,都市：其他:商業區,1,1,全筆移轉,10580000
RPUOMLLKLHLGFIB48DA,自立段,16.36,都市：其他:第三種住宅區。,44,1,持分移轉,05700000
RPUOMLLKLHLGFIB48DA,自立段,78.51,都市：其他:第三種住宅區。,1,1,全筆移轉,05700066
RPUOMLLKLHLGFIB48DA,自立段,1.70,都市：其他:第三種住宅區。,58,1,持分移轉,05700091
RPUOMLLKLHLGFIB48DA,自立段,2.05,都市：其他:第三種住宅區。,44,1,持分移轉,05700092
RPUOMLLKLHLGFIB48DA,自立段,.70,都市：其他:第三種住宅區。,58,1,持分移轉,05700093
RPUSMLSKNHLGFIB17DA,五福北段,1450.31,非都市：特定農業區 ; 非都市編定：農牧用地,1,1,全筆移轉,08920000
RPUSMLSKNHLGFIB17DA,五福北段,2713.00,非都市：特定農業區 ; 非都市編定：農牧用地,1,1,全筆移轉,08930000
RPUSMLSKNHLGFIB17DA,五福北段,2435.84,非都市：特定農業區 ; 非都市編定：農牧用地,1,1,全筆移轉,08950000
RPQNMLOKNHLGFJB58DA,育賢段,23.34,都市：其他:住宅區,100000,630,持分移轉,02020000
RPWPMLMLMHLGFCB48DA,鑫大鵬段,289.20,都市：其他:第一之一種住宅區,100,40,持分移轉,00220000
RPQNMLKLNHLGFIB18DA,新高鐵段,171.55,都市：其他:商業區,5700000,488925,持分移轉,00450000
RPSNMLTKJHLGFJB88DA,東平段,9.77,都市：其他:市場用地,7000000,25171,持分移轉,15420000
RPSNMLTKJHLGFJB88DA,東平段,.74,,10000,142,持分移轉,15500000
RPSNMLPKNHLGFHB68DA,僑興段,25.85,都市：其他:住宅區,10000,151,持分移轉,00200000
RPTNMLLLNHLGFKB78DA,興和段,558.05,都市：其他:農業區,24,12,持分移轉,10310000
RPWNMLKMMHLGFKB98DA,中社段,40.90,都市：其他:保護區,241,1,持分移轉,02620000
RPWNMLKMMHLGFKB98DA,中社段,1.15,都市：其他:第二種住宅區,9700,69,持分移轉,04840000
RPWNMLKMMHLGFKB98DA,中社段,17.33,都市：其他:第二種住宅區,42,1,持分移轉,05000000
RPWNMLKMMHLGFKB98DA,中社段,1.83,都市：其他:第二種住宅區,42,1,持分移轉,05940000
RPWNMLKMMHLGFKB98DA,中社段,115.69,都市：其他:第二種住宅區,1,1,全筆移轉,05950000
TPRPMLSJNHLGFAB48DA,福壽段一小段,18.00,都市：其他:第二種商業區,7,1,持分移轉,00190001
SPRPMLSJNHLGFAB38DA,福壽段一小段,18.00,都市：其他:第二種商業區,7,1,持分移轉,00190001
RPVQMLOLMHLGFBB58DA,同榮段,22.24,都市：其他:第二種住宅區,100000,2657,持分移轉,13440045
UPRPMLSJNHLGFAB58DA,福壽段一小段,18.00,都市：其他:第二種商業區,7,1,持分移轉,00190001
RPPNMLOKNHLGFBB67DA,松觀段,263.00,都市：其他:第二種住宅區,1,1,全筆移轉,10530000
VPRPMLSJNHLGFAB68DA,福壽段一小段,18.00,都市：其他:第二種商業區,7,1,持分移轉,00190001
RPOOMLMKNHLGFDB67DA,豐原段,15.49,都市：其他:第二種商業區,100000,6620,持分移轉,04390000
RPPSMLNKNHLGFCB18DA,永富段,63.09,都市：其他:第一之B種住宅區,100000,2801,持分移轉,02130000
RPVOMLOLKHLGFBB18DA,邱厝子段,63.00,都市：其他:第二種住宅區,1,1,全筆移轉,00060278
RPRPMLSJNHLGFAB28DA,福壽段一小段,18.00,都市：其他:第二種商業區,7,1,持分移轉,00190001
RPXNMLKLNHLGFFB58DA,興安西段,23.29,都市：其他:第二種商業區,10000,60,持分移轉,00070000
RPVNMLLLNHLGFBB08DA,中興段,93.00,都市：其他:第三種住宅區。,1,1,全筆移轉,04910003
RPTOMLNJLHLGFAB67DA,尚武段,28.54,都市：其他:第二種住宅區,100000,1401,持分移轉,06380000
RPTOMLNJLHLGFAB67DA,尚武段,.05,都市：其他:第二種住宅區,700000000,3300,持分移轉,07350000
RPTOMLNJLHLGFAB67DA,尚武段,1.49,都市：其他:第五種住宅區,10000,20,持分移轉,07350005
RPRPMLKKNHLGFCB77DA,永新段,33.55,都市：其他:第五種商業區,100000,555,持分移轉,00500000
RPQOMLLMLHLGFFB97DA,平等段,13.92,都市：其他:第二種住宅區,17,1,持分移轉,04250000
RPWNMLKLNHLGFDB28DA,豐南段,102.21,都市：其他:第二種住宅區,1,1,全筆移轉,03110000
RPQOMLLMLHLGFFB97DA,平等段,191.80,都市：其他:第二種住宅區,1,1,全筆移轉,04260000
RPUNMLRLMHLGFIB56DA,環河段,1649.75,都市：其他:產業專用區,1,1,全筆移轉,02080025
RPPNMLPLNHLGFBB97EA,大盛段,165.29,都市：其他:農業區,1,1,全筆移轉,02920015
RPPNMLMLNHLGFHB28EA,三和段,5.96,都市：其他:第二種住宅區,20000,27,持分移轉,10920000
RPVQMLQJNHLGFCB78DA,福安段,15.85,都市：其他:第三種住宅區。,100000,349,持分移轉,08110002
RPVOMLLLNHLGFBB18DA,大盛段,984.76,都市：其他:農業區,1,1,全筆移轉,01380012
RPUNMLMKKHLGFAB57DA,麻園頭段,12.71,都市：其他:第二種住宅區,100000,629,持分移轉,09100000
RPWPMLTKNHLGFCB56DA,惠智段,34.93,都市：其他:第二種住宅區,100000,2136,持分移轉,00410000
RPVNMLKLLHLGFIB48DA,大元段,3185.83,都市：其他:住宅區,1,1,全筆移轉,01360000
RPSNMLOLLHLGFJB68DA,新德隆段,89.63,非都市：鄉村區 ; 非都市編定：乙種建築用地,1,1,全筆移轉,10510001
RPSPMLPLNHLGFAB28DA,後壠子段,61.00,都市：其他:第二種住宅區,1,1,全筆移轉,03250019
RPRPMLPLNHLGFAB18DA,信義段四小段,45.00,都市：其他:道路用地,1,1,全筆移轉,00060040
RPRPMLPLNHLGFAB18DA,頂橋子頭段,3.55,都市：其他:學校用地,168,1,持分移轉,01140013
RPRPMLPLNHLGFAB18DA,後壠子段,4.08,都市：其他:道路用地,2880,511,持分移轉,01260003
RPRPMLPLNHLGFAB18DA,後壠子段,12.10,都市：其他:第三種住宅區。,28648,1507,持分移轉,02450002
RPRPMLPLNHLGFAB18DA,後壠子段,9.42,都市：其他:第二種住宅區,28648,1507,持分移轉,02450004
RPRPMLPLNHLGFAB18DA,後壠子段,5.94,都市：其他:道路用地,28648,1507,持分移轉,02460020
RPWOMLPJJHLGFCB18DA,寶山段,15.95,都市：其他:第二種住宅區,10000,48,持分移轉,02680000
RPRPMLPLNHLGFAB18DA,合作段,11.31,都市：其他:道路用地,1,1,全筆移轉,02670000
RPRPMLPLNHLGFAB18DA,後壠子段,71.00,都市：其他:第二種住宅區,1,1,全筆移轉,03300044
RPXOMLLLNHLGFCB48DA,豐功段,31.28,都市：其他:第二種住宅區,10000,278,持分移轉,02420000
RPXOMLLLNHLGFCB48DA,豐功段,17.40,都市：其他:第三之一種住宅區,10000,278,持分移轉,02430000
RPXNMLRLNHLGFFB66DA,六路段,55.19,都市：其他:第二種住宅區,1,1,全筆移轉,07430000
RPXNMLRLNHLGFFB66DA,六路段,119.10,都市：其他:第二種住宅區,1,1,全筆移轉,07440000
RPXNMLRLNHLGFFB66DA,六路段,15.62,都市：其他:第二種住宅區,1,1,全筆移轉,07520000
RPQPMLPLNHLGFAB08DA,後壠子段,9.50,都市：其他:第三種住宅區。,12,1,持分移轉,02440004
RPOOMLLMLHLGFHB97DA,安和段,6.00,都市：其他:乙種工業區,1,1,全筆移轉,03410001
RPOOMLLMLHLGFHB97DA,安和段,485.92,都市：其他:乙種工業區,1,1,全筆移轉,03410009
RPOOMLLMLHLGFHB97DA,安和段,86.63,都市：其他:乙種工業區,1,1,全筆移轉,03410010
RPOOMLLMLHLGFHB97DA,安和段,157.11,都市：其他:乙種工業區,1,1,全筆移轉,03430000
RPOOMLLMLHLGFHB97DA,安和段,30.05,都市：其他:乙種工業區,1,1,全筆移轉,03430001
RPUNMLKMLHLGFEB08DA,中山段,19.50,都市：其他:住宅區,100000,2734,持分移轉,01160000
RPOSMLPLNHLGFBB28DA,新賴厝廍九段,28.00,,1,1,全筆移轉,04130000
RPOSMLPLNHLGFBB28DA,建安段,56.00,,1,1,全筆移轉,11520000
RPTPMLPLNHLGFAB38DA,土庫段,26.00,都市：其他:道路用地,24,16,持分移轉,00900002
RPQSMLPLNHLGFBB48DA,新賴厝廍三段,19.70,都市：其他:道路用地,1,1,全筆移轉,08660000
RPTPMLPLNHLGFAB38DA,頂橋子頭段,7.94,都市：其他:第二種住宅區,84,1,持分移轉,01140003
RPTPMLPLNHLGFAB38DA,後壠子段,19.74,都市：其他:道路用地,1000,617,持分移轉,01890018
RPTPMLPLNHLGFAB38DA,後壠子段,24.08,都市：其他:第三種住宅區。,12,1,持分移轉,02440002
RPTPMLPLNHLGFAB38DA,後壠子段,.74,都市：其他:道路用地,28648,1507,持分移轉,02450006
RPOOMLQLNHLGFHB58DA,馬岡段,19.00,都市：其他:農業區,1894,19,持分移轉,08000173
RPOOMLQLNHLGFHB58DA,信和西段,20.14,都市：其他:農業區,30,1,持分移轉,08840000
RPOOMLQLNHLGFHB58DA,信和西段,43.39,都市：其他:農業區,1,1,全筆移轉,08980000
RPPNMLMKNHLGFKB38DA,新東段,12.81,非都市：鄉村區 ; 非都市編定：乙種建築用地,24590,126,持分移轉,04210000
RPVNMLRJNHLGFEB78DA,文化段,21.77,都市：其他:住宅區,1000000,14185,持分移轉,02010000
RPWNMLSJNHLGFJB86DA,育賢段,22.34,都市：其他:住宅區,20000,52,持分移轉,02010000
RPQNMLSKJHLGFHB38DA,牛埔段,8.52,都市：其他:農業區,39,1,持分移轉,07320000
RPQNMLSKJHLGFHB38DA,牛埔段,1.15,都市：其他:農業區,39,1,持分移轉,07570000
RPQNMLSKJHLGFHB38DA,牛埔段,22.38,都市：其他:農業區,39,1,持分移轉,07600000
RPQNMLSKJHLGFHB38DA,牛埔段,63.32,都市：其他:農業區,1,1,全筆移轉,07940000
RPTNMLOKNHLGFHB68DA,科雅段,110.83,都市：其他:農業區,1,1,全筆移轉,06080004
RPXQMLPLNHLGFBB98DA,邱厝子段,14.19,都市：其他:第二種住宅區,1000,302,持分移轉,00650007
RPWNMLNLKHLGFAB97DA,下橋子頭段,14.59,都市：其他:第三種住宅區。,1000000,5184,持分移轉,01780026
RPXQMLPLNHLGFBB98DA,同榮段,193.03,都市：其他:第二種住宅區,78408,15749,持分移轉,13420001
RPOPMLPLNHLGFCB08DA,豐樂段,40.00,都市：其他:第二種住宅區,1,1,全筆移轉,03040001
RPOPMLPLNHLGFCB08DA,上石碑段,32.00,都市：其他:道路用地,1,1,全筆移轉,10000003
RPXNMLNLKHLGFAB08DA,下橋子頭段,15.81,都市：其他:第三種住宅區。,1000000,5616,持分移轉,01780026
RPXNMLSJNHLGFJB96DA,育賢段,21.48,都市：其他:住宅區,10000,25,持分移轉,02010000
RPTNMLQLKHLGFBB08DA,太原段,17.04,都市：其他:第三種住宅區。,100000,86,持分移轉,01400001
RPPPMLOJLHLGFBB57DA,仁美段,10.40,都市：其他:第二種商業區,10000,32,持分移轉,17450000
RPWOMLSLNHLGFAB88DA,旱新段,9.93,都市：其他:第二種商業區,100000,332,持分移轉,07830000
RPOVMLPJLHLGFBB18DA,錦村段,28.20,都市：其他:第二之一種商業區,5,1,持分移轉,02510004
RPOOMLMJKHLGFFB47DA,市鎮北段,21.40,都市：其他:第四種商業區,100000,201,持分移轉,02980000
RPXNMLTLJHLGFIB76DA,錦州段,3.06,非都市：鄉村區 ; 非都市編定：乙種建築用地,10000,76,持分移轉,00180000
RPXNMLTLJHLGFIB76DA,錦州段,3.38,非都市：鄉村區 ; 非都市編定：乙種建築用地,10000,76,持分移轉,00270000
RPXNMLTLJHLGFIB76DA,吉峰段,14.41,非都市：鄉村區 ; 非都市編定：乙種建築用地,10000,76,持分移轉,00820000
RPXNMLTLJHLGFIB76DA,吉峰段,.32,非都市：鄉村區 ; 非都市編定：乙種建築用地,10000,76,持分移轉,01020000
RPXNMLTLJHLGFIB76DA,錦州段,3.39,非都市：鄉村區 ; 非都市編定：乙種建築用地,10000,76,持分移轉,01280000
RPXNMLTLJHLGFIB76DA,錦州段,76.11,非都市：鄉村區 ; 非都市編定：乙種建築用地,1,1,全筆移轉,03630000
RPPNMLPLNHLGFCB97DA,惠順段,18.66,都市：其他:第四之一種商業區,10000,81,持分移轉,01180000
RPVNMLNJLHLGFAB77DA,旱清段,139.69,都市：其他:第一種住宅區,1,1,全筆移轉,00080003
RPPNMLQJLHLGFAB57EA,半平厝段,11.52,都市：其他:市場用地,100000,557,持分移轉,03450000
RPRNMLNJLHLGFKB38DA,福山段,146.60,都市：其他:乙種工業區,1,1,全筆移轉,00800001
RPPNMLNKKHLGFBB27DA,大滿段,1.07,都市：其他:特二種住宅區,1000000,3472,持分移轉,00060000
RPWUMLPJLHLGFBB88DA,東義段,29.42,都市：其他:第二種住宅區,5000,80,持分移轉,01620000
RPPNMLNKKHLGFBB27DA,大滿段,1.75,都市：其他:特二種住宅區,1000000,3100,持分移轉,00130000
RPPNMLNKKHLGFBB27DA,大滿段,255.90,都市：其他:特二種住宅區,1,1,全筆移轉,00600000
RPPNMLNKKHLGFBB27DA,大滿段,7.49,都市：其他:特二種住宅區,1000000,3473,持分移轉,00910000
RPPNMLNKKHLGFBB27DA,大滿段,70.76,都市：其他:特二種住宅區,1000000,3472,持分移轉,02150000
RPPNMLNKKHLGFBB27DA,大滿段,2.44,都市：其他:特二種住宅區,1000000,3472,持分移轉,02990000
RPSNNLNJLHLGFBB67DA,東義段,6.80,都市：其他:第二種住宅區,100,5,持分移轉,01590011
RPRNMLSJLHLGFBB97DA,東正段,11.55,都市：其他:第一種商業區,100000,1210,持分移轉,00920001
RPVPMLRLJHLGFBB48DA,仁美段,14.96,都市：其他:第二種商業區,10000,95,持分移轉,17530000
RPPQMLMKKHLGFBB47DA,青雲段,25.91,都市：其他:第二種住宅區,100000,763,持分移轉,00850000
RPTOMLOJLHLGFFB28DA,興安西段,23.29,都市：其他:第二種商業區,10000,60,持分移轉,00070000
RPTPMLOJLHLGFBB97DA,北屯段,6.98,都市：其他:第二種住宅區,10000,51,持分移轉,02210004
RPVNMLTJLHLGFFB88DA,三民段,156.00,都市：其他:第四種住宅區,1,1,全筆移轉,16560001
RPVQMLMKJHLGFBB97DA,新賴厝廍三段,11.99,都市：其他:第一種商業區,100000,1192,持分移轉,07630000
RPOPMLQJKHLGFCB67DA,惠民段,48.57,都市：其他:第六種新市政中心專用區,100000,660,持分移轉,00120000
RPQNMLQLKHLGFGB28DA,石圍墻一段,2500.00,非都市：山坡地保育區 ; 非都市編定：農牧用地,1,1,全筆移轉,09920000
RPQNMLQLKHLGFGB28DA,石圍墻一段,2582.18,非都市：山坡地保育區 ; 非都市編定：農牧用地,1,1,全筆移轉,09920001
RPWNMLKMJHLGFBB77DA,大仁段,95.06,都市：其他:風景區,8,1,持分移轉,01020000
RPWNMLKMJHLGFBB77DA,大仁段,179.47,都市：其他:風景區,1,1,全筆移轉,01020009
RPQNMLQLKHLGFKB68DA,龍津段,951.00,都市：其他:第四種住宅區,1,1,全筆移轉,01500000
RPWNMLKMJHLGFBB77DA,大仁段,37.19,都市：其他:風景區,8,1,持分移轉,01020010
RPQNMLQLKHLGFKB68DA,龍津段,629.00,都市：其他:第四種住宅區,1,1,全筆移轉,01510000
RPWNMLKMJHLGFBB77DA,大仁段,7.61,都市：其他:風景區,8,1,持分移轉,01030000
RPWNMLKMJHLGFBB77DA,大仁段,47.37,都市：其他:風景區,1,1,全筆移轉,01030019
RPWNMLKMJHLGFBB77DA,大仁段,13.08,都市：其他:風景區,32,1,持分移轉,01050002
RPXNMLTLJHLGFBB68DA,碧柳段,30.52,都市：其他:第二之一種住宅區,100000,420,持分移轉,00780000
RPWTNLPJLHLGFCB98DA,西屯段,23.60,都市：其他:第二種住宅區,10,1,持分移轉,22070009
RPWTNLPJLHLGFCB98DA,西屯段,4.80,都市：其他:第二種住宅區,10,1,持分移轉,22070013
RPWTNLPJLHLGFCB98DA,西屯段,.60,都市：其他:人行廣場用地,10,1,持分移轉,22070022
RPQNMLKMJHLGFDB37DA,平安段,26.94,都市：其他:商業區,100000,1982,持分移轉,06370000
RPQNMLKMJHLGFDB37DA,平安段,1.12,都市：其他:商業區,100000,1914,持分移轉,06760000
RPQNMLKMJHLGFDB37DA,平安段,.07,都市：其他:商業區,100000,1914,持分移轉,06760004
RPRNMLQLKHLGFKB78DA,龍津段,188.00,都市：其他:第四種住宅區,1,1,全筆移轉,01930000
RPRNMLQLKHLGFKB78DA,龍津段,97.00,都市：其他:第四種住宅區,1,1,全筆移轉,01930002
RPRNMLQLKHLGFKB78DA,龍津段,76.00,都市：其他:第四種住宅區,1,1,全筆移轉,01930005
RPRNMLQLKHLGFKB78DA,龍津段,127.00,都市：其他:第四種住宅區,1,1,全筆移轉,01930006
RPRPMLQKJHLGFFB28DA,正英段,57.46,都市：其他:第二種住宅區,100000,1947,持分移轉,05130000
RPOPMLLLJHLGFCB27DA,惠民段,21.05,都市：其他:第六種新市政中心專用區,100000,286,持分移轉,00120000
RPXNMLMKKHLGFAB87DA,樹子腳段,14.31,都市：其他:第三種住宅區。,100000,693,持分移轉,02730000
RPTNMLTJLHLGFAB18DA,後壠子段,7.58,都市：其他:第二種住宅區,10000,36,持分移轉,03360000
RPTPNLMJLHLGFCB97DA,信安段,13.37,都市：其他:第三之一種住宅區,100000,384,持分移轉,11550000
RPTOMLPJJHLGFAB67DA,麻園頭段,12.69,都市：其他:第三種商業區,100000,665,持分移轉,00390000
RPUNMLQJLHLGFAB97DA,自由段四小段,8.18,都市：其他:第一種商業區,100000,620,持分移轉,00010000
RPUNMLQJLHLGFAB97DA,自由段四小段,.12,都市：其他:第一種商業區,100000,620,持分移轉,00010027
RPUNMLQJLHLGFAB97DA,重慶段四小段,1.69,都市：其他:第一種商業區,100000,620,持分移轉,00550000
RPUPMLTJLHLGFCB68DA,信安段,37.44,都市：其他:第一種住宅區,100000,493,持分移轉,05890000
RPVNMLRLJHLGFIB98DA,益民段,117.27,都市：其他:住宅區,1,1,全筆移轉,12480000
RPOOMLKKLHLGFFB47DA,吳厝南段,.95,非都市：一般農業區 ; 非都市編定：丙種建築用地,100000,1187,持分移轉,07180000
RPOOMLKKLHLGFFB47DA,吳厝南段,7.61,非都市：一般農業區 ; 非都市編定：丙種建築用地,100000,1193,持分移轉,07190000
RPOOMLKKLHLGFFB47DA,吳厝南段,94.28,非都市：一般農業區 ; 非都市編定：丙種建築用地,1,1,全筆移轉,07710000
RPUOMLSLJHLGFBB38DA,景東段,10.02,都市：其他:第三之一種商業區,100000,266,持分移轉,04240000
RPSNMLTJLHLGFIB88DA,新三和段,38.73,都市：其他:第二種住宅區,100000,280,持分移轉,00790000
RPROMLNJKHLGFFB87DA,庄南段,23.37,都市：其他:第四種住宅區,100,20,持分移轉,01510000
RPTWMLMJLHLGFCB58DA,大新段,18.19,都市：其他:第二之一種商業區,10000,432,持分移轉,03560001
RPPNMLPJLHLGFKB38DA,田水段,180.00,都市：其他:農業區,1,1,全筆移轉,10200000
RPPNMLPJLHLGFKB38DA,田水段,590.00,都市：其他:農業區,1,1,全筆移轉,10200002
RPPQMLLMKIKGFAB47DA,土庫段,7.50,都市：其他:第二種住宅區,10000,101,持分移轉,00670000
RPPQMLLMKIKGFAB47DA,土庫段,9.67,都市：其他:第一種商業區,10000,101,持分移轉,00670006
RPROMLMJLHLGFAB37DA,下橋子頭段,9.70,都市：其他:第一種商業區,10000,40,持分移轉,01340000
RPROMLMJLHLGFAB37DA,下橋子頭段,6.32,都市：其他:第二種住宅區,10000,40,持分移轉,01360037
RPPNMLKKLHLGFFB57EA,公館北段,118.41,都市：其他:第二種住宅區,6,3,持分移轉,08600000
RPTNMLSLJHLGFJB98DA,福隆段,2.82,非都市：山坡地保育區 ; 非都市編定：丙種建築用地,1,1,全筆移轉,01770000
RPTNMLSLJHLGFJB98DA,福隆段,78.11,非都市：鄉村區 ; 非都市編定：乙種建築用地,1,1,全筆移轉,01780000
RPWQMLMJKHLGFBB08DA,錦村段,9.03,都市：其他:第二之一種商業區,100000,80,持分移轉,02430000
RPPNMLQLKHLGFKB58DA,龍津段,1638.00,都市：其他:第四種住宅區,1,1,全筆移轉,01910000
RPPNMLQLKHLGFKB58DA,龍津段,166.00,都市：其他:第四種住宅區,1,1,全筆移轉,01910002
RPPNMLQLKHLGFKB58DA,龍津段,104.00,都市：其他:第四種住宅區,1,1,全筆移轉,01910003
RPPNMLQLKHLGFKB58DA,龍津段,82.00,都市：其他:第四種住宅區,1,1,全筆移轉,01910004
RPPNMLQLKHLGFKB58DA,龍津段,79.00,都市：其他:第四種住宅區,1,1,全筆移轉,01910005
RPPNMLQLKHLGFKB58DA,龍津段,57.00,都市：其他:第四種住宅區,1,1,全筆移轉,01910006
RPPNMLQLKHLGFKB58DA,龍津段,27.00,都市：其他:第四種住宅區,1,1,全筆移轉,01910007
RPWSMLOJLHLGFCB68DA,惠信段,12.58,都市：其他:第三種住宅區。,100000,479,持分移轉,00550000
RPRPMLKLJHLGFAB27DA,樹子腳段,15.86,都市：其他:第二種住宅區,10000,197,持分移轉,10140000
RPRPMLKLJHLGFAB27DA,樹子腳段,.08,都市：其他:第二種住宅區,10000,197,持分移轉,10140005
RPVPMLQLJHLGFBB38DA,仁美段,10.40,都市：其他:第二種商業區,10000,32,持分移轉,17450000
RPRNMLMJLHLGFBB37DA,仁德段,4.71,都市：其他:第三種住宅區。,10000,30,持分移轉,07530000
RPXNNLKLJHLGFCB97DA,大新段,23.35,都市：其他:第二種住宅區,10000,76,持分移轉,01870000
RPUNMLOJKHLGFFB18DA,六路段,54.38,都市：其他:第二種住宅區,1,1,全筆移轉,05770000
RPUNMLOJKHLGFFB18DA,六路段,4.65,都市：其他:第二種住宅區,29,1,持分移轉,05780000
RPUNMLOJKHLGFFB18DA,六路段,18.07,都市：其他:第二種住宅區,19,1,持分移轉,05800000
RPXPMLNLJHLGFIB98DA,福大段,22.84,非都市：鄉村區 ; 非都市編定：乙種建築用地,100000,719,持分移轉,01230000
RPWNMLQLNHLGFJB86DA,愛平段,33.08,都市：其他:第一種住宅區,100000,1291,持分移轉,10500000
RPVRMLLMKIKGFCB38DA,豐功段,19.89,都市：其他:第一種商業區,10002,92,持分移轉,02740000
RPUNMLOJKHLGFIB48DA,新站南段,35.44,都市：其他:第二種住宅區,100000,539,持分移轉,00650000
RPQOMLPKJHLGFCB67DA,惠泰段,25.69,都市：其他:第一種住宅區,7,1,持分移轉,02440000
RPQOMLPKJHLGFCB67DA,惠泰段,138.37,都市：其他:第一種住宅區,1,1,全筆移轉,02440004
RPPNMLKKLHLGFKB97DA,榮華段,108.14,都市：其他:住宅區,1,1,全筆移轉,00900000
RPPNMLLKLHLGFKB08DA,竹師段,27.73,都市：其他:第四種住宅區,100000,2453,持分移轉,00510000
RPPNMLLKLHLGFKB08DA,竹師段,9.21,都市：其他:第四種住宅區,50,1,持分移轉,00550000
RPPNMLLKLHLGFKB08DA,竹師段,.22,都市：其他:第四種住宅區,2400,1,持分移轉,00680000
RPPNMLLKLHLGFKB08DA,竹師段,.00,都市：其他:第四種住宅區,2400,1,持分移轉,00690000
RPPNMLLKLHLGFKB08DA,竹師段,.07,都市：其他:道路用地,2400,1,持分移轉,00690001
RPPNMLLKLHLGFKB08DA,竹師段,.02,都市：其他:第四種住宅區,2400,1,持分移轉,00710000
RPPNMLLKLHLGFKB08DA,竹師段,.07,都市：其他:道路用地,2400,1,持分移轉,00710001
RPUNMLQLKHLGFAB08DA,練武段,22.24,都市：其他:第四之二種商業區,10000,273,持分移轉,10090000
RPVNMLLKLHLGFCB87DA,惠安段,18.82,都市：其他:第四之一種商業區,100000,711,持分移轉,02450000
RPPOMLSLJHLGFIB58DA,大忠段,9.44,都市：其他:商業區,100000,308,持分移轉,00720000
RPPNMLLJLHLGFAB96DA,下橋子頭段,17.99,都市：其他:第一種商業區,30000,267,持分移轉,01130001
RPPNMLLJLHLGFAB96DA,下橋子頭段,5.87,都市：其他:第二種住宅區,30000,267,持分移轉,01130016
RPPNMLLJLHLGFAB96DA,下橋子頭段,.12,都市：其他:第一種商業區,30000,267,持分移轉,01130018
RPQPMLQJKHLGFBB77DA,太順段,18.86,都市：其他:第三種住宅區。,100000,269,持分移轉,00570019
RPVOMLNLKHLGFBB08DA,軍和段,32.77,都市：其他:第一種住宅區,100000,3509,持分移轉,01260000
RPVOMLNLKHLGFBB08DA,軍和段,6.36,都市：其他:第一種住宅區,100000,3571,持分移轉,01260008
RPVOMLNLKHLGFBB08DA,軍和段,78.57,都市：其他:第一種住宅區,1,1,全筆移轉,01260013
RPRPMLOJLHLGFBB77DA,錦村段,3.52,都市：其他:第二種住宅區,10000,41,持分移轉,02130038
RPQRMLSLJHLGFCB38DA,惠來厝段,25.95,都市：其他:第二種住宅區,100000,4035,持分移轉,06040000
RPRPMLOJLHLGFBB77DA,錦村段,5.43,都市：其他:第一種商業區,10000,41,持分移轉,02390020
RPRPMLOJLHLGFBB77DA,錦村段,.10,都市：其他:第一種商業區,10000,41,持分移轉,02390024
RPVNMLRLJHLGFCB38DA,惠國段,20.70,都市：其他:第六種新市政中心專用區,100000,1165,持分移轉,01370000
RPUNMLSLJHLGFDB48DA,博愛段,86.00,都市：其他:第三種住宅區。,1,1,全筆移轉,03510000
RPQOMLTJLHLGFCB18DA,信安段,21.25,都市：其他:第一之一種住宅區,10000,54,持分移轉,08570002
RPWOMLOLKHLGFCB38DA,黎明段,10.81,都市：其他:第二種住宅區,100000,144,持分移轉,02550000
RPXNMLMKLHLGFDB28DA,豐原段,111.00,都市：其他:第三種住宅區。,1,1,全筆移轉,07650617
RPUNMLNJLHLGFDB97DA,泰安段,33.02,非都市：鄉村區 ; 非都市編定：乙種建築用地,10000,554,持分移轉,10080000
RPOOMLNJKHLGFFB57DA,正義段,118.46,都市：其他:第二種住宅區,1,1,全筆移轉,09740000
RPOOMLNJKHLGFFB57DA,正義段,18.32,都市：其他:第二種住宅區,1,1,全筆移轉,13330000
RPPNMLTJLHLGFJB68DA,內城段,180.22,非都市：山坡地保育區 ; 非都市編定：丙種建築用地,1,1,全筆移轉,04360001
RPPNMLTJLHLGFJB68DA,內城段,39.33,非都市：山坡地保育區 ; 非都市編定：丙種建築用地,1,1,全筆移轉,04390001
RPUPMLQLKHLGFDB58DA,泰安段,33.20,非都市：鄉村區 ; 非都市編定：乙種建築用地,10000,557,持分移轉,10080000
RPRNMLMKLHLGFJB28DA,福隆段,17.79,非都市：鄉村區 ; 非都市編定：乙種建築用地,106,9,持分移轉,09310000
RPRNMLMKLHLGFJB28DA,福隆段,63.95,非都市：鄉村區 ; 非都市編定：乙種建築用地,1,1,全筆移轉,09310003
RPQOMLNLJHLGFAB37DA,下橋子頭段,22.95,都市：其他:第三種住宅區。,10000,137,持分移轉,02100006
RPQOMLNLJHLGFAB37DA,下橋子頭段,.25,都市：其他:第三種住宅區。,10000,137,持分移轉,02100019
RPQNMLNLKHLGFKB38DA,萬陵段,124.47,非都市：鄉村區 ; 非都市編定：乙種建築用地,1,1,全筆移轉,01910000
RPQNMLNLJHLGFJB18DA,欣欣段,230.00,都市：其他:住宅區,1,1,全筆移轉,09000000
RPQNMLNLJHLGFJB18DA,欣欣段,19.00,都市：其他:停車場用地,1,1,全筆移轉,09010000
RPQNMLKKLHLGFBB27EA,東信段,74.00,都市：其他:第二種住宅區,1,1,全筆移轉,01880014
SPPNMLTJLHLGFJB78DA,內城段,495.80,非都市：山坡地保育區 ; 非都市編定：林業用地,1,1,全筆移轉,04360000
SPPNMLTJLHLGFJB78DA,內城段,639.67,非都市：山坡地保育區 ; 非都市編定：農牧用地,1,1,全筆移轉,04390000
RPQOMLRJJHLGFBB67DA,錦村段,8.69,都市：其他:第二之一種商業區,100000,150,持分移轉,02460000
RPQOMLRJJHLGFBB67DA,錦村段,3.39,都市：其他:第一種商業區,100000,150,持分移轉,02460001
RPPNMLNKLHLGFAB27DA,樹子腳段,105.00,都市：其他:第三種商業區,1,1,全筆移轉,07080000
RPPNMLNKJHLGFHB77DA,東寶一段,73.56,都市：其他:第一之一種住宅區,1,1,全筆移轉,05810000
RPPNMLNKJHLGFHB77DA,東寶一段,23.29,都市：其他:第一之一種住宅區,1,1,全筆移轉,05820000
RPXPMLMKKHLGFBB18DA,太順段,19.08,都市：其他:第三種住宅區。,100000,398,持分移轉,00570000
RPXNMLNJLHLGFCB18DA,惠禮段,8.36,都市：其他:第二種商業區,100000,231,持分移轉,00650000
RPRPMLPLKHLGFCB08DA,寶山段,18.55,都市：其他:第三之二種住宅區,10000,63,持分移轉,02690000
RPQNMLLKLHLGFEB57DA,安地段,.92,非都市：鄉村區 ; 非都市編定：乙種建築用地,100000,7692,持分移轉,10820005
RPQNMLLKLHLGFEB57DA,安地段,73.00,非都市：鄉村區 ; 非都市編定：乙種建築用地,1,1,全筆移轉,10820007
RPQNMLLKLHLGFEB57DA,安地段,17.08,非都市：鄉村區 ; 非都市編定：乙種建築用地,100000,9184,持分移轉,10820013
RPPOMLNKLHLGFAB37DA,樹子腳段,5.31,都市：其他:第三種住宅區。,300000,481,持分移轉,00390000
RPWNMLKLJHLGFDB87DA,聯合段,59.74,都市：其他:第一之二種住宅區,1,1,全筆移轉,01950000
RPTNMLLKKHLGFJB28DA,新興段,27.11,都市：其他:住宅區,20000,60,持分移轉,01500000
RPVNMLTLJHLGFAB38DA,樹子腳段,11.18,都市：其他:第三種商業區,100000,643,持分移轉,07410000
RPQOMLOLKHLGFBB67DA,溝背段,20.46,都市：其他:第二之一種住宅區,100000,790,持分移轉,00910000
RPUPMLMJKHLGFAB67DA,旱新段,22.15,都市：其他:第一種商業區,100000,1852,持分移轉,02350000
RPSNMLRLJHLGFHB58DA,弘富段,26.38,都市：其他:第一之二種住宅區,1000000,7555,持分移轉,03150000
RPUNMLPLKHLGFBB08DA,水源段,22.10,都市：其他:第二種住宅區,100000,1192,持分移轉,01050013
RPUNMLTKJHLGFDB48DA,豐東段,69.71,都市：其他:第二種住宅區,1,1,全筆移轉,00720000
RPPNMLPKLHLGFBB57DA,平田段,9.54,都市：其他:第三種住宅區。,30000,44,持分移轉,08810000
RPQNMLQJLHLGFDB87DA,平安段,34.85,都市：其他:住宅區,144,28,持分移轉,08800000
RPQNMLQJLHLGFDB87DA,平安段,40.62,都市：其他:住宅區,144,28,持分移轉,08810000
RPPOMLMKLHLGFDB57DA,平安段,32.48,都市：其他:道路用地,8,1,持分移轉,07930000
RPPOMLMKLHLGFDB57DA,平安段,65.91,都市：其他:住宅區,2,1,持分移轉,08740000
RPPOMLMKLHLGFDB57DA,平安段,37.34,都市：其他:住宅區,48,10,持分移轉,08800000
RPPOMLMKLHLGFDB57DA,平安段,43.52,都市：其他:住宅區,48,10,持分移轉,08810000
RPWNMLMKLHLGFIB68DA,大仁段,146.12,都市：其他:住宅區,1,1,全筆移轉,00850001
RPQNMLQKLHLGFIB48DA,東興段,77.76,都市：其他:住宅區,1,1,全筆移轉,04730000
RPPNMLSKKIKGFJB58DA,福星段,8.72,都市：其他:住宅區,12000,159,持分移轉,09520031
RPPNMLSKKIKGFJB58DA,福星段,125.36,都市：其他:住宅區,1,1,全筆移轉,09520068
RPPNMLSKKIKGFJB58DA,福星段,.24,都市：其他:住宅區,75,1,持分移轉,09520073
RPOQMLKLJHLGFFB57DA,市鎮南段,8.19,都市：其他:第四種商業區,100000,74,持分移轉,01330000
RPUNMLTKJHLGFFB68DA,新犁份段,488.42,都市：其他:保護區,1,1,全筆移轉,02150000
RPOQMLQKJHLGFFB08DA,正英段,57.46,都市：其他:第二種住宅區,100000,1947,持分移轉,05130000
SPUNMLTKJHLGFFB78DA,新犁份段,1276.22,都市：其他:第三種住宅區。,1,1,全筆移轉,02200000
RPSPMLPKKIKGFCB08DA,福星段,6.11,都市：其他:第一種住宅區,10000,94,持分移轉,05770000
RPTNMLQKKIKGFCB08DA,大進段,4.21,都市：其他:第二種住宅區,10000,38,持分移轉,04890000
RPSPMLPKKIKGFCB08DA,福星段,21.44,都市：其他:第二種住宅區,10000,94,持分移轉,05890000
RPVTNLPJLHLGFCB88DA,國安段,19.82,都市：其他:第一種住宅區,10000,29,持分移轉,00860000
RPQNMLQLJHLGFDB87DA,三陽段,229.89,都市：其他:第三種住宅區。,1,1,全筆移轉,06190000
RPQNMLQKLHLGFKB68DA,永順段,11.51,非都市：鄉村區 ; 非都市編定：乙種建築用地,100000,2054,持分移轉,06770000
RPQNMLQKLHLGFKB68DA,永順段,15.40,非都市：鄉村區 ; 非都市編定：乙種建築用地,100000,2054,持分移轉,06780000
RPRQMLKKLHLGFBB57DA,中興段,35.28,都市：其他:第二種住宅區,100,12,持分移轉,03870000
RPSNMLLLJHLGFCB47DA,大墩段,91.00,都市：其他:第二種住宅區,1,1,全筆移轉,01740008
RPVOMLMKLHLGFBB97DA,太順段,83.15,都市：其他:第二種住宅區,1,1,全筆移轉,00210013
RPVOMLMKLHLGFBB97DA,太順段,29.50,都市：其他:第二種住宅區,10000,1260,持分移轉,00210016
RPUPMLQKLHLGFBB38DA,昌平段,29.26,都市：其他:第三種住宅區。,100000,618,持分移轉,03010000
RPQQMLKKLHLGFCB57DA,西屯段,.06,都市：其他:第三種商業區,1000000,3632,持分移轉,23870026
RPQQMLKKLHLGFCB57DA,西屯段,.01,都市：其他:第三種商業區,1000000,3632,持分移轉,23870081
RPQQMLKKLHLGFCB57DA,上石碑段,6.08,都市：其他:第三種商業區,1000000,3632,持分移轉,26840000
RPQQMLKKLHLGFCB57DA,西屯段,.05,都市：其他:第三種商業區,1000000,3632,持分移轉,32740000
RPRNMLOLKHLGFDB87DA,舊圳段,74.55,非都市：特定農業區 ; 非都市編定：甲種建築用地,1,1,全筆移轉,05440000
RPVNMLQKLHLGFIB98DA,新高鐵段,154.71,都市：其他:商業區,1900000,146975,持分移轉,00450000
RPSNMLSLJHLGFDB28DA,豐南段,69.75,都市：其他:第二種商業區,1,1,全筆移轉,08070000
RPTQMLKKLHLGFCB87DA,西屯段,.08,都市：其他:第三種商業區,1000000,4792,持分移轉,23870026
RPRNMLOLKHLGFDB87DA,舊圳段,15.06,非都市：特定農業區 ; 非都市編定：甲種建築用地,1,1,全筆移轉,05460000
RPTQMLKKLHLGFCB87DA,西屯段,.01,都市：其他:第三種商業區,1000000,4792,持分移轉,23870081
RPTQMLKKLHLGFCB87DA,上石碑段,8.02,都市：其他:第三種商業區,1000000,4792,持分移轉,26840000
RPTQMLKKLHLGFCB87DA,西屯段,.07,都市：其他:第三種商業區,1000000,4792,持分移轉,32740000
RPUPMLQLJHLGFBB28DA,錦村段,13.10,都市：其他:第二種住宅區,100000,491,持分移轉,03070000
RPUPMLQLJHLGFBB28DA,錦村段,5.57,都市：其他:第一種商業區,100000,491,持分移轉,03090002
RPXNMLTLJHLGFCB78DA,永春段,68.15,都市：其他:第一之一種住宅區,1,1,全筆移轉,03040000
RPVQMLKKLHLGFCB08DA,建功段,11.28,都市：其他:第五種住宅區,100000,178,持分移轉,00160000
RPPNMLTJLHLGFAB77DA,東勢子段,17.59,都市：其他:第二種住宅區,100000,196,持分移轉,00420000
RPTOMLSLJHLGFBB28DA,太順段,15.28,都市：其他:第三種住宅區。,100000,218,持分移轉,00570019
RPQNMLMKLHLGFBB37DA,東山段,21.12,都市：其他:第一種商業區,1000000,6060,持分移轉,02280000
RPUNMLNKLHLGFBB87DA,軍福段,18.40,都市：其他:第二種住宅區,100000,7034,持分移轉,02630000
RPPOMLSKLHLGFBB97DA,賴厝廍段,4.78,都市：其他:第一種商業區,10000,25,持分移轉,04380000
RPVNMLPJJHLGFIB58DA,新六股段,6891.76,非都市：特定農業區 ; 非都市編定：農牧用地,1,1,全筆移轉,00790000
RPUNMLNKJHLGFAB57DA,麻園頭段,16.67,都市：其他:第三種住宅區。,1000000,3166,持分移轉,01320000
RPUPMLOKJHLGFAB87DA,樹子腳段,10.54,都市：其他:市場用地,100000,315,持分移轉,13000015
RPSNMLTKLHLGFIB98DA,北里段,853.00,非都市：特定農業區 ; 非都市編定：甲種建築用地,1,1,全筆移轉,06380000
RPSNMLTKLHLGFIB98DA,北里段,107.00,非都市：特定農業區 ; 非都市編定：甲種建築用地,1,1,全筆移轉,06380001
RPQNMLOKLHLGFFB97DA,興仁段,153.24,都市：其他:第四種住宅區,1,1,全筆移轉,00150000
RPUNMLTKLHLGFIB56DA,成功嶺段,42.00,非都市：山坡地保育區 ; 非都市編定：丙種建築用地,10000,463,持分移轉,00600004
RPUNMLTKLHLGFIB56DA,成功嶺段,36.71,非都市：山坡地保育區 ; 非都市編定：丙種建築用地,10000,463,持分移轉,00600005
RPUNMLTKLHLGFIB56DA,成功嶺段,9.05,非都市：山坡地保育區 ; 非都市編定：丙種建築用地,10000,374,持分移轉,00600006
RPUNMLTKLHLGFIB56DA,成功嶺段,332.13,非都市：山坡地保育區 ; 非都市編定：丙種建築用地,1,1,全筆移轉,00600026
RPPNMLMKLHLGFJB08DA,新光段,20.22,都市：其他:住宅區,10000,62,持分移轉,02630000
RPRNMLSKLHLGFBB18EA,仁德段,68.00,都市：其他:第二種住宅區,1,1,全筆移轉,07930006
RPRNMLSKLHLGFBB18EA,仁德段,13.06,都市：其他:第二種住宅區,16,1,持分移轉,07930009
RPRRMLLKLHLGFCB87DA,惠信段,60.05,都市：其他:第二種住宅區,1,1,全筆移轉,00940010
RPRRMLLKLHLGFCB87DA,惠信段,19.40,都市：其他:第二種住宅區,100000,4035,持分移轉,00940012
RPSOMLRLJHLGFAB97DA,後壠子段,21.50,都市：其他:第二種住宅區,4,1,持分移轉,03250028
RPRNMLOKJHLGFAB37DA,旱溪段,12.67,都市：其他:第三種住宅區。,100000,981,持分移轉,02960002
RPRNMLOKJHLGFAB37DA,旱溪段,2.96,都市：其他:第二種住宅區,100000,981,持分移轉,02960032
RPSOMLRLJHLGFAB97DA,後壠子段,14.25,都市：其他:第二種住宅區,4,1,持分移轉,03250038
RPSOMLRLJHLGFAB97DA,後壠子段,4.75,都市：其他:第二種住宅區,4,1,持分移轉,03250127
RPSOMLRLJHLGFAB97DA,後壠子段,.50,都市：其他:道路用地,4,1,持分移轉,03250169
RPSOMLRLJHLGFAB97DA,後壠子段,14.00,都市：其他:道路用地,4,1,持分移轉,03250220
RPSOMLRLJHLGFAB97DA,後壠子段,11.50,都市：其他:道路用地,4,1,持分移轉,03250221
RPRPMLKKLHLGFCB57DA,惠來厝段,17.26,都市：其他:第五之一種住宅區,100000,436,持分移轉,01040000
RPRPMLKKLHLGFCB57DA,惠來厝段,.72,都市：其他:第二種住宅區,100000,436,持分移轉,01040010
RPRPMLKKLHLGFCB57DA,惠來厝段,.38,都市：其他:第二種住宅區,100000,436,持分移轉,01040011
RPRPMLKKLHLGFCB57DA,惠來厝段,.00,都市：其他:第五之一種住宅區,100000,436,持分移轉,01050000
RPTNMLKKKHLGFEB67DA,新六分段,33.35,非都市：特定農業區 ; 非都市編定：甲種建築用地,4,1,持分移轉,12260000
RPTNMLKKKHLGFEB67DA,新六分段,126.28,非都市：特定農業區 ; 非都市編定：甲種建築用地,1,1,全筆移轉,12260003
RPQNMLPKJHLGFDB67DA,翁明段,101.98,都市：其他:第二種商業區,1,1,全筆移轉,04170000
RPQNMLPKJHLGFDB67DA,翁明段,192.45,都市：其他:第二種商業區,1,1,全筆移轉,04180000
RPTOMLSJJHLGFIB78DA,立新段,38.62,非都市：鄉村區 ; 非都市編定：乙種建築用地,10000,1162,持分移轉,07030000
RPTOMLSJJHLGFIB78DA,立新段,10.20,非都市：鄉村區 ; 非都市編定：乙種建築用地,10000,1162,持分移轉,07310000
RPSOMLMJKHLGFCB57DA,中仁段,10.69,都市：其他:捷運系統用地,10000,48,持分移轉,00310000
RPQNMLQJJHLGFKB38DA,龍田段,55.00,都市：其他:第四種住宅區,1,1,全筆移轉,15980007
RPQNMLQJJHLGFKB38DA,龍田段,22.75,都市：其他:第四種住宅區,8,1,持分移轉,15980009
RPPOMLMKJHLGFBB17DA,松昌段,.44,都市：其他:第二種住宅區,10000,64,持分移轉,04820000
RPPOMLMKJHLGFBB17DA,松昌段,20.95,都市：其他:第三之一種商業區,10000,64,持分移轉,04850000
RPSOMLQJLHLGFBB97DA,景美段,20.14,都市：其他:第一種商業區,10000,101,持分移轉,00150000
RPSNMLPLKHLGFAB77DA,樹子腳段,141.00,都市：其他:第二種住宅區,1,1,全筆移轉,03540010
RPSNMLPLKHLGFAB77DA,樹子腳段,25.00,都市：其他:第二種住宅區,1,1,全筆移轉,03540023
RPSNMLPLKHLGFAB77DA,樹子腳段,5.00,都市：其他:第二種住宅區,1,1,全筆移轉,03540029
RPXNMLMKLHLGFAB97DA,旱清段,11.79,都市：其他:第二種住宅區,10000,61,持分移轉,02090000
RPQPMLQKJHLGFBB77DA,景美段,15.95,都市：其他:第三種住宅區。,100000,452,持分移轉,02930000
RPQPMLQKJHLGFBB77DA,景美段,5.30,都市：其他:第二種住宅區,100000,452,持分移轉,02970000
RPQNMLLLLHLGFFB77DA,市鎮南段,9.64,都市：其他:第四種商業區,100000,135,持分移轉,01330001
RPUPMLLKKHLGFBB77DA,太順段,18.93,都市：其他:第三種住宅區。,100000,270,持分移轉,00570019
RPUPMLPLKHLGFCB38DA,廣順段,1.16,都市：其他:農業區,51,1,持分移轉,04550042
RPUPMLPLKHLGFCB38DA,廣順段,80.36,都市：其他:農業區,1,1,全筆移轉,04550113
RPUPMLPLKHLGFCB38DA,廣順段,6.39,都市：其他:農業區,51,1,持分移轉,04550116
RPUPMLPLKHLGFCB38DA,廣順段,26.78,都市：其他:農業區,40,1,持分移轉,04550117
RPTNMLMKKHLGFGB08DA,環山段,1272.00,非都市：山坡地保育區 ; 非都市編定：農牧用地,3,1,持分移轉,05140000
RPTNMLMKKHLGFGB08DA,環山段,1272.33,非都市：山坡地保育區 ; 非都市編定：農牧用地,3,1,持分移轉,05140001
RPTNMLMKKHLGFGB08DA,環山段,1272.33,非都市：山坡地保育區 ; 非都市編定：農牧用地,3,1,持分移轉,05140002
RPRNMLLLLHLGFFB87DA,市鎮南段,9.64,都市：其他:第四種商業區,100000,135,持分移轉,01330001
RPPNMLQJKHLGFDB67DA,市政段,70.40,都市：其他:市場用地,1,1,全筆移轉,05870000
RPSNMLKLLHLGFGB97DA,水底寮段上水底寮小段,29.93,非都市：鄉村區 ; 非都市編定：乙種建築用地,15,1,持分移轉,02130000
RPSNMLKLLHLGFGB97DA,水底寮段上水底寮小段,79.00,非都市：鄉村區 ; 非都市編定：乙種建築用地,1,1,全筆移轉,02130006
RPSNMLKLLHLGFGB97DA,水底寮段上水底寮小段,1.47,非都市：鄉村區 ; 非都市編定：乙種建築用地,15,1,持分移轉,02130011
RPSNMLKLLHLGFGB97DA,水底寮段上水底寮小段,1.33,非都市：鄉村區 ; 非都市編定：乙種建築用地,15,1,持分移轉,02130012
RPPNMLNLLHLGFJB38EA,壽平段,69.00,都市：其他:第一種住宅區,1,1,全筆移轉,03490000
RPQOMLRLJHLGFJB68DA,新興段,27.03,都市：其他:住宅區,100000,1228,持分移轉,00710000
RPQNMLQJLHLGFKB58DA,仁德段,18.76,都市：其他:住宅區,10000,73,持分移轉,04150000
RPXNMLNLJHLGFAB97DA,後壠子段,19.34,都市：其他:第二種住宅區,100000,367,持分移轉,03300000
RPVNMLMJJHLGFAB47DA,下橋子頭段,63.00,都市：其他:第二種住宅區,1,1,全筆移轉,01270058
RPPNMLNLLHLGFBB47DA,北屯段,5.00,都市：其他:第三種住宅區。,1,1,全筆移轉,00180102
RPPNMLNLLHLGFBB47DA,北屯段,107.00,都市：其他:第三種住宅區。,1,1,全筆移轉,00180111
RPRNMLSKLHLGFAB97DA,土庫段,1.54,都市：其他:第二種住宅區,46,1,持分移轉,00730020
RPRNMLSKLHLGFAB97DA,土庫段,.91,都市：其他:第二種住宅區,46,1,持分移轉,00730134
RPRNMLSKLHLGFAB97DA,土庫段,3.11,都市：其他:第二種住宅區,46,1,持分移轉,00760001
RPRNMLSKLHLGFAB97DA,土庫段,95.00,都市：其他:第二種住宅區,1,1,全筆移轉,00770003
RPRNMLSKLHLGFAB97DA,土庫段,4.17,都市：其他:第二種住宅區,46,1,持分移轉,00780002
RPXNMLNLLHLGFBB28DA,北屯段,1.23,都市：其他:第二種住宅區,1000,82,持分移轉,05550015
RPXNMLNLLHLGFBB28DA,北屯段,1.31,都市：其他:第二種住宅區,1000,82,持分移轉,05550019
RPXNMLNLLHLGFBB28DA,北屯段,25.42,都市：其他:第二種住宅區,1000,82,持分移轉,05580005
RPRNMLKLLHLGFIB08DA,立仁段,23.83,非都市：鄉村區 ; 非都市編定：乙種建築用地,100000,326,持分移轉,00400000
RPQTMLOJLHLGFCB18DA,惠順段,84.96,都市：其他:第一種住宅區,1,1,全筆移轉,00380007
RPQTMLOJLHLGFCB18DA,惠順段,47.39,都市：其他:第一種住宅區,100000,7210,持分移轉,00380013
RPUNMLKLLHLGFCB77DA,惠泰段,127.73,都市：其他:第二種住宅區,100000,4666,持分移轉,02700000
RPOPMLLKKHLGFBB17DA,竹興段,34.79,都市：其他:第一之一種住宅區,100000,491,持分移轉,02120000
RPTOMLQKLHLGFCB28DA,中仁段,10.69,都市：其他:捷運系統用地,10000,48,持分移轉,00310000
RPVPMLMLJHLGFBB97DA,東山段,78.00,都市：其他:第二種住宅區,1,1,全筆移轉,00360002
RPUNMLOLKHLGFAB87DA,下橋子頭段,22.00,都市：其他:道路用地,1,1,全筆移轉,02050231
RPROMLQKLHLGFBB97DA,松昌段,8.12,都市：其他:第一種商業區,10000,38,持分移轉,06650000
RPPNMLNLKHLGFBB37DA,仁美段,85.00,都市：其他:第二種住宅區,1,1,全筆移轉,11640000
RPROMLQKLHLGFBB97DA,松昌段,1.01,都市：其他:第一種商業區,10000,42,持分移轉,06650001
RPSNMLLKLHLGFDB67DA,豐原段,1.52,都市：其他:第三種住宅區。,20000,175,持分移轉,00090006
RPSNMLLKLHLGFDB67DA,豐原段,2.59,都市：其他:第三種住宅區。,20000,175,持分移轉,00090012
RPSNMLLKLHLGFDB67DA,豐原段,1.01,都市：其他:第三種住宅區。,18000,158,持分移轉,00090039
RPSNMLLKLHLGFDB67DA,豐原段,4.93,都市：其他:第三種住宅區。,20000,175,持分移轉,00090040
RPPNMLPJLHLGFFB87DA,南簡段,79.00,都市：其他:第四種住宅區,1,1,全筆移轉,06010018
RPRNMLPJLHLGFFB08DA,南簡段,22.00,都市：其他:第四種住宅區,257,22,持分移轉,06010000
RPRNMLPJLHLGFFB08DA,南簡段,53.00,都市：其他:第四種住宅區,1,1,全筆移轉,06010020
RPSOMLNKJHLGFJB38DA,光明段,162.49,非都市：鄉村區 ; 非都市編定：乙種建築用地,1,1,全筆移轉,00050000
RPTNMLNJKHLGFGB08DA,糖廍段,14.67,都市：其他:住宅區,5,1,持分移轉,04980000
RPTNMLNJKHLGFGB08DA,糖廍段,14.67,都市：其他:住宅區,5,1,持分移轉,04980001
RPTNMLNJKHLGFGB08DA,糖廍段,90.32,都市：其他:住宅區,1,1,全筆移轉,04990000
RPVNMLTLJHLGFDB68DA,東湳段,87.84,都市：其他:第二種住宅區,1,1,全筆移轉,03330000
RPPNMLPLLHLGFBB67DA,仁德段,.70,都市：其他:第二種住宅區,10000,66,持分移轉,07500000
RPPNMLPLLHLGFBB67DA,陳平段,13.05,都市：其他:第二種住宅區,10000,66,持分移轉,18840000
RPPNMLKKLHLGFJB87DA,育賢段,16.92,都市：其他:商業區,10000,64,持分移轉,01350000
RPQOMLQLJHLGFFB18DA,市鎮南段,17.26,都市：其他:第四種商業區,100000,156,持分移轉,01330000
RPVNMLNLLHLGFIB78DA,峰東段,55.00,都市：其他:住宅區,1,1,全筆移轉,00680000
RPVNMLNLLHLGFIB78DA,峰東段,18.50,都市：其他:住宅區,10,1,持分移轉,00680010
RPTNMLRLLHLGFJB09DA,新興段,1554.75,都市：其他:住宅區,1,1,全筆移轉,00020001
RPTNMLRLLHLGFJB09DA,新興段,689.93,都市：其他:住宅區,1,1,全筆移轉,00240001
RPUNMLRLLHLGFJB56DA,新興段,565.55,都市：其他:住宅區,1,1,全筆移轉,00240000
RPUNMLNLKHLGFBB87DA,邱厝子段,31.00,都市：其他:第三種住宅區。,10,1,持分移轉,00320099
RPQNMLTJLHLGFKB88DA,王福段,1749.98,都市：其他:農業區,1,1,全筆移轉,07340000
RPQNMLTJLHLGFKB88DA,王福段,444.90,都市：其他:農業區,1,1,全筆移轉,07350000
RPRNMLTLJHLGFCB18DA,國安段,45.01,都市：其他:第六種住宅區,53,2,持分移轉,05930233
RPSOMLSKLHLGFBB28DA,松茂段,69.00,都市：其他:第二種住宅區,1,1,全筆移轉,10910006
RPRNMLTLJHLGFCB18DA,國安段,252.50,都市：其他:第六種住宅區,1,1,全筆移轉,05930281
RPVNMLNJLHLGFDB08DA,泰安段,33.20,非都市：鄉村區 ; 非都市編定：乙種建築用地,10000,557,持分移轉,10080000
RPUNMLTKLHLGFDB68DA,泰安段,33.20,非都市：鄉村區 ; 非都市編定：乙種建築用地,10000,557,持分移轉,10080000
RPUNMLNKLHLGFFB28DA,槺榔段,67.00,都市：其他:第四種住宅區,1,1,全筆移轉,05700007
RPPNMLPJKHLGFAB27DA,麻園頭段,4.80,都市：其他:第一種商業區,10000,100,持分移轉,06190000
RPUNMLNKLHLGFFB28DA,槺榔段,5.00,都市：其他:第四種住宅區,1,1,全筆移轉,05700016
RPUNMLNKLHLGFFB28DA,槺榔段,26.25,都市：其他:第四種住宅區,8,1,持分移轉,05700020
RPUNMLNKLHLGFFB28DA,槺榔段,4.50,都市：其他:綠地用地,14,1,持分移轉,05700034
RPUNMLNKLHLGFFB28DA,槺榔段,.14,都市：其他:第四種住宅區,14,1,持分移轉,05700035
RPUNMLQLLHLGFFB68DA,興安西段,16.69,都市：其他:第二種商業區,10000,43,持分移轉,00070000
RPXOMLLKKHLGFCB08DA,上石碑段,28.12,都市：其他:第一種商業區,1000,426,持分移轉,13940000
RPXOMLLKKHLGFCB08DA,上石碑段,1.00,都市：其他:道路用地,1,1,全筆移轉,13940001
RPPNMLQJLHLGFDB77DA,福陽段,344.71,都市：其他:第一之二種住宅區,1,1,全筆移轉,00440000
RPRNMLQLLHLGFDB18DA,豐原段,28.80,都市：其他:第二種住宅區,11460,288,持分移轉,08860045
RPSNMLRLLHLGFFB58DA,六福段,207.16,都市：其他:第二種住宅區,1,1,全筆移轉,06550000
RPUNMLLMLHLGFDB08DA,大富段,50.24,都市：其他:第一之一種住宅區,3,2,持分移轉,05780000
RPQOMLRLLHLGFBB08DA,長安段,3.71,都市：其他:第三種住宅區。,100000,1269,持分移轉,00610000
RPQOMLRLLHLGFBB08DA,長安段,41.80,都市：其他:第二種住宅區,100000,1269,持分移轉,00780000
RPQNMLOJLHLGFHB08DA,永和段,29.69,都市：其他:農業區,100000,2450,持分移轉,08530000
RPQNMLOJLHLGFHB08DA,永和段,1.76,都市：其他:農業區,30000,490,持分移轉,08540000
RPTNMLKLLHLGFAB47DA,樹子腳段,15.94,都市：其他:第二種住宅區,100000,3125,持分移轉,09920000
RPTNMLKLLHLGFAB47DA,樹子腳段,54.00,都市：其他:第二種住宅區,1,1,全筆移轉,09920014
RPPNMLKLLHLGFIB87DA,柳樹湳段,36.02,非都市：鄉村區 ; 非都市編定：乙種建築用地,10000,436,持分移轉,06800000
RPOOMLOLLHLGFAB47DA,美舘段,45.11,都市：其他:第二種商業區,1000,33,持分移轉,03120000
RPPOMLKKLHLGFBB17DA,青雲段,30.19,都市：其他:第二種住宅區,100000,889,持分移轉,00850000
RPVNMLLMLHLGFBB97DA,美和段,522.94,都市：其他:第一之一種住宅區,1,1,全筆移轉,05460000
RPTOMLTKLHLGFHB09DA,僑興段,26.48,都市：其他:住宅區,100000,476,持分移轉,00120000
RPRNMLKMLHLGFDB67DA,前寮段,2252.09,都市：其他:農業區,1,1,全筆移轉,04420000
RPRNMLKMLHLGFDB67DA,前寮段,26.39,都市：其他:農業區,1,1,全筆移轉,04420001
RPRNMLKMLHLGFDB67DA,豐圳段,15.52,都市：其他:農業區,1,1,全筆移轉,06300001
RPRNMLKMLHLGFDB67DA,豐圳段,1825.17,都市：其他:農業區,1,1,全筆移轉,06330000
RPUNMLOLLHLGFEB38DA,孔門段,14.00,都市：其他:住宅區,1,1,全筆移轉,11600002
RPUNMLOLLHLGFEB38DA,孔門段,333.00,都市：其他:住宅區,1,1,全筆移轉,11610000
RPUNMLOLLHLGFEB38DA,孔門段,111.00,都市：其他:住宅區,1,1,全筆移轉,11620000
RPSNMLNJLHLGFAB47DA,樹子腳段,23.05,都市：其他:第三種住宅區。,100000,720,持分移轉,10410000
RPRNMLNJLHLGFAB37DA,泉源段,9.53,都市：其他:第三之一種商業區,100000,81,持分移轉,00150000
RPSOMLMLKIKGFFB08DA,平等段,3.49,都市：其他:第二種住宅區,10000,144,持分移轉,15320000
RPUNMLLJMHLGFGB18DA,復盛段,310.98,非都市：特定農業區 ; 非都市編定：農牧用地,1,1,全筆移轉,06360000
RPSOMLMLKIKGFFB08DA,平等段,22.36,都市：其他:第二種住宅區,15,1,持分移轉,16120000
RPSOMLMLKIKGFFB08DA,平等段,69.52,都市：其他:第二種住宅區,1,1,全筆移轉,16170000
RPRPMLQLKIKGFFB48DA,三民段,60.44,都市：其他:第四種住宅區,951400,6044,持分移轉,15060000
RPRPMLQLKIKGFFB48DA,三民段,.14,都市：其他:第四種住宅區,9358000000,143424,持分移轉,15130000
RPSNMLLJMHLGFAB47EA,土庫段,25.08,都市：其他:第二種住宅區,200000,1440,持分移轉,00550000
RPSNMLLJMHLGFAB47EA,土庫段,15.55,都市：其他:第一種商業區,200000,1440,持分移轉,00550025
RPQTMLPJLHLGFCB28DA,福星段,42.79,都市：其他:第二種住宅區,100000,3437,持分移轉,01280000
RPSOMLLMLHLGFIB48DA,大忠段,1846.77,都市：其他:住宅區,1,1,全筆移轉,02520000
RPUNMLMJMHLGFAB67DA,練武段,18.94,都市：其他:第四之二種商業區,10000,43,持分移轉,10730000
RPUOMLNJKHLGFBB77DA,東信段,18.25,都市：其他:第二種住宅區,10000,84,持分移轉,01130000
RPTNMLLMLHLGFHB38DA,山德段,500.29,都市：其他:農業區,1,1,全筆移轉,05720000
RPTNMLLMLHLGFHB38DA,山德段,556.53,都市：其他:農業區,1,1,全筆移轉,05730000
RPPOMLLJMHLGFIB97DA,四德段,2492.52,非都市：特定農業區 ; 非都市編定：農牧用地,1,1,全筆移轉,02980000
RPQQMLLMLHLGFIB48DA,光日段,18.46,都市：其他:第四種住宅區,1000000,5909,持分移轉,01190000
RPRNMLRLLHLGFJB88DA,育賢段,29.54,都市：其他:住宅區,10000,42,持分移轉,00860000
RPQTNLMJMHLGFBB08DA,同榮段,587.00,都市：其他:農業區,1,1,全筆移轉,05330000
RPQTNLMJMHLGFBB08DA,同榮段,119.00,都市：其他:農業區,1,1,全筆移轉,05330006
RPSOMLRJMHLGFBB18DA,新賴厝廍六段,9.18,都市：其他:第三種住宅區。,100000,458,持分移轉,05690000
RPRQMLLMLHLGFCB97DA,上石碑段,44.94,都市：其他:第三之二種住宅區,100000,2280,持分移轉,08700000
RPPNMLRJMHLGFCB87DA,福德段,32.23,都市：其他:第二種住宅區,100000,1163,持分移轉,01110000
RPUPMLMLKIKGFCB08DA,建功段,10.04,都市：其他:第五種住宅區,100000,123,持分移轉,00040000
RPTOMLTJJHLGFJB98DA,大源段,112.40,非都市：鄉村區 ; 非都市編定：乙種建築用地,1,1,全筆移轉,07410000
RPUSMLMJLHLGFBB18DA,太原段,20.53,都市：其他:第三種住宅區。,100000,150,持分移轉,01000000
RPWOMLQLKHLGFCB58DA,信安段,24.35,都市：其他:第三之一種住宅區,100000,2955,持分移轉,02380000
RPROMLPJKHLGFDB87DA,葫蘆墩段,47.42,非都市：山坡地保育區 ; 非都市編定：丙種建築用地,10000,370,持分移轉,02970000
RPWNMLTJMHLGFIB76DA,環河段,1653.11,都市：其他:產業專用區,1,1,全筆移轉,02080026
RPXTMLLKLHLGFBB58DA,平田段,2.11,都市：其他:第二種住宅區,10000,68,持分移轉,01400001
RPXTMLLKLHLGFBB58DA,北屯段,15.74,都市：其他:第二種住宅區,10000,68,持分移轉,03770000
RPPPMLRLLHLGFBB08DA,景美段,21.03,都市：其他:第一種商業區,1000000,5688,持分移轉,00270000
RPVOMLLJMHLGFBB87DA,松觀段,31.08,都市：其他:第二種住宅區,100000,1885,持分移轉,01020000
RPUNMLRJMHLGFFB68DA,公館北段,118.42,都市：其他:第二種住宅區,1,1,全筆移轉,11920002
RPUNMLMJMHLGFHB38DA,僑興段,25.85,都市：其他:住宅區,10000,151,持分移轉,00200000
RPQNMLMLJHLGFJB08DA,瑞欣段,98.00,都市：其他:乙種工業區,1,1,全筆移轉,00520001
RPQNMLMLJHLGFJB08DA,瑞欣段,302.00,都市：其他:乙種工業區,1,1,全筆移轉,00530010
RPQNMLMLJHLGFJB08DA,瑞欣段,46.00,都市：其他:乙種工業區,1,1,全筆移轉,00540003
RPTNMLMJMHLGFHB28DA,僑興段,31.50,都市：其他:住宅區,10000,184,持分移轉,00200000
RPSOMLSLJHLGFAB08DA,樹子腳段,9.65,都市：其他:第二種住宅區,100000,302,持分移轉,12970000
RPWNMLTKJHLGFIB56DA,新榮泉段,21.62,都市：其他:第二種住宅區,10000,48,持分移轉,01570000
RPXTMLNKLHLGFCB88DA,惠國段,13.12,都市：其他:第六種新市政中心專用區,100000,459,持分移轉,01540000
RPRNMLRJMHLGFCB08DA,福德段,33.12,都市：其他:第二種住宅區,100000,1195,持分移轉,01110000
RPPNMLLMKIKGFAB17DA,下橋子頭段,11.29,都市：其他:第三種住宅區。,10000,43,持分移轉,03410005
RPOQMLQKJHLGFBB67DA,邱厝子段,27.94,都市：其他:第二種住宅區,10000,132,持分移轉,00340418
RPXOMLRJMHLGFBB68DA,洲際段,74.36,都市：其他:第一種住宅區,2,1,持分移轉,05800000
RPXOMLRJMHLGFBB68DA,洲際段,50.06,都市：其他:第一種住宅區,2,1,持分移轉,05800001
RPXOMLRJMHLGFBB68DA,洲際段,14.14,都市：其他:第一種住宅區,2,1,持分移轉,05800002
RPXOMLRJMHLGFBB68DA,洲際段,40.50,都市：其他:第一種住宅區,2,1,持分移轉,05800003
RPXOMLRJMHLGFBB68DA,洲際段,49.44,都市：其他:第一種住宅區,2,1,持分移轉,05800004
RPXOMLRJMHLGFBB68DA,洲際段,66.78,都市：其他:第一種住宅區,2,1,持分移轉,05800009
RPXOMLRJMHLGFBB68DA,洲際段,50.20,都市：其他:第一種住宅區,2,1,持分移轉,05800010
RPXOMLRJMHLGFBB68DA,洲際段,33.47,都市：其他:第一種住宅區,2,1,持分移轉,05800012
RPXOMLRJMHLGFBB68DA,洲際段,52.04,都市：其他:第一種住宅區,2,1,持分移轉,05800013
RPXOMLRJMHLGFBB68DA,洲際段,56.14,都市：其他:第一種住宅區,2,1,持分移轉,05800014
RPXNMLTJMHLGFAB68DA,五權段,45.22,都市：其他:第二種住宅區,1,1,全筆移轉,06120000
RPXOMLRJMHLGFBB68DA,洲際段,58.72,都市：其他:第一種住宅區,2,1,持分移轉,05800015
RPXOMLRJMHLGFBB68DA,洲際段,58.72,都市：其他:第一種住宅區,2,1,持分移轉,05800016
RPXOMLRJMHLGFBB68DA,洲際段,94.31,都市：其他:第一種住宅區,2,1,持分移轉,05800017
RPXOMLRJMHLGFBB68DA,洲際段,6.62,都市：其他:第一種住宅區,2,1,持分移轉,05800018
RPXOMLRJMHLGFBB68DA,洲際段,59.97,都市：其他:第一種住宅區,2,1,持分移轉,05800019
RPXOMLRJMHLGFBB68DA,洲際段,44.94,都市：其他:第一種住宅區,2,1,持分移轉,05800020
RPXNMLTJMHLGFAB68DA,五權段,14.70,都市：其他:第二種住宅區,1,1,全筆移轉,06130000
RPPOMLSJJHLGFKB58DA,竹泉段,.67,都市：其他:農業區,100000,2174,持分移轉,03160010
RPPOMLSJJHLGFKB58DA,竹泉段,30.07,都市：其他:農業區,100000,2797,持分移轉,03170000
RPPOMLSJJHLGFKB58DA,竹泉段,51.00,都市：其他:農業區,1,1,全筆移轉,03170079
RPPOMLSJJHLGFKB58DA,竹泉段,13.87,都市：其他:農業區,100000,2174,持分移轉,04810001
RPPOMLSJJHLGFKB58DA,竹泉段,18.00,都市：其他:農業區,1,1,全筆移轉,04810016
RPPOMLQLKHLGFBB77DA,新賴厝廍六段,24.83,都市：其他:第二種住宅區,100000,618,持分移轉,04200000
RPPOMLQLKHLGFBB77DA,新賴厝廍六段,15.03,都市：其他:第三種住宅區。,100000,618,持分移轉,04210000
RPRNMLTJMHLGFBB28EA,東新段,19.34,都市：其他:第二種住宅區,10000,151,持分移轉,00110000
RPPNMLQLKHLGFDB87DA,口庄段,25.73,非都市：特定農業區 ; 非都市編定：甲種建築用地,25,1,持分移轉,02680000
RPPNMLQLKHLGFDB87DA,口庄段,85.16,非都市：特定農業區 ; 非都市編定：甲種建築用地,1,1,全筆移轉,02680025
RPRTMLLKLHLGFBB97DA,太順段,14.37,都市：其他:第三種住宅區。,100000,205,持分移轉,00570019
RPRNMLNKMHLGFBB67DA,東正段,86.00,都市：其他:第三種住宅區。,1,1,全筆移轉,00260004
RPXQMLLKLHLGFBB28DA,溝背段,21.15,都市：其他:第二之一種住宅區,100000,596,持分移轉,00150000
RPWUNLNJLHLGFBB78DA,文正段,2.10,都市：其他:第二種商業區,100000000,239805,持分移轉,00650065
RPWUNLNJLHLGFBB78DA,文正段,.24,都市：其他:第二種商業區,100000000,239805,持分移轉,00650077
RPWUNLNJLHLGFBB78DA,文正段,.62,都市：其他:第二種住宅區,100000000,239805,持分移轉,00650086
RPWUNLNJLHLGFBB78DA,文正段,.01,都市：其他:第二種住宅區,100000000,239805,持分移轉,00650087
RPWUNLNJLHLGFBB78DA,文正段,.11,都市：其他:第二種住宅區,100000000,239805,持分移轉,00650088
RPWUNLNJLHLGFBB78DA,文正段,.00,都市：其他:第二種住宅區,100000000,239805,持分移轉,00650089
RPQNMLQLKHLGFDB97DA,口庄段,25.73,非都市：特定農業區 ; 非都市編定：甲種建築用地,25,1,持分移轉,02680000
RPQNMLQLKHLGFDB97DA,口庄段,82.48,非都市：特定農業區 ; 非都市編定：甲種建築用地,1,1,全筆移轉,02680024
RPUNMLOJLHLGFAB77DA,科博段,4.26,都市：其他:第三種商業區,100000,61,持分移轉,05540000
RPVQMLNKMHLGFBB38DA,創研段,22.96,都市：其他:第二種創新研發專用區,100000,145,持分移轉,00060000
RPWOMLOKMHLGFAB28DA,萬安段九小段,7.58,都市：其他:第二種住宅區,20000,90,持分移轉,00070002
RPWOMLOKMHLGFAB28DA,正義段九小段,.56,都市：其他:第二種住宅區,20000,90,持分移轉,00110036
RPWOMLOKMHLGFAB28DA,頂橋子頭段,2.99,都市：其他:第二種住宅區,20000,90,持分移轉,03750002
RPUNMLQLKHLGFDB38DA,口庄段,25.73,非都市：特定農業區 ; 非都市編定：甲種建築用地,25,1,持分移轉,02680000
RPUNMLQLKHLGFDB38DA,口庄段,68.38,非都市：特定農業區 ; 非都市編定：甲種建築用地,1,1,全筆移轉,02680020
RPQNMLNKMHLGFJB38DA,學億段,99.52,都市：其他:住宅區,1,1,全筆移轉,00470003
RPPPMLQLLHLGFDB18DA,牛稠坑段,2512.00,非都市：山坡地保育區 ; 非都市編定：農牧用地,1,1,全筆移轉,00770105
RPUNMLLKLHLGFDB87DA,一心段,86.33,都市：其他:第一之一種住宅區,10000,326,持分移轉,11090000
RPQOMLNKMHLGFBB67DA,仁平段,35.00,都市：其他:第一之一種住宅區,100000,422,持分移轉,02550000
RPOOMLLKKHLGFJB87DA,育賢段,17.19,都市：其他:住宅區,10000,20,持分移轉,02010000
RPOOMLOLKHLGFBB47DA,同榮段,22.00,都市：其他:第一種商業區,1,1,全筆移轉,01310000
RPOOMLOLKHLGFBB47DA,同榮段,102.00,都市：其他:第一種商業區,1,1,全筆移轉,01330000
RPPOMLQLKHLGFDB97DA,口庄段,25.73,非都市：特定農業區 ; 非都市編定：甲種建築用地,25,1,持分移轉,02680000
RPPOMLQLKHLGFDB97DA,口庄段,61.22,非都市：特定農業區 ; 非都市編定：甲種建築用地,1,1,全筆移轉,02680013
RPTNMLTJMHLGFDB58DA,泰安段,24.14,非都市：鄉村區 ; 非都市編定：乙種建築用地,10000,405,持分移轉,10080000
RPTPMLKKKHLGFBB57DA,同榮段,24.63,都市：其他:第二種住宅區,10000,158,持分移轉,18790009
RPPNMLSJMHLGFEB18DA,文化段,23.44,都市：其他:住宅區,100000,417,持分移轉,00220000
RPSRMLOKJHLGFBB97DA,錦村段,22.66,都市：其他:第二種住宅區,10000,104,持分移轉,03660000
RPQNMLSLKIKGFAB87DA,大智段,16.31,都市：其他:第二種住宅區,100000,3004,持分移轉,01400000
RPPNMLOKMHLGFCB77EA,大墩段,14.81,都市：其他:第二種住宅區,10000,230,持分移轉,00220000
RPQNMLKKMHLGFFB67DA,信義段,106.00,都市：其他:農業區,1,1,全筆移轉,02420000
RPQNMLKKMHLGFFB67DA,信義段,84.00,都市：其他:農業區,1,1,全筆移轉,02420001
RPOOMLKLMHLGFCB37DA,鎮南段,1606.50,都市：其他:農業區,2,1,持分移轉,07080000
RPXOMLTJJHLGFAB48DA,下橋子頭段,8.77,都市：其他:第三種住宅區。,10000,37,持分移轉,01860001
RPSNMLTJLHLGFJB98DA,育賢段,28.58,都市：其他:住宅區,10000,53,持分移轉,02360000
RPXOMLTJJHLGFAB48DA,下橋子頭段,7.72,都市：其他:第二種住宅區,10000,37,持分移轉,01860004
RPSNMLLMKIKGFIB28DA,新站南段,44.99,都市：其他:第二種住宅區,1000,26,持分移轉,00490000
RPSNMLTJMHLGFAB18DA,樹子腳段,10.66,都市：其他:第二種住宅區,100000,317,持分移轉,17300000
RPQOMLNLLHLGFCB77DA,三塊厝段,17.70,都市：其他:第二種住宅區,100000,543,持分移轉,05960000
RPTPMLKLMHLGFCB97DA,田心段,86.00,都市：其他:第四種商業區,1,1,全筆移轉,10140003
RPUQMLQLJHLGFCB48DA,惠國段,21.46,都市：其他:第六種新市政中心專用區,100000,1208,持分移轉,01370000
RPSPMLNKMHLGFIB68DA,光日段,18.87,都市：其他:第四種住宅區,100000,798,持分移轉,01500000
RPPNMLTKMHLGFCB18DA,惠安段,22.77,都市：其他:第四之一種商業區,10000000,112700,持分移轉,01630000
RPVNMLKLLHLGFDB97DA,泰安段,33.02,非都市：鄉村區 ; 非都市編定：乙種建築用地,10000,554,持分移轉,10080000
RPUPMLKLMHLGFCB08DA,田心段,86.00,都市：其他:第四種商業區,1,1,全筆移轉,10140004
RPVNMLPKMHLGFBB28DA,大盛段,17.69,都市：其他:特二種住宅區,30000,187,持分移轉,04900000
RPVNMLPKMHLGFBB28DA,大盛段,80.28,都市：其他:特二種住宅區,30000,187,持分移轉,04910000
RPVNMLPKMHLGFBB28DA,大盛段,176.03,都市：其他:特二種住宅區,30000,187,持分移轉,04950000
RPSNMLKLMHLGFDB77DA,豐中段,93.30,都市：其他:第三種住宅區。,1,1,全筆移轉,05410000
RPSNMLKLMHLGFDB77DA,豐中段,17.23,都市：其他:道路用地,1,1,全筆移轉,06390000
RPWNMLPKMHLGFBB38DA,太順段,21.09,都市：其他:第三種住宅區。,100000,1254,持分移轉,00780000
RPSOMLLLMHLGFBB77DA,北屯段,37.61,都市：其他:第二種商業區,10000,77,持分移轉,03520000
RPRNMLMLMHLGFKB58DA,自強段,21.03,非都市：鄉村區 ; 非都市編定：乙種建築用地,100000,1170,持分移轉,14730000
RPQOMLKLMHLGFKB38DA,瑞井段,14.35,非都市：鄉村區 ; 非都市編定：乙種建築用地,17,1,持分移轉,06120001
RPQOMLKLMHLGFKB38DA,瑞井段,85.56,非都市：鄉村區 ; 非都市編定：乙種建築用地,1,1,全筆移轉,06120022
RPQNMLPJLHLGFFB97DA,南簡段,77.00,都市：其他:第四種住宅區,1,1,全筆移轉,06010014
RPQNMLQJMHLGFCB87DA,廣昌段,18.18,都市：其他:第二種住宅區,100000,769,持分移轉,04020000
RPTPMLLLMHLGFBB97DA,同榮段,8.50,都市：其他:第二種住宅區,1,1,全筆移轉,05760104
RPTPMLLLMHLGFBB97DA,同榮段,2.40,都市：其他:道路用地,1,1,全筆移轉,05760109
RPTPMLLLMHLGFBB97DA,同榮段,87.00,都市：其他:第二種住宅區,1,1,全筆移轉,29100000
RPTPMLLLMHLGFBB97DA,同榮段,75.00,都市：其他:第二種住宅區,1,1,全筆移轉,29100001
RPUNMLRLJHLGFAB08DA,頂橋子頭段,16.97,都市：其他:第二種住宅區,30000,1218,持分移轉,04130020
RPPNMLOLMHLGFGB18DA,詒新段,337.42,非都市：特定農業區 ; 非都市編定：農牧用地,1,1,全筆移轉,07580000
RPQNMLOLMHLGFGB28DA,詒新段,173.11,非都市：特定農業區 ; 非都市編定：農牧用地,1,1,全筆移轉,07410000
RPORMLLKLHLGFBB47DA,仁德段,44.67,都市：其他:道路用地,15,1,持分移轉,07980000
RPVNMLRLMHLGFIB66DA,大里段,420.00,非都市：特定農業區 ; 非都市編定：丁種建築用地,1,1,全筆移轉,12530000
RPVNMLRLMHLGFIB66DA,大里段,126.00,非都市：特定農業區 ; 非都市編定：農牧用地,1,1,全筆移轉,12530002
RPSNMLQJLHLGFKB78DA,龍社段,85.01,都市：其他:第二種住宅區,1,1,全筆移轉,06900000
RPSNMLQJLHLGFKB78DA,龍社段,18.86,都市：其他:第二種住宅區,1000,21,持分移轉,07130000
RPOOMLRLJHLGFAB57DA,頂橋子頭段,11.50,都市：其他:第二種住宅區,30000,825,持分移轉,04130020
RPSNMLQJLHLGFKB78DA,龍社段,1.73,都市：其他:第二種住宅區,10000,23,持分移轉,09990000
RPXSMLKLJHLGFBB28DA,松茂段,20.00,都市：其他:第二種住宅區,10000,42,持分移轉,10780000
RPQOMLPKMHLGFBB87DA,水源段,110.00,都市：其他:第二種住宅區,1,1,全筆移轉,02160001
RPPTMLLKLHLGFBB77DA,仁德段,17.67,都市：其他:道路用地,12,4,持分移轉,07350003
RPPTMLLKLHLGFBB77DA,仁德段,35.40,都市：其他:第二種住宅區,60,12,持分移轉,07990001
RPPTMLLKLHLGFBB77DA,仁德段,6.33,都市：其他:道路用地,12,4,持分移轉,08020000
RPPTMLLKLHLGFBB77DA,仁德段,59.07,都市：其他:道路用地,60,8,持分移轉,08070000
RPPTMLLKLHLGFBB77DA,仁德段,22.40,都市：其他:道路用地,60,8,持分移轉,08080000
RPSOMLNLMHLGFDB18DA,陽明段,34.83,都市：其他:第三種住宅區。,10000,3078,持分移轉,05420000
RPSOMLNLMHLGFDB18DA,陽明段,34.72,都市：其他:第三種住宅區。,10000,3078,持分移轉,05430000
RPXNMLOKJHLGFIB78DA,公教段,99.99,非都市：鄉村區 ; 非都市編定：乙種建築用地,1,1,全筆移轉,01030000
RPTNMLOLMHLGFJB88DA,育賢段,24.77,都市：其他:住宅區,10000,39,持分移轉,01840002
RPTNMLKKMHLGFCB67DA,南屯段,40.09,都市：其他:第二種住宅區,100000,1273,持分移轉,07030000
RPRNMLTLMHLGFIB09DA,大里段,759.50,非都市：特定農業區 ; 非都市編定：農牧用地,2,1,持分移轉,10050000
RPRNMLTLMHLGFCB48DA,福德段,33.23,都市：其他:第二種住宅區,100000,1199,持分移轉,01110000
RPRRMLNKLHLGFCB08DA,下石碑段,81.00,都市：其他:乙種工業區,1,1,全筆移轉,22140000
RPWNMLQJNHLGFAB38DA,旱溪段,52.00,都市：其他:第二種住宅區,1,1,全筆移轉,01170587
RPRRMLNKLHLGFCB08DA,下石碑段,80.00,都市：其他:乙種工業區,1,1,全筆移轉,22150000
RPSNMLMLMHLGFDB97DA,枋寮段,25.21,非都市：特定農業區 ; 非都市編定：農牧用地,1,1,全筆移轉,06110000
RPSNMLMLMHLGFDB97DA,枋寮段,2414.76,非都市：特定農業區 ; 非都市編定：農牧用地,1,1,全筆移轉,06130000
RPSNMLMLMHLGFDB97DA,枋寮段,486.83,非都市：特定農業區 ; 非都市編定：農牧用地,1,1,全筆移轉,06150000
SPRRMLNKLHLGFCB18DA,下石碑段,81.00,都市：其他:乙種工業區,1,1,全筆移轉,22140000
SPRRMLNKLHLGFCB18DA,下石碑段,80.00,都市：其他:乙種工業區,1,1,全筆移轉,22150000
RPVOMLOJNHLGFAB18DA,後壠子段,11.02,都市：其他:第二種商業區,100000,636,持分移轉,00990000
RPVOMLOJNHLGFAB18DA,後壠子段,6.30,都市：其他:第一種商業區,100000,636,持分移轉,01000000
RPVOMLOJNHLGFAB18DA,後壠子段,.01,都市：其他:第一種商業區,100000,636,持分移轉,01000002
RPUNMLSJNHLGFAB38DA,後壠子段,6.60,都市：其他:第二種商業區,10000,39,持分移轉,01480003
RPUNMLSJNHLGFAB38DA,後壠子段,4.96,都市：其他:第二種商業區,10000,39,持分移轉,01480096
RPUNMLSJNHLGFAB38DA,後壠子段,.02,都市：其他:第二種商業區,10000,39,持分移轉,01490006
RPOOMLSJLHLGFEB08DA,義和段,3.64,都市：其他:乙種工業區,1,1,全筆移轉,04860000
RPOOMLSJLHLGFEB08DA,義和段,189.97,都市：其他:乙種工業區,1,1,全筆移轉,04870000
RPRNMLKLLHLGFDB57DA,南陽段,18.46,都市：其他:第二種住宅區,26511,2409,持分移轉,07700004
RPRNMLKLLHLGFDB57DA,南陽段,70.00,都市：其他:第二種住宅區,1,1,全筆移轉,07700006
RPRNMLKLLHLGFDB57DA,南陽段,5.63,都市：其他:第二種住宅區,26511,2409,持分移轉,07700025
RPUNMLLMLHLGFBB87DA,東義段,4.50,都市：其他:第二種住宅區,20,1,持分移轉,01670004
RPXNMLSJNHLGFCB88DA,廣順段,108.03,,1,1,全筆移轉,01730001
RPUNMLLMLHLGFBB87DA,東義段,73.00,都市：其他:第二種住宅區,1,1,全筆移轉,01670005
RPROMLSJLHLGFEB38DA,義和段,34.14,都市：其他:乙種工業區,6,1,持分移轉,05200000
RPPNMLQJNHLGFHB38DA,四德段,402.00,都市：其他:乙種工業區,1,1,全筆移轉,03430003
RPPNMLQJNHLGFHB38DA,四德段,189.00,都市：其他:乙種工業區,1,1,全筆移轉,03430004
RPPNMLQJNHLGFHB38DA,四德段,186.00,都市：其他:乙種工業區,1,1,全筆移轉,03430005
RPXNMLNKMHLGFDB48DA,龍宮段,163.39,都市：其他:機關用地,1,1,全筆移轉,12430002
RPXNMLNKMHLGFDB48DA,龍宮段,190.64,都市：其他:農業區,1,1,全筆移轉,12440000
RPPNMLMKNHLGFCB67EA,三塊厝段,17.70,都市：其他:第二種住宅區,100000,543,持分移轉,05960000
RPRPMLKLMHLGFCB77DA,大新段,17.33,都市：其他:第二種住宅區,10000,50,持分移轉,05310000
RPTNMLTLMHLGFJB76DA,瑞欣段,32.36,都市：其他:住宅區,84,1,持分移轉,03460000
RPTNMLTLMHLGFJB76DA,瑞欣段,3.88,都市：其他:住宅區,96,1,持分移轉,03460071
RPSOMLMKNHLGFBB87DA,文正段,8.10,都市：其他:第二種住宅區,100000,9418,持分移轉,01180071
RPTNMLTLMHLGFJB76DA,瑞欣段,54.00,都市：其他:住宅區,1,1,全筆移轉,03460085
RPSOMLMKNHLGFBB87DA,文正段,8.85,都市：其他:第一種商業區,100000,9418,持分移轉,01180072
RPSOMLMKNHLGFBB87DA,文正段,8.01,都市：其他:第一種商業區,100000,9418,持分移轉,01180105
RPSOMLMKNHLGFBB87DA,文正段,8.01,都市：其他:第二種住宅區,100000,9418,持分移轉,01180106
RPRNMLRKMHLGFAB97DA,旱溪段,115.00,都市：其他:第七種住宅區,1,1,全筆移轉,01460148
RPVNMLPKNHLGFFB78DA,市鎮北段,18.24,都市：其他:第四種商業區,100000,312,持分移轉,00600000
RPWOMLQJNHLGFAB48DA,尚武段,16.65,都市：其他:第五種住宅區,100000,3350,持分移轉,05160000
RPPNMLTKNHLGFHB78DA,大德段,207.05,都市：其他:農業區,1,1,全筆移轉,03100001
RPPOMLTKNHLGFAB18DA,大慶段,1302.07,都市：其他:第一之一種住宅區,1,1,全筆移轉,02710000
SPPOMLTKNHLGFAB28DA,大慶段,1114.15,都市：其他:第一之一種住宅區,1,1,全筆移轉,02720000
RPSNMLTKNHLGFHB09DA,大德段,165.11,都市：其他:農業區,1,1,全筆移轉,03100000
RPTNMLTKNHLGFHB56DA,大德段,449.74,都市：其他:農業區,1,1,全筆移轉,05150000
RPVNMLOJLHLGFIB68DA,新高鐵段,13.31,都市：其他:商業區,100000,439,持分移轉,00980000
RPVNMLOJLHLGFIB68DA,新高鐵段,9.89,都市：其他:商業區,100000,439,持分移轉,00990000
RPPNMLQJNHLGFFB18DA,鹿寮段,74.00,都市：其他:第四種住宅區,1,1,全筆移轉,11830000
RPXPMLTKNHLGFAB09DA,信義段八小段,.04,都市：其他:道路用地,240,10,持分移轉,00070006
RPXPMLTKNHLGFAB09DA,信義段八小段,8.92,都市：其他:第二種住宅區,240,10,持分移轉,00080027
RPXPMLTKNHLGFAB09DA,信義段八小段,6.79,都市：其他:第二種住宅區,240,10,持分移轉,00080028
RPUPMLRJNHLGFBB58DA,北屯段,18.14,都市：其他:第二種住宅區,25300,1814,持分移轉,03350001
RPPPMLRJNHLGFBB08DA,北屯段,33.75,都市：其他:第二種住宅區,25300,3375,持分移轉,03350001
RPUPMLQJNHLGFCB58DA,東林段,745.07,都市：其他:農業區,1,1,全筆移轉,03710000
RPUPMLQJNHLGFCB58DA,東林段,440.19,都市：其他:農業區,1,1,全筆移轉,03730000
RPSNMLSJNHLGFHB88DA,新田段,3870.00,非都市：特定農業區 ; 非都市編定：農牧用地,1,1,全筆移轉,12100000
RPVNMLRKMHLGFFB88DA,市鎮南段,13.94,都市：其他:第四種商業區,100000,126,持分移轉,01330000
RPQNMLQLNHLGFGB58DA,新南段,154.62,非都市：鄉村區 ; 非都市編定：乙種建築用地,1,1,全筆移轉,13820000
RPRNMLMKLHLGFIB18DA,樟公段,133.12,非都市：山坡地保育區 ; 非都市編定：丙種建築用地,10000,50,持分移轉,01160000
RPRNMLMKLHLGFIB18DA,樟公段,5.46,非都市：山坡地保育區 ; 非都市編定：丙種建築用地,10000,50,持分移轉,01240000
RPQNMLLJMHLGFIB97DA,溪南西段,3448.00,非都市：特定農業區 ; 非都市編定：農牧用地,1,1,全筆移轉,23000000
RPWNMLLLNHLGFJB98DA,瑞欣段,100.00,都市：其他:乙種工業區,1,1,全筆移轉,02790000
RPPNMLMLNHLGFJB48EA,瑞欣段,99.00,都市：其他:乙種工業區,1,1,全筆移轉,02800000
RPPPMLLLNHLGFBB67DA,邱厝子段,77.50,都市：其他:第三種住宅區。,6,3,持分移轉,00740000
RPUOMLQKKIKGFBB18DA,乾溝子段,26.83,都市：其他:第三種住宅區。,10000,326,持分移轉,01460000
RPTNMLNJLHLGFHB28DA,甘潭段,5.75,都市：其他:第一之二種住宅區,10000,65,持分移轉,03690000
RPXUMLOJNHLGFCB56DA,大墩段,3.35,都市：其他:第二種住宅區,10000,46,持分移轉,04630004
RPXUMLOJNHLGFCB56DA,大墩段,4.98,都市：其他:第三種住宅區。,10000,46,持分移轉,04640000
RPPOMLMJKHLGFCB27DA,南屯段,332.93,都市：其他:第二種住宅區,10000,4925,持分移轉,13240000
RPROMLMJKHLGFCB47DA,中正段,24.08,都市：其他:第三種商業區,100000,948,持分移轉,01550001
RPTNMLOLKIKGFJB68DA,新興段,28.51,都市：其他:住宅區,100000,388,持分移轉,00660000
RPWNMLMJKHLGFDB97DA,豐原段,32.19,都市：其他:第三種住宅區。,60000,3330,持分移轉,03190012
RPWNMLMJKHLGFDB97DA,豐原段,42.00,都市：其他:第三種住宅區。,1,1,全筆移轉,03190246
RPWNMLMJKHLGFDB97DA,豐原段,29.00,都市：其他:第二種商業區,1,1,全筆移轉,03190263
RPWNMLRLLHLGFAB48DA,自由段五小段,18.00,都市：其他:第二種商業區,1,1,全筆移轉,00080004
RPWNMLRLLHLGFAB48DA,自由段五小段,8.00,都市：其他:第二種商業區,1,1,全筆移轉,00080008
RPWNMLRLLHLGFAB48DA,自由段五小段,48.00,都市：其他:第二種商業區,1,1,全筆移轉,00090000
RPQNMLNLMHLGFFB08DA,太平段,138.58,都市：其他:乙種工業區,1,1,全筆移轉,09380000
RPPOMLLMKIKGFHB97DA,永興段,66.27,都市：其他:第二種商業區,1,1,全筆移轉,03790000
RPQNMLNLJHLGFCB47DA,田心段,20.87,都市：其他:第四種商業區,100000,841,持分移轉,10320000
RPQNMLMLKIKGFCB47DA,上石碑段,5.72,都市：其他:第二種住宅區,10000,123,持分移轉,11840000
RPPNMLKMJHLGFFB47DA,鹿寮段,45.00,都市：其他:第四種住宅區,1,1,全筆移轉,11830008
RPQSMLRLMHLGFCB68DA,西屯段,6.47,都市：其他:第三種商業區,100000,232,持分移轉,24610000
RPWONLOJNHLGFCB58DA,中正段,43.10,都市：其他:第三種商業區,100000,881,持分移轉,02280000
RPTRMLNLLHLGFBB28DA,文正段,11.64,都市：其他:第一種商業區,1000000,9750,持分移轉,00980020
RPORMLSJNHLGFCB38DA,國安段,13.22,都市：其他:第六種住宅區,10000,25,持分移轉,05930489
RPPWMLMJMHLGFBB18DA,溝背段,25.86,都市：其他:第二之一種住宅區,100000,695,持分移轉,01430000
RPQQMLQLNHLGFJB56DA,新德隆段,93.37,非都市：鄉村區 ; 非都市編定：乙種建築用地,1,1,全筆移轉,10510002
RPPNMLSKNHLGFHB78EA,學雅段,72.08,都市：其他:第二種住宅區,1,1,全筆移轉,07100000
RPPNMLSKNHLGFHB78EA,學雅段,92.03,都市：其他:第二種住宅區,1,1,全筆移轉,07100001
RPPNMLPKNHLGFCB87DA,永春段,26.13,都市：其他:第一之一種住宅區,100000,919,持分移轉,01050000
RPPNMLPKNHLGFCB87DA,永春段,1.56,都市：其他:第一種住宅區,100000,52,持分移轉,01060004
RPUNMLQJNHLGFDB48DA,泰安段,33.02,非都市：鄉村區 ; 非都市編定：乙種建築用地,10000,554,持分移轉,10080000
RPVRMLLKLHLGFBB18DA,仁德段,41.80,都市：其他:道路用地,15,3,持分移轉,07360000
RPRNMLPKNHLGFCB08DA,永春段,26.01,都市：其他:第一之一種住宅區,100000,915,持分移轉,01050000
RPRNMLPKNHLGFCB08DA,永春段,1.53,都市：其他:第一種住宅區,100000,51,持分移轉,01060004
RPRNMLPKNHLGFHB58DA,僑興段,34.42,都市：其他:住宅區,10000,201,持分移轉,00200000
RPQNMLMLNHLGFCB77DA,順和段,99.02,都市：其他:第二種住宅區,1,1,全筆移轉,01890001
RPVOMLTLNHLGFCB09DA,建功段,9.75,都市：其他:第五種住宅區,100000,138,持分移轉,00310000
RPVOMLTLNHLGFCB09DA,建功段,.17,都市：其他:第五種住宅區,100000,14,持分移轉,00310001
RPQNMLLLNHLGFDB77DA,泰安段,24.14,非都市：鄉村區 ; 非都市編定：乙種建築用地,10000,405,持分移轉,10080000
RPTOMLTKNHLGFFB09DA,興安西段,4.46,都市：其他:第四種住宅區,100000,453,持分移轉,04290000
RPVNMLTJKHLGFIB09DA,向學段,23.20,都市：其他:住宅區,115524,2320,持分移轉,13870000
RPVNMLOLKHLGFCB18DA,西屯段,4.66,都市：其他:第二種住宅區,10000,54,持分移轉,15460000
RPROMLNJLHLGFCB67DA,豐功段,27.37,都市：其他:第三之一種住宅區,100000,661,持分移轉,00170000
RPWNMLNJLHLGFIB68DA,健民段,20.83,非都市：鄉村區 ; 非都市編定：乙種建築用地,1,1,全筆移轉,02490021
RPPPMLOLKHLGFBB67DA,榮德段,377.06,都市：其他:第一種住宅區,1,1,全筆移轉,03030000
RPPPMLOLKHLGFBB67DA,榮德段,377.06,都市：其他:第一種住宅區,1,1,全筆移轉,03030001
RPWQMLNJOHLGFBB58DA,松昌段,90.00,都市：其他:第二種住宅區,1,1,全筆移轉,00990049
RPOOMLLLJHLGFFB47DA,正英段,59.35,都市：其他:第二種住宅區,100000,2011,持分移轉,05130000
RPWNMLNJKHLGFJB68DA,七星段,122.16,非都市：鄉村區 ; 非都市編定：乙種建築用地,1,1,全筆移轉,05050000
RPWNMLNJKHLGFJB68DA,七星段,.51,非都市：鄉村區 ; 非都市編定：乙種建築用地,30,1,持分移轉,05140000
RPPNMLMJLHLGFAB07DA,頂橋子頭段,9.25,都市：其他:第二種住宅區,10000,500,持分移轉,01000007
RPPNMLMJLHLGFAB07DA,頂橋子頭段,19.45,都市：其他:第二種住宅區,10000,500,持分移轉,01000009
RPTNMLOJLHLGFFB18DA,南簡段,77.00,都市：其他:第四種住宅區,1,1,全筆移轉,06010017
RPUNMLMKLHLGFAB67DA,樹子腳段,11.87,都市：其他:第二種商業區,100000,156,持分移轉,12140000
RPQNMLKKKHLGFIB77DA,農試所段,72.38,非都市：特定農業區 ; 非都市編定：甲種建築用地,1,1,全筆移轉,10200000
RPRNMLQLJHLGFAB67DA,信義段六小段,13.90,都市：其他:第二種住宅區,10,1,持分移轉,00010003
RPRNMLQLJHLGFAB67DA,信義段六小段,8.90,都市：其他:第二種住宅區,10,1,持分移轉,00010008
RPRNMLQLJHLGFAB67DA,信義段六小段,2.00,都市：其他:第二種住宅區,10,1,持分移轉,00010014
RPRNMLQLJHLGFAB67DA,信義段六小段,9.20,都市：其他:第二種住宅區,10,1,持分移轉,00050049
RPOOMLMKLHLGFAB17DA,城隍段一小段,16.50,都市：其他:第二種住宅區,6,1,持分移轉,00040015
RPOOMLMKLHLGFAB17DA,城隍段一小段,14.33,都市：其他:第二種住宅區,6,1,持分移轉,00040029
RPRNMLOKNHLGFHB48DA,四德段,29.66,都市：其他:第二種住宅區,1000000,11369,持分移轉,01820000
RPQNMLQLJHLGFFB08DA,市鎮南段,12.52,都市：其他:第四種商業區,10000,25,持分移轉,00740000
RPRNMLRJLHLGFAB77DA,正義段二小段,48.00,都市：其他:第一種商業區,1,1,全筆移轉,00110006
RPRNMLRJLHLGFAB77DA,正義段二小段,3.00,都市：其他:第一種商業區,1,1,全筆移轉,00110007
RPRNMLLKLHLGFDB57DA,泰安段,333.25,非都市：鄉村區 ; 非都市編定：乙種建築用地,1,1,全筆移轉,06780000
RPSOMLOLKHLGFAB77DA,下橋子頭段,11.29,都市：其他:第三種住宅區。,10000,43,持分移轉,03410005
RPUOMLPKJHLGFCB08DA,大新段,26.11,都市：其他:第二種住宅區,10000,85,持分移轉,01870000
RPPQMLMJJHLGFBB27DA,仁美段,87.00,都市：其他:第二種住宅區,1,1,全筆移轉,01910000
RPOUMLNKLHLGFCB08DA,三塊厝段,52.00,都市：其他:第二種住宅區,1,1,全筆移轉,07020012
RPOUMLNKLHLGFCB08DA,三塊厝段,28.15,都市：其他:第二種住宅區,80,1,持分移轉,07020038
RPSNMLPLNHLGFJB98DA,愛平段,33.72,都市：其他:第一種住宅區,100000,1316,持分移轉,10500000
RPQNMLQJLHLGFEB97DA,欣洲段,601.26,非都市：特定農業區 ; 非都市編定：農牧用地,1,1,全筆移轉,01690000
RPRNMLKKLHLGFHB87DA,三和段,7.16,都市：其他:農業區,10000,161,持分移轉,02340001
RPRNMLKKLHLGFHB87DA,三和段,72.00,都市：其他:農業區,1,1,全筆移轉,02340087
RPVOMLMJKHLGFCB87DA,中仁段,150.00,都市：其他:乙種工業區,1,1,全筆移轉,00810000
RPXNMLQLJHLGFIB09DA,鳳凰段,31.54,非都市：工業區 ; 非都市編定：丁種建築用地,16,1,持分移轉,01680005
RPPNMLRKLHLGFCB97EA,惠國段,58.27,都市：其他:第三種新市政中心專用區,200000,3248,持分移轉,00680000
RPTNMLPLKHLGFJB78DA,樹孝段,.29,都市：其他:住宅區,39,1,持分移轉,09620000
RPTNMLPLKHLGFJB78DA,樹孝段,75.47,都市：其他:住宅區,1,1,全筆移轉,09800000
RPTNMLPLKHLGFJB78DA,樹孝段,25.01,都市：其他:住宅區,39,1,持分移轉,09840000
RPTNMLPLKHLGFJB78DA,樹孝段,.40,都市：其他:住宅區,39,1,持分移轉,10330000
RPTNMLPLKHLGFJB78DA,樹孝段,3.01,都市：其他:住宅區,39,1,持分移轉,10370000
RPUNMLRKLHLGFCB38DA,國安段,5.18,都市：其他:第一之一種住宅區,10000,53,持分移轉,01740002
RPQNMLLLJHLGFKB08DA,龍山段,126.59,都市：其他:第四種住宅區,1,1,全筆移轉,06370000
RPOPMLNJKIKGFCB37DA,惠信段,9.61,都市：其他:第二種住宅區,10000,13,持分移轉,01180000
RPQOMLOJKIKGFJB28DA,愛平段,22.85,都市：其他:第一種住宅區,10000,204,持分移轉,05470004
RPOOMLPJLHLGFBB47DA,錦村段,14.22,都市：其他:第二之一種商業區,100000,126,持分移轉,02430000
RPSNMLQKKIKGFBB87DA,太和段,27.47,都市：其他:第三種住宅區。,100000,786,持分移轉,02500000
RPSTNLTLKIKGFCB09DA,惠民段,15.21,都市：其他:第五種新市政中心專用區,100000,333,持分移轉,01390000
RPPNMLSKLHLGFKB88EA,追分段,1012.00,都市：其他:農業區,1,1,全筆移轉,00650001
RPORMLSLJHLGFCB18DA,惠國段,12.92,都市：其他:第六種新市政中心專用區,100000,452,持分移轉,01540000
RPTOMLPJKHLGFCB97DA,民安段,17.60,都市：其他:第三之一種住宅區,100000,566,持分移轉,15230000
RPSNMLNKKHLGFCB67DA,龍富段,272.28,都市：其他:第一之C種住宅區,1,1,全筆移轉,00960000
RPUOMLPJJHLGFCB97DA,永富段,196.84,都市：其他:第一之C種住宅區,2,1,持分移轉,04580000
RPUOMLPJJHLGFCB97DA,永富段,157.47,都市：其他:第一之B種住宅區,2,1,持分移轉,04590000
RPPNMLKLLHLGFAB07DA,旱溪段,117.00,都市：其他:第七種住宅區,1,1,全筆移轉,01790105
RPPNMLKLLHLGFAB07DA,旱溪段,6.00,都市：其他:第七種住宅區,1,1,全筆移轉,01791209
RPQOMLMLKIKGFBB47DA,中清段,34.67,都市：其他:第二種住宅區,3,1,持分移轉,03780000
RPPNMLNJKHLGFAB07DA,旱溪段,474.00,都市：其他:第三種住宅區。,1,1,全筆移轉,01970000
RPPNMLNJKHLGFAB07DA,旱溪段,2.00,都市：其他:第三種住宅區。,1,1,全筆移轉,01970002
RPPNMLNJKHLGFAB07DA,旱溪段,82.00,都市：其他:第三種住宅區。,1,1,全筆移轉,01970011
RPTOMLPJJHLGFCB87DA,永富段,196.84,都市：其他:第一之C種住宅區,2,1,持分移轉,04580000
RPTOMLPJJHLGFCB87DA,永富段,157.47,都市：其他:第一之B種住宅區,2,1,持分移轉,04590000
RPTPMLRLJHLGFBB28DA,陳平段,64.00,都市：其他:第三之二種住宅區,1,1,全筆移轉,18930013
RPTPMLRLJHLGFBB28DA,陳平段,23.00,都市：其他:第三之二種住宅區,11800,2300,持分移轉,18930064
RPQNMLKLLHLGFAB17DA,旱溪段,120.00,都市：其他:第七種住宅區,1,1,全筆移轉,01790704
RPQNMLKLLHLGFAB17DA,旱溪段,3.00,都市：其他:第七種住宅區,1,1,全筆移轉,01791208
RPVOMLLKKHLGFCB87DA,永富段,215.54,都市：其他:第一之C種住宅區,1,1,全筆移轉,04530000
RPVOMLLKKHLGFCB87DA,永富段,172.46,都市：其他:第一之B種住宅區,1,1,全筆移轉,04550000
RPVOMLLKKHLGFCB87DA,永富段,427.57,都市：其他:第一之B種住宅區,1,1,全筆移轉,04560000
RPVOMLLKKHLGFCB87DA,永富段,534.44,都市：其他:第一之C種住宅區,1,1,全筆移轉,04570000
RPTPMLOJLHLGFFB38DA,南簡段,80.00,都市：其他:第四種住宅區,1,1,全筆移轉,06010012
RPTOMLKLLHLGFFB08DA,東英段,72.78,都市：其他:第二種住宅區,1,1,全筆移轉,09990000
RPXNMLNLLHLGFDB48DA,豐洲北段,43.52,都市：其他:第二種住宅區,48,12,持分移轉,01000000
RPPOMLQKLHLGFEB08DA,安地段,18.92,非都市：鄉村區 ; 非都市編定：乙種建築用地,240,19,持分移轉,10710003
RPPOMLQKLHLGFEB08DA,安地段,.50,非都市：鄉村區 ; 非都市編定：乙種建築用地,10,1,持分移轉,10710004
RPPOMLQKLHLGFEB08DA,安地段,70.00,非都市：鄉村區 ; 非都市編定：乙種建築用地,1,1,全筆移轉,10710013
RPPOMLQKLHLGFEB08DA,安地段,10.90,非都市：鄉村區 ; 非都市編定：乙種建築用地,10,1,持分移轉,10710017
RPUNMLOLLHLGFCB18DA,上石碑段,39.18,都市：其他:第三之二種住宅區,100000,75,持分移轉,05410000
RPPNMLQKLHLGFCB77DA,新富段,339.33,都市：其他:第一之A種住宅區,1,1,全筆移轉,04520001
RPRNMLRKLHLGFCB08DA,惠順段,.14,都市：其他:第四之一種商業區,100000,3,持分移轉,00050000
RPVPMLPLKHLGFCB48DA,永春段,49.06,都市：其他:第一之一種住宅區,100000,723,持分移轉,00580000
RPWOMLKKLHLGFFB28DA,市鎮北段,12.72,都市：其他:第四種商業區,10000,46,持分移轉,03900000
RPVQMLRLLHLGFCB88DA,保安段,.11,都市：其他:學校用地,882,49,持分移轉,10170000
RPORMLRLLHLGFCB28DA,保安段,81.50,都市：其他:學校用地,2,1,持分移轉,10050002
RPTNMLRLLHLGFEB58DA,致用段,28.83,都市：其他:住宅區,100000,2455,持分移轉,01130000
RPXQMLRLLHLGFCB09DA,保安段,81.50,都市：其他:學校用地,2,1,持分移轉,10050002
RPRNMLNLLHLGFIB38DA,新仁段,74.00,都市：其他:住宅區,1,1,全筆移轉,04810000
RPPPMLQKLHLGFBB87DA,太和段,21.39,都市：其他:第三種住宅區。,100000,476,持分移轉,00460000
RPPOMLTKLHLGFIB78DA,新三和段,25.73,都市：其他:第二種住宅區,100000,186,持分移轉,00790000
RPRNMLRLLHLGFAB97DA,土庫段,18.51,都市：其他:第一種商業區,100000,673,持分移轉,01150010
RPQNMLTLLHLGFFB58DA,新站段,24.05,都市：其他:第四種住宅區,10000,120,持分移轉,00410000
RPPNMLKMLHLGFBB37EA,竹興段,32.04,都市：其他:第一之一種住宅區,10000,94,持分移轉,00110000
RPRNMLKMLHLGFAB37DA,大公段,18.03,都市：其他:第一種商業區,1,1,全筆移轉,01100000
RPSNMLTLJHLGFCB28DA,龍富段,575.31,都市：其他:第一之A種住宅區,1,1,全筆移轉,02720000
RPRNMLKMLHLGFAB37DA,大公段,92.22,都市：其他:第一種商業區,1,1,全筆移轉,01110000
RPXNMLSKLHLGFAB58DA,旱清段,115.39,都市：其他:第一之一種住宅區,1,1,全筆移轉,03630000
RPSTMLLKLHLGFBB08DA,平田段,27.32,都市：其他:第二種住宅區,10000,84,持分移轉,01510000
RPXNMLOLLHLGFJB56DA,內湖段,183.97,非都市：山坡地保育區 ; 非都市編定：丙種建築用地,1,1,全筆移轉,02130000
RPOOMLNKLHLGFAB27DA,東勢子段,18.77,都市：其他:第二種住宅區,10000,19,持分移轉,00110000
RPWONLMJLHLGFCB18DA,上石碑段,28.76,都市：其他:第三之二種住宅區,10000,336,持分移轉,21190000
RPOQMLRJMHLGFCB08DA,信安段,12.60,都市：其他:第一之一種住宅區,10000,32,持分移轉,08570002
RPSNMLTJMHLGFCB38DA,上石碑段,75.00,都市：其他:第二種住宅區,1,1,全筆移轉,23180000
RPRNMLQKLHLGFHB48DA,員寶段,15.07,都市：其他:農業區,10000,392,持分移轉,08240000
RPRNMLQKLHLGFHB48DA,員寶段,6.31,都市：其他:農業區,786960000,10716912,持分移轉,08440000
RPRNMLQKLHLGFHB48DA,員寶段,48.21,都市：其他:農業區,1,1,全筆移轉,08450000
RPOPMLQJLHLGFBB67DA,美和段,130.27,都市：其他:第一之一種住宅區,1,1,全筆移轉,05140007
RPXNMLPLLHLGFFB88DA,南勢段,164.11,都市：其他:第二種住宅區,1,1,全筆移轉,12520000
RPXNMLPLLHLGFFB88DA,南勢段,178.96,都市：其他:第二種住宅區,1,1,全筆移轉,12520002
RPXNMLPLLHLGFFB88DA,南勢段,177.18,都市：其他:第二種住宅區,1,1,全筆移轉,12520003
SPXNMLPLLHLGFFB98DA,南勢段,10.20,都市：其他:第二種住宅區,1,1,全筆移轉,12520001
SPXNMLPLLHLGFFB98DA,南勢段,5.10,都市：其他:第二種住宅區,1,1,全筆移轉,12530002
RPWNMLNJLHLGFHB58DA,學雅段,103.70,都市：其他:第二種住宅區,1,1,全筆移轉,05930000
RPSOMLTJMHLGFCB48DA,寶文段,2811.58,都市：其他:乙種工業區,1,1,全筆移轉,06120013
RPQNMLSKLHLGFCB08DA,龍富段,336.47,都市：其他:住宅區,1,1,全筆移轉,02720001
RPQOMLQLKHLGFDB08DA,口庄段,25.73,非都市：特定農業區 ; 非都市編定：甲種建築用地,25,1,持分移轉,02680000
RPQOMLQLKHLGFDB08DA,口庄段,61.21,非都市：特定農業區 ; 非都市編定：甲種建築用地,1,1,全筆移轉,02680014
RPROMLQLKHLGFDB18DA,口庄段,25.73,非都市：特定農業區 ; 非都市編定：甲種建築用地,25,1,持分移轉,02680000
RPROMLQLKHLGFDB18DA,口庄段,61.21,非都市：特定農業區 ; 非都市編定：甲種建築用地,1,1,全筆移轉,02680015
RPVOMLQLKHLGFDB58DA,口庄段,25.73,非都市：特定農業區 ; 非都市編定：甲種建築用地,25,1,持分移轉,02680000
RPVOMLQLKHLGFDB58DA,口庄段,86.31,非都市：特定農業區 ; 非都市編定：甲種建築用地,1,1,全筆移轉,02680003
RPXOMLQLKHLGFDB78DA,口庄段,25.73,非都市：特定農業區 ; 非都市編定：甲種建築用地,25,1,持分移轉,02680000
RPXOMLQLKHLGFDB78DA,口庄段,72.47,非都市：特定農業區 ; 非都市編定：甲種建築用地,1,1,全筆移轉,02680005
RPVNMLLJKIKGFDB77DA,聯合段,75.86,都市：其他:農業區,1,1,全筆移轉,09440000
RPVNMLLJKIKGFDB77DA,聯合段,255.26,都市：其他:斷層帶農業限建區,1,1,全筆移轉,09440001
RPPNMLKKMHLGFHB87EA,安和段,12.96,都市：其他:農業區,3,1,持分移轉,04270001
RPPNMLKKMHLGFHB87EA,安和段,33.19,都市：其他:農業區,3,1,持分移轉,04280000
RPPNMLKKMHLGFHB87EA,安和段,281.72,都市：其他:乙種工業區,3,1,持分移轉,04340000
RPOPMLQLKHLGFDB97DA,口庄段,25.73,非都市：特定農業區 ; 非都市編定：甲種建築用地,50,2,持分移轉,02680000
RPOPMLQLKHLGFDB97DA,口庄段,65.55,非都市：特定農業區 ; 非都市編定：甲種建築用地,1,1,全筆移轉,02680006
RPSQMLLMKIKGFCB97DA,大新段,29.70,都市：其他:第二種住宅區,10000,232,持分移轉,08630000
RPWNMLTLKIKGFIB76DA,大忠段,8.95,都市：其他:商業區,100000,292,持分移轉,00720000
RPPNMLSJJHLGFIB28DA,溪南東段,2291.00,非都市：特定農業區 ; 非都市編定：農牧用地,1,1,全筆移轉,08760000
RPQOMLLKMHLGFBB47DA,仁平段,22.08,都市：其他:第一之一種住宅區,100000,827,持分移轉,03580000
RPQOMLLKMHLGFBB47DA,平田段,10.66,都市：其他:第二種住宅區,100000,827,持分移轉,09530000
RPUNMLKKMHLGFKB58DA,福德段,254.05,都市：其他:乙種工業區,10000,1817,持分移轉,11430000
RPUNMLKKMHLGFKB58DA,福德段,255.85,都市：其他:乙種工業區,1,1,全筆移轉,11700000
RPUNMLKKMHLGFKB58DA,福德段,263.02,都市：其他:乙種工業區,1,1,全筆移轉,11710000
RPUNMLKKMHLGFKB58DA,福德段,370.65,都市：其他:乙種工業區,1,1,全筆移轉,11720000
RPUNMLKKMHLGFKB58DA,福德段,290.01,都市：其他:乙種工業區,1,1,全筆移轉,11730000
RPUNMLKKMHLGFKB58DA,福德段,299.12,都市：其他:乙種工業區,1,1,全筆移轉,11740000
RPPNMLRKMHLGFCB97DA,惠民段,19.04,都市：其他:第六種新市政中心專用區,100000,618,持分移轉,00110000
RPSNMLPLLHLGFKB88DA,福和北段,64.33,非都市：山坡地保育區 ; 非都市編定：丁種建築用地,100000,8400,持分移轉,00370000
RPSNMLPLLHLGFKB88DA,福和北段,225.51,非都市：山坡地保育區 ; 非都市編定：丁種建築用地,100000,8400,持分移轉,00380000
RPSNMLPLLHLGFKB88DA,福和北段,2185.33,非都市：山坡地保育區 ; 非都市編定：丁種建築用地,1,1,全筆移轉,00450000
RPSNMLPLLHLGFKB88DA,福和北段,525.03,非都市：山坡地保育區 ; 非都市編定：丁種建築用地,10000,3198,持分移轉,00450004
RPSNMLPLLHLGFKB88DA,福和北段,715.90,非都市：山坡地保育區 ; 非都市編定：丁種建築用地,1,1,全筆移轉,00450005
RPSNMLPLLHLGFKB88DA,福和北段,11.55,非都市：山坡地保育區 ; 非都市編定：丁種建築用地,140675,3660,持分移轉,00510000
RPSNMLPLLHLGFKB88DA,福和北段,8.80,非都市：山坡地保育區 ; 非都市編定：丁種建築用地,140675,3660,持分移轉,00520000
RPSNMLPLLHLGFKB88DA,福和北段,.99,非都市：山坡地保育區 ; 非都市編定：丁種建築用地,140675,3660,持分移轉,00530000
RPSNMLPLLHLGFKB88DA,福和北段,4.17,非都市：山坡地保育區 ; 非都市編定：丁種建築用地,140675,3660,持分移轉,01500000
RPSNMLPLLHLGFKB88DA,福和北段,1.61,非都市：山坡地保育區 ; 非都市編定：丁種建築用地,140675,3660,持分移轉,01510000
RPSNMLPLLHLGFKB88DA,福和北段,1.19,非都市：山坡地保育區 ; 非都市編定：丁種建築用地,140675,3660,持分移轉,01520000
RPSNMLPLLHLGFKB88DA,福和北段,1.15,非都市：山坡地保育區 ; 非都市編定：丁種建築用地,140675,3660,持分移轉,01530000
RPSNMLPLLHLGFKB88DA,福和北段,.67,非都市：山坡地保育區 ; 非都市編定：丁種建築用地,140675,3660,持分移轉,01540000
RPSNMLPLLHLGFKB88DA,福和北段,1.52,非都市：山坡地保育區 ; 非都市編定：丁種建築用地,281350,3660,持分移轉,01550000
RPSNMLPLLHLGFKB88DA,福和北段,1.87,非都市：山坡地保育區 ; 非都市編定：丁種建築用地,140675,3660,持分移轉,01570000
RPSNMLPLLHLGFKB88DA,福和北段,4.42,非都市：山坡地保育區 ; 非都市編定：丁種建築用地,140675,3660,持分移轉,01580000
RPSNMLPLLHLGFKB88DA,福和北段,5.40,非都市：山坡地保育區 ; 非都市編定：丁種建築用地,78600,1585,持分移轉,02140000
RPSNMLPLLHLGFKB88DA,福和北段,1.49,非都市：山坡地保育區 ; 非都市編定：丁種建築用地,3200,15,持分移轉,02150000
RPSNMLPLLHLGFKB88DA,福和北段,9.96,非都市：山坡地保育區 ; 非都市編定：丁種建築用地,78600,1586,持分移轉,02220000
RPSNMLPLLHLGFKB88DA,福和北段,10.12,非都市：山坡地保育區 ; 非都市編定：丁種建築用地,140675,3660,持分移轉,02230000
RPSNMLPLLHLGFKB88DA,福和北段,214.80,非都市：山坡地保育區 ; 非都市編定：丁種建築用地,140675,3660,持分移轉,02240000
RPSNMLPLLHLGFKB88DA,福和北段,1.80,都市：其他:農業區,140675,3660,持分移轉,03180000
RPSNMLPLLHLGFKB88DA,福和北段,2.68,都市：其他:農業區,140675,3660,持分移轉,03190000
RPSNMLPLLHLGFKB88DA,福和北段,9.36,都市：其他:農業區,140675,3660,持分移轉,03200000
RPSNMLPLLHLGFKB88DA,福和北段,4.88,都市：其他:農業區,18500,573,持分移轉,03220000
RPSNMLLLMHLGFDB87DA,合作段,65.55,都市：其他:第二種商業區,51,24,持分移轉,03430000
RPSNMLPLLHLGFKB88DA,福和北段,13.13,都市：其他:農業區,54260,1060,持分移轉,03390000
RPSNMLPLLHLGFKB88DA,福和北段,9.23,都市：其他:農業區,140675,3660,持分移轉,03500000
RPSNMLPLLHLGFKB88DA,福和北段,.58,都市：其他:農業區,140675,3660,持分移轉,03520000
RPSNMLPLLHLGFKB88DA,福和北段,2.64,都市：其他:農業區,140675,3660,持分移轉,03570000
RPSNMLPLLHLGFKB88DA,福和北段,42.23,都市：其他:農業區,140675,3660,持分移轉,04390000
RPPNMLMLMHLGFDB67DA,合作段,73.75,都市：其他:第二種商業區,51,27,持分移轉,03430000
RPXOMLOKMHLGFFB88DA,市鎮北段,15.55,都市：其他:第四種商業區,100000,266,持分移轉,00600000
RPSNMLMLMHLGFIB48DA,暗坑段,233.38,非都市：山坡地保育區 ; 非都市編定：特定目的事業用地,1,1,全筆移轉,00150001
RPWNMLMLMHLGFIB88DA,健民段,153.15,非都市：山坡地保育區 ; 非都市編定：特定目的事業用地,1,1,全筆移轉,08270004
RPQNMLTLMHLGFJB09DA,育賢段,14.09,都市：其他:住宅區,100000,164,持分移轉,02010008
RPSNMLQJLHLGFBB87DA,乾溝子段,41.49,都市：其他:第三之一種商業區,20000,130,持分移轉,01700000
RPPQMLOKMHLGFBB87DA,東山段,10.02,都市：其他:第二種住宅區,10000,155,持分移轉,03200000
RPQNMLNKJHLGFIB97DA,南勢西段,204.44,非都市：鄉村區 ; 非都市編定：乙種建築用地,1,1,全筆移轉,04870000
RPQNMLNKJHLGFIB97DA,南勢西段,44.90,非都市：鄉村區 ; 非都市編定：乙種建築用地,1,1,全筆移轉,04870001
RPQNMLNKJHLGFIB97DA,南勢西段,.18,非都市：鄉村區 ; 非都市編定：乙種建築用地,100000,5410,持分移轉,04870002
RPQNMLNKJHLGFIB97DA,南勢西段,.63,非都市：鄉村區 ; 非都市編定：乙種建築用地,100000,5410,持分移轉,04870003
RPQNMLNKJHLGFIB97DA,南勢西段,21.38,非都市：鄉村區 ; 非都市編定：乙種建築用地,1,1,全筆移轉,04870004
RPQNMLNKJHLGFIB97DA,南勢西段,20.90,非都市：鄉村區 ; 非都市編定：乙種建築用地,1,1,全筆移轉,04870005
RPQNMLNKJHLGFIB97DA,南勢西段,14.89,非都市：鄉村區 ; 非都市編定：乙種建築用地,100000,5410,持分移轉,04880000
RPQNMLNKJHLGFIB97DA,南勢西段,.05,非都市：鄉村區 ; 非都市編定：乙種建築用地,100000,5410,持分移轉,04880001
RPQNMLNKJHLGFIB97DA,南勢西段,2.34,非都市：鄉村區 ; 非都市編定：乙種建築用地,1,1,全筆移轉,04880002
RPQNMLNKJHLGFIB97DA,南勢西段,.58,非都市：鄉村區 ; 非都市編定：乙種建築用地,100000,5410,持分移轉,04880009
RPQNMLNKJHLGFIB97DA,南勢西段,4.57,非都市：鄉村區 ; 非都市編定：乙種建築用地,100000,5410,持分移轉,04900000
RPPQMLTLMHLGFCB58DA,建功段,14.70,都市：其他:第五種住宅區,100000,208,持分移轉,00310000
RPPQMLTLMHLGFCB58DA,建功段,.26,都市：其他:第五種住宅區,100000,21,持分移轉,00310001
RPSNMLPJNHLGFAB87DA,土庫段,18.09,都市：其他:第一種商業區,100000,658,持分移轉,01150010
RPQOMLKMMHLGFBB57DA,大富段,1668.04,都市：其他:特二種住宅區,1,1,全筆移轉,00960031
RPTPMLQKLHLGFCB38DA,大墩段,22.20,都市：其他:第二種住宅區,10000,763,持分移轉,00420000
RPQVMLOJNHLGFCB58DA,惠順段,23.49,都市：其他:第四之一種商業區,100000,667,持分移轉,01140000
RPOPMLSJNHLGFBB08DA,大觀段,379.50,都市：其他:農業區,11000,547,持分移轉,00540000
RPOPMLSJNHLGFBB08DA,大觀段,942.87,都市：其他:農業區,11,1,持分移轉,00550000
RPRNMLLLMHLGFIB28DA,樟公段,13.31,非都市：山坡地保育區 ; 非都市編定：丙種建築用地,10000,5,持分移轉,01160000
RPRNMLLLMHLGFIB28DA,樟公段,.55,非都市：山坡地保育區 ; 非都市編定：丙種建築用地,10000,5,持分移轉,01240000
RPQNMLNKNHLGFBB77EA,太順段,35.65,都市：其他:第二種住宅區,10000,77,持分移轉,01490000
RPTOMLSJNHLGFDB68DA,泰安段,33.20,非都市：鄉村區 ; 非都市編定：乙種建築用地,10000,557,持分移轉,10080000
RPRPMLLJMHLGFJB38DA,育賢段,18.90,都市：其他:住宅區,10000,22,持分移轉,02010000
RPXNMLTKNHLGFAB88DA,麻園頭段,78.67,都市：其他:第二種住宅區,3,2,持分移轉,02420000
RPPNMLLLNHLGFGB97DA,慶福段,7328.76,非都市：山坡地保育區 ; 非都市編定：農牧用地,1,1,全筆移轉,00370000
RPPNMLLLNHLGFGB97DA,慶福段,3000.00,非都市：山坡地保育區 ; 非都市編定：農牧用地,1,1,全筆移轉,00370001
RPRNMLRLNHLGFDB48DA,順濟段,36.92,都市：其他:第一之二種住宅區,2,1,持分移轉,04140003
RPROMLPJNHLGFBB97DA,乾溝子段,26.17,都市：其他:第三之一種商業區,10000,41,持分移轉,01700000
RPSPMLQLNHLGFBB48DA,邱厝子段,28.38,都市：其他:第二種住宅區,10000,141,持分移轉,00380070
RPVNMLSJNHLGFCB68DA,大墩段,17.75,都市：其他:第二種住宅區,100000,1181,持分移轉,04480000
RPPNMLMJOHLGFAB37DA,半平厝段,67.00,都市：其他:第二種住宅區,1,1,全筆移轉,12520019
RPTNMLMLNHLGFCB08DA,昌明段,64.67,都市：其他:第一之一種住宅區,1,1,全筆移轉,00940008
RPTNMLMLNHLGFCB08DA,昌明段,46.08,都市：其他:第一之一種住宅區,100000,5263,持分移轉,00940014
RPPNMLNJOHLGFDB77DA,一心段,101.91,都市：其他:第一之一種住宅區,1,1,全筆移轉,09710000
RPSNMLTKNHLGFGB98DA,玉高段,974.23,非都市：特定農業區 ; 非都市編定：農牧用地,1,1,全筆移轉,01820000
RPSNMLTKNHLGFGB98DA,玉高段,1831.18,非都市：特定農業區 ; 非都市編定：農牧用地,1,1,全筆移轉,01830000
RPVNMLOJOHLGFBB28DA,太順段,36.11,都市：其他:第二種住宅區,10000,78,持分移轉,01490000
RPQPMLMJKHLGFAB27DA,下橋子頭段,5.58,都市：其他:第一種商業區,1000000,2124,持分移轉,01340004
RPQPMLMJKHLGFAB27DA,下橋子頭段,4.59,都市：其他:第二種住宅區,1000000,2124,持分移轉,01360013
RPOOMLOJLHLGFJB18DA,三汴段,58.53,都市：其他:住宅區,1,1,全筆移轉,06210003
RPOOMLOJLHLGFJB18DA,三汴段,12.00,都市：其他:住宅區,1745,120,持分移轉,06210010
RPUQMLKKLHLGFCB97DA,三塊厝段,14.07,都市：其他:第二種住宅區,100000,93,持分移轉,05990000
RPRNMLPLKHLGFFB18DA,南簡段,73.00,都市：其他:第四種住宅區,1,1,全筆移轉,03370089
RPRNMLPLKHLGFFB18DA,南簡段,9.00,都市：其他:第四種住宅區,1,1,全筆移轉,03370120
RPQNMLTJLHLGFFB38DA,忠孝段,112.00,都市：其他:第四種住宅區,1,1,全筆移轉,01500002
RPQNMLTJLHLGFFB38DA,忠孝段,76.00,都市：其他:第四種住宅區,1,1,全筆移轉,01500014
RPROMLPJLHLGFBB77DA,南興段,27.66,都市：其他:第一之一種住宅區,100000,443,持分移轉,01210000
RPVNMLPJLHLGFFB48DA,鹿峰東段,5.08,都市：其他:第四種住宅區,100000,1601,持分移轉,15330000
RPVNMLPJLHLGFFB48DA,鹿峰東段,5.08,都市：其他:第四種住宅區,100000,1601,持分移轉,15340000
RPQOMLPJLHLGFFB08DA,明秀段,40.35,都市：其他:第二種住宅區,1,1,全筆移轉,04230000
RPQOMLPJLHLGFFB08DA,明秀段,25.44,都市：其他:第二種住宅區,19,1,持分移轉,04410000
RPQNMLKKLHLGFHB77DA,家興段,93.03,都市：其他:第一之一種住宅區,1,1,全筆移轉,03910000
RPQNMLKKLHLGFHB77DA,家興段,9.45,都市：其他:第一之一種住宅區,1,1,全筆移轉,03910001
RPQNMLKKLHLGFHB77DA,家興段,13.20,都市：其他:第一之一種住宅區,1,1,全筆移轉,03920000
RPOOMLMJLHLGFIB87DA,益民段,35.52,都市：其他:住宅區,2000,50,持分移轉,12800000
RPQNMLNJLHLGFIB08DA,大衛段,23.40,都市：其他:商業區,100000,320,持分移轉,05990000
RPTRMLNKMHLGFCB38DA,廣福段,29.17,都市：其他:農業區,100000,1074,持分移轉,03360000
RPQNMLRKLHLGFCB97DA,惠順段,31.00,都市：其他:第四之一種商業區,100000,671,持分移轉,00050000
RPQPMLOJKHLGFBB57DA,仁平段,38.34,都市：其他:第一之一種住宅區,10000,92,持分移轉,01320000
RPQOMLRLLHLGFCB18DA,惠民段,21.05,都市：其他:第六種新市政中心專用區,100000,286,持分移轉,00120000
RPXOMLSLMHLGFCB09DA,福德段,29.10,都市：其他:第二種住宅區,100000,1050,持分移轉,01110000
RPTOMLLKLHLGFFB08DA,市鎮南段,10.06,都市：其他:第四種商業區,100000,141,持分移轉,01330001
RPWPMLTJKIKGFFB09DA,保寧段,25.31,都市：其他:第四種住宅區,10000,102,持分移轉,04020000
RPWPMLTJKIKGFFB09DA,保寧段,6.11,都市：其他:綠地用地,10000,102,持分移轉,04270000
RPWPMLTJKIKGFFB09DA,保寧段,2.07,都市：其他:鐵路用地,10000,102,持分移轉,04280000
RPWPMLTJKIKGFFB09DA,保寧段,1.07,都市：其他:第四種住宅區,10000,102,持分移轉,04380000
RPUOMLPKJHLGFAB87DA,半平厝段,26.04,都市：其他:第二種住宅區,10000,525,持分移轉,08050000
RPSNMLTKJIKGFAB97DA,後壠子段,59.00,都市：其他:第二種住宅區,1,1,全筆移轉,02680136
RPSNMLTKJIKGFAB97DA,後壠子段,4.00,都市：其他:第二種住宅區,1,1,全筆移轉,02680214
RPSNMLTKJIKGFAB97DA,後壠子段,3.00,都市：其他:第二種住宅區,1,1,全筆移轉,02680273
RPWNMLRKKIKGFDB58DA,大豐段,7.22,都市：其他:第一之二種住宅區,1,1,全筆移轉,02540000
RPWNMLRKKIKGFDB58DA,大豐段,6.70,都市：其他:第一之二種住宅區,1,1,全筆移轉,02560000
RPWNMLRKKIKGFDB58DA,大豐段,4.80,都市：其他:第一之二種住宅區,1,1,全筆移轉,02580000
RPWNMLRKKIKGFDB58DA,大豐段,15.50,都市：其他:道路用地,1,1,全筆移轉,02710000
RPWNMLRKKIKGFDB58DA,大豐段,249.87,都市：其他:第一之二種住宅區,1,1,全筆移轉,02720000
RPWNMLRKKIKGFDB58DA,大豐段,18.86,都市：其他:道路用地,1,1,全筆移轉,02720001
RPWNMLRKKIKGFDB58DA,大豐段,548.36,都市：其他:第一之二種住宅區,1,1,全筆移轉,02740000
RPRNMLNJKHLGFKB28DA,中蔗段,190.32,非都市：鄉村區 ; 非都市編定：乙種建築用地,1,1,全筆移轉,09920000
RPSOMLPLJIKGFDB08DA,豐原段,89.00,都市：其他:第三種住宅區。,1,1,全筆移轉,02770006
RPSOMLPLJIKGFDB08DA,豐原段,152.00,都市：其他:第三種住宅區。,1,1,全筆移轉,02770007
RPSOMLPLJIKGFDB08DA,豐原段,122.00,都市：其他:第三種住宅區。,1,1,全筆移轉,02770021
RPSOMLPLJIKGFDB08DA,豐原段,37.00,都市：其他:第三種住宅區。,1,1,全筆移轉,02770022
RPSOMLPLJIKGFDB08DA,豐原段,130.00,都市：其他:第三種住宅區。,1,1,全筆移轉,02770023
RPROMLRJMHLGFCB18DA,福德段,33.23,都市：其他:第二種住宅區,100000,1199,持分移轉,01110000
RPUUNLPJLHLGFCB88DA,永新段,3541.30,都市：其他:第一之一種住宅區,1,1,全筆移轉,00110000
RPUOMLNKNHLGFCB28DA,建功段,9.68,都市：其他:第五種住宅區,100000,137,持分移轉,00310000
RPUOMLNKNHLGFCB28DA,建功段,.17,都市：其他:第五種住宅區,100000,14,持分移轉,00310001
RPPNMLNKLHLGFCB47DA,生態段,511.33,都市：其他:第二種生態住宅專用區,1,1,全筆移轉,00150000
RPTNMLQKLHLGFKB98DA,田水段,2500.00,都市：其他:農業區,1,1,全筆移轉,10180000
RPSOMLQKLHLGFBB08DA,溝背段,1526.78,都市：其他:特定商業區,1,1,全筆移轉,00080000
RPWPMLKKKHLGFBB87DA,碧柳段,21.22,都市：其他:第二之一種住宅區,100000,292,持分移轉,00780000
RPPNMLNKLHLGFBB37DA,陳平段,218.00,都市：其他:第二種住宅區,1,1,全筆移轉,00580000
RPSNMLPJLHLGFCB87DA,三塊厝段,8.91,都市：其他:市場用地,100000,386,持分移轉,09940000
RPWUMLKMLHLGFCB78DA,豐樂段,90.00,都市：其他:第二種住宅區,1,1,全筆移轉,05330000
RPWUMLKMLHLGFCB78DA,豐樂段,32.00,都市：其他:第二種住宅區,1,1,全筆移轉,12320000
RPPNMLQKLHLGFDB87DA,南嵩段,26.20,都市：其他:第一之二種住宅區,14,1,持分移轉,05530000
RPPNMLQKLHLGFDB87DA,南嵩段,59.04,都市：其他:第一之二種住宅區,1,1,全筆移轉,05530033
RPPNMLQKLHLGFDB87DA,南嵩段,1.19,都市：其他:第一之二種住宅區,25,1,持分移轉,05530044
RPPNMLQKLHLGFDB87DA,南嵩段,.47,都市：其他:第一之二種住宅區,25,1,持分移轉,05530045
RPPNMLQKLHLGFDB87DA,南嵩段,.50,都市：其他:第一之二種住宅區,25,1,持分移轉,05530046
RPXNMLRLLHLGFIB76DA,大忠段,390.92,都市：其他:商業區,1,1,全筆移轉,01040000
RPPOMLMJLHLGFIB97DA,北新段,41.64,都市：其他:住宅區,1000000,9724,持分移轉,02660000
RPUOMLQLKHLGFDB48DA,口庄段,25.73,非都市：特定農業區 ; 非都市編定：甲種建築用地,25,1,持分移轉,02680000
RPUOMLQLKHLGFDB48DA,口庄段,84.42,非都市：特定農業區 ; 非都市編定：甲種建築用地,1,1,全筆移轉,02680002
RPVOMLKMJHLGFAB67DA,頂橋子頭段,22.85,都市：其他:第二種住宅區,1000,197,持分移轉,02450011
RPVOMLKMJHLGFAB67DA,頂橋子頭段,4.53,都市：其他:第二種住宅區,1000,197,持分移轉,02450012
RPWPMLRKLHLGFBB68DA,崇德段,14.43,都市：其他:第二種商業區,10000,70,持分移轉,03790000
RPUOMLOJLHLGFFB38DA,興安西段,16.69,都市：其他:第二種商業區,10000,43,持分移轉,00070000
RPPNMLMJLHLGFDB37DA,口庄段,25.73,非都市：特定農業區 ; 非都市編定：甲種建築用地,25,1,持分移轉,02680000
RPPNMLMJLHLGFDB37DA,口庄段,61.21,非都市：特定農業區 ; 非都市編定：甲種建築用地,1,1,全筆移轉,02680012
RPTNMLQKMHLGFDB38DA,庄前段,1065.64,非都市：特定農業區 ; 非都市編定：農牧用地,1,1,全筆移轉,09820000
RPSNMLQKMHLGFDB28DA,庄前段,1067.59,非都市：特定農業區 ; 非都市編定：農牧用地,1,1,全筆移轉,09830000
RPQNMLMLMHLGFHB18DA,興龍段,331.04,非都市：山坡地保育區 ; 非都市編定：特定目的事業用地,1,1,全筆移轉,04950001
RPPNMLLJMHLGFHB77DA,四德段,15.00,都市：其他:第二種住宅區,1,1,全筆移轉,03020006
RPPNMLLJMHLGFHB77DA,四德段,8.00,都市：其他:第二種住宅區,1,1,全筆移轉,03020007
RPPNMLLJMHLGFHB77DA,四德段,32.00,都市：其他:第二種住宅區,1,1,全筆移轉,03030004
RPPNMLLJMHLGFHB77DA,四德段,19.00,都市：其他:第二種住宅區,1,1,全筆移轉,03030005
RPPNMLLJMHLGFHB77DA,四德段,60.00,都市：其他:第二種住宅區,1,1,全筆移轉,03040004
RPPNMLLJMHLGFHB77DA,四德段,126.00,都市：其他:第二種住宅區,1,1,全筆移轉,03040005
RPPNMLLJMHLGFHB77DA,四德段,62.00,都市：其他:第二種住宅區,1,1,全筆移轉,03050004
RPPNMLLJMHLGFHB77DA,四德段,116.00,都市：其他:第二種住宅區,1,1,全筆移轉,03050005
RPXNMLSKJIKGFFB88DA,中清段,24.71,都市：其他:農業區,120,2,持分移轉,07190000
RPXNMLSKJIKGFFB88DA,中清段,3.60,都市：其他:農業區,120,2,持分移轉,07190003
RPXNMLSKJIKGFFB88DA,中清段,5.32,都市：其他:農業區,120,2,持分移轉,07190009
RPXNMLSKJIKGFFB88DA,中清段,6.42,都市：其他:農業區,120,2,持分移轉,07190014
RPXNMLSKJIKGFFB88DA,中清段,.50,都市：其他:農業區,120,2,持分移轉,07190015
RPXNMLSKJIKGFFB88DA,中清段,27.79,都市：其他:農業區,120,2,持分移轉,07190016
RPXNMLSKJIKGFFB88DA,中清段,.53,都市：其他:農業區,120,2,持分移轉,07190017
RPXNMLSKJIKGFFB88DA,中清段,68.52,都市：其他:農業區,120,2,持分移轉,07190032
RPPOMLQJKHLGFAB47DA,後壠子段,22.16,都市：其他:第二種住宅區,58200,2216,持分移轉,01310080
RPPNMLLKNHLGFBB47EA,松昌段,88.00,都市：其他:第二種住宅區,1,1,全筆移轉,03550000
RPSPMLMJMHLGFBB77DA,溝背段,146.38,都市：其他:第二之一種住宅區,100000,3934,持分移轉,01430000
RPWNMLTJMHLGFHB66DA,上楓段,189.00,都市：其他:農業區,1,1,全筆移轉,02030002
SPWNMLTJMHLGFHB76DA,上楓段,750.00,都市：其他:農業區,1,1,全筆移轉,02020000
RPRNMLOJNHLGFEB08DA,大東段,470.76,非都市：鄉村區 ; 非都市編定：丁種建築用地,1,1,全筆移轉,05430000
RPRNMLOJNHLGFEB08DA,大東段,280.93,非都市：鄉村區 ; 非都市編定：乙種建築用地,1,1,全筆移轉,05440000
RPSNMLOJNHLGFEB18DA,大東段,2782.34,非都市：一般農業區 ; 非都市編定：丁種建築用地,1,1,全筆移轉,06060000
RPSNMLOJNHLGFEB18DA,大東段,650.10,非都市：一般農業區 ; 非都市編定：國土保安用地,1,1,全筆移轉,06060001
RPOOMLQKIIKGFCB47DA,大新段,7.70,都市：其他:第二之一種商業區,10000,208,持分移轉,04500000
RPSRMLOKIIKGFCB97DA,新富段,16.21,都市：其他:第一之C種住宅區,100000,655,持分移轉,00030000
RPOOMLQKIIKGFCB47DA,大新段,14.73,都市：其他:第二之一種商業區,10000,208,持分移轉,04550000
RPSRMLOKIIKGFCB97DA,新富段,30.40,都市：其他:第一之B種住宅區,100000,655,持分移轉,00610000
RPRNMLRJNHLGFEB38DA,大東段,1670.61,非都市：一般農業區 ; 非都市編定：丁種建築用地,4,1,持分移轉,06050000
RPRNMLRJNHLGFEB38DA,大東段,481.08,非都市：一般農業區 ; 非都市編定：國土保安用地,4,1,持分移轉,06050001
RPSPMLSLMHLGFCB68DA,福德段,32.23,都市：其他:第二種住宅區,100000,1163,持分移轉,01110000
RPQNMLRJNHLGFEB28DA,大東段,5011.82,非都市：一般農業區 ; 非都市編定：丁種建築用地,4,3,持分移轉,06050000
RPQNMLRJNHLGFEB28DA,大東段,1443.25,非都市：一般農業區 ; 非都市編定：國土保安用地,4,3,持分移轉,06050001
RPTNMLOJNHLGFEB28DA,大東段,7008.31,非都市：一般農業區 ; 非都市編定：丁種建築用地,1,1,全筆移轉,06070000
RPTNMLOJNHLGFEB28DA,大東段,722.74,非都市：一般農業區 ; 非都市編定：國土保安用地,1,1,全筆移轉,06070001
RPTNMLOJNHLGFEB28DA,大東段,346.20,非都市：一般農業區 ; 非都市編定：國土保安用地,1,1,全筆移轉,06070002
RPQNMLMJKHLGFDB37DA,舊社新段,496.00,非都市：特定農業區 ; 非都市編定：丁種建築用地,1,1,全筆移轉,00350000
RPQNMLMJKHLGFDB37DA,舊社新段,69.37,非都市：特定農業區 ; 非都市編定：水利用地,1,1,全筆移轉,00580000
RPPNMLSKLHLGFAB77DA,光明段一小段,7.77,都市：其他:第二種商業區,10000,52,持分移轉,00030000
RPVNMLQJKHLGFHB68DA,上楓段,158.00,都市：其他:農業區,1,1,全筆移轉,02200002
RPVNMLQJKHLGFHB68DA,上楓段,834.00,都市：其他:農業區,1,1,全筆移轉,02230000
RPVNMLQJKHLGFHB68DA,上楓段,458.00,都市：其他:農業區,1,1,全筆移轉,02260000
RPRNMLNLNHLGFAB77DA,大公段,134.10,都市：其他:第一種商業區,1,1,全筆移轉,00360000
RPRNMLNLNHLGFAB77DA,大公段,306.54,都市：其他:第一種商業區,1,1,全筆移轉,00370000
RPRTMLRKLHLGFIB66DA,光日段,18.92,都市：其他:第四種住宅區,100000,800,持分移轉,01500000
RPQNMLNLNHLGFAB67DA,大公段,64.88,都市：其他:第一種商業區,1,1,全筆移轉,00350000
RPQNMLNLNHLGFAB67DA,大公段,387.63,都市：其他:第一種商業區,1,1,全筆移轉,00380000
RPQQMLNJLHLGFCB77DA,惠義段,28.52,都市：其他:第三種住宅區。,100000,1412,持分移轉,01270000
RPRQNLNJLHLGFBB87DA,松竹段,18.93,都市：其他:第一種商業區,100000,1753,持分移轉,06100000
RPPPMLRLNHLGFBB28DA,松觀段,230.00,都市：其他:第二種住宅區,1,1,全筆移轉,09860018
RPPNMLOKMHLGFDB77DA,合作段,135.84,都市：其他:第二種商業區,1,1,全筆移轉,03450000
RPPNMLOKMHLGFDB77DA,合作段,4.37,都市：其他:第二種商業區,1,1,全筆移轉,03480000
RPPNMLOKMHLGFDB77DA,合作段,564.66,都市：其他:第二種住宅區,1,1,全筆移轉,03490000
RPPNMLOKMHLGFDB77DA,合作段,124.25,都市：其他:鐵路用地兼作園道使用,1,1,全筆移轉,03500000
RPPNMLOKMHLGFDB77DA,合作段,12.95,都市：其他:鐵路用地,1,1,全筆移轉,03500001
RPVOMLPLKHLGFFB68DA,市鎮南段,13.02,都市：其他:第四種商業區,10000,26,持分移轉,00740000
RPPPMLKLMHLGFCB57DA,大明段,24.60,都市：其他:第二種住宅區,50,1,持分移轉,00520000
RPRNMLNLMHLGFHB38DA,四德段,10.41,都市：其他:第二種住宅區,100000,652,持分移轉,01690000
RPRNMLNLMHLGFHB38DA,四德段,10.86,都市：其他:第二種住宅區,100000,652,持分移轉,01740000
RPPOMLLJOHLGFAB37DA,旱溪段,69.00,都市：其他:第七種住宅區,1,1,全筆移轉,01760068
RPPOMLLJOHLGFAB37DA,旱溪段,88.00,都市：其他:道路用地,1,1,全筆移轉,01760073
RPPOMLLJOHLGFAB37DA,旱溪段,161.00,都市：其他:道路用地,1,1,全筆移轉,01760093
RPPOMLLJOHLGFAB37DA,旱溪段,6.00,都市：其他:道路用地,1,1,全筆移轉,01760094
RPPOMLLJOHLGFAB37DA,旱溪段,307.00,都市：其他:第七種住宅區,1,1,全筆移轉,01790666
RPQOMLOJLHLGFHB18DA,僑興段,31.50,都市：其他:住宅區,10000,184,持分移轉,00200000
RPPOMLOJLHLGFFB87DA,東英段,126.78,都市：其他:第二種住宅區,1,1,全筆移轉,11170000
RPWNMLTJKHLGFDB68DA,瓦磘腳段,132.32,都市：其他:農業區,1,1,全筆移轉,09660000
RPWNMLTJKHLGFDB68DA,瓦磘腳段,35.53,都市：其他:農業區,1,1,全筆移轉,09670000
RPWNMLTJKHLGFDB68DA,瓦磘腳段,95.66,都市：其他:農業區,1,1,全筆移轉,09680000
RPWNMLTJKHLGFDB68DA,瓦磘腳段,29.90,都市：其他:農業區,1,1,全筆移轉,09690000
RPSOMLPKJHLGFJB58DA,平欣段,82.00,都市：其他:商業區,1,1,全筆移轉,07320016
RPTNMLRLJHLGFDB28DA,三陽段,114.25,都市：其他:第三種住宅區。,1,1,全筆移轉,01010000
RPTNMLRLJHLGFDB28DA,三陽段,114.74,都市：其他:第三種住宅區。,1,1,全筆移轉,01020000
RPQNMLNLKHLGFBB47DA,同榮段,97.60,都市：其他:第二種住宅區,1,1,全筆移轉,27100001
RPPNMLSJLHLGFIB48DA,新長壽段,33.66,都市：其他:第二種住宅區,100000,430,持分移轉,00650000
RPVNMLMJLHLGFGB28DA,環山段,4660.00,非都市：山坡地保育區 ; 非都市編定：農牧用地,1,1,全筆移轉,11220006
RPUPMLQKLHLGFCB48DA,永定段,51.03,都市：其他:第二種住宅區,300000,82756,持分移轉,02920000
RPPNMLOLLHLGFGB18EA,崁子下段,.43,非都市：特定農業區 ; 非都市編定：農牧用地,18,2,持分移轉,13270000
RPTOMLNKLHLGFDB08DA,鐮村段,75.43,非都市：鄉村區 ; 非都市編定：乙種建築用地,1,1,全筆移轉,09100061
RPRNMLSJMHLGFDB28DA,中和東段,71.26,都市：其他:道路用地,1,1,全筆移轉,02880000
RPQQMLNLKHLGFIB48DA,仁美段,5.82,都市：其他:住宅區,100000,1508,持分移轉,12130000
RPQQMLNLKHLGFIB48DA,仁美段,23.85,非都市：一般農業區 ; 非都市編定：甲種建築用地,100000,2238,持分移轉,13360000
RPWNMLRJMHLGFFB88DA,中興段,8.88,都市：其他:第四種住宅區,13500,4794,持分移轉,05170000
RPWNMLRJMHLGFFB88DA,中興段,7.10,都市：其他:第四種住宅區,13500,4794,持分移轉,05210000
RPPNMLKLLHLGFHB77DA,永和段,145.30,都市：其他:農業區,1,1,全筆移轉,13040000
RPPNMLKLLHLGFHB77DA,永和段,867.27,都市：其他:農業區,1,1,全筆移轉,13070000
RPPNMLKLLHLGFHB77DA,永和段,710.42,都市：其他:農業區,1,1,全筆移轉,13100000
RPPNMLKLLHLGFHB77DA,自立段,497.83,都市：其他:農業區,1,1,全筆移轉,29340002
RPPNMLKLLHLGFHB77DA,自立段,16.21,都市：其他:農業區,1,1,全筆移轉,29340003
RPPNMLKLLHLGFHB77DA,自立段,815.24,都市：其他:農業區,1,1,全筆移轉,29350005
RPPNMLKLLHLGFHB77DA,自立段,88.18,都市：其他:農業區,1,1,全筆移轉,29350006
RPPNMLKLLHLGFHB77DA,自立段,1103.14,都市：其他:農業區,1,1,全筆移轉,29360005
RPPNMLKLLHLGFHB77DA,自立段,240.45,都市：其他:農業區,1,1,全筆移轉,29360006
RPRNMLMJKIKGFEB57DA,下鐵山段,1.60,非都市：鄉村區 ; 非都市編定：乙種建築用地,10000,96,持分移轉,08170008
RPRNMLMJKIKGFEB57DA,下鐵山段,6.23,非都市：鄉村區 ; 非都市編定：乙種建築用地,1,1,全筆移轉,08170014
RPRNMLMJKIKGFEB57DA,下鐵山段,140.05,非都市：鄉村區 ; 非都市編定：乙種建築用地,1,1,全筆移轉,08170020
RPTUMLTJLHLGFCB09DA,寶文段,30.91,都市：其他:第二種住宅區,100000,660,持分移轉,00350002
RPQNMLTKLHLGFIB78DA,新長壽段,26.60,都市：其他:第二種住宅區,10000,67,持分移轉,00170000
RPPNMLQLLHLGFIB48DA,涼傘樹段,96.67,非都市：特定農業區 ; 非都市編定：甲種建築用地,3,1,持分移轉,08960000
RPVQMLLKLHLGFBB08DA,陳平段,.35,都市：其他:第二種住宅區,10000,11,持分移轉,18030057
RPVQMLLKLHLGFBB08DA,陳平段,103.00,都市：其他:第二種住宅區,1,1,全筆移轉,18050076
RPVQMLLKLHLGFBB08DA,陳平段,19.88,都市：其他:第二種住宅區,8,1,持分移轉,18050090
RPVQMLLKLHLGFBB08DA,陳平段,.69,都市：其他:第二種住宅區,10000,11,持分移轉,18050099
RPPNMLPKMHLGFKB58DA,龍社段,1.00,都市：其他:第二種住宅區,30094,100,持分移轉,13060000
RPPNMLPKMHLGFKB58DA,龍社段,85.03,都市：其他:第二種住宅區,1,1,全筆移轉,13070000
RPQOMLTJLHLGFBB08DA,平田段,8.67,都市：其他:第三種住宅區。,30000,40,持分移轉,08810000
RPQNMLKMLHLGFFB77DA,市鎮南段,13.06,都市：其他:第四種商業區,100000,118,持分移轉,01330000
RPQNMLLLMHLGFGB97DA,慶東段,5373.69,非都市：山坡地保育區 ; 非都市編定：農牧用地,1,1,全筆移轉,05490000
RPOTMLSJJHLGFBB08DA,太原段,17.04,都市：其他:第三種住宅區。,100000,86,持分移轉,01400001
RPQOMLOKNHLGFAB77DA,半平厝段,279.00,都市：其他:第二種住宅區,1,1,全筆移轉,13700001
RPUNMLQLKIKGFIB88DA,南勢西段,86.02,非都市：特定農業區 ; 非都市編定：農牧用地,1,1,全筆移轉,04860000
RPVNMLLKLHLGFFB18DA,市鎮南段,11.43,都市：其他:第四種商業區,100000,51,持分移轉,00970000
RPRNMLSLNHLGFGB88DA,伯公段,2755.38,非都市：山坡地保育區 ; 非都市編定：農牧用地,1,1,全筆移轉,13400003
RPSNMLQKLHLGFFB38DA,平等段,163.83,都市：其他:第二種住宅區,1,1,全筆移轉,03970003
RPXOMLNJLHLGFAB08DA,後壠子段,34.91,都市：其他:第二之一種商業區,100000,480,持分移轉,02390000
RPTNMLTJLHLGFCB38DA,惠安段,23.02,都市：其他:第二種住宅區,10000,486,持分移轉,01210004
RPTNMLTJLHLGFCB38DA,惠安段,74.63,都市：其他:第二種住宅區,1,1,全筆移轉,01210016
RPUPMLPKKIKGFCB28DA,樂田段,369.94,都市：其他:第一之三種住宅區,1,1,全筆移轉,00890000
RPUOMLMKLHLGFCB97DA,楓樹段,93.00,都市：其他:第二之二種住宅區,1,1,全筆移轉,10920002
RPVNMLSKLHLGFBB48DA,陳平段,29.12,都市：其他:第二種住宅區,8,1,持分移轉,07300055
RPVNMLSKLHLGFBB48DA,陳平段,4.38,都市：其他:第二種住宅區,8,1,持分移轉,07300061
RPPOMLTJKHLGFIB58DA,育德段,21.04,都市：其他:住宅區,10000,85,持分移轉,02340000
RPRQMLRJNHLGFBB38DA,松昌段,54.95,都市：其他:第一種商業區,20000,514,持分移轉,06650000
RPRQMLRJNHLGFBB38DA,松昌段,6.58,都市：其他:第一種商業區,20000,548,持分移轉,06650001
RPQPMLMKLHLGFFB97DA,福田段,28.25,都市：其他:第四種住宅區,100000,1599,持分移轉,09620000
RPQPMLMKLHLGFFB97DA,福田段,.43,都市：其他:第四種住宅區,100000,1599,持分移轉,09620001
RPOOMLQKLHLGFEB97DA,安地段,18.92,非都市：鄉村區 ; 非都市編定：乙種建築用地,240,19,持分移轉,10710003
RPOOMLQKLHLGFEB97DA,安地段,.50,非都市：鄉村區 ; 非都市編定：乙種建築用地,10,1,持分移轉,10710004
RPOOMLQKLHLGFEB97DA,安地段,71.00,非都市：鄉村區 ; 非都市編定：乙種建築用地,1,1,全筆移轉,10710012
RPOOMLQKLHLGFEB97DA,安地段,10.90,非都市：鄉村區 ; 非都市編定：乙種建築用地,10,1,持分移轉,10710017
RPQNMLQJLHLGFBB67DA,北屯段,1.57,都市：其他:第二種住宅區,7,1,持分移轉,02980174
RPQNMLQJLHLGFBB67DA,北屯段,19.29,都市：其他:第二種住宅區,7,1,持分移轉,02980214
RPTQMLLJMHLGFBB87DA,錦村段,112.00,都市：其他:第二種住宅區,1,1,全筆移轉,02870109
RPUNMLLMLHLGFFB28DA,和平段,2341.00,都市：其他:農業區,1,1,全筆移轉,08100000
RPUNMLLMLHLGFFB28DA,和平段,19.00,都市：其他:農業區,1,1,全筆移轉,08100001
RPUNMLLMLHLGFFB28DA,和平段,2.00,都市：其他:農業區,1,1,全筆移轉,08100002
RPUNMLLMLHLGFFB28DA,和平段,980.00,都市：其他:農業區,1,1,全筆移轉,08530000
RPUNMLLMLHLGFFB28DA,和平段,1920.00,都市：其他:農業區,1,1,全筆移轉,08560000
RPUNMLLMLHLGFFB28DA,和平段,1495.00,都市：其他:農業區,1,1,全筆移轉,09330000
RPUQNLNJLHLGFBB18DA,美和段,125.42,都市：其他:第一之一種住宅區,1,1,全筆移轉,05140006
RPWNMLLMLHLGFFB48DA,和平段,40.00,都市：其他:農業區,1,1,全筆移轉,08090000
RPWNMLLMLHLGFFB48DA,和平段,291.00,都市：其他:農業區,1,1,全筆移轉,08110000
RPWNMLLMLHLGFFB48DA,和平段,37.00,都市：其他:農業區,1,1,全筆移轉,08110001
RPWNMLLMLHLGFFB48DA,和平段,28.00,都市：其他:農業區,1,1,全筆移轉,08110002
RPWNMLLMLHLGFFB48DA,和平段,1131.00,都市：其他:農業區,1,1,全筆移轉,08120000
RPWNMLLMLHLGFFB48DA,和平段,856.00,都市：其他:農業區,1,1,全筆移轉,08490000
RPWNMLLMLHLGFFB48DA,和平段,1174.00,都市：其他:農業區,1,1,全筆移轉,08500000
RPWNMLLMLHLGFFB48DA,和平段,36.00,都市：其他:農業區,1,1,全筆移轉,08500001
RPWNMLLMLHLGFFB48DA,和平段,2.00,都市：其他:農業區,1,1,全筆移轉,08500002
RPWNMLLMLHLGFFB48DA,和平段,1130.00,都市：其他:農業區,1,1,全筆移轉,08520000
RPWNMLLMLHLGFFB48DA,和平段,796.00,都市：其他:農業區,1,1,全筆移轉,08540000
RPWNMLLMLHLGFFB48DA,和平段,51.00,都市：其他:農業區,1,1,全筆移轉,08540001
RPWNMLLMLHLGFFB48DA,和平段,8.00,都市：其他:農業區,1,1,全筆移轉,08540002
RPWNMLLMLHLGFFB48DA,和平段,417.00,都市：其他:農業區,1,1,全筆移轉,09300000
RPWNMLLMLHLGFFB48DA,和平段,1264.00,都市：其他:農業區,1,1,全筆移轉,09320000
RPUNMLQKLHLGFFB58DA,興仁段,8.46,都市：其他:第四種住宅區,504,18,持分移轉,02850000
RPUNMLQKLHLGFFB58DA,興仁段,16.72,都市：其他:第四種住宅區,504,18,持分移轉,02860000
RPUNMLQKLHLGFFB58DA,興仁段,2.69,都市：其他:第四種住宅區,2520,90,持分移轉,02870000
RPTNMLQKLHLGFFB48DA,興仁段,7.00,都市：其他:河溝用地,252,9,持分移轉,02840000
RPTOMLMJLHLGFAB57DA,麻園頭段,71.97,都市：其他:第二種住宅區,10000,107,持分移轉,01730023
RPXOMLRLIIKGFFB88DA,新興段,3.81,都市：其他:第四種住宅區,10000,55,持分移轉,04200020
RPXOMLRLIIKGFFB88DA,新興段,15.69,都市：其他:第四種住宅區,10000,250,持分移轉,04200027
RPRNMLTJMHLGFFB58DA,市鎮南段,11.43,都市：其他:第四種商業區,100000,51,持分移轉,00970000
RPPNMLMLMHLGFFB87DA,市鎮南段,9.42,都市：其他:第四種商業區,100000,42,持分移轉,00970000
RPUNMLQKJHLGFCB08DA,民安段,118.79,都市：其他:第一之一種住宅區,1,1,全筆移轉,10960021
RPUPMLMLMHLGFBB18DA,碧柳段,22.46,都市：其他:第二之一種住宅區,100000,509,持分移轉,02150000
RPPPMLMLMHLGFBB67DA,碧柳段,22.46,都市：其他:第二之一種住宅區,100000,509,持分移轉,02150000
RPSNMLSJNHLGFIB98DA,萬豐段,12.83,非都市：鄉村區 ; 非都市編定：乙種建築用地,55,1,持分移轉,10560000
RPSNMLSJNHLGFIB98DA,萬豐段,4.66,非都市：鄉村區 ; 非都市編定：乙種建築用地,31,1,持分移轉,10560001
RPSNMLSJNHLGFIB98DA,萬豐段,77.20,非都市：鄉村區 ; 非都市編定：乙種建築用地,1,1,全筆移轉,10560023
RPSNMLSJNHLGFIB98DA,萬豐段,47.05,非都市：鄉村區 ; 非都市編定：乙種建築用地,6,1,持分移轉,10560033
RPROMLLKNHLGFBB67DA,碧柳段,22.59,都市：其他:第二之一種住宅區,100000,512,持分移轉,02150000
RPQQNLLMLHLGFJB68DA,育賢段,19.14,都市：其他:住宅區,10000,18,持分移轉,01810000
RPPNMLTJNHLGFJB88DA,育賢段,18.08,都市：其他:住宅區,10000,17,持分移轉,01810000
RPSQMLMKQHKGFCB38DA,大進段,5.19,都市：其他:第二種住宅區,498400,519,持分移轉,10100000
RPOOMLPLLHLGFFB08DA,正英段,.82,都市：其他:保護區,1000,166,持分移轉,06100000
RPOOMLPLLHLGFFB08DA,正英段,1.89,都市：其他:第二種住宅區,10,1,持分移轉,06110000
RPOOMLPLLHLGFFB08DA,正英段,57.66,都市：其他:保護區,100000,16666,持分移轉,06120000
RPOOMLPLLHLGFFB08DA,正英段,12.43,都市：其他:第二種住宅區,100000,16666,持分移轉,06130000
RPOOMLPLLHLGFFB08DA,正英段,.83,都市：其他:保護區,1000,166,持分移轉,06140000
RPOOMLPLLHLGFFB08DA,正英段,2.04,都市：其他:第二種住宅區,10,1,持分移轉,06150000
RPOOMLPLLHLGFFB08DA,正英段,26.20,都市：其他:保護區,1,1,全筆移轉,06180000
RPOOMLPLLHLGFFB08DA,正英段,96.23,都市：其他:第二種住宅區,1,1,全筆移轉,06190000
RPPNMLTLNHLGFGB78DA,慶東段,2429.98,非都市：山坡地保育區 ; 非都市編定：農牧用地,1,1,全筆移轉,07980000
RPPNMLTLNHLGFGB78DA,慶東段,2570.36,非都市：山坡地保育區 ; 非都市編定：農牧用地,1,1,全筆移轉,07990000
RPPNMLMKRHKGFHB38DA,復興段,81.50,都市：其他:第一之二種住宅區,1,1,全筆移轉,00600000
RPOQMLKLJIKGFBB17DA,中德段,39.09,都市：其他:第二種住宅區,20000,334,持分移轉,05250000
RPXRMLNLLHLGFBB68DA,敦和段,25.60,都市：其他:第一之一種住宅區,100000,663,持分移轉,00120000
RPUVMLLMLHLGFJB86DA,育賢段,18.08,都市：其他:住宅區,10000,17,持分移轉,01810000
RPRNMLNKKHLGFKB38DA,中山段,196.00,都市：其他:第四種住宅區,2,1,持分移轉,13040006
RPPPMLNKLHLGFBB57DA,和平段,555.34,都市：其他:第一之一種住宅區,1,1,全筆移轉,04540000
RPXNMLMJLHLGFAB87DA,樹子腳段,11.67,都市：其他:第三種住宅區。,10000,50,持分移轉,17020000
RPXNMLMJLHLGFAB87DA,樹子腳段,10.07,都市：其他:第二種住宅區,10000,50,持分移轉,17040000
RPQPMLNKLHLGFBB67DA,和平段,331.22,都市：其他:第一之一種住宅區,1,1,全筆移轉,04540001
RPPPMLSJNHLGFCB28DA,惠民段,38.53,都市：其他:第六種新市政中心專用區,100000,1250,持分移轉,01320000
RPQNMLPLLHLGFFB18DA,新竹林段,4.01,都市：其他:第三種住宅區。,88200,1225,持分移轉,04610000
RPQNMLPLLHLGFFB18DA,新竹林段,.86,都市：其他:第三種住宅區。,88200,1225,持分移轉,04620000
RPQNMLPLLHLGFFB18DA,新竹林段,15.03,都市：其他:第三種住宅區。,17640,245,持分移轉,04630000
RPQNMLPLLHLGFFB18DA,新竹林段,7.31,都市：其他:第三種住宅區。,5027400,69825,持分移轉,04640000
RPQNMLPLLHLGFFB18DA,新竹林段,.07,都市：其他:第三種住宅區。,3528,49,持分移轉,04660000
RPQNMLPLLHLGFFB18DA,新竹林段,24.31,都市：其他:第三種住宅區。,35280,490,持分移轉,04680000
RPQNMLPLLHLGFFB18DA,新竹林段,85.24,都市：其他:第三種住宅區。,58800,1225,持分移轉,04730000
RPQNMLPLLHLGFFB18DA,新竹林段,1.81,都市：其他:第三種住宅區。,11760,245,持分移轉,04750000
RPQNMLPLLHLGFFB18DA,新竹林段,29.49,都市：其他:第三種住宅區。,264600,3675,持分移轉,04770000
RPQNMLPLLHLGFFB18DA,新竹林段,8.84,都市：其他:第三種住宅區。,4704,49,持分移轉,06020000
RPQNMLPLLHLGFFB18DA,新竹林段,.91,都市：其他:第三種住宅區。,23520,245,持分移轉,06050000
RPPNMLPLLHLGFFB08DA,新竹林段,8.01,都市：其他:第三種住宅區。,88200,2450,持分移轉,04610000
RPPNMLPLLHLGFFB08DA,新竹林段,1.73,都市：其他:第三種住宅區。,88200,2450,持分移轉,04620000
RPPNMLPLLHLGFFB08DA,新竹林段,30.06,都市：其他:第三種住宅區。,17640,490,持分移轉,04630000
RPPNMLPLLHLGFFB08DA,新竹林段,14.62,都市：其他:第三種住宅區。,5027400,139650,持分移轉,04640000
RPPNMLPLLHLGFFB08DA,新竹林段,.13,都市：其他:第三種住宅區。,3528,98,持分移轉,04660000
RPPNMLPLLHLGFFB08DA,新竹林段,48.63,都市：其他:第三種住宅區。,35280,980,持分移轉,04680000
RPPNMLPLLHLGFFB08DA,新竹林段,85.24,都市：其他:第三種住宅區。,58800,1225,持分移轉,04730000
RPPNMLPLLHLGFFB08DA,新竹林段,1.81,都市：其他:第三種住宅區。,11760,245,持分移轉,04750000
RPPNMLPLLHLGFFB08DA,新竹林段,29.49,都市：其他:第三種住宅區。,264600,3675,持分移轉,04770000
RPPNMLPLLHLGFFB08DA,新竹林段,17.68,都市：其他:第三種住宅區。,4704,98,持分移轉,06020000
RPPNMLPLLHLGFFB08DA,新竹林段,1.83,都市：其他:第三種住宅區。,23520,490,持分移轉,06050000
RPROMLMKLHLGFFB97DA,福田段,21.69,都市：其他:第四種住宅區,100000,1228,持分移轉,09620000
RPROMLMKLHLGFFB97DA,福田段,.33,都市：其他:第四種住宅區,100000,1228,持分移轉,09620001
RPRNMLQKLHLGFFB28DA,平等段,111.13,都市：其他:第二種住宅區,1,1,全筆移轉,03970002
RPQNMLRJMHLGFEB18DA,文化段,165.91,都市：其他:住宅區,1,1,全筆移轉,04960000
RPPNMLNKMHLGFGB97DA,慶東段,1631.73,非都市：山坡地保育區 ; 非都市編定：農牧用地,1,1,全筆移轉,05470000
RPPNMLKLMHLGFGB77DA,慶東段,2027.44,非都市：山坡地保育區 ; 非都市編定：農牧用地,1,1,全筆移轉,05490001
RPQNMLPLMHLGFHB48DA,僑興段,31.50,都市：其他:住宅區,10000,184,持分移轉,00200000
RPTNMLLKLHLGFDB77DA,豐南段,182.27,都市：其他:第二種住宅區,1,1,全筆移轉,10700000
RPVNMLKMMHLGFKB88DA,中社段,40.90,都市：其他:保護區,241,1,持分移轉,02620000
RPVNMLKMMHLGFKB88DA,中社段,1.15,都市：其他:第二種住宅區,9700,69,持分移轉,04840000
RPVNMLKMMHLGFKB88DA,中社段,17.33,都市：其他:第二種住宅區,42,1,持分移轉,05000000
RPVNMLKMMHLGFKB88DA,中社段,1.83,都市：其他:第二種住宅區,42,1,持分移轉,05940000
RPVNMLKMMHLGFKB88DA,中社段,101.38,都市：其他:第二種住宅區,1,1,全筆移轉,05990000
RPWNMLQJNHLGFDB68DA,豐社段,15.12,都市：其他:第一之一種住宅區,10000,75,持分移轉,04900000
RPWNMLQJNHLGFDB68DA,豐社段,.06,都市：其他:第一之一種住宅區,10000,75,持分移轉,04900001
RPUOMLKLIIKGFCB57DA,福星段,5.72,都市：其他:第一種住宅區,10000,88,持分移轉,05770000
RPUOMLKLIIKGFCB57DA,福星段,20.08,都市：其他:第二種住宅區,10000,88,持分移轉,05890000
RPWNMLTLMHLGFAB78DA,藍興段,1.34,都市：其他:第二種住宅區,6,1,持分移轉,05120000
RPWNMLTLMHLGFAB78DA,藍興段,29.18,都市：其他:第二種住宅區,6,1,持分移轉,05130000
RPQOMLMKNHLGFBB67DA,文正段,4.71,都市：其他:第二種住宅區,100000,5477,持分移轉,01180071
RPQOMLMKNHLGFBB67DA,文正段,5.15,都市：其他:第一種商業區,100000,5477,持分移轉,01180072
RPQOMLMKNHLGFBB67DA,文正段,4.66,都市：其他:第一種商業區,100000,5477,持分移轉,01180105
RPQOMLMKNHLGFBB67DA,文正段,4.66,都市：其他:第二種住宅區,100000,5477,持分移轉,01180106
RPSOMLRJNHLGFKB56DA,龍泉段,24.49,都市：其他:第四種住宅區,100000,935,持分移轉,13580000
RPVTMLMJLHLGFCB48DA,豐業段,24.95,都市：其他:第二種住宅區,100000,1008,持分移轉,01340000
RPQNMLTJLHLGFBB97DA,美和段,132.39,都市：其他:第一之一種住宅區,1,1,全筆移轉,05140000
RPUOMLSLMHLGFDB88DA,口庄段,21.14,非都市：特定農業區 ; 非都市編定：甲種建築用地,100000,1534,持分移轉,00380001
RPUOMLSLMHLGFDB88DA,口庄段,.66,非都市：特定農業區 ; 非都市編定：甲種建築用地,100000,1534,持分移轉,00380002
RPUOMLSLMHLGFDB88DA,口庄段,66.30,非都市：特定農業區 ; 非都市編定：甲種建築用地,1,1,全筆移轉,00380038
RPUOMLSLMHLGFDB88DA,口庄段,.12,非都市：特定農業區 ; 非都市編定：甲種建築用地,65,1,持分移轉,00380050
RPUOMLSLMHLGFDB88DA,口庄段,.25,非都市：特定農業區 ; 非都市編定：甲種建築用地,65,1,持分移轉,00380069
RPWNMLPLJHLGFBB18DA,新賴厝廍九段,8.91,都市：其他:第二種住宅區,100000,627,持分移轉,02210000
RPSPMLPJJHLGFCB87DA,楓溪段,673.86,都市：其他:第一之一種住宅區,1,1,全筆移轉,02220000
RPSPMLPJJHLGFCB87DA,楓溪段,553.60,都市：其他:第一之一種住宅區,1,1,全筆移轉,02230000
RPUNMLNJKHLGFDB87DA,豐社段,721.71,都市：其他:農業區,255278,72171,持分移轉,05320000
RPVNMLMJOHLGFDB28DA,大社東段,30.07,都市：其他:第一之一種住宅區,4,1,持分移轉,08410004
RPRPMLNKLHLGFFB18DA,興安西段,23.29,都市：其他:第二種商業區,10000,60,持分移轉,00070000
RPVNMLMJOHLGFDB28DA,大社東段,87.36,都市：其他:第一之一種住宅區,1,1,全筆移轉,08410005
RPPQMLPLRHKGFDB68DA,后豐段,3.02,都市：其他:道路用地,1,1,全筆移轉,07440000
RPPQMLPLRHKGFDB68DA,后豐段,1.99,都市：其他:道路用地,1,1,全筆移轉,07450000
RPORMLNKMHLGFCB87DA,廣福段,19.28,都市：其他:農業區,100000,710,持分移轉,03360000
RPPNMLTKLHLGFIB68DA,仁美段,3.97,都市：其他:住宅區,100000,1030,持分移轉,12130000
RPPNMLTKLHLGFIB68DA,仁美段,16.30,非都市：一般農業區 ; 非都市編定：甲種建築用地,100000,1530,持分移轉,13360000
RPPNMLOJMHLGFHB08DA,秀雅段,74.61,都市：其他:第二種住宅區,1,1,全筆移轉,07280000
RPVOMLKMLHLGFEB28DA,中山段,19.55,都市：其他:住宅區,100000,2741,持分移轉,01160000
RPUOMLMKNHLGFHB68DA,豐興段,109.01,非都市：特定農業區 ; 非都市編定：甲種建築用地,1,1,全筆移轉,04350003
RPUOMLMKNHLGFHB68DA,豐興段,39.76,非都市：特定農業區 ; 非都市編定：甲種建築用地,25,1,持分移轉,04350005
RPWNMLRJJHLGFCB28DA,埔興段,178.00,都市：其他:第二之二種住宅區,1,1,全筆移轉,13140025
RPXNMLLKLHLGFFB38DA,市鎮南段,9.42,都市：其他:第四種商業區,100000,42,持分移轉,00970000
RPOOMLLKLHLGFFB57DA,市鎮南段,9.42,都市：其他:第四種商業區,100000,42,持分移轉,00970000
RPUPMLSLMHLGFCB88DA,福德段,29.10,都市：其他:第二種住宅區,100000,1050,持分移轉,01110000
RPUOMLMKNHLGFFB48DA,市鎮南段,9.42,都市：其他:第四種商業區,100000,42,持分移轉,00970000
RPVOMLMKNHLGFFB58DA,市鎮南段,9.42,都市：其他:第四種商業區,100000,42,持分移轉,00970000
RPTPMLMLMHLGFFB48DA,市鎮南段,9.96,都市：其他:第四種商業區,100000,90,持分移轉,01330000
RPPNMLOKKIKGFAB27DA,麻園頭段,12.54,都市：其他:第三種住宅區。,1000000,2381,持分移轉,01320000
RPUNMLQKLHLGFHB78DA,僑興段,25.85,都市：其他:住宅區,10000,151,持分移轉,00200000
RPWOMLOLMHLGFBB48DA,碧柳段,22.46,都市：其他:第二之一種住宅區,100000,509,持分移轉,02150000
RPOPMLKMLHLGFEB67DA,中山段,24.12,都市：其他:住宅區,100000,3382,持分移轉,01160000
RPUNMLNLLHLGFCB08DA,惠安段,5.68,都市：其他:第四之一種商業區,100000,70,持分移轉,02230000
RPOQMLRJNHLGFAB97DA,大智段,58.91,都市：其他:第二種住宅區,1,1,全筆移轉,05620000
RPOQMLRJNHLGFAB97DA,大智段,62.63,都市：其他:第二種住宅區,1,1,全筆移轉,05820000
RPUNMLMJLHLGFFB08DA,市鎮南段,7.62,都市：其他:第四種商業區,100000,34,持分移轉,00970000
RPVNMLPLNHLGFJB66DA,愛平段,34.28,都市：其他:第一種住宅區,100000,1338,持分移轉,10500000
RPSOMLSJIIKGFFB28DA,平等段,22.05,都市：其他:第二種住宅區,10000,910,持分移轉,15320000
RPSOMLSJIIKGFFB28DA,平等段,69.25,都市：其他:第二種住宅區,1,1,全筆移轉,15800000
RPTNMLQKMHLGFFB58DA,銀聯段,83.00,都市：其他:第四種住宅區,1,1,全筆移轉,21600022
RPTNMLQKMHLGFFB58DA,銀聯段,25.00,都市：其他:第四種住宅區,1,1,全筆移轉,21600023
RPXNMLQLMHLGFCB78DA,惠安段,29.16,都市：其他:第二種住宅區,10000,424,持分移轉,00910000
RPRNMLPLLHLGFIB58DA,萬豐段,28.22,非都市：鄉村區 ; 非都市編定：乙種建築用地,50,2,持分移轉,10560000
RPRNMLPLLHLGFIB58DA,萬豐段,4.66,非都市：鄉村區 ; 非都市編定：乙種建築用地,62,2,持分移轉,10560001
RPRNMLPLLHLGFIB58DA,萬豐段,79.88,非都市：鄉村區 ; 非都市編定：乙種建築用地,1,1,全筆移轉,10560036
TPQNMLRKLHLGFIB78DA,仁美段,168.82,都市：其他:住宅區,1,1,全筆移轉,07440000
TPQNMLRKLHLGFIB78DA,仁美段,74.91,都市：其他:住宅區,1,1,全筆移轉,07450000
SPQNMLRKLHLGFIB68DA,仁美段,43.56,,1,1,全筆移轉,07610000
SPQNMLRKLHLGFIB68DA,仁美段,308.97,都市：其他:住宅區,1,1,全筆移轉,07630000
RPRNMLPLMHLGFHB58DA,僑興段,25.85,都市：其他:住宅區,10000,151,持分移轉,00200000
RPUNMLOLKHLGFHB58DA,自強段,15.00,非都市：特定農業區 ; 非都市編定：農牧用地,355,15,持分移轉,00380000
RPVNMLOLKHLGFHB68DA,自強段,84.00,非都市：特定農業區 ; 非都市編定：甲種建築用地,1,1,全筆移轉,00390011
RPVNMLOLKHLGFHB68DA,自強段,23.60,非都市：特定農業區 ; 非都市編定：甲種建築用地,10,1,持分移轉,00390013
RPQQMLSLMHLGFCB58DA,福德段,33.23,都市：其他:第二種住宅區,100000,1199,持分移轉,01110000
RPXNMLPJNHLGFDB68DA,豐洲北段,385.93,都市：其他:乙種工業區,1,1,全筆移轉,07860000
RPXNMLPJNHLGFDB68DA,豐洲北段,1.01,都市：其他:乙種工業區,1,1,全筆移轉,07900001
RPXNMLPJNHLGFDB68DA,豐洲北段,23.45,都市：其他:乙種工業區,1,1,全筆移轉,07920000
RPXNMLPJNHLGFDB68DA,豐洲北段,.55,都市：其他:乙種工業區,1,1,全筆移轉,07920001
RPOQMLLMLHLGFJB38DA,育賢段,19.14,都市：其他:住宅區,10000,18,持分移轉,01810000
RPPNMLSJNHLGFFB48EA,鰲峰段,897.12,都市：其他:第三種商業區,10000000,9751304,持分移轉,00620000
RPPNMLSJNHLGFFB48EA,鰲峰段,211.84,都市：其他:第三種商業區,10000000,7993963,持分移轉,00650000
RPQNMLRKLHLGFIB58DA,仁美段,106.59,都市：其他:住宅區,1,1,全筆移轉,07600000
RPQNMLRKLHLGFIB58DA,仁美段,166.58,都市：其他:住宅區,1,1,全筆移轉,07620000
RPQNMLRKLHLGFIB58DA,仁美段,87.67,都市：其他:住宅區,1,1,全筆移轉,07640000
RPTNMLRJNHLGFHB88DA,僑興段,25.85,都市：其他:住宅區,10000,151,持分移轉,00200000
RPTNMLSLMHLGFDB68DA,口庄段,21.14,非都市：特定農業區 ; 非都市編定：甲種建築用地,100000,1534,持分移轉,00380001
RPTNMLSLMHLGFDB68DA,口庄段,.66,非都市：特定農業區 ; 非都市編定：甲種建築用地,100000,1534,持分移轉,00380002
RPTNMLSLMHLGFDB68DA,口庄段,.12,非都市：特定農業區 ; 非都市編定：甲種建築用地,65,1,持分移轉,00380050
RPTNMLSLMHLGFDB68DA,口庄段,84.72,非都市：特定農業區 ; 非都市編定：甲種建築用地,1,1,全筆移轉,00380053
RPTNMLSLMHLGFDB68DA,口庄段,.25,非都市：特定農業區 ; 非都市編定：甲種建築用地,65,1,持分移轉,00380069
RPTNMLSLMHLGFDB68DA,口庄段,15.17,非都市：特定農業區 ; 非都市編定：甲種建築用地,1,1,全筆移轉,00380071
RPPNMLQKMHLGFDB97DA,牛稠坑段,79.00,都市：其他:住宅區,1,1,全筆移轉,01160101
RPWPMLRJNHLGFBB78DA,榮德段,29.63,都市：其他:第一之一種住宅區,100000,550,持分移轉,01680000
RPWPMLRJNHLGFBB78DA,榮德段,8.23,都市：其他:第一之一種住宅區,100000,550,持分移轉,01770000
RPXPMLRJNHLGFBB88DA,榮德段,35.23,都市：其他:第一之一種住宅區,100000,654,持分移轉,01680000
RPXPMLRJNHLGFBB88DA,榮德段,9.79,都市：其他:第一之一種住宅區,100000,654,持分移轉,01770000
RPQNMLLLLHLGFEB67DA,水美東段,12.61,非都市：特定農業區 ; 非都市編定：甲種建築用地,18,1,持分移轉,04750008
RPQNMLLLLHLGFEB67DA,水美東段,65.05,非都市：特定農業區 ; 非都市編定：甲種建築用地,1,1,全筆移轉,04750017
RPQNMLLLLHLGFEB67DA,水美東段,.72,非都市：特定農業區 ; 非都市編定：甲種建築用地,18,1,持分移轉,04750019
RPQNMLLLLHLGFEB67DA,水美東段,8.21,非都市：特定農業區 ; 非都市編定：甲種建築用地,36,1,持分移轉,04800000
RPQNMLLLLHLGFEB67DA,水美東段,2.84,非都市：特定農業區 ; 非都市編定：甲種建築用地,18,1,持分移轉,04810000
RPRQMLKKMHLGFJB48DA,育賢段,19.14,都市：其他:住宅區,10000,18,持分移轉,01810000
RPROMLOJLHLGFHB28DA,僑興段,31.50,都市：其他:住宅區,10000,184,持分移轉,00200000
RPSOMLOJLHLGFHB38DA,僑興段,31.50,都市：其他:住宅區,10000,184,持分移轉,00200000
RPUTMLLKLHLGFBB28DA,乾溝子段,17.00,都市：其他:第二種住宅區,1,1,全筆移轉,00300001
RPSNMLKKLHLGFJB18DA,欣欣段,235.00,都市：其他:乙種工業區,1,1,全筆移轉,04120002
RPXUMLKKMHLGFJB86DA,育賢段,18.08,都市：其他:住宅區,10000,17,持分移轉,01810000
RPPNMLMJLHLGFIB87DA,仁美段,377.06,都市：其他:住宅區,1,1,全筆移轉,10450000
RPPNMLMJLHLGFIB87DA,仁美段,136.36,都市：其他:住宅區,1,1,全筆移轉,10490000
RPQOMLTKJHLGFJB78DA,樹孝段,14.60,都市：其他:住宅區,10000,33,持分移轉,16380000
RPTNMLSKLHLGFIB98DA,新厝段,84.91,非都市：特定農業區 ; 非都市編定：甲種建築用地,1,1,全筆移轉,02950017
RPROMLRJJHLGFIB48DA,振坤段,143.09,都市：其他:住宅區,1,1,全筆移轉,08990000
RPPOMLQJKHLGFHB18DA,自強段,41.00,非都市：特定農業區 ; 非都市編定：甲種建築用地,1,1,全筆移轉,00390005
RPPOMLQJKHLGFHB18DA,自強段,23.60,非都市：特定農業區 ; 非都市編定：甲種建築用地,10,1,持分移轉,00390013
RPVNMLKKMHLGFFB18DA,平等段,99.64,都市：其他:第二種住宅區,1,1,全筆移轉,03970000
RPWNMLQJKHLGFHB78DA,自強段,42.00,非都市：特定農業區 ; 非都市編定：農牧用地,355,42,持分移轉,00380000
RPPNMLMJMHLGFBB27DA,竹興段,38.69,都市：其他:第一之一種住宅區,100000,1747,持分移轉,01120000
RPWNMLMJLHLGFCB97DA,豐業段,26.22,都市：其他:第二種住宅區,100000,1059,持分移轉,01340000
RPPNMLNKMHLGFFB87DA,自強段,100.61,都市：其他:第二種住宅區,1,1,全筆移轉,11010002
RPPNMLNKMHLGFFB87DA,自強段,.31,都市：其他:第二種住宅區,10000,1685,持分移轉,11010005
RPUOMLOJNHLGFCB28DA,惠民段,12.88,都市：其他:第六種新市政中心專用區,100000,426,持分移轉,01150000
RPVNMLMJLHLGFCB87DA,豐業段,24.24,都市：其他:第二種住宅區,100000,979,持分移轉,01340000
RPTSMLLKLHLGFBB08DA,崇德段,22.07,都市：其他:第一種商業區,100000,914,持分移轉,03820000
RPUPMLLJMHLGFCB97DA,協成段,84.26,都市：其他:農業區,1,1,全筆移轉,03120005
RPUPMLLJMHLGFCB97DA,協成段,21.47,都市：其他:農業區,14,1,持分移轉,03120015
RPWNMLLLMHLGFIB78DA,大圳頭段,118.42,非都市：特定農業區 ; 非都市編定：農牧用地,1,1,全筆移轉,06090000
RPPQMLSJMHLGFBB18DA,榮德段,29.52,都市：其他:第一之一種住宅區,100000,548,持分移轉,01680000
RPPQMLSJMHLGFBB18DA,榮德段,8.20,都市：其他:第一之一種住宅區,100000,548,持分移轉,01770000
RPVOMLOLMHLGFBB38DA,碧柳段,23.70,都市：其他:第二之一種住宅區,100000,537,持分移轉,02150000
RPTNMLOKIIKGFIB28DA,新甲段,105.00,都市：其他:第二種住宅區,1,1,全筆移轉,00100002
RPTNMLNKIIKGFIB18DA,新高鐵段,12.40,都市：其他:商業區,100000,49,持分移轉,00890000
RPSOMLTKNHLGFCB68DA,福德段,14.83,都市：其他:第二種住宅區,100000,842,持分移轉,02730000
RPVNMLSLNHLGFBB78DA,平田段,8.29,都市：其他:第二種住宅區,100000,98,持分移轉,01000000
RPVNMLSLNHLGFBB78DA,平田段,1.53,都市：其他:第三種住宅區。,100000,98,持分移轉,01000001
RPPNMLQKLHLGFFB08DA,平等段,99.85,都市：其他:第二種住宅區,1,1,全筆移轉,03970001
RPRSMLPLNHLGFBB58DA,碧柳段,23.70,都市：其他:第二之一種住宅區,100000,537,持分移轉,02150000
RPWOMLOLKHLGFBB28DA,平田段,27.32,都市：其他:第二種住宅區,10000,84,持分移轉,01510000
RPQNMLSJRHKGFAB28DA,東勢子段,18.86,都市：其他:住宅區,84,4,持分移轉,00860000
RPQNMLSJRHKGFAB28DA,東勢子段,2.57,都市：其他:道路用地,84,4,持分移轉,00860001
RPQNMLSJRHKGFAB28DA,東勢子段,21.14,都市：其他:住宅區,42,3,持分移轉,00870009
RPQNMLSJRHKGFAB28DA,東勢子段,3.71,都市：其他:道路用地,42,3,持分移轉,00870023
RPXSMLLMLHLGFJB86DA,育賢段,19.14,都市：其他:住宅區,10000,18,持分移轉,01810000
RPQNMLKKLHLGFCB27DA,大進段,32.60,都市：其他:第二種住宅區,5,1,持分移轉,02510000
RPSOMLNKLHLGFBB77DA,太原段,149.45,都市：其他:第二種住宅區,1,1,全筆移轉,00840001
RPXNMLPJLHLGFFB68DA,鹿峰東段,5.75,都市：其他:第四種住宅區,100000,1813,持分移轉,15330000
RPXNMLPJLHLGFFB68DA,鹿峰東段,5.75,都市：其他:第四種住宅區,100000,1813,持分移轉,15340000
RPRNMLQKLHLGFDB08DA,豐洲北段,10.04,都市：其他:乙種工業區,1,1,全筆移轉,07910000
RPRNMLQKLHLGFDB08DA,豐洲北段,.25,都市：其他:乙種工業區,1,1,全筆移轉,07910001
RPTNMLNKLHLGFFB18DA,槺榔段,67.00,都市：其他:第四種住宅區,1,1,全筆移轉,05700006
RPTNMLNKLHLGFFB18DA,槺榔段,5.00,都市：其他:第四種住宅區,1,1,全筆移轉,05700017
RPTNMLNKLHLGFFB18DA,槺榔段,26.25,都市：其他:第四種住宅區,16,2,持分移轉,05700020
RPTNMLNKLHLGFFB18DA,槺榔段,4.50,都市：其他:綠地用地,28,2,持分移轉,05700034
RPTNMLNKLHLGFFB18DA,槺榔段,.14,都市：其他:第四種住宅區,28,2,持分移轉,05700035
RPPQMLLMLHLGFJB48DA,育賢段,19.14,都市：其他:住宅區,10000,18,持分移轉,01810000
RPRQMLOKMHLGFCB18DA,永豐段,300.00,都市：其他:第一之一種住宅區,1,1,全筆移轉,00430000
RPRNMLRLLHLGFHB68DA,豐興段,39.76,非都市：特定農業區 ; 非都市編定：甲種建築用地,25,1,持分移轉,04350005
RPRNMLRLLHLGFHB68DA,豐興段,84.39,非都市：特定農業區 ; 非都市編定：甲種建築用地,1,1,全筆移轉,04350012
RPRTMLLMLHLGFJB98DA,育賢段,19.14,都市：其他:住宅區,10000,18,持分移轉,01810000
RPXQNLKKMHLGFJB56DA,育賢段,19.14,都市：其他:住宅區,10000,18,持分移轉,01810000
RPRQMLSLMHLGFCB68DA,福德段,29.21,都市：其他:第二種住宅區,100000,1054,持分移轉,01110000
RPRSMLLMLHLGFJB88DA,育賢段,19.14,都市：其他:住宅區,10000,18,持分移轉,01810000
RPSUMLKKMHLGFJB98DA,育賢段,19.14,都市：其他:住宅區,10000,18,持分移轉,01810000
RPRNMLTKLHLGFEB48DA,五里牌段,408.00,非都市：特定農業區 ; 非都市編定：農牧用地,1,1,全筆移轉,02830042
RPUQNLKKMHLGFJB88DA,育賢段,19.14,都市：其他:住宅區,10000,18,持分移轉,01810000
RPWSMLPLNHLGFBB09DA,碧柳段,22.46,都市：其他:第二之一種住宅區,100000,509,持分移轉,02150000
RPTOMLSKLHLGFIB09DA,新厝段,16.77,非都市：特定農業區 ; 非都市編定：甲種建築用地,9,1,持分移轉,02950000
RPTOMLSKLHLGFIB09DA,新厝段,45.86,非都市：特定農業區 ; 非都市編定：甲種建築用地,1,1,全筆移轉,02950008
RPSNMLPKMHLGFHB58DA,東寶七段,3.24,都市：其他:第一之一種住宅區,1,1,全筆移轉,03290000
RPONNLKKMHLGFJB97DA,育賢段,19.14,都市：其他:住宅區,10000,18,持分移轉,01810000
RPSQMLOLLHLGFCB28DA,田心段,18.58,都市：其他:第二種住宅區,10000,83,持分移轉,08180004
RPPOMLOKMHLGFFB08DA,國昌段,76.75,都市：其他:第二種住宅區,1,1,全筆移轉,08920000
RPOUMLLMLHLGFJB78DA,育賢段,12.76,都市：其他:住宅區,10000,12,持分移轉,01810000
RPOOMLQLMHLGFCB97DA,惠安段,29.44,都市：其他:第二種住宅區,10000,428,持分移轉,00910000
RPRSMLQKJHLGFFB58DA,正英段,59.35,都市：其他:第二種住宅區,100000,2011,持分移轉,05130000
RPSNMLMKLHLGFCB67DA,惠來厝段,24.65,都市：其他:第三之二種住宅區,1000000,6201,持分移轉,07870000
RPSNMLNLMHLGFFB28DA,市鎮南段,10.92,都市：其他:第四種商業區,100000,605,持分移轉,00480000
RPPNMLQJLHLGFFB08EA,臨海段,.42,都市：其他:農業區,2,1,持分移轉,10910000
RPROMLNLMHLGFKB78DA,竹泉段,34.47,都市：其他:第四種住宅區,100000,3851,持分移轉,02090000
RPUNMLTJLHLGFBB38DA,太順段,26.08,都市：其他:第三種住宅區。,10000,146,持分移轉,00140000
RPSOMLNLMHLGFKB88DA,竹泉段,11.14,都市：其他:第四種住宅區,100000,1245,持分移轉,02090000
RPQNMLSJLHLGFBB87DA,洲際段,172.54,都市：其他:第一之一種住宅區,1,1,全筆移轉,03690000
RPSNMLMJMHLGFHB18DA,僑興段,20.38,都市：其他:住宅區,10000,119,持分移轉,00200000
RPSPMLOKMHLGFBB08DA,松茂段,2479.69,都市：其他:第二種住宅區,100000,93750,持分移轉,10480003
RPPOMLRKLHLGFFB28DA,新站段,20.78,都市：其他:第四種住宅區,20000,62,持分移轉,00660000
RPWNMLKKJHLGFFB97DA,市鎮南段,10.92,都市：其他:第四種商業區,100000,605,持分移轉,00480000
RPVOMLKKJHLGFFB97DA,市鎮南段,13.00,都市：其他:第四種商業區,100000,720,持分移轉,00480000
RPSOMLSJNHLGFAB28DA,土庫段,34.47,都市：其他:第二種住宅區,3108768,522792,持分移轉,00330003
RPPSMLOJNHLGFCB18DA,惠民段,13.16,都市：其他:第六種新市政中心專用區,100000,435,持分移轉,01150000
RPWOMLMKNHLGFHB88DA,豐興段,85.43,非都市：特定農業區 ; 非都市編定：甲種建築用地,1,1,全筆移轉,04350000
RPWOMLMKNHLGFHB88DA,豐興段,39.76,非都市：特定農業區 ; 非都市編定：甲種建築用地,25,1,持分移轉,04350005
RPQTMLLMLHLGFCB18DA,建功段,14.60,都市：其他:第五種住宅區,10000,19,持分移轉,00070001
RPSQMLMJLHLGFCB87DA,豐業段,24.85,都市：其他:第二種住宅區,100000,1004,持分移轉,01340000
RPVNMLTKLHLGFHB56DA,僑興段,26.54,都市：其他:住宅區,10000,155,持分移轉,00200000
RPSNMLPLLHLGFEB28DA,致用段,25.56,都市：其他:住宅區,100000,2177,持分移轉,01130000
RPSPMLMJLHLGFCB77DA,豐業段,24.85,都市：其他:第二種住宅區,100000,1004,持分移轉,01340000
RPSNMLKLLHLGFFB87DA,興安西段,23.29,都市：其他:第二種商業區,10000,60,持分移轉,00070000
RPOOMLMJLHLGFCB27DA,豐業段,24.28,都市：其他:第二種住宅區,100000,981,持分移轉,01340000
RPUOMLMJLHLGFCB87DA,豐業段,24.61,都市：其他:第二種住宅區,100000,994,持分移轉,01340000
RPTOMLRLNHLGFBB58DA,軍和段,162.91,都市：其他:第一種住宅區,1,1,全筆移轉,00550000
RPQNMLMLLHLGFIB18DA,新埔段,1376.24,非都市：特定農業區 ; 非都市編定：農牧用地,1,1,全筆移轉,04250000
RPOOMLNLKHLGFEB67DA,頂庄段,65.07,都市：其他:住宅區,1,1,全筆移轉,02520009
RPOOMLNLKHLGFEB67DA,頂庄段,25.85,都市：其他:住宅區,1,1,全筆移轉,02520010
RPOOMLNLMHLGFBB57DA,碧柳段,22.42,都市：其他:第二之一種住宅區,100000,508,持分移轉,02150000
RPRPMLMKLHLGFCB77DA,永春段,26.01,都市：其他:第一之一種住宅區,100000,915,持分移轉,01050000
RPRPMLMKLHLGFCB77DA,永春段,1.53,都市：其他:第一種住宅區,100000,51,持分移轉,01060004
RPUQMLKKMHLGFJB78DA,育賢段,26.58,都市：其他:住宅區,10000,25,持分移轉,01810000
RPQQMLRKMHLGFBB28DA,敦和段,110.33,都市：其他:第一種住宅區,1,1,全筆移轉,02950005
RPQQMLRKMHLGFBB28DA,敦和段,23.64,都市：其他:第一種住宅區,8,1,持分移轉,02950008
RPSNMLPLQHKGFCB48DA,埔興段,29.11,都市：其他:第二之二種住宅區,576,13,持分移轉,13150000
RPROMLLKJHLGFFB67DA,市鎮南段,8.74,都市：其他:第四種商業區,100000,484,持分移轉,00480000
RPPOMLOLJIKGFCB57DA,福德段,26.56,都市：其他:第二種住宅區,100000,716,持分移轉,01410000
RPPOMLLKJHLGFFB47DA,市鎮南段,8.74,都市：其他:第四種商業區,100000,484,持分移轉,00480000
RPWNMLSLMHLGFDB98DA,口庄段,21.14,非都市：特定農業區 ; 非都市編定：甲種建築用地,100000,1534,持分移轉,00380001
RPWPMLLLMHLGFCB38DA,三富段,43.39,都市：其他:第一之C種住宅區,100000,842,持分移轉,00820000
RPWNMLSLMHLGFDB98DA,口庄段,.66,非都市：特定農業區 ; 非都市編定：甲種建築用地,100000,1534,持分移轉,00380002
RPWNMLSLMHLGFDB98DA,口庄段,.12,非都市：特定農業區 ; 非都市編定：甲種建築用地,65,1,持分移轉,00380050
RPWNMLSLMHLGFDB98DA,口庄段,95.39,非都市：特定農業區 ; 非都市編定：甲種建築用地,1,1,全筆移轉,00380064
RPWNMLSLMHLGFDB98DA,口庄段,.25,非都市：特定農業區 ; 非都市編定：甲種建築用地,65,1,持分移轉,00380069
RPWNMLSLMHLGFDB98DA,口庄段,14.08,非都市：特定農業區 ; 非都市編定：甲種建築用地,1,1,全筆移轉,00380082
RPTNMLSJNHLGFDB58DA,口庄段,21.15,非都市：特定農業區 ; 非都市編定：甲種建築用地,100000,1535,持分移轉,00380001
RPPOMLSJNHLGFDB28DA,口庄段,21.15,非都市：特定農業區 ; 非都市編定：甲種建築用地,100000,1535,持分移轉,00380001
RPTNMLSJNHLGFDB58DA,口庄段,.66,非都市：特定農業區 ; 非都市編定：甲種建築用地,100000,1535,持分移轉,00380002
RPTNMLSJNHLGFDB58DA,口庄段,54.25,非都市：特定農業區 ; 非都市編定：甲種建築用地,1,1,全筆移轉,00380005
RPTNMLSJNHLGFDB58DA,口庄段,.12,非都市：特定農業區 ; 非都市編定：甲種建築用地,65,1,持分移轉,00380050
RPTNMLSJNHLGFDB58DA,口庄段,.25,非都市：特定農業區 ; 非都市編定：甲種建築用地,65,1,持分移轉,00380069
RPPOMLSJNHLGFDB28DA,口庄段,.66,非都市：特定農業區 ; 非都市編定：甲種建築用地,100000,1535,持分移轉,00380002
RPPOMLSJNHLGFDB28DA,口庄段,54.14,非都市：特定農業區 ; 非都市編定：甲種建築用地,1,1,全筆移轉,00380015
RPPOMLSJNHLGFDB28DA,口庄段,.12,非都市：特定農業區 ; 非都市編定：甲種建築用地,65,1,持分移轉,00380050
RPPOMLSJNHLGFDB28DA,口庄段,.25,非都市：特定農業區 ; 非都市編定：甲種建築用地,65,1,持分移轉,00380069
RPUNMLKKJHLGFFB77DA,市鎮南段,10.92,都市：其他:第四種商業區,100000,605,持分移轉,00480000
RPVNMLQKLHLGFHB88DA,僑興段,31.50,都市：其他:住宅區,10000,184,持分移轉,00200000
RPVPMLLJMHLGFJB78DA,育賢段,17.19,都市：其他:住宅區,10000,20,持分移轉,02010000
RPPNMLMJMHLGFKB18DA,龍田段,20.75,都市：其他:第四種住宅區,12,1,持分移轉,13830008
RPPNMLMJMHLGFKB18DA,龍田段,50.00,都市：其他:第四種住宅區,1,1,全筆移轉,13830012
RPSOMLNLKHLGFHB38DA,自強段,37.00,非都市：特定農業區 ; 非都市編定：農牧用地,355,37,持分移轉,00380000
RPTOMLNLKHLGFHB48DA,自強段,38.00,非都市：特定農業區 ; 非都市編定：甲種建築用地,1,1,全筆移轉,00390006
RPTOMLNLKHLGFHB48DA,自強段,23.60,非都市：特定農業區 ; 非都市編定：甲種建築用地,20,2,持分移轉,00390013
RPTOMLLKJHLGFFB87DA,市鎮南段,10.09,都市：其他:第四種商業區,100000,559,持分移轉,00480000
RPRPMLLKJHLGFFB77DA,市鎮南段,9.70,都市：其他:第四種商業區,100000,537,持分移轉,00480000
RPSOMLLKJHLGFFB77DA,市鎮南段,8.74,都市：其他:第四種商業區,100000,484,持分移轉,00480000
RPOOMLKKMHLGFIB87DA,豐正段,545.57,非都市：特定農業區 ; 非都市編定：甲種建築用地,1,1,全筆移轉,02960000
RPPNMLSKIIKGFAB47DA,後壠子段,20.28,都市：其他:第三種住宅區。,100000,496,持分移轉,02620083
RPTPMLQKIIKGFAB87DA,麻園頭段,20.68,都市：其他:第二種住宅區,10000,623,持分移轉,01870048
RPQPMLKKMHLGFJB28DA,育賢段,26.58,都市：其他:住宅區,10000,25,持分移轉,01810000
RPOPMLPLNHLGFBB97DA,碧柳段,22.59,都市：其他:第二之一種住宅區,100000,512,持分移轉,02150000
RPQOMLMJLHLGFCB47DA,豐業段,27.26,都市：其他:第二種住宅區,100000,1101,持分移轉,01340000
RPQUMLKKMHLGFJB78DA,育賢段,19.14,都市：其他:住宅區,10000,18,持分移轉,01810000
RPXOMLQJNHLGFCB78DA,建功段,19.20,都市：其他:第五種住宅區,10000,25,持分移轉,00070001
RPOQMLMKJHLGFFB67DA,市鎮南段,8.05,都市：其他:第四種商業區,100000,446,持分移轉,00480000
RPQNMLKKJHLGFFB37DA,市鎮南段,12.93,都市：其他:第四種商業區,100000,716,持分移轉,00480000
RPSNMLKKJHLGFFB57DA,市鎮南段,12.93,都市：其他:第四種商業區,100000,716,持分移轉,00480000
RPPQMLLKJHLGFFB67DA,市鎮南段,8.05,都市：其他:第四種商業區,100000,446,持分移轉,00480000
RPUOMLMLMHLGFBB08DA,碧柳段,22.59,都市：其他:第二之一種住宅區,100000,512,持分移轉,02150000
RPRRMLKKMHLGFJB58DA,育賢段,26.58,都市：其他:住宅區,10000,25,持分移轉,01810000
RPPNMLSJJHLGFFB97DA,市鎮南段,12.98,都市：其他:第四種商業區,100000,719,持分移轉,00480000
RPSSMLMJMHLGFJB88DA,育賢段,26.58,都市：其他:住宅區,10000,25,持分移轉,01810000
RPTNMLKKJHLGFFB67DA,市鎮南段,10.92,都市：其他:第四種商業區,100000,605,持分移轉,00480000
RPWOMLLKJHLGFFB18DA,市鎮南段,10.09,都市：其他:第四種商業區,100000,559,持分移轉,00480000
RPQQMLLKJHLGFFB77DA,市鎮南段,8.05,都市：其他:第四種商業區,100000,446,持分移轉,00480000
RPPOMLPLLHLGFFB18DA,市鎮南段,8.74,都市：其他:第四種商業區,100000,484,持分移轉,00480000
RPXOMLOJMHLGFBB38DA,仁平段,22.08,都市：其他:第一之一種住宅區,100000,827,持分移轉,03580000
RPSOMLNJLHLGFFB08DA,市鎮南段,8.05,都市：其他:第四種商業區,100000,446,持分移轉,00480000
RPXOMLOJMHLGFBB38DA,平田段,10.66,都市：其他:第二種住宅區,100000,827,持分移轉,09530000
RPQOMLPLLHLGFFB28DA,市鎮南段,8.74,都市：其他:第四種商業區,100000,484,持分移轉,00480000
RPVSMLLMLHLGFJB66DA,育賢段,21.27,都市：其他:住宅區,10000,20,持分移轉,01810000
RPRNMLRJNHLGFHB68DA,僑興段,20.55,都市：其他:住宅區,10000,120,持分移轉,00200000
RPWPMLLKJHLGFFB28DA,市鎮南段,9.70,都市：其他:第四種商業區,100000,537,持分移轉,00480000
RPPPMLOLMHLGFBB87DA,碧柳段,22.46,都市：其他:第二之一種住宅區,100000,509,持分移轉,02150000
RPPVMLKKMHLGFJB78DA,育賢段,19.14,都市：其他:住宅區,10000,18,持分移轉,01810000
RPRQMLLKJHLGFFB87DA,市鎮南段,8.05,都市：其他:第四種商業區,100000,446,持分移轉,00480000
RPXOMLQJNHLGFAB58DA,泉源段,5.89,都市：其他:第三之一種商業區,100000,50,持分移轉,00150000
RPORMLMJLHLGFBB47DA,陳平段,79.00,都市：其他:第二種住宅區,1,1,全筆移轉,06260000
RPSNMLRJNHLGFHB78DA,僑興段,25.85,都市：其他:住宅區,10000,151,持分移轉,00200000
RPVSMLOJMHLGFBB58DA,仁平段,22.08,都市：其他:第一之一種住宅區,100000,827,持分移轉,03580000
RPVSMLOJMHLGFBB58DA,平田段,10.66,都市：其他:第二種住宅區,100000,827,持分移轉,09530000
RPTNMLSJNHLGFAB28DA,旱新段,16.25,都市：其他:第二種商業區,10000,82,持分移轉,07250000
RPOOMLRJNHLGFKB78DA,龍田段,20.75,都市：其他:第四種住宅區,12,1,持分移轉,13830008
RPOOMLRJNHLGFKB78DA,龍田段,50.00,都市：其他:第四種住宅區,1,1,全筆移轉,13830013
RPVOMLSJLHLGFEB78DA,水美東段,78.00,非都市：特定農業區 ; 非都市編定：甲種建築用地,1,1,全筆移轉,04750005
RPVOMLSJLHLGFEB78DA,水美東段,12.61,非都市：特定農業區 ; 非都市編定：甲種建築用地,18,1,持分移轉,04750008
RPVOMLSJLHLGFEB78DA,水美東段,.72,非都市：特定農業區 ; 非都市編定：甲種建築用地,18,1,持分移轉,04750019
RPVOMLSJLHLGFEB78DA,水美東段,8.21,非都市：特定農業區 ; 非都市編定：甲種建築用地,36,1,持分移轉,04800000
RPVOMLSJLHLGFEB78DA,水美東段,2.84,非都市：特定農業區 ; 非都市編定：甲種建築用地,18,1,持分移轉,04810000
RPRNMLSJNHLGFAB08DA,旱新段,13.47,都市：其他:第二種商業區,10000,68,持分移轉,07250000
RPRNMLNJLHLGFEB77DA,水美東段,85.13,非都市：特定農業區 ; 非都市編定：甲種建築用地,1,1,全筆移轉,04750007
RPRNMLNJLHLGFEB77DA,水美東段,12.61,非都市：特定農業區 ; 非都市編定：甲種建築用地,18,1,持分移轉,04750008
RPRNMLNJLHLGFEB77DA,水美東段,.72,非都市：特定農業區 ; 非都市編定：甲種建築用地,18,1,持分移轉,04750019
RPRNMLNJLHLGFEB77DA,水美東段,8.21,非都市：特定農業區 ; 非都市編定：甲種建築用地,36,1,持分移轉,04800000
RPRNMLNJLHLGFEB77DA,水美東段,2.84,非都市：特定農業區 ; 非都市編定：甲種建築用地,18,1,持分移轉,04810000
RPOONLKKMHLGFJB08DA,育賢段,37.22,都市：其他:住宅區,10000,35,持分移轉,01810000
RPOOMLSJJHLGFFB97DA,市鎮南段,12.98,都市：其他:第四種商業區,100000,719,持分移轉,00480000
RPPOMLKKJHLGFFB37DA,市鎮南段,10.92,都市：其他:第四種商業區,100000,605,持分移轉,00480000
RPVNMLKKJHLGFFB87DA,市鎮南段,10.92,都市：其他:第四種商業區,100000,605,持分移轉,00480000
RPSOMLKKJHLGFFB67DA,市鎮南段,10.92,都市：其他:第四種商業區,100000,605,持分移轉,00480000
RPQNMLPKNHLGFHB48DA,僑興段,25.85,都市：其他:住宅區,10000,151,持分移轉,00200000
RPSOMLQJNHLGFCB28DA,建功段,19.20,都市：其他:第五種住宅區,10000,25,持分移轉,00070001
RPTNMLTLNHLGFHB66DA,僑興段,20.38,都市：其他:住宅區,10000,119,持分移轉,00200000
RPVNMLQKLHLGFEB58DA,安地段,18.92,非都市：鄉村區 ; 非都市編定：乙種建築用地,240,19,持分移轉,10710003
RPVNMLQKLHLGFEB58DA,安地段,.50,非都市：鄉村區 ; 非都市編定：乙種建築用地,10,1,持分移轉,10710004
RPVNMLQKLHLGFEB58DA,安地段,10.90,非都市：鄉村區 ; 非都市編定：乙種建築用地,10,1,持分移轉,10710017
RPVNMLQKLHLGFEB58DA,安地段,62.00,非都市：鄉村區 ; 非都市編定：乙種建築用地,1,1,全筆移轉,10710019
RPWONLKKMHLGFJB88DA,育賢段,37.22,都市：其他:住宅區,10000,35,持分移轉,01810000
RPOPMLKKJHLGFFB37DA,市鎮南段,13.34,都市：其他:第四種商業區,100000,739,持分移轉,00480000
RPPPMLKKJHLGFFB47DA,市鎮南段,13.34,都市：其他:第四種商業區,100000,739,持分移轉,00480000
RPTNMLQKLHLGFEB38DA,安地段,18.92,非都市：鄉村區 ; 非都市編定：乙種建築用地,240,19,持分移轉,10710003
RPTNMLQKLHLGFEB38DA,安地段,.50,非都市：鄉村區 ; 非都市編定：乙種建築用地,10,1,持分移轉,10710004
RPTNMLQKLHLGFEB38DA,安地段,10.90,非都市：鄉村區 ; 非都市編定：乙種建築用地,10,1,持分移轉,10710017
RPTNMLQKLHLGFEB38DA,安地段,71.00,非都市：鄉村區 ; 非都市編定：乙種建築用地,1,1,全筆移轉,10710020
RPPNMLMKLHLGFFB67DA,福田段,23.05,都市：其他:第四種住宅區,100000,1305,持分移轉,09620000
RPPNMLMKLHLGFFB67DA,福田段,.35,都市：其他:第四種住宅區,100000,1305,持分移轉,09620001
RPQNMLMKLHLGFFB77DA,福田段,27.93,都市：其他:第四種住宅區,100000,1581,持分移轉,09620000
RPQNMLMKLHLGFFB77DA,福田段,.42,都市：其他:第四種住宅區,100000,1581,持分移轉,09620001
RPUOMLLKLHLGFCB87DA,福德段,33.23,都市：其他:第二種住宅區,100000,1199,持分移轉,01110000
RPUQMLLMLHLGFCB28DA,建功段,14.60,都市：其他:第五種住宅區,10000,19,持分移轉,00070001
RPWOMLMLMHLGFBB28DA,碧柳段,22.46,都市：其他:第二之一種住宅區,100000,509,持分移轉,02150000
RPSSMLMJLHLGFCB08DA,豐業段,27.18,都市：其他:第二種住宅區,100000,1098,持分移轉,01340000
RPPRMLMJMHLGFJB48DA,育賢段,26.58,都市：其他:住宅區,10000,25,持分移轉,01810000
RPWOMLKKJHLGFFB08DA,市鎮南段,13.00,都市：其他:第四種商業區,100000,720,持分移轉,00480000
RPRNMLKKJHLGFFB47DA,市鎮南段,12.93,都市：其他:第四種商業區,100000,716,持分移轉,00480000
RPWNMLQKLHLGFEB68DA,安地段,18.92,非都市：鄉村區 ; 非都市編定：乙種建築用地,240,19,持分移轉,10710003
RPWNMLQKLHLGFEB68DA,安地段,.50,非都市：鄉村區 ; 非都市編定：乙種建築用地,10,1,持分移轉,10710004
RPWNMLQKLHLGFEB68DA,安地段,10.90,非都市：鄉村區 ; 非都市編定：乙種建築用地,10,1,持分移轉,10710017
RPWNMLQKLHLGFEB68DA,安地段,70.00,非都市：鄉村區 ; 非都市編定：乙種建築用地,1,1,全筆移轉,10710021
RPVPMLMKJHLGFFB28DA,市鎮南段,8.05,都市：其他:第四種商業區,100000,446,持分移轉,00480000
RPWRMLQKJHLGFFB98DA,正英段,57.46,都市：其他:第二種住宅區,100000,1947,持分移轉,05130000
RPXPMLMKJHLGFFB48DA,市鎮南段,8.05,都市：其他:第四種商業區,100000,446,持分移轉,00480000
RPSUMLLMLHLGFJB56DA,育賢段,18.08,都市：其他:住宅區,10000,17,持分移轉,01810000
RPTPMLMKJHLGFFB08DA,市鎮南段,8.05,都市：其他:第四種商業區,100000,446,持分移轉,00480000
RPTPMLLJMHLGFJB58DA,育賢段,17.19,都市：其他:住宅區,10000,20,持分移轉,02010000
RPVPMLOLMHLGFBB48DA,碧柳段,22.86,都市：其他:第二之一種住宅區,100000,518,持分移轉,02150000
RPWQMLOJMHLGFBB48DA,仁平段,21.04,都市：其他:第一之一種住宅區,100000,788,持分移轉,03580000
RPWQMLOJMHLGFBB48DA,平田段,10.16,都市：其他:第二種住宅區,100000,788,持分移轉,09530000
RPSPMLLKJHLGFFB87DA,市鎮南段,9.70,都市：其他:第四種商業區,100000,537,持分移轉,00480000
RPWSMLMJLHLGFCB48DA,豐業段,26.54,都市：其他:第二種住宅區,100000,1072,持分移轉,01340000
RPXPMLLKJHLGFFB38DA,市鎮南段,9.70,都市：其他:第四種商業區,100000,537,持分移轉,00480000
RPTPMLLKJHLGFFB97DA,市鎮南段,9.70,都市：其他:第四種商業區,100000,537,持分移轉,00480000
RPUPMLLKJHLGFFB08DA,市鎮南段,9.70,都市：其他:第四種商業區,100000,537,持分移轉,00480000
RPROMLKKJHLGFFB57DA,市鎮南段,10.92,都市：其他:第四種商業區,100000,605,持分移轉,00480000
RPXNMLKKJHLGFFB08DA,市鎮南段,10.92,都市：其他:第四種商業區,100000,605,持分移轉,00480000
RPVOMLSJNHLGFAB58DA,旱新段,12.68,都市：其他:第二種商業區,10000,64,持分移轉,07250000
RPOPMLSJNHLGFAB97DA,旱新段,16.25,都市：其他:第二種商業區,10000,82,持分移轉,07250000
RPOOMLMKNHLGFBB47DA,文正段,4.71,都市：其他:第二種住宅區,100000,5472,持分移轉,01180071
RPOOMLMKNHLGFBB47DA,文正段,5.14,都市：其他:第一種商業區,100000,5472,持分移轉,01180072
RPOOMLMKNHLGFBB47DA,文正段,4.65,都市：其他:第一種商業區,100000,5472,持分移轉,01180105
RPOOMLMKNHLGFBB47DA,文正段,4.65,都市：其他:第二種住宅區,100000,5472,持分移轉,01180106
RPRNMLSLMHLGFDB48DA,口庄段,21.14,非都市：特定農業區 ; 非都市編定：甲種建築用地,100000,1534,持分移轉,00380001
RPRNMLSLMHLGFDB48DA,口庄段,.66,非都市：特定農業區 ; 非都市編定：甲種建築用地,100000,1534,持分移轉,00380002
RPRNMLSLMHLGFDB48DA,口庄段,.12,非都市：特定農業區 ; 非都市編定：甲種建築用地,65,1,持分移轉,00380050
RPRNMLSLMHLGFDB48DA,口庄段,170.84,非都市：特定農業區 ; 非都市編定：甲種建築用地,1,1,全筆移轉,00380052
RPRNMLSLMHLGFDB48DA,口庄段,.25,非都市：特定農業區 ; 非都市編定：甲種建築用地,65,1,持分移轉,00380069
RPRNMLSLMHLGFDB48DA,口庄段,56.14,非都市：特定農業區 ; 非都市編定：甲種建築用地,1,1,全筆移轉,00380070
RPRNMLPKNHLGFBB97DA,文正段,5.79,都市：其他:第二種住宅區,100000,6731,持分移轉,01180071
RPRNMLPKNHLGFBB97DA,文正段,6.33,都市：其他:第一種商業區,100000,6731,持分移轉,01180072
RPRNMLPKNHLGFBB97DA,文正段,5.72,都市：其他:第一種商業區,100000,6731,持分移轉,01180105
RPRNMLPKNHLGFBB97DA,文正段,5.72,都市：其他:第二種住宅區,100000,6731,持分移轉,01180106
RPQOMLKKJHLGFFB47DA,市鎮南段,10.92,都市：其他:第四種商業區,100000,605,持分移轉,00480000
RPQPMLKKJHLGFFB57DA,市鎮南段,13.34,都市：其他:第四種商業區,100000,739,持分移轉,00480000
RPXOMLPKNHLGFBB68DA,榮德段,29.63,都市：其他:第一之一種住宅區,100000,550,持分移轉,01680000
RPXOMLPKNHLGFBB68DA,榮德段,8.23,都市：其他:第一之一種住宅區,100000,550,持分移轉,01770000
RPSNMLSJNHLGFDB48DA,口庄段,21.15,非都市：特定農業區 ; 非都市編定：甲種建築用地,100000,1535,持分移轉,00380001
RPSNMLSJNHLGFDB48DA,口庄段,.66,非都市：特定農業區 ; 非都市編定：甲種建築用地,100000,1535,持分移轉,00380002
RPSNMLSJNHLGFDB48DA,口庄段,67.64,非都市：特定農業區 ; 非都市編定：甲種建築用地,1,1,全筆移轉,00380004
RPSNMLSJNHLGFDB48DA,口庄段,.12,非都市：特定農業區 ; 非都市編定：甲種建築用地,65,1,持分移轉,00380050
RPSNMLSJNHLGFDB48DA,口庄段,.25,非都市：特定農業區 ; 非都市編定：甲種建築用地,65,1,持分移轉,00380069
RPRQMLOJLHLGFBB87DA,洲際段,26.41,都市：其他:第一之一種住宅區,10000,53,持分移轉,00230000
RPSQMLOJLHLGFBB97DA,洲際段,26.41,都市：其他:第一之一種住宅區,10000,53,持分移轉,00230000
RPUQMLOJLHLGFBB18DA,洲際段,33.39,都市：其他:第一之一種住宅區,10000,67,持分移轉,00230000
RPVQMLOJLHLGFBB28DA,洲際段,33.39,都市：其他:第一之一種住宅區,10000,67,持分移轉,00230000
RPROMLKKLHLGFBB37DA,景東段,118.48,都市：其他:第一種住宅區,1,1,全筆移轉,00810000
RPROMLKKLHLGFBB37DA,景東段,2.75,都市：其他:第一種住宅區,8,1,持分移轉,00810010
RPPQMLMKJHLGFFB77DA,市鎮南段,8.05,都市：其他:第四種商業區,100000,446,持分移轉,00480000
RPPQMLNKLHLGFBB67DA,洲際段,33.39,都市：其他:第一之一種住宅區,10000,67,持分移轉,00230000
RPWNMLSKLHLGFIB66DA,新厝段,16.77,非都市：特定農業區 ; 非都市編定：甲種建築用地,9,1,持分移轉,02950000
RPWNMLSKLHLGFIB66DA,新厝段,45.03,非都市：特定農業區 ; 非都市編定：甲種建築用地,1,1,全筆移轉,02950001
RPQOMLSKLHLGFIB78DA,新厝段,16.77,非都市：特定農業區 ; 非都市編定：甲種建築用地,9,1,持分移轉,02950000
RPQOMLSKLHLGFIB78DA,新厝段,45.17,非都市：特定農業區 ; 非都市編定：甲種建築用地,1,1,全筆移轉,02950002
RPPNMLRKLHLGFDB97DA,后樟段,13.16,非都市：鄉村區 ; 非都市編定：乙種建築用地,100000,2439,持分移轉,01580001
RPUPMLNKLHLGFBB08DA,洲際段,26.41,都市：其他:第一之一種住宅區,10000,53,持分移轉,00230000
RPVPMLNKLHLGFBB18DA,洲際段,26.41,都市：其他:第一之一種住宅區,10000,53,持分移轉,00230000
RPSPMLSLJIKGFCB38DA,永春段,23.20,都市：其他:第一之一種住宅區,100000,816,持分移轉,01050000
RPSPMLSLJIKGFCB38DA,永春段,1.38,都市：其他:第一種住宅區,100000,46,持分移轉,01060004
RPRNMLLKJHLGFFB57DA,市鎮南段,8.74,都市：其他:第四種商業區,100000,484,持分移轉,00480000
RPWPMLMKLHLGFBB18DA,洲際段,25.41,都市：其他:第一之一種住宅區,10000,51,持分移轉,00230000
RPQQNLKKMHLGFJB48DA,育賢段,19.14,都市：其他:住宅區,10000,18,持分移轉,01810000
RPXPMLMKLHLGFBB28DA,洲際段,25.41,都市：其他:第一之一種住宅區,10000,51,持分移轉,00230000
RPXSMLKKMHLGFJB66DA,育賢段,18.08,都市：其他:住宅區,10000,17,持分移轉,01810000
RPUSMLLKLHLGFBB18DA,崇德段,21.42,都市：其他:第一種商業區,100000,887,持分移轉,03820000
RPVQMLMJMHLGFJB98DA,育賢段,26.58,都市：其他:住宅區,10000,25,持分移轉,01810000
RPSPMLKKMHLGFJB48DA,育賢段,32.96,都市：其他:住宅區,10000,31,持分移轉,01810000
RPPUMLOLLHLGFBB28DA,洲際段,25.41,都市：其他:第一之一種住宅區,10000,51,持分移轉,00230000
RPPQMLMKLHLGFBB57DA,洲際段,25.41,都市：其他:第一之一種住宅區,10000,51,持分移轉,00230000
RPTOMLRJJHLGFBB97DA,倡和段,11.14,都市：其他:第三之一種商業區,100000,550,持分移轉,01820000
RPSQMLLKJHLGFFB97DA,市鎮南段,8.05,都市：其他:第四種商業區,100000,446,持分移轉,00480000
RPUSMLKKMHLGFJB98DA,育賢段,26.58,都市：其他:住宅區,10000,25,持分移轉,01810000
RPQQMLMKLHLGFBB67DA,洲際段,25.91,都市：其他:第一之一種住宅區,10000,52,持分移轉,00230000
RPSQMLMKJHLGFFB08DA,市鎮南段,13.50,都市：其他:第四種商業區,100000,748,持分移轉,00480000
RPSPMLKKJHLGFFB77DA,市鎮南段,13.90,都市：其他:第四種商業區,100000,770,持分移轉,00480000
RPQUMLOLLHLGFBB38DA,洲際段,33.39,都市：其他:第一之一種住宅區,10000,67,持分移轉,00230000
RPXNMLNLKHLGFHB78DA,自強段,49.00,非都市：特定農業區 ; 非都市編定：甲種建築用地,1,1,全筆移轉,00390000
RPXNMLNLKHLGFHB78DA,自強段,23.60,非都市：特定農業區 ; 非都市編定：甲種建築用地,10,1,持分移轉,00390013
RPTTMLKKMHLGFJB98DA,育賢段,26.58,都市：其他:住宅區,10000,25,持分移轉,01810000
RPPNMLTKLHLGFBB97DA,太順段,26.08,都市：其他:第三種住宅區。,10000,146,持分移轉,00140000
RPOOMLNLKHLGFHB97DA,自強段,48.00,非都市：特定農業區 ; 非都市編定：農牧用地,355,48,持分移轉,00380000
RPTTMLSJLHLGFCB88DA,寶文段,30.82,都市：其他:第二種住宅區,100000,658,持分移轉,00350002
RPTNMLLKLHLGFGB08DA,中正段,53.63,都市：其他:農業區,1,1,全筆移轉,03350003
RPTNMLLKLHLGFGB08DA,中正段,.72,都市：其他:農業區,11,1,持分移轉,03350005
RPTNMLLKLHLGFGB08DA,中正段,.37,都市：其他:農業區,11,1,持分移轉,03350006
RPTNMLLKLHLGFGB08DA,中正段,21.36,都市：其他:農業區,11,1,持分移轉,03350014
RPVNMLQJLHLGFDB38DA,口庄段,25.73,非都市：特定農業區 ; 非都市編定：甲種建築用地,25,1,持分移轉,02680000
RPVNMLQJLHLGFDB38DA,口庄段,93.92,非都市：特定農業區 ; 非都市編定：甲種建築用地,1,1,全筆移轉,02680009
RPQOMLOJLHLGFFB97DA,鹿峰東段,5.08,都市：其他:第四種住宅區,100000,1601,持分移轉,15330000
RPQOMLOJLHLGFFB97DA,鹿峰東段,5.08,都市：其他:第四種住宅區,100000,1601,持分移轉,15340000
RPSNMLPJLHLGFFB18DA,鹿峰東段,4.58,都市：其他:第四種住宅區,100000,1443,持分移轉,15330000
RPSNMLPJLHLGFFB18DA,鹿峰東段,4.58,都市：其他:第四種住宅區,100000,1443,持分移轉,15340000
RPSRNLNLLHLGFJB09DA,福平段,19.62,都市：其他:商業區,100000,827,持分移轉,08730000
RPPRNLNLLHLGFJB78DA,福平段,19.70,都市：其他:商業區,100000,830,持分移轉,08730000
RPTVNLLMLHLGFJB86DA,育賢段,26.58,都市：其他:住宅區,10000,25,持分移轉,01810000
RPTPMLMJLHLGFCB87DA,豐業段,24.85,都市：其他:第二種住宅區,100000,1004,持分移轉,01340000
RPPNNLOLLHLGFBB67DA,洲際段,25.41,都市：其他:第一之一種住宅區,10000,51,持分移轉,00230000
RPONNLOLLHLGFBB57DA,洲際段,26.41,都市：其他:第一之一種住宅區,10000,53,持分移轉,00230000
RPPPMLOLLHLGFBB77DA,新賴厝廍三段,23.96,都市：其他:第二種住宅區,100000,5198,持分移轉,06830000
RPXSMLKKLHLGFCB48DA,寶文段,29.27,都市：其他:第二種住宅區,100000,625,持分移轉,00350002
RPQNMLLKMHLGFBB37DA,洲際段,33.39,都市：其他:第一之一種住宅區,10000,67,持分移轉,00230000
RPWOMLOJMHLGFBB28DA,仁平段,22.05,都市：其他:第一之一種住宅區,100000,826,持分移轉,03580000
RPWOMLOJMHLGFBB28DA,平田段,10.65,都市：其他:第二種住宅區,100000,826,持分移轉,09530000
RPPTMLLMLHLGFCB08DA,建功段,14.60,都市：其他:第五種住宅區,10000,19,持分移轉,00070001
RPUPMLLMLHLGFJB88DA,育賢段,23.39,都市：其他:住宅區,10000,22,持分移轉,01810000
RPWQMLSJLHLGFCB88DA,寶文段,30.91,都市：其他:第二種住宅區,100000,660,持分移轉,00350002
RPRNMLLLMHLGFBB57DA,洲際段,23.42,都市：其他:第一之一種住宅區,10000,47,持分移轉,00230000
RPWNMLLKMHLGFBB97DA,洲際段,33.39,都市：其他:第一之一種住宅區,10000,67,持分移轉,00230000
RPQPMLOJMHLGFBB77DA,仁平段,22.08,都市：其他:第一之一種住宅區,100000,827,持分移轉,03580000
RPQPMLOJMHLGFBB77DA,平田段,10.66,都市：其他:第二種住宅區,100000,827,持分移轉,09530000
RPPNMLSLLHLGFBB97DA,洲際段,26.41,都市：其他:第一之一種住宅區,10000,53,持分移轉,00230000
RPSNMLLLMHLGFBB67DA,洲際段,25.91,都市：其他:第一之一種住宅區,10000,52,持分移轉,00230000
RPTWMLOLLHLGFBB88DA,洲際段,33.39,都市：其他:第一之一種住宅區,10000,67,持分移轉,00230000
RPRNMLKLMHLGFBB47DA,洲際段,25.91,都市：其他:第一之一種住宅區,10000,52,持分移轉,00230000
RPQVNLLMLHLGFJB56DA,育賢段,19.14,都市：其他:住宅區,10000,18,持分移轉,01810000
RPVPMLMLMHLGFBB28DA,碧柳段,23.83,都市：其他:第二之一種住宅區,100000,540,持分移轉,02150000
RPTQNLLMLHLGFJB98DA,育賢段,18.08,都市：其他:住宅區,10000,17,持分移轉,01810000
RPVNMLLKMHLGFBB87DA,洲際段,33.39,都市：其他:第一之一種住宅區,10000,67,持分移轉,00230000
RPPNMLQLMHLGFBB87DA,洲際段,25.41,都市：其他:第一之一種住宅區,10000,51,持分移轉,00230000
RPUNMLLKMHLGFBB77DA,洲際段,26.41,都市：其他:第一之一種住宅區,10000,53,持分移轉,00230000
RPRSNLLMLHLGFJB98DA,育賢段,19.14,都市：其他:住宅區,10000,18,持分移轉,01810000
RPVPMLLMLHLGFJB98DA,育賢段,32.96,都市：其他:住宅區,10000,31,持分移轉,01810000
RPSPMLKMMHLGFBB87DA,洲際段,25.91,都市：其他:第一之一種住宅區,10000,52,持分移轉,00230000
RPTPMLKMMHLGFBB97DA,洲際段,25.41,都市：其他:第一之一種住宅區,10000,51,持分移轉,00230000
RPSNMLSLMHLGFDB58DA,口庄段,21.14,非都市：特定農業區 ; 非都市編定：甲種建築用地,100000,1534,持分移轉,00380001
RPSNMLSLMHLGFDB58DA,口庄段,.66,非都市：特定農業區 ; 非都市編定：甲種建築用地,100000,1534,持分移轉,00380002
RPSNMLSLMHLGFDB58DA,口庄段,.12,非都市：特定農業區 ; 非都市編定：甲種建築用地,65,1,持分移轉,00380050
RPSNMLSLMHLGFDB58DA,口庄段,81.84,非都市：特定農業區 ; 非都市編定：甲種建築用地,1,1,全筆移轉,00380054
RPSNMLSLMHLGFDB58DA,口庄段,.25,非都市：特定農業區 ; 非都市編定：甲種建築用地,65,1,持分移轉,00380069
RPSNMLSLMHLGFDB58DA,口庄段,13.02,非都市：特定農業區 ; 非都市編定：甲種建築用地,1,1,全筆移轉,00380072
RPOOMLLKNHLGFFB77DA,正義段,105.71,都市：其他:第二種住宅區,1,1,全筆移轉,11350003
RPPNMLQJNHLGFGB28DA,新廣興段,36.14,都市：其他:住宅區,99468,3614,持分移轉,03440000
RPPNMLQJNHLGFGB28DA,新廣興段,.79,都市：其他:住宅區,2177,79,持分移轉,03440003
RPPNMLQJNHLGFGB28DA,新廣興段,1.21,都市：其他:住宅區,3320,121,持分移轉,03440004
RPVOMLSLMHLGFDB98DA,口庄段,21.14,非都市：特定農業區 ; 非都市編定：甲種建築用地,100000,1534,持分移轉,00380001
RPVOMLSLMHLGFDB98DA,口庄段,.66,非都市：特定農業區 ; 非都市編定：甲種建築用地,100000,1534,持分移轉,00380002
RPVOMLSLMHLGFDB98DA,口庄段,66.30,非都市：特定農業區 ; 非都市編定：甲種建築用地,1,1,全筆移轉,00380040
RPVOMLSLMHLGFDB98DA,口庄段,.12,非都市：特定農業區 ; 非都市編定：甲種建築用地,65,1,持分移轉,00380050
RPVOMLSLMHLGFDB98DA,口庄段,.25,非都市：特定農業區 ; 非都市編定：甲種建築用地,65,1,持分移轉,00380069
RPRSMLMJMHLGFJB78DA,育賢段,26.58,都市：其他:住宅區,10000,25,持分移轉,01810000
RPUNMLSLMHLGFDB78DA,口庄段,21.14,非都市：特定農業區 ; 非都市編定：甲種建築用地,100000,1534,持分移轉,00380001
RPSNMLPLMHLGFJB88DA,育賢段,26.58,都市：其他:住宅區,10000,25,持分移轉,01810000
RPUNMLSLMHLGFDB78DA,口庄段,.66,非都市：特定農業區 ; 非都市編定：甲種建築用地,100000,1534,持分移轉,00380002
RPUNMLSLMHLGFDB78DA,口庄段,.12,非都市：特定農業區 ; 非都市編定：甲種建築用地,65,1,持分移轉,00380050
RPUNMLSLMHLGFDB78DA,口庄段,84.19,非都市：特定農業區 ; 非都市編定：甲種建築用地,1,1,全筆移轉,00380055
RPUNMLSLMHLGFDB78DA,口庄段,.25,非都市：特定農業區 ; 非都市編定：甲種建築用地,65,1,持分移轉,00380069
RPUNMLSLMHLGFDB78DA,口庄段,12.17,非都市：特定農業區 ; 非都市編定：甲種建築用地,1,1,全筆移轉,00380073
RPORNLKKMHLGFJB38DA,育賢段,19.14,都市：其他:住宅區,10000,18,持分移轉,01810000
RPXNMLSLMHLGFDB09DA,口庄段,21.14,非都市：特定農業區 ; 非都市編定：甲種建築用地,100000,1534,持分移轉,00380001
RPXNMLSLMHLGFDB09DA,口庄段,.66,非都市：特定農業區 ; 非都市編定：甲種建築用地,100000,1534,持分移轉,00380002
RPXNMLSLMHLGFDB09DA,口庄段,.12,非都市：特定農業區 ; 非都市編定：甲種建築用地,65,1,持分移轉,00380050
RPXNMLSLMHLGFDB09DA,口庄段,84.72,非都市：特定農業區 ; 非都市編定：甲種建築用地,1,1,全筆移轉,00380066
RPXNMLSLMHLGFDB09DA,口庄段,.25,非都市：特定農業區 ; 非都市編定：甲種建築用地,65,1,持分移轉,00380069
RPXNMLSLMHLGFDB09DA,口庄段,14.47,非都市：特定農業區 ; 非都市編定：甲種建築用地,1,1,全筆移轉,00380084
RPQNMLSJNHLGFDB28DA,口庄段,21.15,非都市：特定農業區 ; 非都市編定：甲種建築用地,100000,1535,持分移轉,00380001
RPQNMLSJNHLGFDB28DA,口庄段,.66,非都市：特定農業區 ; 非都市編定：甲種建築用地,100000,1535,持分移轉,00380002
RPQNMLSJNHLGFDB28DA,口庄段,82.68,非都市：特定農業區 ; 非都市編定：甲種建築用地,1,1,全筆移轉,00380018
RPQNMLSJNHLGFDB28DA,口庄段,.12,非都市：特定農業區 ; 非都市編定：甲種建築用地,65,1,持分移轉,00380050
RPQNMLSJNHLGFDB28DA,口庄段,.25,非都市：特定農業區 ; 非都市編定：甲種建築用地,65,1,持分移轉,00380069
RPXNMLSJNHLGFDB98DA,口庄段,21.15,非都市：特定農業區 ; 非都市編定：甲種建築用地,100000,1535,持分移轉,00380001
RPVNMLSLMHLGFDB88DA,口庄段,21.14,非都市：特定農業區 ; 非都市編定：甲種建築用地,100000,1534,持分移轉,00380001
RPXNMLSJNHLGFDB98DA,口庄段,.66,非都市：特定農業區 ; 非都市編定：甲種建築用地,100000,1535,持分移轉,00380002
RPVNMLSLMHLGFDB88DA,口庄段,.66,非都市：特定農業區 ; 非都市編定：甲種建築用地,100000,1534,持分移轉,00380002
RPXNMLSJNHLGFDB98DA,口庄段,54.20,非都市：特定農業區 ; 非都市編定：甲種建築用地,1,1,全筆移轉,00380011
RPXNMLSJNHLGFDB98DA,口庄段,.12,非都市：特定農業區 ; 非都市編定：甲種建築用地,65,1,持分移轉,00380050
RPXNMLSJNHLGFDB98DA,口庄段,.25,非都市：特定農業區 ; 非都市編定：甲種建築用地,65,1,持分移轉,00380069
RPVNMLSLMHLGFDB88DA,口庄段,.12,非都市：特定農業區 ; 非都市編定：甲種建築用地,65,1,持分移轉,00380050
RPVNMLSLMHLGFDB88DA,口庄段,92.54,非都市：特定農業區 ; 非都市編定：甲種建築用地,1,1,全筆移轉,00380061
RPVNMLSLMHLGFDB88DA,口庄段,.25,非都市：特定農業區 ; 非都市編定：甲種建築用地,65,1,持分移轉,00380069
RPVNMLSLMHLGFDB88DA,口庄段,12.83,非都市：特定農業區 ; 非都市編定：甲種建築用地,1,1,全筆移轉,00380079
RPRNMLSJNHLGFDB38DA,口庄段,21.15,非都市：特定農業區 ; 非都市編定：甲種建築用地,100000,1535,持分移轉,00380001
RPRNMLSJNHLGFDB38DA,口庄段,.66,非都市：特定農業區 ; 非都市編定：甲種建築用地,100000,1535,持分移轉,00380002
RPRNMLSJNHLGFDB38DA,口庄段,66.30,非都市：特定農業區 ; 非都市編定：甲種建築用地,1,1,全筆移轉,00380019
RPRNMLSJNHLGFDB38DA,口庄段,.12,非都市：特定農業區 ; 非都市編定：甲種建築用地,65,1,持分移轉,00380050
RPRNMLSJNHLGFDB38DA,口庄段,.25,非都市：特定農業區 ; 非都市編定：甲種建築用地,65,1,持分移轉,00380069
RPXNNLOJMHLGFBB38DA,仁平段,20.05,都市：其他:第一之一種住宅區,100000,751,持分移轉,03580000
RPXNNLOJMHLGFBB38DA,平田段,9.68,都市：其他:第二種住宅區,100000,751,持分移轉,09530000
RPQOMLSJNHLGFDB38DA,口庄段,21.15,非都市：特定農業區 ; 非都市編定：甲種建築用地,100000,1535,持分移轉,00380001
RPQOMLSJNHLGFDB38DA,口庄段,.66,非都市：特定農業區 ; 非都市編定：甲種建築用地,100000,1535,持分移轉,00380002
RPQOMLSJNHLGFDB38DA,口庄段,90.34,非都市：特定農業區 ; 非都市編定：甲種建築用地,1,1,全筆移轉,00380016
RPQOMLSJNHLGFDB38DA,口庄段,.12,非都市：特定農業區 ; 非都市編定：甲種建築用地,65,1,持分移轉,00380050
RPQOMLSJNHLGFDB38DA,口庄段,.25,非都市：特定農業區 ; 非都市編定：甲種建築用地,65,1,持分移轉,00380069
RPPNMLTJNHLGFBB08DA,洲際段,33.39,都市：其他:第一之一種住宅區,10000,67,持分移轉,00230000
RPTNMLPLNHLGFFB68DA,正英段,103.20,都市：其他:第二種住宅區,1,1,全筆移轉,01150000
RPSRMLSLNHLGFFB66DA,正義段,140.23,都市：其他:第二種住宅區,1,1,全筆移轉,11350000
RPTUMLKKMHLGFJB09DA,育賢段,19.14,都市：其他:住宅區,10000,18,持分移轉,01810000
RPUUMLKKMHLGFJB56DA,育賢段,19.14,都市：其他:住宅區,10000,18,持分移轉,01810000
RPUNMLPLNHLGFFB78DA,正英段,97.57,都市：其他:第二種住宅區,1,1,全筆移轉,01150004
RPQNMLQKLHLGFBB77DA,洲際段,70.49,都市：其他:第一之一種住宅區,1,1,全筆移轉,02620009
RPQNMLQKLHLGFBB77DA,洲際段,.45,都市：其他:第一之一種住宅區,10,1,持分移轉,02620010
RPQNMLQKLHLGFBB77DA,洲際段,37.95,都市：其他:第一之一種住宅區,1,1,全筆移轉,02620011
RPQNMLQKLHLGFBB77DA,洲際段,8.47,都市：其他:第一之一種住宅區,1,1,全筆移轉,02620012
RPTQMLOJLHLGFBB08DA,洲際段,33.39,都市：其他:第一之一種住宅區,10000,67,持分移轉,00230000
RPOQMLMKLHLGFBB47DA,洲際段,33.39,都市：其他:第一之一種住宅區,10000,67,持分移轉,00230000
RPUNMLMJLHLGFCB77DA,豐業段,24.28,都市：其他:第二種住宅區,100000,981,持分移轉,01340000
RPWPMLNKLHLGFBB28DA,洲際段,33.39,都市：其他:第一之一種住宅區,10000,67,持分移轉,00230000
RPQPMLMKLHLGFBB57DA,洲際段,33.39,都市：其他:第一之一種住宅區,10000,67,持分移轉,00230000
RPVWMLOLLHLGFBB09DA,洲際段,25.41,都市：其他:第一之一種住宅區,10000,51,持分移轉,00230000
RPXWMLOLLHLGFBB66DA,洲際段,33.39,都市：其他:第一之一種住宅區,10000,67,持分移轉,00230000
RPRNMLSLLHLGFBB18DA,洲際段,33.39,都市：其他:第一之一種住宅區,10000,67,持分移轉,00230000
RPQNNLOLLHLGFBB77DA,洲際段,25.91,都市：其他:第一之一種住宅區,10000,52,持分移轉,00230000
RPQOMLNLKHLGFHB18DA,自強段,61.00,非都市：特定農業區 ; 非都市編定：甲種建築用地,1,1,全筆移轉,00390004
RPQOMLNLKHLGFHB18DA,自強段,23.60,非都市：特定農業區 ; 非都市編定：甲種建築用地,10,1,持分移轉,00390013
RPROMLNLKHLGFHB28DA,自強段,42.00,非都市：特定農業區 ; 非都市編定：農牧用地,355,42,持分移轉,00380000
RPPNMLMJLHLGFCB27DA,豐業段,24.61,都市：其他:第二種住宅區,100000,994,持分移轉,01340000
RPUNMLQJLHLGFDB28DA,口庄段,25.73,非都市：特定農業區 ; 非都市編定：甲種建築用地,25,1,持分移轉,02680000
RPUNMLQJLHLGFDB28DA,口庄段,75.73,非都市：特定農業區 ; 非都市編定：甲種建築用地,1,1,全筆移轉,02680021
RPOOMLNKMHLGFFB87DA,南簡段,25.24,都市：其他:第四種住宅區,10000,47,持分移轉,01840000
RPPNMLLKMHLGFBB27DA,建安段,228.00,都市：其他:第二種住宅區,1,1,全筆移轉,05980016
RPRNMLLKMHLGFBB47DA,洲際段,33.39,都市：其他:第一之一種住宅區,10000,67,持分移轉,00230000
RPXNMLLKMHLGFBB08DA,洲際段,33.39,都市：其他:第一之一種住宅區,10000,67,持分移轉,00230000
RPQQMLMLMHLGFCB97DA,建功段,11.52,都市：其他:第五種住宅區,10000,15,持分移轉,00070001
RPVTMLKKLHLGFIB98DA,仁美段,5.82,都市：其他:住宅區,100000,1508,持分移轉,12130000
RPVTMLKKLHLGFIB98DA,仁美段,23.85,非都市：一般農業區 ; 非都市編定：甲種建築用地,100000,2238,持分移轉,13360000
RPXVMLKKMHLGFJB96DA,育賢段,19.14,都市：其他:住宅區,10000,18,持分移轉,01810000
RPROMLPLNHLGFBB18DA,碧柳段,22.42,都市：其他:第二之一種住宅區,100000,508,持分移轉,02150000
RPSNMLLKMHLGFBB57DA,洲際段,25.41,都市：其他:第一之一種住宅區,10000,51,持分移轉,00230000
RPSOMLPLNHLGFBB28DA,碧柳段,22.86,都市：其他:第二之一種住宅區,100000,518,持分移轉,02150000
RPRPMLOLLHLGFBB97DA,榮德段,29.68,都市：其他:第一之一種住宅區,100000,551,持分移轉,01680000
RPRPMLOLLHLGFBB97DA,榮德段,8.25,都市：其他:第一之一種住宅區,100000,551,持分移轉,01770000
RPUOMLOJMHLGFBB08DA,仁平段,22.05,都市：其他:第一之一種住宅區,100000,826,持分移轉,03580000
RPXNMLPJKHLGFBB18DA,太順段,26.08,都市：其他:第三種住宅區。,10000,146,持分移轉,00140000
RPUOMLOJMHLGFBB08DA,平田段,10.65,都市：其他:第二種住宅區,100000,826,持分移轉,09530000
RPVNMLNLNHLGFBB28DA,洲際段,26.41,都市：其他:第一之一種住宅區,10000,53,持分移轉,00230000
RPPNMLNLNHLGFFB08DA,忠孝段,27.61,都市：其他:第四種住宅區,100000,1468,持分移轉,00620002
RPTNMLLKMHLGFBB67DA,洲際段,25.41,都市：其他:第一之一種住宅區,10000,51,持分移轉,00230000
RPRNMLNLNHLGFBB87DA,洲際段,47.34,都市：其他:第一之一種住宅區,10000,95,持分移轉,00230000
RPOQMLLJOHLGFBB57DA,洲際段,33.39,都市：其他:第一之一種住宅區,20000,134,持分移轉,00230000
RPORMLLMLHLGFCB77DA,建功段,10.75,都市：其他:第五種住宅區,10000,14,持分移轉,00070001
RPRONLNLLHLGFJB68DA,福平段,19.62,都市：其他:商業區,100000,827,持分移轉,08730000
RPVNMLPLKHLGFCB28DA,福德段,23.72,都市：其他:第二種住宅區,100000,856,持分移轉,01110000
RPOOMLQJLHLGFDB77DA,口庄段,25.73,非都市：特定農業區 ; 非都市編定：甲種建築用地,25,1,持分移轉,02680000
RPOOMLQJLHLGFDB77DA,口庄段,79.39,非都市：特定農業區 ; 非都市編定：甲種建築用地,1,1,全筆移轉,02680004
RPVOMLOJMHLGFBB18DA,仁平段,22.05,都市：其他:第一之一種住宅區,100000,826,持分移轉,03580000
RPVOMLOJMHLGFBB18DA,平田段,10.65,都市：其他:第二種住宅區,100000,826,持分移轉,09530000
RPPPMLKKLHLGFBB27DA,洲際段,25.41,都市：其他:第一之一種住宅區,10000,51,持分移轉,00230000
RPOSNLNLLHLGFJB78DA,福平段,19.70,都市：其他:商業區,100000,830,持分移轉,08730000
RPUOMLKKKHLGFCB67DA,建功段,14.60,都市：其他:第五種住宅區,10000,19,持分移轉,00070001
RPXRMLLMLHLGFCB68DA,建功段,19.97,都市：其他:第五種住宅區,10000,26,持分移轉,00070001
RPRNMLPLMHLGFJB78DA,育賢段,21.27,都市：其他:住宅區,10000,20,持分移轉,01810000
RPQQMLMJMHLGFJB48DA,育賢段,26.58,都市：其他:住宅區,10000,25,持分移轉,01810000
RPUNMLLLMHLGFCB97DA,永春段,7.99,都市：其他:第一之一種住宅區,100000,281,持分移轉,01050000
RPUNMLLLMHLGFCB97DA,永春段,71.11,都市：其他:第一種住宅區,100000,2364,持分移轉,01060004
RPUNMLLLMHLGFCB97DA,永春段,142.14,都市：其他:第一種住宅區,1,1,全筆移轉,01060014
RPSTMLLMLHLGFJB09DA,育賢段,12.76,都市：其他:住宅區,10000,12,持分移轉,01810000
RPOPMLKKMHLGFJB08DA,育賢段,32.96,都市：其他:住宅區,10000,31,持分移轉,01810000
RPXNMLMLMHLGFFB68DA,南簡段,25.78,都市：其他:第四種住宅區,10000,48,持分移轉,01840000
RPTOMLLKNHLGFFB28DA,南簡段,25.78,都市：其他:第四種住宅區,10000,48,持分移轉,01840000
RPXNMLRLMHLGFFB56DA,南簡段,27.39,都市：其他:第四種住宅區,10000,51,持分移轉,01840000
RPOSMLLMLHLGFCB87DA,建功段,19.20,都市：其他:第五種住宅區,10000,25,持分移轉,00070001
RPUVMLKKMHLGFJB66DA,育賢段,21.27,都市：其他:住宅區,10000,20,持分移轉,01810000
RPWVNLLMLHLGFJB17DA,育賢段,12.76,都市：其他:住宅區,10000,12,持分移轉,01810000
RPXNMLSJNHLGFBB78DA,軍和段,149.87,都市：其他:第一種住宅區,1,1,全筆移轉,00550054
RPWQMLKKMHLGFJB98DA,育賢段,18.08,都市：其他:住宅區,10000,17,持分移轉,01810000
RPRQMLOJMHLGFBB97DA,仁平段,21.04,都市：其他:第一之一種住宅區,100000,788,持分移轉,03580000
RPRQMLOJMHLGFBB97DA,平田段,10.16,都市：其他:第二種住宅區,100000,788,持分移轉,09530000
RPUNMLOJNHLGFDB28DA,后樟段,13.16,非都市：鄉村區 ; 非都市編定：乙種建築用地,100000,2439,持分移轉,01580001
RPQPMLMJMHLGFCB67DA,建功段,19.97,都市：其他:第五種住宅區,10000,26,持分移轉,00070001
RPXNMLMKNHLGFAB18DA,旱新段,13.47,都市：其他:第二種商業區,10000,68,持分移轉,07250000
RPPPNLKKMHLGFJB28DA,育賢段,19.14,都市：其他:住宅區,10000,18,持分移轉,01810000
RPROMLNLMHLGFDB08DA,后樟段,13.16,非都市：鄉村區 ; 非都市編定：乙種建築用地,100000,2439,持分移轉,01580001
RPPSMLKKMHLGFJB48DA,育賢段,26.58,都市：其他:住宅區,10000,25,持分移轉,01810000
RPTOMLQJNHLGFCB38DA,建功段,19.20,都市：其他:第五種住宅區,10000,25,持分移轉,00070001
RPPOMLMKNHLGFAB47DA,旱新段,18.03,都市：其他:第二種商業區,10000,91,持分移轉,07250000
RPOWMLKKMHLGFJB78DA,育賢段,19.14,都市：其他:住宅區,10000,18,持分移轉,01810000
RPUNMLNKNHLGFFB48DA,南簡段,15.04,都市：其他:第四種住宅區,10000,28,持分移轉,01840000
RPVOMLOKNHLGFCB48DA,建功段,11.52,都市：其他:第五種住宅區,10000,15,持分移轉,00070001
RPOOMLRJNHLGFAB77DA,旱新段,17.24,都市：其他:第二種商業區,10000,87,持分移轉,07250000
RPWNMLLJMHLGFJB68DA,育賢段,19.14,都市：其他:住宅區,10000,18,持分移轉,01810000
RPUNMLMLMHLGFKB88DA,竹泉段,11.14,都市：其他:第四種住宅區,100000,1245,持分移轉,02090000
RPRNMLKKNHLGFCB57DA,惠民段,12.85,都市：其他:第六種新市政中心專用區,100000,425,持分移轉,01150000
RPPNMLLLLHLGFEB57DA,水美東段,78.00,非都市：特定農業區 ; 非都市編定：甲種建築用地,1,1,全筆移轉,04750001
RPPNMLLLLHLGFEB57DA,水美東段,12.61,非都市：特定農業區 ; 非都市編定：甲種建築用地,18,1,持分移轉,04750008
RPPNMLLLLHLGFEB57DA,水美東段,.72,非都市：特定農業區 ; 非都市編定：甲種建築用地,18,1,持分移轉,04750019
RPPNMLLLLHLGFEB57DA,水美東段,8.21,非都市：特定農業區 ; 非都市編定：甲種建築用地,36,1,持分移轉,04800000
RPPNMLLLLHLGFEB57DA,水美東段,2.84,非都市：特定農業區 ; 非都市編定：甲種建築用地,18,1,持分移轉,04810000
RPSNMLNLNHLGFBB97DA,洲際段,33.39,都市：其他:第一之一種住宅區,10000,67,持分移轉,00230000
RPUOMLTKNHLGFFB56DA,南簡段,25.24,都市：其他:第四種住宅區,10000,47,持分移轉,01840000
RPTNMLNLNHLGFBB08DA,洲際段,33.39,都市：其他:第一之一種住宅區,10000,67,持分移轉,00230000
RPUNMLNLNHLGFBB18DA,洲際段,33.39,都市：其他:第一之一種住宅區,10000,67,持分移轉,00230000
RPWNMLRJNHLGFAB48DA,旱新段,17.24,都市：其他:第二種商業區,10000,87,持分移轉,07250000
RPXOMLSJNHLGFAB78DA,旱新段,16.25,都市：其他:第二種商業區,10000,82,持分移轉,07250000
RPWQMLTKNHLGFCB66DA,福德段,11.31,都市：其他:第二種住宅區,100000,642,持分移轉,02730000
RPQNMLNLNHLGFBB77DA,洲際段,33.39,都市：其他:第一之一種住宅區,10000,67,持分移轉,00230000
RPWOMLPLNHLGFBB68DA,碧柳段,22.46,都市：其他:第二之一種住宅區,100000,509,持分移轉,02150000
RPVOMLTKNHLGFFB66DA,忠孝段,30.06,都市：其他:第四種住宅區,100000,1598,持分移轉,00620002
RPVNMLNLNHLGFFB68DA,忠孝段,30.06,都市：其他:第四種住宅區,100000,1598,持分移轉,00620002
RPRNMLMLNHLGFCB87DA,昌明段,64.82,都市：其他:第一之一種住宅區,1,1,全筆移轉,00940013
RPRNMLMLNHLGFCB87DA,昌明段,46.08,都市：其他:第一之一種住宅區,100000,5263,持分移轉,00940014
RPTOMLKKKHLGFCB57DA,建功段,14.60,都市：其他:第五種住宅區,10000,19,持分移轉,00070001
RPWNMLNLNHLGFBB38DA,洲際段,33.39,都市：其他:第一之一種住宅區,10000,67,持分移轉,00230000
RPRQMLPKNHLGFCB38DA,建功段,19.20,都市：其他:第五種住宅區,10000,25,持分移轉,00070001
RPQPMLQKJHLGFFB18DA,正英段,59.35,都市：其他:第二種住宅區,100000,2011,持分移轉,05130000
RPWNMLPLNHLGFJB76DA,愛平段,33.10,都市：其他:第一種住宅區,100000,1292,持分移轉,10500000
RPOOMLPLNHLGFJB68DA,愛平段,33.79,都市：其他:第一種住宅區,100000,1319,持分移轉,10500000
RPQSMLQKJHLGFFB48DA,正英段,55.99,都市：其他:第二種住宅區,100000,1897,持分移轉,05130000
RPWUNLLMLHLGFJB07DA,育賢段,26.58,都市：其他:住宅區,10000,25,持分移轉,01810000
RPRNMLNKNHLGFFB18DA,南簡段,25.78,都市：其他:第四種住宅區,10000,48,持分移轉,01840000
RPOOMLKKMHLGFJB97DA,育賢段,26.58,都市：其他:住宅區,10000,25,持分移轉,01810000
RPQNMLTJNHLGFBB18DA,洲際段,33.39,都市：其他:第一之一種住宅區,10000,67,持分移轉,00230000
RPSNMLPKLHLGFFB28DA,銀聯段,33.32,都市：其他:第四種住宅區,100000,11144,持分移轉,15070003
RPXOMLNKLHLGFFB68DA,南簡段,25.78,都市：其他:第四種住宅區,10000,48,持分移轉,01840000
RPTOMLNKLHLGFFB28DA,南簡段,27.39,都市：其他:第四種住宅區,10000,51,持分移轉,01840000
RPUQMLQKJHLGFFB68DA,正英段,55.99,都市：其他:第二種住宅區,100000,1897,持分移轉,05130000
RPUOMLMJMHLGFJB68DA,育賢段,26.58,都市：其他:住宅區,10000,25,持分移轉,01810000
RPTNMLPKLHLGFFB38DA,銀聯段,33.32,都市：其他:第四種住宅區,100000,11144,持分移轉,15070003
RPTNMLPJLHLGFFB28DA,鹿峰東段,5.75,都市：其他:第四種住宅區,100000,1813,持分移轉,15330000
RPTNMLPJLHLGFFB28DA,鹿峰東段,5.75,都市：其他:第四種住宅區,100000,1813,持分移轉,15340000
RPTNMLSKLHLGFFB68DA,南簡段,27.39,都市：其他:第四種住宅區,10000,51,持分移轉,01840000
RPVQMLOJLHLGFCB38DA,廣福段,23.25,都市：其他:農業區,100000,856,持分移轉,03360000
RPSNMLSKLHLGFHB78DA,頭家段,28.28,都市：其他:第一之一種住宅區,10000,97,持分移轉,03410000
RPWNMLPKLHLGFFB68DA,銀聯段,33.32,都市：其他:第四種住宅區,100000,11144,持分移轉,15070003
RPQNMLTKLHLGFBB08DA,太順段,20.54,都市：其他:第三種住宅區。,10000,115,持分移轉,00140000
RPSNMLRJNHLGFAB08DA,旱新段,13.27,都市：其他:第二種商業區,10000,67,持分移轉,07250000
RPUOMLQLLHLGFCB48DA,永春段,8.33,都市：其他:第一之一種住宅區,100000,293,持分移轉,01050000
RPUOMLQLLHLGFCB48DA,永春段,190.58,都市：其他:第一種住宅區,1,1,全筆移轉,01060002
RPROMLLKLHLGFCB57DA,福德段,29.21,都市：其他:第二種住宅區,100000,1054,持分移轉,01110000
RPUOMLQLLHLGFCB48DA,永春段,73.96,都市：其他:第一種住宅區,100000,2459,持分移轉,01060004
RPROMLPJKHLGFCB77DA,永春段,26.13,都市：其他:第一之一種住宅區,100000,919,持分移轉,01050000
RPROMLPJKHLGFCB77DA,永春段,1.53,都市：其他:第一種住宅區,100000,51,持分移轉,01060004
RPRNMLNKLHLGFFB97DA,槺榔段,65.00,都市：其他:第四種住宅區,1,1,全筆移轉,05700005
RPRNMLNKLHLGFFB97DA,槺榔段,5.00,都市：其他:第四種住宅區,1,1,全筆移轉,05700018
RPRNMLNKLHLGFFB97DA,槺榔段,26.25,都市：其他:第四種住宅區,8,1,持分移轉,05700020
RPRNMLNKLHLGFFB97DA,槺榔段,4.50,都市：其他:綠地用地,14,1,持分移轉,05700034
RPRNMLNKLHLGFFB97DA,槺榔段,.14,都市：其他:第四種住宅區,14,1,持分移轉,05700035
RPQNMLMJMHLGFKB28DA,龍田段,20.75,都市：其他:第四種住宅區,12,1,持分移轉,13830008
RPQNMLMJMHLGFKB28DA,龍田段,50.00,都市：其他:第四種住宅區,1,1,全筆移轉,13830011
RPVNMLQJLHLGFHB78DA,頭家段,23.03,都市：其他:第一之一種住宅區,10000,79,持分移轉,03410000
RPPOMLKMLHLGFFB77DA,南簡段,25.78,都市：其他:第四種住宅區,10000,48,持分移轉,01840000
RPTOMLPJKHLGFBB87DA,太順段,24.47,都市：其他:第三種住宅區。,10000,137,持分移轉,00140000
RPROMLLJMHLGFFB87DA,南簡段,27.39,都市：其他:第四種住宅區,10000,51,持分移轉,01840000
RPPQMLLJMHLGFBB47DA,新賴厝廍三段,15.20,都市：其他:第二種住宅區,100000,3298,持分移轉,06830000
RPRNMLMJMHLGFKB38DA,龍田段,54.00,都市：其他:第四種住宅區,1,1,全筆移轉,13830002
RPOPMLNLJHLGFAB27DA,大益段,26.87,都市：其他:第二種住宅區,10000,284,持分移轉,04740001
RPRNMLMJMHLGFKB38DA,龍田段,20.75,都市：其他:第四種住宅區,12,1,持分移轉,13830008
RPSRMLSJLHLGFCB58DA,寶文段,30.91,都市：其他:第二種住宅區,100000,660,持分移轉,00350002
RPQVMLOLLHLGFBB48DA,榮德段,29.52,都市：其他:第一之一種住宅區,100000,548,持分移轉,01680000
RPQVMLOLLHLGFBB48DA,榮德段,8.20,都市：其他:第一之一種住宅區,100000,548,持分移轉,01770000
RPQNMLNLLHLGFJB38DA,福平段,15.76,都市：其他:商業區,100000,664,持分移轉,08730000
RPVPMLRKLHLGFCB68DA,建功段,14.60,都市：其他:第五種住宅區,10000,19,持分移轉,00070001
RPURMLNKMHLGFCB48DA,廣福段,21.86,都市：其他:農業區,100000,805,持分移轉,03360000
RPQRNLNLLHLGFJB88DA,福平段,19.70,都市：其他:商業區,100000,830,持分移轉,08730000
RPSPMLSJLHLGFCB38DA,寶文段,29.70,都市：其他:第二種住宅區,100000,634,持分移轉,00350002
RPQNMLRJLHLGFCB87DA,寶文段,38.74,都市：其他:第二種住宅區,100000,827,持分移轉,00350002
RPUOMLNLLHLGFJB88DA,福平段,19.65,都市：其他:商業區,100000,828,持分移轉,08730000
RPRPMLSJLHLGFCB28DA,寶文段,29.70,都市：其他:第二種住宅區,100000,634,持分移轉,00350002
RPRSMLSJLHLGFCB58DA,寶文段,30.91,都市：其他:第二種住宅區,100000,660,持分移轉,00350002
RPVSMLLKLHLGFCB38DA,寶文段,23.51,都市：其他:第二種住宅區,100000,502,持分移轉,00350002
RPXNMLQJLHLGFDB58DA,口庄段,25.73,非都市：特定農業區 ; 非都市編定：甲種建築用地,25,1,持分移轉,02680000
RPWNMLQJLHLGFDB48DA,口庄段,25.73,非都市：特定農業區 ; 非都市編定：甲種建築用地,25,1,持分移轉,02680000
RPXNMLQJLHLGFDB58DA,口庄段,82.33,非都市：特定農業區 ; 非都市編定：甲種建築用地,1,1,全筆移轉,02680001
RPWNMLQJLHLGFDB48DA,口庄段,67.42,非都市：特定農業區 ; 非都市編定：甲種建築用地,1,1,全筆移轉,02680017
RPRNMLQJLHLGFDB97DA,口庄段,25.73,非都市：特定農業區 ; 非都市編定：甲種建築用地,25,1,持分移轉,02680000
RPRNMLQJLHLGFDB97DA,口庄段,81.02,非都市：特定農業區 ; 非都市編定：甲種建築用地,1,1,全筆移轉,02680023
RPUPMLSJLHLGFCB58DA,寶文段,30.91,都市：其他:第二種住宅區,100000,660,持分移轉,00350002
RPPQNLNLLHLGFJB68DA,福平段,19.70,都市：其他:商業區,100000,830,持分移轉,08730000
RPVWMLNLLHLGFJB17DA,福平段,19.70,都市：其他:商業區,100000,830,持分移轉,08730000
RPRNMLOLKHLGFHB28DA,自強段,47.00,非都市：特定農業區 ; 非都市編定：甲種建築用地,1,1,全筆移轉,00390009
RPSNMLOLKHLGFHB38DA,自強段,42.00,非都市：特定農業區 ; 非都市編定：農牧用地,355,42,持分移轉,00380000
RPROMLNKMHLGFFB18DA,南簡段,17.72,都市：其他:第四種住宅區,10000,33,持分移轉,01840000
RPRNMLOLKHLGFHB28DA,自強段,23.60,非都市：特定農業區 ; 非都市編定：甲種建築用地,10,1,持分移轉,00390013
RPQOMLNKMHLGFFB08DA,南簡段,24.17,都市：其他:第四種住宅區,10000,45,持分移轉,01840000
RPRQNLNLLHLGFJB88DA,福平段,19.62,都市：其他:商業區,100000,827,持分移轉,08730000
RPQOMLRKLHLGFDB18DA,六張段,.60,非都市：特定農業區 ; 非都市編定：水利用地,24,1,持分移轉,01540005
RPPOMLKMLHLGFEB67DA,中山段,29.22,都市：其他:住宅區,100000,4097,持分移轉,01160000
RPWNMLKMLHLGFEB28DA,中山段,19.09,都市：其他:住宅區,100000,2676,持分移轉,01160000
RPQOMLRKLHLGFDB18DA,六張段,27.01,非都市：特定農業區 ; 非都市編定：甲種建築用地,24,1,持分移轉,02400000
RPQOMLRKLHLGFDB18DA,六張段,71.67,非都市：特定農業區 ; 非都市編定：甲種建築用地,1,1,全筆移轉,02400015
RPQOMLRKLHLGFDB18DA,六張段,.75,非都市：特定農業區 ; 非都市編定：甲種建築用地,24,1,持分移轉,02400031
RPWNNLOJMHLGFBB28DA,仁平段,20.05,都市：其他:第一之一種住宅區,100000,751,持分移轉,03580000
RPWNNLOJMHLGFBB28DA,平田段,9.68,都市：其他:第二種住宅區,100000,751,持分移轉,09530000
RPROMLRJMHLGFAB97DA,科博段,20.38,都市：其他:第三種商業區,10000,68,持分移轉,03610000
RPUNMLOKMHLGFJB88DA,育賢段,19.14,都市：其他:住宅區,10000,18,持分移轉,01810000
RPTNMLMJMHLGFJB48DA,育賢段,26.58,都市：其他:住宅區,10000,25,持分移轉,01810000
RPVOMLOKMHLGFFB68DA,南簡段,27.39,都市：其他:第四種住宅區,10000,51,持分移轉,01840000
RPSNMLQJLHLGFDB08DA,口庄段,25.73,非都市：特定農業區 ; 非都市編定：甲種建築用地,25,1,持分移轉,02680000
RPSNMLQJLHLGFDB08DA,口庄段,79.55,非都市：特定農業區 ; 非都市編定：甲種建築用地,1,1,全筆移轉,02680022
RPQPMLSJLHLGFCB18DA,寶文段,29.70,都市：其他:第二種住宅區,100000,634,持分移轉,00350002
RPVPMLKLMHLGFCB18DA,生態段,27.27,都市：其他:第二種生態住宅專用區,10000,126,持分移轉,00660000
RPVPMLKLMHLGFCB18DA,生態段,12.42,都市：其他:第二種生態住宅專用區,10000,126,持分移轉,00670000
RPPNMLQLMHLGFCB97DA,惠安段,29.44,都市：其他:第二種住宅區,10000,428,持分移轉,00910000
RPXOMLOLMHLGFBB58DA,碧柳段,22.42,都市：其他:第二之一種住宅區,100000,508,持分移轉,02150000
RPXNMLKKMHLGFJB78DA,育賢段,32.96,都市：其他:住宅區,10000,31,持分移轉,01810000
RPSOMLNLMHLGFBB97DA,碧柳段,22.42,都市：其他:第二之一種住宅區,100000,508,持分移轉,02150000
RPSQMLKKMHLGFJB58DA,育賢段,18.08,都市：其他:住宅區,10000,17,持分移轉,01810000
RPVUMLKKMHLGFJB66DA,育賢段,18.08,都市：其他:住宅區,10000,17,持分移轉,01810000
RPQRNLKKMHLGFJB58DA,育賢段,26.58,都市：其他:住宅區,10000,25,持分移轉,01810000
RPOOMLRLMHLGFFB38DA,南簡段,25.24,都市：其他:第四種住宅區,10000,47,持分移轉,01840000
RPOPMLSLMHLGFCB28DA,福德段,29.10,都市：其他:第二種住宅區,100000,1050,持分移轉,01110000
RPOOMLLMLHLGFJB18DA,振文段,11.14,都市：其他:住宅區,200000,7692,持分移轉,01130001
RPOOMLLMLHLGFJB18DA,振文段,.32,都市：其他:住宅區,52,2,持分移轉,01130002
RPOOMLLMLHLGFJB18DA,振文段,10.70,都市：其他:住宅區,52,2,持分移轉,01130003
RPOOMLLMLHLGFJB18DA,振文段,54.07,都市：其他:住宅區,1,1,全筆移轉,01130007
RPVNMLLKNHLGFFB38DA,正義段,115.57,都市：其他:第二種住宅區,1,1,全筆移轉,11350001
RPUNMLLKNHLGFFB28DA,正義段,110.64,都市：其他:第二種住宅區,1,1,全筆移轉,11350002
RPXNMLLKNHLGFFB58DA,正義段,171.72,都市：其他:第二種住宅區,1,1,全筆移轉,11350004
RPQOMLLKNHLGFFB97DA,南簡段,27.39,都市：其他:第四種住宅區,10000,51,持分移轉,01840000
RPRNMLMLMHLGFGB18DA,高簡段,124.62,都市：其他:住宅區,1,1,全筆移轉,13310042
RPWNMLRJNHLGFKB86DA,龍田段,20.75,都市：其他:第四種住宅區,12,1,持分移轉,13830008
RPWNMLRJNHLGFKB86DA,龍田段,50.00,都市：其他:第四種住宅區,1,1,全筆移轉,13830010
RPROMLRJNHLGFKB09DA,龍田段,20.75,都市：其他:第四種住宅區,12,1,持分移轉,13830008
RPROMLRJNHLGFKB09DA,龍田段,50.00,都市：其他:第四種住宅區,1,1,全筆移轉,13830014
RPRNMLRJNHLGFAB97DA,旱新段,13.27,都市：其他:第二種商業區,10000,67,持分移轉,07250000
RPVNMLRJNHLGFAB38DA,旱新段,13.47,都市：其他:第二種商業區,10000,68,持分移轉,07250000
RPXNMLRJNHLGFAB58DA,旱新段,13.27,都市：其他:第二種商業區,10000,67,持分移轉,07250000
RPOPMLRJNHLGFAB87DA,旱新段,13.27,都市：其他:第二種商業區,10000,67,持分移轉,07250000
RPPPMLRJNHLGFAB97DA,旱新段,13.27,都市：其他:第二種商業區,10000,67,持分移轉,07250000
RPXNMLSJNHLGFAB68DA,旱新段,13.67,都市：其他:第二種商業區,10000,69,持分移轉,07250000
RPROMLSJNHLGFAB18DA,旱新段,13.67,都市：其他:第二種商業區,10000,69,持分移轉,07250000
RPOOMLKMLHLGFEB57DA,中山段,29.20,都市：其他:住宅區,100000,4094,持分移轉,01160000
RPSOMLLKNHLGFBB77DA,碧柳段,23.83,都市：其他:第二之一種住宅區,100000,540,持分移轉,02150000
RPOOMLMKNHLGFAB37DA,旱新段,12.68,都市：其他:第二種商業區,10000,64,持分移轉,07250000
RPUQMLLKNHLGFBB18DA,碧柳段,22.42,都市：其他:第二之一種住宅區,100000,508,持分移轉,02150000
RPQOMLKMLHLGFEB77DA,中山段,19.09,都市：其他:住宅區,100000,2676,持分移轉,01160000
RPQNMLMJMHLGFJB18DA,育賢段,26.58,都市：其他:住宅區,10000,25,持分移轉,01810000
RPXPMLMLMHLGFJB66DA,育賢段,19.14,都市：其他:住宅區,10000,18,持分移轉,01810000
RPSNMLTJNHLGFJB56DA,育賢段,19.14,都市：其他:住宅區,10000,18,持分移轉,01810000
RPXOMLMLMHLGFJB56DA,育賢段,20.20,都市：其他:住宅區,10000,19,持分移轉,01810000
RPPOMLRJNHLGFAB87DA,旱新段,13.47,都市：其他:第二種商業區,10000,68,持分移轉,07250000
RPROMLRJNHLGFAB08DA,旱新段,13.67,都市：其他:第二種商業區,10000,69,持分移轉,07250000
RPTWMLKKMHLGFJB66DA,育賢段,19.14,都市：其他:住宅區,10000,18,持分移轉,01810000
RPOQNLKKMHLGFJB28DA,育賢段,21.27,都市：其他:住宅區,10000,20,持分移轉,01810000
RPWNMLMJMHLGFJB78DA,育賢段,26.58,都市：其他:住宅區,10000,25,持分移轉,01810000
RPTPNLKKMHLGFJB68DA,育賢段,19.14,都市：其他:住宅區,10000,18,持分移轉,01810000
RPVUMLLMLHLGFCB78DA,建功段,19.20,都市：其他:第五種住宅區,10000,25,持分移轉,00070001
RPUUMLLMLHLGFCB68DA,建功段,19.20,都市：其他:第五種住宅區,10000,25,持分移轉,00070001
RPUTMLMJMHLGFBB38DA,溝背段,22.14,都市：其他:第二之一種住宅區,100000,595,持分移轉,01430000
RPXSMLLLMHLGFCB78DA,建功段,14.60,都市：其他:第五種住宅區,10000,19,持分移轉,00070001
RPPVMLLMLHLGFJB98DA,育賢段,19.14,都市：其他:住宅區,10000,18,持分移轉,01810000
RPVPMLMJMHLGFJB88DA,育賢段,32.96,都市：其他:住宅區,10000,31,持分移轉,01810000
RPTONLKKMHLGFJB58DA,育賢段,19.14,都市：其他:住宅區,10000,18,持分移轉,01810000
RPOTNLLMLHLGFJB78DA,育賢段,19.14,都市：其他:住宅區,10000,18,持分移轉,01810000
RPSWMLOLLHLGFBB78DA,敦和段,41.55,都市：其他:第一之一種住宅區,100000,1076,持分移轉,00120000
RPQPMLRKLHLGFCB18DA,建功段,11.52,都市：其他:第五種住宅區,10000,15,持分移轉,00070001
RPPNMLKKLHLGFDB27DA,口庄段,177.49,非都市：特定農業區 ; 非都市編定：農牧用地,10000,2881,持分移轉,02670000
RPUUMLMJMHLGFBB48DA,溝背段,22.14,都市：其他:第二之一種住宅區,100000,595,持分移轉,01430000
RPPNMLMKNHLGFCB57DA,生態段,27.27,都市：其他:第二種生態住宅專用區,10000,126,持分移轉,00660000
RPPNMLMKNHLGFCB57DA,生態段,12.42,都市：其他:第二種生態住宅專用區,10000,126,持分移轉,00670000
RPPNMLTKLHLGFEB28DA,水美東段,67.08,非都市：特定農業區 ; 非都市編定：甲種建築用地,1,1,全筆移轉,04750003
RPPNMLTKLHLGFEB28DA,水美東段,12.61,非都市：特定農業區 ; 非都市編定：甲種建築用地,18,1,持分移轉,04750008
RPPNMLTKLHLGFEB28DA,水美東段,.72,非都市：特定農業區 ; 非都市編定：甲種建築用地,18,1,持分移轉,04750019
RPPNMLTKLHLGFEB28DA,水美東段,8.21,非都市：特定農業區 ; 非都市編定：甲種建築用地,36,1,持分移轉,04800000
RPPNMLTKLHLGFEB28DA,水美東段,2.84,非都市：特定農業區 ; 非都市編定：甲種建築用地,18,1,持分移轉,04810000
RPPWMLOLLHLGFBB48DA,敦和段,35.84,都市：其他:第一之一種住宅區,100000,928,持分移轉,00120000
RPPNMLLJLHLGFEB37DA,水美東段,12.61,非都市：特定農業區 ; 非都市編定：甲種建築用地,18,1,持分移轉,04750008
RPPNMLLJLHLGFEB37DA,水美東段,67.08,非都市：特定農業區 ; 非都市編定：甲種建築用地,1,1,全筆移轉,04750011
RPPNMLLJLHLGFEB37DA,水美東段,.72,非都市：特定農業區 ; 非都市編定：甲種建築用地,18,1,持分移轉,04750019
RPPNMLLJLHLGFEB37DA,水美東段,8.21,非都市：特定農業區 ; 非都市編定：甲種建築用地,36,1,持分移轉,04800000
RPPNMLLJLHLGFEB37DA,水美東段,2.84,非都市：特定農業區 ; 非都市編定：甲種建築用地,18,1,持分移轉,04810000
RPXOMLRJNHLGFAB68DA,旱新段,13.67,都市：其他:第二種商業區,10000,69,持分移轉,07250000
RPTNMLLJLHLGFEB77DA,水美東段,67.08,非都市：特定農業區 ; 非都市編定：甲種建築用地,1,1,全筆移轉,04750002
RPTNMLLJLHLGFEB77DA,水美東段,12.61,非都市：特定農業區 ; 非都市編定：甲種建築用地,18,1,持分移轉,04750008
RPTNMLLJLHLGFEB77DA,水美東段,.72,非都市：特定農業區 ; 非都市編定：甲種建築用地,18,1,持分移轉,04750019
RPTNMLLJLHLGFEB77DA,水美東段,8.21,非都市：特定農業區 ; 非都市編定：甲種建築用地,36,1,持分移轉,04800000
RPTNMLLJLHLGFEB77DA,水美東段,2.84,非都市：特定農業區 ; 非都市編定：甲種建築用地,18,1,持分移轉,04810000
RPTNMLRJNHLGFAB18DA,旱新段,12.88,都市：其他:第二種商業區,10000,65,持分移轉,07250000
RPXRMLMJMHLGFBB48DA,敦和段,35.68,都市：其他:第一之一種住宅區,100000,924,持分移轉,00120000
RPSNMLMLNHLGFAB77DA,旱新段,16.25,都市：其他:第二種商業區,10000,82,持分移轉,07250000
RPPOMLSJNHLGFKB98DA,龍田段,67.00,都市：其他:第四種住宅區,1,1,全筆移轉,13830007
RPQOMLRJNHLGFAB97DA,旱新段,13.67,都市：其他:第二種商業區,10000,69,持分移轉,07250000
RPPOMLSJNHLGFKB98DA,龍田段,20.75,都市：其他:第四種住宅區,12,1,持分移轉,13830008
RPORMLOLLHLGFBB87DA,敦和段,41.55,都市：其他:第一之一種住宅區,100000,1076,持分移轉,00120000
RPXVMLOLLHLGFBB56DA,敦和段,41.55,都市：其他:第一之一種住宅區,100000,1076,持分移轉,00120000
RPTNMLSLNHLGFDB78DA,六張段,.60,非都市：特定農業區 ; 非都市編定：水利用地,24,1,持分移轉,01540005
RPTNMLSLNHLGFDB78DA,六張段,27.01,非都市：特定農業區 ; 非都市編定：甲種建築用地,24,1,持分移轉,02400000
RPTNMLSLNHLGFDB78DA,六張段,65.09,非都市：特定農業區 ; 非都市編定：甲種建築用地,1,1,全筆移轉,02400019
RPTNMLSLNHLGFDB78DA,六張段,.75,非都市：特定農業區 ; 非都市編定：甲種建築用地,24,1,持分移轉,02400031
RPPPMLTKNHLGFFB78DA,忠孝段,30.36,都市：其他:第四種住宅區,100000,1614,持分移轉,00620002
RPXOMLTKNHLGFFB86DA,忠孝段,30.06,都市：其他:第四種住宅區,100000,1598,持分移轉,00620002
RPTNMLOLLHLGFEB28DA,水美東段,80.46,非都市：特定農業區 ; 非都市編定：甲種建築用地,1,1,全筆移轉,04750000
RPTNMLOLLHLGFEB28DA,水美東段,12.61,非都市：特定農業區 ; 非都市編定：甲種建築用地,36,2,持分移轉,04750008
RPTNMLOLLHLGFEB28DA,水美東段,.72,非都市：特定農業區 ; 非都市編定：甲種建築用地,36,2,持分移轉,04750019
RPTNMLOLLHLGFEB28DA,水美東段,8.21,非都市：特定農業區 ; 非都市編定：甲種建築用地,72,2,持分移轉,04800000
RPTNMLOLLHLGFEB28DA,水美東段,2.84,非都市：特定農業區 ; 非都市編定：甲種建築用地,36,2,持分移轉,04810000
RPQQMLKLNHLGFCB87DA,建功段,14.60,都市：其他:第五種住宅區,10000,19,持分移轉,00070001
RPWOMLTKNHLGFAB88DA,旱新段,13.47,都市：其他:第二種商業區,10000,68,持分移轉,07250000
RPWNMLKMNHLGFFB58DA,南簡段,25.78,都市：其他:第四種住宅區,10000,48,持分移轉,01840000
RPPOMLKMNHLGFFB97DA,南簡段,29.54,都市：其他:第四種住宅區,10000,55,持分移轉,01840000
RPXNMLMLNHLGFJB56DA,育賢段,18.08,都市：其他:住宅區,10000,17,持分移轉,01810000
RPRSMLKKMHLGFJB68DA,育賢段,19.14,都市：其他:住宅區,10000,18,持分移轉,01810000
RPWOMLTKNHLGFFB76DA,忠孝段,30.06,都市：其他:第四種住宅區,100000,1598,持分移轉,00620002
RPUPNLKKMHLGFJB78DA,育賢段,18.08,都市：其他:住宅區,10000,17,持分移轉,01810000
RPSSMLPLNHLGFBB68DA,碧柳段,22.42,都市：其他:第二之一種住宅區,100000,508,持分移轉,02150000
RPSNMLNLNHLGFFB38DA,忠孝段,30.06,都市：其他:第四種住宅區,100000,1598,持分移轉,00620002
RPRVMLOLLHLGFBB58DA,敦和段,41.44,都市：其他:第一之一種住宅區,100000,1073,持分移轉,00120000
RPQPMLQLNHLGFJB09DA,愛平段,33.18,都市：其他:第一種住宅區,100000,1295,持分移轉,10500000
RPPOMLMJOHLGFAB47DA,旱新段,12.88,都市：其他:第二種商業區,10000,65,持分移轉,07250000
RPWOMLMJMHLGFJB88DA,育賢段,26.58,都市：其他:住宅區,10000,25,持分移轉,01810000
RPPPMLQLNHLGFJB98DA,愛平段,33.08,都市：其他:第一種住宅區,100000,1291,持分移轉,10500000
RPPRMLNJKHLGFCB67DA,建功段,11.52,都市：其他:第五種住宅區,10000,15,持分移轉,00070001
RPPNMLQKLHLGFBB67DA,敦和段,7.42,都市：其他:第一之一種住宅區,8,1,持分移轉,04550002
RPPNMLQKLHLGFBB67DA,敦和段,94.52,都市：其他:第一之一種住宅區,1,1,全筆移轉,04550003
RPORMLNJKHLGFCB57DA,建功段,11.52,都市：其他:第五種住宅區,10000,15,持分移轉,00070001
RPXNMLLKLHLGFGB48DA,和興段,78.14,都市：其他:住宅區,1,1,全筆移轉,02560029
RPTNMLQJLHLGFHB58DA,頭家段,25.94,都市：其他:第一之一種住宅區,10000,89,持分移轉,03410000
RPPOMLMJLHLGFCB37DA,豐業段,24.28,都市：其他:第二種住宅區,100000,981,持分移轉,01340000
RPUNMLQJLHLGFHB68DA,頭家段,20.41,都市：其他:第一之一種住宅區,10000,70,持分移轉,03410000
RPWOMLKKKHLGFFB18DA,興安西段,19.41,都市：其他:第二種商業區,10000,50,持分移轉,00070000
RPSTMLMJLHLGFCB18DA,豐業段,24.61,都市：其他:第二種住宅區,100000,994,持分移轉,01340000
RPOPMLKKKHLGFCB17DA,建功段,14.60,都市：其他:第五種住宅區,10000,19,持分移轉,00070001
RPVOMLQKJHLGFFB58DA,正英段,55.99,都市：其他:第二種住宅區,100000,1897,持分移轉,05130000
RPRPMLKKKHLGFCB47DA,建功段,10.75,都市：其他:第五種住宅區,10000,14,持分移轉,00070001
RPWQMLLKLHLGFCB28DA,永春段,23.20,都市：其他:第一之一種住宅區,100000,816,持分移轉,01050000
RPWQMLLKLHLGFCB28DA,永春段,1.38,都市：其他:第一種住宅區,100000,46,持分移轉,01060004
RPTOMLMJLHLGFCB77DA,豐業段,26.64,都市：其他:第二種住宅區,100000,1076,持分移轉,01340000
RPUTMLMJLHLGFCB38DA,豐業段,24.28,都市：其他:第二種住宅區,100000,981,持分移轉,01340000
RPTOMLRJJHLGFFB38DA,大學段,4.86,都市：其他:第二種住宅區,10000,1250,持分移轉,17910004
RPTOMLRJJHLGFFB38DA,大學段,46.91,都市：其他:第二種住宅區,1,1,全筆移轉,17910008
RPTOMLRJJHLGFFB38DA,大學段,1.16,都市：其他:第二種住宅區,10000,1246,持分移轉,17910015
RPTOMLRJJHLGFFB38DA,大學段,14.99,都市：其他:第二種住宅區,10000,2500,持分移轉,17910016
RPQOMLLKLHLGFCB47DA,福德段,29.21,都市：其他:第二種住宅區,100000,1054,持分移轉,01110000
RPTNMLQJLHLGFIB68DA,新高鐵段,16.05,都市：其他:商業區,100000,277,持分移轉,00570000
RPWTMLMJLHLGFCB58DA,豐業段,24.95,都市：其他:第二種住宅區,100000,1008,持分移轉,01340000
RPWOMLMJLHLGFCB08DA,豐業段,24.28,都市：其他:第二種住宅區,100000,981,持分移轉,01340000
RPWQNLMJLHLGFBB28DA,東山段,16.69,都市：其他:第一種商業區,1000000,4790,持分移轉,02280000
RPPOMLPJLHLGFFB97DA,鹿峰東段,4.58,都市：其他:第四種住宅區,100000,1443,持分移轉,15330000
RPPOMLPJLHLGFFB97DA,鹿峰東段,4.58,都市：其他:第四種住宅區,100000,1443,持分移轉,15340000
RPUNMLQJLHLGFBB08DA,同榮段,29.27,都市：其他:第二種住宅區,1000000,11351,持分移轉,33070000
RPRVMLLMJHLGFIB88DA,新高鐵段,16.05,都市：其他:商業區,100000,277,持分移轉,00570000
RPSSMLSJLHLGFCB68DA,寶文段,30.91,都市：其他:第二種住宅區,100000,660,持分移轉,00350002
RPSUMLOLLHLGFBB58DA,榮德段,35.23,都市：其他:第一之一種住宅區,100000,654,持分移轉,01680000
RPSUMLOLLHLGFBB58DA,榮德段,9.79,都市：其他:第一之一種住宅區,100000,654,持分移轉,01770000
RPVOMLSKLHLGFIB66DA,新厝段,16.77,非都市：特定農業區 ; 非都市編定：甲種建築用地,9,1,持分移轉,02950000
RPVOMLSKLHLGFIB66DA,新厝段,49.20,非都市：特定農業區 ; 非都市編定：甲種建築用地,1,1,全筆移轉,02950010
RPQOMLKLKIKGFDB47DA,育仁段,26.36,都市：其他:第二種住宅區,100000,3814,持分移轉,04590000
RPXNMLKMLHLGFFB48DA,南簡段,18.26,都市：其他:第四種住宅區,10000,34,持分移轉,01840000
RPSOMLPJKHLGFCB87DA,永春段,23.00,都市：其他:第一之一種住宅區,100000,809,持分移轉,01050000
RPVNMLLMJHLGFIB48DA,新高鐵段,15.76,都市：其他:商業區,100000,272,持分移轉,00570000
RPSOMLPJKHLGFCB87DA,永春段,1.38,都市：其他:第一種住宅區,100000,46,持分移轉,01060004
RPQSMLLMJHLGFIB48DA,新高鐵段,16.05,都市：其他:商業區,100000,277,持分移轉,00570000
RPSOMLLJMHLGFFB97DA,南簡段,18.26,都市：其他:第四種住宅區,10000,34,持分移轉,01840000
RPPNMLSLLHLGFHB58DA,頭家段,23.03,都市：其他:第一之一種住宅區,10000,79,持分移轉,03410000
RPWQMLRKLHLGFCB88DA,建功段,19.20,都市：其他:第五種住宅區,10000,25,持分移轉,00070001
RPSPMLQJLHLGFIB78DA,新高鐵段,15.76,都市：其他:商業區,100000,272,持分移轉,00570000
RPSUMLOJMHLGFBB48DA,仁平段,22.13,都市：其他:第一之一種住宅區,100000,829,持分移轉,03580000
RPSUMLOJMHLGFBB48DA,平田段,10.69,都市：其他:第二種住宅區,100000,829,持分移轉,09530000
RPPPMLTKNHLGFAB28DA,旱新段,10.90,都市：其他:第二種商業區,10000,55,持分移轉,07250000
RPWPMLSJMHLGFBB78DA,榮德段,29.63,都市：其他:第一之一種住宅區,100000,550,持分移轉,01680000
RPWPMLSJMHLGFBB78DA,榮德段,8.23,都市：其他:第一之一種住宅區,100000,550,持分移轉,01770000
RPPNNLOJMHLGFBB57DA,仁平段,20.05,都市：其他:第一之一種住宅區,100000,751,持分移轉,03580000
RPPNNLOJMHLGFBB57DA,平田段,9.68,都市：其他:第二種住宅區,100000,751,持分移轉,09530000
RPXQMLLMLHLGFJB66DA,育賢段,19.14,都市：其他:住宅區,10000,18,持分移轉,01810000
RPWOMLRKLHLGFDB78DA,六張段,.60,非都市：特定農業區 ; 非都市編定：水利用地,24,1,持分移轉,01540005
RPWOMLRKLHLGFDB78DA,六張段,27.01,非都市：特定農業區 ; 非都市編定：甲種建築用地,24,1,持分移轉,02400000
RPWOMLRKLHLGFDB78DA,六張段,63.12,非都市：特定農業區 ; 非都市編定：甲種建築用地,1,1,全筆移轉,02400018
RPWOMLRKLHLGFDB78DA,六張段,.75,非都市：特定農業區 ; 非都市編定：甲種建築用地,24,1,持分移轉,02400031
RPOOMLLMLHLGFFB77DA,大學段,44.45,都市：其他:第二種住宅區,1,1,全筆移轉,17910002
RPPRMLMJLHLGFCB67DA,豐業段,27.18,都市：其他:第二種住宅區,100000,1098,持分移轉,01340000
RPOOMLLMLHLGFFB77DA,大學段,4.85,都市：其他:第二種住宅區,10000,1248,持分移轉,17910004
RPOOMLLMLHLGFFB77DA,大學段,1.16,都市：其他:第二種住宅區,10000,1246,持分移轉,17910015
RPOOMLLMLHLGFFB77DA,大學段,14.99,都市：其他:第二種住宅區,10000,2500,持分移轉,17910016
RPPNMLRJLHLGFEB97DA,九張段,.17,非都市：鄉村區 ; 非都市編定：乙種建築用地,17,1,持分移轉,06920010
RPPNMLRJLHLGFEB97DA,九張段,20.51,非都市：鄉村區 ; 非都市編定：乙種建築用地,17,1,持分移轉,06920011
RPPNMLRJLHLGFEB97DA,九張段,66.41,非都市：鄉村區 ; 非都市編定：乙種建築用地,1,1,全筆移轉,06920016
RPSNMLNJMHLGFBB67DA,仁平段,21.15,都市：其他:第一之一種住宅區,100000,792,持分移轉,03580000
RPSNMLNJMHLGFBB67DA,平田段,10.21,都市：其他:第二種住宅區,100000,792,持分移轉,09530000
RPPOMLNLLHLGFJB38DA,福平段,19.72,都市：其他:商業區,100000,831,持分移轉,08730000
RPPRMLTJLHLGFCB38DA,寶文段,30.40,都市：其他:第二種住宅區,100000,649,持分移轉,00350002
RPUSMLKKLHLGFCB18DA,寶文段,29.27,都市：其他:第二種住宅區,100000,625,持分移轉,00350002
RPOOMLRJMHLGFCB87DA,福德段,33.12,都市：其他:第二種住宅區,100000,1195,持分移轉,01110000
RPQSMLTJLHLGFCB58DA,建功段,13.83,都市：其他:第五種住宅區,10000,18,持分移轉,00070001
RPRTMLLMLHLGFCB28DA,建功段,11.52,都市：其他:第五種住宅區,10000,15,持分移轉,00070001
RPQPMLNLLHLGFJB58DA,福平段,19.70,都市：其他:商業區,100000,830,持分移轉,08730000
RPXPMLOJMHLGFBB48DA,仁平段,21.04,都市：其他:第一之一種住宅區,100000,788,持分移轉,03580000
RPXOMLTKNHLGFAB98DA,旱新段,13.47,都市：其他:第二種商業區,10000,68,持分移轉,07250000
RPXPMLOJMHLGFBB48DA,平田段,10.16,都市：其他:第二種住宅區,100000,788,持分移轉,09530000
RPONNLOJMHLGFBB47DA,仁平段,20.05,都市：其他:第一之一種住宅區,100000,751,持分移轉,03580000
RPONNLOJMHLGFBB47DA,平田段,9.68,都市：其他:第二種住宅區,100000,751,持分移轉,09530000
RPVUNLMJLHLGFBB58DA,東光段,14.00,都市：其他:第二種商業區,100000,1097,持分移轉,04130000
RPPQMLMJKHLGFBB37DA,文北段,21.08,都市：其他:第二之一種住宅區,100000,1869,持分移轉,01060000
RPOQMLMJKHLGFBB27DA,文北段,20.93,都市：其他:第二之一種住宅區,100000,1855,持分移轉,01060000
RPQONLOJMHLGFBB77DA,仁平段,22.05,都市：其他:第一之一種住宅區,100000,826,持分移轉,03580000
RPQONLOJMHLGFBB77DA,平田段,10.65,都市：其他:第二種住宅區,100000,826,持分移轉,09530000
RPROMLRKLHLGFDB28DA,六張段,.60,非都市：特定農業區 ; 非都市編定：水利用地,24,1,持分移轉,01540005
RPROMLRKLHLGFDB28DA,六張段,27.01,非都市：特定農業區 ; 非都市編定：甲種建築用地,24,1,持分移轉,02400000
RPROMLRKLHLGFDB28DA,六張段,58.52,非都市：特定農業區 ; 非都市編定：甲種建築用地,1,1,全筆移轉,02400016
RPROMLRKLHLGFDB28DA,六張段,.75,非都市：特定農業區 ; 非都市編定：甲種建築用地,24,1,持分移轉,02400031
RPXOMLOJLHLGFFB68DA,興安西段,17.47,都市：其他:第二種商業區,10000,45,持分移轉,00070000
RPORMLTJLHLGFCB28DA,寶文段,30.40,都市：其他:第二種住宅區,100000,649,持分移轉,00350002
RPRRMLLMLHLGFJB78DA,育賢段,19.14,都市：其他:住宅區,10000,18,持分移轉,01810000
RPVNNLOJMHLGFBB18DA,仁平段,20.05,都市：其他:第一之一種住宅區,100000,751,持分移轉,03580000
RPVNNLOJMHLGFBB18DA,平田段,9.68,都市：其他:第二種住宅區,100000,751,持分移轉,09530000
RPONOLLMLHLGFJB28DA,育賢段,32.96,都市：其他:住宅區,10000,31,持分移轉,01810000
RPQOMLPJKHLGFCB67DA,永春段,23.20,都市：其他:第一之一種住宅區,100000,816,持分移轉,01050000
RPQOMLPJKHLGFCB67DA,永春段,1.38,都市：其他:第一種住宅區,100000,46,持分移轉,01060004
RPUNNLOJMHLGFBB08DA,仁平段,20.05,都市：其他:第一之一種住宅區,100000,751,持分移轉,03580000
RPUNNLOJMHLGFBB08DA,平田段,9.68,都市：其他:第二種住宅區,100000,751,持分移轉,09530000
RPQOMLLJMHLGFIB08DA,仁美段,5.20,都市：其他:住宅區,100000,1348,持分移轉,12130000
RPQOMLLJMHLGFIB08DA,仁美段,21.31,非都市：一般農業區 ; 非都市編定：甲種建築用地,100000,2000,持分移轉,13360000
RPWNMLNLMHLGFBB28DA,碧柳段,22.59,都市：其他:第二之一種住宅區,100000,512,持分移轉,02150000
RPWVMLLMLHLGFJB07DA,育賢段,19.14,都市：其他:住宅區,10000,18,持分移轉,01810000
RPQSMLLMLHLGFJB78DA,育賢段,19.14,都市：其他:住宅區,10000,18,持分移轉,01810000
RPTPMLOLMHLGFBB28DA,碧柳段,22.59,都市：其他:第二之一種住宅區,100000,512,持分移轉,02150000
RPWPMLOLMHLGFBB58DA,碧柳段,22.86,都市：其他:第二之一種住宅區,100000,518,持分移轉,02150000
RPOPMLNLMHLGFBB67DA,碧柳段,22.59,都市：其他:第二之一種住宅區,100000,512,持分移轉,02150000
RPSRMLLMLHLGFJB88DA,育賢段,32.96,都市：其他:住宅區,10000,31,持分移轉,01810000
RPQWMLKKMHLGFJB98DA,育賢段,37.22,都市：其他:住宅區,10000,35,持分移轉,01810000
RPTVMLKKMHLGFJB56DA,育賢段,21.27,都市：其他:住宅區,10000,20,持分移轉,01810000
RPXRMLKKMHLGFJB56DA,育賢段,19.14,都市：其他:住宅區,10000,18,持分移轉,01810000
RPRUMLKKMHLGFJB88DA,育賢段,37.22,都市：其他:住宅區,10000,35,持分移轉,01810000
RPROMLQLMHLGFCB28DA,惠安段,29.44,都市：其他:第二種住宅區,10000,428,持分移轉,00910000
RPSNMLLJLHLGFEB67DA,九張段,.09,非都市：鄉村區 ; 非都市編定：乙種建築用地,170000,5000,持分移轉,06920010
RPSNMLLJLHLGFEB67DA,九張段,10.26,非都市：鄉村區 ; 非都市編定：乙種建築用地,170000,5000,持分移轉,06920011
RPSNMLLJLHLGFEB67DA,九張段,2.48,非都市：鄉村區 ; 非都市編定：乙種建築用地,1,1,全筆移轉,06920012
RPSNMLLJLHLGFEB67DA,九張段,49.46,非都市：鄉村區 ; 非都市編定：乙種建築用地,1,1,全筆移轉,06920013
RPVONLLMLHLGFJB98DA,育賢段,19.14,都市：其他:住宅區,10000,18,持分移轉,01810000
RPRQNLKKMHLGFJB58DA,育賢段,18.08,都市：其他:住宅區,10000,17,持分移轉,01810000
RPVRMLMJMHLGFJB09DA,育賢段,32.96,都市：其他:住宅區,10000,31,持分移轉,01810000
RPVQNLKKMHLGFJB98DA,育賢段,18.08,都市：其他:住宅區,10000,17,持分移轉,01810000
RPVVNLLMLHLGFJB07DA,育賢段,19.14,都市：其他:住宅區,10000,18,持分移轉,01810000
RPTRMLKKMHLGFJB78DA,育賢段,19.14,都市：其他:住宅區,10000,18,持分移轉,01810000
RPPRNLKKMHLGFJB48DA,育賢段,22.33,都市：其他:住宅區,10000,21,持分移轉,01810000
RPPPMLMLMHLGFCB77DA,建功段,19.20,都市：其他:第五種住宅區,10000,25,持分移轉,00070001
RPVNNLKKMHLGFJB68DA,育賢段,21.27,都市：其他:住宅區,10000,20,持分移轉,01810000
RPXNMLOLKHLGFHB88DA,自強段,15.00,非都市：特定農業區 ; 非都市編定：農牧用地,355,15,持分移轉,00380000
RPQPMLSLMHLGFCB48DA,福德段,32.09,都市：其他:第二種住宅區,100000,1158,持分移轉,01110000
RPPOMLRLMHLGFIB78DA,仁美段,5.20,都市：其他:住宅區,100000,1348,持分移轉,12130000
RPPOMLRLMHLGFIB78DA,仁美段,21.31,非都市：一般農業區 ; 非都市編定：甲種建築用地,100000,2000,持分移轉,13360000
RPRRMLLLMHLGFCB08DA,建功段,13.83,都市：其他:第五種住宅區,10000,18,持分移轉,00070001
RPWNMLOLKHLGFHB78DA,自強段,91.00,非都市：特定農業區 ; 非都市編定：甲種建築用地,1,1,全筆移轉,00390012
RPWNMLOLKHLGFHB78DA,自強段,23.60,非都市：特定農業區 ; 非都市編定：甲種建築用地,10,1,持分移轉,00390013
RPPRMLTLMHLGFCB68DA,建功段,11.52,都市：其他:第五種住宅區,10000,15,持分移轉,00070001
RPRRNLKKMHLGFJB68DA,育賢段,21.27,都市：其他:住宅區,10000,20,持分移轉,01810000
RPQOMLNLMHLGFBB77DA,碧柳段,22.59,都市：其他:第二之一種住宅區,100000,512,持分移轉,02150000
RPROMLMKNHLGFBB77DA,文正段,5.89,都市：其他:第二種住宅區,100000,6853,持分移轉,01180071
RPROMLMKNHLGFBB77DA,文正段,6.44,都市：其他:第一種商業區,100000,6853,持分移轉,01180072
RPROMLMKNHLGFBB77DA,文正段,5.83,都市：其他:第一種商業區,100000,6853,持分移轉,01180105
RPROMLMKNHLGFBB77DA,文正段,5.83,都市：其他:第二種住宅區,100000,6853,持分移轉,01180106
RPQNMLLKMHLGFJB18DA,育賢段,37.22,都市：其他:住宅區,10000,35,持分移轉,01810000
RPWRMLLLMHLGFCB58DA,建功段,16.90,都市：其他:第五種住宅區,10000,22,持分移轉,00070001
RPWVMLKKMHLGFJB86DA,育賢段,21.27,都市：其他:住宅區,10000,20,持分移轉,01810000
RPRNMLOKNHLGFGB38DA,和興段,225.72,都市：其他:住宅區,1,1,全筆移轉,02560042
RPURMLPKNHLGFCB78DA,建功段,14.60,都市：其他:第五種住宅區,10000,19,持分移轉,00070001
RPXNMLTKNHLGFHB96DA,頭家段,20.41,都市：其他:第一之一種住宅區,10000,70,持分移轉,03410000
RPQOMLPKNHLGFBB97DA,榮德段,29.63,都市：其他:第一之一種住宅區,100000,550,持分移轉,01680000
RPQOMLPKNHLGFBB97DA,榮德段,8.23,都市：其他:第一之一種住宅區,100000,550,持分移轉,01770000
RPWOMLPKNHLGFBB58DA,榮德段,29.52,都市：其他:第一之一種住宅區,100000,548,持分移轉,01680000
RPWOMLPKNHLGFBB58DA,榮德段,8.20,都市：其他:第一之一種住宅區,100000,548,持分移轉,01770000
RPXNNLLMLHLGFJB09DA,育賢段,19.14,都市：其他:住宅區,10000,18,持分移轉,01810000
RPWOMLOKNHLGFCB58DA,建功段,10.75,都市：其他:第五種住宅區,10000,14,持分移轉,00070001
RPTOMLOLLHLGFBB08DA,敦和段,41.55,都市：其他:第一之一種住宅區,100000,1076,持分移轉,00120000
RPXOMLOKNHLGFCB68DA,建功段,13.83,都市：其他:第五種住宅區,10000,18,持分移轉,00070001
RPXQMLMJMHLGFBB38DA,溝背段,22.14,都市：其他:第二之一種住宅區,100000,595,持分移轉,01430000
RPOQMLPKNHLGFCB08DA,建功段,19.97,都市：其他:第五種住宅區,10000,26,持分移轉,00070001
RPXPMLMKNHLGFFB88DA,忠孝段,30.06,都市：其他:第四種住宅區,100000,1598,持分移轉,00620002
RPUPMLOLLHLGFBB28DA,敦和段,35.68,都市：其他:第一之一種住宅區,100000,924,持分移轉,00120000
RPXRNLMJMHLGFBB58DA,溝背段,22.14,都市：其他:第二之一種住宅區,100000,595,持分移轉,01430000
RPXUMLOLLHLGFBB09DA,敦和段,35.84,都市：其他:第一之一種住宅區,100000,928,持分移轉,00120000
RPRNMLOLMHLGFKB78DA,竹泉段,35.74,都市：其他:第四種住宅區,100000,3993,持分移轉,02090000
RPTTMLOLLHLGFBB58DA,敦和段,35.84,都市：其他:第一之一種住宅區,100000,928,持分移轉,00120000
RPPNMLRLLHLGFEB18DA,水美東段,67.08,非都市：特定農業區 ; 非都市編定：甲種建築用地,1,1,全筆移轉,04750004
RPPNMLRLLHLGFEB18DA,水美東段,12.61,非都市：特定農業區 ; 非都市編定：甲種建築用地,18,1,持分移轉,04750008
RPPNMLRLLHLGFEB18DA,水美東段,.72,非都市：特定農業區 ; 非都市編定：甲種建築用地,18,1,持分移轉,04750019
RPPNMLRLLHLGFEB18DA,水美東段,8.21,非都市：特定農業區 ; 非都市編定：甲種建築用地,36,1,持分移轉,04800000
RPPNMLRLLHLGFEB18DA,水美東段,2.84,非都市：特定農業區 ; 非都市編定：甲種建築用地,18,1,持分移轉,04810000
RPPRMLOLLHLGFBB97DA,敦和段,41.55,都市：其他:第一之一種住宅區,100000,1076,持分移轉,00120000
RPWPMLOLLHLGFBB48DA,敦和段,41.55,都市：其他:第一之一種住宅區,100000,1076,持分移轉,00120000
RPTTMLNLLHLGFBB48DA,敦和段,35.84,都市：其他:第一之一種住宅區,100000,928,持分移轉,00120000
RPQQMLOLLHLGFBB97DA,敦和段,35.68,都市：其他:第一之一種住宅區,100000,924,持分移轉,00120000
RPUUMLOLLHLGFBB78DA,敦和段,41.55,都市：其他:第一之一種住宅區,100000,1076,持分移轉,00120000
RPVUMLOLLHLGFBB88DA,敦和段,41.55,都市：其他:第一之一種住宅區,100000,1076,持分移轉,00120000
RPXPMLTKNHLGFCB66DA,福德段,14.83,都市：其他:第二種住宅區,100000,842,持分移轉,02730000
RPXQMLTKNHLGFCB76DA,福德段,11.31,都市：其他:第二種住宅區,100000,642,持分移轉,02730000
RPXNMLPLNHLGFJB86DA,愛平段,33.08,都市：其他:第一種住宅區,100000,1291,持分移轉,10500000
RPPUMLNLLHLGFBB18DA,敦和段,35.84,都市：其他:第一之一種住宅區,100000,928,持分移轉,00120000
RPWOMLQKMHLGFBB58DA,溝背段,22.14,都市：其他:第二之一種住宅區,100000,595,持分移轉,01430000
RPSRMLOLLHLGFBB28DA,敦和段,35.84,都市：其他:第一之一種住宅區,100000,928,持分移轉,00120000
RPUNMLKMNHLGFFB38DA,南簡段,18.26,都市：其他:第四種住宅區,10000,34,持分移轉,01840000
RPOPMLQLNHLGFJB88DA,愛平段,33.18,都市：其他:第一種住宅區,100000,1295,持分移轉,10500000
RPUSMLPLNHLGFBB88DA,碧柳段,22.86,都市：其他:第二之一種住宅區,100000,518,持分移轉,02150000
RPQOMLKMNHLGFFB08DA,南簡段,17.72,都市：其他:第四種住宅區,10000,33,持分移轉,01840000
RPVNMLRLNHLGFBB68DA,碧柳段,23.83,都市：其他:第二之一種住宅區,100000,540,持分移轉,02150000
RPRTMLKKMHLGFJB78DA,育賢段,32.96,都市：其他:住宅區,10000,31,持分移轉,01810000
RPXOMLQLNHLGFJB07DA,愛平段,33.08,都市：其他:第一種住宅區,100000,1291,持分移轉,10500000
RPXSNLLMLHLGFJB96DA,育賢段,26.58,都市：其他:住宅區,10000,25,持分移轉,01810000
RPUOMLQLNHLGFJB76DA,愛平段,33.79,都市：其他:第一種住宅區,100000,1319,持分移轉,10500000
RPXNMLNKMHLGFIB98DA,長壽段,2.27,都市：其他:第一種住宅區,10000,375,持分移轉,01430000
RPXNMLNKMHLGFIB98DA,長壽段,48.31,都市：其他:第一種住宅區,1,1,全筆移轉,01430015
RPXNMLNKMHLGFIB98DA,長壽段,8.33,都市：其他:第一種住宅區,10000,715,持分移轉,01430016
RPXNMLNKMHLGFIB98DA,長壽段,.75,都市：其他:第一種住宅區,10000,712,持分移轉,01430018
RPXNMLNKMHLGFIB98DA,長壽段,.67,都市：其他:第一種住宅區,10000,705,持分移轉,01430019
RPVOMLPLNHLGFBB58DA,碧柳段,22.42,都市：其他:第二之一種住宅區,100000,508,持分移轉,02150000
RPRRMLTKNHLGFIB86DA,長壽段,6.27,都市：其他:第一種住宅區,10000,1035,持分移轉,01430000
RPRRMLTKNHLGFIB86DA,長壽段,52.14,都市：其他:第一種住宅區,1,1,全筆移轉,01430010
RPRRMLTKNHLGFIB86DA,長壽段,8.32,都市：其他:第一種住宅區,10000,714,持分移轉,01430016
RPRRMLTKNHLGFIB86DA,長壽段,.75,都市：其他:第一種住宅區,10000,712,持分移轉,01430018
RPRRMLTKNHLGFIB86DA,長壽段,.67,都市：其他:第一種住宅區,10000,705,持分移轉,01430019
RPQOMLQLNHLGFJB98DA,愛平段,33.10,都市：其他:第一種住宅區,100000,1292,持分移轉,10500000
RPPOMLKKMHLGFJB08DA,育賢段,32.96,都市：其他:住宅區,10000,31,持分移轉,01810000
RPWQMLNJKHLGFCB28DA,建功段,11.52,都市：其他:第五種住宅區,10000,15,持分移轉,00070001
RPWOMLQKJHLGFFB68DA,正英段,57.46,都市：其他:第二種住宅區,100000,1947,持分移轉,05130000
RPVOMLKKKHLGFCB77DA,建功段,14.60,都市：其他:第五種住宅區,10000,19,持分移轉,00070001
RPTOMLQLNHLGFJB66DA,愛平段,33.18,都市：其他:第一種住宅區,100000,1295,持分移轉,10500000
RPXOMLKKKHLGFCB97DA,建功段,14.60,都市：其他:第五種住宅區,10000,19,持分移轉,00070001
RPPSMLQKJHLGFFB38DA,正英段,55.99,都市：其他:第二種住宅區,100000,1897,持分移轉,05130000
RPTOMLTJLHLGFFB78DA,南簡段,25.78,都市：其他:第四種住宅區,10000,48,持分移轉,01840000
RPSOMLRJJHLGFFB28DA,大學段,4.85,都市：其他:第二種住宅區,10000,1248,持分移轉,17910004
RPSOMLRJJHLGFFB28DA,大學段,42.82,都市：其他:第二種住宅區,1,1,全筆移轉,17910007
RPSOMLRJJHLGFFB28DA,大學段,1.16,都市：其他:第二種住宅區,10000,1246,持分移轉,17910015
RPSOMLRJJHLGFFB28DA,大學段,14.99,都市：其他:第二種住宅區,10000,2500,持分移轉,17910016
RPSRMLNJKHLGFCB97DA,建功段,10.75,都市：其他:第五種住宅區,10000,14,持分移轉,00070001
RPVUMLNLLHLGFBB78DA,敦和段,35.84,都市：其他:第一之一種住宅區,100000,928,持分移轉,00120000
RPPNMLNLKHLGFIB08DA,仁美段,3.97,都市：其他:住宅區,200000,2060,持分移轉,12130000
RPPNMLNLKHLGFIB08DA,仁美段,16.30,非都市：一般農業區 ; 非都市編定：甲種建築用地,200000,3060,持分移轉,13360000
RPUPMLNLKHLGFIB78DA,仁美段,3.97,都市：其他:住宅區,100000,1030,持分移轉,12130000
RPUPMLNLKHLGFIB78DA,仁美段,16.30,非都市：一般農業區 ; 非都市編定：甲種建築用地,100000,1530,持分移轉,13360000
RPPNMLQJLHLGFIB28DA,東湖段,76.78,都市：其他:農業區,1,1,全筆移轉,07920006
RPVPNLKKMHLGFJB88DA,育賢段,19.14,都市：其他:住宅區,10000,18,持分移轉,01810000
RPUNMLNLKHLGFHB48DA,自強段,89.00,非都市：特定農業區 ; 非都市編定：甲種建築用地,1,1,全筆移轉,00390007
RPUNMLNLKHLGFHB48DA,自強段,23.60,非都市：特定農業區 ; 非都市編定：甲種建築用地,10,1,持分移轉,00390013
RPPQMLNLKHLGFIB38DA,仁美段,3.97,都市：其他:住宅區,100000,1030,持分移轉,12130000
RPPQMLNLKHLGFIB38DA,仁美段,16.30,非都市：一般農業區 ; 非都市編定：甲種建築用地,100000,1530,持分移轉,13360000
RPWNMLLKLHLGFAB77DA,下橋子頭段,29.01,都市：其他:第二種住宅區,100000,9211,持分移轉,00970021
RPVNMLNLKHLGFHB58DA,自強段,15.00,非都市：特定農業區 ; 非都市編定：農牧用地,355,15,持分移轉,00380000
RPVNMLNLKHLGFHB58DA,自強段,61.00,非都市：特定農業區 ; 非都市編定：農牧用地,1,1,全筆移轉,00390003
RPVSMLOLLHLGFBB68DA,敦和段,35.84,都市：其他:第一之一種住宅區,100000,928,持分移轉,00120000
RPVNMLTJLHLGFBB48DA,太順段,24.47,都市：其他:第三種住宅區。,10000,137,持分移轉,00140000
RPRNMLMJLHLGFCB47DA,豐業段,26.64,都市：其他:第二種住宅區,100000,1076,持分移轉,01340000
RPQRMLMJLHLGFCB77DA,豐業段,24.28,都市：其他:第二種住宅區,100000,981,持分移轉,01340000
RPQOMLRJJHLGFFB08DA,大學段,4.86,都市：其他:第二種住宅區,10000,1250,持分移轉,17910004
RPQOMLRJJHLGFFB08DA,大學段,44.88,都市：其他:第二種住宅區,1,1,全筆移轉,17910005
RPQOMLRJJHLGFFB08DA,大學段,1.16,都市：其他:第二種住宅區,10000,1246,持分移轉,17910015
RPWOMLNKLHLGFFB58DA,南簡段,27.39,都市：其他:第四種住宅區,10000,51,持分移轉,01840000
RPROMLSKLHLGFIB88DA,新厝段,16.77,非都市：特定農業區 ; 非都市編定：甲種建築用地,9,1,持分移轉,02950000
RPROMLSKLHLGFIB88DA,新厝段,52.16,非都市：特定農業區 ; 非都市編定：甲種建築用地,1,1,全筆移轉,02950004
RPOPMLNKLHLGFFB87DA,南簡段,17.72,都市：其他:第四種住宅區,10000,33,持分移轉,01840000
RPUOMLSKLHLGFIB56DA,新厝段,16.77,非都市：特定農業區 ; 非都市編定：甲種建築用地,9,1,持分移轉,02950000
RPUOMLSKLHLGFIB56DA,新厝段,45.39,非都市：特定農業區 ; 非都市編定：甲種建築用地,1,1,全筆移轉,02950009
RPOUMLMJLHLGFCB87DA,豐業段,26.54,都市：其他:第二種住宅區,100000,1072,持分移轉,01340000
RPPSNLMJLHLGFBB77DA,東光段,14.00,都市：其他:第二種商業區,100000,1097,持分移轉,04130000
RPXSMLOJMHLGFBB78DA,仁平段,22.08,都市：其他:第一之一種住宅區,100000,827,持分移轉,03580000
RPXSMLOJMHLGFBB78DA,平田段,10.66,都市：其他:第二種住宅區,100000,827,持分移轉,09530000
RPSNMLNKLHLGFCB77DA,生態段,27.27,都市：其他:第二種生態住宅專用區,10000,126,持分移轉,00660000
RPXNMLMJKHLGFIB58DA,新高鐵段,16.05,都市：其他:商業區,100000,277,持分移轉,00570000
RPSNMLNKLHLGFCB77DA,生態段,12.42,都市：其他:第二種生態住宅專用區,10000,126,持分移轉,00670000
RPTOMLRKLHLGFDB48DA,六張段,.60,非都市：特定農業區 ; 非都市編定：水利用地,48,2,持分移轉,01540005
RPTOMLRKLHLGFDB48DA,六張段,27.01,非都市：特定農業區 ; 非都市編定：甲種建築用地,48,2,持分移轉,02400000
RPTOMLRKLHLGFDB48DA,六張段,56.30,非都市：特定農業區 ; 非都市編定：甲種建築用地,1,1,全筆移轉,02400021
RPTOMLRKLHLGFDB48DA,六張段,.75,非都市：特定農業區 ; 非都市編定：甲種建築用地,48,2,持分移轉,02400031
RPVNMLPJKHLGFBB97DA,太順段,14.83,都市：其他:第三種住宅區。,10000,83,持分移轉,00140000
RPXSMLLKLHLGFBB48DA,崇德段,18.18,都市：其他:第一種商業區,100000,753,持分移轉,03820000
RPSOMLMJLHLGFCB67DA,豐業段,24.28,都市：其他:第二種住宅區,100000,981,持分移轉,01340000
RPRVMLOJMHLGFBB48DA,仁平段,22.13,都市：其他:第一之一種住宅區,100000,829,持分移轉,03580000
RPRVMLOJMHLGFBB48DA,平田段,10.69,都市：其他:第二種住宅區,100000,829,持分移轉,09530000
RPTRMLMJLHLGFCB08DA,豐業段,26.54,都市：其他:第二種住宅區,100000,1072,持分移轉,01340000
RPXPMLSJLHLGFCB88DA,寶文段,30.91,都市：其他:第二種住宅區,100000,660,持分移轉,00350002
RPXTMLLMJHLGFIB66DA,新高鐵段,16.05,都市：其他:商業區,100000,277,持分移轉,00570000
RPXRMLKKLHLGFCB38DA,寶文段,29.27,都市：其他:第二種住宅區,100000,625,持分移轉,00350002
RPXOMLRKLHLGFCB78DA,建功段,14.60,都市：其他:第五種住宅區,10000,19,持分移轉,00070001
RPTOMLLKLHLGFCB77DA,寶文段,23.84,都市：其他:第二種住宅區,100000,509,持分移轉,00350002
RPRSMLKKLHLGFCB87DA,寶文段,29.27,都市：其他:第二種住宅區,100000,625,持分移轉,00350002
RPPPMLRKLHLGFCB08DA,建功段,14.60,都市：其他:第五種住宅區,10000,19,持分移轉,00070001
RPTPMLRKLHLGFCB48DA,建功段,14.60,都市：其他:第五種住宅區,10000,19,持分移轉,00070001
RPRPMLLMJHLGFIB28DA,新高鐵段,15.76,都市：其他:商業區,100000,272,持分移轉,00570000
RPQQMLPJLHLGFBB87DA,東光段,13.59,都市：其他:第二種商業區,100000,1065,持分移轉,04130000
RPWPMLRKLHLGFCB78DA,建功段,10.75,都市：其他:第五種住宅區,10000,14,持分移轉,00070001
RPSPMLRJJHLGFFB38DA,保成段,79.38,都市：其他:第二種住宅區,1,1,全筆移轉,03340002
RPSPMLRJJHLGFFB38DA,保成段,3.30,都市：其他:第二種住宅區,10000,96,持分移轉,03340015
RPUSMLSJLHLGFCB88DA,寶文段,30.82,都市：其他:第二種住宅區,100000,658,持分移轉,00350002
RPPNMLNKLHLGFFB77DA,槺榔段,70.00,都市：其他:第四種住宅區,1,1,全筆移轉,05700022
RPPNMLNKLHLGFFB77DA,槺榔段,5.00,都市：其他:第四種住宅區,1,1,全筆移轉,05700028
RPQNMLNKLHLGFFB87DA,槺榔段,69.00,都市：其他:第四種住宅區,1,1,全筆移轉,05700024
RPPNMLNKLHLGFFB77DA,槺榔段,28.67,都市：其他:第四種住宅區,12,2,持分移轉,05700032
RPRNMLKKLHLGFIB97DA,仁美段,5.20,都市：其他:住宅區,100000,1348,持分移轉,12130000
RPPNMLNKLHLGFFB77DA,槺榔段,4.50,都市：其他:綠地用地,28,2,持分移轉,05700034
RPPNMLNKLHLGFFB77DA,槺榔段,.14,都市：其他:第四種住宅區,28,2,持分移轉,05700035
RPQNMLNKLHLGFFB87DA,槺榔段,5.00,都市：其他:第四種住宅區,1,1,全筆移轉,05700030
RPRNMLKKLHLGFIB97DA,仁美段,21.31,非都市：一般農業區 ; 非都市編定：甲種建築用地,100000,2000,持分移轉,13360000
RPQNMLNKLHLGFFB87DA,槺榔段,28.67,都市：其他:第四種住宅區,6,1,持分移轉,05700032
RPQNMLNKLHLGFFB87DA,槺榔段,4.50,都市：其他:綠地用地,14,1,持分移轉,05700034
RPQNMLNKLHLGFFB87DA,槺榔段,.14,都市：其他:第四種住宅區,14,1,持分移轉,05700035
RPVSMLLMJHLGFIB98DA,新高鐵段,16.05,都市：其他:商業區,100000,277,持分移轉,00570000
RPOOMLQKKIKGFCB67DA,惠國段,17.30,都市：其他:第六種新市政中心專用區,100000,952,持分移轉,01010000
RPORMLQJLHLGFIB58DA,新高鐵段,18.37,都市：其他:商業區,100000,317,持分移轉,00570000
RPTOMLOLLHLGFCB18DA,廣福段,21.34,都市：其他:農業區,100000,786,持分移轉,03360000
RPTNMLKKLHLGFIB18DA,仁美段,3.97,都市：其他:住宅區,100000,1030,持分移轉,12130000
RPTNMLKKLHLGFIB18DA,仁美段,16.30,非都市：一般農業區 ; 非都市編定：甲種建築用地,100000,1530,持分移轉,13360000
RPXQNLNLLHLGFJB86DA,福平段,13.31,都市：其他:商業區,100000,561,持分移轉,08730000
RPOPMLSJJHLGFFB08DA,保成段,.85,都市：其他:第二種住宅區,16,1,持分移轉,03340001
RPOPMLSJJHLGFFB08DA,保成段,20.90,都市：其他:第二種住宅區,10000,607,持分移轉,03340015
RPOPMLSJJHLGFFB08DA,保成段,45.11,都市：其他:第二種住宅區,1,1,全筆移轉,03340021
RPUOMLSJMHLGFBB48DA,榮德段,35.23,都市：其他:第一之一種住宅區,100000,654,持分移轉,01680000
RPUOMLSJMHLGFBB48DA,榮德段,9.79,都市：其他:第一之一種住宅區,100000,654,持分移轉,01770000
RPQOMLSJLHLGFCB08DA,寶文段,29.70,都市：其他:第二種住宅區,100000,634,持分移轉,00350002
RPXRNLNLLHLGFJB96DA,福平段,13.31,都市：其他:商業區,100000,561,持分移轉,08730000
RPOQMLRKLHLGFCB08DA,建功段,13.83,都市：其他:第五種住宅區,10000,18,持分移轉,00070001
RPWQNLNLLHLGFJB76DA,福平段,13.31,都市：其他:商業區,100000,561,持分移轉,08730000
RPSQMLSJLHLGFCB48DA,寶文段,30.91,都市：其他:第二種住宅區,100000,660,持分移轉,00350002
RPVQNLNLLHLGFJB66DA,福平段,13.31,都市：其他:商業區,100000,561,持分移轉,08730000
RPTSNLNLLHLGFJB66DA,福平段,13.31,都市：其他:商業區,100000,561,持分移轉,08730000
RPQSNLNLLHLGFJB98DA,福平段,13.31,都市：其他:商業區,100000,561,持分移轉,08730000
RPSSNLNLLHLGFJB56DA,福平段,13.86,都市：其他:商業區,100000,584,持分移轉,08730000
RPRUNLMJLHLGFBB18DA,東光段,14.16,都市：其他:第二種商業區,100000,1110,持分移轉,04130000
RPTNMLLMLHLGFJB58DA,福平段,13.86,都市：其他:商業區,100000,584,持分移轉,08730000
RPOONLNLLHLGFJB38DA,福平段,19.70,都市：其他:商業區,100000,830,持分移轉,08730000
RPXPNLNLLHLGFJB76DA,福平段,13.31,都市：其他:商業區,100000,561,持分移轉,08730000
RPWNMLNKMHLGFFB58DA,南簡段,18.26,都市：其他:第四種住宅區,10000,34,持分移轉,01840000
RPSRMLNKMHLGFCB28DA,廣福段,19.28,都市：其他:農業區,100000,710,持分移轉,03360000
RPTNNLNLLHLGFJB78DA,福平段,13.31,都市：其他:商業區,100000,561,持分移轉,08730000
RPQOMLKLLHLGFIB08DA,仁美段,5.16,都市：其他:住宅區,100000,1337,持分移轉,12130000
RPQOMLKLLHLGFIB08DA,仁美段,21.15,非都市：一般農業區 ; 非都市編定：甲種建築用地,100000,1985,持分移轉,13360000
RPXQMLLMLHLGFCB58DA,建功段,14.60,都市：其他:第五種住宅區,10000,19,持分移轉,00070001
RPQOMLLMLHLGFEB87DA,頂庄段,60.21,都市：其他:住宅區,1,1,全筆移轉,02520008
RPVOMLNKMHLGFFB58DA,南簡段,24.17,都市：其他:第四種住宅區,10000,45,持分移轉,01840000
RPWNMLSJLHLGFCB58DA,寶文段,30.02,都市：其他:第二種住宅區,100000,641,持分移轉,00350002
RPPPMLOJMHLGFBB67DA,仁平段,22.08,都市：其他:第一之一種住宅區,100000,827,持分移轉,03580000
RPPUMLMJLHLGFCB97DA,豐業段,24.43,都市：其他:第二種住宅區,100000,987,持分移轉,01340000
RPPPMLOJMHLGFBB67DA,平田段,10.66,都市：其他:第二種住宅區,100000,827,持分移轉,09530000
RPRPMLOJMHLGFBB87DA,仁平段,22.08,都市：其他:第一之一種住宅區,100000,827,持分移轉,03580000
RPRPMLOJMHLGFBB87DA,平田段,10.66,都市：其他:第二種住宅區,100000,827,持分移轉,09530000
RPPQMLOJMHLGFBB77DA,仁平段,21.04,都市：其他:第一之一種住宅區,100000,788,持分移轉,03580000
RPPQMLOJMHLGFBB77DA,平田段,10.16,都市：其他:第二種住宅區,100000,788,持分移轉,09530000
RPVNOLNJLHLGFBB08DA,東光段,13.96,都市：其他:第二種商業區,100000,1094,持分移轉,04130000
RPWNMLNKMHLGFCB28DA,建功段,14.60,都市：其他:第五種住宅區,10000,19,持分移轉,00070001
RPQUMLPJLHLGFBB28DA,東光段,18.16,都市：其他:第二種商業區,100000,1423,持分移轉,04130000
RPSUMLPJLHLGFBB48DA,東光段,13.07,都市：其他:第二種商業區,100000,1024,持分移轉,04130000
RPQRMLLMLHLGFJB68DA,育賢段,12.76,都市：其他:住宅區,10000,12,持分移轉,01810000
RPPSMLOLLHLGFBB08DA,敦和段,35.84,都市：其他:第一之一種住宅區,100000,928,持分移轉,00120000
RPXNMLNKMHLGFCB38DA,建功段,14.60,都市：其他:第五種住宅區,10000,19,持分移轉,00070001
RPUNMLLJMHLGFJB48DA,育賢段,26.58,都市：其他:住宅區,10000,25,持分移轉,01810000
RPXQMLMJMHLGFJB56DA,育賢段,26.58,都市：其他:住宅區,10000,25,持分移轉,01810000
RPRPMLOKMHLGFFB38DA,南簡段,17.72,都市：其他:第四種住宅區,10000,33,持分移轉,01840000
RPUNMLMJMHLGFJB58DA,育賢段,32.96,都市：其他:住宅區,10000,31,持分移轉,01810000
RPWUMLOJMHLGFBB88DA,仁平段,22.13,都市：其他:第一之一種住宅區,100000,829,持分移轉,03580000
RPWUMLOJMHLGFBB88DA,平田段,10.69,都市：其他:第二種住宅區,100000,829,持分移轉,09530000
RPTOMLOKMHLGFFB48DA,南簡段,18.26,都市：其他:第四種住宅區,10000,34,持分移轉,01840000
RPOSMLLMLHLGFJB58DA,育賢段,12.76,都市：其他:住宅區,10000,12,持分移轉,01810000
RPQNNLLMLHLGFJB38DA,育賢段,12.76,都市：其他:住宅區,10000,12,持分移轉,01810000
RPTWMLOJMHLGFBB78DA,仁平段,20.02,都市：其他:第一之一種住宅區,100000,750,持分移轉,03580000
RPVWMLOJMHLGFBB98DA,仁平段,20.05,都市：其他:第一之一種住宅區,100000,751,持分移轉,03580000
RPQOMLQJLHLGFIB48DA,新高鐵段,15.76,都市：其他:商業區,100000,272,持分移轉,00570000
RPTWMLOJMHLGFBB78DA,平田段,9.67,都市：其他:第二種住宅區,100000,750,持分移轉,09530000
RPVWMLOJMHLGFBB98DA,平田段,9.68,都市：其他:第二種住宅區,100000,751,持分移轉,09530000
RPPOMLPJKHLGFCB57DA,永春段,23.00,都市：其他:第一之一種住宅區,100000,809,持分移轉,01050000
RPRPMLMLMHLGFBB87DA,碧柳段,22.46,都市：其他:第二之一種住宅區,100000,509,持分移轉,02150000
RPPOMLPJKHLGFCB57DA,永春段,1.38,都市：其他:第一種住宅區,100000,46,持分移轉,01060004
RPPSMLOJMHLGFBB97DA,仁平段,22.08,都市：其他:第一之一種住宅區,100000,827,持分移轉,03580000
RPPSMLOJMHLGFBB97DA,平田段,10.66,都市：其他:第二種住宅區,100000,827,持分移轉,09530000
RPQPMLNLMHLGFBB87DA,碧柳段,22.86,都市：其他:第二之一種住宅區,100000,518,持分移轉,02150000
RPUOMLOLMHLGFBB28DA,碧柳段,23.70,都市：其他:第二之一種住宅區,100000,537,持分移轉,02150000
RPUQNLLMLHLGFJB09DA,育賢段,12.76,都市：其他:住宅區,10000,12,持分移轉,01810000
RPVNMLOLMHLGFBB28DA,碧柳段,23.70,都市：其他:第二之一種住宅區,100000,537,持分移轉,02150000
RPOTMLMJMHLGFJB58DA,育賢段,32.96,都市：其他:住宅區,10000,31,持分移轉,01810000
RPXONLKKMHLGFJB98DA,育賢段,19.14,都市：其他:住宅區,10000,18,持分移轉,01810000
RPPWMLKKMHLGFJB88DA,育賢段,37.22,都市：其他:住宅區,10000,35,持分移轉,01810000
RPTNMLPLMHLGFJB98DA,育賢段,37.22,都市：其他:住宅區,10000,35,持分移轉,01810000
RPVWOLNJLHLGFBB98DA,東光段,13.59,都市：其他:第二種商業區,100000,1065,持分移轉,04130000
RPORMLLLMHLGFCB77DA,建功段,14.60,都市：其他:第五種住宅區,10000,19,持分移轉,00070001
RPPOMLRLMHLGFFB48DA,南簡段,25.78,都市：其他:第四種住宅區,10000,48,持分移轉,01840000
RPUVMLOJMHLGFBB78DA,仁平段,20.02,都市：其他:第一之一種住宅區,100000,750,持分移轉,03580000
RPUVMLOJMHLGFBB78DA,平田段,9.67,都市：其他:第二種住宅區,100000,750,持分移轉,09530000
RPRPNLKKMHLGFJB48DA,育賢段,21.27,都市：其他:住宅區,10000,20,持分移轉,01810000
RPTVMLOJMHLGFBB68DA,仁平段,20.02,都市：其他:第一之一種住宅區,100000,750,持分移轉,03580000
RPTVMLOJMHLGFBB68DA,平田段,9.67,都市：其他:第二種住宅區,100000,750,持分移轉,09530000
RPOVMLLLMHLGFCB18DA,建功段,19.20,都市：其他:第五種住宅區,10000,25,持分移轉,00070001
RPRVMLLLMHLGFCB48DA,建功段,19.20,都市：其他:第五種住宅區,10000,25,持分移轉,00070001
RPTONLLMLHLGFJB78DA,育賢段,19.14,都市：其他:住宅區,10000,18,持分移轉,01810000
RPXWMLOJMHLGFBB56DA,仁平段,20.05,都市：其他:第一之一種住宅區,100000,751,持分移轉,03580000
RPXWMLOJMHLGFBB56DA,平田段,9.68,都市：其他:第二種住宅區,100000,751,持分移轉,09530000
RPWNMLSLMHLGFCB88DA,福德段,29.10,都市：其他:第二種住宅區,100000,1050,持分移轉,01110000
RPVTNLLMLHLGFJB86DA,育賢段,32.96,都市：其他:住宅區,10000,31,持分移轉,01810000
RPOPMLQJLHLGFIB38DA,新高鐵段,15.76,都市：其他:商業區,100000,272,持分移轉,00570000
RPWOMLMLMHLGFCB38DA,建功段,10.75,都市：其他:第五種住宅區,10000,14,持分移轉,00070001
RPWNMLKMMHLGFCB18DA,建功段,14.60,都市：其他:第五種住宅區,10000,19,持分移轉,00070001
RPUPMLKKMHLGFJB68DA,育賢段,26.58,都市：其他:住宅區,10000,25,持分移轉,01810000
RPPNMLLKNHLGFHB97DA,嘉仁段,15.28,都市：其他:農業區,100000,13334,持分移轉,05720004
RPPNMLLKNHLGFHB97DA,嘉仁段,69.78,都市：其他:農業區,1,1,全筆移轉,05720007
RPOQMLOJMHLGFBB67DA,仁平段,21.04,都市：其他:第一之一種住宅區,100000,788,持分移轉,03580000
RPOQMLOJMHLGFBB67DA,平田段,10.16,都市：其他:第二種住宅區,100000,788,持分移轉,09530000
RPQPMLMKNHLGFHB38DA,豐興段,39.76,非都市：特定農業區 ; 非都市編定：甲種建築用地,25,1,持分移轉,04350005
RPQPMLMKNHLGFHB38DA,豐興段,84.05,非都市：特定農業區 ; 非都市編定：甲種建築用地,1,1,全筆移轉,04350018
RPXQMLOJMHLGFBB58DA,仁平段,14.90,都市：其他:第一之一種住宅區,100000,558,持分移轉,03580000
RPXQMLOJMHLGFBB58DA,平田段,7.19,都市：其他:第二種住宅區,100000,558,持分移轉,09530000
RPOQMLRKMHLGFBB08DA,敦和段,113.37,都市：其他:第一種住宅區,1,1,全筆移轉,02950006
RPOONLLMLHLGFJB28DA,育賢段,12.76,都市：其他:住宅區,10000,12,持分移轉,01810000
RPOQMLRKMHLGFBB08DA,敦和段,23.64,都市：其他:第一種住宅區,16,2,持分移轉,02950008
RPVNMLOKNHLGFBB28DA,敦和段,20.17,都市：其他:第一之一種住宅區,10000,625,持分移轉,05330000
RPUNMLOKNHLGFBB18DA,敦和段,20.17,都市：其他:第一之一種住宅區,10000,625,持分移轉,05330000
RPRUMLOJMHLGFBB38DA,仁平段,22.13,都市：其他:第一之一種住宅區,100000,829,持分移轉,03580000
RPRUMLOJMHLGFBB38DA,平田段,10.69,都市：其他:第二種住宅區,100000,829,持分移轉,09530000
RPWNMLOKNHLGFBB38DA,敦和段,20.17,都市：其他:第一之一種住宅區,10000,625,持分移轉,05330000
RPOOMLMJMHLGFJB08DA,育賢段,26.58,都市：其他:住宅區,10000,25,持分移轉,01810000
RPTNMLOKNHLGFBB08DA,敦和段,20.17,都市：其他:第一之一種住宅區,10000,625,持分移轉,05330000
RPOOMLOKNHLGFBB67DA,敦和段,20.17,都市：其他:第一之一種住宅區,10000,625,持分移轉,05330000
RPQOMLQKMHLGFBB97DA,溝背段,19.76,都市：其他:第二之一種住宅區,100000,531,持分移轉,01430000
RPOOMLPKNHLGFBB77DA,榮德段,29.63,都市：其他:第一之一種住宅區,100000,550,持分移轉,01680000
RPXNMLOKNHLGFBB48DA,敦和段,20.17,都市：其他:第一之一種住宅區,10000,625,持分移轉,05330000
RPOOMLPKNHLGFBB77DA,榮德段,8.23,都市：其他:第一之一種住宅區,100000,550,持分移轉,01770000
RPUNMLLKNHLGFBB87DA,碧柳段,22.59,都市：其他:第二之一種住宅區,100000,512,持分移轉,02150000
RPOQNLLMLHLGFJB48DA,育賢段,19.14,都市：其他:住宅區,10000,18,持分移轉,01810000
RPQSMLOLLHLGFBB18DA,敦和段,35.76,都市：其他:第一之一種住宅區,100000,926,持分移轉,00120000
RPOPMLOKNHLGFCB87DA,建功段,13.83,都市：其他:第五種住宅區,10000,18,持分移轉,00070001
RPWSMLOLLHLGFBB78DA,敦和段,35.76,都市：其他:第一之一種住宅區,100000,926,持分移轉,00120000
RPWNMLNKMHLGFIB88DA,長壽段,1.17,都市：其他:第一種住宅區,4,1,持分移轉,01340007
RPWNMLNKMHLGFIB88DA,長壽段,2.27,都市：其他:第一種住宅區,10000,375,持分移轉,01430000
RPWNMLNKMHLGFIB88DA,長壽段,51.11,都市：其他:第一種住宅區,1,1,全筆移轉,01430003
RPWNMLNKMHLGFIB88DA,長壽段,8.32,都市：其他:第一種住宅區,10000,714,持分移轉,01430016
RPSQMLOLLHLGFBB18DA,敦和段,41.55,都市：其他:第一之一種住宅區,100000,1076,持分移轉,00120000
RPWNMLNKMHLGFIB88DA,長壽段,.75,都市：其他:第一種住宅區,10000,712,持分移轉,01430018
RPWNMLNKMHLGFIB88DA,長壽段,.67,都市：其他:第一種住宅區,10000,705,持分移轉,01430019
RPOWMLOLLHLGFBB38DA,敦和段,25.60,都市：其他:第一之一種住宅區,100000,663,持分移轉,00120000
RPTUMLNLLHLGFBB58DA,敦和段,41.55,都市：其他:第一之一種住宅區,100000,1076,持分移轉,00120000
RPSSMLTKNHLGFIB07DA,長壽段,2.27,都市：其他:第一種住宅區,10000,375,持分移轉,01430000
RPSSMLTKNHLGFIB07DA,長壽段,66.01,都市：其他:第一種住宅區,1,1,全筆移轉,01430012
RPSSMLTKNHLGFIB07DA,長壽段,8.33,都市：其他:第一種住宅區,10000,715,持分移轉,01430016
RPSSMLTKNHLGFIB07DA,長壽段,.75,都市：其他:第一種住宅區,10000,712,持分移轉,01430018
RPSSMLTKNHLGFIB07DA,長壽段,.67,都市：其他:第一種住宅區,10000,705,持分移轉,01430019
RPTNMLPKMHLGFBB08DA,敦和段,41.55,都市：其他:第一之一種住宅區,100000,1076,持分移轉,00120000
RPVQMLOLLHLGFBB48DA,敦和段,35.68,都市：其他:第一之一種住宅區,100000,924,持分移轉,00120000
RPVVMLOLLHLGFBB98DA,敦和段,35.68,都市：其他:第一之一種住宅區,100000,924,持分移轉,00120000
RPWOMLSJLHLGFEB88DA,水美東段,12.61,非都市：特定農業區 ; 非都市編定：甲種建築用地,18,1,持分移轉,04750008
RPWOMLSJLHLGFEB88DA,水美東段,76.34,非都市：特定農業區 ; 非都市編定：甲種建築用地,1,1,全筆移轉,04750014
RPWOMLSJLHLGFEB88DA,水美東段,.72,非都市：特定農業區 ; 非都市編定：甲種建築用地,18,1,持分移轉,04750019
RPUTMLNLLHLGFBB58DA,敦和段,35.68,都市：其他:第一之一種住宅區,100000,924,持分移轉,00120000
RPWOMLSJLHLGFEB88DA,水美東段,8.21,非都市：特定農業區 ; 非都市編定：甲種建築用地,36,1,持分移轉,04800000
RPWOMLSJLHLGFEB88DA,水美東段,2.84,非都市：特定農業區 ; 非都市編定：甲種建築用地,18,1,持分移轉,04810000
RPRNMLNLNHLGFFB28DA,忠孝段,27.63,都市：其他:第四種住宅區,100000,1469,持分移轉,00620002
RPRTMLNLLHLGFBB28DA,敦和段,25.60,都市：其他:第一之一種住宅區,100000,663,持分移轉,00120000
RPSNMLMLNHLGFDB08DA,下南坑段,20.93,都市：其他:第二種住宅區,100000,4912,持分移轉,11790006
RPXNMLQLNHLGFJB96DA,愛平段,33.10,都市：其他:第一種住宅區,100000,1292,持分移轉,10500000
RPTWNLLMLHLGFJB96DA,育賢段,18.08,都市：其他:住宅區,10000,17,持分移轉,01810000
RPPQMLKKMHLGFJB28DA,育賢段,2.66,都市：其他:住宅區,100000,25,持分移轉,01810000
RPRNMLKMNHLGFFB08DA,南簡段,18.26,都市：其他:第四種住宅區,10000,34,持分移轉,01840000
RPTNMLRLNHLGFAB38DA,大益段,26.30,都市：其他:第二種住宅區,10000,278,持分移轉,04740001
RPTQMLQJLHLGFIB98DA,新高鐵段,16.05,都市：其他:商業區,100000,277,持分移轉,00570000
RPQQMLTKNHLGFCB68DA,福德段,13.97,都市：其他:第二種住宅區,100000,793,持分移轉,02730000
RPWVMLMJMHLGFJB96DA,育賢段,26.58,都市：其他:住宅區,10000,25,持分移轉,01810000
RPVVMLOJMHLGFBB88DA,仁平段,20.02,都市：其他:第一之一種住宅區,100000,750,持分移轉,03580000
RPVVMLOJMHLGFBB88DA,平田段,9.67,都市：其他:第二種住宅區,100000,750,持分移轉,09530000
RPOPNLLMLHLGFJB38DA,育賢段,12.76,都市：其他:住宅區,10000,12,持分移轉,01810000
RPUSMLNLLHLGFBB48DA,敦和段,41.55,都市：其他:第一之一種住宅區,100000,1076,持分移轉,00120000
RPUNMLPLNHLGFJB56DA,愛平段,33.08,都市：其他:第一種住宅區,100000,1291,持分移轉,10500000
RPXRNLLMLHLGFJB86DA,育賢段,12.76,都市：其他:住宅區,10000,12,持分移轉,01810000
RPUWMLOJMHLGFBB88DA,仁平段,20.02,都市：其他:第一之一種住宅區,100000,750,持分移轉,03580000
RPUWMLOJMHLGFBB88DA,平田段,9.67,都市：其他:第二種住宅區,100000,750,持分移轉,09530000
RPSOMLOLLHLGFBB97DA,敦和段,41.55,都市：其他:第一之一種住宅區,100000,1076,持分移轉,00120000
RPWOMLOLLHLGFBB38DA,敦和段,35.84,都市：其他:第一之一種住宅區,100000,928,持分移轉,00120000
RPXQMLNJKHLGFCB38DA,建功段,11.52,都市：其他:第五種住宅區,10000,15,持分移轉,00070001
RPWWMLOJMHLGFBB09DA,仁平段,20.05,都市：其他:第一之一種住宅區,100000,751,持分移轉,03580000
RPWWMLOJMHLGFBB09DA,平田段,9.68,都市：其他:第二種住宅區,100000,751,持分移轉,09530000
RPSOMLPLNHLGFJB09DA,愛平段,33.08,都市：其他:第一種住宅區,100000,1291,持分移轉,10500000
RPRRMLNJKHLGFCB87DA,建功段,11.52,都市：其他:第五種住宅區,10000,15,持分移轉,00070001
RPUOMLQKMHLGFBB38DA,溝背段,25.86,都市：其他:第二之一種住宅區,100000,695,持分移轉,01430000
RPPPMLQKMHLGFBB97DA,溝背段,19.76,都市：其他:第二之一種住宅區,100000,531,持分移轉,01430000
RPWOMLKKKHLGFCB87DA,建功段,14.60,都市：其他:第五種住宅區,10000,19,持分移轉,00070001
RPQPMLQKMHLGFBB08DA,溝背段,25.86,都市：其他:第二之一種住宅區,100000,695,持分移轉,01430000
RPXQMLQKJHLGFFB98DA,正英段,55.99,都市：其他:第二種住宅區,100000,1897,持分移轉,05130000
RPSOMLKKLHLGFFB87DA,市鎮北段,14.48,都市：其他:第四種商業區,10000,45,持分移轉,00130001
RPVPMLNLKHLGFIB88DA,仁美段,5.80,都市：其他:住宅區,100000,1503,持分移轉,12130000
RPVPMLNLKHLGFIB88DA,仁美段,23.77,非都市：一般農業區 ; 非都市編定：甲種建築用地,100000,2231,持分移轉,13360000
RPTQMLNLKHLGFIB78DA,仁美段,5.16,都市：其他:住宅區,100000,1337,持分移轉,12130000
RPTQMLNLKHLGFIB78DA,仁美段,21.15,非都市：一般農業區 ; 非都市編定：甲種建築用地,100000,1985,持分移轉,13360000
RPXNMLNLKHLGFIB88DA,仁美段,5.20,都市：其他:住宅區,100000,1348,持分移轉,12130000
RPXNMLNLKHLGFIB88DA,仁美段,21.31,非都市：一般農業區 ; 非都市編定：甲種建築用地,100000,2000,持分移轉,13360000
RPORMLKKLHLGFBB37DA,榮德段,29.63,都市：其他:第一之一種住宅區,100000,550,持分移轉,01680000
RPORMLKKLHLGFBB37DA,榮德段,8.23,都市：其他:第一之一種住宅區,100000,550,持分移轉,01770000
RPRPMLOLKHLGFCB97DA,福德段,29.21,都市：其他:第二種住宅區,100000,1054,持分移轉,01110000
RPOPMLMJLHLGFCB37DA,豐業段,26.54,都市：其他:第二種住宅區,100000,1072,持分移轉,01340000
RPPNMLSKLHLGFIB58DA,新厝段,43.46,非都市：特定農業區 ; 非都市編定：甲種建築用地,1,1,全筆移轉,02950006
RPTWMLLMLHLGFJB86DA,育賢段,12.76,都市：其他:住宅區,10000,12,持分移轉,01810000
RPPVNLMJLHLGFBB08DA,東光段,14.13,都市：其他:第二種商業區,100000,1107,持分移轉,04130000
RPRNMLQKKIKGFFB18DA,鹿寮東段,16.52,都市：其他:第四種住宅區,1,1,全筆移轉,04880000
RPSNMLQKKIKGFFB28DA,鹿寮東段,409.89,都市：其他:第四種住宅區,1,1,全筆移轉,04830000
RPSNMLQKKIKGFFB28DA,鹿寮東段,1055.91,都市：其他:第四種住宅區,1,1,全筆移轉,04840000
RPVRMLPJLHLGFBB48DA,東光段,14.16,都市：其他:第二種商業區,100000,1110,持分移轉,04130000
RPRNMLNKLHLGFBB57DA,太順段,14.83,都市：其他:第三種住宅區。,10000,83,持分移轉,00140000
RPRNMLRJLHLGFCB97DA,寶文段,38.74,都市：其他:第二種住宅區,100000,827,持分移轉,00350002
RPOOMLPJLHLGFHB08DA,弘富段,30.94,都市：其他:第一之二種住宅區,100000,1253,持分移轉,00930000
RPSRMLKKLHLGFBB77DA,榮德段,29.52,都市：其他:第一之一種住宅區,100000,548,持分移轉,01680000
RPSRMLKKLHLGFBB77DA,榮德段,8.20,都市：其他:第一之一種住宅區,100000,548,持分移轉,01770000
RPPQMLKKLHLGFBB37DA,榮德段,29.63,都市：其他:第一之一種住宅區,100000,550,持分移轉,01680000
RPPQMLKKLHLGFBB37DA,榮德段,8.23,都市：其他:第一之一種住宅區,100000,550,持分移轉,01770000
RPSNMLLMJHLGFIB18DA,新高鐵段,16.40,都市：其他:商業區,100000,283,持分移轉,00570000
RPTQMLNJKHLGFCB97DA,建功段,11.52,都市：其他:第五種住宅區,10000,15,持分移轉,00070001
RPXPMLMJLHLGFCB28DA,豐業段,24.95,都市：其他:第二種住宅區,100000,1008,持分移轉,01340000
RPOQMLMJLHLGFCB47DA,豐業段,24.28,都市：其他:第二種住宅區,100000,981,持分移轉,01340000
RPPOMLPJLHLGFHB18DA,弘富段,28.57,都市：其他:第一之二種住宅區,100000,1157,持分移轉,00930000
RPSOMLOJMHLGFBB87DA,仁平段,22.05,都市：其他:第一之一種住宅區,100000,826,持分移轉,03580000
RPSOMLOJMHLGFBB87DA,平田段,10.65,都市：其他:第二種住宅區,100000,826,持分移轉,09530000
RPUPMLLMJHLGFIB58DA,新高鐵段,16.40,都市：其他:商業區,100000,283,持分移轉,00570000
RPUPMLPJLHLGFBB18DA,東光段,13.07,都市：其他:第二種商業區,100000,1024,持分移轉,04130000
RPSTMLPJLHLGFBB38DA,東光段,14.15,都市：其他:第二種商業區,100000,1109,持分移轉,04130000
RPWOMLKKLHLGFBB87DA,榮德段,29.63,都市：其他:第一之一種住宅區,100000,550,持分移轉,01680000
RPWOMLKKLHLGFBB87DA,榮德段,8.23,都市：其他:第一之一種住宅區,100000,550,持分移轉,01770000
RPOQMLOJLHLGFCB67DA,廣福段,21.53,都市：其他:農業區,100000,793,持分移轉,03360000
RPOSNLNJLHLGFBB77DA,東光段,13.59,都市：其他:第二種商業區,100000,1065,持分移轉,04130000
RPUQMLLKLHLGFBB97DA,崇德段,21.42,都市：其他:第一種商業區,100000,887,持分移轉,03820000
RPTNMLRJLHLGFCB18DA,寶文段,38.74,都市：其他:第二種住宅區,100000,827,持分移轉,00350002
RPXOMLTJLHLGFCB88DA,寶文段,30.40,都市：其他:第二種住宅區,100000,649,持分移轉,00350002
RPOOMLLKLHLGFHB77DA,弘富段,28.57,都市：其他:第一之二種住宅區,100000,1157,持分移轉,00930000
RPVSNLNJLHLGFBB48DA,東光段,13.07,都市：其他:第二種商業區,100000,1024,持分移轉,04130000
RPXPMLRKLHLGFCB88DA,建功段,13.83,都市：其他:第五種住宅區,10000,18,持分移轉,00070001
RPOPMLSKLHLGFIB68DA,仁美段,3.97,都市：其他:住宅區,100000,1030,持分移轉,12130000
RPOPMLSKLHLGFIB68DA,仁美段,16.30,非都市：一般農業區 ; 非都市編定：甲種建築用地,100000,1530,持分移轉,13360000
RPOOMLKMLHLGFFB67DA,南簡段,24.17,都市：其他:第四種住宅區,10000,45,持分移轉,01840000
RPPNMLQKLHLGFEB97DA,頂庄段,62.59,都市：其他:住宅區,1,1,全筆移轉,02520006
RPVRMLSJLHLGFCB88DA,寶文段,30.91,都市：其他:第二種住宅區,100000,660,持分移轉,00350002
RPPOMLOLLHLGFCB77DA,廣福段,33.24,都市：其他:農業區,100000,1224,持分移轉,03360000
RPRNNLLMJHLGFIB18DA,新高鐵段,15.76,都市：其他:商業區,100000,272,持分移轉,00570000
RPRNMLRKLHLGFEB28DA,頂庄段,73.59,都市：其他:住宅區,1,1,全筆移轉,02520004
RPVNMLKKLHLGFIB38DA,仁美段,3.97,都市：其他:住宅區,100000,1030,持分移轉,12130000
RPRVMLLMLHLGFJB56DA,育賢段,12.76,都市：其他:住宅區,10000,12,持分移轉,01810000
RPVNMLKKLHLGFIB38DA,仁美段,16.30,非都市：一般農業區 ; 非都市編定：甲種建築用地,100000,1530,持分移轉,13360000
RPXNMLKKLHLGFIB58DA,仁美段,5.99,都市：其他:住宅區,100000,1554,持分移轉,12130000
RPXNMLKKLHLGFIB58DA,仁美段,24.59,非都市：一般農業區 ; 非都市編定：甲種建築用地,100000,2308,持分移轉,13360000
RPWOMLLJMHLGFFB38DA,南簡段,17.72,都市：其他:第四種住宅區,10000,33,持分移轉,01840000
RPQNMLLMJHLGFIB97DA,新高鐵段,16.34,都市：其他:商業區,100000,282,持分移轉,00570000
RPPSMLTJLHLGFCB48DA,建功段,10.75,都市：其他:第五種住宅區,10000,14,持分移轉,00070001
RPQNMLRJMHLGFCB97DA,福德段,29.21,都市：其他:第二種住宅區,100000,1054,持分移轉,01110000
RPVTMLTJLHLGFCB56DA,寶文段,30.91,都市：其他:第二種住宅區,100000,660,持分移轉,00350002
RPVRMLQJLHLGFIB66DA,新高鐵段,16.05,都市：其他:商業區,100000,277,持分移轉,00570000
RPXNMLSJLHLGFCB68DA,寶文段,30.02,都市：其他:第二種住宅區,100000,641,持分移轉,00350002
RPQOMLMJMHLGFCB57DA,福德段,31.70,都市：其他:第二種住宅區,100000,1144,持分移轉,01110000
RPSNMLNLLHLGFJB58DA,福平段,19.72,都市：其他:商業區,100000,831,持分移轉,08730000
RPQQMLLKLHLGFCB67DA,寶文段,23.84,都市：其他:第二種住宅區,100000,509,持分移轉,00350002
RPSOMLRJLHLGFCB18DA,寶文段,30.02,都市：其他:第二種住宅區,100000,641,持分移轉,00350002
RPPOMLRJLHLGFCB87DA,寶文段,38.74,都市：其他:第二種住宅區,100000,827,持分移轉,00350002
RPWQMLTJLHLGFCB98DA,寶文段,30.40,都市：其他:第二種住宅區,100000,649,持分移轉,00350002
RPUNMLSJLHLGFCB38DA,寶文段,30.02,都市：其他:第二種住宅區,100000,641,持分移轉,00350002
RPWNMLRJLHLGFCB48DA,寶文段,38.74,都市：其他:第二種住宅區,100000,827,持分移轉,00350002
RPTOMLLJMHLGFFB08DA,南簡段,24.17,都市：其他:第四種住宅區,10000,45,持分移轉,01840000
RPROMLMJMHLGFCB67DA,福德段,32.09,都市：其他:第二種住宅區,100000,1158,持分移轉,01110000
RPVOMLRKLHLGFDB68DA,六張段,.60,非都市：特定農業區 ; 非都市編定：水利用地,48,2,持分移轉,01540005
RPVOMLRKLHLGFDB68DA,六張段,27.01,非都市：特定農業區 ; 非都市編定：甲種建築用地,48,2,持分移轉,02400000
RPVOMLRKLHLGFDB68DA,六張段,56.27,非都市：特定農業區 ; 非都市編定：甲種建築用地,1,1,全筆移轉,02400024
RPVOMLRKLHLGFDB68DA,六張段,.75,非都市：特定農業區 ; 非都市編定：甲種建築用地,48,2,持分移轉,02400031
RPOSMLSJLHLGFCB28DA,寶文段,30.91,都市：其他:第二種住宅區,100000,660,持分移轉,00350002
RPORNLNLLHLGFJB68DA,福平段,13.86,都市：其他:商業區,100000,584,持分移轉,08730000
RPQNMLRJLHLGFEB08DA,九張段,.17,非都市：鄉村區 ; 非都市編定：乙種建築用地,170000,10000,持分移轉,06920010
RPQNMLRJLHLGFEB08DA,九張段,20.51,非都市：鄉村區 ; 非都市編定：乙種建築用地,170000,10000,持分移轉,06920011
RPQNMLRJLHLGFEB08DA,九張段,58.84,非都市：鄉村區 ; 非都市編定：乙種建築用地,1,1,全筆移轉,06920022
RPQQNLNLLHLGFJB78DA,福平段,13.86,都市：其他:商業區,100000,584,持分移轉,08730000
RPOQNLNLLHLGFJB58DA,福平段,13.31,都市：其他:商業區,100000,561,持分移轉,08730000
RPUOMLNKMHLGFFB48DA,南簡段,25.78,都市：其他:第四種住宅區,10000,48,持分移轉,01840000
RPQUMLKKLHLGFCB97DA,寶文段,22.81,都市：其他:第二種住宅區,100000,487,持分移轉,00350002
RPSOMLNLLHLGFJB68DA,福平段,13.81,都市：其他:商業區,100000,582,持分移轉,08730000
RPSNNLNLLHLGFJB68DA,福平段,13.31,都市：其他:商業區,100000,561,持分移轉,08730000
RPPOMLSJLHLGFCB97DA,寶文段,30.02,都市：其他:第二種住宅區,100000,641,持分移轉,00350002
RPUUMLNLLHLGFJB86DA,福平段,13.31,都市：其他:商業區,100000,561,持分移轉,08730000
RPVOMLNLLHLGFCB28DA,建功段,10.75,都市：其他:第五種住宅區,10000,14,持分移轉,00070001
RPQUMLTJLHLGFCB78DA,寶文段,30.91,都市：其他:第二種住宅區,100000,660,持分移轉,00350002
RPWQMLLMLHLGFCB48DA,建功段,14.60,都市：其他:第五種住宅區,10000,19,持分移轉,00070001
RPXTMLPJLHLGFBB88DA,東光段,13.59,都市：其他:第二種商業區,100000,1065,持分移轉,04130000
RPWTMLNLLHLGFJB96DA,福平段,13.31,都市：其他:商業區,100000,561,持分移轉,08730000
RPVNMLSKLHLGFCB58DA,寶文段,30.82,都市：其他:第二種住宅區,100000,658,持分移轉,00350002
RPVNNLNLLHLGFJB98DA,福平段,13.31,都市：其他:商業區,100000,561,持分移轉,08730000
RPXNMLNKMHLGFFB68DA,南簡段,17.72,都市：其他:第四種住宅區,10000,33,持分移轉,01840000
RPPOMLMJMHLGFJB18DA,育賢段,26.58,都市：其他:住宅區,10000,25,持分移轉,01810000
RPOOOLNJLHLGFBB47DA,東光段,13.07,都市：其他:第二種商業區,100000,1024,持分移轉,04130000
RPPTMLOJMHLGFBB08DA,仁平段,14.90,都市：其他:第一之一種住宅區,100000,558,持分移轉,03580000
RPPTMLOJMHLGFBB08DA,平田段,7.19,都市：其他:第二種住宅區,100000,558,持分移轉,09530000
RPOONLOJMHLGFBB57DA,仁平段,22.05,都市：其他:第一之一種住宅區,100000,826,持分移轉,03580000
RPOONLOJMHLGFBB57DA,平田段,10.65,都市：其他:第二種住宅區,100000,826,持分移轉,09530000
RPUUMLLMLHLGFJB76DA,育賢段,12.76,都市：其他:住宅區,10000,12,持分移轉,01810000
RPUPMLMJMHLGFJB78DA,育賢段,26.58,都市：其他:住宅區,10000,25,持分移轉,01810000
RPWRMLLMLHLGFCB58DA,建功段,19.97,都市：其他:第五種住宅區,10000,26,持分移轉,00070001
RPTOMLMJMHLGFJB58DA,育賢段,26.58,都市：其他:住宅區,10000,25,持分移轉,01810000
RPTNNLLMLHLGFJB68DA,育賢段,32.96,都市：其他:住宅區,10000,31,持分移轉,01810000
RPXRMLLMLHLGFJB76DA,育賢段,12.76,都市：其他:住宅區,10000,12,持分移轉,01810000
RPTUMLOJMHLGFBB58DA,仁平段,22.13,都市：其他:第一之一種住宅區,100000,829,持分移轉,03580000
RPTUMLOJMHLGFBB58DA,平田段,10.69,都市：其他:第二種住宅區,100000,829,持分移轉,09530000
RPROMLOJMHLGFBB77DA,仁平段,22.05,都市：其他:第一之一種住宅區,100000,826,持分移轉,03580000
RPROMLOJMHLGFBB77DA,平田段,10.65,都市：其他:第二種住宅區,100000,826,持分移轉,09530000
RPUSNLLMLHLGFJB66DA,育賢段,12.76,都市：其他:住宅區,10000,12,持分移轉,01810000
RPXSMLMJMHLGFJB76DA,育賢段,26.58,都市：其他:住宅區,10000,25,持分移轉,01810000
RPUPMLMJMHLGFBB97DA,溝背段,15.03,都市：其他:第二之一種住宅區,100000,404,持分移轉,01430000
RPPPMLOKMHLGFFB18DA,南簡段,24.17,都市：其他:第四種住宅區,10000,45,持分移轉,01840000
RPWNMLPKMHLGFFB78DA,南簡段,18.26,都市：其他:第四種住宅區,10000,34,持分移轉,01840000
RPOPMLSJLHLGFCB97DA,寶文段,29.70,都市：其他:第二種住宅區,100000,634,持分移轉,00350002
RPORMLKMLHLGFIB28DA,仁美段,3.97,都市：其他:住宅區,100000,1030,持分移轉,12130000
RPORMLKMLHLGFIB28DA,仁美段,16.30,非都市：一般農業區 ; 非都市編定：甲種建築用地,100000,1530,持分移轉,13360000
RPVPMLLKLHLGFCB08DA,寶文段,23.84,都市：其他:第二種住宅區,100000,509,持分移轉,00350002
RPQRMLKMLHLGFIB48DA,仁美段,5.16,都市：其他:住宅區,100000,1337,持分移轉,12130000
RPPRMLKMLHLGFIB38DA,仁美段,3.97,都市：其他:住宅區,100000,1030,持分移轉,12130000
RPQRMLKMLHLGFIB48DA,仁美段,21.15,非都市：一般農業區 ; 非都市編定：甲種建築用地,100000,1985,持分移轉,13360000
RPPRMLKMLHLGFIB38DA,仁美段,16.30,非都市：一般農業區 ; 非都市編定：甲種建築用地,100000,1530,持分移轉,13360000
RPRNMLMKMHLGFIB28DA,仁美段,3.97,都市：其他:住宅區,100000,1030,持分移轉,12130000
RPRNMLMKMHLGFIB28DA,仁美段,16.30,非都市：一般農業區 ; 非都市編定：甲種建築用地,100000,1530,持分移轉,13360000
RPQPMLMJMHLGFFB97DA,福田段,27.91,都市：其他:第四種住宅區,100000,1580,持分移轉,09620000
RPQPMLMJMHLGFFB97DA,福田段,.42,都市：其他:第四種住宅區,100000,1580,持分移轉,09620001
RPWNMLNLMHLGFGB78DA,和興段,76.96,都市：其他:住宅區,1,1,全筆移轉,01660006
RPUNMLMLMHLGFFB38DA,南簡段,27.39,都市：其他:第四種住宅區,10000,51,持分移轉,01840000
RPWNMLMLMHLGFFB58DA,南簡段,27.39,都市：其他:第四種住宅區,10000,51,持分移轉,01840000
RPUOMLNLMHLGFBB18DA,碧柳段,23.70,都市：其他:第二之一種住宅區,100000,537,持分移轉,02150000
RPQQMLOLMHLGFBB08DA,碧柳段,22.86,都市：其他:第二之一種住宅區,100000,518,持分移轉,02150000
RPSNMLQJLHLGFIB58DA,新高鐵段,18.48,都市：其他:商業區,100000,319,持分移轉,00570000
RPRPPLNJLHLGFBB97DA,東光段,13.47,都市：其他:第二種商業區,100000,1056,持分移轉,04130000
RPOTMLLLMHLGFCB97DA,建功段,11.52,都市：其他:第五種住宅區,10000,15,持分移轉,00070001
RPRTMLMJMHLGFJB88DA,育賢段,26.58,都市：其他:住宅區,10000,25,持分移轉,01810000
RPTOMLKKMHLGFJB48DA,育賢段,32.96,都市：其他:住宅區,10000,31,持分移轉,01810000
RPRVMLKKMHLGFJB98DA,育賢段,37.22,都市：其他:住宅區,10000,35,持分移轉,01810000
RPXOMLKMMHLGFCB38DA,永豐段,913.50,都市：其他:第一之一種住宅區,1,1,全筆移轉,00460000
RPXOMLKMMHLGFCB38DA,永豐段,240.59,都市：其他:第一之一種住宅區,1,1,全筆移轉,00470000
RPSSMLOJMHLGFBB28DA,仁平段,22.08,都市：其他:第一之一種住宅區,100000,827,持分移轉,03580000
RPSSMLOJMHLGFBB28DA,平田段,10.66,都市：其他:第二種住宅區,100000,827,持分移轉,09530000
RPUNMLMLMHLGFJB78DA,福平段,19.62,都市：其他:商業區,100000,827,持分移轉,08730000
RPVPMLRKMHLGFBB68DA,敦和段,114.47,都市：其他:第一種住宅區,1,1,全筆移轉,02950001
RPVPMLRKMHLGFBB68DA,敦和段,23.64,都市：其他:第一種住宅區,8,1,持分移轉,02950008
RPWPMLRKMHLGFBB78DA,敦和段,114.47,都市：其他:第一種住宅區,1,1,全筆移轉,02950002
RPWPMLRKMHLGFBB78DA,敦和段,23.64,都市：其他:第一種住宅區,8,1,持分移轉,02950008
RPSOMLLKNHLGFFB18DA,南簡段,17.72,都市：其他:第四種住宅區,10000,33,持分移轉,01840000
RPWNMLRJNHLGFBB58DA,榮德段,35.23,都市：其他:第一之一種住宅區,100000,654,持分移轉,01680000
RPWNMLRJNHLGFBB58DA,榮德段,9.79,都市：其他:第一之一種住宅區,100000,654,持分移轉,01770000
RPTOMLKMMHLGFCB97DA,建功段,19.97,都市：其他:第五種住宅區,10000,26,持分移轉,00070001
RPTPMLMKNHLGFFB48DA,忠孝段,27.61,都市：其他:第四種住宅區,100000,1468,持分移轉,00620002
RPXTMLLMLHLGFCB88DA,建功段,10.75,都市：其他:第五種住宅區,10000,14,持分移轉,00070001
RPQNNLOJMHLGFBB67DA,仁平段,20.05,都市：其他:第一之一種住宅區,100000,751,持分移轉,03580000
RPQNNLOJMHLGFBB67DA,平田段,9.68,都市：其他:第二種住宅區,100000,751,持分移轉,09530000
RPWVMLOJMHLGFBB98DA,仁平段,20.02,都市：其他:第一之一種住宅區,100000,750,持分移轉,03580000
RPWVMLOJMHLGFBB98DA,平田段,9.67,都市：其他:第二種住宅區,100000,750,持分移轉,09530000
RPVPMLPKMHLGFBB48DA,竹興段,38.69,都市：其他:第一之一種住宅區,100000,1747,持分移轉,01120000
RPRUMLMJMHLGFJB98DA,育賢段,26.58,都市：其他:住宅區,10000,25,持分移轉,01810000
RPTPMLMJMHLGFJB68DA,育賢段,26.58,都市：其他:住宅區,10000,25,持分移轉,01810000
RPROMLMJMHLGFJB38DA,育賢段,26.58,都市：其他:住宅區,10000,25,持分移轉,01810000
RPSUMLMJMHLGFJB09DA,育賢段,26.58,都市：其他:住宅區,10000,25,持分移轉,01810000
RPQOMLLKNHLGFCB67DA,建功段,11.52,都市：其他:第五種住宅區,10000,15,持分移轉,00070001
RPTUMLMJMHLGFJB56DA,育賢段,26.58,都市：其他:住宅區,10000,25,持分移轉,01810000
RPRVMLMJMHLGFJB09DA,育賢段,26.58,都市：其他:住宅區,10000,25,持分移轉,01810000
RPXNMLQJNHLGFCB68DA,建功段,14.60,都市：其他:第五種住宅區,10000,19,持分移轉,00070001
RPTQMLLMLHLGFJB88DA,育賢段,26.58,都市：其他:住宅區,10000,25,持分移轉,01810000
RPUNMLRJNHLGFBB38DA,榮德段,29.63,都市：其他:第一之一種住宅區,100000,550,持分移轉,01680000
RPUNMLRJNHLGFBB38DA,榮德段,8.23,都市：其他:第一之一種住宅區,100000,550,持分移轉,01770000
RPQNMLOKNHLGFGB28DA,和興段,77.08,都市：其他:住宅區,1,1,全筆移轉,01660005
RPSWMLMJMHLGFBB48DA,溝背段,25.86,都市：其他:第二之一種住宅區,100000,695,持分移轉,01430000
RPQOMLQJNHLGFCB08DA,建功段,19.97,都市：其他:第五種住宅區,10000,26,持分移轉,00070001
RPVNMLPKNHLGFBB38DA,榮德段,29.63,都市：其他:第一之一種住宅區,100000,550,持分移轉,01680000
RPRQMLLMLHLGFJB68DA,育賢段,12.76,都市：其他:住宅區,10000,12,持分移轉,01810000
RPVNMLPKNHLGFBB38DA,榮德段,8.23,都市：其他:第一之一種住宅區,100000,550,持分移轉,01770000
RPSPNLPJLHLGFCB18DA,豐業段,24.28,都市：其他:第二種住宅區,100000,981,持分移轉,01340000
RPRSMLPJLHLGFBB18DA,東光段,13.59,都市：其他:第二種商業區,100000,1065,持分移轉,04130000
RPSNMLLLMHLGFCB77DA,永春段,7.99,都市：其他:第一之一種住宅區,100000,281,持分移轉,01050000
RPSNMLLLMHLGFCB77DA,永春段,71.11,都市：其他:第一種住宅區,100000,2364,持分移轉,01060004
RPSNMLLLMHLGFCB77DA,永春段,142.14,都市：其他:第一種住宅區,1,1,全筆移轉,01060024
RPOPMLMLMHLGFJB38DA,育賢段,19.14,都市：其他:住宅區,10000,18,持分移轉,01810000
RPXONLLMLHLGFJB56DA,育賢段,12.76,都市：其他:住宅區,10000,12,持分移轉,01810000
RPQQNLMJMHLGFBB77DA,溝背段,22.14,都市：其他:第二之一種住宅區,100000,595,持分移轉,01430000
RPOTMLMJMHLGFBB77DA,溝背段,15.03,都市：其他:第二之一種住宅區,100000,404,持分移轉,01430000
RPSPMLMJMHLGFJB58DA,育賢段,26.58,都市：其他:住宅區,10000,25,持分移轉,01810000
RPWWMLKKMHLGFJB96DA,育賢段,37.22,都市：其他:住宅區,10000,35,持分移轉,01810000
RPXWMLKKMHLGFJB07DA,育賢段,20.20,都市：其他:住宅區,10000,19,持分移轉,01810000
RPVPMLPKNHLGFBB58DA,榮德段,29.63,都市：其他:第一之一種住宅區,100000,550,持分移轉,01680000
RPVPMLPKNHLGFBB58DA,榮德段,8.23,都市：其他:第一之一種住宅區,100000,550,持分移轉,01770000
RPPOMLPKNHLGFBB87DA,榮德段,29.63,都市：其他:第一之一種住宅區,100000,550,持分移轉,01680000
RPPOMLPKNHLGFBB87DA,榮德段,8.23,都市：其他:第一之一種住宅區,100000,550,持分移轉,01770000
RPTPMLOLLHLGFBB18DA,敦和段,35.88,都市：其他:第一之一種住宅區,100000,929,持分移轉,00120000
RPUVMLOLLHLGFBB88DA,敦和段,25.60,都市：其他:第一之一種住宅區,100000,663,持分移轉,00120000
RPTRMLOLLHLGFBB38DA,敦和段,35.76,都市：其他:第一之一種住宅區,100000,926,持分移轉,00120000
RPTOMLRKMHLGFBB38DA,溝背段,22.14,都市：其他:第二之一種住宅區,100000,595,持分移轉,01430000
RPQPMLOLLHLGFBB87DA,敦和段,41.44,都市：其他:第一之一種住宅區,100000,1073,持分移轉,00120000
RPSSMLPKNHLGFDB78DA,大洲段,31.30,都市：其他:第一之一種住宅區,10000,118,持分移轉,04770000
RPTOMLPLNHLGFBB38DA,碧柳段,22.59,都市：其他:第二之一種住宅區,100000,512,持分移轉,02150000
RPVTMLPKNHLGFDB56DA,大洲段,34.75,都市：其他:第一之一種住宅區,10000,131,持分移轉,04770000
RPTNMLNLNHLGFFB48DA,忠孝段,29.85,都市：其他:第四種住宅區,100000,1587,持分移轉,00620002
RPVNMLKMNHLGFFB48DA,南簡段,17.72,都市：其他:第四種住宅區,10000,33,持分移轉,01840000
RPXSMLOLLHLGFBB88DA,敦和段,41.75,都市：其他:第一之一種住宅區,100000,1081,持分移轉,00120000
RPSNMLKKNHLGFCB67DA,惠民段,12.85,都市：其他:第六種新市政中心專用區,100000,425,持分移轉,01150000
RPWNMLNLNHLGFFB78DA,忠孝段,29.85,都市：其他:第四種住宅區,100000,1587,持分移轉,00620002
RPTPMLMLMHLGFJB88DA,育賢段,26.58,都市：其他:住宅區,10000,25,持分移轉,01810000
RPTOMLSJNHLGFIB56DA,新高鐵段,18.37,都市：其他:商業區,100000,317,持分移轉,00570000
RPQUMLPKNHLGFDB78DA,大洲段,35.01,都市：其他:第一之一種住宅區,10000,132,持分移轉,04770000
RPQPMLMLMHLGFJB58DA,育賢段,26.58,都市：其他:住宅區,10000,25,持分移轉,01810000
RPUQMLPLNHLGFBB68DA,中德段,20.94,都市：其他:第二種住宅區,100000,3444,持分移轉,00160001
RPXPMLNLLHLGFBB48DA,敦和段,35.68,都市：其他:第一之一種住宅區,100000,924,持分移轉,00120000
RPPRMLNLLHLGFBB87DA,敦和段,41.55,都市：其他:第一之一種住宅區,100000,1076,持分移轉,00120000
RPRQMLKLNHLGFCB97DA,建功段,10.75,都市：其他:第五種住宅區,10000,14,持分移轉,00070001
RPTOMLQLNHLGFBB48DA,中德段,20.94,都市：其他:第二種住宅區,100000,3444,持分移轉,00160001
RPTUMLPKNHLGFDB09DA,大洲段,34.75,都市：其他:第一之一種住宅區,10000,131,持分移轉,04770000
RPXNMLRJNHLGFEB98DA,文化段,21.77,都市：其他:住宅區,1000000,14185,持分移轉,02010000
RPUNMLNJNHLGFEB28DA,文化段,30.13,都市：其他:住宅區,1000000,19626,持分移轉,02010000
RPTSMLTKNHLGFIB17DA,長壽段,2.27,都市：其他:第一種住宅區,10000,375,持分移轉,01430000
RPTSMLTKNHLGFIB17DA,長壽段,69.63,都市：其他:第一種住宅區,1,1,全筆移轉,01430013
RPTSMLTKNHLGFIB17DA,長壽段,8.33,都市：其他:第一種住宅區,10000,715,持分移轉,01430016
RPTSMLTKNHLGFIB17DA,長壽段,.75,都市：其他:第一種住宅區,10000,712,持分移轉,01430018
RPTSMLTKNHLGFIB17DA,長壽段,.67,都市：其他:第一種住宅區,10000,705,持分移轉,01430019
RPUNMLNLNHLGFFB58DA,忠孝段,27.63,都市：其他:第四種住宅區,100000,1469,持分移轉,00620002
RPUQMLOLLHLGFBB38DA,敦和段,35.88,都市：其他:第一之一種住宅區,100000,929,持分移轉,00120000
RPRQMLTKNHLGFDB88DA,大洲段,35.01,都市：其他:第一之一種住宅區,10000,132,持分移轉,04770000
RPOQMLMKNHLGFFB08DA,忠孝段,27.63,都市：其他:第四種住宅區,100000,1469,持分移轉,00620002
RPQRMLNJKHLGFCB77DA,建功段,11.52,都市：其他:第五種住宅區,10000,15,持分移轉,00070001
RPOQMLNLKHLGFIB28DA,仁美段,5.20,都市：其他:住宅區,100000,1348,持分移轉,12130000
RPOQMLNLKHLGFIB28DA,仁美段,21.31,非都市：一般農業區 ; 非都市編定：甲種建築用地,100000,2000,持分移轉,13360000
RPWPMLNLKHLGFIB98DA,仁美段,5.16,都市：其他:住宅區,100000,1337,持分移轉,12130000
RPWPMLNLKHLGFIB98DA,仁美段,21.15,非都市：一般農業區 ; 非都市編定：甲種建築用地,100000,1985,持分移轉,13360000
RPRQMLNLKHLGFIB58DA,仁美段,3.97,都市：其他:住宅區,100000,1030,持分移轉,12130000
RPPPMLKKKHLGFCB27DA,建功段,14.60,都市：其他:第五種住宅區,10000,19,持分移轉,00070001
RPXPMLNLKHLGFIB09DA,仁美段,3.97,都市：其他:住宅區,100000,1030,持分移轉,12130000
RPRQMLNLKHLGFIB58DA,仁美段,16.30,非都市：一般農業區 ; 非都市編定：甲種建築用地,100000,1530,持分移轉,13360000
RPXPMLNLKHLGFIB09DA,仁美段,16.30,非都市：一般農業區 ; 非都市編定：甲種建築用地,100000,1530,持分移轉,13360000
RPSNMLMJLHLGFHB08DA,弘富段,28.64,都市：其他:第一之二種住宅區,100000,1160,持分移轉,00930000
RPQRMLKKLHLGFBB57DA,榮德段,29.52,都市：其他:第一之一種住宅區,100000,548,持分移轉,01680000
RPQRMLKKLHLGFBB57DA,榮德段,8.20,都市：其他:第一之一種住宅區,100000,548,持分移轉,01770000
RPXSMLMJLHLGFCB58DA,豐業段,24.43,都市：其他:第二種住宅區,100000,987,持分移轉,01340000
RPROMLMJLHLGFCB57DA,豐業段,24.28,都市：其他:第二種住宅區,100000,981,持分移轉,01340000
RPUSMLMJLHLGFCB28DA,豐業段,24.28,都市：其他:第二種住宅區,100000,981,持分移轉,01340000
RPUOMLNKLHLGFFB38DA,南簡段,17.72,都市：其他:第四種住宅區,10000,33,持分移轉,01840000
RPPPNLPJLHLGFCB87DA,豐業段,24.28,都市：其他:第二種住宅區,100000,981,持分移轉,01340000
RPSOMLNKLHLGFFB18DA,南簡段,18.26,都市：其他:第四種住宅區,10000,34,持分移轉,01840000
RPPPMLNKLHLGFFB97DA,南簡段,27.39,都市：其他:第四種住宅區,10000,51,持分移轉,01840000
RPTNMLQJLHLGFFB38DA,市鎮北段,18.35,都市：其他:第四種商業區,10000,57,持分移轉,00130001
RPTQMLPJLHLGFBB18DA,東光段,14.16,都市：其他:第二種商業區,100000,1110,持分移轉,04130000
RPTSMLPJLHLGFBB38DA,東光段,13.07,都市：其他:第二種商業區,100000,1024,持分移轉,04130000
RPRQMLTKLHLGFBB48DA,軍福段,23.59,都市：其他:第三種住宅區。,10000,286,持分移轉,00760000
RPUPMLMKLHLGFFB38DA,福田段,22.93,都市：其他:第四種住宅區,100000,1298,持分移轉,09620000
RPUPMLMKLHLGFFB38DA,福田段,.35,都市：其他:第四種住宅區,100000,1298,持分移轉,09620001
RPXQMLMKLHLGFFB78DA,福田段,23.05,都市：其他:第四種住宅區,100000,1305,持分移轉,09620000
RPXQMLMKLHLGFFB78DA,福田段,.35,都市：其他:第四種住宅區,100000,1305,持分移轉,09620001
RPSPMLRKLHLGFCB38DA,建功段,14.60,都市：其他:第五種住宅區,10000,19,持分移轉,00070001
RPWOMLPLKHLGFIB09DA,仁美段,5.16,都市：其他:住宅區,100000,1337,持分移轉,12130000
RPPQMLKKKHLGFCB37DA,建功段,13.83,都市：其他:第五種住宅區,10000,18,持分移轉,00070001
RPWOMLPLKHLGFIB09DA,仁美段,21.15,非都市：一般農業區 ; 非都市編定：甲種建築用地,100000,1985,持分移轉,13360000
RPPNMLNJLHLGFHB87DA,弘富段,28.57,都市：其他:第一之二種住宅區,100000,1157,持分移轉,00930000
RPUNMLQJLHLGFIB78DA,新高鐵段,18.37,都市：其他:商業區,100000,317,持分移轉,00570000
SPUNMLQJLHLGFIB88DA,新高鐵段,16.40,都市：其他:商業區,100000,283,持分移轉,00570000
RPSQMLKKKHLGFCB67DA,建功段,14.60,都市：其他:第五種住宅區,10000,19,持分移轉,00070001
RPTNMLSJLHLGFCB28DA,寶文段,30.02,都市：其他:第二種住宅區,100000,641,持分移轉,00350002
RPQRMLSJLHLGFCB38DA,寶文段,30.91,都市：其他:第二種住宅區,100000,660,持分移轉,00350002
RPOTMLOLLHLGFBB08DA,敦和段,25.60,都市：其他:第一之一種住宅區,100000,663,持分移轉,00120000
RPTNMLMKLHLGFFB08DA,福田段,22.93,都市：其他:第四種住宅區,100000,1298,持分移轉,09620000
RPTNMLMKLHLGFFB08DA,福田段,.35,都市：其他:第四種住宅區,100000,1298,持分移轉,09620001
RPQQMLPLNHLGFBB28DA,中德段,20.94,都市：其他:第二種住宅區,100000,3444,持分移轉,00160001
RPRTMLPJLHLGFBB28DA,東光段,13.07,都市：其他:第二種商業區,100000,1024,持分移轉,04130000
RPXRMLTJLHLGFCB56DA,建功段,11.52,都市：其他:第五種住宅區,10000,15,持分移轉,00070001
RPTOMLMJKHLGFBB57DA,榮德段,42.51,都市：其他:第一之一種住宅區,100000,1783,持分移轉,02840000
RPRPMLRKLHLGFCB28DA,建功段,11.52,都市：其他:第五種住宅區,10000,15,持分移轉,00070001
RPPOMLRKMHLGFBB97DA,溝背段,22.14,都市：其他:第二之一種住宅區,100000,595,持分移轉,01430000
RPSQMLKKLHLGFIB38DA,仁美段,5.80,都市：其他:住宅區,100000,1503,持分移轉,12130000
RPSQMLKKLHLGFIB38DA,仁美段,23.77,非都市：一般農業區 ; 非都市編定：甲種建築用地,100000,2231,持分移轉,13360000
RPOOMLQLJHLGFBB57DA,太順段,24.47,都市：其他:第三種住宅區。,10000,137,持分移轉,00140000
RPUPMLRKLHLGFCB58DA,建功段,14.60,都市：其他:第五種住宅區,10000,19,持分移轉,00070001
RPUNMLKKLHLGFIB28DA,仁美段,5.80,都市：其他:住宅區,100000,1503,持分移轉,12130000
RPUNMLKKLHLGFIB28DA,仁美段,23.77,非都市：一般農業區 ; 非都市編定：甲種建築用地,100000,2231,持分移轉,13360000
RPOSMLTJLHLGFCB38DA,建功段,14.60,都市：其他:第五種住宅區,10000,19,持分移轉,00070001
RPPPMLSKLHLGFIB78DA,仁美段,3.97,都市：其他:住宅區,100000,1030,持分移轉,12130000
RPPPMLSKLHLGFIB78DA,仁美段,16.30,非都市：一般農業區 ; 非都市編定：甲種建築用地,100000,1530,持分移轉,13360000
RPXOMLSKLHLGFIB86DA,仁美段,5.80,都市：其他:住宅區,100000,1503,持分移轉,12130000
RPPNMLNKLHLGFHB97DA,弘富段,28.64,都市：其他:第一之二種住宅區,200000,2320,持分移轉,00930000
RPVNMLNLKHLGFEB28DA,頂庄段,59.48,都市：其他:住宅區,1,1,全筆移轉,02520007
RPXOMLSKLHLGFIB86DA,仁美段,23.77,非都市：一般農業區 ; 非都市編定：甲種建築用地,100000,2231,持分移轉,13360000
RPUNNLLMJHLGFIB48DA,新高鐵段,16.05,都市：其他:商業區,100000,277,持分移轉,00570000
RPSQMLLMJHLGFIB48DA,新高鐵段,10.66,都市：其他:商業區,100000,184,持分移轉,00570000
RPVONLPJLHLGFCB38DA,豐業段,24.28,都市：其他:第二種住宅區,100000,981,持分移轉,01340000
RPXSMLTJLHLGFCB66DA,建功段,19.97,都市：其他:第五種住宅區,10000,26,持分移轉,00070001
RPQNMLNKLHLGFHB08DA,弘富段,28.64,都市：其他:第一之二種住宅區,100000,1160,持分移轉,00930000
RPPWNLNJLHLGFBB28DA,東光段,13.07,都市：其他:第二種商業區,100000,1024,持分移轉,04130000
RPXNNLLMJHLGFIB78DA,新高鐵段,15.76,都市：其他:商業區,100000,272,持分移轉,00570000
RPUOMLRKLHLGFDB58DA,六張段,.60,非都市：特定農業區 ; 非都市編定：水利用地,48,2,持分移轉,01540005
RPUOMLRKLHLGFDB58DA,六張段,27.01,非都市：特定農業區 ; 非都市編定：甲種建築用地,48,2,持分移轉,02400000
RPUOMLRKLHLGFDB58DA,六張段,56.29,非都市：特定農業區 ; 非都市編定：甲種建築用地,1,1,全筆移轉,02400023
RPUOMLRKLHLGFDB58DA,六張段,.75,非都市：特定農業區 ; 非都市編定：甲種建築用地,48,2,持分移轉,02400031
RPVUMLTJLHLGFCB66DA,寶文段,30.91,都市：其他:第二種住宅區,100000,660,持分移轉,00350002
RPUNNLNLLHLGFJB88DA,福平段,13.31,都市：其他:商業區,100000,561,持分移轉,08730000
RPQOMLLJMHLGFFB77DA,南簡段,17.72,都市：其他:第四種住宅區,10000,33,持分移轉,01840000
RPPOMLLJMHLGFFB67DA,南簡段,18.26,都市：其他:第四種住宅區,10000,34,持分移轉,01840000
RPTTNLNJLHLGFBB38DA,東光段,14.13,都市：其他:第二種商業區,100000,1107,持分移轉,04130000
RPWNNLNLLHLGFJB09DA,福平段,13.31,都市：其他:商業區,100000,561,持分移轉,08730000
RPWNOLNJLHLGFBB18DA,東光段,13.59,都市：其他:第二種商業區,100000,1065,持分移轉,04130000
RPOQMLNLLHLGFJB48DA,福平段,19.70,都市：其他:商業區,100000,830,持分移轉,08730000
RPUVMLNLLHLGFJB96DA,福平段,13.31,都市：其他:商業區,100000,561,持分移轉,08730000
RPSVMLNLLHLGFJB76DA,福平段,19.70,都市：其他:商業區,100000,830,持分移轉,08730000
RPPPMLRJMHLGFCB08DA,福德段,29.10,都市：其他:第二種住宅區,100000,1050,持分移轉,01110000
RPXOMLLMLHLGFCB38DA,協成段,78.00,都市：其他:農業區,1,1,全筆移轉,03120009
RPXOMLLMLHLGFCB38DA,協成段,21.47,都市：其他:農業區,14,1,持分移轉,03120015
RPQPNLPJLHLGFCB97DA,豐業段,24.28,都市：其他:第二種住宅區,100000,981,持分移轉,01340000
RPPVMLNLLHLGFJB09DA,福平段,13.31,都市：其他:商業區,100000,561,持分移轉,08730000
RPSPMLNLLHLGFJB78DA,福平段,13.81,都市：其他:商業區,100000,582,持分移轉,08730000
RPQQMLNLLHLGFJB68DA,福平段,19.70,都市：其他:商業區,100000,830,持分移轉,08730000
RPPNNLNLLHLGFJB38DA,福平段,19.70,都市：其他:商業區,100000,830,持分移轉,08730000
RPWPNLNLLHLGFJB66DA,福平段,13.86,都市：其他:商業區,100000,584,持分移轉,08730000
RPTNMLNLKHLGFEB08DA,頂庄段,61.67,都市：其他:住宅區,1,1,全筆移轉,02520005
RPSPMLNKMHLGFFB38DA,市鎮北段,18.35,都市：其他:第四種商業區,10000,57,持分移轉,00130001
RPOPMLOKMHLGFAB57DA,泉源段,6.00,都市：其他:第三之一種商業區,100000,51,持分移轉,00150000
RPPRMLLMLHLGFCB87DA,建功段,13.83,都市：其他:第五種住宅區,10000,18,持分移轉,00070001
RPSNMLMJMHLGFCB67DA,建功段,11.52,都市：其他:第五種住宅區,10000,15,持分移轉,00070001
RPTQMLOJMHLGFBB18DA,仁平段,21.04,都市：其他:第一之一種住宅區,100000,788,持分移轉,03580000
RPTQMLOJMHLGFBB18DA,平田段,10.16,都市：其他:第二種住宅區,100000,788,持分移轉,09530000
RPVQMLOJMHLGFBB38DA,仁平段,21.04,都市：其他:第一之一種住宅區,100000,788,持分移轉,03580000
RPVQMLOJMHLGFBB38DA,平田段,10.16,都市：其他:第二種住宅區,100000,788,持分移轉,09530000
RPUUMLOJMHLGFBB68DA,仁平段,22.13,都市：其他:第一之一種住宅區,100000,829,持分移轉,03580000
RPUUMLOJMHLGFBB68DA,平田段,10.69,都市：其他:第二種住宅區,100000,829,持分移轉,09530000
RPQNMLOJMHLGFBB57DA,仁平段,21.15,都市：其他:第一之一種住宅區,100000,792,持分移轉,03580000
RPTTMLLMLHLGFCB48DA,建功段,11.52,都市：其他:第五種住宅區,10000,15,持分移轉,00070001
RPQNMLOJMHLGFBB57DA,平田段,10.21,都市：其他:第二種住宅區,100000,792,持分移轉,09530000
RPQQMLLMLHLGFJB58DA,育賢段,12.76,都市：其他:住宅區,10000,12,持分移轉,01810000
RPRONLOJMHLGFBB87DA,仁平段,22.05,都市：其他:第一之一種住宅區,100000,826,持分移轉,03580000
RPRONLOJMHLGFBB87DA,平田段,10.65,都市：其他:第二種住宅區,100000,826,持分移轉,09530000
RPXTNLLMLHLGFJB07DA,育賢段,26.58,都市：其他:住宅區,10000,25,持分移轉,01810000
RPUTMLLMLHLGFCB58DA,建功段,14.60,都市：其他:第五種住宅區,10000,19,持分移轉,00070001
RPVSMLNLLHLGFJB76DA,福平段,13.31,都市：其他:商業區,100000,561,持分移轉,08730000
RPTSMLLMLHLGFJB09DA,育賢段,19.14,都市：其他:住宅區,10000,18,持分移轉,01810000
RPWTMLLMLHLGFCB78DA,建功段,10.75,都市：其他:第五種住宅區,10000,14,持分移轉,00070001
RPVTMLLMLHLGFCB68DA,建功段,11.52,都市：其他:第五種住宅區,10000,15,持分移轉,00070001
RPTNMLOJMHLGFBB87DA,仁平段,21.15,都市：其他:第一之一種住宅區,100000,792,持分移轉,03580000
RPTNMLOJMHLGFBB87DA,平田段,10.21,都市：其他:第二種住宅區,100000,792,持分移轉,09530000
RPVNMLOJMHLGFBB08DA,仁平段,21.15,都市：其他:第一之一種住宅區,100000,792,持分移轉,03580000
RPVNMLOJMHLGFBB08DA,平田段,10.21,都市：其他:第二種住宅區,100000,792,持分移轉,09530000
RPVOMLMJMHLGFJB78DA,育賢段,26.58,都市：其他:住宅區,10000,25,持分移轉,01810000
RPRWNLLMLHLGFJB76DA,育賢段,26.58,都市：其他:住宅區,10000,25,持分移轉,01810000
RPQOMLKKMHLGFJB18DA,育賢段,26.58,都市：其他:住宅區,10000,25,持分移轉,01810000
RPRNNLOJMHLGFBB77DA,仁平段,20.05,都市：其他:第一之一種住宅區,100000,751,持分移轉,03580000
RPRNNLOJMHLGFBB77DA,平田段,9.68,都市：其他:第二種住宅區,100000,751,持分移轉,09530000
RPSWMLLMLHLGFJB76DA,育賢段,12.76,都市：其他:住宅區,10000,12,持分移轉,01810000
RPSOMLRKLHLGFDB38DA,六張段,.60,非都市：特定農業區 ; 非都市編定：水利用地,24,1,持分移轉,01540005
RPSOMLRKLHLGFDB38DA,六張段,27.01,非都市：特定農業區 ; 非都市編定：甲種建築用地,24,1,持分移轉,02400000
RPSOMLRKLHLGFDB38DA,六張段,60.91,非都市：特定農業區 ; 非都市編定：甲種建築用地,1,1,全筆移轉,02400017
RPSOMLRKLHLGFDB38DA,六張段,.75,非都市：特定農業區 ; 非都市編定：甲種建築用地,24,1,持分移轉,02400031
RPWUMLMJMHLGFJB86DA,育賢段,26.58,都市：其他:住宅區,10000,25,持分移轉,01810000
RPSNMLMJMHLGFJB38DA,育賢段,26.58,都市：其他:住宅區,10000,25,持分移轉,01810000
RPXRMLMJMHLGFJB66DA,育賢段,26.58,都市：其他:住宅區,10000,25,持分移轉,01810000
RPOOMLKLMHLGFFB67DA,南簡段,18.26,都市：其他:第四種住宅區,10000,34,持分移轉,01840000
RPSOMLOKMHLGFFB38DA,南簡段,17.72,都市：其他:第四種住宅區,10000,33,持分移轉,01840000
RPWOMLOKMHLGFFB78DA,南簡段,27.39,都市：其他:第四種住宅區,10000,51,持分移轉,01840000
RPOOMLQKLHLGFIB38DA,仁美段,4.04,都市：其他:住宅區,100000,1048,持分移轉,12130000
RPOOMLQKLHLGFIB38DA,仁美段,16.57,非都市：一般農業區 ; 非都市編定：甲種建築用地,100000,1555,持分移轉,13360000
RPQUMLMJMHLGFJB88DA,育賢段,26.58,都市：其他:住宅區,10000,25,持分移轉,01810000
RPRQMLMJMHLGFJB58DA,育賢段,26.58,都市：其他:住宅區,10000,25,持分移轉,01810000
RPSRMLMJMHLGFJB78DA,育賢段,26.58,都市：其他:住宅區,10000,25,持分移轉,01810000
RPXOMLKMLHLGFEB48DA,中山段,29.53,都市：其他:住宅區,200000,8280,持分移轉,01160000
RPTOMLMLMHLGFFB38DA,南簡段,27.39,都市：其他:第四種住宅區,10000,51,持分移轉,01840000
RPSPMLMJMHLGFFB18DA,福田段,23.05,都市：其他:第四種住宅區,100000,1305,持分移轉,09620000
RPSPMLMJMHLGFFB18DA,福田段,.35,都市：其他:第四種住宅區,100000,1305,持分移轉,09620001
RPPQMLMJMHLGFJB38DA,育賢段,26.58,都市：其他:住宅區,10000,25,持分移轉,01810000
RPPNMLLLMHLGFIB08DA,新厝段,16.77,非都市：特定農業區 ; 非都市編定：甲種建築用地,9,1,持分移轉,02950000
RPPNMLLLMHLGFIB08DA,新厝段,53.01,非都市：特定農業區 ; 非都市編定：甲種建築用地,1,1,全筆移轉,02950011
RPTPMLKKMHLGFJB58DA,育賢段,26.58,都市：其他:住宅區,10000,25,持分移轉,01810000
RPVVMLKKMHLGFJB76DA,育賢段,20.20,都市：其他:住宅區,10000,19,持分移轉,01810000
RPXPMLMJMHLGFJB09DA,育賢段,26.58,都市：其他:住宅區,10000,25,持分移轉,01810000
RPRONLKKMHLGFJB38DA,育賢段,37.22,都市：其他:住宅區,10000,35,持分移轉,01810000
RPURNLNJLHLGFBB28DA,東光段,14.00,都市：其他:第二種商業區,100000,1097,持分移轉,04130000
RPQQMLKKMHLGFJB38DA,育賢段,26.58,都市：其他:住宅區,10000,25,持分移轉,01810000
RPOOMLMLMHLGFFB87DA,南簡段,17.72,都市：其他:第四種住宅區,10000,33,持分移轉,01840000
RPRVMLMJMHLGFBB28DA,溝背段,15.03,都市：其他:第二之一種住宅區,100000,404,持分移轉,01430000
RPQRMLLLMHLGFCB97DA,建功段,10.75,都市：其他:第五種住宅區,10000,14,持分移轉,00070001
RPVRMLLLMHLGFCB48DA,建功段,14.60,都市：其他:第五種住宅區,10000,19,持分移轉,00070001
RPWPMLMJMHLGFJB98DA,育賢段,32.96,都市：其他:住宅區,10000,31,持分移轉,01810000
RPTQNLKKMHLGFJB78DA,育賢段,20.20,都市：其他:住宅區,10000,19,持分移轉,01810000
RPUNNLLMLHLGFJB78DA,育賢段,26.58,都市：其他:住宅區,10000,25,持分移轉,01810000
RPOPNLKKMHLGFJB18DA,育賢段,20.20,都市：其他:住宅區,10000,19,持分移轉,01810000
RPVOMLRLMHLGFIB76DA,仁美段,5.82,都市：其他:住宅區,100000,1508,持分移轉,12130000
RPVOMLRLMHLGFIB76DA,仁美段,23.85,非都市：一般農業區 ; 非都市編定：甲種建築用地,100000,2238,持分移轉,13360000
RPSNMLRKLHLGFDB28DA,六張段,.60,非都市：特定農業區 ; 非都市編定：水利用地,24,1,持分移轉,01540005
RPSNMLRKLHLGFDB28DA,六張段,27.01,非都市：特定農業區 ; 非都市編定：甲種建築用地,24,1,持分移轉,02400000
RPSNMLRKLHLGFDB28DA,六張段,55.00,非都市：特定農業區 ; 非都市編定：甲種建築用地,1,1,全筆移轉,02400004
RPSNMLRKLHLGFDB28DA,六張段,.75,非都市：特定農業區 ; 非都市編定：甲種建築用地,24,1,持分移轉,02400031
RPRNMLRJNHLGFBB08DA,崇德段,22.07,都市：其他:第一種商業區,100000,914,持分移轉,03820000
RPQPNLKKMHLGFJB38DA,育賢段,37.22,都市：其他:住宅區,10000,35,持分移轉,01810000
RPXUMLLLMHLGFCB98DA,建功段,19.97,都市：其他:第五種住宅區,10000,26,持分移轉,00070001
RPWOMLRLMHLGFIB86DA,仁美段,5.82,都市：其他:住宅區,100000,1508,持分移轉,12130000
RPWOMLRLMHLGFIB86DA,仁美段,23.85,非都市：一般農業區 ; 非都市編定：甲種建築用地,100000,2238,持分移轉,13360000
RPPTMLLLMHLGFCB08DA,建功段,11.52,都市：其他:第五種住宅區,10000,15,持分移轉,00070001
RPVPMLQJNHLGFCB68DA,建功段,14.60,都市：其他:第五種住宅區,10000,19,持分移轉,00070001
RPXOMLKKMHLGFJB88DA,育賢段,26.58,都市：其他:住宅區,10000,25,持分移轉,01810000
RPUOMLQJNHLGFCB48DA,建功段,19.20,都市：其他:第五種住宅區,10000,25,持分移轉,00070001
RPXOMLMJMHLGFJB98DA,育賢段,26.58,都市：其他:住宅區,10000,25,持分移轉,01810000
RPSPNLKKMHLGFJB58DA,育賢段,20.20,都市：其他:住宅區,10000,19,持分移轉,01810000
RPSOMLNJNHLGFEB18DA,九張段,.17,非都市：鄉村區 ; 非都市編定：乙種建築用地,17,1,持分移轉,06920010
RPSOMLNJNHLGFEB18DA,九張段,20.51,非都市：鄉村區 ; 非都市編定：乙種建築用地,17,1,持分移轉,06920011
RPSOMLNJNHLGFEB18DA,九張段,63.45,非都市：鄉村區 ; 非都市編定：乙種建築用地,1,1,全筆移轉,06920017
RPQNMLMKNHLGFCB67DA,生態段,22.73,都市：其他:第二種生態住宅專用區,10000,105,持分移轉,00660000
RPPNMLQJNHLGFCB87DA,建功段,11.52,都市：其他:第五種住宅區,10000,15,持分移轉,00070001
RPQNMLMKNHLGFCB67DA,生態段,10.35,都市：其他:第二種生態住宅專用區,10000,105,持分移轉,00670000
RPWWNLNJLHLGFBB98DA,東光段,14.15,都市：其他:第二種商業區,100000,1109,持分移轉,04130000
RPWTMLNLLHLGFBB78DA,敦和段,41.55,都市：其他:第一之一種住宅區,100000,1076,持分移轉,00120000
RPTUMLOLLHLGFBB68DA,敦和段,25.60,都市：其他:第一之一種住宅區,100000,663,持分移轉,00120000
RPROMLKLJHLGFFB67DA,公館北段,4.91,都市：其他:第二種住宅區,10000,476,持分移轉,01720014
RPROMLKLJHLGFFB67DA,公館北段,20.43,都市：其他:第二種住宅區,10000,588,持分移轉,01720018
RPROMLKLJHLGFFB67DA,公館北段,1.06,都市：其他:第二種住宅區,10000,476,持分移轉,01720020
RPROMLKLJHLGFFB67DA,公館北段,50.75,都市：其他:第二種住宅區,1,1,全筆移轉,01720022
RPXOMLOLLHLGFBB48DA,敦和段,35.68,都市：其他:第一之一種住宅區,100000,924,持分移轉,00120000
RPUNMLMKLHLGFEB08DA,水美東段,12.61,非都市：特定農業區 ; 非都市編定：甲種建築用地,18,1,持分移轉,04750008
RPUNMLMKLHLGFEB08DA,水美東段,79.17,非都市：特定農業區 ; 非都市編定：甲種建築用地,1,1,全筆移轉,04750013
RPUNMLMKLHLGFEB08DA,水美東段,.72,非都市：特定農業區 ; 非都市編定：甲種建築用地,18,1,持分移轉,04750019
RPUNMLMKLHLGFEB08DA,水美東段,8.21,非都市：特定農業區 ; 非都市編定：甲種建築用地,36,1,持分移轉,04800000
RPUNMLMKLHLGFEB08DA,水美東段,2.84,非都市：特定農業區 ; 非都市編定：甲種建築用地,18,1,持分移轉,04810000
RPTUMLLLMHLGFCB58DA,建功段,14.60,都市：其他:第五種住宅區,10000,19,持分移轉,00070001
RPRRMLOLLHLGFBB18DA,敦和段,25.60,都市：其他:第一之一種住宅區,100000,663,持分移轉,00120000
RPPQMLOJNHLGFCB97DA,惠民段,9.41,都市：其他:第六種新市政中心專用區,100000,311,持分移轉,01150000
RPOOMLKLNHLGFCB47DA,福德段,14.71,都市：其他:第二種住宅區,100000,835,持分移轉,02730000
RPRQMLOJNHLGFCB18DA,惠民段,9.38,都市：其他:第六種新市政中心專用區,100000,310,持分移轉,01150000
RPWNMLNLMHLGFDB48DA,口庄段,13.79,非都市：特定農業區 ; 非都市編定：甲種建築用地,22,1,持分移轉,03030000
RPVNMLNLMHLGFDB38DA,口庄段,13.79,非都市：特定農業區 ; 非都市編定：甲種建築用地,22,1,持分移轉,03030000
RPTOMLMLMHLGFDB18DA,口庄段,13.79,非都市：特定農業區 ; 非都市編定：甲種建築用地,22,1,持分移轉,03030000
RPWNMLNLMHLGFDB48DA,口庄段,73.06,非都市：特定農業區 ; 非都市編定：甲種建築用地,1,1,全筆移轉,03030011
RPWNMLNLMHLGFDB48DA,口庄段,4.71,非都市：特定農業區 ; 非都市編定：甲種建築用地,22,1,持分移轉,03030023
RPTOMLMLMHLGFDB18DA,口庄段,92.50,非都市：特定農業區 ; 非都市編定：甲種建築用地,1,1,全筆移轉,03030006
RPVNMLNLMHLGFDB38DA,口庄段,74.23,非都市：特定農業區 ; 非都市編定：甲種建築用地,1,1,全筆移轉,03030010
RPTOMLMLMHLGFDB18DA,口庄段,4.71,非都市：特定農業區 ; 非都市編定：甲種建築用地,22,1,持分移轉,03030023
RPVNMLNLMHLGFDB38DA,口庄段,4.71,非都市：特定農業區 ; 非都市編定：甲種建築用地,22,1,持分移轉,03030023
RPWVMLOLLHLGFBB09DA,敦和段,25.60,都市：其他:第一之一種住宅區,100000,663,持分移轉,00120000
RPSPMLNLMHLGFDB28DA,口庄段,13.79,非都市：特定農業區 ; 非都市編定：甲種建築用地,22,1,持分移轉,03030000
RPSPMLNLMHLGFDB28DA,口庄段,47.24,非都市：特定農業區 ; 非都市編定：甲種建築用地,1,1,全筆移轉,03030016
RPSPMLNLMHLGFDB28DA,口庄段,4.71,非都市：特定農業區 ; 非都市編定：甲種建築用地,22,1,持分移轉,03030023
RPSPMLNLMHLGFDB28DA,口庄段,2.25,非都市：特定農業區 ; 非都市編定：甲種建築用地,1,1,全筆移轉,03030025
RPSOMLQLNHLGFJB56DA,愛平段,33.08,都市：其他:第一種住宅區,100000,1291,持分移轉,10500000
RPUPMLNLMHLGFDB48DA,口庄段,13.79,非都市：特定農業區 ; 非都市編定：甲種建築用地,22,1,持分移轉,03030000
RPRPMLNLMHLGFDB18DA,口庄段,13.79,非都市：特定農業區 ; 非都市編定：甲種建築用地,22,1,持分移轉,03030000
RPUPMLNLMHLGFDB48DA,口庄段,47.25,非都市：特定農業區 ; 非都市編定：甲種建築用地,1,1,全筆移轉,03030018
RPUPMLNLMHLGFDB48DA,口庄段,4.71,非都市：特定農業區 ; 非都市編定：甲種建築用地,22,1,持分移轉,03030023
RPUPMLNLMHLGFDB48DA,口庄段,2.25,非都市：特定農業區 ; 非都市編定：甲種建築用地,1,1,全筆移轉,03030027
RPRPMLNLMHLGFDB18DA,口庄段,47.24,非都市：特定農業區 ; 非都市編定：甲種建築用地,1,1,全筆移轉,03030017
RPRPMLNLMHLGFDB18DA,口庄段,4.71,非都市：特定農業區 ; 非都市編定：甲種建築用地,22,1,持分移轉,03030023
RPRPMLNLMHLGFDB18DA,口庄段,2.25,非都市：特定農業區 ; 非都市編定：甲種建築用地,1,1,全筆移轉,03030026
RPOOMLQLNHLGFJB78DA,愛平段,33.18,都市：其他:第一種住宅區,100000,1295,持分移轉,10500000
RPRSMLPKNHLGFDB68DA,大洲段,35.01,都市：其他:第一之一種住宅區,10000,132,持分移轉,04770000
RPOSMLPKNHLGFDB38DA,大洲段,31.03,都市：其他:第一之一種住宅區,10000,117,持分移轉,04770000
RPXSMLPKNHLGFDB66DA,大洲段,34.75,都市：其他:第一之一種住宅區,10000,131,持分移轉,04770000
RPQSMLPKNHLGFDB58DA,大洲段,34.75,都市：其他:第一之一種住宅區,10000,131,持分移轉,04770000
RPTNMLPLNHLGFJB09DA,愛平段,33.18,都市：其他:第一種住宅區,100000,1295,持分移轉,10500000
RPPTMLMJMHLGFJB68DA,育賢段,26.58,都市：其他:住宅區,10000,25,持分移轉,01810000
RPWTMLMJMHLGFJB76DA,育賢段,32.96,都市：其他:住宅區,10000,31,持分移轉,01810000
RPVUMLMJMHLGFJB76DA,育賢段,26.58,都市：其他:住宅區,10000,25,持分移轉,01810000
RPRQMLTKNHLGFCB78DA,福德段,11.31,都市：其他:第二種住宅區,100000,642,持分移轉,02730000
RPPTMLPKNHLGFDB58DA,大洲段,31.03,都市：其他:第一之一種住宅區,10000,117,持分移轉,04770000
RPWPMLPLNHLGFBB78DA,中德段,20.93,都市：其他:第二種住宅區,100000,3443,持分移轉,00160001
RPXPMLPLNHLGFBB88DA,中德段,20.93,都市：其他:第二種住宅區,100000,3443,持分移轉,00160001
RPOOMLNJNHLGFEB77DA,文化段,28.10,都市：其他:住宅區,1000000,18307,持分移轉,02010000
RPSQMLPLNHLGFBB48DA,中德段,20.91,都市：其他:第二種住宅區,100000,3439,持分移轉,00160001
RPRPMLTKNHLGFFB98DA,忠孝段,30.04,都市：其他:第四種住宅區,100000,1597,持分移轉,00620002
RPXRMLPLNHLGFBB09DA,中德段,21.07,都市：其他:第二種住宅區,100000,3465,持分移轉,00160001
RPXNMLNLNHLGFFB88DA,忠孝段,27.69,都市：其他:第四種住宅區,100000,1472,持分移轉,00620002
RPRQMLKKKHLGFCB57DA,建功段,19.20,都市：其他:第五種住宅區,10000,25,持分移轉,00070001
RPUSMLOLLHLGFBB58DA,敦和段,25.60,都市：其他:第一之一種住宅區,100000,663,持分移轉,00120000
RPQTMLNLLHLGFBB18DA,敦和段,41.55,都市：其他:第一之一種住宅區,100000,1076,持分移轉,00120000
RPXPMLQKJHLGFFB88DA,正英段,59.35,都市：其他:第二種住宅區,100000,2011,持分移轉,05130000
RPWPMLQKJHLGFFB78DA,正英段,55.99,都市：其他:第二種住宅區,100000,1897,持分移轉,05130000
RPRRMLQKJHLGFFB48DA,正英段,55.99,都市：其他:第二種住宅區,100000,1897,持分移轉,05130000
RPVQMLQKJHLGFFB78DA,正英段,59.35,都市：其他:第二種住宅區,100000,2011,持分移轉,05130000
RPOPMLOJLHLGFFB87DA,興安西段,17.47,都市：其他:第二種商業區,10000,45,持分移轉,00070000
RPQOMLNKLHLGFDB77DA,六張段,.60,非都市：特定農業區 ; 非都市編定：水利用地,24,1,持分移轉,01540005
RPQOMLNKLHLGFDB77DA,六張段,27.01,非都市：特定農業區 ; 非都市編定：甲種建築用地,24,1,持分移轉,02400000
RPQOMLNKLHLGFDB77DA,六張段,57.87,非都市：特定農業區 ; 非都市編定：甲種建築用地,1,1,全筆移轉,02400006
RPQOMLNKLHLGFDB77DA,六張段,.75,非都市：特定農業區 ; 非都市編定：甲種建築用地,24,1,持分移轉,02400031
RPPOMLNKLHLGFBB47DA,新賴厝廍三段,8.71,都市：其他:第二種住宅區,100000,1889,持分移轉,06830000
RPTNMLMKLHLGFCB77DA,永春段,26.01,都市：其他:第一之一種住宅區,100000,915,持分移轉,01050000
RPXPMLKKLHLGFBB08DA,榮德段,29.63,都市：其他:第一之一種住宅區,100000,550,持分移轉,01680000
RPTNMLMKLHLGFCB77DA,永春段,1.56,都市：其他:第一種住宅區,100000,52,持分移轉,01060004
RPXPMLKKLHLGFBB08DA,榮德段,8.23,都市：其他:第一之一種住宅區,100000,550,持分移轉,01770000
RPTQMLKKLHLGFBB77DA,榮德段,29.52,都市：其他:第一之一種住宅區,100000,548,持分移轉,01680000
RPTQMLKKLHLGFBB77DA,榮德段,8.20,都市：其他:第一之一種住宅區,100000,548,持分移轉,01770000
RPVOMLMJLHLGFCB97DA,豐業段,27.18,都市：其他:第二種住宅區,100000,1098,持分移轉,01340000
RPUNMLMKLHLGFCB87DA,永春段,26.01,都市：其他:第一之一種住宅區,100000,915,持分移轉,01050000
RPUNMLMKLHLGFCB87DA,永春段,1.56,都市：其他:第一種住宅區,100000,52,持分移轉,01060004
RPWOMLLKLHLGFCB08DA,福德段,29.21,都市：其他:第二種住宅區,100000,1054,持分移轉,01110000
RPROMLNKLHLGFFB08DA,南簡段,17.72,都市：其他:第四種住宅區,10000,33,持分移轉,01840000
RPTNMLNKLHLGFCB87DA,生態段,27.27,都市：其他:第二種生態住宅專用區,10000,126,持分移轉,00660000
RPTNMLNKLHLGFCB87DA,生態段,12.42,都市：其他:第二種生態住宅專用區,10000,126,持分移轉,00670000
RPSOMLSKLHLGFIB98DA,新厝段,16.77,非都市：特定農業區 ; 非都市編定：甲種建築用地,9,1,持分移轉,02950000
RPSOMLSKLHLGFIB98DA,新厝段,53.25,非都市：特定農業區 ; 非都市編定：甲種建築用地,1,1,全筆移轉,02950005
RPPQMLPJLHLGFBB77DA,東光段,13.98,都市：其他:第二種商業區,100000,1096,持分移轉,04130000
RPQSMLPJLHLGFBB08DA,東光段,14.00,都市：其他:第二種商業區,100000,1097,持分移轉,04130000
RPUNMLNKLHLGFCB97DA,生態段,27.27,都市：其他:第二種生態住宅專用區,10000,126,持分移轉,00660000
RPUNMLNKLHLGFCB97DA,生態段,12.42,都市：其他:第二種生態住宅專用區,10000,126,持分移轉,00670000
RPUNMLSKLHLGFFB78DA,南簡段,25.78,都市：其他:第四種住宅區,10000,48,持分移轉,01840000
RPXNMLSKLHLGFFB09DA,南簡段,17.72,都市：其他:第四種住宅區,10000,33,持分移轉,01840000
RPQNMLNKLHLGFBB47DA,太順段,14.83,都市：其他:第三種住宅區。,10000,83,持分移轉,00140000
RPUNMLMKLHLGFFB18DA,福田段,27.93,都市：其他:第四種住宅區,100000,1581,持分移轉,09620000
RPUNMLMKLHLGFFB18DA,福田段,.42,都市：其他:第四種住宅區,100000,1581,持分移轉,09620001
RPPQMLKLLHLGFCB57DA,福德段,5.89,都市：其他:第三種住宅區。,100000,673,持分移轉,00370000
RPPQMLKLLHLGFCB57DA,福德段,6.72,都市：其他:第二種住宅區,100000,673,持分移轉,00420000
RPRPMLMKLHLGFFB08DA,福田段,27.93,都市：其他:第四種住宅區,100000,1581,持分移轉,09620000
RPRPMLMKLHLGFFB08DA,福田段,.42,都市：其他:第四種住宅區,100000,1581,持分移轉,09620001
RPQOMLQJLHLGFFB18DA,市鎮北段,18.35,都市：其他:第四種商業區,10000,57,持分移轉,00130001
RPWPMLMKLHLGFFB58DA,福田段,22.93,都市：其他:第四種住宅區,100000,1298,持分移轉,09620000
RPWPMLMKLHLGFFB58DA,福田段,.35,都市：其他:第四種住宅區,100000,1298,持分移轉,09620001
RPXOMLOLLHLGFCB58DA,廣福段,19.66,都市：其他:農業區,100000,724,持分移轉,03360000
RPOQMLRJJHLGFFB08DA,保成段,.85,都市：其他:第二種住宅區,16,1,持分移轉,03340001
RPOQMLRJJHLGFFB08DA,保成段,63.64,都市：其他:第二種住宅區,1,1,全筆移轉,03340013
RPOQMLRJJHLGFFB08DA,保成段,13.57,都市：其他:第二種住宅區,1,1,全筆移轉,03340014
RPOQMLRJJHLGFFB08DA,保成段,20.90,都市：其他:第二種住宅區,10000,607,持分移轉,03340015
RPROMLNLLHLGFJB58DA,福平段,19.72,都市：其他:商業區,100000,831,持分移轉,08730000
RPVNMLSJLHLGFCB48DA,寶文段,30.02,都市：其他:第二種住宅區,100000,641,持分移轉,00350002
RPSUMLTJLHLGFCB98DA,寶文段,30.91,都市：其他:第二種住宅區,100000,660,持分移轉,00350002
RPWWMLNLLHLGFJB27DA,福平段,13.86,都市：其他:商業區,100000,584,持分移轉,08730000
RPONNLNLLHLGFJB28DA,福平段,13.86,都市：其他:商業區,100000,584,持分移轉,08730000
RPWRNLNLLHLGFJB86DA,福平段,13.81,都市：其他:商業區,100000,582,持分移轉,08730000
RPVRMLLMLHLGFCB48DA,建功段,14.60,都市：其他:第五種住宅區,10000,19,持分移轉,00070001
RPSTMLLMLHLGFCB38DA,建功段,11.52,都市：其他:第五種住宅區,10000,15,持分移轉,00070001
RPQNMLQKNHLGFJB78DA,育賢段,37.22,都市：其他:住宅區,10000,35,持分移轉,01810000
RPOPMLQLLHLGFBB87DA,崇德段,18.26,都市：其他:第一種商業區,100000,756,持分移轉,03820000
RPSUMLLMLHLGFCB48DA,建功段,19.97,都市：其他:第五種住宅區,10000,26,持分移轉,00070001
RPVQMLMJLHLGFCB18DA,豐業段,24.43,都市：其他:第二種住宅區,100000,987,持分移轉,01340000
RPRPMLQJLHLGFIB68DA,新高鐵段,10.66,都市：其他:商業區,100000,184,持分移轉,00570000
RPVPMLNLLHLGFBB28DA,敦和段,41.55,都市：其他:第一之一種住宅區,100000,1076,持分移轉,00120000
RPPTMLNLLHLGFJB88DA,福平段,13.31,都市：其他:商業區,100000,561,持分移轉,08730000
RPPTMLPJLHLGFBB08DA,東光段,13.59,都市：其他:第二種商業區,100000,1065,持分移轉,04130000
RPWRMLMJLHLGFCB38DA,豐業段,27.26,都市：其他:第二種住宅區,100000,1101,持分移轉,01340000
RPRPMLKLLHLGFCB67DA,福德段,8.01,都市：其他:第三種住宅區。,100000,915,持分移轉,00370000
RPXNMLPJLHLGFHB88DA,弘富段,28.57,都市：其他:第一之二種住宅區,100000,1157,持分移轉,00930000
RPRPMLKLLHLGFCB67DA,福德段,9.14,都市：其他:第二種住宅區,100000,915,持分移轉,00420000
RPUSMLPJLHLGFBB48DA,東光段,14.15,都市：其他:第二種商業區,100000,1109,持分移轉,04130000
RPURMLMJLHLGFCB18DA,豐業段,24.43,都市：其他:第二種住宅區,100000,987,持分移轉,01340000
RPWOMLOJLHLGFCB28DA,廣福段,21.53,都市：其他:農業區,100000,793,持分移轉,03360000
RPOOMLMJKHLGFIB77DA,新高鐵段,16.40,都市：其他:商業區,100000,283,持分移轉,00570000
RPOTMLNLLHLGFJB78DA,福平段,19.70,都市：其他:商業區,100000,830,持分移轉,08730000
RPRNMLLMLHLGFEB87DA,中山段,19.09,都市：其他:住宅區,200000,5352,持分移轉,01160000
RPVPMLOJLHLGFCB28DA,廣福段,21.45,都市：其他:農業區,100000,790,持分移轉,03360000
RPTPMLPLNHLGFBB48DA,中德段,20.94,都市：其他:第二種住宅區,100000,3444,持分移轉,00160001
RPPONLOJMHLGFBB67DA,仁平段,21.15,都市：其他:第一之一種住宅區,100000,792,持分移轉,03580000
RPPONLOJMHLGFBB67DA,平田段,10.21,都市：其他:第二種住宅區,100000,792,持分移轉,09530000
RPTNMLKMLHLGFEB97DA,中山段,19.45,都市：其他:住宅區,100000,2727,持分移轉,01160000
RPPSMLLMLHLGFJB68DA,育賢段,19.14,都市：其他:住宅區,10000,18,持分移轉,01810000
RPQOMLMJMHLGFJB28DA,育賢段,26.58,都市：其他:住宅區,10000,25,持分移轉,01810000
RPQSMLOJMHLGFBB08DA,仁平段,22.08,都市：其他:第一之一種住宅區,100000,827,持分移轉,03580000
RPQSMLOJMHLGFBB08DA,平田段,10.66,都市：其他:第二種住宅區,100000,827,持分移轉,09530000
RPQNMLSJMHLGFEB28DA,九張段,83.37,非都市：鄉村區 ; 非都市編定：乙種建築用地,1,1,全筆移轉,06920003
RPQNMLSJMHLGFEB28DA,九張段,9.36,非都市：鄉村區 ; 非都市編定：乙種建築用地,1,1,全筆移轉,06920009
RPQNMLSJMHLGFEB28DA,九張段,.17,非都市：鄉村區 ; 非都市編定：乙種建築用地,170000,10000,持分移轉,06920010
RPQNMLSJMHLGFEB28DA,九張段,20.51,非都市：鄉村區 ; 非都市編定：乙種建築用地,170000,10000,持分移轉,06920011
RPRTNLLMLHLGFJB09DA,育賢段,26.58,都市：其他:住宅區,10000,25,持分移轉,01810000
RPPQNLKKMHLGFJB38DA,育賢段,20.20,都市：其他:住宅區,10000,19,持分移轉,01810000
RPSNMLOKMHLGFCB97DA,福德段,8.01,都市：其他:第三種住宅區。,100000,915,持分移轉,00370000
RPSNMLOKMHLGFCB97DA,福德段,9.14,都市：其他:第二種住宅區,100000,915,持分移轉,00420000
RPOPMLMJMHLGFJB18DA,育賢段,26.58,都市：其他:住宅區,10000,25,持分移轉,01810000
RPUOMLOKMHLGFFB58DA,南簡段,17.72,都市：其他:第四種住宅區,10000,33,持分移轉,01840000
RPPRMLKKJHLGFFB67DA,市鎮北段,17.46,都市：其他:第四種商業區,10000,29,持分移轉,00450000
RPVUMLLMJHLGFIB56DA,新高鐵段,15.76,都市：其他:商業區,100000,272,持分移轉,00570000
RPPUMLMJMHLGFJB78DA,育賢段,26.58,都市：其他:住宅區,10000,25,持分移轉,01810000
RPRSMLOJMHLGFBB18DA,仁平段,22.08,都市：其他:第一之一種住宅區,100000,827,持分移轉,03580000
RPRSMLOJMHLGFBB18DA,平田段,10.66,都市：其他:第二種住宅區,100000,827,持分移轉,09530000
RPXQMLMLMHLGFCB68DA,建功段,14.60,都市：其他:第五種住宅區,10000,19,持分移轉,00070001
RPSOMLRLMHLGFFB78DA,南簡段,27.39,都市：其他:第四種住宅區,10000,51,持分移轉,01840000
RPTUMLMJMHLGFBB38DA,溝背段,15.03,都市：其他:第二之一種住宅區,100000,404,持分移轉,01430000
RPPRNLLMLHLGFJB68DA,育賢段,19.14,都市：其他:住宅區,10000,18,持分移轉,01810000
RPPOMLQJNHLGFCB97DA,建功段,14.60,都市：其他:第五種住宅區,10000,19,持分移轉,00070001
RPVONLKKMHLGFJB78DA,育賢段,19.14,都市：其他:住宅區,10000,18,持分移轉,01810000
RPOVMLMJMHLGFBB97DA,溝背段,14.66,都市：其他:第二之一種住宅區,100000,394,持分移轉,01430000
RPSUMLLLMHLGFCB48DA,建功段,14.60,都市：其他:第五種住宅區,10000,19,持分移轉,00070001
RPUPNLRLMHLGFCB88DA,福德段,8.01,都市：其他:第三種住宅區。,100000,915,持分移轉,00370000
RPUPNLRLMHLGFCB88DA,福德段,9.14,都市：其他:第二種住宅區,100000,915,持分移轉,00420000
RPTPMLMJMHLGFBB87DA,溝背段,14.66,都市：其他:第二之一種住宅區,100000,394,持分移轉,01430000
RPOSMLMJMHLGFBB67DA,溝背段,15.03,都市：其他:第二之一種住宅區,100000,404,持分移轉,01430000
RPXQNLMJMHLGFBB48DA,溝背段,22.14,都市：其他:第二之一種住宅區,100000,595,持分移轉,01430000
RPSVMLOLLHLGFBB68DA,敦和段,41.55,都市：其他:第一之一種住宅區,100000,1076,持分移轉,00120000
RPWNMLSKNHLGFCB88DA,建功段,14.60,都市：其他:第五種住宅區,10000,19,持分移轉,00070001
RPOPMLMKNHLGFHB18DA,豐興段,39.76,非都市：特定農業區 ; 非都市編定：甲種建築用地,25,1,持分移轉,04350005
RPOPMLMKNHLGFHB18DA,豐興段,56.18,非都市：特定農業區 ; 非都市編定：甲種建築用地,1,1,全筆移轉,04350009
RPTNMLNKNHLGFFB38DA,南簡段,17.72,都市：其他:第四種住宅區,10000,33,持分移轉,01840000
RPRNMLTJNHLGFJB09DA,育賢段,37.22,都市：其他:住宅區,10000,35,持分移轉,01810000
RPQQMLTKNHLGFDB78DA,大洲段,31.30,都市：其他:第一之一種住宅區,10000,118,持分移轉,04770000
RPVSMLPKNHLGFDB09DA,大洲段,31.03,都市：其他:第一之一種住宅區,10000,117,持分移轉,04770000
RPWSMLPKNHLGFDB56DA,大洲段,31.03,都市：其他:第一之一種住宅區,10000,117,持分移轉,04770000
RPPSMLMJMHLGFBB77DA,溝背段,22.14,都市：其他:第二之一種住宅區,100000,595,持分移轉,01430000
RPOUMLMJMHLGFJB68DA,育賢段,19.14,都市：其他:住宅區,10000,18,持分移轉,01810000
RPTNMLQKNHLGFJB09DA,育賢段,37.22,都市：其他:住宅區,10000,35,持分移轉,01810000
RPWPMLNLMHLGFDB68DA,口庄段,13.79,非都市：特定農業區 ; 非都市編定：甲種建築用地,22,1,持分移轉,03030000
RPOQMLMJMHLGFJB28DA,育賢段,26.58,都市：其他:住宅區,10000,25,持分移轉,01810000
RPWPMLNLMHLGFDB68DA,口庄段,47.25,非都市：特定農業區 ; 非都市編定：甲種建築用地,1,1,全筆移轉,03030021
RPXRMLPKNHLGFDB56DA,大洲段,31.30,都市：其他:第一之一種住宅區,10000,118,持分移轉,04770000
RPWPMLNLMHLGFDB68DA,口庄段,4.71,非都市：特定農業區 ; 非都市編定：甲種建築用地,22,1,持分移轉,03030023
RPWPMLNLMHLGFDB68DA,口庄段,2.25,非都市：特定農業區 ; 非都市編定：甲種建築用地,1,1,全筆移轉,03030030
RPRRMLPLNHLGFBB48DA,中德段,20.93,都市：其他:第二種住宅區,100000,3443,持分移轉,00160001
RPQTMLQLNHLGFCB78DA,福德段,8.01,都市：其他:第三種住宅區。,100000,915,持分移轉,00370000
RPQTMLQLNHLGFCB78DA,福德段,9.14,都市：其他:第二種住宅區,100000,915,持分移轉,00420000
RPOOMLRJNHLGFEB18DA,文化段,29.74,都市：其他:住宅區,1000000,19376,持分移轉,02010000
RPUNMLMLMHLGFDB18DA,口庄段,13.79,非都市：特定農業區 ; 非都市編定：甲種建築用地,22,1,持分移轉,03030000
RPUNMLMLMHLGFDB18DA,口庄段,68.48,非都市：特定農業區 ; 非都市編定：甲種建築用地,1,1,全筆移轉,03030002
RPUNMLMLMHLGFDB18DA,口庄段,4.71,非都市：特定農業區 ; 非都市編定：甲種建築用地,22,1,持分移轉,03030023
RPSNMLNJNHLGFEB08DA,文化段,30.13,都市：其他:住宅區,1000000,19626,持分移轉,02010000
RPOQMLNLLHLGFBB67DA,敦和段,35.68,都市：其他:第一之一種住宅區,100000,924,持分移轉,00120000
RPVNMLMJMHLGFJB68DA,育賢段,26.58,都市：其他:住宅區,10000,25,持分移轉,01810000
RPQVMLOJMHLGFBB38DA,仁平段,22.13,都市：其他:第一之一種住宅區,100000,829,持分移轉,03580000
RPQVMLOJMHLGFBB38DA,平田段,10.69,都市：其他:第二種住宅區,100000,829,持分移轉,09530000
RPSRMLQKJHLGFFB58DA,正英段,59.35,都市：其他:第二種住宅區,100000,2011,持分移轉,05130000
RPQOMLKKLHLGFFB67DA,市鎮北段,14.81,都市：其他:第四種商業區,10000,46,持分移轉,00130001
RPPPMLOJLHLGFFB97DA,興安西段,13.20,都市：其他:第二種商業區,10000,34,持分移轉,00070000
RPRSMLLMJHLGFIB58DA,新高鐵段,18.37,都市：其他:商業區,100000,317,持分移轉,00570000
RPWQMLKKLHLGFBB08DA,榮德段,29.63,都市：其他:第一之一種住宅區,100000,550,持分移轉,01680000
RPWQMLKKLHLGFBB08DA,榮德段,8.23,都市：其他:第一之一種住宅區,100000,550,持分移轉,01770000
RPXQMLPKNHLGFCB98DA,建功段,11.52,都市：其他:第五種住宅區,10000,15,持分移轉,00070001
RPRNMLLLMHLGFJB38DA,育賢段,15.47,都市：其他:住宅區,10000,18,持分移轉,02010000
RPQNMLNKLHLGFDB67DA,瓦磘腳段,.31,都市：其他:農業區,2517,17,持分移轉,01690001
RPQNMLNKLHLGFDB67DA,瓦磘腳段,64.77,都市：其他:農業區,1,1,全筆移轉,01880000
RPQNMLNKLHLGFDB67DA,瓦磘腳段,17.43,都市：其他:農業區,21,1,持分移轉,01920000
RPQNMLNKLHLGFDB67DA,瓦磘腳段,.03,都市：其他:農業區,2517,17,持分移轉,01930001
RPQPMLMJLHLGFCB57DA,豐業段,27.26,都市：其他:第二種住宅區,100000,1101,持分移轉,01340000
RPUOMLMKJHLGFBB67DA,文北段,22.67,都市：其他:第二之一種住宅區,100000,2010,持分移轉,01060000
RPRNMLQLKHLGFHB48DA,弘富段,28.62,都市：其他:第一之二種住宅區,200000,2318,持分移轉,00930000
RPUUMLPKNHLGFDB56DA,大洲段,35.01,都市：其他:第一之一種住宅區,10000,132,持分移轉,04770000
RPPUNLMJLHLGFBB97DA,東光段,11.68,都市：其他:第二種商業區,100000,915,持分移轉,04130000
RPPOMLKKNHLGFCB47DA,惠民段,9.41,都市：其他:第六種新市政中心專用區,100000,311,持分移轉,01150000
RPOTMLMJLHLGFCB77DA,豐業段,24.61,都市：其他:第二種住宅區,100000,994,持分移轉,01340000
RPSOMLKKLHLGFCB57DA,福德段,9.42,都市：其他:第三種住宅區。,100000,1076,持分移轉,00370000
RPSOMLKKLHLGFCB57DA,福德段,10.74,都市：其他:第二種住宅區,100000,1076,持分移轉,00420000
RPPOMLNLKHLGFIB18DA,新高鐵段,15.76,都市：其他:商業區,100000,272,持分移轉,00570000
RPSOMLMKLHLGFFB08DA,福田段,28.05,都市：其他:第四種住宅區,100000,1588,持分移轉,09620000
RPSOMLMKLHLGFFB08DA,福田段,.43,都市：其他:第四種住宅區,100000,1588,持分移轉,09620001
RPPPMLMKLHLGFFB87DA,福田段,27.61,都市：其他:第四種住宅區,100000,1563,持分移轉,09620000
RPPPMLMKLHLGFFB87DA,福田段,.42,都市：其他:第四種住宅區,100000,1563,持分移轉,09620001
RPUOMLMKLHLGFFB28DA,福田段,22.93,都市：其他:第四種住宅區,100000,1298,持分移轉,09620000
RPUOMLMKLHLGFFB28DA,福田段,.35,都市：其他:第四種住宅區,100000,1298,持分移轉,09620001
RPVOMLMKLHLGFFB38DA,福田段,22.93,都市：其他:第四種住宅區,100000,1298,持分移轉,09620000
RPQSMLMJLHLGFCB87DA,豐業段,24.43,都市：其他:第二種住宅區,100000,987,持分移轉,01340000
RPVOMLMKLHLGFFB38DA,福田段,.35,都市：其他:第四種住宅區,100000,1298,持分移轉,09620001
RPSRMLPJLHLGFBB18DA,東光段,13.07,都市：其他:第二種商業區,100000,1024,持分移轉,04130000
RPRSMLMJLHLGFCB97DA,豐業段,24.61,都市：其他:第二種住宅區,100000,994,持分移轉,01340000
RPRNMLLKLHLGFBB37DA,崇德段,18.21,都市：其他:第一種商業區,100000,754,持分移轉,03820000
RPWQMLKLLHLGFCB28DA,惠國段,15.46,都市：其他:第六種新市政中心專用區,100000,851,持分移轉,01010000
RPUOMLTKJHLGFBB38DA,倡和段,12.84,都市：其他:第三之一種商業區,100000,634,持分移轉,01820000
RPTOMLLMJHLGFIB38DA,新高鐵段,16.05,都市：其他:商業區,100000,277,持分移轉,00570000
RPVSMLLKLHLGFBB28DA,崇德段,18.26,都市：其他:第一種商業區,100000,756,持分移轉,03820000
RPWSMLLKLHLGFBB38DA,崇德段,21.42,都市：其他:第一種商業區,100000,887,持分移轉,03820000
RPROMLLKLHLGFBB47DA,崇德段,21.42,都市：其他:第一種商業區,100000,887,持分移轉,03820000
RPWNMLLKLHLGFHB48DA,弘富段,28.64,都市：其他:第一之二種住宅區,100000,1160,持分移轉,00930000
RPSSMLLKLHLGFBB97DA,崇德段,17.53,都市：其他:第一種商業區,100000,726,持分移轉,03820000
RPUNMLLKLHLGFBB67DA,崇德段,22.05,都市：其他:第一種商業區,100000,913,持分移轉,03820000
RPQRMLLKLHLGFBB67DA,崇德段,18.26,都市：其他:第一種商業區,100000,756,持分移轉,03820000
RPSNMLLKLHLGFBB47DA,崇德段,18.23,都市：其他:第一種商業區,100000,755,持分移轉,03820000
RPXOMLTJLHLGFBB78DA,崇德段,870.70,都市：其他:第一種商業區,200000,72116,持分移轉,03820000
RPPSMLLKLHLGFBB67DA,崇德段,18.26,都市：其他:第一種商業區,100000,756,持分移轉,03820000
RPRNMLQJLHLGFHB38DA,弘富段,32.37,都市：其他:第一之二種住宅區,200000,2622,持分移轉,00930000
RPQTMLTJLHLGFCB68DA,建功段,19.97,都市：其他:第五種住宅區,10000,26,持分移轉,00070001
RPXSMLKMLHLGFCB68DA,福德段,8.01,都市：其他:第三種住宅區。,100000,915,持分移轉,00370000
RPXSMLKMLHLGFCB68DA,福德段,9.14,都市：其他:第二種住宅區,100000,915,持分移轉,00420000
RPSONLNLLHLGFJB78DA,福平段,13.86,都市：其他:商業區,100000,584,持分移轉,08730000
RPSQNLNLLHLGFJB98DA,福平段,13.31,都市：其他:商業區,100000,561,持分移轉,08730000
RPTUMLLMJHLGFIB98DA,新高鐵段,15.76,都市：其他:商業區,100000,272,持分移轉,00570000
RPQPMLQLLHLGFBB08DA,崇德段,17.53,都市：其他:第一種商業區,100000,726,持分移轉,03820000
RPWSMLKMLHLGFCB58DA,福德段,9.43,都市：其他:第三種住宅區。,100000,1077,持分移轉,00370000
RPWSMLKMLHLGFCB58DA,福德段,10.75,都市：其他:第二種住宅區,100000,1077,持分移轉,00420000
RPSNPLNJLHLGFBB87DA,東光段,13.07,都市：其他:第二種商業區,100000,1024,持分移轉,04130000
RPUPMLQLLHLGFBB48DA,崇德段,22.05,都市：其他:第一種商業區,100000,913,持分移轉,03820000
RPRSNLNLLHLGFJB09DA,福平段,18.34,都市：其他:商業區,100000,773,持分移轉,08730000
RPPSMLKMLHLGFCB87DA,福德段,5.89,都市：其他:第三種住宅區。,100000,673,持分移轉,00370000
RPPSMLKMLHLGFCB87DA,福德段,6.72,都市：其他:第二種住宅區,100000,673,持分移轉,00420000
RPQTMLOJMHLGFBB18DA,仁平段,14.90,都市：其他:第一之一種住宅區,100000,558,持分移轉,03580000
RPQTMLOJMHLGFBB18DA,平田段,7.19,都市：其他:第二種住宅區,100000,558,持分移轉,09530000
RPROMLLJMHLGFJB28DA,育賢段,26.58,都市：其他:住宅區,10000,25,持分移轉,01810000
RPRTMLOJMHLGFBB28DA,仁平段,14.90,都市：其他:第一之一種住宅區,100000,558,持分移轉,03580000
RPRTMLOJMHLGFBB28DA,平田段,7.19,都市：其他:第二種住宅區,100000,558,持分移轉,09530000
RPRPMLLMLHLGFCB87DA,協成段,79.65,都市：其他:農業區,1,1,全筆移轉,03120010
RPRPMLLMLHLGFCB87DA,協成段,21.47,都市：其他:農業區,14,1,持分移轉,03120015
RPPSMLNLLHLGFJB78DA,福平段,13.81,都市：其他:商業區,100000,582,持分移轉,08730000
RPQTMLMJLHLGFCB97DA,豐業段,24.28,都市：其他:第二種住宅區,100000,981,持分移轉,01340000
RPWONLPJLHLGFCB48DA,豐業段,24.61,都市：其他:第二種住宅區,100000,994,持分移轉,01340000
RPXNMLOJMHLGFBB28DA,仁平段,22.05,都市：其他:第一之一種住宅區,100000,826,持分移轉,03580000
RPXNMLOJMHLGFBB28DA,平田段,10.65,都市：其他:第二種住宅區,100000,826,持分移轉,09530000
RPVRMLKMLHLGFCB38DA,福德段,8.01,都市：其他:第三種住宅區。,100000,915,持分移轉,00370000
RPVRMLKMLHLGFCB38DA,福德段,9.14,都市：其他:第二種住宅區,100000,915,持分移轉,00420000
RPRTMLMJLHLGFCB08DA,豐業段,24.43,都市：其他:第二種住宅區,100000,987,持分移轉,01340000
RPTOMLOJMHLGFBB97DA,仁平段,22.05,都市：其他:第一之一種住宅區,100000,826,持分移轉,03580000
RPTOMLOJMHLGFBB97DA,平田段,10.65,都市：其他:第二種住宅區,100000,826,持分移轉,09530000
RPRNMLOJMHLGFBB67DA,仁平段,21.15,都市：其他:第一之一種住宅區,100000,792,持分移轉,03580000
RPRNMLOJMHLGFBB67DA,平田段,10.21,都市：其他:第二種住宅區,100000,792,持分移轉,09530000
RPQQMLOJMHLGFBB87DA,仁平段,21.04,都市：其他:第一之一種住宅區,100000,788,持分移轉,03580000
RPQQMLOJMHLGFBB87DA,平田段,10.16,都市：其他:第二種住宅區,100000,788,持分移轉,09530000
RPPWMLOJMHLGFBB38DA,仁平段,20.02,都市：其他:第一之一種住宅區,100000,750,持分移轉,03580000
RPVUMLOJMHLGFBB78DA,仁平段,22.13,都市：其他:第一之一種住宅區,100000,829,持分移轉,03580000
RPPWMLOJMHLGFBB38DA,平田段,9.67,都市：其他:第二種住宅區,100000,750,持分移轉,09530000
RPVUMLOJMHLGFBB78DA,平田段,10.69,都市：其他:第二種住宅區,100000,829,持分移轉,09530000
RPPSMLLMLHLGFCB97DA,建功段,19.20,都市：其他:第五種住宅區,10000,25,持分移轉,00070001
RPSNNLOJMHLGFBB87DA,仁平段,20.05,都市：其他:第一之一種住宅區,100000,751,持分移轉,03580000
RPVPMLOJMHLGFBB28DA,仁平段,22.08,都市：其他:第一之一種住宅區,100000,827,持分移轉,03580000
RPSNNLOJMHLGFBB87DA,平田段,9.68,都市：其他:第二種住宅區,100000,751,持分移轉,09530000
RPVPMLOJMHLGFBB28DA,平田段,10.66,都市：其他:第二種住宅區,100000,827,持分移轉,09530000
RPWPMLOJMHLGFBB38DA,仁平段,22.08,都市：其他:第一之一種住宅區,100000,827,持分移轉,03580000
RPWPMLOJMHLGFBB38DA,平田段,10.66,都市：其他:第二種住宅區,100000,827,持分移轉,09530000
RPWSMLOJMHLGFBB68DA,仁平段,22.08,都市：其他:第一之一種住宅區,100000,827,持分移轉,03580000
RPTPMLOJMHLGFBB08DA,仁平段,22.08,都市：其他:第一之一種住宅區,100000,827,持分移轉,03580000
RPTPMLOJMHLGFBB08DA,平田段,10.66,都市：其他:第二種住宅區,100000,827,持分移轉,09530000
RPWSMLOJMHLGFBB68DA,平田段,10.66,都市：其他:第二種住宅區,100000,827,持分移轉,09530000
RPRNMLOKMHLGFCB87DA,福德段,9.42,都市：其他:第三種住宅區。,100000,1076,持分移轉,00370000
RPRNMLOKMHLGFCB87DA,福德段,10.74,都市：其他:第二種住宅區,100000,1076,持分移轉,00420000
RPSNMLOJMHLGFBB77DA,仁平段,21.15,都市：其他:第一之一種住宅區,100000,792,持分移轉,03580000
RPSNMLOJMHLGFBB77DA,平田段,10.21,都市：其他:第二種住宅區,100000,792,持分移轉,09530000
RPWSMLLMLHLGFJB76DA,育賢段,19.14,都市：其他:住宅區,10000,18,持分移轉,01810000
RPVSNLLMLHLGFJB76DA,育賢段,19.14,都市：其他:住宅區,10000,18,持分移轉,01810000
RPWPMLLMLHLGFJB09DA,育賢段,19.14,都市：其他:住宅區,10000,18,持分移轉,01810000
RPQTNLLMLHLGFJB98DA,育賢段,26.58,都市：其他:住宅區,10000,25,持分移轉,01810000
RPRNMLQKMHLGFFB38DA,興安西段,19.41,都市：其他:第二種商業區,10000,50,持分移轉,00070000
RPWTNLLMLHLGFJB96DA,育賢段,32.96,都市：其他:住宅區,10000,31,持分移轉,01810000
RPPNNLLMLHLGFJB28DA,育賢段,19.14,都市：其他:住宅區,10000,18,持分移轉,01810000
RPOVNLLMLHLGFJB98DA,育賢段,12.76,都市：其他:住宅區,10000,12,持分移轉,01810000
RPRSMLQJLHLGFIB98DA,新高鐵段,18.37,都市：其他:商業區,100000,317,持分移轉,00570000
RPOUMLKKJHLGFFB87DA,市鎮北段,16.85,都市：其他:第四種商業區,10000,28,持分移轉,00450000
RPXVMLMJMHLGFJB07DA,育賢段,26.58,都市：其他:住宅區,10000,25,持分移轉,01810000
RPWRMLMJMHLGFJB56DA,育賢段,32.96,都市：其他:住宅區,10000,31,持分移轉,01810000
RPOSMLMJMHLGFJB48DA,育賢段,26.58,都市：其他:住宅區,10000,25,持分移轉,01810000
RPQWMLOJMHLGFBB48DA,仁平段,20.02,都市：其他:第一之一種住宅區,100000,750,持分移轉,03580000
RPQWMLOJMHLGFBB48DA,平田段,9.67,都市：其他:第二種住宅區,100000,750,持分移轉,09530000
RPUOMLMJMHLGFFB28DA,福田段,22.93,都市：其他:第四種住宅區,100000,1298,持分移轉,09620000
RPWNMLQLMHLGFCB68DA,惠安段,29.44,都市：其他:第二種住宅區,10000,428,持分移轉,00910000
RPUOMLMJMHLGFFB28DA,福田段,.35,都市：其他:第四種住宅區,100000,1298,持分移轉,09620001
RPXTMLKKMHLGFJB76DA,育賢段,19.14,都市：其他:住宅區,10000,18,持分移轉,01810000
RPUONLKKMHLGFJB68DA,育賢段,19.14,都市：其他:住宅區,10000,18,持分移轉,01810000
RPXQNLLMLHLGFJB76DA,育賢段,19.14,都市：其他:住宅區,10000,18,持分移轉,01810000
RPOUMLKKMHLGFJB58DA,育賢段,19.14,都市：其他:住宅區,10000,18,持分移轉,01810000
RPPONLKKMHLGFJB18DA,育賢段,19.14,都市：其他:住宅區,10000,18,持分移轉,01810000
RPWPNLKKMHLGFJB98DA,育賢段,19.14,都市：其他:住宅區,10000,18,持分移轉,01810000
RPVPMLMJMHLGFBB08DA,溝背段,14.66,都市：其他:第二之一種住宅區,100000,394,持分移轉,01430000
RPWSNLLMLHLGFJB86DA,育賢段,26.58,都市：其他:住宅區,10000,25,持分移轉,01810000
RPTWMLMJMHLGFBB58DA,溝背段,22.14,都市：其他:第二之一種住宅區,100000,595,持分移轉,01430000
RPSRMLLLMHLGFCB18DA,建功段,14.60,都市：其他:第五種住宅區,10000,19,持分移轉,00070001
RPURMLPKMHLGFBB58DA,竹興段,38.69,都市：其他:第一之一種住宅區,200000,3494,持分移轉,01120000
RPWTMLKKMHLGFJB66DA,育賢段,37.22,都市：其他:住宅區,10000,35,持分移轉,01810000
RPTSMLKKMHLGFJB88DA,育賢段,26.58,都市：其他:住宅區,10000,25,持分移轉,01810000
RPSQMLOJMHLGFBB08DA,仁平段,21.04,都市：其他:第一之一種住宅區,100000,788,持分移轉,03580000
RPSQMLOJMHLGFBB08DA,平田段,10.16,都市：其他:第二種住宅區,100000,788,持分移轉,09530000
RPVSMLKKMHLGFJB09DA,育賢段,37.22,都市：其他:住宅區,10000,35,持分移轉,01810000
RPOTMLKKMHLGFJB48DA,育賢段,26.58,都市：其他:住宅區,10000,25,持分移轉,01810000
RPVSMLMJMHLGFJB56DA,育賢段,26.58,都市：其他:住宅區,10000,25,持分移轉,01810000
RPOUMLMJMHLGFBB87DA,溝背段,14.66,都市：其他:第二之一種住宅區,100000,394,持分移轉,01430000
RPPSNLNLLHLGFJB88DA,福平段,13.86,都市：其他:商業區,100000,584,持分移轉,08730000
RPQPMLQJNHLGFCB18DA,建功段,13.83,都市：其他:第五種住宅區,10000,18,持分移轉,00070001
RPQRMLMJMHLGFBB77DA,溝背段,14.66,都市：其他:第二之一種住宅區,100000,394,持分移轉,01430000
RPTRMLNLLHLGFJB09DA,福平段,19.70,都市：其他:商業區,100000,830,持分移轉,08730000
RPSTMLLLMHLGFCB38DA,建功段,14.60,都市：其他:第五種住宅區,10000,19,持分移轉,00070001
RPVTMLMJMHLGFBB48DA,溝背段,14.66,都市：其他:第二之一種住宅區,100000,394,持分移轉,01430000
RPSPMLQKMHLGFBB28DA,溝背段,14.66,都市：其他:第二之一種住宅區,100000,394,持分移轉,01430000
RPXOMLSJNHLGFCB98DA,福德段,5.89,都市：其他:第三種住宅區。,100000,673,持分移轉,00370000
RPWUMLMJMHLGFBB68DA,溝背段,14.66,都市：其他:第二之一種住宅區,100000,394,持分移轉,01430000
RPXOMLSJNHLGFCB98DA,福德段,6.72,都市：其他:第二種住宅區,100000,673,持分移轉,00420000
RPVOMLSJNHLGFCB78DA,福德段,9.43,都市：其他:第三種住宅區。,100000,1077,持分移轉,00370000
RPVOMLSJNHLGFCB78DA,福德段,10.75,都市：其他:第二種住宅區,100000,1077,持分移轉,00420000
RPPNMLRKMHLGFBB87DA,溝背段,14.66,都市：其他:第二之一種住宅區,100000,394,持分移轉,01430000
RPOPMLQKMHLGFBB87DA,溝背段,14.66,都市：其他:第二之一種住宅區,100000,394,持分移轉,01430000
RPOOMLRLLHLGFBB87DA,崇德段,21.42,都市：其他:第一種商業區,100000,887,持分移轉,03820000
RPVPMLMKNHLGFFB68DA,忠孝段,26.18,都市：其他:第四種住宅區,100000,1392,持分移轉,00620002
RPPPMLQJNHLGFBB97DA,崇德段,18.26,都市：其他:第一種商業區,100000,756,持分移轉,03820000
RPPSNLMJMHLGFBB87DA,溝背段,14.66,都市：其他:第二之一種住宅區,100000,394,持分移轉,01430000
RPVWMLKKMHLGFJB86DA,育賢段,37.22,都市：其他:住宅區,10000,35,持分移轉,01810000
RPVOMLPLNHLGFCB68DA,福德段,9.42,都市：其他:第三種住宅區。,100000,1076,持分移轉,00370000
RPTOMLLKNHLGFCB97DA,生態段,27.27,都市：其他:第二種生態住宅專用區,10000,126,持分移轉,00660000
RPVOMLPLNHLGFCB68DA,福德段,10.74,都市：其他:第二種住宅區,100000,1076,持分移轉,00420000
RPTOMLLKNHLGFCB97DA,生態段,12.42,都市：其他:第二種生態住宅專用區,10000,126,持分移轉,00670000
RPWQMLPKNHLGFCB88DA,建功段,13.83,都市：其他:第五種住宅區,10000,18,持分移轉,00070001
RPPOMLMKNHLGFBB57DA,文正段,5.79,都市：其他:第二種住宅區,100000,6731,持分移轉,01180071
RPPOMLMKNHLGFBB57DA,文正段,6.33,都市：其他:第一種商業區,100000,6731,持分移轉,01180072
RPPOMLMKNHLGFBB57DA,文正段,5.72,都市：其他:第一種商業區,100000,6731,持分移轉,01180105
RPPOMLMKNHLGFBB57DA,文正段,5.72,都市：其他:第二種住宅區,100000,6731,持分移轉,01180106
RPXUMLMJMHLGFJB96DA,育賢段,19.14,都市：其他:住宅區,10000,18,持分移轉,01810000
RPWNMLPJLHLGFFB58DA,鹿峰東段,5.08,都市：其他:第四種住宅區,100000,1601,持分移轉,15330000
RPWNMLPJLHLGFFB58DA,鹿峰東段,5.08,都市：其他:第四種住宅區,100000,1601,持分移轉,15340000
RPOQMLOLLHLGFBB77DA,敦和段,35.88,都市：其他:第一之一種住宅區,100000,929,持分移轉,00120000
RPTNMLMLMHLGFDB08DA,口庄段,13.79,非都市：特定農業區 ; 非都市編定：甲種建築用地,44,2,持分移轉,03030000
RPXRMLOLLHLGFBB78DA,敦和段,41.55,都市：其他:第一之一種住宅區,100000,1076,持分移轉,00120000
RPTNMLMLMHLGFDB08DA,口庄段,75.89,非都市：特定農業區 ; 非都市編定：甲種建築用地,1,1,全筆移轉,03030001
RPTNMLMLMHLGFDB08DA,口庄段,4.71,非都市：特定農業區 ; 非都市編定：甲種建築用地,44,2,持分移轉,03030023
RPPTMLNLLHLGFBB08DA,敦和段,25.60,都市：其他:第一之一種住宅區,100000,663,持分移轉,00120000
RPPVMLMJMHLGFJB88DA,育賢段,26.58,都市：其他:住宅區,10000,25,持分移轉,01810000
RPVOMLNLMHLGFDB48DA,口庄段,13.79,非都市：特定農業區 ; 非都市編定：甲種建築用地,22,1,持分移轉,03030000
RPVOMLNLMHLGFDB48DA,口庄段,76.67,非都市：特定農業區 ; 非都市編定：甲種建築用地,1,1,全筆移轉,03030014
RPVOMLNLMHLGFDB48DA,口庄段,4.71,非都市：特定農業區 ; 非都市編定：甲種建築用地,22,1,持分移轉,03030023
RPQSMLOLLHLGFFB58DA,沙工北段,33.71,都市：其他:第四種住宅區,100000,819,持分移轉,15190000
RPVSMLOLLHLGFFB09DA,沙工北段,33.71,都市：其他:第四種住宅區,100000,819,持分移轉,15190000
RPROMLQLNHLGFJB09DA,愛平段,33.18,都市：其他:第一種住宅區,100000,1295,持分移轉,10500000
RPWOMLPKNHLGFDB78DA,大洲段,31.30,都市：其他:第一之一種住宅區,10000,118,持分移轉,04770000
RPWNMLNJNHLGFEB48DA,文化段,27.00,都市：其他:住宅區,1000000,17586,持分移轉,02010000
RPPSMLMJMHLGFJB58DA,育賢段,32.96,都市：其他:住宅區,10000,31,持分移轉,01810000
RPVOMLQLNHLGFBB68DA,中德段,21.07,都市：其他:第二種住宅區,100000,3465,持分移轉,00160001
RPPPMLQLNHLGFBB18DA,中德段,20.93,都市：其他:第二種住宅區,100000,3443,持分移轉,00160001
RPUPMLOJMHLGFBB18DA,仁平段,22.08,都市：其他:第一之一種住宅區,100000,827,持分移轉,03580000
RPUPMLOJMHLGFBB18DA,平田段,10.66,都市：其他:第二種住宅區,100000,827,持分移轉,09530000
RPTRMLQKMHLGFBB58DA,溝背段,14.66,都市：其他:第二之一種住宅區,100000,394,持分移轉,01430000
RPUQMLMJMHLGFJB88DA,育賢段,26.58,都市：其他:住宅區,10000,25,持分移轉,01810000
RPSOMLQLNHLGFBB38DA,崇德段,18.18,都市：其他:第一種商業區,100000,753,持分移轉,03820000
RPRPMLPLNHLGFBB28DA,中德段,20.93,都市：其他:第二種住宅區,100000,3443,持分移轉,00160001
RPXNMLQKMHLGFBB58DA,溝背段,14.66,都市：其他:第二之一種住宅區,100000,394,持分移轉,01430000
RPVQMLKKKHLGFCB97DA,建功段,19.97,都市：其他:第五種住宅區,10000,26,持分移轉,00070001
RPUQMLKKKHLGFCB87DA,建功段,10.75,都市：其他:第五種住宅區,10000,14,持分移轉,00070001
RPWPMLMJKHLGFBB97DA,文北段,21.08,都市：其他:第二之一種住宅區,100000,1869,持分移轉,01060000
RPPQMLOJLHLGFCB77DA,廣福段,21.48,都市：其他:農業區,100000,791,持分移轉,03360000
RPSNMLKKLHLGFCB47DA,福德段,9.42,都市：其他:第三種住宅區。,100000,1076,持分移轉,00370000
RPSNMLKKLHLGFCB47DA,福德段,10.74,都市：其他:第二種住宅區,100000,1076,持分移轉,00420000
RPWNMLRLNHLGFIB86DA,新高鐵段,15.76,都市：其他:商業區,100000,272,持分移轉,00570000
RPWNNLLMJHLGFIB68DA,新高鐵段,11.01,都市：其他:商業區,100000,190,持分移轉,00570000
RPVPMLNLMHLGFDB58DA,口庄段,13.79,非都市：特定農業區 ; 非都市編定：甲種建築用地,22,1,持分移轉,03030000
RPVPMLNLMHLGFDB58DA,口庄段,47.25,非都市：特定農業區 ; 非都市編定：甲種建築用地,1,1,全筆移轉,03030020
RPVPMLNLMHLGFDB58DA,口庄段,4.71,非都市：特定農業區 ; 非都市編定：甲種建築用地,22,1,持分移轉,03030023
RPVPMLNLMHLGFDB58DA,口庄段,2.25,非都市：特定農業區 ; 非都市編定：甲種建築用地,1,1,全筆移轉,03030029
RPXOMLMJLHLGFCB18DA,豐業段,24.28,都市：其他:第二種住宅區,100000,981,持分移轉,01340000
RPQQMLMJLHLGFCB67DA,豐業段,27.26,都市：其他:第二種住宅區,100000,1101,持分移轉,01340000
RPXOMLNLJHLGFBB18DA,文北段,15.42,都市：其他:第二之一種住宅區,100000,1367,持分移轉,01060000
RPTNMLOJLHLGFCB87DA,廣福段,21.53,都市：其他:農業區,100000,793,持分移轉,03360000
RPRUMLMJLHLGFCB18DA,豐業段,24.85,都市：其他:第二種住宅區,100000,1004,持分移轉,01340000
RPPPMLNLKHLGFIB28DA,新高鐵段,16.40,都市：其他:商業區,100000,283,持分移轉,00570000
RPQOMLKKLHLGFCB37DA,福德段,5.89,都市：其他:第三種住宅區。,100000,673,持分移轉,00370000
RPQOMLKKLHLGFCB37DA,福德段,6.72,都市：其他:第二種住宅區,100000,673,持分移轉,00420000
RPPOMLNKLHLGFJB28DA,育賢段,21.48,都市：其他:住宅區,10000,25,持分移轉,02010000
RPQNMLSKLHLGFIB68DA,新厝段,42.40,非都市：特定農業區 ; 非都市編定：甲種建築用地,1,1,全筆移轉,02950007
RPVSMLMJLHLGFCB38DA,豐業段,24.28,都市：其他:第二種住宅區,100000,981,持分移轉,01340000
RPWOMLSKLHLGFIB76DA,新厝段,50.15,非都市：特定農業區 ; 非都市編定：甲種建築用地,1,1,全筆移轉,02950015
RPWOMLMKLHLGFFB48DA,福田段,21.68,都市：其他:第四種住宅區,100000,1227,持分移轉,09620000
RPQOMLMKLHLGFFB87DA,福田段,22.93,都市：其他:第四種住宅區,100000,1298,持分移轉,09620000
RPWOMLMKLHLGFFB48DA,福田段,.33,都市：其他:第四種住宅區,100000,1227,持分移轉,09620001
RPQOMLMKLHLGFFB87DA,福田段,.35,都市：其他:第四種住宅區,100000,1298,持分移轉,09620001
RPQRMLKLNHLGFCB97DA,建功段,14.60,都市：其他:第五種住宅區,10000,19,持分移轉,00070001
RPSNMLSKLHLGFIB88DA,新厝段,49.45,非都市：特定農業區 ; 非都市編定：甲種建築用地,1,1,全筆移轉,02950016
RPTPMLMKLHLGFFB28DA,福田段,23.05,都市：其他:第四種住宅區,100000,1305,持分移轉,09620000
RPTPMLMKLHLGFFB28DA,福田段,.35,都市：其他:第四種住宅區,100000,1305,持分移轉,09620001
RPQNMLNLNHLGFFB18DA,忠孝段,27.61,都市：其他:第四種住宅區,100000,1468,持分移轉,00620002
RPXTMLMJMHLGFBB68DA,溝背段,22.14,都市：其他:第二之一種住宅區,100000,595,持分移轉,01430000
RPRPNLPJLHLGFCB08DA,豐業段,24.61,都市：其他:第二種住宅區,100000,994,持分移轉,01340000
RPRPMLKKLHLGFBB47DA,榮德段,35.23,都市：其他:第一之一種住宅區,100000,654,持分移轉,01680000
RPRPMLKKLHLGFBB47DA,榮德段,9.79,都市：其他:第一之一種住宅區,100000,654,持分移轉,01770000
RPQRMLPJLHLGFBB97DA,東光段,13.59,都市：其他:第二種商業區,100000,1065,持分移轉,04130000
RPRRMLLKLHLGFBB77DA,崇德段,21.42,都市：其他:第一種商業區,100000,887,持分移轉,03820000
RPSNMLQLKHLGFHB58DA,弘富段,28.64,都市：其他:第一之二種住宅區,100000,1160,持分移轉,00930000
RPSTMLTJLHLGFCB88DA,建功段,14.60,都市：其他:第五種住宅區,10000,19,持分移轉,00070001
RPPNMLSJLHLGFCB87DA,寶文段,30.02,都市：其他:第二種住宅區,100000,641,持分移轉,00350002
RPTPMLSJLHLGFCB48DA,寶文段,31.05,都市：其他:第二種住宅區,100000,663,持分移轉,00350002
RPWRMLLKLHLGFBB28DA,崇德段,18.26,都市：其他:第一種商業區,100000,756,持分移轉,03820000
RPROMLOLLHLGFBB87DA,新賴厝廍三段,8.71,都市：其他:第二種住宅區,100000,1889,持分移轉,06830000
RPWOMLLKLHLGFBB97DA,崇德段,21.42,都市：其他:第一種商業區,100000,887,持分移轉,03820000
RPXQMLLKLHLGFCB38DA,寶文段,23.51,都市：其他:第二種住宅區,100000,502,持分移轉,00350002
RPWRMLKMLHLGFCB48DA,福德段,9.42,都市：其他:第三種住宅區。,100000,1076,持分移轉,00370000
RPRSMLKMLHLGFCB08DA,福德段,8.01,都市：其他:第三種住宅區。,100000,915,持分移轉,00370000
RPWRMLKMLHLGFCB48DA,福德段,10.74,都市：其他:第二種住宅區,100000,1076,持分移轉,00420000
RPRSMLKMLHLGFCB08DA,福德段,9.14,都市：其他:第二種住宅區,100000,915,持分移轉,00420000
RPQNMLMLRHKGFJB78DA,育賢段,24.08,都市：其他:住宅區,100000,650,持分移轉,02020000
RPSONLLMJHLGFIB38DA,新高鐵段,11.01,都市：其他:商業區,100000,190,持分移轉,00570000
RPOTMLTJLHLGFCB48DA,建功段,19.97,都市：其他:第五種住宅區,10000,26,持分移轉,00070001
RPPNNLLMJHLGFIB97DA,新高鐵段,15.76,都市：其他:商業區,100000,272,持分移轉,00570000
RPQNMLRLLHLGFIB68DA,新高鐵段,11.01,都市：其他:商業區,100000,190,持分移轉,00570000
RPPRMLQJLHLGFIB68DA,新高鐵段,11.01,都市：其他:商業區,100000,190,持分移轉,00570000
RPSNMLMKLHLGFHB18DA,弘富段,28.54,都市：其他:第一之二種住宅區,100000,1156,持分移轉,00930000
RPTPMLQLLHLGFBB38DA,崇德段,17.53,都市：其他:第一種商業區,100000,726,持分移轉,03820000
RPVRNLNLLHLGFJB76DA,福平段,18.34,都市：其他:商業區,100000,773,持分移轉,08730000
RPVRMLLMLHLGFJB56DA,育賢段,19.14,都市：其他:住宅區,10000,18,持分移轉,01810000
RPVTMLSJLHLGFCB09DA,寶文段,30.82,都市：其他:第二種住宅區,100000,658,持分移轉,00350002
RPQSNLLMLHLGFJB88DA,育賢段,26.58,都市：其他:住宅區,10000,25,持分移轉,01810000
RPRUMLTJLHLGFCB88DA,寶文段,30.91,都市：其他:第二種住宅區,100000,660,持分移轉,00350002
RPUOMLLJMHLGFJB58DA,育賢段,26.58,都市：其他:住宅區,10000,25,持分移轉,01810000
RPWPMLQLLHLGFBB68DA,崇德段,22.07,都市：其他:第一種商業區,100000,914,持分移轉,03820000
RPQPMLKMLHLGFBB57DA,崇德段,18.26,都市：其他:第一種商業區,100000,756,持分移轉,03820000
RPXQMLSJLHLGFCB98DA,寶文段,30.91,都市：其他:第二種住宅區,100000,660,持分移轉,00350002
RPWNMLPJJHLGFFB38DA,保成段,.85,都市：其他:第二種住宅區,16,1,持分移轉,03340001
RPWNMLRKLHLGFDB68DA,六張段,.60,非都市：特定農業區 ; 非都市編定：水利用地,24,1,持分移轉,01540005
RPWNMLRKLHLGFDB68DA,六張段,27.01,非都市：特定農業區 ; 非都市編定：甲種建築用地,24,1,持分移轉,02400000
RPWNMLPJJHLGFFB38DA,保成段,59.77,都市：其他:第二種住宅區,1,1,全筆移轉,03340006
RPWNMLRKLHLGFDB68DA,六張段,54.43,非都市：特定農業區 ; 非都市編定：甲種建築用地,1,1,全筆移轉,02400008
RPWNMLRKLHLGFDB68DA,六張段,.75,非都市：特定農業區 ; 非都市編定：甲種建築用地,24,1,持分移轉,02400031
RPSNMLQJJHLGFFB08DA,保成段,.85,都市：其他:第二種住宅區,16,1,持分移轉,03340001
RPWNMLPJJHLGFFB38DA,保成段,20.90,都市：其他:第二種住宅區,10000,607,持分移轉,03340015
RPSNMLQJJHLGFFB08DA,保成段,59.77,都市：其他:第二種住宅區,1,1,全筆移轉,03340005
RPSNMLQJJHLGFFB08DA,保成段,20.90,都市：其他:第二種住宅區,10000,607,持分移轉,03340015
RPTNMLQJJHLGFFB18DA,保成段,81.59,都市：其他:第二種住宅區,1,1,全筆移轉,03340003
RPTNMLQJJHLGFFB18DA,保成段,3.30,都市：其他:第二種住宅區,10000,96,持分移轉,03340015
RPXSMLSJLHLGFCB56DA,寶文段,30.82,都市：其他:第二種住宅區,100000,658,持分移轉,00350002
RPSUMLNLLHLGFJB66DA,福平段,13.31,都市：其他:商業區,100000,561,持分移轉,08730000
RPURNLNLLHLGFJB66DA,福平段,13.86,都市：其他:商業區,100000,584,持分移轉,08730000
RPOTNLNLLHLGFJB88DA,福平段,13.86,都市：其他:商業區,100000,584,持分移轉,08730000
RPRNMLLJMHLGFDB57DA,下南坑段,26.38,都市：其他:第二種住宅區,100000,6193,持分移轉,11790006
RPOOMLLJMHLGFDB37DA,下南坑段,26.38,都市：其他:第二種住宅區,100000,6193,持分移轉,11790006
RPTNMLLJMHLGFDB77DA,下南坑段,24.25,都市：其他:第二種住宅區,100000,5693,持分移轉,11790006
RPRUMLPJLHLGFBB38DA,東光段,17.94,都市：其他:第二種商業區,100000,1406,持分移轉,04130000
RPVNMLLJMHLGFDB97DA,下南坑段,24.25,都市：其他:第二種住宅區,100000,5693,持分移轉,11790006
RPPRMLPJLHLGFBB87DA,東光段,14.00,都市：其他:第二種商業區,100000,1097,持分移轉,04130000
RPWRMLNKMHLGFCB68DA,廣福段,18.68,都市：其他:農業區,100000,688,持分移轉,03360000
RPQUMLMJLHLGFCB08DA,豐業段,30.94,都市：其他:第二種住宅區,100000,1250,持分移轉,01340000
RPXNMLLJMHLGFDB18DA,下南坑段,24.25,都市：其他:第二種住宅區,100000,5693,持分移轉,11790006
RPUOMLLJMHLGFDB97DA,下南坑段,24.25,都市：其他:第二種住宅區,100000,5693,持分移轉,11790006
RPROMLLJMHLGFDB67DA,下南坑段,26.38,都市：其他:第二種住宅區,1000000,61930,持分移轉,11790006
RPWOMLLJMHLGFDB18DA,下南坑段,24.20,都市：其他:第二種住宅區,100000,6402,持分移轉,11790011
RPPPMLLJMHLGFDB57DA,下南坑段,26.38,都市：其他:第二種住宅區,100000,6193,持分移轉,11790006
RPPUMLNLLHLGFJB98DA,福平段,19.70,都市：其他:商業區,100000,830,持分移轉,08730000
RPSTMLNLLHLGFJB56DA,福平段,19.62,都市：其他:商業區,100000,827,持分移轉,08730000
RPVQMLLMLHLGFJB09DA,育賢段,19.14,都市：其他:住宅區,10000,18,持分移轉,01810000
RPUQMLRKLHLGFCB68DA,建功段,19.97,都市：其他:第五種住宅區,10000,26,持分移轉,00070001
RPOPMLLJMHLGFDB47DA,下南坑段,22.82,都市：其他:第二種住宅區,100000,6037,持分移轉,11790011
RPSQNLLMLHLGFJB88DA,育賢段,19.14,都市：其他:住宅區,10000,18,持分移轉,01810000
RPUTMLLMLHLGFJB66DA,育賢段,19.14,都市：其他:住宅區,10000,18,持分移轉,01810000
RPXPMLLMLHLGFJB56DA,育賢段,18.08,都市：其他:住宅區,10000,17,持分移轉,01810000
RPORMLLMLHLGFJB48DA,育賢段,19.14,都市：其他:住宅區,10000,18,持分移轉,01810000
RPVVMLLMLHLGFJB96DA,育賢段,19.14,都市：其他:住宅區,10000,18,持分移轉,01810000
RPVPMLPJLHLGFBB28DA,東光段,14.15,都市：其他:第二種商業區,100000,1109,持分移轉,04130000
RPRVNLLMLHLGFJB66DA,育賢段,26.58,都市：其他:住宅區,10000,25,持分移轉,01810000
RPPOMLLJMHLGFDB47DA,下南坑段,26.38,都市：其他:第二種住宅區,100000,6193,持分移轉,11790006
RPSOMLLJMHLGFJB38DA,育賢段,19.14,都市：其他:住宅區,10000,18,持分移轉,01810000
RPVNMLNKMHLGFCB18DA,協成段,81.91,都市：其他:農業區,1,1,全筆移轉,03120003
RPVNMLNKMHLGFCB18DA,協成段,21.47,都市：其他:農業區,14,1,持分移轉,03120015
RPVNNLLMLHLGFJB88DA,育賢段,19.14,都市：其他:住宅區,10000,18,持分移轉,01810000
RPOOMLRKLHLGFDB97DA,六張段,.60,非都市：特定農業區 ; 非都市編定：水利用地,24,1,持分移轉,01540005
RPOOMLRKLHLGFDB97DA,六張段,27.01,非都市：特定農業區 ; 非都市編定：甲種建築用地,24,1,持分移轉,02400000
RPOOMLRKLHLGFDB97DA,六張段,58.90,非都市：特定農業區 ; 非都市編定：甲種建築用地,1,1,全筆移轉,02400010
RPOOMLRKLHLGFDB97DA,六張段,.66,非都市：特定農業區 ; 非都市編定：甲種建築用地,1,1,全筆移轉,02400028
RPOOMLRKLHLGFDB97DA,六張段,.75,非都市：特定農業區 ; 非都市編定：甲種建築用地,24,1,持分移轉,02400031
RPVNMLLJMHLGFJB58DA,育賢段,19.14,都市：其他:住宅區,10000,18,持分移轉,01810000
RPQRMLLMLHLGFCB97DA,建功段,14.60,都市：其他:第五種住宅區,10000,19,持分移轉,00070001
RPTQMLMJMHLGFJB78DA,育賢段,32.96,都市：其他:住宅區,10000,31,持分移轉,01810000
RPUUNLLMLHLGFJB86DA,育賢段,19.14,都市：其他:住宅區,10000,18,持分移轉,01810000
RPURMLLMLHLGFCB38DA,建功段,13.83,都市：其他:第五種住宅區,10000,18,持分移轉,00070001
RPWSMLMJMHLGFJB66DA,育賢段,26.58,都市：其他:住宅區,10000,25,持分移轉,01810000
RPPUMLOJMHLGFBB18DA,仁平段,14.90,都市：其他:第一之一種住宅區,100000,558,持分移轉,03580000
RPPUMLOJMHLGFBB18DA,平田段,7.19,都市：其他:第二種住宅區,100000,558,持分移轉,09530000
RPTSMLMJMHLGFJB98DA,育賢段,19.14,都市：其他:住宅區,10000,18,持分移轉,01810000
RPVRMLMJMHLGFBB28DA,溝背段,14.66,都市：其他:第二之一種住宅區,100000,394,持分移轉,01430000
RPTOMLLJMHLGFDB87DA,下南坑段,26.38,都市：其他:第二種住宅區,100000,6193,持分移轉,11790006
RPWWMLLMLHLGFJB17DA,育賢段,19.14,都市：其他:住宅區,10000,18,持分移轉,01810000
RPQPMLLLMHLGFCB77DA,廣福段,34.41,都市：其他:農業區,100000,1267,持分移轉,03360000
RPVOMLLJMHLGFDB08DA,下南坑段,24.25,都市：其他:第二種住宅區,100000,5693,持分移轉,11790006
RPOOMLLJMHLGFJB97DA,育賢段,26.58,都市：其他:住宅區,10000,25,持分移轉,01810000
RPVNMLOKMHLGFBB18DA,崇德段,17.53,都市：其他:第一種商業區,100000,726,持分移轉,03820000
RPQNMLQLMHLGFCB08DA,惠安段,29.16,都市：其他:第二種住宅區,10000,424,持分移轉,00910000
RPPPMLMJMHLGFFB87DA,福田段,28.05,都市：其他:第四種住宅區,100000,1588,持分移轉,09620000
RPPPMLMJMHLGFFB87DA,福田段,.43,都市：其他:第四種住宅區,100000,1588,持分移轉,09620001
RPWQMLLMLHLGFJB56DA,育賢段,19.14,都市：其他:住宅區,10000,18,持分移轉,01810000
RPRUNLLMLHLGFJB56DA,育賢段,19.14,都市：其他:住宅區,10000,18,持分移轉,01810000
RPPOMLLJMHLGFJB08DA,育賢段,26.58,都市：其他:住宅區,10000,25,持分移轉,01810000
RPVQMLKKMHLGFJB88DA,育賢段,26.58,都市：其他:住宅區,10000,25,持分移轉,01810000
RPUOMLKKMHLGFJB58DA,育賢段,26.58,都市：其他:住宅區,10000,25,持分移轉,01810000
RPPRMLKKMHLGFJB38DA,育賢段,18.08,都市：其他:住宅區,10000,17,持分移轉,01810000
RPQRMLKKMHLGFJB48DA,育賢段,26.58,都市：其他:住宅區,10000,25,持分移轉,01810000
RPSPNLRLMHLGFCB68DA,福德段,8.01,都市：其他:第三種住宅區。,100000,915,持分移轉,00370000
RPUTMLMJMHLGFJB56DA,育賢段,26.58,都市：其他:住宅區,10000,25,持分移轉,01810000
RPSPNLRLMHLGFCB68DA,福德段,9.14,都市：其他:第二種住宅區,100000,915,持分移轉,00420000
RPRTMLMJMHLGFBB08DA,溝背段,14.66,都市：其他:第二之一種住宅區,100000,394,持分移轉,01430000
RPWSMLMJMHLGFBB48DA,溝背段,14.66,都市：其他:第二之一種住宅區,100000,394,持分移轉,01430000
RPXNMLMJMHLGFFB48DA,福田段,22.93,都市：其他:第四種住宅區,100000,1298,持分移轉,09620000
RPXNMLMJMHLGFFB48DA,福田段,.35,都市：其他:第四種住宅區,100000,1298,持分移轉,09620001
RPOVMLKKMHLGFJB68DA,育賢段,20.20,都市：其他:住宅區,10000,19,持分移轉,01810000
RPQVMLKKMHLGFJB88DA,育賢段,19.14,都市：其他:住宅區,10000,18,持分移轉,01810000
RPSTMLKKMHLGFJB88DA,育賢段,26.58,都市：其他:住宅區,10000,25,持分移轉,01810000
RPRNNLKKMHLGFJB28DA,育賢段,20.20,都市：其他:住宅區,10000,19,持分移轉,01810000
RPSNNLKKMHLGFJB38DA,育賢段,19.14,都市：其他:住宅區,10000,18,持分移轉,01810000
RPXNNLKKMHLGFJB88DA,育賢段,19.14,都市：其他:住宅區,10000,18,持分移轉,01810000
RPQTMLMJMHLGFBB97DA,溝背段,14.66,都市：其他:第二之一種住宅區,100000,394,持分移轉,01430000
RPSSMLKKMHLGFJB78DA,育賢段,19.14,都市：其他:住宅區,10000,18,持分移轉,01810000
RPSONLKKMHLGFJB48DA,育賢段,19.14,都市：其他:住宅區,10000,18,持分移轉,01810000
RPSVMLKKMHLGFJB09DA,育賢段,19.14,都市：其他:住宅區,10000,18,持分移轉,01810000
RPVSMLMJMHLGFBB38DA,溝背段,14.66,都市：其他:第二之一種住宅區,100000,394,持分移轉,01430000
RPQNMLPLMHLGFJB68DA,育賢段,26.58,都市：其他:住宅區,10000,25,持分移轉,01810000
RPQVMLLLMHLGFCB38DA,建功段,16.90,都市：其他:第五種住宅區,10000,22,持分移轉,00070001
RPUSMLMJMHLGFJB09DA,育賢段,26.58,都市：其他:住宅區,10000,25,持分移轉,01810000
RPWRMLLMLHLGFJB66DA,育賢段,19.14,都市：其他:住宅區,10000,18,持分移轉,01810000
RPPWMLLMLHLGFJB09DA,育賢段,19.14,都市：其他:住宅區,10000,18,持分移轉,01810000
RPXPNLLMLHLGFJB66DA,育賢段,19.14,都市：其他:住宅區,10000,18,持分移轉,01810000
RPTNNLKKMHLGFJB48DA,育賢段,19.14,都市：其他:住宅區,10000,18,持分移轉,01810000
RPQNNLKKMHLGFJB18DA,育賢段,19.14,都市：其他:住宅區,10000,18,持分移轉,01810000
RPPTMLKKMHLGFJB58DA,育賢段,19.14,都市：其他:住宅區,10000,18,持分移轉,01810000
RPTPMLMLMHLGFCB18DA,建功段,13.83,都市：其他:第五種住宅區,10000,18,持分移轉,00070001
RPPPMLKKMHLGFJB18DA,育賢段,19.14,都市：其他:住宅區,10000,18,持分移轉,01810000
RPQTMLMJMHLGFJB78DA,育賢段,26.58,都市：其他:住宅區,10000,25,持分移轉,01810000
RPWUMLKKMHLGFJB76DA,育賢段,20.20,都市：其他:住宅區,10000,19,持分移轉,01810000
RPVTMLMJMHLGFJB66DA,育賢段,26.58,都市：其他:住宅區,10000,25,持分移轉,01810000
RPTSMLSJLHLGFCB78DA,寶文段,30.91,都市：其他:第二種住宅區,100000,660,持分移轉,00350002
RPOQMLKKMHLGFJB18DA,育賢段,26.58,都市：其他:住宅區,10000,25,持分移轉,01810000
RPPNMLLKMHLGFJB08DA,育賢段,19.14,都市：其他:住宅區,10000,18,持分移轉,01810000
RPRUMLMJMHLGFBB18DA,溝背段,14.66,都市：其他:第二之一種住宅區,100000,394,持分移轉,01430000
RPWNMLSJNHLGFCB78DA,協成段,143.42,都市：其他:農業區,1,1,全筆移轉,03120014
RPWNMLSJNHLGFCB78DA,協成段,21.47,都市：其他:農業區,14,1,持分移轉,03120015
RPWPMLMKNHLGFFB78DA,忠孝段,27.63,都市：其他:第四種住宅區,100000,1469,持分移轉,00620002
RPQSMLTLMHLGFCB88DA,建功段,14.60,都市：其他:第五種住宅區,10000,19,持分移轉,00070001
RPRQMLQJNHLGFCB38DA,建功段,14.60,都市：其他:第五種住宅區,10000,19,持分移轉,00070001
RPSSMLOLLHLGFFB78DA,沙工北段,31.69,都市：其他:第四種住宅區,100000,770,持分移轉,15190000
RPQTMLOLLHLGFFB68DA,沙工北段,33.71,都市：其他:第四種住宅區,100000,819,持分移轉,15190000
RPXOMLQKMHLGFBB68DA,溝背段,25.86,都市：其他:第二之一種住宅區,100000,695,持分移轉,01430000
RPXSMLOLLHLGFFB66DA,沙工北段,31.69,都市：其他:第四種住宅區,100000,770,持分移轉,15190000
RPWPNLOLLHLGFFB98DA,沙工北段,31.69,都市：其他:第四種住宅區,100000,770,持分移轉,15190000
RPTRMLLMLHLGFJB98DA,育賢段,19.14,都市：其他:住宅區,10000,18,持分移轉,01810000
RPSQMLLMLHLGFJB78DA,育賢段,19.14,都市：其他:住宅區,10000,18,持分移轉,01810000
RPSSMLLMLHLGFJB98DA,育賢段,19.14,都市：其他:住宅區,10000,18,持分移轉,01810000
RPVWMLLMLHLGFJB07DA,育賢段,19.14,都市：其他:住宅區,10000,18,持分移轉,01810000
RPOVMLLMLHLGFJB88DA,育賢段,18.08,都市：其他:住宅區,10000,17,持分移轉,01810000
RPTTNLLMLHLGFJB66DA,育賢段,19.14,都市：其他:住宅區,10000,18,持分移轉,01810000
RPQWNLLMLHLGFJB66DA,育賢段,19.14,都市：其他:住宅區,10000,18,持分移轉,01810000
RPORMLKKMHLGFJB28DA,育賢段,37.22,都市：其他:住宅區,10000,35,持分移轉,01810000
RPWPMLKKMHLGFJB88DA,育賢段,26.58,都市：其他:住宅區,10000,25,持分移轉,01810000
RPWRMLKKMHLGFJB09DA,育賢段,20.20,都市：其他:住宅區,10000,19,持分移轉,01810000
RPRWMLKKMHLGFJB09DA,育賢段,20.20,都市：其他:住宅區,10000,19,持分移轉,01810000
RPPNNLKKMHLGFJB08DA,育賢段,19.14,都市：其他:住宅區,10000,18,持分移轉,01810000
RPWNNLKKMHLGFJB78DA,育賢段,20.20,都市：其他:住宅區,10000,19,持分移轉,01810000
RPQNMLTJNHLGFJB98DA,育賢段,18.08,都市：其他:住宅區,10000,17,持分移轉,01810000
RPXNMLNKNHLGFCB48DA,惠泰段,15.65,都市：其他:第二種住宅區,100000,2288,持分移轉,00830000
RPURNLKKMHLGFJB98DA,育賢段,37.22,都市：其他:住宅區,10000,35,持分移轉,01810000
RPURMLTLMHLGFCB56DA,建功段,14.60,都市：其他:第五種住宅區,10000,19,持分移轉,00070001
RPWNMLQJNHLGFCB58DA,建功段,10.75,都市：其他:第五種住宅區,10000,14,持分移轉,00070001
RPUNMLQJNHLGFCB38DA,建功段,10.75,都市：其他:第五種住宅區,10000,14,持分移轉,00070001
RPVNMLQJNHLGFCB48DA,建功段,10.75,都市：其他:第五種住宅區,10000,14,持分移轉,00070001
RPVWMLOLLHLGFFB86DA,沙工北段,31.69,都市：其他:第四種住宅區,100000,770,持分移轉,15190000
RPPOMLNKNHLGFCB77DA,惠泰段,18.46,都市：其他:第二種住宅區,100000,2699,持分移轉,00830000
RPTRMLTLMHLGFCB09DA,建功段,14.60,都市：其他:第五種住宅區,10000,19,持分移轉,00070001
RPXNNLOLLHLGFFB88DA,沙工北段,31.69,都市：其他:第四種住宅區,100000,770,持分移轉,15190000
RPOSNLKKMHLGFJB48DA,育賢段,19.14,都市：其他:住宅區,10000,18,持分移轉,01810000
RPTWMLRLMHLGFCB76DA,建功段,13.83,都市：其他:第五種住宅區,10000,18,持分移轉,00070001
RPSTMLOLLHLGFFB88DA,沙工北段,31.69,都市：其他:第四種住宅區,100000,770,持分移轉,15190000
RPUWMLRLMHLGFCB86DA,建功段,13.83,都市：其他:第五種住宅區,10000,18,持分移轉,00070001
RPSRNLLMLHLGFJB98DA,育賢段,19.14,都市：其他:住宅區,10000,18,持分移轉,01810000
RPTPMLNKNHLGFCB28DA,惠泰段,16.05,都市：其他:第二種住宅區,100000,2347,持分移轉,00830000
RPRNMLNLMHLGFDB97DA,口庄段,13.79,非都市：特定農業區 ; 非都市編定：甲種建築用地,22,1,持分移轉,03030000
RPRNMLNLMHLGFDB97DA,口庄段,76.58,非都市：特定農業區 ; 非都市編定：甲種建築用地,1,1,全筆移轉,03030008
RPRNMLNLMHLGFDB97DA,口庄段,4.71,非都市：特定農業區 ; 非都市編定：甲種建築用地,22,1,持分移轉,03030023
RPSUMLNLLHLGFBB48DA,敦和段,41.55,都市：其他:第一之一種住宅區,100000,1076,持分移轉,00120000
RPVPMLPKNHLGFCB68DA,建功段,10.75,都市：其他:第五種住宅區,10000,14,持分移轉,00070001
RPSNMLNLNHLGFGB48DA,和興段,4.61,都市：其他:住宅區,30,1,持分移轉,01660012
RPSNMLNLNHLGFGB48DA,和興段,78.19,都市：其他:住宅區,1,1,全筆移轉,01660015
RPSNMLNLNHLGFGB48DA,和興段,11.53,都市：其他:住宅區,30,1,持分移轉,02560012
RPSNMLNLNHLGFGB48DA,和興段,.12,都市：其他:住宅區,30,1,持分移轉,02560043
RPSOMLMLMHLGFDB08DA,口庄段,13.79,非都市：特定農業區 ; 非都市編定：甲種建築用地,22,1,持分移轉,03030000
RPSOMLMLMHLGFDB08DA,口庄段,75.22,非都市：特定農業區 ; 非都市編定：甲種建築用地,1,1,全筆移轉,03030004
RPSOMLMLMHLGFDB08DA,口庄段,4.71,非都市：特定農業區 ; 非都市編定：甲種建築用地,22,1,持分移轉,03030023
RPVQMLTKNHLGFCB56DA,福德段,14.83,都市：其他:第二種住宅區,100000,842,持分移轉,02730000
RPPNMLPLNHLGFJB68DA,振文段,11.32,都市：其他:住宅區,200000,7820,持分移轉,01130001
RPPNMLPLNHLGFJB68DA,振文段,.32,都市：其他:住宅區,52,2,持分移轉,01130002
RPPNMLPLNHLGFJB68DA,振文段,10.70,都市：其他:住宅區,52,2,持分移轉,01130003
RPPNMLPLNHLGFJB68DA,振文段,52.26,都市：其他:住宅區,1,1,全筆移轉,01130016
RPSRMLPKNHLGFDB68DA,大洲段,35.01,都市：其他:第一之一種住宅區,10000,132,持分移轉,04770000
RPURMLPKNHLGFDB88DA,大洲段,31.03,都市：其他:第一之一種住宅區,10000,117,持分移轉,04770000
RPTPMLNLMHLGFDB38DA,口庄段,13.79,非都市：特定農業區 ; 非都市編定：甲種建築用地,22,1,持分移轉,03030000
RPTPMLNLMHLGFDB38DA,口庄段,51.18,非都市：特定農業區 ; 非都市編定：甲種建築用地,1,1,全筆移轉,03030015
RPTPMLNLMHLGFDB38DA,口庄段,4.71,非都市：特定農業區 ; 非都市編定：甲種建築用地,22,1,持分移轉,03030023
RPTPMLNLMHLGFDB38DA,口庄段,2.44,非都市：特定農業區 ; 非都市編定：甲種建築用地,1,1,全筆移轉,03030024
RPPNMLOLMHLGFDB87DA,口庄段,13.79,非都市：特定農業區 ; 非都市編定：甲種建築用地,22,1,持分移轉,03030000
RPPNMLOLMHLGFDB87DA,口庄段,75.41,非都市：特定農業區 ; 非都市編定：甲種建築用地,1,1,全筆移轉,03030009
RPPNMLOLMHLGFDB87DA,口庄段,4.71,非都市：特定農業區 ; 非都市編定：甲種建築用地,22,1,持分移轉,03030023
RPQOMLNLMHLGFDB97DA,口庄段,13.79,非都市：特定農業區 ; 非都市編定：甲種建築用地,22,1,持分移轉,03030000
RPQOMLNLMHLGFDB97DA,口庄段,70.71,非都市：特定農業區 ; 非都市編定：甲種建築用地,1,1,全筆移轉,03030013
RPQOMLNLMHLGFDB97DA,口庄段,4.71,非都市：特定農業區 ; 非都市編定：甲種建築用地,22,1,持分移轉,03030023
RPPWMLOLLHLGFFB88DA,沙工北段,31.69,都市：其他:第四種住宅區,100000,770,持分移轉,15190000
RPSNNLOLLHLGFFB38DA,沙工北段,31.69,都市：其他:第四種住宅區,100000,770,持分移轉,15190000
RPQSNLMJMHLGFBB97DA,溝背段,14.66,都市：其他:第二之一種住宅區,100000,394,持分移轉,01430000
RPPPMLMJMHLGFJB28DA,育賢段,26.58,都市：其他:住宅區,10000,25,持分移轉,01810000
RPOWMLMJMHLGFJB88DA,育賢段,26.58,都市：其他:住宅區,10000,25,持分移轉,01810000
RPVRNLKKMHLGFJB09DA,育賢段,19.14,都市：其他:住宅區,10000,18,持分移轉,01810000
RPTNMLPKNHLGFBB18DA,文正段,5.69,都市：其他:第二種住宅區,100000,6619,持分移轉,01180071
RPXQMLKLNHLGFCB58DA,建功段,14.60,都市：其他:第五種住宅區,10000,19,持分移轉,00070001
RPWNMLQKNHLGFJB76DA,育賢段,19.14,都市：其他:住宅區,10000,18,持分移轉,01810000
RPTNMLPKNHLGFBB18DA,文正段,6.22,都市：其他:第一種商業區,100000,6619,持分移轉,01180072
RPTNMLPKNHLGFBB18DA,文正段,5.63,都市：其他:第一種商業區,100000,6619,持分移轉,01180105
RPTNMLPKNHLGFBB18DA,文正段,5.63,都市：其他:第二種住宅區,100000,6619,持分移轉,01180106
RPPPNLLMLHLGFJB48DA,育賢段,19.14,都市：其他:住宅區,10000,18,持分移轉,01810000
RPOSMLKKMHLGFJB38DA,育賢段,19.14,都市：其他:住宅區,10000,18,持分移轉,01810000
RPVRMLOLLHLGFFB98DA,沙工北段,33.71,都市：其他:第四種住宅區,100000,819,持分移轉,15190000
RPTPMLOLLHLGFFB58DA,沙工北段,33.71,都市：其他:第四種住宅區,100000,819,持分移轉,15190000
RPRPMLOLLHLGFFB38DA,沙工北段,31.69,都市：其他:第四種住宅區,100000,770,持分移轉,15190000
RPQPMLQLNHLGFBB28DA,中德段,21.07,都市：其他:第二種住宅區,100000,3465,持分移轉,00160001
RPTNMLNJNHLGFEB18DA,文化段,30.13,都市：其他:住宅區,1000000,19626,持分移轉,02010000
RPVPMLPLNHLGFBB68DA,中德段,20.93,都市：其他:第二種住宅區,100000,3443,持分移轉,00160001
RPROMLNJNHLGFEB08DA,文化段,27.76,都市：其他:住宅區,1000000,18087,持分移轉,02010000
RPWNMLRJNHLGFEB88DA,文化段,28.10,都市：其他:住宅區,1000000,18307,持分移轉,02010000
RPVPMLQKMHLGFBB58DA,溝背段,25.86,都市：其他:第二之一種住宅區,100000,695,持分移轉,01430000
RPTPMLKKKHLGFCB67DA,建功段,11.52,都市：其他:第五種住宅區,10000,15,持分移轉,00070001
RPQQMLKKKHLGFCB47DA,建功段,11.52,都市：其他:第五種住宅區,10000,15,持分移轉,00070001
RPTRMLNJKHLGFCB08DA,建功段,11.52,都市：其他:第五種住宅區,10000,15,持分移轉,00070001
RPUPNLMJLHLGFCB08DA,生態段,27.27,都市：其他:第二種生態住宅專用區,10000,126,持分移轉,00660000
RPUPNLMJLHLGFCB08DA,生態段,12.42,都市：其他:第二種生態住宅專用區,10000,126,持分移轉,00670000
RPRPMLOJKHLGFCB77DA,生態段,23.38,都市：其他:第二種生態住宅專用區,10000,108,持分移轉,00660000
RPRPMLOJKHLGFCB77DA,生態段,10.65,都市：其他:第二種生態住宅專用區,10000,108,持分移轉,00670000
RPWOMLPJLHLGFCB38DA,生態段,27.27,都市：其他:第二種生態住宅專用區,10000,126,持分移轉,00660000
RPWOMLPJLHLGFCB38DA,生態段,12.42,都市：其他:第二種生態住宅專用區,10000,126,持分移轉,00670000
RPWRNLKKMHLGFJB56DA,育賢段,19.14,都市：其他:住宅區,10000,18,持分移轉,01810000
RPPQMLNKNHLGFCB97DA,惠泰段,16.05,都市：其他:第二種住宅區,100000,2347,持分移轉,00830000
RPOQMLKKKHLGFCB27DA,建功段,14.60,都市：其他:第五種住宅區,10000,19,持分移轉,00070001
RPOOMLQKJHLGFFB87DA,正英段,57.49,都市：其他:第二種住宅區,100000,1948,持分移轉,05130000
RPWPMLPLKHLGFCB58DA,建功段,13.83,都市：其他:第五種住宅區,10000,18,持分移轉,00070001
RPRNMLNJLHLGFCB57DA,生態段,22.73,都市：其他:第二種生態住宅專用區,10000,105,持分移轉,00660000
RPRNMLNJLHLGFCB57DA,生態段,10.35,都市：其他:第二種生態住宅專用區,10000,105,持分移轉,00670000
RPSOMLQKJHLGFFB28DA,正英段,55.99,都市：其他:第二種住宅區,100000,1897,持分移轉,05130000
RPROMLQKJHLGFFB18DA,正英段,59.35,都市：其他:第二種住宅區,100000,2011,持分移轉,05130000
RPOPMLOLLHLGFBB67DA,敦和段,25.60,都市：其他:第一之一種住宅區,100000,663,持分移轉,00120000
RPXOMLQKJHLGFFB78DA,正英段,59.35,都市：其他:第二種住宅區,100000,2011,持分移轉,05130000
RPPPMLQKJHLGFFB08DA,正英段,55.99,都市：其他:第二種住宅區,100000,1897,持分移轉,05130000
RPSPMLQKJHLGFFB38DA,正英段,55.99,都市：其他:第二種住宅區,100000,1897,持分移轉,05130000
RPUPMLQKJHLGFFB58DA,正英段,57.46,都市：其他:第二種住宅區,100000,1947,持分移轉,05130000
RPTPMLQKJHLGFFB48DA,正英段,55.99,都市：其他:第二種住宅區,100000,1897,持分移轉,05130000
RPVPMLQKJHLGFFB68DA,正英段,59.35,都市：其他:第二種住宅區,100000,2011,持分移轉,05130000
RPSQMLQKJHLGFFB48DA,正英段,59.35,都市：其他:第二種住宅區,100000,2011,持分移轉,05130000
RPORMLQKJHLGFFB18DA,正英段,57.46,都市：其他:第二種住宅區,100000,1947,持分移轉,05130000
RPVRMLQKJHLGFFB88DA,正英段,55.99,都市：其他:第二種住宅區,100000,1897,持分移轉,05130000
RPPQMLQKJHLGFFB18DA,正英段,55.99,都市：其他:第二種住宅區,100000,1897,持分移轉,05130000
RPTQMLQKJHLGFFB58DA,正英段,55.99,都市：其他:第二種住宅區,100000,1897,持分移轉,05130000
RPRQMLQKJHLGFFB38DA,正英段,57.46,都市：其他:第二種住宅區,100000,1947,持分移轉,05130000
RPXRMLQKJHLGFFB09DA,正英段,59.35,都市：其他:第二種住宅區,100000,2011,持分移轉,05130000
RPWQMLKKKHLGFCB08DA,建功段,14.60,都市：其他:第五種住宅區,10000,19,持分移轉,00070001
RPTOMLOJLHLGFCB97DA,廣福段,21.53,都市：其他:農業區,100000,793,持分移轉,03360000
RPQPMLOJLHLGFCB77DA,廣福段,26.94,都市：其他:農業區,100000,992,持分移轉,03360000
RPPSMLOJLHLGFCB97DA,廣福段,21.53,都市：其他:農業區,100000,793,持分移轉,03360000
RPQNMLQLKHLGFHB38DA,弘富段,29.16,都市：其他:第一之二種住宅區,100000,1181,持分移轉,00930000
RPOPMLKKLHLGFBB17DA,榮德段,29.52,都市：其他:第一之一種住宅區,100000,548,持分移轉,01680000
RPWNMLOJLHLGFCB18DA,廣福段,29.38,都市：其他:農業區,100000,1082,持分移轉,03360000
RPTNMLMJLHLGFCB67DA,豐業段,27.11,都市：其他:第二種住宅區,100000,1095,持分移轉,01340000
RPOPMLKKLHLGFBB17DA,榮德段,8.20,都市：其他:第一之一種住宅區,100000,548,持分移轉,01770000
RPVNNLLMJHLGFIB58DA,新高鐵段,11.01,都市：其他:商業區,100000,190,持分移轉,00570000
RPOSMLMJLHLGFCB67DA,豐業段,24.28,都市：其他:第二種住宅區,100000,981,持分移轉,01340000
RPVNMLRKLHLGFAB28DA,泉源段,16.48,都市：其他:第三之一種商業區,100000,140,持分移轉,00150000
RPXNMLMJLHLGFCB08DA,豐業段,27.18,都市：其他:第二種住宅區,100000,1098,持分移轉,01340000
RPSNMLQKLHLGFJB78DA,育賢段,18.90,都市：其他:住宅區,10000,22,持分移轉,02010000
RPPQMLPKNHLGFCB18DA,建功段,16.90,都市：其他:第五種住宅區,10000,22,持分移轉,00070001
RPTNNLLMJHLGFIB38DA,新高鐵段,16.40,都市：其他:商業區,100000,283,持分移轉,00570000
RPXNMLRKLHLGFDB78DA,六張段,.60,非都市：特定農業區 ; 非都市編定：水利用地,24,1,持分移轉,01540005
RPXNMLRKLHLGFDB78DA,六張段,27.01,非都市：特定農業區 ; 非都市編定：甲種建築用地,24,1,持分移轉,02400000
RPXNMLRKLHLGFDB78DA,六張段,72.95,非都市：特定農業區 ; 非都市編定：甲種建築用地,1,1,全筆移轉,02400009
RPXNMLRKLHLGFDB78DA,六張段,8.46,非都市：特定農業區 ; 非都市編定：甲種建築用地,1,1,全筆移轉,02400027
RPXNMLRKLHLGFDB78DA,六張段,.75,非都市：特定農業區 ; 非都市編定：甲種建築用地,24,1,持分移轉,02400031
RPQPMLKLLHLGFCB57DA,福德段,8.01,都市：其他:第三種住宅區。,100000,915,持分移轉,00370000
RPQPMLKLLHLGFCB57DA,福德段,9.14,都市：其他:第二種住宅區,100000,915,持分移轉,00420000
RPSSMLQKJHLGFFB68DA,正英段,45.45,都市：其他:第二種住宅區,100000,1540,持分移轉,05130000
RPVQMLKLLHLGFCB18DA,福德段,8.01,都市：其他:第三種住宅區。,100000,915,持分移轉,00370000
RPVQMLKLLHLGFCB18DA,福德段,9.14,都市：其他:第二種住宅區,100000,915,持分移轉,00420000
RPVNMLMKLHLGFFB28DA,福田段,23.02,都市：其他:第四種住宅區,100000,1303,持分移轉,09620000
RPVNMLMKLHLGFFB28DA,福田段,.35,都市：其他:第四種住宅區,100000,1303,持分移轉,09620001
RPWNMLMKLHLGFFB38DA,福田段,22.93,都市：其他:第四種住宅區,100000,1298,持分移轉,09620000
RPWNMLMKLHLGFFB38DA,福田段,.35,都市：其他:第四種住宅區,100000,1298,持分移轉,09620001
RPTOMLMKLHLGFFB18DA,福田段,21.69,都市：其他:第四種住宅區,100000,1228,持分移轉,09620000
RPSNMLMKLHLGFFB97DA,福田段,23.05,都市：其他:第四種住宅區,100000,1305,持分移轉,09620000
RPSNMLMKLHLGFFB97DA,福田段,.35,都市：其他:第四種住宅區,100000,1305,持分移轉,09620001
RPXOMLMKLHLGFFB58DA,福田段,27.93,都市：其他:第四種住宅區,100000,1581,持分移轉,09620000
RPXOMLMKLHLGFFB58DA,福田段,.42,都市：其他:第四種住宅區,100000,1581,持分移轉,09620001
RPTOMLMKLHLGFFB18DA,福田段,.33,都市：其他:第四種住宅區,100000,1228,持分移轉,09620001
RPXNMLMKLHLGFFB48DA,福田段,27.93,都市：其他:第四種住宅區,100000,1581,持分移轉,09620000
RPXNMLMKLHLGFFB48DA,福田段,.42,都市：其他:第四種住宅區,100000,1581,持分移轉,09620001
RPPOMLMKLHLGFFB77DA,福田段,21.69,都市：其他:第四種住宅區,100000,1228,持分移轉,09620000
RPPOMLMKLHLGFFB77DA,福田段,.33,都市：其他:第四種住宅區,100000,1228,持分移轉,09620001
RPOPMLMKLHLGFFB77DA,福田段,27.61,都市：其他:第四種住宅區,100000,1563,持分移轉,09620000
RPSPMLMKLHLGFFB18DA,福田段,21.69,都市：其他:第四種住宅區,100000,1228,持分移轉,09620000
RPOPMLMKLHLGFFB77DA,福田段,.42,都市：其他:第四種住宅區,100000,1563,持分移轉,09620001
RPSPMLMKLHLGFFB18DA,福田段,.33,都市：其他:第四種住宅區,100000,1228,持分移轉,09620001
RPTNMLLKLHLGFBB57DA,崇德段,17.53,都市：其他:第一種商業區,100000,726,持分移轉,03820000
RPPOMLLKLHLGFBB27DA,崇德段,18.26,都市：其他:第一種商業區,100000,756,持分移轉,03820000
RPXPMLMKLHLGFFB68DA,福田段,27.61,都市：其他:第四種住宅區,100000,1563,持分移轉,09620000
RPVPMLMKLHLGFFB48DA,福田段,27.61,都市：其他:第四種住宅區,100000,1563,持分移轉,09620000
RPXPMLMKLHLGFFB68DA,福田段,.42,都市：其他:第四種住宅區,100000,1563,持分移轉,09620001
RPVPMLMKLHLGFFB48DA,福田段,.42,都市：其他:第四種住宅區,100000,1563,持分移轉,09620001
RPQNMLKLLHLGFCB37DA,建功段,10.75,都市：其他:第五種住宅區,10000,14,持分移轉,00070001
RPRNMLKKLHLGFCB37DA,建功段,16.90,都市：其他:第五種住宅區,10000,22,持分移轉,00070001
RPUOMLNLLHLGFCB18DA,建功段,11.52,都市：其他:第五種住宅區,10000,15,持分移轉,00070001
RPUOMLSJLHLGFCB48DA,寶文段,29.70,都市：其他:第二種住宅區,100000,634,持分移轉,00350002
RPPTMLTJLHLGFCB58DA,建功段,19.97,都市：其他:第五種住宅區,10000,26,持分移轉,00070001
RPSSMLTJLHLGFCB78DA,建功段,12.29,都市：其他:第五種住宅區,10000,16,持分移轉,00070001
RPUTMLTJLHLGFCB09DA,建功段,13.83,都市：其他:第五種住宅區,10000,18,持分移轉,00070001
RPPQMLRKLHLGFCB18DA,建功段,11.52,都市：其他:第五種住宅區,10000,15,持分移轉,00070001
RPSQMLRKLHLGFCB48DA,建功段,13.83,都市：其他:第五種住宅區,10000,18,持分移轉,00070001
RPTQMLRKLHLGFCB58DA,建功段,19.97,都市：其他:第五種住宅區,10000,26,持分移轉,00070001
RPVQMLRKLHLGFCB78DA,建功段,19.97,都市：其他:第五種住宅區,10000,26,持分移轉,00070001
RPXQMLRKLHLGFCB98DA,建功段,11.52,都市：其他:第五種住宅區,10000,15,持分移轉,00070001
RPWOMLTKLHLGFCB88DA,建功段,11.52,都市：其他:第五種住宅區,10000,15,持分移轉,00070001
RPPNMLLKLHLGFFB57DA,正英段,57.49,都市：其他:第二種住宅區,100000,1948,持分移轉,05130000
RPWNMLTKLHLGFFB09DA,正英段,57.46,都市：其他:第二種住宅區,100000,1947,持分移轉,05130000
RPOOMLOLLHLGFCB67DA,廣福段,21.48,都市：其他:農業區,100000,791,持分移轉,03360000
RPWOMLOLLHLGFCB48DA,廣福段,20.61,都市：其他:農業區,100000,759,持分移轉,03360000
RPSOMLQJLHLGFIB68DA,新高鐵段,16.05,都市：其他:商業區,100000,277,持分移轉,00570000
RPPOMLLMLHLGFJB28DA,振文段,11.32,都市：其他:住宅區,100000,3910,持分移轉,01130001
RPPOMLLMLHLGFJB28DA,振文段,.32,都市：其他:住宅區,26,1,持分移轉,01130002
RPPOMLLMLHLGFJB28DA,振文段,10.70,都市：其他:住宅區,26,1,持分移轉,01130003
RPPOMLLMLHLGFJB28DA,振文段,52.26,都市：其他:住宅區,1,1,全筆移轉,01130017
RPRNMLNJMHLGFFB97DA,市鎮北段,12.64,都市：其他:第四種商業區,10000,21,持分移轉,00450000
RPONNLLMLHLGFJB18DA,育賢段,18.08,都市：其他:住宅區,10000,17,持分移轉,01810000
RPSUNLLMLHLGFJB66DA,育賢段,19.14,都市：其他:住宅區,10000,18,持分移轉,01810000
RPUNMLLKKHLGFCB67DA,建功段,13.83,都市：其他:第五種住宅區,10000,18,持分移轉,00070001
RPVSMLTJLHLGFCB09DA,建功段,11.52,都市：其他:第五種住宅區,10000,15,持分移轉,00070001
RPWTMLTJLHLGFCB66DA,建功段,11.52,都市：其他:第五種住宅區,10000,15,持分移轉,00070001
RPTQMLLKLHLGFBB87DA,崇德段,18.18,都市：其他:第一種商業區,100000,753,持分移轉,03820000
RPTSMLTJLHLGFCB88DA,建功段,12.29,都市：其他:第五種住宅區,10000,16,持分移轉,00070001
RPXTMLTJLHLGFCB76DA,建功段,14.60,都市：其他:第五種住宅區,10000,19,持分移轉,00070001
RPWSMLTJLHLGFCB56DA,建功段,10.75,都市：其他:第五種住宅區,10000,14,持分移轉,00070001
RPWNMLRJMHLGFCB58DA,福德段,29.21,都市：其他:第二種住宅區,100000,1054,持分移轉,01110000
RPQOMLRKLHLGFIB68DA,大仁段,16.95,都市：其他:商業區,100000,1951,持分移轉,02030000
RPVOMLRKLHLGFIB56DA,大仁段,16.05,都市：其他:商業區,100000,1847,持分移轉,02030000
RPUNMLKLJIKGFBB47DA,邱厝子段,69.20,都市：其他:第二種住宅區,1,1,全筆移轉,00320108
RPUSMLTJLHLGFCB98DA,建功段,11.52,都市：其他:第五種住宅區,10000,15,持分移轉,00070001
RPXTMLKKLHLGFCB58DA,寶文段,22.81,都市：其他:第二種住宅區,100000,487,持分移轉,00350002
RPRPMLRKLHLGFIB88DA,大仁段,16.05,都市：其他:商業區,100000,1847,持分移轉,02030000
RPWOMLKKLHLGFCB97DA,福德段,8.01,都市：其他:第三種住宅區。,100000,915,持分移轉,00370000
RPWOMLKKLHLGFCB97DA,福德段,9.14,都市：其他:第二種住宅區,100000,915,持分移轉,00420000
RPTRNLNLLHLGFJB56DA,福平段,13.81,都市：其他:商業區,100000,582,持分移轉,08730000
RPOOMLMLJHLGFBB17DA,南興段,79.40,都市：其他:第一種住宅區,1,1,全筆移轉,01670029
RPOOMLMLJHLGFBB17DA,南興段,29.56,都市：其他:第一種住宅區,100000,9001,持分移轉,01670036
RPTNMLNLLHLGFJB68DA,福平段,13.34,都市：其他:商業區,100000,562,持分移轉,08730000
RPWOMLQLJHLGFCB48DA,生態段,23.38,都市：其他:第二種生態住宅專用區,10000,108,持分移轉,00660000
RPWOMLQLJHLGFCB48DA,生態段,10.65,都市：其他:第二種生態住宅專用區,10000,108,持分移轉,00670000
RPQQMLLKLHLGFBB57DA,崇德段,21.42,都市：其他:第一種商業區,100000,887,持分移轉,03820000
RPROMLRJLHLGFCB08DA,寶文段,38.74,都市：其他:第二種住宅區,100000,827,持分移轉,00350002
RPXPMLLKLHLGFBB18DA,崇德段,18.26,都市：其他:第一種商業區,100000,756,持分移轉,03820000
RPPOMLKKLHLGFIB87DA,大仁段,16.05,都市：其他:商業區,100000,1847,持分移轉,02030000
RPWOMLSJMHLGFBB68DA,榮德段,29.52,都市：其他:第一之一種住宅區,100000,548,持分移轉,01680000
RPWOMLSJMHLGFBB68DA,榮德段,8.20,都市：其他:第一之一種住宅區,100000,548,持分移轉,01770000
RPUOMLRKLHLGFIB09DA,大仁段,16.72,都市：其他:商業區,100000,1925,持分移轉,02030000
RPVNMLRKLHLGFIB09DA,大仁段,17.58,都市：其他:商業區,100000,2023,持分移轉,02030000
RPRPMLQLLHLGFBB18DA,崇德段,17.53,都市：其他:第一種商業區,100000,726,持分移轉,03820000
RPOOMLNLLHLGFJB28DA,福平段,13.31,都市：其他:商業區,100000,561,持分移轉,08730000
RPPQMLQLLHLGFBB08DA,崇德段,17.53,都市：其他:第一種商業區,100000,726,持分移轉,03820000
RPTOMLNLLHLGFJB78DA,福平段,13.86,都市：其他:商業區,100000,584,持分移轉,08730000
RPXNNLNLLHLGFJB56DA,福平段,13.86,都市：其他:商業區,100000,584,持分移轉,08730000
RPVTMLNLLHLGFJB86DA,福平段,13.86,都市：其他:商業區,100000,584,持分移轉,08730000
RPPPMLSJLHLGFCB08DA,寶文段,29.70,都市：其他:第二種住宅區,100000,634,持分移轉,00350002
RPWOMLQLLHLGFBB58DA,崇德段,18.18,都市：其他:第一種商業區,100000,753,持分移轉,03820000
RPXOMLNLLHLGFJB56DA,福平段,19.70,都市：其他:商業區,100000,830,持分移轉,08730000
RPVQMLNLLHLGFJB56DA,福平段,19.62,都市：其他:商業區,100000,827,持分移轉,08730000
RPXSMLRKLHLGFIB17DA,大仁段,16.05,都市：其他:商業區,100000,1847,持分移轉,02030000
RPSRMLLMLHLGFCB18DA,建功段,11.52,都市：其他:第五種住宅區,10000,15,持分移轉,00070001
RPTRMLLMLHLGFCB28DA,建功段,11.52,都市：其他:第五種住宅區,10000,15,持分移轉,00070001
RPQSMLLMLHLGFCB08DA,建功段,14.60,都市：其他:第五種住宅區,10000,19,持分移轉,00070001
RPRRMLLMLHLGFCB08DA,建功段,11.52,都市：其他:第五種住宅區,10000,15,持分移轉,00070001
RPTUMLNLLHLGFJB76DA,福平段,19.62,都市：其他:商業區,100000,827,持分移轉,08730000
RPRWMLNLLHLGFJB76DA,福平段,13.86,都市：其他:商業區,100000,584,持分移轉,08730000
RPSSMLLMLHLGFCB28DA,建功段,10.75,都市：其他:第五種住宅區,10000,14,持分移轉,00070001
RPUSMLLMLHLGFCB48DA,建功段,13.83,都市：其他:第五種住宅區,10000,18,持分移轉,00070001
RPOTMLKKLHLGFCB67DA,寶文段,29.27,都市：其他:第二種住宅區,100000,625,持分移轉,00350002
RPWSMLLMLHLGFCB68DA,建功段,13.83,都市：其他:第五種住宅區,10000,18,持分移轉,00070001
RPRSMLLMLHLGFCB18DA,建功段,14.60,都市：其他:第五種住宅區,10000,19,持分移轉,00070001
RPRUMLLMLHLGFCB38DA,建功段,19.97,都市：其他:第五種住宅區,10000,26,持分移轉,00070001
RPOUMLLMLHLGFCB08DA,建功段,11.52,都市：其他:第五種住宅區,10000,15,持分移轉,00070001
RPSPMLMJMHLGFCB87DA,建功段,11.52,都市：其他:第五種住宅區,10000,15,持分移轉,00070001
RPUOMLPJMHLGFKB09DA,龍崗段,25.80,都市：其他:第四種住宅區,100000,1151,持分移轉,00800000
RPTSMLOJMHLGFBB38DA,仁平段,22.08,都市：其他:第一之一種住宅區,100000,827,持分移轉,03580000
RPSQMLMKMHLGFKB88DA,龍崗段,25.80,都市：其他:第四種住宅區,100000,1151,持分移轉,00800000
RPTSMLOJMHLGFBB38DA,平田段,10.66,都市：其他:第二種住宅區,100000,827,持分移轉,09530000
RPWQMLNKMHLGFCB58DA,建功段,11.52,都市：其他:第五種住宅區,10000,15,持分移轉,00070001
RPPNMLQJMHLGFKB58DA,龍崗段,37.76,都市：其他:第四種住宅區,100000,1685,持分移轉,00800000
RPWNMLOKMHLGFCB38DA,福德段,9.42,都市：其他:第三種住宅區。,100000,1076,持分移轉,00370000
RPWNMLOKMHLGFCB38DA,福德段,10.74,都市：其他:第二種住宅區,100000,1076,持分移轉,00420000
RPQNMLLKLHLGFFB67DA,正英段,55.99,都市：其他:第二種住宅區,100000,1897,持分移轉,05130000
RPURMLLMLHLGFJB09DA,育賢段,19.14,都市：其他:住宅區,10000,18,持分移轉,01810000
RPOTMLLMLHLGFJB68DA,育賢段,19.14,都市：其他:住宅區,10000,18,持分移轉,01810000
RPWTMLLMLHLGFJB86DA,育賢段,18.08,都市：其他:住宅區,10000,17,持分移轉,01810000
RPQTMLLMLHLGFJB88DA,育賢段,19.14,都市：其他:住宅區,10000,18,持分移轉,01810000
RPRUMLLMLHLGFJB09DA,育賢段,19.14,都市：其他:住宅區,10000,18,持分移轉,01810000
RPWUMLLMLHLGFJB96DA,育賢段,19.14,都市：其他:住宅區,10000,18,持分移轉,01810000
RPQWMLLMLHLGFJB56DA,育賢段,19.14,都市：其他:住宅區,10000,18,持分移轉,01810000
RPOWMLLMLHLGFJB98DA,育賢段,19.14,都市：其他:住宅區,10000,18,持分移轉,01810000
RPRWMLLMLHLGFJB66DA,育賢段,19.14,都市：其他:住宅區,10000,18,持分移轉,01810000
RPVUNLLMLHLGFJB96DA,育賢段,19.14,都市：其他:住宅區,10000,18,持分移轉,01810000
RPXWMLLMLHLGFJB27DA,育賢段,19.14,都市：其他:住宅區,10000,18,持分移轉,01810000
RPPQNLLMLHLGFJB58DA,育賢段,18.08,都市：其他:住宅區,10000,17,持分移轉,01810000
RPSOMLMJMHLGFJB48DA,育賢段,26.58,都市：其他:住宅區,10000,25,持分移轉,01810000
RPQPMLMJMHLGFJB38DA,育賢段,26.58,都市：其他:住宅區,10000,25,持分移轉,01810000
RPSWNLLMLHLGFJB86DA,育賢段,19.14,都市：其他:住宅區,10000,18,持分移轉,01810000
RPSOMLKKMHLGFJB38DA,育賢段,26.58,都市：其他:住宅區,10000,25,持分移轉,01810000
RPSQMLMJMHLGFJB68DA,育賢段,26.58,都市：其他:住宅區,10000,25,持分移轉,01810000
RPTRMLMJMHLGFJB88DA,育賢段,26.58,都市：其他:住宅區,10000,25,持分移轉,01810000
RPTTMLMJMHLGFJB09DA,育賢段,26.58,都市：其他:住宅區,10000,25,持分移轉,01810000
RPXPMLKKMHLGFJB98DA,育賢段,26.58,都市：其他:住宅區,10000,25,持分移轉,01810000
RPVPMLKKMHLGFJB78DA,育賢段,26.58,都市：其他:住宅區,10000,25,持分移轉,01810000
RPVOMLKKMHLGFJB68DA,育賢段,26.58,都市：其他:住宅區,10000,25,持分移轉,01810000
RPTUMLLMLHLGFJB66DA,育賢段,12.76,都市：其他:住宅區,10000,12,持分移轉,01810000
RPQUMLLMLHLGFJB98DA,育賢段,26.58,都市：其他:住宅區,10000,25,持分移轉,01810000
RPVTMLLMLHLGFJB76DA,育賢段,19.14,都市：其他:住宅區,10000,18,持分移轉,01810000
RPVUMLLMLHLGFJB86DA,育賢段,19.14,都市：其他:住宅區,10000,18,持分移轉,01810000
RPQONLLMLHLGFJB48DA,育賢段,26.58,都市：其他:住宅區,10000,25,持分移轉,01810000
RPQVMLLMLHLGFJB09DA,育賢段,19.14,都市：其他:住宅區,10000,18,持分移轉,01810000
RPUWMLLMLHLGFJB96DA,育賢段,19.14,都市：其他:住宅區,10000,18,持分移轉,01810000
RPSPNLLMLHLGFJB78DA,育賢段,26.58,都市：其他:住宅區,10000,25,持分移轉,01810000
RPURNLLMLHLGFJB56DA,育賢段,12.76,都市：其他:住宅區,10000,12,持分移轉,01810000
RPUTNLLMLHLGFJB76DA,育賢段,26.58,都市：其他:住宅區,10000,25,持分移轉,01810000
RPXVNLLMLHLGFJB27DA,育賢段,26.58,都市：其他:住宅區,10000,25,持分移轉,01810000
RPUVNLLMLHLGFJB96DA,育賢段,26.58,都市：其他:住宅區,10000,25,持分移轉,01810000
RPSTNLLMLHLGFJB56DA,育賢段,19.14,都市：其他:住宅區,10000,18,持分移轉,01810000
RPPWNLLMLHLGFJB56DA,育賢段,18.08,都市：其他:住宅區,10000,17,持分移轉,01810000
RPVWNLLMLHLGFJB17DA,育賢段,19.14,都市：其他:住宅區,10000,18,持分移轉,01810000
RPXNMLLJMHLGFJB78DA,育賢段,26.58,都市：其他:住宅區,10000,25,持分移轉,01810000
RPQSMLMJMHLGFBB87DA,溝背段,14.66,都市：其他:第二之一種住宅區,100000,394,持分移轉,01430000
RPSRMLMJMHLGFBB97DA,溝背段,22.14,都市：其他:第二之一種住宅區,100000,595,持分移轉,01430000
RPPNMLOKMHLGFBB57DA,崇德段,18.18,都市：其他:第一種商業區,100000,753,持分移轉,03820000
RPRSMLMJMHLGFBB97DA,溝背段,14.66,都市：其他:第二之一種住宅區,100000,394,持分移轉,01430000
RPPOMLTJMHLGFCB18DA,豐業段,24.61,都市：其他:第二種住宅區,100000,994,持分移轉,01340000
RPTNMLMJMHLGFFB08DA,福田段,23.02,都市：其他:第四種住宅區,100000,1303,持分移轉,09620000
RPUNMLMJMHLGFFB18DA,福田段,28.05,都市：其他:第四種住宅區,100000,1588,持分移轉,09620000
RPUNMLMJMHLGFFB18DA,福田段,.43,都市：其他:第四種住宅區,100000,1588,持分移轉,09620001
RPTNMLMJMHLGFFB08DA,福田段,.35,都市：其他:第四種住宅區,100000,1303,持分移轉,09620001
RPVNMLMJMHLGFFB28DA,福田段,27.93,都市：其他:第四種住宅區,100000,1581,持分移轉,09620000
RPVNMLMJMHLGFFB28DA,福田段,.42,都市：其他:第四種住宅區,100000,1581,持分移轉,09620001
RPPOMLMJMHLGFFB77DA,福田段,23.02,都市：其他:第四種住宅區,100000,1303,持分移轉,09620000
RPPOMLMJMHLGFFB77DA,福田段,.35,都市：其他:第四種住宅區,100000,1303,持分移轉,09620001
RPWNMLMJMHLGFFB38DA,福田段,21.68,都市：其他:第四種住宅區,100000,1227,持分移轉,09620000
RPWNMLMJMHLGFFB38DA,福田段,.33,都市：其他:第四種住宅區,100000,1227,持分移轉,09620001
RPOOMLMJMHLGFFB67DA,福田段,23.02,都市：其他:第四種住宅區,100000,1303,持分移轉,09620000
RPOOMLMJMHLGFFB67DA,福田段,.35,都市：其他:第四種住宅區,100000,1303,持分移轉,09620001
RPQOMLMJMHLGFFB87DA,福田段,27.93,都市：其他:第四種住宅區,100000,1581,持分移轉,09620000
RPQOMLMJMHLGFFB87DA,福田段,.42,都市：其他:第四種住宅區,100000,1581,持分移轉,09620001
RPROMLMJMHLGFFB97DA,福田段,23.02,都市：其他:第四種住宅區,100000,1303,持分移轉,09620000
RPROMLMJMHLGFFB97DA,福田段,.35,都市：其他:第四種住宅區,100000,1303,持分移轉,09620001
RPTOMLMJMHLGFFB18DA,福田段,27.93,都市：其他:第四種住宅區,100000,1581,持分移轉,09620000
RPTOMLMJMHLGFFB18DA,福田段,.42,都市：其他:第四種住宅區,100000,1581,持分移轉,09620001
RPVOMLMJMHLGFFB38DA,福田段,23.02,都市：其他:第四種住宅區,100000,1303,持分移轉,09620000
RPVOMLMJMHLGFFB38DA,福田段,.35,都市：其他:第四種住宅區,100000,1303,持分移轉,09620001
RPXOMLMJMHLGFFB58DA,福田段,21.68,都市：其他:第四種住宅區,100000,1227,持分移轉,09620000
RPXOMLMJMHLGFFB58DA,福田段,.33,都市：其他:第四種住宅區,100000,1227,持分移轉,09620001
RPWOMLMJMHLGFFB48DA,福田段,23.05,都市：其他:第四種住宅區,100000,1305,持分移轉,09620000
RPWOMLMJMHLGFFB48DA,福田段,.35,都市：其他:第四種住宅區,100000,1305,持分移轉,09620001
RPTPMLMJMHLGFFB28DA,福田段,27.61,都市：其他:第四種住宅區,100000,1563,持分移轉,09620000
RPTPMLMJMHLGFFB28DA,福田段,.42,都市：其他:第四種住宅區,100000,1563,持分移轉,09620001
RPOPMLMJMHLGFFB77DA,福田段,28.12,都市：其他:第四種住宅區,100000,1592,持分移轉,09620000
RPOPMLMJMHLGFFB77DA,福田段,.43,都市：其他:第四種住宅區,100000,1592,持分移轉,09620001
RPPRMLLMLHLGFJB58DA,育賢段,12.76,都市：其他:住宅區,10000,12,持分移轉,01810000
RPVPMLMJMHLGFFB48DA,福田段,28.05,都市：其他:第四種住宅區,100000,1588,持分移轉,09620000
RPVPMLMJMHLGFFB48DA,福田段,.43,都市：其他:第四種住宅區,100000,1588,持分移轉,09620001
RPPNMLPLMHLGFJB58DA,育賢段,19.14,都市：其他:住宅區,10000,18,持分移轉,01810000
RPURMLMJMHLGFJB98DA,育賢段,26.58,都市：其他:住宅區,10000,25,持分移轉,01810000
RPTRNLKKMHLGFJB88DA,育賢段,26.58,都市：其他:住宅區,10000,25,持分移轉,01810000
RPQSMLKKMHLGFJB58DA,育賢段,26.58,都市：其他:住宅區,10000,25,持分移轉,01810000
RPQONLKKMHLGFJB28DA,育賢段,37.22,都市：其他:住宅區,10000,35,持分移轉,01810000
RPSRNLKKMHLGFJB78DA,育賢段,12.76,都市：其他:住宅區,10000,12,持分移轉,01810000
RPPNMLMKMHLGFJB18DA,育賢段,19.14,都市：其他:住宅區,10000,18,持分移轉,01810000
RPWNMLQKJHLGFFB58DA,正英段,45.45,都市：其他:第二種住宅區,100000,1540,持分移轉,05130000
RPPUMLLMLHLGFCB18DA,建功段,11.52,都市：其他:第五種住宅區,10000,15,持分移轉,00070001
RPOTMLLMLHLGFCB97DA,建功段,11.52,都市：其他:第五種住宅區,10000,15,持分移轉,00070001
RPURMLLLMHLGFCB38DA,建功段,13.83,都市：其他:第五種住宅區,10000,18,持分移轉,00070001
RPUNMLOKMHLGFBB08DA,崇德段,18.18,都市：其他:第一種商業區,100000,753,持分移轉,03820000
RPQVMLLMLHLGFCB38DA,建功段,11.52,都市：其他:第五種住宅區,10000,15,持分移轉,00070001
RPXSMLLMLHLGFCB78DA,建功段,11.52,都市：其他:第五種住宅區,10000,15,持分移轉,00070001
RPSNMLOKMHLGFBB87DA,崇德段,22.07,都市：其他:第一種商業區,100000,914,持分移轉,03820000
RPTRMLLLMHLGFCB28DA,建功段,11.52,都市：其他:第五種住宅區,10000,15,持分移轉,00070001
RPXUMLOJMHLGFBB98DA,仁平段,22.13,都市：其他:第一之一種住宅區,100000,829,持分移轉,03580000
RPXUMLOJMHLGFBB98DA,平田段,10.69,都市：其他:第二種住宅區,100000,829,持分移轉,09530000
RPXRMLLLMHLGFCB68DA,建功段,16.90,都市：其他:第五種住宅區,10000,22,持分移轉,00070001
RPOVMLLMLHLGFCB18DA,建功段,13.83,都市：其他:第五種住宅區,10000,18,持分移轉,00070001
RPXUMLLMLHLGFCB98DA,建功段,14.60,都市：其他:第五種住宅區,10000,19,持分移轉,00070001
RPTNMLQJMHLGFKB98DA,龍崗段,27.28,都市：其他:第四種住宅區,100000,1217,持分移轉,00800000
RPRTMLLLMHLGFCB28DA,建功段,13.06,都市：其他:第五種住宅區,10000,17,持分移轉,00070001
RPXQMLQJMHLGFKB07DA,龍崗段,25.80,都市：其他:第四種住宅區,100000,1151,持分移轉,00800000
RPTSMLLLMHLGFCB38DA,建功段,23.81,都市：其他:第五種住宅區,10000,31,持分移轉,00070001
RPXPMLKLMHLGFCB38DA,生態段,23.38,都市：其他:第二種生態住宅專用區,10000,108,持分移轉,00660000
RPRVMLLMLHLGFCB48DA,建功段,11.52,都市：其他:第五種住宅區,10000,15,持分移轉,00070001
RPXPMLKLMHLGFCB38DA,生態段,10.65,都市：其他:第二種生態住宅專用區,10000,108,持分移轉,00670000
RPUSMLLLMHLGFCB48DA,建功段,10.75,都市：其他:第五種住宅區,10000,14,持分移轉,00070001
RPQSMLLLMHLGFCB08DA,建功段,11.52,都市：其他:第五種住宅區,10000,15,持分移轉,00070001
RPVUMLLLMHLGFCB78DA,建功段,11.52,都市：其他:第五種住宅區,10000,15,持分移轉,00070001
RPUUMLLLMHLGFCB68DA,建功段,8.45,都市：其他:第五種住宅區,10000,11,持分移轉,00070001
RPVSMLLLMHLGFCB58DA,建功段,10.75,都市：其他:第五種住宅區,10000,14,持分移轉,00070001
RPQUMLLLMHLGFCB28DA,建功段,10.75,都市：其他:第五種住宅區,10000,14,持分移轉,00070001
RPOSMLLLMHLGFCB87DA,建功段,14.60,都市：其他:第五種住宅區,10000,19,持分移轉,00070001
RPXTMLLLMHLGFCB88DA,建功段,13.83,都市：其他:第五種住宅區,10000,18,持分移轉,00070001
RPWTMLLLMHLGFCB78DA,建功段,11.52,都市：其他:第五種住宅區,10000,15,持分移轉,00070001
RPXOMLMLMHLGFCB48DA,建功段,11.52,都市：其他:第五種住宅區,10000,15,持分移轉,00070001
RPOPMLMLMHLGFCB67DA,建功段,10.75,都市：其他:第五種住宅區,10000,14,持分移轉,00070001
RPUTMLLLMHLGFCB58DA,建功段,11.52,都市：其他:第五種住宅區,10000,15,持分移轉,00070001
RPUPMLMLMHLGFCB28DA,建功段,13.83,都市：其他:第五種住宅區,10000,18,持分移轉,00070001
RPSPMLMLMHLGFCB08DA,建功段,14.60,都市：其他:第五種住宅區,10000,19,持分移轉,00070001
RPRPMLMLMHLGFCB97DA,建功段,13.83,都市：其他:第五種住宅區,10000,18,持分移轉,00070001
RPVVMLLLMHLGFCB88DA,建功段,13.83,都市：其他:第五種住宅區,10000,18,持分移轉,00070001
RPSVMLLLMHLGFCB58DA,建功段,14.60,都市：其他:第五種住宅區,10000,19,持分移轉,00070001
RPPWMLLLMHLGFCB38DA,建功段,14.60,都市：其他:第五種住宅區,10000,19,持分移轉,00070001
RPPUMLLLMHLGFCB18DA,建功段,13.83,都市：其他:第五種住宅區,10000,18,持分移轉,00070001
RPRQMLMLMHLGFCB08DA,建功段,11.52,都市：其他:第五種住宅區,10000,15,持分移轉,00070001
RPUQMLMLMHLGFCB38DA,建功段,14.60,都市：其他:第五種住宅區,10000,19,持分移轉,00070001
RPSVMLLMLHLGFJB66DA,育賢段,19.14,都市：其他:住宅區,10000,18,持分移轉,01810000
RPPSNLLMLHLGFJB78DA,育賢段,19.14,都市：其他:住宅區,10000,18,持分移轉,01810000
RPSRMLMLMHLGFCB28DA,建功段,11.52,都市：其他:第五種住宅區,10000,15,持分移轉,00070001
RPWUMLLMLHLGFCB88DA,建功段,14.60,都市：其他:第五種住宅區,10000,19,持分移轉,00070001
RPSVNLLMLHLGFJB76DA,育賢段,19.14,都市：其他:住宅區,10000,18,持分移轉,01810000
RPQUMLLMLHLGFCB28DA,建功段,10.75,都市：其他:第五種住宅區,10000,14,持分移轉,00070001
RPWONLLMLHLGFJB09DA,育賢段,19.14,都市：其他:住宅區,10000,18,持分移轉,01810000
RPTSNLLMLHLGFJB56DA,育賢段,19.14,都市：其他:住宅區,10000,18,持分移轉,01810000
RPSQMLMLMHLGFCB18DA,建功段,14.60,都市：其他:第五種住宅區,10000,19,持分移轉,00070001
RPXWNLLMLHLGFJB37DA,育賢段,26.58,都市：其他:住宅區,10000,25,持分移轉,01810000
RPWQMLMJMHLGFJB09DA,育賢段,26.58,都市：其他:住宅區,10000,25,持分移轉,01810000
RPRRMLMLMHLGFCB18DA,建功段,11.52,都市：其他:第五種住宅區,10000,15,持分移轉,00070001
RPPRMLMLMHLGFCB97DA,建功段,10.75,都市：其他:第五種住宅區,10000,14,持分移轉,00070001
RPQRMLMLMHLGFCB08DA,建功段,11.52,都市：其他:第五種住宅區,10000,15,持分移轉,00070001
RPSNMLSLMHLGFAB28DA,五權段,.11,都市：其他:第二種住宅區,10000,1,持分移轉,05390000
RPSNMLSLMHLGFAB28DA,五權段,21.27,都市：其他:第二種住宅區,9000,200,持分移轉,06610000
RPSPMLQJNHLGFBB28DA,崇德段,22.07,都市：其他:第一種商業區,100000,914,持分移轉,03820000
RPUOMLMLMHLGFCB18DA,建功段,8.45,都市：其他:第五種住宅區,10000,11,持分移轉,00070001
RPPOMLOLKHLGFBB57DA,南興段,109.64,都市：其他:第一種住宅區,1,1,全筆移轉,01670028
RPSNMLRJNHLGFBB18DA,榮德段,29.63,都市：其他:第一之一種住宅區,100000,550,持分移轉,01680000
RPPOMLOLKHLGFBB57DA,南興段,13.90,都市：其他:第一種住宅區,100000,4234,持分移轉,01670036
RPSNMLRJNHLGFBB18DA,榮德段,8.23,都市：其他:第一之一種住宅區,100000,550,持分移轉,01770000
RPPPMLNLLHLGFJB48DA,福平段,19.62,都市：其他:商業區,100000,827,持分移轉,08730000
RPRSMLTLMHLGFCB98DA,建功段,14.60,都市：其他:第五種住宅區,10000,19,持分移轉,00070001
RPWWMLRLMHLGFCB07DA,建功段,13.83,都市：其他:第五種住宅區,10000,18,持分移轉,00070001
RPOOMLKMMHLGFCB47DA,建功段,11.52,都市：其他:第五種住宅區,10000,15,持分移轉,00070001
RPQOMLKMMHLGFCB67DA,建功段,13.83,都市：其他:第五種住宅區,10000,18,持分移轉,00070001
RPPSMLTLMHLGFCB78DA,建功段,11.52,都市：其他:第五種住宅區,10000,15,持分移轉,00070001
RPSOMLSKMHLGFKB66DA,龍崗段,21.92,都市：其他:第四種住宅區,100000,978,持分移轉,00800000
RPSNMLQJNHLGFCB18DA,建功段,13.83,都市：其他:第五種住宅區,10000,18,持分移轉,00070001
RPXWMLRLMHLGFCB17DA,建功段,11.52,都市：其他:第五種住宅區,10000,15,持分移轉,00070001
RPOSMLTLMHLGFCB68DA,建功段,11.52,都市：其他:第五種住宅區,10000,15,持分移轉,00070001
RPXRMLTLMHLGFCB86DA,建功段,13.83,都市：其他:第五種住宅區,10000,18,持分移轉,00070001
RPUOMLKMMHLGFCB08DA,建功段,19.20,都市：其他:第五種住宅區,10000,25,持分移轉,00070001
RPRNMLQJNHLGFCB08DA,建功段,11.52,都市：其他:第五種住宅區,10000,15,持分移轉,00070001
RPROMLQJNHLGFCB18DA,建功段,19.20,都市：其他:第五種住宅區,10000,25,持分移轉,00070001
RPVOMLQJNHLGFCB58DA,建功段,19.20,都市：其他:第五種住宅區,10000,25,持分移轉,00070001
RPORMLMLMHLGFCB87DA,建功段,19.97,都市：其他:第五種住宅區,10000,26,持分移轉,00070001
RPUOMLSKMHLGFKB86DA,龍崗段,37.20,都市：其他:第四種住宅區,100000,1660,持分移轉,00800000
RPTPMLSJNHLGFCB68DA,福德段,8.01,都市：其他:第三種住宅區。,100000,915,持分移轉,00370000
RPTPMLSJNHLGFCB68DA,福德段,9.14,都市：其他:第二種住宅區,100000,915,持分移轉,00420000
RPROMLLKNHLGFCB77DA,建功段,14.60,都市：其他:第五種住宅區,10000,19,持分移轉,00070001
RPOPMLQJNHLGFCB97DA,建功段,10.75,都市：其他:第五種住宅區,10000,14,持分移轉,00070001
RPQRMLOLLHLGFFB48DA,沙工北段,25.31,都市：其他:第四種住宅區,100000,615,持分移轉,15190000
RPVQMLMJMHLGFBB18DA,溝背段,14.66,都市：其他:第二之一種住宅區,100000,394,持分移轉,01430000
RPTRMLOLLHLGFFB78DA,沙工北段,25.31,都市：其他:第四種住宅區,100000,615,持分移轉,15190000
RPUOMLOLLHLGFFB58DA,沙工北段,25.31,都市：其他:第四種住宅區,100000,615,持分移轉,15190000
RPWRMLTLMHLGFCB76DA,建功段,10.75,都市：其他:第五種住宅區,10000,14,持分移轉,00070001
RPURMLOLLHLGFFB88DA,沙工北段,25.31,都市：其他:第四種住宅區,100000,615,持分移轉,15190000
RPXWMLOLLHLGFFB07DA,沙工北段,31.69,都市：其他:第四種住宅區,100000,770,持分移轉,15190000
RPVPNLOLLHLGFFB88DA,沙工北段,25.60,都市：其他:第四種住宅區,100000,622,持分移轉,15190000
RPOPNLOLLHLGFFB18DA,沙工北段,25.60,都市：其他:第四種住宅區,100000,622,持分移轉,15190000
RPQPNLOLLHLGFFB38DA,沙工北段,25.60,都市：其他:第四種住宅區,100000,622,持分移轉,15190000
RPWNNLLMLHLGFJB98DA,育賢段,19.14,都市：其他:住宅區,10000,18,持分移轉,01810000
RPPOMLNKNHLGFFB08DA,市鎮北段,17.46,都市：其他:第四種商業區,10000,29,持分移轉,00450000
RPUONLOLLHLGFFB68DA,沙工北段,25.60,都市：其他:第四種住宅區,100000,622,持分移轉,15190000
RPPTNLLMLHLGFJB88DA,育賢段,19.14,都市：其他:住宅區,10000,18,持分移轉,01810000
RPVRMLTLMHLGFCB66DA,建功段,14.60,都市：其他:第五種住宅區,10000,19,持分移轉,00070001
RPVRNLLMLHLGFJB66DA,育賢段,19.14,都市：其他:住宅區,10000,18,持分移轉,01810000
RPPUNLLMLHLGFJB98DA,育賢段,19.14,都市：其他:住宅區,10000,18,持分移轉,01810000
RPRRNLLMLHLGFJB88DA,育賢段,19.14,都市：其他:住宅區,10000,18,持分移轉,01810000
RPRNNLLMLHLGFJB48DA,育賢段,19.14,都市：其他:住宅區,10000,18,持分移轉,01810000
RPROMLQKMHLGFJB88DA,育賢段,37.22,都市：其他:住宅區,10000,35,持分移轉,01810000
RPOPMLSJNHLGFCB18DA,福德段,8.01,都市：其他:第三種住宅區。,100000,915,持分移轉,00370000
RPOPMLSJNHLGFCB18DA,福德段,9.14,都市：其他:第二種住宅區,100000,915,持分移轉,00420000
RPRSMLLLMHLGFCB18DA,建功段,11.52,都市：其他:第五種住宅區,10000,15,持分移轉,00070001
RPOQMLMJMHLGFBB47DA,溝背段,14.66,都市：其他:第二之一種住宅區,100000,394,持分移轉,01430000
RPPQMLMJMHLGFBB57DA,溝背段,14.66,都市：其他:第二之一種住宅區,100000,394,持分移轉,01430000
RPQOMLNKNHLGFCB87DA,惠泰段,16.41,都市：其他:第二種住宅區,100000,2400,持分移轉,00830000
RPXNMLMJMHLGFJB88DA,育賢段,26.58,都市：其他:住宅區,10000,25,持分移轉,01810000
RPPPMLMLMHLGFJB48DA,育賢段,19.14,都市：其他:住宅區,10000,18,持分移轉,01810000
RPOVMLMJMHLGFJB78DA,育賢段,26.58,都市：其他:住宅區,10000,25,持分移轉,01810000
RPXRNLKKMHLGFJB66DA,育賢段,26.58,都市：其他:住宅區,10000,25,持分移轉,01810000
RPQPMLOKNHLGFCB08DA,建功段,11.52,都市：其他:第五種住宅區,10000,15,持分移轉,00070001
RPPPMLQJNHLGFCB08DA,建功段,13.83,都市：其他:第五種住宅區,10000,18,持分移轉,00070001
RPRPMLOKNHLGFCB18DA,建功段,11.52,都市：其他:第五種住宅區,10000,15,持分移轉,00070001
RPUPMLPKNHLGFCB58DA,建功段,13.83,都市：其他:第五種住宅區,10000,18,持分移轉,00070001
RPTNMLQJNHLGFCB28DA,建功段,13.83,都市：其他:第五種住宅區,10000,18,持分移轉,00070001
RPTPMLPKNHLGFCB48DA,建功段,11.52,都市：其他:第五種住宅區,10000,15,持分移轉,00070001
RPORMLPKNHLGFCB18DA,建功段,11.52,都市：其他:第五種住宅區,10000,15,持分移轉,00070001
RPVOMLLJMHLGFJB68DA,育賢段,19.14,都市：其他:住宅區,10000,18,持分移轉,01810000
RPVNMLMKNHLGFFB48DA,福田段,28.55,都市：其他:第四種住宅區,100000,1616,持分移轉,09620000
RPVNMLMKNHLGFFB48DA,福田段,.43,都市：其他:第四種住宅區,100000,1616,持分移轉,09620001
RPTPNLOLLHLGFFB68DA,沙工北段,25.60,都市：其他:第四種住宅區,100000,622,持分移轉,15190000
RPSPMLPKNHLGFCB38DA,建功段,11.52,都市：其他:第五種住宅區,10000,15,持分移轉,00070001
RPPONLLMLHLGFJB38DA,育賢段,19.14,都市：其他:住宅區,10000,18,持分移轉,01810000
RPURMLOLLHLGFBB48DA,敦和段,41.63,都市：其他:第一之一種住宅區,100000,1078,持分移轉,00120000
RPWNMLMKNHLGFFB58DA,福田段,21.68,都市：其他:第四種住宅區,200000,2454,持分移轉,09620000
RPSQMLPKNHLGFCB48DA,建功段,12.29,都市：其他:第五種住宅區,10000,16,持分移轉,00070001
RPWNMLMKNHLGFFB58DA,福田段,.33,都市：其他:第四種住宅區,200000,2454,持分移轉,09620001
RPVUMLPKNHLGFDB66DA,大洲段,31.30,都市：其他:第一之一種住宅區,10000,118,持分移轉,04770000
RPVOMLPKNHLGFDB68DA,大洲段,31.30,都市：其他:第一之一種住宅區,10000,118,持分移轉,04770000
RPTPMLTKNHLGFDB98DA,大洲段,31.30,都市：其他:第一之一種住宅區,10000,118,持分移轉,04770000
RPPPMLKLNHLGFCB67DA,惠泰段,15.65,都市：其他:第二種住宅區,100000,2288,持分移轉,00830000
RPSUMLPKNHLGFDB98DA,大洲段,31.03,都市：其他:第一之一種住宅區,10000,117,持分移轉,04770000
RPUNMLLLNHLGFCB08DA,建功段,19.97,都市：其他:第五種住宅區,10000,26,持分移轉,00070001
RPWRMLKLNHLGFCB58DA,建功段,14.60,都市：其他:第五種住宅區,10000,19,持分移轉,00070001
RPTQMLPKNHLGFCB58DA,建功段,14.60,都市：其他:第五種住宅區,10000,19,持分移轉,00070001
RPQRMLPKNHLGFCB38DA,建功段,11.52,都市：其他:第五種住宅區,10000,15,持分移轉,00070001
RPTRMLPKNHLGFCB68DA,建功段,14.60,都市：其他:第五種住宅區,10000,19,持分移轉,00070001
RPWRMLNKNHLGFCB78DA,惠泰段,18.46,都市：其他:第二種住宅區,100000,2699,持分移轉,00830000
RPUQMLKLNHLGFCB28DA,建功段,13.83,都市：其他:第五種住宅區,10000,18,持分移轉,00070001
RPTQMLKLNHLGFCB18DA,建功段,11.52,都市：其他:第五種住宅區,10000,15,持分移轉,00070001
RPTNMLSKNHLGFCB58DA,建功段,9.22,都市：其他:第五種住宅區,10000,12,持分移轉,00070001
RPSRMLPKNHLGFCB58DA,建功段,14.60,都市：其他:第五種住宅區,10000,19,持分移轉,00070001
RPRRMLKLNHLGFCB08DA,建功段,10.75,都市：其他:第五種住宅區,10000,14,持分移轉,00070001
RPPRMLPKNHLGFCB28DA,建功段,11.52,都市：其他:第五種住宅區,10000,15,持分移轉,00070001
RPSQMLKLNHLGFCB08DA,建功段,11.52,都市：其他:第五種住宅區,10000,15,持分移轉,00070001
RPSRMLKLNHLGFCB18DA,建功段,13.83,都市：其他:第五種住宅區,10000,18,持分移轉,00070001
RPQRMLNKNHLGFCB18DA,惠泰段,16.05,都市：其他:第二種住宅區,100000,2347,持分移轉,00830000
RPXNMLLLNHLGFCB38DA,建功段,11.52,都市：其他:第五種住宅區,10000,15,持分移轉,00070001
RPXUMLPKNHLGFDB86DA,大洲段,31.03,都市：其他:第一之一種住宅區,10000,117,持分移轉,04770000
RPURMLKLNHLGFCB38DA,建功段,11.52,都市：其他:第五種住宅區,10000,15,持分移轉,00070001
RPSNMLSKNHLGFCB48DA,建功段,14.60,都市：其他:第五種住宅區,10000,19,持分移轉,00070001
RPRRMLPKNHLGFCB48DA,建功段,11.52,都市：其他:第五種住宅區,10000,15,持分移轉,00070001
RPVPMLOLLHLGFFB78DA,沙工北段,26.84,都市：其他:第四種住宅區,100000,652,持分移轉,15190000
RPWWMLOLLHLGFFB96DA,沙工北段,25.60,都市：其他:第四種住宅區,100000,622,持分移轉,15190000
RPPUMLLMLHLGFJB88DA,育賢段,19.14,都市：其他:住宅區,10000,18,持分移轉,01810000
RPTRNLLMLHLGFJB09DA,育賢段,19.14,都市：其他:住宅區,10000,18,持分移轉,01810000
RPOQNLOLLHLGFFB28DA,沙工北段,24.78,都市：其他:第四種住宅區,100000,602,持分移轉,15190000
RPWQMLOLLHLGFFB98DA,沙工北段,25.40,都市：其他:第四種住宅區,100000,617,持分移轉,15190000
RPRRMLMJMHLGFJB68DA,育賢段,26.58,都市：其他:住宅區,10000,25,持分移轉,01810000
RPQRMLMJMHLGFJB58DA,育賢段,19.14,都市：其他:住宅區,10000,18,持分移轉,01810000
RPVQMLPKNHLGFCB78DA,建功段,13.83,都市：其他:第五種住宅區,10000,18,持分移轉,00070001
RPQRNLLMLHLGFJB78DA,育賢段,19.14,都市：其他:住宅區,10000,18,持分移轉,01810000
RPSTMLMJMHLGFJB98DA,育賢段,19.14,都市：其他:住宅區,10000,18,持分移轉,01810000
RPQTMLKKMHLGFJB68DA,育賢段,26.58,都市：其他:住宅區,10000,25,持分移轉,01810000
RPVTMLKKMHLGFJB56DA,育賢段,19.14,都市：其他:住宅區,10000,18,持分移轉,01810000
RPTQMLKKMHLGFJB68DA,育賢段,26.58,都市：其他:住宅區,10000,25,持分移轉,01810000
RPVNMLQKNHLGFJB66DA,育賢段,19.14,都市：其他:住宅區,10000,18,持分移轉,01810000
RPSRNLOLLHLGFFB78DA,沙工北段,24.78,都市：其他:第四種住宅區,100000,602,持分移轉,15190000
RPPPMLOJKHLGFCB57DA,生態段,27.49,都市：其他:第二種生態住宅專用區,10000,127,持分移轉,00660000
RPPPMLOJKHLGFCB57DA,生態段,12.52,都市：其他:第二種生態住宅專用區,10000,127,持分移轉,00670000
RPPOMLQKJHLGFFB97DA,正英段,57.46,都市：其他:第二種住宅區,100000,1947,持分移轉,05130000
RPRPNLMJLHLGFCB77DA,生態段,27.49,都市：其他:第二種生態住宅專用區,10000,127,持分移轉,00660000
RPRPNLMJLHLGFCB77DA,生態段,12.52,都市：其他:第二種生態住宅專用區,10000,127,持分移轉,00670000
RPOPMLQKJHLGFFB97DA,正英段,55.99,都市：其他:第二種住宅區,100000,1897,持分移轉,05130000
RPTOMLQKMHLGFBB28DA,溝背段,14.66,都市：其他:第二之一種住宅區,100000,394,持分移轉,01430000
RPOOMLLLNHLGFCB57DA,建功段,13.83,都市：其他:第五種住宅區,10000,18,持分移轉,00070001
RPQOMLOLLHLGFFB18DA,沙工北段,25.31,都市：其他:第四種住宅區,100000,615,持分移轉,15190000
RPQRMLQKJHLGFFB38DA,正英段,55.99,都市：其他:第二種住宅區,100000,1897,持分移轉,05130000
RPWQMLQKJHLGFFB88DA,正英段,57.46,都市：其他:第二種住宅區,100000,1947,持分移轉,05130000
RPTSMLQKJHLGFFB78DA,正英段,57.46,都市：其他:第二種住宅區,100000,1947,持分移轉,05130000
RPURMLQKJHLGFFB78DA,正英段,55.99,都市：其他:第二種住宅區,100000,1897,持分移轉,05130000
RPUNMLPJLHLGFFB38DA,鹿峰東段,5.08,都市：其他:第四種住宅區,100000,1601,持分移轉,15330000
RPUNMLPJLHLGFFB38DA,鹿峰東段,5.08,都市：其他:第四種住宅區,100000,1601,持分移轉,15340000
RPTRMLQKJHLGFFB68DA,正英段,57.46,都市：其他:第二種住宅區,100000,1947,持分移轉,05130000
RPROMLNKLHLGFDB87DA,六張段,22.77,非都市：特定農業區 ; 非都市編定：水利用地,1,1,全筆移轉,01540003
RPROMLNKLHLGFDB87DA,六張段,.60,非都市：特定農業區 ; 非都市編定：水利用地,24,1,持分移轉,01540005
RPROMLNKLHLGFDB87DA,六張段,27.01,非都市：特定農業區 ; 非都市編定：甲種建築用地,24,1,持分移轉,02400000
RPROMLNKLHLGFDB87DA,六張段,57.49,非都市：特定農業區 ; 非都市編定：甲種建築用地,1,1,全筆移轉,02400003
RPROMLNKLHLGFDB87DA,六張段,.75,非都市：特定農業區 ; 非都市編定：甲種建築用地,24,1,持分移轉,02400031
RPQOMLPJLHLGFHB28DA,弘富段,28.47,都市：其他:第一之二種住宅區,100000,1153,持分移轉,00930000
RPPNMLQLKHLGFHB28DA,弘富段,28.47,都市：其他:第一之二種住宅區,100000,1153,持分移轉,00930000
RPQPMLKKLHLGFBB37DA,榮德段,29.52,都市：其他:第一之一種住宅區,100000,548,持分移轉,01680000
RPQPMLKKLHLGFBB37DA,榮德段,8.20,都市：其他:第一之一種住宅區,100000,548,持分移轉,01770000
RPOOMLPLKHLGFHB18DA,弘富段,28.47,都市：其他:第一之二種住宅區,100000,1153,持分移轉,00930000
RPRONLLMLHLGFJB58DA,育賢段,19.14,都市：其他:住宅區,10000,18,持分移轉,01810000
RPUNMLLKLHLGFGB18DA,中正段,53.34,都市：其他:農業區,1,1,全筆移轉,03350002
RPQQMLQKJHLGFFB28DA,正英段,55.99,都市：其他:第二種住宅區,100000,1897,持分移轉,05130000
RPUNMLLKLHLGFGB18DA,中正段,.72,都市：其他:農業區,11,1,持分移轉,03350005
RPUNMLLKLHLGFGB18DA,中正段,.37,都市：其他:農業區,11,1,持分移轉,03350006
RPUNMLLKLHLGFGB18DA,中正段,21.36,都市：其他:農業區,11,1,持分移轉,03350014
RPQPMLNLJHLGFBB57DA,文北段,22.67,都市：其他:第二之一種住宅區,100000,2010,持分移轉,01060000
RPROMLRKLHLGFIB78DA,大仁段,17.58,都市：其他:商業區,100000,2023,持分移轉,02030000
RPQWOLNJLHLGFBB48DA,東光段,13.95,都市：其他:第二種商業區,100000,1093,持分移轉,04130000
RPPPMLRKLHLGFIB68DA,大仁段,15.90,都市：其他:商業區,100000,1830,持分移轉,02030000
RPXOMLRKLHLGFIB76DA,大仁段,17.58,都市：其他:商業區,100000,2023,持分移轉,02030000
RPTOMLRKLHLGFIB98DA,大仁段,15.90,都市：其他:商業區,100000,1830,持分移轉,02030000
RPQPMLRKLHLGFIB78DA,大仁段,16.72,都市：其他:商業區,100000,1925,持分移轉,02030000
RPOOMLRKLHLGFIB48DA,大仁段,15.90,都市：其他:商業區,100000,1830,持分移轉,02030000
RPVPMLLMJHLGFIB68DA,新高鐵段,11.01,都市：其他:商業區,100000,190,持分移轉,00570000
RPOPNLTKLHLGFBB18DA,東山段,21.58,都市：其他:第二種住宅區,100000,1260,持分移轉,03150000
RPOPMLRKLHLGFIB58DA,大仁段,13.34,都市：其他:商業區,100000,1535,持分移轉,02030000
RPRRMLMJLHLGFCB87DA,豐業段,24.28,都市：其他:第二種住宅區,100000,981,持分移轉,01340000
RPSQMLOJLHLGFCB08DA,廣福段,30.52,都市：其他:農業區,100000,1124,持分移轉,03360000
RPSOMLLKLHLGFBB57DA,崇德段,17.53,都市：其他:第一種商業區,100000,726,持分移轉,03820000
RPOPMLLKLHLGFBB27DA,崇德段,22.07,都市：其他:第一種商業區,100000,914,持分移轉,03820000
RPUNMLLKLHLGFCB77DA,寶文段,23.84,都市：其他:第二種住宅區,100000,509,持分移轉,00350002
RPSQMLRKLHLGFIB09DA,大仁段,16.72,都市：其他:商業區,100000,1925,持分移轉,02030000
RPUQMLRKLHLGFIB66DA,大仁段,17.58,都市：其他:商業區,100000,2023,持分移轉,02030000
RPVPMLSJLHLGFCB68DA,寶文段,30.91,都市：其他:第二種住宅區,100000,660,持分移轉,00350002
RPTRMLSJLHLGFCB68DA,寶文段,30.91,都市：其他:第二種住宅區,100000,660,持分移轉,00350002
RPRNMLOLLHLGFFB18DA,槺榔段,72.00,都市：其他:第四種住宅區,1,1,全筆移轉,05700002
RPRNMLOLLHLGFFB18DA,槺榔段,6.00,都市：其他:第四種住宅區,1,1,全筆移轉,05700019
RPRNMLOLLHLGFFB18DA,槺榔段,26.25,都市：其他:第四種住宅區,16,2,持分移轉,05700020
RPRNMLOLLHLGFFB18DA,槺榔段,66.00,都市：其他:綠地用地,1,1,全筆移轉,05700033
RPRNMLOLLHLGFFB18DA,槺榔段,4.50,都市：其他:綠地用地,28,2,持分移轉,05700034
RPRNMLOLLHLGFFB18DA,槺榔段,.14,都市：其他:第四種住宅區,28,2,持分移轉,05700035
RPRNMLRLLHLGFEB38DA,致用段,26.01,都市：其他:住宅區,100000,2215,持分移轉,01130000
RPRRMLRKLHLGFIB09DA,大仁段,13.34,都市：其他:商業區,100000,1535,持分移轉,02030000
RPSRMLRKLHLGFIB56DA,大仁段,15.90,都市：其他:商業區,100000,1830,持分移轉,02030000
RPVQMLRKLHLGFIB76DA,大仁段,13.34,都市：其他:商業區,100000,1535,持分移轉,02030000
RPTOMLMJMHLGFCB87DA,福德段,25.14,都市：其他:第二種住宅區,100000,907,持分移轉,01110000
RPSNMLOLLHLGFFB28DA,槺榔段,66.00,都市：其他:綠地用地,1,1,全筆移轉,05700003
RPSNMLOLLHLGFFB28DA,槺榔段,77.00,都市：其他:第四種住宅區,1,1,全筆移轉,05700025
RPSNMLOLLHLGFFB28DA,槺榔段,6.00,都市：其他:第四種住宅區,1,1,全筆移轉,05700031
RPSNMLOLLHLGFFB28DA,槺榔段,28.67,都市：其他:第四種住宅區,6,1,持分移轉,05700032
RPSNMLOLLHLGFFB28DA,槺榔段,4.50,都市：其他:綠地用地,14,1,持分移轉,05700034
RPSNMLOLLHLGFFB28DA,槺榔段,.14,都市：其他:第四種住宅區,14,1,持分移轉,05700035
RPSSMLRKLHLGFIB66DA,大仁段,16.95,都市：其他:商業區,100000,1951,持分移轉,02030000
RPXRMLRKLHLGFIB07DA,大仁段,13.34,都市：其他:商業區,100000,1535,持分移轉,02030000
RPVSMLRKLHLGFIB96DA,大仁段,15.91,都市：其他:商業區,100000,1831,持分移轉,02030000
RPOSMLRKLHLGFIB88DA,大仁段,15.90,都市：其他:商業區,100000,1830,持分移轉,02030000
RPRRNLNLLHLGFJB98DA,福平段,13.86,都市：其他:商業區,100000,584,持分移轉,08730000
RPQPMLRJMHLGFCB18DA,福德段,32.09,都市：其他:第二種住宅區,100000,1158,持分移轉,01110000
RPWSMLRKLHLGFIB07DA,大仁段,16.72,都市：其他:商業區,100000,1925,持分移轉,02030000
RPRQMLLKLHLGFBB67DA,崇德段,18.26,都市：其他:第一種商業區,100000,756,持分移轉,03820000
RPRPMLKMLHLGFBB67DA,崇德段,17.53,都市：其他:第一種商業區,100000,726,持分移轉,03820000
RPTNMLRKLHLGFDB38DA,六張段,.60,非都市：特定農業區 ; 非都市編定：水利用地,48,2,持分移轉,01540005
RPUOMLQLLHLGFBB38DA,崇德段,18.18,都市：其他:第一種商業區,100000,753,持分移轉,03820000
RPTNMLRKLHLGFDB38DA,六張段,27.01,非都市：特定農業區 ; 非都市編定：甲種建築用地,48,2,持分移轉,02400000
RPTNMLRKLHLGFDB38DA,六張段,57.18,非都市：特定農業區 ; 非都市編定：甲種建築用地,1,1,全筆移轉,02400005
RPTNMLRKLHLGFDB38DA,六張段,.75,非都市：特定農業區 ; 非都市編定：甲種建築用地,48,2,持分移轉,02400031
RPPOMLRKLHLGFIB58DA,大仁段,16.72,都市：其他:商業區,100000,1925,持分移轉,02030000
RPVOMLQLLHLGFBB48DA,崇德段,18.18,都市：其他:第一種商業區,100000,753,持分移轉,03820000
RPVOMLRJMHLGFCB58DA,福德段,25.14,都市：其他:第二種住宅區,100000,907,持分移轉,01110000
RPSOMLRKLHLGFIB88DA,大仁段,13.34,都市：其他:商業區,100000,1535,持分移轉,02030000
RPUNMLRKLHLGFDB48DA,六張段,.60,非都市：特定農業區 ; 非都市編定：水利用地,24,1,持分移轉,01540005
RPUNMLRKLHLGFDB48DA,六張段,27.01,非都市：特定農業區 ; 非都市編定：甲種建築用地,24,1,持分移轉,02400000
RPUNMLRKLHLGFDB48DA,六張段,56.47,非都市：特定農業區 ; 非都市編定：甲種建築用地,1,1,全筆移轉,02400007
RPUNMLRKLHLGFDB48DA,六張段,.75,非都市：特定農業區 ; 非都市編定：甲種建築用地,24,1,持分移轉,02400031
RPXOMLQLLHLGFBB68DA,崇德段,18.26,都市：其他:第一種商業區,100000,756,持分移轉,03820000
RPQQMLRKLHLGFIB88DA,大仁段,15.90,都市：其他:商業區,100000,1830,持分移轉,02030000
RPTPMLRKLHLGFIB09DA,大仁段,13.34,都市：其他:商業區,100000,1535,持分移轉,02030000
RPXPMLQLLHLGFBB78DA,崇德段,22.07,都市：其他:第一種商業區,100000,914,持分移轉,03820000
RPOQMLQLLHLGFBB97DA,崇德段,22.07,都市：其他:第一種商業區,100000,914,持分移轉,03820000
RPSPMLRKLHLGFIB98DA,大仁段,16.95,都市：其他:商業區,100000,1951,持分移轉,02030000
RPVPMLRKLHLGFIB66DA,大仁段,16.72,都市：其他:商業區,100000,1925,持分移轉,02030000
RPSNMLPLKHLGFCB97DA,福德段,23.78,都市：其他:第二種住宅區,100000,858,持分移轉,01110000
RPOPMLRJMHLGFCB97DA,福德段,25.14,都市：其他:第二種住宅區,100000,907,持分移轉,01110000
RPTQMLRKLHLGFIB56DA,大仁段,16.95,都市：其他:商業區,100000,1951,持分移轉,02030000
RPXPMLRKLHLGFIB86DA,大仁段,16.95,都市：其他:商業區,100000,1951,持分移轉,02030000
RPOQMLRKLHLGFIB68DA,大仁段,17.58,都市：其他:商業區,100000,2023,持分移轉,02030000
RPPRMLRKLHLGFIB88DA,大仁段,16.95,都市：其他:商業區,100000,1951,持分移轉,02030000
RPQSMLRKLHLGFIB09DA,大仁段,16.05,都市：其他:商業區,100000,1847,持分移轉,02030000
RPUSMLRKLHLGFIB86DA,大仁段,13.34,都市：其他:商業區,100000,1535,持分移轉,02030000
RPURMLRKLHLGFIB76DA,大仁段,16.05,都市：其他:商業區,100000,1847,持分移轉,02030000
RPUPMLRKLHLGFIB56DA,大仁段,15.90,都市：其他:商業區,100000,1830,持分移轉,02030000
RPQTMLRKLHLGFIB56DA,大仁段,13.34,都市：其他:商業區,100000,1535,持分移轉,02030000
RPPTMLRKLHLGFIB09DA,大仁段,17.58,都市：其他:商業區,100000,2023,持分移轉,02030000
RPVRMLRKLHLGFIB86DA,大仁段,16.95,都市：其他:商業區,100000,1951,持分移轉,02030000
RPSWMLNLLHLGFJB86DA,福平段,19.62,都市：其他:商業區,100000,827,持分移轉,08730000
RPOUMLNLLHLGFJB88DA,福平段,18.34,都市：其他:商業區,100000,773,持分移轉,08730000
RPUQNLNLLHLGFJB56DA,福平段,13.86,都市：其他:商業區,100000,584,持分移轉,08730000
RPTOMLLMLHLGFCB97DA,協成段,95.35,都市：其他:農業區,1,1,全筆移轉,03120001
RPVOMLLMLHLGFCB18DA,協成段,77.18,都市：其他:農業區,1,1,全筆移轉,03120006
RPTOMLLMLHLGFCB97DA,協成段,21.47,都市：其他:農業區,28,2,持分移轉,03120015
RPVOMLLMLHLGFCB18DA,協成段,21.47,都市：其他:農業區,14,1,持分移轉,03120015
RPTQMLRLNHLGFCB88DA,建功段,19.97,都市：其他:第五種住宅區,10000,26,持分移轉,00070001
RPPOMLQJMHLGFKB68DA,龍崗段,25.80,都市：其他:第四種住宅區,100000,1151,持分移轉,00800000
RPOQMLMKMHLGFKB48DA,龍崗段,25.80,都市：其他:第四種住宅區,100000,1151,持分移轉,00800000
RPXPMLNLLHLGFJB66DA,福平段,13.31,都市：其他:商業區,100000,561,持分移轉,08730000
RPWPMLRKLHLGFIB76DA,大仁段,16.05,都市：其他:商業區,100000,1847,持分移轉,02030000
RPOPMLKKMHLGFIB97DA,仁美段,3.97,都市：其他:住宅區,100000,1030,持分移轉,12130000
RPPRMLMJMHLGFBB67DA,溝背段,14.66,都市：其他:第二之一種住宅區,100000,394,持分移轉,01430000
RPOPMLKKMHLGFIB97DA,仁美段,16.30,非都市：一般農業區 ; 非都市編定：甲種建築用地,100000,1530,持分移轉,13360000
RPPQMLRKLHLGFIB78DA,大仁段,13.34,都市：其他:商業區,100000,1535,持分移轉,02030000
RPPOMLRKLHLGFDB08DA,六張段,.60,非都市：特定農業區 ; 非都市編定：水利用地,24,1,持分移轉,01540005
RPPOMLRKLHLGFDB08DA,六張段,27.01,非都市：特定農業區 ; 非都市編定：甲種建築用地,24,1,持分移轉,02400000
RPPOMLRKLHLGFDB08DA,六張段,55.73,非都市：特定農業區 ; 非都市編定：甲種建築用地,1,1,全筆移轉,02400013
RPPOMLRKLHLGFDB08DA,六張段,.75,非都市：特定農業區 ; 非都市編定：甲種建築用地,24,1,持分移轉,02400031
RPQRMLRKLHLGFIB98DA,大仁段,17.58,都市：其他:商業區,100000,2023,持分移轉,02030000
RPPSMLRKLHLGFIB98DA,大仁段,16.72,都市：其他:商業區,100000,1925,持分移轉,02030000
RPPQMLRKMHLGFBB18DA,敦和段,136.41,都市：其他:第一種住宅區,1,1,全筆移轉,02950003
RPOTMLQJMHLGFKB09DA,龍崗段,37.79,都市：其他:第四種住宅區,100000,1686,持分移轉,00800000
RPPQMLRKMHLGFBB18DA,敦和段,23.64,都市：其他:第一種住宅區,8,1,持分移轉,02950008
RPTSMLRKLHLGFIB76DA,大仁段,17.58,都市：其他:商業區,100000,2023,持分移轉,02030000
RPWOMLRKLHLGFIB66DA,大仁段,16.95,都市：其他:商業區,100000,1951,持分移轉,02030000
RPTNMLOKMHLGFBB97DA,崇德段,17.53,都市：其他:第一種商業區,100000,726,持分移轉,03820000
RPOPMLSKMHLGFKB98DA,龍崗段,25.80,都市：其他:第四種住宅區,100000,1151,持分移轉,00800000
RPUNMLRKMHLGFKB66DA,龍崗段,25.80,都市：其他:第四種住宅區,100000,1151,持分移轉,00800000
RPRSMLOLLHLGFFB68DA,沙工北段,25.40,都市：其他:第四種住宅區,100000,617,持分移轉,15190000
RPOUMLOLLHLGFFB58DA,沙工北段,25.77,都市：其他:第四種住宅區,100000,626,持分移轉,15190000
RPVOMLQJNHLGFBB48DA,崇德段,18.26,都市：其他:第一種商業區,100000,756,持分移轉,03820000
RPOSNLOLLHLGFFB48DA,沙工北段,24.78,都市：其他:第四種住宅區,100000,602,持分移轉,15190000
RPOUNLOLLHLGFFB68DA,沙工北段,24.78,都市：其他:第四種住宅區,100000,602,持分移轉,15190000
RPPRNLMJMHLGFBB77DA,溝背段,14.66,都市：其他:第二之一種住宅區,100000,394,持分移轉,01430000
RPOOMLPKMHLGFFB08DA,沙工北段,24.24,都市：其他:第四種住宅區,100000,589,持分移轉,15190000
RPPQMLSKMHLGFKB56DA,龍崗段,37.76,都市：其他:第四種住宅區,100000,1685,持分移轉,00800000
RPWNMLPKNHLGFBB48DA,榮德段,29.52,都市：其他:第一之一種住宅區,100000,548,持分移轉,01680000
RPXOMLOLLHLGFFB88DA,沙工北段,25.31,都市：其他:第四種住宅區,100000,615,持分移轉,15190000
RPWVMLMJMHLGFBB78DA,溝背段,19.76,都市：其他:第二之一種住宅區,100000,531,持分移轉,01430000
RPWNMLPKNHLGFBB48DA,榮德段,8.20,都市：其他:第一之一種住宅區,100000,548,持分移轉,01770000
RPRRMLNKNHLGFCB28DA,惠泰段,15.65,都市：其他:第二種住宅區,100000,2288,持分移轉,00830000
RPXOMLLJMHLGFJB88DA,育賢段,16.33,都市：其他:住宅區,10000,19,持分移轉,02010000
RPXRMLNKNHLGFCB88DA,惠泰段,16.05,都市：其他:第二種住宅區,100000,2347,持分移轉,00830000
RPTSNLOLLHLGFFB98DA,沙工北段,24.78,都市：其他:第四種住宅區,100000,602,持分移轉,15190000
RPUONLNLLHLGFJB98DA,福平段,18.34,都市：其他:商業區,100000,773,持分移轉,08730000
RPRNMLNLNHLGFGB38DA,和興段,99.86,都市：其他:住宅區,1,1,全筆移轉,02560037
RPVRMLPKNHLGFDB98DA,大洲段,31.03,都市：其他:第一之一種住宅區,10000,117,持分移轉,04770000
RPUPMLMKNHLGFFB58DA,忠孝段,27.61,都市：其他:第四種住宅區,100000,1468,持分移轉,00620002
RPWOMLPLNHLGFCB78DA,福德段,9.43,都市：其他:第三種住宅區。,100000,1077,持分移轉,00370000
RPWOMLPLNHLGFCB78DA,福德段,10.75,都市：其他:第二種住宅區,100000,1077,持分移轉,00420000
RPSRNLMJMHLGFBB08DA,溝背段,22.14,都市：其他:第二之一種住宅區,100000,595,持分移轉,01430000
RPTRMLPKNHLGFDB78DA,大洲段,31.30,都市：其他:第一之一種住宅區,10000,118,持分移轉,04770000
RPUPNLMJMHLGFBB08DA,溝背段,22.14,都市：其他:第二之一種住宅區,100000,595,持分移轉,01430000
RPOPMLTKNHLGFFB68DA,忠孝段,27.63,都市：其他:第四種住宅區,100000,1469,持分移轉,00620002
RPUNNLMJMHLGFBB87DA,溝背段,14.66,都市：其他:第二之一種住宅區,100000,394,持分移轉,01430000
RPQPMLTKNHLGFFB88DA,忠孝段,27.61,都市：其他:第四種住宅區,100000,1468,持分移轉,00620002
RPWNMLOJNHLGFCB38DA,惠民段,11.49,都市：其他:第六種新市政中心專用區,100000,380,持分移轉,01150000
RPWTMLOLLHLGFFB66DA,沙工北段,25.77,都市：其他:第四種住宅區,100000,626,持分移轉,15190000
RPOOMLNLNHLGFFB08DA,忠孝段,27.63,都市：其他:第四種住宅區,100000,1469,持分移轉,00620002
RPQQMLOLLHLGFFB38DA,沙工北段,25.31,都市：其他:第四種住宅區,100000,615,持分移轉,15190000
RPQOMLKLNHLGFFB97DA,市鎮南段,11.66,都市：其他:第四種商業區,100000,52,持分移轉,00970000
RPQQNLOLLHLGFFB48DA,沙工北段,24.78,都市：其他:第四種住宅區,100000,602,持分移轉,15190000
RPOPMLKLNHLGFCB57DA,惠泰段,16.05,都市：其他:第二種住宅區,100000,2347,持分移轉,00830000
RPRWMLOLLHLGFFB09DA,沙工北段,31.69,都市：其他:第四種住宅區,100000,770,持分移轉,15190000
RPVNMLNJNHLGFEB38DA,文化段,31.60,都市：其他:住宅區,1000000,20583,持分移轉,02010000
RPPOMLRJNHLGFEB28DA,文化段,27.00,都市：其他:住宅區,1000000,17586,持分移轉,02010000
RPSPMLLJMHLGFCB77DA,協成段,80.73,都市：其他:農業區,1,1,全筆移轉,03120002
RPSPMLLJMHLGFCB77DA,協成段,21.47,都市：其他:農業區,28,2,持分移轉,03120015
RPUOMLRLNHLGFBB68DA,溝背段,14.66,都市：其他:第二之一種住宅區,200000,788,持分移轉,01430000
RPXPMLQKMHLGFBB78DA,溝背段,15.03,都市：其他:第二之一種住宅區,100000,404,持分移轉,01430000
RPPNNLOLLHLGFFB08DA,沙工北段,25.60,都市：其他:第四種住宅區,100000,622,持分移轉,15190000
RPPNMLPJLHLGFHB08DA,弘富段,31.48,都市：其他:第一之二種住宅區,100000,1275,持分移轉,00930000
RPRPMLNLJHLGFBB67DA,文北段,22.67,都市：其他:第二之一種住宅區,100000,2010,持分移轉,01060000
RPUTMLOLLHLGFFB09DA,沙工北段,25.77,都市：其他:第四種住宅區,100000,626,持分移轉,15190000
RPPQNLMJMHLGFBB67DA,溝背段,25.86,都市：其他:第二之一種住宅區,100000,695,持分移轉,01430000
RPRSMLNLLHLGFBB18DA,敦和段,35.84,都市：其他:第一之一種住宅區,100000,928,持分移轉,00120000
RPTNMLPLKHLGFCB08DA,福德段,33.12,都市：其他:第二種住宅區,100000,1195,持分移轉,01110000
RPUNMLOJLHLGFCB97DA,廣福段,29.33,都市：其他:農業區,100000,1080,持分移轉,03360000
RPVPMLMJLHLGFCB08DA,豐業段,26.64,都市：其他:第二種住宅區,100000,1076,持分移轉,01340000
RPPQMLMJLHLGFCB57DA,豐業段,26.54,都市：其他:第二種住宅區,100000,1072,持分移轉,01340000
RPOPNLMJMHLGFBB47DA,溝背段,25.86,都市：其他:第二之一種住宅區,100000,695,持分移轉,01430000
RPPOMLLKLHLGFCB37DA,福德段,25.14,都市：其他:第二種住宅區,100000,907,持分移轉,01110000
RPVNMLPKLHLGFFB58DA,銀聯段,26.48,都市：其他:第四種住宅區,100000,8856,持分移轉,15070003
RPQNMLPKLHLGFFB08DA,銀聯段,33.32,都市：其他:第四種住宅區,100000,11144,持分移轉,15070003
RPOOMLOJLHLGFFB77DA,鹿峰東段,4.43,都市：其他:第四種住宅區,100000,1398,持分移轉,15330000
RPOOMLOJLHLGFFB77DA,鹿峰東段,4.43,都市：其他:第四種住宅區,100000,1398,持分移轉,15340000
RPOUMLPJLHLGFBB08DA,東光段,10.87,都市：其他:第二種商業區,100000,852,持分移轉,04130000
RPXQMLKKLHLGFIB88DA,大仁段,16.05,都市：其他:商業區,100000,1847,持分移轉,02030000
RPSTMLOLLHLGFBB48DA,榮德段,35.23,都市：其他:第一之一種住宅區,100000,654,持分移轉,01680000
RPSTMLOLLHLGFBB48DA,榮德段,9.79,都市：其他:第一之一種住宅區,100000,654,持分移轉,01770000
RPXQNLNJLHLGFBB48DA,東山段,21.76,都市：其他:第二種住宅區,100000,1270,持分移轉,03150000
RPTQMLMJLHLGFCB97DA,豐業段,24.85,都市：其他:第二種住宅區,100000,1004,持分移轉,01340000
RPWPMLLKLHLGFBB08DA,崇德段,17.53,都市：其他:第一種商業區,100000,726,持分移轉,03820000
RPPPMLQLLHLGFBB97DA,崇德段,17.53,都市：其他:第一種商業區,100000,726,持分移轉,03820000
RPWQMLRKLHLGFIB86DA,大仁段,15.90,都市：其他:商業區,100000,1830,持分移轉,02030000
RPWSMLKKLHLGFCB38DA,寶文段,29.27,都市：其他:第二種住宅區,100000,625,持分移轉,00350002
RPWUNLMJLHLGFBB68DA,東光段,11.76,都市：其他:第二種商業區,100000,922,持分移轉,04130000
RPXQMLRKLHLGFIB96DA,大仁段,16.72,都市：其他:商業區,100000,1925,持分移轉,02030000
RPOVNLMJLHLGFBB97DA,東光段,11.68,都市：其他:第二種商業區,100000,915,持分移轉,04130000
RPWRMLRKLHLGFIB96DA,大仁段,17.58,都市：其他:商業區,100000,2023,持分移轉,02030000
RPORMLRKLHLGFIB78DA,大仁段,16.05,都市：其他:商業區,100000,1847,持分移轉,02030000
RPPOMLLJOHLGFCB57DA,福德段,9.43,都市：其他:第三種住宅區。,100000,1077,持分移轉,00370000
RPPOMLLJOHLGFCB57DA,福德段,10.75,都市：其他:第二種住宅區,100000,1077,持分移轉,00420000
RPOTMLRKLHLGFIB98DA,大仁段,16.95,都市：其他:商業區,100000,1951,持分移轉,02030000
RPRPMLLKLHLGFBB57DA,崇德段,18.26,都市：其他:第一種商業區,100000,756,持分移轉,03820000
RPROMLQJMHLGFKB88DA,龍崗段,27.28,都市：其他:第四種住宅區,100000,1217,持分移轉,00800000
RPVOMLLMLHLGFBB08DA,碧柳段,11.59,都市：其他:特定商業區,100000,121,持分移轉,00020000
RPVPNLNLLHLGFJB56DA,福平段,13.81,都市：其他:商業區,100000,582,持分移轉,08730000
RPWTMLKKJHLGFFB58DA,市鎮北段,17.46,都市：其他:第四種商業區,10000,29,持分移轉,00450000
RPSNMLKKKIKGFJB08DA,德興段,30.20,都市：其他:住宅區,10000,3176,持分移轉,06320000
RPSNMLKKKIKGFJB08DA,德興段,.38,都市：其他:住宅區,10000,760,持分移轉,06320015
RPSNMLKKKIKGFJB08DA,德興段,45.93,都市：其他:住宅區,1,1,全筆移轉,06320019
RPRNMLQJMHLGFKB78DA,龍崗段,37.76,都市：其他:第四種住宅區,100000,1685,持分移轉,00800000
RPQSMLQJMHLGFKB56DA,龍崗段,25.80,都市：其他:第四種住宅區,100000,1151,持分移轉,00800000
RPOUMLOJMHLGFBB08DA,仁平段,14.90,都市：其他:第一之一種住宅區,100000,558,持分移轉,03580000
RPOUMLOJMHLGFBB08DA,平田段,7.19,都市：其他:第二種住宅區,100000,558,持分移轉,09530000
RPTPMLKLLHLGFCB87DA,福德段,9.43,都市：其他:第三種住宅區。,100000,1077,持分移轉,00370000
RPTPMLKLLHLGFCB87DA,福德段,10.75,都市：其他:第二種住宅區,100000,1077,持分移轉,00420000
RPWPMLMJMHLGFBB18DA,溝背段,19.76,都市：其他:第二之一種住宅區,100000,531,持分移轉,01430000
RPQUMLMJMHLGFBB08DA,溝背段,15.03,都市：其他:第二之一種住宅區,100000,404,持分移轉,01430000
RPPUMLMJMHLGFBB97DA,溝背段,19.76,都市：其他:第二之一種住宅區,100000,531,持分移轉,01430000
RPWTMLMJMHLGFBB58DA,溝背段,15.03,都市：其他:第二之一種住宅區,100000,404,持分移轉,01430000
RPORMLMJMHLGFBB57DA,溝背段,25.86,都市：其他:第二之一種住宅區,100000,695,持分移轉,01430000
RPXUMLMJMHLGFBB78DA,溝背段,15.03,都市：其他:第二之一種住宅區,100000,404,持分移轉,01430000
RPUPMLKLLHLGFCB97DA,福德段,8.01,都市：其他:第三種住宅區。,100000,915,持分移轉,00370000
RPUPMLKLLHLGFCB97DA,福德段,9.14,都市：其他:第二種住宅區,100000,915,持分移轉,00420000
RPVNNLMJMHLGFBB97DA,溝背段,14.66,都市：其他:第二之一種住宅區,100000,394,持分移轉,01430000
RPQWMLMJMHLGFBB28DA,溝背段,22.14,都市：其他:第二之一種住宅區,100000,595,持分移轉,01430000
RPOONLMJMHLGFBB37DA,溝背段,15.03,都市：其他:第二之一種住宅區,100000,404,持分移轉,01430000
RPURNLMJMHLGFBB28DA,溝背段,14.66,都市：其他:第二之一種住宅區,100000,394,持分移轉,01430000
RPWRMLOJMHLGFBB58DA,仁平段,14.90,都市：其他:第一之一種住宅區,100000,558,持分移轉,03580000
RPWRMLOJMHLGFBB58DA,平田段,7.19,都市：其他:第二種住宅區,100000,558,持分移轉,09530000
RPRWMLOJMHLGFBB58DA,仁平段,20.02,都市：其他:第一之一種住宅區,100000,750,持分移轉,03580000
RPRWMLOJMHLGFBB58DA,平田段,9.67,都市：其他:第二種住宅區,100000,750,持分移轉,09530000
RPPVMLMJMHLGFBB08DA,溝背段,19.76,都市：其他:第二之一種住宅區,100000,531,持分移轉,01430000
RPOTMLOJMHLGFBB97DA,仁平段,22.08,都市：其他:第一之一種住宅區,100000,827,持分移轉,03580000
RPOTMLOJMHLGFBB97DA,平田段,10.66,都市：其他:第二種住宅區,100000,827,持分移轉,09530000
RPVRNLMJMHLGFBB38DA,溝背段,14.66,都市：其他:第二之一種住宅區,100000,394,持分移轉,01430000
RPUQMLMJMHLGFBB08DA,溝背段,25.86,都市：其他:第二之一種住宅區,100000,695,持分移轉,01430000
RPXTMLOJMHLGFBB88DA,仁平段,14.90,都市：其他:第一之一種住宅區,100000,558,持分移轉,03580000
RPXTMLOJMHLGFBB88DA,平田段,7.19,都市：其他:第二種住宅區,100000,558,持分移轉,09530000
RPROMLSLMHLGFCB48DA,福德段,25.14,都市：其他:第二種住宅區,100000,907,持分移轉,01110000
RPQOMLSLMHLGFCB38DA,福德段,41.04,都市：其他:第二種住宅區,100000,1481,持分移轉,01110000
RPRQMLSKMHLGFKB76DA,龍崗段,25.80,都市：其他:第四種住宅區,100000,1151,持分移轉,00800000
RPSUMLMJMHLGFBB28DA,溝背段,19.76,都市：其他:第二之一種住宅區,100000,531,持分移轉,01430000
RPRPMLQKMHLGFBB18DA,溝背段,25.86,都市：其他:第二之一種住宅區,100000,695,持分移轉,01430000
RPVOMLOLLHLGFFB68DA,沙工北段,25.31,都市：其他:第四種住宅區,100000,615,持分移轉,15190000
RPXPMLMJMHLGFBB28DA,溝背段,15.03,都市：其他:第二之一種住宅區,100000,404,持分移轉,01430000
RPUPMLQKMHLGFBB48DA,溝背段,19.76,都市：其他:第二之一種住宅區,100000,531,持分移轉,01430000
RPWOMLOLLHLGFFB78DA,沙工北段,25.31,都市：其他:第四種住宅區,100000,615,持分移轉,15190000
RPSRMLOLLHLGFFB68DA,沙工北段,25.31,都市：其他:第四種住宅區,100000,615,持分移轉,15190000
RPWONLMJMHLGFBB18DA,溝背段,19.76,都市：其他:第二之一種住宅區,100000,531,持分移轉,01430000
RPUSMLOLLHLGFFB98DA,沙工北段,25.40,都市：其他:第四種住宅區,100000,617,持分移轉,15190000
RPRRNLOLLHLGFFB68DA,沙工北段,19.26,都市：其他:第四種住宅區,100000,468,持分移轉,15190000
RPUTNLOLLHLGFFB56DA,沙工北段,24.78,都市：其他:第四種住宅區,100000,602,持分移轉,15190000
RPPPNLRLMHLGFCB38DA,福德段,9.42,都市：其他:第三種住宅區。,100000,1076,持分移轉,00370000
RPPPNLRLMHLGFCB38DA,福德段,10.74,都市：其他:第二種住宅區,100000,1076,持分移轉,00420000
RPQUMLOLLHLGFFB78DA,沙工北段,25.77,都市：其他:第四種住宅區,100000,626,持分移轉,15190000
RPOPMLNLLHLGFBB57DA,敦和段,25.60,都市：其他:第一之一種住宅區,100000,663,持分移轉,00120000
RPOUMLPKNHLGFDB58DA,大洲段,31.03,都市：其他:第一之一種住宅區,10000,117,持分移轉,04770000
RPTNMLKLNHLGFCB87DA,福德段,8.01,都市：其他:第三種住宅區。,100000,915,持分移轉,00370000
RPTNMLKLNHLGFCB87DA,福德段,9.14,都市：其他:第二種住宅區,100000,915,持分移轉,00420000
RPOSMLOLLHLGFBB97DA,敦和段,25.60,都市：其他:第一之一種住宅區,100000,663,持分移轉,00120000
RPOTNLMJMHLGFBB87DA,敦和段,41.55,都市：其他:第一之一種住宅區,100000,1076,持分移轉,00120000
RPXTMLPKNHLGFDB76DA,大洲段,31.30,都市：其他:第一之一種住宅區,10000,118,持分移轉,04770000
RPUQMLOLLHLGFFB78DA,沙工北段,25.31,都市：其他:第四種住宅區,100000,615,持分移轉,15190000
RPTWMLLMJHLGFIB56DA,新高鐵段,10.60,都市：其他:商業區,100000,183,持分移轉,00570000
RPPQMLSLMHLGFCB48DA,福德段,29.10,都市：其他:第二種住宅區,100000,1050,持分移轉,01110000
RPXSNLOLLHLGFFB76DA,沙工北段,18.89,都市：其他:第四種住宅區,100000,459,持分移轉,15190000
RPPVMLOLLHLGFFB78DA,沙工北段,24.24,都市：其他:第四種住宅區,100000,589,持分移轉,15190000
RPPONLOLLHLGFFB18DA,沙工北段,25.60,都市：其他:第四種住宅區,100000,622,持分移轉,15190000
RPUQMLMKNHLGFCB38DA,福德段,9.43,都市：其他:第三種住宅區。,100000,1077,持分移轉,00370000
RPUQMLMKNHLGFCB38DA,福德段,10.75,都市：其他:第二種住宅區,100000,1077,持分移轉,00420000
RPPOMLQLNHLGFJB88DA,愛平段,33.79,都市：其他:第一種住宅區,100000,1319,持分移轉,10500000
RPPPMLNLLHLGFBB67DA,敦和段,25.22,都市：其他:第一之一種住宅區,100000,653,持分移轉,00120000
RPSPMLNLJHLGFBB77DA,文北段,22.67,都市：其他:第二之一種住宅區,100000,2010,持分移轉,01060000
RPPOMLQKMHLGFBB87DA,溝背段,15.03,都市：其他:第二之一種住宅區,100000,404,持分移轉,01430000
RPWPMLSKMHLGFKB17DA,龍崗段,25.80,都市：其他:第四種住宅區,100000,1151,持分移轉,00800000
RPURMLNLLHLGFBB38DA,敦和段,35.84,都市：其他:第一之一種住宅區,100000,928,持分移轉,00120000
RPQPMLNLLHLGFBB77DA,敦和段,25.22,都市：其他:第一之一種住宅區,100000,653,持分移轉,00120000
RPUPMLNLLHLGFBB18DA,敦和段,41.55,都市：其他:第一之一種住宅區,100000,1076,持分移轉,00120000
RPUOMLOLLHLGFBB18DA,敦和段,25.60,都市：其他:第一之一種住宅區,100000,663,持分移轉,00120000
RPTNMLQLNHLGFJB56DA,愛平段,33.10,都市：其他:第一種住宅區,100000,1292,持分移轉,10500000
RPTQMLOJLHLGFCB18DA,廣福段,22.89,都市：其他:農業區,100000,843,持分移轉,03360000
RPTQMLMJMHLGFBB97DA,溝背段,14.66,都市：其他:第二之一種住宅區,100000,394,持分移轉,01430000
RPVOMLNLJHLGFBB97DA,文北段,20.77,都市：其他:第二之一種住宅區,100000,1841,持分移轉,01060000
RPPVMLLMJHLGFIB68DA,新高鐵段,11.01,都市：其他:商業區,100000,190,持分移轉,00570000
RPWNMLPLKHLGFCB38DA,福德段,25.14,都市：其他:第二種住宅區,100000,907,持分移轉,01110000
RPURMLKKLHLGFBB97DA,榮德段,29.68,都市：其他:第一之一種住宅區,100000,551,持分移轉,01680000
RPURMLKKLHLGFBB97DA,榮德段,8.25,都市：其他:第一之一種住宅區,100000,551,持分移轉,01770000
RPVNMLLKLHLGFGB28DA,中正段,.72,都市：其他:農業區,11,1,持分移轉,03350005
RPVNMLLKLHLGFGB28DA,中正段,.37,都市：其他:農業區,11,1,持分移轉,03350006
RPVNMLLKLHLGFGB28DA,中正段,53.31,都市：其他:農業區,1,1,全筆移轉,03350010
RPVNMLLKLHLGFGB28DA,中正段,21.36,都市：其他:農業區,11,1,持分移轉,03350014
RPWPNLPJLHLGFCB58DA,惠安段,6.08,都市：其他:第四之一種商業區,100000,75,持分移轉,02230000
RPVOMLNLLHLGFBB18DA,乾溝子段,16.55,都市：其他:第二種住宅區,100000,5222,持分移轉,01290006
RPOOMLPKLHLGFFB97DA,銀聯段,26.48,都市：其他:第四種住宅區,100000,8856,持分移轉,15070003
RPVOMLNLLHLGFBB18DA,乾溝子段,.21,都市：其他:第二種住宅區,100000,5222,持分移轉,01300013
RPPQMLSJLHLGFCB18DA,寶文段,30.91,都市：其他:第二種住宅區,100000,660,持分移轉,00350002
RPVUNLNJLHLGFBB68DA,東光段,14.00,都市：其他:第二種商業區,100000,1097,持分移轉,04130000
RPRUMLPKNHLGFDB88DA,大洲段,31.30,都市：其他:第一之一種住宅區,10000,118,持分移轉,04770000
RPUOMLKKLHLGFCB77DA,福德段,9.42,都市：其他:第三種住宅區。,100000,1076,持分移轉,00370000
RPUOMLKKLHLGFCB77DA,福德段,10.74,都市：其他:第二種住宅區,100000,1076,持分移轉,00420000
RPVNMLPKJHLGFJB78DA,德興段,36.38,都市：其他:住宅區,10000,3826,持分移轉,06320000
RPVNMLPKJHLGFJB78DA,德興段,.38,都市：其他:住宅區,10000,760,持分移轉,06320015
RPVNMLPKJHLGFJB78DA,德興段,55.32,都市：其他:住宅區,1,1,全筆移轉,06320022
RPPSMLKKLHLGFCB67DA,寶文段,29.27,都市：其他:第二種住宅區,100000,625,持分移轉,00350002
RPSPMLNJKHLGFCB77DA,生態段,27.49,都市：其他:第二種生態住宅專用區,10000,127,持分移轉,00660000
RPSPMLNJKHLGFCB77DA,生態段,12.52,都市：其他:第二種生態住宅專用區,10000,127,持分移轉,00670000
RPORMLMJLHLGFCB57DA,豐業段,24.61,都市：其他:第二種住宅區,100000,994,持分移轉,01340000
RPRNMLLLNHLGFFB08DA,沙工北段,19.26,都市：其他:第四種住宅區,100000,468,持分移轉,15190000
RPQQMLNJKHLGFCB67DA,生態段,27.49,都市：其他:第二種生態住宅專用區,10000,127,持分移轉,00660000
RPQQMLNJKHLGFCB67DA,生態段,12.52,都市：其他:第二種生態住宅專用區,10000,127,持分移轉,00670000
RPWPMLNJKHLGFCB18DA,生態段,27.49,都市：其他:第二種生態住宅專用區,10000,127,持分移轉,00660000
RPWPMLNJKHLGFCB18DA,生態段,12.52,都市：其他:第二種生態住宅專用區,10000,127,持分移轉,00670000
RPQOMLOLLHLGFCB87DA,廣福段,29.11,都市：其他:農業區,100000,1072,持分移轉,03360000
RPURMLKMLHLGFCB28DA,福德段,8.01,都市：其他:第三種住宅區。,100000,915,持分移轉,00370000
RPRRMLKLLHLGFCB87DA,福德段,9.43,都市：其他:第三種住宅區。,100000,1077,持分移轉,00370000
RPRRMLKLLHLGFCB87DA,福德段,10.75,都市：其他:第二種住宅區,100000,1077,持分移轉,00420000
RPUSMLKMLHLGFCB38DA,福德段,9.43,都市：其他:第三種住宅區。,100000,1077,持分移轉,00370000
RPURMLKMLHLGFCB28DA,福德段,9.14,都市：其他:第二種住宅區,100000,915,持分移轉,00420000
RPOSMLKMLHLGFCB77DA,福德段,9.43,都市：其他:第三種住宅區。,100000,1077,持分移轉,00370000
RPUSMLKMLHLGFCB38DA,福德段,10.75,都市：其他:第二種住宅區,100000,1077,持分移轉,00420000
RPOSMLKMLHLGFCB77DA,福德段,10.75,都市：其他:第二種住宅區,100000,1077,持分移轉,00420000
RPOOMLRJLHLGFCB77DA,寶文段,38.74,都市：其他:第二種住宅區,100000,827,持分移轉,00350002
RPVSMLKKLHLGFCB28DA,寶文段,29.27,都市：其他:第二種住宅區,100000,625,持分移轉,00350002
RPXTMLNLLHLGFJB07DA,福平段,13.86,都市：其他:商業區,100000,584,持分移轉,08730000
RPUQMLSJLHLGFCB68DA,寶文段,30.91,都市：其他:第二種住宅區,100000,660,持分移轉,00350002
RPWOMLNLLHLGFJB09DA,福平段,13.86,都市：其他:商業區,100000,584,持分移轉,08730000
RPTSMLQJMHLGFKB86DA,龍崗段,37.20,都市：其他:第四種住宅區,100000,1660,持分移轉,00800000
RPTQNLNLLHLGFJB09DA,福平段,18.34,都市：其他:商業區,100000,773,持分移轉,08730000
RPQVMLNLLHLGFJB56DA,福平段,13.31,都市：其他:商業區,100000,561,持分移轉,08730000
RPSRMLKMLHLGFCB08DA,福德段,9.43,都市：其他:第三種住宅區。,100000,1077,持分移轉,00370000
RPQOMLNLLHLGFJB48DA,福平段,13.86,都市：其他:商業區,100000,584,持分移轉,08730000
RPSRMLKMLHLGFCB08DA,福德段,10.75,都市：其他:第二種住宅區,100000,1077,持分移轉,00420000
RPQPMLMKMHLGFKB58DA,龍崗段,26.56,都市：其他:第四種住宅區,100000,1185,持分移轉,00800000
RPTVMLMJMHLGFBB48DA,溝背段,25.86,都市：其他:第二之一種住宅區,100000,695,持分移轉,01430000
RPXVMLMJMHLGFBB88DA,溝背段,14.66,都市：其他:第二之一種住宅區,100000,394,持分移轉,01430000
RPRRMLRKMHLGFBB48DA,仁平段,86.48,都市：其他:第一之一種住宅區,10000,487,持分移轉,00750000
RPVNMLQLMHLGFCB58DA,惠安段,29.16,都市：其他:第二種住宅區,10000,424,持分移轉,00910000
RPOWMLOJMHLGFBB28DA,仁平段,20.02,都市：其他:第一之一種住宅區,100000,750,持分移轉,03580000
RPOWMLOJMHLGFBB28DA,平田段,9.67,都市：其他:第二種住宅區,100000,750,持分移轉,09530000
RPORNLMJMHLGFBB67DA,溝背段,19.76,都市：其他:第二之一種住宅區,100000,531,持分移轉,01430000
RPTRNLMJMHLGFBB18DA,溝背段,19.76,都市：其他:第二之一種住宅區,100000,531,持分移轉,01430000
RPRRNLMJMHLGFBB97DA,溝背段,25.86,都市：其他:第二之一種住宅區,100000,695,持分移轉,01430000
RPUVMLLMJHLGFIB56DA,新高鐵段,11.01,都市：其他:商業區,100000,190,持分移轉,00570000
RPSOMLOLLHLGFFB38DA,沙工北段,25.31,都市：其他:第四種住宅區,100000,615,持分移轉,15190000
RPVTMLOJMHLGFBB68DA,仁平段,14.90,都市：其他:第一之一種住宅區,100000,558,持分移轉,03580000
RPVTMLOJMHLGFBB68DA,平田段,7.19,都市：其他:第二種住宅區,100000,558,持分移轉,09530000
RPSQMLOLLHLGFFB58DA,沙工北段,25.31,都市：其他:第四種住宅區,100000,615,持分移轉,15190000
RPOWMLNLLHLGFJB09DA,福平段,13.31,都市：其他:商業區,100000,561,持分移轉,08730000
RPQTNLOLLHLGFFB78DA,沙工北段,24.78,都市：其他:第四種住宅區,100000,602,持分移轉,15190000
RPRRMLOLLHLGFFB58DA,沙工北段,25.40,都市：其他:第四種住宅區,100000,617,持分移轉,15190000
RPTNMLOKMHLGFCB08DA,福德段,8.01,都市：其他:第三種住宅區。,100000,915,持分移轉,00370000
RPTNMLOKMHLGFCB08DA,福德段,9.14,都市：其他:第二種住宅區,100000,915,持分移轉,00420000
RPPPMLMKNHLGFHB28DA,豐興段,39.76,非都市：特定農業區 ; 非都市編定：甲種建築用地,25,1,持分移轉,04350005
RPPPMLMKNHLGFHB28DA,豐興段,57.41,非都市：特定農業區 ; 非都市編定：甲種建築用地,1,1,全筆移轉,04350017
RPSPNLMJMHLGFBB87DA,溝背段,14.66,都市：其他:第二之一種住宅區,100000,394,持分移轉,01430000
RPTNMLQLMHLGFCB38DA,惠安段,29.44,都市：其他:第二種住宅區,10000,428,持分移轉,00910000
RPSTNLOLLHLGFFB98DA,沙工北段,18.89,都市：其他:第四種住宅區,100000,459,持分移轉,15190000
RPWPMLPKNHLGFBB68DA,榮德段,29.52,都市：其他:第一之一種住宅區,100000,548,持分移轉,01680000
RPWPMLPKNHLGFBB68DA,榮德段,8.20,都市：其他:第一之一種住宅區,100000,548,持分移轉,01770000
RPRUMLNLLHLGFBB38DA,敦和段,25.60,都市：其他:第一之一種住宅區,100000,663,持分移轉,00120000
RPUUMLNLLHLGFBB68DA,敦和段,25.60,都市：其他:第一之一種住宅區,100000,663,持分移轉,00120000
RPVSMLNLLHLGFBB58DA,敦和段,25.60,都市：其他:第一之一種住宅區,100000,663,持分移轉,00120000
RPSQNLMJMHLGFBB97DA,溝背段,14.66,都市：其他:第二之一種住宅區,100000,394,持分移轉,01430000
RPXPMLOLLHLGFBB58DA,敦和段,41.75,都市：其他:第一之一種住宅區,100000,1081,持分移轉,00120000
RPXOMLPKNHLGFDB88DA,大洲段,31.03,都市：其他:第一之一種住宅區,10000,117,持分移轉,04770000
RPTSMLOLLHLGFBB48DA,敦和段,41.55,都市：其他:第一之一種住宅區,100000,1076,持分移轉,00120000
RPSTMLPKNHLGFDB88DA,大洲段,31.30,都市：其他:第一之一種住宅區,10000,118,持分移轉,04770000
RPRONLOLLHLGFFB38DA,沙工北段,19.55,都市：其他:第四種住宅區,100000,475,持分移轉,15190000
RPPOMLLMLHLGFFB87DA,沙工北段,24.24,都市：其他:第四種住宅區,100000,589,持分移轉,15190000
RPXQMLNKNHLGFCB78DA,惠泰段,15.65,都市：其他:第二種住宅區,100000,2288,持分移轉,00830000
RPTQMLNLLHLGFBB18DA,敦和段,35.84,都市：其他:第一之一種住宅區,100000,928,持分移轉,00120000
RPWSMLNLLHLGFBB68DA,敦和段,35.84,都市：其他:第一之一種住宅區,100000,928,持分移轉,00120000
RPRNMLRKMHLGFBB08DA,溝背段,19.76,都市：其他:第二之一種住宅區,100000,531,持分移轉,01430000
RPXNNLMJMHLGFBB18DA,溝背段,22.14,都市：其他:第二之一種住宅區,100000,595,持分移轉,01430000
RPORMLNLLHLGFBB77DA,敦和段,41.55,都市：其他:第一之一種住宅區,100000,1076,持分移轉,00120000
SPSPMLRKMHLGFBB48DA,溝背段,19.76,都市：其他:第二之一種住宅區,100000,531,持分移轉,01430000
RPUSMLMJMHLGFBB28DA,溝背段,25.86,都市：其他:第二之一種住宅區,100000,695,持分移轉,01430000
RPROMLLJOHLGFCB77DA,福德段,9.43,都市：其他:第三種住宅區。,100000,1077,持分移轉,00370000
RPPOMLOJLHLGFCB57DA,廣福段,33.97,都市：其他:農業區,100000,1251,持分移轉,03360000
RPROMLLJOHLGFCB77DA,福德段,10.75,都市：其他:第二種住宅區,100000,1077,持分移轉,00420000
RPWOMLQLNHLGFJB96DA,愛平段,33.18,都市：其他:第一種住宅區,100000,1295,持分移轉,10500000
RPSQMLOJNHLGFCB28DA,惠民段,9.41,都市：其他:第六種新市政中心專用區,100000,311,持分移轉,01150000
RPQOMLLJOHLGFCB67DA,福德段,9.42,都市：其他:第三種住宅區。,100000,1076,持分移轉,00370000
RPQOMLLJOHLGFCB67DA,福德段,10.74,都市：其他:第二種住宅區,100000,1076,持分移轉,00420000
RPSOMLLJOHLGFCB87DA,福德段,5.89,都市：其他:第三種住宅區。,100000,673,持分移轉,00370000
RPSQMLKKLHLGFBB67DA,榮德段,29.52,都市：其他:第一之一種住宅區,100000,548,持分移轉,01680000
RPSOMLLJOHLGFCB87DA,福德段,6.72,都市：其他:第二種住宅區,100000,673,持分移轉,00420000
RPSQMLKKLHLGFBB67DA,榮德段,8.20,都市：其他:第一之一種住宅區,100000,548,持分移轉,01770000
RPTOMLMKLHLGFBB77DA,乾溝子段,15.71,都市：其他:第二種住宅區,100000,4957,持分移轉,01290006
RPQNMLNLKHLGFCB57DA,福德段,25.14,都市：其他:第二種住宅區,100000,907,持分移轉,01110000
RPTOMLMKLHLGFBB77DA,乾溝子段,.20,都市：其他:第二種住宅區,100000,4957,持分移轉,01300013
RPPWMLNLLHLGFJB56DA,福平段,13.86,都市：其他:商業區,100000,584,持分移轉,08730000
RPQOMLOLKHLGFHB28DA,弘富段,28.49,都市：其他:第一之二種住宅區,100000,1154,持分移轉,00930000
RPXOMLLKLHLGFCB18DA,福德段,29.21,都市：其他:第二種住宅區,100000,1054,持分移轉,01110000
RPVNMLQJLHLGFCB28DA,福德段,25.14,都市：其他:第二種住宅區,100000,907,持分移轉,01110000
RPWPMLSJLHLGFCB78DA,寶文段,30.91,都市：其他:第二種住宅區,100000,660,持分移轉,00350002
RPVOMLOLLHLGFCB38DA,廣福段,20.61,都市：其他:農業區,100000,759,持分移轉,03360000
RPWSMLNLLHLGFJB86DA,福平段,13.31,都市：其他:商業區,100000,561,持分移轉,08730000
RPVSMLKMLHLGFCB48DA,福德段,5.89,都市：其他:第三種住宅區。,100000,673,持分移轉,00370000
RPVSMLKMLHLGFCB48DA,福德段,6.72,都市：其他:第二種住宅區,100000,673,持分移轉,00420000
RPXVMLLMJHLGFIB86DA,新高鐵段,11.01,都市：其他:商業區,100000,190,持分移轉,00570000
RPQNMLOKMHLGFCB77DA,福德段,5.89,都市：其他:第三種住宅區。,100000,673,持分移轉,00370000
RPQNMLOKMHLGFCB77DA,福德段,6.72,都市：其他:第二種住宅區,100000,673,持分移轉,00420000
RPQRMLNKMHLGFCB08DA,廣福段,21.53,都市：其他:農業區,100000,793,持分移轉,03360000
RPRNNLNLLHLGFJB58DA,福平段,13.31,都市：其他:商業區,100000,561,持分移轉,08730000
RPTQMLSJLHLGFCB58DA,寶文段,30.91,都市：其他:第二種住宅區,100000,660,持分移轉,00350002
RPTVMLNLLHLGFJB86DA,福平段,13.86,都市：其他:商業區,100000,584,持分移轉,08730000
RPXUNLMJLHLGFBB78DA,東光段,9.97,都市：其他:第二種商業區,100000,781,持分移轉,04130000
RPOVNLNJLHLGFBB08DA,東光段,13.59,都市：其他:第二種商業區,100000,1065,持分移轉,04130000
RPTNNLOJMHLGFBB97DA,仁平段,20.05,都市：其他:第一之一種住宅區,100000,751,持分移轉,03580000
RPTNNLOJMHLGFBB97DA,平田段,9.68,都市：其他:第二種住宅區,100000,751,持分移轉,09530000
RPSRMLOJMHLGFBB18DA,平田段,.49,都市：其他:第二種住宅區,100000,558,持分移轉,03580000
RPSRMLOJMHLGFBB18DA,仁平段,14.90,都市：其他:第一之一種住宅區,100000,558,持分移轉,03580000
RPRPMLSKLHLGFIB98DA,仁美段,4.14,都市：其他:住宅區,100000,1074,持分移轉,12130000
RPRPMLSKLHLGFIB98DA,仁美段,16.98,非都市：一般農業區 ; 非都市編定：甲種建築用地,100000,1594,持分移轉,13360000
RPQUMLNLLHLGFJB09DA,福平段,13.81,都市：其他:商業區,100000,582,持分移轉,08730000
RPVNMLOKMHLGFCB28DA,福德段,5.89,都市：其他:第三種住宅區。,100000,673,持分移轉,00370000
RPVNMLOKMHLGFCB28DA,福德段,6.72,都市：其他:第二種住宅區,100000,673,持分移轉,00420000
RPVNMLLLMHLGFFB38DA,市鎮北段,13.84,都市：其他:第四種商業區,10000,43,持分移轉,00130001
RPXSMLMJMHLGFBB58DA,溝背段,19.76,都市：其他:第二之一種住宅區,100000,531,持分移轉,01430000
RPSPMLLKLHLGFBB67DA,崇德段,17.53,都市：其他:第一種商業區,100000,726,持分移轉,03820000
RPRONLLMJHLGFIB28DA,新高鐵段,10.60,都市：其他:商業區,100000,183,持分移轉,00570000
RPTQMLLMJHLGFIB58DA,新高鐵段,16.05,都市：其他:商業區,100000,277,持分移轉,00570000
RPSNMLMLMHLGFJB58DA,福平段,13.31,都市：其他:商業區,100000,561,持分移轉,08730000
RPUQMLSKMHLGFKB07DA,龍崗段,27.28,都市：其他:第四種住宅區,100000,1217,持分移轉,00800000
RPRQMLSJNHLGFCB58DA,福德段,8.01,都市：其他:第三種住宅區。,100000,915,持分移轉,00370000
RPRQMLSJNHLGFCB58DA,福德段,9.14,都市：其他:第二種住宅區,100000,915,持分移轉,00420000
RPSNMLKMLHLGFEB87DA,中山段,29.46,都市：其他:住宅區,100000,4130,持分移轉,01160000
RPXOMLRKMHLGFBB78DA,溝背段,25.86,都市：其他:第二之一種住宅區,100000,695,持分移轉,01430000
RPROMLQKMHLGFBB08DA,溝背段,15.03,都市：其他:第二之一種住宅區,100000,404,持分移轉,01430000
RPQPNLRLMHLGFCB48DA,福德段,5.89,都市：其他:第三種住宅區。,100000,673,持分移轉,00370000
RPQPNLRLMHLGFCB48DA,福德段,6.72,都市：其他:第二種住宅區,100000,673,持分移轉,00420000
RPVONLOLLHLGFFB78DA,沙工北段,19.55,都市：其他:第四種住宅區,100000,475,持分移轉,15190000
RPPSMLOLLHLGFFB48DA,沙工北段,25.40,都市：其他:第四種住宅區,100000,617,持分移轉,15190000
RPRPNLRLMHLGFCB58DA,福德段,9.42,都市：其他:第三種住宅區。,100000,1076,持分移轉,00370000
RPRPNLRLMHLGFCB58DA,福德段,10.74,都市：其他:第二種住宅區,100000,1076,持分移轉,00420000
RPUVMLOLLHLGFFB66DA,沙工北段,24.24,都市：其他:第四種住宅區,100000,589,持分移轉,15190000
RPPTNLOLLHLGFFB68DA,沙工北段,18.89,都市：其他:第四種住宅區,100000,459,持分移轉,15190000
RPSSMLMJMHLGFBB08DA,溝背段,19.76,都市：其他:第二之一種住宅區,100000,531,持分移轉,01430000
RPSVMLOLLHLGFFB09DA,沙工北段,24.24,都市：其他:第四種住宅區,100000,589,持分移轉,15190000
RPRPMLNLLHLGFBB87DA,敦和段,21.97,都市：其他:第一之一種住宅區,100000,569,持分移轉,00120000
RPWONLOLLHLGFFB88DA,沙工北段,25.60,都市：其他:第四種住宅區,100000,622,持分移轉,15190000
RPSPMLNLLHLGFBB97DA,敦和段,35.61,都市：其他:第一之一種住宅區,100000,922,持分移轉,00120000
RPTPMLNLLHLGFBB08DA,敦和段,28.54,都市：其他:第一之一種住宅區,100000,739,持分移轉,00120000
RPVRNLOLLHLGFFB09DA,沙工北段,19.26,都市：其他:第四種住宅區,100000,468,持分移轉,15190000
RPWQMLNLLHLGFBB48DA,敦和段,25.60,都市：其他:第一之一種住宅區,100000,663,持分移轉,00120000
RPPQMLNLLHLGFBB77DA,敦和段,25.60,都市：其他:第一之一種住宅區,100000,663,持分移轉,00120000
RPPNNLMJMHLGFBB37DA,溝背段,22.14,都市：其他:第二之一種住宅區,100000,595,持分移轉,01430000
RPONNLMJMHLGFBB27DA,溝背段,25.86,都市：其他:第二之一種住宅區,100000,695,持分移轉,01430000
RPSSMLNLLHLGFBB28DA,敦和段,35.68,都市：其他:第一之一種住宅區,100000,924,持分移轉,00120000
RPTSMLNLLHLGFBB38DA,敦和段,25.60,都市：其他:第一之一種住宅區,100000,663,持分移轉,00120000
RPSRMLNLLHLGFBB18DA,敦和段,25.60,都市：其他:第一之一種住宅區,100000,663,持分移轉,00120000
RPVRMLNLLHLGFBB48DA,敦和段,35.68,都市：其他:第一之一種住宅區,100000,924,持分移轉,00120000
RPXUMLNLLHLGFBB98DA,敦和段,25.60,都市：其他:第一之一種住宅區,100000,663,持分移轉,00120000
RPVTMLNLLHLGFBB68DA,敦和段,25.60,都市：其他:第一之一種住宅區,100000,663,持分移轉,00120000
RPQUMLNLLHLGFBB28DA,敦和段,35.68,都市：其他:第一之一種住宅區,100000,924,持分移轉,00120000
RPSSMLOLLHLGFBB38DA,敦和段,41.75,都市：其他:第一之一種住宅區,100000,1081,持分移轉,00120000
RPVPMLOLLHLGFBB38DA,敦和段,25.60,都市：其他:第一之一種住宅區,100000,663,持分移轉,00120000
RPRQMLOLLHLGFBB08DA,敦和段,25.60,都市：其他:第一之一種住宅區,100000,663,持分移轉,00120000
RPWQMLOLLHLGFBB58DA,敦和段,25.60,都市：其他:第一之一種住宅區,100000,663,持分移轉,00120000
RPPSMLNLLHLGFBB97DA,敦和段,41.55,都市：其他:第一之一種住宅區,100000,1076,持分移轉,00120000
RPSOMLKMLHLGFBB67DA,敦和段,41.44,都市：其他:第一之一種住宅區,100000,1073,持分移轉,00120000
RPPVMLOLLHLGFBB38DA,敦和段,25.60,都市：其他:第一之一種住宅區,100000,663,持分移轉,00120000
RPQSMLNLLHLGFBB08DA,敦和段,25.60,都市：其他:第一之一種住宅區,100000,663,持分移轉,00120000
RPQNMLRJNHLGFFB38DA,市鎮北段,13.84,都市：其他:第四種商業區,10000,43,持分移轉,00130001
RPOSMLNLLHLGFBB87DA,敦和段,41.55,都市：其他:第一之一種住宅區,100000,1076,持分移轉,00120000
RPUTMLOLLHLGFBB68DA,敦和段,35.68,都市：其他:第一之一種住宅區,100000,924,持分移轉,00120000
RPPOMLSJNHLGFIB78DA,新高鐵段,16.05,都市：其他:商業區,100000,277,持分移轉,00570000
RPVVMLOLLHLGFFB76DA,沙工北段,31.69,都市：其他:第四種住宅區,100000,770,持分移轉,15190000
RPQWMLOLLHLGFFB98DA,沙工北段,31.69,都市：其他:第四種住宅區,100000,770,持分移轉,15190000
RPSWMLOLLHLGFFB56DA,沙工北段,31.69,都市：其他:第四種住宅區,100000,770,持分移轉,15190000
RPQQMLNLLHLGFBB87DA,敦和段,41.44,都市：其他:第一之一種住宅區,100000,1073,持分移轉,00120000
RPOOMLLJOHLGFCB47DA,福德段,9.42,都市：其他:第三種住宅區。,100000,1076,持分移轉,00370000
RPOUMLNLLHLGFBB08DA,敦和段,25.60,都市：其他:第一之一種住宅區,100000,663,持分移轉,00120000
RPOOMLLJOHLGFCB47DA,福德段,10.74,都市：其他:第二種住宅區,100000,1076,持分移轉,00420000
RPXPNLMJMHLGFBB38DA,溝背段,14.66,都市：其他:第二之一種住宅區,100000,394,持分移轉,01430000
RPSQMLNLLHLGFBB08DA,敦和段,25.60,都市：其他:第一之一種住宅區,100000,663,持分移轉,00120000
RPUNMLNJLHLGFCB87DA,生態段,27.49,都市：其他:第二種生態住宅專用區,10000,127,持分移轉,00660000
RPUNMLNJLHLGFCB87DA,生態段,12.52,都市：其他:第二種生態住宅專用區,10000,127,持分移轉,00670000
RPPNMLKKLHLGFBB17EA,文北段,20.93,都市：其他:第二之一種住宅區,100000,1855,持分移轉,01060000
RPRRMLSJLHLGFCB48DA,廣福段,21.53,都市：其他:農業區,100000,793,持分移轉,03360000
RPPPMLNLJHLGFBB47DA,文北段,22.67,都市：其他:第二之一種住宅區,100000,2010,持分移轉,01060000
RPSQMLNLKHLGFIB68DA,仁美段,5.80,都市：其他:住宅區,100000,1503,持分移轉,12130000
RPSQMLNLKHLGFIB68DA,仁美段,23.77,非都市：一般農業區 ; 非都市編定：甲種建築用地,100000,2231,持分移轉,13360000
RPOPMLNLJHLGFBB37DA,文北段,15.42,都市：其他:第二之一種住宅區,100000,1367,持分移轉,01060000
RPSNMLNJLHLGFCB67DA,生態段,27.49,都市：其他:第二種生態住宅專用區,10000,127,持分移轉,00660000
RPSNMLNJLHLGFCB67DA,生態段,12.52,都市：其他:第二種生態住宅專用區,10000,127,持分移轉,00670000
RPTOMLKKLHLGFCB67DA,福德段,5.89,都市：其他:第三種住宅區。,100000,673,持分移轉,00370000
RPTOMLKKLHLGFCB67DA,福德段,6.72,都市：其他:第二種住宅區,100000,673,持分移轉,00420000
RPVOMLKKLHLGFCB87DA,福德段,9.42,都市：其他:第三種住宅區。,100000,1076,持分移轉,00370000
RPVOMLKKLHLGFCB87DA,福德段,10.74,都市：其他:第二種住宅區,100000,1076,持分移轉,00420000
RPTPMLOJNHLGFCB28DA,惠民段,9.41,都市：其他:第六種新市政中心專用區,100000,311,持分移轉,01150000
RPORMLKKLHLGFCB47DA,福德段,8.01,都市：其他:第三種住宅區。,100000,915,持分移轉,00370000
RPQPMLKKLHLGFCB47DA,福德段,5.89,都市：其他:第三種住宅區。,100000,673,持分移轉,00370000
RPORMLKKLHLGFCB47DA,福德段,9.14,都市：其他:第二種住宅區,100000,915,持分移轉,00420000
RPQPMLKKLHLGFCB47DA,福德段,6.72,都市：其他:第二種住宅區,100000,673,持分移轉,00420000
RPSPMLKKLHLGFBB57DA,榮德段,29.52,都市：其他:第一之一種住宅區,100000,548,持分移轉,01680000
RPSPMLKKLHLGFBB57DA,榮德段,8.20,都市：其他:第一之一種住宅區,100000,548,持分移轉,01770000
RPTPMLKKLHLGFCB77DA,福德段,5.89,都市：其他:第三種住宅區。,100000,673,持分移轉,00370000
RPTPMLKKLHLGFCB77DA,福德段,6.72,都市：其他:第二種住宅區,100000,673,持分移轉,00420000
RPSOMLMKLHLGFBB67DA,乾溝子段,12.23,都市：其他:第二種住宅區,100000,3858,持分移轉,01290006
RPXNMLKKLHLGFCB97DA,福德段,8.01,都市：其他:第三種住宅區。,100000,915,持分移轉,00370000
RPPNMLPJLHLGFCB57DA,豐業段,27.26,都市：其他:第二種住宅區,100000,1101,持分移轉,01340000
RPOOMLKKLHLGFCB17DA,福德段,9.42,都市：其他:第三種住宅區。,100000,1076,持分移轉,00370000
RPSOMLMKLHLGFBB67DA,乾溝子段,.15,都市：其他:第二種住宅區,100000,3858,持分移轉,01300013
RPXNMLKKLHLGFCB97DA,福德段,9.14,都市：其他:第二種住宅區,100000,915,持分移轉,00420000
RPOOMLKKLHLGFCB17DA,福德段,10.74,都市：其他:第二種住宅區,100000,1076,持分移轉,00420000
RPQNMLPLKHLGFCB77DA,福德段,32.23,都市：其他:第二種住宅區,100000,1163,持分移轉,01110000
RPUNMLQJLHLGFFB48DA,市鎮北段,12.23,都市：其他:第四種商業區,10000,38,持分移轉,00130001
RPROMLMKLHLGFBB57DA,乾溝子段,12.23,都市：其他:第二種住宅區,100000,3858,持分移轉,01290006
RPROMLMKLHLGFBB57DA,乾溝子段,.15,都市：其他:第二種住宅區,100000,3858,持分移轉,01300013
RPOPMLKKLHLGFCB27DA,福德段,5.89,都市：其他:第三種住宅區。,100000,673,持分移轉,00370000
RPQNMLTJLHLGFHB58DA,弘富段,30.94,都市：其他:第一之二種住宅區,100000,1253,持分移轉,00930000
RPOPMLKKLHLGFCB27DA,福德段,6.72,都市：其他:第二種住宅區,100000,673,持分移轉,00420000
RPPPMLMKJHLGFBB27DA,文北段,22.67,都市：其他:第二之一種住宅區,100000,2010,持分移轉,01060000
RPSUNLMJLHLGFBB28DA,東光段,10.17,都市：其他:第二種商業區,100000,797,持分移轉,04130000
RPTUNLNJLHLGFBB48DA,東光段,9.86,都市：其他:第二種商業區,100000,773,持分移轉,04130000
RPRNMLNKLHLGFCB67DA,生態段,23.38,都市：其他:第二種生態住宅專用區,10000,108,持分移轉,00660000
RPRNMLNKLHLGFCB67DA,生態段,10.65,都市：其他:第二種生態住宅專用區,10000,108,持分移轉,00670000
RPXUMLLMJHLGFIB76DA,新高鐵段,18.37,都市：其他:商業區,100000,317,持分移轉,00570000
RPQNPLNJLHLGFBB67DA,東光段,10.87,都市：其他:第二種商業區,100000,852,持分移轉,04130000
RPXOPLNJLHLGFBB48DA,東光段,10.17,都市：其他:第二種商業區,100000,797,持分移轉,04130000
RPPPPLNJLHLGFBB77DA,東光段,9.86,都市：其他:第二種商業區,100000,773,持分移轉,04130000
RPVVNLNJLHLGFBB78DA,東光段,10.87,都市：其他:第二種商業區,100000,852,持分移轉,04130000
RPTNOLNJLHLGFBB87DA,東光段,9.72,都市：其他:第二種商業區,100000,762,持分移轉,04130000
RPOPPLNJLHLGFBB67DA,東光段,9.72,都市：其他:第二種商業區,100000,762,持分移轉,04130000
RPVOMLPJLHLGFBB18DA,東光段,13.07,都市：其他:第二種商業區,100000,1024,持分移轉,04130000
RPQPPLNJLHLGFBB87DA,東光段,14.00,都市：其他:第二種商業區,100000,1097,持分移轉,04130000
RPXPMLPJLHLGFBB48DA,東光段,9.72,都市：其他:第二種商業區,100000,762,持分移轉,04130000
RPTPMLPJLHLGFBB08DA,東光段,10.87,都市：其他:第二種商業區,100000,852,持分移轉,04130000
RPRQMLPJLHLGFBB97DA,東光段,10.87,都市：其他:第二種商業區,100000,852,持分移轉,04130000
RPPRNLNJLHLGFBB77DA,東光段,9.72,都市：其他:第二種商業區,100000,762,持分移轉,04130000
RPURMLPJLHLGFBB38DA,東光段,10.87,都市：其他:第二種商業區,100000,852,持分移轉,04130000
RPSQMLPJLHLGFBB08DA,東光段,12.99,都市：其他:第二種商業區,100000,1018,持分移轉,04130000
RPWRMLPJLHLGFBB58DA,東光段,10.17,都市：其他:第二種商業區,100000,797,持分移轉,04130000
RPXRMLPJLHLGFBB68DA,東光段,9.72,都市：其他:第二種商業區,100000,762,持分移轉,04130000
RPSSMLPJLHLGFBB28DA,東光段,10.87,都市：其他:第二種商業區,100000,852,持分移轉,04130000
RPPSMLPJLHLGFBB97DA,東光段,9.86,都市：其他:第二種商業區,100000,773,持分移轉,04130000
RPWSMLPJLHLGFBB68DA,東光段,9.72,都市：其他:第二種商業區,100000,762,持分移轉,04130000
RPVSMLPJLHLGFBB58DA,東光段,10.17,都市：其他:第二種商業區,100000,797,持分移轉,04130000
RPXSMLQJLHLGFIB96DA,新高鐵段,11.01,都市：其他:商業區,100000,190,持分移轉,00570000
RPQQMLLMJHLGFIB28DA,新高鐵段,11.01,都市：其他:商業區,100000,190,持分移轉,00570000
RPOTMLPJLHLGFBB97DA,東光段,13.98,都市：其他:第二種商業區,100000,1096,持分移轉,04130000
RPVOMLRKLHLGFBB48DA,東光段,9.86,都市：其他:第二種商業區,100000,773,持分移轉,04130000
RPQTMLPJLHLGFBB18DA,東光段,10.87,都市：其他:第二種商業區,100000,852,持分移轉,04130000
RPWTMLPJLHLGFBB78DA,東光段,13.98,都市：其他:第二種商業區,100000,1096,持分移轉,04130000
RPQOMLLKLHLGFBB37DA,崇德段,17.53,都市：其他:第一種商業區,100000,726,持分移轉,03820000
RPXPMLKLLHLGFCB28DA,福德段,5.89,都市：其他:第三種住宅區。,100000,673,持分移轉,00370000
RPQOOLNJLHLGFBB67DA,東光段,10.17,都市：其他:第二種商業區,100000,797,持分移轉,04130000
RPQRMLKKJHLGFFB77DA,市鎮北段,9.63,都市：其他:第四種商業區,10000,16,持分移轉,00450000
RPXPMLKLLHLGFCB28DA,福德段,6.72,都市：其他:第二種住宅區,100000,673,持分移轉,00420000
RPUOMLLKLHLGFBB77DA,崇德段,18.26,都市：其他:第一種商業區,100000,756,持分移轉,03820000
RPTTMLPJLHLGFBB48DA,東光段,10.17,都市：其他:第二種商業區,100000,797,持分移轉,04130000
RPUTMLPJLHLGFBB58DA,東光段,9.72,都市：其他:第二種商業區,100000,762,持分移轉,04130000
RPXOMLLKLHLGFBB08DA,崇德段,17.53,都市：其他:第一種商業區,100000,726,持分移轉,03820000
RPPPMLLKLHLGFBB37DA,崇德段,17.53,都市：其他:第一種商業區,100000,726,持分移轉,03820000
RPOQMLLKLHLGFBB37DA,崇德段,17.53,都市：其他:第一種商業區,100000,726,持分移轉,03820000
RPSPMLKLLHLGFCB77DA,福德段,5.89,都市：其他:第三種住宅區。,100000,673,持分移轉,00370000
RPPQMLLKLHLGFBB47DA,崇德段,22.07,都市：其他:第一種商業區,100000,914,持分移轉,03820000
RPSPMLKLLHLGFCB77DA,福德段,6.72,都市：其他:第二種住宅區,100000,673,持分移轉,00420000
RPOPMLKLLHLGFCB37DA,福德段,5.89,都市：其他:第三種住宅區。,100000,673,持分移轉,00370000
RPUPMLLKLHLGFBB87DA,崇德段,22.07,都市：其他:第一種商業區,100000,914,持分移轉,03820000
RPOPMLKLLHLGFCB37DA,福德段,6.72,都市：其他:第二種住宅區,100000,673,持分移轉,00420000
RPWQMLLKLHLGFBB18DA,崇德段,17.53,都市：其他:第一種商業區,100000,726,持分移轉,03820000
RPSQMLLKLHLGFBB77DA,崇德段,17.53,都市：其他:第一種商業區,100000,726,持分移轉,03820000
RPVOMLLKLHLGFBB87DA,崇德段,17.53,都市：其他:第一種商業區,100000,726,持分移轉,03820000
RPOQMLKKLHLGFBB27DA,榮德段,29.63,都市：其他:第一之一種住宅區,100000,550,持分移轉,01680000
RPOQMLKKLHLGFBB27DA,榮德段,8.23,都市：其他:第一之一種住宅區,100000,550,持分移轉,01770000
RPOSMLLKLHLGFBB57DA,崇德段,17.53,都市：其他:第一種商業區,100000,726,持分移轉,03820000
RPQSMLLKLHLGFBB77DA,崇德段,17.53,都市：其他:第一種商業區,100000,726,持分移轉,03820000
RPXNMLOLLHLGFBB38DA,榮德段,35.23,都市：其他:第一之一種住宅區,100000,654,持分移轉,01680000
RPWNMLOLLHLGFBB28DA,榮德段,29.52,都市：其他:第一之一種住宅區,100000,548,持分移轉,01680000
RPRSMLLKLHLGFBB87DA,崇德段,17.53,都市：其他:第一種商業區,100000,726,持分移轉,03820000
RPXNMLOLLHLGFBB38DA,榮德段,9.79,都市：其他:第一之一種住宅區,100000,654,持分移轉,01770000
RPWNMLOLLHLGFBB28DA,榮德段,8.20,都市：其他:第一之一種住宅區,100000,548,持分移轉,01770000
RPSOMLOLKHLGFIB58DA,仁美段,3.97,都市：其他:住宅區,100000,1030,持分移轉,12130000
RPSOMLOLKHLGFIB58DA,仁美段,16.30,非都市：一般農業區 ; 非都市編定：甲種建築用地,100000,1530,持分移轉,13360000
RPXRMLLKLHLGFBB38DA,崇德段,17.53,都市：其他:第一種商業區,100000,726,持分移轉,03820000
RPOUMLTJLHLGFCB58DA,寶文段,30.91,都市：其他:第二種住宅區,100000,660,持分移轉,00350002
RPVOMLKKLHLGFIB48DA,仁美段,5.82,都市：其他:住宅區,100000,1508,持分移轉,12130000
RPVOMLKKLHLGFIB48DA,仁美段,23.85,非都市：一般農業區 ; 非都市編定：甲種建築用地,100000,2238,持分移轉,13360000
RPSPMLOLLHLGFCB18DA,廣福段,21.53,都市：其他:農業區,100000,793,持分移轉,03360000
RPSOMLOLLHLGFCB08DA,廣福段,21.45,都市：其他:農業區,100000,790,持分移轉,03360000
RPUPMLMJKHLGFBB77DA,文北段,20.93,都市：其他:第二之一種住宅區,100000,1855,持分移轉,01060000
RPRQMLOLLHLGFCB18DA,廣福段,33.97,都市：其他:農業區,100000,1251,持分移轉,03360000
RPOOMLKLLHLGFFB57DA,市鎮北段,10.62,都市：其他:第四種商業區,10000,33,持分移轉,00130001
RPTRMLKMLHLGFCB18DA,福德段,5.89,都市：其他:第三種住宅區。,100000,673,持分移轉,00370000
RPTRMLKMLHLGFCB18DA,福德段,6.72,都市：其他:第二種住宅區,100000,673,持分移轉,00420000
RPOTMLKMLHLGFCB87DA,福德段,5.89,都市：其他:第三種住宅區。,100000,673,持分移轉,00370000
RPOTMLKMLHLGFCB87DA,福德段,6.72,都市：其他:第二種住宅區,100000,673,持分移轉,00420000
RPSSMLKMLHLGFCB18DA,福德段,8.01,都市：其他:第三種住宅區。,100000,915,持分移轉,00370000
RPSSMLKMLHLGFCB18DA,福德段,9.14,都市：其他:第二種住宅區,100000,915,持分移轉,00420000
RPSNMLNJMHLGFFB08DA,市鎮北段,15.05,都市：其他:第四種商業區,10000,25,持分移轉,00450000
RPWNMLNJMHLGFFB48DA,市鎮北段,14.45,都市：其他:第四種商業區,10000,24,持分移轉,00450000
RPQNMLNJMHLGFFB87DA,市鎮北段,15.65,都市：其他:第四種商業區,10000,26,持分移轉,00450000
RPUNMLNJMHLGFFB28DA,市鎮北段,14.45,都市：其他:第四種商業區,10000,24,持分移轉,00450000
RPPPMLLJMHLGFJB18DA,育賢段,17.19,都市：其他:住宅區,10000,20,持分移轉,02010000
RPWOMLLJMHLGFJB78DA,育賢段,18.05,都市：其他:住宅區,10000,21,持分移轉,02010000
RPXOMLRJMHLGFCB78DA,惠泰段,31.26,都市：其他:第二種住宅區,100000,2049,持分移轉,02850000
RPWOMLRJMHLGFCB68DA,福德段,23.78,都市：其他:第二種住宅區,100000,858,持分移轉,01110000
RPXNMLNLLHLGFJB09DA,福平段,13.31,都市：其他:商業區,100000,561,持分移轉,08730000
RPRQMLQLLHLGFBB28DA,崇德段,17.53,都市：其他:第一種商業區,100000,726,持分移轉,03820000
RPTOMLQLLHLGFBB28DA,崇德段,18.18,都市：其他:第一種商業區,100000,753,持分移轉,03820000
RPXNMLRLLHLGFBB68DA,崇德段,18.18,都市：其他:第一種商業區,100000,753,持分移轉,03820000
RPSQMLQLLHLGFBB38DA,崇德段,17.53,都市：其他:第一種商業區,100000,726,持分移轉,03820000
RPTOMLSJMHLGFBB38DA,榮德段,29.52,都市：其他:第一之一種住宅區,100000,548,持分移轉,01680000
RPTOMLSJMHLGFBB38DA,榮德段,8.20,都市：其他:第一之一種住宅區,100000,548,持分移轉,01770000
RPQOMLRJLHLGFCB97DA,寶文段,38.74,都市：其他:第二種住宅區,100000,827,持分移轉,00350002
RPPTMLSJLHLGFCB48DA,寶文段,30.82,都市：其他:第二種住宅區,100000,658,持分移轉,00350002
RPSSMLNLLHLGFJB09DA,福平段,13.86,都市：其他:商業區,100000,584,持分移轉,08730000
RPXSMLLKLHLGFCB58DA,寶文段,23.51,都市：其他:第二種住宅區,100000,502,持分移轉,00350002
RPRSMLNLLHLGFJB98DA,福平段,13.86,都市：其他:商業區,100000,584,持分移轉,08730000
RPRTMLNLLHLGFJB09DA,福平段,13.86,都市：其他:商業區,100000,584,持分移轉,08730000
RPORNLMJLHLGFBB57DA,東光段,10.17,都市：其他:第二種商業區,100000,797,持分移轉,04130000
RPTQNLMJLHLGFBB97DA,東光段,14.16,都市：其他:第二種商業區,100000,1110,持分移轉,04130000
RPUUNLMJLHLGFBB48DA,東光段,9.86,都市：其他:第二種商業區,100000,773,持分移轉,04130000
RPORNLNJLHLGFBB67DA,東光段,10.17,都市：其他:第二種商業區,100000,797,持分移轉,04130000
RPXTNLNJLHLGFBB78DA,東光段,10.17,都市：其他:第二種商業區,100000,797,持分移轉,04130000
RPSSNLNJLHLGFBB18DA,東光段,10.87,都市：其他:第二種商業區,100000,852,持分移轉,04130000
RPONOLNJLHLGFBB37DA,東光段,10.17,都市：其他:第二種商業區,100000,797,持分移轉,04130000
RPUNOLNJLHLGFBB97DA,東光段,9.86,都市：其他:第二種商業區,100000,773,持分移轉,04130000
RPPOOLNJLHLGFBB57DA,東光段,14.16,都市：其他:第二種商業區,100000,1110,持分移轉,04130000
RPQVOLNJLHLGFBB38DA,東光段,9.86,都市：其他:第二種商業區,100000,773,持分移轉,04130000
RPOQMLPJLHLGFBB67DA,東光段,9.86,都市：其他:第二種商業區,100000,773,持分移轉,04130000
RPUOMLLMLHLGFCB08DA,協成段,83.08,都市：其他:農業區,1,1,全筆移轉,03120004
RPUOMLLMLHLGFCB08DA,協成段,21.47,都市：其他:農業區,14,1,持分移轉,03120015
RPWOMLTJLHLGFBB68DA,東光段,10.87,都市：其他:第二種商業區,100000,852,持分移轉,04130000
RPVTMLPJLHLGFBB68DA,東光段,9.86,都市：其他:第二種商業區,100000,773,持分移轉,04130000
RPVRMLOJMHLGFBB48DA,仁平段,14.90,都市：其他:第一之一種住宅區,100000,558,持分移轉,03580000
RPVRMLOJMHLGFBB48DA,平田段,7.19,都市：其他:第二種住宅區,100000,558,持分移轉,09530000
RPPPMLLMLHLGFCB67DA,協成段,89.64,都市：其他:農業區,1,1,全筆移轉,03120013
RPSVMLOJMHLGFBB58DA,仁平段,22.13,都市：其他:第一之一種住宅區,100000,829,持分移轉,03580000
RPPPMLLMLHLGFCB67DA,協成段,21.47,都市：其他:農業區,14,1,持分移轉,03120015
RPWNMLTKLHLGFJB86DA,振福段,59.21,都市：其他:住宅區,1,1,全筆移轉,06490000
RPQPMLLMLHLGFCB77DA,協成段,112.06,都市：其他:農業區,1,1,全筆移轉,03120008
RPSVMLOJMHLGFBB58DA,平田段,10.69,都市：其他:第二種住宅區,100000,829,持分移轉,09530000
RPQPMLLMLHLGFCB77DA,協成段,21.47,都市：其他:農業區,14,1,持分移轉,03120015
RPOSMLOJMHLGFBB87DA,仁平段,22.08,都市：其他:第一之一種住宅區,100000,827,持分移轉,03580000
RPOSMLOJMHLGFBB87DA,平田段,10.66,都市：其他:第二種住宅區,100000,827,持分移轉,09530000
RPWOMLLMLHLGFCB28DA,協成段,128.16,都市：其他:農業區,1,1,全筆移轉,03120007
RPWOMLLMLHLGFCB28DA,協成段,21.47,都市：其他:農業區,14,1,持分移轉,03120015
RPTTMLMJMHLGFBB28DA,溝背段,15.03,都市：其他:第二之一種住宅區,100000,404,持分移轉,01430000
RPURMLMJMHLGFBB18DA,溝背段,25.86,都市：其他:第二之一種住宅區,100000,695,持分移轉,01430000
RPTSMLMJMHLGFBB18DA,溝背段,15.03,都市：其他:第二之一種住宅區,100000,404,持分移轉,01430000
RPRRMLMJMHLGFBB87DA,溝背段,19.76,都市：其他:第二之一種住宅區,100000,531,持分移轉,01430000
RPOQNLMJMHLGFBB57DA,溝背段,14.66,都市：其他:第二之一種住宅區,100000,394,持分移轉,01430000
RPVVMLMJMHLGFBB68DA,溝背段,15.03,都市：其他:第二之一種住宅區,100000,404,持分移轉,01430000
RPROMLRKMHLGFFB58DA,市鎮北段,14.45,都市：其他:第四種商業區,10000,24,持分移轉,00450000
RPPSMLSJLHLGFCB38DA,寶文段,30.91,都市：其他:第二種住宅區,100000,660,持分移轉,00350002
RPSOMLRKMHLGFFB68DA,市鎮北段,13.24,都市：其他:第四種商業區,10000,22,持分移轉,00450000
RPOPMLPLKHLGFIB38DA,仁美段,5.16,都市：其他:住宅區,100000,1337,持分移轉,12130000
RPOPMLPLKHLGFIB38DA,仁美段,21.15,非都市：一般農業區 ; 非都市編定：甲種建築用地,100000,1985,持分移轉,13360000
RPQNMLOKMHLGFBB67DA,崇德段,17.53,都市：其他:第一種商業區,100000,726,持分移轉,03820000
RPTQMLMLMHLGFCB28DA,惠泰段,35.45,都市：其他:第二種住宅區,100000,2323,持分移轉,02850000
RPRRMLKMLHLGFIB58DA,仁美段,5.20,都市：其他:住宅區,100000,1348,持分移轉,12130000
RPRRMLKMLHLGFIB58DA,仁美段,21.31,非都市：一般農業區 ; 非都市編定：甲種建築用地,100000,2000,持分移轉,13360000
RPPQMLMLMHLGFCB87DA,惠泰段,57.98,都市：其他:第二種住宅區,100000,3800,持分移轉,02850000
RPQQMLLLMHLGFBB77DA,榮德段,29.63,都市：其他:第一之一種住宅區,100000,550,持分移轉,01680000
RPPTMLOLLHLGFBB18DA,榮德段,29.52,都市：其他:第一之一種住宅區,100000,548,持分移轉,01680000
RPQQMLLLMHLGFBB77DA,榮德段,8.23,都市：其他:第一之一種住宅區,100000,550,持分移轉,01770000
RPPTMLOLLHLGFBB18DA,榮德段,8.20,都市：其他:第一之一種住宅區,100000,548,持分移轉,01770000
RPSOMLMLMHLGFBB87DA,碧柳段,22.46,都市：其他:第二之一種住宅區,100000,509,持分移轉,02150000
RPRNMLQLMHLGFCB18DA,惠安段,29.44,都市：其他:第二種住宅區,10000,428,持分移轉,00910000
RPTPNLRLMHLGFCB78DA,福德段,8.01,都市：其他:第三種住宅區。,100000,915,持分移轉,00370000
RPTPNLRLMHLGFCB78DA,福德段,9.14,都市：其他:第二種住宅區,100000,915,持分移轉,00420000
RPSRNLMJLHLGFBB97DA,東光段,9.72,都市：其他:第二種商業區,100000,762,持分移轉,04130000
RPTUNLMJLHLGFBB38DA,東光段,9.72,都市：其他:第二種商業區,100000,762,持分移轉,04130000
RPXNOLNJLHLGFBB28DA,東光段,10.87,都市：其他:第二種商業區,100000,852,持分移轉,04130000
RPWOMLPJLHLGFBB28DA,東光段,14.15,都市：其他:第二種商業區,100000,1109,持分移轉,04130000
RPVPMLTLMHLGFBB98DA,東光段,9.86,都市：其他:第二種商業區,100000,773,持分移轉,04130000
RPWPMLTLMHLGFBB09DA,東光段,11.76,都市：其他:第二種商業區,100000,922,持分移轉,04130000
RPQVMLOJNHLGFFB88DA,市鎮北段,14.45,都市：其他:第四種商業區,10000,24,持分移轉,00450000
RPUOMLPJNHLGFBB28DA,東光段,10.17,都市：其他:第二種商業區,100000,797,持分移轉,04130000
RPQPMLSJNHLGFCB38DA,福德段,5.89,都市：其他:第三種住宅區。,100000,673,持分移轉,00370000
RPQPMLSJNHLGFCB38DA,福德段,6.72,都市：其他:第二種住宅區,100000,673,持分移轉,00420000
RPWOMLQJNHLGFBB58DA,崇德段,17.53,都市：其他:第一種商業區,100000,726,持分移轉,03820000
RPWQMLMJMHLGFBB28DA,溝背段,19.76,都市：其他:第二之一種住宅區,100000,531,持分移轉,01430000
RPPTMLMJMHLGFBB87DA,溝背段,25.86,都市：其他:第二之一種住宅區,100000,695,持分移轉,01430000
RPVUMLMJMHLGFBB58DA,溝背段,25.86,都市：其他:第二之一種住宅區,100000,695,持分移轉,01430000
RPPONLMJMHLGFBB47DA,溝背段,19.76,都市：其他:第二之一種住宅區,100000,531,持分移轉,01430000
RPVWMLMJMHLGFBB78DA,溝背段,19.76,都市：其他:第二之一種住宅區,100000,531,持分移轉,01430000
RPXONLMJMHLGFBB28DA,溝背段,14.66,都市：其他:第二之一種住宅區,100000,394,持分移轉,01430000
RPVQNLMJMHLGFBB28DA,溝背段,19.76,都市：其他:第二之一種住宅區,100000,531,持分移轉,01430000
RPQRNLMJMHLGFBB87DA,溝背段,14.66,都市：其他:第二之一種住宅區,100000,394,持分移轉,01430000
RPWQNLMJMHLGFBB38DA,溝背段,25.86,都市：其他:第二之一種住宅區,100000,695,持分移轉,01430000
RPRSNLMJMHLGFBB08DA,溝背段,19.76,都市：其他:第二之一種住宅區,100000,531,持分移轉,01430000
RPROMLRKMHLGFBB18DA,溝背段,14.66,都市：其他:第二之一種住宅區,100000,394,持分移轉,01430000
RPVOMLRKMHLGFBB58DA,溝背段,14.66,都市：其他:第二之一種住宅區,100000,394,持分移轉,01430000
RPSQMLMJMHLGFBB87DA,溝背段,14.66,都市：其他:第二之一種住宅區,100000,394,持分移轉,01430000
RPQPMLOLMHLGFBB97DA,碧柳段,22.46,都市：其他:第二之一種住宅區,100000,509,持分移轉,02150000
RPSOMLRLMHLGFBB38DA,溝背段,15.03,都市：其他:第二之一種住宅區,100000,404,持分移轉,01430000
RPRQMLLKNHLGFBB87DA,碧柳段,22.46,都市：其他:第二之一種住宅區,100000,509,持分移轉,02150000
RPXQMLOLLHLGFFB09DA,沙工北段,25.31,都市：其他:第四種住宅區,100000,615,持分移轉,15190000
RPTVMLOLLHLGFFB56DA,沙工北段,24.24,都市：其他:第四種住宅區,100000,589,持分移轉,15190000
RPTOMLOLLHLGFFB48DA,沙工北段,25.31,都市：其他:第四種住宅區,100000,615,持分移轉,15190000
RPSONLOLLHLGFFB48DA,沙工北段,25.60,都市：其他:第四種住宅區,100000,622,持分移轉,15190000
RPPPNLOLLHLGFFB28DA,沙工北段,19.55,都市：其他:第四種住宅區,100000,475,持分移轉,15190000
RPUPNLOLLHLGFFB78DA,沙工北段,19.55,都市：其他:第四種住宅區,100000,475,持分移轉,15190000
RPXRNLOLLHLGFFB66DA,沙工北段,19.26,都市：其他:第四種住宅區,100000,468,持分移轉,15190000
RPROMLRJNHLGFCB28DA,廣福段,30.50,都市：其他:農業區,100000,1123,持分移轉,03360000
RPXOMLMKNHLGFHB98DA,豐興段,39.76,非都市：特定農業區 ; 非都市編定：甲種建築用地,25,1,持分移轉,04350005
RPXOMLMKNHLGFHB98DA,豐興段,54.32,非都市：特定農業區 ; 非都市編定：甲種建築用地,1,1,全筆移轉,04350008
RPVOMLMKNHLGFHB78DA,豐興段,39.76,非都市：特定農業區 ; 非都市編定：甲種建築用地,25,1,持分移轉,04350005
RPVOMLMKNHLGFHB78DA,豐興段,80.37,非都市：特定農業區 ; 非都市編定：甲種建築用地,1,1,全筆移轉,04350022
RPOQMLNKNHLGFCB87DA,惠泰段,18.46,都市：其他:第二種住宅區,100000,2699,持分移轉,00830000
RPSOOLNJLHLGFBB87DA,東光段,9.72,都市：其他:第二種商業區,100000,762,持分移轉,04130000
RPQPMLPJLHLGFBB77DA,東光段,13.98,都市：其他:第二種商業區,100000,1096,持分移轉,04130000
RPWQMLPJLHLGFBB48DA,東光段,10.17,都市：其他:第二種商業區,100000,797,持分移轉,04130000
RPORMLPJLHLGFBB77DA,東光段,9.86,都市：其他:第二種商業區,100000,773,持分移轉,04130000
RPSNMLKLNHLGFCB77DA,福德段,8.01,都市：其他:第三種住宅區。,100000,915,持分移轉,00370000
RPSNMLKLNHLGFCB77DA,福德段,9.14,都市：其他:第二種住宅區,100000,915,持分移轉,00420000
RPUQMLTKNHLGFCB09DA,福德段,13.95,都市：其他:第二種住宅區,100000,792,持分移轉,02730000
RPRRMLKKJHLGFFB87DA,市鎮北段,9.63,都市：其他:第四種商業區,10000,16,持分移轉,00450000
RPOPMLPJLHLGFBB57DA,東光段,9.72,都市：其他:第二種商業區,100000,762,持分移轉,04130000
RPURMLNLLHLGFJB56DA,福平段,13.31,都市：其他:商業區,100000,561,持分移轉,08730000
RPPPMLPJLHLGFBB67DA,東光段,9.86,都市：其他:第二種商業區,100000,773,持分移轉,04130000
RPXOMLPJLHLGFBB38DA,東光段,10.17,都市：其他:第二種商業區,100000,797,持分移轉,04130000
RPTRMLLKLHLGFBB97DA,崇德段,17.53,都市：其他:第一種商業區,100000,726,持分移轉,03820000
RPSRMLLKLHLGFBB87DA,崇德段,17.53,都市：其他:第一種商業區,100000,726,持分移轉,03820000
RPPSMLKKJHLGFFB77DA,市鎮北段,9.63,都市：其他:第四種商業區,10000,16,持分移轉,00450000
RPUNMLRJMHLGFCB38DA,福德段,25.14,都市：其他:第二種住宅區,100000,907,持分移轉,01110000
RPURMLLKLHLGFBB08DA,崇德段,18.18,都市：其他:第一種商業區,100000,753,持分移轉,03820000
RPRPNLMJMHLGFBB77DA,溝背段,19.76,都市：其他:第二之一種住宅區,100000,531,持分移轉,01430000
RPSPMLNKNHLGFCB18DA,惠泰段,18.46,都市：其他:第二種住宅區,100000,2699,持分移轉,00830000
RPQPMLKKNHLGFCB67DA,惠民段,9.41,都市：其他:第六種新市政中心專用區,100000,311,持分移轉,01150000
RPUQNLOLLHLGFFB88DA,沙工北段,24.78,都市：其他:第四種住宅區,100000,602,持分移轉,15190000
RPROMLMKNHLGFCB87DA,生態段,23.38,都市：其他:第二種生態住宅專用區,10000,108,持分移轉,00660000
RPROMLMKNHLGFCB87DA,生態段,10.65,都市：其他:第二種生態住宅專用區,10000,108,持分移轉,00670000
RPTQMLOLLHLGFBB28DA,榮德段,29.52,都市：其他:第一之一種住宅區,100000,548,持分移轉,01680000
RPTQMLOLLHLGFBB28DA,榮德段,8.20,都市：其他:第一之一種住宅區,100000,548,持分移轉,01770000
RPXOMLKKNHLGFCB28DA,惠民段,9.41,都市：其他:第六種新市政中心專用區,100000,311,持分移轉,01150000
RPPQMLOLLHLGFFB28DA,沙工北段,25.40,都市：其他:第四種住宅區,100000,617,持分移轉,15190000
RPOPMLNKNHLGFCB77DA,惠泰段,15.65,都市：其他:第二種住宅區,100000,2288,持分移轉,00830000
RPWQNLNJLHLGFBB38DA,東山段,21.26,都市：其他:第二種住宅區,100000,1241,持分移轉,03150000
RPOPMLOJLHLGFCB57DA,廣福段,29.38,都市：其他:農業區,100000,1082,持分移轉,03360000
RPPTMLOLLHLGFFB58DA,沙工北段,25.77,都市：其他:第四種住宅區,100000,626,持分移轉,15190000
RPSVMLMJMHLGFBB38DA,溝背段,14.66,都市：其他:第二之一種住宅區,100000,394,持分移轉,01430000
RPUNMLOJOHLGFFB58DA,沙工北段,18.89,都市：其他:第四種住宅區,100000,459,持分移轉,15190000
RPXNMLOJLHLGFCB28DA,廣福段,21.45,都市：其他:農業區,100000,790,持分移轉,03360000
RPTNMLKKLHLGFCB57DA,福德段,5.89,都市：其他:第三種住宅區。,100000,673,持分移轉,00370000
RPTNMLKKLHLGFCB57DA,福德段,6.72,都市：其他:第二種住宅區,100000,673,持分移轉,00420000
RPQNMLPJLHLGFHB18DA,弘富段,28.49,都市：其他:第一之二種住宅區,100000,1154,持分移轉,00930000
RPORMLSJLHLGFCB18DA,廣福段,21.53,都市：其他:農業區,100000,793,持分移轉,03360000
RPXOMLTLNHLGFBB56DA,東光段,9.86,都市：其他:第二種商業區,100000,773,持分移轉,04130000
RPXPMLTKNHLGFDB76DA,大洲段,35.01,都市：其他:第一之一種住宅區,10000,132,持分移轉,04770000
RPXNMLNKLHLGFJB98DA,育賢段,21.48,都市：其他:住宅區,10000,25,持分移轉,02010000
RPVPMLKLLHLGFCB08DA,福德段,5.89,都市：其他:第三種住宅區。,100000,673,持分移轉,00370000
RPVPMLKLLHLGFCB08DA,福德段,6.72,都市：其他:第二種住宅區,100000,673,持分移轉,00420000
RPRNMLPKLHLGFFB18DA,銀聯段,26.48,都市：其他:第四種住宅區,100000,8856,持分移轉,15070003
RPXNMLPKLHLGFFB78DA,銀聯段,26.48,都市：其他:第四種住宅區,100000,8856,持分移轉,15070003
RPRNMLMKLHLGFHB08DA,弘富段,28.49,都市：其他:第一之二種住宅區,100000,1154,持分移轉,00930000
RPRNMLLKLHLGFHB97DA,弘富段,31.48,都市：其他:第一之二種住宅區,100000,1275,持分移轉,00930000
RPXNMLRKMHLGFBB68DA,溝背段,22.14,都市：其他:第二之一種住宅區,100000,595,持分移轉,01430000
SPWQMLLKLHLGFCB38DA,永春段,26.13,都市：其他:第一之一種住宅區,100000,919,持分移轉,01050000
SPWQMLLKLHLGFCB38DA,永春段,1.53,都市：其他:第一種住宅區,100000,51,持分移轉,01060004
RPXOMLKLLHLGFCB18DA,福德段,5.89,都市：其他:第三種住宅區。,100000,673,持分移轉,00370000
RPXOMLKLLHLGFCB18DA,福德段,6.72,都市：其他:第二種住宅區,100000,673,持分移轉,00420000
RPOOMLOLMHLGFBB67DA,碧柳段,22.46,都市：其他:第二之一種住宅區,100000,509,持分移轉,02150000
RPWUMLLMJHLGFIB66DA,新高鐵段,10.66,都市：其他:商業區,100000,184,持分移轉,00570000
RPRQMLPKNHLGFDB48DA,大洲段,34.75,都市：其他:第一之一種住宅區,10000,131,持分移轉,04770000
RPUQMLTJLHLGFCB78DA,寶文段,30.40,都市：其他:第二種住宅區,100000,649,持分移轉,00350002
RPWTMLLMJHLGFIB56DA,新高鐵段,16.05,都市：其他:商業區,100000,277,持分移轉,00570000
RPURMLSJLHLGFCB78DA,寶文段,30.91,都市：其他:第二種住宅區,100000,660,持分移轉,00350002
RPRONLMJMHLGFBB67DA,溝背段,14.66,都市：其他:第二之一種住宅區,100000,394,持分移轉,01430000
RPQQMLSJLHLGFCB28DA,寶文段,30.91,都市：其他:第二種住宅區,100000,660,持分移轉,00350002
RPWNMLTJLHLGFCB68DA,寶文段,29.70,都市：其他:第二種住宅區,100000,634,持分移轉,00350002
RPWRMLKKLHLGFCB28DA,寶文段,29.27,都市：其他:第二種住宅區,100000,625,持分移轉,00350002
RPVVMLLMJHLGFIB66DA,新高鐵段,16.40,都市：其他:商業區,100000,283,持分移轉,00570000
RPQSMLKMLHLGFCB97DA,福德段,9.42,都市：其他:第三種住宅區。,100000,1076,持分移轉,00370000
RPQSMLKMLHLGFCB97DA,福德段,10.74,都市：其他:第二種住宅區,100000,1076,持分移轉,00420000
RPVNMLPLLHLGFKB56DA,自強段,23.30,非都市：鄉村區 ; 非都市編定：乙種建築用地,100000,632,持分移轉,00500002
RPRRMLKMLHLGFCB97DA,何安段,4.24,都市：其他:第二種住宅區,10000,4000,持分移轉,06300003
RPRRMLKMLHLGFCB97DA,何安段,5.53,都市：其他:第二種住宅區,10000,1569,持分移轉,06300005
RPRRMLKMLHLGFCB97DA,何安段,12.94,都市：其他:第二種住宅區,1,1,全筆移轉,06390000
RPRRMLKMLHLGFCB97DA,何安段,1.00,都市：其他:第二種住宅區,10000,4901,持分移轉,06390001
RPRRMLKMLHLGFCB97DA,何安段,29.61,都市：其他:第二種住宅區,10000,5316,持分移轉,06430001
RPRRMLKMLHLGFCB97DA,何安段,66.69,都市：其他:第二種住宅區,1,1,全筆移轉,06430002
RPQSMLSJLHLGFCB48DA,寶文段,30.91,都市：其他:第二種住宅區,100000,660,持分移轉,00350002
RPXOMLQJLHLGFIB56DA,新高鐵段,16.40,都市：其他:商業區,100000,283,持分移轉,00570000
RPVOMLNLLHLGFJB98DA,福平段,18.34,都市：其他:商業區,100000,773,持分移轉,08730000
RPTNMLRJMHLGFCB28DA,福德段,25.14,都市：其他:第二種住宅區,100000,907,持分移轉,01110000
RPQNMLLKLHLGFHB87DA,弘富段,30.94,都市：其他:第一之二種住宅區,100000,1253,持分移轉,00930000
RPQWMLNLLHLGFJB66DA,福平段,18.34,都市：其他:商業區,100000,773,持分移轉,08730000
RPQSMLKKLHLGFCB77DA,寶文段,29.27,都市：其他:第二種住宅區,100000,625,持分移轉,00350002
RPVNMLNLLHLGFJB88DA,福平段,13.48,都市：其他:商業區,100000,568,持分移轉,08730000
RPURMLTJLHLGFCB88DA,寶文段,30.91,都市：其他:第二種住宅區,100000,660,持分移轉,00350002
RPSTMLOJMHLGFBB38DA,仁平段,14.90,都市：其他:第一之一種住宅區,100000,558,持分移轉,03580000
RPUSMLOJMHLGFBB48DA,仁平段,22.08,都市：其他:第一之一種住宅區,100000,827,持分移轉,03580000
RPSTMLOJMHLGFBB38DA,平田段,7.19,都市：其他:第二種住宅區,100000,558,持分移轉,09530000
RPUSMLOJMHLGFBB48DA,平田段,10.66,都市：其他:第二種住宅區,100000,827,持分移轉,09530000
RPQRMLOJMHLGFBB97DA,仁平段,14.90,都市：其他:第一之一種住宅區,100000,558,持分移轉,03580000
RPQRMLOJMHLGFBB97DA,平田段,7.19,都市：其他:第二種住宅區,100000,558,持分移轉,09530000
RPOVMLOJMHLGFBB18DA,仁平段,22.13,都市：其他:第一之一種住宅區,100000,829,持分移轉,03580000
RPOVMLOJMHLGFBB18DA,平田段,10.69,都市：其他:第二種住宅區,100000,829,持分移轉,09530000
RPUQMLOJMHLGFBB28DA,仁平段,21.04,都市：其他:第一之一種住宅區,100000,788,持分移轉,03580000
RPUQMLOJMHLGFBB28DA,平田段,10.16,都市：其他:第二種住宅區,100000,788,持分移轉,09530000
RPPVMLOJMHLGFBB28DA,仁平段,22.13,都市：其他:第一之一種住宅區,100000,829,持分移轉,03580000
RPPVMLOJMHLGFBB28DA,平田段,10.69,都市：其他:第二種住宅區,100000,829,持分移轉,09530000
RPUQMLQJLHLGFIB09DA,新高鐵段,16.40,都市：其他:商業區,100000,283,持分移轉,00570000
RPVUMLNLLHLGFJB96DA,福平段,13.86,都市：其他:商業區,100000,584,持分移轉,08730000
RPOWMLMJMHLGFBB08DA,溝背段,14.66,都市：其他:第二之一種住宅區,100000,394,持分移轉,01430000
RPRWMLMJMHLGFBB38DA,溝背段,14.66,都市：其他:第二之一種住宅區,100000,394,持分移轉,01430000
RPQUMLOJMHLGFBB28DA,仁平段,14.90,都市：其他:第一之一種住宅區,100000,558,持分移轉,03580000
RPQUMLOJMHLGFBB28DA,平田段,7.19,都市：其他:第二種住宅區,100000,558,持分移轉,09530000
RPSTMLMJMHLGFBB18DA,溝背段,19.76,都市：其他:第二之一種住宅區,100000,531,持分移轉,01430000
RPXOMLKKLHLGFCB08DA,福德段,9.43,都市：其他:第三種住宅區。,100000,1077,持分移轉,00370000
RPXOMLKKLHLGFCB08DA,福德段,10.75,都市：其他:第二種住宅區,100000,1077,持分移轉,00420000
RPWWMLMJMHLGFBB88DA,溝背段,14.66,都市：其他:第二之一種住宅區,100000,394,持分移轉,01430000
RPRQMLMJMHLGFBB77DA,溝背段,25.86,都市：其他:第二之一種住宅區,100000,695,持分移轉,01430000
RPRNMLOKMHLGFBB77DA,崇德段,22.07,都市：其他:第一種商業區,100000,914,持分移轉,03820000
RPOOMLMLMHLGFCB57DA,豐業段,27.18,都市：其他:第二種住宅區,100000,1098,持分移轉,01340000
RPSNMLQLMHLGFCB28DA,惠安段,29.16,都市：其他:第二種住宅區,10000,424,持分移轉,00910000
RPPQMLRJNHLGFBB18DA,仁平段,86.48,都市：其他:第一之一種住宅區,10000,487,持分移轉,00750000
RPTOMLQLMHLGFCB48DA,惠安段,29.44,都市：其他:第二種住宅區,10000,428,持分移轉,00910000
RPTONLMJMHLGFBB87DA,溝背段,14.66,都市：其他:第二之一種住宅區,100000,394,持分移轉,01430000
RPQPNLMJMHLGFBB67DA,溝背段,15.03,都市：其他:第二之一種住宅區,100000,404,持分移轉,01430000
RPXOMLLKKIKGFBB97DA,美和段,32.32,都市：其他:第一之一種住宅區,1000000,8447,持分移轉,05690000
RPTNMLRJNHLGFBB28DA,榮德段,29.52,都市：其他:第一之一種住宅區,100000,548,持分移轉,01680000
RPTNMLRJNHLGFBB28DA,榮德段,8.20,都市：其他:第一之一種住宅區,100000,548,持分移轉,01770000
RPPPNLMJMHLGFBB57DA,溝背段,22.14,都市：其他:第二之一種住宅區,100000,595,持分移轉,01430000
RPWNMLRKMHLGFBB58DA,溝背段,19.76,都市：其他:第二之一種住宅區,100000,531,持分移轉,01430000
RPUPMLQJNHLGFBB48DA,崇德段,18.26,都市：其他:第一種商業區,100000,756,持分移轉,03820000
RPXSMLNKMHLGFCB88DA,中正段,7.48,都市：其他:第三種商業區,100000,153,持分移轉,02280000
RPTPMLQJNHLGFBB38DA,崇德段,18.18,都市：其他:第一種商業區,100000,753,持分移轉,03820000
RPQQMLMJMHLGFBB67DA,溝背段,19.76,都市：其他:第二之一種住宅區,100000,531,持分移轉,01430000
RPVPMLQJNHLGFBB58DA,崇德段,17.53,都市：其他:第一種商業區,100000,726,持分移轉,03820000
RPPPMLSKMHLGFKB09DA,龍崗段,27.28,都市：其他:第四種住宅區,100000,1217,持分移轉,00800000
RPUNMLPKJHLGFJB68DA,德興段,60.27,都市：其他:住宅區,1,1,全筆移轉,06320014
RPUNMLPKJHLGFJB68DA,德興段,.39,都市：其他:住宅區,10000,772,持分移轉,06320015
RPORMLOJMHLGFBB77DA,仁平段,14.90,都市：其他:第一之一種住宅區,100000,558,持分移轉,03580000
RPORMLOJMHLGFBB77DA,平田段,7.19,都市：其他:第二種住宅區,100000,558,持分移轉,09530000
RPOOMLQKMHLGFBB77DA,溝背段,25.86,都市：其他:第二之一種住宅區,100000,695,持分移轉,01430000
RPWPMLQJNHLGFBB68DA,崇德段,17.53,都市：其他:第一種商業區,100000,726,持分移轉,03820000
RPVOMLNLMHLGFBB28DA,碧柳段,22.46,都市：其他:第二之一種住宅區,100000,509,持分移轉,02150000
RPQVMLOLLHLGFFB88DA,沙工北段,24.24,都市：其他:第四種住宅區,100000,589,持分移轉,15190000
RPRSMLOJNHLGFCB38DA,惠民段,9.41,都市：其他:第六種新市政中心專用區,100000,311,持分移轉,01150000
RPRUMLOLLHLGFFB88DA,沙工北段,25.77,都市：其他:第四種住宅區,100000,626,持分移轉,15190000
RPRSNLOLLHLGFFB78DA,沙工北段,24.78,都市：其他:第四種住宅區,100000,602,持分移轉,15190000
RPXQMLTLMHLGFFB07DA,平等段,38.56,都市：其他:第二種住宅區,100000,2535,持分移轉,05780000
RPWPMLTKNHLGFDB66DA,大洲段,34.75,都市：其他:第一之一種住宅區,10000,131,持分移轉,04770000
RPRPNLOLLHLGFFB48DA,沙工北段,19.55,都市：其他:第四種住宅區,100000,475,持分移轉,15190000
RPVQMLLKLHLGFCB18DA,寶文段,23.84,都市：其他:第二種住宅區,100000,509,持分移轉,00350002
RPQNNLNLLHLGFJB48DA,福平段,18.34,都市：其他:商業區,100000,773,持分移轉,08730000
RPUNMLQLNHLGFJB66DA,愛平段,33.18,都市：其他:第一種住宅區,100000,1295,持分移轉,10500000
RPVNMLOLLHLGFFB58DA,沙工北段,25.31,都市：其他:第四種住宅區,100000,615,持分移轉,15190000
RPSUMLOLLHLGFFB98DA,沙工北段,24.24,都市：其他:第四種住宅區,100000,589,持分移轉,15190000
RPWPMLOLLHLGFFB88DA,沙工北段,25.31,都市：其他:第四種住宅區,100000,615,持分移轉,15190000
RPTQMLOLLHLGFFB68DA,沙工北段,25.40,都市：其他:第四種住宅區,100000,617,持分移轉,15190000
RPQRNLOLLHLGFFB58DA,沙工北段,24.78,都市：其他:第四種住宅區,100000,602,持分移轉,15190000
RPWNNLOLLHLGFFB78DA,沙工北段,25.60,都市：其他:第四種住宅區,100000,622,持分移轉,15190000
RPSOMLQKMHLGFBB18DA,溝背段,15.03,都市：其他:第二之一種住宅區,100000,404,持分移轉,01430000
RPPOMLPLNHLGFBB97DA,碧柳段,22.42,都市：其他:第二之一種住宅區,100000,508,持分移轉,02150000
RPPUNLOLLHLGFFB78DA,沙工北段,25.31,都市：其他:第四種住宅區,100000,615,持分移轉,15190000
RPPOMLKKLHLGFCB27DA,福德段,5.89,都市：其他:第三種住宅區。,100000,673,持分移轉,00370000
RPPOMLKKLHLGFCB27DA,福德段,6.72,都市：其他:第二種住宅區,100000,673,持分移轉,00420000
RPQQMLOJLHLGFCB87DA,廣福段,29.11,都市：其他:農業區,100000,1072,持分移轉,03360000
RPROMLKKLHLGFCB47DA,福德段,5.89,都市：其他:第三種住宅區。,100000,673,持分移轉,00370000
RPROMLKKLHLGFCB47DA,福德段,6.72,都市：其他:第二種住宅區,100000,673,持分移轉,00420000
RPPNMLNLKHLGFCB47DA,福德段,23.72,都市：其他:第二種住宅區,100000,856,持分移轉,01110000
RPUPMLMJLHLGFCB97DA,豐業段,24.28,都市：其他:第二種住宅區,100000,981,持分移轉,01340000
RPUSMLQJLHLGFIB66DA,新高鐵段,16.05,都市：其他:商業區,100000,277,持分移轉,00570000
RPWOMLKLLHLGFCB08DA,福德段,5.89,都市：其他:第三種住宅區。,100000,673,持分移轉,00370000
RPWOMLKLLHLGFCB08DA,福德段,6.72,都市：其他:第二種住宅區,100000,673,持分移轉,00420000
RPQNMLRKLHLGFDB08DA,中和東段,32.21,都市：其他:住宅區,100000,1467,持分移轉,12000000
RPPRMLKLLHLGFCB67DA,福德段,5.89,都市：其他:第三種住宅區。,100000,673,持分移轉,00370000
RPPRMLKLLHLGFCB67DA,福德段,6.72,都市：其他:第二種住宅區,100000,673,持分移轉,00420000
RPPNMLNKKHLGFFB67DA,市鎮北段,9.63,都市：其他:第四種商業區,20000,32,持分移轉,00450000
RPXRMLKKJHLGFFB48DA,市鎮北段,9.63,都市：其他:第四種商業區,10000,16,持分移轉,00450000
RPVOMLKLLHLGFFB28DA,市鎮北段,9.63,都市：其他:第四種商業區,10000,16,持分移轉,00450000
RPWOMLKLLHLGFFB38DA,市鎮北段,12.64,都市：其他:第四種商業區,10000,21,持分移轉,00450000
RPOPMLKLLHLGFFB67DA,市鎮北段,9.63,都市：其他:第四種商業區,10000,16,持分移轉,00450000
RPXOMLKLLHLGFFB48DA,市鎮北段,14.45,都市：其他:第四種商業區,10000,24,持分移轉,00450000
RPXTMLKKJHLGFFB68DA,市鎮北段,9.63,都市：其他:第四種商業區,10000,16,持分移轉,00450000
RPVSMLSJLHLGFCB98DA,寶文段,30.82,都市：其他:第二種住宅區,100000,658,持分移轉,00350002
RPQNMLSJLHLGFCB97DA,寶文段,30.02,都市：其他:第二種住宅區,100000,641,持分移轉,00350002
RPWSMLSJLHLGFCB09DA,寶文段,30.82,都市：其他:第二種住宅區,100000,658,持分移轉,00350002
RPVQMLTJLHLGFCB88DA,寶文段,30.40,都市：其他:第二種住宅區,100000,649,持分移轉,00350002
RPVRMLTJLHLGFCB98DA,寶文段,30.91,都市：其他:第二種住宅區,100000,660,持分移轉,00350002
RPXNMLLKLHLGFCB08DA,寶文段,23.84,都市：其他:第二種住宅區,100000,509,持分移轉,00350002
RPSSMLLKLHLGFCB08DA,寶文段,23.51,都市：其他:第二種住宅區,100000,502,持分移轉,00350002
RPWNMLOLLHLGFCB38DA,廣福段,26.94,都市：其他:農業區,100000,992,持分移轉,03360000
RPOPMLOLLHLGFCB77DA,廣福段,19.28,都市：其他:農業區,100000,710,持分移轉,03360000
RPPPMLOLLHLGFCB87DA,廣福段,26.94,都市：其他:農業區,100000,992,持分移轉,03360000
RPSONLMJMHLGFBB77DA,敦和段,105.13,都市：其他:第一之一種住宅區,1,1,全筆移轉,04550000
RPSONLMJMHLGFBB77DA,敦和段,7.42,都市：其他:第一之一種住宅區,8,1,持分移轉,04550002
RPPNMLNJMHLGFFB77DA,市鎮北段,15.05,都市：其他:第四種商業區,10000,25,持分移轉,00450000
RPTNMLNJMHLGFFB18DA,市鎮北段,13.24,都市：其他:第四種商業區,10000,22,持分移轉,00450000
RPXNMLNJMHLGFFB58DA,市鎮北段,11.44,都市：其他:第四種商業區,10000,19,持分移轉,00450000
RPOOMLNJMHLGFFB77DA,市鎮北段,11.44,都市：其他:第四種商業區,10000,19,持分移轉,00450000
RPUNMLNLLHLGFJB78DA,福平段,13.88,都市：其他:商業區,100000,585,持分移轉,08730000
RPQQMLQLLHLGFBB18DA,崇德段,17.53,都市：其他:第一種商業區,100000,726,持分移轉,03820000
RPVNMLRJLHLGFCB38DA,寶文段,38.74,都市：其他:第二種住宅區,100000,827,持分移轉,00350002
RPRTMLSJLHLGFCB68DA,寶文段,30.82,都市：其他:第二種住宅區,100000,658,持分移轉,00350002
RPXQMLTJLHLGFCB09DA,寶文段,30.40,都市：其他:第二種住宅區,100000,649,持分移轉,00350002
RPVOMLTJLHLGFCB68DA,寶文段,30.40,都市：其他:第二種住宅區,100000,649,持分移轉,00350002
RPUUMLTJLHLGFCB56DA,寶文段,30.91,都市：其他:第二種住宅區,100000,660,持分移轉,00350002
RPSQMLLKLHLGFCB87DA,寶文段,23.84,都市：其他:第二種住宅區,100000,509,持分移轉,00350002
RPOPMLNLLHLGFJB38DA,福平段,13.86,都市：其他:商業區,100000,584,持分移轉,08730000
RPPQMLNLLHLGFJB58DA,福平段,13.31,都市：其他:商業區,100000,561,持分移轉,08730000
RPTQMLNLLHLGFJB98DA,福平段,13.86,都市：其他:商業區,100000,584,持分移轉,08730000
RPUQMLNLLHLGFJB09DA,福平段,13.86,都市：其他:商業區,100000,584,持分移轉,08730000
RPXRMLNLLHLGFJB86DA,福平段,13.31,都市：其他:商業區,100000,561,持分移轉,08730000
RPOSMLNLLHLGFJB68DA,福平段,13.31,都市：其他:商業區,100000,561,持分移轉,08730000
RPQTMLNLLHLGFJB98DA,福平段,13.86,都市：其他:商業區,100000,584,持分移轉,08730000
RPUPMLOKNHLGFBB38DA,碧柳段,22.86,都市：其他:第二之一種住宅區,100000,518,持分移轉,02150000
RPRNMLOJLHLGFCB67DA,廣福段,27.05,都市：其他:農業區,100000,996,持分移轉,03360000
RPPPMLPKNHLGFDB18DA,大洲段,34.75,都市：其他:第一之一種住宅區,10000,131,持分移轉,04770000
RPWUMLNLLHLGFJB07DA,福平段,18.34,都市：其他:商業區,100000,773,持分移轉,08730000
RPUPMLNLLHLGFJB98DA,福平段,13.31,都市：其他:商業區,100000,561,持分移轉,08730000
RPTRMLKKJHLGFFB08DA,市鎮北段,13.24,都市：其他:第四種商業區,10000,22,持分移轉,00450000
RPVRMLKKJHLGFFB28DA,市鎮北段,10.83,都市：其他:第四種商業區,10000,18,持分移轉,00450000
RPRTMLKKLHLGFCB97DA,寶文段,22.81,都市：其他:第二種住宅區,100000,487,持分移轉,00350002
RPOQMLKKJHLGFFB47DA,市鎮北段,10.83,都市：其他:第四種商業區,10000,18,持分移轉,00450000
RPTSMLKKJHLGFFB18DA,市鎮北段,15.05,都市：其他:第四種商業區,10000,25,持分移轉,00450000
RPWSMLKKJHLGFFB48DA,市鎮北段,11.44,都市：其他:第四種商業區,10000,19,持分移轉,00450000
RPXSMLKKJHLGFFB58DA,市鎮北段,11.44,都市：其他:第四種商業區,10000,19,持分移轉,00450000
RPXPMLPKNHLGFDB98DA,大洲段,31.30,都市：其他:第一之一種住宅區,10000,118,持分移轉,04770000
RPPVMLKKJHLGFFB08DA,市鎮北段,14.45,都市：其他:第四種商業區,10000,24,持分移轉,00450000
RPRRMLTJLHLGFCB58DA,寶文段,30.40,都市：其他:第二種住宅區,100000,649,持分移轉,00350002
RPPNMLOJLHLGFCB47DA,廣福段,19.20,都市：其他:農業區,100000,707,持分移轉,03360000
RPRQMLQJLHLGFIB78DA,新高鐵段,18.37,都市：其他:商業區,100000,317,持分移轉,00570000
RPWPMLNKLHLGFCB38DA,中正段,10.52,都市：其他:第三種商業區,100000,215,持分移轉,02280000
RPOOMLTJKHLGFJB58DA,學億段,29.55,都市：其他:住宅區,10000,157,持分移轉,00380004
RPPTMLKKJHLGFFB87DA,市鎮北段,13.84,都市：其他:第四種商業區,10000,23,持分移轉,00450000
RPWVMLNLLHLGFJB17DA,福平段,19.70,都市：其他:商業區,100000,830,持分移轉,08730000
RPTTMLOJMHLGFBB48DA,仁平段,14.90,都市：其他:第一之一種住宅區,100000,558,持分移轉,03580000
RPTTMLOJMHLGFBB48DA,平田段,7.19,都市：其他:第二種住宅區,100000,558,持分移轉,09530000
RPXUMLNLLHLGFJB17DA,福平段,19.70,都市：其他:商業區,100000,830,持分移轉,08730000
RPVNMLMKMHLGFFB38DA,市鎮北段,15.05,都市：其他:第四種商業區,10000,25,持分移轉,00450000
RPXNMLMLJHLGFBB97DA,南興段,84.66,都市：其他:第一種住宅區,1,1,全筆移轉,01670030
RPXNMLMLJHLGFBB97DA,南興段,29.56,都市：其他:第一種住宅區,100000,9001,持分移轉,01670036
RPQQMLRJMHLGFBB18DA,仁平段,14.90,都市：其他:第一之一種住宅區,100000,558,持分移轉,03580000
RPQQMLRJMHLGFBB18DA,平田段,7.19,都市：其他:第二種住宅區,100000,558,持分移轉,09530000
RPTRMLOJMHLGFBB28DA,仁平段,14.90,都市：其他:第一之一種住宅區,100000,558,持分移轉,03580000
RPXVMLOJMHLGFBB09DA,仁平段,20.02,都市：其他:第一之一種住宅區,100000,750,持分移轉,03580000
RPTRMLOJMHLGFBB28DA,平田段,7.19,都市：其他:第二種住宅區,100000,558,持分移轉,09530000
RPXVMLOJMHLGFBB09DA,平田段,9.67,都市：其他:第二種住宅區,100000,750,持分移轉,09530000
RPRRMLOJMHLGFBB08DA,仁平段,14.90,都市：其他:第一之一種住宅區,100000,558,持分移轉,03580000
RPRRMLOJMHLGFBB08DA,平田段,7.19,都市：其他:第二種住宅區,100000,558,持分移轉,09530000
RPPONLNLLHLGFJB48DA,福平段,19.70,都市：其他:商業區,100000,830,持分移轉,08730000
RPVVMLNLLHLGFJB07DA,福平段,13.31,都市：其他:商業區,100000,561,持分移轉,08730000
RPPNMLPKMHLGFBB67DA,新賴厝廍三段,16.64,都市：其他:第二種住宅區,100000,3610,持分移轉,06830000
RPUNMLOKMHLGFCB18DA,福德段,8.01,都市：其他:第三種住宅區。,100000,915,持分移轉,00370000
RPUNMLOKMHLGFCB18DA,福德段,9.14,都市：其他:第二種住宅區,100000,915,持分移轉,00420000
RPVOMLLKKIKGFBB77DA,美和段,31.54,都市：其他:第一之一種住宅區,1000000,8244,持分移轉,05690000
RPWQMLRKMHLGFBB88DA,仁平段,85.59,都市：其他:第一之一種住宅區,10000,482,持分移轉,00750000
RPRQMLRJMHLGFBB28DA,仁平段,14.90,都市：其他:第一之一種住宅區,100000,558,持分移轉,03580000
RPRQMLRJMHLGFBB28DA,平田段,7.19,都市：其他:第二種住宅區,100000,558,持分移轉,09530000
RPOVMLNLLHLGFJB98DA,福平段,19.62,都市：其他:商業區,100000,827,持分移轉,08730000
RPSNMLSKMHLGFKB56DA,龍崗段,27.28,都市：其他:第四種住宅區,100000,1217,持分移轉,00800000
RPQOMLQLMHLGFCB18DA,惠安段,29.16,都市：其他:第二種住宅區,10000,424,持分移轉,00910000
RPRQNLMJMHLGFBB87DA,溝背段,19.76,都市：其他:第二之一種住宅區,100000,531,持分移轉,01430000
RPPQMLKLMHLGFCB67DA,生態段,23.38,都市：其他:第二種生態住宅專用區,10000,108,持分移轉,00660000
RPPQMLKLMHLGFCB67DA,生態段,10.65,都市：其他:第二種生態住宅專用區,10000,108,持分移轉,00670000
RPQNNLMJMHLGFBB47DA,溝背段,14.66,都市：其他:第二之一種住宅區,100000,394,持分移轉,01430000
RPXNMLRJLHLGFCB58DA,寶文段,38.74,都市：其他:第二種住宅區,100000,827,持分移轉,00350002
RPSNMLQJMHLGFKB88DA,龍崗段,27.28,都市：其他:第四種住宅區,100000,1217,持分移轉,00800000
RPPOMLNLMHLGFBB67DA,碧柳段,22.86,都市：其他:第二之一種住宅區,100000,518,持分移轉,02150000
RPWTMLOJMHLGFBB78DA,仁平段,14.90,都市：其他:第一之一種住宅區,100000,558,持分移轉,03580000
RPWTMLOJMHLGFBB78DA,平田段,7.19,都市：其他:第二種住宅區,100000,558,持分移轉,09530000
RPOSNLMJMHLGFBB77DA,溝背段,15.03,都市：其他:第二之一種住宅區,100000,404,持分移轉,01430000
RPOOMLRKMHLGFBB87DA,溝背段,19.76,都市：其他:第二之一種住宅區,100000,531,持分移轉,01430000
RPUONLMJMHLGFBB97DA,溝背段,25.86,都市：其他:第二之一種住宅區,100000,695,持分移轉,01430000
RPWRMLOLLHLGFFB09DA,沙工北段,25.40,都市：其他:第四種住宅區,100000,617,持分移轉,15190000
RPXPMLSJNHLGFCB09DA,福德段,5.89,都市：其他:第三種住宅區。,100000,673,持分移轉,00370000
RPXPMLSJNHLGFCB09DA,福德段,6.72,都市：其他:第二種住宅區,100000,673,持分移轉,00420000
RPTTNLOLLHLGFFB09DA,沙工北段,18.89,都市：其他:第四種住宅區,100000,459,持分移轉,15190000
RPTRNLOLLHLGFFB88DA,沙工北段,19.26,都市：其他:第四種住宅區,100000,468,持分移轉,15190000
RPPPMLNKNHLGFCB87DA,惠泰段,18.46,都市：其他:第二種住宅區,100000,2699,持分移轉,00830000
RPOPMLLKNHLGFBB47DA,碧柳段,22.86,都市：其他:第二之一種住宅區,100000,518,持分移轉,02150000
RPTPNLMJMHLGFBB97DA,溝背段,25.86,都市：其他:第二之一種住宅區,100000,695,持分移轉,01430000
RPQOMLLLNHLGFFB08DA,市鎮北段,10.83,都市：其他:第四種商業區,10000,18,持分移轉,00450000
RPPRNLOLLHLGFFB48DA,沙工北段,19.26,都市：其他:第四種住宅區,100000,468,持分移轉,15190000
RPSPNLOLLHLGFFB58DA,沙工北段,19.55,都市：其他:第四種住宅區,100000,475,持分移轉,15190000
RPUWMLOLLHLGFFB76DA,沙工北段,31.69,都市：其他:第四種住宅區,100000,770,持分移轉,15190000
RPWPMLPKNHLGFDB88DA,大洲段,35.01,都市：其他:第一之一種住宅區,10000,132,持分移轉,04770000
RPVTNLOLLHLGFFB66DA,沙工北段,18.89,都市：其他:第四種住宅區,100000,459,持分移轉,15190000
RPQNMLMLNHLGFJB48DA,福平段,18.34,都市：其他:商業區,100000,773,持分移轉,08730000
RPPNMLMLNHLGFJB38DA,福平段,18.34,都市：其他:商業區,100000,773,持分移轉,08730000
RPTTMLOLLHLGFFB98DA,沙工北段,25.77,都市：其他:第四種住宅區,100000,626,持分移轉,15190000
RPVQNLNJLHLGFBB28DA,東山段,21.91,都市：其他:第二種住宅區,100000,1279,持分移轉,03150000
RPUNMLSLNHLGFBB68DA,碧柳段,22.86,都市：其他:第二之一種住宅區,100000,518,持分移轉,02150000
RPWUMLOLLHLGFFB76DA,沙工北段,24.24,都市：其他:第四種住宅區,100000,589,持分移轉,15190000
RPVUMLOLLHLGFFB66DA,沙工北段,24.24,都市：其他:第四種住宅區,100000,589,持分移轉,15190000
RPVNMLOJLHLGFCB08DA,廣福段,29.95,都市：其他:農業區,100000,1103,持分移轉,03360000
RPQOMLRKMHLGFBB08DA,溝背段,14.66,都市：其他:第二之一種住宅區,100000,394,持分移轉,01430000
RPRTMLOLLHLGFFB78DA,沙工北段,25.77,都市：其他:第四種住宅區,100000,626,持分移轉,15190000
RPSPMLOJLHLGFCB97DA,廣福段,33.29,都市：其他:農業區,100000,1226,持分移轉,03360000
RPQOMLOJLHLGFCB67DA,廣福段,21.92,都市：其他:農業區,100000,807,持分移轉,03360000
RPSNMLOJLHLGFCB77DA,廣福段,21.92,都市：其他:農業區,200000,1614,持分移轉,03360000
RPPRMLSJLHLGFCB28DA,廣福段,22.00,都市：其他:農業區,100000,810,持分移轉,03360000
RPWNMLKKLHLGFCB87DA,福德段,5.89,都市：其他:第三種住宅區。,100000,673,持分移轉,00370000
RPWNMLKKLHLGFCB87DA,福德段,6.72,都市：其他:第二種住宅區,100000,673,持分移轉,00420000
RPVNMLKKLHLGFCB77DA,福德段,8.01,都市：其他:第三種住宅區。,100000,915,持分移轉,00370000
RPVNMLKKLHLGFCB77DA,福德段,9.14,都市：其他:第二種住宅區,100000,915,持分移轉,00420000
RPUOMLLMJHLGFIB48DA,新高鐵段,18.37,都市：其他:商業區,100000,317,持分移轉,00570000
RPQOMLMKLHLGFCB57DA,永春段,23.00,都市：其他:第一之一種住宅區,100000,809,持分移轉,01050000
RPQOMLMKLHLGFCB57DA,永春段,1.38,都市：其他:第一種住宅區,100000,46,持分移轉,01060004
RPPPNLTKLHLGFBB28DA,東山段,21.58,都市：其他:第二種住宅區,100000,1260,持分移轉,03150000
RPRQMLLMJHLGFIB38DA,新高鐵段,18.37,都市：其他:商業區,100000,317,持分移轉,00570000
RPSPMLLMJHLGFIB38DA,新高鐵段,16.05,都市：其他:商業區,100000,277,持分移轉,00570000
RPQRMLKLLHLGFCB77DA,福德段,9.42,都市：其他:第三種住宅區。,100000,1076,持分移轉,00370000
RPQRMLKLLHLGFCB77DA,福德段,10.74,都市：其他:第二種住宅區,100000,1076,持分移轉,00420000
RPQPNLTKLHLGFBB38DA,東山段,21.43,都市：其他:第二種住宅區,100000,1251,持分移轉,03150000
RPVNMLLKLHLGFBB77DA,崇德段,17.53,都市：其他:第一種商業區,100000,726,持分移轉,03820000
RPTOMLTJLHLGFCB48DA,寶文段,30.40,都市：其他:第二種住宅區,100000,649,持分移轉,00350002
RPTPMLLKLHLGFBB77DA,崇德段,22.07,都市：其他:第一種商業區,100000,914,持分移轉,03820000
RPTRMLLKLHLGFCB08DA,寶文段,23.51,都市：其他:第二種住宅區,100000,502,持分移轉,00350002
RPUOMLOLLHLGFCB28DA,廣福段,19.82,都市：其他:農業區,100000,730,持分移轉,03360000
RPXNMLOLLHLGFCB48DA,廣福段,29.33,都市：其他:農業區,100000,1080,持分移轉,03360000
RPOOMLOJLHLGFCB47DA,廣福段,22.87,都市：其他:農業區,100000,842,持分移轉,03360000
RPRPMLOLLHLGFCB08DA,廣福段,22.00,都市：其他:農業區,100000,810,持分移轉,03360000
RPVOMLRKLHLGFCB58DA,寶文段,29.27,都市：其他:第二種住宅區,100000,625,持分移轉,00350002
RPXRMLKMLHLGFCB58DA,福德段,8.01,都市：其他:第三種住宅區。,100000,915,持分移轉,00370000
RPXRMLKMLHLGFCB58DA,福德段,9.14,都市：其他:第二種住宅區,100000,915,持分移轉,00420000
RPQOMLRJMHLGFCB08DA,福德段,23.72,都市：其他:第二種住宅區,100000,856,持分移轉,01110000
RPVPMLLJMHLGFBB97DA,新賴厝廍三段,16.63,都市：其他:第二種住宅區,100000,3607,持分移轉,06830000
RPWNMLNLLHLGFJB98DA,福平段,13.31,都市：其他:商業區,100000,561,持分移轉,08730000
RPWQMLNLLHLGFJB66DA,福平段,13.81,都市：其他:商業區,100000,582,持分移轉,08730000
RPUTMLNLLHLGFJB76DA,福平段,18.34,都市：其他:商業區,100000,773,持分移轉,08730000
RPTPMLNLLHLGFJB88DA,福平段,13.31,都市：其他:商業區,100000,561,持分移轉,08730000
RPRVMLNLLHLGFJB66DA,福平段,13.86,都市：其他:商業區,100000,584,持分移轉,08730000
RPXVMLNLLHLGFJB27DA,福平段,19.70,都市：其他:商業區,100000,830,持分移轉,08730000
RPQSMLNLLHLGFJB88DA,福平段,18.34,都市：其他:商業區,100000,773,持分移轉,08730000
RPUQMLTJMHLGFBB78DA,東山段,21.58,都市：其他:第二種住宅區,100000,1260,持分移轉,03150000
RPTONLNLLHLGFJB88DA,福平段,13.81,都市：其他:商業區,100000,582,持分移轉,08730000
RPSNMLRKMHLGFKB09DA,龍崗段,26.56,都市：其他:第四種住宅區,100000,1185,持分移轉,00800000
RPVQMLTJMHLGFBB88DA,東山段,21.58,都市：其他:第二種住宅區,100000,1260,持分移轉,03150000
RPXRMLOJMHLGFBB68DA,仁平段,14.90,都市：其他:第一之一種住宅區,100000,558,持分移轉,03580000
RPXRMLOJMHLGFBB68DA,平田段,7.19,都市：其他:第二種住宅區,100000,558,持分移轉,09530000
RPVONLMJMHLGFBB08DA,溝背段,15.03,都市：其他:第二之一種住宅區,100000,404,持分移轉,01430000
RPWNNLMJMHLGFBB08DA,溝背段,25.86,都市：其他:第二之一種住宅區,100000,695,持分移轉,01430000
RPPRMLLKLHLGFCB67DA,寶文段,23.51,都市：其他:第二種住宅區,100000,502,持分移轉,00350002
RPRPMLLLMHLGFCB87DA,廣福段,21.34,都市：其他:農業區,100000,786,持分移轉,03360000
RPVPNLMJMHLGFBB18DA,溝背段,15.03,都市：其他:第二之一種住宅區,100000,404,持分移轉,01430000
RPWRNLMJMHLGFBB48DA,溝背段,25.86,都市：其他:第二之一種住宅區,100000,695,持分移轉,01430000
RPSPMLOLMHLGFBB18DA,碧柳段,23.70,都市：其他:第二之一種住宅區,100000,537,持分移轉,02150000
RPPNMLMLMHLGFJB28DA,福平段,13.31,都市：其他:商業區,100000,561,持分移轉,08730000
RPXOMLNLMHLGFBB48DA,碧柳段,22.59,都市：其他:第二之一種住宅區,100000,512,持分移轉,02150000
RPTPMLSLMHLGFCB78DA,福德段,32.09,都市：其他:第二種住宅區,100000,1158,持分移轉,01110000
RPSOMLQLMHLGFCB38DA,惠安段,29.16,都市：其他:第二種住宅區,10000,424,持分移轉,00910000
RPTOMLSKMHLGFKB76DA,龍崗段,25.80,都市：其他:第四種住宅區,100000,1151,持分移轉,00800000
RPUVMLMJMHLGFBB58DA,溝背段,22.14,都市：其他:第二之一種住宅區,100000,595,持分移轉,01430000
RPUWMLMJMHLGFBB68DA,溝背段,15.03,都市：其他:第二之一種住宅區,100000,404,持分移轉,01430000
RPSNMLRKMHLGFBB18DA,溝背段,14.66,都市：其他:第二之一種住宅區,100000,394,持分移轉,01430000
RPXWMLMJMHLGFBB98DA,溝背段,14.66,都市：其他:第二之一種住宅區,100000,394,持分移轉,01430000
RPOPMLMLMHLGFBB57DA,碧柳段,22.86,都市：其他:第二之一種住宅區,100000,518,持分移轉,02150000
RPSOMLRKMHLGFBB28DA,溝背段,15.03,都市：其他:第二之一種住宅區,100000,404,持分移轉,01430000
RPROMLOLLHLGFFB28DA,沙工北段,25.31,都市：其他:第四種住宅區,100000,615,持分移轉,15190000
RPPRMLOLLHLGFFB38DA,沙工北段,25.40,都市：其他:第四種住宅區,100000,617,持分移轉,15190000
RPVTMLOLLHLGFFB56DA,沙工北段,25.77,都市：其他:第四種住宅區,100000,626,持分移轉,15190000
RPXTMLOLLHLGFFB76DA,沙工北段,25.77,都市：其他:第四種住宅區,100000,626,持分移轉,15190000
RPXONLOLLHLGFFB98DA,沙工北段,19.55,都市：其他:第四種住宅區,100000,475,持分移轉,15190000
RPOVMLOLLHLGFFB68DA,沙工北段,24.24,都市：其他:第四種住宅區,100000,589,持分移轉,15190000
RPPUMLOLLHLGFFB68DA,沙工北段,25.77,都市：其他:第四種住宅區,100000,626,持分移轉,15190000
RPWRNLOLLHLGFFB56DA,沙工北段,19.26,都市：其他:第四種住宅區,100000,468,持分移轉,15190000
RPOTNLOLLHLGFFB58DA,沙工北段,18.89,都市：其他:第四種住宅區,100000,459,持分移轉,15190000
RPRTNLOLLHLGFFB88DA,沙工北段,18.89,都市：其他:第四種住宅區,100000,459,持分移轉,15190000
RPWSMLLKLHLGFCB48DA,寶文段,23.51,都市：其他:第二種住宅區,100000,502,持分移轉,00350002
RPSQMLNKNHLGFCB28DA,惠泰段,15.65,都市：其他:第二種住宅區,100000,2288,持分移轉,00830000
RPSRMLNKNHLGFCB38DA,惠泰段,18.46,都市：其他:第二種住宅區,100000,2699,持分移轉,00830000
RPRPMLNKNHLGFCB08DA,惠泰段,15.65,都市：其他:第二種住宅區,100000,2288,持分移轉,00830000
RPURMLNKNHLGFCB58DA,惠泰段,16.05,都市：其他:第二種住宅區,100000,2347,持分移轉,00830000
RPTQMLNKNHLGFCB38DA,惠泰段,18.46,都市：其他:第二種住宅區,100000,2699,持分移轉,00830000
RPVNMLQLNHLGFJB76DA,愛平段,33.18,都市：其他:第一種住宅區,100000,1295,持分移轉,10500000
RPSSNLOLLHLGFFB88DA,沙工北段,18.89,都市：其他:第四種住宅區,100000,459,持分移轉,15190000
RPPOMLOLLHLGFFB08DA,沙工北段,25.31,都市：其他:第四種住宅區,100000,615,持分移轉,15190000
RPXNMLOLLHLGFFB78DA,沙工北段,25.31,都市：其他:第四種住宅區,100000,615,持分移轉,15190000
RPPQMLTKNHLGFDB68DA,大洲段,35.01,都市：其他:第一之一種住宅區,10000,132,持分移轉,04770000
RPOPMLOLLHLGFFB08DA,沙工北段,31.69,都市：其他:第四種住宅區,100000,770,持分移轉,15190000
RPUNMLOLLHLGFFB48DA,沙工北段,25.31,都市：其他:第四種住宅區,100000,615,持分移轉,15190000
RPPPMLOLLHLGFFB18DA,沙工北段,25.31,都市：其他:第四種住宅區,100000,615,持分移轉,15190000
RPXRMLOLLHLGFFB56DA,沙工北段,31.69,都市：其他:第四種住宅區,100000,770,持分移轉,15190000
RPOSMLOLLHLGFFB38DA,沙工北段,25.60,都市：其他:第四種住宅區,100000,622,持分移轉,15190000
RPWSMLOLLHLGFFB56DA,沙工北段,25.77,都市：其他:第四種住宅區,100000,626,持分移轉,15190000
RPUUMLOLLHLGFFB56DA,沙工北段,24.24,都市：其他:第四種住宅區,100000,589,持分移轉,15190000
RPTWMLOLLHLGFFB66DA,沙工北段,31.69,都市：其他:第四種住宅區,100000,770,持分移轉,15190000
RPTONLOLLHLGFFB58DA,沙工北段,19.55,都市：其他:第四種住宅區,100000,475,持分移轉,15190000
RPONNLOLLHLGFFB97DA,沙工北段,19.55,都市：其他:第四種住宅區,100000,475,持分移轉,15190000
RPPQNLOLLHLGFFB38DA,沙工北段,19.26,都市：其他:第四種住宅區,100000,468,持分移轉,15190000
RPVSMLPLNHLGFBB98DA,碧柳段,22.86,都市：其他:第二之一種住宅區,100000,518,持分移轉,02150000
RPSPMLRKMHLGFBB38DA,溝背段,15.03,都市：其他:第二之一種住宅區,100000,404,持分移轉,01430000
RPUQNLMJMHLGFBB18DA,溝背段,25.86,都市：其他:第二之一種住宅區,100000,695,持分移轉,01430000
RPPPMLMKLHLGFBB47DA,碧柳段,11.59,都市：其他:特定商業區,100000,121,持分移轉,00020000
RPOPMLRKMHLGFBB97DA,溝背段,15.03,都市：其他:第二之一種住宅區,100000,404,持分移轉,01430000
RPWOMLRLNHLGFBB88DA,溝背段,15.03,都市：其他:第二之一種住宅區,100000,404,持分移轉,01430000
RPXOMLRLNHLGFBB98DA,溝背段,15.03,都市：其他:第二之一種住宅區,100000,404,持分移轉,01430000
RPPOMLSLNHLGFDB48DA,市政段,20.84,都市：其他:第二種住宅區,100000,1960,持分移轉,01170000
RPTNNLMJMHLGFBB77DA,溝背段,15.03,都市：其他:第二之一種住宅區,100000,404,持分移轉,01430000
RPSNNLMJMHLGFBB67DA,溝背段,25.86,都市：其他:第二之一種住宅區,100000,695,持分移轉,01430000
RPPQMLSJNHLGFCB38DA,福德段,9.42,都市：其他:第三種住宅區。,100000,1076,持分移轉,00370000
RPPQMLSJNHLGFCB38DA,福德段,10.74,都市：其他:第二種住宅區,100000,1076,持分移轉,00420000
RPRNNLMJMHLGFBB57DA,溝背段,14.66,都市：其他:第二之一種住宅區,100000,394,持分移轉,01430000
RPUNNLPJJIKGFBB87DA,美和段,34.71,都市：其他:第一之一種住宅區,1000000,9071,持分移轉,05690000
RPUSMLNKLHLGFCB48DA,中正段,10.13,都市：其他:第三種商業區,100000,207,持分移轉,02280000
RPQOMLKKNHLGFCB57DA,惠民段,9.41,都市：其他:第六種新市政中心專用區,100000,311,持分移轉,01150000
RPTQMLKLLHLGFCB97DA,福德段,5.89,都市：其他:第三種住宅區。,100000,673,持分移轉,00370000
RPTQMLKLLHLGFCB97DA,福德段,6.72,都市：其他:第二種住宅區,100000,673,持分移轉,00420000
RPPSMLNKMHLGFCB08DA,中正段,10.52,都市：其他:第三種商業區,100000,215,持分移轉,02280000
RPUQMLKLLHLGFCB08DA,福德段,8.01,都市：其他:第三種住宅區。,100000,915,持分移轉,00370000
RPUQMLKLLHLGFCB08DA,福德段,9.14,都市：其他:第二種住宅區,100000,915,持分移轉,00420000
RPRPMLSLNHLGFDB78DA,市政段,20.70,都市：其他:第二種住宅區,100000,1947,持分移轉,01170000
RPTOMLSLNHLGFDB88DA,市政段,26.88,都市：其他:第二種住宅區,100000,2528,持分移轉,01170000
RPSOMLSLNHLGFDB78DA,市政段,20.70,都市：其他:第二種住宅區,100000,1947,持分移轉,01170000
RPPPMLSLNHLGFDB58DA,市政段,20.66,都市：其他:第二種住宅區,100000,1943,持分移轉,01170000
RPQPMLSLNHLGFDB68DA,市政段,29.07,都市：其他:第二種住宅區,100000,2734,持分移轉,01170000
RPSQMLKLLHLGFCB87DA,福德段,5.89,都市：其他:第三種住宅區。,100000,673,持分移轉,00370000
RPSQMLKLLHLGFCB87DA,福德段,6.72,都市：其他:第二種住宅區,100000,673,持分移轉,00420000
RPOPMLSLNHLGFDB48DA,市政段,26.88,都市：其他:第二種住宅區,100000,2528,持分移轉,01170000
RPUOMLSLNHLGFDB98DA,市政段,20.66,都市：其他:第二種住宅區,100000,1943,持分移轉,01170000
RPPNMLQKNHLGFCB97DA,中正段,10.52,都市：其他:第三種商業區,100000,215,持分移轉,02280000
RPOOMLQKNHLGFCB97DA,中正段,9.93,都市：其他:第三種商業區,100000,203,持分移轉,02280000
RPWNMLLJOHLGFDB28DA,市政段,20.70,都市：其他:第二種住宅區,100000,1947,持分移轉,01170000
RPSPMLOJLHLGFFB28DA,新站段,22.12,都市：其他:第四種住宅區,10000,33,持分移轉,00660000
RPQNMLOJLHLGFCB57DA,廣福段,19.28,都市：其他:農業區,100000,710,持分移轉,03360000
RPTPMLSLNHLGFDB98DA,市政段,20.66,都市：其他:第二種住宅區,100000,1943,持分移轉,01170000
RPQPMLPLNHLGFJB98DA,愛平段,33.08,都市：其他:第一種住宅區,100000,1291,持分移轉,10500000
RPUPMLSLNHLGFDB09DA,市政段,26.96,都市：其他:第二種住宅區,100000,2536,持分移轉,01170000
RPUQMLMJLHLGFCB08DA,豐業段,24.28,都市：其他:第二種住宅區,100000,981,持分移轉,01340000
RPWPMLSLNHLGFDB66DA,市政段,20.70,都市：其他:第二種住宅區,100000,1947,持分移轉,01170000
RPXPMLSLNHLGFDB76DA,市政段,20.66,都市：其他:第二種住宅區,100000,1943,持分移轉,01170000
RPOQMLSLNHLGFDB58DA,市政段,26.96,都市：其他:第二種住宅區,100000,2536,持分移轉,01170000
RPSPMLSLNHLGFDB88DA,市政段,29.09,都市：其他:第二種住宅區,100000,2736,持分移轉,01170000
RPQQMLSLNHLGFDB78DA,市政段,20.70,都市：其他:第二種住宅區,100000,1947,持分移轉,01170000
RPXNMLKKNHLGFCB18DA,惠民段,9.41,都市：其他:第六種新市政中心專用區,100000,311,持分移轉,01150000
RPURMLSLNHLGFDB66DA,市政段,26.88,都市：其他:第二種住宅區,100000,2528,持分移轉,01170000
RPWQMLSLNHLGFDB76DA,市政段,26.88,都市：其他:第二種住宅區,100000,2528,持分移轉,01170000
RPVQMLSLNHLGFDB66DA,市政段,20.70,都市：其他:第二種住宅區,100000,1947,持分移轉,01170000
RPSRMLSLNHLGFDB09DA,市政段,20.70,都市：其他:第二種住宅區,100000,1947,持分移轉,01170000
RPRQMLSLNHLGFDB88DA,市政段,26.88,都市：其他:第二種住宅區,100000,2528,持分移轉,01170000
RPRRMLSLNHLGFDB98DA,市政段,26.96,都市：其他:第二種住宅區,100000,2536,持分移轉,01170000
RPQRMLSLNHLGFDB88DA,市政段,20.66,都市：其他:第二種住宅區,100000,1943,持分移轉,01170000
RPPSMLMJLHLGFCB77DA,豐業段,26.64,都市：其他:第二種住宅區,100000,1076,持分移轉,01340000
RPXQMLSLNHLGFDB86DA,市政段,20.66,都市：其他:第二種住宅區,100000,1943,持分移轉,01170000
RPXNMLQJLHLGFFB78DA,市鎮北段,10.62,都市：其他:第四種商業區,10000,33,持分移轉,00130001
RPSNMLRJLHLGFCB08DA,寶文段,38.74,都市：其他:第二種住宅區,100000,827,持分移轉,00350002
RPQNMLPLLHLGFEB08DA,賢仁段,193.49,都市：其他:住宅區,1,1,全筆移轉,03010000
RPQNMLPLLHLGFEB08DA,賢仁段,.41,都市：其他:住宅區,33326,362,持分移轉,03020000
RPSOMLKLLHLGFCB67DA,福德段,5.89,都市：其他:第三種住宅區。,100000,673,持分移轉,00370000
RPSOMLKLLHLGFCB67DA,福德段,6.72,都市：其他:第二種住宅區,100000,673,持分移轉,00420000
RPSNMLLKLHLGFCB57DA,寶文段,23.84,都市：其他:第二種住宅區,100000,509,持分移轉,00350002
RPRQMLNLLHLGFJB78DA,福平段,13.31,都市：其他:商業區,100000,561,持分移轉,08730000
RPQOMLNKLHLGFCB67DA,生態段,27.49,都市：其他:第二種生態住宅專用區,10000,127,持分移轉,00660000
RPQOMLNKLHLGFCB67DA,生態段,12.52,都市：其他:第二種生態住宅專用區,10000,127,持分移轉,00670000
RPWRMLTJLHLGFCB09DA,寶文段,30.91,都市：其他:第二種住宅區,100000,660,持分移轉,00350002
RPPPMLLMLHLGFBB57DA,仁平段,86.48,都市：其他:第一之一種住宅區,10000,487,持分移轉,00750000
RPUSMLLKLHLGFCB28DA,寶文段,23.51,都市：其他:第二種住宅區,100000,502,持分移轉,00350002
RPTTMLNLLHLGFJB66DA,福平段,13.81,都市：其他:商業區,100000,582,持分移轉,08730000
RPRNMLPKMHLGFBB87DA,新賴厝廍三段,15.29,都市：其他:第二種住宅區,100000,3317,持分移轉,06830000
RPVRMLQJMHLGFKB96DA,龍崗段,37.20,都市：其他:第四種住宅區,100000,1660,持分移轉,00800000
RPSUMLKKLHLGFCB18DA,寶文段,22.81,都市：其他:第二種住宅區,100000,487,持分移轉,00350002
RPVSMLNKLHLGFCB58DA,中正段,10.13,都市：其他:第三種商業區,100000,207,持分移轉,02280000
RPWOMLLMLHLGFBB18DA,仁平段,86.48,都市：其他:第一之一種住宅區,10000,487,持分移轉,00750000
RPVNMLMLMHLGFJB88DA,福平段,13.81,都市：其他:商業區,100000,582,持分移轉,08730000
RPRSMLLKLHLGFCB97DA,寶文段,23.51,都市：其他:第二種住宅區,100000,502,持分移轉,00350002
RPTOMLSJNHLGFJB66DA,育賢段,22.34,都市：其他:住宅區,10000,26,持分移轉,02010000
RPQQMLSKMHLGFKB66DA,龍崗段,37.79,都市：其他:第四種住宅區,100000,1686,持分移轉,00800000
RPQSMLOJNHLGFCB28DA,惠民段,9.41,都市：其他:第六種新市政中心專用區,100000,311,持分移轉,01150000
RPXPMLMKMHLGFKB66DA,龍崗段,38.01,都市：其他:第四種住宅區,100000,1696,持分移轉,00800000
RPROMLNKNHLGFCB97DA,惠泰段,20.09,都市：其他:第二種住宅區,100000,2938,持分移轉,00830000
RPSPMLOLLHLGFFB48DA,沙工北段,25.31,都市：其他:第四種住宅區,100000,615,持分移轉,15190000
RPWPMLNKNHLGFCB58DA,惠泰段,15.65,都市：其他:第二種住宅區,100000,2288,持分移轉,00830000
RPUQMLNKLHLGFCB28DA,中正段,9.93,都市：其他:第三種商業區,100000,203,持分移轉,02280000
RPXQMLLJMHLGFBB28DA,文正段,11.03,都市：其他:第二種住宅區,10000,1491,持分移轉,00840251
RPXQMLLJMHLGFBB28DA,文正段,48.50,都市：其他:第二種住宅區,1,1,全筆移轉,00840252
RPPRMLNKNHLGFCB08DA,惠泰段,18.46,都市：其他:第二種住宅區,100000,2699,持分移轉,00830000
RPWNMLOLLHLGFFB68DA,沙工北段,25.31,都市：其他:第四種住宅區,100000,615,持分移轉,15190000
RPVRMLNKNHLGFCB68DA,惠泰段,18.79,都市：其他:第二種住宅區,100000,2747,持分移轉,00830000
RPXPNLOLLHLGFFB09DA,沙工北段,19.26,都市：其他:第四種住宅區,100000,468,持分移轉,15190000
RPUPMLOLLHLGFFB68DA,沙工北段,25.31,都市：其他:第四種住宅區,100000,615,持分移轉,15190000
RPQONLOLLHLGFFB28DA,沙工北段,19.55,都市：其他:第四種住宅區,100000,475,持分移轉,15190000
RPWSNLOLLHLGFFB66DA,沙工北段,18.89,都市：其他:第四種住宅區,100000,459,持分移轉,15190000
RPQUMLOJNHLGFCB48DA,中正段,10.13,都市：其他:第三種商業區,100000,207,持分移轉,02280000
RPQNMLKKKHLGFFB47DA,興安西段,22.86,都市：其他:第四種住宅區,100000,774,持分移轉,01960000
RPVTMLNKMHLGFCB78DA,中正段,9.93,都市：其他:第三種商業區,100000,203,持分移轉,02280000
RPVRMLSLNHLGFDB76DA,市政段,20.66,都市：其他:第二種住宅區,100000,1943,持分移轉,01170000
RPUQMLSLNHLGFDB56DA,市政段,20.70,都市：其他:第二種住宅區,100000,1947,持分移轉,01170000
RPROMLKKNHLGFCB67DA,惠民段,9.41,都市：其他:第六種新市政中心專用區,100000,311,持分移轉,01150000
RPPQMLSLNHLGFDB68DA,市政段,20.70,都市：其他:第二種住宅區,100000,1947,持分移轉,01170000
RPXPMLNKLHLGFCB48DA,中正段,6.56,都市：其他:第三種商業區,100000,134,持分移轉,02280000
RPPONLOJNHLGFCB87DA,中正段,6.56,都市：其他:第三種商業區,100000,134,持分移轉,02280000
RPXRMLLMJHLGFIB09DA,新高鐵段,15.76,都市：其他:商業區,100000,272,持分移轉,00570000
RPTOMLSJLHLGFCB38DA,寶文段,29.70,都市：其他:第二種住宅區,100000,634,持分移轉,00350002
RPRNMLSJLHLGFCB08DA,寶文段,30.02,都市：其他:第二種住宅區,100000,641,持分移轉,00350002
RPPTMLNKLHLGFCB08DA,中正段,10.52,都市：其他:第三種商業區,100000,215,持分移轉,02280000
RPSNMLSJLHLGFCB18DA,寶文段,30.02,都市：其他:第二種住宅區,100000,641,持分移轉,00350002
RPWRMLSJLHLGFCB98DA,寶文段,30.91,都市：其他:第二種住宅區,100000,660,持分移轉,00350002
RPXRMLSJLHLGFCB09DA,寶文段,30.91,都市：其他:第二種住宅區,100000,660,持分移轉,00350002
RPUNMLTLNHLGFDB98DA,市政段,26.96,都市：其他:第二種住宅區,100000,2536,持分移轉,01170000
RPWNMLLKLHLGFFB28DA,市鎮南段,6.73,都市：其他:第四種商業區,100000,30,持分移轉,00970000
RPOTMLSJLHLGFCB38DA,寶文段,30.82,都市：其他:第二種住宅區,100000,658,持分移轉,00350002
RPPUMLTJLHLGFCB68DA,寶文段,30.91,都市：其他:第二種住宅區,100000,660,持分移轉,00350002
RPPOMLTJLHLGFCB08DA,寶文段,30.02,都市：其他:第二種住宅區,100000,641,持分移轉,00350002
RPUNMLRJLHLGFCB28DA,寶文段,38.74,都市：其他:第二種住宅區,100000,827,持分移轉,00350002
RPPTMLKKLHLGFCB77DA,寶文段,22.81,都市：其他:第二種住宅區,100000,487,持分移轉,00350002
RPXOMLSJLHLGFCB78DA,寶文段,29.70,都市：其他:第二種住宅區,100000,634,持分移轉,00350002
RPOQMLNKLHLGFCB67DA,中正段,6.56,都市：其他:第三種商業區,100000,134,持分移轉,02280000
RPQTMLKKLHLGFCB87DA,寶文段,22.81,都市：其他:第二種住宅區,100000,487,持分移轉,00350002
RPRPMLLKLHLGFCB67DA,寶文段,23.84,都市：其他:第二種住宅區,100000,509,持分移轉,00350002
RPPPMLLKLHLGFCB47DA,寶文段,23.84,都市：其他:第二種住宅區,100000,509,持分移轉,00350002
RPVOMLLMJHLGFIB58DA,新高鐵段,10.66,都市：其他:商業區,100000,184,持分移轉,00570000
RPORMLLKLHLGFCB57DA,寶文段,23.51,都市：其他:第二種住宅區,100000,502,持分移轉,00350002
RPUNMLQLJHLGFFB48DA,市鎮南段,11.02,都市：其他:第四種商業區,10000,22,持分移轉,00740000
RPWNMLSKLHLGFCB68DA,寶文段,29.70,都市：其他:第二種住宅區,100000,634,持分移轉,00350002
RPURMLLKLHLGFCB18DA,寶文段,23.51,都市：其他:第二種住宅區,100000,502,持分移轉,00350002
RPPOMLLKLHLGFHB87DA,弘富段,30.94,都市：其他:第一之二種住宅區,100000,1253,持分移轉,00930000
RPPNMLRJLHLGFCB77DA,寶文段,42.06,都市：其他:第二種住宅區,100000,898,持分移轉,00350002
RPSTMLKKLHLGFCB08DA,寶文段,22.81,都市：其他:第二種住宅區,100000,487,持分移轉,00350002
RPTTMLKKLHLGFCB18DA,寶文段,22.81,都市：其他:第二種住宅區,100000,487,持分移轉,00350002
RPQSMLLKLHLGFCB87DA,寶文段,23.51,都市：其他:第二種住宅區,100000,502,持分移轉,00350002
RPUTMLSJLHLGFCB98DA,寶文段,30.82,都市：其他:第二種住宅區,100000,658,持分移轉,00350002
RPRUMLKKLHLGFCB08DA,寶文段,22.81,都市：其他:第二種住宅區,100000,487,持分移轉,00350002
RPSRMLTJLHLGFCB68DA,寶文段,30.40,都市：其他:第二種住宅區,100000,649,持分移轉,00350002
RPOUMLKKLHLGFCB77DA,寶文段,22.81,都市：其他:第二種住宅區,100000,487,持分移轉,00350002
RPXPMLLKLHLGFCB28DA,寶文段,23.84,都市：其他:第二種住宅區,100000,509,持分移轉,00350002
RPSTMLSJLHLGFCB78DA,寶文段,30.82,都市：其他:第二種住宅區,100000,658,持分移轉,00350002
RPRNMLLKLHLGFCB47DA,寶文段,23.84,都市：其他:第二種住宅區,100000,509,持分移轉,00350002
RPPQMLLKLHLGFCB57DA,寶文段,23.84,都市：其他:第二種住宅區,100000,509,持分移轉,00350002
RPUWMLNLLHLGFJB07DA,福平段,13.86,都市：其他:商業區,100000,584,持分移轉,08730000
RPXRMLNKMHLGFCB78DA,廣福段,19.91,都市：其他:農業區,100000,733,持分移轉,03360000
RPRRMLNKMHLGFCB18DA,廣福段,21.45,都市：其他:農業區,100000,790,持分移轉,03360000
RPVRMLNKMHLGFCB58DA,廣福段,34.41,都市：其他:農業區,100000,1267,持分移轉,03360000
RPPUMLKKLHLGFCB87DA,寶文段,22.81,都市：其他:第二種住宅區,100000,487,持分移轉,00350002
RPSNMLPKMHLGFBB97DA,新賴厝廍三段,23.96,都市：其他:第二種住宅區,100000,5198,持分移轉,06830000
RPXWMLNLLHLGFJB37DA,福平段,13.86,都市：其他:商業區,100000,584,持分移轉,08730000
RPTRMLQJMHLGFKB76DA,龍崗段,26.56,都市：其他:第四種住宅區,100000,1185,持分移轉,00800000
RPQQMLLJMHLGFBB57DA,新賴厝廍三段,15.20,都市：其他:第二種住宅區,100000,3298,持分移轉,06830000
RPOOMLTJLHLGFCB97DA,寶文段,30.40,都市：其他:第二種住宅區,100000,649,持分移轉,00350002
RPOPMLLLMHLGFCB57DA,寶文段,38.92,都市：其他:第二種住宅區,100000,831,持分移轉,00350002
RPTRMLTJLHLGFCB78DA,寶文段,30.91,都市：其他:第二種住宅區,100000,660,持分移轉,00350002
RPQONLNLLHLGFJB58DA,福平段,13.86,都市：其他:商業區,100000,584,持分移轉,08730000
RPQNMLMKNHLGFAB47DA,大益段,19.44,都市：其他:第二種住宅區,10000,144,持分移轉,01080000
RPOTMLPKNHLGFDB48DA,大洲段,31.30,都市：其他:第一之一種住宅區,10000,118,持分移轉,04770000
RPRNMLMKNHLGFAB57DA,大益段,19.44,都市：其他:第二種住宅區,10000,144,持分移轉,01080000
RPORNLOLLHLGFFB38DA,沙工北段,24.78,都市：其他:第四種住宅區,100000,602,持分移轉,15190000
RPORMLOLLHLGFFB28DA,沙工北段,31.69,都市：其他:第四種住宅區,100000,770,持分移轉,15190000
RPOOMLOLLHLGFFB97DA,沙工北段,25.31,都市：其他:第四種住宅區,100000,615,持分移轉,15190000
RPTQMLTKNHLGFDB09DA,大洲段,31.03,都市：其他:第一之一種住宅區,10000,117,持分移轉,04770000
RPXVMLOLLHLGFFB96DA,沙工北段,22.43,都市：其他:第四種住宅區,100000,545,持分移轉,15190000
RPOTMLOLLHLGFFB48DA,沙工北段,25.77,都市：其他:第四種住宅區,100000,626,持分移轉,15190000
RPVQMLOLLHLGFFB88DA,沙工北段,25.40,都市：其他:第四種住宅區,100000,617,持分移轉,15190000
RPQNNLOLLHLGFFB18DA,沙工北段,19.55,都市：其他:第四種住宅區,100000,475,持分移轉,15190000
RPRNMLNJLHLGFHB08DA,弘富段,28.54,都市：其他:第一之二種住宅區,100000,1156,持分移轉,00930000
RPRNNLOLLHLGFFB28DA,沙工北段,25.60,都市：其他:第四種住宅區,100000,622,持分移轉,15190000
RPPUMLOJOHLGFCB48DA,寶文段,23.51,都市：其他:第二種住宅區,100000,502,持分移轉,00350002
RPQNMLNJLHLGFHB97DA,弘富段,28.54,都市：其他:第一之二種住宅區,100000,1156,持分移轉,00930000
RPVNMLOJOHLGFFB68DA,沙工北段,30.38,都市：其他:第四種住宅區,100000,738,持分移轉,15190000
RPSQNLOLLHLGFFB68DA,沙工北段,24.78,都市：其他:第四種住宅區,100000,602,持分移轉,15190000
RPROMLNKLHLGFBB67DA,新賴厝廍三段,16.64,都市：其他:第二種住宅區,100000,3610,持分移轉,06830000
RPXNMLNKLHLGFBB18DA,新賴厝廍三段,16.64,都市：其他:第二種住宅區,100000,3610,持分移轉,06830000
RPQPMLQJLHLGFIB58DA,新高鐵段,16.40,都市：其他:商業區,100000,283,持分移轉,00570000
RPPQMLOLLHLGFBB87DA,新賴厝廍三段,8.71,都市：其他:第二種住宅區,100000,1889,持分移轉,06830000
RPQPMLNLKHLGFIB38DA,新高鐵段,10.66,都市：其他:商業區,100000,184,持分移轉,00570000
RPVNMLNKLHLGFCB08DA,生態段,27.49,都市：其他:第二種生態住宅專用區,10000,127,持分移轉,00660000
RPVNMLNKLHLGFCB08DA,生態段,12.52,都市：其他:第二種生態住宅專用區,10000,127,持分移轉,00670000
RPWSMLNKLHLGFCB68DA,中正段,10.13,都市：其他:第三種商業區,100000,207,持分移轉,02280000
RPROMLTJLHLGFCB28DA,寶文段,30.40,都市：其他:第二種住宅區,100000,649,持分移轉,00350002
RPUTMLKKLHLGFCB28DA,寶文段,22.81,都市：其他:第二種住宅區,100000,487,持分移轉,00350002
RPSSMLKKLHLGFCB97DA,寶文段,29.27,都市：其他:第二種住宅區,100000,625,持分移轉,00350002
RPUNMLLKLHLGFHB28DA,弘富段,28.54,都市：其他:第一之二種住宅區,100000,1156,持分移轉,00930000
RPQOMLLMLHLGFJB38DA,振文段,11.32,都市：其他:住宅區,100000,3910,持分移轉,01130001
RPROMLKLLHLGFFB87DA,市鎮北段,10.30,都市：其他:第四種商業區,10000,32,持分移轉,00130001
RPQOMLLMLHLGFJB38DA,振文段,.32,都市：其他:住宅區,26,1,持分移轉,01130002
RPQOMLLMLHLGFJB38DA,振文段,10.70,都市：其他:住宅區,26,1,持分移轉,01130003
RPQOMLLMLHLGFJB38DA,振文段,52.26,都市：其他:住宅區,1,1,全筆移轉,01130014
RPWRMLLKLHLGFCB38DA,寶文段,23.51,都市：其他:第二種住宅區,100000,502,持分移轉,00350002
RPVPMLNLLHLGFJB09DA,福平段,13.86,都市：其他:商業區,100000,584,持分移轉,08730000
RPPNMLNLLHLGFJB28DA,福平段,13.88,都市：其他:商業區,100000,585,持分移轉,08730000
RPSOMLMJMHLGFCB77DA,福德段,33.12,都市：其他:第二種住宅區,100000,1195,持分移轉,01110000
RPWNMLLKLHLGFCB97DA,寶文段,23.84,都市：其他:第二種住宅區,100000,509,持分移轉,00350002
RPXPMLLJMHLGFBB18DA,新賴厝廍三段,23.85,都市：其他:第二種住宅區,100000,5174,持分移轉,06830000
RPWPMLNLLHLGFJB56DA,福平段,13.86,都市：其他:商業區,100000,584,持分移轉,08730000
RPPPMLMJMHLGFCB57DA,中正段,10.13,都市：其他:第三種商業區,100000,207,持分移轉,02280000
RPRPMLNLLHLGFJB68DA,福平段,13.86,都市：其他:商業區,100000,584,持分移轉,08730000
RPTSMLNLLHLGFJB56DA,福平段,19.62,都市：其他:商業區,100000,827,持分移轉,08730000
RPTWMLNLLHLGFJB96DA,福平段,13.81,都市：其他:商業區,100000,582,持分移轉,08730000
RPXSMLNLLHLGFJB96DA,福平段,13.86,都市：其他:商業區,100000,584,持分移轉,08730000
RPSNMLLJMHLGFFB87DA,市鎮南段,6.73,都市：其他:第四種商業區,100000,30,持分移轉,00970000
RPRPMLNKMHLGFFB28DA,市鎮北段,10.30,都市：其他:第四種商業區,10000,32,持分移轉,00130001
RPXSNLNLLHLGFJB07DA,福平段,18.34,都市：其他:商業區,100000,773,持分移轉,08730000
RPRQMLMKMHLGFKB78DA,龍崗段,37.79,都市：其他:第四種住宅區,100000,1686,持分移轉,00800000
RPPPMLLLMHLGFCB67DA,寶文段,38.59,都市：其他:第二種住宅區,100000,824,持分移轉,00350002
RPWPMLLJMHLGFBB08DA,新賴厝廍三段,16.64,都市：其他:第二種住宅區,100000,3610,持分移轉,06830000
RPWTMLNKMHLGFCB88DA,中正段,9.93,都市：其他:第三種商業區,100000,203,持分移轉,02280000
RPUOMLQLMHLGFCB58DA,惠安段,29.44,都市：其他:第二種住宅區,10000,428,持分移轉,00910000
RPTNMLMLMHLGFJB68DA,福平段,13.81,都市：其他:商業區,100000,582,持分移轉,08730000
RPRNMLMLMHLGFJB48DA,福平段,19.70,都市：其他:商業區,100000,830,持分移轉,08730000
RPSOMLMLMHLGFCB97DA,豐業段,50.92,都市：其他:第二種住宅區,100000,2057,持分移轉,01340000
RPROMLSKMHLGFKB56DA,龍崗段,26.56,都市：其他:第四種住宅區,100000,1185,持分移轉,00800000
RPWQNLOLLHLGFFB09DA,沙工北段,19.26,都市：其他:第四種住宅區,100000,468,持分移轉,15190000
RPVOMLNKNHLGFCB38DA,惠泰段,16.05,都市：其他:第二種住宅區,100000,2347,持分移轉,00830000
RPTNMLMKNHLGFCB97DA,生態段,27.49,都市：其他:第二種生態住宅專用區,10000,127,持分移轉,00660000
RPTNMLMKNHLGFCB97DA,生態段,12.52,都市：其他:第二種生態住宅專用區,10000,127,持分移轉,00670000
RPQPMLNKNHLGFCB97DA,惠泰段,18.79,都市：其他:第二種住宅區,100000,2747,持分移轉,00830000
RPVQNLOLLHLGFFB98DA,沙工北段,19.26,都市：其他:第四種住宅區,100000,468,持分移轉,15190000
RPXOMLNKNHLGFCB58DA,惠泰段,18.79,都市：其他:第二種住宅區,100000,2747,持分移轉,00830000
RPQNMLSKNHLGFJB98DA,振文段,11.32,都市：其他:住宅區,100000,3910,持分移轉,01130001
RPQNMLSKNHLGFJB98DA,振文段,.32,都市：其他:住宅區,26,1,持分移轉,01130002
RPQNMLSKNHLGFJB98DA,振文段,10.70,都市：其他:住宅區,26,1,持分移轉,01130003
RPQNMLSKNHLGFJB98DA,振文段,52.26,都市：其他:住宅區,1,1,全筆移轉,01130015
RPQQMLNKNHLGFCB08DA,惠泰段,18.79,都市：其他:第二種住宅區,100000,2747,持分移轉,00830000
RPTQMLPKNHLGFDB68DA,大洲段,31.30,都市：其他:第一之一種住宅區,10000,118,持分移轉,04770000
RPUSNLOLLHLGFFB09DA,沙工北段,18.89,都市：其他:第四種住宅區,100000,459,持分移轉,15190000
RPQTMLPKNHLGFDB68DA,大洲段,34.75,都市：其他:第一之一種住宅區,10000,131,持分移轉,04770000
RPWOMLKLNHLGFCB28DA,惠泰段,16.05,都市：其他:第二種住宅區,100000,2347,持分移轉,00830000
RPOQMLTKNHLGFDB58DA,大洲段,35.01,都市：其他:第一之一種住宅區,10000,132,持分移轉,04770000
RPXPMLOLLHLGFFB98DA,沙工北段,25.40,都市：其他:第四種住宅區,100000,617,持分移轉,15190000
RPVSNLOLLHLGFFB56DA,沙工北段,18.89,都市：其他:第四種住宅區,100000,459,持分移轉,15190000
RPQPMLOLLHLGFFB28DA,沙工北段,31.69,都市：其他:第四種住宅區,100000,770,持分移轉,15190000
RPOQMLOLLHLGFFB18DA,沙工北段,25.31,都市：其他:第四種住宅區,100000,615,持分移轉,15190000
RPTUMLOLLHLGFFB09DA,沙工北段,24.24,都市：其他:第四種住宅區,100000,589,持分移轉,15190000
RPTNNLOLLHLGFFB48DA,沙工北段,19.55,都市：其他:第四種住宅區,100000,475,持分移轉,15190000
RPOONLOLLHLGFFB08DA,沙工北段,19.55,都市：其他:第四種住宅區,100000,475,持分移轉,15190000
RPUNNLOLLHLGFFB58DA,沙工北段,25.60,都市：其他:第四種住宅區,100000,622,持分移轉,15190000
RPRQMLOLLHLGFFB48DA,沙工北段,25.40,都市：其他:第四種住宅區,100000,617,持分移轉,15190000
RPRQNLOLLHLGFFB58DA,沙工北段,19.26,都市：其他:第四種住宅區,100000,468,持分移轉,15190000
RPVNNLOLLHLGFFB68DA,沙工北段,19.55,都市：其他:第四種住宅區,100000,475,持分移轉,15190000
RPOWMLOLLHLGFFB78DA,沙工北段,31.69,都市：其他:第四種住宅區,100000,770,持分移轉,15190000
RPTQNLOLLHLGFFB78DA,沙工北段,19.26,都市：其他:第四種住宅區,100000,468,持分移轉,15190000
RPQSNLOLLHLGFFB68DA,沙工北段,18.89,都市：其他:第四種住宅區,100000,459,持分移轉,15190000
RPPNMLPKMHLGFFB08DA,沙工北段,18.89,都市：其他:第四種住宅區,100000,459,持分移轉,15190000
RPWOMLQLNHLGFBB78DA,崇德段,22.07,都市：其他:第一種商業區,100000,914,持分移轉,03820000
RPVRMLNLLHLGFJB66DA,福平段,19.70,都市：其他:商業區,100000,830,持分移轉,08730000
RPRNMLTJLHLGFHB68DA,弘富段,32.37,都市：其他:第一之二種住宅區,100000,1311,持分移轉,00930000
RPSNMLPLKHLGFHB48DA,弘富段,28.49,都市：其他:第一之二種住宅區,100000,1154,持分移轉,00930000
RPSNMLPJLHLGFHB38DA,弘富段,30.94,都市：其他:第一之二種住宅區,100000,1253,持分移轉,00930000
RPVNMLPJLHLGFHB68DA,弘富段,63.85,都市：其他:第一之二種住宅區,100000,2586,持分移轉,00930000
RPPNMLTJLHLGFHB48DA,弘富段,30.94,都市：其他:第一之二種住宅區,200000,2506,持分移轉,00930000
RPWNMLPJLHLGFHB78DA,弘富段,30.94,都市：其他:第一之二種住宅區,100000,1253,持分移轉,00930000
RPSNNLLMJHLGFIB28DA,新高鐵段,16.05,都市：其他:商業區,100000,277,持分移轉,00570000
RPUOMLTKLHLGFBB58DA,竹興段,40.64,都市：其他:第一之一種住宅區,100000,1835,持分移轉,01120000
RPXNMLLKLHLGFHB58DA,弘富段,31.48,都市：其他:第一之二種住宅區,100000,1275,持分移轉,00930000
RPQNMLQKLHLGFHB38DA,弘富段,28.54,都市：其他:第一之二種住宅區,100000,1156,持分移轉,00930000
RPTNMLLKLHLGFHB18DA,弘富段,30.94,都市：其他:第一之二種住宅區,100000,1253,持分移轉,00930000
RPWRMLNLLHLGFJB76DA,福平段,13.86,都市：其他:商業區,100000,584,持分移轉,08730000
RPVNMLQJMHLGFKB56DA,龍崗段,26.56,都市：其他:第四種住宅區,100000,1185,持分移轉,00800000
RPTOMLQJMHLGFKB09DA,龍崗段,26.56,都市：其他:第四種住宅區,100000,1185,持分移轉,00800000
RPUQMLMKMHLGFKB09DA,龍崗段,25.80,都市：其他:第四種住宅區,100000,1151,持分移轉,00800000
RPTQMLPKMHLGFBB38DA,竹興段,35.99,都市：其他:第一之一種住宅區,100000,1625,持分移轉,01120000
RPVPMLOJNHLGFCB48DA,惠民段,9.38,都市：其他:第六種新市政中心專用區,100000,310,持分移轉,01150000
RPOOMLSKMHLGFKB88DA,龍崗段,26.56,都市：其他:第四種住宅區,100000,1185,持分移轉,00800000
RPVUMLOJNHLGFCB98DA,中正段,6.51,都市：其他:第三種商業區,100000,133,持分移轉,02280000
RPXSMLOJNHLGFCB98DA,中正段,6.60,都市：其他:第三種商業區,100000,135,持分移轉,02280000
RPRUMLOJNHLGFCB58DA,中正段,10.13,都市：其他:第三種商業區,100000,207,持分移轉,02280000
RPSQMLQJMHLGFKB56DA,龍崗段,26.56,都市：其他:第四種住宅區,100000,1185,持分移轉,00800000
RPUQMLOJNHLGFCB48DA,惠民段,9.41,都市：其他:第六種新市政中心專用區,100000,311,持分移轉,01150000
RPQNMLQKNHLGFCB08DA,中正段,6.56,都市：其他:第三種商業區,100000,134,持分移轉,02280000
RPXQMLOJNHLGFCB78DA,惠民段,9.41,都市：其他:第六種新市政中心專用區,100000,311,持分移轉,01150000
RPOPMLOJNHLGFCB77DA,惠民段,9.50,都市：其他:第六種新市政中心專用區,100000,314,持分移轉,01150000
RPUOMLNLKHLGFIB68DA,新高鐵段,11.01,都市：其他:商業區,100000,190,持分移轉,00570000
RPUVMLNKMHLGFCB88DA,中正段,10.52,都市：其他:第三種商業區,100000,215,持分移轉,02280000
RPTTMLLMJHLGFIB88DA,新高鐵段,16.40,都市：其他:商業區,100000,283,持分移轉,00570000
RPUSMLNLLHLGFJB66DA,福平段,19.70,都市：其他:商業區,100000,830,持分移轉,08730000
RPUNMLLLMHLGFAB77DA,泉源段,6.00,都市：其他:第三之一種商業區,100000,51,持分移轉,00150000
RPXRMLNJOHLGFCB88DA,中正段,6.56,都市：其他:第三種商業區,100000,134,持分移轉,02280000
RPWSMLOJNHLGFCB88DA,中正段,6.60,都市：其他:第三種商業區,100000,135,持分移轉,02280000
RPSRMLRJNHLGFFB98DA,市鎮北段,9.01,都市：其他:第四種商業區,10000,28,持分移轉,00130001
RPVOMLQJLHLGFIB98DA,新高鐵段,16.05,都市：其他:商業區,100000,277,持分移轉,00570000
RPOSMLNJOHLGFCB08DA,中正段,6.56,都市：其他:第三種商業區,100000,134,持分移轉,02280000
RPPTMLOJNHLGFCB28DA,中正段,6.60,都市：其他:第三種商業區,100000,135,持分移轉,02280000
RPRSMLNKMHLGFCB28DA,中正段,6.56,都市：其他:第三種商業區,100000,134,持分移轉,02280000
RPXQMLNJOHLGFCB78DA,中正段,10.52,都市：其他:第三種商業區,100000,215,持分移轉,02280000
RPPSMLNJOHLGFCB18DA,中正段,10.13,都市：其他:第三種商業區,100000,207,持分移轉,02280000
RPOTMLLMJHLGFIB38DA,新高鐵段,16.40,都市：其他:商業區,100000,283,持分移轉,00570000
RPVQMLOJNHLGFCB58DA,惠民段,9.41,都市：其他:第六種新市政中心專用區,100000,311,持分移轉,01150000
RPUPMLSKMHLGFKB96DA,龍崗段,25.80,都市：其他:第四種住宅區,100000,1151,持分移轉,00800000
RPWOMLOJNHLGFCB48DA,惠民段,9.50,都市：其他:第六種新市政中心專用區,100000,314,持分移轉,01150000
RPVPMLNKNHLGFCB48DA,惠泰段,18.79,都市：其他:第二種住宅區,100000,2747,持分移轉,00830000
RPSOMLNKNHLGFCB08DA,惠泰段,15.65,都市：其他:第二種住宅區,100000,2288,持分移轉,00830000
RPWQMLNKNHLGFCB68DA,惠泰段,18.79,都市：其他:第二種住宅區,100000,2747,持分移轉,00830000
RPRPMLPKNHLGFDB38DA,大洲段,31.30,都市：其他:第一之一種住宅區,10000,118,持分移轉,04770000
RPOSMLNKNHLGFCB08DA,惠泰段,18.79,都市：其他:第二種住宅區,100000,2747,持分移轉,00830000
RPTTMLNJOHLGFCB68DA,中正段,6.56,都市：其他:第三種商業區,100000,134,持分移轉,02280000
RPSOMLLKLHLGFCB67DA,福德段,25.14,都市：其他:第二種住宅區,100000,907,持分移轉,01110000
RPOVMLPKNHLGFDB68DA,大洲段,31.03,都市：其他:第一之一種住宅區,10000,117,持分移轉,04770000
RPPRMLPKMHLGFBB08DA,竹興段,37.14,都市：其他:第一之一種住宅區,200000,3354,持分移轉,01120000
RPQPMLOJNHLGFCB97DA,惠民段,9.44,都市：其他:第六種新市政中心專用區,100000,312,持分移轉,01150000
RPVPMLNKLHLGFCB28DA,中正段,7.44,都市：其他:第三種商業區,100000,152,持分移轉,02280000
RPPQMLPKNHLGFDB28DA,大洲段,31.03,都市：其他:第一之一種住宅區,10000,117,持分移轉,04770000
RPQNMLSKNHLGFCB28DA,中正段,10.13,都市：其他:第三種商業區,100000,207,持分移轉,02280000
RPVOMLMJMHLGFAB87DA,平民段八小段,13.35,都市：其他:第二種住宅區,10000,117,持分移轉,00020000
RPVOMLMJMHLGFAB87DA,平民段八小段,.11,都市：其他:第二種住宅區,10000,117,持分移轉,00090008
RPTNMLQLLHLGFFB58DA,興安西段,18.61,都市：其他:第四種住宅區,100000,630,持分移轉,01960000
RPPONLLMJHLGFIB08DA,新高鐵段,11.01,都市：其他:商業區,100000,190,持分移轉,00570000
RPSPMLQJMHLGFKB09DA,龍崗段,27.28,都市：其他:第四種住宅區,100000,1217,持分移轉,00800000
RPUNMLKKNHLGFCB87DA,惠民段,9.50,都市：其他:第六種新市政中心專用區,100000,314,持分移轉,01150000
RPVRMLNKLHLGFCB48DA,中正段,6.60,都市：其他:第三種商業區,100000,135,持分移轉,02280000
RPOPMLPLNHLGFJB78DA,愛平段,33.10,都市：其他:第一種住宅區,100000,1292,持分移轉,10500000
RPVTMLNJOHLGFCB88DA,中正段,41.29,都市：其他:第三種商業區,100000,844,持分移轉,02280000
RPWQMLPKMHLGFBB68DA,竹興段,37.14,都市：其他:第一之一種住宅區,100000,1677,持分移轉,01120000
RPRNMLRLLHLGFIB78DA,新高鐵段,10.60,都市：其他:商業區,100000,183,持分移轉,00570000
RPTNMLRKMHLGFKB56DA,龍崗段,37.76,都市：其他:第四種住宅區,100000,1685,持分移轉,00800000
RPWRMLNKLHLGFCB58DA,中正段,6.60,都市：其他:第三種商業區,100000,135,持分移轉,02280000
RPVOMLSKMHLGFKB96DA,龍崗段,37.76,都市：其他:第四種住宅區,100000,1685,持分移轉,00800000
RPWPMLOJNHLGFCB58DA,惠民段,9.41,都市：其他:第六種新市政中心專用區,100000,311,持分移轉,01150000
RPPNMLPLLHLGFHB28DA,清雅段,12.14,都市：其他:第一之二種住宅區,100000,15388,持分移轉,02610022
RPPNMLPLLHLGFHB28DA,清雅段,14.09,都市：其他:第一之二種住宅區,5,1,持分移轉,02610023
RPPNMLPLLHLGFHB28DA,清雅段,70.65,都市：其他:第一之二種住宅區,1,1,全筆移轉,02610026
RPPNMLPLLHLGFHB28DA,清雅段,.48,都市：其他:第一之二種住宅區,27,1,持分移轉,02610037
RPPNMLPLLHLGFHB28DA,清雅段,.21,都市：其他:第一之二種住宅區,27,1,持分移轉,02610038
RPOPMLPKNHLGFDB08DA,大洲段,31.03,都市：其他:第一之一種住宅區,10000,117,持分移轉,04770000
RPSQMLTKNHLGFDB98DA,大洲段,31.03,都市：其他:第一之一種住宅區,10000,117,持分移轉,04770000
RPVOMLNJKHLGFCB97DA,福德段,25.14,都市：其他:第二種住宅區,100000,907,持分移轉,01110000
RPVOMLKLNHLGFCB18DA,惠泰段,18.46,都市：其他:第二種住宅區,100000,2699,持分移轉,00830000
RPQNMLKKNHLGFCB47DA,惠民段,11.46,都市：其他:第六種新市政中心專用區,100000,379,持分移轉,01150000
RPTNNLOJNHLGFCB18DA,中正段,7.48,都市：其他:第三種商業區,100000,153,持分移轉,02280000
RPXUMLNKMHLGFCB09DA,中正段,6.60,都市：其他:第三種商業區,100000,135,持分移轉,02280000
RPVNMLSKMHLGFKB86DA,龍崗段,27.28,都市：其他:第四種住宅區,100000,1217,持分移轉,00800000
RPXONLOJNHLGFCB68DA,中正段,7.04,都市：其他:第三種商業區,100000,144,持分移轉,02280000
RPUNMLQKNHLGFCB48DA,中正段,7.00,都市：其他:第三種商業區,100000,143,持分移轉,02280000
RPWOMLKKNHLGFCB18DA,惠民段,9.50,都市：其他:第六種新市政中心專用區,100000,314,持分移轉,01150000
RPSNMLMKLHLGFIB28DA,峰東段,17.31,都市：其他:商業區,100000,4543,持分移轉,06970000
RPSOMLKKNHLGFCB77DA,惠民段,9.65,都市：其他:第六種新市政中心專用區,100000,319,持分移轉,01150000
RPQPMLOJKHLGFCB67DA,生態段,22.73,都市：其他:第二種生態住宅專用區,10000,105,持分移轉,00660000
RPQPMLOJKHLGFCB67DA,生態段,10.35,都市：其他:第二種生態住宅專用區,10000,105,持分移轉,00670000
RPQSMLNJOHLGFCB28DA,中正段,10.13,都市：其他:第三種商業區,100000,207,持分移轉,02280000
RPTNMLNJLHLGFCB77DA,生態段,22.73,都市：其他:第二種生態住宅專用區,10000,105,持分移轉,00660000
RPTNMLNJLHLGFCB77DA,生態段,10.35,都市：其他:第二種生態住宅專用區,10000,105,持分移轉,00670000
RPPRMLLMJHLGFIB28DA,新高鐵段,16.05,都市：其他:商業區,100000,277,持分移轉,00570000
RPSVMLNKMHLGFCB68DA,中正段,6.56,都市：其他:第三種商業區,100000,134,持分移轉,02280000
RPROMLNJKHLGFCB57DA,福德段,25.14,都市：其他:第二種住宅區,100000,907,持分移轉,01110000
RPRTMLLMJHLGFIB68DA,新高鐵段,16.05,都市：其他:商業區,100000,277,持分移轉,00570000
RPOOMLNKLHLGFCB47DA,生態段,22.73,都市：其他:第二種生態住宅專用區,10000,105,持分移轉,00660000
RPOOMLNKLHLGFCB47DA,生態段,10.35,都市：其他:第二種生態住宅專用區,10000,105,持分移轉,00670000
RPROMLRKLHLGFCB18DA,生態段,22.73,都市：其他:第二種生態住宅專用區,10000,105,持分移轉,00660000
RPROMLRKLHLGFCB18DA,生態段,10.35,都市：其他:第二種生態住宅專用區,10000,105,持分移轉,00670000
RPTOMLTKLHLGFBB48DA,竹興段,37.14,都市：其他:第一之一種住宅區,100000,1677,持分移轉,01120000
RPPNMLMJMHLGFAB17DA,泉源段,7.18,都市：其他:第三之一種商業區,100000,61,持分移轉,00150000
RPOWMLLMJHLGFIB68DA,新高鐵段,11.01,都市：其他:商業區,100000,190,持分移轉,00570000
RPVOMLNLKHLGFIB78DA,新高鐵段,15.76,都市：其他:商業區,100000,272,持分移轉,00570000
RPOSMLNKLHLGFCB87DA,中正段,6.80,都市：其他:第三種商業區,100000,139,持分移轉,02280000
RPWTMLNKLHLGFCB78DA,生態段,27.49,都市：其他:第二種生態住宅專用區,10000,127,持分移轉,00660000
RPWTMLNKLHLGFCB78DA,生態段,12.52,都市：其他:第二種生態住宅專用區,10000,127,持分移轉,00670000
RPTNMLMJMHLGFBB67DA,竹興段,38.69,都市：其他:第一之一種住宅區,100000,1747,持分移轉,01120000
RPPWMLLMJHLGFIB78DA,新高鐵段,18.37,都市：其他:商業區,100000,317,持分移轉,00570000
RPSNMLMJMHLGFBB57DA,竹興段,38.69,都市：其他:第一之一種住宅區,100000,1747,持分移轉,01120000
RPRNMLMJMHLGFBB47DA,竹興段,38.69,都市：其他:第一之一種住宅區,100000,1747,持分移轉,01120000
RPXOMLNLKHLGFIB98DA,新高鐵段,15.76,都市：其他:商業區,100000,272,持分移轉,00570000
RPSOMLMJMHLGFBB67DA,竹興段,37.14,都市：其他:第一之一種住宅區,100000,1677,持分移轉,01120000
RPQSMLNKLHLGFCB08DA,中正段,7.04,都市：其他:第三種商業區,100000,144,持分移轉,02280000
RPUNMLMJMHLGFBB77DA,竹興段,38.69,都市：其他:第一之一種住宅區,100000,1747,持分移轉,01120000
RPROMLMJMHLGFBB57DA,竹興段,37.14,都市：其他:第一之一種住宅區,100000,1677,持分移轉,01120000
RPTOMLMJMHLGFBB77DA,竹興段,38.69,都市：其他:第一之一種住宅區,100000,1747,持分移轉,01120000
RPUQMLQJMHLGFKB76DA,龍崗段,37.20,都市：其他:第四種住宅區,100000,1660,持分移轉,00800000
RPUOMLMJMHLGFBB87DA,竹興段,38.69,都市：其他:第一之一種住宅區,100000,1747,持分移轉,01120000
RPVNMLMJMHLGFBB87DA,竹興段,37.14,都市：其他:第一之一種住宅區,100000,1677,持分移轉,01120000
RPWNMLMJMHLGFBB97DA,竹興段,37.14,都市：其他:第一之一種住宅區,100000,1677,持分移轉,01120000
RPPOMLMJMHLGFBB37DA,竹興段,37.14,都市：其他:第一之一種住宅區,100000,1677,持分移轉,01120000
RPUNMLSKMHLGFKB76DA,龍崗段,37.76,都市：其他:第四種住宅區,100000,1685,持分移轉,00800000
RPOOMLMJMHLGFBB27DA,竹興段,38.69,都市：其他:第一之一種住宅區,100000,1747,持分移轉,01120000
RPXNMLSKMHLGFKB07DA,龍崗段,25.80,都市：其他:第四種住宅區,100000,1151,持分移轉,00800000
RPVPMLMKMHLGFKB09DA,龍崗段,27.28,都市：其他:第四種住宅區,100000,1217,持分移轉,00800000
RPXNMLMJMHLGFBB08DA,竹興段,38.69,都市：其他:第一之一種住宅區,100000,1747,持分移轉,01120000
RPWNMLSKMHLGFKB96DA,龍崗段,37.79,都市：其他:第四種住宅區,100000,1686,持分移轉,00800000
RPPNMLKLMHLGFKB18DA,龍崗段,26.56,都市：其他:第四種住宅區,100000,1185,持分移轉,00800000
RPQNMLSKMHLGFKB98DA,龍崗段,27.23,都市：其他:第四種住宅區,100000,1215,持分移轉,00800000
RPVONLTKLHLGFBB78DA,軍福段,24.66,都市：其他:第三種住宅區。,10000,299,持分移轉,00760000
RPVOMLPKMHLGFBB38DA,竹興段,37.14,都市：其他:第一之一種住宅區,100000,1677,持分移轉,01120000
RPRNMLRKMHLGFKB98DA,龍崗段,37.76,都市：其他:第四種住宅區,100000,1685,持分移轉,00800000
RPQOMLSKMHLGFKB09DA,龍崗段,37.20,都市：其他:第四種住宅區,100000,1660,持分移轉,00800000
RPQPMLPKMHLGFBB97DA,竹興段,37.14,都市：其他:第一之一種住宅區,100000,1677,持分移轉,01120000
RPTPMLPKMHLGFBB28DA,竹興段,37.14,都市：其他:第一之一種住宅區,100000,1677,持分移轉,01120000
RPUPMLPKMHLGFBB38DA,竹興段,37.14,都市：其他:第一之一種住宅區,100000,1677,持分移轉,01120000
RPOQMLPKMHLGFBB87DA,竹興段,38.69,都市：其他:第一之一種住宅區,100000,1747,持分移轉,01120000
RPXOMLPKMHLGFBB58DA,竹興段,38.69,都市：其他:第一之一種住宅區,100000,1747,持分移轉,01120000
RPRPMLPKMHLGFBB08DA,竹興段,38.69,都市：其他:第一之一種住宅區,100000,1747,持分移轉,01120000
RPPPMLPKMHLGFBB87DA,竹興段,37.14,都市：其他:第一之一種住宅區,100000,1677,持分移轉,01120000
RPPQMLPKMHLGFBB97DA,竹興段,37.56,都市：其他:第一之一種住宅區,100000,1696,持分移轉,01120000
RPWOMLPKMHLGFBB48DA,竹興段,37.14,都市：其他:第一之一種住宅區,100000,1677,持分移轉,01120000
RPSQMLPKMHLGFBB28DA,竹興段,38.69,都市：其他:第一之一種住宅區,100000,1747,持分移轉,01120000
RPSRMLPKMHLGFBB38DA,竹興段,37.14,都市：其他:第一之一種住宅區,100000,1677,持分移轉,01120000
RPQRMLPKMHLGFBB18DA,竹興段,38.69,都市：其他:第一之一種住宅區,100000,1747,持分移轉,01120000
RPORMLPKMHLGFBB97DA,竹興段,37.14,都市：其他:第一之一種住宅區,100000,1677,持分移轉,01120000
RPXQMLPKMHLGFBB78DA,竹興段,22.08,都市：其他:第一之一種住宅區,100000,997,持分移轉,01120000
RPWNMLRLMHLGFIB76DA,新高鐵段,11.01,都市：其他:商業區,100000,190,持分移轉,00570000
RPTRMLPKMHLGFBB48DA,竹興段,37.14,都市：其他:第一之一種住宅區,100000,1677,持分移轉,01120000
RPSSMLQJLHLGFIB09DA,新高鐵段,10.60,都市：其他:商業區,100000,183,持分移轉,00570000
RPQQMLPKMHLGFBB08DA,竹興段,38.69,都市：其他:第一之一種住宅區,200000,3494,持分移轉,01120000
RPRRMLPKMHLGFBB28DA,竹興段,38.69,都市：其他:第一之一種住宅區,100000,1747,持分移轉,01120000
RPQNMLPJNHLGFJB58DA,壽平段,26.00,都市：其他:第一種住宅區,100000,885,持分移轉,05400000
RPSQMLSLMHLGFCB78DA,福德段,32.09,都市：其他:第二種住宅區,100000,1158,持分移轉,01110000
RPXPMLPKMHLGFBB68DA,竹興段,37.14,都市：其他:第一之一種住宅區,100000,1677,持分移轉,01120000
RPWNMLPJNHLGFBB38DA,竹興段,37.14,都市：其他:第一之一種住宅區,100000,1677,持分移轉,01120000
RPXNMLPJNHLGFBB48DA,竹興段,37.14,都市：其他:第一之一種住宅區,100000,1677,持分移轉,01120000
RPQNMLPJNHLGFBB77DA,竹興段,38.69,都市：其他:第一之一種住宅區,100000,1747,持分移轉,01120000
RPOTMLOJNHLGFCB18DA,中正段,6.60,都市：其他:第三種商業區,100000,135,持分移轉,02280000
RPVNMLPJNHLGFBB28DA,竹興段,38.69,都市：其他:第一之一種住宅區,100000,1747,持分移轉,01120000
RPRNMLPJNHLGFBB87DA,竹興段,22.08,都市：其他:第一之一種住宅區,100000,997,持分移轉,01120000
RPWOMLSLMHLGFCB98DA,福德段,23.78,都市：其他:第二種住宅區,100000,858,持分移轉,01110000
RPTNMLPJNHLGFBB08DA,竹興段,38.69,都市：其他:第一之一種住宅區,100000,1747,持分移轉,01120000
RPSNMLPJNHLGFBB97DA,竹興段,23.96,都市：其他:第一之一種住宅區,100000,1082,持分移轉,01120000
RPUNMLPJNHLGFBB18DA,竹興段,38.69,都市：其他:第一之一種住宅區,100000,1747,持分移轉,01120000
RPSQMLSKMHLGFKB86DA,龍崗段,27.28,都市：其他:第四種住宅區,100000,1217,持分移轉,00800000
RPVOMLPJNHLGFBB38DA,竹興段,23.96,都市：其他:第一之一種住宅區,100000,1082,持分移轉,01120000
RPXPMLSKMHLGFKB27DA,龍崗段,27.28,都市：其他:第四種住宅區,100000,1217,持分移轉,00800000
RPTQMLSKMHLGFKB96DA,龍崗段,37.79,都市：其他:第四種住宅區,100000,1686,持分移轉,00800000
RPRPMLOJNHLGFCB08DA,惠民段,9.44,都市：其他:第六種新市政中心專用區,100000,312,持分移轉,01150000
RPQPMLSKMHLGFKB56DA,龍崗段,37.20,都市：其他:第四種住宅區,100000,1660,持分移轉,00800000
RPTNMLKKNHLGFCB77DA,惠民段,12.88,都市：其他:第六種新市政中心專用區,100000,426,持分移轉,01150000
RPUNMLTLNHLGFBB78DA,竹興段,37.14,都市：其他:第一之一種住宅區,100000,1677,持分移轉,01120000
RPWQMLMKNHLGFCB58DA,生態段,22.73,都市：其他:第二種生態住宅專用區,10000,105,持分移轉,00660000
RPSNMLTKNHLGFFB88DA,興安西段,18.61,都市：其他:第四種住宅區,100000,630,持分移轉,01960000
RPWQMLMKNHLGFCB58DA,生態段,10.35,都市：其他:第二種生態住宅專用區,10000,105,持分移轉,00670000
RPTNMLTLNHLGFBB68DA,竹興段,37.14,都市：其他:第一之一種住宅區,100000,1677,持分移轉,01120000
RPROMLSKNHLGFCB48DA,中正段,6.80,都市：其他:第三種商業區,100000,139,持分移轉,02280000
RPVNMLNJLHLGFCB97DA,生態段,27.49,都市：其他:第二種生態住宅專用區,10000,127,持分移轉,00660000
RPVNMLNJLHLGFCB97DA,生態段,12.52,都市：其他:第二種生態住宅專用區,10000,127,持分移轉,00670000
RPQQMLPKNHLGFDB38DA,大洲段,31.03,都市：其他:第一之一種住宅區,10000,117,持分移轉,04770000
RPUNMLLMJHLGFIB38DA,新高鐵段,16.05,都市：其他:商業區,100000,277,持分移轉,00570000
RPWNMLNJLHLGFCB08DA,生態段,22.73,都市：其他:第二種生態住宅專用區,10000,105,持分移轉,00660000
RPWNMLNJLHLGFCB08DA,生態段,10.35,都市：其他:第二種生態住宅專用區,10000,105,持分移轉,00670000
RPOSMLLMJHLGFIB28DA,新高鐵段,11.01,都市：其他:商業區,100000,190,持分移轉,00570000
RPTVMLLMJHLGFIB09DA,新高鐵段,16.05,都市：其他:商業區,100000,277,持分移轉,00570000
RPROMLNKLHLGFAB57DA,大益段,24.88,都市：其他:第二種住宅區,10000,263,持分移轉,04740001
RPPNMLMJMHLGFGB77DA,高簡段,52.38,都市：其他:住宅區,1,1,全筆移轉,13920000
RPUNMLPLKHLGFCB18DA,福德段,25.14,都市：其他:第二種住宅區,100000,907,持分移轉,01110000
RPSNMLTKLHLGFFB68DA,市鎮南段,9.42,都市：其他:第四種商業區,100000,42,持分移轉,00970000
RPUPMLNKLHLGFCB18DA,中正段,7.48,都市：其他:第三種商業區,100000,153,持分移轉,02280000
RPXRMLNKLHLGFCB68DA,中正段,6.80,都市：其他:第三種商業區,100000,139,持分移轉,02280000
RPUNMLQJMHLGFKB09DA,龍崗段,26.56,都市：其他:第四種住宅區,100000,1185,持分移轉,00800000
RPTOMLRJMHLGFCB38DA,福德段,25.14,都市：其他:第二種住宅區,100000,907,持分移轉,01110000
RPXNMLRJMHLGFCB68DA,福德段,23.78,都市：其他:第二種住宅區,100000,858,持分移轉,01110000
RPVQMLQJMHLGFKB86DA,龍崗段,37.23,都市：其他:第四種住宅區,100000,1661,持分移轉,00800000
RPWNMLQJMHLGFKB66DA,龍崗段,37.20,都市：其他:第四種住宅區,100000,1660,持分移轉,00800000
RPUPMLMKMHLGFKB98DA,龍崗段,27.28,都市：其他:第四種住宅區,100000,1217,持分移轉,00800000
RPXTMLQJMHLGFKB37DA,龍崗段,27.28,都市：其他:第四種住宅區,100000,1217,持分移轉,00800000
RPPNMLTKMHLGFKB98DA,龍崗段,27.28,都市：其他:第四種住宅區,100000,1217,持分移轉,00800000
RPPNMLSKMHLGFKB88DA,龍崗段,24.90,都市：其他:第四種住宅區,100000,1111,持分移轉,00800000
RPRNMLSKMHLGFKB09DA,龍崗段,25.80,都市：其他:第四種住宅區,100000,1151,持分移轉,00800000
RPOQMLKLMHLGFCB57DA,生態段,23.38,都市：其他:第二種生態住宅專用區,10000,108,持分移轉,00660000
RPOQMLKLMHLGFCB57DA,生態段,10.65,都市：其他:第二種生態住宅專用區,10000,108,持分移轉,00670000
RPQQMLKLMHLGFCB77DA,生態段,27.49,都市：其他:第二種生態住宅專用區,10000,127,持分移轉,00660000
RPQQMLKLMHLGFCB77DA,生態段,12.52,都市：其他:第二種生態住宅專用區,10000,127,持分移轉,00670000
RPXPMLLMJHLGFIB88DA,新高鐵段,16.05,都市：其他:商業區,100000,277,持分移轉,00570000
RPUQMLPKMHLGFBB48DA,竹興段,38.69,都市：其他:第一之一種住宅區,100000,1747,持分移轉,01120000
RPUNMLSLMHLGFCB68DA,福德段,23.78,都市：其他:第二種住宅區,100000,858,持分移轉,01110000
RPWOMLSKMHLGFKB07DA,龍崗段,37.20,都市：其他:第四種住宅區,100000,1660,持分移轉,00800000
RPPOMLSKMHLGFKB98DA,龍崗段,26.56,都市：其他:第四種住宅區,100000,1185,持分移轉,00800000
RPVQMLQJLHLGFIB56DA,新高鐵段,15.76,都市：其他:商業區,100000,272,持分移轉,00570000
RPRPMLSKMHLGFKB66DA,龍崗段,37.76,都市：其他:第四種住宅區,100000,1685,持分移轉,00800000
RPTNMLSKMHLGFKB66DA,龍崗段,37.20,都市：其他:第四種住宅區,100000,1660,持分移轉,00800000
RPXOMLSKMHLGFKB17DA,龍崗段,37.76,都市：其他:第四種住宅區,100000,1685,持分移轉,00800000
RPSPMLSKMHLGFKB76DA,龍崗段,37.76,都市：其他:第四種住宅區,100000,1685,持分移轉,00800000
RPOQMLSKMHLGFKB09DA,龍崗段,37.23,都市：其他:第四種住宅區,100000,1661,持分移轉,00800000
RPTPMLSKMHLGFKB86DA,龍崗段,27.28,都市：其他:第四種住宅區,100000,1217,持分移轉,00800000
RPVPMLSKMHLGFKB07DA,龍崗段,37.76,都市：其他:第四種住宅區,100000,1685,持分移轉,00800000
RPUNMLMKNHLGFCB08DA,生態段,22.73,都市：其他:第二種生態住宅專用區,10000,105,持分移轉,00660000
RPSNMLMKNHLGFCB87DA,生態段,22.73,都市：其他:第二種生態住宅專用區,10000,105,持分移轉,00660000
RPUNMLMKNHLGFCB08DA,生態段,10.35,都市：其他:第二種生態住宅專用區,10000,105,持分移轉,00670000
RPSNMLMKNHLGFCB87DA,生態段,10.35,都市：其他:第二種生態住宅專用區,10000,105,持分移轉,00670000
RPWRMLQJLHLGFIB76DA,新高鐵段,11.01,都市：其他:商業區,100000,190,持分移轉,00570000
RPPNMLOLNHLGFDB97DA,大洲段,31.03,都市：其他:第一之一種住宅區,10000,117,持分移轉,04770000
RPWOMLPLNHLGFJB86DA,愛平段,33.18,都市：其他:第一種住宅區,100000,1295,持分移轉,10500000
RPWNMLLLNHLGFFB58DA,南簡段,19.24,都市：其他:第一種商業區,100000,925,持分移轉,09500002
RPRNMLMKLHLGFEB77DA,致用段,25.56,都市：其他:住宅區,100000,2177,持分移轉,01130000
RPSNMLSLPHKGFHB56DA,清雅段,76.99,都市：其他:第一之二種住宅區,1,1,全筆移轉,02610017
RPSNMLSLPHKGFHB56DA,清雅段,.83,都市：其他:第一之二種住宅區,100000,1048,持分移轉,02610022
RPSNMLSLPHKGFHB56DA,清雅段,.48,都市：其他:第一之二種住宅區,27,1,持分移轉,02610037
RPSNMLSLPHKGFHB56DA,清雅段,.21,都市：其他:第一之二種住宅區,27,1,持分移轉,02610038
RPVNMLKKNHLGFCB97DA,惠民段,9.50,都市：其他:第六種新市政中心專用區,100000,314,持分移轉,01150000
RPRUMLLMJHLGFIB78DA,新高鐵段,11.01,都市：其他:商業區,100000,190,持分移轉,00570000
RPWPMLQJLHLGFIB56DA,新高鐵段,16.05,都市：其他:商業區,100000,277,持分移轉,00570000
RPOUMLLMJHLGFIB48DA,新高鐵段,11.01,都市：其他:商業區,100000,190,持分移轉,00570000
RPRVMLNKMHLGFCB58DA,中正段,10.13,都市：其他:第三種商業區,100000,207,持分移轉,02280000
RPWNMLQKNHLGFCB68DA,中正段,6.56,都市：其他:第三種商業區,100000,134,持分移轉,02280000
RPTPMLQJLHLGFIB88DA,新高鐵段,11.01,都市：其他:商業區,100000,190,持分移轉,00570000
RPQNMLKLLHLGFKB18DA,南寮段,162.84,非都市：一般農業區 ; 非都市編定：農牧用地,230005,16284,持分移轉,02870029
RPQNMLKLLHLGFKB18DA,南寮段,5.74,非都市：一般農業區 ; 非都市編定：農牧用地,15000,48,持分移轉,02870045
RPQNMLKLLHLGFKB18DA,南寮段,.19,非都市：一般農業區 ; 非都市編定：農牧用地,15000,48,持分移轉,02870046
RPSNMLRJMHLGFCB18DA,福德段,25.14,都市：其他:第二種住宅區,100000,907,持分移轉,01110000
RPVNMLRJMHLGFCB48DA,福德段,32.23,都市：其他:第二種住宅區,100000,1163,持分移轉,01110000
RPPRMLPKNHLGFDB38DA,大洲段,31.30,都市：其他:第一之一種住宅區,10000,118,持分移轉,04770000
RPORMLPKNHLGFDB28DA,大洲段,31.30,都市：其他:第一之一種住宅區,10000,118,持分移轉,04770000
RPWQMLPKNHLGFDB98DA,大洲段,34.75,都市：其他:第一之一種住宅區,10000,131,持分移轉,04770000
RPQRMLPKNHLGFDB48DA,大洲段,31.03,都市：其他:第一之一種住宅區,10000,117,持分移轉,04770000
RPRRMLPKNHLGFDB58DA,大洲段,34.75,都市：其他:第一之一種住宅區,10000,131,持分移轉,04770000
RPRPMLRJMHLGFCB28DA,福德段,25.14,都市：其他:第二種住宅區,100000,907,持分移轉,01110000
RPVNMLLJMHLGFFB18DA,市鎮南段,7.62,都市：其他:第四種商業區,100000,34,持分移轉,00970000
RPRNMLSLMHLGFCB38DA,福德段,23.64,都市：其他:第二種住宅區,100000,853,持分移轉,01110000
RPQONLOJNHLGFCB97DA,中正段,7.63,都市：其他:第三種商業區,100000,156,持分移轉,02280000
RPXNMLSLMHLGFCB98DA,福德段,25.14,都市：其他:第二種住宅區,100000,907,持分移轉,01110000
RPWTMLOJNHLGFCB98DA,中正段,7.04,都市：其他:第三種商業區,100000,144,持分移轉,02280000
RPVQMLNKLHLGFCB38DA,中正段,9.93,都市：其他:第三種商業區,100000,203,持分移轉,02280000
RPXOMLLMJHLGFIB78DA,新高鐵段,11.01,都市：其他:商業區,100000,190,持分移轉,00570000
RPQPMLSKNHLGFCB48DA,中正段,7.04,都市：其他:第三種商業區,100000,144,持分移轉,02280000
RPVPMLTKNHLGFDB56DA,大洲段,31.03,都市：其他:第一之一種住宅區,10000,117,持分移轉,04770000
RPVQMLPKNHLGFDB88DA,大洲段,31.03,都市：其他:第一之一種住宅區,10000,117,持分移轉,04770000
RPSNMLQKNHLGFCB28DA,中正段,7.00,都市：其他:第三種商業區,100000,143,持分移轉,02280000
RPRNMLSKNHLGFCB38DA,中正段,6.56,都市：其他:第三種商業區,100000,134,持分移轉,02280000
RPQOMLPLNHLGFJB88DA,愛平段,33.08,都市：其他:第一種住宅區,100000,1291,持分移轉,10500000
RPPOMLPLNHLGFJB78DA,愛平段,33.10,都市：其他:第一種住宅區,100000,1292,持分移轉,10500000
RPUOMLPLNHLGFJB66DA,愛平段,33.10,都市：其他:第一種住宅區,100000,1292,持分移轉,10500000
RPQTMLNJOHLGFCB38DA,中正段,7.00,都市：其他:第三種商業區,100000,143,持分移轉,02280000
RPVOMLPLNHLGFJB76DA,愛平段,33.08,都市：其他:第一種住宅區,100000,1291,持分移轉,10500000
RPROMLPLNHLGFJB98DA,愛平段,33.79,都市：其他:第一種住宅區,100000,1319,持分移轉,10500000
RPSQMLNJOHLGFCB28DA,中正段,7.04,都市：其他:第三種商業區,100000,144,持分移轉,02280000
RPPPMLPLNHLGFJB88DA,愛平段,33.18,都市：其他:第一種住宅區,100000,1295,持分移轉,10500000
RPSPMLPLNHLGFJB56DA,愛平段,33.79,都市：其他:第一種住宅區,100000,1319,持分移轉,10500000
RPXOMLPLNHLGFJB96DA,愛平段,33.79,都市：其他:第一種住宅區,100000,1319,持分移轉,10500000
RPOOMLSKNHLGFCB18DA,中正段,10.13,都市：其他:第三種商業區,100000,207,持分移轉,02280000
RPTPMLPLNHLGFJB66DA,愛平段,33.08,都市：其他:第一種住宅區,100000,1291,持分移轉,10500000
RPXQMLNKLHLGFCB58DA,中正段,7.63,都市：其他:第三種商業區,100000,156,持分移轉,02280000
RPORMLLMJHLGFIB18DA,新高鐵段,15.76,都市：其他:商業區,100000,272,持分移轉,00570000
RPSPMLQLNHLGFJB66DA,愛平段,33.18,都市：其他:第一種住宅區,100000,1295,持分移轉,10500000
RPTRMLOJNHLGFCB48DA,惠民段,9.56,都市：其他:第六種新市政中心專用區,100000,316,持分移轉,01150000
RPROMLPJLHLGFFB18DA,南簡段,13.06,都市：其他:第一種商業區,100000,628,持分移轉,09500002
RPQPMLOLKHLGFCB87DA,福德段,25.14,都市：其他:第二種住宅區,100000,907,持分移轉,01110000
RPVOMLMJOHLGFFB58DA,市鎮北段,14.26,都市：其他:第四種商業區,100000,291,持分移轉,03670000
RPPNMLQLNHLGFJB78DA,愛平段,33.10,都市：其他:第一種住宅區,100000,1292,持分移轉,10500000
RPQNMLQLNHLGFJB88DA,愛平段,33.18,都市：其他:第一種住宅區,100000,1295,持分移轉,10500000
RPRNMLQLNHLGFJB98DA,愛平段,33.18,都市：其他:第一種住宅區,100000,1295,持分移轉,10500000
RPSNMLQLNHLGFJB09DA,愛平段,33.08,都市：其他:第一種住宅區,100000,1291,持分移轉,10500000
RPQNMLQLKHLGFCB87DA,福德段,25.14,都市：其他:第二種住宅區,100000,907,持分移轉,01110000
RPVSMLTKLHLGFBB09DA,軍福段,23.59,都市：其他:第三種住宅區。,10000,286,持分移轉,00760000
RPRQMLNJOHLGFCB18DA,中正段,6.80,都市：其他:第三種商業區,100000,139,持分移轉,02280000
RPQRMLOJNHLGFCB18DA,惠民段,9.65,都市：其他:第六種新市政中心專用區,100000,319,持分移轉,01150000
RPPSMLQJLHLGFIB78DA,新高鐵段,18.37,都市：其他:商業區,100000,317,持分移轉,00570000
RPQQMLNJOHLGFCB08DA,中正段,6.80,都市：其他:第三種商業區,100000,139,持分移轉,02280000
RPXOMLTKLHLGFBB88DA,軍福段,22.52,都市：其他:第三種住宅區。,10000,273,持分移轉,00760000
RPOOMLPLKHLGFCB67DA,福德段,56.90,都市：其他:第二種住宅區,100000,2053,持分移轉,01110000
RPOTMLNKLHLGFCB97DA,中正段,6.51,都市：其他:第三種商業區,100000,133,持分移轉,02280000
SPOOMLPLKHLGFCB77DA,福德段,56.90,都市：其他:第二種住宅區,100000,2053,持分移轉,01110000
RPSSMLNKLHLGFCB28DA,中正段,7.48,都市：其他:第三種商業區,100000,153,持分移轉,02280000
RPPOMLRJMHLGFCB97DA,福德段,29.07,都市：其他:第二種住宅區,100000,1049,持分移轉,01110000
RPTSMLNKLHLGFCB38DA,中正段,7.48,都市：其他:第三種商業區,100000,153,持分移轉,02280000
RPWONLTKLHLGFBB88DA,軍福段,24.00,都市：其他:第三種住宅區。,10000,291,持分移轉,00760000
RPTNMLLJMHLGFFB97DA,市鎮南段,7.62,都市：其他:第四種商業區,100000,34,持分移轉,00970000
RPXQMLQJLHLGFIB76DA,新高鐵段,11.01,都市：其他:商業區,100000,190,持分移轉,00570000
RPWSMLQJLHLGFIB86DA,新高鐵段,18.37,都市：其他:商業區,100000,317,持分移轉,00570000
RPSNMLSLMHLGFCB48DA,福德段,33.26,都市：其他:第二種住宅區,100000,1200,持分移轉,01110000
RPSSMLLMJHLGFIB68DA,新高鐵段,11.01,都市：其他:商業區,100000,190,持分移轉,00570000
RPQNMLMLMHLGFFB97DA,市鎮南段,11.66,都市：其他:第四種商業區,100000,52,持分移轉,00970000
RPPNMLTLMHLGFCB28DA,福德段,25.14,都市：其他:第二種住宅區,100000,907,持分移轉,01110000
RPVRMLOJNHLGFCB68DA,惠民段,9.65,都市：其他:第六種新市政中心專用區,100000,319,持分移轉,01150000
RPRTMLNKMHLGFCB38DA,中正段,7.58,都市：其他:第三種商業區,100000,155,持分移轉,02280000
RPUNNLOJNHLGFCB28DA,中正段,7.44,都市：其他:第三種商業區,100000,152,持分移轉,02280000
RPROMLLMJHLGFIB18DA,新高鐵段,11.01,都市：其他:商業區,100000,190,持分移轉,00570000
RPRPMLSLMHLGFCB58DA,福德段,23.78,都市：其他:第二種住宅區,100000,858,持分移轉,01110000
RPPOMLQKNHLGFCB08DA,中正段,7.63,都市：其他:第三種商業區,100000,156,持分移轉,02280000
RPPPMLKKLHLGFCB37DA,永春段,2.32,都市：其他:第一之一種住宅區,1000000,816,持分移轉,01050000
RPPPMLKKLHLGFCB37DA,永春段,1.38,都市：其他:第一種住宅區,100000,46,持分移轉,01060004
RPSVMLLMJHLGFIB98DA,新高鐵段,11.01,都市：其他:商業區,100000,190,持分移轉,00570000
RPWSMLLMJHLGFIB09DA,新高鐵段,11.01,都市：其他:商業區,100000,190,持分移轉,00570000
RPPSMLLMJHLGFIB38DA,新高鐵段,11.01,都市：其他:商業區,100000,190,持分移轉,00570000
RPRNMLKKKHLGFFB57DA,興安西段,18.61,都市：其他:第四種住宅區,100000,630,持分移轉,01960000
RPWOMLTKLHLGFBB78DA,軍福段,23.59,都市：其他:第三種住宅區。,10000,286,持分移轉,00760000
RPXRMLMJLHLGFCB48DA,豐業段,24.28,都市：其他:第二種住宅區,100000,981,持分移轉,01340000
RPOOMLPJKHLGFCB47DA,永春段,23.00,都市：其他:第一之一種住宅區,100000,809,持分移轉,01050000
RPOOMLPJKHLGFCB47DA,永春段,1.38,都市：其他:第一種住宅區,100000,46,持分移轉,01060004
RPTTMLNKMHLGFCB58DA,中正段,7.00,都市：其他:第三種商業區,100000,143,持分移轉,02280000
RPRRMLQJLHLGFIB88DA,新高鐵段,18.37,都市：其他:商業區,100000,317,持分移轉,00570000
RPSPMLNJOHLGFBB08DA,軍福段,23.59,都市：其他:第三種住宅區。,10000,286,持分移轉,00760000
RPRRMLOJNHLGFCB28DA,惠民段,9.65,都市：其他:第六種新市政中心專用區,100000,319,持分移轉,01150000
RPSOMLOJNHLGFCB08DA,惠民段,12.85,都市：其他:第六種新市政中心專用區,100000,425,持分移轉,01150000
RPWOMLMJLHLGFAB87DA,泉源段,6.00,都市：其他:第三之一種商業區,100000,51,持分移轉,00150000
RPPPMLKKNHLGFCB57DA,惠民段,9.65,都市：其他:第六種新市政中心專用區,100000,319,持分移轉,01150000
RPQNMLOJNHLGFCB77DA,惠民段,11.46,都市：其他:第六種新市政中心專用區,100000,379,持分移轉,01150000
RPVOMLOJNHLGFCB38DA,惠民段,9.50,都市：其他:第六種新市政中心專用區,100000,314,持分移轉,01150000
RPXRMLPJNHLGFCB98DA,福德段,25.14,都市：其他:第二種住宅區,100000,907,持分移轉,01110000
RPPQMLLMJHLGFIB18DA,新高鐵段,16.05,都市：其他:商業區,100000,277,持分移轉,00570000
RPRNMLLMJHLGFIB08DA,新高鐵段,11.01,都市：其他:商業區,100000,190,持分移轉,00570000
RPQNNLLMJHLGFIB08DA,新高鐵段,11.01,都市：其他:商業區,100000,190,持分移轉,00570000
RPSUMLNKMHLGFCB58DA,中正段,10.13,都市：其他:第三種商業區,100000,207,持分移轉,02280000
RPVNMLOJNHLGFCB28DA,惠民段,11.49,都市：其他:第六種新市政中心專用區,100000,380,持分移轉,01150000
RPUSMLLMJHLGFIB88DA,新高鐵段,16.40,都市：其他:商業區,100000,283,持分移轉,00570000
RPTUMLOJNHLGFCB78DA,中正段,6.56,都市：其他:第三種商業區,100000,134,持分移轉,02280000
RPUOMLKKNHLGFCB97DA,惠民段,9.65,都市：其他:第六種新市政中心專用區,100000,319,持分移轉,01150000
RPVOMLKKNHLGFCB08DA,惠民段,13.16,都市：其他:第六種新市政中心專用區,100000,435,持分移轉,01150000
RPWOMLNLKHLGFIB88DA,新高鐵段,10.60,都市：其他:商業區,100000,183,持分移轉,00570000
RPSQMLQJLHLGFIB88DA,新高鐵段,10.60,都市：其他:商業區,100000,183,持分移轉,00570000
RPSQMLNKLHLGFCB08DA,中正段,9.93,都市：其他:第三種商業區,100000,203,持分移轉,02280000
RPUOMLMKNHLGFCB18DA,惠民段,9.71,都市：其他:第六種新市政中心專用區,100000,321,持分移轉,01150000
RPQWMLLMJHLGFIB88DA,新高鐵段,11.01,都市：其他:商業區,100000,190,持分移轉,00570000
RPPRMLNKLHLGFCB87DA,中正段,9.93,都市：其他:第三種商業區,100000,203,持分移轉,02280000
RPPSMLNKLHLGFCB97DA,中正段,6.80,都市：其他:第三種商業區,100000,139,持分移轉,02280000
RPTUMLNKMHLGFCB68DA,中正段,10.13,都市：其他:第三種商業區,100000,207,持分移轉,02280000
RPPOMLLMJHLGFIB97DA,新高鐵段,11.01,都市：其他:商業區,100000,190,持分移轉,00570000
RPVWMLLMJHLGFIB76DA,新高鐵段,11.01,都市：其他:商業區,100000,190,持分移轉,00570000
RPQTMLNKLHLGFCB18DA,中正段,7.44,都市：其他:第三種商業區,100000,152,持分移轉,02280000
RPQUMLNKLHLGFCB28DA,中正段,7.48,都市：其他:第三種商業區,100000,153,持分移轉,02280000
RPXSMLNKLHLGFCB78DA,中正段,6.56,都市：其他:第三種商業區,100000,134,持分移轉,02280000
RPWQMLLMJHLGFIB88DA,新高鐵段,15.76,都市：其他:商業區,100000,272,持分移轉,00570000
RPVTMLLMJHLGFIB09DA,新高鐵段,11.01,都市：其他:商業區,100000,190,持分移轉,00570000
RPTOMLMKNHLGFCB08DA,惠民段,9.65,都市：其他:第六種新市政中心專用區,100000,319,持分移轉,01150000
RPROMLMJKHLGFIB08DA,新高鐵段,16.40,都市：其他:商業區,100000,283,持分移轉,00570000
RPUPMLMJMHLGFCB08DA,中正段,7.58,都市：其他:第三種商業區,100000,155,持分移轉,02280000
RPRQMLNKMHLGFBB97DA,邱厝子段,17.49,都市：其他:第三種住宅區。,100000,2780,持分移轉,00950002
RPQQMLNKLHLGFCB87DA,中正段,7.00,都市：其他:第三種商業區,100000,143,持分移轉,02280000
RPVOMLMJKHLGFIB48DA,新高鐵段,11.01,都市：其他:商業區,100000,190,持分移轉,00570000
RPQOMLNLKHLGFIB28DA,新高鐵段,11.01,都市：其他:商業區,100000,190,持分移轉,00570000
RPROMLSLJIKGFCB18DA,永春段,26.01,都市：其他:第一之一種住宅區,100000,915,持分移轉,01050000
RPROMLSLJIKGFCB18DA,永春段,1.53,都市：其他:第一種住宅區,100000,51,持分移轉,01060004
RPWSMLNKMHLGFCB78DA,中正段,10.13,都市：其他:第三種商業區,100000,207,持分移轉,02280000
RPTVMLNKMHLGFCB78DA,中正段,7.44,都市：其他:第三種商業區,100000,152,持分移轉,02280000
RPOPMLMJMHLGFCB47DA,中正段,7.44,都市：其他:第三種商業區,100000,152,持分移轉,02280000
RPSTMLNKMHLGFCB48DA,中正段,7.00,都市：其他:第三種商業區,100000,143,持分移轉,02280000
RPUUMLOJNHLGFCB88DA,中正段,6.56,都市：其他:第三種商業區,100000,134,持分移轉,02280000
RPSNNLOJNHLGFCB08DA,中正段,7.48,都市：其他:第三種商業區,100000,153,持分移轉,02280000
RPVNNLOJNHLGFCB38DA,中正段,7.48,都市：其他:第三種商業區,100000,153,持分移轉,02280000
RPXNMLOJNHLGFCB48DA,惠民段,11.49,都市：其他:第六種新市政中心專用區,100000,380,持分移轉,01150000
RPQOMLSKNHLGFCB38DA,中正段,6.80,都市：其他:第三種商業區,100000,139,持分移轉,02280000
RPOTMLNKMHLGFCB08DA,中正段,7.48,都市：其他:第三種商業區,100000,153,持分移轉,02280000
RPORMLOJNHLGFCB97DA,惠民段,9.41,都市：其他:第六種新市政中心專用區,100000,311,持分移轉,01150000
RPRTMLNJOHLGFCB48DA,中正段,7.00,都市：其他:第三種商業區,100000,143,持分移轉,02280000
RPSTMLNJOHLGFCB58DA,中正段,7.00,都市：其他:第三種商業區,100000,143,持分移轉,02280000
RPXTMLOJNHLGFCB09DA,中正段,7.04,都市：其他:第三種商業區,100000,144,持分移轉,02280000
RPUNMLOJNHLGFCB18DA,惠民段,9.19,都市：其他:第六種新市政中心專用區,100000,304,持分移轉,01150000
RPSSMLNKMHLGFCB38DA,中正段,6.56,都市：其他:第三種商業區,100000,134,持分移轉,02280000
RPOUMLNKMHLGFCB18DA,中正段,7.68,都市：其他:第三種商業區,100000,157,持分移轉,02280000
RPVSMLNKMHLGFCB68DA,中正段,10.13,都市：其他:第三種商業區,100000,207,持分移轉,02280000
RPOONLOJNHLGFCB77DA,中正段,7.58,都市：其他:第三種商業區,100000,155,持分移轉,02280000
RPWNMLKKNHLGFCB08DA,惠民段,9.44,都市：其他:第六種新市政中心專用區,100000,312,持分移轉,01150000
RPXTMLNKMHLGFCB98DA,中正段,9.93,都市：其他:第三種商業區,100000,203,持分移轉,02280000
RPXNMLSKNHLGFCB98DA,中正段,10.13,都市：其他:第三種商業區,100000,207,持分移轉,02280000
RPWRMLLMJHLGFIB98DA,新高鐵段,16.05,都市：其他:商業區,100000,277,持分移轉,00570000
RPWPMLLMJHLGFIB78DA,新高鐵段,16.40,都市：其他:商業區,100000,283,持分移轉,00570000
RPWVMLLMJHLGFIB76DA,新高鐵段,18.37,都市：其他:商業區,100000,317,持分移轉,00570000
RPTSMLLMJHLGFIB78DA,新高鐵段,11.01,都市：其他:商業區,100000,190,持分移轉,00570000
RPOQMLLMJHLGFIB08DA,新高鐵段,10.60,都市：其他:商業區,100000,183,持分移轉,00570000
RPTONLLMJHLGFIB48DA,新高鐵段,16.05,都市：其他:商業區,100000,277,持分移轉,00570000
RPRQMLNKLHLGFCB97DA,中正段,6.56,都市：其他:第三種商業區,100000,134,持分移轉,02280000
RPQRMLLMJHLGFIB38DA,新高鐵段,16.40,都市：其他:商業區,100000,283,持分移轉,00570000
RPPQMLNKLHLGFCB77DA,中正段,7.48,都市：其他:第三種商業區,100000,153,持分移轉,02280000
RPOPMLNLKHLGFIB18DA,新高鐵段,10.60,都市：其他:商業區,100000,183,持分移轉,00570000
RPQOMLMJKHLGFIB97DA,新高鐵段,11.01,都市：其他:商業區,100000,190,持分移轉,00570000
RPWQMLNKLHLGFCB48DA,中正段,7.63,都市：其他:第三種商業區,100000,156,持分移轉,02280000
RPTRMLNKLHLGFCB28DA,中正段,7.48,都市：其他:第三種商業區,100000,153,持分移轉,02280000
RPRSMLNKLHLGFCB18DA,中正段,7.39,都市：其他:第三種商業區,100000,151,持分移轉,02280000
RPONNLLMJHLGFIB87DA,新高鐵段,11.01,都市：其他:商業區,100000,190,持分移轉,00570000
RPPUMLNKLHLGFCB18DA,中正段,7.44,都市：其他:第三種商業區,100000,152,持分移轉,02280000
RPURMLLMJHLGFIB78DA,新高鐵段,18.37,都市：其他:商業區,100000,317,持分移轉,00570000
RPUSMLNJOHLGFCB68DA,中正段,7.58,都市：其他:第三種商業區,100000,155,持分移轉,02280000
RPSSMLNJOHLGFCB48DA,中正段,7.48,都市：其他:第三種商業區,100000,153,持分移轉,02280000
RPSNMLRJLHLGFIB68DA,新高鐵段,10.60,都市：其他:商業區,100000,183,持分移轉,00570000
RPSTMLLMJHLGFIB78DA,新高鐵段,10.66,都市：其他:商業區,100000,184,持分移轉,00570000
RPSOMLNLKHLGFIB48DA,新高鐵段,10.60,都市：其他:商業區,100000,183,持分移轉,00570000
RPTSMLNKMHLGFCB48DA,中正段,6.56,都市：其他:第三種商業區,100000,134,持分移轉,02280000
RPSWMLLMJHLGFIB09DA,新高鐵段,10.66,都市：其他:商業區,100000,184,持分移轉,00570000
RPXNMLLMJHLGFIB68DA,新高鐵段,16.05,都市：其他:商業區,100000,277,持分移轉,00570000
RPUSMLNKMHLGFCB58DA,中正段,9.83,都市：其他:第三種商業區,100000,201,持分移轉,02280000
RPUNMLLJMHLGFFB08DA,市鎮南段,11.43,都市：其他:第四種商業區,100000,51,持分移轉,00970000
RPWSMLNJOHLGFCB88DA,中正段,7.00,都市：其他:第三種商業區,100000,143,持分移轉,02280000
RPVUMLNKMHLGFCB88DA,中正段,10.13,都市：其他:第三種商業區,100000,207,持分移轉,02280000
RPQSMLNKMHLGFCB18DA,中正段,10.52,都市：其他:第三種商業區,100000,215,持分移轉,02280000
RPXQMLOKMHLGFCB78DA,中正段,10.13,都市：其他:第三種商業區,100000,207,持分移轉,02280000
RPOOMLQJLHLGFIB28DA,新高鐵段,18.37,都市：其他:商業區,100000,317,持分移轉,00570000
RPUUMLNKMHLGFCB78DA,中正段,10.13,都市：其他:第三種商業區,100000,207,持分移轉,02280000
RPRWMLLMJHLGFIB98DA,新高鐵段,16.05,都市：其他:商業區,100000,277,持分移轉,00570000
RPQTMLNKMHLGFCB28DA,中正段,7.58,都市：其他:第三種商業區,100000,155,持分移轉,02280000
RPPTMLNKMHLGFCB18DA,中正段,7.48,都市：其他:第三種商業區,100000,153,持分移轉,02280000
RPPVMLNKMHLGFCB38DA,中正段,7.48,都市：其他:第三種商業區,100000,153,持分移轉,02280000
RPVSNLNLLHLGFJB86DA,育賢段,23.08,都市：其他:住宅區,10000,45,持分移轉,02360002
RPPUMLNKMHLGFCB28DA,中正段,7.48,都市：其他:第三種商業區,100000,153,持分移轉,02280000
RPSRMLQJLHLGFIB98DA,新高鐵段,16.05,都市：其他:商業區,100000,277,持分移轉,00570000
RPQUMLNKMHLGFCB38DA,中正段,7.44,都市：其他:第三種商業區,100000,152,持分移轉,02280000
RPQSMLQJLHLGFIB88DA,新高鐵段,11.01,都市：其他:商業區,100000,190,持分移轉,00570000
RPQVMLNKMHLGFCB48DA,中正段,7.48,都市：其他:第三種商業區,100000,153,持分移轉,02280000
RPQOMLOKMHLGFCB87DA,中正段,7.44,都市：其他:第三種商業區,100000,152,持分移轉,02280000
RPRUMLNKMHLGFCB48DA,中正段,7.44,都市：其他:第三種商業區,100000,152,持分移轉,02280000
RPTRMLQJLHLGFIB09DA,新高鐵段,16.40,都市：其他:商業區,100000,283,持分移轉,00570000
RPTPMLLLMHLGFCB08DA,惠國段,19.08,都市：其他:第六種新市政中心專用區,100000,1050,持分移轉,01010000
RPTTMLOJNHLGFCB68DA,中正段,6.65,都市：其他:第三種商業區,100000,136,持分移轉,02280000
RPOUMLOJNHLGFCB28DA,中正段,7.34,都市：其他:第三種商業區,100000,150,持分移轉,02280000
RPWUMLOJNHLGFCB09DA,中正段,7.44,都市：其他:第三種商業區,100000,152,持分移轉,02280000
RPSUMLOJNHLGFCB68DA,中正段,6.21,都市：其他:第三種商業區,100000,127,持分移轉,02280000
RPPUMLOJNHLGFCB38DA,中正段,10.81,都市：其他:第三種商業區,100000,221,持分移轉,02280000
RPTNMLQKNHLGFCB38DA,中正段,7.00,都市：其他:第三種商業區,100000,143,持分移轉,02280000
RPVNMLQKNHLGFCB58DA,中正段,7.00,都市：其他:第三種商業區,100000,143,持分移轉,02280000
RPPOMLSKNHLGFCB28DA,中正段,6.60,都市：其他:第三種商業區,100000,135,持分移轉,02280000
RPUOMLSKNHLGFCB78DA,中正段,6.56,都市：其他:第三種商業區,100000,134,持分移轉,02280000
RPXOMLMKNHLGFFB78DA,市鎮南段,11.43,都市：其他:第四種商業區,100000,51,持分移轉,00970000
RPVSMLNJOHLGFCB78DA,中正段,6.75,都市：其他:第三種商業區,100000,138,持分移轉,02280000
RPXNNLOJNHLGFCB58DA,中正段,7.58,都市：其他:第三種商業區,100000,155,持分移轉,02280000
RPWQMLNJOHLGFCB68DA,中正段,10.52,都市：其他:第三種商業區,100000,215,持分移轉,02280000
RPWNNLOJNHLGFCB48DA,中正段,7.58,都市：其他:第三種商業區,100000,155,持分移轉,02280000
RPUTMLNJOHLGFCB78DA,中正段,9.93,都市：其他:第三種商業區,100000,203,持分移轉,02280000
RPVOMLQJKHLGFCB28DA,永春段,26.01,都市：其他:第一之一種住宅區,100000,915,持分移轉,01050000
RPVOMLQJKHLGFCB28DA,永春段,1.53,都市：其他:第一種住宅區,100000,51,持分移轉,01060004
RPPNMLLMJHLGFIB87DA,新高鐵段,10.66,都市：其他:商業區,100000,184,持分移轉,00570000
RPXNMLMKLHLGFCB18DA,永春段,26.13,都市：其他:第一之一種住宅區,100000,919,持分移轉,01050000
RPXNMLMKLHLGFCB18DA,永春段,1.53,都市：其他:第一種住宅區,100000,51,持分移轉,01060004
RPWOMLLMJHLGFIB68DA,新高鐵段,16.05,都市：其他:商業區,100000,277,持分移轉,00570000
RPUQMLNJOHLGFCB48DA,中正段,6.56,都市：其他:第三種商業區,100000,134,持分移轉,02280000
RPVQMLNJOHLGFCB58DA,中正段,6.51,都市：其他:第三種商業區,100000,133,持分移轉,02280000
RPPTMLNJOHLGFCB28DA,中正段,7.00,都市：其他:第三種商業區,100000,143,持分移轉,02280000
RPUQMLLMJHLGFIB68DA,新高鐵段,10.60,都市：其他:商業區,100000,183,持分移轉,00570000
RPXSMLLMJHLGFIB56DA,新高鐵段,11.01,都市：其他:商業區,100000,190,持分移轉,00570000
RPPUMLLMJHLGFIB58DA,新高鐵段,11.01,都市：其他:商業區,100000,190,持分移轉,00570000
RPUUMLLMJHLGFIB09DA,新高鐵段,10.66,都市：其他:商業區,100000,184,持分移轉,00570000
RPOTMLNJOHLGFCB18DA,中正段,7.00,都市：其他:第三種商業區,100000,143,持分移轉,02280000
RPQUMLLMJHLGFIB68DA,新高鐵段,18.37,都市：其他:商業區,100000,317,持分移轉,00570000
RPORMLNJOHLGFCB97DA,中正段,7.48,都市：其他:第三種商業區,100000,153,持分移轉,02280000
RPQRMLNJOHLGFCB18DA,中正段,7.48,都市：其他:第三種商業區,100000,153,持分移轉,02280000
RPUWMLLMJHLGFIB66DA,新高鐵段,16.05,都市：其他:商業區,100000,277,持分移轉,00570000
RPSRMLLMJHLGFIB58DA,新高鐵段,10.66,都市：其他:商業區,100000,184,持分移轉,00570000
RPRRMLLMJHLGFIB48DA,新高鐵段,16.40,都市：其他:商業區,100000,283,持分移轉,00570000
RPQONLLMJHLGFIB18DA,新高鐵段,10.66,都市：其他:商業區,100000,184,持分移轉,00570000
RPTRMLLMJHLGFIB68DA,新高鐵段,10.60,都市：其他:商業區,100000,183,持分移轉,00570000
RPOONLLMJHLGFIB97DA,新高鐵段,16.40,都市：其他:商業區,100000,283,持分移轉,00570000
RPSOMLLMJHLGFIB28DA,新高鐵段,16.05,都市：其他:商業區,100000,277,持分移轉,00570000
RPQRMLQJLHLGFIB78DA,新高鐵段,10.66,都市：其他:商業區,100000,184,持分移轉,00570000
RPPNMLRJLHLGFIB38DA,新高鐵段,10.60,都市：其他:商業區,100000,183,持分移轉,00570000
RPQPMLLMJHLGFIB18DA,新高鐵段,16.40,都市：其他:商業區,100000,283,持分移轉,00570000
SPXOMLMJKHLGFIB78DA,新高鐵段,10.60,都市：其他:商業區,100000,183,持分移轉,00570000
RPXOMLMJKHLGFIB68DA,新高鐵段,10.60,都市：其他:商業區,100000,183,持分移轉,00570000
RPSOMLLKLHLGFFB97DA,市鎮南段,6.50,都市：其他:第四種商業區,100000,29,持分移轉,00970000
RPTNMLLMJHLGFIB28DA,新高鐵段,10.66,都市：其他:商業區,100000,184,持分移轉,00570000
RPTPMLLMJHLGFIB48DA,新高鐵段,10.60,都市：其他:商業區,100000,183,持分移轉,00570000
RPOOMLLMJHLGFIB87DA,新高鐵段,16.40,都市：其他:商業區,100000,283,持分移轉,00570000
RPXQMLLMJHLGFIB98DA,新高鐵段,16.40,都市：其他:商業區,100000,283,持分移轉,00570000
RPOPMLLMJHLGFIB97DA,新高鐵段,18.37,都市：其他:商業區,100000,317,持分移轉,00570000
UPVNMLLKLHLGFIB78DA,新高鐵段,16.40,都市：其他:商業區,100000,283,持分移轉,00570000
RPQTMLLMJHLGFIB58DA,新高鐵段,10.66,都市：其他:商業區,100000,184,持分移轉,00570000
RPQVMLLMJHLGFIB78DA,新高鐵段,10.60,都市：其他:商業區,100000,183,持分移轉,00570000
RPPTMLLMJHLGFIB48DA,新高鐵段,11.01,都市：其他:商業區,100000,190,持分移轉,00570000
RPWWMLLMJHLGFIB86DA,新高鐵段,16.40,都市：其他:商業區,100000,283,持分移轉,00570000
RPSUMLLMJHLGFIB88DA,新高鐵段,11.01,都市：其他:商業區,100000,190,持分移轉,00570000
RPVNMLLKLHLGFIB48DA,新高鐵段,10.66,都市：其他:商業區,100000,184,持分移轉,00570000
TPVNMLLKLHLGFIB68DA,新高鐵段,11.01,都市：其他:商業區,100000,190,持分移轉,00570000
SPVNMLLKLHLGFIB58DA,新高鐵段,11.01,都市：其他:商業區,100000,190,持分移轉,00570000
RPUPMLQJLHLGFIB98DA,新高鐵段,16.05,都市：其他:商業區,100000,277,持分移轉,00570000
RPQNMLRJLHLGFIB48DA,新高鐵段,16.05,都市：其他:商業區,100000,277,持分移轉,00570000
RPROMLMLMHLGFFB18DA,鹿寮東段,33.49,都市：其他:第四種住宅區,100000,1696,持分移轉,09740000
RPPOMLQJLHLGFIB38DA,新高鐵段,16.05,都市：其他:商業區,100000,277,持分移轉,00570000
RPVPMLQJLHLGFIB09DA,新高鐵段,16.40,都市：其他:商業區,100000,283,持分移轉,00570000
RPPPMLLMJHLGFIB08DA,新高鐵段,16.05,都市：其他:商業區,100000,277,持分移轉,00570000
RPPOMLMLMHLGFFB97DA,鹿寮東段,33.49,都市：其他:第四種住宅區,100000,1696,持分移轉,09740000
RPVSMLQJLHLGFIB76DA,新高鐵段,10.66,都市：其他:商業區,100000,184,持分移轉,00570000
RPTNMLRJLHLGFIB78DA,新高鐵段,16.40,都市：其他:商業區,100000,283,持分移轉,00570000
RPOQMLQJLHLGFIB48DA,新高鐵段,10.66,都市：其他:商業區,100000,184,持分移轉,00570000
RPRNMLRJLHLGFIB58DA,新高鐵段,16.05,都市：其他:商業區,100000,277,持分移轉,00570000
RPXPMLQJLHLGFIB66DA,新高鐵段,10.60,都市：其他:商業區,100000,183,持分移轉,00570000
RPROMLSJNHLGFIB98DA,新高鐵段,16.40,都市：其他:商業區,100000,283,持分移轉,00570000
RPROMLQLNHLGFFB68DA,市鎮南段,9.42,都市：其他:第四種商業區,100000,42,持分移轉,00970000
RPUOMLSJNHLGFIB66DA,新高鐵段,16.40,都市：其他:商業區,100000,283,持分移轉,00570000
RPRRMLKKLHLGFBB67DA,碧柳段,7.66,都市：其他:特定商業區,100000,80,持分移轉,00020000
RPOOMLRLNHLGFIB78DA,新高鐵段,10.60,都市：其他:商業區,100000,183,持分移轉,00570000
RPWQMLQJLHLGFIB66DA,新高鐵段,10.66,都市：其他:商業區,100000,184,持分移轉,00570000
RPTNMLPLJHLGFBB87DA,昌平段,29.49,都市：其他:第五種住宅區,100000,638,持分移轉,02550000
RPQNMLNKKHLGFCB47DA,永春段,26.13,都市：其他:第一之一種住宅區,100000,919,持分移轉,01050000
RPQNMLNKKHLGFCB47DA,永春段,1.56,都市：其他:第一種住宅區,100000,52,持分移轉,01060004
SPOOMLRLNHLGFIB88DA,新高鐵段,10.66,都市：其他:商業區,100000,184,持分移轉,00570000
RPPNMLTLJHLGFCB97DA,三富段,38.34,都市：其他:第一之C種住宅區,100000,744,持分移轉,00820000
RPTSMLQJLHLGFIB56DA,新高鐵段,16.05,都市：其他:商業區,100000,277,持分移轉,00570000
RPWNMLKLLHLGFBB87DA,仁平段,50.47,都市：其他:第一之一種住宅區,100000,522,持分移轉,02740000
RPRRMLNLLHLGFBB08DA,仁平段,60.13,都市：其他:第一之一種住宅區,100000,622,持分移轉,02740000
RPTPMLTKJHLGFBB38DA,昌平段,29.49,都市：其他:第五種住宅區,100000,638,持分移轉,02550000
RPUPMLTKJHLGFBB48DA,昌平段,29.49,都市：其他:第五種住宅區,100000,638,持分移轉,02550000
RPSNMLOLMHLGFIB68DA,新高鐵段,11.01,都市：其他:商業區,100000,190,持分移轉,00570000
RPTNMLOLMHLGFIB78DA,新高鐵段,10.66,都市：其他:商業區,100000,184,持分移轉,00570000
RPVTMLKKLHLGFCB38DA,寶文段,22.81,都市：其他:第二種住宅區,100000,487,持分移轉,00350002
RPUTMLLLJHLGFBB18DA,昌平段,20.43,都市：其他:第五種住宅區,100000,442,持分移轉,02550000
RPRNMLTKLHLGFCB28DA,寶文段,22.81,都市：其他:第二種住宅區,100000,487,持分移轉,00350002
RPSTMLLLJHLGFBB97DA,昌平段,29.49,都市：其他:第五種住宅區,100000,638,持分移轉,02550000
RPVPMLTKJHLGFBB58DA,昌平段,20.43,都市：其他:第五種住宅區,100000,442,持分移轉,02550000
RPROMLQLLHLGFAB97DA,泉源段,13.54,都市：其他:第三之一種商業區,100000,115,持分移轉,00150000
RPRNMLLMLHLGFBB57DA,仁平段,46.50,都市：其他:第一之一種住宅區,100000,481,持分移轉,02740000
RPTTMLLLJHLGFBB08DA,昌平段,29.49,都市：其他:第五種住宅區,100000,638,持分移轉,02550000
RPSOMLQLLHLGFAB08DA,泉源段,14.01,都市：其他:第三之一種商業區,100000,119,持分移轉,00150000
RPSPMLLMLHLGFBB87DA,仁平段,61.68,都市：其他:第一之一種住宅區,100000,638,持分移轉,02740000
SPOPMLLJMHLGFBB37DA,仁平段,67.29,都市：其他:第一之一種住宅區,100000,696,持分移轉,02740000
RPWNMLLJMHLGFFB28DA,市鎮南段,11.66,都市：其他:第四種商業區,100000,52,持分移轉,00970000
RPOPMLLJMHLGFBB27DA,仁平段,57.62,都市：其他:第一之一種住宅區,100000,596,持分移轉,02740000
RPROMLQLLHLGFCB18DA,永春段,7.96,都市：其他:第一之一種住宅區,100000,280,持分移轉,01050000
RPROMLQLLHLGFCB18DA,永春段,70.78,都市：其他:第一種住宅區,100000,2353,持分移轉,01060004
RPROMLQLLHLGFCB18DA,永春段,170.15,都市：其他:第一種住宅區,1,1,全筆移轉,01060032
RPRNMLMKMHLGFFB97DA,鹿寮東段,31.55,都市：其他:第四種住宅區,100000,1598,持分移轉,09740000
RPVOMLMJMHLGFCB08DA,永春段,26.13,都市：其他:第一之一種住宅區,100000,919,持分移轉,01050000
RPVOMLMJMHLGFCB08DA,永春段,1.56,都市：其他:第一種住宅區,100000,52,持分移轉,01060004
RPUNMLNLMHLGFFB48DA,鹿寮東段,31.55,都市：其他:第四種住宅區,100000,1598,持分移轉,09740000
RPWOMLMLMHLGFFB68DA,鹿寮東段,33.49,都市：其他:第四種住宅區,100000,1696,持分移轉,09740000
RPVNMLNLMHLGFBB18DA,仁平段,211.91,都市：其他:第一之一種住宅區,100000,2192,持分移轉,02740000
RPVTMLLLJHLGFBB28DA,昌平段,20.43,都市：其他:第五種住宅區,100000,442,持分移轉,02550000
RPSTMLOJNHLGFCB58DA,中正段,6.80,都市：其他:第三種商業區,100000,139,持分移轉,02280000
RPUNMLTLMHLGFFB09DA,鹿寮東段,33.49,都市：其他:第四種住宅區,100000,1696,持分移轉,09740000
RPQTMLOJNHLGFCB38DA,中正段,6.56,都市：其他:第三種商業區,100000,134,持分移轉,02280000
RPXOMLMLMHLGFFB78DA,鹿寮東段,33.49,都市：其他:第四種住宅區,100000,1696,持分移轉,09740000
RPWPMLTKJHLGFBB68DA,昌平段,20.43,都市：其他:第五種住宅區,100000,442,持分移轉,02550000
RPUNMLRJNHLGFFB78DA,鹿寮東段,30.96,都市：其他:第四種住宅區,100000,1568,持分移轉,09740000
RPPNMLMKLHLGFEB57DA,致用段,17.50,都市：其他:住宅區,100000,1490,持分移轉,01130000
RPTOMLKLMHLGFBB77DA,仁平段,42.05,都市：其他:第一之一種住宅區,100000,435,持分移轉,02740000
RPTOMLNKNHLGFFB48DA,鹿寮東段,37.34,都市：其他:第四種住宅區,100000,1891,持分移轉,09740000
RPROMLNLMHLGFCB97DA,惠國段,16.23,都市：其他:第六種新市政中心專用區,100000,893,持分移轉,01010000
RPVOMLKLMHLGFBB97DA,仁平段,42.05,都市：其他:第一之一種住宅區,100000,435,持分移轉,02740000
RPPPMLKLMHLGFBB47DA,仁平段,51.72,都市：其他:第一之一種住宅區,100000,535,持分移轉,02740000
RPSOMLNKNHLGFFB38DA,鹿寮東段,30.96,都市：其他:第四種住宅區,100000,1568,持分移轉,09740000
RPWNMLRLLHLGFCB68DA,惠國段,15.46,都市：其他:第六種新市政中心專用區,200000,1702,持分移轉,01010000
RPWSMLLLJHLGFBB28DA,昌平段,21.68,都市：其他:第五種住宅區,100000,469,持分移轉,02550000
RPQNMLQLLHLGFFB28DA,鹿寮東段,33.49,都市：其他:第四種住宅區,100000,1696,持分移轉,09740000
RPSQMLMKLHLGFFB28DA,市鎮南段,9.42,都市：其他:第四種商業區,100000,42,持分移轉,00970000
RPVNMLRLLHLGFFB88DA,鹿寮東段,33.49,都市：其他:第四種住宅區,100000,1696,持分移轉,09740000
RPSOMLPLLHLGFFB48DA,鹿寮東段,29.68,都市：其他:第四種住宅區,100000,1503,持分移轉,09740000
RPPNMLQLLHLGFFB18DA,鹿寮東段,33.49,都市：其他:第四種住宅區,100000,1696,持分移轉,09740000
RPRNMLTKLHLGFFB58DA,市鎮南段,9.42,都市：其他:第四種商業區,100000,42,持分移轉,00970000
RPUNMLRLLHLGFFB78DA,鹿寮東段,29.68,都市：其他:第四種住宅區,100000,1503,持分移轉,09740000
RPPPMLLJMHLGFFB77DA,鹿寮東段,31.55,都市：其他:第四種住宅區,100000,1598,持分移轉,09740000
RPOPMLLJMHLGFFB67DA,鹿寮東段,33.49,都市：其他:第四種住宅區,100000,1696,持分移轉,09740000
RPRNMLQLLHLGFFB38DA,鹿寮東段,33.49,都市：其他:第四種住宅區,100000,1696,持分移轉,09740000
RPQNMLTKLHLGFFB48DA,市鎮南段,9.42,都市：其他:第四種商業區,100000,42,持分移轉,00970000
RPROMLKKKHLGFBB27DA,昌平段,20.43,都市：其他:第五種住宅區,100000,442,持分移轉,02550000
RPTPMLLJMHLGFFB18DA,鹿寮東段,31.55,都市：其他:第四種住宅區,100000,1598,持分移轉,09740000
RPWPMLLJMHLGFFB48DA,鹿寮東段,37.34,都市：其他:第四種住宅區,100000,1891,持分移轉,09740000
RPRNMLMJMHLGFFB87DA,鹿寮東段,33.49,都市：其他:第四種住宅區,100000,1696,持分移轉,09740000
RPUPMLLJMHLGFFB28DA,鹿寮東段,31.55,都市：其他:第四種住宅區,100000,1598,持分移轉,09740000
RPWOMLMJMHLGFCB18DA,永春段,26.01,都市：其他:第一之一種住宅區,100000,915,持分移轉,01050000
RPWOMLMJMHLGFCB18DA,永春段,1.56,都市：其他:第一種住宅區,100000,52,持分移轉,01060004
RPWOMLTJMHLGFFB56DA,鹿寮東段,33.49,都市：其他:第四種住宅區,100000,1696,持分移轉,09740000
RPPNMLKKMHLGFFB57DA,鹿寮東段,29.68,都市：其他:第四種住宅區,100000,1503,持分移轉,09740000
RPSPMLTJMHLGFFB88DA,鹿寮東段,37.34,都市：其他:第四種住宅區,100000,1891,持分移轉,09740000
RPQPMLTJMHLGFFB68DA,鹿寮東段,41.56,都市：其他:第四種住宅區,100000,2105,持分移轉,09740000
RPOPMLTJMHLGFFB48DA,鹿寮東段,33.49,都市：其他:第四種住宅區,100000,1696,持分移轉,09740000
RPVOMLTJMHLGFFB09DA,鹿寮東段,33.49,都市：其他:第四種住宅區,100000,1696,持分移轉,09740000
RPRPMLTJMHLGFFB78DA,鹿寮東段,33.49,都市：其他:第四種住宅區,100000,1696,持分移轉,09740000
RPPNMLMKMHLGFFB77DA,鹿寮東段,33.49,都市：其他:第四種住宅區,100000,1696,持分移轉,09740000
RPVPMLTJMHLGFFB56DA,鹿寮東段,33.49,都市：其他:第四種住宅區,100000,1696,持分移轉,09740000
RPPPMLPKMHLGFCB97DA,西屯段,8.34,都市：其他:第三種商業區,100000,299,持分移轉,24610000
RPTNMLMKMHLGFFB18DA,鹿寮東段,33.49,都市：其他:第四種住宅區,100000,1696,持分移轉,09740000
RPVNMLPKMHLGFAB18DA,練武段,12.19,都市：其他:第四之二種商業區,100000,1761,持分移轉,10540000
RPVNMLNLMHLGFFB58DA,鹿寮東段,33.49,都市：其他:第四種住宅區,100000,1696,持分移轉,09740000
RPSNMLMKMHLGFFB08DA,鹿寮東段,33.49,都市：其他:第四種住宅區,100000,1696,持分移轉,09740000
RPXNMLRJNHLGFFB09DA,鹿寮東段,33.49,都市：其他:第四種住宅區,100000,1696,持分移轉,09740000
RPTNMLRJNHLGFFB68DA,鹿寮東段,37.34,都市：其他:第四種住宅區,100000,1891,持分移轉,09740000
RPSNMLRJNHLGFFB58DA,鹿寮東段,29.68,都市：其他:第四種住宅區,100000,1503,持分移轉,09740000
RPQPMLNLMHLGFCB97DA,惠國段,22.52,都市：其他:第六種新市政中心專用區,100000,1239,持分移轉,01010000
RPROMLNKNHLGFFB28DA,鹿寮東段,33.49,都市：其他:第四種住宅區,100000,1696,持分移轉,09740000
RPWNMLRJNHLGFFB98DA,鹿寮東段,33.49,都市：其他:第四種住宅區,100000,1696,持分移轉,09740000
RPUPMLQLKIKGFBB38DA,仁平段,61.68,都市：其他:第一之一種住宅區,100000,638,持分移轉,02740000
RPRQMLQLKIKGFBB18DA,仁平段,50.47,都市：其他:第一之一種住宅區,100000,522,持分移轉,02740000
RPXOMLSLNHLGFFB86DA,鹿寮東段,37.34,都市：其他:第四種住宅區,100000,1891,持分移轉,09740000
RPTNMLKLNHLGFFB18DA,鹿寮東段,37.34,都市：其他:第四種住宅區,100000,1891,持分移轉,09740000
RPTPNLPJLHLGFCB28DA,惠國段,165.99,都市：其他:第六種新市政中心專用區,100000,9134,持分移轉,01010000
RPPNMLNJLHLGFFB67DA,市鎮南段,11.43,都市：其他:第四種商業區,200000,102,持分移轉,00970000
RPTNMLMKLHLGFEB97DA,致用段,31.33,都市：其他:住宅區,100000,2668,持分移轉,01130000
RPROMLQKLHLGFCB08DA,西屯段,6.58,都市：其他:第三種商業區,100000,236,持分移轉,24610000
RPROMLPLLHLGFFB38DA,鹿寮東段,31.55,都市：其他:第四種住宅區,100000,1598,持分移轉,09740000
RPOPMLKLJHLGFBB07DA,昌平段,21.68,都市：其他:第五種住宅區,100000,469,持分移轉,02550000
RPXRMLKLJHLGFBB18DA,昌平段,20.43,都市：其他:第五種住宅區,100000,442,持分移轉,02550000
RPVRMLKLJHLGFBB97DA,昌平段,29.49,都市：其他:第五種住宅區,100000,638,持分移轉,02550000
RPWRMLKLJHLGFBB08DA,昌平段,29.49,都市：其他:第五種住宅區,100000,638,持分移轉,02550000
RPPPMLKLJHLGFBB17DA,昌平段,29.49,都市：其他:第五種住宅區,100000,638,持分移轉,02550000
SPTPNLPJLHLGFCB38DA,惠國段,101.26,都市：其他:第六種新市政中心專用區,100000,5572,持分移轉,01010000
RPPOMLPLKHLGFFB08DA,市鎮南段,9.64,都市：其他:第四種商業區,100000,43,持分移轉,00970000
TPTPNLPJLHLGFCB48DA,惠國段,100.24,都市：其他:第六種新市政中心專用區,100000,5516,持分移轉,01010000
RPQRMLKKLHLGFCB67DA,西屯段,6.50,都市：其他:第三種商業區,100000,233,持分移轉,24610000
RPQNMLMKMHLGFFB87DA,鹿寮東段,29.68,都市：其他:第四種住宅區,100000,1503,持分移轉,09740000
RPWNMLKKMHLGFCB97DA,西屯段,6.66,都市：其他:第三種商業區,100000,239,持分移轉,24610000
RPPPMLTJMHLGFFB58DA,鹿寮東段,33.49,都市：其他:第四種住宅區,100000,1696,持分移轉,09740000
RPQPMLLJMHLGFFB87DA,鹿寮東段,33.49,都市：其他:第四種住宅區,100000,1696,持分移轉,09740000
RPOPMLMLMHLGFFB97DA,鹿寮東段,33.49,都市：其他:第四種住宅區,100000,1696,持分移轉,09740000
RPSOMLRKMHLGFCB38DA,西屯段,6.47,都市：其他:第三種商業區,100000,232,持分移轉,24610000
RPTNMLNLMHLGFFB38DA,鹿寮東段,29.68,都市：其他:第四種住宅區,100000,1503,持分移轉,09740000
RPTNMLTLMHLGFFB98DA,鹿寮東段,29.68,都市：其他:第四種住宅區,100000,1503,持分移轉,09740000
RPUOMLNKNHLGFFB58DA,鹿寮東段,29.68,都市：其他:第四種住宅區,100000,1503,持分移轉,09740000
RPSPMLKMMHLGFCB97DA,永春段,26.13,都市：其他:第一之一種住宅區,100000,919,持分移轉,01050000
RPSPMLKMMHLGFCB97DA,永春段,1.53,都市：其他:第一種住宅區,100000,51,持分移轉,01060004
RPPSMLLLJHLGFBB57DA,昌平段,21.68,都市：其他:第五種住宅區,100000,469,持分移轉,02550000
RPWOMLMKNHLGFFB68DA,市鎮南段,13.23,都市：其他:第四種商業區,100000,59,持分移轉,00970000
RPUNMLMKMHLGFFB28DA,鹿寮東段,37.34,都市：其他:第四種住宅區,100000,1891,持分移轉,09740000
RPOPMLMKNHLGFFB97DA,市鎮南段,6.50,都市：其他:第四種商業區,100000,29,持分移轉,00970000
RPROMLOKNHLGFCB08DA,西屯段,6.72,都市：其他:第三種商業區,100000,241,持分移轉,24610000
RPVSMLPLLHLGFCB88DA,西屯段,6.61,都市：其他:第三種商業區,100000,237,持分移轉,24610000
RPWNMLPLKHLGFFB68DA,市鎮南段,13.00,都市：其他:第四種商業區,100000,58,持分移轉,00970000
RPSPMLKLJHLGFBB47DA,昌平段,21.68,都市：其他:第五種住宅區,100000,469,持分移轉,02550000
RPSRMLLLJHLGFBB77DA,昌平段,21.68,都市：其他:第五種住宅區,100000,469,持分移轉,02550000
RPVPMLLJMHLGFFB38DA,鹿寮東段,33.49,都市：其他:第四種住宅區,100000,1696,持分移轉,09740000
RPXNMLPLKHLGFFB78DA,市鎮南段,9.42,都市：其他:第四種商業區,100000,42,持分移轉,00970000
RPPWMLOJNHLGFCB58DA,惠安段,35.52,都市：其他:第四之一種商業區,100000,438,持分移轉,02230000
RPORMLKLJHLGFBB27DA,昌平段,28.61,都市：其他:第五種住宅區,100000,619,持分移轉,02550000
RPWNMLKKKHLGFBB67DA,昌平段,20.43,都市：其他:第五種住宅區,100000,442,持分移轉,02550000
RPVNMLKKKHLGFBB57DA,昌平段,28.61,都市：其他:第五種住宅區,100000,619,持分移轉,02550000
RPROMLQJLHLGFFB28DA,南簡段,18.43,都市：其他:第一種商業區,100000,886,持分移轉,09500002
RPPOMLNJJHLGFBB17DA,昌平段,29.49,都市：其他:第五種住宅區,100000,638,持分移轉,02550000
RPRQMLQLKHLGFCB28DA,西屯段,6.61,都市：其他:第三種商業區,100000,237,持分移轉,24610000
RPUNMLNJJHLGFBB57DA,昌平段,29.49,都市：其他:第五種住宅區,100000,638,持分移轉,02550000
RPPNMLNJJHLGFBB07DA,昌平段,20.43,都市：其他:第五種住宅區,100000,442,持分移轉,02550000
RPSOMLNJJHLGFBB47DA,昌平段,29.49,都市：其他:第五種住宅區,100000,638,持分移轉,02550000
RPXOMLNJJHLGFBB97DA,昌平段,29.49,都市：其他:第五種住宅區,100000,638,持分移轉,02550000
RPVNMLNJJHLGFBB67DA,昌平段,20.43,都市：其他:第五種住宅區,100000,442,持分移轉,02550000
RPROMLMJJHLGFBB27DA,昌平段,21.68,都市：其他:第五種住宅區,100000,469,持分移轉,02550000
RPOOMLNJJHLGFBB07DA,昌平段,28.61,都市：其他:第五種住宅區,100000,619,持分移轉,02550000
RPWOMLMJJHLGFBB77DA,昌平段,28.61,都市：其他:第五種住宅區,100000,619,持分移轉,02550000
RPXOMLMJJHLGFBB87DA,昌平段,29.49,都市：其他:第五種住宅區,100000,638,持分移轉,02550000
RPVOMLMJJHLGFBB67DA,昌平段,20.43,都市：其他:第五種住宅區,100000,442,持分移轉,02550000
RPSNMLNJJHLGFBB37DA,昌平段,20.43,都市：其他:第五種住宅區,100000,442,持分移轉,02550000
RPUPMLMJJHLGFBB67DA,昌平段,29.49,都市：其他:第五種住宅區,100000,638,持分移轉,02550000
RPRNMLNJJHLGFBB27DA,昌平段,29.49,都市：其他:第五種住宅區,100000,638,持分移轉,02550000
RPXNMLNJJHLGFBB87DA,昌平段,28.61,都市：其他:第五種住宅區,100000,619,持分移轉,02550000
RPXNMLKLJHLGFBB77DA,昌平段,21.68,都市：其他:第五種住宅區,100000,469,持分移轉,02550000
RPWNMLNJJHLGFBB77DA,昌平段,21.68,都市：其他:第五種住宅區,100000,469,持分移轉,02550000
RPSQMLLLJHLGFBB67DA,昌平段,28.61,都市：其他:第五種住宅區,100000,619,持分移轉,02550000
RPTNMLNJJHLGFBB47DA,昌平段,28.61,都市：其他:第五種住宅區,100000,619,持分移轉,02550000
RPSSMLLLJHLGFBB87DA,昌平段,28.61,都市：其他:第五種住宅區,100000,619,持分移轉,02550000
RPTNMLPJRHKGFJB56DA,興隆段,2600.03,非都市：一般農業區 ; 非都市編定：農牧用地,1,1,全筆移轉,01380000
RPVOMLNJJHLGFBB77DA,昌平段,21.68,都市：其他:第五種住宅區,100000,469,持分移轉,02550000
RPUPMLNJJHLGFBB77DA,昌平段,21.68,都市：其他:第五種住宅區,100000,469,持分移轉,02550000
RPROMLKLJHLGFBB27DA,昌平段,21.68,都市：其他:第五種住宅區,100000,469,持分移轉,02550000
RPQQMLNJJHLGFBB47DA,昌平段,28.61,都市：其他:第五種住宅區,100000,619,持分移轉,02550000
RPXPMLNJJHLGFBB08DA,昌平段,28.61,都市：其他:第五種住宅區,100000,619,持分移轉,02550000
RPQPMLNJJHLGFBB37DA,昌平段,28.61,都市：其他:第五種住宅區,100000,619,持分移轉,02550000
RPTPMLNJJHLGFBB67DA,昌平段,29.49,都市：其他:第五種住宅區,100000,638,持分移轉,02550000
RPRPMLNJJHLGFBB47DA,昌平段,20.43,都市：其他:第五種住宅區,100000,442,持分移轉,02550000
RPVOMLKLJHLGFBB67DA,昌平段,29.49,都市：其他:第五種住宅區,100000,638,持分移轉,02550000
RPVPMLNJJHLGFBB87DA,昌平段,21.68,都市：其他:第五種住宅區,100000,469,持分移轉,02550000
RPSQMLNJJHLGFBB67DA,昌平段,29.49,都市：其他:第五種住宅區,100000,638,持分移轉,02550000
RPWOMLNJJHLGFBB87DA,昌平段,21.68,都市：其他:第五種住宅區,100000,469,持分移轉,02550000
RPSQMLTKJHLGFBB38DA,昌平段,29.49,都市：其他:第五種住宅區,100000,638,持分移轉,02550000
RPRPMLKLJHLGFBB37DA,昌平段,20.43,都市：其他:第五種住宅區,100000,442,持分移轉,02550000
RPWQMLTKJHLGFBB78DA,昌平段,28.61,都市：其他:第五種住宅區,100000,619,持分移轉,02550000
RPRQMLTKJHLGFBB28DA,昌平段,29.49,都市：其他:第五種住宅區,100000,638,持分移轉,02550000
RPORMLTKJHLGFBB08DA,昌平段,29.49,都市：其他:第五種住宅區,100000,638,持分移轉,02550000
RPUQMLTKJHLGFBB58DA,昌平段,20.43,都市：其他:第五種住宅區,100000,442,持分移轉,02550000
RPXPMLKLJHLGFBB97DA,昌平段,29.49,都市：其他:第五種住宅區,100000,638,持分移轉,02550000
RPUPMLKLJHLGFBB67DA,昌平段,20.43,都市：其他:第五種住宅區,100000,442,持分移轉,02550000
RPXQMLTKJHLGFBB88DA,昌平段,29.49,都市：其他:第五種住宅區,100000,638,持分移轉,02550000
RPWPMLKLJHLGFBB87DA,昌平段,28.61,都市：其他:第五種住宅區,100000,619,持分移轉,02550000
RPTPMLKLJHLGFBB57DA,昌平段,28.61,都市：其他:第五種住宅區,100000,619,持分移轉,02550000
RPOQMLKLJHLGFBB17DA,昌平段,29.49,都市：其他:第五種住宅區,100000,638,持分移轉,02550000
RPPQMLKLJHLGFBB27DA,昌平段,28.61,都市：其他:第五種住宅區,100000,619,持分移轉,02550000
RPVPMLKLJHLGFBB77DA,昌平段,28.61,都市：其他:第五種住宅區,100000,619,持分移轉,02550000
RPSQMLKLJHLGFBB57DA,昌平段,20.43,都市：其他:第五種住宅區,100000,442,持分移轉,02550000
RPQRMLKLJHLGFBB47DA,昌平段,20.43,都市：其他:第五種住宅區,100000,442,持分移轉,02550000
RPTOMLNJJHLGFBB57DA,昌平段,20.43,都市：其他:第五種住宅區,100000,442,持分移轉,02550000
RPOOMLKLJHLGFBB96DA,昌平段,21.68,都市：其他:第五種住宅區,100000,469,持分移轉,02550000
RPTRMLKLJHLGFBB77DA,昌平段,28.61,都市：其他:第五種住宅區,100000,619,持分移轉,02550000
RPPRMLKLJHLGFBB37DA,昌平段,29.49,都市：其他:第五種住宅區,100000,638,持分移轉,02550000
RPPSMLKLJHLGFBB47DA,昌平段,28.61,都市：其他:第五種住宅區,100000,619,持分移轉,02550000
RPTQMLLLJHLGFBB77DA,昌平段,29.49,都市：其他:第五種住宅區,100000,638,持分移轉,02550000
RPUQMLKLJHLGFBB77DA,昌平段,28.61,都市：其他:第五種住宅區,100000,619,持分移轉,02550000
RPOOMLLLJHLGFBB07DA,昌平段,28.61,都市：其他:第五種住宅區,100000,619,持分移轉,02550000
RPOQMLLLJHLGFBB27DA,昌平段,29.49,都市：其他:第五種住宅區,100000,638,持分移轉,02550000
RPOSMLLLJHLGFBB47DA,昌平段,20.43,都市：其他:第五種住宅區,100000,442,持分移轉,02550000
RPUNMLPLJHLGFBB97DA,昌平段,21.68,都市：其他:第五種住宅區,100000,469,持分移轉,02550000
RPURMLLLJHLGFBB97DA,昌平段,20.43,都市：其他:第五種住宅區,100000,442,持分移轉,02550000
RPRRMLLLJHLGFBB67DA,昌平段,20.43,都市：其他:第五種住宅區,100000,442,持分移轉,02550000
RPVRMLLLJHLGFBB08DA,昌平段,21.68,都市：其他:第五種住宅區,100000,469,持分移轉,02550000
RPXNMLKKKHLGFBB77DA,昌平段,29.49,都市：其他:第五種住宅區,100000,638,持分移轉,02550000
RPRRMLKLJHLGFBB57DA,昌平段,20.43,都市：其他:第五種住宅區,100000,442,持分移轉,02550000
RPQRMLLLJHLGFBB57DA,昌平段,29.49,都市：其他:第五種住宅區,100000,638,持分移轉,02550000
RPUNMLKKKHLGFBB47DA,昌平段,28.61,都市：其他:第五種住宅區,100000,619,持分移轉,02550000
RPPRMLLLJHLGFBB47DA,昌平段,28.61,都市：其他:第五種住宅區,100000,619,持分移轉,02550000
RPTSMLLLJHLGFBB97DA,昌平段,28.61,都市：其他:第五種住宅區,100000,619,持分移轉,02550000
RPUSMLLLJHLGFBB08DA,昌平段,28.61,都市：其他:第五種住宅區,100000,619,持分移轉,02550000
RPSPMLQJLHLGFBB08DA,昌平段,2886.93,都市：其他:第五種住宅區,1000000,624610,持分移轉,02550000
RPPOMLKKKHLGFBB07DA,昌平段,29.49,都市：其他:第五種住宅區,100000,638,持分移轉,02550000
RPVSMLLLJHLGFBB18DA,昌平段,28.61,都市：其他:第五種住宅區,100000,619,持分移轉,02550000
RPUNMLLKLHLGFFB08DA,市鎮南段,7.62,都市：其他:第四種商業區,100000,34,持分移轉,00970000
RPRRMLKKLHLGFCB77DA,西屯段,6.75,都市：其他:第三種商業區,100000,242,持分移轉,24610000
RPORMLTLMHLGFBB48DA,昌平段,28.61,都市：其他:第五種住宅區,100000,619,持分移轉,02550000
RPTNMLLKLHLGFFB97DA,市鎮南段,6.73,都市：其他:第四種商業區,100000,30,持分移轉,00970000
RPPNMLTKLHLGFFB38DA,市鎮南段,6.50,都市：其他:第四種商業區,100000,29,持分移轉,00970000
RPQNMLNJJHLGFBB17DA,昌平段,21.68,都市：其他:第五種住宅區,100000,469,持分移轉,02550000
RPQNMLTJMHLGFFB48DA,市鎮南段,11.43,都市：其他:第四種商業區,100000,51,持分移轉,00970000
RPSOMLMJJHLGFBB37DA,昌平段,21.68,都市：其他:第五種住宅區,100000,469,持分移轉,02550000
RPUNMLTKNHLGFCB78DA,惠國段,15.50,都市：其他:第六種新市政中心專用區,100000,853,持分移轉,01010000
RPOPMLMJJHLGFBB07DA,昌平段,21.68,都市：其他:第五種住宅區,100000,469,持分移轉,02550000
RPQOMLNJJHLGFBB27DA,昌平段,29.49,都市：其他:第五種住宅區,100000,638,持分移轉,02550000
RPOPMLNJJHLGFBB17DA,昌平段,29.49,都市：其他:第五種住宅區,100000,638,持分移轉,02550000
RPWPMLNJJHLGFBB97DA,昌平段,21.68,都市：其他:第五種住宅區,100000,469,持分移轉,02550000
RPTQMLTKJHLGFBB48DA,昌平段,29.49,都市：其他:第五種住宅區,100000,638,持分移轉,02550000
RPPPMLNJJHLGFBB27DA,昌平段,21.68,都市：其他:第五種住宅區,100000,469,持分移轉,02550000
RPSPMLNJJHLGFBB57DA,昌平段,28.61,都市：其他:第五種住宅區,100000,619,持分移轉,02550000
RPRNMLPLJHLGFBB67DA,昌平段,20.43,都市：其他:第五種住宅區,100000,442,持分移轉,02550000
RPVQMLTKJHLGFBB68DA,昌平段,21.68,都市：其他:第五種住宅區,100000,469,持分移轉,02550000
RPTOMLKLJHLGFBB47DA,昌平段,28.61,都市：其他:第五種住宅區,100000,619,持分移轉,02550000
RPPOMLKLJHLGFBB07DA,昌平段,28.61,都市：其他:第五種住宅區,100000,619,持分移轉,02550000
RPTQMLKLJHLGFBB67DA,昌平段,21.68,都市：其他:第五種住宅區,100000,469,持分移轉,02550000
RPSOMLKLJHLGFBB37DA,昌平段,21.68,都市：其他:第五種住宅區,100000,469,持分移轉,02550000
RPQOMLKLJHLGFBB17DA,昌平段,20.43,都市：其他:第五種住宅區,100000,442,持分移轉,02550000
RPSRMLKLJHLGFBB67DA,昌平段,21.68,都市：其他:第五種住宅區,100000,469,持分移轉,02550000
RPVQMLKLJHLGFBB87DA,昌平段,29.49,都市：其他:第五種住宅區,100000,638,持分移轉,02550000
RPXQMLKLJHLGFBB08DA,昌平段,21.68,都市：其他:第五種住宅區,100000,469,持分移轉,02550000
RPWQMLKLJHLGFBB97DA,昌平段,20.43,都市：其他:第五種住宅區,100000,442,持分移轉,02550000
RPXOMLKLJHLGFBB87DA,昌平段,20.43,都市：其他:第五種住宅區,100000,442,持分移轉,02550000
RPTPMLOJLHLGFCB08DA,國安段,22.45,都市：其他:第三之一種住宅區,100000,3186,持分移轉,06240000
RPXPMLOJLHLGFCB48DA,國安段,22.45,都市：其他:第三之一種住宅區,100000,3186,持分移轉,06240000
RPTQMLMKLHLGFFB38DA,市鎮南段,7.62,都市：其他:第四種商業區,100000,34,持分移轉,00970000
RPPRMLOJLHLGFCB87DA,國安段,22.45,都市：其他:第三之一種住宅區,100000,3186,持分移轉,06240000
RPXQMLOJLHLGFCB58DA,國安段,20.92,都市：其他:第三之一種住宅區,100000,2969,持分移轉,06240000
RPVRMLOJLHLGFCB48DA,國安段,22.25,都市：其他:第三之一種住宅區,100000,3158,持分移轉,06240000
RPOSMLOJLHLGFCB87DA,國安段,22.45,都市：其他:第三之一種住宅區,100000,3186,持分移轉,06240000
RPTRMLOJLHLGFCB28DA,國安段,22.45,都市：其他:第三之一種住宅區,100000,3186,持分移轉,06240000
RPSRMLOJLHLGFCB18DA,國安段,16.92,都市：其他:第三之一種住宅區,100000,2402,持分移轉,06240000
RPROMLLJMHLGFCB57DA,西屯段,6.44,都市：其他:第三種商業區,100000,231,持分移轉,24610000
RPSNMLPLLHLGFFB38DA,市鎮南段,18.16,都市：其他:第四種商業區,100000,81,持分移轉,00970000
RPXNMLQLJHLGFBB38DA,昌平段,28.61,都市：其他:第五種住宅區,100000,619,持分移轉,02550000
RPVNMLNLMHLGFCB28DA,國安段,16.92,都市：其他:第三之一種住宅區,100000,2402,持分移轉,06240000
RPSNMLSLMHLGFFB78DA,市鎮南段,9.42,都市：其他:第四種商業區,100000,42,持分移轉,00970000
RPQOMLLKLHLGFFB77DA,市鎮南段,6.73,都市：其他:第四種商業區,100000,30,持分移轉,00970000
RPWNMLNLMHLGFCB38DA,國安段,22.45,都市：其他:第三之一種住宅區,100000,3186,持分移轉,06240000
RPQRMLOJLHLGFCB97DA,國安段,21.71,都市：其他:第三之一種住宅區,100000,3082,持分移轉,06240000
RPTNMLLLMHLGFCB87DA,國安段,22.25,都市：其他:第三之一種住宅區,100000,3158,持分移轉,06240000
RPVNMLLLMHLGFCB08DA,國安段,16.92,都市：其他:第三之一種住宅區,100000,2402,持分移轉,06240000
RPSOMLLJMHLGFAB47DA,泉源段,14.12,都市：其他:第三之一種商業區,100000,120,持分移轉,00150000
RPUNMLNLMHLGFCB18DA,國安段,22.25,都市：其他:第三之一種住宅區,100000,3158,持分移轉,06240000
RPXNMLNLMHLGFCB48DA,國安段,21.71,都市：其他:第三之一種住宅區,100000,3082,持分移轉,06240000
RPTNMLMLMHLGFCB97DA,永春段,7.99,都市：其他:第一之一種住宅區,100000,281,持分移轉,01050000
RPTNMLMLMHLGFCB97DA,永春段,71.11,都市：其他:第一種住宅區,100000,2364,持分移轉,01060004
RPTNMLMLMHLGFCB97DA,永春段,142.14,都市：其他:第一種住宅區,1,1,全筆移轉,01060009
RPUQMLLLJHLGFBB87DA,昌平段,20.43,都市：其他:第五種住宅區,100000,442,持分移轉,02550000
RPROMLLLMHLGFCB77DA,國安段,20.92,都市：其他:第三之一種住宅區,100000,2969,持分移轉,06240000
RPWNMLNLJHLGFBB97DA,昌平段,20.43,都市：其他:第五種住宅區,100000,442,持分移轉,02550000
RPQOMLLLMHLGFCB67DA,國安段,22.25,都市：其他:第三之一種住宅區,100000,3158,持分移轉,06240000
RPSOMLLLMHLGFCB87DA,國安段,22.25,都市：其他:第三之一種住宅區,100000,3158,持分移轉,06240000
RPORMLLLJHLGFBB37DA,昌平段,20.43,都市：其他:第五種住宅區,100000,442,持分移轉,02550000
RPXQMLLLJHLGFBB18DA,昌平段,28.61,都市：其他:第五種住宅區,100000,619,持分移轉,02550000
RPOOMLMJJHLGFBB96DA,昌平段,22.60,都市：其他:第五種住宅區,100000,489,持分移轉,02550000
RPPOMLLLMHLGFCB57DA,國安段,21.71,都市：其他:第三之一種住宅區,100000,3082,持分移轉,06240000
RPOQMLNJJHLGFBB27DA,昌平段,20.43,都市：其他:第五種住宅區,100000,442,持分移轉,02550000
RPWNMLLLMHLGFCB18DA,國安段,20.92,都市：其他:第三之一種住宅區,100000,2969,持分移轉,06240000
RPOQMLTKJHLGFBB97DA,昌平段,29.49,都市：其他:第五種住宅區,100000,638,持分移轉,02550000
RPUNNLPJNHLGFCB38DA,惠安段,5.51,都市：其他:第四之一種商業區,100000,68,持分移轉,02230000
RPPQMLTKJHLGFBB08DA,昌平段,29.49,都市：其他:第五種住宅區,100000,638,持分移轉,02550000
RPXNMLLLMHLGFCB28DA,國安段,16.92,都市：其他:第三之一種住宅區,100000,2402,持分移轉,06240000
RPVVMLRLLHLGFCB76DA,惠安段,5.68,都市：其他:第四之一種商業區,100000,70,持分移轉,02230000
RPXNMLNLJHLGFBB08DA,昌平段,21.68,都市：其他:第五種住宅區,100000,469,持分移轉,02550000
RPTSNLPJLHLGFCB58DA,惠安段,5.51,都市：其他:第四之一種商業區,100000,68,持分移轉,02230000
RPUPMLLLNHLGFCB28DA,西屯段,6.30,都市：其他:第三種商業區,100000,226,持分移轉,24610000
RPURMLRLMHLGFCB98DA,惠安段,5.76,都市：其他:第四之一種商業區,100000,71,持分移轉,02230000
RPOQMLLKLHLGFCB47DA,永春段,8.02,都市：其他:第一之一種住宅區,100000,282,持分移轉,01050000
RPOQMLLKLHLGFCB47DA,永春段,71.20,都市：其他:第一種住宅區,100000,2367,持分移轉,01060004
RPOQMLLKLHLGFCB47DA,永春段,173.92,都市：其他:第一種住宅區,1,1,全筆移轉,01060005
RPQTMLRLLHLGFCB68DA,惠安段,5.51,都市：其他:第四之一種商業區,100000,68,持分移轉,02230000
RPPNMLTKLHLGFCB08DA,惠安段,5.84,都市：其他:第四之一種商業區,100000,72,持分移轉,02230000
RPXONLRLMHLGFCB09DA,惠安段,5.51,都市：其他:第四之一種商業區,100000,68,持分移轉,02230000
RPQNMLPLLHLGFCB87DA,惠安段,7.54,都市：其他:第四之一種商業區,100000,93,持分移轉,02230000
RPSNMLPLNHLGFCB28DA,永春段,7.99,都市：其他:第一之一種住宅區,100000,281,持分移轉,01050000
RPSNMLPLNHLGFCB28DA,永春段,71.11,都市：其他:第一種住宅區,100000,2364,持分移轉,01060004
RPSNMLPLNHLGFCB28DA,永春段,142.14,都市：其他:第一種住宅區,1,1,全筆移轉,01060020
RPWSMLPLLHLGFCB98DA,西屯段,6.44,都市：其他:第三種商業區,100000,231,持分移轉,24610000
RPSWMLRLMHLGFCB66DA,惠安段,5.51,都市：其他:第四之一種商業區,100000,68,持分移轉,02230000
RPUQMLRLLHLGFCB78DA,惠安段,6.08,都市：其他:第四之一種商業區,100000,75,持分移轉,02230000
RPPSNLPJLHLGFCB18DA,惠安段,5.68,都市：其他:第四之一種商業區,100000,70,持分移轉,02230000
RPXSNLPJLHLGFCB98DA,惠安段,5.35,都市：其他:第四之一種商業區,100000,66,持分移轉,02230000
RPRPMLRLLHLGFCB38DA,惠安段,5.76,都市：其他:第四之一種商業區,100000,71,持分移轉,02230000
RPRPMLPJNHLGFCB18DA,惠安段,5.84,都市：其他:第四之一種商業區,100000,72,持分移轉,02230000
RPTOMLRLLHLGFCB48DA,惠安段,5.76,都市：其他:第四之一種商業區,100000,71,持分移轉,02230000
RPVRMLRLMHLGFCB09DA,惠安段,6.08,都市：其他:第四之一種商業區,100000,75,持分移轉,02230000
RPXQMLPJLHLGFCB68DA,惠安段,5.76,都市：其他:第四之一種商業區,100000,71,持分移轉,02230000
RPTWMLOJNHLGFCB98DA,惠安段,5.51,都市：其他:第四之一種商業區,100000,68,持分移轉,02230000
RPWOMLRLLHLGFCB78DA,惠安段,5.76,都市：其他:第四之一種商業區,100000,71,持分移轉,02230000
RPTPMLKMLHLGFCB97DA,惠安段,5.51,都市：其他:第四之一種商業區,100000,68,持分移轉,02230000
RPSTMLRLMHLGFCB98DA,惠安段,5.51,都市：其他:第四之一種商業區,100000,68,持分移轉,02230000
RPUTMLPJLHLGFCB68DA,惠安段,5.84,都市：其他:第四之一種商業區,100000,72,持分移轉,02230000
RPPRMLPJLHLGFCB97DA,惠安段,5.76,都市：其他:第四之一種商業區,100000,71,持分移轉,02230000
RPWUMLPJLHLGFCB98DA,惠安段,5.68,都市：其他:第四之一種商業區,100000,70,持分移轉,02230000
RPVUMLPJLHLGFCB88DA,惠安段,5.59,都市：其他:第四之一種商業區,100000,69,持分移轉,02230000
RPXRMLRLMHLGFCB66DA,惠安段,5.59,都市：其他:第四之一種商業區,100000,69,持分移轉,02230000
RPSRMLRLMHLGFCB78DA,惠安段,5.76,都市：其他:第四之一種商業區,100000,71,持分移轉,02230000
RPOVMLRLMHLGFCB78DA,惠安段,5.51,都市：其他:第四之一種商業區,100000,68,持分移轉,02230000
RPQQMLRLLHLGFCB38DA,惠安段,5.68,都市：其他:第四之一種商業區,100000,70,持分移轉,02230000
RPQRMLTJLHLGFCB48DA,惠安段,5.51,都市：其他:第四之一種商業區,100000,68,持分移轉,02230000
RPVWMLRLMHLGFCB96DA,惠安段,5.51,都市：其他:第四之一種商業區,100000,68,持分移轉,02230000
RPSSMLPJLHLGFCB38DA,惠安段,6.08,都市：其他:第四之一種商業區,100000,75,持分移轉,02230000
RPOPNLRLMHLGFCB28DA,惠安段,6.08,都市：其他:第四之一種商業區,100000,75,持分移轉,02230000
RPQSNLPJLHLGFCB28DA,惠安段,6.08,都市：其他:第四之一種商業區,100000,75,持分移轉,02230000
RPWPMLQLKHLGFCB68DA,西屯段,8.53,都市：其他:第三種商業區,100000,306,持分移轉,24610000
RPXPMLQLKHLGFCB78DA,西屯段,6.30,都市：其他:第三種商業區,100000,226,持分移轉,24610000
RPPUMLRLMHLGFCB78DA,惠安段,5.84,都市：其他:第四之一種商業區,100000,72,持分移轉,02230000
RPOWMLRLLHLGFCB78DA,惠安段,5.68,都市：其他:第四之一種商業區,100000,70,持分移轉,02230000
RPXNNLRLMHLGFCB98DA,惠安段,5.68,都市：其他:第四之一種商業區,100000,70,持分移轉,02230000
RPTQMLPJNHLGFCB48DA,惠安段,5.84,都市：其他:第四之一種商業區,100000,72,持分移轉,02230000
RPURNLPJLHLGFCB58DA,惠安段,5.59,都市：其他:第四之一種商業區,100000,69,持分移轉,02230000
RPTUMLRLMHLGFCB56DA,惠安段,5.59,都市：其他:第四之一種商業區,100000,69,持分移轉,02230000
RPVQNLPJLHLGFCB58DA,惠安段,5.68,都市：其他:第四之一種商業區,100000,70,持分移轉,02230000
RPWRMLPJNHLGFCB88DA,惠安段,6.08,都市：其他:第四之一種商業區,100000,75,持分移轉,02230000
RPWTMLPJLHLGFCB88DA,惠安段,5.51,都市：其他:第四之一種商業區,100000,68,持分移轉,02230000
RPXOMLPJNHLGFCB68DA,惠安段,6.08,都市：其他:第四之一種商業區,100000,75,持分移轉,02230000
RPUOMLPJLHLGFCB18DA,惠安段,5.68,都市：其他:第四之一種商業區,100000,70,持分移轉,02230000
RPQUMLRLMHLGFCB88DA,惠安段,5.51,都市：其他:第四之一種商業區,100000,68,持分移轉,02230000
RPXTMLPJNHLGFCB56DA,惠安段,5.76,都市：其他:第四之一種商業區,100000,71,持分移轉,02230000
RPQQMLQLKHLGFCB18DA,西屯段,6.30,都市：其他:第三種商業區,100000,226,持分移轉,24610000
RPWNMLTJLHLGFAB48DA,後壠子段,11.04,都市：其他:第二種商業區,100000,637,持分移轉,00990000
RPPRMLSJNHLGFCB48DA,西屯段,6.61,都市：其他:第三種商業區,100000,237,持分移轉,24610000
RPWNMLTJLHLGFAB48DA,後壠子段,6.31,都市：其他:第一種商業區,100000,637,持分移轉,01000000
RPWNMLTJLHLGFAB48DA,後壠子段,.01,都市：其他:第一種商業區,100000,637,持分移轉,01000002
RPSSMLPJNHLGFCB58DA,惠安段,6.08,都市：其他:第四之一種商業區,100000,75,持分移轉,02230000
RPTWMLRLLHLGFCB66DA,惠安段,6.65,都市：其他:第四之一種商業區,100000,82,持分移轉,02230000
RPWQMLKMLHLGFCB38DA,惠安段,5.84,都市：其他:第四之一種商業區,100000,72,持分移轉,02230000
RPTSMLRLMHLGFCB98DA,惠安段,5.76,都市：其他:第四之一種商業區,100000,71,持分移轉,02230000
RPTUMLPJLHLGFCB68DA,惠安段,5.68,都市：其他:第四之一種商業區,100000,70,持分移轉,02230000
RPWPMLQJLHLGFCB58DA,惠安段,6.65,都市：其他:第四之一種商業區,100000,82,持分移轉,02230000
RPPPMLRLLHLGFCB18DA,惠安段,51.89,都市：其他:第四之一種商業區,100000,640,持分移轉,02230000
RPPOMLMKNHLGFDB77DA,豐原段,20.26,都市：其他:第二種商業區,100000,8658,持分移轉,04390000
RPTRMLQLLHLGFCB68DA,惠安段,6.57,都市：其他:第四之一種商業區,100000,81,持分移轉,02230000
RPXPMLKMLHLGFCB38DA,惠安段,6.08,都市：其他:第四之一種商業區,100000,75,持分移轉,02230000
RPXPMLTKJHLGFBB78DA,昌平段,29.49,都市：其他:第五種住宅區,100000,638,持分移轉,02550000
RPUOMLRLLHLGFCB58DA,惠安段,5.68,都市：其他:第四之一種商業區,100000,70,持分移轉,02230000
RPVRMLPJNHLGFCB78DA,惠安段,5.68,都市：其他:第四之一種商業區,100000,70,持分移轉,02230000
RPQQMLRLMHLGFCB48DA,惠安段,5.68,都市：其他:第四之一種商業區,100000,70,持分移轉,02230000
RPTQMLPJLHLGFCB28DA,惠安段,5.51,都市：其他:第四之一種商業區,100000,68,持分移轉,02230000
RPVPMLPJNHLGFCB58DA,惠安段,8.11,都市：其他:第四之一種商業區,100000,100,持分移轉,02230000
RPXSMLRLLHLGFCB66DA,惠安段,5.68,都市：其他:第四之一種商業區,100000,70,持分移轉,02230000
RPUUMLRLMHLGFCB66DA,惠安段,5.51,都市：其他:第四之一種商業區,100000,68,持分移轉,02230000
RPUONLPJNHLGFCB48DA,惠安段,6.08,都市：其他:第四之一種商業區,100000,75,持分移轉,02230000
RPTPMLPLLHLGFCB38DA,惠安段,5.35,都市：其他:第四之一種商業區,100000,66,持分移轉,02230000
RPRTMLPJLHLGFCB38DA,惠安段,5.92,都市：其他:第四之一種商業區,100000,73,持分移轉,02230000
RPPRMLPJNHLGFCB18DA,惠安段,6.08,都市：其他:第四之一種商業區,100000,75,持分移轉,02230000
RPVSMLPJLHLGFCB68DA,惠安段,6.00,都市：其他:第四之一種商業區,100000,74,持分移轉,02230000
RPRRMLQLLHLGFCB48DA,惠安段,5.92,都市：其他:第四之一種商業區,100000,73,持分移轉,02230000
RPXVMLRLMHLGFCB07DA,惠安段,6.08,都市：其他:第四之一種商業區,100000,75,持分移轉,02230000
RPQWMLPJLHLGFCB58DA,惠安段,5.51,都市：其他:第四之一種商業區,100000,68,持分移轉,02230000
RPQOMLKMLHLGFCB57DA,惠安段,5.68,都市：其他:第四之一種商業區,100000,70,持分移轉,02230000
RPXTMLRLMHLGFCB86DA,惠安段,5.84,都市：其他:第四之一種商業區,100000,72,持分移轉,02230000
RPWPMLSJNHLGFCB98DA,惠安段,6.65,都市：其他:第四之一種商業區,100000,82,持分移轉,02230000
RPOQMLSJNHLGFCB28DA,惠安段,5.51,都市：其他:第四之一種商業區,100000,68,持分移轉,02230000
RPSOMLMKNHLGFDB08DA,豐原段,15.49,都市：其他:第二種商業區,100000,6620,持分移轉,04390000
RPUPMLKMLHLGFCB08DA,惠安段,5.68,都市：其他:第四之一種商業區,100000,70,持分移轉,02230000
RPXVMLPJNHLGFCB76DA,惠安段,5.51,都市：其他:第四之一種商業區,100000,68,持分移轉,02230000
RPXUMLRLLHLGFCB86DA,惠安段,5.84,都市：其他:第四之一種商業區,100000,72,持分移轉,02230000
RPUTMLRLLHLGFCB09DA,惠安段,5.84,都市：其他:第四之一種商業區,100000,72,持分移轉,02230000
RPRSMLPJNHLGFCB48DA,惠安段,5.92,都市：其他:第四之一種商業區,100000,73,持分移轉,02230000
RPPOMLPJNHLGFCB87DA,惠安段,6.08,都市：其他:第四之一種商業區,100000,75,持分移轉,02230000
RPURMLPJNHLGFCB68DA,惠安段,5.92,都市：其他:第四之一種商業區,100000,73,持分移轉,02230000
RPPNMLPJNHLGFCB77DA,惠安段,5.51,都市：其他:第四之一種商業區,100000,68,持分移轉,02230000
RPUPMLRLMHLGFCB78DA,惠安段,8.03,都市：其他:第四之一種商業區,100000,99,持分移轉,02230000
RPSPMLPJLHLGFCB08DA,惠安段,5.51,都市：其他:第四之一種商業區,100000,68,持分移轉,02230000
RPTSMLPJLHLGFCB48DA,惠安段,5.35,都市：其他:第四之一種商業區,100000,66,持分移轉,02230000
RPVPNLPJLHLGFCB48DA,惠安段,5.51,都市：其他:第四之一種商業區,100000,68,持分移轉,02230000
RPRSMLPJLHLGFCB28DA,惠安段,5.51,都市：其他:第四之一種商業區,100000,68,持分移轉,02230000
RPXWMLPJLHLGFCB66DA,惠安段,5.35,都市：其他:第四之一種商業區,100000,66,持分移轉,02230000
RPXNNLPJLHLGFCB48DA,惠安段,5.35,都市：其他:第四之一種商業區,100000,66,持分移轉,02230000
RPXPMLQKLHLGFCB78DA,惠順段,7.66,都市：其他:第四之一種商業區,100000,229,持分移轉,00060000
RPRVMLPJLHLGFCB58DA,惠安段,8.03,都市：其他:第四之一種商業區,100000,99,持分移轉,02230000
RPSRMLPJLHLGFCB28DA,惠安段,5.51,都市：其他:第四之一種商業區,100000,68,持分移轉,02230000
RPPPMLLJMHLGFCB47DA,惠安段,6.49,都市：其他:第四之一種商業區,100000,80,持分移轉,02230000
RPWNMLPJLHLGFCB28DA,惠安段,7.95,都市：其他:第四之一種商業區,100000,98,持分移轉,02230000
RPURMLPJLHLGFCB48DA,惠安段,5.51,都市：其他:第四之一種商業區,100000,68,持分移轉,02230000
RPOWMLPJNHLGFCB58DA,惠安段,6.49,都市：其他:第四之一種商業區,100000,80,持分移轉,02230000
RPWNMLPLLHLGFCB48DA,惠安段,5.51,都市：其他:第四之一種商業區,100000,68,持分移轉,02230000
RPONNLPJLHLGFCB57DA,惠安段,5.51,都市：其他:第四之一種商業區,100000,68,持分移轉,02230000
RPRPMLPLLHLGFCB18DA,惠安段,5.51,都市：其他:第四之一種商業區,100000,68,持分移轉,02230000
RPQOMLOLMHLGFCB97DA,惠安段,5.51,都市：其他:第四之一種商業區,100000,68,持分移轉,02230000
RPSNMLPLLHLGFCB08DA,惠安段,7.78,都市：其他:第四之一種商業區,100000,96,持分移轉,02230000
RPUPMLRLLHLGFCB68DA,惠安段,5.51,都市：其他:第四之一種商業區,100000,68,持分移轉,02230000
RPUPMLPLLHLGFCB48DA,惠安段,5.35,都市：其他:第四之一種商業區,100000,66,持分移轉,02230000
RPOOMLKMLHLGFCB37DA,惠安段,5.84,都市：其他:第四之一種商業區,100000,72,持分移轉,02230000
RPOQMLOLMHLGFCB97DA,惠安段,5.43,都市：其他:第四之一種商業區,100000,67,持分移轉,02230000
RPWONLPJNHLGFCB68DA,惠安段,6.08,都市：其他:第四之一種商業區,100000,75,持分移轉,02230000
RPOOMLOKNHLGFCB77DA,惠順段,5.85,都市：其他:第四之一種商業區,100000,175,持分移轉,00060000
RPSOMLOLMHLGFCB18DA,惠安段,5.51,都市：其他:第四之一種商業區,100000,68,持分移轉,02230000
RPSVMLPJLHLGFCB68DA,惠安段,6.57,都市：其他:第四之一種商業區,100000,81,持分移轉,02230000
RPUPMLPJLHLGFCB28DA,惠安段,5.76,都市：其他:第四之一種商業區,100000,71,持分移轉,02230000
RPPRMLRLMHLGFCB48DA,惠安段,5.51,都市：其他:第四之一種商業區,100000,68,持分移轉,02230000
RPRSNLPJLHLGFCB38DA,惠安段,5.35,都市：其他:第四之一種商業區,100000,66,持分移轉,02230000
RPVTMLRLMHLGFCB66DA,惠安段,5.43,都市：其他:第四之一種商業區,100000,67,持分移轉,02230000
RPPWMLPJLHLGFCB48DA,惠安段,7.87,都市：其他:第四之一種商業區,100000,97,持分移轉,02230000
RPUWMLOJNHLGFCB09DA,惠安段,7.87,都市：其他:第四之一種商業區,100000,97,持分移轉,02230000
RPVWMLPJLHLGFCB09DA,惠安段,6.65,都市：其他:第四之一種商業區,100000,82,持分移轉,02230000
RPXOMLPLKHLGFCB58DA,惠安段,7.54,都市：其他:第四之一種商業區,100000,93,持分移轉,02230000
RPQQMLPJLHLGFCB97DA,惠安段,8.03,都市：其他:第四之一種商業區,100000,99,持分移轉,02230000
RPQNNLPJLHLGFCB77DA,惠安段,5.84,都市：其他:第四之一種商業區,100000,72,持分移轉,02230000
RPVUMLPJNHLGFCB09DA,惠安段,5.84,都市：其他:第四之一種商業區,100000,72,持分移轉,02230000
RPXQMLPLLHLGFCB88DA,惠安段,5.92,都市：其他:第四之一種商業區,100000,73,持分移轉,02230000
RPTRMLRLMHLGFCB88DA,惠安段,5.59,都市：其他:第四之一種商業區,100000,69,持分移轉,02230000
RPSRMLQLLHLGFCB58DA,惠安段,8.03,都市：其他:第四之一種商業區,100000,99,持分移轉,02230000
RPRNMLPLLHLGFCB97DA,惠安段,5.51,都市：其他:第四之一種商業區,100000,68,持分移轉,02230000
RPRONLPJLHLGFCB97DA,惠安段,5.59,都市：其他:第四之一種商業區,100000,69,持分移轉,02230000
RPUNMLPJNHLGFCB28DA,惠安段,5.76,都市：其他:第四之一種商業區,100000,71,持分移轉,02230000
RPTNMLMKNHLGFDB08DA,豐原段,18.84,都市：其他:第二種商業區,100000,8051,持分移轉,04390000
RPTVMLPJNHLGFCB98DA,惠安段,5.59,都市：其他:第四之一種商業區,100000,69,持分移轉,02230000
RPQNMLRLLHLGFCB08DA,惠安段,5.68,都市：其他:第四之一種商業區,100000,70,持分移轉,02230000
RPOOMLNKMHLGFCB57DA,惠安段,5.35,都市：其他:第四之一種商業區,100000,66,持分移轉,02230000
RPORMLLMIIKGFAB27DA,後壠子段,7.52,都市：其他:第二種商業區,100000,434,持分移轉,00990000
RPPTMLPJNHLGFCB38DA,惠安段,6.24,都市：其他:第四之一種商業區,100000,77,持分移轉,02230000
RPORMLLMIIKGFAB27DA,後壠子段,4.30,都市：其他:第一種商業區,100000,434,持分移轉,01000000
RPORMLLMIIKGFAB27DA,後壠子段,.00,都市：其他:第一種商業區,100000,434,持分移轉,01000002
RPWOMLPLLHLGFCB58DA,惠安段,5.68,都市：其他:第四之一種商業區,100000,70,持分移轉,02230000
RPWTMLPJNHLGFCB09DA,惠安段,5.68,都市：其他:第四之一種商業區,100000,70,持分移轉,02230000
RPPNMLRLNHLGFDB28DA,豐原段,15.49,都市：其他:第二種商業區,100000,6620,持分移轉,04390000
RPPSMLRLLHLGFCB48DA,惠安段,5.51,都市：其他:第四之一種商業區,100000,68,持分移轉,02230000
RPVNMLPJNHLGFCB38DA,惠安段,8.43,都市：其他:第四之一種商業區,100000,104,持分移轉,02230000
RPQPMLOJLHLGFFB08DA,南簡段,18.66,都市：其他:第四種住宅區,10000,47,持分移轉,01600002
RPVOMLRLMHLGFCB78DA,惠安段,7.87,都市：其他:第四之一種商業區,100000,97,持分移轉,02230000
RPXPNLPJNHLGFCB88DA,惠安段,5.51,都市：其他:第四之一種商業區,100000,68,持分移轉,02230000
RPQUMLPJNHLGFCB58DA,惠安段,5.51,都市：其他:第四之一種商業區,100000,68,持分移轉,02230000
RPWOMLOJLHLGFFB58DA,南簡段,13.10,都市：其他:第四種住宅區,10000,33,持分移轉,01600002
RPQNMLRLMHLGFCB18DA,惠安段,5.35,都市：其他:第四之一種商業區,100000,66,持分移轉,02230000
RPVOMLPJNHLGFCB48DA,惠安段,6.00,都市：其他:第四之一種商業區,100000,74,持分移轉,02230000
RPSUMLPJLHLGFCB58DA,惠安段,5.92,都市：其他:第四之一種商業區,100000,73,持分移轉,02230000
RPUVMLPJLHLGFCB88DA,惠安段,5.76,都市：其他:第四之一種商業區,100000,71,持分移轉,02230000
RPWSMLRLMHLGFCB66DA,惠安段,5.84,都市：其他:第四之一種商業區,100000,72,持分移轉,02230000
RPXPMLPJLHLGFCB58DA,惠安段,8.03,都市：其他:第四之一種商業區,100000,99,持分移轉,02230000
RPPOMLRLMHLGFCB18DA,惠安段,6.57,都市：其他:第四之一種商業區,100000,81,持分移轉,02230000
RPTONLPJLHLGFCB18DA,惠安段,5.51,都市：其他:第四之一種商業區,100000,68,持分移轉,02230000
RPPTMLPJLHLGFCB18DA,惠安段,7.87,都市：其他:第四之一種商業區,100000,97,持分移轉,02230000
RPXNMLTJLHLGFAB58DA,後壠子段,8.01,都市：其他:第二種商業區,100000,462,持分移轉,00990000
RPXNMLTJLHLGFAB58DA,後壠子段,4.57,都市：其他:第一種商業區,100000,462,持分移轉,01000000
RPXNMLTJLHLGFAB58DA,後壠子段,.00,都市：其他:第一種商業區,100000,462,持分移轉,01000002
RPTNNLPJLHLGFCB08DA,惠安段,7.87,都市：其他:第四之一種商業區,100000,97,持分移轉,02230000
RPVRNLPJLHLGFCB68DA,惠安段,6.32,都市：其他:第四之一種商業區,100000,78,持分移轉,02230000
RPVNNLPJLHLGFCB28DA,惠安段,5.35,都市：其他:第四之一種商業區,100000,66,持分移轉,02230000
RPWSNLPJLHLGFCB88DA,惠安段,5.35,都市：其他:第四之一種商業區,100000,66,持分移轉,02230000
RPXRMLPJLHLGFCB78DA,惠安段,5.92,都市：其他:第四之一種商業區,100000,73,持分移轉,02230000
RPSPMLRLLHLGFCB48DA,惠安段,5.51,都市：其他:第四之一種商業區,100000,68,持分移轉,02230000
RPXNMLPLLHLGFCB58DA,惠安段,8.43,都市：其他:第四之一種商業區,100000,104,持分移轉,02230000
RPRRNLPJLHLGFCB28DA,惠安段,7.87,都市：其他:第四之一種商業區,100000,97,持分移轉,02230000
RPPPNLPJNHLGFCB08DA,惠安段,5.92,都市：其他:第四之一種商業區,100000,73,持分移轉,02230000
RPPTMLRLLHLGFCB58DA,惠安段,5.92,都市：其他:第四之一種商業區,100000,73,持分移轉,02230000
RPPSMLQLLHLGFCB38DA,惠安段,8.03,都市：其他:第四之一種商業區,100000,99,持分移轉,02230000
RPUNMLPLLHLGFCB28DA,惠安段,5.59,都市：其他:第四之一種商業區,100000,69,持分移轉,02230000
RPWNMLKMLHLGFCB08DA,惠安段,7.62,都市：其他:第四之一種商業區,100000,94,持分移轉,02230000
RPQOMLPLLHLGFCB97DA,惠安段,8.03,都市：其他:第四之一種商業區,100000,99,持分移轉,02230000
RPQOMLMKNHLGFDB87DA,豐原段,15.57,都市：其他:第二種商業區,100000,6654,持分移轉,04390000
RPVNMLMKNHLGFDB28DA,豐原段,15.57,都市：其他:第二種商業區,100000,6654,持分移轉,04390000
RPOQMLQLLHLGFCB08DA,惠安段,5.68,都市：其他:第四之一種商業區,100000,70,持分移轉,02230000
RPWUMLPJNHLGFCB56DA,惠安段,5.92,都市：其他:第四之一種商業區,100000,73,持分移轉,02230000
RPWRMLQLLHLGFCB98DA,惠安段,8.03,都市：其他:第四之一種商業區,100000,99,持分移轉,02230000
RPOQMLSLMHLGFCB38DA,惠安段,5.51,都市：其他:第四之一種商業區,100000,68,持分移轉,02230000
RPTNMLRLLHLGFCB38DA,惠安段,6.57,都市：其他:第四之一種商業區,100000,81,持分移轉,02230000
RPSONLPJNHLGFCB28DA,惠安段,5.59,都市：其他:第四之一種商業區,100000,69,持分移轉,02230000
RPUNMLMKNHLGFDB18DA,豐原段,15.57,都市：其他:第二種商業區,100000,6654,持分移轉,04390000
RPTOMLKMLHLGFCB87DA,惠安段,5.59,都市：其他:第四之一種商業區,100000,69,持分移轉,02230000
RPXSMLRLMHLGFCB76DA,惠安段,8.03,都市：其他:第四之一種商業區,100000,99,持分移轉,02230000
RPXQMLRLMHLGFCB56DA,惠安段,5.51,都市：其他:第四之一種商業區,100000,68,持分移轉,02230000
RPROMLPJNHLGFCB08DA,惠安段,6.57,都市：其他:第四之一種商業區,100000,81,持分移轉,02230000
RPQPMLPJNHLGFCB08DA,惠安段,6.57,都市：其他:第四之一種商業區,100000,81,持分移轉,02230000
RPSNNLPJLHLGFCB97DA,惠安段,5.92,都市：其他:第四之一種商業區,100000,73,持分移轉,02230000
RPROMLMKNHLGFDB97DA,豐原段,20.85,都市：其他:第二種商業區,100000,8910,持分移轉,04390000
RPWWMLPJLHLGFCB56DA,惠安段,8.43,都市：其他:第四之一種商業區,100000,104,持分移轉,02230000
RPSQMLPJLHLGFCB18DA,惠安段,5.68,都市：其他:第四之一種商業區,100000,70,持分移轉,02230000
RPWQMLPJLHLGFCB58DA,惠安段,5.43,都市：其他:第四之一種商業區,100000,67,持分移轉,02230000
RPVPMLRLMHLGFCB88DA,惠安段,6.57,都市：其他:第四之一種商業區,100000,81,持分移轉,02230000
RPRPMLPJLHLGFCB97DA,惠安段,5.92,都市：其他:第四之一種商業區,100000,73,持分移轉,02230000
RPSNNLPJNHLGFCB18DA,惠安段,5.68,都市：其他:第四之一種商業區,100000,70,持分移轉,02230000
RPRQNLPJLHLGFCB18DA,惠安段,7.46,都市：其他:第四之一種商業區,100000,92,持分移轉,02230000
RPXSMLPJLHLGFCB88DA,惠安段,5.68,都市：其他:第四之一種商業區,100000,70,持分移轉,02230000
RPQONLPJLHLGFCB87DA,惠安段,8.03,都市：其他:第四之一種商業區,100000,99,持分移轉,02230000
RPOSMLRJJIKGFCB97DA,西屯段,.08,都市：其他:第三種商業區,1000000,4830,持分移轉,23870026
RPSQMLRLMHLGFCB68DA,惠安段,5.68,都市：其他:第四之一種商業區,100000,70,持分移轉,02230000
RPOSMLRJJIKGFCB97DA,西屯段,.01,都市：其他:第三種商業區,1000000,4830,持分移轉,23870081
RPOSMLRJJIKGFCB97DA,上石碑段,8.08,都市：其他:第三種商業區,1000000,4830,持分移轉,26840000
RPOSMLRJJIKGFCB97DA,西屯段,.07,都市：其他:第三種商業區,1000000,4830,持分移轉,32740000
RPOPMLLKLHLGFAB17DA,後壠子段,8.01,都市：其他:第二種商業區,100000,462,持分移轉,00990000
RPOPMLLKLHLGFAB17DA,後壠子段,4.57,都市：其他:第一種商業區,100000,462,持分移轉,01000000
RPOPMLLKLHLGFAB17DA,後壠子段,.00,都市：其他:第一種商業區,100000,462,持分移轉,01000002
RPSRMLPJNHLGFCB48DA,惠安段,5.59,都市：其他:第四之一種商業區,100000,69,持分移轉,02230000
RPVNMLPLLHLGFCB38DA,惠安段,5.92,都市：其他:第四之一種商業區,100000,73,持分移轉,02230000
RPPONLRLMHLGFCB28DA,惠安段,5.59,都市：其他:第四之一種商業區,100000,69,持分移轉,02230000
RPVRMLPLLHLGFCB78DA,惠安段,5.92,都市：其他:第四之一種商業區,100000,73,持分移轉,02230000
RPURMLPLLHLGFCB68DA,惠安段,5.51,都市：其他:第四之一種商業區,100000,68,持分移轉,02230000
RPVNMLRLLHLGFCB58DA,惠安段,7.30,都市：其他:第四之一種商業區,100000,90,持分移轉,02230000
RPVVMLRLMHLGFCB86DA,惠安段,5.59,都市：其他:第四之一種商業區,100000,69,持分移轉,02230000
RPPOMLNKMHLGFCB67DA,惠安段,5.35,都市：其他:第四之一種商業區,100000,66,持分移轉,02230000
RPRNNLRLLHLGFCB28DA,惠安段,5.35,都市：其他:第四之一種商業區,100000,66,持分移轉,02230000
RPWPMLQLLHLGFCB78DA,惠安段,5.76,都市：其他:第四之一種商業區,100000,71,持分移轉,02230000
RPUQMLPLLHLGFCB58DA,惠安段,8.03,都市：其他:第四之一種商業區,100000,99,持分移轉,02230000
RPVNMLKMLHLGFCB97DA,惠安段,5.68,都市：其他:第四之一種商業區,100000,70,持分移轉,02230000
RPOQMLKMLHLGFCB57DA,惠安段,5.68,都市：其他:第四之一種商業區,100000,70,持分移轉,02230000
RPWNMLRJNHLGFCB68DA,惠安段,5.92,都市：其他:第四之一種商業區,100000,73,持分移轉,02230000
RPPSMLTLIIKGFAB18DA,後壠子段,8.47,都市：其他:第二種商業區,100000,489,持分移轉,00990000
RPPSMLTLIIKGFAB18DA,後壠子段,4.84,都市：其他:第一種商業區,100000,489,持分移轉,01000000
RPPSMLTLIIKGFAB18DA,後壠子段,.00,都市：其他:第一種商業區,100000,489,持分移轉,01000002
RPRPMLRKJIKGFCB08DA,西屯段,.07,都市：其他:第三種商業區,1000000,4389,持分移轉,23870026
RPRPMLRKJIKGFCB08DA,西屯段,.01,都市：其他:第三種商業區,1000000,4389,持分移轉,23870081
RPRPMLRKJIKGFCB08DA,上石碑段,7.34,都市：其他:第三種商業區,1000000,4389,持分移轉,26840000
RPRPMLRKJIKGFCB08DA,西屯段,.06,都市：其他:第三種商業區,1000000,4389,持分移轉,32740000
RPRRMLRKJIKGFCB28DA,西屯段,.10,都市：其他:第三種商業區,1000000,5643,持分移轉,23870026
RPRRMLRKJIKGFCB28DA,西屯段,.02,都市：其他:第三種商業區,1000000,5643,持分移轉,23870081
RPRRMLRKJIKGFCB28DA,上石碑段,9.44,都市：其他:第三種商業區,1000000,5643,持分移轉,26840000
RPRRMLRKJIKGFCB28DA,西屯段,.08,都市：其他:第三種商業區,1000000,5643,持分移轉,32740000
RPWRMLRLLHLGFCB09DA,惠安段,5.51,都市：其他:第四之一種商業區,100000,68,持分移轉,02230000
RPRPMLLJMHLGFCB67DA,惠安段,5.68,都市：其他:第四之一種商業區,100000,70,持分移轉,02230000
RPOPMLKMLHLGFCB47DA,惠安段,7.87,都市：其他:第四之一種商業區,100000,97,持分移轉,02230000
RPQQMLQLLHLGFCB28DA,惠安段,5.76,都市：其他:第四之一種商業區,100000,71,持分移轉,02230000
RPPWMLPJNHLGFCB68DA,惠安段,5.92,都市：其他:第四之一種商業區,100000,73,持分移轉,02230000
RPTNNLPJNHLGFCB28DA,惠安段,6.32,都市：其他:第四之一種商業區,100000,78,持分移轉,02230000
RPUQMLPJNHLGFCB58DA,惠安段,5.35,都市：其他:第四之一種商業區,100000,66,持分移轉,02230000
RPVQMLPJNHLGFCB68DA,惠安段,7.54,都市：其他:第四之一種商業區,100000,93,持分移轉,02230000
RPRUMLPJNHLGFCB68DA,惠安段,5.92,都市：其他:第四之一種商業區,100000,73,持分移轉,02230000
RPVNMLRLMHLGFCB68DA,惠安段,7.54,都市：其他:第四之一種商業區,100000,93,持分移轉,02230000
RPQVMLPJLHLGFCB48DA,惠安段,5.51,都市：其他:第四之一種商業區,100000,68,持分移轉,02230000
RPUNMLPJLHLGFCB08DA,惠安段,5.03,都市：其他:第四之一種商業區,100000,62,持分移轉,02230000
RPWRMLPJLHLGFCB68DA,惠安段,7.54,都市：其他:第四之一種商業區,100000,93,持分移轉,02230000
RPWNNLPJNHLGFCB58DA,惠安段,8.43,都市：其他:第四之一種商業區,100000,104,持分移轉,02230000
RPWUMLRLLHLGFCB76DA,惠安段,5.68,都市：其他:第四之一種商業區,100000,70,持分移轉,02230000
RPVNMLPJLHLGFCB18DA,惠安段,6.16,都市：其他:第四之一種商業區,100000,76,持分移轉,02230000
RPTWMLPJNHLGFCB09DA,惠安段,5.92,都市：其他:第四之一種商業區,100000,73,持分移轉,02230000
RPPQMLPJLHLGFCB87DA,惠安段,5.92,都市：其他:第四之一種商業區,100000,73,持分移轉,02230000
RPQRNLPJLHLGFCB18DA,惠安段,5.68,都市：其他:第四之一種商業區,100000,70,持分移轉,02230000
RPUOMLOLMHLGFCB38DA,惠安段,5.76,都市：其他:第四之一種商業區,100000,71,持分移轉,02230000
RPSRNLPJLHLGFCB38DA,惠安段,5.35,都市：其他:第四之一種商業區,100000,66,持分移轉,02230000
RPXUMLRLMHLGFCB96DA,惠安段,5.51,都市：其他:第四之一種商業區,100000,68,持分移轉,02230000
RPUVMLRLMHLGFCB76DA,惠安段,8.43,都市：其他:第四之一種商業區,100000,104,持分移轉,02230000
RPWWMLPJNHLGFCB76DA,惠安段,5.35,都市：其他:第四之一種商業區,100000,66,持分移轉,02230000
RPXUMLPJLHLGFCB09DA,惠安段,5.68,都市：其他:第四之一種商業區,100000,70,持分移轉,02230000
RPXONLPJLHLGFCB58DA,惠安段,5.68,都市：其他:第四之一種商業區,100000,70,持分移轉,02230000
RPTNMLPLLHLGFCB18DA,惠安段,5.92,都市：其他:第四之一種商業區,100000,73,持分移轉,02230000
RPTUMLRLLHLGFCB09DA,惠安段,7.46,都市：其他:第四之一種商業區,100000,92,持分移轉,02230000
RPTRMLRKJIKGFCB48DA,西屯段,.10,都市：其他:第三種商業區,1000000,5643,持分移轉,23870026
RPTRMLRKJIKGFCB48DA,西屯段,.02,都市：其他:第三種商業區,1000000,5643,持分移轉,23870081
RPTRMLRKJIKGFCB48DA,上石碑段,9.44,都市：其他:第三種商業區,1000000,5643,持分移轉,26840000
RPTRMLRKJIKGFCB48DA,西屯段,.08,都市：其他:第三種商業區,1000000,5643,持分移轉,32740000
RPUNMLPLJIKGFCB08DA,西屯段,.08,都市：其他:第三種商業區,1000000,4905,持分移轉,23870026
RPUNMLPLJIKGFCB08DA,西屯段,.01,都市：其他:第三種商業區,1000000,4905,持分移轉,23870081
RPUNMLPLJIKGFCB08DA,上石碑段,8.21,都市：其他:第三種商業區,1000000,4905,持分移轉,26840000
RPUNMLPLJIKGFCB08DA,西屯段,.07,都市：其他:第三種商業區,1000000,4905,持分移轉,32740000
RPOQMLRLLHLGFCB18DA,惠安段,5.68,都市：其他:第四之一種商業區,100000,70,持分移轉,02230000
RPOSMLQLLHLGFCB28DA,惠安段,5.92,都市：其他:第四之一種商業區,100000,73,持分移轉,02230000
RPPOMLPLLHLGFCB87DA,惠安段,5.35,都市：其他:第四之一種商業區,100000,66,持分移轉,02230000
RPRSMLRLLHLGFCB68DA,惠安段,5.03,都市：其他:第四之一種商業區,100000,62,持分移轉,02230000
RPSOMLNKMHLGFCB97DA,惠安段,5.92,都市：其他:第四之一種商業區,100000,73,持分移轉,02230000
RPROMLPLLHLGFCB08DA,惠安段,6.00,都市：其他:第四之一種商業區,100000,74,持分移轉,02230000
RPQSMLRLLHLGFCB58DA,惠安段,6.49,都市：其他:第四之一種商業區,100000,80,持分移轉,02230000
RPSSMLRLLHLGFCB78DA,惠安段,5.35,都市：其他:第四之一種商業區,100000,66,持分移轉,02230000
RPVTMLRLLHLGFCB56DA,惠安段,7.54,都市：其他:第四之一種商業區,100000,93,持分移轉,02230000
RPQRMLLMIIKGFAB47DA,後壠子段,9.29,都市：其他:第二種商業區,100000,536,持分移轉,00990000
RPQRMLLMIIKGFAB47DA,後壠子段,5.31,都市：其他:第一種商業區,100000,536,持分移轉,01000000
RPQRMLLMIIKGFAB47DA,後壠子段,.01,都市：其他:第一種商業區,100000,536,持分移轉,01000002
RPXOMLKMLHLGFCB28DA,惠安段,5.68,都市：其他:第四之一種商業區,100000,70,持分移轉,02230000
RPOPMLMJKIKGFAB07DA,後壠子段,10.87,都市：其他:第二種商業區,100000,627,持分移轉,00990000
RPOPMLMJKIKGFAB07DA,後壠子段,6.21,都市：其他:第一種商業區,100000,627,持分移轉,01000000
RPOPMLMJKIKGFAB07DA,後壠子段,.01,都市：其他:第一種商業區,100000,627,持分移轉,01000002
RPPNMLRLMHLGFCB08DA,惠安段,7.54,都市：其他:第四之一種商業區,100000,93,持分移轉,02230000
RPQOMLRLMHLGFCB28DA,惠安段,8.43,都市：其他:第四之一種商業區,100000,104,持分移轉,02230000
RPWOMLOLMHLGFCB58DA,惠安段,5.68,都市：其他:第四之一種商業區,100000,70,持分移轉,02230000
RPRUMLRLMHLGFCB98DA,惠安段,6.32,都市：其他:第四之一種商業區,100000,78,持分移轉,02230000
RPVTMLPJNHLGFCB98DA,惠安段,5.92,都市：其他:第四之一種商業區,100000,73,持分移轉,02230000
RPTQMLRLMHLGFCB78DA,惠安段,5.68,都市：其他:第四之一種商業區,100000,70,持分移轉,02230000
RPSUMLPJNHLGFCB78DA,惠安段,6.32,都市：其他:第四之一種商業區,100000,78,持分移轉,02230000
RPUQMLQLLHLGFCB68DA,惠安段,7.54,都市：其他:第四之一種商業區,100000,93,持分移轉,02230000
RPXNMLRLMHLGFCB88DA,惠安段,5.68,都市：其他:第四之一種商業區,100000,70,持分移轉,02230000
RPVPNLPJNHLGFCB68DA,惠安段,7.54,都市：其他:第四之一種商業區,100000,93,持分移轉,02230000
RPUTMLRLMHLGFCB56DA,惠安段,5.92,都市：其他:第四之一種商業區,100000,73,持分移轉,02230000
RPPVMLPJLHLGFCB38DA,惠安段,5.59,都市：其他:第四之一種商業區,100000,69,持分移轉,02230000
RPRSMLRLMHLGFCB78DA,惠安段,5.51,都市：其他:第四之一種商業區,100000,68,持分移轉,02230000
RPVWMLOJNHLGFCB56DA,惠安段,5.92,都市：其他:第四之一種商業區,100000,73,持分移轉,02230000
RPVPMLOLMHLGFCB58DA,惠安段,6.08,都市：其他:第四之一種商業區,100000,75,持分移轉,02230000
RPUWMLPJLHLGFCB98DA,惠安段,6.08,都市：其他:第四之一種商業區,100000,75,持分移轉,02230000
RPTNMLRLMHLGFCB48DA,惠安段,6.57,都市：其他:第四之一種商業區,100000,81,持分移轉,02230000
RPONNLPJNHLGFCB77DA,惠安段,5.35,都市：其他:第四之一種商業區,100000,66,持分移轉,02230000
RPVOMLPJLHLGFCB28DA,惠安段,5.76,都市：其他:第四之一種商業區,100000,71,持分移轉,02230000
RPUONLPJLHLGFCB28DA,惠安段,7.78,都市：其他:第四之一種商業區,100000,96,持分移轉,02230000
RPOOMLPJLHLGFCB57DA,惠安段,7.46,都市：其他:第四之一種商業區,100000,92,持分移轉,02230000
RPOSMLRKJIKGFCB08DA,西屯段,.08,都市：其他:第三種商業區,1000000,4830,持分移轉,23870026
RPOSMLRKJIKGFCB08DA,西屯段,.01,都市：其他:第三種商業區,1000000,4830,持分移轉,23870081
RPOSMLRKJIKGFCB08DA,上石碑段,8.08,都市：其他:第三種商業區,1000000,4830,持分移轉,26840000
RPOSMLRKJIKGFCB08DA,西屯段,.07,都市：其他:第三種商業區,1000000,4830,持分移轉,32740000
RPPSMLPJLHLGFCB08DA,惠安段,5.59,都市：其他:第四之一種商業區,100000,69,持分移轉,02230000
RPSSMLRKJIKGFCB48DA,西屯段,.06,都市：其他:第三種商業區,1000000,3720,持分移轉,23870026
RPWSMLPJLHLGFCB78DA,惠安段,5.92,都市：其他:第四之一種商業區,100000,73,持分移轉,02230000
RPSSMLRKJIKGFCB48DA,西屯段,.01,都市：其他:第三種商業區,1000000,3720,持分移轉,23870081
RPSSMLRKJIKGFCB48DA,上石碑段,6.22,都市：其他:第三種商業區,1000000,3720,持分移轉,26840000
RPSSMLRKJIKGFCB48DA,西屯段,.05,都市：其他:第三種商業區,1000000,3720,持分移轉,32740000
RPWVMLPJLHLGFCB09DA,惠安段,6.24,都市：其他:第四之一種商業區,100000,77,持分移轉,02230000
RPRSMLRKJIKGFCB38DA,西屯段,.08,都市：其他:第三種商業區,1000000,4830,持分移轉,23870026
RPRSMLRKJIKGFCB38DA,西屯段,.01,都市：其他:第三種商業區,1000000,4830,持分移轉,23870081
RPRSMLRKJIKGFCB38DA,上石碑段,8.08,都市：其他:第三種商業區,1000000,4830,持分移轉,26840000
RPRSMLRKJIKGFCB38DA,西屯段,.07,都市：其他:第三種商業區,1000000,4830,持分移轉,32740000
RPQQMLPJNHLGFCB18DA,惠安段,5.27,都市：其他:第四之一種商業區,100000,65,持分移轉,02230000
RPRWMLPJLHLGFCB68DA,惠安段,6.00,都市：其他:第四之一種商業區,100000,74,持分移轉,02230000
RPSOMLPJLHLGFCB97DA,惠安段,6.49,都市：其他:第四之一種商業區,100000,80,持分移轉,02230000
RPRRMLPJLHLGFCB18DA,惠安段,8.43,都市：其他:第四之一種商業區,100000,104,持分移轉,02230000
RPTQNLPJLHLGFCB38DA,惠安段,5.03,都市：其他:第四之一種商業區,100000,62,持分移轉,02230000
RPSQNLPJLHLGFCB28DA,惠安段,5.27,都市：其他:第四之一種商業區,100000,65,持分移轉,02230000
RPTTMLPJLHLGFCB58DA,惠安段,6.32,都市：其他:第四之一種商業區,100000,78,持分移轉,02230000
RPTRNLPJLHLGFCB48DA,惠安段,5.51,都市：其他:第四之一種商業區,100000,68,持分移轉,02230000
RPSQMLKKLHLGFCB77DA,西屯段,.08,都市：其他:第三種商業區,1000000,4830,持分移轉,23870026
RPSQMLKKLHLGFCB77DA,西屯段,.01,都市：其他:第三種商業區,1000000,4830,持分移轉,23870081
RPSQMLKKLHLGFCB77DA,上石碑段,8.08,都市：其他:第三種商業區,1000000,4830,持分移轉,26840000
RPSQMLKKLHLGFCB77DA,西屯段,.07,都市：其他:第三種商業區,1000000,4830,持分移轉,32740000
RPWNMLQLLHLGFCB58DA,西屯段,.06,都市：其他:第三種商業區,1000000,3720,持分移轉,23870026
RPWNMLQLLHLGFCB58DA,西屯段,.01,都市：其他:第三種商業區,1000000,3720,持分移轉,23870081
RPWNMLQLLHLGFCB58DA,上石碑段,6.22,都市：其他:第三種商業區,1000000,3720,持分移轉,26840000
RPWNMLQLLHLGFCB58DA,西屯段,.05,都市：其他:第三種商業區,1000000,3720,持分移轉,32740000
RPOOMLQLLHLGFCB87DA,西屯段,.07,都市：其他:第三種商業區,1000000,4389,持分移轉,23870026
RPOOMLQLLHLGFCB87DA,西屯段,.01,都市：其他:第三種商業區,1000000,4389,持分移轉,23870081
RPOOMLQLLHLGFCB87DA,上石碑段,7.34,都市：其他:第三種商業區,1000000,4389,持分移轉,26840000
RPOOMLQLLHLGFCB87DA,西屯段,.06,都市：其他:第三種商業區,1000000,4389,持分移轉,32740000
RPSPMLPLLHLGFCB28DA,惠安段,7.54,都市：其他:第四之一種商業區,100000,93,持分移轉,02230000
RPOOMLPLLHLGFCB77DA,惠安段,5.03,都市：其他:第四之一種商業區,100000,62,持分移轉,02230000
RPQPMLOKJIKGFCB67DA,西屯段,.06,都市：其他:第三種商業區,1000000,3720,持分移轉,23870026
RPQPMLOKJIKGFCB67DA,西屯段,.01,都市：其他:第三種商業區,1000000,3720,持分移轉,23870081
RPQPMLOKJIKGFCB67DA,上石碑段,6.22,都市：其他:第三種商業區,1000000,3720,持分移轉,26840000
RPQPMLOKJIKGFCB67DA,西屯段,.05,都市：其他:第三種商業區,1000000,3720,持分移轉,32740000
RPPTMLRJJIKGFCB18DA,西屯段,.07,都市：其他:第三種商業區,1000000,4389,持分移轉,23870026
RPSTNLPJLHLGFCB58DA,惠安段,5.51,都市：其他:第四之一種商業區,100000,68,持分移轉,02230000
RPPTMLRJJIKGFCB18DA,西屯段,.01,都市：其他:第三種商業區,1000000,4389,持分移轉,23870081
RPUQNLPJLHLGFCB48DA,惠安段,8.03,都市：其他:第四之一種商業區,100000,99,持分移轉,02230000
RPPTMLRJJIKGFCB18DA,上石碑段,7.34,都市：其他:第三種商業區,1000000,4389,持分移轉,26840000
RPPTMLRJJIKGFCB18DA,西屯段,.06,都市：其他:第三種商業區,1000000,4389,持分移轉,32740000
RPWOMLRKJIKGFCB48DA,西屯段,.07,都市：其他:第三種商業區,1000000,4389,持分移轉,23870026
RPWOMLRKJIKGFCB48DA,西屯段,.01,都市：其他:第三種商業區,1000000,4389,持分移轉,23870081
RPWOMLRKJIKGFCB48DA,上石碑段,7.34,都市：其他:第三種商業區,1000000,4389,持分移轉,26840000
RPWOMLRKJIKGFCB48DA,西屯段,.06,都市：其他:第三種商業區,1000000,4389,持分移轉,32740000
RPVRMLRJJIKGFCB58DA,西屯段,.08,都市：其他:第三種商業區,1000000,4792,持分移轉,23870026
RPVRMLRJJIKGFCB58DA,西屯段,.01,都市：其他:第三種商業區,1000000,4792,持分移轉,23870081
RPVRMLRJJIKGFCB58DA,上石碑段,8.02,都市：其他:第三種商業區,1000000,4792,持分移轉,26840000
RPVRMLRJJIKGFCB58DA,西屯段,.07,都市：其他:第三種商業區,1000000,4792,持分移轉,32740000
RPQQMLRKJIKGFCB08DA,西屯段,.08,都市：其他:第三種商業區,1000000,4830,持分移轉,23870026
RPQQMLRKJIKGFCB08DA,西屯段,.01,都市：其他:第三種商業區,1000000,4830,持分移轉,23870081
RPQQMLRKJIKGFCB08DA,上石碑段,8.08,都市：其他:第三種商業區,1000000,4830,持分移轉,26840000
RPQQMLRKJIKGFCB08DA,西屯段,.07,都市：其他:第三種商業區,1000000,4830,持分移轉,32740000
RPQOMLPLJIKGFCB77DA,西屯段,.09,都市：其他:第三種商業區,1000000,5298,持分移轉,23870026
RPQOMLPLJIKGFCB77DA,西屯段,.02,都市：其他:第三種商業區,1000000,5298,持分移轉,23870081
RPQOMLPLJIKGFCB77DA,上石碑段,8.86,都市：其他:第三種商業區,1000000,5298,持分移轉,26840000
RPQOMLPLJIKGFCB77DA,西屯段,.08,都市：其他:第三種商業區,1000000,5298,持分移轉,32740000
RPWQMLPLLHLGFCB78DA,惠安段,5.51,都市：其他:第四之一種商業區,100000,68,持分移轉,02230000
RPRRMLPLLHLGFCB38DA,惠安段,6.08,都市：其他:第四之一種商業區,100000,75,持分移轉,02230000
RPURMLSLIIKGFAB48DA,後壠子段,8.47,都市：其他:第二種商業區,100000,489,持分移轉,00990000
RPURMLSLIIKGFAB48DA,後壠子段,4.84,都市：其他:第一種商業區,100000,489,持分移轉,01000000
RPURMLSLIIKGFAB48DA,後壠子段,.00,都市：其他:第一種商業區,100000,489,持分移轉,01000002
RPSQMLQLLHLGFCB48DA,惠安段,5.68,都市：其他:第四之一種商業區,100000,70,持分移轉,02230000
RPXPMLQLLHLGFCB88DA,惠安段,7.46,都市：其他:第四之一種商業區,100000,92,持分移轉,02230000
RPURMLQLLHLGFCB78DA,惠安段,7.54,都市：其他:第四之一種商業區,100000,93,持分移轉,02230000
RPQOMLOKJIKGFCB57DA,西屯段,.08,都市：其他:第三種商業區,1000000,4830,持分移轉,23870026
RPQOMLOKJIKGFCB57DA,西屯段,.01,都市：其他:第三種商業區,1000000,4830,持分移轉,23870081
RPQOMLOKJIKGFCB57DA,上石碑段,8.08,都市：其他:第三種商業區,1000000,4830,持分移轉,26840000
RPQOMLOKJIKGFCB57DA,西屯段,.07,都市：其他:第三種商業區,1000000,4830,持分移轉,32740000
RPVPMLPLLHLGFCB58DA,惠安段,5.19,都市：其他:第四之一種商業區,100000,64,持分移轉,02230000
RPOUMLRLLHLGFCB58DA,惠安段,5.51,都市：其他:第四之一種商業區,100000,68,持分移轉,02230000
RPSUNLRKJIKGFCB78DA,西屯段,.10,都市：其他:第三種商業區,1000000,5643,持分移轉,23870026
RPSUNLRKJIKGFCB78DA,西屯段,.02,都市：其他:第三種商業區,1000000,5643,持分移轉,23870081
RPSUMLRLLHLGFCB98DA,惠安段,5.51,都市：其他:第四之一種商業區,100000,68,持分移轉,02230000
RPSUNLRKJIKGFCB78DA,上石碑段,9.44,都市：其他:第三種商業區,1000000,5643,持分移轉,26840000
RPSUNLRKJIKGFCB78DA,西屯段,.08,都市：其他:第三種商業區,1000000,5643,持分移轉,32740000
RPWPMLPLLHLGFCB68DA,惠安段,8.11,都市：其他:第四之一種商業區,100000,100,持分移轉,02230000
RPXOMLRKJIKGFCB58DA,西屯段,.08,都市：其他:第三種商業區,1000000,4830,持分移轉,23870026
RPXOMLRKJIKGFCB58DA,西屯段,.01,都市：其他:第三種商業區,1000000,4830,持分移轉,23870081
RPXOMLRKJIKGFCB58DA,上石碑段,8.08,都市：其他:第三種商業區,1000000,4830,持分移轉,26840000
RPXOMLRKJIKGFCB58DA,西屯段,.07,都市：其他:第三種商業區,1000000,4830,持分移轉,32740000
RPUOMLQKMHLGFCB48DA,西屯段,.06,都市：其他:第三種商業區,1000000,3720,持分移轉,23870026
RPUOMLQKMHLGFCB48DA,西屯段,.01,都市：其他:第三種商業區,1000000,3720,持分移轉,23870081
RPUOMLQKMHLGFCB48DA,上石碑段,6.22,都市：其他:第三種商業區,1000000,3720,持分移轉,26840000
RPUOMLQKMHLGFCB48DA,西屯段,.05,都市：其他:第三種商業區,1000000,3720,持分移轉,32740000
RPQRMLQLLHLGFCB38DA,惠安段,5.51,都市：其他:第四之一種商業區,100000,68,持分移轉,02230000
RPXRMLRLLHLGFCB56DA,惠安段,6.08,都市：其他:第四之一種商業區,100000,75,持分移轉,02230000
RPQRMLRLLHLGFCB48DA,惠安段,6.08,都市：其他:第四之一種商業區,100000,75,持分移轉,02230000
RPRQNLPJNHLGFCB38DA,惠安段,5.03,都市：其他:第四之一種商業區,100000,62,持分移轉,02230000
RPWVMLRLLHLGFCB86DA,惠安段,5.68,都市：其他:第四之一種商業區,100000,70,持分移轉,02230000
RPRPMLOLMHLGFCB18DA,惠安段,5.59,都市：其他:第四之一種商業區,100000,69,持分移轉,02230000
RPTOMLOLMHLGFCB28DA,惠安段,8.03,都市：其他:第四之一種商業區,100000,99,持分移轉,02230000
RPPWMLRLLHLGFCB88DA,惠安段,5.27,都市：其他:第四之一種商業區,100000,65,持分移轉,02230000
RPWPMLOLMHLGFCB68DA,惠安段,6.08,都市：其他:第四之一種商業區,100000,75,持分移轉,02230000
RPWOMLRLMHLGFCB88DA,惠安段,5.92,都市：其他:第四之一種商業區,100000,73,持分移轉,02230000
RPSWMLRLLHLGFCB56DA,惠安段,6.00,都市：其他:第四之一種商業區,100000,74,持分移轉,02230000
RPPSMLRLMHLGFCB58DA,惠安段,7.46,都市：其他:第四之一種商業區,100000,92,持分移轉,02230000
RPONNLRLLHLGFCB97DA,惠安段,6.57,都市：其他:第四之一種商業區,100000,81,持分移轉,02230000
RPXQMLQLLHLGFCB98DA,惠安段,5.92,都市：其他:第四之一種商業區,100000,73,持分移轉,02230000
RPSNMLRLMHLGFCB38DA,惠安段,7.46,都市：其他:第四之一種商業區,100000,92,持分移轉,02230000
RPUSMLRLMHLGFCB09DA,惠安段,7.30,都市：其他:第四之一種商業區,100000,90,持分移轉,02230000
RPVQMLRLMHLGFCB98DA,惠安段,5.68,都市：其他:第四之一種商業區,100000,70,持分移轉,02230000
RPWOMLPJNHLGFCB58DA,惠安段,8.43,都市：其他:第四之一種商業區,100000,104,持分移轉,02230000
RPOSMLRLMHLGFCB48DA,惠安段,8.11,都市：其他:第四之一種商業區,100000,100,持分移轉,02230000
RPXWMLOJNHLGFCB76DA,惠安段,5.59,都市：其他:第四之一種商業區,100000,69,持分移轉,02230000
RPWPMLRLMHLGFCB98DA,惠安段,7.46,都市：其他:第四之一種商業區,100000,92,持分移轉,02230000
RPSWMLPJNHLGFCB98DA,惠安段,6.32,都市：其他:第四之一種商業區,100000,78,持分移轉,02230000
RPUONLRLMHLGFCB78DA,惠安段,6.08,都市：其他:第四之一種商業區,100000,75,持分移轉,02230000
RPUQMLRLMHLGFCB88DA,惠安段,5.27,都市：其他:第四之一種商業區,100000,65,持分移轉,02230000
RPRRMLRLMHLGFCB68DA,惠安段,5.35,都市：其他:第四之一種商業區,100000,66,持分移轉,02230000
RPPWMLRLMHLGFCB98DA,惠安段,6.49,都市：其他:第四之一種商業區,100000,80,持分移轉,02230000
RPTVMLPJLHLGFCB78DA,惠安段,7.54,都市：其他:第四之一種商業區,100000,93,持分移轉,02230000
RPSVMLRLMHLGFCB56DA,惠安段,6.00,都市：其他:第四之一種商業區,100000,74,持分移轉,02230000
RPSOMLPJNHLGFCB18DA,惠安段,7.54,都市：其他:第四之一種商業區,100000,93,持分移轉,02230000
RPQVMLRLMHLGFCB98DA,惠安段,4.95,都市：其他:第四之一種商業區,100000,61,持分移轉,02230000
RPTNNLRLMHLGFCB58DA,惠安段,6.32,都市：其他:第四之一種商業區,100000,78,持分移轉,02230000
RPVVMLPJLHLGFCB98DA,惠安段,6.24,都市：其他:第四之一種商業區,100000,77,持分移轉,02230000
RPQWMLOJNHLGFCB68DA,惠安段,5.59,都市：其他:第四之一種商業區,100000,69,持分移轉,02230000
RPSWMLPJLHLGFCB78DA,惠安段,6.49,都市：其他:第四之一種商業區,100000,80,持分移轉,02230000
RPVONLRLMHLGFCB88DA,惠安段,5.51,都市：其他:第四之一種商業區,100000,68,持分移轉,02230000
RPOQMLPJNHLGFCB97DA,惠安段,8.43,都市：其他:第四之一種商業區,100000,104,持分移轉,02230000
RPRNNLPJLHLGFCB87DA,惠安段,5.68,都市：其他:第四之一種商業區,100000,70,持分移轉,02230000
RPPNNLPJLHLGFCB67DA,惠安段,5.68,都市：其他:第四之一種商業區,100000,70,持分移轉,02230000
RPXVMLPJLHLGFCB56DA,惠安段,5.59,都市：其他:第四之一種商業區,100000,69,持分移轉,02230000
RPOONLPJLHLGFCB67DA,惠安段,4.95,都市：其他:第四之一種商業區,100000,61,持分移轉,02230000
RPWNNLPJLHLGFCB38DA,惠安段,5.51,都市：其他:第四之一種商業區,100000,68,持分移轉,02230000
RPUNNLPJLHLGFCB18DA,惠安段,7.46,都市：其他:第四之一種商業區,100000,92,持分移轉,02230000
RPRNMLPJNHLGFCB97DA,惠安段,5.03,都市：其他:第四之一種商業區,100000,62,持分移轉,02230000
RPPONLPJLHLGFCB77DA,惠安段,5.27,都市：其他:第四之一種商業區,100000,65,持分移轉,02230000
RPXNMLPJLHLGFCB38DA,惠安段,5.92,都市：其他:第四之一種商業區,100000,73,持分移轉,02230000
RPSNMLPJNHLGFCB08DA,惠安段,8.03,都市：其他:第四之一種商業區,100000,99,持分移轉,02230000
RPTPMLPJLHLGFCB18DA,惠安段,5.03,都市：其他:第四之一種商業區,100000,62,持分移轉,02230000
RPTOMLPJLHLGFCB08DA,惠安段,7.46,都市：其他:第四之一種商業區,100000,92,持分移轉,02230000
RPVPMLPJLHLGFCB38DA,惠安段,7.46,都市：其他:第四之一種商業區,100000,92,持分移轉,02230000
RPQNNLRLMHLGFCB28DA,惠安段,6.57,都市：其他:第四之一種商業區,100000,81,持分移轉,02230000
RPOQMLPJLHLGFCB77DA,惠安段,8.03,都市：其他:第四之一種商業區,100000,99,持分移轉,02230000
RPVQMLPJLHLGFCB48DA,惠安段,7.54,都市：其他:第四之一種商業區,100000,93,持分移轉,02230000
RPQRMLPJLHLGFCB08DA,惠安段,5.35,都市：其他:第四之一種商業區,100000,66,持分移轉,02230000
RPUQMLPJLHLGFCB38DA,惠安段,5.27,都市：其他:第四之一種商業區,100000,65,持分移轉,02230000
RPORMLPJLHLGFCB87DA,惠安段,6.49,都市：其他:第四之一種商業區,100000,80,持分移轉,02230000
RPQSMLPJLHLGFCB18DA,惠安段,8.43,都市：其他:第四之一種商業區,100000,104,持分移轉,02230000
RPTRMLPJLHLGFCB38DA,惠安段,7.46,都市：其他:第四之一種商業區,100000,92,持分移轉,02230000
RPRQMLPJLHLGFCB08DA,惠安段,6.00,都市：其他:第四之一種商業區,100000,74,持分移轉,02230000
RPVRMLPJLHLGFCB58DA,惠安段,5.59,都市：其他:第四之一種商業區,100000,69,持分移轉,02230000
RPPOMLPJLHLGFCB67DA,惠安段,6.08,都市：其他:第四之一種商業區,100000,75,持分移轉,02230000
RPXTMLPJLHLGFCB98DA,惠安段,7.46,都市：其他:第四之一種商業區,100000,92,持分移轉,02230000
RPQOMLPJLHLGFCB77DA,惠安段,5.59,都市：其他:第四之一種商業區,100000,69,持分移轉,02230000
RPUSMLPJLHLGFCB58DA,惠安段,6.49,都市：其他:第四之一種商業區,100000,80,持分移轉,02230000
RPOVMLPJLHLGFCB28DA,惠安段,4.95,都市：其他:第四之一種商業區,100000,61,持分移轉,02230000
RPOUMLPJLHLGFCB18DA,惠安段,6.65,都市：其他:第四之一種商業區,100000,82,持分移轉,02230000
RPUUMLPJLHLGFCB78DA,惠安段,7.54,都市：其他:第四之一種商業區,100000,93,持分移轉,02230000
RPROMLPJLHLGFCB87DA,惠安段,8.43,都市：其他:第四之一種商業區,100000,104,持分移轉,02230000
RPSTMLPJLHLGFCB48DA,惠安段,7.54,都市：其他:第四之一種商業區,100000,93,持分移轉,02230000
RPXPNLPJLHLGFCB68DA,惠安段,7.46,都市：其他:第四之一種商業區,100000,92,持分移轉,02230000
RPOQNLPJLHLGFCB87DA,惠安段,5.35,都市：其他:第四之一種商業區,100000,66,持分移轉,02230000
RPPQNLPJLHLGFCB97DA,惠安段,5.51,都市：其他:第四之一種商業區,100000,68,持分移轉,02230000
RPSSNLPJLHLGFCB48DA,惠安段,8.03,都市：其他:第四之一種商業區,100000,99,持分移轉,02230000
RPUSNLPJLHLGFCB68DA,惠安段,5.68,都市：其他:第四之一種商業區,100000,70,持分移轉,02230000
RPOQMLQJLHLGFCB87DA,惠安段,6.00,都市：其他:第四之一種商業區,100000,74,持分移轉,02230000
RPWRNLPJLHLGFCB78DA,惠安段,5.59,都市：其他:第四之一種商業區,100000,69,持分移轉,02230000
RPWQNLPJLHLGFCB68DA,惠安段,5.51,都市：其他:第四之一種商業區,100000,68,持分移轉,02230000
RPSNMLOLLHLGFAB77DA,吉龍段,18.49,都市：其他:第三種住宅區。,100000,2323,持分移轉,07600000
RPSNMLOLLHLGFAB77DA,吉龍段,8.29,都市：其他:第二種住宅區,100000,2323,持分移轉,07610000
RPXRNLPJLHLGFCB88DA,惠安段,5.27,都市：其他:第四之一種商業區,100000,65,持分移轉,02230000
RPUTNLPJLHLGFCB78DA,惠安段,5.92,都市：其他:第四之一種商業區,100000,73,持分移轉,02230000
RPUOMLPLLHLGFCB38DA,惠安段,6.24,都市：其他:第四之一種商業區,100000,77,持分移轉,02230000
RPXOMLPLLHLGFCB68DA,惠安段,5.59,都市：其他:第四之一種商業區,100000,69,持分移轉,02230000
RPVQMLPLLHLGFCB68DA,惠安段,5.92,都市：其他:第四之一種商業區,100000,73,持分移轉,02230000
RPPSMLPLLHLGFCB28DA,惠安段,5.51,都市：其他:第四之一種商業區,100000,68,持分移轉,02230000
RPWRMLPLLHLGFCB88DA,惠安段,6.49,都市：其他:第四之一種商業區,100000,80,持分移轉,02230000
RPSSMLPLLHLGFCB58DA,惠安段,5.51,都市：其他:第四之一種商業區,100000,68,持分移轉,02230000
RPUSMLPLLHLGFCB78DA,惠安段,7.62,都市：其他:第四之一種商業區,100000,94,持分移轉,02230000
RPPQMLQLLHLGFCB18DA,惠安段,5.51,都市：其他:第四之一種商業區,100000,68,持分移轉,02230000
RPRQMLQLLHLGFCB38DA,惠安段,8.03,都市：其他:第四之一種商業區,100000,99,持分移轉,02230000
RPTQMLQLLHLGFCB58DA,惠安段,5.92,都市：其他:第四之一種商業區,100000,73,持分移轉,02230000
RPXRMLQLLHLGFCB09DA,惠安段,7.46,都市：其他:第四之一種商業區,100000,92,持分移轉,02230000
RPRNMLRLLHLGFCB18DA,惠安段,5.51,都市：其他:第四之一種商業區,100000,68,持分移轉,02230000
RPSNMLRLLHLGFCB28DA,惠安段,6.49,都市：其他:第四之一種商業區,100000,80,持分移轉,02230000
RPROMLRLLHLGFCB28DA,惠安段,5.35,都市：其他:第四之一種商業區,100000,66,持分移轉,02230000
RPWVNLSJJIKGFCB66DA,西屯段,.08,都市：其他:第三種商業區,1000000,4792,持分移轉,23870026
RPWVNLSJJIKGFCB66DA,西屯段,.01,都市：其他:第三種商業區,1000000,4792,持分移轉,23870081
RPWVNLSJJIKGFCB66DA,上石碑段,8.02,都市：其他:第三種商業區,1000000,4792,持分移轉,26840000
RPWVNLSJJIKGFCB66DA,西屯段,.07,都市：其他:第三種商業區,1000000,4792,持分移轉,32740000
RPQUMLPJLHLGFCB38DA,惠安段,7.54,都市：其他:第四之一種商業區,100000,93,持分移轉,02230000
RPPUMLPJLHLGFCB28DA,惠安段,5.92,都市：其他:第四之一種商業區,100000,73,持分移轉,02230000
RPTQMLPLLHLGFCB48DA,惠安段,5.92,都市：其他:第四之一種商業區,100000,73,持分移轉,02230000
RPQTNLPJLHLGFCB38DA,惠安段,6.00,都市：其他:第四之一種商業區,100000,74,持分移轉,02230000
RPORMLQLLHLGFCB18DA,惠安段,5.76,都市：其他:第四之一種商業區,100000,71,持分移轉,02230000
RPOTNLPJLHLGFCB18DA,惠安段,7.54,都市：其他:第四之一種商業區,100000,93,持分移轉,02230000
RPPRNLPJLHLGFCB08DA,惠安段,5.51,都市：其他:第四之一種商業區,100000,68,持分移轉,02230000
RPORNLPJLHLGFCB97DA,惠安段,5.35,都市：其他:第四之一種商業區,100000,66,持分移轉,02230000
RPWQMLQLLHLGFCB88DA,惠安段,5.51,都市：其他:第四之一種商業區,100000,68,持分移轉,02230000
RPXQNLPJLHLGFCB78DA,惠安段,5.27,都市：其他:第四之一種商業區,100000,65,持分移轉,02230000
RPXPMLPLLHLGFCB78DA,惠安段,5.92,都市：其他:第四之一種商業區,100000,73,持分移轉,02230000
RPXOMLRLLHLGFCB88DA,惠安段,6.00,都市：其他:第四之一種商業區,100000,74,持分移轉,02230000
RPPRMLQLLHLGFCB28DA,惠安段,7.46,都市：其他:第四之一種商業區,100000,92,持分移轉,02230000
RPQQMLPLLHLGFCB18DA,惠安段,6.49,都市：其他:第四之一種商業區,100000,80,持分移轉,02230000
RPSOMLPLLHLGFCB18DA,惠安段,5.76,都市：其他:第四之一種商業區,100000,71,持分移轉,02230000
RPRTNLPJLHLGFCB48DA,惠安段,6.65,都市：其他:第四之一種商業區,100000,82,持分移轉,02230000
RPOPMLRLLHLGFCB08DA,惠安段,5.68,都市：其他:第四之一種商業區,100000,70,持分移轉,02230000
RPRQMLPLLHLGFCB28DA,惠安段,5.84,都市：其他:第四之一種商業區,100000,72,持分移轉,02230000
RPQPMLRLLHLGFCB28DA,惠安段,5.92,都市：其他:第四之一種商業區,100000,73,持分移轉,02230000
RPVPMLRLLHLGFCB78DA,惠安段,6.49,都市：其他:第四之一種商業區,100000,80,持分移轉,02230000
RPWPMLRLLHLGFCB88DA,惠安段,5.68,都市：其他:第四之一種商業區,100000,70,持分移轉,02230000
RPQOMLNKMHLGFCB77DA,惠安段,5.92,都市：其他:第四之一種商業區,100000,73,持分移轉,02230000
RPXVMLRLLHLGFCB96DA,惠安段,6.57,都市：其他:第四之一種商業區,100000,81,持分移轉,02230000
RPVQMLQLLHLGFCB78DA,惠安段,5.51,都市：其他:第四之一種商業區,100000,68,持分移轉,02230000
RPROMLNKMHLGFCB87DA,惠安段,5.35,都市：其他:第四之一種商業區,100000,66,持分移轉,02230000
RPQNNLRLLHLGFCB18DA,惠安段,5.68,都市：其他:第四之一種商業區,100000,70,持分移轉,02230000
RPUSMLRLLHLGFCB98DA,惠安段,5.92,都市：其他:第四之一種商業區,100000,73,持分移轉,02230000
RPQWMLRLLHLGFCB98DA,惠安段,7.87,都市：其他:第四之一種商業區,100000,97,持分移轉,02230000
RPRNMLKMLHLGFCB57DA,惠安段,5.68,都市：其他:第四之一種商業區,100000,70,持分移轉,02230000
RPTRMLRLLHLGFCB78DA,惠安段,5.92,都市：其他:第四之一種商業區,100000,73,持分移轉,02230000
RPRRMLRLLHLGFCB58DA,惠安段,6.57,都市：其他:第四之一種商業區,100000,81,持分移轉,02230000
RPXWMLRLLHLGFCB07DA,惠安段,5.51,都市：其他:第四之一種商業區,100000,68,持分移轉,02230000
RPRVMLRLLHLGFCB98DA,惠安段,7.46,都市：其他:第四之一種商業區,100000,92,持分移轉,02230000
RPSVMLRLLHLGFCB09DA,惠安段,7.54,都市：其他:第四之一種商業區,100000,93,持分移轉,02230000
RPUVMLRLLHLGFCB66DA,惠安段,7.54,都市：其他:第四之一種商業區,100000,93,持分移轉,02230000
RPSNMLKMLHLGFCB67DA,惠安段,5.27,都市：其他:第四之一種商業區,100000,65,持分移轉,02230000
RPSOMLKMLHLGFCB77DA,惠安段,7.87,都市：其他:第四之一種商業區,100000,97,持分移轉,02230000
RPVRMLRLLHLGFCB98DA,惠安段,5.68,都市：其他:第四之一種商業區,100000,70,持分移轉,02230000
RPPPMLKMLHLGFCB57DA,惠安段,5.51,都市：其他:第四之一種商業區,100000,68,持分移轉,02230000
RPWOMLKMLHLGFCB18DA,惠安段,7.54,都市：其他:第四之一種商業區,100000,93,持分移轉,02230000
RPROMLKMLHLGFCB67DA,惠安段,8.43,都市：其他:第四之一種商業區,100000,104,持分移轉,02230000
RPUNMLKMLHLGFCB87DA,惠安段,5.84,都市：其他:第四之一種商業區,100000,72,持分移轉,02230000
RPTNMLKMLHLGFCB77DA,惠安段,5.68,都市：其他:第四之一種商業區,100000,70,持分移轉,02230000
RPVPMLKMLHLGFCB18DA,惠安段,5.92,都市：其他:第四之一種商業區,100000,73,持分移轉,02230000
RPQPMLKMLHLGFCB67DA,惠安段,7.46,都市：其他:第四之一種商業區,100000,92,持分移轉,02230000
RPSPMLKMLHLGFCB87DA,惠安段,5.35,都市：其他:第四之一種商業區,100000,66,持分移轉,02230000
RPVOMLKMLHLGFCB08DA,惠安段,7.54,都市：其他:第四之一種商業區,100000,93,持分移轉,02230000
RPXQMLKMLHLGFCB48DA,惠安段,7.54,都市：其他:第四之一種商業區,100000,93,持分移轉,02230000
RPOOMLRLMHLGFCB08DA,惠安段,7.54,都市：其他:第四之一種商業區,100000,93,持分移轉,02230000
RPQPMLLJMHLGFCB57DA,惠安段,5.35,都市：其他:第四之一種商業區,100000,66,持分移轉,02230000
RPPQMLKMLHLGFCB67DA,惠安段,8.43,都市：其他:第四之一種商業區,100000,104,持分移轉,02230000
RPPNNLPJNHLGFCB87DA,惠安段,5.92,都市：其他:第四之一種商業區,100000,73,持分移轉,02230000
RPXWMLPJNHLGFCB86DA,惠安段,5.92,都市：其他:第四之一種商業區,100000,73,持分移轉,02230000
RPQQMLKMLHLGFCB77DA,惠安段,6.49,都市：其他:第四之一種商業區,100000,80,持分移轉,02230000
RPVNNLPJNHLGFCB48DA,惠安段,5.35,都市：其他:第四之一種商業區,100000,66,持分移轉,02230000
RPVNMLTLMHLGFCB88DA,惠安段,5.27,都市：其他:第四之一種商業區,100000,65,持分移轉,02230000
RPRQMLKMLHLGFCB87DA,惠安段,6.00,都市：其他:第四之一種商業區,100000,74,持分移轉,02230000
RPSQMLKMLHLGFCB97DA,惠安段,5.27,都市：其他:第四之一種商業區,100000,65,持分移轉,02230000
RPOTMLRLLHLGFCB48DA,惠安段,6.49,都市：其他:第四之一種商業區,100000,80,持分移轉,02230000
RPWNMLRLMHLGFCB78DA,惠安段,5.68,都市：其他:第四之一種商業區,100000,70,持分移轉,02230000
RPTQMLKMLHLGFCB08DA,惠安段,6.32,都市：其他:第四之一種商業區,100000,78,持分移轉,02230000
RPXNNLPJNHLGFCB68DA,惠安段,5.92,都市：其他:第四之一種商業區,100000,73,持分移轉,02230000
RPQRMLRLMHLGFCB58DA,惠安段,6.00,都市：其他:第四之一種商業區,100000,74,持分移轉,02230000
RPRNMLRLMHLGFCB28DA,惠安段,5.03,都市：其他:第四之一種商業區,100000,62,持分移轉,02230000
RPUUMLPJNHLGFCB98DA,惠安段,8.03,都市：其他:第四之一種商業區,100000,99,持分移轉,02230000
RPTTMLRLMHLGFCB09DA,惠安段,8.11,都市：其他:第四之一種商業區,100000,100,持分移轉,02230000
RPRTMLRLMHLGFCB88DA,惠安段,5.27,都市：其他:第四之一種商業區,100000,65,持分移轉,02230000
RPWTMLRLMHLGFCB76DA,惠安段,6.57,都市：其他:第四之一種商業區,100000,81,持分移轉,02230000
RPSUMLRLMHLGFCB09DA,惠安段,8.43,都市：其他:第四之一種商業區,100000,104,持分移轉,02230000
RPOONLRLMHLGFCB18DA,惠安段,8.43,都市：其他:第四之一種商業區,100000,104,持分移轉,02230000
RPPQMLPJNHLGFCB08DA,惠安段,7.54,都市：其他:第四之一種商業區,100000,93,持分移轉,02230000
RPOPMLPJNHLGFCB87DA,惠安段,5.68,都市：其他:第四之一種商業區,100000,70,持分移轉,02230000
RPQWMLRLMHLGFCB09DA,惠安段,5.35,都市：其他:第四之一種商業區,100000,66,持分移轉,02230000
RPTOMLPLLHLGFCB28DA,惠安段,5.92,都市：其他:第四之一種商業區,100000,73,持分移轉,02230000
RPWONLRLMHLGFCB98DA,惠安段,5.68,都市：其他:第四之一種商業區,100000,70,持分移轉,02230000
RPRWMLRLMHLGFCB56DA,惠安段,5.68,都市：其他:第四之一種商業區,100000,70,持分移轉,02230000
RPSNNLRLMHLGFCB48DA,惠安段,7.46,都市：其他:第四之一種商業區,100000,92,持分移轉,02230000
RPRNNLRLMHLGFCB38DA,惠安段,8.11,都市：其他:第四之一種商業區,100000,100,持分移轉,02230000
RPQRMLPJNHLGFCB28DA,惠安段,8.43,都市：其他:第四之一種商業區,100000,104,持分移轉,02230000
RPWOMLSJNHLGFCB88DA,惠安段,6.49,都市：其他:第四之一種商業區,100000,80,持分移轉,02230000
RPXUMLPJNHLGFCB66DA,惠安段,5.51,都市：其他:第四之一種商業區,100000,68,持分移轉,02230000
RPWQMLPJNHLGFCB78DA,惠安段,5.51,都市：其他:第四之一種商業區,100000,68,持分移轉,02230000
RPPONLPJNHLGFCB97DA,惠安段,5.59,都市：其他:第四之一種商業區,100000,69,持分移轉,02230000
RPWNMLTLMHLGFCB98DA,惠安段,7.54,都市：其他:第四之一種商業區,100000,93,持分移轉,02230000
RPPPMLRLMHLGFCB28DA,惠安段,5.68,都市：其他:第四之一種商業區,100000,70,持分移轉,02230000
RPWPNLPJNHLGFCB78DA,惠安段,5.76,都市：其他:第四之一種商業區,100000,71,持分移轉,02230000
RPXONLPJNHLGFCB78DA,惠安段,6.49,都市：其他:第四之一種商業區,100000,80,持分移轉,02230000
RPSQNLPJNHLGFCB48DA,惠安段,6.32,都市：其他:第四之一種商業區,100000,78,持分移轉,02230000
RPOOMLTLMHLGFCB28DA,惠安段,6.00,都市：其他:第四之一種商業區,100000,74,持分移轉,02230000
RPOQMLRLMHLGFCB28DA,惠安段,6.08,都市：其他:第四之一種商業區,100000,75,持分移轉,02230000
RPWRMLRLMHLGFCB56DA,惠安段,5.68,都市：其他:第四之一種商業區,100000,70,持分移轉,02230000
RPRQMLRLMHLGFCB58DA,惠安段,5.03,都市：其他:第四之一種商業區,100000,62,持分移轉,02230000
RPRVMLRLMHLGFCB09DA,惠安段,7.54,都市：其他:第四之一種商業區,100000,93,持分移轉,02230000
RPONNLRLMHLGFCB08DA,惠安段,5.59,都市：其他:第四之一種商業區,100000,69,持分移轉,02230000
RPORMLPJNHLGFCB08DA,惠安段,5.51,都市：其他:第四之一種商業區,100000,68,持分移轉,02230000
RPTRMLPJNHLGFCB58DA,惠安段,6.00,都市：其他:第四之一種商業區,100000,74,持分移轉,02230000
RPUNMLRLMHLGFCB58DA,惠安段,5.59,都市：其他:第四之一種商業區,100000,69,持分移轉,02230000
RPQTMLPJNHLGFCB48DA,惠安段,4.95,都市：其他:第四之一種商業區,100000,61,持分移轉,02230000
RPORMLRLMHLGFCB38DA,惠安段,5.35,都市：其他:第四之一種商業區,100000,66,持分移轉,02230000
RPSSMLRLMHLGFCB88DA,惠安段,6.65,都市：其他:第四之一種商業區,100000,82,持分移轉,02230000
RPOUMLRLMHLGFCB68DA,惠安段,5.27,都市：其他:第四之一種商業區,100000,65,持分移轉,02230000
RPPTMLRLMHLGFCB68DA,惠安段,7.87,都市：其他:第四之一種商業區,100000,97,持分移轉,02230000
RPTPMLPJNHLGFCB38DA,惠安段,7.46,都市：其他:第四之一種商業區,100000,92,持分移轉,02230000
RPUNNLRLMHLGFCB68DA,惠安段,5.35,都市：其他:第四之一種商業區,100000,66,持分移轉,02230000
RPRQMLPJNHLGFCB28DA,惠安段,5.92,都市：其他:第四之一種商業區,100000,73,持分移轉,02230000
RPWUMLRLMHLGFCB86DA,惠安段,4.95,都市：其他:第四之一種商業區,100000,61,持分移轉,02230000
RPQWMLPJNHLGFCB78DA,惠安段,5.35,都市：其他:第四之一種商業區,100000,66,持分移轉,02230000
RPSQMLPJNHLGFCB38DA,惠安段,7.54,都市：其他:第四之一種商業區,100000,93,持分移轉,02230000
RPXPMLPJNHLGFCB78DA,惠安段,6.32,都市：其他:第四之一種商業區,100000,78,持分移轉,02230000
RPQPMLRLMHLGFCB38DA,惠安段,5.59,都市：其他:第四之一種商業區,100000,69,持分移轉,02230000
RPRPMLRLMHLGFCB48DA,惠安段,5.51,都市：其他:第四之一種商業區,100000,68,持分移轉,02230000
RPWNNLRLMHLGFCB88DA,惠安段,5.68,都市：其他:第四之一種商業區,100000,70,持分移轉,02230000
RPUOMLPJNHLGFCB38DA,惠安段,5.59,都市：其他:第四之一種商業區,100000,69,持分移轉,02230000
RPTPMLRLMHLGFCB68DA,惠安段,7.54,都市：其他:第四之一種商業區,100000,93,持分移轉,02230000
RPVUMLRLMHLGFCB76DA,惠安段,5.92,都市：其他:第四之一種商業區,100000,73,持分移轉,02230000
RPRWMLPJNHLGFCB88DA,惠安段,5.59,都市：其他:第四之一種商業區,100000,69,持分移轉,02230000
RPSPMLRLMHLGFCB58DA,惠安段,5.51,都市：其他:第四之一種商業區,100000,68,持分移轉,02230000
RPVNNLRLMHLGFCB78DA,惠安段,6.49,都市：其他:第四之一種商業區,100000,80,持分移轉,02230000
RPTONLRLMHLGFCB68DA,惠安段,7.54,都市：其他:第四之一種商業區,100000,93,持分移轉,02230000
RPSONLRLMHLGFCB58DA,惠安段,6.32,都市：其他:第四之一種商業區,100000,78,持分移轉,02230000
RPOUMLPJNHLGFCB38DA,惠安段,8.11,都市：其他:第四之一種商業區,100000,100,持分移轉,02230000
RPTWMLPJLHLGFCB88DA,惠安段,7.54,都市：其他:第四之一種商業區,100000,93,持分移轉,02230000
RPWSMLPJNHLGFCB98DA,惠安段,5.68,都市：其他:第四之一種商業區,100000,70,持分移轉,02230000
RPOWMLPJLHLGFCB38DA,惠安段,8.43,都市：其他:第四之一種商業區,100000,104,持分移轉,02230000
RPOPNLPJLHLGFCB77DA,惠安段,5.51,都市：其他:第四之一種商業區,100000,68,持分移轉,02230000
RPSQMLPLLHLGFCB38DA,惠安段,5.92,都市：其他:第四之一種商業區,100000,73,持分移轉,02230000
RPSONLPJLHLGFCB08DA,惠安段,5.68,都市：其他:第四之一種商業區,100000,70,持分移轉,02230000
RPVSNLPJLHLGFCB78DA,惠安段,5.51,都市：其他:第四之一種商業區,100000,68,持分移轉,02230000
RPRWMLOJNHLGFCB78DA,惠安段,7.46,都市：其他:第四之一種商業區,100000,92,持分移轉,02230000
RPRUMLPJLHLGFCB48DA,惠安段,5.35,都市：其他:第四之一種商業區,100000,66,持分移轉,02230000
RPOSMLRLLHLGFCB38DA,惠安段,5.51,都市：其他:第四之一種商業區,100000,68,持分移轉,02230000
RPWNMLPJNHLGFCB48DA,惠安段,5.68,都市：其他:第四之一種商業區,100000,70,持分移轉,02230000
RPWPMLPJNHLGFCB68DA,惠安段,7.54,都市：其他:第四之一種商業區,100000,93,持分移轉,02230000
RPPNNLOJNHLGFCB77DA,惠安段,5.51,都市：其他:第四之一種商業區,100000,68,持分移轉,02230000
RPRPMLKMLHLGFCB77DA,惠安段,7.54,都市：其他:第四之一種商業區,100000,93,持分移轉,02230000
RPOVMLRLLHLGFCB68DA,惠安段,7.95,都市：其他:第四之一種商業區,100000,98,持分移轉,02230000
RPPOMLKMLHLGFCB47DA,惠安段,8.11,都市：其他:第四之一種商業區,100000,100,持分移轉,02230000
RPUOMLKMLHLGFCB97DA,惠安段,8.11,都市：其他:第四之一種商業區,100000,100,持分移轉,02230000
RPQSMLPJNHLGFCB38DA,惠安段,5.68,都市：其他:第四之一種商業區,100000,70,持分移轉,02230000
RPSTMLRLLHLGFCB88DA,惠安段,5.51,都市：其他:第四之一種商業區,100000,68,持分移轉,02230000
RPTSMLPJNHLGFCB68DA,惠安段,5.51,都市：其他:第四之一種商業區,100000,68,持分移轉,02230000
RPWVMLRLMHLGFCB96DA,惠安段,8.11,都市：其他:第四之一種商業區,100000,100,持分移轉,02230000
RPUPMLPJNHLGFCB48DA,惠安段,8.03,都市：其他:第四之一種商業區,100000,99,持分移轉,02230000
RPSOMLRLMHLGFCB48DA,惠安段,5.92,都市：其他:第四之一種商業區,100000,73,持分移轉,02230000
RPXOMLOLMHLGFCB68DA,惠安段,5.51,都市：其他:第四之一種商業區,100000,68,持分移轉,02230000
RPWPMLKMLHLGFCB28DA,惠安段,5.68,都市：其他:第四之一種商業區,100000,70,持分移轉,02230000
RPQOMLPJNHLGFCB97DA,惠安段,8.43,都市：其他:第四之一種商業區,100000,104,持分移轉,02230000
RPTUMLPJNHLGFCB88DA,惠安段,6.08,都市：其他:第四之一種商業區,100000,75,持分移轉,02230000
RPXNMLPJNHLGFCB58DA,惠安段,8.43,都市：其他:第四之一種商業區,100000,104,持分移轉,02230000
RPOOMLPJNHLGFCB77DA,惠安段,8.03,都市：其他:第四之一種商業區,100000,99,持分移轉,02230000
RPUPMLOLMHLGFCB48DA,惠安段,5.76,都市：其他:第四之一種商業區,100000,71,持分移轉,02230000
RPROMLSKNHLGFDB58DA,瓦磘腳段,.31,都市：其他:農業區,2517,17,持分移轉,01690001
RPROMLSKNHLGFDB58DA,瓦磘腳段,61.86,都市：其他:農業區,1,1,全筆移轉,01910000
RPROMLSKNHLGFDB58DA,瓦磘腳段,17.43,都市：其他:農業區,21,1,持分移轉,01920000
RPROMLSKNHLGFDB58DA,瓦磘腳段,.03,都市：其他:農業區,2517,17,持分移轉,01930001
RPPNMLTJMHLGFKB88DA,瑞井段,36.39,非都市：鄉村區 ; 非都市編定：乙種建築用地,100000,8333,持分移轉,01760001
RPPNMLTJMHLGFKB88DA,瑞井段,112.63,非都市：鄉村區 ; 非都市編定：乙種建築用地,1,1,全筆移轉,01760005
RPQONLRLMHLGFCB38DA,惠安段,8.11,都市：其他:第四之一種商業區,100000,100,持分移轉,02230000
RPPVMLRLMHLGFCB88DA,惠安段,5.59,都市：其他:第四之一種商業區,100000,69,持分移轉,02230000
RPTOMLPJNHLGFCB28DA,惠安段,5.27,都市：其他:第四之一種商業區,100000,65,持分移轉,02230000
RPWWMLRLLHLGFCB96DA,惠安段,5.84,都市：其他:第四之一種商業區,100000,72,持分移轉,02230000
RPUSMLPJNHLGFCB78DA,惠安段,8.43,都市：其他:第四之一種商業區,100000,104,持分移轉,02230000
RPVSMLPJNHLGFCB88DA,惠安段,7.87,都市：其他:第四之一種商業區,100000,97,持分移轉,02230000
