鄉鎮市區,交易標的,土地位置建物門牌,土地面積平方公尺,都市土地使用分區,非都市土地使用分區,非都市土地使用編定,租賃年月日,租賃筆棟數,租賃層次,總樓層數,建物型態,主要用途,主要建材,建築完成年月,建物總面積平方公尺,建物現況格局-房,建物現況格局-廳,建物現況格局-衛,建物現況格局-隔間,有無管理組織,有無附傢俱,總額元,單價元平方公尺,車位類別,車位面積平方公尺,車位總額元,備註,編號,出租型態,有無管理員,租賃期間,有無電梯,附屬設備,租賃住宅服務
The villages and towns urban district,transaction sign,land sector position building sector house number plate,land shifting total area square meter,the use zoning or compiles and checks,the non-metropolis land use district,non-metropolis land use,transaction year month and day,transaction pen number,shifting level,total floor number,building state,main use,main building materials,construction to complete the years,building shifting total area,Building present situation pattern - room,building present situation pattern - hall,building present situation pattern - health,building present situation pattern - compartmented,Whether there is manages the organization,Whether there is attaches the furniture,total price NTD,the unit price (NTD / square meter),the berth category,berth shifting total area square meter,the berth total price NTD,the note,serial number,Rental type,Residential Manager,Rental period,elevator,equipment,Rental residential services
安平區,租賃房屋,臺南市安平區建平五街２２巷３６弄７３號,0.0,,,,1150211,土地0建物1車位0,見其他登記事項,4,店面(店鋪),住家用,鋼筋混凝土構造,1090828,127.03,3,2,5,有,無,無,19000,150,,0.0,0,1.契約書未約定土地租賃標的。2.由所有權人提供租屋資訊。3.租賃建物部分範圍。續租案件；,RPTNMLLKKHLGFAD67CC,,無,1160401~1180331,有,冷氣、熱水器,
安平區,租賃房屋,臺南市安平區建平五街２２巷３６弄７３號,0.0,,,,1150211,土地0建物1車位0,全,4,透天厝,住家用,鋼筋混凝土構造,1090828,153.36,3,2,5,有,無,無,41000,267,,0.0,0,1.契約書未約定土地租賃標的。2.由所有權人提供租屋資訊。3.租賃建物部分範圍。含增建或未登記建物；續租案件；,RPUNMLLKKHLGFAD77CC,分層出租,無,1160401~1180331,有,冷氣、熱水器,
東區,租賃房屋,臺南市東區崇崇明２４街８０號３樓之４５,0.0,,,,1150211,土地0建物1車位0,三層,6,華廈(10層含以下有電梯),集合住宅,鋼筋混凝土構造,1110601,47.019999999999996,1,0,1,有,有,有,12500,266,,0.0,0,管理費:1200元  水費:250元,RPVNMLLKKHLGFCD08CC,獨立套房,有,1150310~1160309,有,冷氣、熱水器、洗衣機、電視機、冰箱、網路,一般轉租
善化區,租賃房屋,臺南市善化區中正路４０３號,88.94,其他,,,1150211,土地1建物1車位0,全,3,透天厝,住商用,加強磚造,0651230,178.82,4,2,2,有,無,無,32000,179,,0.0,0,,RPQNMLLKKHLGFHD08CC,,無,1150301~1180331,無,,
安定區,租賃房屋,臺南市安定區保西路４１４號,0.0,,,,1150211,土地0建物0車位0,全,3,透天厝,住家用,鋼筋混凝土造,0730919,25.6,7,7,7,有,無,有,12000,469,,0.0,0,多人共同承租2；租金總額含水費；網路費；含增建或未登記建物；續租案件；,RPRNMLLKKHLGFHD18CC,分租套房,無,1150211~1160211,無,冷氣、熱水器、洗衣機、電視機、冰箱、網路,一般代管
關廟區,租賃房屋,臺南市關廟區南雄路二段４１號,203.0,商,,,1150211,土地2建物1車位0,全,2,透天厝,店鋪、住宅,鋼骨造有牆,1140317,273.54,2,2,2,有,無,無,89250,326,,0.0,0,托嬰中心營業登記辦理中租金總額含稅；租賃期間有約定不同租金租金含稅兩年漲3%；,RPRNMLLKKHLGFID28CC,,無,1150301~1300228,無,,
仁德區,租賃房屋,臺南市仁德區文賢路二段１５巷１８弄１７號６樓之２,0.0,,,,1150211,土地0建物0車位0,六層,10,華廈(10層含以下有電梯),住家用,鋼筋混凝土造,0920910,18.18,5,2,5,有,無,有,12500,688,,0.0,0,文賢607房租金總額含水費；網路費；其他垃圾代收費；租賃建物部分範圍，且未計入共有部分面積；,RPUNMLLKKHLGFID58CC,分租套房,無,1150213~1160212,有,冷氣、熱水器、洗衣機、電視機、冰箱、網路,一般轉租
中西區,租賃房屋,臺南市中西區和美街５１巷２０號,0.0,,,,1150212,土地0建物0車位0,全,3,透天厝,住家用,鋼筋混凝土造,0821106,21.49,4,2,5,有,無,有,8000,372,,0.0,0,1.契約書未約定土地租賃標的。2.由所有權人提供租屋資訊。3.整編後門牌-台南市中西區文祥街131號。租金總額含水費；,RPQOMLMKKHLGFAD57CC,分租套房,無,1150215~1160214,無,冷氣、熱水器、洗衣機、冰箱,
中西區,租賃房屋,臺南市中西區中華西路二段５２０號十四樓之１１,0.0,,,,1150211,土地0建物1車位0,十四層,15,住宅大樓(11層含以上有電梯),集合住宅,鋼筋混凝土構造,1020620,93.5,2,2,1,有,有,有,19700,211,,0.0,0,管理費2300元，由承租人負擔多人共同承租2；,RPROMLMKKHLGFAD67CC,整棟(戶)出租,有,1150301~1170228,有,冷氣、熱水器、洗衣機、電視機、冰箱、瓦斯或天然氣,社會住宅代管
安南區,租賃房屋,臺南市安南區安中路一段７０３巷２９之３號,0.0,,,,1150211,土地0建物1車位0,四層,4,公寓(5樓含以下無電梯),集合住宅,鋼筋混凝土造,0700907,103.71,3,1,2,有,無,有,16000,154,,0.0,0,參加國家住宅及都市更新中心辦理社會住宅包租代管第四期計畫公會版續租案件；,RPWNMLMKKHLGFBD18CC,整棟(戶)出租,無,1150225~1160224,無,冷氣、熱水器、洗衣機、電視機、冰箱,社會住宅代管
東區,租賃房屋,臺南市東區東門路二段３６５巷３３弄５號,0.0,,,,1150211,土地0建物0車位0,全,3,透天厝,宿舍、停車空間,鋼筋混凝土造,0990915,26.44,26,0,26,有,無,有,9000,340,,0.0,0,租金總額含水費；網路費；其他MOD；,RPUNMLMKKHLGFCD08CC,分租套房,無,1150211~1160210,無,冷氣、熱水器、電視機、冰箱、網路,
東區,租賃房屋,臺南市東區崇善路１０９８號,0.0,,,,1150211,土地0建物0車位0,全,4,透天厝,店舖，住宅，停車空間,鋼筋混凝土造,1040701,329.19,5,3,7,有,無,有,7000,21,,0.0,0,出租為部分範圍三樓後套房。租金總額含水費；網路費；租賃建物部分範圍，且未計入共有部分面積；,RPROMLMKKHLGFCD87CC,分租套房,無,1150301~1170301,有,冷氣、熱水器、電視機、冰箱、網路,
新營區,租賃房屋,臺南市新營區武侯街１１號,0.0,,,,1150212,土地0建物1車位0,全,5,透天厝,住家用,鋼筋混凝土造,0870806,83.02,3,1,2,有,無,無,14800,178,,0.0,0,,RPQNMLMKKHLGFDD77CC,分層出租,無,1150301~1150831,無,冷氣、洗衣機、電視機,
學甲區,租賃房屋,臺南市學甲區裕農街６６號二樓之３,0.0,,,,1150211,土地0建物1車位0,二層,7,華廈(10層含以下有電梯),Ｈ２集合住宅,鋼筋混凝土造,1110726,110.99,2,2,2,有,有,有,11200,101,,0.0,0,此為國家住宅及都市更新中心社會住宅包租代管第5期計畫。管理費2300元由出租人負擔,RPQNMLMKKHLGFGD08CC,整棟(戶)出租,有,1150212~1160211,有,冷氣、熱水器、洗衣機、電視機、冰箱、瓦斯或天然氣,社會住宅包租轉租
仁德區,租賃房屋,臺南市仁德區文賢路二段１５巷１８弄１７號６樓之１,0.0,,,,1150212,土地0建物0車位0,六層,10,華廈(10層含以下有電梯),住家用,鋼筋混凝土造,0920910,18.18,5,2,5,有,無,有,11500,633,,0.0,0,文賢602房租金總額含水費；網路費；其他垃圾代收費；租賃建物部分範圍，且未計入共有部分面積；,RPOOMLMKKHLGFID18CC,分租套房,無,1150212~1160211,有,冷氣、熱水器、洗衣機、電視機、冰箱、網路,一般轉租
仁德區,租賃房屋,臺南市仁德區文賢路二段１５巷１８弄１７號１０樓之２,0.0,,,,1150212,土地0建物0車位0,十層,10,華廈(10層含以下有電梯),住家用,鋼筋混凝土造,0920910,14.88,5,2,5,有,無,有,7500,504,,0.0,0,文賢1009房租金總額含水費；網路費；其他垃圾代收費；租賃建物部分範圍，且未計入共有部分面積；,RPQOMLMKKHLGFID38CC,分租套房,無,1150212~1160211,有,冷氣、熱水器、洗衣機、電視機、冰箱、網路,一般轉租
北區,租賃房屋,臺南市北區公園南路３４１號１４樓之１,0.0,,,,1150212,土地0建物1車位0,十四層,14,住宅大樓(11層含以上有電梯),集合住宅,鋼筋混凝土造,0971219,85.6,2,2,1,有,有,有,18000,210,,0.0,0,未租賃車位，建物登記含有車位面積；,RPPNMLNKKHLGFAD47CC,整棟(戶)出租,有,1150301~1160228,有,電視機、冰箱,
中西區,租賃房屋,臺南市中西區信義街１０８巷４３號２樓之４,0.0,,,,1150228,土地0建物1車位0,二層,6,華廈(10層含以下有電梯),商業用,鋼筋混凝土造,0820327,29.759999999999998,1,1,1,有,有,無,8800,296,,0.0,0,參加國家住宅及都市更新中心辦理社會住宅包租代管第五期計畫中央版租金總額含水費；網路費；續租案件；,RPOOMLNKKHLGFAD47CC,獨立套房,無,1150301~1160228,有,冷氣、熱水器、洗衣機、電視機、冰箱、網路,社會住宅代管
安南區,租賃房屋,臺南市安南區安中路三段４００巷５５弄２８號二樓之３,0.0,,,,1150211,土地0建物1車位0,二層,5,華廈(10層含以下有電梯),集合住宅,鋼筋混凝土造,1110613,70.74000000000001,2,1,1,有,有,無,14500,205,,0.0,0,此為國家住宅及都市更新中心社會住宅包租代管第5期計畫。,RPTNMLNKKHLGFBD97CC,整棟(戶)出租,有,1150220~1160219,有,冷氣、熱水器,社會住宅包租轉租
安南區,租賃房屋+車位,臺南市安南區安中二街２７號２樓之１,0.0,,,,1150211,土地0建物1車位1,二層,14,住宅大樓(11層含以上有電梯),集合住宅,鋼筋混凝土造,1140425,155.95,2,2,2,有,有,有,40050,257,坡道平面,22.07,0,租金總額含管理費；網路費；其他10%所得稅、全民健康補充保險費、家俱電、一個停車位；,RPWNMLNKKHLGFBD28CC,整棟(戶)出租,有,1150302~1160301,有,冷氣、熱水器、洗衣機、電視機、冰箱、有線電視、網路,
安南區,租賃房屋+車位,臺南市安南區安中二街２３號６樓之２,0.0,,,,1150212,土地0建物1車位1,六層,14,住宅大樓(11層含以上有電梯),集合住宅,鋼筋混凝土造,1140425,156.74,3,2,2,有,有,有,39550,252,坡道平面,22.07,0,租金總額含管理費；網路費；其他10%所得稅、全民健康補充保險費、家俱電、一個停車位；,RPXNMLNKKHLGFBD38CC,整棟(戶)出租,有,1150302~1160301,有,冷氣、熱水器、洗衣機、電視機、冰箱、有線電視、網路,
東區,租賃房屋,臺南市東區青年路３９８巷１０號地下層之５,0.0,,,,1150211,土地0建物1車位0,見其他登記事項,3,公寓(5樓含以下無電梯),住家用,鋼筋混凝土造,0850202,21.62,1,0,1,有,無,有,5000,231,,0.0,0,台南市社會住宅包租代管第4期計畫。續租案件；,RPRNMLNKKHLGFCD87CC,獨立套房,無,1150211~1160129,無,冷氣、熱水器、電視機、冰箱,社會住宅包租轉租
東區,租賃房屋,臺南市東區自由路一段２６６號,0.0,,,,1150211,土地0建物1車位0,全,3,透天厝,住商用,鋼筋混凝土造,0700105,124.74,6,2,4,有,無,無,26000,208,,0.0,0,,RPSNMLNKKHLGFCD97CC,整棟(戶)出租,無,1150212~1160211,無,熱水器,
南區,租賃房屋,臺南市南區水交社路２０巷１９號四樓,0.0,,,,1150211,土地0建物1車位0,四層,7,華廈(10層含以下有電梯),集合住宅,鋼筋混凝土構造,1071114,95.36,2,1,1,有,有,有,24000,252,,0.0,0,台南市社會住宅包租代管第4期計畫。管理費2000元由出租人負擔續租案件；,RPTNMLNKKHLGFCD08CC,整棟(戶)出租,有,1150224~1160223,有,冷氣、熱水器、洗衣機、電視機、冰箱、瓦斯或天然氣,社會住宅代管
東區,租賃房屋,臺南市東區裕豐街２９號四樓之６,0.0,,,,1150212,土地0建物1車位0,四層,5,公寓(5樓含以下無電梯),住家用,鋼筋混凝土造,0781124,27.17,1,0,1,有,無,有,4800,177,,0.0,0,此為國家住宅及都市更新中心社會住宅包租代管第5期計畫。,RPQOMLNKKHLGFCD87CC,獨立套房,無,1150225~1160224,無,冷氣、熱水器、洗衣機、冰箱,社會住宅包租轉租
安定區,租賃房屋,臺南市安定區港子尾５５之８號五樓之５,0.0,,,,1150211,土地0建物1車位0,五層,7,華廈(10層含以下有電梯),集合住宅,鋼筋混凝土構造,1120830,123.17999999999999,3,2,2,有,有,有,18000,146,,0.0,0,台南市社會住宅包租代管第4期計畫。續租案件；,RPQNMLNKKHLGFHD28CC,整棟(戶)出租,有,1150225~1160224,有,冷氣、熱水器、洗衣機、冰箱,社會住宅包租轉租
新市區,租賃房屋,臺南市新市區銘傳街８６號,0.0,,,,1150211,土地0建物0車位0,全,4,透天厝,店舖、停車空間、住宅,鋼筋混凝土造,1020115,25.64,7,0,7,有,無,有,7000,273,,0.0,0,租金總額含網路費；租賃建物部分範圍，且未計入共有部分面積；,RPUNMLNKKHLGFHD68CC,分租套房,無,1150213~1160212,無,冷氣、熱水器、電視機、冰箱、有線電視、網路,一般代管
安定區,租賃房屋,臺南市安定區許中營８２之１２號六樓之２,0.0,,,,1150212,土地0建物1車位0,六層,8,華廈(10層含以下有電梯),集合住宅,鋼筋混凝土造,1131127,84.91,2,1,2,有,有,有,14500,171,,0.0,0,此為國家住宅及都市更新中心社會住宅包租代管第5期計畫。,RPVNMLNKKHLGFHD78CC,整棟(戶)出租,有,1150215~1160214,有,冷氣、熱水器、洗衣機、電視機、冰箱,社會住宅包租轉租
仁德區,租賃房屋,臺南市仁德區文賢路二段１５巷１８弄１７號５樓之１,0.0,,,,1150213,土地0建物0車位0,五層,10,華廈(10層含以下有電梯),住家用,鋼筋混凝土造,0920910,14.88,5,2,5,有,無,有,8000,538,,0.0,0,文賢503房租金總額含水費；網路費；其他垃圾代收費；租賃建物部分範圍，且未計入共有部分面積；,RPWNMLNKKHLGFID98CC,分租套房,無,1150213~1160212,有,冷氣、熱水器、洗衣機、電視機、冰箱、網路,一般轉租
永康區,租賃房屋,臺南市永康區中華路６６１巷２號九樓之３,0.0,,,,1150212,土地0建物1車位0,九層,14,住宅大樓(11層含以上有電梯),住家用,鋼筋混凝土造,0850408,131.6,3,2,2,有,有,有,18000,137,,0.0,0,管理費3000元，由承租人負擔多人共同承租2；,RPTNMLNKKHLGFKD88CC,整棟(戶)出租,有,1150301~1160228,有,冷氣、熱水器、冰箱、瓦斯或天然氣,社會住宅代管
永康區,租賃房屋,臺南市永康區安康里大橋一街５７之５號十四樓之２９,0.0,,,,1150211,土地0建物1車位0,十四層,14,住宅大樓(11層含以上有電梯),住家用,鋼筋混凝土造,0880824,31.0,1,0,1,有,有,有,6900,223,,0.0,0,台南市社會住宅包租代管第4期計畫。管理費500元由出租人負擔續租案件；,RPWNMLNKKHLGFKD56CC,獨立套房,有,1150301~1160228,有,冷氣、熱水器、洗衣機、電視機,社會住宅包租轉租
永康區,租賃房屋,臺南市永康區中山北路１８巷７號,0.0,,,,1150211,土地0建物1車位0,全,1,透天厝,住家用,磚造,0621001,97.21,2,1,1,有,無,有,6000,62,,0.0,0,台南市不動產租賃公會民間住宅包租代管第四期計畫。,RPSOMLNKKHLGFKD88CC,整棟(戶)出租,無,1150226~1160225,無,冷氣、熱水器,社會住宅代管
永康區,租賃房屋,臺南市永康區鹽行路６９巷８號,0.0,,,,1150212,土地0建物0車位0,全,4,透天厝,住宅，停車空間,鋼筋混凝土構造,1020821,9.92,11,0,11,有,無,有,4500,454,,0.0,0,租金總額含網路費；,RPTPMLNKKHLGFKD09CC,分租套房,無,1150222~1150821,無,冷氣、熱水器、電視機、冰箱、有線電視、網路,一般代管
永康區,租賃房屋,臺南市永康區正南五街５２０巷５５弄１號,0.0,,,,1150211,土地0建物0車位0,全,4,透天厝,住家用,鋼筋混凝土造,0991223,15.75,24,0,24,有,無,有,5900,375,,0.0,0,租賃建物部分範圍，且未計入共有部分面積；,RPWPMLNKKHLGFKD76CC,分租套房,無,1150223~1160228,無,冷氣、熱水器、洗衣機、冰箱,一般代管
永康區,租賃房屋,臺南市永康區富強路二段２６３號,0.0,,,,1150213,土地0建物1車位0,全,2,透天厝,住家用,加強磚造,0620110,74.22,4,2,2,有,無,有,8000,108,,0.0,0,參加國家住宅及都市中心辦理社會住宅包租代管第五期計劃中央版續租案件；,RPOQMLNKKHLGFKD68CC,整棟(戶)出租,無,1150301~1160228,無,冷氣、熱水器、洗衣機、電視機、冰箱,社會住宅代管
北區,租賃房屋+車位,臺南市北區北成路３０號２F之６,0.0,,,,1150213,土地0建物1車位1,二層,14,住宅大樓(11層含以上有電梯),集合住宅,鋼筋混凝土造,0881106,149.02,3,2,2,有,有,有,20100,135,坡道平面,23.71,0,出租人負擔管理費1900元整僅承租車位編號138號,RPPNMLOKKHLGFAD57CC,整棟(戶)出租,有,1150310~1160309,有,冷氣、電視機、冰箱、瓦斯或天然氣,
東區,租賃房屋,臺南市東區新東里７鄰衛國街１０６巷１７弄２１號,0.0,,,,1150214,土地0建物0車位0,全,2,透天厝,住家用,加強磚造,0601228,30.0,4,2,3,有,無,有,12000,400,,0.0,0,租賃建物部分範圍，且未計入共有部分面積；,RPPNMLOKKHLGFCD77CC,分租套房,無,1150215~1180214,無,冷氣、熱水器、洗衣機、冰箱、瓦斯或天然氣,一般轉租
東區,租賃房屋,臺南市東區新東里７鄰衛國街１０６巷１７弄２１號,0.0,,,,1150214,土地0建物0車位0,全,2,透天厝,住家用,加強磚造,0601228,30.0,4,2,3,有,無,有,12000,400,,0.0,0,租賃建物部分範圍，且未計入共有部分面積；,RPQNMLOKKHLGFCD87CC,分租套房,無,1150215~1180214,無,冷氣、熱水器、洗衣機、冰箱、瓦斯或天然氣,一般轉租
永康區,租賃房屋+車位,臺南市永康區中華路９８８號１３樓之５,0.0,,,,1150214,土地0建物0車位1,十三層,20,住宅大樓(11層含以上有電梯),住家用,鋼筋混凝土造,0860529,20.0,3,2,2,有,有,有,10000,0,坡道平面,28.66,0,租賃建物部分範圍，且未計入共有部分面積；,RPPNMLOKKHLGFKD58CC,分租套房,有,1150310~1180309,有,冷氣、熱水器、洗衣機、電視機、瓦斯或天然氣,一般轉租
永康區,租賃房屋,臺南市永康區中華路９８８號１３樓之５,0.0,,,,1150214,土地0建物0車位0,十三層,20,住宅大樓(11層含以上有電梯),住家用,鋼筋混凝土造,0860529,30.0,3,2,2,有,有,有,10000,333,,0.0,0,租賃建物部分範圍，且未計入共有部分面積；,RPQNMLOKKHLGFKD68CC,分租套房,有,1150310~1180309,有,冷氣、熱水器、洗衣機、電視機、瓦斯或天然氣,一般轉租
中西區,租賃房屋,臺南市中西區成功路３４３號七樓之１,0.0,,,,1150213,土地0建物1車位0,七層,10,華廈(10層含以下有電梯),住家用,鋼筋混凝土造,0800205,181.0,4,2,2,有,有,有,17000,94,,0.0,0,參加國家住宅及都市更新中心辦理社會住宅包租代管第5期計畫中央版,RPSNMLLLKHLGFAD67CC,整棟(戶)出租,有,1150223~1160222,有,冷氣、熱水器,社會住宅代管
中西區,租賃房屋,臺南市中西區大智街６３號６樓,0.0,,,,1150214,土地0建物0車位0,六層,7,華廈(10層含以下有電梯),商業用,鋼筋混凝土造,0711119,17.5,7,1,7,有,有,有,6000,343,,0.0,0,租金總額含水費；網路費；含增建或未登記建物；租賃建物部分範圍，且未計入共有部分面積；,RPPNMLNLKHLGFAD57CC,分租套房,無,1150214~1160214,有,冷氣、熱水器、洗衣機、電視機、冰箱、網路,一般代管
中西區,租賃房屋,臺南市中西區宮後街１４號,0.0,,,,1150220,土地0建物0車位0,全,5,透天厝,住家用,鋼筋混凝土構造,1010604,21.49,30,2,30,有,無,有,8000,372,,0.0,0,租金總額含水費；網路費；其他第四台；含增建或未登記建物；,RPRNMLNLKHLGFAD77CC,分租套房,無,1150223~1170223,有,冷氣、熱水器、洗衣機、電視機、冰箱、有線電視、網路,一般代管
安平區,租賃房屋,臺南市安平區國平北路１２３號十七樓之１１,0.0,,,,1150211,土地0建物1車位0,十七層,18,住宅大樓(11層含以上有電梯),集合住宅,鋼筋混凝土構造,1100503,112.19999999999999,2,2,1,有,有,有,19500,174,,0.0,0,參加國家住宅及都市更新中心辦理社會住宅包租代管第5期計畫中央版多人共同承租2；租金總額含管理費；未租賃車位，建物登記含有車位面積；,RPTNMLNLKHLGFAD97CC,整棟(戶)出租,有,1150312~1160311,有,冷氣、熱水器、洗衣機、電視機、冰箱,社會住宅代管
安平區,租賃房屋+車位,臺南市安平區健康路三段３３３號十樓之３,0.0,,,,1150211,土地0建物1車位1,十層,26,住宅大樓(11層含以上有電梯),集合住宅,鋼筋混凝土構造,1060124,155.74,3,2,2,有,有,無,23000,148,坡道平面,30.66,0,,RPUNMLNLKHLGFAD08CC,整棟(戶)出租,有,1150301~1160228,有,,
安平區,租賃房屋,臺南市安平區建平一街１８９巷１２３號,0.0,,,,1150222,土地0建物0車位0,全,5,透天厝,住商用,鋼筋混凝土造,0830702,16.53,10,0,10,有,無,有,7500,454,,0.0,0,,RPXNMLNLKHLGFAD38CC,分租套房,無,1150301~1160228,無,冷氣、熱水器、洗衣機、電視機、冰箱、有線電視、網路,一般代管
中西區,租賃房屋,臺南市中西區宮後街１４號,0.0,,,,1150222,土地0建物0車位0,全,5,透天厝,住家用,鋼筋混凝土構造,1010604,19.27,30,2,30,有,無,有,7500,389,,0.0,0,租金總額含水費；網路費；其他第四台；含增建或未登記建物；,RPPOMLNLKHLGFAD67CC,分租套房,無,1150222~1160222,有,冷氣、熱水器、洗衣機、電視機、冰箱、有線電視、網路,一般代管
中西區,租賃房屋,臺南市中西區臨安路一段５２號５樓之１,0.0,,,,1150213,土地0建物1車位0,五層,5,公寓(5樓含以下無電梯),住家用,鋼筋混凝土造,0681013,70.12,2,1,1,有,無,有,8800,125,,0.0,0,,RPSOMLNLKHLGFAD97CC,整棟(戶)出租,無,1150214~1160213,無,熱水器、洗衣機,
安平區,租賃房屋+車位,臺南市安平區怡平路５２３號十樓,0.0,,,,1150213,土地0建物1車位1,十層,19,住宅大樓(11層含以上有電梯),集合住宅,鋼筋混凝土構造,1110120,212.60000000000002,3,2,2,有,有,有,31009,146,坡道平面,36.01,0,多人共同承租2；租賃期間有約定不同租金1150216-1150228為搬遷期免租金；,RPUOMLNLKHLGFAD18CC,整棟(戶)出租,有,1150216~1160228,有,冷氣、熱水器、洗衣機、冰箱、瓦斯或天然氣,
北區,租賃房屋,臺南市北區成功路６８巷６１號五樓之７,0.0,,,,1150213,土地0建物1車位0,五層,5,華廈(10層含以下有電梯),住家用,鋼筋混凝土造,0791201,31.57,1,0,1,有,有,有,6000,190,,0.0,0,台南市社會住宅包租代管第4期計畫。續租案件；,RPXOMLNLKHLGFAD48CC,獨立套房,有,1150215~1160214,有,冷氣、熱水器、洗衣機、電視機、冰箱、瓦斯或天然氣,社會住宅包租轉租
北區,租賃房屋,臺南市北區長北街２１２號五樓之５,0.0,,,,1150212,土地0建物1車位0,五層,5,公寓(5樓含以下無電梯),住家用,鋼筋混凝土造,0690312,58.18,3,1,1,有,有,有,10000,172,,0.0,0,台南市社會住宅包租代管第4期計畫。續租案件；,RPOPMLNLKHLGFAD67CC,整棟(戶)出租,有,1150212~1160211,無,冷氣、熱水器、洗衣機、冰箱、瓦斯或天然氣,社會住宅包租轉租
安平區,租賃房屋,臺南市安平區國平北路１８６號八樓之２,0.0,,,,1150213,土地0建物1車位0,八層,29,住宅大樓(11層含以上有電梯),集合住宅,鋼筋混凝土造,1121017,86.77,2,1,1,有,有,有,15687,181,,0.0,0,台南市社會住宅包租代管第4期計畫。管理費1313元由出租人負擔續租案件；,RPPPMLNLKHLGFAD77CC,整棟(戶)出租,有,1150215~1160214,有,冷氣、熱水器、冰箱,社會住宅包租轉租
北區,租賃房屋,臺南市北區西門路四段７４號,0.0,,,,1150212,土地0建物1車位0,一層,4,店面(店鋪),住商用,鋼筋混凝土造,0761029,28.25,9,2,10,有,無,無,15500,549,,0.0,0,1.契約書未約定土地租賃標的。2.承租人承租一樓後半部，承租面積由出租人提供。租賃期間有約定不同租金租約第四年起，每月租金調漲為16250元；,RPSPMLNLKHLGFAD08CC,,無,1150401~1200331,無,,
北區,租賃房屋,臺南市北區西門路四段７４號,0.0,,,,1150212,土地0建物1車位0,一層,4,店面(店鋪),住商用,鋼筋混凝土造,0761029,28.26,9,2,10,有,無,無,15500,548,,0.0,0,1.契約書未約定土地租賃標的。2.承租人承租一樓前半部，承租面積由出租人提供。租賃期間有約定不同租金租約第四年起，每月租金調漲為16250元；,RPTPMLNLKHLGFAD18CC,,無,1150401~1200331,無,,
安南區,租賃房屋,臺南市安南區青砂街一段７６３巷１７號,0.0,,,,1150216,土地0建物1車位0,全,3,透天厝,住家用,鋼筋混凝土造,0820607,161.94,4,2,3,有,無,有,9000,56,,0.0,0,參加國家住宅及都市中心辦理社會住宅包租代管第五期計劃中央版,RPQNMLNLKHLGFBD77CC,整棟(戶)出租,無,1150216~1160215,無,冷氣、熱水器、洗衣機、電視機、冰箱,社會住宅代管
安南區,租賃房屋,臺南市安南區府安路六段７１巷５２號,0.0,,,,1150211,土地0建物1車位0,全,3,透天厝,集合住宅、停車空間,鋼筋混凝土造,1080610,171.2,4,2,3,有,無,無,30000,175,,0.0,0,,RPRNMLNLKHLGFBD87CC,整棟(戶)出租,無,1150301~1170229,無,冷氣、熱水器、瓦斯或天然氣,
安南區,租賃房屋,臺南市安南區安富街２５１巷５６弄２６號,0.0,,,,1150212,土地0建物1車位0,全,2,透天厝,住家用,加強磚造,0701204,87.02,3,2,3,有,無,有,15000,172,,0.0,0,台南市社會住宅包租代管公會版增辦第4期續租案件；,RPTNMLNLKHLGFBD08CC,整棟(戶)出租,無,1150327~1160326,無,冷氣、熱水器、洗衣機、冰箱,社會住宅代管
東區,租賃房屋,臺南市東區崇明路４８４號,0.0,,,,1150222,土地0建物0車位0,全,4,透天厝,住商用,鋼筋混凝土造,0741122,29.58,11,11,11,有,無,有,12500,423,,0.0,0,多人共同承租2；租金總額含水費；網路費；含增建或未登記建物；,RPPNMLNLKHLGFCD77CC,分租套房,無,1150222~1160222,無,冷氣、熱水器、洗衣機、電視機、冰箱、網路,一般轉租
東區,租賃房屋,臺南市東區林森路二段１９２巷１３號,0.0,,,,1150211,土地0建物1車位0,一層,12,店面(店鋪),商業用,鋼筋混凝土造,0730118,100.95,1,1,1,有,無,無,25000,248,,0.0,0,1、115年3月1日至115年3月10日為裝修期，免租金捌仟元整，實付壹萬柒仟元整。2、房屋稅由乙方負擔。租賃期間有約定不同租金117年3月1日起，每月租金為貳萬柒仟元整。119年3月1日起，每月租金為參萬元整。；,RPQNMLNLKHLGFCD87CC,,無,1150301~1200228,有,,
南區,租賃房屋,臺南市南區鯤鯓路１６２巷１３弄１２號,98.44,住,,,1150212,土地1建物1車位0,全,2,透天厝,住家用,加強磚造,0610712,83.62,3,1,1,有,無,無,10000,120,,0.0,0,1.自簽約日115年2月12日起至115年2月22日止為搬遷期，免租金,RPRNMLNLKHLGFCD97CC,整棟(戶)出租,無,1150223~1170222,無,冷氣、洗衣機、冰箱,
東區,租賃房屋,臺南市東區長榮路二段３２巷１６２號５樓之７,0.0,,,,1150221,土地0建物1車位0,見其他登記事項,5,華廈(10層含以下有電梯),住家用,鋼筋混凝土造,0790507,29.85,1,0,1,有,有,有,9500,318,,0.0,0,租金總額含管理費；,RPTNMLNLKHLGFCD18CC,獨立套房,有,1150224~1160223,有,冷氣、熱水器、洗衣機、冰箱,
東區,租賃房屋,臺南市東區崇德十七街１１６號,0.0,,,,1150213,土地0建物1車位0,全,2,透天厝,住家用,鋼筋混凝土造,0750805,140.88,5,2,2,有,無,有,20000,142,,0.0,0,台南市社會住宅包租代管第4期計畫。續租案件；,RPWNMLNLKHLGFCD48CC,整棟(戶)出租,無,1150315~1160314,無,冷氣、熱水器、洗衣機、冰箱,社會住宅代管
南區,租賃房屋,臺南市南區新興路４６１巷８弄１１號五樓之１,0.0,,,,1150223,土地0建物1車位0,五層,5,公寓(5樓含以下無電梯),住家用,鋼筋混凝土造,0720602,106.51,3,2,1,有,無,有,12000,113,,0.0,0,台南市社會住宅包租代管 增辦第四期計畫 公會版；水、電費由承租人負擔。,RPPOMLNLKHLGFCD87CC,整棟(戶)出租,無,1150301~1160228,無,冷氣、熱水器,社會住宅代管
東區,租賃房屋,臺南市東區東興路１７９之１號,0.0,,,,1150211,土地0建物1車位0,二層,7,華廈(10層含以下有電梯),住家用,鋼筋混凝土造,0740427,88.97,3,2,2,有,有,有,16500,185,,0.0,0,參加國家住宅及都市更新中心辦理社會住宅包租代管第四期計畫公會版租金總額含管理費；續租案件；,RPQOMLNLKHLGFCD97CC,整棟(戶)出租,有,1150401~1160331,有,冷氣、熱水器、洗衣機、冰箱,社會住宅代管
鹽水區,租賃房屋+車位,臺南市鹽水區新中路８２巷８０弄１３號５樓,0.0,,,,1150211,土地0建物1車位1,五層,5,華廈(10層含以下有電梯),住家用,鋼筋混凝土造,0840824,120.94,3,2,2,有,有,有,18800,155,一樓平面,0.0,4000,參加國家住宅及都市更新中心辦理社會住宅包租代管第五期計畫中央版,RPPNMLNLKHLGFDD87CC,整棟(戶)出租,有,1150211~1160210,有,冷氣、熱水器、洗衣機、電視機、冰箱、瓦斯或天然氣,社會住宅代管
鹽水區,租賃房屋,臺南市鹽水區過港２４之２０號,0.0,,,,1150212,土地0建物1車位0,全,3,透天厝,住家用,鋼筋混凝土造,0871029,168.31,4,2,3,有,無,無,12500,74,,0.0,0,此為國家住宅及都市更新中心社會住宅包租代管第5期計畫。續租案件；,RPSNMLNLKHLGFDD18CC,整棟(戶)出租,無,1150224~1160223,無,熱水器、瓦斯或天然氣,社會住宅包租轉租
下營區,租賃房屋,臺南市下營區和平街２０號,0.0,,,,1150215,土地0建物1車位0,全,2,透天厝,住家用,加強磚造,0690326,149.54,5,2,3,有,無,無,21000,140,,0.0,0,,RPPNMLNLKHLGFFD08CC,整棟(戶)出租,無,1150315~1160314,無,冷氣、熱水器、洗衣機、電視機、冰箱,
學甲區,租賃房屋,臺南市學甲區明宜里１５鄰重信路１號六樓之十四,0.0,,,,1150213,土地0建物1車位0,六層,12,住宅大樓(11層含以上有電梯),住家用,鋼筋混凝土造,0840622,36.14,1,0,1,有,有,有,6500,180,,0.0,0,參加國家住宅及都市中心辦理社會住宅包租代管第五期計劃中央版租金總額含管理費；續租案件；,RPPNMLNLKHLGFGD18CC,獨立套房,有,1150301~1160228,有,冷氣、熱水器、洗衣機、電視機、冰箱,社會住宅代管
佳里區,租賃房屋,臺南市佳里區延平路５７７巷３弄８號,0.0,,,,1150211,土地0建物1車位0,全,2,透天厝,住家用,加強磚造,0710930,97.86,3,2,2,有,無,有,12000,123,,0.0,0,參加國家住宅及都市更新中心辦理社會住宅包租代管第五期計畫中央版續租案件；,RPRNMLNLKHLGFGD38CC,整棟(戶)出租,無,1150301~1160228,無,熱水器,社會住宅代管
善化區,租賃房屋,臺南市善化區中華路１７號,0.0,,,,1150214,土地0建物0車位0,全,4,透天厝,店舖，住宅，梯廳，車庫，梯間，機械室,鋼筋混凝土造,0941220,16.53,30,0,30,有,無,有,8000,484,,0.0,0,其他清潔費；,RPPNMLNLKHLGFHD28CC,分租套房,無,1150301~1150930,有,冷氣、熱水器、洗衣機、電視機、冰箱、網路,一般轉租
安定區,租賃房屋,臺南市安定區新吉５９之６９號,0.0,,,,1150211,土地0建物1車位0,全,4,透天厝,集合住宅,鋼筋混凝土造,1110107,253.33,4,1,5,有,有,有,35000,138,,0.0,0,1.契約書未約定土地租賃標的2.由出租人提供租屋資訊多人共同承租2；租金總額含管理費；,RPSNMLNLKHLGFHD58CC,整棟(戶)出租,有,1150320~1170319,有,冷氣、熱水器、洗衣機、瓦斯或天然氣,
善化區,租賃房屋,臺南市善化區胡厝寮２１９之２６號,0.0,,,,1150211,土地0建物1車位0,全,3,透天厝,住家用,鋼筋混凝土造,1110629,113.51,3,2,3,有,無,無,25000,220,,0.0,0,1.契約書未約定土地租賃標的。2.由所有權人提供租屋資訊。,RPTNMLNLKHLGFHD68CC,整棟(戶)出租,無,1150211~1160131,無,冷氣、熱水器,
仁德區,租賃房屋,臺南市仁德區文賢路二段１５巷１８弄１７號４樓之２,0.0,,,,1150212,土地0建物0車位0,四層,10,華廈(10層含以下有電梯),住家用,鋼筋混凝土造,0920910,18.18,5,2,5,有,無,有,10500,578,,0.0,0,文賢406房租金總額含水費；網路費；其他垃圾代收費；租賃建物部分範圍，且未計入共有部分面積；續租案件；,RPRNMLNLKHLGFID58CC,分租套房,無,1150303~1160302,有,冷氣、熱水器、洗衣機、電視機、冰箱、網路,一般轉租
仁德區,租賃房屋,臺南市仁德區仁和里和愛街７號一樓之２,0.0,,,,1150212,土地0建物1車位0,一層,9,華廈(10層含以下有電梯),住家用,鋼筋混凝土造,0990422,157.43,3,2,2,有,有,無,15800,100,,0.0,0,台南市社會住宅包租代管第4期計畫。續租案件；,RPVNMLNLKHLGFID98CC,整棟(戶)出租,有,1150217~1160121,有,冷氣、熱水器、瓦斯或天然氣,社會住宅包租轉租
歸仁區,租賃房屋,臺南市歸仁區歸仁七路２１８號五樓之１,0.0,,,,1150223,土地0建物1車位0,五層,15,住宅大樓(11層含以上有電梯),集合住宅,鋼筋混凝土造,1121208,136.37,3,2,2,有,有,無,18500,136,,0.0,0,台南市社會住宅包租代管 增辦第四期計畫 公會版；水、電、瓦斯費由承租人負擔，管理費2500元不包含在租金由承租人負擔。多人共同承租2；未租賃車位，建物登記含有車位面積；續租案件；,RPWNMLNLKHLGFID09CC,整棟(戶)出租,有,1150301~1160228,有,冷氣、熱水器、洗衣機、冰箱、瓦斯或天然氣,社會住宅代管
仁德區,租賃房屋+車位,臺南市仁德區崇聖路一段６號１４樓之６,0.0,,,,1150211,土地0建物1車位1,十四層,14,住宅大樓(11層含以上有電梯),集合住宅,鋼筋混凝土造,1131015,153.44,3,2,2,有,有,有,22000,165,坡道平面,32.27,2000,參加國家住宅及都市更新中心辦理社會住宅包租代管增辦第四期計畫公會版租金總額含管理費；續租案件；,RPPOMLNLKHLGFID48CC,整棟(戶)出租,有,1150320~1160319,有,冷氣、熱水器,社會住宅代管
仁德區,租賃房屋+車位,臺南市仁德區文心路７６號十七樓之５,0.0,,,,1150211,土地0建物1車位1,十七層,24,住宅大樓(11層含以上有電梯),集合住宅,鋼筋混凝土構造,1100315,139.1,3,2,2,有,有,有,25000,185,坡道平面,17.45,2500,參加國家住宅及都市更新中心辦理社會住宅包租代管第五期計畫中央版租金總額含管理費；續租案件；,RPQOMLNLKHLGFID58CC,整棟(戶)出租,有,1150301~1160228,有,冷氣、熱水器、洗衣機、冰箱,社會住宅代管
永康區,租賃房屋,臺南市永康區大橋一街１５３號６樓,0.0,,,,1150215,土地0建物1車位0,六層,6,華廈(10層含以下有電梯),住家用,鋼筋混凝土造,0811109,106.36,3,2,2,有,有,有,19000,179,,0.0,0,多人共同承租3；租金總額含管理費；網路費；,RPPNMLNLKHLGFKD58CC,整棟(戶)出租,無,1150215~1160215,有,冷氣、熱水器、洗衣機、電視機、冰箱、網路,一般代管
永康區,租賃房屋,臺南市永康區安康里大橋一街５７之５號十樓之２８,0.0,,,,1150212,土地0建物1車位0,十層,14,住宅大樓(11層含以上有電梯),住家用,鋼筋混凝土造,0880824,31.0,1,0,1,有,有,有,7000,226,,0.0,0,台南市不動產租賃公會民間住宅包租代管第四期計畫。管理費500元由出租人負擔續租案件；,RPQNMLNLKHLGFKD68CC,獨立套房,有,1150303~1160228,有,冷氣、熱水器、洗衣機、電視機、冰箱,社會住宅代管
永康區,租賃房屋,臺南市永康區國華街１０２巷６３號四樓之１,0.0,,,,1150214,土地0建物1車位0,四層,11,住宅大樓(11層含以上有電梯),國民住宅,鋼筋混凝土造,0841111,117.36,3,2,2,有,有,有,17200,147,,0.0,0,參加國家住宅及都市更新中心辦理社會住宅包租代管第五期計畫中央版續租案件；,RPQOMLNLKHLGFKD78CC,整棟(戶)出租,有,1150215~1160214,有,冷氣、熱水器,社會住宅代管
永康區,租賃房屋,臺南市永康區中正路１巷２０弄２１號,0.0,,,,1150215,土地0建物1車位0,全,2,透天厝,住家用,加強磚造,0731003,117.03,4,2,2,有,無,無,20000,171,,0.0,0,承租方於二年期滿第三年始出租方可微調租金1000元-2000元視修繕狀況而定,RPPNMLNLKHLGFKD68DC,整棟(戶)出租,無,1150308~1200307,無,熱水器、瓦斯或天然氣,
中西區,租賃房屋,臺南市中西區西賢五街６５巷１１號,0.0,,,,1150224,土地0建物1車位0,全,2,透天厝,住家用,加強磚造,0740214,91.57,5,2,3,有,無,無,13500,147,,0.0,0,台南市社會住宅包租代管 第四期計畫 公會版；水、電費由承租人負擔。續租案件；,RPPNMLOLKHLGFAD67CC,整棟(戶)出租,無,1150301~1160228,無,熱水器,社會住宅代管
安平區,租賃房屋+車位,臺南市安平區國平北路１３７號二十七樓之６,0.0,,,,1150220,土地0建物1車位1,二十七層,34,住宅大樓(11層含以上有電梯),集合住宅,鋼骨鋼筋混凝土造、鋼筋混凝土造,1140415,107.96000000000001,2,2,1,有,有,有,18000,167,坡道平面,27.92,0,,RPQNMLOLKHLGFAD77CC,整棟(戶)出租,有,1150301~1160228,有,冷氣、熱水器、洗衣機、冰箱、瓦斯或天然氣、有線電視,
北區,租賃房屋,臺南市北區開元路４８５巷２４號九樓之５,0.0,,,,1150212,土地0建物1車位0,九層,12,住宅大樓(11層含以上有電梯),住家用,鋼筋混凝土造,0701228,56.18,1,1,1,有,有,無,7490,133,,0.0,0,1.租金已扣除租金含管理費510元。2.契約書未約定土地租賃標的。3.由所有權人提供租屋資訊。,RPRNMLOLKHLGFAD87CC,獨立套房,有,1150225~1160224,有,冷氣、熱水器,
北區,租賃房屋,臺南市北區公園路５９１號之４６五樓之９,0.0,,,,1150211,土地0建物1車位0,五層,13,住宅大樓(11層含以上有電梯),住家用,鋼筋混凝土造,0831015,75.33,2,2,1,有,有,有,12000,159,,0.0,0,參加國家住宅及都市更新中心辦理社會住宅包租代管增辦第四期計畫公會版租金總額含管理費；續租案件；,RPSNMLOLKHLGFAD97CC,整棟(戶)出租,有,1150303~1160302,有,冷氣、熱水器、洗衣機、電視機、冰箱,社會住宅代管
北區,租賃房屋,臺南市北區成功路３８８號２樓之７,0.0,,,,1150224,土地0建物1車位0,二層,12,住宅大樓(11層含以上有電梯),商業用,鋼筋混凝土造,0711012,46.97,1,1,1,有,有,有,14000,298,,0.0,0,租金總額含管理費；網路費；,RPVNMLOLKHLGFAD28CC,獨立套房,有,1150224~1160224,有,冷氣、熱水器、洗衣機、電視機、冰箱、網路,一般代管
安平區,租賃房屋,臺南市安平區平通路６８號,0.0,,,,1150212,土地0建物1車位0,全,6,透天厝,住商用,鋼筋混凝土造,0791228,39.41,4,2,4,有,無,有,7500,190,,0.0,0,租金總額含網路費；租賃建物部分範圍，且未計入共有部分面積；,RPWNMLOLKHLGFAD38CC,分層出租,無,1150225~1160224,無,冷氣、熱水器、洗衣機、電視機、冰箱、網路,
北區,租賃房屋,臺南市北區富北街１８號３樓之３,0.0,,,,1150211,土地0建物1車位0,三層,7,華廈(10層含以下有電梯),住家用,鋼筋混凝土造,0750722,34.550000000000004,1,1,1,有,有,有,6000,174,,0.0,0,參加國家住宅及都市更新中心辦理社會住宅包租代管第五期計畫中央版租金總額含管理費；,RPXNMLOLKHLGFAD48CC,獨立套房,有,1150301~1180228,有,冷氣、熱水器、洗衣機、電視機、冰箱,社會住宅包租轉租
北區,租賃房屋,臺南市北區和緯路四段９５巷３４號五樓,0.0,,,,1150211,土地0建物1車位0,五層,5,公寓(5樓含以下無電梯),住家用,鋼筋混凝土造,0701017,78.7,1,1,1,有,無,有,10800,137,,0.0,0,參加國家住宅及都市更新中心辦理社會住宅包租代管增辦第四期計畫公會版續租案件；,RPROMLOLKHLGFAD97CC,獨立套房,無,1150320~1160319,無,冷氣、熱水器,社會住宅代管
中西區,租賃房屋,臺南市中西區府前二街７０號四樓之９,0.0,,,,1150212,土地0建物1車位0,四層,6,華廈(10層含以下有電梯),住家用,鋼筋混凝土造,0800119,22.18,1,1,1,有,有,有,7000,316,,0.0,0,參加國家住宅及都市更新中心辦理社會住宅包租代管增辦第四期計畫公會版續租案件；,RPTOMLOLKHLGFAD18CC,獨立套房,有,1150301~1160228,有,冷氣、熱水器、電視機、冰箱,社會住宅代管
中西區,租賃房屋,臺南市中西區信義街１０８巷４３號２樓之１,0.0,,,,1150213,土地0建物1車位0,二層,6,華廈(10層含以下有電梯),住家用,鋼筋混凝土造,0820327,25.28,1,1,1,有,有,有,8800,348,,0.0,0,參加國家住宅及都市更新中心辦理社會住宅包租代管增辦第四期計畫公會版租金總額含水費；網路費；續租案件；,RPVOMLOLKHLGFAD38CC,獨立套房,無,1150320~1160319,有,冷氣、熱水器、洗衣機、電視機、冰箱、網路,社會住宅代管
安南區,租賃房屋,臺南市安南區安中二街２３號十三樓之６,0.0,,,,1150211,土地0建物1車位0,十三層,14,住宅大樓(11層含以上有電梯),集合住宅,鋼筋混凝土造,1140425,119.88,2,2,2,有,有,有,19000,158,,0.0,0,參加國家住宅及都市更新中心辦理社會住宅包租代管第5期計畫中央版租金總額含管理費；未租賃車位，建物登記含有車位面積；,RPQNMLOLKHLGFBD87CC,整棟(戶)出租,有,1150216~1180215,有,冷氣、熱水器、洗衣機、電視機、冰箱,社會住宅包租轉租
安南區,租賃房屋,臺南市安南區樂活二十二街６８號五樓之３,0.0,,,,1150214,土地0建物1車位0,五層,7,華廈(10層含以下有電梯),集合住宅,鋼筋混凝土造,1130705,126.99000000000001,3,2,2,有,有,有,19000,150,,0.0,0,台南市社會住宅包租代管第4期計畫。續租案件；,RPRNMLOLKHLGFBD97CC,整棟(戶)出租,有,1150301~1160228,有,冷氣、熱水器、洗衣機、電視機、冰箱,社會住宅代管
安南區,租賃房屋+車位,臺南市安南區樂活路２３６號五樓之２,0.0,,,,1150223,土地0建物1車位2,五層,6,華廈(10層含以下有電梯),集合住宅,鋼筋混凝土造,1101006,305.26,3,2,2,有,有,有,50000,164,坡道平面,43.02,0,,RPTNMLOLKHLGFBD18CC,整棟(戶)出租,有,1150301~1160228,有,冷氣、熱水器、電視機、冰箱、瓦斯或天然氣,
安南區,租賃房屋,臺南市安南區本淵路５７巷４０號,0.0,,,,1150213,土地0建物1車位0,全,2,透天厝,住家用,加強磚造,0761016,124.28,3,2,2,有,無,有,13000,105,,0.0,0,國家住宅及都市更新中心社會住宅包租代管中央版第五期計畫,RPVNMLOLKHLGFBD38CC,整棟(戶)出租,無,1150223~1160222,無,冷氣、熱水器、洗衣機、電視機、冰箱,社會住宅代管
安南區,租賃房屋+車位,臺南市安南區永續十八街３２號五樓,0.0,,,,1150211,土地0建物1車位1,五層,17,住宅大樓(11層含以上有電梯),集合住宅,鋼筋混凝土造,1110304,117.08,2,2,1,有,有,有,18700,178,其他,17.47,1000,參加國家住宅及都市更新中心辦理社會住宅包租代管第五期計畫中央版,RPWNMLOLKHLGFBD48CC,整棟(戶)出租,有,1150301~1160228,有,冷氣、熱水器,社會住宅代管
東區,租賃房屋,臺南市東區富農街一段１３８巷１６號,0.0,,,,1150212,土地0建物0車位0,全,3,透天厝,住家用,鋼筋混凝土造,0700620,25.0,8,1,8,有,無,有,9800,392,,0.0,0,租金總額含水費；網路費；含增建或未登記建物；,RPSNMLOLKHLGFCD18CC,分租套房,無,1150215~1160214,無,冷氣、熱水器、洗衣機、冰箱、網路,
南區,租賃房屋,臺南市南區新興路２６７巷２０號,0.0,,,,1150224,土地0建物0車位0,全,,透天厝,,,,18.51,8,0,8,有,無,有,4200,227,,0.0,0,租金總額含水費；其他第四台；,RPUNMLOLKHLGFCD38CC,分租套房,無,1150407~1160406,無,冷氣、熱水器、電視機、冰箱、有線電視,一般代管
東區,租賃房屋,臺南市東區中華東路二段１９７號１３樓之９,0.0,,,,1150213,土地0建物1車位0,十三層,20,住宅大樓(11層含以上有電梯),住家用,鋼筋混凝土造,0841106,90.38,2,1,1,有,有,有,13400,148,,0.0,0,參加國家住宅及都市更新中心辦理社會住宅包租代管第五期計畫中央版,RPXNMLOLKHLGFCD68CC,整棟(戶)出租,有,1150215~1160214,有,冷氣、熱水器、洗衣機、冰箱,社會住宅代管
東區,租賃房屋,臺南市東區中華東路二段１９７號四樓之９,0.0,,,,1150213,土地0建物1車位0,四層,20,住宅大樓(11層含以上有電梯),住家用,鋼筋混凝土造,0841106,77.76,2,2,1,有,有,有,15000,193,,0.0,0,國家住宅及都市更新中心社會住宅包租代管中央版第五期計畫多人共同承租2；,RPPOMLOLKHLGFCD97CC,整棟(戶)出租,有,1150215~1160214,有,冷氣、熱水器、洗衣機、電視機、冰箱、瓦斯或天然氣,社會住宅代管
東區,租賃房屋,臺南市東區中華東路一段２０１號,0.0,,,,1150212,土地0建物1車位0,見其他登記事項,4,店面(店鋪),住商用,鋼筋混凝土造,0750912,77.12,5,1,4,有,無,無,23000,298,,0.0,0,,RPSOMLOLKHLGFCD28CC,,無,1150401~1170401,無,冷氣,
新營區,租賃房屋,臺南市新營區長榮路二段２３號,0.0,,,,1150212,土地0建物1車位0,全,3,透天厝,住商用,鋼筋混凝土造,0780517,175.71,4,2,4,有,無,無,28000,159,,0.0,0,1.自民國1150212至民國1150314為裝修免租期。2.契約書未約定土地租賃標的。3.由所有權人提供租屋資訊。,RPPNMLOLKHLGFDD97CC,整棟(戶)出租,無,1150315~1200314,無,冷氣、熱水器,
麻豆區,租賃房屋+車位,臺南市麻豆區新生南路３３巷２２號４樓之７,0.0,,,,1150211,土地0建物1車位1,四層,5,華廈(10層含以下有電梯),集合住宅,鋼筋混凝土造,1130910,98.47,2,1,2,有,有,有,15000,152,一樓平面,0.0,1000,參加國家住宅及都市更新中心辦理社會住宅包租代管增辦第四期計畫公會版租金總額含管理費；續租案件；,RPPNMLOLKHLGFFD18CC,整棟(戶)出租,有,1150301~1160228,有,冷氣、熱水器、洗衣機、冰箱,社會住宅代管
善化區,租賃房屋,臺南市善化區六分寮１７號,0.0,,,,1150211,土地0建物1車位0,全,2,透天厝,住家用,加強磚造,0741016,64.31,3,2,2,有,無,有,9000,140,,0.0,0,台南市社會住宅包租代管公會版增辦第4期,RPSNMLOLKHLGFHD68CC,整棟(戶)出租,無,1150317~1170316,無,熱水器,社會住宅包租轉租
仁德區,租賃房屋+車位,臺南市仁德區文心路７６號１８樓之１１,0.0,,,,1150211,土地0建物1車位1,十八層,24,住宅大樓(11層含以上有電梯),集合住宅,鋼筋混凝土構造,1100315,105.07,2,2,1,有,有,有,19800,213,坡道平面,16.89,1000,參加國家住宅及都市更新中心辦理社會住宅包租代管增辦第四期計畫公會版租金總額含管理費；續租案件；,RPPNMLOLKHLGFID48CC,整棟(戶)出租,有,1150315~1160314,有,冷氣、熱水器、洗衣機、冰箱,社會住宅代管
仁德區,租賃房屋,臺南市仁德區保學路１２６號,0.0,,,,1150223,土地0建物0車位0,全,3,透天厝,住家用,鋼筋混凝土造,0960420,14.0,8,0,8,有,無,無,5000,357,,0.0,0,多人共同承租2；,RPQNMLOLKHLGFID58CC,分租套房,無,1150224~1150823,無,冷氣、冰箱,
仁德區,租賃房屋,臺南市仁德區文賢路二段１５巷１８弄１７號９樓之２,0.0,,,,1150223,土地0建物0車位0,九層,10,華廈(10層含以下有電梯),住家用,鋼筋混凝土造,0920910,18.18,5,2,5,有,無,有,12500,688,,0.0,0,文賢907房租金總額含水費；網路費；其他垃圾代收費；租賃建物部分範圍，且未計入共有部分面積；,RPUNMLOLKHLGFID98CC,分租套房,無,1150223~1160222,有,冷氣、熱水器、洗衣機、電視機、冰箱、網路,一般轉租
仁德區,租賃房屋,臺南市仁德區文賢路二段１５巷１８弄１７號１０樓之１,0.0,,,,1150223,土地0建物0車位0,十層,10,華廈(10層含以下有電梯),住家用,鋼筋混凝土造,0920910,14.88,5,2,5,有,無,有,7500,504,,0.0,0,文賢1005房租金總額含水費；網路費；其他垃圾代收費；租賃建物部分範圍，且未計入共有部分面積；,RPVNMLOLKHLGFID09CC,分租套房,無,1150228~1150827,有,冷氣、熱水器、洗衣機、電視機、冰箱、網路,一般轉租
仁德區,租賃房屋+車位,臺南市仁德區北保路６１號二樓之７,0.0,,,,1150220,土地0建物1車位1,二層,12,住宅大樓(11層含以上有電梯),集合住宅,鋼筋混凝土構造,1070628,115.13,2,1,1,有,有,有,20000,174,坡道平面,32.0,0,多人共同承租2；租金總額含管理費；續租案件；,RPWNMLOLKHLGFID56CC,整棟(戶)出租,有,1150220~1160219,有,冷氣、熱水器、洗衣機、電視機、冰箱、瓦斯或天然氣,一般代管
仁德區,租賃房屋,臺南市仁德區文賢路二段１５巷１８弄１７號１０樓之１,0.0,,,,1150224,土地0建物0車位0,十層,10,華廈(10層含以下有電梯),住家用,鋼筋混凝土造,0920910,18.18,5,2,5,有,無,有,11500,633,,0.0,0,文賢1002房租金總額含水費；網路費；其他垃圾代收費；租賃建物部分範圍，且未計入共有部分面積；,RPXNMLOLKHLGFID66CC,分租套房,無,1150224~1160223,有,冷氣、熱水器、洗衣機、電視機、冰箱、網路,一般轉租
永康區,租賃房屋,臺南市永康區大橋三街１９９巷１３號,0.0,,,,1150213,土地0建物1車位0,全,2,透天厝,住家用,加強磚造,0770719,106.11,4,2,3,有,無,無,20000,188,,0.0,0,1.契約書未約定土地租賃標的。2.由所有權人提供租屋資訊。多人共同承租2；含增建或未登記建物；,RPWNMLOLKHLGFKD76CC,整棟(戶)出租,無,1150302~1160301,無,熱水器,
永康區,租賃房屋,臺南市永康區中正南路５９２巷３２號,0.0,,,,1150223,土地0建物1車位0,全,2,透天厝,住商用,加強磚造,0690620,92.44,4,2,3,有,無,有,6000,65,,0.0,0,台南市社會住宅包租代管 第五期計畫 中央版；水、電費由承租人負擔。,RPOOMLOLKHLGFKD68CC,整棟(戶)出租,無,1150301~1160228,無,冷氣、熱水器,社會住宅代管
永康區,租賃房屋,臺南市永康區復華三街９０巷１２號十樓之１,0.0,,,,1150212,土地0建物1車位0,十層,17,住宅大樓(11層含以上有電梯),住家用,鋼筋混凝土造,0831108,87.31,2,2,2,有,有,有,12000,137,,0.0,0,參加國家住宅及都市更新中心辦理社會住宅包租代管增辦第四期計畫公會版多人共同承租2；續租案件；,RPQOMLOLKHLGFKD88CC,整棟(戶)出租,有,1150301~1160228,有,冷氣、熱水器、洗衣機、電視機、冰箱,社會住宅代管
中西區,租賃房屋,臺南市中西區友愛街３６３號十一樓之１１,0.0,,,,1150214,土地0建物1車位0,十一層,11,住宅大樓(11層含以上有電梯),住家用,鋼筋混凝土造,0851127,33.480000000000004,1,0,1,有,有,有,7500,224,,0.0,0,,RPPNMLPLKHLGFAD77CC,獨立套房,有,1150215~1160214,有,冷氣、熱水器、洗衣機、電視機、冰箱,
北區,租賃房屋,臺南市北區育德路４２１號,0.0,,,,1150223,土地0建物0車位0,全,4,透天厝,住宅、停車空間、店舖,ＲＣ造,0930705,20.8,5,3,8,有,無,有,6000,288,,0.0,0,租金總額含水費；,RPRNMLPLKHLGFAD97CC,分租套房,無,1150301~1160228,無,冷氣、熱水器、洗衣機,
北區,租賃房屋,臺南市北區成功路４３６之４號,0.0,,,,1150213,土地0建物1車位0,五層,7,華廈(10層含以下有電梯),住家用,鋼筋混凝土造,0730221,132.07999999999998,3,1,3,有,無,無,28000,212,,0.0,0,多人共同承租2；,RPSNMLPLKHLGFAD08CC,整棟(戶)出租,無,1150301~1160228,有,冷氣、熱水器、洗衣機、瓦斯或天然氣,
安平區,租賃房屋+車位,臺南市安平區永華路二段６５１號三樓之９,0.0,,,,1150223,土地0建物1車位1,三層,22,住宅大樓(11層含以上有電梯),集合住宅,鋼筋混凝土造,1121108,135.62,3,1,2,有,有,有,26200,212,坡道平面,25.96,3000,台南市社會住宅包租代管 第五期計劃 中央版，水、電、瓦斯、網路費 由承租人負擔，管理費1650元、汽車位管理費150元不包含在租金由承租人負擔。,RPTNMLPLKHLGFAD18CC,整棟(戶)出租,有,1150301~1160228,有,冷氣、熱水器、洗衣機、電視機、冰箱,社會住宅代管
中西區,租賃房屋,臺南市中西區武英街６巷１號,0.0,,,,1150214,土地0建物1車位0,全,1,透天厝,住家用,加強磚造,0540430,42.0,3,2,1,有,無,有,15500,369,,0.0,0,租金總額含網路費；,RPUNMLPLKHLGFAD28CC,整棟(戶)出租,無,1150223~1160222,無,冷氣、熱水器、洗衣機、電視機、冰箱、瓦斯或天然氣、有線電視、網路,
安平區,租賃房屋,臺南市安平區府前三街１２９號五樓之８,0.0,,,,1150225,土地0建物1車位0,五層,7,華廈(10層含以下有電梯),住家用,鋼筋混凝土造,0850106,49.8,2,1,1,有,有,有,8000,161,,0.0,0,台南市社會住宅包租代管 第四期計畫 公會版；水、電費由承租人負擔，管理費600元不包含在租金由承租人負擔。,RPVNMLPLKHLGFAD38CC,整棟(戶)出租,有,1150301~1160228,有,冷氣、熱水器、洗衣機、電視機、冰箱,社會住宅代管
中西區,租賃房屋,臺南市中西區樹林街二段２１３號,0.0,,,,1150221,土地0建物1車位0,一層,4,店面(店鋪),住商用,鋼筋混凝土造,0780223,33.06,4,2,3,有,無,無,28000,847,,0.0,0,1.契約書未約定土地租賃標的。2.承租人承租空間不包含一樓儲藏室。租金總額含水費；租賃期間有約定不同租金出租人優待承租人民國115年3月15日至民國117年3月14日每月租金為26000元。；,RPWNMLPLKHLGFAD48CC,,無,1150315~1200314,無,冷氣,
安南區,租賃房屋,臺南市安南區安和路五段１３７號,0.0,,,,1150213,土地0建物1車位0,一層,2,店面(店鋪),住商用,鋼筋混凝土造,0771010,64.2,4,2,5,有,無,無,23000,358,,0.0,0,,RPQNMLPLKHLGFBD97CC,,無,1150315~1180314,無,,
安南區,租賃房屋,臺南市安南區安中路一段２３３號三樓之２,0.0,,,,1150213,土地0建物1車位0,三層,10,華廈(10層含以下有電梯),集合住宅,鋼筋混凝土造,1100527,84.52,2,1,1,有,有,有,15014,178,,0.0,0,台南市不動產租賃公會民間住宅包租代管第5期計畫之物件。管理費1986元由出租人負擔。,RPRNMLPLKHLGFBD08CC,整棟(戶)出租,有,1150223~1160222,有,冷氣、熱水器、洗衣機、電視機、冰箱,社會住宅包租轉租
安南區,租賃房屋+車位,臺南市安南區智安三街８８號十三樓之３,0.0,,,,1150212,土地0建物1車位1,十三層,13,住宅大樓(11層含以上有電梯),集合住宅,鋼筋混凝土造,1140310,121.25,2,1,1,有,有,有,15500,128,坡道平面,29.85,0,台南市不動產租賃公會民間住宅包租代管第5期計畫之物件。,RPSNMLPLKHLGFBD18CC,整棟(戶)出租,有,1150225~1160224,有,冷氣、熱水器、洗衣機、冰箱,社會住宅包租轉租
安南區,租賃房屋+車位,臺南市安南區溪東一街２３號十樓,0.0,,,,1150212,土地0建物1車位1,十層,13,住宅大樓(11層含以上有電梯),集合住宅,鋼筋混凝土造,1101103,120.41,2,2,2,有,有,有,15973,133,坡道平面,24.69,0,台南市不動產租賃公會民間住宅包租代管第5期計畫之物件。管理費2027元由出租人負擔。,RPTNMLPLKHLGFBD28CC,整棟(戶)出租,有,1150223~1160222,有,冷氣、熱水器、洗衣機、電視機、冰箱、瓦斯或天然氣,社會住宅包租轉租
南區,租賃房屋,臺南市南區中華南路一段４０號,0.0,,,,1150224,土地0建物1車位0,一層,3,店面(店鋪),住商用,鋼筋混凝土造,0771028,58.06,0,1,1,有,無,無,18000,310,,0.0,0,租金總額含稅；,RPPNMLPLKHLGFCD97CC,,無,1150315~1180314,無,,
南區,租賃房屋,臺南市南區中華南路一段４０號,0.0,,,,1150224,土地0建物1車位0,全,3,透天厝,住商用,鋼筋混凝土造,0771028,111.78,4,1,2,有,無,有,12000,107,,0.0,0,,RPQNMLPLKHLGFCD08CC,分層出租,無,1150315~1180314,無,冷氣、熱水器、洗衣機、冰箱、瓦斯或天然氣,
東區,租賃房屋,臺南市東區東寧路５５８號,0.0,,,,1150211,土地0建物1車位0,見其他登記事項,14,店面(店鋪),住商用,鋼筋混凝土造,0840325,204.92,2,2,3,有,有,無,22800,111,,0.0,0,115.03.01~115.04.30不收房租為裝潢期。含增建或未登記建物；未租賃車位，建物登記含有車位面積；,RPRNMLPLKHLGFCD18CC,,有,1150301~1190430,有,冷氣,
南區,租賃房屋,臺南市南區萬年七街１６５號六樓之７,0.0,,,,1150223,土地0建物1車位0,六層,15,住宅大樓(11層含以上有電梯),集合住宅,鋼筋混凝土構造,1070619,108.94,1,1,1,有,有,有,21000,193,,0.0,0,國家住宅及都市更新中心社會住宅包租代管中央版第五期計畫租金總額含管理費；未租賃車位，建物登記含有車位面積；,RPUNMLPLKHLGFCD48CC,獨立套房,有,1150225~1160224,有,冷氣、熱水器、洗衣機、電視機、冰箱,社會住宅代管
南區,租賃房屋+車位,臺南市南區新建路４９巷５號十二樓之１,0.0,,,,1150224,土地0建物1車位1,十二層,12,住宅大樓(11層含以上有電梯),集合住宅,鋼筋混凝土造,0850629,191.07,4,1,2,有,有,有,22000,115,坡道平面,0.0,0,多人共同承租2；租金總額含管理費；,RPVNMLPLKHLGFCD58CC,整棟(戶)出租,無,1150305~1160304,有,冷氣、熱水器、瓦斯或天然氣,
東區,租賃房屋,臺南市東區中華東路二段１６７號２樓之２２,0.0,,,,1150212,土地0建物1車位0,二層,14,住宅大樓(11層含以上有電梯),住家用,鋼筋混凝土造,0970229,41.56,1,1,1,有,有,有,10000,241,,0.0,0,租金總額含管理費；,RPXNMLPLKHLGFCD78CC,獨立套房,有,1150212~1160214,有,冷氣、熱水器、洗衣機、電視機、冰箱,一般代管
東區,租賃房屋,臺南市東區崇明２４街８０號３樓之３０,0.0,,,,1150213,土地0建物1車位0,三層,6,華廈(10層含以下有電梯),集合住宅,鋼筋混凝土構造,1110601,34.76,1,0,1,有,有,有,11500,331,,0.0,0,管理費:1100元水費:200元,RPOOMLPLKHLGFCD97CC,獨立套房,有,1150220~1160219,有,冷氣、熱水器、洗衣機、電視機、冰箱、網路,一般轉租
東區,租賃房屋,臺南市東區崇明２４街８０號３樓之２３,0.0,,,,1150223,土地0建物1車位0,三層,6,華廈(10層含以下有電梯),集合住宅,鋼筋混凝土構造,1110601,34.76,1,0,1,有,有,有,11500,331,,0.0,0,管理費:1100元水費:200元,RPPOMLPLKHLGFCD08CC,獨立套房,有,1150301~1160228,有,冷氣、熱水器、洗衣機、電視機、冰箱、網路,一般轉租
東區,租賃房屋,臺南市東區育樂街１８號,0.0,,,,1150213,土地0建物1車位0,全,3,透天厝,住商用,鋼筋混凝土造,0660923,45.83,3,3,3,有,無,無,33000,720,,0.0,0,,RPQOMLPLKHLGFCD18CC,,無,1150315~1180314,無,,
南區,租賃房屋,臺南市南區中華南路二段３１５巷３弄１１號三樓,0.0,,,,1150211,土地0建物1車位0,三層,5,公寓(5樓含以下無電梯),集合住宅,鋼筋混凝土造,0710528,91.78999999999999,3,2,2,有,無,有,16000,174,,0.0,0,多人共同承租2；,RPROMLPLKHLGFCD28CC,整棟(戶)出租,無,1150212~1160211,無,冷氣、熱水器、洗衣機、電視機、冰箱,社會住宅包租轉租
東區,租賃房屋,臺南市東區崇明２４街８０號２樓之３２,0.0,,,,1150224,土地0建物1車位0,二層,6,華廈(10層含以下有電梯),集合住宅,鋼筋混凝土構造,1110601,34.76,1,0,1,有,有,有,11500,331,,0.0,0,管理費:1100元水費:200元,RPTOMLPLKHLGFCD48CC,獨立套房,有,1150301~1160228,有,冷氣、熱水器、洗衣機、電視機、冰箱、網路,一般轉租
東區,租賃房屋,臺南市東區崇明２４街８０號５樓之２５,0.0,,,,1150223,土地0建物1車位0,五層,6,華廈(10層含以下有電梯),集合住宅,鋼筋混凝土構造,1110601,34.76,1,0,1,有,有,有,11500,331,,0.0,0,管理費:1100元水費:200元,RPVOMLPLKHLGFCD68CC,獨立套房,有,1150301~1160228,有,冷氣、熱水器、洗衣機、電視機、冰箱、網路,一般轉租
東區,租賃房屋,臺南市東區崇元一街１０號八樓之８,0.0,,,,1150212,土地0建物1車位0,八層,14,住宅大樓(11層含以上有電梯),集合住宅,鋼筋混凝土構造、鋼骨造,1120329,68.86,2,1,1,有,有,有,16350,237,,0.0,0,台南市不動產租賃公會民間住宅包租代管第5期計畫之物件。管理費1650元由出租人負擔。,RPWOMLPLKHLGFCD78CC,整棟(戶)出租,有,1150215~1160214,有,冷氣、熱水器、洗衣機、冰箱,社會住宅代管
東區,租賃房屋,臺南市東區崇學路１３９之４號,0.0,,,,1150212,土地0建物1車位0,見其他登記事項,4,店面(店鋪),住商用,鋼筋混凝土造,0721114,132.06,8,4,5,有,無,無,38000,288,,0.0,0,,RPPPMLPLKHLGFCD18CC,,無,1150415~1200414,無,,
鹽水區,租賃房屋,臺南市鹽水區岸內里６鄰岸內１２之１２號,0.0,,,,1150224,土地0建物1車位0,見其他登記事項,1,工廠,工場（廠）,鋼骨造有牆,1131017,167.12,0,0,0,無,無,無,40000,,,0.0,0,,RPPNMLPLKHLGFDD08CC,,無,1150224~1200223,無,,
善化區,租賃房屋,臺南市善化區牛庄５５０號,0.0,,,,1150224,土地0建物0車位0,全,4,透天厝,住家用,鋼筋混凝土造,1041015,23.14,7,0,7,有,無,有,9400,406,,0.0,0,多人共同承租2；租金總額含網路費；,RPPNMLPLKHLGFHD48CC,分租套房,無,1150301~1160228,無,冷氣、熱水器、洗衣機、電視機、網路,一般代管
新市區,租賃房屋,臺南市新市區仁愛街１４７號,0.0,,,,1150224,土地0建物1車位0,全,3,透天厝,住商用,鋼筋混凝土造,0700722,159.92,6,2,2,有,無,有,18000,113,,0.0,0,1.契約書未約定土地租賃標的。2.由所有權人提供出租資訊。,RPQNMLPLKHLGFHD58CC,分層出租,無,1150301~1160228,無,冷氣、熱水器、冰箱,
善化區,租賃房屋,臺南市善化區中華路１７號,0.0,,,,1150223,土地0建物0車位0,全,4,透天厝,店舖，住宅，梯廳，車庫，梯間，機械室,鋼筋混凝土造,0941220,19.83,30,0,30,有,無,有,8000,403,,0.0,0,多人共同承租2；其他清潔費；,RPRNMLPLKHLGFHD68CC,分租套房,無,1150301~1160228,有,冷氣、熱水器、洗衣機、電視機、冰箱、網路,一般轉租
新市區,租賃房屋,臺南市新市區成功街２巷３號,0.0,,,,1150212,土地0建物1車位0,全,4,透天厝,住家用,鋼筋混凝土造,0811231,199.6,5,2,4,有,無,有,30000,150,,0.0,0,1.契約書未約定土地租賃標的。2.承租人承租做辦公及宿舍使用。3.租賃契約書記載每月租金含稅為34134元，出租人實收租金為30000元。,RPSNMLPLKHLGFHD78CC,,無,1150310~1180309,無,冷氣、熱水器、洗衣機、電視機,
新市區,租賃房屋,臺南市新市區信義街１７巷９號,0.0,,,,1150224,土地0建物0車位0,全,4,透天厝,住宅、停車空間,鋼筋混凝土造,1031007,20.15,8,0,8,有,無,有,6500,323,,0.0,0,續租案件；,RPTNMLPLKHLGFHD88CC,分租套房,無,1150225~1150824,無,冷氣、熱水器、洗衣機、電視機、冰箱,一般代管
仁德區,租賃房屋,臺南市仁德區中正路二段３１６號,0.0,,,,1150213,土地0建物1車位0,見其他登記事項,2,店面(店鋪),住家用,加強磚造,039,142.36,0,2,2,有,無,無,41850,294,,0.0,0,租金已扣除出租方每月補貼承租方水費150元。租金總額含稅；租賃期間有約定不同租金115/03/01-115/05/31:每月新台幣34134元整，115/06/01-116/05/31:每月新台幣42000元整，116/06/01-118/05/31:每月新台幣46000元整，118/06/01-125/05/31:每月新台幣50000元整。；,RPPNMLPLKHLGFID58CC,,無,1150301~1250531,無,,
永康區,租賃房屋,臺南市永康區大橋一街２１０號四樓之６,0.0,,,,1150222,土地0建物1車位0,四層,9,華廈(10層含以下有電梯),住家用,鋼筋混凝土造,0850215,81.42,2,1,2,有,有,有,15000,184,,0.0,0,1.契約書未約定土地租賃標的。2.由所有權人提供租屋資訊。租金總額含管理費；,RPPNMLPLKHLGFKD78CC,整棟(戶)出租,有,1150301~1160228,有,冷氣、熱水器、洗衣機、電視機、冰箱、瓦斯或天然氣,
永康區,租賃房屋+車位,臺南市永康區復華八街４７巷４１號三樓之５,0.0,,,,1150223,土地0建物1車位1,三層,6,華廈(10層含以下有電梯),住家用,鋼筋混凝土造,0850426,81.96000000000001,3,2,2,有,有,有,14800,181,坡道平面,0.0,0,1.契約書未約定土地租賃標的。2.由所有權人提供出租資訊。租金總額含管理費；續租案件；,RPQNMLPLKHLGFKD88CC,整棟(戶)出租,有,1150225~1150824,有,冷氣、熱水器、洗衣機、電視機、瓦斯或天然氣,一般代管
永康區,租賃房屋,臺南市永康區勝學路２６９巷２號三樓之７,0.0,,,,1150211,土地0建物1車位0,三層,7,華廈(10層含以下有電梯),住家用,鋼筋混凝土造,0880426,23.14,1,1,1,有,有,有,7500,324,,0.0,0,參加國家住宅及都市更新中心辦理社會住宅包租代管第五期計畫中央版,RPRNMLPLKHLGFKD98CC,獨立套房,無,1150220~1160219,有,冷氣、熱水器、洗衣機、電視機、冰箱,社會住宅代管
永康區,租賃房屋,臺南市永康區東橋一路１５６號,0.0,,,,1150211,土地0建物0車位0,全,4,透天厝,住商用,鋼筋混凝土造,0970114,19.83,5,1,6,有,無,有,6000,303,,0.0,0,1.契約書未約定土地租賃標的。2.民國115年2月11日至民國115年2月28日為出租人優惠承租人過年搬遷期。,RPSNMLPLKHLGFKD09CC,分租套房,無,1150211~1160228,無,冷氣、熱水器、洗衣機、電視機,
永康區,租賃房屋,臺南市永康區仁愛街１０８巷７１弄１２號,0.0,,,,1150224,土地0建物0車位0,全,4,透天厝,住家用,鋼筋混凝土構造,1020925,23.14,10,0,10,有,無,有,7100,307,,0.0,0,租金總額含網路費；續租案件；,RPUNMLPLKHLGFKD66CC,分租套房,無,1150309~1160308,無,冷氣、熱水器、洗衣機、電視機、冰箱、有線電視、網路,一般代管
安平區,租賃房屋,臺南市安平區健康三街２２５號二樓之５,0.0,,,,1150225,土地0建物1車位0,二層,8,華廈(10層含以下有電梯),住家用,鋼筋混凝土造,0830603,71.16,2,1,1,有,有,有,12000,169,,0.0,0,1.自民國1150225至1150314日止為搬遷免租期。2.契約書未約定土地租賃標的。3.由所有權人提供租屋資訊。,RPPNMLQLKHLGFAD87CC,整棟(戶)出租,有,1150315~1170314,有,冷氣、熱水器、洗衣機、電視機、冰箱、瓦斯或天然氣,
安平區,租賃房屋+車位,臺南市安平區國平北路１３７號１８樓-１１,0.0,,,,1150215,土地0建物1車位1,十八層,34,住宅大樓(11層含以上有電梯),集合住宅,鋼骨鋼筋混凝土造、鋼筋混凝土造,1140415,89.1,2,2,1,有,有,有,25000,281,坡道機械,12.5,0,租金總額含管理費；,RPRNMLQLKHLGFAD08CC,整棟(戶)出租,有,1150215~1160214,有,冷氣、熱水器、洗衣機、電視機、冰箱,
北區,租賃房屋,臺南市北區長榮路五段１５１巷８號,0.0,,,,1150223,土地0建物1車位0,全,2,透天厝,住家用,加強磚造,0600301,89.83,2,1,2,有,無,無,13000,145,,0.0,0,台南市政府包租代管第4期計畫之物件。續租案件；,RPUNMLQLKHLGFAD38CC,整棟(戶)出租,無,1150223~1160222,無,熱水器,社會住宅包租轉租
中西區,租賃房屋,臺南市中西區健康路一段２０４號,0.0,,,,1150224,土地0建物0車位0,全,5,透天厝,商業用,鋼筋混凝土造,0710223,23.14,13,2,13,有,無,有,6000,259,,0.0,0,租金總額含網路費；續租案件；,RPVNMLQLKHLGFAD48CC,分租套房,無,1150301~1160228,無,冷氣、熱水器、洗衣機、電視機、冰箱、網路,一般代管
安平區,租賃房屋,臺南市安平區健康一街１５號,0.0,,,,1150226,土地0建物0車位0,全,5,透天厝,住商用,鋼筋混凝土造,0831228,26.45,9,2,10,有,無,有,7800,295,,0.0,0,1.契約書未約定土地租賃標的。2.由所有權人提供租屋資訊。3.租賃建物部分範圍。,RPWNMLQLKHLGFAD58CC,分租套房,無,1150301~1160228,無,冷氣、熱水器、洗衣機、冰箱、網路,
安平區,租賃房屋,臺南市安平區建平十七街１６５號六樓之７,0.0,,,,1150223,土地0建物1車位0,六層,12,住宅大樓(11層含以上有電梯),住家用,鋼筋混凝土造,0841121,25.45,1,0,1,有,有,有,3920,154,,0.0,0,台南市不動產租賃公會民間住宅包租代管第5期計畫之物件。管理費每月580元由出租人負擔。,RPXNMLQLKHLGFAD68CC,獨立套房,有,1150225~1160224,有,冷氣、熱水器、洗衣機、電視機、冰箱、瓦斯或天然氣,社會住宅包租轉租
北區,租賃房屋,臺南市北區公園南路３６５號二樓之２,0.0,,,,1150223,土地0建物1車位0,二層,14,住宅大樓(11層含以上有電梯),集合住宅,鋼筋混凝土構造,0960824,29.54,1,0,1,有,有,有,8964,303,,0.0,0,租金已扣除管理費536元,RPPOMLQLKHLGFAD97CC,獨立套房,有,1150223~1160222,有,冷氣、熱水器、洗衣機、冰箱,
北區,租賃房屋,臺南市北區和緯路四段１１７巷３２號,0.0,,,,1150225,土地0建物0車位0,全,3,透天厝,住商用,鋼筋混凝土造,0700910,18.4,8,1,8,有,無,有,7000,380,,0.0,0,租金總額含水費；網路費；含增建或未登記建物；續租案件；,RPXOMLQLKHLGFAD78CC,分租套房,無,1150225~1160224,無,冷氣、熱水器、洗衣機、電視機、冰箱、網路,一般代管
安平區,租賃房屋,臺南市安平區健康三街１８７巷３９號４０５室,0.0,,,,1150223,土地0建物0車位0,全,5,透天厝,住宅、停車空間,鋼筋混凝土構造,1110831,25.93,18,0,19,有,無,有,9900,382,,0.0,0,多人共同承租2；,RPTPMLQLKHLGFAD48CC,分租套房,無,1150301~1160228,有,冷氣、熱水器、洗衣機、電視機、冰箱、有線電視、網路,
安平區,租賃房屋,臺南市安平區健康三街１８７巷３９號,0.0,,,,1150213,土地0建物0車位0,全,5,透天厝,住宅、停車空間,鋼筋混凝土構造,1110831,25.93,18,0,19,有,無,有,9900,382,,0.0,0,,RPUPMLQLKHLGFAD58CC,分租套房,無,1150225~1160224,有,冷氣、熱水器、洗衣機、電視機、冰箱、有線電視、網路,
安平區,租賃房屋+車位,臺南市安平區永華路二段６５１號十九樓之３,0.0,,,,1150224,土地0建物1車位1,十九層,22,住宅大樓(11層含以上有電梯),集合住宅,鋼筋混凝土造,1121108,94.0,2,1,2,有,有,有,22000,265,坡道機械,18.54,2000,台南市社會住宅包租代管 第五期計劃 中央版，水、電、瓦斯、網路費 由承租人負擔。管理費1350元、汽車位管理費150元不包含在租金由承租人負擔。,RPWPMLQLKHLGFAD78CC,整棟(戶)出租,有,1150301~1160228,有,冷氣、熱水器、洗衣機、電視機、冰箱,社會住宅代管
安南區,租賃房屋,臺南市安南區安吉路一段２３０號,0.0,,,,1150213,土地0建物1車位0,一層,1,店面(店鋪),店舖,鋼骨構造,1110729,83.93,0,1,0,有,無,無,32000,381,,0.0,0,,RPQNMLQLKHLGFBD08CC,,無,1150401~1170331,無,冷氣,
安南區,租賃房屋,臺南市安南區府安路六段７巷３９號,0.0,,,,1150213,土地0建物0車位0,全,2,透天厝,住家用,加強磚造,0690206,25.92,6,1,7,有,無,有,5500,212,,0.0,0,租金總額含水費；網路費；含增建或未登記建物；,RPSNMLQLKHLGFBD28CC,分租套房,無,1150213~1160212,無,冷氣、冰箱、網路,一般代管
安南區,租賃房屋,臺南市安南區公學路五段３６３巷３６弄１０號,0.0,,,,1150211,土地0建物1車位0,全,3,透天厝,住家用,鋼筋混凝土造,1090728,150.13,5,2,3,有,無,有,23000,153,,0.0,0,台南市社會住宅包租代管第5期計畫公會版租金依照租金水準區間表評定,RPWNMLQLKHLGFBD68CC,整棟(戶)出租,無,1150305~1180304,無,冷氣、熱水器、洗衣機,社會住宅包租轉租
東區,租賃房屋,臺南市東區大同路二段６０３號九樓之４,0.0,,,,1150223,土地0建物1車位0,九層,24,住宅大樓(11層含以上有電梯),住家用,鋼筋混凝土造,0840107,96.46000000000001,3,1,2,有,有,有,17000,176,,0.0,0,台南市政府包租代管第4期計畫之物件。續租案件；,RPPNMLQLKHLGFCD08CC,整棟(戶)出租,有,1150304~1160114,有,冷氣、熱水器、洗衣機、電視機、冰箱、瓦斯或天然氣,社會住宅包租轉租
東區,租賃房屋,臺南市東區中華東路三段６０號四樓,0.0,,,,1150223,土地0建物1車位0,四層,18,住宅大樓(11層含以上有電梯),住家用,鋼筋混凝土造,0850209,114.74000000000001,4,1,2,有,有,有,17000,148,,0.0,0,台南市政府包租代管第4期計畫之物件。續租案件；,RPRNMLQLKHLGFCD28CC,整棟(戶)出租,有,1150225~1160224,有,冷氣、熱水器、冰箱、瓦斯或天然氣,社會住宅包租轉租
南區,租賃房屋,臺南市南區大成路二段８１巷５４號五樓,0.0,,,,1150223,土地0建物1車位0,五層,5,公寓(5樓含以下無電梯),住家用,鋼筋混凝土造,0750131,105.5,3,2,2,有,無,無,9000,85,,0.0,0,台南市不動產租賃公會民間住宅包租代管第5期計畫之物件。,RPTNMLQLKHLGFCD48CC,整棟(戶)出租,無,1150225~1160224,無,熱水器、瓦斯或天然氣,社會住宅包租轉租
東區,租賃房屋,臺南市東區崇賢一路２８號十三樓之５,0.0,,,,1150214,土地0建物1車位0,十三層,15,住宅大樓(11層含以上有電梯),集合住宅,鋼筋混凝土造,1140124,102.84,2,2,2,有,有,有,20400,198,,0.0,0,此為國家住宅及都市更新中心社會住宅包租代管第5期計畫。,RPUNMLQLKHLGFCD58CC,整棟(戶)出租,有,1150224~1160223,有,冷氣、熱水器、洗衣機、電視機、冰箱,社會住宅代管
東區,租賃房屋,臺南市東區民族路一段１８巷１０號,0.0,,,,1150226,土地0建物0車位0,一層,4,公寓(5樓含以下無電梯),住家用,鋼筋混凝土造,0680324,12.0,2,1,2,有,無,有,6000,500,,0.0,0,多人共同承租2；租金總額含水費；網路費；含增建或未登記建物；租賃建物部分範圍，且未計入共有部分面積；續租案件；,RPSOMLQLKHLGFCD48CC,分租套房,無,1150226~1160226,無,冷氣、熱水器、電視機、冰箱、網路,一般轉租
佳里區,租賃房屋,臺南市佳里區佳安西路５巷２號,0.0,,,,1150225,土地0建物1車位0,全,3,透天厝,住家用,鋼筋混凝土造,0880917,186.39,4,2,3,有,有,有,16000,86,,0.0,0,參加國家住宅及都市中心辦理社會住宅包租代管第五期計劃中央版,RPQNMLQLKHLGFGD58CC,整棟(戶)出租,有,1150301~1160228,無,熱水器,社會住宅代管
學甲區,租賃房屋,臺南市學甲區明宜里１５鄰重信路１號十一樓之６,0.0,,,,1150225,土地0建物1車位0,十一層,12,住宅大樓(11層含以上有電梯),住家用,鋼筋混凝土造,0840622,93.00999999999999,3,2,2,有,有,有,9200,99,,0.0,0,參加國家住宅及都市中心辦理社會住宅包租代管第五期計劃中央版租金總額含管理費；續租案件；,RPRNMLQLKHLGFGD68CC,整棟(戶)出租,有,1150225~1160224,有,冷氣、熱水器、洗衣機、電視機、冰箱,社會住宅代管
新化區,租賃房屋,臺南市新化區新和庄１０號,0.0,,,,1150226,土地0建物1車位0,見其他登記事項,1,工廠,廠房雨棚,鋼造,0660501,2622.0,0,0,0,無,無,無,650000,,,0.0,0,含增建或未登記建物；租賃期間有約定不同租金租金:115年6月01日至120年05月31日每月租金新台幣65萬整租金:11年6月01日至120年05月31日每月租金新台幣70萬整；,RPPNMLQLKHLGFHD58CC,,無,1150601~1250531,無,,
歸仁區,租賃房屋+車位,臺南市歸仁區歸仁七路２２６號三樓之６,0.0,,,,1150223,土地0建物1車位1,三層,15,住宅大樓(11層含以上有電梯),集合住宅,鋼筋混凝土造,1121208,105.19,2,2,1,有,有,無,16010,170,坡道平面,25.79,2500,台南市社會住宅包租代管 第五期計畫 中央版；水、電、瓦斯費由承租人負擔，租金已扣除管理費1490元。,RPQNMLQLKHLGFID78CC,整棟(戶)出租,有,1150301~1170229,有,冷氣、熱水器、洗衣機、冰箱、瓦斯或天然氣,社會住宅代管
仁德區,租賃房屋,臺南市仁德區仁義里中清一街５０號六樓之１,0.0,,,,1150215,土地0建物1車位0,六層,13,住宅大樓(11層含以上有電梯),住家用,鋼筋混凝土造,0820602,124.67,3,2,2,有,有,有,16000,128,,0.0,0,此為國家住宅及都市更新中心社會住宅包租代管第5期計畫。,RPSNMLQLKHLGFID98CC,整棟(戶)出租,有,1150223~1160222,有,冷氣、熱水器、洗衣機、電視機、冰箱、瓦斯或天然氣,社會住宅代管
仁德區,租賃房屋+車位,臺南市仁德區文心路８０號二十三樓之１０,0.0,,,,1150211,土地0建物1車位1,二十三層,24,住宅大樓(11層含以上有電梯),集合住宅,鋼筋混凝土構造,1100315,137.57999999999998,3,2,2,有,有,有,22800,166,坡道平面,17.45,0,多人共同承租3；,RPTNMLQLKHLGFID09CC,整棟(戶)出租,有,1150223~1160222,有,冷氣、熱水器、洗衣機、電視機、冰箱,一般代管
仁德區,租賃房屋,臺南市仁德區中正西路３６０巷２０弄４１號四樓之１３,0.0,,,,1150211,土地0建物1車位0,四層,4,華廈(10層含以下有電梯),辦公室,鋼筋混凝土造,0960920,14.149999999999999,1,0,1,有,有,有,3000,212,,0.0,0,含增建或未登記建物；續租案件；,RPVNMLQLKHLGFID66CC,獨立套房,有,1150213~1150812,有,冷氣、熱水器、電視機、冰箱、網路,一般代管
永康區,租賃房屋,臺南市永康區三合里南工街２６７巷８０弄１８號五樓之１０,0.0,,,,1150213,土地0建物1車位0,五層,11,住宅大樓(11層含以上有電梯),住家用,鋼筋混凝土造,0860926,43.79,1,0,1,有,有,有,11350,259,,0.0,0,台南市不動產租賃公會民間住宅包租代管第四期計畫。管理費650元由出租人負擔續租案件；,RPPNMLQLKHLGFKD88CC,獨立套房,有,1150225~1160224,有,冷氣、熱水器、洗衣機、電視機、冰箱、瓦斯或天然氣,社會住宅代管
永康區,租賃房屋,臺南市永康區東橋五路１８２號九樓之７,0.0,,,,1150223,土地0建物1車位0,九層,15,住宅大樓(11層含以上有電梯),集合住宅,鋼筋混凝土構造,1120818,119.02,3,1,2,有,有,無,17400,146,,0.0,0,台南市政府包租代管第4期計畫之物件。管理費每月1600元由出租人負擔。續租案件；,RPRNMLQLKHLGFKD09CC,整棟(戶)出租,有,1150301~1160228,有,冷氣、熱水器、瓦斯或天然氣,社會住宅代管
永康區,租賃房屋,臺南市永康區大橋里中山南路２３１巷２弄２號,0.0,,,,1150223,土地0建物1車位0,全,2,透天厝,住家用,鋼筋混凝土造,0720830,114.52,3,2,3,有,無,有,20000,175,,0.0,0,1.契約書未約定土地租賃標的。續租案件；,RPSNMLQLKHLGFKD56CC,整棟(戶)出租,無,1150415~1160414,無,冷氣、熱水器、洗衣機,一般代管
永康區,租賃房屋+車位,臺南市永康區仁愛街５３巷１９號三樓之３,0.0,,,,1150223,土地0建物1車位1,三層,15,住宅大樓(11層含以上有電梯),集合住宅,鋼筋混凝土造,1140409,143.42000000000002,3,2,2,有,有,有,26000,181,坡道平面,31.94,0,租金總額含管理費；其他房屋稅、地價稅由出租人負擔；,RPOOMLQLKHLGFKD88CC,整棟(戶)出租,有,1150310~1160309,有,冷氣、熱水器、瓦斯或天然氣,
永康區,租賃房屋,臺南市永康區大灣路７６４巷５８號６樓之１５,0.0,,,,1150223,土地0建物1車位0,六層,6,華廈(10層含以下有電梯),辦公室,鋼筋混凝土造,0940708,18.009999999999998,1,0,1,有,有,有,4000,222,,0.0,0,含增建或未登記建物；,RPSOMLQLKHLGFKD66CC,獨立套房,有,1150224~1150823,有,冷氣、熱水器、電視機、冰箱、網路,一般代管
永康區,租賃房屋+車位,臺南市永康區東橋十街７５號６樓之５,0.0,,,,1150212,土地0建物1車位1,六層,18,住宅大樓(11層含以上有電梯),集合住宅,鋼筋混凝土造,1140605,109.61,2,2,1,有,有,有,25000,228,坡道平面,20.07,0,,RPTOMLQLKHLGFKD76CC,整棟(戶)出租,有,1150212~1160211,有,冷氣、熱水器、洗衣機、電視機、冰箱,
永康區,租賃房屋,臺南市永康區鹽州里鹽忠街１１８號７樓之１８,0.0,,,,1150213,土地0建物1車位0,七層,8,華廈(10層含以下有電梯),辦公室,鋼筋混凝土造,0950918,17.08,1,0,1,有,有,有,4300,252,,0.0,0,含增建或未登記建物；續租案件；,RPUOMLQLKHLGFKD86CC,獨立套房,有,1150401~1160331,有,冷氣、熱水器、電視機、冰箱、網路,一般代管
永康區,租賃房屋,臺南市永康區鹽州里鹽忠街１１８號８樓之５,0.0,,,,1150212,土地0建物1車位0,八層,8,華廈(10層含以下有電梯),辦公室,鋼筋混凝土造,0950918,17.08,1,0,1,有,有,有,4300,252,,0.0,0,含增建或未登記建物；續租案件；,RPWOMLQLKHLGFKD07CC,獨立套房,有,1150320~1160319,有,冷氣、熱水器、電視機、冰箱、網路,一般代管
永康區,租賃房屋,臺南市永康區尚頂里南台街１３巷３７號六樓之３,0.0,,,,1150222,土地0建物1車位0,六層,16,住宅大樓(11層含以上有電梯),住家用,鋼筋混凝土造,0840523,126.53999999999999,3,2,2,有,有,有,20000,158,,0.0,0,1.契約書未約定土地租賃標的2.由出租人提供租屋資訊多人共同承租2；租金總額含管理費；,RPRPMLQLKHLGFKD66CC,整棟(戶)出租,有,1150301~1160228,有,冷氣、熱水器、洗衣機、電視機、冰箱、瓦斯或天然氣,
中西區,租賃房屋,臺南市中西區友愛街３６３號六樓之１０,0.0,,,,1150220,土地0建物1車位0,六層,11,住宅大樓(11層含以上有電梯),住家用,鋼筋混凝土造,0851127,36.199999999999996,1,1,1,有,有,有,9000,249,,0.0,0,參加國家住宅及都市更新中心辦理社會住宅包租代管第5期計畫中央版,RPQNMLRLKHLGFAD08CC,獨立套房,有,1150220~1160219,有,冷氣、熱水器、洗衣機、電視機、冰箱,社會住宅代管
中西區,租賃房屋,臺南市中西區金華路三段２１８號十五樓之１９,0.0,,,,1150225,土地0建物1車位0,十五層,18,住宅大樓(11層含以上有電梯),住家用,鋼筋混凝土造,0840704,43.51,1,1,1,有,有,有,8500,195,,0.0,0,參加國家住宅及都市更新中心辦理社會住宅包租代管第5期計畫中央版,RPSNMLRLKHLGFAD28CC,獨立套房,有,1150225~1160224,有,冷氣、熱水器、洗衣機、電視機、冰箱,社會住宅代管
安平區,租賃房屋,臺南市安平區慶平路１６６號十樓之１,0.0,,,,1150223,土地0建物1車位0,十層,12,住宅大樓(11層含以上有電梯),住家用,鋼筋混凝土造,0850427,88.86,2,2,1,有,有,有,15000,169,,0.0,0,參加國家住宅及都市更新中心辦理社會住宅包租代管第5期計畫中央版,RPXNMLRLKHLGFAD78CC,整棟(戶)出租,有,1150301~1180228,有,冷氣、熱水器、洗衣機、電視機、冰箱,社會住宅包租轉租
安平區,租賃房屋,臺南市安平區育平路２１２號八樓之１８,0.0,,,,1150223,土地0建物1車位0,八層,17,住宅大樓(11層含以上有電梯),住家用,鋼筋混凝土造,0840729,116.28,3,2,2,有,有,有,18000,155,,0.0,0,參加國家住宅及都市更新中心辦理社會住宅包租代管第5期計畫中央版多人共同承租2；,RPOOMLRLKHLGFAD97CC,整棟(戶)出租,有,1150301~1180228,有,冷氣、熱水器、洗衣機、電視機,社會住宅包租轉租
北區,租賃房屋,臺南市北區公園路１２８號三樓之３４,0.0,,,,1150214,土地0建物1車位0,三層,8,華廈(10層含以下有電梯),住家用,鋼筋混凝土造,0700923,50.93,1,1,1,有,有,有,9500,187,,0.0,0,參加國家住宅及都市更新中心辦理社會住宅包租代管增辦第4期計畫公會版續租案件；,RPPOMLRLKHLGFAD08CC,獨立套房,有,1150215~1160214,有,冷氣、熱水器、洗衣機、電視機、冰箱,社會住宅代管
安南區,租賃房屋+車位,臺南市安南區新宅一街８８號二樓之５,0.0,,,,1150212,土地0建物1車位1,二層,9,華廈(10層含以下有電梯),集合住宅,鋼筋混凝土造,1120804,99.83,2,2,2,有,有,有,18000,180,坡道平面,17.85,0,參加國家住宅及都市更新中心辦理社會住宅包租代管第5期計畫中央版,RPPNMLRLKHLGFBD08CC,整棟(戶)出租,有,1150212~1160211,有,冷氣、熱水器、洗衣機、電視機、冰箱,社會住宅代管
東區,租賃房屋,臺南市東區中華東路二段１６７號４樓之１０,0.0,,,,1150222,土地0建物1車位0,四層,14,住宅大樓(11層含以上有電梯),住家用,鋼筋混凝土造,0970229,40.16,1,1,1,有,有,有,10800,269,,0.0,0,租金總額含管理費；,RPQNMLRLKHLGFCD28CC,獨立套房,有,1150222~1160221,有,冷氣、熱水器、洗衣機、電視機、冰箱,
南區,租賃房屋,臺南市南區萬年七街４０２號三樓之６,0.0,,,,1150212,土地0建物1車位0,三層,15,住宅大樓(11層含以上有電梯),集合住宅,鋼筋混凝土構造,1100114,75.8,2,1,1,有,有,有,15000,198,,0.0,0,台南市社會住宅包租代管第4期計畫公會版租金依照租金水準區間表評定、含機車停車位1個續租案件；,RPOOMLRLKHLGFCD18CC,整棟(戶)出租,有,1150301~1160228,有,冷氣、熱水器、洗衣機、電視機、冰箱,社會住宅代管
南區,租賃房屋,臺南市南區大同路二段１１２巷９號三樓之２,0.0,,,,1150224,土地0建物1車位0,三層,13,住宅大樓(11層含以上有電梯),集合住宅,鋼筋混凝土造,0881021,136.29,3,2,2,有,有,有,14300,105,,0.0,0,參加國家住宅及都市更新中心辦理社會住宅包租代管第5期計畫中央版多人共同承租2；,RPPOMLRLKHLGFCD28CC,整棟(戶)出租,有,1150225~1160224,有,冷氣、熱水器、洗衣機、電視機、冰箱,社會住宅代管
南區,租賃房屋,臺南市南區國華街一段２２巷１號,0.0,,,,1150226,土地0建物1車位0,全,2,透天厝,住家用,加強磚造,0620205,74.54,3,2,2,有,無,有,15000,201,,0.0,0,參加國家住宅及都市更新中心辦理社會住宅包租代管第5期計畫中央版,RPQOMLRLKHLGFCD38CC,整棟(戶)出租,無,1150301~1160228,無,冷氣、熱水器、洗衣機、冰箱,社會住宅代管
東區,租賃房屋,臺南市東區大同路一段２４１巷６弄３６號三樓,0.0,,,,1150221,土地0建物1車位0,三層,6,華廈(10層含以下有電梯),住家用,鋼筋混凝土造,0820911,71.13,2,2,1,有,有,有,14000,197,,0.0,0,參加國家住宅及都市更新中心辦理社會住宅包租代管第4期計畫公會版租金總額含管理費；續租案件；,RPROMLRLKHLGFCD48CC,整棟(戶)出租,有,1150221~1160220,有,冷氣、熱水器、洗衣機、電視機、冰箱,社會住宅代管
佳里區,租賃房屋,臺南市佳里區文化路３０５號,148.04,商,,,1150224,土地1建物1車位0,見其他登記事項,4,店面(店鋪),商店及住家，補習班,鋼筋混凝土加強磚造,0730320,640.04,6,2,4,有,無,無,60000,94,,0.0,0,,RPPNMLRLKHLGFGD58CC,,無,1150916~1350915,無,,
新化區,租賃房屋,臺南市新化區新和庄８之５號,0.0,,,,1150214,土地0建物1車位0,全,2,透天厝,住家用,加強磚造,0660101,84.54,2,2,2,有,無,有,14000,166,,0.0,0,參加國家住宅及都市更新中心辦理社會住宅包租代管增辦第4期計畫公會版續租案件；,RPPNMLRLKHLGFHD68CC,整棟(戶)出租,無,1150214~1160213,無,冷氣、熱水器、冰箱,社會住宅代管
安定區,租賃房屋,臺南市安定區許中營２６之８號三樓之５,0.0,,,,1150223,土地0建物1車位0,三層,5,華廈(10層含以下有電梯),集合住宅,鋼筋混凝土造,1101004,81.12,2,2,2,有,有,有,16000,197,,0.0,0,參加國家住宅及都市更新中心辦理社會住宅包租代管增辦第4期計畫公會版續租案件；,RPQNMLRLKHLGFHD78CC,整棟(戶)出租,有,1150301~1160228,有,冷氣、熱水器、洗衣機、冰箱,社會住宅代管
新化區,租賃房屋,臺南市新化區護安街９巷５之２號,0.0,,,,1150213,土地0建物1車位0,三層,4,公寓(5樓含以下無電梯),住家用,鋼筋混凝土造,0721220,103.27,3,2,1,有,無,有,12000,116,,0.0,0,參加國家住宅及都市更新中心辦理社會住宅包租代管增辦第4期計畫公會版多人共同承租2；續租案件；,RPSNMLRLKHLGFHD98CC,整棟(戶)出租,無,1150301~1160228,無,冷氣、熱水器、洗衣機、電視機、冰箱,社會住宅代管
善化區,租賃房屋,臺南市善化區中正路４９９號,0.0,,,,1150223,土地0建物1車位0,見其他登記事項,5,店面(店鋪),住商用,鋼筋混凝土造,0820816,133.46,0,2,2,有,無,無,81921,614,,0.0,0,租金總額含稅；,RPTNMLRLKHLGFHD09CC,,無,1150301~1200331,無,,
歸仁區,租賃房屋,臺南市歸仁區武東村武東一街４９巷７０號三樓之５,0.0,,,,1150223,土地0建物1車位0,三層,6,華廈(10層含以下有電梯),住家用,鋼筋混凝土造,0860721,35.06,1,1,1,有,有,有,4000,114,,0.0,0,參加國家住宅及都市更新中心辦理社會住宅包租代管第5期計畫中央版,RPQNMLRLKHLGFID88CC,獨立套房,有,1150224~1180223,有,冷氣、熱水器、洗衣機、冰箱,社會住宅包租轉租
關廟區,租賃房屋,臺南市關廟區北新一街１號十二樓之２,0.0,,,,1150213,土地0建物1車位0,十二層,14,住宅大樓(11層含以上有電梯),集合住宅,鋼筋混凝土造,1130930,94.49000000000001,2,2,1,有,有,有,14000,148,,0.0,0,參加國家住宅及都市更新中心辦理社會住宅包租代管增辦第4期計畫公會版租金總額含管理費；未租賃車位，建物登記含有車位面積；,RPRNMLRLKHLGFID98CC,整棟(戶)出租,有,1150213~1160212,有,冷氣、熱水器、洗衣機、電視機、冰箱,社會住宅代管
永康區,租賃房屋,臺南市永康區中華里小東路５０９號九樓之１２,0.0,,,,1150212,土地0建物1車位0,九層,13,住宅大樓(11層含以上有電梯),住家用,鋼筋混凝土造,0851122,41.28,1,1,1,有,有,有,12500,303,,0.0,0,參加國家住宅及都市更新中心辦理社會住宅包租代管增辦第4期計畫公會版,RPRNMLRLKHLGFKD56CC,獨立套房,有,1150212~1160211,有,冷氣、熱水器、洗衣機、冰箱,社會住宅代管
永康區,租賃房屋,臺南市永康區國民路２３１巷５３號二樓,0.0,,,,1150213,土地0建物1車位0,二層,5,華廈(10層含以下有電梯),住家用,鋼筋混凝土造,0810710,82.21,3,2,2,有,有,有,15000,182,,0.0,0,參加國家住宅及都市更新中心辦理社會住宅包租代管第4期計畫公會版租金總額含管理費；續租案件；,RPSNMLRLKHLGFKD66CC,整棟(戶)出租,有,1150215~1160214,有,冷氣、熱水器、洗衣機、電視機、冰箱,社會住宅代管
安南區,租賃房屋,臺南市安南區環館路３６２巷１９號,0.0,,,,1150212,土地0建物1車位0,全,4,透天厝,集合住宅，停車空間,鋼筋混凝土造,1090924,255.74,4,2,3,有,無,有,43000,168,,0.0,0,,RPPNMLSLKHLGFBD18CC,整棟(戶)出租,無,1150301~1170228,無,冷氣、洗衣機、冰箱、瓦斯或天然氣,
新營區,租賃房屋,臺南市新營區東興路２３９號,0.0,,,,1150222,土地0建物1車位0,見其他登記事項,14,住宅大樓(11層含以上有電梯),住商用,鋼筋混凝土造,0890407,155.0,1,2,2,有,有,無,15000,97,,0.0,0,,RPPNMLLJLHLGFDD57CC,整棟(戶)出租,有,1150301~1200228,有,冷氣,
安平區,租賃房屋+車位,臺南市安平區國平北路１４７號五樓之６,0.0,,,,1150226,土地0建物1車位1,五層,34,住宅大樓(11層含以上有電梯),集合住宅,鋼骨鋼筋混凝土造、鋼筋混凝土造,1140415,105.46000000000001,2,2,1,有,有,有,19000,180,坡道平面,25.42,0,,RPPNMLMJLHLGFAD37CC,整棟(戶)出租,有,1150301~1160228,有,冷氣、熱水器、洗衣機、冰箱,
中西區,租賃房屋,臺南市中西區民族路二段１８４號三樓,0.0,,,,1150223,土地0建物1車位0,三層,7,華廈(10層含以下有電梯),住家用,鋼筋混凝土造,0810507,157.70999999999998,2,2,2,有,無,有,15000,95,,0.0,0,台南市政府包租代管第4期計畫之物件。續租案件；,RPQNMLMJLHLGFAD47CC,整棟(戶)出租,無,1150225~1160224,有,冷氣、熱水器、洗衣機、冰箱、瓦斯或天然氣,社會住宅包租轉租
安平區,租賃房屋+車位,臺南市安平區建平十一街１６號七樓之５,0.0,,,,1150228,土地0建物1車位1,七層,15,住宅大樓(11層含以上有電梯),集合住宅,鋼筋混凝土構造,1111013,117.1,2,2,1,有,有,有,22000,188,坡道平面,35.34,0,,RPRNMLMJLHLGFAD57CC,整棟(戶)出租,有,1150301~1160228,有,冷氣、熱水器、洗衣機、電視機、冰箱、瓦斯或天然氣,一般代管
北區,租賃房屋,臺南市北區力行三街５號,0.0,,,,1150211,土地0建物0車位0,全,4,透天厝,住宅、停車空間,鋼筋混凝土造,0970722,14.61,16,0,16,有,無,有,5500,376,,0.0,0,租金總額含水費；網路費；含增建或未登記建物；續租案件；,RPSNMLMJLHLGFAD67CC,分租套房,無,1150216~1150415,無,冷氣、熱水器、冰箱、有線電視、網路,一般轉租
安平區,租賃房屋+車位,臺南市安平區建平八街１６８號八樓之３,0.0,,,,1150225,土地0建物1車位1,八層,15,住宅大樓(11層含以上有電梯),集合住宅,鋼筋混凝土造,1130123,167.05,2,1,2,有,有,有,26000,156,坡道平面,28.76,0,續租案件；,RPUNMLMJLHLGFAD87CC,整棟(戶)出租,有,1150225~1150524,有,冷氣、熱水器、洗衣機、冰箱、瓦斯或天然氣,一般代管
中西區,租賃房屋,臺南市中西區民族路三段１４７號二樓,0.0,,,,1150224,土地0建物1車位0,二層,4,公寓(5樓含以下無電梯),住宅,鋼筋混凝土造,0691106,120.7,3,2,2,有,無,有,13500,112,,0.0,0,,RPVNMLMJLHLGFAD97CC,整棟(戶)出租,無,1150301~1160228,無,冷氣、熱水器、瓦斯或天然氣,社會住宅代管
中西區,租賃房屋,臺南市中西區大同路一段４６巷５０號５樓之６,0.0,,,,1150227,土地0建物0車位0,五層,5,華廈(10層含以下有電梯),集合住宅,鋼筋混凝土造,0870706,33.33,2,0,2,有,有,有,22100,663,,0.0,0,租金含機車位一個租金總額含管理費；網路費；其他第四台；,RPXNMLMJLHLGFAD18CC,分租套房,無,1150301~1150630,有,冷氣、熱水器、洗衣機、電視機、冰箱、有線電視、網路,一般代管
北區,租賃房屋,臺南市北區實踐街１０３巷１９弄１０號,0.0,,,,1150211,土地0建物0車位0,全,3,透天厝,住家用,鋼筋混凝土構造,1040331,17.77,11,0,11,有,無,有,6500,366,,0.0,0,租金總額含水費；網路費；含增建或未登記建物；,RPOOMLMJLHLGFAD37CC,分租套房,無,1150211~1160210,無,冷氣、熱水器、洗衣機、電視機、冰箱、有線電視、網路,一般轉租
北區,租賃房屋,臺南市北區開元路１４８巷４４之２號,0.0,,,,1150220,土地0建物1車位0,三層,4,公寓(5樓含以下無電梯),住家用,鋼筋混凝土造,0730208,74.38,2,2,1,有,無,有,15000,202,,0.0,0,參加公會版住宅包租代管四之一期計畫續租案件；,RPSOMLMJLHLGFAD77CC,整棟(戶)出租,無,1150220~1160219,無,冷氣、熱水器、洗衣機、冰箱,社會住宅代管
北區,租賃房屋,臺南市北區育德一街１３號二樓,0.0,,,,1150225,土地0建物1車位0,二層,10,華廈(10層含以下有電梯),集合住宅,鋼筋混凝土造,0930818,113.83999999999999,3,2,2,有,有,有,20000,176,,0.0,0,台南市不動產租賃公會民間住宅包租代管第5期計畫之物件。,RPTOMLMJLHLGFAD87CC,整棟(戶)出租,有,1150226~1160225,有,冷氣、熱水器、洗衣機、冰箱、瓦斯或天然氣,社會住宅代管
北區,租賃房屋,臺南市北區文賢路３６３號三樓之１,0.0,,,,1150225,土地0建物1車位0,三層,7,華廈(10層含以下有電梯),住家用,鋼筋混凝土造,0740416,89.83,2,1,1,有,有,有,14500,161,,0.0,0,台南市不動產租賃公會民間住宅包租代管第5期計畫。管理費500元由出租人負擔。,RPWOMLMJLHLGFAD18CC,整棟(戶)出租,有,1150301~1160228,有,冷氣、熱水器、洗衣機、電視機、冰箱、瓦斯或天然氣,社會住宅代管
北區,租賃房屋,臺南市北區開元路５１９號十九樓之１３,0.0,,,,1150225,土地0建物1車位0,十九層,24,住宅大樓(11層含以上有電梯),集合住宅,鋼筋混凝土構造,1041105,86.72,3,1,1,有,有,有,18000,208,,0.0,0,此為台南市社會住宅包租代管第4期計畫。管理費1000元由出租人負擔。續租案件；,RPXOMLMJLHLGFAD28CC,整棟(戶)出租,有,1150225~1160224,有,冷氣、熱水器、洗衣機、電視機、冰箱、瓦斯或天然氣,社會住宅包租轉租
安南區,租賃房屋,臺南市安南區府安路六段２７巷４０弄８號,0.0,,,,1150224,土地0建物1車位0,全,2,透天厝,住家用,加強磚造,0700124,92.54,4,2,3,有,無,無,16000,173,,0.0,0,台南市政府包租代管第4期計畫之物件。續租案件；,RPPNMLMJLHLGFBD47CC,整棟(戶)出租,無,1150224~1151229,無,,社會住宅包租轉租
安南區,租賃房屋,臺南市安南區義安街１００巷１０號,0.0,,,,1150225,土地0建物1車位0,全,2,透天厝,住商用,加強磚造,0711022,87.02,4,2,4,有,無,有,22000,253,,0.0,0,此為台南市社會住宅包租代管第4期計畫。續租案件；,RPQNMLMJLHLGFBD57CC,整棟(戶)出租,無,1150225~1160224,無,冷氣、熱水器、洗衣機、電視機、冰箱、瓦斯或天然氣,社會住宅代管
南區,租賃房屋,臺南市南區南明街４５號,0.0,,,,1150301,土地0建物0車位0,二層,6,華廈(10層含以下有電梯),住家用,鋼筋混凝土造,0790827,19.83,3,0,3,有,無,有,7100,358,,0.0,0,租賃建物部分範圍，且未計入共有部分面積；,RPPNMLMJLHLGFCD57CC,分租套房,無,1150301~1160228,有,冷氣、熱水器、洗衣機、電視機、冰箱,一般代管
東區,租賃房屋,臺南市東區裕義路５４２號,0.0,,,,1150225,土地0建物1車位0,見其他登記事項,4,店面(店鋪),店舖、集合住宅、停車空間,鋼筋混凝土造,1060914,189.97,3,3,5,有,無,無,43000,226,,0.0,0,搬遷期自立約日起至民國115年3月31日止，搬遷期間甲方同意不收取租金。租金總額含稅；,RPQNMLMJLHLGFCD67CC,,無,1150401~1200331,無,,
東區,租賃房屋,臺南市東區崇明十五街４０號四樓之１,0.0,,,,1150223,土地0建物1車位0,四層,7,華廈(10層含以下有電梯),住家用,鋼筋混凝土造,0830309,112.1,3,2,2,有,有,有,16600,148,,0.0,0,台南市政府包租代管第4期計畫之物件。管理費每月1400元由出租人負擔。未租賃車位，建物登記含有車位面積；續租案件；,RPRNMLMJLHLGFCD77CC,整棟(戶)出租,有,1150228~1160227,有,冷氣、熱水器、洗衣機、冰箱、瓦斯或天然氣,社會住宅包租轉租
南區,租賃房屋,臺南市南區新興路２６７巷２０號,0.0,,,,1150228,土地0建物0車位0,全,3,透天厝,住家用,鋼筋混凝土造,0681020,16.53,8,0,8,有,無,有,4167,252,,0.0,0,承租人一次繳交半年租金25000元整租金總額含水費；,RPSNMLMJLHLGFCD87CC,分租套房,無,1150321~1160320,無,冷氣、電視機、冰箱,一般代管
東區,租賃房屋,臺南市東區東光路二段５８巷５號四樓,0.0,,,,1150223,土地0建物1車位0,四層,5,公寓(5樓含以下無電梯),住家用,鋼筋混凝土造,0700223,99.78,3,2,2,有,無,有,13000,130,,0.0,0,台南市社會住宅包租代管第4期計畫。續租案件；,RPTNMLMJLHLGFCD97CC,整棟(戶)出租,無,1150320~1160319,無,冷氣、熱水器、洗衣機、冰箱、瓦斯或天然氣,社會住宅代管
東區,租賃房屋,臺南市東區勝利路１１５號三樓之２,0.0,,,,1150224,土地0建物1車位0,三層,7,華廈(10層含以下有電梯),辦公室,鋼筋混凝土造,0700116,29.42,1,0,1,有,有,有,5000,170,,0.0,0,參加公會版住宅包租代管四之一期計畫租金總額含管理費；續租案件；,RPXNMLMJLHLGFCD38CC,獨立套房,有,1150224~1160223,有,冷氣、熱水器、洗衣機、電視機、冰箱,社會住宅代管
東區,租賃房屋,臺南市東區崇德二街７６巷２０之３號,0.0,,,,1150225,土地0建物1車位0,四層,4,公寓(5樓含以下無電梯),住家用,鋼筋混凝土造,0700420,96.22,3,2,2,有,無,有,12000,125,,0.0,0,此為台南市社會住宅包租代管第4期計畫。續租案件；,RPOOMLMJLHLGFCD57CC,整棟(戶)出租,無,1150225~1160224,無,冷氣、熱水器、冰箱、瓦斯或天然氣,社會住宅包租轉租
東區,租賃房屋,臺南市東區林森路一段１６０號十二樓之３,0.0,,,,1150225,土地0建物1車位0,十二層,12,住宅大樓(11層含以上有電梯),住家用,鋼筋混凝土造,0790926,42.68,1,1,1,有,有,有,8120,190,,0.0,0,此為台南市社會住宅包租代管第4期計畫。管理費880元由出租人負擔。續租案件；,RPPOMLMJLHLGFCD67CC,獨立套房,有,1150301~1160228,有,冷氣、熱水器、洗衣機、電視機、冰箱、瓦斯或天然氣,社會住宅包租轉租
東區,租賃房屋,臺南市東區富農街二段４３巷１６號二樓之１,0.0,,,,1150225,土地0建物1車位0,二層,5,公寓(5樓含以下無電梯),住家用,鋼筋混凝土造,0781114,27.77,1,0,1,有,有,有,5200,187,,0.0,0,此為台南市社會住宅包租代管第4期計畫。續租案件；,RPQOMLMJLHLGFCD77CC,獨立套房,有,1150317~1160316,無,冷氣、熱水器、洗衣機、電視機、冰箱,社會住宅代管
東山區,租賃房屋,臺南市東山區東河里吉貝耍１０４之１號,0.0,,,,1150225,土地0建物1車位0,全,3,透天厝,住家用,鋼筋混凝土造,0771227,337.68,6,2,6,有,無,無,14000,41,,0.0,0,,RPPNMLMJLHLGFED77CC,整棟(戶)出租,無,1150301~1180228,無,熱水器、瓦斯或天然氣、有線電視、網路,社會住宅代管
新化區,租賃房屋,臺南市新化區中正路５８０巷２號２樓之１,0.0,,,,1150227,土地0建物0車位0,全,2,透天厝,住家用,鋼筋混凝土造,0831125,23.14,6,0,4,有,無,有,7000,303,,0.0,0,租金總額含網路費；租賃建物部分範圍，且未計入共有部分面積；,RPPNMLMJLHLGFHD08CC,分租套房,無,1150301~1160228,無,冷氣、熱水器、洗衣機、冰箱、網路,一般代管
新市區,租賃房屋,臺南市新市區中正路３２３巷３６弄２號５樓之１,0.0,,,,1150228,土地0建物1車位0,五層,7,華廈(10層含以下有電梯),住家用,鋼筋混凝土造,0820707,92.87,3,2,2,有,有,有,18000,194,,0.0,0,租金總額含管理費；,RPQNMLMJLHLGFHD18CC,整棟(戶)出租,無,1150301~1160228,有,冷氣、熱水器、洗衣機、冰箱、瓦斯或天然氣,
善化區,租賃房屋,臺南市善化區坐駕２０之１０號三樓之６,0.0,,,,1150223,土地0建物1車位0,三層,7,華廈(10層含以下有電梯),集合住宅,鋼筋混凝土造,1140715,95.83,3,2,2,有,有,有,16000,167,,0.0,0,此為國家住宅及都市更新中心社會住宅包租代管第5期計畫。,RPSNMLMJLHLGFHD38CC,整棟(戶)出租,有,1150225~1160224,有,冷氣、熱水器、洗衣機、電視機、冰箱、瓦斯或天然氣,社會住宅包租轉租
歸仁區,租賃房屋,臺南市歸仁區南丁路２７１巷１３５號,0.0,,,,1150227,土地0建物1車位0,見其他登記事項,1,農舍,農業設施,鋼骨構造,1110117,99.07,0,0,0,無,無,無,16500,,,0.0,0,,RPPNMLMJLHLGFID18CC,,無,1150227~1160126,無,,
歸仁區,租賃房屋,臺南市歸仁區民權南路１８９號,0.0,,,,1150223,土地0建物1車位0,全,3,透天厝,店舖、住宅,ＲＣ造,0701230,153.64,4,2,3,有,無,有,12000,78,,0.0,0,此為國家住宅及都市更新中心社會住宅包租代管第5期計畫。,RPRNMLMJLHLGFID38CC,整棟(戶)出租,無,1150225~1160224,無,冷氣、熱水器、洗衣機、電視機、冰箱,社會住宅包租轉租
歸仁區,租賃房屋,臺南市歸仁區南潭三街１６２巷１１弄７號,0.0,,,,1150224,土地0建物1車位0,全,3,透天厝,住家用,鋼骨鋼筋混凝土造,0830701,128.23,3,1,3,有,無,無,10000,78,,0.0,0,台南市不動產租賃公會民間住宅包租代管第四期計畫。續租案件；,RPSNMLMJLHLGFID48CC,整棟(戶)出租,無,1150225~1160124,無,熱水器、瓦斯或天然氣,社會住宅代管
仁德區,租賃房屋,臺南市仁德區後壁村德崙路２１巷８號九樓之３,0.0,,,,1150224,土地0建物1車位0,九層,11,住宅大樓(11層含以上有電梯),住家用,鋼筋混凝土造,0830608,59.8,2,1,1,有,有,無,9000,151,,0.0,0,台南市政府包租代管第4期計畫之物件。續租案件；,RPTNMLMJLHLGFID58CC,整棟(戶)出租,有,1150225~1160224,有,冷氣、熱水器、瓦斯或天然氣,社會住宅包租轉租
仁德區,租賃房屋,臺南市仁德區中正西路３６０巷２０弄４１號二樓之１１,0.0,,,,1150223,土地0建物1車位0,二層,4,華廈(10層含以下有電梯),辦公室,鋼筋混凝土造,0960920,14.149999999999999,1,0,1,有,有,有,3000,212,,0.0,0,含增建或未登記建物；續租案件；,RPUNMLMJLHLGFID68CC,獨立套房,有,1150228~1150827,有,冷氣、熱水器、電視機、冰箱、網路,一般代管
仁德區,租賃房屋,臺南市仁德區仁義里正義二街１４５號七樓,0.0,,,,1150225,土地0建物1車位0,七層,8,華廈(10層含以下有電梯),住家用,鋼筋混凝土造,0831017,81.88,2,1,1,有,有,有,18000,220,,0.0,0,台南市不動產租賃公會民間住宅包租代管第5期計畫之物件。,RPWNMLMJLHLGFID88CC,整棟(戶)出租,有,1150225~1160224,有,冷氣、熱水器、洗衣機、電視機、冰箱、瓦斯或天然氣,社會住宅代管
歸仁區,租賃房屋+車位,臺南市歸仁區歸仁十一路９８號８樓之８,0.0,,,,1150227,土地0建物1車位1,八層,14,住宅大樓(11層含以上有電梯),集合住宅,鋼筋混凝土造,1130624,129.88,3,2,2,有,有,無,17800,162,坡道平面,25.02,800,台南市社會住宅包租代管 增辦第4期計畫 公會版；水、電、瓦斯費由承租人負擔，管理費2400元不包含在租金由承租人負擔。續租案件；,RPXNMLMJLHLGFID98CC,整棟(戶)出租,有,1150307~1160306,有,冷氣、熱水器、洗衣機、冰箱、瓦斯或天然氣,社會住宅代管
永康區,租賃房屋,臺南市永康區三合里南工街２６７巷８０弄１８號三樓之８,0.0,,,,1150225,土地0建物1車位0,三層,11,住宅大樓(11層含以上有電梯),住家用,鋼筋混凝土造,0860926,75.65,3,1,2,有,有,有,13000,172,,0.0,0,台南市不動產租賃公會民間住宅包租代管第4期計畫之物件。續租案件；,RPPNMLMJLHLGFKD38CC,整棟(戶)出租,有,1150305~1160304,有,冷氣、熱水器、洗衣機、冰箱、瓦斯或天然氣,社會住宅包租轉租
永康區,租賃房屋,臺南市永康區中華里小東路５０９號十二樓之３,0.0,,,,1150223,土地0建物1車位0,十二層,13,住宅大樓(11層含以上有電梯),住家用,鋼筋混凝土造,0851122,45.010000000000005,1,1,1,有,有,有,9000,200,,0.0,0,此為國家住宅及都市更新中心社會住宅包租代管第5期計畫。,RPRNMLMJLHLGFKD58CC,獨立套房,有,1150224~1160223,有,冷氣、熱水器、洗衣機、冰箱,社會住宅包租轉租
永康區,租賃房屋+車位,臺南市永康區復興路２４６巷８號八樓之６,0.0,,,,1150228,土地0建物1車位1,八層,26,住宅大樓(11層含以上有電梯),集合住宅,鋼筋混凝土構造,1101229,116.06,2,2,1,有,有,有,24500,211,坡道平面,37.35,0,多人共同承租2；租金總額含管理費；,RPSNMLMJLHLGFKD68CC,整棟(戶)出租,有,1150301~1160228,有,冷氣、熱水器、洗衣機、電視機、冰箱、瓦斯或天然氣,
永康區,租賃房屋,臺南市永康區三村一街８３巷１１號,0.0,,,,1150223,土地0建物0車位0,全,4,透天厝,住宅，停車空間,鋼筋混凝土構造,1020724,16.31,7,0,7,有,無,有,6000,368,,0.0,0,租賃建物部分範圍，且未計入共有部分面積；,RPTNMLMJLHLGFKD78CC,分租套房,無,1150223~1160228,無,冷氣、熱水器、洗衣機、電視機、冰箱、有線電視,一般代管
永康區,租賃房屋,臺南市永康區網寮里文化路１２８巷４號七樓之６,0.0,,,,1150226,土地0建物1車位0,七層,8,華廈(10層含以下有電梯),住家用,鋼筋混凝土造,0840109,42.55,1,1,1,有,有,有,7700,181,,0.0,0,管理費800元，由承租人負擔,RPUNMLMJLHLGFKD88CC,獨立套房,有,1150301~1160228,有,冷氣、熱水器、洗衣機、電視機、冰箱、有線電視、網路,社會住宅代管
永康區,租賃房屋,臺南市永康區永康里永大五路１０９號九樓之３,0.0,,,,1150224,土地0建物1車位0,九層,14,住宅大樓(11層含以上有電梯),住家用,鋼筋混凝土造,0830311,134.47,3,2,2,有,有,有,17150,128,,0.0,0,台南市政府包租代管第4期計畫之物件。管理費每月1850元由出租人負擔。未租賃車位，建物登記含有車位面積；續租案件；,RPVNMLMJLHLGFKD98CC,整棟(戶)出租,有,1150304~1160303,有,冷氣、熱水器、洗衣機、冰箱、瓦斯或天然氣,社會住宅包租轉租
永康區,租賃房屋,臺南市永康區復華里復國一路４７５巷２８號一樓之１７,0.0,,,,1150223,土地0建物1車位0,一層,5,華廈(10層含以下有電梯),住家用,鋼筋混凝土構造,1070402,13.61,1,0,1,有,有,有,4350,320,,0.0,0,含增建或未登記建物；續租案件；,RPWNMLMJLHLGFKD09CC,獨立套房,有,1150312~1150911,有,冷氣、熱水器、電視機、冰箱、網路,一般代管
永康區,租賃房屋,臺南市永康區復華里復國一路４７５巷２８號四樓之１０,0.0,,,,1150224,土地0建物1車位0,四層,5,華廈(10層含以下有電梯),住家用,鋼筋混凝土構造,1070402,13.61,1,0,1,有,有,有,4350,320,,0.0,0,含增建或未登記建物；續租案件；,RPXNMLMJLHLGFKD56CC,獨立套房,有,1150401~1150930,有,冷氣、熱水器、電視機、冰箱、網路,一般代管
永康區,租賃房屋,臺南市永康區大灣路４０巷２８０弄２２號四樓之３,0.0,,,,1150225,土地0建物1車位0,四層,5,華廈(10層含以下有電梯),集合住宅,鋼筋混凝土構造,1101110,80.43,2,1,2,有,有,有,19000,236,,0.0,0,台南市不動產租賃公會民間住宅包租代管第5期計畫之物件。未租賃車位，建物登記含有車位面積；,RPOOMLMJLHLGFKD38CC,整棟(戶)出租,有,1150225~1160224,有,冷氣、熱水器、洗衣機、冰箱,社會住宅代管
永康區,租賃房屋,臺南市永康區忠義街６０巷１號９樓之５,0.0,,,,1150213,土地0建物1車位0,九層,15,住宅大樓(11層含以上有電梯),辦公室。,鋼筋混凝土造,0840331,61.21,1,1,1,有,有,有,15000,245,,0.0,0,多人共同承租2；租金總額含管理費；,RPPOMLMJLHLGFKD48CC,獨立套房,有,1150301~1160228,有,冷氣、熱水器、洗衣機、電視機、冰箱,
永康區,租賃房屋+車位,臺南市永康區東橋七路３６１號十五樓之５,0.0,,,,1150228,土地0建物1車位1,十五層,18,住宅大樓(11層含以上有電梯),住家用,鋼筋混凝土構造,1071214,156.88,3,2,2,有,有,有,24202,154,坡道平面,19.23,0,租金已扣除管理費2798元,RPQOMLMJLHLGFKD58CC,整棟(戶)出租,有,1150301~1160228,有,冷氣、熱水器、洗衣機、電視機、冰箱、瓦斯或天然氣,
永康區,租賃房屋,臺南市永康區永二街３９６之３０號,0.0,,,,1150211,土地0建物1車位0,八層,8,華廈(10層含以下有電梯),住家用,鋼筋混凝土造,0821006,120.18,3,2,2,有,有,無,18000,150,,0.0,0,參加公會版住宅包租代管五期計畫,RPTOMLMJLHLGFKD88CC,整棟(戶)出租,有,1150301~1160228,有,冷氣、熱水器、洗衣機、電視機、冰箱,社會住宅代管
永康區,租賃房屋,臺南市永康區安康里中華路７２７巷９６號五樓之１,0.0,,,,1150224,土地0建物1車位0,五層,14,住宅大樓(11層含以上有電梯),住家用,鋼筋混凝土造,0880824,92.28,2,2,2,有,有,有,18500,200,,0.0,0,台南市不動產租賃公會民間住宅包租代管第5期計畫。管理費1500元由出租人負擔。,RPUOMLMJLHLGFKD98CC,整棟(戶)出租,有,1150225~1160224,有,冷氣、熱水器、洗衣機、電視機、冰箱、瓦斯或天然氣,社會住宅代管
永康區,租賃房屋,臺南市永康區忠義街６０巷１號十三樓之５,0.0,,,,1150225,土地0建物1車位0,十三層,15,住宅大樓(11層含以上有電梯),辦公室。,鋼筋混凝土造,0840331,61.21,1,1,1,有,有,有,8500,139,,0.0,0,此為台南市社會住宅包租代管第4期計畫。續租案件；,RPVOMLMJLHLGFKD09CC,獨立套房,有,1150227~1160226,有,冷氣、熱水器、洗衣機、冰箱,社會住宅包租轉租
北區,租賃房屋,臺南市北區北成路２２號５樓之１,0.0,,,,1150211,土地0建物1車位0,五層,14,住宅大樓(11層含以上有電梯),集合住宅,鋼筋混凝土造,0881106,127.0,3,2,2,有,有,有,20000,157,,0.0,0,多人共同承租2；租金總額含管理費；未租賃車位，建物登記含有車位面積；,RPRNMLNJLHLGFAD67CC,整棟(戶)出租,有,1150211~1160228,有,冷氣、熱水器、冰箱、瓦斯或天然氣,一般代管
北區,租賃房屋+車位,臺南市北區中華北路一段２０３巷１６弄２２號十四樓之６,0.0,,,,1150226,土地0建物1車位1,十四層,14,住宅大樓(11層含以上有電梯),集合住宅,鋼筋混凝土造,1140814,140.99,3,1,2,有,有,有,28000,199,坡道平面,33.87,0,,RPSNMLNJLHLGFAD77CC,整棟(戶)出租,有,1150301~1160228,有,冷氣、熱水器、洗衣機、電視機、冰箱、瓦斯或天然氣,
中西區,租賃房屋,臺南市中西區五妃街２５８號七樓之２,0.0,,,,1150226,土地0建物1車位0,七層,8,華廈(10層含以下有電梯),集合住宅,鋼筋混凝土造,0931203,70.99000000000001,2,1,1,有,有,有,16000,225,,0.0,0,台南市不動產租賃公會民間住宅包租代管第5期計畫。多人共同承租2；,RPTNMLNJLHLGFAD87CC,整棟(戶)出租,有,1150302~1160301,有,冷氣、熱水器、洗衣機、電視機、冰箱、瓦斯或天然氣,社會住宅包租轉租
中西區,租賃房屋,臺南市中西區民權路三段１９４號七樓之５,0.0,,,,1150226,土地0建物1車位0,七層,7,華廈(10層含以下有電梯),住家用,鋼筋混凝土造,0810611,25.84,1,0,1,有,有,有,6000,232,,0.0,0,台南市不動產租賃公會民間住宅包租代管第4期計畫之物件。續租案件；,RPWNMLNJLHLGFAD18CC,獨立套房,有,1150304~1160303,有,冷氣、熱水器、洗衣機、電視機、冰箱,社會住宅包租轉租
中西區,租賃房屋,臺南市中西區民族路二段５７巷３８號２樓之５,0.0,,,,1150213,土地0建物1車位0,二層,5,華廈(10層含以下有電梯),住家用,鋼筋混凝土造,0790609,21.09,1,0,1,有,無,有,5500,261,,0.0,0,115年2月13日至115年2月28日為搬遷期，免收租金。,RPXNMLNJLHLGFAD28CC,獨立套房,無,1150213~1160228,有,冷氣、熱水器、冰箱,
北區,租賃房屋,臺南市北區公園路７６９巷３０弄１號,0.0,,,,1150224,土地0建物1車位0,全,2,透天厝,住家用,加強磚造,0571120,78.77,3,2,1,有,無,有,16000,203,,0.0,0,,RPOOMLNJLHLGFAD47CC,整棟(戶)出租,無,1150301~1170229,無,冷氣、熱水器、洗衣機、冰箱,社會住宅包租轉租
北區,租賃房屋,臺南市北區北園街８巷２８號十二樓之２,0.0,,,,1150226,土地0建物1車位0,十二層,19,住宅大樓(11層含以上有電梯),集合住宅,鋼筋混凝土造,0961227,135.8,3,2,2,有,有,有,19900,147,,0.0,0,此為台南市社會住宅包租代管第4期計畫。續租案件；,RPPOMLNJLHLGFAD57CC,整棟(戶)出租,有,1150228~1160227,有,冷氣、熱水器、洗衣機、電視機、冰箱、瓦斯或天然氣,社會住宅包租轉租
安平區,租賃房屋,臺南市安平區國平北路１３７號十三樓之１２,0.0,,,,1150226,土地0建物1車位0,十三層,34,住宅大樓(11層含以上有電梯),集合住宅,鋼骨鋼筋混凝土造、鋼筋混凝土造,1140415,91.39,2,1,1,有,有,有,19500,213,,0.0,0,租金總額含管理費；未租賃車位，建物登記含有車位面積；,RPQOMLNJLHLGFAD67CC,整棟(戶)出租,有,1150301~1160228,有,冷氣、熱水器、洗衣機、電視機、冰箱、瓦斯或天然氣、有線電視,
北區,租賃房屋+車位,臺南市北區海安路三段３０９號５樓之５,0.0,,,,1150228,土地0建物1車位1,五層,24,住宅大樓(11層含以上有電梯),集合住宅,鋼筋混凝土造,1140313,178.26,3,2,2,有,有,無,26009,146,坡道平面,29.83,0,租金已扣除管理費3991元,RPROMLNJLHLGFAD77CC,整棟(戶)出租,有,1150401~1180331,有,冷氣、熱水器、冰箱、瓦斯或天然氣,
北區,租賃房屋,臺南市北區公園路３７５之１２號,0.0,,,,1150228,土地0建物0車位0,全,5,透天厝,停車空間、店舖、住宅,鋼筋混凝土造,0960213,26.45,15,1,15,有,無,有,6600,250,,0.0,0,1.契約書未約定土地租賃標的。2.由所有權人提供租屋資訊。3.租賃建物部分範圍。租金總額含網路費；,RPSOMLNJLHLGFAD87CC,分租套房,無,1150315~1160314,無,冷氣、熱水器、網路,
北區,租賃房屋,臺南市北區文賢路２１８巷２８弄３之７號,0.0,,,,1150303,土地0建物1車位0,全,3,透天厝,住家用,鋼筋混凝土造,0700608,191.74,4,2,3,有,無,無,23000,120,,0.0,0,,RPTOMLNJLHLGFAD97CC,整棟(戶)出租,無,1150320~1160319,無,,
安南區,租賃房屋,臺南市安南區永續三街２６６號十四樓之１,0.0,,,,1150228,土地0建物1車位0,十四層,15,住宅大樓(11層含以上有電梯),集合住宅,鋼筋混凝土造,1100114,116.75,2,2,1,有,有,有,21100,181,,0.0,0,台南市社會住宅包租代管 增辦第4期計畫公會版；水、電、瓦斯費由承租人負擔，租金已扣除網路費、管理費 1900 元。未租賃車位，建物登記含有車位面積；,RPPNMLNJLHLGFBD57CC,整棟(戶)出租,有,1150301~1160228,有,冷氣、熱水器、洗衣機、電視機、冰箱、瓦斯或天然氣、網路,社會住宅代管
安南區,租賃房屋,臺南市安南區安中路一段２２２之３號,0.0,,,,1150223,土地0建物1車位0,全,4,透天厝,住商用,鋼筋混凝土造,0821209,302.87,4,2,5,有,無,無,35000,116,,0.0,0,,RPQNMLNJLHLGFBD67CC,整棟(戶)出租,無,1150401~1200331,無,熱水器,一般代管
東區,租賃房屋,臺南市東區中華東路二段１３３巷１７弄２４號四樓,0.0,,,,1150225,土地0建物1車位0,四層,5,公寓(5樓含以下無電梯),住家用,鋼筋混凝土造,0700121,117.42,4,2,2,有,無,有,14500,123,,0.0,0,台南市不動產租賃公會民間住宅包租代管第5期計畫。續租案件；,RPQNMLNJLHLGFCD77CC,整棟(戶)出租,無,1150301~1160228,無,冷氣、熱水器、冰箱、瓦斯或天然氣,社會住宅包租轉租
東區,租賃房屋,臺南市東區崇善路４４９號,0.0,,,,1150226,土地0建物1車位0,一層,4,店面(店鋪),店舖、住宅、停車空間,鋼筋混凝土造,0911210,57.88,1,1,1,有,無,無,24000,415,,0.0,0,1.租賃面積=第一層42.62平方公尺+騎樓8.78平方公尺+四分之一 陽台6.48平方公尺2.本契約裝修期間自民國115年3月1日起至民國115年3月31日止。免租金租賃期間有約定不同租金本契約租賃期間自民國115年3月1日起至民國118年2月28日，每月租金為新台幣貳萬肆仟元整。本契約租賃期間自民國118年3月1日起至民國121年2月29日，每月租金為新台幣貳萬伍仟元整。；,RPRNMLNJLHLGFCD87CC,,無,1150301~1210229,無,冷氣,
東區,租賃房屋,臺南市東區中華東路一段１６號十二樓之６,0.0,,,,1150224,土地0建物1車位0,十二層,14,住宅大樓(11層含以上有電梯),住家用,ＲＣ造,0930712,80.2,1,1,1,有,有,有,13958,174,,0.0,0,租金總額含管理費；,RPSNMLNJLHLGFCD97CC,獨立套房,有,1150304~1160303,有,冷氣、熱水器、洗衣機、電視機、冰箱,社會住宅包租轉租
東區,租賃房屋,臺南市東區勝利路１１５號２樓之６,0.0,,,,1150301,土地0建物1車位0,二層,7,華廈(10層含以下有電梯),辦公室,鋼筋混凝土造,0700116,29.6,1,1,1,有,無,有,9500,321,,0.0,0,租金總額含網路費；,RPTNMLNJLHLGFCD08CC,獨立套房,無,1150320~1160319,有,冷氣、熱水器、洗衣機、電視機、冰箱、網路,一般代管
南區,租賃房屋,臺南市南區府緯街１２２號四樓之４,0.0,,,,1150226,土地0建物1車位0,四層,5,公寓(5樓含以下無電梯),住家用,鋼筋混凝土造,0701231,83.18,4,1,1,有,有,有,10000,120,,0.0,0,此為台南市社會住宅包租代管第4期計畫。續租案件；,RPUNMLNJLHLGFCD18CC,整棟(戶)出租,有,1150320~1160319,無,冷氣、熱水器、瓦斯或天然氣,社會住宅代管
東區,租賃房屋,臺南市東區生產路２９７巷１２號,0.0,,,,1150301,土地0建物0車位0,全,2,透天厝,住商用,加強磚造,0680308,25.0,6,4,6,有,無,有,13000,520,,0.0,0,多人共同承租2；租金總額含水費；網路費；含增建或未登記建物；續租案件；,RPVNMLNJLHLGFCD28CC,分租套房,無,1150301~1160228,無,冷氣、熱水器、洗衣機、電視機、冰箱、網路,一般轉租
東區,租賃房屋,臺南市東區林森路二段１９２巷２４弄６７號之２,0.0,,,,1150224,土地0建物1車位0,三層,5,公寓(5樓含以下無電梯),住家用,鋼筋混凝土造,0721118,94.83000000000001,3,1,2,有,無,無,17000,179,,0.0,0,,RPWNMLNJLHLGFCD38CC,整棟(戶)出租,無,1150224~1180223,無,冷氣、熱水器、洗衣機、電視機、冰箱,社會住宅包租轉租
東區,租賃房屋,臺南市東區崇明２４街８０號２樓之３０,0.0,,,,1150226,土地0建物1車位0,二層,6,華廈(10層含以下有電梯),集合住宅,鋼筋混凝土構造,1110601,34.76,1,0,1,有,有,有,11500,331,,0.0,0,管理費:1100元水費:200元,RPXNMLNJLHLGFCD48CC,獨立套房,有,1150301~1160228,有,冷氣、熱水器、洗衣機、電視機、冰箱、網路,一般轉租
新營區,租賃房屋,臺南市新營區武昌街９號六樓之２,0.0,,,,1150220,土地0建物1車位0,六層,6,華廈(10層含以下有電梯),住家用,鋼筋混凝土造,0840113,136.64,3,2,2,有,有,有,16000,117,,0.0,0,參加公會版住宅包租代管四之一期計畫租金總額含管理費；,RPQNMLNJLHLGFDD87CC,整棟(戶)出租,有,1150220~1160219,有,冷氣、熱水器、洗衣機、電視機、冰箱,社會住宅代管
善化區,租賃房屋,臺南市善化區西拉雅大道５２１巷２弄１號１-３樓,0.0,,,,1150225,土地0建物1車位0,全,4,透天厝,商務住宅,鋼筋混凝土造,1110106,173.32000000000002,3,2,4,有,有,有,47800,276,,0.0,0,含5%營業稅租金總額含管理費；其他傢俱電、一個平面車位；,RPPNMLNJLHLGFHD18CC,整棟(戶)出租,有,1150316~1170315,無,冷氣、熱水器、洗衣機、冰箱、瓦斯或天然氣,
善化區,租賃房屋,臺南市善化區文正路７９巷１８之１號,0.0,,,,1150211,土地0建物0車位0,全,4,透天厝,住家用,鋼筋混凝土造,1050304,22.8,10,0,10,有,無,有,7500,329,,0.0,0,多人共同承租2；租金總額含網路費；續租案件；,RPQNMLNJLHLGFHD28CC,分租套房,無,1150211~1150810,無,冷氣、熱水器、洗衣機、電視機、冰箱、有線電視、網路,一般代管
善化區,租賃房屋,臺南市善化區文正路７９巷１８號,0.0,,,,1150303,土地0建物0車位0,全,4,透天厝,住家用,鋼筋混凝土造,1050304,24.88,10,0,10,有,無,有,7000,281,,0.0,0,租金總額含網路費；,RPRNMLNJLHLGFHD38CC,分租套房,無,1150305~1150904,無,冷氣、熱水器、洗衣機、電視機、冰箱、有線電視、網路,一般代管
歸仁區,租賃房屋,臺南市歸仁區大吉二街２號,0.0,,,,1150225,土地0建物1車位0,全,3,透天厝,住家用,鋼筋混凝土造,0780606,202.62,5,3,2,有,無,有,11000,54,,0.0,0,台南市不動產租賃公會民間住宅包租代管第5期計畫之物件。,RPQNMLNJLHLGFID38CC,整棟(戶)出租,無,1150225~1160224,無,冷氣、熱水器,社會住宅包租轉租
仁德區,租賃房屋,臺南市仁德區文賢路二段１５巷１８弄１７號５樓之２,0.0,,,,1150226,土地0建物0車位0,五層,10,華廈(10層含以下有電梯),住家用,鋼筋混凝土造,0920910,18.18,5,2,5,有,無,有,11500,633,,0.0,0,文賢506房租金總額含水費；網路費；其他垃圾代收費；租賃建物部分範圍，且未計入共有部分面積；,RPSNMLNJLHLGFID58CC,分租套房,無,1150301~1160228,有,冷氣、熱水器、洗衣機、電視機、冰箱、網路,一般轉租
仁德區,租賃房屋,臺南市仁德區文賢路二段１５巷１８弄１７號３樓之２,0.0,,,,1150301,土地0建物0車位0,三層,10,華廈(10層含以下有電梯),住家用,鋼筋混凝土造,0920910,18.18,5,2,5,有,無,有,11500,633,,0.0,0,文賢306房租金總額含水費；網路費；其他垃圾代收費；租賃建物部分範圍，且未計入共有部分面積；,RPUNMLNJLHLGFID78CC,分租套房,無,1150301~1160228,有,冷氣、熱水器、洗衣機、電視機、冰箱、網路,一般轉租
永康區,租賃房屋+車位,臺南市永康區新民街６６巷６號四樓之３,0.0,,,,1150226,土地0建物1車位1,四層,9,華廈(10層含以下有電梯),住家用,鋼筋混凝土造,0821230,123.79999999999998,3,2,2,有,有,有,13619,110,坡道平面,0.0,0,台南市不動產租賃公會民間住宅包租代管第5期計畫之物件。管理費1381元由出租人負擔。,RPQNMLNJLHLGFKD58CC,整棟(戶)出租,有,1150305~1160304,有,冷氣、熱水器、洗衣機、冰箱、瓦斯或天然氣,社會住宅包租轉租
永康區,租賃房屋,臺南市永康區中華路７巷２０弄１７號,0.0,,,,1150301,土地0建物0車位0,全,4,透天厝,店舖、住宅、防空避難室。,鋼筋混凝土造,0790824,30.88,7,1,7,有,無,有,9000,291,,0.0,0,租金總額含水費；網路費；含增建或未登記建物；,RPRNMLNJLHLGFKD68CC,分租套房,無,1150301~1160228,無,冷氣、熱水器、洗衣機、電視機、冰箱、網路,一般代管
永康區,租賃房屋,臺南市永康區中正南路５２巷２１弄５號４樓之２,0.0,,,,1150228,土地0建物0車位0,四層,5,華廈(10層含以下有電梯),集合住宅,鋼筋混凝土構造,1100409,22.96,3,1,4,有,無,有,10000,436,,0.0,0,多人共同承租2；租金總額含管理費；水費；網路費；租賃建物部分範圍，且未計入共有部分面積；,RPTNMLNJLHLGFKD88CC,分租套房,無,1150228~1160228,有,冷氣、熱水器、洗衣機、電視機、冰箱、網路,一般代管
永康區,租賃房屋,臺南市永康區忠義街６０巷１號十一樓之１,0.0,,,,1150226,土地0建物1車位0,十一層,15,住宅大樓(11層含以上有電梯),辦公室。,鋼筋混凝土造,0840331,48.14,1,0,1,有,有,有,10300,214,,0.0,0,台南市不動產租賃公會民間住宅包租代管第5期計畫之物件。管理費700元由出租人負擔。,RPVNMLNJLHLGFKD09CC,獨立套房,有,1150301~1160228,有,冷氣、熱水器、電視機、冰箱,社會住宅包租轉租
永康區,租賃房屋,臺南市永康區王行路８６６巷１３之２號,105.88,住,,,1150301,土地1建物1車位0,全,4,透天厝,住家用,鋼筋混凝土造,0960608,207.86,4,2,3,有,無,無,32000,154,,0.0,0,,RPXNMLNJLHLGFKD66CC,整棟(戶)出租,無,1150315~1160314,無,冷氣、熱水器,
永康區,租賃房屋,臺南市永康區大仁街９之２號,0.0,,,,1150212,土地0建物0車位0,全,4,透天厝,住商用,鋼筋混凝土造,0931112,26.45,8,0,8,有,無,有,6800,257,,0.0,0,115年2月13日~115年2月19日為搬遷期，此期間不計租金。建物登記簿謄本所載全棟建物面積為255.73平方公尺， 僅租賃部分範圍，其實際面積為26.45平方公尺，則「租賃面積」填載26.45平方公尺。租金總額含水費；,RPOOMLNJLHLGFKD48CC,分租套房,無,1150212~1160630,無,冷氣、熱水器、洗衣機、電視機、冰箱,
永康區,租賃房屋,臺南市永康區大仁街１１巷５弄１號,0.0,,,,1150212,土地0建物0車位0,全,4,透天厝,住家用,鋼筋混凝土造,0931112,19.18,7,0,7,有,無,有,5500,287,,0.0,0,115年2月13日為搬遷期，此期間不計租金。建物登記簿謄本所載全棟建物面積為209.5平方公尺， 僅租賃部分範圍，其實際面積為19.18平方公尺，則「租賃面積」填載19.18平方公尺。租金總額含水費；,RPPOMLNJLHLGFKD58CC,分租套房,無,1150212~1160630,無,冷氣、熱水器、電視機、冰箱,
永康區,租賃房屋,臺南市永康區正南五街３３７巷３３號三樓之２,0.0,,,,1150223,土地0建物1車位0,三層,7,華廈(10層含以下有電梯),集合住宅,鋼筋混凝土構造,1100125,108.1,2,2,1,有,有,有,20300,188,,0.0,0,台南市社會住宅包租代管第5期計畫公會版租金依照租金水準區間表評定未租賃車位，建物登記含有車位面積；,RPSOMLNJLHLGFKD88CC,整棟(戶)出租,有,1150303~1180302,有,冷氣、熱水器、洗衣機、電視機、冰箱,社會住宅包租轉租
北區,租賃房屋,臺南市北區東豐路２２７巷２４弄１５號二樓之２５,0.0,,,,1150302,土地0建物1車位0,二層,5,華廈(10層含以下有電梯),住家用,鋼筋混凝土造,0790518,25.080000000000002,1,0,1,有,有,有,5700,227,,0.0,0,此為國家住宅及都市更新中心社會住宅包租代管第5期計畫。,RPPNMLOJLHLGFAD57CC,獨立套房,有,1150310~1160309,有,冷氣、熱水器、洗衣機、電視機、冰箱,社會住宅包租轉租
北區,租賃房屋,臺南市北區和緯路四段９５巷４３號五樓,0.0,,,,1150302,土地0建物1車位0,五層,5,公寓(5樓含以下無電梯),住家用,鋼筋混凝土造,0701017,88.16999999999999,3,2,1,有,無,有,11000,125,,0.0,0,此為台南市社會住宅包租代管第4期計畫。續租案件；,RPSNMLOJLHLGFAD87CC,整棟(戶)出租,無,1150310~1160309,無,冷氣、熱水器、冰箱,社會住宅代管
北區,租賃房屋,臺南市北區公園路５８７之２６號四樓之２,0.0,,,,1150224,土地0建物1車位0,四層,5,公寓(5樓含以下無電梯),住家用,鋼筋混凝土造,0780410,28.34,1,0,1,有,有,有,5850,206,,0.0,0,台南市政府包租代管第4期計畫之物件。管理費每月650元由出租人負擔。,RPTNMLOJLHLGFAD97CC,獨立套房,有,1150303~1160302,無,冷氣、熱水器、洗衣機、電視機、冰箱,社會住宅包租轉租
北區,租賃房屋+車位,臺南市北區北園街２６號５樓之９,0.0,,,,1150211,土地0建物1車位1,五層,14,住宅大樓(11層含以上有電梯),集合住宅,鋼筋混凝土造,0870420,78.78,2,2,1,有,有,有,16000,203,坡道機械,10.36,0,參加臺南市社會住宅包租代管第4期計畫租金總額含管理費；其他停車位管理費；續租案件；,RPUNMLOJLHLGFAD08CC,整棟(戶)出租,有,1150301~1160228,有,冷氣、熱水器、洗衣機、冰箱、瓦斯或天然氣,社會住宅代管
中西區,租賃房屋,臺南市中西區頂美一街４８巷５號,71.83,住,,,1150211,土地1建物1車位0,全,2,透天厝,住家用,加強磚造,0640519,105.92,5,2,4,有,無,有,28000,264,,0.0,0,115/3/2租約已公證含增建或未登記建物,RPWNMLOJLHLGFAD28CC,整棟(戶)出租,無,1150301~1180228,無,冷氣、熱水器、洗衣機、電視機、冰箱,
北區,租賃房屋,臺南市北區立賢路一段５８７號,157.9,住,,,1150213,土地1建物1車位0,見其他登記事項,5,店面(店鋪),停車空間、店舖、住宅,ＲＣ造,0940815,336.51,7,5,7,有,無,無,60000,178,,0.0,0,,RPXNMLOJLHLGFAD38CC,,無,1150401~1170331,無,冷氣,
中西區,租賃房屋,臺南市中西區青年路１３７巷６５號,0.0,,,,1150225,土地0建物0車位0,全,3,透天厝,避難室、住宅,鋼筋混凝土造,0730420,39.67,5,1,5,有,無,有,8500,214,,0.0,0,租金總額含網路費；,RPPOMLOJLHLGFAD67CC,分租套房,無,1150301~1160228,無,冷氣、熱水器、洗衣機、冰箱、網路,一般代管
中西區,租賃房屋,臺南市中西區健康路一段２０４號,0.0,,,,1150226,土地0建物0車位0,全,5,透天厝,商業用,鋼筋混凝土造,0710223,19.83,13,2,13,有,無,有,5500,277,,0.0,0,租金總額含網路費；續租案件；,RPROMLOJLHLGFAD87CC,分租套房,無,1150301~1160228,無,冷氣、熱水器、洗衣機、電視機、冰箱、網路,一般代管
安南區,租賃房屋,臺南市安南區安中路一段２３３號２樓之７,0.0,,,,1150302,土地0建物1車位0,二層,10,華廈(10層含以下有電梯),集合住宅,鋼筋混凝土造,1100527,118.03,2,2,1,有,有,有,22000,186,,0.0,0,租金總額含管理費；未租賃車位，建物登記含有車位面積；,RPPNMLOJLHLGFBD67CC,整棟(戶)出租,有,1150310~1160309,有,冷氣、熱水器、洗衣機、電視機、冰箱,
安南區,租賃房屋,臺南市安南區安中路四段４３號,0.0,,,,1150227,土地0建物1車位0,全,2,透天厝,住商用,加強磚造,0720428,150.87,4,1,1,有,無,無,18000,119,,0.0,0,1.契約書未約定土地租賃標的2.由出租人提供租屋資訊3.承租範圍還包含屋頂突出物,RPQNMLOJLHLGFBD77CC,分層出租,無,1150302~1160301,無,冷氣、熱水器,
東區,租賃房屋,臺南市東區崇善路９１３巷３２號三樓之３,0.0,,,,1150225,土地0建物1車位0,三層,5,華廈(10層含以下有電梯),集合住宅,鋼筋混凝土造,1131129,55.870000000000005,1,1,1,有,無,有,17000,304,,0.0,0,台南市社會住宅包租代管增辦第4期計畫 公會版；水、電、網路費由承租人負擔。,RPPNMLOJLHLGFCD77CC,獨立套房,無,1150302~1160301,有,冷氣、熱水器、洗衣機、電視機、冰箱,社會住宅包租轉租
南區,租賃房屋,臺南市南區新建路２８巷６之３號,0.0,,,,1150226,土地0建物1車位0,四層,5,公寓(5樓含以下無電梯),集合住宅,鋼筋混凝土造,0711125,93.25,3,2,2,有,無,無,10000,107,,0.0,0,此為國家住宅及都市更新中心社會住宅包租代管第5期計畫。,RPQNMLOJLHLGFCD87CC,整棟(戶)出租,無,1150315~1160314,無,熱水器,社會住宅代管
東區,租賃房屋,臺南市東區中華東路二段１９３號１５樓之３,0.0,,,,1150223,土地0建物1車位0,十五層,20,住宅大樓(11層含以上有電梯),住家用,鋼筋混凝土造,0841106,75.0,2,1,1,有,有,有,15000,200,,0.0,0,另有管理費多人共同承租2；,RPTNMLOJLHLGFCD18CC,整棟(戶)出租,有,1150317~1160316,有,冷氣、熱水器、洗衣機、電視機、冰箱、瓦斯或天然氣,一般轉租
東區,租賃房屋,臺南市東區中華東路二段１９３號９樓之１０,0.0,,,,1150226,土地0建物1車位0,九層,20,住宅大樓(11層含以上有電梯),住家用,鋼筋混凝土造,0841106,97.58000000000001,2,2,1,有,有,有,16000,164,,0.0,0,另有管理費多人共同承租2；,RPUNMLOJLHLGFCD28CC,整棟(戶)出租,有,1150725~1160724,有,冷氣、熱水器、洗衣機、電視機、冰箱、瓦斯或天然氣,一般轉租
東區,租賃房屋+車位,臺南市東區崇德路７８５號五樓之６,0.0,,,,1150211,土地0建物1車位1,五層,9,華廈(10層含以下有電梯),住家用,鋼筋混凝土造,0891005,138.63,4,2,2,有,有,有,19000,137,坡道機械,13.82,0,參加臺南市社會住宅包租代管第4期計畫續租案件；,RPVNMLOJLHLGFCD38CC,整棟(戶)出租,有,1150211~1160210,有,冷氣、熱水器、電視機、瓦斯或天然氣,社會住宅代管
東區,租賃房屋,臺南市東區中華東路一段１６號７樓之７,0.0,,,,1150211,土地0建物1車位0,七層,14,住宅大樓(11層含以上有電梯),住家用,ＲＣ造,0930712,83.42,1,1,1,有,有,有,13000,156,,0.0,0,參加臺南市社會住宅包租代管第4期計畫租金總額含管理費；未租賃車位，建物登記含有車位面積；續租案件；,RPXNMLOJLHLGFCD58CC,獨立套房,有,1150220~1160219,有,冷氣、熱水器、洗衣機、電視機、冰箱,社會住宅代管
東區,租賃房屋,臺南市東區裕孝路２０２號,0.0,,,,1150213,土地0建物0車位0,全,5,透天厝,集合住宅,鋼筋混凝土造,1130401,28.16,9,0,9,有,無,有,14000,497,,0.0,0,含一樓機車位3.12平方公尺租金總額含網路費；,RPPOMLOJLHLGFCD87CC,分租套房,無,1150215~1160214,有,冷氣、網路,
鹽水區,租賃房屋,臺南市鹽水區土庫８４號四樓之八,0.0,,,,1150211,土地0建物1車位0,四層,4,公寓(5樓含以下無電梯),住家用,鋼筋混凝土造,0820401,34.18,1,1,1,有,無,有,5500,161,,0.0,0,台南市社會住宅包租代管第5期計畫公會版租金依照租金水準區間表評定,RPQNMLOJLHLGFDD97CC,獨立套房,無,1150311~1160310,無,冷氣、熱水器、洗衣機、電視機、冰箱,社會住宅代管
柳營區,租賃房屋,臺南市柳營區中山東路二段９７９號,0.0,,,,1150302,土地0建物1車位0,全,2,透天厝,住家用,加強磚造,0651228,102.85,4,2,2,有,無,無,12500,122,,0.0,0,含增建或未登記建物；,RPRNMLOJLHLGFDD08CC,整棟(戶)出租,無,1150315~1180314,無,熱水器,
新市區,租賃房屋,臺南市新市區社內１９６之３號,0.0,,,,1150223,土地0建物0車位0,全,3,透天厝,住家用,鋼筋混凝土造,1021202,18.0,8,0,8,有,無,有,4000,222,,0.0,0,租金總額含管理費；水費；網路費；續租案件；,RPPNMLOJLHLGFHD28CC,分租套房,無,1150323~1160322,無,冷氣、熱水器、洗衣機、電視機、冰箱、網路,一般轉租
新市區,租賃房屋,臺南市新市區社內１９６之３號,0.0,,,,1150213,土地0建物0車位0,全,3,透天厝,住家用,鋼筋混凝土造,1021202,18.0,8,0,8,有,無,有,4500,250,,0.0,0,租金總額含管理費；水費；網路費；,RPQNMLOJLHLGFHD38CC,分租套房,無,1150213~1160212,無,冷氣、熱水器、洗衣機、電視機、冰箱、網路,一般轉租
善化區,租賃房屋,臺南市善化區建國路１９號之２１,0.0,,,,1150227,土地0建物1車位0,一層,4,店面(店鋪),店舖，住宅，停車空間，樓梯間,鋼筋混凝土造,0960927,110.92,0,1,1,有,無,無,31500,284,,0.0,0,租金總額含水費；租賃建物部分範圍，且未計入共有部分面積；續租案件；,RPRNMLOJLHLGFHD48CC,,無,1150301~1160228,無,,
新市區,租賃房屋,臺南市新市區西拉雅大道５２１巷１弄１８號,0.0,,,,1150228,土地0建物0車位0,全,4,透天厝,商務住宅,鋼筋混凝土造,1110106,41.94,5,0,5,有,無,有,11000,262,,0.0,0,租金總額含水費；租賃建物部分範圍，且未計入共有部分面積；,RPSNMLOJLHLGFHD58CC,分租套房,無,1150301~1160228,無,冷氣、熱水器、洗衣機、電視機、冰箱,一般代管
新市區,租賃房屋,臺南市新市區西拉雅大道５２１巷１弄１８號,0.0,,,,1150301,土地0建物0車位0,一層,4,公寓(5樓含以下無電梯),商務住宅,鋼筋混凝土造,1110106,45.41,5,0,5,有,無,有,5500,121,,0.0,0,租金總額含水費；租賃建物部分範圍，且未計入共有部分面積；,RPTNMLOJLHLGFHD68CC,分租套房,無,1150301~1160228,無,冷氣、熱水器、洗衣機、電視機、冰箱,一般代管
善化區,租賃房屋+車位,臺南市善化區自由路２７１號十四樓之１,0.0,,,,1150228,土地0建物1車位1,十四層,15,住宅大樓(11層含以上有電梯),集合住宅,鋼筋混凝土造,1111216,156.95999999999998,3,2,2,有,有,有,27000,172,坡道平面,29.63,0,1.契約書未約定土地租賃標的2.由出租人提供租屋資訊租金總額含管理費；,RPVNMLOJLHLGFHD88CC,整棟(戶)出租,有,1150304~1160303,有,冷氣、洗衣機、電視機、冰箱,
善化區,租賃房屋,臺南市善化區和平路１２０號,0.0,,,,1150214,土地0建物0車位0,全,4,透天厝,住宅、店舖、樓梯間,鋼筋混凝土造,0940523,18.0,6,0,6,有,無,有,7000,389,,0.0,0,租金總額含管理費；水費；網路費；,RPWNMLOJLHLGFHD98CC,分租套房,無,1150215~1160214,無,冷氣、熱水器、洗衣機、電視機、冰箱、網路,一般代管
新市區,租賃房屋+車位,臺南市新市區潭頂３１７-２號７樓之２,0.0,,,,1150228,土地0建物1車位1,七層,7,華廈(10層含以下有電梯),集合住宅,鋼筋混凝土造,1120525,89.38,2,1,2,有,有,有,18000,201,升降機械,12.12,0,,RPOOMLOJLHLGFHD28CC,整棟(戶)出租,有,1150301~1160228,有,冷氣、熱水器、洗衣機、電視機、冰箱,一般代管
安定區,租賃房屋,臺南市安定區許中營９２之８號四樓之１０,0.0,,,,1150213,土地0建物1車位0,四層,7,華廈(10層含以下有電梯),集合住宅,鋼筋混凝土造,1131011,125.4,3,1,2,有,有,無,20000,159,,0.0,0,多人共同承租2；租金總額含管理費；續租案件；,RPPOMLOJLHLGFHD38CC,整棟(戶)出租,有,1150401~1160331,有,冷氣、熱水器,一般代管
安定區,租賃房屋,臺南市安定區許中營９２-８號４樓之１２,0.0,,,,1150214,土地0建物1車位0,四層,7,華廈(10層含以下有電梯),集合住宅,鋼筋混凝土造,1131011,98.58,2,1,2,有,有,有,18500,188,,0.0,0,多人共同承租2；租金總額含管理費；,RPQOMLOJLHLGFHD48CC,整棟(戶)出租,有,1150214~1160213,有,冷氣、熱水器、洗衣機、電視機、冰箱,一般代管
善化區,租賃房屋,臺南市善化區進學路５５號,0.0,,,,1150214,土地0建物1車位0,見其他登記事項,3,店面(店鋪),住家用,鋼筋混凝土造,0770613,58.23,4,1,3,有,無,無,15000,258,,0.0,0,1.契約書未約定土地租賃標的。2.由所有權人提供出租資訊。,RPROMLOJLHLGFHD58CC,,無,1150301~1160228,無,,
善化區,租賃房屋,臺南市善化區進學路５５號,0.0,,,,1150214,土地0建物1車位0,全,3,透天厝,住家用,鋼筋混凝土造,0770613,124.2,4,1,3,有,無,無,10000,81,,0.0,0,1.契約書未約定土地租賃標的。2.由所有權人提供出租資訊。3.租賃範圍含4樓增建面積約33.06平方公尺。含增建或未登記建物；,RPSOMLOJLHLGFHD68CC,,無,1150301~1160228,無,,
新市區,租賃房屋,臺南市新市區豐華４７之３０號,0.0,,,,1150226,土地0建物0車位0,全,3,透天厝,住家用,ＲＣ造、鋼鐵造,0791116,29.81,8,5,8,有,無,有,11000,369,,0.0,0,多人共同承租2；租金總額含水費；網路費；含增建或未登記建物；,RPTOMLOJLHLGFHD78CC,分租套房,無,1150227~1160228,無,冷氣、熱水器、洗衣機、電視機、冰箱、網路,一般代管
新市區,租賃房屋,臺南市新市區豐華４７之３０號,0.0,,,,1150227,土地0建物0車位0,全,3,透天厝,住家用,ＲＣ造、鋼鐵造,0791116,14.9,8,5,8,有,無,有,6500,436,,0.0,0,多人共同承租2；租金總額含水費；網路費；含增建或未登記建物；,RPUOMLOJLHLGFHD88CC,分租套房,無,1150227~1160228,無,冷氣、熱水器、洗衣機、電視機、冰箱、網路,一般代管
善化區,租賃房屋,臺南市善化區善化區中山路２４０巷１之４９號,0.0,,,,1150227,土地0建物0車位0,全,4,透天厝,住宅，樓梯間,鋼筋混凝土造,0960919,14.57,16,1,16,有,無,有,6000,412,,0.0,0,租金總額含水費；網路費；含增建或未登記建物；,RPVOMLOJLHLGFHD98CC,分租套房,無,1150227~1160228,無,冷氣、熱水器、洗衣機、電視機、冰箱、網路,一般代管
新市區,租賃房屋,臺南市新市區光華街１８８巷２９號,0.0,,,,1150211,土地0建物0車位0,全,4,透天厝,住家用,鋼筋混凝土造,1030925,18.0,7,0,7,有,無,有,6000,333,,0.0,0,租金總額含管理費；水費；網路費；,RPWOMLOJLHLGFHD09CC,分租套房,無,1150212~1160211,無,冷氣、熱水器、洗衣機、電視機、冰箱、網路,一般代管
仁德區,租賃房屋,臺南市仁德區文賢路二段１５巷１８弄１７號２樓之２,0.0,,,,1150301,土地0建物0車位0,二層,10,華廈(10層含以下有電梯),住家用,鋼筋混凝土造,0920910,18.18,5,2,5,有,無,有,11000,605,,0.0,0,文賢206房租金總額含水費；網路費；其他垃圾代收費；租賃建物部分範圍，且未計入共有部分面積；,RPPNMLOJLHLGFID38CC,分租套房,無,1150301~1150531,有,冷氣、熱水器、洗衣機、電視機、冰箱、網路,一般轉租
歸仁區,租賃房屋,臺南市歸仁區許厝村忠孝北路３９號,0.0,,,,1150302,土地0建物1車位0,全,4,透天厝,住商用,鋼筋混凝土造,0820304,324.92,6,2,4,有,無,無,23000,71,,0.0,0,,RPRNMLOJLHLGFID58CC,整棟(戶)出租,無,1150330~1180329,無,冷氣、冰箱,
永康區,租賃房屋,臺南市永康區鹽州里鹽忠街１１８號５樓之９,0.0,,,,1150224,土地0建物1車位0,五層,8,華廈(10層含以下有電梯),辦公室,鋼筋混凝土造,0950918,23.82,1,0,1,有,有,有,4300,181,,0.0,0,含增建或未登記建物；續租案件；,RPPNMLOJLHLGFKD58CC,獨立套房,有,1150301~1150831,有,冷氣、熱水器、電視機、冰箱、網路,一般代管
永康區,租賃房屋,臺南市永康區鹽州里鹽忠街１１８號７樓之６,0.0,,,,1150224,土地0建物1車位0,七層,8,華廈(10層含以下有電梯),辦公室,鋼筋混凝土造,0950918,17.259999999999998,1,0,1,有,有,有,4300,249,,0.0,0,含增建或未登記建物；續租案件；,RPQNMLOJLHLGFKD68CC,獨立套房,有,1150302~1160301,有,冷氣、熱水器、電視機、冰箱、網路,一般代管
永康區,租賃房屋,臺南市永康區鹽州里鹽忠街１１８號７樓之１９,0.0,,,,1150224,土地0建物1車位0,七層,8,華廈(10層含以下有電梯),辦公室,鋼筋混凝土造,0950918,18.17,1,0,1,有,有,有,4300,237,,0.0,0,含增建或未登記建物；續租案件；,RPRNMLOJLHLGFKD78CC,獨立套房,有,1150304~1150903,有,冷氣、熱水器、電視機、冰箱、網路,一般代管
永康區,租賃房屋,臺南市永康區鹽州里鹽忠街１１８號８樓之７,0.0,,,,1150226,土地0建物1車位0,八層,8,華廈(10層含以下有電梯),辦公室,鋼筋混凝土造,0950918,17.259999999999998,1,0,1,有,有,有,4300,249,,0.0,0,含增建或未登記建物；續租案件；,RPSNMLOJLHLGFKD88CC,獨立套房,有,1150326~1160325,有,冷氣、熱水器、電視機、冰箱、網路,一般代管
永康區,租賃房屋,臺南市永康區中正七街２５巷８號,0.0,,,,1150228,土地0建物0車位0,全,5,透天厝,住家用,鋼筋混凝土造,0990120,23.47,27,0,27,有,無,有,6800,290,,0.0,0,租賃建物部分範圍，且未計入共有部分面積；續租案件；,RPTNMLOJLHLGFKD98CC,分租套房,無,1150301~1160228,無,冷氣、熱水器、洗衣機、電視機、冰箱、有線電視,一般代管
永康區,租賃房屋,臺南市永康區新行街１８號,0.0,,,,1150226,土地0建物1車位0,全,2,透天厝,住商用,加強磚造,0691201,91.6,2,2,2,有,無,無,16000,175,,0.0,0,租賃範圍含三樓增建,RPVNMLOJLHLGFKD56CC,整棟(戶)出租,無,1150315~1160314,無,冷氣,
永康區,租賃房屋,臺南市永康區復華里復華七街１１９號,0.0,,,,1150223,土地0建物0車位0,全,4,透天厝,住商用,鋼筋混凝土造,0820916,49.59,4,0,6,有,無,有,10000,202,,0.0,0,1.契約書未約定土地租賃標的。2.由所有權人提供出租資訊。租金總額含水費；,RPOOMLOJLHLGFKD58CC,分租套房,無,1150301~1160228,無,冷氣、電視機、冰箱,
永康區,租賃房屋,臺南市永康區中山南路４６７巷１５號,0.0,,,,1150215,土地0建物0車位0,全,2,透天厝,廠房、辦公室、倉庫、員工宿舍。,加強磚造,0690301,28.74,23,23,23,有,無,有,13000,452,,0.0,0,租金總額含水費；網路費；含增建或未登記建物；,RPROMLOJLHLGFKD88CC,分租套房,無,1150215~1160220,無,冷氣、熱水器、洗衣機、電視機、冰箱、網路,一般代管
永康區,租賃房屋+車位,臺南市永康區中山南路４６７巷１５號,0.0,,,,1150225,土地0建物0車位1,全,2,透天厝,廠房、辦公室、倉庫、員工宿舍。,加強磚造,0690301,28.74,23,23,23,有,無,有,13000,452,一樓平面,0.0,1500,租金總額含水費；網路費；含增建或未登記建物；,RPSOMLOJLHLGFKD98CC,分租套房,無,1150225~1160301,無,冷氣、熱水器、洗衣機、電視機、冰箱、網路,一般代管
永康區,租賃房屋+車位,臺南市永康區勝華街９８巷６號１４樓之５,0.0,,,,1150226,土地0建物1車位1,十四層,15,住宅大樓(11層含以上有電梯),集合住宅,鋼筋混凝土構造,1120309,152.04000000000002,3,2,2,有,有,有,28000,184,坡道平面,32.49,0,租金總額含管理費；,RPVOMLOJLHLGFKD66CC,整棟(戶)出租,有,1150301~1160228,有,冷氣、熱水器、瓦斯或天然氣,
永康區,租賃房屋,臺南市永康區忠義街６０巷１號８樓之 ３,0.0,,,,1150224,土地0建物1車位0,八層,15,住宅大樓(11層含以上有電梯),辦公室。,鋼筋混凝土造,0840331,42.69,1,0,1,有,有,有,15000,351,,0.0,0,多人共同承租2；租金總額含管理費；,RPWOMLOJLHLGFKD76CC,獨立套房,有,1150224~1160228,有,冷氣、熱水器、洗衣機、電視機、冰箱,
中西區,租賃房屋,臺南市中西區大同路一段４６巷５０號五樓之２,0.0,,,,1150222,土地0建物1車位0,五層,5,華廈(10層含以下有電梯),集合住宅,鋼筋混凝土造,0870706,32.769999999999996,1,1,1,有,有,有,15000,458,,0.0,0,租金總額含管理費；,RPPNMLPJLHLGFAD67CC,獨立套房,無,1150301~1160301,有,冷氣、熱水器、洗衣機、電視機、冰箱,
中西區,租賃房屋,臺南市中西區忠明街３３號六樓之２,0.0,,,,1150224,土地0建物1車位0,六層,7,華廈(10層含以下有電梯),住家用,鋼筋混凝土造,0800906,25.28,1,0,1,有,無,有,7000,277,,0.0,0,台南市不動產租賃公會民間住宅包租代管第5期計畫。,RPQNMLPJLHLGFAD77CC,獨立套房,無,1150225~1160224,有,冷氣、熱水器、電視機、冰箱,社會住宅代管
中西區,租賃房屋,臺南市中西區康樂街１５６號六樓之３,0.0,,,,1150303,土地0建物0車位0,六層,12,住宅大樓(11層含以上有電梯),住家用,鋼筋混凝土造,0781002,12.19,4,0,4,有,有,有,7000,574,,0.0,0,1.契約書未約定土地租賃標的。2.由所有權人提供租屋資訊。3.租賃建物部分範圍。租金總額含管理費；水費；網路費；其他第四台；,RPRNMLPJLHLGFAD87CC,分租套房,有,1150305~1160304,有,冷氣、熱水器、洗衣機、電視機、冰箱、有線電視、網路,
中西區,租賃房屋,臺南市中西區民權路一段１５３號三樓之１,0.0,,,,1150224,土地0建物1車位0,三層,9,華廈(10層含以下有電梯),商業用,鋼筋混凝土造,0740822,118.73,3,1,2,有,有,無,15000,126,,0.0,0,多人共同承租2；,RPSNMLPJLHLGFAD97CC,整棟(戶)出租,有,1150310~1160309,有,冷氣、熱水器,
北區,租賃房屋+車位,臺南市北區北成路４０１號７樓之５,0.0,,,,1150228,土地0建物1車位1,七層,14,住宅大樓(11層含以上有電梯),集合住宅,鋼筋混凝土造,0990406,102.68,2,1,1,有,有,有,16700,163,坡道平面,31.99,0,管理費每月1300元由出租人負擔,RPTNMLPJLHLGFAD08CC,整棟(戶)出租,有,1150310~1160309,有,冷氣、熱水器、洗衣機、電視機、冰箱、瓦斯或天然氣,
中西區,租賃房屋,臺南市中西區開山路２６７號四樓之２,0.0,,,,1150304,土地0建物1車位0,四層,5,公寓(5樓含以下無電梯),住家用,鋼筋混凝土造,0700604,63.76,2,2,1,有,無,有,15000,235,,0.0,0,台南市社會住宅包租代管 增辦第4期計畫 公會版；水、電費由承租人負擔。多人共同承租2；續租案件；,RPUNMLPJLHLGFAD18CC,整棟(戶)出租,無,1150316~1160315,無,冷氣、熱水器、洗衣機、電視機、冰箱,社會住宅包租轉租
中西區,租賃房屋,臺南市中西區頂美一街７號四樓之２,0.0,,,,1150213,土地0建物1車位0,四層,7,華廈(10層含以下有電梯),住家用,鋼筋混凝土造,0661202,37.31,1,1,1,有,有,有,7800,209,,0.0,0,台南市社會住宅包租代管第5期計畫公會版租金依照租金水準區間表評定,RPVNMLPJLHLGFAD28CC,獨立套房,有,1150310~1180309,有,冷氣、熱水器、洗衣機、電視機,社會住宅包租轉租
北區,租賃房屋,臺南市北區北門路二段１５０號,0.0,,,,1150221,土地0建物0車位0,全,5,透天厝,住商用,鋼筋混凝土造,0750902,16.53,24,1,16,有,無,有,5800,351,,0.0,0,租金總額含網路費；,RPWNMLPJLHLGFAD38CC,分租套房,無,1150225~1150711,無,冷氣、熱水器、網路,一般轉租
安南區,租賃房屋,臺南市安南區大安街４６１巷３７弄９１號,0.0,,,,1150301,土地0建物1車位0,全,3,透天厝,住家用,鋼筋混凝土造,0820825,264.37,5,2,4,有,無,無,28000,106,,0.0,0,,RPPNMLPJLHLGFBD77CC,整棟(戶)出租,無,1150308~1160307,無,冷氣、熱水器、瓦斯或天然氣,
安南區,租賃房屋,臺南市安南區公學路二段１２２號,0.0,,,,1150226,土地0建物1車位0,全,2,透天厝,住商用,鋼筋混凝土造,0811001,142.32,4,3,5,有,無,無,15000,105,,0.0,0,續租案件；,RPRNMLPJLHLGFBD97CC,整棟(戶)出租,無,1150301~1160228,無,冷氣、熱水器,
安南區,租賃房屋,臺南市安南區安和路四段５３３巷１５９號,0.0,,,,1150226,土地0建物1車位0,全,2,透天厝,住商用,加強磚造,0750626,122.39,4,2,2,有,無,有,15000,123,,0.0,0,,RPSNMLPJLHLGFBD08CC,整棟(戶)出租,無,1150226~1180225,無,冷氣、熱水器、洗衣機、冰箱,社會住宅包租轉租
安南區,租賃房屋,臺南市安南區樂活一街２２號十六樓,0.0,,,,1150304,土地0建物1車位0,十六層,19,住宅大樓(11層含以上有電梯),集合住宅,鋼筋混凝土造,1100526,109.58000000000001,2,2,1,有,有,有,12800,117,,0.0,0,台南市社會住宅包租代管 增辦第4期計畫公會版；水、電、瓦斯費由承租人負擔，租金已扣除管理費  2200  元。未租賃車位，建物登記含有車位面積；續租案件；,RPTNMLPJLHLGFBD18CC,整棟(戶)出租,有,1150310~1160309,有,冷氣、熱水器、洗衣機、電視機、冰箱、瓦斯或天然氣,社會住宅代管
東區,租賃房屋,臺南市東區光華街１２號二樓之５,0.0,,,,1150225,土地0建物1車位0,二層,9,華廈(10層含以下有電梯),住家用,鋼筋混凝土造,0831111,85.33000000000001,1,1,1,有,有,有,11000,129,,0.0,0,台南市不動產租賃公會民間住宅包租代管第5期計畫。續租案件；,RPPNMLPJLHLGFCD87CC,獨立套房,有,1150306~1160305,有,冷氣、熱水器、洗衣機、冰箱、瓦斯或天然氣,社會住宅代管
東區,租賃房屋,臺南市東區仁東街６３號四樓之１２,0.0,,,,1150225,土地0建物1車位0,四層,12,住宅大樓(11層含以上有電梯),住家用,鋼筋混凝土造,0870919,76.44,2,2,1,有,有,有,13500,177,,0.0,0,台南市不動產租賃公會民間住宅包租代管第5期計畫。,RPQNMLPJLHLGFCD97CC,整棟(戶)出租,有,1150225~1160224,有,冷氣、熱水器、洗衣機、電視機、冰箱、瓦斯或天然氣,社會住宅包租轉租
東區,租賃房屋,臺南市東區育樂街１５６號二樓,0.0,,,,1150303,土地0建物1車位0,二層,4,公寓(5樓含以下無電梯),住家用,鋼筋混凝土造,0570101,84.33,3,2,1,有,無,無,15000,178,,0.0,0,,RPRNMLPJLHLGFCD08CC,整棟(戶)出租,無,1150303~1180302,無,冷氣、熱水器,社會住宅包租轉租
東區,租賃房屋,臺南市東區崇明２４街８０號３樓之３６,0.0,,,,1150226,土地0建物1車位0,三層,6,華廈(10層含以下有電梯),集合住宅,鋼筋混凝土構造,1110601,34.76,1,0,1,有,有,有,11500,331,,0.0,0,管理費:1100元水費:200元,RPSNMLPJLHLGFCD18CC,獨立套房,有,1150301~1160228,有,冷氣、熱水器、洗衣機、電視機、冰箱、網路,一般轉租
東區,租賃房屋,臺南市東區崇明２４街８０號５樓之１２,0.0,,,,1150227,土地0建物1車位0,五層,6,華廈(10層含以下有電梯),集合住宅,鋼筋混凝土構造,1110601,44.519999999999996,1,0,1,有,有,無,14300,321,,0.0,0,管理費:1200元水費:250元,RPTNMLPJLHLGFCD28CC,獨立套房,有,1150301~1160228,有,冷氣、熱水器、洗衣機、電視機、冰箱、網路,一般轉租
南區,租賃房屋,臺南市南區大同路二段４８２巷１５５弄１８號,0.0,,,,1150301,土地0建物1車位0,全,2,透天厝,住家用,加強磚造,0731116,110.51,3,1,2,有,無,無,15000,136,,0.0,0,,RPVNMLPJLHLGFCD48CC,整棟(戶)出租,無,1150301~1160301,無,熱水器,
東區,租賃房屋,臺南市東區大同路二段７７號１６樓之３,0.0,,,,1150301,土地0建物1車位0,十六層,16,住宅大樓(11層含以上有電梯),住家用,鋼筋混凝土造,0831216,99.52000000000001,2,2,1,有,有,有,13000,131,,0.0,0,,RPWNMLPJLHLGFCD58CC,整棟(戶)出租,有,1150301~1160228,有,冷氣、熱水器、洗衣機、冰箱、瓦斯或天然氣,
東區,租賃房屋,臺南市東區府東街１０７號二樓之１,0.0,,,,1150304,土地0建物1車位0,二層,16,住宅大樓(11層含以上有電梯),住家用,鋼筋混凝土造,0851004,73.47,2,2,1,有,有,有,12000,163,,0.0,0,台南市社會住宅包租代管 第4期計畫 公會版；水、電、瓦斯費由承租人負擔，管理費1112元不包含在租金由承租人負擔。續租案件；,RPXNMLPJLHLGFCD68CC,整棟(戶)出租,有,1150312~1160311,有,冷氣、熱水器、洗衣機、電視機、冰箱、瓦斯或天然氣,社會住宅代管
南區,租賃房屋,臺南市南區大德街１４１巷２７號５樓,0.0,,,,1150216,土地0建物0車位0,五層,5,公寓(5樓含以下無電梯),住家用,鋼筋混凝土造,0830618,18.0,4,1,3,有,無,有,8000,444,,0.0,0,租金總額含網路費；,RPOOMLPJLHLGFCD87CC,分租套房,無,1150216~1160215,無,冷氣、熱水器、冰箱、網路,一般轉租
東區,租賃房屋,臺南市東區東興路３１巷５號,0.0,,,,1150221,土地0建物0車位0,全,5,透天厝,住商用,鋼筋混凝土造,0831115,13.22,17,1,17,有,無,有,4500,340,,0.0,0,租金總額含網路費；,RPPOMLPJLHLGFCD97CC,分租套房,無,1150221~1150626,無,冷氣、熱水器、網路,一般轉租
新營區,租賃房屋,臺南市新營區民治路２０１號,0.0,,,,1150302,土地0建物1車位0,全,4,透天厝,住商用,鋼筋混凝土造,0770303,251.44,5,2,4,有,無,有,36500,145,,0.0,0,,RPPNMLPJLHLGFDD97CC,整棟(戶)出租,無,1150401~1200331,無,冷氣、電視機、冰箱,
善化區,租賃房屋,臺南市善化區中山路２４０巷１之４９號,0.0,,,,1150301,土地0建物0車位0,全,4,透天厝,住宅，樓梯間,鋼筋混凝土造,0960919,14.57,16,1,16,有,無,有,8000,549,,0.0,0,租金總額含水費；網路費；含增建或未登記建物；,RPPNMLPJLHLGFHD38CC,分租套房,無,1150301~1160301,無,冷氣、熱水器、洗衣機、電視機、冰箱、網路,一般代管
新市區,租賃房屋,臺南市新市區大營１２６之４３號,0.0,,,,1150302,土地0建物0車位0,全,4,透天厝,住家用,鋼筋混凝土造,1021111,19.77,20,1,20,有,無,有,7500,379,,0.0,0,多人共同承租2；租金總額含水費；網路費；,RPRNMLPJLHLGFHD58CC,分租套房,無,1150302~1160302,無,冷氣、熱水器、洗衣機、電視機、冰箱、網路,一般代管
新化區,租賃房屋,臺南市新化區中正路６８６巷３７號,0.0,,,,1150304,土地0建物1車位0,見其他登記事項,1,工廠,廠房,鋼骨構造,1111220,163.74,0,0,0,無,無,無,43000,,,0.0,0,租金未含稅,RPSNMLPJLHLGFHD68CC,,無,1150401~1170331,無,,
新市區,租賃房屋,臺南市新市區大營１２６之４３號,0.0,,,,1150302,土地0建物0車位0,全,4,透天厝,住家用,鋼筋混凝土造,1021111,19.44,20,1,20,有,無,有,7000,360,,0.0,0,租金總額含水費；網路費；,RPTNMLPJLHLGFHD78CC,分租套房,無,1150302~1160302,無,冷氣、熱水器、洗衣機、電視機、冰箱、網路,一般代管
新市區,租賃房屋,臺南市新市區永就１５之５７號,0.0,,,,1150301,土地0建物0車位0,全,4,透天厝,住宅、門廊,鋼筋混凝土造,1011205,17.3,7,1,7,有,無,有,7000,405,,0.0,0,租金總額含水費；網路費；,RPUNMLPJLHLGFHD88CC,分租套房,無,1150301~1160301,無,冷氣、熱水器、洗衣機、電視機、冰箱、網路,一般代管
仁德區,租賃房屋,臺南市仁德區文賢路二段１５巷１８弄１７號５樓之２,0.0,,,,1150304,土地0建物0車位0,五層,10,華廈(10層含以下有電梯),住家用,鋼筋混凝土造,0920910,14.88,5,2,5,有,無,有,8500,571,,0.0,0,文賢510房租金總額含水費；網路費；其他垃圾代收費；租賃建物部分範圍，且未計入共有部分面積；續租案件；,RPPNMLPJLHLGFID48CC,分租套房,無,1150321~1160320,有,冷氣、熱水器、洗衣機、電視機、冰箱、網路,一般轉租
仁德區,租賃房屋,臺南市仁德區二仁路一段１０８號,0.0,,,,1150220,土地0建物0車位0,全,4,透天厝,店舖、住宅,鋼筋混凝土構造,1051101,16.53,14,1,14,有,無,有,5500,333,,0.0,0,租金總額含網路費；,RPQNMLPJLHLGFID58CC,分租套房,無,1150220~1150619,無,冷氣、熱水器、洗衣機、冰箱、網路,一般轉租
仁德區,租賃房屋,臺南市仁德區二仁路一段１０８號,0.0,,,,1150220,土地0建物0車位0,全,4,透天厝,店舖、住宅,鋼筋混凝土構造,1051101,16.53,14,1,14,有,無,有,5500,333,,0.0,0,租金總額含網路費；,RPRNMLPJLHLGFID68CC,分租套房,無,1150220~1150619,無,冷氣、熱水器、洗衣機、冰箱、網路,一般轉租
永康區,租賃房屋,臺南市永康區復華里復國一路４７５巷２８號三樓之１０,0.0,,,,1150212,土地0建物1車位0,三層,5,華廈(10層含以下有電梯),住家用,鋼筋混凝土構造,1070402,13.61,1,0,1,有,有,有,4350,320,,0.0,0,含增建或未登記建物；,RPPNMLPJLHLGFKD68CC,獨立套房,有,1150220~1150819,有,冷氣、熱水器、電視機、冰箱、網路,一般代管
永康區,租賃房屋,臺南市永康區復華里復國一路４７５巷２８號三樓之３１,0.0,,,,1150226,土地0建物1車位0,三層,5,華廈(10層含以下有電梯),住家用,鋼筋混凝土構造,1070402,13.61,1,0,1,有,有,有,4350,320,,0.0,0,含增建或未登記建物；續租案件；,RPQNMLPJLHLGFKD78CC,獨立套房,有,1150401~1150930,有,冷氣、熱水器、電視機、冰箱、網路,一般代管
永康區,租賃房屋,臺南市永康區復華里復國一路４７５巷２８號五樓之１７,0.0,,,,1150226,土地0建物1車位0,五層,5,華廈(10層含以下有電梯),住家用,鋼筋混凝土構造,1070402,13.61,1,0,1,有,有,有,4350,320,,0.0,0,含增建或未登記建物；續租案件；,RPRNMLPJLHLGFKD88CC,獨立套房,有,1150312~1150911,有,冷氣、熱水器、電視機、冰箱、網路,一般代管
永康區,租賃房屋+車位,臺南市永康區永安路９號８樓之５,0.0,,,,1150227,土地0建物1車位1,八層,14,住宅大樓(11層含以上有電梯),集合住宅,鋼筋混凝土構造,1111007,159.49,3,2,2,有,有,有,25000,157,坡道平面,36.35,0,車位編號B1-175號,RPSNMLPJLHLGFKD98CC,整棟(戶)出租,有,1150227~1160228,有,冷氣、熱水器、洗衣機、電視機、冰箱、瓦斯或天然氣,
永康區,租賃房屋,臺南市永康區鹽行路１００巷８號,0.0,,,,1150304,土地0建物0車位0,全,4,透天厝,停車空間，住宅,鋼筋混凝土構造,1030715,23.14,8,0,8,有,無,有,5500,238,,0.0,0,1.契約書未約定土地租賃標的。2.由所有權人提供出租資訊。,RPUNMLPJLHLGFKD56CC,分租套房,無,1150309~1160308,無,冷氣、熱水器、洗衣機、電視機、冰箱,一般代管
永康區,租賃房屋,臺南市永康區大民街１３６號五樓之３,0.0,,,,1150304,土地0建物1車位0,五層,5,華廈(10層含以下有電梯),住家用,鋼筋混凝土構造,1081029,54.27,1,1,1,有,有,有,9400,173,,0.0,0,台南市社會住宅包租代管 第5期計畫 中央版；水、電費由承租人負擔，管理費600元不包含在租金由承租人負擔。,RPPOMLPJLHLGFKD78CC,獨立套房,無,1150310~1170309,有,冷氣、熱水器、洗衣機、電視機、冰箱,社會住宅包租轉租
永康區,租賃房屋,臺南市永康區大橋一街５７之５號６樓之１８,0.0,,,,1150228,土地0建物1車位0,六層,14,住宅大樓(11層含以上有電梯),住家用,鋼筋混凝土造,0880824,34.53,1,0,1,有,有,有,8500,246,,0.0,0,租金總額含管理費；,RPQOMLPJLHLGFKD88CC,整棟(戶)出租,有,1150301~1160301,有,冷氣、洗衣機、電視機、冰箱,
永康區,租賃房屋,臺南市永康區永大路二段９８６巷８號,0.0,,,,1150226,土地0建物1車位0,全,3,透天厝,住家用,鋼筋混凝土造,0811223,130.87,4,2,4,有,無,有,17000,130,,0.0,0,,RPROMLPJLHLGFKD98CC,整棟(戶)出租,無,1150226~1180225,無,冷氣、熱水器、洗衣機、電視機、冰箱,社會住宅包租轉租
安平區,租賃房屋,臺南市安平區育平五街６８號１５樓之３,0.0,,,,1150303,土地0建物1車位0,十五層,20,住宅大樓(11層含以上有電梯),住家用,鋼筋混凝土造,0871121,80.78,2,2,2,有,有,有,20000,248,,0.0,0,租金不含管理費，租客自行繳交給管委會多人共同承租2；未租賃車位，建物登記含有車位面積；,RPPNMLQJLHLGFAD77CC,整棟(戶)出租,有,1150315~1160314,有,冷氣、熱水器、洗衣機、電視機、冰箱、瓦斯或天然氣,
中西區,租賃房屋,臺南市中西區大勇街６４號七樓之３,0.0,,,,1150305,土地0建物1車位0,七層,8,華廈(10層含以下有電梯),住家用,鋼筋混凝土造,0811209,27.37,1,1,1,有,有,有,6500,237,,0.0,0,租金總額含管理費；,RPQNMLQJLHLGFAD87CC,獨立套房,無,1150310~1160309,有,冷氣、熱水器、洗衣機、電視機、冰箱,
中西區,租賃房屋,臺南市中西區民族路二段５７巷１２號二樓之６,0.0,,,,1150227,土地0建物1車位0,二層,6,華廈(10層含以下有電梯),住家用,鋼筋混凝土造,0790705,25.87,1,0,1,有,有,有,6800,263,,0.0,0,此為國家住宅及都市更新中心社會住宅包租代管第5期計畫。,RPRNMLQJLHLGFAD97CC,獨立套房,有,1150308~1160307,有,冷氣、熱水器、電視機、冰箱,社會住宅代管
安平區,租賃房屋,臺南市安平區健康三街５９２巷５５號二十一樓之８,0.0,,,,1150304,土地0建物1車位0,二十一層,24,住宅大樓(11層含以上有電梯),住家用,鋼筋混凝土造,0861022,135.24,3,2,2,有,有,有,20000,148,,0.0,0,此為國家住宅及都市更新中心社會住宅包租代管第5期計畫。續租案件；,RPSNMLQJLHLGFAD08CC,整棟(戶)出租,有,1150316~1160315,有,冷氣、熱水器、洗衣機、瓦斯或天然氣,社會住宅代管
安平區,租賃房屋+車位,臺南市安平區國平北路１２５號１５樓之１１,0.0,,,,1150226,土地0建物1車位1,十五層,18,住宅大樓(11層含以上有電梯),集合住宅,鋼筋混凝土構造,1100503,111.31,2,1,1,有,有,有,20500,239,坡道平面,27.75,500,參加國家住宅及都市更新中心辦理社會住宅包租代管增辦第四期計畫公會版租金總額含管理費；續租案件；,RPTNMLQJLHLGFAD18CC,整棟(戶)出租,有,1150301~1160228,有,冷氣、熱水器、洗衣機、電視機、冰箱,社會住宅代管
北區,租賃房屋+車位,臺南市北區開元路５２１號１５樓之３,0.0,,,,1150218,土地0建物1車位1,十五層,24,住宅大樓(11層含以上有電梯),集合住宅,鋼筋混凝土構造,1041105,165.56,3,2,2,有,有,有,22500,154,坡道平面,32.55,2000,參加國家住宅及都市更新中心辦理社會住宅包租代管第四期計畫公會版續租案件；,RPVNMLQJLHLGFAD38CC,整棟(戶)出租,有,1150325~1160324,有,冷氣、熱水器、洗衣機、電視機、冰箱、瓦斯或天然氣,社會住宅代管
安平區,租賃房屋+車位,臺南市安平區國平北路１４７號２樓之１２,0.0,,,,1150215,土地0建物1車位1,二層,34,住宅大樓(11層含以上有電梯),集合住宅,鋼骨鋼筋混凝土造、鋼筋混凝土造,1140415,114.63,2,1,1,有,有,無,25000,218,坡道平面,33.34,0,,RPWNMLQJLHLGFAD48CC,整棟(戶)出租,有,1150223~1160223,有,冷氣、熱水器、洗衣機、電視機、冰箱,
中西區,租賃房屋+車位,臺南市中西區中正路３５６號二樓之６,0.0,,,,1150226,土地0建物1車位2,二層,14,住宅大樓(11層含以上有電梯),集合住宅,鋼筋混凝土造,0970812,277.44,3,2,3,有,有,有,40000,144,坡道平面,66.2,0,1.契約書未約定土地租賃標的。   2.由所有權人提供租屋資訊。 3.115.3.17-115.3.20止為無償使用期間。多人共同承租2；租金總額含管理費；,RPPOMLQJLHLGFAD87CC,整棟(戶)出租,有,1150320~1160319,有,冷氣、熱水器、洗衣機、電視機、冰箱、瓦斯或天然氣,
安平區,租賃房屋+車位,臺南市安平區永華路二段９００號４樓之３,0.0,,,,1150220,土地0建物1車位1,四層,14,住宅大樓(11層含以上有電梯),集合住宅,ＲＣ造,0960111,154.77,3,2,2,有,有,有,23400,177,坡道平面,28.2,1000,參加國家住宅及都市更新中心辦理社會住宅包租代管第四期計畫公會版,RPQOMLQJLHLGFAD97CC,整棟(戶)出租,有,1150302~1160301,有,冷氣、熱水器、冰箱,社會住宅代管
中西區,租賃房屋,臺南市中西區金華路三段２５２號十樓之９,0.0,,,,1150212,土地0建物1車位0,十層,21,住宅大樓(11層含以上有電梯),住家用,鋼筋混凝土造,0870219,36.03,1,0,1,有,有,有,8500,236,,0.0,0,參加公會版住宅包租代管四之一期計畫租金總額含管理費；續租案件；,RPROMLQJLHLGFAD08CC,獨立套房,有,1150216~1160215,有,冷氣、熱水器、洗衣機、電視機、冰箱,社會住宅代管
北區,租賃房屋,臺南市北區長榮路五段４１巷４８號八樓之１,0.0,,,,1150212,土地0建物1車位0,八層,14,住宅大樓(11層含以上有電梯),集合住宅,鋼筋混凝土造,0920916,148.9,3,2,2,有,有,有,22500,151,,0.0,0,台南市社會住宅包租代管第5期計畫公會版租金依照租金水準區間表評定,RPSOMLQJLHLGFAD18CC,整棟(戶)出租,有,1150316~1160315,有,冷氣、熱水器、瓦斯或天然氣,社會住宅代管
北區,租賃房屋+車位,臺南市北區大武街１３８號四樓之２,0.0,,,,1150220,土地0建物1車位1,四層,13,住宅大樓(11層含以上有電梯),集合住宅,鋼筋混凝土造,0911227,142.38,3,2,2,有,有,有,18500,130,坡道平面,0.0,1500,參加國家住宅及都市更新中心辦理社會住宅包租代管增辦第四期計畫公會版續租案件；,RPTOMLQJLHLGFAD28CC,整棟(戶)出租,有,1150405~1160404,有,冷氣、熱水器、洗衣機、電視機、冰箱、瓦斯或天然氣,社會住宅代管
安平區,租賃房屋,臺南市安平區國平北路１３７號５樓之１１,0.0,,,,1150222,土地0建物1車位0,五層,34,住宅大樓(11層含以上有電梯),集合住宅,鋼骨鋼筋混凝土造、鋼筋混凝土造,1140415,76.6,2,1,1,有,有,無,21500,281,,0.0,0,租金總額含管理費；,RPUOMLQJLHLGFAD38CC,整棟(戶)出租,有,1150301~1160301,有,冷氣、熱水器、洗衣機、冰箱,
安南區,租賃房屋,臺南市安南區海環街１３５巷４２號之１,0.0,,,,1150218,土地0建物1車位0,全,3,透天厝,住家用,鋼筋混凝土造,0820522,183.15,4,2,3,有,無,有,20000,109,,0.0,0,參加國家住宅及都市更新中心辦理社會住宅包租代管第五期計畫中央版續租案件；,RPPNMLQJLHLGFBD87CC,整棟(戶)出租,無,1150401~1160331,無,冷氣、熱水器,社會住宅代管
安南區,租賃房屋,臺南市安南區同安路２３７巷１號三樓之８,0.0,,,,1150224,土地0建物1車位0,三層,13,住宅大樓(11層含以上有電梯),住家用,鋼筋混凝土造,0880409,106.28,3,1,2,有,有,有,22000,207,,0.0,0,台南市社會住宅包租代管第5期計畫公會版租金依照租金水準區間表評定,RPQNMLQJLHLGFBD97CC,整棟(戶)出租,有,1150311~1180310,有,冷氣、洗衣機、電視機、冰箱、瓦斯或天然氣,社會住宅包租轉租
安南區,租賃房屋,臺南市安南區培安路３０５巷３號十二樓之５,0.0,,,,1150225,土地0建物1車位0,十二層,15,住宅大樓(11層含以上有電梯),集合住宅,鋼筋混凝土造,1101207,102.9,2,2,1,有,有,有,18500,180,,0.0,0,台南市社會住宅包租代管第5期計畫公會版租金依照租金水準區間表評定未租賃車位，建物登記含有車位面積；,RPRNMLQJLHLGFBD08CC,整棟(戶)出租,有,1150316~1180315,有,冷氣、熱水器、洗衣機、電視機、冰箱、瓦斯或天然氣,社會住宅包租轉租
安南區,租賃房屋+車位,臺南市安南區北安路二段４９３號十四樓之３,0.0,,,,1150220,土地0建物1車位1,十四層,15,住宅大樓(11層含以上有電梯),集合住宅,鋼筋混凝土造,1120911,116.62,2,2,1,有,有,無,18200,175,坡道平面,29.98,3000,參加國家住宅及都市更新中心辦理社會住宅包租代管第四期計畫公會版續租案件；,RPSNMLQJLHLGFBD18CC,整棟(戶)出租,有,1150321~1160320,有,冷氣、熱水器、瓦斯或天然氣,社會住宅代管
南區,租賃房屋,臺南市南區萬年七街１７３號九樓之２,0.0,,,,1150302,土地0建物1車位0,九層,15,住宅大樓(11層含以上有電梯),集合住宅,鋼筋混凝土構造,1070619,97.03999999999999,2,2,1,有,有,有,18000,185,,0.0,0,此為國家住宅及都市更新中心社會住宅包租代管第5期計畫。,RPPNMLQJLHLGFCD97CC,整棟(戶)出租,有,1150313~1160312,有,冷氣、熱水器、洗衣機、電視機、冰箱、瓦斯或天然氣,社會住宅包租轉租
南區,租賃房屋+車位,臺南市南區南功街８１號五樓,0.0,,,,1150305,土地0建物1車位1,五層,8,華廈(10層含以下有電梯),住家用,鋼筋混凝土造,0881028,161.4,3,2,2,有,有,有,18500,112,坡道平面,14.36,2000,台南市社會住宅包租代管 增辦第4期計畫 公會版；水、電、瓦斯費由承租人負擔，管理費2000元不包含在租金由承租人負擔。續租案件；,RPSNMLQJLHLGFCD28CC,整棟(戶)出租,有,1150320~1160319,有,冷氣、熱水器、洗衣機、冰箱、瓦斯或天然氣,社會住宅代管
東區,租賃房屋+車位,臺南市東區莊敬路１１９號四樓,0.0,,,,1150223,土地0建物1車位1,四層,9,華廈(10層含以下有電梯),住家用,鋼筋混凝土造,0860326,137.26999999999998,4,1,2,有,有,有,20500,149,坡道平面,0.0,2500,參加國家住宅及都市更新中心辦理社會住宅包租代管第五期計畫中央版,RPTNMLQJLHLGFCD38CC,整棟(戶)出租,有,1150301~1160228,有,冷氣、熱水器、瓦斯或天然氣,社會住宅代管
東區,租賃房屋,臺南市東區長榮路三段１３號,0.0,,,,1150226,土地0建物1車位0,一層,3,店面(店鋪),住商用,鋼筋混凝土造,0690315,39.68,4,1,2,有,無,無,19000,479,,0.0,0,自民國115年3月1日起至民國115年4月30日止為免租金裝潢期。含增建或未登記建物；,RPUNMLQJLHLGFCD48CC,,無,1150301~1200228,無,,
東區,租賃房屋,臺南市東區長榮路三段１３號,0.0,,,,1150226,土地0建物1車位0,全,3,透天厝,住商用,鋼筋混凝土造,0690315,79.36,4,1,2,有,無,無,17000,214,,0.0,0,自民國115年3月1日起至民國115年4月30日止為免租金裝潢期。含增建或未登記建物；,RPVNMLQJLHLGFCD58CC,,無,1150301~1200228,無,,
東區,租賃房屋,臺南市東區育樂街１５６號２樓,0.0,,,,1150303,土地0建物1車位0,二層,4,公寓(5樓含以下無電梯),住家用,鋼筋混凝土造,0570101,84.33,3,2,1,有,無,無,15000,178,,0.0,0,,RPWNMLQJLHLGFCD68CC,整棟(戶)出租,無,1150303~1160302,無,冷氣、熱水器,
麻豆區,租賃房屋,臺南市麻豆區麻佳路二段２７２號,0.0,,,,1150225,土地0建物1車位0,全,5,透天厝,住家用,鋼筋混凝土造,0830203,310.63,8,2,5,有,無,有,22000,71,,0.0,0,,RPPNMLQJLHLGFFD28CC,整棟(戶)出租,無,1150301~1180228,無,冷氣、熱水器、冰箱、瓦斯或天然氣,
新市區,租賃房屋,臺南市新市區富林路５９１號二樓之５,0.0,,,,1150304,土地0建物1車位0,二層,14,住宅大樓(11層含以上有電梯),集合住宅,鋼筋混凝土造,1120823,90.39,2,2,2,有,有,有,18000,199,,0.0,0,台南市社會住宅包租代管第4期計畫。續租案件；,RPPNMLQJLHLGFHD48CC,整棟(戶)出租,有,1150304~1160303,有,冷氣、熱水器、洗衣機、電視機、冰箱,社會住宅包租轉租
新市區,租賃房屋,臺南市新市區光華街５之５９號,0.0,,,,1150213,土地0建物2車位0,見其他登記事項,1,工廠,廠房、停車空間,鋼骨構造,1040430,387.54,0,0,0,無,無,無,82000,,,0.0,0,含有多個門牌且未個別計算租金1.台南市新市區光華街5之59號2.台南市新市區光華街5之61號；含增建或未登記建物；,RPQNMLQJLHLGFHD58CC,,無,1150316~1180315,無,,
新市區,租賃房屋,臺南市新市區中山路２０之１１號,0.0,,,,1150304,土地0建物0車位0,全,4,透天厝,住家用,鋼筋混凝土造,1041110,22.4,8,0,8,有,無,有,6000,268,,0.0,0,續租案件；,RPTNMLQJLHLGFHD88CC,分租套房,無,1150325~1160324,無,冷氣、熱水器、洗衣機、電視機、冰箱,一般代管
新市區,租賃房屋,臺南市新市區永就１５之６５號,0.0,,,,1150305,土地0建物0車位0,全,4,透天厝,住宅、門廊,鋼筋混凝土造,1011205,21.89,7,0,7,有,無,有,7000,320,,0.0,0,租金總額含網路費；續租案件；,RPUNMLQJLHLGFHD98CC,分租套房,無,1150309~1160308,無,冷氣、熱水器、洗衣機、電視機、冰箱、有線電視、網路,一般代管
新市區,租賃房屋,臺南市新市區中山路２０之１１號,0.0,,,,1150305,土地0建物0車位0,全,4,透天厝,住家用,鋼筋混凝土造,1041110,16.5,8,0,8,有,無,有,4500,273,,0.0,0,租金總額含網路費；續租案件；,RPVNMLQJLHLGFHD09CC,分租套房,無,1150418~1160417,無,冷氣、熱水器、洗衣機、電視機、冰箱、有線電視、網路,一般代管
新市區,租賃房屋,臺南市新市區銘傳街８０號,0.0,,,,1150303,土地0建物0車位0,全,4,透天厝,店舖、停車空間、住宅,鋼筋混凝土造,1020115,26.52,7,0,7,有,無,有,7200,271,,0.0,0,租賃建物部分範圍，且未計入共有部分面積；續租案件；,RPWNMLQJLHLGFHD56CC,分租套房,無,1150320~1150419,無,冷氣、熱水器、洗衣機、電視機、冰箱,一般代管
新市區,租賃房屋,臺南市新市區永華二街１５號,0.0,,,,1150221,土地0建物1車位0,一層,8,華廈(10層含以下有電梯),住家用,鋼筋混凝土造,0860825,147.03,3,2,2,有,有,有,16200,110,,0.0,0,參加國家住宅及都市更新中心辦理社會住宅包租代管增辦第四期計畫公會版未租賃車位，建物登記含有車位面積；續租案件；,RPOOMLQJLHLGFHD48CC,整棟(戶)出租,無,1150320~1160319,有,冷氣、熱水器、瓦斯或天然氣,社會住宅代管
仁德區,租賃房屋,臺南市仁德區中正西路３６０巷２０弄４３號三樓之３,0.0,,,,1150226,土地0建物1車位0,三層,4,華廈(10層含以下有電梯),辦公室,鋼筋混凝土造,0960920,15.2,1,0,1,有,有,有,3000,197,,0.0,0,含增建或未登記建物；續租案件；,RPPNMLQJLHLGFID58CC,獨立套房,有,1150301~1150831,有,冷氣、熱水器、電視機、冰箱、網路,一般代管
關廟區,租賃房屋,臺南市關廟區花園二街１０號二樓之６,0.0,,,,1150302,土地0建物1車位0,二層,5,華廈(10層含以下有電梯),集合住宅,鋼筋混凝土造,1140214,102.92999999999999,3,2,2,有,有,有,16000,155,,0.0,0,參加國家住宅及都市更新中心辦理社會住宅包租代管增辦第四期計畫公會版,RPSNMLQJLHLGFID88CC,整棟(戶)出租,無,1150305~1160304,有,冷氣、熱水器、洗衣機、電視機、冰箱,社會住宅代管
仁德區,租賃房屋+車位,臺南市仁德區文心路７６號１３樓之３,0.0,,,,1150212,土地0建物1車位1,十三層,24,住宅大樓(11層含以上有電梯),集合住宅,鋼筋混凝土構造,1100315,105.44999999999999,2,1,1,有,有,有,19000,180,坡道平面,17.45,0,租金總額含管理費；其他公共基金；,RPTNMLQJLHLGFID98CC,整棟(戶)出租,有,1150301~1160228,有,冷氣、熱水器、洗衣機、電視機、冰箱,
仁德區,租賃房屋,臺南市仁德區保學一街３８號,0.0,,,,1150306,土地0建物0車位0,全,4,透天厝,住商用,鋼筋混凝土造,0960420,23.15,8,0,8,有,無,無,5800,251,,0.0,0,,RPVNMLQJLHLGFID56CC,分租套房,無,1150307~1160306,無,冷氣、電視機、冰箱,
永康區,租賃房屋,臺南市永康區大灣路４０巷２８０弄２２號二樓之３,0.0,,,,1150304,土地0建物1車位0,二層,5,華廈(10層含以下有電梯),集合住宅,鋼筋混凝土構造,1101110,76.81,2,2,2,有,有,有,19000,247,,0.0,0,此為國家住宅及都市更新中心社會住宅包租代管第5期計畫。,RPRNMLQJLHLGFKD98CC,整棟(戶)出租,有,1150306~1160305,有,冷氣、熱水器、洗衣機、電視機,社會住宅代管
永康區,租賃房屋,臺南市永康區鹽州里鹽忠街１１８號５樓之１,0.0,,,,1150302,土地0建物1車位0,五層,8,華廈(10層含以下有電梯),辦公室,鋼筋混凝土造,0950918,17.23,1,0,1,有,有,有,4300,250,,0.0,0,含增建或未登記建物；續租案件；,RPSNMLQJLHLGFKD09CC,獨立套房,有,1150315~1160314,有,冷氣、熱水器、電視機、冰箱、網路,一般代管
永康區,租賃房屋,臺南市永康區鹽州里鹽忠街１１８號５樓之７,0.0,,,,1150226,土地0建物1車位0,五層,8,華廈(10層含以下有電梯),辦公室,鋼筋混凝土造,0950918,17.259999999999998,1,0,1,有,有,有,4300,249,,0.0,0,含增建或未登記建物；,RPTNMLQJLHLGFKD56CC,獨立套房,有,1150301~1150831,有,冷氣、熱水器、電視機、冰箱、網路,一般代管
永康區,租賃房屋,臺南市永康區鹽行里中正北路１９巷１之１號五樓之２,0.0,,,,1150303,土地0建物1車位0,五層,14,住宅大樓(11層含以上有電梯),住家用,鋼筋混凝土造,0830922,100.15,4,1,2,有,有,有,10000,100,,0.0,0,此為國家住宅及都市更新中心社會住宅包租代管第5期計畫。,RPUNMLQJLHLGFKD66CC,整棟(戶)出租,有,1150307~1160306,有,冷氣、熱水器、洗衣機、電視機,社會住宅代管
永康區,租賃房屋,臺南市永康區鹽州里鹽忠街１１８號６樓之６,0.0,,,,1150303,土地0建物1車位0,六層,8,華廈(10層含以下有電梯),辦公室,鋼筋混凝土造,0950918,17.259999999999998,1,0,1,有,有,有,4300,249,,0.0,0,含增建或未登記建物；續租案件；,RPVNMLQJLHLGFKD76CC,獨立套房,有,1150501~1151031,有,冷氣、熱水器、電視機、冰箱、網路,一般代管
永康區,租賃房屋,臺南市永康區鹽州里鹽忠街１１８號８樓之１５,0.0,,,,1150227,土地0建物1車位0,八層,8,華廈(10層含以下有電梯),辦公室,鋼筋混凝土造,0950918,17.509999999999998,1,0,1,有,有,有,4500,257,,0.0,0,含增建或未登記建物；續租案件；,RPWNMLQJLHLGFKD86CC,獨立套房,有,1150315~1160314,有,冷氣、熱水器、電視機、冰箱、網路,一般代管
永康區,租賃房屋,臺南市永康區鹽州里鹽忠街１１８號六樓之８,0.0,,,,1150227,土地0建物1車位0,六層,8,華廈(10層含以下有電梯),辦公室,鋼筋混凝土造,0950918,17.08,1,0,1,有,有,有,4000,234,,0.0,0,含增建或未登記建物；續租案件；,RPXNMLQJLHLGFKD96CC,獨立套房,有,1150329~1160328,有,冷氣、熱水器、電視機、冰箱、網路,一般代管
永康區,租賃房屋,臺南市永康區信義街３３巷２號二樓之２,0.0,,,,1150301,土地0建物1車位0,二層,5,華廈(10層含以下有電梯),住家用,鋼筋混凝土構造,1070109,97.72,2,1,2,有,有,有,20000,205,,0.0,0,1.契約書未約定土地租賃標的2.由出租人提供租屋資訊租金總額含管理費；,RPOOMLQJLHLGFKD78CC,整棟(戶)出租,有,1150301~1160228,有,冷氣、熱水器、電視機、冰箱,
永康區,租賃房屋,臺南市永康區永勝街２０５號,0.0,,,,1150226,土地0建物1車位0,全,2,透天厝,住家用,加強磚造,0690201,116.22,4,2,2,有,無,無,19000,163,,0.0,0,,RPQOMLQJLHLGFKD98CC,整棟(戶)出租,無,1150301~1160228,無,熱水器,
永康區,租賃房屋,臺南市永康區鹽行路６９巷１號,0.0,,,,1150226,土地0建物0車位0,全,4,透天厝,住宅，停車空間,鋼筋混凝土構造,1020821,16.53,11,0,11,有,無,有,6500,393,,0.0,0,租金總額含網路費；續租案件；,RPROMLQJLHLGFKD09CC,分租套房,無,1150309~1160308,無,冷氣、熱水器、洗衣機、電視機、冰箱、有線電視、網路,一般代管
永康區,租賃房屋,臺南市永康區鹽行路６９巷５號,0.0,,,,1150226,土地0建物0車位0,全,4,透天厝,住宅，停車空間,鋼筋混凝土構造,1020821,11.57,11,0,11,有,無,有,4800,415,,0.0,0,租金總額含網路費；續租案件；,RPSOMLQJLHLGFKD56CC,分租套房,無,1150315~1160314,無,冷氣、熱水器、電視機、冰箱、有線電視、網路,一般代管
永康區,租賃房屋,臺南市永康區八德街２７１號,0.0,,,,1150302,土地0建物0車位0,全,4,透天厝,住商用,鋼筋混凝土構造,1000720,12.0,8,0,8,有,無,有,7600,633,,0.0,0,續租案件；,RPTOMLQJLHLGFKD66CC,分租套房,無,1150311~1160310,無,冷氣、熱水器、洗衣機、電視機、冰箱,一般代管
永康區,租賃房屋,臺南市永康區大仁街９之１號,0.0,,,,1150227,土地0建物0車位0,全,4,透天厝,住商用,鋼筋混凝土造,0931112,17.52,8,0,8,有,無,有,5300,303,,0.0,0,建物登記簿謄本所載全棟建物面積為251.18平方公尺， 僅租賃部分範圍，其實際面積為17.52平方公尺，則「租賃面積」填載17.52平方公尺。租金總額含水費；,RPUOMLQJLHLGFKD76CC,分租套房,無,1150301~1160228,無,冷氣、熱水器、電視機、冰箱,
永康區,租賃房屋,臺南市永康區八德街２７１號,0.0,,,,1150225,土地0建物0車位0,全,4,透天厝,住商用,鋼筋混凝土構造,1000720,21.0,8,0,8,有,無,有,7300,348,,0.0,0,續租案件；,RPVOMLQJLHLGFKD86CC,分租套房,無,1150113~1160112,無,冷氣、熱水器、洗衣機、電視機、冰箱,一般代管
永康區,租賃房屋+車位,臺南市永康區東橋十街７５號１４樓之８,0.0,,,,1150303,土地0建物1車位1,十四層,18,住宅大樓(11層含以上有電梯),集合住宅,鋼筋混凝土造,1140605,98.56,2,2,1,有,有,有,24000,244,坡道平面,20.07,0,,RPWOMLQJLHLGFKD96CC,整棟(戶)出租,有,1150315~1160314,有,冷氣、熱水器、洗衣機、電視機、冰箱、瓦斯或天然氣,
永康區,租賃房屋,臺南市永康區鹽行路６９巷１０號,0.0,,,,1150304,土地0建物0車位0,全,4,透天厝,住宅，停車空間,鋼筋混凝土構造,1020821,19.83,11,0,11,有,無,有,7000,353,,0.0,0,租金總額含網路費；續租案件；,RPXOMLQJLHLGFKD07CC,分租套房,無,1150310~1150909,無,冷氣、熱水器、洗衣機、電視機、冰箱、有線電視、網路,一般代管
永康區,租賃房屋,臺南市永康區大灣路９４２巷３１號,0.0,,,,1150223,土地0建物0車位0,全,4,透天厝,住家用,鋼筋混凝土造,0910517,15.0,22,0,22,有,無,有,4200,280,,0.0,0,1.契約書未約定土地租賃標的。   2.由所有權人提供租屋資訊。租金總額含網路費；其他第四台；,RPOPMLQJLHLGFKD88CC,分租套房,無,1150301~1160228,無,冷氣、熱水器、電視機、冰箱、有線電視、網路,一般代管
北區,租賃房屋,臺南市北區公園路１２８號三樓之３６,0.0,,,,1150301,土地0建物1車位0,三層,8,華廈(10層含以下有電梯),住家用,鋼筋混凝土造,0700923,48.08,2,1,2,有,有,有,15000,312,,0.0,0,參加國家住宅及都市更新中心辦理社會住宅包租代管增辦第4期計畫公會版續租案件；,RPPNMLRJLHLGFAD87CC,整棟(戶)出租,有,1150301~1160228,有,冷氣、熱水器、洗衣機、冰箱,社會住宅代管
安南區,租賃房屋,臺南市安南區安中路一段７００巷１０５之３號,0.0,,,,1150301,土地0建物1車位0,四層,4,公寓(5樓含以下無電梯),集合住宅,鋼筋混凝土造,0700907,100.82000000000001,3,2,1,有,無,有,15000,149,,0.0,0,參加國家住宅及都市更新中心辦理社會住宅包租代管第4期計畫公會版續租案件；,RPPNMLRJLHLGFBD97CC,整棟(戶)出租,無,1150301~1160228,無,冷氣、熱水器、洗衣機、電視機、冰箱,社會住宅代管
安南區,租賃房屋+車位,臺南市安南區北安路二段４９３號三樓之２,0.0,,,,1150301,土地0建物1車位1,三層,15,住宅大樓(11層含以上有電梯),集合住宅,鋼筋混凝土造,1120911,118.66,2,1,1,有,有,有,22000,185,坡道平面,29.98,0,參加國家住宅及都市更新中心辦理社會住宅包租代管第4期計畫公會版租金總額含管理費；續租案件；,RPQNMLRJLHLGFBD08CC,整棟(戶)出租,有,1150301~1160228,有,冷氣、熱水器、洗衣機、冰箱,社會住宅代管
東區,租賃房屋,臺南市東區中華東路二段１６９號十二樓之１０,0.0,,,,1150225,土地0建物1車位0,十二層,14,住宅大樓(11層含以上有電梯),住家用,鋼筋混凝土造,0970229,40.86,1,1,1,有,有,有,10000,245,,0.0,0,參加國家住宅及都市更新中心辦理社會住宅包租代管第4期計畫公會版,RPPNMLRJLHLGFCD08CC,獨立套房,有,1150305~1160304,有,冷氣、熱水器、洗衣機、電視機、冰箱,社會住宅代管
南區,租賃房屋,臺南市南區三官路１７６巷５弄８號之２,0.0,,,,1150224,土地0建物1車位0,見其他登記事項,4,公寓(5樓含以下無電梯),住家用,鐵筋混凝土　　鐵骨石棉瓦,0660203,157.73,5,2,3,有,無,有,16000,101,,0.0,0,參加國家住宅及都市更新中心辦理社會住宅包租代管增辦第4期計畫公會版多人共同承租2；續租案件；,RPQNMLRJLHLGFCD18CC,整棟(戶)出租,無,1150305~1160304,無,冷氣、熱水器、洗衣機、冰箱,社會住宅代管
東區,租賃房屋,臺南市東區大同路二段６３號八樓之１,0.0,,,,1150301,土地0建物1車位0,八層,16,住宅大樓(11層含以上有電梯),住家用,鋼筋混凝土造,0831216,102.36,3,2,1,有,有,無,16500,161,,0.0,0,參加國家住宅及都市更新中心辦理社會住宅包租代管第4期計畫公會版續租案件；,RPRNMLRJLHLGFCD28CC,整棟(戶)出租,有,1150301~1160228,有,冷氣、熱水器、洗衣機、冰箱,社會住宅代管
東區,租賃房屋,臺南市東區中華東路二段１６７號十四樓之１３,0.0,,,,1150301,土地0建物1車位0,十四層,14,住宅大樓(11層含以上有電梯),住家用,鋼筋混凝土造,0970229,31.75,1,1,1,有,有,有,9000,283,,0.0,0,參加國家住宅及都市更新中心辦理社會住宅包租代管增辦第4期計畫公會版租金總額含管理費；續租案件；,RPSNMLRJLHLGFCD38CC,獨立套房,有,1150301~1160228,有,冷氣、熱水器、洗衣機、電視機、冰箱,社會住宅代管
永康區,租賃房屋,臺南市永康區新民街６６巷３號八樓之７,0.0,,,,1150301,土地0建物1車位0,八層,9,華廈(10層含以下有電梯),住家用,鋼筋混凝土造,0821230,85.31,1,1,1,有,有,有,8000,94,,0.0,0,參加國家住宅及都市更新中心辦理社會住宅包租代管增辦第4期計畫公會版續租案件；,RPPNMLRJLHLGFKD88CC,獨立套房,有,1150301~1160228,有,冷氣、熱水器、洗衣機、電視機、冰箱,社會住宅代管
北區,租賃房屋,臺南市北區北園街８巷２６號十四樓之６,0.0,,,,1150226,土地0建物1車位0,十四層,19,住宅大樓(11層含以上有電梯),集合住宅,鋼筋混凝土造,0961227,101.35,2,2,1,有,有,有,16300,161,,0.0,0,參加國家住宅及都市更新中心辦理社會住宅包租代管第5期計畫中央版未租賃車位，建物登記含有車位面積；,RPSNMLSJLHLGFAD28CC,整棟(戶)出租,有,1150301~1160228,有,冷氣、熱水器、洗衣機、電視機、冰箱,社會住宅代管
中西區,租賃房屋,臺南市中西區臨安路一段７３號三樓之１０,0.0,,,,1150227,土地0建物1車位0,三層,7,華廈(10層含以下有電梯),住家用,鋼筋混凝土造,0790920,20.5,1,1,1,有,有,有,6000,293,,0.0,0,參加國家住宅及都市更新中心辦理社會住宅包租代管第5期計畫中央版,RPTNMLSJLHLGFAD38CC,獨立套房,有,1150301~1160228,有,冷氣、熱水器、洗衣機、電視機、冰箱,社會住宅代管
北區,租賃房屋,臺南市北區北園街２６號十二樓之１,0.0,,,,1150302,土地0建物1車位0,十二層,14,住宅大樓(11層含以上有電梯),集合住宅,鋼筋混凝土造,0870420,78.78,2,2,1,有,有,有,14000,178,,0.0,0,參加國家住宅及都市更新中心辦理社會住宅包租代管第5期計畫中央版租金總額含管理費；未租賃車位，建物登記含有車位面積；,RPVNMLSJLHLGFAD58CC,整棟(戶)出租,有,1150305~1180304,有,冷氣、熱水器、洗衣機、電視機、冰箱,社會住宅包租轉租
南區,租賃房屋,臺南市南區金華路一段４８４巷５０弄８號,0.0,,,,1150301,土地0建物1車位0,全,3,透天厝,住家用,鋼筋混凝土造,0711210,156.64,4,2,3,有,無,有,25000,160,,0.0,0,參加國家住宅及都市更新中心辦理社會住宅包租代管增辦第4期計畫公會版續租案件；,RPQNMLSJLHLGFCD28CC,整棟(戶)出租,無,1150301~1160228,無,冷氣、熱水器、洗衣機,社會住宅代管
南區,租賃房屋,臺南市南區國宅里金華路二段３９巷１５號,0.0,,,,1150226,土地0建物1車位0,全,2,透天厝,住家用,補強磚造,0640716,72.48,3,2,1,有,無,有,13000,179,,0.0,0,門牌整編前地址:台南市南區新興路356巷16弄24號參加國家住宅及都市更新中心辦理社會住宅包租代管第5期計畫中央版,RPSNMLSJLHLGFCD48CC,整棟(戶)出租,無,1150301~1160228,無,冷氣、熱水器,社會住宅代管
東區,租賃房屋,臺南市東區東榮街７號五樓之５,0.0,,,,1150302,土地0建物1車位0,五層,8,華廈(10層含以下有電梯),住家用,鋼筋混凝土造,0830901,40.43,1,1,1,有,有,有,12000,297,,0.0,0,參加國家住宅及都市更新中心辦理社會住宅包租代管第5期計畫中央版多人共同承租2；,RPTNMLSJLHLGFCD58CC,獨立套房,有,1150302~1160301,有,冷氣、熱水器、洗衣機、電視機、冰箱,社會住宅代管
善化區,租賃房屋,臺南市善化區溪尾１２９之３號,0.0,,,,1150308,土地0建物1車位0,全,3,透天厝,住宅，門廊，梯間,鋼筋混凝土造,0970411,161.27,5,3,3,有,無,有,24000,149,,0.0,0,,RPPNMLSJLHLGFHD68CC,整棟(戶)出租,無,1150315~1160314,無,冷氣、洗衣機、冰箱,
仁德區,租賃房屋,臺南市仁德區二空路２２３號,0.0,,,,1150211,土地0建物1車位0,全,2,透天厝,住家用,加強磚造,,94.34,3,2,2,有,無,有,17000,180,,0.0,0,參加公會版住宅包租代管五期計畫,RPPNMLSJLHLGFID78CC,整棟(戶)出租,無,1150220~1160219,無,冷氣、熱水器、瓦斯或天然氣,社會住宅代管
永康區,租賃房屋,臺南市永康區大橋村中山南路９５巷３之１號,0.0,,,,1150301,土地0建物1車位0,二層,5,公寓(5樓含以下無電梯),住家用,鋼筋混凝土造,0711012,75.31,2,2,1,有,無,有,12000,159,,0.0,0,參加國家住宅及都市更新中心辦理社會住宅包租代管第5期計畫中央版,RPSNMLSJLHLGFKD66CC,整棟(戶)出租,無,1150301~1160228,無,冷氣、熱水器、洗衣機、電視機、冰箱,社會住宅代管
永康區,租賃房屋,臺南市永康區南台街７５巷３號,0.0,,,,1150222,土地0建物0車位0,全,4,透天厝,住商用,鋼筋混凝土造,0950331,14.9,32,0,32,有,有,有,8300,557,,0.0,0,含增建或未登記建物；,RPTNMLSJLHLGFKD76CC,分租套房,有,1150222~1160228,有,冷氣、熱水器、洗衣機、電視機、有線電視、網路,一般轉租
永康區,租賃房屋,臺南市永康區南台街７５巷３號,0.0,,,,1150213,土地0建物0車位0,全,4,透天厝,住商用,鋼筋混凝土造,0950331,12.6,32,0,32,有,有,有,9000,714,,0.0,0,含增建或未登記建物；,RPUNMLSJLHLGFKD86CC,分租套房,有,1150213~1150831,有,冷氣、熱水器、洗衣機、電視機、有線電視、網路,一般轉租
永康區,租賃房屋,臺南市永康區南台街７５巷３號,0.0,,,,1150226,土地0建物0車位0,全,4,透天厝,住商用,鋼筋混凝土造,0950331,18.5,32,0,32,有,有,有,10300,557,,0.0,0,含增建或未登記建物；,RPVNMLSJLHLGFKD96CC,分租套房,有,1150226~1160228,有,冷氣、熱水器、洗衣機、電視機、有線電視、網路,一般轉租
永康區,租賃房屋,臺南市永康區五王里中華路５９８之１２號,0.0,,,,1150301,土地0建物1車位0,一層,7,華廈(10層含以下有電梯),住家用,鋼筋混凝土造,0791203,20.13,1,1,1,有,有,有,6200,308,,0.0,0,參加國家住宅及都市更新中心辦理社會住宅包租代管第5期計畫中央版,RPWNMLSJLHLGFKD07CC,獨立套房,有,1150301~1160228,有,冷氣、熱水器、電視機、冰箱,社會住宅代管
永康區,租賃房屋,臺南市永康區復華里復華三街６８號十三樓之５,0.0,,,,1150226,土地0建物1車位0,十三層,19,住宅大樓(11層含以上有電梯),住家用,鋼筋混凝土造,0840908,120.00999999999999,3,2,2,有,有,有,14000,117,,0.0,0,參加國家住宅及都市更新中心辦理社會住宅包租代管第5期計畫中央版租金總額含管理費；,RPXNMLSJLHLGFKD17CC,整棟(戶)出租,有,1150310~1160309,有,冷氣、熱水器,社會住宅代管
安平區,租賃房屋,臺南市安平區育平路５２號七樓之７,0.0,,,,1150222,土地0建物1車位0,七層,14,住宅大樓(11層含以上有電梯),集合住宅,鋼筋混凝土構造,1021125,123.11,3,1,1,有,有,有,20200,164,,0.0,0,參加國家住宅及都市更新中心辦理社會住宅包租代管第五期計畫中央版多人共同承租2；未租賃車位，建物登記含有車位面積；,RPQNMLTJLHLGFAD18CC,整棟(戶)出租,有,1150301~1160228,有,冷氣、熱水器、洗衣機、電視機、冰箱,社會住宅代管
安平區,租賃房屋+車位,臺南市安平區國平北路１２３號四樓之１,0.0,,,,1150225,土地0建物1車位1,四層,18,住宅大樓(11層含以上有電梯),集合住宅,鋼筋混凝土構造,1100503,126.16,3,2,2,有,有,有,16500,131,坡道機械,11.17,0,參加公會版住宅包租代管四之一期計畫續租案件；,RPRNMLTJLHLGFAD28CC,整棟(戶)出租,有,1150225~1160224,有,熱水器、電視機,社會住宅代管
北區,租賃房屋,臺南市北區勝利路１９０巷８號５樓之２,0.0,,,,1150224,土地0建物1車位0,五層,5,公寓(5樓含以下無電梯),住家用,鋼筋混凝土造,0701222,76.44999999999999,3,2,1,有,無,有,17500,229,,0.0,0,參加國家住宅及都市更新中心辦理社會住宅包租代管第五期計畫中央版,RPSNMLTJLHLGFAD38CC,整棟(戶)出租,無,1150301~1160228,無,冷氣、熱水器、電視機,社會住宅代管
北區,租賃房屋,臺南市北區南園街１３２-１號,0.0,,,,1150217,土地0建物0車位0,全,4,透天厝,店舖、住宅,鋼筋混凝土構造,1021121,23.0,16,0,16,有,無,有,8500,370,,0.0,0,租賃建物部分範圍，且未計入共有部分面積；,RPTNMLTJLHLGFAD48CC,分租套房,無,1150218~1160217,有,冷氣、洗衣機、電視機、冰箱、網路,一般轉租
中西區,租賃房屋,臺南市中西區法華街２７號三樓之３,0.0,,,,1150305,土地0建物1車位0,三層,5,華廈(10層含以下有電梯),住家用,鋼筋混凝土造,0800607,24.25,1,0,1,有,無,有,4500,186,,0.0,0,台南市不動產租賃公會民間住宅包租代管第5期計畫之物件。續租案件；,RPUNMLTJLHLGFAD58CC,獨立套房,無,1150307~1160306,有,冷氣、熱水器、洗衣機、冰箱,社會住宅包租轉租
北區,租賃房屋,臺南市北區南園街１３２-１號,0.0,,,,1150215,土地0建物0車位0,全,4,透天厝,店舖、住宅,鋼筋混凝土構造,1021121,23.0,16,0,16,有,無,有,8000,348,,0.0,0,含增建或未登記建物；租賃建物部分範圍，且未計入共有部分面積；,RPVNMLTJLHLGFAD68CC,分租套房,無,1150215~1160214,有,冷氣、洗衣機、電視機、冰箱、網路,一般轉租
中西區,租賃房屋,臺南市中西區忠明街４９號五樓之２,0.0,,,,1150305,土地0建物1車位0,五層,6,華廈(10層含以下有電梯),住家用,鋼筋混凝土造,0800903,30.68,1,0,1,有,有,有,8100,264,,0.0,0,台南市不動產租賃公會民間住宅包租代管第5期計畫之物件。續租案件；,RPWNMLTJLHLGFAD78CC,獨立套房,有,1150312~1160311,有,冷氣、熱水器、洗衣機、電視機、冰箱、瓦斯或天然氣,社會住宅代管
北區,租賃房屋,臺南市北區南園街１３２-１號,0.0,,,,1150216,土地0建物0車位0,全,4,透天厝,店舖、住宅,鋼筋混凝土構造,1021121,23.0,16,0,16,有,無,有,8000,348,,0.0,0,含增建或未登記建物；租賃建物部分範圍，且未計入共有部分面積；,RPXNMLTJLHLGFAD88CC,分租套房,無,1150216~1160215,有,冷氣、洗衣機、電視機、冰箱、網路,一般轉租
北區,租賃房屋,臺南市北區開元路９２號四樓之６,0.0,,,,1150304,土地0建物1車位0,四層,11,住宅大樓(11層含以上有電梯),住家用,鋼筋混凝土造,0790605,44.31,1,1,1,有,有,有,11000,248,,0.0,0,多人共同承租2；租金總額含管理費；網路費；,RPOOMLTJLHLGFAD08CC,獨立套房,無,1150304~1160309,有,冷氣、熱水器、洗衣機、電視機、冰箱、網路,一般代管
安平區,租賃房屋,臺南市安平區府前三街１２９號三樓之１０,0.0,,,,1150224,土地0建物1車位0,三層,7,華廈(10層含以下有電梯),住家用,鋼筋混凝土造,0850106,27.259999999999998,1,1,1,有,有,有,6500,238,,0.0,0,參加國家住宅及都市更新中心辦理社會住宅包租代管第五期計畫中央版,RPQOMLTJLHLGFAD28CC,獨立套房,有,1150301~1160228,有,冷氣、熱水器、洗衣機、電視機、冰箱,社會住宅代管
中西區,租賃房屋,臺南市中西區民族路二段１０７號九樓之９,0.0,,,,1150304,土地0建物1車位0,九層,13,住宅大樓(11層含以上有電梯),住家用,鋼筋混凝土造,0831019,124.41,3,2,2,有,有,有,16000,129,,0.0,0,另有管理費2000元，由承租人負擔。多人共同承租1；,RPROMLTJLHLGFAD38CC,整棟(戶)出租,有,1150305~1160304,有,冷氣、熱水器、洗衣機、電視機、冰箱、瓦斯或天然氣,社會住宅代管
中西區,租賃房屋,臺南市中西區金華路三段２１８號九樓之１３,0.0,,,,1150226,土地0建物1車位0,九層,18,住宅大樓(11層含以上有電梯),住家用,鋼筋混凝土造,0840704,47.85,1,1,1,有,有,有,8500,178,,0.0,0,參加國家住宅及都市更新中心辦理社會住宅包租代管第五期計畫中央版,RPSOMLTJLHLGFAD48CC,獨立套房,有,1150301~1160228,有,冷氣、熱水器、洗衣機、冰箱,社會住宅代管
安平區,租賃房屋,臺南市安平區府平路４４７號,0.0,,,,1150305,土地0建物1車位0,全,5,透天厝,店舖、住宅,鋼筋混凝土構造,1040827,389.47,6,2,6,有,無,無,88000,226,,0.0,0,,RPTOMLTJLHLGFAD58CC,整棟(戶)出租,無,1150401~1180331,有,冷氣、熱水器、瓦斯或天然氣,
北區,租賃房屋,臺南市北區北門路二段１５０號,0.0,,,,1150309,土地0建物0車位0,全,5,透天厝,住商用,鋼筋混凝土造,0750902,13.22,24,1,16,有,無,有,4300,325,,0.0,0,租金總額含網路費；,RPUOMLTJLHLGFAD68CC,分租雅房,無,1150309~1150408,無,冷氣、熱水器、洗衣機、網路,一般轉租
東區,租賃房屋,臺南市東區立德八路３巷１６號,0.0,,,,1150304,土地0建物1車位0,全,2,透天厝,住家用,加強磚造,0600508,85.68,3,2,2,有,無,有,11000,128,,0.0,0,台南市社會住宅包租代管第4期計畫。,RPPNMLTJLHLGFCD28CC,整棟(戶)出租,無,1150304~1160303,無,冷氣、熱水器、洗衣機、瓦斯或天然氣,社會住宅包租轉租
南區,土地,鹽埕段2179地號,98.0,住,,,1150307,土地1建物0車位0,,,其他,,,,0.0,0,0,0,無,無,無,6000,61,,0.0,0,租賃期間有約定不同租金115/3/7-115/4/30免收租金115/5/1-116/4/30月租金6000元116/5/1-120/4/30月租金7500元；,RPQNMLTJLHLGFCD38CC,,,1150501~1200430,,,
東區,租賃房屋,臺南市東區崇善路１７１號五樓之４,0.0,,,,1150220,土地0建物1車位0,五層,7,華廈(10層含以下有電梯),住家用,鋼筋混凝土造,0800121,21.1,1,0,1,有,有,有,4300,204,,0.0,0,參加公會版住宅包租代管四之一期計畫?租金總額含管理費；續租案件；,RPRNMLTJLHLGFCD48CC,獨立套房,有,1150220~1160219,有,冷氣、熱水器、洗衣機、電視機、冰箱,社會住宅代管
東區,租賃房屋+車位,臺南市東區仁東街６３號十樓,0.0,,,,1150227,土地0建物1車位1,十層,12,住宅大樓(11層含以上有電梯),住家用,鋼筋混凝土造,0870919,132.31,3,2,2,有,有,有,22000,166,坡道平面,19.86,0,多人共同承租3；租金總額含管理費；,RPSNMLTJLHLGFCD58CC,整棟(戶)出租,有,1150305~1160304,有,冷氣、熱水器、洗衣機、冰箱、瓦斯或天然氣,
東區,租賃房屋,臺南市東區文化路３３號九樓之２,0.0,,,,1150306,土地0建物1車位0,九層,14,住宅大樓(11層含以上有電梯),住家用,鋼筋混凝土造,0990203,81.57,2,2,1,有,有,有,16000,196,,0.0,0,台南市政府包租代管第4期計畫之物件。續租案件；,RPTNMLTJLHLGFCD68CC,整棟(戶)出租,有,1150310~1160309,有,冷氣、熱水器、洗衣機、電視機、冰箱、瓦斯或天然氣,社會住宅包租轉租
東區,租賃房屋,臺南市東區裕豐街１８５巷２３號,0.0,,,,1150223,土地0建物0車位0,全,5,透天厝,停車空間、住宅,鋼筋混凝土造,1001129,30.25,20,0,21,有,無,有,7100,235,,0.0,0,租金總額含水費；網路費；,RPUNMLTJLHLGFCD78CC,分租套房,無,1150301~1160228,無,冷氣、熱水器、洗衣機、電視機、冰箱、網路,一般代管
南區,租賃房屋+車位,臺南市南區水交社路２０巷８號６樓之３,0.0,,,,1150226,土地0建物1車位1,六層,7,華廈(10層含以下有電梯),集合住宅,鋼筋混凝土造,1051201,112.50999999999999,2,2,1,有,有,有,22000,224,坡道平面,25.33,2500,參加國家住宅及都市更新中心辦理社會住宅包租代管第五期計畫中央版續租案件；,RPVNMLTJLHLGFCD88CC,整棟(戶)出租,有,1150301~1160228,有,冷氣、熱水器、洗衣機、電視機、冰箱,社會住宅包租轉租
東區,租賃房屋,臺南市東區東寧路西段２３號三樓之２,0.0,,,,1150226,土地0建物1車位0,三層,15,住宅大樓(11層含以上有電梯),住家用,鋼筋混凝土造,0860902,31.76,1,1,1,有,有,有,8500,268,,0.0,0,參加國家住宅及都市更新中心辦理社會住宅包租代管第五期計畫中央版,RPOOMLTJLHLGFCD28CC,獨立套房,有,1150301~1160228,有,冷氣、熱水器、洗衣機、冰箱、網路,社會住宅代管
東區,租賃房屋,臺南市東區崇元一街１０號六樓之８,0.0,,,,1150306,土地0建物1車位0,六層,14,住宅大樓(11層含以上有電梯),集合住宅,鋼筋混凝土構造、鋼骨造,1120329,84.0,1,1,1,有,有,有,16500,196,,0.0,0,台南市社會住宅包租代管 第5期計畫 中央版；水、電費由承租人負擔，管理費1660元不包含在租金由承租人負擔。承租人姓名第 2 字為異體字。未租賃車位，建物登記含有車位面積；,RPPOMLTJLHLGFCD38CC,獨立套房,有,1150312~1160311,有,冷氣、熱水器,社會住宅代管
東區,租賃房屋,臺南市東區林森路二段２１６號之２,0.0,,,,1150225,土地0建物1車位0,三層,12,住宅大樓(11層含以上有電梯),住家用,鋼筋混凝土造,0730118,97.29,3,2,1,有,有,有,14000,144,,0.0,0,參加公會版住宅包租代管四期計畫租金總額含管理費；,RPQOMLTJLHLGFCD48CC,整棟(戶)出租,有,1150301~1160228,有,冷氣、熱水器、洗衣機、冰箱、瓦斯或天然氣,社會住宅代管
新營區,租賃房屋,臺南市新營區民治路３６８號一樓,0.0,,,,1150306,土地0建物1車位0,一層,4,店面(店鋪),住商用,鋼骨鋼筋混凝土造,0960427,147.24,1,2,1,有,無,無,28000,190,,0.0,0,本標的物未計入共有部分面積,RPPNMLTJLHLGFDD38CC,,無,1150306~1160305,無,,
新營區,租賃房屋,臺南市新營區中山路２０號４樓之９,0.0,,,,1150306,土地0建物1車位0,四層,12,住宅大樓(11層含以上有電梯),住家用,鋼筋混凝土造,0860425,38.41,1,1,1,有,有,有,7500,195,,0.0,0,租金總額含管理費；,RPQNMLTJLHLGFDD48CC,獨立套房,無,1150306~1180305,有,冷氣、熱水器、洗衣機、冰箱、有線電視,社會住宅包租轉租
善化區,租賃房屋,臺南市善化區牛庄５５０-２號,0.0,,,,1150309,土地0建物0車位0,全,4,透天厝,住家用,鋼筋混凝土造,1041015,23.14,7,0,7,有,無,有,6500,281,,0.0,0,租金總額含水費；網路費；其他第四台；,RPPNMLTJLHLGFHD78CC,分租套房,無,1150401~1160331,無,冷氣、熱水器、洗衣機、電視機、冰箱、有線電視、網路,一般代管
安定區,租賃房屋+車位,臺南市安定區保西路４１４號,0.0,,,,1150309,土地0建物0車位1,全,3,透天厝,住家用,鋼筋混凝土造,0730919,36.4,7,7,7,有,無,有,12000,330,一樓平面,0.0,1500,多人共同承租2；租金總額含水費；網路費；含增建或未登記建物；續租案件；,RPRNMLTJLHLGFHD98CC,分租套房,無,1150309~1160309,無,冷氣、熱水器、洗衣機、電視機、冰箱、網路,一般代管
新化區,租賃房屋,臺南市新化區中興路４９０巷３８號,0.0,,,,1150304,土地0建物1車位0,全,1,透天厝,住家用,木石磚造（磚石造）,0620701,45.12,3,2,1,有,無,有,8700,193,,0.0,0,台南市不動產租賃公會民間住宅包租代管第5期計畫之物件。續租案件；,RPSNMLTJLHLGFHD09CC,整棟(戶)出租,無,1150311~1160310,無,冷氣、熱水器、洗衣機、電視機、冰箱,社會住宅代管
新市區,租賃房屋+車位,臺南市新市區龍目井路１５７號三樓之９,0.0,,,,1150214,土地0建物1車位1,三層,14,住宅大樓(11層含以上有電梯),出租宿舍（商務住宅）,鋼筋混凝土造,1121003,132.76,3,2,2,有,有,有,20000,151,坡道平面,26.06,0,多人共同承租3；,RPTNMLTJLHLGFHD56CC,整棟(戶)出租,有,1150301~1160228,有,冷氣、熱水器、洗衣機、電視機、冰箱,
善化區,租賃房屋+車位,臺南市善化區善新西路６６２巷１６號,0.0,,,,1150227,土地0建物1車位1,全,4,透天厝,住宅，停車空間,鋼筋混凝土造,1030225,197.17999999999998,4,2,4,有,有,有,28800,146,其他,0.0,0,租金已扣除管理費1200元車位面積無法分算,RPUNMLTJLHLGFHD66CC,整棟(戶)出租,有,1150306~1160305,無,冷氣、熱水器、洗衣機、電視機、冰箱、瓦斯或天然氣,
新市區,租賃房屋,臺南市新市區永就１５之５７號,0.0,,,,1150306,土地0建物0車位0,全,4,透天厝,住宅、門廊,鋼筋混凝土造,1011205,17.3,7,1,7,有,無,有,7000,405,,0.0,0,租金總額含水費；網路費；,RPVNMLTJLHLGFHD76CC,分租套房,無,1150306~1160306,無,冷氣、熱水器、洗衣機、電視機、冰箱、網路,一般代管
仁德區,租賃房屋+車位,臺南市仁德區文心路７８號十八樓之９,0.0,,,,1150226,土地0建物1車位1,十八層,24,住宅大樓(11層含以上有電梯),集合住宅,鋼筋混凝土構造,1100315,105.19999999999999,2,1,1,有,有,有,20600,209,坡道平面,17.45,2300,參加國家住宅及都市更新中心辦理社會住宅包租代管第五期計畫中央版多人共同承租2；,RPPNMLTJLHLGFID88CC,整棟(戶)出租,有,1150301~1160228,有,冷氣、熱水器、洗衣機、電視機、冰箱,社會住宅代管
仁德區,租賃房屋,臺南市仁德區文心路７８號十五樓之３,0.0,,,,1150304,土地0建物1車位0,十五層,24,住宅大樓(11層含以上有電梯),集合住宅,鋼筋混凝土構造,1100315,87.85,2,2,1,有,有,有,20371,232,,0.0,0,台南市不動產租賃公會民間住宅包租代管第5期計畫之物件。管理費每月1629元由出租人負擔。續租案件；,RPRNMLTJLHLGFID09CC,整棟(戶)出租,有,1150311~1160310,有,冷氣、熱水器、洗衣機、電視機、冰箱,社會住宅代管
仁德區,租賃房屋,臺南市仁德區文賢路二段１５巷１８弄１７號２樓之１,0.0,,,,1150306,土地0建物0車位0,二層,10,華廈(10層含以下有電梯),住家用,鋼筋混凝土造,0920910,14.88,5,2,5,有,無,有,8000,538,,0.0,0,文賢205房租金總額含水費；網路費；其他垃圾代收費；租賃建物部分範圍，且未計入共有部分面積；續租案件；,RPSNMLTJLHLGFID56CC,分租套房,無,1150331~1160330,有,冷氣、熱水器、洗衣機、電視機、冰箱、網路,一般轉租
仁德區,租賃房屋,臺南市仁德區文賢路二段１５巷１８弄１７號２樓之１,0.0,,,,1150305,土地0建物0車位0,二層,10,華廈(10層含以下有電梯),住家用,鋼筋混凝土造,0920910,14.88,5,2,5,有,無,有,8000,538,,0.0,0,文賢204房租金總額含水費；網路費；其他垃圾代收費；租賃建物部分範圍，且未計入共有部分面積；續租案件；,RPTNMLTJLHLGFID66CC,分租套房,無,1150328~1160327,有,冷氣、熱水器、洗衣機、電視機、冰箱、網路,一般轉租
仁德區,租賃房屋,臺南市仁德區文賢路二段１５巷１８弄１７號３樓之１,0.0,,,,1150305,土地0建物0車位0,三層,10,華廈(10層含以下有電梯),住家用,鋼筋混凝土造,0920910,14.88,5,2,5,有,無,有,7500,504,,0.0,0,文賢304房租金總額含水費；網路費；其他垃圾代收費；租賃建物部分範圍，且未計入共有部分面積；,RPVNMLTJLHLGFID86CC,分租套房,無,1150305~1160304,有,冷氣、熱水器、洗衣機、電視機、冰箱、網路,一般轉租
歸仁區,租賃房屋+車位,臺南市歸仁區歸仁十一路９０號４樓之２,0.0,,,,1150308,土地0建物1車位1,四層,14,住宅大樓(11層含以上有電梯),集合住宅,鋼筋混凝土造,1130624,104.52000000000001,2,2,1,有,有,有,17500,167,坡道平面,25.02,0,多人共同承租2；租金總額含管理費；續租案件；,RPWNMLTJLHLGFID96CC,整棟(戶)出租,有,1150401~1160331,有,冷氣、熱水器、洗衣機、冰箱、瓦斯或天然氣,
永康區,租賃房屋,臺南市永康區復華三街９０巷１２號十六樓之２,0.0,,,,1150221,土地0建物1車位0,十六層,17,住宅大樓(11層含以上有電梯),集合住宅,鋼筋混凝土造,0831108,109.78,3,2,2,有,有,無,11000,100,,0.0,0,參加國家住宅及都市更新中心辦理社會住宅包租代管增辦第四期計畫公會版門牌整編前地址:台南市永康區復國一路295巷36弄10號十六樓之2續租案件；,RPQNMLTJLHLGFKD56CC,整棟(戶)出租,有,1150315~1160314,有,熱水器,社會住宅代管
永康區,租賃房屋,臺南市永康區新民街６６巷５號九樓之６,0.0,,,,1150301,土地0建物1車位0,九層,9,華廈(10層含以下有電梯),住家用,鋼筋混凝土造,0821230,37.19,1,1,1,有,有,有,9000,242,,0.0,0,門牌整編前地址:臺南市永康區鹽行里新行街98巷13弄5號九樓之5參加國家住宅及都市更新中心辦理社會住宅包租代管增辦第4期計畫公會版續租案件；,RPRNMLTJLHLGFKD66CC,獨立套房,有,1150301~1160228,有,冷氣、熱水器、洗衣機、電視機、冰箱,社會住宅代管
永康區,租賃房屋,臺南市永康區復華二街２７號,0.0,,,,1150220,土地0建物1車位0,全,2,透天厝,住家用,加強磚造,0780707,130.76,3,2,2,有,無,有,11000,84,,0.0,0,參加公會版住宅包租代管四之一期計畫續租案件；,RPSNMLTJLHLGFKD76CC,整棟(戶)出租,無,1150220~1160219,無,冷氣、熱水器、洗衣機、電視機、冰箱,社會住宅代管
永康區,租賃房屋+車位,臺南市永康區大安街４６８巷１２號４樓之２,0.0,,,,1150301,土地0建物1車位1,四層,10,華廈(10層含以下有電梯),住家用,鋼筋混凝土構造,1080131,95.29,2,2,1,有,有,無,18500,194,坡道平面,24.84,0,,RPTNMLTJLHLGFKD86CC,整棟(戶)出租,有,1150320~1160319,有,冷氣、熱水器、洗衣機,
永康區,租賃房屋,臺南市永康區新民街４７巷１６號七樓之１３,0.0,,,,1150306,土地0建物1車位0,七層,9,華廈(10層含以下有電梯),住家用,鋼筋混凝土造,0821230,61.82,1,0,1,有,有,有,6000,97,,0.0,0,台南市政府包租代管第4期計畫之物件。續租案件；,RPUNMLTJLHLGFKD96CC,獨立套房,有,1150308~1160307,有,冷氣、熱水器、洗衣機、電視機、冰箱,社會住宅包租轉租
永康區,租賃房屋,臺南市永康區中山路９４巷５７弄１４號六樓之４,0.0,,,,1150220,土地0建物1車位0,六層,6,華廈(10層含以下有電梯),住家用,鋼筋混凝土造,0820812,123.33,3,2,2,有,有,有,13000,105,,0.0,0,參加公會版住宅包租代管四之一期計畫續租案件；,RPWNMLTJLHLGFKD17CC,整棟(戶)出租,有,1150220~1160219,有,冷氣、熱水器,社會住宅代管
永康區,租賃房屋,臺南市永康區國華街４７號九樓之３,0.0,,,,1150224,土地0建物1車位0,九層,15,住宅大樓(11層含以上有電梯),住家用,鋼筋混凝土造,0841009,118.03,4,2,2,有,有,有,15000,127,,0.0,0,參加公會版住宅包租代管四之一期計畫租金總額含管理費；續租案件；,RPXNMLTJLHLGFKD27CC,整棟(戶)出租,有,1150301~1160228,有,冷氣、熱水器、電視機,社會住宅代管
永康區,租賃房屋,臺南市永康區新興街８之２號七樓之３,0.0,,,,1150226,土地0建物1車位0,七層,11,住宅大樓(11層含以上有電梯),商業用,鋼筋混凝土造,0880519,81.29,4,2,2,有,有,無,15000,185,,0.0,0,,RPOOMLTJLHLGFKD09CC,整棟(戶)出租,有,1150305~1160304,有,熱水器、瓦斯或天然氣,
永康區,租賃房屋,臺南市永康區東橋一路４１２號,0.0,,,,1150225,土地0建物1車位0,全,4,透天厝,店舖，住宅，停車空間,鋼筋混凝土構造,1100616,263.83,3,3,4,有,無,無,68000,258,,0.0,0,其他免租金裝潢期一個月；,RPPOMLTJLHLGFKD56CC,,無,1150401~1200331,有,,
永康區,租賃房屋,臺南市永康區南工街３１１巷４３弄１號,0.0,,,,1150211,土地0建物0車位0,全,3,透天厝,住家用,鋼筋混凝土造,0740417,16.53,7,0,7,有,無,有,4583,277,,0.0,0,年繳租金55000元,RPQOMLTJLHLGFKD66CC,分租套房,無,1150215~1160214,無,冷氣、洗衣機、電視機、網路,一般代管
永康區,租賃房屋,臺南市永康區大灣路７６４巷５６號６樓之１２,0.0,,,,1150301,土地0建物1車位0,六層,6,華廈(10層含以下有電梯),辦公室,鋼筋混凝土造,0940708,16.73,1,0,1,有,有,有,4000,239,,0.0,0,含增建或未登記建物；,RPROMLTJLHLGFKD76CC,獨立套房,有,1150301~1150831,有,冷氣、熱水器、電視機、冰箱、網路,一般代管
永康區,租賃房屋,臺南市永康區網寮里文化路１２８巷２號三樓之９,0.0,,,,1150211,土地0建物1車位0,三層,8,華廈(10層含以下有電梯),住家用,鋼筋混凝土造,0840109,30.06,1,0,1,有,有,有,6000,200,,0.0,0,國家住宅及都市更新中心社會住宅包租代管中央版第五期計畫,RPSOMLTJLHLGFKD86CC,獨立套房,有,1150303~1180302,有,冷氣、熱水器、洗衣機、電視機、冰箱,社會住宅包租轉租
永康區,租賃房屋,臺南市永康區中山南路４３巷７弄２９號五樓,0.0,,,,1150306,土地0建物1車位0,五層,5,公寓(5樓含以下無電梯),住家用,鋼筋混凝土造,0700812,95.38,3,2,1,有,無,有,13000,136,,0.0,0,,RPUOMLTJLHLGFKD07CC,整棟(戶)出租,無,1150306~1160315,無,冷氣、熱水器、冰箱,
永康區,租賃房屋,臺南市永康區國光六街１３３號,0.0,,,,1150306,土地0建物0車位0,全,2,透天厝,住家用,ＳＲＣ造,0940303,11.57,48,0,48,有,無,有,4000,346,,0.0,0,國光111房租金總額含水費；網路費；租賃建物部分範圍，且未計入共有部分面積；,RPXOMLTJLHLGFKD37CC,分租套房,無,1150306~1160305,無,冷氣、熱水器、電視機、冰箱、網路,一般轉租
永康區,租賃房屋,臺南市永康區仁愛街５３巷１９號七樓之３,0.0,,,,1150306,土地0建物1車位0,七層,15,住宅大樓(11層含以上有電梯),集合住宅,鋼筋混凝土造,1140409,140.26,3,2,2,有,有,有,20000,143,,0.0,0,台南市社會住宅包租代管 第5期計畫 中央版；水、電費由承租人負擔，管理費2800元不包含在租金由承租人負擔。未租賃車位，建物登記含有車位面積；,RPPPMLTJLHLGFKD66CC,整棟(戶)出租,有,1150310~1180309,有,冷氣、熱水器、洗衣機、冰箱,社會住宅代管
安平區,租賃房屋,臺南市安平區國平路５９９號八樓之６,0.0,,,,1150304,土地0建物1車位0,八層,21,住宅大樓(11層含以上有電梯),商業用,鋼筋混凝土造,0831222,51.69,1,1,1,有,有,有,11500,222,,0.0,0,台南市不動產租賃公會民間住宅包租代管第5期計畫之物件。,RPPNMLKKLHLGFAD27CC,獨立套房,有,1150304~1160303,有,冷氣、熱水器、洗衣機、電視機、冰箱、瓦斯或天然氣,社會住宅包租轉租
中西區,租賃房屋,臺南市中西區大德街１０２號五樓之２,0.0,,,,1150224,土地0建物1車位0,五層,5,公寓(5樓含以下無電梯),住家用,鋼筋混凝土造,0720502,75.42,2,2,1,有,無,有,5000,66,,0.0,0,台南市社會住宅包租代管第5期計畫公會版租金依照租金水準區間表評定,RPQNMLKKLHLGFAD37CC,整棟(戶)出租,無,1150303~1160302,無,冷氣、熱水器、洗衣機、電視機、冰箱,社會住宅代管
安平區,租賃房屋+車位,臺南市安平區永華路二段２８６號十一樓,0.0,,,,1150226,土地0建物1車位1,十一層,29,住宅大樓(11層含以上有電梯),集合住宅,鋼筋混凝土構造,1070921,177.39,3,2,2,有,有,有,45000,254,坡道機械,23.36,0,租金總額含管理費；其他10%租賃所得稅及2.11%二代健保補充保費；,RPRNMLKKLHLGFAD47CC,整棟(戶)出租,有,1150301~1160228,有,冷氣、熱水器、洗衣機、電視機、冰箱、瓦斯或天然氣,
安平區,租賃房屋+車位,臺南市安平區永華路二段６５１號四樓之７,0.0,,,,1150306,土地0建物1車位1,四層,22,住宅大樓(11層含以上有電梯),集合住宅,鋼筋混凝土造,1121108,153.09,3,2,2,有,有,有,32000,209,坡道平面,25.96,0,租金總額含管理費；其他10%租賃所得稅及2.11%二代健保補充保費；,RPSNMLKKLHLGFAD57CC,整棟(戶)出租,有,1150310~1160309,有,冷氣、熱水器、洗衣機、電視機、冰箱,
安平區,租賃房屋+車位,臺南市安平區國平北路１３７號６樓之１１,0.0,,,,1150305,土地0建物1車位1,六層,34,住宅大樓(11層含以上有電梯),集合住宅,鋼骨鋼筋混凝土造、鋼筋混凝土造,1140415,89.1,2,1,1,有,有,有,20000,224,坡道機械,12.5,0,多人共同承租2；租金總額含管理費；,RPTNMLKKLHLGFAD67CC,整棟(戶)出租,有,1150310~1160309,有,冷氣、熱水器、洗衣機、電視機、冰箱,
北區,租賃房屋,臺南市北區開元路５１５號四樓之３,0.0,,,,1150307,土地0建物1車位0,四層,24,住宅大樓(11層含以上有電梯),集合住宅,鋼筋混凝土構造,1041105,105.15,1,1,1,有,有,有,13000,124,,0.0,0,租金總額含管理費；網路費；其他第四台；未租賃車位，建物登記含有車位面積；,RPUNMLKKLHLGFAD77CC,獨立套房,有,1150316~1160315,有,冷氣、熱水器、洗衣機、電視機、冰箱、瓦斯或天然氣、有線電視、網路,
中西區,租賃房屋,臺南市中西區金華路三段２１８號十四樓之１３,0.0,,,,1150226,土地0建物1車位0,十四層,18,住宅大樓(11層含以上有電梯),住家用,鋼筋混凝土造,0840704,47.85,1,0,1,有,有,有,9500,199,,0.0,0,台南市社會住宅包租代管公會版增辦第4期,RPVNMLKKLHLGFAD87CC,獨立套房,有,1150301~1160228,有,冷氣、熱水器、洗衣機、電視機、冰箱、瓦斯或天然氣,社會住宅代管
安南區,租賃房屋,臺南市安南區慈興七街１１號四樓之１,0.0,,,,1150225,土地0建物1車位0,四層,5,華廈(10層含以下有電梯),集合住宅,鋼筋混凝土造,1110601,100.41,2,2,2,有,有,有,19600,195,,0.0,0,台南市社會住宅包租代管第5期計畫公會版租金依照租金水準區間表評定未租賃車位，建物登記含有車位面積；,RPPNMLKKLHLGFBD37CC,整棟(戶)出租,有,1150303~1180302,有,冷氣、熱水器、洗衣機、網路,社會住宅包租轉租
東區,租賃房屋,臺南市東區育樂街１５８巷２１號,0.0,,,,1150211,土地0建物1車位0,一層,4,公寓(5樓含以下無電梯),住商用,鋼筋混凝土造,0601212,39.15,2,1,1,有,無,有,12000,307,,0.0,0,參加公會版住宅包租代管五期計畫多人共同承租2；,RPSNMLKKLHLGFCD77CC,整棟(戶)出租,無,1150220~1160219,無,冷氣、熱水器、洗衣機、冰箱,社會住宅代管
東區,租賃房屋,臺南市東區中華東路三段３３６巷４３弄２號五樓之２,0.0,,,,1150223,土地0建物1車位0,五層,10,華廈(10層含以下有電梯),住家用,鋼筋混凝土造,0870220,151.35,3,1,2,有,有,有,18000,119,,0.0,0,台南市社會住宅包租代管第5期計畫公會版租金依照租金水準區間表評定未租賃車位，建物登記含有車位面積；,RPUNMLKKLHLGFCD97CC,整棟(戶)出租,有,1150301~1160228,有,冷氣、熱水器、瓦斯或天然氣,社會住宅代管
東區,租賃房屋,臺南市東區長榮路二段３２巷１４４號三樓之２,0.0,,,,1150226,土地0建物1車位0,三層,5,公寓(5樓含以下無電梯),住家用,鋼筋混凝土造,0781220,23.04,1,1,1,有,有,有,4500,195,,0.0,0,台南市社會住宅包租代管第5期計畫公會版租金依照租金水準區間表評定,RPVNMLKKLHLGFCD08CC,獨立套房,有,1150309~1160308,無,冷氣、熱水器、冰箱,社會住宅代管
東區,租賃房屋,臺南市東區德昌路９８號五樓之６,0.0,,,,1150223,土地0建物1車位0,五層,7,華廈(10層含以下有電梯),集合住宅,鋼筋混凝土構造,1070830,79.48,2,2,2,有,有,有,15000,189,,0.0,0,台南市社會住宅包租代管第5期計畫公會版租金依照租金水準區間表評定,RPWNMLKKLHLGFCD18CC,整棟(戶)出租,有,1150302~1180301,有,冷氣、熱水器、瓦斯或天然氣,社會住宅包租轉租
東區,租賃房屋,臺南市東區崇明路４８４號,0.0,,,,1150310,土地0建物0車位0,全,4,透天厝,住商用,鋼筋混凝土造,0741122,28.15,11,11,11,有,無,有,13000,462,,0.0,0,多人共同承租2；租金總額含水費；網路費；含增建或未登記建物；,RPXNMLKKLHLGFCD28CC,分租套房,無,1150310~1160310,無,冷氣、熱水器、洗衣機、電視機、冰箱、網路,一般轉租
東區,租賃房屋,臺南市東區育樂街３６-１號,0.0,,,,1150305,土地0建物0車位0,全,3,透天厝,住商用,補強磚造,0590604,23.2,8,1,8,有,無,無,11500,496,,0.0,0,租金總額含水費；網路費；租賃建物部分範圍，且未計入共有部分面積；,RPPOMLKKLHLGFCD57CC,分租套房,無,1150307~1160306,無,冷氣、熱水器、洗衣機、電視機、冰箱,
南區,租賃房屋+車位,臺南市南區大同路二段１０４號９樓之５,0.0,,,,1150301,土地0建物1車位1,九層,13,住宅大樓(11層含以上有電梯),集合住宅,鋼筋混凝土造,0881021,148.53,3,2,2,有,有,無,16000,108,坡道平面,0.0,0,車位編號A-057租金總額含管理費；,RPTOMLKKLHLGFCD97CC,整棟(戶)出租,有,1150305~1160305,有,熱水器、瓦斯或天然氣,
南區,租賃房屋,臺南市南區新都路４６２巷９號四樓,0.0,,,,1150306,土地0建物1車位0,四層,5,公寓(5樓含以下無電梯),住家用,鋼筋混凝土造,0710904,94.14,3,1,1,有,無,有,8000,85,,0.0,0,台南市不動產租賃公會民間住宅包租代管第5期計畫之物件。續租案件；,RPUOMLKKLHLGFCD08CC,整棟(戶)出租,無,1150310~1160309,無,冷氣、熱水器、洗衣機、電視機、冰箱、瓦斯或天然氣,社會住宅代管
東區,租賃房屋,臺南市東區崇慶街一段９６號二樓之７,0.0,,,,1150224,土地0建物1車位0,二層,15,住宅大樓(11層含以上有電梯),集合住宅,鋼筋混凝土造,1130816,84.06,2,2,1,有,有,有,20000,238,,0.0,0,國家住宅及都市更新中心社會住宅包租代管中央版第五期計畫多人共同承租2；租金總額含管理費；未租賃車位，建物登記含有車位面積；,RPVOMLKKLHLGFCD18CC,整棟(戶)出租,有,1150301~1160228,有,冷氣、熱水器、洗衣機、冰箱,社會住宅代管
東區,租賃房屋,臺南市東區東門路一段８４號之５四樓之７,0.0,,,,1150301,土地0建物1車位0,四層,9,華廈(10層含以下有電梯),住家用,鋼筋混凝土造,0800122,22.2,1,0,1,有,有,有,5000,225,,0.0,0,國家住宅及都市更新中心社會住宅包租代管中央版第五期計畫租金總額含管理費；,RPWOMLKKLHLGFCD28CC,獨立套房,有,1150305~1160304,有,冷氣、熱水器、洗衣機、電視機、冰箱,社會住宅代管
南區,租賃房屋,臺南市南區國民路１２１號,0.0,,,,1150224,土地0建物1車位0,全,3,透天厝,住商用,鋼筋混凝土造,0690520,205.58,4,2,3,有,無,無,27000,131,,0.0,0,1.契約書未約定土地租賃標的。2.由所有權人提供租屋資訊。3.雙發同意115.2.25~115.3.15為免租期不收租金。多人共同承租3；,RPXOMLKKLHLGFCD38CC,整棟(戶)出租,無,1150315~1200314,無,熱水器,
南區,租賃房屋,臺南市南區美南街１０９號三樓之１,0.0,,,,1150212,土地0建物1車位0,三層,7,華廈(10層含以下有電梯),住家用,鋼筋混凝土造,0840302,68.32,2,1,1,有,有,有,10000,146,,0.0,0,參加臺南市社會住宅包租代管第4期計畫租金總額含管理費；續租案件；,RPOPMLKKLHLGFCD57CC,整棟(戶)出租,有,1150215~1160214,有,冷氣、熱水器、瓦斯或天然氣,社會住宅代管
六甲區,租賃房屋,臺南市六甲區中華路１０３號,125.66,住,,,1150225,土地1建物1車位0,全,3,透天厝,住商用,鋼筋混凝土造,0790910,218.61,5,3,3,有,無,無,23000,105,,0.0,0,,RPPNMLKKLHLGFFD77CC,整棟(戶)出租,無,1150301~1160228,無,,
善化區,租賃房屋,臺南市善化區溪尾１９７號五樓之３,0.0,,,,1150306,土地0建物1車位0,五層,7,華廈(10層含以下有電梯),集合住宅,鋼筋混凝土造,1130823,117.50999999999999,3,2,2,有,有,有,16280,139,,0.0,0,台南市社會住宅包租代管 第五期計畫中央版；水、電費由承租人負擔，租金已扣除管理費  1720  元。多人共同承租2；未租賃車位，建物登記含有車位面積；,RPPNMLKKLHLGFHD97CC,整棟(戶)出租,無,1150311~1170310,有,冷氣、熱水器、洗衣機、電視機、冰箱,社會住宅代管
善化區,租賃房屋+車位,臺南市善化區小新營３８５號６樓之３,0.0,,,,1150304,土地0建物1車位1,六層,10,華廈(10層含以下有電梯),集合住宅,鋼筋混凝土造,1140519,109.66,2,1,2,有,有,有,20000,182,坡道平面,22.62,0,租金總額含管理費；,RPQNMLKKLHLGFHD08CC,整棟(戶)出租,有,1150320~1160319,有,冷氣、熱水器、洗衣機、冰箱,
善化區,租賃房屋,臺南市善化區光華路８２號六樓之６,0.0,,,,1150225,土地0建物1車位0,六層,6,華廈(10層含以下有電梯),集合住宅,鋼筋混凝土造,1140211,76.44,2,2,1,有,有,有,17700,232,,0.0,0,台南市社會住宅包租代管第5期計畫公會版租金依照租金水準區間表評定未租賃車位，建物登記含有車位面積；,RPRNMLKKLHLGFHD18CC,整棟(戶)出租,無,1150306~1160305,有,冷氣、熱水器、洗衣機、電視機、冰箱,社會住宅代管
新市區,租賃房屋,臺南市新市區富林路５９１號２樓之３,0.0,,,,1150307,土地0建物1車位0,二層,14,住宅大樓(11層含以上有電梯),集合住宅,鋼筋混凝土造,1120823,89.5,2,2,2,有,有,有,17540,196,,0.0,0,管理費每月1960元多人共同承租2；,RPSNMLKKLHLGFHD28CC,整棟(戶)出租,有,1150401~1160331,有,冷氣、熱水器、洗衣機、電視機、冰箱,
安定區,租賃房屋,臺南市安定區保西路４１４號,0.0,,,,1150310,土地0建物0車位0,全,3,透天厝,住家用,鋼筋混凝土造,0730919,26.6,7,7,7,有,無,有,11000,414,,0.0,0,多人共同承租2；租金總額含水費；網路費；含增建或未登記建物；續租案件；,RPUNMLKKLHLGFHD48CC,分租套房,無,1150310~1160310,無,冷氣、熱水器、洗衣機、電視機、冰箱、網路,一般代管
新市區,租賃房屋+車位,臺南市新市區富安路６５號１４樓之２,0.0,,,,1150215,土地0建物1車位1,十四層,14,住宅大樓(11層含以上有電梯),集合住宅,鋼筋混凝土造,1131125,135.72,3,2,2,有,有,有,23500,173,坡道平面,24.95,0,,RPWNMLKKLHLGFHD68CC,整棟(戶)出租,有,1150301~1180228,有,冷氣、熱水器、洗衣機、冰箱、瓦斯或天然氣,
歸仁區,租賃房屋+車位,臺南市歸仁區智發街１５號１２樓之５,0.0,,,,1150221,土地0建物1車位1,十二層,14,住宅大樓(11層含以上有電梯),集合住宅,鋼筋混凝土造,1140124,100.74000000000001,3,2,1,有,有,有,22000,218,坡道平面,25.45,0,租金總額含管理費；,RPQNMLKKLHLGFID18CC,整棟(戶)出租,有,1150301~1160228,有,冷氣、熱水器、洗衣機、電視機、冰箱,
仁德區,租賃房屋,臺南市仁德區太子路６８９巷３７號,0.0,,,,1150224,土地0建物1車位0,見其他登記事項,1,工廠,廠房,鋼骨構造有牆,1070807,161.7,0,0,0,無,無,無,42000,,,0.0,0,,RPRNMLKKLHLGFID28CC,,無,1150315~1200314,無,,
歸仁區,租賃房屋,臺南市歸仁區忠孝北路３９號,79.0,住,,,1150302,土地1建物1車位0,全,5,透天厝,住商用,鋼筋混凝土造,0820304,324.92,6,2,4,有,無,無,23000,71,,0.0,0,,RPSNMLKKLHLGFID38CC,整棟(戶)出租,無,1150330~1180329,無,冷氣、冰箱,
歸仁區,租賃房屋+車位,臺南市歸仁區高鐵大道３９號３樓之３,0.0,,,,1150226,土地0建物1車位1,三層,19,住宅大樓(11層含以上有電梯),集合住宅,鋼筋混凝土造,1141023,117.06,2,2,2,有,有,有,20000,171,坡道平面,25.44,0,租金總額含管理費；,RPTNMLKKLHLGFID48CC,整棟(戶)出租,有,1150301~1170229,有,冷氣、熱水器、洗衣機、電視機、冰箱、瓦斯或天然氣,
仁德區,租賃房屋,臺南市仁德區後壁里德善路１０８巷４７號四樓之３,0.0,,,,1150306,土地0建物1車位0,四層,5,華廈(10層含以下有電梯),集合住宅,鋼筋混凝土構造,1051201,79.03,2,2,1,有,有,有,14144,179,,0.0,0,台南市政府包租代管第4期計畫之物件。管理費1856元由出租人負擔。續租案件；,RPVNMLKKLHLGFID68CC,整棟(戶)出租,有,1150322~1160321,有,冷氣、熱水器、洗衣機、電視機、冰箱、瓦斯或天然氣,社會住宅代管
永康區,租賃房屋,臺南市永康區復國一路３３９之２號八樓之２,0.0,,,,1150223,土地0建物1車位0,八層,16,住宅大樓(11層含以上有電梯),住家用,鋼筋混凝土構造,1070202,124.94999999999999,2,2,1,有,有,有,19900,159,,0.0,0,台南市社會住宅包租代管第5期計畫公會版租金依照租金水準區間表評定未租賃車位，建物登記含有車位面積；,RPPNMLKKLHLGFKD28CC,整棟(戶)出租,有,1150325~1180324,有,冷氣、熱水器、洗衣機、電視機、冰箱、瓦斯或天然氣,社會住宅包租轉租
永康區,租賃房屋,臺南市永康區成功路１７６號４之２樓,0.0,,,,1150301,土地0建物1車位0,四層,7,華廈(10層含以下有電梯),住家用,鋼筋混凝土造,0800130,23.4,1,1,1,有,無,有,6000,256,,0.0,0,租金總額含網路費；,RPQNMLKKLHLGFKD38CC,獨立套房,無,1150301~1151231,有,冷氣、熱水器、洗衣機,一般代管
永康區,租賃房屋,臺南市永康區復華里復國一路４７５巷２８號二樓之１０,0.0,,,,1150305,土地0建物1車位0,二層,5,華廈(10層含以下有電梯),住家用,鋼筋混凝土構造,1070402,13.61,1,0,1,有,有,有,4350,320,,0.0,0,含增建或未登記建物；續租案件；,RPRNMLKKLHLGFKD48CC,獨立套房,有,1150416~1160415,有,冷氣、熱水器、電視機、冰箱、網路,一般代管
永康區,租賃房屋,臺南市永康區復華里復國一路４７５巷２８號五樓之２６,0.0,,,,1150302,土地0建物1車位0,五層,5,華廈(10層含以下有電梯),住家用,鋼筋混凝土構造,1070402,13.61,1,0,1,有,有,有,4350,320,,0.0,0,含增建或未登記建物；續租案件；,RPSNMLKKLHLGFKD58CC,獨立套房,有,1150501~1151031,有,冷氣、熱水器、電視機、冰箱、網路,一般代管
永康區,租賃房屋+車位,臺南市永康區大灣路９４２巷３７４弄２１號六樓之４,0.0,,,,1150305,土地0建物1車位1,六層,6,華廈(10層含以下有電梯),住家用,鋼筋混凝土造,0810707,119.52000000000001,2,2,2,有,有,有,11900,100,坡道平面,0.0,0,此為國家住宅及都市更新中心社會住宅包租代管第5期計畫。管理費1100元由出租人負擔,RPTNMLKKLHLGFKD68CC,整棟(戶)出租,有,1150310~1160309,有,冷氣、熱水器、洗衣機、瓦斯或天然氣,社會住宅包租轉租
永康區,租賃房屋,臺南市永康區中正北路１９巷１號八樓之３,0.0,,,,1150213,土地0建物1車位0,八層,14,住宅大樓(11層含以上有電梯),住家用,鋼筋混凝土造,0830922,112.58000000000001,3,2,2,有,有,有,16000,142,,0.0,0,參加臺南市社會住宅包租代管第4期計畫續租案件；,RPUNMLKKLHLGFKD78CC,整棟(戶)出租,有,1150224~1160223,有,冷氣、熱水器、洗衣機、冰箱、瓦斯或天然氣,社會住宅代管
永康區,租賃房屋,臺南市永康區中華路７２７巷１６號７樓之２,0.0,,,,1150309,土地0建物1車位0,七層,14,住宅大樓(11層含以上有電梯),住家用,鋼筋混凝土造,0880824,133.78,4,2,2,有,有,有,20000,149,,0.0,0,未租賃車位，建物登記含有車位面積；,RPVNMLKKLHLGFKD88CC,整棟(戶)出租,有,1150316~1150516,有,冷氣、熱水器、洗衣機、電視機、冰箱、瓦斯或天然氣,一般轉租
永康區,租賃房屋,臺南市永康區安康里大橋一街５３之５號９樓之１,0.0,,,,1150309,土地0建物1車位0,九層,14,住宅大樓(11層含以上有電梯),住家用,鋼筋混凝土造,0880824,100.23,3,2,1,有,有,有,18500,185,,0.0,0,多人共同承租2；未租賃車位，建物登記含有車位面積；,RPWNMLKKLHLGFKD98CC,整棟(戶)出租,有,1150401~1180331,有,冷氣、熱水器、洗衣機、電視機、冰箱、瓦斯或天然氣、有線電視,一般轉租
永康區,租賃房屋,臺南市永康區永平街７６１之２２號,0.0,,,,1150310,土地0建物0車位0,六層,6,華廈(10層含以下有電梯),住家用,鋼筋混凝土造,0841222,81.81,4,2,2,有,無,有,20000,244,,0.0,0,多人共同承租2；,RPXNMLKKLHLGFKD09CC,分租套房,無,1150401~1180331,有,冷氣、熱水器、洗衣機、電視機、冰箱、瓦斯或天然氣,一般轉租
安平區,租賃房屋,臺南市安平區慶平路４２２號,75.0,商,,,1150311,土地1建物1車位0,見其他登記事項,4,店面(店鋪),住宅、停車空間,鋼筋混凝土造,0960612,126.45,4,2,4,有,無,無,35000,277,,0.0,0,租金不含租賃扣繳及健保補充保費，簽約日至115年3月31日為裝潢期免租金含增建或未登記建物；,RPPNMLLKLHLGFAD37CC,,無,1150401~1200331,無,冷氣,
安平區,租賃房屋,臺南市安平區建平十七街１２１號五樓之１,0.0,,,,1150225,土地0建物1車位0,五層,16,住宅大樓(11層含以上有電梯),住家用,鋼筋混凝土造,0840819,31.81,1,0,1,有,有,有,8000,251,,0.0,0,國家住宅及都市更新中心社會住宅包租代管中央版第五期計畫租金總額含管理費；,RPQNMLLKLHLGFAD47CC,獨立套房,有,1150225~1180224,有,冷氣、熱水器、洗衣機、冰箱,社會住宅代管
安平區,租賃房屋+車位,臺南市安平區建平十二街１３４號二樓之１,0.0,,,,1150304,土地0建物1車位1,二層,6,華廈(10層含以下有電梯),住家用,鋼筋混凝土造,0820304,147.4,3,2,2,有,有,無,17000,115,坡道平面,0.0,0,,RPRNMLLKLHLGFAD57CC,整棟(戶)出租,有,1150315~1170314,有,瓦斯或天然氣,
北區,租賃房屋,臺南市北區開元路３３３巷２之１２號,0.0,,,,1150215,土地0建物1車位0,全,2,透天厝,住家用,加強磚造,0620910,87.73,3,1,2,有,無,有,15000,171,,0.0,0,多人共同承租3；,RPSNMLLKLHLGFAD67CC,整棟(戶)出租,無,1150315~1160314,無,冷氣、熱水器、洗衣機、電視機、冰箱、瓦斯或天然氣、有線電視,一般轉租
安平區,租賃房屋,臺南市安平區育平五街６號１９樓之１,0.0,,,,1150224,土地0建物1車位0,十九層,22,住宅大樓(11層含以上有電梯),住家用,鋼筋混凝土造,0861021,153.7,4,2,2,有,有,有,18970,123,,0.0,0,不承租車位已扣除車位面積。,RPUNMLLKLHLGFAD87CC,整棟(戶)出租,有,1150301~1150930,有,冷氣、熱水器、洗衣機、冰箱、瓦斯或天然氣,
北區,租賃房屋,臺南市北區和緯路二段３３９號三樓之３,0.0,,,,1150226,土地0建物1車位0,三層,15,住宅大樓(11層含以上有電梯),集合住宅,鋼筋混凝土造,1141110,100.82,2,2,2,有,有,有,22000,218,,0.0,0,參加國家住宅及都市更新中心辦理社會住宅包租代管第五期計畫中央版未租賃車位，建物登記含有車位面積；,RPVNMLLKLHLGFAD97CC,整棟(戶)出租,有,1150301~1160228,有,冷氣、熱水器、洗衣機、電視機、冰箱、瓦斯或天然氣,社會住宅代管
北區,租賃房屋,臺南市北區公園南路３６０號六樓之１,0.0,,,,1150309,土地0建物1車位0,六層,25,住宅大樓(11層含以上有電梯),住家用,鋼筋混凝土造,0840104,123.87,3,1,2,有,有,有,16000,129,,0.0,0,此為台南市社會住宅包租代管第4期計畫。,RPWNMLLKLHLGFAD08CC,整棟(戶)出租,有,1150309~1160216,有,冷氣、熱水器、洗衣機、電視機、冰箱、瓦斯或天然氣,社會住宅包租轉租
安南區,租賃房屋+車位,臺南市安南區安通一街２１號十一樓之８,0.0,,,,1150301,土地0建物1車位1,十一層,15,住宅大樓(11層含以上有電梯),集合住宅,鋼筋混凝土造,1101230,99.97,2,1,1,有,有,有,21000,210,坡道平面,25.44,0,1.契約書未約定土地租賃標的2.由出租人提供租屋資訊3.管理費由承租人負擔續租案件；,RPQNMLLKLHLGFBD57CC,整棟(戶)出租,有,1150305~1160304,有,冷氣、熱水器、洗衣機、電視機、冰箱、瓦斯或天然氣,一般代管
安南區,租賃房屋+車位,臺南市安南區台江大道一段８５９巷１弄５６號,0.0,,,,1150302,土地0建物1車位1,一層,13,住宅大樓(11層含以上有電梯),集合住宅,鋼筋混凝土造,1140123,119.5,3,2,2,有,有,無,20600,208,坡道平面,25.22,1000,參加國家住宅及都市更新中心辦理社會住宅包租代管第五期計畫中央版,RPRNMLLKLHLGFBD67CC,整棟(戶)出租,有,1150315~1160314,有,冷氣、熱水器、瓦斯或天然氣,社會住宅代管
東區,租賃房屋+車位,臺南市東區崇賢三路８５號１２樓之８,0.0,,,,1150309,土地0建物1車位1,十二層,15,住宅大樓(11層含以上有電梯),集合住宅,鋼筋混凝土造,1130816,103.09,2,2,1,有,有,有,23000,223,坡道平面,26.25,0,租金總額含管理費；,RPPNMLLKLHLGFCD57CC,整棟(戶)出租,有,1150315~1160314,有,冷氣、熱水器、洗衣機、電視機、冰箱,一般代管
東區,租賃房屋,臺南市東區裕文路２２巷２５號,0.0,,,,1150224,土地0建物1車位0,全,2,透天厝,住家用,加強磚造,0690115,119.29,4,2,2,有,無,有,15000,126,,0.0,0,國家住宅及都市更新中心社會住宅包租代管中央版第五期計畫,RPQNMLLKLHLGFCD67CC,整棟(戶)出租,無,1150308~1180307,無,冷氣、熱水器、洗衣機、電視機、冰箱,社會住宅包租轉租
東區,租賃房屋,臺南市東區仁東街２３號十二樓,0.0,,,,1150309,土地0建物1車位0,十二層,14,住宅大樓(11層含以上有電梯),住家用,鋼筋混凝土造,0871218,70.36,2,1,1,有,有,有,15280,217,,0.0,0,台南市不動產租賃公會民間住宅包租代管第4期計畫。管理費1720元由出租人負擔。續租案件；,RPRNMLLKLHLGFCD77CC,整棟(戶)出租,有,1150316~1160315,有,冷氣、熱水器、洗衣機、電視機、冰箱、瓦斯或天然氣,社會住宅包租轉租
東區,租賃房屋,臺南市東區崇德二十街５５號二樓,0.0,,,,1150212,土地0建物1車位0,二層,6,華廈(10層含以下有電梯),住家用,鋼筋混凝土造,0811012,76.67,2,1,1,有,有,有,18000,235,,0.0,0,,RPSNMLLKLHLGFCD87CC,整棟(戶)出租,無,1150401~1160331,有,冷氣、熱水器、洗衣機、電視機、冰箱、瓦斯或天然氣、有線電視、網路,
東區,租賃房屋+車位,臺南市東區德東街３９８號五樓之２,0.0,,,,1150309,土地0建物1車位1,五層,15,住宅大樓(11層含以上有電梯),集合住宅,鋼筋混凝土造,1130108,159.43,3,2,2,有,有,無,22000,138,坡道平面,35.67,0,含機車位*1租金總額含管理費；,RPTNMLLKLHLGFCD97CC,整棟(戶)出租,有,1150315~1160314,有,冷氣、熱水器,
南區,租賃房屋,臺南市南區南功街８５巷１２號,0.0,,,,1150305,土地0建物1車位0,一層,8,華廈(10層含以下有電梯),住家用,鋼筋混凝土造,0860908,131.32,3,2,2,有,有,有,18800,143,,0.0,0,參加國家住宅及都市更新中心辦理社會住宅包租代管第五期計畫中央版,RPUNMLLKLHLGFCD08CC,整棟(戶)出租,有,1150401~1160331,有,冷氣、熱水器、洗衣機、電視機、瓦斯或天然氣,社會住宅代管
東區,租賃房屋,臺南市東區崇善路２３２巷４０號,0.0,,,,1150309,土地0建物1車位0,一層,3,店面(店鋪),住家用,鋼筋混凝土造,0741202,42.93,0,1,1,有,無,無,17500,408,,0.0,0,租金總額含網路費；含增建或未登記建物；,RPVNMLLKLHLGFCD18CC,,無,1150401~1160331,無,冷氣、網路,
東區,租賃房屋,臺南市東區東門路三段３７巷７５弄５１號十樓,0.0,,,,1150225,土地0建物1車位0,十層,14,住宅大樓(11層含以上有電梯),住家用,鋼筋混凝土造,0820512,152.72,4,2,2,有,有,有,20000,131,,0.0,0,參加國家住宅及都市更新中心辦理社會住宅包租代管第五期計畫中央版,RPWNMLLKLHLGFCD28CC,整棟(戶)出租,有,1150313~1160312,有,冷氣、熱水器、洗衣機、冰箱,社會住宅代管
南區,租賃房屋,臺南市南區國民路１９８號,0.0,,,,1150309,土地0建物1車位0,全,3,透天厝,住商用,鋼筋混凝土造,0820612,172.36,4,1,4,有,無,有,16500,96,,0.0,0,此為台南市社會住宅包租代管第4期計畫。續租案件；,RPXNMLLKLHLGFCD38CC,整棟(戶)出租,無,1150318~1160317,無,冷氣、熱水器、洗衣機、電視機、冰箱、瓦斯或天然氣,社會住宅包租轉租
麻豆區,租賃房屋,臺南市麻豆區民權路６５之２號三樓,0.0,,,,1150224,土地0建物1車位0,三層,5,華廈(10層含以下有電梯),集合住宅,鋼筋混凝土造,1121026,99.30000000000001,2,2,2,有,有,有,15800,159,,0.0,0,台南市社會住宅包租代管公會版增辦第4期未租賃車位，建物登記含有車位面積；續租案件；,RPPNMLLKLHLGFFD87CC,整棟(戶)出租,有,1150301~1161021,有,冷氣、熱水器、洗衣機、電視機、冰箱,社會住宅包租轉租
佳里區,租賃房屋,臺南市佳里區安南路２７２號,0.0,,,,1150307,土地0建物1車位0,全,4,透天厝,Ｈ２集合住宅,鋼筋混凝土造,1100720,61.81,7,2,7,有,無,有,13000,210,,0.0,0,租賃建物部分範圍，且未計入共有部分面積；,RPPNMLLKLHLGFGD97CC,分層出租,無,1150315~1160314,無,冷氣、洗衣機、電視機、冰箱,
佳里區,租賃房屋,臺南市佳里區鎮山里勝利路２６５巷１２弄２之１號,0.0,,,,1150309,土地0建物1車位0,全,2,透天厝,住家用,加強磚造,0711231,95.52,2,2,2,有,無,有,10000,105,,0.0,0,此為台南市社會住宅包租代管第4期計畫。續租案件；,RPQNMLLKLHLGFGD08CC,整棟(戶)出租,無,1150316~1160315,無,冷氣、熱水器、冰箱、瓦斯或天然氣,社會住宅代管
善化區,租賃房屋,臺南市善化區中華路１７號,0.0,,,,1150227,土地0建物0車位0,全,4,透天厝,店舖，住宅，梯廳，車庫，梯間，機械室,鋼筋混凝土造,0941220,16.53,30,0,30,有,無,有,8000,484,,0.0,0,其他清潔費；,RPPNMLLKLHLGFHD08CC,分租套房,無,1150301~1160228,有,冷氣、熱水器、洗衣機、電視機、冰箱、網路,一般轉租
善化區,租賃房屋,臺南市善化區中華路１７號,0.0,,,,1150227,土地0建物0車位0,全,4,透天厝,店舖，住宅，梯廳，車庫，梯間，機械室,鋼筋混凝土造,0941220,16.53,30,0,30,有,無,有,8000,484,,0.0,0,其他清潔費；,RPQNMLLKLHLGFHD18CC,分租套房,無,1150301~1160228,有,冷氣、熱水器、洗衣機、電視機、冰箱、網路,一般轉租
善化區,租賃房屋,臺南市善化區中華路１７號,0.0,,,,1150227,土地0建物0車位0,全,4,透天厝,店舖，住宅，梯廳，車庫，梯間，機械室,鋼筋混凝土造,0941220,16.53,30,0,30,有,無,有,8000,484,,0.0,0,其他清潔費；,RPRNMLLKLHLGFHD28CC,分租套房,無,1150301~1160228,有,冷氣、熱水器、洗衣機、電視機、冰箱、網路,一般轉租
善化區,租賃房屋,臺南市善化區中華路１７號,0.0,,,,1150227,土地0建物0車位0,全,4,透天厝,店舖，住宅，梯廳，車庫，梯間，機械室,鋼筋混凝土造,0941220,16.53,30,0,30,有,無,有,8000,484,,0.0,0,其他清潔費；,RPSNMLLKLHLGFHD38CC,分租套房,無,1150301~1160228,有,冷氣、熱水器、洗衣機、電視機、冰箱、網路,一般轉租
善化區,租賃房屋,臺南市善化區中華路１７號,0.0,,,,1150227,土地0建物0車位0,全,4,透天厝,店舖，住宅，梯廳，車庫，梯間，機械室,鋼筋混凝土造,0941220,16.53,30,0,30,有,無,有,8000,484,,0.0,0,其他清潔費；,RPTNMLLKLHLGFHD48CC,分租套房,無,1150301~1160228,有,冷氣、熱水器、洗衣機、電視機、冰箱、網路,一般轉租
善化區,租賃房屋,臺南市善化區中華路１７號,0.0,,,,1150227,土地0建物0車位0,全,4,透天厝,店舖，住宅，梯廳，車庫，梯間，機械室,鋼筋混凝土造,0941220,16.53,30,0,30,有,無,有,8000,484,,0.0,0,其他清潔費；,RPUNMLLKLHLGFHD58CC,分租套房,無,1150301~1160228,有,冷氣、熱水器、洗衣機、電視機、冰箱、網路,一般轉租
善化區,租賃房屋,臺南市善化區中華路１７號,0.0,,,,1150227,土地0建物0車位0,全,4,透天厝,店舖，住宅，梯廳，車庫，梯間，機械室,鋼筋混凝土造,0941220,16.53,30,0,30,有,無,有,8000,484,,0.0,0,其他清潔費；,RPVNMLLKLHLGFHD68CC,分租套房,無,1150301~1160228,有,冷氣、熱水器、洗衣機、電視機、冰箱、網路,一般轉租
新市區,租賃房屋,臺南市新市區富安路７１號二樓之１,0.0,,,,1150226,土地0建物1車位0,二層,11,住宅大樓(11層含以上有電梯),集合住宅,鋼筋混凝土造,1110602,91.17999999999999,2,1,2,有,有,有,15900,174,,0.0,0,參加國家住宅及都市更新中心辦理社會住宅包租代管第五期計畫中央版,RPWNMLLKLHLGFHD78CC,整棟(戶)出租,有,1150301~1160228,有,冷氣、熱水器、洗衣機、電視機、冰箱,社會住宅代管
善化區,租賃房屋,臺南市善化區小新營３７６號,0.0,,,,1150309,土地0建物1車位0,全,5,透天厝,停車空間，住宅車道，住宅,鋼筋混凝土造,0920403,293.81,4,2,4,有,有,無,35000,119,,0.0,0,1.契約書未約定土地租賃標的2.由出租人提供租屋資訊3.公司做為員工宿舍之使用,RPXNMLLKLHLGFHD88CC,整棟(戶)出租,無,1150316~1160315,無,冷氣、熱水器、冰箱,
安定區,租賃房屋,臺南市安定區蘇厝１７６之１號二樓之７,0.0,,,,1150307,土地0建物0車位0,二層,9,華廈(10層含以下有電梯),集合住宅,鋼筋混凝土造,1140911,39.31,2,0,2,有,有,有,10000,254,,0.0,0,1.契約書未約定土地租賃標的2.由出租人提供租屋資訊租金總額含管理費；,RPOOMLLKLHLGFHD08CC,分租套房,有,1150315~1160314,有,冷氣、熱水器、洗衣機、電視機、冰箱,
新市區,租賃房屋,臺南市新市區大社８５０號六樓之５,0.0,,,,1150309,土地0建物1車位0,六層,6,華廈(10層含以下有電梯),集合住宅,鋼筋混凝土造,1121229,103.45,2,2,2,有,有,有,17320,167,,0.0,0,此為台南市社會住宅包租代管第4期計畫。管理費2680元由出租人負擔。續租案件；,RPSOMLLKLHLGFHD48CC,整棟(戶)出租,有,1150315~1160314,有,冷氣、熱水器、洗衣機、電視機、冰箱,社會住宅代管
仁德區,租賃房屋,臺南市仁德區中正路二段３０１巷２１號,0.0,,,,1150311,土地0建物0車位0,全,3,透天厝,住家用,鋼筋混凝土構造,1100112,14.8,8,1,8,有,無,有,7500,507,,0.0,0,租金總額含水費；網路費；含增建或未登記建物；續租案件；,RPPNMLLKLHLGFID18CC,分租套房,無,1150311~1160311,無,冷氣、熱水器、洗衣機、電視機、冰箱、網路,一般代管
仁德區,租賃房屋,臺南市仁德區保華路１２９巷２５號,143.52,住,,,1150301,土地2建物1車位0,全,1,透天厝,住家用,鋼造,0780303,50.65,4,1,1,有,無,無,10000,197,,0.0,0,,RPQNMLLKLHLGFID28CC,整棟(戶)出租,無,1150401~1160331,無,,
永康區,租賃房屋,臺南市永康區忠孝一路６９號十四樓之３,0.0,,,,1150222,土地0建物1車位0,十四層,14,住宅大樓(11層含以上有電梯),集合住宅,鋼筋混凝土造,1130112,105.0,2,2,1,有,有,有,22000,210,,0.0,0,國家住宅及都市更新中心社會住宅包租代管中央版第五期計畫租金總額含管理費；未租賃車位，建物登記含有車位面積；,RPPNMLLKLHLGFKD38CC,整棟(戶)出租,有,1150223~1160222,有,冷氣、熱水器、洗衣機、電視機、冰箱,社會住宅代管
永康區,租賃房屋,臺南市永康區大橋二街２３９巷２１弄３８號３樓之７,0.0,,,,1150305,土地0建物1車位0,三層,5,華廈(10層含以下有電梯),住家用,鋼筋混凝土造,0830701,28.22,1,0,1,有,有,有,9500,337,,0.0,0,台南市不動產租賃公會民間住宅包租代管第4期計畫。,RPRNMLLKLHLGFKD58CC,獨立套房,有,1150105~1150704,有,冷氣、熱水器、洗衣機、電視機、冰箱,社會住宅代管
永康區,租賃房屋,臺南市永康區中山北路１１４號十二樓之２,0.0,,,,1150211,土地0建物1車位0,十二層,19,住宅大樓(11層含以上有電梯),住家用,鋼筋混凝土造,0830711,105.56,4,2,2,有,有,有,15000,142,,0.0,0,參加公會版住宅包租代管五期計畫,RPSNMLLKLHLGFKD68CC,整棟(戶)出租,有,1150301~1170229,有,冷氣、熱水器、瓦斯或天然氣,社會住宅包租轉租
永康區,租賃房屋,臺南市永康區鹽州里鹽忠街１１８號５樓之３,0.0,,,,1150303,土地0建物1車位0,五層,8,華廈(10層含以下有電梯),辦公室,鋼筋混凝土造,0950918,17.08,1,0,1,有,有,有,4300,252,,0.0,0,含增建或未登記建物；續租案件；,RPUNMLLKLHLGFKD88CC,獨立套房,有,1150427~1160426,有,冷氣、熱水器、電視機、冰箱、網路,一般代管
永康區,租賃房屋,臺南市永康區鹽州里鹽忠街１１８號８樓之１６,0.0,,,,1150305,土地0建物1車位0,八層,8,華廈(10層含以下有電梯),辦公室,鋼筋混凝土造,0950918,18.39,1,0,1,有,有,有,4300,234,,0.0,0,含增建或未登記建物；,RPVNMLLKLHLGFKD98CC,獨立套房,有,1150320~1150919,有,冷氣、熱水器、電視機、冰箱、網路,一般代管
永康區,租賃房屋,臺南市永康區復華里復國一路４７５巷２８號五樓之２,0.0,,,,1150305,土地0建物1車位0,五層,5,華廈(10層含以下有電梯),住家用,鋼筋混凝土構造,1070402,13.61,1,0,1,有,有,有,4350,320,,0.0,0,含增建或未登記建物；,RPWNMLLKLHLGFKD09CC,獨立套房,有,1150310~1160309,有,冷氣、熱水器、電視機、冰箱、網路,一般代管
永康區,租賃房屋,臺南市永康區東橋十街７５號八樓之５,0.0,,,,1150212,土地0建物1車位0,八層,18,住宅大樓(11層含以上有電梯),集合住宅,鋼筋混凝土造,1140605,112.53,2,2,1,有,有,有,15000,133,,0.0,0,國家住宅及都市更新中心社會住宅包租代管中央版第五期計畫未租賃車位，建物登記含有車位面積；,RPXNMLLKLHLGFKD56CC,整棟(戶)出租,有,1150215~1180214,有,冷氣、熱水器、洗衣機、電視機、冰箱、瓦斯或天然氣,社會住宅包租轉租
永康區,租賃房屋,臺南市永康區東橋十街７５號九樓之５,0.0,,,,1150223,土地0建物1車位0,九層,18,住宅大樓(11層含以上有電梯),集合住宅,鋼筋混凝土造,1140605,112.53,2,2,1,有,有,有,18000,160,,0.0,0,國家住宅及都市更新中心社會住宅包租代管中央版第五期計畫多人共同承租2；未租賃車位，建物登記含有車位面積；,RPOOMLLKLHLGFKD38CC,整棟(戶)出租,有,1150301~1160228,有,冷氣、熱水器、洗衣機、電視機、冰箱、瓦斯或天然氣,社會住宅代管
永康區,租賃房屋,臺南市永康區中華西街１５２號,0.0,,,,1150225,土地0建物0車位0,全,3,透天厝,店舖，住宅,鋼筋混凝土構造,1060118,29.75,14,0,14,有,無,有,11000,370,,0.0,0,1.契約書未約定土地租賃標的。   2.由所有權人提供租屋資訊。租金總額含水費；網路費；其他MOD；續租案件；,RPPOMLLKLHLGFKD48CC,分租套房,無,1150301~1160228,無,冷氣、熱水器、洗衣機、電視機、冰箱、有線電視、網路,一般代管
永康區,租賃房屋,臺南市永康區東橋七路２０１號十樓之６,0.0,,,,1150212,土地0建物1車位0,十層,16,住宅大樓(11層含以上有電梯),住家用,鋼筋混凝土構造,1061114,109.94,2,2,1,有,有,有,21000,191,,0.0,0,參加公會版住宅包租代管四期計畫租金總額含管理費；未租賃車位，建物登記含有車位面積；續租案件；,RPROMLLKLHLGFKD68CC,整棟(戶)出租,有,1150220~1160104,有,冷氣、熱水器、洗衣機、電視機、冰箱、瓦斯或天然氣,社會住宅代管
永康區,租賃房屋,臺南市永康區安康里大橋一街５７之５號三樓之２１,0.0,,,,1150309,土地0建物1車位0,三層,14,住宅大樓(11層含以上有電梯),住家用,鋼筋混凝土造,0880824,34.53,1,0,1,有,有,有,7000,203,,0.0,0,此為台南市社會住宅包租代管第4期計畫。管理費500元由出租人負擔。續租案件；,RPSOMLLKLHLGFKD78CC,獨立套房,有,1150312~1160311,有,冷氣、熱水器、洗衣機、電視機、冰箱,社會住宅包租轉租
北區,租賃房屋+車位,臺南市北區林森路三段８４巷２弄３６號,0.0,,,,1150302,土地0建物1車位1,全,4,透天厝,住商用,鋼筋混凝土造,0840908,245.55,4,2,4,有,無,有,31500,128,坡道平面,0.0,0,1.契約書未約定土地租賃標的。   2.由所有權人提供租屋資訊。 3.租金已扣除管理費3500/月。多人共同承租2；含增建或未登記建物；,RPPNMLMKLHLGFAD47CC,整棟(戶)出租,無,1150401~1160331,無,冷氣、熱水器、洗衣機、冰箱、瓦斯或天然氣,
北區,租賃房屋,臺南市北區北安路一段１７６巷２０號十二樓,0.0,,,,1150224,土地0建物1車位0,十二層,13,住宅大樓(11層含以上有電梯),集合住宅,ＲＣ造,0951129,74.51,2,1,1,有,有,有,19500,262,,0.0,0,國家住宅及都市更新中心社會住宅包租代管中央版第五期計畫多人共同承租2；,RPQNMLMKLHLGFAD57CC,整棟(戶)出租,有,1150301~1160228,有,冷氣、熱水器、洗衣機、電視機、冰箱,社會住宅代管
北區,租賃房屋,臺南市北區育德一街１１６號,0.0,,,,1150305,土地0建物1車位0,一層,15,店面(店鋪),店舖,鋼筋混凝土構造,1120411,131.63,0,1,1,有,有,無,42000,319,,0.0,0,租金總額含稅；,RPRNMLMKLHLGFAD67CC,,有,1150318~1180317,有,,
中西區,租賃房屋,臺南市中西區金華路三段２３０號五樓之８,0.0,,,,1150303,土地0建物1車位0,五層,12,住宅大樓(11層含以上有電梯),住家用,鋼筋混凝土造,0750121,28.94,1,1,1,有,有,有,8140,281,,0.0,0,租金已扣除管理費360元,RPSNMLMKLHLGFAD77CC,獨立套房,有,1150310~1160309,有,冷氣、熱水器、洗衣機、電視機、冰箱,
安平區,租賃房屋,臺南市安平區健康三街５９２巷５５號十四樓之７,0.0,,,,1150309,土地0建物1車位0,十四層,24,住宅大樓(11層含以上有電梯),住家用,鋼筋混凝土造,0861022,118.92999999999999,3,2,2,有,有,有,13000,109,,0.0,0,此為住都中心社會住宅包租代管第5期計畫物件,RPTNMLMKLHLGFAD87CC,整棟(戶)出租,有,1150312~1160311,有,冷氣、熱水器、洗衣機、瓦斯或天然氣,社會住宅包租轉租
安平區,租賃房屋,臺南市安平區育平路２１２號六樓之３６,0.0,,,,1150311,土地0建物1車位0,六層,17,住宅大樓(11層含以上有電梯),住家用,鋼筋混凝土造,0840729,48.0,1,1,1,有,有,有,14500,302,,0.0,0,1.契約書未約定土地租賃標的。   2.由所有權人提供租屋資訊。 3. 115.3.11-115.3.15止為無償使用期間。租金總額含管理費；網路費；其他第四台；,RPVNMLMKLHLGFAD08CC,獨立套房,有,1150316~1160315,有,冷氣、熱水器、洗衣機、電視機、冰箱、瓦斯或天然氣、有線電視、網路,
北區,租賃房屋+車位,臺南市北區中華北路一段２０３巷１６弄２２號五樓之７,0.0,,,,1150211,土地0建物1車位1,五層,14,住宅大樓(11層含以上有電梯),集合住宅,鋼筋混凝土造,1140814,113.74000000000001,2,2,1,有,有,有,25000,220,坡道平面,33.87,0,?參加公會版住宅包租代管五期計畫租金總額含管理費；,RPXNMLMKLHLGFAD28CC,整棟(戶)出租,有,1150301~1160228,有,冷氣、熱水器、洗衣機、電視機、冰箱、瓦斯或天然氣,社會住宅代管
安南區,租賃房屋+車位,臺南市安南區安中二街２５號４樓之１,0.0,,,,1150311,土地0建物1車位1,四層,14,住宅大樓(11層含以上有電梯),集合住宅,鋼筋混凝土造,1140425,123.64,2,2,2,有,有,無,22000,178,坡道平面,22.07,0,,RPPNMLMKLHLGFBD57CC,整棟(戶)出租,有,1150323~1160322,有,冷氣、熱水器、冰箱,
安南區,租賃房屋+車位,臺南市安南區樂活一街６６號７樓,0.0,,,,1150304,土地0建物1車位1,七層,27,住宅大樓(11層含以上有電梯),集合住宅,鋼筋混凝土造,1130116,156.89999999999998,2,2,2,有,有,有,23000,147,坡道平面,23.75,0,多人共同承租3；,RPQNMLMKLHLGFBD67CC,整棟(戶)出租,有,1150316~1150915,有,,一般轉租
安南區,租賃房屋,臺南市安南區北安路二段４９３號五樓之６,0.0,,,,1150310,土地0建物1車位0,五層,15,住宅大樓(11層含以上有電梯),集合住宅,鋼筋混凝土造,1120911,86.92,2,1,1,有,無,有,18000,207,,0.0,0,台南市政府包租代管第4期計畫之物件。續租案件；,RPRNMLMKLHLGFBD77CC,整棟(戶)出租,無,1150315~1160314,有,冷氣、熱水器、電視機、瓦斯或天然氣,社會住宅包租轉租
安南區,租賃房屋,臺南市安南區安中路四段２９０巷３２５弄４１號,0.0,,,,1150226,土地0建物1車位0,全,2,透天厝,住家用,加強磚造,0800130,183.39,3,2,2,有,無,有,16000,87,,0.0,0,參加公會版住宅包租代管四之一期計畫續租案件；,RPSNMLMKLHLGFBD87CC,整棟(戶)出租,無,1150301~1160228,無,冷氣、熱水器、冰箱,社會住宅代管
安南區,租賃房屋+車位,臺南市安南區樂活一街６６號７樓,0.0,,,,1150304,土地0建物1車位1,七層,27,住宅大樓(11層含以上有電梯),集合住宅,鋼筋混凝土造,1130116,156.89999999999998,2,2,2,有,有,有,23000,147,坡道平面,23.75,0,多人共同承租3；,RPUNMLMKLHLGFBD08CC,整棟(戶)出租,有,1150316~1150915,有,,
安南區,租賃房屋,臺南市安南區樂活二十二街７０號７樓之３,0.0,,,,1150218,土地0建物1車位0,七層,7,華廈(10層含以下有電梯),集合住宅,鋼筋混凝土造,1130705,117.15,2,1,1,有,有,有,18000,154,,0.0,0,租金總額含管理費；未租賃車位，建物登記含有車位面積；,RPVNMLMKLHLGFBD18CC,整棟(戶)出租,有,1150301~1160228,有,冷氣、熱水器、洗衣機、電視機、冰箱,
安南區,租賃房屋+車位,臺南市安南區安富二街８８號３樓之７,0.0,,,,1150220,土地0建物1車位1,三層,14,住宅大樓(11層含以上有電梯),集合住宅,鋼筋混凝土造,1140402,144.84,2,2,2,有,有,無,20800,144,坡道平面,26.43,0,租金已扣除管理費2200元,RPXNMLMKLHLGFBD38CC,整棟(戶)出租,有,1150322~1160321,有,冷氣、熱水器、瓦斯或天然氣,
安南區,租賃房屋,臺南市安南區安中路一段７００巷３５之１號,0.0,,,,1150228,土地0建物1車位0,二層,4,公寓(5樓含以下無電梯),集合住宅,鋼筋混凝土造,0700907,100.82000000000001,3,2,2,有,無,有,14000,139,,0.0,0,參加國家住宅及都市更新中心辦理社會住宅包租代管第五期計畫中央版續租案件；,RPOOMLMKLHLGFBD57CC,整棟(戶)出租,無,1150406~1160405,無,冷氣、熱水器,社會住宅代管
東區,租賃房屋,臺南市東區中華東路一段１６號十樓之１,0.0,,,,1150310,土地0建物1車位0,十層,14,住宅大樓(11層含以上有電梯),住家用,ＲＣ造,0930712,89.35,1,1,1,有,有,有,14000,157,,0.0,0,台南市社會住宅包租代管 第4期計畫 公會版；水、電費由承租人負擔，管理費1392元不包含在租金由承租人負擔。未租賃車位，建物登記含有車位面積；續租案件；,RPQNMLMKLHLGFCD77CC,獨立套房,有,1150321~1160320,有,冷氣、熱水器、洗衣機、電視機、冰箱,社會住宅代管
東區,租賃房屋,臺南市東區仁和路１３９巷８６號,0.0,,,,1150213,土地0建物1車位0,全,4,透天厝,住家用,鋼筋混凝土造,0950627,194.19,5,2,4,有,無,有,15000,77,,0.0,0,?參加公會版住宅包租代管四期計畫續租案件；,RPRNMLMKLHLGFCD87CC,整棟(戶)出租,無,1150301~1160228,無,冷氣、熱水器、洗衣機、電視機、冰箱、瓦斯或天然氣,社會住宅代管
東區,租賃房屋,臺南市東區崇明２４街８０號２樓之３１,0.0,,,,1150310,土地0建物1車位0,二層,6,華廈(10層含以下有電梯),集合住宅,鋼筋混凝土構造,1110601,34.76,1,0,1,有,有,有,11500,331,,0.0,0,管理費:1100元水費:200元,RPSNMLMKLHLGFCD97CC,獨立套房,有,1150320~1160319,有,冷氣、熱水器、洗衣機、電視機、冰箱、網路,一般轉租
東區,租賃房屋+車位,臺南市東區後甲三街１號十四樓之２,0.0,,,,1150302,土地0建物1車位1,十四層,15,住宅大樓(11層含以上有電梯),集合住宅,鋼筋混凝土造,1130123,153.64999999999998,3,2,2,有,有,有,33000,215,坡道平面,26.15,0,租金總額含管理費；,RPTNMLMKLHLGFCD08CC,整棟(戶)出租,有,1150310~1160309,有,冷氣、熱水器、洗衣機、電視機、冰箱,一般代管
東區,租賃房屋,臺南市東區崇明２４街８０號３樓之２５,0.0,,,,1150305,土地0建物1車位0,三層,6,華廈(10層含以下有電梯),集合住宅,鋼筋混凝土構造,1110601,34.76,1,0,1,有,有,有,11500,331,,0.0,0,管理費:1100元水費:200元,RPVNMLMKLHLGFCD28CC,獨立套房,有,1150501~1160430,有,冷氣、熱水器、洗衣機、電視機、冰箱、網路,一般轉租
東區,租賃房屋,臺南市東區崇學路２１０號７樓之２,0.0,,,,1150226,土地0建物1車位0,七層,12,住宅大樓(11層含以上有電梯),住家用,鋼筋混凝土造,0800708,146.42,4,2,3,有,有,有,19000,130,,0.0,0,參加國家住宅及都市更新中心辦理社會住宅包租代管第五期計畫中央版,RPWNMLMKLHLGFCD38CC,整棟(戶)出租,有,1150301~1180228,有,冷氣、熱水器、冰箱、瓦斯或天然氣,社會住宅包租轉租
南區,租賃房屋,臺南市南區健康路一段３９１巷２３弄３號三樓,0.0,,,,1150309,土地0建物1車位0,三層,4,公寓(5樓含以下無電梯),住家用,補強磚造,0580815,108.57,3,2,2,有,無,有,17500,161,,0.0,0,台南市不動產租賃公會民間住宅包租代管第5期計畫之物件。續租案件；,RPXNMLMKLHLGFCD48CC,整棟(戶)出租,無,1150310~1160309,無,冷氣、熱水器、電視機、冰箱、瓦斯或天然氣,社會住宅包租轉租
東區,租賃房屋,臺南市東區東寧路５３８巷９號六樓之５,0.0,,,,1150301,土地0建物1車位0,六層,7,華廈(10層含以下有電梯),住家用,鋼筋混凝土造,0780425,23.89,1,0,1,有,有,有,4500,188,,0.0,0,參加公會版住宅包租代管四之一期計畫續租案件；,RPPOMLMKLHLGFCD77CC,獨立套房,有,1150301~1160228,有,冷氣、熱水器、冰箱,社會住宅代管
東區,租賃房屋,臺南市東區東寧路５３８巷９號六樓之４,0.0,,,,1150301,土地0建物1車位0,六層,7,華廈(10層含以下有電梯),住家用,鋼筋混凝土造,0780425,21.84,1,0,1,有,有,有,4500,206,,0.0,0,參加公會版住宅包租代管四之一期計畫續租案件；,RPQOMLMKLHLGFCD87CC,獨立套房,有,1150301~1160228,有,冷氣、熱水器、冰箱,社會住宅代管
南區,租賃房屋,臺南市南區新興路４６１巷１０弄９號三樓之２,0.0,,,,1150224,土地0建物1車位0,三層,5,公寓(5樓含以下無電梯),住家用,鋼筋混凝土造,0720602,55.08,2,2,1,有,無,無,13000,236,,0.0,0,,RPROMLMKLHLGFCD97CC,整棟(戶)出租,無,1150301~1160228,無,冷氣、熱水器,
東區,租賃房屋,臺南市東區東安路３０巷２０之４號,0.0,,,,1150309,土地0建物1車位0,五層,5,公寓(5樓含以下無電梯),住家用,鋼筋混凝土造,0710223,100.67,3,2,2,有,無,有,13500,134,,0.0,0,多人共同承租2；租金總額含網路費；其他第四台；續租案件；,RPSOMLMKLHLGFCD08CC,整棟(戶)出租,無,1150320~1160319,無,冷氣、熱水器、洗衣機、電視機、冰箱,
東區,租賃房屋,臺南市東區長榮路二段３２巷１４２號二樓之９,0.0,,,,1150310,土地0建物1車位0,二層,5,公寓(5樓含以下無電梯),住家用,鋼筋混凝土造,0781220,24.35,1,0,1,有,有,有,5500,226,,0.0,0,此為住都中心社會住宅包租代管第5期計畫物件,RPTOMLMKLHLGFCD18CC,獨立套房,有,1150311~1160310,無,冷氣、熱水器、冰箱,社會住宅代管
東區,租賃房屋,臺南市東區中華東路二段１８５巷１６號十四樓之３,0.0,,,,1150213,土地0建物1車位0,十四層,20,住宅大樓(11層含以上有電梯),住家用,鋼筋混凝土造,0841106,135.42000000000002,3,2,2,有,有,有,19600,145,,0.0,0,?參加公會版住宅包租代管五期計畫,RPUOMLMKLHLGFCD28CC,整棟(戶)出租,有,1150213~1160212,有,冷氣、熱水器、洗衣機、電視機、冰箱、瓦斯或天然氣,社會住宅代管
東區,租賃房屋,臺南市東區崇道路１９巷８號五樓,0.0,,,,1150228,土地0建物1車位0,五層,9,華廈(10層含以下有電梯),住家用,鋼筋混凝土造,0841128,91.03999999999999,3,2,2,有,有,有,19000,209,,0.0,0,參加國家住宅及都市更新中心辦理社會住宅包租代管第五期計畫中央版租金總額含管理費；未租賃車位，建物登記含有車位面積；續租案件；,RPWOMLMKLHLGFCD48CC,整棟(戶)出租,有,1150405~1160404,有,冷氣、熱水器、洗衣機、冰箱,社會住宅代管
南區,租賃房屋+車位,臺南市南區萬年五街３４５號七樓,0.0,,,,1150212,土地0建物1車位1,七層,15,住宅大樓(11層含以上有電梯),集合住宅,鋼筋混凝土造,1060905,150.31,2,2,2,有,有,有,20000,133,坡道平面,24.43,0,?參加公會版住宅包租代管五期計畫租金總額含管理費；,RPXOMLMKLHLGFCD58CC,整棟(戶)出租,有,1150220~1160219,有,冷氣、熱水器、洗衣機、電視機、冰箱、瓦斯或天然氣,社會住宅代管
東區,租賃房屋,臺南市東區中華東路三段５４１號４樓之１,0.0,,,,1150228,土地0建物1車位0,四層,10,華廈(10層含以下有電梯),住家用,鋼筋混凝土造,0821231,84.95,2,2,1,有,有,有,13500,159,,0.0,0,參加國家住宅及都市更新中心辦理社會住宅包租代管第四期計畫公會版續租案件；,RPOPMLMKLHLGFCD77CC,整棟(戶)出租,有,1150420~1160419,有,冷氣、熱水器、洗衣機,社會住宅代管
東區,租賃房屋,臺南市東區崇德路５９２號,0.0,,,,1150212,土地0建物1車位0,一層,4,店面(店鋪),住宅、停車空間、診所,ＲＣ造,0930720,136.49,0,0,0,無,無,無,85000,623,,0.0,0,1.裝修期間：出租方同意自簽約日起至民國115年5月15日止，將本租賃房屋交由承租方裝修，此段裝修期間，出租方同意不計收租金。2.出租方同意補助承租方拆除櫃體及隔間工程新台幣100000元含稅，竣工完成後由承租方開立發票予出租方請款。含有多個門牌且未個別計算租金台南市東區崇德路592號、台南市東區崇德路596號。；租賃期間有約定不同租金115/5/16至117/5/15租金為85000元；117/5/16至119/5/15租金為86700元；119/5/16至121/5/15租金為88500元。；,RPPPMLMKLHLGFCD87CC,,無,1150516~1210515,無,,
鹽水區,租賃房屋,臺南市鹽水區月津路７５巷２號四樓之九,0.0,,,,1150306,土地0建物1車位0,四層,7,華廈(10層含以下有電梯),住家用,鋼筋混凝土造,0830830,143.45,3,2,2,有,無,有,10000,70,,0.0,0,參加國家住宅及都市更新中心辦理社會住宅包租代管第五期計畫中央版,RPPNMLMKLHLGFDD77CC,整棟(戶)出租,無,1150401~1160331,有,冷氣、熱水器、洗衣機、冰箱,社會住宅代管
鹽水區,租賃房屋,臺南市鹽水區新中路８２巷５０號四樓,0.0,,,,1150306,土地0建物1車位0,四層,5,公寓(5樓含以下無電梯),住家用,鋼筋混凝土造,0820331,102.10000000000001,2,1,1,有,無,有,11000,108,,0.0,0,此為住都中心社會住宅包租代管第5期計畫物件,RPQNMLMKLHLGFDD87CC,整棟(戶)出租,無,1150310~1160309,無,冷氣、熱水器、洗衣機、冰箱、瓦斯或天然氣,社會住宅代管
新營區,租賃房屋,臺南市新營區中正路３９巷１０６號,0.0,,,,1150310,土地0建物1車位0,全,2,透天厝,住家用,鋼筋混凝土造,05802,87.12,2,2,1,有,無,有,7000,80,,0.0,0,台南市政府包租代管第4期計畫之物件。續租案件；,RPRNMLMKLHLGFDD97CC,整棟(戶)出租,無,1150318~1160317,無,冷氣、熱水器、瓦斯或天然氣,社會住宅包租轉租
新營區,租賃房屋,臺南市新營區忠政里中正路３７巷９號三樓,0.0,,,,1150311,土地0建物1車位0,見其他登記事項,4,公寓(5樓含以下無電梯),住家用,鋼筋混凝土造,0720617,138.08,3,2,2,有,無,無,12000,87,,0.0,0,台南市不動產租賃公會民間住宅包租代管第5期計畫之物件。續租案件；,RPSNMLMKLHLGFDD08CC,整棟(戶)出租,無,1150320~1160319,無,冷氣、熱水器、瓦斯或天然氣,社會住宅代管
佳里區,租賃房屋,臺南市佳里區中山路２４３號,0.0,,,,1150311,土地0建物1車位0,一層,4,店面(店鋪),住商用,鋼筋混凝土造,0810918,23.59,3,1,3,有,無,無,15000,636,,0.0,0,,RPPNMLMKLHLGFGD08CC,,無,1150401~1160331,無,冷氣,
佳里區,租賃房屋,臺南市佳里區進學路１３６號,0.0,,,,1150312,土地0建物1車位0,見其他登記事項,2,店面(店鋪),住商用,加強磚造,0651119,112.75,3,2,2,有,無,無,19900,176,,0.0,0,租金總額含稅；含增建或未登記建物；租賃期間有約定不同租金115年3月12日起至115年4月11日止為裝修期免租金。115年4月12日起至118年4月11日止月租金新台幣19900元整。；,RPQNMLMKLHLGFGD18CC,,無,1150312~1180411,無,,
善化區,租賃房屋+車位,臺南市善化區東勢?１５８號２樓之１１,0.0,,,,1150308,土地0建物1車位1,二層,7,華廈(10層含以下有電梯),集合住宅,鋼筋混凝土造,1130820,92.38,2,1,2,有,有,有,18000,195,升降機械,11.75,0,,RPPNMLMKLHLGFHD18CC,整棟(戶)出租,有,1150308~1160307,有,冷氣、熱水器、洗衣機、電視機、冰箱,一般代管
新市區,租賃房屋,臺南市新市區三民街１１２巷１１號,0.0,,,,1150311,土地0建物1車位0,全,2,透天厝,住商用,加強磚造,0690501,113.05,4,2,4,有,無,有,33000,292,,0.0,0,多人共同承租5；,RPQNMLMKLHLGFHD28CC,整棟(戶)出租,無,1150320~1170319,無,冷氣、熱水器、洗衣機、電視機、冰箱、瓦斯或天然氣,
善化區,租賃房屋+車位,臺南市善化區茄拔３１-２號７樓之７,0.0,,,,1150308,土地0建物1車位1,七層,9,華廈(10層含以下有電梯),集合住宅,鋼筋混凝土造,1140625,98.16,2,2,1,有,有,有,13884,141,坡道平面,22.51,0,租金含管理費2116元,RPRNMLMKLHLGFHD38CC,整棟(戶)出租,有,1150315~1160314,有,冷氣、熱水器、洗衣機、電視機、冰箱,
新市區,租賃房屋,臺南市新市區中山路１８０號,0.0,,,,1150305,土地0建物0車位0,二層,4,華廈(10層含以下有電梯),廠房,鋼筋混凝土造,1041016,29.84,18,2,20,有,無,無,7480,251,,0.0,0,租賃建物部分範圍，且未計入共有部分面積；,RPSNMLMKLHLGFHD48CC,分租套房,無,1150305~1150904,有,,
新市區,租賃房屋,臺南市新市區中山路１８０號,0.0,,,,1150305,土地0建物0車位0,二層,4,華廈(10層含以下有電梯),廠房,鋼筋混凝土造,1041016,29.84,18,2,20,有,無,無,7480,251,,0.0,0,租賃建物部分範圍，且未計入共有部分面積；,RPTNMLMKLHLGFHD58CC,分租套房,無,1150305~1150904,有,,
新市區,租賃房屋,臺南市新市區中山路１８０號,0.0,,,,1150305,土地0建物0車位0,二層,4,華廈(10層含以下有電梯),廠房,鋼筋混凝土造,1041016,29.84,18,2,20,有,無,無,7480,251,,0.0,0,租賃建物部分範圍，且未計入共有部分面積；,RPUNMLMKLHLGFHD68CC,分租套房,無,1150305~1150904,有,,
新市區,租賃房屋,臺南市新市區崙頂８３之１２號七樓之１,0.0,,,,1150226,土地0建物1車位0,七層,7,華廈(10層含以下有電梯),集合住宅,鋼筋混凝土造,1120614,75.39,2,2,1,有,有,有,15000,199,,0.0,0,參加公會版住宅包租代管四之一期計畫,RPVNMLMKLHLGFHD78CC,整棟(戶)出租,有,1150301~1160228,有,冷氣、熱水器、洗衣機、冰箱,社會住宅代管
新市區,租賃房屋,臺南市新市區中山路２０之１３號,0.0,,,,1150304,土地0建物0車位0,全,4,透天厝,住家用,鋼筋混凝土造,1041110,18.0,16,0,16,有,無,有,6500,361,,0.0,0,租金總額含管理費；水費；網路費；續租案件；,RPWNMLMKLHLGFHD88CC,分租套房,無,1150310~1160309,無,冷氣、熱水器、洗衣機、電視機、冰箱、網路,一般代管
善化區,租賃房屋,臺南市善化區和平路１２０號,0.0,,,,1150227,土地0建物0車位0,全,4,透天厝,住宅、店舖、樓梯間,鋼筋混凝土造,0940523,18.0,6,0,6,有,無,有,11500,639,,0.0,0,多人共同承租2；租金總額含管理費；水費；網路費；,RPXNMLMKLHLGFHD98CC,分租套房,無,1150301~1160228,無,冷氣、熱水器、洗衣機、電視機、冰箱、網路,一般代管
仁德區,租賃房屋,臺南市仁德區和愛街３號十一樓之１,0.0,,,,1150306,土地0建物1車位0,十一層,13,住宅大樓(11層含以上有電梯),住家用,鋼筋混凝土造,0990422,168.57,3,2,2,有,有,無,20000,119,,0.0,0,此為住都中心社會住宅包租代管第5期計畫物件未租賃車位，建物登記含有車位面積；,RPQNMLMKLHLGFID38CC,整棟(戶)出租,有,1150307~1160306,有,冷氣、熱水器、電視機、瓦斯或天然氣,社會住宅代管
仁德區,租賃房屋+車位,臺南市仁德區文心路７８號十一樓之８,0.0,,,,1150227,土地0建物1車位1,十一層,24,住宅大樓(11層含以上有電梯),集合住宅,鋼筋混凝土構造,1100315,105.19999999999999,2,1,1,有,有,有,18300,186,坡道平面,17.45,2000,參加國家住宅及都市更新中心辦理社會住宅包租代管增辦第四期計畫公會版續租案件；,RPRNMLMKLHLGFID48CC,整棟(戶)出租,有,1150401~1160331,有,冷氣、熱水器、洗衣機、電視機、冰箱,社會住宅代管
楠西區,租賃房屋,臺南市楠西區水庫路２１０號,120.74,住,,,1150312,土地1建物1車位0,全,3,透天厝,住商用,加強磚造,0720810,111.57,3,2,2,有,無,有,12000,108,,0.0,0,,RPPNMLMKLHLGFJD38CC,整棟(戶)出租,無,1150315~1170314,無,冷氣、熱水器,
永康區,租賃房屋+車位,臺南市永康區大安街４６８巷１２號五樓之７,0.0,,,,1150227,土地0建物1車位1,五層,10,華廈(10層含以下有電梯),住家用,鋼筋混凝土構造,1080131,105.78,2,1,1,有,有,有,21800,257,坡道平面,24.84,1000,參加國家住宅及都市更新中心辦理社會住宅包租代管第五期計畫中央版,RPPNMLMKLHLGFKD48CC,整棟(戶)出租,有,1150501~1160430,有,冷氣、熱水器、洗衣機、電視機、冰箱,社會住宅代管
永康區,租賃房屋,臺南市永康區永華路５０３號三樓之６,0.0,,,,1150226,土地0建物0車位0,三層,3,華廈(10層含以下有電梯),住家用,鋼筋混凝土構造,1040518,21.82,38,0,38,有,無,有,6150,282,,0.0,0,租金總額含網路費；其他有線電視或MOD；租賃建物部分範圍，且未計入共有部分面積；續租案件；,RPQNMLMKLHLGFKD58CC,分租套房,無,1150401~1160331,有,冷氣、熱水器、洗衣機、電視機、冰箱、有線電視、網路,一般代管
永康區,租賃房屋,臺南市永康區中山南路４６７巷１５號,0.0,,,,1150223,土地0建物0車位0,全,2,透天厝,廠房、辦公室、倉庫、員工宿舍。,加強磚造,0690301,28.74,23,23,23,有,無,有,13000,452,,0.0,0,多人共同承租2；租金總額含水費；網路費；含增建或未登記建物；,RPRNMLMKLHLGFKD68CC,分租套房,無,1150223~1160225,無,冷氣、熱水器、洗衣機、電視機、冰箱、網路,一般代管
永康區,租賃房屋,臺南市永康區永華路５０３號二樓之１,0.0,,,,1150302,土地0建物0車位0,二層,3,華廈(10層含以下有電梯),住家用,鋼筋混凝土構造,1040518,19.34,38,0,38,有,無,有,8150,421,,0.0,0,租金總額含網路費；其他有線電視或MOD；租賃建物部分範圍，且未計入共有部分面積；續租案件；,RPSNMLMKLHLGFKD78CC,分租套房,無,1150401~1160331,有,冷氣、熱水器、洗衣機、電視機、冰箱、有線電視、網路,一般代管
永康區,租賃房屋,臺南市永康區中華西街１００號,0.0,,,,1150225,土地0建物1車位0,見其他登記事項,4,店面(店鋪),避難室、店舖、住宅。,鋼筋混凝土造,0770209,169.4,4,2,4,有,無,無,23000,136,,0.0,0,115/2/25~115/3/1係免租搬遷期，租金自115/3/1日起算。租賃期間有約定不同租金115/3/1~117/2/29每月應給付月租金新台幣貳萬參仟元整；117/3/1~118/2/28每月應給付月租金新台幣貳萬伍仟元整。；,RPTNMLMKLHLGFKD88CC,,無,1150301~1180228,無,,
永康區,租賃房屋,臺南市永康區永華路５０３號三樓之２,0.0,,,,1150306,土地0建物0車位0,三層,3,華廈(10層含以下有電梯),住家用,鋼筋混凝土構造,1040518,12.71,38,0,38,有,無,有,6150,484,,0.0,0,租金總額含網路費；其他有線電視或MOD；租賃建物部分範圍，且未計入共有部分面積；續租案件；,RPUNMLMKLHLGFKD98CC,分租套房,無,1150501~1160430,有,冷氣、熱水器、洗衣機、電視機、冰箱、有線電視、網路,一般代管
永康區,租賃房屋,臺南市永康區東橋十街７５號五樓之８,0.0,,,,1150310,土地0建物1車位0,五層,18,住宅大樓(11層含以上有電梯),集合住宅,鋼筋混凝土造,1140605,101.48,2,1,1,有,有,有,18800,185,,0.0,0,台南市社會住宅包租代管 第5期計畫中央版；水、電、瓦斯費由承租人負擔，租金已扣除管理費  1700  元。未租賃車位，建物登記含有車位面積；,RPWNMLMKLHLGFKD56CC,整棟(戶)出租,有,1150316~1170315,有,冷氣、熱水器、洗衣機、冰箱、瓦斯或天然氣,社會住宅代管
永康區,租賃房屋,臺南市永康區尚頂里南台街１７０號六樓之１３,0.0,,,,1150227,土地0建物1車位0,六層,7,華廈(10層含以下有電梯),住家用,鋼筋混凝土造,0850130,28.89,1,0,1,有,有,有,7100,246,,0.0,0,1.契約書未約定土地租賃標的。2.由所有權人提供出租資訊。,RPXNMLMKLHLGFKD66CC,獨立套房,有,1150301~1160228,有,冷氣、熱水器、洗衣機、冰箱,
永康區,租賃房屋,臺南市永康區安康里大橋一街４７之１號十二樓之２,0.0,,,,1150311,土地0建物1車位0,十二層,14,住宅大樓(11層含以上有電梯),住家用,鋼筋混凝土造,0880824,118.71000000000001,4,2,2,有,有,有,17205,145,,0.0,0,台南市不動產租賃公會民間住宅包租代管第5期計畫之物件。管理費每月2795元由出租人負擔。續租案件；,RPOOMLMKLHLGFKD48CC,整棟(戶)出租,有,1150315~1160314,有,冷氣、熱水器、洗衣機、冰箱、瓦斯或天然氣,社會住宅代管
永康區,租賃房屋,臺南市永康區中山南路４６７巷１５號,0.0,,,,1150312,土地0建物0車位0,全,2,透天厝,廠房、辦公室、倉庫、員工宿舍。,加強磚造,0690301,28.74,23,23,23,有,無,有,13000,452,,0.0,0,多人共同承租2；租金總額含水費；網路費；含增建或未登記建物；,RPPOMLMKLHLGFKD58CC,分租套房,無,1150312~1160312,無,冷氣、熱水器、洗衣機、電視機、冰箱、網路,一般代管
北區,租賃房屋,臺南市北區實踐街２３巷２５號,0.0,,,,1150309,土地0建物0車位0,全,2,透天厝,住家用,加強磚造,0710811,22.06,6,1,6,有,無,有,10800,490,,0.0,0,租金總額含水費；網路費；含增建或未登記建物；,RPPNMLNKLHLGFAD57CC,分租套房,無,1150310~1160309,無,冷氣、洗衣機、電視機、冰箱、網路,
安平區,租賃房屋+車位,臺南市安平區國平北路１３７號二樓之７,0.0,,,,1150310,土地0建物1車位1,二層,34,住宅大樓(11層含以上有電梯),集合住宅,鋼骨鋼筋混凝土造、鋼筋混凝土造,1140415,113.57,2,1,1,有,無,有,20000,212,坡道平面,33.34,3000,台南市社會住宅包租代管 第五期計劃 中央版，水、電、網路費由承租人負擔。,RPRNMLNKLHLGFAD77CC,整棟(戶)出租,無,1150316~1160315,有,冷氣、熱水器、洗衣機、電視機、冰箱,社會住宅包租轉租
中西區,租賃房屋,臺南市中西區忠明街３３號二樓之４,0.0,,,,1150228,土地0建物1車位0,二層,7,華廈(10層含以下有電梯),商業用,鋼筋混凝土造,0800906,24.7,1,0,1,有,有,有,5700,231,,0.0,0,台南市社會住宅包租代管公會版第4期租金總額含管理費；續租案件；,RPSNMLNKLHLGFAD87CC,獨立套房,有,1150308~1160307,有,冷氣、熱水器、洗衣機、電視機、冰箱,社會住宅代管
中西區,租賃房屋,臺南市中西區友愛街３６３號十樓之６,0.0,,,,1150228,土地0建物1車位0,十層,11,住宅大樓(11層含以上有電梯),住家用,鋼筋混凝土造,0851127,39.68,1,0,1,有,有,有,9000,227,,0.0,0,台南市社會住宅包租代管公會版第4期續租案件；,RPTNMLNKLHLGFAD97CC,獨立套房,有,1150316~1160226,有,冷氣、熱水器、洗衣機、電視機、冰箱,社會住宅代管
安平區,租賃房屋,臺南市安平區健康三街５９２巷５５號二十三樓之１,0.0,,,,1150228,土地0建物1車位0,二十三層,24,住宅大樓(11層含以上有電梯),住家用,鋼筋混凝土造,0861022,91.59,3,2,2,有,有,有,12000,131,,0.0,0,台南市社會住宅包租代管公會版第4期租金總額含管理費；續租案件；,RPUNMLNKLHLGFAD08CC,整棟(戶)出租,有,1150316~1160314,有,冷氣、熱水器、洗衣機、電視機、冰箱,社會住宅代管
北區,租賃房屋,臺南市北區公園北路１４４巷１２號三樓之２,0.0,,,,1150310,土地0建物1車位0,三層,5,公寓(5樓含以下無電梯),住家用,鋼筋混凝土造,0710302,47.42,1,1,1,有,無,有,8000,169,,0.0,0,台南市政府包租代管第4期計畫之物件。續租案件；,RPVNMLNKLHLGFAD18CC,獨立套房,無,1150322~1160321,無,冷氣、熱水器、洗衣機、冰箱、瓦斯或天然氣,社會住宅代管
安平區,租賃房屋+車位,臺南市安平區永華路二段３８３號１８樓,0.0,,,,1150311,土地0建物1車位1,十八層,22,住宅大樓(11層含以上有電梯),集合住宅,鋼筋混凝土構造,1101213,121.93,2,1,2,有,有,有,23000,189,坡道平面,32.44,0,租金總額含管理費；,RPWNMLNKLHLGFAD28CC,整棟(戶)出租,有,1150312~1160311,有,冷氣、洗衣機、電視機、冰箱,
安平區,租賃房屋+車位,臺南市安平區建平七街５５０號１１樓之１１,0.0,,,,1150227,土地0建物1車位1,十一層,22,住宅大樓(11層含以上有電梯),集合住宅,鋼筋混凝土造,1121108,92.49000000000001,2,1,2,有,有,有,20508,222,坡道機械,18.54,0,租金22000元，包含管理費1492元房屋1342+車位150元及機械車位和機車車位各1個,RPXNMLNKLHLGFAD38CC,整棟(戶)出租,有,1150301~1160228,有,冷氣、熱水器、洗衣機、電視機、冰箱,
安平區,租賃房屋,臺南市安平區健康三街５９２巷５５號十七樓之１１,0.0,,,,1150228,土地0建物1車位0,十七層,24,住宅大樓(11層含以上有電梯),住家用,鋼筋混凝土造,0861022,137.06,4,2,2,有,有,有,20000,146,,0.0,0,參加國家住宅及都市更新中心辦理社會住宅包租代管增辦第四期計畫公會版多人共同承租2；未租賃車位，建物登記含有車位面積；續租案件；,RPQOMLNKLHLGFAD77CC,整棟(戶)出租,有,1150301~1160228,有,冷氣、熱水器、洗衣機、電視機、冰箱、瓦斯或天然氣,社會住宅代管
安平區,租賃房屋+車位,臺南市安平區永華路二段６６３號２樓之２,0.0,,,,1150307,土地0建物1車位1,二層,22,住宅大樓(11層含以上有電梯),集合住宅,鋼筋混凝土造,1121108,93.69,2,1,2,有,有,有,18486,197,坡道機械,18.54,0,租金20000元，包含管理費1514元房屋1364+車位150元及機械車位和機車車位各1個,RPSOMLNKLHLGFAD97CC,整棟(戶)出租,有,1150315~1180314,有,冷氣、熱水器、洗衣機、電視機,
中西區,租賃房屋,臺南市中西區金華路三段２５２號十一樓之９,0.0,,,,1150228,土地0建物1車位0,十一層,21,住宅大樓(11層含以上有電梯),住家用,鋼筋混凝土造,0870219,36.03,1,1,1,有,有,有,8200,228,,0.0,0,參加國家住宅及都市更新中心辦理社會住宅包租代管第五期計畫中央版多人共同承租2；租金總額含管理費；,RPUOMLNKLHLGFAD18CC,獨立套房,有,1150301~1160228,有,冷氣、熱水器、洗衣機、電視機、冰箱、瓦斯或天然氣,社會住宅代管
北區,租賃房屋,臺南市北區大興街２８０巷３４弄２０號,0.0,,,,1150228,土地0建物1車位0,全,2,透天厝,住商用,加強磚造,0700616,142.47,3,2,2,有,無,有,20000,140,,0.0,0,參加國家住宅及都市更新中心辦理社會住宅包租代管增辦第四期計畫公會版續租案件；,RPWOMLNKLHLGFAD38CC,整棟(戶)出租,無,1150330~1160329,無,冷氣、熱水器,社會住宅代管
安平區,租賃房屋+車位,臺南市安平區國平北路１２３號１６樓之１２,0.0,,,,1150311,土地0建物1車位1,十六層,18,住宅大樓(11層含以上有電梯),集合住宅,鋼筋混凝土構造,1100503,95.72999999999999,2,1,1,有,有,有,19000,198,坡道機械,11.17,0,自民國115/3/11-115/3/14止為免租搬遷期，租金自民國115年3月15日起算多人共同承租2；租金總額含管理費；,RPXOMLNKLHLGFAD48CC,整棟(戶)出租,有,1150315~1160314,有,冷氣、洗衣機、冰箱,
安平區,租賃房屋,臺南市安平區育平路２１２號十二樓之３５,0.0,,,,1150304,土地0建物1車位0,十二層,17,住宅大樓(11層含以上有電梯),住家用,鋼筋混凝土造,0840729,48.0,1,1,1,有,有,有,10000,208,,0.0,0,參加國家住宅及都市更新中心辦理社會住宅包租代管第五期計畫中央版,RPOPMLNKLHLGFAD67CC,獨立套房,有,1150325~1160324,有,冷氣、熱水器、洗衣機、電視機、冰箱、瓦斯或天然氣,社會住宅代管
安平區,租賃房屋+車位,臺南市安平區永華路二段６５１號４樓之２,0.0,,,,1150313,土地0建物1車位1,四層,22,住宅大樓(11層含以上有電梯),集合住宅,鋼筋混凝土造,1121108,93.74,2,1,2,有,有,有,19893,212,坡道機械,18.54,0,租金21000元，包含管理費及機械車位和機車車位各1個，管理費2個月2213元,RPPPMLNKLHLGFAD77CC,整棟(戶)出租,有,1150315~1160314,有,冷氣、熱水器、洗衣機、電視機、冰箱,
安平區,租賃房屋,臺南市安平區永華五街９１號７樓之４,0.0,,,,1150310,土地0建物1車位0,七層,7,華廈(10層含以下有電梯),住家用,鋼筋混凝土造,0830323,113.85,3,2,2,有,有,有,23800,209,,0.0,0,多人共同承租2；租金總額含管理費；,RPQPMLNKLHLGFAD87CC,整棟(戶)出租,有,1150310~1160309,有,冷氣、熱水器、洗衣機、冰箱、瓦斯或天然氣,
安平區,租賃房屋,臺南市安平區育平路６８號七樓之３,0.0,,,,1150226,土地0建物1車位0,七層,14,住宅大樓(11層含以上有電梯),集合住宅,鋼筋混凝土構造,1021125,54.77,2,1,1,有,有,有,15000,274,,0.0,0,參加國家住宅及都市更新中心辦理社會住宅包租代管第五期計畫中央版,RPRPMLNKLHLGFAD97CC,整棟(戶)出租,有,1150301~1160228,有,冷氣、熱水器、洗衣機、電視機、冰箱、瓦斯或天然氣,社會住宅代管
北區,租賃房屋,臺南市北區崇安街１０１號５樓,0.0,,,,1150213,土地0建物1車位0,五層,5,公寓(5樓含以下無電梯),住家用,鋼筋混凝土造,0861215,96.58,2,2,2,有,無,有,10800,112,,0.0,0,?參加公會版住宅包租代管五期計畫,RPSPMLNKLHLGFAD08CC,整棟(戶)出租,無,1150220~1160219,無,冷氣、熱水器、洗衣機、電視機、冰箱、瓦斯或天然氣,社會住宅包租轉租
北區,租賃房屋,臺南市北區臨安路二段１７５號五樓,0.0,,,,1150304,土地0建物1車位0,五層,10,華廈(10層含以下有電梯),住家用,鋼筋混凝土造,0820511,154.37,3,2,2,有,有,有,20000,130,,0.0,0,參加國家住宅及都市更新中心辦理社會住宅包租代管增辦第四期計畫公會版未租賃車位，建物登記含有車位面積；續租案件；,RPTPMLNKLHLGFAD18CC,整棟(戶)出租,有,1150305~1160304,有,冷氣、熱水器、瓦斯或天然氣,社會住宅代管
安南區,租賃房屋+車位,臺南市安南區安通路五段３２１號八樓之２,0.0,,,,1150228,土地0建物1車位1,八層,14,住宅大樓(11層含以上有電梯),集合住宅,鋼筋混凝土造,1110608,154.54,3,2,2,有,有,無,22000,148,坡道平面,22.62,2500,參加國家住宅及都市更新中心辦理社會住宅包租代管第五期計畫中央版續租案件；,RPPNMLNKLHLGFBD67CC,整棟(戶)出租,有,1150420~1160419,有,冷氣、熱水器,社會住宅代管
安南區,租賃房屋,臺南市安南區安中路三段２９０號,0.0,,,,1150313,土地0建物1車位0,全,3,透天厝,住商用,鋼筋混凝土造,0750915,216.14,4,4,3,有,無,無,25000,116,,0.0,0,,RPQNMLNKLHLGFBD77CC,整棟(戶)出租,無,1150401~1170331,無,,
安南區,租賃房屋+車位,臺南市安南區郡安路五段５３號四樓之３,0.0,,,,1150228,土地0建物1車位1,四層,15,住宅大樓(11層含以上有電梯),集合住宅,鋼筋混凝土造,1110415,151.26999999999998,3,2,2,有,有,無,25000,193,坡道平面,34.87,2500,參加國家住宅及都市更新中心辦理社會住宅包租代管第五期計畫中央版租金總額含管理費；續租案件；,RPTNMLNKLHLGFBD08CC,整棟(戶)出租,有,1150301~1160228,有,冷氣、熱水器,社會住宅代管
東區,租賃房屋,臺南市東區中華東路二段１９７號十七樓之１３,0.0,,,,1150310,土地0建物1車位0,十七層,20,住宅大樓(11層含以上有電梯),住家用,鋼筋混凝土造,0841106,34.379999999999995,1,0,1,有,有,有,7000,204,,0.0,0,此為台南市社會住宅包租代管第4期計畫。管理費500元由出租人負擔。,RPPNMLNKLHLGFCD77CC,獨立套房,有,1150311~1160415,有,冷氣、熱水器、洗衣機、冰箱、瓦斯或天然氣,社會住宅包租轉租
南區,租賃房屋,臺南市南區萬年七街３２號八樓之２,0.0,,,,1150306,土地0建物1車位0,八層,15,住宅大樓(11層含以上有電梯),集合住宅,鋼筋混凝土造,1130205,80.17,2,1,1,有,有,有,14574,182,,0.0,0,此為台南市社會住宅包租代管第4期計畫。管理費1926元由出租人負擔。,RPQNMLNKLHLGFCD87CC,整棟(戶)出租,有,1150310~1160309,有,冷氣、熱水器、洗衣機、冰箱,社會住宅包租轉租
東區,租賃房屋,臺南市東區德東街１５１巷３７弄３０號５樓,0.0,,,,1150311,土地0建物1車位0,五層,8,華廈(10層含以下有電梯),住家用,鋼筋混凝土造,0850205,108.25999999999999,3,2,2,有,有,有,18500,171,,0.0,0,公設面積包含一個機械車位，承租方未承租車位。多人共同承租2；租金總額含管理費；,RPRNMLNKLHLGFCD97CC,整棟(戶)出租,有,1150401~1160331,有,冷氣、熱水器、洗衣機、電視機、冰箱、瓦斯或天然氣,
南區,租賃房屋,臺南市南區金華路二段１００巷１８之２號,0.0,,,,1150215,土地0建物1車位0,三層,4,公寓(5樓含以下無電梯),住家用,鐵筋混凝土　　鐵骨石棉瓦,0660203,79.33,3,2,2,有,無,有,17000,214,,0.0,0,,RPSNMLNKLHLGFCD08CC,分層出租,無,1150223~1160222,無,冷氣、熱水器、洗衣機、電視機、冰箱,社會住宅代管
南區,租賃房屋,臺南市南區德興路２７４巷６０號,0.0,,,,1150220,土地0建物1車位0,全,3,透天厝,住宅、停車空間,鋼筋混凝土造,0970528,185.14,4,2,2,有,無,有,13000,70,,0.0,0,參加公會版住宅包租代管四期計畫續租案件；,RPTNMLNKLHLGFCD18CC,整棟(戶)出租,無,1150220~1160219,無,冷氣、熱水器、洗衣機、電視機、冰箱,社會住宅代管
南區,租賃房屋,臺南市南區新建路２１巷３號,0.0,,,,1150226,土地0建物1車位0,一層,5,公寓(5樓含以下無電梯),集合住宅,鋼筋混凝土造,0720718,75.45,3,2,1,有,無,有,13000,172,,0.0,0,參加公會版住宅包租代管四期計畫續租案件；,RPUNMLNKLHLGFCD28CC,整棟(戶)出租,無,1150301~1160228,無,熱水器、瓦斯或天然氣,社會住宅代管
東區,租賃房屋,臺南市東區長榮路二段３２巷１６０之１號五樓之６,0.0,,,,1150304,土地0建物1車位0,五層,5,華廈(10層含以下有電梯),住家用,鋼筋混凝土造,0800530,29.09,1,0,1,有,有,有,6000,206,,0.0,0,參加國家住宅及都市更新中心辦理社會住宅包租代管第四期計畫公會版租金總額含管理費；,RPVNMLNKLHLGFCD38CC,獨立套房,有,1150310~1160309,有,冷氣、熱水器、電視機、冰箱,社會住宅代管
南區,租賃房屋,臺南市南區金華路二段２７巷１之３號,0.0,,,,1150213,土地0建物1車位0,四層,4,公寓(5樓含以下無電梯),住家用,鋼筋混凝土造,0670509,76.48,3,2,1,有,無,有,12000,157,,0.0,0,?參加公會版住宅包租代管五期計畫,RPWNMLNKLHLGFCD48CC,整棟(戶)出租,無,1150220~1180219,無,熱水器、洗衣機、瓦斯或天然氣,社會住宅包租轉租
柳營區,租賃房屋,臺南市柳營區八翁里４鄰和平路７１號,0.0,,,,1150309,土地0建物1車位0,全,3,透天厝,住家用,鋼筋混凝土造,1061114,195.33,5,2,4,有,無,有,14000,72,,0.0,0,此為台南市社會住宅包租代管第4期計畫。多人共同承租2；,RPPNMLNKLHLGFDD87CC,整棟(戶)出租,無,1150309~1160226,無,冷氣、熱水器、冰箱、瓦斯或天然氣,社會住宅包租轉租
新營區,租賃房屋,臺南市新營區南昌街１６９號,0.0,,,,1150311,土地0建物1車位0,全,2,透天厝,住家用,鋼筋混凝土造,0620425,150.34,4,3,2,有,無,有,15000,100,,0.0,0,此為國家住宅及都市更新中心社會住宅包租代管第5期計畫。,RPQNMLNKLHLGFDD97CC,整棟(戶)出租,無,1150313~1160312,無,冷氣、熱水器、洗衣機、電視機、冰箱、瓦斯或天然氣,社會住宅代管
新市區,租賃房屋,臺南市新市區富中街５號,0.0,,,,1150214,土地0建物0車位0,全,4,透天厝,店舖、住宅,鋼筋混凝土造,1090609,18.0,6,0,6,有,無,有,7500,417,,0.0,0,租金總額含管理費；網路費；,RPPNMLNKLHLGFHD28CC,分租套房,無,1150223~1160222,無,冷氣、熱水器、洗衣機、電視機、冰箱、網路,一般代管
新市區,租賃房屋,臺南市新市區富中街８５巷１號,0.0,,,,1150305,土地0建物0車位0,全,4,透天厝,住家用,鋼筋混凝土造,1040630,18.0,14,0,14,有,無,有,6700,372,,0.0,0,租金總額含管理費；網路費；續租案件；,RPQNMLNKLHLGFHD38CC,分租套房,無,1150310~1160309,無,冷氣、熱水器、洗衣機、電視機、冰箱、網路,一般代管
安定區,租賃房屋,臺南市安定區許中營２６之１１號三樓之３,0.0,,,,1150225,土地0建物1車位0,三層,5,華廈(10層含以下有電梯),集合住宅,鋼筋混凝土造,1101004,94.15,2,1,2,有,有,有,18850,200,,0.0,0,多人共同承租2；租金總額含管理費；續租案件；,RPRNMLNKLHLGFHD48CC,整棟(戶)出租,有,1150227~1160226,有,冷氣、熱水器、洗衣機、電視機、冰箱,一般代管
善化區,租賃房屋,臺南市善化區成功路３巷２２弄７０號,0.0,,,,1150224,土地0建物0車位0,全,4,透天厝,集合住宅，停車空間,鋼筋混凝土造,1101111,18.0,5,0,5,有,無,有,6200,344,,0.0,0,租金總額含管理費；水費；網路費；續租案件；,RPSNMLNKLHLGFHD58CC,分租套房,無,1150301~1160228,無,冷氣、熱水器、洗衣機、冰箱、網路,一般代管
新市區,租賃房屋,臺南市新市區豐榮路５２之１５號,0.0,,,,1150312,土地0建物1車位0,全,3,透天厝,住家用,鋼筋混凝土造,0810819,143.63,5,2,3,有,無,無,22500,157,,0.0,0,,RPTNMLNKLHLGFHD68CC,整棟(戶)出租,無,1150401~1160930,無,熱水器,
新市區,租賃房屋,臺南市新市區社內１９６-２號,0.0,,,,1150227,土地0建物0車位0,全,5,透天厝,住家用,鋼筋混凝土造,1021202,18.0,27,0,27,有,無,有,7000,389,,0.0,0,租金總額含管理費；水費；網路費；,RPXNMLNKLHLGFHD09CC,分租套房,無,1150301~1150831,無,冷氣、熱水器、洗衣機、電視機、冰箱、網路,一般轉租
新市區,租賃房屋,臺南市新市區社內１９６-２號,0.0,,,,1150227,土地0建物0車位0,全,5,透天厝,住家用,鋼筋混凝土造,1021202,18.0,27,0,27,有,無,有,7000,389,,0.0,0,租金總額含管理費；水費；網路費；,RPOOMLNKLHLGFHD28CC,分租套房,無,1150301~1150831,無,冷氣、熱水器、洗衣機、電視機、冰箱、網路,一般轉租
新市區,租賃房屋,臺南市新市區社內１９６-３號,0.0,,,,1150227,土地0建物0車位0,全,3,透天厝,住家用,鋼筋混凝土造,1021202,18.0,8,0,8,有,無,有,7000,389,,0.0,0,租金總額含管理費；水費；網路費；,RPPOMLNKLHLGFHD38CC,分租套房,無,1150301~1150831,無,冷氣、熱水器、洗衣機、電視機、冰箱、網路,一般轉租
新市區,租賃房屋,臺南市新市區社內１９６-２號,0.0,,,,1150227,土地0建物0車位0,全,5,透天厝,住家用,鋼筋混凝土造,1021202,18.0,27,0,27,有,無,有,7000,389,,0.0,0,租金總額含管理費；水費；網路費；,RPQOMLNKLHLGFHD48CC,分租套房,無,1150301~1150831,無,冷氣、熱水器、洗衣機、電視機、冰箱、網路,一般轉租
善化區,租賃房屋,臺南市善化區茄拔３１之２號九樓之７,0.0,,,,1150312,土地0建物1車位0,九層,9,華廈(10層含以下有電梯),集合住宅,鋼筋混凝土造,1140625,74.08,2,1,1,有,有,無,13000,175,,0.0,0,管理費2000元，由承租人負擔,RPROMLNKLHLGFHD58CC,整棟(戶)出租,有,1150320~1160319,有,冷氣、熱水器,社會住宅代管
新市區,租賃房屋,臺南市新市區社內１９６-２號,0.0,,,,1150227,土地0建物0車位0,全,5,透天厝,住家用,鋼筋混凝土造,1021202,18.0,27,0,27,有,無,有,7000,389,,0.0,0,租金總額含管理費；水費；網路費；,RPSOMLNKLHLGFHD68CC,分租套房,無,1150301~1150831,無,冷氣、熱水器、洗衣機、電視機、網路,一般轉租
善化區,租賃房屋,臺南市善化區裕德路２１巷８號,0.0,,,,1150307,土地0建物1車位0,全,4,透天厝,住宅，停車空間,鋼筋混凝土造,1030423,204.88,5,2,6,有,無,有,39000,190,,0.0,0,多人共同承租5；,RPTOMLNKLHLGFHD78CC,整棟(戶)出租,無,1150307~1160306,無,冷氣、洗衣機、電視機、冰箱、瓦斯或天然氣,
善化區,租賃房屋,臺南市善化區成功路３４９巷２號,0.0,,,,1150302,土地0建物1車位0,全,3,透天厝,住家用,鋼筋混凝土造,1101026,159.43,4,2,4,有,無,有,20000,125,,0.0,0,參加國家住宅及都市更新中心辦理社會住宅包租代管增辦第四期計畫公會版,RPUOMLNKLHLGFHD88CC,整棟(戶)出租,無,1150303~1160302,無,冷氣、熱水器、洗衣機、電視機、冰箱,社會住宅代管
善化區,租賃房屋,臺南市善化區光復路７４６巷７號,0.0,,,,1150226,土地0建物1車位0,全,3,透天厝,住家用,鋼筋混凝土造,1020723,157.05,4,2,5,有,無,有,10000,64,,0.0,0,參加公會版住宅包租代管四期計畫租金總額含網路費；續租案件；,RPVOMLNKLHLGFHD98CC,整棟(戶)出租,無,1150301~1160228,無,冷氣、熱水器、洗衣機、電視機、冰箱、瓦斯或天然氣,社會住宅代管
新市區,租賃房屋,臺南市新市區社內１８８-２號,0.0,,,,1150307,土地0建物0車位0,全,3,透天厝,住家用,鋼骨鋼筋混凝土造,1021021,18.0,9,0,9,有,無,有,6000,333,,0.0,0,租金總額含管理費；水費；網路費；,RPWOMLNKLHLGFHD09CC,分租套房,無,1150308~1160307,無,冷氣、熱水器、洗衣機、冰箱、網路,一般代管
新市區,租賃房屋,臺南市新市區社內１８８之２號,0.0,,,,1150307,土地0建物0車位0,全,3,透天厝,住家用,鋼骨鋼筋混凝土造,1021021,18.0,9,0,9,有,無,有,6000,333,,0.0,0,租金總額含管理費；水費；網路費；,RPXOMLNKLHLGFHD56CC,分租套房,無,1150308~1160307,無,冷氣、熱水器、洗衣機、冰箱、網路,一般代管
新市區,租賃房屋,臺南市新市區富安路６５號８樓之３,0.0,,,,1150306,土地0建物1車位0,八層,8,華廈(10層含以下有電梯),集合住宅,鋼筋混凝土造,1131125,137.11,3,1,2,有,有,有,21000,153,,0.0,0,,RPOPMLNKLHLGFHD38CC,整棟(戶)出租,有,1150307~1160306,有,冷氣、熱水器、洗衣機、電視機、冰箱,一般代管
仁德區,租賃房屋,臺南市仁德區文心路８０號二十二樓之２,0.0,,,,1150306,土地0建物1車位0,二十二層,24,住宅大樓(11層含以上有電梯),集合住宅,鋼筋混凝土構造,1100315,88.02,2,1,1,有,有,無,14369,163,,0.0,0,此為台南市社會住宅包租代管第4期計畫。管理費1631元由出租人負擔。,RPPNMLNKLHLGFID38CC,整棟(戶)出租,有,1150311~1160310,有,冷氣、熱水器、瓦斯或天然氣,社會住宅包租轉租
仁德區,租賃房屋,臺南市仁德區一甲村復興路３７巷２９之２號,0.0,,,,1150311,土地0建物1車位0,一層,1,倉庫,工業用,鐵造,0690901,165.29,0,1,1,有,無,無,20000,,,0.0,0,*重測後門牌為：仁德區忠義二街36巷20號*1.契約書未約定土地租賃標的。2.由所有權人提供租屋資訊。3.租賃建物部分範圍。租金總額含水費；,RPQNMLNKLHLGFID48CC,,無,1150320~1160319,無,,
仁德區,租賃房屋,臺南市仁德區中正路二段１２０５巷１２號一樓之１,0.0,,,,1150228,土地0建物1車位0,一層,7,華廈(10層含以下有電梯),住家用,鋼筋混凝土造,0830225,141.89,3,2,2,有,有,有,15000,106,,0.0,0,參加國家住宅及都市更新中心辦理社會住宅包租代管增辦第四期計畫公會版續租案件；,RPRNMLNKLHLGFID58CC,整棟(戶)出租,有,1150420~1160419,有,冷氣、熱水器、洗衣機、冰箱,社會住宅代管
仁德區,租賃房屋,臺南市仁德區中正西路４０２號二樓之７,0.0,,,,1150302,土地0建物1車位0,二層,4,華廈(10層含以下有電梯),辦公室,鋼筋混凝土造,0960920,13.629999999999999,1,0,1,有,有,有,3000,220,,0.0,0,含增建或未登記建物；續租案件；,RPSNMLNKLHLGFID68CC,獨立套房,有,1150306~1150905,有,冷氣、熱水器、電視機、冰箱、網路,一般代管
仁德區,租賃房屋,臺南市仁德區中正西路３６０巷２０弄４１號三樓之２７,0.0,,,,1150226,土地0建物1車位0,三層,4,華廈(10層含以下有電梯),辦公室,鋼筋混凝土造,0960920,14.66,1,0,1,有,有,有,3300,225,,0.0,0,含增建或未登記建物；,RPTNMLNKLHLGFID78CC,獨立套房,有,1150315~1150914,有,冷氣、熱水器、電視機、冰箱、網路,一般代管
仁德區,租賃房屋,臺南市仁德區中正西路３６０巷２０弄４３號四樓之２８,0.0,,,,1150225,土地0建物1車位0,四層,4,華廈(10層含以下有電梯),辦公室,鋼筋混凝土造,0960920,13.16,1,0,1,有,有,有,3000,228,,0.0,0,含增建或未登記建物；,RPUNMLNKLHLGFID88CC,獨立套房,有,1150301~1150831,有,冷氣、熱水器、電視機、冰箱、網路,一般代管
仁德區,租賃房屋+車位,臺南市仁德區中山路５１３號十二樓之７,0.0,,,,1150313,土地0建物1車位1,十二層,14,住宅大樓(11層含以上有電梯),住家用,鋼筋混凝土造,0870813,140.53,3,2,2,有,有,有,16500,116,坡道平面,20.05,2500,台南市社會住宅包租代管 第5期計畫 中央版；水、電、瓦斯費由承租人負擔，管理費1900元不包含在租金由承租人負擔。,RPVNMLNKLHLGFID98CC,整棟(戶)出租,有,1150401~1160331,有,冷氣、熱水器、洗衣機、電視機、冰箱、瓦斯或天然氣,社會住宅包租轉租
永康區,租賃房屋,臺南市永康區中華路１５４巷１８弄１０號八樓之１,0.0,,,,1150228,土地0建物1車位0,八層,10,華廈(10層含以下有電梯),住家用,鋼筋混凝土造,0820310,76.32,2,1,2,有,有,有,12000,157,,0.0,0,參加國家住宅及都市更新中心辦理社會住宅包租代管第五期計畫中央版續租案件；,RPPNMLNKLHLGFKD58CC,整棟(戶)出租,有,1150410~1160409,有,冷氣、熱水器、洗衣機、電視機、冰箱,社會住宅代管
永康區,租賃房屋,臺南市永康區?行里中正七街８８巷１號,0.0,,,,1150228,土地0建物0車位0,全,4,透天厝,住家用,鋼筋混凝土造,0940527,22.37,8,0,8,有,無,有,6300,282,,0.0,0,租賃建物部分範圍，且未計入共有部分面積；,RPQNMLNKLHLGFKD68CC,分租套房,無,1150301~1160228,無,冷氣、熱水器、電視機、冰箱、有線電視,一般代管
永康區,租賃房屋,臺南市永康區復華里復華八街４７巷３６號十樓之１,0.0,,,,1150307,土地0建物1車位0,十層,10,華廈(10層含以下有電梯),住家用,鋼筋混凝土造,0850426,89.02,4,2,3,有,有,有,15000,169,,0.0,0,管理費1300元，由承租人負擔,RPSNMLNKLHLGFKD88CC,整棟(戶)出租,有,1150316~1160315,有,冷氣、熱水器、洗衣機、電視機、冰箱、瓦斯或天然氣、有線電視、網路,社會住宅代管
永康區,租賃房屋,臺南市永康區三村一街１５號,0.0,,,,1150301,土地0建物0車位0,全,5,透天厝,住商用,鋼筋混凝土造,0950403,22.84,7,0,7,有,無,有,6700,293,,0.0,0,租賃建物部分範圍，且未計入共有部分面積；續租案件；,RPTNMLNKLHLGFKD98CC,分租套房,無,1150301~1160228,無,冷氣、熱水器、洗衣機、電視機、冰箱、有線電視,一般代管
永康區,租賃房屋,臺南市永康區大橋一街３２４巷７９弄１號,73.0,住,,,1150225,土地1建物1車位0,全,2,透天厝,住家用,加強磚造,0730427,109.57,5,2,4,有,無,無,16000,146,,0.0,0,,RPUNMLNKLHLGFKD09CC,整棟(戶)出租,無,1150320~1160320,無,熱水器,
永康區,租賃房屋,臺南市永康區正南五街５２０巷５５弄１號,0.0,,,,1150302,土地0建物0車位0,全,4,透天厝,住家用,鋼筋混凝土造,0991223,16.39,24,0,24,有,無,有,4500,275,,0.0,0,租金總額含水費；租賃建物部分範圍，且未計入共有部分面積；續租案件；,RPVNMLNKLHLGFKD56CC,分租套房,無,1150401~1160331,無,冷氣、熱水器、電視機、冰箱、有線電視,一般代管
永康區,租賃房屋,臺南市永康區永大二街７５號,78.0,商,,,1150311,土地1建物1車位0,見其他登記事項,5,店面(店鋪),住商用,鋼筋混凝土造,0850409,335.74,6,5,5,有,無,無,48000,143,,0.0,0,租金總額含稅；,RPWNMLNKLHLGFKD66CC,,無,1150311~1190310,無,,
永康區,租賃房屋,臺南市永康區正南五街５２０巷５５弄１號,0.0,,,,1150302,土地0建物0車位0,全,4,透天厝,住家用,鋼筋混凝土造,0991223,16.39,24,0,24,有,無,有,4500,275,,0.0,0,租金總額含水費；租賃建物部分範圍，且未計入共有部分面積；,RPXNMLNKLHLGFKD76CC,分租套房,無,1150302~1160331,無,冷氣、熱水器、冰箱,一般代管
永康區,租賃房屋+車位,臺南市永康區永二街４１７號６樓之３,0.0,,,,1150306,土地0建物1車位1,六層,15,住宅大樓(11層含以上有電梯),住家用,鋼筋混凝土造,0830504,119.28999999999999,3,2,2,有,有,有,17000,143,坡道機械,0.0,1000,參加國家住宅及都市更新中心辦理社會住宅包租代管第五期計畫中央版,RPOOMLNKLHLGFKD58CC,整棟(戶)出租,有,1150310~1160309,有,冷氣、熱水器、瓦斯或天然氣,社會住宅代管
永康區,租賃房屋+車位,臺南市永康區永二街４１７之１號,0.0,,,,1150309,土地0建物1車位1,一層,15,住宅大樓(11層含以上有電梯),住家用,鋼筋混凝土造,0830504,110.03999999999999,2,2,1,有,有,有,12500,114,坡道機械,0.0,1000,參加國家住宅及都市更新中心辦理社會住宅包租代管第四期計畫公會版續租案件；,RPPOMLNKLHLGFKD68CC,整棟(戶)出租,有,1150401~1170331,有,冷氣、熱水器,社會住宅包租轉租
中西區,租賃房屋,臺南市中西區永福路二段２１１號八樓之２,0.0,,,,1150225,土地0建物1車位0,八層,10,華廈(10層含以下有電梯),住家用,鋼筋混凝土造,0821016,39.3,1,1,1,有,有,有,8000,204,,0.0,0,參加國家住宅及都市更新中心辦理社會住宅包租代管第5期計畫中央版,RPPNMLOKLHLGFAD67CC,獨立套房,有,1150321~1160320,有,冷氣、熱水器、洗衣機、電視機、冰箱,社會住宅代管
北區,租賃房屋,臺南市北區公園路５９７巷１號五樓之１７,0.0,,,,1150309,土地0建物1車位0,五層,5,華廈(10層含以下有電梯),住家用,鋼筋混凝土造,0710120,37.99,1,1,1,有,無,有,7000,184,,0.0,0,參加國家住宅及都市更新中心辦理社會住宅包租代管第5期計畫中央版,RPQNMLOKLHLGFAD77CC,獨立套房,無,1150310~1160309,有,冷氣、熱水器、洗衣機、電視機、冰箱,社會住宅代管
安平區,租賃房屋,臺南市安平區健康路三段６９６號四樓之３,0.0,,,,1150305,土地0建物1車位0,四層,7,華廈(10層含以下有電梯),集合住宅,ＲＣ造,0940917,60.25,1,1,1,有,有,有,11500,191,,0.0,0,參加國家住宅及都市更新中心辦理社會住宅包租代管第5期計畫中央版,RPRNMLOKLHLGFAD87CC,獨立套房,有,1150315~1160314,有,冷氣、熱水器、洗衣機、電視機、冰箱,社會住宅包租轉租
安南區,租賃房屋+車位,臺南市安南區安中二街２３號二樓之１,0.0,,,,1150313,土地0建物1車位1,二層,14,住宅大樓(11層含以上有電梯),集合住宅,鋼筋混凝土造,1140425,155.95,3,2,2,有,有,無,23000,149,坡道平面,22.07,3000,管理費2500元，由承租人負擔,RPPNMLOKLHLGFBD77CC,整棟(戶)出租,有,1150401~1160331,有,冷氣、熱水器、洗衣機、電視機、冰箱,社會住宅代管
安南區,租賃房屋,臺南市安南區惠安街１６１巷５９號,0.0,,,,1150306,土地0建物1車位0,全,2,透天厝,住家用,加強磚造,0690908,89.78,5,2,4,有,無,有,19000,212,,0.0,0,參加國家住宅及都市更新中心辦理社會住宅包租代管第5期計畫中央版,RPQNMLOKLHLGFBD87CC,整棟(戶)出租,無,1150314~1180313,無,冷氣、熱水器、洗衣機、電視機、冰箱,社會住宅包租轉租
南區,租賃房屋,臺南市南區公英五街３號,0.0,,,,1150309,土地0建物1車位0,全,2,透天厝,住商用,加強磚造,0610202,67.14,2,1,1,有,無,有,13100,195,,0.0,0,參加國家住宅及都市更新中心辦理社會住宅包租代管第5期計畫中央版,RPQNMLOKLHLGFCD97CC,整棟(戶)出租,無,1150310~1160309,無,冷氣、熱水器,社會住宅包租轉租
南區,租賃房屋,臺南市南區文南路３４２巷２號,0.0,,,,1150306,土地0建物1車位0,一層,5,公寓(5樓含以下無電梯),住家用,鋼筋混凝土造,0750507,87.14,3,2,2,有,無,有,15000,172,,0.0,0,參加國家住宅及都市更新中心辦理社會住宅包租代管第5期計畫中央版,RPRNMLOKLHLGFCD08CC,整棟(戶)出租,無,1150318~1180317,無,冷氣、熱水器、洗衣機、電視機、冰箱,社會住宅包租轉租
柳營區,租賃房屋,臺南市柳營區柳營路一段５３５號二樓之五,0.0,,,,1150311,土地0建物1車位0,二層,5,華廈(10層含以下有電梯),集合住宅,鋼筋混凝土造,1140414,77.65,2,1,2,有,有,有,11600,149,,0.0,0,租金總額含管理費；,RPPNMLOKLHLGFDD97CC,整棟(戶)出租,有,1150401~1160331,有,冷氣、熱水器、洗衣機、電視機、冰箱、瓦斯或天然氣,社會住宅代管
歸仁區,租賃房屋,臺南市歸仁區歸仁里文化二街２６巷１２號,0.0,,,,1150226,土地0建物1車位0,全,2,透天厝,住家用,磚造,,125.25,3,2,3,有,無,有,14300,114,,0.0,0,參加國家住宅及都市更新中心辦理社會住宅包租代管第5期計畫中央版多人共同承租2；,RPPNMLOKLHLGFID48CC,整棟(戶)出租,無,1150304~1160303,無,冷氣、熱水器、洗衣機、電視機、冰箱,社會住宅代管
仁德區,租賃房屋+車位,臺南市仁德區後壁里德崙路２１巷３６號七樓之６,0.0,,,,1150311,土地0建物1車位1,七層,14,住宅大樓(11層含以上有電梯),集合住宅,鋼筋混凝土構造,1051122,109.46,2,1,1,有,有,有,17000,155,坡道平面,28.13,0,參加國家住宅及都市更新中心辦理社會住宅包租代管第5期計畫中央版,RPQNMLOKLHLGFID58CC,整棟(戶)出租,有,1150311~1160310,有,冷氣、熱水器,社會住宅代管
永康區,租賃房屋,臺南市永康區新民街４７巷１２號七樓之２,0.0,,,,1150309,土地0建物1車位0,七層,9,華廈(10層含以下有電梯),住家用,鋼筋混凝土造,0821230,35.6,1,1,1,有,有,有,6500,183,,0.0,0,參加國家住宅及都市更新中心辦理社會住宅包租代管第5期計畫中央版租金總額含管理費；,RPPNMLOKLHLGFKD68CC,獨立套房,有,1150310~1160309,有,冷氣、熱水器、洗衣機、電視機、冰箱,社會住宅代管
永康區,租賃房屋,臺南市永康區成功里中華路１５４巷１８弄１０號十樓之２,0.0,,,,1150309,土地0建物1車位0,十層,10,華廈(10層含以下有電梯),住家用,鋼筋混凝土造,0820310,79.37,2,1,1,有,有,有,15000,189,,0.0,0,參加國家住宅及都市更新中心辦理社會住宅包租代管第5期計畫中央版租金總額含管理費；,RPQNMLOKLHLGFKD78CC,整棟(戶)出租,有,1150315~1160314,有,冷氣、熱水器、洗衣機、電視機、冰箱,社會住宅代管
中西區,租賃房屋,臺南市中西區北門路一段５１巷１３號六樓之１４,0.0,,,,1150309,土地0建物1車位0,六層,6,華廈(10層含以下有電梯),住家用,鋼筋混凝土造,0790917,47.05,1,1,1,有,有,有,8000,170,,0.0,0,參加國家住宅及都市更新中心辦理社會住宅包租代管第4期計畫公會版續租案件；,RPQNMLPKLHLGFAD87CC,獨立套房,有,1150309~1160308,有,冷氣、熱水器、冰箱,社會住宅代管
安平區,租賃房屋,臺南市安平區慶平路２００號九樓之３,0.0,,,,1150310,土地0建物1車位0,九層,13,住宅大樓(11層含以上有電梯),住家用,鋼筋混凝土造,0841024,30.16,1,0,1,有,有,有,7800,259,,0.0,0,參加國家住宅及都市更新中心辦理社會住宅包租代管增辦第4期計畫公會版租金總額含管理費；,RPSNMLPKLHLGFAD08CC,獨立套房,有,1150313~1160224,有,冷氣、熱水器、洗衣機、電視機、冰箱,社會住宅包租轉租
中西區,租賃房屋,臺南市中西區開山路１２７巷４６號二樓之３,0.0,,,,1150310,土地0建物1車位0,二層,5,公寓(5樓含以下無電梯),住家用,鋼筋混凝土造,0810721,46.94,2,2,1,有,無,有,12000,256,,0.0,0,參加國家住宅及都市更新中心辦理社會住宅包租代管第5期計畫中央版,RPTNMLPKLHLGFAD18CC,整棟(戶)出租,無,1150310~1180309,無,冷氣、熱水器、洗衣機、電視機、冰箱,社會住宅包租轉租
安南區,租賃房屋,臺南市安南區國安街２１０巷１７５弄６號,0.0,,,,1150311,土地0建物1車位0,全,2,透天厝,住家用,加強磚造,0700413,103.86,2,2,2,有,無,有,15000,144,,0.0,0,參加國家住宅及都市更新中心辦理社會住宅包租代管增辦第4期計畫公會版續租案件；,RPPNMLPKLHLGFBD87CC,整棟(戶)出租,無,1150312~1160311,無,冷氣、熱水器,社會住宅代管
東區,租賃房屋,臺南市東區東寧路２５號三樓之１,0.0,,,,1150310,土地0建物1車位0,三層,4,公寓(5樓含以下無電梯),住家用,鋼筋混凝土造,0760119,93.67,3,2,1,有,無,有,14000,149,,0.0,0,參加國家住宅及都市更新中心辦理社會住宅包租代管第4期計畫公會版續租案件；,RPPNMLPKLHLGFCD97CC,整棟(戶)出租,無,1150311~1160310,無,冷氣、熱水器,社會住宅代管
南區,租賃房屋,臺南市南區府緯街８６號六樓之７,0.0,,,,1150303,土地0建物1車位0,六層,8,華廈(10層含以下有電梯),住家用,鋼筋混凝土造,0811028,32.71,1,1,1,有,有,有,8600,263,,0.0,0,參加國家住宅及都市更新中心辦理社會住宅包租代管第5期計畫中央版,RPRNMLPKLHLGFCD18CC,獨立套房,有,1150401~1160331,有,冷氣、熱水器、洗衣機、電視機、冰箱,社會住宅包租轉租
東區,租賃房屋,臺南市東區崇信街９７號六樓之１,0.0,,,,1150310,土地0建物1車位0,六層,14,住宅大樓(11層含以上有電梯),住家用,鋼筋混凝土造,0820501,95.61,2,2,1,有,有,有,8800,92,,0.0,0,參加國家住宅及都市更新中心辦理社會住宅包租代管第5期計畫中央版,RPSNMLPKLHLGFCD28CC,整棟(戶)出租,有,1150310~1180309,有,冷氣、熱水器、洗衣機、電視機、冰箱,社會住宅包租轉租
東區,租賃房屋,臺南市東區東興路１９５號三樓之４,0.0,,,,1150312,土地0建物1車位0,三層,7,華廈(10層含以下有電梯),住家用,鋼筋混凝土造,0740427,118.96,2,2,2,有,有,有,15000,126,,0.0,0,參加國家住宅及都市更新中心辦理社會住宅包租代管第5期計畫中央版,RPUNMLPKLHLGFCD48CC,整棟(戶)出租,有,1150312~1180311,有,冷氣、熱水器、洗衣機、電視機、冰箱,社會住宅包租轉租
鹽水區,租賃房屋,臺南市鹽水區土庫８４號二樓之十三,0.0,,,,1150306,土地0建物1車位0,二層,4,公寓(5樓含以下無電梯),住家用,鋼筋混凝土造,0820401,30.34,1,1,1,有,無,有,6000,198,,0.0,0,參加國家住宅及都市更新中心辦理社會住宅包租代管增辦第4期計畫公會版續租案件；,RPPNMLPKLHLGFDD08CC,獨立套房,無,1150306~1160305,無,冷氣、熱水器、洗衣機、冰箱,社會住宅代管
新市區,租賃房屋+車位,臺南市新市區仁愛街７９號七樓之３,0.0,,,,1150309,土地0建物1車位1,七層,8,華廈(10層含以下有電梯),住家用,鋼筋混凝土造,0830806,120.52000000000001,3,2,1,有,有,有,20300,168,坡道平面,0.0,0,參加國家住宅及都市更新中心辦理社會住宅包租代管增辦第4期計畫公會版,RPQNMLPKLHLGFHD58CC,整棟(戶)出租,有,1150315~1160314,有,冷氣、熱水器、洗衣機、電視機、冰箱,社會住宅包租轉租
關廟區,租賃房屋,臺南市關廟區北新一街１號十三樓之６,0.0,,,,1150307,土地0建物1車位0,十三層,14,住宅大樓(11層含以上有電梯),集合住宅,鋼筋混凝土造,1130930,94.38,2,2,1,有,有,有,14000,148,,0.0,0,參加國家住宅及都市更新中心辦理社會住宅包租代管增辦第4期計畫公會版租金總額含管理費；未租賃車位，建物登記含有車位面積；,RPPNMLPKLHLGFID58CC,整棟(戶)出租,有,1150307~1160306,有,冷氣、熱水器、洗衣機、電視機、冰箱,社會住宅代管
永康區,租賃房屋,臺南市永康區勝利里勝利街１９７巷８弄２之１４號４樓,0.0,,,,1150306,土地0建物1車位0,四層,6,華廈(10層含以下有電梯),住家用,鋼筋混凝土造,0790619,35.33,1,1,1,有,有,有,7000,198,,0.0,0,參加國家住宅及都市更新中心辦理社會住宅包租代管增辦第4期計畫公會版,RPPNMLPKLHLGFKD78CC,獨立套房,有,1150307~1160306,有,冷氣、熱水器、洗衣機、冰箱,社會住宅代管
永康區,租賃房屋,臺南市永康區五王里成功路１７６號四之９樓,0.0,,,,1150226,土地0建物1車位0,四層,7,華廈(10層含以下有電梯),住家用,鋼筋混凝土造,0800130,21.2,1,1,1,有,有,有,6000,283,,0.0,0,參加國家住宅及都市更新中心辦理社會住宅包租代管增辦第4期計畫公會版租金總額含管理費；,RPQNMLPKLHLGFKD88CC,獨立套房,有,1150312~1160311,有,冷氣、熱水器、洗衣機、電視機、冰箱,社會住宅代管
永康區,租賃房屋,臺南市永康區中華路５７８巷２之２號四樓之８,0.0,,,,1150302,土地0建物1車位0,四層,8,華廈(10層含以下有電梯),住家用,鋼筋混凝土造,0851028,22.99,1,1,1,有,有,有,5500,239,,0.0,0,參加國家住宅及都市更新中心辦理社會住宅包租代管增辦第4期計畫公會版,RPRNMLPKLHLGFKD98CC,獨立套房,有,1150306~1160305,有,冷氣、熱水器、洗衣機、電視機、冰箱,社會住宅代管
永康區,租賃房屋+車位,臺南市永康區正強里四維街３９號六樓之３,0.0,,,,1150304,土地0建物1車位1,六層,7,華廈(10層含以下有電梯),住家用,鋼筋混凝土造,0840504,92.55,3,2,2,有,有,有,17000,184,坡道平面,0.0,0,參加國家住宅及都市更新中心辦理社會住宅包租代管增辦第4期計畫公會版租金總額含管理費；續租案件；,RPSNMLPKLHLGFKD09CC,整棟(戶)出租,有,1150315~1160314,有,冷氣、熱水器、洗衣機、冰箱,社會住宅包租轉租
永康區,租賃房屋,臺南市永康區西灣里永華路２３３巷３０號四樓之１,0.0,,,,1150311,土地0建物1車位0,四層,9,華廈(10層含以下有電梯),住家用,鋼筋混凝土造,0811130,56.05,2,1,1,有,有,有,13000,232,,0.0,0,參加國家住宅及都市更新中心辦理社會住宅包租代管增辦第4期計畫公會版續租案件；,RPTNMLPKLHLGFKD56CC,整棟(戶)出租,有,1150311~1160122,有,冷氣、熱水器、洗衣機、電視機、冰箱,社會住宅包租轉租
安平區,租賃房屋,臺南市安平區安北路１３１巷３８號,0.0,,,,1150312,土地0建物1車位0,全,4,透天厝,停車空間、住宅,鋼筋混凝土造,0951231,191.94,5,1,4,有,無,有,22000,115,,0.0,0,台南市社會住宅包租代管第4期計畫。續租案件；,RPPNMLQKLHLGFAD87CC,整棟(戶)出租,無,1150320~1160319,無,熱水器、瓦斯或天然氣,社會住宅代管
北區,租賃房屋,臺南市北區長榮路五段１０１號四樓,0.0,,,,1150311,土地0建物1車位0,四層,4,公寓(5樓含以下無電梯),,鋼筋混凝土造,0680319,96.03999999999999,3,2,2,有,無,有,13000,135,,0.0,0,多人共同承租2；,RPQNMLQKLHLGFAD97CC,整棟(戶)出租,無,1150320~1160319,無,冷氣、熱水器、洗衣機、電視機、冰箱、瓦斯或天然氣,
安平區,租賃房屋,臺南市安平區育平路６８號７樓之３,0.0,,,,1150215,土地0建物1車位0,七層,14,住宅大樓(11層含以上有電梯),集合住宅,鋼筋混凝土構造,1021125,54.77,2,2,1,有,有,有,16800,307,,0.0,0,租金總額含管理費；,RPRNMLQKLHLGFAD08CC,整棟(戶)出租,有,1150223~1160222,有,冷氣、熱水器、洗衣機、電視機、冰箱,社會住宅代管
中西區,租賃房屋,臺南市中西區中山路９０號十樓之１５,0.0,,,,1150302,土地0建物1車位0,十層,12,住宅大樓(11層含以上有電梯),住商用,鋼筋混凝土造,0671026,34.82,1,0,1,有,有,有,9000,258,,0.0,0,租金總額含管理費；,RPSNMLQKLHLGFAD18CC,獨立套房,有,1150302~1160301,有,冷氣、熱水器、冰箱,一般轉租
中西區,租賃房屋,臺南市中西區北門路一段５１巷２３之１號,0.0,,,,1150311,土地0建物1車位0,全,2,透天厝,住家用,加強磚造,0601202,73.08,4,2,2,有,無,有,20000,274,,0.0,0,含增建或未登記建物；,RPTNMLQKLHLGFAD28CC,整棟(戶)出租,無,1150401~1170401,無,冷氣、熱水器,
北區,租賃房屋,臺南市北區開元路４８５巷４１弄６號四樓之１０,0.0,,,,1150303,土地0建物1車位0,四層,14,住宅大樓(11層含以上有電梯),集合住宅,鋼筋混凝土造,0891120,73.28,2,2,1,有,有,有,17000,232,,0.0,0,台南市社會住宅包租代管公會版增辦第4期租金總額含管理費；續租案件；,RPUNMLQKLHLGFAD38CC,整棟(戶)出租,有,1150318~1160317,有,冷氣、熱水器、洗衣機、電視機、冰箱,社會住宅代管
安平區,租賃房屋,臺南市安平區健康三街１８７巷３９號,0.0,,,,1150313,土地0建物0車位0,全,5,透天厝,住宅、停車空間,鋼筋混凝土構造,1110831,25.93,18,0,19,有,無,有,9900,382,,0.0,0,301室,RPVNMLQKLHLGFAD48CC,分租套房,無,1150322~1160321,有,冷氣、熱水器、洗衣機、電視機、冰箱、有線電視、網路,一般代管
中西區,租賃房屋,臺南市中西區金華路三段２１８號十七樓之５,0.0,,,,1150312,土地0建物1車位0,十七層,18,住宅大樓(11層含以上有電梯),住家用,鋼筋混凝土造,0840704,48.53,1,0,1,有,有,有,9000,185,,0.0,0,台南市社會住宅包租代管公會版增辦第4期續租案件；,RPWNMLQKLHLGFAD58CC,獨立套房,有,1150312~1160311,有,冷氣、熱水器、洗衣機、電視機、冰箱,社會住宅代管
中西區,租賃房屋,臺南市中西區健康路一段４２０巷２５號,0.0,,,,1150315,土地0建物1車位0,全,5,透天厝,住商用,鋼筋混凝土造,0730519,39.2,1,1,1,有,無,有,15000,383,,0.0,0,租金總額含水費；,RPXNMLQKLHLGFAD68CC,分層出租,無,1150315~1160314,無,冷氣、洗衣機、電視機、冰箱,
中西區,租賃房屋,臺南市中西區頂美一街３９號,0.0,,,,1150305,土地0建物1車位0,全,2,透天厝,住家用,加強磚造,0671222,112.06,4,3,3,有,無,無,33000,294,,0.0,0,租賃期間第一個月為免租金裝潢期。含增建或未登記建物；,RPPOMLQKLHLGFAD97CC,整棟(戶)出租,無,1150305~1160404,無,,
安平區,租賃房屋,臺南市安平區健康路三段３３３號十樓之３,0.0,,,,1150305,土地0建物1車位0,十層,26,住宅大樓(11層含以上有電梯),集合住宅,鋼筋混凝土構造,1060124,155.74,3,2,2,有,有,有,23000,148,,0.0,0,國家住宅及都市更新中心社會住宅包租代管中央版第五期計畫未租賃車位，建物登記含有車位面積；,RPROMLQKLHLGFAD18CC,整棟(戶)出租,有,1150305~1160304,有,冷氣、熱水器、洗衣機、冰箱、瓦斯或天然氣,社會住宅代管
中西區,租賃房屋,臺南市中西區健康路一段２０４號,0.0,,,,1150228,土地0建物0車位0,全,5,透天厝,商業用,鋼筋混凝土造,0710223,13.22,13,2,13,有,無,有,4000,303,,0.0,0,租金總額含網路費；,RPTOMLQKLHLGFAD38CC,分租套房,無,1150301~1160228,無,冷氣、熱水器、洗衣機、電視機、冰箱、網路,一般代管
安平區,租賃房屋,臺南市安平區億載里健康路三段７１８號,0.0,,,,1150316,土地0建物0車位0,全,4,透天厝,店舖、住宅,鋼筋混凝土構造,1111117,16.6,10,0,10,有,無,有,12000,723,,0.0,0,管理費以人數計算1人為800元 2人為1400元,RPUOMLQKLHLGFAD48CC,分租套房,無,1150316~1160228,有,冷氣、熱水器、洗衣機、電視機、冰箱,
安平區,租賃房屋,臺南市安平區健康二街３９０號,0.0,,,,1150305,土地0建物0車位0,全,5,透天厝,住商用,鋼筋混凝土造,0810716,30.68,10,0,10,有,無,有,8000,261,,0.0,0,租金總額含網路費；續租案件；,RPVOMLQKLHLGFAD58CC,分租套房,無,1150405~1160404,有,冷氣、熱水器、洗衣機、電視機、冰箱、網路,一般代管
北區,租賃房屋,臺南市北區勝利路２２０號六樓之４,0.0,,,,1150308,土地0建物1車位0,六層,6,華廈(10層含以下有電梯),住家用,鋼筋混凝土造,0690503,44.12,1,1,1,有,有,有,13800,313,,0.0,0,1.契約書未約定土地租賃標的。租金總額含管理費；,RPWOMLQKLHLGFAD68CC,獨立套房,無,1150315~1160314,有,冷氣、熱水器、洗衣機、冰箱,
安平區,租賃房屋+車位,臺南市安平區國平北路１２５號１０樓之１２,0.0,,,,1150305,土地0建物1車位1,十層,18,住宅大樓(11層含以上有電梯),集合住宅,鋼筋混凝土構造,1100503,96.39,2,1,1,有,有,有,24500,254,坡道機械,11.17,0,租金總額含管理費；,RPXOMLQKLHLGFAD78CC,整棟(戶)出租,有,1150310~1160309,有,冷氣、熱水器、洗衣機、電視機、冰箱,
北區,租賃房屋,臺南市北區公園路１３４號六樓之１９,0.0,,,,1150312,土地0建物1車位0,六層,10,華廈(10層含以下有電梯),住家用,鋼筋混凝土造,0780803,33.96,1,0,1,有,有,有,7500,221,,0.0,0,台南市不動產租賃公會民間住宅包租代管第5期計畫。,RPOPMLQKLHLGFAD97CC,獨立套房,有,1150313~1160312,有,冷氣、熱水器、洗衣機、冰箱,社會住宅代管
中西區,租賃房屋,臺南市中西區文賢路１３號六樓之９,0.0,,,,1150311,土地0建物1車位0,六層,7,華廈(10層含以下有電梯),住家用,鋼筋混凝土造,0800213,52.37,1,1,1,有,有,有,12000,229,,0.0,0,台南市不動產租賃公會民間住宅包租代管第5期計畫。,RPPPMLQKLHLGFAD08CC,獨立套房,有,1150315~1160314,有,冷氣、熱水器、洗衣機、電視機、冰箱,社會住宅代管
安平區,租賃房屋,臺南市安平區府前三街１２９號六樓之６,0.0,,,,1150311,土地0建物1車位0,六層,7,華廈(10層含以下有電梯),住家用,鋼筋混凝土造,0850106,32.77,1,0,1,有,有,有,6000,183,,0.0,0,台南市不動產租賃公會民間住宅包租代管第5期計畫。,RPQPMLQKLHLGFAD18CC,獨立套房,有,1150315~1160314,有,冷氣、熱水器、洗衣機、冰箱,社會住宅包租轉租
北區,租賃房屋,臺南市北區公園路７７２巷４６號,0.0,,,,1150312,土地0建物1車位0,全,3,透天厝,住商用,鋼筋混凝土造,0690922,143.18,6,2,3,有,無,有,24000,168,,0.0,0,台南市不動產租賃公會民間住宅包租代管第5期計畫。,RPRPMLQKLHLGFAD28CC,整棟(戶)出租,無,1150322~1160321,無,冷氣、熱水器、洗衣機、冰箱、瓦斯或天然氣,社會住宅代管
安南區,租賃房屋,臺南市安南區尊安街５９號,0.0,,,,1150315,土地0建物0車位0,全,4,透天厝,住宅．法定停車空間,鋼筋混凝土造,0910506,16.53,58,0,58,有,無,有,5500,333,,0.0,0,尊安102房租賃建物部分範圍，且未計入共有部分面積；,RPPNMLQKLHLGFBD97CC,分租套房,無,1150318~1160317,無,冷氣、熱水器、洗衣機、冰箱,
安南區,租賃房屋,臺南市安南區北安路三段５０６號四樓之３,0.0,,,,1150312,土地0建物1車位0,四層,9,華廈(10層含以下有電梯),集合住宅,鋼筋混凝土造,1070125,87.98,2,1,2,有,有,有,17500,199,,0.0,0,台南市社會住宅包租代管第4期計畫。續租案件；,RPQNMLQKLHLGFBD08CC,整棟(戶)出租,有,1150319~1160704,有,冷氣、熱水器、洗衣機、電視機、冰箱,社會住宅包租轉租
安南區,租賃房屋,臺南市安南區安和路四段２５巷６８號二樓之２,0.0,,,,1150311,土地0建物1車位0,二層,5,華廈(10層含以下有電梯),集合住宅,鋼筋混凝土造,1090929,126.65,3,2,2,有,有,有,15500,122,,0.0,0,台南市社會住宅包租代管第4期計畫。未租賃車位，建物登記含有車位面積；續租案件；,RPRNMLQKLHLGFBD18CC,整棟(戶)出租,有,1150318~1160317,有,冷氣、熱水器,社會住宅包租轉租
安南區,租賃房屋,臺南市安南區郡安路五段５５號四樓之２,0.0,,,,1150310,土地0建物1車位0,四層,15,住宅大樓(11層含以上有電梯),集合住宅,鋼筋混凝土造,1110415,81.72,2,2,1,有,有,有,20000,245,,0.0,0,參加國家住宅及都市中心辦理社會住宅包租代管第五期計畫中央版多人共同承租2；租金總額含管理費；,RPSNMLQKLHLGFBD28CC,整棟(戶)出租,有,1150310~1160309,有,冷氣、熱水器、洗衣機、電視機、冰箱、瓦斯或天然氣,社會住宅代管
南區,租賃房屋,臺南市南區德南街２７號,0.0,,,,1150311,土地0建物1車位0,全,2,透天厝,住家用,鋼筋混凝土造,0741205,142.67,5,2,3,有,無,有,23000,161,,0.0,0,台南市社會住宅包租代管第4期計畫。續租案件；,RPPNMLQKLHLGFCD08CC,整棟(戶)出租,無,1150318~1160317,無,冷氣、熱水器、瓦斯或天然氣,社會住宅代管
東區,租賃房屋,臺南市東區崇信街１３３號六樓之１,0.0,,,,1150312,土地0建物1車位0,六層,18,住宅大樓(11層含以上有電梯),住家用,鋼筋混凝土造,0850209,159.43,4,2,2,有,有,有,15000,94,,0.0,0,台南市社會住宅包租代管第4期計畫。未租賃車位，建物登記含有車位面積；續租案件；,RPQNMLQKLHLGFCD18CC,整棟(戶)出租,有,1150316~1160315,有,冷氣、熱水器、瓦斯或天然氣,社會住宅包租轉租
東區,租賃房屋,臺南市東區東門路三段１９２號,0.0,,,,1150315,土地0建物1車位0,見其他登記事項,12,住宅大樓(11層含以上有電梯),店舖,鋼筋混凝土造,1021023,74.07000000000001,0,2,2,有,有,無,35000,473,,0.0,0,1.115/03/15~115/04/30裝修期2.公設總面積為79.53㎡-車位面積64.3㎡＝15.23㎡租金總額含稅；管理費；,RPRNMLQKLHLGFCD28CC,,有,1150315~1180430,有,冷氣、熱水器,
東區,租賃房屋,臺南市東區長榮路三段２４巷１１號,0.0,,,,1150313,土地0建物0車位0,全,4,透天厝,住家用,鋼筋混凝土造,0680501,17.78,5,4,5,有,無,有,13000,731,,0.0,0,多人共同承租2；租金總額含水費；網路費；含增建或未登記建物；,RPWNMLQKLHLGFCD78CC,分租套房,無,1150313~1160313,無,冷氣、熱水器、洗衣機、電視機、冰箱、網路,一般代管
東區,租賃房屋,臺南市東區長榮路三段２４巷１１號,0.0,,,,1150313,土地0建物0車位0,全,4,透天厝,住家用,鋼筋混凝土造,0680501,31.82,5,4,5,有,無,有,13000,409,,0.0,0,租金總額含水費；網路費；含增建或未登記建物；,RPXNMLQKLHLGFCD88CC,分租套房,無,1150313~1160313,無,冷氣、熱水器、洗衣機、電視機、冰箱、網路,一般代管
東區,租賃房屋,臺南市東區長榮路三段２４巷１１號,0.0,,,,1150310,土地0建物0車位0,全,4,透天厝,住家用,鋼筋混凝土造,0680501,31.82,5,4,5,有,無,有,13000,409,,0.0,0,多人共同承租2；租金總額含水費；網路費；含增建或未登記建物；,RPOOMLQKLHLGFCD08CC,分租套房,無,1150310~1160310,無,冷氣、熱水器、洗衣機、電視機、冰箱、網路,一般代管
東區,租賃房屋,臺南市東區崇德三十街５號二樓之２,0.0,,,,1150301,土地0建物1車位0,見其他登記事項,4,公寓(5樓含以下無電梯),住家用,鋼筋混凝土造,0701013,117.16,5,2,2,有,無,有,15000,128,,0.0,0,台南市社會住宅包租代管公會版增辦第4期續租案件；,RPQOMLQKLHLGFCD28CC,整棟(戶)出租,無,1150301~1160209,無,冷氣、熱水器、洗衣機、電視機、冰箱,社會住宅代管
南區,租賃房屋,臺南市南區西門路一段２７９巷１６弄４號五樓,0.0,,,,1150304,土地0建物1車位0,五層,5,公寓(5樓含以下無電梯),集合住宅,鋼筋混凝土造,0820511,125.88,3,2,2,有,無,無,20000,159,,0.0,0,,RPROMLQKLHLGFCD38CC,整棟(戶)出租,無,1150401~1200331,無,,
東區,租賃房屋,臺南市東區德光街１５巷２７號六樓之２,0.0,,,,1150301,土地0建物1車位0,六層,8,華廈(10層含以下有電梯),住家用,鋼筋混凝土造,0850426,33.45,1,0,1,有,有,有,7800,233,,0.0,0,國家住宅及都市更新中心社會住宅包租代管中央版第五期計畫租金總額含管理費；,RPTOMLQKLHLGFCD58CC,獨立套房,有,1150301~1160228,有,冷氣、熱水器、洗衣機、電視機、冰箱,社會住宅代管
南區,租賃房屋,臺南市南區文南路４９號,0.0,,,,1150312,土地0建物1車位0,一層,1,店面(店鋪),商業用,鋼骨造,0900830,105.79,0,2,2,有,無,無,55000,520,,0.0,0,1.契約書未約定土地租賃標的。2.由所有權人提供租屋資訊。3.租賃建物部分範圍，面對店面左側。,RPUOMLQKLHLGFCD68CC,,無,1150315~1170314,無,,
東區,租賃房屋,臺南市東區勝利路５０號七樓,0.0,,,,1150303,土地0建物1車位0,七層,8,華廈(10層含以下有電梯),住家用,鋼筋混凝土造,0830208,31.61,1,0,1,有,有,有,7000,221,,0.0,0,國家住宅及都市更新中心社會住宅包租代管中央版第五期計畫租金總額含管理費；,RPVOMLQKLHLGFCD78CC,獨立套房,有,1150303~1160302,有,冷氣、熱水器、洗衣機、電視機、冰箱、有線電視、網路,社會住宅代管
東區,租賃房屋,臺南市東區東門路二段３０１巷５３弄４７號,0.0,,,,1150227,土地0建物1車位0,全,2,透天厝,住家用,加強磚造,0670821,91.63,3,1,2,有,無,有,22000,240,,0.0,0,多人共同承租2；,RPWOMLQKLHLGFCD88CC,整棟(戶)出租,無,1150315~1170314,無,冷氣、熱水器、洗衣機,
東區,租賃房屋+車位,臺南市東區仁和路２５５號１１樓之３,0.0,,,,1150313,土地0建物1車位1,十一層,13,住宅大樓(11層含以上有電梯),集合住宅,鋼筋混凝土造,1140205,119.78,2,2,2,有,有,有,25000,209,坡道平面,29.52,0,租金總額含管理費；其他車位清潔費；,RPPPMLQKLHLGFCD28CC,整棟(戶)出租,有,1150401~1160331,有,冷氣、熱水器、洗衣機、電視機、冰箱、瓦斯或天然氣,
新營區,租賃房屋,臺南市新營區民治路１８巷６之４號,0.0,,,,1150227,土地0建物1車位0,全,2,透天厝,住家用,加強磚造,0680403,109.65,4,2,2,有,無,有,13000,119,,0.0,0,,RPPNMLQKLHLGFDD18CC,整棟(戶)出租,無,1150301~1160301,無,冷氣、熱水器、電視機,
新營區,租賃房屋,臺南市新營區樂仁街９２號２樓之５,0.0,,,,1150303,土地0建物1車位0,二層,5,華廈(10層含以下有電梯),住家用,鋼筋混凝土造,0810106,41.05,1,0,1,有,無,有,6000,146,,0.0,0,,RPQNMLQKLHLGFDD28CC,整棟(戶)出租,無,1150310~1160309,有,冷氣、熱水器、電視機、冰箱、瓦斯或天然氣,
鹽水區,租賃房屋,臺南市鹽水區北門路１巷３弄１３號,0.0,,,,1150312,土地0建物1車位0,全,2,透天厝,住商用,加強磚造,0680528,111.6,4,2,3,有,無,有,12000,108,,0.0,0,台南市不動產租賃公會民間住宅包租代管第5期計畫。,RPRNMLQKLHLGFDD38CC,整棟(戶)出租,無,1150316~1160315,無,冷氣、熱水器、洗衣機、冰箱、瓦斯或天然氣,社會住宅代管
新營區,租賃房屋,臺南市新營區建業路７８巷１號十一樓之１,0.0,,,,1150312,土地0建物1車位0,十一層,12,住宅大樓(11層含以上有電梯),住家用,鋼筋混凝土造,0830203,145.74,4,2,2,有,有,有,16000,110,,0.0,0,台南市不動產租賃公會民間住宅包租代管第5期計畫。,RPSNMLQKLHLGFDD48CC,整棟(戶)出租,有,1150315~1160314,有,冷氣、熱水器、冰箱、瓦斯或天然氣,社會住宅包租轉租
麻豆區,租賃房屋,臺南市麻豆區麻佳路一段１３８號,0.0,,,,1150303,土地0建物1車位0,一層,1,其他,住家,見其他登記事項,0620701,105.66,5,4,1,有,無,無,18000,170,,0.0,0,含增建或未登記建物；,RPSNMLQKLHLGFFD68CC,整棟(戶)出租,無,1150310~1160309,無,,
七股區,租賃房屋,臺南市七股區玉成里玉成１７０之１號,0.0,,,,1150314,土地0建物1車位0,全,2,透天厝,住商用,加強磚造,0691106,114.11,5,2,2,有,無,有,15000,131,,0.0,0,1.契約書未約定土地租賃標的2.由出租人提供租屋資訊,RPPNMLQKLHLGFGD48CC,整棟(戶)出租,無,1150405~1180404,無,冷氣、熱水器、瓦斯或天然氣,
安定區,租賃房屋,臺南市安定區蘇厝８之２０號,0.0,,,,1150311,土地0建物1車位0,全,2,透天厝,住家用,加強磚造,0721228,113.65,3,2,2,有,無,有,5000,44,,0.0,0,台南市不動產租賃公會民間住宅包租代管第四期計畫。續租案件；,RPPNMLQKLHLGFHD58CC,整棟(戶)出租,無,1150323~1160322,無,冷氣、熱水器、洗衣機、電視機、冰箱、瓦斯或天然氣,社會住宅代管
善化區,租賃房屋,臺南市善化區牛庄５５０-１號,0.0,,,,1150313,土地0建物0車位0,全,4,透天厝,住家用,鋼筋混凝土造,1041015,23.14,7,0,7,有,無,有,7000,303,,0.0,0,,RPQNMLQKLHLGFHD68CC,分租套房,無,1150318~1160317,無,冷氣、熱水器、洗衣機、電視機、冰箱、有線電視、網路,一般代管
新市區,租賃房屋,臺南市新市區南港街１１８號,0.0,,,,1150314,土地0建物1車位0,全,4,透天厝,住商用,鋼筋混凝土造,0820414,260.15,6,2,4,有,無,無,29000,111,,0.0,0,租金總額含稅；,RPRNMLQKLHLGFHD78CC,,無,1150316~1200315,無,,
新市區,租賃房屋+車位,臺南市新市區永華三街１６號６樓,0.0,,,,1150314,土地0建物1車位1,六層,8,華廈(10層含以下有電梯),住家用,鋼筋混凝土造,0860825,134.23,3,2,2,有,有,有,17000,127,坡道平面,0.0,0,,RPSNMLQKLHLGFHD88CC,整棟(戶)出租,有,1150401~1160331,有,冷氣、熱水器、洗衣機,
新市區,租賃房屋,臺南市新市區社內１３１號六樓之７,0.0,,,,1150306,土地0建物1車位0,六層,11,住宅大樓(11層含以上有電梯),集合住宅,鋼筋混凝土造,1060908,92.41,2,2,2,有,有,有,15000,162,,0.0,0,台南市社會住宅包租代管公會版增辦第4期未租賃車位，建物登記含有車位面積；續租案件；,RPTNMLQKLHLGFHD98CC,整棟(戶)出租,有,1150306~1160305,有,冷氣、熱水器、洗衣機、電視機、冰箱,社會住宅代管
新市區,租賃房屋,臺南市新市區永就１５之１３８號,0.0,,,,1150312,土地0建物1車位0,全,4,透天厝,住宅、門廊,鋼筋混凝土造,1011212,175.95,5,2,5,有,有,有,33000,188,,0.0,0,1.契約書未約定土地租賃標的。   2.由所有權人提供租屋資訊。,RPUNMLQKLHLGFHD09CC,整棟(戶)出租,無,1150320~1160319,無,冷氣、洗衣機、電視機、冰箱,
仁德區,租賃房屋,臺南市仁德區文賢路二段１５巷１８弄１７號２樓之１,0.0,,,,1150311,土地0建物0車位0,二層,10,華廈(10層含以下有電梯),住家用,鋼筋混凝土造,0920910,16.53,5,2,5,有,無,有,11500,696,,0.0,0,文賢201房租金總額含水費；網路費；其他垃圾代收費；租賃建物部分範圍，且未計入共有部分面積；,RPRNMLQKLHLGFID88CC,分租套房,無,1150311~1160310,有,冷氣、熱水器、洗衣機、電視機、冰箱、網路,一般轉租
仁德區,租賃房屋,臺南市仁德區文賢路二段１５巷１８弄１７號３樓之２,0.0,,,,1150315,土地0建物0車位0,三層,10,華廈(10層含以下有電梯),住家用,鋼筋混凝土造,0920910,18.18,5,2,5,有,無,有,11500,633,,0.0,0,文賢306房租金總額含水費；網路費；其他垃圾代收費；租賃建物部分範圍，且未計入共有部分面積；,RPTNMLQKLHLGFID09CC,分租套房,無,1150315~1160314,有,冷氣、熱水器、洗衣機、電視機、冰箱、網路,一般轉租
歸仁區,租賃房屋+車位,臺南市歸仁區大順三路２２號四樓之５,0.0,,,,1150313,土地0建物1車位1,四層,5,華廈(10層含以下有電梯),集合住宅,鋼筋混凝土造,1140811,93.22,2,2,2,有,無,有,21500,231,一樓平面,23.38,0,,RPVNMLQKLHLGFID66CC,整棟(戶)出租,無,1150325~1160324,有,冷氣、熱水器、洗衣機、電視機、冰箱,
歸仁區,租賃房屋,臺南市歸仁區保大路二段１２２巷２３弄１７號五樓之５,0.0,,,,1150303,土地0建物1車位0,五層,7,華廈(10層含以下有電梯),集合住宅,鋼筋混凝土造,1130424,92.93,2,2,2,有,有,有,16000,172,,0.0,0,台南市社會住宅包租代管公會版增辦第4期未租賃車位，建物登記含有車位面積；,RPXNMLQKLHLGFID86CC,整棟(戶)出租,有,1150310~1170309,有,冷氣、熱水器、洗衣機、冰箱,社會住宅包租轉租
仁德區,租賃房屋,臺南市仁德區民安路二段７５之１號九樓之３,0.0,,,,1150305,土地0建物1車位0,九層,11,住宅大樓(11層含以上有電梯),住家用,鋼筋混凝土造,0840331,86.45,4,2,2,有,有,有,15500,179,,0.0,0,國家住宅及都市更新中心社會住宅包租代管中央版第五期計畫,RPOOMLQKLHLGFID68CC,整棟(戶)出租,有,1150305~1160304,有,冷氣、熱水器、洗衣機、電視機、冰箱,社會住宅代管
歸仁區,租賃房屋,臺南市歸仁區智慧三街５號九樓之３,0.0,,,,1150311,土地0建物1車位0,九層,13,住宅大樓(11層含以上有電梯),集合住宅,鋼筋混凝土造,1140918,85.78999999999999,2,1,2,有,有,有,17000,198,,0.0,0,台南市不動產租賃公會民間住宅包租代管第5期計畫。,RPPOMLQKLHLGFID78CC,整棟(戶)出租,有,1150401~1160331,有,冷氣、熱水器、洗衣機、冰箱、瓦斯或天然氣,社會住宅代管
永康區,租賃房屋,臺南市永康區大橋二街２３９巷２１弄３８號三樓之９,0.0,,,,1150312,土地0建物1車位0,三層,5,華廈(10層含以下有電梯),住家用,鋼筋混凝土造,0830701,26.57,1,0,1,有,有,有,7800,294,,0.0,0,台南市社會住宅包租代管第4期計畫。續租案件；,RPPNMLQKLHLGFKD88CC,獨立套房,有,1150330~1160329,有,冷氣、熱水器、洗衣機、電視機、冰箱,社會住宅代管
永康區,租賃房屋,臺南市永康區中興里中華路２８０巷１８弄３號,0.0,,,,1150312,土地0建物1車位0,見其他登記事項,7,華廈(10層含以下有電梯),住商用,鋼筋混凝土造,0820510,174.99,4,2,3,有,有,有,22000,126,,0.0,0,此為國家住宅及都市更新中心社會住宅包租代管第5期計畫。續租案件；,RPQNMLQKLHLGFKD98CC,整棟(戶)出租,有,1150315~1160314,有,冷氣、熱水器、瓦斯或天然氣,社會住宅代管
永康區,租賃房屋,臺南市永康區中山南路４６７巷１５號,0.0,,,,1150309,土地0建物0車位0,全,2,透天厝,廠房、辦公室、倉庫、員工宿舍。,加強磚造,0690301,24.12,23,23,23,有,無,有,9500,394,,0.0,0,多人共同承租2；租金總額含水費；網路費；含增建或未登記建物；,RPRNMLQKLHLGFKD09CC,分租套房,無,1150309~1160310,無,冷氣、熱水器、洗衣機、電視機、冰箱、網路,一般代管
永康區,租賃房屋,臺南市永康區中華路５７８巷１７之３６號,0.0,,,,1150305,土地0建物1車位0,六層,17,住宅大樓(11層含以上有電梯),住家用,鋼筋混凝土造,0810723,54.39,1,0,1,有,有,有,8500,156,,0.0,0,台南市社會住宅包租代管公會版增辦第4期多人共同承租2；續租案件；,RPSNMLQKLHLGFKD56CC,獨立套房,有,1150401~1160331,有,冷氣、熱水器、洗衣機、電視機、冰箱、瓦斯或天然氣,社會住宅代管
永康區,租賃房屋,臺南市永康區仁愛街１９號,0.0,,,,1150220,土地0建物0車位0,全,4,透天厝,店舖，住宅,鋼筋混凝土構造,1041202,26.21,6,0,6,有,無,有,7700,294,,0.0,0,租金總額含水費；網路費；續租案件；,RPUNMLQKLHLGFKD76CC,分租套房,無,1150220~1160219,無,冷氣、熱水器、洗衣機、電視機、冰箱,一般代管
永康區,租賃房屋+車位,臺南市永康區東橋十街７３號１４樓之３,0.0,,,,1150223,土地0建物1車位1,十四層,18,住宅大樓(11層含以上有電梯),集合住宅,鋼筋混凝土造,1140605,108.62,2,1,1,有,有,有,23000,212,坡道平面,22.98,0,,RPVNMLQKLHLGFKD86CC,整棟(戶)出租,有,1150301~1160228,有,冷氣、熱水器、洗衣機、冰箱、瓦斯或天然氣,一般包租
永康區,租賃房屋,臺南市永康區永華路５０３號三樓之８,0.0,,,,1150307,土地0建物0車位0,三層,3,華廈(10層含以下有電梯),住家用,鋼筋混凝土構造,1040518,31.31,38,0,38,有,無,有,6150,196,,0.0,0,租金總額含網路費；其他有線電視或MOD；租賃建物部分範圍，且未計入共有部分面積；續租案件；,RPWNMLQKLHLGFKD96CC,分租套房,無,1150501~1151231,有,冷氣、熱水器、洗衣機、電視機、冰箱、有線電視、網路,一般代管
永康區,租賃房屋,臺南市永康區仁愛街２１號,0.0,,,,1150301,土地0建物0車位0,全,5,透天厝,店舖，住宅,鋼筋混凝土構造,1041202,24.5,17,0,17,有,無,有,8000,327,,0.0,0,租金總額含水費；網路費；,RPXNMLQKLHLGFKD07CC,分租套房,無,1150301~1160228,無,冷氣、熱水器、洗衣機、電視機、冰箱、網路,一般代管
永康區,租賃房屋,臺南市永康區仁愛街１０８巷７１弄６號,0.0,,,,1150308,土地0建物0車位0,全,4,透天厝,住家用,鋼筋混凝土構造,1020925,24.94,8,0,8,有,無,有,7000,281,,0.0,0,多人共同承租2；租金總額含網路費；續租案件；,RPPOMLQKLHLGFKD98CC,分租套房,無,1150601~1160531,無,冷氣、熱水器、洗衣機、電視機、冰箱、網路,一般代管
永康區,租賃房屋+車位,臺南市永康區永榮路５５號十二樓之１,0.0,,,,1150227,土地0建物1車位1,十二層,13,住宅大樓(11層含以上有電梯),集合住宅,鋼筋混凝土造,1130910,170.01,3,2,2,有,有,無,23787,140,坡道平面,45.89,0,租金已扣除管理費3213元,RPQOMLQKLHLGFKD09CC,整棟(戶)出租,有,1150310~1160309,有,冷氣、熱水器、瓦斯或天然氣,
永康區,租賃房屋,臺南市永康區富強路一段２巷８弄５５號,0.0,,,,1150315,土地0建物1車位0,全,4,透天厝,住家用,鋼筋混凝土造,0840104,39.85,6,2,4,有,無,有,15000,376,,0.0,0,多人共同承租2；租金總額含水費；網路費；,RPTOMLQKLHLGFKD76CC,分層出租,無,1150315~1160314,無,冷氣、熱水器、洗衣機、冰箱、網路,一般代管
永康區,租賃房屋,臺南市永康區富強路一段２巷８弄５５號,0.0,,,,1150303,土地0建物1車位0,全,4,透天厝,住家用,鋼筋混凝土造,0840104,34.27,6,2,4,有,無,有,12000,350,,0.0,0,租金總額含水費；網路費；,RPUOMLQKLHLGFKD86CC,分層出租,無,1150305~1160304,無,冷氣、熱水器、洗衣機、網路,一般代管
永康區,租賃房屋,臺南市永康區神洲里忠孝路１５２巷４４號,0.0,,,,1150312,土地0建物1車位0,一層,5,公寓(5樓含以下無電梯),住家用,鋼筋混凝土造,0720224,95.56,3,1,2,有,無,有,17000,178,,0.0,0,台南市不動產租賃公會民間住宅包租代管第5期計畫。,RPVOMLQKLHLGFKD96CC,整棟(戶)出租,無,1150316~1160315,無,冷氣、熱水器、洗衣機、電視機、冰箱、瓦斯或天然氣,社會住宅包租轉租
善化區,租賃房屋,臺南市善化區溪尾４３之７號,0.0,,,,1150315,土地0建物1車位0,全,3,透天厝,住家用,鋼筋混凝土造,1090122,171.81,4,1,3,有,無,有,28000,163,,0.0,0,,RPPNMLQKLHLGFHD68DC,整棟(戶)出租,無,1150315~1180314,無,冷氣、熱水器,
北區,租賃房屋,臺南市北區北成路８０巷４０弄３０號五樓,0.0,,,,1150313,土地0建物1車位0,五層,8,華廈(10層含以下有電梯),住家用,鋼筋混凝土造,0821228,122.19,3,1,2,有,有,有,22000,180,,0.0,0,台南市社會住宅包租代管 第5期計畫 中央版；水、電、瓦斯、 網路 費由承租人負擔。管理費1000元不包含在租金由承租人負擔。,RPPNMLRKLHLGFAD97CC,整棟(戶)出租,有,1150320~1160319,有,冷氣、熱水器、洗衣機、電視機、冰箱、瓦斯或天然氣,社會住宅代管
北區,租賃房屋,臺南市北區實踐街１０３巷１９弄１０號,0.0,,,,1150316,土地0建物0車位0,全,3,透天厝,住家用,鋼筋混凝土構造,1040331,17.77,11,0,11,有,無,有,6500,366,,0.0,0,實踐203房租金總額含水費；網路費；,RPQNMLRKLHLGFAD08CC,分租套房,無,1150301~1150930,無,冷氣、熱水器、洗衣機、電視機、冰箱、網路,一般轉租
安平區,租賃房屋,臺南市安平區慶平路２００號６樓之１,0.0,,,,1150301,土地0建物1車位0,六層,13,住宅大樓(11層含以上有電梯),住家用,鋼筋混凝土造,0841024,49.83,2,1,1,有,有,有,8000,161,,0.0,0,參加國家住宅及都市更新中心辦理社會住宅包租代管增辦第四期計畫公會版租金總額含管理費；續租案件；,RPRNMLRKLHLGFAD18CC,整棟(戶)出租,有,1150301~1160228,有,冷氣、熱水器、洗衣機、電視機、冰箱,社會住宅代管
北區,租賃房屋,臺南市北區公園北路１３２號,0.0,,,,1150316,土地0建物0車位0,全,2,透天厝,住工用,加強磚造,0560101,11.93,26,0,26,有,無,有,4300,360,,0.0,0,公園北201房租金總額含水費；網路費；,RPSNMLRKLHLGFAD28CC,分租套房,無,1150301~1150430,有,冷氣、熱水器、電視機、網路,一般轉租
北區,租賃房屋,臺南市北區公園北路１３２號,0.0,,,,1150312,土地0建物0車位0,全,2,透天厝,住工用,加強磚造,0560101,11.93,26,0,26,有,無,有,4300,360,,0.0,0,公園北203房租金總額含水費；,RPTNMLRKLHLGFAD38CC,分租套房,無,1150301~1150430,有,冷氣、熱水器、網路,一般轉租
北區,租賃房屋,臺南市北區北成路１２８巷２９號,0.0,,,,1150302,土地0建物1車位0,一層,4,店面(店鋪),住商用,鋼筋混凝土造,0831107,49.91,6,2,2,有,無,有,19000,381,,0.0,0,自簽約日起至租日前一日止，甲方無償提供乙方做為搬遷期使用租賃建物部分範圍，且未計入共有部分面積；,RPVNMLRKLHLGFAD58CC,,無,1150401~1180331,無,冷氣,
北區,租賃房屋,臺南市北區北成路１２８巷２９號,0.0,,,,1150302,土地0建物1車位0,全,4,透天厝,住商用,鋼筋混凝土造,0831107,50.73,6,2,2,有,無,無,10000,197,,0.0,0,自簽約日起至起租日前一日止，甲方無償提供予乙方做為搬遷期使用租賃建物部分範圍，且未計入共有部分面積；,RPWNMLRKLHLGFAD68CC,分層出租,無,1150401~1180331,無,電視機,
中西區,租賃房屋+車位,臺南市中西區中華西路二段８３３號二十一樓之７,0.0,,,,1150312,土地0建物1車位1,二十一層,22,住宅大樓(11層含以上有電梯),集合住宅,鋼筋混凝土構造,1120323,149.73000000000002,2,2,2,有,有,有,21300,142,坡道平面,27.08,0,社會住宅包租代管增辦第4期計畫公會版,RPXNMLRKLHLGFAD78CC,整棟(戶)出租,有,1150313~1160312,有,冷氣、熱水器、洗衣機、電視機、冰箱,社會住宅代管
中西區,租賃房屋,臺南市中西區大智街６３號７樓,0.0,,,,1150313,土地0建物0車位0,七層,7,華廈(10層含以下有電梯),商業用,鋼筋混凝土造,0711119,20.14,10,2,10,有,有,有,7000,348,,0.0,0,租金總額含水費；網路費；含增建或未登記建物；租賃建物部分範圍，且未計入共有部分面積；,RPOOMLRKLHLGFAD97CC,分租套房,無,1150313~1160313,有,冷氣、熱水器、洗衣機、電視機、冰箱、網路,一般代管
安平區,租賃房屋+車位,臺南市安平區國平北路１３７號十六樓之７,0.0,,,,1150312,土地0建物1車位1,十六層,34,住宅大樓(11層含以上有電梯),集合住宅,鋼骨鋼筋混凝土造、鋼筋混凝土造,1140415,92.61,2,1,1,有,有,有,22000,238,坡道機械,12.5,0,租金總額含管理費；,RPPOMLRKLHLGFAD08CC,整棟(戶)出租,有,1150315~1160314,有,冷氣、熱水器、洗衣機、電視機、冰箱,
北區,租賃房屋+車位,臺南市北區開元路４８５巷２１號１４樓之３,0.0,,,,1150313,土地0建物1車位1,十四層,14,住宅大樓(11層含以上有電梯),集合住宅,鋼筋混凝土造,0880401,123.09,3,2,2,有,有,有,22000,182,坡道機械,13.17,2000,參加國家住宅及都市更新中心辦理社會住宅包租代管第五期計畫中央版多人共同承租2；租金總額含管理費；續租案件；,RPQOMLRKLHLGFAD18CC,整棟(戶)出租,有,1150315~1160314,有,冷氣、熱水器、洗衣機、瓦斯或天然氣,社會住宅代管
中西區,租賃房屋,臺南市中西區府前路一段７６號,0.0,,,,1150309,土地0建物0車位0,全,4,透天厝,住商用,鋼筋混凝土造,0601019,20.07,15,4,16,有,無,有,7500,374,,0.0,0,租金總額含水費；網路費；其他MOD費用；,RPROMLRKLHLGFAD28CC,分租套房,無,1150330~1160329,無,冷氣、熱水器、洗衣機、電視機、網路,
北區,租賃房屋+車位,臺南市北區北成路１８３號十一樓之２,0.0,,,,1150306,土地0建物1車位1,十一層,14,住宅大樓(11層含以上有電梯),集合住宅,鋼筋混凝土構造,1060119,151.81,3,1,2,有,有,有,26000,213,坡道平面,34.26,1000,參加國家住宅及都市更新中心辦理社會住宅包租代管第五期計畫中央版續租案件；,RPSOMLRKLHLGFAD38CC,整棟(戶)出租,有,1150310~1160309,有,冷氣、熱水器、洗衣機、電視機、冰箱、瓦斯或天然氣,社會住宅代管
中西區,租賃房屋,臺南市中西區金華路三段２１８號十八樓之１,0.0,,,,1150309,土地0建物1車位0,十八層,18,住宅大樓(11層含以上有電梯),住家用,鋼筋混凝土造,0840704,41.34,1,1,1,有,有,有,8500,206,,0.0,0,參加國家住宅及都市更新中心辦理社會住宅包租代管第五期計畫中央版,RPTOMLRKLHLGFAD48CC,獨立套房,有,1150320~1160319,有,冷氣、熱水器、洗衣機、電視機、瓦斯或天然氣,社會住宅代管
中西區,租賃房屋,臺南市中西區信義街１０８巷４３號２樓之２,0.0,,,,1150309,土地0建物1車位0,二層,6,華廈(10層含以下有電梯),住家用,鋼筋混凝土造,0820327,24.990000000000002,1,1,1,有,有,無,7500,300,,0.0,0,參加國家住宅及都市更新中心辦理社會住宅包租代管第五期計畫中央版,RPUOMLRKLHLGFAD58CC,獨立套房,無,1150310~1160309,有,冷氣、熱水器、洗衣機、電視機、冰箱、網路,社會住宅代管
安南區,租賃房屋,臺南市安南區安富街２５１巷６１號,0.0,,,,1150312,土地0建物1車位0,全,3,透天厝,住宅，停車空間,鋼筋混凝土造,1041113,150.36,4,2,4,有,無,有,30000,200,,0.0,0,租賃期間有約定不同租金雙方同意自115年3月15日起計租金，115年3月12日至3月14日不計租金供乙方搬遷使用，不計租金期間，乙方仍應遵守本約相關約定。；,RPPNMLRKLHLGFBD08CC,整棟(戶)出租,無,1150312~1170314,無,冷氣、熱水器、洗衣機、電視機、冰箱、瓦斯或天然氣、有線電視、網路,
安南區,租賃房屋,臺南市安南區郡安路五段５３號十一樓之６,0.0,,,,1150304,土地0建物1車位0,十一層,15,住宅大樓(11層含以上有電梯),集合住宅,鋼筋混凝土造,1110415,109.18,2,1,1,有,有,無,17000,156,,0.0,0,參加國家住宅及都市更新中心辦理社會住宅包租代管增辦第四期計畫公會版未租賃車位，建物登記含有車位面積；,RPQNMLRKLHLGFBD18CC,整棟(戶)出租,有,1150315~1160314,有,冷氣、熱水器,社會住宅代管
安南區,租賃房屋,臺南市安南區安新二路１９８號,0.0,,,,1150316,土地0建物1車位0,見其他登記事項,1,工廠,作業廠房,鋼骨構造、鋼筋混凝土構造,1090122,7242.52,0,0,0,無,無,無,1500000,,,0.0,0,,RPRNMLRKLHLGFBD28CC,,無,1150701~1180630,無,,
東區,租賃房屋,臺南市東區立德十路３０巷３７號,48.76,商,,,1150306,土地2建物1車位0,全,2,透天厝,住家用,加強磚造,0600314,110.45,4,2,2,有,無,無,24000,217,,0.0,0,,RPPNMLRKLHLGFCD18CC,整棟(戶)出租,無,1150315~1160314,無,,
東區,租賃房屋+車位,臺南市東區富強二街１號七樓,0.0,,,,1150227,土地0建物1車位1,七層,10,華廈(10層含以下有電梯),住家用,鋼筋混凝土造,0951207,165.16,3,2,2,有,有,有,24000,145,坡道平面,31.96,0,續租案件；,RPQNMLRKLHLGFCD28CC,整棟(戶)出租,有,1150401~1170331,有,冷氣、熱水器、洗衣機、電視機、冰箱,
東區,租賃房屋,臺南市東區長榮路二段３２巷４６弄８１號,0.0,,,,1150301,土地0建物0車位0,全,6,透天厝,防空避難室、停車空間、住宅、走道,鋼筋混凝土造,0900208,18.0,97,1,97,有,無,有,8200,456,,0.0,0,租金總額含網路費；,RPRNMLRKLHLGFCD38CC,分租套房,無,1150301~1150731,有,冷氣、熱水器、洗衣機、冰箱、網路,一般轉租
東區,租賃房屋,臺南市東區長榮路二段３２巷４６弄８１號,0.0,,,,1150301,土地0建物0車位0,全,6,透天厝,防空避難室、停車空間、住宅、走道,鋼筋混凝土造,0900208,26.0,97,1,97,有,無,有,8800,338,,0.0,0,租金總額含網路費；,RPSNMLRKLHLGFCD48CC,分租套房,無,1150301~1160228,有,冷氣、熱水器、洗衣機、冰箱、網路,一般轉租
東區,租賃房屋,臺南市東區大同路二段６１巷１０９號３樓,0.0,,,,1150312,土地0建物0車位0,三層,5,華廈(10層含以下有電梯),住家用,鋼筋混凝土造,0791218,14.87,7,0,7,有,無,有,5000,336,,0.0,0,,RPTNMLRKLHLGFCD58CC,分租套房,無,1150312~1160311,有,冷氣,
東區,租賃房屋,臺南市東區裕農路６６８巷２６之２號,0.0,,,,1150315,土地0建物0車位0,全,5,透天厝,住商用,鋼筋混凝土造,0820524,30.0,8,6,8,有,無,有,15000,500,,0.0,0,多人共同承租2；租金總額含水費；網路費；含增建或未登記建物；,RPUNMLRKLHLGFCD68CC,分租套房,無,1150315~1160315,無,冷氣、熱水器、洗衣機、電視機、冰箱、網路,一般轉租
東區,租賃房屋,臺南市東區東寧路２１６號,0.0,,,,1150301,土地0建物0車位0,全,5,透天厝,住商用,鋼筋混凝土造,0751024,16.52,8,1,8,有,無,有,7000,424,,0.0,0,租金總額含網路費；,RPVNMLRKLHLGFCD78CC,分租套房,無,1150301~1150930,無,冷氣、熱水器、洗衣機、冰箱、網路,一般轉租
善化區,租賃房屋+車位,臺南市善化區成功路１６９巷９號１３樓之７,0.0,,,,1150315,土地0建物1車位1,十三層,15,住宅大樓(11層含以上有電梯),集合住宅,鋼筋混凝土造,1140902,116.77000000000001,2,1,2,有,有,有,21667,186,坡道平面,19.86,0,年繳優惠租金260000元每月租金21667元多人共同承租2；租金總額含管理費；,RPPNMLRKLHLGFHD68CC,整棟(戶)出租,有,1150415~1170414,有,冷氣、熱水器、洗衣機、電視機、冰箱,
安定區,租賃房屋,臺南市安定區保西路４１４號,0.0,,,,1150315,土地0建物0車位0,全,3,透天厝,住家用,鋼筋混凝土造,0730919,40.6,7,7,7,有,無,有,13000,320,,0.0,0,多人共同承租2；租金總額含水費；網路費；含增建或未登記建物；續租案件；,RPQNMLRKLHLGFHD78CC,分租套房,無,1150315~1160314,無,冷氣、熱水器、洗衣機、電視機、冰箱、網路,一般代管
仁德區,租賃房屋,臺南市仁德區二仁路一段１０６號,0.0,,,,1150312,土地0建物0車位0,全,2,透天厝,住商用,加強磚造,0660819,13.27,23,0,23,有,無,有,4300,324,,0.0,0,二仁203房租金總額含水費；網路費；,RPQNMLRKLHLGFID88CC,分租套房,無,1150301~1150717,無,冷氣、熱水器、冰箱、網路,一般轉租
仁德區,租賃房屋,臺南市仁德區文心路７６號二十二樓之９,0.0,,,,1150228,土地0建物1車位0,二十二層,24,住宅大樓(11層含以上有電梯),集合住宅,鋼筋混凝土構造,1100315,105.34,2,1,1,有,有,有,18500,176,,0.0,0,參加國家住宅及都市更新中心辦理社會住宅包租代管增辦第四期計畫公會版未租賃車位，建物登記含有車位面積；續租案件；,RPSNMLRKLHLGFID09CC,整棟(戶)出租,有,1150305~1160304,有,冷氣、熱水器、洗衣機、電視機、冰箱,社會住宅代管
仁德區,土地,勝利段1042地號,281.3,工,,,1150306,土地2建物0車位0,,,其他,,,,0.0,0,0,0,無,無,無,35000,124,,0.0,0,仁德區勝利段 地號 1042 總評數187.02坪*1/3=約62.34坪分租坪數仁德區勝利段 地號 927 總坪數 68.25坪*1/3坪=約22.75坪分租坪數含增建或未登記建物；,RPTNMLRKLHLGFID56CC,,,1150310~1151209,,,
仁德區,租賃房屋,臺南市仁德區崇聖路一段１０號７樓之７,0.0,,,,1150309,土地0建物1車位0,七層,14,住宅大樓(11層含以上有電梯),集合住宅,鋼筋混凝土造,1131015,157.17,3,2,2,有,有,有,22000,140,,0.0,0,租金總額含管理費；未租賃車位，建物登記含有車位面積；,RPUNMLRKLHLGFID66CC,整棟(戶)出租,有,1150401~1160331,有,冷氣、熱水器、洗衣機、電視機、冰箱,
仁德區,租賃房屋+車位,臺南市仁德區崇聖路一段１０號５樓之６,0.0,,,,1150311,土地0建物1車位1,五層,14,住宅大樓(11層含以上有電梯),集合住宅,鋼筋混凝土造,1131015,116.5,2,2,1,有,有,有,23000,197,坡道平面,32.27,0,租金總額含管理費；,RPVNMLRKLHLGFID76CC,整棟(戶)出租,有,1150401~1160331,有,冷氣、熱水器、洗衣機、電視機、冰箱,
永康區,租賃房屋,臺南市永康區中華一路２２號,0.0,,,,1150313,土地0建物1車位0,一層,2,店面(店鋪),住家用,加強磚造,0641001,17.58,2,1,2,有,無,無,12500,711,,0.0,0,1.契約書未約定土地租賃標的。2.由所有權人提供出租資訊。3.更換承租人。含營業設備；,RPRNMLRKLHLGFKD56CC,,無,1150315~1170514,無,,
永康區,租賃房屋,臺南市永康區成功路８９號二樓之１,0.0,,,,1150309,土地0建物1車位0,二層,8,華廈(10層含以下有電梯),住家用,鋼筋混凝土造,0840516,78.24,2,1,1,有,有,有,15000,192,,0.0,0,參加國家住宅及都市更新中心辦理社會住宅包租代管增辦第四期計畫公會版租金總額含管理費；續租案件；,RPSNMLRKLHLGFKD66CC,整棟(戶)出租,無,1150315~1170314,有,冷氣、熱水器、洗衣機、電視機、冰箱,社會住宅包租轉租
永康區,租賃房屋,臺南市永康區仁愛街２１號,0.0,,,,1150301,土地0建物0車位0,全,5,透天厝,店舖，住宅,鋼筋混凝土構造,1041202,25.62,17,0,17,有,無,有,7500,293,,0.0,0,租金總額含水費；網路費；續租案件；,RPTNMLRKLHLGFKD76CC,分租套房,無,1150301~1160228,無,冷氣、熱水器、洗衣機、電視機、冰箱,一般代管
永康區,租賃房屋+車位,臺南市永康區中華路７２７巷１６號十三樓之８,0.0,,,,1150302,土地0建物1車位1,十三層,14,住宅大樓(11層含以上有電梯),住家用,鋼筋混凝土造,0880824,96.33,2,2,1,有,有,有,15000,162,坡道機械,13.14,1500,參加國家住宅及都市更新中心辦理社會住宅包租代管第五期計畫中央版租金總額含管理費；續租案件；,RPUNMLRKLHLGFKD86CC,整棟(戶)出租,有,1150416~1160415,有,冷氣、熱水器、洗衣機、電視機、冰箱,社會住宅包租轉租
永康區,租賃房屋,臺南市永康區大灣路７６４巷５６號４樓之１３,0.0,,,,1150311,土地0建物1車位0,四層,6,華廈(10層含以下有電梯),辦公室,鋼筋混凝土造,0940708,16.64,1,0,1,有,有,有,4000,240,,0.0,0,含增建或未登記建物；,RPXNMLRKLHLGFKD17CC,獨立套房,有,1150311~1160310,有,冷氣、熱水器、電視機、冰箱、網路,一般代管
永康區,租賃房屋,臺南市永康區復華里復國一路４７５巷２８號一樓之３,0.0,,,,1150311,土地0建物1車位0,一層,5,華廈(10層含以下有電梯),住家用,鋼筋混凝土構造,1070402,13.600000000000001,1,0,1,有,有,有,4350,320,,0.0,0,含增建或未登記建物；續租案件；,RPOOMLRKLHLGFKD98CC,獨立套房,有,1150501~1151031,有,冷氣、熱水器、電視機、冰箱、網路,一般代管
永康區,租賃房屋,臺南市永康區復華里復國一路４７５巷２８號三樓之５,0.0,,,,1150311,土地0建物1車位0,三層,5,華廈(10層含以下有電梯),住家用,鋼筋混凝土構造,1070402,18.939999999999998,1,0,1,有,有,有,5500,290,,0.0,0,含增建或未登記建物；續租案件；,RPPOMLRKLHLGFKD09CC,獨立套房,有,1150601~1151130,有,冷氣、熱水器、電視機、冰箱、網路,一般代管
永康區,租賃房屋,臺南市永康區復華里復國一路４７５巷２８號三樓之１６,0.0,,,,1150312,土地0建物1車位0,三層,5,華廈(10層含以下有電梯),住家用,鋼筋混凝土構造,1070402,13.61,1,0,1,有,有,有,4350,320,,0.0,0,含增建或未登記建物；續租案件；,RPQOMLRKLHLGFKD56CC,獨立套房,有,1150521~1151120,有,冷氣、熱水器、電視機、冰箱、網路,一般代管
永康區,租賃房屋,臺南市永康區復華里復國一路４７５巷２８號三樓之１７,0.0,,,,1150311,土地0建物1車位0,三層,5,華廈(10層含以下有電梯),住家用,鋼筋混凝土構造,1070402,13.61,1,0,1,有,有,有,4350,320,,0.0,0,含增建或未登記建物；續租案件；,RPROMLRKLHLGFKD66CC,獨立套房,有,1150511~1160510,有,冷氣、熱水器、電視機、冰箱、網路,一般代管
永康區,租賃房屋,臺南市永康區復華里復國一路４７５巷２８號五樓之２５,0.0,,,,1150311,土地0建物1車位0,五層,5,華廈(10層含以下有電梯),住家用,鋼筋混凝土構造,1070402,13.61,1,0,1,有,有,有,4350,320,,0.0,0,含增建或未登記建物；,RPSOMLRKLHLGFKD76CC,獨立套房,有,1150311~1160310,有,冷氣、熱水器、電視機、冰箱、網路,一般代管
永康區,租賃房屋,臺南市永康區復華三街６４號十五樓之３,0.0,,,,1150311,土地0建物1車位0,十五層,19,住宅大樓(11層含以上有電梯),住家用,鋼筋混凝土造,0840908,98.83000000000001,3,2,2,有,有,有,16000,162,,0.0,0,參加國家住宅及都市更新中心辦理社會住宅包租代管增辦第四期計畫公會版續租案件；,RPTOMLRKLHLGFKD86CC,整棟(戶)出租,有,1150412~1160411,有,冷氣、熱水器、洗衣機、冰箱,社會住宅代管
永康區,租賃房屋,臺南市永康區永二街２７１號,0.0,,,,1150310,土地0建物0車位0,全,5,透天厝,住家用,鋼筋混凝土構造,1040703,26.45,7,0,7,有,無,有,7500,284,,0.0,0,1.契約書未約定土地租賃標的。租金總額含網路費；租賃建物部分範圍，且未計入共有部分面積；續租案件；,RPUOMLRKLHLGFKD96CC,分租套房,無,1150601~1160531,無,冷氣、熱水器、洗衣機、電視機、冰箱、網路,一般代管
安平區,租賃房屋,臺南市安平區光州二街１４４號二樓之７,0.0,,,,1150306,土地0建物1車位0,二層,7,華廈(10層含以下有電梯),住家用,鋼筋混凝土造,0820911,29.95,1,1,1,有,有,有,8500,284,,0.0,0,參加國家住宅及都市更新中心辦理社會住宅包租代管第4期計畫公會版,RPPNMLSKLHLGFAD08CC,獨立套房,有,1150307~1160208,有,冷氣、熱水器、洗衣機,社會住宅代管
北區,租賃房屋,臺南市北區力行街１７號,0.0,,,,1150311,土地0建物1車位0,全,4,透天厝,住宅、停車空間,鋼筋混凝土造,0880610,210.57,6,2,4,有,無,無,35000,166,,0.0,0,,RPQNMLSKLHLGFAD18CC,整棟(戶)出租,無,1150315~1150914,無,冷氣、熱水器、瓦斯或天然氣,一般代管
中西區,租賃房屋,臺南市中西區宮後街１４號,0.0,,,,1150316,土地0建物0車位0,全,5,透天厝,住家用,鋼筋混凝土構造,1010604,40.76,30,2,30,有,無,有,11000,270,,0.0,0,租金總額含水費；網路費；其他第四台；含增建或未登記建物；,RPRNMLSKLHLGFAD28CC,分租套房,無,1150316~1160316,有,冷氣、熱水器、洗衣機、電視機、冰箱、網路,一般代管
中西區,租賃房屋,臺南市中西區建業街２２之２號五樓之３,0.0,,,,1150312,土地0建物1車位0,五層,5,公寓(5樓含以下無電梯),,鋼筋混凝土造,,29.41,1,0,1,有,無,有,5500,187,,0.0,0,1.契約書未約定土地租賃標的。2.由所有權人提供租屋資訊。3.郡王祠段790建號僅租賃部份範圍。租金總額含水費；網路費；其他第四台；含有多個門牌且未個別計算租金1.中西區建業街22之2號五樓之2．之3。2.中西區建業街22之2號五樓之3。；,RPSNMLSKLHLGFAD38CC,獨立套房,無,1150315~1160314,無,冷氣、熱水器、洗衣機、冰箱、有線電視、網路,
北區,租賃房屋,臺南市北區公園北路１０８號,0.0,,,,1150303,土地0建物1車位0,見其他登記事項,1,店面(店鋪),店舖、停車空間,鋼骨構造有牆,1040615,59.11,0,1,1,有,無,無,20000,338,,0.0,0,1契約書未約定土地租賃標的。2由所有權人提供租屋資訊。3115.3.3~115.5.2為裝潢期免租金，租金從115.5.3起算。租金總額含稅；,RPTNMLSKLHLGFAD48CC,,無,1150303~1170302,無,,
中西區,租賃房屋,臺南市中西區保安路１９１號六樓之２,0.0,,,,1150318,土地0建物1車位0,六層,7,華廈(10層含以下有電梯),住家用,鋼筋混凝土造,0701231,20.38,1,0,1,有,有,有,2400,118,,0.0,0,台南市社會住宅包租代管 第5期計畫中央版；水、電費由承租人負擔，租金已扣除管理費  600  元。,RPVNMLSKLHLGFAD68CC,獨立套房,無,1150325~1180324,有,熱水器、電視機、冰箱,社會住宅包租轉租
中西區,租賃房屋,臺南市中西區府前路一段６１巷２９號三樓,0.0,,,,1150316,土地0建物1車位0,三層,4,公寓(5樓含以下無電梯),住家用,鋼筋混凝土造,0700131,89.60000000000001,3,1,2,有,無,有,11000,123,,0.0,0,台南市政府包租代管第4期計畫之物件。續租案件；,RPWNMLSKLHLGFAD78CC,整棟(戶)出租,無,1150325~1160324,無,冷氣、熱水器、洗衣機、冰箱,社會住宅包租轉租
安南區,租賃房屋,臺南市安南區安中二街２３號四樓之７,0.0,,,,1150316,土地0建物1車位0,四層,14,住宅大樓(11層含以上有電梯),集合住宅,鋼筋混凝土造,1140425,128.03,3,2,2,有,有,無,16000,125,,0.0,0,此為國家住宅及都市更新中心社會住宅包租代管第5期計畫。,RPPNMLSKLHLGFBD18CC,整棟(戶)出租,有,1150317~1160316,有,冷氣、熱水器、洗衣機、電視機、冰箱,社會住宅包租轉租
安南區,租賃房屋+車位,臺南市安南區安富二街８６號４樓之２,0.0,,,,1150313,土地0建物1車位1,四層,14,住宅大樓(11層含以上有電梯),集合住宅,鋼筋混凝土造,1140402,104.55000000000001,2,2,1,有,有,有,18500,224,坡道平面,26.43,1000,參加國家住宅及都市更新中心辦理社會住宅包租代管第五期計畫中央版,RPQNMLSKLHLGFBD28CC,整棟(戶)出租,有,1150315~1160314,有,冷氣、熱水器、洗衣機、冰箱、瓦斯或天然氣,社會住宅代管
安南區,租賃房屋+車位,臺南市安南區北安路二段４８９號七樓之６,0.0,,,,1150317,土地0建物1車位1,七層,15,住宅大樓(11層含以上有電梯),集合住宅,鋼筋混凝土造,1120911,157.39999999999998,3,2,2,有,有,無,21500,161,坡道平面,29.98,1000,台南市社會住宅包租代管 第4期計畫 公會版；水、電、瓦斯費由承租人負擔，管理費3200元不包含在租金由承租人負擔。續租案件；,RPRNMLSKLHLGFBD38CC,整棟(戶)出租,有,1150401~1160331,有,冷氣、熱水器,社會住宅包租轉租
安南區,租賃房屋,臺南市安南區安中路一段７０３巷６５之１號,0.0,,,,1150228,土地0建物1車位0,二層,4,公寓(5樓含以下無電梯),集合住宅,鋼筋混凝土造,0700907,102.33,3,2,1,有,無,無,14000,137,,0.0,0,參加國家住宅及都市更新中心辦理社會住宅包租代管第四期計畫公會版續租案件；,RPSNMLSKLHLGFBD48CC,整棟(戶)出租,無,1150501~1160430,無,冷氣、熱水器,社會住宅代管
安南區,租賃房屋,臺南市安南區安通一街２１號九樓之３,0.0,,,,1150316,土地0建物1車位0,九層,15,住宅大樓(11層含以上有電梯),集合住宅,鋼筋混凝土造,1101230,79.94,2,1,1,有,有,有,20386,255,,0.0,0,台南市政府包租代管第4期計畫之物件。管理費2114元由出租人負擔。續租案件；,RPTNMLSKLHLGFBD58CC,整棟(戶)出租,有,1150325~1160324,有,冷氣、熱水器、洗衣機、電視機、冰箱、瓦斯或天然氣,社會住宅代管
安南區,租賃房屋,臺南市安南區安和路一段９６巷９７號,0.0,,,,1150316,土地0建物1車位0,全,3,透天厝,住家用,鋼筋混凝土造,0700213,125.43,4,2,2,有,無,有,16000,128,,0.0,0,台南市政府包租代管第4期計畫之物件。續租案件；,RPUNMLSKLHLGFBD68CC,整棟(戶)出租,無,1150321~1160320,無,冷氣、熱水器、洗衣機、電視機、冰箱、瓦斯或天然氣,社會住宅包租轉租
東區,租賃房屋,臺南市東區長東街１０８巷１４號,0.0,,,,1150310,土地0建物1車位0,全,2,透天厝,住家用,加強磚造,0580824,81.5,4,2,2,有,無,有,22000,270,,0.0,0,,RPPNMLSKLHLGFCD28CC,整棟(戶)出租,無,1150314~1170313,無,冷氣、熱水器、冰箱,一般代管
東區,租賃房屋,臺南市東區東門路三段２２６巷７７號,0.0,,,,1150316,土地0建物1車位0,全,2,透天厝,住家用,加強磚造,0651130,83.88,3,2,3,有,無,有,15000,179,,0.0,0,此為國家住宅及都市更新中心社會住宅包租代管第5期計畫。,RPRNMLSKLHLGFCD48CC,整棟(戶)出租,無,1150316~1160315,無,熱水器、瓦斯或天然氣,社會住宅代管
東區,租賃房屋,臺南市東區東門路二段１１號,0.0,,,,1150301,土地0建物0車位0,全,3,透天厝,店舖、住宅,加強磚造,0640410,16.5,5,0,5,有,無,有,5500,333,,0.0,0,租金總額含水費；網路費；,RPSNMLSKLHLGFCD58CC,分租套房,無,1150301~1160228,無,冷氣、網路,
東區,租賃房屋+車位,臺南市東區後甲三街３號６樓之１,0.0,,,,1150311,土地0建物1車位1,六層,15,住宅大樓(11層含以上有電梯),集合住宅,鋼筋混凝土造,1130123,148.68,3,2,2,有,有,有,30000,202,坡道平面,27.27,0,多人共同承租2；,RPTNMLSKLHLGFCD68CC,整棟(戶)出租,有,1150315~1160314,有,冷氣、熱水器、洗衣機、冰箱、瓦斯或天然氣、有線電視,
東區,租賃房屋,臺南市東區民族路一段１６號,0.0,,,,1150315,土地0建物0車位0,全,3,透天厝,住商用,加強磚造,0640201,20.94,8,1,8,有,無,有,6000,287,,0.0,0,租金總額含水費；網路費；含增建或未登記建物；,RPUNMLSKLHLGFCD78CC,分租套房,無,1150315~1160315,無,冷氣、熱水器、洗衣機、電視機、冰箱、網路,一般轉租
東區,租賃房屋+車位,臺南市東區崇慶街一段９６號十三樓之９,0.0,,,,1150315,土地0建物1車位1,十三層,15,住宅大樓(11層含以上有電梯),集合住宅,鋼筋混凝土造,1130816,84.06,2,1,1,有,有,有,19000,226,坡道機械,14.66,0,多人共同承租2；租金總額含管理費；續租案件；,RPWNMLSKLHLGFCD98CC,整棟(戶)出租,有,1150320~1160319,有,冷氣、熱水器、洗衣機、冰箱、瓦斯或天然氣,一般代管
東區,租賃房屋+車位,臺南市東區育樂街６６巷８號,0.0,,,,1150219,土地0建物1車位1,一層,9,華廈(10層含以下有電梯),集合住宅,鋼筋混凝土造,0910102,160.07,3,2,2,有,有,有,22870,143,坡道平面,0.0,0,,RPXNMLSKLHLGFCD09CC,整棟(戶)出租,有,1150301~1160228,有,冷氣、熱水器、洗衣機、冰箱、瓦斯或天然氣,
東區,租賃房屋,臺南市東區東安路７６巷２７之４號,0.0,,,,1150301,土地0建物1車位0,五層,5,公寓(5樓含以下無電梯),住家用,鋼筋混凝土造,0730109,89.88,3,2,2,有,無,有,14500,161,,0.0,0,多人共同承租2；,RPOOMLSKLHLGFCD28CC,整棟(戶)出租,無,1150315~1160314,無,冷氣、熱水器、洗衣機、電視機、冰箱、瓦斯或天然氣,
南區,租賃房屋,臺南市南區中華南路二段４００巷４弄１７號三樓,0.0,,,,1150310,土地0建物1車位0,三層,5,公寓(5樓含以下無電梯),集合住宅,鋼筋混凝土造,0711129,89.53,3,2,2,有,無,有,17000,190,,0.0,0,參加國家住宅及都市更新中心辦理社會住宅包租代管第五期計畫中央版多人共同承租2；,RPPOMLSKLHLGFCD38CC,整棟(戶)出租,無,1150315~1160314,無,冷氣、熱水器、洗衣機、電視機、冰箱,社會住宅代管
南區,租賃房屋,臺南市南區金華路二段７０號三樓之２,0.0,,,,1150316,土地0建物1車位0,三層,7,華廈(10層含以下有電梯),集合住宅,鋼筋混凝土造,0710708,104.57,3,2,2,有,有,無,15000,143,,0.0,0,台南市政府包租代管第4期計畫之物件。續租案件；,RPQOMLSKLHLGFCD48CC,整棟(戶)出租,有,1150331~1160330,有,熱水器、瓦斯或天然氣,社會住宅包租轉租
新營區,租賃房屋,臺南市新營區同濟街１２０之３號,0.0,,,,1150305,土地0建物1車位0,全,3,透天厝,住家用,鋼筋混凝土造,0801014,66.35,2,1,2,有,無,無,5000,75,,0.0,0,參加國家住宅及都市更新中心辦理社會住宅包租代管第五期計畫中央版,RPPNMLSKLHLGFDD38CC,整棟(戶)出租,無,1150305~1160304,無,熱水器,社會住宅代管
佳里區,土地,佳南段92地號,1388.0,農,,,1150314,土地1建物0車位0,,,其他,,,,0.0,0,0,0,無,無,無,45000,32,,0.0,0,總價含未保存建物546平方公尺，建物租金15000元/月。租金總額含稅；含增建或未登記建物；,RPPNMLSKLHLGFGD68CC,,,1150425~1180424,,,
新市區,租賃房屋,臺南市新市區光華街１８８巷２９號,0.0,,,,1150225,土地0建物0車位0,全,4,透天厝,住家用,鋼筋混凝土造,1030925,18.0,7,0,7,有,無,有,6200,344,,0.0,0,租金總額含管理費；水費；網路費；,RPPNMLSKLHLGFHD78CC,分租套房,無,1150225~1160224,無,冷氣、熱水器、洗衣機、電視機、冰箱、網路,一般代管
新市區,租賃房屋,臺南市新市區大營１２６之４３號,0.0,,,,1150303,土地0建物0車位0,全,4,透天厝,住家用,鋼筋混凝土造,1021111,19.44,20,1,20,有,無,有,6500,334,,0.0,0,租金總額含水費；網路費；,RPQNMLSKLHLGFHD88CC,分租套房,無,1150306~1160306,無,冷氣、熱水器、洗衣機、電視機、冰箱、網路,一般代管
善化區,租賃房屋,臺南市善化區成功路３巷２２弄７０號,0.0,,,,1150225,土地0建物0車位0,全,4,透天厝,集合住宅，停車空間,鋼筋混凝土造,1101111,18.0,5,0,5,有,無,有,5800,322,,0.0,0,租金總額含管理費；網路費；,RPRNMLSKLHLGFHD98CC,分租套房,無,1150301~1160228,無,冷氣、熱水器、洗衣機、冰箱,一般代管
安定區,租賃房屋,臺南市安定區許中營９０-２６號二樓之５,0.0,,,,1150302,土地0建物1車位0,二層,9,華廈(10層含以下有電梯),集合住宅,鋼筋混凝土造,1100225,129.04999999999998,3,1,2,有,有,有,19000,147,,0.0,0,多人共同承租2；租金總額含管理費；網路費；,RPSNMLSKLHLGFHD09CC,整棟(戶)出租,有,1150301~1160228,有,冷氣、熱水器、洗衣機、電視機、冰箱、網路,一般代管
歸仁區,租賃房屋+車位,臺南市歸仁區高發二路３０８號１１樓之３,0.0,,,,1150305,土地0建物1車位1,十一層,15,住宅大樓(11層含以上有電梯),集合住宅,鋼筋混凝土造,1120808,101.99000000000001,2,2,2,有,有,有,18000,176,坡道機械,12.24,0,多人共同承租2；,RPPNMLSKLHLGFID88CC,整棟(戶)出租,有,1150310~1170309,有,冷氣、熱水器、洗衣機、電視機、冰箱、瓦斯或天然氣,
歸仁區,租賃房屋,臺南市歸仁區歸仁七路２１８號３樓之３,0.0,,,,1150308,土地0建物1車位0,三層,15,住宅大樓(11層含以上有電梯),集合住宅,鋼筋混凝土造,1121208,105.19,2,2,1,有,有,有,15000,143,,0.0,0,多人共同承租2；未租賃車位，建物登記含有車位面積；,RPQNMLSKLHLGFID98CC,整棟(戶)出租,有,1150316~1170315,有,冷氣、熱水器、洗衣機、電視機、冰箱、瓦斯或天然氣,
歸仁區,租賃房屋,臺南市歸仁區文化街三段１８巷２號七樓之５,0.0,,,,1150313,土地0建物1車位0,七層,8,華廈(10層含以下有電梯),住家用,鋼筋混凝土造,0830205,106.25,3,2,2,有,有,有,15000,141,,0.0,0,此為國家住宅及都市更新中心社會住宅包租代管第5期計畫。,RPRNMLSKLHLGFID09CC,整棟(戶)出租,有,1150317~1160316,有,冷氣、熱水器、洗衣機、電視機、冰箱、瓦斯或天然氣,社會住宅代管
仁德區,租賃房屋,臺南市仁德區文心路７２號十八樓之７,0.0,,,,1150228,土地0建物1車位0,十八層,24,住宅大樓(11層含以上有電梯),集合住宅,鋼筋混凝土構造,1100315,139.1,3,2,2,有,有,有,17200,124,,0.0,0,參加國家住宅及都市更新中心辦理社會住宅包租代管第四期計畫公會版未租賃車位，建物登記含有車位面積；續租案件；,RPTNMLSKLHLGFID66CC,整棟(戶)出租,有,1150501~1160430,有,冷氣、熱水器、洗衣機、電視機、冰箱,社會住宅代管
仁德區,租賃房屋,臺南市仁德區崇聖路一段２號十樓之６,0.0,,,,1150313,土地0建物1車位0,十層,14,住宅大樓(11層含以上有電梯),集合住宅,鋼筋混凝土造,1131015,84.13,2,2,1,有,有,有,16600,197,,0.0,0,台南市政府包租代管第4期計畫之物件。管理費1400元由出租人負擔。續租案件；,RPUNMLSKLHLGFID76CC,整棟(戶)出租,有,1150315~1160314,有,冷氣、熱水器、洗衣機,社會住宅包租轉租
永康區,租賃房屋,臺南市永康區大灣一街２３０號,0.0,,,,1150311,土地0建物1車位0,全,2,透天厝,住家用,鋼筋混凝土造,0770513,133.37,6,2,2,有,無,無,28000,210,,0.0,0,,RPPNMLSKLHLGFKD09CC,整棟(戶)出租,無,1150323~1160323,無,冷氣、熱水器,
永康區,租賃房屋,臺南市永康區大灣路４０巷２８０弄２２號三樓之５,0.0,,,,1150313,土地0建物1車位0,三層,5,華廈(10層含以下有電梯),集合住宅,鋼筋混凝土構造,1101110,80.27000000000001,2,1,2,有,有,有,15613,195,,0.0,0,台南市社會住宅包租代管第4期計畫。管理費1887元由出租人負擔未租賃車位，建物登記含有車位面積；,RPQNMLSKLHLGFKD56CC,整棟(戶)出租,有,1150313~1160517,有,冷氣、熱水器、洗衣機、電視機、冰箱,社會住宅包租轉租
永康區,租賃房屋,臺南市永康區新民街１６巷１８號,0.0,,,,1150317,土地0建物0車位0,全,4,透天厝,住家用,鋼筋混凝土造,0971030,22.95,8,0,8,有,無,無,6000,261,,0.0,0,租1樓102室租金總額含水費；網路費；,RPRNMLSKLHLGFKD66CC,分租套房,無,1150325~1160324,無,冷氣、熱水器、冰箱,
永康區,租賃房屋,臺南市永康區大灣路９４２巷３１號,0.0,,,,1150316,土地0建物0車位0,全,4,透天厝,住家用,鋼筋混凝土造,0910517,16.0,22,0,22,有,無,有,4000,250,,0.0,0,1.契約書未約定土地租賃標的。   2.由所有權人提供租屋資訊。租金總額含網路費；其他第四台；續租案件；,RPUNMLSKLHLGFKD96CC,分租套房,無,1150305~1150630,無,冷氣、熱水器、冰箱、有線電視、網路,一般代管
永康區,租賃房屋,臺南市永康區中山南路２４４號,0.0,,,,1150301,土地0建物1車位0,一層,3,店面(店鋪),住家用,加強磚造,0631122,18.2,4,2,3,有,無,無,18000,989,,0.0,0,1.契約書未約定土地租賃標的。2.由所有權人提供租屋資訊。租金總額含稅；,RPVNMLSKLHLGFKD07CC,,無,1150401~1160331,無,,
永康區,租賃房屋,臺南市永康區?行里新民街８１號,0.0,,,,1150312,土地0建物0車位0,全,4,透天厝,住商用,鋼筋混凝土造,0941011,23.64,8,0,8,有,無,有,5750,243,,0.0,0,租賃建物部分範圍，且未計入共有部分面積；續租案件；,RPWNMLSKLHLGFKD17CC,分租套房,無,1150401~1160331,無,冷氣、熱水器、洗衣機、電視機、冰箱、有線電視,一般代管
永康區,租賃房屋,臺南市永康區安康里大橋一街５７之５號二樓之７,0.0,,,,1150316,土地0建物1車位0,二層,14,住宅大樓(11層含以上有電梯),住家用,鋼筋混凝土造,0880824,31.0,1,0,1,有,有,有,7000,226,,0.0,0,台南市政府包租代管第4期計畫之物件。管理費500元由出租人負擔。續租案件；,RPXNMLSKLHLGFKD27CC,獨立套房,有,1150408~1160407,有,冷氣、熱水器、洗衣機、電視機,社會住宅包租轉租
永康區,租賃房屋,臺南市永康區六合里新興街８之２號二樓之６,0.0,,,,1150316,土地0建物1車位0,二層,11,住宅大樓(11層含以上有電梯),住家用,鋼筋混凝土造,0880519,45.019999999999996,2,1,2,有,有,有,10500,233,,0.0,0,台南市政府包租代管第4期計畫之物件。續租案件；,RPOOMLSKLHLGFKD09CC,整棟(戶)出租,有,1150322~1160321,有,冷氣、熱水器、洗衣機、電視機、冰箱、瓦斯或天然氣,社會住宅包租轉租
安平區,租賃房屋,臺南市安平區育平九街１９２巷７１號四樓之２０,0.0,,,,1150317,土地0建物1車位0,四層,11,住宅大樓(11層含以上有電梯),住家用,鋼筋混凝土造,0830512,98.31,3,2,2,有,有,有,16000,163,,0.0,0,台南市政府包租代管第4期計畫之物件。續租案件；,RPPNMLTKLHLGFAD18CC,整棟(戶)出租,有,1150318~1160317,有,冷氣、熱水器、洗衣機、電視機、冰箱、瓦斯或天然氣,社會住宅代管
中西區,租賃房屋,臺南市中西區北門路一段１２３巷６０號五樓之１,0.0,,,,1150313,土地0建物1車位0,五層,5,公寓(5樓含以下無電梯),住家用,鋼筋混凝土造,0801228,47.58,2,1,1,有,無,有,10000,210,,0.0,0,,RPQNMLTKLHLGFAD28CC,整棟(戶)出租,無,1150315~1160314,無,冷氣、熱水器、洗衣機、冰箱,
北區,租賃房屋+車位,臺南市北區海安路三段８１０號２３樓之３,0.0,,,,1150310,土地0建物1車位1,二十三層,24,住宅大樓(11層含以上有電梯),集合住宅,鋼筋混凝土構造,1090131,164.85,3,2,2,有,有,有,33000,200,坡道平面,33.38,0,實收租金33000元已扣除管理費3500元,RPRNMLTKLHLGFAD38CC,整棟(戶)出租,有,1150310~1160309,有,冷氣、熱水器、洗衣機、電視機、冰箱、瓦斯或天然氣,
北區,租賃房屋,臺南市北區北安路一段１３０號,0.0,,,,1150314,土地0建物0車位0,全,4,透天厝,住商用,鋼筋混凝土造,0731217,20.13,8,1,9,有,無,有,8500,422,,0.0,0,租金總額含網路費；其他第四台費用；,RPSNMLTKLHLGFAD48CC,分租套房,無,1150315~1160314,無,冷氣、熱水器、洗衣機、電視機、冰箱、有線電視、網路,
北區,租賃房屋,臺南市北區開元路６６巷１０號,0.0,,,,1150317,土地0建物1車位0,全,4,透天厝,住商用,鋼筋混凝土造,0700525,157.18,5,1,4,有,無,無,24000,153,,0.0,0,房東同意3/17-3/31搬遷期免計租金，115/4/1正式起租算租金,RPTNMLTKLHLGFAD58CC,整棟(戶)出租,無,1150401~1160331,無,冷氣、熱水器,
北區,租賃房屋,臺南市北區開元路４８５巷４１弄１２號十三樓之９,0.0,,,,1150317,土地0建物1車位0,十三層,14,住宅大樓(11層含以上有電梯),集合住宅,鋼筋混凝土造,0891120,89.73,3,1,2,有,有,有,20000,223,,0.0,0,多人共同承租3；,RPUNMLTKLHLGFAD68CC,整棟(戶)出租,有,1150325~1160324,有,冷氣、熱水器、洗衣機、冰箱、瓦斯或天然氣,一般代管
北區,租賃房屋,臺南市北區西門路四段２７３之２號十樓,0.0,,,,1150313,土地0建物1車位0,十層,15,住宅大樓(11層含以上有電梯),住家用,鋼筋混凝土造,0870815,172.82,3,2,2,有,有,無,18000,104,,0.0,0,此為國家住宅及都市更新中心社會住宅包租代管第5期計畫。續租案件；,RPVNMLTKLHLGFAD78CC,整棟(戶)出租,有,1150320~1160319,有,冷氣、熱水器、瓦斯或天然氣,社會住宅包租轉租
北區,租賃房屋,臺南市北區力行三街５號,0.0,,,,1150317,土地0建物0車位0,全,4,透天厝,住宅、停車空間,鋼筋混凝土造,0970722,14.61,16,0,16,有,無,有,4000,274,,0.0,0,三5-403房租金總額含水費；,RPWNMLTKLHLGFAD88CC,分租套房,無,1150301~1160101,無,冷氣、熱水器、電視機、冰箱、網路,一般轉租
北區,租賃房屋,臺南市北區北區大武街３０４之２號,0.0,,,,1150312,土地0建物0車位0,全,4,透天厝,住家用,鋼筋混凝土造,0730106,11.57,23,0,21,有,無,有,4200,363,,0.0,0,大武401房租金總額含水費；,RPXNMLTKLHLGFAD98CC,分租套房,無,1150301~1150819,無,冷氣、熱水器、冰箱,一般轉租
北區,租賃房屋,臺南市北區力行三街６巷２６號,0.0,,,,1150316,土地0建物0車位0,全,2,透天厝,住家用,加強磚造,0680703,19.92,6,0,6,有,無,有,8000,402,,0.0,0,力行三6-201房租金總額含水費；,RPOOMLTKLHLGFAD18CC,分租套房,無,1150301~1151219,無,冷氣、熱水器、電視機、冰箱、網路,一般轉租
中西區,租賃房屋+車位,臺南市中西區南門路１０１號九樓之７,0.0,,,,1150305,土地0建物2車位1,見其他登記事項,12,住宅大樓(11層含以上有電梯),住家用,鋼筋混凝土造,0850802,215.1,4,3,4,有,有,有,26000,121,坡道平面,0.0,0,含有多個門牌且未個別計算租金共同承租 : 台南市中西區南門路101號九樓之七十樓之七；,RPPOMLTKLHLGFAD28CC,整棟(戶)出租,有,1150305~1160331,有,冷氣、熱水器、冰箱、瓦斯或天然氣,
北區,租賃房屋,臺南市北區北區大武街３０４之２號,0.0,,,,1150312,土地0建物0車位0,全,4,透天厝,住家用,鋼筋混凝土造,0730106,11.57,23,0,21,有,無,有,4000,346,,0.0,0,大武404房租金總額含水費；,RPQOMLTKLHLGFAD38CC,分租套房,無,1150301~1150401,無,冷氣、熱水器、冰箱,一般轉租
北區,租賃房屋,臺南市北區大武街３０４之２號,0.0,,,,1150317,土地0建物0車位0,全,4,透天厝,住家用,鋼筋混凝土造,0730106,11.57,23,0,21,有,無,有,4000,346,,0.0,0,大武404房租金總額含水費；續租案件；,RPROMLTKLHLGFAD48CC,分租套房,無,1150402~1160401,無,冷氣、熱水器、冰箱,一般轉租
北區,租賃房屋,臺南市北區力行三街５號,0.0,,,,1150319,土地0建物0車位0,全,4,透天厝,住宅、停車空間,鋼筋混凝土造,0970722,14.61,16,0,16,有,無,有,5500,376,,0.0,0,力行三5-301房租金總額含水費；,RPSOMLTKLHLGFAD58CC,分租套房,無,1150301~1150415,無,冷氣、熱水器、電視機、冰箱、網路,一般轉租
北區,租賃房屋,臺南市北區民德路５８巷１０６號,0.0,,,,1150303,土地0建物1車位0,見其他登記事項,4,華廈(10層含以下有電梯),旅館、停車空間,鋼筋混凝土構造,1050523,599.66,19,1,19,有,無,有,300000,500,,0.0,0,租金總額含稅；租賃期間有約定不同租金1150315-1150430優惠免租期1150501-1200430新台幣每月租金30萬元整（含營業稅），1200501-1250430新台幣每月租金33萬元整（含營業稅）；,RPTOMLTKLHLGFAD68CC,,無,1150501~1250430,有,冷氣、熱水器、洗衣機、電視機、冰箱、瓦斯或天然氣、有線電視、網路,
中西區,租賃房屋,臺南市中西區西門路一段４６６號六樓之７,0.0,,,,1150307,土地0建物1車位0,六層,7,華廈(10層含以下有電梯),住家用,鋼筋混凝土造,0700605,45.11,2,1,1,有,有,有,13800,306,,0.0,0,參加國家住宅及都市更新中心辦理社會住宅包租代管第四期計畫公會版租金總額含管理費；續租案件；,RPUOMLTKLHLGFAD78CC,整棟(戶)出租,有,1150501~1160331,有,冷氣、熱水器、洗衣機、冰箱、瓦斯或天然氣,社會住宅代管
北區,租賃房屋,臺南市北區北區實踐街１０３巷１９弄１０號,0.0,,,,1150318,土地0建物0車位0,全,3,透天厝,住家用,鋼筋混凝土構造,1040331,20.82,11,0,11,有,無,有,5800,279,,0.0,0,實踐101房租金總額含水費；,RPVOMLTKLHLGFAD88CC,分租套房,無,1150301~1150704,無,冷氣、熱水器、洗衣機、電視機、冰箱、網路,一般轉租
北區,租賃房屋+車位,臺南市北區北園街８巷１８號３樓,0.0,,,,1150317,土地0建物1車位1,三層,19,住宅大樓(11層含以上有電梯),住家用,鋼筋混凝土造,0851202,98.85,2,2,2,有,有,有,18000,182,坡道機械,0.0,0,多人共同承租2；租金總額含管理費；,RPWOMLTKLHLGFAD98CC,整棟(戶)出租,有,1150401~1160331,有,冷氣、熱水器、洗衣機、電視機、冰箱、瓦斯或天然氣,
中西區,租賃房屋,臺南市中西區民權路三段４００巷２９號四樓,0.0,,,,1150318,土地0建物1車位0,四層,10,華廈(10層含以下有電梯),集合住宅,鋼筋混凝土造,0880730,134.39,3,2,2,有,有,有,25500,190,,0.0,0,1.契約書未約定土地租賃標的2.由出租人提供租屋資訊3.雙方協議，115年3月19日至115年3月31日為免租期租金總額含管理費；,RPXOMLTKLHLGFAD09CC,整棟(戶)出租,有,1150401~1160331,有,冷氣、熱水器、洗衣機、冰箱、瓦斯或天然氣,
北區,租賃房屋,臺南市北區公園南路３５８號二十樓之２,0.0,,,,1150311,土地0建物1車位0,二十層,25,住宅大樓(11層含以上有電梯),住家用,鋼筋混凝土造,0840104,68.16,2,1,1,有,有,有,15000,220,,0.0,0,,RPOPMLTKLHLGFAD28CC,整棟(戶)出租,有,1150315~1160314,有,冷氣、熱水器、洗衣機、電視機、冰箱,
北區,租賃房屋,臺南市北區北區力行三街６巷２６號,0.0,,,,1150317,土地0建物0車位0,全,2,透天厝,住家用,加強磚造,0680703,19.92,6,0,6,有,無,有,5000,251,,0.0,0,力行三6-202房租金總額含水費；,RPPPMLTKLHLGFAD38CC,分租套房,無,1150301~1150403,無,冷氣、熱水器、電視機、冰箱、網路,一般轉租
北區,租賃房屋,臺南市北區成功路３８８號四樓之１１,0.0,,,,1150220,土地0建物1車位0,四層,12,住宅大樓(11層含以上有電梯),商業用,鋼筋混凝土造,0711012,29.99,1,0,1,有,有,有,6000,200,,0.0,0,參加公會版住宅包租代管五期計畫,RPQPMLTKLHLGFAD48CC,獨立套房,有,1150220~1160219,有,冷氣、熱水器、電視機、冰箱,社會住宅代管
北區,租賃房屋,臺南市北區力行三街６巷２６號,0.0,,,,1150318,土地0建物0車位0,全,2,透天厝,住家用,加強磚造,0680703,19.92,6,0,6,有,無,有,5000,251,,0.0,0,力行三6-202房租金總額含水費；,RPRPMLTKLHLGFAD58CC,分租套房,無,1150404~1160403,無,冷氣、熱水器、電視機、冰箱、網路,一般轉租
中西區,租賃房屋,臺南市中西區衛民街４０號五樓之２,0.0,,,,1150313,土地0建物1車位0,五層,6,華廈(10層含以下有電梯),住家用,鋼筋混凝土造,0810131,145.06,3,2,2,有,有,有,22000,152,,0.0,0,台南市不動產租賃公會民間住宅包租代管第5期計畫之物件。續租案件；,RPSPMLTKLHLGFAD68CC,整棟(戶)出租,有,1150317~1160316,有,冷氣、熱水器、洗衣機、冰箱、瓦斯或天然氣,社會住宅代管
北區,租賃房屋,臺南市北區實踐街１０３巷１９弄１０號,0.0,,,,1150318,土地0建物0車位0,全,3,透天厝,住家用,鋼筋混凝土構造,1040331,20.82,11,0,11,有,無,有,6000,288,,0.0,0,實踐102房租金總額含水費；,RPTPMLTKLHLGFAD78CC,分租套房,無,1150301~1150824,無,冷氣、熱水器、電視機、冰箱、網路,一般轉租
中西區,租賃房屋,臺南市中西區民權路二段２２５號,0.0,,,,1150302,土地0建物1車位0,見其他登記事項,2,店面(店鋪),住商用,磚造,,102.64,2,2,1,有,無,無,36000,351,,0.0,0,115年3月2日至115年4月30日為裝潢期不收租金,RPUPMLTKLHLGFAD88CC,,無,1150501~1170430,無,,
中西區,租賃房屋,臺南市中西區府前路一段７６號,0.0,,,,1150316,土地0建物0車位0,全,4,透天厝,住商用,鋼筋混凝土造,0601019,33.06,15,5,16,有,無,有,9500,287,,0.0,0,租金總額含水費；網路費；其他MOD費用；,RPVPMLTKLHLGFAD98CC,分租套房,無,1150320~1160319,無,冷氣、熱水器、洗衣機、電視機、冰箱、網路,
北區,租賃房屋,臺南市北區大武街３０４之２號,0.0,,,,1150314,土地0建物0車位0,全,4,透天厝,住家用,鋼筋混凝土造,0730106,16.5,23,0,21,有,無,有,4500,273,,0.0,0,大武204房租金總額含水費；,RPWPMLTKLHLGFAD09CC,分租套房,無,1150301~1150624,無,冷氣、熱水器、冰箱,一般轉租
安平區,租賃房屋+車位,臺南市安平區建平十一街１８號九樓之６,0.0,,,,1150316,土地0建物1車位1,九層,15,住宅大樓(11層含以上有電梯),集合住宅,鋼筋混凝土構造,1111013,163.38,3,2,2,有,有,有,35000,214,坡道平面,36.6,0,租金總額含管理費；其他機車停車位1個；,RPXPMLTKLHLGFAD56CC,整棟(戶)出租,有,1150401~1160331,有,冷氣、熱水器、洗衣機、電視機、冰箱、瓦斯或天然氣,一般代管
北區,租賃房屋,臺南市北區力行三街５號,0.0,,,,1150318,土地0建物0車位0,全,4,透天厝,住宅、停車空間,鋼筋混凝土造,0970722,14.61,16,0,16,有,無,有,4000,274,,0.0,0,三5-203房租金總額含水費；,RPOQMLTKLHLGFAD38CC,分租套房,無,1150301~1150922,無,冷氣、熱水器、電視機、冰箱、網路,一般轉租
安平區,租賃房屋,臺南市安平區建平十七街６５號九樓之２,0.0,,,,1150220,土地0建物1車位0,九層,12,住宅大樓(11層含以上有電梯),住家用,鋼筋混凝土造,0800531,70.66,2,2,1,有,有,有,16000,226,,0.0,0,參加公會版住宅包租代管五期計畫,RPPQMLTKLHLGFAD48CC,整棟(戶)出租,有,1150220~1180219,有,冷氣、熱水器、洗衣機、電視機、冰箱,社會住宅代管
北區,租賃房屋,臺南市北區公園北路１３２號,0.0,,,,1150314,土地0建物0車位0,全,2,透天厝,住工用,加強磚造,0560101,37.61,26,0,26,有,無,有,3700,98,,0.0,0,公園北102房租金總額含水費；,RPQQMLTKLHLGFAD58CC,分租套房,無,1150301~1150430,無,冷氣、熱水器、網路,一般轉租
北區,租賃房屋,臺南市北區長榮路五段４１６號,0.0,,,,1150306,土地0建物1車位0,全,2,透天厝,住商用,加強磚造,0630114,38.64,3,2,2,有,無,無,6000,155,,0.0,0,,RPRQMLTKLHLGFAD68CC,分層出租,無,1150401~1160331,無,冷氣、熱水器、電視機,
安平區,租賃房屋,臺南市安平區國平路５９９號七樓之１０,0.0,,,,1150225,土地0建物1車位0,七層,21,住宅大樓(11層含以上有電梯),商業用,鋼筋混凝土造,0831222,60.05,1,1,1,有,有,有,11100,185,,0.0,0,台南市社會住宅包租代管第4期計畫公會版租金依照租金水準區間表評定續租案件；,RPSQMLTKLHLGFAD78CC,獨立套房,有,1150311~1160310,有,冷氣、熱水器、洗衣機、電視機、冰箱、瓦斯或天然氣,社會住宅代管
中西區,租賃房屋,臺南市中西區金華路三段２１８號十六樓之８,0.0,,,,1150220,土地0建物1車位0,十六層,18,住宅大樓(11層含以上有電梯),住家用,鋼筋混凝土造,0840704,39.3,1,0,1,有,有,有,10000,254,,0.0,0,?參加公會版住宅包租代管五期計畫,RPTQMLTKLHLGFAD88CC,獨立套房,有,1150220~1160219,有,冷氣、熱水器、洗衣機、電視機、冰箱,社會住宅代管
北區,租賃房屋,臺南市北區公園南路３７０巷６６號十五樓,0.0,,,,1150220,土地0建物1車位0,十五層,18,住宅大樓(11層含以上有電梯),住家用,鋼筋混凝土造,0840912,33.82,1,0,1,有,有,有,8500,251,,0.0,0,?參加公會版住宅包租代管五期計畫,RPUQMLTKLHLGFAD98CC,獨立套房,有,1150220~1160219,有,冷氣、熱水器、洗衣機、電視機、冰箱,社會住宅代管
中西區,租賃房屋,臺南市中西區西華南街２０號五樓之６,0.0,,,,1150306,土地0建物1車位0,五層,6,華廈(10層含以下有電梯),住家用,鋼筋混凝土造,0790404,29.38,1,1,1,有,有,有,8000,272,,0.0,0,台南市社會住宅包租代管第5期計畫公會版租金依照租金水準區間表評定,RPVQMLTKLHLGFAD09CC,獨立套房,有,1150312~1180311,有,冷氣、熱水器、洗衣機、冰箱,社會住宅包租轉租
北區,租賃房屋,臺南市北區公園路８２０巷１３號,0.0,,,,1150306,土地0建物1車位0,全,2,透天厝,住家用,加強磚造,0610923,89.25,3,2,2,有,無,有,16000,179,,0.0,0,台南市社會住宅包租代管第5期計畫公會版租金依照租金水準區間表評定,RPXQMLTKLHLGFAD66CC,整棟(戶)出租,無,1150325~1180324,無,冷氣、熱水器、冰箱,社會住宅包租轉租
安南區,租賃房屋,臺南市安南區安中路一段７０３巷１５之１號,0.0,,,,1150228,土地0建物1車位0,二層,4,公寓(5樓含以下無電梯),集合住宅,鋼筋混凝土造,0700907,102.33,3,2,2,有,無,有,13000,127,,0.0,0,參加國家住宅及都市更新中心辦理社會住宅包租代管第四期計畫公會版續租案件；,RPPNMLTKLHLGFBD28CC,整棟(戶)出租,無,1150501~1160430,無,冷氣、熱水器,社會住宅代管
安南區,租賃房屋+車位,臺南市安南區郡安路五段５２號四樓之５,0.0,,,,1150319,土地0建物1車位1,四層,15,住宅大樓(11層含以上有電梯),集合住宅,鋼筋混凝土造,1110415,154.63,3,2,2,有,有,無,22000,142,坡道平面,34.87,0,,RPQNMLTKLHLGFBD38CC,整棟(戶)出租,有,1150401~1180331,有,冷氣、熱水器、瓦斯或天然氣,
安南區,租賃房屋,臺南市安南區安中路一段３７０號１樓,0.0,,,,1150317,土地0建物1車位0,一層,2,店面(店鋪),住商用,鋼筋混凝土造,0860724,37.92,0,1,1,有,無,無,13000,343,,0.0,0,,RPRNMLTKLHLGFBD48CC,,無,1150401~1170331,無,冷氣,
安南區,租賃房屋,臺南市安南區慈興七街１５號四樓之３,0.0,,,,1150313,土地0建物1車位0,四層,5,華廈(10層含以下有電梯),集合住宅,鋼筋混凝土造,1110601,80.17,2,2,2,有,有,有,16000,200,,0.0,0,台南市不動產租賃公會民間住宅包租代管第5期計畫之物件。多人共同承租3；續租案件；,RPSNMLTKLHLGFBD58CC,整棟(戶)出租,有,1150318~1160317,有,冷氣、熱水器、洗衣機、電視機、冰箱,社會住宅代管
安南區,租賃房屋,臺南市安南區海佃路一段２４３巷２１號,0.0,,,,1150310,土地0建物1車位0,全,3,透天厝,住家用,鋼筋混凝土造,0690415,119.49,4,2,3,有,無,有,13000,109,,0.0,0,參加國家住宅及都市更新中心辦理社會住宅包租代管第五期計畫中央版續租案件；,RPTNMLTKLHLGFBD68CC,整棟(戶)出租,無,1150310~1160309,無,冷氣、熱水器、電視機、冰箱,社會住宅代管
安南區,租賃房屋,臺南市安南區安通路五段３２１號九樓之３,0.0,,,,1150226,土地0建物1車位0,九層,14,住宅大樓(11層含以上有電梯),集合住宅,鋼筋混凝土造,1110608,128.94,2,2,1,有,有,有,18000,140,,0.0,0,台南市社會住宅包租代管第5期計畫公會版租金依照租金水準區間表評定未租賃車位，建物登記含有車位面積；,RPUNMLTKLHLGFBD78CC,整棟(戶)出租,有,1150309~1160308,有,冷氣、熱水器、洗衣機、電視機、冰箱、瓦斯或天然氣,社會住宅代管
南區,租賃房屋,臺南市南區永成路三段２５巷３０號,0.0,,,,1150313,土地0建物1車位0,全,2,透天厝,住家用,加強磚造,0651227,95.79,6,1,2,有,無,無,20000,209,,0.0,0,含增建或未登記建物；續租案件；,RPPNMLTKLHLGFCD38CC,整棟(戶)出租,無,1150316~1160315,無,,
南區,租賃房屋+車位,臺南市南區興昌路７６巷１號十一樓之５,0.0,,,,1150313,土地0建物1車位1,十一層,13,住宅大樓(11層含以上有電梯),集合住宅,鋼筋混凝土構造,1080823,160.85000000000002,3,2,2,有,有,有,27000,168,坡道平面,31.74,0,1.契約書未約定土地租賃標的。2.出租人只提供1個車位給承租人承租。其他機車停車位1個；,RPQNMLTKLHLGFCD48CC,整棟(戶)出租,有,1150320~1160319,有,冷氣、熱水器、洗衣機、瓦斯或天然氣,
東區,租賃房屋,臺南市東區裕豐街２２２巷１３號四樓,0.0,,,,1150315,土地0建物1車位0,四層,5,公寓(5樓含以下無電梯),住家用,鋼筋混凝土造,0810124,42.92,2,1,1,有,無,有,8800,205,,0.0,0,參加國家住宅及都市中心辦理社會住宅包租代管第五期計劃中央版,RPRNMLTKLHLGFCD58CC,整棟(戶)出租,無,1150315~1160314,無,冷氣、熱水器、洗衣機、電視機、冰箱,社會住宅代管
南區,租賃房屋,臺南市南區新興路２３０巷８之６號,0.0,,,,1150308,土地0建物1車位0,七層,7,華廈(10層含以下有電梯),住家用,鋼筋混凝土造,0731003,159.29,2,2,1,有,有,有,19000,119,,0.0,0,參加國家住宅及都市更新中心辦理社會住宅包租代管增辦第四期計畫公會版租金總額含管理費；續租案件；,RPTNMLTKLHLGFCD78CC,整棟(戶)出租,無,1150401~1160331,有,冷氣、熱水器、冰箱、瓦斯或天然氣,社會住宅代管
東區,租賃房屋,臺南市東區中華東路一段１６號十一樓之３,0.0,,,,1150316,土地0建物1車位0,十一層,14,住宅大樓(11層含以上有電梯),住家用,ＲＣ造,0930712,38.11,1,0,1,有,有,有,13641,358,,0.0,0,台南市不動產租賃公會民間住宅包租代管第4期計畫之物件。管理費每月859元由出租人負擔。續租案件；,RPUNMLTKLHLGFCD88CC,獨立套房,有,1150320~1160319,有,冷氣、熱水器、洗衣機、電視機、冰箱,社會住宅代管
東區,租賃房屋,臺南市東區東興路９１號三樓,0.0,,,,1150317,土地0建物1車位0,三層,7,華廈(10層含以下有電梯),住家用,鋼筋混凝土造,0741113,107.12,3,2,2,有,有,有,11000,103,,0.0,0,參加國家住宅及都市中心辦理社會住宅包租代管第五期計劃中央版租金總額含管理費；,RPVNMLTKLHLGFCD98CC,整棟(戶)出租,有,1150317~1160316,有,冷氣、熱水器、洗衣機、電視機、冰箱,社會住宅代管
東區,租賃房屋,臺南市東區光華街２６３號三樓之２,0.0,,,,1150309,土地0建物1車位0,三層,5,公寓(5樓含以下無電梯),住家用,鋼筋混凝土造,0820622,67.46,3,1,1,有,無,有,10000,148,,0.0,0,參加國家住宅及都市更新中心辦理社會住宅包租代管第四期計畫公會版續租案件；,RPWNMLTKLHLGFCD09CC,整棟(戶)出租,無,1150401~1160331,無,冷氣、熱水器、洗衣機、電視機、冰箱,社會住宅代管
東區,租賃房屋,臺南市東區崇明路４８４號,0.0,,,,1150319,土地0建物0車位0,全,4,透天厝,住商用,鋼筋混凝土造,0741122,28.15,11,11,11,有,無,有,12000,426,,0.0,0,租金總額含水費；網路費；含增建或未登記建物；續租案件；,RPXNMLTKLHLGFCD56CC,分租套房,無,1150319~1160320,無,冷氣、熱水器、洗衣機、電視機、冰箱、網路,一般轉租
東區,租賃房屋,臺南市東區東安路３０巷１４之４號,0.0,,,,1150224,土地0建物1車位0,五層,5,公寓(5樓含以下無電梯),住家用,鋼筋混凝土造,0710223,100.67,3,2,2,有,有,有,15500,154,,0.0,0,參加公會版住宅包租代管五期計畫,RPOOMLTKLHLGFCD38CC,整棟(戶)出租,有,1150225~1170224,無,冷氣、熱水器、洗衣機、電視機、冰箱,社會住宅包租轉租
東區,租賃房屋,臺南市東區前鋒路６０巷６號五樓,0.0,,,,1150315,土地0建物1車位0,五層,5,公寓(5樓含以下無電梯),住家用,鋼筋混凝土造,0710708,107.97,4,1,1,有,無,有,14000,130,,0.0,0,多人共同承租4；續租案件；,RPPOMLTKLHLGFCD48CC,整棟(戶)出租,無,1150701~1160831,無,冷氣、熱水器、洗衣機、冰箱,
東區,租賃房屋,臺南市東區長榮路一段２２７號五樓之７,0.0,,,,1150310,土地0建物1車位0,五層,12,住宅大樓(11層含以上有電梯),住家用,鋼筋混凝土造,0880805,39.89,1,1,1,有,有,有,8300,208,,0.0,0,參加國家住宅及都市更新中心辦理社會住宅包租代管增辦第四期計畫公會版續租案件；,RPQOMLTKLHLGFCD58CC,獨立套房,有,1150510~1160509,有,冷氣、熱水器、洗衣機、電視機、冰箱,社會住宅代管
新營區,租賃房屋,臺南市新營區綠川北街６１號,0.0,,,,1150317,土地0建物1車位0,全,3,透天厝,住商用,鋼筋混凝土造,0691021,166.08,6,2,3,有,無,有,24000,145,,0.0,0,1.契約書未約定土地租賃標的。2.由所有權人提供租屋資訊。,RPPNMLTKLHLGFDD48CC,整棟(戶)出租,無,1150325~1160324,無,冷氣、熱水器、洗衣機、電視機、冰箱、瓦斯或天然氣,
學甲區,租賃房屋,臺南市學甲區重信路１號七樓之四,0.0,,,,1150317,土地0建物1車位0,七層,12,住宅大樓(11層含以上有電梯),住家用,鋼筋混凝土造,0840622,80.2,3,2,2,有,有,有,8500,106,,0.0,0,參加國家住宅及都市中心辦理社會住宅包租代管第五期計劃中央版續租案件；,RPPNMLTKLHLGFGD78CC,整棟(戶)出租,有,1150317~1160316,有,冷氣、熱水器、洗衣機、電視機、冰箱,社會住宅代管
學甲區,租賃房屋,臺南市學甲區重信路１號四樓之十四,0.0,,,,1150317,土地0建物1車位0,四層,12,住宅大樓(11層含以上有電梯),住家用,鋼筋混凝土造,0840622,36.14,1,0,1,有,有,有,6000,166,,0.0,0,參加國家住宅及都市中心辦理社會住宅包租代管第五期計劃中央版續租案件；,RPQNMLTKLHLGFGD88CC,獨立套房,有,1150317~1160316,有,冷氣、熱水器、洗衣機、電視機、冰箱,社會住宅代管
學甲區,租賃房屋,臺南市學甲區重信路１號七樓之十,0.0,,,,1150316,土地0建物1車位0,七層,12,住宅大樓(11層含以上有電梯),住家用,鋼筋混凝土造,0840622,43.55,1,0,1,有,有,有,7000,161,,0.0,0,參加國家住宅及都市中心辦理社會住宅包租代管第五期計劃 中央版,RPRNMLTKLHLGFGD98CC,獨立套房,有,1150316~1160315,有,冷氣、熱水器、洗衣機、電視機、冰箱,社會住宅代管
學甲區,租賃房屋,臺南市學甲區重信路１號七樓之三,0.0,,,,1150318,土地0建物1車位0,七層,12,住宅大樓(11層含以上有電梯),住家用,鋼筋混凝土造,0840622,128.12,3,2,1,有,有,有,12000,94,,0.0,0,參加國家住宅及都市中心辦理社會住宅包租代管第五期計劃中央版多人共同承租2；,RPSNMLTKLHLGFGD09CC,整棟(戶)出租,有,1150318~1160317,有,冷氣、熱水器、冰箱,社會住宅代管
善化區,租賃房屋,臺南市善化區小新營１４３號二樓之３,0.0,,,,1150317,土地0建物1車位0,二層,6,華廈(10層含以下有電梯),集合住宅,鋼筋混凝土造,1130603,102.14,3,2,2,有,有,無,16000,157,,0.0,0,台南市社會住宅包租代管第4期計畫。續租案件；,RPPNMLTKLHLGFHD88CC,整棟(戶)出租,有,1150325~1160324,有,冷氣、熱水器,社會住宅包租轉租
新市區,租賃房屋,臺南市新市區三民街１２８號,0.0,,,,1150302,土地0建物1車位0,全,4,透天厝,住家用,鋼筋混凝土造,0960522,224.48,6,2,5,有,無,有,33500,149,,0.0,0,續租案件；,RPQNMLTKLHLGFHD98CC,整棟(戶)出租,無,1150401~1150930,無,冷氣、熱水器、洗衣機、電視機、冰箱,
善化區,租賃房屋+車位,臺南市善化區小新營３８５號七樓之３,0.0,,,,1150313,土地0建物1車位1,七層,10,華廈(10層含以下有電梯),集合住宅,鋼筋混凝土造,1140519,109.66,2,2,2,有,有,有,16347,149,坡道平面,22.62,0,租金總額扣除管理費2653元後填載16347元/月租金總額含管理費；,RPUNMLTKLHLGFHD76CC,整棟(戶)出租,有,1150320~1160319,有,冷氣、熱水器、洗衣機、電視機、冰箱,
新市區,租賃房屋,臺南市新市區復興路１９５號,0.0,,,,1150226,土地0建物1車位0,全,4,透天厝,停車空間，店舖，住宅,鋼筋混凝土造,1040206,248.71,4,2,6,有,無,無,47000,189,,0.0,0,租金總額含稅；,RPWNMLTKLHLGFHD96CC,,無,1150301~1200228,無,,
仁德區,租賃房屋,臺南市仁德區中正西路３６０巷２０弄４１號三樓之１９,0.0,,,,1150312,土地0建物1車位0,三層,4,華廈(10層含以下有電梯),辦公室,鋼筋混凝土造,0960920,14.149999999999999,1,0,1,有,有,有,2600,184,,0.0,0,含增建或未登記建物；,RPPNMLTKLHLGFID98CC,獨立套房,有,1150321~1150920,有,冷氣、熱水器、電視機、冰箱、網路,一般代管
仁德區,租賃房屋,臺南市仁德區二仁路一段１０６號,0.0,,,,1150311,土地0建物0車位0,全,2,透天厝,住商用,加強磚造,0660819,13.27,23,0,23,有,無,有,3400,256,,0.0,0,二仁207房租金總額含水費；,RPQNMLTKLHLGFID09CC,分租套房,無,1150301~1150331,無,冷氣、熱水器、冰箱、網路,一般轉租
仁德區,租賃房屋,臺南市仁德區二仁路一段１０６號,0.0,,,,1150316,土地0建物0車位0,全,2,透天厝,住商用,加強磚造,0660819,13.27,23,0,23,有,無,有,3400,256,,0.0,0,二仁207房租金總額含水費；,RPRNMLTKLHLGFID56CC,分租套房,無,1150401~1150430,無,冷氣、熱水器、冰箱、網路,一般轉租
仁德區,租賃房屋,臺南市仁德區文心路７６號八樓之２,0.0,,,,1150317,土地0建物1車位0,八層,24,住宅大樓(11層含以上有電梯),集合住宅,鋼筋混凝土構造,1100315,88.06,2,1,1,有,有,有,15500,176,,0.0,0,台南市社會住宅包租代管第4期計畫。續租案件；,RPSNMLTKLHLGFID66CC,整棟(戶)出租,有,1150325~1150928,有,冷氣、熱水器、洗衣機、電視機、冰箱、瓦斯或天然氣,社會住宅包租轉租
仁德區,租賃房屋,臺南市仁德區二仁路一段１０６號,0.0,,,,1150314,土地0建物0車位0,全,2,透天厝,住商用,加強磚造,0660819,14.34,23,0,23,有,無,有,3800,265,,0.0,0,二仁102房租金總額含水費；,RPTNMLTKLHLGFID76CC,分租套房,無,1150301~1150809,無,冷氣、熱水器、冰箱、網路,一般轉租
仁德區,租賃房屋+車位,臺南市仁德區和愛街９號四樓之１,0.0,,,,1150313,土地0建物1車位1,四層,14,住宅大樓(11層含以上有電梯),住家用,鋼筋混凝土造,0990422,168.57,3,2,2,有,有,無,20770,123,坡道平面,0.0,0,管理費1230元，由出租方負擔。,RPVNMLTKLHLGFID96CC,整棟(戶)出租,有,1150320~1160319,有,冷氣、熱水器、冰箱、瓦斯或天然氣,
仁德區,租賃房屋,臺南市仁德區仁義六街２５號四樓之４,0.0,,,,1150307,土地0建物1車位0,四層,6,華廈(10層含以下有電梯),住家用,鋼筋混凝土造,0811127,126.3,3,2,1,有,有,有,15000,119,,0.0,0,參加國家住宅及都市更新中心辦理社會住宅包租代管第五期計畫中央版租金總額含管理費；續租案件；,RPWNMLTKLHLGFID07CC,整棟(戶)出租,無,1150501~1160430,有,冷氣、熱水器、洗衣機、冰箱,社會住宅代管
歸仁區,租賃房屋+車位,臺南市歸仁區智發街１３號十一樓之７,0.0,,,,1150316,土地0建物1車位1,十一層,14,住宅大樓(11層含以上有電梯),集合住宅,鋼筋混凝土造,1140124,116.72999999999999,2,1,1,有,有,有,16000,137,坡道平面,27.67,0,,RPXNMLTKLHLGFID17CC,整棟(戶)出租,有,1150320~1160319,有,冷氣、熱水器、洗衣機、冰箱、瓦斯或天然氣,
仁德區,租賃房屋,臺南市仁德區中正路一段２５１巷２５弄３１號,0.0,,,,1150319,土地0建物0車位0,全,5,透天厝,住宅、停車空間,鋼筋混凝土構造,1060930,18.37,17,1,17,有,無,有,7000,381,,0.0,0,租金總額含水費；網路費；續租案件；,RPOOMLTKLHLGFID98CC,分租套房,無,1150320~1160320,無,冷氣、熱水器、洗衣機、電視機、冰箱、網路,一般代管
仁德區,租賃房屋,臺南市仁德區仁德一街５５號,0.0,,,,1150310,土地0建物1車位0,全,2,透天厝,住家用,鋼筋混凝土造,0690201,79.12,3,2,2,有,無,有,19500,246,,0.0,0,多人共同承租2；,RPQOMLTKLHLGFID56CC,整棟(戶)出租,無,1150310~1160309,無,冷氣、熱水器、洗衣機、冰箱,
仁德區,租賃房屋+車位,臺南市仁德區崇聖路一段１６號十一樓之６,0.0,,,,1150315,土地0建物1車位1,十一層,14,住宅大樓(11層含以上有電梯),集合住宅,鋼筋混凝土造,1131015,116.46000000000001,2,1,1,有,有,有,20075,172,坡道平面,32.27,0,管理費1925元由出租人負擔多人共同承租3；,RPROMLTKLHLGFID66CC,整棟(戶)出租,有,1150316~1160315,有,冷氣、熱水器、洗衣機、電視機、冰箱,
歸仁區,租賃房屋+車位,臺南市歸仁區高發二路３２０號六樓之６,0.0,,,,1150223,土地0建物1車位1,六層,15,住宅大樓(11層含以上有電梯),集合住宅,鋼筋混凝土造,1120808,140.6,3,2,2,有,有,有,25000,178,坡道平面,20.61,0,租金總額含管理費；其他公共基金；,RPSOMLTKLHLGFID76CC,整棟(戶)出租,有,1150309~1160308,有,冷氣、熱水器、洗衣機、電視機、冰箱、瓦斯或天然氣,
仁德區,租賃房屋+車位,臺南市仁德區文心路６８號９樓之２,0.0,,,,1150226,土地0建物1車位1,九層,24,住宅大樓(11層含以上有電梯),集合住宅,鋼筋混凝土構造,1100315,105.3,2,1,1,有,有,有,20000,190,坡道平面,17.45,0,租金總額含管理費；其他公共基金；,RPTOMLTKLHLGFID86CC,整棟(戶)出租,有,1150301~1160228,有,冷氣、熱水器、洗衣機、電視機、冰箱,
仁德區,租賃房屋,臺南市仁德區文心路６８號１６樓之１,0.0,,,,1150225,土地0建物1車位0,十六層,24,住宅大樓(11層含以上有電梯),集合住宅,鋼筋混凝土構造,1100315,137.57999999999998,3,2,2,有,有,有,21000,153,,0.0,0,租金總額含管理費；其他公共基金；未租賃車位，建物登記含有車位面積；,RPUOMLTKLHLGFID96CC,整棟(戶)出租,有,1150301~1160228,有,冷氣、熱水器、洗衣機、電視機、冰箱,
歸仁區,租賃房屋+車位,臺南市歸仁區歸仁十一路９６號三樓之２,0.0,,,,1150313,土地0建物1車位1,三層,14,住宅大樓(11層含以上有電梯),集合住宅,鋼筋混凝土造,1130624,105.62,2,1,1,有,有,無,15000,174,坡道平面,25.02,1000,參加國家住宅及都市更新中心辦理社會住宅包租代管增辦第四期計畫公會版續租案件；,RPVOMLTKLHLGFID07CC,整棟(戶)出租,有,1150415~1160414,有,冷氣、熱水器、洗衣機、冰箱、瓦斯或天然氣,社會住宅代管
永康區,租賃房屋,臺南市永康區大灣路７６４巷５６號３樓之８,0.0,,,,1150313,土地0建物1車位0,三層,6,華廈(10層含以下有電梯),辦公室,鋼筋混凝土造,0940708,25.91,1,0,1,有,有,有,6000,232,,0.0,0,含增建或未登記建物；續租案件；,RPPNMLTKLHLGFKD56CC,獨立套房,有,1150326~1160325,有,冷氣、熱水器、電視機、冰箱、網路,一般代管
永康區,租賃房屋,臺南市永康區大灣路７６４巷５６號６樓之１９,0.0,,,,1150307,土地0建物1車位0,六層,6,華廈(10層含以下有電梯),辦公室,鋼筋混凝土造,0940708,16.64,1,0,1,有,有,有,4000,240,,0.0,0,含增建或未登記建物；續租案件；,RPQNMLTKLHLGFKD66CC,獨立套房,有,1150307~1150906,有,冷氣、熱水器、電視機、冰箱、網路,一般代管
永康區,租賃房屋,臺南市永康區大灣路７６４巷５８號２樓之５,0.0,,,,1150313,土地0建物1車位0,二層,6,華廈(10層含以下有電梯),辦公室,鋼筋混凝土造,0940708,16.64,1,0,1,有,有,有,4000,240,,0.0,0,含增建或未登記建物；續租案件；,RPRNMLTKLHLGFKD76CC,獨立套房,有,1150319~1150918,有,冷氣、熱水器、電視機、冰箱、網路,一般代管
永康區,租賃房屋,臺南市永康區大灣路７６４巷５８號２樓之２１,0.0,,,,1150316,土地0建物1車位0,二層,6,華廈(10層含以下有電梯),辦公室,鋼筋混凝土造,0940708,23.689999999999998,1,0,1,有,有,有,5300,224,,0.0,0,含增建或未登記建物；,RPSNMLTKLHLGFKD86CC,獨立套房,有,1150326~1150925,有,冷氣、熱水器、電視機、冰箱、網路,一般代管
永康區,租賃房屋,臺南市永康區大灣路７６４巷５８號５樓之１１,0.0,,,,1150312,土地0建物1車位0,五層,6,華廈(10層含以下有電梯),辦公室,鋼筋混凝土造,0940708,16.73,1,0,1,有,有,有,4000,239,,0.0,0,含增建或未登記建物；,RPTNMLTKLHLGFKD96CC,獨立套房,有,1150314~1150913,有,冷氣、熱水器、電視機、冰箱、網路,一般代管
永康區,租賃房屋,臺南市永康區大灣路７６４巷５８號５樓之２１,0.0,,,,1150312,土地0建物1車位0,五層,6,華廈(10層含以下有電梯),辦公室,鋼筋混凝土造,0940708,23.689999999999998,1,0,1,有,有,有,5300,224,,0.0,0,含增建或未登記建物；,RPUNMLTKLHLGFKD07CC,獨立套房,有,1150401~1150930,有,冷氣、熱水器、電視機、冰箱、網路,一般代管
永康區,租賃房屋,臺南市永康區大灣路７６４巷５８號５樓之１７,0.0,,,,1150312,土地0建物1車位0,五層,6,華廈(10層含以下有電梯),辦公室,鋼筋混凝土造,0940708,23.21,1,0,1,有,有,有,5500,237,,0.0,0,含增建或未登記建物；續租案件；,RPVNMLTKLHLGFKD17CC,獨立套房,有,1150313~1160312,有,冷氣、熱水器、電視機、冰箱、網路,一般代管
永康區,租賃房屋,臺南市永康區正南五街５２０巷５５弄１號,0.0,,,,1150228,土地0建物0車位0,全,4,透天厝,住家用,鋼筋混凝土造,0991223,15.75,24,0,24,有,無,有,5500,349,,0.0,0,租賃建物部分範圍，且未計入共有部分面積；續租案件；,RPXNMLTKLHLGFKD37CC,分租套房,無,1150301~1160228,無,冷氣、熱水器、電視機、冰箱,一般代管
永康區,租賃房屋,臺南市永康區中山路１０巷６號二樓之１,0.0,,,,1150316,土地0建物1車位0,二層,12,住宅大樓(11層含以上有電梯),住家用,鋼筋混凝土造,0840827,96.36000000000001,3,1,2,有,有,無,18000,187,,0.0,0,,RPPOMLTKLHLGFKD66CC,整棟(戶)出租,有,1150320~1160319,有,冷氣、熱水器、洗衣機、冰箱、瓦斯或天然氣,
永康區,租賃房屋,臺南市永康區五王里中山東路１４８號二樓之１０,0.0,,,,1150312,土地0建物1車位0,二層,11,住宅大樓(11層含以上有電梯),住家用,鋼筋混凝土造,0900110,49.89,1,1,1,有,有,有,15000,301,,0.0,0,台南市不動產租賃公會民間住宅包租代管第4期計畫之物件。續租案件；,RPROMLTKLHLGFKD86CC,獨立套房,有,1150319~1160318,有,冷氣、熱水器、洗衣機、瓦斯或天然氣,社會住宅代管
永康區,租賃房屋,臺南市永康區南工街２６７巷４６號１１樓之２,0.0,,,,1150310,土地0建物1車位0,十一層,11,住宅大樓(11層含以上有電梯),住家用,鋼筋混凝土造,0860926,69.04,3,1,2,有,有,有,16000,232,,0.0,0,參加國家住宅及都市更新中心辦理社會住宅包租代管增辦第四期計畫公會版續租案件；,RPSOMLTKLHLGFKD96CC,整棟(戶)出租,有,1150415~1160414,有,冷氣、熱水器、洗衣機、冰箱、瓦斯或天然氣,社會住宅代管
永康區,租賃房屋+車位,臺南市永康區中正北路６１９號十一樓之３,0.0,,,,1150309,土地0建物1車位1,十一層,12,住宅大樓(11層含以上有電梯),住家用,鋼筋混凝土造,0850918,131.34,3,2,2,有,有,有,22000,168,升降機械,0.0,0,115年3月23日到115年3月31日已付給房東6387元整。租金總額含管理費；,RPTOMLTKLHLGFKD07CC,整棟(戶)出租,有,1150323~1160331,有,冷氣、熱水器、洗衣機、冰箱、瓦斯或天然氣,
永康區,租賃房屋+車位,臺南市永康區蔦松二街１１４之１號,0.0,,,,1150305,土地0建物1車位1,見其他登記事項,8,華廈(10層含以下有電梯),住商用,鋼筋混凝土造,0831001,124.28,3,2,3,有,有,無,17000,137,坡道機械,0.0,0,多人共同承租2；,RPUOMLTKLHLGFKD17CC,整棟(戶)出租,有,1150315~1160314,有,冷氣、熱水器、洗衣機,
永康區,租賃房屋,臺南市永康區自強路１８８巷４６弄２１號,0.0,,,,1150225,土地0建物1車位0,全,2,透天厝,住家用,加強磚造,0701231,96.3,3,2,2,有,無,有,18000,187,,0.0,0,參加公會版住宅包租代管五期計畫,RPVOMLTKLHLGFKD27CC,整棟(戶)出租,無,1150301~1180228,無,熱水器、瓦斯或天然氣,社會住宅包租轉租
永康區,租賃房屋,臺南市永康區復華六街７０號,73.86,住,,,1150211,土地1建物1車位0,見其他登記事項,2,店面(店鋪),住家用,鋼筋混凝土造,0741107,101.78,5,2,2,有,無,無,15000,147,,0.0,0,,RPXOMLTKLHLGFKD47CC,整棟(戶)出租,無,1150406~1170405,有,冷氣,一般包租
永康區,租賃房屋,臺南市永康區東橋七路１９９號３樓之８,0.0,,,,1150223,土地0建物1車位0,三層,16,住宅大樓(11層含以上有電梯),住家用,鋼筋混凝土構造,1061114,87.31,2,1,1,有,有,有,19000,218,,0.0,0,多人共同承租2；租金總額含管理費；其他公共基金；,RPOPMLTKLHLGFKD66CC,整棟(戶)出租,有,1150301~1170228,有,冷氣、熱水器、洗衣機、冰箱、瓦斯或天然氣,
永康區,租賃房屋,臺南市永康區復華七街３２巷４５號５樓之１,0.0,,,,1150315,土地0建物1車位0,五層,12,住宅大樓(11層含以上有電梯),集合住宅,鋼筋混凝土造,0831006,115.77000000000001,3,2,2,有,有,有,10000,86,,0.0,0,參加國家住宅及都市更新中心辦理社會住宅包租代管第四期計畫公會版門牌整編前地址:台南市永康區復國一路402號五樓之1親友、員工、共有人或其他特殊關係間之租賃；,RPQPMLTKLHLGFKD86CC,整棟(戶)出租,有,1150315~1150914,有,冷氣、熱水器、洗衣機、冰箱,社會住宅代管
永康區,租賃房屋,臺南市永康區新興街７８號六樓之１２,0.0,,,,1150311,土地0建物1車位0,六層,8,華廈(10層含以下有電梯),住家用,鋼筋混凝土造,0801022,20.82,1,0,1,有,有,無,4800,231,,0.0,0,,RPRPMLTKLHLGFKD96CC,獨立套房,有,1150315~1160314,有,冷氣、熱水器、洗衣機、電視機、冰箱,
永康區,租賃房屋,臺南市永康區中正路２５６巷１３號之４３,0.0,,,,1150319,土地0建物1車位0,十二層,16,住宅大樓(11層含以上有電梯),住家用,鋼筋混凝土造,0820824,101.42,3,2,2,有,有,有,18500,182,,0.0,0,台南市社會住宅包租代管 第四期計畫 公會版；水、電、瓦斯費由承租人負擔，管理費1100元不包含在租金由承租人負擔。續租案件；,RPUPMLTKLHLGFKD27CC,整棟(戶)出租,有,1150401~1160331,有,冷氣、熱水器、洗衣機、電視機、冰箱、瓦斯或天然氣,社會住宅代管
永康區,租賃房屋,臺南市永康區中華路９１２巷４５號四樓之３,0.0,,,,1150305,土地0建物1車位0,四層,7,華廈(10層含以下有電梯),住家用,鋼筋混凝土造,0830328,105.72,3,2,2,有,有,有,15000,142,,0.0,0,台南市社會住宅包租代管第5期計畫公會版租金依照租金水準區間表評定,RPVPMLTKLHLGFKD37CC,整棟(戶)出租,有,1150311~1180310,有,冷氣、熱水器、瓦斯或天然氣,社會住宅包租轉租
中西區,租賃房屋,臺南市中西區大同路一段４６巷７８號二樓之６,0.0,,,,1150317,土地0建物1車位0,二層,5,公寓(5樓含以下無電梯),住家用,鋼筋混凝土造,0790113,25.58,1,0,1,有,無,有,5000,195,,0.0,0,台南市不動產租賃公會民間住宅包租代管第5期計畫。,RPPNMLKLLHLGFAD37CC,獨立套房,無,1150320~1160319,無,冷氣、熱水器、洗衣機、電視機、冰箱,社會住宅包租轉租
安平區,租賃房屋,臺南市安平區國平路３８７號四樓之８,0.0,,,,1150317,土地0建物1車位0,四層,8,華廈(10層含以下有電梯),住家用,鋼筋混凝土造,0840401,133.02,3,2,2,有,有,有,13000,98,,0.0,0,台南市不動產租賃公會民間住宅包租代管第5期計畫。管理費2000元由出租人負擔。未租賃車位，建物登記含有車位面積；,RPQNMLKLLHLGFAD47CC,整棟(戶)出租,有,1150319~1160318,有,冷氣、熱水器、洗衣機、電視機、冰箱、瓦斯或天然氣,社會住宅代管
北區,租賃房屋,臺南市北區力行三街６巷２６號,0.0,,,,1150317,土地0建物0車位0,全,2,透天厝,住家用,加強磚造,0680703,19.92,6,0,6,有,無,有,7000,351,,0.0,0,力行三6-102房租金總額含水費；,RPRNMLKLLHLGFAD57CC,分租套房,無,1150301~1160131,無,冷氣、熱水器、電視機、冰箱、網路,一般轉租
北區,租賃房屋,臺南市北區北區大武街３０４之２號,0.0,,,,1150313,土地0建物0車位0,全,4,透天厝,住家用,鋼筋混凝土造,0730106,13.7,23,0,21,有,無,有,4500,328,,0.0,0,大武303房租金總額含水費；,RPSNMLKLLHLGFAD67CC,分租套房,無,1150301~1150401,無,冷氣、熱水器、冰箱,一般轉租
北區,租賃房屋,臺南市北區大武街３０４之２號,0.0,,,,1150319,土地0建物0車位0,全,4,透天厝,住家用,鋼筋混凝土造,0730106,13.7,23,0,21,有,無,有,4500,328,,0.0,0,大武304房租金總額含水費；,RPTNMLKLLHLGFAD77CC,分租套房,無,1150402~1160401,無,冷氣、熱水器、冰箱,一般轉租
北區,租賃房屋,臺南市北區大武街３０４之２號,0.0,,,,1150312,土地0建物0車位0,全,4,透天厝,住家用,鋼筋混凝土造,0730106,13.7,23,0,21,有,無,有,5000,365,,0.0,0,大武405房租金總額含水費；,RPUNMLKLLHLGFAD87CC,分租套房,無,1150301~1150401,無,冷氣、熱水器、冰箱,一般轉租
北區,租賃房屋,臺南市北區大武街３０４之２號,0.0,,,,1150319,土地0建物0車位0,四層,4,公寓(5樓含以下無電梯),住家用,鋼筋混凝土造,0730106,13.7,23,0,21,有,無,有,5000,365,,0.0,0,大武405房租金總額含水費；續租案件；,RPVNMLKLLHLGFAD97CC,分租套房,無,1150402~1160401,無,冷氣、熱水器、冰箱,一般轉租
北區,租賃房屋,臺南市北區實踐街１０３巷１９弄１０號,0.0,,,,1150320,土地0建物0車位0,全,3,透天厝,住家用,鋼筋混凝土構造,1040331,17.77,11,0,11,有,無,有,7500,422,,0.0,0,實踐303房租金總額含水費；,RPWNMLKLLHLGFAD08CC,分租套房,無,1150301~1150714,無,冷氣、熱水器、洗衣機、電視機、冰箱、網路,一般轉租
北區,租賃房屋,臺南市北區和緯路四段１１７巷３２號,0.0,,,,1150320,土地0建物0車位0,全,3,透天厝,住商用,鋼筋混凝土造,0700910,15.4,8,1,8,有,無,有,6500,422,,0.0,0,租金總額含水費；網路費；含增建或未登記建物；續租案件；,RPXNMLKLLHLGFAD18CC,分租套房,無,1150320~1160319,無,冷氣、熱水器、洗衣機、電視機、冰箱、網路,一般代管
北區,租賃房屋,臺南市北區力行三街５號,0.0,,,,1150320,土地0建物0車位0,全,4,透天厝,住宅、停車空間,鋼筋混凝土造,0970722,14.61,16,0,16,有,無,有,3500,240,,0.0,0,力行5-404房租金總額含水費；,RPOOMLKLLHLGFAD37CC,分租套房,無,1150301~1151210,無,冷氣、熱水器、電視機、冰箱、網路,一般轉租
中西區,租賃房屋,臺南市中西區法華街２７號四樓之６,0.0,,,,1150317,土地0建物1車位0,四層,5,公寓(5樓含以下無電梯),住家用,鋼筋混凝土造,0800607,20.38,1,0,1,有,無,有,4000,196,,0.0,0,台南市不動產租賃公會民間住宅包租代管第4期計畫。,RPPOMLKLLHLGFAD47CC,獨立套房,無,1150320~1160224,無,冷氣、熱水器、洗衣機、冰箱,社會住宅代管
安平區,租賃房屋+車位,臺南市安平區健康三街１６０號１４樓之２,0.0,,,,1150312,土地0建物1車位1,十四層,14,住宅大樓(11層含以上有電梯),集合住宅,ＲＣ造,0950822,161.38,3,2,2,有,有,有,24000,149,坡道平面,0.0,1000,參加國家住宅及都市更新中心辦理社會住宅包租代管第五期計畫中央版多人共同承租3；,RPQOMLKLLHLGFAD57CC,整棟(戶)出租,有,1150312~1160311,有,冷氣、熱水器、洗衣機、電視機、冰箱,社會住宅代管
中西區,租賃房屋,臺南市中西區忠明街３３號二樓之５,0.0,,,,1150317,土地0建物1車位0,二層,7,華廈(10層含以下有電梯),商業用,鋼筋混凝土造,0800906,28.7,1,0,1,有,有,有,7000,244,,0.0,0,租金總額含管理費；,RPROMLKLLHLGFAD67CC,獨立套房,無,1150321~1160320,有,冷氣、熱水器、洗衣機、電視機、冰箱,
安平區,租賃房屋,臺南市安平區國平北路１２３號三樓之６,0.0,,,,1150316,土地0建物1車位0,三層,18,住宅大樓(11層含以上有電梯),集合住宅,鋼筋混凝土構造,1100503,84.52,2,1,1,有,有,有,18200,215,,0.0,0,台南市不動產租賃公會民間住宅包租代管第5期計畫之物件。管理費1800元由出租人負擔。續租案件；,RPSOMLKLLHLGFAD77CC,整棟(戶)出租,有,1150321~1160320,有,冷氣、熱水器、洗衣機、電視機、冰箱,社會住宅代管
中西區,租賃房屋,臺南市中西區衛民街１１９之１號二樓A室,0.0,,,,1150311,土地0建物0車位0,全,3,透天厝,店鋪、住宅,鋼筋混凝土構造,1090721,16.94,5,1,5,有,無,有,8000,472,,0.0,0,租金總額含水費；網路費；,RPTOMLKLLHLGFAD87CC,分租套房,無,1150401~1160331,無,冷氣、熱水器、洗衣機、電視機、冰箱、網路,
安平區,租賃房屋,臺南市安平區慶平路２００號十二樓之６,0.0,,,,1150311,土地0建物1車位0,十二層,13,住宅大樓(11層含以上有電梯),住家用,鋼筋混凝土造,0841024,34.61,1,1,1,有,有,有,9500,274,,0.0,0,參加國家住宅及都市更新中心辦理社會住宅包租代管增辦第四期計畫公會版租金總額含管理費；續租案件；,RPVOMLKLLHLGFAD08CC,獨立套房,有,1150410~1160409,有,冷氣、熱水器、洗衣機、電視機、冰箱,社會住宅代管
中西區,租賃房屋,臺南市中西區民生路一段１６７號７樓之２,0.0,,,,1150318,土地0建物0車位0,七層,10,華廈(10層含以下有電梯),住家用,鋼筋混凝土造,0740320,56.82,3,0,3,有,有,有,12500,220,,0.0,0,多人共同承租2；租金總額含管理費；水費；,RPWOMLKLLHLGFAD18CC,分租套房,有,1150319~1160318,有,冷氣、熱水器、洗衣機、冰箱,
中西區,租賃房屋,臺南市中西區國華街二段４０號,0.0,,,,1150320,土地0建物1車位0,見其他登記事項,5,公寓(5樓含以下無電梯),住商用,鋼筋混凝土造,0740823,138.94,2,2,2,有,有,無,26000,187,,0.0,0,1F牆壁有壁癌屋主在115年5月1日前處理完成後交付給承租方.1.自115年3月20日~至115年4月30日止為裝潢期屋主同意免租金.2.於115年4月15日前雙方須辦理公證.,RPXOMLKLLHLGFAD28CC,,無,1150501~1180430,無,冷氣、熱水器,
北區,租賃房屋,臺南市北區成功路５０號七樓之３,0.0,,,,1150318,土地0建物1車位0,七層,12,住宅大樓(11層含以上有電梯),商業用,鋼筋混凝土造,0710908,80.17,2,1,1,有,有,無,15293,191,,0.0,0,租金16500元含管理費1207元。若日後管理費調漲大於1207元，乙方須補足價差。,RPPPMLKLLHLGFAD57CC,整棟(戶)出租,有,1150323~1180322,有,冷氣、熱水器,
安平區,租賃房屋+車位,臺南市安平區國平北路１４７號二樓之９,0.0,,,,1150227,土地0建物1車位1,二層,34,住宅大樓(11層含以上有電梯),集合住宅,鋼骨鋼筋混凝土造、鋼筋混凝土造,1140415,109.08,2,2,1,有,有,有,23500,215,坡道平面,27.92,0,租金總額含管理費；,RPQPMLKLLHLGFAD67CC,整棟(戶)出租,有,1150227~1160226,有,冷氣、熱水器、洗衣機、電視機、冰箱,
北區,租賃房屋,臺南市北區長榮路五段９１號二樓,0.0,,,,1150223,土地0建物1車位0,二層,4,公寓(5樓含以下無電梯),,鋼筋混凝土造,0680319,96.77000000000001,3,2,2,有,無,有,15000,155,,0.0,0,參加臺南市社會住宅包租代管第4期計畫續租案件；,RPRPMLKLLHLGFAD77CC,整棟(戶)出租,無,1150301~1160228,無,冷氣、熱水器、洗衣機、冰箱,社會住宅代管
安南區,租賃房屋,臺南市安南區公學路五段３６３巷３６弄１８號,0.0,,,,1150317,土地0建物1車位0,全,3,透天厝,住家用,鋼筋混凝土造,1090728,142.13,4,2,3,有,無,有,19900,140,,0.0,0,台南市不動產租賃公會民間住宅包租代管第5期計畫。,RPPNMLKLLHLGFBD47CC,整棟(戶)出租,無,1150317~1160316,無,冷氣、熱水器、洗衣機、電視機、冰箱、瓦斯或天然氣,社會住宅包租轉租
安南區,租賃房屋,臺南市安南區安和路一段３４０巷２６號,0.0,,,,1150318,土地0建物1車位0,全,3,透天厝,住家用,鋼筋混凝土造,1110114,154.99,5,1,3,有,無,無,26000,168,,0.0,0,台南市政府包租代管第4期計畫之物件。多人共同承租2；續租案件；,RPQNMLKLLHLGFBD57CC,整棟(戶)出租,無,1150325~1160324,無,冷氣、熱水器、洗衣機、冰箱、瓦斯或天然氣,社會住宅代管
東區,租賃房屋,臺南市東區崇善十五街３３巷５６號六樓之１５,0.0,,,,1150317,土地0建物1車位0,六層,7,華廈(10層含以下有電梯),住家用,鋼筋混凝土造,0830108,70.21,2,1,1,有,有,有,9000,128,,0.0,0,此為台南市社會住宅包租代管第4期計畫。,RPPNMLKLLHLGFCD57CC,整棟(戶)出租,有,1150317~1160129,有,冷氣、熱水器、洗衣機、冰箱、瓦斯或天然氣,社會住宅包租轉租
南區,租賃房屋,臺南市南區西門路一段２８６號十四樓之２,0.0,,,,1150317,土地0建物1車位0,十四層,15,住宅大樓(11層含以上有電梯),集合住宅,鋼筋混凝土構造,1091123,92.16,2,1,1,有,有,無,15500,168,,0.0,0,此為台南市社會住宅包租代管第4期計畫。,RPQNMLKLLHLGFCD67CC,整棟(戶)出租,有,1150320~1160319,有,冷氣、熱水器、瓦斯或天然氣,社會住宅包租轉租
東區,租賃房屋,臺南市東區東光路二段１４巷６號四樓,0.0,,,,1150317,土地0建物0車位0,四層,4,公寓(5樓含以下無電梯),住家用,鋼筋混凝土造,0700624,28.1,3,1,3,有,無,有,12000,427,,0.0,0,租金總額含水費；網路費；含增建或未登記建物；租賃建物部分範圍，且未計入共有部分面積；,RPRNMLKLLHLGFCD77CC,分租套房,無,1150317~1160320,無,冷氣、熱水器、洗衣機、電視機、冰箱、網路,一般代管
東區,租賃房屋,臺南市東區崇明２４街８０號３樓之４２,0.0,,,,1150304,土地0建物1車位0,三層,6,華廈(10層含以下有電梯),集合住宅,鋼筋混凝土構造,1110601,37.94,1,0,1,有,有,有,12500,329,,0.0,0,管理費:1200元水費:250元,RPSNMLKLLHLGFCD87CC,獨立套房,有,1150301~1151031,有,冷氣、熱水器、洗衣機、電視機、冰箱、網路,一般轉租
東區,租賃房屋,臺南市東區崇明２４街８０號３樓之１３,0.0,,,,1150305,土地0建物1車位0,三層,6,華廈(10層含以下有電梯),集合住宅,鋼筋混凝土構造,1110601,44.519999999999996,1,0,1,有,有,有,14300,321,,0.0,0,管理費:1200元水費:250元,RPTNMLKLLHLGFCD97CC,獨立套房,有,1150310~1160309,有,冷氣、熱水器、洗衣機、電視機、冰箱、網路,一般轉租
東區,租賃房屋,臺南市東區崇德三十一街４５號,0.0,,,,1150318,土地0建物0車位0,全,2,透天厝,住家用,加強磚造,0621227,24.06,6,0,6,有,無,有,7000,291,,0.0,0,含增建或未登記建物；續租案件；,RPUNMLKLLHLGFCD08CC,分租套房,無,1150420~1160419,無,冷氣、熱水器、電視機、冰箱,一般代管
南區,租賃房屋,臺南市南區府緯街１２１號,0.0,,,,1150318,土地0建物1車位0,全,4,透天厝,住商用,鋼筋混凝土造,0731017,118.42,4,1,4,有,無,無,14000,118,,0.0,0,民國115年3月20日至115年4月19日止為裝修期免租金。租賃面積：二層52.76㎡+三層52.76㎡+陽台12.9㎡=118.42㎡,RPWNMLKLLHLGFCD28CC,分層出租,無,1150320~1200419,無,冷氣,
東區,租賃房屋,臺南市東區中華東路二段１６９號六樓之１７,0.0,,,,1150320,土地0建物1車位0,六層,14,住宅大樓(11層含以上有電梯),住家用,鋼筋混凝土造,0970229,45.46,1,1,1,有,有,有,12000,264,,0.0,0,租金總額含管理費；,RPXNMLKLLHLGFCD38CC,獨立套房,有,1150401~1160331,有,冷氣、熱水器、洗衣機、冰箱,
南區,租賃房屋+車位,臺南市南區水交社路８０巷２８號４樓,0.0,,,,1150312,土地0建物1車位1,四層,7,華廈(10層含以下有電梯),集合住宅,鋼筋混凝土造,1031016,127.4,2,2,2,有,有,有,23000,224,坡道平面,29.16,1000,參加國家住宅及都市更新中心辦理社會住宅包租代管增辦第四期計畫公會版租金總額含管理費；續租案件；,RPOOMLKLLHLGFCD57CC,整棟(戶)出租,有,1150401~1160331,有,冷氣、熱水器、洗衣機、冰箱、瓦斯或天然氣,社會住宅代管
東區,租賃房屋,臺南市東區中華東路二段７３巷１３號,0.0,,,,1150301,土地0建物1車位0,見其他登記事項,6,華廈(10層含以下有電梯),住商用,鋼筋混凝土造,0790821,171.41000000000003,2,2,2,有,有,有,33000,193,,0.0,0,租金總額含管理費；續租案件；,RPPOMLKLLHLGFCD67CC,,有,1150301~1180228,有,冷氣、熱水器、電視機、冰箱,
東區,租賃房屋,臺南市東區崇德三十二街４５號五樓,0.0,,,,1150312,土地0建物1車位0,五層,5,公寓(5樓含以下無電梯),住家用,鋼筋混凝土造,0700110,62.95,2,2,1,有,無,有,6500,103,,0.0,0,參加國家住宅及都市更新中心辦理社會住宅包租代管增辦第四期計畫公會版續租案件；,RPQOMLKLLHLGFCD77CC,整棟(戶)出租,無,1150401~1160331,無,冷氣、熱水器、洗衣機、電視機、冰箱、瓦斯或天然氣,社會住宅代管
東區,租賃房屋,臺南市東區長東街１０３巷３３弄１９號,0.0,,,,1150303,土地0建物1車位0,全,2,透天厝,住家用,加強磚造,0580830,81.5,2,2,2,有,無,無,15000,184,,0.0,0,多人共同承租2；,RPROMLKLLHLGFCD87CC,整棟(戶)出租,無,1150310~1160309,無,冷氣、熱水器,
東區,租賃房屋,臺南市東區文東街２２號,0.0,,,,1150308,土地0建物1車位0,全,2,透天厝,住家用,鋼筋混凝土造,0790226,116.36,4,2,3,有,無,有,25000,215,,0.0,0,多人共同承租2；,RPSOMLKLLHLGFCD97CC,整棟(戶)出租,無,1150401~1160331,無,冷氣、熱水器、洗衣機,
東區,租賃房屋,臺南市東區東門路一段９６號４樓之１,0.0,,,,1150306,土地0建物1車位0,四層,4,公寓(5樓含以下無電梯),住家用,鋼筋混凝土造,0701229,69.9,2,1,1,有,有,有,10000,143,,0.0,0,,RPTOMLKLLHLGFCD08CC,整棟(戶)出租,無,1150306~1160305,無,冷氣、熱水器,
東區,租賃房屋+車位,臺南市東區建東街５４巷３１號五樓之１,0.0,,,,1150316,土地0建物1車位1,五層,7,華廈(10層含以下有電梯),住家用,鋼筋混凝土造,0830707,99.36999999999999,3,2,2,有,有,有,20000,201,坡道機械,0.0,2000,參加國家住宅及都市更新中心辦理社會住宅包租代管增辦第四期計畫公會版租金總額含管理費；續租案件；,RPUOMLKLLHLGFCD18CC,整棟(戶)出租,有,1150501~1170430,有,冷氣、熱水器、洗衣機、冰箱、瓦斯或天然氣,社會住宅包租轉租
南區,租賃房屋,臺南市南區中華南路一段１６３號,49.52,住,,,1150301,土地1建物1車位0,全,2,透天厝,住商用,加強磚造,0650419,92.35,2,2,1,有,無,無,23000,249,,0.0,0,,RPVOMLKLLHLGFCD28CC,整棟(戶)出租,無,1150301~1200228,無,熱水器,
七股區,租賃房屋,臺南市七股區樹林里９６之３０號,0.0,,,,1150224,土地0建物1車位0,全,3,透天厝,住家用,鋼筋混凝土造,0840510,135.07,4,2,3,有,無,有,18000,133,,0.0,0,參加臺南市社會住宅包租代管第4期計畫,RPPNMLKLLHLGFGD97CC,整棟(戶)出租,無,1150301~1160228,無,冷氣、熱水器、洗衣機、冰箱,社會住宅代管
新市區,租賃房屋,臺南市新市區社內１４７號二樓之１,0.0,,,,1150317,土地0建物1車位0,二層,5,華廈(10層含以下有電梯),集合住宅,鋼筋混凝土造,1060105,82.84,2,1,2,有,有,有,17000,205,,0.0,0,台南市不動產租賃公會民間住宅包租代管第5期計畫。,RPPNMLKLLHLGFHD08CC,整棟(戶)出租,有,1150318~1160317,有,冷氣、熱水器、洗衣機、電視機、冰箱,社會住宅代管
善化區,租賃房屋,臺南市善化區坐駕２０之１０號五樓之６,0.0,,,,1150313,土地0建物1車位0,五層,7,華廈(10層含以下有電梯),集合住宅,鋼筋混凝土造,1140715,95.83,3,1,2,有,有,有,16000,167,,0.0,0,此為國家住宅及都市更新中心社會住宅包租代管第5期計畫。,RPQNMLKLLHLGFHD18CC,整棟(戶)出租,有,1150318~1160317,有,冷氣、熱水器、洗衣機、冰箱,社會住宅代管
安定區,租賃房屋+車位,臺南市安定區許中營９２之８號３樓之１１,0.0,,,,1150318,土地0建物1車位1,三層,7,華廈(10層含以下有電梯),集合住宅,鋼筋混凝土造,1131011,125.4,3,2,2,有,有,無,18000,144,坡道平面,18.7,0,租金總額含管理費；,RPRNMLKLLHLGFHD28CC,整棟(戶)出租,有,1150320~1160319,有,冷氣、熱水器,
善化區,租賃房屋,臺南市善化區光華路８２號四樓之１,0.0,,,,1150223,土地0建物1車位0,四層,6,華廈(10層含以下有電梯),集合住宅,鋼筋混凝土造,1140211,106.2,3,2,2,有,有,有,23000,217,,0.0,0,租金總額含管理費；網路費；未租賃車位，建物登記含有車位面積；,RPSNMLKLLHLGFHD38CC,整棟(戶)出租,無,1150301~1160228,有,冷氣、熱水器、洗衣機、電視機、冰箱、有線電視、網路,
善化區,租賃房屋,臺南市善化區牛庄５５０-３號,0.0,,,,1150320,土地0建物0車位0,全,4,透天厝,住家用,鋼筋混凝土造,1041015,23.14,7,0,7,有,無,有,6500,281,,0.0,0,,RPTNMLKLLHLGFHD48CC,分租套房,無,1150413~1151012,無,冷氣、熱水器、洗衣機、電視機、冰箱、有線電視、網路,一般代管
新市區,租賃房屋,臺南市新市區大營１２６之４３號,0.0,,,,1150319,土地0建物0車位0,全,4,透天厝,住家用,鋼筋混凝土造,1021111,19.44,20,1,20,有,無,有,6500,334,,0.0,0,租金總額含水費；網路費；,RPUNMLKLLHLGFHD58CC,分租套房,無,1150319~1160319,無,冷氣、熱水器、洗衣機、電視機、冰箱、網路,一般代管
新市區,租賃房屋,臺南市新市區大順六路２１９號三樓之３,0.0,,,,1150312,土地0建物1車位0,三層,7,華廈(10層含以下有電梯),集合住宅,鋼筋混凝土造,1140909,84.75,2,1,2,有,有,有,19990,236,,0.0,0,,RPVNMLKLLHLGFHD68CC,整棟(戶)出租,有,1150312~1160311,有,冷氣、熱水器、洗衣機、電視機、冰箱,一般代管
歸仁區,租賃房屋,臺南市歸仁區歸仁十一路９８號二樓之２,0.0,,,,1150313,土地0建物1車位0,二層,14,住宅大樓(11層含以上有電梯),集合住宅,鋼筋混凝土造,1130624,79.5,2,1,1,有,有,有,13721,173,,0.0,0,此為國家住宅及都市更新中心社會住宅包租代管第5期計畫。管理費2279元由出租人負擔多人共同承租2；,RPPNMLKLLHLGFID18CC,整棟(戶)出租,有,1150316~1160315,有,冷氣、熱水器、洗衣機、電視機、冰箱、瓦斯或天然氣,社會住宅代管
歸仁區,租賃房屋+車位,臺南市歸仁區歸仁七路２１８號六樓之７,0.0,,,,1150318,土地0建物1車位1,六層,15,住宅大樓(11層含以上有電梯),集合住宅,鋼筋混凝土造,1121208,153.01999999999998,3,2,2,有,有,有,14282,93,坡道平面,25.79,0,此為國家住宅及都市更新中心社會住宅包租代管第5期計畫。管理費2718元由出租人負擔,RPQNMLKLLHLGFID28CC,整棟(戶)出租,有,1150323~1160322,有,冷氣、熱水器、洗衣機、冰箱、瓦斯或天然氣,社會住宅包租轉租
仁德區,租賃房屋,臺南市仁德區正義二街８８號四樓之１,0.0,,,,1150313,土地0建物1車位0,四層,5,華廈(10層含以下有電梯),住家用,鋼筋混凝土造,0810612,76.32,3,1,1,有,有,有,11000,144,,0.0,0,此為國家住宅及都市更新中心社會住宅包租代管第5期計畫。,RPSNMLKLLHLGFID48CC,整棟(戶)出租,有,1150316~1160315,有,熱水器、瓦斯或天然氣,社會住宅包租轉租
仁德區,租賃房屋,臺南市仁德區中正路二段８４５號,0.0,,,,1150224,土地0建物0車位0,全,4,透天厝,住宅、停車空間,鋼筋混凝土構造,1060725,25.0,9,2,10,有,無,有,10000,400,,0.0,0,租金總額含水費；網路費；續租案件；,RPTNMLKLLHLGFID58CC,分租套房,無,1150225~1150824,有,冷氣、熱水器、電視機、冰箱、網路,
仁德區,租賃房屋,臺南市仁德區中正路二段８４５號,0.0,,,,1150228,土地0建物0車位0,全,4,透天厝,住宅、停車空間,鋼筋混凝土構造,1060725,20.0,9,2,10,有,無,有,8500,425,,0.0,0,租金總額含水費；網路費；續租案件；,RPUNMLKLLHLGFID68CC,分租套房,無,1150301~1150831,有,冷氣、熱水器、電視機、冰箱、網路,
仁德區,租賃房屋,臺南市仁德區中正路一段２５１巷２５弄３１號,0.0,,,,1150318,土地0建物0車位0,全,5,透天厝,住宅、停車空間,鋼筋混凝土構造,1060930,18.22,17,1,17,有,無,有,6800,373,,0.0,0,多人共同承租2；租金總額含水費；網路費；,RPWNMLKLLHLGFID88CC,分租套房,無,1150324~1160325,有,冷氣、熱水器、洗衣機、電視機、冰箱、網路,一般代管
歸仁區,租賃房屋+車位,臺南市歸仁區高發二路３１６號６樓之６,0.0,,,,1150228,土地0建物1車位1,六層,15,住宅大樓(11層含以上有電梯),集合住宅,鋼筋混凝土造,1120808,110.75,2,2,2,有,有,有,20000,181,坡道平面,20.61,0,多人共同承租2；租金總額含管理費；其他公共基金；,RPXNMLKLLHLGFID98CC,整棟(戶)出租,有,1150301~1160228,有,冷氣、熱水器、洗衣機、電視機、冰箱、瓦斯或天然氣,
仁德區,租賃房屋,臺南市仁德區中正西路３６０巷２０弄４１號二樓之２３,0.0,,,,1150312,土地0建物1車位0,二層,4,華廈(10層含以下有電梯),辦公室,鋼筋混凝土造,0960920,14.149999999999999,1,1,1,有,有,有,4500,318,,0.0,0,參加國家住宅及都市更新中心辦理社會住宅包租代管第五期計畫中央版,RPPOMLKLLHLGFID28CC,獨立套房,有,1150315~1160314,有,冷氣、熱水器、冰箱,社會住宅代管
永康區,租賃房屋,臺南市永康區中正南路３４４巷１１弄８號,0.0,,,,1150310,土地0建物1車位0,見其他登記事項,2,廠辦,工業用,鋼造,0780404,314.2,3,1,3,有,無,無,51200,163,,0.0,0,,RPPNMLKLLHLGFKD38CC,,無,1150401~1180331,無,,
永康區,租賃房屋+車位,臺南市永康區忠孝一路６９號十四樓之１,0.0,,,,1150228,土地0建物1車位1,十四層,14,住宅大樓(11層含以上有電梯),集合住宅,鋼筋混凝土造,1130112,153.3,3,2,2,有,有,有,26000,170,坡道平面,24.87,0,,RPSNMLKLLHLGFKD68CC,整棟(戶)出租,有,1150305~1160304,有,冷氣、熱水器、洗衣機、電視機、冰箱、瓦斯或天然氣、有線電視,
永康區,租賃房屋,臺南市永康區忠孝路７６巷４７弄７號五樓,0.0,,,,1150311,土地0建物1車位0,五層,5,公寓(5樓含以下無電梯),集合住宅,鋼筋混凝土造,0720224,94.08999999999999,3,2,2,有,無,有,15000,159,,0.0,0,參加國家住宅及都市更新中心辦理社會住宅包租代管第五期計畫中央版多人共同承租2；,RPVNMLKLLHLGFKD98CC,整棟(戶)出租,無,1150401~1160331,無,冷氣、熱水器、洗衣機、冰箱、瓦斯或天然氣,社會住宅包租轉租
永康區,租賃房屋,臺南市永康區忠孝一路１２號,0.0,,,,1150221,土地0建物0車位0,全,4,透天厝,住宅，店舖，停車空間,鋼筋混凝土構造,1070212,29.75,6,0,6,有,無,有,11000,370,,0.0,0,,RPXNMLKLLHLGFKD56CC,分租套房,無,1150301~1151231,無,冷氣、熱水器、洗衣機、電視機、冰箱、有線電視、網路,
永康區,租賃房屋+車位,臺南市永康區東橋七路３６７號１１樓之７,0.0,,,,1150226,土地0建物1車位1,十一層,18,住宅大樓(11層含以上有電梯),住家用,鋼筋混凝土構造,1071214,106.25999999999999,2,2,1,有,有,有,24000,226,坡道平面,17.01,0,多人共同承租2；租金總額含管理費；其他公共基金；,RPOOMLKLLHLGFKD38CC,整棟(戶)出租,有,1150305~1160304,有,冷氣、熱水器、洗衣機、電視機、冰箱、瓦斯或天然氣、有線電視,
永康區,租賃房屋+車位,臺南市永康區復國路８７巷２１號２樓之３,0.0,,,,1150301,土地0建物1車位1,二層,9,華廈(10層含以下有電梯),住家用,鋼筋混凝土構造,1070305,127.57,2,1,1,有,有,無,20000,157,坡道平面,40.45,0,租金總額含管理費；其他公共基金；,RPPOMLKLLHLGFKD48CC,整棟(戶)出租,有,1150301~1160228,有,冷氣、熱水器、瓦斯或天然氣,
永康區,租賃房屋,臺南市永康區忠孝一路８３號七樓之１,0.0,,,,1150318,土地0建物1車位0,七層,15,住宅大樓(11層含以上有電梯),集合住宅,鋼筋混凝土造,1120920,91.31,2,1,2,有,有,有,17500,192,,0.0,0,台南市政府包租代管第4期計畫之物件。,RPSOMLKLLHLGFKD78CC,整棟(戶)出租,有,1150320~1160312,有,冷氣、熱水器、洗衣機、冰箱、瓦斯或天然氣,社會住宅包租轉租
永康區,租賃房屋,臺南市永康區小東路５０９號４樓之１０,0.0,,,,1150318,土地0建物1車位0,四層,13,住宅大樓(11層含以上有電梯),住家用,鋼筋混凝土造,0851122,44.339999999999996,1,1,1,有,有,有,10490,237,,0.0,0,租金已扣除每月管理費1010元,RPTOMLKLLHLGFKD88CC,獨立套房,有,1150401~1160331,有,冷氣、熱水器、洗衣機、電視機、冰箱,
永康區,租賃房屋,臺南市永康區復華里復國一路４７５巷２８號二樓之１５,0.0,,,,1150313,土地0建物1車位0,二層,5,華廈(10層含以下有電梯),住家用,鋼筋混凝土構造,1070402,13.61,1,0,1,有,有,有,4350,320,,0.0,0,含增建或未登記建物；,RPUOMLKLLHLGFKD98CC,獨立套房,有,1150401~1160331,有,冷氣、熱水器、電視機、冰箱、網路,一般代管
永康區,租賃房屋,臺南市永康區復華里復國一路４７５巷２８號二樓之１８,0.0,,,,1150313,土地0建物1車位0,二層,5,華廈(10層含以下有電梯),住家用,鋼筋混凝土構造,1070402,13.61,1,0,1,有,有,有,4350,320,,0.0,0,含增建或未登記建物；續租案件；,RPVOMLKLLHLGFKD09CC,獨立套房,有,1150412~1151011,有,冷氣、熱水器、電視機、冰箱、網路,一般代管
永康區,租賃房屋,臺南市永康區中正七街１９號四樓之３,0.0,,,,1150228,土地0建物1車位0,四層,8,華廈(10層含以下有電梯),住家用,鋼筋混凝土造,0840417,120.96000000000001,3,2,4,有,有,有,18000,149,,0.0,0,台南市社會住宅包租代管第五期計畫公會版，租金依照租金水準區間表評定,RPXOMLKLLHLGFKD66CC,整棟(戶)出租,有,1150401~1180331,有,冷氣、熱水器、洗衣機、電視機、冰箱、瓦斯或天然氣,社會住宅包租轉租
永康區,租賃房屋,臺南市永康區鹽行路６９巷７號,0.0,,,,1150309,土地0建物0車位0,全,4,透天厝,住宅，停車空間,鋼筋混凝土構造,1020821,21.49,11,0,11,有,無,有,7500,349,,0.0,0,多人共同承租2；租金總額含網路費；,RPOPMLKLLHLGFKD48CC,分租套房,無,1150314~1160313,無,冷氣、熱水器、洗衣機、電視機、冰箱、有線電視、網路,一般代管
永康區,租賃房屋,臺南市永康區鹽行路１００巷４０弄２３號,0.0,,,,1150223,土地0建物1車位0,全,3,透天厝,住商用,鋼筋混凝土造,0831209,186.35,6,1,5,有,無,有,18000,97,,0.0,0,參加臺南市社會住宅包租代管第4期計畫續租案件；,RPPPMLKLLHLGFKD58CC,整棟(戶)出租,無,1150301~1160228,無,冷氣、熱水器、洗衣機、電視機、冰箱,社會住宅代管
永康區,租賃房屋,臺南市永康區鹽行路６９巷７號,0.0,,,,1150317,土地0建物0車位0,全,4,透天厝,住宅，停車空間,鋼筋混凝土構造,1020821,21.49,11,0,11,有,無,有,6800,316,,0.0,0,多人共同承租2；租金總額含網路費；續租案件；,RPQPMLKLLHLGFKD68CC,分租套房,無,1150411~1160410,無,冷氣、熱水器、洗衣機、電視機、冰箱、有線電視、網路,一般代管
永康區,租賃房屋,臺南市永康區鹽行路６９巷６號,0.0,,,,1150319,土地0建物0車位0,全,4,透天厝,住宅，停車空間,鋼筋混凝土構造,1020821,19.83,11,0,11,有,無,有,6500,328,,0.0,0,租金總額含網路費；續租案件；,RPRPMLKLLHLGFKD78CC,分租套房,無,1150405~1150704,無,冷氣、熱水器、洗衣機、電視機、冰箱、有線電視、網路,一般代管
永康區,租賃房屋,臺南市永康區鹽行路６９巷６號,0.0,,,,1150319,土地0建物0車位0,全,4,透天厝,住宅，停車空間,鋼筋混凝土構造,1020821,11.57,11,0,11,有,無,有,4500,389,,0.0,0,租金總額含網路費；續租案件；,RPSPMLKLLHLGFKD88CC,分租套房,無,1150405~1150704,無,冷氣、熱水器、電視機、冰箱、有線電視、網路,一般代管
永康區,租賃房屋,臺南市永康區鹽行路６９巷７號,0.0,,,,1150319,土地0建物0車位0,全,4,透天厝,住宅，停車空間,鋼筋混凝土構造,1020821,19.83,11,0,11,有,無,有,6500,328,,0.0,0,多人共同承租2；租金總額含網路費；續租案件；,RPTPMLKLLHLGFKD98CC,分租套房,無,1150414~1160413,無,冷氣、熱水器、洗衣機、電視機、冰箱、有線電視、網路,一般代管
永康區,租賃房屋,臺南市永康區鹽行路１００巷１８號,0.0,,,,1150317,土地0建物0車位0,全,4,透天厝,住家用,鋼筋混凝土構造,1030715,13.22,8,0,8,有,無,有,6000,454,,0.0,0,租金總額含網路費；,RPUPMLKLLHLGFKD09CC,分租套房,無,1150322~1160321,無,冷氣、熱水器、洗衣機、電視機、冰箱、有線電視、網路,一般代管
永康區,租賃房屋,臺南市永康區鹽行路６９巷５號,0.0,,,,1150318,土地0建物0車位0,全,4,透天厝,住宅，停車空間,鋼筋混凝土構造,1020821,21.49,11,0,11,有,無,有,6500,302,,0.0,0,租金總額含網路費；續租案件；,RPVPMLKLLHLGFKD56CC,分租套房,無,1150416~1160415,無,冷氣、熱水器、洗衣機、電視機、冰箱、有線電視、網路,一般代管
永康區,租賃房屋,臺南市永康區建國里復興路１巷５弄７號,0.0,,,,1150316,土地0建物0車位0,全,4,透天厝,停車空間，住宅,鋼筋混凝土造,0921226,14.0,8,0,8,有,無,有,4000,286,,0.0,0,建物登記簿謄本所載全棟建物面積為175.71平方公尺， 僅租賃部分範圍,RPWPMLKLLHLGFKD66CC,分租套房,無,1150318~1160317,無,冷氣、熱水器,一般代管
安平區,租賃房屋+車位,臺南市安平區國平北路１３７號２２樓之３,0.0,,,,1150318,土地0建物1車位1,二十二層,34,住宅大樓(11層含以上有電梯),集合住宅,鋼骨鋼筋混凝土造、鋼筋混凝土造,1140415,105.65,2,1,2,有,有,無,16500,156,坡道平面,27.92,0,管理費1500元由出租人負擔。,RPPNMLLLLHLGFAD47CC,整棟(戶)出租,有,1150326~1160325,有,冷氣、熱水器,
東區,租賃房屋,臺南市東區大同路二段７４５號,0.0,,,,1150318,土地0建物1車位0,全,2,透天厝,住家用,加強磚造,0630826,122.78,4,2,2,有,無,無,28000,228,,0.0,0,含增建或未登記建物；,RPPNMLLLLHLGFCD67CC,整棟(戶)出租,無,1150401~1160331,無,,
仁德區,租賃房屋,臺南市仁德區保學路１１０號,0.0,,,,1150317,土地0建物0車位0,全,3,透天厝,住家用,鋼筋混凝土造,0960420,26.44,6,1,6,有,無,有,8200,310,,0.0,0,多人共同承租2；租金總額含水費；網路費；,RPPNMLLLLHLGFID28CC,分租套房,無,1150320~1160319,無,冷氣、熱水器、洗衣機、冰箱、網路,一般轉租
歸仁區,租賃房屋,臺南市歸仁區中正南路２段２７５巷３６號,0.0,,,,1150223,土地0建物0車位0,全,4,透天厝,住家用,鋼骨造,0910808,16.52,20,0,20,有,無,無,4500,272,,0.0,0,租金總額含網路費；,RPQNMLLLLHLGFID38CC,分租套房,無,1150301~1150831,無,冷氣、熱水器、冰箱、網路,一般轉租
歸仁區,租賃房屋,臺南市歸仁區中正南路３段９５巷３０弄２９號,0.0,,,,1150221,土地0建物0車位0,四層,5,華廈(10層含以下有電梯),住宅、管理維護空間、門廊、樓梯間、機械室。,鋼筋混凝土造,0960914,18.18,25,0,25,有,無,無,5000,275,,0.0,0,租金總額含網路費；租賃建物部分範圍，且未計入共有部分面積；,RPRNMLLLLHLGFID48CC,分租套房,無,1150222~1160221,有,冷氣、熱水器、冰箱、網路,一般轉租
永康區,租賃房屋,臺南市永康區中正六街２１６號三樓,0.0,,,,1150318,土地0建物1車位0,三層,7,華廈(10層含以下有電梯),住家用,鋼筋混凝土造,0830316,35.78,1,0,1,有,有,有,6500,182,,0.0,0,租金已扣除每月管理費500元,RPPNMLLLLHLGFKD48CC,獨立套房,無,1150320~1160319,有,冷氣、熱水器、洗衣機、電視機、冰箱,
永康區,租賃房屋,臺南市永康區新行街１３３號八樓之１５,0.0,,,,1150321,土地0建物1車位0,八層,15,住宅大樓(11層含以上有電梯),住家用,鋼筋混凝土造,0820827,27.840000000000003,1,0,1,有,有,有,6616,238,,0.0,0,租金已扣除季繳管理費884元,RPQNMLLLLHLGFKD58CC,獨立套房,有,1150401~1160331,有,冷氣、熱水器、洗衣機,一般代管
安平區,租賃房屋+車位,臺南市安平區育平路７０號五樓之１,0.0,,,,1150316,土地0建物1車位1,五層,14,住宅大樓(11層含以上有電梯),集合住宅,鋼筋混凝土構造,1021125,57.480000000000004,2,1,1,有,有,有,16500,287,坡道平面,0.0,0,參加國家住宅及都市更新中心辦理社會住宅包租代管增辦第4期計畫公會版多人共同承租2；,RPQNMLMLLHLGFAD67CC,整棟(戶)出租,有,1150320~1160228,有,冷氣、熱水器、洗衣機、電視機、冰箱,社會住宅包租轉租
北區,租賃房屋,臺南市北區開元路９０巷２１號五樓之１,0.0,,,,1150318,土地0建物1車位0,五層,5,公寓(5樓含以下無電梯),住家用,鋼筋混凝土造,0720817,98.11999999999999,3,2,1,有,無,有,11000,112,,0.0,0,參加國家住宅及都市更新中心辦理社會住宅包租代管增辦第4期計畫公會版續租案件；,RPRNMLMLLHLGFAD77CC,整棟(戶)出租,無,1150401~1170331,無,冷氣、熱水器、洗衣機、冰箱,社會住宅包租轉租
中西區,租賃房屋,臺南市中西區開山路１０９巷９號三樓之３,0.0,,,,1150312,土地0建物1車位0,三層,5,公寓(5樓含以下無電梯),住家用,鋼筋混凝土造,0730211,71.84,2,2,1,有,無,有,14000,195,,0.0,0,參加國家住宅及都市更新中心辦理社會住宅包租代管第5期計畫中央版,RPSNMLMLLHLGFAD87CC,整棟(戶)出租,無,1150320~1160319,無,冷氣、熱水器,社會住宅代管
安平區,租賃房屋+車位,臺南市安平區育平路２１２號九樓之３４,0.0,,,,1150320,土地0建物1車位1,九層,17,住宅大樓(11層含以上有電梯),住家用,鋼筋混凝土造,0840729,86.47,2,1,1,有,有,有,15000,173,坡道平面,0.0,0,參加國家住宅及都市更新中心辦理社會住宅包租代管第5期計畫中央版,RPTNMLMLLHLGFAD97CC,整棟(戶)出租,有,1150320~1160319,有,冷氣、熱水器、洗衣機、冰箱,社會住宅代管
安平區,租賃房屋,臺南市安平區建平十七街４３號十樓之４,0.0,,,,1150318,土地0建物1車位0,十層,17,住宅大樓(11層含以上有電梯),住家用,鋼筋混凝土造,0831011,119.05,3,2,2,有,有,有,20500,172,,0.0,0,參加國家住宅及都市更新中心辦理社會住宅包租代管第5期計畫中央版,RPUNMLMLLHLGFAD08CC,整棟(戶)出租,有,1150320~1160319,有,冷氣、熱水器、洗衣機、電視機、冰箱,社會住宅代管
中西區,租賃房屋,臺南市中西區康樂街１０２號八樓之９,0.0,,,,1150317,土地0建物1車位0,八層,10,華廈(10層含以下有電梯),住家用,鋼筋混凝土造,0711015,59.72,2,1,1,有,有,有,14900,249,,0.0,0,參加國家住宅及都市更新中心辦理社會住宅包租代管第5期計畫中央版多人共同承租2；,RPWNMLMLLHLGFAD28CC,整棟(戶)出租,有,1150317~1160316,有,冷氣、熱水器、洗衣機、電視機、冰箱,社會住宅代管
安平區,租賃房屋,臺南市安平區國平北路１２５號五樓之１１,0.0,,,,1150318,土地0建物1車位0,五層,18,住宅大樓(11層含以上有電梯),集合住宅,鋼筋混凝土構造,1100503,94.72999999999999,2,1,1,有,有,有,19000,201,,0.0,0,參加國家住宅及都市更新中心辦理社會住宅包租代管第5期計畫中央版未租賃車位，建物登記含有車位面積；,RPOOMLMLLHLGFAD57CC,整棟(戶)出租,有,1150320~1170319,有,冷氣、熱水器、洗衣機、電視機、冰箱,社會住宅包租轉租
南區,租賃房屋+車位,臺南市南區興昌路６５號十三樓,0.0,,,,1150310,土地0建物1車位1,十三層,14,住宅大樓(11層含以上有電梯),集合住宅,鋼筋混凝土造,1050314,162.76999999999998,3,2,2,有,有,有,24000,147,坡道平面,42.99,0,參加國家住宅及都市更新中心辦理社會住宅包租代管增辦第4期計畫公會版租金總額含管理費；續租案件；,RPPNMLMLLHLGFCD77CC,整棟(戶)出租,有,1150310~1160309,有,冷氣、熱水器,社會住宅代管
南區,租賃房屋,臺南市南區新建路５３巷９之４號,0.0,,,,1150311,土地0建物1車位0,五層,5,公寓(5樓含以下無電梯),集合住宅,鋼筋混凝土造,0720803,93.25,3,2,1,有,無,有,13000,139,,0.0,0,參加國家住宅及都市更新中心辦理社會住宅包租代管第5期計畫中央版,RPQNMLMLLHLGFCD87CC,整棟(戶)出租,無,1150312~1160311,無,冷氣、熱水器、洗衣機、電視機、冰箱,社會住宅代管
東區,租賃房屋,臺南市東區勝利路１１５號七樓之２,0.0,,,,1150313,土地0建物1車位0,七層,7,華廈(10層含以下有電梯),辦公室,鋼筋混凝土造,0700116,29.42,1,1,1,有,有,有,8500,289,,0.0,0,參加國家住宅及都市更新中心辦理社會住宅包租代管第5期計畫中央版,RPSNMLMLLHLGFCD08CC,獨立套房,有,1150313~1160312,有,冷氣、熱水器、洗衣機、冰箱,社會住宅代管
南區,租賃房屋,臺南市南區健康路一段１３３巷５２號二樓,0.0,,,,1150314,土地0建物1車位0,二層,5,公寓(5樓含以下無電梯),住家用,鋼筋混凝土造,0701231,100.52,3,2,2,有,無,有,12000,119,,0.0,0,參加國家住宅及都市更新中心辦理社會住宅包租代管第5期計畫中央版多人共同承租2；,RPTNMLMLLHLGFCD18CC,整棟(戶)出租,無,1150315~1160314,無,冷氣、熱水器、洗衣機、電視機、冰箱,社會住宅代管
南區,租賃房屋,臺南市南區惠南街５４巷１２號,0.0,,,,1150317,土地0建物1車位0,全,3,透天厝,住商用,鋼筋混凝土造,0690712,186.69,6,2,4,有,無,有,25000,134,,0.0,0,參加國家住宅及都市更新中心辦理社會住宅包租代管第5期計畫中央版,RPUNMLMLLHLGFCD28CC,整棟(戶)出租,無,1150317~1160316,無,冷氣、熱水器、洗衣機、冰箱,社會住宅代管
南區,租賃房屋+車位,臺南市南區新建路２４巷２號四樓之１,0.0,,,,1150317,土地0建物1車位1,四層,16,住宅大樓(11層含以上有電梯),集合住宅,鋼筋混凝土造,0850727,186.06,4,2,2,有,有,有,15000,81,坡道平面,0.0,0,參加國家住宅及都市更新中心辦理社會住宅包租代管第5期計畫中央版,RPVNMLMLLHLGFCD38CC,整棟(戶)出租,有,1150317~1160316,有,冷氣、熱水器、洗衣機、電視機、冰箱,社會住宅代管
東區,租賃房屋,臺南市東區崇善一街７８號十六樓,0.0,,,,1150312,土地0建物1車位0,十六層,18,住宅大樓(11層含以上有電梯),住家用,鋼筋混凝土造,0850209,106.75999999999999,3,2,2,有,有,有,15000,141,,0.0,0,參加國家住宅及都市更新中心辦理社會住宅包租代管第5期計畫中央版租金總額含管理費；,RPWNMLMLLHLGFCD48CC,整棟(戶)出租,有,1150315~1180314,有,冷氣、熱水器、洗衣機、電視機、冰箱,社會住宅包租轉租
東區,租賃房屋,臺南市東區裕豐街１８５巷１２弄１４號三樓之１,0.0,,,,1150313,土地0建物1車位0,三層,5,公寓(5樓含以下無電梯),住家用,鋼筋混凝土造,0800830,55.370000000000005,2,1,1,有,無,有,14000,253,,0.0,0,參加國家住宅及都市更新中心辦理社會住宅包租代管第5期計畫中央版多人共同承租2；,RPXNMLMLLHLGFCD58CC,整棟(戶)出租,無,1150314~1160313,無,冷氣、熱水器、洗衣機、電視機、冰箱,社會住宅包租轉租
歸仁區,租賃房屋,臺南市歸仁區文化十二街３號五樓之３,0.0,,,,1150317,土地0建物1車位0,五層,6,華廈(10層含以下有電梯),集合住宅,鋼筋混凝土造,1140107,108.05000000000001,2,2,2,有,有,有,15500,143,,0.0,0,參加國家住宅及都市更新中心辦理社會住宅包租代管第5期計畫中央版未租賃車位，建物登記含有車位面積；,RPPNMLMLLHLGFID38CC,整棟(戶)出租,有,1150320~1180319,有,冷氣、熱水器、洗衣機、冰箱,社會住宅包租轉租
仁德區,租賃房屋,臺南市仁德區新田村民安路二段７５之１號四樓之２,0.0,,,,1150312,土地0建物1車位0,四層,11,住宅大樓(11層含以上有電梯),住家用,鋼筋混凝土造,0840331,82.47999999999999,4,2,2,有,有,有,14500,176,,0.0,0,參加國家住宅及都市更新中心辦理社會住宅包租代管第5期計畫中央版,RPQNMLMLLHLGFID48CC,整棟(戶)出租,有,1150313~1180312,有,冷氣、熱水器,社會住宅包租轉租
永康區,租賃房屋,臺南市永康區?行里新民街６６巷５號四樓之１,0.0,,,,1150315,土地0建物1車位0,四層,9,華廈(10層含以下有電梯),住家用,鋼筋混凝土造,0821230,57.77,1,1,1,有,有,有,6600,114,,0.0,0,參加國家住宅及都市更新中心辦理社會住宅包租代管增辦第4期計畫公會版租金總額含管理費；續租案件；,RPPNMLMLLHLGFKD58CC,獨立套房,有,1150315~1160314,有,冷氣、熱水器、洗衣機、電視機、冰箱,社會住宅代管
永康區,租賃房屋,臺南市永康區成功里小東路４７３之６２號七樓,0.0,,,,1150306,土地0建物1車位0,七層,11,住宅大樓(11層含以上有電梯),住家用,鋼筋混凝土造,0780831,29.659999999999997,1,1,1,有,有,有,5000,169,,0.0,0,參加國家住宅及都市更新中心辦理社會住宅包租代管增辦第4期計畫公會版續租案件；,RPQNMLMLLHLGFKD68CC,獨立套房,有,1150318~1160317,有,冷氣、熱水器、電視機、冰箱,社會住宅代管
永康區,租賃房屋,臺南市永康區新行街２９１巷２２弄３號三樓之８,0.0,,,,1150318,土地0建物1車位0,三層,9,華廈(10層含以下有電梯),集合住宅,鋼筋混凝土構造,1100331,84.05,2,2,1,有,有,有,20000,238,,0.0,0,台南市政府包租代管第4期計畫之物件。續租案件；,RPRNMLMLLHLGFKD78CC,整棟(戶)出租,有,1150401~1160331,有,冷氣、熱水器、洗衣機、電視機、冰箱、網路,社會住宅代管
安平區,租賃房屋,臺南市安平區國平路３８７號五樓之９,0.0,,,,1150318,土地0建物1車位0,五層,8,華廈(10層含以下有電梯),住家用,鋼筋混凝土造,0840401,149.76,3,1,2,有,有,無,19900,133,,0.0,0,台南市不動產租賃公會民間住宅包租代管第4期計畫之物件。未租賃車位，建物登記含有車位面積；,RPPNMLNLLHLGFAD67CC,整棟(戶)出租,有,1150318~1160317,有,熱水器、瓦斯或天然氣,社會住宅包租轉租
安平區,租賃房屋+車位,臺南市安平區國平北路１３７號１４樓之６,0.0,,,,1150304,土地0建物1車位1,十四層,34,住宅大樓(11層含以上有電梯),集合住宅,鋼骨鋼筋混凝土造、鋼筋混凝土造,1140415,92.53999999999999,2,2,1,有,有,有,23000,249,坡道機械,12.5,0,租金總額含管理費；,RPQNMLNLLHLGFAD77CC,整棟(戶)出租,有,1150320~1160319,有,冷氣、熱水器、洗衣機、電視機、冰箱,
北區,租賃房屋,臺南市北區開元路４８５巷４１弄１２號九樓之７,0.0,,,,1150225,土地0建物1車位0,九層,14,住宅大樓(11層含以上有電梯),集合住宅,鋼筋混凝土造,0891120,33.11,1,0,1,有,有,有,10000,302,,0.0,0,參加公會版住宅包租代管五期計畫租金總額含管理費；,RPRNMLNLLHLGFAD87CC,獨立套房,有,1150227~1160226,有,冷氣、熱水器、洗衣機、電視機、冰箱,社會住宅代管
安平區,租賃房屋,臺南市安平區平通路１１４號,0.0,,,,1150320,土地0建物1車位0,見其他登記事項,7,店面(店鋪),商業用,鋼筋混凝土造,0870212,123.34,1,2,1,有,有,無,20000,162,,0.0,0,1.契約書未約定土地租賃標的。2.承租人承租做住辦使用。3.出租人不出租車位。租金總額含管理費；未租賃車位，建物登記含有車位面積；,RPSNMLNLLHLGFAD97CC,,有,1150401~1170331,有,,
北區,租賃房屋,臺南市北區公園北路１３２號,0.0,,,,1150320,土地0建物0車位0,全,2,透天厝,住工用,加強磚造,0560101,11.93,26,0,26,有,無,有,4300,360,,0.0,0,公園北205房租金總額含水費；,RPTNMLNLLHLGFAD08CC,分租套房,無,1150301~1150430,無,冷氣、熱水器、網路,一般轉租
安平區,租賃房屋,臺南市安平區健康三街１４２號六樓之２,0.0,,,,1150225,土地0建物1車位0,六層,14,住宅大樓(11層含以上有電梯),集合住宅,ＲＣ造,0950822,183.1,4,2,2,有,有,有,21000,115,,0.0,0,參加公會版住宅包租代管五期計畫其他停車位管理費；,RPVNMLNLLHLGFAD28CC,整棟(戶)出租,有,1150301~1160228,有,冷氣、熱水器,社會住宅代管
安平區,租賃房屋,臺南市安平區國平北路１４７號２樓之２,0.0,,,,1150315,土地0建物1車位0,二層,34,住宅大樓(11層含以上有電梯),集合住宅,鋼骨鋼筋混凝土造、鋼筋混凝土造,1140415,155.4,4,2,2,有,有,有,33000,212,,0.0,0,,RPWNMLNLLHLGFAD38CC,整棟(戶)出租,有,1150320~1160319,有,冷氣、熱水器、洗衣機、電視機、冰箱、瓦斯或天然氣,
北區,租賃房屋,臺南市北區公園路８９２巷２１號,0.0,,,,1150307,土地0建物1車位0,全,2,透天厝,住商用,加強磚造,0600714,55.6,1,2,1,有,無,無,15000,270,,0.0,0,多人共同承租2；,RPXNMLNLLHLGFAD48CC,分層出租,無,1150311~1160310,無,冷氣、洗衣機、電視機,
北區,租賃房屋,臺南市北區勝利路４６７巷８號,0.0,,,,1150228,土地0建物0車位0,全,5,透天厝,住宅、停車空間,ＲＣ造,0950124,13.2,48,0,48,有,有,有,12000,909,,0.0,0,,RPOOMLNLLHLGFAD67CC,分租套房,有,1150228~1160331,有,冷氣、熱水器、洗衣機、電視機、冰箱、有線電視、網路,一般轉租
北區,租賃房屋,臺南市北區公園北路１３２號,0.0,,,,1150323,土地0建物0車位0,全,2,透天厝,住工用,加強磚造,0560101,11.93,26,0,26,有,無,有,4300,360,,0.0,0,公園北205房租金總額含水費；續租案件；,RPQOMLNLLHLGFAD87CC,分租套房,無,1150501~1160430,無,冷氣、熱水器、網路,一般轉租
北區,租賃房屋,臺南市北區公園北路１３２號,0.0,,,,1150323,土地0建物0車位0,全,2,透天厝,住工用,加強磚造,0560101,11.93,26,0,26,有,無,有,4300,360,,0.0,0,公園北203房租金總額含水費；續租案件；,RPROMLNLLHLGFAD97CC,分租套房,無,1150501~1160430,無,冷氣、熱水器、網路,一般轉租
中西區,租賃房屋,臺南市中西區頂美一街４５號,0.0,,,,1150322,土地0建物0車位0,全,2,透天厝,住家用,加強磚造,0671222,45.01,3,2,2,有,無,有,15000,333,,0.0,0,多人共同承租2；租金總額含水費；網路費；含增建或未登記建物；,RPSOMLNLLHLGFAD08CC,分租套房,無,1150501~1160430,無,冷氣、熱水器、洗衣機、電視機、冰箱、網路,一般轉租
北區,租賃房屋,臺南市北區公園北路１３２號,0.0,,,,1150323,土地0建物0車位0,全,2,透天厝,住工用,加強磚造,0560101,11.93,26,0,26,有,無,有,3800,319,,0.0,0,公園北206房租金總額含水費；,RPTOMLNLLHLGFAD18CC,分租套房,無,1150301~1150331,無,冷氣、熱水器、網路,一般轉租
中西區,租賃房屋,臺南市中西區宮後街１４號,0.0,,,,1150315,土地0建物0車位0,全,5,透天厝,住家用,鋼筋混凝土構造,1010604,19.27,30,2,30,有,無,有,7500,389,,0.0,0,租金總額含水費；網路費；其他第四台；含增建或未登記建物；,RPUOMLNLLHLGFAD28CC,分租套房,無,1150315~1160314,有,冷氣、熱水器、洗衣機、電視機、冰箱、網路,一般代管
中西區,租賃房屋,臺南市中西區南華路８１號５樓之４,0.0,,,,1150315,土地0建物1車位0,五層,7,華廈(10層含以下有電梯),住家用,鋼筋混凝土造,0800627,23.81,1,1,1,有,有,有,8000,336,,0.0,0,租金總額含管理費；網路費；,RPWOMLNLLHLGFAD48CC,獨立套房,有,1150315~1160315,有,冷氣、熱水器、洗衣機、電視機、冰箱、網路,一般代管
北區,租賃房屋,臺南市北區力行三街５號,0.0,,,,1150323,土地0建物0車位0,全,4,透天厝,住宅、停車空間,鋼筋混凝土造,0970722,29.57,16,0,16,有,無,有,7500,254,,0.0,0,力行三5-102房租金總額含水費；,RPXOMLNLLHLGFAD58CC,分租套房,無,1150301~1150531,無,冷氣、熱水器、電視機、冰箱、網路,一般轉租
北區,租賃房屋,臺南市北區力行三街６巷２６號,0.0,,,,1150320,土地0建物0車位0,全,2,透天厝,住家用,加強磚造,0680703,19.92,6,0,6,有,無,有,3800,191,,0.0,0,力行三6-101房租金總額含水費；,RPOPMLNLLHLGFAD77CC,分租套房,無,1150301~1150324,無,冷氣、熱水器、電視機、冰箱,一般轉租
北區,租賃房屋,臺南市北區力行三街６巷２６號,0.0,,,,1150320,土地0建物0車位0,全,2,透天厝,住家用,加強磚造,0680703,19.92,6,0,6,有,無,有,3800,191,,0.0,0,力行三6-101房租金總額含水費；,RPPPMLNLLHLGFAD87CC,分租套房,無,1150325~1150424,無,冷氣、熱水器、電視機、冰箱,一般轉租
中西區,租賃房屋,臺南市中西區金華路三段２１８號八樓之７,0.0,,,,1150316,土地0建物1車位0,八層,18,住宅大樓(11層含以上有電梯),住家用,鋼筋混凝土造,0840704,38.21,1,1,1,有,有,有,10000,262,,0.0,0,參加國家住宅及都市更新中心辦理社會住宅包租代管第五期計畫中央版,RPQPMLNLLHLGFAD97CC,獨立套房,有,1150316~1160315,有,冷氣、熱水器、洗衣機、電視機、冰箱,社會住宅代管
安平區,租賃房屋,臺南市安平區國平北路１４７號十二樓之６,0.0,,,,1150228,土地0建物1車位0,十二層,34,住宅大樓(11層含以上有電梯),集合住宅,鋼骨鋼筋混凝土造、鋼筋混凝土造,1140415,105.46000000000001,2,2,1,有,有,有,15000,142,,0.0,0,參加公會版住宅包租代管五期計畫租金總額含管理費；未租賃車位，建物登記含有車位面積；,RPRPMLNLLHLGFAD08CC,整棟(戶)出租,有,1150301~1160228,有,冷氣、熱水器、洗衣機,社會住宅代管
北區,租賃房屋,臺南市北區北門路二段５４７巷３９號三樓之３,0.0,,,,1150315,土地0建物1車位0,三層,10,華廈(10層含以下有電梯),集合住宅,鋼筋混凝土造,0930329,145.55,3,2,2,有,有,有,18000,124,,0.0,0,參加國家住宅及都市更新中心辦理社會住宅包租代管增辦第四期計畫公會版未租賃車位，建物登記含有車位面積；續租案件；,RPTPMLNLLHLGFAD28CC,整棟(戶)出租,有,1150401~1160331,有,熱水器、冰箱、瓦斯或天然氣,社會住宅代管
安南區,租賃房屋+車位,臺南市安南區敬安街１１號４樓之３,0.0,,,,1150312,土地0建物1車位1,四層,15,住宅大樓(11層含以上有電梯),住家用,鋼筋混凝土造,0840525,200.83,4,2,3,有,有,有,27500,137,坡道平面,0.0,0,多人共同承租3；租金總額含管理費；,RPPNMLNLLHLGFBD77CC,整棟(戶)出租,有,1150320~1160319,有,冷氣,
安南區,租賃房屋+車位,臺南市安南區安通一街２３號十樓之９,0.0,,,,1150323,土地0建物1車位1,十層,15,住宅大樓(11層含以上有電梯),集合住宅,鋼筋混凝土造,1101230,137.08,3,2,2,有,有,有,21000,153,坡道平面,25.44,0,,RPQNMLNLLHLGFBD87CC,整棟(戶)出租,有,1150403~1160402,有,冷氣、熱水器、冰箱、瓦斯或天然氣,
安南區,租賃房屋+車位,臺南市安南區樂活一街３２號十一樓,0.0,,,,1150225,土地0建物1車位1,十一層,19,住宅大樓(11層含以上有電梯),集合住宅,鋼筋混凝土造,1100526,119.65,2,2,2,有,有,有,23000,192,坡道平面,22.2,0,參加公會版住宅包租代管五期計畫租金總額含管理費；,RPRNMLNLLHLGFBD97CC,整棟(戶)出租,有,1150301~1160228,有,冷氣、熱水器、洗衣機、電視機、冰箱,社會住宅代管
安南區,租賃房屋+車位,臺南市安南區城北路２３４巷１號４樓之１１,0.0,,,,1150320,土地0建物1車位1,四層,5,華廈(10層含以下有電梯),集合住宅,鋼筋混凝土造,1140501,100.42,2,2,1,有,有,無,19000,189,一樓平面,20.03,0,,RPSNMLNLLHLGFBD08CC,整棟(戶)出租,有,1150401~1160331,有,冷氣、熱水器,
東區,租賃房屋+車位,臺南市東區後甲三街３號２樓之２,0.0,,,,1150309,土地0建物1車位1,二層,15,住宅大樓(11層含以上有電梯),集合住宅,鋼筋混凝土造,1130123,149.08999999999997,2,2,2,有,有,有,32000,215,坡道平面,27.27,0,租金總額含管理費；,RPPNMLNLLHLGFCD87CC,整棟(戶)出租,有,1150315~1160314,有,冷氣、熱水器、洗衣機、電視機、冰箱,
東區,租賃房屋,臺南市東區長榮路三段２４巷１１號,0.0,,,,1150309,土地0建物0車位0,全,4,透天厝,住家用,鋼筋混凝土造,0680501,23.87,5,4,5,有,無,有,13000,545,,0.0,0,多人共同承租2；租金總額含水費；網路費；含增建或未登記建物；,RPRNMLNLLHLGFCD08CC,分租套房,無,1150309~1160310,無,冷氣、熱水器、洗衣機、電視機、冰箱、網路,一般代管
東區,租賃房屋,臺南市東區長榮路三段２４巷１１號,0.0,,,,1150310,土地0建物0車位0,全,4,透天厝,住家用,鋼筋混凝土造,0680501,11.93,5,4,5,有,無,有,7500,629,,0.0,0,多人共同承租2；租金總額含水費；網路費；含增建或未登記建物；,RPSNMLNLLHLGFCD18CC,分租套房,無,1150310~1160310,無,冷氣、熱水器、洗衣機、電視機、冰箱、網路,一般代管
東區,租賃房屋+車位,臺南市東區崇仁街７０號２樓,0.0,,,,1150312,土地0建物1車位1,二層,14,住宅大樓(11層含以上有電梯),住家用,鋼筋混凝土造,0960906,89.10000000000001,2,1,1,有,有,有,23000,258,坡道平面,0.0,2500,參加國家住宅及都市更新中心辦理社會住宅包租代管增辦第四期計畫公會版續租案件；,RPTNMLNLLHLGFCD28CC,整棟(戶)出租,有,1150315~1160314,有,冷氣、熱水器、洗衣機、電視機、冰箱、瓦斯或天然氣,社會住宅代管
東區,租賃房屋,臺南市東區裕豐街８４巷１９號一樓,0.0,,,,1150310,土地0建物1車位0,一層,5,公寓(5樓含以下無電梯),住家用,鋼筋混凝土造,0700710,95.15,3,2,2,有,無,有,18000,189,,0.0,0,,RPUNMLNLLHLGFCD38CC,整棟(戶)出租,無,1150315~1160314,無,冷氣、熱水器、洗衣機,
南區,租賃房屋,臺南市南區南寧街２２０號,0.0,,,,1150320,土地0建物1車位0,全,,透天厝,,,,72.6,4,2,2,有,無,無,12500,172,,0.0,0,含增建或未登記建物；,RPVNMLNLLHLGFCD48CC,整棟(戶)出租,無,1150320~1170320,無,冷氣、熱水器,一般代管
東區,租賃房屋,臺南市東區林森路二段１９２巷１２７號,0.0,,,,1150301,土地0建物1車位0,一層,2,店面(店鋪),住家用,加強磚造,0601220,37.2,4,2,2,有,無,無,10000,269,,0.0,0,,RPWNMLNLLHLGFCD58CC,,無,1150301~1160228,無,熱水器,
東區,租賃房屋,臺南市東區林森路二段１９２巷１２７號,0.0,,,,1150301,土地0建物1車位0,全,2,透天厝,住家用,加強磚造,0601220,41.2,4,2,2,有,無,無,11000,267,,0.0,0,1.契約書未約定土地租賃標的。2.由所有權人提供租屋資訊。3.租賃範圍為2-3層，第三層為增建未登記樓層，面積約41.20平方公尺，2-3層面積共計約82.40平方公尺。含增建或未登記建物；,RPXNMLNLLHLGFCD68CC,分層出租,無,1150301~1160228,無,,
東區,租賃房屋,臺南市東區東門路二段３６５巷３４弄１號四樓,0.0,,,,1150228,土地0建物1車位0,四層,5,公寓(5樓含以下無電梯),住家用,鋼筋混凝土造,0771224,136.92000000000002,4,2,2,有,無,有,9000,66,,0.0,0,參加公會版住宅包租代管五期計畫,RPPOMLNLLHLGFCD97CC,整棟(戶)出租,無,1150301~1160228,無,熱水器,社會住宅代管
南區,租賃房屋,臺南市南區金華路一段５１７之１號,0.0,,,,1150320,土地0建物1車位0,二層,5,公寓(5樓含以下無電梯),住家用,鋼筋混凝土造,0710430,87.14999999999999,3,2,2,有,無,有,23000,264,,0.0,0,台南市社會住宅包租代管 增辦第四期計畫 公會版；水、電費由承租人負擔。續租案件；,RPROMLNLLHLGFCD18CC,整棟(戶)出租,無,1150401~1160331,無,冷氣、熱水器、洗衣機、冰箱,社會住宅代管
南區,租賃房屋,臺南市南區夏林路３１２之１號,0.0,,,,1150306,土地0建物1車位0,一層,3,店面(店鋪),店舖、住宅、停車空間,鋼骨鋼筋混凝土造,1070109,25.0,0,0,0,無,無,無,16000,640,,0.0,0,部分承租一樓A3室，租賃面積以現況範圍為準。,RPSOMLNLLHLGFCD28CC,,無,1150320~1160319,無,,
東區,租賃房屋,臺南市東區崇學路６號十四樓,0.0,,,,1150319,土地0建物1車位0,十四層,14,住宅大樓(11層含以上有電梯),住家用,鋼筋混凝土造,0830401,112.53,3,2,2,有,有,有,16300,145,,0.0,0,台南市不動產租賃公會民間住宅包租代管第5期計畫之物件。續租案件；,RPTOMLNLLHLGFCD38CC,整棟(戶)出租,有,1150319~1160318,有,冷氣、熱水器、洗衣機、電視機、冰箱、瓦斯或天然氣,社會住宅代管
新營區,租賃房屋,臺南市新營區中華路２１之１３號,0.0,,,,1150305,土地0建物1車位0,七層,7,華廈(10層含以下有電梯),住家用,鋼筋混凝土造,0820707,112.52,4,2,2,有,有,有,15000,133,,0.0,0,參加國家住宅及都市更新中心辦理社會住宅包租代管第五期計畫中央版多人共同承租2；,RPPNMLNLLHLGFDD97CC,整棟(戶)出租,無,1150305~1160304,有,冷氣、熱水器、洗衣機、電視機、冰箱、瓦斯或天然氣,社會住宅代管
新營區,租賃房屋+車位,臺南市新營區南紙街１１７巷４０弄１號２樓之２,0.0,,,,1150323,土地0建物1車位1,二層,7,華廈(10層含以下有電梯),住家用,鋼筋混凝土造,0831230,92.22999999999999,3,2,2,有,有,有,22756,247,其他,0.0,0,,RPQNMLNLLHLGFDD08CC,整棟(戶)出租,有,1150401~1150930,有,冷氣、熱水器、洗衣機、電視機、冰箱、瓦斯或天然氣,
新營區,租賃房屋,臺南市新營區復興路１０-１號,0.0,,,,1150304,土地0建物0車位0,全,4,透天厝,住商用,鋼筋混凝土造,0640904,14.87,6,1,7,有,無,有,9000,605,,0.0,0,租金總額含網路費；含增建或未登記建物；,RPRNMLNLLHLGFDD18CC,分租套房,無,1150305~1160304,無,冷氣、熱水器、洗衣機、電視機、冰箱、網路,
新營區,租賃房屋,臺南市新營區復興路１０-１號,0.0,,,,1150304,土地0建物0車位0,全,4,透天厝,住商用,鋼筋混凝土造,0640904,14.87,6,1,7,有,無,有,9000,605,,0.0,0,租金總額含網路費；含增建或未登記建物；,RPSNMLNLLHLGFDD28CC,分租套房,無,1150305~1160304,無,冷氣、熱水器、洗衣機、電視機、冰箱、網路,
麻豆區,租賃房屋,臺南市麻豆區南勢里關帝廟２５之１５號,0.0,,,,1150322,土地0建物1車位0,全,2,透天厝,住家用,鋼筋混凝土加強磚造,,75.42,6,2,2,有,無,有,16000,212,,0.0,0,,RPPNMLNLLHLGFFD18CC,整棟(戶)出租,無,1150401~1160331,無,冷氣、洗衣機、冰箱,
善化區,租賃房屋,臺南市善化區東勢寮１９３之１０號,0.0,,,,1150321,土地0建物1車位0,全,2,透天厝,住家用,加強磚造,0880429,114.53,3,2,2,有,無,無,15000,131,,0.0,0,多人共同承租3；,RPPNMLNLLHLGFHD38CC,整棟(戶)出租,無,1150401~1160331,無,熱水器,
善化區,租賃房屋,臺南市善化區中正路４９０號,0.0,,,,1150319,土地0建物0車位0,全,4,透天厝,住商用,鋼筋混凝土造,0971216,23.14,5,0,5,有,無,有,8000,346,,0.0,0,,RPQNMLNLLHLGFHD48CC,分租套房,無,1150416~1160415,無,冷氣、洗衣機、電視機、冰箱、有線電視、網路,一般轉租
善化區,租賃房屋+車位,臺南市善化區東勢寮１５８號四樓之９,0.0,,,,1150224,土地0建物1車位1,四層,7,華廈(10層含以下有電梯),集合住宅,鋼筋混凝土造,1130820,118.88999999999999,3,2,2,有,有,有,18000,151,升降機械,11.75,0,參加公會版住宅包租代管五期計畫,RPRNMLNLLHLGFHD58CC,整棟(戶)出租,有,1150301~1160228,有,冷氣、熱水器、洗衣機、電視機、冰箱,社會住宅代管
善化區,租賃房屋,臺南市善化區北子店１６７號,0.0,,,,1150323,土地0建物1車位0,全,4,透天厝,Ｇ３店鋪、Ｈ２住宅、停車空間,鋼筋混凝土造,1080820,295.71,4,3,6,有,無,無,45000,152,,0.0,0,免租金搬遷期:115年3月23日至115年4月14日租金總額含稅；,RPSNMLNLLHLGFHD68CC,,無,1150415~1170414,有,冷氣、熱水器,
新市區,租賃房屋+車位,臺南市新市區大社２３２號四樓之５,0.0,,,,1150226,土地0建物1車位1,四層,10,華廈(10層含以下有電梯),集合住宅,鋼筋混凝土造,1140415,95.13999999999999,2,2,1,有,有,有,18000,189,升降平面,7.49,0,參加公會版住宅包租代管五期計畫租金總額含管理費；,RPTNMLNLLHLGFHD78CC,整棟(戶)出租,有,1150301~1160228,有,冷氣、熱水器、洗衣機、冰箱,社會住宅代管
新市區,租賃房屋,臺南市新市區信義街１７巷９號,0.0,,,,1150307,土地0建物0車位0,全,4,透天厝,住宅、停車空間,鋼筋混凝土造,1031007,26.74,8,0,8,有,無,有,7000,262,,0.0,0,租金總額含網路費；續租案件；,RPVNMLNLLHLGFHD98CC,分租套房,無,1150409~1160408,無,冷氣、熱水器、洗衣機、電視機、冰箱、有線電視、網路,一般代管
新市區,租賃房屋,臺南市新市區富安一街３０號,0.0,,,,1150309,土地0建物0車位0,全,4,透天厝,店舖，停車空間，住宅,鋼筋混凝土造,1040518,14.71,8,0,8,有,無,有,5200,354,,0.0,0,多人共同承租2；租金總額含網路費；續租案件；,RPWNMLNLLHLGFHD09CC,分租套房,無,1150401~1150930,無,冷氣、熱水器、電視機、冰箱、有線電視、網路,一般代管
新市區,租賃房屋,臺南市新市區中山路２０２之９號,0.0,,,,1150305,土地0建物0車位0,全,3,透天厝,辦公室、加工所、倉庫、員工宿舍,鋼筋混凝土造,0811109,26.4,13,0,13,有,無,有,6000,227,,0.0,0,租金總額含網路費；續租案件；,RPXNMLNLLHLGFHD56CC,分租套房,無,1150305~1160304,無,冷氣、熱水器、電視機、冰箱、有線電視、網路,一般代管
新市區,租賃房屋,臺南市新市區中山路２０２之９號,0.0,,,,1150309,土地0建物0車位0,全,3,透天厝,辦公室、加工所、倉庫、員工宿舍,鋼筋混凝土造,0811109,13.28,13,0,13,有,無,有,6000,452,,0.0,0,多人共同承租2；租金總額含網路費；續租案件；,RPOOMLNLLHLGFHD38CC,分租套房,無,1150324~1150923,無,冷氣、熱水器、電視機、冰箱、有線電視、網路,一般代管
新市區,租賃房屋,臺南市新市區銘傳街８０號,0.0,,,,1150310,土地0建物0車位0,全,4,透天厝,店舖、停車空間、住宅,鋼筋混凝土造,1020115,19.29,7,0,7,有,無,有,6500,337,,0.0,0,租金總額含網路費；租賃建物部分範圍，且未計入共有部分面積；續租案件；,RPQOMLNLLHLGFHD58CC,分租套房,無,1150401~1160331,無,冷氣、熱水器、電視機、冰箱、有線電視、網路,一般代管
善化區,租賃房屋,臺南市善化區文正路７９巷１８號,0.0,,,,1150311,土地0建物0車位0,全,4,透天厝,住家用,鋼筋混凝土造,1050304,24.35,10,0,10,有,無,有,7000,287,,0.0,0,租金總額含網路費；,RPSOMLNLLHLGFHD78CC,分租套房,無,1150313~1160312,無,冷氣、熱水器、洗衣機、電視機、冰箱、有線電視、網路,一般代管
安定區,租賃房屋,臺南市安定區許中營７５-３３號,0.0,,,,1150323,土地0建物1車位0,全,3,透天厝,住家用,鋼筋混凝土造,1031028,154.15,4,2,4,有,無,無,25000,162,,0.0,0,,RPTOMLNLLHLGFHD88CC,整棟(戶)出租,無,1150405~1160404,無,冷氣、熱水器、瓦斯或天然氣,
新市區,租賃房屋,臺南市新市區永就１５之６９號,0.0,,,,1150314,土地0建物0車位0,全,4,透天厝,住宅、門廊,鋼筋混凝土造,1011205,18.22,7,0,7,有,無,有,6000,329,,0.0,0,租金總額含網路費；續租案件；,RPUOMLNLLHLGFHD98CC,分租套房,無,1150403~1160402,無,冷氣、熱水器、洗衣機、電視機、冰箱、有線電視、網路,一般代管
新市區,租賃房屋,臺南市新市區永就１５之６９號,0.0,,,,1150313,土地0建物0車位0,全,4,透天厝,住宅、門廊,鋼筋混凝土造,1011205,20.01,7,0,7,有,無,有,6000,300,,0.0,0,租金總額含網路費；續租案件；,RPVOMLNLLHLGFHD09CC,分租套房,無,1150419~1160418,無,冷氣、熱水器、洗衣機、電視機、冰箱、有線電視、網路,一般代管
新市區,租賃房屋,臺南市新市區永就１５之７１號,0.0,,,,1150313,土地0建物0車位0,全,4,透天厝,住宅、門廊,鋼筋混凝土造,1011205,18.22,7,0,7,有,無,有,5500,302,,0.0,0,租金總額含網路費；續租案件；,RPWOMLNLLHLGFHD56CC,分租套房,無,1150420~1151019,無,冷氣、熱水器、洗衣機、電視機、冰箱、有線電視、網路,一般代管
新化區,租賃房屋,臺南市新化區信義路１６９號６樓之１４,0.0,,,,1150322,土地0建物1車位0,六層,9,華廈(10層含以下有電梯),住家用,鋼筋混凝土造,0840810,127.77000000000001,3,2,2,有,無,有,15000,117,,0.0,0,,RPXOMLNLLHLGFHD66CC,整棟(戶)出租,無,1150401~1160331,有,冷氣、熱水器、洗衣機、電視機、冰箱,一般包租
新市區,租賃房屋,臺南市新市區中山路７８巷２５之１６號,0.0,,,,1150311,土地0建物0車位0,全,4,透天厝,住家用,鋼筋混凝土造,1030915,16.1,7,0,7,有,無,有,5200,323,,0.0,0,租金總額含網路費；,RPOPMLNLLHLGFHD48CC,分租套房,無,1150318~1150917,無,冷氣、熱水器、洗衣機、電視機、冰箱、有線電視、網路,一般代管
新市區,租賃房屋,臺南市新市區７８巷２５之１６號,0.0,,,,1150316,土地0建物0車位0,全,4,透天厝,住家用,鋼筋混凝土造,1030915,14.95,7,0,7,有,無,有,5000,334,,0.0,0,租金總額含網路費；,RPPPMLNLLHLGFHD58CC,分租套房,無,1150318~1150917,無,冷氣、熱水器、洗衣機、電視機、冰箱、有線電視、網路,一般代管
新市區,租賃房屋,臺南市新市區勝利街１２巷１０號,0.0,,,,1150317,土地0建物0車位0,全,2,透天厝,住家用,加強磚造,0750616,13.22,11,0,11,有,無,有,4500,340,,0.0,0,租金總額含網路費；續租案件；,RPQPMLNLLHLGFHD68CC,分租套房,無,1150327~1160326,無,冷氣、熱水器、電視機、冰箱、有線電視、網路,一般代管
新市區,租賃房屋,臺南市新市區成功街１６巷４號,0.0,,,,1150318,土地0建物0車位0,全,2,透天厝,住家用,加強磚造,0701231,14.91,7,0,7,有,無,有,4000,268,,0.0,0,租金總額含網路費；續租案件；,RPRPMLNLLHLGFHD78CC,分租套房,無,1150320~1150919,無,冷氣、熱水器、電視機、冰箱、有線電視、網路,一般代管
新市區,租賃房屋,臺南市新市區中山路７８巷２５之１６號,0.0,,,,1150319,土地0建物0車位0,全,4,透天厝,住家用,鋼筋混凝土造,1030915,16.1,7,0,7,有,無,有,5200,323,,0.0,0,租金總額含網路費；,RPTPMLNLLHLGFHD98CC,分租套房,無,1150321~1160320,無,冷氣、熱水器、洗衣機、電視機、冰箱、有線電視、網路,一般代管
新市區,租賃房屋,臺南市新市區銘傳街８０號,0.0,,,,1150320,土地0建物0車位0,全,4,透天厝,店舖、停車空間、住宅,鋼筋混凝土造,1020115,16.75,7,0,7,有,無,有,5500,328,,0.0,0,租金總額含網路費；租賃建物部分範圍，且未計入共有部分面積；續租案件；,RPUPMLNLLHLGFHD09CC,分租套房,無,1150412~1160411,無,冷氣、熱水器、電視機、冰箱、有線電視、網路,一般代管
新市區,租賃房屋,臺南市新市區信義街１７巷９號,0.0,,,,1150320,土地0建物0車位0,全,4,透天厝,住宅、停車空間,鋼筋混凝土造,1031007,35.74,8,0,8,有,無,有,7500,210,,0.0,0,租金總額含網路費；租賃建物部分範圍，且未計入共有部分面積；,RPVPMLNLLHLGFHD56CC,分租套房,無,1150322~1150921,無,冷氣、熱水器、洗衣機、電視機、冰箱、有線電視、網路,一般代管
善化區,租賃房屋,臺南市善化區西拉雅大道３３０號六樓之２,0.0,,,,1150316,土地0建物1車位0,六層,15,住宅大樓(11層含以上有電梯),集合住宅,鋼筋混凝土造,1100901,101.72,2,2,2,有,有,有,18000,177,,0.0,0,參加國家住宅及都市更新中心辦理社會住宅包租代管第五期計畫中央版續租案件；,RPWPMLNLLHLGFHD66CC,整棟(戶)出租,有,1150420~1160419,有,冷氣、熱水器、洗衣機、電視機、冰箱,社會住宅代管
歸仁區,租賃房屋+車位,臺南市歸仁區智發街１３號９樓之５,0.0,,,,1150313,土地0建物1車位1,九層,14,住宅大樓(11層含以上有電梯),集合住宅,鋼筋混凝土造,1140124,103.07,2,2,1,有,有,無,18000,175,坡道平面,27.67,0,多人共同承租2；租金總額含管理費；,RPPNMLNLLHLGFID48CC,整棟(戶)出租,有,1150401~1160331,有,冷氣、熱水器、洗衣機、冰箱、瓦斯或天然氣,
歸仁區,租賃房屋+車位,臺南市歸仁區信義北路９６巷６號７樓,0.0,,,,1150312,土地0建物1車位1,七層,7,華廈(10層含以下有電梯),住家用,鋼筋混凝土造,0841009,119.61999999999999,3,2,2,有,有,有,17000,142,坡道平面,0.0,1000,參加國家住宅及都市更新中心辦理社會住宅包租代管增辦第四期計畫公會版租金總額含管理費；續租案件；,RPRNMLNLLHLGFID68CC,整棟(戶)出租,有,1150401~1160331,有,冷氣、熱水器、洗衣機、電視機、冰箱,社會住宅代管
歸仁區,租賃房屋,臺南市歸仁區民權南路１６２號,0.0,,,,1150316,土地0建物1車位0,見其他登記事項,7,華廈(10層含以下有電梯),住商用,鋼筋混凝土造,0820408,207.29999999999998,4,2,3,有,有,無,25000,121,,0.0,0,,RPTNMLNLLHLGFID88CC,整棟(戶)出租,有,1150316~1200315,有,冷氣、熱水器,
歸仁區,租賃房屋,臺南市歸仁區高發二路３１３號十三樓之５,0.0,,,,1150322,土地0建物1車位0,十三層,13,住宅大樓(11層含以上有電梯),集合住宅,鋼筋混凝土構造,1120113,97.69,2,2,1,有,有,有,17800,182,,0.0,0,台南市社會住宅包租代管 第四期計畫 公會版；水、電、瓦斯費由承租人負擔，管理費2200元不包含在租金由承租人負擔。未租賃車位，建物登記含有車位面積；續租案件；,RPUNMLNLLHLGFID98CC,整棟(戶)出租,有,1150401~1160331,有,冷氣、熱水器、洗衣機、冰箱、瓦斯或天然氣,社會住宅代管
永康區,租賃房屋,臺南市永康區中正路９７０巷２０號,0.0,,,,1150322,土地0建物0車位0,全,4,透天厝,法定停車位、住宅、店舖。,鋼筋混凝土造,0840506,19.83,12,0,12,有,無,有,5000,252,,0.0,0,,RPPNMLNLLHLGFKD68CC,分租套房,無,1150322~1160321,無,冷氣、熱水器,一般代管
永康區,租賃房屋,臺南市永康區新民街３３號,0.0,,,,1150318,土地0建物0車位0,全,4,透天厝,店舖，住宅,鋼筋混凝土造,1020205,24.16,6,0,6,有,無,有,6800,281,,0.0,0,租金總額含網路費；其他有線電視或MOD；續租案件；,RPQNMLNLLHLGFKD78CC,分租套房,無,1150601~1160531,無,冷氣、熱水器、洗衣機、電視機、冰箱、有線電視、網路,一般代管
永康區,租賃房屋,臺南市永康區中山南路４６７巷１５號,0.0,,,,1150323,土地0建物0車位0,全,2,透天厝,廠房、辦公室、倉庫、員工宿舍。,加強磚造,0690301,24.12,23,23,23,有,無,有,12000,498,,0.0,0,多人共同承租2；租金總額含水費；網路費；含增建或未登記建物；續租案件；,RPSNMLNLLHLGFKD98CC,分租套房,無,1150323~1160323,無,冷氣、熱水器、洗衣機、電視機、冰箱、網路,一般代管
永康區,租賃房屋,臺南市永康區富強路一段１９４巷８６號,0.0,,,,1150322,土地0建物1車位0,全,2,透天厝,住商用,加強磚造,0710216,100.07,4,2,2,有,無,無,16000,160,,0.0,0,,RPVNMLNLLHLGFKD66CC,整棟(戶)出租,無,1150401~1160331,無,冷氣、熱水器、洗衣機、冰箱,
永康區,租賃房屋,臺南市永康區中華西街１９６巷４６號十樓之１,0.0,,,,1150310,土地0建物1車位0,十層,14,住宅大樓(11層含以上有電梯),住家用,鋼筋混凝土造,0880824,119.43,3,2,2,有,有,有,18500,155,,0.0,0,參加國家住宅及都市更新中心辦理社會住宅包租代管第五期計畫中央版未租賃車位，建物登記含有車位面積；續租案件；,RPXNMLNLLHLGFKD86CC,整棟(戶)出租,有,1150310~1160309,有,冷氣、熱水器、洗衣機、電視機、冰箱,社會住宅包租轉租
永康區,租賃房屋+車位,臺南市永康區勝利街１巷４４號六樓之１,0.0,,,,1150313,土地0建物1車位1,六層,14,住宅大樓(11層含以上有電梯),住家用,鋼筋混凝土造,0830926,115.53999999999999,3,2,2,有,有,有,16000,138,坡道機械,0.0,1000,參加國家住宅及都市更新中心辦理社會住宅包租代管第五期計畫中央版,RPOOMLNLLHLGFKD68CC,整棟(戶)出租,有,1150315~1160314,有,冷氣、熱水器、洗衣機、電視機、冰箱,社會住宅代管
永康區,租賃房屋,臺南市永康區中華路７２７巷９２號六樓之３,0.0,,,,1150314,土地0建物1車位0,六層,14,住宅大樓(11層含以上有電梯),住家用,鋼筋混凝土造,0880824,78.53,2,2,1,有,有,有,13000,166,,0.0,0,參加國家住宅及都市更新中心辦理社會住宅包租代管第五期計畫中央版,RPPOMLNLLHLGFKD78CC,整棟(戶)出租,有,1150316~1160315,有,冷氣、熱水器、洗衣機、冰箱、瓦斯或天然氣,社會住宅代管
永康區,租賃房屋+車位,臺南市永康區龍安街２９２號二樓之３,21.13,住,,,1150323,土地1建物1車位1,二層,9,華廈(10層含以下有電梯),住家用,鋼筋混凝土造,0841130,128.77,3,2,2,有,有,無,14500,113,一樓平面,0.0,0,管理費每月500元。附屬設備補充：排油煙機1件、流理台1件、瓦斯爐1臺。汽車停車位：一樓平面-第42號。機車停車位：一樓平面-第42號。,RPQOMLNLLHLGFKD88CC,整棟(戶)出租,有,1150405~1160404,有,冷氣、熱水器,
永康區,租賃房屋,臺南市永康區大灣路４０巷２０９弄１８號,0.0,,,,1150320,土地0建物1車位0,全,3,透天厝,住家用,鋼筋混凝土造,0920502,162.35,5,2,3,有,無,有,26100,161,,0.0,0,台南市社會住宅包租代管 增辦第四期計畫 公會版；水、電費由承租人負擔。,RPROMLNLLHLGFKD98CC,整棟(戶)出租,無,1150325~1170306,無,冷氣、熱水器、洗衣機、冰箱,社會住宅包租轉租
永康區,租賃房屋,臺南市永康區崑山里大仁街３１巷３５號三樓之１３,0.0,,,,1150319,土地0建物1車位0,三層,7,華廈(10層含以下有電梯),住家用,鋼筋混凝土造,0830722,74.39,2,0,2,有,有,有,11300,152,,0.0,0,台南市不動產租賃公會民間住宅包租代管第5期計畫之物件。管理費每月1700元由出租人負擔。續租案件；,RPSOMLNLLHLGFKD09CC,整棟(戶)出租,有,1150323~1160322,有,冷氣、熱水器、洗衣機、電視機、冰箱,社會住宅代管
永康區,租賃房屋,臺南市永康區忠義街６０巷１號１５樓之１６,0.0,,,,1150315,土地0建物1車位0,十五層,15,住宅大樓(11層含以上有電梯),辦公室。,鋼筋混凝土造,0840331,54.58,1,0,1,有,有,有,10000,183,,0.0,0,參加國家住宅及都市更新中心辦理社會住宅包租代管第四期計畫公會版租金總額含管理費；續租案件；,RPTOMLNLLHLGFKD56CC,獨立套房,有,1150411~1160410,有,冷氣、熱水器、洗衣機、電視機、冰箱、瓦斯或天然氣,社會住宅代管
安平區,租賃房屋,臺南市安平區國平北路１３７號三十三樓之７,0.0,,,,1150319,土地0建物1車位0,三十三層,34,住宅大樓(11層含以上有電梯),集合住宅,鋼骨鋼筋混凝土造、鋼筋混凝土造,1140415,108.03,2,2,1,有,有,有,15000,139,,0.0,0,另有管理費1454元，由承租人負擔。未租賃車位，建物登記含有車位面積；,RPPNMLOLLHLGFAD77CC,整棟(戶)出租,有,1150320~1160319,有,冷氣、熱水器、冰箱,社會住宅代管
北區,租賃房屋,臺南市北區公園路５８７之２６號三樓之２,0.0,,,,1150301,土地0建物1車位0,三層,5,公寓(5樓含以下無電梯),住家用,鋼筋混凝土造,0780410,28.34,1,0,1,有,有,有,8900,314,,0.0,0,國家住宅及都市更新中心社會住宅包租代管中央版第五期計畫,RPQNMLOLLHLGFAD87CC,獨立套房,有,1150301~1160228,無,冷氣、熱水器、洗衣機、電視機、冰箱,社會住宅代管
安平區,租賃房屋,臺南市安平區國平北路１３７號三十四樓之７,0.0,,,,1150319,土地0建物1車位0,三十四層,34,住宅大樓(11層含以上有電梯),集合住宅,鋼骨鋼筋混凝土造、鋼筋混凝土造,1140415,108.03,2,2,1,有,有,有,15000,139,,0.0,0,另有管理費1454元，由承租人負擔。未租賃車位，建物登記含有車位面積；,RPRNMLOLLHLGFAD97CC,整棟(戶)出租,有,1150320~1160319,有,冷氣、熱水器、冰箱,社會住宅代管
北區,租賃房屋,臺南市北區北成路８０巷６０弄１２號,0.0,,,,1150310,土地0建物1車位0,見其他登記事項,5,公寓(5樓含以下無電梯),住家用,鋼筋混凝土造,0821213,160.84,3,2,3,有,有,有,14500,90,,0.0,0,國家住宅及都市更新中心社會住宅包租代管中央版第五期計畫租金總額含管理費；,RPSNMLOLLHLGFAD08CC,整棟(戶)出租,有,1150310~1160309,無,冷氣、熱水器、洗衣機、電視機、冰箱,社會住宅代管
北區,租賃房屋,臺南市北區公園北路１３２號,0.0,,,,1150324,土地0建物0車位0,全,2,透天厝,住工用,加強磚造,0560101,11.93,26,0,26,有,無,有,3800,319,,0.0,0,公園北206房租金總額含水費；續租案件；,RPTNMLOLLHLGFAD18CC,分租套房,無,1150401~1160331,無,冷氣、熱水器、網路,一般轉租
北區,租賃房屋,臺南市北區實踐街１０３巷１９弄１０號,0.0,,,,1150319,土地0建物0車位0,全,3,透天厝,住家用,鋼筋混凝土構造,1040331,17.77,11,0,11,有,無,有,6500,366,,0.0,0,實踐301房租金總額含水費；,RPUNMLOLLHLGFAD28CC,分租套房,無,1150301~1160210,無,冷氣、熱水器、洗衣機、電視機、冰箱、網路,一般轉租
北區,租賃房屋,臺南市北區大武街１３８號五樓之２,0.0,,,,1150316,土地0建物1車位0,五層,13,住宅大樓(11層含以上有電梯),集合住宅,鋼筋混凝土造,0911227,142.38,3,2,2,有,有,有,15000,105,,0.0,0,另有管理費800元，由承租人負擔。,RPVNMLOLLHLGFAD38CC,整棟(戶)出租,有,1150316~1160315,有,冷氣、熱水器、洗衣機、電視機、冰箱、瓦斯或天然氣,社會住宅包租轉租
北區,租賃房屋,臺南市北區公園北路１３２號,0.0,,,,1150320,土地0建物0車位0,全,2,透天厝,住工用,加強磚造,0560101,11.93,26,0,26,有,無,有,3800,319,,0.0,0,公園北207房租金總額含水費；,RPWNMLOLLHLGFAD48CC,分租套房,無,1150301~1160430,無,冷氣、熱水器、網路,一般轉租
北區,租賃房屋,臺南市北區公園北路１３２號,0.0,,,,1150322,土地0建物0車位0,全,2,透天厝,住工用,加強磚造,0560101,11.93,26,0,26,有,無,有,3400,285,,0.0,0,公園北202房租金總額含水費；,RPXNMLOLLHLGFAD58CC,分租套房,無,1150301~1150430,無,冷氣、熱水器、網路,一般轉租
安平區,租賃房屋,臺南市安平區建平十一街３６１之１號,0.0,,,,1150323,土地0建物1車位0,一層,6,華廈(10層含以下有電梯),住家用,鋼筋混凝土造,0800510,97.49000000000001,3,2,2,有,有,有,14000,144,,0.0,0,此為國家住宅及都市更新中心社會住宅包租代管第5期計畫。,RPOOMLOLLHLGFAD77CC,整棟(戶)出租,有,1150325~1160324,有,熱水器、瓦斯或天然氣,社會住宅包租轉租
北區,租賃房屋,臺南市北區東豐路１３３巷２９號五樓之２,0.0,,,,1150306,土地0建物1車位0,五層,5,公寓(5樓含以下無電梯),住家用,鋼筋混凝土造,0691015,69.76,2,2,1,有,無,有,14000,201,,0.0,0,國家住宅及都市更新中心社會住宅包租代管中央版第五期計畫,RPPOMLOLLHLGFAD87CC,整棟(戶)出租,無,1150314~1160313,無,冷氣、熱水器、洗衣機、電視機、冰箱,社會住宅代管
北區,租賃房屋,臺南市北區力行三街５號,0.0,,,,1150321,土地0建物0車位0,全,4,透天厝,住宅、停車空間,鋼筋混凝土造,0970722,29.57,16,0,16,有,無,有,6200,210,,0.0,0,力行三5-101房租金總額含水費；,RPQOMLOLLHLGFAD97CC,分租套房,無,1150301~1150630,無,冷氣、熱水器、電視機、冰箱、網路,一般轉租
北區,租賃房屋,臺南市北區大武街３０４之２號,0.0,,,,1150321,土地0建物0車位0,全,4,透天厝,住家用,鋼筋混凝土造,0730106,11.57,23,0,21,有,無,有,5000,432,,0.0,0,大武402房租金總額含水費；,RPROMLOLLHLGFAD08CC,分租套房,無,1150301~1150811,無,冷氣、熱水器、冰箱,一般轉租
安平區,租賃房屋+車位,臺南市安平區建平七街５５０號１１樓之９,0.0,,,,1150319,土地0建物1車位1,十一層,22,住宅大樓(11層含以上有電梯),集合住宅,鋼筋混凝土造,1121108,92.38,2,1,2,有,有,有,19510,211,坡道機械,18.54,0,租金21000元，包含管理費1490元房屋1340+車位150元及機械車位和機車車位各1個,RPSOMLOLLHLGFAD18CC,整棟(戶)出租,有,1150401~1160331,有,冷氣、熱水器、洗衣機、電視機、冰箱,
中西區,租賃房屋,臺南市中西區忠孝街１１６巷５號,0.0,,,,1150311,土地0建物1車位0,見其他登記事項,1,店面(店鋪),住家用,磚造,,46.44,1,1,1,有,無,無,11000,237,,0.0,0,1.契約書未約定土地租賃標的。2.由所有權人提供租屋資訊。3.雙方同意115/3/11至115/4/10為免租期不收租金。租賃期間有約定不同租金民國120年3月11日起每月租金調高2000元整租金為每月13000元整。；,RPTOMLOLLHLGFAD28CC,,無,1150311~1250310,無,,
北區,租賃房屋,臺南市北區大武街３０４之２號,0.0,,,,1150321,土地0建物0車位0,全,4,透天厝,住家用,鋼筋混凝土造,0730106,11.57,23,0,21,有,無,有,5000,432,,0.0,0,大武305房租金總額含水費；,RPUOMLOLLHLGFAD38CC,分租套房,無,1150301~1150831,無,冷氣、熱水器、冰箱,一般轉租
北區,租賃房屋,臺南市北區大武街３０４之２號,0.0,,,,1150324,土地0建物0車位0,全,4,透天厝,住家用,鋼筋混凝土造,0730106,11.57,23,0,21,有,無,有,5000,432,,0.0,0,大武403房租金總額含水費；,RPVOMLOLLHLGFAD48CC,分租套房,無,1150301~1150415,無,冷氣、熱水器、冰箱,一般轉租
中西區,租賃房屋,臺南市中西區和善街１０２號,0.0,,,,1150320,土地0建物0車位0,全,2,透天厝,住家用,加強磚造,0640804,18.0,5,0,5,有,無,有,12800,711,,0.0,0,承租人負擔垃圾清潔費500/月租金總額含水費；網路費；其他第四台；含增建或未登記建物；,RPPPMLOLLHLGFAD97CC,分租套房,無,1150321~1160320,無,冷氣、熱水器、洗衣機、電視機、冰箱、有線電視、網路,一般轉租
中西區,租賃房屋,臺南市中西區五妃街２５８號八樓之２,0.0,,,,1150320,土地0建物1車位0,八層,8,華廈(10層含以下有電梯),集合住宅,鋼筋混凝土造,0931203,70.99000000000001,2,1,1,有,有,有,16000,225,,0.0,0,台南市政府包租代管第4期計畫之物件。多人共同承租2；續租案件；,RPQPMLOLLHLGFAD08CC,整棟(戶)出租,有,1150401~1160114,有,冷氣、熱水器、洗衣機、電視機、冰箱、瓦斯或天然氣,社會住宅包租轉租
中西區,租賃房屋,臺南市中西區信義街１０８巷４３號五樓之８,0.0,,,,1150301,土地0建物1車位0,五層,6,華廈(10層含以下有電梯),住家用,鋼筋混凝土造,0820327,25.05,1,1,1,有,有,有,5000,200,,0.0,0,參加公會版住宅包租代管五期計畫,RPRPMLOLLHLGFAD18CC,獨立套房,有,1150301~1160228,有,冷氣、熱水器、電視機、冰箱,社會住宅代管
中西區,租賃房屋,臺南市中西區大德街１０２號三樓之３,0.0,,,,1150306,土地0建物1車位0,三層,5,公寓(5樓含以下無電梯),住家用,鋼筋混凝土造,0720502,44.47,1,1,1,有,無,有,6800,153,,0.0,0,台南市社會住宅包租代管第5期計畫公會版租金依照租金水準區間表評定,RPSPMLOLLHLGFAD28CC,獨立套房,無,1150327~1180326,無,冷氣、熱水器、洗衣機、電視機、冰箱,社會住宅包租轉租
安平區,租賃房屋,臺南市安平區華平路７２１號,0.0,,,,1150314,土地0建物0車位0,全,4,透天厝,停車空間、店舖、住宅,ＲＣ造,0940516,54.94,4,2,4,有,無,有,17000,309,,0.0,0,承租人負擔垃圾清潔費500/月多人共同承租2；租金總額含水費；網路費；其他第四台；含增建或未登記建物；,RPTPMLOLLHLGFAD38CC,分租套房,無,1150314~1160313,無,冷氣、熱水器、洗衣機、電視機、冰箱、有線電視、網路,一般代管
中西區,租賃房屋,臺南市中西區金華路三段２１８號十六樓之１１,0.0,,,,1150301,土地0建物1車位0,十六層,18,住宅大樓(11層含以上有電梯),住家用,鋼筋混凝土造,0840704,48.53,1,1,1,有,有,有,11000,227,,0.0,0,參加公會版住宅包租代管五期計畫,RPUPMLOLLHLGFAD48CC,獨立套房,有,1150301~1180228,有,冷氣、熱水器、洗衣機、電視機、冰箱,社會住宅代管
安平區,租賃房屋,臺南市安平區華平路７２１號,0.0,,,,1150303,土地0建物0車位0,全,4,透天厝,停車空間、店舖、住宅,ＲＣ造,0940516,54.94,4,2,4,有,無,有,17500,319,,0.0,0,承租人負擔清潔費500/月租金總額含水費；網路費；其他第四台；含增建或未登記建物；,RPVPMLOLLHLGFAD58CC,分租套房,無,1150303~1160302,無,冷氣、熱水器、洗衣機、電視機、冰箱、有線電視、網路,一般代管
北區,租賃房屋,臺南市北區成功路６８巷１４號三樓之２,0.0,,,,1150302,土地0建物1車位0,三層,5,公寓(5樓含以下無電梯),住家用,鋼筋混凝土造,0730509,86.83,3,2,2,有,無,有,16000,184,,0.0,0,台南市社會住宅包租代管第4期計畫公會版租金依照租金水準區間表評定續租案件；,RPXPMLOLLHLGFAD78CC,整棟(戶)出租,無,1150307~1160306,無,冷氣、熱水器、洗衣機、電視機、冰箱、瓦斯或天然氣,社會住宅代管
中西區,租賃房屋,臺南市中西區民族路二段１０７號五樓之３,0.0,,,,1150316,土地0建物1車位0,五層,13,住宅大樓(11層含以上有電梯),住家用,鋼筋混凝土造,0831019,134.03,3,2,2,有,有,有,21000,157,,0.0,0,參加國家住宅及都市更新中心辦理社會住宅包租代管增辦第四期計畫公會版續租案件；,RPOQMLOLLHLGFAD97CC,整棟(戶)出租,有,1150318~1160317,有,冷氣、熱水器,社會住宅代管
安平區,租賃房屋,臺南市安平區建平七街５６０號九樓之７,0.0,,,,1150319,土地0建物1車位0,九層,22,住宅大樓(11層含以上有電梯),集合住宅,鋼筋混凝土造,1121108,73.3,2,1,1,有,有,有,16000,218,,0.0,0,台南市不動產租賃公會民間住宅包租代管第5期計畫之物件。,RPPQMLOLLHLGFAD08CC,整棟(戶)出租,有,1150324~1160323,有,冷氣、熱水器、洗衣機、電視機、冰箱,社會住宅包租轉租
中西區,租賃房屋,臺南市中西區宮後街１４號,0.0,,,,1150323,土地0建物0車位0,全,5,透天厝,住家用,鋼筋混凝土構造,1010604,21.49,30,2,30,有,無,有,8500,396,,0.0,0,租金總額含水費；網路費；其他第四台；含增建或未登記建物；,RPQQMLOLLHLGFAD18CC,分租套房,無,1150323~1160323,有,冷氣、熱水器、洗衣機、電視機、冰箱、有線電視、網路,一般代管
中西區,租賃房屋,臺南市中西區宮後街１４號,0.0,,,,1150323,土地0建物0車位0,全,5,透天厝,住家用,鋼筋混凝土構造,1010604,19.27,30,2,30,有,無,有,7500,389,,0.0,0,租金總額含水費；網路費；其他第四台；含增建或未登記建物；,RPRQMLOLLHLGFAD28CC,分租套房,無,1150323~1160323,有,冷氣、熱水器、洗衣機、電視機、冰箱、有線電視、網路,一般代管
中西區,租賃房屋,臺南市中西區中和街９５號,0.0,,,,1150322,土地0建物0車位0,全,4,透天厝,住家用,鋼筋混凝土造,0661003,15.52,8,3,8,有,無,有,7500,483,,0.0,0,租金總額含水費；網路費；含增建或未登記建物；,RPSQMLOLLHLGFAD38CC,分租套房,無,1150322~1160323,無,冷氣、熱水器、洗衣機、電視機、冰箱、網路,一般轉租
安平區,租賃房屋,臺南市安平區國平北路１３７號八樓之１１,0.0,,,,1150225,土地0建物1車位0,八層,34,住宅大樓(11層含以上有電梯),集合住宅,鋼骨鋼筋混凝土造、鋼筋混凝土造,1140415,76.6,2,2,1,有,有,有,18000,235,,0.0,0,?參加公會版住宅包租代管五期計畫租金總額含管理費；,RPUQMLOLLHLGFAD58CC,整棟(戶)出租,有,1150301~1160228,有,冷氣、熱水器、冰箱,社會住宅包租轉租
中西區,租賃房屋,臺南市中西區大同路一段４６巷５４-２號,0.0,,,,1150312,土地0建物1車位0,一層,5,店面(店鋪),商業用,鋼筋混凝土造,0870706,54.63,0,0,0,無,有,無,24000,439,,0.0,0,承租方負擔管理費2500/月租金總額含網路費；其他第四台；,RPVQMLOLLHLGFAD68CC,,無,1150401~1170331,無,冷氣、有線電視、網路,
安平區,土地,金華段147-15地號,184.0,商,,,1150309,土地2建物0車位0,,,其他,,,,0.0,0,0,0,無,無,無,15000,82,,0.0,0,,RPWQMLOLLHLGFAD78CC,,,1150401~1170331,,,
中西區,租賃房屋,臺南市中西區忠明街４９號五樓之３,0.0,,,,1150320,土地0建物1車位0,五層,6,華廈(10層含以下有電梯),住家用,鋼筋混凝土造,0800903,25.049999999999997,1,0,1,有,有,有,8000,319,,0.0,0,台南市不動產租賃公會民間住宅包租代管第5期計畫之物件。管理費600元由出租人負擔。,RPXQMLOLLHLGFAD88CC,獨立套房,有,1150323~1160322,有,冷氣、熱水器、洗衣機、冰箱,社會住宅代管
安南區,租賃房屋,臺南市安南區海佃路二段１５０巷１１２弄１之２２號,0.0,,,,1150320,土地0建物1車位0,全,4,透天厝,住宅，停車空間,鋼筋混凝土造,0931202,191.57,4,2,3,有,無,有,15000,78,,0.0,0,,RPPNMLOLLHLGFBD87CC,整棟(戶)出租,無,1150321~1160320,無,冷氣、熱水器、洗衣機、電視機、冰箱、瓦斯或天然氣,社會住宅代管
安南區,租賃房屋,臺南市安南區樂活一街６２號十六樓,0.0,,,,1150304,土地0建物1車位0,十六層,27,住宅大樓(11層含以上有電梯),集合住宅,鋼筋混凝土造,1130116,173.42,2,2,2,有,有,有,23000,133,,0.0,0,國家住宅及都市更新中心社會住宅包租代管中央版第五期計畫租金總額含管理費；未租賃車位，建物登記含有車位面積；,RPQNMLOLLHLGFBD97CC,整棟(戶)出租,有,1150305~1170304,有,冷氣、熱水器、洗衣機、冰箱,社會住宅代管
安南區,租賃房屋,臺南市安南區北安路二段４３３巷１０２號,0.0,,,,1150311,土地0建物1車位0,見其他登記事項,2,店面(店鋪),店舖，住宅，停車空間,鋼骨構造有牆,1031020,534.15,4,1,6,有,無,無,110000,206,,0.0,0,門牌整編，依謄本門牌申報。現場門牌為臺南市安南區梅花一路102號租金總額含稅；其他二代健保；租賃期間有約定不同租金民國115年3月15日起至115年9月14日為裝修期，每月租金新臺幣60000元。民國115年9月15日起至120年3月14日止，每月租金新臺幣110000元整。民國120年3月15日起至125年3月14日止，每月租金新臺幣130000元整。民國125年3月15日起至130年3月14日止，每月租金新臺幣140000元整。民國130年3月15日起至135年3月14日止，每月租金新臺幣150000元整；,RPRNMLOLLHLGFBD08CC,,無,1150315~1350314,無,,
安南區,租賃房屋+車位,臺南市安南區安富二街８８號十樓之５,0.0,,,,1150228,土地0建物1車位1,十層,14,住宅大樓(11層含以上有電梯),集合住宅,鋼筋混凝土造,1140402,140.79000000000002,3,2,2,有,有,有,15000,107,坡道平面,26.43,0,參加公會版住宅包租代管五期計畫多人共同承租2；租金總額含管理費；,RPSNMLOLLHLGFBD18CC,整棟(戶)出租,有,1150301~1160228,有,冷氣、熱水器、洗衣機、冰箱,社會住宅代管
安南區,租賃房屋,臺南市安南區郡安路四段２７８巷１５弄６號三樓,0.0,,,,1150309,土地0建物1車位0,見其他登記事項,14,住宅大樓(11層含以上有電梯),住家用,鋼筋混凝土造,0870514,174.70999999999998,5,2,2,有,有,有,15000,86,,0.0,0,國家住宅及都市更新中心社會住宅包租代管中央版第五期計畫,RPTNMLOLLHLGFBD28CC,整棟(戶)出租,有,1150315~1180314,有,冷氣、熱水器、洗衣機、電視機、瓦斯或天然氣,社會住宅包租轉租
安南區,租賃房屋,臺南市安南區同安路３７０號,0.0,,,,1150226,土地0建物1車位0,全,2,透天厝,住商用,鋼筋混凝土造,0761017,135.71,5,2,6,有,無,有,75093,553,,0.0,0,租金總額含稅；含增建或未登記建物；,RPUNMLOLLHLGFBD38CC,,無,1150101~1151231,無,冷氣、熱水器、洗衣機、電視機、冰箱、瓦斯或天然氣,
安南區,租賃房屋,臺南市安南區府安路三段２８９巷４６弄１９號,0.0,,,,1150320,土地0建物1車位0,全,2,透天厝,住家用,加強磚造,0690219,90.4,3,1,2,有,無,有,15000,166,,0.0,0,台南市不動產租賃公會民間住宅包租代管第5期計畫之物件。多人共同承租2；,RPVNMLOLLHLGFBD48CC,整棟(戶)出租,無,1150325~1160324,無,冷氣、熱水器、洗衣機、冰箱、瓦斯或天然氣,社會住宅包租轉租
安南區,租賃房屋,臺南市安南區郡安路四段２５３巷６７號６樓,0.0,,,,1150226,土地0建物1車位0,六層,10,華廈(10層含以下有電梯),集合住宅,鋼筋混凝土造,0870428,115.12,3,2,2,有,有,有,19000,165,,0.0,0,參加公會版住宅包租代管五期計畫租金總額含管理費；,RPWNMLOLLHLGFBD58CC,整棟(戶)出租,有,1150301~1170229,有,冷氣、熱水器、洗衣機、電視機、冰箱、瓦斯或天然氣,社會住宅包租轉租
東區,租賃房屋,臺南市東區大同路二段６１巷１３６弄５０號,0.0,,,,1150323,土地0建物1車位0,全,2,透天厝,住家用,加強磚造,0620211,69.02,3,2,2,有,無,有,19000,275,,0.0,0,台南市社會住宅包租代管 增辦第四期計畫 公會版；水、電費由承租人負擔。續租案件；,RPPNMLOLLHLGFCD97CC,整棟(戶)出租,無,1150401~1160331,無,冷氣、熱水器、洗衣機、電視機,社會住宅代管
東區,租賃房屋,臺南市東區中華東路二段１９３號十四樓之５,0.0,,,,1150319,土地0建物1車位0,十四層,20,住宅大樓(11層含以上有電梯),住家用,鋼筋混凝土造,0841106,90.4,2,2,1,有,有,有,15000,166,,0.0,0,另有管理費1641元，由承租人負擔。,RPQNMLOLLHLGFCD08CC,整棟(戶)出租,有,1150320~1160319,有,冷氣、熱水器、洗衣機、電視機、冰箱、瓦斯或天然氣,社會住宅代管
東區,租賃房屋,臺南市東區中華東路二段１９３號八樓之６,0.0,,,,1150323,土地0建物1車位0,八層,20,住宅大樓(11層含以上有電梯),住家用,鋼筋混凝土造,0841106,34.33,1,0,1,有,有,有,7400,216,,0.0,0,台南市社會住宅包租代管 增辦第四期計畫公會版；水、電、瓦斯費由承租人負擔，租金已扣除管理費  600 元。續租案件；,RPRNMLOLLHLGFCD18CC,獨立套房,有,1150401~1160331,有,冷氣、熱水器、電視機、冰箱、瓦斯或天然氣,社會住宅代管
東區,租賃房屋,臺南市東區中華東路二段１９３號五樓之１４,0.0,,,,1150317,土地0建物1車位0,五層,20,住宅大樓(11層含以上有電梯),住家用,鋼筋混凝土造,0841106,34.33,1,1,1,有,有,有,7500,218,,0.0,0,另有管理費500元，由承租人負擔。,RPSNMLOLLHLGFCD28CC,獨立套房,有,1150320~1180319,有,冷氣、熱水器、洗衣機、冰箱,社會住宅包租轉租
東區,租賃房屋,臺南市東區慶東街３５號五樓,0.0,,,,1150311,土地0建物1車位0,五層,11,住宅大樓(11層含以上有電梯),住家用,鋼筋混凝土造,0800322,156.82,3,2,2,有,有,有,18000,115,,0.0,0,國家住宅及都市更新中心社會住宅包租代管中央版第五期計畫,RPTNMLOLLHLGFCD38CC,整棟(戶)出租,有,1150315~1160314,有,冷氣、熱水器、洗衣機、瓦斯或天然氣,社會住宅代管
南區,租賃房屋,臺南市南區喜樹路１０４巷３１號,0.0,,,,1150301,土地0建物1車位0,全,2,透天厝,住家用,加強磚造,0681109,74.36,2,2,2,有,無,有,13000,175,,0.0,0,參加公會版住宅包租代管五期計畫多人共同承租2；,RPUNMLOLLHLGFCD48CC,整棟(戶)出租,無,1150301~1160228,無,冷氣、熱水器,社會住宅代管
東區,租賃房屋,臺南市東區中華東路二段７３巷２之１號五樓,0.0,,,,1150301,土地0建物1車位0,五層,13,住宅大樓(11層含以上有電梯),住家用,鋼筋混凝土造,0811007,124.6,3,2,2,有,有,有,8000,64,,0.0,0,參加公會版住宅包租代管五期計畫租金總額含管理費；,RPVNMLOLLHLGFCD58CC,整棟(戶)出租,有,1150301~1160228,有,冷氣、熱水器、洗衣機、電視機、冰箱,社會住宅代管
南區,租賃房屋,臺南市南區中華南路二段３１５巷１２弄４號四樓,0.0,,,,1150309,土地0建物1車位0,四層,5,公寓(5樓含以下無電梯),集合住宅,鋼筋混凝土造,0700614,91.78999999999999,3,2,1,有,無,有,16500,180,,0.0,0,國家住宅及都市更新中心社會住宅包租代管中央版第五期計畫多人共同承租2；,RPWNMLOLLHLGFCD68CC,整棟(戶)出租,無,1150516~1160515,無,冷氣、熱水器,社會住宅代管
東區,租賃房屋+車位,臺南市東區東光路二段５８巷８號五樓,0.0,,,,1150320,土地0建物1車位1,五層,7,華廈(10層含以下有電梯),住家用,鋼筋混凝土造,0830629,102.0,2,1,1,有,有,有,15000,147,坡道平面,0.0,0,此為國家住宅及都市更新中心社會住宅包租代管第5期計畫。多人共同承租2；,RPXNMLOLLHLGFCD78CC,整棟(戶)出租,有,1150325~1160324,有,冷氣、熱水器、洗衣機、電視機、冰箱、瓦斯或天然氣,社會住宅包租轉租
東區,租賃房屋,臺南市東區富農街一段１３１巷４２弄７號五樓,0.0,,,,1150320,土地0建物1車位0,五層,9,華廈(10層含以下有電梯),住家用,鋼筋混凝土造,0840112,153.11,4,2,2,有,有,有,15000,98,,0.0,0,台南市政府包租代管第4期計畫之物件。未租賃車位，建物登記含有車位面積；,RPOOMLOLLHLGFCD97CC,整棟(戶)出租,有,1150320~1160319,有,冷氣、熱水器、冰箱、瓦斯或天然氣,社會住宅包租轉租
南區,租賃房屋,臺南市南區永興四街６１號,0.0,,,,1150319,土地0建物1車位0,全,3,透天厝,住商用,鋼筋混凝土造,0680109,166.35,7,2,2,有,無,有,16000,96,,0.0,0,台南市政府包租代管第4期計畫之物件。,RPPOMLOLLHLGFCD08CC,整棟(戶)出租,無,1150319~1160318,無,熱水器、電視機、瓦斯或天然氣,社會住宅代管
東區,租賃房屋,臺南市東區中華東路二段１９７號十三樓之１０,0.0,,,,1150317,土地0建物1車位0,十三層,20,住宅大樓(11層含以上有電梯),住家用,鋼筋混凝土造,0841106,97.62,2,2,1,有,有,有,15500,159,,0.0,0,多人共同承租2；續租案件；,RPROMLOLLHLGFCD28CC,整棟(戶)出租,有,1150402~1160401,有,冷氣、熱水器、洗衣機、電視機、冰箱、瓦斯或天然氣,一般轉租
東區,租賃房屋,臺南市東區民族路一段１８巷１號,0.0,,,,1150316,土地0建物0車位0,全,2,透天厝,住家用,加強磚造,0630312,20.16,4,1,4,有,無,有,7500,372,,0.0,0,租金總額含水費；網路費；含增建或未登記建物；續租案件；,RPTOMLOLLHLGFCD48CC,分租套房,無,1150316~1160316,無,冷氣、熱水器、洗衣機、電視機、冰箱、網路,一般代管
東區,租賃房屋,臺南市東區崇善十一街５４巷１號,0.0,,,,1150318,土地0建物1車位0,一層,1,店面(店鋪),店舖、辦公室,鋼骨構造,1110713,823.01,0,0,0,無,無,無,380000,462,,0.0,0,1.民國115年4月1日至民國115年8月31日，共5個月為裝修期，免計租金。2.汽車格:台南市東區崇善十一街56號辦公室門口左側全區停車場，共10格汽車格，免費使用。租金總額含稅；含有多個門牌且未個別計算租金台南市東區崇善十一街54巷1號、台南市東區仁和路122號；租賃期間有約定不同租金裝修期:115/04/01~115/08/31，月租金0元第1-3年:115/09/01~118/03/31，月租金380000元第4-6年:118/04/01~121/03/31，月租金402800元第7-9年:121/04/01~124/03/31，月租金426968元第10-12年:124/04/01~127/03/31，月租金452586元；,RPUOMLOLLHLGFCD58CC,,無,1150401~1270331,無,,
東區,租賃房屋,臺南市東區中華東路二段１９３號八樓之１,0.0,,,,1150319,土地0建物1車位0,八層,20,住宅大樓(11層含以上有電梯),住家用,鋼筋混凝土造,0841106,97.58000000000001,2,2,1,有,有,有,16000,164,,0.0,0,多人共同承租2；續租案件；,RPVOMLOLLHLGFCD68CC,整棟(戶)出租,有,1150405~1160404,有,冷氣、熱水器、洗衣機、電視機、冰箱、瓦斯或天然氣,一般轉租
東區,租賃房屋,臺南市東區中華東路一段１２號十二樓之１,0.0,,,,1150306,土地0建物1車位0,十二層,14,住宅大樓(11層含以上有電梯),住家用,ＲＣ造,0930712,61.96,1,0,1,有,有,有,13000,210,,0.0,0,國家住宅及都市更新中心社會住宅包租代管中央版第五期計畫,RPWOMLOLLHLGFCD78CC,獨立套房,有,1150310~1180309,有,冷氣、熱水器、洗衣機、電視機、冰箱,社會住宅包租轉租
南區,租賃房屋,臺南市南區金華路二段３９巷９２號,0.0,,,,1150226,土地0建物1車位0,全,2,透天厝,住家用,補強磚造,0640715,95.4,4,2,2,有,無,無,12000,126,,0.0,0,?參加公會版住宅包租代管五期計畫,RPXOMLOLLHLGFCD88CC,整棟(戶)出租,無,1150301~1180228,無,熱水器,社會住宅包租轉租
東區,租賃房屋,臺南市東區中華東路三段４５２巷８弄４號二樓之１,0.0,,,,1150315,土地0建物1車位0,二層,6,華廈(10層含以下有電梯),商業用,鋼筋混凝土造,0800613,87.27000000000001,3,2,1,有,有,有,15000,172,,0.0,0,參加國家住宅及都市更新中心辦理社會住宅包租代管增辦第四期計畫公會版租金總額含管理費；續租案件；,RPOPMLOLLHLGFCD08CC,整棟(戶)出租,無,1150501~1160430,有,熱水器,社會住宅代管
東區,租賃房屋,臺南市東區東寧路５３８巷５號四樓之１,0.0,,,,1150316,土地0建物1車位0,四層,7,華廈(10層含以下有電梯),住家用,鋼筋混凝土造,0780425,30.14,1,1,1,有,有,有,7000,232,,0.0,0,台南市社會住宅包租代管增辦第4期計畫公會版租金依照租金水準區間表評定,RPPPMLOLLHLGFCD18CC,獨立套房,有,1150320~1160319,有,冷氣、熱水器、洗衣機、電視機、冰箱,社會住宅代管
新營區,租賃房屋,臺南市新營區建業路１９３巷６號,0.0,,,,1150323,土地0建物1車位0,全,4,透天厝,住商用,鋼筋混凝土造,0810619,160.78,5,2,3,有,無,無,25000,155,,0.0,0,,RPPNMLOLLHLGFDD08CC,整棟(戶)出租,無,1150405~1170404,無,冷氣、熱水器,
新營區,租賃房屋,臺南市新營區民治路４１號八樓,0.0,,,,1150312,土地0建物1車位0,八層,13,住宅大樓(11層含以上有電梯),住家用,鋼筋混凝土造,0870828,127.88,3,2,2,有,有,有,18000,141,,0.0,0,國家住宅及都市更新中心社會住宅包租代管中央版第五期計畫,RPRNMLOLLHLGFDD28CC,整棟(戶)出租,有,1150312~1180311,有,冷氣、熱水器、洗衣機、冰箱,社會住宅包租轉租
新營區,租賃房屋+車位,臺南市新營區信義街６７之６號二樓,0.0,,,,1150315,土地0建物1車位1,二層,7,華廈(10層含以下有電梯),住家用,鋼筋混凝土造,0860707,173.5,3,2,2,有,有,無,10000,57,坡道平面,14.34,1000,參加國家住宅及都市更新中心辦理社會住宅包租代管第四期計畫公會版續租案件；,RPSNMLOLLHLGFDD38CC,整棟(戶)出租,無,1150505~1160504,有,冷氣、熱水器、瓦斯或天然氣,社會住宅代管
六甲區,租賃房屋,臺南市六甲區龜子港２８８巷２１弄３之９號,0.0,,,,1150319,土地0建物1車位0,全,3,透天厝,住家用,鋼筋混凝土造,0840608,137.58,2,2,3,有,無,無,7000,51,,0.0,0,台南市政府包租代管第4期計畫之物件。,RPPNMLOLLHLGFFD28CC,整棟(戶)出租,無,1150323~1160322,無,熱水器、瓦斯或天然氣,社會住宅包租轉租
麻豆區,租賃房屋,臺南市麻豆區民權路６５之１號四樓,0.0,,,,1150320,土地0建物1車位0,四層,5,華廈(10層含以下有電梯),集合住宅,鋼筋混凝土造,1121026,88.61,2,1,2,有,有,有,15000,169,,0.0,0,台南市不動產租賃公會民間住宅包租代管第5期計畫之物件。,RPQNMLOLLHLGFFD38CC,整棟(戶)出租,有,1150325~1160324,有,冷氣、熱水器、洗衣機、電視機、冰箱、瓦斯或天然氣,社會住宅包租轉租
麻豆區,租賃房屋+車位,臺南市麻豆區新生南路２１８巷６號３樓之２,0.0,,,,1150320,土地0建物1車位1,三層,14,住宅大樓(11層含以上有電梯),集合住宅,鋼筋混凝土造,1140122,188.3,3,2,2,有,有,有,25000,133,坡道平面,29.83,0,租金總額含管理費；,RPRNMLOLLHLGFFD48CC,整棟(戶)出租,有,1150320~1160324,有,冷氣、熱水器、洗衣機、電視機、冰箱、瓦斯或天然氣,一般代管
善化區,租賃房屋,臺南市善化區小新營５６-１６號,0.0,,,,1150316,土地0建物1車位0,全,3,透天厝,住家用,鋼筋混凝土造,0820908,193.53,4,2,3,有,無,有,23000,119,,0.0,0,,RPPNMLOLLHLGFHD48CC,整棟(戶)出租,無,1150316~1150915,無,冷氣、熱水器、洗衣機、冰箱,
善化區,租賃房屋+車位,臺南市善化區東勢?１５８號３樓之８,0.0,,,,1150319,土地0建物1車位1,三層,7,華廈(10層含以下有電梯),集合住宅,鋼筋混凝土造,1130820,119.17,3,1,2,有,有,有,22000,185,其他,11.75,0,,RPQNMLOLLHLGFHD58CC,整棟(戶)出租,有,1150320~1160319,有,冷氣、熱水器、洗衣機、電視機、冰箱,一般代管
新化區,租賃房屋,臺南市新化區信義路１６９號６樓之１４,0.0,,,,1150322,土地0建物1車位0,六層,9,華廈(10層含以下有電梯),住家用,鋼筋混凝土造,0840810,127.79,3,2,2,有,無,無,15000,117,,0.0,0,,RPRNMLOLLHLGFHD68CC,整棟(戶)出租,無,1150401~1160331,有,冷氣、熱水器、洗衣機、電視機、冰箱,一般包租
善化區,租賃房屋+車位,臺南市善化區公園路１５５號十三樓之７,0.0,,,,1150301,土地0建物1車位1,十三層,15,住宅大樓(11層含以上有電梯),集合住宅,鋼筋混凝土造,1130718,166.91,3,2,2,有,有,有,19500,117,坡道平面,45.62,0,參加公會版住宅包租代管五期計畫,RPSNMLOLLHLGFHD78CC,整棟(戶)出租,有,1150301~1160228,有,冷氣,社會住宅代管
新市區,租賃房屋,臺南市新市區富安路６７號四樓之３,0.0,,,,1150320,土地0建物1車位0,四層,11,住宅大樓(11層含以上有電梯),集合住宅,鋼筋混凝土造,1110602,91.34,2,1,2,有,有,有,15000,164,,0.0,0,台南市政府包租代管第4期計畫之物件。,RPTNMLOLLHLGFHD88CC,整棟(戶)出租,有,1150320~1160312,有,冷氣、熱水器、洗衣機、冰箱、瓦斯或天然氣,社會住宅包租轉租
新市區,租賃房屋,臺南市新市區豐榮１７６-１２號,0.0,,,,1150311,土地0建物1車位0,見其他登記事項,1,工廠,工廠,鋼骨構造有牆,1090401,160.16,0,0,0,無,無,無,30000,,,0.0,0,,RPVNMLOLLHLGFHD09CC,,無,1150401~1170331,無,,
新市區,租賃房屋,臺南市新市區綠園二街１０號十四樓之１,0.0,,,,1150319,土地0建物1車位0,十四層,15,住宅大樓(11層含以上有電梯),集合住宅,鋼筋混凝土造,1050727,94.75999999999999,2,2,1,有,有,有,16000,169,,0.0,0,台南市不動產租賃公會民間住宅包租代管第5期計畫之物件。,RPWNMLOLLHLGFHD56CC,整棟(戶)出租,有,1150321~1160320,有,冷氣、熱水器、洗衣機、電視機、冰箱、瓦斯或天然氣,社會住宅代管
仁德區,租賃房屋,臺南市仁德區太乙一街８號,0.0,,,,1150319,土地0建物1車位0,一層,1,工廠,工業用,鋼造,0851024,180.91,0,0,0,無,無,無,19000,,,0.0,0,,RPPNMLOLLHLGFID58CC,,無,1150401~1200515,無,,
歸仁區,租賃房屋+車位,臺南市歸仁區歸仁七路２２６號５樓之６,0.0,,,,1150311,土地0建物1車位1,五層,15,住宅大樓(11層含以上有電梯),集合住宅,鋼筋混凝土造,1121208,105.19,2,2,1,有,有,有,20000,190,坡道平面,25.79,0,租金總額含管理費；,RPQNMLOLLHLGFID68CC,整棟(戶)出租,有,1150311~1160224,有,冷氣、熱水器、洗衣機、電視機、冰箱、瓦斯或天然氣,
歸仁區,租賃房屋,臺南市歸仁區中正南路三段２９８號,0.0,,,,1150320,土地0建物1車位0,全,2,透天厝,住家用,加強磚造,0700701,153.38,4,2,2,有,無,有,13500,88,,0.0,0,台南市不動產租賃公會民間住宅包租代管第5期計畫之物件。續租案件；,RPSNMLOLLHLGFID88CC,整棟(戶)出租,無,1150320~1160319,無,冷氣、熱水器、電視機、瓦斯或天然氣,社會住宅代管
歸仁區,租賃房屋,臺南市歸仁區南興里文化九街４９號四樓,0.0,,,,1150323,土地0建物1車位0,四層,5,華廈(10層含以下有電梯),住家用,鋼筋混凝土造,0840915,151.86,4,2,2,有,有,無,15000,99,,0.0,0,台南市不動產租賃公會民間住宅包租代管第5期計畫之物件。續租案件；,RPUNMLOLLHLGFID09CC,整棟(戶)出租,有,1150323~1160322,有,熱水器、瓦斯或天然氣,社會住宅包租轉租
仁德區,租賃房屋,臺南市仁德區北保二街１８號,0.0,,,,1150323,土地0建物0車位0,全,2,透天厝,住商用,加強磚造,0710225,14.46,6,1,6,有,無,有,7000,484,,0.0,0,租金總額含水費；網路費；含增建或未登記建物；,RPVNMLOLLHLGFID56CC,分租套房,無,1150323~1160324,無,冷氣、熱水器、洗衣機、電視機、冰箱、網路,一般代管
仁德區,租賃房屋,臺南市仁德區中正西路３６０巷２０弄４１號四樓之１９,0.0,,,,1150310,土地0建物1車位0,四層,4,華廈(10層含以下有電梯),辦公室,鋼筋混凝土造,0960920,14.149999999999999,1,0,1,有,有,有,2600,184,,0.0,0,含增建或未登記建物；,RPWNMLOLLHLGFID66CC,獨立套房,有,1150321~1150920,有,冷氣、熱水器、電視機、冰箱、網路,一般代管
永康區,租賃房屋+車位,臺南市永康區東橋十街７５號１８樓之２,0.0,,,,1150321,土地0建物1車位1,十八層,18,住宅大樓(11層含以上有電梯),集合住宅,鋼筋混凝土造,1140605,108.62,2,2,1,有,有,有,27000,249,坡道平面,22.99,0,租金總額含管理費；,RPPNMLOLLHLGFKD78CC,整棟(戶)出租,有,1150401~1160331,有,冷氣、熱水器、洗衣機、電視機、冰箱,
永康區,租賃房屋+車位,臺南市永康區仁愛街４６之７號２樓,0.0,,,,1150307,土地0建物1車位1,二層,7,華廈(10層含以下有電梯),住家用,鋼筋混凝土造,0820428,118.41,2,2,2,有,有,有,17500,148,坡道平面,0.0,0,1.契約書未約定土地租賃標的。2.由所有權人提供租屋資訊。租金總額含管理費；續租案件；,RPQNMLOLLHLGFKD88CC,整棟(戶)出租,有,1150402~1170401,有,冷氣、熱水器、洗衣機、冰箱、瓦斯或天然氣,
永康區,租賃房屋,臺南市永康區五王里中山東路１６０號八樓之１,0.0,,,,1150319,土地0建物1車位0,八層,11,住宅大樓(11層含以上有電梯),住家用,鋼筋混凝土造,0900110,47.459999999999994,1,1,1,有,有,有,14500,306,,0.0,0,台南市不動產租賃公會民間住宅包租代管第4期計畫之物件。續租案件；,RPRNMLOLLHLGFKD98CC,獨立套房,有,1150327~1160326,有,冷氣、熱水器、洗衣機、電視機、冰箱、瓦斯或天然氣,社會住宅代管
永康區,租賃房屋,臺南市永康區中華一路１巷２號四樓之２９,0.0,,,,1150301,土地0建物1車位0,四層,4,公寓(5樓含以下無電梯),住家用,鋼筋混凝土造,0731001,96.65,3,2,1,有,無,有,16000,166,,0.0,0,參加公會版住宅包租代管五期計畫,RPTNMLOLLHLGFKD56CC,整棟(戶)出租,無,1150301~1180228,無,冷氣、熱水器、洗衣機、電視機、冰箱,社會住宅代管
永康區,租賃房屋,臺南市永康區中華路６６１巷１０號,0.0,,,,1150315,土地0建物1車位0,全,2,透天厝,住商用,鋼筋混凝土造,0761019,143.16,4,2,3,有,無,有,20000,140,,0.0,0,國家住宅及都市更新中心社會住宅包租代管中央版第五期計畫,RPVNMLOLLHLGFKD76CC,整棟(戶)出租,無,1150315~1160314,無,冷氣、熱水器、洗衣機,社會住宅代管
永康區,租賃房屋,臺南市永康區復華六街７０號,0.0,,,,1150228,土地0建物1車位0,全,2,透天厝,住家用,鋼筋混凝土造,0741107,101.78,5,2,2,有,無,無,15000,147,,0.0,0,,RPXNMLOLLHLGFKD96CC,整棟(戶)出租,無,1150406~1170405,無,冷氣,
永康區,租賃房屋+車位,臺南市永康區永安路１０５巷２７號二樓,0.0,,,,1150317,土地0建物1車位1,二層,6,華廈(10層含以下有電梯),住家用,鋼筋混凝土造,0821027,115.16,3,1,2,有,有,無,18000,156,坡道平面,0.0,2500,參加國家住宅及都市更新中心辦理社會住宅包租代管增辦第四期計畫公會版租金總額含管理費；續租案件；,RPPOMLOLLHLGFKD88CC,整棟(戶)出租,有,1150410~1160409,有,冷氣、熱水器,社會住宅代管
永康區,租賃房屋,臺南市永康區中華二路２６６巷３２號六樓之１,0.0,,,,1150320,土地0建物1車位0,六層,7,華廈(10層含以下有電梯),住家用,鋼筋混凝土造,0870602,32.7,1,0,1,有,有,有,7100,217,,0.0,0,台南市不動產租賃公會民間住宅包租代管第5期計畫之物件。管理費900元由出租人負擔。續租案件；,RPQOMLOLLHLGFKD98CC,獨立套房,有,1150321~1160320,有,冷氣、熱水器、電視機、冰箱,社會住宅包租轉租
永康區,租賃房屋,臺南市永康區中山南路４６７巷１５號,0.0,,,,1150324,土地0建物0車位0,全,2,透天厝,廠房、辦公室、倉庫、員工宿舍。,加強磚造,0690301,24.12,23,23,23,有,無,有,11000,456,,0.0,0,多人共同承租2；租金總額含水費；網路費；含增建或未登記建物；,RPROMLOLLHLGFKD09CC,分租套房,無,1150324~1160324,無,冷氣、熱水器、洗衣機、電視機、冰箱、網路,一般代管
永康區,租賃房屋,臺南市永康區勝利里勝利街２２巷５弄９號二樓,0.0,,,,1150319,土地0建物1車位0,二層,9,華廈(10層含以下有電梯),住家用,鋼筋混凝土造,0831216,106.88,3,2,2,有,有,有,10000,94,,0.0,0,台南市政府包租代管第4期計畫之物件。未租賃車位，建物登記含有車位面積；,RPSOMLOLLHLGFKD56CC,整棟(戶)出租,有,1150319~1160514,有,冷氣、熱水器、瓦斯或天然氣,社會住宅包租轉租
永康區,租賃房屋,臺南市永康區尚頂路７３號,0.0,,,,1150316,土地0建物2車位0,見其他登記事項,1,工廠,廠房、辦公室。,鋼造,0770406,339.04,0,0,0,無,無,無,58000,,,0.0,0,1.租金為58000每月營業稅外加2.建號:00271-001總面積:109.5+附屬面積:15.67+12.48,RPVOMLOLLHLGFKD86CC,,無,1150417~1200416,無,,
永康區,租賃房屋,臺南市永康區復華三街９０巷１２號十一樓之２,0.0,,,,1150316,土地0建物1車位0,十一層,17,住宅大樓(11層含以上有電梯),集合住宅,鋼筋混凝土造,0831108,143.76,3,1,2,有,有,無,13500,94,,0.0,0,參加國家住宅及都市更新中心辦理社會住宅包租代管增辦第四期計畫公會版續租案件；,RPWOMLOLLHLGFKD96CC,整棟(戶)出租,有,1150420~1160419,有,冷氣、熱水器、冰箱、瓦斯或天然氣,社會住宅代管
永康區,租賃房屋,臺南市永康區大灣路７６４巷５６號２樓之２１,0.0,,,,1150315,土地0建物1車位0,二層,6,華廈(10層含以下有電梯),辦公室,鋼筋混凝土造,0940708,16.73,1,0,1,有,有,有,4000,239,,0.0,0,含增建或未登記建物；,RPXOMLOLLHLGFKD07CC,獨立套房,有,1150317~1150916,有,冷氣、熱水器、電視機、冰箱、網路,一般代管
永康區,租賃房屋,臺南市永康區鹽州里鹽忠街１１８號６樓之１５,0.0,,,,1150316,土地0建物1車位0,六層,8,華廈(10層含以下有電梯),辦公室,鋼筋混凝土造,0950918,17.08,1,0,1,有,有,有,4300,252,,0.0,0,含增建或未登記建物；,RPOPMLOLLHLGFKD88CC,獨立套房,有,1150325~1150924,有,冷氣、熱水器、電視機、冰箱、網路,一般代管
永康區,租賃房屋,臺南市永康區復華里復國一路４７５巷２８號四樓之１５,0.0,,,,1150318,土地0建物1車位0,四層,5,華廈(10層含以下有電梯),住家用,鋼筋混凝土構造,1070402,13.61,1,0,1,有,有,有,4350,320,,0.0,0,含增建或未登記建物；,RPPPMLOLLHLGFKD98CC,獨立套房,有,1150318~1150917,有,冷氣、熱水器、電視機、冰箱、網路,一般代管
永康區,租賃房屋,臺南市永康區尚頂路６８號,0.0,,,,1150309,土地0建物1車位0,見其他登記事項,1,廠辦,廠房、辦公室、會議室、員工客廳、宿舍。,鋼造,0761126,799.27,0,0,0,無,無,無,275000,344,,0.0,0,廠房作為球類運動場館之用含增建或未登記建物；租賃期間有約定不同租金合約租期120/3/9-125/3/8共伍年租金調幅3%每月租金調整為貳拾捌萬參仟貳佰伍拾元整稅外加；,RPRPMLOLLHLGFKD56CC,,無,1150309~1250308,無,,
永康區,租賃房屋,臺南市永康區大灣一街３７巷７弄１２號二樓之３,0.0,,,,1150312,土地0建物1車位0,一層,7,華廈(10層含以下有電梯),住家用,鋼筋混凝土造,0820513,133.87,3,2,2,有,有,有,15000,112,,0.0,0,國家住宅及都市更新中心社會住宅包租代管中央版第五期計畫,RPSPMLOLLHLGFKD66CC,整棟(戶)出租,有,1150316~1180315,有,冷氣、熱水器、洗衣機、冰箱,社會住宅包租轉租
永康區,租賃房屋,臺南市永康區永大路二段６７７巷１號,0.0,,,,1150303,土地0建物1車位0,見其他登記事項,15,住宅大樓(11層含以上有電梯),住商用,鋼筋混凝土造,0830204,230.08999999999997,4,3,4,有,有,有,15000,65,,0.0,0,台南市社會住宅包租代管增辦第4期計畫公會版租金依照租金水準區間表評定續租案件；,RPTPMLOLLHLGFKD76CC,整棟(戶)出租,有,1150310~1160309,有,冷氣、熱水器、洗衣機、電視機、冰箱,社會住宅代管
永康區,租賃房屋,臺南市永康區新興街７８號七樓之１,0.0,,,,1150313,土地0建物1車位0,七層,8,華廈(10層含以下有電梯),住家用,鋼筋混凝土造,0801022,21.67,1,0,1,有,有,有,5500,254,,0.0,0,台南市社會住宅包租代管公會版第4期租金總額含管理費；續租案件；,RPUPMLOLLHLGFKD86CC,獨立套房,有,1150330~1160329,有,冷氣、熱水器、電視機、冰箱,社會住宅代管
東區,租賃房屋,臺南市東區大同路一段２４１巷５５號,0.0,,,,1150315,土地0建物1車位0,一層,5,公寓(5樓含以下無電梯),住家用,鋼筋混凝土造,0700602,86.94,3,2,1,有,無,有,16000,184,,0.0,0,多人共同承租2；,RPQNMLOLLHLGFCD18DC,整棟(戶)出租,無,1150401~1160331,無,冷氣、熱水器、洗衣機、冰箱、瓦斯或天然氣,
中西區,租賃房屋,臺南市中西區西門路二段３０７巷２２號七樓之３,0.0,,,,1150314,土地0建物1車位0,七層,7,華廈(10層含以下有電梯),住家用,鋼筋混凝土造,0810421,23.64,1,1,1,有,有,有,5000,212,,0.0,0,參加國家住宅及都市更新中心辦理社會住宅包租代管增辦第4期計畫公會版續租案件；,RPPNMLPLLHLGFAD87CC,獨立套房,有,1150314~1160313,有,冷氣、熱水器、電視機、冰箱,社會住宅代管
安平區,租賃房屋,臺南市安平區永華五街８號二十二樓,0.0,,,,1150322,土地0建物1車位0,二十二層,29,住宅大樓(11層含以上有電梯),集合住宅,鋼筋混凝土構造,1070921,195.74,3,2,2,有,有,有,30000,153,,0.0,0,管理費 : 3632元，由承租人負擔未租賃車位，建物登記含有車位面積；,RPRNMLPLLHLGFAD08CC,整棟(戶)出租,有,1150410~1180409,有,冷氣、熱水器、電視機、冰箱、瓦斯或天然氣,
中西區,租賃房屋,臺南市中西區尊王路１５０巷６號二樓之２,0.0,,,,1150323,土地0建物1車位0,二層,2,公寓(5樓含以下無電梯),商業用,鋼筋混凝土造,0720129,71.57,3,2,1,有,無,無,11000,154,,0.0,0,此為國家住宅及都市更新中心社會住宅包租代管第5期計畫。續租案件；,RPTNMLPLLHLGFAD28CC,整棟(戶)出租,無,1150325~1160324,無,冷氣、熱水器、瓦斯或天然氣,社會住宅代管
安平區,租賃房屋,臺南市安平區育平五街７７號十三樓之８,0.0,,,,1150323,土地0建物1車位0,十三層,13,住宅大樓(11層含以上有電梯),住家用,鋼筋混凝土造,0850919,129.51,3,2,2,有,有,有,24000,185,,0.0,0,台南市社會住宅包租代管第4期計畫。續租案件；,RPVNMLPLLHLGFAD48CC,整棟(戶)出租,有,1150410~1151225,有,冷氣、熱水器、洗衣機、瓦斯或天然氣,社會住宅代管
安平區,租賃房屋,臺南市安平區健康二街３９０號,0.0,,,,1150323,土地0建物0車位0,全,5,透天厝,住商用,鋼筋混凝土造,0810716,26.45,10,0,10,有,無,有,8000,302,,0.0,0,租金總額含網路費；續租案件；,RPWNMLPLLHLGFAD58CC,分租套房,無,1150401~1160331,有,冷氣、熱水器、洗衣機、電視機、冰箱、網路,一般代管
北區,租賃房屋+車位,臺南市北區中華北路一段２０３巷１６弄２２號六樓之８,0.0,,,,1150318,土地0建物1車位1,六層,14,住宅大樓(11層含以上有電梯),集合住宅,鋼筋混凝土造,1140814,113.94999999999999,2,1,1,有,有,有,23000,202,坡道平面,33.87,0,租金總額含管理費；,RPXNMLPLLHLGFAD68CC,整棟(戶)出租,有,1150401~1170331,有,冷氣、熱水器、洗衣機、電視機、冰箱、瓦斯或天然氣,
北區,租賃房屋,臺南市北區長榮路五段４１巷５８號７樓之５,0.0,,,,1150312,土地0建物1車位0,七層,14,住宅大樓(11層含以上有電梯),集合住宅,鋼筋混凝土造,0920916,148.9,3,2,2,有,有,無,20000,134,,0.0,0,,RPOOMLPLLHLGFAD87CC,整棟(戶)出租,有,1150401~1180331,有,熱水器、瓦斯或天然氣,
中西區,租賃房屋,臺南市中西區中正路１３１巷１５號,0.0,,,,1150319,土地0建物1車位0,一層,5,店面(店鋪),住家用,鋼筋混凝土造,0840925,43.51,0,1,1,有,無,無,12000,276,,0.0,0,租金總額含稅；,RPPOMLPLLHLGFAD97CC,,無,1150401~1160331,無,,
安平區,租賃房屋,臺南市安平區育平九街３７２巷１１４弄６號,0.0,,,,1150325,土地0建物1車位0,全,2,透天厝,住家用,鋼筋混凝土造,0760424,115.26,5,1,2,有,無,有,20000,174,,0.0,0,台南市社會住宅包租代管 第五期計畫 中央版；水、電費由承租人負擔。,RPQOMLPLLHLGFAD08CC,整棟(戶)出租,無,1150401~1160331,無,冷氣、熱水器,社會住宅代管
北區,租賃房屋,臺南市北區東豐路４３９號,0.0,,,,1150325,土地0建物1車位0,見其他登記事項,3,店面(店鋪),,鋼筋混凝土造,0681017,133.47,0,0,0,無,無,無,30000,225,,0.0,0,第一個月免租金，第二個月租金貳萬元整，後續依合約繳納租金。,RPROMLPLLHLGFAD18CC,,無,1150401~1200401,無,,
中西區,租賃房屋,臺南市中西區友愛街２５１巷１６號四樓之２,0.0,,,,1150325,土地0建物0車位0,四層,5,公寓(5樓含以下無電梯),住家用,鋼筋混凝土造,0730629,26.45,3,0,3,有,無,有,5500,208,,0.0,0,租金總額含網路費；其他第四台費用；租賃建物部分範圍，且未計入共有部分面積；續租案件；,RPSOMLPLLHLGFAD28CC,分租套房,無,1150401~1160331,無,冷氣、熱水器、洗衣機、電視機、冰箱、有線電視、網路,一般代管
安平區,租賃房屋,臺南市安平區郡平路１８８號５樓２０,0.0,,,,1150226,土地0建物1車位0,見其他登記事項,17,住宅大樓(11層含以上有電梯),住家用,鋼筋混凝土造,0850907,194.3,3,2,2,有,有,有,25000,129,,0.0,0,參加臺南市社會住宅包租代管第4期計畫租金總額含管理費；續租案件；,RPTOMLPLLHLGFAD38CC,整棟(戶)出租,有,1150301~1160228,有,冷氣、熱水器、電視機、瓦斯或天然氣,社會住宅代管
安平區,租賃房屋,臺南市安平區平通路５８０巷１０３號８樓之７,0.0,,,,1150226,土地0建物1車位0,八層,10,華廈(10層含以下有電梯),住家用,鋼筋混凝土造,0850822,143.78,3,2,2,有,有,有,12000,83,,0.0,0,參加臺南市社會住宅包租代管第4期計畫續租案件；,RPUOMLPLLHLGFAD48CC,整棟(戶)出租,有,1150301~1160131,有,冷氣、熱水器、瓦斯或天然氣,社會住宅代管
安南區,租賃房屋,臺南市安南區鎮安二街２７號,0.0,,,,1150320,土地0建物1車位0,全,4,透天厝,住宅，停車空間,鋼筋混凝土造,1040123,185.41,4,2,4,有,無,有,24000,129,,0.0,0,此為國家住宅及都市更新中心社會住宅包租代管第5期計畫。續租案件；,RPPNMLPLLHLGFBD97CC,整棟(戶)出租,無,1150401~1160331,無,熱水器、洗衣機、電視機、冰箱、瓦斯或天然氣,社會住宅代管
安南區,租賃房屋,臺南市安南區安中路四段２１０巷３５號,0.0,,,,1150312,土地0建物1車位0,全,3,透天厝,住商用,鋼筋混凝土造,0820401,227.08,4,2,2,有,無,無,30000,132,,0.0,0,屋主同意七天搬遷期免租期為115年3月12日至115年3月19日,RPRNMLPLLHLGFBD18CC,,無,1150319~1160318,無,冷氣,
安南區,租賃房屋,臺南市安南區永續三街８６號三樓之３,0.0,,,,1150319,土地0建物1車位0,三層,14,住宅大樓(11層含以上有電梯),集合住宅,鋼筋混凝土造,1090114,85.99000000000001,2,2,1,有,有,無,15000,174,,0.0,0,台南市政府包租代管第4期計畫之物件。續租案件；,RPSNMLPLLHLGFBD28CC,整棟(戶)出租,有,1150319~1151214,有,冷氣、熱水器、瓦斯或天然氣,社會住宅包租轉租
安南區,租賃房屋,臺南市安南區安吉路一段１２１號,0.0,,,,1150321,土地0建物1車位0,全,4,透天厝,住商用,鋼筋混凝土造,0950105,61.74,1,1,2,有,無,有,15000,243,,0.0,0,1.契約書未約定土地租賃標的2.由出租人提供租屋資訊3.水費150元/月由承租人負擔多人共同承租2；,RPTNMLPLLHLGFBD38CC,獨立套房,無,1150405~1160404,無,冷氣、洗衣機、電視機、冰箱、瓦斯或天然氣,
南區,租賃房屋,臺南市南區鹽埕路１６０巷４１號,0.0,,,,1150313,土地0建物1車位0,全,2,透天厝,住家用,加強磚造,0690607,104.14,4,2,2,有,無,有,13000,125,,0.0,0,台南市社會住宅包租代管公會版第4期續租案件；,RPPNMLPLLHLGFCD08CC,整棟(戶)出租,無,1150406~1160405,無,冷氣、熱水器,社會住宅代管
東區,租賃房屋,臺南市東區大同路二段４０３巷６８號四樓,0.0,,,,1150316,土地0建物1車位0,四層,5,公寓(5樓含以下無電梯),住家用,鋼筋混凝土造,0700921,132.57999999999998,3,2,2,有,無,有,14000,106,,0.0,0,台南市社會住宅包租代管公會版第4期續租案件；,RPTNMLPLLHLGFCD48CC,整棟(戶)出租,無,1150404~1160403,無,冷氣、熱水器、洗衣機、電視機、冰箱,社會住宅代管
南區,租賃房屋,臺南市南區府緯街１２１號,0.0,,,,1150318,土地0建物1車位0,一層,4,店面(店鋪),住商用,鋼筋混凝土造,0731017,54.23,0,2,1,有,無,無,13000,240,,0.0,0,民國115年3月20日至115年4月19日止為裝修期免租金。租賃面積：一層40.25㎡+騎樓13.98㎡=54.23㎡租金總額含稅；,RPUNMLPLLHLGFCD58CC,,無,1150320~1200419,無,,
南區,租賃房屋,臺南市南區金華路二段２２８巷９號３樓,0.0,,,,1150324,土地0建物1車位0,全,4,透天厝,住商用,鋼筋混凝土造,0691231,85.94,3,2,1,有,無,有,16000,186,,0.0,0,租金總額含水費；,RPVNMLPLLHLGFCD68CC,分層出租,無,1150501~1160430,無,冷氣、熱水器、冰箱,
南區,租賃房屋,臺南市南區鯤鯓路１６２巷１３弄１４號,98.44,住,,,1150316,土地1建物1車位0,全,2,透天厝,住家用,加強磚造,0610712,74.98,3,1,1,有,無,無,12000,160,,0.0,0,自簽約日115年3月16日至115年3月31日止為裝修期免租金多人共同承租4；,RPWNMLPLLHLGFCD78CC,整棟(戶)出租,無,1150401~1150731,無,冷氣、熱水器、洗衣機,
東區,租賃房屋,臺南市東區裕忠路１２８-２號,0.0,,,,1150322,土地0建物0車位0,全,4,透天厝,店鋪、住宅,鋼筋混凝土造,0921126,57.19,5,2,5,有,無,有,12000,210,,0.0,0,多人共同承租2；租金總額含水費；電費；其他冷氣電費1度5元另計由承租人負擔；,RPXNMLPLLHLGFCD88CC,分租套房,無,1150401~1160331,無,冷氣、熱水器、洗衣機、電視機、冰箱,
東區,租賃房屋,臺南市東區德祥街１６９號４樓之６,0.0,,,,1150322,土地0建物1車位0,四層,15,住宅大樓(11層含以上有電梯),集合住宅,鋼筋混凝土造,1140814,91.32,2,1,2,有,有,有,18000,197,,0.0,0,多人共同承租2；,RPOOMLPLLHLGFCD08CC,整棟(戶)出租,有,1150401~1160331,有,冷氣、熱水器、洗衣機、冰箱、瓦斯或天然氣,
東區,租賃房屋+車位,臺南市東區崇賢二路１２２號１３樓之５,0.0,,,,1150313,土地0建物1車位1,十三層,15,住宅大樓(11層含以上有電梯),集合住宅,鋼筋混凝土造,1130816,112.25,2,2,2,有,有,有,20000,178,坡道平面,26.25,0,多人共同承租2；其他一個機車車位；續租案件；,RPSOMLPLLHLGFCD48CC,整棟(戶)出租,有,1150501~1170430,有,冷氣、熱水器、洗衣機、冰箱,
東區,租賃房屋,臺南市東區中華東路二段１８５巷１８號,0.0,,,,1150314,土地0建物1車位0,見其他登記事項,20,住宅大樓(11層含以上有電梯),商業用,鋼筋混凝土造,0841106,95.81,1,2,2,有,有,無,20000,209,,0.0,0,租金總額含管理費；,RPTOMLPLLHLGFCD58CC,,有,1150314~1151214,有,,
麻豆區,租賃房屋,臺南市麻豆區中正路２０５號,0.0,,,,1150321,土地0建物0車位0,全,4,透天厝,Ｇ３店舖、Ｈ２住宅,鋼筋混凝土造,1131224,25.0,4,2,5,有,無,有,8000,320,,0.0,0,1.租賃房號為AF-12.租賃面積依照屋主提供之面積為25平方公尺。租金總額含水費；網路費；其他第四台；,RPPNMLPLLHLGFFD38CC,分租套房,無,1150401~1160331,有,冷氣、電視機、冰箱,一般代管
麻豆區,租賃房屋,臺南市麻豆區中正路２０７號,0.0,,,,1150321,土地0建物0車位0,全,4,透天厝,Ｇ３店舖、Ｈ２住宅,鋼筋混凝土造,1131224,25.0,4,2,5,有,無,有,8000,320,,0.0,0,1.租賃房號為BF-1。2.租賃面積依照屋主提供之面積為25平方公尺。租金總額含水費；網路費；其他第四台；,RPQNMLPLLHLGFFD48CC,分租套房,無,1150401~1160331,有,冷氣、電視機、冰箱,一般代管
七股區,租賃房屋,臺南市七股區竹橋２６之１７號,0.0,,,,1150226,土地0建物1車位0,全,3,透天厝,住家用,鋼筋混凝土造,1100511,157.29,4,2,3,有,無,有,20000,127,,0.0,0,參加臺南市社會住宅包租代管第4期計畫續租案件；,RPPNMLPLLHLGFGD48CC,整棟(戶)出租,無,1150301~1160228,無,熱水器,社會住宅代管
安定區,租賃房屋+車位,臺南市安定區港口里３８５號,0.0,,,,1150315,土地0建物1車位1,全,3,透天厝,住家用,鋼筋混凝土造,0830427,186.57,7,2,3,有,無,有,25000,134,一樓平面,0.0,0,,RPPNMLPLLHLGFHD58CC,整棟(戶)出租,無,1150315~1150915,無,冷氣、熱水器、瓦斯或天然氣,
安定區,租賃房屋,臺南市安定區安定２５６之１１７號,0.0,,,,1150311,土地0建物1車位0,一層,1,倉庫,農業設施,鋼骨造有牆,1140311,405.52,0,1,1,有,無,無,60000,,,0.0,0,自民國115年3月11日起至民國115年3月31日止為免租金裝潢期。租金總額含水費；,RPRNMLPLLHLGFHD78CC,,無,1150311~1170331,無,,
歸仁區,租賃房屋,臺南市歸仁區歸仁五路１７０號五樓之９,0.0,,,,1150315,土地0建物1車位0,五層,13,住宅大樓(11層含以上有電梯),集合住宅,鋼筋混凝土造,1140113,96.34,2,2,1,有,有,有,15000,156,,0.0,0,國家住宅及都市更新中心社會住宅包租代管中央版第五期計畫租金總額含管理費；未租賃車位，建物登記含有車位面積；,RPRNMLPLLHLGFID88CC,整棟(戶)出租,有,1150317~1160316,有,冷氣、熱水器、洗衣機、電視機、冰箱、瓦斯或天然氣,社會住宅代管
仁德區,租賃房屋,臺南市仁德區文賢路二段１５巷１８弄１７號５樓之２,0.0,,,,1150320,土地0建物0車位0,五層,10,華廈(10層含以下有電梯),住家用,鋼筋混凝土造,0920910,18.18,5,2,5,有,無,有,11500,633,,0.0,0,文賢507房租金總額含水費；網路費；其他垃圾代收費；租賃建物部分範圍，且未計入共有部分面積；,RPTNMLPLLHLGFID09CC,分租套房,無,1150320~1160319,有,冷氣、熱水器、洗衣機、電視機、冰箱、網路,一般轉租
仁德區,租賃房屋,臺南市仁德區仁德三街３７號,0.0,,,,1150323,土地0建物1車位0,全,1,透天厝,住家用,加強磚造,0660901,88.7,2,2,1,有,無,無,12000,135,,0.0,0,台南市社會住宅包租代管第4期計畫。整編前門牌：台南市仁德區中正路263巷19號續租案件；,RPVNMLPLLHLGFID66CC,整棟(戶)出租,無,1150325~1160324,無,熱水器,社會住宅代管
歸仁區,租賃房屋,臺南市歸仁區高鐵十二路１３３號,0.0,,,,1150322,土地0建物1車位0,全,4,透天厝,住家用,鋼筋混凝土造,0960215,192.07,5,2,3,有,無,有,32000,167,,0.0,0,,RPXNMLPLLHLGFID86CC,整棟(戶)出租,無,1150401~1160331,無,冷氣、熱水器、洗衣機、冰箱、瓦斯或天然氣,
歸仁區,租賃房屋,臺南市歸仁區歸仁七路２２２號１樓之１,0.0,,,,1150318,土地0建物1車位0,一層,15,住宅大樓(11層含以上有電梯),集合住宅,鋼筋混凝土造,1121208,197.43,4,2,2,有,有,有,20000,101,,0.0,0,未租賃車位，建物登記含有車位面積；,RPOOMLPLLHLGFID68CC,整棟(戶)出租,有,1150410~1160409,有,冷氣、熱水器、洗衣機、冰箱、瓦斯或天然氣,
仁德區,租賃房屋,臺南市仁德區二仁路一段６７號,0.0,,,,1150225,土地0建物0車位0,全,3,透天厝,住商用,鋼筋混凝土造,0731228,30.41,10,0,10,有,無,有,7500,247,,0.0,0,,RPPOMLPLLHLGFID78CC,分租套房,無,1150309~1150908,無,冷氣、熱水器、洗衣機、電視機、冰箱,一般轉租
玉井區,租賃房屋,臺南市玉井區劉陳１２４號,0.0,,,,1150226,土地0建物1車位0,全,2,透天厝,住家用,加強磚造,0710615,109.68,4,2,2,有,無,有,10000,91,,0.0,0,參加臺南市社會住宅包租代管第4期計畫多人共同承租2；續租案件；,RPQNMLPLLHLGFJD88CC,整棟(戶)出租,無,1150301~1160228,無,冷氣、熱水器,社會住宅代管
永康區,租賃房屋,臺南市永康區新興街７８號七樓之２,0.0,,,,1150313,土地0建物1車位0,七層,8,華廈(10層含以下有電梯),住家用,鋼筋混凝土造,0801022,21.67,1,0,1,有,有,有,5500,254,,0.0,0,台南市社會住宅包租代管公會版第4期租金總額含管理費；續租案件；,RPPNMLPLLHLGFKD88CC,獨立套房,有,1150404~1160403,有,冷氣、熱水器、電視機、冰箱,社會住宅代管
永康區,租賃房屋,臺南市永康區南工街３１１巷７９號１１樓之１,0.0,,,,1150319,土地0建物1車位0,十一層,11,住宅大樓(11層含以上有電梯),住家用,鋼筋混凝土造,0860926,90.57000000000001,4,2,2,有,有,有,18600,205,,0.0,0,參加國家住宅及都市更新中心辦理社會住宅包租代管第五期計畫中央版,RPQNMLPLLHLGFKD98CC,整棟(戶)出租,有,1150321~1160320,有,冷氣、熱水器、洗衣機、冰箱、瓦斯或天然氣,社會住宅代管
永康區,租賃房屋,臺南市永康區新興街７８號七樓之６,0.0,,,,1150313,土地0建物1車位0,七層,8,華廈(10層含以下有電梯),住家用,鋼筋混凝土造,0801022,22.45,1,0,1,有,有,有,5500,245,,0.0,0,台南市社會住宅包租代管公會版第4期租金總額含管理費；續租案件；,RPRNMLPLLHLGFKD09CC,獨立套房,有,1150415~1160414,有,冷氣、熱水器、冰箱,社會住宅代管
永康區,租賃房屋,臺南市永康區正南一街１９９號,302.29,工,,,1150224,土地1建物1車位0,見其他登記事項,2,廠辦,工業用,加強磚造、鋼筋混凝土造。,0701222,363.68,5,2,2,有,無,無,55000,151,,0.0,0,租金總額含稅；租賃期間有約定不同租金第一年55000/月，第二年起60000/月；,RPTNMLPLLHLGFKD66CC,,無,1150401~1200331,無,,
永康區,租賃房屋,臺南市永康區中山東路１５６號地下一層之５,0.0,,,,1150323,土地0建物1車位0,見其他登記事項,11,住宅大樓(11層含以上有電梯),住家用,鋼筋混凝土造,0900110,27.73,1,1,1,有,有,有,8180,295,,0.0,0,台南市社會住宅包租代管第4期計畫。管理費320元由出租人負擔續租案件；,RPUNMLPLLHLGFKD76CC,獨立套房,有,1150402~1160401,有,冷氣、熱水器、洗衣機、電視機、冰箱、瓦斯或天然氣,社會住宅包租轉租
永康區,租賃房屋+車位,臺南市永康區中華路４２５號１８樓之３,0.0,,,,1150324,土地0建物1車位1,十八層,22,住宅大樓(11層含以上有電梯),辦公室。,鋼筋混凝土造,0811215,220.43,2,1,0,有,有,無,28000,127,坡道平面,0.0,0,租金總額含稅；,RPWNMLPLLHLGFKD96CC,,有,1150501~1210430,有,冷氣,
永康區,租賃房屋,臺南市永康區中山南路４３巷４０弄２２號二樓,0.0,,,,1150324,土地0建物1車位0,二層,5,公寓(5樓含以下無電梯),住家用,鋼筋混凝土造,0710222,70.21000000000001,3,2,1,有,無,有,13500,192,,0.0,0,台南市社會住宅包租代管 第五期計畫 中央版；水、電費由承租人負擔。,RPXNMLPLLHLGFKD07CC,整棟(戶)出租,無,1150401~1170331,無,冷氣、熱水器、洗衣機、冰箱,社會住宅包租轉租
永康區,租賃房屋,臺南市永康區中華西街１５２號,0.0,,,,1150321,土地0建物0車位0,全,3,透天厝,店舖，住宅,鋼筋混凝土構造,1060118,29.75,14,0,14,有,無,有,11000,370,,0.0,0,1.契約書未約定土地租賃標的。   2.由所有權人提供租屋資訊。多人共同承租2；租金總額含水費；網路費；其他MOD；,RPOOMLPLLHLGFKD88CC,分租套房,無,1150401~1160331,無,冷氣、熱水器、洗衣機、電視機、冰箱、網路,一般代管
永康區,租賃房屋,臺南市永康區大灣一街１５３號,0.0,,,,1150325,土地0建物1車位0,全,4,透天厝,店舖，住宅,鋼筋混凝土造,1121227,183.64,4,2,4,有,無,無,35000,191,,0.0,0,1.契約書未約定土地租賃標的。2.由所有權人提供租屋資訊。,RPROMLPLLHLGFKD56CC,整棟(戶)出租,無,1150420~1170419,無,冷氣、熱水器,
永康區,租賃房屋,臺南市永康區復國一路３３９之２號十四樓之２,0.0,,,,1150324,土地0建物1車位0,十四層,16,住宅大樓(11層含以上有電梯),住家用,鋼筋混凝土構造,1070202,124.94999999999999,2,1,1,有,有,有,20000,160,,0.0,0,台南市社會住宅包租代管 第五期計畫 中央版；水、電、瓦斯費由承租人負擔，管理費1917元不包含在租金由承租人負擔。未租賃車位，建物登記含有車位面積；,RPSOMLPLLHLGFKD66CC,整棟(戶)出租,有,1150401~1160331,有,冷氣、熱水器、洗衣機、電視機、冰箱、瓦斯或天然氣,社會住宅代管
南區,租賃房屋,臺南市南區金華路二段３９９巷１２弄１號,0.0,,,,1150317,土地0建物1車位0,全,2,透天厝,住家用,加強磚造,0620930,121.82,7,2,2,有,無,無,26000,213,,0.0,0,,RPPNMLPLLHLGFCD18DC,整棟(戶)出租,無,1150323~1160323,無,冷氣、熱水器,
東區,租賃房屋,臺南市東區小東路２４８-１號,0.0,,,,1150309,土地0建物1車位0,全,4,透天厝,住商用,鋼筋混凝土造,0681101,186.34,6,1,4,有,無,無,82000,440,,0.0,0,台南市東光段6003-0029，6005-0001，6005-0008為出租方給承租方作為員工及顧客免費停車使用出租方給承租方裝修期為115年3月10日至115年4月30日免收租金標的物出租方負6個月漏水保固租金總額含稅；,RPQNMLPLLHLGFCD28DC,,無,1150309~1200308,無,,
北區,租賃房屋,臺南市北區大武街３０４之２號,0.0,,,,1150325,土地0建物0車位0,全,4,透天厝,住家用,鋼筋混凝土造,0730106,13.7,23,0,21,有,無,有,4800,350,,0.0,0,大武304房租金總額含水費；,RPPNMLQLLHLGFAD97CC,分租套房,無,1150301~1151126,無,冷氣、熱水器、冰箱、網路,一般轉租
北區,租賃房屋,臺南市北區大武街３０４之２號,0.0,,,,1150325,土地0建物0車位0,全,4,透天厝,住家用,鋼筋混凝土造,0730106,16.5,23,0,21,有,無,有,4500,273,,0.0,0,大武202房租金總額含水費；,RPQNMLQLLHLGFAD08CC,分租套房,無,1150301~1150824,無,冷氣、熱水器、冰箱、網路,一般轉租
中西區,租賃房屋,臺南市中西區五妃街２５８號六樓之１９,0.0,,,,1150324,土地0建物1車位0,六層,8,華廈(10層含以下有電梯),集合住宅,鋼筋混凝土造,0931203,84.95,2,2,1,有,有,有,16800,198,,0.0,0,台南市社會住宅包租代管第4期計畫。多人共同承租2；續租案件；,RPRNMLQLLHLGFAD18CC,整棟(戶)出租,有,1150325~1160324,有,冷氣、熱水器、洗衣機、電視機、冰箱、瓦斯或天然氣,社會住宅包租轉租
北區,租賃房屋,臺南市北區育德路４５１號,0.0,,,,1150325,土地0建物1車位0,一層,14,店面(店鋪),店舖,鋼筋混凝土構造,1120411,189.25,0,0,1,有,有,無,95000,502,,0.0,0,1.雙方議定自1150325-1150624止為裝潢期，免租金，期間管理費水電費由承租人負擔。2.契約書未約定土地租賃標的。3.由所有權人提供租屋資訊。租金總額含管理費；,RPSNMLQLLHLGFAD28CC,,有,1150325~1200624,有,,
中西區,租賃房屋,臺南市中西區五妃街２５８號三樓之１７,0.0,,,,1150323,土地0建物1車位0,三層,8,華廈(10層含以下有電梯),集合住宅,鋼筋混凝土造,0931203,52.85,2,1,1,有,有,有,13800,261,,0.0,0,台南市社會住宅包租代管第4期計畫。管理費1200元由出租人負擔,RPTNMLQLLHLGFAD38CC,整棟(戶)出租,有,1150325~1160324,有,冷氣、熱水器、洗衣機、電視機、冰箱、瓦斯或天然氣,社會住宅包租轉租
中西區,租賃房屋,臺南市中西區民權路三段４００巷２８號二樓,0.0,,,,1150323,土地0建物1車位0,二層,10,華廈(10層含以下有電梯),集合住宅,鋼筋混凝土造,0880730,122.63,3,2,2,有,有,有,16003,130,,0.0,0,此為國家住宅及都市更新中心社會住宅包租代管第5期計畫。管理費2597元由出租人負擔,RPUNMLQLLHLGFAD48CC,整棟(戶)出租,有,1150325~1160324,有,冷氣、熱水器、洗衣機、瓦斯或天然氣,社會住宅包租轉租
中西區,租賃房屋,臺南市中西區北門一段５１巷１３號６樓之１６,0.0,,,,1150315,土地0建物1車位0,六層,6,華廈(10層含以下有電梯),住家用,鋼筋混凝土造,0790917,50.56,1,0,1,有,有,有,8750,173,,0.0,0,多人共同承租2；,RPVNMLQLLHLGFAD58CC,獨立套房,有,1150315~1160314,有,冷氣、熱水器、洗衣機、電視機、冰箱,
安南區,租賃房屋,臺南市安南區郡安路四段２４９巷５２號,0.0,,,,1150324,土地0建物1車位0,全,3,透天厝,住家用,鋼筋混凝土造,0700605,124.23,5,1,3,有,無,有,22000,177,,0.0,0,台南市社會住宅包租代管第4期計畫。續租案件；,RPPNMLQLLHLGFBD08CC,整棟(戶)出租,無,1150410~1160409,無,冷氣、熱水器、洗衣機、電視機、冰箱、瓦斯或天然氣,社會住宅代管
安南區,租賃房屋,臺南市安南區開安三街２４號,0.0,,,,1150324,土地0建物1車位0,見其他登記事項,1,工廠,工業用,鐵造,0811119,205.03,0,0,0,無,無,無,55000,,,0.0,0,含增建或未登記建物；,RPQNMLQLLHLGFBD18CC,,無,1150615~1170614,無,,
安南區,租賃房屋,臺南市安南區培安二街７５號,0.0,,,,1150324,土地0建物1車位0,全,4,透天厝,住家用,鋼筋混凝土造,0870520,297.05,5,3,5,有,無,無,16000,54,,0.0,0,此為國家住宅及都市更新中心社會住宅包租代管第5期計畫。,RPVNMLQLLHLGFBD68CC,整棟(戶)出租,無,1150325~1160324,無,熱水器,社會住宅代管
東區,租賃房屋,臺南市東區光明街１７５巷２２弄１號,0.0,,,,1150325,土地0建物1車位0,全,2,透天厝,住家用,加強磚造,0610803,75.26,3,1,2,有,無,有,18000,239,,0.0,0,,RPPNMLQLLHLGFCD18CC,整棟(戶)出租,無,1150325~1160325,無,冷氣、熱水器、洗衣機、電視機、冰箱,一般代管
東區,租賃房屋,臺南市東區東門路一段９６號四樓之１,0.0,,,,1150320,土地0建物1車位0,四層,4,公寓(5樓含以下無電梯),住家用,鋼筋混凝土造,0701229,69.9,2,1,1,有,無,有,10000,143,,0.0,0,此為國家住宅及都市更新中心社會住宅包租代管第5期計畫。,RPQNMLQLLHLGFCD28CC,整棟(戶)出租,無,1150325~1160324,無,冷氣、熱水器、洗衣機,社會住宅代管
東區,租賃房屋,臺南市東區富農街二段７３巷１４號,0.0,,,,1150323,土地0建物1車位0,一層,5,公寓(5樓含以下無電梯),住商用,鋼筋混凝土造,0681214,81.13,2,2,1,有,無,有,17000,210,,0.0,0,此為國家住宅及都市更新中心社會住宅包租代管第5期計畫。,RPSNMLQLLHLGFCD48CC,整棟(戶)出租,無,1150325~1160324,無,冷氣、熱水器、洗衣機、電視機、冰箱、瓦斯或天然氣,社會住宅包租轉租
南區,租賃房屋,臺南市南區萬年七街５００之１號,0.0,,,,1150319,土地0建物1車位0,全,3,透天厝,住宅、停車空間,鋼筋混凝土造,1061012,160.14,3,2,3,有,無,有,20000,125,,0.0,0,參加國家住宅及都市更新中心辦理社會住宅包租代管第五期計畫中央版多人共同承租2；,RPTNMLQLLHLGFCD58CC,整棟(戶)出租,無,1150320~1160319,無,冷氣、熱水器、洗衣機、電視機、冰箱、瓦斯或天然氣,社會住宅代管
南區,租賃房屋,臺南市南區金華路二段１００巷１８之２號,0.0,,,,1150318,土地0建物1車位0,見其他登記事項,4,公寓(5樓含以下無電梯),住家用,鐵筋混凝土　　鐵骨石棉瓦,0660203,129.93,6,2,3,有,無,有,22000,169,,0.0,0,參加國家住宅及都市更新中心辦理社會住宅包租代管第五期計畫中央版多人共同承租2；,RPUNMLQLLHLGFCD68CC,整棟(戶)出租,無,1150320~1160319,無,冷氣、熱水器、洗衣機、電視機、冰箱、瓦斯或天然氣,社會住宅代管
新營區,租賃房屋,臺南市新營區三民路４６之５８號６樓,0.0,,,,1150316,土地0建物1車位0,六層,7,華廈(10層含以下有電梯),住家用,鋼筋混凝土造,0710227,78.27,2,1,1,有,有,有,10000,128,,0.0,0,參加國家住宅及都市更新中心辦理社會住宅包租代管第五期計畫中央版,RPPNMLQLLHLGFDD28CC,整棟(戶)出租,無,1150316~1160315,有,冷氣、熱水器、冰箱,社會住宅代管
麻豆區,租賃房屋,臺南市麻豆區新生南路５７７巷６０號三樓,0.0,,,,1150323,土地0建物1車位0,三層,4,公寓(5樓含以下無電梯),住家用,鋼筋混凝土造,0850706,108.16,4,2,2,有,無,有,12000,111,,0.0,0,台南市社會住宅包租代管第4期計畫。,RPPNMLQLLHLGFFD48CC,整棟(戶)出租,無,1150325~1160324,無,冷氣、熱水器、洗衣機、冰箱,社會住宅包租轉租
佳里區,租賃房屋,臺南市佳里區佳興六街６１號四樓之５,0.0,,,,1150323,土地0建物1車位0,四層,5,華廈(10層含以下有電梯),集合住宅,鋼筋混凝土造,1090416,108.10999999999999,2,2,1,有,有,無,13365,124,,0.0,0,此為國家住宅及都市更新中心社會住宅包租代管第5期計畫。管理費1635元由出租人負擔續租案件；,RPPNMLQLLHLGFGD58CC,整棟(戶)出租,有,1150420~1160419,有,冷氣、熱水器、瓦斯或天然氣,社會住宅代管
西港區,租賃房屋,臺南市西港區新興街８之１８５號５樓之２,0.0,,,,1150319,土地0建物1車位0,五層,8,華廈(10層含以下有電梯),住家用,鋼筋混凝土造,0841223,100.34,3,2,2,有,有,有,12000,120,,0.0,0,參加國家住宅及都市更新中心辦理社會住宅包租代管第五期計畫中央版,RPQNMLQLLHLGFGD68CC,整棟(戶)出租,有,1150320~1160319,有,冷氣、熱水器、洗衣機、電視機、冰箱,社會住宅代管
新市區,租賃房屋,臺南市新市區豐榮１８９之８９號,0.0,,,,1150324,土地0建物3車位0,見其他登記事項,1,工廠,工業用,鋼骨構造有牆,1080628,483.58,0,0,0,無,無,無,150000,,,0.0,0,含有多個門牌且未個別計算租金1.台南市新市區豐榮189之89號2.台南市新市區豐榮189之90號3.台南市新市區豐榮189之91號共3筆門牌；含增建或未登記建物；,RPPNMLQLLHLGFHD68CC,,無,1150601~1200531,無,,
新市區,租賃房屋,臺南市新市區信義街１７巷８號,0.0,,,,1150319,土地0建物0車位0,全,4,透天厝,住宅、停車空間,鋼筋混凝土造,1031007,57.07,6,0,6,有,無,有,13800,242,,0.0,0,租賃建物部分範圍，且未計入共有部分面積；,RPQNMLQLLHLGFHD78CC,分租套房,無,1150319~1160331,無,冷氣、熱水器、洗衣機、電視機、冰箱,一般代管
新市區,租賃房屋,臺南市新市區信義街１７巷８號,0.0,,,,1150320,土地0建物0車位0,全,4,透天厝,住宅、停車空間,鋼筋混凝土造,1031007,29.3,6,0,6,有,無,有,8200,280,,0.0,0,租賃建物部分範圍，且未計入共有部分面積；,RPRNMLQLLHLGFHD88CC,分租套房,無,1150320~1160331,無,冷氣、熱水器、洗衣機、電視機、冰箱,一般代管
善化區,租賃房屋,臺南市善化區善新大道３２１巷１２號,0.0,,,,1150325,土地0建物1車位0,全,4,透天厝,住宅、停車空間,鋼筋混凝土造,1061002,191.1,3,2,5,有,無,有,28000,147,,0.0,0,1.契約書未約定土地租賃標的。   2.由所有權人提供租屋資訊。多人共同承租2；,RPTNMLQLLHLGFHD09CC,整棟(戶)出租,無,1150401~1160331,無,冷氣、熱水器、洗衣機、電視機、冰箱、瓦斯或天然氣,
仁德區,租賃房屋,臺南市仁德區義林十二街４９號,0.0,,,,1150309,土地0建物1車位0,見其他登記事項,1,工廠,工廠,鋼骨構造,1081128,161.0,0,0,0,無,無,無,38000,,,0.0,0,租賃期間有約定不同租金前五年租金維持每月新臺幣參萬捌仟元整，不予調整。自第六年起至第十年止，租金得依市場行情調整，最高不超過每月新臺幣四萬元整。；,RPPNMLQLLHLGFID78CC,,無,1150401~1250331,無,,
歸仁區,租賃房屋,臺南市歸仁區大德路２４１號十一樓之２,0.0,,,,1150325,土地0建物1車位0,十一層,12,住宅大樓(11層含以上有電梯),住家用,鋼筋混凝土造,0850621,128.65,2,2,2,有,有,無,9500,74,,0.0,0,租賃期間有約定不同租金115年04月01日起至116年03月31日租金9500元整       116年04月01日起至118年03月31日租金10500元整；,RPQNMLQLLHLGFID88CC,整棟(戶)出租,有,1150401~1180331,有,,一般代管
仁德區,租賃房屋,臺南市仁德區文心路６８號八樓之６,0.0,,,,1150323,土地0建物1車位0,八層,24,住宅大樓(11層含以上有電梯),集合住宅,鋼筋混凝土構造,1100315,87.67,2,1,1,有,有,無,14374,164,,0.0,0,台南市社會住宅包租代管第4期計畫。管理費1626元由出租人負擔續租案件；,RPRNMLQLLHLGFID98CC,整棟(戶)出租,有,1150410~1160409,有,冷氣、熱水器,社會住宅代管
永康區,租賃房屋,臺南市永康區新中街３１７號,0.0,,,,1150319,土地0建物0車位0,全,4,透天厝,住商用,鋼筋混凝土造,0971030,24.34,6,0,6,有,無,有,5300,218,,0.0,0,租金總額含水費；租賃建物部分範圍，且未計入共有部分面積；續租案件；,RPPNMLQLLHLGFKD98CC,分租套房,無,1150401~1160331,無,冷氣、熱水器、洗衣機、電視機、冰箱、有線電視,一般代管
永康區,租賃房屋,臺南市永康區新民街４０之１號,0.0,,,,1150319,土地0建物1車位0,一層,4,店面(店鋪),住商用,鋼筋混凝土造,0990701,48.83,6,0,6,有,無,無,19800,405,,0.0,0,租金總額含水費；租賃建物部分範圍，且未計入共有部分面積；續租案件；,RPQNMLQLLHLGFKD09CC,,無,1150401~1160331,無,,
永康區,租賃房屋,臺南市永康區鹽行里中正七街６２號,0.0,,,,1150319,土地0建物1車位0,一層,4,店面(店鋪),住商用,鋼筋混凝土造,0950627,59.98,10,0,10,有,無,無,27000,450,,0.0,0,租金總額含水費；租賃建物部分範圍，且未計入共有部分面積；續租案件；,RPRNMLQLLHLGFKD56CC,,無,1150401~1160331,無,,
永康區,租賃房屋,臺南市永康區洲工街１５３號,0.0,,,,1150323,土地0建物1車位0,見其他登記事項,1,工廠,工業用,鐵造,0770608,151.05,0,0,0,無,無,無,30000,,,0.0,0,含增建或未登記建物；,RPSNMLQLLHLGFKD66CC,,無,1150501~1200430,無,,
永康區,租賃房屋,臺南市永康區南灣里南興路１１２巷１０２號四樓之３,0.0,,,,1150323,土地0建物1車位0,四層,7,華廈(10層含以下有電梯),住家用,鋼筋混凝土造,0840610,89.00999999999999,3,2,1,有,有,有,14000,157,,0.0,0,台南市社會住宅包租代管 增辦第四期計畫 公會版；水、電費由承租人負擔，管理費1300元不包含在租金由承租人負擔。續租案件；,RPTNMLQLLHLGFKD76CC,整棟(戶)出租,有,1150415~1160414,有,冷氣、熱水器、洗衣機、冰箱,社會住宅代管
永康區,租賃房屋,臺南市永康區正南五街５２０巷５５弄１號,0.0,,,,1150319,土地0建物0車位0,全,4,透天厝,住家用,鋼筋混凝土造,0991223,15.75,24,0,24,有,無,有,5500,349,,0.0,0,租金總額含水費；租賃建物部分範圍，且未計入共有部分面積；續租案件；,RPUNMLQLLHLGFKD86CC,分租套房,無,1150401~1160630,無,冷氣、熱水器、洗衣機、電視機、冰箱,一般代管
永康區,租賃房屋+車位,臺南市永康區中山南路４６７巷１５號,0.0,,,,1150325,土地0建物0車位1,全,2,透天厝,廠房、辦公室、倉庫、員工宿舍。,加強磚造,0690301,28.74,23,23,23,有,無,有,13000,452,一樓平面,0.0,1500,多人共同承租2；租金總額含水費；網路費；含增建或未登記建物；續租案件；,RPXNMLQLLHLGFKD17CC,分租套房,無,1150325~1160325,無,冷氣、熱水器、洗衣機、電視機、冰箱、網路,一般代管
永康區,租賃房屋,臺南市永康區北興路８１巷１７號,0.0,,,,1150325,土地0建物1車位0,全,4,透天厝,住家用,鋼筋混凝土造,0940318,150.73,4,2,3,有,無,有,21000,139,,0.0,0,台南市社會住宅包租代管 第四期計畫 公會版；水、電費由承租人負擔。續租案件；,RPOOMLQLLHLGFKD98CC,整棟(戶)出租,無,1150418~1160417,無,冷氣、熱水器,社會住宅代管
永康區,租賃房屋,臺南市永康區國光五街２２巷１０號,0.0,,,,1150325,土地0建物1車位0,全,4,透天厝,住家用,鋼筋混凝土造,0910624,239.68,5,2,3,有,無,有,29000,121,,0.0,0,台南市社會住宅包租代管 第五期計畫中央版；水、電費由承租人負擔。,RPPOMLQLLHLGFKD09CC,整棟(戶)出租,無,1150401~1160331,無,冷氣、熱水器、洗衣機、冰箱,社會住宅代管
北區,租賃房屋+車位,臺南市北區西門路四段２００巷３２號七樓,0.0,,,,1150324,土地0建物1車位1,七層,9,華廈(10層含以下有電梯),集合住宅、國民住宅,鋼筋混凝土造,0851009,161.79999999999998,3,2,2,有,有,有,17900,111,坡道平面,0.0,0,此為國家住宅及都市更新中心社會住宅包租代管第5期計畫。管理費1100元由出租人負擔,RPPNMLRLLHLGFAD08CC,整棟(戶)出租,有,1150325~1160324,有,冷氣、熱水器、洗衣機、冰箱、瓦斯或天然氣,社會住宅包租轉租
安平區,租賃房屋,臺南市安平區國平北路１８８號二十六樓之５,0.0,,,,1150325,土地0建物1車位0,二十六層,29,住宅大樓(11層含以上有電梯),集合住宅,鋼筋混凝土造,1121017,81.02,1,1,1,有,有,有,19234,237,,0.0,0,不承租車位，已扣除車位面積。,RPQNMLRLLHLGFAD18CC,獨立套房,有,1150401~1160331,有,冷氣、熱水器、洗衣機、冰箱,
北區,租賃房屋,臺南市北區大武街３０４之２號,0.0,,,,1150326,土地0建物0車位0,全,4,透天厝,住家用,鋼筋混凝土造,0730106,11.57,23,0,21,有,無,有,5000,432,,0.0,0,大武403房租金總額含水費；續租案件；,RPRNMLRLLHLGFAD28CC,分租套房,無,1150416~1160415,無,冷氣、熱水器、冰箱、網路,一般轉租
安平區,租賃房屋,臺南市安平區國平北路１４７號十九樓之６,0.0,,,,1150309,土地0建物1車位0,十九層,34,住宅大樓(11層含以上有電梯),集合住宅,鋼骨鋼筋混凝土造、鋼筋混凝土造,1140415,92.53999999999999,2,2,1,有,有,有,15000,162,,0.0,0,參加公會版住宅包租代管五期計畫未租賃車位，建物登記含有車位面積；,RPSNMLRLLHLGFAD38CC,整棟(戶)出租,有,1150310~1160309,有,冷氣、熱水器,社會住宅代管
北區,租賃房屋,臺南市北區長榮路五段４１巷５８號六樓之２,0.0,,,,1150310,土地0建物1車位0,六層,14,住宅大樓(11層含以上有電梯),集合住宅,鋼筋混凝土造,0920916,148.83,4,2,2,有,有,有,14000,94,,0.0,0,參加公會版住宅包租代管五期計畫租金總額含管理費；,RPTNMLRLLHLGFAD48CC,整棟(戶)出租,有,1150310~1160309,有,冷氣、熱水器、洗衣機、電視機、冰箱,社會住宅代管
北區,租賃房屋,臺南市北區實踐街１０３巷１９弄１０號,0.0,,,,1150325,土地0建物0車位0,全,3,透天厝,住家用,鋼筋混凝土構造,1040331,13.88,11,0,11,有,無,有,6500,468,,0.0,0,實踐302房租金總額含水費；,RPUNMLRLLHLGFAD58CC,分租套房,無,1150301~1160814,無,冷氣、熱水器、洗衣機、電視機、冰箱、網路,一般轉租
安平區,租賃房屋+車位,臺南市安平區國平北路１３７號二十一樓之１,0.0,,,,1150312,土地0建物1車位1,二十一層,34,住宅大樓(11層含以上有電梯),集合住宅,鋼骨鋼筋混凝土造、鋼筋混凝土造,1140415,137.72,3,2,1,有,有,有,23000,167,坡道平面,27.92,0,參加公會版住宅包租代管五期計畫租金總額含管理費；,RPVNMLRLLHLGFAD68CC,整棟(戶)出租,有,1150312~1170311,有,冷氣、熱水器,社會住宅代管
中西區,租賃房屋,臺南市中西區大智街６３號６樓,0.0,,,,1150325,土地0建物0車位0,六層,7,華廈(10層含以下有電梯),商業用,鋼筋混凝土造,0711119,18.4,7,1,7,有,有,有,6000,326,,0.0,0,租金總額含水費；網路費；含增建或未登記建物；租賃建物部分範圍，且未計入共有部分面積；,RPXNMLRLLHLGFAD88CC,分租套房,無,1150325~1160325,有,冷氣、熱水器、洗衣機、電視機、冰箱、網路,一般代管
中西區,租賃房屋,臺南市中西區大智街６３號７樓,0.0,,,,1150326,土地0建物0車位0,七層,7,華廈(10層含以下有電梯),商業用,鋼筋混凝土造,0711119,18.5,10,2,10,有,有,有,6000,324,,0.0,0,租金總額含水費；網路費；含增建或未登記建物；租賃建物部分範圍，且未計入共有部分面積；,RPOOMLRLLHLGFAD08CC,分租套房,無,1150326~1160326,有,冷氣、熱水器、洗衣機、電視機、冰箱、網路,一般代管
安平區,租賃房屋,臺南市安平區國平北路１８８號二樓之５,0.0,,,,1150326,土地0建物1車位0,二層,29,住宅大樓(11層含以上有電梯),集合住宅,鋼筋混凝土造,1121017,81.02,1,1,1,有,有,有,16374,202,,0.0,0,台南市社會住宅包租代管第4期計畫。管理費1626元由出租人負擔續租案件；,RPPOMLRLLHLGFAD18CC,獨立套房,有,1150425~1160424,有,冷氣、熱水器、電視機、冰箱,社會住宅代管
中西區,租賃房屋,臺南市中西區永華路一段２１２巷１０號,0.0,,,,1150312,土地0建物1車位0,全,3,透天厝,住家用,加強磚造,0580411,170.92,4,3,3,有,無,有,27000,158,,0.0,0,參加公會版住宅包租代管五期計畫,RPQOMLRLLHLGFAD28CC,整棟(戶)出租,無,1150315~1160314,無,冷氣、熱水器,社會住宅代管
北區,租賃房屋,臺南市北區大武街３０４之２號,0.0,,,,1150327,土地0建物0車位0,全,4,透天厝,住家用,鋼筋混凝土造,0730106,11.77,23,0,21,有,無,有,4500,382,,0.0,0,大武203房租金總額含水費；,RPROMLRLLHLGFAD38CC,分租套房,無,1150301~1150409,無,冷氣、熱水器、冰箱、網路,一般轉租
北區,租賃房屋,臺南市北區大武街３０４之２號,0.0,,,,1150327,土地0建物0車位0,二層,4,公寓(5樓含以下無電梯),住家用,鋼筋混凝土造,0730106,11.77,23,0,21,有,無,有,4500,382,,0.0,0,大武203房租金總額含水費；,RPTOMLRLLHLGFAD58CC,分租套房,無,1150410~1150509,無,冷氣、熱水器、冰箱、網路,一般轉租
北區,租賃房屋,臺南市北區開元路５２３號１６樓之２,0.0,,,,1150303,土地0建物1車位0,十六層,24,住宅大樓(11層含以上有電梯),集合住宅,鋼筋混凝土構造,1041105,78.60000000000001,2,1,1,有,有,有,20000,254,,0.0,0,多人共同承租2；租金總額含管理費；,RPUOMLRLLHLGFAD68CC,整棟(戶)出租,有,1150303~1160302,有,冷氣、熱水器、洗衣機、電視機、冰箱、瓦斯或天然氣,一般代管
中西區,租賃房屋,臺南市中西區武聖路６９巷１０１號,0.0,,,,1150327,土地0建物1車位0,全,2,透天厝,住商用,加強磚造,0650708,113.74,3,2,2,有,無,有,25000,220,,0.0,0,台南市社會住宅包租代管 增辦第四期計畫公會版；水、電費由承租人負擔。續租案件；,RPVOMLRLLHLGFAD78CC,整棟(戶)出租,無,1150407~1170406,無,冷氣、熱水器、冰箱,社會住宅包租轉租
北區,租賃房屋,臺南市北區大武街２１１號四樓之２,0.0,,,,1150306,土地0建物1車位0,四層,5,公寓(5樓含以下無電梯),住家用,鋼筋混凝土造,0720325,52.4,2,2,1,有,無,有,10000,191,,0.0,0,?參加公會版住宅包租代管五期計畫,RPWOMLRLLHLGFAD88CC,整棟(戶)出租,無,1150310~1160309,無,冷氣、熱水器、洗衣機、電視機、冰箱,社會住宅包租轉租
安平區,租賃房屋,臺南市安平區永華八街６號５樓之３,0.0,,,,1150319,土地0建物1車位0,五層,14,住宅大樓(11層含以上有電梯),集合住宅,鋼筋混凝土造,0960719,67.58,2,1,1,有,有,有,16000,237,,0.0,0,參加國家住宅及都市更新中心辦理社會住宅包租代管第五期計畫中央版,RPXOMLRLLHLGFAD98CC,整棟(戶)出租,有,1150401~1160331,有,冷氣、熱水器、洗衣機、電視機、冰箱、瓦斯或天然氣,社會住宅代管
安南區,租賃房屋,臺南市安南區?田路３０巷３８號,0.0,,,,1150325,土地0建物1車位0,全,3,透天厝,住宅、停車空間,鋼筋混凝土造,0931224,285.55,4,2,5,有,有,無,30000,105,,0.0,0,多人共同承租2；,RPPNMLRLLHLGFBD18CC,整棟(戶)出租,有,1150401~1160331,無,,
安南區,租賃房屋,臺南市安南區安和路一段４７８巷５０弄１５號二樓,0.0,,,,1150310,土地0建物1車位0,二層,5,公寓(5樓含以下無電梯),住家用,鋼筋混凝土造,0830912,103.82000000000001,3,2,2,有,無,有,15000,144,,0.0,0,參加公會版住宅包租代管五期計畫,RPQNMLRLLHLGFBD28CC,整棟(戶)出租,無,1150310~1160309,無,冷氣、熱水器、洗衣機、電視機、冰箱,社會住宅代管
南區,租賃房屋+車位,臺南市南區大同路二段１６２號十二樓之５,0.0,,,,1150324,土地0建物1車位1,十二層,13,住宅大樓(11層含以上有電梯),集合住宅,鋼筋混凝土造,0881021,138.60999999999999,3,2,2,有,有,有,17300,125,坡道平面,0.0,0,此為國家住宅及都市更新中心社會住宅包租代管第5期計畫。管理費700元由出租人負擔,RPPNMLRLLHLGFCD28CC,整棟(戶)出租,有,1150325~1160324,有,冷氣、熱水器、洗衣機、冰箱、瓦斯或天然氣,社會住宅包租轉租
東區,租賃房屋,臺南市東區小東路２４４號二十二樓之５,0.0,,,,1150309,土地0建物1車位0,二十二層,25,住宅大樓(11層含以上有電梯),住家用,鋼筋混凝土造,0840106,67.81,1,0,1,有,有,有,12500,184,,0.0,0,台南市社會住宅包租代管公會版增辦第4期租金總額含管理費；續租案件；,RPQNMLRLLHLGFCD38CC,獨立套房,有,1150310~1160309,有,冷氣、熱水器、洗衣機、電視機、冰箱、瓦斯或天然氣,社會住宅代管
東區,租賃房屋,臺南市東區中華東路一段１２號五樓之７,0.0,,,,1150310,土地0建物1車位0,五層,14,住宅大樓(11層含以上有電梯),住家用,ＲＣ造,0930712,57.36,1,1,1,有,有,有,15000,262,,0.0,0,參加公會版住宅包租代管五期計畫,RPRNMLRLLHLGFCD48CC,獨立套房,有,1150310~1160309,有,冷氣、熱水器、洗衣機、電視機、冰箱,社會住宅代管
南區,租賃房屋,臺南市南區文南一街２號六樓之２,0.0,,,,1150326,土地0建物0車位0,六層,8,華廈(10層含以下有電梯),商業用,鋼筋混凝土造,0790627,23.4,18,3,18,有,有,有,7500,321,,0.0,0,租金總額含網路費；租賃建物部分範圍，且未計入共有部分面積；,RPSNMLRLLHLGFCD58CC,分租套房,無,1150326~1160331,有,冷氣、熱水器、洗衣機、電視機、冰箱、網路,一般代管
東區,租賃房屋,臺南市東區新樓街５２號四樓,0.0,,,,1150323,土地0建物1車位0,四層,5,公寓(5樓含以下無電梯),住家用,鋼筋混凝土造,0801018,77.2,2,1,1,有,無,有,12000,155,,0.0,0,台南市不動產租賃公會民間住宅包租代管第4期計畫。,RPTNMLRLLHLGFCD68CC,整棟(戶)出租,無,1150324~1160323,無,冷氣、熱水器、洗衣機、電視機、冰箱,社會住宅包租轉租
東區,租賃房屋,臺南市東區大同路一段２４１巷２９號,0.0,,,,1150322,土地0建物0車位0,全,5,透天厝,住家用,鋼筋混凝土造,0840530,23.14,14,1,14,有,無,有,8000,346,,0.0,0,租金總額含網路費；其他機車位*1；,RPUNMLRLLHLGFCD78CC,分租套房,無,1150325~1160324,有,冷氣、熱水器、電視機、冰箱、網路,
東區,租賃房屋,臺南市東區裕農路７２６巷２弄１５號五樓之１,0.0,,,,1150319,土地0建物1車位0,五層,5,公寓(5樓含以下無電梯),住家用,鋼筋混凝土造,0701202,81.12,3,2,2,有,無,有,13700,169,,0.0,0,參加公會版住宅包租代管五期計畫,RPVNMLRLLHLGFCD88CC,整棟(戶)出租,無,1150320~1160319,無,冷氣、熱水器、洗衣機、冰箱,社會住宅代管
東區,租賃房屋,臺南市東區東興路８７號二樓,0.0,,,,1150316,土地0建物1車位0,二層,7,華廈(10層含以下有電梯),住家用,鋼筋混凝土造,0741113,104.34,3,2,2,有,有,無,15000,144,,0.0,0,參加國家住宅及都市中心辦理社會住宅包租代管第五期計劃中央版租金總額含管理費；,RPWNMLRLLHLGFCD98CC,整棟(戶)出租,有,1150317~1160316,有,冷氣、熱水器,社會住宅包租轉租
南區,租賃房屋,臺南市南區夏林路３１２之１號,0.0,,,,1150325,土地0建物1車位0,一層,3,店面(店鋪),店舖、住宅、停車空間,鋼骨鋼筋混凝土造,1070109,13.3,0,0,0,無,無,無,11000,827,,0.0,0,部分承租一樓A1室，租賃面積以現況範圍為準。,RPXNMLRLLHLGFCD09CC,,無,1150406~1180405,無,,
東區,租賃房屋,臺南市東區東安路１４０號,0.0,,,,1150327,土地0建物1車位0,見其他登記事項,4,店面(店鋪),住商用,鋼筋混凝土造,0760121,133.04,6,1,2,有,無,無,15000,113,,0.0,0,1.契約書未約定土地租賃標的。2.民國115年3月27日至民國115年5月31日為承租人裝潢期，出租人優惠免收租金。租金總額含稅；,RPOOMLRLLHLGFCD28CC,,無,1150327~1200531,無,,
佳里區,租賃房屋+車位,臺南市佳里區子龍三街３９巷１８號四樓之３,0.0,,,,1150324,土地0建物1車位1,四層,5,華廈(10層含以下有電梯),集合住宅,鋼筋混凝土造,1101123,109.52000000000001,3,2,2,有,有,有,17400,159,一樓平面,0.0,0,此為國家住宅及都市更新中心社會住宅包租代管第5期計畫。,RPPNMLRLLHLGFGD68CC,整棟(戶)出租,有,1150325~1160324,有,冷氣、熱水器、冰箱、瓦斯或天然氣,社會住宅包租轉租
七股區,租賃房屋,臺南市七股區看坪７之３０號,0.0,,,,1150325,土地0建物1車位0,全,3,透天厝,住家用,鋼筋混凝土造,0830520,137.67,4,1,3,有,無,有,12000,87,,0.0,0,多人共同承租2；,RPRNMLRLLHLGFGD88CC,整棟(戶)出租,無,1150401~1160331,無,冷氣、熱水器,一般代管
新市區,租賃房屋,臺南市新市區中正路９２巷１０號五樓之１,0.0,,,,1150324,土地0建物1車位0,五層,8,華廈(10層含以下有電梯),住家用,鋼筋混凝土造,0830806,135.54999999999998,3,2,2,有,有,有,14200,105,,0.0,0,此為國家住宅及都市更新中心社會住宅包租代管第5期計畫。,RPPNMLRLLHLGFHD78CC,整棟(戶)出租,有,1150325~1160324,有,冷氣、熱水器、洗衣機、冰箱、瓦斯或天然氣,社會住宅包租轉租
新市區,租賃房屋,臺南市新市區仁愛街７９號８樓之５,0.0,,,,1150324,土地0建物1車位0,八層,8,華廈(10層含以下有電梯),住家用,鋼筋混凝土造,0830806,122.98,3,2,2,有,有,有,15000,122,,0.0,0,租金總額含管理費；續租案件；,RPRNMLRLLHLGFHD98CC,整棟(戶)出租,有,1150316~1160315,有,冷氣、熱水器、洗衣機、冰箱,
仁德區,租賃房屋,臺南市仁德區二仁路一段１０６號,0.0,,,,1150326,土地0建物0車位0,全,2,透天厝,住商用,加強磚造,0660819,14.34,23,0,23,有,無,有,3500,244,,0.0,0,二仁101房租金總額含水費；,RPPNMLRLLHLGFID88CC,分租套房,無,1150301~1151124,無,冷氣、熱水器、冰箱,一般轉租
仁德區,租賃房屋,臺南市仁德區二仁路一段１０６號,0.0,,,,1150326,土地0建物0車位0,全,2,透天厝,住商用,加強磚造,0660819,13.27,23,0,23,有,無,有,3600,271,,0.0,0,二仁205房租金總額含水費；,RPQNMLRLLHLGFID98CC,分租套房,無,1150301~1160121,無,冷氣、熱水器、冰箱,一般轉租
仁德區,租賃房屋,臺南市仁德區仁德里文華路三段４６７巷１０號,0.0,,,,1150325,土地0建物1車位0,全,2,透天厝,住家用,加強磚造,0690301,96.0,4,1,2,有,無,有,18000,188,,0.0,0,台南市社會住宅包租代管第4期計畫。續租案件；,RPRNMLRLLHLGFID09CC,整棟(戶)出租,無,1150405~1160204,無,冷氣、熱水器、瓦斯或天然氣,社會住宅包租轉租
歸仁區,租賃房屋,臺南市歸仁區大成路１８２巷４７號,0.0,,,,1150326,土地0建物1車位0,全,4,透天厝,住家用,鋼筋混凝土造,0940518,184.94,4,2,3,有,無,無,24000,130,,0.0,0,,RPSNMLRLLHLGFID56CC,整棟(戶)出租,無,1150401~1200331,無,冷氣、熱水器、洗衣機、電視機,
永康區,租賃房屋,臺南市永康區鹽行里新行街１３１號三樓之１,0.0,,,,1150304,土地0建物1車位0,三層,16,住宅大樓(11層含以上有電梯),住家用,鋼筋混凝土造,0820827,112.82,3,2,2,有,有,有,16000,142,,0.0,0,台南市社會住宅包租代管公會版增辦第4期,RPPNMLRLLHLGFKD09CC,整棟(戶)出租,有,1150305~1160304,有,冷氣、熱水器、洗衣機、冰箱、瓦斯或天然氣,社會住宅代管
永康區,租賃房屋+車位,臺南市永康區東橋十街７５號五樓之７,0.0,,,,1150325,土地0建物1車位1,五層,18,住宅大樓(11層含以上有電梯),集合住宅,鋼筋混凝土造,1140605,139.75,3,2,2,有,有,有,27000,193,坡道平面,22.99,0,,RPQNMLRLLHLGFKD56CC,整棟(戶)出租,有,1150401~1160331,有,冷氣、熱水器、洗衣機、電視機、冰箱、瓦斯或天然氣,
永康區,租賃房屋+車位,臺南市永康區中華路５８巷７０號八樓之１,0.0,,,,1150324,土地0建物1車位1,八層,13,住宅大樓(11層含以上有電梯),住家用,鋼筋混凝土造,0951031,196.37,4,2,2,有,有,有,23640,120,坡道平面,0.0,0,,RPSNMLRLLHLGFKD76CC,整棟(戶)出租,有,1150401~1160331,有,冷氣、熱水器、瓦斯或天然氣,
永康區,租賃房屋+車位,臺南市永康區永大路二段１１２９號五樓之２,0.0,,,,1150324,土地0建物1車位1,五層,19,住宅大樓(11層含以上有電梯),住家用,鋼筋混凝土造,0830711,149.23999999999998,3,2,2,有,有,有,15000,101,坡道平面,0.0,0,此為國家住宅及都市更新中心社會住宅包租代管第5期計畫。管理費2000元由出租人負擔,RPTNMLRLLHLGFKD86CC,整棟(戶)出租,有,1150325~1160324,有,冷氣、熱水器、冰箱、瓦斯或天然氣,社會住宅包租轉租
永康區,租賃房屋,臺南市永康區中山路３７５號,0.0,,,,1150326,土地0建物1車位0,全,3,透天厝,住宅，店舖,鋼筋混凝土構造,1101115,140.6,3,2,4,有,無,有,45511,324,,0.0,0,1.契約書未約定土地租賃標的。2.由所有權人提供出租資訊。租金總額含稅；續租案件；,RPUNMLRLLHLGFKD96CC,,無,1150424~1160423,無,冷氣、熱水器,
永康區,租賃房屋+車位,臺南市永康區復興路２４６巷６號二十二樓之２,0.0,,,,1150324,土地0建物1車位1,二十二層,26,住宅大樓(11層含以上有電梯),集合住宅,鋼筋混凝土構造,1101229,116.03,2,2,1,有,有,有,23000,198,坡道平面,37.35,0,租金總額含管理費；,RPVNMLRLLHLGFKD07CC,整棟(戶)出租,有,1150331~1160330,有,冷氣、熱水器、洗衣機、電視機、冰箱、瓦斯或天然氣,一般代管
永康區,租賃房屋,臺南市永康區成功路１７６號５樓之１２,0.0,,,,1150323,土地0建物1車位0,五層,7,華廈(10層含以下有電梯),住家用,鋼筋混凝土造,0800130,21.2,1,1,1,有,有,有,5500,259,,0.0,0,租金總額含管理費；網路費；,RPWNMLRLLHLGFKD17CC,獨立套房,無,1150323~1160323,有,冷氣、熱水器、電視機、冰箱、網路,
永康區,租賃房屋,臺南市永康區正義街８９巷２２號,0.0,,,,1150327,土地0建物1車位0,全,4,透天厝,車庫、住宅。,鋼筋混凝土造,0830326,315.91,5,1,5,有,無,無,35000,111,,0.0,0,,RPXNMLRLLHLGFKD27CC,整棟(戶)出租,無,1150410~1160409,無,冷氣,
永康區,租賃房屋,臺南市永康區大灣路４０巷２８０弄２２號二樓之１,0.0,,,,1150325,土地0建物1車位0,二層,5,華廈(10層含以下有電梯),集合住宅,鋼筋混凝土構造,1101110,80.27000000000001,2,1,2,有,有,無,16000,199,,0.0,0,台南市社會住宅包租代管第4期計畫。續租案件；,RPOOMLRLLHLGFKD09CC,整棟(戶)出租,有,1150330~1160329,有,冷氣、熱水器,社會住宅代管
永康區,租賃房屋,臺南市永康區永中街１１４號,57.92,住,,,1150323,土地1建物1車位0,全,2,透天厝,住商用,加強磚造,0590701,109.4,4,2,5,有,無,無,30000,274,,0.0,0,,RPPOMLRLLHLGFKD56CC,整棟(戶)出租,無,1150401~1160331,無,熱水器,
永康區,租賃房屋,臺南市永康區鹽行路６９巷８號,0.0,,,,1150320,土地0建物0車位0,全,4,透天厝,住宅，停車空間,鋼筋混凝土構造,1020821,9.92,11,0,11,有,無,有,4500,454,,0.0,0,租金總額含網路費；續租案件；,RPROMLRLLHLGFKD76CC,分租套房,無,1150401~1150930,無,冷氣、熱水器、電視機、冰箱、有線電視、網路,一般代管
永康區,租賃房屋,臺南市永康區中正七街１９號六樓之３,0.0,,,,1150321,土地0建物1車位0,六層,8,華廈(10層含以下有電梯),住家用,鋼筋混凝土造,0840417,116.11,4,1,4,有,有,有,18000,155,,0.0,0,1.契約書未約定土地租賃標的2.由出租人提供租屋資訊多人共同承租4；租金總額含管理費；,RPSOMLRLLHLGFKD86CC,整棟(戶)出租,有,1150701~1160630,有,冷氣、熱水器、洗衣機、冰箱,
永康區,租賃房屋,臺南市永康區鹽行路６９巷８號,0.0,,,,1150321,土地0建物0車位0,全,4,透天厝,住宅，停車空間,鋼筋混凝土構造,1020821,16.53,11,0,11,有,無,有,6500,393,,0.0,0,租金總額含網路費；,RPTOMLRLLHLGFKD96CC,分租套房,無,1150323~1160322,無,冷氣、熱水器、洗衣機、電視機、冰箱、有線電視、網路,一般代管
永康區,租賃房屋,臺南市永康區鹽行路６９巷６號,0.0,,,,1150323,土地0建物0車位0,全,4,透天厝,住宅，停車空間,鋼筋混凝土構造,1020821,16.53,11,0,11,有,無,有,6500,393,,0.0,0,租金總額含網路費；續租案件；,RPUOMLRLLHLGFKD07CC,分租套房,無,1150404~1150703,無,冷氣、熱水器、洗衣機、電視機、冰箱、有線電視、網路,一般代管
永康區,租賃房屋,臺南市永康區鹽行路６９巷６號,0.0,,,,1150323,土地0建物0車位0,全,4,透天厝,住宅，停車空間,鋼筋混凝土構造,1020821,11.57,11,0,11,有,無,有,4800,415,,0.0,0,租金總額含網路費；續租案件；,RPVOMLRLLHLGFKD17CC,分租套房,無,1150414~1160413,無,冷氣、熱水器、電視機、冰箱、有線電視、網路,一般代管
永康區,租賃房屋,臺南市永康區中山南路１０５４巷４３之１號,0.0,,,,1150317,土地0建物0車位0,全,2,透天厝,住家用,鋼筋混凝土造,0791012,35.65,6,0,6,有,無,有,8500,238,,0.0,0,1.契約書未約定土地租賃標的2.由出租人提供租屋資訊租金總額含水費；網路費；,RPWOMLRLLHLGFKD27CC,分租套房,無,1150801~1160731,無,冷氣、熱水器、洗衣機、電視機、冰箱、網路,
永康區,租賃房屋,臺南市永康區中山南路１０５４巷４３之１號,0.0,,,,1150317,土地0建物0車位0,全,2,透天厝,住家用,鋼筋混凝土造,0791012,33.75,6,0,6,有,無,有,8500,252,,0.0,0,1.契約書未約定土地租賃標的2.由出租人提供租屋資訊租金總額含水費；網路費；,RPXOMLRLLHLGFKD37CC,分租套房,無,1150801~1160731,無,冷氣、熱水器、洗衣機、電視機、冰箱、網路,
永康區,租賃房屋,臺南市永康區勝利里勝華街１４０巷５號,0.0,,,,1150313,土地0建物1車位0,全,1,透天厝,住家用,磚造,0640601,52.42,3,2,2,有,無,有,12000,229,,0.0,0,國家住宅及都市更新中心社會住宅包租代管中央版第五期計畫,RPOPMLRLLHLGFKD56CC,整棟(戶)出租,無,1150501~1160430,無,冷氣、熱水器、洗衣機、冰箱,社會住宅代管
西港區,租賃房屋,臺南市西港區營西里後營６１號,0.0,,,,1150323,土地0建物1車位0,全,2,透天厝,住家用,加強磚造,0671009,79.57,4,2,2,有,無,無,16000,201,,0.0,0,,RPPNMLRLLHLGFGD78DC,整棟(戶)出租,無,1150401~1160331,無,熱水器,
安平區,租賃房屋,臺南市安平區慶平路３８８號八樓之１０,0.0,,,,1150324,土地0建物1車位0,八層,13,住宅大樓(11層含以上有電梯),住家用,鋼筋混凝土造,0831216,29.13,1,0,1,有,有,有,7000,240,,0.0,0,參加國家住宅及都市更新中心辦理社會住宅包租代管第4期計畫公會版租金總額含管理費；,RPQNMLSLLHLGFAD28CC,獨立套房,有,1150328~1160904,有,冷氣、熱水器、洗衣機、電視機、冰箱,社會住宅包租轉租
北區,租賃房屋,臺南市北區西門路四段３１６巷２１號三樓之２,0.0,,,,1150320,土地0建物1車位0,三層,5,公寓(5樓含以下無電梯),住家用,鋼筋混凝土造,0710603,93.26,3,2,2,有,無,有,19000,204,,0.0,0,參加國家住宅及都市更新中心辦理社會住宅包租代管增辦第4期計畫公會版,RPRNMLSLLHLGFAD38CC,整棟(戶)出租,無,1150321~1160320,無,冷氣、熱水器、洗衣機、電視機、冰箱,社會住宅代管
新市區,租賃房屋,臺南市新市區富強路２７之１號,0.0,,,,1150319,土地0建物0車位0,全,2,透天厝,住商用,加強磚造,0741204,18.0,4,0,4,有,無,有,6000,333,,0.0,0,租金總額含管理費；水費；網路費；續租案件；,RPPNMLSLLHLGFHD88CC,分租套房,無,1150401~1160331,無,冷氣、熱水器、電視機、冰箱、網路,一般代管
新市區,租賃房屋,臺南市新市區社內１８８-２號,0.0,,,,1150318,土地0建物0車位0,全,3,透天厝,住家用,鋼骨鋼筋混凝土造,1021021,18.0,9,0,9,有,無,有,5800,322,,0.0,0,租金總額含管理費；水費；網路費；,RPQNMLSLLHLGFHD98CC,分租套房,無,1150318~1160317,無,冷氣、熱水器、洗衣機、冰箱、網路,一般代管
新市區,租賃房屋,臺南市新市區社內１９６-２號,0.0,,,,1150318,土地0建物0車位0,全,5,透天厝,住家用,鋼筋混凝土造,1021202,18.0,27,0,27,有,無,有,5500,306,,0.0,0,租金總額含管理費；水費；網路費；續租案件；,RPRNMLSLLHLGFHD09CC,分租套房,無,1150401~1150930,無,冷氣、熱水器、洗衣機、電視機、冰箱、網路,一般轉租
安定區,租賃房屋,臺南市安定區許中營９２之８號五樓之７,0.0,,,,1150320,土地0建物1車位0,五層,7,華廈(10層含以下有電梯),集合住宅,鋼筋混凝土造,1131011,98.63,2,2,2,有,有,有,15000,152,,0.0,0,參加國家住宅及都市更新中心辦理社會住宅包租代管增辦第4期計畫公會版租金總額含管理費；未租賃車位，建物登記含有車位面積；,RPSNMLSLLHLGFHD56CC,整棟(戶)出租,有,1150401~1170331,有,冷氣、熱水器、洗衣機、冰箱,社會住宅包租轉租
永康區,租賃房屋+車位,臺南市永康區中華路３２７號十六樓之１,0.0,,,,1150325,土地0建物1車位1,十六層,16,住宅大樓(11層含以上有電梯),住家用,鋼筋混凝土造,0850129,108.09,3,2,2,有,有,有,17000,157,坡道機械,0.0,0,參加國家住宅及都市更新中心辦理社會住宅包租代管增辦第4期計畫公會版租金總額含管理費；,RPPNMLSLLHLGFKD56CC,整棟(戶)出租,有,1150326~1160623,有,冷氣、熱水器、洗衣機,社會住宅包租轉租
北區,租賃房屋,臺南市北區旭日街９８之１號二樓之１,0.0,,,,1150305,土地0建物1車位0,二層,10,華廈(10層含以下有電梯),集合住宅,鋼筋混凝土造,0911115,142.74,3,2,2,有,有,有,13000,91,,0.0,0,台南市社會住宅包租代管第4期計畫公會版租金依照租金水準區間表評定續租案件；,RPPNMLTLLHLGFAD28CC,整棟(戶)出租,有,1150320~1160228,有,冷氣、熱水器、冰箱、瓦斯或天然氣,社會住宅代管
東區,租賃房屋,臺南市東區富農街一段１９７號四樓,0.0,,,,1150311,土地0建物1車位0,四層,11,住宅大樓(11層含以上有電梯),住家用,鋼筋混凝土造,0801121,169.29,4,2,2,有,有,有,19800,117,,0.0,0,台南市社會住宅包租代管第5期計畫中央版租金依照租金水準區間表評定,RPPNMLTLLHLGFCD48CC,整棟(戶)出租,有,1150316~1180315,有,冷氣、熱水器、電視機、冰箱、瓦斯或天然氣,社會住宅包租轉租
善化區,租賃房屋,臺南市善化區大同路２１３巷１６號,0.0,,,,1150310,土地0建物1車位0,全,2,透天厝,住家用,加強磚造,0680401,86.4,4,2,2,有,無,有,20000,231,,0.0,0,台南市社會住宅包租代管第4期計畫公會版租金依照租金水準區間表評定續租案件；,RPPNMLTLLHLGFHD98CC,整棟(戶)出租,無,1150320~1160319,無,冷氣、熱水器,社會住宅代管
仁德區,租賃房屋,臺南市仁德區中正路二段１２０５巷１２號三樓之２,0.0,,,,1150306,土地0建物1車位0,三層,7,華廈(10層含以下有電梯),住家用,鋼筋混凝土造,0830225,91.77,1,1,1,有,有,有,12800,139,,0.0,0,台南市社會住宅包租代管第5期計畫中央版租金依照租金水準區間表評定,RPPNMLTLLHLGFID09CC,獨立套房,有,1150315~1180314,有,冷氣、熱水器、洗衣機、電視機、冰箱,社會住宅代管
永康區,租賃房屋,臺南市永康區勝利里勝學路２４６之１號七樓之３,0.0,,,,1150312,土地0建物1車位0,七層,7,華廈(10層含以下有電梯),住家用,鋼筋混凝土造,0880426,60.65,2,1,1,有,有,有,15000,247,,0.0,0,台南市社會住宅包租代管第5期計畫中央版租金依照租金水準區間表評定,RPPNMLTLLHLGFKD66CC,整棟(戶)出租,有,1150318~1180317,有,冷氣、熱水器、洗衣機、冰箱、瓦斯或天然氣,社會住宅包租轉租
安平區,租賃房屋,臺南市安平區建平十七街１２１號十樓之２,0.0,,,,1150325,土地0建物1車位0,十層,16,住宅大樓(11層含以上有電梯),住家用,鋼筋混凝土造,0840819,73.50999999999999,1,1,1,有,有,有,16000,218,,0.0,0,1.契約書未約定土地租賃標的。   2.由所有權人提供租屋資訊。3.115.3.25-115.3.31止為無償使用期間。多人共同承租2；租金總額含管理費；,RPPNMLKMLHLGFAD47CC,獨立套房,有,1150401~1160331,有,冷氣、熱水器、洗衣機、電視機、冰箱,
北區,租賃房屋,臺南市北區長榮路五段４１６號,0.0,,,,1150306,土地0建物1車位0,一層,2,店面(店鋪),住商用,加強磚造,0630114,35.56,3,2,2,有,無,無,15000,422,,0.0,0,,RPQNMLKMLHLGFAD57CC,,無,1150401~1160331,無,,
安平區,租賃房屋+車位,臺南市安平區健康路三段３３３號１９樓之３,0.0,,,,1150325,土地0建物1車位1,十九層,27,住宅大樓(11層含以上有電梯),集合住宅,鋼筋混凝土構造,1060124,155.74,3,2,2,有,有,有,28000,180,坡道平面,30.66,0,多人共同承租3；租金總額含管理費；,RPRNMLKMLHLGFAD67CC,整棟(戶)出租,有,1150325~1160324,有,冷氣、熱水器、洗衣機、電視機、冰箱、瓦斯或天然氣,
北區,租賃房屋+車位,臺南市北區林森路三段１４０巷９９號１９樓之３,0.0,,,,1150326,土地0建物1車位2,十九層,24,住宅大樓(11層含以上有電梯),集合住宅,鋼筋混凝土造,1130916,221.57999999999998,3,2,2,有,有,有,36648,165,坡道平面,50.76,0,管理費3352元 由出租人負擔,RPSNMLKMLHLGFAD77CC,整棟(戶)出租,有,1150501~1180430,有,冷氣、熱水器、洗衣機、冰箱,
安平區,租賃房屋,臺南市安平區國平北路８８號五樓之６,0.0,,,,1150312,土地0建物1車位0,五層,26,住宅大樓(11層含以上有電梯),集合住宅,鋼筋混凝土造,1140722,96.9,2,2,1,有,有,有,20000,206,,0.0,0,多人共同承租2；租金總額含管理費；,RPTNMLKMLHLGFAD87CC,整棟(戶)出租,有,1150313~1160312,有,冷氣、洗衣機、冰箱,
安平區,租賃房屋+車位,臺南市安平區國平北路１３７號２３樓之７,0.0,,,,1150327,土地0建物1車位1,見其他登記事項,34,住宅大樓(11層含以上有電梯),集合住宅,鋼骨鋼筋混凝土造、鋼筋混凝土造,1140415,108.03,2,2,1,有,有,有,22000,204,坡道平面,27.92,0,多人共同承租2；租金總額含管理費；,RPUNMLKMLHLGFAD97CC,整棟(戶)出租,有,1150501~1170430,有,冷氣、熱水器、洗衣機、電視機、冰箱,
安平區,租賃房屋+車位,臺南市安平區國平北路１４７號９樓之１,0.0,,,,1150319,土地0建物1車位1,九層,34,住宅大樓(11層含以上有電梯),集合住宅,鋼骨鋼筋混凝土造、鋼筋混凝土造,1140415,178.5,4,2,2,有,有,無,30000,168,坡道平面,27.92,0,租金總額含稅；管理費；,RPVNMLKMLHLGFAD08CC,,有,1150326~1160331,有,,
安平區,租賃房屋,臺南市安平區育平路７０號７樓之６,0.0,,,,1150330,土地0建物1車位0,七層,14,住宅大樓(11層含以上有電梯),集合住宅,鋼筋混凝土構造,1021125,91.22,3,2,2,有,有,有,22000,241,,0.0,0,多人共同承租2；,RPWNMLKMLHLGFAD18CC,整棟(戶)出租,有,1150501~1160430,有,冷氣、熱水器、洗衣機、電視機、冰箱、瓦斯或天然氣,
中西區,租賃房屋,臺南市中西區中華西路二段５１８號,0.0,,,,1150326,土地0建物1車位0,見其他登記事項,15,店面(店鋪),店舖、辦公室,鋼筋混凝土構造,1020620,144.36,1,1,2,有,有,無,39800,276,,0.0,0,1.裝修期一個月從115年4月1日~115年4月30日。2.本租金不含管理費，管理費由承租人自行繳納。3.房租起算日從115年5月1日開始。多人共同承租2；,RPXNMLKMLHLGFAD28CC,,有,1150401~1180331,有,,
安平區,租賃房屋,臺南市安平區健康二街３９０號,0.0,,,,1150328,土地0建物0車位0,全,5,透天厝,住商用,鋼筋混凝土造,0810716,25.2,10,0,10,有,無,有,10500,417,,0.0,0,租金總額含網路費；續租案件；,RPOOMLKMLHLGFAD47CC,分租套房,無,1150401~1160331,有,冷氣、熱水器、洗衣機、電視機、冰箱、網路,一般代管
中西區,租賃房屋+車位,臺南市中西區樹林街二段２５２號六樓之１,0.0,,,,1150329,土地0建物1車位1,六層,9,華廈(10層含以下有電梯),住家用,鋼筋混凝土造,0870905,114.78999999999999,3,1,2,有,有,有,18000,157,升降機械,0.0,0,,RPPOMLKMLHLGFAD57CC,整棟(戶)出租,有,1150401~1160331,有,冷氣、熱水器、洗衣機、電視機、冰箱、瓦斯或天然氣,
安南區,租賃房屋,臺南市安南區溪東一街３號,0.0,,,,1150325,土地0建物1車位0,一層,13,店面(店鋪),店舖,鋼筋混凝土造,1101103,115.59,0,2,1,有,有,無,26000,225,,0.0,0,1.經雙方約定，不動產租賃契約書中的第七條內的第三點、第四點，若其中一方違約，違約金為兩個月租金。2.有承租一個機車位。,RPQNMLKMLHLGFBD67CC,,有,1150415~1200414,有,,
安南區,租賃房屋+車位,臺南市安南區永續三街２６０號１１樓之１,0.0,,,,1150317,土地0建物1車位1,十一層,15,住宅大樓(11層含以上有電梯),集合住宅,鋼筋混凝土造,1100114,120.41999999999999,2,2,1,有,有,無,23000,191,坡道平面,25.6,0,租金總額含管理費；,RPRNMLKMLHLGFBD77CC,整棟(戶)出租,有,1150401~1160331,有,冷氣、熱水器、洗衣機、電視機、冰箱、瓦斯或天然氣,
安南區,租賃房屋,臺南市安南區安昌街７６號,0.0,,,,1150309,土地0建物0車位0,二層,4,華廈(10層含以下有電梯),住宅，停車空間,鋼筋混凝土造,1030704,18.45,21,0,21,有,無,有,6200,336,,0.0,0,租金總額含水費；網路費；其他有線電視或MOD；租賃建物部分範圍，且未計入共有部分面積；續租案件；,RPSNMLKMLHLGFBD87CC,分租套房,無,1150401~1160331,有,冷氣、熱水器、電視機、冰箱、有線電視、網路,一般代管
東區,租賃房屋,臺南市東區大同路二段４４９巷２弄２０號四樓,0.0,,,,1150320,土地0建物1車位0,四層,4,公寓(5樓含以下無電梯),住家用,鋼筋混凝土造,0701121,118.28,3,2,2,有,無,有,10000,85,,0.0,0,參加國家住宅及都市中心辦理社會住宅包租代管第五期計劃中央版續租案件；,RPPNMLKMLHLGFCD67CC,整棟(戶)出租,無,1150320~1160319,無,冷氣、熱水器、洗衣機、電視機、冰箱,社會住宅代管
東區,租賃房屋+車位,臺南市東區文化路１１８號二樓,0.0,,,,1150328,土地0建物1車位1,二層,12,住宅大樓(11層含以上有電梯),集合住宅,鋼筋混凝土造,1021023,220.85000000000002,3,2,2,有,有,無,26902,122,坡道平面,32.15,0,1.搬遷期為115/04/01~115/04/14止。2.租金32000元內含管理費4798元及停車清潔費300元。3.共有面積內含2個車位，承租方僅承租一個車位-地下二層72號。,RPQNMLKMLHLGFCD77CC,整棟(戶)出租,有,1150401~1160414,有,冷氣、熱水器、瓦斯或天然氣,
東區,租賃房屋,臺南市東區青年路３９８巷１０號三樓之６,0.0,,,,1150313,土地0建物1車位0,三層,3,公寓(5樓含以下無電梯),住家用,鋼筋混凝土造,0850202,22.53,1,1,1,有,無,有,6500,289,,0.0,0,台南市不動產租賃公會民間住宅包租代管第5期計畫之物件。,RPRNMLKMLHLGFCD87CC,獨立套房,無,1150317~1180316,無,冷氣、熱水器、電視機、冰箱,社會住宅包租轉租
南區,租賃房屋,臺南市南區大同路二段４０６巷２２之２號,0.0,,,,1150329,土地0建物1車位0,三層,5,公寓(5樓含以下無電梯),住家用,鋼筋混凝土造,0710226,100.56,2,1,2,有,無,有,17300,172,,0.0,0,多人共同承租2；租金總額含管理費；租賃期間有約定不同租金民國115年4月1日至民國115年6月30日，每月租金減免1000元，為16300元。；,RPSNMLKMLHLGFCD97CC,整棟(戶)出租,無,1150401~1160331,無,冷氣、熱水器、洗衣機、電視機、冰箱、瓦斯或天然氣,
南區,租賃房屋,臺南市南區永成路三段５０３號,0.0,,,,1150326,土地0建物1車位0,全,4,透天厝,集合住宅、停車空間、店舖,鋼筋混凝土造,1060725,39.14,1,0,1,有,無,無,18000,460,,0.0,0,只租一樓空間,RPTNMLKMLHLGFCD08CC,分層出租,無,1150401~1170331,無,,
南區,租賃房屋,臺南市南區大成路二段８號,90.05,住,,,1150324,土地1建物1車位0,全,4,透天厝,住商用,鋼筋混凝土造,0770120,150.33,8,2,3,有,無,無,29500,196,,0.0,0,含增建或未登記建物；,RPUNMLKMLHLGFCD18CC,,無,1150410~1200409,無,,
南區,租賃房屋,臺南市南區文南一街２號４F１,0.0,,,,1150325,土地0建物0車位0,四層,8,辦公商業大樓,商業用,鋼筋混凝土造,0790627,33.74,23,0,23,有,無,有,8800,261,,0.0,0,租賃建物部分範圍，且未計入共有部分面積；,RPVNMLKMLHLGFCD28CC,分租套房,無,1150328~1160327,有,冷氣、熱水器、洗衣機、冰箱,
東區,租賃房屋,臺南市東區崇善十二街６巷１５弄１０號,0.0,,,,1150325,土地0建物1車位0,見其他登記事項,6,華廈(10層含以下有電梯),住商用,鋼筋混凝土造,0830330,146.29000000000002,2,1,2,有,有,無,15000,103,,0.0,0,續租案件；,RPXNMLKMLHLGFCD48CC,整棟(戶)出租,無,1150320~1160319,有,冷氣、熱水器,
東區,土地,竹篙厝段2900-2地號,195.0,住,,,1150327,土地2建物0車位0,,,其他,,,,0.0,0,0,0,無,無,無,12000,62,,0.0,0,115年3月27日起至115年4月27日止，租金以每月壹萬貳仟元計算，出租人同意承租人暫免給付該期間之租金。,RPOOMLKMLHLGFCD67CC,,,1150327~1160426,,,
東區,租賃房屋+車位,臺南市東區崇賢三路８５號二樓之３,0.0,,,,1150322,土地0建物1車位1,二層,15,住宅大樓(11層含以上有電梯),集合住宅,鋼筋混凝土造,1130816,112.25,2,2,2,有,有,有,18519,165,坡道平面,26.25,0,管理費每月2481元由出租人負擔。,RPQOMLKMLHLGFCD87CC,整棟(戶)出租,有,1150401~1160331,有,冷氣、熱水器,
新營區,租賃房屋,臺南市新營區中山路２０號六樓之五,0.0,,,,1150318,土地0建物1車位0,六層,12,住宅大樓(11層含以上有電梯),住家用,鋼筋混凝土造,0860425,37.089999999999996,1,1,1,有,有,有,8000,216,,0.0,0,台南市不動產租賃公會民間住宅包租代管第5期計畫之物件。,RPPNMLKMLHLGFDD77CC,獨立套房,無,1150325~1160324,有,冷氣、熱水器、洗衣機、電視機、冰箱,社會住宅包租轉租
新營區,租賃房屋,臺南市新營區復興路１２號,0.0,,,,1150319,土地0建物0車位0,全,3,透天厝,住商用,加強磚造,,18.0,6,1,7,有,無,有,11000,611,,0.0,0,租金總額含網路費；含增建或未登記建物；,RPQNMLKMLHLGFDD87CC,分租套房,無,1150321~1160320,無,冷氣、熱水器、洗衣機、電視機、冰箱、有線電視、網路,
麻豆區,租賃房屋,臺南市麻豆區新生南路２１８巷８號三樓之６,0.0,,,,1150317,土地0建物1車位0,三層,14,住宅大樓(11層含以上有電梯),集合住宅,鋼筋混凝土造,1140122,155.76999999999998,2,2,2,有,有,有,18000,116,,0.0,0,台南市不動產租賃公會民間住宅包租代管第5期計畫之物件。未租賃車位，建物登記含有車位面積；,RPPNMLKMLHLGFFD97CC,整棟(戶)出租,無,1150320~1160319,有,冷氣、熱水器、洗衣機、電視機、冰箱、瓦斯或天然氣,社會住宅包租轉租
善化區,租賃房屋,臺南市善化區牛庄５５０-３號,0.0,,,,1150328,土地0建物0車位0,全,4,透天厝,住家用,鋼筋混凝土造,1041015,23.14,7,0,7,有,無,有,7000,303,,0.0,0,多人共同承租2；,RPPNMLKMLHLGFHD18CC,分租套房,無,1150331~1160330,無,冷氣、熱水器、洗衣機、電視機、冰箱、有線電視、網路,一般代管
新市區,租賃房屋,臺南市新市區龍目井路１４７巷７號,0.0,,,,1150315,土地0建物1車位0,全,4,透天厝,店舖、出租宿舍（商務住宅）,鋼筋混凝土造,1090911,59.36,4,2,5,有,有,有,13000,219,,0.0,0,租金總額含管理費；網路費；,RPRNMLKMLHLGFHD38CC,分層出租,無,1150316~1160315,無,冷氣、熱水器、洗衣機、電視機、冰箱、網路,
永康區,租賃房屋,臺南市永康區龍埔街４３８號九樓之３,0.0,,,,1150311,土地0建物1車位0,九層,12,住宅大樓(11層含以上有電梯),集合住宅,鋼筋混凝土造,1140805,128.43,2,2,2,有,有,有,19800,154,,0.0,0,台南市社會住宅包租代管第5期計畫中央版租金依照租金水準區間表評定未租賃車位，建物登記含有車位面積；,RPPNMLKMLHLGFKD48CC,整棟(戶)出租,有,1150401~1180331,有,冷氣、熱水器、洗衣機、電視機、冰箱,社會住宅包租轉租
永康區,租賃房屋,臺南市永康區國光一街５２號,0.0,,,,1150327,土地0建物0車位0,全,3,透天厝,住商用,鋼筋混凝土造,0960821,16.53,10,0,10,有,無,有,6000,363,,0.0,0,租金總額含水費；網路費；,RPRNMLKMLHLGFKD68CC,分租套房,無,1150501~1160430,無,冷氣、電視機、網路,一般代管
永康區,租賃房屋,臺南市永康區復華里復華八街４７巷２３號,0.0,,,,1150321,土地0建物1車位0,見其他登記事項,6,店面(店鋪),停車空間、店舖。,鋼筋混凝土造,0850305,105.42,0,0,1,有,有,無,15000,142,,0.0,0,1.契約書未約定土地租賃標的2.由出租人提供租屋資訊3.管理費每月800元，由承租人負擔,RPSNMLKMLHLGFKD78CC,,有,1150401~1160331,有,熱水器,
永康區,租賃房屋,臺南市永康區六合路５４巷２２號,0.0,,,,1150321,土地0建物1車位0,全,2,透天厝,住家用,加強磚造,0731009,110.87,6,1,4,有,無,有,18000,162,,0.0,0,1.契約書未約定土地租賃標的。   2.由所有權人提供租屋資訊。多人共同承租6；租金總額含網路費；含增建或未登記建物；續租案件；,RPTNMLKMLHLGFKD88CC,整棟(戶)出租,無,1150626~1160625,無,冷氣、熱水器、洗衣機、電視機、冰箱、瓦斯或天然氣、網路,
安平區,租賃房屋+車位,臺南市安平區國平北路１３７號１３樓之３,0.0,,,,1150330,土地0建物1車位1,十三層,34,住宅大樓(11層含以上有電梯),集合住宅,鋼骨鋼筋混凝土造、鋼筋混凝土造,1140415,105.65,2,2,1,有,有,有,21000,199,坡道平面,27.92,0,,RPPNMLLMLHLGFAD57CC,整棟(戶)出租,有,1150407~1150706,有,冷氣、熱水器、洗衣機、電視機、冰箱、瓦斯或天然氣,
中西區,租賃房屋+車位,臺南市中西區中華西路二段５２０號三樓之７,0.0,,,,1150325,土地0建物1車位1,三層,15,住宅大樓(11層含以上有電梯),集合住宅,鋼筋混凝土構造,1020620,105.18,2,1,1,有,有,有,24000,228,坡道機械,13.31,0,管理費2000元由出租人負擔。多人共同承租2；,RPQNMLLMLHLGFAD67CC,整棟(戶)出租,有,1150415~1160414,有,冷氣、熱水器、洗衣機、電視機、冰箱、瓦斯或天然氣,
中西區,租賃房屋,臺南市中西區和善街１０２號,0.0,,,,1150326,土地0建物0車位0,全,2,透天厝,住家用,加強磚造,0640804,17.0,5,0,5,有,無,有,12800,753,,0.0,0,租金含機車位一個承租人負擔垃圾清潔費500元/月多人共同承租2；租金總額含水費；網路費；其他第四台；,RPRNMLLMLHLGFAD77CC,分租套房,無,1150327~1160526,無,冷氣、熱水器、洗衣機、電視機、冰箱、有線電視、網路,一般轉租
中西區,租賃房屋,臺南市中西區開山路１２２巷３６弄１５號,0.0,,,,1150317,土地0建物1車位0,全,3,透天厝,住家用,磚造,,55.17,1,3,1,有,無,無,18000,326,,0.0,0,含增建或未登記建物；,RPSNMLLMLHLGFAD87CC,整棟(戶)出租,無,1150402~1180401,無,冷氣,
北區,租賃房屋,臺南市北區東豐路２２７巷２４弄１５號二樓之５,0.0,,,,1150327,土地0建物1車位0,二層,5,華廈(10層含以下有電梯),住家用,鋼筋混凝土造,0790518,25.080000000000002,1,0,1,有,有,有,5000,199,,0.0,0,此為台南市社會住宅包租代管第4期計畫。續租案件；,RPTNMLLMLHLGFAD97CC,獨立套房,有,1150401~1160331,有,冷氣、熱水器、冰箱,社會住宅包租轉租
北區,租賃房屋,臺南市北區公園路４５１巷６７弄１０號五樓之２,0.0,,,,1150330,土地0建物1車位0,五層,5,公寓(5樓含以下無電梯),住家用,鋼筋混凝土造,0730215,109.99000000000001,3,1,2,有,無,有,12000,109,,0.0,0,此為台南市社會住宅包租代管第4期計畫。續租案件；,RPUNMLLMLHLGFAD08CC,整棟(戶)出租,無,1150407~1160406,無,冷氣、熱水器、洗衣機、冰箱、瓦斯或天然氣,社會住宅代管
中西區,租賃房屋,臺南市中西區忠義路二段３２號七樓之２,0.0,,,,1150312,土地0建物1車位0,七層,8,華廈(10層含以下有電梯),住家用,鋼筋混凝土造,0690507,31.189999999999998,1,0,1,有,無,無,7500,240,,0.0,0,,RPWNMLLMLHLGFAD28CC,獨立套房,無,1150315~1160314,有,,
中西區,租賃房屋,臺南市中西區中華西路二段２８巷６４號,0.0,,,,1150323,土地0建物1車位0,全,5,透天厝,住商用,鋼筋混凝土造,0790703,59.87,0,1,2,有,無,無,17500,292,,0.0,0,雙方約定自115年4月7日起計租金，115年3月23日至4月6日不計租金供承租方搬遷使用,RPOOMLLMLHLGFAD57CC,,無,1150407~1160406,有,冷氣、熱水器、洗衣機、網路,
安平區,租賃房屋,臺南市安平區安億路１３８號,0.0,,,,1150316,土地0建物0車位0,全,4,透天厝,住商用,鋼筋混凝土造,0830406,19.83,14,0,14,有,無,有,9000,454,,0.0,0,,RPPOMLLMLHLGFAD67CC,分租套房,無,1150316~1160331,有,冷氣、熱水器、洗衣機、電視機、冰箱、網路,一般代管
中西區,租賃房屋,臺南市中西區民族路三段１４８巷７號,0.0,,,,1150316,土地0建物1車位0,全,1,透天厝,住家用,磚造,,73.16,1,1,1,有,無,有,13000,178,,0.0,0,台南市社會住宅包租代管第5期計畫中央版租金依照租金水準區間表評定,RPROMLLMLHLGFAD87CC,獨立套房,無,1150329~1180328,無,冷氣、熱水器、洗衣機、冰箱,社會住宅包租轉租
中西區,租賃房屋,臺南市中西區康樂街１２２號六樓,0.0,,,,1150330,土地0建物1車位0,六層,9,華廈(10層含以下有電梯),住商用,鋼筋混凝土造,0800110,68.1,0,4,2,有,有,無,12000,176,,0.0,0,1.契約書未約定土地租賃標的。2.出租人將六樓隔成四間，承租人承租其中一間。租金總額含稅；管理費；水費；,RPTOMLLMLHLGFAD08CC,,無,1150405~1160404,有,冷氣,
安平區,租賃房屋+車位,臺南市安平區永華路二段８３９號２２樓,0.0,,,,1150329,土地0建物1車位1,二十二層,23,住宅大樓(11層含以上有電梯),集合住宅,鋼筋混凝土構造,1081217,151.29000000000002,2,2,2,有,有,有,27000,178,坡道機械,28.37,0,多人共同承租2；租金總額含管理費；,RPUOMLLMLHLGFAD18CC,整棟(戶)出租,有,1150401~1160331,有,冷氣、熱水器、洗衣機、電視機、冰箱、瓦斯或天然氣,
安平區,租賃房屋,臺南市安平區建平三街２７號,0.0,,,,1150326,土地0建物0車位0,全,5,透天厝,住商用,鋼筋混凝土造,0831012,36.36,6,1,7,有,無,有,11000,303,,0.0,0,租金總額含水費；網路費；,RPVOMLLMLHLGFAD28CC,分租套房,無,1150401~1160331,無,冷氣、洗衣機、電視機、冰箱、瓦斯或天然氣、網路,
安南區,租賃房屋,臺南市安南區新宅三街９８號三樓之６,0.0,,,,1150324,土地0建物1車位0,三層,5,華廈(10層含以下有電梯),集合住宅,鋼筋混凝土造,1110318,89.28999999999999,3,2,2,有,有,有,18000,202,,0.0,0,台南市不動產租賃公會民間住宅包租代管第5期計畫。管理費1000元由出租人負擔。,RPPNMLLMLHLGFBD67CC,整棟(戶)出租,有,1150401~1160331,有,冷氣、熱水器,社會住宅代管
安南區,租賃房屋+車位,臺南市安南區永續三街８６號１１樓之５,0.0,,,,1150309,土地0建物1車位1,十一層,14,住宅大樓(11層含以上有電梯),集合住宅,鋼筋混凝土造,1090114,142.57999999999998,3,2,2,有,有,有,21000,147,坡道機械,21.38,0,,RPQNMLLMLHLGFBD77CC,整棟(戶)出租,有,1150310~1160309,有,熱水器、電視機、冰箱、瓦斯或天然氣,一般代管
安南區,租賃房屋,臺南市安南區永續十街６２號,0.0,,,,1150327,土地0建物1車位0,見其他登記事項,4,店面(店鋪),店舖、集合住宅、停車空間,鋼筋混凝土造,1090304,290.95,4,3,6,有,無,無,77369,266,,0.0,0,自民國115年03月25日起至115年03月31日為裝潢期免收租金，惟水電費乙方自行負擔，自115年4月1日開始收租。租金總額含稅；其他含10%所得稅及2.11%補充保費；,RPRNMLLMLHLGFBD87CC,,無,1150401~1170331,有,冷氣、熱水器、洗衣機、冰箱,
安南區,租賃房屋,臺南市安南區府安路６段４５巷２號,0.0,,,,1150306,土地0建物0車位0,全,3,透天厝,住商用,鋼筋混凝土造,0700904,18.39,6,0,6,有,無,有,8700,473,,0.0,0,,RPSNMLLMLHLGFBD97CC,分租套房,無,1150315~1160430,無,冷氣、熱水器、洗衣機、電視機、冰箱、網路,一般轉租
安南區,租賃房屋,臺南市安南區府安路６段４５巷２號,0.0,,,,1150312,土地0建物0車位0,全,3,透天厝,住商用,鋼筋混凝土造,0700904,20.61,6,0,6,有,無,有,10400,505,,0.0,0,續租案件；,RPTNMLLMLHLGFBD08CC,分租套房,無,1150401~1160331,無,冷氣、熱水器、洗衣機、電視機、冰箱、網路,一般轉租
東區,租賃房屋,臺南市東區前鋒路８７號三樓之１,0.0,,,,1150327,土地0建物1車位0,三層,7,華廈(10層含以下有電梯),住家用,鋼筋混凝土造,0721214,105.87,2,1,1,有,有,有,14750,139,,0.0,0,此為台南市社會住宅包租代管第4期計畫。管理費250元由出租人負擔。續租案件；,RPSNMLLMLHLGFCD08CC,整棟(戶)出租,有,1150401~1160331,有,冷氣、熱水器、洗衣機、瓦斯或天然氣,社會住宅包租轉租
東區,租賃房屋,臺南市東區慶東街１３號,0.0,,,,1150326,土地0建物0車位0,全,3,透天厝,住家用,鋼筋混凝土造,0680717,39.0,4,0,4,有,無,有,17000,436,,0.0,0,租金含機車位一個承租人負擔垃圾清潔費500/月租金總額含水費；網路費；其他第四台；,RPTNMLLMLHLGFCD18CC,分租套房,無,1150328~1160327,無,冷氣、熱水器、洗衣機、電視機、冰箱、有線電視、網路,一般代管
東區,租賃房屋,臺南市東區裕孝路２０２號,0.0,,,,1150329,土地0建物0車位0,全,5,透天厝,集合住宅,鋼筋混凝土造,1130401,27.57,9,0,9,有,無,有,15000,544,,0.0,0,含一樓機車位3.12平方公尺租金總額含網路費；,RPUNMLLMLHLGFCD28CC,分租套房,無,1150401~1170331,有,冷氣、熱水器、網路,
南區,租賃房屋,臺南市南區新建路２０巷６之２號,0.0,,,,1150324,土地0建物1車位0,三層,5,公寓(5樓含以下無電梯),集合住宅,鋼筋混凝土造,0720422,93.25,3,2,2,有,無,無,7000,75,,0.0,0,台南市不動產租賃公會民間住宅包租代管第5期計畫。續租案件；,RPVNMLLMLHLGFCD38CC,整棟(戶)出租,無,1150401~1160331,無,熱水器、瓦斯或天然氣,社會住宅代管
東區,租賃房屋,臺南市東區崇明２４街８０號３樓之４３,0.0,,,,1150320,土地0建物1車位0,三層,6,華廈(10層含以下有電梯),集合住宅,鋼筋混凝土構造,1110601,47.019999999999996,1,0,1,有,有,有,12500,266,,0.0,0,管理費:1200元  水費:250元,RPWNMLLMLHLGFCD48CC,獨立套房,有,1150320~1160319,有,冷氣、熱水器、洗衣機、電視機、冰箱、網路,一般轉租
東區,租賃房屋,臺南市東區崇明２４街８０號４樓之１７,0.0,,,,1150316,土地0建物1車位0,四層,6,華廈(10層含以下有電梯),集合住宅,鋼筋混凝土構造,1110601,50.019999999999996,1,0,1,有,有,有,14300,286,,0.0,0,管理費:1200元  水費:250元,RPXNMLLMLHLGFCD58CC,獨立套房,有,1150310~1160309,有,冷氣、熱水器、洗衣機、電視機、冰箱、網路,一般轉租
東區,租賃房屋,臺南市東區崇明２４街８０號４樓之３３,0.0,,,,1150316,土地0建物1車位0,四層,6,華廈(10層含以下有電梯),集合住宅,鋼筋混凝土構造,1110601,34.76,1,0,1,有,有,有,11500,331,,0.0,0,管理費:1100元  水費:200元,RPOOMLLMLHLGFCD77CC,獨立套房,有,1150320~1160319,有,冷氣、熱水器、洗衣機、電視機、冰箱、網路,一般轉租
東區,租賃房屋,臺南市東區崇明２４街８０號３樓之２８,0.0,,,,1150319,土地0建物1車位0,三層,6,華廈(10層含以下有電梯),集合住宅,鋼筋混凝土構造,1110601,34.76,1,0,1,有,有,有,11500,331,,0.0,0,管理費:1100元  水費:200元,RPPOMLLMLHLGFCD87CC,獨立套房,有,1150320~1160319,有,冷氣、熱水器、電視機、冰箱、網路,一般轉租
東區,租賃房屋+車位,臺南市東區崇德十九街５５號五樓之１,1594.0,住,,,1150330,土地1建物1車位1,五層,9,華廈(10層含以下有電梯),住家用,鋼筋混凝土造,0830723,130.86,3,2,2,有,有,無,20000,153,坡道平面,0.0,0,租金總額含管理費；,RPQOMLLMLHLGFCD97CC,整棟(戶)出租,有,1150330~1170329,有,冷氣、熱水器、冰箱,
東區,租賃房屋,臺南市東區青年路３２５號,0.0,,,,1150327,土地0建物0車位0,全,5,透天厝,住商用,鋼筋混凝土造,0880617,23.14,5,0,5,有,無,有,6000,259,,0.0,0,,RPROMLLMLHLGFCD08CC,分租套房,無,1150401~1160331,無,冷氣、熱水器、電視機、冰箱、網路,一般代管
東區,租賃房屋,臺南市東區富農街一段１３８巷１６號,0.0,,,,1150329,土地0建物0車位0,全,3,透天厝,住家用,鋼筋混凝土造,0700620,25.0,8,1,8,有,無,有,8600,344,,0.0,0,租金總額含水費；網路費；含增建或未登記建物；,RPSOMLLMLHLGFCD18CC,分租套房,無,1150401~1160331,無,冷氣、熱水器、洗衣機、冰箱、網路,
南區,租賃房屋+車位,臺南市南區建南路３０１號三樓之４,0.0,,,,1150310,土地0建物1車位1,三層,8,華廈(10層含以下有電梯),住家用,鋼筋混凝土造,0811210,163.64000000000001,4,2,2,有,有,有,32000,196,一樓平面,0.0,0,租金總額含管理費；,RPTOMLLMLHLGFCD28CC,整棟(戶)出租,有,1150415~1151014,有,冷氣、熱水器、冰箱,
東區,租賃房屋,臺南市東區中華東路二段１９３號１３樓之１０,0.0,,,,1150318,土地0建物1車位0,十三層,20,住宅大樓(11層含以上有電梯),住家用,鋼筋混凝土造,0841106,114.34,2,2,1,有,有,有,17000,149,,0.0,0,多人共同承租3；,RPVOMLLMLHLGFCD48CC,整棟(戶)出租,有,1150324~1160623,有,冷氣、熱水器、洗衣機、電視機、冰箱、瓦斯或天然氣,一般轉租
麻豆區,租賃房屋,臺南市麻豆區新生南路１５９巷１３號,0.0,,,,1150325,土地0建物1車位0,全,4,透天厝,集合住宅、停車空間,鋼筋混凝土構造,1110309,219.31,4,2,5,有,無,有,32000,146,,0.0,0,,RPPNMLLMLHLGFFD08CC,整棟(戶)出租,無,1150501~1170430,無,冷氣、熱水器、洗衣機、電視機、冰箱、瓦斯或天然氣,一般代管
善化區,租賃房屋,臺南市善化區龍目井路８８號６樓之２５A室,0.0,,,,1150304,土地0建物0車位0,六層,8,華廈(10層含以下有電梯),集合住宅,鋼筋混凝土造,1060111,28.12,2,2,2,有,有,有,11000,391,,0.0,0,租金總額含管理費；水費；網路費；,RPQNMLLMLHLGFHD38CC,分租套房,有,1150316~1160315,有,冷氣、熱水器、洗衣機、電視機、冰箱、網路,
善化區,租賃房屋,臺南市善化區溪尾１１３-７號,0.0,,,,1150330,土地0建物1車位0,見其他登記事項,1,農舍,農舍,鋼骨造,0970519,198.45,4,2,3,有,無,無,35000,,,0.0,0,,RPRNMLLMLHLGFHD48CC,整棟(戶)出租,無,1150401~1160331,無,,
新化區,租賃房屋,臺南市新化區中山路１４０號,0.0,,,,1150314,土地0建物0車位0,全,4,透天厝,住商用,加強磚造,0660301,39.66,5,1,6,有,無,有,15000,378,,0.0,0,租金總額含水費；,RPSNMLLMLHLGFHD58CC,分租套房,無,1150401~1160331,無,冷氣、熱水器、洗衣機、電視機、冰箱、網路,一般代管
善化區,租賃房屋+車位,臺南市善化區民權路５２號１１樓之６,0.0,,,,1150329,土地0建物1車位1,十一層,26,住宅大樓(11層含以上有電梯),集合住宅,鋼骨鋼筋混凝土造,1120927,111.74000000000001,1,1,1,有,有,有,19000,170,坡道平面,39.6,0,租金總額含管理費；,RPTNMLLMLHLGFHD68CC,整棟(戶)出租,有,1150415~1160415,有,冷氣、熱水器、洗衣機、電視機、冰箱,
善化區,租賃房屋,臺南市善化區小新營１０７之７號６樓之５,0.0,,,,1150324,土地0建物1車位0,六層,6,華廈(10層含以下有電梯),集合住宅,鋼筋混凝土造,1100708,95.22,3,2,2,有,有,有,17000,179,,0.0,0,,RPUNMLLMLHLGFHD78CC,整棟(戶)出租,有,1150401~1160331,有,冷氣、熱水器、洗衣機、電視機、冰箱、瓦斯或天然氣,
新市區,租賃房屋,臺南市新市區社內１９６-３號,0.0,,,,1150330,土地0建物0車位0,全,3,透天厝,住家用,鋼筋混凝土造,1021202,18.0,8,0,8,有,無,有,7500,417,,0.0,0,多人共同承租2；租金總額含管理費；水費；網路費；續租案件；,RPVNMLLMLHLGFHD88CC,分租套房,無,1150501~1160430,無,冷氣、熱水器、洗衣機、電視機、冰箱、網路,一般轉租
新市區,租賃房屋,臺南市新市區中山路２０-１３號,0.0,,,,1150330,土地0建物0車位0,全,4,透天厝,住家用,鋼筋混凝土造,1041110,18.0,16,0,16,有,無,有,6500,361,,0.0,0,租金總額含管理費；水費；網路費；續租案件；,RPWNMLLMLHLGFHD98CC,分租套房,無,1150501~1160430,無,冷氣、熱水器、洗衣機、電視機、冰箱、網路,一般代管
仁德區,租賃房屋,臺南市仁德區中正西路４００號二樓之２６,0.0,,,,1150325,土地0建物1車位0,二層,4,華廈(10層含以下有電梯),辦公室,鋼筋混凝土造,0960920,13.629999999999999,1,0,1,有,有,有,3200,235,,0.0,0,台南市不動產租賃公會民間住宅包租代管第5期計畫。,RPPNMLLMLHLGFID38CC,獨立套房,有,1150325~1160324,有,冷氣、熱水器、冰箱,社會住宅代管
仁德區,租賃房屋,臺南市仁德區中正西路３６０巷２０弄４１號三樓之７,0.0,,,,1150318,土地0建物1車位0,三層,4,華廈(10層含以下有電梯),辦公室,鋼筋混凝土造,0960920,14.149999999999999,1,0,1,有,有,有,3000,212,,0.0,0,含增建或未登記建物；,RPQNMLLMLHLGFID48CC,獨立套房,有,1150318~1150917,有,冷氣、熱水器、電視機、冰箱、網路,一般代管
仁德區,租賃房屋,臺南市仁德區文賢路二段１５巷１８弄１７號４樓之２,0.0,,,,1150330,土地0建物0車位0,四層,10,華廈(10層含以下有電梯),住家用,鋼筋混凝土造,0920910,14.88,5,2,5,有,無,有,8500,571,,0.0,0,文賢409房租金總額含水費；網路費；其他垃圾代收費；租賃建物部分範圍，且未計入共有部分面積；續租案件；,RPSNMLLMLHLGFID68CC,分租套房,無,1150426~1160425,有,冷氣、熱水器、洗衣機、電視機、冰箱、網路,一般轉租
仁德區,租賃房屋,臺南市仁德區文賢路二段１５巷１８弄１７號７樓之１,0.0,,,,1150330,土地0建物0車位0,七層,10,華廈(10層含以下有電梯),住家用,鋼筋混凝土造,0920910,18.18,5,2,5,有,無,有,11500,633,,0.0,0,文賢701房租金總額含水費；網路費；其他垃圾代收費；租賃建物部分範圍，且未計入共有部分面積；,RPUNMLLMLHLGFID88CC,分租套房,無,1150401~1160331,有,冷氣、熱水器、洗衣機、電視機、冰箱、網路,一般轉租
歸仁區,租賃房屋,臺南市歸仁區中山路三段２５０-１號,224.35,住,,,1150327,土地2建物1車位0,見其他登記事項,1,店面(店鋪),店鋪,鋼骨構造有牆,1090421,87.87,0,1,1,有,無,無,41000,467,,0.0,0,租金總額含稅；,RPVNMLLMLHLGFID98CC,,無,1150501~1200430,無,,
歸仁區,租賃房屋,臺南市歸仁區仁愛六街４２號,0.0,,,,1150314,土地0建物0車位0,全,2,透天厝,住商用,加強磚造,0680621,19.83,5,0,5,有,無,有,8000,403,,0.0,0,1.契約書未約定土地租賃標的。2.由所有權人提供租屋資訊。租金總額含網路費；,RPWNMLLMLHLGFID09CC,分租套房,無,1150410~1151009,無,冷氣、熱水器、電視機、冰箱、網路,一般代管
仁德區,租賃房屋,臺南市仁德區保學路１１０號,0.0,,,,1150324,土地0建物0車位0,全,3,透天厝,住家用,鋼筋混凝土造,0960420,16.5,6,1,6,有,無,有,6500,394,,0.0,0,租金總額含水費；網路費；,RPOOMLLMLHLGFID38CC,分租套房,無,1150325~1150924,無,冷氣、熱水器、洗衣機、冰箱、網路,一般轉租
歸仁區,租賃房屋,臺南市歸仁區中正南路２段２７５巷３６號,0.0,,,,1150302,土地0建物0車位0,全,4,透天厝,住家用,鋼骨造,0910808,16.52,20,0,20,有,無,無,4000,242,,0.0,0,租金總額含網路費；,RPPOMLLMLHLGFID48CC,分租套房,無,1150302~1160301,無,冷氣、熱水器、網路,一般轉租
玉井區,租賃房屋,臺南市玉井區忠孝街２３１號,0.0,,,,1150329,土地0建物0車位0,全,3,透天厝,住家用,ＲＣ造,0810529,22.0,8,0,8,有,無,有,6000,273,,0.0,0,1.契約書未約定土地租賃標的。   2.由所有權人提供租屋資訊。租金總額含水費；網路費；,RPPNMLLMLHLGFJD48CC,分租套房,無,1150329~1160328,無,冷氣、電視機、冰箱、網路,
永康區,租賃房屋,臺南市永康區大灣路７６４巷５６號５樓之３,0.0,,,,1150323,土地0建物1車位0,五層,6,華廈(10層含以下有電梯),辦公室,鋼筋混凝土造,0940708,25.4,1,0,1,有,有,有,5500,217,,0.0,0,含增建或未登記建物；續租案件；,RPPNMLLMLHLGFKD58CC,獨立套房,有,1150401~1150930,有,冷氣、熱水器、電視機、冰箱、網路,一般代管
永康區,租賃房屋,臺南市永康區復華里復國一路４７５巷２８號一樓之８,0.0,,,,1150324,土地0建物1車位0,一層,5,華廈(10層含以下有電梯),住家用,鋼筋混凝土構造,1070402,19.5,1,0,1,有,有,有,5500,282,,0.0,0,含增建或未登記建物；續租案件；,RPQNMLLMLHLGFKD68CC,獨立套房,有,1150601~1151130,有,冷氣、熱水器、電視機、冰箱、網路,一般代管
永康區,租賃房屋,臺南市永康區復華里復國一路４７５巷２８號五樓之１６,0.0,,,,1150323,土地0建物1車位0,五層,5,華廈(10層含以下有電梯),住家用,鋼筋混凝土構造,1070402,13.61,1,0,1,有,有,有,4350,320,,0.0,0,含增建或未登記建物；,RPRNMLLMLHLGFKD78CC,獨立套房,有,1150401~1150930,有,冷氣、熱水器、電視機、冰箱、網路,一般代管
永康區,租賃房屋,臺南市永康區南台街９９號六樓之５,0.0,,,,1150325,土地0建物1車位0,六層,7,華廈(10層含以下有電梯),住家用,鋼筋混凝土造,0840921,29.240000000000002,1,0,1,有,有,有,7500,256,,0.0,0,台南市不動產租賃公會民間住宅包租代管第5期計畫。續租案件；,RPSNMLLMLHLGFKD88CC,獨立套房,有,1150327~1160326,有,冷氣、熱水器、洗衣機、電視機、冰箱,社會住宅包租轉租
永康區,租賃房屋,臺南市永康區西灣里永華路２３３巷２６號五樓之３,0.0,,,,1150327,土地0建物1車位0,五層,9,華廈(10層含以下有電梯),住家用,鋼筋混凝土造,0811130,101.62,3,1,2,有,有,有,17000,167,,0.0,0,此為台南市社會住宅包租代管第4期計畫。續租案件；,RPTNMLLMLHLGFKD98CC,整棟(戶)出租,有,1150401~1160331,有,冷氣、熱水器、洗衣機、電視機、冰箱、瓦斯或天然氣,社會住宅包租轉租
永康區,租賃房屋,臺南市永康區網寮里中山南路４９０巷２弄８號七樓之１,0.0,,,,1150326,土地0建物1車位0,七層,10,華廈(10層含以下有電梯),住家用,鋼筋混凝土造,0800513,120.97,3,1,2,有,有,有,11000,91,,0.0,0,台南市不動產租賃公會民間住宅包租代管第5期計畫。續租案件；,RPUNMLLMLHLGFKD09CC,整棟(戶)出租,有,1150331~1160330,有,熱水器、瓦斯或天然氣,社會住宅代管
永康區,租賃房屋,臺南市永康區復國二路２１５巷４０號七樓之２,0.0,,,,1150326,土地0建物1車位0,七層,11,住宅大樓(11層含以上有電梯),住家用,鋼筋混凝土造,0840520,114.92,3,2,2,有,有,有,19000,165,,0.0,0,1.契約書未約定土地租賃標的。2.由所有權人提供出租資訊。3.管理費1000元/月。多人共同承租2；,RPVNMLLMLHLGFKD56CC,整棟(戶)出租,有,1150326~1160325,有,冷氣、熱水器、洗衣機、電視機、冰箱、瓦斯或天然氣,
永康區,租賃房屋,臺南市永康區鹽行路１００巷８號,0.0,,,,1150328,土地0建物0車位0,全,4,透天厝,停車空間，住宅,鋼筋混凝土構造,1030715,23.14,8,0,8,有,無,有,5500,238,,0.0,0,1.契約書未約定土地租賃標的。2.由所有權人提供出租資訊。租金總額含網路費；,RPWNMLLMLHLGFKD66CC,分租套房,無,1150401~1160331,無,冷氣、熱水器、洗衣機、電視機、冰箱、網路,一般代管
永康區,租賃房屋+車位,臺南市永康區忠孝一路６９號十二樓之２,0.0,,,,1150330,土地0建物1車位1,十二層,14,住宅大樓(11層含以上有電梯),集合住宅,鋼筋混凝土造,1130112,94.91,2,1,1,有,有,有,20500,250,坡道機械,14.92,500,台南市社會住宅包租代管 第五期計畫 中央版；水、電、瓦斯費由承租人負擔，管理費2000元不包含在租金由承租人負擔。,RPXNMLLMLHLGFKD76CC,整棟(戶)出租,有,1150405~1180404,有,冷氣、熱水器、洗衣機、電視機、冰箱、瓦斯或天然氣,社會住宅包租轉租
永康區,租賃房屋,臺南市永康區中正北路３１８巷２之２號,0.0,,,,1150331,土地0建物2車位0,見其他登記事項,1,工廠,餐廳、員工宿舍。,加強磚造,0590401,1160.8,0,0,0,無,無,無,300000,,,0.0,0,,RPOOMLLMLHLGFKD58CC,,無,1150501~1250430,無,,
永康區,租賃房屋,臺南市永康區新中街３１９號,0.0,,,,1150325,土地0建物0車位0,全,4,透天厝,住商用,鋼筋混凝土造,0971030,15.15,6,0,6,有,無,有,5200,343,,0.0,0,租賃建物部分範圍，且未計入共有部分面積；,RPQOMLLMLHLGFKD78CC,分租套房,無,1150325~1160331,無,冷氣、熱水器、洗衣機、電視機、冰箱、有線電視,一般代管
永康區,租賃房屋+車位,臺南市永康區東橋五路２０８號八樓之３,0.0,,,,1150330,土地0建物1車位1,八層,15,住宅大樓(11層含以上有電梯),集合住宅,鋼筋混凝土構造,1120818,100.68,3,2,2,有,有,有,23800,236,坡道平面,0.0,2000,台南市社會住宅包租代管 增辦第四期計畫 公會版；水、電、瓦斯費由承租人負擔，管理費2200元不包含在租金由承租人負擔。多人共同承租2；,RPROMLLMLHLGFKD88CC,整棟(戶)出租,有,1150410~1160409,有,冷氣、熱水器、洗衣機、冰箱、瓦斯或天然氣,社會住宅代管
永康區,租賃房屋,臺南市永康區五王里中山東路１５６號五樓之７,0.0,,,,1150306,土地0建物1車位0,五層,11,住宅大樓(11層含以上有電梯),住家用,鋼筋混凝土造,0900110,49.27,2,2,2,有,有,有,14000,284,,0.0,0,國家住宅及都市更新中心社會住宅包租代管中央版第五期計畫,RPSOMLLMLHLGFKD98CC,整棟(戶)出租,有,1150320~1180319,有,冷氣、熱水器、洗衣機、電視機、冰箱、瓦斯或天然氣,社會住宅包租轉租
永康區,租賃房屋,臺南市永康區大同街２８７號,0.0,,,,1150312,土地0建物0車位0,全,4,透天厝,住家用,鋼筋混凝土造,0831003,39.67,7,1,8,有,無,無,9500,239,,0.0,0,1.契約書未約定土地租賃標的。2.由所有權人提供租屋資訊。租金總額含網路費；,RPTOMLLMLHLGFKD09CC,分租套房,無,1150313~1160312,無,冷氣、熱水器、洗衣機、電視機、冰箱、網路,
永康區,租賃房屋,臺南市永康區尚頂里南台街１３巷３７號十二樓之３,0.0,,,,1150306,土地0建物1車位0,十二層,16,住宅大樓(11層含以上有電梯),住家用,鋼筋混凝土造,0840523,143.44,3,2,2,有,有,有,18000,125,,0.0,0,台南市社會住宅包租代管第4期計畫公會版租金依照租金水準區間表評定續租案件；,RPUOMLLMLHLGFKD56CC,整棟(戶)出租,有,1150318~1160209,有,冷氣、熱水器、洗衣機、冰箱、瓦斯或天然氣,社會住宅代管
北區,租賃房屋,臺南市北區公園北路１３２號,0.0,,,,1150331,土地0建物0車位0,全,2,透天厝,住工用,加強磚造,0560101,11.93,26,0,26,有,無,有,5200,436,,0.0,0,公園北208房租金總額含水費；,RPPNMLLJMHLGFAD37CC,分租套房,無,1150301~1160430,無,冷氣、熱水器、網路,一般轉租
北區,租賃房屋,臺南市北區東豐路４９１號六樓之３,0.0,,,,1150317,土地0建物1車位0,六層,8,華廈(10層含以下有電梯),住家用,鋼筋混凝土造,0720818,114.1,2,1,1,有,有,有,10000,88,,0.0,0,社會住宅包租代管增辦第4期計畫公會版,RPQNMLLJMHLGFAD47CC,整棟(戶)出租,有,1150410~1160409,有,冷氣、熱水器、洗衣機,社會住宅代管
北區,租賃房屋,臺南市北區東豐路４９１號六樓之４,0.0,,,,1150317,土地0建物1車位0,六層,8,華廈(10層含以下有電梯),住家用,鋼筋混凝土造,0720818,124.53999999999999,3,1,1,有,有,有,10000,80,,0.0,0,社會住宅包租代管增辦第4期計畫公會版,RPRNMLLJMHLGFAD57CC,整棟(戶)出租,有,1150410~1160409,有,冷氣、熱水器、冰箱,社會住宅代管
北區,租賃房屋,臺南市北區開元路５１５號十八樓之２,0.0,,,,1150330,土地0建物1車位0,十八層,24,住宅大樓(11層含以上有電梯),集合住宅,鋼筋混凝土構造,1041105,127.15,3,2,2,有,有,有,18000,142,,0.0,0,台南市社會住宅包租代管第4期計畫。續租案件；,RPSNMLLJMHLGFAD67CC,整棟(戶)出租,有,1150404~1160403,有,冷氣、熱水器、洗衣機、電視機、冰箱、瓦斯或天然氣,社會住宅包租轉租
中西區,租賃房屋,臺南市中西區北門路一段５１巷１３號三樓之１７,0.0,,,,1150330,土地0建物1車位0,三層,6,華廈(10層含以下有電梯),住家用,鋼筋混凝土造,0790917,41.980000000000004,1,0,1,有,有,有,7800,186,,0.0,0,台南市社會住宅包租代管第4期計畫。管理費1200元由出租人負擔續租案件；,RPTNMLLJMHLGFAD77CC,獨立套房,有,1150417~1160416,有,冷氣、熱水器、洗衣機、電視機、冰箱,社會住宅代管
中西區,租賃房屋,臺南市中西區府前一街１５９號二樓,0.0,,,,1150330,土地0建物1車位0,二層,5,公寓(5樓含以下無電梯),住家用,鋼筋混凝土造,0780112,60.13,2,1,1,有,無,有,7000,116,,0.0,0,台南市社會住宅包租代管第4期計畫。續租案件；,RPUNMLLJMHLGFAD87CC,整棟(戶)出租,無,1150410~1160409,無,冷氣、熱水器、洗衣機、電視機、冰箱、瓦斯或天然氣,社會住宅包租轉租
安平區,租賃房屋+車位,臺南市安平區國平北路８６號２５樓之５,0.0,,,,1150329,土地0建物1車位1,二十五層,26,住宅大樓(11層含以上有電梯),集合住宅,鋼筋混凝土造,1140722,108.34,1,1,1,有,有,無,21000,194,坡道機械,14.07,0,多人共同承租2；租金總額含管理費；,RPVNMLLJMHLGFAD97CC,獨立套房,有,1150401~1160331,有,冷氣、熱水器、洗衣機、冰箱,
中西區,租賃房屋,臺南市中西區開山路３５巷１弄４之５號,0.0,,,,1150401,土地0建物0車位0,三層,5,公寓(5樓含以下無電梯),住家用,鋼筋混凝土造,0721229,33.05,3,0,3,有,無,有,14000,424,,0.0,0,租金總額含管理費；水費；網路費；,RPWNMLLJMHLGFAD08CC,分租套房,無,1150401~1160331,無,冷氣、熱水器、洗衣機、電視機,
北區,租賃房屋,臺南市北區開元路５１９號４樓之２,0.0,,,,1150325,土地0建物1車位0,四層,24,住宅大樓(11層含以上有電梯),集合住宅,鋼筋混凝土構造,1041105,88.53,2,2,1,有,有,有,20000,226,,0.0,0,,RPQOMLLJMHLGFAD57CC,整棟(戶)出租,有,1150328~1160331,有,冷氣、熱水器、洗衣機、冰箱、瓦斯或天然氣,
安平區,租賃房屋,臺南市安平區平豐路２１０號４樓之１０,0.0,,,,1150330,土地0建物1車位0,四層,7,華廈(10層含以下有電梯),國民住宅,鋼筋混凝土造,0840711,68.94,2,2,1,有,有,無,12000,174,,0.0,0,多人共同承租2；租金總額含管理費；,RPROMLLJMHLGFAD67CC,整棟(戶)出租,有,1150410~1160410,有,冷氣、熱水器、洗衣機、冰箱、瓦斯或天然氣,
中西區,租賃房屋,臺南市中西區和緯路５段２２５號,0.0,,,,1150401,土地0建物0車位0,全,5,透天厝,店舖、住宅,鋼筋混凝土造,0931108,33.06,4,1,4,有,無,無,7792,236,,0.0,0,承租人一次繳交二年租金187000元整租金總額含網路費；其他第四台費；,RPSOMLLJMHLGFAD77CC,分租套房,無,1150401~1170331,無,冷氣,一般代管
安平區,租賃房屋+車位,臺南市安平區國平北路１３７號６樓之３,0.0,,,,1150320,土地0建物1車位1,六層,34,住宅大樓(11層含以上有電梯),集合住宅,鋼骨鋼筋混凝土造、鋼筋混凝土造,1140415,105.65,2,1,1,有,有,有,25000,237,坡道平面,27.92,0,自民國115/3/20-115/3/22止為免租搬遷期，租金自民國115/3/23起算租金總額含管理費；,RPTOMLLJMHLGFAD87CC,整棟(戶)出租,有,1150323~1160322,有,冷氣、洗衣機、電視機、冰箱,
安平區,租賃房屋,臺南市安平區國平北路１８６號６樓之８,0.0,,,,1150326,土地0建物1車位0,六層,29,住宅大樓(11層含以上有電梯),集合住宅,鋼筋混凝土造,1121017,76.3,1,1,1,有,有,有,15646,205,,0.0,0,此為台南市社會住宅包租代管第4期計畫。管理費1154元由出租人負擔。續租案件；,RPWOMLLJMHLGFAD18CC,獨立套房,有,1150403~1160402,有,冷氣、熱水器、洗衣機,社會住宅代管
安平區,租賃房屋+車位,臺南市安平區國平北路１４７號２４樓之６,0.0,,,,1150327,土地0建物1車位1,二十四層,34,住宅大樓(11層含以上有電梯),集合住宅,鋼骨鋼筋混凝土造、鋼筋混凝土造,1140415,92.53999999999999,2,1,1,有,有,有,18000,195,坡道機械,12.5,0,自民國115/3/27-115/4/4止為免租搬遷期，租金自民國115/4/5起算租金總額含管理費；,RPXOMLLJMHLGFAD28CC,整棟(戶)出租,有,1150405~1160404,有,冷氣、洗衣機、冰箱,
北區,租賃房屋,臺南市北區北忠街６６號六樓之１,0.0,,,,1150324,土地0建物1車位0,六層,7,華廈(10層含以下有電梯),住家用,鋼筋混凝土造,0761013,36.65,1,1,1,有,有,有,8000,218,,0.0,0,參加國家住宅及都市更新中心辦理社會住宅包租代管第五期計畫中央版租金總額含管理費；,RPOPMLLJMHLGFAD47CC,獨立套房,有,1150401~1160331,有,冷氣、熱水器,社會住宅代管
安南區,租賃房屋,臺南市安南區安中路四段２９０巷２９１弄１１４號,0.0,,,,1150323,土地0建物1車位0,全,3,透天厝,住家用,鋼筋混凝土造,0850501,193.42,5,2,4,有,無,無,25000,129,,0.0,0,1.契約書未約定土地租賃標的2.由出租人提供租屋資訊3.雙方協議115年3月24日至115年3月31日為免租期,RPPNMLLJMHLGFBD47CC,整棟(戶)出租,無,1150401~1170331,無,冷氣、熱水器,
安南區,租賃房屋+車位,臺南市安南區安富二街１６號１０樓,0.0,,,,1150326,土地0建物1車位1,十層,14,住宅大樓(11層含以上有電梯),集合住宅,鋼筋混凝土造,1140728,146.29000000000002,3,2,2,有,有,有,24500,167,坡道平面,31.09,0,租金總額含管理費；,RPQNMLLJMHLGFBD57CC,整棟(戶)出租,有,1150401~1160331,有,冷氣、熱水器、瓦斯或天然氣,
安南區,租賃房屋,臺南市安南區功安一街３１號,0.0,,,,1150324,土地0建物1車位0,全,4,透天厝,住商用,鋼筋混凝土造,0870810,201.15,5,2,3,有,無,有,25000,124,,0.0,0,參加國家住宅及都市更新中心辦理社會住宅包租代管增辦第四期計畫公會版,RPRNMLLJMHLGFBD67CC,整棟(戶)出租,無,1150401~1160331,無,冷氣、熱水器、洗衣機,社會住宅代管
東區,租賃房屋,臺南市東區林森路２段１９２巷５０弄１號,0.0,,,,1150307,土地0建物0車位0,全,2,透天厝,住家用,加強磚造,0610612,16.52,5,0,5,有,無,無,8000,484,,0.0,0,租金總額含網路費；,RPPNMLLJMHLGFCD57CC,分租套房,無,1150308~1150907,無,冷氣、熱水器、網路,一般轉租
東區,租賃房屋,臺南市東區中華東路二段１６７號二樓之６,0.0,,,,1150330,土地0建物1車位0,二層,14,住宅大樓(11層含以上有電梯),住家用,鋼筋混凝土造,0970229,34.2,1,0,1,有,有,有,8500,249,,0.0,0,台南市不動產租賃公會民間住宅包租代管第四期計畫。,RPQNMLLJMHLGFCD67CC,獨立套房,有,1150330~1150830,有,冷氣、熱水器、洗衣機、電視機、冰箱,社會住宅包租轉租
東區,租賃房屋+車位,臺南市東區平實八街７３號,0.0,,,,1150331,土地0建物1車位1,一層,15,店面(店鋪),店舖,鋼筋混凝土造,1130123,186.62,0,0,0,無,有,無,57000,305,坡道平面,27.27,0,,RPSNMLLJMHLGFCD87CC,,有,1150401~1200331,有,,
東區,租賃房屋,臺南市東區中華東路二段１６９號五樓之１１,0.0,,,,1150325,土地0建物1車位0,五層,14,住宅大樓(11層含以上有電梯),住家用,鋼筋混凝土造,0970229,45.46,1,0,1,有,有,有,7500,165,,0.0,0,台南市不動產租賃公會民間住宅包租代管第5期計畫。,RPTNMLLJMHLGFCD97CC,獨立套房,有,1150325~1160324,有,冷氣、熱水器、洗衣機、電視機、冰箱,社會住宅包租轉租
東區,租賃房屋,臺南市東區仁東街６３號八樓之２０,0.0,,,,1150330,土地0建物1車位0,八層,12,住宅大樓(11層含以上有電梯),住家用,鋼筋混凝土造,0870919,115.07,3,2,2,有,有,有,16000,139,,0.0,0,台南市社會住宅包租代管第4期計畫。續租案件；,RPUNMLLJMHLGFCD08CC,整棟(戶)出租,有,1150416~1160415,有,冷氣、熱水器、洗衣機、電視機、冰箱、瓦斯或天然氣,社會住宅包租轉租
東區,租賃房屋,臺南市東區崇善五街７巷７號六樓,0.0,,,,1150330,土地0建物1車位0,六層,13,住宅大樓(11層含以上有電梯),住家用,ＲＣ造,0951122,80.08,2,1,1,有,有,有,13000,162,,0.0,0,台南市社會住宅包租代管第4期計畫。管理費2000元由出租人負擔續租案件；,RPVNMLLJMHLGFCD18CC,整棟(戶)出租,有,1150410~1160409,有,冷氣、熱水器、洗衣機、冰箱、瓦斯或天然氣,社會住宅包租轉租
東區,租賃房屋+車位,臺南市東區崇賢二路１２２號１２樓之５,0.0,,,,1150316,土地0建物1車位1,十二層,15,住宅大樓(11層含以上有電梯),集合住宅,鋼筋混凝土造,1130816,112.25,3,2,2,有,有,有,22000,196,坡道平面,26.25,0,多人共同承租2；其他一個機車車位；,RPOOMLLJMHLGFCD57CC,整棟(戶)出租,有,1150325~1160324,有,冷氣、熱水器、洗衣機、冰箱,
東區,租賃房屋,臺南市東區東門路三段３７巷７５弄３０號四樓,0.0,,,,1150330,土地0建物1車位0,四層,5,公寓(5樓含以下無電梯),住家用,鋼筋混凝土造,0701229,73.07,3,1,1,有,無,有,15000,205,,0.0,0,此為住都中心社會住宅包租代管第5期計畫物件,RPPOMLLJMHLGFCD67CC,整棟(戶)出租,無,1150401~1160331,無,冷氣、熱水器、洗衣機、電視機、瓦斯或天然氣,社會住宅代管
東區,租賃房屋+車位,臺南市東區富農街一段１３１巷２５弄６８號七樓之２,0.0,,,,1150326,土地0建物1車位1,七層,8,華廈(10層含以下有電梯),集合住宅,鋼筋混凝土造,1121121,154.81,3,2,2,有,有,有,30000,194,一樓平面,31.15,0,自115年03月30日起至115年03月31日為裝潢期免收租金及管理費，惟水電費等由乙方自行負擔，自115年04月01日起算租金。其他租金已含租賃所得稅及二代健保補充保費；,RPROMLLJMHLGFCD87CC,整棟(戶)出租,有,1150330~1160331,有,冷氣、熱水器、洗衣機、電視機、冰箱,
東區,租賃房屋,臺南市東區光華街２８７號,0.0,,,,1150315,土地0建物1車位0,全,2,透天厝,住家用,加強磚造,0590610,42.57,1,2,2,有,無,有,12500,294,,0.0,0,1.契約書未約定土地租賃標的。2.由所有權人提供租屋資訊。3.租金為半年繳75000元整。租金總額含網路費；,RPUOMLLJMHLGFCD18CC,分層出租,無,1150401~1160331,無,冷氣、熱水器、洗衣機、冰箱、網路,
六甲區,租賃房屋,臺南市六甲區民族街４１８巷２７之２號,0.0,,,,1150324,土地0建物1車位0,全,3,透天厝,住宅,鋼筋混凝土造,1121228,133.66,3,2,3,有,無,無,21000,157,,0.0,0,此為住都中心社會住宅包租代管第4期計畫物件多人共同承租2；,RPPNMLLJMHLGFFD87CC,整棟(戶)出租,無,1150325~1160324,無,冷氣、熱水器、瓦斯或天然氣,社會住宅代管
佳里區,租賃房屋+車位,臺南市佳里區光明街９８號五樓,0.0,,,,1150314,土地0建物1車位1,五層,5,華廈(10層含以下有電梯),Ｈ２集合住宅,鋼筋混凝土造,1121020,142.91,1,1,1,有,有,有,16800,118,一樓平面,15.76,0,,RPPNMLLJMHLGFGD97CC,整棟(戶)出租,無,1150401~1160331,有,冷氣、熱水器、洗衣機、冰箱,
新市區,租賃房屋+車位,臺南市新市區大社８５０號六樓之６,0.0,,,,1150319,土地0建物1車位1,六層,6,華廈(10層含以下有電梯),集合住宅,鋼筋混凝土造,1121229,104.50999999999999,2,2,2,有,有,有,14944,143,其他,11.13,0,台南市不動產租賃公會民間住宅包租代管第5期計畫之物件。管理費2056元由出租人負擔。多人共同承租2；,RPPNMLLJMHLGFHD08CC,整棟(戶)出租,有,1150319~1160318,有,冷氣、熱水器、洗衣機、電視機、冰箱,社會住宅包租轉租
安定區,租賃房屋,臺南市安定區管寮２８之６號三樓之２,0.0,,,,1150330,土地0建物1車位0,三層,6,華廈(10層含以下有電梯),集合住宅,鋼筋混凝土造,1120109,107.25999999999999,3,2,2,有,有,有,12983,121,,0.0,0,台南市社會住宅包租代管第4期計畫。管理費2017元由出租人負擔未租賃車位，建物登記含有車位面積；續租案件；,RPQNMLLJMHLGFHD18CC,整棟(戶)出租,有,1150410~1160409,有,冷氣、熱水器、洗衣機、電視機、冰箱,社會住宅包租轉租
善化區,租賃房屋+車位,臺南市善化區成功路１６９巷９號七樓之７,0.0,,,,1150324,土地0建物1車位1,七層,15,住宅大樓(11層含以上有電梯),集合住宅,鋼筋混凝土造,1140902,116.77000000000001,2,2,2,有,有,有,21000,180,坡道平面,19.86,0,多人共同承租2；租金總額含管理費；,RPRNMLLJMHLGFHD28CC,整棟(戶)出租,有,1150401~1160331,有,冷氣、熱水器、洗衣機、冰箱,
新市區,租賃房屋,臺南市新市區中山路２０之１３號,0.0,,,,1150330,土地0建物0車位0,全,4,透天厝,住家用,鋼筋混凝土造,1041110,18.0,16,0,16,有,無,有,6500,361,,0.0,0,租金總額含管理費；水費；網路費；續租案件；,RPSNMLLJMHLGFHD38CC,分租套房,無,1150501~1160430,無,冷氣、熱水器、洗衣機、電視機、冰箱、網路,一般代管
新市區,租賃房屋+車位,臺南市新市區潭頂３１７之２號四樓之９,0.0,,,,1150325,土地0建物1車位1,四層,7,華廈(10層含以下有電梯),集合住宅,鋼筋混凝土造,1120525,103.34,3,1,2,有,有,有,14250,138,一樓平面,12.12,0,台南市不動產租賃公會民間住宅包租代管第5期計畫。管理費2750元由出租人負擔。,RPTNMLLJMHLGFHD48CC,整棟(戶)出租,有,1150325~1160324,有,冷氣、熱水器、洗衣機、電視機、冰箱,社會住宅包租轉租
新市區,租賃房屋,臺南市新市區光華街１８８巷２９號,0.0,,,,1150330,土地0建物0車位0,全,4,透天厝,住家用,鋼筋混凝土造,1030925,18.0,7,0,7,有,無,有,6200,344,,0.0,0,租金總額含管理費；水費；網路費；,RPUNMLLJMHLGFHD58CC,分租套房,無,1150401~1160331,無,冷氣、熱水器、洗衣機、電視機、冰箱、網路,一般代管
歸仁區,租賃房屋,臺南市歸仁區中正南路２段２７５巷３６號,0.0,,,,1150305,土地0建物0車位0,全,4,透天厝,住家用,鋼骨造,0910808,16.52,20,0,20,有,無,無,4500,272,,0.0,0,租金總額含網路費；,RPQNMLLJMHLGFID28CC,分租套房,無,1150309~1160308,無,冷氣、熱水器、網路,一般轉租
歸仁區,租賃房屋,臺南市歸仁區中正南路２段２７５巷３６號,0.0,,,,1150305,土地0建物0車位0,全,4,透天厝,住家用,鋼骨造,0910808,16.52,20,0,20,有,無,無,4500,272,,0.0,0,租金總額含網路費；,RPRNMLLJMHLGFID38CC,分租套房,無,1150315~1150914,無,冷氣、熱水器、網路,一般轉租
仁德區,租賃房屋,臺南市仁德區機場路１３８６號４樓,0.0,,,,1150305,土地0建物0車位0,四層,5,公寓(5樓含以下無電梯),住家用,鋼筋混凝土造,0791102,22.44,5,0,5,有,無,有,3500,156,,0.0,0,,RPSNMLLJMHLGFID48CC,分租套房,無,1150304~1160303,無,冷氣、熱水器、洗衣機、電視機、冰箱、有線電視、網路,
仁德區,租賃房屋,臺南市仁德區中正西路３６０巷２０弄４３號四樓之２２,0.0,,,,1150327,土地0建物1車位0,四層,4,華廈(10層含以下有電梯),辦公室,鋼筋混凝土造,0960920,13.16,1,0,1,有,有,有,3000,228,,0.0,0,含增建或未登記建物；,RPUNMLLJMHLGFID68CC,獨立套房,有,1150401~1150930,有,冷氣、熱水器、電視機、冰箱、網路,一般代管
仁德區,租賃房屋+車位,臺南市仁德區文心路７２號６樓之１０,0.0,,,,1150315,土地0建物1車位1,六層,24,住宅大樓(11層含以上有電梯),集合住宅,鋼筋混凝土構造,1100315,139.16,3,2,2,有,有,有,23000,165,坡道平面,17.45,0,多人共同承租2；租金總額含管理費；其他公共基金；,RPVNMLLJMHLGFID78CC,整棟(戶)出租,有,1150322~1160321,有,冷氣、熱水器,
歸仁區,租賃房屋,臺南市歸仁區看西里仁愛南街２３１號四樓之１,0.0,,,,1150330,土地0建物1車位0,四層,5,華廈(10層含以下有電梯),住家用,鋼筋混凝土造,0810702,113.31,3,1,2,有,有,有,13500,119,,0.0,0,此為國家住宅及都市更新中心社會住宅包租代管第5期計畫。續租案件；,RPWNMLLJMHLGFID88CC,整棟(戶)出租,有,1150330~1160329,有,冷氣、熱水器、電視機、冰箱、瓦斯或天然氣,社會住宅包租轉租
關廟區,租賃房屋+車位,臺南市關廟區北新一街１號六樓之７,0.0,,,,1150311,土地0建物1車位1,六層,14,住宅大樓(11層含以上有電梯),集合住宅,鋼筋混凝土造,1130930,119.22,3,2,2,有,有,無,20000,179,坡道機械,15.99,1500,參加國家住宅及都市更新中心辦理社會住宅包租代管增辦第四期計畫公會版租金總額含管理費；續租案件；,RPXNMLLJMHLGFID98CC,整棟(戶)出租,有,1150410~1160409,有,冷氣、熱水器、瓦斯或天然氣,社會住宅代管
歸仁區,租賃房屋+車位,臺南市歸仁區光明街３３３號四樓之１,0.0,,,,1150318,土地0建物1車位1,四層,7,華廈(10層含以下有電梯),集合住宅,鋼筋混凝土造,1141013,127.47,2,1,2,有,有,無,13000,102,坡道平面,31.16,0,此為國家住宅及都市更新中心社會住宅包租代管第5期計畫。管理費2000元由出租人負擔,RPOOMLLJMHLGFID18CC,整棟(戶)出租,有,1150320~1160319,有,冷氣、熱水器、瓦斯或天然氣,社會住宅包租轉租
永康區,租賃房屋,臺南市永康區中正路５２３號,0.0,,,,1150325,土地0建物0車位0,全,2,透天厝,住商用,加強磚造,0690704,17.46,4,0,1,有,無,有,3500,200,,0.0,0,,RPPNMLLJMHLGFKD38CC,分租雅房,無,1150325~1160324,無,冷氣、熱水器,一般代管
永康區,租賃房屋,臺南市永康區復華里復國一路４７５巷２８號三樓之１,0.0,,,,1150326,土地0建物1車位0,三層,5,華廈(10層含以下有電梯),住家用,鋼筋混凝土構造,1070402,13.61,1,0,1,有,有,有,4350,320,,0.0,0,含增建或未登記建物；續租案件；,RPQNMLLJMHLGFKD48CC,獨立套房,有,1150424~1151023,有,冷氣、熱水器、電視機、冰箱、網路,一般代管
永康區,租賃房屋,臺南市永康區復華里復國一路４７５巷２８號三樓之１２,0.0,,,,1150325,土地0建物1車位0,三層,5,華廈(10層含以下有電梯),住家用,鋼筋混凝土構造,1070402,13.61,1,0,1,有,有,有,4350,320,,0.0,0,含增建或未登記建物；,RPRNMLLJMHLGFKD58CC,獨立套房,有,1150401~1160331,有,冷氣、熱水器、電視機、冰箱、網路,一般代管
永康區,租賃房屋+車位,臺南市永康區龍潭街２１１號４樓之１,0.0,,,,1150305,土地0建物1車位1,四層,5,華廈(10層含以下有電梯),集合住宅,鋼筋混凝土造,1140618,99.03,2,2,2,有,有,有,23000,232,一樓平面,15.0,0,多人共同承租2；租金總額含管理費；其他公共基金；,RPSNMLLJMHLGFKD68CC,整棟(戶)出租,無,1150310~1160309,有,冷氣、熱水器、洗衣機、電視機、冰箱,
永康區,租賃房屋,臺南市永康區中華路９８６號十一樓之５,0.0,,,,1150401,土地0建物1車位0,十一層,20,住宅大樓(11層含以上有電梯),住家用,鋼筋混凝土造,0860529,62.31,2,2,1,有,有,有,15000,241,,0.0,0,租金總額含管理費；,RPTNMLLJMHLGFKD78CC,整棟(戶)出租,有,1150420~1180420,有,冷氣、熱水器、洗衣機、冰箱、瓦斯或天然氣、有線電視,
永康區,租賃房屋,臺南市永康區國光六街９９號六樓,0.0,,,,1150331,土地0建物1車位0,六層,6,華廈(10層含以下有電梯),住家用,鋼筋混凝土造,0821125,108.8,2,2,2,有,有,有,8500,78,,0.0,0,台南市社會住宅包租代管第4期計畫。管理費1000元由出租人負擔,RPUNMLLJMHLGFKD88CC,整棟(戶)出租,有,1150406~1160305,有,冷氣、熱水器、洗衣機、電視機、冰箱、瓦斯或天然氣,社會住宅代管
永康區,租賃房屋+車位,臺南市永康區永安路７號１０樓之２,0.0,,,,1150307,土地0建物1車位1,十層,14,住宅大樓(11層含以上有電梯),集合住宅,鋼筋混凝土構造,1111007,199.31,4,2,2,有,有,無,26000,130,坡道平面,36.35,0,建物登記有兩個車位，此承租方只承租一格車位。車位編號為148故建號7548的租賃面積有扣除尚未承租之一格車位面積。租金總額含管理費；其他公共基金；,RPVNMLLJMHLGFKD98CC,整棟(戶)出租,有,1150310~1160309,有,冷氣、熱水器、瓦斯或天然氣,
永康區,租賃房屋,臺南市永康區洲工街１４５巷２２號,0.0,,,,1150401,土地0建物1車位0,見其他登記事項,1,工廠,工廠,鋼鐵構造有牆,1001121,169.38,0,0,0,無,無,無,43000,,,0.0,0,租賃期間有約定不同租金1.租金115年04月27日起至115年04月30日 新台幣5720元整稅另外加2租金115年05月01日起至116年04月30日 新台幣43000元整稅另外加3租金116年05月01日起至117年04月30日 新台幣45000元整稅另外加4租金117年05月01日起至120年04月30日 新台幣46000元整稅另外加；,RPWNMLLJMHLGFKD09CC,,無,1150407~1200430,無,,
永康區,租賃房屋,臺南市永康區中山南路３８巷５之３號,0.0,,,,1150313,土地0建物0車位0,四層,4,公寓(5樓含以下無電梯),住家用,鋼筋混凝土造,0760917,68.65,6,0,6,有,無,有,5000,73,,0.0,0,1.契約書未約定土地租賃標的。2.由所有權人提供租屋資訊。租金總額含管理費；水費；瓦斯費；網路費；,RPXNMLLJMHLGFKD56CC,分租套房,無,1150315~1160314,無,冷氣、熱水器、電視機、冰箱、瓦斯或天然氣、有線電視、網路,
永康區,租賃房屋,臺南市永康區中山南路４９０巷１０之３號,0.0,,,,1150325,土地0建物1車位0,全,2,透天厝,住家用,鋼筋混凝土造,0740311,128.49,3,2,2,有,無,無,15000,117,,0.0,0,此為住都中心社會住宅包租代管第5期計畫物件,RPOOMLLJMHLGFKD38CC,整棟(戶)出租,無,1150325~1160324,無,熱水器,社會住宅代管
安平區,租賃房屋,臺南市安平區建平一街１８９巷１２３號,0.0,,,,1150401,土地0建物0車位0,全,5,透天厝,住商用,鋼筋混凝土造,0830702,19.83,10,0,10,有,無,有,7600,383,,0.0,0,,RPPNMLMJMHLGFAD47CC,分租套房,無,1150401~1160331,無,冷氣、熱水器、洗衣機、電視機、冰箱,一般代管
安平區,租賃房屋,臺南市安平區育平五街６號二十二樓之３,0.0,,,,1150309,土地0建物1車位0,二十二層,22,住宅大樓(11層含以上有電梯),住家用,鋼筋混凝土造,0861021,161.24,2,2,2,有,有,有,17000,105,,0.0,0,台南市社會住宅包租代管第4期計畫公會版租金依照租金水準區間表評定多人共同承租2；未租賃車位，建物登記含有車位面積；,RPQNMLMJMHLGFAD57CC,整棟(戶)出租,有,1150320~1160319,有,冷氣、熱水器、洗衣機、電視機、冰箱、瓦斯或天然氣,社會住宅代管
中西區,租賃房屋,臺南市中西區府前一街１６５號五樓,0.0,,,,1150310,土地0建物1車位0,五層,5,公寓(5樓含以下無電梯),住家用,鋼筋混凝土造,0780112,53.4,2,2,1,有,無,有,9000,169,,0.0,0,台南市社會住宅包租代管第5期計畫中央版租金依照租金水準區間表評定,RPRNMLMJMHLGFAD67CC,整棟(戶)出租,無,1150316~1180315,無,冷氣、熱水器、洗衣機、電視機、冰箱,社會住宅代管
中西區,租賃房屋,臺南市中西區臨安路一段５２號五樓之１,0.0,,,,1150310,土地0建物1車位0,五層,5,公寓(5樓含以下無電梯),住家用,鋼筋混凝土造,0681013,70.12,3,1,1,有,有,無,8800,125,,0.0,0,台南市社會住宅包租代管第4期計畫公會版租金依照租金水準區間表評定,RPSNMLMJMHLGFAD77CC,整棟(戶)出租,有,1150314~1160119,無,熱水器,社會住宅代管
安平區,租賃房屋,臺南市安平區國平北路１２５號１５樓之２,0.0,,,,1150323,土地0建物1車位0,十五層,18,住宅大樓(11層含以上有電梯),集合住宅,鋼筋混凝土構造,1100503,136.2,3,2,2,有,有,有,28500,209,,0.0,0,多人共同承租4；租金總額含管理費；未租賃車位，建物登記含有車位面積；,RPUNMLMJMHLGFAD97CC,整棟(戶)出租,有,1150401~1160331,有,冷氣、熱水器、洗衣機、電視機、冰箱,
中西區,租賃房屋,臺南市中西區信義街１２號,0.0,,,,1150402,土地0建物0車位0,全,2,透天厝,住家用,加強磚造,0620127,26.44,4,2,5,有,無,有,10000,378,,0.0,0,,RPVNMLMJMHLGFAD08CC,分租套房,無,1150405~1160404,無,冷氣、洗衣機、電視機、冰箱,
北區,租賃房屋,臺南市北區開元路５２１號７樓之８,0.0,,,,1150310,土地0建物1車位0,七層,24,住宅大樓(11層含以上有電梯),集合住宅,鋼筋混凝土構造,1041105,156.01,3,2,2,有,有,有,24000,154,,0.0,0,租金總額含管理費；其他公共基金；未租賃車位，建物登記含有車位面積；,RPWNMLMJMHLGFAD18CC,整棟(戶)出租,有,1150310~1180309,有,冷氣、熱水器、洗衣機、電視機、冰箱、瓦斯或天然氣,
中西區,租賃房屋,臺南市中西區慶中街１４６號二樓,0.0,,,,1150313,土地0建物1車位0,二層,7,華廈(10層含以下有電梯),住家用,鋼筋混凝土造,0780520,143.97,3,2,2,有,有,有,15500,108,,0.0,0,台南市社會住宅包租代管公會版增辦第4期續租案件；,RPXNMLMJMHLGFAD28CC,整棟(戶)出租,有,1150320~1160319,有,冷氣、熱水器、瓦斯或天然氣,社會住宅代管
北區,租賃房屋,臺南市北區公園南路３７０巷６２號十四樓,0.0,,,,1150311,土地0建物1車位0,十四層,18,住宅大樓(11層含以上有電梯),住家用,鋼筋混凝土造,0840912,33.82,1,1,1,有,有,有,10000,296,,0.0,0,台南市社會住宅包租代管增辦第4期計畫公會版租金依照租金水準區間表評定,RPOOMLMJMHLGFAD47CC,獨立套房,有,1150320~1160319,有,冷氣、熱水器、洗衣機、電視機、冰箱,社會住宅代管
北區,租賃房屋,臺南市北區開元路４８５巷４１弄１０號四樓之９,0.0,,,,1150327,土地0建物1車位0,四層,14,住宅大樓(11層含以上有電梯),集合住宅,鋼筋混凝土造,0891120,47.12,1,1,1,有,有,有,9000,191,,0.0,0,,RPQOMLMJMHLGFAD67CC,獨立套房,有,1150401~1160331,有,冷氣、熱水器、洗衣機、電視機、冰箱,一般代管
安平區,租賃房屋,臺南市安平區健康路三段７１８號,0.0,,,,1150310,土地0建物0車位0,全,4,透天厝,店舖、住宅,鋼筋混凝土構造,1111117,19.84,13,2,14,有,無,有,12000,605,,0.0,0,租金總額含網路費；租賃建物部分範圍，且未計入共有部分面積；,RPROMLMJMHLGFAD77CC,分租套房,無,1150311~1160310,有,冷氣、熱水器、洗衣機、電視機、冰箱、網路,
安平區,租賃房屋,臺南市安平區國平北路１８６號七樓之７,0.0,,,,1150317,土地0建物1車位0,七層,29,住宅大樓(11層含以上有電梯),集合住宅,鋼筋混凝土造,1121017,86.47,2,1,1,有,有,有,15500,179,,0.0,0,台南市社會住宅包租代管第5期計畫中央版租金依照租金水準區間表評定未租賃車位，建物登記含有車位面積；,RPSOMLMJMHLGFAD87CC,整棟(戶)出租,有,1150326~1180325,有,冷氣、熱水器、洗衣機、電視機、冰箱,社會住宅包租轉租
中西區,租賃房屋,臺南市中西區金華路三段２５２號七樓之１１,0.0,,,,1150317,土地0建物1車位0,七層,21,住宅大樓(11層含以上有電梯),住家用,鋼筋混凝土造,0870219,35.150000000000006,1,1,1,有,有,有,8500,242,,0.0,0,台南市社會住宅包租代管增辦第4期計畫公會版租金依照租金水準區間表評定,RPTOMLMJMHLGFAD97CC,獨立套房,有,1150318~1161218,有,冷氣、熱水器、洗衣機、電視機、冰箱、瓦斯或天然氣,社會住宅包租轉租
中西區,租賃房屋,臺南市中西區中成路１８號十二樓之５,0.0,,,,1150325,土地0建物1車位0,十二層,20,住宅大樓(11層含以上有電梯),住家用,鋼筋混凝土造,0860127,62.129999999999995,1,1,1,有,有,有,15000,241,,0.0,0,租金總額含管理費；,RPUOMLMJMHLGFAD08CC,獨立套房,有,1150412~1160411,有,冷氣、熱水器、洗衣機、電視機、冰箱,
中西區,租賃房屋,臺南市中西區正興街１６１號六樓之２０,0.0,,,,1150305,土地0建物1車位0,六層,9,華廈(10層含以下有電梯),住家用,鋼筋混凝土造,0830528,26.89,1,0,1,有,有,有,7500,279,,0.0,0,?參加公會版住宅包租代管五期計畫租金總額含管理費；,RPVOMLMJMHLGFAD18CC,獨立套房,有,1150306~1170305,有,冷氣、熱水器、洗衣機、電視機、冰箱,社會住宅代管
安南區,租賃房屋,臺南市安南區北安路二段４３３巷１６０弄２號,0.0,,,,1150317,土地0建物1車位0,全,3,透天厝,停車空間，住宅,鋼筋混凝土造,0990407,179.92,3,2,2,有,無,有,15000,83,,0.0,0,國家住宅及都市更新中心社會住宅包租代管中央版第五期計畫多人共同承租2；,RPPNMLMJMHLGFBD57CC,整棟(戶)出租,無,1150317~1160316,無,冷氣、熱水器,社會住宅代管
安南區,租賃房屋,臺南市安南區安中路四段３２０巷１２９弄２８之２１號,0.0,,,,1150316,土地0建物1車位0,全,3,透天厝,住商用,鋼筋混凝土造,0850106,146.54,5,2,3,有,無,有,23000,157,,0.0,0,台南市社會住宅包租代管第5期計畫中央版租金依照租金水準區間表評定,RPQNMLMJMHLGFBD67CC,整棟(戶)出租,無,1150323~1180322,無,冷氣、熱水器、冰箱,社會住宅包租轉租
安南區,租賃房屋,臺南市安南區郡安路四段２５３巷６７號五樓,0.0,,,,1150304,土地0建物1車位0,五層,10,華廈(10層含以下有電梯),集合住宅,鋼筋混凝土造,0870428,115.12,3,2,2,有,有,有,18000,156,,0.0,0,?參加公會版住宅包租代管五期計畫,RPRNMLMJMHLGFBD77CC,整棟(戶)出租,有,1150310~1160309,有,冷氣、熱水器、洗衣機、電視機、冰箱、瓦斯或天然氣,社會住宅代管
南區,租賃房屋,臺南市南區萬年七街４０２號八樓之６,0.0,,,,1150322,土地0建物1車位0,八層,15,住宅大樓(11層含以上有電梯),集合住宅,鋼筋混凝土構造,1100114,108.06,2,2,1,有,有,有,19000,176,,0.0,0,國家住宅及都市更新中心社會住宅包租代管中央版第五期計畫多人共同承租2；未租賃車位，建物登記含有車位面積；,RPPNMLMJMHLGFCD67CC,整棟(戶)出租,有,1150322~1160321,有,冷氣、熱水器、洗衣機、電視機、冰箱,社會住宅代管
東區,租賃房屋,臺南市東區崇慶街一段９６號十一樓之９,0.0,,,,1150310,土地0建物1車位0,十一層,15,住宅大樓(11層含以上有電梯),集合住宅,鋼筋混凝土造,1130816,84.06,2,2,1,有,有,有,20000,238,,0.0,0,國家住宅及都市更新中心社會住宅包租代管中央版第五期計畫多人共同承租2；租金總額含管理費；未租賃車位，建物登記含有車位面積；,RPQNMLMJMHLGFCD77CC,整棟(戶)出租,有,1150318~1160317,有,冷氣、熱水器、洗衣機、電視機、冰箱,社會住宅代管
東區,租賃房屋,臺南市東區崇明十三街２號三樓之１,0.0,,,,1150310,土地0建物1車位0,三層,5,公寓(5樓含以下無電梯),住家用,鋼筋混凝土造,0691217,63.58,2,2,1,有,無,有,10000,157,,0.0,0,台南市社會住宅包租代管第5期計畫中央版租金依照租金水準區間表評定,RPRNMLMJMHLGFCD87CC,整棟(戶)出租,無,1150315~1180314,無,冷氣、熱水器、洗衣機、冰箱,社會住宅代管
東區,租賃房屋,臺南市東區崇明２４街８０號４樓之１１,0.0,,,,1150331,土地0建物1車位0,四層,6,華廈(10層含以下有電梯),集合住宅,鋼筋混凝土構造,1110601,44.519999999999996,1,0,1,有,有,有,14300,321,,0.0,0,管理費:1200元 水費:250元,RPSNMLMJMHLGFCD97CC,獨立套房,有,1150410~1160409,有,冷氣、熱水器、洗衣機、電視機、冰箱、網路,一般轉租
東區,租賃房屋,臺南市東區崇明２４街８０號４樓之２１,0.0,,,,1150326,土地0建物1車位0,四層,6,華廈(10層含以下有電梯),集合住宅,鋼筋混凝土構造,1110601,34.76,1,0,1,有,有,有,11500,331,,0.0,0,管理費:1100元水費:200元,RPTNMLMJMHLGFCD08CC,獨立套房,有,1150520~1160519,有,冷氣、熱水器、洗衣機、電視機、冰箱、網路,一般轉租
東區,租賃房屋,臺南市東區崇明２４街８０號３樓之３５,0.0,,,,1150401,土地0建物1車位0,三層,6,華廈(10層含以下有電梯),集合住宅,鋼筋混凝土構造,1110601,34.76,1,0,1,有,有,有,11500,331,,0.0,0,管理費:1100元 水費200元,RPUNMLMJMHLGFCD18CC,獨立套房,有,1150510~1160509,有,冷氣、熱水器、洗衣機、電視機、冰箱、網路,一般轉租
東區,租賃房屋,臺南市東區樹林街一段５巷８號,0.0,,,,1150310,土地0建物1車位0,全,2,透天厝,住家用,加強磚造,0560101,56.76,2,2,2,有,無,有,9000,159,,0.0,0,台南市社會住宅包租代管第4期計畫公會版租金依照租金水準區間表評定,RPVNMLMJMHLGFCD28CC,整棟(戶)出租,無,1150315~1160314,無,冷氣、熱水器、洗衣機、電視機、冰箱,社會住宅代管
東區,租賃房屋,臺南市東區府東街２１４號五樓之１,0.0,,,,1150316,土地0建物1車位0,五層,9,華廈(10層含以下有電梯),住家用,鋼筋混凝土造,0830625,90.8,2,1,2,有,有,有,16000,176,,0.0,0,台南市社會住宅包租代管第5期計畫中央版租金依照租金水準區間表評定,RPXNMLMJMHLGFCD48CC,整棟(戶)出租,有,1150321~1180320,有,冷氣、熱水器、洗衣機、電視機、冰箱、瓦斯或天然氣,社會住宅包租轉租
東區,租賃房屋,臺南市東區裕農路３８９巷３弄１８之３號,0.0,,,,1150309,土地0建物1車位0,四層,5,公寓(5樓含以下無電梯),住家用,鋼筋混凝土造,0731011,124.13,4,2,2,有,無,有,19500,157,,0.0,0,台南市社會住宅包租代管第5期計畫中央版租金依照租金水準區間表評定,RPOOMLMJMHLGFCD67CC,整棟(戶)出租,無,1150316~1160315,無,冷氣、熱水器、洗衣機、冰箱,社會住宅代管
南區,租賃房屋,臺南市南區西門路一段５４５巷３５號五樓之１,0.0,,,,1150329,土地0建物1車位0,五層,5,公寓(5樓含以下無電梯),住家用,鋼筋混凝土造,0701022,81.05999999999999,3,2,1,有,無,有,16300,201,,0.0,0,多人共同承租2；,RPQOMLMJMHLGFCD87CC,整棟(戶)出租,無,1150401~1160331,無,冷氣、熱水器、洗衣機、冰箱,
新營區,租賃房屋,臺南市新營區三興街２８１號,78.76,住,,,1150331,土地1建物1車位0,全,4,透天厝,住商用,鋼筋混凝土造,0820115,198.58,6,2,5,有,無,有,43236,218,,0.0,0,,RPPNMLMJMHLGFDD77CC,整棟(戶)出租,無,1150331~1160330,無,冷氣、熱水器、洗衣機、冰箱、瓦斯或天然氣,
六甲區,租賃房屋,臺南市六甲區二甲里自由街５２號四樓之１,0.0,,,,1150317,土地0建物1車位0,四層,5,華廈(10層含以下有電梯),集合住宅,鋼筋混凝土造,1121004,81.15,2,2,2,有,有,有,13000,160,,0.0,0,國家住宅及都市更新中心社會住宅包租代管中央版第五期計畫,RPPNMLMJMHLGFFD97CC,整棟(戶)出租,有,1150317~1180316,有,冷氣、熱水器、洗衣機、電視機、冰箱,社會住宅包租轉租
善化區,租賃房屋,臺南市善化區東勢寮１５８號二樓之３,0.0,,,,1150317,土地0建物1車位0,二層,7,華廈(10層含以下有電梯),集合住宅,鋼筋混凝土造,1130820,87.7,2,2,2,有,有,有,14000,160,,0.0,0,國家住宅及都市更新中心社會住宅包租代管中央版第五期計畫未租賃車位，建物登記含有車位面積；,RPPNMLMJMHLGFHD18CC,整棟(戶)出租,有,1150320~1180319,有,熱水器,社會住宅包租轉租
善化區,租賃房屋,臺南市善化區和平路１２０號,0.0,,,,1150318,土地0建物1車位0,一層,4,店面(店鋪),住宅、店舖、樓梯間,鋼筋混凝土造,0940523,47.29,6,0,6,有,無,無,22000,465,,0.0,0,租金總額含稅；租賃建物部分範圍，且未計入共有部分面積；,RPQNMLMJMHLGFHD28CC,,無,1150401~1200331,無,,
新化區,租賃房屋,臺南市新化區正新南路６２號,0.0,,,,1150323,土地0建物1車位0,一層,3,店面(店鋪),住家用,鋼筋混凝土造,0871231,95.6,4,1,5,有,無,無,22000,230,,0.0,0,1.契約書未約定土地租賃標的。2.由所有權人提供出租資訊。租金總額含網路費；租賃期間有約定不同租金118/06/01起租金調整為23000元/月；外牆作為廣告使用；,RPRNMLMJMHLGFHD38CC,,無,1150601~1200531,無,冷氣,
新市區,租賃房屋,臺南市新市區富中街５號,0.0,,,,1150328,土地0建物0車位0,全,4,透天厝,店舖、住宅,鋼筋混凝土造,1090609,18.0,6,0,6,有,無,有,10000,556,,0.0,0,租金總額含管理費；網路費；續租案件；,RPSNMLMJMHLGFHD48CC,分租套房,無,1150412~1160411,無,冷氣、熱水器、洗衣機、電視機、冰箱、網路,一般代管
新市區,租賃房屋,臺南市新市區富中街８５巷１號,0.0,,,,1150328,土地0建物0車位0,全,4,透天厝,住家用,鋼筋混凝土造,1040630,18.0,14,0,14,有,無,有,6000,333,,0.0,0,租金總額含管理費；網路費；,RPTNMLMJMHLGFHD58CC,分租套房,無,1150401~1160331,無,冷氣、熱水器、洗衣機、電視機、冰箱、網路,一般代管
仁德區,租賃房屋,臺南市仁德區文心路８０號十八樓之１１,0.0,,,,1150318,土地0建物1車位0,十八層,24,住宅大樓(11層含以上有電梯),集合住宅,鋼筋混凝土構造,1100315,105.13,2,2,1,有,有,有,15000,143,,0.0,0,國家住宅及都市更新中心社會住宅包租代管中央版第五期計畫未租賃車位，建物登記含有車位面積；,RPPNMLMJMHLGFID28CC,整棟(戶)出租,有,1150401~1180331,有,冷氣、熱水器、洗衣機、電視機、冰箱,社會住宅包租轉租
仁德區,租賃房屋,臺南市仁德區文心路７８號二十四樓之９,0.0,,,,1150311,土地0建物1車位0,二十四層,24,住宅大樓(11層含以上有電梯),集合住宅,鋼筋混凝土構造,1100315,105.19999999999999,2,1,1,有,有,有,17000,162,,0.0,0,台南市社會住宅包租代管第4期計畫公會版租金依照租金水準區間表評定未租賃車位，建物登記含有車位面積；,RPQNMLMJMHLGFID38CC,整棟(戶)出租,有,1150320~1151204,有,冷氣、熱水器、洗衣機、電視機、冰箱、網路,社會住宅代管
永康區,租賃房屋,臺南市永康區中華路８５８號,163.0,住,,,1150325,土地1建物1車位0,見其他登記事項,1,店面(店鋪),店舖,鋼骨造,1141120,100.99,0,1,1,有,無,無,50000,495,,0.0,0,租賃期間有約定不同租金民國115年5月1日~118年4月30日每月租金新台幣伍萬元整未稅；民國118年5月1日~120年4月30日每月租金新台幣伍萬伍仟元整未稅；,RPPNMLMJMHLGFKD48CC,,無,1150501~1200430,無,,
永康區,租賃房屋,臺南市永康區中正路２５６巷３號之４,0.0,,,,1150309,土地0建物1車位0,三層,15,住宅大樓(11層含以上有電梯),住家用,鋼筋混凝土造,0820824,143.66,4,2,2,有,有,有,20000,139,,0.0,0,台南市社會住宅包租代管增辦第4期計畫公會版租金依照租金水準區間表評定續租案件；,RPQNMLMJMHLGFKD58CC,整棟(戶)出租,有,1150412~1160411,有,冷氣、熱水器、洗衣機、電視機、冰箱、瓦斯或天然氣,社會住宅代管
永康區,租賃房屋,臺南市永康區忠義街６０巷１號八樓之１５,0.0,,,,1150312,土地0建物1車位0,八層,15,住宅大樓(11層含以上有電梯),辦公室。,鋼筋混凝土造,0840331,49.339999999999996,1,1,1,有,有,有,11000,223,,0.0,0,台南市社會住宅包租代管第5期計畫中央版租金依照租金水準區間表評定,RPRNMLMJMHLGFKD68CC,獨立套房,有,1150324~1180323,有,冷氣、熱水器、洗衣機、電視機、冰箱,社會住宅包租轉租
永康區,租賃房屋,臺南市永康區大橋里大橋三街３０號六樓,0.0,,,,1150317,土地0建物1車位0,六層,6,華廈(10層含以下有電梯),住家用,鋼筋混凝土造,0821227,114.78,3,2,2,有,有,有,16000,139,,0.0,0,國家住宅及都市更新中心社會住宅包租代管中央版第五期計畫租金總額含管理費；,RPTNMLMJMHLGFKD88CC,整棟(戶)出租,有,1150320~1160319,有,冷氣、熱水器、冰箱,社會住宅代管
永康區,租賃房屋,臺南市永康區安康里大橋一街５７之５號十二樓之３８,0.0,,,,1150310,土地0建物1車位0,十二層,14,住宅大樓(11層含以上有電梯),住家用,鋼筋混凝土造,0880824,31.0,1,1,1,有,有,有,7000,226,,0.0,0,台南市社會住宅包租代管第4期計畫公會版租金依照租金水準區間表評定,RPUNMLMJMHLGFKD98CC,獨立套房,有,1150313~1160312,有,冷氣、熱水器、洗衣機、電視機、冰箱,社會住宅代管
永康區,租賃房屋,臺南市永康區鹽洲二街１１５號,0.0,,,,1150328,土地0建物1車位0,全,4,透天厝,住商用,鋼筋混凝土造,0840209,27.56,6,7,6,有,無,有,13000,472,,0.0,0,租賃房號為202室多人共同承租2；,RPVNMLMJMHLGFKD09CC,獨立套房,無,1150501~1160430,無,冷氣、熱水器、電視機、冰箱、網路,一般代管
中西區,租賃房屋,臺南市中西區金華路三段２１８號十二樓之５,0.0,,,,1150308,土地0建物1車位0,十二層,18,住宅大樓(11層含以上有電梯),住家用,鋼筋混凝土造,0840704,48.53,1,0,1,有,有,有,13000,268,,0.0,0,?參加公會版住宅包租代管五期計畫租金總額含管理費；,RPPNMLNJMHLGFAD57CC,獨立套房,有,1150310~1160309,有,冷氣、熱水器、洗衣機、電視機、冰箱,社會住宅代管
中西區,租賃房屋,臺南市中西區民族路二段１７３巷６號二樓之２,0.0,,,,1150309,土地0建物1車位0,二層,5,華廈(10層含以下有電梯),住家用,鋼筋混凝土造,0821228,28.97,1,0,1,有,有,有,7500,259,,0.0,0,?參加公會版住宅包租代管五期計畫租金總額含管理費；,RPQNMLNJMHLGFAD67CC,獨立套房,有,1150310~1160309,有,冷氣、熱水器、洗衣機、冰箱,社會住宅代管
安平區,租賃房屋,臺南市安平區健康路三段３３３號３樓之２,0.0,,,,1150402,土地0建物1車位0,三層,26,住宅大樓(11層含以上有電梯),集合住宅,鋼筋混凝土構造,1060124,83.72999999999999,2,2,1,有,有,有,16380,196,,0.0,0,多人共同承租2；,RPRNMLNJMHLGFAD77CC,整棟(戶)出租,有,1150405~1160404,有,冷氣、熱水器、洗衣機、冰箱、瓦斯或天然氣,
北區,租賃房屋,臺南市北區公園路１３４號四樓之１４,0.0,,,,1150310,土地0建物1車位0,四層,10,華廈(10層含以下有電梯),住家用,鋼筋混凝土造,0780803,136.72,4,2,2,有,有,有,15000,110,,0.0,0,?參加公會版住宅包租代管五期計畫租金總額含管理費；,RPSNMLNJMHLGFAD87CC,整棟(戶)出租,有,1150310~1180309,有,冷氣、熱水器、洗衣機、電視機、冰箱、瓦斯或天然氣,社會住宅包租轉租
安平區,租賃房屋,臺南市安平區安北路１４６巷１號之４,0.0,,,,1150309,土地0建物1車位0,全,2,透天厝,住家用,加強磚造,0680420,89.98,3,2,3,有,無,有,13000,144,,0.0,0,?參加公會版住宅包租代管五期計畫,RPTNMLNJMHLGFAD97CC,整棟(戶)出租,無,1150310~1180309,無,熱水器、冰箱、瓦斯或天然氣,社會住宅包租轉租
安平區,租賃房屋,臺南市安平區平通路５８０巷１０３號四樓之２,0.0,,,,1150310,土地0建物1車位0,四層,10,華廈(10層含以下有電梯),住家用,鋼筋混凝土造,0850822,142.41,3,2,2,有,有,有,21000,147,,0.0,0,?參加公會版住宅包租代管五期計畫,RPUNMLNJMHLGFAD08CC,整棟(戶)出租,有,1150310~1160309,有,冷氣、熱水器、洗衣機、電視機、冰箱、瓦斯或天然氣,社會住宅包租轉租
安平區,租賃房屋,臺南市安平區慶平路３８８號四樓之１３,0.0,,,,1150320,土地0建物1車位0,四層,13,住宅大樓(11層含以上有電梯),住家用,鋼筋混凝土造,0831216,27.8,1,1,1,有,有,有,6400,230,,0.0,0,台南市社會住宅包租代管增辦第4期計畫公會版租金依照租金水準區間表評定,RPWNMLNJMHLGFAD28CC,獨立套房,有,1150410~1170409,有,冷氣、熱水器、洗衣機、電視機、冰箱,社會住宅包租轉租
東區,租賃房屋,臺南市東區東寧路５３８巷１號７樓之１,0.0,,,,1150309,土地0建物1車位0,七層,7,華廈(10層含以下有電梯),住家用,鋼筋混凝土造,0780425,25.89,1,0,1,有,有,有,8000,309,,0.0,0,?參加公會版住宅包租代管五期計畫,RPQNMLNJMHLGFCD87CC,獨立套房,有,1150310~1160309,有,冷氣、熱水器、洗衣機、電視機、冰箱,社會住宅包租轉租
東區,租賃房屋,臺南市東區大同路一段１４１巷５５號之５七樓之２,0.0,,,,1150310,土地0建物1車位0,七層,7,華廈(10層含以下有電梯),住家用,鋼筋混凝土造,0831214,112.68,3,2,2,有,有,有,15000,133,,0.0,0,?參加公會版住宅包租代管五期計畫,RPRNMLNJMHLGFCD97CC,整棟(戶)出租,有,1150310~1170309,有,冷氣、熱水器、洗衣機、冰箱、瓦斯或天然氣,社會住宅包租轉租
東區,租賃房屋,臺南市東區中華東路一段１２號四樓之８,0.0,,,,1150318,土地0建物1車位0,四層,14,住宅大樓(11層含以上有電梯),住家用,ＲＣ造,0930712,84.75,1,0,1,有,有,有,14000,165,,0.0,0,?參加公會版住宅包租代管五期計畫租金總額含管理費；未租賃車位，建物登記含有車位面積；,RPSNMLNJMHLGFCD08CC,獨立套房,有,1150320~1160319,有,冷氣、熱水器、洗衣機、電視機、冰箱,社會住宅包租轉租
新營區,租賃房屋,臺南市新營區民治路１８７號,0.0,,,,1150402,土地0建物1車位0,一層,1,店面(店鋪),住商用,鋼筋混凝土造,0770303,57.69,1,1,1,有,無,無,18000,312,,0.0,0,,RPPNMLNJMHLGFDD87CC,,無,1150501~1180430,無,,
善化區,租賃房屋+車位,臺南市善化區龍目井路５０８號３樓之５,0.0,,,,1150325,土地0建物1車位1,三層,7,華廈(10層含以下有電梯),集合住宅,鋼筋混凝土造,1100708,97.68,2,2,2,有,有,有,20460,209,一樓平面,19.07,0,,RPPNMLNJMHLGFHD28CC,整棟(戶)出租,有,1150410~1160409,有,冷氣、熱水器、洗衣機、電視機、冰箱、瓦斯或天然氣,
歸仁區,土地,武東段253地號,115.0,住,,,1150328,土地1建物0車位0,,,其他,,,,0.0,0,0,0,無,無,無,12000,104,,0.0,0,就本地號部分承租 面積約115平方公尺 如租賃契約書所載,RPPNMLNJMHLGFID38CC,,,1150401~1170331,,,
永康區,租賃房屋,臺南市永康區中華路５７８巷２之２號四樓之６,0.0,,,,1150309,土地0建物1車位0,四層,8,華廈(10層含以下有電梯),住家用,鋼筋混凝土造,0851028,22.99,1,0,1,有,有,有,7000,304,,0.0,0,?參加公會版住宅包租代管五期計畫租金總額含管理費；,RPPNMLNJMHLGFKD58CC,獨立套房,有,1150310~1160309,有,冷氣、熱水器、洗衣機、電視機、冰箱,社會住宅代管
北區,租賃房屋,臺南市北區成功路５８４號６樓之５,0.0,,,,1150327,土地0建物1車位0,六層,12,住宅大樓(11層含以上有電梯),住家用,鋼筋混凝土造,0840307,30.08,1,1,1,有,有,有,7500,249,,0.0,0,臺南市不動產租賃公會民間住宅包租代管第五期計畫之物件。,RPPNMLOJMHLGFAD67CC,獨立套房,無,1150327~1170326,有,冷氣、熱水器、洗衣機、冰箱,社會住宅包租轉租
中西區,租賃房屋,臺南市中西區金城街６９號四樓,0.0,,,,1150310,土地0建物1車位0,四層,5,公寓(5樓含以下無電梯),住家用,鋼筋混凝土造,0770222,87.63,3,2,2,有,無,有,17000,194,,0.0,0,?參加公會版住宅包租代管五期計畫,RPQNMLOJMHLGFAD77CC,整棟(戶)出租,無,1150310~1160309,無,冷氣、熱水器、洗衣機、電視機、冰箱,社會住宅代管
北區,租賃房屋,臺南市北區大武街２９２巷１弄５號,0.0,,,,1150310,土地0建物1車位0,全,2,透天厝,住家用,加強磚造,0681116,87.68,4,2,2,有,無,有,15000,171,,0.0,0,?參加公會版住宅包租代管五期計畫,RPRNMLOJMHLGFAD87CC,整棟(戶)出租,無,1150310~1160309,無,冷氣、熱水器、洗衣機、電視機、冰箱、瓦斯或天然氣,社會住宅代管
中西區,租賃房屋,臺南市中西區金華路三段７８號五樓之８,0.0,,,,1150326,土地0建物1車位0,五層,12,住宅大樓(11層含以上有電梯),住家用,鋼筋混凝土造,0790430,31.23,1,1,1,有,有,有,7500,240,,0.0,0,台南市不動產租賃公會民間住宅包租代管第5期計畫。續租案件；,RPSNMLOJMHLGFAD97CC,獨立套房,有,1150423~1160422,有,冷氣、熱水器、洗衣機、電視機、冰箱、瓦斯或天然氣,社會住宅包租轉租
北區,租賃房屋,臺南市北區公園路９１８巷４２之１０號,0.0,,,,1150331,土地0建物1車位0,全,2,透天厝,住家用,加強磚造,0611017,97.65,4,1,2,有,無,無,11000,113,,0.0,0,此為台南市社會住宅包租代管第4期計畫。續租案件；,RPTNMLOJMHLGFAD08CC,整棟(戶)出租,無,1150408~1160407,無,熱水器,社會住宅代管
北區,租賃房屋,臺南市北區和緯路四段９５巷２７號二樓,0.0,,,,1150309,土地0建物1車位0,二層,5,公寓(5樓含以下無電梯),住家用,鋼筋混凝土造,0701017,94.92999999999999,3,2,1,有,無,有,14500,153,,0.0,0,參加臺南市社會住宅包租代管第4期計畫續租案件；,RPUNMLOJMHLGFAD18CC,整棟(戶)出租,無,1150320~1160319,無,冷氣、熱水器,社會住宅代管
安南區,租賃房屋+車位,臺南市安南區府安路六段２５７號四樓,0.0,,,,1150328,土地0建物1車位1,四層,7,華廈(10層含以下有電梯),集合住宅,鋼筋混凝土造,1110616,157.18,2,2,2,有,有,無,20000,127,坡道平面,22.91,0,,RPPNMLOJMHLGFBD77CC,整棟(戶)出租,有,1150401~1160331,有,冷氣、熱水器,
安南區,租賃房屋,臺南市安南區安中路一段７０２巷９１之２號,0.0,,,,1150309,土地0建物1車位0,三層,4,公寓(5樓含以下無電梯),集合住宅,鋼筋混凝土造,0700907,102.67999999999999,3,2,2,有,無,有,15000,146,,0.0,0,參加臺南市社會住宅包租代管第4期計畫續租案件；,RPQNMLOJMHLGFBD87CC,整棟(戶)出租,無,1150401~1160331,無,冷氣、熱水器、洗衣機、電視機、冰箱,社會住宅代管
安南區,租賃房屋,臺南市安南區海尾５８之６１號,0.0,,,,1150309,土地0建物1車位0,全,2,透天厝,住家用,加強磚造,0700515,94.17,3,2,2,有,無,有,14000,149,,0.0,0,參加臺南市社會住宅包租代管第4期計畫續租案件；,RPRNMLOJMHLGFBD97CC,整棟(戶)出租,無,1150310~1160309,無,熱水器,社會住宅代管
安南區,租賃房屋+車位,臺南市安南區永續三街９０號七樓之３,0.0,,,,1150309,土地0建物1車位1,七層,14,住宅大樓(11層含以上有電梯),集合住宅,鋼筋混凝土造,1111201,127.38,3,2,2,有,有,有,22000,173,坡道機械,20.85,0,參加臺南市社會住宅包租代管第4期計畫租金總額含管理費；續租案件；,RPSNMLOJMHLGFBD08CC,整棟(戶)出租,有,1150310~1160309,有,冷氣、熱水器、電視機、冰箱、瓦斯或天然氣,社會住宅代管
安南區,租賃房屋,臺南市安南區永續十八街１５號十五樓,0.0,,,,1150331,土地0建物1車位0,十五層,15,住宅大樓(11層含以上有電梯),集合住宅,鋼筋混凝土造,1130619,124.25,2,2,2,有,有,有,19000,153,,0.0,0,此為台南市社會住宅包租代管第4期計畫。管理費3000元由出租人負擔。續租案件；,RPTNMLOJMHLGFBD18CC,整棟(戶)出租,有,1150423~1160422,有,冷氣、熱水器,社會住宅代管
東區,租賃房屋,臺南市東區裕豐街２１４巷４２號,0.0,,,,1150310,土地0建物1車位0,一層,5,華廈(10層含以下有電梯),住家用,鋼筋混凝土造,0690726,94.6,3,2,2,有,有,有,12000,127,,0.0,0,?參加公會版住宅包租代管五期計畫,RPPNMLOJMHLGFCD87CC,整棟(戶)出租,有,1150310~1160309,有,冷氣、熱水器、洗衣機、電視機、冰箱、瓦斯或天然氣,社會住宅代管
永康區,租賃房屋,臺南市永康區鹽行里正南五街５２０巷５６弄３３號四樓,0.0,,,,1150327,土地0建物1車位0,四層,5,公寓(5樓含以下無電梯),住家用,鋼筋混凝土造,0810430,101.61,3,2,2,有,無,有,15000,148,,0.0,0,台南市不動產租賃公會民間住宅包租代管第5期計畫。續租案件；,RPPNMLOJMHLGFKD68CC,整棟(戶)出租,無,1150401~1160331,無,冷氣、熱水器、洗衣機、電視機、冰箱、瓦斯或天然氣,社會住宅代管
永康區,租賃房屋,臺南市永康區安康里中華路７２７巷９６號七樓之６,0.0,,,,1150330,土地0建物1車位0,七層,14,住宅大樓(11層含以上有電梯),住家用,鋼筋混凝土造,0880824,86.97999999999999,2,2,1,有,有,有,12000,138,,0.0,0,台南市不動產租賃公會民間住宅包租代管第5期計畫。管理費1500元由出租人負擔。續租案件；,RPQNMLOJMHLGFKD78CC,整棟(戶)出租,有,1150401~1160331,有,冷氣、熱水器、洗衣機、電視機、冰箱、瓦斯或天然氣,社會住宅代管
安平區,租賃房屋,臺南市安平區國平北路１３７號三十樓之２,0.0,,,,1150318,土地0建物1車位0,三十層,34,住宅大樓(11層含以上有電梯),集合住宅,鋼骨鋼筋混凝土造、鋼筋混凝土造,1140415,137.81,3,2,2,有,有,有,19000,138,,0.0,0,參加國家住宅及都市更新中心辦理社會住宅包租代管第5期計畫中央版租金總額含管理費；未租賃車位，建物登記含有車位面積；,RPPNMLPJMHLGFAD77CC,整棟(戶)出租,有,1150322~1180321,有,冷氣、熱水器,社會住宅包租轉租
安南區,租賃房屋,臺南市安南區仁安一街６８巷３號,0.0,,,,1150310,土地0建物1車位0,全,3,透天厝,住家用,鋼筋混凝土造,0840824,143.12,3,2,2,有,無,有,18000,126,,0.0,0,?參加公會版住宅包租代管五期計畫,RPPNMLPJMHLGFBD87CC,整棟(戶)出租,無,1150310~1170309,無,冷氣、熱水器、電視機,社會住宅代管
東區,租賃房屋,臺南市東區東門路三段１１巷５號四樓,0.0,,,,1150313,土地0建物1車位0,四層,7,華廈(10層含以下有電梯),住家用,鋼筋混凝土造,0700407,148.25,4,2,2,有,無,有,26000,175,,0.0,0,?參加公會版住宅包租代管五期計畫多人共同承租3；,RPQNMLPJMHLGFCD08CC,整棟(戶)出租,無,1150315~1180314,有,冷氣、熱水器、洗衣機、電視機、冰箱、瓦斯或天然氣,社會住宅代管
東區,租賃房屋,臺南市東區生產路３８３號三樓,0.0,,,,1150320,土地0建物1車位0,三層,7,華廈(10層含以下有電梯),住家用,鋼筋混凝土造,0801007,106.60000000000001,3,2,2,有,有,有,13000,122,,0.0,0,?參加公會版住宅包租代管五期計畫,RPRNMLPJMHLGFCD18CC,整棟(戶)出租,有,1150320~1180319,有,熱水器、瓦斯或天然氣,社會住宅包租轉租
南區,租賃房屋,臺南市南區建南路３０１號八樓之４,0.0,,,,1150320,土地0建物1車位0,八層,8,華廈(10層含以下有電梯),住家用,鋼筋混凝土造,0811210,143.75,4,2,2,有,有,有,23000,160,,0.0,0,參加國家住宅及都市更新中心辦理社會住宅包租代管第5期計畫中央版多人共同承租2；,RPTNMLPJMHLGFCD38CC,整棟(戶)出租,有,1150320~1160319,有,冷氣、熱水器、洗衣機、電視機、冰箱,社會住宅代管
南區,租賃房屋,臺南市南區金華路一段５０９之３號,0.0,,,,1150320,土地0建物1車位0,四層,5,公寓(5樓含以下無電梯),住家用,鋼筋混凝土造,0710430,89.14,3,2,2,有,無,有,12000,135,,0.0,0,參加國家住宅及都市更新中心辦理社會住宅包租代管第5期計畫中央版,RPUNMLPJMHLGFCD48CC,整棟(戶)出租,無,1150320~1180319,無,冷氣、熱水器、洗衣機、電視機、冰箱,社會住宅包租轉租
仁德區,租賃房屋,臺南市仁德區德南路１６５巷２６弄８號,0.0,,,,1150316,土地0建物1車位0,全,4,透天厝,住家用,鋼筋混凝土造,1030417,195.89,3,2,4,有,無,有,28000,143,,0.0,0,?參加公會版住宅包租代管五期計畫,RPPNMLPJMHLGFID58CC,整棟(戶)出租,無,1150316~1160315,無,冷氣、熱水器、洗衣機、電視機、冰箱,社會住宅代管
仁德區,租賃房屋+車位,臺南市仁德區上崙里德崙路７７巷８２號四樓之１,0.0,,,,1150320,土地0建物1車位1,四層,5,華廈(10層含以下有電梯),住家用,鋼筋混凝土造,0830625,103.02000000000001,3,2,2,有,有,有,21500,209,坡道平面,0.0,0,參加國家住宅及都市更新中心辦理社會住宅包租代管第5期計畫中央版,RPQNMLPJMHLGFID68CC,整棟(戶)出租,有,1150320~1160319,有,冷氣、熱水器、洗衣機、冰箱,社會住宅代管
永康區,租賃房屋,臺南市永康區東橋一路５８２號九樓之６,0.0,,,,1150316,土地0建物1車位0,九層,15,住宅大樓(11層含以上有電梯),住家用,鋼筋混凝土構造,1050829,117.47999999999999,2,2,1,有,有,有,20000,170,,0.0,0,?參加公會版住宅包租代管五期計畫租金總額含管理費；未租賃車位，建物登記含有車位面積；,RPQNMLPJMHLGFKD88CC,整棟(戶)出租,有,1150319~1160318,有,冷氣、熱水器、洗衣機、電視機、冰箱,社會住宅代管
永康區,租賃房屋,臺南市永康區大橋里中華路８６２號四樓之１,0.0,,,,1150324,土地0建物1車位0,四層,8,華廈(10層含以下有電梯),住家用,鋼筋混凝土造,0861015,33.9,1,1,1,有,有,有,7000,206,,0.0,0,參加國家住宅及都市更新中心辦理社會住宅包租代管第5期計畫中央版,RPRNMLPJMHLGFKD98CC,獨立套房,有,1150325~1160324,有,冷氣、熱水器、洗衣機、電視機、冰箱,社會住宅代管
永康區,租賃房屋,臺南市永康區勝利街９５巷９弄２０號,0.0,,,,1150320,土地0建物1車位0,一層,1,其他,住家用,加強磚造、水泥瓦。,0611026,51.2,3,2,1,有,無,有,13000,254,,0.0,0,參加國家住宅及都市更新中心辦理社會住宅包租代管第5期計畫中央版,RPSNMLPJMHLGFKD09CC,整棟(戶)出租,無,1150330~1160329,無,冷氣、熱水器、洗衣機、電視機、冰箱,社會住宅包租轉租
永康區,租賃房屋,臺南市永康區勝利村勝利街９５巷９弄２２號,0.0,,,,1150326,土地0建物1車位0,一層,1,其他,住家用,加強磚造、水泥瓦。,0611030,51.2,3,2,1,有,無,有,13000,254,,0.0,0,參加國家住宅及都市更新中心辦理社會住宅包租代管第5期計畫中央版,RPTNMLPJMHLGFKD56CC,整棟(戶)出租,無,1150326~1160325,無,冷氣、熱水器、洗衣機、電視機、冰箱,社會住宅代管
安平區,租賃房屋,臺南市安平區國平北路１４７號三十樓之１,0.0,,,,1150325,土地0建物1車位0,三十層,34,住宅大樓(11層含以上有電梯),集合住宅,鋼骨鋼筋混凝土造、鋼筋混凝土造,1140415,178.5,3,2,2,有,有,有,23000,129,,0.0,0,參加國家住宅及都市更新中心辦理社會住宅包租代管第5期計畫中央版未租賃車位，建物登記含有車位面積；,RPPNMLQJMHLGFAD87CC,整棟(戶)出租,有,1150325~1160324,有,冷氣、熱水器、洗衣機、電視機、冰箱,社會住宅代管
北區,租賃房屋,臺南市北區開元路５１７號十六樓之２,0.0,,,,1150325,土地0建物1車位0,十六層,24,住宅大樓(11層含以上有電梯),集合住宅,鋼筋混凝土構造,1041105,78.53,2,1,1,有,有,有,18000,229,,0.0,0,參加國家住宅及都市更新中心辦理社會住宅包租代管第5期計畫中央版,RPQNMLQJMHLGFAD97CC,整棟(戶)出租,有,1150330~1160329,有,冷氣、熱水器、洗衣機、電視機、冰箱,社會住宅代管
安平區,租賃房屋,臺南市安平區國平路３８７號七樓之７,0.0,,,,1150329,土地0建物1車位0,七層,8,華廈(10層含以下有電梯),住家用,鋼筋混凝土造,0840401,57.39,2,1,1,有,有,有,10000,174,,0.0,0,參加國家住宅及都市更新中心辦理社會住宅包租代管第5期計畫中央版,RPRNMLQJMHLGFAD08CC,整棟(戶)出租,有,1150401~1160331,有,冷氣、熱水器、洗衣機、電視機、冰箱,社會住宅代管
安平區,租賃房屋,臺南市安平區建平一街２３８巷２５號五樓之２,0.0,,,,1150323,土地0建物1車位0,五層,6,華廈(10層含以下有電梯),住家用,鋼筋混凝土造,0831107,98.16,3,2,2,有,有,有,23000,234,,0.0,0,參加國家住宅及都市更新中心辦理社會住宅包租代管第5期計畫中央版多人共同承租2；,RPTNMLQJMHLGFAD28CC,整棟(戶)出租,有,1150323~1180322,有,冷氣、熱水器、洗衣機、電視機、冰箱,社會住宅包租轉租
中西區,租賃房屋,臺南市中西區信義街１０８巷４３號四樓之８,0.0,,,,1150320,土地0建物1車位0,四層,6,華廈(10層含以下有電梯),商業用,鋼筋混凝土造,0820327,25.05,1,1,1,有,有,有,7900,315,,0.0,0,參加國家住宅及都市更新中心辦理社會住宅包租代管第5期計畫中央版,RPUNMLQJMHLGFAD38CC,獨立套房,有,1150320~1160319,有,冷氣、熱水器、洗衣機、電視機、冰箱、網路,社會住宅包租轉租
安平區,租賃房屋+車位,臺南市安平區健康路三段３３５號１８樓之６,0.0,,,,1150330,土地0建物1車位1,十八層,20,住宅大樓(11層含以上有電梯),集合住宅,鋼筋混凝土構造,1060124,114.92,2,1,1,有,有,有,23000,200,坡道平面,26.54,0,多人共同承租3；租金總額含管理費；,RPVNMLQJMHLGFAD48CC,整棟(戶)出租,有,1150405~1160404,有,冷氣、電視機、冰箱、瓦斯或天然氣,
北區,租賃房屋,臺南市北區東豐路８９號,0.0,,,,1150307,土地0建物0車位0,全,5,透天厝,住商用,鋼筋混凝土造,0840529,13.22,21,1,21,有,無,有,5000,378,,0.0,0,,RPWNMLQJMHLGFAD58CC,分租套房,無,1150307~1150906,無,冷氣、熱水器,一般轉租
北區,租賃房屋,臺南市北區東豐路８９號,0.0,,,,1150322,土地0建物0車位0,全,5,透天厝,住商用,鋼筋混凝土造,0840529,13.22,21,1,21,有,無,有,5000,378,,0.0,0,租金總額含網路費；,RPXNMLQJMHLGFAD68CC,分租套房,無,1150322~1150421,無,冷氣、熱水器、網路,一般轉租
安平區,租賃房屋,臺南市安平區慶平路３８８號四樓之６,0.0,,,,1150325,土地0建物1車位0,四層,13,住宅大樓(11層含以上有電梯),住家用,鋼筋混凝土造,0831216,31.470000000000002,1,1,1,有,有,有,6800,216,,0.0,0,管理費600元，由承租人負擔,RPOOMLQJMHLGFAD87CC,獨立套房,有,1150415~1160414,有,冷氣、熱水器、洗衣機,社會住宅代管
北區,租賃房屋,臺南市北區勝利路２６２巷４號四樓,0.0,,,,1150324,土地0建物1車位0,四層,4,公寓(5樓含以下無電梯),住家用,鋼筋混凝土造,0680319,111.6,3,2,2,有,無,無,15000,134,,0.0,0,,RPPOMLQJMHLGFAD97CC,整棟(戶)出租,無,1150401~1180331,無,冷氣、熱水器、電視機、冰箱、瓦斯或天然氣,社會住宅代管
北區,租賃房屋,臺南市北區崇安街８４之２號,0.0,,,,1150321,土地0建物1車位0,三層,5,公寓(5樓含以下無電梯),住家用,鋼筋混凝土造,0721207,101.75,3,1,2,有,無,有,14000,138,,0.0,0,參加國家住宅及都市更新中心辦理社會住宅包租代管增辦第4期計畫公會版續租案件；,RPROMLQJMHLGFAD18CC,整棟(戶)出租,無,1150401~1160331,無,冷氣、熱水器、洗衣機、電視機、冰箱,社會住宅代管
東區,租賃房屋,臺南市東區東門路三段１５號七樓之１,0.0,,,,1150325,土地0建物1車位0,七層,23,住宅大樓(11層含以上有電梯),住家用,鋼筋混凝土造,0841115,143.79,2,1,2,有,有,有,10000,70,,0.0,0,參加國家住宅及都市更新中心辦理社會住宅包租代管第5期計畫中央版,RPPNMLQJMHLGFCD08CC,整棟(戶)出租,有,1150401~1160331,有,冷氣、熱水器、洗衣機,社會住宅代管
東區,租賃房屋,臺南市東區長榮路二段１０６號八樓之４,0.0,,,,1150327,土地0建物1車位0,八層,9,華廈(10層含以下有電梯),住家用,鋼筋混凝土造,0780620,52.410000000000004,1,1,1,有,有,有,10100,193,,0.0,0,參加國家住宅及都市更新中心辦理社會住宅包租代管第5期計畫中央版,RPQNMLQJMHLGFCD18CC,獨立套房,有,1150401~1160331,有,冷氣、熱水器、洗衣機、冰箱,社會住宅代管
東區,租賃房屋,臺南市東區崇德路８２７號,0.0,,,,1150401,土地0建物1車位0,四層,5,華廈(10層含以下有電梯),辦公室、守衛室、自動機房,鋼筋混凝土造,0710708,142.15,0,0,0,無,無,無,32600,229,,0.0,0,非整層出租，只出租第四層部分面積約43坪。115年4月1日~115年5月31日止，免租金裝修期。租金總額含稅；,RPRNMLQJMHLGFCD28CC,,無,1150401~1170331,有,,
南區,租賃房屋,臺南市南區大同路二段１１０號九樓之１,0.0,,,,1150324,土地0建物1車位0,九層,13,住宅大樓(11層含以上有電梯),集合住宅,鋼筋混凝土造,0881021,137.39999999999998,3,2,2,有,有,有,17300,126,,0.0,0,參加國家住宅及都市更新中心辦理社會住宅包租代管第5期計畫中央版,RPSNMLQJMHLGFCD38CC,整棟(戶)出租,有,1150324~1180323,有,冷氣、熱水器、洗衣機、電視機,社會住宅包租轉租
東區,租賃房屋,臺南市東區林森路二段９１巷３６號,0.0,,,,1150326,土地0建物0車位0,全,5,透天厝,住宅、停車空間,ＲＣ造,0931116,16.0,39,1,39,有,無,有,6500,406,,0.0,0,租金總額含網路費；,RPUNMLQJMHLGFCD58CC,分租套房,無,1150326~1160325,無,冷氣、熱水器、洗衣機、冰箱、網路,一般轉租
東區,租賃房屋,臺南市東區長榮路二段３２巷４６弄８１號,0.0,,,,1150308,土地0建物0車位0,全,6,透天厝,防空避難室、停車空間、住宅、走道,鋼筋混凝土造,0900208,16.52,97,1,97,有,無,有,7800,472,,0.0,0,租金總額含網路費；,RPVNMLQJMHLGFCD68CC,分租套房,無,1150308~1150630,有,冷氣、熱水器、洗衣機、冰箱、網路,一般轉租
南區,租賃房屋,臺南市南區喜樹路２０巷１９號,0.0,,,,1150325,土地0建物1車位0,全,4,透天厝,住宅　停車空間,鋼筋混凝土造,0870206,183.35,5,2,5,有,無,有,19800,108,,0.0,0,參加國家住宅及都市更新中心辦理社會住宅包租代管第5期計畫中央版多人共同承租3；,RPWNMLQJMHLGFCD78CC,整棟(戶)出租,無,1150325~1180324,無,冷氣、熱水器、電視機、冰箱,社會住宅包租轉租
東區,租賃房屋,臺南市東區大同路二段４４９巷３之３號三樓,0.0,,,,1150320,土地0建物1車位0,三層,5,公寓(5樓含以下無電梯),住家用,鋼筋混凝土造,0790212,113.41000000000001,3,2,2,有,無,有,9000,79,,0.0,0,參加國家住宅及都市更新中心辦理社會住宅包租代管第5期計畫中央版,RPXNMLQJMHLGFCD88CC,整棟(戶)出租,無,1150412~1180411,無,冷氣、熱水器、洗衣機、電視機、冰箱,社會住宅包租轉租
東區,租賃房屋,臺南市東區中華東路二段１９３號十九樓之１１,0.0,,,,1150327,土地0建物1車位0,十九層,20,住宅大樓(11層含以上有電梯),住家用,鋼筋混凝土造,0841106,80.83,2,1,1,有,有,有,19400,240,,0.0,0,管理費1600元，由承租人負擔,RPOOMLQJMHLGFCD08CC,整棟(戶)出租,有,1150401~1160331,有,冷氣、熱水器、洗衣機、電視機、冰箱、瓦斯或天然氣,社會住宅代管
東區,租賃房屋,臺南市東區林森路二段１９８號之８,0.0,,,,1150330,土地0建物1車位0,九層,12,住宅大樓(11層含以上有電梯),住家用,鋼筋混凝土造,0730118,93.06,3,2,1,有,有,有,13000,140,,0.0,0,參加國家住宅及都市更新中心辦理社會住宅包租代管第5期計畫中央版,RPPOMLQJMHLGFCD18CC,整棟(戶)出租,有,1150401~1180331,有,冷氣、熱水器、洗衣機、冰箱,社會住宅包租轉租
六甲區,租賃房屋,臺南市六甲區二甲里１４鄰民權街２３２號,0.0,,,,1150321,土地0建物1車位0,全,2,透天厝,住商用,磚ＲＣ造,0651123,70.87,3,2,2,有,無,有,8000,113,,0.0,0,參加國家住宅及都市更新中心辦理社會住宅包租代管第4期計畫公會版續租案件；,RPPNMLQJMHLGFFD38CC,整棟(戶)出租,無,1150401~1160331,無,冷氣、熱水器、洗衣機、電視機、冰箱,社會住宅代管
新市區,租賃房屋,臺南市新市區光華街１１９號三樓之３,0.0,,,,1150401,土地0建物1車位0,三層,6,華廈(10層含以下有電梯),集合住宅,鋼筋混凝土造,1111228,86.22999999999999,2,2,2,有,有,有,15700,182,,0.0,0,參加國家住宅及都市更新中心辦理社會住宅包租代管增辦第4期計畫公會版未租賃車位，建物登記含有車位面積；續租案件；,RPPNMLQJMHLGFHD58CC,整棟(戶)出租,有,1150402~1160401,有,冷氣、熱水器、洗衣機、電視機、冰箱,社會住宅代管
仁德區,租賃房屋+車位,臺南市仁德區仁和里和愛街１１號十一樓之５,0.0,,,,1150320,土地0建物1車位1,十一層,14,住宅大樓(11層含以上有電梯),住家用,鋼筋混凝土造,0990422,168.57,3,2,2,有,有,有,16000,95,坡道平面,0.0,0,參加國家住宅及都市更新中心辦理社會住宅包租代管第5期計畫中央版,RPPNMLQJMHLGFID68CC,整棟(戶)出租,有,1150401~1180331,有,冷氣、熱水器、洗衣機、電視機、冰箱,社會住宅包租轉租
歸仁區,租賃房屋,臺南市歸仁區新厝里大成十街２４號,0.0,,,,1150321,土地0建物1車位0,全,2,透天厝,住家用,加強磚造,0700611,97.6,5,2,3,有,無,有,10000,102,,0.0,0,參加國家住宅及都市更新中心辦理社會住宅包租代管增辦第4期計畫公會版,RPQNMLQJMHLGFID78CC,整棟(戶)出租,無,1150401~1160331,無,冷氣、熱水器、洗衣機、電視機、冰箱,社會住宅代管
永康區,租賃房屋,臺南市永康區中華二路２６６巷１８號十六樓之１,0.0,,,,1150324,土地0建物1車位0,十六層,19,住宅大樓(11層含以上有電梯),住家用,鋼筋混凝土造,0860128,118.54,3,1,2,有,有,有,16000,135,,0.0,0,參加國家住宅及都市更新中心辦理社會住宅包租代管第5期計畫中央版,RPPNMLQJMHLGFKD88CC,整棟(戶)出租,有,1150325~1160324,有,冷氣、熱水器、洗衣機、電視機、冰箱,社會住宅代管
永康區,租賃房屋+車位,臺南市永康區文賢街１３６巷２號五樓之１,0.0,,,,1150320,土地0建物1車位1,五層,11,住宅大樓(11層含以上有電梯),住家用,鋼筋混凝土造,0840622,99.75,3,1,2,有,有,有,17000,170,坡道平面,0.0,0,參加國家住宅及都市更新中心辦理社會住宅包租代管第5期計畫中央版租金總額含管理費；,RPQNMLQJMHLGFKD98CC,整棟(戶)出租,有,1150320~1180319,有,冷氣、熱水器、洗衣機、電視機、冰箱,社會住宅包租轉租
永康區,租賃房屋,臺南市永康區復華里復華八街４７巷２７號六樓之１２,0.0,,,,1150323,土地0建物1車位0,六層,6,華廈(10層含以下有電梯),住家用,鋼筋混凝土造,0850305,31.02,1,1,1,有,有,有,8500,274,,0.0,0,參加國家住宅及都市更新中心辦理社會住宅包租代管第5期計畫中央版,RPRNMLQJMHLGFKD09CC,獨立套房,有,1150323~1180322,有,冷氣、熱水器、洗衣機、電視機、冰箱,社會住宅包租轉租
永康區,租賃房屋+車位,臺南市永康區安康里大橋一街５３之５號十四樓之５,0.0,,,,1150323,土地0建物1車位1,十四層,14,住宅大樓(11層含以上有電梯),住家用,鋼筋混凝土造,0880824,103.53,2,2,1,有,有,有,18800,182,坡道機械,13.14,0,參加國家住宅及都市更新中心辦理社會住宅包租代管第5期計畫中央版多人共同承租2；租金總額含管理費；,RPSNMLQJMHLGFKD56CC,整棟(戶)出租,有,1150323~1180322,有,冷氣、熱水器、洗衣機、電視機、冰箱,社會住宅包租轉租
永康區,租賃房屋,臺南市永康區安康里中華路７２７巷９２號十三樓之３,0.0,,,,1150324,土地0建物1車位0,十三層,14,住宅大樓(11層含以上有電梯),住家用,鋼筋混凝土造,0880824,78.5,2,1,1,有,有,有,15000,191,,0.0,0,參加國家住宅及都市更新中心辦理社會住宅包租代管第5期計畫中央版多人共同承租2；,RPTNMLQJMHLGFKD66CC,整棟(戶)出租,有,1150324~1180323,有,冷氣、熱水器、洗衣機、電視機、冰箱,社會住宅包租轉租
永康區,租賃房屋,臺南市永康區中華二路２０６巷５８號五樓之１,0.0,,,,1150321,土地0建物1車位0,五層,5,公寓(5樓含以下無電梯),住家用,鋼筋混凝土造,0700604,100.28999999999999,4,1,2,有,無,有,9000,90,,0.0,0,參加國家住宅及都市更新中心辦理社會住宅包租代管增辦第4期計畫公會版續租案件；,RPUNMLQJMHLGFKD76CC,整棟(戶)出租,無,1150424~1160423,無,冷氣、熱水器、洗衣機、電視機、冰箱,社會住宅代管
永康區,租賃房屋,臺南市永康區中華路５７８巷２號四樓之３,0.0,,,,1150320,土地0建物1車位0,四層,7,華廈(10層含以下有電梯),住家用,鋼筋混凝土造,0800619,26.33,1,1,1,有,有,有,6300,239,,0.0,0,參加國家住宅及都市更新中心辦理社會住宅包租代管增辦第4期計畫公會版租金總額含管理費；續租案件；,RPVNMLQJMHLGFKD86CC,獨立套房,有,1150412~1160411,有,冷氣、熱水器、洗衣機、電視機、冰箱、有線電視,社會住宅代管
永康區,租賃房屋,臺南市永康區中華二路２０６巷３８號五樓之２,0.0,,,,1150321,土地0建物1車位0,五層,5,公寓(5樓含以下無電梯),住家用,鋼筋混凝土造,0701207,54.48,2,1,1,有,無,有,9000,165,,0.0,0,參加國家住宅及都市更新中心辦理社會住宅包租代管增辦第4期計畫公會版續租案件；,RPWNMLQJMHLGFKD96CC,整棟(戶)出租,無,1150425~1160424,無,冷氣、熱水器、洗衣機、電視機、冰箱,社會住宅代管
永康區,租賃房屋+車位,臺南市永康區龍潭里中山北路１６４巷１１８之１號三樓,0.0,,,,1150324,土地0建物1車位1,三層,5,華廈(10層含以下有電梯),住家用,鋼筋混凝土造,0820305,113.03999999999999,3,2,2,有,有,有,14000,124,一樓平面,0.0,0,參加國家住宅及都市更新中心辦理社會住宅包租代管增辦第4期計畫公會版續租案件；,RPXNMLQJMHLGFKD07CC,整棟(戶)出租,有,1150401~1160331,有,熱水器,社會住宅代管
中西區,租賃房屋,臺南市中西區臨安路一段１７４號,0.0,,,,1150402,土地0建物0車位0,全,2,透天厝,住商用,加強磚造,0570408,13.22,5,0,5,有,無,有,3500,265,,0.0,0,,RPPNMLRJMHLGFAD97CC,分租套房,無,1150402~1160401,無,冷氣、電視機,一般轉租
北區,租賃房屋,臺南市北區公園北路１３２號,0.0,,,,1150401,土地0建物0車位0,全,2,透天厝,住工用,加強磚造,0560101,37.61,26,0,26,有,無,有,3700,98,,0.0,0,公園北102房租金總額含水費；,RPRNMLRJMHLGFAD18CC,分租套房,無,1150501~1150930,無,冷氣、熱水器、網路,一般轉租
北區,租賃房屋,臺南市北區力行三街５號,0.0,,,,1150401,土地0建物0車位0,全,4,透天厝,住宅、停車空間,鋼筋混凝土造,0970722,14.61,16,0,16,有,無,有,4800,329,,0.0,0,力行三5 202房租金總額含水費；,RPSNMLRJMHLGFAD28CC,分租套房,無,1150301~1150930,無,冷氣、熱水器、電視機、冰箱、網路,一般轉租
北區,租賃房屋,臺南市北區成功路２號九樓之５１,0.0,,,,1150310,土地0建物1車位0,九層,14,住宅大樓(11層含以上有電梯),住家用,鋼筋混凝土造,0731228,47.019999999999996,1,0,1,有,有,有,7500,160,,0.0,0,參加公會版住宅包租代管四之一期計畫租金總額含管理費；續租案件；,RPTNMLRJMHLGFAD38CC,獨立套房,有,1150310~1160309,有,冷氣、熱水器、電視機、冰箱,社會住宅代管
北區,租賃房屋,臺南市北區開元路５０７號１５樓之５,0.0,,,,1150315,土地0建物1車位0,十五層,24,住宅大樓(11層含以上有電梯),集合住宅,鋼筋混凝土構造,1041105,158.8,3,2,2,有,有,無,21000,132,,0.0,0,租金總額含管理費；其他公共基金；未租賃車位，建物登記含有車位面積；,RPUNMLRJMHLGFAD48CC,整棟(戶)出租,有,1150315~1170314,有,冷氣、熱水器、瓦斯或天然氣,
北區,租賃房屋,臺南市北區長榮路五段４１巷４０號八樓之１,0.0,,,,1150310,土地0建物1車位0,八層,14,住宅大樓(11層含以上有電梯),集合住宅,鋼筋混凝土造,0920916,168.76999999999998,3,2,2,有,有,無,14000,83,,0.0,0,參加公會版住宅包租代管四之一期計畫續租案件；,RPVNMLRJMHLGFAD58CC,整棟(戶)出租,有,1150310~1160309,有,熱水器、瓦斯或天然氣,社會住宅代管
中西區,租賃房屋,臺南市中西區國華街二段４５號三樓之３,0.0,,,,1150401,土地0建物1車位0,三層,7,華廈(10層含以下有電梯),住家用,鋼筋混凝土造,0880423,104.47,2,2,2,有,有,有,19000,182,,0.0,0,此為國家住宅及都市更新中心社會住宅包租代管第5期計畫。管理費1000元由出租人負擔,RPWNMLRJMHLGFAD68CC,整棟(戶)出租,有,1150401~1160331,有,冷氣、熱水器、洗衣機、電視機、冰箱、瓦斯或天然氣,社會住宅代管
安平區,租賃房屋,臺南市安平區建平七街５６０號二十樓之１,0.0,,,,1150331,土地0建物1車位0,二十層,22,住宅大樓(11層含以上有電梯),集合住宅,鋼筋混凝土造,1121108,75.2,2,1,2,有,有,有,19500,259,,0.0,0,此為國家住宅及都市更新中心社會住宅包租代管第5期計畫。,RPXNMLRJMHLGFAD78CC,整棟(戶)出租,有,1150401~1160331,有,冷氣、熱水器、洗衣機、電視機、冰箱,社會住宅代管
北區,租賃房屋,臺南市北區開元路５１７號１０樓之２,0.0,,,,1150401,土地0建物1車位0,十層,24,住宅大樓(11層含以上有電梯),集合住宅,鋼筋混凝土構造,1041105,78.53,2,1,1,有,有,有,19000,242,,0.0,0,多人共同承租2；租金總額含管理費；其他公共基金；,RPOOMLRJMHLGFAD97CC,整棟(戶)出租,有,1150401~1160331,有,冷氣、熱水器、洗衣機、冰箱、瓦斯或天然氣,
安平區,租賃房屋,臺南市安平區國平北路１２３號十六樓之８,0.0,,,,1150311,土地0建物1車位0,十六層,18,住宅大樓(11層含以上有電梯),集合住宅,鋼筋混凝土構造,1100503,109.1,2,2,1,有,有,有,20000,183,,0.0,0,參加公會版住宅包租代管四之一期計畫租金總額含管理費；未租賃車位，建物登記含有車位面積；續租案件；,RPQOMLRJMHLGFAD18CC,整棟(戶)出租,有,1150313~1160312,有,冷氣、熱水器、洗衣機、電視機、冰箱,社會住宅代管
北區,租賃房屋,臺南市北區開元路５１９號１１樓之９,0.0,,,,1150318,土地0建物1車位0,十一層,24,住宅大樓(11層含以上有電梯),集合住宅,鋼筋混凝土構造,1041105,103.36999999999999,2,2,1,有,有,有,20000,193,,0.0,0,租金總額含管理費；其他公共基金；,RPROMLRJMHLGFAD28CC,整棟(戶)出租,有,1150318~1160317,有,冷氣、熱水器、洗衣機、電視機、冰箱、瓦斯或天然氣,
中西區,租賃房屋,臺南市中西區金華路三段２１８號十八樓之１５,0.0,,,,1150310,土地0建物1車位0,十八層,18,住宅大樓(11層含以上有電梯),住家用,鋼筋混凝土造,0840704,75.7,1,0,1,有,有,有,10000,132,,0.0,0,參加公會版住宅包租代管四之一期計畫續租案件；,RPSOMLRJMHLGFAD38CC,獨立套房,有,1150310~1160309,有,冷氣、熱水器、洗衣機、電視機、冰箱,社會住宅代管
北區,租賃房屋,臺南市北區大武街３０４之２號,0.0,,,,1150407,土地0建物0車位0,全,4,透天厝,住家用,鋼筋混凝土造,0730106,27.32,23,0,21,有,無,有,5000,183,,0.0,0,大武102房租金總額含水費；,RPTOMLRJMHLGFAD48CC,分租套房,無,1150301~1150630,無,冷氣、熱水器、冰箱,一般轉租
北區,租賃房屋,臺南市北區大武街３０４之２號,0.0,,,,1150407,土地0建物0車位0,全,4,透天厝,住家用,鋼筋混凝土造,0730106,11.77,23,0,21,有,無,有,5000,425,,0.0,0,大武201房租金總額含水費；,RPUOMLRJMHLGFAD58CC,分租套房,無,1150301~1150630,無,冷氣、熱水器、冰箱,一般轉租
安平區,租賃房屋+車位,臺南市安平區建平八街５５１號十二樓之１２,0.0,,,,1150310,土地0建物1車位1,十二層,26,住宅大樓(11層含以上有電梯),住家用,鋼筋混凝土造,0870105,147.62,3,2,2,有,有,有,13500,91,坡道機械,23.19,0,參加公會版住宅包租代管四之一期計畫續租案件；,RPVOMLRJMHLGFAD68CC,整棟(戶)出租,有,1150310~1160309,有,冷氣、熱水器、洗衣機、電視機、冰箱、瓦斯或天然氣,社會住宅代管
中西區,租賃房屋,臺南市中西區西華南街２０號地下一層之６,0.0,,,,1150310,土地0建物1車位0,地下一層,6,華廈(10層含以下有電梯),商業用,鋼筋混凝土造,0790404,26.28,1,1,1,有,有,有,7000,266,,0.0,0,參加公會版住宅包租代管四之一期計畫租金總額含管理費；續租案件；,RPWOMLRJMHLGFAD78CC,獨立套房,無,1150310~1160309,有,冷氣、熱水器、洗衣機、電視機、冰箱,社會住宅代管
北區,租賃房屋,臺南市北區北門路二段２３７巷３４弄１３號,0.0,,,,1150324,土地0建物1車位0,全,2,透天厝,住家用,加強磚造,0561206,72.86,4,2,2,有,無,無,15000,206,,0.0,0,參加國家住宅及都市更新中心辦理社會住宅包租代管增辦第四期計畫公會版,RPXOMLRJMHLGFAD88CC,整棟(戶)出租,無,1150410~1160409,無,冷氣、熱水器、洗衣機、電視機、冰箱,社會住宅代管
北區,租賃房屋,臺南市北區成功路２號８樓之２９,0.0,,,,1150331,土地0建物1車位0,八層,14,住宅大樓(11層含以上有電梯),住家用,鋼筋混凝土造,0731228,55.31,1,1,1,有,有,有,11000,199,,0.0,0,參加國家住宅及都市更新中心辦理社會住宅包租代管第五期計畫中央版,RPOPMLRJMHLGFAD08CC,獨立套房,有,1150401~1180331,有,冷氣、熱水器、洗衣機、電視機、冰箱,社會住宅包租轉租
北區,租賃房屋,臺南市北區北園街７２號七樓之２,0.0,,,,1150310,土地0建物1車位0,七層,7,華廈(10層含以下有電梯),住家用,鋼筋混凝土造,0710709,66.92,3,1,1,有,有,無,15000,224,,0.0,0,參加公會版住宅包租代管四期計畫租金總額含管理費；續租案件；,RPPPMLRJMHLGFAD18CC,整棟(戶)出租,有,1150310~1160309,有,冷氣、熱水器、瓦斯或天然氣,社會住宅代管
安平區,租賃房屋,臺南市安平區育平路２１２號八樓之２０,0.0,,,,1150310,土地0建物1車位0,八層,17,住宅大樓(11層含以上有電梯),住家用,鋼筋混凝土造,0840729,116.35,3,2,2,有,有,有,19000,163,,0.0,0,參加公會版住宅包租代管四期計畫,RPQPMLRJMHLGFAD28CC,整棟(戶)出租,有,1150310~1160309,有,冷氣、熱水器、洗衣機、電視機、冰箱、瓦斯或天然氣,社會住宅代管
中西區,租賃房屋,臺南市中西區金華路三段２５２號二十樓之１１,0.0,,,,1150310,土地0建物1車位0,二十層,21,住宅大樓(11層含以上有電梯),住家用,鋼筋混凝土造,0870219,27.799999999999997,1,0,1,有,有,有,8000,288,,0.0,0,參加公會版住宅包租代管四期計畫租金總額含管理費；,RPRPMLRJMHLGFAD38CC,獨立套房,有,1150310~1160309,有,冷氣、熱水器、洗衣機、冰箱、瓦斯或天然氣,社會住宅代管
安南區,租賃房屋+車位,臺南市安南區樂活一街４０號１９樓,0.0,,,,1150403,土地0建物1車位1,十九層,19,住宅大樓(11層含以上有電梯),集合住宅,鋼筋混凝土造,1100526,117.39,2,1,1,有,有,有,22500,192,坡道平面,23.35,0,多人共同承租2；租金總額含管理費；,RPQNMLRJMHLGFBD18CC,整棟(戶)出租,有,1150406~1160405,有,冷氣、熱水器、洗衣機、電視機、冰箱、瓦斯或天然氣,
安南區,租賃房屋,臺南市安南區海佃路一段２８４巷１８號,0.0,,,,1150401,土地0建物1車位0,全,2,透天厝,住家用,加強磚造,0690621,105.44,3,1,1,有,無,無,12000,114,,0.0,0,此為國家住宅及都市更新中心社會住宅包租代管第5期計畫。續租案件；,RPRNMLRJMHLGFBD28CC,整棟(戶)出租,無,1150401~1160331,無,熱水器,社會住宅代管
安南區,租賃房屋,臺南市安南區育安街１９１號五樓之１,0.0,,,,1150325,土地0建物1車位0,五層,5,華廈(10層含以下有電梯),集合住宅,鋼筋混凝土造,1120518,47.66,1,1,1,有,有,有,11000,231,,0.0,0,租金總額含管理費；,RPSNMLRJMHLGFBD38CC,獨立套房,無,1150401~1160331,有,冷氣、熱水器、洗衣機、電視機、冰箱,
安南區,租賃房屋,臺南市安南區安中路一段７０３巷１之２號,0.0,,,,1150401,土地0建物1車位0,三層,4,公寓(5樓含以下無電梯),集合住宅,鋼筋混凝土造,0700907,103.71,2,2,2,有,無,有,12000,116,,0.0,0,此為國家住宅及都市更新中心社會住宅包租代管第5期計畫。,RPTNMLRJMHLGFBD48CC,整棟(戶)出租,無,1150405~1160404,無,冷氣、熱水器、洗衣機、冰箱、瓦斯或天然氣,社會住宅包租轉租
安南區,租賃房屋,臺南市安南區義安街１９８巷８號,0.0,,,,1150401,土地0建物1車位0,全,2,透天厝,住商用,加強磚造,0701030,94.54,4,1,3,有,無,有,17000,180,,0.0,0,此為國家住宅及都市更新中心社會住宅包租代管第5期計畫。,RPUNMLRJMHLGFBD58CC,整棟(戶)出租,無,1150405~1160404,無,冷氣、熱水器、洗衣機、電視機、冰箱、瓦斯或天然氣,社會住宅包租轉租
安南區,租賃房屋,臺南市安南區國安街７３巷１０號,0.0,,,,1150310,土地0建物1車位0,全,2,透天厝,住家用,加強磚造,0690109,102.72,4,2,2,有,無,無,20000,195,,0.0,0,參加公會版住宅包租代管四之一期計畫續租案件；,RPVNMLRJMHLGFBD68CC,整棟(戶)出租,無,1150310~1160309,無,熱水器、瓦斯或天然氣,社會住宅代管
安南區,租賃房屋,臺南市安南區理安街１４６號,0.0,,,,1150325,土地0建物1車位0,全,2,透天厝,住商用,加強磚造,0701126,105.2,3,2,2,有,無,無,13000,124,,0.0,0,參加國家住宅及都市更新中心辦理社會住宅包租代管第五期計畫中央版,RPWNMLRJMHLGFBD78CC,整棟(戶)出租,無,1150401~1160331,無,熱水器,社會住宅代管
東區,租賃房屋,臺南市東區立德十一路５５巷３４號二樓,0.0,,,,1150401,土地0建物1車位0,二層,5,公寓(5樓含以下無電梯),住家用,鋼筋混凝土造,0810904,52.55,1,1,1,有,無,有,7500,143,,0.0,0,此為台南市社會住宅包租代管第4期計畫。續租案件；,RPPNMLRJMHLGFCD18CC,獨立套房,無,1150402~1160401,無,冷氣、熱水器、洗衣機、電視機、冰箱,社會住宅包租轉租
東區,租賃房屋,臺南市東區東門路三段１７９巷１０３號３樓之２,0.0,,,,1150314,土地0建物0車位0,三層,5,華廈(10層含以下有電梯),住家用,鋼筋混凝土造,0820424,157.93,4,2,4,有,無,有,15000,95,,0.0,0,1.契約書未約定土地租賃標的。2.由所有權人提供租屋資訊。3.僅承租左半部；租賃面積共計約157.93平方公尺。多人共同承租2；租金總額含管理費；,RPQNMLRJMHLGFCD28CC,分租套房,無,1150315~1160314,有,冷氣、熱水器、洗衣機、電視機、冰箱、瓦斯或天然氣,
東區,租賃房屋+車位,臺南市東區崇明路４７９號五樓之一,0.0,,,,1150402,土地0建物1車位1,五層,8,華廈(10層含以下有電梯),住家用,鋼筋混凝土造,0830519,145.82999999999998,3,2,2,有,有,有,18650,128,坡道平面,0.0,650,台南市社會住宅包租代管 第四期計畫 公會版；水、電、瓦斯費由承租人負擔，管理費2850元不包含在租金由承租人負擔。續租案件；,RPRNMLRJMHLGFCD38CC,整棟(戶)出租,有,1150420~1160419,有,冷氣、熱水器、瓦斯或天然氣,社會住宅代管
南區,租賃房屋,臺南市南區新都路５２０巷６９號四樓之３,0.0,,,,1150310,土地0建物1車位0,四層,7,華廈(10層含以下有電梯),住家用,鋼筋混凝土造,0720204,80.96,2,1,1,有,有,無,7000,86,,0.0,0,參加公會版住宅包租代管四之一期計畫續租案件；,RPSNMLRJMHLGFCD48CC,整棟(戶)出租,有,1150310~1160309,有,熱水器、瓦斯或天然氣,社會住宅代管
東區,租賃房屋,臺南市東區林森路一段１４９號二十一樓之７,0.0,,,,1150310,土地0建物1車位0,二十一層,22,住宅大樓(11層含以上有電梯),住家用,鋼筋混凝土造,0800111,75.23,1,1,1,有,有,有,11000,146,,0.0,0,參加公會版住宅包租代管四之一期計畫續租案件；,RPTNMLRJMHLGFCD58CC,獨立套房,有,1150310~1160309,有,冷氣、熱水器、冰箱、瓦斯或天然氣,社會住宅代管
南區,租賃房屋+車位,臺南市南區新和東路１２７號五樓之３,0.0,,,,1150325,土地0建物1車位1,五層,12,住宅大樓(11層含以上有電梯),集合住宅,鋼筋混凝土造,0850629,195.47000000000003,3,1,2,有,有,有,15000,77,坡道平面,0.0,0,參加國家住宅及都市更新中心辦理社會住宅包租代管第四期計畫公會版,RPUNMLRJMHLGFCD68CC,整棟(戶)出租,有,1150401~1150930,有,冷氣、熱水器、洗衣機、電視機、冰箱、瓦斯或天然氣,社會住宅代管
東區,租賃房屋,臺南市東區育樂街１６０號二樓,0.0,,,,1150310,土地0建物1車位0,二層,4,公寓(5樓含以下無電梯),住家用,補強磚造,0570101,86.33,3,2,1,有,無,有,15000,174,,0.0,0,參加公會版住宅包租代管四期計畫,RPVNMLRJMHLGFCD78CC,整棟(戶)出租,無,1150310~1160309,無,冷氣、熱水器、洗衣機、電視機、冰箱、瓦斯或天然氣,社會住宅代管
新營區,租賃房屋,臺南市新營區東興三街２２巷４２號三樓之七,0.0,,,,1150401,土地0建物1車位0,三層,6,華廈(10層含以下有電梯),住家用,鋼筋混凝土造,0840710,32.16,1,0,1,有,無,有,5000,155,,0.0,0,此為國家住宅及都市更新中心社會住宅包租代管第5期計畫。,RPPNMLRJMHLGFDD28CC,獨立套房,有,1150405~1160404,有,冷氣、熱水器、電視機、冰箱,社會住宅包租轉租
善化區,租賃房屋,臺南市善化區光華路４５號,0.0,,,,1150404,土地0建物1車位0,全,3,透天厝,住商用,鋼筋混凝土造,0730124,158.86,9,0,9,有,無,有,40000,252,,0.0,0,,RPPNMLRJMHLGFHD68CC,整棟(戶)出租,無,1150420~1160419,無,冷氣、熱水器、洗衣機、冰箱,
新市區,租賃房屋,臺南市新市區富中街８５巷１號,0.0,,,,1150314,土地0建物0車位0,全,4,透天厝,住家用,鋼筋混凝土造,1040630,18.0,14,0,14,有,無,有,5600,311,,0.0,0,租金總額含管理費；網路費；續租案件；,RPUNMLRJMHLGFHD56CC,分租套房,無,1150427~1160426,無,冷氣、熱水器、洗衣機、電視機、冰箱、網路,一般代管
安定區,租賃房屋,臺南市安定區蘇厝１７６之１號 五樓之３,0.0,,,,1150309,土地0建物0車位0,一層,9,華廈(10層含以下有電梯),集合住宅,鋼筋混凝土造,1140911,20.7,2,0,2,有,有,有,12400,599,,0.0,0,租金總額含水費；網路費；,RPVNMLRJMHLGFHD66CC,分租套房,有,1150311~1160310,有,冷氣、熱水器、洗衣機、電視機、冰箱、有線電視、網路,一般轉租
安定區,租賃房屋,臺南市安定區蘇厝１７６之１號 六樓之７,0.0,,,,1150309,土地0建物0車位0,一層,9,華廈(10層含以下有電梯),集合住宅,鋼筋混凝土造,1140911,22.71,2,0,2,有,有,有,11700,515,,0.0,0,租金總額含水費；網路費；,RPWNMLRJMHLGFHD76CC,分租套房,有,1150311~1160310,有,冷氣、熱水器、洗衣機、電視機、冰箱、有線電視、網路,一般轉租
新市區,土地,永安段582地號,271.14,商,,,1150407,土地4建物0車位0,,,其他,,,,0.0,0,0,0,無,無,無,50000,184,,0.0,0,,RPXNMLRJMHLGFHD86CC,,,1150501~1300430,,,
新市區,租賃房屋,臺南市新市區富中街８５巷１號,0.0,,,,1150319,土地0建物0車位0,全,4,透天厝,住家用,鋼筋混凝土造,1040630,18.0,14,0,14,有,無,有,5700,317,,0.0,0,租金總額含管理費；網路費；續租案件；,RPOOMLRJMHLGFHD68CC,分租套房,無,1150425~1160424,無,冷氣、熱水器、電視機、冰箱、網路,一般代管
善化區,租賃房屋,臺南市善化區胡厝寮５之５號,0.0,,,,1150325,土地0建物1車位0,全,3,透天厝,集合住宅,鋼筋混凝土造,1120616,148.75,4,2,3,有,無,有,26000,175,,0.0,0,參加國家住宅及都市更新中心辦理社會住宅包租代管第五期計畫中央版,RPPOMLRJMHLGFHD78CC,整棟(戶)出租,無,1150401~1160331,無,冷氣、熱水器、洗衣機、冰箱,社會住宅代管
新化區,租賃房屋,臺南市新化區中正路５８０巷２號六樓之５,0.0,,,,1150327,土地0建物1車位0,六層,8,華廈(10層含以下有電梯),住家用,鋼筋混凝土造,0831125,182.54999999999998,3,2,2,有,有,有,12000,66,,0.0,0,此為住都中心社會住宅包租代管第5期計畫物件,RPQOMLRJMHLGFHD88CC,整棟(戶)出租,有,1150327~1160326,有,冷氣、熱水器、洗衣機、電視機、冰箱、瓦斯或天然氣,社會住宅包租轉租
關廟區,租賃房屋,臺南市關廟區文衡路３號,90.0,住,,,1150401,土地1建物1車位0,一層,3,店面(店鋪),住家用,鋼筋混凝土造,0780720,59.61,4,1,3,有,無,無,16000,268,,0.0,0,,RPPNMLRJMHLGFID78CC,,無,1150401~1160331,無,,
永康區,租賃房屋,臺南市永康區龍埔街８５號八樓之１５,0.0,,,,1150401,土地0建物1車位0,八層,12,住宅大樓(11層含以上有電梯),住家用,鋼筋混凝土造,0850415,118.78,3,2,2,有,有,無,15000,126,,0.0,0,台南市不動產租賃公會民間住宅包租代管第四期計畫。,RPPNMLRJMHLGFKD98CC,整棟(戶)出租,有,1150402~1160401,有,冷氣、熱水器、冰箱、瓦斯或天然氣,社會住宅代管
永康區,租賃房屋,臺南市永康區新中街３１巷３８號,0.0,,,,1150313,土地0建物0車位0,全,4,透天厝,住商用,鋼筋混凝土造,0960604,13.92,8,0,8,有,無,有,5800,417,,0.0,0,租金總額含水費；網路費；其他有線電視或MOD；續租案件；,RPQNMLRJMHLGFKD09CC,分租套房,無,1150401~1160331,無,冷氣、熱水器、電視機、冰箱、有線電視、網路,一般代管
永康區,租賃房屋,臺南市永康區大橋一街２５２之１號,0.0,,,,1150401,土地0建物1車位0,二層,5,公寓(5樓含以下無電梯),住家用,鋼筋混凝土造,0701202,91.63000000000001,2,2,1,有,有,有,13000,142,,0.0,0,此為國家住宅及都市更新中心社會住宅包租代管第5期計畫。續租案件；,RPRNMLRJMHLGFKD56CC,整棟(戶)出租,有,1150401~1160331,無,冷氣、熱水器、洗衣機、電視機、冰箱、瓦斯或天然氣,社會住宅代管
永康區,租賃房屋,臺南市永康區大橋里大橋二街２１５號,0.0,,,,1150323,土地0建物1車位0,見其他登記事項,2,店面(店鋪),住商用,加強磚造,0760608,176.84,7,1,5,有,無,無,40000,226,,0.0,0,民國115/4/1~115/4/30係免租金裝潢準備期。租金總額含稅；,RPSNMLRJMHLGFKD66CC,,無,1150401~1200430,無,,
永康區,租賃房屋,臺南市永康區復國路６２號三樓之３,0.0,,,,1150310,土地0建物1車位0,三層,14,住宅大樓(11層含以上有電梯),住家用,鋼筋混凝土造,0960920,156.24,3,2,2,有,有,無,23000,147,,0.0,0,參加公會版住宅包租代管四之一期計畫續租案件；,RPUNMLRJMHLGFKD86CC,整棟(戶)出租,有,1150310~1160309,有,冷氣、熱水器,社會住宅代管
永康區,租賃房屋,臺南市永康區大橋一街５３之１號二樓之１,0.0,,,,1150319,土地0建物1車位0,二層,14,住宅大樓(11層含以上有電梯),住家用,鋼筋混凝土造,0880824,130.86,3,2,2,有,有,有,19500,149,,0.0,0,參加國家住宅及都市更新中心辦理社會住宅包租代管增辦第四期計畫公會版未租賃車位，建物登記含有車位面積；續租案件；,RPWNMLRJMHLGFKD07CC,整棟(戶)出租,有,1150505~1160504,有,冷氣、熱水器、洗衣機、電視機,社會住宅代管
永康區,租賃房屋,臺南市永康區新民街４７巷１２號八樓之１１,0.0,,,,1150406,土地0建物1車位0,八層,9,華廈(10層含以下有電梯),住家用,鋼筋混凝土造,0821230,41.72,1,0,1,有,有,有,6370,153,,0.0,0,台南市社會住宅包租代管 第四期計畫公會版；水、電費由承租人負擔，租金已扣除管理費  630  元。續租案件；,RPXNMLRJMHLGFKD17CC,獨立套房,有,1150415~1160414,有,冷氣、熱水器、洗衣機,社會住宅代管
永康區,租賃房屋,臺南市永康區永安路１０５巷４６弄２０號六樓之一,0.0,,,,1150319,土地0建物1車位0,六層,7,華廈(10層含以下有電梯),住家用,鋼筋混凝土造,0830423,108.72999999999999,3,2,2,有,有,有,13500,124,,0.0,0,台南市社會住宅包租代管第5期計畫中央版租金依照租金水準區間表評定,RPPOMLRJMHLGFKD09CC,整棟(戶)出租,有,1150401~1180331,有,冷氣、熱水器、冰箱,社會住宅包租轉租
永康區,租賃房屋,臺南市永康區中華路７巷２０弄３６號十七樓之１,0.0,,,,1150310,土地0建物1車位0,十七層,17,住宅大樓(11層含以上有電梯),住家用,鋼筋混凝土造,0840407,115.64,3,2,2,有,有,有,21000,182,,0.0,0,參加公會版住宅包租代管四期計畫租金總額含管理費；,RPQOMLRJMHLGFKD56CC,整棟(戶)出租,有,1150310~1160309,有,冷氣、熱水器、洗衣機、電視機、冰箱、瓦斯或天然氣,社會住宅代管
新營區,租賃房屋,臺南市新營區新進路３７號１０樓之２,0.0,,,,1150331,土地0建物1車位0,十層,12,住宅大樓(11層含以上有電梯),住家用,鋼筋混凝土造,0850304,128.54,3,2,2,有,有,無,13000,101,,0.0,0,,RPPNMLRJMHLGFDD38DC,整棟(戶)出租,無,1150401~1160331,有,冷氣、熱水器、瓦斯或天然氣,一般包租
安平區,租賃房屋,臺南市安平區育平路７０號三樓之６,0.0,,,,1150323,土地0建物1車位0,三層,14,住宅大樓(11層含以上有電梯),集合住宅,鋼筋混凝土構造,1021125,91.6,2,2,1,有,有,有,18000,197,,0.0,0,台南市社會住宅包租代管第5期計畫中央版租金依照租金水準區間表評定,RPPNMLSJMHLGFAD08CC,整棟(戶)出租,有,1150331~1180330,有,冷氣、熱水器、瓦斯或天然氣,社會住宅包租轉租
北區,租賃房屋,臺南市北區開元路９０巷２１號５F之２,0.0,,,,1150330,土地0建物1車位0,五層,5,公寓(5樓含以下無電梯),住家用,鋼筋混凝土造,0720817,98.11999999999999,3,2,2,有,無,有,25000,255,,0.0,0,多人共同承租3；,RPQNMLSJMHLGFAD18CC,整棟(戶)出租,無,1150329~1150928,無,冷氣、熱水器、洗衣機、瓦斯或天然氣、網路,
中西區,租賃房屋,臺南市中西區中山路９０號六樓之９,0.0,,,,1150401,土地0建物1車位0,六層,12,住宅大樓(11層含以上有電梯),住商用,鋼筋混凝土造,0671026,63.31,1,1,1,有,有,有,12000,190,,0.0,0,多人共同承租2；租金總額含管理費；,RPRNMLSJMHLGFAD28CC,獨立套房,有,1150401~1191031,有,冷氣、熱水器、洗衣機、冰箱,一般轉租
北區,租賃房屋+車位,臺南市北區文成三路３０５號十四樓之１,0.0,,,,1150326,土地0建物1車位1,十四層,14,住宅大樓(11層含以上有電梯),集合住宅,鋼筋混凝土構造,1100623,159.74,3,2,2,有,有,有,30761,193,坡道平面,16.61,0,租金已扣除所得稅3500元及二代健保739元,RPSNMLSJMHLGFAD38CC,整棟(戶)出租,有,1150401~1160331,有,冷氣、熱水器、洗衣機、電視機、冰箱、瓦斯或天然氣,
北區,租賃房屋,臺南市北區公園南路３７０巷７號,0.0,,,,1150401,土地0建物1車位0,見其他登記事項,23,住宅大樓(11層含以上有電梯),住商用,鋼筋混凝土造,0890406,135.69,1,1,2,有,有,無,13138,97,,0.0,0,1樓為店面使用，本租金含稅租金總額含管理費；,RPTNMLSJMHLGFAD48CC,整棟(戶)出租,有,1150401~1160814,有,,一般轉租
北區,租賃房屋,臺南市北區公園南路３７０巷９號,0.0,,,,1150401,土地0建物1車位0,見其他登記事項,23,住宅大樓(11層含以上有電梯),住商用,鋼筋混凝土造,0890406,135.20999999999998,1,1,2,有,有,無,13738,102,,0.0,0,1樓為店面使用，本租金含稅租金總額含管理費；,RPUNMLSJMHLGFAD58CC,整棟(戶)出租,有,1150401~1170430,有,,一般轉租
中西區,租賃房屋,臺南市中西區正興街１８號七樓之１３,0.0,,,,1150401,土地0建物1車位0,七層,7,華廈(10層含以下有電梯),住家用,鋼筋混凝土造,0800729,27.54,1,1,1,有,有,有,8000,290,,0.0,0,租金總額含管理費；網路費；續租案件；,RPVNMLSJMHLGFAD68CC,獨立套房,無,1150401~1160331,有,冷氣、熱水器、洗衣機、電視機、冰箱、網路,一般代管
安平區,租賃房屋,臺南市安平區建平十七街１６５號七樓之８,0.0,,,,1150316,土地0建物1車位0,七層,12,住宅大樓(11層含以上有電梯),住家用,鋼筋混凝土造,0841121,33.849999999999994,1,0,1,有,有,有,8500,251,,0.0,0,台南市社會住宅包租代管公會版增辦第4期續租案件；,RPWNMLSJMHLGFAD78CC,獨立套房,有,1150316~1151214,有,冷氣、熱水器、洗衣機、冰箱,社會住宅代管
中西區,租賃房屋,臺南市中西區西門路一段４６６號二樓之３,0.0,,,,1150316,土地0建物1車位0,二層,7,華廈(10層含以下有電梯),住家用,鋼筋混凝土造,0700605,63.41,2,1,1,有,有,有,16000,252,,0.0,0,台南市社會住宅包租代管公會版增辦第4期續租案件；,RPXNMLSJMHLGFAD88CC,整棟(戶)出租,有,1150405~1160404,有,冷氣、熱水器、洗衣機、冰箱,社會住宅代管
北區,租賃房屋,臺南市北區公園南路３７０巷１１號,0.0,,,,1150401,土地0建物1車位0,見其他登記事項,23,住宅大樓(11層含以上有電梯),住商用,鋼筋混凝土造,0890406,120.33,1,1,2,有,有,無,13138,109,,0.0,0,1樓為店面使用，本租金含稅租金總額含管理費；,RPOOMLSJMHLGFAD08CC,整棟(戶)出租,有,1150401~1160731,有,,一般轉租
北區,租賃房屋,臺南市北區公園南路３７０巷１３號,0.0,,,,1150401,土地0建物1車位0,見其他登記事項,23,住宅大樓(11層含以上有電梯),住商用,鋼筋混凝土造,0890406,150.06,1,1,2,有,有,無,13138,88,,0.0,0,1樓為店面使用，本租金含稅租金總額含管理費；,RPPOMLSJMHLGFAD18CC,整棟(戶)出租,有,1150401~1160831,有,,一般轉租
北區,租賃房屋,臺南市北區公園南路３７０巷１５號,0.0,,,,1150401,土地0建物1車位0,見其他登記事項,23,住宅大樓(11層含以上有電梯),住商用,鋼筋混凝土造,0890406,135.93,1,1,2,有,有,無,13138,97,,0.0,0,1樓為店面使用，本租金含稅租金總額含管理費；,RPQOMLSJMHLGFAD28CC,整棟(戶)出租,有,1150401~1160814,有,,一般轉租
北區,租賃房屋,臺南市北區公園南路３７０巷１７號,0.0,,,,1150401,土地0建物1車位0,見其他登記事項,23,住宅大樓(11層含以上有電梯),住商用,鋼筋混凝土造,0890406,135.45,1,1,2,有,有,無,13138,97,,0.0,0,1樓為店面使用，本租金含稅租金總額含管理費；,RPROMLSJMHLGFAD38CC,整棟(戶)出租,有,1150401~1160814,有,,一般轉租
北區,租賃房屋,臺南市北區公園南路３７０巷１９號,0.0,,,,1150401,土地0建物1車位0,見其他登記事項,23,住宅大樓(11層含以上有電梯),住商用,鋼筋混凝土造,0890406,116.38000000000001,1,1,2,有,有,無,13738,118,,0.0,0,1樓為店面使用，本租金含稅租金總額含管理費；,RPSOMLSJMHLGFAD48CC,整棟(戶)出租,有,1150401~1170805,有,,一般轉租
北區,租賃房屋,臺南市北區南園街１０１巷３４弄９５號,0.0,,,,1150402,土地0建物1車位0,全,2,透天厝,住家用,加強磚造,0631106,73.8,5,2,1,有,無,無,13000,176,,0.0,0,,RPTOMLSJMHLGFAD58CC,整棟(戶)出租,無,1150405~1180404,無,熱水器,
中西區,租賃房屋,臺南市中西區南門路４６之２號,0.0,,,,1150408,土地0建物1車位0,見其他登記事項,4,店面(店鋪),住商用,鋼筋混凝土造,0721108,108.56,2,1,1,有,無,無,26000,239,,0.0,0,免租金裝潢期自115年4月8日起至115年5月7日止。,RPUOMLSJMHLGFAD68CC,,無,1150408~1200407,無,,
北區,租賃房屋,臺南市北區臨安路二段２６８號,0.0,,,,1150401,土地0建物1車位0,見其他登記事項,23,住宅大樓(11層含以上有電梯),店舖、集合住宅,鋼筋混凝土造,0890406,147.47,1,1,2,有,有,無,33600,228,,0.0,0,1樓為店面使用，本租金含稅租金總額含管理費；,RPVOMLSJMHLGFAD78CC,整棟(戶)出租,有,1150401~1160614,有,,一般轉租
北區,租賃房屋+車位,臺南市北區長榮路五段４１巷４０號９樓之５,0.0,,,,1150327,土地0建物1車位1,九層,14,住宅大樓(11層含以上有電梯),集合住宅,鋼筋混凝土造,0920916,168.76999999999998,3,2,2,有,有,有,24000,142,坡道平面,0.0,0,租金總額含管理費；續租案件；,RPWOMLSJMHLGFAD88CC,整棟(戶)出租,有,1150401~1160331,有,冷氣、熱水器、洗衣機、冰箱、瓦斯或天然氣,一般代管
北區,租賃房屋,臺南市北區臨安路二段２５２號,0.0,,,,1150401,土地0建物1車位0,見其他登記事項,23,住宅大樓(11層含以上有電梯),店舖、集合住宅,鋼筋混凝土造,0890406,142.14,1,1,2,有,有,無,32000,225,,0.0,0,1樓為店面使用，本租金含稅租金總額含管理費；,RPXOMLSJMHLGFAD98CC,整棟(戶)出租,有,1150401~1170531,有,,一般轉租
安南區,租賃房屋,臺南市安南區安中路一段７００巷２８之１號,0.0,,,,1150403,土地0建物1車位0,二層,4,公寓(5樓含以下無電梯),集合住宅,鋼筋混凝土造,0700907,100.82000000000001,3,2,2,有,無,無,12000,119,,0.0,0,,RPPNMLSJMHLGFBD18CC,整棟(戶)出租,無,1150501~1180430,無,,
安南區,租賃房屋,臺南市安南區府安路五段１５７巷３９號,0.0,,,,1150328,土地0建物0車位0,全,2,透天厝,住商用,加強磚造,0700703,28.0,6,6,6,有,無,有,13000,464,,0.0,0,多人共同承租2；租金總額含水費；網路費；含增建或未登記建物；續租案件；,RPQNMLSJMHLGFBD28CC,分租套房,無,1150328~1160330,無,冷氣、熱水器、洗衣機、電視機、冰箱、網路,一般代管
安南區,租賃房屋,臺南市安南區安昌街７６號,0.0,,,,1150317,土地0建物0車位0,四層,4,華廈(10層含以下有電梯),住宅，停車空間,鋼筋混凝土造,1030704,12.97,21,0,21,有,無,有,6300,486,,0.0,0,租金總額含水費；網路費；其他有線電視或MOD、機車位；租賃建物部分範圍，且未計入共有部分面積；續租案件；,RPRNMLSJMHLGFBD38CC,分租套房,無,1150501~1160430,有,冷氣、熱水器、電視機、冰箱、有線電視、網路,一般代管
安南區,租賃房屋,臺南市安南區惠安街１０５號,0.0,,,,1150315,土地0建物1車位0,全,2,透天厝,住家用,加強磚造,0691129,90.4,5,2,3,有,無,有,20000,221,,0.0,0,台南市社會住宅包租代管增辦第4期計畫公會版租金依照租金水準區間表評定,RPSNMLSJMHLGFBD48CC,整棟(戶)出租,無,1150320~1160319,無,熱水器,社會住宅代管
東區,租賃房屋,臺南市東區莊敬路８１巷１弄８號,0.0,,,,1150403,土地0建物0車位0,全,2,透天厝,住家用,加強磚造,0681204,82.0,6,0,6,有,無,有,4500,55,,0.0,0,,RPPNMLSJMHLGFCD28CC,分租套房,無,1150410~1160409,無,冷氣、熱水器、網路,
南區,租賃房屋,臺南市南區金華路二段３９７號,0.0,,,,1150401,土地0建物0車位0,全,3,透天厝,住商用,加強磚造,0620220,25.0,6,0,7,有,無,有,10500,420,,0.0,0,含增建或未登記建物；,RPQNMLSJMHLGFCD38CC,分租套房,無,1150511~1160510,無,冷氣、熱水器、洗衣機、電視機、冰箱、有線電視、網路,一般轉租
東區,租賃房屋,臺南市東區崇明路４８４號,0.0,,,,1150324,土地0建物0車位0,全,4,透天厝,住商用,鋼筋混凝土造,0741122,29.58,11,11,11,有,無,有,13000,439,,0.0,0,租金總額含水費；網路費；含增建或未登記建物；,RPRNMLSJMHLGFCD48CC,分租套房,無,1150324~1160324,無,冷氣、熱水器、洗衣機、電視機、冰箱、網路,一般轉租
東區,租賃房屋,臺南市東區崇明十二街８號,0.0,,,,1150406,土地0建物0車位0,全,2,透天厝,住商用,加強磚造,0750403,25.6,4,4,4,有,無,有,13000,508,,0.0,0,多人共同承租2；租金總額含水費；網路費；含增建或未登記建物；續租案件；,RPSNMLSJMHLGFCD58CC,分租套房,無,1150406~1160409,無,冷氣、熱水器、洗衣機、電視機、冰箱、網路,一般代管
東區,租賃房屋,臺南市東區崇明十二街８號,0.0,,,,1150401,土地0建物0車位0,全,2,透天厝,住商用,加強磚造,0750403,30.6,4,4,4,有,無,有,13000,425,,0.0,0,租金總額含水費；網路費；含增建或未登記建物；續租案件；,RPTNMLSJMHLGFCD68CC,分租套房,無,1150401~1160331,無,冷氣、熱水器、洗衣機、電視機、冰箱、網路,一般代管
東區,租賃房屋,臺南市東區光明街６０巷２９號,0.0,,,,1150408,土地0建物0車位0,全,3,透天厝,住商用,鋼筋混凝土造,0700123,12.6,8,1,8,有,無,有,6000,476,,0.0,0,租金總額含水費；網路費；含增建或未登記建物；續租案件；,RPUNMLSJMHLGFCD78CC,分租套房,無,1150408~1160408,無,冷氣、熱水器、洗衣機、電視機、冰箱、網路,一般代管
東區,租賃房屋,臺南市東區建東街１３號四樓,0.0,,,,1150312,土地0建物1車位0,四層,5,公寓(5樓含以下無電梯),住家用,鋼筋混凝土造,0830510,53.26,1,1,1,有,有,有,9500,178,,0.0,0,參加公會版住宅包租代管四期計畫租金總額含管理費；續租案件；,RPVNMLSJMHLGFCD88CC,獨立套房,無,1150315~1160314,無,冷氣、熱水器、洗衣機、冰箱、瓦斯或天然氣,社會住宅代管
東區,租賃房屋,臺南市東區崇學路１３１號三樓之１,0.0,,,,1150402,土地0建物1車位0,三層,16,住宅大樓(11層含以上有電梯),住家用,鋼筋混凝土造,0860508,196.71999999999997,3,1,2,有,有,有,23440,119,,0.0,0,台南市社會住宅包租代管第4期計畫。管理費2560元由出租人負擔續租案件；,RPWNMLSJMHLGFCD98CC,整棟(戶)出租,有,1150410~1160409,有,冷氣、熱水器、洗衣機、電視機、冰箱、瓦斯或天然氣,社會住宅代管
東區,租賃房屋,臺南市東區立德十路２１號三樓,0.0,,,,1150312,土地0建物1車位0,三層,9,華廈(10層含以下有電梯),住家用,鋼筋混凝土造,0811222,108.67999999999999,3,2,2,有,有,有,15000,138,,0.0,0,國家住宅及都市更新中心社會住宅包租代管中央版第五期計畫,RPXNMLSJMHLGFCD09CC,整棟(戶)出租,有,1150501~1180430,有,冷氣、熱水器、瓦斯或天然氣,社會住宅包租轉租
東區,租賃房屋,臺南市東區大同路二段６０１號二十二樓之４,0.0,,,,1150314,土地0建物1車位0,二十二層,24,住宅大樓(11層含以上有電梯),集合住宅,鋼筋混凝土造,0840107,85.03,2,2,2,有,有,有,15000,176,,0.0,0,台南市社會住宅包租代管公會版增辦第4期續租案件；,RPOOMLSJMHLGFCD28CC,整棟(戶)出租,有,1150316~1160315,有,冷氣、熱水器、洗衣機、電視機、冰箱,社會住宅代管
東區,租賃房屋,臺南市東區崇仁街６６巷１６號八樓,0.0,,,,1150315,土地0建物1車位0,八層,14,住宅大樓(11層含以上有電梯),住家用,鋼筋混凝土造,0990507,98.50999999999999,3,2,2,有,有,有,21000,213,,0.0,0,台南市社會住宅包租代管公會版增辦第4期租金總額含管理費；續租案件；,RPPOMLSJMHLGFCD38CC,整棟(戶)出租,有,1150315~1160314,有,冷氣、熱水器、洗衣機、電視機、冰箱、瓦斯或天然氣,社會住宅代管
東區,租賃房屋,臺南市東區東寧路１３４巷３５號,0.0,,,,1150320,土地0建物0車位0,全,5,透天厝,住家用,鋼筋混凝土造,0780830,14.87,47,1,47,有,無,有,5600,377,,0.0,0,租金總額含網路費；,RPQOMLSJMHLGFCD48CC,分租套房,無,1150320~1150819,無,冷氣、熱水器、網路,一般轉租
東區,租賃房屋,臺南市東區崇慶街一段９２號十五樓之８,0.0,,,,1150316,土地0建物1車位0,十五層,15,住宅大樓(11層含以上有電梯),集合住宅,鋼筋混凝土造,1130816,95.65,2,2,1,有,有,有,20000,209,,0.0,0,台南市社會住宅包租代管公會版增辦第4期多人共同承租2；未租賃車位，建物登記含有車位面積；續租案件；,RPROMLSJMHLGFCD58CC,整棟(戶)出租,有,1150321~1160320,有,冷氣、熱水器、洗衣機、冰箱,社會住宅代管
東區,租賃房屋,臺南市東區東安路１２巷２５之３號,0.0,,,,1150317,土地0建物1車位0,四層,5,公寓(5樓含以下無電梯),住家用,鋼筋混凝土造,0720317,94.87,3,2,2,有,無,無,13000,137,,0.0,0,參加國家住宅及都市更新中心辦理社會住宅包租代管第四期計畫公會版續租案件；,RPTOMLSJMHLGFCD78CC,整棟(戶)出租,無,1150517~1160516,無,熱水器,社會住宅代管
南區,租賃房屋,臺南市南區聖南街１０５號四樓之２,0.0,,,,1150330,土地0建物1車位0,四層,5,公寓(5樓含以下無電梯),住家用,鋼筋混凝土造,0750516,32.93,1,0,1,有,無,有,8500,258,,0.0,0,台南市社會住宅包租代管公會版增辦第4期續租案件；,RPUOMLSJMHLGFCD88CC,獨立套房,無,1150401~1160331,無,冷氣、熱水器、洗衣機、電視機、冰箱,社會住宅代管
東區,租賃房屋,臺南市東區德東街５號,0.0,,,,1150317,土地0建物1車位0,全,3,透天厝,住商用,鋼筋混凝土造,0701013,134.06,4,3,3,有,無,有,20000,149,,0.0,0,參加國家住宅及都市更新中心辦理社會住宅包租代管第五期計畫中央版續租案件；,RPVOMLSJMHLGFCD98CC,整棟(戶)出租,無,1150507~1160506,無,冷氣、熱水器,社會住宅代管
東區,租賃房屋,臺南市東區光華街３４號五樓,0.0,,,,1150317,土地0建物1車位0,五層,9,華廈(10層含以下有電梯),住家用,鋼筋混凝土造,0831111,127.57,3,2,2,有,有,有,21200,166,,0.0,0,參加國家住宅及都市更新中心辦理社會住宅包租代管增辦第四期計畫公會版續租案件；,RPWOMLSJMHLGFCD09CC,整棟(戶)出租,有,1150505~1160504,有,冷氣、熱水器、洗衣機、冰箱、瓦斯或天然氣,社會住宅代管
西港區,土地,西港堡段450地號,80.73,農,,,1150407,土地1建物0車位0,,,其他,,,,0.0,0,0,0,無,無,無,3000,37,,0.0,0,,RPPNMLSJMHLGFGD68CC,,,1150407~1200406,,,
佳里區,租賃房屋+車位,臺南市佳里區佳西路４８９巷１１號３樓之１,0.0,,,,1150319,土地0建物1車位1,三層,5,華廈(10層含以下有電梯),集合住宅,鋼筋混凝土造,1140731,104.27000000000001,3,1,2,有,有,有,15000,154,一樓平面,13.44,1000,參加國家住宅及都市更新中心辦理社會住宅包租代管第五期計畫中央版,RPQNMLSJMHLGFGD78CC,整棟(戶)出租,有,1150401~1160331,有,冷氣、熱水器、冰箱,社會住宅代管
佳里區,租賃房屋,臺南市佳里區長安街７８之１號九樓之２,0.0,,,,1150310,土地0建物1車位0,九層,12,住宅大樓(11層含以上有電梯),住家用,鋼筋混凝土造,0830207,118.13999999999999,3,2,2,有,有,有,10500,89,,0.0,0,?參加公會版住宅包租代管五期計畫,RPRNMLSJMHLGFGD88CC,整棟(戶)出租,有,1150310~1160731,有,冷氣、熱水器、瓦斯或天然氣,社會住宅包租轉租
安定區,租賃房屋,臺南市安定區蘇厝３２７之１０號,0.0,,,,1150402,土地0建物0車位0,全,4,透天厝,住家用,鋼筋混凝土造,0850103,18.0,8,0,8,有,無,無,6500,361,,0.0,0,,RPPNMLSJMHLGFHD78CC,分租套房,無,1150402~1160401,無,冷氣、冰箱,
善化區,租賃房屋,臺南市善化區茄拔３１之１號六樓之５,0.0,,,,1150326,土地0建物1車位0,六層,9,華廈(10層含以下有電梯),集合住宅,鋼筋混凝土造,1140625,98.39,2,2,1,有,有,無,17000,173,,0.0,0,台南市社會住宅包租代管第5期計畫中央版租金依照租金水準區間表評定未租賃車位，建物登記含有車位面積；,RPQNMLSJMHLGFHD88CC,整棟(戶)出租,有,1150401~1180331,有,冷氣、熱水器、冰箱,社會住宅包租轉租
安定區,租賃房屋,臺南市安定區保西路４１４號,0.0,,,,1150407,土地0建物0車位0,全,3,透天厝,住家用,鋼筋混凝土造,0730919,36.6,7,7,7,有,無,有,12000,328,,0.0,0,多人共同承租2；租金總額含水費；網路費；含增建或未登記建物；續租案件；,RPRNMLSJMHLGFHD98CC,分租套房,無,1150407~1160407,無,冷氣、熱水器、洗衣機、電視機、冰箱、網路,一般代管
安定區,租賃房屋+車位,臺南市安定區保西路４１４號,0.0,,,,1150401,土地0建物0車位1,全,3,透天厝,住家用,鋼筋混凝土造,0730919,26.6,7,7,7,有,無,有,11000,414,一樓平面,0.0,1500,租金總額含水費；網路費；含增建或未登記建物；續租案件；,RPSNMLSJMHLGFHD09CC,分租套房,無,1150401~1160331,無,冷氣、熱水器、洗衣機、電視機、冰箱、網路,一般代管
善化區,租賃房屋,臺南市善化區牛庄５５０-２號,0.0,,,,1150407,土地0建物0車位0,全,4,透天厝,住家用,鋼筋混凝土造,1041015,23.14,7,0,7,有,無,有,7000,303,,0.0,0,,RPTNMLSJMHLGFHD56CC,分租套房,無,1150501~1160430,無,冷氣、熱水器、洗衣機、電視機、冰箱、有線電視、網路,一般代管
善化區,租賃房屋,臺南市善化區牛庄５５０-１號,0.0,,,,1150407,土地0建物0車位0,全,4,透天厝,住家用,鋼筋混凝土造,1041015,23.14,7,0,7,有,無,有,7000,303,,0.0,0,,RPUNMLSJMHLGFHD66CC,分租套房,無,1150501~1151031,無,冷氣、熱水器、洗衣機、電視機、冰箱、有線電視、網路,一般代管
仁德區,租賃房屋,臺南市仁德區文賢路二段１５巷１８弄１７號７樓之２,0.0,,,,1150407,土地0建物0車位0,七層,10,華廈(10層含以下有電梯),住家用,鋼筋混凝土造,0920910,14.88,5,2,5,有,無,有,8500,571,,0.0,0,文賢709房租金總額含水費；網路費；其他垃圾代收費；租賃建物部分範圍，且未計入共有部分面積；續租案件；,RPPNMLSJMHLGFID88CC,分租套房,無,1150505~1160504,有,冷氣、熱水器、洗衣機、電視機、冰箱、網路,一般轉租
仁德區,租賃房屋,臺南市仁德區中正路一段２５１巷２５弄３１號,0.0,,,,1150328,土地0建物0車位0,全,5,透天厝,住宅、停車空間,鋼筋混凝土構造,1060930,18.31,17,1,17,有,無,有,7000,382,,0.0,0,租金總額含水費；網路費；,RPQNMLSJMHLGFID98CC,分租套房,無,1150328~1160329,有,冷氣、熱水器、洗衣機、電視機、冰箱、網路,一般代管
關廟區,租賃房屋,臺南市關廟區埤頭里保東路１１５巷４０號,0.0,,,,1150402,土地0建物1車位0,全,4,透天厝,住家用,鋼筋混凝土造,0840519,161.48,4,2,3,有,無,有,8000,50,,0.0,0,台南市社會住宅包租代管第4期計畫。續租案件；,RPRNMLSJMHLGFID09CC,整棟(戶)出租,無,1150405~1160404,無,冷氣、熱水器、洗衣機、冰箱、瓦斯或天然氣,社會住宅包租轉租
歸仁區,租賃房屋,臺南市歸仁區高發二路３１５號一樓之１,0.0,,,,1150316,土地0建物1車位0,一層,13,住宅大樓(11層含以上有電梯),集合住宅,鋼筋混凝土構造,1120113,147.84,3,2,2,有,有,有,21000,142,,0.0,0,台南市社會住宅包租代管公會版增辦第4期租金總額含管理費；未租賃車位，建物登記含有車位面積；續租案件；,RPSNMLSJMHLGFID56CC,整棟(戶)出租,有,1150501~1160430,有,冷氣、熱水器、洗衣機、冰箱、瓦斯或天然氣,社會住宅代管
歸仁區,租賃房屋,臺南市歸仁區高發二路３１３號三樓之２,0.0,,,,1150326,土地0建物1車位0,三層,13,住宅大樓(11層含以上有電梯),集合住宅,鋼筋混凝土構造,1120113,109.83,2,2,2,有,有,有,15000,137,,0.0,0,台南市社會住宅包租代管公會版增辦第4期未租賃車位，建物登記含有車位面積；,RPTNMLSJMHLGFID66CC,整棟(戶)出租,有,1150401~1160331,有,冷氣、熱水器、洗衣機、電視機、冰箱,社會住宅代管
永康區,租賃房屋,臺南市永康區鹽州里鹽忠街１１８號４樓之２０,0.0,,,,1150331,土地0建物1車位0,四層,8,華廈(10層含以下有電梯),辦公室,鋼筋混凝土造,0950918,18.17,1,0,1,有,有,有,4300,237,,0.0,0,含增建或未登記建物；,RPPNMLSJMHLGFKD09CC,獨立套房,有,1150401~1160331,有,冷氣、熱水器、電視機、冰箱、網路,一般代管
永康區,租賃房屋,臺南市永康區鹽州里鹽忠街１１８號６樓之１２,0.0,,,,1150331,土地0建物1車位0,六層,8,華廈(10層含以下有電梯),辦公室,鋼筋混凝土造,0950918,17.259999999999998,1,0,1,有,有,有,4300,249,,0.0,0,含增建或未登記建物；續租案件；,RPQNMLSJMHLGFKD56CC,獨立套房,有,1150418~1151017,有,冷氣、熱水器、電視機、冰箱、網路,一般代管
永康區,租賃房屋,臺南市永康區復華里復國一路４７５巷２８號三樓之２３,0.0,,,,1150401,土地0建物1車位0,三層,5,華廈(10層含以下有電梯),住家用,鋼筋混凝土構造,1070402,13.61,1,0,1,有,有,有,4350,320,,0.0,0,含增建或未登記建物；,RPRNMLSJMHLGFKD66CC,獨立套房,有,1150413~1151012,有,冷氣、熱水器、電視機、冰箱、網路,一般代管
永康區,租賃房屋+車位,臺南市永康區永二街３９６之２１號,0.0,,,,1150401,土地0建物1車位1,六層,8,華廈(10層含以下有電梯),住家用,鋼筋混凝土造,0821006,84.99000000000001,2,2,2,有,無,無,16500,194,一樓平面,0.0,0,1.契約書未約定土地租賃標的。2.由所有權人提供出租資訊。3.租金包含管理費每月500元。租金總額含管理費；續租案件；,RPTNMLSJMHLGFKD86CC,整棟(戶)出租,無,1150404~1160403,有,熱水器、洗衣機、冰箱、瓦斯或天然氣,一般代管
永康區,租賃房屋,臺南市永康區自強路６６５號,0.0,,,,1150407,土地0建物0車位0,全,4,透天厝,店舖，住宅，停車空間,鋼筋混凝土構造,1000307,54.28,6,1,6,有,無,有,14000,258,,0.0,0,1.契約書未約定土地租賃標的。2.由所有權人提供出租資訊。多人共同承租2；租金總額含水費；網路費；其他第四台；,RPUNMLSJMHLGFKD96CC,分租套房,無,1150415~1160414,無,冷氣、熱水器、洗衣機、電視機、冰箱、有線電視、網路,
永康區,租賃房屋,臺南市永康區中正七街２５巷８號,0.0,,,,1150330,土地0建物0車位0,全,5,透天厝,住家用,鋼筋混凝土造,0990120,23.47,27,0,27,有,無,有,6800,290,,0.0,0,租賃建物部分範圍，且未計入共有部分面積；,RPVNMLSJMHLGFKD07CC,分租套房,無,1150401~1160331,無,冷氣、熱水器、洗衣機、電視機、冰箱、有線電視,一般代管
永康區,租賃房屋,臺南市永康區復國一路３６５號,0.0,,,,1150408,土地0建物0車位0,全,4,透天厝,住商用,鋼筋混凝土造,0980605,18.6,3,1,3,有,無,有,9000,484,,0.0,0,多人共同承租2；租金總額含水費；網路費；含增建或未登記建物；續租案件；,RPWNMLSJMHLGFKD17CC,分租套房,無,1150408~1160409,無,冷氣、熱水器、洗衣機、電視機、冰箱、網路,一般代管
永康區,租賃房屋,臺南市永康區復華八街５１巷３９號６樓之６,0.0,,,,1150401,土地0建物1車位0,六層,10,華廈(10層含以下有電梯),住家用,鋼筋混凝土造,0850426,23.45,1,1,1,有,有,有,6000,256,,0.0,0,租金總額含管理費；其他第四台；續租案件；,RPXNMLSJMHLGFKD27CC,獨立套房,有,1150401~1160331,有,冷氣、熱水器、電視機、冰箱、有線電視,一般代管
永康區,租賃房屋,臺南市永康區?行里中正七街８８巷１號,0.0,,,,1150331,土地0建物0車位0,全,4,透天厝,住家用,鋼筋混凝土造,0940527,22.73,8,0,8,有,無,有,5000,220,,0.0,0,租金總額含水費；租賃建物部分範圍，且未計入共有部分面積；續租案件；,RPPOMLSJMHLGFKD56CC,分租套房,無,1150501~1160430,無,冷氣、洗衣機、冰箱、有線電視,一般代管
永康區,租賃房屋,臺南市永康區成功路１７６號７樓之５,0.0,,,,1150406,土地0建物1車位0,七層,7,華廈(10層含以下有電梯),住家用,鋼筋混凝土造,0800130,27.76,1,1,1,有,無,有,9000,324,,0.0,0,租金總額含網路費；,RPROMLSJMHLGFKD76CC,獨立套房,無,1150406~1160406,有,冷氣、熱水器、洗衣機、電視機、冰箱、網路,一般代管
永康區,租賃房屋+車位,臺南市永康區中華路７２７巷９２號九樓之３,0.0,,,,1150320,土地0建物1車位1,九層,14,住宅大樓(11層含以上有電梯),住家用,鋼筋混凝土造,0880824,88.38,1,1,1,有,有,有,10000,113,升降機械,9.85,0,參加公會版住宅包租代管四期計畫租金總額含管理費；續租案件；,RPSOMLSJMHLGFKD86CC,獨立套房,有,1150320~1160319,有,冷氣、熱水器、洗衣機、冰箱、瓦斯或天然氣,社會住宅代管
永康區,租賃房屋,臺南市永康區南工街３１１巷４３弄１號,0.0,,,,1150403,土地0建物0車位0,全,3,透天厝,住家用,鋼筋混凝土造,0740417,20.0,7,0,7,有,無,有,6000,300,,0.0,0,租金總額含水費；,RPTOMLSJMHLGFKD96CC,分租套房,無,1150403~1160402,無,冷氣、熱水器,一般代管
永康區,租賃房屋,臺南市永康區勝學路２６０巷１８號七樓之５,0.0,,,,1150331,土地0建物1車位0,七層,12,住宅大樓(11層含以上有電梯),一般事務所,鋼筋混凝土造,0880426,83.07000000000001,1,1,1,有,有,有,16370,197,,0.0,0,此為國家住宅及都市更新中心社會住宅包租代管第5期計畫。管理費1130元由出租人負擔續租案件；,RPUOMLSJMHLGFKD07CC,獨立套房,有,1150407~1160406,有,冷氣、熱水器、洗衣機、電視機、冰箱、瓦斯或天然氣,社會住宅代管
永康區,租賃房屋,臺南市永康區五王里中山東路１４６號三樓之５,0.0,,,,1150401,土地0建物1車位0,三層,11,住宅大樓(11層含以上有電梯),住家用,鋼筋混凝土造,0900110,47.459999999999994,2,1,2,有,有,有,15000,316,,0.0,0,此為國家住宅及都市更新中心社會住宅包租代管第5期計畫。,RPVOMLSJMHLGFKD17CC,整棟(戶)出租,有,1150402~1160401,有,冷氣、熱水器、洗衣機、電視機、冰箱、瓦斯或天然氣,社會住宅包租轉租
永康區,租賃房屋,臺南市永康區新民街１６巷２６號,0.0,,,,1150317,土地0建物0車位0,全,4,透天厝,住家用,鋼筋混凝土造,0971030,14.52,8,0,8,有,無,有,4700,324,,0.0,0,租金總額含網路費；其他有線電視或MOD；續租案件；,RPXOMLSJMHLGFKD37CC,分租套房,無,1150401~1160331,無,冷氣、熱水器、電視機、冰箱、有線電視、網路,一般代管
永康區,租賃房屋,臺南市永康區永大路二段１５２６巷２弄２號十二樓之２,0.0,,,,1150326,土地0建物1車位0,十二層,14,住宅大樓(11層含以上有電梯),住家用,鋼筋混凝土造,0840511,68.55,2,1,1,有,有,有,15000,219,,0.0,0,台南市社會住宅包租代管公會版增辦第4期續租案件；,RPOPMLSJMHLGFKD56CC,整棟(戶)出租,有,1150401~1160331,有,冷氣、熱水器、洗衣機、電視機、冰箱,社會住宅代管
永康區,租賃房屋,臺南市永康區勝利里勝利街２巷５０號,0.0,,,,1150316,土地0建物1車位0,全,2,透天厝,住家用,加強磚造,0701223,97.44,4,2,3,有,無,有,14000,144,,0.0,0,台南市社會住宅包租代管增辦第4期計畫公會版租金依照租金水準區間表評定續租案件；,RPPPMLSJMHLGFKD66CC,整棟(戶)出租,無,1150320~1160319,無,冷氣、熱水器、電視機、冰箱,社會住宅代管
永康區,租賃房屋,臺南市永康區新民街３號,0.0,,,,1150319,土地0建物0車位0,全,4,透天厝,店舖，住宅,鋼筋混凝土造,1020205,28.57,6,0,6,有,無,有,7700,270,,0.0,0,多人共同承租2；租金總額含網路費；其他有線電視或MOD；續租案件；,RPQPMLSJMHLGFKD76CC,分租套房,無,1150601~1160531,無,冷氣、熱水器、洗衣機、電視機、冰箱、有線電視、網路,一般代管
永康區,租賃房屋,臺南市永康區忠孝一路８５號十四樓之３,0.0,,,,1150330,土地0建物1車位0,十四層,15,住宅大樓(11層含以上有電梯),集合住宅,鋼筋混凝土造,1120920,121.6,2,1,1,有,有,有,20000,164,,0.0,0,台南市社會住宅包租代管公會版增辦第4期未租賃車位，建物登記含有車位面積；續租案件；,RPRPMLSJMHLGFKD86CC,整棟(戶)出租,有,1150401~1160331,有,冷氣、熱水器、洗衣機、電視機、冰箱、瓦斯或天然氣,社會住宅代管
永康區,租賃房屋,臺南市永康區永華路５０３號三樓之７,0.0,,,,1150319,土地0建物0車位0,三層,3,華廈(10層含以下有電梯),住家用,鋼筋混凝土構造,1040518,20.98,38,0,38,有,無,有,6150,293,,0.0,0,租金總額含網路費；其他有線電視或MOD；租賃建物部分範圍，且未計入共有部分面積；續租案件；,RPSPMLSJMHLGFKD96CC,分租套房,無,1150401~1160331,有,冷氣、熱水器、洗衣機、電視機、冰箱、有線電視、網路,一般代管
永康區,租賃房屋,臺南市永康區仁愛街１０８巷７１弄６號,0.0,,,,1150319,土地0建物0車位0,全,4,透天厝,住家用,鋼筋混凝土構造,1020925,24.94,8,0,8,有,無,有,7400,297,,0.0,0,租金總額含網路費；續租案件；,RPTPMLSJMHLGFKD07CC,分租套房,無,1150501~1160430,無,冷氣、熱水器、洗衣機、電視機、冰箱、網路,一般代管
永康區,租賃房屋,臺南市永康區仁愛街１０８巷７１弄６號,0.0,,,,1150323,土地0建物0車位0,全,4,透天厝,住家用,鋼筋混凝土構造,1020925,24.74,8,0,8,有,無,有,6500,263,,0.0,0,租金總額含網路費；續租案件；,RPUPMLSJMHLGFKD17CC,分租套房,無,1150401~1150731,無,冷氣、熱水器、洗衣機、電視機、冰箱、網路,一般代管
永康區,租賃房屋,臺南市永康區五福街１８５號五樓之３,0.0,,,,1150331,土地0建物1車位0,五層,7,華廈(10層含以下有電梯),住家用,鋼筋混凝土造,0830519,116.99000000000001,4,0,3,有,有,有,18000,154,,0.0,0,多人共同承租2；租金總額含管理費；網路費；其他有線電視或MOD；續租案件；,RPVPMLSJMHLGFKD27CC,整棟(戶)出租,有,1150401~1150430,有,冷氣、熱水器、洗衣機、電視機、冰箱、有線電視、網路,一般代管
北區,租賃房屋,臺南市北區開元路５１７號１７樓之２,0.0,,,,1150325,土地0建物1車位0,十七層,24,住宅大樓(11層含以上有電梯),集合住宅,鋼筋混凝土構造,1041105,78.53,2,1,1,有,有,有,17000,216,,0.0,0,多人共同承租3；租金總額含管理費；,RPPNMLTJMHLGFAD18CC,整棟(戶)出租,有,1150401~1160331,有,冷氣、熱水器、洗衣機、電視機、冰箱、瓦斯或天然氣,一般代管
北區,租賃房屋,臺南市北區公園路５８７之３１號二樓,0.0,,,,1150407,土地0建物1車位0,二層,5,公寓(5樓含以下無電梯),住家用,鋼筋混凝土造,0780410,65.02,1,1,1,有,有,有,13000,200,,0.0,0,台南市社會住宅包租代管 第五期計畫 中央版；水、電費由承租人負擔，管理費900元不包含在租金由承租人負擔。,RPQNMLTJMHLGFAD28CC,獨立套房,有,1150413~1160412,無,冷氣、熱水器、洗衣機、電視機、冰箱,社會住宅代管
北區,租賃房屋,臺南市北區裕民街６９巷７號三樓之５,0.0,,,,1150320,土地0建物1車位0,三層,5,公寓(5樓含以下無電梯),住家用,鋼筋混凝土造,0800830,26.32,1,0,1,有,無,有,7300,277,,0.0,0,國家住宅及都市更新中心社會住宅包租代管中央版第五期計畫,RPRNMLTJMHLGFAD38CC,獨立套房,無,1150320~1160319,無,冷氣、熱水器、洗衣機、冰箱,社會住宅代管
中西區,租賃房屋,臺南市中西區中西區民族路二段８４號,0.0,,,,1150320,土地0建物2車位0,見其他登記事項,2,店面(店鋪),住商用,鋼造,0701118,361.95,4,2,3,有,無,無,180000,497,,0.0,0,租金總額含稅；含有多個門牌且未個別計算租金民族路二段84號、86號；租賃期間有約定不同租金115年05月01日至116年02月28日止，每月租金為18萬元整。116年03月01日至118年02月28日止，每月租金為20萬元整。118年03月01日至121年02月29日止，每月租金為20萬6000元整。121年03月01日至124年02月28日止，每月租金為21萬3210元整。124年03月01日至127年02月28日止，每月租金為22萬0672元整。；,RPTNMLTJMHLGFAD58CC,,無,1150501~1270228,無,,
北區,租賃房屋,臺南市北區文賢路１１２２巷９４弄１８號,0.0,,,,1150330,土地0建物1車位0,全,3,透天厝,住商用,鋼筋混凝土造,0821211,129.33,4,2,3,有,無,有,25000,193,,0.0,0,多人共同承租2；,RPVNMLTJMHLGFAD78CC,整棟(戶)出租,無,1150401~1180331,無,冷氣、熱水器,
中西區,租賃房屋,臺南市中西區成功路４０１號,0.0,,,,1150331,土地0建物1車位0,全,5,透天厝,住商用,鋼筋混凝土造,0740222,43.82,5,6,5,有,無,有,13500,308,,0.0,0,租金總額含水費；網路費；,RPWNMLTJMHLGFAD88CC,分層出租,無,1150401~1160331,無,冷氣、熱水器、洗衣機、電視機、冰箱、網路,
安平區,租賃房屋,臺南市安平區安北路１６巷８號,0.0,,,,1150407,土地0建物1車位0,全,2,透天厝,住商用,加強磚造,0621221,144.96,4,2,2,有,無,有,22000,152,,0.0,0,此為台南市社會住宅包租代管第4期計畫。續租案件；,RPXNMLTJMHLGFAD98CC,整棟(戶)出租,無,1150425~1160424,無,冷氣、熱水器、瓦斯或天然氣,社會住宅代管
中西區,租賃房屋,臺南市中西區大同路一段４６巷５０號３樓之５,0.0,,,,1150408,土地0建物1車位0,三層,5,華廈(10層含以下有電梯),集合住宅,鋼筋混凝土造,0870706,32.94,1,0,1,有,有,有,16500,501,,0.0,0,租金含機車位一個承租人負擔管理費1600元/月租金總額含網路費；其他第四台；,RPOOMLTJMHLGFAD18CC,獨立套房,無,1150415~1160414,有,冷氣、熱水器、洗衣機、電視機、冰箱、有線電視、網路,一般代管
中西區,租賃房屋,臺南市中西區和美街５１巷２０號,0.0,,,,1150321,土地0建物0車位0,全,3,透天厝,住家用,鋼筋混凝土造,0821106,18.18,4,2,5,有,無,有,5500,303,,0.0,0,1.契約書未約定土地租賃標的。2.由所有權人提供租屋資訊。3.整編後門牌：台南市中西區文祥街131號。租金總額含水費；,RPPOMLTJMHLGFAD28CC,分租套房,無,1150325~1160324,無,冷氣、熱水器、洗衣機、冰箱,
安平區,租賃房屋,臺南市安平區健康二街３９０號,0.0,,,,1150405,土地0建物0車位0,全,5,透天厝,住商用,鋼筋混凝土造,0810716,26.45,10,0,10,有,無,有,8000,302,,0.0,0,租金總額含網路費；,RPQOMLTJMHLGFAD38CC,分租套房,無,1150406~1160405,有,冷氣、熱水器、洗衣機、電視機、冰箱、網路,一般代管
中西區,租賃房屋,臺南市中西區忠義路二段９１號四樓,0.0,,,,1150406,土地0建物0車位0,全,4,透天厝,住家用,鋼筋混凝土造,0750623,39.67,12,1,14,有,無,有,8000,202,,0.0,0,租金總額含網路費；續租案件；,RPROMLTJMHLGFAD48CC,分租套房,無,1150501~1160430,無,冷氣、熱水器、洗衣機、冰箱、網路,一般代管
中西區,租賃房屋,臺南市中西區民生路一段１６７號７樓之２,0.0,,,,1150406,土地0建物0車位0,七層,10,華廈(10層含以下有電梯),住家用,鋼筋混凝土造,0740320,50.209999999999994,3,0,3,有,有,有,9000,179,,0.0,0,租金總額含管理費；水費；,RPSOMLTJMHLGFAD58CC,分租套房,有,1150407~1160406,有,冷氣、熱水器、洗衣機、冰箱,
安平區,租賃房屋+車位,臺南市安平區國平北路１３７號十五樓之６,0.0,,,,1150402,土地0建物1車位1,十五層,34,住宅大樓(11層含以上有電梯),集合住宅,鋼骨鋼筋混凝土造、鋼筋混凝土造,1140415,107.96000000000001,2,2,1,有,有,無,19000,176,坡道平面,27.92,0,多人共同承租2；租金總額含管理費；,RPTOMLTJMHLGFAD68CC,整棟(戶)出租,有,1150405~1160404,有,冷氣、洗衣機、冰箱,
安平區,租賃房屋,臺南市安平區府前四街１４７號,120.64,住,,,1150401,土地1建物1車位0,全,4,透天厝,店舖、住宅,鋼筋混凝土構造,1110513,324.96,0,5,6,有,無,無,90000,277,,0.0,0,租金總額含稅；租賃期間有約定不同租金1.裝修期租金：民國115年4月1日至民國115年5月31日，期間每月租金減半，每月租金為45000元整。2.民國115年6月1日起至118年3月31日止，每月租金新台幣90000元整。3.民國118年4月1日起至120年3月31日止，每月租金新台幣95000元整。上開租金內含10%租賃所得稅及健康保險補充保費。；,RPUOMLTJMHLGFAD78CC,,無,1150401~1200331,有,冷氣、瓦斯或天然氣,
中西區,租賃房屋,臺南市中西區大同路一段２３２號,0.0,,,,1150330,土地0建物1車位0,見其他登記事項,1,店面(店鋪),住商用,鐵骨石棉瓦,0660328,165.87,0,2,2,有,無,無,120000,723,,0.0,0,租金總額含稅；含增建或未登記建物；租賃期間有約定不同租金115年4月1日至115年5月31日為裝潢期，不收租金，期間水電費用由租客承擔。115年6月1日至119年5月31日承租人每月租金為新台幣壹拾貳萬元整含稅119年6月1日至122年5月31日承租人每月租金為新台幣壹拾?萬元整含稅122年6月1日至125年5月31日承租人每月租金為新台幣壹拾肆萬元整含稅；,RPVOMLTJMHLGFAD88CC,,無,1150401~1250531,無,,
中西區,租賃房屋,臺南市中西區民生路二段３０５號十樓之２,0.0,,,,1150408,土地0建物1車位0,十層,12,住宅大樓(11層含以上有電梯),住家用,鋼筋混凝土造,0860118,29.87,1,0,1,有,有,有,6000,201,,0.0,0,,RPWOMLTJMHLGFAD98CC,獨立套房,有,1150410~1160409,有,冷氣、熱水器、洗衣機、電視機、冰箱,
北區,租賃房屋,臺南市北區開元路６４之５號,0.0,,,,1150407,土地0建物1車位0,一層,4,店面(店鋪),住商用,鋼筋混凝土造,0700703,78.0,0,1,1,有,無,無,17800,228,,0.0,0,建物登記簿謄本所載全棟建物面積為325.33平方公尺， 僅租賃一層61.8平方公尺，騎樓16.2平方公尺，合計面積為78平方公尺。115年4月7日起至115年5月14日只為免收租金期，作為裝修期間使用。,RPXOMLTJMHLGFAD09CC,,無,1150515~1210514,無,,
安平區,租賃房屋,臺南市安平區健康三街１８７巷３９號,0.0,,,,1150312,土地0建物0車位0,全,5,透天厝,住宅、停車空間,鋼筋混凝土構造,1110831,25.93,18,0,19,有,無,有,9900,382,,0.0,0,403室續租案件；,RPOPMLTJMHLGFAD28CC,分租套房,無,1150315~1160314,有,冷氣、熱水器、洗衣機、電視機、冰箱、有線電視、網路,一般代管
北區,租賃房屋,臺南市北區開元路６４之５號,0.0,,,,1150407,土地0建物1車位0,全,4,透天厝,住商用,鋼筋混凝土造,0700703,222.6,5,2,3,有,無,無,19200,86,,0.0,0,建物登記簿謄本所載為2-4層樓獨棟建物， 各層之面積各為74.2平方公尺，合計面積為222.6平方公尺。115年4月7日起至115年5月14日只為免收租金期，作為裝修期間使用。,RPPPMLTJMHLGFAD38CC,分層出租,無,1150515~1210514,無,,
中西區,租賃房屋,臺南市中西區北門路一段５１巷１３號四樓之２０,0.0,,,,1150321,土地0建物1車位0,四層,6,華廈(10層含以下有電梯),住家用,鋼筋混凝土造,0790917,32.23,1,1,1,有,有,有,9000,279,,0.0,0,參加國家住宅及都市更新中心辦理社會住宅包租代管增辦第四期計畫公會版租金總額含管理費；續租案件；,RPQPMLTJMHLGFAD48CC,獨立套房,有,1150505~1160504,有,冷氣、熱水器、洗衣機、電視機、冰箱,社會住宅代管
安平區,租賃房屋,臺南市安平區國平北路１４７號十四樓之９,0.0,,,,1150324,土地0建物1車位0,十四層,34,住宅大樓(11層含以上有電梯),集合住宅,鋼骨鋼筋混凝土造、鋼筋混凝土造,1140415,79.15,2,2,1,有,有,有,17300,219,,0.0,0,台南市社會住宅包租代管第5期計畫中央版租金依照租金水準區間表評定,RPRPMLTJMHLGFAD58CC,整棟(戶)出租,有,1150401~1180331,有,冷氣、熱水器、洗衣機、電視機、冰箱,社會住宅包租轉租
北區,租賃房屋,臺南市北區勝利路４６７巷８號,0.0,,,,1150323,土地0建物0車位0,全,5,透天厝,住宅、停車空間,ＲＣ造,0950124,13.8,48,0,48,有,有,有,10800,783,,0.0,0,,RPSPMLTJMHLGFAD68CC,分租套房,有,1150323~1160331,有,冷氣、熱水器、洗衣機、電視機、冰箱、有線電視、網路,一般轉租
安南區,租賃房屋,臺南市安南區北安路二段４９３號四樓之２,0.0,,,,1150325,土地0建物1車位0,四層,15,住宅大樓(11層含以上有電梯),集合住宅,鋼筋混凝土造,1120911,118.66,2,2,1,有,有,有,15000,126,,0.0,0,國家住宅及都市更新中心社會住宅包租代管中央版第五期計畫未租賃車位，建物登記含有車位面積；,RPPNMLTJMHLGFBD28CC,整棟(戶)出租,有,1150325~1160324,有,冷氣、熱水器、洗衣機、電視機、冰箱、瓦斯或天然氣,社會住宅代管
安南區,租賃房屋,臺南市安南區政安路２９號,0.0,,,,1150328,土地0建物1車位0,見其他登記事項,1,廠辦,辦公室．廠房,鐵骨造　,0860819,221.0,0,2,2,有,無,無,70000,317,,0.0,0,,RPQNMLTJMHLGFBD38CC,,無,1150401~1200331,無,,
東區,租賃房屋,臺南市東區大同路二段６１巷１０９號３樓,0.0,,,,1150404,土地0建物0車位0,三層,5,華廈(10層含以下有電梯),住家用,鋼筋混凝土造,0791218,14.87,5,0,5,有,無,有,5000,336,,0.0,0,,RPQNMLTJMHLGFCD48CC,分租套房,無,1150405~1160404,有,冷氣,
東區,租賃房屋,臺南市東區裕敬路１２２號,0.0,,,,1150328,土地0建物1車位0,全,4,透天厝,停車空間、住宅,鋼筋混凝土造,0931123,193.48,4,1,4,有,無,有,20000,103,,0.0,0,,RPSNMLTJMHLGFCD68CC,整棟(戶)出租,無,1150410~1160409,無,熱水器、電視機、冰箱、瓦斯或天然氣,
東區,租賃房屋,臺南市東區崇善一街９３號七樓之２,0.0,,,,1150402,土地0建物1車位0,七層,14,住宅大樓(11層含以上有電梯),住家用,鋼筋混凝土造,0820501,78.78,1,2,1,有,有,有,12000,152,,0.0,0,台南市不動產租賃公會民間住宅包租代管第5期計畫。續租案件；,RPTNMLTJMHLGFCD78CC,整棟(戶)出租,有,1150403~1160402,有,冷氣、熱水器、洗衣機、瓦斯或天然氣,社會住宅包租轉租
東區,租賃房屋,臺南市東區大同路二段６１巷１６號５F-１,0.0,,,,1150407,土地0建物0車位0,五層,16,住宅大樓(11層含以上有電梯),住家用,鋼筋混凝土造,0831216,110.16999999999999,5,0,1,有,有,有,8000,73,,0.0,0,租金總額含管理費；瓦斯費；網路費；,RPVNMLTJMHLGFCD98CC,分租套房,有,1150407~1160406,有,冷氣、熱水器、電視機、有線電視、網路,
南區,租賃房屋,臺南市南區健康路二段４３７號,0.0,,,,1150407,土地0建物0車位0,全,4,透天厝,店舖、住宅,鋼筋混凝土造,0700715,25.0,10,0,10,有,無,有,9500,380,,0.0,0,租金總額含網路費；,RPWNMLTJMHLGFCD09CC,分租套房,無,1150515~1160514,有,冷氣、熱水器、洗衣機、電視機、冰箱、網路,
東區,租賃房屋,臺南市東區中華東路二段１８５巷１４號十一樓,0.0,,,,1150401,土地0建物1車位0,十一層,20,住宅大樓(11層含以上有電梯),住家用,鋼筋混凝土造,0841106,134.55,3,2,2,有,有,有,19000,141,,0.0,0,續租案件；,RPXNMLTJMHLGFCD56CC,整棟(戶)出租,有,1150601~1170531,有,冷氣、熱水器、洗衣機、電視機、冰箱、瓦斯或天然氣,一般轉租
東區,租賃房屋+車位,臺南市東區崇明三街１４號６樓,0.0,,,,1150323,土地0建物1車位1,六層,6,華廈(10層含以下有電梯),住家用,鋼筋混凝土造,0791024,114.1,3,2,1,有,有,有,16000,140,升降平面,0.0,0,其他一個機車車位；,RPOOMLTJMHLGFCD38CC,整棟(戶)出租,無,1150401~1160331,有,冷氣、熱水器、瓦斯或天然氣,
南區,租賃房屋,臺南市南區大同路二段１８６巷１１號７樓之５,0.0,,,,1150323,土地0建物1車位0,七層,13,住宅大樓(11層含以上有電梯),集合住宅,鋼筋混凝土造,0881021,138.32,4,1,2,有,有,有,16000,116,,0.0,0,多人共同承租4；,RPPOMLTJMHLGFCD48CC,整棟(戶)出租,有,1150701~1160630,有,冷氣、熱水器、洗衣機、冰箱,
東區,租賃房屋,臺南市東區長榮路３段３０巷３號,0.0,,,,1150321,土地0建物0車位0,全,2,透天厝,住家用,加強磚造,0561005,15.99,8,8,8,有,無,有,13000,813,,0.0,0,多人共同承租2；租金總額含水費；網路費；含增建或未登記建物；,RPQOMLTJMHLGFCD58CC,分租套房,無,1150321~1160321,有,冷氣、熱水器、洗衣機、電視機、冰箱、網路,一般代管
東區,租賃房屋,臺南市東區長榮路３段３０巷５號,0.0,,,,1150316,土地0建物0車位0,全,2,透天厝,住家用,加強磚造,0561005,15.99,12,12,12,有,無,有,13000,813,,0.0,0,多人共同承租2；租金總額含水費；網路費；含增建或未登記建物；續租案件；,RPROMLTJMHLGFCD68CC,分租套房,無,1150316~1160316,有,冷氣、熱水器、洗衣機、電視機、冰箱、網路,一般代管
東區,租賃房屋,臺南市東區長榮路３段３０巷５號,0.0,,,,1150328,土地0建物0車位0,全,2,透天厝,住家用,加強磚造,0561005,15.99,12,12,12,有,無,有,13000,813,,0.0,0,多人共同承租2；租金總額含水費；網路費；含增建或未登記建物；續租案件；,RPSOMLTJMHLGFCD78CC,分租套房,無,1150328~1160328,有,冷氣、熱水器、洗衣機、電視機、冰箱、網路,一般代管
東區,租賃房屋,臺南市東區裕豐街１６３巷４５號,0.0,,,,1150322,土地0建物0車位0,全,2,透天厝,住家用,加強磚造,0630425,16.5,6,1,6,有,無,有,7500,455,,0.0,0,租金總額含水費；網路費；含增建或未登記建物；續租案件；,RPTOMLTJMHLGFCD88CC,分租套房,無,1150322~1160322,無,冷氣、熱水器、洗衣機、電視機、冰箱、網路,一般代管
新營區,租賃房屋,臺南市新營區新北六街５巷６號五樓,0.0,,,,1150407,土地0建物1車位0,五層,6,華廈(10層含以下有電梯),住家用,鋼筋混凝土造,0830302,73.67,2,2,1,有,有,有,12400,168,,0.0,0,此為台南市社會住宅包租代管第4期計畫。管理費600元由出租人負擔。續租案件；,RPPNMLTJMHLGFDD48CC,整棟(戶)出租,有,1150412~1160411,有,冷氣、熱水器、洗衣機、電視機、冰箱、瓦斯或天然氣,社會住宅包租轉租
新營區,租賃房屋,臺南市新營區三民路４６之５２號,0.0,,,,1150401,土地0建物1車位0,六層,7,華廈(10層含以下有電梯),住家用,鋼筋混凝土造,0710227,90.54,3,2,1,有,有,有,12000,133,,0.0,0,參加國家住宅及都市更新中心辦理社會住宅包租代管第五期計畫中央版,RPQNMLTJMHLGFDD58CC,整棟(戶)出租,無,1150401~1160331,有,冷氣、熱水器、洗衣機、電視機、冰箱,社會住宅代管
新營區,租賃房屋,臺南市新營區復興路１０-１號,0.0,,,,1150405,土地0建物0車位0,全,2,透天厝,住宅,木石磚造,0460701,21.5,6,1,7,有,無,有,12000,558,,0.0,0,多人共同承租2；租金總額含網路費；含增建或未登記建物；,RPRNMLTJMHLGFDD68CC,分租套房,無,1150405~1160404,無,冷氣、熱水器、洗衣機、電視機、冰箱、網路,
七股區,租賃房屋,臺南市七股區台潭２６之５０號,0.0,,,,1150403,土地0建物1車位0,全,3,透天厝,住家用,鋼筋混凝土造,1091230,140.79,4,1,3,有,無,有,24000,170,,0.0,0,1.契約書未約定土地租賃標的。2.由所有權人提供租屋資訊,RPPNMLTJMHLGFGD78CC,整棟(戶)出租,無,1150410~1160409,無,冷氣、熱水器、瓦斯或天然氣,
新市區,租賃房屋,臺南市新市區仁愛街１４號,0.0,,,,1150402,土地0建物0車位0,全,4,透天厝,住商用,鋼筋混凝土造,0830326,37.49,6,1,7,有,無,有,10000,267,,0.0,0,租金總額含網路費；含增建或未登記建物；,RPPNMLTJMHLGFHD88CC,分租套房,無,1150402~1160401,無,冷氣、洗衣機、電視機、冰箱、網路,
安定區,租賃房屋,臺南市安定區港口２５３之１１６號,0.0,,,,1150327,土地0建物1車位0,全,3,透天厝,住宅，樓梯間,鋼筋混凝土造,1040817,137.41,4,1,4,有,無,有,23000,167,,0.0,0,國家住宅及都市更新中心社會住宅包租代管中央版第五期計畫,RPQNMLTJMHLGFHD98CC,整棟(戶)出租,無,1150401~1160331,無,冷氣、熱水器、洗衣機、電視機、冰箱,社會住宅代管
善化區,租賃房屋,臺南市善化區成功路３巷２２弄２號七樓之７,0.0,,,,1150401,土地0建物1車位0,七層,10,華廈(10層含以下有電梯),集合住宅,鋼筋混凝土造,1140116,148.61,2,2,1,有,有,有,22000,148,,0.0,0,國家住宅及都市更新中心社會住宅包租代管中央版第五期計畫租金總額含管理費；未租賃車位，建物登記含有車位面積；,RPRNMLTJMHLGFHD09CC,整棟(戶)出租,有,1150401~1180331,有,冷氣、熱水器、洗衣機、冰箱,社會住宅代管
新市區,租賃房屋+車位,臺南市新市區中正路９２巷１０號３樓之１,0.0,,,,1150408,土地0建物1車位1,三層,8,華廈(10層含以下有電梯),住家用,鋼筋混凝土造,0830806,135.35,3,2,2,有,有,有,16200,120,坡道平面,10.87,0,續租案件；,RPTNMLTJMHLGFHD66CC,整棟(戶)出租,有,1150405~1160404,有,冷氣、熱水器、洗衣機、冰箱,
新市區,租賃房屋,臺南市新市區豐華４７-１７號,101.0,住,,,1150403,土地1建物1車位0,全,3,透天厝,住家用,R.C造鋼鐵造,0791116,153.83,4,2,3,有,無,無,22000,143,,0.0,0,,RPUNMLTJMHLGFHD76CC,整棟(戶)出租,無,1150410~1200409,無,冷氣,
新市區,租賃房屋,臺南市新市區社內１９６之３號,0.0,,,,1150406,土地0建物0車位0,全,3,透天厝,住家用,鋼筋混凝土造,1021202,18.0,8,0,8,有,無,有,4000,222,,0.0,0,租金總額含管理費；水費；網路費；續租案件；,RPVNMLTJMHLGFHD86CC,分租套房,無,1150402~1160401,無,冷氣、熱水器、洗衣機、電視機、冰箱、網路,一般轉租
仁德區,租賃房屋,臺南市仁德區保安里中正路一段１１６巷２弄１４號,0.0,,,,1150315,土地0建物1車位0,全,4,透天厝,住家用,鋼筋混凝土造,0881111,155.72,5,1,2,有,無,有,23000,148,,0.0,0,1.契約書未約定土地租賃標的。,RPPNMLTJMHLGFID98CC,整棟(戶)出租,無,1150320~1170319,無,冷氣、熱水器、冰箱,
關廟區,租賃房屋,臺南市關廟區北新一街１號二樓之６,0.0,,,,1150407,土地0建物1車位0,二層,14,住宅大樓(11層含以上有電梯),集合住宅,鋼筋混凝土造,1130930,77.93,2,1,1,有,有,有,13500,173,,0.0,0,此為台南市社會住宅包租代管第4期計畫。管理費1500元由出租人負擔。多人共同承租2；續租案件；,RPQNMLTJMHLGFID09CC,整棟(戶)出租,有,1150409~1160408,有,冷氣、熱水器、洗衣機、電視機、冰箱、瓦斯或天然氣,社會住宅包租轉租
歸仁區,土地,媽祖廟段二小段287-2地號,4961.0,,特定農業區,農牧用地,1150403,土地4建物0車位0,,,其他,,,,0.0,0,0,0,無,無,無,60000,12,,0.0,0,287地號為部份面積出租,RPRNMLTJMHLGFID56CC,,,1150410~1170409,,,
仁德區,租賃房屋,臺南市仁德區仁義六街２５號二樓之１,0.0,,,,1150321,土地0建物1車位0,二層,6,華廈(10層含以下有電梯),住家用,鋼筋混凝土造,0811127,78.15,2,2,1,有,有,有,14000,179,,0.0,0,參加國家住宅及都市更新中心辦理社會住宅包租代管第五期計畫中央版租金總額含管理費；續租案件；,RPSNMLTJMHLGFID66CC,整棟(戶)出租,無,1150510~1160509,有,冷氣、熱水器、洗衣機、電視機、冰箱,社會住宅代管
歸仁區,租賃房屋+車位,臺南市歸仁區歸仁七路２１８號１３樓之７,0.0,,,,1150315,土地0建物1車位1,十三層,15,住宅大樓(11層含以上有電梯),集合住宅,鋼筋混凝土造,1121208,154.11,3,2,2,有,有,有,25031,162,坡道平面,26.88,0,租金總額含管理費；其他公共基金；,RPTNMLTJMHLGFID76CC,整棟(戶)出租,有,1150319~1160318,有,冷氣、熱水器、瓦斯或天然氣,
歸仁區,租賃房屋+車位,臺南市歸仁區高鐵大道３５號３樓５,0.0,,,,1150403,土地0建物1車位1,三層,17,住宅大樓(11層含以上有電梯),集合住宅,鋼筋混凝土造,1141023,140.04,3,2,2,有,有,有,22000,157,坡道平面,25.44,0,租金總額含管理費；,RPUNMLTJMHLGFID86CC,整棟(戶)出租,有,1150406~1160405,有,冷氣、熱水器、洗衣機、冰箱,
永康區,租賃房屋,臺南市永康區北興路１３７號二樓之５,0.0,,,,1150324,土地0建物1車位0,二層,5,華廈(10層含以下有電梯),集合住宅,鋼筋混凝土構造,1110627,126.41,3,2,1,有,有,有,21000,166,,0.0,0,國家住宅及都市更新中心社會住宅包租代管中央版第五期計畫,RPPNMLTJMHLGFKD56CC,整棟(戶)出租,有,1150401~1160331,有,冷氣、熱水器,社會住宅代管
永康區,租賃房屋,臺南市永康區中華路２０２之８號,0.0,,,,1150324,土地0建物2車位0,五層,16,其他,辦公室。,鋼筋混凝土造,0790317,269.04,4,1,2,有,有,無,56000,208,,0.0,0,含有多個門牌且未個別計算租金台南市永康區中華路202之9號；,RPRNMLTJMHLGFKD76CC,,有,1150324~1170323,有,冷氣、熱水器,
永康區,租賃房屋,臺南市永康區中山東路１４２號九樓之５,0.0,,,,1150326,土地0建物1車位0,九層,11,住宅大樓(11層含以上有電梯),住家用,鋼筋混凝土造,0900110,47.459999999999994,2,2,2,有,有,有,13000,274,,0.0,0,國家住宅及都市更新中心社會住宅包租代管中央版第五期計畫,RPTNMLTJMHLGFKD96CC,整棟(戶)出租,有,1150401~1160331,有,冷氣、熱水器、瓦斯或天然氣,社會住宅代管
永康區,租賃房屋+車位,臺南市永康區國華街５３號７樓之２,0.0,,,,1150328,土地0建物1車位1,七層,15,住宅大樓(11層含以上有電梯),住家用,鋼筋混凝土造,0841009,122.57,3,2,2,有,有,有,21000,171,坡道平面,0.0,0,租金總額含管理費；,RPUNMLTJMHLGFKD07CC,整棟(戶)出租,有,1150403~1160402,有,冷氣、熱水器、電視機、冰箱、瓦斯或天然氣,
永康區,租賃房屋,臺南市永康區國華街６３號十一樓之１,0.0,,,,1150319,土地0建物1車位0,十一層,15,住宅大樓(11層含以上有電梯),住家用,鋼筋混凝土造,0841009,105.19,3,2,2,有,有,有,18000,171,,0.0,0,國家住宅及都市更新中心社會住宅包租代管中央版第五期計畫多人共同承租2；租金總額含管理費；,RPVNMLTJMHLGFKD17CC,整棟(戶)出租,有,1150401~1160331,有,冷氣、熱水器、冰箱、瓦斯或天然氣,社會住宅代管
永康區,租賃房屋,臺南市永康區東橋五路１７８號五樓之６,0.0,,,,1150401,土地0建物1車位0,五層,15,住宅大樓(11層含以上有電梯),集合住宅,鋼筋混凝土構造,1120818,82.22,2,2,1,有,有,有,21000,255,,0.0,0,國家住宅及都市更新中心社會住宅包租代管中央版第五期計畫,RPWNMLTJMHLGFKD27CC,整棟(戶)出租,有,1150401~1180331,有,冷氣、熱水器、洗衣機、電視機、冰箱,社會住宅代管
永康區,租賃房屋,臺南市永康區忠孝路１５２巷１４號二樓,0.0,,,,1150402,土地0建物1車位0,二層,5,公寓(5樓含以下無電梯),集合住宅,鋼筋混凝土造,0720224,95.56,3,2,2,有,無,有,12500,131,,0.0,0,台南市不動產租賃公會民間住宅包租代管第5期計畫。續租案件；,RPXNMLTJMHLGFKD37CC,整棟(戶)出租,無,1150402~1160401,無,冷氣、熱水器、洗衣機、電視機、冰箱、瓦斯或天然氣,社會住宅代管
永康區,租賃房屋,臺南市永康區中華二路２６６巷４２號三樓之２,0.0,,,,1150407,土地0建物1車位0,三層,7,華廈(10層含以下有電梯),住家用,鋼筋混凝土造,0870602,31.46,1,1,1,有,有,有,12000,381,,0.0,0,租金總額含管理費；,RPOOMLTJMHLGFKD56CC,獨立套房,有,1150415~1160414,有,冷氣、熱水器、洗衣機、電視機、冰箱,
永康區,租賃房屋,臺南市永康區國華街９５巷１３號,0.0,,,,1150407,土地0建物1車位0,全,4,透天厝,住家用,鋼筋混凝土造,0810706,167.44,6,2,4,有,無,有,24000,143,,0.0,0,1.契約書未約定土地租賃標的。2.由所有權人提供租屋資訊續租案件；,RPPOMLTJMHLGFKD66CC,整棟(戶)出租,無,1150410~1160409,無,冷氣、熱水器、冰箱,
永康區,租賃房屋,臺南市永康區中華路５９８之７１號四樓,0.0,,,,1150319,土地0建物1車位0,四層,7,華廈(10層含以下有電梯),住家用,鋼筋混凝土造,0791203,32.08,1,0,1,有,有,有,5000,156,,0.0,0,參加國家住宅及都市更新中心辦理社會住宅包租代管第四期計畫公會版租金總額含管理費；續租案件；,RPSOMLTJMHLGFKD96CC,獨立套房,有,1150518~1160517,有,冷氣、熱水器、電視機、冰箱,社會住宅代管
永康區,租賃房屋,臺南市永康區中華路１-４０號,0.0,,,,1150312,土地0建物1車位0,九層,24,其他,辦公室。,鋼骨造,0791205,168.21,0,0,0,無,有,無,43235,257,,0.0,0,,RPTOMLTJMHLGFKD07CC,,有,1150401~1180331,有,,
永康區,租賃房屋,臺南市永康區中山南路４６７巷１５號,0.0,,,,1150326,土地0建物0車位0,全,2,透天厝,廠房、辦公室、倉庫、員工宿舍。,加強磚造,0690301,24.12,23,23,23,有,無,有,9000,373,,0.0,0,租金總額含水費；網路費；含增建或未登記建物；續租案件；,RPUOMLTJMHLGFKD17CC,分租套房,無,1150326~1160326,無,冷氣、熱水器、洗衣機、電視機、冰箱、網路,一般代管
永康區,租賃房屋,臺南市永康區中山南路４６７巷１５號,0.0,,,,1150331,土地0建物0車位0,全,2,透天厝,廠房、辦公室、倉庫、員工宿舍。,加強磚造,0690301,24.12,23,23,23,有,無,有,11000,456,,0.0,0,多人共同承租2；租金總額含水費；網路費；含增建或未登記建物；續租案件；,RPVOMLTJMHLGFKD27CC,分租套房,無,1150331~1160331,無,冷氣、熱水器、洗衣機、電視機、冰箱、網路,一般代管
永康區,租賃房屋,臺南市永康區東橋三路４９２號,0.0,,,,1150320,土地0建物1車位0,見其他登記事項,4,其他,住商用,鋼筋混凝土造,0980722,221.01,4,3,4,有,無,有,50000,226,,0.0,0,附屬設備所勾選傢俱為「沙發X1」，另有「洗碗機X1」，「汽車充電樁X1」與「1組監視器主機加3台監視器鏡頭」租金總額含稅；含增建或未登記建物；租賃期間有約定不同租金民國115/3/16~115/4/30裝潢期免租金，自115/5/1起算；,RPQNMLTJMHLGFKD76DC,,無,1150501~1170430,無,冷氣、熱水器、洗衣機、冰箱,
中西區,租賃房屋,臺南市中西區國華街二段２８號四樓之１,0.0,,,,1150401,土地0建物1車位0,四層,5,公寓(5樓含以下無電梯),住家用,鋼筋混凝土造,0740823,95.33,3,2,2,有,無,有,10000,105,,0.0,0,參加國家住宅及都市更新中心辦理社會住宅包租代管增辦第四期計畫公會版續租案件；,RPPNMLKKMHLGFAD37CC,整棟(戶)出租,無,1150501~1160430,無,冷氣、熱水器、洗衣機、電視機、冰箱、瓦斯或天然氣,社會住宅代管
北區,租賃房屋,臺南市北區勝利路４０１巷１０之３號,0.0,,,,1150409,土地0建物1車位0,四層,5,公寓(5樓含以下無電梯),住家用,鋼筋混凝土造,0730724,47.83,2,1,1,有,無,有,11500,240,,0.0,0,此為台南市社會住宅包租代管第4期計畫。,RPQNMLKKMHLGFAD47CC,整棟(戶)出租,無,1150410~1160409,無,冷氣、熱水器、洗衣機、電視機、冰箱,社會住宅包租轉租
北區,租賃房屋,臺南市北區成功路６００巷２１號之４,0.0,,,,1150409,土地0建物1車位0,一層,5,華廈(10層含以下有電梯),住家用,鋼筋混凝土造,0790707,27.599999999999998,1,0,1,有,無,有,8800,319,,0.0,0,租金總額含管理費；,RPRNMLKKMHLGFAD57CC,獨立套房,無,1150409~1160408,有,冷氣、熱水器、洗衣機、電視機、冰箱,
安平區,租賃房屋,臺南市安平區育平九街１９２巷７１號十一樓之６,0.0,,,,1150317,土地0建物1車位0,十一層,11,住宅大樓(11層含以上有電梯),住家用,鋼筋混凝土造,0830512,86.33,2,1,1,有,有,有,14800,171,,0.0,0,台南市社會住宅包租代管增辦第4期計畫公會版租金依照租金水準區間表評定多人共同承租2；續租案件；,RPSNMLKKMHLGFAD67CC,整棟(戶)出租,有,1150410~1160409,有,冷氣、熱水器、洗衣機、冰箱、瓦斯或天然氣,社會住宅代管
安平區,租賃房屋+車位,臺南市安平區國平北路１４７號二十一樓之９,0.0,,,,1150324,土地0建物1車位1,二十一層,34,住宅大樓(11層含以上有電梯),集合住宅,鋼骨鋼筋混凝土造、鋼筋混凝土造,1140415,104.57,2,1,1,有,有,有,19300,219,坡道平面,25.42,2000,台南市社會住宅包租代管 第5期計畫 中央版；水、電、網路費由承租人負擔。租金已扣除管理費1700元。多人共同承租2；,RPTNMLKKMHLGFAD77CC,整棟(戶)出租,有,1150401~1160331,有,冷氣、熱水器、洗衣機、電視機、冰箱,社會住宅包租轉租
北區,租賃房屋,臺南市北區北園街８０巷６８號三樓之６,0.0,,,,1150317,土地0建物1車位0,三層,3,公寓(5樓含以下無電梯),商業用,鋼筋混凝土造,0681214,57.45,2,2,1,有,有,有,12000,209,,0.0,0,台南市社會住宅包租代管第5期計畫中央版租金依照租金水準區間表評定,RPUNMLKKMHLGFAD87CC,整棟(戶)出租,有,1150321~1180320,無,冷氣、熱水器,社會住宅代管
中西區,租賃房屋,臺南市中西區武聖路６９巷４０弄３０號十二樓之４,0.0,,,,1150318,土地0建物1車位0,十二層,12,住宅大樓(11層含以上有電梯),住家用,鋼筋混凝土造,0831108,120.43,4,2,2,有,有,有,12000,100,,0.0,0,台南市社會住宅包租代管第5期計畫中央版租金依照租金水準區間表評定,RPVNMLKKMHLGFAD97CC,整棟(戶)出租,有,1150323~1180322,有,冷氣、熱水器、洗衣機、電視機、冰箱、瓦斯或天然氣,社會住宅代管
安平區,租賃房屋+車位,臺南市安平區國平北路１４７號１１樓之７,0.0,,,,1150324,土地0建物1車位1,十一層,34,住宅大樓(11層含以上有電梯),集合住宅,鋼骨鋼筋混凝土造、鋼筋混凝土造,1140415,92.61,2,2,1,有,有,有,22000,262,坡道機械,12.5,1000,參加國家住宅及都市更新中心辦理社會住宅包租代管第五期計畫中央版租金總額含管理費；,RPWNMLKKMHLGFAD08CC,整棟(戶)出租,有,1150410~1160409,有,冷氣、熱水器、洗衣機、電視機、冰箱,社會住宅代管
安平區,租賃房屋,臺南市安平區育平路２１２號八樓之３２,0.0,,,,1150408,土地0建物1車位0,八層,17,住宅大樓(11層含以上有電梯),住家用,鋼筋混凝土造,0840729,74.99,2,2,1,有,有,有,12690,169,,0.0,0,台南市不動產租賃公會民間住宅包租代管第5期計畫。管理費1310元由出租人負擔。,RPXNMLKKMHLGFAD18CC,整棟(戶)出租,有,1150420~1160419,有,冷氣、熱水器、瓦斯或天然氣,社會住宅包租轉租
中西區,租賃房屋,臺南市中西區忠明街３３號五樓之２,0.0,,,,1150406,土地0建物1車位0,五層,7,華廈(10層含以下有電梯),住家用,鋼筋混凝土造,0800906,25.28,1,0,1,有,無,有,7500,297,,0.0,0,台南市不動產租賃公會民間住宅包租代管第5期計畫之物件。,RPOOMLKKMHLGFAD37CC,獨立套房,有,1150410~1160409,有,冷氣、熱水器、冰箱,社會住宅代管
安平區,租賃房屋,臺南市安平區建平十七街１５７號四樓之６,0.0,,,,1150407,土地0建物1車位0,四層,13,住宅大樓(11層含以上有電梯),住家用,鋼筋混凝土造,0821213,117.12,3,1,1,有,有,有,17500,149,,0.0,0,此為台南市社會住宅包租代管第4期計畫。未租賃車位，建物登記含有車位面積；,RPPOMLKKMHLGFAD47CC,整棟(戶)出租,有,1150408~1160407,有,冷氣、熱水器、洗衣機、瓦斯或天然氣,社會住宅代管
中西區,租賃房屋,臺南市中西區西華南街２０號五樓之３,0.0,,,,1150402,土地0建物1車位0,五層,6,華廈(10層含以下有電梯),住家用,鋼筋混凝土造,0790404,23.95,1,0,1,有,有,有,5600,234,,0.0,0,台南市不動產租賃公會民間住宅包租代管第5期計畫。,RPQOMLKKMHLGFAD57CC,獨立套房,有,1150403~1160402,有,冷氣、熱水器、冰箱,社會住宅代管
安平區,租賃房屋,臺南市安平區郡平路４５４號１１樓之３,0.0,,,,1150410,土地0建物1車位0,十一層,12,住宅大樓(11層含以上有電梯),住家用,鋼筋混凝土造,0831114,84.38,3,2,1,有,有,有,17000,201,,0.0,0,租金總額含管理費；,RPROMLKKMHLGFAD67CC,整棟(戶)出租,有,1150410~1170409,有,冷氣、熱水器、洗衣機、電視機、冰箱、瓦斯或天然氣,
北區,租賃房屋+車位,臺南市北區育德二路２１３號三樓之２,0.0,,,,1150325,土地0建物1車位1,三層,13,住宅大樓(11層含以上有電梯),集合住宅,鋼筋混凝土造,1131004,109.95,2,2,2,有,有,有,25500,255,坡道平面,23.52,3500,參加國家住宅及都市更新中心辦理社會住宅包租代管增辦第四期計畫公會版,RPSOMLKKMHLGFAD77CC,整棟(戶)出租,有,1150401~1160331,有,冷氣、熱水器、洗衣機、電視機、冰箱、瓦斯或天然氣,社會住宅代管
安南區,租賃房屋,臺南市安南區功安三街４５號二樓之３,0.0,,,,1150320,土地0建物1車位0,二層,5,華廈(10層含以下有電梯),集合住宅,鋼筋混凝土造,1120420,70.25,2,2,2,有,有,有,16000,228,,0.0,0,參加國家住宅及都市更新中心辦理社會住宅包租代管第四期計畫公會版續租案件；,RPPNMLKKMHLGFBD47CC,整棟(戶)出租,無,1150419~1160418,有,冷氣、熱水器、洗衣機、電視機、冰箱,社會住宅代管
安南區,租賃房屋,臺南市安南區長和路一段３５６號,0.0,,,,1150325,土地0建物1車位0,全,4,透天厝,住家用,鋼筋混凝土造,1011105,226.55,4,2,5,有,有,無,39822,176,,0.0,0,1.契約書未約定土地租賃標的2.由出租人提供租屋資訊3.公司做為員工宿舍之使用，租金內含稅,RPRNMLKKMHLGFBD67CC,整棟(戶)出租,有,1150401~1170331,無,冷氣、熱水器、冰箱、瓦斯或天然氣,
安南區,租賃房屋+車位,臺南市安南區永續三街２６０號十一樓之３,0.0,,,,1150408,土地0建物1車位1,十一層,15,住宅大樓(11層含以上有電梯),集合住宅,鋼筋混凝土造,1100114,149.97,3,2,2,有,有,有,25000,167,坡道平面,25.6,0,租金總額含管理費；其他機車停車位1個；,RPSNMLKKMHLGFBD77CC,整棟(戶)出租,有,1150410~1160409,有,冷氣、熱水器、洗衣機、電視機、冰箱,
安南區,租賃房屋,臺南市安南區安中路四段２９０巷２９１弄２９號,0.0,,,,1150330,土地0建物1車位0,全,3,透天厝,住家用,鋼筋混凝土造,1100517,158.33,4,2,3,有,無,無,34000,215,,0.0,0,,RPTNMLKKMHLGFBD87CC,整棟(戶)出租,無,1150410~1160409,無,冷氣、熱水器、瓦斯或天然氣,
安南區,租賃房屋,臺南市安南區安和路四段３７１號,0.0,,,,1150324,土地0建物1車位0,全,4,透天厝,住商用,鋼筋混凝土造,0800204,141.14,6,2,4,有,無,無,30000,213,,0.0,0,1.契約書未約定土地租賃標的2.由出租人提供租屋資訊3.雙方協議115年3月25日至115年4月30日為免租裝潢期。,RPUNMLKKMHLGFBD97CC,,無,1150501~1170430,無,,
安南區,租賃房屋,臺南市安南區永續三街２６０號十五樓之５,0.0,,,,1150402,土地0建物1車位0,十五層,15,住宅大樓(11層含以上有電梯),集合住宅,鋼筋混凝土造,1100114,86.57,2,2,1,有,有,有,15500,179,,0.0,0,台南市政府包租代管第4期計畫之物件。,RPVNMLKKMHLGFBD08CC,整棟(戶)出租,有,1150407~1160628,有,冷氣、熱水器、洗衣機、冰箱、瓦斯或天然氣,社會住宅包租轉租
安南區,租賃房屋,臺南市安南區公學路七段１３６號,0.0,,,,1150302,土地0建物1車位0,全,4,透天厝,店舖、住宅、停車空間,鋼筋混凝土造,1120508,50.09,2,0,1,有,無,無,12500,250,,0.0,0,多人共同承租2；,RPXNMLKKMHLGFBD28CC,分層出租,無,1150315~1160314,無,冷氣、熱水器,
安南區,租賃房屋+車位,臺南市安南區義吉街１１８巷２０號４樓之３,0.0,,,,1150410,土地0建物1車位1,四層,5,華廈(10層含以下有電梯),集合住宅,鋼筋混凝土造,1071129,87.47,2,1,1,有,有,有,21500,246,一樓平面,14.95,0,管理費1500元不包含在租金由承租人負擔。,RPOOMLKKMHLGFBD47CC,整棟(戶)出租,有,1150410~1160409,有,冷氣、熱水器、洗衣機、冰箱,
安南區,租賃房屋,臺南市安南區台江大道一段８５９巷１弄５８號二樓之３,0.0,,,,1150403,土地0建物1車位0,二層,13,住宅大樓(11層含以上有電梯),集合住宅,鋼筋混凝土造,1140123,78.32,2,1,1,有,有,有,15243,195,,0.0,0,台南市不動產租賃公會民間住宅包租代管第5期計畫之物件。管理費1757元由出租人負擔。多人共同承租2；,RPPOMLKKMHLGFBD57CC,整棟(戶)出租,有,1150407~1160406,有,冷氣、熱水器、洗衣機、電視機、冰箱、瓦斯或天然氣,社會住宅包租轉租
東區,租賃房屋,臺南市東區崇學路２３０巷１４之２號,0.0,,,,1150322,土地0建物1車位0,三層,5,公寓(5樓含以下無電梯),住家用,鋼筋混凝土造,0700514,63.39,2,2,1,有,無,無,13000,205,,0.0,0,,RPPNMLKKMHLGFCD57CC,整棟(戶)出租,無,1150401~1160401,無,冷氣、熱水器、瓦斯或天然氣,
南區,租賃房屋,臺南市南區萬年七街４１０號八樓之５,0.0,,,,1150407,土地0建物1車位0,八層,15,住宅大樓(11層含以上有電梯),集合住宅,鋼筋混凝土構造,1100114,122.27000000000001,2,2,2,有,有,有,15161,124,,0.0,0,此為台南市社會住宅包租代管第4期計畫。管理費2839元由出租人負擔。續租案件；,RPRNMLKKMHLGFCD77CC,整棟(戶)出租,有,1150415~1160414,有,冷氣、熱水器、洗衣機、冰箱,社會住宅包租轉租
東區,租賃房屋,臺南市東區長榮路一段１２５號,0.0,,,,1150319,土地0建物1車位0,全,5,透天厝,店舖、住宅、停車空間。,鋼筋混凝土造,1000517,97.07,6,2,6,有,無,無,19000,196,,0.0,0,電梯維修保養費1500元/月租金總額含稅；,RPSNMLKKMHLGFCD87CC,,無,1150401~1160331,有,,
南區,租賃房屋,臺南市南區鹽埕路２９１巷９４弄９號,0.0,,,,1150408,土地0建物0車位0,全,2,透天厝,住家用,加強磚造,0671005,27.11,6,0,6,有,無,有,12500,461,,0.0,0,,RPTNMLKKMHLGFCD97CC,分租套房,無,1150408~1160407,無,冷氣、熱水器、洗衣機、電視機、冰箱,
東區,租賃房屋,臺南市東區中華東路二段１６９號九樓之２,0.0,,,,1150402,土地0建物1車位0,九層,14,住宅大樓(11層含以上有電梯),住家用,鋼筋混凝土造,0970229,41.18,1,0,1,有,有,有,10252,249,,0.0,0,台南市政府包租代管第4期計畫之物件。管理費748元由出租人負擔。,RPUNMLKKMHLGFCD08CC,獨立套房,有,1150407~1160406,有,冷氣、熱水器、洗衣機、電視機、冰箱,社會住宅代管
東區,租賃房屋+車位,臺南市東區中華東路三段３８３號十五樓之２,0.0,,,,1150331,土地0建物1車位1,十五層,20,住宅大樓(11層含以上有電梯),住家用,鋼筋混凝土造,0891128,260.27,3,2,2,有,有,有,34812,134,坡道平面,37.11,0,租金已扣除管理費3188元,RPVNMLKKMHLGFCD18CC,整棟(戶)出租,有,1150601~1170531,有,冷氣、熱水器、洗衣機、電視機、冰箱、瓦斯或天然氣,
新營區,租賃房屋+車位,臺南市新營區長榮路三段１０１巷２７號４樓之１,0.0,,,,1150402,土地0建物1車位1,四層,5,華廈(10層含以下有電梯),集合住宅,鋼筋混凝土造,1130416,100.97,3,2,2,有,有,有,28000,277,一樓平面,16.81,0,租金總額含管理費；,RPPNMLKKMHLGFDD67CC,整棟(戶)出租,有,1150403~1160402,有,冷氣、洗衣機,
新營區,租賃房屋,臺南市新營區建業路７８巷２１號５樓之３,18.51,住,,,1150326,土地2建物1車位0,五層,12,住宅大樓(11層含以上有電梯),住家用,鋼筋混凝土造,0830203,130.36,4,2,2,有,有,無,12800,98,,0.0,0,,RPQNMLKKMHLGFDD77CC,整棟(戶)出租,有,1150401~1160331,有,冷氣、熱水器、冰箱,
鹽水區,租賃房屋,臺南市鹽水區蔦松腳１４之５２號,87.0,,特定農業區,甲種建築用地,1150401,土地1建物1車位0,全,3,透天厝,住家用,鋼筋混凝土造,0820312,155.42,4,2,3,有,無,無,15000,97,,0.0,0,,RPRNMLKKMHLGFDD87CC,整棟(戶)出租,無,1150410~1160410,無,,
佳里區,租賃房屋,臺南市佳里區文化路５１號四樓之１２,0.0,,,,1150317,土地0建物1車位0,四層,5,華廈(10層含以下有電梯),集合住宅,鋼筋混凝土造,1121116,101.87,2,1,2,有,有,有,14100,138,,0.0,0,台南市社會住宅包租代管第5期計畫中央版租金依照租金水準區間表評定未租賃車位，建物登記含有車位面積；,RPPNMLKKMHLGFGD97CC,整棟(戶)出租,有,1150322~1180321,有,冷氣、熱水器、洗衣機、電視機、冰箱,社會住宅代管
佳里區,租賃房屋,臺南市佳里區番子寮１３５之８號,0.0,,,,1150402,土地0建物1車位0,全,3,透天厝,住宅（Ｈ－２）,鋼筋混凝土造,1100901,150.2,4,2,3,有,無,有,16000,107,,0.0,0,台南市不動產租賃公會民間住宅包租代管第5期計畫。,RPQNMLKKMHLGFGD08CC,整棟(戶)出租,無,1150410~1160409,無,冷氣、熱水器、洗衣機、電視機、冰箱、瓦斯或天然氣,社會住宅包租轉租
新市區,租賃房屋,臺南市新市區永華二街１６號,0.0,,,,1150324,土地0建物1車位0,一層,8,華廈(10層含以下有電梯),住家用,鋼筋混凝土造,0860825,172.82999999999998,4,2,2,有,有,有,21300,123,,0.0,0,參加國家住宅及都市更新中心辦理社會住宅包租代管增辦第四期計畫公會版未租賃車位，建物登記含有車位面積；續租案件；,RPPNMLKKMHLGFHD08CC,整棟(戶)出租,有,1150501~1160430,有,冷氣、熱水器、電視機,社會住宅代管
新化區,租賃房屋,臺南市新化區正新路３６３巷１６號９樓之１,0.0,,,,1150401,土地0建物1車位0,九層,12,住宅大樓(11層含以上有電梯),住家用,鋼筋混凝土造,0821207,109.13,3,2,2,有,有,有,15000,137,,0.0,0,,RPQNMLKKMHLGFHD18CC,整棟(戶)出租,有,1150410~1160409,有,冷氣、熱水器、洗衣機、電視機、冰箱,
安定區,租賃房屋,臺南市安定區下洲子８之２號五樓之６,0.0,,,,1150402,土地0建物1車位0,五層,7,華廈(10層含以下有電梯),集合住宅,鋼筋混凝土造,1140515,77.19999999999999,2,2,1,有,有,有,14832,192,,0.0,0,台南市不動產租賃公會民間住宅包租代管第5期計畫之物件。管理費1168元由出租人負擔。,RPRNMLKKMHLGFHD28CC,整棟(戶)出租,有,1150405~1160404,有,冷氣、熱水器、洗衣機、電視機、冰箱,社會住宅包租轉租
安定區,租賃房屋,臺南市安定區蘇厝１７６之１號 四樓之１,0.0,,,,1150312,土地0建物0車位0,一層,9,華廈(10層含以下有電梯),集合住宅,鋼筋混凝土造,1140911,23.4,2,0,2,有,有,有,11025,471,,0.0,0,租金總額含水費；網路費；租賃建物部分範圍，且未計入共有部分面積；,RPPRMLKKMHLGFHD48CC,分租套房,有,1150401~1160331,有,冷氣、熱水器、洗衣機、電視機、冰箱、有線電視、網路,一般轉租
安定區,租賃房屋,臺南市安定區蘇厝１７６之１號 四樓之１,0.0,,,,1150312,土地0建物0車位0,一層,9,華廈(10層含以下有電梯),集合住宅,鋼筋混凝土造,1140911,23.4,2,0,2,有,有,有,11025,471,,0.0,0,租金總額含水費；網路費；租賃建物部分範圍，且未計入共有部分面積；,RPQRMLKKMHLGFHD58CC,分租套房,有,1150401~1160331,有,冷氣、熱水器、洗衣機、電視機、冰箱、有線電視、網路,一般轉租
安定區,租賃房屋,臺南市安定區蘇厝１７６之１號 四樓之７,0.0,,,,1150312,土地0建物0車位0,一層,9,華廈(10層含以下有電梯),集合住宅,鋼筋混凝土造,1140911,22.72,2,0,2,有,有,有,11025,485,,0.0,0,租金總額含水費；網路費；租賃建物部分範圍，且未計入共有部分面積；,RPRRMLKKMHLGFHD68CC,分租套房,有,1150401~1160331,有,冷氣、熱水器、洗衣機、電視機、冰箱、有線電視、網路,一般轉租
安定區,租賃房屋,臺南市安定區蘇厝１７６之１號 四樓之７,0.0,,,,1150312,土地0建物0車位0,一層,9,華廈(10層含以下有電梯),集合住宅,鋼筋混凝土造,1140911,22.72,2,0,2,有,有,有,11025,485,,0.0,0,租金總額含水費；網路費；租賃建物部分範圍，且未計入共有部分面積；,RPSRMLKKMHLGFHD78CC,分租套房,有,1150401~1160331,有,冷氣、熱水器、洗衣機、電視機、冰箱、有線電視、網路,一般轉租
安定區,租賃房屋,臺南市安定區蘇厝１７６之１號 四樓之８,0.0,,,,1150312,土地0建物0車位0,一層,9,華廈(10層含以下有電梯),集合住宅,鋼筋混凝土造,1140911,21.4,2,0,2,有,有,有,11025,515,,0.0,0,租金總額含水費；網路費；租賃建物部分範圍，且未計入共有部分面積；,RPTRMLKKMHLGFHD88CC,分租套房,有,1150401~1160331,有,冷氣、熱水器、洗衣機、電視機、冰箱、有線電視、網路,一般轉租
安定區,租賃房屋,臺南市安定區蘇厝１７６之１號 四樓之８,0.0,,,,1150312,土地0建物0車位0,一層,9,華廈(10層含以下有電梯),集合住宅,鋼筋混凝土造,1140911,21.4,2,0,2,有,有,有,11025,515,,0.0,0,租金總額含水費；網路費；租賃建物部分範圍，且未計入共有部分面積；,RPURMLKKMHLGFHD98CC,分租套房,有,1150401~1160331,有,冷氣、熱水器、洗衣機、電視機、冰箱、有線電視、網路,一般轉租
安定區,租賃房屋,臺南市安定區蘇厝１７６之１號 三樓之１,0.0,,,,1150315,土地0建物0車位0,一層,9,華廈(10層含以下有電梯),集合住宅,鋼筋混凝土造,1140911,23.37,2,0,2,有,有,有,10000,428,,0.0,0,租金總額含水費；網路費；租賃建物部分範圍，且未計入共有部分面積；,RPVRMLKKMHLGFHD09CC,分租套房,有,1150325~1160531,有,冷氣、熱水器、洗衣機、電視機、冰箱、有線電視、網路,一般轉租
安定區,租賃房屋,臺南市安定區蘇厝１７６之１號 三樓之６,0.0,,,,1150316,土地0建物0車位0,一層,9,華廈(10層含以下有電梯),集合住宅,鋼筋混凝土造,1140911,22.88,2,0,2,有,有,有,12000,524,,0.0,0,租金總額含水費；網路費；租賃建物部分範圍，且未計入共有部分面積；,RPWRMLKKMHLGFHD56CC,分租套房,有,1150401~1160430,有,冷氣、熱水器、洗衣機、電視機、冰箱、有線電視、網路,一般轉租
安定區,租賃房屋,臺南市安定區蘇厝１７６之１號 三樓之７,0.0,,,,1150317,土地0建物0車位0,一層,9,華廈(10層含以下有電梯),集合住宅,鋼筋混凝土造,1140911,23.37,2,0,2,有,有,有,10000,428,,0.0,0,租金總額含水費；網路費；租賃建物部分範圍，且未計入共有部分面積；,RPXRMLKKMHLGFHD66CC,分租套房,有,1150317~1150831,有,冷氣、熱水器、洗衣機、電視機、冰箱、有線電視、網路,一般轉租
安定區,租賃房屋,臺南市安定區蘇厝１７６之１號 六樓之６,0.0,,,,1150317,土地0建物0車位0,一層,9,華廈(10層含以下有電梯),集合住宅,鋼筋混凝土造,1140911,22.88,2,0,2,有,有,有,13200,577,,0.0,0,租金總額含水費；網路費；租賃建物部分範圍，且未計入共有部分面積；,RPOSMLKKMHLGFHD48CC,分租套房,有,1150317~1160430,有,冷氣、熱水器、洗衣機、電視機、冰箱、有線電視、網路,一般轉租
安定區,租賃房屋,臺南市安定區蘇厝１７６之１號 五樓之６,0.0,,,,1150325,土地0建物0車位0,一層,9,華廈(10層含以下有電梯),集合住宅,鋼筋混凝土造,1140911,22.88,2,0,2,有,有,有,13100,573,,0.0,0,租金總額含水費；網路費；租賃建物部分範圍，且未計入共有部分面積；,RPPSMLKKMHLGFHD58CC,分租套房,有,1150401~1160430,有,冷氣、熱水器、洗衣機、電視機、冰箱、有線電視、網路,一般轉租
安定區,租賃房屋,臺南市安定區蘇厝１７６之１號 三樓之８,0.0,,,,1150326,土地0建物0車位0,一層,9,華廈(10層含以下有電梯),集合住宅,鋼筋混凝土造,1140911,21.4,2,0,2,有,有,有,10000,467,,0.0,0,租金總額含水費；網路費；租賃建物部分範圍，且未計入共有部分面積；,RPQSMLKKMHLGFHD68CC,分租套房,有,1150326~1160430,有,冷氣、熱水器、洗衣機、電視機、冰箱、有線電視、網路,一般轉租
安定區,租賃房屋,臺南市安定區蘇厝１７６之１號 二樓之６,0.0,,,,1150403,土地0建物0車位0,一層,9,華廈(10層含以下有電梯),集合住宅,鋼筋混凝土造,1140911,22.71,2,0,2,有,有,有,10700,471,,0.0,0,租金總額含水費；網路費；租賃建物部分範圍，且未計入共有部分面積；,RPRSMLKKMHLGFHD78CC,分租套房,有,1150401~1160331,有,冷氣、熱水器、洗衣機、電視機、冰箱、有線電視、網路,一般轉租
安定區,租賃房屋,臺南市安定區蘇厝１７６之１號 四樓之２,0.0,,,,1150409,土地0建物0車位0,一層,9,華廈(10層含以下有電梯),集合住宅,鋼筋混凝土造,1140911,22.87,2,0,2,有,有,有,13400,586,,0.0,0,租金總額含水費；網路費；租賃建物部分範圍，且未計入共有部分面積；,RPSSMLKKMHLGFHD88CC,分租套房,有,1150408~1150930,有,冷氣、熱水器、洗衣機、電視機、冰箱、有線電視、網路,一般轉租
安定區,租賃房屋,臺南市安定區蘇厝１７６之１號 八樓之６,0.0,,,,1150409,土地0建物0車位0,一層,9,華廈(10層含以下有電梯),集合住宅,鋼筋混凝土造,1140911,22.88,2,0,2,有,有,有,14500,634,,0.0,0,租金總額含水費；網路費；租賃建物部分範圍，且未計入共有部分面積；,RPTSMLKKMHLGFHD98CC,分租套房,有,1150407~1151031,有,冷氣、熱水器、洗衣機、電視機、冰箱、有線電視、網路,一般轉租
安定區,租賃房屋,臺南市安定區蘇厝１７６之１號 五樓之７,0.0,,,,1150409,土地0建物0車位0,一層,9,華廈(10層含以下有電梯),集合住宅,鋼筋混凝土造,1140911,22.71,2,0,2,有,有,有,12700,559,,0.0,0,多人共同承租2；租金總額含水費；網路費；,RPUSMLKKMHLGFHD09CC,分租套房,有,1150417~1160430,有,冷氣、熱水器、洗衣機、電視機、冰箱、有線電視、網路,一般轉租
安定區,租賃房屋,臺南市安定區蘇厝１７６之１號 五樓之１,0.0,,,,1150321,土地0建物0車位0,一層,9,華廈(10層含以下有電梯),集合住宅,鋼筋混凝土造,1140911,23.4,2,0,2,有,有,有,11600,496,,0.0,0,多人共同承租2；租金總額含水費；網路費；,RPVSMLKKMHLGFHD56CC,分租套房,有,1150401~1160430,有,冷氣、熱水器、洗衣機、電視機、冰箱、有線電視、網路,一般轉租
安定區,租賃房屋,臺南市安定區蘇厝１７６之１號 七樓之６,0.0,,,,1150402,土地0建物0車位0,一層,9,華廈(10層含以下有電梯),集合住宅,鋼筋混凝土造,1140911,22.88,2,0,2,有,有,有,14300,625,,0.0,0,多人共同承租2；租金總額含水費；網路費；,RPWSMLKKMHLGFHD66CC,分租套房,有,1150410~1160430,有,冷氣、熱水器、洗衣機、電視機、冰箱、有線電視、網路,一般轉租
仁德區,租賃房屋,臺南市仁德區中正西路４０２號三樓之１５,0.0,,,,1150403,土地0建物1車位0,三層,4,華廈(10層含以下有電梯),辦公室,鋼筋混凝土造,0960920,13.629999999999999,1,0,1,有,有,有,2800,205,,0.0,0,含增建或未登記建物；續租案件；,RPPNMLKKMHLGFID18CC,獨立套房,有,1150411~1160410,有,冷氣、熱水器、電視機、冰箱、網路,一般代管
仁德區,租賃房屋,臺南市仁德區中正西路３６０巷２０弄４１號一樓之２,0.0,,,,1150325,土地0建物1車位0,一層,4,華廈(10層含以下有電梯),辦公室,鋼筋混凝土造,0960920,14.149999999999999,1,0,1,有,有,有,3000,212,,0.0,0,含增建或未登記建物；續租案件；,RPQNMLKKMHLGFID28CC,獨立套房,有,1150326~1150925,有,冷氣、熱水器、電視機、冰箱、網路,一般代管
仁德區,租賃房屋,臺南市仁德區成功三街９３巷２０號,0.0,,,,1150325,土地0建物1車位0,全,2,透天厝,住家用,加強磚造,0700408,71.82,4,2,2,有,無,有,11000,153,,0.0,0,參加國家住宅及都市更新中心辦理社會住宅包租代管增辦第四期計畫公會版續租案件；,RPRNMLKKMHLGFID38CC,整棟(戶)出租,無,1150501~1160430,無,冷氣、熱水器,社會住宅代管
歸仁區,租賃房屋,臺南市歸仁區文化里大德路２２１號,0.0,,,,1150318,土地0建物1車位0,見其他登記事項,8,華廈(10層含以下有電梯),住商用,鋼筋混凝土造,0820506,149.09,3,2,2,有,有,無,13000,87,,0.0,0,台南市社會住宅包租代管第4期計畫公會版租金依照租金水準區間表評定續租案件；,RPSNMLKKMHLGFID48CC,整棟(戶)出租,有,1150325~1160324,有,冷氣、熱水器,社會住宅代管
仁德區,租賃房屋,臺南市仁德區機場路１３３２號,0.0,,,,1150408,土地0建物1車位0,一層,2,倉庫,住商用,鋼筋混凝土造,0791102,105.81,0,1,1,有,無,無,19900,,,0.0,0,,RPVNMLKKMHLGFID78CC,,無,1150425~1160424,無,冷氣,
仁德區,租賃房屋,臺南市仁德區土庫里土庫三街２１之１號,0.0,,,,1150410,土地0建物1車位0,全,4,透天厝,住商用,鋼筋混凝土造,0941012,188.57,5,2,3,有,無,無,26000,138,,0.0,0,,RPXNMLKKMHLGFID98CC,整棟(戶)出租,無,1150520~1170519,無,熱水器,
仁德區,租賃房屋+車位,臺南市仁德區和愛街２２號５樓之５,0.0,,,,1150331,土地0建物1車位1,五層,14,住宅大樓(11層含以上有電梯),住家用,鋼筋混凝土造,0990422,174.15,3,2,2,有,有,有,19000,109,坡道平面,0.0,2000,參加國家住宅及都市更新中心辦理社會住宅包租代管增辦第四期計畫公會版續租案件；,RPOOMLKKMHLGFID18CC,整棟(戶)出租,有,1150501~1160430,有,熱水器、瓦斯或天然氣,社會住宅代管
永康區,租賃房屋,臺南市永康區大橋一街５７之５號十三樓之２１,0.0,,,,1150327,土地0建物1車位0,十三層,14,住宅大樓(11層含以上有電梯),住家用,鋼筋混凝土造,0880824,34.53,1,1,1,有,有,有,8000,232,,0.0,0,,RPPNMLKKMHLGFKD38CC,獨立套房,有,1150401~1160331,有,冷氣、熱水器、洗衣機、電視機、冰箱,
永康區,租賃房屋,臺南市永康區復華里復國一路４７５巷２８號二樓之１１,0.0,,,,1150402,土地0建物1車位0,二層,5,華廈(10層含以下有電梯),住家用,鋼筋混凝土構造,1070402,13.61,1,0,1,有,有,有,4350,320,,0.0,0,含增建或未登記建物；續租案件；,RPQNMLKKMHLGFKD48CC,獨立套房,有,1150701~1151231,有,冷氣、熱水器、電視機、冰箱、網路,一般代管
永康區,租賃房屋,臺南市永康區復華里復國一路４７５巷２８號二樓之２２,0.0,,,,1150403,土地0建物1車位0,二層,5,華廈(10層含以下有電梯),住家用,鋼筋混凝土構造,1070402,13.61,1,0,1,有,有,有,4350,320,,0.0,0,含增建或未登記建物；續租案件；,RPRNMLKKMHLGFKD58CC,獨立套房,有,1150617~1151216,有,冷氣、熱水器、電視機、冰箱、網路,一般代管
永康區,租賃房屋,臺南市永康區中山南路７４之８號,0.0,,,,1150327,土地0建物1車位0,三層,5,公寓(5樓含以下無電梯),住家用,鋼筋混凝土造,0710222,106.07,3,2,2,有,有,有,15000,141,,0.0,0,1.契約書未約定土地租賃標的2.由出租人提供租屋資訊多人共同承租3；,RPTNMLKKMHLGFKD78CC,整棟(戶)出租,無,1150701~1160630,無,冷氣、熱水器、洗衣機、電視機、冰箱,
永康區,租賃房屋,臺南市永康區永平街２９２之１７號,0.0,,,,1150408,土地0建物1車位0,五層,8,華廈(10層含以下有電梯),住家用,鋼筋混凝土造,0831125,124.1,3,1,2,有,有,有,15500,125,,0.0,0,台南市不動產租賃公會民間住宅包租代管第5期計畫。未租賃車位，建物登記含有車位面積；,RPUNMLKKMHLGFKD88CC,整棟(戶)出租,有,1150422~1160421,有,冷氣、熱水器、洗衣機、冰箱、瓦斯或天然氣,社會住宅包租轉租
永康區,租賃房屋,臺南市永康區勝利里勝學路２６０巷１８號十一樓之６,0.0,,,,1150318,土地0建物1車位0,十一層,12,住宅大樓(11層含以上有電梯),一般事務所,鋼筋混凝土造,0880426,47.629999999999995,2,1,2,有,有,有,12000,252,,0.0,0,台南市社會住宅包租代管第5期計畫中央版租金依照租金水準區間表評定,RPVNMLKKMHLGFKD98CC,整棟(戶)出租,有,1150331~1180330,有,冷氣、熱水器、洗衣機、冰箱、瓦斯或天然氣,社會住宅代管
永康區,租賃房屋,臺南市永康區五王里中山東路１４８號地下一層之５,0.0,,,,1150318,土地0建物1車位0,見其他登記事項,11,住宅大樓(11層含以上有電梯),住家用,鋼筋混凝土造,0900110,51.12,2,1,2,有,有,有,13200,258,,0.0,0,台南市社會住宅包租代管第5期計畫中央版租金依照租金水準區間表評定多人共同承租2；,RPWNMLKKMHLGFKD09CC,整棟(戶)出租,有,1150331~1180330,有,冷氣、熱水器、洗衣機、冰箱、瓦斯或天然氣,社會住宅代管
永康區,租賃房屋,臺南市永康區復華三街６６號１１樓之５,0.0,,,,1150325,土地0建物1車位0,十一層,19,住宅大樓(11層含以上有電梯),住家用,鋼筋混凝土造,0840908,76.24,2,2,1,有,有,有,13500,177,,0.0,0,參加國家住宅及都市更新中心辦理社會住宅包租代管第五期計畫中央版多人共同承租2；,RPOOMLKKMHLGFKD38CC,整棟(戶)出租,有,1150401~1160331,有,冷氣、熱水器、洗衣機、電視機、冰箱,社會住宅代管
安平區,租賃房屋,臺南市安平區府前路二段６２２號,0.0,,,,1150323,土地0建物1車位0,見其他登記事項,8,華廈(10層含以下有電梯),商業用,鋼筋混凝土造,0881207,410.85,0,2,2,有,有,無,50000,122,,0.0,0,,RPPNMLKKMHLGFAD47DC,,有,1150401~1220331,有,,
安平區,租賃房屋+車位,臺南市安平區國平北路１２３號十六樓之１０,0.0,,,,1150316,土地0建物1車位1,十六層,18,住宅大樓(11層含以上有電梯),集合住宅,鋼筋混凝土構造,1100503,90.87,2,1,1,有,有,有,20000,220,升降平面,11.17,0,參加公會版住宅包租代管四之一期計畫租金總額含管理費；其他停車位管理費；續租案件；,RPPNMLLKMHLGFAD47CC,整棟(戶)出租,有,1150320~1160319,有,冷氣、熱水器、洗衣機、電視機、冰箱,社會住宅代管
麻豆區,租賃房屋,臺南市麻豆區興國路５６之１７號九樓,0.0,,,,1150316,土地0建物1車位0,九層,11,住宅大樓(11層含以上有電梯),住家用,鋼筋混凝土造,0870612,107.86,2,2,2,有,有,有,15000,139,,0.0,0,參加公會版住宅包租代管四之一期計畫續租案件；,RPPNMLLKMHLGFFD97CC,整棟(戶)出租,有,1150401~1160331,有,冷氣、熱水器、洗衣機、冰箱、瓦斯或天然氣,社會住宅代管
中西區,租賃房屋,臺南市中西區武聖路１５３號,0.0,,,,1150331,土地0建物0車位0,全,3,透天厝,辦公室、店舖、住宅,鋼筋混凝土造,0851216,23.14,36,0,36,有,無,有,12000,519,,0.0,0,租金總額含水費；其他租金含第四台及公共水電費；續租案件；,RPPNMLMKMHLGFAD57CC,分租套房,無,1150401~1160331,有,冷氣、熱水器、洗衣機、電視機、冰箱、有線電視、網路,一般代管
中西區,租賃房屋,臺南市中西區武聖路１５３號,0.0,,,,1150331,土地0建物0車位0,全,3,透天厝,辦公室、店舖、住宅,鋼筋混凝土造,0851216,23.14,36,0,36,有,無,有,13000,562,,0.0,0,租金總額含水費；其他租金含第四台及公共水電費；續租案件；,RPQNMLMKMHLGFAD67CC,分租套房,無,1150401~1160331,有,冷氣、熱水器、洗衣機、電視機、冰箱、有線電視、網路,一般代管
中西區,租賃房屋,臺南市中西區武聖路１５３號,0.0,,,,1150404,土地0建物0車位0,全,3,透天厝,辦公室、店舖、住宅,鋼筋混凝土造,0851216,23.14,36,0,36,有,無,有,10500,454,,0.0,0,租金總額含水費；其他租金含公共水電費及第四台；含增建或未登記建物；,RPSNMLMKMHLGFAD87CC,分租套房,無,1150404~1160403,有,冷氣、熱水器、洗衣機、電視機、冰箱、有線電視、網路,一般代管
東區,租賃房屋,臺南市東區裕農路３４９-２號,0.0,,,,1150329,土地0建物0車位0,全,6,透天厝,住宅、診所,鋼筋混凝土構造,1110330,16.5,18,1,18,有,無,有,8500,515,,0.0,0,租金總額含網路費；,RPPNMLMKMHLGFCD77CC,分租套房,無,1150401~1160331,有,冷氣、熱水器、洗衣機、網路,一般轉租
東區,租賃房屋,臺南市東區裕農路３４９-２號,0.0,,,,1150408,土地0建物0車位0,全,6,透天厝,住宅、診所,鋼筋混凝土構造,1110330,16.5,18,1,18,有,無,有,11000,667,,0.0,0,租金總額含網路費；,RPQNMLMKMHLGFCD87CC,分租套房,無,1150415~1160414,有,冷氣、熱水器、洗衣機、冰箱、網路,一般轉租
東區,租賃房屋,臺南市東區裕農路３４９-２號,0.0,,,,1150405,土地0建物0車位0,全,6,透天厝,住宅、診所,鋼筋混凝土構造,1110330,16.5,18,1,18,有,無,有,9500,576,,0.0,0,租金總額含網路費；,RPRNMLMKMHLGFCD97CC,分租套房,無,1150415~1160414,有,冷氣、熱水器、洗衣機、冰箱、網路,一般轉租
東區,租賃房屋,臺南市東區裕農路３４９-２號,0.0,,,,1150410,土地0建物0車位0,全,6,透天厝,住宅、診所,鋼筋混凝土構造,1110330,26.5,18,1,18,有,無,有,13500,509,,0.0,0,租金總額含網路費；,RPSNMLMKMHLGFCD08CC,分租套房,無,1150420~1160419,有,冷氣、熱水器、洗衣機、冰箱、網路,一般轉租
東區,租賃房屋,臺南市東區裕農路３４９-２號,0.0,,,,1150410,土地0建物0車位0,全,6,透天厝,住宅、診所,鋼筋混凝土構造,1110330,13.2,18,1,18,有,無,有,8500,644,,0.0,0,租金總額含網路費；,RPTNMLMKMHLGFCD18CC,分租套房,無,1150420~1160419,有,冷氣、熱水器、洗衣機、網路,一般轉租
永康區,租賃房屋+車位,臺南市永康區大同街３１５巷２號９樓之５,0.0,,,,1150409,土地0建物1車位1,九層,9,華廈(10層含以下有電梯),住家用,鋼筋混凝土造,0821129,116.50999999999999,3,2,2,有,有,無,21000,180,坡道平面,0.0,0,多人共同承租2；,RPPNMLMKMHLGFKD58CC,整棟(戶)出租,有,1150420~1160419,有,冷氣、熱水器、洗衣機、冰箱、瓦斯或天然氣,
永康區,租賃房屋,臺南市永康區鹽行里中正北路５４號七樓之１,0.0,,,,1150402,土地0建物1車位0,七層,12,住宅大樓(11層含以上有電梯),住家用,鋼筋混凝土造,0830524,47.29,1,0,1,有,有,有,6000,127,,0.0,0,台南市政府包租代管第4期計畫之物件。,RPQNMLMKMHLGFKD68CC,獨立套房,有,1150407~1160502,有,冷氣、熱水器、洗衣機、電視機、冰箱,社會住宅包租轉租
安平區,租賃房屋,臺南市安平區安北路１４７之３號,0.0,,,,1150408,土地0建物1車位0,全,4,透天厝,店舖、停車空間、住宅,鋼筋混凝土造,0951231,194.04,5,2,6,有,無,無,18000,93,,0.0,0,其他營業稅；,RPPNMLNKMHLGFAD67CC,分層出租,無,1150510~1200509,無,,
安平區,租賃房屋,臺南市安平區育平路２１２號六樓之２７,0.0,,,,1150331,土地0建物1車位0,六層,17,住宅大樓(11層含以上有電梯),住家用,鋼筋混凝土造,0840729,47.91,1,1,1,有,有,有,7000,146,,0.0,0,另有管理費700元，由承租人負擔。,RPQNMLNKMHLGFAD77CC,獨立套房,有,1150401~1160331,有,冷氣、熱水器、洗衣機、電視機、冰箱、瓦斯或天然氣,社會住宅代管
北區,租賃房屋,臺南市北區成功路５８４號６樓之６,0.0,,,,1150401,土地0建物1車位0,六層,12,住宅大樓(11層含以上有電梯),住家用,鋼筋混凝土造,0840307,33.8,1,0,1,有,有,有,6000,178,,0.0,0,臺南市不動產租賃公會民間住宅包租代管第五期計畫之物件。,RPRNMLNKMHLGFAD87CC,獨立套房,有,1150401~1160331,有,冷氣、熱水器、洗衣機、電視機、冰箱,社會住宅代管
安平區,租賃房屋+車位,臺南市安平區國平北路１８６號十三樓之７,0.0,,,,1150401,土地0建物1車位1,十三層,29,住宅大樓(11層含以上有電梯),集合住宅,鋼筋混凝土造,1121017,86.47,1,1,1,有,有,有,16427,207,坡道機械,12.1,1000,台南市社會住宅包租代管 第5期計畫 中央版；水、電、網路費由承租人負擔。租金已扣除管理費1573元。,RPSNMLNKMHLGFAD97CC,獨立套房,有,1150410~1180409,有,冷氣、熱水器、電視機、冰箱,社會住宅包租轉租
安平區,租賃房屋,臺南市安平區永華八街１４１號,0.0,,,,1150401,土地0建物1車位0,全,2,透天厝,住商用,鋼筋混凝土造,0770129,78.79,5,1,3,有,無,無,15000,190,,0.0,0,含增建或未登記建物；,RPUNMLNKMHLGFAD18CC,分層出租,無,1150601~1180531,無,熱水器,
安平區,租賃房屋,臺南市安平區永華八街１４１號,0.0,,,,1150401,土地0建物1車位0,一層,2,店面(店鋪),住商用,鋼筋混凝土造,0770129,50.22,5,1,3,有,無,無,18000,358,,0.0,0,含增建或未登記建物；,RPVNMLNKMHLGFAD28CC,,無,1150601~1180531,無,,
北區,租賃房屋,臺南市北區文賢路１０３０巷２４弄２８號２樓之２,0.0,,,,1150331,土地0建物1車位0,二層,5,公寓(5樓含以下無電梯),住家用,鋼筋混凝土造,0701217,97.53,3,1,2,有,無,有,18500,190,,0.0,0,臺南市不動產租賃公會民間住宅包租代管第五期計畫之物件。,RPWNMLNKMHLGFAD38CC,整棟(戶)出租,無,1150401~1180331,無,冷氣、熱水器、洗衣機、電視機、冰箱,社會住宅包租轉租
北區,租賃房屋,臺南市北區開南街１３５號,0.0,,,,1150408,土地0建物0車位0,全,4,透天厝,住家用,鋼筋混凝土造,0830624,13.87,59,0,59,有,無,有,5500,397,,0.0,0,開南308房租金總額含水費；,RPXNMLNKMHLGFAD48CC,分租套房,無,1150325~1150915,有,冷氣、熱水器、電視機,一般轉租
北區,租賃房屋,臺南市北區開南街１３５號,0.0,,,,1150409,土地0建物0車位0,全,4,透天厝,住家用,鋼筋混凝土造,0830624,13.32,59,0,59,有,無,有,5500,413,,0.0,0,開南103房租金總額含水費；,RPOOMLNKMHLGFAD67CC,分租套房,無,1150325~1151224,有,冷氣、熱水器、電視機、冰箱,一般轉租
北區,租賃房屋,臺南市北區開元路５１７號十三樓之３,0.0,,,,1150331,土地0建物1車位0,十三層,24,住宅大樓(11層含以上有電梯),集合住宅,鋼筋混凝土構造,1041105,154.54000000000002,3,2,2,有,有,有,19000,123,,0.0,0,臺南市不動產租賃公會民間住宅包租代管第五期計畫之物件。多人共同承租2；未租賃車位，建物登記含有車位面積；,RPPOMLNKMHLGFAD77CC,整棟(戶)出租,有,1150401~1180331,有,冷氣、熱水器、洗衣機、冰箱、瓦斯或天然氣,社會住宅包租轉租
北區,租賃房屋,臺南市北區開南街１３５號,0.0,,,,1150409,土地0建物0車位0,全,4,透天厝,住家用,鋼筋混凝土造,0830624,13.32,59,0,59,有,無,有,8500,638,,0.0,0,開南111房租金總額含水費；,RPROMLNKMHLGFAD97CC,分租套房,無,1150325~1160120,有,冷氣、熱水器、電視機,一般轉租
北區,租賃房屋,臺南市北區開南街１３５號,0.0,,,,1150409,土地0建物0車位0,全,4,透天厝,住家用,鋼筋混凝土造,0830624,13.87,59,0,59,有,無,有,5000,360,,0.0,0,開南315房租金總額含水費；,RPTOMLNKMHLGFAD18CC,分租套房,無,1150325~1151110,有,冷氣、熱水器、電視機,一般轉租
北區,租賃房屋,臺南市北區南園街１４巷４號,0.0,,,,1150318,土地0建物1車位0,全,2,透天厝,住家用,加強磚造,0600822,83.49,4,2,2,有,無,有,15000,180,,0.0,0,?參加公會版住宅包租代管五期計畫,RPUOMLNKMHLGFAD28CC,整棟(戶)出租,無,1150320~1160319,無,冷氣、熱水器、洗衣機、冰箱、瓦斯或天然氣,社會住宅代管
北區,租賃房屋,臺南市北區開南街１３５號,0.0,,,,1150409,土地0建物0車位0,全,4,透天厝,住家用,鋼筋混凝土造,0830624,13.87,59,0,59,有,無,有,4800,346,,0.0,0,開南203房租金總額含水費；,RPVOMLNKMHLGFAD38CC,分租套房,無,1150325~1151214,有,冷氣、熱水器、電視機,一般轉租
北區,租賃房屋,臺南市北區開南街１３５號,0.0,,,,1150409,土地0建物0車位0,全,4,透天厝,住家用,鋼筋混凝土造,0830624,13.32,59,0,59,有,無,有,5000,375,,0.0,0,開南402租金總額含水費；,RPWOMLNKMHLGFAD48CC,分租套房,無,1150325~1150624,有,冷氣、熱水器、電視機,一般轉租
北區,租賃房屋,臺南市北區長榮路五段４１巷３６號十一樓之２,0.0,,,,1150408,土地0建物1車位0,十一層,14,住宅大樓(11層含以上有電梯),集合住宅,鋼筋混凝土造,0920916,168.76999999999998,3,2,2,有,有,有,15000,89,,0.0,0,臺南市不動產租賃公會民間住宅包租代管第五期計畫之物件。,RPXOMLNKMHLGFAD58CC,整棟(戶)出租,有,1150408~1180407,有,冷氣、熱水器、洗衣機、電視機、冰箱,社會住宅包租轉租
北區,租賃房屋,臺南市北區開南街１３５號,0.0,,,,1150409,土地0建物0車位0,全,4,透天厝,住家用,鋼筋混凝土造,0830624,13.87,59,0,59,有,無,有,4500,324,,0.0,0,開南309房租金總額含水費；,RPOPMLNKMHLGFAD77CC,分租套房,無,1150325~1151120,有,冷氣、熱水器、電視機,一般轉租
安平區,租賃房屋+車位,臺南市安平區永華五街２號二十七樓,0.0,,,,1150318,土地0建物1車位1,二十七層,29,住宅大樓(11層含以上有電梯),集合住宅,鋼筋混凝土構造,1070921,147.94,3,2,2,有,有,有,32000,216,坡道機械,23.36,0,租金總額含管理費；,RPQPMLNKMHLGFAD97CC,整棟(戶)出租,有,1150325~1160324,有,冷氣、電視機、冰箱、瓦斯或天然氣,一般代管
北區,租賃房屋,臺南市北區公園南路３６２巷２２號七樓之３,0.0,,,,1150402,土地0建物1車位0,七層,25,住宅大樓(11層含以上有電梯),住家用,鋼筋混凝土造,0840104,77.69,2,1,1,有,有,有,10000,129,,0.0,0,台南市不動產租賃公會民間住宅包租代管第5期計畫。續租案件；,RPRPMLNKMHLGFAD08CC,整棟(戶)出租,有,1150410~1160409,有,冷氣、熱水器、洗衣機、冰箱、瓦斯或天然氣,社會住宅代管
中西區,租賃房屋,臺南市中西區大勇街６４號六樓之３,0.0,,,,1150409,土地0建物1車位0,六層,8,華廈(10層含以下有電梯),住家用,鋼筋混凝土造,0811209,27.37,1,0,1,有,有,有,7500,274,,0.0,0,台南市不動產租賃公會民間住宅包租代管第5期計畫。續租案件；,RPSPMLNKMHLGFAD18CC,獨立套房,有,1150410~1160409,有,冷氣、熱水器、洗衣機、冰箱,社會住宅代管
中西區,租賃房屋,臺南市中西區頂美一街７號七樓之４,0.0,,,,1150409,土地0建物1車位0,七層,7,華廈(10層含以下有電梯),住家用,鋼筋混凝土造,0661202,34.34,1,0,1,有,有,有,9000,262,,0.0,0,台南市不動產租賃公會民間住宅包租代管第5期計畫。續租案件；,RPTPMLNKMHLGFAD28CC,獨立套房,有,1150410~1160409,有,冷氣、熱水器、洗衣機、電視機、冰箱,社會住宅包租轉租
東區,租賃房屋,臺南市東區東寧路５４０號地下層,0.0,,,,1150410,土地0建物1車位0,地下層,7,華廈(10層含以下有電梯),商業用,鋼筋混凝土造,0780425,303.79,1,1,2,有,有,無,21000,69,,0.0,0,租金總額含稅；租賃期間有約定不同租金至租賃起始日起、第一個月為免費裝修期、第二個月和第三個月租金半價為10500元、第四個月恢復合約租金每月21000元。前3年租金每月21000元、第四年調漲為每月23100元。；,RPPNMLNKMHLGFCD87CC,,有,1150410~1250409,有,,
東區,租賃房屋+車位,臺南市東區崇賢一路３６號５樓之７,0.0,,,,1150323,土地0建物1車位1,五層,15,住宅大樓(11層含以上有電梯),集合住宅,鋼筋混凝土造,1140124,109.17,3,2,2,有,有,有,21000,192,坡道平面,21.69,0,,RPQNMLNKMHLGFCD97CC,整棟(戶)出租,有,1150401~1160331,有,冷氣、熱水器、洗衣機、電視機、冰箱、網路,
南區,租賃房屋,臺南市南區府緯街１０７號５樓之６,0.0,,,,1150330,土地0建物1車位0,五層,7,華廈(10層含以下有電梯),商業用,鋼筋混凝土造,0801102,18.65,1,0,1,有,有,有,5600,300,,0.0,0,臺南市不動產租賃公會民間住宅包租代管第五期計畫之物件。,RPRNMLNKMHLGFCD08CC,獨立套房,無,1150401~1160331,有,冷氣、熱水器、冰箱,社會住宅包租轉租
東區,租賃房屋,臺南市東區莊敬路８１巷１弄８號,0.0,,,,1150403,土地0建物0車位0,全,2,透天厝,住家用,加強磚造,0681204,23.14,6,0,6,有,無,有,9000,389,,0.0,0,租金總額含水費；網路費；,RPVNMLNKMHLGFCD48CC,分租套房,無,1150410~1160409,無,冷氣、熱水器、電視機、冰箱、網路,
南區,租賃房屋,臺南市南區永成路三段７１弄２６號,0.0,,,,1150413,土地0建物1車位0,全,2,透天厝,住商用,加強磚造,0660514,87.92,4,2,2,有,無,有,20000,227,,0.0,0,多人共同承租3；,RPWNMLNKMHLGFCD58CC,整棟(戶)出租,無,1150423~1170422,無,冷氣、熱水器、洗衣機、電視機、冰箱,
東區,租賃房屋,臺南市東區崇學路１３５巷３號,0.0,,,,1150413,土地0建物1車位0,見其他登記事項,16,住宅大樓(11層含以上有電梯),住商用,鋼筋混凝土造,0860508,151.34,2,2,2,有,有,無,27000,178,,0.0,0,,RPXNMLNKMHLGFCD68CC,,有,1150413~1200412,有,,
東區,土地,竹篙厝段1832地號,210.0,住,,,1150405,土地1建物0車位0,,,其他,,,,0.0,0,0,0,無,無,無,60000,286,,0.0,0,土地上有未保存登記建物做營業使用。115年4月5日起至115年5月31日止為免租金裝潢期。租金總額含稅；,RPOOMLNKMHLGFCD87CC,,,1150405~1190531,,,
南區,租賃房屋,臺南市南區健康路一段１３３巷７５弄１４號四樓,0.0,,,,1150318,土地0建物1車位0,四層,5,公寓(5樓含以下無電梯),住家用,鋼筋混凝土造,0771129,135.73,3,2,2,有,無,有,14000,103,,0.0,0,?參加公會版住宅包租代管五期計畫,RPPOMLNKMHLGFCD97CC,整棟(戶)出租,無,1150320~1160319,無,冷氣、熱水器、洗衣機、瓦斯或天然氣,社會住宅代管
東區,租賃房屋,臺南市東區崇德十六街１８號五樓,0.0,,,,1150326,土地0建物1車位0,五層,6,華廈(10層含以下有電梯),住家用,鋼筋混凝土造,0810828,98.03,3,2,2,有,有,有,16400,167,,0.0,0,台南市社會住宅包租代管 第5期計畫 中央版；水、電、網路費由承租人負擔。租金已扣除管理費600元。,RPQOMLNKMHLGFCD08CC,整棟(戶)出租,有,1150401~1180331,有,熱水器,社會住宅包租轉租
東區,租賃房屋,臺南市東區東寧路５３８巷７號五樓之５,0.0,,,,1150408,土地0建物1車位0,五層,7,華廈(10層含以下有電梯),住家用,鋼筋混凝土造,0780425,24.94,1,1,1,有,有,有,5500,221,,0.0,0,臺南市不動產租賃公會民間住宅包租代管第五期計畫之物件。,RPROMLNKMHLGFCD18CC,獨立套房,有,1150410~1180409,有,冷氣、熱水器、洗衣機、電視機、冰箱,社會住宅包租轉租
東區,租賃房屋,臺南市東區小東路２４４號七樓之５,0.0,,,,1150408,土地0建物1車位0,七層,25,住宅大樓(11層含以上有電梯),住家用,鋼筋混凝土造,0840106,67.81,1,1,1,有,有,有,8400,124,,0.0,0,台南市不動產租賃公會民間住宅包租代管第5期計畫。續租案件；,RPSOMLNKMHLGFCD28CC,獨立套房,有,1150410~1160409,有,冷氣、熱水器、洗衣機、電視機、冰箱、瓦斯或天然氣,社會住宅代管
東區,租賃房屋,臺南市東區中華東路二段１９３號六樓之１５,0.0,,,,1150402,土地0建物1車位0,六層,20,住宅大樓(11層含以上有電梯),住家用,鋼筋混凝土造,0841106,34.33,1,0,1,有,有,有,9377,273,,0.0,0,台南市不動產租賃公會民間住宅包租代管第5期計畫。管理費623元由出租人負擔。續租案件；,RPTOMLNKMHLGFCD38CC,獨立套房,有,1150415~1160414,有,冷氣、熱水器、洗衣機、電視機、冰箱,社會住宅代管
新營區,租賃房屋,臺南市新營區民生路３３６巷４２之１號五樓,0.0,,,,1150327,土地0建物1車位0,五層,6,華廈(10層含以下有電梯),住家用,鋼筋混凝土造,0830118,93.77,2,1,1,有,有,有,11000,117,,0.0,0,臺南市不動產租賃公會民間住宅包租代管第五期計畫之物件。,RPPNMLNKMHLGFDD97CC,整棟(戶)出租,無,1150401~1170331,有,冷氣、熱水器、洗衣機、電視機、冰箱,社會住宅包租轉租
新營區,租賃房屋,臺南市新營區中正路５５之１５號,0.0,,,,1150402,土地0建物1車位0,全,2,透天厝,住商用,加強磚造,0700110,114.24,2,2,2,有,無,有,16000,140,,0.0,0,,RPQNMLNKMHLGFDD08CC,整棟(戶)出租,無,1150402~1160401,無,冷氣、熱水器、冰箱,
新營區,租賃房屋,臺南市新營區中山路２０號七樓之五,0.0,,,,1150330,土地0建物1車位0,七層,12,住宅大樓(11層含以上有電梯),住家用,鋼筋混凝土造,0860425,41.38,1,0,1,有,有,有,8000,193,,0.0,0,臺南市不動產租賃公會民間住宅包租代管第五期計畫之物件。,RPRNMLNKMHLGFDD18CC,獨立套房,無,1150405~1160404,有,冷氣、熱水器、洗衣機、電視機、冰箱、瓦斯或天然氣,社會住宅包租轉租
新營區,租賃房屋,臺南市新營區中山路２０號四樓之七,0.0,,,,1150401,土地0建物1車位0,四層,12,住宅大樓(11層含以上有電梯),住家用,鋼筋混凝土造,0860425,37.25,1,0,1,有,有,有,7500,201,,0.0,0,臺南市不動產租賃公會民間住宅包租代管第五期計畫之物件。,RPSNMLNKMHLGFDD28CC,獨立套房,無,1150405~1160404,有,冷氣、熱水器、洗衣機、電視機、冰箱,社會住宅包租轉租
新營區,租賃房屋,臺南市新營區富強街６１號七樓之一,0.0,,,,1150409,土地0建物1車位0,七層,7,華廈(10層含以下有電梯),住家用,鋼筋混凝土造,0830831,218.78,2,2,1,有,有,有,8000,37,,0.0,0,臺南市不動產租賃公會民間住宅包租代管第五期計畫之物件。,RPTNMLNKMHLGFDD38CC,整棟(戶)出租,有,1150410~1180409,有,冷氣、熱水器、電視機、冰箱,社會住宅包租轉租
佳里區,租賃房屋,臺南市佳里區菜寮７之６號五樓之８,0.0,,,,1150410,土地0建物1車位0,五層,5,華廈(10層含以下有電梯),集合住宅,鋼筋混凝土造,1120620,112.16,2,2,2,有,有,無,16000,143,,0.0,0,台南市社會住宅包租代管 第四期計畫 公會版；水、電費由承租人負擔，管理費1730元不包含在租金由承租人負擔。未租賃車位，建物登記含有車位面積；續租案件；,RPPNMLNKMHLGFGD28CC,整棟(戶)出租,有,1150501~1160430,有,冷氣、熱水器、洗衣機、冰箱,社會住宅代管
善化區,租賃房屋,臺南市善化區牛庄５５０號,0.0,,,,1150411,土地0建物0車位0,全,4,透天厝,住家用,鋼筋混凝土造,1041015,23.14,7,0,7,有,無,有,6900,298,,0.0,0,多人共同承租2；租金總額含網路費；其他第四台費；,RPRNMLNKMHLGFHD58CC,分租套房,無,1150416~1160415,無,冷氣、熱水器、洗衣機、電視機、冰箱、有線電視、網路,一般代管
善化區,租賃房屋+車位,臺南市善化區西拉雅大道４０８號十樓之１,0.0,,,,1150401,土地0建物1車位1,十層,11,住宅大樓(11層含以上有電梯),集合住宅,鋼筋混凝土造,1051118,128.26,2,2,1,有,有,有,20000,156,坡道平面,31.43,0,租金總額含管理費；,RPSNMLNKMHLGFHD68CC,整棟(戶)出租,有,1150422~1160422,有,冷氣、熱水器、洗衣機、電視機、冰箱、瓦斯或天然氣,
善化區,租賃房屋+車位,臺南市善化區東勢宅１００號四樓之７,0.0,,,,1150402,土地0建物1車位1,四層,7,華廈(10層含以下有電梯),集合住宅,鋼筋混凝土造,1130416,115.22,3,2,2,有,有,無,19000,165,一樓平面,13.75,0,租金總額含管理費；,RPTNMLNKMHLGFHD78CC,整棟(戶)出租,有,1150413~1160412,有,冷氣、熱水器、洗衣機、冰箱,
新市區,租賃房屋,臺南市新市區中山路１８０號,0.0,,,,1150404,土地0建物0車位0,三層,4,華廈(10層含以下有電梯),廠房,鋼筋混凝土造,1041016,44.97,18,2,20,有,無,無,13800,307,,0.0,0,租賃建物部分範圍，且未計入共有部分面積；,RPUNMLNKMHLGFHD88CC,分租套房,無,1150405~1160404,有,,
歸仁區,租賃房屋+車位,臺南市歸仁區歸仁七路２１６號四樓之２,0.0,,,,1150408,土地0建物1車位1,四層,15,住宅大樓(11層含以上有電梯),集合住宅,鋼筋混凝土造,1121208,152.32999999999998,3,2,2,有,有,無,18800,141,坡道平面,25.79,1000,台南市社會住宅包租代管 第五期計畫中央版；水、電、瓦斯費由承租人負擔，租金已扣除管理費  2200  元。,RPQNMLNKMHLGFID58CC,整棟(戶)出租,有,1150412~1170411,有,冷氣、熱水器、洗衣機、瓦斯或天然氣,社會住宅包租轉租
歸仁區,租賃房屋,臺南市歸仁區歸仁七路２２６號四樓之５,0.0,,,,1150408,土地0建物1車位0,四層,15,住宅大樓(11層含以上有電梯),集合住宅,鋼筋混凝土造,1121208,105.19,2,1,1,有,有,有,14000,133,,0.0,0,台南市社會住宅包租代管 第五期計畫中央版；水、電、瓦斯費由承租人負擔，租金已扣除管理費 1500 元。未租賃車位，建物登記含有車位面積；,RPRNMLNKMHLGFID68CC,整棟(戶)出租,有,1150413~1160412,有,冷氣、熱水器、洗衣機、冰箱、瓦斯或天然氣,社會住宅代管
歸仁區,租賃房屋+車位,臺南市歸仁區智發街１５號８樓之２,0.0,,,,1150411,土地0建物1車位1,八層,14,住宅大樓(11層含以上有電梯),集合住宅,鋼筋混凝土造,1140124,133.72,3,2,2,有,有,有,22000,165,坡道平面,27.67,0,多人共同承租3；,RPTNMLNKMHLGFID88CC,整棟(戶)出租,有,1150418~1160417,有,冷氣、熱水器、洗衣機、電視機、冰箱、瓦斯或天然氣,
永康區,租賃房屋,臺南市永康區復國路７６號九樓之１,0.0,,,,1150408,土地0建物1車位0,九層,14,住宅大樓(11層含以上有電梯),住家用,鋼筋混凝土造,0960920,177.69,4,1,2,有,有,有,19000,107,,0.0,0,台南市社會住宅包租代管 第五期計畫 中央版；水、電、瓦斯費由承租人負擔，管理費1050元不包含在租金由承租人負擔。,RPPNMLNKMHLGFKD68CC,整棟(戶)出租,有,1150415~1160414,有,冷氣、熱水器、洗衣機、冰箱、瓦斯或天然氣,社會住宅代管
永康區,租賃房屋,臺南市永康區西勢里富強路一段２巷３１弄１３號七樓,0.0,,,,1150402,土地0建物1車位0,七層,7,華廈(10層含以下有電梯),住家用,鋼筋混凝土造,0820812,101.45,3,1,2,有,有,有,17300,171,,0.0,0,台南市不動產租賃公會民間住宅包租代管第4期計畫之物件。管理費每月1200元由出租人負擔。續租案件；,RPRNMLNKMHLGFKD88CC,整棟(戶)出租,有,1150415~1160414,有,冷氣、熱水器、電視機、冰箱、瓦斯或天然氣,社會住宅代管
永康區,租賃房屋+車位,臺南市永康區忠孝一路６７號３樓之６,0.0,,,,1150325,土地0建物1車位1,三層,14,住宅大樓(11層含以上有電梯),集合住宅,鋼筋混凝土造,1130112,120.47,2,2,1,有,有,有,20500,185,坡道平面,22.92,2500,參加國家住宅及都市更新中心辦理社會住宅包租代管第五期計畫中央版,RPSNMLNKMHLGFKD98CC,整棟(戶)出租,有,1150401~1160331,有,冷氣、熱水器、洗衣機、電視機、冰箱、瓦斯或天然氣,社會住宅代管
永康區,租賃房屋+車位,臺南市永康區中華二路２６６巷２２號十八樓之３,0.0,,,,1150404,土地0建物1車位1,十八層,19,住宅大樓(11層含以上有電梯),住家用,鋼筋混凝土造,0860128,109.67,3,2,2,有,有,有,15000,137,坡道機械,0.0,0,,RPUNMLNKMHLGFKD56CC,整棟(戶)出租,有,1150501~1160430,有,冷氣、熱水器、瓦斯或天然氣,
永康區,租賃房屋+車位,臺南市永康區復華一街１８０號十二樓之２,0.0,,,,1150410,土地0建物1車位1,十二層,14,住宅大樓(11層含以上有電梯),集合住宅,鋼筋混凝土構造,1090909,157.04,3,2,2,有,有,有,23400,177,坡道平面,33.09,1400,台南市社會住宅包租代管 增辦第四期計畫 公會版；水、電、瓦斯費由承租人負擔，管理費2587元不包含在租金由承租人負擔。續租案件；,RPXNMLNKMHLGFKD86CC,整棟(戶)出租,有,1150420~1160419,有,冷氣、熱水器、洗衣機、電視機、冰箱、瓦斯或天然氣,社會住宅代管
永康區,租賃房屋,臺南市永康區大橋一街３２４巷６６號,0.0,,,,1150410,土地0建物1車位0,全,2,透天厝,住家用,加強磚造,0690702,87.92,4,2,2,有,無,有,20000,227,,0.0,0,含增建或未登記建物；,RPOOMLNKMHLGFKD68CC,整棟(戶)出租,無,1150410~1160409,無,冷氣、熱水器,
永康區,租賃房屋,臺南市永康區大仁街８５號,0.0,,,,1150401,土地0建物1車位0,全,3,透天厝,住家用,鋼筋混凝土造,0710206,196.0,6,2,3,有,無,無,28000,143,,0.0,0,民國1150331到民國1150430係免租金裝潢準備期租金自1150501起算。租金總額含稅；,RPPOMLNKMHLGFKD78CC,,無,1150501~1190430,無,,
永康區,租賃房屋,臺南市永康區中正七街６５號,0.0,,,,1150328,土地0建物0車位0,全,4,透天厝,住商用,鋼筋混凝土造,0950224,16.53,7,0,7,有,無,有,4500,272,,0.0,0,租金總額含網路費；,RPQOMLNKMHLGFKD88CC,分租套房,無,1150401~1160331,無,冷氣、熱水器、電視機、冰箱、有線電視、網路,一般代管
永康區,租賃房屋,臺南市永康區鹽行路６９巷６號,0.0,,,,1150328,土地0建物0車位0,全,4,透天厝,住宅，停車空間,鋼筋混凝土構造,1020821,23.14,11,0,11,有,無,有,7000,303,,0.0,0,租金總額含網路費；,RPROMLNKMHLGFKD98CC,分租套房,無,1150401~1160331,無,冷氣、熱水器、洗衣機、電視機、冰箱、有線電視、網路,一般代管
永康區,租賃房屋,臺南市永康區仁愛街１０８巷７１弄１０號,0.0,,,,1150411,土地0建物0車位0,全,4,透天厝,住家用,鋼筋混凝土構造,1020925,16.53,10,0,10,有,無,有,6500,393,,0.0,0,租金總額含網路費；,RPSOMLNKMHLGFKD09CC,分租套房,無,1150413~1160412,無,冷氣、熱水器、洗衣機、電視機、冰箱、有線電視、網路,一般代管
永康區,租賃房屋,臺南市永康區三村二街１１巷１９號,0.0,,,,1150411,土地0建物0車位0,全,4,透天厝,住家用,鋼筋混凝土造,0951128,21.49,8,0,8,有,無,有,6500,302,,0.0,0,租金總額含網路費；續租案件；,RPTOMLNKMHLGFKD56CC,分租套房,無,1150422~1160421,無,冷氣、熱水器、電視機、冰箱、有線電視、網路,一般代管
永康區,租賃房屋,臺南市永康區鹽行路６９巷７號,0.0,,,,1150410,土地0建物0車位0,全,4,透天厝,住宅，停車空間,鋼筋混凝土構造,1020821,19.83,11,0,11,有,無,有,5800,292,,0.0,0,多人共同承租2；租金總額含網路費；續租案件；,RPUOMLNKMHLGFKD66CC,分租套房,無,1150423~1160422,無,冷氣、熱水器、洗衣機、電視機、冰箱、有線電視、網路,一般代管
永康區,租賃房屋+車位,臺南市永康區新民街６６巷２號６樓之５,0.0,,,,1150320,土地0建物1車位1,六層,9,華廈(10層含以下有電梯),住家用,鋼筋混凝土造,0821230,111.72999999999999,2,2,2,有,有,有,19000,170,坡道平面,0.0,0,,RPPNMLNKMHLGFKD78DC,整棟(戶)出租,有,1150415~1160414,有,冷氣、熱水器、電視機、冰箱、瓦斯或天然氣,
安平區,租賃房屋,臺南市安平區慶平路２００號５樓之１１,0.0,,,,1150319,土地0建物1車位0,五層,13,住宅大樓(11層含以上有電梯),住家用,鋼筋混凝土造,0841024,28.78,1,0,1,有,有,有,6000,208,,0.0,0,參加臺南市社會住宅包租代管第4期計畫,RPPNMLOKMHLGFAD77CC,獨立套房,有,1150320~1170309,有,冷氣、熱水器、洗衣機、電視機、冰箱,社會住宅包租轉租
北區,租賃房屋,臺南市北區北園街８巷１２號１５樓之７,0.0,,,,1150320,土地0建物1車位0,十五層,19,住宅大樓(11層含以上有電梯),住家用,鋼筋混凝土造,0851202,33.44,1,1,1,有,有,有,7000,209,,0.0,0,參加臺南市社會住宅包租代管第4期計畫租金總額含管理費；續租案件；,RPQNMLOKMHLGFAD87CC,獨立套房,有,1150320~1170319,有,冷氣、熱水器、電視機、冰箱、瓦斯或天然氣,社會住宅包租轉租
安平區,租賃房屋,臺南市安平區健康路三段３１７號十二樓之６,0.0,,,,1150318,土地0建物1車位0,十二層,27,住宅大樓(11層含以上有電梯),集合住宅,鋼筋混凝土構造,1051109,86.31,2,2,1,有,有,有,18000,209,,0.0,0,參加公會版住宅包租代管四期計畫租金總額含管理費；續租案件；,RPRNMLOKMHLGFAD97CC,整棟(戶)出租,有,1150318~1151219,有,冷氣、熱水器、洗衣機、電視機、冰箱,社會住宅代管
北區,租賃房屋,臺南市北區公園南路３６５號十四樓之１１,0.0,,,,1150318,土地0建物1車位0,十四層,14,住宅大樓(11層含以上有電梯),集合住宅,鋼筋混凝土構造,0960824,45.14,1,0,1,有,有,有,12000,266,,0.0,0,參加公會版住宅包租代管四期計畫租金總額含管理費；續租案件；,RPSNMLOKMHLGFAD08CC,獨立套房,有,1150318~1151219,有,冷氣、熱水器、洗衣機、電視機、冰箱,社會住宅代管
安平區,租賃房屋+車位,臺南市安平區國平北路１３７號８樓之１３,0.0,,,,1150320,土地0建物1車位1,八層,34,住宅大樓(11層含以上有電梯),集合住宅,鋼骨鋼筋混凝土造、鋼筋混凝土造,1140415,106.49000000000001,2,1,1,有,有,有,19000,229,坡道平面,27.92,1000,參加國家住宅及都市更新中心辦理社會住宅包租代管第五期計畫中央版租金總額含管理費；,RPTNMLOKMHLGFAD18CC,整棟(戶)出租,有,1150401~1160331,有,冷氣、熱水器、洗衣機、冰箱,社會住宅代管
中西區,租賃房屋,臺南市中西區北門路一段５１巷１３號４樓之５,0.0,,,,1150320,土地0建物1車位0,四層,6,華廈(10層含以下有電梯),住家用,鋼筋混凝土造,0790917,51.71,1,0,1,有,有,有,8500,164,,0.0,0,參加公會版住宅包租代管四期計畫租金總額含管理費；續租案件；,RPUNMLOKMHLGFAD28CC,獨立套房,有,1150320~1160319,有,冷氣、熱水器、洗衣機、電視機、冰箱,社會住宅代管
北區,租賃房屋,臺南市北區開南街１３５號,0.0,,,,1150413,土地0建物0車位0,全,4,透天厝,住家用,鋼筋混凝土造,0830624,13.87,59,0,59,有,無,有,5000,360,,0.0,0,開南206房租金總額含水費；,RPWNMLOKMHLGFAD48CC,分租套房,無,1150325~1150624,有,冷氣、熱水器、電視機,一般轉租
北區,租賃房屋,臺南市北區成功路２號十一樓之３７,0.0,,,,1150320,土地0建物1車位0,十一層,14,住宅大樓(11層含以上有電梯),住家用,鋼筋混凝土造,0731228,38.67,1,0,1,有,有,有,5500,142,,0.0,0,參加公會版住宅包租代管四之一期計畫租金總額含管理費；續租案件；,RPXNMLOKMHLGFAD58CC,獨立套房,有,1150320~1160319,有,冷氣、熱水器、冰箱,社會住宅代管
北區,租賃房屋,臺南市北區開南街１３５號,0.0,,,,1150411,土地0建物0車位0,全,4,透天厝,住家用,鋼筋混凝土造,0830624,13.32,59,0,59,有,無,有,5200,390,,0.0,0,開南405房租金總額含水費；,RPOOMLOKMHLGFAD77CC,分租套房,無,1150325~1150525,有,冷氣、熱水器、電視機,一般轉租
北區,租賃房屋,臺南市北區開南街１３５號,0.0,,,,1150411,土地0建物0車位0,全,4,透天厝,住家用,鋼筋混凝土造,0830624,13.32,59,0,59,有,無,有,5300,398,,0.0,0,開南413房租金總額含水費；,RPPOMLOKMHLGFAD87CC,分租套房,無,1150325~1150619,有,冷氣、熱水器、電視機,一般轉租
北區,租賃房屋,臺南市北區開南街１３５號,0.0,,,,1150411,土地0建物0車位0,全,4,透天厝,住家用,鋼筋混凝土造,0830624,13.32,59,0,59,有,無,有,5300,398,,0.0,0,開南410房租金總額含水費；,RPQOMLOKMHLGFAD97CC,分租套房,無,1150325~1150619,有,冷氣、熱水器、電視機,一般轉租
北區,租賃房屋,臺南市北區開南街１３５號,0.0,,,,1150410,土地0建物0車位0,全,4,透天厝,住家用,鋼筋混凝土造,0830624,13.87,59,0,59,有,無,有,5700,411,,0.0,0,開南202房租金總額含水費；,RPROMLOKMHLGFAD08CC,分租套房,無,1150325~1150523,有,冷氣、熱水器、電視機,一般轉租
安平區,租賃房屋,臺南市安平區永華八街２號十四樓之５,0.0,,,,1150403,土地0建物1車位0,十四層,14,住宅大樓(11層含以上有電梯),集合住宅,鋼筋混凝土造,0960719,72.74,2,1,1,有,有,有,17000,234,,0.0,0,租金總額含管理費；,RPSOMLOKMHLGFAD18CC,整棟(戶)出租,有,1150410~1160409,有,冷氣、熱水器、洗衣機、冰箱、瓦斯或天然氣,
北區,租賃房屋,臺南市北區崇安街１０１號二樓,0.0,,,,1150320,土地0建物1車位0,二層,5,公寓(5樓含以下無電梯),住家用,鋼筋混凝土造,0861215,96.58,2,2,2,有,無,有,15000,155,,0.0,0,參加公會版住宅包租代管四之一期計畫續租案件；,RPUOMLOKMHLGFAD38CC,整棟(戶)出租,無,1150320~1160319,無,冷氣、熱水器、洗衣機、電視機、冰箱,社會住宅代管
北區,租賃房屋,臺南市北區西門路四段２８０巷１０號,0.0,,,,1150331,土地0建物1車位0,全,2,透天厝,住家用,加強磚造,0620305,91.28,4,1,3,有,無,有,34500,378,,0.0,0,多人共同承租4；含增建或未登記建物；,RPVOMLOKMHLGFAD48CC,整棟(戶)出租,無,1150701~1160630,無,冷氣、熱水器、洗衣機、電視機、冰箱、瓦斯或天然氣,
北區,租賃房屋,臺南市北區小東路２９９巷９弄４之３號,0.0,,,,1150401,土地0建物1車位0,四層,5,公寓(5樓含以下無電梯),住家用,鋼筋混凝土造,0710224,94.45,3,2,2,有,無,有,13000,138,,0.0,0,台南市社會住宅包租代管公會版增辦第4期續租案件；,RPWOMLOKMHLGFAD58CC,整棟(戶)出租,無,1150401~1160331,無,冷氣、熱水器、洗衣機、冰箱,社會住宅代管
中西區,租賃房屋,臺南市中西區南華街７９號,0.0,,,,1150325,土地0建物1車位0,見其他登記事項,4,店面(店鋪),住商用,鋼筋混凝土造,0710119,164.5,4,3,3,有,無,無,52000,316,,0.0,0,多人共同承租2；,RPXOMLOKMHLGFAD68CC,,無,1150325~1170324,無,,
中西區,租賃房屋,臺南市中西區金華路三段２１８號八樓之１８,0.0,,,,1150324,土地0建物1車位0,八層,18,住宅大樓(11層含以上有電梯),住家用,鋼筋混凝土造,0840704,43.51,1,0,1,有,無,有,9000,207,,0.0,0,參加公會版住宅包租代管四之一期計畫,RPOPMLOKMHLGFAD87CC,獨立套房,有,1150324~1160323,有,冷氣、熱水器、洗衣機、電視機、冰箱,社會住宅代管
北區,租賃房屋,臺南市北區大興街２４６巷１２１號,0.0,,,,1150320,土地0建物1車位0,全,2,透天厝,住家用,加強磚造,0650902,87.99,4,2,3,有,無,有,23000,261,,0.0,0,台南市社會住宅包租代管公會版第4期續租案件；,RPPPMLOKMHLGFAD97CC,整棟(戶)出租,無,1150415~1160414,無,冷氣、熱水器、洗衣機、冰箱,社會住宅代管
安平區,租賃房屋,臺南市安平區國平北路１８８號九樓之５,0.0,,,,1150410,土地0建物1車位0,九層,29,住宅大樓(11層含以上有電梯),集合住宅,鋼筋混凝土造,1121017,81.02,1,2,1,有,有,有,14374,177,,0.0,0,台南市政府包租代管第4期計畫之物件。管理費1626元由出租人負擔。續租案件；,RPQPMLOKMHLGFAD08CC,整棟(戶)出租,有,1150416~1160415,有,冷氣、熱水器、洗衣機、冰箱,社會住宅包租轉租
安平區,租賃房屋,臺南市安平區華平路２１巷３２弄２２之２號三樓,0.0,,,,1150326,土地0建物1車位0,三層,6,華廈(10層含以下有電梯),住家用,鋼筋混凝土造,0820227,100.52,3,2,2,有,有,有,17000,169,,0.0,0,參加公會版住宅包租代管四之一期計畫,RPRPMLOKMHLGFAD18CC,整棟(戶)出租,有,1150327~1160326,有,冷氣、熱水器、洗衣機、電視機、冰箱,社會住宅代管
中西區,租賃房屋,臺南市中西區和緯路５段２２５號,0.0,,,,1150402,土地0建物0車位0,全,5,透天厝,店舖、住宅,鋼筋混凝土造,0931108,39.67,5,0,5,有,無,有,9500,239,,0.0,0,租金總額含網路費；其他第四台費；,RPSPMLOKMHLGFAD28CC,分租套房,無,1150410~1160409,無,冷氣、洗衣機、電視機、有線電視、網路,一般代管
北區,租賃房屋+車位,臺南市北區海安路三段８１０號２３樓之６,0.0,,,,1150327,土地0建物1車位1,二十三層,24,住宅大樓(11層含以上有電梯),集合住宅,鋼筋混凝土構造,1090131,129.34,2,2,2,有,有,有,25000,193,坡道平面,33.38,0,實收租金25000元不含管理費2500元多人共同承租2；,RPTPMLOKMHLGFAD38CC,整棟(戶)出租,有,1150415~1160414,有,冷氣、熱水器、洗衣機、電視機、冰箱、瓦斯或天然氣,
北區,租賃房屋,臺南市北區公園路９９４巷３號三樓之２,0.0,,,,1150408,土地0建物1車位0,三層,4,公寓(5樓含以下無電梯),住家用,鋼筋混凝土造,0710703,77.28,3,2,1,有,有,無,7600,98,,0.0,0,台南市不動產租賃公會民間住宅包租代管第5期計畫之物件。續租案件；,RPUPMLOKMHLGFAD48CC,整棟(戶)出租,無,1150408~1160407,無,熱水器,社會住宅代管
中西區,租賃房屋,臺南市中西區建業街３７巷２號五樓之４,0.0,,,,1150406,土地0建物0車位0,五層,5,公寓(5樓含以下無電梯),住家用,鋼筋混凝土造,0740529,18.6,4,1,4,有,無,有,7500,403,,0.0,0,租金總額含水費；網路費；租賃建物部分範圍，且未計入共有部分面積；,RPVPMLOKMHLGFAD58CC,分租套房,無,1150406~1160409,無,冷氣、熱水器、洗衣機、電視機、冰箱、網路,一般代管
中西區,租賃房屋,臺南市中西區慶中街２０號,0.0,,,,1150324,土地0建物1車位0,全,3,透天厝,住家用,加強磚造,0610603,36.97,2,2,1,有,無,無,9500,257,,0.0,0,1.契約書未約定土地租賃標的。2.由所有權人提供租屋資訊。3.雙方同意於民國115/3/24~115/4/30為免租期，不收租金。,RPXPMLOKMHLGFAD78CC,,無,1150501~1160430,無,冷氣,
北區,租賃房屋,臺南市北區成功路２號十一樓之４０,0.0,,,,1150402,土地0建物1車位0,十一層,14,住宅大樓(11層含以上有電梯),住家用,鋼筋混凝土造,0731228,38.67,1,1,1,有,有,有,7500,194,,0.0,0,參加國家住宅及都市中心辦理社會住宅包租代管第五期計劃中央版租金總額含管理費；,RPOQMLOKMHLGFAD97CC,獨立套房,有,1150402~1160401,有,冷氣、熱水器、洗衣機、冰箱,社會住宅代管
北區,租賃房屋,臺南市北區成功路２號十一樓之３９,0.0,,,,1150402,土地0建物1車位0,十一層,14,住宅大樓(11層含以上有電梯),住家用,鋼筋混凝土造,0731228,38.67,1,1,1,有,有,有,7500,194,,0.0,0,參加國家住宅及都市中心辦理社會住宅包租代管第五期計劃中央版租金總額含管理費；,RPPQMLOKMHLGFAD08CC,獨立套房,有,1150402~1160401,有,冷氣、熱水器、洗衣機、冰箱,社會住宅代管
安平區,租賃房屋,臺南市安平區安平路４４６巷２１號之５,0.0,,,,1150410,土地0建物1車位0,五層,5,華廈(10層含以下有電梯),住家用,鋼筋混凝土造,0800619,140.62,2,2,1,有,有,有,14500,103,,0.0,0,此為台南市社會住宅包租代管第4期計畫。管理費500元由出租人負擔。未租賃車位，建物登記含有車位面積；,RPQQMLOKMHLGFAD18CC,整棟(戶)出租,有,1150415~1160414,有,冷氣、熱水器、洗衣機、電視機、冰箱、瓦斯或天然氣,社會住宅包租轉租
安平區,租賃房屋+車位,臺南市安平區國平路３８７號四樓之３,0.0,,,,1150324,土地0建物1車位1,四層,8,華廈(10層含以下有電梯),住家用,鋼筋混凝土造,0840401,143.68,3,2,2,有,有,有,20000,139,坡道平面,0.0,1000,參加國家住宅及都市更新中心辦理社會住宅包租代管第五期計畫中央版續租案件；,RPRQMLOKMHLGFAD28CC,整棟(戶)出租,有,1150420~1160419,有,冷氣、熱水器、電視機、冰箱,社會住宅包租轉租
安平區,租賃房屋,臺南市安平區國平北路８６號三樓之２,0.0,,,,1150409,土地0建物1車位0,三層,26,住宅大樓(11層含以上有電梯),集合住宅,鋼筋混凝土造,1140722,158.83,2,1,2,有,有,有,18000,113,,0.0,0,台南市不動產租賃公會民間住宅包租代管第5期計畫。,RPSQMLOKMHLGFAD38CC,整棟(戶)出租,有,1150410~1160409,有,冷氣、熱水器、電視機、冰箱,社會住宅包租轉租
安南區,租賃房屋+車位,臺南市安南區郡安路六段１５７號１７樓,0.0,,,,1150408,土地0建物1車位1,十七層,19,住宅大樓(11層含以上有電梯),集合住宅,鋼筋混凝土造,1140722,177.62,2,2,2,有,有,無,26000,146,坡道平面,26.4,0,租金總額含管理費；,RPRNMLOKMHLGFBD08CC,整棟(戶)出租,有,1150501~1180430,有,冷氣、熱水器,
安南區,租賃房屋,臺南市安南區安中路一段７００巷３５之１號,0.0,,,,1150402,土地0建物1車位0,二層,4,公寓(5樓含以下無電梯),集合住宅,鋼筋混凝土造,0700907,100.82000000000001,3,2,2,有,無,有,14000,139,,0.0,0,參加國家住宅及都市更新中心辦理社會住宅包租代管第五期計畫中央版續租案件；,RPSNMLOKMHLGFBD18CC,整棟(戶)出租,無,1150406~1180405,無,冷氣、熱水器,社會住宅包租轉租
安南區,租賃房屋,臺南市安南區安和路一段１１５號,0.0,,,,1150411,土地0建物0車位0,全,3,透天厝,住宅，停車空間,鋼筋混凝土造,0940527,16.53,12,1,13,有,無,有,6000,363,,0.0,0,租金總額含水費；網路費；,RPTNMLOKMHLGFBD28CC,分租套房,無,1150415~1160414,無,冷氣、洗衣機、電視機、冰箱、網路,
安南區,租賃房屋,臺南市安南區安中路一段７０２巷６３之１號,0.0,,,,1150410,土地0建物1車位0,二層,4,公寓(5樓含以下無電梯),集合住宅,鋼筋混凝土造,0700907,102.67999999999999,3,1,2,有,無,有,16000,156,,0.0,0,台南市不動產租賃公會民間住宅包租代管第5期計畫。,RPUNMLOKMHLGFBD38CC,整棟(戶)出租,無,1150415~1160414,無,冷氣、熱水器、洗衣機、瓦斯或天然氣,社會住宅代管
南區,租賃房屋,臺南市南區中華南路二段３１５巷１０弄１號５樓,0.0,,,,1150317,土地0建物1車位0,五層,5,公寓(5樓含以下無電梯),集合住宅,鋼筋混凝土造,0710614,92.33999999999999,2,2,2,有,無,有,14300,155,,0.0,0,參加臺南市社會住宅包租代管第4期計畫續租案件；,RPPNMLOKMHLGFCD97CC,整棟(戶)出租,無,1150320~1160319,無,冷氣、熱水器、洗衣機、電視機、冰箱、瓦斯或天然氣,社會住宅代管
東區,租賃房屋,臺南市東區仁東街７０號三樓,0.0,,,,1150318,土地0建物1車位0,三層,9,華廈(10層含以下有電梯),住家用,鋼筋混凝土造,0840810,100.75,3,1,1,有,有,無,12500,124,,0.0,0,參加臺南市社會住宅包租代管第4期計畫租金總額含管理費；續租案件；,RPQNMLOKMHLGFCD08CC,整棟(戶)出租,有,1150320~1170229,有,冷氣、瓦斯或天然氣,社會住宅包租轉租
東區,租賃房屋,臺南市東區裕豐街１０１號５樓之１,0.0,,,,1150324,土地0建物1車位0,五層,5,華廈(10層含以下有電梯),住家用,鋼筋混凝土造,0740713,106.33,2,2,2,有,有,有,11000,103,,0.0,0,,RPRNMLOKMHLGFCD18CC,整棟(戶)出租,有,1150401~1160331,有,冷氣、熱水器、冰箱,
東區,租賃房屋,臺南市東區崇賢三路８５號二樓之６,0.0,,,,1150401,土地0建物1車位0,二層,15,住宅大樓(11層含以上有電梯),集合住宅,鋼筋混凝土造,1130816,95.71000000000001,2,2,1,有,有,有,15000,157,,0.0,0,國家住宅及都市更新中心社會住宅包租代管中央版第五期計畫未租賃車位，建物登記含有車位面積；,RPSNMLOKMHLGFCD28CC,整棟(戶)出租,有,1150401~1160331,有,冷氣、熱水器、洗衣機、電視機、冰箱,社會住宅代管
東區,租賃房屋,臺南市東區崇明２４街８０號４樓之８,0.0,,,,1150401,土地0建物1車位0,四層,6,華廈(10層含以下有電梯),集合住宅,鋼筋混凝土構造,1110601,44.519999999999996,1,0,1,有,有,有,14300,321,,0.0,0,管理費:1200元水費:250元,RPUNMLOKMHLGFCD48CC,獨立套房,有,1150410~1160409,有,冷氣、熱水器、洗衣機、電視機、冰箱、網路,一般轉租
東區,租賃房屋,臺南市東區崇明２４街８０號２樓之１６,0.0,,,,1150408,土地0建物1車位0,二層,6,華廈(10層含以下有電梯),集合住宅,鋼筋混凝土構造,1110601,44.519999999999996,1,0,1,有,有,有,14300,321,,0.0,0,管理費:1200元水費:250元,RPVNMLOKMHLGFCD58CC,獨立套房,有,1150520~1160519,有,冷氣、熱水器、洗衣機、電視機、冰箱、網路,一般轉租
東區,租賃房屋,臺南市東區崇明２４街８０號３樓之３３,0.0,,,,1150407,土地0建物1車位0,三層,6,華廈(10層含以下有電梯),集合住宅,鋼筋混凝土構造,1110601,34.76,1,0,1,有,有,有,11500,331,,0.0,0,管理費:1100元水費:200元多人共同承租2；,RPWNMLOKMHLGFCD68CC,獨立套房,有,1150410~1160409,有,冷氣、熱水器、洗衣機、電視機、冰箱、網路,一般轉租
東區,租賃房屋,臺南市東區崇明２４街８０號５樓之２３,0.0,,,,1150403,土地0建物1車位0,五層,6,華廈(10層含以下有電梯),集合住宅,鋼筋混凝土構造,1110601,34.76,1,0,1,有,有,有,11500,331,,0.0,0,管理費:1100元水費:200元,RPXNMLOKMHLGFCD78CC,獨立套房,有,1150410~1160409,有,冷氣、熱水器、洗衣機、電視機、冰箱、網路,一般轉租
東區,租賃房屋,臺南市東區崇德三十四街３８號,0.0,,,,1150326,土地0建物1車位0,全,2,透天厝,住商用,鋼筋混凝土造,0680205,125.07,5,2,2,有,無,有,22000,176,,0.0,0,台南市社會住宅包租代管公會版增辦第4期續租案件；,RPOOMLOKMHLGFCD97CC,整棟(戶)出租,無,1150401~1160331,無,冷氣、熱水器、洗衣機,社會住宅代管
南區,租賃房屋,臺南市南區水交社路８０巷３２號七樓,0.0,,,,1150317,土地0建物1車位0,七層,7,華廈(10層含以下有電梯),集合住宅,鋼筋混凝土造,1031016,163.82999999999998,3,2,2,有,有,有,22000,134,,0.0,0,參加公會版住宅包租代管四期計畫未租賃車位，建物登記含有車位面積；續租案件；,RPPOMLOKMHLGFCD08CC,整棟(戶)出租,有,1150401~1160331,有,冷氣、熱水器,社會住宅代管
東區,租賃房屋,臺南市東區崇明十九街２８號,0.0,,,,1150405,土地0建物0車位0,全,4,透天厝,住商用,鋼筋混凝土造,0790115,18.2,9,2,9,有,無,有,8500,467,,0.0,0,租金總額含水費；網路費；含增建或未登記建物；續租案件；,RPQOMLOKMHLGFCD18CC,分租套房,無,1150405~1160405,無,冷氣、熱水器、洗衣機、電視機、冰箱、網路,一般代管
東區,租賃房屋,臺南市東區生產路３０７號,0.0,,,,1150405,土地0建物0車位0,全,2,透天厝,住商用,加強磚造,0640114,50.6,6,3,4,有,無,有,17000,336,,0.0,0,多人共同承租2；租金總額含水費；網路費；含增建或未登記建物；,RPROMLOKMHLGFCD28CC,分租套房,無,1150405~1160409,無,冷氣、熱水器、洗衣機、電視機、冰箱、網路,一般轉租
東區,租賃房屋,臺南市東區崇德二十街１２４號,0.0,,,,1150413,土地0建物0車位0,全,3,透天厝,住商用,鋼筋混凝土造,0700525,35.35,6,5,6,有,無,有,13500,382,,0.0,0,多人共同承租2；租金總額含水費；網路費；含增建或未登記建物；,RPUOMLOKMHLGFCD58CC,分租套房,無,1150413~1171226,無,冷氣、熱水器、洗衣機、電視機、冰箱、網路,一般轉租
東區,租賃房屋,臺南市東區長榮路３段３０巷３號,0.0,,,,1150322,土地0建物0車位0,全,2,透天厝,住家用,加強磚造,0561005,23.17,8,8,8,有,無,有,14000,604,,0.0,0,多人共同承租2；租金總額含水費；網路費；含增建或未登記建物；,RPVOMLOKMHLGFCD68CC,分租套房,無,1150322~1160322,無,冷氣、熱水器、洗衣機、電視機、冰箱、網路,一般代管
東區,租賃房屋,臺南市東區中華東路二段１９７號十七樓之１１,0.0,,,,1150410,土地0建物1車位0,十七層,20,住宅大樓(11層含以上有電梯),住家用,鋼筋混凝土造,0841106,91.81,2,1,1,有,有,有,13834,151,,0.0,0,此為台南市社會住宅包租代管第4期計畫。管理費1666元由出租人負擔。未租賃車位，建物登記含有車位面積；,RPWOMLOKMHLGFCD78CC,整棟(戶)出租,有,1150415~1161015,有,冷氣、熱水器、洗衣機、電視機、冰箱、瓦斯或天然氣,社會住宅包租轉租
南區,租賃房屋,臺南市南區金華路一段４８４巷９９弄７之２號,0.0,,,,1150326,土地0建物1車位0,三層,5,公寓(5樓含以下無電梯),住家用,鋼筋混凝土造,0700203,81.21000000000001,3,2,1,有,無,有,12000,148,,0.0,0,台南市社會住宅包租代管第5期計畫中央版租金依照租金水準區間表評定,RPXOMLOKMHLGFCD88CC,整棟(戶)出租,無,1150401~1180331,無,冷氣、熱水器、瓦斯或天然氣,社會住宅包租轉租
南區,租賃房屋,臺南市南區水交社路１號六樓之６,0.0,,,,1150411,土地0建物1車位0,六層,14,住宅大樓(11層含以上有電梯),集合住宅,鋼筋混凝土造,1061101,76.72,2,1,1,有,有,有,23000,300,,0.0,0,租金總額含管理費；其他機車停車位1個；,RPOPMLOKMHLGFCD08CC,整棟(戶)出租,有,1150415~1160414,有,冷氣、熱水器、洗衣機、電視機、冰箱,
東區,租賃房屋,臺南市東區崇德二十街５７號,0.0,,,,1150319,土地0建物1車位0,一層,6,華廈(10層含以下有電梯),住家用,鋼筋混凝土造,0811012,80.87,2,2,1,有,有,有,18000,223,,0.0,0,台南市社會住宅包租代管第5期計畫中央版租金依照租金水準區間表評定多人共同承租2；,RPPPMLOKMHLGFCD18CC,整棟(戶)出租,有,1150326~1180325,有,冷氣、熱水器、洗衣機、電視機、冰箱,社會住宅代管
南區,租賃房屋,臺南市南區中華南路二段４００巷４弄２６號２樓,0.0,,,,1150402,土地0建物1車位0,二層,5,公寓(5樓含以下無電梯),集合住宅,鋼筋混凝土造,0711129,92.42,3,2,2,有,無,有,14000,151,,0.0,0,參加國家住宅及都市更新中心辦理社會住宅包租代管第五期計畫中央版,RPQPMLOKMHLGFCD28CC,整棟(戶)出租,無,1150405~1160404,無,冷氣、熱水器、洗衣機、電視機、冰箱,社會住宅代管
新營區,租賃房屋,臺南市新營區新東里１１鄰東仁街４３巷１６弄８號,0.0,,,,1150409,土地0建物1車位0,全,3,透天厝,住家用,鋼筋混凝土造,0980608,179.5,5,2,3,有,無,有,18000,100,,0.0,0,台南市政府包租代管第4期計畫之物件。續租案件；,RPPNMLOKMHLGFDD08CC,整棟(戶)出租,無,1150422~1160312,無,冷氣、熱水器、洗衣機、瓦斯或天然氣,社會住宅包租轉租
新營區,租賃房屋,臺南市新營區隋唐街３９５號七樓之三,0.0,,,,1150320,土地0建物1車位0,七層,8,華廈(10層含以下有電梯),住家用,鋼筋混凝土造,0820508,84.03999999999999,2,1,1,有,有,無,12000,143,,0.0,0,參加公會版住宅包租代管四之一期計畫租金總額含管理費；續租案件；,RPQNMLOKMHLGFDD18CC,整棟(戶)出租,有,1150320~1160319,有,冷氣、熱水器、洗衣機、電視機,社會住宅代管
佳里區,租賃房屋,臺南市佳里區安西里２２鄰安西路３３０巷９號,0.0,,,,1150410,土地0建物1車位0,全,2,透天厝,住家用,加強磚造,0700309,90.58,3,2,3,有,無,有,12000,132,,0.0,0,台南市政府包租代管第4期計畫之物件。續租案件；,RPQNMLOKMHLGFGD48CC,整棟(戶)出租,無,1150415~1160414,無,冷氣、熱水器、洗衣機、電視機、冰箱、瓦斯或天然氣,社會住宅包租轉租
學甲區,租賃房屋,臺南市學甲區重信路１號八樓之二,0.0,,,,1150401,土地0建物1車位0,八層,12,住宅大樓(11層含以上有電梯),住家用,鋼筋混凝土造,0840622,83.87,2,1,2,有,有,有,10000,119,,0.0,0,參加國家住宅及都市中心辦理社會住宅包租代管第五期計劃中央版多人共同承租2；租金總額含管理費；,RPRNMLOKMHLGFGD58CC,整棟(戶)出租,有,1150401~1160331,有,冷氣、熱水器、洗衣機、電視機、冰箱,社會住宅代管
學甲區,租賃房屋,臺南市學甲區重信路１號十二樓之四,0.0,,,,1150401,土地0建物1車位0,十二層,12,住宅大樓(11層含以上有電梯),住家用,鋼筋混凝土造,0840622,134.04999999999998,3,2,2,有,有,有,11000,82,,0.0,0,參加國家住宅及都市中心辦理社會住宅包租代管第五期計劃中央版,RPSNMLOKMHLGFGD68CC,整棟(戶)出租,有,1150401~1160331,有,冷氣、熱水器、洗衣機、電視機、冰箱,社會住宅代管
佳里區,租賃房屋,臺南市佳里區復興路１２３號,0.0,,,,1150320,土地0建物1車位0,全,3,透天厝,Ｈ２：住宅；Ｇ３：店舖,鋼筋混凝土造,1110609,180.33,4,2,4,有,無,有,15000,83,,0.0,0,參加公會版住宅包租代管五期計畫,RPTNMLOKMHLGFGD78CC,整棟(戶)出租,無,1150320~1160319,無,冷氣、熱水器,社會住宅代管
學甲區,租賃房屋,臺南市學甲區過港子２１號,0.0,,,,1150401,土地0建物1車位0,全,1,透天厝,住家用,加強磚造,,97.72,1,2,2,有,無,有,9000,92,,0.0,0,參加國家住宅及都市中心辦理社會住宅包租代管第五期計劃中央版,RPUNMLOKMHLGFGD88CC,整棟(戶)出租,無,1150401~1160331,無,冷氣、熱水器、洗衣機、電視機、冰箱,社會住宅代管
學甲區,租賃房屋,臺南市學甲區重信路１號十一樓之四,0.0,,,,1150402,土地0建物1車位0,十一層,12,住宅大樓(11層含以上有電梯),住家用,鋼筋混凝土造,0840622,134.04999999999998,3,2,2,有,有,有,11000,82,,0.0,0,參加國家住宅及都市中心辦理社會住宅包租代管第五期計劃中央版續租案件；,RPVNMLOKMHLGFGD98CC,整棟(戶)出租,有,1150402~1160401,有,冷氣、熱水器、洗衣機、電視機、冰箱,社會住宅代管
西港區,租賃房屋+車位,臺南市西港區溪埔寮５之８號６樓之６,0.0,,,,1150329,土地0建物1車位1,六層,7,華廈(10層含以下有電梯),集合住宅,鋼筋混凝土造,1131004,102.80000000000001,3,2,2,有,有,有,23000,224,一樓平面,0.0,0,1.契約書未約定土地租賃標的2.由出租人提供租屋資訊,RPWNMLOKMHLGFGD09CC,整棟(戶)出租,無,1150410~1160409,有,冷氣、熱水器、洗衣機、冰箱,
新市區,租賃房屋,臺南市新市區銘傳街８０號,0.0,,,,1150323,土地0建物0車位0,全,4,透天厝,店舖、停車空間、住宅,鋼筋混凝土造,1020115,26.52,7,0,7,有,無,有,7500,283,,0.0,0,租金總額含網路費；租賃建物部分範圍，且未計入共有部分面積；,RPQNMLOKMHLGFHD58CC,分租套房,無,1150325~1160324,無,冷氣、熱水器、電視機、冰箱、有線電視、網路,一般代管
善化區,租賃房屋,臺南市善化區文正路７９巷１８之１號,0.0,,,,1150323,土地0建物0車位0,全,4,透天厝,住家用,鋼筋混凝土造,1050304,32.63,10,0,10,有,無,有,7000,215,,0.0,0,租金總額含網路費；,RPRNMLOKMHLGFHD68CC,分租套房,無,1150325~1150924,無,冷氣、熱水器、洗衣機、電視機、冰箱、有線電視、網路,一般代管
新化區,租賃房屋+車位,臺南市新化區頂山?５３之４６２號六樓之１,0.0,,,,1150320,土地0建物1車位1,六層,7,華廈(10層含以下有電梯),集合住宅,鋼筋混凝土造,1120501,147.81,3,2,2,有,有,有,20000,135,坡道平面,18.84,0,參加公會版住宅包租代管四之一期計畫租金總額含管理費；其他停車位管理費；續租案件；,RPSNMLOKMHLGFHD78CC,整棟(戶)出租,有,1150320~1160319,有,冷氣、熱水器、電視機,社會住宅代管
新市區,租賃房屋,臺南市新市區銘傳街８０號,0.0,,,,1150325,土地0建物0車位0,全,4,透天厝,店舖、停車空間、住宅,鋼筋混凝土造,1020115,26.52,7,0,7,有,無,有,7200,271,,0.0,0,續租案件；,RPTNMLOKMHLGFHD88CC,分租套房,無,1150420~1150519,無,冷氣、熱水器、洗衣機、電視機、冰箱,一般代管
善化區,土地,善新段204地號,1053.34,住,,,1150409,土地1建物0車位0,,,其他,,,,0.0,0,0,0,無,無,無,80000,76,,0.0,0,租金總額含稅；其他二代健保補充費用；,RPUNMLOKMHLGFHD98CC,,,1150501~1160430,,,
新市區,租賃房屋,臺南市新市區信義街１７巷９號,0.0,,,,1150326,土地0建物0車位0,全,4,透天厝,集合住宅,鋼筋混凝土造,1110104,26.74,8,0,8,有,無,有,7000,262,,0.0,0,租金總額含網路費；租賃建物部分範圍，且未計入共有部分面積；,RPVNMLOKMHLGFHD09CC,分租套房,無,1150401~1150930,無,冷氣、熱水器、洗衣機、電視機、冰箱、有線電視、網路,一般代管
善化區,租賃房屋,臺南市善化區興農路３８１號五樓之５,0.0,,,,1150408,土地0建物1車位0,五層,7,華廈(10層含以下有電梯),集合住宅,鋼筋混凝土造,1070628,81.75999999999999,2,1,2,有,有,有,14069,172,,0.0,0,台南市政府包租代管第4期計畫之物件。管理費1931元由出租人負擔。續租案件；,RPWNMLOKMHLGFHD56CC,整棟(戶)出租,有,1150417~1160416,有,冷氣、熱水器、洗衣機、電視機、瓦斯或天然氣,社會住宅包租轉租
新市區,租賃房屋,臺南市新市區永就１５之７１號,0.0,,,,1150327,土地0建物0車位0,全,4,透天厝,住宅、門廊,鋼筋混凝土造,1011205,20.01,7,0,7,有,無,有,5500,275,,0.0,0,多人共同承租2；租金總額含網路費；,RPOOMLOKMHLGFHD48CC,分租套房,無,1150401~1150930,無,冷氣、熱水器、洗衣機、電視機、冰箱、有線電視、網路,一般代管
新市區,租賃房屋,臺南市新市區中山路２０２之９號,0.0,,,,1150327,土地0建物0車位0,全,3,透天厝,辦公室、加工所、倉庫、員工宿舍,鋼筋混凝土造,0811109,13.28,13,0,13,有,無,有,4000,301,,0.0,0,租金總額含網路費；,RPPOMLOKMHLGFHD58CC,分租套房,無,1150501~1160430,無,冷氣、熱水器、電視機、冰箱、有線電視、網路,一般代管
新市區,租賃房屋,臺南市新市區中山路２０２之９號,0.0,,,,1150328,土地0建物0車位0,全,3,透天厝,辦公室、加工所、倉庫、員工宿舍,鋼筋混凝土造,0811109,30.18,13,0,13,有,無,有,5500,182,,0.0,0,多人共同承租2；租金總額含網路費；,RPQOMLOKMHLGFHD68CC,分租套房,無,1150401~1150930,無,冷氣、熱水器、電視機、冰箱、有線電視、網路,一般代管
新市區,租賃房屋,臺南市新市區信義街１７巷９號,0.0,,,,1150409,土地0建物0車位0,全,4,透天厝,住宅、停車空間,鋼筋混凝土造,1031007,35.74,8,0,8,有,無,有,8000,224,,0.0,0,多人共同承租2；租金總額含網路費；租賃建物部分範圍，且未計入共有部分面積；,RPROMLOKMHLGFHD78CC,分租套房,無,1150411~1160410,無,冷氣、熱水器、洗衣機、電視機、冰箱、有線電視、網路,一般代管
新市區,租賃房屋,臺南市新市區銘傳街８２號,0.0,,,,1150407,土地0建物0車位0,全,4,透天厝,店舖、停車空間、住宅,鋼筋混凝土造,1020115,17.48,7,0,7,有,無,有,5500,315,,0.0,0,租金總額含網路費；租賃建物部分範圍，且未計入共有部分面積；,RPTOMLOKMHLGFHD98CC,分租套房,無,1150408~1160407,無,冷氣、熱水器、洗衣機、電視機、冰箱、有線電視、網路,一般代管
善化區,租賃房屋,臺南市善化區善新西路６６０巷１０號,0.0,,,,1150411,土地0建物0車位0,全,4,透天厝,住宅，停車空間,鋼筋混凝土造,1030225,25.76,7,0,7,有,無,有,5500,214,,0.0,0,租金總額含網路費；租賃建物部分範圍，且未計入共有部分面積；,RPVOMLOKMHLGFHD56CC,分租套房,無,1150413~1160412,無,冷氣、熱水器、洗衣機、電視機、冰箱、有線電視、網路,一般代管
新市區,車位,臺南市新市區信義街１７巷９號,15.13,住,,,1150326,土地0建物0車位1,,,其他,,,,0.0,0,0,0,無,無,無,1500,,一樓平面,4.57,1500,租賃建物部分範圍，且未計入共有部分面積；,RPWOMLOKMHLGFHD66CC,,,1150401~1150930,,,
歸仁區,租賃房屋,臺南市歸仁區大順三街１１２號,0.0,,,,1150405,土地0建物0車位0,全,3,透天厝,店舖,鋼骨構造有牆,1090114,29.48,4,0,4,有,無,有,10000,339,,0.0,0,多人共同承租2；,RPQNMLOKMHLGFID68CC,分租套房,無,1150405~1160405,無,冷氣、熱水器、洗衣機、電視機、冰箱、網路,一般代管
歸仁區,租賃房屋,臺南市歸仁區七甲二街５８巷７６號二樓之５,0.0,,,,1150320,土地0建物1車位0,二層,6,華廈(10層含以下有電梯),集合住宅,鋼筋混凝土造,1120815,104.9,3,1,2,有,有,有,15500,148,,0.0,0,國家住宅及都市更新中心社會住宅包租代管中央版第五期計畫,RPRNMLOKMHLGFID78CC,整棟(戶)出租,有,1150401~1180331,有,冷氣、熱水器、洗衣機、冰箱,社會住宅代管
歸仁區,租賃房屋,臺南市歸仁區後市里民族北街１７巷２號九樓之１１,0.0,,,,1150402,土地0建物1車位0,九層,10,華廈(10層含以下有電梯),住家用,鋼筋混凝土造,0821224,81.75999999999999,2,1,1,有,有,有,12000,147,,0.0,0,台南市不動產租賃公會民間住宅包租代管第5期計畫之物件。續租案件；,RPSNMLOKMHLGFID88CC,整棟(戶)出租,有,1150418~1160417,有,冷氣、熱水器、洗衣機、冰箱、瓦斯或天然氣,社會住宅包租轉租
仁德區,租賃房屋,臺南市仁德區德洋路２１９號,106.05,住,,,1150413,土地2建物1車位0,全,2,透天厝,住商用,加強磚造,0720406,114.83,3,2,2,有,無,無,20000,174,,0.0,0,,RPTNMLOKMHLGFID98CC,整棟(戶)出租,無,1150415~1160414,無,熱水器,
仁德區,租賃房屋+車位,臺南市仁德區和愛街７號５樓之１,0.0,,,,1150329,土地0建物1車位1,五層,9,華廈(10層含以下有電梯),住家用,鋼筋混凝土造,0990422,157.43,3,2,2,有,有,有,16350,104,坡道平面,0.0,2500,管理費1150元已於月租金扣除.,RPUNMLOKMHLGFID09CC,整棟(戶)出租,有,1150501~1160430,有,冷氣、熱水器、洗衣機、電視機、冰箱,
歸仁區,租賃房屋+車位,臺南市歸仁區歸仁九路３１號９樓之２,0.0,,,,1150330,土地0建物1車位1,九層,15,住宅大樓(11層含以上有電梯),集合住宅,鋼筋混凝土造,1130412,151.70999999999998,3,2,2,有,有,有,22000,145,坡道平面,26.19,0,多人共同承租2；,RPVNMLOKMHLGFID56CC,整棟(戶)出租,有,1150405~1170404,有,冷氣、熱水器、洗衣機、電視機、冰箱、瓦斯或天然氣,
仁德區,租賃房屋,臺南市仁德區中正西路３６０巷２０弄４１號四樓之５,0.0,,,,1150326,土地0建物1車位0,四層,4,華廈(10層含以下有電梯),辦公室,鋼筋混凝土造,0960920,14.149999999999999,1,1,1,有,有,有,5000,353,,0.0,0,參加國家住宅及都市更新中心辦理社會住宅包租代管增辦第四期計畫公會版租金總額含管理費；續租案件；,RPWNMLOKMHLGFID66CC,獨立套房,有,1150601~1160531,有,冷氣、熱水器、電視機、冰箱,社會住宅代管
歸仁區,租賃房屋,臺南市歸仁區民權十街９０號二樓之９,0.0,,,,1150319,土地0建物1車位0,二層,6,華廈(10層含以下有電梯),集合住宅,鋼筋混凝土構造,1080724,126.03,3,2,2,有,有,有,22000,175,,0.0,0,台南市社會住宅包租代管第4期計畫公會版租金依照租金水準區間表評定未租賃車位，建物登記含有車位面積；續租案件；,RPXNMLOKMHLGFID76CC,整棟(戶)出租,有,1150405~1160404,有,冷氣、熱水器、洗衣機、電視機、冰箱、瓦斯或天然氣,社會住宅代管
仁德區,租賃房屋,臺南市仁德區德崙路２１巷２號九樓之３,0.0,,,,1150410,土地0建物1車位0,九層,11,住宅大樓(11層含以上有電梯),住家用,鋼筋混凝土造,0830608,76.42,2,1,1,有,有,有,11500,150,,0.0,0,台南市不動產租賃公會民間住宅包租代管第5期計畫。,RPOOMLOKMHLGFID58CC,整棟(戶)出租,有,1150415~1160414,有,冷氣、熱水器、洗衣機、冰箱、瓦斯或天然氣,社會住宅包租轉租
永康區,租賃房屋,臺南市永康區復華三街６６號十三樓之３,0.0,,,,1150331,土地0建物1車位0,十三層,19,住宅大樓(11層含以上有電梯),住家用,鋼筋混凝土造,0840908,97.47999999999999,3,2,2,有,有,有,16000,164,,0.0,0,管理費1160元，由承租人負擔多人共同承租2；,RPPNMLOKMHLGFKD78CC,整棟(戶)出租,有,1150415~1160414,有,冷氣、熱水器、冰箱、瓦斯或天然氣,社會住宅代管
永康區,租賃房屋,臺南市永康區復華三街９０巷１４號十七樓之３,0.0,,,,1150331,土地0建物1車位0,十七層,17,住宅大樓(11層含以上有電梯),住家用,鋼筋混凝土造,0831108,109.21000000000001,3,2,2,有,有,有,15000,137,,0.0,0,管理費1050元，由承租人負擔,RPQNMLOKMHLGFKD88CC,整棟(戶)出租,有,1150401~1160331,有,冷氣、熱水器、洗衣機、電視機、冰箱、瓦斯或天然氣,社會住宅代管
永康區,租賃房屋+車位,臺南市永康區小東路４２３巷２８號十一樓之１,0.0,,,,1150406,土地0建物1車位1,十一層,11,住宅大樓(11層含以上有電梯),集合住宅,鋼筋混凝土構造,1100820,159.06,3,2,2,有,有,無,20000,159,坡道平面,36.71,500,管理費2600元，由承租人負擔多人共同承租2；,RPRNMLOKMHLGFKD98CC,整棟(戶)出租,有,1150415~1180414,有,冷氣、熱水器、洗衣機、電視機、冰箱、瓦斯或天然氣,社會住宅代管
永康區,租賃房屋+車位,臺南市永康區復國路７６號７樓之５,0.0,,,,1150324,土地0建物1車位1,七層,14,住宅大樓(11層含以上有電梯),住家用,鋼筋混凝土造,0960920,180.53,3,2,2,有,有,有,20000,111,坡道平面,0.0,0,1.契約書未約定土地租賃標的。2.由所有權人提供租屋資訊。3.自民國115/3/24~115/3/31止為免租搬遷期，租金自115/4/1起算。租金總額含管理費；,RPSNMLOKMHLGFKD09CC,整棟(戶)出租,有,1150401~1160331,有,冷氣、熱水器、瓦斯或天然氣,
永康區,租賃房屋,臺南市永康區鹽行里新行街１３３號十二樓之１,0.0,,,,1150411,土地0建物1車位0,十二層,15,住宅大樓(11層含以上有電梯),住家用,鋼筋混凝土造,0820827,178.85000000000002,4,2,2,有,有,有,20000,112,,0.0,0,特別約定事項:1.不得安奉神明及祭祀，室內不得吸菸、吸毒，一經發現視同違約論。2.請勿破壞地面，牆面，釘釘子。3.退租需恢復原狀，不得有異味，若設備人為破壞，由承租方自行修繕。4.管理費由承租人繳納季繳5373元。多人共同承租2；,RPTNMLOKMHLGFKD56CC,整棟(戶)出租,有,1150420~1160419,有,冷氣、熱水器、洗衣機、冰箱,
永康區,租賃房屋+車位,臺南市永康區鹽行路１４６巷２０弄１３之１２號,0.0,,,,1150411,土地0建物1車位1,七層,11,住宅大樓(11層含以上有電梯),住家用,鋼筋混凝土造,0841222,121.13,3,2,2,有,有,有,21299,176,坡道機械,0.0,0,管理費由出租人負擔1701元/月多人共同承租2；租金總額含管理費；,RPUNMLOKMHLGFKD66CC,整棟(戶)出租,有,1150501~1170430,有,冷氣、熱水器、洗衣機、電視機、冰箱、瓦斯或天然氣、有線電視,
永康區,租賃房屋,臺南市永康區復華里復國一路４７５巷２８號三樓之２０,0.0,,,,1150407,土地0建物1車位0,三層,5,華廈(10層含以下有電梯),住家用,鋼筋混凝土構造,1070402,13.55,1,0,1,有,有,有,4500,332,,0.0,0,含增建或未登記建物；續租案件；,RPVNMLOKMHLGFKD76CC,獨立套房,有,1150701~1160630,有,冷氣、熱水器、電視機、冰箱、網路,一般代管
永康區,租賃房屋,臺南市永康區復華里復國一路４７５巷２８號五樓之１５,0.0,,,,1150406,土地0建物1車位0,五層,5,華廈(10層含以下有電梯),住家用,鋼筋混凝土構造,1070402,13.61,1,0,1,有,有,有,4350,320,,0.0,0,含增建或未登記建物；續租案件；,RPWNMLOKMHLGFKD86CC,獨立套房,有,1150701~1151231,有,冷氣、熱水器、電視機、冰箱、網路,一般代管
永康區,租賃房屋+車位,臺南市永康區忠孝一路８３號七樓之５,0.0,,,,1150407,土地0建物1車位1,七層,15,住宅大樓(11層含以上有電梯),集合住宅,鋼筋混凝土造,1120920,121.6,2,1,1,有,有,有,17500,144,坡道平面,40.68,0,台南市不動產租賃公會民間住宅包租代管第4期計畫。,RPOOMLOKMHLGFKD78CC,整棟(戶)出租,有,1150408~1160407,有,冷氣、熱水器、洗衣機、電視機、冰箱、瓦斯或天然氣,社會住宅包租轉租
永康區,租賃房屋,臺南市永康區大灣三街２１巷１７號,0.0,,,,1150320,土地0建物1車位0,全,3,透天厝,住家用,鋼筋混凝土造,0820805,149.02,3,2,2,有,無,無,23000,154,,0.0,0,參加公會版住宅包租代管四之一期計畫續租案件；,RPPOMLOKMHLGFKD88CC,整棟(戶)出租,無,1150320~1160319,無,冷氣、熱水器、洗衣機、電視機、冰箱,社會住宅代管
永康區,租賃房屋,臺南市永康區大灣路４４巷４２弄１５號,75.6,住,,,1150331,土地2建物1車位0,全,4,透天厝,住家用,鋼筋混凝土造,0831215,150.88,5,1,3,有,無,無,23000,152,,0.0,0,115/03/31為訂約日，因房屋內尚有租客，6/30退租，目前無法入內點交附屬設備。多人共同承租3；,RPQOMLOKMHLGFKD98CC,整棟(戶)出租,無,1150701~1180630,無,,
永康區,租賃房屋,臺南市永康區自強路７７３巷２弄１４號四樓,0.0,,,,1150330,土地0建物1車位0,四層,4,公寓(5樓含以下無電梯),住家用,鋼筋混凝土造,0690704,73.56,3,1,1,有,無,無,12000,163,,0.0,0,參加國家住宅及都市中心辦理社會住宅包租代管第五期計劃中央版,RPROMLOKMHLGFKD09CC,整棟(戶)出租,無,1150405~1160404,無,冰箱,社會住宅代管
永康區,租賃房屋,臺南市永康區忠孝一路８５號七樓之３,0.0,,,,1150408,土地0建物1車位0,七層,15,住宅大樓(11層含以上有電梯),集合住宅,鋼筋混凝土造,1120920,80.92,2,1,1,有,有,有,17500,216,,0.0,0,台南市政府包租代管第4期計畫之物件。續租案件；,RPSOMLOKMHLGFKD56CC,整棟(戶)出租,有,1150416~1160324,有,冷氣、熱水器、洗衣機、電視機、冰箱、瓦斯或天然氣,社會住宅包租轉租
永康區,租賃房屋,臺南市永康區鹽行里中正南路７７９巷５７號三樓之一,0.0,,,,1150331,土地0建物1車位0,三層,4,公寓(5樓含以下無電梯),住家用,鋼筋混凝土造,0701105,71.46000000000001,2,1,1,有,無,有,10000,140,,0.0,0,台南市社會住宅包租代管公會版第4期續租案件；,RPTOMLOKMHLGFKD66CC,整棟(戶)出租,無,1150401~1160331,無,冷氣、熱水器,社會住宅代管
永康區,租賃房屋,臺南市永康區復華五街８０號十四樓之３,0.0,,,,1150407,土地0建物1車位0,十四層,14,住宅大樓(11層含以上有電梯),住家用,鋼筋混凝土構造,1051020,127.30000000000001,3,1,2,有,有,有,19500,153,,0.0,0,台南市不動產租賃公會民間住宅包租代管第5期計畫之物件。續租案件；,RPUOMLOKMHLGFKD76CC,整棟(戶)出租,有,1150413~1160412,有,冷氣、熱水器、洗衣機、冰箱、瓦斯或天然氣,社會住宅包租轉租
永康區,租賃房屋,臺南市永康區中華路７巷１０號四樓之１,0.0,,,,1150410,土地0建物1車位0,四層,19,住宅大樓(11層含以上有電梯),集合住宅,鋼筋混凝土構造,1010817,163.0,3,2,2,有,有,有,17142,105,,0.0,0,台南市政府包租代管第4期計畫之物件。管理費3458元由出租人負擔。續租案件；,RPVOMLOKMHLGFKD86CC,整棟(戶)出租,有,1150415~1160414,有,冷氣、熱水器、洗衣機、電視機、冰箱、瓦斯或天然氣,社會住宅代管
永康區,土地,亞太段550-2地號,119.0,農,,,1150324,土地1建物0車位0,,,其他,,,,0.0,0,0,0,無,無,無,23500,197,,0.0,0,1.租金未含稅，租賃所得稅10%及二代健保補充保費由乙方另外繳納。2.電費以收據由乙方自行繳納，另水費以每個月500元連同租金一併給付甲方。含增建或未登記建物；租賃建物部分範圍，且未計入共有部分面積；,RPWOMLOKMHLGFKD96CC,,,1150325~1180324,,,
永康區,租賃房屋,臺南市永康區中山南路４６７巷１５號,0.0,,,,1150323,土地0建物0車位0,全,2,透天厝,廠房、辦公室、倉庫、員工宿舍。,加強磚造,0690301,28.74,23,23,23,有,無,有,13000,452,,0.0,0,租金總額含水費；網路費；含增建或未登記建物；,RPOPMLOKMHLGFKD88CC,分租套房,無,1150323~1160323,無,冷氣、熱水器、洗衣機、電視機、冰箱、網路,一般代管
永康區,租賃房屋,臺南市永康區忠義街６０巷１號七樓之１５,0.0,,,,1150320,土地0建物1車位0,七層,15,住宅大樓(11層含以上有電梯),辦公室。,鋼筋混凝土造,0840331,49.339999999999996,1,1,1,有,有,有,10800,219,,0.0,0,台南市社會住宅包租代管第5期計畫中央版租金依照租金水準區間表評定,RPPPMLOKMHLGFKD98CC,獨立套房,有,1150401~1180331,有,冷氣、熱水器、洗衣機、電視機、冰箱,社會住宅代管
永康區,租賃房屋,臺南市永康區國光七街５８號八樓之一,0.0,,,,1150407,土地0建物0車位0,八層,8,華廈(10層含以下有電梯),住家用,鋼筋混凝土造,0850322,104.17,3,1,2,有,無,有,19000,182,,0.0,0,多人共同承租2；租金總額含管理費；,RPRPMLOKMHLGFKD56CC,分租套房,有,1150407~1160410,有,冷氣、熱水器、洗衣機、電視機、冰箱、瓦斯或天然氣,一般代管
永康區,租賃房屋,臺南市永康區中山南路１１３號五樓之５,0.0,,,,1150323,土地0建物1車位0,五層,8,華廈(10層含以下有電梯),住家用,鋼筋混凝土造,0820910,40.41,1,1,1,有,有,有,10700,265,,0.0,0,台南市社會住宅包租代管第5期計畫中央版租金依照租金水準區間表評定,RPSPMLOKMHLGFKD66CC,獨立套房,有,1150328~1180327,有,冷氣、熱水器、洗衣機、電視機、冰箱,社會住宅包租轉租
永康區,租賃房屋,臺南市永康區大橋里中華路８６２號五樓之６,0.0,,,,1150320,土地0建物1車位0,五層,8,華廈(10層含以下有電梯),住家用,鋼筋混凝土造,0861015,39.58,1,1,1,有,有,有,7000,177,,0.0,0,台南市社會住宅包租代管第5期計畫中央版租金依照租金水準區間表評定,RPTPMLOKMHLGFKD76CC,獨立套房,有,1150330~1180329,有,冷氣、熱水器、電視機、冰箱,社會住宅代管
永康區,租賃房屋,臺南市永康區永安路１６５巷１２５號九樓之２,0.0,,,,1150326,土地0建物1車位0,九層,10,華廈(10層含以下有電梯),住家用,鋼筋混凝土造,0890816,99.64,2,2,2,有,有,有,18300,184,,0.0,0,參加國家住宅及都市更新中心辦理社會住宅包租代管第五期計畫中央版未租賃車位，建物登記含有車位面積；,RPUPMLOKMHLGFKD86CC,整棟(戶)出租,有,1150401~1160331,有,冷氣、熱水器、洗衣機、電視機、冰箱、瓦斯或天然氣,社會住宅代管
中西區,租賃房屋,臺南市中西區民權路三段１９６號五樓之１０,0.0,,,,1150327,土地0建物1車位0,五層,7,華廈(10層含以下有電梯),住家用,鋼筋混凝土造,0850911,36.71,1,1,1,有,有,有,11500,313,,0.0,0,參加國家住宅及都市更新中心辦理社會住宅包租代管第5期計畫中央版,RPPNMLPKMHLGFAD87CC,獨立套房,有,1150403~1160402,有,冷氣、熱水器、洗衣機、電視機、冰箱,社會住宅包租轉租
安平區,租賃房屋,臺南市安平區國平路５５２巷９４號七樓之４,0.0,,,,1150320,土地0建物1車位0,七層,7,華廈(10層含以下有電梯),住家用,鋼筋混凝土造,0800624,141.57,4,2,2,有,有,有,21000,148,,0.0,0,參加公會版住宅包租代管五期計畫租金總額含管理費；,RPQNMLPKMHLGFAD97CC,整棟(戶)出租,有,1150320~1170319,有,冷氣、洗衣機、電視機、冰箱,社會住宅代管
安平區,租賃房屋,臺南市安平區世平路１０號之５,0.0,,,,1150320,土地0建物1車位0,全,2,透天厝,住家用,加強磚造,0730723,90.34,4,2,2,有,無,有,16000,177,,0.0,0,參加公會版住宅包租代管五期計畫,RPRNMLPKMHLGFAD08CC,整棟(戶)出租,無,1150320~1160319,無,冷氣、熱水器,社會住宅代管
北區,租賃房屋,臺南市北區成功路２號十一樓之１０,0.0,,,,1150330,土地0建物1車位0,十一層,14,住宅大樓(11層含以上有電梯),住家用,鋼筋混凝土造,0731228,30.79,1,0,1,有,有,有,7500,244,,0.0,0,租金總額含管理費；,RPSNMLPKMHLGFAD18CC,獨立套房,有,1150401~1160331,有,冷氣、熱水器、洗衣機、冰箱,
安平區,租賃房屋+車位,臺南市安平區健康三街１５６號１０樓之２,0.0,,,,1150407,土地0建物1車位1,十層,14,住宅大樓(11層含以上有電梯),集合住宅,ＲＣ造,0950822,151.78,3,2,2,有,有,無,23000,152,坡道平面,0.0,0,,RPTNMLPKMHLGFAD28CC,整棟(戶)出租,有,1150427~1160426,有,,
北區,租賃房屋,臺南市北區北門路二段３４４巷３號五樓,0.0,,,,1150410,土地0建物1車位0,五層,11,住宅大樓(11層含以上有電梯),集合住宅,鋼筋混凝土造,0911115,129.72,4,2,2,有,有,有,15000,116,,0.0,0,台南市不動產租賃公會民間住宅包租代管第5期計畫之物件。續租案件；,RPUNMLPKMHLGFAD38CC,整棟(戶)出租,有,1150410~1160409,有,冷氣、熱水器、洗衣機、電視機、冰箱、瓦斯或天然氣,社會住宅代管
北區,租賃房屋,臺南市北區西門路四段４３０巷１２號,0.0,,,,1150414,土地0建物1車位0,全,2,透天厝,住家用,加強磚造,0651013,81.5,5,1,3,有,無,有,21000,258,,0.0,0,含增建或未登記建物；,RPVNMLPKMHLGFAD48CC,整棟(戶)出租,無,1150420~1160419,無,熱水器、瓦斯或天然氣,
安平區,租賃房屋+車位,臺南市安平區永華路二段２８６號二十二樓,0.0,,,,1150408,土地0建物1車位1,二十二層,29,住宅大樓(11層含以上有電梯),集合住宅,鋼筋混凝土構造,1070921,177.39,3,2,2,有,有,有,40000,225,坡道機械,23.36,0,租金總額含管理費；網路費；其他10%租賃所得稅及2.11% 二代健保補充保費；續租案件；,RPWNMLPKMHLGFAD58CC,整棟(戶)出租,有,1150601~1150630,有,冷氣、熱水器、洗衣機、電視機、冰箱、瓦斯或天然氣、有線電視、網路,
安平區,租賃房屋,臺南市安平區郡平路２９５號,0.0,,,,1150408,土地0建物1車位0,見其他登記事項,7,店面(店鋪),住商用,鋼筋混凝土造,0840711,146.16,1,1,2,有,有,無,20000,137,,0.0,0,租金總額含管理費；續租案件；,RPXNMLPKMHLGFAD68CC,,有,1150410~1160409,有,冷氣、熱水器,
中西區,租賃房屋,臺南市中西區金華路三段２５２號十八樓之７,0.0,,,,1150320,土地0建物1車位0,十八層,21,住宅大樓(11層含以上有電梯),住家用,鋼筋混凝土造,0870219,36.04,1,0,1,有,有,有,8000,222,,0.0,0,參加公會版住宅包租代管五期計畫,RPOOMLPKMHLGFAD87CC,獨立套房,有,1150320~1160319,有,冷氣、洗衣機、電視機、冰箱,社會住宅代管
中西區,租賃房屋+車位,臺南市中西區民權路四段１２８號七樓之５,0.0,,,,1150410,土地0建物1車位1,七層,20,住宅大樓(11層含以上有電梯),集合住宅,鋼筋混凝土構造,1070531,154.82999999999998,2,2,2,有,有,有,19000,137,坡道平面,38.26,3000,臺南市不動產租賃公會民間住宅包租代管第五期計畫之物件。,RPPOMLPKMHLGFAD97CC,整棟(戶)出租,有,1150410~1180409,有,冷氣、熱水器、電視機、瓦斯或天然氣,社會住宅包租轉租
安平區,租賃房屋,臺南市安平區永華路二段３９１號四樓之６,0.0,,,,1150320,土地0建物1車位0,四層,22,住宅大樓(11層含以上有電梯),集合住宅,鋼筋混凝土構造,1101213,137.9,2,2,2,有,有,有,19700,143,,0.0,0,參加公會版住宅包租代管五期計畫未租賃車位，建物登記含有車位面積；,RPQOMLPKMHLGFAD08CC,整棟(戶)出租,有,1150320~1160319,有,冷氣、電視機、冰箱,社會住宅代管
中西區,租賃房屋,臺南市中西區郡緯街６號六樓之５,0.0,,,,1150320,土地0建物1車位0,六層,7,華廈(10層含以下有電梯),住家用,鋼筋混凝土造,0690603,40.58,1,0,1,有,有,有,10000,246,,0.0,0,參加公會版住宅包租代管五期計畫,RPROMLPKMHLGFAD18CC,獨立套房,有,1150320~1160319,有,冷氣、熱水器、洗衣機、電視機、冰箱,社會住宅代管
北區,租賃房屋+車位,臺南市北區民德路５８巷１７弄６號,0.0,,,,1150415,土地0建物1車位1,全,3,透天厝,住家用,鋼筋混凝土造,0771130,239.5,5,2,3,有,無,有,30000,125,坡道平面,0.0,0,,RPSOMLPKMHLGFAD28CC,整棟(戶)出租,無,1150515~1170514,無,冷氣、熱水器、瓦斯或天然氣,
中西區,租賃房屋,臺南市中西區金華路三段２１８號十五樓之１３,0.0,,,,1150320,土地0建物1車位0,十五層,18,住宅大樓(11層含以上有電梯),住家用,鋼筋混凝土造,0840704,47.85,1,1,1,有,有,有,13000,272,,0.0,0,參加公會版住宅包租代管五期計畫,RPUOMLPKMHLGFAD48CC,獨立套房,有,1150320~1160319,有,冷氣、熱水器、洗衣機、電視機、冰箱,社會住宅代管
北區,租賃房屋,臺南市北區開南街１３５號,0.0,,,,1150413,土地0建物0車位0,全,4,透天厝,住家用,鋼筋混凝土造,0830624,13.87,59,0,59,有,無,有,4500,324,,0.0,0,開南313房租金總額含水費；,RPVOMLPKMHLGFAD58CC,分租套房,無,1150325~1151120,有,冷氣、熱水器、電視機,一般轉租
中西區,租賃房屋,臺南市中西區中和街１１０號,0.0,,,,1150408,土地0建物1車位0,見其他登記事項,2,店面(店鋪),住家用,加強磚造,0691231,53.08,1,1,1,有,無,無,14000,264,,0.0,0,1-1樓及2.3樓二份合約需同時履行始生效力如其中之一不履行即視同二份租約違約含增建或未登記建物；,RPWOMLPKMHLGFAD68CC,,無,1150408~1160430,無,,
北區,租賃房屋,臺南市北區開南街１３５號,0.0,,,,1150413,土地0建物0車位0,全,4,透天厝,住家用,鋼筋混凝土造,0830624,13.87,59,0,59,有,無,有,5000,360,,0.0,0,開南303房租金總額含水費；,RPXOMLPKMHLGFAD78CC,分租套房,無,1150325~1160211,有,冷氣、熱水器、電視機,一般轉租
中西區,租賃房屋,臺南市中西區中和街１１０號,0.0,,,,1150408,土地0建物1車位0,全,2,透天厝,住家用,加強磚造,0691231,59.87,2,1,1,有,無,無,8000,134,,0.0,0,1樓及2.3樓二份合約需同時履行始生效力如其中之一不履行即視同二份租約違約含增建或未登記建物；,RPOPMLPKMHLGFAD97CC,分層出租,無,1150408~1160430,無,,
北區,租賃房屋,臺南市北區開南街１３５號,0.0,,,,1150413,土地0建物0車位0,全,4,透天厝,住家用,鋼筋混凝土造,0830624,13.32,59,0,59,有,無,有,4000,300,,0.0,0,開南415房租金總額含水費；,RPPPMLPKMHLGFAD08CC,分租套房,無,1150325~1151214,有,冷氣、熱水器、電視機,一般轉租
北區,租賃房屋,臺南市北區長榮路五段１５１巷１號,0.0,,,,1150402,土地0建物1車位0,全,2,透天厝,住家用,加強磚造,0620410,107.19,4,2,2,有,無,有,23000,215,,0.0,0,參加國家住宅及都市更新中心辦理社會住宅包租代管增辦第四期計畫公會版續租案件；,RPQPMLPKMHLGFAD18CC,整棟(戶)出租,無,1150415~1160414,無,冷氣、熱水器、洗衣機、冰箱,社會住宅代管
北區,租賃房屋,臺南市北區長榮路四段３１巷２３弄１５之４號,0.0,,,,1150323,土地0建物1車位0,見其他登記事項,5,公寓(5樓含以下無電梯),住家用,鋼筋混凝土造,0741226,150.09,4,2,3,有,無,有,15000,100,,0.0,0,台南市社會住宅包租代管增辦第4期計畫公會版租金依照租金水準區間表評定續租案件；,RPRPMLPKMHLGFAD28CC,整棟(戶)出租,無,1150401~1160331,無,冷氣、熱水器、洗衣機、電視機、冰箱、瓦斯或天然氣,社會住宅代管
中西區,租賃房屋,臺南市中西區民生路二段３０５號十一樓之３,0.0,,,,1150325,土地0建物1車位0,十一層,12,住宅大樓(11層含以上有電梯),住家用,鋼筋混凝土造,0860118,29.229999999999997,1,0,1,有,有,有,6000,205,,0.0,0,參加公會版住宅包租代管五期計畫,RPSPMLPKMHLGFAD38CC,獨立套房,有,1150325~1160324,有,冷氣、熱水器、電視機、冰箱,社會住宅代管
中西區,租賃房屋+車位,臺南市中西區永華路一段２８８號十一樓之６,0.0,,,,1150331,土地0建物1車位1,十一層,19,住宅大樓(11層含以上有電梯),集合住宅,鋼筋混凝土構造,1100727,102.75,2,1,2,有,有,有,23000,300,坡道平面,29.39,1000,參加國家住宅及都市更新中心辦理社會住宅包租代管第四期計畫公會版續租案件；,RPTPMLPKMHLGFAD48CC,整棟(戶)出租,有,1150401~1160331,有,冷氣、熱水器、洗衣機、電視機、冰箱,社會住宅代管
北區,租賃房屋,臺南市北區西門路四段３１６巷２１號四樓之２,0.0,,,,1150323,土地0建物1車位0,四層,5,公寓(5樓含以下無電梯),住家用,鋼筋混凝土造,0710603,93.26,3,1,2,有,無,有,15000,161,,0.0,0,台南市社會住宅包租代管第5期計畫中央版租金依照租金水準區間表評定多人共同承租2；,RPUPMLPKMHLGFAD58CC,整棟(戶)出租,無,1150331~1160330,無,冷氣、熱水器、洗衣機、冰箱,社會住宅代管
安平區,租賃房屋,臺南市安平區慶平路２３４號四樓之１,0.0,,,,1150410,土地0建物1車位0,四層,12,住宅大樓(11層含以上有電梯),住家用,鋼筋混凝土造,0840311,37.81,1,1,1,有,有,有,6000,159,,0.0,0,管理費480元，由承租人負擔,RPVPMLPKMHLGFAD68CC,獨立套房,有,1150416~1160415,有,冷氣、熱水器、洗衣機、電視機、冰箱,社會住宅代管
北區,租賃房屋,臺南市北區開南街１３５號,0.0,,,,1150415,土地0建物0車位0,全,4,透天厝,住家用,鋼筋混凝土造,0830624,13.32,59,0,59,有,無,有,5000,375,,0.0,0,開南401房租金總額含水費；,RPWPMLPKMHLGFAD78CC,分租套房,無,1150325~1151224,有,冷氣、熱水器、電視機,一般轉租
安平區,租賃房屋+車位,臺南市安平區健康路三段３１７號１１樓之１,0.0,,,,1150320,土地0建物1車位1,十一層,27,住宅大樓(11層含以上有電梯),集合住宅,鋼筋混凝土構造,1051109,158.96,3,2,2,有,有,有,23000,157,坡道平面,31.89,3000,參加國家住宅及都市更新中心辦理社會住宅包租代管增辦第四期計畫公會版續租案件；,RPXPMLPKMHLGFAD88CC,整棟(戶)出租,有,1150404~1160403,有,冷氣、熱水器、洗衣機、電視機、冰箱,社會住宅代管
中西區,租賃房屋,臺南市中西區五妃街１２７號,0.0,,,,1150407,土地0建物1車位0,一層,2,店面(店鋪),住家用,加強磚造,0641223,33.06,0,0,0,無,無,無,17000,514,,0.0,0,115/04/07-115/05/06為免租金裝潢期租金總額含稅；租賃期間有約定不同租金115/05/07-118/04/06:每月新臺幣壹萬柒仟元整118/04/07-120/04/06:每月新臺幣壹萬捌仟元整；,RPOQMLPKMHLGFAD08CC,,無,1150407~1200406,無,,
中西區,租賃房屋,臺南市中西區五妃街１２７號,0.0,,,,1150407,土地0建物1車位0,全,2,透天厝,住家用,加強磚造,0641223,34.18,1,0,1,有,無,無,10000,293,,0.0,0,115/04/07-115/05/06為免租金裝潢期,RPPQMLPKMHLGFAD18CC,分層出租,無,1150407~1200406,無,,
中西區,租賃房屋,臺南市中西區五妃街２５８號四樓之１０,0.0,,,,1150325,土地0建物1車位0,四層,8,華廈(10層含以下有電梯),集合住宅,鋼筋混凝土造,0931203,59.86,1,2,1,有,有,有,15000,251,,0.0,0,參加公會版住宅包租代管五期計畫,RPQQMLPKMHLGFAD28CC,整棟(戶)出租,有,1150325~1170324,有,冷氣、熱水器、洗衣機、電視機、冰箱,社會住宅代管
北區,租賃房屋,臺南市北區勝利路２２６號四樓之５,0.0,,,,1150317,土地0建物1車位0,四層,5,華廈(10層含以下有電梯),住家用,鋼筋混凝土造,0810813,43.48,3,2,1,有,有,有,16000,368,,0.0,0,參加國家住宅及都市更新中心辦理社會住宅包租代管第四期計畫公會版租金總額含網路費；續租案件；,RPRQMLPKMHLGFAD38CC,整棟(戶)出租,無,1150401~1160331,有,冷氣、熱水器、洗衣機、電視機、冰箱、網路,社會住宅代管
中西區,租賃房屋,臺南市中西區金華路四段１４１號,0.0,,,,1150414,土地0建物0車位0,全,2,透天厝,住商用,鋼造,0740214,16.86,12,1,12,有,無,有,8500,504,,0.0,0,租金總額含水費；,RPSQMLPKMHLGFAD48CC,分租套房,無,1150415~1160414,無,冷氣、熱水器、洗衣機、電視機、冰箱,一般轉租
北區,租賃房屋,臺南市北區小東路２９９巷９弄５之４號,0.0,,,,1150328,土地0建物1車位0,五層,5,公寓(5樓含以下無電梯),住家用,鋼筋混凝土造,0710224,97.2,3,2,2,有,無,有,8000,82,,0.0,0,參加國家住宅及都市更新中心辦理社會住宅包租代管第五期計畫中央版續租案件；,RPTQMLPKMHLGFAD58CC,整棟(戶)出租,無,1150410~1160409,無,冷氣、熱水器、洗衣機、電視機、冰箱,社會住宅代管
安南區,租賃房屋,臺南市安南區安中路三段４００巷５５弄２８號三樓之１,0.0,,,,1150402,土地0建物1車位0,三層,5,華廈(10層含以下有電梯),集合住宅,鋼筋混凝土造,1110613,107.97,3,2,2,有,有,有,19000,176,,0.0,0,台南市社會住宅包租代管第5期計畫中央版租金依照租金水準區間表評定未租賃車位，建物登記含有車位面積；,RPQNMLPKMHLGFBD08CC,整棟(戶)出租,有,1150419~1180418,有,冷氣、熱水器、洗衣機、電視機、冰箱,社會住宅包租轉租
安南區,租賃房屋,臺南市安南區安中路一段７０２巷９７之３號,0.0,,,,1150326,土地0建物1車位0,四層,4,公寓(5樓含以下無電梯),集合住宅,鋼筋混凝土造,0700907,102.67999999999999,3,2,2,有,無,有,15000,146,,0.0,0,台南市社會住宅包租代管第5期計畫中央版租金依照租金水準區間表評定,RPRNMLPKMHLGFBD18CC,整棟(戶)出租,無,1150415~1180414,無,冷氣、熱水器、冰箱,社會住宅包租轉租
安南區,租賃房屋,臺南市安南區樂活一街８２號２１樓,0.0,,,,1150323,土地0建物1車位0,二十一層,27,住宅大樓(11層含以上有電梯),集合住宅,鋼筋混凝土造,1130116,139.69,3,2,2,有,有,有,23000,165,,0.0,0,參加公會版住宅包租代管五期計畫多人共同承租2；租金總額含管理費；未租賃車位，建物登記含有車位面積；,RPSNMLPKMHLGFBD28CC,整棟(戶)出租,有,1150325~1160324,有,冷氣、熱水器、洗衣機、電視機、冰箱,社會住宅代管
安南區,租賃房屋+車位,臺南市安南區樂活一街８號十五樓,0.0,,,,1150325,土地0建物1車位1,十五層,19,住宅大樓(11層含以上有電梯),集合住宅,鋼筋混凝土造,1100526,150.67000000000002,2,2,2,有,有,有,17500,116,坡道平面,23.35,0,參加公會版住宅包租代管五期計畫,RPTNMLPKMHLGFBD38CC,整棟(戶)出租,有,1150401~1180331,有,冷氣、熱水器、洗衣機、電視機、冰箱,社會住宅代管
安南區,租賃房屋,臺南市安南區本原街一段１８８巷６弄９號,0.0,,,,1150330,土地0建物1車位0,全,3,透天厝,住家用,鋼筋混凝土造,0870422,147.27,4,2,3,有,無,有,15000,102,,0.0,0,參加公會版住宅包租代管五期計畫,RPVNMLPKMHLGFBD58CC,整棟(戶)出租,無,1150401~1160331,無,熱水器,社會住宅代管
東區,租賃房屋+車位,臺南市東區崇道路１９巷８號七樓之２,0.0,,,,1150413,土地0建物1車位1,七層,9,華廈(10層含以下有電梯),住家用,鋼筋混凝土造,0841128,92.25,3,2,2,有,有,無,17000,184,坡道平面,0.0,0,1.契約書未約定土地租賃標的。2.由所有權人提供出租資訊。3.115.04.13-115.04.20為搬遷期，免收租金，租金自115.04.21日起算。,RPPNMLPKMHLGFCD08CC,整棟(戶)出租,有,1150413~1160420,有,冷氣、熱水器、瓦斯或天然氣,
南區,租賃房屋,臺南市南區大同路二段１１２巷１１號十二樓之２,0.0,,,,1150318,土地0建物1車位0,十二層,13,住宅大樓(11層含以上有電梯),集合住宅,鋼筋混凝土造,0881021,150.07,3,2,2,有,有,有,24000,160,,0.0,0,參加國家住宅及都市更新中心辦理社會住宅包租代管增辦第四期計畫公會版租金總額含管理費；網路費；未租賃車位，建物登記含有車位面積；續租案件；,RPRNMLPKMHLGFCD28CC,整棟(戶)出租,有,1150501~1160430,有,冷氣、熱水器、洗衣機、電視機、冰箱、瓦斯或天然氣、網路,社會住宅代管
東區,租賃房屋,臺南市東區中華東路二段１９３號１９樓之１２,0.0,,,,1150320,土地0建物1車位0,十九層,20,住宅大樓(11層含以上有電梯),住家用,鋼筋混凝土造,0841106,34.33,1,0,1,有,有,有,9000,262,,0.0,0,參加公會版住宅包租代管五期計畫租金總額含管理費；,RPSNMLPKMHLGFCD38CC,獨立套房,有,1150320~1160319,有,冷氣、熱水器、洗衣機、電視機、冰箱,社會住宅代管
東區,租賃房屋,臺南市東區林森路二段１９２巷９４之１號,0.0,,,,1150324,土地0建物0車位0,二層,5,公寓(5樓含以下無電梯),住家用,鋼筋混凝土造,0701214,24.79,4,0,4,有,無,有,8000,323,,0.0,0,租金總額含水費；網路費；租賃建物部分範圍，且未計入共有部分面積；,RPTNMLPKMHLGFCD48CC,分租套房,無,1150401~1170331,無,冷氣、熱水器、洗衣機、電視機、冰箱、網路,
東區,租賃房屋,臺南市東區崇明一街５２號,0.0,,,,1150326,土地0建物0車位0,全,2,透天厝,住家用,鋼筋混凝土造,0750325,25.0,6,0,6,有,無,有,9500,380,,0.0,0,租金總額含水費；網路費；其他第四台費用；含增建或未登記建物；租賃建物部分範圍，且未計入共有部分面積；,RPVNMLPKMHLGFCD68CC,分租套房,無,1150326~1160326,無,冷氣、熱水器、洗衣機、電視機、冰箱、有線電視、網路,一般代管
東區,租賃房屋,臺南市東區莊敬路２１９巷５之３號,0.0,,,,1150320,土地0建物1車位0,四層,5,公寓(5樓含以下無電梯),住家用,鋼筋混凝土造,0701117,101.06,2,2,1,有,有,有,6000,59,,0.0,0,參加公會版住宅包租代管五期計畫,RPWNMLPKMHLGFCD78CC,整棟(戶)出租,有,1150320~1170319,無,冷氣、熱水器、洗衣機、電視機、冰箱,社會住宅代管
東區,租賃房屋,臺南市東區崇明一街５２號,0.0,,,,1150327,土地0建物0車位0,全,2,透天厝,住家用,鋼筋混凝土造,0750325,25.0,6,0,6,有,無,有,9500,380,,0.0,0,租金總額含水費；網路費；其他第四台費用；含增建或未登記建物；租賃建物部分範圍，且未計入共有部分面積；,RPXNMLPKMHLGFCD88CC,分租套房,無,1150327~1160327,無,冷氣、熱水器、洗衣機、電視機、冰箱、有線電視、網路,一般代管
東區,租賃房屋,臺南市東區崇明一街５２號,0.0,,,,1150414,土地0建物0車位0,全,2,透天厝,住家用,鋼筋混凝土造,0750325,18.0,6,0,6,有,無,有,8200,456,,0.0,0,租金總額含水費；網路費；其他第四台費用；含增建或未登記建物；租賃建物部分範圍，且未計入共有部分面積；,RPOOMLPKMHLGFCD08CC,分租套房,無,1150414~1160414,無,冷氣、熱水器、洗衣機、電視機、冰箱、有線電視、網路,一般代管
東區,租賃房屋,臺南市東區崇明一街５２號,0.0,,,,1150403,土地0建物0車位0,全,2,透天厝,住家用,鋼筋混凝土造,0750325,18.0,6,0,6,有,無,有,8500,472,,0.0,0,租金總額含水費；網路費；其他第四台費用；含增建或未登記建物；租賃建物部分範圍，且未計入共有部分面積；,RPPOMLPKMHLGFCD18CC,分租套房,無,1150403~1160403,無,冷氣、熱水器、洗衣機、電視機、冰箱、有線電視、網路,一般代管
東區,租賃房屋,臺南市東區東成街１８２巷２弄６號二樓,0.0,,,,1150413,土地0建物1車位0,二層,5,公寓(5樓含以下無電梯),住家用,鋼筋混凝土造,0701202,119.4,3,2,2,有,無,有,18000,151,,0.0,0,此為台南市社會住宅包租代管第4期計畫。續租案件；,RPQOMLPKMHLGFCD28CC,整棟(戶)出租,無,1150423~1160422,無,冷氣、熱水器、洗衣機、冰箱、瓦斯或天然氣,社會住宅包租轉租
東區,租賃房屋,臺南市東區崇明一街５２號,0.0,,,,1150411,土地0建物0車位0,全,2,透天厝,住家用,鋼筋混凝土造,0750325,18.0,6,0,6,有,無,有,8200,456,,0.0,0,租金總額含水費；網路費；其他DS251201；含增建或未登記建物；租賃建物部分範圍，且未計入共有部分面積；,RPROMLPKMHLGFCD38CC,分租套房,無,1150411~1160411,無,冷氣、熱水器、洗衣機、電視機、冰箱、有線電視、網路,一般代管
東區,租賃房屋,臺南市東區新樓街５２號三樓,0.0,,,,1150413,土地0建物1車位0,三層,5,公寓(5樓含以下無電梯),住家用,鋼筋混凝土造,0801018,77.2,2,2,1,有,無,有,12000,155,,0.0,0,此為台南市社會住宅包租代管第4期計畫。租金總額含水費；續租案件；,RPSOMLPKMHLGFCD48CC,整棟(戶)出租,無,1150425~1160424,無,冷氣、熱水器、洗衣機、電視機、冰箱、瓦斯或天然氣,社會住宅包租轉租
東區,租賃房屋,臺南市東區東門路三段２６６巷５號六樓,0.0,,,,1150413,土地0建物1車位0,六層,13,住宅大樓(11層含以上有電梯),集合住宅,鋼筋混凝土構造,1071108,92.88,2,2,1,有,有,有,17433,188,,0.0,0,此為台南市社會住宅包租代管第4期計畫。管理費1567元由出租人負擔。續租案件；,RPTOMLPKMHLGFCD58CC,整棟(戶)出租,有,1150421~1160420,有,冷氣、熱水器、瓦斯或天然氣,社會住宅包租轉租
南區,租賃房屋,臺南市南區金華路二段２２８巷１３號四樓之１,0.0,,,,1150410,土地0建物1車位0,四層,4,公寓(5樓含以下無電梯),住家用,鋼筋混凝土造,0691231,75.89,2,2,1,有,無,無,6500,86,,0.0,0,,RPUOMLPKMHLGFCD68CC,整棟(戶)出租,無,1150416~1160415,無,熱水器、瓦斯或天然氣,社會住宅代管
東區,租賃房屋,臺南市東區大同路二段６１巷１１５號３樓,0.0,,,,1150410,土地0建物0車位0,三層,5,華廈(10層含以下有電梯),住家用,鋼筋混凝土造,0791218,14.87,7,0,7,有,無,有,5000,336,,0.0,0,,RPVOMLPKMHLGFCD78CC,分租套房,無,1150410~1160409,有,冷氣,
東區,租賃房屋,臺南市東區林森路一段１４９號七樓之４,0.0,,,,1150327,土地0建物1車位0,七層,22,住宅大樓(11層含以上有電梯),住家用,鋼筋混凝土造,0800111,36.35,1,1,1,有,有,有,7500,206,,0.0,0,參加公會版住宅包租代管五期計畫,RPWOMLPKMHLGFCD88CC,獨立套房,有,1150401~1160331,有,冷氣、熱水器、洗衣機,社會住宅代管
東區,租賃房屋,臺南市東區裕和二街１０２號六樓,0.0,,,,1150410,土地0建物1車位0,六層,7,華廈(10層含以下有電梯),住家用,鋼筋混凝土造,0961106,72.22999999999999,1,2,1,有,有,有,15000,208,,0.0,0,台南市不動產租賃公會民間住宅包租代管第5期計畫。多人共同承租2；,RPOPMLPKMHLGFCD18CC,整棟(戶)出租,有,1150413~1160412,有,冷氣、熱水器、電視機、冰箱、瓦斯或天然氣,社會住宅包租轉租
南區,租賃房屋,臺南市南區大德街１４１巷４６號４樓之９,0.0,,,,1150403,土地0建物1車位0,四層,5,華廈(10層含以下有電梯),住家用,鋼筋混凝土造,0800109,76.73,3,1,3,有,有,有,8000,104,,0.0,0,參加國家住宅及都市更新中心辦理社會住宅包租代管第五期計畫中央版租金總額含管理費；續租案件；,RPPPMLPKMHLGFCD28CC,整棟(戶)出租,有,1150410~1160409,有,冷氣、熱水器、洗衣機、電視機、冰箱,社會住宅代管
南區,租賃房屋,臺南市南區惠南街９８巷８號,0.0,,,,1150414,土地0建物1車位0,全,4,透天厝,住家用,鋼筋混凝土造,0770913,177.74,4,2,2,有,無,無,22000,124,,0.0,0,租賃期間有約定不同租金民國118年5月10日起，每月租金為25000元。；,RPQPMLPKMHLGFCD38CC,整棟(戶)出租,無,1150510~1200509,無,熱水器,
新營區,租賃房屋,臺南市新營區信義街３９-１號,0.0,,,,1150410,土地0建物1車位0,全,2,透天厝,住家用,鋼筋混凝土造,,82.82,3,2,2,有,無,有,12000,145,,0.0,0,,RPPNMLPKMHLGFDD18CC,整棟(戶)出租,無,1150410~1160409,無,冷氣、熱水器、洗衣機、電視機、冰箱,社會住宅包租轉租
新營區,租賃房屋,臺南市新營區武侯街７之１號四樓之１,0.0,,,,1150410,土地0建物1車位0,四層,5,公寓(5樓含以下無電梯),住家用,鋼筋混凝土造,0840419,25.86,1,0,1,有,有,有,4600,178,,0.0,0,台南市不動產租賃公會民間住宅包租代管第5期計畫。,RPQNMLPKMHLGFDD28CC,獨立套房,有,1150413~1160412,無,冷氣、熱水器、洗衣機、電視機、冰箱,社會住宅代管
鹽水區,租賃房屋,臺南市鹽水區行昌路２９巷１弄１２號,0.0,,,,1150320,土地0建物1車位0,全,1,透天厝,住家用,磚造,0631210,72.48,3,2,1,有,無,有,7000,97,,0.0,0,參加公會版住宅包租代管五期計畫,RPRNMLPKMHLGFDD38CC,整棟(戶)出租,無,1150320~1170319,無,冷氣、熱水器、洗衣機、電視機、冰箱,社會住宅代管
鹽水區,租賃房屋,臺南市鹽水區新中路８２巷５６號２樓,0.0,,,,1150320,土地0建物1車位0,二層,5,公寓(5樓含以下無電梯),住家用,鋼筋混凝土造,0820331,103.84,3,2,2,有,無,有,12000,116,,0.0,0,參加公會版住宅包租代管五期計畫,RPSNMLPKMHLGFDD48CC,整棟(戶)出租,無,1150320~1160319,無,冷氣、熱水器、洗衣機,社會住宅代管
佳里區,租賃房屋,臺南市佳里區佳安東路２６號５樓之１,0.0,,,,1150320,土地0建物1車位0,五層,10,華廈(10層含以下有電梯),住家用,鋼筋混凝土造,0880917,147.13,3,2,2,有,有,有,16000,109,,0.0,0,參加公會版住宅包租代管五期計畫,RPPNMLPKMHLGFGD48CC,整棟(戶)出租,有,1150320~1180319,有,,社會住宅代管
新市區,租賃房屋,臺南市新市區華美街６１巷２６號三樓之２,0.0,,,,1150328,土地0建物1車位0,三層,5,華廈(10層含以下有電梯),集合住宅,鋼筋混凝土造,1070502,73.69,2,1,1,有,有,有,17000,231,,0.0,0,參加國家住宅及都市更新中心辦理社會住宅包租代管第5期計畫中央版,RPPNMLPKMHLGFHD58CC,整棟(戶)出租,有,1150401~1160331,有,冷氣、熱水器、洗衣機、電視機、冰箱,社會住宅代管
新市區,租賃房屋,臺南市新市區豐榮１８６號,0.0,,,,1150320,土地0建物1車位0,見其他登記事項,1,工廠,工廠,鋼骨構造有牆,1110804,160.16,0,1,2,有,無,無,57500,,,0.0,0,1.契約書未約定土地租賃標的。2.由所有權人提供出租資訊。租金總額含稅；租賃期間有約定不同租金115年4月01日起118年3月31日止-每月租金57500元整含稅，118年4月01日起120年3月31日止-每月租金60375元整含稅；,RPQNMLPKMHLGFHD68CC,,無,1150401~1200331,無,,
新市區,租賃房屋,臺南市新市區豐榮１８７號,0.0,,,,1150320,土地0建物1車位0,見其他登記事項,1,工廠,工廠,鋼骨構造有牆,1110804,160.16,0,2,1,有,無,無,57500,,,0.0,0,1.契約書未約定土地租賃標的。2.由所有權人提供出租資訊。租金總額含稅；租賃期間有約定不同租金115年4月01日起118年3月31日止-每月租金57500元整含稅，118年4月01日起120年3月31日止-每月租金60375元整含稅；,RPRNMLPKMHLGFHD78CC,,無,1150401~1200331,無,,
新市區,租賃房屋,臺南市新市區中山路２０之１３號,0.0,,,,1150411,土地0建物0車位0,全,4,透天厝,住家用,鋼筋混凝土造,1041110,18.0,16,0,16,有,無,有,6300,350,,0.0,0,租金總額含管理費；水費；網路費；,RPSNMLPKMHLGFHD88CC,分租套房,無,1150413~1160412,無,冷氣、熱水器、洗衣機、電視機、冰箱、網路,一般代管
新市區,租賃房屋,臺南市新市區社內９９之２４號,0.0,,,,1150413,土地0建物1車位0,全,3,透天厝,住家用,鋼筋混凝土造,0850315,158.42,4,2,3,有,無,有,22000,139,,0.0,0,多人共同承租2；續租案件；,RPUNMLPKMHLGFHD09CC,整棟(戶)出租,無,1150420~1160419,無,冷氣、熱水器、洗衣機、電視機、冰箱,一般代管
仁德區,租賃房屋,臺南市仁德區北保路６１號６樓之５,0.0,,,,1150319,土地0建物1車位0,六層,12,住宅大樓(11層含以上有電梯),集合住宅,鋼筋混凝土構造,1070628,117.96000000000001,2,2,1,有,有,有,18000,153,,0.0,0,參加臺南市社會住宅包租代管第4期計畫未租賃車位，建物登記含有車位面積；,RPQNMLPKMHLGFID78CC,整棟(戶)出租,有,1150320~1160319,有,冷氣、熱水器、洗衣機、瓦斯或天然氣,社會住宅代管
仁德區,租賃房屋,臺南市仁德區二仁路一段１０６號,0.0,,,,1150410,土地0建物0車位0,全,2,透天厝,住商用,加強磚造,0660819,14.34,23,0,23,有,無,有,4300,300,,0.0,0,二仁105房租金總額含水費；,RPVNMLPKMHLGFID66CC,分租套房,無,1150301~1150831,無,冷氣、熱水器、冰箱,一般轉租
仁德區,租賃房屋,臺南市仁德區文賢路二段１５巷１８弄１７號２樓之２,0.0,,,,1150414,土地0建物0車位0,二層,10,華廈(10層含以下有電梯),住家用,鋼筋混凝土造,0920910,14.88,5,2,5,有,無,有,8500,571,,0.0,0,文賢210房租金總額含水費；網路費；其他垃圾代收費；租賃建物部分範圍，且未計入共有部分面積；續租案件；,RPWNMLPKMHLGFID76CC,分租套房,無,1150501~1160430,有,冷氣、熱水器、洗衣機、電視機、冰箱、網路,一般轉租
仁德區,租賃房屋,臺南市仁德區文賢路二段１５巷１８弄１７號２樓之１,0.0,,,,1150413,土地0建物0車位0,二層,10,華廈(10層含以下有電梯),住家用,鋼筋混凝土造,0920910,18.18,5,2,5,有,無,有,12000,660,,0.0,0,文賢202房租金總額含水費；網路費；其他垃圾代收費；租賃建物部分範圍，且未計入共有部分面積；續租案件；,RPXNMLPKMHLGFID86CC,分租套房,無,1150514~1160513,有,冷氣、熱水器、洗衣機、電視機、冰箱、網路,一般轉租
仁德區,租賃房屋,臺南市仁德區文心路７６號七樓之６,0.0,,,,1150323,土地0建物1車位0,七層,24,住宅大樓(11層含以上有電梯),集合住宅,鋼筋混凝土構造,1100315,105.64,2,1,1,有,有,有,17000,161,,0.0,0,台南市社會住宅包租代管第4期計畫公會版租金依照租金水準區間表評定多人共同承租2；未租賃車位，建物登記含有車位面積；續租案件；,RPPOMLPKMHLGFID78CC,整棟(戶)出租,有,1150406~1160405,有,冷氣、熱水器、洗衣機、冰箱,社會住宅代管
歸仁區,租賃房屋+車位,臺南市歸仁區成功八街１號７樓之４,0.0,,,,1150328,土地0建物1車位1,七層,7,華廈(10層含以下有電梯),住家用,鋼筋混凝土造,0830303,90.74000000000001,2,2,1,有,有,有,14000,154,坡道平面,0.0,1000,參加國家住宅及都市更新中心辦理社會住宅包租代管第五期計畫中央版多人共同承租2；續租案件；,RPQOMLPKMHLGFID88CC,整棟(戶)出租,有,1150410~1160409,有,熱水器、洗衣機、冰箱,社會住宅代管
仁德區,租賃房屋,臺南市仁德區文賢路二段１５巷１８弄１７號３樓之１,0.0,,,,1150411,土地0建物0車位0,三層,10,華廈(10層含以下有電梯),住家用,鋼筋混凝土造,0920910,14.88,5,2,5,有,無,有,8000,538,,0.0,0,文賢305房租金總額含水費；網路費；其他垃圾代收費；租賃建物部分範圍，且未計入共有部分面積；,RPROMLPKMHLGFID98CC,分租套房,無,1150411~1160410,有,冷氣、熱水器、洗衣機、電視機、冰箱、網路,一般轉租
仁德區,租賃房屋,臺南市仁德區文賢路二段１５巷１８弄１７號２樓之２,0.0,,,,1150411,土地0建物0車位0,二層,10,華廈(10層含以下有電梯),住家用,鋼筋混凝土造,0920910,18.18,5,2,5,有,無,有,11000,605,,0.0,0,文賢207房租金總額含水費；網路費；其他垃圾代收費；租賃建物部分範圍，且未計入共有部分面積；,RPSOMLPKMHLGFID09CC,分租套房,無,1150411~1170410,有,冷氣、熱水器、洗衣機、電視機、冰箱、網路,一般轉租
仁德區,租賃房屋,臺南市仁德區文賢路二段１５巷１８弄１７號４樓之１,0.0,,,,1150414,土地0建物0車位0,四層,10,華廈(10層含以下有電梯),住家用,鋼筋混凝土造,0920910,14.88,5,2,5,有,無,有,8500,571,,0.0,0,文賢404房租金總額含水費；網路費；其他垃圾代收費；租賃建物部分範圍，且未計入共有部分面積；,RPTOMLPKMHLGFID56CC,分租套房,無,1150414~1160413,有,冷氣、熱水器、洗衣機、電視機、冰箱、網路,一般轉租
永康區,租賃房屋,臺南市永康區南灣街２３號,0.0,,,,1150409,土地0建物1車位0,全,2,透天厝,住家用,加強磚造,0590101,98.8,6,2,4,有,無,有,20000,202,,0.0,0,1.契約書未約定土地租賃標的。2.由所有權人提供出租資訊。,RPPNMLPKMHLGFKD88CC,整棟(戶)出租,無,1150505~1160504,無,冷氣、熱水器、洗衣機、冰箱、瓦斯或天然氣,
永康區,租賃房屋,臺南市永康區五福街１１０巷１７號,0.0,,,,1150410,土地0建物1車位0,全,3,透天厝,住宅、店舖、避難室。,鋼筋混凝土造,0710217,186.4,4,3,3,有,無,無,19000,102,,0.0,0,1.契約書未約定土地租賃標的。2.由所有權人提供出租資訊。3.整編前門牌:台南市永康區網寮里二王街165之23號。,RPQNMLPKMHLGFKD98CC,整棟(戶)出租,無,1150501~1180430,無,熱水器,
永康區,租賃房屋,臺南市永康區東灣里民族路２７３巷２５號,0.0,,,,1150411,土地0建物1車位0,全,5,透天厝,住商用,鋼筋混凝土造,0791221,90.68,5,2,4,有,無,有,12000,132,,0.0,0,1.契約書未約定土地租賃標的。2.由所有權人提供出租資訊。多人共同承租2；租金總額含水費；,RPSNMLPKMHLGFKD56CC,分層出租,無,1150415~1160414,無,冷氣、熱水器,
永康區,租賃房屋,臺南市永康區中華二路３５８巷８號八樓之５,0.0,,,,1150414,土地0建物1車位0,八層,20,住宅大樓(11層含以上有電梯),住家用,鋼筋混凝土造,0810919,149.63,4,2,2,有,有,有,19000,127,,0.0,0,,RPTNMLPKMHLGFKD66CC,整棟(戶)出租,有,1150501~1160430,有,熱水器、瓦斯或天然氣,
永康區,租賃房屋,臺南市永康區六合里中華二路２６６巷３８號,0.0,,,,1150412,土地0建物1車位0,見其他登記事項,7,店面(店鋪),住家用,鋼筋混凝土造,0870602,73.42999999999999,2,1,1,有,有,無,18000,245,,0.0,0,1.契約書未約定土地租賃標的。2.由所有權人提供出租資訊。3.115.05.01-115.06.01為裝潢期。租金總額含稅；,RPUNMLPKMHLGFKD76CC,,有,1150601~1180601,有,冷氣、熱水器,
永康區,車位,臺南市永康區中華二路３５０號地下室,0.0,,,,1150414,土地0建物0車位1,,0,其他,防空避難室。,鋼筋混凝土造,0810919,30.26,0,0,0,無,無,無,4000,,坡道平面,30.26,4000,,RPVNMLPKMHLGFKD86CC,,,1150501~1160430,,,
永康區,租賃房屋,臺南市永康區大灣路７６４巷５８號４樓之６,0.0,,,,1150405,土地0建物1車位0,四層,6,華廈(10層含以下有電梯),辦公室,鋼筋混凝土造,0940708,17.049999999999997,1,0,1,有,有,有,4000,235,,0.0,0,含增建或未登記建物；續租案件；,RPWNMLPKMHLGFKD96CC,獨立套房,有,1150414~1160413,有,冷氣、熱水器、電視機、冰箱、網路,一般代管
永康區,租賃房屋,臺南市永康區中華路９３６號十三樓之５,0.0,,,,1150405,土地0建物1車位0,十三層,21,住宅大樓(11層含以上有電梯),集合住宅,鋼筋混凝土構造,1100204,76.24,2,2,1,有,有,有,15000,197,,0.0,0,台南市社會住宅包租代管 第5期計畫 中央版；水、電、瓦斯、網路費由承租人負擔。管理費1384元不包含在租金由承租人負擔。,RPXNMLPKMHLGFKD07CC,整棟(戶)出租,有,1150410~1160409,有,冷氣、熱水器、洗衣機、電視機、冰箱、瓦斯或天然氣,社會住宅代管
永康區,租賃房屋,臺南市永康區中山南路６４４巷２９弄８號,0.0,,,,1150320,土地0建物1車位0,全,2,透天厝,住家用,鋼筋混凝土造,0770526,134.14,3,2,2,有,無,有,10000,75,,0.0,0,參加公會版住宅包租代管五期計畫,RPOOMLPKMHLGFKD88CC,整棟(戶)出租,無,1150320~1170319,無,冷氣、熱水器、洗衣機、電視機、冰箱,社會住宅代管
永康區,租賃房屋,臺南市永康區仁愛街２１號,0.0,,,,1150318,土地0建物0車位0,全,5,透天厝,店舖，住宅,鋼筋混凝土構造,1041202,25.88,17,0,17,有,無,有,8500,328,,0.0,0,租金總額含水費；網路費；,RPQOMLPKMHLGFKD09CC,分租套房,無,1150319~1160318,無,冷氣、熱水器、洗衣機、電視機、冰箱、網路,一般代管
永康區,租賃房屋,臺南市永康區國光六街１３３號,0.0,,,,1150415,土地0建物0車位0,全,2,透天厝,住家用,ＳＲＣ造,0940303,11.57,48,0,48,有,無,有,4500,389,,0.0,0,國光202房租金總額含水費；,RPUOMLPKMHLGFKD86CC,分租套房,無,1150516~1160515,無,冷氣、熱水器、電視機、冰箱,一般轉租
永康區,租賃房屋,臺南市永康區埔園里龍埔街５５０號六樓之３,0.0,,,,1150323,土地0建物1車位0,六層,8,華廈(10層含以下有電梯),住家用,鋼筋混凝土造,0840812,76.25,2,1,1,有,有,有,11000,144,,0.0,0,台南市社會住宅包租代管第4期計畫公會版租金依照租金水準區間表評定續租案件；,RPWOMLPKMHLGFKD07CC,整棟(戶)出租,有,1150501~1160430,有,冷氣、熱水器、洗衣機、電視機、冰箱、瓦斯或天然氣,社會住宅代管
永康區,租賃房屋,臺南市永康區中山南路４３巷７弄２９號五樓,0.0,,,,1150320,土地0建物1車位0,五層,5,公寓(5樓含以下無電梯),住家用,鋼筋混凝土造,0700812,95.38,3,2,1,有,無,有,13000,136,,0.0,0,參加公會版住宅包租代管五期計畫,RPXOMLPKMHLGFKD17CC,整棟(戶)出租,無,1150320~1160319,無,冷氣、熱水器、洗衣機、電視機、冰箱,社會住宅代管
永康區,租賃房屋,臺南市永康區復國一路４９６號,0.0,,,,1150329,土地0建物1車位0,二層,4,其他,住商用,鋼筋混凝土造,0811117,53.1,0,0,0,無,無,無,9500,179,,0.0,0,,RPOPMLPKMHLGFKD98CC,,無,1150701~1180630,無,,
永康區,租賃房屋,臺南市永康區復國一路４９８號,0.0,,,,1150329,土地0建物1車位0,二層,4,其他,住商用,鋼筋混凝土造,0811117,53.1,0,0,0,無,無,無,9500,179,,0.0,0,,RPPPMLPKMHLGFKD09CC,,無,1150701~1180630,無,,
永康區,租賃房屋,臺南市永康區安康里大橋一街５７之５號三樓之７,0.0,,,,1150323,土地0建物1車位0,三層,14,住宅大樓(11層含以上有電梯),住家用,鋼筋混凝土造,0880824,31.0,1,1,1,有,有,有,7000,226,,0.0,0,台南市社會住宅包租代管第5期計畫中央版租金依照租金水準區間表評定,RPQPMLPKMHLGFKD56CC,獨立套房,有,1150330~1180329,有,冷氣、熱水器、洗衣機、電視機、冰箱,社會住宅代管
永康區,租賃房屋,臺南市永康區復華里復華八街４７巷３６號六樓之２,0.0,,,,1150412,土地0建物1車位0,六層,10,華廈(10層含以下有電梯),住家用,鋼筋混凝土造,0850426,88.03,4,2,2,有,有,有,16000,182,,0.0,0,管理費1500元，由承租人負擔多人共同承租2；,RPRPMLPKMHLGFKD66CC,整棟(戶)出租,有,1150419~1160418,有,冷氣、熱水器、洗衣機、電視機、冰箱、瓦斯或天然氣,社會住宅代管
永康區,租賃房屋,臺南市永康區中華路５７８巷１７之５１號,0.0,,,,1150413,土地0建物1車位0,八層,17,住宅大樓(11層含以上有電梯),住家用,鋼筋混凝土造,0810723,50.769999999999996,1,1,1,有,有,有,11500,227,,0.0,0,此為台南市社會住宅包租代管第4期計畫。續租案件；,RPSPMLPKMHLGFKD76CC,獨立套房,有,1150425~1160424,有,冷氣、熱水器、洗衣機、電視機、冰箱、瓦斯或天然氣,社會住宅代管
永康區,租賃房屋,臺南市永康區忠義街６０巷３號十一樓之２,0.0,,,,1150413,土地0建物1車位0,十一層,15,住宅大樓(11層含以上有電梯),辦公室。,鋼筋混凝土造,0840331,43.58,1,0,1,有,有,有,10300,236,,0.0,0,此為台南市社會住宅包租代管第4期計畫。管理費700元由出租人負擔。續租案件；,RPTPMLPKMHLGFKD86CC,獨立套房,有,1150413~1160412,有,冷氣、熱水器、洗衣機、電視機、冰箱,社會住宅代管
安平區,租賃房屋,臺南市安平區華平路２１巷３２弄２２之４號六樓,0.0,,,,1150328,土地0建物1車位0,六層,6,華廈(10層含以下有電梯),住家用,鋼筋混凝土造,0820227,89.63,3,1,2,有,有,有,15500,173,,0.0,0,參加國家住宅及都市更新中心辦理社會住宅包租代管第5期計畫中央版租金總額含管理費；,RPQNMLQKMHLGFAD08CC,整棟(戶)出租,有,1150401~1160331,有,冷氣、熱水器、洗衣機、電視機、冰箱,社會住宅代管
中西區,租賃房屋,臺南市中西區大同路一段４６巷７８號４樓之６,0.0,,,,1150325,土地0建物1車位0,四層,5,華廈(10層含以下有電梯),住家用,鋼筋混凝土造,0790113,25.589999999999996,1,0,1,有,無,有,6500,254,,0.0,0,租金總額含管理費；,RPSNMLQKMHLGFAD28CC,獨立套房,無,1150401~1160331,有,冷氣、熱水器、洗衣機、電視機、冰箱,
中西區,租賃房屋,臺南市中西區臨安路一段７３號７樓之８,0.0,,,,1150324,土地0建物1車位0,七層,7,華廈(10層含以下有電梯),住家用,鋼筋混凝土造,0790920,26.44,1,0,1,有,有,有,7000,265,,0.0,0,參加國家住宅及都市更新中心辦理社會住宅包租代管第四期計畫公會版租金總額含管理費；,RPUNMLQKMHLGFAD48CC,獨立套房,無,1150401~1160131,有,冷氣、熱水器、洗衣機、冰箱,社會住宅代管
北區,租賃房屋,臺南市北區實踐街１０３巷１９弄１０號,0.0,,,,1150408,土地0建物0車位0,全,3,透天厝,住家用,鋼筋混凝土構造,1040331,17.77,11,0,11,有,無,有,6800,383,,0.0,0,實踐201房租金總額含水費；,RPVNMLQKMHLGFAD58CC,分租套房,無,1150301~1151211,無,冷氣、熱水器、電視機、冰箱,一般轉租
北區,租賃房屋,臺南市北區開南街１３５號,0.0,,,,1150415,土地0建物0車位0,全,4,透天厝,住家用,鋼筋混凝土造,0830624,13.87,59,0,59,有,無,有,6000,433,,0.0,0,開南213房租金總額含水費；,RPWNMLQKMHLGFAD68CC,分租套房,無,1150325~1150505,有,冷氣、熱水器、電視機,一般轉租
安平區,租賃房屋,臺南市安平區育平路２１２號十三樓之３５,0.0,,,,1150326,土地0建物1車位0,十三層,17,住宅大樓(11層含以上有電梯),住家用,鋼筋混凝土造,0840729,48.0,1,1,1,有,有,有,9500,198,,0.0,0,參加國家住宅及都市更新中心辦理社會住宅包租代管第五期計畫中央版,RPXNMLQKMHLGFAD78CC,獨立套房,有,1150401~1160331,有,冷氣、熱水器、洗衣機、電視機、冰箱、瓦斯或天然氣,社會住宅代管
北區,租賃房屋,臺南市北區開南街１３５號,0.0,,,,1150415,土地0建物0車位0,全,4,透天厝,住家用,鋼筋混凝土造,0830624,13.87,59,0,59,有,無,有,5000,360,,0.0,0,開南211房租金總額含水費；,RPOOMLQKMHLGFAD97CC,分租套房,無,1150325~1150624,有,冷氣、熱水器、電視機,一般轉租
中西區,租賃房屋,臺南市中西區民權路三段３３８號七樓之３,0.0,,,,1150414,土地0建物1車位0,七層,7,華廈(10層含以下有電梯),住家用,鋼筋混凝土造,0810130,36.21,1,1,1,有,有,有,6500,180,,0.0,0,台南市社會住宅包租代管第4期計畫。,RPPOMLQKMHLGFAD08CC,獨立套房,有,1150417~1160416,有,冷氣、熱水器、洗衣機、冰箱,社會住宅包租轉租
北區,租賃房屋,臺南市北區開南街１３５號,0.0,,,,1150415,土地0建物0車位0,全,4,透天厝,住家用,鋼筋混凝土造,0830624,13.87,59,0,59,有,無,有,6500,469,,0.0,0,開南311房租金總額含水費；,RPQOMLQKMHLGFAD18CC,分租套房,無,1150325~1150630,有,冷氣、熱水器、電視機,一般轉租
北區,租賃房屋,臺南市北區開南街１３５號,0.0,,,,1150416,土地0建物0車位0,全,4,透天厝,住家用,鋼筋混凝土造,0830624,13.87,59,0,59,有,無,有,4800,346,,0.0,0,開南209房租金總額含水費；,RPROMLQKMHLGFAD28CC,分租套房,無,1150325~1151224,有,冷氣、熱水器、電視機,一般轉租
北區,租賃房屋,臺南市北區成功路２號５樓之２７,0.0,,,,1150330,土地0建物1車位0,五層,14,住宅大樓(11層含以上有電梯),住家用,鋼筋混凝土造,0731228,57.230000000000004,1,1,1,有,有,有,12000,210,,0.0,0,參加國家住宅及都市更新中心辦理社會住宅包租代管第五期計畫中央版租金總額含管理費；,RPSOMLQKMHLGFAD38CC,獨立套房,有,1150415~1160414,有,冷氣、熱水器、洗衣機、電視機、冰箱,社會住宅代管
安平區,租賃房屋,臺南市安平區健康路三段３３３號十六樓之５,0.0,,,,1150331,土地0建物1車位0,十六層,26,住宅大樓(11層含以上有電梯),集合住宅,鋼筋混凝土構造,1060124,155.76,3,2,2,有,有,有,22329,143,,0.0,0,台南市社會住宅包租代管 第5期計畫 中央版；水、電、瓦斯、網路費由承租人負擔。租金已扣除管理費2671元。未租賃車位，建物登記含有車位面積；,RPTOMLQKMHLGFAD48CC,整棟(戶)出租,有,1150410~1160409,有,冷氣、熱水器、冰箱、瓦斯或天然氣,社會住宅包租轉租
北區,租賃房屋,臺南市北區公園路３６７號六樓之３,0.0,,,,1150331,土地0建物1車位0,六層,12,住宅大樓(11層含以上有電梯),集合住宅,ＲＣ造,0930329,55.22,2,1,2,有,有,有,8000,145,,0.0,0,參加國家住宅及都市更新中心辦理社會住宅包租代管第五期計畫中央版租金總額含管理費；續租案件；,RPUOMLQKMHLGFAD58CC,整棟(戶)出租,有,1150403~1160402,有,冷氣、熱水器、洗衣機、電視機、冰箱,社會住宅代管
中西區,租賃房屋,臺南市中西區臨安路一段７３號六樓之８,0.0,,,,1150414,土地0建物1車位0,六層,7,華廈(10層含以下有電梯),住家用,鋼筋混凝土造,0790920,25.09,1,0,1,有,有,有,7000,279,,0.0,0,租金總額含管理費；,RPVOMLQKMHLGFAD68CC,獨立套房,無,1150415~1170414,有,冷氣、熱水器、洗衣機、冰箱,
安南區,租賃房屋,臺南市安南區公學路四段３５７號,0.0,,,,1150403,土地0建物0車位0,全,3,透天厝,住宅、停車空間,鋼筋混凝土造,1101115,24.98,5,1,6,有,無,有,7500,300,,0.0,0,,RPQNMLQKMHLGFBD18CC,分租套房,無,1150411~1160410,無,冷氣、熱水器,
安南區,租賃房屋,臺南市安南區慈興七街９６號,0.0,,,,1150413,土地0建物1車位0,全,3,透天厝,住家用,鋼筋混凝土造,1110511,151.25,4,2,3,有,無,無,30000,198,,0.0,0,,RPRNMLQKMHLGFBD28CC,整棟(戶)出租,無,1150415~1160414,無,冷氣,
安南區,租賃房屋+車位,臺南市安南區樂活一街６０號２０樓,0.0,,,,1150327,土地0建物1車位1,二十層,27,住宅大樓(11層含以上有電梯),集合住宅,鋼筋混凝土造,1130116,107.82,2,1,1,有,有,有,19000,198,坡道機械,16.88,1000,參加國家住宅及都市更新中心辦理社會住宅包租代管第五期計畫中央版多人共同承租2；,RPSNMLQKMHLGFBD38CC,整棟(戶)出租,有,1150401~1160331,有,冷氣、熱水器、洗衣機、電視機、冰箱,社會住宅代管
安南區,租賃房屋,臺南市安南區尊安街５９號,0.0,,,,1150415,土地0建物0車位0,全,4,透天厝,住宅．法定停車空間,鋼筋混凝土造,0910506,16.53,58,0,58,有,無,有,5500,333,,0.0,0,尊安209房,RPTNMLQKMHLGFBD48CC,分租套房,無,1150420~1160419,無,冷氣、熱水器、冰箱,
安南區,租賃房屋+車位,臺南市安南區北安路二段４８９號１４樓之１,0.0,,,,1150407,土地0建物1車位1,十四層,15,住宅大樓(11層含以上有電梯),集合住宅,鋼筋混凝土造,1120911,120.68,2,1,1,有,有,有,18000,187,坡道平面,29.98,1000,參加國家住宅及都市更新中心辦理社會住宅包租代管第五期計畫中央版,RPUNMLQKMHLGFBD58CC,整棟(戶)出租,有,1150412~1160411,有,冷氣、熱水器、洗衣機、電視機、冰箱,社會住宅代管
東區,租賃房屋,臺南市東區崇賢三路８５號二樓之２,0.0,,,,1150409,土地0建物1車位0,二層,15,住宅大樓(11層含以上有電梯),集合住宅,鋼筋混凝土造,1130816,85.99000000000001,2,2,2,有,有,有,23519,274,,0.0,0,台南市不動產租賃公會民間住宅包租代管第5期計畫之物件。管理費2481元由出租人負擔。續租案件；,RPQNMLQKMHLGFCD28CC,整棟(戶)出租,有,1150411~1160410,有,冷氣、熱水器、洗衣機、電視機、冰箱,社會住宅代管
南區,租賃房屋,臺南市南區美南街１０９號六樓之６,0.0,,,,1150413,土地0建物1車位0,六層,7,華廈(10層含以下有電梯),住家用,鋼筋混凝土造,0840302,103.8,3,1,2,有,有,有,12000,116,,0.0,0,此為國家住宅及都市更新中心社會住宅包租代管第5期計畫。,RPRNMLQKMHLGFCD38CC,整棟(戶)出租,有,1150420~1160419,有,冷氣、熱水器、瓦斯或天然氣,社會住宅代管
東區,租賃房屋+車位,臺南市東區崇仁街６６巷１２號十樓,0.0,,,,1150414,土地0建物1車位1,十層,14,住宅大樓(11層含以上有電梯),住家用,鋼筋混凝土造,0990507,121.34,3,2,2,有,有,有,27000,223,坡道平面,0.0,0,租金總額含管理費；其他機車停車位1個；續租案件；,RPSNMLQKMHLGFCD48CC,整棟(戶)出租,有,1150420~1180419,有,冷氣、熱水器、洗衣機、電視機、冰箱、瓦斯或天然氣,
東區,租賃房屋+車位,臺南市東區崇賢三路３０號１０樓之２,0.0,,,,1150402,土地0建物1車位1,十層,15,住宅大樓(11層含以上有電梯),集合住宅,鋼筋混凝土造,1061031,135.14,2,1,2,有,有,有,17400,145,坡道平面,29.01,2000,參加國家住宅及都市更新中心辦理社會住宅包租代管第五期計畫中央版,RPTNMLQKMHLGFCD58CC,整棟(戶)出租,有,1150410~1160409,有,冷氣、熱水器,社會住宅代管
南區,租賃房屋+車位,臺南市南區興昌路７６巷５號,0.0,,,,1150414,土地0建物1車位1,一層,13,店面(店鋪),店舖,鋼筋混凝土構造,1080823,138.38,0,1,1,有,有,無,25000,181,坡道平面,31.74,0,其他機車位1個；,RPUNMLQKMHLGFCD68CC,,有,1150605~1180604,有,,
東區,租賃房屋,臺南市東區大同路二段６０３號十九樓之１,0.0,,,,1150416,土地0建物1車位0,十九層,24,住宅大樓(11層含以上有電梯),住家用,鋼筋混凝土造,0840107,115.03999999999999,3,2,2,有,有,無,12000,104,,0.0,0,,RPVNMLQKMHLGFCD78CC,整棟(戶)出租,有,1150501~1160430,有,冷氣、熱水器、冰箱、瓦斯或天然氣,
東區,租賃房屋,臺南市東區林森路２段１９２巷５０弄１號,0.0,,,,1150318,土地0建物0車位0,全,2,透天厝,住家用,加強磚造,0610612,21.48,5,0,5,有,無,無,8500,396,,0.0,0,租金總額含網路費；,RPWNMLQKMHLGFCD88CC,分租套房,無,1150404~1151003,無,冷氣、熱水器、洗衣機、電視機、冰箱、網路,一般轉租
新營區,租賃房屋,臺南市新營區復興路６２０巷６１弄３１號,0.0,,,,1150416,土地0建物1車位0,全,3,透天厝,住家用,鋼筋混凝土造,0800508,72.84,4,2,4,有,無,有,15000,206,,0.0,0,多人共同承租2；,RPPNMLQKMHLGFDD28CC,分層出租,無,1150420~1160419,無,冷氣、熱水器、洗衣機、電視機、冰箱、網路,
新營區,租賃房屋,臺南市新營區南紙街１１７巷４０弄１號四樓之八,0.0,,,,1150414,土地0建物1車位0,四層,7,華廈(10層含以下有電梯),住家用,鋼筋混凝土造,0831230,112.4,3,1,2,有,有,有,12815,114,,0.0,0,台南市社會住宅包租代管第4期計畫。管理費1185元由出租人負擔續租案件；,RPQNMLQKMHLGFDD38CC,整棟(戶)出租,有,1150423~1160422,有,冷氣、熱水器、洗衣機、冰箱、瓦斯或天然氣,社會住宅包租轉租
六甲區,租賃房屋,臺南市六甲區龜子港２８８巷２１弄３之７號,0.0,,,,1150414,土地0建物1車位0,全,3,透天厝,住家用,鋼筋混凝土造,0840608,137.58,2,1,3,有,無,無,8000,58,,0.0,0,台南市社會住宅包租代管第4期計畫。續租案件；,RPPNMLQKMHLGFFD48CC,整棟(戶)出租,無,1150417~1160807,無,熱水器、瓦斯或天然氣,社會住宅包租轉租
新化區,租賃房屋+車位,臺南市新化區長青街６６號二樓之１,0.0,,,,1150413,土地0建物1車位1,二層,7,華廈(10層含以下有電梯),集合住宅,鋼筋混凝土造,1101103,85.92,2,1,1,有,有,有,15000,162,其他,5.43,2000,管理費1000元，由承租人負擔,RPPNMLQKMHLGFHD68CC,整棟(戶)出租,有,1150420~1160419,有,冷氣、熱水器,社會住宅代管
善化區,租賃房屋+車位,臺南市善化區民權路５０號９F-２,0.0,,,,1150325,土地0建物1車位1,九層,26,住宅大樓(11層含以上有電梯),集合住宅,鋼骨鋼筋混凝土造,1120927,155.57,2,2,2,有,有,無,21894,141,坡道平面,39.6,0,租金已扣除每月管理費3106元由出租人負擔,RPQNMLQKMHLGFHD78CC,整棟(戶)出租,有,1150401~1160331,有,冷氣、熱水器、洗衣機、冰箱,
善化區,租賃房屋,臺南市善化區蓬潭南街３４５號,0.0,,,,1150408,土地0建物1車位0,全,4,透天厝,住家用,鋼筋混凝土造,0991020,258.13,6,2,5,有,有,有,35000,136,,0.0,0,,RPRNMLQKMHLGFHD88CC,整棟(戶)出租,無,1150501~1160430,無,冷氣、熱水器、洗衣機、電視機、冰箱、瓦斯或天然氣,一般代管
新市區,租賃房屋,臺南市新市區永就１２０之３號,0.0,,,,1150414,土地0建物1車位0,全,2,透天厝,住家用,加強磚造,0740805,86.75,3,1,2,有,無,有,13000,150,,0.0,0,此為國家住宅及都市更新中心社會住宅包租代管第5期計畫。續租案件；,RPSNMLQKMHLGFHD98CC,整棟(戶)出租,無,1150416~1160415,無,熱水器、冰箱,社會住宅包租轉租
新市區,租賃房屋+車位,臺南市新市區富林路１０２號十一樓之２,0.0,,,,1150330,土地0建物1車位1,十一層,13,住宅大樓(11層含以上有電梯),集合住宅,鋼筋混凝土造,1070830,144.89,2,2,2,有,有,有,23000,159,坡道平面,35.21,0,參加公會版住宅包租代管四之一期計畫租金總額含管理費；其他停車位管理費；續租案件；,RPUNMLQKMHLGFHD56CC,整棟(戶)出租,有,1150401~1160331,有,冷氣、熱水器、洗衣機、電視機、冰箱,社會住宅代管
新市區,租賃房屋,臺南市新市區富中街５號,0.0,,,,1150408,土地0建物0車位0,全,4,透天厝,店舖、住宅,鋼筋混凝土造,1090609,18.0,6,0,6,有,無,有,10000,556,,0.0,0,多人共同承租2；租金總額含管理費；網路費；,RPVNMLQKMHLGFHD66CC,分租套房,無,1150409~1160408,無,冷氣、熱水器、洗衣機、電視機、冰箱、網路,一般代管
仁德區,租賃房屋,臺南市仁德區德崙路３４８號,0.0,,,,1150324,土地0建物1車位0,全,3,透天厝,住家用,鋼筋混凝土造,0831004,69.8,3,1,2,有,無,無,3000,43,,0.0,0,,RPSNMLQKMHLGFID09CC,分層出租,無,1150401~1160331,無,冷氣,
仁德區,租賃房屋,臺南市仁德區文賢路二段１５巷１８弄１７號４樓之１,0.0,,,,1150416,土地0建物0車位0,四層,10,華廈(10層含以下有電梯),住家用,鋼筋混凝土造,0920910,18.18,5,2,5,有,無,有,12000,660,,0.0,0,文賢402房租金總額含水費；網路費；其他垃圾代收費；租賃建物部分範圍，且未計入共有部分面積；,RPUNMLQKMHLGFID66CC,分租套房,無,1150505~1160504,有,冷氣、熱水器、洗衣機、電視機、冰箱、網路,一般轉租
永康區,租賃房屋,臺南市永康區勝利街７５巷１８號,0.0,,,,1150331,土地0建物1車位0,全,2,透天厝,住家用,加強磚造,0621201,88.81,6,2,3,有,無,有,16000,180,,0.0,0,參加國家住宅及都市更新中心辦理社會住宅包租代管第5期計畫中央版,RPPNMLQKMHLGFKD98CC,整棟(戶)出租,無,1150401~1160331,無,熱水器,社會住宅代管
永康區,租賃房屋,臺南市永康區中正路８００號,0.0,,,,1150414,土地0建物1車位0,一層,1,店面(店鋪),商業用,鋼骨造有牆,0970428,25.35,0,0,0,無,無,無,23000,907,,0.0,0,租金總額含稅；,RPQNMLQKMHLGFKD09CC,,無,1150414~1160514,無,,
永康區,租賃房屋,臺南市永康區中華路６１９巷８８弄７７號,0.0,,,,1150415,土地0建物1車位0,全,4,透天厝,住商用,鋼筋混凝土造,0770620,147.47,4,2,2,有,無,有,22000,149,,0.0,0,1.契約書未約定土地租賃標的。   2.由所有權人提供租屋資訊。3.115.4.15-115.4.24為無償使用期間。多人共同承租2；,RPSNMLQKMHLGFKD66CC,整棟(戶)出租,無,1150425~1160426,無,冷氣、熱水器、洗衣機、冰箱、瓦斯或天然氣,
永康區,租賃房屋,臺南市永康區國光一街５２號,0.0,,,,1150411,土地0建物0車位0,全,3,透天厝,住商用,鋼筋混凝土造,0960821,19.83,10,0,10,有,無,有,4100,207,,0.0,0,租金總額含水費；網路費；其他第四台費；,RPTNMLQKMHLGFKD76CC,分租套房,無,1150411~1160410,無,冷氣、熱水器、電視機、冰箱、有線電視、網路,一般代管
永康區,租賃房屋+車位,臺南市永康區大橋一街４７之３號３樓之１,0.0,,,,1150329,土地0建物1車位1,三層,14,住宅大樓(11層含以上有電梯),住家用,鋼筋混凝土造,0880824,120.2,3,2,2,有,有,有,21000,175,坡道機械,13.14,0,1.契約書未約定土地租賃標的。2.由所有權人提供租屋資訊。3.自115/5/10~115/11/9止六個月租金每月折價1000元租金每月2萬元整，115/12/10日起租金恢復為每月21000元整。租金總額含管理費；,RPUNMLQKMHLGFKD86CC,整棟(戶)出租,有,1150510~1180509,有,冷氣、熱水器、洗衣機、電視機、冰箱、瓦斯或天然氣,
永康區,租賃房屋,臺南市永康區仁愛街２１號,0.0,,,,1150320,土地0建物0車位0,全,5,透天厝,店舖，住宅,鋼筋混凝土構造,1041202,24.0,17,0,17,有,無,有,7500,313,,0.0,0,租金總額含水費；網路費；續租案件；,RPVNMLQKMHLGFKD96CC,分租套房,無,1150320~1160319,無,冷氣、熱水器、洗衣機、電視機、冰箱,一般代管
北區,租賃房屋,臺南市北區開元路９２號１０樓之４,0.0,,,,1150410,土地0建物1車位0,十層,11,住宅大樓(11層含以上有電梯),住家用,鋼筋混凝土造,0790605,32.56,1,1,1,有,有,有,10000,307,,0.0,0,參加國家住宅及都市更新中心辦理社會住宅包租代管第五期計畫中央版租金總額含管理費；,RPPNMLRKMHLGFAD08CC,獨立套房,有,1150415~1160414,有,冷氣、熱水器、電視機、冰箱、網路,社會住宅代管
中西區,租賃房屋,臺南市中西區金華路三段２３０號六樓之１５,0.0,,,,1150401,土地0建物1車位0,六層,12,住宅大樓(11層含以上有電梯),住家用,鋼筋混凝土造,0750121,39.18,1,1,1,有,有,有,7500,191,,0.0,0,參加國家住宅及都市更新中心辦理社會住宅包租代管增辦第四期計畫公會版續租案件；,RPQNMLRKMHLGFAD18CC,獨立套房,有,1150410~1160409,有,冷氣、熱水器、洗衣機、電視機、冰箱、瓦斯或天然氣,社會住宅代管
安平區,租賃房屋,臺南市安平區平通路５６０號,0.0,,,,1150415,土地0建物1車位0,見其他登記事項,8,華廈(10層含以下有電梯),住商用,鋼筋混凝土造,0830722,233.26,3,1,3,有,有,無,30000,129,,0.0,0,多人共同承租2；租金總額含管理費；,RPRNMLRKMHLGFAD28CC,整棟(戶)出租,有,1150501~1170430,有,冷氣、熱水器、瓦斯或天然氣,
安平區,租賃房屋+車位,臺南市安平區國平北路１３７號二樓之５,0.0,,,,1150402,土地0建物1車位1,二層,34,住宅大樓(11層含以上有電梯),集合住宅,鋼骨鋼筋混凝土造、鋼筋混凝土造,1140415,112.34,2,1,1,有,有,有,19300,219,坡道平面,33.34,2000,台南市社會住宅包租代管 第5期計畫 中央版；水、電費用由承租人負擔。租金已扣除管理費1700元。,RPSNMLRKMHLGFAD38CC,整棟(戶)出租,有,1150410~1180409,有,冷氣、熱水器、洗衣機、電視機、冰箱,社會住宅包租轉租
安平區,租賃房屋+車位,臺南市安平區府平路３８８號１０樓之６,0.0,,,,1150330,土地0建物1車位1,十層,15,住宅大樓(11層含以上有電梯),集合住宅,鋼筋混凝土構造,1100930,164.99,3,2,2,有,有,有,25000,152,坡道平面,36.36,0,參加公會版住宅包租代管四之一期計畫租金總額含管理費；其他停車位管理費；續租案件；,RPTNMLRKMHLGFAD48CC,整棟(戶)出租,有,1150401~1160331,有,冷氣、熱水器、洗衣機、電視機、冰箱,社會住宅代管
中西區,租賃房屋,臺南市中西區永福路二段２１１號八樓之３,0.0,,,,1150331,土地0建物1車位0,八層,10,華廈(10層含以下有電梯),住家用,鋼筋混凝土造,0821016,43.62,1,0,1,有,有,有,8000,183,,0.0,0,參加公會版住宅包租代管四之一期計畫租金總額含管理費；續租案件；,RPUNMLRKMHLGFAD58CC,獨立套房,有,1150401~1160331,有,冷氣、熱水器、冰箱,社會住宅代管
北區,租賃房屋,臺南市北區北園街４２之１號,0.0,,,,1150401,土地0建物1車位0,見其他登記事項,14,店面(店鋪),店舖、辦公室,鋼筋混凝土造,0870420,46.95,1,1,1,有,有,無,24331,518,,0.0,0,1.契約書未約定土地租賃標的。2.由所有權人提供租屋資訊。3.自115/4/10-115/6/9為免租裝修期。4.管理費700元由出租人負擔。5.租賃範圍不含夾層。租金總額含稅；租賃建物部分範圍，且未計入共有部分面積；,RPVNMLRKMHLGFAD68CC,,有,1150410~1200409,有,,
中西區,租賃房屋,臺南市中西區金華路三段２５２號二十樓之３,0.0,,,,1150331,土地0建物1車位0,見其他登記事項,21,住宅大樓(11層含以上有電梯),住家用,鋼筋混凝土造,0870219,179.97,3,2,2,有,有,有,12900,72,,0.0,0,參加公會版住宅包租代管四之一期計畫續租案件；,RPWNMLRKMHLGFAD78CC,整棟(戶)出租,有,1150401~1160331,有,冷氣、熱水器、洗衣機、電視機、冰箱,社會住宅代管
中西區,租賃房屋,臺南市中西區保安路１３２號３樓之１,0.0,,,,1150411,土地0建物1車位0,三層,10,華廈(10層含以下有電梯),商業用,鋼筋混凝土造,0820810,41.0,1,1,1,有,有,有,9000,220,,0.0,0,多人共同承租2；,RPXNMLRKMHLGFAD88CC,獨立套房,有,1150415~1160414,有,冷氣、熱水器、洗衣機、冰箱,
北區,租賃房屋+車位,臺南市北區育德二路２１５號三樓之１,0.0,,,,1150401,土地0建物1車位1,三層,13,住宅大樓(11層含以上有電梯),集合住宅,鋼筋混凝土造,1131004,103.7,2,2,2,有,有,有,28000,324,坡道平面,23.52,2000,參加國家住宅及都市更新中心辦理社會住宅包租代管增辦第四期計畫公會版續租案件；,RPOOMLRKMHLGFAD08CC,整棟(戶)出租,有,1150514~1160513,有,冷氣、熱水器、洗衣機、電視機、冰箱、瓦斯或天然氣,社會住宅代管
中西區,租賃房屋,臺南市中西區北門路一段５１巷１３號三樓之８,0.0,,,,1150415,土地0建物1車位0,三層,6,華廈(10層含以下有電梯),住家用,鋼筋混凝土造,0790917,68.7,1,0,1,有,有,有,9500,138,,0.0,0,台南市不動產租賃公會民間住宅包租代管第5期計畫。續租案件；,RPPOMLRKMHLGFAD18CC,獨立套房,有,1150415~1160414,有,冷氣、熱水器、洗衣機、冰箱,社會住宅包租轉租
中西區,租賃房屋,臺南市中西區湖美街１１３巷１號,0.0,,,,1150331,土地0建物1車位0,全,3,透天厝,住商用,鋼筋混凝土造,0821230,176.94,4,3,3,有,無,有,22000,124,,0.0,0,參加公會版住宅包租代管四之一期計畫續租案件；,RPQOMLRKMHLGFAD28CC,整棟(戶)出租,無,1150401~1160331,無,熱水器、洗衣機,社會住宅代管
北區,租賃房屋,臺南市北區北門路二段５７７巷８號六樓之二,0.0,,,,1150331,土地0建物1車位0,六層,11,住宅大樓(11層含以上有電梯),集合住宅,鋼筋混凝土造,0930521,143.19,3,2,1,有,有,有,12000,84,,0.0,0,參加公會版住宅包租代管四之一期計畫續租案件；,RPROMLRKMHLGFAD38CC,整棟(戶)出租,有,1150401~1160331,有,冷氣、熱水器、洗衣機、電視機、冰箱,社會住宅代管
中西區,租賃房屋,臺南市中西區慶中街１４號２樓之３,0.0,,,,1150401,土地0建物1車位0,二層,7,華廈(10層含以下有電梯),住家用,鋼筋混凝土造,0741127,112.48,3,2,2,有,有,有,17000,151,,0.0,0,參加國家住宅及都市更新中心辦理社會住宅包租代管增辦第四期計畫公會版多人共同承租2；租金總額含管理費；續租案件；,RPSOMLRKMHLGFAD48CC,整棟(戶)出租,有,1150503~1160502,有,冷氣、熱水器、洗衣機、電視機、冰箱、瓦斯或天然氣,社會住宅代管
安平區,租賃房屋,臺南市安平區國平北路１３７號十樓之９,0.0,,,,1150324,土地0建物1車位0,十層,34,住宅大樓(11層含以上有電梯),集合住宅,鋼骨鋼筋混凝土造、鋼筋混凝土造,1140415,79.15,2,2,1,有,有,有,17300,219,,0.0,0,台南市社會住宅包租代管第5期計畫中央版租金依照租金水準區間表評定,RPTOMLRKMHLGFAD58CC,整棟(戶)出租,有,1150401~1160331,有,冷氣、熱水器、洗衣機,社會住宅代管
北區,租賃房屋+車位,臺南市北區公園南路３５８號十樓之３,0.0,,,,1150326,土地0建物1車位1,十層,25,住宅大樓(11層含以上有電梯),住家用,鋼筋混凝土造,0840104,88.24,2,1,1,有,有,有,13735,156,坡道機械,0.0,1000,台南市社會住宅包租代管 第5期計畫 中央版；水、電、網路費由承租人負擔。租金已扣除管理費1265元。多人共同承租2；,RPUOMLRKMHLGFAD68CC,整棟(戶)出租,有,1150401~1180331,有,冷氣、熱水器、洗衣機、冰箱,社會住宅包租轉租
中西區,租賃房屋,臺南市中西區大智街６３號７樓,0.0,,,,1150413,土地0建物0車位0,七層,7,華廈(10層含以下有電梯),商業用,鋼筋混凝土造,0711119,17.5,10,2,10,有,有,有,6000,343,,0.0,0,租金總額含水費；網路費；含增建或未登記建物；租賃建物部分範圍，且未計入共有部分面積；,RPVOMLRKMHLGFAD78CC,分租套房,無,1150413~1160413,有,冷氣、熱水器、洗衣機、電視機、冰箱、網路,一般代管
安平區,租賃房屋+車位,臺南市安平區建平七街５５０號八樓之１,0.0,,,,1150410,土地0建物1車位1,八層,22,住宅大樓(11層含以上有電梯),集合住宅,鋼筋混凝土造,1121108,93.74,2,2,2,有,有,有,28500,304,坡道機械,18.54,0,租金總額含管理費；網路費；其他10%租賃所得稅及2.11%二代健保補充保費；續租案件；,RPWOMLRKMHLGFAD88CC,整棟(戶)出租,有,1150410~1160409,有,冷氣、熱水器、洗衣機、電視機、冰箱、網路,
安平區,租賃房屋,臺南市安平區永華路二段８１９號八樓之５,0.0,,,,1150324,土地0建物1車位0,八層,24,住宅大樓(11層含以上有電梯),住家用,鋼筋混凝土造,0840530,143.66,2,2,2,有,有,有,22000,153,,0.0,0,台南市社會住宅包租代管增辦第4期計畫公會版租金依照租金水準區間表評定續租案件；,RPXOMLRKMHLGFAD98CC,整棟(戶)出租,有,1150410~1160409,有,冷氣、熱水器、洗衣機、電視機、冰箱、瓦斯或天然氣,社會住宅代管
北區,租賃房屋,臺南市北區開南街１４３巷２８弄１９號,0.0,,,,1150327,土地0建物1車位0,全,2,透天厝,住家用,加強磚造,0620503,147.78,3,2,1,有,無,無,12000,81,,0.0,0,,RPOPMLRKMHLGFAD18CC,整棟(戶)出租,無,1150401~1160331,無,冷氣、熱水器,一般代管
安平區,租賃房屋,臺南市安平區育平路７０號十一樓之８,0.0,,,,1150402,土地0建物1車位0,十一層,14,住宅大樓(11層含以上有電梯),集合住宅,鋼筋混凝土構造,1021225,58.11,2,1,1,有,有,有,17000,293,,0.0,0,參加國家住宅及都市更新中心辦理社會住宅包租代管增辦第四期計畫公會版續租案件；,RPPPMLRKMHLGFAD28CC,整棟(戶)出租,有,1150501~1160430,有,冷氣、熱水器、洗衣機、電視機、冰箱、瓦斯或天然氣,社會住宅代管
北區,租賃房屋,臺南市北區開元路４８５巷４１弄１０號十一樓之１２,0.0,,,,1150415,土地0建物1車位0,十一層,14,住宅大樓(11層含以上有電梯),集合住宅,鋼筋混凝土造,0891120,73.28,2,1,1,有,有,有,12000,164,,0.0,0,此為國家住宅及都市更新中心社會住宅包租代管第5期計畫。,RPQPMLRKMHLGFAD38CC,整棟(戶)出租,有,1150416~1160415,有,冷氣、熱水器、洗衣機、電視機、冰箱、瓦斯或天然氣,社會住宅包租轉租
安平區,租賃房屋,臺南市安平區永華五街２號二十八樓,0.0,,,,1150401,土地0建物1車位0,二十八層,29,住宅大樓(11層含以上有電梯),集合住宅,鋼筋混凝土構造,1070921,147.94,3,2,2,有,有,有,26000,176,,0.0,0,國家住宅及都市更新中心社會住宅包租代管中央版第五期計畫租金總額含管理費；未租賃車位，建物登記含有車位面積；,RPRPMLRKMHLGFAD48CC,整棟(戶)出租,有,1150401~1160331,有,冷氣、熱水器、洗衣機、電視機、冰箱,社會住宅代管
北區,租賃房屋,臺南市北區成功路２號六樓之１８,0.0,,,,1150408,土地0建物1車位0,六層,14,住宅大樓(11層含以上有電梯),住家用,鋼筋混凝土造,0731228,63.17,1,0,1,有,有,有,9000,142,,0.0,0,參加國家住宅及都市中心辦理社會住宅代租代管第五期計劃中央版租金總額含管理費；,RPTPMLRKMHLGFAD68CC,獨立套房,有,1150408~1160407,有,冷氣、熱水器、洗衣機、電視機、冰箱,社會住宅代管
北區,租賃房屋,臺南市北區東豐路１０９號４樓之１,0.0,,,,1150326,土地0建物1車位0,四層,5,公寓(5樓含以下無電梯),住家用,鋼筋混凝土造,0731130,128.78,3,2,2,有,無,有,13500,105,,0.0,0,,RPUPMLRKMHLGFAD78CC,整棟(戶)出租,無,1150405~1160404,無,冷氣、熱水器、洗衣機、冰箱,
安南區,租賃房屋,臺南市安南區安通一街２３號５樓之８,0.0,,,,1150408,土地0建物1車位0,五層,15,住宅大樓(11層含以上有電梯),集合住宅,鋼筋混凝土造,1101230,79.99,2,2,1,有,有,有,18200,228,,0.0,0,參加國家住宅及都市更新中心辦理社會住宅包租代管第五期計畫中央版,RPPNMLRKMHLGFBD18CC,整棟(戶)出租,有,1150515~1160514,有,冷氣、熱水器、電視機、冰箱、瓦斯或天然氣,社會住宅代管
安南區,租賃房屋,臺南市安南區鎮安路２９７號二樓之１,0.0,,,,1150325,土地0建物1車位0,二層,5,華廈(10層含以下有電梯),集合住宅,鋼筋混凝土造,1100511,105.9,3,2,2,有,有,有,18000,170,,0.0,0,國家住宅及都市更新中心社會住宅包租代管中央版第五期計畫未租賃車位，建物登記含有車位面積；,RPQNMLRKMHLGFBD28CC,整棟(戶)出租,有,1150401~1180331,有,冷氣、熱水器、洗衣機、冰箱,社會住宅包租轉租
安南區,租賃房屋,臺南市安南區安中路一段２３３號三樓之６,0.0,,,,1150331,土地0建物1車位0,三層,10,華廈(10層含以下有電梯),集合住宅,鋼筋混凝土造,1100527,112.83,2,2,1,有,有,有,15000,133,,0.0,0,參加公會版住宅包租代管四之一期計畫未租賃車位，建物登記含有車位面積；續租案件；,RPRNMLRKMHLGFBD38CC,整棟(戶)出租,有,1150401~1160331,有,冷氣、熱水器、洗衣機、電視機、冰箱,社會住宅代管
安南區,租賃房屋,臺南市安南區海佃路四段５５巷１８弄１９號,0.0,,,,1150324,土地0建物1車位0,全,2,透天厝,住家用,加強磚造,0750925,131.15,3,2,2,有,無,無,14000,107,,0.0,0,台南市社會住宅包租代管第4期計畫公會版租金依照租金水準區間表評定續租案件；,RPSNMLRKMHLGFBD48CC,整棟(戶)出租,無,1150401~1160331,無,熱水器、瓦斯或天然氣,社會住宅代管
安南區,租賃房屋,臺南市安南區郡安路五段１６４巷３弄１９號,0.0,,,,1150325,土地0建物1車位0,全,2,透天厝,住家用,加強磚造,0721119,114.14,4,2,3,有,無,無,16000,140,,0.0,0,台南市社會住宅包租代管增辦第4期計畫公會版租金依照租金水準區間表評定續租案件；,RPTNMLRKMHLGFBD58CC,整棟(戶)出租,無,1150401~1160331,無,熱水器,社會住宅代管
安南區,租賃房屋,臺南市安南區永續十八街１２０號,0.0,,,,1150410,土地0建物1車位0,全,4,透天厝,店舖、集合住宅、停車空間,鋼筋混凝土造,1120503,232.75,4,2,3,有,無,無,53000,228,,0.0,0,,RPUNMLRKMHLGFBD68CC,整棟(戶)出租,無,1150510~1170509,無,冷氣、洗衣機、冰箱,
安南區,租賃房屋,臺南市安南區安中路一段３００號,0.0,,,,1150330,土地0建物1車位0,見其他登記事項,3,店面(店鋪),住商用,鋼筋混凝土造,0831005,209.48,5,5,4,有,無,無,31000,148,,0.0,0,民國115年4月1日~115年5月16日為免租金裝潢期，租金自115年5月17日起算。租賃期間有約定不同租金115/05/17-120/05-16租金為新台幣31000未稅元整。120/05/17-125/05/16租金為新台幣36000未稅元整。125/05/17-130/05/16租金為新台幣41000未稅元整。；,RPVNMLRKMHLGFBD78CC,,無,1150517~1300516,無,,
安南區,租賃房屋,臺南市安南區安昌街２６巷１０號二樓之２,0.0,,,,1150401,土地0建物1車位0,二層,5,華廈(10層含以下有電梯),集合住宅,鋼筋混凝土造,1110824,120.5,3,2,2,有,有,有,15000,124,,0.0,0,國家住宅及都市更新中心社會住宅包租代管中央版第五期計畫未租賃車位，建物登記含有車位面積；,RPWNMLRKMHLGFBD88CC,整棟(戶)出租,有,1150401~1160331,有,冷氣、熱水器、洗衣機、電視機、冰箱,社會住宅代管
安南區,租賃房屋,臺南市安南區青砂街一段５７２巷１１６弄６８號,0.0,,,,1150411,土地0建物1車位0,全,3,透天厝,集合住宅、停車空間,鋼筋混凝土造,1140908,102.66,3,3,3,有,無,無,24000,234,,0.0,0,1.契約書未約定土地租賃標的2.由出租人提供租屋資訊3.115.04.12-115.04.17為免租期,RPOOMLRKMHLGFBD18CC,整棟(戶)出租,無,1150418~1160417,無,冷氣、熱水器,
東區,租賃房屋,臺南市東區東門路一段１３２之８號,0.0,,,,1150326,土地0建物1車位0,全,2,透天厝,住家用,加強磚造,0591220,82.97,3,2,2,有,無,有,9000,108,,0.0,0,台南市社會住宅包租代管第5期計畫中央版租金依照租金水準區間表評定,RPPNMLRKMHLGFCD28CC,整棟(戶)出租,無,1150401~1180331,無,熱水器,社會住宅包租轉租
東區,租賃房屋,臺南市東區長榮路二段１０６號九樓之４,0.0,,,,1150327,土地0建物1車位0,九層,9,華廈(10層含以下有電梯),住家用,鋼筋混凝土造,0780620,26.47,1,0,1,有,有,有,7200,272,,0.0,0,國家住宅及都市更新中心社會住宅包租代管中央版第五期計畫,RPQNMLRKMHLGFCD38CC,獨立套房,有,1150411~1180410,有,冷氣、熱水器、洗衣機,社會住宅包租轉租
東區,租賃房屋,臺南市東區裕豐街４號五樓,0.0,,,,1150331,土地0建物1車位0,五層,16,住宅大樓(11層含以上有電梯),住家用,鋼筋混凝土造,0810617,170.64,4,2,2,有,有,有,20000,117,,0.0,0,參加國家住宅及都市更新中心辦理社會住宅包租代管第四期計畫公會版租金總額含管理費；續租案件；,RPRNMLRKMHLGFCD48CC,整棟(戶)出租,有,1150520~1160519,有,冷氣、熱水器、瓦斯或天然氣,社會住宅代管
東區,租賃房屋,臺南市東區長東街１３１巷３７號,0.0,,,,1150401,土地0建物1車位0,全,2,透天厝,住家用,加強磚造,0580830,70.38,4,2,3,有,無,有,20000,284,,0.0,0,參加國家住宅及都市更新中心辦理社會住宅包租代管增辦第四期計畫公會版,RPTNMLRKMHLGFCD68CC,整棟(戶)出租,無,1150501~1160430,無,冷氣、熱水器,社會住宅代管
南區,租賃房屋,臺南市南區新建路２４巷２號之２,0.0,,,,1150415,土地0建物1車位0,一層,16,住宅大樓(11層含以上有電梯),住家用,鋼筋混凝土造,0850727,192.04999999999998,4,2,2,有,有,無,16000,83,,0.0,0,台南市不動產租賃公會民間住宅包租代管第5期計畫。續租案件；,RPUNMLRKMHLGFCD78CC,整棟(戶)出租,有,1150420~1160419,有,熱水器、瓦斯或天然氣,社會住宅代管
南區,租賃房屋,臺南市南區健康路二段５３巷１３號二樓之２,0.0,,,,1150326,土地0建物1車位0,二層,4,華廈(10層含以下有電梯),住家用,鋼筋混凝土造,0801231,30.42,1,0,1,有,無,無,8000,263,,0.0,0,台南市社會住宅包租代管公會版第4期續租案件；,RPVNMLRKMHLGFCD88CC,獨立套房,無,1150501~1160430,有,冷氣、熱水器、有線電視,社會住宅代管
東區,租賃房屋+車位,臺南市東區崇善路８０３號６樓,0.0,,,,1150401,土地0建物1車位1,六層,7,華廈(10層含以下有電梯),住家用,鋼筋混凝土造,0820920,124.35999999999999,3,2,2,有,有,有,17000,137,坡道機械,0.0,1000,參加國家住宅及都市更新中心辦理社會住宅包租代管增辦第四期計畫公會版續租案件；,RPWNMLRKMHLGFCD98CC,整棟(戶)出租,有,1150515~1160514,有,熱水器,社會住宅代管
東區,租賃房屋,臺南市東區崇善路１０８９巷２４號,0.0,,,,1150328,土地0建物1車位0,全,2,透天厝,住家用,加強磚造,0680517,69.1,4,2,2,有,無,無,25000,362,,0.0,0,,RPXNMLRKMHLGFCD09CC,整棟(戶)出租,無,1150329~1150928,無,冷氣、熱水器、洗衣機、電視機、瓦斯或天然氣,
南區,土地,鹽埕段2059地號,101.0,住,,,1150414,土地1建物0車位0,,,其他,,,,0.0,0,0,0,無,無,無,26000,257,,0.0,0,115/4/14~115/5/13為裝潢期免租金，房屋用途做餐飲業使用。含增建或未登記建物；,RPOOMLRKMHLGFCD28CC,,,1150414~1190413,,,
東區,租賃房屋+車位,臺南市東區崇元一街２號１０樓之２,0.0,,,,1150402,土地0建物1車位1,十層,14,住宅大樓(11層含以上有電梯),集合住宅,鋼筋混凝土構造、鋼骨造,1120329,84.0,2,1,1,有,有,有,20300,266,坡道平面,15.13,2000,參加國家住宅及都市更新中心辦理社會住宅包租代管第五期計畫中央版多人共同承租2；續租案件；,RPPOMLRKMHLGFCD38CC,整棟(戶)出租,有,1150415~1160414,有,冷氣、熱水器、洗衣機、電視機、冰箱,社會住宅代管
東區,租賃房屋,臺南市東區怡東路１５０巷１１號四樓,0.0,,,,1150401,土地0建物1車位0,四層,12,住宅大樓(11層含以上有電梯),集合住宅,鋼筋混凝土造,0881116,139.42000000000002,3,2,2,有,有,有,19000,136,,0.0,0,參加國家住宅及都市更新中心辦理社會住宅包租代管第五期計畫中央版多人共同承租2；續租案件；,RPROMLRKMHLGFCD58CC,整棟(戶)出租,有,1150401~1160331,有,冷氣、熱水器、洗衣機、電視機、冰箱、瓦斯或天然氣,社會住宅代管
南區,租賃房屋+車位,臺南市南區大同路二段１３６巷６號六樓之１,0.0,,,,1150415,土地0建物1車位1,六層,13,住宅大樓(11層含以上有電梯),集合住宅,鋼筋混凝土造,0881021,140.16,2,2,1,有,有,有,15000,107,坡道平面,0.0,0,1.契約書未約定土地租賃標的。2.由所有權人提供租屋資訊。3.契約另約定載明管理費每月1000元、停車位每月3000元費用由承租人負擔。多人共同承租2；,RPSOMLRKMHLGFCD68CC,整棟(戶)出租,有,1150415~1160414,有,冷氣、熱水器、洗衣機、電視機、冰箱、瓦斯或天然氣,
東區,租賃房屋,臺南市東區崇德十六街２８號４樓之１,0.0,,,,1150325,土地0建物1車位0,四層,6,華廈(10層含以下有電梯),住家用,鋼筋混凝土造,0820714,41.15,1,0,1,有,有,有,9000,219,,0.0,0,,RPTOMLRKMHLGFCD78CC,獨立套房,有,1150325~1160324,有,冷氣、熱水器、洗衣機、電視機、冰箱、瓦斯或天然氣,
南區,租賃房屋,臺南市南區府緯街８６號三樓之１１,0.0,,,,1150324,土地0建物1車位0,三層,8,華廈(10層含以下有電梯),住家用,鋼筋混凝土造,0811028,60.39,2,1,2,有,有,有,9500,157,,0.0,0,台南市社會住宅包租代管增辦第4期計畫公會版租金依照租金水準區間表評定,RPUOMLRKMHLGFCD88CC,整棟(戶)出租,有,1150401~1160331,有,冷氣、熱水器、洗衣機、電視機、冰箱、瓦斯或天然氣,社會住宅代管
新營區,租賃房屋,臺南市新營區新北里新北四街５３號,0.0,,,,1150413,土地0建物1車位0,全,2,透天厝,住家用,加強磚造,0731215,110.37,4,2,2,有,無,有,15000,136,,0.0,0,此為國家住宅及都市更新中心社會住宅包租代管第5期計畫。多人共同承租2；,RPPNMLRKMHLGFDD38CC,整棟(戶)出租,無,1150420~1160419,無,冷氣、熱水器、洗衣機、冰箱、瓦斯或天然氣,社會住宅包租轉租
新營區,租賃房屋,臺南市新營區隋唐街３９５號七樓之四,0.0,,,,1150410,土地0建物1車位0,七層,8,華廈(10層含以下有電梯),住家用,鋼筋混凝土造,0820508,113.66,2,2,1,有,有,有,10000,88,,0.0,0,參加公會版住宅包租代管四之一期計畫租金總額含管理費；續租案件；,RPQNMLRKMHLGFDD48CC,整棟(戶)出租,有,1150410~1160409,有,冷氣、熱水器、洗衣機、電視機、冰箱,社會住宅代管
白河區,租賃房屋,臺南市白河區富民路４２４號,0.0,,,,1150415,土地0建物1車位0,全,3,透天厝,住商用,鋼筋混凝土造,0711022,165.95,3,2,2,有,無,無,11000,66,,0.0,0,此為國家住宅及都市更新中心社會住宅包租代管第5期計畫。,RPPNMLRKMHLGFED48CC,整棟(戶)出租,無,1150425~1160424,無,冷氣、熱水器,社會住宅代管
七股區,租賃房屋,臺南市七股區龍山村２鄰龍山１４之１號,0.0,,,,1150412,土地0建物1車位0,全,3,透天厝,住家用,鋼筋混凝土造,0781107,194.73,4,2,3,有,無,有,16500,85,,0.0,0,國家住宅及都市更新中心社會住宅包租代管中央版第五期計畫,RPPNMLRKMHLGFGD68CC,整棟(戶)出租,無,1150413~1160412,無,熱水器,社會住宅代管
善化區,租賃房屋,臺南市善化區茄拔３１之３號六樓之２,0.0,,,,1150330,土地0建物1車位0,六層,8,華廈(10層含以下有電梯),集合住宅,鋼筋混凝土造,1140822,126.53,3,2,2,有,有,有,18000,142,,0.0,0,國家住宅及都市更新中心社會住宅包租代管中央版第五期計畫未租賃車位，建物登記含有車位面積；,RPPNMLRKMHLGFHD78CC,整棟(戶)出租,有,1150401~1180331,有,冷氣、熱水器、洗衣機、電視機、冰箱,社會住宅包租轉租
新市區,租賃房屋,臺南市新市區龍目井路３０６號,0.0,,,,1150411,土地0建物0車位0,全,4,透天厝,住宅、停車空間,鋼筋混凝土造,1030911,23.17,7,0,7,有,無,有,6000,259,,0.0,0,租金總額含水費；租賃建物部分範圍，且未計入共有部分面積；,RPQNMLRKMHLGFHD88CC,分租套房,無,1150411~1160430,無,冷氣、熱水器、洗衣機、電視機、冰箱,一般代管
安定區,租賃房屋,臺南市安定區許中營１之７２號５樓之２,0.0,,,,1150416,土地0建物1車位0,五層,6,華廈(10層含以下有電梯),集合住宅,鋼筋混凝土造,1121027,85.7,2,2,2,有,有,有,18000,210,,0.0,0,租金總額含管理費；,RPRNMLRKMHLGFHD98CC,整棟(戶)出租,有,1150420~1160419,有,冷氣、熱水器、洗衣機、冰箱,
仁德區,租賃房屋,臺南市仁德區中正西路４０２號四樓之１２,0.0,,,,1150410,土地0建物1車位0,四層,4,華廈(10層含以下有電梯),辦公室,鋼筋混凝土造,0960920,13.629999999999999,1,0,1,有,有,有,3000,220,,0.0,0,含增建或未登記建物；,RPPNMLRKMHLGFID88CC,獨立套房,有,1150410~1160409,有,冷氣、熱水器、電視機、冰箱、網路,一般代管
仁德區,租賃房屋,臺南市仁德區德崙路３４８號,0.0,,,,1150324,土地0建物1車位0,一層,3,店面(店鋪),住家用,鋼筋混凝土造,0831004,44.47,1,1,1,有,無,有,18000,405,,0.0,0,,RPRNMLRKMHLGFID09CC,,無,1150401~1160331,無,冷氣、熱水器、冰箱,
歸仁區,租賃房屋,臺南市歸仁區大順街１號三樓之２,0.0,,,,1150415,土地0建物1車位0,三層,14,住宅大樓(11層含以上有電梯),集合住宅,鋼筋混凝土造,0870421,88.4,3,1,2,有,有,有,14000,158,,0.0,0,此為台南市社會住宅包租代管第4期計畫。續租案件；,RPTNMLRKMHLGFID66CC,整棟(戶)出租,有,1150415~1160414,有,冷氣、熱水器、洗衣機、冰箱、瓦斯或天然氣,社會住宅包租轉租
仁德區,租賃房屋,臺南市仁德區文心路８０號二樓之１,0.0,,,,1150320,土地0建物1車位0,二層,24,住宅大樓(11層含以上有電梯),集合住宅,鋼筋混凝土構造,1100315,133.14,3,2,2,有,有,有,15000,113,,0.0,0,?參加公會版住宅包租代管五期計畫多人共同承租2；租金總額含管理費；未租賃車位，建物登記含有車位面積；,RPUNMLRKMHLGFID76CC,整棟(戶)出租,有,1150320~1160319,有,冷氣、熱水器、洗衣機、電視機、冰箱,社會住宅代管
歸仁區,租賃房屋+車位,臺南市歸仁區高發二路３１２號３樓之１,0.0,,,,1150416,土地0建物1車位1,三層,15,住宅大樓(11層含以上有電梯),集合住宅,鋼筋混凝土造,1120808,144.42000000000002,3,2,2,有,有,無,20000,138,坡道平面,22.4,0,,RPVNMLRKMHLGFID86CC,整棟(戶)出租,有,1150501~1160430,有,冷氣、熱水器、洗衣機、瓦斯或天然氣,
歸仁區,租賃房屋,臺南市歸仁區智發街１３號七樓之５,0.0,,,,1150401,土地0建物1車位0,七層,14,住宅大樓(11層含以上有電梯),集合住宅,鋼筋混凝土造,1140124,100.85,2,2,1,有,有,有,14000,139,,0.0,0,國家住宅及都市更新中心社會住宅包租代管中央版第五期計畫未租賃車位，建物登記含有車位面積；,RPWNMLRKMHLGFID96CC,整棟(戶)出租,有,1150401~1160331,有,冷氣、熱水器、洗衣機、電視機、冰箱,社會住宅代管
仁德區,租賃房屋,臺南市仁德區二仁路一段６７號,0.0,,,,1150401,土地0建物0車位0,全,3,透天厝,住商用,鋼筋混凝土造,0731228,15.54,10,0,10,有,無,有,5500,354,,0.0,0,多人共同承租2；,RPXNMLRKMHLGFID07CC,分租套房,無,1150412~1150811,無,冷氣、熱水器、洗衣機、冰箱,一般轉租
歸仁區,租賃房屋,臺南市歸仁區後市里民族北街４７號六樓之１,0.0,,,,1150402,土地0建物1車位0,六層,7,華廈(10層含以下有電梯),住家用,鋼筋混凝土造,0811229,79.63999999999999,3,2,1,有,有,有,12000,151,,0.0,0,國家住宅及都市更新中心社會住宅包租代管中央版第五期計畫,RPOOMLRKMHLGFID88CC,整棟(戶)出租,有,1150410~1180409,有,冷氣、熱水器、洗衣機,社會住宅包租轉租
仁德區,租賃房屋,臺南市仁德區仁義里中正路二段１０７８巷１１號,0.0,,,,1150326,土地0建物1車位0,見其他登記事項,1,工廠,工業用,磚造、鐵骨造、石棉瓦。,0620601,428.17,0,0,0,無,無,無,50000,,,0.0,0,租金總額含稅；,RPPOMLRKMHLGFID98CC,,無,1150501~1180430,無,,
歸仁區,租賃房屋,臺南市歸仁區智發街１３號七樓之５,0.0,,,,1150322,土地0建物1車位0,七層,14,住宅大樓(11層含以上有電梯),集合住宅,鋼筋混凝土造,1140124,100.85,3,2,1,有,有,有,16000,159,,0.0,0,多人共同承租2；租金總額含管理費；未租賃車位，建物登記含有車位面積；,RPQOMLRKMHLGFID09CC,整棟(戶)出租,有,1150326~1160325,有,冷氣、熱水器、洗衣機、電視機、冰箱、瓦斯或天然氣,
永康區,租賃房屋,臺南市永康區中華路７巷２號五樓之２,0.0,,,,1150409,土地0建物1車位0,五層,19,住宅大樓(11層含以上有電梯),集合住宅,鋼筋混凝土構造,1010817,123.23,3,2,2,有,有,有,21763,177,,0.0,0,台南市社會住宅包租代管第4期計畫。管理費2237元由出租人負擔,RPPNMLRKMHLGFKD09CC,整棟(戶)出租,有,1150420~1160419,有,冷氣、熱水器、洗衣機、瓦斯或天然氣,社會住宅代管
永康區,租賃房屋,臺南市永康區復華里復國一路４７５巷２８號一樓之９,0.0,,,,1150409,土地0建物1車位0,一層,5,華廈(10層含以下有電梯),住家用,鋼筋混凝土構造,1070402,13.61,1,0,1,有,有,有,4350,320,,0.0,0,含增建或未登記建物；,RPQNMLRKMHLGFKD56CC,獨立套房,有,1150413~1151012,有,冷氣、熱水器、電視機、冰箱、網路,一般代管
永康區,租賃房屋,臺南市永康區復華里復國一路４７５巷２８號三樓之８,0.0,,,,1150408,土地0建物1車位0,三層,5,華廈(10層含以下有電梯),住家用,鋼筋混凝土構造,1070402,13.670000000000002,1,0,1,有,有,有,4350,318,,0.0,0,含增建或未登記建物；續租案件；,RPRNMLRKMHLGFKD66CC,獨立套房,有,1150701~1160630,有,冷氣、熱水器、電視機、冰箱、網路,一般代管
永康區,租賃房屋,臺南市永康區復華里復國一路４７５巷２８號三樓之２２,0.0,,,,1150409,土地0建物1車位0,三層,5,華廈(10層含以下有電梯),住家用,鋼筋混凝土構造,1070402,13.61,1,0,1,有,有,有,4350,320,,0.0,0,含增建或未登記建物；續租案件；,RPSNMLRKMHLGFKD76CC,獨立套房,有,1150701~1151231,有,冷氣、熱水器、電視機、冰箱、網路,一般代管
永康區,租賃房屋+車位,臺南市永康區中山南路４６７巷１５號,0.0,,,,1150319,土地0建物0車位1,全,2,透天厝,廠房、辦公室、倉庫、員工宿舍。,加強磚造,0690301,28.74,23,23,23,有,無,有,13000,452,一樓平面,0.0,2500,多人共同承租2；租金總額含水費；網路費；含增建或未登記建物；,RPTNMLRKMHLGFKD86CC,分租套房,無,1150319~1160319,無,冷氣、熱水器、洗衣機、電視機、冰箱、網路,一般代管
永康區,租賃房屋+車位,臺南市永康區東橋七路３６５號七樓之３,0.0,,,,1150407,土地0建物0車位1,七層,18,住宅大樓(11層含以上有電梯),住家用,鋼筋混凝土構造,1071214,25.31,2,2,1,有,有,無,14500,573,坡道平面,17.01,0,建物含二個車位承租方承租一個車位另一個車位出租人自行使用租金總額含管理費；租賃建物部分範圍，且未計入共有部分面積；續租案件；,RPUNMLRKMHLGFKD96CC,分租雅房,有,1150405~1160404,有,冷氣、熱水器、洗衣機、電視機、瓦斯或天然氣,一般代管
永康區,租賃房屋,臺南市永康區東橋七路３６５號七樓之３,0.0,,,,1150407,土地0建物0車位0,七層,18,住宅大樓(11層含以上有電梯),住家用,鋼筋混凝土構造,1071214,25.31,2,2,1,有,有,無,11000,435,,0.0,0,建物含二個車位承租方未承租車位租金總額含管理費；租賃建物部分範圍，且未計入共有部分面積；續租案件；,RPVNMLRKMHLGFKD07CC,分租雅房,有,1150405~1160404,有,冷氣、熱水器、洗衣機、電視機、冰箱、瓦斯或天然氣,一般代管
永康區,租賃房屋,臺南市永康區大橋三街２５３之２號三樓,0.0,,,,1150319,土地0建物1車位0,三層,6,華廈(10層含以下有電梯),住家用,鋼筋混凝土造,0820317,82.92,3,2,2,有,有,有,16500,199,,0.0,0,參加公會版住宅包租代管五期計畫,RPXNMLRKMHLGFKD27CC,整棟(戶)出租,有,1150320~1160319,有,冷氣、熱水器、冰箱,社會住宅代管
永康區,租賃房屋,臺南市永康區中正七街４５號,0.0,,,,1150413,土地0建物0車位0,全,4,透天厝,住商用,鋼筋混凝土造,0930810,17.12,8,1,9,有,無,有,7000,409,,0.0,0,含增建或未登記建物；租賃建物部分範圍，且未計入共有部分面積；,RPOOMLRKMHLGFKD09CC,分租套房,無,1150413~1160412,無,冷氣、熱水器、冰箱,
永康區,租賃房屋,臺南市永康區大橋一街４７之６號六樓之１,0.0,,,,1150415,土地0建物1車位0,六層,14,住宅大樓(11層含以上有電梯),住家用,鋼筋混凝土造,0880824,87.06,2,1,1,有,有,有,12500,144,,0.0,0,此為台南市社會住宅包租代管第4期計畫。續租案件；,RPPOMLRKMHLGFKD56CC,整棟(戶)出租,有,1150515~1160514,有,冷氣、熱水器、瓦斯或天然氣,社會住宅代管
永康區,租賃房屋,臺南市永康區東橋十街１７０號,0.0,,,,1150413,土地0建物1車位0,一層,15,店面(店鋪),店舖,鋼筋混凝土構造,1120818,132.7,0,1,1,有,有,無,55000,414,,0.0,0,租金總額含稅；管理費；租賃期間有約定不同租金115/4/13~115/6/14 為裝潢準備期，免租金；,RPQOMLRKMHLGFKD66CC,,有,1150413~1200414,有,,
永康區,租賃房屋,臺南市永康區中華一路１８２巷４號七樓之３,0.0,,,,1150410,土地0建物1車位0,七層,7,華廈(10層含以下有電梯),住家用,鋼筋混凝土造,0821013,96.21000000000001,2,2,1,有,有,有,12500,130,,0.0,0,參加公會版住宅包租代管四之一期計畫續租案件；,RPROMLRKMHLGFKD76CC,整棟(戶)出租,有,1150410~1160409,有,冷氣、熱水器、洗衣機、冰箱,社會住宅代管
永康區,租賃房屋,臺南市永康區新民街４７巷１２號七樓之５,0.0,,,,1150325,土地0建物1車位0,七層,9,華廈(10層含以下有電梯),住家用,鋼筋混凝土造,0821230,31.349999999999998,1,0,1,有,有,有,7000,223,,0.0,0,國家住宅及都市更新中心社會住宅包租代管中央版第五期計畫,RPTOMLRKMHLGFKD96CC,獨立套房,有,1150420~1160419,有,冷氣、熱水器、洗衣機、冰箱,社會住宅代管
永康區,租賃房屋,臺南市永康區中華路７巷３６號,0.0,,,,1150411,土地0建物0車位0,全,5,透天厝,住商用,鋼筋混凝土造,0790824,28.95,12,12,12,有,無,有,10000,345,,0.0,0,,RPUOMLRKMHLGFKD07CC,分租套房,無,1150416~1160415,無,冷氣、熱水器、洗衣機、電視機、冰箱,
永康區,租賃房屋,臺南市永康區成功路１７６號６樓之２,0.0,,,,1150416,土地0建物1車位0,六層,7,華廈(10層含以下有電梯),住家用,鋼筋混凝土造,0800130,23.4,1,1,1,有,有,有,6600,282,,0.0,0,租金總額含網路費；,RPVOMLRKMHLGFKD17CC,獨立套房,無,1150416~1160417,有,冷氣、熱水器、洗衣機、電視機、冰箱、網路,一般代管
永康區,租賃房屋,臺南市永康區忠孝一路１２號,0.0,,,,1150401,土地0建物0車位0,全,4,透天厝,住宅，店舖，停車空間,鋼筋混凝土構造,1070212,36.36,6,0,6,有,無,有,12000,330,,0.0,0,,RPWOMLRKMHLGFKD27CC,分租套房,無,1150401~1160401,無,冷氣、熱水器、洗衣機、電視機、冰箱,
永康區,租賃房屋,臺南市永康區復華八街５８巷３號,0.0,,,,1150330,土地0建物1車位0,全,5,透天厝,梯間、住宅。,鋼筋混凝土造,0821014,177.94,4,2,2,有,無,有,25000,140,,0.0,0,國家住宅及都市更新中心社會住宅包租代管中央版第五期計畫,RPXOMLRKMHLGFKD37CC,整棟(戶)出租,無,1150501~1160430,無,冷氣、熱水器、洗衣機、電視機、冰箱,社會住宅代管
永康區,租賃房屋,臺南市永康區新民街８號,0.0,,,,1150401,土地0建物0車位0,全,4,透天厝,住商用,鋼筋混凝土造,0971030,29.56,8,0,8,有,無,有,6200,210,,0.0,0,租金總額含水費；網路費；其他有線電視或MOD；,RPOPMLRKMHLGFKD56CC,分租套房,無,1150401~1160409,無,冷氣、熱水器、電視機、冰箱、有線電視、網路,一般代管
永康區,租賃房屋,臺南市永康區北興路１３７號二樓之１,0.0,,,,1150330,土地0建物1車位0,二層,5,華廈(10層含以下有電梯),集合住宅,鋼筋混凝土構造,1110627,99.96000000000001,2,2,2,有,有,有,22000,220,,0.0,0,國家住宅及都市更新中心社會住宅包租代管中央版第五期計畫,RPPPMLRKMHLGFKD66CC,整棟(戶)出租,有,1150501~1160430,有,冷氣、熱水器,社會住宅代管
永康區,租賃房屋,臺南市永康區新中街３２７號,0.0,,,,1150405,土地0建物1車位0,全,4,透天厝,住商用,鋼筋混凝土造,0971030,20.13,7,0,7,有,無,有,5000,248,,0.0,0,租金總額含網路費；其他有線電視或MOD；,RPQPMLRKMHLGFKD76CC,,無,1150405~1160409,無,冷氣、熱水器、電視機、冰箱、有線電視、網路,
永康區,租賃房屋,臺南市永康區永華路５０３號二樓之５,0.0,,,,1150408,土地0建物0車位0,二層,3,華廈(10層含以下有電梯),住家用,鋼筋混凝土構造,1040518,19.8,38,0,38,有,無,有,6150,311,,0.0,0,租金總額含網路費；其他有線電視或MOD；租賃建物部分範圍，且未計入共有部分面積；續租案件；,RPRPMLRKMHLGFKD86CC,分租套房,無,1150601~1160531,有,冷氣、熱水器、洗衣機、電視機、冰箱、有線電視、網路,一般代管
永康區,租賃房屋,臺南市永康區新民街１６巷１弄１０號,0.0,,,,1150408,土地0建物0車位0,全,4,透天厝,停車空間，住宅,鋼筋混凝土造,1000621,24.1,8,0,8,有,無,有,5800,241,,0.0,0,租金總額含水費；網路費；其他有線電視或MOD；續租案件；,RPSPMLRKMHLGFKD96CC,分租套房,無,1150501~1150731,無,冷氣、熱水器、電視機、冰箱、有線電視、網路,一般代管
永康區,租賃房屋,臺南市永康區忠勇街８２號,70.26,住,,,1150330,土地1建物1車位0,見其他登記事項,4,店面(店鋪),店舖、住宅、防空避難室。,鋼筋混凝土造,0770806,229.62,6,0,4,有,無,無,15000,65,,0.0,0,,RPTPMLRKMHLGFKD07CC,,無,1150601~1160531,無,,
永康區,租賃房屋,臺南市永康區新民街１６巷２６號,0.0,,,,1150408,土地0建物0車位0,全,4,透天厝,住家用,鋼筋混凝土造,0971030,22.66,8,0,8,有,無,有,5000,221,,0.0,0,租金總額含網路費；其他有線電視或MOD；續租案件；,RPUPMLRKMHLGFKD17CC,分租套房,無,1150601~1160531,無,冷氣、熱水器、電視機、冰箱、有線電視、網路,一般代管
永康區,租賃房屋,臺南市永康區新民街１６巷２６號,0.0,,,,1150410,土地0建物0車位0,全,4,透天厝,住家用,鋼筋混凝土造,0971030,26.74,8,0,8,有,無,有,6500,243,,0.0,0,租金總額含網路費；其他有線電視或MOD；續租案件；,RPWPMLRKMHLGFKD37CC,分租套房,無,1150601~1160531,無,冷氣、熱水器、電視機、冰箱、有線電視、網路,一般代管
永康區,租賃房屋,臺南市永康區永華路５０３號三樓之８,0.0,,,,1150408,土地0建物0車位0,三層,3,華廈(10層含以下有電梯),住家用,鋼筋混凝土構造,1040518,20.87,38,0,38,有,無,有,6150,295,,0.0,0,租金總額含網路費；其他有線電視或MOD；租賃建物部分範圍，且未計入共有部分面積；續租案件；,RPXPMLRKMHLGFKD47CC,分租套房,無,1150501~1160430,有,冷氣、熱水器、洗衣機、電視機、冰箱、有線電視、網路,一般代管
永康區,租賃房屋,臺南市永康區新民街９０號,0.0,,,,1150413,土地0建物0車位0,全,4,透天厝,住商用,鋼筋混凝土造,0941223,22.36,6,0,6,有,無,有,6000,268,,0.0,0,租金總額含水費；網路費；其他有線電視或MOD；續租案件；,RPPQMLRKMHLGFKD76CC,分租套房,無,1150601~1160531,無,冷氣、熱水器、電視機、冰箱、有線電視、網路,一般代管
永康區,租賃房屋,臺南市永康區中華路２８０巷１８弄１１號,0.0,,,,1150403,土地0建物1車位0,見其他登記事項,7,華廈(10層含以下有電梯),住家用,鋼筋混凝土造,0820510,119.95,2,1,2,有,有,有,13500,113,,0.0,0,參加國家住宅及都市更新中心辦理社會住宅包租代管第五期計畫中央版租金總額含管理費；未租賃車位，建物登記含有車位面積；續租案件；,RPQQMLRKMHLGFKD86CC,整棟(戶)出租,有,1150413~1160412,有,冷氣、熱水器、洗衣機、電視機,社會住宅代管
永康區,租賃房屋+車位,臺南市永康區勝學路２６０巷２號十樓之１,0.0,,,,1150405,土地0建物1車位1,十層,12,住宅大樓(11層含以上有電梯),住家用,鋼筋混凝土造,0880426,108.02,4,2,2,有,有,有,19000,176,坡道機械,0.0,2500,參加國家住宅及都市更新中心辦理社會住宅包租代管第五期計畫中央版續租案件；,RPRQMLRKMHLGFKD96CC,整棟(戶)出租,有,1150601~1160531,有,冷氣、熱水器、洗衣機、電視機、冰箱、瓦斯或天然氣,社會住宅代管
安平區,租賃房屋,臺南市安平區健康三街５９２巷５５號九樓之９,0.0,,,,1150401,土地0建物1車位0,九層,24,住宅大樓(11層含以上有電梯),住家用,鋼筋混凝土造,0861022,106.75,3,2,2,有,有,有,13500,126,,0.0,0,參加國家住宅及都市更新中心辦理社會住宅包租代管第5期計畫中央版,RPPNMLSKMHLGFAD18CC,整棟(戶)出租,有,1150401~1180331,有,冷氣、熱水器、洗衣機、電視機、冰箱,社會住宅包租轉租
中西區,租賃房屋,臺南市中西區忠義路二段１８５號九樓之１,0.0,,,,1150409,土地0建物1車位0,九層,10,華廈(10層含以下有電梯),住家用,鋼筋混凝土造,0691203,47.7,2,1,1,有,有,有,12300,258,,0.0,0,參加國家住宅及都市更新中心辦理社會住宅包租代管第5期計畫中央版,RPRNMLSKMHLGFAD38CC,整棟(戶)出租,有,1150410~1180409,有,冷氣、熱水器、洗衣機、電視機、冰箱,社會住宅包租轉租
北區,租賃房屋,臺南市北區大興街１７４巷８８號,0.0,,,,1150410,土地0建物1車位0,全,4,透天厝,住商用,鋼筋混凝土造,0791108,177.44,5,3,4,有,無,有,19900,112,,0.0,0,參加國家住宅及都市更新中心辦理社會住宅包租代管第5期計畫中央版,RPSNMLSKMHLGFAD48CC,整棟(戶)出租,無,1150410~1180409,無,冷氣、熱水器、洗衣機、冰箱,社會住宅包租轉租
北區,租賃房屋,臺南市北區開南街２７５巷２１號,0.0,,,,1150408,土地0建物1車位0,全,2,透天厝,住商用,加強磚造,0670622,72.22,3,2,2,有,無,有,17600,244,,0.0,0,參加國家住宅及都市更新中心辦理社會住宅包租代管第5期計畫中央版,RPTNMLSKMHLGFAD58CC,整棟(戶)出租,無,1150415~1180414,無,冷氣、熱水器、洗衣機、電視機、冰箱,社會住宅包租轉租
中西區,租賃房屋,臺南市中西區金華路三段２３０號六樓之６,0.0,,,,1150418,土地0建物1車位0,六層,12,住宅大樓(11層含以上有電梯),住家用,鋼筋混凝土造,0750121,57.34,2,2,2,有,有,有,17320,302,,0.0,0,管理費 : 680元，由出租人負擔網路費 : 由出租人負擔多人共同承租2；租金總額含網路費；,RPUNMLSKMHLGFAD68CC,整棟(戶)出租,有,1150515~1160614,有,冷氣、熱水器、洗衣機、電視機、冰箱,
安平區,租賃房屋+車位,臺南市安平區育平路２１２號十七樓之１８,0.0,,,,1150410,土地0建物1車位1,十七層,17,住宅大樓(11層含以上有電梯),住家用,鋼筋混凝土造,0840729,116.35,3,2,2,有,有,有,18000,155,坡道平面,0.0,0,參加國家住宅及都市更新中心辦理社會住宅包租代管第5期計畫中央版多人共同承租2；,RPVNMLSKMHLGFAD78CC,整棟(戶)出租,有,1150410~1180409,有,冷氣、熱水器、洗衣機、冰箱,社會住宅包租轉租
中西區,租賃房屋,臺南市中西區信義街１０８巷４３號六樓之２,0.0,,,,1150331,土地0建物1車位0,六層,6,華廈(10層含以下有電梯),住家用,鋼筋混凝土造,0820327,113.3,2,2,2,有,有,有,17500,154,,0.0,0,參加國家住宅及都市更新中心辦理社會住宅包租代管第5期計畫中央版租金總額含管理費；,RPWNMLSKMHLGFAD88CC,整棟(戶)出租,有,1150401~1160331,有,冷氣、熱水器、電視機、冰箱,社會住宅代管
安南區,租賃房屋,臺南市安南區郡安路五段５２號四樓之５,0.0,,,,1150331,土地0建物1車位0,四層,15,住宅大樓(11層含以上有電梯),集合住宅,鋼筋混凝土造,1110415,154.63,3,2,2,有,有,有,19500,126,,0.0,0,參加國家住宅及都市更新中心辦理社會住宅包租代管第5期計畫中央版未租賃車位，建物登記含有車位面積；,RPQNMLSKMHLGFBD38CC,整棟(戶)出租,有,1150401~1180331,有,冷氣、熱水器,社會住宅包租轉租
東區,租賃房屋,臺南市東區裕農路３５２號四樓之１,0.0,,,,1150401,土地0建物1車位0,四層,7,華廈(10層含以下有電梯),住家用,鋼筋混凝土造,0821028,115.18,3,2,2,有,有,有,19500,169,,0.0,0,參加國家住宅及都市更新中心辦理社會住宅包租代管第5期計畫中央版,RPPNMLSKMHLGFCD38CC,整棟(戶)出租,有,1150401~1180331,有,冷氣、熱水器、洗衣機、電視機、冰箱,社會住宅包租轉租
東區,租賃房屋,臺南市東區東門路一段２９８號四樓之１２,0.0,,,,1150413,土地0建物1車位0,四層,11,住宅大樓(11層含以上有電梯),住家用,鋼筋混凝土造,0800518,33.99,1,1,1,有,有,有,7300,215,,0.0,0,參加國家住宅及都市更新中心辦理社會住宅包租代管第5期計畫中央版租金總額含管理費；,RPQNMLSKMHLGFCD48CC,獨立套房,有,1150413~1160412,有,冷氣、熱水器、洗衣機、電視機、冰箱,社會住宅包租轉租
南區,租賃房屋,臺南市南區萬年七街１５７號七樓之７,0.0,,,,1150414,土地0建物1車位0,七層,15,住宅大樓(11層含以上有電梯),集合住宅,鋼筋混凝土造,1140417,127.96,3,1,2,有,有,有,18000,141,,0.0,0,參加國家住宅及都市更新中心辦理社會住宅包租代管第5期計畫中央版租金總額含管理費；未租賃車位，建物登記含有車位面積；,RPRNMLSKMHLGFCD58CC,整棟(戶)出租,有,1150415~1180414,有,冷氣、熱水器、洗衣機、電視機、冰箱,社會住宅包租轉租
新營區,租賃房屋,臺南市新營區復興路３０１號十二樓之二,0.0,,,,1150401,土地0建物1車位0,十二層,19,住宅大樓(11層含以上有電梯),住家用,鋼筋混凝土造,0860721,129.81,3,1,2,有,有,有,15000,116,,0.0,0,參加國家住宅及都市更新中心辦理社會住宅包租代管第5期計畫中央版,RPPNMLSKMHLGFDD48CC,整棟(戶)出租,有,1150401~1160331,有,冷氣、熱水器、洗衣機,社會住宅代管
新市區,租賃房屋,臺南市新市區復興路５００巷６號四樓之１,0.0,,,,1150408,土地0建物1車位0,四層,7,華廈(10層含以下有電梯),集合住宅,鋼筋混凝土造,1131211,108.81,3,2,2,有,有,有,19700,181,,0.0,0,參加國家住宅及都市更新中心辦理社會住宅包租代管第5期計畫中央版未租賃車位，建物登記含有車位面積；,RPPNMLSKMHLGFHD88CC,整棟(戶)出租,有,1150410~1180409,有,冷氣、熱水器、洗衣機、電視機、冰箱,社會住宅包租轉租
關廟區,租賃房屋,臺南市關廟區北新一街１０號七樓之７,0.0,,,,1150413,土地0建物1車位0,七層,10,華廈(10層含以下有電梯),集合住宅,鋼筋混凝土造,1121117,90.22999999999999,2,1,1,有,有,有,13800,153,,0.0,0,參加國家住宅及都市更新中心辦理社會住宅包租代管第5期計畫中央版未租賃車位，建物登記含有車位面積；,RPPNMLSKMHLGFID98CC,整棟(戶)出租,有,1150414~1160413,有,冷氣、熱水器、洗衣機、電視機、冰箱,社會住宅包租轉租
永康區,租賃房屋,臺南市永康區五王里中華路５７８巷２之２號六樓之１,0.0,,,,1150330,土地0建物1車位0,六層,8,華廈(10層含以下有電梯),住家用,鋼筋混凝土造,0851028,23.31,1,1,1,有,有,有,5600,240,,0.0,0,參加國家住宅及都市更新中心辦理社會住宅包租代管第5期計畫中央版租金總額含管理費；,RPPNMLSKMHLGFKD56CC,獨立套房,有,1150401~1180331,有,冷氣、熱水器、洗衣機、電視機、冰箱,社會住宅包租轉租
永康區,租賃房屋,臺南市永康區新民街６６巷１號六樓之５,0.0,,,,1150407,土地0建物1車位0,六層,9,華廈(10層含以下有電梯),住家用,鋼筋混凝土造,0821230,35.56,1,1,1,有,有,有,6500,183,,0.0,0,參加國家住宅及都市更新中心辦理社會住宅包租代管第5期計畫中央版,RPQNMLSKMHLGFKD66CC,獨立套房,有,1150407~1180406,有,冷氣、熱水器、洗衣機、電視機、冰箱,社會住宅包租轉租
永康區,租賃房屋,臺南市永康區忠義街６０巷３號九樓之６,0.0,,,,1150407,土地0建物1車位0,九層,15,住宅大樓(11層含以上有電梯),辦公室。,鋼筋混凝土造,0840331,42.69,1,1,1,有,有,有,9000,211,,0.0,0,參加國家住宅及都市更新中心辦理社會住宅包租代管第5期計畫中央版,RPSNMLSKMHLGFKD86CC,獨立套房,有,1150408~1160407,有,冷氣、熱水器、洗衣機、電視機、冰箱,社會住宅包租轉租
永康區,租賃房屋,臺南市永康區新民街４７巷１２號五樓之１１,0.0,,,,1150408,土地0建物1車位0,五層,9,華廈(10層含以下有電梯),住家用,鋼筋混凝土造,0821230,41.72,1,1,1,有,有,有,9800,235,,0.0,0,參加國家住宅及都市更新中心辦理社會住宅包租代管第5期計畫中央版租金總額含管理費；,RPUNMLSKMHLGFKD07CC,獨立套房,有,1150421~1160420,有,冷氣、熱水器、洗衣機、電視機、冰箱,社會住宅包租轉租
永康區,租賃房屋,臺南市永康區四維街１１７號三樓之１,0.0,,,,1150410,土地0建物1車位0,三層,5,華廈(10層含以下有電梯),集合住宅,鋼筋混凝土造,1140429,120.35,3,2,2,有,有,有,19500,162,,0.0,0,參加國家住宅及都市更新中心辦理社會住宅包租代管第5期計畫中央版未租賃車位，建物登記含有車位面積；,RPVNMLSKMHLGFKD17CC,整棟(戶)出租,有,1150410~1180409,有,冷氣、熱水器、洗衣機、冰箱,社會住宅包租轉租
安平區,租賃房屋,臺南市安平區健康三街２２５號二樓之４,0.0,,,,1150415,土地0建物1車位0,二層,8,華廈(10層含以下有電梯),住家用,鋼筋混凝土造,0830603,82.39999999999999,3,2,1,有,有,有,19600,238,,0.0,0,參加國家住宅及都市更新中心辦理社會住宅包租代管第5期計畫中央版租金總額含管理費；,RPPNMLTKMHLGFAD28CC,整棟(戶)出租,有,1150415~1160414,有,冷氣、熱水器、洗衣機、電視機、冰箱,社會住宅代管
中西區,租賃房屋,臺南市中西區金華路三段２５２號七樓之７,0.0,,,,1150411,土地0建物1車位0,七層,21,住宅大樓(11層含以上有電梯),住家用,鋼筋混凝土造,0870219,35.150000000000006,1,1,1,有,有,有,8500,242,,0.0,0,參加國家住宅及都市更新中心辦理社會住宅包租代管第4期計畫公會版續租案件；,RPQNMLTKMHLGFAD38CC,獨立套房,有,1150411~1160410,有,冷氣、熱水器、洗衣機,社會住宅代管
安平區,租賃房屋,臺南市安平區府前三街１２９號六樓之１０,0.0,,,,1150415,土地0建物1車位0,六層,7,華廈(10層含以下有電梯),住家用,鋼筋混凝土造,0850106,27.259999999999998,1,1,1,有,有,有,6600,242,,0.0,0,參加國家住宅及都市更新中心辦理社會住宅包租代管第4期計畫公會版租金總額含管理費；續租案件；,RPRNMLTKMHLGFAD48CC,獨立套房,有,1150415~1151031,有,冷氣、熱水器、洗衣機、電視機、冰箱,社會住宅代管
北區,租賃房屋,臺南市北區開元路５０７號四樓之３,0.0,,,,1150414,土地0建物1車位0,四層,24,住宅大樓(11層含以上有電梯),集合住宅,鋼筋混凝土構造,1041105,84.05,2,2,1,有,有,有,17000,202,,0.0,0,參加國家住宅及都市更新中心辦理社會住宅包租代管第4期計畫公會版租金總額含管理費；續租案件；,RPSNMLTKMHLGFAD58CC,整棟(戶)出租,有,1150415~1160414,有,冷氣、熱水器、洗衣機、冰箱,社會住宅代管
中西區,租賃房屋,臺南市中西區大同路一段２４號五樓之８,0.0,,,,1150411,土地0建物1車位0,五層,7,華廈(10層含以下有電梯),住家用,鋼筋混凝土造,0680406,58.96,1,1,1,有,有,有,13000,220,,0.0,0,參加國家住宅及都市更新中心辦理社會住宅包租代管增辦第4期計畫公會版續租案件；,RPTNMLTKMHLGFAD68CC,獨立套房,有,1150415~1160414,有,冷氣、熱水器、洗衣機、冰箱,社會住宅代管
安南區,租賃房屋,臺南市安南區府安路六段１０３巷９９弄７號,0.0,,,,1150410,土地0建物1車位0,全,2,透天厝,住家用,鋼筋混凝土造,0690402,102.56,3,2,2,有,無,有,21000,205,,0.0,0,參加國家住宅及都市更新中心辦理社會住宅包租代管增辦第4期計畫公會版多人共同承租2；,RPPNMLTKMHLGFBD38CC,整棟(戶)出租,無,1150410~1160409,無,冷氣、熱水器、洗衣機、冰箱,社會住宅代管
安南區,租賃房屋,臺南市安南區安中路一段７０２巷２０之３號,0.0,,,,1150414,土地0建物1車位0,四層,4,公寓(5樓含以下無電梯),集合住宅,鋼筋混凝土造,0700907,102.67999999999999,3,2,2,有,無,有,13000,127,,0.0,0,參加國家住宅及都市更新中心辦理社會住宅包租代管增辦第4期計畫公會版續租案件；,RPQNMLTKMHLGFBD48CC,整棟(戶)出租,無,1150414~1160413,無,冷氣、熱水器、洗衣機、電視機、冰箱,社會住宅代管
南區,租賃房屋,臺南市南區金華路一段２９巷８弄６號,0.0,,,,1150331,土地0建物1車位0,全,3,透天厝,住商用,鋼筋混凝土造,0751230,154.99,3,2,3,有,有,有,15000,97,,0.0,0,參加國家住宅及都市更新中心辦理社會住宅包租代管第5期計畫中央版,RPPNMLTKMHLGFCD48CC,整棟(戶)出租,有,1150401~1160331,有,熱水器,社會住宅代管
南區,租賃房屋+車位,臺南市南區水交社路２０巷９號三樓,0.0,,,,1150407,土地0建物1車位1,三層,7,華廈(10層含以下有電梯),集合住宅,鋼筋混凝土構造,1071114,132.67000000000002,2,2,1,有,有,有,23000,173,坡道平面,35.45,0,參加國家住宅及都市更新中心辦理社會住宅包租代管第5期計畫中央版多人共同承租2；,RPQNMLTKMHLGFCD58CC,整棟(戶)出租,有,1150410~1160409,有,冷氣、熱水器、洗衣機、電視機、冰箱,社會住宅代管
東區,租賃房屋,臺南市東區德東街１５１巷８８號,0.0,,,,1150409,土地0建物1車位0,全,2,透天厝,住家用,加強磚造,0640801,88.19,4,2,2,有,無,有,11000,125,,0.0,0,參加國家住宅及都市更新中心辦理社會住宅包租代管第5期計畫中央版,RPRNMLTKMHLGFCD68CC,整棟(戶)出租,無,1150410~1160409,無,熱水器,社會住宅代管
東區,租賃房屋,臺南市東區大同路二段６１巷１０９號三樓,0.0,,,,1150410,土地0建物1車位0,三層,5,華廈(10層含以下有電梯),住家用,鋼筋混凝土造,0791218,103.81,3,1,3,有,無,有,15000,144,,0.0,0,參加國家住宅及都市更新中心辦理社會住宅包租代管第5期計畫中央版多人共同承租3；,RPSNMLTKMHLGFCD78CC,整棟(戶)出租,無,1150415~1160414,有,冷氣、熱水器、洗衣機、電視機、冰箱,社會住宅代管
東區,租賃房屋,臺南市東區裕農路７２６巷２弄１５號四樓之２,0.0,,,,1150401,土地0建物1車位0,四層,5,公寓(5樓含以下無電梯),住家用,鋼筋混凝土造,0701202,74.86,3,1,1,有,無,有,12500,167,,0.0,0,參加國家住宅及都市更新中心辦理社會住宅包租代管第4期計畫公會版,RPTNMLTKMHLGFCD88CC,整棟(戶)出租,無,1150411~1160404,無,冷氣、熱水器、洗衣機、電視機、冰箱,社會住宅代管
東區,租賃房屋,臺南市東區東門路一段６１號七樓之１１,0.0,,,,1150401,土地0建物1車位0,七層,7,華廈(10層含以下有電梯),住家用,鋼筋混凝土造,0790102,32.760000000000005,1,1,1,有,有,有,6800,208,,0.0,0,參加國家住宅及都市更新中心辦理社會住宅包租代管增辦第4期計畫公會版租金總額含管理費；,RPUNMLTKMHLGFCD98CC,獨立套房,有,1150415~1160414,有,冷氣、熱水器、洗衣機、冰箱,社會住宅代管
東區,租賃房屋,臺南市東區崇德六街４７號五樓之３,0.0,,,,1150413,土地0建物1車位0,五層,7,華廈(10層含以下有電梯),住家用,鋼筋混凝土造,0801226,43.05,1,1,1,有,有,有,12500,290,,0.0,0,參加國家住宅及都市更新中心辦理社會住宅包租代管增辦第4期計畫公會版,RPVNMLTKMHLGFCD09CC,獨立套房,有,1150414~1160413,有,冷氣、熱水器、洗衣機、電視機,社會住宅代管
東區,租賃房屋,臺南市東區榮譽街８４巷２３之１號,0.0,,,,1150414,土地0建物1車位0,見其他登記事項,5,公寓(5樓含以下無電梯),住商用,鋼筋混凝土造,0711221,99.83,2,2,2,有,無,有,16000,160,,0.0,0,參加國家住宅及都市更新中心辦理社會住宅包租代管增辦第4期計畫公會版續租案件；,RPWNMLTKMHLGFCD56CC,整棟(戶)出租,無,1150414~1160413,無,冷氣、熱水器、洗衣機、冰箱,社會住宅代管
新營區,租賃房屋+車位,臺南市新營區太子路５３巷６弄１之５號,0.0,,,,1150408,土地0建物1車位1,六層,7,華廈(10層含以下有電梯),住家用,鋼筋混凝土造,0830207,144.45,3,2,2,有,有,無,15000,104,坡道平面,0.0,0,,RPPNMLTKMHLGFDD58CC,整棟(戶)出租,有,1150501~1170430,有,,
安定區,租賃房屋,臺南市安定區許中營２６之１１號四樓之３,0.0,,,,1150407,土地0建物1車位0,四層,5,華廈(10層含以下有電梯),集合住宅,鋼筋混凝土造,1101004,94.15,2,2,2,有,有,有,16000,170,,0.0,0,參加國家住宅及都市更新中心辦理社會住宅包租代管第5期計畫中央版未租賃車位，建物登記含有車位面積；,RPQNMLTKMHLGFHD09CC,整棟(戶)出租,有,1150407~1160406,有,冷氣、熱水器、洗衣機、冰箱,社會住宅代管
永康區,租賃房屋,臺南市永康區大橋里中華路７０３巷３弄４０號五樓之４,0.0,,,,1150402,土地0建物1車位0,五層,6,華廈(10層含以下有電梯),住家用,鋼筋混凝土造,0830113,37.1,1,1,1,有,有,有,5800,156,,0.0,0,參加國家住宅及都市更新中心辦理社會住宅包租代管第5期計畫中央版,RPPNMLTKMHLGFKD66CC,獨立套房,有,1150412~1160411,有,冷氣、熱水器、洗衣機、冰箱,社會住宅代管
永康區,租賃房屋,臺南市永康區安康里大橋一街５７之５號九樓之３３,0.0,,,,1150407,土地0建物1車位0,九層,14,住宅大樓(11層含以上有電梯),住家用,鋼筋混凝土造,0880824,32.63,1,1,1,有,有,有,10000,306,,0.0,0,參加國家住宅及都市更新中心辦理社會住宅包租代管第5期計畫中央版,RPQNMLTKMHLGFKD76CC,獨立套房,有,1150410~1160409,有,冷氣、熱水器、洗衣機、電視機、冰箱,社會住宅代管
永康區,租賃房屋,臺南市永康區尚頂里南台街１７０號七樓之１３,0.0,,,,1150415,土地0建物1車位0,七層,7,華廈(10層含以下有電梯),住家用,鋼筋混凝土造,0850130,28.89,1,1,1,有,有,有,7500,260,,0.0,0,參加國家住宅及都市更新中心辦理社會住宅包租代管第5期計畫中央版,RPRNMLTKMHLGFKD86CC,獨立套房,有,1150415~1160414,有,冷氣、熱水器、洗衣機、電視機、冰箱,社會住宅代管
永康區,租賃房屋,臺南市永康區大橋里中華路６１９巷２３弄４之１號,0.0,,,,1150410,土地0建物1車位0,二層,5,公寓(5樓含以下無電梯),住家用,鋼筋混凝土造,0720415,87.64,3,2,1,有,無,有,13000,148,,0.0,0,參加國家住宅及都市更新中心辦理社會住宅包租代管第4期計畫公會版,RPSNMLTKMHLGFKD96CC,整棟(戶)出租,無,1150410~1160409,無,冷氣、熱水器、洗衣機、電視機、冰箱,社會住宅代管
永康區,租賃房屋+車位,臺南市永康區中山南路２６２巷２號七樓之１０,0.0,,,,1150410,土地0建物1車位1,七層,15,住宅大樓(11層含以上有電梯),住家用,鋼筋混凝土造,0841204,60.78,1,1,1,有,有,有,15000,247,坡道機械,0.0,0,參加國家住宅及都市更新中心辦理社會住宅包租代管增辦第4期計畫公會版租金總額含管理費；續租案件；,RPUNMLTKMHLGFKD17CC,獨立套房,有,1150410~1160409,有,冷氣、熱水器、洗衣機、電視機、冰箱,社會住宅代管
永康區,租賃房屋,臺南市永康區六合里中華路４１３巷１號七樓之四,0.0,,,,1150414,土地0建物1車位0,七層,7,華廈(10層含以下有電梯),住家用,鋼筋混凝土造,0840522,36.0,1,1,1,有,有,有,11000,306,,0.0,0,參加國家住宅及都市更新中心辦理社會住宅包租代管增辦第4期計畫公會版租金總額含管理費；續租案件；,RPVNMLTKMHLGFKD27CC,獨立套房,有,1150425~1160224,有,冷氣、熱水器、洗衣機、電視機、冰箱,社會住宅代管
永康區,租賃房屋,臺南市永康區新民街６６巷５號六樓之１,0.0,,,,1150414,土地0建物1車位0,六層,9,華廈(10層含以下有電梯),住家用,鋼筋混凝土造,0821230,41.760000000000005,1,1,1,有,有,有,7200,172,,0.0,0,參加國家住宅及都市更新中心辦理社會住宅包租代管增辦第4期計畫公會版租金總額含管理費；續租案件；,RPXNMLTKMHLGFKD47CC,獨立套房,有,1150418~1170417,有,冷氣、熱水器、洗衣機、電視機、冰箱,社會住宅包租轉租
安平區,租賃房屋,臺南市安平區慶平路２００號八樓之８,0.0,,,,1150331,土地0建物1車位0,八層,13,住宅大樓(11層含以上有電梯),住家用,鋼筋混凝土造,0841024,40.08,1,0,1,有,有,有,9200,230,,0.0,0,參加公會版住宅包租代管四期計畫租金總額含管理費；續租案件；,RPPNMLKLMHLGFAD47CC,獨立套房,有,1150401~1160331,有,冷氣、熱水器、洗衣機、電視機、冰箱,社會住宅代管
中西區,租賃房屋,臺南市中西區中山路９０號九樓之１３,0.0,,,,1150407,土地0建物1車位0,九層,12,住宅大樓(11層含以上有電梯),住商用,鋼筋混凝土造,0671026,34.82,1,0,1,有,有,有,11400,327,,0.0,0,租金總額含管理費；,RPQNMLKLMHLGFAD57CC,獨立套房,有,1150601~1160531,有,冷氣、熱水器、洗衣機、冰箱,一般轉租
中西區,租賃房屋,臺南市中西區信義街１０８巷４３號二樓之１１,0.0,,,,1150409,土地0建物1車位0,二層,6,華廈(10層含以下有電梯),住家用,鋼筋混凝土造,0820327,24.990000000000002,1,1,1,有,有,有,5500,220,,0.0,0,參加國家住宅及都市更新中心辦理社會住宅包租代管第五期計畫中央版租金總額含管理費；續租案件；,RPRNMLKLMHLGFAD67CC,獨立套房,有,1150501~1180430,有,冷氣、熱水器、洗衣機、冰箱,社會住宅包租轉租
北區,租賃房屋,臺南市北區開元路５０７號二樓之５,0.0,,,,1150411,土地0建物1車位0,二層,24,住宅大樓(11層含以上有電梯),集合住宅,鋼筋混凝土構造,1041105,124.25999999999999,3,2,2,有,有,有,23000,185,,0.0,0,多人共同承租3；,RPSNMLKLMHLGFAD77CC,整棟(戶)出租,有,1150415~1160414,有,冷氣、熱水器、洗衣機、電視機、冰箱、瓦斯或天然氣,
北區,租賃房屋+車位,臺南市北區長榮路五段２９０號四樓之１,0.0,,,,1150415,土地0建物1車位1,四層,12,住宅大樓(11層含以上有電梯),集合住宅,鋼筋混凝土造,0911227,143.09,3,2,2,有,有,無,21000,147,坡道平面,0.0,0,租金總額含管理費；,RPTNMLKLMHLGFAD87CC,整棟(戶)出租,有,1150501~1160430,有,冷氣、熱水器、電視機、冰箱、瓦斯或天然氣,
中西區,租賃房屋,臺南市中西區中山路９０號八樓之５,0.0,,,,1150325,土地0建物1車位0,八層,12,住宅大樓(11層含以上有電梯),住商用,鋼筋混凝土造,0671026,31.26,1,0,1,有,有,有,9000,288,,0.0,0,參加公會版住宅包租代管四期計畫租金總額含管理費；續租案件；,RPUNMLKLMHLGFAD97CC,獨立套房,有,1150405~1160404,有,冷氣、熱水器、洗衣機、電視機、冰箱,社會住宅代管
中西區,租賃房屋,臺南市中西區信義街１０８巷４３號６樓-２ B室,0.0,,,,1150411,土地0建物0車位0,六層,6,華廈(10層含以下有電梯),住家用,鋼筋混凝土造,0820327,56.65,2,2,2,有,有,有,18000,318,,0.0,0,多人共同承租2；租金總額含管理費；,RPVNMLKLMHLGFAD08CC,分租套房,無,1150415~1160414,有,冷氣、熱水器、洗衣機、冰箱,
北區,租賃房屋,臺南市北區北華街９１號,0.0,,,,1150413,土地0建物1車位0,全,2,透天厝,住家用,磚造,,60.78,2,1,2,有,無,無,13000,214,,0.0,0,台南市不動產租賃公會民間住宅包租代管第5期計畫之物件。續租案件；,RPWNMLKLMHLGFAD18CC,整棟(戶)出租,無,1150415~1160414,無,冷氣、熱水器、瓦斯或天然氣,社會住宅代管
北區,租賃房屋,臺南市北區北園街８巷１２號５樓之３,0.0,,,,1150331,土地0建物1車位0,五層,19,住宅大樓(11層含以上有電梯),住家用,鋼筋混凝土造,0851202,34.21,1,0,1,有,有,有,7000,205,,0.0,0,參加公會版住宅包租代管五期計畫租金總額含管理費；,RPXNMLKLMHLGFAD28CC,獨立套房,有,1150401~1160331,有,冷氣、熱水器、洗衣機、電視機、冰箱,社會住宅代管
北區,租賃房屋,臺南市北區公園路６７６號七樓之３,0.0,,,,1150413,土地0建物1車位0,七層,7,華廈(10層含以下有電梯),住家用,鋼筋混凝土造,0701231,85.72,2,1,1,有,有,有,16000,187,,0.0,0,台南市社會住宅包租代管公會版第4期多人共同承租2；租金總額含管理費；,RPOOMLKLMHLGFAD47CC,整棟(戶)出租,有,1150413~1160412,有,冷氣、熱水器、洗衣機、電視機、冰箱,社會住宅代管
安平區,租賃房屋,臺南市安平區慶平路３８８號５樓之７,0.0,,,,1150409,土地0建物1車位0,五層,13,住宅大樓(11層含以上有電梯),住家用,鋼筋混凝土造,0831216,21.380000000000003,1,1,1,有,有,有,6500,304,,0.0,0,參加國家住宅及都市更新中心辦理社會住宅包租代管增辦第四期計畫公會版租金總額含管理費；,RPQOMLKLMHLGFAD67CC,獨立套房,有,1150410~1160409,有,冷氣、熱水器、洗衣機、冰箱,社會住宅代管
中西區,租賃房屋,臺南市中西區金華路三段２１８號９樓之１６,0.0,,,,1150331,土地0建物1車位0,九層,18,住宅大樓(11層含以上有電梯),住家用,鋼筋混凝土造,0840704,66.71,1,0,1,有,有,有,10000,150,,0.0,0,參加公會版住宅包租代管五期計畫租金總額含管理費；,RPROMLKLMHLGFAD77CC,獨立套房,有,1150401~1160331,有,冷氣、熱水器、洗衣機、冰箱,社會住宅代管
安平區,租賃房屋,臺南市安平區建平八街４３４巷６弄８號,0.0,,,,1150403,土地0建物1車位0,全,2,透天厝,住家用,鋼筋混凝土造,0760806,132.02,4,2,3,有,無,無,24000,182,,0.0,0,,RPSOMLKLMHLGFAD87CC,整棟(戶)出租,無,1150420~1180419,無,熱水器、瓦斯或天然氣,
中西區,租賃房屋,臺南市中西區金華路三段２１８號七樓之１３,0.0,,,,1150331,土地0建物1車位0,七層,18,住宅大樓(11層含以上有電梯),住家用,鋼筋混凝土造,0840704,47.92,1,0,1,有,有,有,11500,240,,0.0,0,參加公會版住宅包租代管五期計畫,RPTOMLKLMHLGFAD97CC,獨立套房,有,1150401~1160331,有,冷氣、熱水器、洗衣機、冰箱,社會住宅代管
中西區,租賃房屋,臺南市中西區民權路四段１３２號二樓之３,0.0,,,,1150413,土地0建物1車位0,二層,10,華廈(10層含以下有電梯),集合住宅,鋼筋混凝土構造,1070531,120.47,2,2,2,有,有,有,22000,183,,0.0,0,國家住宅及都市更新中心社會住宅包租代管中央版第五期計畫租金總額含管理費；未租賃車位，建物登記含有車位面積；,RPUOMLKLMHLGFAD08CC,整棟(戶)出租,有,1150413~1160412,有,冷氣、熱水器、洗衣機、電視機、冰箱、瓦斯或天然氣,社會住宅代管
北區,租賃房屋,臺南市北區賢北街１９５巷８弄１６號,0.0,,,,1150414,土地0建物1車位0,全,4,透天厝,住家用,鋼筋混凝土造,0831103,184.1,4,1,3,有,無,無,23500,128,,0.0,0,國家住宅及都市更新中心社會住宅包租代管中央版第五期計畫,RPWOMLKLMHLGFAD28CC,整棟(戶)出租,無,1150418~1160417,無,熱水器,社會住宅代管
安平區,租賃房屋+車位,臺南市安平區育平路２１２號十一樓之３８,0.0,,,,1150410,土地0建物1車位1,十一層,17,住宅大樓(11層含以上有電梯),住家用,鋼筋混凝土造,0840729,70.22,2,1,2,有,有,有,18000,256,坡道平面,0.0,2000,參加國家住宅及都市更新中心辦理社會住宅包租代管第四期計畫公會版續租案件；,RPOPMLKLMHLGFAD57CC,整棟(戶)出租,有,1150410~1160409,有,冷氣、熱水器、洗衣機、電視機、冰箱、瓦斯或天然氣,社會住宅代管
安平區,租賃房屋,臺南市安平區安平路５５０巷１３號,0.0,,,,1150415,土地0建物1車位0,見其他登記事項,8,華廈(10層含以下有電梯),住商用,鋼筋混凝土造,0821115,155.98999999999998,3,2,3,有,有,無,25000,160,,0.0,0,1.自1150501至1150515日裝潢免租期。2.契約書未約定土地租賃標的。3.由所有權人提供租屋資訊。,RPPPMLKLMHLGFAD67CC,整棟(戶)出租,有,1150515~1160514,有,熱水器,
安南區,租賃房屋,臺南市安南區府安路６段４５巷６號,0.0,,,,1150331,土地0建物0車位0,全,3,透天厝,住商用,鋼筋混凝土造,0700904,22.35,6,0,6,有,無,有,11900,532,,0.0,0,續租案件；,RPRNMLKLMHLGFBD77CC,分租套房,無,1150401~1160331,無,冷氣、熱水器、洗衣機、電視機、冰箱、網路,一般轉租
安南區,租賃房屋,臺南市安南區府安路６段４５巷４號,0.0,,,,1150402,土地0建物0車位0,全,3,透天厝,住商用,鋼筋混凝土造,0700904,22.23,6,0,6,有,無,有,13200,594,,0.0,0,,RPSNMLKLMHLGFBD87CC,分租套房,無,1150409~1160430,無,冷氣、熱水器、洗衣機、電視機、冰箱、網路,一般轉租
安南區,租賃房屋,臺南市安南區府安路６段４５巷４號,0.0,,,,1150402,土地0建物0車位0,全,3,透天厝,住商用,鋼筋混凝土造,0700904,22.23,6,0,6,有,無,有,12200,549,,0.0,0,,RPTNMLKLMHLGFBD97CC,分租套房,無,1150405~1160430,無,冷氣、熱水器、洗衣機、電視機、冰箱、網路,一般轉租
安南區,租賃房屋,臺南市安南區府安路６段４５巷６號,0.0,,,,1150402,土地0建物0車位0,全,3,透天厝,住商用,鋼筋混凝土造,0700904,18.55,6,0,6,有,無,有,8900,480,,0.0,0,,RPUNMLKLMHLGFBD08CC,分租套房,無,1150406~1160430,無,冷氣、熱水器、洗衣機、電視機、冰箱、網路,一般轉租
安南區,租賃房屋,臺南市安南區府安路６段４５巷４號,0.0,,,,1150409,土地0建物0車位0,全,3,透天厝,住商用,鋼筋混凝土造,0700904,17.91,6,0,6,有,無,有,8900,497,,0.0,0,,RPVNMLKLMHLGFBD18CC,分租套房,無,1150517~1160531,無,冷氣、熱水器、洗衣機、電視機、冰箱、網路,一般轉租
安南區,租賃房屋,臺南市安南區府安路６段４５巷２號,0.0,,,,1150324,土地0建物0車位0,全,3,透天厝,住商用,鋼筋混凝土造,0700904,22.8,6,0,6,有,無,有,12900,566,,0.0,0,續租案件；,RPWNMLKLMHLGFBD28CC,分租套房,無,1150401~1150630,無,冷氣、熱水器、洗衣機、電視機、冰箱、網路,一般轉租
安南區,租賃房屋,臺南市安南區府安路６段４５巷４號,0.0,,,,1150324,土地0建物0車位0,全,3,透天厝,住商用,鋼筋混凝土造,0700904,20.7,6,0,6,有,無,有,10200,493,,0.0,0,續租案件；,RPXNMLKLMHLGFBD38CC,分租套房,無,1150401~1160331,無,冷氣、熱水器、洗衣機、電視機、冰箱、網路,一般轉租
安南區,租賃房屋,臺南市安南區安昌街７６號,0.0,,,,1150416,土地0建物0車位0,二層,4,華廈(10層含以下有電梯),住宅，停車空間,鋼筋混凝土造,1030704,20.79,21,0,21,有,無,有,6600,317,,0.0,0,租金總額含水費；網路費；其他有線電視或MOD；租賃建物部分範圍，且未計入共有部分面積；,RPOOMLKLMHLGFBD57CC,分租套房,無,1150416~1160509,有,冷氣、熱水器、電視機、冰箱、有線電視、網路,一般代管
安南區,租賃房屋+車位,臺南市安南區北安路二段４９１號十樓之３,0.0,,,,1150331,土地0建物1車位1,十層,15,住宅大樓(11層含以上有電梯),集合住宅,鋼筋混凝土造,1120911,121.52000000000001,2,2,1,有,有,有,24000,197,坡道平面,29.98,0,參加公會版住宅包租代管五期計畫,RPPOMLKLMHLGFBD67CC,整棟(戶)出租,有,1150401~1160331,有,冷氣、熱水器、洗衣機、電視機、冰箱,社會住宅代管
安南區,租賃房屋,臺南市安南區仁安路２９０號,0.0,,,,1150414,土地0建物1車位0,全,4,透天厝,店住、停車空間,鋼筋混凝土造,0840304,233.26,6,2,7,有,無,有,24000,103,,0.0,0,台南市社會住宅包租代管公會版第4期續租案件；,RPROMLKLMHLGFBD87CC,整棟(戶)出租,無,1150515~1160514,無,冷氣、熱水器、洗衣機,社會住宅代管
南區,租賃房屋,臺南市南區南明街４３號二樓之５,0.0,,,,1150411,土地0建物1車位0,二層,6,華廈(10層含以下有電梯),住家用,鋼筋混凝土造,0790827,93.96000000000001,3,2,2,有,有,有,8000,85,,0.0,0,參加國家住宅及都市更新中心辦理社會住宅包租代管第五期計畫中央版租金總額含管理費；續租案件；,RPPNMLKLMHLGFCD67CC,整棟(戶)出租,有,1150501~1160430,有,冷氣、熱水器、洗衣機、電視機、冰箱,社會住宅代管
東區,租賃房屋,臺南市東區立德十路８０巷２９號,0.0,,,,1150402,土地0建物1車位0,全,2,透天厝,住家用,加強磚造,0620130,71.23,3,2,3,有,無,有,15000,211,,0.0,0,台南市社會住宅包租代管公會版增辦第4期續租案件；,RPQNMLKLMHLGFCD77CC,整棟(戶)出租,無,1150525~1160524,無,冷氣、熱水器、洗衣機、電視機、冰箱,社會住宅代管
東區,租賃房屋+車位,臺南市東區仁東街１９號十二樓之３,0.0,,,,1150407,土地0建物1車位1,十二層,14,住宅大樓(11層含以上有電梯),住家用,鋼筋混凝土造,0871218,92.22,2,2,1,有,有,有,7000,73,坡道平面,9.83,1000,參加國家住宅及都市更新中心辦理社會住宅包租代管增辦第四期計畫公會版租金總額含管理費；續租案件；,RPRNMLKLMHLGFCD87CC,整棟(戶)出租,有,1150510~1160509,有,冷氣、熱水器、洗衣機、電視機、冰箱、瓦斯或天然氣,社會住宅代管
東區,租賃房屋,臺南市東區大同路一段７號,0.0,,,,1150416,土地0建物1車位0,全,3,透天厝,住商用,磚造,0530101,111.74,2,2,3,有,無,無,30000,268,,0.0,0,續租案件；,RPSNMLKLMHLGFCD97CC,,無,1150601~1160531,無,熱水器,
東區,租賃房屋,臺南市東區東安路２５０號五樓之５,0.0,,,,1150330,土地0建物1車位0,五層,10,華廈(10層含以下有電梯),住家用,鋼筋混凝土造,0810828,152.42000000000002,2,2,2,有,有,有,16000,105,,0.0,0,參加公會版住宅包租代管五期計畫,RPTNMLKLMHLGFCD08CC,整棟(戶)出租,有,1150401~1170331,有,冷氣、熱水器、洗衣機、電視機,社會住宅代管
南區,租賃房屋,臺南市南區大同路二段６４０巷３２之３號,0.0,,,,1150331,土地0建物1車位0,四層,5,公寓(5樓含以下無電梯),住家用,鋼筋混凝土造,0731113,89.54,4,1,2,有,無,有,11700,131,,0.0,0,參加公會版住宅包租代管四期計畫續租案件；,RPVNMLKLMHLGFCD28CC,整棟(戶)出租,無,1150401~1160331,無,冷氣、熱水器、洗衣機、冰箱,社會住宅代管
東區,租賃房屋,臺南市東區林森路一段１６０號九樓之６,0.0,,,,1150416,土地0建物1車位0,九層,12,住宅大樓(11層含以上有電梯),商業用,鋼筋混凝土造,0790926,22.330000000000002,1,0,1,有,有,有,3590,161,,0.0,0,台南市政府包租代管第4期計畫之物件。管理費每月410元由出租人負擔。續租案件；,RPXNMLKLMHLGFCD48CC,獨立套房,有,1150428~1160425,有,冷氣、熱水器、洗衣機、電視機、冰箱,社會住宅包租轉租
東區,租賃房屋,臺南市東區東和路８８號,0.0,,,,1150412,土地0建物0車位0,全,3,透天厝,住家用,鋼筋混凝土造,0681130,16.8,7,3,7,有,無,有,8000,476,,0.0,0,租金總額含水費；網路費；含增建或未登記建物；續租案件；,RPOOMLKLMHLGFCD67CC,分租套房,無,1150412~1160412,無,冷氣、熱水器、洗衣機、電視機、冰箱、網路,一般轉租
東區,租賃房屋,臺南市東區中華東路三段３９９巷２９弄１３號二樓,0.0,,,,1150417,土地0建物1車位0,二層,9,華廈(10層含以下有電梯),住家用,鋼筋混凝土造,0880706,125.00999999999999,3,2,2,有,有,無,18000,144,,0.0,0,台南市政府包租代管第4期計畫之物件。續租案件；,RPPOMLKLMHLGFCD77CC,整棟(戶)出租,有,1150418~1160417,有,冷氣、熱水器、冰箱、瓦斯或天然氣,社會住宅包租轉租
東區,租賃房屋,臺南市東區崇明路２７０號十一樓之４,0.0,,,,1150416,土地0建物1車位0,十一層,15,住宅大樓(11層含以上有電梯),住家用,鋼筋混凝土造,0830825,83.19,2,1,1,有,有,有,16000,192,,0.0,0,台南市政府包租代管第4期計畫之物件。續租案件；,RPQOMLKLMHLGFCD87CC,整棟(戶)出租,有,1150422~1160421,有,冷氣、熱水器、洗衣機、電視機、冰箱、瓦斯或天然氣,社會住宅包租轉租
東區,租賃房屋+車位,臺南市東區德祥街１６９號７樓之５,0.0,,,,1150328,土地0建物1車位1,七層,15,住宅大樓(11層含以上有電梯),集合住宅,鋼筋混凝土造,1140814,98.67,2,2,2,有,有,有,22800,274,坡道機械,19.19,1000,參加國家住宅及都市更新中心辦理社會住宅包租代管第五期計畫中央版,RPROMLKLMHLGFCD97CC,整棟(戶)出租,有,1150410~1160409,有,冷氣、熱水器、洗衣機、電視機、冰箱、瓦斯或天然氣,社會住宅代管
東區,租賃房屋,臺南市東區東門路一段１３５巷１１號,0.0,,,,1150416,土地0建物1車位0,全,2,透天厝,住家用,加強磚造,0550101,99.57,3,2,2,有,無,無,12500,126,,0.0,0,台南市政府包租代管第4期計畫之物件。續租案件；,RPUOMLKLMHLGFCD28CC,整棟(戶)出租,無,1150505~1160504,無,熱水器、瓦斯或天然氣,社會住宅代管
南區,租賃房屋,臺南市南區新興路４０５號,0.0,,,,1150401,土地0建物1車位0,一層,5,公寓(5樓含以下無電梯),商業用,鋼筋混凝土造,0710430,100.46,3,1,2,有,無,有,9500,95,,0.0,0,參加國家住宅及都市更新中心辦理社會住宅包租代管第五期計畫中央版續租案件；,RPVOMLKLMHLGFCD38CC,整棟(戶)出租,無,1150401~1160331,無,冷氣、熱水器、洗衣機、電視機、冰箱、瓦斯或天然氣,社會住宅代管
南區,租賃房屋,臺南市南區健康路二段５３巷１３號二樓之４,0.0,,,,1150413,土地0建物1車位0,二層,4,華廈(10層含以下有電梯),住家用,鋼筋混凝土造,0801231,22.36,2,1,1,有,無,有,10400,465,,0.0,0,台南市社會住宅包租代管公會版第4期續租案件；,RPXOMLKLMHLGFCD58CC,整棟(戶)出租,無,1150510~1160509,有,冷氣、熱水器,社會住宅代管
東區,租賃房屋,臺南市東區東興路１１巷２９號,0.0,,,,1150407,土地0建物1車位0,全,2,透天厝,住家用,加強磚造,0691205,88.78,4,2,2,有,無,有,26100,294,,0.0,0,參加國家住宅及都市更新中心辦理社會住宅包租代管第四期計畫公會版續租案件；,RPOPMLKLMHLGFCD77CC,整棟(戶)出租,無,1150415~1160414,無,冷氣、熱水器、洗衣機、瓦斯或天然氣,社會住宅代管
東區,租賃房屋,臺南市東區崇慶街一段９２號十四樓之９,0.0,,,,1150415,土地0建物1車位0,十四層,15,住宅大樓(11層含以上有電梯),集合住宅,鋼筋混凝土造,1130816,84.06,2,2,1,有,有,有,19000,226,,0.0,0,國家住宅及都市更新中心社會住宅包租代管中央版第五期計畫未租賃車位，建物登記含有車位面積；,RPPPMLKLMHLGFCD87CC,整棟(戶)出租,有,1150419~1180418,有,冷氣、熱水器、洗衣機、電視機、冰箱,社會住宅包租轉租
南區,租賃房屋,臺南市南區水交社路１號三樓之１０,0.0,,,,1150417,土地0建物1車位0,三層,14,住宅大樓(11層含以上有電梯),集合住宅,鋼筋混凝土造,1061101,128.93,2,2,1,有,有,有,20000,155,,0.0,0,台南市社會住宅包租代管 第四期計畫 公會版；水、電、瓦斯費由承租人負擔，管理費2320元不包含在租金由承租人負擔。未租賃車位，建物登記含有車位面積；續租案件；,RPQPMLKLMHLGFCD97CC,整棟(戶)出租,有,1150515~1160514,有,冷氣、熱水器、洗衣機、冰箱、瓦斯或天然氣,社會住宅代管
東區,租賃房屋,臺南市東區富農街二段４３巷２４號五樓,0.0,,,,1150414,土地0建物1車位0,五層,5,公寓(5樓含以下無電梯),住家用,鋼筋混凝土造,0781114,91.9,3,1,2,有,有,有,12000,131,,0.0,0,台南市政府包租代管第4期計畫之物件。續租案件；,RPRPMLKLMHLGFCD08CC,整棟(戶)出租,有,1150414~1160413,無,冷氣、熱水器、洗衣機、電視機、冰箱,社會住宅代管
佳里區,租賃房屋,臺南市佳里區光明街９８號四樓之１,0.0,,,,1150330,土地0建物1車位0,四層,5,華廈(10層含以下有電梯),Ｈ２集合住宅,鋼筋混凝土造,1121020,104.89999999999999,3,2,2,有,有,有,18500,176,,0.0,0,參加公會版住宅包租代管五期計畫,RPPNMLKLMHLGFGD08CC,整棟(戶)出租,有,1150401~1170331,有,冷氣、熱水器、洗衣機、電視機、冰箱,社會住宅代管
佳里區,租賃房屋,臺南市佳里區公園路６７號,0.0,,,,1150417,土地0建物1車位0,全,4,透天厝,住商用,鋼筋混凝土造,0831011,268.83,6,2,4,有,無,無,18000,67,,0.0,0,,RPRNMLKLMHLGFGD28CC,整棟(戶)出租,無,1150425~1160424,無,冷氣、熱水器、瓦斯或天然氣,
善化區,租賃房屋,臺南市善化區成功路１５７號,0.0,,,,1150417,土地0建物1車位0,一層,4,店面(店鋪),住商用,鋼筋混凝土造,0960123,48.35,0,2,1,有,無,無,18000,372,,0.0,0,租金總額含稅；租賃建物部分範圍，且未計入共有部分面積；,RPQNMLKLMHLGFHD28CC,,無,1150418~1170430,無,冷氣,
善化區,租賃房屋,臺南市善化區成功路１５７號,0.0,,,,1150417,土地0建物1車位0,全,4,透天厝,住商用,鋼筋混凝土造,0960123,145.93,5,0,2,有,無,有,12000,82,,0.0,0,租賃建物部分範圍，且未計入共有部分面積；,RPRNMLKLMHLGFHD38CC,分層出租,無,1150418~1170430,無,冷氣、熱水器、洗衣機,
新市區,租賃房屋,臺南市新市區富林路５９１號六樓之５,0.0,,,,1150401,土地0建物1車位0,六層,14,住宅大樓(11層含以上有電梯),集合住宅,鋼筋混凝土造,1120823,105.25999999999999,2,2,2,有,有,有,15000,143,,0.0,0,台南市社會住宅包租代管公會版增辦第4期未租賃車位，建物登記含有車位面積；,RPSNMLKLMHLGFHD48CC,整棟(戶)出租,有,1150501~1160430,有,冷氣、熱水器、洗衣機、電視機、冰箱,社會住宅代管
安定區,租賃房屋+車位,臺南市安定區港子尾５５之８號七樓之２,0.0,,,,1150401,土地0建物1車位1,七層,7,華廈(10層含以下有電梯),集合住宅,鋼筋混凝土構造,1120830,128.64999999999998,3,2,2,有,有,有,20000,155,一樓平面,5.47,0,參加國家住宅及都市更新中心辦理社會住宅包租代管第5期計畫中央版租金總額含管理費；,RPTNMLKLMHLGFHD58CC,整棟(戶)出租,有,1150401~1160331,有,冷氣、熱水器、洗衣機、電視機、冰箱,社會住宅代管
新市區,租賃房屋+車位,臺南市新市區大順六路２１９號四樓之１,0.0,,,,1150418,土地0建物1車位1,四層,7,華廈(10層含以下有電梯),集合住宅,鋼筋混凝土造,1140909,83.55000000000001,2,2,2,有,有,有,20000,239,其他,7.62,0,多人共同承租2；租金總額含管理費；,RPUNMLKLMHLGFHD68CC,整棟(戶)出租,無,1150501~1160430,有,冷氣、熱水器、洗衣機、電視機、冰箱,
善化區,租賃房屋,臺南市善化區陽明新村１０５號,0.0,,,,1150415,土地0建物1車位0,全,2,透天厝,住家用,鋼筋混凝土造,0811201,128.61,3,2,3,有,無,有,25000,194,,0.0,0,租金總額含網路費；,RPVNMLKLMHLGFHD78CC,整棟(戶)出租,無,1150415~1170415,無,冷氣、熱水器、洗衣機、冰箱,
新市區,租賃房屋,臺南市新市區和平街３號,0.0,,,,1150415,土地0建物1車位0,全,2,透天厝,住商用,加強磚造,0691001,97.2,5,1,3,有,無,無,21000,216,,0.0,0,,RPXNMLKLMHLGFHD98CC,整棟(戶)出租,無,1150416~1160415,無,冷氣、熱水器,
新市區,租賃房屋+車位,臺南市新市區永華二街１２號４樓,0.0,,,,1150415,土地0建物1車位1,二層,8,華廈(10層含以下有電梯),住家用,鋼筋混凝土造,0860825,182.1,4,2,2,有,有,有,19000,104,坡道平面,0.0,0,,RPOOMLKLMHLGFHD18CC,整棟(戶)出租,有,1150415~1160414,有,冷氣、熱水器、洗衣機、電視機、冰箱、瓦斯或天然氣,
新市區,租賃房屋,臺南市新市區社內１９６之２號,0.0,,,,1150416,土地0建物0車位0,全,5,透天厝,住家用,鋼筋混凝土造,1021202,18.0,27,0,27,有,無,有,5500,306,,0.0,0,租金總額含管理費；水費；網路費；續租案件；,RPPOMLKLMHLGFHD28CC,分租套房,無,1150501~1151231,無,冷氣、熱水器、洗衣機、電視機、冰箱、網路,一般轉租
仁德區,租賃房屋+車位,臺南市仁德區文心路８０號１７F之３,0.0,,,,1150413,土地0建物1車位1,十七層,24,住宅大樓(11層含以上有電梯),集合住宅,鋼筋混凝土構造,1100315,105.46000000000001,2,2,1,有,有,有,18000,171,坡道平面,17.45,0,,RPPNMLKLMHLGFID28CC,整棟(戶)出租,有,1150501~1160430,有,冷氣、熱水器、洗衣機、冰箱,
仁德區,租賃房屋+車位,臺南市仁德區文心路７８號二十樓之５,0.0,,,,1150405,土地0建物1車位1,二十層,24,住宅大樓(11層含以上有電梯),集合住宅,鋼筋混凝土構造,1100315,105.35,2,1,1,有,有,有,20400,205,坡道平面,17.45,2400,參加國家住宅及都市更新中心辦理社會住宅包租代管增辦第四期計畫公會版多人共同承租2；續租案件；,RPQNMLKLMHLGFID38CC,整棟(戶)出租,有,1150601~1160531,有,冷氣、熱水器、洗衣機、電視機、冰箱,社會住宅代管
關廟區,租賃房屋,臺南市關廟區民權街１２５號,0.0,,,,1150410,土地0建物1車位0,全,3,透天厝,住商用,鋼筋混凝土造,0690801,178.2,4,2,3,有,無,有,16000,90,,0.0,0,參加國家住宅及都市更新中心辦理社會住宅包租代管增辦第四期計畫公會版,RPSNMLKLMHLGFID58CC,整棟(戶)出租,無,1150501~1161031,無,冷氣、熱水器、冰箱、瓦斯或天然氣,社會住宅包租轉租
仁德區,租賃房屋,臺南市仁德區中正路一段２５１巷２５弄３１號,0.0,,,,1150418,土地0建物0車位0,全,5,透天厝,住宅、停車空間,鋼筋混凝土構造,1060930,18.22,17,1,17,有,無,有,7000,384,,0.0,0,租金總額含水費；網路費；,RPTNMLKLMHLGFID68CC,分租套房,無,1150418~1160419,有,冷氣、熱水器、洗衣機、電視機、冰箱、網路,一般代管
仁德區,租賃房屋,臺南市仁德區北保二街１８號,0.0,,,,1150416,土地0建物0車位0,全,2,透天厝,住商用,加強磚造,0710225,25.5,6,1,6,有,無,有,9800,384,,0.0,0,租金總額含水費；網路費；含增建或未登記建物；續租案件；,RPUNMLKLMHLGFID78CC,分租套房,無,1150416~1160419,無,冷氣、熱水器、洗衣機、電視機、冰箱、網路,一般代管
歸仁區,租賃房屋,臺南市歸仁區中正南路三段２８２號,0.0,,,,1150328,土地0建物1車位0,全,2,透天厝,住商用,加強磚造,0680725,178.64,4,2,2,有,無,有,7000,39,,0.0,0,參加國家住宅及都市更新中心辦理社會住宅包租代管第四期計畫公會版續租案件；,RPVNMLKLMHLGFID88CC,整棟(戶)出租,無,1150401~1160331,無,冷氣、熱水器、洗衣機、電視機、冰箱,社會住宅代管
仁德區,租賃房屋,臺南市仁德區文心路７２號十一樓之３,0.0,,,,1150331,土地0建物1車位0,十一層,24,住宅大樓(11層含以上有電梯),集合住宅,鋼筋混凝土構造,1100315,87.81,2,2,1,有,有,有,18000,205,,0.0,0,參加公會版住宅包租代管五期計畫租金總額含管理費；,RPWNMLKLMHLGFID98CC,整棟(戶)出租,有,1150401~1160331,有,冷氣、熱水器、洗衣機、冰箱,社會住宅代管
仁德區,租賃房屋,臺南市仁德區德崙路３４８號,0.0,,,,1150420,土地0建物1車位0,全,3,透天厝,住家用,鋼筋混凝土造,0831004,69.8,3,1,2,有,無,無,3000,43,,0.0,0,,RPOOMLKLMHLGFID28CC,分層出租,無,1150401~1160331,無,冷氣,
仁德區,租賃房屋,臺南市仁德區德崙路３４８號,0.0,,,,1150420,土地0建物1車位0,一層,3,店面(店鋪),住家用,鋼筋混凝土造,0831004,44.47,1,1,1,有,無,有,18000,405,,0.0,0,,RPPOMLKLMHLGFID38CC,,無,1150401~1160331,無,冷氣、熱水器、冰箱,
歸仁區,租賃房屋,臺南市歸仁區大廟五街１３１巷８號三樓之２,0.0,,,,1150410,土地0建物1車位0,三層,8,華廈(10層含以下有電梯),集合住宅,鋼筋混凝土構造,1111124,76.75,2,2,1,有,有,有,14000,182,,0.0,0,國家住宅及都市更新中心社會住宅包租代管中央版第五期計畫,RPQOMLKLMHLGFID48CC,整棟(戶)出租,有,1150416~1160415,有,冷氣、熱水器,社會住宅代管
永康區,租賃房屋,臺南市永康區鹽州里鹽忠街１１８號６樓之１,0.0,,,,1150414,土地0建物1車位0,六層,8,華廈(10層含以下有電梯),辦公室,鋼筋混凝土造,0950918,22.240000000000002,1,0,1,有,有,有,4000,180,,0.0,0,含增建或未登記建物；續租案件；,RPPNMLKLMHLGFKD48CC,獨立套房,有,1150712~1160711,有,冷氣、熱水器、電視機、冰箱、網路,一般代管
永康區,租賃房屋,臺南市永康區鹽州里鹽忠街１１８號７樓之１２,0.0,,,,1150414,土地0建物1車位0,七層,8,華廈(10層含以下有電梯),辦公室,鋼筋混凝土造,0950918,17.08,1,0,1,有,有,有,4300,252,,0.0,0,含增建或未登記建物；續租案件；,RPQNMLKLMHLGFKD58CC,獨立套房,有,1150501~1160430,有,冷氣、熱水器、電視機、冰箱、網路,一般代管
永康區,租賃房屋,臺南市永康區鹽州里鹽忠街１１８號８樓之１３,0.0,,,,1150414,土地0建物1車位0,八層,8,華廈(10層含以下有電梯),辦公室,鋼筋混凝土造,0950918,17.08,1,0,1,有,有,有,4300,252,,0.0,0,含增建或未登記建物；續租案件；,RPRNMLKLMHLGFKD68CC,獨立套房,有,1150620~1160619,有,冷氣、熱水器、電視機、冰箱、網路,一般代管
永康區,租賃房屋,臺南市永康區中華路３４９號九樓之１１,0.0,,,,1150330,土地0建物1車位0,九層,17,住宅大樓(11層含以上有電梯),辦公室。,鋼筋混凝土造,0850129,33.25,1,1,1,有,有,有,7000,211,,0.0,0,參加公會版住宅包租代管五期計畫,RPSNMLKLMHLGFKD78CC,獨立套房,有,1150330~1160329,有,冷氣、熱水器、冰箱,社會住宅代管
永康區,租賃房屋,臺南市永康區東橋五路２１０號十五樓之１,0.0,,,,1150402,土地0建物1車位0,十五層,15,住宅大樓(11層含以上有電梯),集合住宅,鋼筋混凝土構造,1120818,117.32,3,2,2,有,有,有,24000,205,,0.0,0,台南市社會住宅包租代管公會版增辦第4期租金總額含管理費；續租案件；,RPTNMLKLMHLGFKD88CC,整棟(戶)出租,有,1150402~1160401,有,冷氣、熱水器、洗衣機、電視機,社會住宅代管
永康區,租賃房屋,臺南市永康區新民街４７巷１６號七樓之１８,0.0,,,,1150416,土地0建物1車位0,七層,9,華廈(10層含以下有電梯),住家用,鋼筋混凝土造,0821230,54.54,1,0,1,有,無,有,8000,147,,0.0,0,租金總額含網路費；,RPUNMLKLMHLGFKD98CC,獨立套房,無,1150416~1160509,有,冷氣、熱水器、洗衣機、冰箱、網路,一般代管
永康區,租賃房屋,臺南市永康區忠義街６０巷１號八樓之１,0.0,,,,1150413,土地0建物1車位0,八層,15,住宅大樓(11層含以上有電梯),辦公室。,鋼筋混凝土造,0840331,85.58,1,0,1,有,有,有,9800,115,,0.0,0,台南市政府包租代管第4期計畫之物件。管理費每月700元由出租人負擔。未租賃車位，建物登記含有車位面積；續租案件；,RPWNMLKLMHLGFKD56CC,獨立套房,有,1150421~1160402,有,冷氣、熱水器、洗衣機、冰箱,社會住宅代管
永康區,租賃房屋,臺南市永康區大橋一街２４７巷３４弄９號,0.0,,,,1150330,土地0建物1車位0,全,2,透天厝,住家用,鋼筋混凝土造,0770627,123.68,3,2,2,有,無,有,21000,170,,0.0,0,參加公會版住宅包租代管五期計畫,RPXNMLKLMHLGFKD66CC,整棟(戶)出租,無,1150401~1160331,無,冷氣、熱水器,社會住宅代管
永康區,租賃房屋+車位,臺南市永康區永大二路３８號１１樓之１,0.0,,,,1150419,土地0建物1車位1,十一層,12,住宅大樓(11層含以上有電梯),住家用,鋼筋混凝土構造,1030917,190.67000000000002,2,2,2,有,有,有,31000,163,一樓平面,27.03,0,多人共同承租2；租金總額含管理費；其他含車位費；,RPQOMLKLMHLGFKD68CC,整棟(戶)出租,有,1150420~1170419,有,冷氣、熱水器、瓦斯或天然氣,
永康區,租賃房屋,臺南市永康區龍國街２３８號三樓,0.0,,,,1150331,土地0建物1車位0,三層,4,公寓(5樓含以下無電梯),住家用,鋼筋混凝土造,0681002,101.37,3,2,2,有,有,有,12000,118,,0.0,0,參加公會版住宅包租代管五期計畫租金總額含管理費；,RPSOMLKLMHLGFKD88CC,整棟(戶)出租,有,1150401~1160331,無,冷氣、洗衣機、冰箱,社會住宅代管
永康區,租賃房屋,臺南市永康區中山東路１５０號二樓之１３,0.0,,,,1150330,土地0建物1車位0,二層,11,住宅大樓(11層含以上有電梯),住家用,鋼筋混凝土造,0900110,25.63,1,0,1,有,有,有,10000,390,,0.0,0,參加國家住宅及都市更新中心辦理社會住宅包租代管第四期計畫公會版租金總額含管理費；續租案件；,RPTOMLKLMHLGFKD98CC,獨立套房,有,1150402~1160401,有,冷氣、熱水器、洗衣機、電視機、冰箱、瓦斯或天然氣,社會住宅代管
永康區,租賃房屋,臺南市永康區三合里南工街２６７巷８０弄１８號八樓之７,0.0,,,,1150415,土地0建物1車位0,八層,11,住宅大樓(11層含以上有電梯),住家用,鋼筋混凝土造,0860926,65.89,4,1,2,有,有,有,15000,228,,0.0,0,台南市不動產租賃公會民間住宅包租代管第5期計畫之物件。多人共同承租2；續租案件；,RPVOMLKLMHLGFKD56CC,整棟(戶)出租,有,1150424~1160423,有,冷氣、熱水器、瓦斯或天然氣,社會住宅代管
永康區,租賃房屋,臺南市永康區中正路２５６巷３號之５４,0.0,,,,1150327,土地0建物0車位0,十五層,15,住宅大樓(11層含以上有電梯),住家用,鋼筋混凝土造,0820824,37.650000000000006,3,2,2,有,有,有,7000,186,,0.0,0,多人共同承租2；租金總額含管理費；租賃建物部分範圍，且未計入共有部分面積；,RPXOMLKLMHLGFKD76CC,分租套房,有,1150410~1160409,有,冷氣,一般代管
永康區,租賃房屋,臺南市永康區中山南路４３巷９之１號,0.0,,,,1150414,土地0建物1車位0,二層,5,公寓(5樓含以下無電梯),住家用,鋼筋混凝土造,0710810,100.97,3,2,1,有,無,有,15000,149,,0.0,0,台南市社會住宅包租代管公會版第4期,RPOPMLKLMHLGFKD58CC,整棟(戶)出租,無,1150414~1160215,無,冷氣、熱水器,社會住宅包租轉租
永康區,租賃房屋,臺南市永康區南工街２６７巷８０弄１８號７樓之１０,0.0,,,,1150401,土地0建物1車位0,七層,11,住宅大樓(11層含以上有電梯),住家用,鋼筋混凝土造,0860926,50.68,2,2,2,有,有,有,13000,257,,0.0,0,參加國家住宅及都市更新中心辦理社會住宅包租代管第五期計畫中央版,RPPPMLKLMHLGFKD68CC,整棟(戶)出租,有,1150401~1160331,有,冷氣、熱水器、洗衣機、冰箱、瓦斯或天然氣,社會住宅代管
永康區,租賃房屋,臺南市永康區新興街８之２號九樓之２,0.0,,,,1150410,土地0建物1車位0,九層,11,住宅大樓(11層含以上有電梯),商業用,鋼筋混凝土造,0880519,53.78,2,1,2,有,有,有,12500,232,,0.0,0,參加國家住宅及都市更新中心辦理社會住宅包租代管第五期計畫中央版租金總額含管理費；,RPQPMLKLMHLGFKD78CC,整棟(戶)出租,有,1150410~1160409,有,冷氣、熱水器、洗衣機、冰箱、瓦斯或天然氣,社會住宅代管
永康區,租賃房屋+車位,臺南市永康區東橋十街７３號１１樓之５,0.0,,,,1150323,土地0建物1車位1,十一層,18,住宅大樓(11層含以上有電梯),集合住宅,鋼筋混凝土造,1140605,112.53,2,2,1,有,有,有,28000,249,坡道平面,22.99,0,,RPRPMLKLMHLGFKD88CC,整棟(戶)出租,有,1150410~1160409,有,冷氣,
永康區,租賃房屋,臺南市永康區國民路５７號,0.0,,,,1150420,土地0建物1車位0,全,4,透天厝,住商用,鋼筋混凝土造,0820426,196.64,4,2,3,有,無,無,30000,153,,0.0,0,,RPSPMLKLMHLGFKD98CC,整棟(戶)出租,無,1150501~1160430,無,熱水器,
永康區,租賃房屋,臺南市永康區小東路５０９號１１樓之２,0.0,,,,1150331,土地0建物1車位0,十一層,13,住宅大樓(11層含以上有電梯),住家用,鋼筋混凝土造,0851122,44.58,1,1,1,有,有,有,10000,224,,0.0,0,參加公會版住宅包租代管五期計畫租金總額含管理費；,RPTPMLKLMHLGFKD09CC,獨立套房,有,1150401~1160331,有,冷氣、熱水器、洗衣機、電視機、冰箱,社會住宅代管
永康區,租賃房屋,臺南市永康區大橋一街４７之１號六樓之１,0.0,,,,1150323,土地0建物1車位0,六層,14,住宅大樓(11層含以上有電梯),國民住宅,鋼筋混凝土造,0880824,124.62,3,2,2,有,有,有,15000,120,,0.0,0,參加公會版住宅包租代管五期計畫未租賃車位，建物登記含有車位面積；,RPUPMLKLMHLGFKD56CC,整棟(戶)出租,有,1150323~1180322,有,冷氣、熱水器、冰箱,社會住宅包租轉租
永康區,租賃房屋,臺南市永康區東橋五路２００號六樓之３,0.0,,,,1150401,土地0建物1車位0,六層,15,住宅大樓(11層含以上有電梯),集合住宅,鋼筋混凝土構造,1120818,122.30000000000001,3,2,2,有,有,有,23000,188,,0.0,0,國家住宅及都市更新中心社會住宅包租代管中央版第五期計畫,RPVPMLKLMHLGFKD66CC,整棟(戶)出租,有,1150501~1160430,有,冷氣、熱水器、瓦斯或天然氣,社會住宅代管
北區,租賃房屋+車位,臺南市北區西門路四段２７３-８號９樓,0.0,,,,1150323,土地0建物1車位1,九層,15,住宅大樓(11層含以上有電梯),住家用,鋼筋混凝土造,0870815,169.16,2,2,2,有,有,有,18500,109,坡道平面,12.94,0,租金總額含管理費；,RPSNMLKLMHLGFAD87DC,整棟(戶)出租,有,1150510~1160509,有,冷氣、熱水器、洗衣機、電視機、冰箱、瓦斯或天然氣,
北區,租賃房屋,臺南市北區公園南路３６５號１２樓之１,0.0,,,,1150330,土地0建物1車位0,十二層,14,住宅大樓(11層含以上有電梯),集合住宅,鋼筋混凝土構造,0960824,40.84,1,0,1,有,有,有,11000,269,,0.0,0,租金總額含管理費；,RPTNMLKLMHLGFAD97DC,獨立套房,有,1150505~1160504,有,冷氣、熱水器、洗衣機、電視機、冰箱、瓦斯或天然氣,
永康區,租賃房屋,臺南市永康區東橋三路４９８號,0.0,,,,1150325,土地0建物1車位0,一層,4,店面(店鋪),住商用,鋼筋混凝土造,0980722,57.37,1,1,1,有,無,無,18000,314,,0.0,0,租金總額含水費；租賃期間有約定不同租金115/3/25~115/4/30裝潢期免租金；,RPPNMLKLMHLGFKD58DC,,無,1150325~1180430,無,,
安平區,租賃房屋,臺南市安平區永華八街１９３巷３號３樓之１１,0.0,,,,1150324,土地0建物1車位0,三層,6,華廈(10層含以下有電梯),住家用,鋼筋混凝土造,0811222,41.28,1,1,1,有,有,有,8500,206,,0.0,0,參加臺南市社會住宅包租代管第4期計畫租金總額含管理費；續租案件；,RPPNMLLLMHLGFAD57CC,獨立套房,有,1150401~1160331,有,冷氣、熱水器、洗衣機、電視機、冰箱,社會住宅代管
中西區,租賃房屋+車位,臺南市中西區中華西路二段８３５號４樓之２,0.0,,,,1150324,土地0建物1車位1,四層,22,住宅大樓(11層含以上有電梯),集合住宅,鋼筋混凝土構造,1120323,179.19,3,2,2,有,有,有,22000,123,坡道平面,27.08,0,參加臺南市社會住宅包租代管第4期計畫續租案件；,RPQNMLLLMHLGFAD67CC,整棟(戶)出租,有,1150325~1160131,有,冷氣、熱水器、瓦斯或天然氣,社會住宅代管
北區,租賃房屋,臺南市北區忠義路三段２２號四樓之５,0.0,,,,1150401,土地0建物1車位0,四層,12,住宅大樓(11層含以上有電梯),住家用,鋼筋混凝土造,0850905,38.089999999999996,1,1,1,有,有,有,11000,289,,0.0,0,參加公會版住宅包租代管五期計畫租金總額含管理費；,RPRNMLLLMHLGFAD77CC,獨立套房,有,1150401~1160331,有,冷氣、熱水器、洗衣機、電視機、冰箱,社會住宅代管
安平區,租賃房屋,臺南市安平區慶平路８８號十一樓之５,0.0,,,,1150418,土地0建物1車位0,十一層,12,住宅大樓(11層含以上有電梯),住家用,鋼筋混凝土造,0840207,46.47,1,0,1,有,有,有,13500,291,,0.0,0,台南市社會住宅包租代管公會版第4期租金總額含管理費；續租案件；,RPSNMLLLMHLGFAD87CC,獨立套房,有,1150420~1151102,有,冷氣、熱水器、洗衣機、冰箱,社會住宅代管
安平區,租賃房屋+車位,臺南市安平區國平北路１４７號二十樓之１１,0.0,,,,1150401,土地0建物1車位1,二十層,34,住宅大樓(11層含以上有電梯),集合住宅,鋼骨鋼筋混凝土造、鋼筋混凝土造,1140415,102.02000000000001,2,2,1,有,有,有,21000,206,坡道平面,25.42,0,參加公會版住宅包租代管五期計畫租金總額含管理費；,RPTNMLLLMHLGFAD97CC,整棟(戶)出租,有,1150401~1160331,有,冷氣、熱水器、洗衣機、電視機、冰箱,社會住宅代管
安平區,租賃房屋+車位,臺南市安平區國平北路１２５號五樓之１２,0.0,,,,1150401,土地0建物1車位1,五層,18,住宅大樓(11層含以上有電梯),集合住宅,鋼筋混凝土構造,1100503,115.13999999999999,2,1,1,有,有,有,15158,167,坡道平面,30.37,1000,台南市社會住宅包租代管 第5期計畫 中央版；水、電、網路費由承租人負擔。租金已扣除管理費2342元。,RPPOMLLLMHLGFAD67CC,整棟(戶)出租,有,1150405~1180404,有,冷氣、熱水器、洗衣機、電視機、冰箱,社會住宅包租轉租
中西區,租賃房屋,臺南市中西區大勇街６４號五樓之２,0.0,,,,1150419,土地0建物1車位0,五層,8,華廈(10層含以下有電梯),住家用,鋼筋混凝土造,0811209,26.74,1,0,1,有,有,有,5500,206,,0.0,0,台南市社會住宅包租代管第4期計畫。管理費500元由出租人負擔續租案件；,RPSOMLLLMHLGFAD97CC,獨立套房,有,1150423~1160422,有,冷氣、熱水器、洗衣機、電視機、冰箱,社會住宅包租轉租
中西區,租賃房屋,臺南市中西區金華路三段２１８號七樓之１０,0.0,,,,1150401,土地0建物1車位0,七層,18,住宅大樓(11層含以上有電梯),住家用,鋼筋混凝土造,0840704,58.62,1,0,1,有,有,有,9500,162,,0.0,0,參加公會版住宅包租代管五期計畫,RPTOMLLLMHLGFAD08CC,獨立套房,有,1150401~1160331,有,冷氣、熱水器、洗衣機、電視機、冰箱,社會住宅代管
中西區,租賃房屋,臺南市中西區金華路三段２５２號十八樓之８,0.0,,,,1150401,土地0建物1車位0,十八層,21,住宅大樓(11層含以上有電梯),住家用,鋼筋混凝土造,0870219,41.22,1,1,1,有,有,有,11000,267,,0.0,0,參加公會版住宅包租代管五期計畫租金總額含管理費；,RPUOMLLLMHLGFAD18CC,獨立套房,有,1150401~1160331,有,冷氣、洗衣機、冰箱,社會住宅代管
安平區,租賃房屋,臺南市安平區永華八街６號三樓之２,0.0,,,,1150401,土地0建物1車位0,三層,14,住宅大樓(11層含以上有電梯),集合住宅,鋼筋混凝土造,0960719,101.13,1,2,1,有,有,有,15000,148,,0.0,0,參加公會版住宅包租代管五期計畫多人共同承租2；租金總額含管理費；,RPVOMLLLMHLGFAD28CC,整棟(戶)出租,有,1150401~1160331,有,冷氣、熱水器、洗衣機、電視機、冰箱,社會住宅代管
北區,租賃房屋,臺南市北區小東路２７３號,0.0,,,,1150326,土地0建物0車位0,全,4,透天厝,住商用,鋼筋混凝土造,0710915,19.83,8,0,4,有,無,無,5000,252,,0.0,0,,RPPPMLLLMHLGFAD77CC,分租雅房,無,1150401~1160331,無,冷氣、熱水器、洗衣機、冰箱,
北區,租賃房屋,臺南市北區南園街５４巷２４號,0.0,,,,1150407,土地0建物1車位0,全,2,透天厝,住家用,加強磚造,0631205,91.1,4,2,3,有,無,有,14500,159,,0.0,0,參加國家住宅及都市更新中心辦理社會住宅包租代管增辦第四期計畫公會版門牌整編前地址:台南市北區開元路258巷42弄24號續租案件；,RPRPMLLLMHLGFAD97CC,整棟(戶)出租,無,1150501~1170430,無,冷氣、熱水器,社會住宅包租轉租
安平區,租賃房屋,臺南市安平區平通路３５６號四樓之１,0.0,,,,1150416,土地0建物1車位0,四層,10,華廈(10層含以下有電梯),住家用,鋼筋混凝土造,0820701,99.74,3,1,2,有,有,有,10820,108,,0.0,0,此為國家住宅及都市更新中心社會住宅包租代管第5期計畫。管理費1180元由出租人負擔續租案件；,RPSPMLLLMHLGFAD08CC,整棟(戶)出租,有,1150419~1160418,有,冷氣、熱水器、洗衣機、電視機、冰箱、瓦斯或天然氣,社會住宅代管
安平區,租賃房屋,臺南市安平區國平北路１４７號十五樓之１３,0.0,,,,1150410,土地0建物1車位0,十五層,34,住宅大樓(11層含以上有電梯),集合住宅,鋼骨鋼筋混凝土造、鋼筋混凝土造,1140415,91.39,2,2,1,有,有,有,21000,230,,0.0,0,參加公會版住宅包租代管五期計畫租金總額含管理費；未租賃車位，建物登記含有車位面積；,RPUPMLLLMHLGFAD28CC,整棟(戶)出租,有,1150410~1160409,有,冷氣、熱水器、電視機、冰箱,社會住宅代管
中西區,租賃房屋,臺南市中西區宮後街１６號五樓之３,0.0,,,,1150416,土地0建物1車位0,五層,5,公寓(5樓含以下無電梯),住家用,鋼筋混凝土造,0800212,24.59,1,1,1,有,無,有,5400,220,,0.0,0,台南市不動產租賃公會民間住宅包租代管第5期計畫之物件。,RPVPMLLLMHLGFAD38CC,獨立套房,無,1150420~1160419,無,冷氣、熱水器、洗衣機、電視機、冰箱,社會住宅代管
安平區,租賃房屋,臺南市安平區永華路二段３９１號十三樓之６,0.0,,,,1150410,土地0建物1車位0,十三層,22,住宅大樓(11層含以上有電梯),集合住宅,鋼筋混凝土構造,1101213,137.9,2,2,2,有,有,有,20000,145,,0.0,0,參加公會版住宅包租代管五期計畫租金總額含管理費；未租賃車位，建物登記含有車位面積；,RPWPMLLLMHLGFAD48CC,整棟(戶)出租,有,1150410~1160409,有,冷氣、熱水器、洗衣機、電視機、冰箱,社會住宅代管
北區,租賃房屋+車位,臺南市北區北成路４０１號７樓之１１,0.0,,,,1150415,土地0建物1車位1,七層,14,住宅大樓(11層含以上有電梯),集合住宅,鋼筋混凝土造,0990406,102.68,1,1,1,有,有,有,17000,166,坡道平面,31.99,0,自民國115年4月16日至115年4月19日止為免租搬遷期，租金自115年4月20日起算。租金總額含管理費；,RPXPMLLLMHLGFAD58CC,獨立套房,有,1150420~1160419,有,冷氣、熱水器、洗衣機、電視機、冰箱,
北區,租賃房屋,臺南市北區南園街１２７巷１２１弄５號,0.0,,,,1150416,土地0建物0車位0,全,2,透天厝,住家用,加強磚造,0600321,19.89,5,0,5,有,無,有,5000,251,,0.0,0,租金總額含水費；含增建或未登記建物；續租案件；,RPOQMLLLMHLGFAD77CC,分租套房,無,1150425~1150824,無,冷氣、熱水器、電視機、冰箱,一般代管
北區,租賃房屋,臺南市北區公園南路３７０巷２１號,0.0,,,,1150401,土地0建物1車位0,見其他登記事項,23,住宅大樓(11層含以上有電梯),住商用,鋼筋混凝土造,0890406,150.32,1,1,2,有,有,無,13738,91,,0.0,0,1樓為店面使用，本租金含稅租金總額含管理費；,RPPQMLLLMHLGFAD87CC,整棟(戶)出租,有,1150401~1151231,有,,一般轉租
北區,租賃房屋,臺南市北區公園南路３７０巷２７號,0.0,,,,1150401,土地0建物1車位0,見其他登記事項,23,住宅大樓(11層含以上有電梯),店舖、集合住宅,鋼筋混凝土造,0890406,278.71000000000004,1,1,2,有,有,無,23000,83,,0.0,0,1樓為店面使用，本租金含稅租金總額含管理費；,RPQQMLLLMHLGFAD97CC,整棟(戶)出租,有,1150401~1180331,有,,一般轉租
中西區,租賃房屋+車位,臺南市中西區中成路１８號十九樓之８,0.0,,,,1150401,土地0建物1車位1,十九層,20,住宅大樓(11層含以上有電梯),住家用,鋼筋混凝土造,0860127,73.84,1,0,1,有,有,有,15000,203,升降機械,0.0,2000,參加國家住宅及都市中心辦理社會住宅包租代管第五期計劃中央版租金總額含管理費；,RPRQMLLLMHLGFAD08CC,獨立套房,有,1150401~1160331,有,冷氣、熱水器,社會住宅代管
安平區,租賃房屋+車位,臺南市安平區永華八街２號２樓之１,0.0,,,,1150413,土地0建物1車位1,二層,14,住宅大樓(11層含以上有電梯),集合住宅,鋼筋混凝土造,0960719,102.13,2,1,1,有,有,有,22000,215,坡道平面,0.0,2000,參加國家住宅及都市更新中心辦理社會住宅包租代管第五期計畫中央版,RPSQMLLLMHLGFAD18CC,整棟(戶)出租,有,1150415~1160414,有,冷氣、熱水器、洗衣機、電視機、冰箱、瓦斯或天然氣,社會住宅代管
中西區,租賃房屋,臺南市中西區忠義路一段６６號,0.0,,,,1150417,土地0建物1車位0,見其他登記事項,5,店面(店鋪),住商用,鋼筋混凝土造,0840124,490.09,6,5,10,有,無,無,70000,143,,0.0,0,續租案件；,RPTQMLLLMHLGFAD28CC,,無,1150501~1200430,無,,
中西區,租賃房屋,臺南市中西區保安路１３２號三樓之１,0.0,,,,1150413,土地0建物1車位0,三層,10,華廈(10層含以下有電梯),商業用,鋼筋混凝土造,0820810,41.0,1,1,1,有,有,有,9000,220,,0.0,0,參加國家住宅及都市更新中心辦理社會住宅包租代管第五期計畫中央版多人共同承租2；,RPUQMLLLMHLGFAD38CC,獨立套房,有,1150415~1160414,有,冷氣、熱水器、洗衣機、冰箱,社會住宅代管
北區,租賃房屋,臺南市北區公園北路１３２號,0.0,,,,1150417,土地0建物0車位0,全,2,透天厝,住工用,加強磚造,0560101,11.93,26,0,26,有,無,有,3400,285,,0.0,0,公園北202房續租案件；,RPVQMLLLMHLGFAD48CC,分租套房,無,1150501~1160430,無,冷氣、熱水器,一般轉租
安平區,租賃房屋+車位,臺南市安平區健康路三段３３１號１４樓之１,0.0,,,,1150410,土地0建物1車位1,十四層,26,住宅大樓(11層含以上有電梯),集合住宅,鋼筋混凝土構造,1060124,151.69,3,2,2,有,有,有,25000,192,坡道平面,26.54,1000,參加國家住宅及都市更新中心辦理社會住宅包租代管第五期計畫中央版,RPWQMLLLMHLGFAD58CC,整棟(戶)出租,有,1150418~1160417,有,冷氣、熱水器、洗衣機、電視機、冰箱,社會住宅代管
北區,租賃房屋,臺南市北區和緯路四段９５巷６號四樓,0.0,,,,1150415,土地0建物1車位0,四層,5,公寓(5樓含以下無電梯),住家用,鋼筋混凝土造,0701017,89.27000000000001,3,1,2,有,無,有,12000,134,,0.0,0,參加國家住宅及都市更新中心辦理社會住宅包租代管第五期計畫中央版,RPORMLLLMHLGFAD87CC,整棟(戶)出租,無,1150416~1160415,無,冷氣、熱水器、洗衣機、電視機,社會住宅代管
安南區,租賃房屋+車位,臺南市安南區樂活一街３２號３樓,0.0,,,,1150324,土地0建物1車位1,三層,19,住宅大樓(11層含以上有電梯),集合住宅,鋼筋混凝土造,1100526,119.65,2,2,2,有,有,有,20000,167,坡道平面,22.2,0,參加臺南市社會住宅包租代管第4期計畫,RPPNMLLLMHLGFBD67CC,整棟(戶)出租,有,1150410~1160409,有,冷氣、熱水器、洗衣機、電視機、冰箱,社會住宅代管
安南區,租賃房屋,臺南市安南區安中路一段６９８巷６７之２號,0.0,,,,1150414,土地0建物1車位0,三層,4,公寓(5樓含以下無電梯),集合住宅,鋼筋混凝土造,0700907,102.22,3,2,2,有,無,無,10000,98,,0.0,0,參加國家住宅及都市更新中心辦理社會住宅包租代管第五期計畫中央版,RPTNMLLLMHLGFBD08CC,整棟(戶)出租,無,1150420~1160419,無,冷氣、熱水器,社會住宅代管
安南區,租賃房屋+車位,臺南市安南區培安路３０５巷７號４樓之１,0.0,,,,1150415,土地0建物1車位1,四層,15,住宅大樓(11層含以上有電梯),集合住宅,鋼筋混凝土造,1101207,116.99,2,2,2,有,有,有,21000,180,坡道平面,30.18,0,,RPUNMLLLMHLGFBD18CC,整棟(戶)出租,有,1150423~1160422,有,冷氣、熱水器、洗衣機、冰箱、瓦斯或天然氣,一般代管
東區,租賃房屋,臺南市東區中華東路二段１８５巷１４號十二樓之３,0.0,,,,1150325,土地0建物1車位0,十二層,20,住宅大樓(11層含以上有電梯),住家用,鋼筋混凝土造,0841106,127.6,3,2,2,有,有,有,22700,178,,0.0,0,台南市社會住宅包租代管第5期計畫中央版租金依照租金水準區間表評定多人共同承租3；,RPPNMLLLMHLGFCD77CC,整棟(戶)出租,有,1150401~1180331,有,冷氣、熱水器、洗衣機、冰箱、瓦斯或天然氣,社會住宅代管
東區,租賃房屋,臺南市東區中華東路二段１９７號十樓之１３,0.0,,,,1150401,土地0建物1車位0,十層,20,住宅大樓(11層含以上有電梯),住家用,鋼筋混凝土造,0841106,107.22,2,2,1,有,有,有,19000,177,,0.0,0,參加公會版住宅包租代管五期計畫,RPQNMLLLMHLGFCD87CC,整棟(戶)出租,有,1150401~1160331,有,冷氣、熱水器、洗衣機、電視機、冰箱、瓦斯或天然氣,社會住宅代管
東區,租賃房屋,臺南市東區中華東路三段５２９號,0.0,,,,1150330,土地0建物0車位0,全,4,透天厝,住商用,鋼筋混凝土造,0691107,32.4,7,0,7,有,無,有,7500,231,,0.0,0,租金總額含網路費；續租案件；,RPRNMLLLMHLGFCD97CC,分租套房,無,1150505~1160504,無,冷氣、熱水器、電視機、冰箱、有線電視、網路,一般代管
東區,租賃房屋,臺南市東區林森路二段１９２巷２４弄６５號之４,0.0,,,,1150415,土地0建物1車位0,五層,5,公寓(5樓含以下無電梯),住家用,鋼筋混凝土造,0721118,96.12,3,1,2,有,無,有,13000,135,,0.0,0,此為國家住宅及都市更新中心社會住宅包租代管第5期計畫。續租案件；,RPSNMLLLMHLGFCD08CC,整棟(戶)出租,無,1150417~1160416,無,冷氣、熱水器、洗衣機、冰箱,社會住宅代管
東區,租賃房屋,臺南市東區崇善路１０６８號２樓,0.0,,,,1150330,土地0建物0車位0,二層,5,華廈(10層含以下有電梯),集合住宅,鋼筋混凝土造,1041006,20.49,5,0,5,有,無,有,8200,400,,0.0,0,多人共同承租2；租金總額含水費；網路費；其他第四台；租賃建物部分範圍，且未計入共有部分面積；,RPTNMLLLMHLGFCD18CC,分租套房,無,1150401~1160331,有,冷氣、熱水器、洗衣機、電視機、冰箱、有線電視、網路,
東區,租賃房屋,臺南市東區崇善十五街３３巷８號,0.0,,,,1150417,土地0建物1車位0,全,5,透天厝,住商用,鋼筋混凝土造,0830415,180.73,6,2,4,有,無,有,25000,138,,0.0,0,此為國家住宅及都市更新中心社會住宅包租代管第5期計畫。續租案件；,RPUNMLLLMHLGFCD28CC,整棟(戶)出租,無,1150420~1160419,無,冷氣、熱水器、洗衣機、冰箱、瓦斯或天然氣,社會住宅代管
南區,租賃房屋,臺南市南區中華南路二段４００巷４弄１２號４樓,0.0,,,,1150415,土地0建物1車位0,四層,5,公寓(5樓含以下無電梯),集合住宅,鋼筋混凝土造,0711129,92.42,3,2,1,有,無,無,17000,184,,0.0,0,租金總額含管理費；,RPXNMLLLMHLGFCD58CC,整棟(戶)出租,有,1150420~1160419,無,冷氣、熱水器、洗衣機、冰箱,
東區,租賃房屋+車位,臺南市東區榮譽街１２３巷１弄７號５樓之１,0.0,,,,1150330,土地0建物1車位1,五層,7,華廈(10層含以下有電梯),住家用,鋼筋混凝土造,0880114,58.239999999999995,1,1,1,有,有,有,11500,197,坡道機械,4.94,0,租金總額含管理費；,RPROMLLLMHLGFCD08CC,獨立套房,有,1150401~1160331,有,冷氣、熱水器、洗衣機、電視機、冰箱,
東區,租賃房屋+車位,臺南市東區崇德三街１０號十樓,0.0,,,,1150421,土地0建物1車位1,十層,16,住宅大樓(11層含以上有電梯),住家用,鋼筋混凝土造,0860508,155.74,3,2,2,有,有,有,19000,122,坡道平面,0.0,1500,,RPSOMLLLMHLGFCD18CC,整棟(戶)出租,有,1150501~1160430,有,冷氣、熱水器、洗衣機、電視機、冰箱、瓦斯或天然氣,社會住宅包租轉租
東區,租賃房屋,臺南市東區富強三街１１號７樓,0.0,,,,1150401,土地0建物1車位0,七層,10,華廈(10層含以下有電梯),住家用,鋼筋混凝土造,0951207,103.55,2,1,1,有,有,有,20000,193,,0.0,0,租金總額含管理費；,RPTOMLLLMHLGFCD28CC,整棟(戶)出租,有,1150401~1160331,有,冷氣、熱水器、洗衣機、冰箱,
東區,租賃房屋,臺南市東區府東街２２號七樓之３,0.0,,,,1150416,土地0建物1車位0,七層,8,華廈(10層含以下有電梯),住家用,鋼筋混凝土造,0830829,89.65,3,1,2,有,有,有,10500,117,,0.0,0,台南市政府包租代管第4期計畫之物件。管理費每月1500元由出租人負擔。續租案件；,RPUOMLLLMHLGFCD38CC,整棟(戶)出租,有,1150420~1160419,有,冷氣、熱水器、洗衣機、冰箱、瓦斯或天然氣,社會住宅包租轉租
東區,租賃房屋,臺南市東區崇明２４街８０號３樓之４６,0.0,,,,1150408,土地0建物1車位0,三層,6,華廈(10層含以下有電梯),集合住宅,鋼筋混凝土構造,1110601,48.97,1,0,1,有,有,有,12500,255,,0.0,0,管理費:1200元水費:250元多人共同承租2；,RPVOMLLLMHLGFCD48CC,獨立套房,有,1150420~1160419,有,冷氣、熱水器、洗衣機、電視機、冰箱、網路,一般轉租
東區,租賃房屋,臺南市東區崇德路８８號,0.0,,,,1150323,土地0建物0車位0,全,3,透天厝,住商用,鋼筋混凝土造,0751218,24.0,6,0,7,有,無,有,13300,554,,0.0,0,,RPWOMLLLMHLGFCD58CC,分租套房,無,1150323~1160322,無,冷氣、熱水器、洗衣機、電視機、冰箱,一般轉租
東區,租賃房屋+車位,臺南市東區中華東路二段２０３巷１９弄４５號８樓,0.0,,,,1150331,土地0建物1車位1,見其他登記事項,9,華廈(10層含以下有電梯),住家用,鋼筋混凝土造,0860125,212.32999999999998,6,2,3,有,有,無,23000,108,坡道平面,0.0,2000,參加國家住宅及都市更新中心辦理社會住宅包租代管第五期計畫中央版多人共同承租2；,RPXOMLLLMHLGFCD68CC,整棟(戶)出租,有,1150401~1160331,有,熱水器,社會住宅代管
新營區,租賃房屋,臺南市新營區三民路４６之５９號,0.0,,,,1150414,土地0建物1車位0,六層,7,華廈(10層含以下有電梯),住家用,鋼筋混凝土造,0710227,91.69,2,1,1,有,有,有,12000,131,,0.0,0,參加國家住宅及都市更新中心辦理社會住宅包租代管第五期計畫中央版多人共同承租2；,RPPNMLLLMHLGFDD87CC,整棟(戶)出租,無,1150415~1160414,有,冷氣、熱水器、洗衣機、冰箱,社會住宅代管
新營區,租賃房屋,臺南市新營區民權路１４之１號,0.0,,,,1150421,土地0建物1車位0,全,4,透天厝,住商用,鋼筋混凝土造,0650507,59.57,4,2,3,有,無,無,25000,420,,0.0,0,租金總額含稅；,RPRNMLLLMHLGFDD08CC,,無,1150601~1180531,無,,
六甲區,租賃房屋,臺南市六甲區龜港里１３鄰龜子港２８８巷１８號,0.0,,,,1150401,土地0建物1車位0,全,3,透天厝,住家用,鋼筋混凝土造,0840608,137.58,2,1,3,有,無,無,9000,65,,0.0,0,台南市社會住宅包租代管第5期計畫中央版租金依照租金水準區間表評定,RPPNMLLLMHLGFFD08CC,整棟(戶)出租,無,1150418~1180417,無,熱水器,社會住宅包租轉租
學甲區,租賃房屋,臺南市學甲區八德街１６１號二樓之一,0.0,,,,1150330,土地0建物1車位0,二層,6,華廈(10層含以下有電梯),住家用,鋼筋混凝土造,0840707,36.88,1,0,1,有,有,有,5600,152,,0.0,0,參加國家住宅及都市中心辦理社會住宅包租代管第五期計劃中央版租金總額含管理費；,RPPNMLLLMHLGFGD18CC,獨立套房,有,1150406~1160405,有,冷氣、熱水器、洗衣機、電視機、冰箱,社會住宅包租轉租
善化區,租賃房屋,臺南市善化區公園路２５３號４樓之３,0.0,,,,1150331,土地0建物1車位0,四層,13,住宅大樓(11層含以上有電梯),住家用,鋼筋混凝土造,0980504,91.32000000000001,2,2,1,有,有,有,18000,197,,0.0,0,參加公會版住宅包租代管五期計畫多人共同承租2；,RPPNMLLLMHLGFHD28CC,整棟(戶)出租,有,1150401~1160331,有,冷氣、熱水器、洗衣機、電視機、冰箱,社會住宅代管
新市區,租賃房屋,臺南市新市區富中街１５號,0.0,,,,1150417,土地0建物1車位0,一層,4,店面(店鋪),店舖、住宅,鋼筋混凝土造,1090609,52.99,0,0,0,無,無,無,20000,377,,0.0,0,續租案件；,RPQNMLLLMHLGFHD38CC,,無,1150501~1151031,無,,
新市區,租賃房屋,臺南市新市區大營２９５之１６號,0.0,,,,1150402,土地0建物1車位0,全,3,透天厝,住家用,鋼筋混凝土造,0821026,146.94,4,2,3,有,無,有,20000,136,,0.0,0,,RPSNMLLLMHLGFHD58CC,整棟(戶)出租,無,1150406~1160405,無,冷氣、熱水器,
善化區,租賃房屋,臺南市善化區北子店２０８號,0.0,,,,1150420,土地0建物0車位0,全,4,透天厝,住商用,鋼筋混凝土造,1080611,30.31,8,0,7,有,無,有,11000,363,,0.0,0,1.契約書未約定土地租賃標的。2.由所有權人提供租屋資訊。3.租賃建物部分範圍。租金總額含網路費；其他第四台；,RPUNMLLLMHLGFHD78CC,分租套房,無,1150420~1160419,有,冷氣、熱水器、洗衣機、電視機、冰箱、有線電視、網路,
新市區,土地,舊園段789地號,2009.01,農,,,1150421,土地1建物0車位0,,,其他,,,,0.0,0,0,0,無,無,無,50000,25,,0.0,0,租金總額含稅；,RPVNMLLLMHLGFHD88CC,,,1150421~1170430,,,
新市區,租賃房屋,臺南市新市區陽光南一路２巷３６號,0.0,,,,1150414,土地0建物1車位0,一層,4,店面(店鋪),店舖、出租宿舍、停車空間,鋼筋混凝土造,1060505,48.98,0,0,0,無,無,無,16000,327,,0.0,0,租金總額含水費；,RPWNMLLLMHLGFHD98CC,,無,1150414~1200413,無,冷氣,
善化區,租賃房屋,臺南市善化區龍目井路８８號八樓之２３,0.0,,,,1150418,土地0建物1車位0,八層,8,華廈(10層含以下有電梯),集合住宅,鋼筋混凝土造,1060111,109.74,2,1,2,有,有,有,20000,182,,0.0,0,多人共同承租2；租金總額含管理費；,RPXNMLLLMHLGFHD09CC,整棟(戶)出租,有,1150419~1160418,有,冷氣、熱水器、洗衣機、電視機、冰箱,一般代管
歸仁區,租賃房屋,臺南市歸仁區中山路一段５０２號,81.68,商,,,1150417,土地1建物1車位0,一層,3,店面(店鋪),住商用,加強磚造,,64.02,0,0,1,有,無,無,22000,344,,0.0,0,,RPPNMLLLMHLGFID38CC,,無,1150417~1170519,無,,
歸仁區,租賃房屋+車位,臺南市歸仁區歸仁九路２７號八樓之６,0.0,,,,1150330,土地0建物1車位1,八層,15,住宅大樓(11層含以上有電梯),集合住宅,鋼筋混凝土造,1130412,172.39,3,2,1,有,有,有,23000,133,坡道平面,26.19,0,參加公會版住宅包租代管五期計畫租金總額含管理費；,RPQNMLLLMHLGFID48CC,整棟(戶)出租,有,1150401~1160331,有,冷氣、熱水器、洗衣機、電視機、冰箱,社會住宅代管
仁德區,租賃房屋,臺南市仁德區中正西路３６０巷２０弄４１號四樓之２７,0.0,,,,1150403,土地0建物1車位0,四層,4,華廈(10層含以下有電梯),辦公室,鋼筋混凝土造,0960920,19.82,1,0,1,有,有,有,3800,192,,0.0,0,含增建或未登記建物；,RPRNMLLLMHLGFID58CC,獨立套房,有,1150406~1160405,有,冷氣、熱水器、電視機、冰箱、網路,一般代管
仁德區,租賃房屋,臺南市仁德區成功二街７巷１６弄１９號,0.0,,,,1150420,土地0建物1車位0,全,2,透天厝,住家用,加強磚造,0660301,65.18,3,2,2,有,無,有,18000,276,,0.0,0,1.契約書未約定土地租賃標的。2.由所有權人提供租屋資訊。多人共同承租2；含增建或未登記建物；,RPSNMLLLMHLGFID68CC,整棟(戶)出租,無,1150501~1160430,無,熱水器、洗衣機、瓦斯或天然氣,
歸仁區,租賃房屋,臺南市歸仁區智發街１７號８樓之１,0.0,,,,1150414,土地0建物1車位0,八層,14,住宅大樓(11層含以上有電梯),集合住宅,鋼筋混凝土造,1140124,114.63,2,2,2,有,有,有,17000,148,,0.0,0,參加國家住宅及都市更新中心辦理社會住宅包租代管第五期計畫中央版多人共同承租2；未租賃車位，建物登記含有車位面積；,RPVNMLLLMHLGFID98CC,整棟(戶)出租,有,1150415~1160414,有,冷氣、熱水器、洗衣機、冰箱,社會住宅代管
永康區,租賃房屋,臺南市永康區忠孝一路６９號五樓之５,0.0,,,,1150417,土地0建物1車位0,五層,14,住宅大樓(11層含以上有電梯),集合住宅,鋼筋混凝土造,1130112,120.74000000000001,2,2,2,有,有,有,19900,165,,0.0,0,台南市社會住宅包租代管 第四期計畫 公會版；水、電、瓦斯費由承租人負擔，管理費2850元不包含在租金由承租人負擔。未租賃車位，建物登記含有車位面積；,RPPNMLLLMHLGFKD58CC,整棟(戶)出租,有,1150423~1160422,有,冷氣、熱水器、洗衣機、電視機、冰箱、瓦斯或天然氣,社會住宅包租轉租
永康區,租賃房屋,臺南市永康區中華路３４９號九樓之１０,0.0,,,,1150401,土地0建物1車位0,九層,17,住宅大樓(11層含以上有電梯),辦公室。,鋼筋混凝土造,0850129,36.08,1,1,1,有,有,有,7000,194,,0.0,0,參加公會版住宅包租代管五期計畫,RPQNMLLLMHLGFKD68CC,獨立套房,有,1150401~1160331,有,冷氣、熱水器、冰箱,社會住宅代管
永康區,租賃房屋,臺南市永康區四維街６８巷１２之２號四樓,0.0,,,,1150412,土地0建物1車位0,四層,4,公寓(5樓含以下無電梯),住家用,鋼筋混凝土造,0701025,81.58,2,2,1,有,無,無,10000,123,,0.0,0,1.契約書未約定土地租賃標的。2.由所有權人提供出租資訊。3.整編前門牌:台南市永康區埔園里?麻園45之57號。續租案件；,RPRNMLLLMHLGFKD78CC,整棟(戶)出租,無,1150414~1160413,無,熱水器,一般代管
永康區,租賃房屋,臺南市永康區鹽州里鹽忠街１１８號６樓之１６,0.0,,,,1150415,土地0建物1車位0,六層,8,華廈(10層含以下有電梯),辦公室,鋼筋混凝土造,0950918,17.509999999999998,1,0,1,有,有,有,4300,246,,0.0,0,含增建或未登記建物；續租案件；,RPSNMLLLMHLGFKD88CC,獨立套房,有,1150911~1160910,有,冷氣、熱水器、電視機、冰箱、網路,一般代管
永康區,租賃房屋,臺南市永康區復華七街３２巷３３號四樓之２,0.0,,,,1150401,土地0建物1車位0,四層,12,住宅大樓(11層含以上有電梯),住家用,鋼筋混凝土造,0831006,136.95999999999998,3,2,2,有,有,有,18000,131,,0.0,0,參加公會版住宅包租代管五期計畫,RPTNMLLLMHLGFKD98CC,整棟(戶)出租,有,1150401~1160331,有,冷氣、熱水器、洗衣機、冰箱,社會住宅代管
永康區,租賃房屋,臺南市永康區鹽州里鹽忠街１１８號８樓之１０,0.0,,,,1150416,土地0建物1車位0,八層,8,華廈(10層含以下有電梯),辦公室,鋼筋混凝土造,0950918,17.259999999999998,1,0,1,有,有,有,4300,249,,0.0,0,含增建或未登記建物；,RPUNMLLLMHLGFKD09CC,獨立套房,有,1150417~1151016,有,冷氣、熱水器、電視機、冰箱、網路,一般代管
永康區,租賃房屋,臺南市永康區鹽州里鹽忠街１１８號８樓之１７,0.0,,,,1150416,土地0建物1車位0,八層,8,華廈(10層含以下有電梯),辦公室,鋼筋混凝土造,0950918,17.08,1,0,1,有,有,有,4000,234,,0.0,0,含增建或未登記建物；續租案件；,RPVNMLLLMHLGFKD56CC,獨立套房,有,1150828~1160827,有,冷氣、熱水器、電視機、冰箱、網路,一般代管
永康區,租賃房屋,臺南市永康區網寮里文化路１２８巷４號五樓之５,0.0,,,,1150325,土地0建物1車位0,五層,8,華廈(10層含以下有電梯),住家用,鋼筋混凝土造,0840109,40.18,1,1,1,有,有,有,7500,187,,0.0,0,台南市社會住宅包租代管第5期計畫中央版租金依照租金水準區間表評定,RPWNMLLLMHLGFKD66CC,獨立套房,有,1150501~1160430,有,冷氣、熱水器、洗衣機、電視機、冰箱,社會住宅代管
永康區,租賃房屋,臺南市永康區復華三街６４號九樓之６,0.0,,,,1150401,土地0建物1車位0,九層,19,住宅大樓(11層含以上有電梯),住家用,鋼筋混凝土造,0840908,126.62,4,2,2,有,有,有,16000,126,,0.0,0,參加公會版住宅包租代管五期計畫多人共同承租2；租金總額含管理費；,RPXNMLLLMHLGFKD76CC,整棟(戶)出租,有,1150401~1160331,有,冷氣、熱水器、洗衣機、電視機、冰箱、瓦斯或天然氣,社會住宅代管
永康區,租賃房屋,臺南市永康區埔聖街１３６號三樓之５,0.0,,,,1150417,土地0建物1車位0,三層,5,華廈(10層含以下有電梯),住家用,鋼筋混凝土構造,1080603,81.78999999999999,2,1,1,有,有,無,15500,190,,0.0,0,台南市社會住宅包租代管第4期計畫。續租案件；,RPOOMLLLMHLGFKD58CC,整棟(戶)出租,有,1150430~1160429,有,冷氣、熱水器、瓦斯或天然氣,社會住宅包租轉租
永康區,租賃房屋,臺南市永康區國華街１０２巷８６號九樓之１,0.0,,,,1150401,土地0建物1車位0,九層,12,住宅大樓(11層含以上有電梯),住家用,鋼筋混凝土造,0831006,105.82,3,2,2,有,有,有,17500,165,,0.0,0,參加公會版住宅包租代管五期計畫租金總額含管理費；,RPPOMLLLMHLGFKD68CC,整棟(戶)出租,有,1150401~1160331,有,冷氣、熱水器、洗衣機、電視機、冰箱,社會住宅代管
永康區,租賃房屋,臺南市永康區國華街６３號十樓之３,0.0,,,,1150415,土地0建物1車位0,十層,15,住宅大樓(11層含以上有電梯),住家用,鋼筋混凝土造,0841009,116.61000000000001,3,2,2,有,有,有,10200,87,,0.0,0,參加國家住宅及都市更新中心辦理社會住宅包租代管第五期計畫中央版租金總額含管理費；未租賃車位，建物登記含有車位面積；續租案件；,RPQOMLLLMHLGFKD78CC,整棟(戶)出租,有,1150610~1180609,有,冷氣、熱水器、洗衣機、電視機、冰箱、瓦斯或天然氣,社會住宅包租轉租
永康區,租賃房屋,臺南市永康區洲尾街１６０號,0.0,,,,1150410,土地0建物1車位0,全,2,透天厝,住商用,鋼筋混凝土造,0700209,106.19,3,2,2,有,無,有,10000,94,,0.0,0,參加公會版住宅包租代管五期計畫,RPROMLLLMHLGFKD88CC,整棟(戶)出租,無,1150410~1160409,無,冷氣、熱水器、洗衣機、冰箱,社會住宅代管
永康區,租賃房屋,臺南市永康區中正北路７１８號,0.0,,,,1150410,土地0建物1車位0,見其他登記事項,1,店面(店鋪),住家用,鋼骨造,0961114,9.67,0,2,1,有,無,無,18000,1861,,0.0,0,,RPSOMLLLMHLGFKD98CC,,無,1150505~1170504,無,,
永康區,租賃房屋,臺南市永康區中華二路３４０巷１５弄８號１５樓之５,0.0,,,,1150417,土地0建物1車位0,十五層,18,住宅大樓(11層含以上有電梯),住家用,鋼筋混凝土造,0811015,153.57,3,2,2,有,有,有,21000,137,,0.0,0,參加國家住宅及都市更新中心辦理社會住宅包租代管增辦第四期計畫公會版,RPTOMLLLMHLGFKD09CC,整棟(戶)出租,有,1150420~1160419,有,冷氣、熱水器、洗衣機、電視機、冰箱、瓦斯或天然氣,社會住宅代管
永康區,租賃房屋,臺南市永康區中華路７巷３６號,0.0,,,,1150330,土地0建物0車位0,全,5,透天厝,住商用,鋼筋混凝土造,0790824,19.83,16,1,17,有,無,有,10000,504,,0.0,0,1.契約書未約定土地租賃標的。2.由所有權人提供租屋資訊。租金總額含網路費；,RPUOMLLLMHLGFKD56CC,分租套房,無,1150330~1160329,無,冷氣、熱水器、洗衣機、電視機、冰箱、網路,
永康區,租賃房屋,臺南市永康區新行街２９１巷２２弄５號３樓之３,0.0,,,,1150327,土地0建物1車位0,三層,9,華廈(10層含以下有電梯),集合住宅,鋼筋混凝土構造,1100331,84.03,2,2,1,有,有,有,19500,232,,0.0,0,參加公會版住宅包租代管五期計畫租金總額含管理費；,RPVOMLLLMHLGFKD66CC,整棟(戶)出租,有,1150401~1180331,有,冷氣、熱水器、洗衣機、電視機、冰箱、瓦斯或天然氣,社會住宅包租轉租
永康區,租賃房屋,臺南市永康區五福街８２巷３３號,0.0,,,,1150409,土地0建物1車位0,全,1,透天厝,住家用,磚造,0641017,63.14,2,2,1,有,無,有,18000,285,,0.0,0,115/4/9-115/4/14為免租金搬遷期間，租金自115/4/15起算,RPWOMLLLMHLGFKD76CC,整棟(戶)出租,無,1150409~1160414,無,冷氣、熱水器、洗衣機、冰箱,
永康區,租賃房屋,臺南市永康區龍橋街２７０巷２０弄２８號四樓之７,0.0,,,,1150419,土地0建物1車位0,四層,5,華廈(10層含以下有電梯),集合住宅,鋼筋混凝土造,1120825,112.05,3,2,2,有,有,有,27000,241,,0.0,0,多人共同承租3；租金總額含管理費；,RPXOMLLLMHLGFKD86CC,整棟(戶)出租,有,1150501~1160430,有,冷氣、熱水器、洗衣機、電視機、冰箱,
永康區,租賃房屋,臺南市永康區安康里中華西街１９６巷３８號四樓之１,0.0,,,,1150416,土地0建物1車位0,四層,14,住宅大樓(11層含以上有電梯),住家用,鋼筋混凝土造,0880824,106.72,3,2,2,有,有,有,17000,159,,0.0,0,台南市不動產租賃公會民間住宅包租代管第5期計畫之物件。續租案件；,RPOPMLLLMHLGFKD68CC,整棟(戶)出租,有,1150416~1160415,有,冷氣、熱水器、冰箱、瓦斯或天然氣,社會住宅包租轉租
永康區,租賃房屋,臺南市永康區成功路１８８巷２號五樓之５,0.0,,,,1150401,土地0建物1車位0,五層,7,華廈(10層含以下有電梯),住家用,鋼筋混凝土造,0820716,24.51,1,0,1,有,無,有,4700,192,,0.0,0,參加公會版住宅包租代管五期計畫,RPPPMLLLMHLGFKD78CC,獨立套房,無,1150401~1180331,有,冷氣、熱水器、洗衣機、冰箱,社會住宅包租轉租
永康區,租賃房屋,臺南市永康區忠孝一路１２號,0.0,,,,1150420,土地0建物0車位0,全,4,透天厝,住宅，店舖，停車空間,鋼筋混凝土構造,1070212,23.14,6,0,6,有,無,有,10000,432,,0.0,0,租金總額含水費；網路費；,RPRPMLLLMHLGFKD98CC,分租套房,無,1150501~1160601,無,冷氣、熱水器、電視機、冰箱、網路,
永康區,租賃房屋,臺南市永康區東橋十街７３號四樓之８,0.0,,,,1150401,土地0建物1車位0,四層,18,住宅大樓(11層含以上有電梯),集合住宅,鋼筋混凝土造,1140605,98.56,2,2,1,有,有,有,17500,178,,0.0,0,參加公會版住宅包租代管五期計畫未租賃車位，建物登記含有車位面積；,RPSPMLLLMHLGFKD09CC,整棟(戶)出租,有,1150401~1180331,有,冷氣、熱水器、洗衣機、電視機、冰箱、瓦斯或天然氣,社會住宅包租轉租
永康區,租賃房屋+車位,臺南市永康區小東路６８５巷６號之９,0.0,,,,1150417,土地0建物1車位1,見其他登記事項,20,住宅大樓(11層含以上有電梯),住家用,鋼筋混凝土造,0810519,190.32,4,2,3,有,有,無,18000,95,坡道機械,8.7,0,多人共同承租3；租賃期間有約定不同租金115年5月為裝修期免收租金；,RPTPMLLLMHLGFKD56CC,整棟(戶)出租,有,1150601~1180531,有,,
永康區,租賃房屋,臺南市永康區中正南路７４３巷８之１０號,0.0,,,,1150415,土地0建物0車位0,全,4,透天厝,住家用,鋼筋混凝土構造,1020417,18.18,9,0,9,有,無,有,6000,330,,0.0,0,租金總額含網路費；續租案件；,RPUPMLLLMHLGFKD66CC,分租套房,無,1150501~1160430,無,冷氣、熱水器、電視機、冰箱、有線電視、網路,一般代管
永康區,租賃房屋,臺南市永康區鹽行路６９巷１號,0.0,,,,1150415,土地0建物0車位0,全,4,透天厝,住宅，停車空間,鋼筋混凝土構造,1020821,19.83,11,0,11,有,無,有,5700,287,,0.0,0,租金總額含網路費；續租案件；,RPVPMLLLMHLGFKD76CC,分租套房,無,1150515~1160514,無,冷氣、熱水器、洗衣機、電視機、冰箱、有線電視、網路,一般代管
永康區,租賃房屋,臺南市永康區鹽行路１００巷１６號,0.0,,,,1150418,土地0建物0車位0,全,4,透天厝,住家用,鋼筋混凝土構造,1030715,14.0,8,0,8,有,無,有,6000,429,,0.0,0,多人共同承租2；租金總額含網路費；,RPWPMLLLMHLGFKD86CC,分租套房,無,1150420~1160419,無,冷氣、熱水器、洗衣機、電視機、冰箱、有線電視、網路,一般代管
永康區,土地,頂西段297地號,529.28,工,,,1150421,土地1建物0車位0,,,其他,,,,0.0,0,0,0,無,無,無,50000,94,,0.0,0,租金總額含稅；,RPPNMLLLMHLGFKD68DC,,,1150501~1170430,,,
北區,租賃房屋,臺南市北區開南街１３５號,0.0,,,,1150418,土地0建物0車位0,全,4,透天厝,住家用,鋼筋混凝土造,0830624,13.32,59,0,59,有,無,有,4500,338,,0.0,0,開南409房,RPPNMLMLMHLGFAD67CC,分租套房,無,1150325~1150831,有,冷氣、熱水器、電視機,一般轉租
北區,租賃房屋,臺南市北區開南街１３５號,0.0,,,,1150421,土地0建物0車位0,全,4,透天厝,住家用,鋼筋混凝土造,0830624,13.32,59,0,59,有,無,有,4800,360,,0.0,0,開南416房,RPQNMLMLMHLGFAD77CC,分租套房,無,1150325~1150624,有,冷氣、熱水器、電視機,一般轉租
北區,租賃房屋,臺南市北區公園北路１３２號,0.0,,,,1150420,土地0建物0車位0,全,2,透天厝,住工用,加強磚造,0560101,37.61,26,0,26,有,無,有,4500,120,,0.0,0,公園北103房,RPRNMLMLMHLGFAD87CC,分租套房,無,1150301~1150709,無,冷氣、熱水器,一般轉租
中西區,租賃房屋,臺南市中西區永福路二段６３巷２９號,0.0,,,,1150421,土地0建物0車位0,全,3,透天厝,商業用,磚造,0490101,28.44,12,0,12,有,無,有,5500,193,,0.0,0,,RPSNMLMLMHLGFAD97CC,分租套房,無,1150410~1160409,無,冷氣、熱水器、冰箱,一般轉租
中西區,租賃房屋,臺南市中西區永福路二段６３巷２９號,0.0,,,,1150420,土地0建物0車位0,全,3,透天厝,商業用,磚造,0490101,22.75,12,0,12,有,無,有,4300,189,,0.0,0,,RPTNMLMLMHLGFAD08CC,分租套房,無,1150410~1150813,無,冷氣、熱水器、冰箱,一般轉租
安平區,租賃房屋,臺南市安平區健康路三段３２９號十三樓之６,0.0,,,,1150413,土地0建物1車位0,十三層,23,住宅大樓(11層含以上有電梯),集合住宅,鋼筋混凝土構造,1060124,114.92,2,1,1,有,有,有,17996,157,,0.0,0,台南市社會住宅包租代管 第5期計畫 中央版；水、電、瓦斯、網路費由承租人負擔。租金已扣除管理費2004元。未租賃車位，建物登記含有車位面積；,RPUNMLMLMHLGFAD18CC,整棟(戶)出租,有,1150420~1170409,有,冷氣、熱水器、洗衣機、電視機、冰箱、瓦斯或天然氣,社會住宅包租轉租
中西區,租賃房屋,臺南市中西區永華路一段１９６巷１８號,0.0,,,,1150420,土地0建物0車位0,全,2,透天厝,住家用,加強磚造,0610422,20.13,7,3,7,有,無,有,7000,348,,0.0,0,租金總額含水費；網路費；含增建或未登記建物；,RPVNMLMLMHLGFAD28CC,分租套房,無,1150420~1160420,無,冷氣、熱水器、洗衣機、電視機、冰箱、網路,一般代管
中西區,租賃房屋,臺南市中西區永福路二段６３巷２９號,0.0,,,,1150420,土地0建物0車位0,全,3,透天厝,商業用,磚造,0490101,28.44,12,0,12,有,無,有,5500,193,,0.0,0,,RPWNMLMLMHLGFAD38CC,分租套房,無,1150410~1150904,無,冷氣、熱水器、冰箱,一般轉租
中西區,租賃房屋,臺南市中西區永福路二段６３巷２９號,0.0,,,,1150420,土地0建物0車位0,全,3,透天厝,商業用,磚造,0490101,22.75,12,0,12,有,無,有,5300,233,,0.0,0,,RPXNMLMLMHLGFAD48CC,分租套房,無,1150410~1160409,無,冷氣、熱水器、冰箱,一般轉租
中西區,租賃房屋,臺南市中西區永福路二段６３巷２９號,0.0,,,,1150420,土地0建物0車位0,全,3,透天厝,商業用,磚造,0490101,37.17,12,0,12,有,無,有,5500,148,,0.0,0,,RPOOMLMLMHLGFAD67CC,分租套房,無,1150410~1160409,無,冷氣、熱水器、冰箱,一般轉租
中西區,租賃房屋,臺南市中西區永福路二段６３巷２９號,0.0,,,,1150421,土地0建物0車位0,全,3,透天厝,商業用,磚造,0490101,37.17,12,0,12,有,無,有,5500,148,,0.0,0,,RPPOMLMLMHLGFAD77CC,分租套房,無,1150410~1160409,無,冷氣、熱水器、冰箱,一般轉租
中西區,租賃房屋,臺南市中西區頂美一街７號四樓之１,0.0,,,,1150326,土地0建物1車位0,見其他登記事項,7,華廈(10層含以下有電梯),住家用,鋼筋混凝土造,0661202,43.809999999999995,1,1,1,有,有,有,9200,210,,0.0,0,台南市社會住宅包租代管第4期計畫公會版租金依照租金水準區間表評定,RPQOMLMLMHLGFAD87CC,獨立套房,有,1150409~1160204,有,冷氣、熱水器、洗衣機、電視機、冰箱,社會住宅代管
北區,租賃房屋,臺南市北區公園南路３５８號二十一樓之３,0.0,,,,1150420,土地0建物1車位0,二十一層,25,住宅大樓(11層含以上有電梯),住家用,鋼筋混凝土造,0840104,88.24,3,1,1,有,有,有,18275,207,,0.0,0,台南市社會住宅包租代管第4期計畫。管理費1225元由出租人負擔續租案件；,RPROMLMLMHLGFAD97CC,整棟(戶)出租,有,1150509~1160508,有,冷氣、熱水器、洗衣機、電視機、冰箱、瓦斯或天然氣,社會住宅代管
中西區,租賃房屋,臺南市中西區民族路三段１５９號,0.0,,,,1150416,土地0建物1車位0,全,3,透天厝,住家用,加強磚造,0581102,123.54,2,4,3,有,無,有,17000,138,,0.0,0,此為國家住宅及都市更新中心社會住宅包租代管第5期計畫。續租案件；,RPSOMLMLMHLGFAD08CC,整棟(戶)出租,無,1150425~1160424,無,熱水器,社會住宅代管
北區,租賃房屋,臺南市北區公園北路１３２號,0.0,,,,1150422,土地0建物0車位0,全,2,透天厝,住工用,加強磚造,0560101,11.93,26,0,26,有,無,有,4300,360,,0.0,0,公園北132-203,RPTOMLMLMHLGFAD18CC,分租套房,無,1150301~1160430,無,冷氣、熱水器,一般轉租
中西區,租賃房屋,臺南市中西區康樂街１０２號五樓之９,0.0,,,,1150420,土地0建物1車位0,五層,10,華廈(10層含以下有電梯),商業用,鋼筋混凝土造,0711015,62.07,2,1,1,有,有,有,15000,242,,0.0,0,115年05月15日~115年05月31日為免收租金期多人共同承租2；,RPUOMLMLMHLGFAD28CC,整棟(戶)出租,無,1150601~1160531,有,冷氣、熱水器、洗衣機、電視機、冰箱,
北區,租賃房屋,臺南市北區大武街３０４之２號,0.0,,,,1150422,土地0建物0車位0,全,4,透天厝,住家用,鋼筋混凝土造,0730106,11.57,23,0,21,有,無,有,4200,363,,0.0,0,大武304-401房,RPVOMLMLMHLGFAD38CC,分租套房,無,1150301~1150819,無,冷氣、熱水器、冰箱,一般轉租
北區,租賃房屋,臺南市北區開南街１３５號,0.0,,,,1150421,土地0建物0車位0,全,4,透天厝,住家用,鋼筋混凝土造,0830624,13.87,59,0,59,有,無,有,4500,324,,0.0,0,開南135-302房,RPWOMLMLMHLGFAD48CC,分租套房,無,1150325~1151126,有,冷氣、熱水器、電視機,一般轉租
北區,租賃房屋,臺南市北區開元路７３巷６６號之７,0.0,,,,1150328,土地0建物1車位0,全,3,透天厝,住家用,鋼筋混凝土造,0840328,112.17,3,2,3,有,無,有,17500,156,,0.0,0,參加國家住宅及都市更新中心辦理社會住宅包租代管第五期計畫中央版續租案件；,RPXOMLMLMHLGFAD58CC,整棟(戶)出租,無,1150405~1160404,無,冷氣、熱水器、冰箱,社會住宅代管
中西區,租賃房屋,臺南市中西區武聖路１３３號,0.0,,,,1150414,土地0建物0車位0,全,4,透天厝,店舖、住宅,鋼骨構造,1021106,33.06,9,0,9,有,無,有,7300,221,,0.0,0,租金總額含水費；網路費；其他MOD費用；,RPOPMLMLMHLGFAD77CC,分租套房,無,1150415~1160430,無,冷氣、熱水器、洗衣機、電視機、冰箱、網路,
中西區,租賃房屋,臺南市中西區開山路１２２巷５６弄７號三樓之２,0.0,,,,1150415,土地0建物1車位0,三層,5,華廈(10層含以下有電梯),住家用,鋼筋混凝土造,0820719,115.56,3,2,2,有,有,有,19000,164,,0.0,0,參加國家住宅及都市更新中心辦理社會住宅包租代管第四期計畫公會版續租案件；,RPPPMLMLMHLGFAD87CC,整棟(戶)出租,有,1150510~1160509,有,冷氣、熱水器、洗衣機、電視機、冰箱,社會住宅代管
安南區,租賃房屋,臺南市安南區郡安路六段３５３巷１０號,0.0,,,,1150406,土地0建物1車位0,全,3,透天厝,集合住宅,鋼筋混凝土造,1120117,174.9,4,2,4,有,無,無,40000,229,,0.0,0,續租案件；,RPPNMLMLMHLGFBD77CC,整棟(戶)出租,無,1150410~1170409,無,冷氣、熱水器、瓦斯或天然氣,
安南區,租賃房屋+車位,臺南市安南區博和路２２１號五樓之６,0.0,,,,1150415,土地0建物1車位1,五層,7,華廈(10層含以下有電梯),集合住宅,鋼筋混凝土造,1130229,102.78,2,1,2,有,有,有,18000,175,坡道平面,23.33,0,租金總額含管理費；續租案件；,RPQNMLMLMHLGFBD87CC,整棟(戶)出租,有,1150515~1160514,有,冷氣、熱水器、冰箱,一般代管
安南區,租賃房屋,臺南市安南區永續十八街１５號五樓,0.0,,,,1150326,土地0建物1車位0,五層,15,住宅大樓(11層含以上有電梯),集合住宅,鋼筋混凝土造,1130619,143.3,3,2,2,有,有,有,22200,155,,0.0,0,台南市社會住宅包租代管第5期計畫中央版租金依照租金水準區間表評定未租賃車位，建物登記含有車位面積；,RPRNMLMLMHLGFBD97CC,整棟(戶)出租,有,1150405~1180404,有,冷氣、熱水器、洗衣機、電視機、冰箱,社會住宅代管
安南區,租賃房屋,臺南市安南區義吉街１１８巷２０號四樓之３,0.0,,,,1150410,土地0建物1車位0,四層,5,華廈(10層含以下有電梯),集合住宅,鋼筋混凝土造,1071129,87.47,2,2,1,有,有,有,15000,171,,0.0,0,台南市社會住宅包租代管公會版增辦第4期未租賃車位，建物登記含有車位面積；,RPUNMLMLMHLGFBD28CC,整棟(戶)出租,有,1150410~1170531,有,冷氣、熱水器、洗衣機、冰箱,社會住宅包租轉租
安南區,租賃房屋,臺南市安南區樂活一街８號四樓,0.0,,,,1150420,土地0建物1車位0,四層,19,住宅大樓(11層含以上有電梯),集合住宅,鋼筋混凝土造,1100526,127.33,2,1,2,有,有,有,18500,145,,0.0,0,台南市不動產租賃公會民間住宅包租代管第四期計畫。續租案件；,RPVNMLMLMHLGFBD38CC,整棟(戶)出租,有,1150424~1160423,有,冷氣、熱水器、洗衣機、電視機、冰箱、瓦斯或天然氣,社會住宅代管
安南區,租賃房屋,臺南市安南區安和路四段３６巷１９８號,0.0,,,,1150421,土地0建物1車位0,見其他登記事項,1,公寓(5樓含以下無電梯),廠房,鋼骨造,0860920,159.85,0,0,0,無,無,無,105000,657,,0.0,0,,RPWNMLMLMHLGFBD48CC,,無,1150501~1200430,無,,
東區,租賃房屋,臺南市東區裕豐街１３３巷１５號,0.0,,,,1150415,土地0建物0車位0,全,4,透天厝,住家用,鋼筋混凝土造,0880402,16.85,15,0,15,有,無,有,5800,344,,0.0,0,,RPPNMLMLMHLGFCD87CC,分租套房,無,1150416~1151115,無,冷氣、熱水器、冰箱,一般代管
東區,租賃房屋,臺南市東區民族路一段１６號,0.0,,,,1150417,土地0建物0車位0,全,3,透天厝,住商用,加強磚造,0640201,20.94,8,1,8,有,無,有,7000,334,,0.0,0,租金總額含水費；網路費；含增建或未登記建物；,RPQNMLMLMHLGFCD97CC,分租套房,無,1150417~1160417,無,冷氣、熱水器、洗衣機、電視機、冰箱、網路,一般轉租
東區,租賃房屋,臺南市東區崇德十六街５０號,0.0,,,,1150421,土地0建物0車位0,全,2,透天厝,住家用,鋼筋混凝土造,0750819,19.98,4,1,4,有,無,有,10000,501,,0.0,0,多人共同承租2；租金總額含水費；網路費；含增建或未登記建物；續租案件；,RPRNMLMLMHLGFCD08CC,分租套房,無,1150421~1160421,無,冷氣、熱水器、洗衣機、電視機、冰箱、網路,一般代管
東區,租賃房屋,臺南市東區民族路一段１８巷１號,0.0,,,,1150421,土地0建物0車位0,全,2,透天厝,住家用,加強磚造,0630312,16.28,4,1,4,有,無,有,6500,399,,0.0,0,租金總額含水費；網路費；含增建或未登記建物；續租案件；,RPSNMLMLMHLGFCD18CC,分租套房,無,1150421~1160421,無,冷氣、熱水器、洗衣機、電視機、冰箱、網路,一般代管
東區,租賃房屋+車位,臺南市東區德東街１５１巷３７弄８號五樓之１,0.0,,,,1150417,土地0建物1車位1,五層,8,華廈(10層含以下有電梯),住家用,鋼筋混凝土造,0840320,94.91999999999999,3,2,1,有,有,有,15840,167,升降機械,0.0,0,台南市不動產租賃公會民間住宅包租代管第5期計畫之物件。管理費1160元由出租人負擔。,RPTNMLMLMHLGFCD28CC,整棟(戶)出租,有,1150422~1160421,有,冷氣、熱水器、洗衣機、電視機、冰箱、瓦斯或天然氣,社會住宅包租轉租
東區,租賃房屋,臺南市東區裕農路４３巷２９弄２號二樓,0.0,,,,1150420,土地0建物1車位0,二層,7,華廈(10層含以下有電梯),住家用,鋼筋混凝土造,0800621,156.63,4,1,2,有,有,無,15000,96,,0.0,0,台南市社會住宅包租代管第4期計畫。續租案件；,RPUNMLMLMHLGFCD38CC,整棟(戶)出租,有,1150425~1160424,有,熱水器、瓦斯或天然氣,社會住宅包租轉租
東區,租賃房屋,臺南市東區中華東路二段１６７號四樓之２２,0.0,,,,1150420,土地0建物1車位0,四層,14,住宅大樓(11層含以上有電梯),住家用,鋼筋混凝土造,0970229,41.56,1,0,1,有,有,有,7900,190,,0.0,0,台南市社會住宅包租代管第4期計畫。管理費600元由出租人負擔續租案件；,RPVNMLMLMHLGFCD48CC,獨立套房,有,1150425~1160424,有,冷氣、熱水器、洗衣機、電視機、冰箱,社會住宅包租轉租
東區,租賃房屋,臺南市東區林森路二段１９２巷１７號之６,0.0,,,,1150410,土地0建物1車位0,七層,12,住宅大樓(11層含以上有電梯),住家用,鋼筋混凝土造,0730118,98.78,3,2,2,有,無,無,15000,152,,0.0,0,租金總額含管理費；,RPWNMLMLMHLGFCD58CC,整棟(戶)出租,無,1150420~1160419,有,冷氣、熱水器、洗衣機、冰箱、瓦斯或天然氣,
東區,租賃房屋,臺南市東區崇賢一路３２號４樓之７,0.0,,,,1150419,土地0建物1車位0,四層,15,住宅大樓(11層含以上有電梯),集合住宅,鋼筋混凝土造,1140124,109.17,3,2,2,有,有,有,23000,211,,0.0,0,租金總額含管理費；未租賃車位，建物登記含有車位面積；,RPXNMLMLMHLGFCD68CC,整棟(戶)出租,有,1150601~1160531,有,洗衣機、冰箱,
東區,租賃房屋+車位,臺南市東區仁和路１３０號３樓之３,0.0,,,,1150415,土地0建物1車位1,三層,8,華廈(10層含以下有電梯),集合住宅,鋼筋混凝土造,1140515,135.3,3,2,2,有,有,有,33000,258,一樓平面,22.9,4000,參加國家住宅及都市更新中心辦理社會住宅包租代管第五期計畫中央版,RPPOMLMLMHLGFCD97CC,整棟(戶)出租,有,1150415~1160414,有,冷氣、熱水器、洗衣機、電視機、冰箱、瓦斯或天然氣,社會住宅代管
南區,租賃房屋,臺南市南區中華南路二段２９０號５樓,0.0,,,,1150402,土地0建物1車位0,五層,5,公寓(5樓含以下無電梯),住家用,鋼筋混凝土造,0701126,125.34,3,2,2,有,無,有,10000,80,,0.0,0,參加國家住宅及都市更新中心辦理社會住宅包租代管第五期計畫中央版,RPQOMLMLMHLGFCD08CC,整棟(戶)出租,無,1150402~1160401,無,冷氣、熱水器、洗衣機、電視機、冰箱,社會住宅代管
南區,租賃房屋,臺南市南區中華南路二段５３巷２號四樓之２,0.0,,,,1150421,土地0建物1車位0,四層,4,公寓(5樓含以下無電梯),集合住宅,鋼筋混凝土造,0810904,125.08,3,2,2,有,無,有,15000,120,,0.0,0,參加國家住宅及都市更新中心辦理社會住宅包租代管增辦第四期計畫公會版,RPROMLMLMHLGFCD18CC,整棟(戶)出租,無,1150422~1160421,無,冷氣、熱水器、冰箱、瓦斯或天然氣,社會住宅代管
東區,租賃房屋,臺南市東區大同路二段４４９巷２弄２０號三樓,0.0,,,,1150418,土地0建物1車位0,三層,4,公寓(5樓含以下無電梯),住家用,鋼筋混凝土造,0701121,118.28,3,2,2,有,無,有,13000,110,,0.0,0,參加國家住宅及都市中心辦理社會住宅包租代管第五期計劃中央版續租案件；,RPSOMLMLMHLGFCD28CC,整棟(戶)出租,無,1150418~1160417,無,冷氣、熱水器、洗衣機、電視機、冰箱,社會住宅代管
新營區,租賃房屋+車位,臺南市新營區金華路一段２６８號１２樓,0.0,,,,1150421,土地0建物1車位1,十二層,14,住宅大樓(11層含以上有電梯),集合住宅,鋼筋混凝土造,1100209,145.02,2,2,2,有,有,有,25000,172,坡道平面,29.14,0,租金總額含管理費；,RPPNMLMLMHLGFDD97CC,整棟(戶)出租,有,1150515~1160514,有,冷氣、熱水器、洗衣機、電視機、冰箱,
東山區,租賃房屋,臺南市東山區聖賢里頂窩１０之１號,0.0,,,,1150410,土地0建物1車位0,全,2,透天厝,住家用,加強磚造,0701109,185.11,7,2,2,有,無,有,10000,54,,0.0,0,社會住宅包租代管增辦第4期計畫公會版,RPPNMLMLMHLGFED08CC,整棟(戶)出租,無,1150410~1160409,無,冷氣、熱水器、洗衣機、電視機、冰箱,社會住宅代管
麻豆區,租賃房屋,臺南市麻豆區中正路２１９號,0.0,,,,1150410,土地0建物1車位0,見其他登記事項,4,店面(店鋪),店舖、住宅,鋼筋混凝土構造,1070328,431.47,4,5,4,有,無,無,80000,185,,0.0,0,電梯維修費一年24000元，由承租方負擔。租金總額含稅；,RPPNMLMLMHLGFFD18CC,,無,1150510~1180509,有,,
學甲區,租賃房屋,臺南市學甲區美豐１２１號之３,0.0,,,,1150413,土地0建物1車位0,全,1,透天厝,住家用,鋼筋混凝土加強磚造,0680605,120.14,4,2,1,有,無,無,17000,142,,0.0,0,多人共同承租2；含增建或未登記建物；,RPPNMLMLMHLGFGD28CC,整棟(戶)出租,無,1150425~1160424,無,冷氣、熱水器、洗衣機,
佳里區,租賃房屋+車位,臺南市佳里區南勢街２０６巷２６號二樓之３,0.0,,,,1150416,土地0建物1車位1,二層,5,華廈(10層含以下有電梯),集合住宅,鋼筋混凝土造,1130202,134.47,3,2,2,有,有,有,24000,178,一樓平面,14.88,0,多人共同承租2；,RPQNMLMLMHLGFGD38CC,整棟(戶)出租,有,1150416~1160415,有,冷氣、熱水器、洗衣機、電視機、冰箱、網路,
學甲區,租賃房屋,臺南市學甲區重信路１號二樓之三,0.0,,,,1150416,土地0建物1車位0,二層,12,住宅大樓(11層含以上有電梯),住家用,鋼筋混凝土造,0840622,36.14,1,0,1,有,有,有,6000,166,,0.0,0,參加國家住宅及都市中心辦理社會住宅包租代管第五期計劃中央版續租案件；,RPRNMLMLMHLGFGD48CC,獨立套房,有,1150416~1160415,有,冷氣、熱水器、電視機、冰箱、有線電視、網路,社會住宅代管
善化區,租賃房屋,臺南市善化區東勢寮３０之５號,0.0,,,,1150416,土地0建物1車位0,全,3,透天厝,住宅,鋼筋混凝土造,1120726,128.49,4,2,3,有,無,有,18000,140,,0.0,0,台南市政府包租代管第4期計畫之物件。,RPPNMLMLMHLGFHD38CC,整棟(戶)出租,無,1150417~1160610,無,冷氣、熱水器、洗衣機、冰箱、瓦斯或天然氣,社會住宅包租轉租
安定區,租賃房屋,臺南市安定區海寮２７之１號二樓之１,0.0,,,,1150401,土地0建物1車位0,二層,5,華廈(10層含以下有電梯),集合住宅,鋼筋混凝土造,1120807,108.84,3,2,2,有,有,有,15000,138,,0.0,0,國家住宅及都市更新中心社會住宅包租代管中央版第五期計畫,RPQNMLMLMHLGFHD48CC,整棟(戶)出租,有,1150405~1180404,有,冷氣、熱水器、洗衣機、冰箱,社會住宅包租轉租
新市區,租賃房屋,臺南市新市區富安路６５號八樓之６,0.0,,,,1150407,土地0建物1車位0,八層,14,住宅大樓(11層含以上有電梯),集合住宅,鋼筋混凝土造,1131125,145.01,3,2,2,有,有,有,15000,103,,0.0,0,國家住宅及都市更新中心社會住宅包租代管中央版第五期計畫未租賃車位，建物登記含有車位面積；,RPRNMLMLMHLGFHD58CC,整棟(戶)出租,有,1150410~1180409,有,冷氣、熱水器、洗衣機、電視機、冰箱,社會住宅包租轉租
安定區,租賃房屋,臺南市安定區港口３８５號,0.0,,,,1150421,土地0建物1車位0,全,3,透天厝,住家用,鋼筋混凝土造,0830427,186.57,7,2,3,有,無,有,25000,134,,0.0,0,,RPSNMLMLMHLGFHD68CC,整棟(戶)出租,無,1150501~1160430,無,冷氣、熱水器、洗衣機、瓦斯或天然氣,
善化區,租賃房屋+車位,臺南市善化區東勢寮５１之５號二樓之８,0.0,,,,1150421,土地0建物1車位1,二層,5,華廈(10層含以下有電梯),集合住宅,鋼筋混凝土造,1140123,124.27000000000001,3,1,2,有,有,無,18000,145,一樓平面,19.52,0,多人共同承租2；,RPTNMLMLMHLGFHD78CC,整棟(戶)出租,無,1150422~1180421,有,冷氣,
善化區,租賃房屋,臺南市善化區成功路５３巷１３號,0.0,,,,1150331,土地0建物1車位0,全,2,透天厝,住商用,加強磚造,0740607,107.66,4,3,2,有,無,有,25000,232,,0.0,0,,RPVNMLMLMHLGFHD98CC,整棟(戶)出租,無,1150401~1160331,無,冷氣、熱水器,一般代管
善化區,租賃房屋,臺南市善化區中華路１７號,0.0,,,,1150419,土地0建物0車位0,全,4,透天厝,店舖，住宅，梯廳，車庫，梯間，機械室,鋼筋混凝土造,0941220,16.53,30,0,30,有,無,有,8000,484,,0.0,0,其他清潔費；,RPXNMLMLMHLGFHD56CC,分租套房,無,1150419~1160418,有,冷氣、熱水器、洗衣機、電視機、冰箱、網路,一般轉租
新市區,租賃房屋,臺南市新市區崙頂２９之１１號,0.0,,,,1150326,土地0建物1車位0,全,4,透天厝,停車住宅,鋼筋混凝土造,0850314,174.18,4,2,3,有,無,有,22000,126,,0.0,0,台南市社會住宅包租代管第4期計畫公會版租金依照租金水準區間表評定,RPOOMLMLMHLGFHD38CC,整棟(戶)出租,無,1150401~1160329,無,冷氣、熱水器、洗衣機、電視機、冰箱,社會住宅代管
善化區,租賃房屋+車位,臺南市善化區興農路３８５號一樓之１,0.0,,,,1150418,土地0建物1車位1,一層,7,華廈(10層含以下有電梯),集合住宅,鋼筋混凝土造,1070628,95.82,2,2,2,有,有,有,19000,198,一樓平面,19.42,0,多人共同承租2；租金總額含管理費；,RPPOMLMLMHLGFHD48CC,整棟(戶)出租,有,1150501~1160430,有,冷氣、熱水器、洗衣機、冰箱,
新市區,租賃房屋+車位,臺南市新市區大順六路２１９號七樓之５,0.0,,,,1150416,土地0建物1車位1,七層,7,華廈(10層含以下有電梯),集合住宅,鋼筋混凝土造,1140909,86.69,2,1,2,有,有,有,16200,187,其他,7.62,0,台南市不動產租賃公會民間住宅包租代管第5期計畫之物件。管理費2300元由出租人負擔。,RPQOMLMLMHLGFHD58CC,整棟(戶)出租,有,1150420~1160419,有,冷氣、熱水器、洗衣機、電視機、冰箱,社會住宅包租轉租
善化區,租賃房屋,臺南市善化區裕德路６０巷８號,0.0,,,,1150413,土地0建物1車位0,全,4,透天厝,住家用,鋼筋混凝土造,0980107,192.58,5,2,3,有,無,有,40000,208,,0.0,0,,RPROMLMLMHLGFHD68CC,整棟(戶)出租,無,1150415~1170414,無,冷氣、熱水器、洗衣機、電視機、冰箱、瓦斯或天然氣,
新市區,租賃房屋,臺南市新市區富林路５９１號１１樓之１,0.0,,,,1150409,土地0建物1車位0,十一層,14,住宅大樓(11層含以上有電梯),集合住宅,鋼筋混凝土造,1120823,134.8,3,2,2,有,有,有,18000,134,,0.0,0,租金總額含管理費；,RPSOMLMLMHLGFHD78CC,整棟(戶)出租,有,1150413~1160412,有,冷氣、熱水器、洗衣機、電視機、冰箱,
新市區,租賃房屋,臺南市新市區豐榮１８８之３號,0.0,,,,1150416,土地0建物1車位0,見其他登記事項,1,工廠,工廠,鋼骨構造有牆,1090908,160.43,0,0,0,無,無,無,45000,,,0.0,0,含增建或未登記建物；,RPTOMLMLMHLGFHD88CC,,無,1150501~1200430,無,,
新市區,租賃房屋,臺南市新市區豐榮１７７之２８號,0.0,,,,1150416,土地0建物1車位0,見其他登記事項,1,工廠,工廠,鋼骨構造有牆,1090115,162.15,0,0,0,無,無,無,42000,,,0.0,0,租金總額含稅；含增建或未登記建物；,RPUOMLMLMHLGFHD98CC,,無,1150510~1180509,無,,
歸仁區,租賃房屋+車位,臺南市歸仁區智慧三街１號３樓之３,0.0,,,,1150410,土地0建物1車位1,三層,13,住宅大樓(11層含以上有電梯),集合住宅,鋼筋混凝土造,1140918,110.14,2,2,2,有,有,有,20000,182,坡道平面,24.51,0,多人共同承租2；,RPPNMLMLMHLGFID48CC,整棟(戶)出租,有,1150413~1160412,有,冷氣、熱水器、洗衣機、冰箱、瓦斯或天然氣,
仁德區,租賃房屋,臺南市仁德區崇聖路一段１２號９樓之７,0.0,,,,1150413,土地0建物1車位0,九層,14,住宅大樓(11層含以上有電梯),集合住宅,鋼筋混凝土造,1131015,116.09,2,2,1,有,有,有,20000,172,,0.0,0,有車位，但不出租 車位包含在公設內多人共同承租2；租金總額含管理費；其他機車位清潔費；未租賃車位，建物登記含有車位面積；,RPQNMLMLMHLGFID58CC,整棟(戶)出租,有,1150501~1160430,有,冷氣、熱水器、電視機、冰箱、瓦斯或天然氣,
歸仁區,租賃房屋,臺南市歸仁區七甲二街５８巷７６號二樓之３,0.0,,,,1150420,土地0建物1車位0,二層,6,華廈(10層含以下有電梯),集合住宅,鋼筋混凝土造,1120815,110.84,3,1,2,有,有,有,17000,153,,0.0,0,台南市社會住宅包租代管第4期計畫。續租案件；,RPRNMLMLMHLGFID68CC,整棟(戶)出租,有,1150509~1160411,有,冷氣、熱水器、洗衣機、冰箱,社會住宅包租轉租
歸仁區,租賃房屋+車位,臺南市歸仁區光明街３３５號７樓之２,0.0,,,,1150415,土地0建物1車位1,七層,12,住宅大樓(11層含以上有電梯),集合住宅,鋼筋混凝土造,1141013,151.59,3,2,2,有,有,無,20000,154,坡道平面,31.16,1500,參加國家住宅及都市更新中心辦理社會住宅包租代管第五期計畫中央版多人共同承租2；,RPTNMLMLMHLGFID88CC,整棟(戶)出租,有,1150415~1160414,有,冷氣、熱水器、洗衣機、瓦斯或天然氣,社會住宅代管
歸仁區,租賃房屋,臺南市歸仁區中正北路一段２３１巷９５號,0.0,,,,1150403,土地0建物1車位0,見其他登記事項,1,其他,農業設施,鋼骨構造有牆,1100217,275.0,0,0,0,無,無,無,30000,109,,0.0,0,,RPUNMLMLMHLGFID98CC,,無,1150701~1170630,無,,
玉井區,租賃房屋,臺南市玉井區公館６４號,0.0,,,,1150417,土地0建物1車位0,全,1,透天厝,商業用,磚及鐵骨造,,187.24,2,2,2,有,無,有,8000,43,,0.0,0,台南市社會住宅包租代管公會版增辦第4期續租案件；,RPQNMLMLMHLGFJD68CC,整棟(戶)出租,無,1150420~1170419,無,熱水器,社會住宅包租轉租
永康區,租賃房屋,臺南市永康區東橋五路２００號十二樓之６,0.0,,,,1150407,土地0建物1車位0,十二層,15,住宅大樓(11層含以上有電梯),集合住宅,鋼筋混凝土構造,1120818,82.2,2,1,1,有,有,有,15000,182,,0.0,0,國家住宅及都市更新中心社會住宅包租代管中央版第五期計畫多人共同承租2；,RPQNMLMLMHLGFKD78CC,整棟(戶)出租,有,1150410~1160409,有,冷氣、熱水器、瓦斯或天然氣,社會住宅代管
永康區,租賃房屋+車位,臺南市永康區永中街１００巷５１號四樓之２,0.0,,,,1150330,土地0建物1車位1,四層,5,華廈(10層含以下有電梯),集合住宅,鋼筋混凝土構造,1101208,87.7,2,1,2,有,有,有,20000,222,一樓平面,9.0,2500,參加國家住宅及都市中心辦理社會住宅包租代管第五期計劃中央版,RPRNMLMLMHLGFKD88CC,整棟(戶)出租,有,1150401~1160331,有,冷氣、熱水器、洗衣機、冰箱,社會住宅代管
永康區,租賃房屋,臺南市永康區中華二路３４０巷１０號十五樓之５,0.0,,,,1150416,土地0建物1車位0,十五層,17,住宅大樓(11層含以上有電梯),住家用,鋼筋混凝土造,0811016,151.97,3,2,2,有,有,有,19000,125,,0.0,0,台南市社會住宅包租代管公會版增辦第4期租金總額含管理費；續租案件；,RPSNMLMLMHLGFKD98CC,整棟(戶)出租,有,1150423~1160422,有,冷氣、熱水器、洗衣機、電視機、冰箱,社會住宅代管
永康區,租賃房屋,臺南市永康區中山南路２６２巷６號九樓之２,0.0,,,,1150413,土地0建物1車位0,九層,15,住宅大樓(11層含以上有電梯),住家用,鋼筋混凝土造,0841204,32.68,1,0,1,有,有,有,9000,275,,0.0,0,台南市社會住宅包租代管公會版增辦第4期租金總額含管理費；,RPTNMLMLMHLGFKD09CC,獨立套房,有,1150416~1160415,有,冷氣、熱水器、洗衣機、電視機、冰箱、瓦斯或天然氣,社會住宅代管
永康區,租賃房屋,臺南市永康區六合里新興街８之３號六樓之６,0.0,,,,1150420,土地0建物1車位0,六層,11,住宅大樓(11層含以上有電梯),住家用,鋼筋混凝土造,0880519,45.52,2,1,2,有,有,有,10000,220,,0.0,0,台南市社會住宅包租代管第4期計畫。續租案件；,RPVNMLMLMHLGFKD66CC,整棟(戶)出租,有,1150425~1160424,有,冷氣、熱水器、洗衣機、電視機、冰箱、瓦斯或天然氣,社會住宅包租轉租
永康區,租賃房屋+車位,臺南市永康區仁愛街５３巷２１號２樓之７,0.0,,,,1150415,土地0建物1車位1,二層,15,住宅大樓(11層含以上有電梯),集合住宅,鋼筋混凝土造,1140409,138.18,3,2,2,有,有,有,26000,235,坡道平面,31.94,1000,參加國家住宅及都市更新中心辦理社會住宅包租代管第五期計畫中央版租金總額含管理費；,RPWNMLMLMHLGFKD76CC,整棟(戶)出租,有,1150415~1160414,有,冷氣、熱水器、洗衣機、電視機、冰箱、瓦斯或天然氣,社會住宅代管
永康區,租賃房屋,臺南市永康區新民街６６巷３號九樓之８,0.0,,,,1150416,土地0建物1車位0,九層,9,華廈(10層含以下有電梯),住家用,鋼筋混凝土造,0821230,46.41,1,0,1,有,有,有,7300,157,,0.0,0,此為國家住宅及都市更新中心社會住宅包租代管第5期計畫。續租案件；,RPXNMLMLMHLGFKD86CC,獨立套房,有,1150511~1160510,有,冷氣、熱水器、洗衣機、冰箱,社會住宅包租轉租
永康區,租賃房屋,臺南市永康區中正路５６３號三樓,0.0,,,,1150416,土地0建物0車位0,全,4,透天厝,住家用,鋼筋混凝土構造,1020611,13.68,18,0,18,有,無,有,4800,351,,0.0,0,租賃建物部分範圍，且未計入共有部分面積；,RPOOMLMLMHLGFKD68CC,分租套房,無,1150416~1160430,無,冷氣、熱水器、洗衣機、冰箱、網路,一般代管
永康區,租賃房屋,臺南市永康區?行里新民街８１號,0.0,,,,1150420,土地0建物0車位0,全,4,透天厝,住商用,鋼筋混凝土造,0941011,21.56,8,0,8,有,無,有,5750,267,,0.0,0,租賃建物部分範圍，且未計入共有部分面積；續租案件；,RPPOMLMLMHLGFKD78CC,分租套房,無,1150501~1160430,無,冷氣、熱水器、洗衣機、電視機、冰箱、有線電視,一般代管
永康區,租賃房屋+車位,臺南市永康區忠孝一路１１５號,0.0,,,,1150414,土地0建物1車位1,見其他登記事項,4,店面(店鋪),店舖，住宅,鋼筋混凝土造,1120920,266.99,5,3,4,有,無,無,39850,149,坡道平面,40.68,0,其他2150管理費房東付；,RPSOMLMLMHLGFKD09CC,,無,1150414~1180413,無,瓦斯或天然氣,
永康區,租賃房屋+車位,臺南市永康區中華二路２６６巷７號６樓之２,0.0,,,,1150410,土地0建物1車位1,六層,16,住宅大樓(11層含以上有電梯),住家用,鋼筋混凝土造,0850522,185.04,3,2,2,有,有,有,20000,108,坡道機械,0.0,1000,參加國家住宅及都市更新中心辦理社會住宅包租代管第五期計畫中央版續租案件；,RPUOMLMLMHLGFKD66CC,整棟(戶)出租,有,1150410~1160409,有,冷氣、熱水器、洗衣機、電視機、冰箱、瓦斯或天然氣,社會住宅代管
永康區,租賃房屋,臺南市永康區中山東路１５６號四樓之７,0.0,,,,1150420,土地0建物1車位0,四層,11,住宅大樓(11層含以上有電梯),住家用,鋼筋混凝土造,0900110,49.27,2,1,2,有,有,有,14600,296,,0.0,0,參加國家住宅及都市更新中心辦理社會住宅包租代管第五期計畫中央版,RPOPMLMLMHLGFKD78CC,整棟(戶)出租,有,1150422~1160421,有,冷氣、熱水器、洗衣機、冰箱、瓦斯或天然氣,社會住宅代管
永康區,租賃房屋,臺南市永康區大同街３０５號,0.0,,,,1150330,土地0建物1車位0,見其他登記事項,1,店面(店鋪),店舖，騎樓,鋼骨造,1140528,85.12,0,0,0,無,無,無,50000,587,,0.0,0,含增建或未登記建物；租賃期間有約定不同租金雙方合意，租賃期間租金調整幅度如下：1118年4月10日起，調整月租金為伍萬貳仟伍佰元整未稅。2121年4月10日起，調整月租金為伍萬伍仟元整未稅。；,RPPPMLMLMHLGFKD88CC,,無,1150410~1250409,無,,
永康區,租賃房屋,臺南市永康區甲頂里中正南路２２０巷３０弄１５號,0.0,,,,1150409,土地0建物1車位0,見其他登記事項,2,工廠,廠房、辦公室。,鋼筋混凝土造,0721107,254.5,0,0,0,無,無,無,42000,,,0.0,0,,RPQPMLMLMHLGFKD98CC,,無,1150516~1200515,無,,
永康區,租賃房屋+車位,臺南市永康區龍安街２５１號一樓之２,0.0,,,,1150415,土地0建物1車位1,一層,8,華廈(10層含以下有電梯),住家用,鋼筋混凝土造,0850109,95.37,3,2,2,有,有,有,18000,189,坡道平面,0.0,1000,參加國家住宅及都市更新中心辦理社會住宅包租代管增辦第四期計畫公會版續租案件；,RPRPMLMLMHLGFKD09CC,整棟(戶)出租,有,1150505~1160504,有,冷氣、熱水器、洗衣機、冰箱,社會住宅代管
永康區,租賃房屋,臺南市永康區中正二街２８５巷３２號,0.0,,,,1150411,土地0建物1車位0,見其他登記事項,1,工廠,工場（廠）,鋼骨造,1130426,185.85,0,0,0,無,無,無,65000,,,0.0,0,含增建或未登記建物；,RPSPMLMLMHLGFKD56CC,,無,1150513~1170512,無,,
中西區,租賃房屋+車位,臺南市中西區中華西路二段８３９號,0.0,,,,1150401,土地0建物1車位1,見其他登記事項,22,店面(店鋪),店舖、飲食業,鋼筋混凝土構造,1120323,344.67999999999995,0,2,1,有,有,無,155000,450,坡道平面,27.08,0,租賃期間有約定不同租金第一年每月租金為新台幣: 155000第二年每月租金為新台幣:160000第三年至第五年 每月租金為新台幣:170000；,RPSNMLMLMHLGFAD08DC,,有,1150401~1200131,有,,
安南區,租賃房屋,臺南市安南區北安路四段１１２號,0.0,,,,1150401,土地0建物1車位0,見其他登記事項,1,店面(店鋪),店鋪,鋼骨構造,1090721,127.77,0,0,0,無,無,無,50000,391,,0.0,0,租賃期間有約定不同租金民國115/4/1~115/4/30為裝潢期免租金；第一年~第三年115/5/1~118/4/30每月租金50000元，第四年~第六年118/5/1~121/4/30每月租金52500元。；,RPPNMLMLMHLGFBD87DC,,無,1150501~1210430,無,,
學甲區,租賃房屋,臺南市學甲區南興街６５號,496.59,工,,,1150325,土地1建物1車位0,見其他登記事項,1,工廠,Ｃ２工場（廠）,鋼骨造,1131203,291.24,0,0,0,無,無,無,60000,,,0.0,0,租金總額含稅；,RPSNMLMLMHLGFGD68DC,,無,1150325~1180331,無,,
學甲區,租賃房屋,臺南市學甲區南興街６３號,1652.94,工,,,1150325,土地1建物1車位0,見其他登記事項,1,工廠,Ｃ２工場（廠）,鋼骨造,1131203,481.77,0,0,0,無,無,無,60000,,,0.0,0,租金總額含稅；,RPTNMLMLMHLGFGD78DC,,無,1150325~1180331,無,,
永康區,租賃房屋,臺南市永康區中正北路３１號,0.0,,,,1150420,土地0建物0車位0,二層,14,住宅大樓(11層含以上有電梯),住商用,鋼筋混凝土造,0830922,30.71,5,1,6,有,有,有,4500,147,,0.0,0,,RPPNMLMLMHLGFKD78DC,分租套房,有,1150501~1160430,有,冷氣、熱水器、電視機、冰箱,
安平區,租賃房屋+車位,臺南市安平區育平九街１９２巷７１號９樓之１１,0.0,,,,1150421,土地0建物1車位1,九層,11,住宅大樓(11層含以上有電梯),住家用,鋼筋混凝土造,0830512,119.13,3,2,2,有,有,無,16500,139,坡道平面,0.0,0,,RPPNMLNLMHLGFAD77CC,整棟(戶)出租,有,1150421~1160430,有,冷氣、熱水器、洗衣機、瓦斯或天然氣,
安平區,租賃房屋,臺南市安平區健康三街５９２巷５５號十二樓之６,0.0,,,,1150410,土地0建物1車位0,十二層,24,住宅大樓(11層含以上有電梯),住家用,鋼筋混凝土造,0861022,118.92999999999999,3,2,2,有,有,有,19000,160,,0.0,0,參加公會版住宅包租代管四之一期計畫租金總額含管理費；續租案件；,RPQNMLNLMHLGFAD87CC,整棟(戶)出租,有,1150410~1160409,有,冷氣、熱水器、洗衣機,社會住宅代管
北區,租賃房屋,臺南市北區公園南路３５３號九樓之２,0.0,,,,1150410,土地0建物1車位0,九層,14,住宅大樓(11層含以上有電梯),集合住宅,鋼筋混凝土構造,0960824,120.10000000000001,3,2,2,有,有,有,23000,192,,0.0,0,參加公會版住宅包租代管四之一期計畫租金總額含管理費；未租賃車位，建物登記含有車位面積；續租案件；,RPRNMLNLMHLGFAD97CC,整棟(戶)出租,有,1150410~1160409,有,冷氣、熱水器、洗衣機、冰箱,社會住宅代管
中西區,租賃房屋,臺南市中西區民族路二段１０７號十二樓之２,0.0,,,,1150418,土地0建物1車位0,十二層,13,住宅大樓(11層含以上有電梯),住家用,鋼筋混凝土造,0831019,144.07999999999998,3,2,2,有,有,有,23000,160,,0.0,0,租金總額含管理費；續租案件；,RPSNMLNLMHLGFAD08CC,整棟(戶)出租,有,1150506~1160505,有,冷氣、熱水器、洗衣機、電視機、冰箱、瓦斯或天然氣,一般代管
北區,租賃房屋,臺南市北區公園南路３５３號５樓之１,0.0,,,,1150327,土地0建物1車位0,五層,14,住宅大樓(11層含以上有電梯),集合住宅,鋼筋混凝土構造,0960824,108.62,3,2,2,有,有,有,22000,203,,0.0,0,參加臺南市社會住宅包租代管第4期計畫續租案件；,RPTNMLNLMHLGFAD18CC,整棟(戶)出租,有,1150401~1160331,有,冷氣、熱水器、洗衣機、電視機、冰箱,社會住宅代管
安平區,租賃房屋,臺南市安平區健康三街１２巷１號１４樓之２５,0.0,,,,1150327,土地0建物1車位0,十四層,14,住宅大樓(11層含以上有電梯),集合住宅,鋼筋混凝土造,0890822,141.78,3,2,2,有,有,有,18000,127,,0.0,0,參加臺南市社會住宅包租代管第4期計畫租金總額含管理費；未租賃車位，建物登記含有車位面積；續租案件；,RPUNMLNLMHLGFAD28CC,整棟(戶)出租,有,1150401~1160331,有,冷氣、熱水器、洗衣機、電視機、冰箱、瓦斯或天然氣,社會住宅代管
北區,租賃房屋+車位,臺南市北區文成二路１５７號十二樓之２,0.0,,,,1150422,土地0建物1車位1,十二層,14,住宅大樓(11層含以上有電梯),集合住宅,鋼筋混凝土構造,1001027,206.03,3,2,2,有,有,有,35000,170,坡道平面,31.86,0,民國115年04月28日~115年05月09日共12日不收取租金，出租人願無償提供予承租方搬遷使用，搬遷期間產生之水費、電、天然瓦斯及管理費用將由承租方負擔租金總額含管理費；其他車位清潔費；,RPVNMLNLMHLGFAD38CC,整棟(戶)出租,有,1150510~1170509,有,冷氣、熱水器、冰箱、瓦斯或天然氣,
北區,租賃房屋,臺南市北區開元路５１９號九樓之３,0.0,,,,1150421,土地0建物1車位0,九層,24,住宅大樓(11層含以上有電梯),集合住宅,鋼筋混凝土構造,1041105,86.45,2,1,1,有,有,有,16200,187,,0.0,0,台南市政府包租代管第4期計畫之物件。管理費每月1300元由出租人負擔。,RPWNMLNLMHLGFAD48CC,整棟(戶)出租,有,1150422~1160421,有,冷氣、熱水器、洗衣機、電視機、冰箱、瓦斯或天然氣,社會住宅包租轉租
中西區,租賃房屋,臺南市中西區忠明街３３號二樓之５,0.0,,,,1150327,土地0建物1車位0,二層,7,華廈(10層含以下有電梯),商業用,鋼筋混凝土造,0800906,28.7,1,1,1,有,有,有,7000,244,,0.0,0,台南市社會住宅包租代管第5期計畫中央版租金依照租金水準區間表評定,RPXNMLNLMHLGFAD58CC,獨立套房,無,1150401~1160331,有,冷氣、熱水器、洗衣機、電視機、冰箱,社會住宅代管
安平區,租賃房屋,臺南市安平區國平路５８７號二樓之３,0.0,,,,1150417,土地0建物1車位0,二層,14,住宅大樓(11層含以上有電梯),集合住宅,ＲＣ造,0950406,141.75,4,2,2,有,有,有,25000,176,,0.0,0,租金總額含管理費；,RPOOMLNLMHLGFAD77CC,整棟(戶)出租,有,1150425~1160424,有,冷氣、熱水器、洗衣機、電視機、冰箱、瓦斯或天然氣,社會住宅代管
北區,租賃房屋,臺南市北區大武街６４１號,0.0,,,,1150415,土地0建物1車位0,全,2,透天厝,住商用,鋼筋混凝土造,0741210,143.6,4,2,4,有,無,有,14000,97,,0.0,0,國家住宅及都市更新中心社會住宅包租代管中央版第五期計畫,RPPOMLNLMHLGFAD87CC,整棟(戶)出租,無,1150415~1160414,無,冷氣、熱水器、洗衣機、冰箱,社會住宅代管
中西區,租賃房屋,臺南市中西區健康路一段１７０巷１弄６號之２,0.0,,,,1150410,土地0建物1車位0,三層,4,公寓(5樓含以下無電梯),住家用,鋼筋混凝土造,0691003,99.16,3,2,2,有,無,有,15000,151,,0.0,0,參加公會版住宅包租代管五期計畫,RPQOMLNLMHLGFAD97CC,整棟(戶)出租,無,1150410~1160409,無,冷氣、熱水器、洗衣機、電視機、冰箱,社會住宅代管
中西區,租賃房屋,臺南市中西區康樂街１５６號八樓之２,0.0,,,,1150421,土地0建物1車位0,八層,12,住宅大樓(11層含以上有電梯),住家用,鋼筋混凝土造,0781002,73.64,1,1,1,有,有,有,13800,187,,0.0,0,台南市不動產租賃公會民間住宅包租代管第5期計畫之物件。,RPROMLNLMHLGFAD08CC,獨立套房,有,1150423~1160422,有,冷氣、熱水器、洗衣機、冰箱、瓦斯或天然氣,社會住宅代管
中西區,租賃房屋,臺南市中西區西門路一段４６６號七樓之２,0.0,,,,1150421,土地0建物1車位0,七層,7,華廈(10層含以下有電梯),住家用,鋼筋混凝土造,0700605,68.1,2,1,1,有,有,有,16000,235,,0.0,0,台南市不動產租賃公會民間住宅包租代管第5期計畫之物件。,RPSOMLNLMHLGFAD18CC,整棟(戶)出租,有,1150425~1160424,有,冷氣、熱水器、洗衣機、電視機、冰箱、瓦斯或天然氣,社會住宅包租轉租
北區,租賃房屋,臺南市北區北園路８７巷１７１弄１號,0.0,,,,1150416,土地0建物0車位0,全,2,透天厝,住家用,加強磚造,0650629,16.05,5,0,5,有,無,有,13000,810,,0.0,0,,RPTOMLNLMHLGFAD28CC,分租套房,無,1150420~1160419,無,冷氣、熱水器、洗衣機、電視機、冰箱,
安平區,租賃房屋,臺南市安平區國平北路１３７號十九樓之３,0.0,,,,1150421,土地0建物1車位0,十九層,34,住宅大樓(11層含以上有電梯),集合住宅,鋼骨鋼筋混凝土造、鋼筋混凝土造,1140415,77.74,1,1,1,有,有,有,15824,204,,0.0,0,台南市不動產租賃公會民間住宅包租代管第5期計畫之物件。管理費每月1176元由出租人負擔。多人共同承租2；,RPUOMLNLMHLGFAD38CC,獨立套房,有,1150424~1160423,有,冷氣、熱水器、洗衣機、電視機、冰箱,社會住宅包租轉租
中西區,租賃房屋,臺南市中西區海安路二段２７０巷１８號二樓之１,0.0,,,,1150420,土地0建物1車位0,二層,5,公寓(5樓含以下無電梯),住家用,鋼筋混凝土造,0730523,91.8,3,2,1,有,無,無,12000,131,,0.0,0,續租案件；,RPWOMLNLMHLGFAD58CC,整棟(戶)出租,無,1150601~1170531,無,,一般代管
北區,租賃房屋+車位,臺南市北區北園街３８號十樓之１,0.0,,,,1150401,土地0建物1車位1,十層,14,住宅大樓(11層含以上有電梯),集合住宅,鋼筋混凝土造,0870420,78.78,2,2,1,有,有,有,13000,165,坡道機械,10.36,0,參加公會版住宅包租代管四期計畫租金總額含管理費；續租案件；,RPXOMLNLMHLGFAD68CC,整棟(戶)出租,有,1150401~1160331,有,冷氣、熱水器、洗衣機、電視機、冰箱、瓦斯或天然氣,社會住宅代管
安南區,租賃房屋+車位,臺南市安南區安豐五街５９號三樓之１,0.0,,,,1150411,土地0建物1車位1,三層,5,華廈(10層含以下有電梯),集合住宅,鋼筋混凝土造,1100721,115.57,3,2,2,有,有,無,19000,164,一樓平面,0.0,0,參加國家住宅及都市更新中心辦理社會住宅包租代管增辦第四期計畫公會版續租案件；,RPPNMLNLMHLGFBD87CC,整棟(戶)出租,無,1150429~1160428,有,熱水器,社會住宅代管
安南區,租賃房屋,臺南市安南區郡安路四段７６之３號７樓,0.0,,,,1150330,土地0建物1車位0,七層,11,住宅大樓(11層含以上有電梯),住家用,鋼筋混凝土造,0830629,113.61,3,2,2,有,有,無,18000,158,,0.0,0,?參加公會版住宅包租代管五期計畫,RPQNMLNLMHLGFBD97CC,整棟(戶)出租,有,1150401~1180331,有,冷氣、熱水器、瓦斯或天然氣,社會住宅包租轉租
安南區,租賃房屋+車位,臺南市安南區安忠二街２７號十四樓之７,0.0,,,,1150329,土地0建物1車位1,十四層,14,住宅大樓(11層含以上有電梯),集合住宅,鋼筋混凝土造,1140425,150.10000000000002,3,2,2,有,有,有,31460,210,坡道平面,22.07,0,多人共同承租2；,RPRNMLNLMHLGFBD08CC,整棟(戶)出租,有,1150401~1160331,有,冷氣、熱水器、洗衣機、冰箱,
東區,租賃房屋,臺南市東區崇德十八街２０號,0.0,,,,1150420,土地0建物1車位0,一層,6,店面(店鋪),商業用,鋼筋混凝土造,0820216,89.21000000000001,0,1,1,有,有,無,19000,213,,0.0,0,,RPPNMLNLMHLGFCD97CC,,無,1150521~1170520,有,,
東區,租賃房屋,臺南市東區青年路３０３號,0.0,,,,1150416,土地0建物0車位0,全,5,透天厝,店舖、住宅、停車空間,鋼筋混凝土造,0960427,26.45,8,0,8,有,無,有,6500,246,,0.0,0,租金總額含水費；瓦斯費；網路費；其他第四台；含增建或未登記建物；續租案件；,RPQNMLNLMHLGFCD08CC,分租套房,無,1150401~1160331,無,冷氣、電視機、冰箱、瓦斯或天然氣、有線電視、網路,
東區,租賃房屋,臺南市東區勝利路５２巷３之１號,0.0,,,,1150410,土地0建物1車位0,全,2,透天厝,住家用,加強磚造,0550912,157.35,4,2,2,有,無,有,10000,64,,0.0,0,參加公會版住宅包租代管四之一期計畫續租案件；,RPRNMLNLMHLGFCD18CC,整棟(戶)出租,無,1150410~1160409,無,冷氣、熱水器、洗衣機、冰箱,社會住宅代管
東區,租賃房屋,臺南市東區青年路３０３號,0.0,,,,1150416,土地0建物0車位0,全,5,透天厝,店舖、住宅、停車空間,鋼筋混凝土造,0960427,39.27,8,0,8,有,無,有,9000,229,,0.0,0,租金總額含水費；瓦斯費；網路費；其他第四台；續租案件；,RPSNMLNLMHLGFCD28CC,分租套房,無,1150401~1160331,無,冷氣、熱水器、洗衣機、電視機、冰箱、瓦斯或天然氣、有線電視、網路,
東區,租賃房屋,臺南市東區利東街６７號,0.0,,,,1150422,土地0建物1車位0,見其他登記事項,9,店面(店鋪),住商用,鋼筋混凝土造,0840810,154.41,3,2,3,有,有,有,20000,130,,0.0,0,租金總額含管理費；續租案件；,RPTNMLNLMHLGFCD38CC,,有,1150601~1200531,有,熱水器、洗衣機、瓦斯或天然氣,
東區,租賃房屋,臺南市東區青年路３０３號,0.0,,,,1150416,土地0建物0車位0,全,5,透天厝,店舖、住宅、停車空間,鋼筋混凝土造,0960427,33.06,8,0,8,有,無,無,8000,242,,0.0,0,租金總額含水費；瓦斯費；網路費；其他第四台；續租案件；,RPUNMLNLMHLGFCD48CC,分租套房,無,1150401~1160331,無,冷氣、電視機、冰箱、瓦斯或天然氣、有線電視、網路,
東區,租賃房屋,臺南市東區崇明２４街８０號３樓之３１,0.0,,,,1150410,土地0建物1車位0,三層,6,華廈(10層含以下有電梯),集合住宅,鋼筋混凝土構造,1110601,34.76,1,0,1,有,有,有,11500,331,,0.0,0,管理費:1100元水費:200元,RPVNMLNLMHLGFCD58CC,獨立套房,有,1150410~1160409,有,冷氣、熱水器、洗衣機、電視機、冰箱、網路,一般轉租
東區,租賃房屋,臺南市東區崇明２４街８０號６樓之１０,0.0,,,,1150417,土地0建物1車位0,六層,6,華廈(10層含以下有電梯),集合住宅,鋼筋混凝土構造,1110601,141.78,2,1,2,有,有,有,26500,187,,0.0,0,管理費:1800元水費:350元,RPWNMLNLMHLGFCD68CC,整棟(戶)出租,有,1150601~1160531,有,冷氣、熱水器、洗衣機、電視機、冰箱、網路,一般轉租
東區,租賃房屋,臺南市東區崇明２４街８０號５樓之２８,0.0,,,,1150410,土地0建物1車位0,五層,6,華廈(10層含以下有電梯),集合住宅,鋼筋混凝土構造,1110601,34.76,1,0,1,有,有,有,11500,331,,0.0,0,管理費:1100元水費:200元,RPOOMLNLMHLGFCD97CC,獨立套房,有,1150420~1160419,有,冷氣、熱水器、洗衣機、冰箱、網路,一般轉租
東區,租賃房屋,臺南市東區崇明２４街８０號４樓之７,0.0,,,,1150422,土地0建物1車位0,四層,6,華廈(10層含以下有電梯),集合住宅,鋼筋混凝土構造,1110601,44.519999999999996,1,0,1,有,有,有,14300,321,,0.0,0,管理費:1100元水費:200元,RPPOMLNLMHLGFCD08CC,獨立套房,有,1150510~1160509,有,冷氣、熱水器、洗衣機、電視機、冰箱、網路,一般轉租
東區,租賃房屋,臺南市東區裕農路２７號之８十二樓,0.0,,,,1150410,土地0建物1車位0,十二層,13,住宅大樓(11層含以上有電梯),住家用,鋼筋混凝土造,0830201,123.72,3,2,2,有,有,有,16000,129,,0.0,0,參加公會版住宅包租代管五期計畫,RPQOMLNLMHLGFCD18CC,整棟(戶)出租,有,1150410~1180409,有,熱水器,社會住宅代管
東區,租賃房屋,臺南市東區小東路２４６號二十四樓之５,0.0,,,,1150420,土地0建物1車位0,二十四層,25,住宅大樓(11層含以上有電梯),住家用,鋼筋混凝土造,0840106,108.25,3,2,2,有,有,有,20000,185,,0.0,0,管理費1500元，由承租人負擔,RPSOMLNLMHLGFCD38CC,整棟(戶)出租,有,1150420~1160419,有,冷氣、熱水器、洗衣機、電視機、冰箱、瓦斯或天然氣,社會住宅代管
南區,租賃房屋,臺南市南區中華南路二段３１５巷１弄４號四樓,0.0,,,,1150420,土地0建物1車位0,四層,5,公寓(5樓含以下無電梯),集合住宅,鋼筋混凝土造,0710528,91.78999999999999,3,2,2,有,有,有,12000,131,,0.0,0,台南市不動產租賃公會民間住宅包租代管第5期計畫之物件。,RPTOMLNLMHLGFCD48CC,整棟(戶)出租,無,1150423~1160422,無,冷氣、熱水器、洗衣機、電視機、瓦斯或天然氣,社會住宅包租轉租
南區,租賃房屋,臺南市南區西門路一段２７９巷１６弄２號３樓,0.0,,,,1150409,土地0建物1車位0,三層,5,公寓(5樓含以下無電梯),集合住宅,鋼筋混凝土造,0820511,125.37,3,1,2,有,有,有,15000,120,,0.0,0,參加公會版住宅包租代管五期計畫,RPWOMLNLMHLGFCD78CC,整棟(戶)出租,有,1150410~1160409,無,冷氣、熱水器、冰箱,社會住宅代管
東區,租賃房屋+車位,臺南市東區富農街一段１３１巷２號八樓,0.0,,,,1150420,土地0建物1車位1,八層,8,華廈(10層含以下有電梯),住家用,鋼筋混凝土造,0860307,118.85000000000001,3,2,2,有,有,有,16382,138,升降平面,0.0,0,台南市不動產租賃公會民間住宅包租代管第5期計畫之物件。管理費每月1618元由出租人負擔。,RPXOMLNLMHLGFCD88CC,整棟(戶)出租,有,1150425~1160424,有,冷氣、熱水器、洗衣機、冰箱、瓦斯或天然氣,社會住宅包租轉租
東區,租賃房屋,臺南市東區裕豐街１８５巷２３號,0.0,,,,1150326,土地0建物0車位0,全,5,透天厝,停車空間、住宅,鋼筋混凝土造,1001129,30.25,20,0,21,有,無,有,7000,231,,0.0,0,租金總額含水費；網路費；,RPOPMLNLMHLGFCD08CC,分租套房,無,1150401~1160331,無,冷氣、熱水器、洗衣機、電視機、冰箱、網路,一般代管
南區,租賃房屋,臺南市南區新都路５２０巷６３號五樓,0.0,,,,1150421,土地0建物1車位0,五層,7,華廈(10層含以下有電梯),住家用,鋼筋混凝土造,0720204,113.33999999999999,3,1,1,有,有,有,13000,115,,0.0,0,台南市不動產租賃公會民間住宅包租代管第5期計畫之物件。,RPPPMLNLMHLGFCD18CC,整棟(戶)出租,有,1150423~1160422,有,冷氣、熱水器、瓦斯或天然氣,社會住宅包租轉租
東區,租賃房屋,臺南市東區莊敬路７７號,0.0,,,,1150420,土地0建物1車位0,全,3,透天厝,住商用,鋼筋混凝土造,0680521,129.41,3,2,3,有,無,無,35000,270,,0.0,0,,RPQPMLNLMHLGFCD28CC,整棟(戶)出租,無,1150501~1160430,無,,
東區,租賃房屋,臺南市東區裕豐街１８５巷２３號,0.0,,,,1150421,土地0建物0車位0,全,5,透天厝,停車空間、住宅,鋼筋混凝土造,1001129,20.25,20,0,21,有,無,有,6300,311,,0.0,0,租金總額含水費；網路費；,RPRPMLNLMHLGFCD38CC,分租套房,無,1150430~1160429,無,冷氣、熱水器、洗衣機、電視機、冰箱、網路,一般代管
東區,租賃房屋,臺南市東區東門路一段２０９號,0.0,,,,1150422,土地0建物0車位0,全,4,透天厝,住商用、避難室、騎樓,鋼筋混凝土造,0690331,30.6,4,3,3,有,無,有,11500,376,,0.0,0,多人共同承租2；租金總額含網路費；,RPSPMLNLMHLGFCD48CC,分租套房,無,1150422~1160425,無,冷氣、熱水器、洗衣機、電視機、冰箱、瓦斯或天然氣、網路,一般轉租
東區,租賃房屋,臺南市東區中華東路二段１９３號三樓之２,0.0,,,,1150416,土地0建物1車位0,三層,20,住宅大樓(11層含以上有電梯),住家用,鋼筋混凝土造,0841106,98.95,3,1,1,有,有,有,20000,202,,0.0,0,管理費1500元，由承租人負擔,RPTPMLNLMHLGFCD58CC,整棟(戶)出租,有,1150420~1160419,有,冷氣、熱水器、洗衣機、電視機、冰箱,社會住宅包租轉租
東區,租賃房屋,臺南市東區仁東街６３號六樓之１２,0.0,,,,1150402,土地0建物1車位0,六層,12,住宅大樓(11層含以上有電梯),住家用,鋼筋混凝土造,0870919,76.44,2,2,1,有,有,有,16000,209,,0.0,0,台南市社會住宅包租代管第5期計畫中央版租金依照租金水準區間表評定,RPUPMLNLMHLGFCD68CC,整棟(戶)出租,有,1150415~1180414,有,冷氣、熱水器、洗衣機、電視機、冰箱、瓦斯或天然氣,社會住宅包租轉租
新營區,租賃房屋,臺南市新營區新進路二段４９６之３號四樓,0.0,,,,1150327,土地0建物1車位0,四層,14,住宅大樓(11層含以上有電梯),住家用,鋼筋混凝土造,0831227,81.75999999999999,2,2,1,有,有,有,12000,147,,0.0,0,台南市社會住宅包租代管第5期計畫中央版租金依照租金水準區間表評定,RPPNMLNLMHLGFDD08CC,整棟(戶)出租,有,1150401~1160331,有,冷氣、熱水器、洗衣機、電視機、冰箱、瓦斯或天然氣,社會住宅代管
新營區,租賃房屋,臺南市新營區東興三街２２巷４２號二樓之３,0.0,,,,1150410,土地0建物1車位0,二層,6,華廈(10層含以下有電梯),住家用,鋼筋混凝土造,0840710,30.599999999999998,1,0,1,有,有,有,4500,147,,0.0,0,參加公會版住宅包租代管四期計畫續租案件；,RPQNMLNLMHLGFDD18CC,獨立套房,有,1150410~1160409,有,冷氣、熱水器、洗衣機、冰箱,社會住宅代管
麻豆區,租賃房屋,臺南市麻豆區柚安路一段１３５２號四樓之３,0.0,,,,1150421,土地0建物1車位0,四層,6,華廈(10層含以下有電梯),集合住宅,鋼筋混凝土造,1130118,94.33000000000001,2,1,2,有,有,有,13177,140,,0.0,0,台南市不動產租賃公會民間住宅包租代管第5期計畫之物件。管理費每月1823元由出租人負擔。,RPPNMLNLMHLGFFD28CC,整棟(戶)出租,有,1150425~1160424,有,冷氣、熱水器、洗衣機、電視機、冰箱,社會住宅包租轉租
學甲區,租賃房屋,臺南市學甲區重信路１號九樓之２,0.0,,,,1150417,土地0建物1車位0,九層,12,住宅大樓(11層含以上有電梯),住家用,鋼筋混凝土造,0840622,83.87,2,1,2,有,有,有,8000,95,,0.0,0,參加國家住宅及都市中心辦理社會住宅包租代管第五期計劃中央版續租案件；,RPPNMLNLMHLGFGD38CC,整棟(戶)出租,有,1150419~1160418,有,冷氣、熱水器、洗衣機、電視機、冰箱,社會住宅代管
學甲區,租賃房屋,臺南市學甲區重信路１號九樓之７,0.0,,,,1150415,土地0建物1車位0,九層,12,住宅大樓(11層含以上有電梯),住家用,鋼筋混凝土造,0840622,129.62,2,2,2,有,有,有,12500,96,,0.0,0,參加國家住宅及都市中心辦理社會住宅包租代管第五期計劃中央版,RPQNMLNLMHLGFGD48CC,整棟(戶)出租,有,1150415~1160414,有,冷氣、熱水器、洗衣機、電視機、冰箱,社會住宅代管
善化區,租賃房屋,臺南市善化區坐駕７４號,0.0,,,,1150408,土地0建物1車位0,全,2,透天厝,住家用,加強磚造,0680101,85.54,4,2,3,有,無,有,15000,175,,0.0,0,國家住宅及都市更新中心社會住宅包租代管中央版第五期計畫,RPPNMLNLMHLGFHD48CC,整棟(戶)出租,無,1150428~1160427,無,冷氣、熱水器、洗衣機、電視機、冰箱,社會住宅代管
新市區,租賃房屋,臺南市新市區大營１２６之４３號,0.0,,,,1150423,土地0建物0車位0,全,4,透天厝,住家用,鋼筋混凝土造,1021111,19.44,20,1,20,有,無,有,6500,334,,0.0,0,租金總額含水費；網路費；續租案件；,RPRNMLNLMHLGFHD68CC,分租套房,無,1150423~1170423,無,冷氣、熱水器、洗衣機、電視機、冰箱、網路,一般代管
新市區,租賃房屋,臺南市新市區三舍一街１２０巷５０號四樓之５,0.0,,,,1150416,土地0建物1車位0,四層,7,華廈(10層含以下有電梯),集合住宅,鋼筋混凝土造,1121212,115.43,3,1,2,有,有,無,16000,139,,0.0,0,台南市政府包租代管第4期計畫之物件。未租賃車位，建物登記含有車位面積；,RPSNMLNLMHLGFHD78CC,整棟(戶)出租,有,1150425~1160319,有,冷氣、熱水器、洗衣機,社會住宅包租轉租
歸仁區,租賃房屋,臺南市歸仁區武東一街４９巷７０號四樓之１,0.0,,,,1150409,土地0建物1車位0,四層,6,華廈(10層含以下有電梯),住家用,鋼筋混凝土造,0860721,43.64,1,0,1,有,有,有,6500,149,,0.0,0,參加公會版住宅包租代管四之一期計畫租金總額含管理費；續租案件；,RPRNMLNLMHLGFID78CC,獨立套房,有,1150410~1160409,有,冷氣、熱水器、洗衣機、冰箱,社會住宅代管
歸仁區,租賃房屋+車位,臺南市歸仁區智發街１３號五樓之５,0.0,,,,1150414,土地0建物1車位1,五層,14,住宅大樓(11層含以上有電梯),集合住宅,鋼筋混凝土造,1140124,103.07,2,2,1,有,有,無,16000,155,坡道平面,27.67,0,多人共同承租2；租金總額含管理費；,RPTNMLNLMHLGFID98CC,整棟(戶)出租,有,1150501~1160430,有,熱水器、瓦斯或天然氣,
歸仁區,租賃房屋+車位,臺南市歸仁區智發街１５號３樓之３,0.0,,,,1150401,土地0建物1車位1,三層,14,住宅大樓(11層含以上有電梯),集合住宅,鋼筋混凝土造,1140124,100.74000000000001,2,2,1,有,有,有,15000,149,坡道平面,25.45,0,多人共同承租2；,RPUNMLNLMHLGFID09CC,整棟(戶)出租,有,1150401~1170331,有,冷氣、熱水器、洗衣機、冰箱、瓦斯或天然氣,
歸仁區,租賃房屋+車位,臺南市歸仁區高發二路３１６號２樓之６,0.0,,,,1150402,土地0建物1車位1,二層,15,住宅大樓(11層含以上有電梯),集合住宅,鋼筋混凝土造,1120808,109.26,2,2,2,有,有,有,22000,201,坡道平面,19.11,0,租金總額含管理費；,RPWNMLNLMHLGFID66CC,整棟(戶)出租,有,1150402~1180401,有,冷氣、熱水器、洗衣機、電視機、冰箱、瓦斯或天然氣,
歸仁區,租賃房屋+車位,臺南市歸仁區高鐵大道３７號４樓之５,0.0,,,,1150416,土地0建物1車位1,四層,19,住宅大樓(11層含以上有電梯),集合住宅,鋼筋混凝土造,1141023,98.87,2,2,1,有,有,無,15000,152,坡道平面,25.44,0,多人共同承租2；租金總額含管理費；,RPXNMLNLMHLGFID76CC,整棟(戶)出租,有,1150416~1160415,有,熱水器,
歸仁區,租賃房屋+車位,臺南市歸仁區高發二路３０８號１２樓之１,0.0,,,,1150407,土地0建物1車位1,十二層,15,住宅大樓(11層含以上有電梯),集合住宅,鋼筋混凝土造,1120808,140.98,3,2,2,有,有,有,23000,163,坡道平面,20.61,0,租金總額含管理費；,RPOOMLNLMHLGFID58CC,整棟(戶)出租,有,1150410~1160409,有,冷氣、熱水器、洗衣機、冰箱、瓦斯或天然氣,
歸仁區,租賃房屋+車位,臺南市歸仁區智發街１７號１４樓之５,0.0,,,,1150329,土地0建物1車位1,十四層,14,住宅大樓(11層含以上有電梯),集合住宅,鋼筋混凝土造,1140124,103.18,2,2,1,有,有,有,19000,184,坡道平面,27.67,0,租金總額含管理費；,RPPOMLNLMHLGFID68CC,整棟(戶)出租,有,1150401~1160331,有,冷氣、熱水器、洗衣機、冰箱、瓦斯或天然氣,
歸仁區,租賃房屋,臺南市歸仁區高發二路３１６號二樓之３,0.0,,,,1150415,土地0建物1車位0,二層,15,住宅大樓(11層含以上有電梯),集合住宅,鋼筋混凝土造,1120808,109.26,2,2,2,有,有,有,17000,156,,0.0,0,參加國家住宅及都市更新中心辦理社會住宅包租代管增辦第四期計畫公會版未租賃車位，建物登記含有車位面積；,RPQOMLNLMHLGFID78CC,整棟(戶)出租,有,1150415~1160414,有,冷氣、熱水器、洗衣機、電視機、冰箱、瓦斯或天然氣,社會住宅代管
歸仁區,租賃房屋,臺南市歸仁區文化里文化北一街３２號,0.0,,,,1150327,土地0建物1車位0,全,4,透天厝,住家用,鋼筋混凝土造,0780407,203.52,4,2,3,有,無,有,7500,37,,0.0,0,台南市社會住宅包租代管第4期計畫公會版租金依照租金水準區間表評定續租案件；,RPROMLNLMHLGFID88CC,整棟(戶)出租,無,1150401~1160331,無,冷氣、熱水器、洗衣機、電視機、冰箱、瓦斯或天然氣,社會住宅代管
歸仁區,租賃房屋+車位,臺南市歸仁區歸仁十一路９０號十四樓之８,0.0,,,,1150416,土地0建物1車位1,十四層,14,住宅大樓(11層含以上有電梯),集合住宅,鋼筋混凝土造,1130624,129.88,3,2,2,有,有,有,17000,143,坡道平面,25.02,2000,租金總額含管理費；,RPSOMLNLMHLGFID98CC,整棟(戶)出租,有,1150419~1180418,有,洗衣機、電視機、冰箱、瓦斯或天然氣,社會住宅包租轉租
歸仁區,租賃房屋,臺南市歸仁區文化里文化北一街６５號,0.0,,,,1150327,土地0建物1車位0,全,2,透天厝,住商用,加強磚造,0690211,101.2,3,2,2,有,無,無,13500,133,,0.0,0,台南市社會住宅包租代管增辦第4期計畫公會版租金依照租金水準區間表評定續租案件；,RPTOMLNLMHLGFID09CC,整棟(戶)出租,無,1150415~1160414,無,冷氣、熱水器,社會住宅代管
關廟區,租賃房屋,臺南市關廟區中山路二段１６５巷１００號,0.0,,,,1150406,土地0建物0車位0,全,2,透天厝,住家用,鋼筋混凝土造,0840827,21.49,6,0,6,有,無,有,10000,465,,0.0,0,1.契約書未約定土地租賃標的。2.由所有權人提供租屋資訊。多人共同承租2；租金總額含網路費；,RPUOMLNLMHLGFID56CC,分租套房,無,1150411~1160410,無,冷氣、熱水器、洗衣機、冰箱、網路,
歸仁區,租賃房屋,臺南市歸仁區中正南路二段２７５巷３６號,0.0,,,,1150325,土地0建物0車位0,全,4,透天厝,住家用,鋼骨造,0910808,16.52,20,0,20,有,無,無,4500,272,,0.0,0,租金總額含網路費；,RPVOMLNLMHLGFID66CC,分租套房,無,1150325~1160324,無,冷氣、熱水器、網路,一般轉租
永康區,租賃房屋,臺南市永康區大灣路７６４巷５６號２樓之９,0.0,,,,1150420,土地0建物1車位0,二層,6,華廈(10層含以下有電梯),辦公室,鋼筋混凝土造,0940708,23.21,1,0,1,有,有,有,5300,228,,0.0,0,含增建或未登記建物；,RPPNMLNLMHLGFKD78CC,獨立套房,有,1150420~1160419,有,冷氣、熱水器、電視機、冰箱、網路,一般代管
永康區,租賃房屋,臺南市永康區三合里南工街２６７巷６６號十樓之５,0.0,,,,1150415,土地0建物1車位0,十層,11,住宅大樓(11層含以上有電梯),住家用,鋼筋混凝土造,0860926,82.49000000000001,4,1,2,有,有,有,16800,204,,0.0,0,台南市不動產租賃公會民間住宅包租代管第5期計畫之物件。續租案件；,RPSNMLNLMHLGFKD09CC,整棟(戶)出租,有,1150420~1160419,有,冷氣、熱水器、洗衣機、冰箱、瓦斯或天然氣,社會住宅代管
永康區,租賃房屋+車位,臺南市永康區中華二路２６６巷２２號三樓之２,0.0,,,,1150420,土地0建物1車位1,三層,19,住宅大樓(11層含以上有電梯),住家用,鋼筋混凝土造,0860128,113.14,3,2,2,有,無,無,20000,177,坡道機械,0.0,0,,RPTNMLNLMHLGFKD56CC,整棟(戶)出租,有,1150505~1180504,有,冷氣、熱水器、洗衣機,
永康區,租賃房屋,臺南市永康區大橋一街４７之６號１４樓之７,0.0,,,,1150410,土地0建物1車位0,十四層,14,住宅大樓(11層含以上有電梯),住家用,鋼筋混凝土造,0880824,132.47,4,2,2,有,有,有,8000,60,,0.0,0,參加國家住宅及都市更新中心辦理社會住宅包租代管增辦第四期計畫公會版未租賃車位，建物登記含有車位面積；續租案件；,RPUNMLNLMHLGFKD66CC,整棟(戶)出租,有,1150425~1160424,有,冷氣、熱水器、洗衣機、電視機、冰箱、瓦斯或天然氣,社會住宅包租轉租
永康區,租賃房屋,臺南市永康區永康區復國一路４７５巷３號,0.0,,,,1150410,土地0建物1車位0,全,4,透天厝,住商用,鋼筋混凝土造,0811117,167.75,4,2,2,有,無,有,6000,36,,0.0,0,參加公會版住宅包租代管五期計畫,RPXNMLNLMHLGFKD96CC,整棟(戶)出租,無,1150410~1170409,無,冷氣、熱水器、洗衣機、電視機、冰箱,社會住宅代管
永康區,租賃房屋,臺南市永康區勝利街１０７巷６１弄１１號,0.0,,,,1150409,土地0建物1車位0,全,3,透天厝,住家用,鋼筋混凝土構造,1060214,145.59,4,2,2,有,無,有,29000,199,,0.0,0,參加公會版住宅包租代管五期計畫多人共同承租2；,RPOOMLNLMHLGFKD78CC,整棟(戶)出租,無,1150410~1160409,無,冷氣、熱水器、洗衣機、電視機,社會住宅代管
永康區,租賃房屋,臺南市永康區東灣里民族路２７３巷３３號四樓之３,0.0,,,,1150422,土地0建物1車位0,四層,11,住宅大樓(11層含以上有電梯),住家用,鋼筋混凝土造,0831006,126.33,3,2,2,有,有,有,16370,130,,0.0,0,台南市不動產租賃公會民間住宅包租代管第5期計畫之物件。管理費每月1630元由出租人負擔。,RPPOMLNLMHLGFKD88CC,整棟(戶)出租,有,1150425~1160424,有,冷氣、熱水器、洗衣機、電視機、冰箱、瓦斯或天然氣,社會住宅包租轉租
永康區,租賃房屋,臺南市永康區忠義街６０巷１號十三樓之１４,0.0,,,,1150327,土地0建物1車位0,十三層,15,住宅大樓(11層含以上有電梯),辦公室。,鋼筋混凝土造,0840331,49.339999999999996,1,1,1,有,有,有,8000,162,,0.0,0,台南市社會住宅包租代管增辦第4期計畫公會版租金依照租金水準區間表評定,RPQOMLNLMHLGFKD98CC,獨立套房,有,1150403~1160402,有,冷氣、熱水器、洗衣機、電視機、冰箱,社會住宅代管
北區,租賃房屋,臺南市北區北安路一段１３０號,0.0,,,,1150422,土地0建物0車位0,全,4,透天厝,住商用,鋼筋混凝土造,0731217,28.58,8,1,9,有,無,有,8500,297,,0.0,0,,RPPNMLNLMHLGFAD87DC,分租套房,無,1150425~1170424,無,冷氣、熱水器、洗衣機、冰箱、網路,
北區,租賃房屋,臺南市北區公園南路３６５號十樓之８,0.0,,,,1150409,土地0建物1車位0,十層,14,住宅大樓(11層含以上有電梯),集合住宅,鋼筋混凝土構造,0960824,33.37,1,0,1,有,有,有,9500,285,,0.0,0,續租案件；,RPPNMLOLMHLGFAD87CC,獨立套房,有,1150409~1160408,有,冷氣、熱水器、洗衣機、電視機、冰箱,
中西區,租賃房屋,臺南市中西區忠義路二段１４７巷１０號二樓之１,0.0,,,,1150330,土地0建物1車位0,二層,5,公寓(5樓含以下無電梯),住家用,鋼筋混凝土造,0690723,75.65,3,2,1,有,無,有,7000,93,,0.0,0,台南市社會住宅包租代管第5期計畫中央版租金依照租金水準區間表評定,RPQNMLOLMHLGFAD97CC,整棟(戶)出租,無,1150402~1180401,無,熱水器、洗衣機、冰箱、瓦斯或天然氣,社會住宅代管
安平區,租賃房屋,臺南市安平區國平北路１２３號九樓之１０,0.0,,,,1150330,土地0建物1車位0,九層,18,住宅大樓(11層含以上有電梯),集合住宅,鋼筋混凝土構造,1100503,90.87,2,2,1,有,有,有,18800,207,,0.0,0,台南市社會住宅包租代管第5期計畫中央版租金依照租金水準區間表評定未租賃車位，建物登記含有車位面積；,RPRNMLOLMHLGFAD08CC,整棟(戶)出租,有,1150413~1180412,有,冷氣、熱水器、洗衣機、電視機、冰箱,社會住宅代管
北區,租賃房屋,臺南市北區開元路４８５巷４１弄１０號十三樓之１１,0.0,,,,1150423,土地0建物1車位0,十三層,14,住宅大樓(11層含以上有電梯),集合住宅,鋼筋混凝土造,0891120,29.029999999999998,1,0,1,有,有,有,8500,293,,0.0,0,台南市社會住宅包租代管 第五期計畫 中央版；水、電費由承租人負擔，管理費440元不包含在租金由承租人負擔。,RPSNMLOLMHLGFAD18CC,獨立套房,有,1150501~1180430,有,冷氣、熱水器、洗衣機、冰箱,社會住宅包租轉租
北區,租賃房屋,臺南市北區北安路一段９４巷５弄１４號,0.0,,,,1150329,土地0建物1車位0,全,2,透天厝,住家用,鋼筋混凝土造,0740121,131.02,4,2,2,有,無,有,15000,114,,0.0,0,台南市社會住宅包租代管增辦第4期計畫公會版租金依照租金水準區間表評定續租案件；,RPTNMLOLMHLGFAD28CC,整棟(戶)出租,無,1150405~1160404,無,冷氣、熱水器、洗衣機、電視機、冰箱、瓦斯或天然氣,社會住宅代管
北區,租賃房屋,臺南市北區公園路６７６號七樓之５,0.0,,,,1150407,土地0建物1車位0,七層,7,華廈(10層含以下有電梯),住家用,鋼筋混凝土造,0701231,19.37,1,0,1,有,有,有,5000,258,,0.0,0,台南市社會住宅包租代管公會版增辦第4期租金總額含管理費；,RPVNMLOLMHLGFAD48CC,獨立套房,有,1150407~1160406,有,冷氣、熱水器、洗衣機、電視機、冰箱,社會住宅代管
中西區,租賃房屋+車位,臺南市中西區民權路４段１２６號１４樓之２,0.0,,,,1150423,土地0建物1車位1,十四層,20,住宅大樓(11層含以上有電梯),集合住宅,鋼筋混凝土構造,1070531,189.47,3,1,2,有,有,有,24700,130,坡道平面,38.26,0,多人共同承租2；,RPWNMLOLMHLGFAD58CC,整棟(戶)出租,有,1150501~1160430,有,冷氣、熱水器、洗衣機、電視機、冰箱、瓦斯或天然氣,
北區,租賃房屋,臺南市北區文成一路８８號十五樓之２,0.0,,,,1150422,土地0建物1車位0,十五層,15,住宅大樓(11層含以上有電梯),集合住宅,鋼筋混凝土構造,1120411,95.39,2,1,1,有,有,無,15838,166,,0.0,0,台南市社會住宅包租代管第4期計畫。管理費2162元由出租人負擔多人共同承租2；續租案件；,RPXNMLOLMHLGFAD68CC,整棟(戶)出租,有,1150501~1160430,有,冷氣、熱水器、洗衣機、冰箱、瓦斯或天然氣,社會住宅包租轉租
北區,租賃房屋,臺南市北區公園路９１８巷２８號４樓之２,0.0,,,,1150424,土地0建物1車位0,四層,5,華廈(10層含以下有電梯),住家用,鋼筋混凝土造,0791126,40.84,1,1,1,有,無,有,9500,233,,0.0,0,租金總額含網路費；續租案件；,RPOOMLOLMHLGFAD87CC,獨立套房,無,1150424~1160424,有,冷氣、熱水器、洗衣機、電視機、冰箱、網路,一般代管
中西區,租賃房屋,臺南市中西區友愛街３６３號十一樓之１７,0.0,,,,1150417,土地0建物1車位0,十一層,11,住宅大樓(11層含以上有電梯),住家用,鋼筋混凝土造,0851127,40.94,1,1,1,有,有,有,9000,220,,0.0,0,參加國家住宅及都市更新中心辦理社會住宅包租代管增辦第四期計畫公會版續租案件；,RPPOMLOLMHLGFAD97CC,獨立套房,有,1150510~1160509,有,冷氣、熱水器、洗衣機、電視機、冰箱,社會住宅代管
安平區,租賃房屋+車位,臺南市安平區育平五街６號五樓之１２,0.0,,,,1150328,土地0建物1車位1,五層,22,住宅大樓(11層含以上有電梯),住家用,鋼筋混凝土造,0861021,150.49,3,2,2,有,有,有,23000,153,升降機械,22.48,0,參加公會版住宅包租代管四期計畫租金總額含管理費；續租案件；,RPQOMLOLMHLGFAD08CC,整棟(戶)出租,有,1150328~1160327,有,冷氣、熱水器、洗衣機、冰箱,社會住宅代管
安平區,租賃房屋+車位,臺南市安平區國平北路１３７號５樓之５,0.0,,,,1150417,土地0建物1車位1,五層,34,住宅大樓(11層含以上有電梯),集合住宅,鋼骨鋼筋混凝土造、鋼筋混凝土造,1140415,107.66,2,1,1,有,有,有,19000,176,坡道平面,27.92,0,2026/4/14起到2026/4/30為搬遷期不收費，但租客需負保管責任。多人共同承租2；租金總額含管理費；,RPROMLOLMHLGFAD18CC,整棟(戶)出租,有,1150501~1170430,有,冷氣、熱水器、洗衣機、電視機、冰箱,
中西區,租賃房屋,臺南市中西區中山路８巷３之９號,0.0,,,,1150420,土地0建物1車位0,四層,4,公寓(5樓含以下無電梯),住家用,鋼筋混凝土造,0671012,116.22999999999999,3,2,2,有,無,有,20000,172,,0.0,0,多人共同承租3；續租案件；,RPSOMLOLMHLGFAD28CC,整棟(戶)出租,無,1150501~1160430,無,冷氣、熱水器、洗衣機、冰箱、瓦斯或天然氣,
中西區,租賃房屋,臺南市中西區西賢一街８５巷９號,0.0,,,,1150423,土地0建物1車位0,全,2,透天厝,住家用,鋼筋混凝土造,0770601,100.78,5,2,3,有,無,有,25000,248,,0.0,0,台南市社會住宅包租代管 增辦第四期計畫公會版；水、電費由承租人負擔。續租案件；,RPTOMLOLMHLGFAD38CC,整棟(戶)出租,無,1150501~1160430,無,冷氣、熱水器、洗衣機、冰箱,社會住宅代管
安平區,租賃房屋+車位,臺南市安平區永華八街２號１０樓之６,0.0,,,,1150423,土地0建物1車位1,十層,14,住宅大樓(11層含以上有電梯),集合住宅,鋼筋混凝土造,0960719,102.24000000000001,2,1,1,有,有,有,22000,215,坡道平面,0.0,0,租金總額含管理費；,RPUOMLOLMHLGFAD48CC,整棟(戶)出租,有,1150423~1160423,有,冷氣、熱水器、洗衣機、電視機、冰箱、瓦斯或天然氣,
中西區,租賃房屋,臺南市中西區赤嵌街４７號五樓之３,0.0,,,,1150414,土地0建物1車位0,五層,7,華廈(10層含以下有電梯),住家用,鋼筋混凝土造,0781223,20.49,1,1,1,有,有,有,6700,327,,0.0,0,參加國家住宅及都市更新中心辦理社會住宅包租代管增辦第四期計畫公會版租金總額含管理費；網路費；續租案件；,RPVOMLOLMHLGFAD58CC,獨立套房,無,1150415~1160414,有,冷氣、熱水器、洗衣機、電視機、冰箱、網路,社會住宅代管
安南區,租賃房屋+車位,臺南市安南區安中路一段５５７巷１９弄１６１號３樓之２,0.0,,,,1150423,土地0建物1車位1,三層,5,華廈(10層含以下有電梯),集合住宅,鋼筋混凝土造,1130823,113.24000000000001,2,2,2,有,有,有,27000,238,一樓平面,0.0,0,租金總額含管理費；水費；網路費；,RPPNMLOLMHLGFBD97CC,整棟(戶)出租,無,1150501~1160430,有,冷氣、熱水器、洗衣機、電視機、冰箱、網路,
安南區,租賃房屋,臺南市安南區博和路２１９號七樓之１０,0.0,,,,1150424,土地0建物1車位0,七層,7,華廈(10層含以下有電梯),集合住宅,鋼筋混凝土造,1130229,102.78,2,1,2,有,有,有,20000,195,,0.0,0,台南市社會住宅包租代管 第五期計畫 中央版；水、電費由承租人負擔，管理費1500元不包含在租金由承租人負擔。未租賃車位，建物登記含有車位面積；,RPQNMLOLMHLGFBD08CC,整棟(戶)出租,有,1150501~1160430,有,冷氣、熱水器、洗衣機、電視機、冰箱,社會住宅代管
東區,租賃房屋,臺南市東區中西里勝利路２８號,0.0,,,,1150330,土地0建物1車位0,見其他登記事項,5,店面(店鋪),商業用,鋼筋混凝土造,0870612,122.83,0,1,1,有,無,無,40000,326,,0.0,0,租金總額含稅；,RPPNMLOLMHLGFCD08CC,,無,1150401~1170331,無,,
南區,租賃房屋,臺南市南區健康路二段７３巷１３號,0.0,,,,1150421,土地0建物1車位0,全,2,透天厝,住家用,加強磚造,0620115,62.22,4,2,2,有,無,有,12000,193,,0.0,0,台南市不動產租賃公會民間住宅包租代管第四期計畫。續租案件；,RPQNMLOLMHLGFCD18CC,整棟(戶)出租,無,1150425~1160424,無,冷氣、熱水器、洗衣機、電視機、冰箱、瓦斯或天然氣,社會住宅代管
東區,租賃房屋,臺南市東區立德十路３號四樓之６,0.0,,,,1150423,土地0建物1車位0,四層,9,華廈(10層含以下有電梯),住家用,鋼筋混凝土造,0811222,69.42,1,1,1,有,有,有,12000,173,,0.0,0,租金總額含管理費；,RPRNMLOLMHLGFCD28CC,獨立套房,有,1150423~1160424,有,冷氣、熱水器、洗衣機、電視機、冰箱、瓦斯或天然氣,一般代管
東區,租賃房屋,臺南市東區中華東路二段１３３巷４弄７號４樓,0.0,,,,1150404,土地0建物1車位0,四層,5,公寓(5樓含以下無電梯),住家用,鋼筋混凝土造,0701224,107.7,3,2,1,有,無,有,21000,195,,0.0,0,多人共同承租2；,RPTNMLOLMHLGFCD48CC,整棟(戶)出租,無,1150416~1160415,無,冷氣、熱水器、洗衣機、電視機、冰箱,一般轉租
南區,租賃房屋,臺南市南區新興路２６７巷２０號,0.0,,,,1150420,土地0建物0車位0,全,3,透天厝,住家用,鋼筋混凝土造,0681020,16.53,8,0,8,有,無,有,5300,321,,0.0,0,租金總額含水費；,RPUNMLOLMHLGFCD58CC,分租套房,無,1150421~1151020,無,冷氣、電視機,一般代管
東區,租賃房屋,臺南市東區東門路三段２９８號,0.0,,,,1150423,土地0建物0車位0,全,2,透天厝,住商用,加強磚造,0620510,26.45,3,0,3,有,無,有,10000,378,,0.0,0,1.契約書未約定土地租賃標的。2.由所有權人提供租屋資訊。3.租賃建物部分範圍。租金總額含網路費；其他第四台；,RPVNMLOLMHLGFCD68CC,分租套房,無,1150423~1160422,無,冷氣、熱水器、洗衣機、電視機、冰箱、網路,
東區,租賃房屋,臺南市東區裕文路１１６號,0.0,,,,1150417,土地0建物1車位0,全,5,透天厝,住宅、停車空間,鋼筋混凝土造,0920828,314.08,4,3,5,有,無,有,43800,139,,0.0,0,1.契約書未約定土地租賃標的。.2.租金已包含管理費1700元/月。3.115.4.24-115.5.14為無償使用期間，期間內水電瓦斯費由承租方負責。,RPXNMLOLMHLGFCD88CC,整棟(戶)出租,無,1150515~1160514,無,冷氣、熱水器、瓦斯或天然氣,
東區,租賃房屋,臺南市東區東興路１９９巷５號７樓,0.0,,,,1150420,土地0建物1車位0,七層,9,華廈(10層含以下有電梯),集合住宅,鋼筋混凝土造,0881116,136.72,4,2,2,有,有,有,22000,161,,0.0,0,多人共同承租3；,RPOOMLOLMHLGFCD08CC,整棟(戶)出租,有,1150420~1160420,有,冷氣、熱水器、洗衣機、電視機、冰箱、網路,一般轉租
南區,租賃房屋,臺南市南區中華西路一段８巷３號之１,0.0,,,,1150421,土地0建物1車位0,一層,16,住宅大樓(11層含以上有電梯),住家用,鋼筋混凝土造,0850327,188.25,4,1,2,有,有,無,20000,106,,0.0,0,台南市社會住宅包租代管第4期計畫。續租案件；,RPPOMLOLMHLGFCD18CC,整棟(戶)出租,有,1150426~1160425,有,熱水器、瓦斯或天然氣,社會住宅代管
東區,租賃房屋,臺南市東區小東路２４６號１４樓之２,0.0,,,,1150417,土地0建物1車位0,十四層,25,住宅大樓(11層含以上有電梯),住家用,鋼筋混凝土造,0840106,127.04,4,2,2,有,有,有,16000,126,,0.0,0,參加國家住宅及都市更新中心辦理社會住宅包租代管增辦第四期計畫公會版,RPROMLOLMHLGFCD38CC,整棟(戶)出租,有,1150701~1160630,有,冷氣、熱水器、洗衣機、電視機、冰箱、瓦斯或天然氣,社會住宅代管
東區,租賃房屋,臺南市東區東門路一段２９８號八樓之２,0.0,,,,1150410,土地0建物1車位0,八層,11,住宅大樓(11層含以上有電梯),住家用,鋼筋混凝土造,0800518,109.33000000000001,3,2,2,有,有,有,17000,155,,0.0,0,參加公會版住宅包租代管四期計畫租金總額含管理費；續租案件；,RPSOMLOLMHLGFCD48CC,整棟(戶)出租,有,1150410~1160409,有,冷氣、熱水器、洗衣機、電視機、冰箱,社會住宅代管
麻豆區,租賃房屋,臺南市麻豆區和平路２-１０號,0.0,,,,1150420,土地0建物1車位0,一層,7,華廈(10層含以下有電梯),住商用,鋼骨造,0831111,46.84,0,1,1,有,有,無,12580,269,,0.0,0,租金已扣除每月管理費320元及水費100元租賃建物部分範圍，且未計入共有部分面積；,RPRNMLOLMHLGFFD58CC,,無,1150424~1160423,有,,
善化區,租賃房屋,臺南市善化區成功新村２３號５樓,0.0,,,,1150422,土地0建物1車位0,五層,8,華廈(10層含以下有電梯),住家用,鋼筋混凝土造,0830923,110.63000000000001,3,2,2,有,有,有,13800,125,,0.0,0,租金總額含管理費；續租案件；,RPPNMLOLMHLGFHD58CC,整棟(戶)出租,有,1150615~1170614,有,冷氣、熱水器、洗衣機、冰箱、瓦斯或天然氣,
善化區,租賃房屋,臺南市善化區胡厝寮２１９之２１號,0.0,,,,1150422,土地0建物1車位0,全,3,透天厝,住家用,鋼筋混凝土造,1110629,118.17,3,2,3,有,無,有,28000,237,,0.0,0,1.契約書未約定土地租賃標的。2.由所有權人提供租屋資訊。多人共同承租2；,RPQNMLOLMHLGFHD68CC,整棟(戶)出租,無,1150430~1160429,無,冷氣、熱水器、洗衣機、冰箱,
善化區,租賃房屋,臺南市善化區西衛７號之５,0.0,,,,1150423,土地0建物1車位0,全,3,透天厝,住家用,鋼筋混凝土造,0841011,155.95,4,2,5,有,無,有,37000,237,,0.0,0,1.契約書未約定土地租賃標的。2.由所有權人提供租屋資訊。,RPRNMLOLMHLGFHD78CC,,無,1150501~1160430,無,冷氣、熱水器、洗衣機、電視機、冰箱、瓦斯或天然氣,
善化區,租賃房屋,臺南市善化區善新西路６６０巷１０號,0.0,,,,1150414,土地0建物0車位0,全,4,透天厝,住宅，停車空間,鋼筋混凝土造,1030225,19.26,7,0,7,有,無,有,5500,286,,0.0,0,租金總額含網路費；租賃建物部分範圍，且未計入共有部分面積；,RPSNMLOLMHLGFHD88CC,分租套房,無,1150416~1151015,無,冷氣、熱水器、洗衣機、電視機、冰箱、有線電視、網路,一般代管
安定區,租賃房屋,臺南市安定區許中營９２之８號二樓之１２,0.0,,,,1150420,土地0建物1車位0,二層,7,華廈(10層含以下有電梯),集合住宅,鋼筋混凝土造,1131011,98.58,2,1,2,有,有,有,20000,203,,0.0,0,多人共同承租3；租金總額含管理費；續租案件；,RPTNMLOLMHLGFHD98CC,整棟(戶)出租,有,1150601~1160531,有,冷氣、熱水器、洗衣機、電視機、冰箱,一般代管
新市區,租賃房屋+車位,臺南市新市區潭頂３１７之３號５樓之２,0.0,,,,1150417,土地0建物1車位1,五層,7,華廈(10層含以下有電梯),集合住宅,鋼筋混凝土造,1120525,106.25999999999999,3,2,2,有,有,有,22000,210,其他,11.2,2000,參加國家住宅及都市更新中心辦理社會住宅包租代管增辦第四期計畫公會版多人共同承租2；,RPUNMLOLMHLGFHD09CC,整棟(戶)出租,有,1150501~1160430,有,冷氣、熱水器、洗衣機、冰箱,社會住宅代管
新市區,租賃房屋,臺南市新市區銘傳街８２號,0.0,,,,1150414,土地0建物0車位0,全,4,透天厝,店舖、停車空間、住宅,鋼筋混凝土造,1020115,25.94,7,0,7,有,無,有,7000,270,,0.0,0,租金總額含網路費；租賃建物部分範圍，且未計入共有部分面積；續租案件；,RPVNMLOLMHLGFHD56CC,分租套房,無,1150417~1151016,無,冷氣、熱水器、洗衣機、電視機、冰箱、有線電視、網路,一般代管
善化區,租賃房屋,臺南市善化區和平路１２０號,0.0,,,,1150420,土地0建物0車位0,全,4,透天厝,住宅、店舖、樓梯間,鋼筋混凝土造,0940523,18.0,6,0,6,有,無,有,7800,433,,0.0,0,租金總額含管理費；水費；網路費；,RPWNMLOLMHLGFHD66CC,分租套房,無,1150421~1160420,無,冷氣、熱水器、洗衣機、電視機、冰箱、網路,一般代管
善化區,租賃房屋,臺南市善化區善新西路６６０巷１０號,0.0,,,,1150417,土地0建物0車位0,全,4,透天厝,住宅，停車空間,鋼筋混凝土造,1030225,18.67,7,0,7,有,無,有,5500,295,,0.0,0,租金總額含網路費；租賃建物部分範圍，且未計入共有部分面積；,RPXNMLOLMHLGFHD76CC,分租套房,無,1150419~1160418,無,冷氣、熱水器、洗衣機、電視機、冰箱、有線電視、網路,一般代管
新市區,租賃房屋,臺南市新市區銘傳街８０號,0.0,,,,1150420,土地0建物0車位0,全,4,透天厝,店舖、停車空間、住宅,鋼筋混凝土造,1020115,16.75,7,0,7,有,無,有,5500,328,,0.0,0,租金總額含網路費；租賃建物部分範圍，且未計入共有部分面積；,RPOOMLOLMHLGFHD58CC,分租套房,無,1150422~1151021,無,冷氣、熱水器、電視機、冰箱、有線電視、網路,一般代管
新市區,租賃房屋,臺南市新市區銘傳街８２號,0.0,,,,1150422,土地0建物0車位0,全,4,透天厝,店舖、停車空間、住宅,鋼筋混凝土造,1020115,25.94,7,0,7,有,無,有,7000,270,,0.0,0,租金總額含網路費；租賃建物部分範圍，且未計入共有部分面積；續租案件；,RPPOMLOLMHLGFHD68CC,分租套房,無,1150519~1160518,無,冷氣、熱水器、洗衣機、電視機、冰箱、有線電視、網路,一般代管
新市區,租賃房屋,臺南市新市區富強路２７-１號,0.0,,,,1150420,土地0建物0車位0,全,2,透天厝,住商用,加強磚造,0741204,18.0,4,0,4,有,無,有,5500,306,,0.0,0,租金總額含管理費；水費；網路費；續租案件；,RPROMLOLMHLGFHD88CC,分租套房,無,1150501~1160430,無,冷氣、熱水器、電視機、冰箱、網路,一般代管
新市區,租賃房屋,臺南市新市區銘傳街８２號,0.0,,,,1150423,土地0建物0車位0,全,4,透天厝,店舖、停車空間、住宅,鋼筋混凝土造,1020115,17.48,7,0,7,有,無,有,5500,315,,0.0,0,租金總額含網路費；租賃建物部分範圍，且未計入共有部分面積；,RPVOMLOLMHLGFHD66CC,分租套房,無,1150425~1151024,無,冷氣、熱水器、洗衣機、電視機、冰箱、有線電視、網路,一般代管
仁德區,租賃房屋,臺南市仁德區文華路三段４２８巷１６８號,0.0,,,,1150327,土地0建物1車位0,一層,1,工廠,工廠。,鋼骨構造有牆。,1031222,158.15,3,2,2,有,無,無,63000,,,0.0,0,1.搬遷期：115/03/25~115/05/052.本標的廠房有太陽能發電設備，不得拆除，需配合廠商維護與公家單位抽檢會提前告知租金總額含稅；,RPPNMLOLMHLGFID68CC,,無,1150506~1170505,無,冷氣,
歸仁區,租賃房屋,臺南市歸仁區歸仁七路２２０號十二樓之６,0.0,,,,1150328,土地0建物1車位0,十二層,15,住宅大樓(11層含以上有電梯),集合住宅,鋼筋混凝土造,1121208,109.19,2,2,1,有,有,有,16500,151,,0.0,0,台南市社會住宅包租代管增辦第4期計畫公會版租金依照租金水準區間表評定未租賃車位，建物登記含有車位面積；續租案件；,RPQNMLOLMHLGFID78CC,整棟(戶)出租,有,1150408~1160407,有,冷氣、熱水器、瓦斯或天然氣,社會住宅代管
關廟區,租賃房屋,臺南市關廟區中山路二段１６５巷１００號,0.0,,,,1150402,土地0建物0車位0,全,2,透天厝,住家用,鋼筋混凝土造,0840827,26.45,6,0,6,有,無,有,10000,378,,0.0,0,1.契約書未約定土地租賃標的。2.由所有權人提供租屋資訊。租金總額含網路費；,RPSNMLOLMHLGFID98CC,分租套房,無,1150407~1160406,無,冷氣、熱水器、洗衣機、冰箱、網路,
仁德區,租賃房屋,臺南市仁德區德善路２５１巷７弄２號七樓之１,0.0,,,,1150421,土地0建物1車位0,七層,9,華廈(10層含以下有電梯),住家用,鋼筋混凝土造,0860317,101.60999999999999,1,1,1,有,有,有,14500,143,,0.0,0,此為國家住宅及都市更新中心社會住宅包租代管第5期計畫。續租案件；,RPTNMLOLMHLGFID09CC,獨立套房,有,1150430~1160429,有,冷氣、熱水器、洗衣機、電視機、瓦斯或天然氣,社會住宅代管
永康區,租賃房屋,臺南市永康區五王里中華二路２０６巷６８弄１８號,0.0,,,,1150420,土地0建物1車位0,見其他登記事項,5,公寓(5樓含以下無電梯),住商用,鋼筋混凝土造,0700604,121.17999999999999,3,2,2,有,無,有,16000,132,,0.0,0,台南市社會住宅包租代管第4期計畫。續租案件；,RPPNMLOLMHLGFKD88CC,整棟(戶)出租,無,1150425~1160424,無,冷氣、熱水器、洗衣機、瓦斯或天然氣,社會住宅包租轉租
永康區,租賃房屋,臺南市永康區南工街２６７巷５８號五樓之５,0.0,,,,1150401,土地0建物1車位0,五層,11,住宅大樓(11層含以上有電梯),住家用,鋼筋混凝土造,0860926,95.13,2,2,1,有,有,無,10000,105,,0.0,0,參加公會版住宅包租代管四期計畫租金總額含管理費；未租賃車位，建物登記含有車位面積；續租案件；,RPQNMLOLMHLGFKD98CC,整棟(戶)出租,有,1150401~1160331,有,冷氣、熱水器、洗衣機、電視機、冰箱、瓦斯或天然氣,社會住宅代管
永康區,租賃房屋,臺南市永康區永安路１０５巷４６弄１號二樓之４,0.0,,,,1150416,土地0建物1車位0,二層,6,華廈(10層含以下有電梯),住家用,鋼筋混凝土造,0830423,130.36,3,2,2,有,有,有,20000,153,,0.0,0,租金總額含管理費；,RPRNMLOLMHLGFKD09CC,整棟(戶)出租,有,1150416~1180415,有,冷氣、熱水器、洗衣機、電視機、冰箱、瓦斯或天然氣,社會住宅包租轉租
永康區,租賃房屋,臺南市永康區國華街１０２巷８２號１１樓之２,0.0,,,,1150416,土地0建物1車位0,十一層,12,住宅大樓(11層含以上有電梯),住家用,鋼筋混凝土造,0831006,107.01,3,2,2,有,有,有,18000,168,,0.0,0,1.契約書未約定土地租賃標的。多人共同承租2；租金總額含管理費；續租案件；,RPTNMLOLMHLGFKD66CC,整棟(戶)出租,有,1150501~1160430,有,冷氣、熱水器、洗衣機、電視機、冰箱、瓦斯或天然氣,
永康區,租賃房屋,臺南市永康區尚頂里南台街１３巷３７號十三樓之３,0.0,,,,1150422,土地0建物1車位0,十三層,16,住宅大樓(11層含以上有電梯),住家用,鋼筋混凝土造,0840523,143.44,5,2,2,有,有,有,15000,105,,0.0,0,台南市社會住宅包租代管第4期計畫。續租案件；,RPXNMLOLMHLGFKD07CC,整棟(戶)出租,有,1150425~1151129,有,冷氣、熱水器、洗衣機、冰箱、瓦斯或天然氣,社會住宅包租轉租
永康區,租賃房屋,臺南市永康區中華路５７８巷２號三樓之８,0.0,,,,1150423,土地0建物1車位0,三層,7,華廈(10層含以下有電梯),住家用,鋼筋混凝土造,0800619,28.42,1,1,1,有,無,有,8500,299,,0.0,0,租金總額含網路費；續租案件；,RPOOMLOLMHLGFKD88CC,獨立套房,無,1150423~1160424,有,冷氣、熱水器、洗衣機、電視機、冰箱、網路,一般代管
永康區,租賃房屋,臺南市永康區復國一路３６５號,0.0,,,,1150422,土地0建物0車位0,全,4,透天厝,住商用,鋼筋混凝土造,0980605,18.6,3,1,3,有,無,有,9500,511,,0.0,0,多人共同承租2；租金總額含水費；網路費；含增建或未登記建物；,RPQOMLOLMHLGFKD09CC,分租套房,無,1150422~1160424,無,冷氣、熱水器、洗衣機、電視機、冰箱、網路,一般代管
永康區,租賃房屋,臺南市永康區三合里南工街２６７巷６６號四樓之１,0.0,,,,1150421,土地0建物1車位0,四層,11,住宅大樓(11層含以上有電梯),住家用,鋼筋混凝土造,0860926,67.66,3,2,2,有,有,有,12000,177,,0.0,0,台南市社會住宅包租代管第4期計畫。續租案件；,RPROMLOLMHLGFKD56CC,整棟(戶)出租,有,1150425~1160424,有,冷氣、熱水器、瓦斯或天然氣,社會住宅包租轉租
永康區,租賃房屋,臺南市永康區中山東路２１８巷２３弄３２號五樓之３,0.0,,,,1150421,土地0建物1車位0,五層,7,華廈(10層含以下有電梯),住家用,鋼筋混凝土造,0830702,122.41,3,2,2,有,有,有,15000,123,,0.0,0,台南市社會住宅包租代管第4期計畫。續租案件；,RPSOMLOLMHLGFKD66CC,整棟(戶)出租,有,1150425~1160424,有,冷氣、熱水器、洗衣機、電視機、冰箱、瓦斯或天然氣,社會住宅包租轉租
永康區,租賃房屋,臺南市永康區埔園里中山路３５６號十九樓之１,0.0,,,,1150420,土地0建物1車位0,見其他登記事項,26,住宅大樓(11層含以上有電梯),國民住宅,鋼筋混凝土造,0851106,128.75,4,1,2,有,有,有,12860,100,,0.0,0,台南市不動產租賃公會民間住宅包租代管第5期計畫之物件。管理費每月2140元由出租人負擔。,RPTOMLOLMHLGFKD76CC,整棟(戶)出租,有,1150425~1160424,有,冷氣、熱水器、冰箱、瓦斯或天然氣,社會住宅包租轉租
永康區,租賃房屋,臺南市永康區國華街５５號１５樓之１,0.0,,,,1150408,土地0建物1車位0,十五層,15,住宅大樓(11層含以上有電梯),國民住宅,鋼筋混凝土造,0841009,114.58,3,2,2,有,有,無,17000,148,,0.0,0,租金包含一機車車位，於B1層編號63號租金總額含管理費；,RPUOMLOLMHLGFKD86CC,整棟(戶)出租,有,1150412~1170411,有,冷氣、熱水器,
永康區,土地,永仁段744-2地號,61.66,住,,,1150326,土地1建物0車位0,,,其他,,,,0.0,0,0,0,無,無,無,40000,649,,0.0,0,含增建或未登記建物；,RPVOMLOLMHLGFKD96CC,,,1150401~1151130,,,
永康區,租賃房屋,臺南市永康區龍國街１３３號,0.0,,,,1150401,土地0建物1車位0,一層,4,店面(店鋪),住商用,鋼筋混凝土造,0900321,56.3,0,2,1,有,無,無,27307,485,,0.0,0,115年4月10日起至115年6月9日止為免租裝修期，租金起算日為115年6月10日租金總額含稅；水費；含增建或未登記建物；,RPWOMLOLMHLGFKD07CC,,無,1150410~1200409,無,,
永康區,租賃房屋,臺南市永康區中山東路１５０號十一樓之１０,0.0,,,,1150418,土地0建物1車位0,十一層,11,住宅大樓(11層含以上有電梯),住家用,鋼筋混凝土造,0900110,49.89,2,1,2,有,有,有,13500,271,,0.0,0,參加國家住宅及都市更新中心辦理社會住宅包租代管第五期計畫中央版續租案件；,RPXOMLOLMHLGFKD17CC,整棟(戶)出租,有,1150601~1160531,有,冷氣、熱水器、洗衣機、電視機、冰箱、瓦斯或天然氣,社會住宅代管
永康區,租賃房屋,臺南市永康區中正北路１９巷２弄８號,0.0,,,,1150422,土地0建物0車位0,全,4,透天厝,住宅，停車空間,鋼筋混凝土造,1000105,21.49,9,0,9,有,無,有,6500,302,,0.0,0,多人共同承租2；租金總額含網路費；續租案件；,RPOPMLOLMHLGFKD98CC,分租套房,無,1150504~1160503,無,冷氣、熱水器、洗衣機、電視機、冰箱、有線電視、網路,一般代管
永康區,租賃房屋+車位,臺南市永康區大安街４６８巷１２號三樓之１,0.0,,,,1150419,土地0建物1車位1,三層,10,華廈(10層含以下有電梯),住家用,鋼筋混凝土構造,1080131,105.78,2,1,1,有,有,有,19000,210,坡道平面,24.84,2000,參加國家住宅及都市更新中心辦理社會住宅包租代管第四期計畫公會版租金總額含管理費；續租案件；,RPPPMLOLMHLGFKD09CC,整棟(戶)出租,有,1150601~1160531,有,冷氣、熱水器、洗衣機、電視機、冰箱,社會住宅代管
永康區,租賃房屋+車位,臺南市永康區小東路４２３巷６號九樓之５,0.0,,,,1150414,土地0建物1車位1,九層,14,住宅大樓(11層含以上有電梯),集合住宅,鋼筋混凝土構造,1010320,171.79,3,2,2,有,有,無,22000,128,坡道平面,0.0,0,,RPQPMLOLMHLGFKD56CC,整棟(戶)出租,有,1150501~1160430,有,冷氣、熱水器、瓦斯或天然氣,
永康區,租賃房屋,臺南市永康區勝利街９５巷９弄１９號,0.0,,,,1150414,土地0建物1車位0,一層,1,其他,住家用,加強磚造、水泥瓦。,0611001,51.2,3,2,2,有,無,有,12500,244,,0.0,0,參加國家住宅及都市更新中心辦理社會住宅包租代管第5期計畫中央版多人共同承租2；,RPRPMLOLMHLGFKD66CC,整棟(戶)出租,無,1150415~1160414,無,冷氣、熱水器、洗衣機、冰箱,社會住宅包租轉租
安南區,租賃房屋,臺南市安南區永續２２街１７８號,0.0,,,,1150423,土地0建物0車位0,全,4,透天厝,店舖、集合住宅、停車空間,鋼筋混凝土造,1120503,23.14,6,1,7,有,無,有,8500,367,,0.0,0,,RPPNMLOLMHLGFBD08DC,分租套房,無,1150425~1160424,無,冷氣、熱水器、冰箱、網路,
安平區,租賃房屋,臺南市安平區平通路５８０巷５２號二樓之１,0.0,,,,1150414,土地0建物1車位0,二層,10,華廈(10層含以下有電梯),集合住宅,鋼筋混凝土造,1140307,80.75,2,1,1,有,有,無,19500,241,,0.0,0,,RPPNMLPLMHLGFAD97CC,整棟(戶)出租,有,1150415~1160414,有,冷氣、熱水器,
中西區,租賃房屋+車位,臺南市中西區健康路一段７６號五樓之１,0.0,,,,1150416,土地0建物1車位1,五層,7,華廈(10層含以下有電梯),住家用,鋼筋混凝土造,0851009,161.76,4,2,2,有,有,有,26000,161,坡道機械,0.0,0,參加國家住宅及都市更新中心辦理社會住宅包租代管第5期計畫中央版租金總額含管理費；,RPSNMLPLMHLGFAD28CC,整棟(戶)出租,有,1150417~1160416,有,冷氣、熱水器、洗衣機,社會住宅代管
中西區,租賃房屋,臺南市中西區民權路三段１９４號三樓之３,0.0,,,,1150417,土地0建物1車位0,三層,7,華廈(10層含以下有電梯),住家用,鋼筋混凝土造,0810611,26.45,1,1,1,有,有,有,8000,302,,0.0,0,參加國家住宅及都市更新中心辦理社會住宅包租代管第5期計畫中央版,RPTNMLPLMHLGFAD38CC,獨立套房,有,1150417~1160416,有,冷氣、熱水器、洗衣機、電視機、冰箱,社會住宅代管
北區,租賃房屋,臺南市北區和緯路二段３４１號五樓之３,0.0,,,,1150421,土地0建物1車位0,五層,15,住宅大樓(11層含以上有電梯),集合住宅,鋼筋混凝土造,1141110,78.38,2,1,2,有,有,有,22100,282,,0.0,0,參加國家住宅及都市更新中心辦理社會住宅包租代管第5期計畫中央版,RPVNMLPLMHLGFAD58CC,整棟(戶)出租,有,1150430~1160429,有,冷氣、熱水器、洗衣機、電視機、瓦斯或天然氣,社會住宅代管
安南區,租賃房屋,臺南市安南區府安路６段４５巷６號,0.0,,,,1150417,土地0建物0車位0,全,3,透天厝,住商用,鋼筋混凝土造,0700904,23.38,6,0,6,有,無,有,10400,445,,0.0,0,,RPPNMLPLMHLGFBD08CC,分租套房,無,1150501~1160531,無,冷氣、熱水器、洗衣機、電視機、冰箱、網路,一般轉租
東區,租賃房屋+車位,臺南市東區崇元一街８號八樓之２,0.0,,,,1150420,土地0建物1車位1,十四層,14,住宅大樓(11層含以上有電梯),集合住宅,鋼筋混凝土構造、鋼骨造,1120329,157.10000000000002,3,2,2,有,有,無,25000,159,坡道平面,15.13,0,,RPPNMLPLMHLGFCD18CC,整棟(戶)出租,有,1150515~1170514,有,冷氣、熱水器、瓦斯或天然氣,
東區,租賃房屋,臺南市東區林森路一段１４９號九樓之１,0.0,,,,1150413,土地0建物1車位0,九層,22,住宅大樓(11層含以上有電梯),住家用,鋼筋混凝土造,0800111,35.24,1,1,1,有,有,有,10000,284,,0.0,0,參加國家住宅及都市更新中心辦理社會住宅包租代管第5期計畫中央版,RPQNMLPLMHLGFCD28CC,獨立套房,有,1150416~1160415,有,冷氣、熱水器、洗衣機、電視機、冰箱,社會住宅代管
東區,租賃房屋+車位,臺南市東區德昌路１０２號,0.0,,,,1150424,土地0建物1車位1,一層,13,店面(店鋪),店舖,鋼筋混凝土造,1130904,169.51999999999998,0,1,1,有,有,無,35000,206,坡道平面,33.42,0,租金總額含管理費；,RPSNMLPLMHLGFCD48CC,,有,1150425~1160524,有,,
東區,租賃房屋,臺南市東區崇德二十二街８７號,0.0,,,,1150417,土地0建物1車位0,全,3,透天厝,住商用,鋼筋混凝土造,0690913,240.33,5,3,3,有,無,有,29000,121,,0.0,0,參加國家住宅及都市更新中心辦理社會住宅包租代管第5期計畫中央版,RPTNMLPLMHLGFCD58CC,整棟(戶)出租,無,1150417~1160416,無,冷氣、熱水器、洗衣機,社會住宅代管
南區,租賃房屋,臺南市南區大同路二段１３６巷１１號十一樓之５,0.0,,,,1150422,土地0建物1車位0,十一層,13,住宅大樓(11層含以上有電梯),集合住宅,鋼筋混凝土造,0881021,136.71,3,2,2,有,有,有,16000,117,,0.0,0,參加國家住宅及都市更新中心辦理社會住宅包租代管第5期計畫中央版,RPUNMLPLMHLGFCD68CC,整棟(戶)出租,有,1150423~1160422,有,冷氣、熱水器、洗衣機、電視機、冰箱,社會住宅代管
東區,租賃房屋,臺南市東區林森路一段１３２號八樓之７,0.0,,,,1150417,土地0建物1車位0,八層,16,住宅大樓(11層含以上有電梯),住家用,鋼筋混凝土造,0820609,125.78,3,2,2,有,有,有,20000,159,,0.0,0,參加國家住宅及都市更新中心辦理社會住宅包租代管第5期計畫中央版租金總額含管理費；,RPWNMLPLMHLGFCD88CC,整棟(戶)出租,有,1150420~1160419,有,冷氣、熱水器、洗衣機、電視機、冰箱,社會住宅代管
東區,租賃房屋+車位,臺南市東區崇德十九街２９號二樓之２,0.0,,,,1150418,土地0建物1車位1,二層,7,華廈(10層含以下有電梯),住家用,鋼筋混凝土造,0800706,192.29,4,2,2,有,有,有,23000,120,坡道平面,0.0,0,參加國家住宅及都市更新中心辦理社會住宅包租代管第5期計畫中央版,RPXNMLPLMHLGFCD98CC,整棟(戶)出租,有,1150420~1160419,有,冷氣、熱水器、洗衣機、冰箱,社會住宅代管
東區,租賃房屋,臺南市東區大同路二段２４５號七樓之２,0.0,,,,1150420,土地0建物1車位0,七層,7,華廈(10層含以下有電梯),住家用,鋼筋混凝土造,0720908,40.78,1,1,1,有,有,有,9000,221,,0.0,0,參加國家住宅及都市更新中心辦理社會住宅包租代管第5期計畫中央版多人共同承租2；,RPOOMLPLMHLGFCD18CC,獨立套房,有,1150420~1160419,有,冷氣、熱水器、洗衣機、電視機、冰箱,社會住宅代管
南區,租賃房屋,臺南市南區鹽埕路２９１巷１４弄４３號五樓之３,0.0,,,,1150423,土地0建物1車位0,五層,5,公寓(5樓含以下無電梯),住家用,鋼筋混凝土造,0700303,40.440000000000005,1,1,1,有,無,有,7000,173,,0.0,0,參加國家住宅及都市更新中心辦理社會住宅包租代管第5期計畫中央版,RPPOMLPLMHLGFCD28CC,獨立套房,無,1150424~1160423,無,冷氣、熱水器、洗衣機、冰箱,社會住宅代管
安定區,租賃房屋,臺南市安定區許中營２６之７號三樓之５,0.0,,,,1150416,土地0建物1車位0,三層,5,華廈(10層含以下有電梯),集合住宅,鋼筋混凝土造,1101004,96.19999999999999,2,1,2,有,有,有,16000,166,,0.0,0,參加國家住宅及都市更新中心辦理社會住宅包租代管第5期計畫中央版未租賃車位，建物登記含有車位面積；,RPPNMLPLMHLGFHD68CC,整棟(戶)出租,有,1150416~1160415,有,冷氣、熱水器、洗衣機、電視機、冰箱,社會住宅代管
歸仁區,租賃房屋,臺南市歸仁區大順街７０巷２７號,0.0,,,,1150415,土地0建物1車位0,全,2,透天厝,住家用,加強磚造,0721126,110.79,5,2,2,有,無,有,10000,90,,0.0,0,參加國家住宅及都市更新中心辦理社會住宅包租代管第5期計畫中央版,RPPNMLPLMHLGFID78CC,整棟(戶)出租,無,1150425~1160424,無,熱水器、洗衣機、電視機、冰箱,社會住宅代管
仁德區,租賃房屋,臺南市仁德區文心路７８號十五樓之７,0.0,,,,1150415,土地0建物1車位0,十五層,24,住宅大樓(11層含以上有電梯),集合住宅,鋼筋混凝土構造,1100315,127.65,3,2,2,有,有,有,19500,153,,0.0,0,參加國家住宅及都市更新中心辦理社會住宅包租代管第5期計畫中央版未租賃車位，建物登記含有車位面積；,RPQNMLPLMHLGFID88CC,整棟(戶)出租,有,1150416~1180415,有,冷氣、熱水器、洗衣機、電視機、冰箱,社會住宅包租轉租
永康區,租賃房屋,臺南市永康區六合里中華路４１３巷１號七樓之三,0.0,,,,1150418,土地0建物1車位0,七層,7,華廈(10層含以下有電梯),住家用,鋼筋混凝土造,0840522,41.8,1,1,1,有,有,有,12500,299,,0.0,0,參加國家住宅及都市更新中心辦理社會住宅包租代管第5期計畫中央版,RPPNMLPLMHLGFKD98CC,獨立套房,有,1150418~1160417,有,冷氣、熱水器、洗衣機、電視機、冰箱,社會住宅代管
永康區,租賃房屋,臺南市永康區復華里國華街１０２巷６７號十樓之２,0.0,,,,1150421,土地0建物1車位0,十層,11,住宅大樓(11層含以上有電梯),住家用,鋼筋混凝土造,0841111,112.38,2,2,2,有,有,有,19000,169,,0.0,0,參加國家住宅及都市更新中心辦理社會住宅包租代管第5期計畫中央版,RPQNMLPLMHLGFKD09CC,整棟(戶)出租,有,1150421~1160420,有,冷氣、熱水器、洗衣機、冰箱,社會住宅代管
中西區,租賃房屋,臺南市中西區保安路１９１號六樓之４,0.0,,,,1150421,土地0建物1車位0,六層,7,華廈(10層含以下有電梯),住家用,鋼筋混凝土造,0701231,34.31,1,1,1,有,有,有,6800,198,,0.0,0,參加國家住宅及都市更新中心辦理社會住宅包租代管第5期計畫中央版租金總額含管理費；,RPPNMLQLMHLGFAD08CC,獨立套房,有,1150421~1160420,有,冷氣、熱水器、洗衣機、電視機、冰箱,社會住宅包租轉租
中西區,租賃房屋,臺南市中西區忠義路二段１８５號十樓之６,0.0,,,,1150421,土地0建物1車位0,十層,10,華廈(10層含以下有電梯),住家用,鋼筋混凝土造,0691203,36.54,1,1,1,有,有,有,10000,274,,0.0,0,參加國家住宅及都市更新中心辦理社會住宅包租代管第4期計畫公會版,RPQNMLQLMHLGFAD18CC,獨立套房,有,1150421~1160331,有,冷氣、熱水器、洗衣機、冰箱,社會住宅代管
東區,租賃房屋,臺南市東區崇德十八街１４號五樓,0.0,,,,1150417,土地0建物1車位0,五層,6,華廈(10層含以下有電梯),商業用,鋼筋混凝土造,0820216,84.32,2,2,2,有,有,有,19900,236,,0.0,0,參加國家住宅及都市更新中心辦理社會住宅包租代管第5期計畫中央版,RPQNMLQLMHLGFCD38CC,整棟(戶)出租,有,1150417~1180416,有,冷氣、熱水器、洗衣機、電視機、冰箱,社會住宅包租轉租
東區,租賃房屋,臺南市東區衛國街１１２巷６之３號,0.0,,,,1150417,土地0建物1車位0,四層,4,公寓(5樓含以下無電梯),集合住宅,鋼筋混凝土造,0690522,79.16,2,1,1,有,無,有,15000,189,,0.0,0,參加國家住宅及都市更新中心辦理社會住宅包租代管第5期計畫中央版,RPRNMLQLMHLGFCD48CC,整棟(戶)出租,無,1150419~1160418,無,冷氣、熱水器、洗衣機、電視機、冰箱,社會住宅包租轉租
東區,租賃房屋,臺南市東區東門路一段８４之５號三樓之７,0.0,,,,1150420,土地0建物1車位0,三層,9,華廈(10層含以下有電梯),住家用,鋼筋混凝土造,0800122,22.2,1,1,1,有,有,有,6000,270,,0.0,0,參加國家住宅及都市更新中心辦理社會住宅包租代管第5期計畫中央版,RPSNMLQLMHLGFCD58CC,獨立套房,有,1150420~1160419,有,冷氣、熱水器、洗衣機、冰箱,社會住宅包租轉租
東區,租賃房屋,臺南市東區中華東路二段１６７號十一樓之２,0.0,,,,1150415,土地0建物1車位0,十一層,14,住宅大樓(11層含以上有電梯),住家用,鋼筋混凝土造,0970229,36.5,1,1,1,有,有,有,9000,247,,0.0,0,參加國家住宅及都市更新中心辦理社會住宅包租代管第5期計畫中央版,RPTNMLQLMHLGFCD68CC,獨立套房,有,1150420~1160419,有,冷氣、熱水器、洗衣機、電視機、冰箱,社會住宅包租轉租
南區,租賃房屋,臺南市南區惠南街１０９巷２０號三樓之８,0.0,,,,1150413,土地0建物1車位0,三層,6,華廈(10層含以下有電梯),住家用,鋼筋混凝土造,0790412,23.26,1,1,1,有,有,有,5800,249,,0.0,0,參加國家住宅及都市更新中心辦理社會住宅包租代管增辦第4期計畫公會版租金總額含管理費；,RPUNMLQLMHLGFCD78CC,獨立套房,有,1150418~1170417,有,冷氣、熱水器、洗衣機、電視機、冰箱,社會住宅包租轉租
新市區,租賃房屋,臺南市新市區富林路５８９號六樓之３,0.0,,,,1150415,土地0建物1車位0,六層,14,住宅大樓(11層含以上有電梯),集合住宅,鋼筋混凝土造,1120823,104.37,2,2,2,有,有,有,17000,163,,0.0,0,參加國家住宅及都市更新中心辦理社會住宅包租代管增辦第4期計畫公會版未租賃車位，建物登記含有車位面積；續租案件；,RPPNMLQLMHLGFHD78CC,整棟(戶)出租,有,1150425~1160424,有,冷氣、熱水器、洗衣機、電視機、冰箱,社會住宅代管
永康區,租賃房屋,臺南市永康區尚頂里南台街１７０號七樓之２,0.0,,,,1150415,土地0建物1車位0,七層,7,華廈(10層含以下有電梯),住家用,鋼筋混凝土造,0850130,22.15,1,1,1,有,有,有,7000,316,,0.0,0,參加國家住宅及都市更新中心辦理社會住宅包租代管增辦第4期計畫公會版租金總額含管理費；續租案件；,RPQNMLQLMHLGFKD56CC,獨立套房,有,1150415~1160414,有,冷氣、熱水器、洗衣機、電視機、冰箱,社會住宅代管
永康區,租賃房屋,臺南市永康區國華街１０２巷９０號九樓之３,0.0,,,,1150420,土地0建物1車位0,九層,12,住宅大樓(11層含以上有電梯),住家用,鋼筋混凝土造,0831006,104.08999999999999,3,2,2,有,有,有,10500,101,,0.0,0,參加國家住宅及都市更新中心辦理社會住宅包租代管增辦第4期計畫公會版續租案件；,RPRNMLQLMHLGFKD66CC,整棟(戶)出租,有,1150501~1160430,有,熱水器、洗衣機、冰箱,社會住宅代管
安平區,租賃房屋,臺南市安平區育平五街６號５樓之１０,0.0,,,,1150330,土地0建物1車位0,五層,22,住宅大樓(11層含以上有電梯),住家用,鋼筋混凝土造,0861021,80.88,3,2,1,有,有,有,20000,247,,0.0,0,參加臺南市社會住宅包租代管第4期計畫續租案件；,RPPNMLRLMHLGFAD18CC,整棟(戶)出租,有,1150410~1160409,有,冷氣、熱水器、洗衣機、電視機、冰箱、瓦斯或天然氣,社會住宅代管
北區,租賃房屋,臺南市北區公園路６８１巷５號之４,0.0,,,,1150330,土地0建物1車位0,全,2,透天厝,住家用,加強磚造,0620109,75.0,2,2,1,有,無,有,16000,213,,0.0,0,參加臺南市社會住宅包租代管第4期計畫續租案件；,RPQNMLRLMHLGFAD28CC,整棟(戶)出租,無,1150401~1160228,無,冷氣、熱水器,社會住宅代管
北區,租賃房屋,臺南市北區開南街２７５巷６弄２７號,0.0,,,,1150419,土地0建物1車位0,全,2,透天厝,住家用,加強磚造,0630805,74.4,3,2,2,有,無,無,20000,269,,0.0,0,,RPSNMLRLMHLGFAD48CC,整棟(戶)出租,無,1150501~1160430,無,冷氣、熱水器,
安平區,租賃房屋,臺南市安平區慶平路５３９號２３樓之５A房,0.0,,,,1150405,土地0建物0車位0,二十三層,24,住宅大樓(11層含以上有電梯),集合住宅,鋼筋混凝土造,0880211,50.47,2,0,2,有,有,有,13000,258,,0.0,0,租金總額含管理費；租賃建物部分範圍，且未計入共有部分面積；,RPTNMLRLMHLGFAD58CC,分租套房,有,1150410~1160409,有,冷氣、熱水器、洗衣機、電視機、冰箱、瓦斯或天然氣、有線電視、網路,一般代管
北區,租賃房屋,臺南市北區西門路四段４５４號,0.0,,,,1150420,土地0建物1車位0,見其他登記事項,4,店面(店鋪),住商用,鋼筋混凝土造,0710226,240.77,6,2,4,有,無,無,28000,116,,0.0,0,續租案件；,RPUNMLRLMHLGFAD68CC,,無,1150421~1200420,無,,
安平區,租賃房屋,臺南市安平區慶平路５３９號二十一樓之１９,0.0,,,,1150422,土地0建物1車位0,見其他登記事項,24,住宅大樓(11層含以上有電梯),集合住宅,鋼筋混凝土造,0880211,127.16999999999999,3,1,2,有,有,有,16000,126,,0.0,0,台南市政府包租代管第4期計畫之物件。,RPVNMLRLMHLGFAD78CC,整棟(戶)出租,有,1150425~1160424,有,冷氣、熱水器、洗衣機、電視機、冰箱、瓦斯或天然氣,社會住宅包租轉租
中西區,租賃房屋,臺南市中西區府緯街９巷２９號二樓之１１,0.0,,,,1150422,土地0建物1車位0,二層,5,華廈(10層含以下有電梯),辦公室,鋼筋混凝土造,0791113,20.6,1,0,1,有,有,有,4000,194,,0.0,0,台南市不動產租賃公會民間住宅包租代管第5期計畫之物件。,RPWNMLRLMHLGFAD88CC,獨立套房,有,1150425~1160424,有,冷氣、熱水器、電視機、冰箱,社會住宅包租轉租
安平區,租賃房屋+車位,臺南市安平區永華五街６號２０樓,0.0,,,,1150401,土地0建物1車位1,二十層,29,住宅大樓(11層含以上有電梯),集合住宅,鋼筋混凝土構造,1070921,146.74,3,2,2,有,有,有,30000,204,坡道平面,23.36,0,多人共同承租3；租金總額含管理費；,RPOOMLRLMHLGFAD18CC,整棟(戶)出租,有,1150401~1170331,有,冷氣、熱水器、電視機、冰箱、瓦斯或天然氣,一般代管
安平區,租賃房屋+車位,臺南市安平區府平路３９２號七樓之１,0.0,,,,1150401,土地0建物1車位1,七層,15,住宅大樓(11層含以上有電梯),集合住宅,鋼筋混凝土構造,1100930,136.73,2,2,1,有,有,有,20000,146,坡道平面,36.36,0,參加公會版住宅包租代管四之一期計畫續租案件；,RPQOMLRLMHLGFAD38CC,整棟(戶)出租,有,1150401~1160331,有,冷氣、熱水器、洗衣機、電視機、冰箱,社會住宅代管
北區,租賃房屋,臺南市北區力行三街６巷２８號,0.0,,,,1150426,土地0建物0車位0,全,2,透天厝,住家用,加強磚造,0680703,15.6,4,1,4,有,無,有,6500,417,,0.0,0,租金總額含水費；網路費；含增建或未登記建物；續租案件；,RPSOMLRLMHLGFAD58CC,分租套房,無,1150426~1160426,無,冷氣、熱水器、洗衣機、電視機、冰箱、網路,一般代管
安平區,租賃房屋,臺南市安平區健康路三段３３３號二十樓之２,0.0,,,,1150330,土地0建物1車位0,二十層,26,住宅大樓(11層含以上有電梯),集合住宅,鋼筋混凝土構造,1060124,114.7,2,1,1,有,有,有,21000,183,,0.0,0,台南市社會住宅包租代管第4期計畫公會版租金依照租金水準區間表評定未租賃車位，建物登記含有車位面積；續租案件；,RPVOMLRLMHLGFAD88CC,整棟(戶)出租,有,1150405~1160404,有,冷氣、熱水器、洗衣機、電視機、冰箱、瓦斯或天然氣,社會住宅代管
北區,租賃房屋+車位,臺南市北區文成二路２３５號六樓之５,0.0,,,,1150416,土地0建物1車位1,六層,13,住宅大樓(11層含以上有電梯),集合住宅,鋼筋混凝土構造,1111014,134.78,3,2,2,有,有,有,28000,208,坡道平面,16.55,0,租金總額含管理費；,RPWOMLRLMHLGFAD98CC,整棟(戶)出租,有,1150501~1170430,有,冷氣、熱水器、洗衣機、電視機、冰箱、瓦斯或天然氣,
中西區,租賃房屋,臺南市中西區海安路二段８６巷１０號,0.0,,,,1150416,土地0建物1車位0,見其他登記事項,3,店面(店鋪),住工用,磚造,0510101,190.09,1,1,2,有,無,無,54613,287,,0.0,0,租金總額含稅；,RPOPMLRLMHLGFAD28CC,,無,1150701~1200630,無,,
中西區,租賃房屋,臺南市中西區永福路二段２１１號四樓之３,0.0,,,,1150423,土地0建物1車位0,四層,10,華廈(10層含以下有電梯),住家用,鋼筋混凝土造,0821016,29.78,1,0,1,有,有,有,4850,163,,0.0,0,此為台南市社會住宅包租代管第4期計畫。管理費150元由出租人負擔。續租案件；,RPPPMLRLMHLGFAD38CC,獨立套房,有,1150501~1151105,有,冷氣、熱水器、洗衣機、電視機、冰箱,社會住宅包租轉租
安南區,租賃房屋+車位,臺南市安南區永續三街８６號９樓之５,0.0,,,,1150330,土地0建物1車位1,九層,14,住宅大樓(11層含以上有電梯),集合住宅,鋼筋混凝土造,1090114,142.57999999999998,2,2,2,有,有,有,19000,133,坡道機械,21.38,0,參加臺南市社會住宅包租代管第4期計畫續租案件；,RPPNMLRLMHLGFBD28CC,整棟(戶)出租,有,1150330~1160329,有,冷氣、熱水器、電視機、冰箱,社會住宅代管
安南區,租賃房屋,臺南市安南區永續十八街６７號十樓之５,0.0,,,,1150401,土地0建物1車位0,十層,13,住宅大樓(11層含以上有電梯),集合住宅,鋼筋混凝土造,1120110,150.28,3,2,2,有,有,無,16000,106,,0.0,0,?參加公會版住宅包租代管五期計畫未租賃車位，建物登記含有車位面積；,RPQNMLRLMHLGFBD38CC,整棟(戶)出租,有,1150401~1180331,有,冷氣、熱水器、洗衣機、冰箱、瓦斯或天然氣,社會住宅包租轉租
安南區,租賃房屋,臺南市安南區十二佃路１４０巷４０號,0.0,,,,1150422,土地0建物1車位0,全,3,透天厝,住家用,鋼筋混凝土造,1120516,163.28,4,2,4,有,無,有,32000,196,,0.0,0,多人共同承租2；,RPSNMLRLMHLGFBD58CC,整棟(戶)出租,無,1150505~1160504,無,冷氣、熱水器、洗衣機、電視機、冰箱、瓦斯或天然氣,
東區,租賃房屋,臺南市東區中華東路一段１６號九樓之８,0.0,,,,1150420,土地0建物1車位0,九層,14,住宅大樓(11層含以上有電梯),住家用,ＲＣ造,0930712,38.11,1,1,1,有,有,有,10000,262,,0.0,0,參加公會版住宅包租代管四期計畫續租案件；,RPPNMLRLMHLGFCD38CC,獨立套房,有,1150420~1160419,有,冷氣、熱水器、洗衣機、電視機、冰箱,社會住宅代管
南區,租賃房屋,臺南市南區萬年三街２３８號１３樓,0.0,,,,1150330,土地0建物1車位0,十三層,15,住宅大樓(11層含以上有電梯),集合住宅,鋼筋混凝土造,1050527,154.75,1,2,2,有,有,有,21000,136,,0.0,0,參加臺南市社會住宅包租代管第4期計畫多人共同承租2；租金總額含管理費；未租賃車位，建物登記含有車位面積；,RPQNMLRLMHLGFCD48CC,整棟(戶)出租,有,1150401~1160331,有,冷氣、熱水器、洗衣機、電視機、冰箱、瓦斯或天然氣,社會住宅代管
東區,租賃房屋,臺南市東區青年路３９８巷１０號之５,0.0,,,,1150330,土地0建物1車位0,一層,3,公寓(5樓含以下無電梯),住家用,鋼筋混凝土造,0850202,22.08,1,0,1,有,無,有,6000,272,,0.0,0,參加公會版住宅包租代管四期計畫續租案件；,RPRNMLRLMHLGFCD58CC,獨立套房,無,1150401~1160331,無,冷氣、熱水器、電視機、冰箱,社會住宅代管
東區,租賃房屋,臺南市東區崇善東路６１號,0.0,,,,1150407,土地0建物1車位0,見其他登記事項,3,店面(店鋪),住商用,鋼筋混凝土造,0690829,66.77,4,2,3,有,無,無,15000,225,,0.0,0,1.契約書未約定土地租賃標的。2.由所有權人提供租屋資訊。3.自中華民國115年4月8日起至115年4月14日止為免租金裝潢期。租金總額含稅；,RPSNMLRLMHLGFCD68CC,,無,1150415~1180414,無,熱水器,
東區,租賃房屋,臺南市東區建東街４３巷１號二樓,0.0,,,,1150331,土地0建物1車位0,二層,5,公寓(5樓含以下無電梯),住家用,鋼筋混凝土造,0791105,82.55000000000001,3,2,1,有,無,有,14000,170,,0.0,0,參加公會版住宅包租代管四之一期計畫續租案件；,RPTNMLRLMHLGFCD78CC,整棟(戶)出租,無,1150401~1160331,無,冷氣、熱水器、洗衣機、電視機、冰箱、瓦斯或天然氣,社會住宅代管
東區,租賃房屋,臺南市東區崇善東路６１號,0.0,,,,1150407,土地0建物1車位0,全,3,透天厝,住商用,鋼筋混凝土造,0690829,88.82,4,2,3,有,無,無,13000,146,,0.0,0,1.契約書未約定土地租賃標的。2.由所有權人提供租屋資訊。3.自115/4/8至115/4/14為甲方提供乙方之免租金搬遷期。,RPUNMLRLMHLGFCD88CC,分層出租,無,1150415~1180414,無,熱水器,
東區,租賃房屋,臺南市東區崇明十二街８號,0.0,,,,1150426,土地0建物0車位0,全,2,透天厝,住商用,加強磚造,0750403,25.6,4,4,4,有,無,有,13000,508,,0.0,0,多人共同承租2；租金總額含水費；網路費；含增建或未登記建物；續租案件；,RPVNMLRLMHLGFCD98CC,分租套房,無,1150426~1160426,無,冷氣、熱水器、洗衣機、電視機、冰箱、網路,一般代管
東區,租賃房屋,臺南市東區林森路二段１９２巷１０４之４號,0.0,,,,1150330,土地0建物1車位0,五層,5,公寓(5樓含以下無電梯),住家用,鋼筋混凝土造,0701214,100.81,4,1,1,有,無,有,14800,147,,0.0,0,台南市社會住宅包租代管第4期計畫公會版租金依照租金水準區間表評定,RPWNMLRLMHLGFCD09CC,整棟(戶)出租,無,1150403~1160131,無,冷氣、熱水器、洗衣機、電視機、冰箱、瓦斯或天然氣,社會住宅代管
東區,租賃房屋,臺南市東區富農街一段１３８巷１６號,0.0,,,,1150425,土地0建物0車位0,全,3,透天厝,住家用,鋼筋混凝土造,0700620,22.0,8,1,8,有,無,無,7800,355,,0.0,0,多人共同承租2；租金總額含水費；網路費；含增建或未登記建物；,RPXNMLRLMHLGFCD56CC,分租套房,無,1150501~1160430,無,冷氣、熱水器、網路,
東區,租賃房屋,臺南市東區富農街一段１０號,0.0,,,,1150410,土地0建物1車位0,全,3,透天厝,住商用,加強磚造,0630614,125.6,5,2,3,有,無,有,20000,159,,0.0,0,多人共同承租2；,RPQOMLRLMHLGFCD58CC,整棟(戶)出租,無,1150420~1170419,無,冷氣、熱水器、冰箱,
新營區,租賃房屋,臺南市新營區東興三街２２巷４２號四樓之３,0.0,,,,1150410,土地0建物1車位0,四層,6,華廈(10層含以下有電梯),住家用,鋼筋混凝土造,0840710,30.599999999999998,1,0,1,有,有,有,4500,147,,0.0,0,參加公會版住宅包租代管四期計畫續租案件；,RPPNMLRLMHLGFDD48CC,獨立套房,有,1150410~1160409,有,冷氣、熱水器、洗衣機、冰箱,社會住宅代管
鹽水區,租賃房屋,臺南市鹽水區土庫８４號四樓之十六,0.0,,,,1150330,土地0建物1車位0,四層,4,公寓(5樓含以下無電梯),住家用,鋼筋混凝土造,0820401,34.11,1,1,1,有,無,有,6000,176,,0.0,0,台南市社會住宅包租代管第4期計畫公會版租金依照租金水準區間表評定續租案件；,RPQNMLRLMHLGFDD58CC,獨立套房,無,1150405~1160404,無,冷氣、熱水器、洗衣機、電視機、冰箱,社會住宅代管
安定區,租賃房屋+車位,臺南市安定區港子尾５７之１５號五樓之５,0.0,,,,1150417,土地0建物1車位1,五層,7,華廈(10層含以下有電梯),集合住宅,鋼筋混凝土造,1140214,85.14,2,1,2,有,有,有,16000,188,其他,9.45,0,台南市不動產租賃公會民間住宅包租代管第5期計畫之物件。,RPPNMLRLMHLGFHD88CC,整棟(戶)出租,有,1150420~1160419,有,冷氣、熱水器、洗衣機、冰箱、瓦斯或天然氣,社會住宅包租轉租
新市區,租賃房屋,臺南市新市區信義街２５巷７號２樓之２,0.0,,,,1150427,土地0建物0車位0,二層,6,華廈(10層含以下有電梯),集合住宅,鋼筋混凝土造,1131204,47.480000000000004,2,0,2,有,有,有,11000,232,,0.0,0,租金總額含管理費；網路費；未租賃車位，建物登記含有車位面積；,RPQNMLRLMHLGFHD98CC,分租套房,有,1150501~1160430,有,冷氣、熱水器、洗衣機、網路,
善化區,租賃房屋+車位,臺南市善化區建業路２３３號２樓之５,0.0,,,,1150424,土地0建物1車位1,二層,7,華廈(10層含以下有電梯),集合住宅,鋼筋混凝土造,1120724,84.94,3,2,2,有,有,有,19000,224,其他,6.07,0,多人共同承租2；,RPVNMLRLMHLGFHD86CC,整棟(戶)出租,有,1150501~1160430,有,冷氣、熱水器、洗衣機、電視機、冰箱,一般代管
善化區,租賃房屋,臺南市善化區和平路１２０號,0.0,,,,1150425,土地0建物0車位0,全,4,透天厝,住宅、店舖、樓梯間,鋼筋混凝土造,0940523,18.0,6,0,6,有,無,有,8300,461,,0.0,0,多人共同承租2；租金總額含管理費；水費；網路費；,RPXNMLRLMHLGFHD07CC,分租套房,無,1150425~1160424,無,冷氣、熱水器、電視機、冰箱、網路,一般代管
仁德區,租賃房屋,臺南市仁德區保學ㄧ街３８號,0.0,,,,1150418,土地0建物0車位0,全,4,透天厝,住商用,鋼筋混凝土造,0960420,57.23,7,1,7,有,無,有,15000,262,,0.0,0,,RPQNMLRLMHLGFID09CC,分租套房,無,1150418~1160417,無,冷氣、熱水器、洗衣機、冰箱,
歸仁區,租賃房屋,臺南市歸仁區中山路一段５２６號,126.12,商,,,1150402,土地2建物1車位0,見其他登記事項,2,店面(店鋪),住商用,加強磚造,,136.94,3,2,2,有,無,無,32000,234,,0.0,0,租金總額含稅；,RPRNMLRLMHLGFID56CC,,無,1150515~1200514,無,,
仁德區,租賃房屋,臺南市仁德區中正路一段２５１巷２５弄３１號,0.0,,,,1150426,土地0建物0車位0,全,5,透天厝,住宅、停車空間,鋼筋混凝土構造,1060930,18.31,17,1,17,有,無,有,7000,382,,0.0,0,租金總額含水費；網路費；續租案件；,RPSNMLRLMHLGFID66CC,分租套房,無,1150426~1160426,有,冷氣、熱水器、洗衣機、電視機、冰箱、網路,一般代管
永康區,租賃房屋,臺南市永康區大橋一街５７之５號１３樓之３０,0.0,,,,1150410,土地0建物1車位0,十三層,14,住宅大樓(11層含以上有電梯),住家用,鋼筋混凝土造,0880824,31.0,1,0,1,有,有,有,8500,274,,0.0,0,參加公會版住宅包租代管四期計畫租金總額含管理費；續租案件；,RPPNMLRLMHLGFKD56CC,獨立套房,有,1150410~1160409,有,冷氣、熱水器、洗衣機、電視機、冰箱,社會住宅代管
永康區,土地,頂中段953地號,353.21,工,,,1150420,土地4建物0車位0,,,其他,,,,0.0,0,0,0,無,無,無,27000,76,,0.0,0,出租未保存登記廠房，門牌：台南市永康區正南一街107巷26號之2，故以土地地號承租，永康區頂中段953地號約1/4範圍約152.18平方公尺、953-1地號約1/2範圍約9.31平方公尺、954地號約1/4範圍約147.74平方公尺、955地號約1/10範圍約43.98平方公尺。下期承租增加1000元，月租28000元,RPQNMLRLMHLGFKD66CC,,,1150501~1170430,,,
永康區,租賃房屋,臺南市永康區復華里復國一路４７５巷２８號三樓之３２,0.0,,,,1150423,土地0建物1車位0,三層,5,華廈(10層含以下有電梯),住家用,鋼筋混凝土構造,1070402,13.989999999999998,1,0,1,有,有,有,4350,311,,0.0,0,含增建或未登記建物；,RPRNMLRLMHLGFKD76CC,獨立套房,有,1150522~1160521,有,冷氣、熱水器、電視機、冰箱、網路,一般代管
永康區,租賃房屋,臺南市永康區復華里復國一路４７５巷２８號五樓之１１,0.0,,,,1150423,土地0建物1車位0,五層,5,華廈(10層含以下有電梯),住家用,鋼筋混凝土構造,1070402,13.61,1,0,1,有,有,有,4350,320,,0.0,0,含增建或未登記建物；續租案件；,RPSNMLRLMHLGFKD86CC,獨立套房,有,1150616~1160615,有,冷氣、熱水器、電視機、冰箱、網路,一般代管
永康區,租賃房屋,臺南市永康區中華路４１３巷１號６樓之５,0.0,,,,1150417,土地0建物1車位0,六層,7,華廈(10層含以下有電梯),住家用,鋼筋混凝土造,0840522,35.78,1,0,1,有,有,有,9000,252,,0.0,0,多人共同承租2；租金總額含管理費；,RPTNMLRLMHLGFKD96CC,整棟(戶)出租,有,1150424~1160423,有,冷氣、熱水器、洗衣機、電視機、冰箱,
永康區,租賃房屋,臺南市永康區成功路１８８巷２號五樓之４,0.0,,,,1150330,土地0建物1車位0,五層,7,華廈(10層含以下有電梯),住家用,鋼筋混凝土造,0820716,32.74,1,0,1,有,有,有,6000,183,,0.0,0,參加公會版住宅包租代管四之一期計畫租金總額含管理費；續租案件；,RPUNMLRLMHLGFKD07CC,獨立套房,有,1150401~1160331,有,冷氣、熱水器、電視機、冰箱,社會住宅代管
永康區,租賃房屋,臺南市永康區大橋二街２３９巷２１弄３８號四樓之２,0.0,,,,1150422,土地0建物1車位0,四層,5,華廈(10層含以下有電梯),住家用,鋼筋混凝土造,0830701,24.42,1,0,1,有,有,有,9100,373,,0.0,0,台南市不動產租賃公會民間住宅包租代管第4期計畫。續租案件；,RPVNMLRLMHLGFKD17CC,獨立套房,有,1150517~1160516,有,冷氣、熱水器、洗衣機、電視機、冰箱,社會住宅代管
北區,租賃房屋,臺南市北區北成路３０號５樓之３,0.0,,,,1150331,土地0建物1車位0,五層,14,住宅大樓(11層含以上有電梯),集合住宅,鋼筋混凝土造,0881106,174.82999999999998,3,2,2,有,有,有,20000,114,,0.0,0,參加臺南市社會住宅包租代管第4期計畫租金總額含管理費；未租賃車位，建物登記含有車位面積；續租案件；,RPPNMLSLMHLGFAD28CC,整棟(戶)出租,有,1150401~1160331,有,冷氣、熱水器、洗衣機、冰箱、瓦斯或天然氣,社會住宅代管
安平區,租賃房屋,臺南市安平區華平路７２１號,0.0,,,,1150422,土地0建物0車位0,全,4,透天厝,停車空間、店舖、住宅,ＲＣ造,0940516,18.55,4,2,4,有,無,有,14500,782,,0.0,0,承租人負擔垃圾清潔費500/月多人共同承租2；租金總額含水費；網路費；其他第四台；含增建或未登記建物；,RPQNMLSLMHLGFAD38CC,分租套房,無,1150422~1160421,無,冷氣、熱水器、洗衣機、電視機、冰箱、有線電視、網路,一般代管
中西區,租賃房屋,臺南市中西區府前路二段２５８巷３１號４樓之１３,0.0,,,,1150423,土地0建物1車位0,四層,6,華廈(10層含以下有電梯),住家用,鋼筋混凝土造,0790615,28.73,1,0,1,有,有,有,8000,278,,0.0,0,租金總額含管理費；,RPRNMLSLMHLGFAD48CC,獨立套房,有,1150423~1160422,有,冷氣、熱水器、洗衣機、電視機、冰箱,
中西區,租賃房屋,臺南市中西區西門路二段４３３號,0.0,,,,1150427,土地0建物1車位0,見其他登記事項,2,店面(店鋪),住家用,磚造,0230101,159.13,0,3,1,有,無,無,40000,251,,0.0,0,1.使用範圍1樓全部與二樓前棟後棟屋主自行使用。2.裝修期一個月免收租金，收租日6/1起算。租金總額含稅；租賃期間有約定不同租金1.合約期5年，前兩年月租4萬，第三年開始4.5萬到合約結束。2.合約期間內2樓開始營業需提前告知屋主，爾後營業期間每月租金漲5000元整。；,RPSNMLSLMHLGFAD58CC,,無,1150427~1200430,無,,
北區,租賃房屋,臺南市北區公園路５９７巷２號五樓之２２,0.0,,,,1150331,土地0建物1車位0,五層,5,公寓(5樓含以下無電梯),住家用,鋼筋混凝土造,0701027,51.26,1,1,1,有,無,有,7500,146,,0.0,0,台南市社會住宅包租代管第5期計畫中央版租金依照租金水準區間表評定,RPTNMLSLMHLGFAD68CC,獨立套房,無,1150407~1160406,無,冷氣、熱水器、洗衣機、冰箱,社會住宅代管
北區,租賃房屋,臺南市北區大武街５９９號,0.0,,,,1150422,土地0建物0車位0,全,2,透天厝,住商用,鋼筋混凝土造,0690730,26.44,2,0,3,有,無,有,9000,340,,0.0,0,租金總額含網路費；續租案件；,RPUNMLSLMHLGFAD78CC,分租套房,無,1150602~1160601,無,冷氣、熱水器、洗衣機、電視機、冰箱、網路,一般代管
北區,租賃房屋,臺南市北區前鋒路２９０巷６號,0.0,,,,1150424,土地0建物1車位0,全,1,透天厝,住家用,磚造,0500630,53.96,2,2,2,有,無,有,18000,334,,0.0,0,多人共同承租2；,RPVNMLSLMHLGFAD88CC,整棟(戶)出租,無,1150501~1170430,無,冷氣、熱水器、冰箱,
安平區,租賃房屋,臺南市安平區國平北路１４７號三樓之９,0.0,,,,1150415,土地0建物1車位0,三層,34,住宅大樓(11層含以上有電梯),集合住宅,鋼骨鋼筋混凝土造、鋼筋混凝土造,1140415,79.15,2,2,1,有,有,有,20000,253,,0.0,0,參加公會版住宅包租代管五期計畫租金總額含管理費；,RPWNMLSLMHLGFAD98CC,整棟(戶)出租,有,1150415~1160414,有,冷氣、熱水器、洗衣機、電視機、冰箱,社會住宅代管
北區,租賃房屋,臺南市北區長榮路五段４１巷７２號五樓之３,0.0,,,,1150424,土地0建物1車位0,五層,14,住宅大樓(11層含以上有電梯),集合住宅,鋼筋混凝土造,0920916,148.9,3,1,2,有,有,有,12220,82,,0.0,0,台南市社會住宅包租代管第4期計畫。管理費780元由出租人負擔未租賃車位，建物登記含有車位面積；續租案件；,RPXNMLSLMHLGFAD09CC,整棟(戶)出租,有,1150510~1160509,有,冷氣、熱水器、洗衣機、冰箱、瓦斯或天然氣,社會住宅包租轉租
安平區,租賃房屋,臺南市安平區健康路三段３１７號七樓之２,0.0,,,,1150417,土地0建物1車位0,七層,27,住宅大樓(11層含以上有電梯),集合住宅,鋼筋混凝土構造,1051109,113.9,2,2,2,有,有,有,15000,132,,0.0,0,參加公會版住宅包租代管五期計畫未租賃車位，建物登記含有車位面積；,RPOOMLSLMHLGFAD28CC,整棟(戶)出租,有,1150420~1160419,有,冷氣、熱水器、洗衣機、電視機、冰箱,社會住宅代管
中西區,租賃房屋,臺南市中西區金華路三段２１８號１３樓之８,0.0,,,,1150420,土地0建物1車位0,十三層,18,住宅大樓(11層含以上有電梯),住家用,鋼筋混凝土造,0840704,62.59,1,0,1,有,有,有,9000,144,,0.0,0,參加公會版住宅包租代管五期計畫,RPPOMLSLMHLGFAD38CC,獨立套房,有,1150420~1160419,有,冷氣、熱水器、洗衣機、冰箱,社會住宅代管
北區,租賃房屋,臺南市北區公園路５８７之３４號二樓,0.0,,,,1150420,土地0建物1車位0,二層,5,公寓(5樓含以下無電梯),住家用,鋼筋混凝土造,0780410,65.02,2,2,1,有,有,有,12000,185,,0.0,0,參加公會版住宅包租代管五期計畫,RPQOMLSLMHLGFAD48CC,整棟(戶)出租,有,1150420~1160419,無,冷氣、熱水器、洗衣機、電視機、冰箱,社會住宅代管
北區,租賃房屋,臺南市北區公園南路３４３號１３樓之５,0.0,,,,1150420,土地0建物1車位0,十三層,14,住宅大樓(11層含以上有電梯),集合住宅,鋼筋混凝土造,0971219,90.42,2,2,1,有,有,有,19000,210,,0.0,0,參加公會版住宅包租代管五期計畫多人共同承租2；未租賃車位，建物登記含有車位面積；,RPSOMLSLMHLGFAD68CC,整棟(戶)出租,有,1150420~1180419,有,冷氣、洗衣機、電視機、冰箱,社會住宅代管
中西區,租賃房屋,臺南市中西區民權路一段１９１號６樓之２,0.0,,,,1150426,土地0建物1車位0,六層,10,華廈(10層含以下有電梯),集合住宅,鋼筋混凝土構造,1140506,73.42,2,2,1,有,有,無,21000,286,,0.0,0,,RPTOMLSLMHLGFAD78CC,整棟(戶)出租,有,1150428~1170427,有,冷氣、熱水器、洗衣機、瓦斯或天然氣,
安南區,租賃房屋+車位,臺南市安南區永續十八街６７號十三樓之３,0.0,,,,1150331,土地0建物1車位1,十三層,13,住宅大樓(11層含以上有電梯),集合住宅,鋼筋混凝土造,1120110,115.96000000000001,2,2,2,有,有,有,25000,216,坡道平面,26.87,0,參加臺南市社會住宅包租代管第4期計畫租金總額含管理費；續租案件；,RPPNMLSLMHLGFBD38CC,整棟(戶)出租,有,1150410~1160409,有,冷氣、熱水器、洗衣機、電視機、冰箱、瓦斯或天然氣,社會住宅代管
安南區,租賃房屋,臺南市安南區本原街一段９４巷５號,0.0,,,,1150421,土地0建物1車位0,全,2,透天厝,住家用,鋼筋混凝土造,0790220,133.65,4,2,2,有,無,有,25000,187,,0.0,0,含增建或未登記建物；,RPQNMLSLMHLGFBD48CC,整棟(戶)出租,無,1150501~1160430,無,冷氣、熱水器、洗衣機、冰箱、瓦斯或天然氣,
安南區,租賃房屋,臺南市安南區安中路一段７００巷６０號,0.0,,,,1150402,土地0建物1車位0,一層,4,公寓(5樓含以下無電梯),集合住宅,鋼筋混凝土造,0700907,95.2,3,2,3,有,無,有,16000,168,,0.0,0,台南市社會住宅包租代管第5期計畫中央版租金依照租金水準區間表評定,RPRNMLSLMHLGFBD58CC,整棟(戶)出租,無,1150415~1180414,無,熱水器,社會住宅包租轉租
安南區,租賃房屋,臺南市安南區安中路一段７０３巷４１之３號,0.0,,,,1150424,土地0建物1車位0,四層,4,公寓(5樓含以下無電梯),集合住宅,鋼筋混凝土造,0700907,103.93,3,1,2,有,無,無,11000,106,,0.0,0,台南市社會住宅包租代管第4期計畫。續租案件；,RPSNMLSLMHLGFBD68CC,整棟(戶)出租,無,1150430~1160429,無,冷氣、熱水器、洗衣機、瓦斯或天然氣,社會住宅包租轉租
安南區,租賃房屋,臺南市安南區十二佃路２１３巷１９號,0.0,,,,1150424,土地0建物1車位0,全,3,透天厝,住家用,鋼筋混凝土造,1020207,160.37,4,2,3,有,無,無,18500,115,,0.0,0,台南市社會住宅包租代管第4期計畫。續租案件；,RPTNMLSLMHLGFBD78CC,整棟(戶)出租,無,1150509~1160508,無,熱水器、瓦斯或天然氣,社會住宅包租轉租
安南區,租賃房屋,臺南市安南區安中二街２５號六樓之３,0.0,,,,1150410,土地0建物1車位0,六層,14,住宅大樓(11層含以上有電梯),集合住宅,鋼筋混凝土造,1140425,151.66,2,2,2,有,有,有,21400,141,,0.0,0,台南市社會住宅包租代管第5期計畫中央版租金依照租金水準區間表評定未租賃車位，建物登記含有車位面積；,RPUNMLSLMHLGFBD88CC,整棟(戶)出租,有,1150420~1180419,有,冷氣、熱水器,社會住宅包租轉租
東區,租賃房屋,臺南市東區青年路３９８巷１０號３樓之２,0.0,,,,1150331,土地0建物1車位0,三層,3,公寓(5樓含以下無電梯),住家用,鋼筋混凝土造,0850202,18.29,1,0,1,有,無,有,5800,317,,0.0,0,參加臺南市社會住宅包租代管第4期計畫續租案件；,RPPNMLSLMHLGFCD48CC,獨立套房,無,1150401~1160331,無,冷氣、熱水器、電視機、冰箱,社會住宅代管
東區,租賃房屋,臺南市東區勝利路５０之５號,0.0,,,,1150423,土地0建物1車位0,見其他登記事項,8,店面(店鋪),住商用,鋼筋混凝土造,0830208,196.45,0,0,0,無,有,無,34000,173,,0.0,0,租金總額含稅；,RPQNMLSLMHLGFCD58CC,,有,1150601~1180531,有,,
東區,租賃房屋,臺南市東區中華東路二段１６７號三樓之２０,0.0,,,,1150331,土地0建物1車位0,三層,14,住宅大樓(11層含以上有電梯),住家用,鋼筋混凝土造,0970229,33.769999999999996,1,1,1,有,有,有,8200,243,,0.0,0,台南市社會住宅包租代管增辦第4期計畫公會版租金依照租金水準區間表評定續租案件；,RPRNMLSLMHLGFCD68CC,獨立套房,有,1150410~1160409,有,冷氣、熱水器、洗衣機、電視機、冰箱,社會住宅代管
東區,租賃房屋,臺南市東區怡東路６６號２樓,0.0,,,,1150331,土地0建物1車位0,二層,5,公寓(5樓含以下無電梯),住家用,鋼筋混凝土造,0721216,97.11999999999999,3,2,2,有,無,有,13000,134,,0.0,0,台南市社會住宅包租代管增辦第4期計畫公會版租金依照租金水準區間表評定續租案件；,RPSNMLSLMHLGFCD78CC,整棟(戶)出租,無,1150625~1160624,無,冷氣、熱水器、洗衣機、電視機、冰箱,社會住宅代管
東區,租賃房屋,臺南市東區育樂街１５８巷２１之４號,0.0,,,,1150410,土地0建物1車位0,四層,4,公寓(5樓含以下無電梯),住家用,鋼筋混凝土造,0601212,39.15,2,1,1,有,無,有,12000,307,,0.0,0,參加公會版住宅包租代管五期計畫多人共同承租2；,RPTNMLSLMHLGFCD88CC,整棟(戶)出租,無,1150410~1160409,無,冷氣、熱水器、洗衣機、冰箱,社會住宅代管
東區,租賃房屋,臺南市東區裕農路２８８巷１７號九樓,0.0,,,,1150416,土地0建物1車位0,九層,12,住宅大樓(11層含以上有電梯),住家用,鋼筋混凝土造,0800829,157.19,3,2,2,有,有,無,20000,127,,0.0,0,另有管理費2800元，由承租人負擔。,RPUNMLSLMHLGFCD98CC,整棟(戶)出租,有,1150510~1180509,有,冷氣、熱水器、瓦斯或天然氣,社會住宅代管
南區,租賃房屋,臺南市南區萬年三街２５０號三樓,0.0,,,,1150407,土地0建物1車位0,三層,15,住宅大樓(11層含以上有電梯),集合住宅,鋼筋混凝土造,1050527,104.77000000000001,2,2,1,有,有,有,15000,143,,0.0,0,台南市社會住宅包租代管第5期計畫中央版租金依照租金水準區間表評定未租賃車位，建物登記含有車位面積；,RPVNMLSLMHLGFCD09CC,整棟(戶)出租,有,1150410~1180409,有,冷氣、熱水器、洗衣機、電視機、冰箱、瓦斯或天然氣,社會住宅包租轉租
南區,租賃房屋,臺南市南區金華路二段２２８巷１３號三樓之２,0.0,,,,1150419,土地0建物1車位0,三層,4,公寓(5樓含以下無電梯),住家用,鋼筋混凝土造,0691231,74.08,2,2,1,有,無,有,7000,94,,0.0,0,,RPWNMLSLMHLGFCD56CC,整棟(戶)出租,無,1150501~1160430,無,冷氣、熱水器、瓦斯或天然氣,社會住宅代管
東區,租賃房屋,臺南市東區育樂街１５８巷９之３號,0.0,,,,1150427,土地0建物0車位0,三層,4,公寓(5樓含以下無電梯),住家用,補強磚造,0591212,40.0,2,2,2,有,無,有,13500,338,,0.0,0,租金總額含水費；網路費；,RPOOMLSLMHLGFCD48CC,分租套房,無,1150427~1160427,無,冷氣、熱水器、洗衣機、電視機、冰箱、網路,一般轉租
東區,租賃房屋,臺南市東區民族路一段１４號,0.0,,,,1150427,土地0建物0車位0,全,3,透天厝,住商用,加強磚造,0640204,14.13,7,1,7,有,無,有,6000,425,,0.0,0,租金總額含水費；網路費；含增建或未登記建物；,RPPOMLSLMHLGFCD58CC,分租套房,無,1150427~1160427,無,冷氣、熱水器、洗衣機、電視機、冰箱、網路,一般轉租
東區,租賃房屋,臺南市東區民族路一段１６號,0.0,,,,1150425,土地0建物0車位0,全,3,透天厝,住商用,加強磚造,0640201,20.94,8,1,8,有,無,有,6000,287,,0.0,0,租金總額含水費；網路費；含增建或未登記建物；,RPQOMLSLMHLGFCD68CC,分租套房,無,1150425~1160425,無,冷氣、熱水器、洗衣機、電視機、冰箱、網路,一般轉租
六甲區,租賃房屋,臺南市六甲區龜子港３０３巷１６弄５號,0.0,,,,1150421,土地0建物1車位0,全,3,透天厝,住家用,鋼筋混凝土造,0831228,160.31,4,2,3,有,無,無,12000,75,,0.0,0,,RPPNMLSLMHLGFFD78CC,整棟(戶)出租,無,1150425~1160424,無,熱水器,
佳里區,租賃房屋,臺南市佳里區佳安東路３０號二樓之２,0.0,,,,1150424,土地0建物1車位0,二層,10,華廈(10層含以下有電梯),住家用,鋼筋混凝土造,0880917,146.29000000000002,3,1,2,有,有,有,13800,94,,0.0,0,台南市社會住宅包租代管第4期計畫。管理費1200元由出租人負擔續租案件；,RPPNMLSLMHLGFGD88CC,整棟(戶)出租,有,1150518~1160517,有,冷氣、熱水器、瓦斯或天然氣,社會住宅代管
新市區,租賃房屋,臺南市新市區豐榮１７６之６號,0.0,,,,1150407,土地0建物2車位0,見其他登記事項,1,倉庫,工業用,鋼骨構造有牆,1080811,340.61,0,0,0,無,無,無,40000,,,0.0,0,1.房屋稅及地價稅由甲方負擔，水電費及其營業所產生之稅捐由乙方負擔2.此租賃範圍含建號01457-000，門牌:台南市新市區豐榮189之23號租金總額含稅；,RPPNMLSLMHLGFHD98CC,,無,1150410~1160409,無,,
善化區,租賃房屋,臺南市善化區東勢寮１５８號三樓之５,0.0,,,,1150424,土地0建物1車位0,三層,7,華廈(10層含以下有電梯),集合住宅,鋼筋混凝土造,1130820,75.89,2,1,2,有,有,有,14000,184,,0.0,0,台南市社會住宅包租代管第4期計畫。管理費2000元由出租人負擔續租案件；,RPQNMLSLMHLGFHD09CC,整棟(戶)出租,有,1150501~1160430,有,冷氣、熱水器、洗衣機、電視機、冰箱,社會住宅包租轉租
仁德區,租賃房屋,臺南市仁德區文心路６８號十一樓之６,0.0,,,,1150410,土地0建物1車位0,十一層,24,住宅大樓(11層含以上有電梯),集合住宅,鋼筋混凝土構造,1100315,104.56,2,2,1,有,有,有,17300,165,,0.0,0,參加公會版住宅包租代管五期計畫未租賃車位，建物登記含有車位面積；,RPRNMLSLMHLGFID66CC,整棟(戶)出租,有,1150410~1160409,有,冷氣、熱水器、洗衣機、電視機、冰箱,社會住宅代管
歸仁區,租賃房屋,臺南市歸仁區武東一街４９巷６８號二樓之４,0.0,,,,1150424,土地0建物1車位0,二層,6,華廈(10層含以下有電梯),住家用,鋼筋混凝土造,0860721,47.81,1,0,1,有,有,有,5000,105,,0.0,0,台南市社會住宅包租代管第4期計畫。續租案件；,RPSNMLSLMHLGFID76CC,獨立套房,有,1150512~1160511,有,冷氣、熱水器、洗衣機、冰箱,社會住宅包租轉租
歸仁區,租賃房屋,臺南市歸仁區成功路二段７６號二樓之３,0.0,,,,1150410,土地0建物1車位0,二層,6,華廈(10層含以下有電梯),集合住宅,鋼筋混凝土構造,1110310,79.12,3,2,2,有,有,有,17200,217,,0.0,0,台南市社會住宅包租代管第5期計畫中央版租金依照租金水準區間表評定未租賃車位，建物登記含有車位面積；,RPUNMLSLMHLGFID96CC,整棟(戶)出租,有,1150415~1180414,有,冷氣、熱水器、洗衣機、電視機、冰箱,社會住宅包租轉租
仁德區,租賃房屋,臺南市仁德區文心路７２號十四樓之３,0.0,,,,1150331,土地0建物1車位0,十四層,24,住宅大樓(11層含以上有電梯),集合住宅,鋼筋混凝土構造,1100315,105.27,1,1,1,有,有,有,16000,152,,0.0,0,台南市社會住宅包租代管增辦第4期計畫公會版租金依照租金水準區間表評定未租賃車位，建物登記含有車位面積；續租案件；,RPWNMLSLMHLGFID17CC,獨立套房,有,1150501~1160430,有,冷氣、熱水器、洗衣機、電視機、冰箱,社會住宅代管
玉井區,租賃房屋+車位,臺南市玉井區和平街１５６巷５樓之６,0.0,,,,1150413,土地0建物1車位1,五層,8,華廈(10層含以下有電梯),Ｈ２集合住宅,鋼筋混凝土造,1140416,122.24000000000001,3,2,2,有,有,有,17000,139,一樓平面,22.41,0,租金含機車位一個承租人負擔管理費2500元/月多人共同承租4；,RPPNMLSLMHLGFJD56CC,整棟(戶)出租,有,1150413~1160412,有,冷氣、熱水器、洗衣機、冰箱,一般代管
永康區,租賃房屋,臺南市永康區東橋五路１１１號１５樓,0.0,,,,1150331,土地0建物1車位0,十五層,23,住宅大樓(11層含以上有電梯),住家用,鋼筋混凝土構造,1051026,92.96000000000001,2,2,1,有,有,有,20000,215,,0.0,0,參加臺南市社會住宅包租代管第4期計畫租金總額含管理費；續租案件；,RPPNMLSLMHLGFKD66CC,整棟(戶)出租,有,1150401~1160228,有,冷氣、熱水器、洗衣機、電視機、冰箱,社會住宅代管
永康區,租賃房屋,臺南市永康區西橋里大橋三街３８號五樓,0.0,,,,1150423,土地0建物1車位0,五層,6,華廈(10層含以下有電梯),住家用,鋼筋混凝土造,0821227,107.55,3,2,2,有,有,有,17500,163,,0.0,0,台南市社會住宅包租代管第4期計畫。續租案件；,RPQNMLSLMHLGFKD76CC,整棟(戶)出租,有,1150430~1160429,有,冷氣、熱水器、洗衣機、冰箱、瓦斯或天然氣,社會住宅包租轉租
永康區,租賃房屋,臺南市永康區安康里大橋一街５７之５號十一樓之３０,0.0,,,,1150424,土地0建物1車位0,十一層,14,住宅大樓(11層含以上有電梯),住家用,鋼筋混凝土造,0880824,31.0,1,0,1,有,有,有,7000,226,,0.0,0,台南市社會住宅包租代管第4期計畫。管理費500元由出租人負擔續租案件；,RPRNMLSLMHLGFKD86CC,獨立套房,有,1150506~1160505,有,冷氣、熱水器、洗衣機、電視機、冰箱,社會住宅包租轉租
永康區,租賃房屋,臺南市永康區忠義街６０巷３號十四樓之１４,0.0,,,,1150417,土地0建物1車位0,十四層,15,住宅大樓(11層含以上有電梯),辦公室。,鋼筋混凝土造,0840331,49.339999999999996,1,0,1,有,有,有,11000,223,,0.0,0,參加公會版住宅包租代管五期計畫租金總額含管理費；,RPSNMLSLMHLGFKD96CC,獨立套房,有,1150420~1160419,有,冷氣、熱水器、洗衣機、電視機、冰箱,社會住宅代管
永康區,租賃房屋,臺南市永康區南台街５４巷６之２號,0.0,,,,1150417,土地0建物1車位0,全,4,透天厝,停車空間、住宅。,鋼筋混凝土造,0860123,182.92,4,2,3,有,無,有,22000,120,,0.0,0,參加公會版住宅包租代管五期計畫,RPTNMLSLMHLGFKD07CC,整棟(戶)出租,無,1150420~1180419,無,冷氣、熱水器,社會住宅代管
永康區,租賃房屋,臺南市永康區中華路８０５號,0.0,,,,1150424,土地0建物0車位0,全,4,透天厝,店舖、住宅、避難室。,鋼筋混凝土造,0690901,13.28,6,4,6,有,無,有,7000,527,,0.0,0,租金總額含水費；網路費；含增建或未登記建物；,RPUNMLSLMHLGFKD17CC,分租套房,無,1150424~1160424,無,冷氣、熱水器、洗衣機、電視機、冰箱、網路,一般轉租
永康區,租賃房屋+車位,臺南市永康區東橋十街７３號十五樓之５,0.0,,,,1150410,土地0建物1車位1,十五層,18,住宅大樓(11層含以上有電梯),集合住宅,鋼筋混凝土造,1140605,109.61,2,2,1,有,有,無,22000,201,坡道平面,20.07,0,含機車位一位多人共同承租2；租金總額含管理費；,RPVNMLSLMHLGFKD27CC,整棟(戶)出租,有,1150501~1170430,有,冷氣、熱水器、洗衣機、電視機、冰箱,
中西區,租賃房屋,臺南市中西區中正路２１７巷１４號,0.0,,,,1150331,土地0建物1車位0,全,3,透天厝,住家用,磚造,0480101,37.41,2,1,1,有,無,有,12000,321,,0.0,0,參加臺南市社會住宅包租代管第4期計畫續租案件；,RPPNMLTLMHLGFAD38CC,整棟(戶)出租,無,1150401~1160331,無,冷氣、熱水器、洗衣機、冰箱,社會住宅代管
中西區,租賃房屋,臺南市中西區北門路一段５１巷１３號四樓之８,0.0,,,,1150416,土地0建物1車位0,四層,6,華廈(10層含以下有電梯),住家用,鋼筋混凝土造,0790917,39.0,1,1,1,有,有,有,8000,205,,0.0,0,參加國家住宅及都市更新中心辦理社會住宅包租代管第5期計畫中央版,RPQNMLTLMHLGFAD48CC,獨立套房,有,1150416~1160415,有,冷氣、熱水器、洗衣機、電視機、冰箱,社會住宅代管
安平區,租賃房屋,臺南市安平區健康三街１２巷１號十樓之３,0.0,,,,1150416,土地0建物1車位0,十層,14,住宅大樓(11層含以上有電梯),集合住宅,鋼筋混凝土造,0890822,89.5,2,1,1,有,有,有,15000,168,,0.0,0,參加國家住宅及都市更新中心辦理社會住宅包租代管第5期計畫中央版未租賃車位，建物登記含有車位面積；,RPRNMLTLMHLGFAD58CC,整棟(戶)出租,有,1150416~1160415,有,冷氣、熱水器、洗衣機、電視機、冰箱,社會住宅代管
中西區,租賃房屋,臺南市中西區永福路一段６８巷１２號３樓之１,0.0,,,,1150401,土地0建物1車位0,三層,6,華廈(10層含以下有電梯),住家用,鋼筋混凝土造,0840401,125.09,3,2,2,有,有,有,18500,148,,0.0,0,參加臺南市社會住宅包租代管第4期計畫租金總額含管理費；續租案件；,RPSNMLTLMHLGFAD68CC,整棟(戶)出租,有,1150401~1160331,有,冷氣、熱水器、洗衣機、電視機、冰箱,社會住宅代管
安平區,租賃房屋,臺南市安平區慶平路２００號七樓之１３,0.0,,,,1150417,土地0建物1車位0,七層,13,住宅大樓(11層含以上有電梯),住家用,鋼筋混凝土造,0841024,44.31,1,1,1,有,有,有,9000,203,,0.0,0,參加國家住宅及都市更新中心辦理社會住宅包租代管第5期計畫中央版,RPTNMLTLMHLGFAD78CC,獨立套房,有,1150418~1160417,有,冷氣、熱水器、洗衣機、電視機、冰箱,社會住宅代管
安平區,租賃房屋,臺南市安平區平通路５８０巷５２號十樓之１,0.0,,,,1150421,土地0建物1車位0,十層,10,華廈(10層含以下有電梯),集合住宅,鋼筋混凝土造,1140307,94.22,2,2,1,有,有,有,20500,218,,0.0,0,參加國家住宅及都市更新中心辦理社會住宅包租代管第5期計畫中央版未租賃車位，建物登記含有車位面積；,RPUNMLTLMHLGFAD88CC,整棟(戶)出租,有,1150421~1160420,有,冷氣、熱水器,社會住宅代管
中西區,租賃房屋,臺南市中西區府前路二段２５８巷３３號三樓之９,0.0,,,,1150424,土地0建物1車位0,三層,6,華廈(10層含以下有電梯),商業用,鋼筋混凝土造,0790615,26.94,1,0,1,有,有,有,5800,215,,0.0,0,台南市社會住宅包租代管 第四期計畫 公會版；水、電費、第四台費535元由承租人負擔，管理費660元不包含在租金由承租人負擔。續租案件；,RPVNMLTLMHLGFAD98CC,獨立套房,有,1150501~1160430,有,冷氣、熱水器、洗衣機、電視機、冰箱,社會住宅代管
中西區,租賃房屋,臺南市中西區金華路三段２１８號六樓之１７,0.0,,,,1150424,土地0建物1車位0,六層,18,住宅大樓(11層含以上有電梯),住家用,鋼筋混凝土造,0840704,43.51,1,1,1,有,有,有,11000,253,,0.0,0,台南市不動產租賃公會民間住宅包租代管第5期計畫。多人共同承租2；,RPWNMLTLMHLGFAD09CC,獨立套房,有,1150510~1160509,有,冷氣、熱水器、洗衣機、電視機、冰箱、瓦斯或天然氣,社會住宅代管
北區,租賃房屋+車位,臺南市北區南園街１２７巷１５９號４樓之３,0.0,,,,1150410,土地0建物1車位1,四層,4,華廈(10層含以下有電梯),集合住宅,鋼筋混凝土造,1120926,98.16,2,2,1,有,有,有,23000,234,一樓平面,37.18,0,租金總額含管理費；其他公共基金；,RPXNMLTLMHLGFAD56CC,整棟(戶)出租,無,1150410~1160409,有,冷氣、熱水器、洗衣機、冰箱,
北區,租賃房屋,臺南市北區文賢路１０３０巷２４弄２８號二樓之３,0.0,,,,1150401,土地0建物1車位0,二層,5,公寓(5樓含以下無電梯),住家用,鋼筋混凝土造,0701217,97.12,3,1,1,有,無,有,10000,103,,0.0,0,台南市社會住宅包租代管增辦第4期計畫公會版租金依照租金水準區間表評定續租案件；,RPPOMLTLMHLGFAD48CC,整棟(戶)出租,無,1150405~1160404,無,熱水器、洗衣機、電視機、冰箱,社會住宅代管
北區,租賃房屋+車位,臺南市北區西門路四段２７１號１２樓之２，之３,0.0,,,,1150401,土地0建物2車位2,十二層,15,辦公商業大樓,辦公室,鋼骨造,0870815,349.14,0,0,0,無,有,無,74990,215,坡道平面,0.0,7000,租金總額含稅；含有多個門牌且未個別計算租金12樓之2之3；,RPQOMLTLMHLGFAD58CC,,有,1150401~1200331,有,,
安平區,租賃房屋,臺南市安平區平通路３５６號五樓之１,0.0,,,,1150425,土地0建物1車位0,五層,10,華廈(10層含以下有電梯),住家用,鋼筋混凝土造,0820701,99.74,3,2,2,有,有,有,10000,100,,0.0,0,台南市社會住宅包租代管 第五期計畫 中央版；水、電、瓦斯費由承租人負擔，管理費1180元不包含在租金由承租人負擔。親友、員工、共有人或其他特殊關係間之租賃；,RPROMLTLMHLGFAD68CC,整棟(戶)出租,有,1150501~1180430,有,冷氣、熱水器、冰箱、瓦斯或天然氣,社會住宅代管
北區,租賃房屋,臺南市北區中華北路一段２０３巷１６弄２２號六樓之七,0.0,,,,1150428,土地0建物1車位0,六層,14,住宅大樓(11層含以上有電梯),集合住宅,鋼筋混凝土造,1140814,113.74000000000001,2,1,1,有,有,有,24000,211,,0.0,0,多人共同承租2；租金總額含管理費；未租賃車位，建物登記含有車位面積；,RPSOMLTLMHLGFAD78CC,整棟(戶)出租,有,1150509~1160514,有,冷氣、熱水器、洗衣機、電視機、冰箱、瓦斯或天然氣、有線電視,
中西區,租賃房屋,臺南市中西區臨安路一段７３號五樓之７,0.0,,,,1150427,土地0建物1車位0,五層,7,華廈(10層含以下有電梯),住家用,鋼筋混凝土造,0790920,26.22,1,0,1,有,有,有,6500,248,,0.0,0,台南市社會住宅包租代管第4期計畫。續租案件；,RPTOMLTLMHLGFAD88CC,獨立套房,有,1150503~1160502,有,冷氣、熱水器、洗衣機、電視機、冰箱,社會住宅包租轉租
北區,租賃房屋,臺南市北區開元路５２３號１８樓之９,0.0,,,,1150425,土地0建物1車位0,十八層,24,住宅大樓(11層含以上有電梯),集合住宅,鋼筋混凝土構造,1041105,85.14,2,2,1,有,有,有,21000,247,,0.0,0,多人共同承租2；租金總額含管理費；其他公共基金；,RPUOMLTLMHLGFAD98CC,整棟(戶)出租,有,1150425~1160424,有,冷氣、熱水器、洗衣機、電視機、冰箱、瓦斯或天然氣,
北區,租賃房屋,臺南市北區文成一路８６號十一樓之３,0.0,,,,1150427,土地0建物1車位0,十一層,14,住宅大樓(11層含以上有電梯),集合住宅,鋼筋混凝土構造,1120411,137.81,2,1,2,有,有,無,15900,115,,0.0,0,台南市社會住宅包租代管第4期計畫。管理費3100元由出租人負擔續租案件；,RPVOMLTLMHLGFAD09CC,整棟(戶)出租,有,1150516~1160515,有,冷氣、熱水器、瓦斯或天然氣,社會住宅包租轉租
安平區,租賃房屋,臺南市安平區育平路１６６號九樓之１６,0.0,,,,1150427,土地0建物1車位0,九層,13,住宅大樓(11層含以上有電梯),集合住宅,鋼筋混凝土造,0880113,77.77,2,1,1,有,有,有,16000,206,,0.0,0,台南市社會住宅包租代管第4期計畫。續租案件；,RPWOMLTLMHLGFAD56CC,整棟(戶)出租,有,1150505~1160707,有,冷氣、熱水器、洗衣機、電視機、冰箱、瓦斯或天然氣,社會住宅包租轉租
北區,租賃房屋,臺南市北區北園街４０號五樓之２,0.0,,,,1150423,土地0建物1車位0,五層,14,住宅大樓(11層含以上有電梯),集合住宅,鋼筋混凝土造,0870420,106.16,3,1,2,有,有,無,11582,109,,0.0,0,此為國家住宅及都市更新中心社會住宅包租代管第5期計畫。管理費1418元由出租人負擔續租案件；,RPXOMLTLMHLGFAD66CC,整棟(戶)出租,有,1150425~1160424,有,熱水器、瓦斯或天然氣,社會住宅包租轉租
北區,租賃房屋+車位,臺南市北區海安路三段８１０號１６樓之３,0.0,,,,1150426,土地0建物1車位1,十六層,24,住宅大樓(11層含以上有電梯),集合住宅,鋼筋混凝土構造,1090131,164.85,3,2,2,有,有,有,33000,200,坡道平面,33.38,0,實收租金:33000元不含管理費:3500元,RPOPMLTLMHLGFAD48CC,整棟(戶)出租,有,1150515~1160514,有,冷氣、熱水器、洗衣機、電視機、冰箱、瓦斯或天然氣,
北區,租賃房屋,臺南市北區中華北路一段１８１巷３６號,0.0,,,,1150425,土地0建物0車位0,全,5,透天厝,住宅、停車空間,鋼筋混凝土構造,1060405,24.79,35,0,35,有,無,有,9500,383,,0.0,0,,RPQPMLTLMHLGFAD68CC,分租套房,無,1150425~1160430,有,冷氣、熱水器、洗衣機、冰箱、有線電視、網路,一般代管
中西區,租賃房屋,臺南市中西區頂美一街７號三樓之１９,0.0,,,,1150427,土地0建物1車位0,三層,7,華廈(10層含以下有電梯),住家用,鋼筋混凝土造,0661202,34.38,1,1,1,有,有,有,8000,233,,0.0,0,租金總額含管理費；,RPRPMLTLMHLGFAD78CC,獨立套房,有,1150501~1160430,有,冷氣、熱水器、洗衣機、電視機、冰箱,
中西區,租賃房屋,臺南市中西區中西區永福路二段６３巷２９號,0.0,,,,1150423,土地0建物0車位0,全,3,透天厝,商業用,磚造,0490101,22.75,12,0,12,有,無,有,5500,242,,0.0,0,,RPSPMLTLMHLGFAD88CC,分租套房,無,1150410~1150623,無,冷氣、熱水器、冰箱,一般轉租
中西區,租賃房屋,臺南市中西區中西區永福路二段６３巷２９號,0.0,,,,1150429,土地0建物0車位0,全,3,透天厝,商業用,磚造,0490101,22.75,12,0,12,有,無,有,6000,264,,0.0,0,,RPTPMLTLMHLGFAD98CC,分租套房,無,1150410~1160409,無,冷氣、熱水器、冰箱,一般轉租
中西區,租賃房屋,臺南市中西區開山路８９巷９號三樓之４,0.0,,,,1150331,土地0建物1車位0,三層,5,公寓(5樓含以下無電梯),住家用,鋼筋混凝土造,0700720,98.91,3,2,2,有,無,有,15000,152,,0.0,0,台南市社會住宅包租代管增辦第4期計畫公會版租金依照租金水準區間表評定多人共同承租2；,RPUPMLTLMHLGFAD09CC,整棟(戶)出租,無,1150501~1160430,無,冷氣、熱水器、洗衣機、電視機、冰箱,社會住宅代管
中西區,租賃房屋,臺南市中西區中西區永福路二段６３巷２９號,0.0,,,,1150429,土地0建物0車位0,全,3,透天厝,商業用,磚造,0490101,28.44,12,0,12,有,無,有,6300,222,,0.0,0,,RPVPMLTLMHLGFAD56CC,分租套房,無,1150410~1160409,無,冷氣、熱水器、冰箱,一般轉租
安平區,租賃房屋,臺南市安平區建平七街４５１號,0.0,,,,1150429,土地0建物1車位0,見其他登記事項,5,辦公商業大樓,停車空間、辦公室、住宅,鋼筋混凝土造,0910614,197.08,0,0,2,有,無,無,40000,203,,0.0,0,,RPWPMLTLMHLGFAD66CC,,無,1150501~1180630,有,,
安南區,租賃房屋,臺南市安南區安中路一段７０３巷５０之２號,0.0,,,,1150423,土地0建物1車位0,三層,4,公寓(5樓含以下無電梯),集合住宅,鋼筋混凝土造,0700907,103.71,3,2,2,有,無,有,16000,154,,0.0,0,台南市不動產租賃公會民間住宅包租代管第5期計畫。,RPPNMLTLMHLGFBD48CC,整棟(戶)出租,無,1150425~1160424,無,冷氣、熱水器、洗衣機、冰箱、瓦斯或天然氣,社會住宅包租轉租
安南區,租賃房屋,臺南市安南區府安路六段４５巷６８號,0.0,,,,1150424,土地0建物1車位0,全,3,透天厝,住商用,ＲＣ造,0741209,208.24,4,2,3,有,無,無,28000,134,,0.0,0,多人共同承租3；,RPQNMLTLMHLGFBD58CC,整棟(戶)出租,無,1150515~1170430,無,熱水器,
安南區,租賃房屋,臺南市安南區海佃路三段２５７號,0.0,,,,1150415,土地0建物0車位0,全,4,透天厝,住商用,鋼筋混凝土造,0751030,19.83,7,1,5,有,無,無,4000,202,,0.0,0,,RPRNMLTLMHLGFBD68CC,分租雅房,無,1150416~1150816,無,冷氣、冰箱,
安南區,租賃房屋,臺南市安南區義吉街１１２巷３６號,0.0,,,,1150425,土地0建物0車位0,全,4,透天厝,住家用,鋼筋混凝土造,1110110,51.61,5,1,6,有,無,有,12000,233,,0.0,0,租金總額含水費；網路費；,RPSNMLTLMHLGFBD78CC,分租雅房,無,1150502~1160501,有,冷氣、熱水器、洗衣機、電視機、網路,
東區,租賃房屋,臺南市東區東安路７６巷１５之１號,0.0,,,,1150415,土地0建物1車位0,二層,5,公寓(5樓含以下無電梯),住家用,鋼筋混凝土造,0730109,85.48,4,2,2,有,無,有,18000,211,,0.0,0,參加公會版住宅包租代管四之一期計畫續租案件；,RPPNMLTLMHLGFCD58CC,整棟(戶)出租,無,1150415~1160414,無,冷氣、熱水器、洗衣機、冰箱,社會住宅代管
東區,租賃房屋,臺南市東區崇善路２３１巷４１號三樓,0.0,,,,1150420,土地0建物1車位0,三層,6,華廈(10層含以下有電梯),住家用,鋼筋混凝土造,0800225,93.68,3,2,1,有,無,有,8000,85,,0.0,0,參加公會版住宅包租代管四之一期計畫租金總額含管理費；續租案件；,RPQNMLTLMHLGFCD68CC,整棟(戶)出租,無,1150420~1160419,有,冷氣、熱水器、洗衣機、電視機、冰箱,社會住宅代管
東區,租賃房屋,臺南市東區崇德十九街１４號,0.0,,,,1150420,土地0建物1車位0,見其他登記事項,8,店面(店鋪),住商用,鋼筋混凝土造,0821122,42.86,0,1,1,有,有,無,15000,350,,0.0,0,出租範圍僅有一樓+騎樓部分租賃建物部分範圍，且未計入共有部分面積；,RPRNMLTLMHLGFCD78CC,,有,1150420~1160419,有,,
東區,租賃房屋,臺南市東區長榮路二段７１巷１２號三樓,0.0,,,,1150409,土地0建物1車位0,三層,5,公寓(5樓含以下無電梯),住家用,鋼筋混凝土造,0770509,99.36,4,1,2,有,無,有,16000,161,,0.0,0,台南市社會住宅包租代管第5期計畫中央版租金依照租金水準區間表評定,RPSNMLTLMHLGFCD88CC,整棟(戶)出租,無,1150416~1180415,無,冷氣、熱水器、洗衣機、冰箱,社會住宅包租轉租
南區,租賃房屋,臺南市南區大成路二段１４３巷２７號三樓,0.0,,,,1150427,土地0建物1車位0,三層,5,公寓(5樓含以下無電梯),住家用,鋼筋混凝土造,0730430,99.93,3,1,1,有,無,有,12000,120,,0.0,0,台南市社會住宅包租代管第4期計畫。續租案件；,RPUNMLTLMHLGFCD09CC,整棟(戶)出租,無,1150505~1160504,無,冷氣、熱水器、洗衣機、冰箱、瓦斯或天然氣,社會住宅包租轉租
東區,租賃房屋+車位,臺南市東區崇明２４街８０號５樓之５,0.0,,,,1150411,土地0建物1車位1,五層,6,華廈(10層含以下有電梯),集合住宅,鋼筋混凝土構造,1110601,44.519999999999996,1,0,1,有,有,有,17600,395,坡道平面,0.0,3300,管理費:1200元水費:250元,RPVNMLTLMHLGFCD56CC,獨立套房,有,1150601~1160531,有,冷氣、熱水器、洗衣機、電視機、冰箱、網路,一般轉租
東區,租賃房屋,臺南市東區崇明２４街８０號３樓之１１,0.0,,,,1150413,土地0建物1車位0,三層,6,華廈(10層含以下有電梯),集合住宅,鋼筋混凝土構造,1110601,44.519999999999996,1,0,1,有,有,有,14300,321,,0.0,0,管理費:1200元水費:250元,RPWNMLTLMHLGFCD66CC,獨立套房,有,1150420~1160419,有,冷氣、熱水器、洗衣機、電視機、冰箱、網路,一般轉租
東區,租賃房屋,臺南市東區崇明２４街８０號４樓之６,0.0,,,,1150420,土地0建物1車位0,四層,6,華廈(10層含以下有電梯),集合住宅,鋼筋混凝土構造,1110601,44.519999999999996,1,0,1,有,有,有,14300,321,,0.0,0,管理費:1200元水費:250元,RPXNMLTLMHLGFCD76CC,獨立套房,有,1150420~1160419,有,冷氣、熱水器、洗衣機、電視機、冰箱、網路,一般轉租
東區,租賃房屋,臺南市東區中華東路三段４５２巷８弄４號,0.0,,,,1150411,土地0建物1車位0,一層,6,店面(店鋪),商業用,鋼筋混凝土造,0800613,94.71,0,2,1,有,有,無,19800,209,,0.0,0,租金總額含稅；管理費；租賃建物部分範圍，且未計入共有部分面積；,RPOOMLTLMHLGFCD58CC,,有,1150501~1180430,有,,
東區,租賃房屋,臺南市東區中華東路３段４５２巷８弄４號,0.0,,,,1150411,土地0建物1車位0,地下層,6,華廈(10層含以下有電梯),商業用,鋼筋混凝土造,0800613,72.13,0,1,1,有,有,無,16500,229,,0.0,0,租金總額含稅；管理費；,RPPOMLTLMHLGFCD68CC,,有,1150501~1180430,有,,
東區,租賃房屋,臺南市東區東門路三段２９５巷８號,0.0,,,,1150427,土地0建物1車位0,見其他登記事項,15,住宅大樓(11層含以上有電梯),住商用,鋼筋混凝土造,0851004,141.78,2,2,2,有,有,有,30000,212,,0.0,0,1.重測後門牌為：東區自由路三段8號。2.契約書未約定土地租賃標的。3.由所有權人提供租屋資訊。租金總額含管理費；,RPROMLTLMHLGFCD88CC,,有,1150515~1170514,有,冷氣、熱水器、瓦斯或天然氣,
南區,租賃房屋,臺南市南區新興路５３７巷３號９樓之２,0.0,,,,1150401,土地0建物1車位0,九層,10,華廈(10層含以下有電梯),集合住宅,鋼筋混凝土造,0841214,220.97,3,2,2,有,有,有,25500,115,,0.0,0,參加臺南市社會住宅包租代管第4期計畫租金總額含管理費；續租案件；,RPSOMLTLMHLGFCD98CC,整棟(戶)出租,有,1150401~1160214,有,冷氣、熱水器、洗衣機、電視機、冰箱、瓦斯或天然氣,社會住宅代管
新營區,租賃房屋,臺南市新營區王公里２３鄰東興三街２２巷５號八樓,0.0,,,,1150427,土地0建物1車位0,八層,13,住宅大樓(11層含以上有電梯),國民住宅,鋼筋混凝土造,0890317,149.95,3,2,2,有,有,有,14150,94,,0.0,0,台南市社會住宅包租代管第4期計畫。管理費850元由出租人負擔續租案件；,RPPNMLTLMHLGFDD68CC,整棟(戶)出租,有,1150506~1160411,有,冷氣、熱水器、洗衣機、電視機、冰箱、瓦斯或天然氣,社會住宅包租轉租
鹽水區,租賃房屋,臺南市鹽水區土庫６８之７號,0.0,,,,1150427,土地0建物1車位0,全,3,透天厝,住家用,鋼筋混凝土造,1081210,158.23,4,2,3,有,無,有,18500,117,,0.0,0,台南市社會住宅包租代管第4期計畫。續租案件；,RPQNMLTLMHLGFDD78CC,整棟(戶)出租,無,1150517~1170130,無,冷氣、熱水器、洗衣機、冰箱、瓦斯或天然氣,社會住宅包租轉租
西港區,租賃房屋,臺南市西港區?張?１３之９號,0.0,,,,1150428,土地0建物1車位0,全,3,透天厝,住家用,鋼筋混凝土造,0810710,172.99,4,2,3,有,無,有,16000,92,,0.0,0,含增建或未登記建物；,RPPNMLTLMHLGFGD98CC,整棟(戶)出租,無,1150501~1160430,無,熱水器、洗衣機,
善化區,租賃房屋+車位,臺南市善化區小新營３８５號三樓之３,0.0,,,,1150411,土地0建物1車位1,三層,10,華廈(10層含以下有電梯),集合住宅,鋼筋混凝土造,1140519,109.78,2,1,2,有,有,有,20000,182,坡道平面,22.62,0,1.契約書未約定土地租賃標的。2.由所有權人提供租屋資訊。租金總額含管理費；網路費；,RPPNMLTLMHLGFHD09CC,整棟(戶)出租,有,1150420~1160419,有,冷氣、熱水器、洗衣機、電視機、冰箱、網路,
新市區,租賃房屋,臺南市新市區中山路７８巷２５之３號,0.0,,,,1150425,土地0建物0車位0,全,4,透天厝,住家用,鋼筋混凝土造,1030915,19.14,7,0,7,有,無,有,6000,313,,0.0,0,,RPSNMLTLMHLGFHD76CC,分租套房,無,1150501~1160430,無,冷氣、熱水器、洗衣機、電視機、冰箱,一般代管
安定區,租賃房屋,臺南市安定區許中營２６之７號三樓之２,0.0,,,,1150424,土地0建物1車位0,三層,5,華廈(10層含以下有電梯),集合住宅,鋼筋混凝土造,1101004,79.89,2,1,2,有,有,有,15850,198,,0.0,0,台南市社會住宅包租代管 第四期計畫公會版；水、電費由承租人負擔，租金已扣除管理費  1150  元。續租案件；,RPUNMLTLMHLGFHD96CC,整棟(戶)出租,有,1150501~1160430,有,冷氣、熱水器、洗衣機、電視機、冰箱,社會住宅包租轉租
新市區,租賃房屋+車位,臺南市新市區富中街６３０號５樓之２,0.0,,,,1150411,土地0建物1車位1,五層,5,華廈(10層含以下有電梯),集合住宅,鋼筋混凝土造,1041008,100.72,2,2,2,有,有,有,20000,199,一樓平面,14.51,0,租金總額含管理費；其他公共基金；,RPVNMLTLMHLGFHD07CC,整棟(戶)出租,無,1150415~1160430,有,冷氣、熱水器、洗衣機、電視機、冰箱,
新市區,租賃房屋,臺南市新市區光華街１８８巷２９號,0.0,,,,1150427,土地0建物0車位0,全,4,透天厝,住家用,鋼筋混凝土造,1030925,18.0,7,0,7,有,無,有,5000,278,,0.0,0,租金總額含管理費；水費；網路費；,RPWNMLTLMHLGFHD17CC,分租套房,無,1150428~1160427,無,冷氣、熱水器、電視機、冰箱、網路,一般代管
安定區,租賃房屋,臺南市安定區蘇厝４７５之８號,0.0,,,,1150427,土地0建物1車位0,全,3,透天厝,住家用,鋼筋混凝土造,0861111,151.71,4,1,3,有,無,有,17000,112,,0.0,0,多人共同承租4；續租案件；,RPPOMLTLMHLGFHD56CC,整棟(戶)出租,無,1150601~1151130,無,冷氣、熱水器、洗衣機、電視機,一般代管
新市區,租賃房屋,臺南市新市區社內１９６之２號,0.0,,,,1150423,土地0建物0車位0,全,5,透天厝,住家用,鋼筋混凝土造,1021202,18.0,27,0,27,有,無,有,5500,306,,0.0,0,租金總額含管理費；水費；網路費；續租案件；,RPQOMLTLMHLGFHD66CC,分租套房,無,1150526~1151225,無,冷氣、熱水器、洗衣機、電視機、冰箱、網路,一般轉租
歸仁區,租賃房屋,臺南市歸仁區中正南路一段７２０號,0.0,,,,1150423,土地0建物1車位0,全,2,透天厝,住家用,加強磚造,0651001,89.16,3,2,2,有,無,無,15100,169,,0.0,0,台南市不動產租賃公會民間住宅包租代管第5期計畫。,RPPNMLTLMHLGFID56CC,整棟(戶)出租,無,1150424~1160423,無,冷氣、熱水器、電視機、冰箱,社會住宅代管
歸仁區,租賃房屋,臺南市歸仁區歸仁七路２０８號,0.0,,,,1150415,土地0建物1車位0,一層,15,店面(店鋪),店舖,鋼筋混凝土造,1121208,173.28,0,0,1,有,有,無,30000,173,,0.0,0,租金總額含管理費；未租賃車位，建物登記含有車位面積；租賃期間有約定不同租金115/06/01至117/05/31租金30000元117/06/01至118/05/31租金33000元118/06/01至119/05/31租金34000元119/06/01至120/05/31租金35000元；,RPRNMLTLMHLGFID76CC,,有,1150601~1200531,有,,
仁德區,租賃房屋+車位,臺南市仁德區文心路６８號１１樓之３,10.12,商,,,1150424,土地1建物1車位1,十一層,24,住宅大樓(11層含以上有電梯),集合住宅,鋼筋混凝土構造,1100315,105.28,2,1,1,有,有,有,23000,218,坡道平面,17.45,0,,RPSNMLTLMHLGFID86CC,整棟(戶)出租,有,1150501~1160430,有,冷氣、熱水器、洗衣機、電視機、冰箱、瓦斯或天然氣,
仁德區,租賃房屋,臺南市仁德區保生路１２３巷６弄２之１號,0.0,,,,1150427,土地0建物1車位0,全,3,透天厝,住家用,鋼筋混凝土造,0841220,129.81,4,1,2,有,無,有,18000,139,,0.0,0,台南市社會住宅包租代管第4期計畫。多人共同承租3；續租案件；,RPTNMLTLMHLGFID96CC,整棟(戶)出租,無,1150501~1160430,無,冷氣、熱水器、洗衣機、電視機、冰箱、瓦斯或天然氣,社會住宅代管
永康區,租賃房屋,臺南市永康區南台街１３巷４３號十樓之１,0.0,,,,1150410,土地0建物1車位0,十層,16,住宅大樓(11層含以上有電梯),住家用,鋼筋混凝土造,0840523,112.09,3,2,2,有,有,有,12000,107,,0.0,0,參加公會版住宅包租代管四之一期計畫?租金總額含管理費；續租案件；,RPQNMLTLMHLGFKD86CC,整棟(戶)出租,有,1150410~1160409,有,冷氣、熱水器、洗衣機、電視機、冰箱,社會住宅代管
永康區,租賃房屋,臺南市永康區復國一路３３９之２號８樓之３,0.0,,,,1150331,土地0建物1車位0,八層,16,住宅大樓(11層含以上有電梯),住家用,鋼筋混凝土構造,1070202,162.29000000000002,3,2,2,有,有,有,21000,129,,0.0,0,參加臺南市社會住宅包租代管第4期計畫未租賃車位，建物登記含有車位面積；,RPRNMLTLMHLGFKD96CC,整棟(戶)出租,有,1150401~1160331,有,冷氣、熱水器、瓦斯或天然氣,社會住宅代管
永康區,租賃房屋,臺南市永康區成功路１８８巷２號六樓之７,0.0,,,,1150420,土地0建物1車位0,六層,7,華廈(10層含以下有電梯),住家用,鋼筋混凝土造,0820716,28.19,1,0,1,有,有,有,4500,160,,0.0,0,參加公會版住宅包租代管四之一期計畫?租金總額含管理費；續租案件；,RPSNMLTLMHLGFKD07CC,獨立套房,有,1150420~1160419,有,冷氣、熱水器、洗衣機、電視機、冰箱,社會住宅代管
永康區,租賃房屋,臺南市永康區成功路１８８巷２號七樓之８,0.0,,,,1150420,土地0建物1車位0,七層,7,華廈(10層含以下有電梯),住家用,鋼筋混凝土造,0820716,25.48,1,0,1,有,有,有,3300,130,,0.0,0,參加公會版住宅包租代管四之一期計畫租金總額含管理費；續租案件；,RPTNMLTLMHLGFKD17CC,獨立套房,有,1150420~1160419,有,冷氣、熱水器、洗衣機、電視機、冰箱,社會住宅代管
永康區,租賃房屋,臺南市永康區成功路１８８巷２號六樓之９,0.0,,,,1150420,土地0建物1車位0,六層,7,華廈(10層含以下有電梯),住家用,鋼筋混凝土造,0820716,34.44,1,1,1,有,有,有,4500,131,,0.0,0,參加公會版住宅包租代管四之一期計畫租金總額含管理費；續租案件；,RPUNMLTLMHLGFKD27CC,獨立套房,有,1150420~1160419,有,冷氣、熱水器、洗衣機、電視機、冰箱,社會住宅代管
永康區,租賃房屋,臺南市永康區成功路１８８巷２號七樓之９,0.0,,,,1150420,土地0建物1車位0,七層,7,華廈(10層含以下有電梯),住家用,鋼筋混凝土造,0820716,34.44,1,1,1,有,有,有,4800,139,,0.0,0,參加公會版住宅包租代管四之一期計畫租金總額含管理費；續租案件；,RPVNMLTLMHLGFKD37CC,獨立套房,有,1150420~1160419,有,冷氣、熱水器、洗衣機、電視機、冰箱,社會住宅代管
永康區,租賃房屋,臺南市永康區公園路１２５號,0.0,,,,1150425,土地0建物1車位0,二層,4,公寓(5樓含以下無電梯),住家用,鋼筋混凝土造,0820629,23.14,1,0,1,有,無,無,10800,467,,0.0,0,,RPWNMLTLMHLGFKD47CC,獨立套房,無,1150510~1160509,無,冷氣、熱水器、洗衣機、電視機、冰箱,一般轉租
永康區,租賃房屋,臺南市永康區大橋里大橋三街２６１巷３４號,0.0,,,,1150426,土地0建物0車位0,全,2,透天厝,住家用,加強磚造,0780321,29.76,3,0,3,有,無,有,6000,202,,0.0,0,1.契約書未約定土地租賃標的。2.由所有權人提供出租資訊。,RPOOMLTLMHLGFKD76CC,分租套房,無,1150501~1160430,無,冷氣、熱水器、洗衣機,
永康區,租賃房屋,臺南市永康區中正路２５６巷３號之５４,0.0,,,,1150406,土地0建物0車位0,十五層,15,住宅大樓(11層含以上有電梯),住家用,鋼筋混凝土造,0820824,37.629999999999995,3,2,2,有,有,有,5340,142,,0.0,0,租金總額含管理費；租賃建物部分範圍，且未計入共有部分面積；,RPQOMLTLMHLGFKD96CC,分租套房,有,1150410~1160409,有,冷氣,一般代管
永康區,租賃房屋,臺南市永康區中正路２５６巷３號之５４,0.0,,,,1150406,土地0建物0車位0,十五層,15,住宅大樓(11層含以上有電梯),住家用,鋼筋混凝土造,0820824,37.61,3,2,2,有,有,有,3660,97,,0.0,0,租金總額含管理費；租賃建物部分範圍，且未計入共有部分面積；,RPROMLTLMHLGFKD07CC,分租套房,有,1150410~1160409,有,冷氣,一般代管
永康區,租賃房屋+車位,臺南市永康區永安路９號１１樓之１,0.0,,,,1150426,土地0建物1車位1,十一層,14,住宅大樓(11層含以上有電梯),集合住宅,鋼筋混凝土構造,1111007,126.03,2,2,1,有,有,有,22500,179,坡道平面,36.35,0,租金總額含管理費；其他公共基金；,RPSOMLTLMHLGFKD17CC,整棟(戶)出租,有,1150501~1160430,有,冷氣、熱水器、洗衣機、電視機、冰箱、瓦斯或天然氣,
永康區,租賃房屋,臺南市永康區小東路５９１巷４１號,0.0,,,,1150428,土地0建物0車位0,全,4,透天厝,店舖、住宅、防空避難室。,鋼筋混凝土造,0770321,16.52,20,0,20,有,無,有,7500,454,,0.0,0,,RPTOMLTLMHLGFKD27CC,分租套房,無,1150501~1160430,有,冷氣、熱水器、洗衣機、冰箱、有線電視、網路,一般代管
安平區,租賃房屋+車位,臺南市安平區永華八街２１１號八樓之９,0.0,,,,1150413,土地0建物1車位1,八層,9,華廈(10層含以下有電梯),住家用,鋼筋混凝土造,0831107,164.79,4,2,2,有,有,有,18000,109,坡道平面,0.0,0,參加國家住宅及都市更新中心辦理社會住宅包租代管第5期計畫中央版,RPPNMLKMMHLGFAD57CC,整棟(戶)出租,有,1150501~1160430,有,冷氣、熱水器、洗衣機、冰箱,社會住宅代管
安平區,租賃房屋,臺南市安平區國平北路８６號二十六樓之７,0.0,,,,1150423,土地0建物1車位0,二十六層,26,住宅大樓(11層含以上有電梯),集合住宅,鋼筋混凝土造,1140722,74.37,2,0,1,有,有,無,14000,188,,0.0,0,多人共同承租2；,RPQNMLKMMHLGFAD67CC,整棟(戶)出租,無,1150501~1160430,有,冷氣、熱水器,
北區,租賃房屋,臺南市北區文賢路３６３號七樓之５,0.0,,,,1150428,土地0建物1車位0,七層,7,華廈(10層含以下有電梯),住家用,鋼筋混凝土造,0740416,120.96000000000001,3,2,2,有,有,有,18500,153,,0.0,0,台南市社會住宅包租代管第4期計畫。管理費500元由出租人負擔續租案件；,RPRNMLKMMHLGFAD77CC,整棟(戶)出租,有,1150522~1160521,有,冷氣、熱水器、洗衣機、電視機、冰箱、瓦斯或天然氣,社會住宅代管
北區,租賃房屋,臺南市北區長榮路五段４１巷１３號二樓之１,0.0,,,,1150428,土地0建物1車位0,二層,14,住宅大樓(11層含以上有電梯),集合住宅,鋼筋混凝土造,0920916,168.88,3,2,2,有,有,有,15000,89,,0.0,0,台南市社會住宅包租代管第4期計畫。未租賃車位，建物登記含有車位面積；續租案件；,RPSNMLKMMHLGFAD87CC,整棟(戶)出租,有,1150515~1160514,有,冷氣、熱水器、洗衣機、瓦斯或天然氣,社會住宅包租轉租
北區,租賃房屋,臺南市北區北區開南街１３５號,0.0,,,,1150417,土地0建物0車位0,全,4,透天厝,住家用,鋼筋混凝土造,0830624,13.87,59,0,59,有,無,有,4500,324,,0.0,0,開南135-208,RPUNMLKMMHLGFAD08CC,分租套房,無,1150325~1160118,有,冷氣、熱水器、電視機,一般轉租
北區,租賃房屋,臺南市北區北區開南街１３５號,0.0,,,,1150423,土地0建物0車位0,全,4,透天厝,住家用,鋼筋混凝土造,0830624,13.87,59,0,59,有,無,有,6500,469,,0.0,0,開南135-201房,RPVNMLKMMHLGFAD18CC,分租套房,無,1150325~1150724,有,冷氣、熱水器、電視機,一般轉租
北區,租賃房屋,臺南市北區北區開南街１３５號,0.0,,,,1150423,土地0建物0車位0,全,4,透天厝,住家用,鋼筋混凝土造,0830624,63.0,59,0,59,有,無,有,13700,217,,0.0,0,開南135-101房,RPWNMLKMMHLGFAD28CC,分租套房,無,1150325~1161224,有,冷氣、熱水器、電視機,一般轉租
北區,租賃房屋,臺南市北區北區開南街１３５號,0.0,,,,1150428,土地0建物0車位0,全,4,透天厝,住家用,鋼筋混凝土造,0830624,13.87,59,0,59,有,無,有,5000,360,,0.0,0,開南135-310房,RPXNMLKMMHLGFAD38CC,分租套房,無,1150325~1151224,有,冷氣、熱水器、電視機,一般轉租
北區,租賃房屋,臺南市北區北區開南街１３５號,0.0,,,,1150427,土地0建物0車位0,全,4,透天厝,住家用,鋼筋混凝土造,0830624,13.87,59,0,59,有,無,有,5000,360,,0.0,0,開南135-305房,RPOOMLKMMHLGFAD57CC,分租套房,無,1150325~1151224,有,冷氣、熱水器、電視機,一般轉租
中西區,租賃房屋,臺南市中西區大智街６３號五樓之１,0.0,,,,1150430,土地0建物1車位0,五層,7,華廈(10層含以下有電梯),住家用,鋼筋混凝土造,0711119,81.1,2,1,2,有,有,有,16000,197,,0.0,0,多人共同承租2；租金總額含管理費；網路費；,RPQOMLKMMHLGFAD77CC,整棟(戶)出租,無,1150430~1160430,有,冷氣、熱水器、洗衣機、電視機、冰箱、網路,一般代管
安平區,租賃房屋,臺南市安平區建平七街５５０號二樓之９,0.0,,,,1150422,土地0建物1車位0,二層,22,住宅大樓(11層含以上有電梯),集合住宅,鋼筋混凝土造,1121108,92.38,2,1,2,有,有,有,22000,238,,0.0,0,1.契約書未約定土地租賃標的2.由出租人提供租屋資訊3.115.04.24-115.05.04為免租期未租賃車位，建物登記含有車位面積；,RPROMLKMMHLGFAD87CC,整棟(戶)出租,有,1150505~1160504,有,冷氣、熱水器、洗衣機、電視機、冰箱,
中西區,租賃房屋,臺南市中西區永福路二段６３巷２９號,0.0,,,,1150429,土地0建物0車位0,全,3,透天厝,商業用,磚造,0490101,37.17,12,0,12,有,無,有,5000,135,,0.0,0,,RPSOMLKMMHLGFAD97CC,分租套房,無,1150410~1150904,無,冷氣、熱水器、冰箱,一般轉租
中西區,租賃房屋,臺南市中西區金華路三段２５２號１８樓之５,0.0,,,,1150417,土地0建物1車位0,十八層,21,住宅大樓(11層含以上有電梯),住家用,鋼筋混凝土造,0870219,35.36,1,0,1,有,有,有,8500,240,,0.0,0,,RPTOMLKMMHLGFAD08CC,獨立套房,有,1150420~1160419,有,冷氣、熱水器、洗衣機、電視機,一般代管
北區,租賃房屋,臺南市北區力行三街６巷２６號,0.0,,,,1150424,土地0建物0車位0,全,2,透天厝,住家用,加強磚造,0680703,19.92,6,0,6,有,無,有,8000,402,,0.0,0,力行三6-201房,RPUOMLKMMHLGFAD18CC,分租套房,無,1150301~1151219,無,冷氣、熱水器、電視機、冰箱,一般轉租
北區,租賃房屋,臺南市北區大武街３０４之２號,0.0,,,,1150425,土地0建物0車位0,全,4,透天厝,住家用,鋼筋混凝土造,0730106,13.7,23,0,21,有,無,有,5000,365,,0.0,0,大武304-302房,RPVOMLKMMHLGFAD28CC,分租套房,無,1150401~1150630,無,冷氣、熱水器、冰箱,一般轉租
中西區,租賃房屋,臺南市中西區永福路二段６３巷２９號,0.0,,,,1150421,土地0建物0車位0,全,3,透天厝,商業用,磚造,0490101,28.44,12,0,12,有,無,有,5000,176,,0.0,0,,RPWOMLKMMHLGFAD38CC,分租套房,無,1150410~1160424,無,冷氣、熱水器、冰箱,一般轉租
安平區,租賃房屋,臺南市安平區郡平路１８８號七樓之１５,0.0,,,,1150415,土地0建物1車位0,七層,17,住宅大樓(11層含以上有電梯),住家用,鋼筋混凝土造,0850907,111.75,3,2,2,有,有,有,17000,152,,0.0,0,台南市社會住宅包租代管第5期計畫中央版租金依照租金水準區間表評定,RPXOMLKMMHLGFAD48CC,整棟(戶)出租,有,1150425~1180424,有,冷氣、熱水器、洗衣機、電視機、冰箱、瓦斯或天然氣,社會住宅包租轉租
安平區,租賃房屋+車位,臺南市安平區文平路１００號２樓之２,0.0,,,,1150417,土地0建物1車位1,二層,5,華廈(10層含以下有電梯),集合住宅,鋼筋混凝土造,1140709,102.87,2,2,2,有,有,有,23718,231,一樓平面,17.51,0,1.契約書未約定土地租賃標的。2.由所有權人提供租屋資訊。3.管理費2882元，由出租人負擔。其他一個機車停車位；,RPOPMLKMMHLGFAD67CC,整棟(戶)出租,有,1150420~1160419,有,冷氣、熱水器、洗衣機、電視機、冰箱,
安平區,租賃房屋+車位,臺南市安平區建平七街５６０號二樓之二,0.0,,,,1150414,土地0建物1車位1,二層,22,住宅大樓(11層含以上有電梯),集合住宅,鋼筋混凝土造,1121108,94.0,2,1,2,有,有,有,25000,266,坡道機械,18.54,0,租金總額含管理費；,RPPPMLKMMHLGFAD77CC,整棟(戶)出租,有,1150420~1160419,有,冷氣、熱水器、洗衣機、電視機、冰箱,
中西區,租賃房屋,臺南市中西區宮後街１４號,0.0,,,,1150429,土地0建物0車位0,全,5,透天厝,住家用,鋼筋混凝土構造,1010604,19.27,30,2,30,有,無,有,7500,389,,0.0,0,租金總額含水費；網路費；其他第四台；含增建或未登記建物；續租案件；,RPQPMLKMMHLGFAD87CC,分租套房,無,1150501~1170430,有,冷氣、熱水器、洗衣機、電視機、冰箱、有線電視、網路,一般代管
中西區,租賃房屋,臺南市中西區南寧街８３巷３６號二樓之２,0.0,,,,1150427,土地0建物1車位0,二層,5,華廈(10層含以下有電梯),住家用,鋼筋混凝土造,0801213,54.68,1,2,1,有,有,有,10000,183,,0.0,0,台南市不動產租賃公會民間住宅包租代管第四期計畫。,RPRPMLKMMHLGFAD97CC,整棟(戶)出租,有,1150427~1160426,有,冷氣、熱水器、洗衣機、電視機、冰箱、瓦斯或天然氣,社會住宅代管
中西區,租賃房屋,臺南市中西區正興街１８號四樓之１１,0.0,,,,1150408,土地0建物1車位0,四層,7,華廈(10層含以下有電梯),住家用,鋼筋混凝土造,0800729,26.34,1,1,1,有,有,有,6500,247,,0.0,0,台南市社會住宅包租代管第5期計畫中央版租金依照租金水準區間表評定,RPSPMLKMMHLGFAD08CC,獨立套房,有,1150415~1180414,有,冷氣、熱水器、洗衣機、電視機、冰箱,社會住宅包租轉租
中西區,租賃房屋,臺南市中西區正興街１８號六樓之５,0.0,,,,1150415,土地0建物1車位0,六層,7,華廈(10層含以下有電梯),住家用,鋼筋混凝土造,0800729,26.65,1,1,1,有,有,有,7300,274,,0.0,0,台南市社會住宅包租代管第5期計畫中央版租金依照租金水準區間表評定,RPTPMLKMMHLGFAD18CC,獨立套房,有,1150420~1180419,有,冷氣、熱水器、洗衣機、電視機、冰箱,社會住宅包租轉租
中西區,租賃房屋+車位,臺南市中西區中華西路二段６５１號十八樓之１,0.0,,,,1150421,土地0建物1車位2,十八層,24,住宅大樓(11層含以上有電梯),集合住宅,鋼筋混凝土構造,1051104,427.53999999999996,3,2,4,有,有,有,65000,152,坡道平面,89.54,0,續租案件；,RPUPMLKMMHLGFAD28CC,整棟(戶)出租,有,1150101~1151231,有,冷氣、熱水器、洗衣機、電視機、冰箱、瓦斯或天然氣,
安平區,租賃房屋+車位,臺南市安平區國平北路１２３號五樓之１,0.0,,,,1150427,土地0建物1車位1,五層,18,住宅大樓(11層含以上有電梯),集合住宅,鋼筋混凝土構造,1100503,142.91,3,2,2,有,有,有,20598,153,坡道平面,27.92,3000,台南市社會住宅包租代管 第5期計畫 中央版；水、電、網路費由承租人負擔。租金已扣除管理費2402元。多人共同承租2；,RPVPMLKMMHLGFAD38CC,整棟(戶)出租,有,1150501~1160430,有,冷氣、熱水器、洗衣機、冰箱,社會住宅代管
中西區,租賃房屋,臺南市中西區健康路一段６８號,0.0,,,,1150428,土地0建物1車位0,全,4,透天厝,住商用,鋼筋混凝土造,0640408,137.06,1,5,5,有,無,無,17000,124,,0.0,0,1.自民國115年5月1日~115年5月10日止為免租金裝潢期。2.因室內氣密窗更新為新品，就該更新費用雙方合意自租賃期間36期月租金中，每月扣抵新台幣壹仟元整。承接前開協議內容，雙方最終合意月租金調整為壹萬陸仟元整。租金總額含水費；,RPWPMLKMMHLGFAD48CC,,無,1150501~1180430,無,,
安平區,租賃房屋+車位,臺南市安平區國平北路１４７號三十三樓之３,0.0,,,,1150430,土地0建物1車位1,三十三層,34,住宅大樓(11層含以上有電梯),集合住宅,鋼骨鋼筋混凝土造、鋼筋混凝土造,1140415,105.21000000000001,2,1,1,有,有,有,28000,266,坡道平面,25.42,0,租金總額含管理費；網路費；,RPXPMLKMMHLGFAD58CC,整棟(戶)出租,有,1150501~1160430,有,冷氣、熱水器、洗衣機、電視機、冰箱、有線電視、網路,
安南區,租賃房屋,臺南市安南區頂安街４６６巷１弄８號,0.0,,,,1150428,土地0建物1車位0,全,3,透天厝,住家用,鋼筋混凝土造,1041005,170.37,4,2,3,有,無,有,23000,135,,0.0,0,此為國家住宅及都市更新中心社會住宅包租代管第5期計畫。續租案件；,RPPNMLKMMHLGFBD67CC,整棟(戶)出租,無,1150428~1160427,無,冷氣、熱水器、電視機、瓦斯或天然氣,社會住宅代管
安南區,租賃房屋,臺南市安南區安通一街２３號十二樓之７,0.0,,,,1150428,土地0建物1車位0,十二層,15,住宅大樓(11層含以上有電梯),集合住宅,鋼筋混凝土造,1101230,105.32,2,1,1,有,有,有,20000,190,,0.0,0,1.自民國1150428-1150504止為搬遷免租期。2.契約書未約定土地租賃標的。3.由所有權人提供租屋資訊。多人共同承租2；租金總額含管理費；未租賃車位，建物登記含有車位面積；,RPQNMLKMMHLGFBD77CC,整棟(戶)出租,有,1150505~1160504,有,冷氣、熱水器、洗衣機、電視機、冰箱、瓦斯或天然氣,
安南區,租賃房屋+車位,臺南市安南區郡安路五段５３號１４樓之２,0.0,,,,1150407,土地0建物1車位1,十四層,15,住宅大樓(11層含以上有電梯),集合住宅,鋼筋混凝土造,1110415,109.18,2,2,1,有,有,有,20000,183,坡道平面,34.87,0,租金總額含管理費；,RPRNMLKMMHLGFBD87CC,整棟(戶)出租,有,1150410~1160409,有,冷氣、熱水器、洗衣機、電視機、冰箱、瓦斯或天然氣,
安南區,租賃房屋,臺南市安南區安富街２５１巷５６弄４２號,0.0,,,,1150402,土地0建物1車位0,全,2,透天厝,住家用,加強磚造,0701204,86.93,2,2,1,有,無,有,11000,127,,0.0,0,台南市社會住宅包租代管第4期計畫公會版租金依照租金水準區間表評定續租案件；,RPUNMLKMMHLGFBD18CC,整棟(戶)出租,無,1150407~1160406,無,冷氣、熱水器、電視機、冰箱,社會住宅代管
安南區,租賃房屋,臺南市安南區安通一街２１號五樓之８,0.0,,,,1150405,土地0建物1車位0,五層,15,住宅大樓(11層含以上有電梯),集合住宅,鋼筋混凝土造,1101230,74.53,2,2,1,有,有,無,19000,255,,0.0,0,台南市社會住宅包租代管第4期計畫公會版租金依照租金水準區間表評定續租案件；,RPVNMLKMMHLGFBD28CC,整棟(戶)出租,有,1150410~1160409,有,冷氣、熱水器、洗衣機、電視機、冰箱、瓦斯或天然氣,社會住宅代管
安南區,租賃房屋,臺南市安南區安中路一段６２２巷１９９號,0.0,,,,1150423,土地0建物0車位0,全,3,透天厝,住宅、門廊、法定停車空間,鋼筋混凝土造,0880303,41.54,7,0,7,有,無,有,16000,385,,0.0,0,租金總額含網路費；,RPWNMLKMMHLGFBD38CC,分租套房,無,1150425~1160424,無,冷氣、熱水器、洗衣機、電視機、冰箱、網路,
安南區,租賃房屋,臺南市安南區尊安街５９號,0.0,,,,1150429,土地0建物0車位0,全,4,透天厝,住宅．法定停車空間,鋼筋混凝土造,0910506,16.53,58,0,58,有,無,有,5500,333,,0.0,0,尊安59-102房,RPOOMLKMMHLGFBD67CC,分租套房,無,1150501~1160430,無,冷氣、熱水器、洗衣機、冰箱,
安南區,租賃房屋+車位,臺南市安南區永續三街２６０號７樓之２,0.0,,,,1150408,土地0建物1車位1,七層,15,住宅大樓(11層含以上有電梯),集合住宅,鋼筋混凝土造,1100114,148.88,3,2,2,有,有,有,25000,187,坡道平面,25.6,2000,另有機車位一個未單獨計價、面積無法計算租金已扣除管理費2000元其他稅費及其支付方式:二代健保、所得稅扣繳稅款由承租方繳納,RPPOMLKMMHLGFBD77CC,整棟(戶)出租,有,1150410~1160417,有,冷氣、熱水器、洗衣機、電視機、冰箱,
安南區,租賃房屋+車位,臺南市安南區公學路六段７２１巷２９９號,0.0,,,,1150426,土地0建物1車位1,全,3,透天厝,住家用,鋼筋混凝土造,1100414,152.27,4,2,4,有,無,無,33000,217,一樓平面,0.0,0,續租案件；,RPQOMLKMMHLGFBD87CC,整棟(戶)出租,無,1150601~1160531,無,冷氣、熱水器、瓦斯或天然氣,
東區,租賃房屋,臺南市東區東門路一段１４５之１號十樓之１,0.0,,,,1150417,土地0建物1車位0,見其他登記事項,15,住宅大樓(11層含以上有電梯),住家用,鋼筋混凝土造,0820809,150.32,4,2,3,有,有,有,14000,93,,0.0,0,參加國家住宅及都市更新中心辦理社會住宅包租代管第5期計畫中央版多人共同承租2；,RPPNMLKMMHLGFCD77CC,整棟(戶)出租,有,1150501~1160430,有,冷氣、熱水器、洗衣機、電視機、冰箱,社會住宅代管
東區,租賃房屋,臺南市東區中華東路二段１９７號１４樓之７,0.0,,,,1150412,土地0建物1車位0,十四層,20,住宅大樓(11層含以上有電梯),住家用,鋼筋混凝土造,0841106,34.379999999999995,1,0,1,有,有,有,9470,275,,0.0,0,1.契約書未約定土地租賃標的。2.由所有權人提供租屋資訊。3.管理費630元，由出租人負擔。多人共同承租2；,RPQNMLKMMHLGFCD87CC,獨立套房,有,1150415~1160414,有,冷氣、熱水器、洗衣機、冰箱、瓦斯或天然氣,
東區,租賃房屋,臺南市東區中華東路三段５２９號,0.0,,,,1150413,土地0建物0車位0,全,4,透天厝,住商用,鋼筋混凝土造,0691107,30.02,7,2,8,有,無,有,8000,266,,0.0,0,租金總額含網路費；,RPRNMLKMMHLGFCD97CC,分租套房,無,1150504~1160503,無,冷氣、熱水器、洗衣機、電視機、冰箱、有線電視、網路,一般代管
東區,租賃房屋,臺南市東區東門路一段２９８號八樓之２,0.0,,,,1150410,土地0建物1車位0,八層,11,住宅大樓(11層含以上有電梯),住家用,鋼筋混凝土造,0800518,109.33000000000001,3,2,2,有,有,有,17000,155,,0.0,0,參加公會版住宅包租代管四期計畫租金總額含管理費；續租案件；,RPSNMLKMMHLGFCD08CC,整棟(戶)出租,有,1150410~1160409,有,冷氣、熱水器、洗衣機、電視機、冰箱,社會住宅代管
東區,租賃房屋,臺南市東區東門路一段７４號,0.0,,,,1150413,土地0建物1車位0,見其他登記事項,5,店面(店鋪),商業用,鋼筋混凝土造,0690505,89.2,1,1,1,有,無,無,15000,168,,0.0,0,,RPTNMLKMMHLGFCD18CC,,無,1150505~1160504,無,冷氣、熱水器、洗衣機、冰箱,
東區,租賃房屋,臺南市東區立德十一路２號七樓之７,0.0,,,,1150428,土地0建物1車位0,七層,10,華廈(10層含以下有電梯),住家用,鋼筋混凝土造,0821027,115.85,3,2,2,有,有,無,11500,99,,0.0,0,台南市社會住宅包租代管第4期計畫。續租案件；,RPUNMLKMMHLGFCD28CC,整棟(戶)出租,有,1150515~1160514,有,熱水器、瓦斯或天然氣,社會住宅代管
東區,租賃房屋,臺南市東區東門路一段１４５號４樓,0.0,,,,1150415,土地0建物1車位0,四層,12,辦公商業大樓,商業用,鋼筋混凝土造,0820809,112.67999999999999,0,1,1,有,有,無,15000,133,,0.0,0,租金總額含管理費；續租案件；,RPVNMLKMMHLGFCD38CC,,有,1150501~1160430,有,,
東區,租賃房屋+車位,臺南市東區東光路一段１７號,0.0,,,,1150416,土地0建物1車位1,見其他登記事項,8,店面(店鋪),住家用,鋼筋混凝土造,0811223,159.12,1,1,1,有,有,無,50000,314,坡道平面,0.0,0,1契約書未約定土地租賃標的。2由所有權人提供租屋資訊。3115.4.20~115.6.19為裝潢期，不收取租金。租金總額含管理費；,RPWNMLKMMHLGFCD48CC,,有,1150420~1180619,有,,
東區,租賃房屋+車位,臺南市東區崇元一街２號８樓之７,0.0,,,,1150411,土地0建物1車位1,八層,14,住宅大樓(11層含以上有電梯),集合住宅,鋼筋混凝土構造、鋼骨造,1120329,84.28,2,1,1,有,有,有,21500,255,坡道平面,15.13,0,多人共同承租2；租金總額含管理費；其他公共基金；,RPXNMLKMMHLGFCD58CC,整棟(戶)出租,有,1150415~1160414,有,冷氣、熱水器、洗衣機、電視機、冰箱,
東區,租賃房屋,臺南市東區崇明路４８４號,0.0,,,,1150430,土地0建物0車位0,全,4,透天厝,住商用,鋼筋混凝土造,0741122,28.15,11,11,11,有,無,有,13500,480,,0.0,0,租金總額含水費；網路費；含增建或未登記建物；續租案件；,RPOOMLKMMHLGFCD77CC,分租套房,無,1150430~1160430,無,冷氣、熱水器、洗衣機、電視機、冰箱、網路,一般轉租
東區,租賃房屋,臺南市東區林森路二段１９２巷８８弄３０之３號,0.0,,,,1150430,土地0建物0車位0,四層,4,公寓(5樓含以下無電梯),住家用,鋼筋混凝土造,0720729,16.33,5,1,5,有,無,有,6500,398,,0.0,0,租金總額含水費；網路費；含增建或未登記建物；續租案件；,RPPOMLKMMHLGFCD87CC,分租套房,無,1150430~1160430,無,冷氣、熱水器、洗衣機、電視機、冰箱、網路,一般代管
東區,租賃房屋,臺南市東區東門路一段２０９號,0.0,,,,1150430,土地0建物0車位0,全,4,透天厝,住商用、避難室、騎樓,鋼筋混凝土造,0690331,50.6,4,3,3,有,無,無,14000,277,,0.0,0,多人共同承租2；租金總額含網路費；含增建或未登記建物；,RPQOMLKMMHLGFCD97CC,分租套房,無,1150430~1160430,無,冷氣、熱水器、洗衣機、電視機、冰箱、瓦斯或天然氣、網路,一般轉租
東區,租賃房屋,臺南市東區中華東路二段１６７號十二樓之１３,0.0,,,,1150403,土地0建物1車位0,十二層,14,住宅大樓(11層含以上有電梯),住家用,鋼筋混凝土造,0970229,59.58,1,1,1,有,有,有,9600,161,,0.0,0,台南市社會住宅包租代管第5期計畫中央版租金依照租金水準區間表評定未租賃車位，建物登記含有車位面積；,RPROMLKMMHLGFCD08CC,獨立套房,有,1150415~1180414,有,冷氣、熱水器、洗衣機、冰箱,社會住宅代管
東區,租賃房屋,臺南市東區林森路二段１９２巷７０弄３８號,0.0,,,,1150423,土地0建物1車位0,全,2,透天厝,住家用,加強磚造,0651117,101.24,6,2,2,有,無,有,25000,247,,0.0,0,1.契約書未約定土地租賃標的2.由出租人提供租屋資訊3.115.05.01-115.05.14為免租期多人共同承租2；,RPSOMLKMMHLGFCD18CC,整棟(戶)出租,無,1150515~1160514,無,冷氣、熱水器,
東區,租賃房屋,臺南市東區府連路１９０號六樓之５,0.0,,,,1150410,土地0建物1車位0,六層,7,華廈(10層含以下有電梯),住家用,鋼筋混凝土造,0791017,75.2,3,2,2,有,有,有,15300,203,,0.0,0,台南市社會住宅包租代管第5期計畫中央版租金依照租金水準區間表評定多人共同承租2；,RPTOMLKMMHLGFCD28CC,整棟(戶)出租,有,1150416~1180415,有,冷氣、熱水器、洗衣機、電視機、冰箱、瓦斯或天然氣,社會住宅包租轉租
南區,租賃房屋,臺南市南區大同路二段６４０巷３號之１,0.0,,,,1150413,土地0建物1車位0,二層,5,公寓(5樓含以下無電梯),住家用,鋼筋混凝土造,0730316,109.73,3,2,2,有,無,有,15000,137,,0.0,0,雙方協議搬遷期為4月26日，當天點交鑰匙。,RPVOMLKMMHLGFCD48CC,整棟(戶)出租,無,1150501~1160430,無,冷氣、熱水器、洗衣機、冰箱,
東區,租賃房屋,臺南市東區榮譽街９０號３樓之２,0.0,,,,1150418,土地0建物1車位0,三層,6,華廈(10層含以下有電梯),住家用,鋼筋混凝土造,0831128,44.64,1,0,1,有,有,有,10000,224,,0.0,0,租金總額含管理費；,RPXOMLKMMHLGFCD68CC,獨立套房,有,1150422~1160421,有,冷氣、熱水器、洗衣機、電視機、冰箱、瓦斯或天然氣,一般代管
東區,租賃房屋,臺南市東區崇元一街１０號六樓之２,0.0,,,,1150413,土地0建物1車位0,六層,14,住宅大樓(11層含以上有電梯),集合住宅,鋼筋混凝土構造、鋼骨造,1120329,84.35,2,1,1,有,有,有,17500,207,,0.0,0,台南市社會住宅包租代管增辦第4期計畫公會版租金依照租金水準區間表評定未租賃車位，建物登記含有車位面積；,RPOPMLKMMHLGFCD87CC,整棟(戶)出租,有,1150430~1170429,有,冷氣、熱水器、洗衣機、電視機、冰箱,社會住宅包租轉租
南區,租賃房屋,臺南市南區文南一街２號六樓之２,0.0,,,,1150429,土地0建物0車位0,六層,8,華廈(10層含以下有電梯),商業用,鋼筋混凝土造,0790627,23.42,18,3,18,有,有,有,7500,320,,0.0,0,租金總額含網路費；租賃建物部分範圍，且未計入共有部分面積；,RPQPMLKMMHLGFCD08CC,分租套房,無,1150429~1160430,有,冷氣、熱水器、洗衣機、電視機、冰箱、網路,一般代管
東區,租賃房屋,臺南市東區崇德路４８０號,0.0,,,,1150424,土地0建物0車位0,全,4,透天厝,住商用,鋼筋混凝土造,0730220,16.53,12,0,12,有,無,有,5000,302,,0.0,0,租金總額含網路費；續租案件；,RPRPMLKMMHLGFCD18CC,分租套房,無,1150520~1160519,無,冷氣、熱水器、電視機、冰箱、有線電視、網路,一般代管
東區,租賃房屋,臺南市東區裕農路１１４號,0.0,,,,1150407,土地0建物1車位0,全,2,透天厝,住商用,加強磚造,0620403,154.19,3,1,2,有,無,有,19500,126,,0.0,0,台南市社會住宅包租代管第5期計畫中央版租金依照租金水準區間表評定多人共同承租2；,RPSPMLKMMHLGFCD28CC,整棟(戶)出租,無,1150410~1180409,無,冷氣、熱水器、洗衣機、冰箱,社會住宅代管
南區,租賃房屋,臺南市南區健康路二段５０１號六樓之３,0.0,,,,1150407,土地0建物1車位0,六層,7,華廈(10層含以下有電梯),住家用,鋼筋混凝土造,0820208,53.0,2,2,1,有,有,有,11000,208,,0.0,0,台南市社會住宅包租代管第5期計畫中央版租金依照租金水準區間表評定,RPTPMLKMMHLGFCD38CC,整棟(戶)出租,有,1150410~1160409,有,冷氣、熱水器、洗衣機、電視機、冰箱,社會住宅代管
東區,租賃房屋,臺南市東區中華東路二段７３巷１號６樓之１,0.0,,,,1150419,土地0建物1車位0,六層,6,華廈(10層含以下有電梯),住家用,鋼筋混凝土造,0800425,115.96,3,2,2,有,有,有,20000,172,,0.0,0,多人共同承租2；租金總額含管理費；,RPUPMLKMMHLGFCD48CC,整棟(戶)出租,有,1150601~1160531,有,冷氣、熱水器、洗衣機、冰箱、瓦斯或天然氣,
新營區,租賃房屋,臺南市新營區金華路一段２８０號十二樓,0.0,,,,1150428,土地0建物1車位0,十二層,14,住宅大樓(11層含以上有電梯),集合住宅,鋼筋混凝土造,1100209,133.54,3,1,2,有,有,有,15250,114,,0.0,0,台南市社會住宅包租代管第4期計畫。管理費2750元由出租人負擔續租案件；,RPPNMLKMMHLGFDD87CC,整棟(戶)出租,有,1150512~1160511,有,冷氣、熱水器、電視機,社會住宅包租轉租
新營區,租賃房屋,臺南市新營區民生路３５號,0.0,,,,1150419,土地0建物0車位0,二層,10,華廈(10層含以下有電梯),店舖、地下層、旅社,鋼筋混凝土造,,44.02,17,0,17,有,有,有,10000,227,,0.0,0,租金總額含網路費；續租案件；,RPQNMLKMMHLGFDD97CC,分租套房,無,1150420~1150819,有,冷氣、熱水器、洗衣機、電視機、冰箱、網路,一般代管
新營區,租賃房屋,臺南市新營區復興路１０７４巷２２號四樓,0.0,,,,1150424,土地0建物1車位0,四層,7,華廈(10層含以下有電梯),住家用,鋼筋混凝土造,0831114,146.95,3,1,2,有,有,有,12000,82,,0.0,0,台南市社會住宅包租代管 第五期計畫 中央版；水、電費由承租人負擔，管理費1000元不包含在租金由承租人負擔。,RPSNMLKMMHLGFDD18CC,整棟(戶)出租,有,1150501~1160430,有,冷氣、熱水器、洗衣機、冰箱,社會住宅代管
學甲區,租賃房屋,臺南市學甲區仁得里八德街２３８號六樓之八,0.0,,,,1150408,土地0建物1車位0,六層,6,華廈(10層含以下有電梯),住家用,鋼筋混凝土造,0840501,38.540000000000006,1,1,1,有,有,有,6500,169,,0.0,0,台南市社會住宅包租代管第5期計畫中央版租金依照租金水準區間表評定,RPPNMLKMMHLGFGD18CC,獨立套房,有,1150426~1160425,有,冷氣、熱水器、洗衣機、電視機、冰箱,社會住宅代管
新化區,租賃房屋,臺南市新化區中興路４１５巷８號,0.0,,,,1150411,土地0建物1車位0,全,1,透天厝,住家用,磚造,,92.56,4,1,1,有,無,有,12000,130,,0.0,0,1.契約書未約定土地租賃標的。2.由所有權人提供租屋資訊。,RPPNMLKMMHLGFHD28CC,整棟(戶)出租,無,1150411~1170410,無,冷氣、熱水器,
新市區,租賃房屋,臺南市新市區復興路５００巷６號三樓之５,0.0,,,,1150420,土地0建物1車位0,三層,7,華廈(10層含以下有電梯),集合住宅,鋼筋混凝土造,1131211,91.53,3,2,2,有,有,有,22000,240,,0.0,0,1.契約書未約定土地租賃標的2.由出租人提供租屋資訊3.115.04.21-115.05.09為免租期,RPQNMLKMMHLGFHD38CC,整棟(戶)出租,有,1150510~1160509,有,冷氣、熱水器、洗衣機、電視機、冰箱,
新市區,租賃房屋,臺南市新市區復興路６２巷９號四樓之２５,0.0,,,,1150403,土地0建物1車位0,四層,8,華廈(10層含以下有電梯),住家用,鋼筋混凝土造,0840531,87.55000000000001,3,2,1,有,有,有,15000,171,,0.0,0,台南市社會住宅包租代管第5期計畫中央版租金依照租金水準區間表評定,RPRNMLKMMHLGFHD48CC,整棟(戶)出租,有,1150420~1160419,有,冷氣、熱水器、洗衣機、電視機,社會住宅代管
新市區,租賃房屋,臺南市新市區光華街１８８巷２９號,0.0,,,,1150429,土地0建物0車位0,全,4,透天厝,住家用,鋼筋混凝土造,1030925,18.0,7,0,7,有,無,有,6500,361,,0.0,0,租金總額含管理費；水費；網路費；續租案件；,RPTNMLKMMHLGFHD68CC,分租套房,無,1150501~1160430,無,冷氣、熱水器、洗衣機、電視機、冰箱、網路,一般代管
善化區,租賃房屋,臺南市善化區善新西路６６０巷１０號,0.0,,,,1150429,土地0建物0車位0,全,4,透天厝,住宅，停車空間,鋼筋混凝土造,1030225,19.26,7,0,7,有,無,有,5500,286,,0.0,0,租金總額含網路費；租賃建物部分範圍，且未計入共有部分面積；,RPUNMLKMMHLGFHD78CC,分租套房,無,1150501~1151031,無,冷氣、熱水器、洗衣機、電視機、冰箱、有線電視、網路,一般代管
善化區,租賃房屋,臺南市善化區西拉雅大道３３０號十樓之５,0.0,,,,1150425,土地0建物1車位0,十層,15,住宅大樓(11層含以上有電梯),集合住宅,鋼筋混凝土造,1100901,114.99,2,1,2,有,有,有,21000,183,,0.0,0,多人共同承租2；租金總額含管理費；續租案件；,RPVNMLKMMHLGFHD88CC,整棟(戶)出租,有,1150601~1160531,有,冷氣、熱水器、洗衣機、電視機、冰箱,一般代管
新市區,租賃房屋,臺南市新市區中正路８２之２號,0.0,,,,1150427,土地0建物0車位0,全,3,透天厝,住家用,鋼筋混凝土造,0830511,12.0,11,0,11,有,無,有,3800,317,,0.0,0,租金總額含水費；網路費；其他第四台；,RPWNMLKMMHLGFHD98CC,分租套房,無,1150501~1160430,無,冷氣、熱水器、電視機、冰箱、有線電視、網路,
仁德區,租賃房屋,臺南市仁德區仁和里和愛街３號六樓之２,0.0,,,,1150423,土地0建物1車位0,六層,13,住宅大樓(11層含以上有電梯),住家用,鋼筋混凝土造,0990422,168.57,3,1,2,有,有,無,16500,98,,0.0,0,此為台南市社會住宅包租代管第4期計畫。,RPPNMLKMMHLGFID38CC,整棟(戶)出租,有,1150425~1151230,有,冷氣、熱水器、瓦斯或天然氣,社會住宅包租轉租
仁德區,租賃房屋,臺南市仁德區仁德里中正路二段１２０５巷３號四樓之１,0.0,,,,1150423,土地0建物1車位0,四層,7,華廈(10層含以下有電梯),住家用,鋼筋混凝土造,0830225,113.53,3,2,2,有,有,有,12000,106,,0.0,0,台南市不動產租賃公會民間住宅包租代管第5期計畫。,RPQNMLKMMHLGFID48CC,整棟(戶)出租,有,1150425~1160424,有,熱水器、電視機、瓦斯或天然氣,社會住宅包租轉租
仁德區,租賃房屋,臺南市仁德區仁義里正義二街９０號五樓之６,0.0,,,,1150423,土地0建物1車位0,五層,5,華廈(10層含以下有電梯),住家用,鋼筋混凝土造,0820402,68.8,2,2,1,有,有,有,9000,131,,0.0,0,台南市不動產租賃公會民間住宅包租代管第5期計畫。,RPRNMLKMMHLGFID58CC,整棟(戶)出租,無,1150425~1160424,有,冷氣、熱水器、洗衣機、電視機、冰箱、瓦斯或天然氣,社會住宅包租轉租
仁德區,租賃房屋,臺南市仁德區中正路一段２５１巷１０號二樓之２,0.0,,,,1150428,土地0建物1車位0,二層,5,華廈(10層含以下有電梯),集合住宅,鋼筋混凝土構造,1111110,77.59,2,1,1,有,有,有,14104,182,,0.0,0,台南市社會住宅包租代管第4期計畫。管理費896元由出租人負擔續租案件；,RPSNMLKMMHLGFID68CC,整棟(戶)出租,有,1150525~1160524,有,冷氣、熱水器、洗衣機、冰箱,社會住宅包租轉租
歸仁區,租賃房屋+車位,臺南市歸仁區歸仁九路３５號８樓之３,0.0,,,,1150408,土地0建物1車位1,八層,15,住宅大樓(11層含以上有電梯),集合住宅,鋼筋混凝土造,1130412,116.25,2,2,2,有,有,有,23500,202,坡道平面,26.19,0,,RPTNMLKMMHLGFID78CC,整棟(戶)出租,有,1150501~1170430,有,冷氣、熱水器、洗衣機、冰箱、瓦斯或天然氣,一般轉租
歸仁區,租賃房屋,臺南市歸仁區高發二路３１１號十三樓之９,0.0,,,,1150425,土地0建物1車位0,十三層,13,住宅大樓(11層含以上有電梯),集合住宅,鋼筋混凝土構造,1120113,97.87,2,2,1,有,有,有,14500,148,,0.0,0,台南市社會住宅包租代管 第四期計畫 公會版；水、電、瓦斯費由承租人負擔，管理費1704元不包含在租金由承租人負擔。未租賃車位，建物登記含有車位面積；續租案件；,RPUNMLKMMHLGFID88CC,整棟(戶)出租,有,1150510~1160509,有,冷氣、熱水器、洗衣機、冰箱、瓦斯或天然氣,社會住宅代管
歸仁區,租賃房屋+車位,臺南市歸仁區智慧三街３號５樓之３,0.0,,,,1150419,土地0建物1車位1,五層,13,住宅大樓(11層含以上有電梯),集合住宅,鋼筋混凝土造,1140918,110.14,2,2,2,有,有,有,20000,182,坡道平面,24.51,0,多人共同承租2；租金總額含管理費；,RPVNMLKMMHLGFID98CC,整棟(戶)出租,有,1150425~1160424,有,冷氣、熱水器、洗衣機、電視機、冰箱、瓦斯或天然氣,
仁德區,租賃房屋+車位,臺南市仁德區德南路１６８巷２號六樓之６,0.0,,,,1150423,土地0建物1車位1,六層,8,華廈(10層含以下有電梯),集合住宅,鋼筋混凝土構造,1080201,142.14,3,2,2,有,有,有,22000,155,坡道平面,33.04,0,1.契約書未約定土地租賃標的2.由出租人提供租屋資訊3.115.05.10-115.05.14為免租期,RPWNMLKMMHLGFID09CC,整棟(戶)出租,有,1150515~1160514,有,冷氣、熱水器、洗衣機、冰箱、瓦斯或天然氣,
仁德區,租賃房屋,臺南市仁德區文賢路二段１５巷１８弄１７號２樓之１,0.0,,,,1150429,土地0建物0車位0,二層,10,華廈(10層含以下有電梯),住家用,鋼筋混凝土造,0920910,18.18,5,2,5,有,無,有,9000,495,,0.0,0,文賢15-203房租金總額含水費；網路費；其他垃圾代收費；租賃建物部分範圍，且未計入共有部分面積；,RPXNMLKMMHLGFID56CC,分租套房,無,1150509~1160508,有,冷氣、熱水器、洗衣機、電視機、冰箱、網路,一般轉租
仁德區,租賃房屋,臺南市仁德區文賢路二段１５巷１８弄１７號２樓之２,0.0,,,,1150428,土地0建物0車位0,二層,10,華廈(10層含以下有電梯),住家用,鋼筋混凝土造,0920910,18.18,5,2,5,有,無,有,11000,605,,0.0,0,文賢15-206房租金總額含水費；網路費；其他垃圾代收費；租賃建物部分範圍，且未計入共有部分面積；,RPSOMLKMMHLGFID78CC,分租套房,無,1150428~1160427,有,冷氣、熱水器、洗衣機、電視機、冰箱、網路,一般轉租
歸仁區,租賃房屋,臺南市歸仁區中正南路３段９５巷３０弄２９號,0.0,,,,1150401,土地0建物0車位0,全,5,透天厝,住宅、管理維護空間、門廊、樓梯間、機械室。,鋼筋混凝土造,0960914,18.18,25,0,25,有,無,無,5000,275,,0.0,0,租金總額含網路費；,RPTOMLKMMHLGFID88CC,分租套房,無,1150801~1160131,有,冷氣、熱水器、冰箱、網路,一般轉租
永康區,租賃房屋,臺南市永康區勝利里勝利街１９７巷８弄８號四樓之２,0.0,,,,1150423,土地0建物1車位0,四層,7,華廈(10層含以下有電梯),住家用,鋼筋混凝土造,0820817,57.67,1,1,1,有,有,有,9000,156,,0.0,0,台南市不動產租賃公會民間住宅包租代管第5期計畫。,RPPNMLKMMHLGFKD58CC,獨立套房,有,1150425~1160424,有,冷氣、熱水器、洗衣機、電視機、冰箱、瓦斯或天然氣,社會住宅包租轉租
永康區,租賃房屋,臺南市永康區永正路２９號,0.0,,,,1150423,土地0建物1車位0,全,2,透天厝,住家用,加強磚造,0621201,99.34,3,2,2,有,無,有,18000,181,,0.0,0,台南市不動產租賃公會民間住宅包租代管第5期計畫。,RPQNMLKMMHLGFKD68CC,整棟(戶)出租,無,1150425~1160424,無,冷氣、熱水器、洗衣機、電視機、冰箱、瓦斯或天然氣,社會住宅包租轉租
永康區,租賃房屋,臺南市永康區中華路６１９巷２３弄５之１號,0.0,,,,1150422,土地0建物1車位0,二層,5,公寓(5樓含以下無電梯),住家用,鋼筋混凝土造,0720415,77.54,3,2,1,有,無,有,13000,168,,0.0,0,台南市不動產租賃公會民間住宅包租代管第4期計畫之物件。,RPSNMLKMMHLGFKD88CC,整棟(戶)出租,無,1150425~1160424,無,冷氣、熱水器、洗衣機、電視機、冰箱、瓦斯或天然氣,社會住宅包租轉租
永康區,租賃房屋,臺南市永康區忠孝一路８３號七樓之３,0.0,,,,1150428,土地0建物1車位0,七層,15,住宅大樓(11層含以上有電梯),集合住宅,鋼筋混凝土造,1120920,80.92,2,1,1,有,有,有,18000,222,,0.0,0,台南市社會住宅包租代管第4期計畫。續租案件；,RPUNMLKMMHLGFKD09CC,整棟(戶)出租,有,1150503~1160324,有,冷氣、熱水器、洗衣機、電視機、冰箱、瓦斯或天然氣,社會住宅包租轉租
永康區,租賃房屋,臺南市永康區中華路２１２巷１９號,0.0,,,,1150428,土地0建物1車位0,全,2,透天厝,住家用,鋼筋混凝土造,0760209,116.99,5,2,3,有,無,無,25000,214,,0.0,0,多人共同承租2；,RPVNMLKMMHLGFKD56CC,整棟(戶)出租,無,1150515~1200514,無,,
永康區,租賃房屋,臺南市永康區五王里中山東路１４８號九樓之８,0.0,,,,1150405,土地0建物1車位0,九層,11,住宅大樓(11層含以上有電梯),住家用,鋼筋混凝土造,0900110,78.57,3,2,2,有,有,有,15000,191,,0.0,0,國家住宅及都市更新中心社會住宅包租代管中央版第五期計畫,RPWNMLKMMHLGFKD66CC,整棟(戶)出租,有,1150510~1160509,有,冷氣、熱水器、瓦斯或天然氣,社會住宅代管
永康區,租賃房屋,臺南市永康區南台街１３巷３７號５樓之３,0.0,,,,1150410,土地0建物1車位0,五層,16,住宅大樓(11層含以上有電梯),住家用,鋼筋混凝土造,0840523,126.53999999999999,5,2,2,有,有,有,19000,150,,0.0,0,多人共同承租3；,RPOOMLKMMHLGFKD58CC,整棟(戶)出租,有,1150420~1180419,有,熱水器、洗衣機、冰箱,一般代管
永康區,租賃房屋,臺南市永康區南台街３巷１４弄５２之１號,0.0,,,,1150420,土地0建物1車位0,全,4,透天厝,集合住宅、防空避難室,鋼筋混凝土造,0790416,173.41,5,2,3,有,無,無,30000,173,,0.0,0,管理費1000元整,RPROMLKMMHLGFKD88CC,整棟(戶)出租,無,1150427~1160526,無,,
永康區,租賃房屋,臺南市永康區二王里中山南路３１６巷１２號四樓之２,0.0,,,,1150409,土地0建物1車位0,四層,7,華廈(10層含以下有電梯),住家用,鋼筋混凝土造,0830520,111.72,3,2,2,有,有,有,15500,139,,0.0,0,台南市社會住宅包租代管第5期計畫中央版租金依照租金水準區間表評定,RPSOMLKMMHLGFKD98CC,整棟(戶)出租,有,1150415~1180414,有,冷氣、熱水器、洗衣機、電視機、冰箱、瓦斯或天然氣,社會住宅包租轉租
永康區,租賃房屋,臺南市永康區復華五街７０號,0.0,,,,1150424,土地0建物1車位0,一層,16,店面(店鋪),店舖,鋼筋混凝土構造,1070202,98.41,0,2,1,有,有,無,23000,234,,0.0,0,115.04.24~115.05.09為搬遷期免租金。未租賃車位，建物登記含有車位面積；,RPTOMLKMMHLGFKD09CC,,有,1150424~1160509,有,,
永康區,租賃房屋,臺南市永康區中正路１４８巷２之８號五樓,0.0,,,,1150427,土地0建物0車位0,五層,5,華廈(10層含以下有電梯),住家用,鋼筋混凝土造,0801226,13.22,3,2,3,有,有,有,4500,340,,0.0,0,租金總額含網路費；租賃建物部分範圍，且未計入共有部分面積；,RPUOMLKMMHLGFKD56CC,分租套房,有,1150501~1160430,有,冷氣、熱水器、電視機、冰箱、有線電視、網路,一般代管
永康區,租賃房屋,臺南市永康區永安一街５６巷２號三樓之２,0.0,,,,1150424,土地0建物1車位0,三層,13,住宅大樓(11層含以上有電梯),住家用,鋼筋混凝土構造,1080726,127.75999999999999,3,2,2,有,有,有,24500,192,,0.0,0,多人共同承租3；未租賃車位，建物登記含有車位面積；,RPVOMLKMMHLGFKD66CC,獨立套房,有,1150501~1160430,有,冷氣、熱水器、洗衣機、電視機、冰箱、瓦斯或天然氣,
永康區,租賃房屋,臺南市永康區鹽行路１００巷１６號,0.0,,,,1150427,土地0建物0車位0,全,4,透天厝,住家用,鋼筋混凝土構造,1030715,14.0,8,0,8,有,無,有,6000,429,,0.0,0,租金總額含網路費；,RPWOMLKMMHLGFKD76CC,分租套房,無,1150501~1160430,無,冷氣、熱水器、洗衣機、電視機、冰箱、有線電視、網路,一般代管
永康區,租賃房屋,臺南市永康區中正南路７４３巷８之１０號,0.0,,,,1150427,土地0建物0車位0,全,4,透天厝,住家用,鋼筋混凝土構造,1020417,23.14,9,0,9,有,無,有,6500,281,,0.0,0,租金總額含網路費；續租案件；,RPXOMLKMMHLGFKD86CC,分租套房,無,1150501~1160430,無,冷氣、熱水器、電視機、冰箱、有線電視、網路,一般代管
永康區,租賃房屋,臺南市永康區中正北路１９巷２弄８號,0.0,,,,1150430,土地0建物0車位0,全,4,透天厝,住宅，停車空間,鋼筋混凝土造,1000105,33.2,9,0,9,有,無,有,8000,241,,0.0,0,租金總額含網路費；,RPPPMLKMMHLGFKD78CC,分租套房,無,1150502~1160501,無,冷氣、熱水器、電視機、冰箱、有線電視、網路,一般代管
永康區,租賃房屋,臺南市永康區鹽行路１００巷１６號,0.0,,,,1150427,土地0建物0車位0,全,4,透天厝,住家用,鋼筋混凝土構造,1030715,14.0,8,0,8,有,無,有,6000,429,,0.0,0,租金總額含網路費；,RPQPMLKMMHLGFKD88CC,分租套房,無,1150501~1160430,無,冷氣、熱水器、洗衣機、電視機、冰箱、有線電視、網路,一般代管
北區,租賃房屋,臺南市北區公園南路３３０號,0.0,,,,1150429,土地0建物1車位0,見其他登記事項,5,店面(店鋪),住商用,鋼筋混凝土造,0840708,112.36,1,2,1,有,無,無,32000,285,,0.0,0,民國115/04/29~115/06/30係免租金裝潢準備期，租金自115年07月01日起算。租金總額含稅；,RPQNMLLJNHLGFAD57CC,,無,1150701~1170630,無,冷氣、冰箱,
安南區,租賃房屋+車位,臺南市安南區安中路一段５５７巷１９弄１６１號２樓之５,0.0,,,,1150501,土地0建物1車位1,二層,5,華廈(10層含以下有電梯),集合住宅,鋼筋混凝土造,1130823,99.2,2,2,2,有,有,有,25000,252,一樓平面,0.0,0,租金總額含管理費；水費；網路費；,RPPNMLLJNHLGFBD57CC,整棟(戶)出租,有,1150601~1160531,有,冷氣、熱水器、網路,
東區,租賃房屋,臺南市東區崇明十街１４號,0.0,,,,1150430,土地0建物1車位0,一層,10,店面(店鋪),商業用,鋼筋混凝土造,0870220,38.66,2,1,2,有,有,無,19000,491,,0.0,0,含機車停車位一個租賃建物部分範圍，且未計入共有部分面積；租賃期間有約定不同租金115.05.01~115.05.31為裝修期不收租金。；,RPPNMLMJNHLGFCD77CC,,有,1150501~1170430,有,冷氣,
東區,租賃房屋,臺南市東區崇明十街１４號,0.0,,,,1150430,土地0建物1車位0,二層,10,華廈(10層含以下有電梯),商業用,鋼筋混凝土造,0870220,63.52,2,1,2,有,有,無,7000,110,,0.0,0,租賃建物部分範圍，且未計入共有部分面積；租賃期間有約定不同租金115.05.01~115.05.31為裝修期不收租金。；,RPQNMLMJNHLGFCD87CC,,有,1150501~1170430,有,,
永康區,租賃房屋+車位,臺南市永康區自強路２５５巷３５弄２之２０號,0.0,,,,1150426,土地0建物1車位1,四層,5,華廈(10層含以下有電梯),住家用,鋼筋混凝土造,0820803,122.74000000000001,3,2,2,有,有,無,17000,139,一樓平面,0.0,0,,RPPNMLMJNHLGFKD58CC,整棟(戶)出租,有,1150501~1160430,有,冷氣、熱水器,
北區,租賃房屋+車位,臺南市北區公園北路１５６號１４樓之７,0.0,,,,1150429,土地0建物1車位1,十四層,14,住宅大樓(11層含以上有電梯),集合住宅,ＲＣ造,0951001,51.48,1,1,1,有,有,有,13800,268,坡道平面,0.0,0,,RPQNMLNJNHLGFAD77CC,獨立套房,有,1150501~1160430,有,冷氣、熱水器、洗衣機、電視機、冰箱、網路,一般轉租
北區,租賃房屋,臺南市北區公園路６７６號４樓之３,0.0,,,,1150429,土地0建物1車位0,四層,7,華廈(10層含以下有電梯),住家用,鋼筋混凝土造,0701231,85.72,3,1,2,有,無,無,14500,169,,0.0,0,,RPRNMLNJNHLGFAD87CC,整棟(戶)出租,無,1150601~1170531,有,冷氣、熱水器、洗衣機、冰箱、瓦斯或天然氣,一般轉租
永康區,租賃房屋,臺南市永康區南台街１３巷４１號８樓之２,0.0,,,,1150420,土地0建物1車位0,八層,16,住宅大樓(11層含以上有電梯),住家用,鋼筋混凝土造,0840523,98.47999999999999,3,2,2,有,有,有,18500,188,,0.0,0,多人共同承租2；,RPPNMLNJNHLGFKD68CC,整棟(戶)出租,有,1150501~1170430,有,冷氣、熱水器、洗衣機、冰箱、瓦斯或天然氣,一般轉租
安平區,租賃房屋+車位,臺南市安平區國平北路１４７號十三樓之５,0.0,,,,1150427,土地0建物1車位1,十三層,34,住宅大樓(11層含以上有電梯),集合住宅,鋼骨鋼筋混凝土造、鋼筋混凝土造,1140415,107.66,2,2,1,有,有,有,16900,157,坡道平面,27.92,0,台南市不動產租賃公會民間住宅包租代管第5期計畫。管理費1600元由出租人負擔。,RPPNMLOJNHLGFAD77CC,整棟(戶)出租,有,1150501~1160430,有,冷氣、熱水器、洗衣機、電視機、冰箱,社會住宅包租轉租
北區,租賃房屋,臺南市北區育德一街７號八樓,0.0,,,,1150427,土地0建物1車位0,八層,10,華廈(10層含以下有電梯),集合住宅,鋼筋混凝土造,0930818,79.97,2,1,1,有,有,有,17500,219,,0.0,0,台南市不動產租賃公會民間住宅包租代管第5期計畫。管理費2000元由出租人負擔。多人共同承租2；,RPQNMLOJNHLGFAD87CC,整棟(戶)出租,有,1150501~1160430,有,冷氣、熱水器、洗衣機、冰箱、瓦斯或天然氣,社會住宅代管
北區,租賃房屋,臺南市北區公園南路３７０巷１１號四樓之１,0.0,,,,1150429,土地0建物1車位0,四層,23,住宅大樓(11層含以上有電梯),集合住宅,鋼筋混凝土造,0890406,167.67000000000002,3,2,2,有,有,有,24000,143,,0.0,0,另有管理費1000元，由承租人負擔。未租賃車位，建物登記含有車位面積；,RPRNMLOJNHLGFAD97CC,整棟(戶)出租,有,1150501~1160430,有,冷氣、熱水器、洗衣機、電視機、冰箱、瓦斯或天然氣,社會住宅代管
中西區,租賃房屋,臺南市中西區大勇街１５３巷３號,0.0,,,,1150408,土地0建物1車位0,全,2,透天厝,住家用,磚造,0510101,65.13,2,1,1,有,無,有,7000,107,,0.0,0,參加國家住宅及都市中心辦理社會住宅包租代管第五期計劃中央版,RPSNMLOJNHLGFAD08CC,整棟(戶)出租,無,1150501~1160430,無,冷氣、熱水器、洗衣機、電視機、冰箱、有線電視,社會住宅包租轉租
北區,租賃房屋,臺南市北區公園南路３６２巷２２號２２樓之５,0.0,,,,1150425,土地0建物1車位0,二十二層,25,住宅大樓(11層含以上有電梯),住家用,鋼筋混凝土造,0840104,137.79,4,1,2,有,有,無,16000,116,,0.0,0,續租案件；,RPTNMLOJNHLGFAD18CC,整棟(戶)出租,有,1150501~1180430,有,冷氣、熱水器、瓦斯或天然氣,
北區,租賃房屋,臺南市北區和緯路四段１１７巷３２號,0.0,,,,1150501,土地0建物0車位0,全,3,透天厝,住商用,鋼筋混凝土造,0700910,15.4,8,1,8,有,無,有,6500,422,,0.0,0,租金總額含水費；網路費；含增建或未登記建物；續租案件；,RPUNMLOJNHLGFAD28CC,分租套房,無,1150501~1160501,無,冷氣、熱水器、洗衣機、電視機、冰箱、網路,一般代管
安平區,租賃房屋,臺南市安平區建平八街５５１號１８樓之１０,0.0,,,,1150420,土地0建物1車位0,十八層,26,住宅大樓(11層含以上有電梯),集合住宅,鋼筋混凝土造,0870105,120.1,3,2,2,有,有,有,16500,137,,0.0,0,參加公會版住宅包租代管五期計畫,RPVNMLOJNHLGFAD38CC,整棟(戶)出租,有,1150420~1180419,有,冷氣、熱水器、洗衣機、電視機,社會住宅包租轉租
中西區,租賃房屋,臺南市中西區建業街３７巷２號五樓之４,0.0,,,,1150501,土地0建物0車位0,五層,5,公寓(5樓含以下無電梯),住家用,鋼筋混凝土造,0740529,18.6,4,1,4,有,無,有,7000,376,,0.0,0,租金總額含水費；網路費；含增建或未登記建物；租賃建物部分範圍，且未計入共有部分面積；續租案件；,RPWNMLOJNHLGFAD48CC,分租套房,無,1150501~1160430,無,冷氣、熱水器、洗衣機、電視機、冰箱、網路,一般代管
中西區,租賃房屋,臺南市中西區友愛街３６３號九樓之７,0.0,,,,1150407,土地0建物1車位0,九層,11,住宅大樓(11層含以上有電梯),住家用,鋼筋混凝土造,0851127,38.129999999999995,1,1,1,有,有,有,10000,262,,0.0,0,台南市社會住宅包租代管第4期計畫公會版租金依照租金水準區間表評定,RPXNMLOJNHLGFAD58CC,獨立套房,有,1150413~1160228,有,冷氣、熱水器、洗衣機、電視機、冰箱,社會住宅包租轉租
安平區,租賃房屋+車位,臺南市安平區建平十一街１８號三樓之７,0.0,,,,1150428,土地0建物1車位1,三層,15,住宅大樓(11層含以上有電梯),集合住宅,鋼筋混凝土構造,1111013,160.75,3,2,2,有,有,有,25691,160,坡道平面,35.34,0,租金已扣除管理費3309元,RPOOMLOJNHLGFAD77CC,整棟(戶)出租,有,1150501~1160430,有,冷氣、熱水器、冰箱、瓦斯或天然氣,
安平區,租賃房屋,臺南市安平區國平北路１３７號十七樓之９,0.0,,,,1150425,土地0建物1車位0,十七層,34,住宅大樓(11層含以上有電梯),集合住宅,鋼骨鋼筋混凝土造、鋼筋混凝土造,1140415,107.07,2,2,1,有,有,有,24000,224,,0.0,0,參加公會版住宅包租代管五期計畫租金總額含管理費；未租賃車位，建物登記含有車位面積；,RPPOMLOJNHLGFAD87CC,整棟(戶)出租,有,1150425~1160424,有,冷氣、洗衣機、電視機、冰箱,社會住宅代管
安平區,租賃房屋,臺南市安平區國平北路１３７號十二樓之５,0.0,,,,1150425,土地0建物1車位0,十二層,34,住宅大樓(11層含以上有電梯),集合住宅,鋼骨鋼筋混凝土造、鋼筋混凝土造,1140415,107.66,2,2,1,有,有,有,15000,139,,0.0,0,參加公會版住宅包租代管五期計畫租金總額含管理費；未租賃車位，建物登記含有車位面積；,RPQOMLOJNHLGFAD97CC,整棟(戶)出租,有,1150425~1160424,有,冷氣、洗衣機、電視機、冰箱,社會住宅代管
安平區,租賃房屋,臺南市安平區永華八街１９３巷３４號之５,0.0,,,,1150429,土地0建物1車位0,六層,6,華廈(10層含以下有電梯),住家用,鋼筋混凝土造,0811024,131.76,3,1,2,有,有,有,18000,137,,0.0,0,台南市社會住宅包租代管第4期計畫。續租案件；,RPROMLOJNHLGFAD08CC,整棟(戶)出租,有,1150510~1160509,有,冷氣、熱水器、洗衣機、電視機、冰箱、瓦斯或天然氣,社會住宅包租轉租
安平區,租賃房屋,臺南市安平區國平北路１４７號三十四樓之８,0.0,,,,1150425,土地0建物1車位0,三十四層,34,住宅大樓(11層含以上有電梯),集合住宅,鋼骨鋼筋混凝土造、鋼筋混凝土造,1140415,115.06,2,2,1,有,有,有,25000,217,,0.0,0,參加公會版住宅包租代管五期計畫多人共同承租2；租金總額含管理費；未租賃車位，建物登記含有車位面積；,RPTOMLOJNHLGFAD28CC,整棟(戶)出租,有,1150425~1160424,有,冷氣、熱水器、洗衣機、電視機、冰箱,社會住宅代管
中西區,租賃房屋+車位,臺南市中西區永華路一段２８８號六樓之８,0.0,,,,1150423,土地0建物1車位1,六層,19,住宅大樓(11層含以上有電梯),集合住宅,鋼筋混凝土構造,1100727,102.80000000000001,2,2,2,有,有,有,21746,269,坡道機械,29.39,2000,每個月管理費2254元整，由出租人負擔。,RPUOMLOJNHLGFAD38CC,整棟(戶)出租,有,1150501~1160430,有,冷氣、熱水器、洗衣機、電視機、冰箱,
中西區,租賃房屋,臺南市中西區海安路二段４０１號十樓之６,0.0,,,,1150429,土地0建物1車位0,十層,12,住宅大樓(11層含以上有電梯),住家用,鋼筋混凝土造,0850725,28.650000000000002,1,0,1,有,有,有,5700,199,,0.0,0,台南市社會住宅包租代管第4期計畫。管理費800元由出租人負擔續租案件；,RPVOMLOJNHLGFAD48CC,獨立套房,有,1150515~1160514,有,冷氣、熱水器、洗衣機、冰箱,社會住宅包租轉租
北區,租賃房屋,臺南市北區公園路７５８巷４７號,0.0,,,,1150430,土地0建物0車位0,全,2,透天厝,住家用,加強磚造,0631203,26.45,6,1,6,有,無,有,7000,265,,0.0,0,租金總額含網路費；,RPWOMLOJNHLGFAD58CC,分租套房,無,1150510~1160509,無,冷氣、熱水器、洗衣機、電視機、冰箱、網路,
中西區,租賃房屋,臺南市中西區武聖路２７巷２３號,0.0,,,,1150427,土地0建物0車位0,全,2,透天厝,住商用,加強磚造,0690416,15.0,7,1,7,有,無,有,6000,400,,0.0,0,租金總額含水費；網路費；含增建或未登記建物；,RPXOMLOJNHLGFAD68CC,分租套房,無,1150427~1160430,無,冷氣、熱水器、電視機、冰箱、網路,
北區,租賃房屋,臺南市北區北園街１２８巷２３弄１８號,0.0,,,,1150428,土地0建物1車位0,全,2,透天厝,住家用,加強磚造,0781021,134.16,4,2,2,有,無,有,20000,149,,0.0,0,參加公會版住宅包租代管五期計畫,RPOPMLOJNHLGFAD87CC,整棟(戶)出租,無,1150501~1160430,無,熱水器,社會住宅代管
中西區,租賃房屋,臺南市中西區南寧街８３巷１６號五樓之１１,0.0,,,,1150407,土地0建物1車位0,五層,5,華廈(10層含以下有電梯),住家用,鋼筋混凝土造,0790410,25.11,1,1,1,有,有,有,5000,199,,0.0,0,台南市社會住宅包租代管增辦第4期計畫公會版租金依照租金水準區間表評定續租案件；,RPPPMLOJNHLGFAD97CC,獨立套房,有,1150412~1160411,有,冷氣、熱水器、洗衣機、電視機、冰箱,社會住宅代管
安平區,租賃房屋+車位,臺南市安平區建平八街７２號六樓之６,0.0,,,,1150410,土地0建物1車位1,見其他登記事項,14,住宅大樓(11層含以上有電梯),一般事務所,鋼筋混凝土造,0880816,121.69,3,2,2,有,有,有,20500,168,坡道平面,0.0,3000,社會住宅包租代管增辦第4期計畫公會版,RPRPMLOJNHLGFAD18CC,整棟(戶)出租,有,1150425~1160106,有,冷氣、熱水器、電視機、冰箱、網路,社會住宅代管
安平區,租賃房屋,臺南市安平區建平七街５５６號,0.0,,,,1150427,土地0建物1車位0,一層,22,店面(店鋪),店舖,鋼筋混凝土造,1121108,121.69,0,2,1,有,有,無,35000,288,,0.0,0,1.民國115年4月27日起至民國115年5月31日止，共計35天為免租金裝潢期。未租賃車位，建物登記含有車位面積；,RPSPMLOJNHLGFAD28CC,,有,1150601~1160531,有,,
中西區,租賃房屋,臺南市中西區忠明街４９號五樓之４,0.0,,,,1150425,土地0建物1車位0,五層,6,華廈(10層含以下有電梯),住家用,鋼筋混凝土造,0800903,25.229999999999997,1,0,1,有,無,有,6200,246,,0.0,0,租金已扣除管理費300元,RPTPMLOJNHLGFAD38CC,獨立套房,無,1150501~1160430,有,冷氣、熱水器、洗衣機、電視機、冰箱,
安平區,租賃房屋,臺南市安平區育平路７０號四樓之１,0.0,,,,1150429,土地0建物1車位0,四層,14,住宅大樓(11層含以上有電梯),集合住宅,鋼筋混凝土構造,1021125,57.480000000000004,1,1,1,有,有,有,13800,240,,0.0,0,此為台南市社會住宅包租代管第4期計畫。,RPVPMLOJNHLGFAD58CC,獨立套房,有,1150429~1151231,有,冷氣、熱水器、洗衣機、電視機、冰箱、瓦斯或天然氣,社會住宅包租轉租
安平區,租賃房屋,臺南市安平區郡平路５２號十三樓之２,0.0,,,,1150427,土地0建物1車位0,十三層,14,住宅大樓(11層含以上有電梯),集合住宅,鋼筋混凝土造,0960719,165.77,3,2,2,有,有,有,17000,103,,0.0,0,台南市不動產租賃公會民間住宅包租代管第4期計畫。多人共同承租2；續租案件；,RPWPMLOJNHLGFAD68CC,整棟(戶)出租,有,1150523~1161027,有,冷氣、熱水器、洗衣機、電視機、冰箱、瓦斯或天然氣,社會住宅包租轉租
安南區,租賃房屋,臺南市安南區安通路四段５０號,0.0,,,,1150427,土地0建物1車位0,一層,4,店面(店鋪),店舖，住宅，停車空間,鋼筋混凝土造,0940504,55.71,3,3,4,有,無,有,16000,287,,0.0,0,,RPPNMLOJNHLGFBD87CC,,無,1150515~1160514,無,冷氣、熱水器,
安南區,租賃房屋+車位,臺南市安南區安富二街３０號１１樓,0.0,,,,1150419,土地0建物1車位1,十一層,14,住宅大樓(11層含以上有電梯),集合住宅,鋼筋混凝土造,1140728,146.29000000000002,3,2,2,有,有,有,25000,171,坡道平面,31.09,0,租金總額含管理費；,RPQNMLOJNHLGFBD97CC,整棟(戶)出租,有,1150501~1160430,有,冷氣、熱水器、洗衣機、冰箱、瓦斯或天然氣,
安南區,租賃房屋+車位,臺南市安南區生態街５７號二樓之２,0.0,,,,1150428,土地0建物1車位1,二層,20,住宅大樓(11層含以上有電梯),集合住宅,鋼筋混凝土造,1120525,211.88,3,2,2,有,有,無,25397,120,坡道平面,28.13,0,租金已扣除管理費4603元,RPRNMLOJNHLGFBD08CC,整棟(戶)出租,有,1150501~1160430,有,冷氣、熱水器、洗衣機,
安南區,租賃房屋,臺南市安南區長溪路三段３８０巷１２５弄９９號,0.0,,,,1150408,土地0建物1車位0,全,3,透天厝,住家用,鋼筋混凝土造,0831113,124.35,5,2,3,有,無,有,15000,121,,0.0,0,台南市社會住宅包租代管增辦第4期計畫公會版租金依照租金水準區間表評定,RPTNMLOJNHLGFBD28CC,整棟(戶)出租,無,1150422~1160421,無,熱水器、洗衣機、電視機、冰箱、瓦斯或天然氣,社會住宅代管
安南區,租賃房屋,臺南市安南區安中路四段３２０巷１２９弄３０之３３號,0.0,,,,1150429,土地0建物1車位0,全,3,透天厝,住家用,鋼筋混凝土造,0850106,127.14,4,2,3,有,無,無,30000,236,,0.0,0,民國115年4月29日起至民國115年5月9日止，共計11天為免租金搬入期。多人共同承租2；,RPUNMLOJNHLGFBD38CC,整棟(戶)出租,無,1150510~1160509,無,冷氣、熱水器、洗衣機、冰箱,
安南區,租賃房屋,臺南市安南區府安路六段１０３巷８７弄３３號,0.0,,,,1150425,土地0建物1車位0,全,2,透天厝,住家用,鋼筋混凝土造,0690126,102.56,3,2,2,有,無,無,15000,146,,0.0,0,台南市社會住宅包租代管 第四期計畫公會版；水、電費由承租人負擔。續租案件；,RPVNMLOJNHLGFBD48CC,整棟(戶)出租,無,1150515~1160514,無,冷氣、熱水器,社會住宅代管
東區,租賃房屋,臺南市東區龍山街９９號十二樓,0.0,,,,1150427,土地0建物1車位0,十二層,14,住宅大樓(11層含以上有電梯),住家用,鋼筋混凝土造,0960906,90.43,2,2,1,有,有,有,16000,177,,0.0,0,台南市不動產租賃公會民間住宅包租代管第5期計畫。,RPPNMLOJNHLGFCD97CC,整棟(戶)出租,有,1150501~1160430,有,冷氣、熱水器、洗衣機、電視機、冰箱、瓦斯或天然氣,社會住宅包租轉租
東區,租賃房屋,臺南市東區大同路一段２４１巷５５號,0.0,,,,1150420,土地0建物1車位0,一層,5,公寓(5樓含以下無電梯),住家用,鋼筋混凝土造,0700602,86.94,3,2,1,有,無,有,16000,184,,0.0,0,多人共同承租2；,RPRNMLOJNHLGFCD18CC,整棟(戶)出租,無,1150501~1160430,無,冷氣、熱水器、洗衣機、瓦斯或天然氣,社會住宅代管
南區,租賃房屋,臺南市南區夏林路１０５號四樓之５,0.0,,,,1150409,土地0建物1車位0,四層,11,住宅大樓(11層含以上有電梯),住家用,鋼筋混凝土造,0850712,110.72,3,2,2,有,有,有,16700,151,,0.0,0,參加公會版住宅包租代管五期計畫,RPSNMLOJNHLGFCD28CC,整棟(戶)出租,有,1150410~1160409,有,冷氣、熱水器、洗衣機、電視機,社會住宅包租轉租
東區,租賃房屋,臺南市東區仁和路１０５之６號四樓之１,0.0,,,,1150421,土地0建物1車位0,四層,5,公寓(5樓含以下無電梯),住家用,鋼筋混凝土造,0721212,125.59,3,2,2,有,無,有,15000,119,,0.0,0,,RPTNMLOJNHLGFCD38CC,整棟(戶)出租,無,1150501~1160430,無,冷氣、熱水器、洗衣機、電視機、冰箱,社會住宅包租轉租
南區,租賃房屋,臺南市南區金華路二段２２８巷１３號二樓之１,0.0,,,,1150423,土地0建物1車位0,二層,4,公寓(5樓含以下無電梯),住家用,鋼筋混凝土造,0691231,75.89,2,2,1,有,無,有,14800,195,,0.0,0,多人共同承租2；,RPUNMLOJNHLGFCD48CC,整棟(戶)出租,無,1150501~1160430,無,冷氣、熱水器、洗衣機、電視機、冰箱,社會住宅代管
東區,租賃房屋,臺南市東區林森路一段１３２號十一樓,0.0,,,,1150413,土地0建物1車位0,十一層,16,住宅大樓(11層含以上有電梯),住家用,鋼筋混凝土造,0820609,73.33,2,2,1,有,有,有,17000,232,,0.0,0,多人共同承租2；租金總額含管理費；含增建或未登記建物；,RPVNMLOJNHLGFCD58CC,整棟(戶)出租,有,1150601~1170531,有,冷氣、熱水器、洗衣機、冰箱,
南區,租賃房屋,臺南市南區大同路二段１６４巷６號九樓之３,0.0,,,,1150419,土地0建物1車位0,九層,13,住宅大樓(11層含以上有電梯),集合住宅,鋼筋混凝土造,0881021,152.66,3,2,2,有,有,有,15000,98,,0.0,0,參加公會版住宅包租代管五期計畫租金總額含管理費；,RPXNMLOJNHLGFCD78CC,整棟(戶)出租,有,1150420~1160419,有,冷氣、熱水器、洗衣機、電視機、冰箱,社會住宅代管
東區,租賃房屋,臺南市東區光明街１７５巷２６號,0.0,,,,1150501,土地0建物1車位0,全,3,透天厝,住家用,加強磚造,0610801,76.8,3,2,2,有,無,無,13500,176,,0.0,0,含增建或未登記建物；,RPOOMLOJNHLGFCD97CC,整棟(戶)出租,無,1150501~1200615,無,冷氣,
東區,租賃房屋,臺南市東區東成街１８４號五樓,0.0,,,,1150424,土地0建物1車位0,五層,5,公寓(5樓含以下無電梯),住家用,鋼筋混凝土造,0701202,103.48,3,2,2,有,無,有,13500,130,,0.0,0,此為國家住宅及都市更新中心社會住宅包租代管第5期計畫。續租案件；,RPPOMLOJNHLGFCD08CC,整棟(戶)出租,無,1150424~1160423,無,冷氣、熱水器、洗衣機、冰箱、瓦斯或天然氣,社會住宅代管
東區,租賃房屋,臺南市東區東門路一段２９８號四樓之６,0.0,,,,1150429,土地0建物1車位0,四層,11,住宅大樓(11層含以上有電梯),住家用,鋼筋混凝土造,0800518,21.39,1,0,1,有,有,有,4500,210,,0.0,0,此為國家住宅及都市更新中心社會住宅包租代管第5期計畫。續租案件；,RPQOMLOJNHLGFCD18CC,獨立套房,有,1150429~1160428,有,冷氣、熱水器、洗衣機、電視機、冰箱,社會住宅包租轉租
東區,租賃房屋,臺南市東區東和路８８號,0.0,,,,1150502,土地0建物0車位0,全,3,透天厝,住家用,鋼筋混凝土造,0681130,16.8,7,3,7,有,無,有,9000,536,,0.0,0,租金總額含水費；網路費；含增建或未登記建物；續租案件；,RPROMLOJNHLGFCD28CC,分租套房,無,1150502~1160502,無,冷氣、熱水器、洗衣機、電視機、冰箱、網路,一般轉租
東區,租賃房屋,臺南市東區建東街５４巷２-１號,0.0,,,,1150504,土地0建物1車位0,全,2,透天厝,住家用,加強磚造,0630729,79.91,4,2,2,有,無,無,15500,194,,0.0,0,,RPUOMLOJNHLGFCD58CC,整棟(戶)出租,無,1150515~1160514,無,熱水器、瓦斯或天然氣,
南區,租賃房屋,臺南市南區中華西路一段１５０號,0.0,,,,1150426,土地0建物1車位0,一層,3,店面(店鋪),住商用,鋼筋混凝土造,0710218,72.61,0,2,1,有,無,無,17500,241,,0.0,0,,RPVOMLOJNHLGFCD68CC,,無,1150526~1170525,無,,
東區,租賃房屋+車位,臺南市東區中華東路二段１８５巷３２號十五樓,0.0,,,,1150429,土地0建物1車位1,十五層,20,住宅大樓(11層含以上有電梯),住家用,鋼筋混凝土造,0841105,146.46,3,1,2,有,有,有,15342,105,坡道平面,0.0,0,台南市不動產租賃公會民間住宅包租代管第5期計畫。管理費2658元由出租人負擔。,RPXOMLOJNHLGFCD88CC,整棟(戶)出租,有,1150501~1160430,有,冷氣、熱水器、洗衣機、電視機、冰箱、瓦斯或天然氣,社會住宅包租轉租
新營區,租賃房屋,臺南市新營區新東里２５鄰東興三街２２巷３號十三樓,0.0,,,,1150428,土地0建物1車位0,十三層,13,住宅大樓(11層含以上有電梯),集合住宅,鋼筋混凝土造,0890317,146.11,3,2,2,有,有,有,13150,90,,0.0,0,此為國家住宅及都市更新中心社會住宅包租代管第5期計畫。管理費850元由出租人負擔續租案件；,RPPNMLOJNHLGFDD08CC,整棟(戶)出租,有,1150429~1160428,有,冷氣、熱水器、瓦斯或天然氣,社會住宅包租轉租
佳里區,租賃房屋,臺南市佳里區海澄里番仔寮２３-９號,0.0,,,,1150502,土地0建物1車位0,全,3,透天厝,住家用,鋼筋混凝土造,1131210,142.24,4,2,3,有,無,無,25000,176,,0.0,0,,RPPNMLOJNHLGFGD38CC,整棟(戶)出租,無,1150505~1160504,無,熱水器、電視機,
學甲區,租賃房屋,臺南市學甲區重信路１號七樓之十一,0.0,,,,1150424,土地0建物1車位0,七層,12,住宅大樓(11層含以上有電梯),住家用,鋼筋混凝土造,0840622,36.14,1,0,1,有,有,有,5500,152,,0.0,0,參加國家住宅及都市中心辦理社會住宅包租代管第五期計劃中央版,RPQNMLOJNHLGFGD48CC,獨立套房,有,1150424~1160423,有,冷氣、熱水器、洗衣機、電視機、冰箱,社會住宅代管
學甲區,租賃房屋,臺南市學甲區重信路１號十一樓之五,0.0,,,,1150428,土地0建物1車位0,十一層,12,住宅大樓(11層含以上有電梯),住家用,鋼筋混凝土造,0840622,84.82,3,1,2,有,有,有,11000,130,,0.0,0,參加國家住宅及都市中心辦理社會住宅包租代管第五期計劃中央版租金總額含管理費；,RPRNMLOJNHLGFGD58CC,整棟(戶)出租,有,1150428~1160427,有,冷氣、熱水器、洗衣機、電視機、冰箱,社會住宅代管
新市區,租賃房屋,臺南市新市區三民街５０巷３４號,0.0,,,,1150424,土地0建物0車位0,全,3,透天厝,住商用,鋼筋混凝土造,0780529,9.66,4,1,3,有,無,有,5500,569,,0.0,0,多人共同承租2；租金總額含水費；網路費；租賃建物部分範圍，且未計入共有部分面積；,RPPNMLOJNHLGFHD48CC,分租雅房,無,1150425~1160424,無,冷氣、熱水器、洗衣機、冰箱、網路,
新市區,租賃房屋,臺南市新市區三民街５０巷３４號,0.0,,,,1150424,土地0建物0車位0,全,3,透天厝,住商用,鋼筋混凝土造,0780529,17.64,4,1,3,有,無,有,6000,340,,0.0,0,多人共同承租3；租金總額含水費；網路費；租賃建物部分範圍，且未計入共有部分面積；,RPQNMLOJNHLGFHD58CC,分租雅房,無,1150425~1160424,無,冷氣、熱水器、洗衣機、冰箱、網路,
新市區,租賃房屋,臺南市新市區三民街５０巷３２號,0.0,,,,1150424,土地0建物0車位0,全,3,透天厝,住商用,鋼筋混凝土造,0780529,15.12,4,1,3,有,無,有,6500,430,,0.0,0,承租人為外國人多人共同承租2；租金總額含水費；網路費；租賃建物部分範圍，且未計入共有部分面積；,RPRNMLOJNHLGFHD68CC,分租套房,無,1150425~1160424,無,冷氣、熱水器、洗衣機、網路,
新市區,租賃房屋,臺南市新市區大順六路２１９號二樓之３,0.0,,,,1150422,土地0建物1車位0,二層,7,華廈(10層含以下有電梯),集合住宅,鋼筋混凝土造,1140909,77.12,2,2,2,有,有,有,18500,240,,0.0,0,,RPSNMLOJNHLGFHD78CC,整棟(戶)出租,有,1150501~1160430,有,冷氣、熱水器、洗衣機、冰箱,社會住宅包租轉租
善化區,租賃房屋,臺南市善化區小新營１３之２７號,0.0,,,,1150429,土地0建物1車位0,全,3,透天厝,住家用,鋼筋混凝土造,0820201,152.04,5,2,3,有,無,有,16000,105,,0.0,0,台南市社會住宅包租代管第4期計畫。續租案件；,RPTNMLOJNHLGFHD88CC,整棟(戶)出租,無,1150525~1160524,無,冷氣、熱水器、洗衣機、瓦斯或天然氣,社會住宅包租轉租
新市區,租賃房屋,臺南市新市區可口街４２號,0.0,,,,1150423,土地0建物1車位0,全,2,透天厝,住商用,加強磚造,0671101,103.6,4,2,3,有,無,有,14000,135,,0.0,0,此為國家住宅及都市更新中心社會住宅包租代管第5期計畫。續租案件；,RPUNMLOJNHLGFHD98CC,整棟(戶)出租,無,1150425~1160424,無,熱水器、瓦斯或天然氣,社會住宅代管
新市區,租賃房屋,臺南市新市區社內１９６之２號,0.0,,,,1150414,土地0建物0車位0,全,5,透天厝,住家用,鋼筋混凝土造,1021202,18.0,27,0,27,有,無,有,7700,428,,0.0,0,租金總額含管理費；水費；電費；網路費；續租案件；,RPWNMLOJNHLGFHD56CC,分租套房,無,1150424~1151023,無,冷氣、熱水器、洗衣機、電視機、冰箱、網路,一般轉租
新市區,租賃房屋,臺南市新市區社內１９６-２號,0.0,,,,1150414,土地0建物0車位0,全,5,透天厝,住家用,鋼筋混凝土造,1021202,18.0,27,0,27,有,無,有,7700,428,,0.0,0,租金總額含管理費；水費；電費；網路費；續租案件；,RPXNMLOJNHLGFHD66CC,分租套房,無,1150424~1151023,無,冷氣、熱水器、洗衣機、電視機、冰箱、網路,一般轉租
歸仁區,租賃房屋,臺南市歸仁區中正十五街１１９號,0.0,,,,1150410,土地0建物1車位0,全,2,透天厝,住家用,鋼筋混凝土造,0810603,109.85,4,2,2,有,有,有,12000,109,,0.0,0,參加公會版住宅包租代管五期計畫,RPPNMLOJNHLGFID58CC,整棟(戶)出租,有,1150410~1180409,有,熱水器,社會住宅包租轉租
歸仁區,租賃房屋+車位,臺南市歸仁區民族北街１７巷２號５樓之９,0.0,,,,1150422,土地0建物1車位1,五層,10,華廈(10層含以下有電梯),住家用,鋼筋混凝土造,0821224,132.82,3,2,2,有,有,無,16000,120,坡道平面,0.0,0,,RPQNMLOJNHLGFID68CC,整棟(戶)出租,有,1150501~1170430,有,熱水器,
仁德區,租賃房屋,臺南市仁德區文賢路二段１５巷１８弄１７號４樓之２,0.0,,,,1150427,土地0建物0車位0,四層,10,華廈(10層含以下有電梯),住家用,鋼筋混凝土造,0920910,18.18,5,2,5,有,無,有,12000,660,,0.0,0,文賢15-407房租金總額含水費；網路費；其他垃圾代收費；租賃建物部分範圍，且未計入共有部分面積；,RPRNMLOJNHLGFID78CC,分租套房,無,1150501~1160430,有,冷氣、熱水器、洗衣機、電視機、冰箱、網路,一般轉租
歸仁區,租賃房屋,臺南市歸仁區武東一街４９巷６６號四樓之３,0.0,,,,1150428,土地0建物1車位0,四層,6,華廈(10層含以下有電梯),住家用,鋼筋混凝土造,0860721,85.06,3,1,1,有,有,有,10000,118,,0.0,0,台南市社會住宅包租代管第4期計畫。續租案件；,RPUNMLOJNHLGFID09CC,整棟(戶)出租,有,1150508~1160507,有,冷氣、熱水器、洗衣機、電視機、冰箱,社會住宅包租轉租
仁德區,租賃房屋,臺南市仁德區德洋路１８０巷２８號五樓之４,0.0,,,,1150428,土地0建物1車位0,五層,6,華廈(10層含以下有電梯),住家用,鋼筋混凝土造,0860425,108.45,3,2,2,有,有,有,15000,138,,0.0,0,參加公會版住宅包租代管五期計畫,RPVNMLOJNHLGFID56CC,整棟(戶)出租,有,1150505~1160504,有,冷氣、熱水器、洗衣機、電視機、冰箱,社會住宅代管
仁德區,租賃房屋+車位,臺南市仁德區德洋二街３９巷６號５樓之１,0.0,,,,1150425,土地0建物1車位1,五層,5,華廈(10層含以下有電梯),集合住宅,鋼筋混凝土構造,1101029,135.37,3,2,2,有,有,有,28000,207,一樓平面,24.27,0,多人共同承租4；租金總額含管理費；,RPWNMLOJNHLGFID66CC,整棟(戶)出租,有,1150501~1160430,有,冷氣、熱水器、洗衣機、電視機、冰箱,
仁德區,租賃房屋,臺南市仁德區義林南路９８８巷１５號,0.0,,,,1150427,土地0建物1車位0,見其他登記事項,3,廠辦,工商用,鐵骨造、ＲＣ造,0820502,181.53,4,2,3,有,無,無,30000,165,,0.0,0,,RPXNMLOJNHLGFID76CC,,無,1150520~1200519,無,冷氣、冰箱,
永康區,租賃房屋,臺南市永康區中正南路１６８巷３弄６號,0.0,,,,1150410,土地0建物1車位0,全,2,透天厝,住家用,Ｒ．Ｃ造，磚造。,0640801,85.49,3,2,2,有,無,無,15000,175,,0.0,0,,RPPNMLOJNHLGFKD78CC,整棟(戶)出租,無,1150501~1180430,無,熱水器、瓦斯或天然氣,社會住宅代管
永康區,租賃房屋,臺南市永康區國華街９５巷１２號,0.0,,,,1150410,土地0建物1車位0,全,4,透天厝,住家用,鋼筋混凝土造,0810706,167.44,4,2,3,有,無,有,19500,116,,0.0,0,參加公會版住宅包租代管五期計畫,RPQNMLOJNHLGFKD88CC,整棟(戶)出租,無,1150410~1180409,無,冷氣、熱水器、洗衣機,社會住宅包租轉租
永康區,租賃房屋,臺南市永康區中華路５８巷７０號六樓之２,0.0,,,,1150417,土地0建物1車位0,六層,13,住宅大樓(11層含以上有電梯),住家用,鋼筋混凝土造,0951031,192.37,3,2,2,有,有,有,19500,101,,0.0,0,參加公會版住宅包租代管五期計畫租金總額含管理費；,RPSNMLOJNHLGFKD09CC,整棟(戶)出租,有,1150420~1180419,有,冷氣、熱水器、洗衣機、電視機、冰箱,社會住宅包租轉租
永康區,租賃房屋,臺南市永康區東橋七路１９５號十六樓之６,0.0,,,,1150427,土地0建物1車位0,十六層,16,住宅大樓(11層含以上有電梯),住家用,鋼筋混凝土構造,1061114,152.25,3,2,2,有,有,有,22500,148,,0.0,0,另有管理費3000元，由承租人負擔。多人共同承租2；未租賃車位，建物登記含有車位面積；,RPTNMLOJNHLGFKD56CC,整棟(戶)出租,有,1150515~1160514,有,冷氣、熱水器、洗衣機、冰箱、瓦斯或天然氣,社會住宅代管
永康區,租賃房屋,臺南市永康區東橋五路２０２號１４樓之８,0.0,,,,1150420,土地0建物1車位0,十四層,15,住宅大樓(11層含以上有電梯),集合住宅,鋼筋混凝土構造,1120818,100.47999999999999,3,2,2,有,有,有,19000,189,,0.0,0,參加公會版住宅包租代管五期計畫,RPUNMLOJNHLGFKD66CC,整棟(戶)出租,有,1150420~1160419,有,冷氣、熱水器、洗衣機、電視機、冰箱、瓦斯或天然氣,社會住宅包租轉租
永康區,租賃房屋,臺南市永康區中華路５７８巷２之２號５樓之７,0.0,,,,1150409,土地0建物1車位0,五層,8,華廈(10層含以下有電梯),住家用,鋼筋混凝土造,0851028,22.99,1,0,1,有,有,有,6100,265,,0.0,0,參加公會版住宅包租代管五期計畫,RPVNMLOJNHLGFKD76CC,獨立套房,有,1150410~1180409,有,冷氣、熱水器、洗衣機、電視機,社會住宅包租轉租
永康區,租賃房屋,臺南市永康區中華西街１５２號,0.0,,,,1150427,土地0建物0車位0,全,3,透天厝,店舖，住宅,鋼筋混凝土構造,1060118,29.75,14,0,14,有,無,有,11000,370,,0.0,0,1.契約書未約定土地租賃標的。   2.由所有權人提供租屋資訊。多人共同承租2；租金總額含網路費；其他MOD；,RPWNMLOJNHLGFKD86CC,分租套房,無,1150501~1160430,無,冷氣、熱水器、洗衣機、電視機、冰箱、網路,一般代管
永康區,租賃房屋,臺南市永康區大同街３３巷１６弄５號,0.0,,,,1150414,土地0建物1車位0,全,2,透天厝,住商用,加強磚造,0700512,120.5,3,2,2,有,無,有,19000,158,,0.0,0,台南市社會住宅包租代管增辦第4期計畫公會版租金依照租金水準區間表評定,RPXNMLOJNHLGFKD96CC,整棟(戶)出租,無,1150501~1170430,無,冷氣、熱水器、洗衣機、冰箱,社會住宅包租轉租
永康區,租賃房屋,臺南市永康區中華路３４９號七樓之１１,0.0,,,,1150408,土地0建物1車位0,七層,17,住宅大樓(11層含以上有電梯),辦公室。,鋼筋混凝土造,0850129,33.25,1,1,1,有,有,有,10200,307,,0.0,0,台南市社會住宅包租代管第5期計畫中央版租金依照租金水準區間表評定,RPQOMLOJNHLGFKD98CC,獨立套房,有,1150426~1160425,有,冷氣、熱水器、洗衣機、電視機、冰箱,社會住宅代管
永康區,租賃房屋+車位,臺南市永康區東橋五路１７６號四樓之７,0.0,,,,1150425,土地0建物1車位1,四層,15,住宅大樓(11層含以上有電梯),集合住宅,鋼筋混凝土構造,1120818,155.45999999999998,3,2,2,有,有,無,21586,139,坡道平面,0.0,0,租金已扣除管理費2414元車位面積無法分算,RPSOMLOJNHLGFKD56CC,整棟(戶)出租,有,1150515~1160514,有,冷氣、熱水器、瓦斯或天然氣,
永康區,租賃房屋,臺南市永康區六合里中華二路３４０巷１２號三樓之２,0.0,,,,1150504,土地0建物1車位0,見其他登記事項,16,住宅大樓(11層含以上有電梯),住家用,鋼筋混凝土造,0811016,131.85999999999999,4,2,2,有,有,有,13900,105,,0.0,0,台南市社會住宅包租代管 增辦第四期計畫 公會版；水、電、瓦斯費由承租人負擔，管理費1170元不包含在租金由承租人負擔。續租案件；,RPUOMLOJNHLGFKD76CC,整棟(戶)出租,有,1150510~1160509,有,冷氣、熱水器、洗衣機、電視機、冰箱、瓦斯或天然氣,社會住宅代管
中西區,租賃房屋,臺南市中西區友愛街３６３號十樓之８,0.0,,,,1150414,土地0建物1車位0,十層,11,住宅大樓(11層含以上有電梯),住家用,鋼筋混凝土造,0851127,41.54,1,1,1,有,有,有,8000,193,,0.0,0,台南市社會住宅包租代管第5期計畫中央版租金依照租金水準區間表評定,RPPNMLPJNHLGFAD87CC,獨立套房,有,1150420~1160419,有,冷氣、熱水器、洗衣機、冰箱,社會住宅包租轉租
安平區,租賃房屋,臺南市安平區慶平路５３９號９樓之１４A房,0.0,,,,1150419,土地0建物0車位0,九層,24,住宅大樓(11層含以上有電梯),集合住宅,鋼筋混凝土造,0880211,52.68,2,0,2,有,有,有,13000,247,,0.0,0,租金總額含管理費；租賃建物部分範圍，且未計入共有部分面積；,RPQNMLPJNHLGFAD97CC,分租套房,有,1150510~1160509,有,冷氣、熱水器、洗衣機、電視機、冰箱、有線電視、網路,一般代管
安平區,租賃房屋,臺南市安平區慶平路５３９號９樓之１４B房,0.0,,,,1150420,土地0建物0車位0,十層,24,住宅大樓(11層含以上有電梯),集合住宅,鋼筋混凝土造,0880211,35.34,2,0,2,有,有,有,14000,396,,0.0,0,多人共同承租2；租金總額含管理費；租賃建物部分範圍，且未計入共有部分面積；,RPRNMLPJNHLGFAD08CC,分租套房,有,1150601~1160531,有,冷氣、熱水器、洗衣機、電視機、冰箱、有線電視、網路,一般代管
安平區,租賃房屋,臺南市安平區永華路二段８３３號２２樓,0.0,,,,1150427,土地0建物1車位0,二十二層,23,住宅大樓(11層含以上有電梯),集合住宅,鋼筋混凝土構造,1081217,117.58,2,2,1,有,有,有,20000,170,,0.0,0,租金總額含管理費；未租賃車位，建物登記含有車位面積；,RPSNMLPJNHLGFAD18CC,整棟(戶)出租,有,1150501~1160430,有,冷氣、熱水器、洗衣機、冰箱,
中西區,租賃房屋,臺南市中西區中山路９０號五樓之３,0.0,,,,1150424,土地0建物1車位0,五層,12,住宅大樓(11層含以上有電梯),住商用,鋼筋混凝土造,0671026,92.12,2,2,1,有,有,有,12000,130,,0.0,0,多人共同承租2；租金總額含管理費；,RPTNMLPJNHLGFAD28CC,整棟(戶)出租,有,1150601~1170531,有,冷氣、熱水器、洗衣機,一般轉租
中西區,租賃房屋,臺南市中西區五妃街３２２巷２１號,0.0,,,,1150428,土地0建物1車位0,全,2,透天厝,住家用,加強磚造,0620324,73.95,3,1,2,有,無,有,11000,149,,0.0,0,此為台南市社會住宅包租代管第4期計畫。,RPUNMLPJNHLGFAD38CC,整棟(戶)出租,無,1150501~1160115,無,冷氣、熱水器、洗衣機、電視機、冰箱、瓦斯或天然氣,社會住宅包租轉租
安平區,租賃房屋,臺南市安平區光州路１３２號,0.0,,,,1150423,土地0建物1車位0,全,4,透天厝,住宅,鋼筋混凝土造,1140617,246.05,5,2,6,有,無,有,58000,236,,0.0,0,,RPVNMLPJNHLGFAD48CC,整棟(戶)出租,無,1150501~1160430,有,冷氣,
安平區,租賃房屋,臺南市安平區健康路三段３３３號二十四樓之２,0.0,,,,1150428,土地0建物1車位0,二十四層,26,住宅大樓(11層含以上有電梯),集合住宅,鋼筋混凝土構造,1060124,114.7,2,2,1,有,有,有,18074,158,,0.0,0,台南市社會住宅包租代管 第五期計畫中央版；水、電、瓦斯費由承租人負擔，租金已扣除管理費  1926  元。多人共同承租2；未租賃車位，建物登記含有車位面積；,RPOOMLPJNHLGFAD87CC,整棟(戶)出租,有,1150510~1160509,有,冷氣、熱水器、洗衣機、電視機、冰箱、瓦斯或天然氣,社會住宅包租轉租
北區,租賃房屋,臺南市北區公園南路３６５號６樓之１,0.0,,,,1150427,土地0建物1車位0,六層,14,住宅大樓(11層含以上有電梯),集合住宅,鋼筋混凝土構造,0960824,40.84,1,0,1,有,有,無,12000,294,,0.0,0,租金總額含管理費；,RPPOMLPJNHLGFAD97CC,獨立套房,有,1150511~1160510,有,冷氣、熱水器、洗衣機、電視機、冰箱,
北區,租賃房屋,臺南市北區忠義路三段３９巷１４之１號,0.0,,,,1150428,土地0建物1車位0,一層,5,公寓(5樓含以下無電梯),住家用,鋼筋混凝土造,0790209,85.0,2,2,2,有,無,有,18000,212,,0.0,0,此為國家住宅及都市更新中心社會住宅包租代管第5期計畫。,RPQOMLPJNHLGFAD08CC,整棟(戶)出租,無,1150520~1160519,無,冷氣、熱水器、電視機、瓦斯或天然氣,社會住宅包租轉租
北區,租賃房屋,臺南市北區成功路３８８號六樓之８,0.0,,,,1150430,土地0建物1車位0,六層,12,住宅大樓(11層含以上有電梯),住家用,鋼筋混凝土造,0711012,56.92,2,1,2,有,有,有,11800,207,,0.0,0,此為國家住宅及都市更新中心社會住宅包租代管第5期計畫。,RPROMLPJNHLGFAD18CC,整棟(戶)出租,有,1150510~1160509,有,冷氣、熱水器、洗衣機、電視機、冰箱,社會住宅包租轉租
中西區,租賃房屋,臺南市中西區文賢路１３號三樓之１３,0.0,,,,1150424,土地0建物1車位0,三層,7,華廈(10層含以下有電梯),住家用,鋼筋混凝土造,0800213,41.97,1,0,1,有,有,有,6000,143,,0.0,0,台南市不動產租賃公會民間住宅包租代管第4期計畫。,RPSOMLPJNHLGFAD28CC,獨立套房,有,1150425~1160424,有,冷氣、熱水器、洗衣機、電視機、冰箱,社會住宅包租轉租
北區,租賃房屋,臺南市北區長榮路四段３１巷３４號之２,0.0,,,,1150421,土地0建物1車位0,三層,5,公寓(5樓含以下無電梯),住家用,鋼筋混凝土造,0731224,130.9,3,2,2,有,無,無,18000,138,,0.0,0,多人共同承租2；,RPTOMLPJNHLGFAD38CC,整棟(戶)出租,無,1150520~1160519,無,冷氣、熱水器,
安平區,租賃房屋+車位,臺南市安平區國平北路１３７號２４樓之６,0.0,,,,1150502,土地0建物1車位1,二十四層,34,住宅大樓(11層含以上有電梯),集合住宅,鋼骨鋼筋混凝土造、鋼筋混凝土造,1140415,107.96000000000001,2,1,1,有,有,有,21017,195,坡道平面,27.92,0,租金23000元，包含管理費1983元房屋1683+車位300元及平面車位和機車車位各1個。2026/5/1起到2026/5/7為搬遷期不收費，但租客需負保管責任。多人共同承租2；,RPUOMLPJNHLGFAD48CC,整棟(戶)出租,有,1150508~1160507,有,冷氣、熱水器、洗衣機、電視機、冰箱,
安平區,租賃房屋,臺南市安平區光州二街１４４號３樓之９,0.0,,,,1150408,土地0建物1車位0,三層,7,華廈(10層含以下有電梯),住家用,鋼筋混凝土造,0820911,31.229999999999997,1,0,1,有,有,有,8500,272,,0.0,0,參加臺南市社會住宅包租代管第4期計畫租金總額含管理費；續租案件；,RPVOMLPJNHLGFAD58CC,獨立套房,有,1150420~1160331,有,冷氣、熱水器、洗衣機,社會住宅代管
安南區,租賃房屋+車位,臺南市安南區海前路１０號１１樓,0.0,,,,1150428,土地0建物1車位1,十一層,15,住宅大樓(11層含以上有電梯),集合住宅,鋼筋混凝土造,1100324,148.26,2,2,2,有,有,有,21872,148,坡道平面,31.39,0,租金25000元/月含管理費3128元/月,RPPNMLPJNHLGFBD97CC,整棟(戶)出租,有,1150505~1160504,有,冷氣、熱水器、洗衣機、電視機、冰箱、網路,
安南區,租賃房屋,臺南市安南區公學路五段６９７巷１５５號十二樓,0.0,,,,1150501,土地0建物1車位0,十二層,12,住宅大樓(11層含以上有電梯),住家用,鋼筋混凝土造,0870814,150.13,3,1,2,有,有,有,15000,100,,0.0,0,此為國家住宅及都市更新中心社會住宅包租代管第5期計畫。管理費1000元由出租人負擔,RPRNMLPJNHLGFBD18CC,整棟(戶)出租,有,1150504~1160503,有,冷氣、熱水器、洗衣機、冰箱、瓦斯或天然氣,社會住宅代管
東區,租賃房屋,臺南市東區富農街一段２８２號三樓之１,0.0,,,,1150409,土地0建物1車位0,三層,8,華廈(10層含以下有電梯),住家用,鋼筋混凝土造,0871006,103.89999999999999,3,2,1,有,有,有,22400,216,,0.0,0,台南市社會住宅包租代管第5期計畫中央版租金依照租金水準區間表評定多人共同承租2；未租賃車位，建物登記含有車位面積；,RPPNMLPJNHLGFCD08CC,整棟(戶)出租,有,1150415~1180414,有,冷氣、熱水器、洗衣機、電視機、冰箱、瓦斯或天然氣,社會住宅代管
南區,租賃房屋,臺南市南區金華路二段３２３巷３號,0.0,,,,1150423,土地0建物1車位0,全,2,透天厝,住家用,加強磚造,0610614,80.92,3,2,4,有,無,有,18000,222,,0.0,0,,RPQNMLPJNHLGFCD18CC,整棟(戶)出租,無,1150510~1180509,無,冷氣、熱水器、電視機,
東區,租賃房屋,臺南市東區崇仁街１７號,0.0,,,,1150430,土地0建物1車位0,一層,2,店面(店鋪),住家用,加強磚造,0550101,48.76,2,1,2,有,無,無,19000,390,,0.0,0,承租方享有60日裝潢期115/5/16-115/7/15期間免收租金，但裝潢期間水電費用及相關費用由承租方負擔。租金總額含稅；租賃期間有約定不同租金合約第六年開始120/5/1租金調整為每月20000元整。；,RPRNMLPJNHLGFCD28CC,,無,1150516~1210515,無,,
東區,租賃房屋,臺南市東區崇仁街１７號,0.0,,,,1150430,土地0建物1車位0,二層,2,店面(店鋪),住家用,加強磚造,0550101,35.75,2,0,1,有,無,無,19000,531,,0.0,0,承租方享有60日裝潢期115/5/16-115/7/15期間免收租金，但裝潢期間水電費用及相關費用由承租方負擔。租金總額含稅；租賃期間有約定不同租金合約第六年開始120/5/1租金調整為每月20000元整。；,RPSNMLPJNHLGFCD38CC,,無,1150516~1210515,無,,
東區,租賃房屋+車位,臺南市東區德光街１５巷２９號五樓,0.0,,,,1150501,土地0建物1車位1,五層,8,華廈(10層含以下有電梯),住家用,鋼筋混凝土造,0850426,159.91,4,2,2,有,有,無,25000,156,坡道機械,0.0,0,租金總額含管理費；租賃期間有約定不同租金115年5月1日-5月15日為搬遷期，免租金。本住宅僅供合法居住使用，若違規可提前解約。若須設籍，以單獨生活戶入籍，租約期滿房客需將戶籍遷出。；,RPUNMLPJNHLGFCD58CC,整棟(戶)出租,有,1150501~1170430,有,冷氣、熱水器、瓦斯或天然氣,
東區,租賃房屋,臺南市東區東寧路２４-１號３樓,0.0,,,,1150427,土地0建物1車位0,三層,4,公寓(5樓含以下無電梯),住家用,鋼筋混凝土造,0700930,109.09,3,2,2,有,無,有,22000,202,,0.0,0,多人共同承租3；,RPVNMLPJNHLGFCD68CC,整棟(戶)出租,無,1150501~1160430,無,冷氣、熱水器、洗衣機、電視機、冰箱、瓦斯或天然氣,
東區,租賃房屋,臺南市東區勝利路１１５號６樓之１１,0.0,,,,1150426,土地0建物1車位0,六層,7,華廈(10層含以下有電梯),辦公室,鋼筋混凝土造,0700116,32.05,1,0,1,有,無,有,5000,156,,0.0,0,,RPWNMLPJNHLGFCD78CC,獨立套房,無,1150601~1170531,有,冷氣、熱水器、洗衣機、冰箱,
東區,租賃房屋,臺南市東區前鋒路６０巷７號四樓,0.0,,,,1150415,土地0建物1車位0,四層,5,公寓(5樓含以下無電梯),住家用,鋼筋混凝土造,0710708,107.41,4,1,2,有,無,有,15000,140,,0.0,0,多人共同承租4；,RPXNMLPJNHLGFCD88CC,整棟(戶)出租,無,1150801~1160731,無,冷氣、熱水器、洗衣機、電視機、冰箱,
東區,租賃房屋,臺南市東區崇明２４街８０號３樓之２７,0.0,,,,1150416,土地0建物1車位0,三層,6,華廈(10層含以下有電梯),集合住宅,鋼筋混凝土構造,1110601,34.76,1,0,1,有,有,有,11500,331,,0.0,0,管理費:1100元水費:200元,RPPOMLPJNHLGFCD18CC,獨立套房,有,1150420~1160419,有,冷氣、熱水器、洗衣機、電視機、冰箱、網路,一般轉租
東區,租賃房屋,臺南市東區崇元一街２號十二樓之８,0.0,,,,1150430,土地0建物1車位0,十二層,14,住宅大樓(11層含以上有電梯),集合住宅,鋼筋混凝土構造、鋼骨造,1120329,69.22,2,1,1,有,有,無,15344,222,,0.0,0,台南市社會住宅包租代管第4期計畫。管理費1656元由出租人負擔,RPQOMLPJNHLGFCD28CC,整棟(戶)出租,有,1150430~1160124,有,冷氣、熱水器、洗衣機、冰箱,社會住宅包租轉租
東區,租賃房屋,臺南市東區崇明２４街８０號３樓之３７,0.0,,,,1150415,土地0建物1車位0,三層,6,華廈(10層含以下有電梯),集合住宅,鋼筋混凝土構造,1110601,34.76,1,0,1,有,有,有,11500,331,,0.0,0,管理費:1100元水費:200元,RPROMLPJNHLGFCD38CC,獨立套房,有,1150420~1160419,有,冷氣、熱水器、洗衣機、電視機、冰箱、網路,一般轉租
東區,租賃房屋,臺南市東區崇明２４街８０號４樓之１２,0.0,,,,1150418,土地0建物1車位0,四層,6,華廈(10層含以下有電梯),集合住宅,鋼筋混凝土構造,1110601,44.519999999999996,1,0,1,有,有,有,14300,321,,0.0,0,管理費:1200元水費:250元,RPSOMLPJNHLGFCD48CC,獨立套房,有,1150420~1160519,有,冷氣、熱水器、洗衣機、電視機、冰箱、網路,一般轉租
東區,租賃房屋,臺南市東區中華東路二段１６９號十二樓之７,0.0,,,,1150424,土地0建物1車位0,十二層,14,住宅大樓(11層含以上有電梯),住家用,鋼筋混凝土造,0970229,94.88,1,1,1,有,無,有,15000,158,,0.0,0,未租賃車位，建物登記含有車位面積；,RPTOMLPJNHLGFCD58CC,獨立套房,無,1150501~1160430,有,冷氣、熱水器、洗衣機、電視機、冰箱,一般代管
東區,租賃房屋,臺南市東區崇明路１３３號五樓,0.0,,,,1150416,土地0建物1車位0,五層,16,住宅大樓(11層含以上有電梯),住家用,鋼筋混凝土造,0850203,141.49,3,2,2,有,有,有,16000,113,,0.0,0,參加公會版住宅包租代管四之一期計畫租金總額含管理費；,RPUOMLPJNHLGFCD68CC,整棟(戶)出租,有,1150420~1160419,有,冷氣、熱水器、洗衣機,社會住宅代管
南區,租賃房屋,臺南市南區府緯街１０７號五樓之４,0.0,,,,1150414,土地0建物1車位0,五層,7,華廈(10層含以下有電梯),住家用,鋼筋混凝土造,0801102,29.73,1,1,1,有,無,有,5500,185,,0.0,0,臺南市不動產租賃公會民間住宅包租代管第五期計畫之物件。,RPVOMLPJNHLGFCD78CC,獨立套房,無,1150416~1160415,有,冷氣、熱水器、洗衣機、電視機、冰箱,社會住宅包租轉租
南區,租賃房屋,臺南市南區南明街４３號六樓之１,0.0,,,,1150420,土地0建物1車位0,六層,6,華廈(10層含以下有電梯),住家用,鋼筋混凝土造,0790827,43.230000000000004,1,0,1,有,有,有,8500,197,,0.0,0,參加公會版住宅包租代管四之一期計畫租金總額含管理費；,RPWOMLPJNHLGFCD88CC,獨立套房,有,1150420~1160419,有,冷氣、熱水器、洗衣機、電視機、冰箱,社會住宅代管
東區,租賃房屋,臺南市東區中華東路一段１２號十四樓之８,0.0,,,,1150408,土地0建物1車位0,十層,14,住宅大樓(11層含以上有電梯),住家用,ＲＣ造,0930712,86.06,1,0,1,有,有,有,18000,209,,0.0,0,參加公會版住宅包租代管四之一期計畫未租賃車位，建物登記含有車位面積；續租案件；,RPXOMLPJNHLGFCD98CC,獨立套房,有,1150408~1160407,有,冷氣、熱水器、洗衣機、電視機、冰箱,社會住宅代管
東區,租賃房屋+車位,臺南市東區後甲三街３號三樓之３,0.0,,,,1150422,土地0建物1車位1,三層,15,住宅大樓(11層含以上有電梯),集合住宅,鋼筋混凝土造,1130123,147.86,3,2,2,有,有,無,25000,169,坡道平面,27.27,0,租賃期間有約定不同租金115/05/01至115/05/15為免租金之搬遷期，該月之租金為壹萬貳仟伍佰元整。前三年之租金115/05/01-118/04/30為每月貳萬伍仟元整，後三年之租金118/05/01-121/04/30調整為每月貳萬陸仟元整。；,RPOPMLPJNHLGFCD18CC,整棟(戶)出租,有,1150501~1210430,有,冷氣、熱水器,
東區,租賃房屋,臺南市東區崇明路２０１號十二樓之３,0.0,,,,1150423,土地0建物1車位0,十二層,13,住宅大樓(11層含以上有電梯),住家用,鋼筋混凝土造,0890115,168.31,3,2,2,有,有,有,20000,119,,0.0,0,參加公會版住宅包租代管四之一期計畫租金總額含管理費；未租賃車位，建物登記含有車位面積；續租案件；,RPQPMLPJNHLGFCD38CC,整棟(戶)出租,有,1150425~1160424,有,冷氣、熱水器、洗衣機、冰箱、瓦斯或天然氣,社會住宅代管
東區,租賃房屋,臺南市東區東寧路西段２３號５樓之１,0.0,,,,1150408,土地0建物1車位0,五層,15,住宅大樓(11層含以上有電梯),住家用,鋼筋混凝土造,0860902,31.76,1,0,1,有,有,有,7500,236,,0.0,0,參加臺南市社會住宅包租代管第4期計畫續租案件；,RPRPMLPJNHLGFCD48CC,獨立套房,有,1150410~1160409,有,冷氣、熱水器、洗衣機、冰箱、瓦斯或天然氣,社會住宅代管
東區,租賃房屋+車位,臺南市東區崇慶街一段８６號,0.0,,,,1150430,土地0建物1車位1,一層,15,店面(店鋪),店舖,鋼筋混凝土造,1130816,118.08,0,1,1,有,有,無,39823,337,坡道機械,14.66,0,115年5月1日至115年5月31日為搬遷裝潢免租期租金總額含稅；管理費；,RPSPMLPJNHLGFCD58CC,,有,1150501~1170430,有,,
東區,租賃房屋,臺南市東區裕農路３４９-２號,0.0,,,,1150414,土地0建物0車位0,全,5,透天厝,住宅、診所,鋼筋混凝土構造,1110330,26.4,18,1,18,有,無,有,10000,379,,0.0,0,租金總額含網路費；,RPTPMLPJNHLGFCD68CC,分租套房,無,1150501~1160430,有,冷氣、熱水器、電視機、冰箱、網路,一般轉租
東區,租賃房屋,臺南市東區裕農路３４９-２號,0.0,,,,1150415,土地0建物0車位0,全,5,透天厝,住宅、診所,鋼筋混凝土構造,1110330,16.5,18,1,18,有,無,有,9500,576,,0.0,0,租金總額含網路費；,RPUPMLPJNHLGFCD78CC,分租套房,無,1150501~1160430,有,冷氣、熱水器、洗衣機、電視機、冰箱、網路,一般轉租
東區,租賃房屋,臺南市東區裕農路３４９-２號,0.0,,,,1150425,土地0建物0車位0,全,5,透天厝,住宅、診所,鋼筋混凝土構造,1110330,16.5,18,1,18,有,無,有,10000,606,,0.0,0,租金總額含網路費；,RPVPMLPJNHLGFCD88CC,分租套房,無,1150520~1160519,有,冷氣、熱水器、洗衣機、冰箱、網路,一般轉租
東區,租賃房屋,臺南市東區裕農路３４９-２號,0.0,,,,1150427,土地0建物0車位0,全,5,透天厝,住宅、診所,鋼筋混凝土構造,1110330,16.5,18,1,18,有,無,有,9500,576,,0.0,0,租金總額含網路費；,RPWPMLPJNHLGFCD98CC,分租套房,無,1150515~1160514,有,冷氣、熱水器、洗衣機、冰箱、網路,一般轉租
麻豆區,租賃房屋,臺南市麻豆區新生南路３７３巷８０號,0.0,,,,1150414,土地0建物1車位0,全,5,透天厝,集合住宅、停車空間,鋼筋混凝土造,1130621,324.15,4,1,6,有,無,有,34000,105,,0.0,0,,RPPNMLPJNHLGFFD38CC,整棟(戶)出租,無,1150501~1170430,無,冷氣、熱水器、電視機、冰箱、瓦斯或天然氣,
善化區,租賃房屋,臺南市善化區公園路１５７號十三樓之２,0.0,,,,1150429,土地0建物1車位0,十三層,15,住宅大樓(11層含以上有電梯),集合住宅,鋼筋混凝土造,1130718,83.89,2,2,1,有,有,有,15500,185,,0.0,0,台南市社會住宅包租代管 增辦第四期計畫公會版；水、電、瓦斯費由承租人負擔，租金已扣除管理費 1500 元。續租案件；,RPPNMLPJNHLGFHD58CC,整棟(戶)出租,有,1150501~1160430,有,冷氣、熱水器、洗衣機、電視機、冰箱、瓦斯或天然氣,社會住宅代管
新市區,租賃房屋,臺南市新市區社內１９６之２號,0.0,,,,1150414,土地0建物0車位0,全,5,透天厝,住家用,鋼筋混凝土造,1021202,18.0,27,0,27,有,無,有,7700,428,,0.0,0,租金總額含管理費；水費；電費；網路費；續租案件；,RPQNMLPJNHLGFHD68CC,分租套房,無,1150424~1151023,無,冷氣、熱水器、洗衣機、電視機、冰箱、網路,一般轉租
新市區,租賃房屋,臺南市新市區社內１９６之２號,0.0,,,,1150414,土地0建物0車位0,全,5,透天厝,住家用,鋼筋混凝土造,1021202,18.0,27,0,27,有,無,有,7700,428,,0.0,0,租金總額含管理費；水費；電費；網路費；續租案件；,RPRNMLPJNHLGFHD78CC,分租套房,無,1150424~1151023,無,冷氣、熱水器、洗衣機、電視機、冰箱、網路,一般轉租
新市區,租賃房屋,臺南市新市區延平街８號五樓之７,0.0,,,,1150429,土地0建物1車位0,五層,9,華廈(10層含以下有電梯),住家用,鋼筋混凝土造,0850522,28.349999999999998,1,0,1,有,有,有,6000,212,,0.0,0,台南市社會住宅包租代管第4期計畫。續租案件；,RPSNMLPJNHLGFHD88CC,獨立套房,有,1150513~1160512,有,冷氣、熱水器、洗衣機、電視機、冰箱,社會住宅包租轉租
新市區,租賃房屋,臺南市新市區社內１９６之２號,0.0,,,,1150502,土地0建物0車位0,全,5,透天厝,住家用,鋼筋混凝土造,1021202,18.0,27,0,27,有,無,有,6500,361,,0.0,0,租金總額含管理費；水費；網路費；續租案件；,RPTNMLPJNHLGFHD98CC,分租套房,無,1150601~1151231,無,冷氣、熱水器、洗衣機、電視機、冰箱、網路,一般轉租
歸仁區,租賃房屋,臺南市歸仁區和順路一段１１巷７８號,103.26,,鄉村區,乙種建築用地,1150501,土地1建物1車位0,全,3,透天厝,住家用,鋼筋混凝土造,0930416,175.51,4,2,3,有,無,有,21000,120,,0.0,0,含增建或未登記建物；,RPQNMLPJNHLGFID78CC,整棟(戶)出租,無,1150510~1170510,無,冷氣、洗衣機、電視機、冰箱,
歸仁區,租賃房屋+車位,臺南市歸仁區高發二路３２０號十樓之８,0.0,,,,1150418,土地0建物1車位1,十層,15,住宅大樓(11層含以上有電梯),集合住宅,鋼筋混凝土造,1120808,101.09,2,2,2,有,有,有,22000,218,坡道機械,12.24,0,多人共同承租3；租金總額含管理費；其他車位清潔費；,RPRNMLPJNHLGFID88CC,整棟(戶)出租,有,1150425~1160424,有,冷氣、熱水器、洗衣機、冰箱、瓦斯或天然氣,
歸仁區,租賃房屋+車位,臺南市歸仁區高發二路３１８號九樓之６,0.0,,,,1150419,土地0建物1車位1,九層,15,住宅大樓(11層含以上有電梯),集合住宅,鋼筋混凝土造,1120808,81.66,2,2,1,有,有,有,15000,202,坡道機械,12.24,1000,,RPSNMLPJNHLGFID98CC,整棟(戶)出租,有,1150425~1160424,有,冷氣、熱水器、洗衣機、電視機、冰箱、瓦斯或天然氣、有線電視,
歸仁區,租賃房屋,臺南市歸仁區高發二路３１１號八樓之９,0.0,,,,1150420,土地0建物1車位0,八層,13,住宅大樓(11層含以上有電梯),集合住宅,鋼筋混凝土構造,1120113,97.87,2,2,1,有,有,有,15000,153,,0.0,0,參加公會版住宅包租代管四之一期計畫租金總額含管理費；未租賃車位，建物登記含有車位面積；續租案件；,RPUNMLPJNHLGFID56CC,整棟(戶)出租,有,1150420~1160419,有,冷氣、熱水器,社會住宅代管
永康區,租賃房屋+車位,臺南市永康區復興路２４６巷６號三樓之６,0.0,,,,1150430,土地0建物1車位1,三層,26,住宅大樓(11層含以上有電梯),集合住宅,鋼筋混凝土構造,1101229,116.02000000000001,2,1,1,有,有,無,23000,198,坡道平面,37.35,0,租金總額含管理費；,RPPNMLPJNHLGFKD88CC,整棟(戶)出租,有,1150507~1160506,有,冷氣、熱水器,
永康區,租賃房屋,臺南市永康區中正路１４８巷２之８號五樓,0.0,,,,1150429,土地0建物0車位0,全,5,透天厝,住家用,鋼筋混凝土造,0801226,19.83,3,2,3,有,無,有,6000,303,,0.0,0,租金總額含網路費；租賃建物部分範圍，且未計入共有部分面積；續租案件；,RPQNMLPJNHLGFKD98CC,分租套房,無,1150506~1160505,無,冷氣、熱水器、電視機、冰箱、有線電視、網路,一般代管
永康區,土地,永中段323地號,80.12,住,,,1150415,土地1建物0車位0,,,其他,,,,0.0,0,0,0,無,無,無,15000,187,,0.0,0,含增建或未登記建物；,RPRNMLPJNHLGFKD09CC,,,1150501~1160601,,,
永康區,租賃房屋,臺南市永康區正南五街５２０巷５５弄１號,0.0,,,,1150421,土地0建物0車位0,全,4,透天厝,住家用,鋼筋混凝土造,0991223,16.39,24,0,24,有,無,有,5500,336,,0.0,0,租賃建物部分範圍，且未計入共有部分面積；續租案件；,RPSNMLPJNHLGFKD56CC,分租套房,無,1150501~1160430,無,冷氣、熱水器、洗衣機、電視機、冰箱,一般代管
永康區,租賃房屋,臺南市永康區鹽洲二街１１５號,0.0,,,,1150501,土地0建物1車位0,全,4,透天厝,住商用,鋼筋混凝土造,0840209,24.16,6,7,6,有,無,有,11000,455,,0.0,0,多人共同承租2；,RPTNMLPJNHLGFKD66CC,獨立套房,無,1150515~1160514,無,冷氣、電視機、冰箱,一般代管
永康區,租賃房屋,臺南市永康區正南五街５２０巷５５弄１號,0.0,,,,1150421,土地0建物0車位0,全,4,透天厝,住家用,鋼筋混凝土造,0991223,16.39,24,0,24,有,無,有,5500,336,,0.0,0,租賃建物部分範圍，且未計入共有部分面積；續租案件；,RPUNMLPJNHLGFKD76CC,分租套房,無,1150501~1160430,無,冷氣、熱水器、洗衣機、電視機、冰箱,一般代管
永康區,租賃房屋,臺南市永康區正南五街５２０巷５５弄１號,0.0,,,,1150421,土地0建物0車位0,全,4,透天厝,住家用,鋼筋混凝土造,0991223,15.75,24,0,24,有,無,有,5800,368,,0.0,0,租金總額含水費；租賃建物部分範圍，且未計入共有部分面積；續租案件；,RPVNMLPJNHLGFKD86CC,分租套房,無,1150601~1160531,無,冷氣、熱水器、冰箱,一般代管
永康區,租賃房屋,臺南市永康區網寮里文化路１３８號,0.0,,,,1150418,土地0建物1車位0,見其他登記事項,4,店面(店鋪),住家用,鋼筋混凝土造,0811127,57.69,5,2,3,有,無,無,19800,343,,0.0,0,1.契約書未約定土地租賃標的。2.由所有權人提供出租資訊。租金總額含稅；,RPWNMLPJNHLGFKD96CC,,無,1150503~1170502,無,熱水器,
永康區,租賃房屋,臺南市永康區網寮里文化路１３８號,0.0,,,,1150418,土地0建物1車位0,全,4,透天厝,住家用,鋼筋混凝土造,0811127,150.29,5,2,3,有,無,無,17100,114,,0.0,0,1.契約書未約定土地租賃標的。2.由所有權人提供出租資訊。多人共同承租2；,RPXNMLPJNHLGFKD07CC,分層出租,無,1150503~1170502,無,,
永康區,租賃房屋,臺南市永康區永勝街１０６巷２５號,0.0,,,,1150424,土地0建物1車位0,見其他登記事項,7,店面(店鋪),住商用,鋼筋混凝土造,0820408,117.88999999999999,5,0,6,有,無,無,14000,119,,0.0,0,1.契約書未約定土地租賃標的。2.由所有權人提供出租資訊。,RPPOMLPJNHLGFKD98CC,,無,1150601~1180531,有,冷氣、熱水器,
永康區,租賃房屋,臺南市永康區國聖街５２６號,0.0,,,,1150428,土地0建物1車位0,一層,2,工廠,工業用,鋼骨構造，鋼筋混凝土構造,1070108,324.85,0,0,1,有,無,無,25000,,,0.0,0,租賃建物部分範圍，且未計入共有部分面積；,RPROMLPJNHLGFKD56CC,,無,1150505~1160504,無,,
永康區,租賃房屋,臺南市永康區中山南路４３巷１０弄９號三樓,0.0,,,,1150424,土地0建物1車位0,三層,5,公寓(5樓含以下無電梯),住家用,鋼筋混凝土造,0710924,53.54,2,1,1,有,有,有,12000,224,,0.0,0,此為國家住宅及都市更新中心社會住宅包租代管第5期計畫。,RPSOMLPJNHLGFKD66CC,整棟(戶)出租,無,1150425~1160424,無,冷氣、熱水器、洗衣機、冰箱、瓦斯或天然氣,社會住宅包租轉租
永康區,租賃房屋,臺南市永康區南工街３１１巷４３弄１號,0.0,,,,1150429,土地0建物0車位0,全,3,透天厝,住家用,鋼筋混凝土造,0740417,13.22,7,0,7,有,無,無,3000,227,,0.0,0,租金總額含水費；網路費；,RPTOMLPJNHLGFKD76CC,分租套房,無,1150701~1160630,無,冷氣、洗衣機,一般代管
永康區,租賃房屋,臺南市永康區民族路２７３巷２５號,0.0,,,,1150420,土地0建物1車位0,一層,5,店面(店鋪),住商用,鋼筋混凝土造,0791221,44.28,5,3,4,有,無,無,16500,373,,0.0,0,1.契約書未約定土地租賃標的。2.由所有權人提供租屋資訊。租金總額含稅；,RPUOMLPJNHLGFKD86CC,,無,1150501~1160430,無,,
永康區,租賃房屋,臺南市永康區中華路７巷２０弄１９號,0.0,,,,1150420,土地0建物0車位0,全,4,透天厝,店舖、住宅、防空避難室。,鋼筋混凝土造,0790824,16.52,12,0,12,有,無,有,6500,393,,0.0,0,1.契約書未約定土地租賃標的。2.由所有權人提供租屋資訊。租金總額含網路費；,RPVOMLPJNHLGFKD96CC,分租套房,無,1150420~1160419,無,冷氣、熱水器、洗衣機、電視機、冰箱、網路,
永康區,租賃房屋,臺南市永康區勝學路２６０巷２號九樓之５,0.0,,,,1150420,土地0建物1車位0,九層,12,住宅大樓(11層含以上有電梯),住家用,鋼筋混凝土造,0880426,104.97,4,2,2,有,有,有,17000,162,,0.0,0,參加公會版住宅包租代管四之一期計畫續租案件；,RPWOMLPJNHLGFKD07CC,整棟(戶)出租,有,1150420~1160419,有,冷氣、熱水器、洗衣機、冰箱,社會住宅代管
永康區,租賃房屋,臺南市永康區鹽洲二街１１１巷１號四樓之６,0.0,,,,1150420,土地0建物1車位0,四層,6,華廈(10層含以下有電梯),住家用,鋼筋混凝土造,0840124,119.14,3,2,2,有,有,有,12000,101,,0.0,0,參加公會版住宅包租代管四之一期計畫?續租案件；,RPXOMLPJNHLGFKD17CC,整棟(戶)出租,有,1150420~1160419,有,冷氣、熱水器、洗衣機、冰箱,社會住宅代管
永康區,租賃房屋,臺南市永康區自強路３３０巷９弄１２號,0.0,,,,1150420,土地0建物1車位0,全,2,透天厝,住商用,加強磚造,0750812,116.83,3,2,2,有,無,有,18000,154,,0.0,0,參加公會版住宅包租代管四之一期計畫續租案件；,RPOPMLPJNHLGFKD98CC,整棟(戶)出租,無,1150420~1160419,無,冷氣、熱水器,社會住宅代管
永康區,租賃房屋,臺南市永康區成功路１７２巷７６弄９號,0.0,,,,1150422,土地0建物1車位0,全,2,透天厝,住家用,鋼筋混凝土造,0690318,88.2,5,2,3,有,無,有,24000,272,,0.0,0,含增建或未登記建物；,RPPPMLPJNHLGFKD09CC,整棟(戶)出租,無,1150501~1170430,無,冷氣、熱水器,
永康區,租賃房屋,臺南市永康區中山南路２６２巷２號十一樓之２,0.0,,,,1150420,土地0建物1車位0,十一層,15,住宅大樓(11層含以上有電梯),住家用,鋼筋混凝土造,0841204,123.04,2,2,2,有,有,有,11000,89,,0.0,0,參加公會版住宅包租代管四之一期計畫租金總額含管理費；續租案件；,RPQPMLPJNHLGFKD56CC,整棟(戶)出租,有,1150420~1160419,有,冷氣、熱水器、洗衣機、電視機、冰箱,社會住宅代管
北區,租賃房屋,臺南市北區成功路３８８號十一樓之３,0.0,,,,1150420,土地0建物1車位0,十一層,12,住宅大樓(11層含以上有電梯),住家用,鋼筋混凝土造,0711012,38.06,1,0,1,有,有,有,9000,236,,0.0,0,參加公會版住宅包租代管四期計畫租金總額含管理費；,RPPNMLQJNHLGFAD97CC,獨立套房,有,1150420~1160409,有,冷氣、熱水器、洗衣機、電視機、冰箱,社會住宅代管
北區,租賃房屋,臺南市北區實踐街８５巷１３弄７號,0.0,,,,1150429,土地0建物1車位0,全,4,透天厝,停車空間、住宅,鋼筋混凝土造,0870224,171.11,3,2,3,有,無,有,24000,140,,0.0,0,此為國家住宅及都市更新中心社會住宅包租代管第5期計畫。續租案件；,RPRNMLQJNHLGFAD18CC,整棟(戶)出租,無,1150502~1160501,無,冷氣、熱水器、冰箱、瓦斯或天然氣,社會住宅代管
北區,租賃房屋,臺南市北區北區開南街１３５號,0.0,,,,1150430,土地0建物0車位0,全,4,透天厝,住家用,鋼筋混凝土造,0830624,13.87,59,0,59,有,無,有,6000,433,,0.0,0,開南135-213房續租案件；,RPSNMLQJNHLGFAD28CC,分租套房,無,1150506~1160505,有,冷氣、熱水器、電視機,一般轉租
中西區,租賃房屋,臺南市中西區樹林街二段１７５巷７號二樓,0.0,,,,1150429,土地0建物1車位0,二層,5,公寓(5樓含以下無電梯),住家用,鋼筋混凝土造,0750710,108.07000000000001,3,1,2,有,有,無,14000,130,,0.0,0,此為國家住宅及都市更新中心社會住宅包租代管第5期計畫。續租案件；,RPTNMLQJNHLGFAD38CC,整棟(戶)出租,有,1150516~1160515,無,冷氣、熱水器、瓦斯或天然氣,社會住宅代管
北區,租賃房屋,臺南市北區公園路１３４號六樓之１,0.0,,,,1150430,土地0建物1車位0,六層,10,華廈(10層含以下有電梯),住家用,鋼筋混凝土造,0780803,32.239999999999995,1,0,1,有,有,有,8200,254,,0.0,0,國家住宅及都市更新中心社會住宅包租代管中央版第五期計畫,RPVNMLQJNHLGFAD58CC,獨立套房,有,1150501~1160430,有,冷氣、熱水器、洗衣機、冰箱,社會住宅代管
北區,租賃房屋,臺南市北區開南街１３５號,0.0,,,,1150502,土地0建物0車位0,全,4,透天厝,住家用,鋼筋混凝土造,0830624,13.87,59,0,59,有,無,有,5700,411,,0.0,0,開南135-202房續租案件；,RPWNMLQJNHLGFAD68CC,分租套房,無,1150524~1150623,有,冷氣、熱水器、電視機,一般轉租
中西區,租賃房屋,臺南市中西區青年路４９號三樓之２,0.0,,,,1150504,土地0建物1車位0,三層,8,華廈(10層含以下有電梯),住商用,鋼筋混凝土造,0710910,81.45,3,2,2,有,有,無,10000,123,,0.0,0,台南市社會住宅包租代管第4期計畫。續租案件；,RPXNMLQJNHLGFAD78CC,整棟(戶)出租,有,1150509~1160508,有,冷氣、熱水器,社會住宅包租轉租
中西區,租賃房屋,臺南市中西區永華路一段３６號五樓之２,0.0,,,,1150423,土地0建物1車位0,五層,12,住宅大樓(11層含以上有電梯),住家用,鋼筋混凝土造,0850301,29.75,1,0,1,有,有,有,7600,255,,0.0,0,台南市社會住宅包租代管公會版第4期租金總額含管理費；續租案件；,RPOOMLQJNHLGFAD97CC,獨立套房,有,1150513~1160512,有,冷氣、熱水器、洗衣機、電視機、冰箱,社會住宅代管
中西區,租賃房屋,臺南市中西區中山路９０號七樓之６,0.0,,,,1150424,土地0建物1車位0,七層,12,住宅大樓(11層含以上有電梯),住商用,鋼筋混凝土造,0671026,63.17,1,1,1,有,有,有,12000,190,,0.0,0,多人共同承租2；租金總額含管理費；,RPPOMLQJNHLGFAD08CC,獨立套房,有,1150601~1160531,有,冷氣、熱水器,一般轉租
安平區,租賃房屋,臺南市安平區民權路四段４５３號,0.0,,,,1150422,土地0建物1車位0,一層,4,店面(店鋪),店舖、住宅、停車空間,鋼筋混凝土造,0961106,50.11,0,1,1,有,無,無,22000,439,,0.0,0,本租賃案件為轉租案件，出租人係承租後再行轉租予次承租人使用。租金總額含稅；含增建或未登記建物；,RPQOMLQJNHLGFAD18CC,,無,1150501~1160430,無,冷氣,
安平區,租賃房屋,臺南市安平區健康三街５９２巷５５號十八樓之８,0.0,,,,1150504,土地0建物1車位0,十八層,24,住宅大樓(11層含以上有電梯),住家用,鋼筋混凝土造,0861022,135.24,3,2,2,有,有,有,14960,111,,0.0,0,台南市社會住宅包租代管第4期計畫。管理費2040元由出租人負擔續租案件；,RPROMLQJNHLGFAD28CC,整棟(戶)出租,有,1150517~1160516,有,冷氣、熱水器、洗衣機、瓦斯或天然氣,社會住宅包租轉租
安平區,租賃房屋,臺南市安平區健康三街４６０巷６２號五樓之８,0.0,,,,1150419,土地0建物1車位0,五層,8,華廈(10層含以下有電梯),住家用,鋼筋混凝土造,0830722,64.5,2,1,1,有,有,有,16000,248,,0.0,0,台南市社會住宅包租代管公會版增辦第4期多人共同承租2；續租案件；,RPTOMLQJNHLGFAD48CC,整棟(戶)出租,有,1150419~1160312,有,冷氣、熱水器、洗衣機、冰箱,社會住宅代管
北區,租賃房屋+車位,臺南市北區文成二路２３７號二樓之１,0.0,,,,1150501,土地0建物1車位1,二層,13,住宅大樓(11層含以上有電梯),集合住宅,鋼筋混凝土構造,1111014,134.86,3,2,2,有,有,有,29000,215,坡道平面,16.55,0,租金總額含管理費；,RPUOMLQJNHLGFAD58CC,整棟(戶)出租,有,1150505~1160504,有,冷氣、熱水器、洗衣機、冰箱、瓦斯或天然氣,
安平區,租賃房屋+車位,臺南市安平區永華路二段８００號二十二樓,0.0,,,,1150429,土地0建物1車位1,二十二層,29,住宅大樓(11層含以上有電梯),集合住宅,鋼筋混凝土構造,1070125,260.72,3,2,3,有,有,無,48000,184,坡道平面,24.11,0,1. 契約書未約定土地租賃標的2. 由出租人提供租屋資訊3. 115年06月01日至115年06月14日為免租期租金總額含管理費；,RPVOMLQJNHLGFAD68CC,整棟(戶)出租,有,1150615~1180614,有,冷氣、熱水器、瓦斯或天然氣,
北區,租賃房屋,臺南市北區開南街１３５號,0.0,,,,1150504,土地0建物0車位0,全,4,透天厝,住家用,鋼筋混凝土造,0830624,13.87,59,0,59,有,無,有,5000,360,,0.0,0,開南135-210房,RPWOMLQJNHLGFAD78CC,分租套房,無,1150325~1151214,有,冷氣、熱水器、電視機,一般轉租
中西區,租賃房屋,臺南市中西區府連路１０６號六樓之３,0.0,,,,1150417,土地0建物1車位0,六層,7,華廈(10層含以下有電梯),住家用,鋼筋混凝土造,0811123,127.0,2,2,1,有,有,有,15000,118,,0.0,0,台南市社會住宅包租代管公會版增辦第4期租金總額含管理費；續租案件；,RPXOMLQJNHLGFAD88CC,整棟(戶)出租,有,1150520~1160519,有,冷氣、熱水器、洗衣機、電視機、冰箱,社會住宅代管
安平區,租賃房屋,臺南市安平區建平九街９３號,156.0,商,,,1150429,土地1建物1車位0,一層,1,店面(店鋪),住家用,磚造,0830709,82.72,1,2,2,有,無,無,62000,750,,0.0,0,1.自民國一百一十五年四月二十九日起至一百一十五年六月三十日止，為裝修期，免租金。2.自民國一百一十五年七月一日起至一百一十八年六月三十日止，每月租金新台幣62000元整。3.自民國一百一十八年七月一日起至一百二十年四月二十八日止，每月租金新台幣65000元整。上開租金含租賃所得稅及健康保險補充保費,RPPPMLQJNHLGFAD18CC,,無,1150429~1200428,無,,
中西區,租賃房屋+車位,臺南市中西區永華路一段２８８號十四樓之５,0.0,,,,1150501,土地0建物1車位1,十四層,19,住宅大樓(11層含以上有電梯),集合住宅,鋼筋混凝土構造,1100727,102.75,2,2,2,有,有,有,24800,241,坡道機械,29.39,0,租金總額含管理費；其他10%租賃所得稅及2.11%二代健保補充保費；,RPQPMLQJNHLGFAD28CC,整棟(戶)出租,有,1150501~1160430,有,冷氣、熱水器、洗衣機、電視機、冰箱,
中西區,租賃房屋,臺南市中西區永華路一段３６號十二樓之１,0.0,,,,1150424,土地0建物1車位0,十二層,12,住宅大樓(11層含以上有電梯),住家用,鋼筋混凝土造,0850301,29.599999999999998,1,0,1,有,有,有,7700,260,,0.0,0,台南市社會住宅包租代管公會版增辦第4期續租案件；,RPRPMLQJNHLGFAD38CC,獨立套房,有,1150516~1160515,有,冷氣、熱水器、洗衣機、冰箱,社會住宅代管
北區,租賃房屋,臺南市北區開元路５２１號二樓之８,0.0,,,,1150503,土地0建物1車位0,二層,24,住宅大樓(11層含以上有電梯),集合住宅,鋼筋混凝土構造,1041105,117.15,3,2,2,有,有,有,21500,184,,0.0,0,多人共同承租2；,RPSPMLQJNHLGFAD48CC,整棟(戶)出租,有,1150505~1160504,有,冷氣、熱水器、洗衣機、電視機、冰箱、瓦斯或天然氣,
安平區,租賃房屋+車位,臺南市安平區建平七街５５０號１７樓之７,0.0,,,,1150504,土地0建物1車位1,十七層,22,住宅大樓(11層含以上有電梯),集合住宅,鋼筋混凝土造,1121108,91.88,2,1,2,有,有,有,23000,250,坡道機械,18.54,0,,RPTPMLQJNHLGFAD58CC,整棟(戶)出租,有,1150515~1160514,有,冷氣、熱水器、洗衣機、電視機、冰箱、瓦斯或天然氣,
北區,租賃房屋,臺南市北區成功路２號八樓之３６,0.0,,,,1150423,土地0建物1車位0,八層,14,住宅大樓(11層含以上有電梯),住家用,鋼筋混凝土造,0731228,58.07000000000001,1,0,1,有,有,有,9000,155,,0.0,0,台南市社會住宅包租代管公會版增辦第4期租金總額含管理費；續租案件；,RPUPMLQJNHLGFAD68CC,獨立套房,有,1150502~1160501,有,冷氣、熱水器、洗衣機、電視機、冰箱,社會住宅代管
安南區,租賃房屋,臺南市安南區館前一路１１２號三樓之２,0.0,,,,1150504,土地0建物1車位0,三層,7,華廈(10層含以下有電梯),集合住宅,鋼筋混凝土造,1031105,138.01,3,1,2,有,有,有,18000,130,,0.0,0,此為國家住宅及都市更新中心社會住宅包租代管第5期計畫。,RPPNMLQJNHLGFBD08CC,整棟(戶)出租,有,1150504~1160503,有,冷氣、熱水器、洗衣機、電視機、冰箱、瓦斯或天然氣,社會住宅包租轉租
安南區,租賃房屋+車位,臺南市安南區安佃八街２５號５樓之１,0.0,,,,1150504,土地0建物1車位1,五層,5,華廈(10層含以下有電梯),集合住宅,鋼筋混凝土造,1130626,109.97999999999999,3,2,2,有,有,有,16000,145,其他,9.24,0,此為國家住宅及都市更新中心社會住宅包租代管第5期計畫。管理費2000元由出租人負擔,RPQNMLQJNHLGFBD18CC,整棟(戶)出租,有,1150506~1160505,有,冷氣、熱水器、洗衣機、電視機、冰箱,社會住宅包租轉租
安南區,租賃房屋,臺南市安南區公學路四段１２２巷９５號,0.0,,,,1150504,土地0建物1車位0,全,3,透天厝,住家用,鋼筋混凝土造,0840913,173.83,6,2,3,有,無,有,14000,81,,0.0,0,此為國家住宅及都市更新中心社會住宅包租代管第5期計畫。續租案件；,RPRNMLQJNHLGFBD28CC,整棟(戶)出租,無,1150504~1160503,無,冷氣、熱水器、洗衣機、瓦斯或天然氣,社會住宅代管
安南區,租賃房屋,臺南市安南區智安三街８８號五樓之６,0.0,,,,1150428,土地0建物1車位0,五層,13,住宅大樓(11層含以上有電梯),集合住宅,鋼筋混凝土造,1140310,125.45,2,2,2,有,有,有,20000,159,,0.0,0,國家住宅及都市更新中心社會住宅包租代管中央版第五期計畫租金總額含管理費；未租賃車位，建物登記含有車位面積；,RPSNMLQJNHLGFBD38CC,整棟(戶)出租,有,1150501~1160430,有,冷氣、熱水器、洗衣機、電視機、冰箱,社會住宅代管
安南區,租賃房屋,臺南市安南區長溪路一段１６８巷１６６弄８號八樓之１,0.0,,,,1150423,土地0建物1車位0,八層,12,住宅大樓(11層含以上有電梯),集合住宅,鋼筋混凝土造,1130930,152.74,3,2,2,有,有,有,24000,157,,0.0,0,台南市社會住宅包租代管公會版增辦第4期未租賃車位，建物登記含有車位面積；續租案件；,RPTNMLQJNHLGFBD48CC,整棟(戶)出租,有,1150425~1160424,有,冷氣、熱水器,社會住宅代管
安南區,租賃房屋,臺南市安南區長和路一段５２７巷１０號,0.0,,,,1150425,土地0建物1車位0,全,3,透天厝,住宅，停車空間,鋼筋混凝土造,1020206,158.52,4,2,4,有,無,有,26000,164,,0.0,0,台南市社會住宅包租代管公會版增辦第4期續租案件；,RPUNMLQJNHLGFBD58CC,整棟(戶)出租,無,1150501~1160430,無,冷氣、熱水器、電視機、冰箱、瓦斯或天然氣,社會住宅代管
東區,租賃房屋,臺南市東區大同路二段７７號１３樓之３,0.0,,,,1150409,土地0建物1車位0,十三層,16,住宅大樓(11層含以上有電梯),住家用,鋼筋混凝土造,0831216,99.52000000000001,2,2,1,有,有,無,18000,181,,0.0,0,參加臺南市社會住宅包租代管第4期計畫多人共同承租2；租金總額含管理費；續租案件；,RPPNMLQJNHLGFCD18CC,整棟(戶)出租,有,1150410~1160409,有,冷氣、熱水器、洗衣機、冰箱,社會住宅代管
南區,租賃房屋,臺南市南區大同路二段４０６巷１２弄１之３號,0.0,,,,1150420,土地0建物1車位0,四層,5,公寓(5樓含以下無電梯),住家用,鋼筋混凝土造,0710217,99.25,3,2,2,有,無,有,12000,121,,0.0,0,多人共同承租3；,RPQNMLQJNHLGFCD28CC,整棟(戶)出租,無,1150421~1160420,無,冷氣、熱水器、洗衣機、電視機、冰箱、瓦斯或天然氣,
南區,租賃房屋,臺南市南區健康路二段５３巷１３號二樓之５,0.0,,,,1150420,土地0建物1車位0,二層,4,華廈(10層含以下有電梯),住家用,鋼筋混凝土造,0801231,32.260000000000005,1,0,1,有,無,有,7000,217,,0.0,0,台南市社會住宅包租代管公會版第4期續租案件；,RPRNMLQJNHLGFCD38CC,獨立套房,無,1150601~1160531,有,冷氣、熱水器,社會住宅代管
南區,租賃房屋,臺南市南區新建路５１巷４之４號,0.0,,,,1150423,土地0建物1車位0,五層,5,公寓(5樓含以下無電梯),集合住宅,鋼筋混凝土造,0720803,93.25,3,2,2,有,無,無,13000,139,,0.0,0,台南市社會住宅包租代管公會版第4期,RPSNMLQJNHLGFCD48CC,整棟(戶)出租,無,1150423~1160324,無,熱水器,社會住宅包租轉租
東區,租賃房屋,臺南市東區仁和路１３９巷１１之５號四樓,0.0,,,,1150505,土地0建物1車位0,四層,8,華廈(10層含以下有電梯),住家用,鋼筋混凝土造,0830419,49.3,1,0,1,有,無,有,9000,183,,0.0,0,,RPTNMLQJNHLGFCD58CC,獨立套房,無,1150510~1160509,有,冷氣、熱水器、電視機、冰箱,一般代管
南區,租賃房屋,臺南市南區建南路３０１號三樓之５,0.0,,,,1150504,土地0建物1車位0,三層,8,華廈(10層含以下有電梯),住家用,鋼筋混凝土造,0811210,108.18,4,1,2,有,有,有,12500,116,,0.0,0,台南市社會住宅包租代管第4期計畫。續租案件；,RPUNMLQJNHLGFCD68CC,整棟(戶)出租,有,1150520~1160519,有,冷氣、熱水器、洗衣機、電視機、冰箱、瓦斯或天然氣,社會住宅代管
東區,租賃房屋,臺南市東區富農街一段１３８巷１６號,0.0,,,,1150505,土地0建物0車位0,全,3,透天厝,住家用,鋼筋混凝土造,0700620,22.0,8,1,8,有,無,有,8000,364,,0.0,0,多人共同承租2；租金總額含水費；網路費；含增建或未登記建物；,RPVNMLQJNHLGFCD78CC,分租套房,無,1150520~1160519,無,冷氣、熱水器、洗衣機、冰箱、網路,
南區,租賃房屋,臺南市南區國民路１１６巷１２弄１６號,0.0,,,,1150420,土地0建物1車位0,全,2,透天厝,住家用,加強磚造,0590302,87.56,3,2,2,有,無,有,14500,166,,0.0,0,台南市社會住宅包租代管公會版增辦第4期續租案件；,RPWNMLQJNHLGFCD88CC,整棟(戶)出租,無,1150510~1160509,無,冷氣、熱水器、洗衣機、電視機、冰箱,社會住宅代管
南區,租賃房屋+車位,臺南市南區大同路二段１６２號７樓之５,0.0,,,,1150427,土地0建物1車位1,七層,13,住宅大樓(11層含以上有電梯),集合住宅,鋼筋混凝土造,0881021,138.60999999999999,3,2,2,有,有,有,22000,159,坡道平面,0.0,0,多人共同承租4；,RPXNMLQJNHLGFCD98CC,整棟(戶)出租,有,1150515~1160514,有,冷氣、熱水器、洗衣機、電視機、冰箱、瓦斯或天然氣、有線電視、網路,
東區,租賃房屋+車位,臺南市東區凱旋路３３號五樓之４,0.0,,,,1150419,土地0建物1車位1,五層,10,華廈(10層含以下有電梯),住家用,鋼筋混凝土造,0780419,171.32999999999998,3,2,2,有,有,有,22910,134,坡道平面,37.2,0,租金已扣除管理費3090元,RPOOMLQJNHLGFCD18CC,整棟(戶)出租,有,1150601~1160531,有,冷氣、熱水器、洗衣機、電視機、冰箱,
東區,租賃房屋,臺南市東區崇德二十七街５３號,0.0,,,,1150423,土地0建物1車位0,全,2,透天厝,住家用,加強磚造,0580824,81.89,4,2,3,有,無,有,18000,220,,0.0,0,台南市社會住宅包租代管公會版增辦第4期多人共同承租4；,RPPOMLQJNHLGFCD28CC,整棟(戶)出租,無,1150423~1160422,無,冷氣、熱水器、電視機、冰箱,社會住宅代管
南區,租賃房屋,臺南市南區大同路二段１８６巷７號九樓之２,0.0,,,,1150420,土地0建物1車位0,九層,13,住宅大樓(11層含以上有電梯),集合住宅,鋼筋混凝土造,0881021,147.85,3,2,2,有,有,有,15000,101,,0.0,0,台南市社會住宅包租代管公會版增辦第4期租金總額含管理費；續租案件；,RPQOMLQJNHLGFCD38CC,整棟(戶)出租,有,1150422~1160421,有,冷氣、熱水器、洗衣機、電視機、冰箱、瓦斯或天然氣,社會住宅代管
東區,租賃房屋,臺南市東區裕農路３４９-２號,0.0,,,,1150420,土地0建物0車位0,全,5,透天厝,住宅、診所,鋼筋混凝土構造,1110330,26.4,18,1,18,有,無,有,10000,379,,0.0,0,租金總額含網路費；,RPROMLQJNHLGFCD48CC,分租套房,無,1150501~1160831,有,冷氣、熱水器、洗衣機、電視機、網路,一般轉租
東區,租賃房屋,臺南市東區裕農路３４９-２號,0.0,,,,1150430,土地0建物0車位0,全,5,透天厝,住宅、診所,鋼筋混凝土構造,1110330,16.5,18,1,18,有,無,有,9500,576,,0.0,0,租金總額含網路費；,RPSOMLQJNHLGFCD58CC,分租套房,無,1150511~1160610,有,冷氣、熱水器、洗衣機、電視機、冰箱、網路,一般轉租
新營區,租賃房屋,臺南市新營區南紙街１１７巷１６號５樓之１８,20.58,住,,,1150424,土地1建物1車位0,五層,7,華廈(10層含以下有電梯),住家用,鋼筋混凝土造,0840119,114.00999999999999,3,2,2,有,有,有,19000,167,,0.0,0,,RPPNMLQJNHLGFDD28CC,整棟(戶)出租,有,1150501~1160131,有,冷氣、熱水器、洗衣機、電視機、冰箱,
鹽水區,租賃房屋,臺南市鹽水區蔦松路２巷１號,0.0,,,,1150420,土地0建物1車位0,全,2,透天厝,住商用,加強磚造,0670829,114.72,4,2,3,有,無,有,13000,113,,0.0,0,國家住宅及都市更新中心社會住宅包租代管中央版第五期計畫,RPQNMLQJNHLGFDD38CC,整棟(戶)出租,無,1150501~1160430,無,冷氣、熱水器、洗衣機、電視機、冰箱,社會住宅代管
新營區,租賃房屋,臺南市新營區建業路７８巷１０號十一樓之二,0.0,,,,1150504,土地0建物1車位0,十一層,12,住宅大樓(11層含以上有電梯),住家用,鋼筋混凝土造,0830203,107.72,3,2,2,有,有,有,14000,130,,0.0,0,台南市社會住宅包租代管第4期計畫。續租案件；,RPRNMLQJNHLGFDD48CC,整棟(戶)出租,有,1150510~1160509,有,冷氣、熱水器、洗衣機、冰箱、瓦斯或天然氣,社會住宅包租轉租
新化區,租賃房屋,臺南市新化區頂山?５３之４８８號三樓之５,0.0,,,,1150414,土地0建物1車位0,三層,7,華廈(10層含以下有電梯),集合住宅,鋼筋混凝土造,1120501,146.77,3,2,2,有,有,有,15000,102,,0.0,0,台南市社會住宅包租代管公會版增辦第4期未租賃車位，建物登記含有車位面積；續租案件；,RPPNMLQJNHLGFHD68CC,整棟(戶)出租,有,1150515~1160514,有,熱水器,社會住宅代管
新市區,租賃房屋,臺南市新市區長安街３６巷９弄３號,0.0,,,,1150506,土地0建物1車位0,全,2,透天厝,住商用,加強磚造,0680801,94.0,7,1,7,有,無,有,30000,319,,0.0,0,續租案件；,RPQNMLQJNHLGFHD78CC,整棟(戶)出租,無,1150601~1160531,無,冷氣、熱水器、洗衣機、電視機、冰箱,
安定區,租賃房屋,臺南市安定區港口３３１之２２號２樓之８,0.0,,,,1150505,土地0建物1車位0,二層,6,華廈(10層含以下有電梯),集合住宅,鋼筋混凝土造,1120112,116.03,3,1,2,有,有,有,19000,164,,0.0,0,多人共同承租2；租金總額含管理費；續租案件；,RPRNMLQJNHLGFHD88CC,整棟(戶)出租,有,1150524~1160523,有,冷氣、熱水器、洗衣機、電視機、冰箱,一般代管
善化區,租賃房屋,臺南市善化區中華路１１７-１號５樓之２,0.0,,,,1150418,土地0建物0車位0,五層,5,華廈(10層含以下有電梯),集合住宅,鋼筋混凝土造,1091020,18.68,4,4,4,有,無,有,9500,509,,0.0,0,租賃建物部分範圍，且未計入共有部分面積；,RPSNMLQJNHLGFHD98CC,分租套房,無,1150419~1160418,有,冷氣、熱水器、洗衣機、電視機、冰箱、有線電視、網路,一般轉租
歸仁區,租賃房屋,臺南市歸仁區智慧三街５號九樓之２,0.0,,,,1150430,土地0建物1車位0,九層,13,住宅大樓(11層含以上有電梯),集合住宅,鋼筋混凝土造,1140918,153.61,4,1,2,有,有,有,26000,169,,0.0,0,此為國家住宅及都市更新中心社會住宅包租代管第5期計畫。管理費3000元由出租人負擔,RPPNMLQJNHLGFID78CC,整棟(戶)出租,有,1150501~1160430,有,冷氣、熱水器、洗衣機、冰箱、瓦斯或天然氣,社會住宅代管
仁德區,租賃房屋,臺南市仁德區上崙里德崙路７７巷８４號三樓之３,0.0,,,,1150416,土地0建物1車位0,三層,5,華廈(10層含以下有電梯),住家用,鋼筋混凝土造,0830625,61.7,2,2,1,有,有,有,13000,211,,0.0,0,台南市社會住宅包租代管公會版增辦第4期租金總額含管理費；續租案件；,RPQNMLQJNHLGFID88CC,整棟(戶)出租,有,1150601~1160531,有,冷氣、熱水器,社會住宅代管
歸仁區,租賃房屋,臺南市歸仁區仁愛南街２３６號三樓之２,0.0,,,,1150420,土地0建物1車位0,三層,5,華廈(10層含以下有電梯),集合住宅,鋼筋混凝土造,1121127,123.37,3,2,2,有,有,有,15000,122,,0.0,0,台南市社會住宅包租代管公會版增辦第4期租金總額含管理費；未租賃車位，建物登記含有車位面積；,RPRNMLQJNHLGFID98CC,整棟(戶)出租,有,1150501~1160430,有,冷氣、熱水器、洗衣機、電視機、冰箱,社會住宅代管
仁德區,租賃房屋,臺南市仁德區文賢路二段１５巷１８弄１７號９樓之２,0.0,,,,1150505,土地0建物0車位0,九層,10,華廈(10層含以下有電梯),住家用,鋼筋混凝土造,0920910,14.88,5,2,5,有,無,有,9000,605,,0.0,0,文賢15-908房租金總額含水費；網路費；其他垃圾代收費；租賃建物部分範圍，且未計入共有部分面積；續租案件；,RPSNMLQJNHLGFID09CC,分租套房,無,1150524~1160523,有,冷氣、熱水器、洗衣機、電視機、冰箱、網路,一般轉租
仁德區,租賃房屋,臺南市仁德區仁和里和愛街９號三樓之２,0.0,,,,1150430,土地0建物1車位0,三層,14,住宅大樓(11層含以上有電梯),住家用,鋼筋混凝土造,0990422,168.57,3,2,2,有,有,有,17500,104,,0.0,0,台南市社會住宅包租代管第4期計畫。未租賃車位，建物登記含有車位面積；,RPTNMLQJNHLGFID56CC,整棟(戶)出租,有,1150430~1160331,有,冷氣、熱水器、洗衣機、電視機、冰箱、瓦斯或天然氣,社會住宅包租轉租
歸仁區,租賃房屋,臺南市歸仁區大德路２３７號,0.0,,,,1150409,土地0建物1車位0,一層,8,華廈(10層含以下有電梯),住家用,鋼筋混凝土造,0820506,98.58,3,1,2,有,有,有,9000,91,,0.0,0,台南市社會住宅包租代管增辦第4期計畫公會版租金依照租金水準區間表評定續租案件；,RPVNMLQJNHLGFID76CC,整棟(戶)出租,有,1150415~1160414,有,冷氣、熱水器、瓦斯或天然氣,社會住宅代管
永康區,租賃房屋,臺南市永康區忠義街６０巷１號九樓之８,0.0,,,,1150504,土地0建物1車位0,九層,15,住宅大樓(11層含以上有電梯),辦公室。,鋼筋混凝土造,0840331,48.14,1,1,1,有,有,有,7300,152,,0.0,0,另有管理費700元，由承租人負擔。,RPQNMLQJNHLGFKD09CC,獨立套房,有,1150510~1160509,有,冷氣、熱水器、洗衣機、冰箱,社會住宅包租轉租
永康區,租賃房屋,臺南市永康區大灣路７６４巷５６號２樓之１０,0.0,,,,1150428,土地0建物1車位0,二層,6,華廈(10層含以下有電梯),辦公室,鋼筋混凝土造,0940708,25.12,1,0,1,有,有,有,5500,219,,0.0,0,含增建或未登記建物；,RPRNMLQJNHLGFKD56CC,獨立套房,有,1150501~1160430,有,冷氣、熱水器、電視機、冰箱、網路,一般代管
永康區,租賃房屋,臺南市永康區大灣路７６４巷５６號２樓之１１,0.0,,,,1150502,土地0建物1車位0,二層,6,華廈(10層含以下有電梯),辦公室,鋼筋混凝土造,0940708,16.64,1,0,1,有,有,有,4000,240,,0.0,0,含增建或未登記建物；,RPSNMLQJNHLGFKD66CC,獨立套房,有,1150701~1151231,有,冷氣、熱水器、電視機、冰箱、網路,一般代管
永康區,租賃房屋,臺南市永康區大灣路７６４巷５６號４樓之８,0.0,,,,1150502,土地0建物1車位0,四層,6,華廈(10層含以下有電梯),辦公室,鋼筋混凝土造,0940708,25.91,1,0,1,有,有,有,5500,212,,0.0,0,含增建或未登記建物；續租案件；,RPTNMLQJNHLGFKD76CC,獨立套房,有,1150510~1151109,有,冷氣、熱水器、電視機、冰箱、網路,一般代管
永康區,租賃房屋,臺南市永康區大灣路７６４巷５６號５樓之１７,0.0,,,,1150502,土地0建物1車位0,五層,6,華廈(10層含以下有電梯),辦公室,鋼筋混凝土造,0940708,16.73,1,0,1,有,有,有,4000,239,,0.0,0,含增建或未登記建物；,RPUNMLQJNHLGFKD86CC,獨立套房,有,1150701~1151231,有,冷氣、熱水器、電視機、冰箱、網路,一般代管
永康區,租賃房屋,臺南市永康區鹽州里鹽忠街１１８號３樓之３,0.0,,,,1150428,土地0建物1車位0,三層,8,華廈(10層含以下有電梯),辦公室,鋼筋混凝土造,0950918,17.08,1,0,1,有,有,有,4300,252,,0.0,0,含增建或未登記建物；續租案件；,RPVNMLQJNHLGFKD96CC,獨立套房,有,1150725~1160124,有,冷氣、熱水器、電視機、冰箱、網路,一般代管
永康區,租賃房屋,臺南市永康區鹽州里鹽忠街１１８號６樓之１,0.0,,,,1150429,土地0建物1車位0,六層,8,華廈(10層含以下有電梯),辦公室,鋼筋混凝土造,0950918,22.240000000000002,1,0,1,有,有,有,4300,193,,0.0,0,含增建或未登記建物；續租案件；,RPWNMLQJNHLGFKD07CC,獨立套房,有,1150816~1160215,有,冷氣、熱水器、電視機、冰箱、網路,一般代管
永康區,租賃房屋,臺南市永康區永華路５０３號二樓之２,0.0,,,,1150413,土地0建物0車位0,二層,3,華廈(10層含以下有電梯),住家用,鋼筋混凝土構造,1040518,19.07,38,0,38,有,無,有,5950,312,,0.0,0,租金總額含網路費；其他有線電視或MOD；租賃建物部分範圍，且未計入共有部分面積；續租案件；,RPXNMLQJNHLGFKD17CC,分租套房,無,1150601~1160531,有,冷氣、熱水器、洗衣機、電視機、冰箱、有線電視、網路,一般代管
永康區,租賃房屋,臺南市永康區鹽州里鹽忠街１１８號８樓之１６,0.0,,,,1150429,土地0建物1車位0,八層,8,華廈(10層含以下有電梯),辦公室,鋼筋混凝土造,0950918,18.39,1,0,1,有,有,有,4300,234,,0.0,0,含增建或未登記建物；,RPOOMLQJNHLGFKD98CC,獨立套房,有,1150501~1151031,有,冷氣、熱水器、電視機、冰箱、網路,一般代管
永康區,租賃房屋,臺南市永康區中華里小東路５０９號九樓之１３,0.0,,,,1150430,土地0建物1車位0,九層,13,住宅大樓(11層含以上有電梯),住家用,鋼筋混凝土造,0851122,31.98,1,0,1,有,有,有,8000,250,,0.0,0,此為國家住宅及都市更新中心社會住宅包租代管第5期計畫。續租案件；,RPPOMLQJNHLGFKD09CC,獨立套房,有,1150508~1160507,有,冷氣、熱水器、洗衣機、電視機、冰箱,社會住宅包租轉租
永康區,租賃房屋,臺南市永康區中正七街９２號,0.0,,,,1150414,土地0建物0車位0,全,4,透天厝,住商用,鋼筋混凝土造,0940527,23.83,6,0,6,有,無,有,6700,281,,0.0,0,租金總額含水費；網路費；其他有線電視或MOD；續租案件；,RPQOMLQJNHLGFKD56CC,分租套房,無,1150501~1150630,無,冷氣、熱水器、電視機、冰箱、有線電視、網路,一般代管
永康區,租賃房屋,臺南市永康區仁愛街５３巷１１號,0.0,,,,1150421,土地0建物0車位0,全,4,透天厝,住宅，停車空間,鋼筋混凝土構造,1010224,22.57,8,0,8,有,無,有,6300,279,,0.0,0,租金總額含網路費；其他有線電視或MOD；續租案件；,RPROMLQJNHLGFKD66CC,分租套房,無,1150501~1160430,無,冷氣、熱水器、洗衣機、電視機、冰箱、有線電視、網路,一般代管
永康區,租賃房屋,臺南市永康區東橋五路１７８號十一樓之２,0.0,,,,1150504,土地0建物1車位0,十一層,15,住宅大樓(11層含以上有電梯),集合住宅,鋼筋混凝土構造,1120818,82.22,2,1,1,有,有,有,17805,217,,0.0,0,台南市社會住宅包租代管第4期計畫。管理費1095元由出租人負擔續租案件；,RPTOMLQJNHLGFKD86CC,整棟(戶)出租,有,1150521~1160520,有,冷氣、熱水器、洗衣機、電視機、冰箱、瓦斯或天然氣,社會住宅代管
永康區,租賃房屋,臺南市永康區東橋七路１９９號十二樓之２,0.0,,,,1150504,土地0建物1車位0,十二層,16,住宅大樓(11層含以上有電梯),住家用,鋼筋混凝土構造,1061114,87.69,2,1,1,有,有,有,16500,188,,0.0,0,台南市社會住宅包租代管第4期計畫。續租案件；,RPUOMLQJNHLGFKD96CC,整棟(戶)出租,有,1150509~1160331,有,冷氣、熱水器、洗衣機、電視機、冰箱、瓦斯或天然氣,社會住宅包租轉租
永康區,租賃房屋,臺南市永康區永明街３２６號三樓之３,0.0,,,,1150504,土地0建物1車位0,三層,6,華廈(10層含以下有電梯),住家用,鋼筋混凝土造,0820731,96.69,3,1,2,有,有,無,8000,83,,0.0,0,此為住都中心社會住宅包租代管第4期計畫物件。,RPVOMLQJNHLGFKD07CC,整棟(戶)出租,有,1150505~1161115,有,熱水器、瓦斯或天然氣,社會住宅包租轉租
永康區,租賃房屋,臺南市永康區新中街３１巷３８號,0.0,,,,1150422,土地0建物0車位0,全,4,透天厝,住商用,鋼筋混凝土造,0960604,14.28,8,0,8,有,無,有,5300,371,,0.0,0,租金總額含水費；網路費；其他有線電視或MOD；續租案件；,RPWOMLQJNHLGFKD17CC,分租套房,無,1150701~1160630,無,冷氣、熱水器、電視機、冰箱、有線電視、網路,一般代管
永康區,租賃房屋,臺南市永康區仁愛街５３巷１１號,0.0,,,,1150422,土地0建物0車位0,全,4,透天厝,住宅，停車空間,鋼筋混凝土構造,1010224,22.57,8,0,8,有,無,有,6200,275,,0.0,0,租金總額含網路費；其他有線電視或MOD；續租案件；,RPXOMLQJNHLGFKD27CC,分租套房,無,1150601~1160531,無,冷氣、熱水器、洗衣機、電視機、冰箱、有線電視、網路,一般代管
永康區,租賃房屋,臺南市永康區王行路５４７之５號,0.0,,,,1150428,土地0建物0車位0,全,4,透天厝,店舖，住宅,鋼筋混凝土構造,1101108,27.47,5,1,6,有,無,有,8000,291,,0.0,0,租金總額含網路費；,RPOPMLQJNHLGFKD09CC,分租套房,無,1150515~1160514,無,冷氣、熱水器、洗衣機、電視機、冰箱,
永康區,租賃房屋,臺南市永康區永華路５０３號三樓之１,0.0,,,,1150424,土地0建物0車位0,三層,3,華廈(10層含以下有電梯),住家用,鋼筋混凝土構造,1040518,19.34,38,0,38,有,無,有,6150,318,,0.0,0,租金總額含網路費；其他有線電視或MOD；租賃建物部分範圍，且未計入共有部分面積；續租案件；,RPPPMLQJNHLGFKD56CC,分租套房,無,1150501~1160430,有,冷氣、熱水器、洗衣機、電視機、冰箱、有線電視、網路,一般代管
北區,租賃房屋+車位,臺南市北區公園南路３３９號十一樓之５,0.0,,,,1150422,土地0建物1車位1,十一層,14,住宅大樓(11層含以上有電梯),集合住宅,鋼筋混凝土造,0971219,100.15,2,1,1,有,有,有,20000,200,坡道平面,21.52,0,租金總額含管理費；續租案件；,RPPNMLRJNHLGFAD08CC,整棟(戶)出租,有,1150501~1160430,有,冷氣、熱水器、洗衣機、電視機、冰箱、瓦斯或天然氣,
安平區,租賃房屋,臺南市安平區安平路５００巷２４號,0.0,,,,1150430,土地0建物1車位0,全,2,透天厝,住商用,加強磚造,0661128,76.54,4,1,2,有,無,無,15000,196,,0.0,0,此為國家住宅及都市更新中心社會住宅包租代管第5期計畫。續租案件；,RPQNMLRJNHLGFAD18CC,整棟(戶)出租,無,1150509~1160508,無,冷氣、熱水器、瓦斯或天然氣,社會住宅代管
北區,租賃房屋,臺南市北區開南街１４３巷１０弄１０號,0.0,,,,1150505,土地0建物0車位0,全,4,透天厝,住家用,鋼筋混凝土造,0670327,7.2,4,0,4,有,無,有,7800,1083,,0.0,0,租金總額含水費；含增建或未登記建物；,RPRNMLRJNHLGFAD28CC,分租套房,無,1150506~1160505,無,冷氣、熱水器、洗衣機、電視機、冰箱、有線電視、網路,
中西區,租賃房屋,臺南市中西區正興街１８號七樓之１２,0.0,,,,1150505,土地0建物1車位0,七層,7,華廈(10層含以下有電梯),住家用,鋼筋混凝土造,0800729,32.39,1,0,1,有,有,有,8500,262,,0.0,0,台南市社會住宅包租代管第4期計畫。續租案件；,RPSNMLRJNHLGFAD38CC,獨立套房,有,1150513~1160512,有,冷氣、熱水器、電視機、冰箱,社會住宅代管
中西區,租賃房屋,臺南市中西區北門路一段５１巷１３號五樓之１０,0.0,,,,1150505,土地0建物1車位0,五層,6,華廈(10層含以下有電梯),住家用,鋼筋混凝土造,0790917,35.11,1,0,1,有,有,有,6200,177,,0.0,0,台南市社會住宅包租代管第4期計畫。續租案件；,RPTNMLRJNHLGFAD48CC,獨立套房,有,1150513~1160512,有,冷氣、熱水器、電視機、冰箱,社會住宅代管
安平區,租賃房屋,臺南市安平區建平九街６０巷３３號三樓之３,0.0,,,,1150505,土地0建物1車位0,三層,6,華廈(10層含以下有電梯),住家用,鋼筋混凝土造,0820107,128.21,2,2,2,有,有,有,16000,125,,0.0,0,此為國家住宅及都市更新中心社會住宅包租代管第5期計畫。續租案件；,RPUNMLRJNHLGFAD58CC,整棟(戶)出租,有,1150505~1160504,有,冷氣、熱水器、洗衣機、電視機、冰箱、瓦斯或天然氣,社會住宅代管
安平區,租賃房屋,臺南市安平區健康路三段３２９號十七樓之６,0.0,,,,1150504,土地0建物1車位0,十七層,23,住宅大樓(11層含以上有電梯),集合住宅,鋼筋混凝土構造,1060124,88.38,2,2,1,有,有,有,17996,204,,0.0,0,此為國家住宅及都市更新中心社會住宅包租代管第5期計畫。管理費1704元由出租人負擔續租案件；,RPVNMLRJNHLGFAD68CC,整棟(戶)出租,有,1150506~1160505,有,冷氣、熱水器、洗衣機、電視機、冰箱、瓦斯或天然氣,社會住宅包租轉租
北區,租賃房屋,臺南市北區公園路５９７巷１號五樓之１０,0.0,,,,1150504,土地0建物1車位0,五層,5,公寓(5樓含以下無電梯),住家用,鋼筋混凝土造,0710120,63.22,1,1,1,有,無,有,7500,119,,0.0,0,此為國家住宅及都市更新中心社會住宅包租代管第5期計畫。續租案件；,RPWNMLRJNHLGFAD78CC,獨立套房,無,1150507~1160506,無,冷氣、熱水器、洗衣機、冰箱、瓦斯或天然氣,社會住宅包租轉租
安平區,租賃房屋,臺南市安平區怡平路４４２巷１８號,92.0,住,,,1150409,土地1建物1車位0,全,4,透天厝,住商用,鋼筋混凝土造,0820327,251.16,5,2,6,有,無,無,31000,123,,0.0,0,租賃期間屆滿時，如乙方於租賃期間內均按時繳納租金、無違約紀錄、且未涉及與本租賃標的相關之訴訟，並且標的物處於正常營運狀態下，乙方享有優先承租權。續約條件如下：租金依本契約條件續租二年。本租賃物僅限於兩家公司登記。,RPXNMLRJNHLGFAD88CC,,無,1150409~1160419,無,,
安南區,租賃房屋,臺南市安南區永續二十二街１７８號,0.0,,,,1150430,土地0建物1車位0,全,4,透天厝,店舖、集合住宅、停車空間,鋼筋混凝土造,1120503,22.23,6,1,7,有,無,無,8000,360,,0.0,0,含增建或未登記建物；,RPPNMLRJNHLGFBD18CC,分層出租,無,1150501~1160430,無,冷氣、冰箱、網路,
安南區,租賃房屋,臺南市安南區海佃一段１５８巷１３４弄２６號,0.0,,,,1150505,土地0建物0車位0,全,4,透天厝,住家用,鋼筋混凝土造,0830416,18.4,8,1,8,有,無,有,8000,435,,0.0,0,租金總額含水費；網路費；其他第四台；含增建或未登記建物；,RPRNMLRJNHLGFBD38CC,分租套房,無,1150505~1160505,無,冷氣、熱水器、洗衣機、電視機、冰箱、有線電視、網路,一般代管
安南區,租賃房屋,臺南市安南區公學路四段３５７號 ３樓 前室,0.0,,,,1150506,土地0建物0車位0,全,3,透天厝,住宅、停車空間,鋼筋混凝土造,1101115,30.1,5,1,6,有,無,有,7500,249,,0.0,0,,RPSNMLRJNHLGFBD48CC,分租套房,無,1150507~1160506,無,冷氣、網路,
安南區,租賃房屋+車位,臺南市安南區溪東一街１３號９樓,0.0,,,,1150426,土地0建物1車位1,九層,13,住宅大樓(11層含以上有電梯),集合住宅,鋼筋混凝土造,1101103,161.51999999999998,3,2,2,有,有,有,22103,137,坡道平面,24.69,0,1.契約書未約定土地租賃標的。   2.租金已扣除管理費2897元/月。3.115.4.26-115.5.4為無償使用期間，期間內水電瓦斯由承租方負擔。多人共同承租2；,RPVNMLRJNHLGFBD78CC,整棟(戶)出租,有,1150505~1160504,有,冷氣、熱水器、冰箱、瓦斯或天然氣,
東區,租賃房屋,臺南市東區生產路２５９號,0.0,,,,1150505,土地0建物1車位0,一層,12,店面(店鋪),商業用,鋼筋混凝土造,0890621,93.25,0,1,1,有,有,無,32000,343,,0.0,0,租金總額含稅；租賃期間有約定不同租金1.民國115年5月10日~115年6月9日壹個月免租金裝潢期2.民國118年6月10日~120年6月9日租金調漲為參萬參仟陸佰元正；,RPQNMLRJNHLGFCD38CC,,有,1150510~1200609,有,,
東區,租賃房屋,臺南市東區裕農路７２６巷１５號四樓之１,0.0,,,,1150505,土地0建物1車位0,四層,5,公寓(5樓含以下無電梯),住家用,鋼筋混凝土造,0700804,98.85,3,2,1,有,無,有,10500,106,,0.0,0,台南市社會住宅包租代管第4期計畫。續租案件；,RPRNMLRJNHLGFCD48CC,整棟(戶)出租,無,1150505~1160504,無,冷氣、熱水器、電視機、冰箱,社會住宅包租轉租
東區,租賃房屋+車位,臺南市東區長榮路一段１７７號１５樓之１,0.0,,,,1150506,土地0建物1車位2,十五層,25,住宅大樓(11層含以上有電梯),住家用,鋼筋混凝土造,0860919,271.38,4,2,2,有,有,有,38000,140,坡道平面,49.72,0,,RPSNMLRJNHLGFCD58CC,整棟(戶)出租,有,1150601~1160531,有,冷氣、熱水器、洗衣機、電視機、冰箱、瓦斯或天然氣,
東區,租賃房屋,臺南市東區榮譽街３７號,0.0,,,,1150505,土地0建物1車位0,全,2,透天厝,住家用,加強磚造,0621110,76.37,2,1,3,有,無,有,17000,223,,0.0,0,台南市社會住宅包租代管第4期計畫。續租案件；,RPTNMLRJNHLGFCD68CC,整棟(戶)出租,無,1150525~1160524,無,熱水器、瓦斯或天然氣,社會住宅包租轉租
東區,租賃房屋+車位,臺南市東區崇元一街６號十二樓之３,0.0,,,,1150423,土地0建物1車位2,十二層,14,住宅大樓(11層含以上有電梯),集合住宅,鋼筋混凝土構造、鋼骨造,1120329,200.24,3,1,3,有,有,有,33000,165,坡道平面,30.26,0,租金總額含管理費；,RPUNMLRJNHLGFCD78CC,整棟(戶)出租,有,1150501~1160430,有,冷氣、熱水器、洗衣機、電視機、冰箱、瓦斯或天然氣,
東區,租賃房屋,臺南市東區東成街２８巷１４號４樓之１,0.0,,,,1150416,土地0建物1車位0,四層,5,公寓(5樓含以下無電梯),住家用,鋼筋混凝土造,0770423,82.46000000000001,3,2,2,有,無,有,16000,194,,0.0,0,多人共同承租2；其他公電；,RPVNMLRJNHLGFCD88CC,整棟(戶)出租,無,1150416~1161231,無,冷氣、熱水器、洗衣機、電視機、冰箱,一般代管
東區,租賃房屋,臺南市東區東安路５０號五樓之７,0.0,,,,1150430,土地0建物1車位0,五層,7,華廈(10層含以下有電梯),住家用,鋼筋混凝土造,0701224,90.11,3,1,2,有,有,有,14800,164,,0.0,0,1.契約書未約定土地租賃標的。2.租金已扣除管理費1200元。多人共同承租3；,RPWNMLRJNHLGFCD98CC,整棟(戶)出租,有,1150701~1160630,有,冷氣、熱水器、洗衣機、冰箱,一般代管
東區,租賃房屋,臺南市東區裕農路３４５巷１４號,0.0,,,,1150507,土地0建物1車位0,全,3,透天厝,住商用,鋼筋混凝土造,0671230,136.8,4,2,3,有,無,無,17000,124,,0.0,0,115年5月7日至115年5月9日為搬遷期含增建或未登記建物；,RPXNMLRJNHLGFCD09CC,整棟(戶)出租,無,1150510~1160509,無,冷氣、熱水器,
南區,租賃房屋,臺南市南區新建路１９巷１０之３號,0.0,,,,1150505,土地0建物1車位0,四層,5,公寓(5樓含以下無電梯),集合住宅,鋼筋混凝土造,0720718,75.45,3,1,1,有,無,有,6500,86,,0.0,0,台南市不動產租賃公會民間住宅包租代管第5期計畫之物件。,RPOOMLRJNHLGFCD28CC,整棟(戶)出租,無,1150511~1160510,無,熱水器、瓦斯或天然氣,社會住宅代管
東區,租賃房屋,臺南市東區裕農路１１０號,0.0,,,,1150426,土地0建物1車位0,見其他登記事項,2,店面(店鋪),住家用,加強磚造,0620314,113.48,5,2,4,有,無,無,32000,282,,0.0,0,租賃期間含免租金裝潢期115年5月1日至115年6月14日。含增建或未登記建物；,RPPOMLRJNHLGFCD38CC,,無,1150501~1170430,無,熱水器,
南區,租賃房屋,臺南市南區萬年七街１７５號六樓之２,0.0,,,,1150505,土地0建物1車位0,六層,15,住宅大樓(11層含以上有電梯),集合住宅,鋼筋混凝土構造,1070619,87.05000000000001,2,1,1,有,有,有,18000,207,,0.0,0,續租案件；,RPQOMLRJNHLGFCD48CC,整棟(戶)出租,有,1150510~1160509,有,冷氣、熱水器、洗衣機,
東區,租賃房屋,臺南市東區長榮路二段２４巷４８弄４號五樓,0.0,,,,1150425,土地0建物1車位0,五層,5,公寓(5樓含以下無電梯),住家用,鋼筋混凝土造,0760429,85.7,3,1,1,有,無,有,11000,128,,0.0,0,租金總額含網路費；,RPSOMLRJNHLGFCD68CC,整棟(戶)出租,無,1150501~1160430,無,冷氣、熱水器、洗衣機、電視機、冰箱、瓦斯或天然氣、網路,
東區,租賃房屋,臺南市東區衛國街１１號,0.0,,,,1150418,土地0建物1車位0,全,2,透天厝,住商用,加強磚造,0660223,57.24,4,0,2,有,無,無,10000,175,,0.0,0,,RPTOMLRJNHLGFCD78CC,分層出租,無,1150510~1160509,無,,
新營區,租賃房屋,臺南市新營區大仁街１８號,0.0,,,,1150430,土地0建物1車位0,全,2,透天厝,住商用,加強磚造,0660108,117.47,3,1,2,有,無,有,12000,102,,0.0,0,台南市不動產租賃公會民間住宅包租代管第5期計畫之物件。,RPPNMLRJNHLGFDD38CC,整棟(戶)出租,無,1150501~1160430,無,冷氣、熱水器,社會住宅包租轉租
將軍區,租賃房屋,臺南市將軍區昌平４１之６５號,0.0,,,,1150504,土地0建物1車位0,全,3,透天厝,Ｈ２住宅,鋼筋混凝土造,1110516,132.59,3,2,3,有,無,有,18500,140,,0.0,0,續租案件；,RPPNMLRJNHLGFGD68CC,整棟(戶)出租,無,1150601~1160531,無,熱水器,
新市區,租賃房屋,臺南市新市區中山路７８巷２５之３號,0.0,,,,1150414,土地0建物0車位0,全,4,透天厝,住家用,鋼筋混凝土造,1030915,19.14,7,0,7,有,無,有,6500,340,,0.0,0,,RPPNMLRJNHLGFHD78CC,分租套房,無,1150414~1160313,無,冷氣、熱水器、洗衣機、電視機、冰箱,一般代管
善化區,租賃房屋,臺南市善化區光復路１９０號,0.0,,,,1150426,土地0建物1車位0,全,4,透天厝,住宅，店舖，停車空間,鋼筋混凝土造,0911105,166.05,4,2,4,有,無,有,21000,126,,0.0,0,建物租賃範圍2樓到4樓包含陽台面積總共166.05平方公尺50.23坪,RPQNMLRJNHLGFHD88CC,分層出租,無,1150601~1180531,無,冷氣、熱水器、洗衣機、冰箱、瓦斯或天然氣,
善化區,租賃房屋,臺南市善化區牛庄５５０號,0.0,,,,1150506,土地0建物0車位0,全,4,透天厝,住家用,鋼筋混凝土造,1041015,23.14,7,0,7,有,無,有,6900,298,,0.0,0,,RPRNMLRJNHLGFHD98CC,分租套房,無,1150510~1160509,無,冷氣、熱水器、洗衣機、電視機、冰箱、網路,一般代管
新市區,租賃房屋,臺南市新市區中山路２０-１３號,0.0,,,,1150430,土地0建物0車位0,全,4,透天厝,住家用,鋼筋混凝土造,1041110,18.0,16,0,16,有,無,有,6500,361,,0.0,0,租金總額含管理費；水費；網路費；,RPSNMLRJNHLGFHD09CC,分租套房,無,1150501~1160430,無,冷氣、熱水器、洗衣機、電視機、冰箱、網路,一般代管
新市區,租賃房屋,臺南市新市區大營１９８之５號三樓之２,0.0,,,,1150425,土地0建物1車位0,三層,6,華廈(10層含以下有電梯),集合住宅,鋼筋混凝土造,1130606,80.72,2,2,2,有,有,有,18535,230,,0.0,0,此為國家住宅及都市更新中心社會住宅包租代管第5期計畫。管理費1465元由出租人負擔多人共同承租2；,RPTNMLRJNHLGFHD56CC,整棟(戶)出租,有,1150501~1160430,有,冷氣、熱水器、洗衣機、冰箱,社會住宅代管
新市區,租賃房屋,臺南市新市區龍目井路３０６號,0.0,,,,1150504,土地0建物0車位0,全,4,透天厝,住宅、停車空間,鋼筋混凝土造,1030911,21.92,7,0,7,有,無,有,6500,297,,0.0,0,租賃建物部分範圍，且未計入共有部分面積；,RPUNMLRJNHLGFHD66CC,分租套房,無,1150504~1160531,無,冷氣、熱水器、洗衣機、電視機、冰箱,一般代管
新市區,租賃房屋,臺南市新市區長安街３６巷３９號二樓之２,0.0,,,,1150501,土地0建物1車位0,二層,5,華廈(10層含以下有電梯),集合住宅,鋼筋混凝土造,1050531,84.97,2,2,1,有,有,有,16500,194,,0.0,0,國家住宅及都市更新中心社會住宅包租代管中央版第五期計畫未租賃車位，建物登記含有車位面積；,RPVNMLRJNHLGFHD76CC,整棟(戶)出租,有,1150501~1160430,有,冷氣、熱水器、洗衣機、冰箱,社會住宅代管
歸仁區,租賃房屋,臺南市歸仁區高發二路３１２號十五樓之２,0.0,,,,1150504,土地0建物1車位0,十五層,15,住宅大樓(11層含以上有電梯),集合住宅,鋼筋混凝土造,1120808,122.58,3,1,2,有,有,無,17000,139,,0.0,0,台南市社會住宅包租代管第4期計畫。續租案件；,RPPNMLRJNHLGFID88CC,整棟(戶)出租,有,1150530~1160331,有,冷氣、熱水器、洗衣機、冰箱、瓦斯或天然氣,社會住宅包租轉租
仁德區,租賃房屋+車位,臺南市仁德區文心路７８號二十三樓之６,0.0,,,,1150429,土地0建物1車位1,二十三層,24,住宅大樓(11層含以上有電梯),集合住宅,鋼筋混凝土構造,1100315,100.94,2,1,1,有,有,有,19400,208,坡道平面,17.45,2000,另有管理費1600元，由承租人負擔。,RPQNMLRJNHLGFID98CC,整棟(戶)出租,有,1150501~1160430,有,熱水器、洗衣機、冰箱,社會住宅代管
仁德區,租賃房屋,臺南市仁德區中正西路４０２號三樓之１０,0.0,,,,1150430,土地0建物1車位0,三層,4,華廈(10層含以下有電梯),辦公室,鋼筋混凝土造,0960920,13.629999999999999,1,0,1,有,有,有,3000,220,,0.0,0,含增建或未登記建物；,RPRNMLRJNHLGFID09CC,獨立套房,有,1150501~1151031,有,冷氣、熱水器、電視機、冰箱、網路,一般代管
仁德區,租賃房屋,臺南市仁德區中正西路４００號三樓之２０,0.0,,,,1150504,土地0建物1車位0,三層,4,華廈(10層含以下有電梯),辦公室,鋼筋混凝土造,0960920,13.629999999999999,1,0,1,有,有,有,3000,220,,0.0,0,含增建或未登記建物；,RPSNMLRJNHLGFID56CC,獨立套房,有,1150505~1151104,有,冷氣、熱水器、電視機、冰箱、網路,一般代管
仁德區,租賃房屋,臺南市仁德區中正西路４００號四樓之２５,0.0,,,,1150429,土地0建物1車位0,四層,4,華廈(10層含以下有電梯),辦公室,鋼筋混凝土造,0960920,13.629999999999999,1,0,1,有,有,有,3000,220,,0.0,0,含增建或未登記建物；續租案件；,RPTNMLRJNHLGFID66CC,獨立套房,有,1150517~1160516,有,冷氣、熱水器、電視機、冰箱、網路,一般代管
仁德區,租賃房屋,臺南市仁德區中正西路４００號四樓之１０,0.0,,,,1150422,土地0建物1車位0,四層,4,華廈(10層含以下有電梯),辦公室,鋼筋混凝土造,0960920,13.629999999999999,1,0,1,有,有,有,3000,220,,0.0,0,含增建或未登記建物；續租案件；,RPUNMLRJNHLGFID76CC,獨立套房,有,1150422~1151021,有,冷氣、熱水器、電視機、冰箱、網路,一般代管
仁德區,租賃房屋,臺南市仁德區中正西路３６０巷２０弄４１號三樓之３,0.0,,,,1150415,土地0建物1車位0,三層,4,華廈(10層含以下有電梯),辦公室,鋼筋混凝土造,0960920,14.149999999999999,1,0,1,有,有,有,3000,212,,0.0,0,含增建或未登記建物；,RPVNMLRJNHLGFID86CC,獨立套房,有,1150415~1151014,有,冷氣、熱水器、電視機、冰箱、網路,一般代管
歸仁區,租賃房屋+車位,臺南市歸仁區歸仁七路２１８號十五樓之２,0.0,,,,1150412,土地0建物1車位1,十五層,15,住宅大樓(11層含以上有電梯),集合住宅,鋼筋混凝土造,1121208,146.66,3,2,2,有,有,有,23000,174,坡道平面,25.79,2000,多人共同承租2；租金總額含管理費；,RPWNMLRJNHLGFID96CC,整棟(戶)出租,有,1150501~1170430,有,冷氣、熱水器、洗衣機、冰箱、瓦斯或天然氣,
歸仁區,租賃房屋+車位,臺南市歸仁區高發二路３１０號七樓之６,0.0,,,,1150505,土地0建物1車位1,七層,15,住宅大樓(11層含以上有電梯),集合住宅,鋼筋混凝土造,1120808,80.2,2,2,1,有,有,有,17500,218,坡道機械,12.24,0,租金總額含管理費；,RPXNMLRJNHLGFID07CC,整棟(戶)出租,有,1150505~1160504,有,冷氣、熱水器、洗衣機、電視機、冰箱、瓦斯或天然氣,
歸仁區,租賃房屋+車位,臺南市歸仁區高發二路３２０號十四樓之５,0.0,,,,1150409,土地0建物1車位1,十四層,15,住宅大樓(11層含以上有電梯),集合住宅,鋼筋混凝土造,1120808,140.98,3,2,2,有,有,有,23000,163,坡道平面,20.61,0,多人共同承租3；租金總額含管理費；其他車位清潔費；,RPOOMLRJNHLGFID88CC,整棟(戶)出租,有,1150510~1170509,有,冷氣、熱水器、洗衣機、電視機、冰箱、瓦斯或天然氣,
仁德區,租賃房屋,臺南市仁德區文賢路一段７巷２１號七樓之６,0.0,,,,1150421,土地0建物1車位0,七層,13,住宅大樓(11層含以上有電梯),集合住宅,鋼筋混凝土造,1141231,118.38,2,2,1,有,有,有,17000,144,,0.0,0,國家住宅及都市更新中心社會住宅包租代管中央版第五期計畫未租賃車位，建物登記含有車位面積；,RPPOMLRJNHLGFID98CC,整棟(戶)出租,有,1150421~1180420,有,冷氣、熱水器、洗衣機、電視機、冰箱,社會住宅包租轉租
永康區,租賃房屋,臺南市永康區鹽行里永安路１６５巷１１３號,0.0,,,,1150428,土地0建物1車位0,見其他登記事項,10,華廈(10層含以下有電梯),住商用,鋼筋混凝土造,0890816,152.05,3,2,3,有,有,有,20550,135,,0.0,0,此為國家住宅及都市更新中心社會住宅包租代管第5期計畫。管理費1450元由出租人負擔續租案件；,RPRNMLRJNHLGFKD66CC,整棟(戶)出租,有,1150501~1160430,有,冷氣、熱水器、洗衣機、電視機、冰箱、瓦斯或天然氣,社會住宅代管
永康區,租賃房屋,臺南市永康區鹽洲里鹽行路１００巷３４號,0.0,,,,1150430,土地0建物1車位0,全,3,透天厝,住商用,鋼筋混凝土造,0831209,178.68,4,1,3,有,無,無,17000,95,,0.0,0,此為國家住宅及都市更新中心社會住宅包租代管第5期計畫。續租案件；,RPSNMLRJNHLGFKD76CC,整棟(戶)出租,無,1150508~1160507,無,熱水器、瓦斯或天然氣,社會住宅代管
永康區,租賃房屋,臺南市永康區新行街６８巷３０號,0.0,,,,1150424,土地0建物0車位0,全,4,透天厝,住家用,鋼筋混凝土造,0960119,32.09,7,0,7,有,無,有,6250,195,,0.0,0,租金總額含水費；網路費；其他有線電視或MOD；續租案件；,RPTNMLRJNHLGFKD86CC,分租套房,無,1150701~1160630,無,冷氣、熱水器、電視機、冰箱、有線電視、網路,一般代管
永康區,租賃房屋,臺南市永康區三合里南工街２６７巷４６號十樓之３,0.0,,,,1150427,土地0建物1車位0,十層,11,住宅大樓(11層含以上有電梯),住家用,鋼筋混凝土造,0860926,64.92,3,1,1,有,有,有,14050,216,,0.0,0,此為國家住宅及都市更新中心社會住宅包租代管第5期計畫。管理費950元由出租人負擔續租案件；,RPUNMLRJNHLGFKD96CC,整棟(戶)出租,有,1150510~1160509,有,冷氣、熱水器、洗衣機、電視機、冰箱、瓦斯或天然氣,社會住宅代管
永康區,租賃房屋+車位,臺南市永康區蔦松二街８７巷６６號三樓之２,0.0,,,,1150505,土地0建物1車位1,三層,5,華廈(10層含以下有電梯),住家用,鋼筋混凝土構造,1100810,111.9,3,2,2,有,有,有,22000,197,一樓平面,0.0,0,1.契約書未約定土地租賃標的。2.由所有權人提供出租資訊。續租案件；,RPVNMLRJNHLGFKD07CC,整棟(戶)出租,無,1150606~1160605,有,冷氣、熱水器、洗衣機、電視機、冰箱,一般代管
永康區,租賃房屋,臺南市永康區復興路１３６號五樓,0.0,,,,1150430,土地0建物1車位0,五層,5,公寓(5樓含以下無電梯),住家用,鋼筋混凝土造,0710325,100.05,3,1,2,有,無,有,7500,75,,0.0,0,此為國家住宅及都市更新中心社會住宅包租代管第5期計畫。續租案件；,RPWNMLRJNHLGFKD17CC,整棟(戶)出租,無,1150519~1160518,無,冷氣、熱水器、洗衣機、冰箱、瓦斯或天然氣,社會住宅代管
永康區,租賃房屋,臺南市永康區新民街１６巷１弄１０號,0.0,,,,1150424,土地0建物0車位0,全,4,透天厝,停車空間，住宅,鋼筋混凝土造,1000621,26.74,8,0,8,有,無,有,6000,224,,0.0,0,租金總額含網路費；其他有線電視或MOD；續租案件；,RPXNMLRJNHLGFKD27CC,分租套房,無,1150701~1160630,無,冷氣、熱水器、洗衣機、電視機、冰箱、有線電視、網路,一般代管
永康區,租賃房屋,臺南市永康區龍安街２６６號,79.98,住,,,1150424,土地1建物1車位0,全,4,透天厝,住商用,鋼筋混凝土造,0820629,186.8,5,2,3,有,無,無,35000,187,,0.0,0,租金總額含稅；,RPOOMLRJNHLGFKD09CC,,無,1150517~1180516,無,熱水器、瓦斯或天然氣,
永康區,租賃房屋,臺南市永康區自強路８０４號,0.0,,,,1150506,土地0建物1車位0,見其他登記事項,4,店面(店鋪),住商用,鋼筋混凝土造,0800504,82.65,11,1,12,有,無,無,28445,344,,0.0,0,1.契約書未約定土地租賃標的。2.由所有權人提供出租資訊。3.1F部分面積不在出租範圍內實際承租範圍面積約82.65平方公尺含騎樓面積。多人共同承租2；租金總額含稅；租賃期間有約定不同租金第1~3年租金為28445元/月，第4年租金為29582元/月，第5年租金為30720元/月第6年租金為31858元/月第7年租金為32996元/月第8年租金為34134元/月。；,RPPOMLRJNHLGFKD56CC,,無,1150530~1230529,無,,
永康區,租賃房屋,臺南市永康區?行里中正七街９６號,0.0,,,,1150428,土地0建物0車位0,全,4,透天厝,住商用,鋼筋混凝土造,0940527,23.42,8,0,8,有,無,有,6700,286,,0.0,0,多人共同承租2；租賃建物部分範圍，且未計入共有部分面積；續租案件；,RPQOMLRJNHLGFKD66CC,分租套房,無,1150501~1160430,無,冷氣、熱水器、洗衣機、電視機、冰箱、有線電視,一般代管
永康區,租賃房屋,臺南市永康區中正七街９２號,0.0,,,,1150429,土地0建物0車位0,全,4,透天厝,住商用,鋼筋混凝土造,0940527,28.79,6,0,6,有,無,有,4500,156,,0.0,0,租金總額含水費；網路費；續租案件；,RPROMLRJNHLGFKD76CC,分租套房,無,1150701~1160630,無,冷氣、熱水器、冰箱、網路,一般代管
永康區,租賃房屋,臺南市永康區中正七街２５巷８號,0.0,,,,1150430,土地0建物0車位0,全,5,透天厝,住家用,鋼筋混凝土造,0990120,23.47,27,0,27,有,無,有,6800,290,,0.0,0,租賃建物部分範圍，且未計入共有部分面積；續租案件；,RPSOMLRJNHLGFKD86CC,分租套房,無,1150501~1160430,無,冷氣、熱水器、洗衣機、電視機、冰箱、有線電視,一般代管
永康區,租賃房屋,臺南市永康區鹽行里新民街１３２號,0.0,,,,1150430,土地0建物0車位0,全,4,透天厝,店舖，住宅，停車空間,鋼筋混凝土造,0930608,21.38,7,0,7,有,無,有,6000,281,,0.0,0,租金總額含水費；租賃建物部分範圍，且未計入共有部分面積；續租案件；,RPTOMLRJNHLGFKD96CC,分租套房,無,1150501~1160430,無,冷氣、熱水器、洗衣機、電視機、冰箱、有線電視,一般代管
永康區,租賃房屋,臺南市永康區復國一路３６５號,0.0,,,,1150506,土地0建物0車位0,全,4,透天厝,住商用,鋼筋混凝土造,0980605,26.6,3,1,3,有,無,有,14000,526,,0.0,0,多人共同承租2；租金總額含水費；網路費；含增建或未登記建物；,RPUOMLRJNHLGFKD07CC,分租套房,無,1150506~1160506,無,冷氣、熱水器、洗衣機、電視機、冰箱、網路,一般代管
永康區,租賃房屋,臺南市永康區正南五街５２０巷５５弄１號,0.0,,,,1150501,土地0建物0車位0,全,4,透天厝,住家用,鋼筋混凝土造,0991223,15.75,24,0,24,有,無,有,6200,394,,0.0,0,租賃建物部分範圍，且未計入共有部分面積；,RPVOMLRJNHLGFKD17CC,分租套房,無,1150501~1160430,無,冷氣、熱水器、冰箱,一般代管
永康區,租賃房屋+車位,臺南市永康區復國一路３３９之３號１６樓之２,0.0,,,,1150430,土地0建物1車位1,十六層,16,住宅大樓(11層含以上有電梯),住家用,鋼筋混凝土構造,1070202,124.94999999999999,2,2,1,有,有,有,22000,176,坡道平面,38.58,0,租金總額含管理費；,RPWOMLRJNHLGFKD27CC,整棟(戶)出租,有,1150510~1160509,有,冷氣、熱水器、洗衣機、電視機、冰箱、瓦斯或天然氣,
永康區,租賃房屋,臺南市永康區復華里復國一路４７５巷２８號二樓之３０,0.0,,,,1150504,土地0建物1車位0,二層,5,華廈(10層含以下有電梯),住家用,鋼筋混凝土構造,1070402,13.61,1,0,1,有,有,有,4350,320,,0.0,0,含增建或未登記建物；續租案件；,RPXOMLRJNHLGFKD37CC,獨立套房,有,1150712~1160711,有,冷氣、熱水器、電視機、冰箱、網路,一般代管
永康區,租賃房屋,臺南市永康區勝利街１１６巷１２弄４０號,0.0,,,,1150506,土地0建物1車位0,全,4,透天厝,車庫、住宅。,鋼筋混凝土造,0750628,128.54,3,2,2,有,無,有,24000,187,,0.0,0,含增建或未登記建物；,RPOPMLRJNHLGFKD56CC,整棟(戶)出租,無,1150510~1160509,無,冷氣、熱水器,
永康區,租賃房屋,臺南市永康區復華里復國一路４７５巷２８號五樓之１９,0.0,,,,1150504,土地0建物1車位0,五層,5,華廈(10層含以下有電梯),住家用,鋼筋混凝土構造,1070402,13.61,1,0,1,有,有,有,4350,320,,0.0,0,含增建或未登記建物；續租案件；,RPPPMLRJNHLGFKD66CC,獨立套房,有,1150701~1151231,有,冷氣、熱水器、電視機、冰箱、網路,一般代管
永康區,租賃房屋,臺南市永康區中山東路１５６號三樓之８,0.0,,,,1150415,土地0建物1車位0,三層,11,住宅大樓(11層含以上有電梯),住家用,鋼筋混凝土造,0900110,66.72,3,2,2,有,有,有,14000,210,,0.0,0,國家住宅及都市更新中心社會住宅包租代管中央版第五期計畫,RPSPMLRJNHLGFKD96CC,整棟(戶)出租,有,1150501~1160430,有,冷氣、熱水器、瓦斯或天然氣,社會住宅代管
安平區,租賃房屋+車位,臺南市安平區國平北路１４７號２０樓之３,0.0,,,,1150415,土地0建物1車位1,二十層,34,住宅大樓(11層含以上有電梯),集合住宅,鋼骨鋼筋混凝土造、鋼筋混凝土造,1140415,107.71000000000001,2,1,1,有,有,有,24000,223,坡道平面,27.92,0,租金24000元，包含管理費及汽車車位和機車車位各1個多人共同承租2；租金總額含管理費；,RPPNMLSJNHLGFAD18CC,整棟(戶)出租,有,1150415~1160414,有,冷氣、熱水器、洗衣機、電視機、冰箱,
安平區,租賃房屋+車位,臺南市安平區國平北路１３７號２４樓之９,0.0,,,,1150415,土地0建物1車位1,二十四層,34,住宅大樓(11層含以上有電梯),集合住宅,鋼骨鋼筋混凝土造、鋼筋混凝土造,1140415,107.07,2,1,1,有,有,有,24000,224,坡道平面,27.92,0,租金總額含管理費；,RPQNMLSJNHLGFAD28CC,整棟(戶)出租,有,1150425~1170424,有,冷氣、洗衣機、電視機、冰箱,
安平區,租賃房屋,臺南市安平區國平北路８６號４樓之７,0.0,,,,1150429,土地0建物1車位0,四層,26,住宅大樓(11層含以上有電梯),集合住宅,鋼筋混凝土造,1140722,74.37,1,1,1,有,有,有,16000,215,,0.0,0,租金總額含管理費；,RPRNMLSJNHLGFAD38CC,獨立套房,有,1150505~1160504,有,冷氣、熱水器、洗衣機、電視機、冰箱,
安平區,租賃房屋,臺南市安平區育平路２１２號十一樓之３３,0.0,,,,1150429,土地0建物1車位0,十一層,17,住宅大樓(11層含以上有電梯),住家用,鋼筋混凝土造,0840729,86.47,3,2,2,有,有,有,15000,173,,0.0,0,台南市社會住宅包租代管公會版增辦第4期續租案件；,RPSNMLSJNHLGFAD48CC,整棟(戶)出租,有,1150524~1160523,有,冷氣、熱水器、洗衣機、電視機、冰箱,社會住宅代管
安平區,租賃房屋+車位,臺南市安平區國平北路１４７號３３樓之１２,0.0,,,,1150502,土地0建物1車位1,三十三層,34,住宅大樓(11層含以上有電梯),集合住宅,鋼骨鋼筋混凝土造、鋼筋混凝土造,1140415,104.31,2,1,1,有,有,有,21500,206,坡道平面,25.42,0,多人共同承租2；租金總額含管理費；,RPTNMLSJNHLGFAD58CC,整棟(戶)出租,有,1150510~1160509,有,冷氣、熱水器、洗衣機、電視機、冰箱,
安平區,租賃房屋+車位,臺南市安平區永華路二段６６３號１２樓之３,0.0,,,,1150508,土地0建物1車位1,十二層,22,住宅大樓(11層含以上有電梯),集合住宅,鋼筋混凝土造,1121108,93.94999999999999,2,2,2,有,有,無,18700,199,坡道機械,18.54,0,多人共同承租2；,RPUNMLSJNHLGFAD68CC,整棟(戶)出租,有,1150508~1160507,有,冷氣、熱水器、洗衣機、冰箱,
中西區,土地,府前段281地號,68.9,商,,,1150423,土地1建物0車位0,,,其他,,,,0.0,0,0,0,無,無,無,38000,552,,0.0,0,1-115.4.23-115.5.31 止為裝修期不計租金2-土地上之未登記建物 為營業使用3-門牌:中西區西門路二段75號使用範圍含一樓及部分外牆租金總額含稅；水費；含增建或未登記建物；,RPVNMLSJNHLGFAD78CC,,,1150423~1170531,,,
中西區,租賃房屋,臺南市中西區永福路二段６３巷１６號,0.0,,,,1150410,土地0建物1車位0,全,1,透天厝,住家用,磚造,,18.94,1,1,2,有,無,有,12000,634,,0.0,0,台南市社會住宅包租代管第4期計畫公會版租金依照租金水準區間表評定續租案件；,RPWNMLSJNHLGFAD88CC,整棟(戶)出租,無,1150415~1160414,無,冷氣、熱水器、洗衣機、電視機、冰箱,社會住宅代管
中西區,租賃房屋,臺南市中西區萬昌街１３３號四樓之７,0.0,,,,1150421,土地0建物1車位0,四層,11,住宅大樓(11層含以上有電梯),集合住宅,ＲＣ造,0950713,38.13,1,0,1,有,有,無,12000,315,,0.0,0,租金總額含管理費；,RPXNMLSJNHLGFAD98CC,獨立套房,有,1150501~1170430,有,冷氣、熱水器、冰箱,
中西區,租賃房屋,臺南市中西區武聖路６９巷４０弄３０號九樓之１４,0.0,,,,1150410,土地0建物1車位0,九層,12,住宅大樓(11層含以上有電梯),住家用,鋼筋混凝土造,0831108,34.99,1,1,1,有,有,有,7000,200,,0.0,0,台南市社會住宅包租代管第4期計畫公會版租金依照租金水準區間表評定續租案件；,RPOOMLSJNHLGFAD18CC,獨立套房,有,1150416~1150810,有,冷氣、熱水器、電視機、冰箱,社會住宅代管
北區,租賃房屋,臺南市北區小北路５７號五樓,0.0,,,,1150506,土地0建物0車位0,五層,5,華廈(10層含以下有電梯),住家用,鋼筋混凝土造,0840808,16.53,10,3,7,有,無,有,7000,423,,0.0,0,租賃面積約5坪，附一個機車停車位租賃建物部分範圍，且未計入共有部分面積；,RPPOMLSJNHLGFAD28CC,分租套房,無,1150506~1160506,有,冷氣、電視機、冰箱,
中西區,租賃房屋,臺南市中西區五妃街７８號七樓之１,0.0,,,,1150504,土地0建物1車位0,七層,7,華廈(10層含以下有電梯),住家用,鋼筋混凝土造,0840330,98.62,3,1,2,有,有,有,15000,152,,0.0,0,台南市不動產租賃公會民間住宅包租代管第5期計畫。續租案件；,RPQOMLSJNHLGFAD38CC,整棟(戶)出租,有,1150510~1160509,有,冷氣、熱水器、洗衣機、冰箱、瓦斯或天然氣,社會住宅包租轉租
安南區,租賃房屋+車位,臺南市安南區慈興路１６９號五樓之５,0.0,,,,1150426,土地0建物1車位1,五層,5,華廈(10層含以下有電梯),集合住宅,鋼筋混凝土造,1130723,74.07,3,2,2,有,有,有,21000,284,一樓平面,0.0,0,租金總額含管理費；,RPPNMLSJNHLGFBD28CC,整棟(戶)出租,無,1150501~1160430,有,冷氣、熱水器,
安南區,租賃房屋+車位,臺南市安南區博和路２２１號六樓之１１,0.0,,,,1150427,土地0建物1車位1,六層,7,華廈(10層含以下有電梯),集合住宅,鋼筋混凝土造,1130229,102.78,2,2,2,有,有,無,17500,170,坡道平面,23.33,0,1.管理費2500元/月已扣除2.115/04/27-114/05/04為免租搬遷期多人共同承租3；租金總額含管理費；,RPSNMLSJNHLGFBD58CC,整棟(戶)出租,有,1150505~1160504,有,,
安南區,租賃房屋,臺南市安南區公學路五段６９７巷１６１號九樓,0.0,,,,1150420,土地0建物1車位0,九層,12,住宅大樓(11層含以上有電梯),住家用,鋼筋混凝土造,0870814,98.56,3,2,2,有,有,無,15000,152,,0.0,0,國家住宅及都市更新中心社會住宅包租代管中央版第五期計畫,RPTNMLSJNHLGFBD68CC,整棟(戶)出租,有,1150426~1180425,有,熱水器,社會住宅包租轉租
安南區,租賃房屋,臺南市安南區同安路５２巷８號,0.0,,,,1150429,土地0建物1車位0,全,2,透天厝,住家用,加強磚造,0700515,94.1,4,2,2,有,無,有,12000,128,,0.0,0,參加公會版住宅包租代管五期計畫,RPUNMLSJNHLGFBD78CC,整棟(戶)出租,無,1150501~1160430,無,熱水器,社會住宅代管
安南區,租賃房屋,臺南市安南區安通路五段３２０號十一樓之１,0.0,,,,1150410,土地0建物1車位0,十一層,14,住宅大樓(11層含以上有電梯),集合住宅,鋼筋混凝土造,1110608,153.68,3,2,2,有,有,有,23500,153,,0.0,0,台南市社會住宅包租代管第4期計畫公會版租金依照租金水準區間表評定未租賃車位，建物登記含有車位面積；續租案件；,RPVNMLSJNHLGFBD88CC,整棟(戶)出租,有,1150420~1160419,有,冷氣、熱水器、洗衣機、冰箱、瓦斯或天然氣,社會住宅代管
安南區,租賃房屋,臺南市安南區永續十八街２２號３樓,0.0,,,,1150430,土地0建物1車位0,三層,17,住宅大樓(11層含以上有電梯),集合住宅,鋼筋混凝土造,1110304,112.31,2,2,1,有,有,有,20000,178,,0.0,0,參加公會版住宅包租代管五期計畫租金總額含管理費；未租賃車位，建物登記含有車位面積；,RPWNMLSJNHLGFBD98CC,整棟(戶)出租,有,1150501~1180430,有,冷氣、熱水器、洗衣機、電視機、冰箱,社會住宅代管
安南區,租賃房屋,臺南市安南區本原街一段９４巷５號,0.0,,,,1150430,土地0建物1車位0,全,2,透天厝,住家用,鋼筋混凝土造,0790220,133.65,3,2,2,有,無,有,25000,187,,0.0,0,參加公會版住宅包租代管五期計畫,RPXNMLSJNHLGFBD09CC,整棟(戶)出租,無,1150501~1160430,無,冷氣、熱水器、洗衣機、冰箱,社會住宅代管
東區,租賃房屋+車位,臺南市東區崇慶路一段９６號十三樓之３,0.0,,,,1150506,土地0建物1車位1,十三層,15,住宅大樓(11層含以上有電梯),集合住宅,鋼筋混凝土造,1130816,114.97,2,2,2,有,有,有,20953,182,坡道平面,26.25,0,租金已扣除每月管理費2547元,RPQNMLSJNHLGFCD48CC,整棟(戶)出租,有,1150506~1160505,有,冷氣、洗衣機、電視機、冰箱,
東區,租賃房屋+車位,臺南市東區崇慶街一段９６號１３樓之２,0.0,,,,1150424,土地0建物1車位1,十三層,15,住宅大樓(11層含以上有電梯),集合住宅,鋼筋混凝土造,1130816,114.97,2,2,2,有,有,無,20253,176,坡道平面,26.25,0,租金已扣除每月管理費2547元,RPRNMLSJNHLGFCD58CC,整棟(戶)出租,有,1150501~1160430,有,冷氣、熱水器、洗衣機、冰箱,
南區,租賃房屋,臺南市南區健康路二段４２１號,0.0,,,,1150428,土地0建物1車位0,見其他登記事項,4,公寓(5樓含以下無電梯),住商用,鋼筋混凝土造,0700715,265.71,5,2,4,有,無,無,33000,124,,0.0,0,,RPSNMLSJNHLGFCD68CC,整棟(戶)出租,無,1150501~1180430,無,熱水器,
南區,租賃房屋,臺南市南區新興路４６１巷１０弄２４號五樓之１,0.0,,,,1150506,土地0建物1車位0,五層,5,公寓(5樓含以下無電梯),住家用,鋼筋混凝土造,0720602,53.97,2,2,1,有,無,有,11000,204,,0.0,0,台南市社會住宅包租代管 增辦第四期計畫公會版；水、電費由承租人負擔。續租案件；,RPTNMLSJNHLGFCD78CC,整棟(戶)出租,無,1150601~1161124,無,冷氣、熱水器,社會住宅包租轉租
東區,租賃房屋,臺南市東區東門路一段１４５號七樓之３,0.0,,,,1150422,土地0建物1車位0,七層,12,住宅大樓(11層含以上有電梯),商業用,鋼筋混凝土造,0820809,24.37,1,0,1,有,有,有,8000,328,,0.0,0,台南市社會住宅包租代管公會版增辦第4期續租案件；,RPUNMLSJNHLGFCD88CC,獨立套房,有,1150510~1160109,有,冷氣、熱水器、洗衣機、電視機、冰箱,社會住宅代管
東區,租賃房屋,臺南市東區林森路二段２１８號,0.0,,,,1150429,土地0建物1車位0,一層,12,店面(店鋪),住家用,鋼筋混凝土造,0730118,92.94,0,1,1,有,有,無,36000,387,,0.0,0,租金總額含管理費；,RPVNMLSJNHLGFCD98CC,,有,1150601~1180531,有,,
南區,租賃房屋,臺南市南區健康路二段１１６巷１４號,0.0,,,,1150506,土地0建物0車位0,全,2,透天厝,住家用,加強磚造,0620122,13.22,5,0,5,有,無,有,6000,454,,0.0,0,租金總額含水費；,RPWNMLSJNHLGFCD09CC,分租套房,無,1150510~1160509,無,冷氣、洗衣機、電視機、冰箱,
東區,租賃房屋,臺南市東區東安路７６巷１７之４號,0.0,,,,1150507,土地0建物1車位0,五層,5,公寓(5樓含以下無電梯),住家用,鋼筋混凝土造,0730109,88.42,3,2,2,有,無,有,11000,124,,0.0,0,多人共同承租3；,RPXNMLSJNHLGFCD56CC,整棟(戶)出租,無,1150601~1160531,無,冷氣、熱水器、洗衣機、電視機、冰箱,一般代管
東區,租賃房屋,臺南市東區中華東路二段１９７號十七樓之３,0.0,,,,1150429,土地0建物1車位0,十七層,20,住宅大樓(11層含以上有電梯),住家用,鋼筋混凝土造,0841106,75.06,2,2,1,有,有,有,15000,200,,0.0,0,台南市社會住宅包租代管公會版增辦第4期多人共同承租2；續租案件；,RPOOMLSJNHLGFCD38CC,整棟(戶)出租,有,1150601~1160531,有,冷氣、熱水器、洗衣機、電視機、冰箱,社會住宅代管
南區,租賃房屋,臺南市南區新建路２４巷１號十三樓之１,0.0,,,,1150421,土地0建物1車位0,十三層,16,住宅大樓(11層含以上有電梯),集合住宅,鋼筋混凝土造,0850727,186.07999999999998,4,2,2,有,有,有,17000,91,,0.0,0,國家住宅及都市更新中心社會住宅包租代管中央版第五期計畫租金總額含管理費；,RPPOMLSJNHLGFCD48CC,整棟(戶)出租,有,1150511~1160510,有,熱水器、洗衣機、電視機、冰箱,社會住宅代管
南區,租賃房屋+車位,臺南市南區賢南街１１６號,0.0,,,,1150505,土地0建物1車位1,全,3,透天厝,住商用,鋼筋混凝土造,0681123,209.83,4,2,2,有,無,有,17000,81,一樓平面,0.0,2000,臺南市不動產租賃公會民間住宅包租代管第五期計畫之物件。未租賃車位，建物登記含有車位面積；,RPQOMLSJNHLGFCD58CC,整棟(戶)出租,無,1150505~1180504,無,冷氣、熱水器、洗衣機、電視機、冰箱、瓦斯或天然氣,社會住宅包租轉租
南區,租賃房屋,臺南市南區大同路二段４８２巷８０號七樓之１,0.0,,,,1150422,土地0建物1車位0,七層,11,住宅大樓(11層含以上有電梯),集合住宅,鋼筋混凝土造,1140124,158.22,3,2,2,有,有,有,25000,158,,0.0,0,國家住宅及都市更新中心社會住宅包租代管中央版第五期計畫未租賃車位，建物登記含有車位面積；,RPROMLSJNHLGFCD68CC,整棟(戶)出租,有,1150601~1180531,有,冷氣、熱水器、瓦斯或天然氣,社會住宅代管
東區,租賃房屋,臺南市東區裕豐街１４２巷１之３號,0.0,,,,1150410,土地0建物0車位0,四層,5,公寓(5樓含以下無電梯),住家用,鋼筋混凝土造,0710218,60.0,3,3,3,有,無,有,13000,217,,0.0,0,多人共同承租2；,RPSOMLSJNHLGFCD78CC,分租套房,無,1150415~1160414,無,冷氣、熱水器、洗衣機、電視機、冰箱、網路,一般轉租
東區,租賃房屋+車位,臺南市東區崇德二十街７２號２樓,0.0,,,,1150508,土地0建物1車位1,二層,6,華廈(10層含以下有電梯),住家用,鋼筋混凝土造,0820719,102.60999999999999,2,1,1,有,有,有,17000,166,坡道平面,0.0,0,租金總額含管理費；續租案件；,RPTOMLSJNHLGFCD88CC,整棟(戶)出租,無,1150508~1160508,有,冷氣、熱水器、洗衣機、電視機、冰箱、瓦斯或天然氣,一般代管
東區,租賃房屋,臺南市東區崇明路２７０號８樓之５,0.0,,,,1150430,土地0建物1車位0,八層,15,住宅大樓(11層含以上有電梯),住家用,鋼筋混凝土造,0830825,78.6,2,2,1,有,有,有,19000,242,,0.0,0,參加公會版住宅包租代管五期計畫租金總額含管理費；,RPUOMLSJNHLGFCD98CC,整棟(戶)出租,有,1150501~1180430,有,冷氣、熱水器、洗衣機、電視機、冰箱,社會住宅代管
南區,租賃房屋,臺南市南區府緯街１０７號七樓之７,0.0,,,,1150505,土地0建物1車位0,七層,7,華廈(10層含以下有電梯),住家用,鋼筋混凝土造,0801102,25.69,1,1,1,有,有,有,5600,218,,0.0,0,臺南市不動產租賃公會民間住宅包租代管第五期計畫之物件。,RPVOMLSJNHLGFCD09CC,獨立套房,有,1150505~1160504,有,冷氣、熱水器、電視機、冰箱,社會住宅包租轉租
東區,租賃房屋,臺南市東區裕豐街２９號２樓之２,0.0,,,,1150430,土地0建物1車位0,二層,5,公寓(5樓含以下無電梯),住家用,鋼筋混凝土造,0781124,29.11,1,1,1,有,有,有,5500,189,,0.0,0,參加公會版住宅包租代管五期計畫租金總額含管理費；,RPWOMLSJNHLGFCD56CC,獨立套房,有,1150501~1160430,無,冷氣、熱水器、洗衣機、冰箱,社會住宅代管
東區,租賃房屋,臺南市東區裕農路７２６巷８弄３之１號,0.0,,,,1150430,土地0建物1車位0,二層,5,公寓(5樓含以下無電梯),住家用,鋼筋混凝土造,0700919,99.09,3,2,2,有,無,有,18000,182,,0.0,0,參加公會版住宅包租代管五期計畫,RPXOMLSJNHLGFCD66CC,整棟(戶)出租,無,1150501~1160430,無,冷氣、熱水器、洗衣機、冰箱,社會住宅代管
東區,租賃房屋,臺南市東區光華街２２９巷１２號四樓之１,0.0,,,,1150504,土地0建物1車位0,四層,4,公寓(5樓含以下無電梯),住家用,鋼筋混凝土造,0670906,84.72,3,2,1,有,無,有,13000,153,,0.0,0,台南市不動產租賃公會民間住宅包租代管第5期計畫。續租案件；,RPOPMLSJNHLGFCD48CC,整棟(戶)出租,無,1150508~1160507,無,冷氣、熱水器、洗衣機、冰箱、瓦斯或天然氣,社會住宅包租轉租
柳營區,租賃房屋,臺南市柳營區柳營路一段５３５號３樓之５,0.0,,,,1150429,土地0建物1車位0,三層,5,華廈(10層含以下有電梯),集合住宅,鋼筋混凝土造,1140414,77.65,2,2,2,有,無,有,11000,142,,0.0,0,參加公會版住宅包租代管五期計畫,RPPNMLSJNHLGFDD48CC,整棟(戶)出租,無,1150501~1160430,有,冷氣、熱水器、洗衣機、電視機、冰箱,社會住宅代管
佳里區,租賃房屋,臺南市佳里區佳里興４２８之１１號,0.0,,,,1150501,土地0建物1車位0,全,3,透天厝,住家用,鋼筋混凝土造,1040903,197.54,6,2,4,有,無,有,30000,152,,0.0,0,,RPPNMLSJNHLGFGD78CC,整棟(戶)出租,無,1150515~1170514,無,冷氣、熱水器、洗衣機、電視機、冰箱、瓦斯或天然氣,
新市區,租賃房屋,臺南市新市區永就１５之６５號,0.0,,,,1150502,土地0建物0車位0,全,4,透天厝,住宅、門廊,鋼筋混凝土造,1011205,20.01,7,0,7,有,無,有,5500,275,,0.0,0,租金總額含網路費；,RPPNMLSJNHLGFHD88CC,分租套房,無,1150504~1151103,無,冷氣、熱水器、洗衣機、電視機、冰箱、有線電視、網路,一般代管
善化區,租賃房屋,臺南市善化區四維路２６號,0.0,,,,1150428,土地0建物1車位0,全,4,透天厝,住家用,鋼筋混凝土造,1031222,261.49,6,0,6,有,無,有,15000,57,,0.0,0,台南市社會住宅包租代管公會版增辦第4期多人共同承租2；,RPQNMLSJNHLGFHD98CC,整棟(戶)出租,無,1150525~1160524,無,冷氣、熱水器、洗衣機、電視機、冰箱、瓦斯或天然氣,社會住宅代管
新市區,租賃房屋,臺南市新市區中正路３２３巷３６弄２號五樓之１,0.0,,,,1150410,土地0建物1車位0,五層,7,華廈(10層含以下有電梯),住家用,鋼筋混凝土造,0820707,92.87,3,2,2,有,有,有,17100,184,,0.0,0,台南市社會住宅包租代管第5期計畫中央版租金依照租金水準區間表評定,RPRNMLSJNHLGFHD09CC,整棟(戶)出租,有,1150417~1180416,有,冷氣、熱水器、洗衣機、冰箱,社會住宅代管
安定區,租賃房屋,臺南市安定區許中營２６之８號三樓之１,0.0,,,,1150413,土地0建物1車位0,三層,5,華廈(10層含以下有電梯),集合住宅,鋼筋混凝土造,1101004,94.98,2,2,2,有,有,有,15000,158,,0.0,0,台南市社會住宅包租代管第5期計畫中央版租金依照租金水準區間表評定多人共同承租2；未租賃車位，建物登記含有車位面積；,RPSNMLSJNHLGFHD56CC,整棟(戶)出租,有,1150430~1180429,有,冷氣、熱水器、洗衣機、電視機、冰箱,社會住宅包租轉租
仁德區,租賃房屋,臺南市仁德區太子村太子廟２２７之１２９號,0.0,,,,1150506,土地0建物1車位0,全,2,透天厝,住商用,加強磚造,0710225,100.0,2,1,2,有,無,有,7500,75,,0.0,0,台南市社會住宅包租代管 增辦第四期計畫公會版；水、電費由承租人負擔。續租案件；,RPRNMLSJNHLGFID56CC,整棟(戶)出租,無,1150515~1160514,無,熱水器、洗衣機、電視機、冰箱,社會住宅代管
仁德區,租賃房屋,臺南市仁德區中正西路４００號３樓之２２,0.0,,,,1150429,土地0建物1車位0,三層,4,華廈(10層含以下有電梯),辦公室,鋼筋混凝土造,0960920,13.629999999999999,1,1,1,有,有,有,3650,268,,0.0,0,租金總額含管理費；,RPUNMLSJNHLGFID86CC,整棟(戶)出租,有,1150505~1160504,有,冷氣、熱水器、電視機、冰箱,
歸仁區,租賃房屋,臺南市歸仁區文化北一街６３號,0.0,,,,1150410,土地0建物1車位0,全,2,透天厝,住商用,加強磚造,0690211,102.5,4,2,2,有,無,有,18000,176,,0.0,0,台南市社會住宅包租代管增辦第4期計畫公會版租金依照租金水準區間表評定續租案件；,RPWNMLSJNHLGFID07CC,整棟(戶)出租,無,1150520~1160519,無,冷氣、熱水器、洗衣機、電視機、冰箱,社會住宅代管
永康區,租賃房屋+車位,臺南市永康區新行街２９１巷２２弄３號二樓之５,0.0,,,,1150425,土地0建物1車位1,二層,9,華廈(10層含以下有電梯),集合住宅,鋼筋混凝土構造,1100331,156.79,3,2,2,有,有,有,24038,153,坡道平面,0.0,0,租金已扣除每月管理費2962元,RPPNMLSJNHLGFKD56CC,整棟(戶)出租,有,1150501~1160430,有,冷氣、熱水器、洗衣機、電視機、冰箱、瓦斯或天然氣,
永康區,租賃房屋+車位,臺南市永康區永榮二街１０６號六樓之３,0.0,,,,1150504,土地0建物1車位1,六層,14,住宅大樓(11層含以上有電梯),集合住宅,鋼筋混凝土造,1140718,126.53,2,2,1,有,有,有,22000,209,坡道平面,30.63,2000,另有管理費3000元，由承租人負擔。多人共同承租2；,RPQNMLSJNHLGFKD66CC,整棟(戶)出租,有,1150515~1160514,有,冷氣、熱水器、洗衣機、冰箱、瓦斯或天然氣,社會住宅代管
永康區,租賃房屋,臺南市永康區中華路６１９巷２２弄２２號,0.0,,,,1150430,土地0建物0車位0,全,3,透天厝,住商用,鋼筋混凝土造,0770806,29.75,7,0,7,有,無,有,8000,269,,0.0,0,多人共同承租2；租金總額含網路費；續租案件；,RPRNMLSJNHLGFKD76CC,分租套房,無,1150507~1160506,無,冷氣、熱水器、電視機、冰箱、有線電視、網路,一般代管
永康區,租賃房屋,臺南市永康區新民街８號,0.0,,,,1150430,土地0建物0車位0,全,4,透天厝,住商用,鋼筋混凝土造,0971030,16.0,8,0,8,有,無,有,5000,313,,0.0,0,租金總額含水費；網路費；其他有線電視或MOD；續租案件；,RPSNMLSJNHLGFKD86CC,分租套房,無,1150701~1160630,無,冷氣、熱水器、電視機、冰箱、有線電視、網路,一般代管
永康區,租賃房屋,臺南市永康區大灣路９４２巷７１弄７９號,0.0,,,,1150415,土地0建物1車位0,全,1,透天厝,住家用,磚造,0630301,63.67,2,2,1,有,無,有,13000,204,,0.0,0,台南市社會住宅包租代管公會版增辦第4期多人共同承租2；續租案件；,RPTNMLSJNHLGFKD96CC,整棟(戶)出租,無,1150515~1160514,無,冷氣、熱水器、洗衣機、電視機、冰箱,社會住宅代管
永康區,租賃房屋,臺南市永康區中華路１５４巷４２號,0.0,,,,1150502,土地0建物0車位0,全,2,透天厝,住家用,加強磚造,0641209,12.49,5,0,5,有,無,有,6000,480,,0.0,0,租金總額含網路費；續租案件；,RPUNMLSJNHLGFKD07CC,分租套房,無,1150601~1150731,無,冷氣、熱水器、電視機、冰箱、有線電視、網路,一般代管
永康區,租賃房屋,臺南市永康區富強路二段６６號,0.0,,,,1150505,土地0建物0車位0,全,3,透天厝,店舖，住宅,鋼筋混凝土構造,1120224,25.54,4,0,4,有,無,有,11500,450,,0.0,0,多人共同承租2；租金總額含網路費；其他有線電視或MOD；續租案件；,RPWNMLSJNHLGFKD27CC,分租套房,無,1150701~1151130,無,冷氣、熱水器、洗衣機、電視機、冰箱、有線電視、網路,一般代管
永康區,租賃房屋,臺南市永康區鹽行路６９巷１號,0.0,,,,1150504,土地0建物0車位0,全,4,透天厝,住宅，停車空間,鋼筋混凝土構造,1020821,19.83,11,0,11,有,無,有,5500,277,,0.0,0,租金總額含網路費；續租案件；,RPXNMLSJNHLGFKD37CC,分租套房,無,1150517~1150616,無,冷氣、熱水器、洗衣機、電視機、冰箱、有線電視、網路,一般代管
永康區,租賃房屋,臺南市永康區大灣路７６４巷５６號４樓之１９,0.0,,,,1150506,土地0建物1車位0,四層,6,華廈(10層含以下有電梯),辦公室,鋼筋混凝土造,0940708,16.73,1,0,1,有,有,有,4000,239,,0.0,0,含增建或未登記建物；續租案件；,RPOOMLSJNHLGFKD56CC,獨立套房,有,1150601~1160531,有,冷氣、熱水器、電視機、冰箱、網路,一般代管
永康區,租賃房屋,臺南市永康區大灣路７６４巷５６號４樓之２０,0.0,,,,1150505,土地0建物1車位0,四層,6,華廈(10層含以下有電梯),辦公室,鋼筋混凝土造,0940708,16.73,1,0,1,有,有,有,4000,239,,0.0,0,含增建或未登記建物；,RPPOMLSJNHLGFKD66CC,獨立套房,有,1150505~1151104,有,冷氣、熱水器、電視機、冰箱、網路,一般代管
永康區,租賃房屋,臺南市永康區復興路２４６巷６號二十六樓之６,0.0,,,,1150505,土地0建物1車位0,二十六層,26,住宅大樓(11層含以上有電梯),集合住宅,鋼筋混凝土構造,1101229,116.02000000000001,2,1,1,有,有,有,18500,159,,0.0,0,台南市社會住宅包租代管 第四期計畫公會版；水、電、瓦斯費由承租人負擔，租金已扣除管理費  1500  元。多人共同承租2；未租賃車位，建物登記含有車位面積；,RPROMLSJNHLGFKD86CC,整棟(戶)出租,有,1150510~1160509,有,冷氣、熱水器、洗衣機、冰箱、瓦斯或天然氣,社會住宅代管
永康區,租賃房屋,臺南市永康區東橋五路１８０號十四樓之２,0.0,,,,1150423,土地0建物1車位0,十四層,15,住宅大樓(11層含以上有電梯),集合住宅,鋼筋混凝土構造,1120818,81.03999999999999,1,1,1,有,有,有,16000,197,,0.0,0,臺南市不動產租賃公會民間住宅包租代管第五期計畫之物件。,RPSOMLSJNHLGFKD96CC,整棟(戶)出租,有,1150501~1160430,有,冷氣、熱水器、洗衣機、電視機、冰箱、瓦斯或天然氣,社會住宅包租轉租
永康區,租賃房屋,臺南市永康區忠義街６０巷１號６樓之５,0.0,,,,1150428,土地0建物1車位0,六層,15,住宅大樓(11層含以上有電梯),辦公室。,鋼筋混凝土造,0840331,108.46000000000001,1,1,1,有,有,有,17500,161,,0.0,0,租金總額含管理費；未租賃車位，建物登記含有車位面積；,RPTOMLSJNHLGFKD07CC,整棟(戶)出租,有,1150510~1160509,有,冷氣、熱水器、洗衣機、電視機、冰箱、瓦斯或天然氣,
永康區,租賃房屋,臺南市永康區復興路２４６巷６號三樓之１,0.0,,,,1150410,土地0建物1車位0,三層,26,住宅大樓(11層含以上有電梯),集合住宅,鋼筋混凝土構造,1101229,211.37,5,2,2,有,有,有,29000,137,,0.0,0,台南市社會住宅包租代管第5期計畫中央版租金依照租金水準區間表評定未租賃車位，建物登記含有車位面積；,RPUOMLSJNHLGFKD17CC,整棟(戶)出租,有,1150420~1160419,有,冷氣、熱水器、洗衣機、電視機、冰箱、瓦斯或天然氣,社會住宅代管
永康區,租賃房屋,臺南市永康區中華路１９６之１１號,0.0,,,,1150423,土地0建物2車位0,八層,16,其他,辦公室。,鋼筋混凝土造,0790317,369.97,3,0,2,有,無,無,30000,81,,0.0,0,租金總額含管理費；水費；電費；含有多個門牌且未個別計算租金台南市永康區中華路196之10號；,RPVOMLSJNHLGFKD27CC,,有,1150614~1240413,有,,
永康區,租賃房屋,臺南市永康區大橋里中華路８６２號六樓之３,0.0,,,,1150410,土地0建物1車位0,六層,8,華廈(10層含以下有電梯),住家用,鋼筋混凝土造,0861015,35.599999999999994,1,1,1,有,有,有,6000,169,,0.0,0,台南市社會住宅包租代管第4期計畫公會版租金依照租金水準區間表評定續租案件；,RPWOMLSJNHLGFKD37CC,獨立套房,有,1150501~1160430,有,冷氣、熱水器、洗衣機、電視機、冰箱,社會住宅代管
南區,租賃房屋,臺南市南區大同路二段５０４號,0.0,,,,1150506,土地0建物1車位0,見其他登記事項,2,店面(店鋪),住家用,磚造,0530101,82.7,3,1,2,有,無,無,28000,339,,0.0,0,含增建或未登記建物；租賃期間有約定不同租金租賃滿二年第三年起調整為月租三萬元；,RPPNMLSJNHLGFCD48DC,,無,1150701~1200630,無,,
安平區,租賃房屋,臺南市安平區健康路三段３１７號七樓之５,0.0,,,,1150414,土地0建物1車位0,七層,27,住宅大樓(11層含以上有電梯),集合住宅,鋼筋混凝土構造,1051109,158.85000000000002,3,2,2,有,有,有,19000,120,,0.0,0,台南市社會住宅包租代管第5期計畫中央版租金依照租金水準區間表評定多人共同承租2；未租賃車位，建物登記含有車位面積；,RPPNMLTJNHLGFAD28CC,整棟(戶)出租,有,1150501~1180430,有,冷氣、熱水器、洗衣機、電視機、冰箱、瓦斯或天然氣,社會住宅包租轉租
北區,租賃房屋,臺南市北區旭日街１２０巷１６號四樓之２,0.0,,,,1150412,土地0建物1車位0,四層,11,住宅大樓(11層含以上有電梯),集合住宅,鋼筋混凝土造,0911115,144.57999999999998,3,2,2,有,有,有,23000,159,,0.0,0,台南市社會住宅包租代管增辦第4期計畫公會版租金依照租金水準區間表評定續租案件；,RPQNMLTJNHLGFAD38CC,整棟(戶)出租,有,1150416~1160415,有,冷氣、熱水器、洗衣機、冰箱、瓦斯或天然氣,社會住宅代管
安南區,租賃房屋,臺南市安南區慈興七街９號３樓之２,0.0,,,,1150509,土地0建物1車位0,三層,5,華廈(10層含以下有電梯),集合住宅,鋼筋混凝土造,1110601,95.28999999999999,2,1,1,有,有,有,17000,178,,0.0,0,115年5月9日~115年6月1日為搬遷期多人共同承租2；租金總額含管理費；未租賃車位，建物登記含有車位面積；,RPPNMLTJNHLGFBD38CC,整棟(戶)出租,有,1150601~1160531,有,冷氣、熱水器、洗衣機、電視機、冰箱,
東區,租賃房屋,臺南市東區林森路一段１５１號十四樓之１,0.0,,,,1150415,土地0建物1車位0,十四層,22,住宅大樓(11層含以上有電梯),住家用,鋼筋混凝土造,0800111,134.71,3,2,2,有,有,有,18000,134,,0.0,0,台南市社會住宅包租代管第5期計畫中央版租金依照租金水準區間表評定,RPPNMLTJNHLGFCD48CC,整棟(戶)出租,有,1150421~1180420,有,冷氣、熱水器、冰箱、瓦斯或天然氣,社會住宅包租轉租
永康區,租賃房屋,臺南市永康區永康里永中街２０號六樓,0.0,,,,1150428,土地0建物1車位0,六層,7,華廈(10層含以下有電梯),住家用,鋼筋混凝土造,0821110,97.08,3,2,2,有,有,有,14000,144,,0.0,0,台南市社會住宅包租代管第5期計畫中央版租金依照租金水準區間表評定,RPPNMLTJNHLGFKD66CC,整棟(戶)出租,有,1150505~1180504,有,冷氣、熱水器、洗衣機、電視機、冰箱,社會住宅包租轉租
永康區,租賃房屋,臺南市永康區東橋七路１９９號四樓之２,0.0,,,,1150415,土地0建物1車位0,四層,16,住宅大樓(11層含以上有電梯),住家用,鋼筋混凝土構造,1061114,87.69,2,2,1,有,有,有,17500,200,,0.0,0,台南市社會住宅包租代管第5期計畫中央版租金依照租金水準區間表評定,RPQNMLTJNHLGFKD76CC,整棟(戶)出租,有,1150423~1180422,有,冷氣、熱水器、洗衣機、電視機、冰箱、瓦斯或天然氣,社會住宅包租轉租
永康區,租賃房屋,臺南市永康區五王里南工街２４７巷６弄２號五樓,0.0,,,,1150420,土地0建物1車位0,五層,5,公寓(5樓含以下無電梯),住家用,鋼筋混凝土造,0820119,111.12,3,2,2,有,有,有,18000,162,,0.0,0,台南市社會住宅包租代管第5期計畫中央版租金依照租金水準區間表評定,RPRNMLTJNHLGFKD86CC,整棟(戶)出租,有,1150429~1180428,無,冷氣、熱水器、洗衣機、冰箱、瓦斯或天然氣,社會住宅包租轉租
永康區,租賃房屋,臺南市永康區中山南路１９５巷３２之１３號十樓之三,0.0,,,,1150422,土地0建物1車位0,十層,11,住宅大樓(11層含以上有電梯),住家用,鋼筋混凝土造,0880317,65.61,3,1,1,有,有,有,11000,168,,0.0,0,台南市社會住宅包租代管第5期計畫中央版租金依照租金水準區間表評定,RPSNMLTJNHLGFKD96CC,整棟(戶)出租,有,1150520~1180519,有,冷氣、熱水器、洗衣機、電視機、冰箱、瓦斯或天然氣,社會住宅包租轉租
永康區,租賃房屋,臺南市永康區安康里大橋一街４７之５號三樓之１,0.0,,,,1150411,土地0建物1車位0,三層,14,住宅大樓(11層含以上有電梯),住家用,鋼筋混凝土造,0880824,116.36000000000001,3,2,2,有,有,有,16800,144,,0.0,0,台南市社會住宅包租代管第5期計畫中央版租金依照租金水準區間表評定未租賃車位，建物登記含有車位面積；,RPTNMLTJNHLGFKD07CC,整棟(戶)出租,有,1150420~1180419,有,冷氣、熱水器、瓦斯或天然氣,社會住宅代管
北區,租賃房屋,臺南市北區開元路４８５巷４１弄８號十一樓之１,0.0,,,,1150426,土地0建物1車位0,十一層,14,住宅大樓(11層含以上有電梯),集合住宅,鋼筋混凝土造,0891120,73.28,2,2,1,有,有,有,15000,205,,0.0,0,參加國家住宅及都市更新中心辦理社會住宅包租代管第4期計畫公會版租金總額含管理費；續租案件；,RPPNMLKKNHLGFAD47CC,整棟(戶)出租,有,1150426~1160425,有,冷氣、熱水器、洗衣機、電視機、冰箱,社會住宅代管
安平區,租賃房屋,臺南市安平區建平八街４５０巷３７號六樓,0.0,,,,1150417,土地0建物1車位0,六層,7,華廈(10層含以下有電梯),住家用,鋼筋混凝土造,0811007,89.00999999999999,3,2,2,有,有,有,15000,169,,0.0,0,參加國家住宅及都市更新中心辦理社會住宅包租代管增辦第4期計畫公會版租金總額含管理費；續租案件；,RPSNMLKKNHLGFAD77CC,整棟(戶)出租,有,1150515~1170514,有,冷氣、熱水器、洗衣機、電視機、冰箱,社會住宅包租轉租
中西區,租賃房屋,臺南市中西區忠義路二段３８巷６號六樓之１,0.0,,,,1150421,土地0建物1車位0,六層,6,華廈(10層含以下有電梯),住家用,鋼筋混凝土造,0701224,59.04,1,1,1,有,有,有,7000,119,,0.0,0,參加國家住宅及都市更新中心辦理社會住宅包租代管增辦第4期計畫公會版續租案件；,RPTNMLKKNHLGFAD87CC,獨立套房,有,1150501~1160430,有,冷氣、熱水器、洗衣機、電視機、冰箱,社會住宅代管
北區,租賃房屋,臺南市北區崇安街７０巷８之３號,0.0,,,,1150421,土地0建物1車位0,四層,5,公寓(5樓含以下無電梯),住家用,鋼筋混凝土造,0721207,97.36,3,1,2,有,無,有,13000,134,,0.0,0,參加國家住宅及都市更新中心辦理社會住宅包租代管增辦第4期計畫公會版續租案件；,RPUNMLKKNHLGFAD97CC,整棟(戶)出租,無,1150505~1160504,無,冷氣、熱水器、洗衣機、電視機、冰箱,社會住宅代管
中西區,租賃房屋,臺南市中西區民權路一段１６巷２號,0.0,,,,1150422,土地0建物1車位0,全,2,透天厝,住家用,加強磚造,0570430,86.36,4,1,3,有,無,有,15000,174,,0.0,0,參加國家住宅及都市更新中心辦理社會住宅包租代管增辦第4期計畫公會版多人共同承租2；續租案件；,RPWNMLKKNHLGFAD18CC,整棟(戶)出租,無,1150501~1160430,無,冷氣、熱水器、洗衣機、電視機、冰箱,社會住宅代管
安南區,租賃房屋,臺南市安南區府安路６段４５巷２號,0.0,,,,1150507,土地0建物0車位0,全,3,透天厝,住商用,鋼筋混凝土造,0700904,18.39,6,0,6,有,無,有,8400,457,,0.0,0,,RPPNMLKKNHLGFBD57CC,分租套房,無,1150515~1160531,無,冷氣、熱水器、洗衣機、電視機、冰箱、網路,一般轉租
安南區,租賃房屋,臺南市安南區府安路６段４５巷６號,0.0,,,,1150507,土地0建物0車位0,全,3,透天厝,住商用,鋼筋混凝土造,0700904,22.35,6,0,6,有,無,有,12200,546,,0.0,0,多人共同承租2；,RPQNMLKKNHLGFBD67CC,分租套房,無,1150514~1160531,無,冷氣、熱水器、洗衣機、電視機、冰箱、網路,一般轉租
安南區,租賃房屋,臺南市安南區頂安街６８巷３６號,0.0,,,,1150506,土地0建物1車位0,全,4,透天厝,住宅，停車空間,鋼筋混凝土造,0940127,178.14,4,1,3,有,無,有,26000,146,,0.0,0,此為台南市社會住宅包租代管第4期計畫。續租案件；,RPRNMLKKNHLGFBD77CC,整棟(戶)出租,無,1150521~1160520,無,冷氣、熱水器、洗衣機、電視機、冰箱、瓦斯或天然氣,社會住宅代管
東區,租賃房屋,臺南市東區東平路１１３之３號,0.0,,,,1150501,土地0建物1車位0,一層,7,華廈(10層含以下有電梯),商業用,鋼筋混凝土造,0820727,70.75,3,1,1,有,有,有,16000,226,,0.0,0,參加國家住宅及都市更新中心辦理社會住宅包租代管第4期計畫公會版租金總額含管理費；續租案件；,RPPNMLKKNHLGFCD67CC,整棟(戶)出租,有,1150501~1160430,有,冷氣、熱水器,社會住宅代管
東區,租賃房屋,臺南市東區崇德路２６０號六樓之７,0.0,,,,1150422,土地0建物1車位0,六層,12,住宅大樓(11層含以上有電梯),住家用,鋼筋混凝土造,0810813,30.950000000000003,1,1,1,有,有,有,5000,162,,0.0,0,參加國家住宅及都市更新中心辦理社會住宅包租代管增辦第4期計畫公會版租金總額含管理費；續租案件；,RPRNMLKKNHLGFCD87CC,獨立套房,有,1150510~1170509,有,冷氣、熱水器、電視機、冰箱,社會住宅包租轉租
東區,租賃房屋,臺南市東區東寧路５３８巷５號三樓之２,0.0,,,,1150430,土地0建物1車位0,三層,7,華廈(10層含以下有電梯),住家用,鋼筋混凝土造,0780425,23.75,1,1,1,有,有,有,5800,244,,0.0,0,參加國家住宅及都市更新中心辦理社會住宅包租代管增辦第4期計畫公會版租金總額含管理費；,RPSNMLKKNHLGFCD97CC,獨立套房,有,1150501~1160125,有,冷氣、熱水器、洗衣機、冰箱,社會住宅代管
東區,租賃房屋,臺南市東區仁東街１９號六樓之３,0.0,,,,1150504,土地0建物1車位0,六層,14,住宅大樓(11層含以上有電梯),住家用,鋼筋混凝土造,0871218,92.22,2,1,1,有,有,有,14400,156,,0.0,0,參加國家住宅及都市更新中心辦理社會住宅包租代管增辦第4期計畫公會版未租賃車位，建物登記含有車位面積；續租案件；,RPTNMLKKNHLGFCD08CC,整棟(戶)出租,有,1150504~1160503,有,冷氣、熱水器、電視機、冰箱,社會住宅代管
鹽水區,租賃房屋,臺南市鹽水區土庫８４號三樓之十七,0.0,,,,1150424,土地0建物1車位0,三層,4,公寓(5樓含以下無電梯),住家用,鋼筋混凝土造,0820401,30.04,1,1,1,有,無,有,5800,193,,0.0,0,參加國家住宅及都市更新中心辦理社會住宅包租代管第5期計畫中央版,RPPNMLKKNHLGFDD77CC,獨立套房,無,1150501~1160430,無,冷氣、熱水器、洗衣機、冰箱,社會住宅代管
六甲區,租賃房屋,臺南市六甲區中山路４３巷５６之３號,0.0,,,,1150424,土地0建物1車位0,全,4,透天厝,住家用,鋼筋混凝土造,0870721,180.21,3,2,2,有,無,有,18000,100,,0.0,0,參加國家住宅及都市更新中心辦理社會住宅包租代管第5期計畫中央版,RPPNMLKKNHLGFFD97CC,整棟(戶)出租,無,1150425~1160424,無,冷氣、熱水器、洗衣機、電視機、冰箱,社會住宅代管
官田區,租賃房屋,臺南市官田區復興街１２２號,0.0,,,,1150430,土地0建物1車位0,全,2,透天厝,住家用,加強磚造,0730423,109.23,3,1,3,有,無,有,13000,119,,0.0,0,參加國家住宅及都市更新中心辦理社會住宅包租代管第5期計畫中央版多人共同承租3；,RPQNMLKKNHLGFFD08CC,整棟(戶)出租,無,1150501~1160430,無,冷氣、熱水器、洗衣機、電視機、冰箱,社會住宅代管
安定區,租賃房屋,臺南市安定區許中營９０之２６號二樓之２,0.0,,,,1150421,土地0建物1車位0,二層,9,華廈(10層含以下有電梯),集合住宅,鋼筋混凝土造,1100225,83.72,2,1,2,有,有,有,15000,179,,0.0,0,參加國家住宅及都市更新中心辦理社會住宅包租代管第4期計畫公會版續租案件；,RPPNMLKKNHLGFHD18CC,整棟(戶)出租,有,1150501~1160410,有,冷氣、熱水器、洗衣機、電視機、冰箱,社會住宅代管
仁德區,租賃房屋,臺南市仁德區中正路二段１８７巷２３號二樓之２,0.0,,,,1150504,土地0建物1車位0,二層,5,華廈(10層含以下有電梯),集合住宅,鋼筋混凝土造,1121130,72.67,2,1,1,有,有,有,16000,220,,0.0,0,參加國家住宅及都市更新中心辦理社會住宅包租代管增辦第4期計畫公會版,RPPNMLKKNHLGFID28CC,整棟(戶)出租,有,1150504~1160503,有,冷氣、熱水器、洗衣機、冰箱,社會住宅代管
永康區,租賃房屋+車位,臺南市永康區北灣里大同街６３號四樓之５,0.0,,,,1150417,土地0建物1車位1,四層,7,華廈(10層含以下有電梯),住家用,鋼筋混凝土造,0820609,132.46,1,0,1,有,有,有,14000,106,坡道平面,0.0,0,參加國家住宅及都市更新中心辦理社會住宅包租代管第4期計畫公會版續租案件；,RPQNMLKKNHLGFKD58CC,獨立套房,有,1150515~1160514,有,冷氣、熱水器,社會住宅包租轉租
永康區,租賃房屋,臺南市永康區尚頂里南台街１７０號七樓之１０,0.0,,,,1150424,土地0建物1車位0,七層,7,華廈(10層含以下有電梯),住家用,鋼筋混凝土造,0850130,28.009999999999998,1,1,1,有,有,有,5700,203,,0.0,0,參加國家住宅及都市更新中心辦理社會住宅包租代管增辦第4期計畫公會版租金總額含管理費；續租案件；,RPTNMLKKNHLGFKD88CC,獨立套房,有,1150501~1170430,有,冷氣、熱水器、洗衣機、電視機、冰箱,社會住宅包租轉租
永康區,租賃房屋,臺南市永康區中華西街１２７巷１６之１號,0.0,,,,1150421,土地0建物1車位0,二層,5,公寓(5樓含以下無電梯),住家用,鋼筋混凝土造,0701211,105.05,3,2,1,有,無,有,12000,114,,0.0,0,參加國家住宅及都市更新中心辦理社會住宅包租代管增辦第4期計畫公會版多人共同承租2；,RPUNMLKKNHLGFKD98CC,整棟(戶)出租,無,1150515~1160514,無,冷氣、熱水器、洗衣機、電視機、冰箱,社會住宅代管
永康區,租賃房屋,臺南市永康區新興街３５巷１５弄８之８號二樓,0.0,,,,1150421,土地0建物1車位0,二層,5,華廈(10層含以下有電梯),住家用,鋼筋混凝土造,0800123,69.41,2,1,1,有,有,有,10000,144,,0.0,0,參加國家住宅及都市更新中心辦理社會住宅包租代管增辦第4期計畫公會版多人共同承租2；,RPVNMLKKNHLGFKD09CC,整棟(戶)出租,有,1150510~1160509,有,冷氣、熱水器、洗衣機、電視機、冰箱,社會住宅代管
永康區,租賃房屋,臺南市永康區大橋里中華路８６２號八樓之９,0.0,,,,1150430,土地0建物1車位0,八層,8,華廈(10層含以下有電梯),住家用,鋼筋混凝土造,0861015,32.16,1,1,1,有,有,有,14500,451,,0.0,0,參加國家住宅及都市更新中心辦理社會住宅包租代管增辦第4期計畫公會版續租案件；,RPWNMLKKNHLGFKD56CC,獨立套房,有,1150501~1160430,有,冷氣、熱水器、洗衣機、電視機、冰箱,社會住宅代管
永康區,租賃房屋,臺南市永康區埔園里龍埔街５５０號七樓之３,0.0,,,,1150426,土地0建物1車位0,七層,8,華廈(10層含以下有電梯),住家用,鋼筋混凝土造,0840812,76.25,2,1,1,有,有,有,12000,157,,0.0,0,參加國家住宅及都市更新中心辦理社會住宅包租代管增辦第4期計畫公會版租金總額含管理費；,RPXNMLKKNHLGFKD66CC,整棟(戶)出租,有,1150501~1160430,有,冷氣、熱水器、洗衣機、電視機,社會住宅代管
永康區,租賃房屋,臺南市永康區中華路７巷２０弄３８號十一樓之３,0.0,,,,1150421,土地0建物1車位0,十一層,17,住宅大樓(11層含以上有電梯),住家用,鋼筋混凝土造,0840407,70.62,2,2,1,有,有,有,18000,255,,0.0,0,參加國家住宅及都市更新中心辦理社會住宅包租代管第5期計畫中央版多人共同承租2；,RPPOMLKKNHLGFKD58CC,整棟(戶)出租,有,1150507~1160506,有,冷氣、熱水器、洗衣機、電視機、冰箱,社會住宅代管
永康區,租賃房屋,臺南市永康區中華路７巷２０弄３６號六樓之３,0.0,,,,1150428,土地0建物1車位0,六層,17,住宅大樓(11層含以上有電梯),住家用,鋼筋混凝土造,0840407,84.81,2,2,1,有,有,有,9700,114,,0.0,0,參加國家住宅及都市更新中心辦理社會住宅包租代管第5期計畫中央版租金總額含管理費；,RPQOMLKKNHLGFKD68CC,整棟(戶)出租,有,1150502~1160501,有,冷氣、熱水器、洗衣機、冰箱,社會住宅代管
永康區,租賃房屋,臺南市永康區六合里中華路４１３巷１號七樓之五,0.0,,,,1150429,土地0建物1車位0,七層,7,華廈(10層含以下有電梯),住家用,鋼筋混凝土造,0840522,35.78,1,1,1,有,有,有,10900,305,,0.0,0,參加國家住宅及都市更新中心辦理社會住宅包租代管第5期計畫中央版,RPROMLKKNHLGFKD78CC,獨立套房,有,1150501~1160430,有,冷氣、熱水器、洗衣機、電視機、冰箱,社會住宅代管
北區,租賃房屋,臺南市北區公園南路３７０巷７０號八樓,0.0,,,,1150506,土地0建物1車位0,八層,18,住宅大樓(11層含以上有電梯),住家用,鋼筋混凝土造,0840912,33.879999999999995,1,0,1,有,有,有,7930,234,,0.0,0,此為台南市社會住宅包租代管第4期計畫。管理費570元由出租人負擔。續租案件；,RPPNMLLKNHLGFAD57CC,獨立套房,有,1150511~1160510,有,冷氣、熱水器、洗衣機、電視機、冰箱,社會住宅包租轉租
北區,租賃房屋,臺南市北區公園路５９７巷１號五樓之１３,0.0,,,,1150506,土地0建物1車位0,五層,5,公寓(5樓含以下無電梯),住家用,鋼筋混凝土造,0710120,54.82,1,1,1,有,無,有,6500,119,,0.0,0,此為台南市社會住宅包租代管第4期計畫。續租案件；,RPQNMLLKNHLGFAD67CC,獨立套房,無,1150531~1160530,無,冷氣、熱水器、洗衣機、冰箱,社會住宅包租轉租
安平區,租賃房屋,臺南市安平區平豐路４４巷２０號六樓之１,0.0,,,,1150504,土地0建物1車位0,六層,6,華廈(10層含以下有電梯),住家用,鋼筋混凝土造,0820612,110.97,3,1,1,有,有,有,16500,149,,0.0,0,此為台南市社會住宅包租代管第4期計畫。管理費1500元由出租人負擔。未租賃車位，建物登記含有車位面積；續租案件；,RPRNMLLKNHLGFAD77CC,整棟(戶)出租,有,1150510~1160509,有,冷氣、熱水器、洗衣機、電視機、冰箱、瓦斯或天然氣,社會住宅包租轉租
北區,租賃房屋,臺南市北區成功路２號六樓之１９,0.0,,,,1150420,土地0建物1車位0,六層,14,住宅大樓(11層含以上有電梯),住家用,鋼筋混凝土造,0731228,55.1,1,1,1,有,有,有,6000,109,,0.0,0,參加公會版住宅包租代管四之一期計畫?續租案件；,RPTNMLLKNHLGFAD97CC,獨立套房,有,1150420~1160419,有,冷氣、熱水器、洗衣機、電視機、冰箱,社會住宅代管
北區,租賃房屋,臺南市北區開元路４８５巷２４號八樓之１,0.0,,,,1150501,土地0建物1車位0,八層,12,住宅大樓(11層含以上有電梯),住家用,鋼筋混凝土造,0701228,60.62,2,2,1,有,有,有,12000,198,,0.0,0,參加公會版住宅包租代管四之一期計畫多人共同承租2；租金總額含管理費；,RPUNMLLKNHLGFAD08CC,整棟(戶)出租,有,1150501~1160430,有,冷氣、熱水器、洗衣機、電視機、冰箱,社會住宅代管
安平區,租賃房屋,臺南市安平區建平七街５５０號十六樓之５,0.0,,,,1150430,土地0建物1車位0,十六層,22,住宅大樓(11層含以上有電梯),集合住宅,鋼筋混凝土造,1121108,91.59,2,2,2,有,有,有,20000,218,,0.0,0,參加公會版住宅包租代管四之一期計畫?租金總額含管理費；未租賃車位，建物登記含有車位面積；續租案件；,RPWNMLLKNHLGFAD28CC,整棟(戶)出租,有,1150501~1160430,有,冷氣、熱水器、洗衣機、冰箱,社會住宅代管
中西區,租賃房屋,臺南市中西區安平路３１４巷５２弄１０號,0.0,,,,1150501,土地0建物1車位0,全,3,透天厝,住家用,鋼筋混凝土造,0791204,214.05999999999997,3,2,2,有,無,有,17000,79,,0.0,0,參加公會版住宅包租代管四之一期計畫,RPOOMLLKNHLGFAD57CC,整棟(戶)出租,無,1150501~1160430,無,冷氣、熱水器、洗衣機、電視機、冰箱,社會住宅代管
北區,租賃房屋,臺南市北區北園街２６號十樓之６,0.0,,,,1150501,土地0建物1車位0,十層,14,住宅大樓(11層含以上有電梯),國民住宅,鋼筋混凝土造,0870420,64.79,2,2,1,有,有,有,11500,177,,0.0,0,參加公會版住宅包租代管四之一期計畫租金總額含管理費；續租案件；,RPPOMLLKNHLGFAD67CC,整棟(戶)出租,有,1150502~1160501,有,冷氣、熱水器,社會住宅代管
中西區,租賃房屋,臺南市中西區金華路三段２１８號十二樓之８,0.0,,,,1150501,土地0建物1車位0,十二層,18,住宅大樓(11層含以上有電梯),住家用,鋼筋混凝土造,0840704,62.489999999999995,1,0,1,有,有,有,11000,176,,0.0,0,參加公會版住宅包租代管四之一期計畫租金總額含管理費；續租案件；,RPQOMLLKNHLGFAD77CC,獨立套房,有,1150501~1160430,有,冷氣、熱水器、洗衣機、電視機、冰箱,社會住宅代管
中西區,租賃房屋,臺南市中西區忠義路二段１４７巷１０號三樓之２,0.0,,,,1150413,土地0建物1車位0,三層,5,公寓(5樓含以下無電梯),住家用,鋼筋混凝土造,0690723,73.74000000000001,3,2,1,有,無,無,7000,95,,0.0,0,台南市社會住宅包租代管第5期計畫中央版租金依照租金水準區間表評定,RPROMLLKNHLGFAD87CC,整棟(戶)出租,無,1150416~1180415,無,熱水器,社會住宅代管
安平區,租賃房屋,臺南市安平區國平路５９９號十三樓之７,0.0,,,,1150413,土地0建物1車位0,十三層,21,住宅大樓(11層含以上有電梯),住家用,鋼筋混凝土造,0831222,53.900000000000006,1,1,1,有,有,有,13500,250,,0.0,0,台南市社會住宅包租代管第5期計畫中央版租金依照租金水準區間表評定,RPSOMLLKNHLGFAD97CC,獨立套房,有,1150420~1180419,有,冷氣、熱水器、洗衣機、冰箱、瓦斯或天然氣,社會住宅代管
中西區,租賃房屋,臺南市中西區武聖路６９巷９９弄２７號,0.0,,,,1150429,土地0建物1車位0,全,2,透天厝,住家用,加強磚造,0641124,86.0,4,2,2,有,無,有,16000,186,,0.0,0,參加公會版住宅包租代管四之一期計畫續租案件；,RPTOMLLKNHLGFAD08CC,整棟(戶)出租,無,1150501~1170430,無,冷氣、熱水器,社會住宅包租轉租
中西區,租賃房屋,臺南市中西區康樂街１５６號九樓之２１,0.0,,,,1150507,土地0建物1車位0,九層,12,住宅大樓(11層含以上有電梯),住家用,鋼筋混凝土造,0781002,50.01,1,1,1,有,有,有,13800,276,,0.0,0,此為國家住宅及都市更新中心社會住宅包租代管第5期計畫。,RPUOMLLKNHLGFAD18CC,獨立套房,有,1150508~1160507,有,冷氣、熱水器、洗衣機、冰箱、瓦斯或天然氣,社會住宅代管
中西區,租賃房屋,臺南市中西區中成路１８號十八樓之７,0.0,,,,1150430,土地0建物1車位0,十八層,20,住宅大樓(11層含以上有電梯),住家用,鋼筋混凝土造,0860127,76.07000000000001,1,1,1,有,有,有,13000,171,,0.0,0,參加公會版住宅包租代管四期計畫續租案件；,RPVOMLLKNHLGFAD28CC,獨立套房,有,1150501~1160430,有,冷氣、熱水器、洗衣機、冰箱,社會住宅代管
中西區,租賃房屋,臺南市中西區正興街１８號５樓之１２,0.0,,,,1150420,土地0建物1車位0,五層,7,華廈(10層含以下有電梯),住家用,鋼筋混凝土造,0800729,27.54,1,1,1,有,有,有,6500,236,,0.0,0,參加國家住宅及都市更新中心辦理社會住宅包租代管增辦第四期計畫公會版續租案件；,RPWOMLLKNHLGFAD38CC,獨立套房,無,1150505~1160504,有,冷氣、熱水器、洗衣機、電視機、冰箱,社會住宅代管
安平區,租賃房屋+車位,臺南市安平區健康三街１２巷１號２樓６,0.0,,,,1150510,土地0建物1車位1,二層,14,住宅大樓(11層含以上有電梯),集合住宅,鋼筋混凝土造,0890822,91.27000000000001,2,2,1,有,有,有,18000,197,坡道平面,17.4,0,多人共同承租3；租金總額含管理費；,RPXOMLLKNHLGFAD48CC,整棟(戶)出租,有,1150601~1160519,有,冷氣、熱水器、洗衣機、冰箱、瓦斯或天然氣,
中西區,租賃房屋,臺南市中西區康樂街１０２號３樓之１,0.0,,,,1150508,土地0建物1車位0,三層,10,華廈(10層含以下有電梯),商業用,鋼筋混凝土造,0711015,44.56,1,1,1,有,有,有,12000,269,,0.0,0,租金總額含管理費；網路費；,RPOPMLLKNHLGFAD67CC,獨立套房,無,1150508~1160510,有,冷氣、熱水器、洗衣機、電視機、冰箱、網路,
安平區,租賃房屋,臺南市安平區怡平路４４２巷６３之３號,0.0,,,,1150415,土地0建物1車位0,一層,6,華廈(10層含以下有電梯),住家用,鋼筋混凝土造,0820903,111.83000000000001,3,2,3,有,有,有,19800,177,,0.0,0,國家住宅及都市更新中心社會住宅包租代管中央版第五期計畫,RPPPMLLKNHLGFAD77CC,整棟(戶)出租,有,1150501~1180430,有,冷氣、熱水器、洗衣機、冰箱,社會住宅包租轉租
安平區,租賃房屋+車位,臺南市安平區健康二街３２９號,0.0,,,,1150507,土地0建物1車位1,一層,22,店面(店鋪),店舖,鋼筋混凝土造,1121108,135.63,0,2,1,有,有,無,33000,243,坡道平面,25.96,0,自民國115年5月8日起至115年7月7日止，為裝修期，免租金。,RPQPMLLKNHLGFAD87CC,,有,1150508~1200707,有,,
安平區,租賃房屋,臺南市安平區永華路二段３９１號十三樓之５,0.0,,,,1150415,土地0建物1車位0,十三層,22,住宅大樓(11層含以上有電梯),集合住宅,鋼筋混凝土構造,1101213,96.35,2,2,2,有,有,有,18500,192,,0.0,0,參加國家住宅及都市更新中心辦理社會住宅包租代管增辦第四期計畫公會版未租賃車位，建物登記含有車位面積；續租案件；,RPRPMLLKNHLGFAD97CC,整棟(戶)出租,有,1150520~1160519,有,冷氣、熱水器、洗衣機、電視機、冰箱,社會住宅代管
安平區,租賃房屋,臺南市安平區怡平路４４２巷１６之１號,0.0,,,,1150429,土地0建物1車位0,一層,8,華廈(10層含以下有電梯),住家用,鋼筋混凝土造,0820804,113.04,3,2,1,有,有,有,15000,133,,0.0,0,台南市社會住宅包租代管公會版增辦第4期續租案件；,RPSPMLLKNHLGFAD08CC,整棟(戶)出租,有,1150605~1160604,有,冷氣、熱水器、洗衣機、電視機、冰箱,社會住宅代管
北區,租賃房屋,臺南市北區大武街４５６巷６弄１０號,0.0,,,,1150416,土地0建物1車位0,全,2,透天厝,住家用,加強磚造,0720127,104.72,4,2,2,有,無,有,19000,181,,0.0,0,參加國家住宅及都市更新中心辦理社會住宅包租代管第四期計畫公會版續租案件；,RPTPMLLKNHLGFAD18CC,整棟(戶)出租,無,1150520~1160519,無,冷氣、熱水器、瓦斯或天然氣,社會住宅代管
北區,租賃房屋,臺南市北區公園路１７１號,0.0,,,,1150417,土地0建物1車位0,見其他登記事項,11,店面(店鋪),商業用,鋼筋混凝土造,0791110,188.48,0,2,0,有,有,無,23000,122,,0.0,0,1.契約書未約定土地租賃標的。2.承租人承租一樓前面空間及騎樓。3.民國115年4月17日至民國115年6月16日為裝潢期，優惠免收租金。,RPUPMLLKNHLGFAD28CC,,有,1150417~1180616,有,,
安南區,租賃房屋,臺南市安南區安明路四段５５９號二樓之５,0.0,,,,1150413,土地0建物1車位0,二層,5,華廈(10層含以下有電梯),集合住宅,鋼筋混凝土造,1100608,82.15,2,2,2,有,有,有,16000,195,,0.0,0,台南市社會住宅包租代管增辦第3期計畫公會版租金依照租金水準區間表評定,RPPNMLLKNHLGFBD67CC,整棟(戶)出租,有,1150421~1150620,有,冷氣、熱水器、洗衣機、電視機、冰箱,社會住宅代管
安南區,租賃房屋,臺南市安南區樂活一街１２號三樓,0.0,,,,1150428,土地0建物1車位0,三層,19,住宅大樓(11層含以上有電梯),集合住宅,鋼筋混凝土造,1100526,168.68,2,2,2,有,有,有,25000,148,,0.0,0,參加公會版住宅包租代管四期計畫租金總額含管理費；其他停車位管理費；未租賃車位，建物登記含有車位面積；續租案件；,RPRNMLLKNHLGFBD87CC,整棟(戶)出租,有,1150501~1160430,有,冷氣、熱水器、冰箱,社會住宅代管
安南區,租賃房屋,臺南市安南區鎮安六街１２號,127.37,住,,,1150507,土地1建物1車位0,全,4,透天厝,住家用,鋼筋混凝土造,1100108,280.52,5,2,6,有,無,有,50000,178,,0.0,0,多人共同承租5；,RPSNMLLKNHLGFBD97CC,整棟(戶)出租,無,1150525~1200524,無,冷氣、熱水器,
安南區,租賃房屋,臺南市安南區安富街２５１巷１４弄１４號,0.0,,,,1150420,土地0建物1車位0,全,2,透天厝,住家用,加強磚造,0790516,116.97,4,2,3,有,無,有,18000,154,,0.0,0,參加國家住宅及都市更新中心辦理社會住宅包租代管增辦第四期計畫公會版續租案件；,RPTNMLLKNHLGFBD08CC,整棟(戶)出租,無,1150501~1160430,無,熱水器、洗衣機,社會住宅代管
東區,租賃房屋,臺南市東區小東路２４６號七樓,0.0,,,,1150506,土地0建物1車位0,七層,25,住宅大樓(11層含以上有電梯),住家用,鋼筋混凝土造,0840106,67.81,2,1,1,有,有,有,12080,178,,0.0,0,此為台南市社會住宅包租代管第4期計畫。管理費920元由出租人負擔。續租案件；,RPPNMLLKNHLGFCD77CC,整棟(戶)出租,有,1150528~1160527,有,冷氣、熱水器、電視機、瓦斯或天然氣,社會住宅包租轉租
南區,租賃房屋,臺南市南區福吉四街２之１號,0.0,,,,1150421,土地0建物1車位0,全,2,透天厝,住家用,加強磚造,0611212,125.12,3,2,2,有,無,有,19800,158,,0.0,0,參加國家住宅及都市更新中心辦理社會住宅包租代管第5期計畫中央版門牌整編前地址:福吉四街4號多人共同承租2；,RPRNMLLKNHLGFCD97CC,整棟(戶)出租,無,1150501~1180430,無,冷氣、熱水器,社會住宅包租轉租
東區,租賃房屋,臺南市東區大同路二段６１巷１１１號,0.0,,,,1150505,土地0建物1車位0,一層,5,公寓(5樓含以下無電梯),住家用,鋼筋混凝土造,0791218,24.0,1,0,1,有,無,有,12000,500,,0.0,0,,RPSNMLLKNHLGFCD08CC,獨立套房,無,1150510~1160510,無,冷氣、熱水器、洗衣機、電視機、冰箱,
南區,租賃房屋,臺南市南區大同路二段１８６巷７號４樓之２,0.0,,,,1150419,土地0建物1車位0,四層,10,華廈(10層含以下有電梯),集合住宅,鋼筋混凝土造,0881021,147.85,3,2,2,有,有,有,22300,151,,0.0,0,管理費700元多人共同承租2；,RPTNMLLKNHLGFCD18CC,整棟(戶)出租,有,1150501~1160430,有,冷氣、熱水器、洗衣機、電視機、冰箱、瓦斯或天然氣、有線電視,一般轉租
東區,租賃房屋,臺南市東區光明街１７５巷３０號四樓之６,0.0,,,,1150430,土地0建物1車位0,四層,5,華廈(10層含以下有電梯),住家用,鋼筋混凝土造,0851204,25.75,1,0,1,有,無,有,7800,303,,0.0,0,參加國家住宅及都市中心辦理社會住宅包租代管第五期計劃中央版續租案件；,RPUNMLLKNHLGFCD28CC,獨立套房,無,1150501~1160430,有,冷氣、熱水器、洗衣機、電視機、冰箱,社會住宅代管
東區,租賃房屋+車位,臺南市東區崇賢三路３２號四樓之７,0.0,,,,1150506,土地0建物1車位1,四層,15,住宅大樓(11層含以上有電梯),集合住宅,鋼筋混凝土造,1061031,184.98000000000002,3,2,2,有,有,無,31000,168,坡道平面,29.01,0,,RPVNMLLKNHLGFCD38CC,整棟(戶)出租,有,1150601~1160531,有,冷氣、熱水器、洗衣機,
東區,租賃房屋,臺南市東區中華東路二段７３巷１５號五樓之１２,0.0,,,,1150420,土地0建物1車位0,五層,6,華廈(10層含以下有電梯),住家用,鋼筋混凝土造,0791229,44.89,1,1,1,有,有,無,7700,172,,0.0,0,參加國家住宅及都市更新中心辦理社會住宅包租代管第五期計畫中央版續租案件；,RPWNMLLKNHLGFCD48CC,獨立套房,有,1150505~1160504,有,冷氣、熱水器,社會住宅代管
東區,租賃房屋,臺南市東區長榮路一段２２７號七樓之１３,0.0,,,,1150501,土地0建物1車位0,七層,12,住宅大樓(11層含以上有電梯),住家用,鋼筋混凝土造,0880805,40.29,1,1,1,有,有,有,12800,318,,0.0,0,參加公會版住宅包租代管四之一期計畫租金總額含管理費；續租案件；,RPXNMLLKNHLGFCD58CC,獨立套房,有,1150501~1160430,有,冷氣、熱水器、電視機、冰箱,社會住宅代管
東區,租賃房屋,臺南市東區莊敬路２１９巷１號,0.0,,,,1150418,土地0建物1車位0,一層,5,公寓(5樓含以下無電梯),住家用,鋼筋混凝土造,0701117,89.52,1,2,2,有,無,有,22000,246,,0.0,0,多人共同承租3；,RPOOMLLKNHLGFCD77CC,整棟(戶)出租,無,1150501~1170430,無,冷氣、電視機、冰箱,
東區,租賃房屋,臺南市東區東興路８９號三樓,0.0,,,,1150510,土地0建物1車位0,三層,7,華廈(10層含以下有電梯),住家用,鋼筋混凝土造,0741113,104.34,3,2,2,有,有,有,12000,115,,0.0,0,參加國家住宅及都市中心辦理社會住宅包租代管第五期計劃中央版租金總額含管理費；,RPPOMLLKNHLGFCD87CC,整棟(戶)出租,有,1150510~1160509,有,冷氣、熱水器、洗衣機、電視機、冰箱,社會住宅代管
南區,租賃房屋+車位,臺南市南區萬年七街４１０號九樓之３,0.0,,,,1150508,土地0建物1車位1,九層,15,住宅大樓(11層含以上有電梯),集合住宅,鋼筋混凝土構造,1100114,151.6,3,1,2,有,有,有,14223,94,坡道平面,32.26,0,此為國家住宅及都市更新中心社會住宅包租代管第5期計畫。管理費2777元由出租人負擔,RPROMLLKNHLGFCD08CC,整棟(戶)出租,有,1150510~1160509,有,冷氣、熱水器、洗衣機、電視機、冰箱,社會住宅包租轉租
東區,租賃房屋+車位,臺南市東區仁東街６３號十一樓之１３,0.0,,,,1150508,土地0建物1車位1,十一層,12,住宅大樓(11層含以上有電梯),住家用,鋼筋混凝土造,0870919,134.9,3,2,2,有,有,有,18500,137,坡道平面,19.86,0,參加國家住宅及都市中心辦理社會住宅包租代管第五期計劃中央版租金總額含管理費；,RPSOMLLKNHLGFCD18CC,整棟(戶)出租,有,1150510~1160509,有,冷氣、熱水器、洗衣機、電視機、冰箱,社會住宅代管
南區,租賃房屋,臺南市南區賢南街１０１號六樓之６,0.0,,,,1150428,土地0建物1車位0,六層,6,華廈(10層含以下有電梯),住家用,鋼筋混凝土造,0800525,37.99,1,1,1,有,有,有,5000,132,,0.0,0,參加公會版住宅包租代管四之一期計畫,RPTOMLLKNHLGFCD28CC,獨立套房,有,1150501~1170331,有,冷氣、熱水器、洗衣機、冰箱,社會住宅包租轉租
東區,租賃房屋,臺南市東區東門路一段８４號之１四樓之２,0.0,,,,1150501,土地0建物1車位0,四層,9,華廈(10層含以下有電梯),住家用,鋼筋混凝土造,0800122,23.8,1,0,1,有,有,有,4500,189,,0.0,0,參加公會版住宅包租代管四期計畫租金總額含管理費；續租案件；,RPUOMLLKNHLGFCD38CC,獨立套房,有,1150501~1160430,有,冷氣、熱水器、洗衣機、冰箱,社會住宅代管
東區,租賃房屋,臺南市東區林森路一段３７７號三樓,0.0,,,,1150422,土地0建物1車位0,三層,12,住宅大樓(11層含以上有電梯),住家用,鋼筋混凝土造,0820318,192.11,3,2,2,有,有,無,30000,156,,0.0,0,未租賃車位，建物登記含有車位面積；,RPVOMLLKNHLGFCD48CC,,有,1150501~1180430,有,冷氣、熱水器、瓦斯或天然氣,
東區,租賃房屋,臺南市東區崇善十二街３９號,0.0,,,,1150424,土地0建物1車位0,全,3,透天厝,住商用,鋼筋混凝土造,0720829,178.28,4,1,3,有,無,有,20000,112,,0.0,0,參加國家住宅及都市更新中心辦理社會住宅包租代管增辦第四期計畫公會版續租案件；,RPWOMLLKNHLGFCD58CC,整棟(戶)出租,無,1150510~1160509,無,熱水器,社會住宅代管
東區,租賃房屋+車位,臺南市東區仁和路２５５號６樓之１,0.0,,,,1150510,土地0建物1車位1,六層,13,住宅大樓(11層含以上有電梯),集合住宅,鋼筋混凝土造,1140205,151.01999999999998,3,2,2,有,有,有,33000,219,坡道平面,29.52,0,多人共同承租5；租金總額含管理費；,RPXOMLLKNHLGFCD68CC,整棟(戶)出租,有,1150510~1160509,有,冷氣、洗衣機、電視機、冰箱、瓦斯或天然氣,
東區,租賃房屋+車位,臺南市東區崇元一街１０號十三樓之５,0.0,,,,1150421,土地0建物1車位1,十三層,14,住宅大樓(11層含以上有電梯),集合住宅,鋼筋混凝土構造、鋼骨造,1120329,119.38,2,1,2,有,有,有,19000,163,坡道平面,15.13,2000,參加國家住宅及都市更新中心辦理社會住宅包租代管第四期計畫公會版,RPOPMLLKNHLGFCD87CC,整棟(戶)出租,有,1150501~1160228,有,冷氣、熱水器、瓦斯或天然氣,社會住宅代管
新營區,租賃房屋,臺南市新營區武侯街７之１號三樓之一,0.0,,,,1150506,土地0建物1車位0,三層,5,公寓(5樓含以下無電梯),住家用,鋼筋混凝土造,0840419,25.86,1,0,1,有,無,有,5300,205,,0.0,0,此為國家住宅及都市更新中心社會住宅包租代管第5期計畫。,RPPNMLLKNHLGFDD87CC,獨立套房,無,1150510~1160509,無,冷氣、熱水器、電視機、冰箱,社會住宅代管
官田區,租賃房屋,臺南市官田區隆本里信義街２段５８號,0.0,,,,1150430,土地0建物1車位0,全,3,透天厝,住家用,鋼筋混凝土構造,1050805,189.11,5,2,3,有,無,有,30000,159,,0.0,0,一樓平面空間可停汽車含增建或未登記建物；,RPQNMLLKNHLGFFD18CC,整棟(戶)出租,無,1150515~1180514,無,冷氣、熱水器、洗衣機、電視機、冰箱、瓦斯或天然氣,
佳里區,租賃房屋+車位,臺南市佳里區興中街２３巷２之１號五樓之３,0.0,,,,1150421,土地0建物1車位1,五層,5,華廈(10層含以下有電梯),集合住宅,鋼筋混凝土造,1110518,99.99000000000001,2,1,2,有,有,有,16000,168,其他,10.57,1000,參加國家住宅及都市更新中心辦理社會住宅包租代管第四期計畫公會版租金總額含管理費；續租案件；,RPQNMLLKNHLGFGD28CC,整棟(戶)出租,無,1150510~1160309,有,冷氣、熱水器、洗衣機、電視機、冰箱,社會住宅代管
善化區,租賃房屋,臺南市善化區東勢寮１５８號三樓之１２,0.0,,,,1150430,土地0建物1車位0,三層,7,華廈(10層含以下有電梯),集合住宅,鋼筋混凝土造,1130820,92.38,2,2,2,有,有,有,16000,173,,0.0,0,參加公會版住宅包租代管四之一期計畫未租賃車位，建物登記含有車位面積；續租案件；,RPPNMLLKNHLGFHD28CC,整棟(戶)出租,有,1150501~1160430,有,冷氣、熱水器、洗衣機、電視機、冰箱,社會住宅代管
安定區,租賃房屋+車位,臺南市安定區蘇厝１５之５號二樓之１,0.0,,,,1150508,土地0建物1車位1,二層,7,華廈(10層含以下有電梯),集合住宅,鋼筋混凝土造,1101103,125.81,2,2,2,有,有,有,20500,147,一樓平面,6.92,3000,另有管理費2500元，由承租人負擔。多人共同承租2；,RPQNMLLKNHLGFHD38CC,整棟(戶)出租,有,1150516~1180515,有,冷氣、熱水器、洗衣機、冰箱,社會住宅包租轉租
新市區,租賃房屋+車位,臺南市新市區大順六路２１９號三樓之５,0.0,,,,1150507,土地0建物1車位1,三層,7,華廈(10層含以下有電梯),集合住宅,鋼筋混凝土造,1140909,86.69,2,1,2,有,有,有,20000,231,其他,7.62,0,1.契約書未約定土地租賃標的。2.由所有權人提供租屋資訊。多人共同承租2；租金總額含管理費；,RPRNMLLKNHLGFHD48CC,整棟(戶)出租,有,1150510~1160509,有,冷氣、熱水器、洗衣機、電視機、冰箱、瓦斯或天然氣,一般代管
善化區,租賃房屋,臺南市善化區建國路５３號,0.0,,,,1150427,土地0建物1車位0,全,4,透天厝,補習班，住宅,鋼筋混凝土造,0851204,209.31,3,1,2,有,無,無,38000,182,,0.0,0,1150427至1150514為裝修期免租金租金總額含稅；租賃建物部分範圍，且未計入共有部分面積；,RPSNMLLKNHLGFHD58CC,,無,1150427~1160514,有,,
新市區,土地,華興段198地號,13.45,住,,,1150425,土地1建物0車位0,,,其他,,,,0.0,0,0,0,無,無,無,14000,1041,,0.0,0,租金總額含稅；含增建或未登記建物；,RPTNMLLKNHLGFHD68CC,,,1150501~1160630,,,
新市區,租賃房屋,臺南市新市區永就１５之１０１號,0.0,,,,1150507,土地0建物1車位0,全,4,透天厝,住宅、門廊,鋼筋混凝土造,1011212,172.67,5,2,5,有,無,有,25000,145,,0.0,0,多人共同承租2；租金總額含管理費；續租案件；,RPUNMLLKNHLGFHD78CC,整棟(戶)出租,無,1150522~1151121,無,冷氣、熱水器、洗衣機、電視機、冰箱,一般代管
仁德區,租賃房屋,臺南市仁德區崇聖路一段１６號四樓之１,0.0,,,,1150420,土地0建物1車位0,四層,14,住宅大樓(11層含以上有電梯),集合住宅,鋼筋混凝土造,1131015,149.95,3,2,1,有,有,有,19500,130,,0.0,0,參加國家住宅及都市更新中心辦理社會住宅包租代管第5期計畫中央版多人共同承租2；未租賃車位，建物登記含有車位面積；,RPPNMLLKNHLGFID38CC,整棟(戶)出租,有,1150420~1180419,有,冷氣、熱水器、洗衣機、電視機、冰箱,社會住宅包租轉租
仁德區,租賃房屋,臺南市仁德區文心路７２號十六樓之１,0.0,,,,1150428,土地0建物1車位0,十六層,24,住宅大樓(11層含以上有電梯),集合住宅,鋼筋混凝土構造,1100315,138.83,3,2,2,有,有,有,22200,160,,0.0,0,參加國家住宅及都市更新中心辦理社會住宅包租代管第5期計畫中央版未租賃車位，建物登記含有車位面積；,RPQNMLLKNHLGFID48CC,整棟(戶)出租,有,1150501~1180430,有,冷氣、熱水器、洗衣機、電視機、冰箱,社會住宅包租轉租
歸仁區,租賃房屋,臺南市歸仁區大成八街４３號,0.0,,,,1150420,土地0建物1車位0,全,3,透天厝,住家用,鋼筋混凝土造,0730914,133.55,5,2,3,有,無,有,20000,150,,0.0,0,參加國家住宅及都市更新中心辦理社會住宅包租代管增辦第四期計畫公會版續租案件；,RPRNMLLKNHLGFID58CC,整棟(戶)出租,無,1150601~1160531,無,冷氣、熱水器,社會住宅代管
歸仁區,租賃房屋,臺南市歸仁區歸仁九路２９號四樓之３,0.0,,,,1150413,土地0建物1車位0,四層,15,住宅大樓(11層含以上有電梯),集合住宅,鋼筋混凝土造,1130412,116.25,3,2,2,有,有,有,15700,135,,0.0,0,台南市社會住宅包租代管增辦第4期計畫公會版租金依照租金水準區間表評定未租賃車位，建物登記含有車位面積；續租案件；,RPSNMLLKNHLGFID68CC,整棟(戶)出租,有,1150520~1160519,有,冷氣、熱水器、洗衣機、電視機、冰箱、瓦斯或天然氣,社會住宅代管
仁德區,租賃房屋,臺南市仁德區勝利一街２７號之１,0.0,,,,1150415,土地0建物1車位0,一層,2,工廠,廠房,加強磚造,0761014,661.15,3,0,1,有,無,無,95000,,,0.0,0,一樓為部分租賃，二樓承租一間辦公室當宿舍用其他公共廁所水電費；含增建或未登記建物；,RPTNMLLKNHLGFID78CC,,無,1150501~1180430,無,,
仁德區,租賃房屋,臺南市仁德區中山路６８７巷１９號,0.0,,,,1150422,土地0建物0車位0,全,4,透天厝,住商用,鋼筋混凝土造,0960215,18.73,5,2,4,有,無,有,8000,427,,0.0,0,,RPUNMLLKNHLGFID88CC,分租套房,無,1150501~1160430,無,冷氣、熱水器、洗衣機、電視機、冰箱、網路,
歸仁區,租賃房屋,臺南市歸仁區歸仁七路２２２號三樓之２,0.0,,,,1150413,土地0建物1車位0,三層,15,住宅大樓(11層含以上有電梯),集合住宅,鋼筋混凝土造,1121208,168.8,3,2,2,有,有,有,18000,107,,0.0,0,台南市社會住宅包租代管增辦第4期計畫公會版租金依照租金水準區間表評定多人共同承租2；未租賃車位，建物登記含有車位面積；續租案件；,RPVNMLLKNHLGFID98CC,整棟(戶)出租,有,1150531~1160530,有,冷氣、熱水器、洗衣機、電視機、冰箱、瓦斯或天然氣,社會住宅代管
歸仁區,租賃房屋,臺南市歸仁區大成路１６１巷１０號,0.0,,,,1150414,土地0建物1車位0,全,4,透天厝,住家用,鋼筋混凝土造,0971215,215.73,4,2,3,有,無,有,25000,116,,0.0,0,參加臺南市社會住宅包租代管第4期計畫續租案件；,RPWNMLLKNHLGFID09CC,整棟(戶)出租,無,1150420~1160419,無,冷氣、熱水器、洗衣機、電視機、冰箱,社會住宅代管
歸仁區,租賃房屋+車位,臺南市歸仁區歸仁五路１７２號１２樓之１,0.0,,,,1150429,土地0建物1車位1,十二層,13,住宅大樓(11層含以上有電梯),集合住宅,鋼筋混凝土造,1140113,145.10000000000002,3,2,2,有,有,有,25000,172,坡道平面,19.18,0,1. 契約書未約定土地租賃標的2. 由出租人提供租屋資訊3. 115.05.02-115.05.10為免租期租金總額含管理費；,RPXNMLLKNHLGFID56CC,整棟(戶)出租,有,1150511~1170510,有,冷氣、熱水器、洗衣機、電視機、冰箱、瓦斯或天然氣,社會住宅代管
仁德區,租賃房屋+車位,臺南市仁德區保生東路７０號８樓之２,0.0,,,,1150506,土地0建物1車位1,八層,14,住宅大樓(11層含以上有電梯),集合住宅,鋼筋混凝土構造,1090218,159.0,2,2,2,有,有,有,30000,189,坡道平面,32.65,0,租金總額含管理費；,RPOOMLLKNHLGFID38CC,整棟(戶)出租,有,1150511~1160510,有,冷氣、熱水器、洗衣機、電視機、冰箱、瓦斯或天然氣,
仁德區,租賃房屋,臺南市仁德區新田村北保三街１２號,0.0,,,,1150507,土地0建物1車位0,全,3,透天厝,住家用,鋼筋混凝土造,0911028,174.78,5,2,3,有,無,無,18000,103,,0.0,0,此為台南市社會住宅包租代管第4期計畫。續租案件；,RPPOMLLKNHLGFID48CC,整棟(戶)出租,無,1150531~1160530,無,熱水器,社會住宅包租轉租
玉井區,租賃房屋,臺南市玉井區和平街８７號,0.0,,,,1150428,土地0建物1車位0,全,2,透天厝,住家用,加強磚造,0751009,98.9,3,2,2,有,無,有,10500,106,,0.0,0,台南市社會住宅包租代管公會版增辦第4期,RPPNMLLKNHLGFJD48CC,整棟(戶)出租,無,1150501~1160131,無,冷氣、熱水器、洗衣機、冰箱,社會住宅代管
永康區,租賃房屋,臺南市永康區龍國街１２８巷２５弄２１號,0.0,,,,1150422,土地0建物1車位0,全,4,透天厝,車庫、住宅。,鋼筋混凝土造,0820907,154.51000000000002,4,2,3,有,無,有,19800,128,,0.0,0,參加國家住宅及都市更新中心辦理社會住宅包租代管第5期計畫中央版,RPPNMLLKNHLGFKD58CC,整棟(戶)出租,無,1150423~1180422,無,冷氣、熱水器、洗衣機、冰箱,社會住宅包租轉租
永康區,租賃房屋,臺南市永康區永安一街８８號九樓之１,0.0,,,,1150420,土地0建物1車位0,九層,10,華廈(10層含以下有電梯),住家用,鋼筋混凝土造,0890816,123.03999999999999,3,2,2,有,有,有,20500,167,,0.0,0,參加國家住宅及都市更新中心辦理社會住宅包租代管第五期計畫中央版多人共同承租4；租金總額含管理費；未租賃車位，建物登記含有車位面積；,RPQNMLLKNHLGFKD68CC,整棟(戶)出租,有,1150503~1160502,有,冷氣、熱水器、洗衣機、電視機、冰箱、瓦斯或天然氣,社會住宅代管
永康區,租賃房屋,臺南市永康區小東路４２３巷６號六樓之２,0.0,,,,1150425,土地0建物1車位0,六層,14,住宅大樓(11層含以上有電梯),集合住宅,鋼筋混凝土構造,1010320,173.02,3,2,2,有,有,無,25000,144,,0.0,0,參加國家住宅及都市中心辦理社會住宅包租代管第五期計劃中央版,RPRNMLLKNHLGFKD78CC,整棟(戶)出租,有,1150501~1160430,有,冷氣、熱水器、瓦斯或天然氣,社會住宅代管
永康區,租賃房屋,臺南市永康區中華路５７８巷１７之８８號,0.0,,,,1150507,土地0建物1車位0,十三層,17,住宅大樓(11層含以上有電梯),住家用,鋼筋混凝土造,0810723,35.41,1,1,1,有,有,有,8500,240,,0.0,0,此為國家住宅及都市更新中心社會住宅包租代管第5期計畫。租金總額含網路費；,RPTNMLLKNHLGFKD98CC,獨立套房,有,1150510~1160509,有,冷氣、熱水器、洗衣機、電視機、冰箱、瓦斯或天然氣、網路,社會住宅代管
永康區,租賃房屋,臺南市永康區鹽行里新行街１３１號九樓之３,0.0,,,,1150413,土地0建物1車位0,九層,16,住宅大樓(11層含以上有電梯),住家用,鋼筋混凝土造,0820827,112.06,3,2,2,有,有,有,15000,134,,0.0,0,台南市社會住宅包租代管增辦第4期計畫公會版租金依照租金水準區間表評定續租案件；,RPUNMLLKNHLGFKD09CC,整棟(戶)出租,有,1150628~1160627,有,冷氣、熱水器、洗衣機、電視機、冰箱、瓦斯或天然氣,社會住宅代管
永康區,租賃房屋,臺南市永康區忠義街６０巷１號七樓之１３,0.0,,,,1150507,土地0建物1車位0,七層,15,住宅大樓(11層含以上有電梯),辦公室。,鋼筋混凝土造,0840331,63.230000000000004,1,1,1,有,有,有,16500,261,,0.0,0,此為國家住宅及都市更新中心社會住宅包租代管第5期計畫。,RPVNMLLKNHLGFKD56CC,獨立套房,有,1150509~1160508,有,冷氣、熱水器、洗衣機、冰箱,社會住宅代管
永康區,租賃房屋,臺南市永康區大橋一街１０３巷５５之１２號,0.0,,,,1150422,土地0建物1車位0,四層,5,華廈(10層含以下有電梯),住家用,鋼筋混凝土造,0811231,101.17,3,1,2,有,有,有,14000,138,,0.0,0,參加國家住宅及都市更新中心辦理社會住宅包租代管第四期計畫公會版未租賃車位，建物登記含有車位面積；續租案件；,RPOOMLLKNHLGFKD58CC,整棟(戶)出租,有,1150510~1160509,有,冷氣、熱水器、洗衣機、冰箱、瓦斯或天然氣、網路,社會住宅代管
永康區,租賃房屋,臺南市永康區自強路６６５號,0.0,,,,1150505,土地0建物0車位0,全,4,透天厝,店舖，住宅，停車空間,鋼筋混凝土構造,1000307,19.84,6,1,6,有,無,有,8200,413,,0.0,0,1.契約書未約定土地租賃標的。2.由所有權人提供出租資訊。租金總額含水費；,RPPOMLLKNHLGFKD68CC,分租套房,無,1150505~1170504,無,洗衣機,
永康區,租賃房屋,臺南市永康區中山南路４６７巷１５號,0.0,,,,1150507,土地0建物0車位0,全,2,透天厝,廠房、辦公室、倉庫、員工宿舍。,加強磚造,0690301,24.12,23,23,23,有,無,有,12000,498,,0.0,0,租金總額含水費；網路費；含增建或未登記建物；,RPQOMLLKNHLGFKD78CC,分租套房,無,1150507~1160508,無,冷氣、熱水器、洗衣機、電視機、冰箱、網路,一般代管
永康區,租賃房屋,臺南市永康區大灣一街３７巷７弄１２號７樓之２,0.0,,,,1150508,土地0建物0車位0,七層,7,華廈(10層含以下有電梯),住家用,鋼筋混凝土造,0820513,23.28,4,1,4,有,有,有,11000,473,,0.0,0,租金總額含水費；網路費；含增建或未登記建物；租賃建物部分範圍，且未計入共有部分面積；,RPSOMLLKNHLGFKD98CC,分租套房,無,1150508~1160510,有,冷氣、熱水器、洗衣機、電視機、冰箱、網路,
永康區,租賃房屋,臺南市永康區鹽行里永安路１０５巷４６弄１８號五樓之２,0.0,,,,1150428,土地0建物1車位0,五層,7,華廈(10層含以下有電梯),住家用,鋼筋混凝土造,0830423,98.47,3,2,2,有,有,有,10000,102,,0.0,0,台南市社會住宅包租代管公會版第4期續租案件；,RPUOMLLKNHLGFKD56CC,整棟(戶)出租,有,1150502~1150919,有,冷氣、熱水器、洗衣機、電視機、冰箱,社會住宅代管
永康區,租賃房屋,臺南市永康區中華路４１３巷１號四樓之４,0.0,,,,1150415,土地0建物1車位0,四層,7,華廈(10層含以下有電梯),住家用,鋼筋混凝土造,0840522,36.15,1,1,1,有,有,有,8000,221,,0.0,0,參加國家住宅及都市更新中心辦理社會住宅包租代管增辦第四期計畫公會版租金總額含管理費；續租案件；,RPVOMLLKNHLGFKD66CC,獨立套房,無,1150520~1160519,有,冷氣、熱水器、洗衣機、電視機、冰箱,社會住宅代管
永康區,租賃房屋,臺南市永康區南興路１１２巷８２弄５之７號４樓,0.0,,,,1150423,土地0建物1車位0,四層,5,華廈(10層含以下有電梯),住家用,鋼筋混凝土造,0810402,89.97,3,2,2,有,有,有,16000,178,,0.0,0,參加國家住宅及都市更新中心辦理社會住宅包租代管第五期計畫中央版租金總額含管理費；,RPXOMLLKNHLGFKD86CC,整棟(戶)出租,無,1150501~1160430,有,冷氣、熱水器,社會住宅代管
永康區,租賃房屋,臺南市永康區鹽行里正南五街２８９巷６０號五樓,0.0,,,,1150507,土地0建物1車位0,五層,7,華廈(10層含以下有電梯),住家用,鋼筋混凝土造,0830413,82.25999999999999,3,2,2,有,有,有,14500,176,,0.0,0,此為台南市社會住宅包租代管第4期計畫。續租案件；,RPOPMLLKNHLGFKD68CC,整棟(戶)出租,有,1150520~1160519,有,冷氣、熱水器、洗衣機、電視機、冰箱、瓦斯或天然氣,社會住宅包租轉租
北區,租賃房屋,臺南市北區和緯路四段９５巷１６號二樓,0.0,,,,1150421,土地0建物1車位0,二層,5,公寓(5樓含以下無電梯),住家用,鋼筋混凝土造,0701017,88.92,3,1,1,有,無,有,14500,163,,0.0,0,參加國家住宅及都市更新中心辦理社會住宅包租代管增辦第4期計畫公會版續租案件；,RPPNMLMKNHLGFAD67CC,整棟(戶)出租,無,1150515~1160514,無,冷氣、熱水器、洗衣機、電視機、冰箱,社會住宅代管
安平區,租賃房屋,臺南市安平區平豐路４４巷３０號,0.0,,,,1150423,土地0建物1車位0,全,2,透天厝,住商用,鋼筋混凝土造,0820612,204.35,3,2,2,有,無,有,19000,93,,0.0,0,參加國家住宅及都市更新中心辦理社會住宅包租代管第5期計畫中央版,RPQNMLMKNHLGFAD77CC,整棟(戶)出租,無,1150430~1180429,無,冷氣、熱水器、洗衣機、冰箱,社會住宅包租轉租
安平區,租賃房屋+車位,臺南市安平區永華路二段３９１號十九樓之１,0.0,,,,1150422,土地0建物1車位1,十九層,22,住宅大樓(11層含以上有電梯),集合住宅,鋼筋混凝土構造,1101213,116.64,2,2,2,有,有,有,25000,214,坡道機械,24.5,0,多人共同承租2；租金總額含管理費；,RPTNMLMKNHLGFAD08CC,整棟(戶)出租,有,1150501~1160430,有,冷氣、熱水器、洗衣機、電視機、冰箱,
中西區,租賃房屋,臺南市中西區金華新路４３號七樓之１,0.0,,,,1150508,土地0建物1車位0,七層,12,住宅大樓(11層含以上有電梯),住家用,鋼筋混凝土造,0840104,26.28,1,0,1,有,有,有,6200,236,,0.0,0,台南市政府包租代管第4期計畫之物件。管理費300元由出租人負擔。續租案件；,RPUNMLMKNHLGFAD18CC,獨立套房,有,1150527~1160526,有,冷氣、熱水器、洗衣機、電視機、冰箱,社會住宅包租轉租
北區,租賃房屋,臺南市北區開元路５２１號二樓之３,0.0,,,,1150508,土地0建物1車位0,二層,24,住宅大樓(11層含以上有電梯),集合住宅,鋼筋混凝土構造,1041105,138.94,3,2,2,有,有,有,18000,130,,0.0,0,台南市政府包租代管第4期計畫之物件。續租案件；,RPVNMLMKNHLGFAD28CC,整棟(戶)出租,有,1150618~1160526,有,冷氣、熱水器、洗衣機、冰箱、瓦斯或天然氣,社會住宅包租轉租
北區,租賃房屋,臺南市北區實踐街１０３巷２５弄２號,0.0,,,,1150507,土地0建物1車位0,全,2,透天厝,住家用,鋼筋混凝土造,0680427,99.06,4,2,2,有,無,有,15000,151,,0.0,0,台南市不動產租賃公會民間住宅包租代管第5期計畫。續租案件；,RPPOMLMKNHLGFAD77CC,整棟(戶)出租,無,1150520~1160519,無,冷氣、熱水器、洗衣機、電視機、冰箱、瓦斯或天然氣,社會住宅包租轉租
安平區,租賃房屋,臺南市安平區華平路７２１號,0.0,,,,1150509,土地0建物0車位0,全,4,透天厝,停車空間、店舖、住宅,ＲＣ造,0940516,18.55,4,2,4,有,無,有,14000,755,,0.0,0,承租人負擔垃圾清潔費500/月租金總額含水費；網路費；其他第四台；含增建或未登記建物；,RPQOMLMKNHLGFAD87CC,分租套房,無,1150511~1160510,無,冷氣、熱水器、洗衣機、電視機、冰箱、有線電視、網路,一般代管
北區,租賃房屋,臺南市北區東豐路２２７巷２４弄１５號二樓之２６,0.0,,,,1150507,土地0建物1車位0,二層,5,華廈(10層含以下有電梯),住家用,鋼筋混凝土造,0790518,25.080000000000002,1,0,1,有,有,有,5700,227,,0.0,0,台南市不動產租賃公會民間住宅包租代管第5期計畫。管理費600元由出租人負擔。續租案件；,RPROMLMKNHLGFAD97CC,獨立套房,有,1150525~1160524,有,冷氣、熱水器、洗衣機、電視機、冰箱,社會住宅包租轉租
中西區,租賃房屋,臺南市中西區府前路一段３７１巷４２號,0.0,,,,1150507,土地0建物1車位0,全,2,透天厝,住家用,加強磚造,0581125,83.39,4,1,2,有,無,無,8000,96,,0.0,0,台南市不動產租賃公會民間住宅包租代管第5期計畫。續租案件；,RPTOMLMKNHLGFAD18CC,整棟(戶)出租,無,1150510~1160509,無,熱水器、洗衣機,社會住宅代管
安平區,租賃房屋,臺南市安平區建平十七街１６５號十樓之３,0.0,,,,1150414,土地0建物1車位0,十層,12,住宅大樓(11層含以上有電梯),住家用,鋼筋混凝土造,0841121,33.07,1,1,1,有,有,有,7500,227,,0.0,0,台南市社會住宅包租代管增辦第3期計畫公會版租金依照租金水準區間表評定續租案件；,RPUOMLMKNHLGFAD28CC,獨立套房,有,1150416~1150614,有,冷氣、熱水器、洗衣機、電視機、冰箱,社會住宅代管
中西區,租賃房屋,臺南市中西區中山路１６４巷３號五樓之２,0.0,,,,1150428,土地0建物1車位0,五層,5,公寓(5樓含以下無電梯),住家用,鋼筋混凝土造,0801228,44.36,2,1,1,有,無,有,10000,225,,0.0,0,,RPVOMLMKNHLGFAD38CC,整棟(戶)出租,無,1150504~1160503,無,冷氣、熱水器、洗衣機、冰箱,
中西區,租賃房屋,臺南市中西區府前路一段３５９巷３８號八樓之１,0.0,,,,1150414,土地0建物1車位0,八層,8,華廈(10層含以下有電梯),住家用,鋼筋混凝土造,0800517,24.22,1,1,1,有,有,有,5000,206,,0.0,0,台南市社會住宅包租代管增辦第4期計畫公會版租金依照租金水準區間表評定續租案件；,RPWOMLMKNHLGFAD48CC,獨立套房,有,1150417~1160416,有,冷氣、熱水器、洗衣機、電視機、冰箱,社會住宅代管
北區,租賃房屋,臺南市北區富北街１８號二樓之６,0.0,,,,1150426,土地0建物1車位0,二層,7,華廈(10層含以下有電梯),住家用,鋼筋混凝土造,0750722,37.47,1,0,1,有,有,有,9500,254,,0.0,0,參加國家住宅及都市更新中心辦理社會住宅包租代管第五期計畫中央版,RPPPMLMKNHLGFAD87CC,獨立套房,有,1150501~1160430,有,冷氣、熱水器、洗衣機、電視機、冰箱,社會住宅代管
北區,租賃房屋,臺南市北區公園路１３４號九樓之２,0.0,,,,1150507,土地0建物1車位0,九層,10,華廈(10層含以下有電梯),住家用,鋼筋混凝土造,0780803,31.8,1,1,1,有,有,有,5500,173,,0.0,0,台南市不動產租賃公會民間住宅包租代管第5期計畫。管理費500元由出租人負擔。續租案件；,RPQPMLMKNHLGFAD97CC,獨立套房,有,1150522~1160521,有,冷氣、熱水器、電視機、冰箱,社會住宅代管
安南區,租賃房屋,臺南市安南區公學路四段１２２巷９６弄５２之２３號,0.0,,,,1150421,土地0建物1車位0,全,4,透天厝,住宅、停車空間,鋼筋混凝土造,1130403,153.99,4,2,4,有,無,有,45833,298,,0.0,0,1.契約書未約定土地租賃標的。2.由所有權人提供租屋資訊。3.租金伍拾伍萬元分2次繳，半年繳275000元。,RPPNMLMKNHLGFBD77CC,整棟(戶)出租,無,1150501~1160430,無,冷氣、熱水器、洗衣機、冰箱、瓦斯或天然氣,
安南區,租賃房屋+車位,臺南市安南區宜居三路２９０號１１樓之７,0.0,,,,1150504,土地0建物1車位1,十一層,15,住宅大樓(11層含以上有電梯),集合住宅,鋼筋混凝土造,1140912,157.25,3,2,2,有,有,有,26000,165,坡道平面,21.46,0,多人共同承租3；,RPRNMLMKNHLGFBD97CC,整棟(戶)出租,有,1150504~1160503,有,冷氣、熱水器、洗衣機、電視機、冰箱,
安南區,租賃房屋,臺南市安南區安中路一段７０１巷２８之３號,0.0,,,,1150422,土地0建物1車位0,四層,4,公寓(5樓含以下無電梯),集合住宅,鋼筋混凝土造,0700907,101.25,3,2,2,有,無,有,13600,134,,0.0,0,參加國家住宅及都市更新中心辦理社會住宅包租代管增辦第四期計畫公會版多人共同承租2；,RPSNMLMKNHLGFBD08CC,整棟(戶)出租,無,1150501~1160430,無,冷氣、熱水器、冰箱,社會住宅代管
安南區,租賃房屋,臺南市安南區樂活一街８２號十樓,0.0,,,,1150508,土地0建物1車位0,十層,27,住宅大樓(11層含以上有電梯),集合住宅,鋼筋混凝土造,1130116,117.09,2,1,2,有,有,有,20000,171,,0.0,0,台南市政府包租代管第4期計畫之物件。續租案件；,RPTNMLMKNHLGFBD18CC,整棟(戶)出租,有,1150516~1160515,有,冷氣、熱水器、洗衣機、冰箱,社會住宅代管
安南區,租賃房屋,臺南市安南區安中路一段６２２巷１９９號,0.0,,,,1150507,土地0建物0車位0,全,3,透天厝,住宅、門廊、法定停車空間,鋼筋混凝土造,0880303,23.14,7,0,7,有,無,有,10100,436,,0.0,0,租金總額含管理費；水費；網路費；,RPXNMLMKNHLGFBD58CC,分租套房,無,1150511~1151110,無,冷氣、熱水器、洗衣機、冰箱、網路,
安南區,租賃房屋,臺南市安南區安中路一段６２２巷１９９號,0.0,,,,1150509,土地0建物0車位0,全,3,透天厝,住宅、門廊、法定停車空間,鋼筋混凝土造,0880303,23.14,7,0,7,有,無,有,10600,458,,0.0,0,多人共同承租2；租金總額含網路費；,RPOOMLMKNHLGFBD77CC,分租套房,無,1150515~1160514,無,冷氣、熱水器、洗衣機、冰箱、網路,
安南區,租賃房屋,臺南市安南區安中路一段６２２巷１９９號,0.0,,,,1150508,土地0建物0車位0,全,3,透天厝,住宅、門廊、法定停車空間,鋼筋混凝土造,0880303,16.53,7,0,7,有,無,有,7500,454,,0.0,0,租金總額含網路費；,RPPOMLMKNHLGFBD87CC,分租套房,無,1150510~1160609,無,冷氣、熱水器、洗衣機、冰箱、網路,
安南區,租賃房屋,臺南市安南區安中路一段７０３巷６２號,0.0,,,,1150508,土地0建物1車位0,一層,4,公寓(5樓含以下無電梯),集合住宅,鋼筋混凝土造,0700907,102.33,3,1,2,有,無,無,12000,117,,0.0,0,台南市不動產租賃公會民間住宅包租代管第5期計畫之物件。續租案件；,RPQOMLMKNHLGFBD97CC,整棟(戶)出租,無,1150508~1160507,無,熱水器,社會住宅代管
安南區,租賃房屋,臺南市安南區海佃路四段４９０巷２６弄３７號,0.0,,,,1150429,土地0建物1車位0,全,3,透天厝,住宅，停車空間,鋼筋混凝土造,1070508,173.59,3,2,3,有,無,有,28000,161,,0.0,0,租金總額含稅；,RPROMLMKNHLGFBD08CC,,無,1150501~1160430,無,熱水器、洗衣機、冰箱,
安南區,租賃房屋+車位,臺南市安南區安中路一段８３６號４樓,0.0,,,,1150504,土地0建物1車位1,見其他登記事項,17,住宅大樓(11層含以上有電梯),住家用,鋼筋混凝土造,0850816,134.86,3,2,2,有,有,有,17000,126,坡道機械,0.0,0,租金總額含管理費；,RPUOMLMKNHLGFBD38CC,整棟(戶)出租,有,1150520~1160519,有,冷氣、冰箱、瓦斯或天然氣,
安南區,租賃房屋,臺南市安南區安昌街７６號,0.0,,,,1150501,土地0建物0車位0,四層,4,華廈(10層含以下有電梯),住宅，停車空間,鋼筋混凝土造,1030704,15.31,21,0,21,有,無,有,6600,431,,0.0,0,租金總額含水費；網路費；其他有線電視或MOD；租賃建物部分範圍，且未計入共有部分面積；,RPVOMLMKNHLGFBD48CC,分租套房,無,1150501~1160509,有,冷氣、熱水器、電視機、冰箱、網路,一般代管
東區,租賃房屋,臺南市東區中華東路二段１９３號十五樓之６,0.0,,,,1150428,土地0建物1車位0,十五層,20,住宅大樓(11層含以上有電梯),住家用,鋼筋混凝土造,0841106,34.33,1,1,1,有,有,有,10000,291,,0.0,0,參加國家住宅及都市更新中心辦理社會住宅包租代管增辦第4期計畫公會版租金總額含管理費；,RPPNMLMKNHLGFCD87CC,獨立套房,有,1150515~1160514,有,冷氣、熱水器、洗衣機、電視機、冰箱,社會住宅代管
東區,租賃房屋,臺南市東區東門路一段８４號之５五樓之９,0.0,,,,1150424,土地0建物1車位0,五層,9,華廈(10層含以下有電梯),住家用,鋼筋混凝土造,0800122,22.8,1,1,1,有,有,有,6500,285,,0.0,0,參加國家住宅及都市更新中心辦理社會住宅包租代管增辦第四期計畫公會版租金總額含管理費；續租案件；,RPQNMLMKNHLGFCD97CC,獨立套房,有,1150515~1160514,有,冷氣、熱水器、洗衣機、冰箱,社會住宅代管
東區,租賃房屋+車位,臺南市東區崇德十八街１４號四樓,0.0,,,,1150424,土地0建物1車位1,四層,6,華廈(10層含以下有電梯),商業用,鋼筋混凝土造,0820216,84.32,3,1,1,有,有,有,20000,237,升降機械,0.0,2000,參加國家住宅及都市更新中心辦理社會住宅包租代管第五期計畫中央版續租案件；,RPRNMLMKNHLGFCD08CC,整棟(戶)出租,無,1150505~1160504,有,冷氣、熱水器、洗衣機、電視機、冰箱,社會住宅代管
東區,租賃房屋,臺南市東區林森路一段１６０號十一樓之１０,0.0,,,,1150508,土地0建物1車位0,十一層,12,住宅大樓(11層含以上有電梯),住家用,鋼筋混凝土造,0790926,30.44,1,0,1,有,有,有,7000,230,,0.0,0,台南市政府包租代管第4期計畫之物件。續租案件；,RPSNMLMKNHLGFCD18CC,獨立套房,有,1150605~1160604,有,冷氣、熱水器、洗衣機、冰箱,社會住宅包租轉租
東區,租賃房屋,臺南市東區崇明２４街８０號６樓之６,0.0,,,,1150506,土地0建物1車位0,六層,6,華廈(10層含以下有電梯),集合住宅,鋼筋混凝土構造,1110601,129.05,2,1,2,有,有,有,26500,205,,0.0,0,管理費:18000元水費:350元,RPTNMLMKNHLGFCD28CC,整棟(戶)出租,有,1150710~1170709,有,冷氣、熱水器、洗衣機、電視機、冰箱、網路,一般轉租
東區,租賃房屋,臺南市東區崇明２４街８０號３樓之５,0.0,,,,1150505,土地0建物1車位0,三層,6,華廈(10層含以下有電梯),集合住宅,鋼筋混凝土構造,1110601,44.519999999999996,1,0,1,有,有,有,14300,321,,0.0,0,管理費:1200元水費:250元,RPUNMLMKNHLGFCD38CC,獨立套房,有,1150510~1160509,有,冷氣、熱水器、洗衣機、電視機、冰箱、網路,一般轉租
東區,租賃房屋,臺南市東區崇明２４街８０號５樓之３３,0.0,,,,1150423,土地0建物1車位0,五層,6,華廈(10層含以下有電梯),集合住宅,鋼筋混凝土構造,1110601,34.76,1,0,1,有,有,有,11500,331,,0.0,0,管理費:1100元水費:200元,RPVNMLMKNHLGFCD48CC,獨立套房,有,1150501~1160430,有,冷氣、熱水器、洗衣機、電視機、冰箱、網路,一般轉租
東區,租賃房屋,臺南市東區林森路一段１６０號七樓之９,0.0,,,,1150415,土地0建物1車位0,七層,12,住宅大樓(11層含以上有電梯),商業用,鋼筋混凝土造,0790926,30.91,1,1,1,有,有,有,5800,188,,0.0,0,台南市社會住宅包租代管第5期計畫中央版租金依照租金水準區間表評定,RPXNMLMKNHLGFCD68CC,獨立套房,有,1150421~1180420,有,冷氣、熱水器、洗衣機、冰箱、瓦斯或天然氣,社會住宅代管
鹽水區,租賃房屋,臺南市鹽水區義稠１１０之２５號四樓之二,0.0,,,,1150505,土地0建物1車位0,四層,12,住宅大樓(11層含以上有電梯),住家用,鋼筋混凝土造,0850823,109.51,3,1,2,有,有,有,9000,82,,0.0,0,國家住宅及都市更新中心社會住宅包租代管中央版第五期計畫,RPPNMLMKNHLGFDD97CC,整棟(戶)出租,有,1150505~1180504,有,冷氣、熱水器、洗衣機、電視機、冰箱、瓦斯或天然氣,社會住宅包租轉租
新營區,租賃房屋,臺南市新營區和平路１０４巷３０之２號,0.0,,,,1150508,土地0建物1車位0,四層,4,公寓(5樓含以下無電梯),住家用,加強磚造,0670621,85.93,3,2,1,有,無,有,8000,93,,0.0,0,台南市政府包租代管第4期計畫之物件。續租案件；,RPQNMLMKNHLGFDD08CC,整棟(戶)出租,無,1150605~1160604,無,熱水器、瓦斯或天然氣,社會住宅包租轉租
鹽水區,租賃房屋,臺南市鹽水區土庫８４號二樓之五,0.0,,,,1150414,土地0建物1車位0,二層,4,公寓(5樓含以下無電梯),住家用,鋼筋混凝土造,0820401,30.240000000000002,1,1,1,有,無,有,6000,198,,0.0,0,台南市社會住宅包租代管第4期計畫公會版租金依照租金水準區間表評定續租案件；,RPRNMLMKNHLGFDD18CC,獨立套房,無,1150418~1160417,無,冷氣、熱水器、洗衣機、電視機、冰箱,社會住宅代管
麻豆區,租賃房屋,臺南市麻豆區興國路５６之１３號１０樓,0.0,,,,1150501,土地0建物1車位0,十層,11,住宅大樓(11層含以上有電梯),集合住宅,鋼筋混凝土造,0870612,101.79,2,1,1,有,有,有,15000,147,,0.0,0,1.契約書未約定土地租賃標的2.由出租人提供租屋資訊多人共同承租2；租金總額含管理費；,RPPNMLMKNHLGFFD18CC,整棟(戶)出租,有,1150501~1160430,有,冷氣、熱水器、電視機,
學甲區,租賃房屋,臺南市學甲區育德路１５１巷９號,0.0,,,,1150427,土地0建物1車位0,全,3,透天厝,住家用,鋼筋混凝土造,1130117,153.84,4,2,3,有,無,有,28445,185,,0.0,0,,RPPNMLMKNHLGFGD28CC,整棟(戶)出租,無,1150515~1160514,無,冷氣、熱水器、洗衣機、冰箱,
西港區,租賃房屋,臺南市西港區慶安路１７１巷１２８號４樓A室,0.0,,,,1150414,土地0建物0車位0,全,4,透天厝,店舖（Ｇ３）、住宅（Ｈ２）,鋼筋混凝土造,1100608,19.83,5,2,6,有,無,有,9000,454,,0.0,0,多人共同承租2；租金總額含網路費；,RPQNMLMKNHLGFGD38CC,分租套房,無,1150414~1160414,無,冷氣、熱水器、洗衣機、電視機、冰箱、有線電視、網路,
學甲區,租賃房屋,臺南市學甲區仁得里八德街２３８號二樓之十,0.0,,,,1150414,土地0建物1車位0,二層,6,華廈(10層含以下有電梯),住家用,鋼筋混凝土造,0840501,37.79,1,1,1,有,有,有,7800,206,,0.0,0,台南市社會住宅包租代管第4期計畫公會版租金依照租金水準區間表評定續租案件；,RPSNMLMKNHLGFGD58CC,獨立套房,有,1150417~1160416,有,冷氣、熱水器,社會住宅代管
學甲區,租賃房屋,臺南市學甲區仁得里八德街２３８號四樓之十二,0.0,,,,1150415,土地0建物1車位0,四層,6,華廈(10層含以下有電梯),住家用,鋼筋混凝土造,0840501,45.769999999999996,1,1,1,有,有,有,6500,142,,0.0,0,台南市社會住宅包租代管第4期計畫公會版租金依照租金水準區間表評定續租案件；,RPTNMLMKNHLGFGD68CC,獨立套房,有,1150420~1160414,有,冷氣、熱水器、洗衣機、電視機、冰箱,社會住宅代管
善化區,租賃房屋,臺南市善化區中華路１７號,0.0,,,,1150509,土地0建物0車位0,全,4,透天厝,店舖，住宅，梯廳，車庫，梯間，機械室,鋼筋混凝土造,0941220,16.53,30,0,30,有,無,有,8000,484,,0.0,0,其他清潔費；,RPQNMLMKNHLGFHD48CC,分租套房,無,1150516~1160515,有,冷氣、熱水器、洗衣機、電視機、冰箱、網路,一般轉租
善化區,租賃房屋,臺南市善化區胡厝寮２２０之１０號二樓之５,0.0,,,,1150507,土地0建物1車位0,二層,6,華廈(10層含以下有電梯),集合住宅,鋼筋混凝土造,1110621,115.02,3,2,2,有,有,有,21257,185,,0.0,0,台南市不動產租賃公會民間住宅包租代管第5期計畫。管理費1743元由出租人負擔。續租案件；,RPUNMLMKNHLGFHD88CC,整棟(戶)出租,有,1150508~1160507,有,冷氣、熱水器、洗衣機、電視機、冰箱,社會住宅代管
善化區,租賃房屋,臺南市善化區北子店２０８號,0.0,,,,1150510,土地0建物0車位0,全,4,透天厝,住商用,鋼筋混凝土造,1080611,29.75,8,0,7,有,無,有,9000,303,,0.0,0,1.契約書未約定土地租賃標的。2.由所有權人提供租屋資訊。租金總額含網路費；,RPVNMLMKNHLGFHD98CC,分租套房,無,1150512~1160511,有,冷氣、熱水器、洗衣機、電視機、冰箱、網路,
仁德區,租賃房屋+車位,臺南市仁德區文心路７６號４樓之７,0.0,,,,1150420,土地0建物1車位1,四層,24,住宅大樓(11層含以上有電梯),集合住宅,鋼筋混凝土構造,1100315,136.82999999999998,2,2,2,有,有,有,22500,164,坡道平面,16.89,0,1.契約書未約定土地租賃標的。2.由所有權人提供租屋資訊。租金總額含管理費；其他一個機車停車位；續租案件；,RPPNMLMKNHLGFID48CC,整棟(戶)出租,有,1150420~1160419,有,冷氣、熱水器、洗衣機、電視機、冰箱、瓦斯或天然氣,
歸仁區,租賃房屋+車位,臺南市歸仁區高鐵大道３３號三樓之６,0.0,,,,1150505,土地0建物1車位1,三層,17,住宅大樓(11層含以上有電梯),集合住宅,鋼筋混凝土造,1141023,141.32,3,2,2,有,有,有,20000,142,坡道平面,25.44,0,管理費3000/月已扣除,RPRNMLMKNHLGFID68CC,整棟(戶)出租,有,1150515~1160514,有,冷氣、熱水器、電視機、冰箱,
歸仁區,租賃房屋+車位,臺南市歸仁區高發二路３１８號五樓之５,0.0,,,,1150508,土地0建物1車位1,五層,15,住宅大樓(11層含以上有電梯),集合住宅,鋼筋混凝土造,1120808,110.75,2,1,2,有,有,有,16300,159,坡道平面,20.61,2000,台南市社會住宅包租代管 第四期計畫公會版；水、電、瓦斯費由承租人負擔，租金已扣除管理費  1700  元。續租案件；,RPSNMLMKNHLGFID78CC,整棟(戶)出租,有,1150518~1160517,有,冷氣、熱水器、瓦斯或天然氣,社會住宅代管
仁德區,租賃房屋,臺南市仁德區德崙路３２５號,99.48,商,,,1150509,土地1建物1車位0,全,5,透天厝,住家用,鋼筋混凝土造,0861119,219.27,6,2,5,有,無,無,30000,137,,0.0,0,含增建或未登記建物；,RPTNMLMKNHLGFID88CC,整棟(戶)出租,無,1150601~1170531,無,冷氣、熱水器、洗衣機,
仁德區,租賃房屋,臺南市仁德區中正西路４０２號二樓之１６,0.0,,,,1150506,土地0建物1車位0,二層,4,華廈(10層含以下有電梯),辦公室,鋼筋混凝土造,0960920,13.629999999999999,1,0,1,有,有,有,2600,191,,0.0,0,含增建或未登記建物；,RPUNMLMKNHLGFID98CC,獨立套房,有,1150506~1151105,有,冷氣、熱水器、電視機、冰箱、網路,一般代管
仁德區,租賃房屋,臺南市仁德區中正西路３６０巷２０弄４１號二樓之１,0.0,,,,1150425,土地0建物1車位0,二層,4,華廈(10層含以下有電梯),辦公室,鋼筋混凝土造,0960920,14.280000000000001,1,0,1,有,有,有,3100,217,,0.0,0,含增建或未登記建物；續租案件；,RPVNMLMKNHLGFID09CC,獨立套房,有,1150501~1160430,有,冷氣、熱水器、電視機、冰箱、網路,一般代管
永康區,租賃房屋,臺南市永康區大灣路９４２巷３８８弄２５號四樓,0.0,,,,1150422,土地0建物1車位0,四層,7,華廈(10層含以下有電梯),國民住宅,鋼筋混凝土造,0870409,115.74,3,2,2,有,有,有,19800,171,,0.0,0,參加國家住宅及都市更新中心辦理社會住宅包租代管第5期計畫中央版,RPPNMLMKNHLGFKD68CC,整棟(戶)出租,有,1150501~1180430,有,冷氣、熱水器、洗衣機、冰箱,社會住宅包租轉租
永康區,租賃房屋+車位,臺南市永康區中華路１５４巷１８弄２號十一樓之２,0.0,,,,1150424,土地0建物1車位1,十一層,11,住宅大樓(11層含以上有電梯),住家用,鋼筋混凝土造,0820310,123.22999999999999,2,2,2,有,有,有,18000,146,坡道平面,0.0,1000,參加國家住宅及都市更新中心辦理社會住宅包租代管第五期計畫中央版多人共同承租2；續租案件；,RPQNMLMKNHLGFKD78CC,整棟(戶)出租,有,1150507~1160506,有,冷氣、熱水器、洗衣機、電視機、冰箱,社會住宅代管
永康區,租賃房屋,臺南市永康區永華路５０３號三樓之５,0.0,,,,1150506,土地0建物0車位0,三層,3,華廈(10層含以下有電梯),住家用,鋼筋混凝土構造,1040518,19.79,38,0,38,有,無,有,6150,311,,0.0,0,租金總額含網路費；其他有線電視或MOD；租賃建物部分範圍，且未計入共有部分面積；續租案件；,RPRNMLMKNHLGFKD88CC,分租套房,無,1150701~1160630,有,冷氣、熱水器、洗衣機、電視機、冰箱、有線電視、網路,一般代管
永康區,租賃房屋,臺南市永康區大橋一街１０３巷２０２號,0.0,,,,1150505,土地0建物1車位0,見其他登記事項,6,店面(店鋪),店舖、辦公室。,鋼筋混凝土造,0811114,134.01,2,0,1,有,有,無,24000,179,,0.0,0,1.契約書未約定土地租賃標的。2.由所有權人提供出租資訊。租金總額含管理費；租賃期間有約定不同租金115年5月5日到115年6月14日為裝潢期。；,RPSNMLMKNHLGFKD98CC,,無,1150615~1180614,有,,
永康區,租賃房屋,臺南市永康區復華三街６８號十五樓之４,0.0,,,,1150507,土地0建物1車位0,十五層,19,住宅大樓(11層含以上有電梯),住家用,鋼筋混凝土造,0840908,92.22999999999999,3,1,2,有,有,有,15000,163,,0.0,0,1.契約書未約定土地租賃標的。2.由所有權人提供出租資訊。租金總額含管理費；,RPTNMLMKNHLGFKD09CC,整棟(戶)出租,有,1150510~1160509,有,冷氣、熱水器、瓦斯或天然氣,
永康區,租賃房屋,臺南市永康區國光八街１１巷３號六樓,0.0,,,,1150423,土地0建物1車位0,六層,7,華廈(10層含以下有電梯),住家用,鋼筋混凝土造,0810604,142.7,3,2,2,有,有,有,18100,127,,0.0,0,參加國家住宅及都市更新中心辦理社會住宅包租代管增辦第四期計畫公會版多人共同承租2；未租賃車位，建物登記含有車位面積；,RPUNMLMKNHLGFKD56CC,整棟(戶)出租,有,1150501~1160430,有,冷氣、熱水器、洗衣機、冰箱、瓦斯或天然氣,社會住宅代管
永康區,租賃房屋,臺南市永康區東灣里民族路２７３巷２５號,0.0,,,,1150509,土地0建物1車位0,全,5,透天厝,住商用,鋼筋混凝土造,0791221,88.84,5,0,4,有,無,有,16000,180,,0.0,0,1.契約書未約定土地租賃標的。2.由所有權人提供出租資訊。多人共同承租2；租金總額含水費；,RPVNMLMKNHLGFKD66CC,分層出租,無,1150515~1160514,無,冷氣、熱水器,
永康區,租賃房屋,臺南市永康區崑山里大灣路９６０巷１０號,0.0,,,,1150506,土地0建物0車位0,全,2,透天厝,住家用,加強磚造,0681101,14.7,5,0,5,有,無,有,6800,463,,0.0,0,多人共同承租2；租金總額含水費；網路費；其他有線電視或MOD；續租案件；,RPOOMLMKNHLGFKD68CC,分租套房,無,1150601~1160531,無,冷氣、熱水器、洗衣機、電視機、冰箱、有線電視、網路,一般代管
永康區,租賃房屋,臺南市永康區忠義街６０巷３號九樓之５,0.0,,,,1150501,土地0建物1車位0,九層,15,住宅大樓(11層含以上有電梯),辦公室。,鋼筋混凝土造,0840331,61.21,1,0,1,有,有,有,12000,196,,0.0,0,參加公會版住宅包租代管四期計畫租金總額含管理費；續租案件；,RPPOMLMKNHLGFKD78CC,獨立套房,有,1150501~1160430,有,冷氣、熱水器、洗衣機、電視機、冰箱,社會住宅代管
永康區,租賃房屋,臺南市永康區五福街２１號三樓之１８,0.0,,,,1150423,土地0建物1車位0,三層,7,華廈(10層含以下有電梯),住家用,鋼筋混凝土造,0800619,46.480000000000004,1,1,1,有,有,有,8600,185,,0.0,0,參加國家住宅及都市更新中心辦理社會住宅包租代管增辦第四期計畫公會版續租案件；,RPROMLMKNHLGFKD98CC,獨立套房,無,1150601~1170531,有,冷氣、熱水器、洗衣機、電視機、冰箱、瓦斯或天然氣,社會住宅包租轉租
永康區,租賃房屋,臺南市永康區大灣路１００４號,0.0,,,,1150508,土地0建物1車位0,一層,1,店面(店鋪),工業用,鋼造,0740809,112.52,0,1,1,有,無,無,60000,533,,0.0,0,租賃建物部分範圍，且未計入共有部分面積；租賃期間有約定不同租金1150510-1220309每月租金60000元，1220310-1250309每月租金70000元。；,RPSOMLMKNHLGFKD09CC,,無,1150510~1250309,無,,
永康區,租賃房屋,臺南市永康區鹽州里鹽忠街１１８號４樓之１３,0.0,,,,1150429,土地0建物1車位0,四層,8,華廈(10層含以下有電梯),辦公室,鋼筋混凝土造,0950918,17.08,1,0,1,有,有,有,4300,252,,0.0,0,含增建或未登記建物；續租案件；,RPUOMLMKNHLGFKD66CC,獨立套房,有,1150601~1160531,有,冷氣、熱水器、電視機、冰箱、網路,一般代管
永康區,租賃房屋,臺南市永康區安康里大橋一街５７之５號八樓之３８,0.0,,,,1150414,土地0建物1車位0,八層,14,住宅大樓(11層含以上有電梯),住家用,鋼筋混凝土造,0880824,31.0,1,1,1,有,有,有,7000,226,,0.0,0,台南市社會住宅包租代管增辦第4期計畫公會版租金依照租金水準區間表評定,RPVOMLMKNHLGFKD76CC,獨立套房,有,1150420~1160419,有,冷氣、熱水器、洗衣機、電視機、冰箱、有線電視、網路,社會住宅代管
永康區,租賃房屋,臺南市永康區鹽州里鹽忠街１１８號４樓之１８,0.0,,,,1150504,土地0建物1車位0,四層,8,華廈(10層含以下有電梯),辦公室,鋼筋混凝土造,0950918,18.39,1,0,1,有,有,有,4300,234,,0.0,0,含增建或未登記建物；續租案件；,RPWOMLMKNHLGFKD86CC,獨立套房,有,1150912~1160911,有,冷氣、熱水器、電視機、冰箱、網路,一般代管
永康區,租賃房屋,臺南市永康區鹽州里鹽忠街１１８號６樓之１３,0.0,,,,1150504,土地0建物1車位0,六層,8,華廈(10層含以下有電梯),辦公室,鋼筋混凝土造,0950918,17.08,1,0,1,有,有,有,4300,252,,0.0,0,含增建或未登記建物；續租案件；,RPXOMLMKNHLGFKD96CC,獨立套房,有,1150607~1151206,有,冷氣、熱水器、電視機、冰箱、網路,一般代管
永康區,租賃房屋,臺南市永康區鹽州里鹽忠街１１８號８樓之１２,0.0,,,,1150507,土地0建物1車位0,八層,8,華廈(10層含以下有電梯),辦公室,鋼筋混凝土造,0950918,17.08,1,0,1,有,有,有,4300,252,,0.0,0,含增建或未登記建物；續租案件；,RPOPMLMKNHLGFKD78CC,獨立套房,有,1150902~1160901,有,冷氣、熱水器、電視機、冰箱、網路,一般代管
永康區,租賃房屋+車位,臺南市永康區大仁街１６６號六樓之４,0.0,,,,1150424,土地0建物1車位1,六層,8,華廈(10層含以下有電梯),住家用,鋼筋混凝土造,0840321,125.21000000000001,3,2,2,有,有,有,20000,160,坡道機械,0.0,1000,參加國家住宅及都市更新中心辦理社會住宅包租代管第四期計畫公會版多人共同承租2；續租案件；,RPPPMLMKNHLGFKD88CC,整棟(戶)出租,有,1150501~1160131,有,冷氣、熱水器、洗衣機、電視機、冰箱、瓦斯或天然氣,社會住宅代管
安平區,租賃房屋+車位,臺南市安平區育平路５２號十一樓之６,0.0,,,,1150425,土地0建物1車位1,十一層,14,住宅大樓(11層含以上有電梯),集合住宅,鋼筋混凝土構造,1021225,122.19,2,2,1,有,有,無,18000,147,坡道平面,0.0,0,,RPPNMLNKNHLGFAD77CC,整棟(戶)出租,有,1150601~1200531,有,冷氣、熱水器、冰箱,
中西區,租賃房屋,臺南市中西區金華路三段２５２號十六樓之１２,0.0,,,,1150425,土地0建物1車位0,十六層,21,住宅大樓(11層含以上有電梯),住家用,鋼筋混凝土造,0870219,35.150000000000006,1,1,1,有,有,有,8000,228,,0.0,0,參加國家住宅及都市更新中心辦理社會住宅包租代管增辦第四期計畫公會版續租案件；,RPQNMLNKNHLGFAD87CC,獨立套房,有,1150620~1160619,有,冷氣、熱水器、洗衣機、電視機、冰箱,社會住宅代管
中西區,租賃房屋,臺南市中西區大同路一段４６巷５０號２樓之９,0.0,,,,1150427,土地0建物1車位0,二層,5,華廈(10層含以下有電梯),集合住宅,鋼筋混凝土造,0870706,32.3,1,0,1,有,有,有,15000,464,,0.0,0,參加國家住宅及都市更新中心辦理社會住宅包租代管增辦第四期計畫公會版租金總額含管理費；網路費；其他第四台；續租案件；,RPRNMLNKNHLGFAD97CC,獨立套房,無,1150601~1160531,有,冷氣、熱水器、洗衣機、電視機、冰箱、有線電視、網路,社會住宅代管
北區,租賃房屋,臺南市北區長榮路五段４０１巷１０７弄６號,0.0,,,,1150420,土地0建物1車位0,全,2,透天厝,住家用,加強磚造,0580916,61.37,3,2,1,有,無,有,12000,196,,0.0,0,參加臺南市社會住宅包租代管第4期計畫續租案件；,RPSNMLNKNHLGFAD08CC,整棟(戶)出租,無,1150420~1160419,無,熱水器,社會住宅代管
安平區,租賃房屋,臺南市安平區健康三街４６０巷６２號８樓之１１,0.0,,,,1150420,土地0建物1車位0,八層,8,華廈(10層含以下有電梯),住家用,鋼筋混凝土造,0830722,137.81,3,2,2,有,有,有,20000,145,,0.0,0,參加臺南市社會住宅包租代管第4期計畫租金總額含管理費；續租案件；,RPTNMLNKNHLGFAD18CC,整棟(戶)出租,有,1150420~1160419,有,冷氣、熱水器、洗衣機、冰箱,社會住宅代管
安南區,租賃房屋,臺南市安南區安昌街７６號,0.0,,,,1150427,土地0建物0車位0,三層,4,華廈(10層含以下有電梯),住宅，停車空間,鋼筋混凝土造,1030704,20.79,21,0,21,有,無,有,6600,317,,0.0,0,租金總額含水費；網路費；其他有線電視或MOD；租賃建物部分範圍，且未計入共有部分面積；,RPPNMLNKNHLGFBD87CC,分租套房,無,1150427~1160509,有,冷氣、熱水器、電視機、冰箱、有線電視、網路,一般代管
安南區,租賃房屋,臺南市安南區府安路五段２２３巷３７號,0.0,,,,1150417,土地0建物1車位0,全,3,透天厝,住家用,鋼筋混凝土造,0841021,163.32,4,2,3,有,無,有,22000,135,,0.0,0,參加臺南市社會住宅包租代管第4期計畫續租案件；,RPSNMLNKNHLGFBD18CC,整棟(戶)出租,無,1150420~1160419,無,冷氣,社會住宅代管
東區,租賃房屋,臺南市東區衛國街１１４巷９弄１３號,0.0,,,,1150422,土地0建物1車位0,一層,7,華廈(10層含以下有電梯),集合住宅,鋼筋混凝土造,0690522,71.94,3,1,1,有,有,有,18000,250,,0.0,0,參加國家住宅及都市更新中心辦理社會住宅包租代管第四期計畫公會版租金總額含管理費；續租案件；,RPRNMLNKNHLGFCD18CC,整棟(戶)出租,有,1150501~1160228,有,冷氣、熱水器、電視機、冰箱,社會住宅代管
東區,租賃房屋,臺南市東區慶東街１６２巷２號,0.0,,,,1150426,土地0建物1車位0,全,2,透天厝,住家用,加強磚造,0641024,109.51,5,1,3,有,無,有,15000,137,,0.0,0,多人共同承租5；續租案件；,RPTNMLNKNHLGFCD38CC,整棟(戶)出租,無,1150701~1160630,無,冷氣、熱水器、洗衣機、電視機、冰箱、瓦斯或天然氣,
東區,租賃房屋,臺南市東區榮譽街８４巷１０５號３樓之１,0.0,,,,1150420,土地0建物1車位0,三層,5,公寓(5樓含以下無電梯),住家用,鋼筋混凝土造,0781125,78.10000000000001,3,2,2,有,有,有,14000,179,,0.0,0,參加臺南市社會住宅包租代管第4期計畫租金總額含管理費；續租案件；,RPUNMLNKNHLGFCD48CC,整棟(戶)出租,無,1150420~1160419,無,冷氣、熱水器、洗衣機、冰箱,社會住宅代管
新市區,租賃房屋,臺南市新市區富林路１８６號六樓之１,0.0,,,,1150508,土地0建物1車位0,六層,7,華廈(10層含以下有電梯),集合住宅,鋼筋混凝土造,1080806,92.9,2,1,2,有,有,有,16985,183,,0.0,0,台南市政府包租代管第4期計畫之物件。管理費1015元由出租人負擔。未租賃車位，建物登記含有車位面積；續租案件；,RPPNMLNKNHLGFHD48CC,整棟(戶)出租,有,1150512~1160511,有,冷氣、熱水器、洗衣機、電視機、冰箱,社會住宅包租轉租
安定區,租賃房屋,臺南市安定區港口３３１之２１號四樓之８,0.0,,,,1150422,土地0建物1車位0,四層,6,華廈(10層含以下有電梯),集合住宅,鋼筋混凝土造,1120112,108.92999999999999,3,2,2,有,有,有,20000,184,,0.0,0,參加國家住宅及都市更新中心辦理社會住宅包租代管第五期計畫公會版租金總額含管理費；,RPQNMLNKNHLGFHD58CC,整棟(戶)出租,有,1150506~1160505,有,冷氣、熱水器、洗衣機、電視機、冰箱,社會住宅代管
歸仁區,租賃房屋+車位,臺南市歸仁區高發二路３２０號１２樓之６,0.0,,,,1150424,土地0建物1車位1,十二層,15,住宅大樓(11層含以上有電梯),集合住宅,鋼筋混凝土造,1120808,140.6,2,2,2,有,有,有,23000,171,坡道平面,20.61,2500,參加國家住宅及都市更新中心辦理社會住宅包租代管第五期計畫中央版租金總額含管理費；網路費；,RPQNMLNKNHLGFID68CC,整棟(戶)出租,有,1150501~1160430,有,冷氣、熱水器、洗衣機、電視機、冰箱、瓦斯或天然氣、網路,社會住宅代管
仁德區,租賃房屋,臺南市仁德區中正西路３６０巷２０弄４１號四樓之２５,0.0,,,,1150425,土地0建物1車位0,四層,4,華廈(10層含以下有電梯),辦公室,鋼筋混凝土造,0960920,14.149999999999999,1,1,1,有,有,有,3500,247,,0.0,0,參加國家住宅及都市更新中心辦理社會住宅包租代管第五期計畫中央版,RPRNMLNKNHLGFID78CC,獨立套房,有,1150501~1160430,有,冷氣、熱水器、電視機、冰箱,社會住宅代管
永康區,租賃房屋+車位,臺南市永康區永安一街５６巷６號１２樓之３,0.0,,,,1150508,土地0建物1車位1,十二層,13,住宅大樓(11層含以上有電梯),住家用,鋼筋混凝土構造,1080726,145.51,3,2,2,有,有,有,27500,189,坡道平面,35.58,0,租金總額含管理費；,RPPNMLNKNHLGFKD78CC,整棟(戶)出租,有,1150508~1160507,有,冷氣、熱水器、洗衣機、電視機、冰箱、瓦斯或天然氣,
永康區,租賃房屋,臺南市永康區忠義街６０巷１號九樓之４,0.0,,,,1150508,土地0建物1車位0,九層,15,住宅大樓(11層含以上有電梯),辦公室。,鋼筋混凝土造,0840331,61.21,1,1,1,有,有,有,15000,245,,0.0,0,1.契約書未約定土地租賃標的。2.115.5.8-115.5.14止為無償使用期間。多人共同承租2；,RPQNMLNKNHLGFKD88CC,獨立套房,有,1150515~1160514,有,冷氣、熱水器、洗衣機、電視機、冰箱,
永康區,租賃房屋,臺南市永康區華興街９７號五樓之３２,0.0,,,,1150508,土地0建物1車位0,五層,15,住宅大樓(11層含以上有電梯),住家用,鋼筋混凝土造,0840331,90.5,1,1,1,有,有,有,11100,123,,0.0,0,此為國家住宅及都市更新中心社會住宅包租代管第5期計畫。管理費900元由出租人負擔續租案件；,RPTNMLNKNHLGFKD56CC,獨立套房,有,1150517~1160516,有,冷氣、熱水器、洗衣機、冰箱,社會住宅包租轉租
永康區,租賃房屋,臺南市永康區東橋一路１８１號,0.0,,,,1150424,土地0建物1車位0,見其他登記事項,2,店面(店鋪),住家用,加強磚造,0730119,139.02,3,2,2,有,無,無,45000,324,,0.0,0,租賃期間自民國115年4月24日起至民國118年7月15日止。民國115/4/25~115/7/15係免租金裝潢準備期，租金自115年7月16日起算。,RPVNMLNKNHLGFKD76CC,,無,1150424~1180715,無,冷氣,
永康區,租賃房屋,臺南市永康區復國一路７７號,0.0,,,,1150417,土地0建物1車位0,全,2,透天厝,住家用,鋼筋混凝土造,0760820,123.04,5,2,2,有,無,有,23000,187,,0.0,0,參加臺南市社會住宅包租代管第4期計畫續租案件；,RPWNMLNKNHLGFKD86CC,整棟(戶)出租,無,1150420~1160419,無,冷氣、熱水器、洗衣機、冰箱,社會住宅代管
中西區,租賃房屋,臺南市中西區健康路一段４１０巷１９號,0.0,,,,1150421,土地0建物1車位0,全,5,透天厝,住商用,鋼筋混凝土造,0730519,225.32,4,3,5,有,無,有,18000,80,,0.0,0,國家住宅及都市更新中心社會住宅包租代管中央版第五期計畫,RPQNMLOKNHLGFAD97CC,整棟(戶)出租,無,1150525~1180524,無,冷氣、熱水器,社會住宅包租轉租
安平區,租賃房屋+車位,臺南市安平區國平北路１４７號９樓之１３,0.0,,,,1150508,土地0建物1車位1,九層,34,住宅大樓(11層含以上有電梯),集合住宅,鋼骨鋼筋混凝土造、鋼筋混凝土造,1140415,106.81,2,1,1,有,有,有,23000,215,坡道平面,27.92,0,租金總額含管理費；,RPTNMLOKNHLGFAD28CC,整棟(戶)出租,有,1150515~1160514,有,冷氣、熱水器、洗衣機、電視機、冰箱,
安平區,租賃房屋,臺南市安平區國平北路１８８號１７樓之５,0.0,,,,1150506,土地0建物1車位0,十七層,29,住宅大樓(11層含以上有電梯),集合住宅,鋼筋混凝土造,1121017,81.02,2,2,1,有,有,有,17231,213,,0.0,0,1.搬遷期為115年5月6日至115年5月9日，不計租金。2.租金已扣除每月管理費1769元。,RPVNMLOKNHLGFAD48CC,整棟(戶)出租,有,1150510~1160509,有,冷氣、熱水器、洗衣機、電視機、冰箱、瓦斯或天然氣,
安平區,租賃房屋,臺南市安平區國平北路１４７號七樓之１,0.0,,,,1150507,土地0建物1車位0,七層,34,住宅大樓(11層含以上有電梯),集合住宅,鋼骨鋼筋混凝土造、鋼筋混凝土造,1140415,181.0,4,2,2,有,有,有,11962,66,,0.0,0,台南市社會住宅包租代管 第5期計畫 中央版；水、電、瓦斯、網路費由承租人負擔。租金已扣除管理費3038元。未租賃車位，建物登記含有車位面積；,RPXNMLOKNHLGFAD68CC,整棟(戶)出租,有,1150512~1180511,有,冷氣、熱水器、電視機、冰箱,社會住宅包租轉租
安平區,租賃房屋,臺南市安平區健康二街３９０號,0.0,,,,1150429,土地0建物0車位0,全,5,透天厝,住商用,鋼筋混凝土造,0810716,25.2,10,0,10,有,無,有,8000,317,,0.0,0,租金總額含網路費；續租案件；,RPQOMLOKNHLGFAD08CC,分租套房,無,1150520~1160519,有,冷氣、熱水器、洗衣機、電視機、冰箱、網路,一般代管
安平區,租賃房屋,臺南市安平區國平北路１３７號五樓之１,0.0,,,,1150416,土地0建物1車位0,五層,34,住宅大樓(11層含以上有電梯),集合住宅,鋼骨鋼筋混凝土造、鋼筋混凝土造,1140415,137.72,2,1,2,有,有,有,21000,152,,0.0,0,台南市社會住宅包租代管第5期計畫中央版租金依照租金水準區間表評定未租賃車位，建物登記含有車位面積；,RPROMLOKNHLGFAD18CC,整棟(戶)出租,有,1150422~1180421,有,冷氣、熱水器、洗衣機、電視機、冰箱,社會住宅代管
北區,租賃房屋,臺南市北區開元路４８５巷２４號十二樓之９,0.0,,,,1150416,土地0建物1車位0,十二層,12,住宅大樓(11層含以上有電梯),住家用,鋼筋混凝土造,0701228,103.97,2,2,2,有,有,有,12000,115,,0.0,0,台南市社會住宅包租代管增辦第4期計畫公會版租金依照租金水準區間表評定,RPTOMLOKNHLGFAD38CC,整棟(戶)出租,有,1150422~1160421,有,熱水器,社會住宅代管
中西區,租賃房屋,臺南市中西區中華西路二段７７３號,0.0,,,,1150508,土地0建物1車位0,見其他登記事項,5,店面(店鋪),店舖、住宅、停車空間,ＲＣ造,0930903,269.2,1,2,3,有,無,無,60000,223,,0.0,0,115.05.15-115.07.14裝潢期免租金租金總額含稅；,RPUOMLOKNHLGFAD48CC,,無,1150515~1230714,有,,
中西區,租賃房屋,臺南市中西區府前路二段２５８巷３３號四樓之２,0.0,,,,1150428,土地0建物1車位0,四層,6,華廈(10層含以下有電梯),住家用,鋼筋混凝土造,0790615,24.65,1,1,1,有,有,有,9000,365,,0.0,0,參加國家住宅及都市更新中心辦理社會住宅包租代管增辦第四期計畫公會版租金總額含管理費；,RPVOMLOKNHLGFAD58CC,獨立套房,有,1150501~1160430,有,冷氣、熱水器、洗衣機、電視機、冰箱,社會住宅代管
中西區,租賃房屋,臺南市中西區府前路一段９０巷７１號,0.0,,,,1150510,土地0建物1車位0,二層,2,公寓(5樓含以下無電梯),住商用,鋼筋混凝土造,0720406,86.49,3,3,1,有,無,有,18500,214,,0.0,0,多人共同承租3；租金總額含水費；網路費；其他第四台費用；續租案件；,RPOPMLOKNHLGFAD97CC,分層出租,無,1150601~1160630,無,冷氣、熱水器、洗衣機、冰箱、有線電視、網路,
安平區,租賃房屋,臺南市安平區育平五街６８號１０樓之１０,0.0,,,,1150427,土地0建物1車位0,十層,20,住宅大樓(11層含以上有電梯),住家用,鋼筋混凝土造,0871121,113.38,3,2,2,有,有,無,18000,159,,0.0,0,租金總額含管理費；,RPPPMLOKNHLGFAD08CC,整棟(戶)出租,有,1150601~1160531,有,冷氣、熱水器、冰箱,
安平區,租賃房屋,臺南市安平區建平三街２００巷２１弄２５號,0.0,,,,1150427,土地0建物1車位0,全,3,透天厝,住家用,鋼筋混凝土造,0780826,219.34,5,2,3,有,無,有,23000,105,,0.0,0,,RPQPMLOKNHLGFAD18CC,整棟(戶)出租,無,1150501~1170430,無,熱水器,
安南區,租賃房屋,臺南市安南區安昌街７６號,0.0,,,,1150505,土地0建物0車位0,二層,4,華廈(10層含以下有電梯),住宅，停車空間,鋼筋混凝土造,1030704,20.79,21,0,21,有,無,有,6600,317,,0.0,0,租金總額含水費；網路費；其他有線電視或MOD；租賃建物部分範圍，且未計入共有部分面積；,RPPNMLOKNHLGFBD97CC,分租套房,無,1150505~1160509,有,冷氣、熱水器、電視機、冰箱、有線電視、網路,一般代管
安南區,租賃房屋,臺南市安南區北安路二段６３巷１２號,0.0,,,,1150429,土地0建物1車位0,全,2,透天厝,住商用,加強磚造,0701117,117.86,4,2,3,有,無,有,20000,170,,0.0,0,參加國家住宅及都市更新中心辦理社會住宅包租代管第五期計畫中央版,RPRNMLOKNHLGFBD18CC,整棟(戶)出租,無,1150501~1160430,無,冷氣、熱水器,社會住宅代管
南區,租賃房屋,臺南市南區國民路２１７巷１８弄２號,0.0,,,,1150415,土地0建物1車位0,全,2,透天厝,住家用,加強磚造,0690716,114.16,5,2,2,有,無,有,15000,131,,0.0,0,參加臺南市社會住宅包租代管第4期計畫續租案件；,RPPNMLOKNHLGFCD08CC,整棟(戶)出租,無,1150415~1160414,無,冷氣、熱水器,社會住宅代管
東區,租賃房屋,臺南市東區東門路二段４４４號,0.0,,,,1150422,土地0建物1車位0,全,3,透天厝,住家用,鋼筋混凝土造,0680821,179.04,5,3,3,有,無,有,18000,101,,0.0,0,台南市社會住宅包租代管 第5期計畫 中央版；水、電、網路費由承租人負擔。,RPQNMLOKNHLGFCD18CC,整棟(戶)出租,無,1150510~1180509,無,冷氣、熱水器,社會住宅包租轉租
東區,租賃房屋,臺南市東區中華東路一段１９５號,0.0,,,,1150428,土地0建物1車位0,見其他登記事項,2,店面(店鋪),住商用,加強磚造,0640913,79.24,5,2,2,有,無,無,16500,208,,0.0,0,1.契約書未約定土地租賃標的。2.民國115年4月28日至民國115年5月31日為裝修期，優惠免租金。租金總額含稅；,RPRNMLOKNHLGFCD28CC,,無,1150428~1180531,無,,
東區,租賃房屋,臺南市東區中華東路一段１９５號,0.0,,,,1150428,土地0建物1車位0,全,2,透天厝,住商用,加強磚造,0640913,74.64,5,2,2,有,無,無,16500,221,,0.0,0,1.契約書未約定土地租賃標的。2.民國115年4月28日至民國115年5月31日為裝修期，優惠免租金。多人共同承租2；含增建或未登記建物；,RPUNMLOKNHLGFCD58CC,分層出租,無,1150428~1180531,無,,
東區,租賃房屋,臺南市東區長榮路一段２２７號１２樓之５,0.0,,,,1150429,土地0建物1車位0,十二層,12,住宅大樓(11層含以上有電梯),住家用,鋼筋混凝土造,0880805,36.92,1,1,1,有,有,有,7800,211,,0.0,0,參加國家住宅及都市更新中心辦理社會住宅包租代管增辦第四期計畫公會版續租案件；,RPWNMLOKNHLGFCD78CC,獨立套房,有,1150601~1160531,有,冷氣、熱水器、電視機、冰箱,社會住宅代管
東區,租賃房屋+車位,臺南市東區崇元一街１０號１０樓之９,0.0,,,,1150418,土地0建物1車位1,十層,14,住宅大樓(11層含以上有電梯),集合住宅,鋼筋混凝土構造、鋼骨造,1120329,118.58,2,2,2,有,有,有,25800,218,坡道平面,15.13,0,租金總額含管理費；,RPOOMLOKNHLGFCD08CC,整棟(戶)出租,有,1150501~1160430,有,冷氣、熱水器、洗衣機、電視機、冰箱、瓦斯或天然氣,
東區,租賃房屋,臺南市東區自由路二段９９號,0.0,,,,1150508,土地0建物1車位0,全,2,透天厝,住家用,加強磚造,0701223,110.66,2,1,2,有,無,無,20000,181,,0.0,0,1.契約書未約定土地租賃標的。2.承租人承租房屋係供水電材料存放之使用。,RPPOMLOKNHLGFCD18CC,,無,1150510~1170509,無,熱水器,
東區,租賃房屋,臺南市東區大同路一段２７５巷１１２號,0.0,,,,1150429,土地0建物1車位0,全,2,透天厝,住家用,加強磚造,0570820,75.08,2,2,2,有,無,有,8000,107,,0.0,0,參加國家住宅及都市更新中心辦理社會住宅包租代管第五期計畫中央版續租案件；,RPUOMLOKNHLGFCD68CC,整棟(戶)出租,無,1150515~1160514,無,熱水器、洗衣機、電視機、冰箱,社會住宅代管
東區,租賃房屋,臺南市東區崇明２４街８０號３樓之３９,0.0,,,,1150424,土地0建物1車位0,三層,6,華廈(10層含以下有電梯),集合住宅,鋼筋混凝土構造,1110601,39.480000000000004,1,0,1,有,有,有,11500,291,,0.0,0,管理費:1100元水費:200元,RPVOMLOKNHLGFCD78CC,獨立套房,有,1150501~1160430,有,冷氣、熱水器、洗衣機、電視機、冰箱、網路,一般轉租
東區,租賃房屋,臺南市東區東成街２８巷２號２樓之２,0.0,,,,1150426,土地0建物1車位0,二層,5,公寓(5樓含以下無電梯),住家用,鋼筋混凝土造,0770423,97.8,3,2,2,有,無,無,13000,133,,0.0,0,續租案件；,RPWOMLOKNHLGFCD88CC,整棟(戶)出租,無,1150601~1170531,無,熱水器,
官田區,租賃房屋,臺南市官田區鎮中路１１１巷５弄１號,0.0,,,,1150430,土地0建物1車位0,全,3,透天厝,住家用,鋼筋混凝土構造,1101021,178.61,4,2,3,有,無,有,23000,129,,0.0,0,國家住宅及都市更新中心社會住宅包租代管中央版第五期計畫多人共同承租4；,RPPNMLOKNHLGFFD38CC,整棟(戶)出租,無,1150801~1160731,無,冷氣、熱水器、洗衣機,社會住宅代管
善化區,租賃房屋,臺南市善化區目加溜灣大道５０５號１１樓之６,0.0,,,,1150509,土地0建物1車位0,十一層,14,住宅大樓(11層含以上有電梯),集合住宅,鋼筋混凝土造,1120905,145.13,3,1,2,有,有,有,19560,135,,0.0,0,多人共同承租2；,RPQNMLOKNHLGFHD68CC,整棟(戶)出租,有,1150510~1160509,有,冷氣、熱水器、洗衣機、電視機、冰箱,一般代管
善化區,租賃房屋+車位,臺南市善化區東勢寮１５６之１號３樓之２,0.0,,,,1150429,土地0建物1車位1,三層,6,華廈(10層含以下有電梯),集合住宅,鋼筋混凝土造,1130705,105.17,3,2,2,有,有,有,20000,206,一樓平面,12.94,1000,參加國家住宅及都市更新中心辦理社會住宅包租代管第五期計畫中央版租金總額含管理費；,RPVNMLOKNHLGFHD56CC,整棟(戶)出租,無,1150501~1160430,有,冷氣、熱水器、洗衣機、電視機、冰箱,社會住宅代管
歸仁區,租賃房屋,臺南市歸仁區和平北街６９號四樓,0.0,,,,1150505,土地0建物1車位0,四層,7,華廈(10層含以下有電梯),住家用,鋼筋混凝土造,0830720,149.59,4,2,2,有,有,無,12000,80,,0.0,0,台南市不動產租賃公會民間住宅包租代管第5期計畫。未租賃車位，建物登記含有車位面積；續租案件；,RPPNMLOKNHLGFID68CC,整棟(戶)出租,有,1150512~1160511,有,熱水器、瓦斯或天然氣,社會住宅代管
永康區,租賃房屋,臺南市永康區中華二路２６６巷１７號十五樓之２,0.0,,,,1150509,土地0建物1車位0,十五層,16,住宅大樓(11層含以上有電梯),住家用,鋼筋混凝土造,0850522,79.94,2,1,1,有,有,有,15000,188,,0.0,0,台南市不動產租賃公會民間住宅包租代管第5期計畫。多人共同承租2；,RPQNMLOKNHLGFKD98CC,整棟(戶)出租,有,1150511~1160510,有,冷氣、熱水器、洗衣機、冰箱、瓦斯或天然氣,社會住宅代管
永康區,租賃房屋,臺南市永康區大灣路７６４巷５６號５樓之１３,0.0,,,,1150510,土地0建物1車位0,五層,6,華廈(10層含以下有電梯),辦公室,鋼筋混凝土造,0940708,16.64,1,0,1,有,有,有,4100,246,,0.0,0,含增建或未登記建物；,RPRNMLOKNHLGFKD09CC,獨立套房,有,1150701~1151231,有,冷氣、熱水器、電視機、冰箱、網路,一般代管
永康區,租賃房屋,臺南市永康區大灣路７６４巷５８號４樓之１９,0.0,,,,1150508,土地0建物1車位0,四層,6,華廈(10層含以下有電梯),辦公室,鋼筋混凝土造,0940708,25.41,1,0,1,有,有,有,5300,209,,0.0,0,含增建或未登記建物；續租案件；,RPSNMLOKNHLGFKD56CC,獨立套房,有,1150521~1151120,有,冷氣、熱水器、電視機、冰箱、網路,一般代管
永康區,租賃房屋,臺南市永康區復華里復國一路４７５巷２８號二樓之７,0.0,,,,1150505,土地0建物1車位0,二層,5,華廈(10層含以下有電梯),住家用,鋼筋混凝土構造,1070402,13.600000000000001,1,0,1,有,有,有,4350,320,,0.0,0,含增建或未登記建物；續租案件；,RPTNMLOKNHLGFKD66CC,獨立套房,有,1150701~1151231,有,冷氣、熱水器、電視機、冰箱、網路,一般代管
永康區,租賃房屋,臺南市永康區復華里復國一路４７５巷２８號二樓之１６,0.0,,,,1150504,土地0建物1車位0,二層,5,華廈(10層含以下有電梯),住家用,鋼筋混凝土構造,1070402,13.61,1,0,1,有,有,有,4350,320,,0.0,0,含增建或未登記建物；續租案件；,RPUNMLOKNHLGFKD76CC,獨立套房,有,1150705~1160104,有,冷氣、熱水器、電視機、冰箱、網路,一般代管
永康區,租賃房屋,臺南市永康區復華里復國一路４７５巷２８號二樓之３１,0.0,,,,1150505,土地0建物1車位0,二層,5,華廈(10層含以下有電梯),住家用,鋼筋混凝土構造,1070402,13.61,1,0,1,有,有,有,4350,320,,0.0,0,含增建或未登記建物；續租案件；,RPVNMLOKNHLGFKD86CC,獨立套房,有,1150617~1151216,有,冷氣、熱水器、電視機、冰箱、網路,一般代管
永康區,租賃房屋,臺南市永康區復華里復國一路４７５巷２８號四樓之１８,0.0,,,,1150506,土地0建物1車位0,四層,5,華廈(10層含以下有電梯),住家用,鋼筋混凝土構造,1070402,13.61,1,0,1,有,有,有,4350,320,,0.0,0,含增建或未登記建物；續租案件；,RPWNMLOKNHLGFKD96CC,獨立套房,有,1150701~1151231,有,冷氣、熱水器、電視機、冰箱、網路,一般代管
永康區,租賃房屋,臺南市永康區復華里復國一路４７５巷２８號四樓之２８,0.0,,,,1150506,土地0建物1車位0,四層,5,華廈(10層含以下有電梯),住家用,鋼筋混凝土構造,1070402,13.989999999999998,1,0,1,有,有,有,4350,311,,0.0,0,含增建或未登記建物；續租案件；,RPXNMLOKNHLGFKD07CC,獨立套房,有,1150703~1160702,有,冷氣、熱水器、電視機、冰箱、網路,一般代管
永康區,租賃房屋,臺南市永康區復華里復國一路４７５巷２８號四樓之３１,0.0,,,,1150506,土地0建物1車位0,四層,5,華廈(10層含以下有電梯),住家用,鋼筋混凝土構造,1070402,13.61,1,0,1,有,有,有,4350,320,,0.0,0,含增建或未登記建物；續租案件；,RPOOMLOKNHLGFKD88CC,獨立套房,有,1150701~1160630,有,冷氣、熱水器、電視機、冰箱、網路,一般代管
永康區,租賃房屋,臺南市永康區復華里復國一路４７５巷２８號五樓之９,0.0,,,,1150505,土地0建物1車位0,五層,5,華廈(10層含以下有電梯),住家用,鋼筋混凝土構造,1070402,19.5,1,0,1,有,有,有,5500,282,,0.0,0,含增建或未登記建物；續租案件；,RPPOMLOKNHLGFKD98CC,獨立套房,有,1150707~1160106,有,冷氣、熱水器、電視機、冰箱、網路,一般代管
永康區,租賃房屋,臺南市永康區永興路１１３號,0.0,,,,1150429,土地0建物1車位0,見其他登記事項,13,住宅大樓(11層含以上有電梯),住商用,鋼筋混凝土造,0831018,197.99,3,2,3,有,有,有,25000,126,,0.0,0,參加國家住宅及都市更新中心辦理社會住宅包租代管第四期計畫公會版租金總額含管理費；續租案件；,RPSOMLOKNHLGFKD66CC,整棟(戶)出租,有,1150601~1160531,有,冷氣、熱水器、洗衣機、電視機、冰箱、瓦斯或天然氣,社會住宅代管
永康區,租賃房屋,臺南市永康區新行街１３３號八樓之１６,0.0,,,,1150429,土地0建物1車位0,八層,15,住宅大樓(11層含以上有電梯),住家用,鋼筋混凝土造,0820827,27.68,1,1,1,有,有,有,7000,253,,0.0,0,參加國家住宅及都市更新中心辦理社會住宅包租代管增辦第四期計畫公會版續租案件；,RPUOMLOKNHLGFKD86CC,獨立套房,有,1150605~1160604,有,冷氣、熱水器、洗衣機、電視機、冰箱,社會住宅代管
永康區,租賃房屋,臺南市永康區復華三街６２號十九樓之５,0.0,,,,1150430,土地0建物1車位0,十九層,19,住宅大樓(11層含以上有電梯),住家用,鋼筋混凝土造,0840908,166.84,2,2,2,有,有,有,11000,66,,0.0,0,另有管理費1000元，由承租人負擔。,RPVOMLOKNHLGFKD96CC,整棟(戶)出租,有,1150519~1160518,有,冷氣、熱水器,社會住宅代管
永康區,租賃房屋,臺南市永康區中華西街１２２巷１５號,0.0,,,,1150428,土地0建物1車位0,全,2,透天厝,住家用,鋼筋混凝土造,0740601,115.29,4,2,3,有,無,有,16000,139,,0.0,0,國家住宅及都市更新中心社會住宅包租代管中央版第五期計畫,RPWOMLOKNHLGFKD07CC,整棟(戶)出租,無,1150516~1160515,無,冷氣、熱水器、電視機,社會住宅代管
永康區,租賃房屋,臺南市永康區文賢街３７０號五樓之５,0.0,,,,1150429,土地0建物1車位0,五層,5,華廈(10層含以下有電梯),集合住宅,鋼筋混凝土造,1121123,79.64999999999999,2,2,1,有,有,有,18000,226,,0.0,0,國家住宅及都市更新中心社會住宅包租代管中央版第五期計畫租金總額含管理費；未租賃車位，建物登記含有車位面積；,RPXOMLOKNHLGFKD17CC,整棟(戶)出租,有,1150505~1160504,有,冷氣、熱水器、洗衣機、電視機、冰箱,社會住宅代管
永康區,租賃房屋,臺南市永康區忠義街６０巷１號十一樓之１６,0.0,,,,1150416,土地0建物1車位0,十一層,15,住宅大樓(11層含以上有電梯),辦公室。,鋼筋混凝土造,0840331,92.02,1,1,1,有,有,有,11500,125,,0.0,0,台南市社會住宅包租代管第4期計畫公會版租金依照租金水準區間表評定續租案件；,RPOPMLOKNHLGFKD98CC,獨立套房,有,1150515~1160514,有,冷氣、熱水器、洗衣機、電視機、冰箱,社會住宅代管
永康區,租賃房屋,臺南市永康區忠孝路２０３巷６４弄３號,0.0,,,,1150508,土地0建物1車位0,全,1,透天厝,住家用,磚瓦。,0630101,57.95,3,1,1,有,無,無,8000,138,,0.0,0,台南市不動產租賃公會民間住宅包租代管第5期計畫之物件。續租案件；,RPQPMLOKNHLGFKD56CC,整棟(戶)出租,無,1150515~1160514,無,熱水器、瓦斯或天然氣,社會住宅代管
永康區,租賃房屋,臺南市永康區鹽行里永安路１０５巷４６弄２１號三樓之２,0.0,,,,1150508,土地0建物1車位0,三層,7,華廈(10層含以下有電梯),住家用,鋼筋混凝土造,0830423,113.58,2,1,2,有,有,有,10845,95,,0.0,0,台南市不動產租賃公會民間住宅包租代管第5期計畫之物件。管理費每月1155元由出租人負擔。未租賃車位，建物登記含有車位面積；續租案件；,RPSPMLOKNHLGFKD76CC,整棟(戶)出租,有,1150515~1160514,有,冷氣、熱水器、洗衣機、冰箱、瓦斯或天然氣,社會住宅代管
永康區,租賃房屋,臺南市永康區中華里小東路５０９號十二樓之１３,0.0,,,,1150508,土地0建物1車位0,十二層,13,住宅大樓(11層含以上有電梯),住家用,鋼筋混凝土造,0851122,31.98,1,0,1,有,有,有,6700,210,,0.0,0,台南市不動產租賃公會民間住宅包租代管第5期計畫之物件。續租案件；,RPUPMLOKNHLGFKD96CC,獨立套房,有,1150520~1160519,有,冷氣、熱水器、洗衣機、電視機、冰箱,社會住宅包租轉租
永康區,租賃房屋+車位,臺南市永康區永榮二街１０２號７樓之３,0.0,,,,1150508,土地0建物1車位1,七層,14,住宅大樓(11層含以上有電梯),集合住宅,鋼筋混凝土造,1140718,127.63999999999999,2,2,1,有,有,有,21000,165,坡道平面,31.74,0,多人共同承租2；租金總額含管理費；,RPWPMLOKNHLGFKD17CC,整棟(戶)出租,有,1150610~1160609,有,冷氣、熱水器、洗衣機、電視機、冰箱、瓦斯或天然氣,
永康區,租賃房屋,臺南市永康區永華路５０３號二樓之３,0.0,,,,1150506,土地0建物0車位0,二層,3,華廈(10層含以下有電梯),住家用,鋼筋混凝土構造,1040518,19.18,38,0,38,有,無,有,6150,321,,0.0,0,租金總額含網路費；其他有線電視或MOD；租賃建物部分範圍，且未計入共有部分面積；,RPXPMLOKNHLGFKD27CC,分租套房,無,1150506~1160531,有,冷氣、熱水器、洗衣機、電視機、冰箱、有線電視、網路,一般代管
北區,租賃房屋,臺南市北區北園街８巷１２號十二樓之７,0.0,,,,1150430,土地0建物1車位0,十二層,19,住宅大樓(11層含以上有電梯),住家用,鋼筋混凝土造,0851202,33.44,1,0,1,有,有,有,10000,299,,0.0,0,參加公會版住宅包租代管四之一期計畫租金總額含管理費；,RPPNMLPKNHLGFAD97CC,獨立套房,有,1150501~1160430,有,冷氣、熱水器、洗衣機、電視機、冰箱,社會住宅代管
中西區,租賃房屋,臺南市中西區大同路一段４６巷７８號二樓之１,0.0,,,,1150504,土地0建物1車位0,二層,5,公寓(5樓含以下無電梯),住家用,鋼筋混凝土造,0790113,30.11,1,0,1,有,無,有,6000,199,,0.0,0,參加公會版住宅包租代管四之一期計畫續租案件；,RPQNMLPKNHLGFAD08CC,獨立套房,無,1150505~1160504,無,冷氣、熱水器、洗衣機、冰箱,社會住宅代管
北區,租賃房屋,臺南市北區開元路２１２巷５４號六樓之３,0.0,,,,1150504,土地0建物1車位0,六層,7,華廈(10層含以下有電梯),住家用,鋼筋混凝土造,0800422,33.21,1,1,1,有,有,有,6500,196,,0.0,0,參加公會版住宅包租代管四之一期計畫續租案件；,RPSNMLPKNHLGFAD28CC,獨立套房,有,1150510~1160509,有,冷氣、熱水器、洗衣機、電視機、冰箱,社會住宅代管
中西區,租賃房屋,臺南市中西區友愛街３６３號六樓之１６,0.0,,,,1150507,土地0建物1車位0,六層,11,住宅大樓(11層含以上有電梯),住家用,鋼筋混凝土造,0851127,29.380000000000003,1,0,1,有,有,有,5900,201,,0.0,0,參加公會版住宅包租代管四之一期計畫續租案件；,RPUNMLPKNHLGFAD48CC,獨立套房,有,1150510~1160509,有,冷氣、熱水器、洗衣機、冰箱,社會住宅代管
中西區,租賃房屋,臺南市中西區正興街１６１號九樓之１０,0.0,,,,1150510,土地0建物1車位0,九層,9,華廈(10層含以下有電梯),住家用,鋼筋混凝土造,0830528,23.1,1,0,1,有,有,有,7000,303,,0.0,0,參加公會版住宅包租代管四之一期計畫續租案件；,RPVNMLPKNHLGFAD58CC,獨立套房,有,1150510~1160509,有,冷氣、熱水器、洗衣機、電視機、冰箱,社會住宅代管
中西區,租賃房屋,臺南市中西區金華路三段２１８號九樓之１９,0.0,,,,1150510,土地0建物1車位0,九層,18,住宅大樓(11層含以上有電梯),住家用,鋼筋混凝土造,0840704,66.71,1,0,1,有,有,有,8200,123,,0.0,0,參加公會版住宅包租代管四之一期計畫租金總額含管理費；續租案件；,RPWNMLPKNHLGFAD68CC,獨立套房,有,1150510~1160509,有,冷氣、熱水器、洗衣機、電視機、冰箱,社會住宅代管
北區,租賃房屋,臺南市北區文賢路３６３號七樓之７,0.0,,,,1150510,土地0建物1車位0,七層,7,華廈(10層含以下有電梯),住家用,鋼筋混凝土造,0740416,120.96000000000001,2,2,2,有,有,有,16000,132,,0.0,0,參加公會版住宅包租代管四之一期計畫續租案件；,RPXNMLPKNHLGFAD78CC,整棟(戶)出租,有,1150510~1160509,有,冷氣、熱水器、洗衣機,社會住宅代管
安平區,租賃房屋,臺南市安平區健康三街１２巷１號十四樓之２,0.0,,,,1150428,土地0建物1車位0,十四層,14,住宅大樓(11層含以上有電梯),集合住宅,鋼筋混凝土造,0890822,95.31,2,2,1,有,有,有,14000,147,,0.0,0,國家住宅及都市更新中心社會住宅包租代管中央版第五期計畫未租賃車位，建物登記含有車位面積；,RPPOMLPKNHLGFAD08CC,整棟(戶)出租,有,1150510~1160509,有,冷氣、熱水器、洗衣機、電視機、冰箱,社會住宅代管
安平區,租賃房屋,臺南市安平區國平路５９９號十三樓之６,0.0,,,,1150428,土地0建物1車位0,十三層,21,住宅大樓(11層含以上有電梯),住家用,鋼筋混凝土造,0831222,53.900000000000006,1,1,1,有,有,有,12000,223,,0.0,0,參加國家住宅及都市更新中心辦理社會住宅包租代管第五期計畫中央版,RPROMLPKNHLGFAD28CC,獨立套房,有,1150515~1160514,有,冷氣、熱水器、洗衣機、電視機、冰箱,社會住宅代管
北區,租賃房屋,臺南市北區公園路３６７號五樓之３,0.0,,,,1150429,土地0建物1車位0,五層,12,住宅大樓(11層含以上有電梯),集合住宅,ＲＣ造,0930329,55.22,2,1,2,有,有,有,8000,145,,0.0,0,參加國家住宅及都市更新中心辦理社會住宅包租代管第五期計畫中央版租金總額含管理費；續租案件；,RPUOMLPKNHLGFAD58CC,整棟(戶)出租,無,1150501~1160430,有,冷氣、熱水器、洗衣機、電視機、冰箱,社會住宅代管
中西區,租賃房屋,臺南市中西區金華路三段２５２號二十樓之１１,0.0,,,,1150430,土地0建物1車位0,二十層,21,住宅大樓(11層含以上有電梯),住家用,鋼筋混凝土造,0870219,27.799999999999997,1,1,1,有,有,有,8000,288,,0.0,0,參加國家住宅及都市更新中心辦理社會住宅包租代管第五期計畫中央版租金總額含管理費；,RPWOMLPKNHLGFAD78CC,獨立套房,有,1150501~1160430,有,冷氣、熱水器、洗衣機、電視機、冰箱、瓦斯或天然氣,社會住宅代管
北區,租賃房屋,臺南市北區和緯路四段９５巷６５號五樓,0.0,,,,1150417,土地0建物1車位0,五層,5,公寓(5樓含以下無電梯),住家用,鋼筋混凝土造,0701017,112.11,3,2,2,有,無,有,12800,114,,0.0,0,台南市社會住宅包租代管第4期計畫公會版租金依照租金水準區間表評定續租案件；,RPOPMLPKNHLGFAD08CC,整棟(戶)出租,無,1150422~1160421,無,冷氣、熱水器、洗衣機、冰箱、瓦斯或天然氣,社會住宅代管
中西區,租賃房屋,臺南市中西區康樂街１５６號６樓之２２,0.0,,,,1150423,土地0建物1車位0,六層,12,住宅大樓(11層含以上有電梯),住家用,鋼筋混凝土造,0781002,51.160000000000004,1,1,1,有,有,有,12000,235,,0.0,0,參加臺南市社會住宅包租代管第4期計畫租金總額含管理費；續租案件；,RPPPMLPKNHLGFAD18CC,獨立套房,有,1150501~1160430,有,冷氣、熱水器、洗衣機、冰箱,社會住宅代管
北區,租賃房屋,臺南市北區北成路３０號７樓之９,0.0,,,,1150423,土地0建物1車位0,七層,14,住宅大樓(11層含以上有電梯),集合住宅,鋼筋混凝土造,0881106,120.35,3,2,2,有,有,有,18800,156,,0.0,0,參加臺南市社會住宅包租代管第4期計畫租金總額含管理費；續租案件；,RPQPMLPKNHLGFAD28CC,整棟(戶)出租,有,1150501~1160430,有,冷氣、熱水器、洗衣機、電視機,社會住宅代管
北區,租賃房屋,臺南市北區成功路２號十樓之１４,0.0,,,,1150417,土地0建物1車位0,十層,14,住宅大樓(11層含以上有電梯),住家用,鋼筋混凝土造,0731228,30.73,1,1,1,有,有,有,8500,277,,0.0,0,台南市社會住宅包租代管第4期計畫公會版租金依照租金水準區間表評定續租案件；,RPRPMLPKNHLGFAD38CC,獨立套房,有,1150525~1160524,有,冷氣、熱水器、洗衣機、電視機、冰箱,社會住宅代管
中西區,租賃房屋,臺南市中西區南門路２３３號７樓之１,0.0,,,,1150419,土地0建物0車位0,七層,7,華廈(10層含以下有電梯),住家用,鋼筋混凝土造,0701217,13.0,5,1,2,有,有,有,10500,808,,0.0,0,租賃建物部分範圍，且未計入共有部分面積；,RPSPMLPKNHLGFAD48CC,分租雅房,無,1150601~1160530,有,冷氣、熱水器、洗衣機、冰箱、網路,一般轉租
安南區,租賃房屋,臺南市安南區國安街１５６巷１８５弄１３號,0.0,,,,1150430,土地0建物1車位0,全,3,透天厝,住宅，停車空間，門廊，管理員室,鋼筋混凝土造,0940628,198.71,5,2,3,有,無,有,15000,75,,0.0,0,國家住宅及都市更新中心社會住宅包租代管中央版第五期計畫,RPRNMLPKNHLGFBD28CC,整棟(戶)出租,無,1150501~1180430,無,冷氣、熱水器、洗衣機、電視機、冰箱,社會住宅包租轉租
安南區,租賃房屋,臺南市安南區?田路３９５巷５弄４０號,0.0,,,,1150508,土地0建物1車位0,全,3,透天厝,住家用,鋼筋混凝土造,0950927,112.02,3,2,3,有,無,有,16000,143,,0.0,0,參加公會版住宅包租代管四之一期計畫?續租案件；,RPSNMLPKNHLGFBD38CC,整棟(戶)出租,無,1150510~1170509,無,冷氣、洗衣機,社會住宅包租轉租
安南區,租賃房屋,臺南市安南區安中路一段７０１巷３０號,0.0,,,,1150429,土地0建物1車位0,一層,4,公寓(5樓含以下無電梯),集合住宅,鋼筋混凝土造,0700907,95.59,2,2,1,有,無,有,13000,136,,0.0,0,參加國家住宅及都市更新中心辦理社會住宅包租代管第五期計畫中央版,RPTNMLPKNHLGFBD48CC,整棟(戶)出租,無,1150510~1160509,無,熱水器,社會住宅代管
安南區,租賃房屋,臺南市安南區工明南三路５２號,0.0,,,,1150428,土地0建物1車位0,見其他登記事項,2,工廠,工業用,鋼骨造,0920520,568.34,0,0,0,無,無,無,168000,,,0.0,0,租金總額含稅；含增建或未登記建物；租賃期間有約定不同租金一、雙方合意，本租賃期間內，租金約定如下：一自117年7月1日起，每月租金為新台幣171360元含稅。二自119年7月1日起，每月租金為新台幣174720元含稅。；,RPUNMLPKNHLGFBD58CC,,無,1150701~1200630,無,,
東區,租賃房屋,臺南市東區東門路二段３６５巷３４弄１１號三樓,0.0,,,,1150510,土地0建物1車位0,三層,5,公寓(5樓含以下無電梯),住家用,鋼筋混凝土造,0771224,103.07,3,2,2,有,無,有,9500,92,,0.0,0,參加公會版住宅包租代管四之一期計畫?續租案件；,RPRNMLPKNHLGFCD38CC,整棟(戶)出租,無,1150510~1160509,無,熱水器,社會住宅代管
東區,租賃房屋+車位,臺南市東區中華東路三段３８０巷７９號二樓,0.0,,,,1150430,土地0建物1車位1,二層,7,華廈(10層含以下有電梯),住家用,鋼筋混凝土造,0811222,107.85,3,2,2,有,有,有,18000,167,坡道機械,0.0,1500,參加國家住宅及都市更新中心辦理社會住宅包租代管第五期計畫中央版租金總額含管理費；,RPUNMLPKNHLGFCD68CC,整棟(戶)出租,無,1150501~1160430,有,冷氣、熱水器、洗衣機、電視機、冰箱、瓦斯或天然氣,社會住宅代管
東區,租賃房屋,臺南市東區東榮街７號五樓之２,0.0,,,,1150510,土地0建物1車位0,五層,8,華廈(10層含以下有電梯),住家用,鋼筋混凝土造,0830901,34.730000000000004,1,0,1,有,有,有,8500,245,,0.0,0,參加公會版住宅包租代管四之一期計畫租金總額含管理費；續租案件；,RPVNMLPKNHLGFCD78CC,獨立套房,有,1150510~1160509,有,冷氣、熱水器,社會住宅代管
東區,租賃房屋,臺南市東區立德十路５號,0.0,,,,1150510,土地0建物1車位0,見其他登記事項,9,華廈(10層含以下有電梯),住商用,鋼筋混凝土造,0811222,176.32,3,2,3,有,無,有,23000,130,,0.0,0,參加公會版住宅包租代管四之一期計畫續租案件；,RPWNMLPKNHLGFCD88CC,整棟(戶)出租,無,1150510~1160509,有,冷氣、熱水器,社會住宅代管
東區,租賃房屋,臺南市東區中華東路二段１３３巷１７弄４３號四樓,0.0,,,,1150508,土地0建物1車位0,四層,5,公寓(5樓含以下無電梯),住家用,鋼筋混凝土造,0700304,94.62,3,2,2,有,有,有,11000,116,,0.0,0,參加公會版住宅包租代管四之一期計畫?續租案件；,RPPOMLPKNHLGFCD28CC,整棟(戶)出租,有,1150510~1170509,無,熱水器,社會住宅包租轉租
東區,租賃房屋,臺南市東區小東路２４４號２０樓之５,0.0,,,,1150428,土地0建物1車位0,二十層,25,住宅大樓(11層含以上有電梯),住家用,鋼筋混凝土造,0840106,67.81,1,1,1,有,有,有,11000,162,,0.0,0,,RPSOMLPKNHLGFCD58CC,獨立套房,有,1150501~1160430,有,冷氣、熱水器、洗衣機、冰箱、瓦斯或天然氣、有線電視、網路,
東區,租賃房屋,臺南市東區崇慶街一段９６號三樓之２,0.0,,,,1150428,土地0建物1車位0,三層,15,住宅大樓(11層含以上有電梯),集合住宅,鋼筋混凝土造,1130816,114.97,2,2,2,有,有,有,24500,213,,0.0,0,多人共同承租2；租金總額含管理費；未租賃車位，建物登記含有車位面積；,RPTOMLPKNHLGFCD68CC,整棟(戶)出租,有,1150515~1160514,有,冷氣、熱水器、洗衣機、冰箱,
東區,租賃房屋,臺南市東區大同路二段５２３號,0.0,,,,1150501,土地0建物1車位0,全,2,透天厝,住家用,加強磚造,0640521,105.12,4,1,5,有,無,有,10000,95,,0.0,0,參加國家住宅及都市更新中心辦理社會住宅包租代管第五期計畫中央版,RPUOMLPKNHLGFCD78CC,整棟(戶)出租,無,1150501~1160430,無,冷氣、熱水器、洗衣機、電視機、冰箱,社會住宅代管
東區,租賃房屋,臺南市東區裕和二街１００號三樓,0.0,,,,1150417,土地0建物1車位0,三層,7,華廈(10層含以下有電梯),住家用,鋼筋混凝土造,0961106,53.7,1,1,1,有,有,有,14000,261,,0.0,0,台南市社會住宅包租代管第5期計畫中央版租金依照租金水準區間表評定,RPVOMLPKNHLGFCD88CC,獨立套房,有,1150510~1160509,有,冷氣、熱水器、洗衣機、電視機、冰箱,社會住宅代管
東區,租賃房屋,臺南市東區崇善十一街５０號５樓之５,0.0,,,,1150501,土地0建物1車位0,五層,14,住宅大樓(11層含以上有電梯),住家用,鋼筋混凝土造,0880802,79.39,2,2,1,有,有,有,15000,189,,0.0,0,參加國家住宅及都市更新中心辦理社會住宅包租代管增辦第四期計畫公會版未租賃車位，建物登記含有車位面積；續租案件；,RPWOMLPKNHLGFCD98CC,整棟(戶)出租,有,1150610~1160609,有,冷氣、熱水器、洗衣機、電視機、冰箱、瓦斯或天然氣,社會住宅代管
新營區,租賃房屋,臺南市新營區民治路１５３號,0.0,,,,1150501,土地0建物0車位0,全,3,透天厝,住家用,鋼筋混凝土造,0750123,13.22,9,1,3,有,有,有,8000,605,,0.0,0,其他水電費另計；含增建或未登記建物；,RPPNMLPKNHLGFDD28CC,分租雅房,無,1150505~1160504,無,冷氣、熱水器、洗衣機、電視機、冰箱、網路,一般轉租
鹽水區,租賃房屋,臺南市鹽水區治水路７３巷１４２弄１１９號,0.0,,,,1150428,土地0建物1車位0,見其他登記事項,1,工廠,廠房,鋼骨構造,1080820,162.95,0,0,0,無,無,無,33000,,,0.0,0,,RPQNMLPKNHLGFDD38CC,,無,1150601~1180531,無,,
新營區,租賃房屋,臺南市新營區民治路１５３號,0.0,,,,1150416,土地0建物0車位0,全,3,透天厝,住家用,鋼筋混凝土造,0750123,13.22,9,1,3,有,有,有,8500,643,,0.0,0,其他水電費另計；含增建或未登記建物；,RPRNMLPKNHLGFDD48CC,分租雅房,無,1150501~1160430,無,冷氣、熱水器、洗衣機、電視機、冰箱、網路,一般轉租
麻豆區,租賃房屋,臺南市麻豆區文昌路６之２號二樓之１,0.0,,,,1150508,土地0建物1車位0,二層,8,華廈(10層含以下有電梯),住家用,鋼筋混凝土造,0840310,139.0,3,2,2,有,有,有,11000,79,,0.0,0,參加公會版住宅包租代管四之一期計畫續租案件；,RPPNMLPKNHLGFFD48CC,整棟(戶)出租,有,1150510~1160509,有,冷氣、熱水器、洗衣機、電視機,社會住宅代管
麻豆區,租賃房屋,臺南市麻豆區港尾里８鄰客子寮１２０號,0.0,,,,1150417,土地0建物1車位0,全,3,透天厝,住商用,鋼筋混凝土造,0950816,196.12,7,2,3,有,無,有,25000,127,,0.0,0,台南市社會住宅包租代管第5期計畫中央版租金依照租金水準區間表評定,RPQNMLPKNHLGFFD58CC,整棟(戶)出租,無,1150501~1160430,無,冷氣、熱水器、洗衣機、冰箱,社會住宅代管
西港區,租賃房屋,臺南市西港區大竹林５６-３２號,0.0,,,,1150429,土地0建物1車位0,見其他登記事項,1,農舍,農舍,鋼造,0820820,300.32,0,0,0,無,無,無,105000,,,0.0,0,含增建或未登記建物；,RPPNMLPKNHLGFGD58CC,,無,1150516~1200515,無,,
善化區,租賃房屋+車位,臺南市善化區茄拔３１-２號８樓之３,0.0,,,,1150424,土地0建物1車位1,八層,9,華廈(10層含以下有電梯),集合住宅,鋼筋混凝土造,1140625,98.18,2,1,1,有,有,有,20000,204,一樓平面,22.51,0,租金總額含管理費；網路費；其他汽機車停車位；,RPQNMLPKNHLGFHD78CC,整棟(戶)出租,有,1150425~1160424,有,冷氣、熱水器、洗衣機、冰箱,一般包租
善化區,租賃房屋,臺南市善化區陽明新村１５之１號三樓之３,0.0,,,,1150510,土地0建物1車位0,三層,8,華廈(10層含以下有電梯),集合住宅,鋼筋混凝土造,1130626,102.46000000000001,2,2,2,有,有,有,18000,176,,0.0,0,參加公會版住宅包租代管四之一期計畫未租賃車位，建物登記含有車位面積；續租案件；,RPSNMLPKNHLGFHD98CC,整棟(戶)出租,有,1150510~1160509,有,冷氣、熱水器、洗衣機、電視機、冰箱,社會住宅代管
新市區,租賃房屋,臺南市新市區豐榮１８９之３２號,0.0,,,,1150508,土地0建物1車位0,見其他登記事項,1,工廠,工廠,鋼骨構造有牆,1110120,160.54,0,0,0,無,無,無,63000,,,0.0,0,租金總額含稅；含增建或未登記建物；,RPTNMLPKNHLGFHD09CC,,無,1150501~1180430,無,,
善化區,租賃房屋,臺南市善化區蓮潭北三街２７８號,0.0,,,,1150428,土地0建物0車位0,全,5,透天厝,店舖，集合住宅，停車空間,鋼筋混凝土造,1020917,31.41,9,0,9,有,無,有,6500,207,,0.0,0,租金總額含水費；網路費；租賃建物部分範圍，且未計入共有部分面積；,RPVNMLPKNHLGFHD66CC,分租套房,無,1150428~1150809,無,冷氣、熱水器、洗衣機、電視機、冰箱、網路,一般代管
善化區,租賃房屋+車位,臺南市善化區陽光三路１５２號九樓之１,0.0,,,,1150430,土地0建物1車位1,九層,9,華廈(10層含以下有電梯),集合住宅,鋼筋混凝土造,1030618,115.27000000000001,2,1,1,有,有,有,15000,130,坡道平面,26.65,0,多人共同承租2；租金總額含管理費；其他租金扣除每月管理費2500元；,RPWNMLPKNHLGFHD76CC,整棟(戶)出租,有,1150501~1160501,有,冷氣、熱水器、洗衣機、電視機、冰箱、瓦斯或天然氣、有線電視,
新市區,租賃房屋+車位,臺南市新市區大洲５８號三樓之３,0.0,,,,1150501,土地0建物1車位1,三層,6,華廈(10層含以下有電梯),集合住宅,鋼筋混凝土造,1110715,89.46000000000001,2,1,2,有,有,有,18000,205,其他,11.4,2000,參加國家住宅及都市更新中心辦理社會住宅包租代管第五期計畫中央版租金總額含管理費；續租案件；,RPROMLPKNHLGFHD98CC,整棟(戶)出租,無,1150507~1160506,有,冷氣、熱水器、洗衣機、電視機、冰箱,社會住宅代管
仁德區,租賃房屋,臺南市仁德區北保一街１０１號六樓,0.0,,,,1150510,土地0建物1車位0,六層,7,華廈(10層含以下有電梯),住家用,鋼筋混凝土造,0830818,36.47,1,0,1,有,有,有,7500,206,,0.0,0,參加公會版住宅包租代管四之一期計畫續租案件；,RPPNMLPKNHLGFID78CC,獨立套房,有,1150510~1160509,有,冷氣、熱水器、洗衣機、電視機、冰箱,社會住宅代管
歸仁區,租賃房屋,臺南市歸仁區仁愛六街９３號二樓之３,0.0,,,,1150427,土地0建物1車位0,二層,5,華廈(10層含以下有電梯),集合住宅,鋼筋混凝土構造,1100507,96.5,2,1,2,有,有,有,13200,137,,0.0,0,台南市社會住宅包租代管第5期計畫中央版租金依照租金水準區間表評定,RPQNMLPKNHLGFID88CC,整棟(戶)出租,有,1150501~1180430,有,冷氣、熱水器,社會住宅包租轉租
仁德區,租賃房屋,臺南市仁德區德崙路７７巷８６號四樓之４,0.0,,,,1150501,土地0建物1車位0,四層,5,華廈(10層含以下有電梯),住家用,鋼筋混凝土造,0830625,64.96000000000001,3,2,2,有,有,有,14600,225,,0.0,0,參加國家住宅及都市更新中心辦理社會住宅包租代管第四期計畫公會版續租案件；,RPSNMLPKNHLGFID09CC,整棟(戶)出租,有,1150501~1160430,有,冷氣、熱水器、瓦斯或天然氣,社會住宅代管
仁德區,租賃房屋+車位,臺南市仁德區成功一街１３１巷３６號５樓之５,0.0,,,,1150430,土地0建物1車位1,五層,5,華廈(10層含以下有電梯),集合住宅,鋼筋混凝土構造,1100901,107.77,2,2,2,有,有,有,23000,213,一樓平面,16.06,0,1.契約書未約定土地租賃標的。2.由所有權人提供租屋資訊。租金總額含管理費；其他一個機車車位；續租案件；,RPTNMLPKNHLGFID56CC,整棟(戶)出租,有,1150601~1170531,有,冷氣、熱水器、電視機、冰箱,
歸仁區,租賃房屋,臺南市歸仁區大德路１９３巷２號７樓之３,0.0,,,,1150501,土地0建物1車位0,七層,7,華廈(10層含以下有電梯),住家用,鋼筋混凝土造,0800128,108.32000000000001,3,2,2,有,有,有,16000,148,,0.0,0,參加國家住宅及都市更新中心辦理社會住宅包租代管增辦第四期計畫公會版續租案件；,RPUNMLPKNHLGFID66CC,整棟(戶)出租,有,1150615~1160614,有,冷氣、熱水器,社會住宅代管
歸仁區,租賃房屋+車位,臺南市歸仁區高發二路３１８號４樓之７,0.0,,,,1150427,土地0建物1車位1,四層,15,住宅大樓(11層含以上有電梯),集合住宅,鋼筋混凝土造,1120808,81.11,2,2,1,有,有,有,15500,191,坡道機械,11.65,0,參加臺南市社會住宅包租代管第4期計畫,RPVNMLPKNHLGFID76CC,整棟(戶)出租,有,1150501~1160430,有,冷氣、熱水器、洗衣機、電視機、冰箱、瓦斯或天然氣,社會住宅代管
玉井區,租賃房屋,臺南市玉井區中山路３巷２９弄４號,0.0,,,,1150508,土地0建物1車位0,全,2,透天厝,住家用,加強磚造,0711123,104.53,4,1,2,有,無,有,11000,105,,0.0,0,台南市不動產租賃公會民間住宅包租代管第4期計畫之物件。續租案件；,RPPNMLPKNHLGFJD88CC,整棟(戶)出租,無,1150515~1160121,無,冷氣、熱水器、洗衣機、冰箱,社會住宅包租轉租
永康區,租賃房屋,臺南市永康區大灣路７６４巷５８號３樓之１２,0.0,,,,1150425,土地0建物1車位0,三層,6,華廈(10層含以下有電梯),辦公室,鋼筋混凝土造,0940708,16.64,1,0,1,有,有,有,6092,366,,0.0,0,含增建或未登記建物；續租案件；,RPQNMLPKNHLGFKD09CC,獨立套房,有,1150427~1150526,有,冷氣、熱水器、電視機、冰箱、網路,一般代管
永康區,租賃房屋,臺南市永康區復華里復國一路４７５巷２８號四樓之２７,0.0,,,,1150507,土地0建物1車位0,四層,5,華廈(10層含以下有電梯),住家用,鋼筋混凝土構造,1070402,13.989999999999998,1,0,1,有,有,有,4350,311,,0.0,0,含增建或未登記建物；續租案件；,RPSNMLPKNHLGFKD66CC,獨立套房,有,1150712~1160711,有,冷氣、熱水器、電視機、冰箱、網路,一般代管
永康區,租賃房屋,臺南市永康區中正北路１９巷１-２號二樓,0.0,,,,1150417,土地0建物1車位0,二層,14,住宅大樓(11層含以上有電梯),住家用,鋼筋混凝土造,0830922,100.69999999999999,3,2,2,有,有,有,13000,129,,0.0,0,租金總額含管理費；,RPTNMLPKNHLGFKD76CC,整棟(戶)出租,有,1150425~1160424,有,冷氣、熱水器、洗衣機、冰箱、瓦斯或天然氣,
永康區,租賃房屋,臺南市永康區中華路３２１號四樓之１,0.0,,,,1150510,土地0建物1車位0,四層,16,住宅大樓(11層含以上有電梯),住家用,鋼筋混凝土造,0850129,109.03,3,2,2,有,有,有,21000,193,,0.0,0,參加公會版住宅包租代管四之一期計畫租金總額含管理費；,RPUNMLPKNHLGFKD86CC,整棟(戶)出租,有,1150510~1160509,有,冷氣、熱水器、洗衣機、電視機、冰箱,社會住宅代管
永康區,租賃房屋,臺南市永康區新興街３４巷６２號,0.0,,,,1150424,土地0建物1車位0,全,2,透天厝,住家用,加強磚造,0701128,127.67,3,2,3,有,無,有,18500,145,,0.0,0,台南市社會住宅包租代管第5期計畫中央版租金依照租金水準區間表評定,RPVNMLPKNHLGFKD96CC,整棟(戶)出租,無,1150501~1180430,無,冷氣、熱水器、洗衣機、電視機、冰箱,社會住宅包租轉租
永康區,租賃房屋,臺南市永康區仁愛街４６號６樓,0.0,,,,1150429,土地0建物1車位0,六層,7,華廈(10層含以下有電梯),住家用,鋼筋混凝土造,0820428,112.86,3,2,2,有,有,有,12000,106,,0.0,0,參加國家住宅及都市更新中心辦理社會住宅包租代管第五期計畫中央版,RPWNMLPKNHLGFKD07CC,整棟(戶)出租,無,1150501~1160430,有,冷氣、熱水器、瓦斯或天然氣,社會住宅代管
永康區,租賃房屋,臺南市永康區南興路２巷８號,0.0,,,,1150510,土地0建物1車位0,見其他登記事項,1,工廠,工業用,鐵造,0701111,449.54,0,0,0,無,無,無,81921,,,0.0,0,租金總額含稅；含增建或未登記建物；,RPROMLPKNHLGFKD66CC,,無,1150701~1180630,無,,
永康區,租賃房屋,臺南市永康區正北一路１６０巷２２號,0.0,,,,1150508,土地0建物1車位0,見其他登記事項,1,工廠,工業用,鋼骨構造,1120519,269.33,0,0,0,無,無,無,72000,,,0.0,0,租金總額含稅；,RPSOMLPKNHLGFKD76CC,,無,1150601~1200531,無,,
永康區,租賃房屋+車位,臺南市永康區東橋七路１９３號四樓之２,0.0,,,,1150501,土地0建物1車位1,四層,16,住宅大樓(11層含以上有電梯),住家用,鋼筋混凝土構造,1061114,109.94,2,1,1,有,有,有,20000,217,坡道平面,22.39,1000,參加國家住宅及都市更新中心辦理社會住宅包租代管增辦第四期計畫公會版續租案件；,RPPPMLPKNHLGFKD56CC,整棟(戶)出租,有,1150615~1160614,有,冷氣、熱水器、洗衣機、電視機、冰箱、瓦斯或天然氣,社會住宅代管
永康區,租賃房屋,臺南市永康區鹽行里中正北路１９巷１之２號三樓,0.0,,,,1150417,土地0建物1車位0,三層,14,住宅大樓(11層含以上有電梯),住家用,鋼筋混凝土造,0830922,100.69999999999999,3,1,2,有,有,有,13000,129,,0.0,0,台南市社會住宅包租代管增辦第4期計畫公會版租金依照租金水準區間表評定續租案件；,RPRPMLPKNHLGFKD76CC,整棟(戶)出租,有,1150601~1170531,有,冷氣、熱水器、洗衣機、冰箱,社會住宅代管
永康區,租賃房屋,臺南市永康區中正北路５３３號六樓之３,0.0,,,,1150417,土地0建物1車位0,六層,13,住宅大樓(11層含以上有電梯),住家用,鋼筋混凝土造,0850216,56.96,1,1,1,有,有,有,11000,193,,0.0,0,台南市社會住宅包租代管第5期計畫中央版租金依照租金水準區間表評定,RPSPMLPKNHLGFKD86CC,獨立套房,有,1150601~1180531,有,冷氣、熱水器、洗衣機、電視機、冰箱、瓦斯或天然氣,社會住宅代管
永康區,租賃房屋,臺南市永康區勝利街２巷４８弄６４號２樓之３,0.0,,,,1150429,土地0建物1車位0,二層,5,公寓(5樓含以下無電梯),住家用,鋼筋混凝土造,0710604,62.92,2,2,1,有,有,有,14000,223,,0.0,0,參加國家住宅及都市更新中心辦理社會住宅包租代管第五期計畫中央版多人共同承租2；續租案件；,RPTPMLPKNHLGFKD96CC,整棟(戶)出租,無,1150505~1160504,無,冷氣、熱水器、洗衣機、冰箱,社會住宅代管
永康區,租賃房屋,臺南市永康區五王里中山東路１４８號二樓之１０,0.0,,,,1150418,土地0建物1車位0,二層,11,住宅大樓(11層含以上有電梯),住家用,鋼筋混凝土造,0900110,49.89,2,2,2,有,有,有,13000,261,,0.0,0,台南市社會住宅包租代管第5期計畫中央版租金依照租金水準區間表評定多人共同承租2；,RPUPMLPKNHLGFKD07CC,整棟(戶)出租,有,1150425~1180424,有,冷氣、熱水器、洗衣機、電視機、冰箱、瓦斯或天然氣,社會住宅代管
中西區,租賃房屋,臺南市中西區南門路２３３號７樓之１,0.0,,,,1150419,土地0建物0車位0,七層,7,華廈(10層含以下有電梯),住家用,鋼筋混凝土造,0701217,13.0,5,1,2,有,有,有,9500,731,,0.0,0,租賃建物部分範圍，且未計入共有部分面積；,RPPNMLQKNHLGFAD08CC,分租雅房,無,1150601~1160530,有,冷氣、熱水器、洗衣機、冰箱、網路,一般轉租
北區,租賃房屋,臺南市北區北園街２２號十三樓之１,0.0,,,,1150423,土地0建物1車位0,十三層,14,住宅大樓(11層含以上有電梯),住家用,鋼筋混凝土造,0870420,78.78,2,1,1,有,有,有,14000,178,,0.0,0,參加國家住宅及都市更新中心辦理社會住宅包租代管第5期計畫中央版租金總額含管理費；未租賃車位，建物登記含有車位面積；,RPSNMLQKNHLGFAD38CC,整棟(戶)出租,有,1150501~1180430,有,冷氣、熱水器,社會住宅包租轉租
北區,租賃房屋,臺南市北區開元路１４８巷４３弄２９號五樓之１,0.0,,,,1150420,土地0建物1車位0,五層,5,公寓(5樓含以下無電梯),住家用,鋼筋混凝土造,0701201,96.51,3,2,1,有,無,有,12000,124,,0.0,0,台南市社會住宅包租代管第4期計畫公會版租金依照租金水準區間表評定續租案件；,RPTNMLQKNHLGFAD48CC,整棟(戶)出租,無,1150510~1160509,無,冷氣、熱水器、洗衣機、電視機、冰箱,社會住宅代管
安平區,租賃房屋,臺南市安平區慶平路７０５號五樓之１４,0.0,,,,1150429,土地0建物1車位0,五層,6,華廈(10層含以下有電梯),住家用,鋼筋混凝土造,0830108,37.42,1,1,1,有,有,有,12000,321,,0.0,0,參加國家住宅及都市更新中心辦理社會住宅包租代管第5期計畫中央版多人共同承租2；,RPUNMLQKNHLGFAD58CC,獨立套房,有,1150501~1180430,有,冷氣、熱水器、洗衣機、電視機、冰箱,社會住宅包租轉租
安南區,租賃房屋,臺南市安南區安中路一段７０１巷６０之３號,0.0,,,,1150429,土地0建物1車位0,四層,4,公寓(5樓含以下無電梯),集合住宅,鋼筋混凝土造,0700907,101.25,2,2,2,有,無,有,8500,84,,0.0,0,參加國家住宅及都市更新中心辦理社會住宅包租代管第5期計畫中央版,RPPNMLQKNHLGFBD18CC,整棟(戶)出租,無,1150501~1180430,無,熱水器,社會住宅包租轉租
東區,租賃房屋,臺南市東區長榮路三段２６號三樓,0.0,,,,1150422,土地0建物1車位0,三層,5,公寓(5樓含以下無電梯),住家用,鋼筋混凝土造,0740919,119.18,4,2,2,有,無,有,26000,218,,0.0,0,建物謄本登記日期115.04.22因買賣更換出租人參加國家住宅及都市更新中心辦理社會住宅包租代管增辦第4期計畫公會版多人共同承租3；,RPQNMLQKNHLGFCD38CC,整棟(戶)出租,無,1150422~1150815,無,冷氣、熱水器、洗衣機、電視機,社會住宅代管
歸仁區,租賃房屋,臺南市歸仁區高發二路３１０號十三樓之３,0.0,,,,1150427,土地0建物1車位0,十三層,15,住宅大樓(11層含以上有電梯),集合住宅,鋼筋混凝土造,1120808,88.64,2,2,1,有,有,有,15800,178,,0.0,0,參加國家住宅及都市更新中心辦理社會住宅包租代管第5期計畫中央版未租賃車位，建物登記含有車位面積；,RPPNMLQKNHLGFID88CC,整棟(戶)出租,有,1150501~1170430,有,冷氣、熱水器、洗衣機、冰箱、瓦斯或天然氣,社會住宅包租轉租
永康區,租賃房屋,臺南市永康區大民街１２９巷２號,0.0,,,,1150423,土地0建物1車位0,全,2,透天厝,住家用,加強磚造,0710603,108.66,4,2,2,有,無,有,6500,60,,0.0,0,參加國家住宅及都市更新中心辦理社會住宅包租代管第5期計畫中央版,RPPNMLQKNHLGFKD09CC,整棟(戶)出租,無,1150501~1160430,無,冷氣、熱水器,社會住宅包租轉租
永康區,租賃房屋,臺南市永康區西勢里富強路一段２巷３１弄２１號五樓之１,0.0,,,,1150429,土地0建物1車位0,五層,7,華廈(10層含以下有電梯),住家用,鋼筋混凝土造,0820610,56.2,1,1,1,有,有,有,13000,231,,0.0,0,參加國家住宅及都市更新中心辦理社會住宅包租代管第5期計畫中央版,RPQNMLQKNHLGFKD56CC,獨立套房,有,1150501~1180430,有,冷氣、熱水器、洗衣機、電視機、冰箱,社會住宅包租轉租
永康區,租賃房屋,臺南市永康區五王里成功路５９號,0.0,,,,1150427,土地0建物1車位0,全,3,透天厝,住商用,加強磚造,0690606,171.16,3,2,2,有,無,有,12000,70,,0.0,0,參加國家住宅及都市更新中心辦理社會住宅包租代管第5期計畫中央版,RPRNMLQKNHLGFKD66CC,整棟(戶)出租,無,1150515~1180514,無,冷氣、熱水器、洗衣機、電視機,社會住宅包租轉租
北區,租賃房屋,臺南市北區長榮路五段４１巷４０號十三樓之５,0.0,,,,1150429,土地0建物1車位0,十三層,14,住宅大樓(11層含以上有電梯),集合住宅,鋼筋混凝土造,0920916,168.76999999999998,3,2,2,有,有,有,20000,119,,0.0,0,參加國家住宅及都市更新中心辦理社會住宅包租代管第5期計畫中央版多人共同承租3；租金總額含管理費；,RPPNMLRKNHLGFAD18CC,整棟(戶)出租,有,1150501~1160430,有,冷氣、熱水器、洗衣機、電視機、冰箱,社會住宅代管
安平區,租賃房屋,臺南市安平區國平北路１２３號十二樓之１５,0.0,,,,1150427,土地0建物1車位0,十二層,18,住宅大樓(11層含以上有電梯),集合住宅,鋼筋混凝土構造,1100503,96.32,2,2,1,有,有,有,19000,197,,0.0,0,台南市社會住宅包租代管第5期計畫中央版租金依照租金水準區間表評定未租賃車位，建物登記含有車位面積；,RPQNMLRKNHLGFAD28CC,整棟(戶)出租,有,1150430~1180429,有,冷氣、熱水器,社會住宅包租轉租
北區,租賃房屋,臺南市北區文賢路３１３巷２０號,0.0,,,,1150501,土地0建物1車位0,全,2,透天厝,住工用,加強磚造,0630406,170.39,5,3,3,有,無,有,26000,153,,0.0,0,參加國家住宅及都市更新中心辦理社會住宅包租代管第4期計畫公會版多人共同承租2；,RPRNMLRKNHLGFAD38CC,整棟(戶)出租,無,1150501~1160430,無,熱水器,社會住宅代管
安平區,租賃房屋,臺南市安平區安平路３０４號六樓之１１,0.0,,,,1150508,土地0建物1車位0,六層,7,華廈(10層含以下有電梯),住家用,鋼筋混凝土造,0710223,51.72,1,1,1,有,有,有,11000,213,,0.0,0,參加國家住宅及都市更新中心辦理社會住宅包租代管第4期計畫公會版續租案件；,RPSNMLRKNHLGFAD48CC,獨立套房,有,1150615~1150914,有,冷氣、熱水器、洗衣機、電視機、冰箱,社會住宅代管
安平區,租賃房屋,臺南市安平區建平三街６５巷１８號四樓之５,0.0,,,,1150510,土地0建物1車位0,四層,6,華廈(10層含以下有電梯),住家用,鋼筋混凝土造,0840119,30.57,1,1,1,有,有,有,7500,245,,0.0,0,參加國家住宅及都市更新中心辦理社會住宅包租代管增辦第4期計畫公會版,RPTNMLRKNHLGFAD58CC,獨立套房,有,1150510~1160509,有,冷氣、熱水器、洗衣機、電視機、冰箱,社會住宅代管
安南區,租賃房屋,臺南市安南區城西街二段１４６巷１７號,0.0,,,,1150430,土地0建物1車位0,全,3,透天厝,集合住宅、停車空間,鋼筋混凝土造,1080114,157.07,5,2,3,有,無,有,28000,178,,0.0,0,參加國家住宅及都市更新中心辦理社會住宅包租代管第5期計畫中央版多人共同承租2；,RPPNMLRKNHLGFBD28CC,整棟(戶)出租,無,1150501~1160430,無,冷氣、熱水器、洗衣機、電視機、冰箱,社會住宅代管
東區,租賃房屋,臺南市東區富農街二段７３巷１０之４號,0.0,,,,1150427,土地0建物1車位0,五層,5,公寓(5樓含以下無電梯),住家用,鋼筋混凝土造,0681214,93.69,3,2,1,有,無,有,10000,107,,0.0,0,台南市社會住宅包租代管第5期計畫中央版租金依照租金水準區間表評定,RPRNMLRKNHLGFCD58CC,整棟(戶)出租,無,1150501~1180430,無,冷氣、熱水器、洗衣機、電視機、冰箱,社會住宅包租轉租
東區,租賃房屋,臺南市東區崇德路２６０號九樓之９,0.0,,,,1150508,土地0建物1車位0,九層,12,住宅大樓(11層含以上有電梯),住家用,鋼筋混凝土造,0810813,19.26,1,1,1,有,有,有,6500,337,,0.0,0,參加國家住宅及都市更新中心辦理社會住宅包租代管第5期計畫中央版,RPSNMLRKNHLGFCD68CC,獨立套房,有,1150513~1160512,有,冷氣、熱水器、洗衣機、冰箱,社會住宅代管
東區,租賃房屋,臺南市東區東門路一段８４號六樓之２,0.0,,,,1150506,土地0建物1車位0,六層,9,華廈(10層含以下有電梯),住家用,鋼筋混凝土造,0800122,20.060000000000002,1,1,1,有,有,有,4500,224,,0.0,0,參加國家住宅及都市更新中心辦理社會住宅包租代管第4期計畫公會版,RPTNMLRKNHLGFCD78CC,獨立套房,有,1150510~1160324,有,冷氣、熱水器、冰箱,社會住宅代管
東區,租賃房屋+車位,臺南市東區崇德十一街４７號二樓,0.0,,,,1150510,土地0建物1車位1,二層,6,華廈(10層含以下有電梯),商業用,鋼筋混凝土造,0810125,86.38,3,2,2,有,有,有,19000,220,坡道機械,0.0,0,參加國家住宅及都市更新中心辦理社會住宅包租代管第4期計畫公會版租金總額含管理費；續租案件；,RPUNMLRKNHLGFCD88CC,整棟(戶)出租,有,1150510~1160509,有,冷氣、熱水器、洗衣機、電視機、冰箱,社會住宅代管
新營區,租賃房屋,臺南市新營區康樂街１６之２號五樓之八,0.0,,,,1150427,土地0建物1車位0,五層,8,華廈(10層含以下有電梯),住家用,鋼筋混凝土造,0850215,31.88,1,1,1,有,有,有,6000,188,,0.0,0,台南市社會住宅包租代管第5期計畫中央版租金依照租金水準區間表評定,RPPNMLRKNHLGFDD48CC,獨立套房,有,1150501~1180430,有,冷氣、熱水器、電視機、冰箱,社會住宅包租轉租
學甲區,租賃房屋,臺南市學甲區仁得里八德街２３８號六樓之一,0.0,,,,1150507,土地0建物1車位0,六層,6,華廈(10層含以下有電梯),住家用,鋼筋混凝土造,0840501,66.44,1,1,1,有,有,有,7000,105,,0.0,0,參加國家住宅及都市更新中心辦理社會住宅包租代管第5期計畫中央版,RPPNMLRKNHLGFGD78CC,獨立套房,有,1150507~1160506,有,冷氣、熱水器、洗衣機、電視機、冰箱,社會住宅代管
佳里區,租賃房屋,臺南市佳里區菜寮７之７號三樓之２,0.0,,,,1150501,土地0建物1車位0,三層,5,華廈(10層含以下有電梯),集合住宅,鋼筋混凝土造,1120620,77.75,2,2,1,有,有,有,15000,193,,0.0,0,參加國家住宅及都市更新中心辦理社會住宅包租代管增辦第4期計畫公會版續租案件；,RPQNMLRKNHLGFGD88CC,整棟(戶)出租,有,1150501~1160430,有,冷氣、熱水器、洗衣機、電視機、冰箱,社會住宅代管
歸仁區,租賃房屋,臺南市歸仁區高發二路３１２號十樓之５,0.0,,,,1150429,土地0建物1車位0,十層,15,住宅大樓(11層含以上有電梯),集合住宅,鋼筋混凝土造,1120808,88.64,1,1,1,有,有,有,14500,164,,0.0,0,參加國家住宅及都市更新中心辦理社會住宅包租代管第5期計畫中央版多人共同承租2；未租賃車位，建物登記含有車位面積；,RPQNMLRKNHLGFID09CC,獨立套房,有,1150501~1160430,有,冷氣、熱水器、洗衣機、冰箱,社會住宅代管
歸仁區,租賃房屋,臺南市歸仁區忠孝南路２６巷６號五樓之３,0.0,,,,1150507,土地0建物1車位0,五層,6,華廈(10層含以下有電梯),集合住宅,鋼筋混凝土造,1130206,93.03999999999999,2,2,2,有,有,有,16500,177,,0.0,0,參加國家住宅及都市更新中心辦理社會住宅包租代管第4期計畫公會版租金總額含管理費；未租賃車位，建物登記含有車位面積；續租案件；,RPSNMLRKNHLGFID66CC,整棟(戶)出租,有,1150507~1160506,有,冷氣、熱水器、洗衣機、電視機、冰箱,社會住宅代管
永康區,租賃房屋,臺南市永康區中華路９３６號十樓之７,0.0,,,,1150505,土地0建物1車位0,十層,21,住宅大樓(11層含以上有電梯),集合住宅,鋼筋混凝土構造,1100204,74.66,2,2,1,有,有,有,16000,214,,0.0,0,參加國家住宅及都市更新中心辦理社會住宅包租代管第5期計畫中央版租金總額含管理費；,RPPNMLRKNHLGFKD56CC,整棟(戶)出租,有,1150510~1160509,有,冷氣、熱水器、洗衣機、電視機、冰箱,社會住宅代管
永康區,租賃房屋,臺南市永康區南台街７５巷３號,0.0,,,,1150501,土地0建物0車位0,全,4,透天厝,住商用,鋼筋混凝土造,0950331,13.8,32,0,32,有,有,有,8500,616,,0.0,0,含增建或未登記建物；,RPRNMLRKNHLGFKD76CC,分租套房,有,1150501~1160430,有,冷氣、熱水器、洗衣機、電視機、有線電視、網路,一般轉租
永康區,租賃房屋,臺南市永康區南台街７５巷３號,0.0,,,,1150429,土地0建物0車位0,全,4,透天厝,住商用,鋼筋混凝土造,0950331,13.8,32,0,32,有,有,有,7000,507,,0.0,0,含增建或未登記建物；續租案件；,RPSNMLRKNHLGFKD86CC,分租套房,有,1150601~1150731,有,冷氣、熱水器、洗衣機、電視機、有線電視、網路,一般轉租
永康區,租賃房屋,臺南市永康區鹽行里永安路１０５巷９號六樓,0.0,,,,1150422,土地0建物1車位0,六層,6,華廈(10層含以下有電梯),住家用,鋼筋混凝土造,0821027,122.50999999999999,3,1,2,有,有,有,15000,122,,0.0,0,台南市社會住宅包租代管第5期計畫中央版租金依照租金水準區間表評定,RPTNMLRKNHLGFKD96CC,整棟(戶)出租,有,1150501~1180430,有,冷氣、熱水器、洗衣機、電視機、冰箱、瓦斯或天然氣,社會住宅包租轉租
永康區,租賃房屋,臺南市永康區六合里中華路４１３巷１號七樓之六,0.0,,,,1150508,土地0建物1車位0,七層,7,華廈(10層含以下有電梯),住家用,鋼筋混凝土造,0840522,33.620000000000005,1,1,1,有,有,有,10300,306,,0.0,0,參加國家住宅及都市更新中心辦理社會住宅包租代管第5期計畫中央版,RPUNMLRKNHLGFKD07CC,獨立套房,有,1150508~1160507,有,冷氣、熱水器、洗衣機、電視機、冰箱,社會住宅代管
永康區,租賃房屋+車位,臺南市永康區安康里中華路７２７巷８８號十一樓之１,0.0,,,,1150505,土地0建物1車位1,十一層,14,住宅大樓(11層含以上有電梯),國民住宅,鋼筋混凝土造,0880824,131.05,4,3,2,有,有,有,19000,145,坡道機械,13.14,0,參加國家住宅及都市更新中心辦理社會住宅包租代管第5期計畫中央版租金總額含管理費；,RPVNMLRKNHLGFKD17CC,整棟(戶)出租,有,1150505~1180504,有,冷氣、熱水器、洗衣機、電視機、冰箱,社會住宅包租轉租
中西區,租賃房屋,臺南市中西區西華南街２０號地下一層之５,0.0,,,,1150504,土地0建物1車位0,見其他登記事項,6,華廈(10層含以下有電梯),商業用,鋼筋混凝土造,0790404,30.950000000000003,1,1,1,有,有,有,7500,242,,0.0,0,參加國家住宅及都市更新中心辦理社會住宅包租代管增辦第四期計畫公會版多人共同承租2；租金總額含管理費；,RPPNMLSKNHLGFAD28CC,獨立套房,有,1150505~1160504,有,冷氣、熱水器、洗衣機、冰箱、瓦斯或天然氣,社會住宅代管
北區,租賃房屋,臺南市北區海安路三段８１２號十一樓之２,0.0,,,,1150427,土地0建物1車位0,十一層,24,住宅大樓(11層含以上有電梯),集合住宅,鋼筋混凝土構造,1090131,129.10000000000002,2,2,2,有,有,有,20500,159,,0.0,0,參加公會版住宅包租代管五期計畫未租賃車位，建物登記含有車位面積；,RPQNMLSKNHLGFAD38CC,整棟(戶)出租,有,1150501~1170430,有,冷氣、洗衣機、電視機、冰箱,社會住宅代管
北區,租賃房屋,臺南市北區北園街８０巷５１號,0.0,,,,1150429,土地0建物1車位0,全,2,透天厝,住商用,加強磚造,0641204,79.3,3,2,3,有,無,有,15000,189,,0.0,0,參加公會版住宅包租代管五期計畫,RPRNMLSKNHLGFAD48CC,整棟(戶)出租,無,1150501~1160430,無,冷氣、熱水器、洗衣機、冰箱,社會住宅代管
中西區,租賃房屋,臺南市中西區信義街１０８巷４３號之８,0.0,,,,1150501,土地0建物1車位0,一層,6,華廈(10層含以下有電梯),住家用,鋼筋混凝土造,0820327,20.060000000000002,1,0,1,有,有,有,5300,264,,0.0,0,參加公會版住宅包租代管五期計畫,RPSNMLSKNHLGFAD58CC,獨立套房,有,1150501~1160430,有,冷氣、熱水器、電視機、冰箱,社會住宅代管
中西區,租賃房屋,臺南市中西區頂美一街７號六樓之９,0.0,,,,1150501,土地0建物1車位0,六層,7,華廈(10層含以下有電梯),住家用,鋼筋混凝土造,0661202,37.31,1,1,1,有,有,有,8000,214,,0.0,0,參加公會版住宅包租代管五期計畫租金總額含管理費；,RPUNMLSKNHLGFAD78CC,獨立套房,有,1150501~1160430,有,冷氣、熱水器、洗衣機、冰箱,社會住宅代管
中西區,租賃房屋,臺南市中西區頂美一街７號六樓之２２,0.0,,,,1150501,土地0建物1車位0,六層,7,華廈(10層含以下有電梯),住家用,鋼筋混凝土造,0661202,33.78,1,1,1,有,有,有,7500,222,,0.0,0,參加公會版住宅包租代管五期計畫租金總額含管理費；,RPVNMLSKNHLGFAD88CC,獨立套房,有,1150501~1160430,有,冷氣、熱水器、洗衣機、電視機、冰箱,社會住宅代管
中西區,租賃房屋,臺南市中西區信義街６５號五樓之２,0.0,,,,1150505,土地0建物1車位0,五層,5,公寓(5樓含以下無電梯),住家用,鋼筋混凝土造,0780116,117.66,4,2,2,有,無,有,15000,127,,0.0,0,臺南市不動產租賃公會民間住宅包租代管第五期計畫之物件,RPOOMLSKNHLGFAD28CC,整棟(戶)出租,無,1150512~1160511,無,冷氣、熱水器、洗衣機、電視機、冰箱、瓦斯或天然氣,社會住宅包租轉租
北區,租賃房屋,臺南市北區開元路５１９號二十一樓之３,0.0,,,,1150505,土地0建物1車位0,二十一層,24,住宅大樓(11層含以上有電梯),集合住宅,鋼筋混凝土構造,1041105,86.45,2,1,1,有,有,有,16000,185,,0.0,0,臺南市不動產租賃公會民間住宅包租代管第五期計畫之物件,RPQOMLSKNHLGFAD48CC,整棟(戶)出租,有,1150510~1160509,有,冷氣、熱水器、洗衣機、電視機、冰箱、瓦斯或天然氣,社會住宅包租轉租
北區,租賃房屋,臺南市北區大武街３４０號,0.0,,,,1150507,土地0建物1車位0,全,2,透天厝,住家用,加強磚造,0670119,84.0,4,1,2,有,無,有,14000,167,,0.0,0,臺南市不動產租賃公會民間住宅包租代管第五期計畫之物件,RPROMLSKNHLGFAD58CC,整棟(戶)出租,無,1150510~1180509,無,熱水器、瓦斯或天然氣,社會住宅包租轉租
中西區,租賃房屋,臺南市中西區海安路二段４０１號十樓之３,0.0,,,,1150429,土地0建物1車位0,十層,12,住宅大樓(11層含以上有電梯),住家用,鋼筋混凝土造,0850725,36.16,1,0,1,有,有,有,6500,180,,0.0,0,參加公會版住宅包租代管五期計畫,RPSOMLSKNHLGFAD68CC,獨立套房,有,1150515~1180514,有,冷氣、熱水器、洗衣機、電視機、冰箱,社會住宅包租轉租
北區,租賃房屋,臺南市北區公園南路３６３號８樓之６,0.0,,,,1150429,土地0建物1車位0,八層,14,住宅大樓(11層含以上有電梯),集合住宅,鋼筋混凝土構造,0960824,63.37,2,2,1,有,有,有,15000,237,,0.0,0,參加公會版住宅包租代管五期計畫多人共同承租2；租金總額含管理費；,RPUOMLSKNHLGFAD88CC,整棟(戶)出租,有,1150501~1170430,有,冷氣、熱水器、洗衣機、電視機、冰箱,社會住宅包租轉租
北區,租賃房屋+車位,臺南市北區北門路三段５０號９樓之２,0.0,,,,1150510,土地0建物1車位1,九層,12,住宅大樓(11層含以上有電梯),集合住宅,鋼筋混凝土造,0911227,145.73,3,2,2,有,有,有,20000,137,坡道平面,0.0,1000,參加國家住宅及都市更新中心辦理社會住宅包租代管第五期計畫中央版,RPQPMLSKNHLGFAD58CC,整棟(戶)出租,有,1150520~1160519,有,冷氣、熱水器、洗衣機、冰箱、瓦斯或天然氣,社會住宅代管
安平區,租賃房屋,臺南市安平區育平五街７０號六樓之８,0.0,,,,1150508,土地0建物1車位0,六層,27,住宅大樓(11層含以上有電梯),住家用,鋼筋混凝土造,0850213,111.75999999999999,3,2,2,有,有,有,17200,154,,0.0,0,參加公會版住宅包租代管五期計畫,RPRPMLSKNHLGFAD68CC,整棟(戶)出租,有,1150510~1180509,有,冷氣、熱水器、洗衣機、電視機、冰箱,社會住宅包租轉租
中西區,租賃房屋,臺南市中西區金華新路４３號七樓之３,0.0,,,,1150420,土地0建物1車位0,七層,12,住宅大樓(11層含以上有電梯),住家用,鋼筋混凝土造,0840104,31.53,1,1,1,有,有,有,7700,244,,0.0,0,台南市社會住宅包租代管第4期計畫公會版租金依照租金水準區間表評定續租案件；,RPTPMLSKNHLGFAD88CC,獨立套房,有,1150525~1160524,有,冷氣、熱水器、洗衣機、電視機、冰箱,社會住宅代管
北區,租賃房屋,臺南市北區開元路５２１號４樓之２,0.0,,,,1150508,土地0建物1車位0,四層,24,住宅大樓(11層含以上有電梯),集合住宅,鋼筋混凝土構造,1041105,111.08000000000001,2,1,1,有,有,有,18500,167,,0.0,0,參加公會版住宅包租代管五期計畫租金總額含管理費；未租賃車位，建物登記含有車位面積；,RPUPMLSKNHLGFAD98CC,整棟(戶)出租,有,1150510~1160509,有,冷氣、熱水器、洗衣機、電視機、冰箱,社會住宅包租轉租
中西區,租賃房屋,臺南市中西區金華路三段７８號六樓之８,0.0,,,,1150510,土地0建物1車位0,六層,12,住宅大樓(11層含以上有電梯),住家用,鋼筋混凝土造,0790430,31.23,1,1,1,有,有,有,5000,160,,0.0,0,參加國家住宅及都市更新中心辦理社會住宅包租代管增辦第四期計畫公會版續租案件；,RPVPMLSKNHLGFAD09CC,獨立套房,有,1150620~1160619,有,冷氣、熱水器、洗衣機、電視機、冰箱,社會住宅代管
安南區,租賃房屋,臺南市安南區安中路一段６９９巷２３之１號,0.0,,,,1150430,土地0建物1車位0,二層,4,公寓(5樓含以下無電梯),集合住宅,鋼筋混凝土造,0700907,102.33,3,2,2,有,無,有,14000,137,,0.0,0,參加公會版住宅包租代管五期計畫,RPPNMLSKNHLGFBD38CC,整棟(戶)出租,無,1150501~1160430,無,熱水器,社會住宅代管
安南區,租賃房屋,臺南市安南區安中路一段６９８巷８１號,0.0,,,,1150505,土地0建物1車位0,一層,4,公寓(5樓含以下無電梯),集合住宅,鋼筋混凝土造,0700907,102.67999999999999,3,2,2,有,無,有,10000,97,,0.0,0,參加國家住宅及都市更新中心辦理社會住宅包租代管第五期計畫中央版,RPQNMLSKNHLGFBD48CC,整棟(戶)出租,無,1150505~1180504,無,熱水器,社會住宅代管
安南區,租賃房屋,臺南市安南區安富街４０２號,0.0,,,,1150506,土地0建物1車位0,全,3,透天厝,住商用,鋼筋混凝土造,0690624,120.29,4,2,3,有,無,無,30000,249,,0.0,0,自民國115年5月6日起至民國115年5月31日為免租搬遷期，租金自115年6月1日起算。,RPRNMLSKNHLGFBD58CC,,無,1150601~1160531,無,冷氣,
安南區,租賃房屋,臺南市安南區城南路３７２號,0.0,,,,1150420,土地0建物1車位0,全,4,透天厝,住商用,鋼筋混凝土造,0850716,148.94,6,2,6,有,無,有,12000,81,,0.0,0,台南市社會住宅包租代管第5期計畫中央版租金依照租金水準區間表評定,RPUNMLSKNHLGFBD88CC,整棟(戶)出租,無,1150506~1180505,無,冷氣,社會住宅代管
東區,租賃房屋,臺南市東區裕豐街１８５巷１２弄１０號３樓,0.0,,,,1150507,土地0建物1車位0,三層,5,公寓(5樓含以下無電梯),住家用,鋼筋混凝土造,0800830,54.17,2,2,1,有,無,有,12000,222,,0.0,0,參加國家住宅及都市更新中心辦理社會住宅包租代管第五期計畫中央版,RPRNMLSKNHLGFCD68CC,整棟(戶)出租,無,1150507~1160506,無,冷氣、熱水器、洗衣機、電視機、冰箱、瓦斯或天然氣,社會住宅代管
東區,租賃房屋,臺南市東區林森路二段２３６號之３,0.0,,,,1150507,土地0建物1車位0,四層,12,住宅大樓(11層含以上有電梯),住家用,鋼筋混凝土造,0730118,92.42,3,2,2,有,有,有,15000,162,,0.0,0,參加國家住宅及都市更新中心辦理社會住宅包租代管第五期計畫中央版租金總額含管理費；,RPTNMLSKNHLGFCD88CC,整棟(戶)出租,無,1150510~1160509,有,冷氣、熱水器、洗衣機、電視機、冰箱、瓦斯或天然氣,社會住宅代管
東區,租賃房屋,臺南市東區東安路４８巷３１之４號,0.0,,,,1150505,土地0建物1車位0,五層,5,公寓(5樓含以下無電梯),住家用,鋼筋混凝土造,0730131,85.33000000000001,3,1,2,有,有,有,12000,141,,0.0,0,臺南市不動產租賃公會民間住宅包租代管第五期計畫之物件,RPUNMLSKNHLGFCD98CC,整棟(戶)出租,有,1150505~1160504,無,冷氣、熱水器、洗衣機、冰箱、瓦斯或天然氣,社會住宅包租轉租
東區,租賃房屋,臺南市東區崇賢三路２８號７樓之７,0.0,,,,1150508,土地0建物1車位0,七層,15,住宅大樓(11層含以上有電梯),集合住宅,鋼筋混凝土造,1061031,183.97,3,2,2,有,有,有,24500,133,,0.0,0,參加公會版住宅包租代管五期計畫未租賃車位，建物登記含有車位面積；,RPVNMLSKNHLGFCD09CC,整棟(戶)出租,有,1150510~1180509,有,冷氣、熱水器,社會住宅代管
東區,租賃房屋,臺南市東區崇善８街２２巷２號二樓,0.0,,,,1150505,土地0建物1車位0,二層,5,華廈(10層含以下有電梯),住家用,鋼筋混凝土造,0811203,81.0,3,2,2,有,無,有,15000,185,,0.0,0,參加公會版住宅包租代管五期計畫,RPWNMLSKNHLGFCD56CC,整棟(戶)出租,無,1150505~1160504,有,冷氣、熱水器、冰箱,社會住宅代管
東區,租賃房屋,臺南市東區衛國街１１４巷２０之６號,0.0,,,,1150428,土地0建物1車位0,七層,7,華廈(10層含以下有電梯),集合住宅,鋼筋混凝土造,0690522,72.47,3,2,1,有,有,有,11000,152,,0.0,0,參加公會版住宅包租代管五期計畫,RPXNMLSKNHLGFCD66CC,整棟(戶)出租,有,1150501~1180430,有,冷氣、熱水器、洗衣機、冰箱,社會住宅包租轉租
東區,租賃房屋,臺南市東區裕農路３４５巷１４號,0.0,,,,1150508,土地0建物1車位0,全,3,透天厝,住商用,鋼筋混凝土造,0671230,136.8,4,2,3,有,無,有,17000,124,,0.0,0,參加國家住宅及都市更新中心辦理社會住宅包租代管第五期計畫中央版,RPOOMLSKNHLGFCD48CC,整棟(戶)出租,無,1150510~1160509,無,冷氣、熱水器,社會住宅代管
南區,租賃房屋+車位,臺南市南區萬年七街３９６號二樓之２,0.0,,,,1150507,土地0建物1車位1,二層,15,住宅大樓(11層含以上有電梯),集合住宅,鋼筋混凝土構造,1100114,159.74,2,2,2,有,有,有,22000,149,坡道平面,32.26,3000,參加國家住宅及都市更新中心辦理社會住宅包租代管第五期計畫中央版租金總額含管理費；,RPQOMLSKNHLGFCD68CC,整棟(戶)出租,有,1150515~1160514,有,冷氣、熱水器、洗衣機、冰箱,社會住宅代管
南區,租賃房屋,臺南市南區國民路１６５巷３６弄５號,0.0,,,,1150428,土地0建物1車位0,全,2,透天厝,住家用,加強磚造,0690423,88.2,3,2,2,有,無,有,10000,113,,0.0,0,參加公會版住宅包租代管五期計畫,RPTOMLSKNHLGFCD98CC,整棟(戶)出租,無,1150501~1180430,無,冷氣、熱水器,社會住宅包租轉租
南區,租賃房屋,臺南市南區新都路４７８之１號,0.0,,,,1150424,土地0建物1車位0,全,2,透天厝,住商用,鋼筋混凝土造,0800128,111.72,4,1,4,有,無,無,28000,251,,0.0,0,多人共同承租2；,RPWOMLSKNHLGFCD66CC,整棟(戶)出租,無,1150424~1160515,無,冷氣、熱水器,一般代管
南區,租賃房屋,臺南市南區水交社路２０巷３３號七樓,0.0,,,,1150507,土地0建物1車位0,七層,7,華廈(10層含以下有電梯),集合住宅,鋼筋混凝土構造,1071114,131.35,2,2,1,有,有,有,20000,152,,0.0,0,參加公會版住宅包租代管五期計畫未租賃車位，建物登記含有車位面積；,RPXOMLSKNHLGFCD76CC,整棟(戶)出租,有,1150510~1180509,有,冷氣、熱水器、洗衣機,社會住宅包租轉租
東區,租賃房屋,臺南市東區東成街２８巷２號四樓之２,0.0,,,,1150420,土地0建物1車位0,四層,5,公寓(5樓含以下無電梯),住家用,鋼筋混凝土造,0770423,97.8,3,2,3,有,無,有,12000,123,,0.0,0,台南市社會住宅包租代管第5期計畫中央版租金依照租金水準區間表評定,RPPPMLSKNHLGFCD68CC,整棟(戶)出租,無,1150505~1180504,無,冷氣、熱水器、洗衣機、電視機、冰箱、瓦斯或天然氣,社會住宅代管
東區,租賃房屋,臺南市東區裕孝三街５０號四樓,0.0,,,,1150421,土地0建物1車位0,四層,6,華廈(10層含以下有電梯),住家用,鋼筋混凝土造,0880305,129.39000000000001,4,2,2,有,有,有,21800,168,,0.0,0,台南市社會住宅包租代管第5期計畫中央版租金依照租金水準區間表評定,RPRPMLSKNHLGFCD88CC,整棟(戶)出租,有,1150520~1160519,有,冷氣、熱水器、洗衣機、電視機、冰箱、瓦斯或天然氣,社會住宅代管
下營區,租賃房屋,臺南市下營區水池街１７８號,0.0,,,,1150429,土地0建物1車位0,全,2,透天厝,住商用,加強磚造,0700629,125.19,4,2,1,有,無,有,8000,64,,0.0,0,參加臺南市社會住宅包租代管第4期計畫續租案件；,RPPNMLSKNHLGFFD78CC,整棟(戶)出租,無,1150501~1160430,無,熱水器,社會住宅代管
麻豆區,租賃房屋,臺南市麻豆區總爺庄１０５號,0.0,,,,1150429,土地0建物1車位0,全,2,透天厝,住家用,鋼筋混凝土造,0810418,124.71,4,2,2,有,無,有,14500,116,,0.0,0,參加公會版住宅包租代管五期計畫,RPRNMLSKNHLGFFD98CC,整棟(戶)出租,無,1150501~1180430,無,冷氣、熱水器、冰箱,社會住宅包租轉租
佳里區,租賃房屋,臺南市佳里區中興街３１０巷６０弄１５號,0.0,,,,1150506,土地0建物1車位0,全,2,透天厝,住家用,加強磚造,0700402,90.4,3,2,2,有,無,有,11000,122,,0.0,0,參加國家住宅及都市更新中心辦理社會住宅包租代管增辦第四期計畫公會版續租案件；,RPPNMLSKNHLGFGD88CC,整棟(戶)出租,無,1150624~1160623,無,熱水器、冰箱,社會住宅代管
安定區,租賃房屋,臺南市安定區許中營２６之１１號五樓之３,0.0,,,,1150501,土地0建物1車位0,五層,5,華廈(10層含以下有電梯),集合住宅,鋼筋混凝土造,1101004,79.06,2,2,2,有,有,有,17000,215,,0.0,0,參加公會版住宅包租代管五期計畫租金總額含管理費；,RPPNMLSKNHLGFHD98CC,整棟(戶)出租,有,1150501~1160430,有,冷氣、熱水器、洗衣機、電視機、冰箱,社會住宅代管
新市區,租賃房屋,臺南市新市區信義街１７巷８號,0.0,,,,1150508,土地0建物0車位0,全,4,透天厝,住宅、停車空間,鋼筋混凝土造,1031007,60.06,6,0,6,有,無,有,7500,125,,0.0,0,租賃建物部分範圍，且未計入共有部分面積；,RPQNMLSKNHLGFHD09CC,分租套房,無,1150508~1160531,無,冷氣、熱水器、洗衣機、電視機、冰箱,一般代管
新市區,租賃房屋,臺南市新市區信義街１７巷８號,0.0,,,,1150506,土地0建物0車位0,全,4,透天厝,住宅、停車空間,鋼筋混凝土造,1031007,29.3,6,0,6,有,無,有,6000,205,,0.0,0,租賃建物部分範圍，且未計入共有部分面積；,RPTNMLSKNHLGFHD76CC,分租套房,無,1150513~1160531,無,冷氣、熱水器、洗衣機、電視機、冰箱,一般代管
新市區,租賃房屋,臺南市新市區復興路６２巷９號１樓之２９,0.0,,,,1150507,土地0建物1車位0,一層,8,華廈(10層含以下有電梯),住家用,鋼筋混凝土造,0840531,53.519999999999996,2,2,1,有,有,有,6700,125,,0.0,0,參加公會版住宅包租代管五期計畫,RPUNMLSKNHLGFHD86CC,整棟(戶)出租,有,1150510~1180509,有,熱水器,社會住宅包租轉租
歸仁區,租賃房屋,臺南市歸仁區文化街三段３５６之１號三樓之５,0.0,,,,1150428,土地0建物1車位0,三層,5,華廈(10層含以下有電梯),集合住宅,鋼筋混凝土構造,1050613,100.13000000000001,3,2,2,有,有,有,18000,180,,0.0,0,參加公會版住宅包租代管五期計畫,RPPNMLSKNHLGFID09CC,整棟(戶)出租,有,1150501~1160430,有,冷氣、熱水器、洗衣機、電視機、冰箱,社會住宅代管
仁德區,租賃房屋+車位,臺南市仁德區文心路６８號７樓之１１,0.0,,,,1150505,土地0建物1車位1,七層,24,住宅大樓(11層含以上有電梯),集合住宅,鋼筋混凝土構造,1100315,105.13,2,1,1,有,有,有,17000,171,坡道平面,17.45,2000,參加國家住宅及都市更新中心辦理社會住宅包租代管第五期計畫中央版多人共同承租2；,RPQNMLSKNHLGFID56CC,整棟(戶)出租,無,1150505~1160504,有,冷氣、熱水器,社會住宅代管
仁德區,租賃房屋,臺南市仁德區德南路１９４巷１２號７樓之２,0.0,,,,1150510,土地0建物1車位0,七層,7,華廈(10層含以下有電梯),住家用,鋼筋混凝土造,0830706,86.04,3,2,2,有,有,有,15000,174,,0.0,0,參加國家住宅及都市更新中心辦理社會住宅包租代管增辦第四期計畫公會版續租案件；,RPUNMLSKNHLGFID96CC,整棟(戶)出租,有,1150510~1160509,有,冷氣、熱水器、洗衣機、電視機、冰箱,社會住宅代管
永康區,租賃房屋,臺南市永康區國華街５５號６樓之１,0.0,,,,1150429,土地0建物1車位0,六層,15,住宅大樓(11層含以上有電梯),住家用,鋼筋混凝土造,0841009,107.94,3,2,2,有,有,有,12500,116,,0.0,0,參加臺南市社會住宅包租代管第4期計畫租金總額含管理費；續租案件；,RPPNMLSKNHLGFKD66CC,整棟(戶)出租,有,1150501~1160430,有,冷氣、熱水器、洗衣機、冰箱,社會住宅代管
永康區,租賃房屋,臺南市永康區國華街５３號七樓之２,0.0,,,,1150428,土地0建物1車位0,七層,15,住宅大樓(11層含以上有電梯),住家用,鋼筋混凝土造,0841009,122.57,3,2,2,有,有,有,21000,171,,0.0,0,參加公會版住宅包租代管五期計畫,RPQNMLSKNHLGFKD76CC,整棟(戶)出租,有,1150503~1160502,有,冷氣、熱水器、洗衣機、電視機、冰箱,社會住宅代管
永康區,租賃房屋,臺南市永康區中華二路２６６巷１５號３樓之３,0.0,,,,1150429,土地0建物1車位0,三層,16,住宅大樓(11層含以上有電梯),住家用,鋼筋混凝土造,0850522,68.38,2,2,1,有,有,有,14500,212,,0.0,0,參加公會版住宅包租代管五期計畫,RPRNMLSKNHLGFKD86CC,整棟(戶)出租,有,1150501~1160430,有,冷氣、熱水器,社會住宅代管
永康區,租賃房屋,臺南市永康區中華路９３６號八樓之５,0.0,,,,1150501,土地0建物1車位0,八層,21,住宅大樓(11層含以上有電梯),集合住宅,鋼筋混凝土構造,1100204,76.24,2,1,1,有,無,有,18000,236,,0.0,0,參加公會版住宅包租代管五期計畫,RPSNMLSKNHLGFKD96CC,整棟(戶)出租,有,1150501~1160430,有,冷氣、熱水器、洗衣機、電視機、冰箱,社會住宅代管
永康區,租賃房屋,臺南市永康區復華里復國一路４７５巷２８號二樓之２３,0.0,,,,1150504,土地0建物1車位0,二層,5,華廈(10層含以下有電梯),住家用,鋼筋混凝土構造,1070402,13.61,1,0,1,有,有,有,4350,320,,0.0,0,含增建或未登記建物；續租案件；,RPTNMLSKNHLGFKD07CC,獨立套房,有,1150708~1160107,有,冷氣、熱水器、電視機、冰箱、網路,一般代管
永康區,租賃房屋+車位,臺南市永康區復華一街１８０號８樓之７,0.0,,,,1150421,土地0建物1車位1,八層,14,住宅大樓(11層含以上有電梯),集合住宅,鋼筋混凝土構造,1090909,112.0,2,2,1,有,無,無,21400,192,坡道機械,21.05,3900,,RPUNMLSKNHLGFKD17CC,整棟(戶)出租,無,1150501~1160430,有,,
永康區,租賃房屋,臺南市永康區永大路二段１５２６巷２弄２號九樓之９,0.0,,,,1150505,土地0建物1車位0,九層,14,住宅大樓(11層含以上有電梯),住家用,鋼筋混凝土造,0840511,89.3,2,1,1,有,有,有,15000,168,,0.0,0,臺南市不動產租賃公會民間住宅包租代管第五期計畫之物件,RPWNMLSKNHLGFKD37CC,整棟(戶)出租,有,1150505~1180504,有,冷氣、熱水器、洗衣機、冰箱、瓦斯或天然氣,社會住宅包租轉租
永康區,租賃房屋,臺南市永康區中華路２８０巷１８弄７號,0.0,,,,1150420,土地0建物1車位0,見其他登記事項,7,華廈(10層含以下有電梯),住家用,鋼筋混凝土造,0820510,179.78000000000003,3,2,3,有,有,有,18000,100,,0.0,0,參加臺南市社會住宅包租代管第4期計畫續租案件；,RPQOMLSKNHLGFKD86CC,整棟(戶)出租,無,1150420~1160419,有,熱水器,社會住宅代管
永康區,租賃房屋,臺南市永康區正南五街５２０巷５５弄１號,0.0,,,,1150508,土地0建物0車位0,全,4,透天厝,住家用,鋼筋混凝土造,0991223,16.39,24,0,24,有,無,有,6100,372,,0.0,0,租賃建物部分範圍，且未計入共有部分面積；,RPROMLSKNHLGFKD96CC,分租套房,無,1150508~1160531,無,冷氣、熱水器、洗衣機、冰箱,一般代管
永康區,租賃房屋,臺南市永康區復華八街４９巷１９號,0.0,,,,1150508,土地0建物1車位0,全,4,透天厝,住家用,鋼筋混凝土造,0820727,193.94,4,2,3,有,無,有,19000,98,,0.0,0,參加公會版住宅包租代管五期計畫,RPVOMLSKNHLGFKD37CC,整棟(戶)出租,無,1150510~1180509,無,冷氣、熱水器、洗衣機、冰箱,社會住宅包租轉租
永康區,租賃房屋,臺南市永康區五王里中山東路１５２號十樓之７,0.0,,,,1150419,土地0建物1車位0,十層,11,住宅大樓(11層含以上有電梯),住家用,鋼筋混凝土造,0900110,49.27,2,2,2,有,有,有,12000,244,,0.0,0,台南市社會住宅包租代管增辦第4期計畫公會版租金依照租金水準區間表評定續租案件；,RPWOMLSKNHLGFKD47CC,整棟(戶)出租,有,1150520~1160519,有,冷氣、熱水器、洗衣機、電視機、冰箱、瓦斯或天然氣,社會住宅代管
永康區,租賃房屋,臺南市永康區龍國街２４０巷２號,0.0,,,,1150427,土地0建物1車位0,一層,4,公寓(5樓含以下無電梯),住家用,鋼筋混凝土造,0681002,70.15,3,2,1,有,無,有,8500,121,,0.0,0,台南市社會住宅包租代管第5期計畫中央版租金依照租金水準區間表評定,RPXOMLSKNHLGFKD57CC,整棟(戶)出租,無,1150501~1180430,無,冷氣、熱水器、洗衣機、電視機、冰箱,社會住宅包租轉租
永康區,租賃房屋,臺南市永康區復興路１２８巷１弄６號五樓,0.0,,,,1150420,土地0建物1車位0,五層,5,公寓(5樓含以下無電梯),住家用,鋼筋混凝土造,0710325,103.5,3,2,2,有,無,有,14500,140,,0.0,0,台南市社會住宅包租代管第4期計畫公會版租金依照租金水準區間表評定續租案件；,RPOPMLSKNHLGFKD76CC,整棟(戶)出租,無,1150520~1160131,無,冷氣、熱水器、洗衣機、電視機、冰箱、瓦斯或天然氣,社會住宅代管
永康區,租賃房屋+車位,臺南市永康區永大路二段１１２９號七樓之３,0.0,,,,1150506,土地0建物1車位1,七層,19,住宅大樓(11層含以上有電梯),住家用,鋼筋混凝土造,0830711,96.17999999999999,3,1,2,有,有,有,19000,198,坡道平面,0.0,1000,參加國家住宅及都市更新中心辦理社會住宅包租代管增辦第四期計畫公會版多人共同承租2；租金總額含管理費；續租案件；,RPPPMLSKNHLGFKD86CC,整棟(戶)出租,有,1150601~1160531,有,冷氣、熱水器、洗衣機、冰箱,社會住宅代管
永康區,租賃房屋,臺南市永康區中山東路１５６號十一樓之７,0.0,,,,1150510,土地0建物1車位0,十一層,11,住宅大樓(11層含以上有電梯),住家用,鋼筋混凝土造,0900110,49.27,2,1,2,有,有,有,12000,244,,0.0,0,參加國家住宅及都市更新中心辦理社會住宅包租代管第四期計畫公會版,RPQPMLSKNHLGFKD96CC,整棟(戶)出租,有,1150615~1160614,有,冷氣、熱水器、洗衣機、電視機、冰箱、網路,社會住宅代管
中西區,租賃房屋,臺南市中西區南寧街８３巷３６號三樓之１,0.0,,,,1150508,土地0建物1車位0,三層,5,華廈(10層含以下有電梯),住家用,鋼筋混凝土造,0801213,56.92,1,1,1,有,有,有,7500,132,,0.0,0,參加公會版住宅包租代管四之一期計畫?,RPPNMLTKNHLGFAD38CC,獨立套房,有,1150510~1160509,有,冷氣、熱水器、冰箱,社會住宅代管
北區,租賃房屋,臺南市北區開元路６６巷５號,0.0,,,,1150510,土地0建物1車位0,全,4,透天厝,住商用,鋼筋混凝土造,0700521,157.18,5,3,4,有,無,有,24000,153,,0.0,0,參加公會版住宅包租代管四之一期計畫,RPQNMLTKNHLGFAD48CC,整棟(戶)出租,無,1150510~1160509,無,冷氣、熱水器、洗衣機、電視機、冰箱,社會住宅代管
中西區,租賃房屋,臺南市中西區金華路三段２５２號二十樓之５,0.0,,,,1150510,土地0建物1車位0,二十層,21,住宅大樓(11層含以上有電梯),住家用,鋼筋混凝土造,0870219,35.86,1,1,1,有,有,有,7000,195,,0.0,0,參加公會版住宅包租代管四之一期計畫續租案件；,RPSNMLTKNHLGFAD68CC,獨立套房,有,1150510~1160509,有,冷氣、熱水器、洗衣機、電視機、冰箱,社會住宅代管
中西區,租賃房屋,臺南市中西區金華路三段２５２號九樓之７,0.0,,,,1150428,土地0建物1車位0,九層,21,住宅大樓(11層含以上有電梯),住家用,鋼筋混凝土造,0870219,35.36,1,1,1,有,有,有,8800,249,,0.0,0,台南市社會住宅包租代管第5期計畫中央版租金依照租金水準區間表評定,RPWNMLTKNHLGFAD09CC,獨立套房,有,1150520~1180519,有,冷氣、熱水器、洗衣機、電視機,社會住宅包租轉租
北區,租賃房屋,臺南市北區開南街１３５號,0.0,,,,1150506,土地0建物0車位0,全,4,透天厝,住家用,鋼筋混凝土造,0830624,13.32,59,0,59,有,無,有,5500,413,,0.0,0,開南135-408房,RPXNMLTKNHLGFAD56CC,分租套房,無,1150325~1150629,有,冷氣、熱水器、電視機、冰箱,一般轉租
中西區,租賃房屋,臺南市中西區永福路二段２１１號三樓之３,0.0,,,,1150510,土地0建物1車位0,三層,10,華廈(10層含以下有電梯),住家用,鋼筋混凝土造,0821016,29.78,1,1,1,有,有,有,9300,312,,0.0,0,參加公會版住宅包租代管五期計畫多人共同承租2；,RPROMLTKNHLGFAD68CC,獨立套房,有,1150510~1160509,有,冷氣、熱水器、洗衣機、冰箱,社會住宅代管
安平區,租賃房屋,臺南市安平區國平北路１３７號二十六樓之９,0.0,,,,1150505,土地0建物1車位0,二十六層,34,住宅大樓(11層含以上有電梯),集合住宅,鋼骨鋼筋混凝土造、鋼筋混凝土造,1140415,107.07,2,2,1,有,有,有,15000,140,,0.0,0,參加公會版住宅包租代管五期計畫租金總額含管理費；未租賃車位，建物登記含有車位面積；,RPTOMLTKNHLGFAD88CC,整棟(戶)出租,有,1150505~1170504,有,冷氣、熱水器、洗衣機、電視機、冰箱,社會住宅代管
安平區,租賃房屋,臺南市安平區建平十七街２３１號十五樓之２,0.0,,,,1150508,土地0建物1車位0,十五層,17,住宅大樓(11層含以上有電梯),住家用,鋼筋混凝土造,0840829,152.54,3,2,2,有,有,有,22000,144,,0.0,0,參加公會版住宅包租代管五期計畫,RPUOMLTKNHLGFAD98CC,整棟(戶)出租,有,1150510~1160509,有,冷氣、熱水器、洗衣機、電視機、冰箱,社會住宅代管
北區,租賃房屋,臺南市北區大武街５９７巷５４弄８號,0.0,,,,1150501,土地0建物1車位0,全,2,透天厝,住家用,鋼筋混凝土造,0780926,142.41,4,2,2,有,無,有,21000,147,,0.0,0,台南市社會住宅包租代管公會版增辦第4期續租案件；,RPRPMLTKNHLGFAD78CC,整棟(戶)出租,無,1150501~1160430,無,冷氣、熱水器,社會住宅代管
北區,租賃房屋,臺南市北區開元路５１９號十八樓之２,0.0,,,,1150423,土地0建物1車位0,十八層,24,住宅大樓(11層含以上有電梯),集合住宅,鋼筋混凝土構造,1041105,88.53,2,1,1,有,有,有,21000,237,,0.0,0,參加國家住宅及都市中心辦理社會住宅包租代管第五期計劃中央版多人共同承租2；,RPSPMLTKNHLGFAD88CC,整棟(戶)出租,有,1150505~1160504,有,冷氣、熱水器、洗衣機、電視機、冰箱、瓦斯或天然氣,社會住宅代管
北區,租賃房屋,臺南市北區實踐街２３巷２５號,0.0,,,,1150503,土地0建物0車位0,全,2,透天厝,住家用,加強磚造,0710811,18.0,6,0,6,有,無,有,13000,722,,0.0,0,多人共同承租2；租金總額含水費；網路費；租賃建物部分範圍，且未計入共有部分面積；,RPUPMLTKNHLGFAD09CC,分租套房,無,1150615~1160614,無,冷氣、熱水器、洗衣機、電視機、冰箱、瓦斯或天然氣、網路,
安平區,租賃房屋+車位,臺南市安平區國平北路１３７號２７樓之６,0.0,,,,1150430,土地0建物1車位1,二十七層,34,住宅大樓(11層含以上有電梯),集合住宅,鋼骨鋼筋混凝土造、鋼筋混凝土造,1140415,107.96000000000001,2,1,2,有,有,有,18500,171,坡道平面,27.92,0,多人共同承租2；租金總額含管理費；,RPWPMLTKNHLGFAD66CC,整棟(戶)出租,有,1150501~1160430,有,冷氣、熱水器、洗衣機、電視機、冰箱、瓦斯或天然氣,
北區,租賃房屋,臺南市北區西門路四段３１６巷１７號五樓,0.0,,,,1150505,土地0建物1車位0,五層,5,華廈(10層含以下有電梯),住家用,鋼筋混凝土造,0710603,85.51,2,2,1,有,無,有,15000,175,,0.0,0,台南市社會住宅包租代管公會版第4期續租案件；,RPOQMLTKNHLGFAD58CC,整棟(戶)出租,無,1150505~1160504,有,冷氣、熱水器、洗衣機、冰箱,社會住宅代管
北區,租賃房屋,臺南市北區開元路４８５巷４１弄１２號十樓之６,0.0,,,,1150423,土地0建物1車位0,十層,14,住宅大樓(11層含以上有電梯),集合住宅,鋼筋混凝土造,0891120,33.11,1,1,1,有,有,有,10000,302,,0.0,0,台南市社會住宅包租代管第4期計畫公會版租金依照租金水準區間表評定續租案件；,RPPQMLTKNHLGFAD68CC,獨立套房,有,1150501~1160430,有,冷氣、熱水器、洗衣機,社會住宅代管
安平區,租賃房屋,臺南市安平區國平路５９９號七樓之１２,0.0,,,,1150504,土地0建物1車位0,七層,21,住宅大樓(11層含以上有電梯),住家用,鋼筋混凝土造,0831222,86.75,3,2,1,有,有,有,17000,196,,0.0,0,國家住宅及都市更新中心社會住宅包租代管中央版第五期計畫,RPQQMLTKNHLGFAD78CC,整棟(戶)出租,有,1150505~1180504,有,冷氣、熱水器、洗衣機、電視機、冰箱,社會住宅包租轉租
安平區,租賃房屋,臺南市安平區健康三街１８７巷３９號,0.0,,,,1150501,土地0建物0車位0,全,5,透天厝,住宅、停車空間,鋼筋混凝土構造,1110831,25.93,18,0,19,有,無,有,9900,382,,0.0,0,302室,RPRQMLTKNHLGFAD88CC,分租套房,無,1150516~1160515,有,冷氣、熱水器、洗衣機、電視機、冰箱、有線電視、網路,一般代管
中西區,租賃房屋,臺南市中西區金華路三段２５２號十樓之１３,0.0,,,,1150423,土地0建物1車位0,十層,21,住宅大樓(11層含以上有電梯),住家用,鋼筋混凝土造,0870219,35.230000000000004,1,1,1,有,有,有,8000,227,,0.0,0,台南市社會住宅包租代管第4期計畫公會版租金依照租金水準區間表評定續租案件；,RPSQMLTKNHLGFAD98CC,獨立套房,有,1150601~1160531,有,冷氣、熱水器、洗衣機、冰箱,社會住宅代管
安南區,租賃房屋,臺南市安南區北安路三段７５２巷２２弄３８號,0.0,,,,1150508,土地0建物1車位0,全,4,透天厝,住宅，停車空間,鋼筋混凝土造,0951123,200.19,5,2,3,有,無,有,23000,115,,0.0,0,參加公會版住宅包租代管四之一期計畫續租案件；,RPQNMLTKNHLGFBD58CC,整棟(戶)出租,無,1150510~1160509,無,冷氣、熱水器、冰箱,社會住宅代管
安南區,租賃房屋,臺南市安南區安中二街３２巷８號,0.0,,,,1150502,土地0建物1車位0,全,4,透天厝,集合住宅,鋼筋混凝土造,1020606,164.27,5,2,4,有,無,有,35000,213,,0.0,0,,RPSNMLTKNHLGFBD78CC,整棟(戶)出租,無,1150512~1160511,無,冷氣、熱水器、洗衣機、冰箱、瓦斯或天然氣,
安南區,租賃房屋+車位,臺南市安南區義吉街１５號１１樓,0.0,,,,1150504,土地0建物1車位1,十一層,14,住宅大樓(11層含以上有電梯),集合住宅,鋼筋混凝土造,1120913,116.85,2,2,1,有,有,有,20000,171,坡道平面,29.82,0,多人共同承租2；,RPTNMLTKNHLGFBD88CC,整棟(戶)出租,有,1150510~1160509,有,冷氣、熱水器、洗衣機、電視機、冰箱、瓦斯或天然氣,
東區,租賃房屋,臺南市東區中華東路三段３７９號十四樓之１,0.0,,,,1150504,土地0建物1車位0,十四層,20,住宅大樓(11層含以上有電梯),住家用,鋼筋混凝土造,0891128,175.24,3,2,2,有,有,有,19500,111,,0.0,0,參加國家住宅及都市更新中心辦理社會住宅包租代管第5期計畫中央版多人共同承租2；未租賃車位，建物登記含有車位面積；,RPRNMLTKNHLGFCD78CC,整棟(戶)出租,有,1150505~1170504,有,冷氣、熱水器、洗衣機、冰箱,社會住宅包租轉租
東區,租賃房屋,臺南市東區崇明路５７０號１樓至３樓,0.0,,,,1150428,土地0建物1車位0,見其他登記事項,4,店面(店鋪),店舖、停車空間、住宅,鋼筋混凝土造,0951222,181.51,4,2,3,有,無,無,35000,193,,0.0,0,租金總額含稅；租賃建物部分範圍，且未計入共有部分面積；租賃期間有約定不同租金115年7月1日至115年9月30日，租期內前三個月不計租金。第四個月115年10月1日起，每月租金新台幣參萬伍仟元。；,RPTNMLTKNHLGFCD98CC,,無,1150701~1250630,無,,
東區,租賃房屋+車位,臺南市東區崇明２４街８０號４樓之１６,0.0,,,,1150429,土地0建物1車位1,四層,6,華廈(10層含以下有電梯),集合住宅,鋼筋混凝土構造,1110601,44.519999999999996,1,0,1,有,有,有,17600,395,坡道平面,0.0,3300,管理費:1200元水費:250元,RPVNMLTKNHLGFCD56CC,獨立套房,有,1150501~1160430,有,冷氣、熱水器、洗衣機、電視機、冰箱、網路,一般轉租
東區,租賃房屋,臺南市東區光華街２２７號三樓之１,0.0,,,,1150422,土地0建物1車位0,三層,7,華廈(10層含以下有電梯),住家用,鋼筋混凝土造,0791226,41.019999999999996,1,1,1,有,有,有,11000,268,,0.0,0,台南市社會住宅包租代管第4期計畫公會版租金依照租金水準區間表評定,RPWNMLTKNHLGFCD66CC,獨立套房,有,1150510~1160324,有,冷氣、熱水器、洗衣機、電視機、冰箱,社會住宅代管
南區,租賃房屋,臺南市南區水交社路２０巷４７號３樓,0.0,,,,1150510,土地0建物1車位0,三層,7,華廈(10層含以下有電梯),集合住宅,鋼筋混凝土構造,1071114,200.07999999999998,3,2,2,有,有,有,15000,75,,0.0,0,參加公會版住宅包租代管五期計畫租金總額含管理費；未租賃車位，建物登記含有車位面積；,RPXNMLTKNHLGFCD76CC,整棟(戶)出租,有,1150510~1160509,有,冷氣、洗衣機、電視機、冰箱,社會住宅代管
東區,租賃房屋,臺南市東區崇明２４街８０號５樓之１５,0.0,,,,1150505,土地0建物1車位0,五層,6,華廈(10層含以下有電梯),集合住宅,鋼筋混凝土構造,1110601,44.519999999999996,1,0,1,有,有,有,14300,321,,0.0,0,管理費:1200元水費:250元,RPOOMLTKNHLGFCD58CC,獨立套房,有,1150510~1151109,有,冷氣、熱水器、洗衣機、電視機、冰箱、網路,一般轉租
東區,租賃房屋+車位,臺南市東區榮譽街１２３巷１弄７號五樓之３,0.0,,,,1150510,土地0建物1車位1,五層,7,華廈(10層含以下有電梯),住家用,鋼筋混凝土造,0880114,86.11,2,1,1,有,有,有,18500,216,升降機械,4.94,1000,參加國家住宅及都市更新中心辦理社會住宅包租代管增辦第四期計畫公會版多人共同承租2；租金總額含管理費；續租案件；,RPPOMLTKNHLGFCD68CC,整棟(戶)出租,有,1150605~1160604,有,冷氣、熱水器、洗衣機、電視機、冰箱,社會住宅代管
南區,租賃房屋,臺南市南區中華西路一段５４巷２號２樓,0.0,,,,1150508,土地0建物1車位0,二層,5,公寓(5樓含以下無電梯),集合住宅,鋼筋混凝土造,0720422,94.07000000000001,3,2,2,有,無,有,13000,138,,0.0,0,參加公會版住宅包租代管五期計畫,RPQOMLTKNHLGFCD78CC,整棟(戶)出租,無,1150510~1160509,無,冷氣、熱水器、洗衣機、電視機、冰箱,社會住宅代管
南區,租賃房屋,臺南市南區國民路２７０巷２２弄７０號,0.0,,,,1150501,土地0建物1車位0,全,2,透天厝,住家用,鋼筋混凝土造,0731106,134.68,2,2,2,有,無,有,15000,111,,0.0,0,參加國家住宅及都市更新中心辦理社會住宅包租代管第五期計畫中央版,RPSOMLTKNHLGFCD98CC,整棟(戶)出租,無,1150501~1160430,無,冷氣、熱水器、洗衣機、電視機、冰箱,社會住宅代管
東區,租賃房屋,臺南市東區怡東路６８號４樓,0.0,,,,1150508,土地0建物1車位0,四層,5,公寓(5樓含以下無電梯),住家用,鋼筋混凝土造,0721216,97.11999999999999,3,2,2,有,無,有,15000,154,,0.0,0,參加國家住宅及都市更新中心辦理社會住宅包租代管增辦第四期計畫公會版續租案件；,RPVOMLTKNHLGFCD66CC,整棟(戶)出租,無,1150701~1160630,無,冷氣、熱水器、瓦斯或天然氣,社會住宅代管
東區,租賃房屋,臺南市東區林森路一段１４９號二樓之５,0.0,,,,1150501,土地0建物1車位0,二層,22,住宅大樓(11層含以上有電梯),住家用,鋼筋混凝土造,0800111,36.35,1,0,1,有,有,有,7500,206,,0.0,0,台南市社會住宅包租代管公會版增辦第4期續租案件；,RPWOMLTKNHLGFCD76CC,獨立套房,有,1150501~1160430,有,冷氣、熱水器、洗衣機、冰箱,社會住宅代管
南區,租賃房屋,臺南市南區大成路二段８１巷６２號五樓,0.0,,,,1150501,土地0建物1車位0,五層,5,公寓(5樓含以下無電梯),住家用,鋼筋混凝土造,0750131,92.48,3,2,2,有,無,有,10000,108,,0.0,0,台南市社會住宅包租代管公會版增辦第4期續租案件；,RPXOMLTKNHLGFCD86CC,整棟(戶)出租,無,1150501~1160430,無,冷氣、熱水器,社會住宅代管
東區,租賃房屋,臺南市東區利東街３２號２樓,0.0,,,,1150510,土地0建物1車位0,二層,8,華廈(10層含以下有電梯),住家用,鋼筋混凝土造,0850216,70.36,2,2,1,有,有,有,11000,156,,0.0,0,參加國家住宅及都市更新中心辦理社會住宅包租代管第五期計畫中央版,RPQPMLTKNHLGFCD88CC,整棟(戶)出租,有,1150601~1160531,有,冷氣、熱水器,社會住宅代管
東區,租賃房屋,臺南市東區東興路１４１號五樓之２,0.0,,,,1150501,土地0建物1車位0,五層,7,華廈(10層含以下有電梯),住家用,鋼筋混凝土造,0740320,84.93,3,2,2,有,有,有,14700,173,,0.0,0,國家住宅及都市更新中心社會住宅包租代管中央版第五期計畫,RPSPMLTKNHLGFCD09CC,整棟(戶)出租,有,1150519~1180518,有,冷氣、熱水器、洗衣機、電視機、冰箱、瓦斯或天然氣,社會住宅包租轉租
東區,租賃房屋,臺南市東區崇明二十三街５６之４號,0.0,,,,1150423,土地0建物1車位0,五層,5,公寓(5樓含以下無電梯),住家用,鋼筋混凝土造,0710429,106.88,3,2,2,有,無,有,13000,122,,0.0,0,台南市社會住宅包租代管增辦第4期計畫公會版租金依照租金水準區間表評定續租案件；,RPUPMLTKNHLGFCD66CC,整棟(戶)出租,無,1150501~1160430,無,冷氣、熱水器、洗衣機、電視機、冰箱、瓦斯或天然氣、有線電視,社會住宅代管
南區,租賃房屋,臺南市南區大同路二段１１２巷９號十一樓之５,0.0,,,,1150423,土地0建物1車位0,十一層,13,住宅大樓(11層含以上有電梯),集合住宅,鋼筋混凝土造,0881021,147.36,3,2,2,有,有,有,13500,92,,0.0,0,台南市社會住宅包租代管增辦第4期計畫公會版租金依照租金水準區間表評定,RPVPMLTKNHLGFCD76CC,整棟(戶)出租,有,1150516~1160515,有,冷氣、熱水器、洗衣機、電視機、冰箱、瓦斯或天然氣,社會住宅代管
學甲區,租賃房屋,臺南市學甲區重信路１號十一樓之八,0.0,,,,1150508,土地0建物1車位0,十一層,12,住宅大樓(11層含以上有電梯),住家用,鋼筋混凝土造,0840622,36.14,1,0,1,有,有,有,5500,152,,0.0,0,參加國家住宅及都市中心辦理社會住宅包租代管第五期計劃中央版續租案件；,RPPNMLTKNHLGFGD98CC,獨立套房,有,1150516~1160515,有,冷氣、熱水器、洗衣機、電視機、冰箱,社會住宅代管
學甲區,租賃房屋,臺南市學甲區重信路１號四樓之二,0.0,,,,1150508,土地0建物1車位0,四層,12,住宅大樓(11層含以上有電梯),住家用,鋼筋混凝土造,0840622,83.87,3,2,2,有,有,有,10000,119,,0.0,0,參加國家住宅及都市中心辦理社會住宅包租代管第五期計劃中央版租金總額含管理費；續租案件；,RPQNMLTKNHLGFGD09CC,整棟(戶)出租,有,1150516~1160515,有,冷氣、熱水器、洗衣機、電視機、冰箱,社會住宅代管
新市區,租賃房屋,臺南市新市區中山路２２４號,0.0,,,,1150507,土地0建物0車位0,四層,6,華廈(10層含以下有電梯),店舖，住宅，騎樓，梯間，蓄水池及污水處理設施,鋼筋混凝土造,0960712,23.7,9,3,12,有,無,無,6800,287,,0.0,0,租金總額含網路費；租賃建物部分範圍，且未計入共有部分面積；,RPRNMLTKNHLGFHD66CC,分租套房,無,1150508~1160507,有,,
新市區,租賃房屋,臺南市新市區中山路２２４號,0.0,,,,1150507,土地0建物0車位0,五層,6,華廈(10層含以下有電梯),店舖，住宅，騎樓，梯間，蓄水池及污水處理設施,鋼筋混凝土造,0960712,17.85,9,3,12,有,無,無,6500,364,,0.0,0,租金總額含網路費；租賃建物部分範圍，且未計入共有部分面積；,RPUNMLTKNHLGFHD96CC,分租套房,無,1150508~1160507,有,,
善化區,租賃房屋,臺南市善化區溪尾１０２號五樓之３,0.0,,,,1150509,土地0建物1車位0,五層,7,華廈(10層含以下有電梯),集合住宅,鋼筋混凝土造,1140110,118.58000000000001,3,2,2,有,有,有,20000,169,,0.0,0,多人共同承租2；租金總額含管理費；,RPVNMLTKNHLGFHD07CC,整棟(戶)出租,有,1150515~1160514,有,冷氣、熱水器、洗衣機、冰箱,
新市區,租賃房屋,臺南市新市區中華路１１１號,0.0,,,,1150430,土地0建物2車位0,見其他登記事項,1,工廠,工業用,加強磚造,0630301,11656.82,0,0,0,無,無,無,2000000,,,0.0,0,含增建或未登記建物；,RPPOMLTKNHLGFHD56CC,,無,1150501~1200630,無,,
仁德區,租賃房屋,臺南市仁德區文心路６８號二十二樓之３,0.0,,,,1150510,土地0建物1車位0,二十二層,24,住宅大樓(11層含以上有電梯),集合住宅,鋼筋混凝土構造,1100315,105.28,2,1,1,有,有,有,15000,142,,0.0,0,參加公會版住宅包租代管四之一期計畫未租賃車位，建物登記含有車位面積；,RPPNMLTKNHLGFID56CC,整棟(戶)出租,有,1150510~1160509,有,冷氣、熱水器、洗衣機、電視機、冰箱,社會住宅代管
歸仁區,租賃房屋+車位,臺南市歸仁區歸仁九路３１號十五樓之５,0.0,,,,1150509,土地0建物1車位1,十五層,15,住宅大樓(11層含以上有電梯),集合住宅,鋼筋混凝土造,1130412,111.84,2,2,1,有,有,有,17500,156,坡道平面,26.19,0,管理費2500已扣除,RPRNMLTKNHLGFID76CC,整棟(戶)出租,有,1150516~1160515,有,冷氣、熱水器、洗衣機、電視機、冰箱、瓦斯或天然氣,
仁德區,租賃房屋,臺南市仁德區仁義六街２５號五樓之４,0.0,,,,1150509,土地0建物1車位0,五層,6,華廈(10層含以下有電梯),住家用,鋼筋混凝土造,0811127,126.3,3,2,1,有,有,有,20000,158,,0.0,0,參加國家住宅及都市更新中心辦理社會住宅包租代管第五期計畫中央版租金總額含管理費；未租賃車位，建物登記含有車位面積；續租案件；,RPXNMLTKNHLGFID37CC,整棟(戶)出租,無,1150703~1160702,有,冷氣、熱水器、洗衣機、電視機、冰箱,社會住宅代管
歸仁區,租賃房屋+車位,臺南市歸仁區高發二路３２０號４樓之３,0.0,,,,1150510,土地0建物1車位1,四層,15,住宅大樓(11層含以上有電梯),集合住宅,鋼筋混凝土造,1120808,110.35,2,2,2,有,有,有,19000,172,坡道平面,20.61,0,115/05/10至115/05/17為搬遷期，此期間不計算租金。租金總額含管理費；,RPPOMLTKNHLGFID66CC,整棟(戶)出租,有,1150510~1160517,有,冷氣、熱水器、洗衣機、冰箱,
永康區,租賃房屋,臺南市永康區復國二路１４巷９號,0.0,,,,1150508,土地0建物1車位0,全,2,透天厝,住家用,鋼筋混凝土造,0770425,119.28,4,3,2,有,無,有,18000,151,,0.0,0,參加公會版住宅包租代管四之一期計畫續租案件；,RPQNMLTKNHLGFKD86CC,整棟(戶)出租,無,1150510~1160509,無,冷氣、熱水器、洗衣機、電視機,社會住宅代管
永康區,租賃房屋,臺南市永康區成功路１８８巷２號五樓之８,0.0,,,,1150428,土地0建物1車位0,五層,7,華廈(10層含以下有電梯),住家用,鋼筋混凝土造,0820716,25.48,1,1,1,有,有,有,7300,286,,0.0,0,臺南市不動產租賃公會民間住宅包租代管第五期計畫之物件,RPRNMLTKNHLGFKD96CC,獨立套房,有,1150501~1180430,有,冷氣、熱水器、洗衣機、電視機、冰箱,社會住宅包租轉租
永康區,租賃房屋,臺南市永康區大灣路７６４巷５６號２樓之１７,0.0,,,,1150503,土地0建物1車位0,二層,6,華廈(10層含以下有電梯),辦公室,鋼筋混凝土造,0940708,16.73,1,0,1,有,有,有,4000,239,,0.0,0,含增建或未登記建物；續租案件；,RPUNMLTKNHLGFKD27CC,獨立套房,有,1150510~1151109,有,冷氣、熱水器、電視機、冰箱、網路,一般代管
永康區,租賃房屋,臺南市永康區大灣路７６４巷５６號３樓之５,0.0,,,,1150504,土地0建物1車位0,三層,6,華廈(10層含以下有電梯),辦公室,鋼筋混凝土造,0940708,24.75,1,0,1,有,有,有,5500,222,,0.0,0,含增建或未登記建物；,RPVNMLTKNHLGFKD37CC,獨立套房,有,1150520~1151119,有,冷氣、熱水器、電視機、冰箱、網路,一般代管
永康區,租賃房屋,臺南市永康區大灣路７６４巷５６號５樓之２１,0.0,,,,1150510,土地0建物1車位0,五層,6,華廈(10層含以下有電梯),辦公室,鋼筋混凝土造,0940708,16.73,1,0,1,有,有,有,4000,239,,0.0,0,含增建或未登記建物；,RPQOMLTKNHLGFKD96CC,獨立套房,有,1150701~1151231,有,冷氣、熱水器、電視機、冰箱、網路,一般代管
永康區,租賃房屋,臺南市永康區大灣路７６４巷５６號６樓之１５,0.0,,,,1150503,土地0建物1車位0,六層,6,華廈(10層含以下有電梯),辦公室,鋼筋混凝土造,0940708,16.73,1,0,1,有,有,有,3500,209,,0.0,0,含增建或未登記建物；續租案件；,RPSOMLTKNHLGFKD17CC,獨立套房,有,1150525~1160524,有,冷氣、熱水器、電視機、冰箱、網路,一般代管
永康區,租賃房屋,臺南市永康區富強路一段１８５巷２弄５０號４樓之２,0.0,,,,1150503,土地0建物1車位0,四層,7,華廈(10層含以下有電梯),住家用,鋼筋混凝土造,0820910,68.32,0,0,0,無,無,無,15000,220,,0.0,0,租金總額含管理費；,RPTOMLTKNHLGFKD27CC,整棟(戶)出租,無,1150610~1160609,有,冷氣、熱水器、洗衣機、電視機、瓦斯或天然氣,
永康區,租賃房屋,臺南市永康區大灣路７６４巷６０號,0.0,,,,1150503,土地0建物1車位0,一層,6,華廈(10層含以下有電梯),辦公室,鋼筋混凝土造,0940708,17.59,1,0,1,有,有,有,4000,227,,0.0,0,含增建或未登記建物；續租案件；,RPWOMLTKNHLGFKD57CC,獨立套房,有,1150514~1151113,有,冷氣、熱水器、電視機、冰箱、網路,一般代管
永康區,租賃房屋,臺南市永康區勝利里勝利街１９７巷８弄２之１８號４樓,0.0,,,,1150505,土地0建物1車位0,四層,6,華廈(10層含以下有電梯),住家用,鋼筋混凝土造,0790619,44.83,1,1,1,有,有,有,6300,141,,0.0,0,台南市社會住宅包租代管增辦第4期計畫公會版租金依照租金水準區間表評定,RPRPMLTKNHLGFKD17CC,獨立套房,有,1150508~1170507,有,冷氣、熱水器、電視機、冰箱、瓦斯或天然氣,社會住宅包租轉租
永康區,租賃房屋,臺南市永康區大橋里中華路８６２號六樓之１,0.0,,,,1150429,土地0建物1車位0,六層,8,華廈(10層含以下有電梯),住家用,鋼筋混凝土造,0861015,33.9,1,1,1,有,有,有,8500,251,,0.0,0,台南市社會住宅包租代管增辦第4期計畫公會版租金依照租金水準區間表評定,RPSPMLTKNHLGFKD27CC,獨立套房,有,1150515~1170514,有,冷氣、熱水器、洗衣機、電視機、冰箱、有線電視,社會住宅包租轉租
永康區,租賃房屋,臺南市永康區鹽行里永安路１０５巷２７號五樓,0.0,,,,1150508,土地0建物1車位0,五層,6,華廈(10層含以下有電梯),住家用,鋼筋混凝土造,0821027,115.16,3,1,2,有,有,有,18000,156,,0.0,0,此為國家住宅及都市更新中心社會住宅包租代管第5期計畫。續租案件；,RPWPMLTKNHLGFKD67CC,整棟(戶)出租,有,1150523~1160522,有,冷氣、熱水器、洗衣機、電視機、冰箱、瓦斯或天然氣,社會住宅代管
永康區,租賃房屋,臺南市永康區忠孝一路８５號七樓之５,0.0,,,,1150507,土地0建物1車位0,七層,15,住宅大樓(11層含以上有電梯),集合住宅,鋼筋混凝土造,1120920,121.6,2,2,1,有,有,有,22000,181,,0.0,0,台南市社會住宅包租代管公會版增辦第4期租金總額含管理費；未租賃車位，建物登記含有車位面積；,RPXPMLTKNHLGFKD77CC,整棟(戶)出租,有,1150510~1160509,有,冷氣、熱水器、洗衣機、電視機、冰箱,社會住宅代管
永康區,租賃房屋+車位,臺南市永康區東橋五路１７８號１０樓之２,0.0,,,,1150510,土地0建物1車位1,十層,15,住宅大樓(11層含以上有電梯),集合住宅,鋼筋混凝土構造,1120818,82.22,2,1,1,有,有,有,23000,280,坡道平面,0.0,1000,參加國家住宅及都市更新中心辦理社會住宅包租代管增辦第四期計畫公會版租金總額含管理費；,RPOQMLTKNHLGFKD96CC,整棟(戶)出租,有,1150601~1160531,有,冷氣、熱水器、洗衣機、電視機、冰箱、瓦斯或天然氣,社會住宅代管
永康區,租賃房屋,臺南市永康區中正北路６１９號十一樓之３,0.0,,,,1150501,土地0建物1車位0,十一層,12,住宅大樓(11層含以上有電梯),住家用,鋼筋混凝土造,0850918,131.34,3,2,2,有,有,有,21000,160,,0.0,0,台南市社會住宅包租代管公會版增辦第4期租金總額含管理費；,RPPQMLTKNHLGFKD07CC,整棟(戶)出租,有,1150501~1160430,有,冷氣、熱水器、洗衣機、冰箱,社會住宅代管
永康區,租賃房屋,臺南市永康區大灣三街５號一樓之１,0.0,,,,1150422,土地0建物1車位0,一層,5,華廈(10層含以下有電梯),住家用,鋼筋混凝土造,0810401,92.83,2,1,2,有,有,有,13000,140,,0.0,0,台南市社會住宅包租代管第5期計畫中央版租金依照租金水準區間表評定,RPRQMLTKNHLGFKD27CC,整棟(戶)出租,有,1150505~1180504,有,冷氣、熱水器、洗衣機、電視機、冰箱,社會住宅代管
安平區,租賃房屋,臺南市安平區育平三街１７號五樓之３,0.0,,,,1150505,土地0建物1車位0,五層,6,華廈(10層含以下有電梯),住家用,鋼筋混凝土造,0811230,75.67999999999999,3,2,2,有,有,有,18000,238,,0.0,0,參加國家住宅及都市更新中心辦理社會住宅包租代管增辦第四期計畫公會版,RPPNMLKLNHLGFAD57CC,整棟(戶)出租,無,1150517~1160516,有,冷氣、熱水器、洗衣機、電視機、冰箱、瓦斯或天然氣,社會住宅代管
北區,土地,華興段1137地號,780.0,住,,,1150428,土地3建物0車位0,,,其他,,,,0.0,0,0,0,無,無,無,32000,41,,0.0,0,租金總額含稅；租賃期間有約定不同租金115年5月1日起至115年5月31日止為建置免租期。；,RPQNMLKLNHLGFAD67CC,,,1150501~1180531,,,
中西區,租賃房屋,臺南市中西區大同路一段４６巷５０號３樓之３,0.0,,,,1150501,土地0建物1車位0,三層,5,華廈(10層含以下有電梯),集合住宅,鋼筋混凝土造,0870706,32.769999999999996,1,0,1,有,有,有,16500,504,,0.0,0,租金含機車位一個承租人負擔管理費1600元/月多人共同承租2；租金總額含網路費；其他第四台；,RPRNMLKLNHLGFAD77CC,獨立套房,無,1150508~1160507,有,冷氣、熱水器、洗衣機、電視機、冰箱、有線電視、網路,一般代管
安平區,租賃房屋+車位,臺南市安平區國平北路１２３號８樓之５,0.0,,,,1150506,土地0建物1車位1,八層,18,住宅大樓(11層含以上有電梯),集合住宅,鋼筋混凝土構造,1100503,92.51,2,1,1,有,有,有,18500,215,坡道機械,11.17,1000,參加國家住宅及都市更新中心辦理社會住宅包租代管第四期計畫公會版多人共同承租2；租金總額含管理費；,RPSNMLKLNHLGFAD87CC,整棟(戶)出租,有,1150510~1160509,有,冷氣、熱水器,社會住宅代管
北區,租賃房屋+車位,臺南市北區北園街８巷２６號１５樓之１,0.0,,,,1150505,土地0建物1車位2,十五層,19,住宅大樓(11層含以上有電梯),集合住宅,鋼筋混凝土造,0961227,111.0,2,2,1,有,有,有,20000,196,坡道機械,26.8,3500,參加國家住宅及都市更新中心辦理社會住宅包租代管增辦第四期計畫公會版續租案件；,RPOOMLKLNHLGFAD57CC,整棟(戶)出租,有,1150505~1160504,有,冷氣、熱水器、洗衣機、冰箱,社會住宅代管
北區,租賃房屋,臺南市北區公園路７２０號,0.0,,,,1150501,土地0建物1車位0,全,1,透天厝,住家用,加強磚造,0561230,29.36,1,1,1,有,無,有,8000,272,,0.0,0,社會住宅包租代管增辦第4期計畫公會版,RPQOMLKLNHLGFAD77CC,整棟(戶)出租,無,1150501~1160430,無,冷氣、熱水器、洗衣機、電視機、冰箱、網路,社會住宅代管
北區,租賃房屋,臺南市北區公園南路７１號４樓之１,0.0,,,,1150429,土地0建物1車位0,四層,12,住宅大樓(11層含以上有電梯),住家用,鋼筋混凝土造,0840119,117.81,3,2,2,有,有,有,20000,170,,0.0,0,多人共同承租3；租金總額含管理費；,RPSOMLKLNHLGFAD97CC,整棟(戶)出租,有,1150501~1160430,有,冷氣、熱水器、洗衣機、冰箱,
北區,租賃房屋,臺南市北區西華街５７號五樓,0.0,,,,1150428,土地0建物1車位0,五層,6,辦公商業大樓,商業用,鋼筋混凝土造,0700725,462.81,9,1,2,有,無,無,50000,108,,0.0,0,租金總額含稅；管理費；租賃期間有約定不同租金免租金裝修期：115年5月1日起至115年5月31日。；,RPTOMLKLNHLGFAD08CC,,無,1150501~1200430,有,冷氣,
南區,租賃房屋,臺南市南區聖南街７５號三樓,0.0,,,,1150429,土地0建物1車位0,三層,5,公寓(5樓含以下無電梯),住家用,鋼筋混凝土造,0741226,98.13,3,2,2,有,無,有,15000,153,,0.0,0,參加臺南市社會住宅包租代管第4期計畫續租案件；,RPPNMLKLNHLGFCD77CC,整棟(戶)出租,無,1150501~1160430,無,冷氣、熱水器,社會住宅代管
東區,租賃房屋,臺南市東區東門路一段８４號之３,0.0,,,,1150504,土地0建物1車位0,一層,9,華廈(10層含以下有電梯),住家用,鋼筋混凝土造,0800122,25.54,1,1,1,有,有,無,6500,255,,0.0,0,參加國家住宅及都市更新中心辦理社會住宅包租代管第四期計畫公會版,RPSNMLKLNHLGFCD08CC,獨立套房,有,1150505~1160504,有,冷氣、熱水器、洗衣機、電視機、冰箱,社會住宅代管
東區,租賃房屋,臺南市東區長東街１４３巷２９號,0.0,,,,1150508,土地0建物1車位0,全,2,透天厝,住家用,加強磚造,0590228,81.58,3,2,2,有,無,有,15000,184,,0.0,0,參加國家住宅及都市更新中心辦理社會住宅包租代管第五期計畫中央版續租案件；,RPTNMLKLNHLGFCD18CC,整棟(戶)出租,無,1150516~1180515,無,熱水器,社會住宅包租轉租
東區,租賃房屋,臺南市東區大同路一段１７５巷１８２號,41.78,住,,,1150505,土地1建物1車位0,全,2,透天厝,住家用,加強磚造,0560101,66.4,2,2,1,有,無,無,10000,151,,0.0,0,,RPSOMLKLNHLGFCD18CC,整棟(戶)出租,無,1150601~1160531,無,冷氣、熱水器,
東區,租賃房屋,臺南市東區中華東路三段３９９巷１９號,0.0,,,,1150428,土地0建物1車位0,一層,9,店面(店鋪),商業用,鋼筋混凝土造,0880706,115.73,0,0,1,有,有,無,32000,277,,0.0,0,未租賃車位，建物登記含有車位面積；,RPTOMLKLNHLGFCD28CC,,有,1150513~1180512,有,,
南區,租賃房屋,臺南市南區萬年七街２８號十一樓之１,0.0,,,,1150424,土地0建物1車位0,十一層,15,住宅大樓(11層含以上有電梯),集合住宅,鋼筋混凝土造,1130205,141.95,3,2,2,有,有,有,21000,148,,0.0,0,台南市社會住宅包租代管第5期計畫中央版租金依照租金水準區間表評定未租賃車位，建物登記含有車位面積；,RPWOMLKLNHLGFCD58CC,整棟(戶)出租,有,1150501~1180430,有,冷氣、熱水器、洗衣機、電視機、冰箱,社會住宅代管
佳里區,租賃房屋,臺南市佳里區鎮山街８５巷２０號,0.0,,,,1150501,土地0建物1車位0,全,3,透天厝,車庫、住宅,鋼筋混凝土造,0930511,159.03,4,2,3,有,無,有,12000,75,,0.0,0,參加國家住宅及都市更新中心辦理社會住宅包租代管增辦第四期計畫公會版續租案件；,RPPNMLKLNHLGFGD18CC,整棟(戶)出租,無,1150505~1160504,無,冷氣、熱水器、洗衣機、電視機、冰箱,社會住宅代管
新化區,租賃房屋,臺南市新化區正新南路６２號,0.0,,,,1150507,土地0建物0車位0,全,3,透天厝,住家用,鋼筋混凝土造,0871231,33.06,4,1,5,有,無,有,7000,212,,0.0,0,1.契約書未約定土地租賃標的。2.由所有權人提供出租資訊。租金總額含網路費；,RPQNMLKLNHLGFHD38CC,分租套房,無,1150515~1160514,無,冷氣、熱水器、洗衣機、電視機、冰箱、網路,
安定區,租賃房屋,臺南市安定區蘇厝１７６之１號 七樓之２,0.0,,,,1150421,土地0建物0車位0,一層,9,華廈(10層含以下有電梯),集合住宅,鋼筋混凝土造,1140911,22.88,2,0,2,有,有,有,14300,625,,0.0,0,租金總額含水費；網路費；,RPXPMLKLNHLGFHD66CC,分租套房,有,1150501~1160430,有,冷氣、熱水器、洗衣機、電視機、冰箱、有線電視、網路,一般轉租
安定區,租賃房屋,臺南市安定區蘇厝１７６之１號 五樓之３,0.0,,,,1150421,土地0建物0車位0,一層,9,華廈(10層含以下有電梯),集合住宅,鋼筋混凝土造,1140911,20.7,2,0,2,有,有,有,11600,560,,0.0,0,多人共同承租2；租金總額含水費；網路費；,RPOQMLKLNHLGFHD48CC,分租套房,有,1150501~1160430,有,冷氣、熱水器、洗衣機、電視機、冰箱、有線電視、網路,一般轉租
安定區,租賃房屋,臺南市安定區蘇厝１７６之１號 六樓之５,0.0,,,,1150421,土地0建物0車位0,一層,9,華廈(10層含以下有電梯),集合住宅,鋼筋混凝土造,1140911,20.7,2,0,2,有,有,有,11800,570,,0.0,0,租金總額含水費；網路費；,RPQQMLKLNHLGFHD68CC,分租套房,有,1150426~1151031,有,冷氣、熱水器、洗衣機、電視機、冰箱、有線電視、網路,一般轉租
安定區,租賃房屋,臺南市安定區蘇厝１７６之１號 三樓之８,0.0,,,,1150421,土地0建物0車位0,一層,9,華廈(10層含以下有電梯),集合住宅,鋼筋混凝土造,1140911,21.4,2,0,2,有,有,有,10000,467,,0.0,0,租金總額含水費；網路費；租賃建物部分範圍，且未計入共有部分面積；,RPRQMLKLNHLGFHD78CC,分租套房,有,1150423~1160430,有,冷氣、熱水器、洗衣機、電視機、冰箱、有線電視、網路,一般轉租
安定區,租賃房屋,臺南市安定區蘇厝１７６之１號 八樓之２,0.0,,,,1150423,土地0建物0車位0,一層,9,華廈(10層含以下有電梯),集合住宅,鋼筋混凝土造,1140911,22.88,2,0,2,有,有,有,13000,568,,0.0,0,租金總額含水費；網路費；租賃建物部分範圍，且未計入共有部分面積；,RPSQMLKLNHLGFHD88CC,分租套房,有,1150425~1160430,有,冷氣、熱水器、洗衣機、電視機、冰箱、有線電視、網路,一般轉租
安定區,租賃房屋,臺南市安定區蘇厝１７６之１號 三樓之６,0.0,,,,1150425,土地0建物0車位0,一層,9,華廈(10層含以下有電梯),集合住宅,鋼筋混凝土造,1140911,22.88,2,0,2,有,有,有,11700,511,,0.0,0,多人共同承租2；租金總額含水費；網路費；租賃建物部分範圍，且未計入共有部分面積；,RPUQMLKLNHLGFHD09CC,分租套房,有,1150425~1160430,有,冷氣、熱水器、洗衣機、電視機、冰箱、有線電視、網路,一般轉租
安定區,租賃房屋,臺南市安定區蘇厝１７６之１號 二樓之２,0.0,,,,1150428,土地0建物0車位0,一層,9,華廈(10層含以下有電梯),集合住宅,鋼筋混凝土造,1140911,20.7,2,0,2,有,有,有,10500,507,,0.0,0,租金總額含水費；網路費；租賃建物部分範圍，且未計入共有部分面積；,RPVQMLKLNHLGFHD56CC,分租套房,有,1150420~1160419,有,冷氣、熱水器、洗衣機、電視機、冰箱、有線電視、網路,一般轉租
安定區,租賃房屋,臺南市安定區蘇厝１７６之１號 二樓之２,0.0,,,,1150428,土地0建物0車位0,一層,9,華廈(10層含以下有電梯),集合住宅,鋼筋混凝土造,1140911,20.7,2,0,2,有,有,有,10500,507,,0.0,0,租金總額含水費；網路費；租賃建物部分範圍，且未計入共有部分面積；,RPWQMLKLNHLGFHD66CC,分租套房,有,1150420~1160419,有,冷氣、熱水器、洗衣機、電視機、冰箱、有線電視、網路,一般轉租
安定區,租賃房屋,臺南市安定區蘇厝１７６之１號 二樓之３,0.0,,,,1150428,土地0建物0車位0,一層,9,華廈(10層含以下有電梯),集合住宅,鋼筋混凝土造,1140911,20.7,2,0,2,有,有,有,10500,507,,0.0,0,租金總額含水費；網路費；租賃建物部分範圍，且未計入共有部分面積；,RPXQMLKLNHLGFHD76CC,分租套房,有,1150420~1160419,有,冷氣、熱水器、洗衣機、電視機、冰箱、有線電視、網路,一般轉租
安定區,租賃房屋,臺南市安定區蘇厝１７６之１號 二樓之３,0.0,,,,1150428,土地0建物0車位0,一層,9,華廈(10層含以下有電梯),集合住宅,鋼筋混凝土造,1140911,20.7,2,0,2,有,有,有,10500,507,,0.0,0,租金總額含水費；網路費；租賃建物部分範圍，且未計入共有部分面積；,RPORMLKLNHLGFHD58CC,分租套房,有,1150420~1160419,有,冷氣、熱水器、洗衣機、電視機、冰箱、有線電視、網路,一般轉租
安定區,租賃房屋,臺南市安定區蘇厝１７６之１號 三樓之３,0.0,,,,1150428,土地0建物0車位0,一層,9,華廈(10層含以下有電梯),集合住宅,鋼筋混凝土造,1140911,20.7,2,0,2,有,有,有,10500,507,,0.0,0,租金總額含水費；網路費；租賃建物部分範圍，且未計入共有部分面積；,RPPRMLKLNHLGFHD68CC,分租套房,有,1150420~1160419,有,冷氣、熱水器、洗衣機、電視機、冰箱、有線電視、網路,一般轉租
安定區,租賃房屋,臺南市安定區蘇厝１７６之１號 三樓之３,0.0,,,,1150428,土地0建物0車位0,一層,9,華廈(10層含以下有電梯),集合住宅,鋼筋混凝土造,1140911,20.7,2,0,2,有,有,有,10500,507,,0.0,0,租金總額含水費；網路費；租賃建物部分範圍，且未計入共有部分面積；,RPQRMLKLNHLGFHD78CC,分租套房,有,1150420~1160419,有,冷氣、熱水器、洗衣機、電視機、冰箱、有線電視、網路,一般轉租
安定區,租賃房屋,臺南市安定區蘇厝１７６之１號 三樓之５,0.0,,,,1150428,土地0建物0車位0,一層,9,華廈(10層含以下有電梯),集合住宅,鋼筋混凝土造,1140911,20.7,2,0,2,有,有,有,10500,507,,0.0,0,租金總額含水費；網路費；租賃建物部分範圍，且未計入共有部分面積；,RPRRMLKLNHLGFHD88CC,分租套房,有,1150420~1160419,有,冷氣、熱水器、洗衣機、電視機、冰箱、有線電視、網路,一般轉租
安定區,租賃房屋,臺南市安定區蘇厝１７６之１號 三樓之５,0.0,,,,1150428,土地0建物0車位0,一層,9,華廈(10層含以下有電梯),集合住宅,鋼筋混凝土造,1140911,20.7,2,0,2,有,有,有,10500,507,,0.0,0,租金總額含水費；網路費；租賃建物部分範圍，且未計入共有部分面積；,RPSRMLKLNHLGFHD98CC,分租套房,有,1150420~1160419,有,冷氣、熱水器、洗衣機、電視機、冰箱、有線電視、網路,一般轉租
安定區,租賃房屋,臺南市安定區蘇厝１７６之１號 五樓之８,0.0,,,,1150430,土地0建物0車位0,一層,9,華廈(10層含以下有電梯),集合住宅,鋼筋混凝土造,1140911,21.4,2,0,2,有,有,有,10000,467,,0.0,0,多人共同承租2；租金總額含水費；網路費；租賃建物部分範圍，且未計入共有部分面積；,RPTRMLKLNHLGFHD09CC,分租套房,有,1150429~1160504,有,冷氣、熱水器、洗衣機、電視機、冰箱、有線電視、網路,一般轉租
安定區,租賃房屋,臺南市安定區蘇厝１７６之１號 五樓之８,0.0,,,,1150501,土地0建物0車位0,一層,9,華廈(10層含以下有電梯),集合住宅,鋼筋混凝土造,1140911,21.4,2,0,2,有,有,有,10000,467,,0.0,0,租金總額含水費；網路費；租賃建物部分範圍，且未計入共有部分面積；,RPURMLKLNHLGFHD56CC,分租套房,有,1150429~1160430,有,冷氣、熱水器、洗衣機、電視機、冰箱、有線電視、網路,一般轉租
安定區,租賃房屋,臺南市安定區蘇厝１７６之１號 七樓之８,0.0,,,,1150502,土地0建物0車位0,一層,9,華廈(10層含以下有電梯),集合住宅,鋼筋混凝土造,1140911,21.4,2,0,2,有,有,有,10000,467,,0.0,0,租金總額含水費；網路費；租賃建物部分範圍，且未計入共有部分面積；,RPVRMLKLNHLGFHD66CC,分租套房,有,1150502~1160508,有,冷氣、熱水器、洗衣機、電視機、冰箱、有線電視、網路,一般轉租
安定區,租賃房屋,臺南市安定區蘇厝１７６之１號 六樓之８,0.0,,,,1150503,土地0建物0車位0,一層,9,華廈(10層含以下有電梯),集合住宅,鋼筋混凝土造,1140911,21.4,2,0,2,有,有,有,10000,467,,0.0,0,多人共同承租2；租金總額含水費；網路費；租賃建物部分範圍，且未計入共有部分面積；,RPWRMLKLNHLGFHD76CC,分租套房,有,1150507~1160509,有,冷氣、熱水器、洗衣機、電視機、冰箱、有線電視、網路,一般轉租
安定區,租賃房屋,臺南市安定區蘇厝１７６之１號 六樓之３,0.0,,,,1150504,土地0建物0車位0,一層,9,華廈(10層含以下有電梯),集合住宅,鋼筋混凝土造,1140911,20.7,2,0,2,有,有,有,11300,546,,0.0,0,租金總額含水費；網路費；租賃建物部分範圍，且未計入共有部分面積；,RPXRMLKLNHLGFHD86CC,分租套房,有,1150505~1160509,有,冷氣、熱水器、洗衣機、電視機、冰箱、有線電視、網路,一般轉租
永康區,租賃房屋,臺南市永康區中正北路６１９號１２樓之１,0.0,,,,1150429,土地0建物1車位0,十二層,12,住宅大樓(11層含以上有電梯),住家用,鋼筋混凝土造,0850918,56.17,1,2,1,有,有,有,10000,178,,0.0,0,參加臺南市社會住宅包租代管第4期計畫租金總額含管理費；續租案件；,RPPNMLKLNHLGFKD58CC,整棟(戶)出租,有,1150501~1160430,有,冷氣、熱水器,社會住宅代管
永康區,租賃房屋,臺南市永康區復華三街６２號１６樓之１,0.0,,,,1150429,土地0建物1車位0,十六層,19,住宅大樓(11層含以上有電梯),住家用,鋼筋混凝土造,0840908,139.62,4,2,2,有,有,有,18000,129,,0.0,0,參加臺南市社會住宅包租代管第4期計畫租金總額含管理費；,RPQNMLKLNHLGFKD68CC,整棟(戶)出租,有,1150501~1160430,有,冷氣、熱水器、洗衣機、冰箱,社會住宅代管
永康區,租賃房屋+車位,臺南市永康區永二街４２５號四樓之１,0.0,,,,1150505,土地0建物1車位1,四層,15,住宅大樓(11層含以上有電梯),住家用,鋼筋混凝土造,0830504,112.85,3,2,2,有,有,有,22000,195,坡道機械,0.0,1000,參加國家住宅及都市更新中心辦理社會住宅包租代管增辦第四期計畫公會版,RPTNMLKLNHLGFKD98CC,整棟(戶)出租,有,1150515~1160514,有,冷氣、熱水器、洗衣機、電視機、冰箱、瓦斯或天然氣,社會住宅代管
永康區,租賃房屋,臺南市永康區永大路三段３６０巷３０弄１號六樓之３,0.0,,,,1150507,土地0建物1車位0,六層,7,華廈(10層含以下有電梯),住家用,鋼筋混凝土造,0840605,92.06,2,2,2,有,有,有,17000,185,,0.0,0,參加國家住宅及都市更新中心辦理社會住宅包租代管增辦第四期計畫公會版租金總額含管理費；續租案件；,RPXOMLKLNHLGFKD86CC,整棟(戶)出租,無,1150513~1160512,有,冷氣、熱水器、洗衣機、冰箱、瓦斯或天然氣,社會住宅代管
永康區,租賃房屋,臺南市永康區南台街１３巷４３號十五樓之１,0.0,,,,1150427,土地0建物1車位0,十五層,16,住宅大樓(11層含以上有電梯),住家用,鋼筋混凝土造,0840523,112.09,3,2,2,有,有,有,18500,165,,0.0,0,參加國家住宅及都市更新中心辦理社會住宅包租代管增辦第四期計畫公會版多人共同承租2；續租案件；,RPQPMLKLNHLGFKD88CC,整棟(戶)出租,有,1150530~1160529,有,冷氣、熱水器、洗衣機、電視機、冰箱,社會住宅代管
永康區,租賃房屋,臺南市永康區成功路２５２號五樓之３,0.0,,,,1150423,土地0建物1車位0,五層,7,華廈(10層含以下有電梯),住家用,鋼筋混凝土造,0800315,66.17,2,1,1,有,有,有,19200,290,,0.0,0,管理費:800元整。社會住宅包租代管增辦第4期計畫公會版,RPWPMLKLNHLGFKD86CC,整棟(戶)出租,有,1150516~1160515,有,冷氣、熱水器、洗衣機、冰箱,社會住宅代管
永康區,租賃房屋,臺南市永康區成功路２５２號六樓之３,0.0,,,,1150424,土地0建物1車位0,六層,7,華廈(10層含以下有電梯),住家用,鋼筋混凝土造,0800315,66.17,1,1,1,有,有,有,14500,219,,0.0,0,台南市社會住宅包租代管增辦第4期計畫公會版租金依照租金水準區間表評定續租案件；,RPOQMLKLNHLGFKD78CC,獨立套房,有,1150501~1160430,有,冷氣、熱水器、洗衣機、電視機、冰箱,社會住宅代管
永康區,租賃房屋,臺南市永康區大橋里中華路８６２號八樓之７,0.0,,,,1150424,土地0建物1車位0,八層,8,華廈(10層含以下有電梯),住家用,鋼筋混凝土造,0861015,37.64,1,1,1,有,有,有,14500,385,,0.0,0,台南市社會住宅包租代管增辦第4期計畫公會版租金依照租金水準區間表評定續租案件；,RPPQMLKLNHLGFKD88CC,獨立套房,有,1150510~1160509,有,冷氣、熱水器、洗衣機、電視機、冰箱,社會住宅代管
永康區,租賃房屋,臺南市永康區五王里中華路５７８巷２之１號五樓之１,0.0,,,,1150424,土地0建物1車位0,五層,8,華廈(10層含以下有電梯),住家用,鋼筋混凝土造,0851028,75.78,2,1,1,有,有,有,13000,172,,0.0,0,台南市社會住宅包租代管增辦第4期計畫公會版租金依照租金水準區間表評定多人共同承租2；,RPQQMLKLNHLGFKD98CC,整棟(戶)出租,有,1150501~1160430,有,冷氣、熱水器、洗衣機、冰箱,社會住宅代管
永康區,租賃房屋,臺南市永康區復華三街６６號十九樓之１,0.0,,,,1150425,土地0建物1車位0,十九層,19,住宅大樓(11層含以上有電梯),住家用,鋼筋混凝土造,0840908,126.62,3,2,2,有,有,有,18000,142,,0.0,0,台南市社會住宅包租代管增辦第4期計畫公會版租金依照租金水準區間表評定多人共同承租3；,RPSQMLKLNHLGFKD56CC,整棟(戶)出租,有,1150515~1160514,有,冷氣、熱水器、洗衣機、冰箱、瓦斯或天然氣,社會住宅代管
北區,租賃房屋,臺南市北區公園路５９１之４６號六樓之４,0.0,,,,1150507,土地0建物1車位0,六層,13,住宅大樓(11層含以上有電梯),住家用,鋼筋混凝土造,0831015,82.22,2,1,1,有,有,有,15000,182,,0.0,0,國家住宅及都市更新中心社會住宅包租代管中央版第五期計畫,RPUOMLLLNHLGFAD28CC,整棟(戶)出租,有,1150508~1160507,有,冷氣、熱水器、洗衣機、電視機、冰箱,社會住宅代管
安南區,租賃房屋,臺南市安南區永續十八街６９號五樓之３,0.0,,,,1150424,土地0建物1車位0,五層,13,住宅大樓(11層含以上有電梯),集合住宅,鋼筋混凝土造,1120110,115.96000000000001,2,2,2,有,有,有,17000,147,,0.0,0,台南市社會住宅包租代管第4期計畫公會版租金依照租金水準區間表評定未租賃車位，建物登記含有車位面積；續租案件；,RPPNMLLLNHLGFBD77CC,整棟(戶)出租,有,1150528~1160527,有,冷氣、熱水器、洗衣機、電視機、冰箱、瓦斯或天然氣,社會住宅代管
安南區,租賃房屋,臺南市安南區長和路四段２１５號,0.0,,,,1150505,土地0建物1車位0,全,3,透天厝,店鋪、集合住宅,鋼筋混凝土造,1110812,198.58,4,3,5,有,無,有,15000,76,,0.0,0,國家住宅及都市更新中心社會住宅包租代管中央版第五期計畫,RPQNMLLLNHLGFBD87CC,整棟(戶)出租,無,1150505~1160504,無,冷氣、熱水器、洗衣機、電視機、冰箱,社會住宅代管
安南區,租賃房屋,臺南市安南區海環街２２９巷１７弄３號,0.0,,,,1150507,土地0建物1車位0,全,3,透天厝,住家用,鋼筋混凝土造,0960501,170.71,4,2,3,有,無,有,21000,123,,0.0,0,參加公會版住宅包租代管五期計畫,RPSNMLLLNHLGFBD08CC,整棟(戶)出租,無,1150510~1180509,無,冷氣、熱水器、洗衣機、電視機、冰箱,社會住宅包租轉租
安南區,租賃房屋,臺南市安南區安中路一段７０１巷５之２號,0.0,,,,1150508,土地0建物1車位0,三層,4,公寓(5樓含以下無電梯),集合住宅,鋼筋混凝土造,0700907,101.25,3,2,2,有,無,有,17000,168,,0.0,0,參加國家住宅及都市更新中心辦理社會住宅包租代管增辦第四期計畫公會版續租案件；,RPUNMLLLNHLGFBD28CC,整棟(戶)出租,無,1150613~1160612,無,冷氣、熱水器、瓦斯或天然氣,社會住宅代管
南區,租賃房屋,臺南市南區新建路４６巷４之３號,0.0,,,,1150501,土地0建物1車位0,四層,5,公寓(5樓含以下無電梯),集合住宅,鋼筋混凝土造,0711129,93.25,2,1,1,有,無,有,10000,107,,0.0,0,參加公會版住宅包租代管五期計畫,RPXNMLLLNHLGFCD68CC,整棟(戶)出租,無,1150501~1160430,無,冷氣、洗衣機、電視機、冰箱,社會住宅代管
東區,租賃房屋,臺南市東區崇明２４街８０號５樓之３２,0.0,,,,1150505,土地0建物1車位0,五層,6,華廈(10層含以下有電梯),集合住宅,鋼筋混凝土構造,1110601,35.04,1,0,1,有,有,有,11500,328,,0.0,0,管理費:1100元水費:200元,RPSOMLLLNHLGFCD28CC,獨立套房,有,1150510~1160509,有,冷氣、熱水器、電視機、冰箱、網路,一般轉租
東區,租賃房屋,臺南市東區林森路一段１６０號１０樓之１３,0.0,,,,1150507,土地0建物1車位0,十層,12,住宅大樓(11層含以上有電梯),住家用,鋼筋混凝土造,0790926,25.77,1,1,1,有,有,有,5000,194,,0.0,0,參加公會版住宅包租代管五期計畫租金總額含管理費；,RPTOMLLLNHLGFCD38CC,獨立套房,有,1150510~1180509,有,冷氣、熱水器、洗衣機,社會住宅包租轉租
東區,租賃房屋,臺南市東區崇明２４街８０號４樓之２３,0.0,,,,1150506,土地0建物1車位0,四層,6,華廈(10層含以下有電梯),集合住宅,鋼筋混凝土構造,1110601,34.76,1,0,1,有,有,有,11500,331,,0.0,0,管理費:1100元水費:200元,RPWOMLLLNHLGFCD68CC,獨立套房,有,1150510~1160509,有,冷氣、熱水器、洗衣機、電視機、冰箱、網路,一般轉租
東區,租賃房屋+車位,臺南市東區崇明２４街８０號３樓之４０,0.0,,,,1150506,土地0建物1車位1,三層,6,華廈(10層含以下有電梯),集合住宅,鋼筋混凝土構造,1110601,40.9,1,0,1,有,有,有,15800,386,坡道平面,0.0,3300,管理費:1200元水費:250元,RPXOMLLLNHLGFCD78CC,獨立套房,有,1150510~1160509,有,冷氣、熱水器、洗衣機、電視機、冰箱、網路,一般轉租
東區,租賃房屋,臺南市東區崇明２４街８０號５樓之１,0.0,,,,1150505,土地0建物1車位0,五層,6,華廈(10層含以下有電梯),集合住宅,鋼筋混凝土構造,1110601,45.26,1,0,1,有,有,有,14300,316,,0.0,0,管理費:1200元水費:250元,RPOPMLLLNHLGFCD97CC,獨立套房,有,1150510~1160509,有,冷氣、熱水器、洗衣機、電視機、冰箱、網路,一般轉租
東區,租賃房屋,臺南市東區自由路三段２５６號,0.0,,,,1150424,土地0建物0車位0,全,4,透天厝,店舖、住宅、停車空間,ＲＣ造,0941227,49.0,6,6,6,有,無,有,15000,306,,0.0,0,租金總額含水費；網路費；其他含第四台費用；,RPUPMLLLNHLGFCD58CC,分租套房,無,1150424~1160423,無,冷氣、熱水器、洗衣機、電視機、冰箱、有線電視、網路,一般轉租
東區,租賃房屋,臺南市東區東寧路１６之２號四樓,0.0,,,,1150508,土地0建物1車位0,四層,4,公寓(5樓含以下無電梯),住家用,鋼筋混凝土造,0700930,106.52,3,1,2,有,無,有,14000,131,,0.0,0,國家住宅及都市更新中心社會住宅包租代管中央版第五期計畫多人共同承租2；,RPVPMLLLNHLGFCD68CC,整棟(戶)出租,無,1150510~1160509,無,冷氣、熱水器、洗衣機、冰箱,社會住宅代管
南區,租賃房屋,臺南市南區新建路３３巷３號１０樓,0.0,,,,1150504,土地0建物1車位0,十層,12,住宅大樓(11層含以上有電梯),集合住宅,鋼筋混凝土造,0851108,183.68,4,2,2,有,有,有,16300,89,,0.0,0,參加國家住宅及都市更新中心辦理社會住宅包租代管第五期計畫中央版續租案件；,RPPQMLLLNHLGFCD18CC,整棟(戶)出租,有,1150505~1180504,有,冷氣、熱水器、洗衣機、電視機、冰箱,社會住宅包租轉租
新營區,土地,東站段636地號,1803.52,工,,,1150507,土地2建物0車位0,,,其他,,,,0.0,0,0,0,無,無,無,70000,39,,0.0,0,,RPRNMLLLNHLGFDD18CC,,,1150510~1190509,,,
新營區,租賃房屋,臺南市新營區東興路２１７號十二樓,0.0,,,,1150507,土地0建物1車位0,十二層,14,住宅大樓(11層含以上有電梯),集合住宅,鋼筋混凝土造,0890407,146.94,3,2,2,有,有,無,14500,99,,0.0,0,參加國家住宅及都市更新中心辦理社會住宅包租代管增辦第四期計畫公會版續租案件；,RPUNMLLLNHLGFDD48CC,整棟(戶)出租,有,1150515~1170514,有,冷氣、熱水器、洗衣機、冰箱、瓦斯或天然氣,社會住宅包租轉租
仁德區,土地,嘉南段1225地號,5436.35,農,,,1150506,土地2建物0車位0,,,其他,,,,0.0,0,0,0,無,無,無,120408,22,,0.0,0,另外租賃所得稅、二代健保補充保費由承租方代扣繳,RPPNMLLLNHLGFID48CC,,,1150501~1180430,,,
歸仁區,租賃房屋+車位,臺南市歸仁區高發二路３１８號９樓之６,0.0,,,,1150501,土地0建物1車位1,九層,15,住宅大樓(11層含以上有電梯),集合住宅,鋼筋混凝土造,1120808,81.66,2,2,1,有,有,有,16000,216,坡道機械,12.24,1000,參加國家住宅及都市更新中心辦理社會住宅包租代管第五期計畫中央版,RPQNMLLLNHLGFID58CC,整棟(戶)出租,有,1150501~1160430,有,冷氣、熱水器、洗衣機、電視機、冰箱,社會住宅代管
仁德區,租賃房屋,臺南市仁德區太子路１９０巷２３弄３號,0.0,,,,1150508,土地0建物1車位0,全,2,透天厝,住商用,加強磚造,0691110,101.56,4,2,3,有,無,無,15000,148,,0.0,0,此為國家住宅及都市更新中心社會住宅包租代管第5期計畫。多人共同承租2；續租案件；,RPRNMLLLNHLGFID68CC,整棟(戶)出租,無,1150525~1160524,無,冷氣、熱水器、瓦斯或天然氣,社會住宅代管
仁德區,租賃房屋,臺南市仁德區文賢路一段７巷２１號九樓之６,0.0,,,,1150505,土地0建物1車位0,九層,13,住宅大樓(11層含以上有電梯),集合住宅,鋼筋混凝土造,1141231,121.44,2,2,1,有,有,有,16000,132,,0.0,0,國家住宅及都市更新中心社會住宅包租代管中央版第五期計畫多人共同承租2；未租賃車位，建物登記含有車位面積；,RPTNMLLLNHLGFID88CC,整棟(戶)出租,有,1150505~1160504,有,冷氣、熱水器、洗衣機、電視機、冰箱,社會住宅代管
永康區,租賃房屋,臺南市永康區六合里新興街８之３號三樓之３,0.0,,,,1150426,土地0建物1車位0,三層,11,住宅大樓(11層含以上有電梯),住家用,鋼筋混凝土造,0880519,81.22,3,2,2,有,有,有,14000,172,,0.0,0,台南市社會住宅包租代管第4期計畫公會版租金依照租金水準區間表評定續租案件；,RPRNMLLLNHLGFKD88CC,整棟(戶)出租,有,1150522~1160430,有,冷氣、熱水器、洗衣機、冰箱、瓦斯或天然氣,社會住宅代管
永康區,租賃房屋,臺南市永康區竹園二街２０６巷１０號,63.17,住,,,1150505,土地1建物1車位0,全,2,透天厝,住商用,加強磚造,0701230,86.88,4,2,3,有,無,有,22000,253,,0.0,0,多人共同承租3；,RPXNMLLLNHLGFKD86CC,整棟(戶)出租,無,1150510~1170509,無,冷氣、熱水器、洗衣機、電視機、冰箱、瓦斯或天然氣、有線電視,
永康區,租賃房屋,臺南市永康區大橋二街１９２號二樓之３,0.0,,,,1150507,土地0建物1車位0,二層,13,住宅大樓(11層含以上有電梯),住家用,鋼筋混凝土造,0821229,66.23,2,1,1,有,有,有,17500,264,,0.0,0,國家住宅及都市更新中心社會住宅包租代管中央版第五期計畫,RPOOMLLLNHLGFKD68CC,整棟(戶)出租,有,1150510~1160509,有,冷氣、熱水器、洗衣機、電視機、冰箱,社會住宅代管
永康區,租賃房屋,臺南市永康區中華二路３１８巷３號,0.0,,,,1150504,土地0建物1車位0,二層,17,住宅大樓(11層含以上有電梯),住商用,鋼筋混凝土造,0811016,87.58,3,2,2,有,有,有,15000,171,,0.0,0,1.契約書未約定土地租賃標的。2.由所有權人提供租屋資訊。多人共同承租2；租賃建物部分範圍，且未計入共有部分面積；,RPROMLLLNHLGFKD98CC,分層出租,有,1150510~1160509,有,冷氣、熱水器、洗衣機、冰箱、瓦斯或天然氣,
永康區,租賃房屋,臺南市永康區小東路６６５號,0.0,,,,1150507,土地0建物0車位0,全,5,透天厝,避難室、店舖、住宅。,鋼筋混凝土造,0780525,27.31,7,0,7,有,無,有,10000,366,,0.0,0,1.契約書未約定土地租賃標的。2.由所有權人提供租屋資訊。租金總額含網路費；,RPSOMLLLNHLGFKD09CC,分租套房,無,1150507~1160506,無,冷氣、熱水器、電視機、冰箱、有線電視、網路,
永康區,租賃房屋,臺南市永康區新民街９０號,0.0,,,,1150508,土地0建物0車位0,全,4,透天厝,住商用,鋼筋混凝土造,0941223,25.3,6,0,6,有,無,有,5600,221,,0.0,0,租金總額含水費；網路費；其他有線電視或MOD；續租案件；,RPUOMLLLNHLGFKD66CC,分租套房,無,1150701~1160630,無,冷氣、熱水器、電視機、冰箱、有線電視、網路,一般代管
安平區,租賃房屋,臺南市安平區育平路２１２號十一樓之３１,0.0,,,,1150507,土地0建物1車位0,十一層,17,住宅大樓(11層含以上有電梯),住家用,鋼筋混凝土造,0840729,74.99,2,2,1,有,有,有,12700,169,,0.0,0,國家住宅及都市更新中心社會住宅包租代管中央版第五期計畫,RPQNMLMLNHLGFAD87CC,整棟(戶)出租,有,1150510~1170509,有,冷氣、熱水器、洗衣機、瓦斯或天然氣,社會住宅包租轉租
中西區,租賃房屋,臺南市中西區南華街８１號五樓之５,0.0,,,,1150427,土地0建物1車位0,五層,7,華廈(10層含以下有電梯),住家用,鋼筋混凝土造,0800627,23.48,1,1,1,有,有,有,5700,243,,0.0,0,台南市社會住宅包租代管第5期計畫中央版租金依照租金水準區間表評定,RPUNMLMLNHLGFAD28CC,獨立套房,有,1150501~1180430,有,冷氣、熱水器、洗衣機、冰箱,社會住宅代管
中西區,租賃房屋,臺南市中西區金華路三段２５２號八樓之１１,0.0,,,,1150427,土地0建物1車位0,八層,21,住宅大樓(11層含以上有電梯),住家用,鋼筋混凝土造,0870219,35.150000000000006,1,1,1,有,有,有,9000,256,,0.0,0,台南市社會住宅包租代管第5期計畫中央版租金依照租金水準區間表評定,RPVNMLMLNHLGFAD38CC,獨立套房,有,1150520~1160519,有,冷氣、熱水器、洗衣機、電視機、冰箱,社會住宅代管
北區,租賃房屋,臺南市北區開元路５２３號２２樓之２,0.0,,,,1150501,土地0建物1車位0,二十二層,24,住宅大樓(11層含以上有電梯),集合住宅,鋼筋混凝土構造,1041105,78.60000000000001,2,1,1,有,有,無,19000,242,,0.0,0,多人共同承租2；租金總額含管理費；其他公共基金；,RPOOMLMLNHLGFAD77CC,整棟(戶)出租,有,1150501~1160430,有,冷氣、熱水器、洗衣機、電視機、冰箱、瓦斯或天然氣,
中西區,租賃房屋,臺南市中西區中華西路二段８３３號６樓之６,0.0,,,,1150507,土地0建物1車位0,六層,22,住宅大樓(11層含以上有電梯),集合住宅,鋼筋混凝土構造,1120323,87.55,2,1,1,有,有,有,25000,286,,0.0,0,多人共同承租2；租金總額含管理費；其他一個機車車位；,RPPOMLMLNHLGFAD87CC,整棟(戶)出租,有,1150601~1160531,有,冷氣、熱水器、洗衣機、電視機、冰箱,
安南區,租賃房屋,臺南市安南區布袋路８０號二樓之２,0.0,,,,1150427,土地0建物1車位0,二層,5,華廈(10層含以下有電梯),集合住宅,鋼筋混凝土造,1101126,103.88,3,1,2,有,有,有,17200,166,,0.0,0,台南市社會住宅包租代管第5期計畫中央版租金依照租金水準區間表評定未租賃車位，建物登記含有車位面積；,RPRNMLMLNHLGFBD08CC,整棟(戶)出租,有,1150505~1171219,有,冷氣、熱水器、洗衣機、電視機、冰箱,社會住宅包租轉租
東區,租賃房屋,臺南市東區富農街一段１９１巷５號三樓,0.0,,,,1150427,土地0建物1車位0,三層,5,公寓(5樓含以下無電梯),住家用,鋼筋混凝土造,0790719,138.17000000000002,4,2,2,有,無,有,5500,40,,0.0,0,台南市社會住宅包租代管第5期計畫中央版租金依照租金水準區間表評定,RPTNMLMLNHLGFCD38CC,整棟(戶)出租,無,1150501~1160430,無,冷氣、熱水器、洗衣機、電視機、冰箱、瓦斯或天然氣,社會住宅包租轉租
東區,租賃房屋,臺南市東區崇學路１１１號十二樓之２,0.0,,,,1150427,土地0建物1車位0,十二層,16,住宅大樓(11層含以上有電梯),住家用,鋼筋混凝土造,0860508,237.95,3,2,2,有,有,有,17000,71,,0.0,0,台南市社會住宅包租代管增辦第4期計畫公會版租金依照租金水準區間表評定續租案件；,RPUNMLMLNHLGFCD48CC,整棟(戶)出租,有,1150501~1160430,有,冷氣、熱水器、洗衣機、電視機、瓦斯或天然氣,社會住宅代管
東區,租賃房屋,臺南市東區建東街５４巷３１號三樓之２,0.0,,,,1150427,土地0建物1車位0,三層,7,華廈(10層含以下有電梯),住家用,鋼筋混凝土造,0830707,101.96,3,2,2,有,有,有,17500,172,,0.0,0,台南市社會住宅包租代管增辦第4期計畫公會版租金依照租金水準區間表評定續租案件；,RPVNMLMLNHLGFCD58CC,整棟(戶)出租,有,1150605~1160604,有,冷氣、熱水器、洗衣機、電視機、冰箱、瓦斯或天然氣,社會住宅代管
東區,租賃房屋,臺南市東區東門路三段３７巷６３弄２３號,0.0,,,,1150507,土地0建物0車位0,全,2,透天厝,住家用,加強磚造,0630920,16.53,5,0,5,有,無,有,6000,363,,0.0,0,租金總額含網路費；續租案件；,RPWNMLMLNHLGFCD68CC,分租套房,無,1150701~1160630,無,冷氣、熱水器、電視機、冰箱、網路,
南區,租賃房屋,臺南市南區健康路一段１３５號,0.0,,,,1150427,土地0建物1車位0,見其他登記事項,2,店面(店鋪),住家用,磚瓦造,0490101,67.87,3,2,2,有,無,無,25000,368,,0.0,0,租賃期間含免租金裝潢期自民國115年4月27日起至民國115年5月26日止租金總額含稅；其他二代健保；,RPXNMLMLNHLGFCD78CC,,無,1150427~1160526,無,,
新營區,租賃房屋,臺南市新營區新進路二段４９６號十一樓,0.0,,,,1150427,土地0建物1車位0,十一層,14,住宅大樓(11層含以上有電梯),住家用,鋼筋混凝土造,0831227,116.47999999999999,3,2,2,有,有,有,15000,129,,0.0,0,台南市社會住宅包租代管第5期計畫中央版租金依照租金水準區間表評定多人共同承租2；,RPPNMLMLNHLGFDD08CC,整棟(戶)出租,有,1150501~1160430,有,冷氣、熱水器、洗衣機、冰箱,社會住宅代管
新市區,租賃房屋,臺南市新市區富安一街３０號,0.0,,,,1150508,土地0建物0車位0,全,4,透天厝,店舖，停車空間，住宅,鋼筋混凝土造,1040518,21.49,8,0,8,有,無,有,6500,302,,0.0,0,租金總額含網路費；,RPSNMLMLNHLGFHD78CC,分租套房,無,1150510~1160509,無,冷氣、熱水器、電視機、冰箱、有線電視、網路,一般代管
新市區,租賃房屋,臺南市新市區永就１５之６５號,0.0,,,,1150509,土地0建物0車位0,全,4,透天厝,住宅、門廊,鋼筋混凝土造,1011205,18.22,7,0,7,有,無,有,5500,302,,0.0,0,租金總額含網路費；續租案件；,RPTNMLMLNHLGFHD88CC,分租套房,無,1150513~1151112,無,冷氣、熱水器、洗衣機、電視機、冰箱、有線電視、網路,一般代管
仁德區,租賃房屋+車位,臺南市仁德區文孝路１２５號７樓之１,0.0,,,,1150428,土地0建物1車位1,七層,23,住宅大樓(11層含以上有電梯),集合住宅,鋼筋混凝土構造,1120426,165.69,3,2,2,有,有,有,27500,166,坡道平面,31.41,0,租金總額含管理費；其他公共基金；,RPQNMLMLNHLGFID68CC,整棟(戶)出租,有,1150510~1160509,有,冷氣、熱水器、洗衣機、電視機、冰箱、瓦斯或天然氣,
仁德區,租賃房屋+車位,臺南市仁德區文心路７８號１２樓之５,0.0,,,,1150501,土地0建物1車位1,十二層,24,住宅大樓(11層含以上有電梯),集合住宅,鋼筋混凝土構造,1100315,105.35,2,1,1,有,有,有,20000,190,坡道平面,17.45,0,多人共同承租2；租金總額含管理費；其他公共基金；,RPRNMLMLNHLGFID78CC,整棟(戶)出租,有,1150501~1160430,有,冷氣、熱水器、洗衣機、電視機、冰箱,
永康區,租賃房屋,臺南市永康區五王里新興街７８號四樓之２４,0.0,,,,1150510,土地0建物1車位0,四層,8,華廈(10層含以下有電梯),住家用,鋼筋混凝土造,0801022,23.689999999999998,1,0,1,有,有,有,6000,253,,0.0,0,台南市社會住宅包租代管公會版增辦第4期租金總額含管理費；續租案件；,RPQNMLMLNHLGFKD88CC,獨立套房,有,1150601~1160531,有,冷氣、熱水器、洗衣機、冰箱,社會住宅代管
永康區,租賃房屋,臺南市永康區中山南路９５巷７之３號,0.0,,,,1150427,土地0建物1車位0,四層,5,公寓(5樓含以下無電梯),住家用,鋼筋混凝土造,0711012,78.24,3,2,1,有,無,無,14000,179,,0.0,0,台南市社會住宅包租代管第5期計畫中央版租金依照租金水準區間表評定,RPSNMLMLNHLGFKD09CC,整棟(戶)出租,無,1150501~1160430,無,冷氣、熱水器、洗衣機,社會住宅代管
永康區,租賃房屋+車位,臺南市永康區東橋七路１９１號４樓之９,0.0,,,,1150502,土地0建物1車位1,四層,16,住宅大樓(11層含以上有電梯),住家用,鋼筋混凝土構造,1061114,149.97,3,2,2,有,有,有,25000,167,坡道平面,22.39,0,租金總額含管理費；其他公共基金；,RPWNMLMLNHLGFKD86CC,整棟(戶)出租,有,1150510~1160509,有,冷氣、熱水器、洗衣機、冰箱、瓦斯或天然氣,
永康區,租賃房屋,臺南市永康區東橋七路１９５號９樓之８,0.0,,,,1150509,土地0建物1車位0,九層,16,住宅大樓(11層含以上有電梯),住家用,鋼筋混凝土構造,1061114,87.69,2,1,1,有,有,有,20000,228,,0.0,0,租金總額含管理費；其他公共基金；,RPQOMLMLNHLGFKD98CC,整棟(戶)出租,有,1150510~1160509,有,冷氣、熱水器、洗衣機、電視機、冰箱、瓦斯或天然氣,
永康區,租賃房屋,臺南市永康區正南五街５２０巷５５弄９號,0.0,,,,1150508,土地0建物0車位0,全,4,透天厝,住家用,鋼筋混凝土造,0991223,19.83,8,0,8,有,無,有,6000,303,,0.0,0,租金總額含網路費；續租案件；,RPTOMLMLNHLGFKD66CC,分租套房,無,1150616~1160615,無,冷氣、熱水器、電視機、冰箱、有線電視、網路,一般代管
善化區,租賃房屋,臺南市善化區牛庄里３鄰牛庄６６之５０號,0.0,,,,1150505,土地0建物1車位0,全,4,透天厝,住家用,鋼筋混凝土構造,1120313,154.3,4,2,3,有,無,有,25000,162,,0.0,0,參加國家住宅及都市更新中心辦理社會住宅包租代管第5期計畫中央版門牌整編前地址:臺南市善化區牛庄66之48號,RPPNMLNLNHLGFHD58CC,整棟(戶)出租,無,1150505~1160504,無,冷氣、熱水器、洗衣機、冰箱,社會住宅包租轉租
永康區,租賃房屋,臺南市永康區大橋里大橋一街１０３巷６弄１之２號三樓,0.0,,,,1150504,土地0建物1車位0,三層,10,華廈(10層含以下有電梯),住家用,鋼筋混凝土造,0790810,105.79,3,2,2,有,有,有,17000,161,,0.0,0,參加國家住宅及都市更新中心辦理社會住宅包租代管第5期計畫中央版,RPQNMLNLNHLGFKD98CC,整棟(戶)出租,有,1150515~1180109,有,冷氣、熱水器、洗衣機、電視機、冰箱,社會住宅包租轉租
中西區,租賃房屋,臺南市中西區金華路三段２３０號六樓之５,0.0,,,,1150505,土地0建物1車位0,六層,12,住宅大樓(11層含以上有電梯),住家用,鋼筋混凝土造,0750121,87.53999999999999,2,1,1,有,有,有,12000,137,,0.0,0,參加國家住宅及都市更新中心辦理社會住宅包租代管增辦第4期計畫公會版,RPUNMLOLNHLGFAD48CC,整棟(戶)出租,有,1150508~1170707,有,冷氣、熱水器、洗衣機、電視機、冰箱,社會住宅包租轉租
東區,租賃房屋,臺南市東區崇德路７８５號四樓之１,0.0,,,,1150507,土地0建物1車位0,四層,9,華廈(10層含以下有電梯),住家用,鋼筋混凝土造,0891005,103.17999999999999,3,2,2,有,有,有,14000,136,,0.0,0,參加國家住宅及都市更新中心辦理社會住宅包租代管第5期計畫中央版未租賃車位，建物登記含有車位面積；,RPPNMLOLNHLGFCD18CC,整棟(戶)出租,有,1150510~1180509,有,冷氣、熱水器,社會住宅包租轉租
東區,租賃房屋+車位,臺南市東區仁東街１９號十樓之１,0.0,,,,1150506,土地0建物1車位1,十層,14,住宅大樓(11層含以上有電梯),住家用,鋼筋混凝土造,0871218,116.7,3,2,2,有,有,有,19200,165,坡道機械,9.83,0,參加國家住宅及都市更新中心辦理社會住宅包租代管增辦第4期計畫公會版多人共同承租2；,RPTNMLOLNHLGFCD58CC,整棟(戶)出租,有,1150506~1170109,有,冷氣、熱水器、洗衣機、冰箱、瓦斯或天然氣,社會住宅包租轉租
佳里區,租賃房屋,臺南市佳里區佳安南路１５２號,0.0,,,,1150505,土地0建物1車位0,全,3,透天厝,住家用,鋼筋混凝土造,0880918,187.69,4,2,3,有,無,有,19900,106,,0.0,0,參加國家住宅及都市更新中心辦理社會住宅包租代管第5期計畫中央版,RPPNMLOLNHLGFGD58CC,整棟(戶)出租,無,1150601~1160531,無,冷氣、熱水器、洗衣機、電視機、冰箱,社會住宅包租轉租
佳里區,租賃房屋,臺南市佳里區六安里１７鄰延平路５７７巷２弄２４號,0.0,,,,1150507,土地0建物1車位0,全,2,透天厝,國民住宅,加強磚造,0670714,103.54,4,2,2,有,無,有,12000,116,,0.0,0,參加國家住宅及都市更新中心辦理社會住宅包租代管第5期計畫中央版,RPQNMLOLNHLGFGD68CC,整棟(戶)出租,無,1150510~1160509,無,冷氣、熱水器、電視機,社會住宅包租轉租
歸仁區,租賃房屋,臺南市歸仁區 中正南路３段９５巷３０弄２９號,0.0,,,,1150425,土地0建物0車位0,全,5,透天厝,住宅、管理維護空間、門廊、樓梯間、機械室。,鋼筋混凝土造,0960914,18.18,25,0,25,有,無,無,4800,264,,0.0,0,租金總額含網路費；,RPPNMLOLNHLGFID78CC,分租套房,無,1150701~1160630,有,冷氣、熱水器、網路,一般轉租
歸仁區,租賃房屋,臺南市歸仁區中正南路３段９５巷３０弄２９號,0.0,,,,1150425,土地0建物0車位0,全,5,透天厝,住宅、管理維護空間、門廊、樓梯間、機械室。,鋼筋混凝土造,0960914,18.18,25,0,25,有,無,無,4800,264,,0.0,0,租金總額含網路費；,RPQNMLOLNHLGFID88CC,分租套房,無,1150701~1160630,有,冷氣、熱水器、網路,一般轉租
歸仁區,租賃房屋,臺南市歸仁區中正南路３段９５巷３０弄２９號,0.0,,,,1150426,土地0建物0車位0,全,5,透天厝,住宅、管理維護空間、門廊、樓梯間、機械室。,鋼筋混凝土造,0960914,18.18,25,0,25,有,無,無,2750,151,,0.0,0,多人共同承租2；租金總額含網路費；,RPRNMLOLNHLGFID98CC,分租套房,無,1150701~1160630,有,冷氣、熱水器、網路,一般轉租
歸仁區,租賃房屋,臺南市歸仁區中正南路３段９５巷３０弄２９號,0.0,,,,1150502,土地0建物0車位0,全,5,透天厝,住宅、管理維護空間、門廊、樓梯間、機械室。,鋼筋混凝土造,0960914,18.18,25,0,25,有,無,無,4800,264,,0.0,0,租金總額含網路費；,RPSNMLOLNHLGFID09CC,分租套房,無,1150701~1160630,有,冷氣、熱水器、網路,一般轉租
仁德區,租賃房屋,臺南市仁德區仁和里和愛街１６號七樓之１,0.0,,,,1150508,土地0建物1車位0,七層,14,住宅大樓(11層含以上有電梯),住家用,鋼筋混凝土造,0990422,174.15,3,2,2,有,有,有,19000,109,,0.0,0,參加國家住宅及都市更新中心辦理社會住宅包租代管第5期計畫中央版多人共同承租2；,RPTNMLOLNHLGFID56CC,整棟(戶)出租,有,1150510~1170509,有,冷氣、熱水器,社會住宅包租轉租
歸仁區,租賃房屋,臺南市歸仁區大仁三街２０巷２之１號,0.0,,,,1150507,土地0建物1車位0,全,3,透天厝,住家用,鋼筋混凝土構造,1090610,166.62,4,2,3,有,無,有,26500,159,,0.0,0,參加國家住宅及都市更新中心辦理社會住宅包租代管第5期計畫中央版,RPVNMLOLNHLGFID76CC,整棟(戶)出租,無,1150514~1160513,無,熱水器,社會住宅包租轉租
永康區,租賃房屋,臺南市永康區中華路５７８巷１７之１８號,0.0,,,,1150505,土地0建物1車位0,四層,17,住宅大樓(11層含以上有電梯),住家用,鋼筋混凝土造,0810723,70.82,2,1,1,有,有,有,14000,198,,0.0,0,參加國家住宅及都市更新中心辦理社會住宅包租代管第5期計畫中央版多人共同承租2；,RPPNMLOLNHLGFKD98CC,整棟(戶)出租,有,1150601~1170531,有,冷氣、熱水器、洗衣機、電視機、冰箱,社會住宅包租轉租
永康區,租賃房屋,臺南市永康區新民街６６巷５號四樓之６,0.0,,,,1150506,土地0建物1車位0,四層,9,華廈(10層含以下有電梯),住家用,鋼筋混凝土造,0821230,36.6,1,1,1,有,有,有,6200,169,,0.0,0,參加國家住宅及都市更新中心辦理社會住宅包租代管第5期計畫中央版,RPTNMLOLNHLGFKD76CC,獨立套房,有,1150525~1160524,有,冷氣、熱水器、洗衣機、電視機、冰箱,社會住宅代管
安平區,租賃房屋,臺南市安平區國平北路１３７號二十九樓之１,0.0,,,,1150501,土地0建物1車位0,二十九層,34,住宅大樓(11層含以上有電梯),集合住宅,鋼骨鋼筋混凝土造、鋼筋混凝土造,1140415,135.22,3,2,2,有,有,有,25000,185,,0.0,0,參加公會版住宅包租代管五期計畫未租賃車位，建物登記含有車位面積；,RPRNMLPLNHLGFAD28CC,整棟(戶)出租,有,1150501~1170430,有,冷氣、熱水器、洗衣機、電視機、冰箱,社會住宅代管
安平區,租賃房屋,臺南市安平區國平北路１４７號二十八樓之１,0.0,,,,1150510,土地0建物1車位0,二十八層,34,住宅大樓(11層含以上有電梯),集合住宅,鋼骨鋼筋混凝土造、鋼筋混凝土造,1140415,178.5,4,2,2,有,有,有,15000,84,,0.0,0,參加公會版住宅包租代管五期計畫租金總額含管理費；未租賃車位，建物登記含有車位面積；,RPSNMLPLNHLGFAD38CC,整棟(戶)出租,有,1150510~1160509,有,冷氣、熱水器、洗衣機、電視機、冰箱,社會住宅代管
安平區,租賃房屋,臺南市安平區建平八街７２號１４樓之８,0.0,,,,1150507,土地0建物1車位0,十四層,14,住宅大樓(11層含以上有電梯),一般事務所,鋼筋混凝土造,0880816,105.58000000000001,4,2,2,有,有,有,17000,161,,0.0,0,參加公會版住宅包租代管五期計畫,RPUNMLPLNHLGFAD58CC,整棟(戶)出租,有,1150510~1180509,有,冷氣、熱水器、洗衣機、電視機、冰箱,社會住宅包租轉租
北區,租賃房屋,臺南市北區北門路二段５７６巷９號十樓之１,0.0,,,,1150508,土地0建物1車位0,十層,10,華廈(10層含以下有電梯),集合住宅,鋼筋混凝土造,0930330,163.26,3,2,2,有,有,有,18000,110,,0.0,0,參加公會版住宅包租代管五期計畫,RPWNMLPLNHLGFAD78CC,整棟(戶)出租,有,1150510~1160509,有,冷氣、熱水器、洗衣機、電視機、冰箱,社會住宅包租轉租
北區,租賃房屋,臺南市北區武聖路１１４巷８號,0.0,,,,1150428,土地0建物1車位0,全,4,透天厝,住商用,鋼筋混凝土造,0691104,267.22,4,1,2,有,無,無,20000,75,,0.0,0,台南市社會住宅包租代管增辦第4期計畫公會版租金依照租金水準區間表評定續租案件；,RPQOMLPLNHLGFAD28CC,整棟(戶)出租,無,1150525~1160524,無,熱水器、瓦斯或天然氣,社會住宅代管
安南區,租賃房屋,臺南市安南區安通一街２１號十樓之７,0.0,,,,1150428,土地0建物1車位0,十層,15,住宅大樓(11層含以上有電梯),集合住宅,鋼筋混凝土造,1101230,100.03999999999999,2,2,1,有,有,有,21000,210,,0.0,0,參加公會版住宅包租代管五期計畫租金總額含管理費；未租賃車位，建物登記含有車位面積；,RPPNMLPLNHLGFBD18CC,整棟(戶)出租,有,1150501~1160430,有,冷氣、熱水器、洗衣機、電視機、冰箱,社會住宅代管
安南區,租賃房屋,臺南市安南區慈興七街１５號五樓之３,0.0,,,,1150430,土地0建物1車位0,五層,5,華廈(10層含以下有電梯),集合住宅,鋼筋混凝土造,1110601,80.17,2,1,2,有,有,有,16500,206,,0.0,0,參加公會版住宅包租代管五期計畫多人共同承租2；,RPQNMLPLNHLGFBD28CC,整棟(戶)出租,有,1150501~1160430,有,冷氣、熱水器、洗衣機、冰箱,社會住宅代管
東區,租賃房屋,臺南市東區大同路一段２７５巷６０號３樓,0.0,,,,1150510,土地0建物1車位0,三層,5,華廈(10層含以下有電梯),集合住宅、停車空間,鋼筋混凝土造,1140115,97.29,3,2,2,有,有,有,21000,216,,0.0,0,參加公會版住宅包租代管五期計畫多人共同承租2；租金總額含管理費；,RPPNMLPLNHLGFCD28CC,整棟(戶)出租,有,1150510~1160509,有,冷氣、熱水器,社會住宅代管
東區,租賃房屋,臺南市東區東光路一段１１號,0.0,,,,1150424,土地0建物1車位0,一層,8,華廈(10層含以下有電梯),商業用,鋼筋混凝土造,0811223,133.93,0,1,1,有,有,無,40000,299,,0.0,0,,RPVNMLPLNHLGFCD88CC,,有,1150424~1200430,有,,
東區,租賃房屋,臺南市東區東成街２４號四樓,0.0,,,,1150429,土地0建物1車位0,四層,5,公寓(5樓含以下無電梯),住家用,鋼筋混凝土造,0770423,76.28999999999999,2,2,1,有,無,有,14000,184,,0.0,0,,RPWNMLPLNHLGFCD98CC,整棟(戶)出租,無,1150520~1180519,無,冷氣、熱水器、洗衣機、冰箱,
新化區,租賃房屋,臺南市新化區?拔林５１５之３號,0.0,,,,1150428,土地0建物1車位0,全,2,透天厝,住商用,加強磚造,0730406,99.99,3,2,2,有,無,有,10000,100,,0.0,0,台南市社會住宅包租代管第4期計畫公會版租金依照租金水準區間表評定續租案件；,RPRNMLPLNHLGFHD98CC,整棟(戶)出租,無,1150505~1160504,無,熱水器,社會住宅代管
安定區,租賃房屋+車位,臺南市安定區港口３３１之２１號５樓之９,0.0,,,,1150430,土地0建物1車位1,五層,6,華廈(10層含以下有電梯),集合住宅,鋼筋混凝土造,1120112,121.28,3,1,2,有,無,有,21000,173,一樓平面,12.94,0,多人共同承租2；租金總額含管理費；,RPTNMLPLNHLGFHD56CC,整棟(戶)出租,無,1150430~1160430,有,冷氣、熱水器、洗衣機、電視機、冰箱,一般代管
仁德區,租賃房屋,臺南市仁德區仁德里中正路二段１２０５巷１１號六樓之３,0.0,,,,1150505,土地0建物1車位0,六層,7,華廈(10層含以下有電梯),住家用,鋼筋混凝土造,0830225,146.5,3,2,2,有,有,有,15000,102,,0.0,0,台南市社會住宅包租代管第5期計畫中央版租金依照租金水準區間表評定,RPQNMLPLNHLGFID98CC,整棟(戶)出租,有,1150508~1180507,有,熱水器、瓦斯或天然氣,社會住宅包租轉租
永康區,租賃房屋,臺南市永康區中正南路５９２巷８８號,0.0,,,,1150504,土地0建物1車位0,全,2,透天厝,住家用,鋼筋混凝土造,0761002,127.92,5,2,3,有,無,有,20000,156,,0.0,0,參加臺南市社會住宅包租代管第4期計畫續租案件；,RPPNMLPLNHLGFKD09CC,整棟(戶)出租,無,1150510~1160509,無,冷氣、熱水器、洗衣機、電視機,社會住宅代管
永康區,租賃房屋+車位,臺南市永康區東橋十街７５號１０樓之１,0.0,,,,1150501,土地0建物1車位1,十層,18,住宅大樓(11層含以上有電梯),集合住宅,鋼筋混凝土造,1140605,175.19,3,2,1,有,有,有,31000,177,坡道平面,22.99,0,公設坪數含有兩個車位，但這物件只承租一個車位多人共同承租2；租金總額含管理費；,RPRNMLPLNHLGFKD66CC,整棟(戶)出租,有,1150501~1160430,有,冷氣、熱水器、洗衣機、電視機、冰箱、瓦斯或天然氣,
永康區,租賃房屋,臺南市永康區小東路５０９號十樓之６,0.0,,,,1150430,土地0建物1車位0,十層,13,住宅大樓(11層含以上有電梯),住家用,鋼筋混凝土造,0851122,74.21000000000001,1,1,1,有,有,有,8500,115,,0.0,0,參加公會版住宅包租代管五期計畫租金總額含管理費；,RPSNMLPLNHLGFKD76CC,獨立套房,有,1150501~1160430,有,冷氣、熱水器、洗衣機、電視機、冰箱,社會住宅代管
永康區,租賃房屋,臺南市永康區成功路９１號三樓之１,0.0,,,,1150429,土地0建物1車位0,三層,8,華廈(10層含以下有電梯),住家用,鋼筋混凝土造,0840516,122.75,3,2,2,有,有,有,12000,98,,0.0,0,參加公會版住宅包租代管五期計畫租金總額含管理費；,RPXNMLPLNHLGFKD27CC,整棟(戶)出租,有,1150501~1180430,有,冷氣、熱水器、洗衣機、電視機、冰箱,社會住宅包租轉租
永康區,租賃房屋,臺南市永康區中華路５７８巷１７之１１７號,0.0,,,,1150430,土地0建物1車位0,十六層,17,住宅大樓(11層含以上有電梯),住家用,鋼筋混凝土造,0810723,51.97,3,2,2,有,有,有,13800,266,,0.0,0,參加公會版住宅包租代管五期計畫,RPOOMLPLNHLGFKD09CC,整棟(戶)出租,有,1150501~1180430,有,冷氣、熱水器、洗衣機、電視機、冰箱,社會住宅包租轉租
永康區,租賃房屋,臺南市永康區東橋五路１８０號六樓之５,0.0,,,,1150429,土地0建物1車位0,六層,15,住宅大樓(11層含以上有電梯),集合住宅,鋼筋混凝土構造,1120818,118.88,3,2,2,有,有,有,22600,190,,0.0,0,台南市社會住宅包租代管增辦第4期計畫公會版租金依照租金水準區間表評定續租案件；,RPROMLPLNHLGFKD76CC,整棟(戶)出租,有,1150615~1160614,有,冷氣、熱水器、洗衣機、電視機、冰箱、瓦斯或天然氣,社會住宅代管
安南區,租賃房屋,臺南市安南區北安路四段１１８號,0.0,,,,1150505,土地0建物1車位0,見其他登記事項,1,店面(店鋪),店鋪,鋼骨構造有牆,1091215,100.57,0,0,0,無,無,無,40000,398,,0.0,0,房屋用途供「保健食品買賣、發表會會場及教室」使用租賃期間有約定不同租金115/5/5~115/5/11為裝潢期免租金，租金自115/5/12起算；,RPPNMLPLNHLGFBD28DC,,無,1150512~1170511,無,,
安平區,租賃房屋,臺南市安平區慶平路２００號六樓之２０,0.0,,,,1150430,土地0建物1車位0,六層,13,住宅大樓(11層含以上有電梯),住家用,鋼筋混凝土造,0841024,30.81,1,1,1,有,有,有,7400,240,,0.0,0,台南市社會住宅包租代管增辦第4期計畫公會版租金依照租金水準區間表評定續租案件；,RPSOMLQLNHLGFAD58CC,獨立套房,有,1150520~1160519,有,冷氣、熱水器、洗衣機、電視機、冰箱,社會住宅代管
安南區,土地,海中段663地號,372.26,住,,,1150429,土地1建物0車位0,,,其他,,,,0.0,0,0,0,無,無,無,50000,134,,0.0,0,115.05.01-115.05.31為免租金裝潢，租金於115.06.01起算含有多個門牌且未個別計算租金臺南市安南區海佃路二段475、477號；含增建或未登記建物；,RPSNMLQLNHLGFBD58CC,,,1150601~1200531,,,
東區,租賃房屋,臺南市東區慶東街８６之１號２樓,0.0,,,,1150510,土地0建物1車位0,二層,2,公寓(5樓含以下無電梯),住家用,鋼筋混凝土造,0761118,130.76,3,2,2,有,無,無,15000,115,,0.0,0,,RPRNMLQLNHLGFCD58CC,整棟(戶)出租,無,1150515~1180514,無,熱水器,
東區,租賃房屋,臺南市東區榮譽街４５之３號五樓,0.0,,,,1150505,土地0建物1車位0,五層,5,公寓(5樓含以下無電梯),住家用,鋼筋混凝土造,0740412,69.3,3,2,1,有,無,有,9500,137,,0.0,0,參加臺南市社會住宅包租代管第4期計畫續租案件；,RPSNMLQLNHLGFCD68CC,整棟(戶)出租,無,1150506~1160505,無,冷氣、熱水器、洗衣機、電視機、冰箱,社會住宅代管
南區,租賃房屋,臺南市南區大同路二段１１４號八樓之２,0.0,,,,1150430,土地0建物1車位0,八層,13,住宅大樓(11層含以上有電梯),集合住宅,鋼筋混凝土造,0881021,139.12,3,2,2,有,有,有,14600,105,,0.0,0,台南市社會住宅包租代管增辦第4期計畫公會版租金依照租金水準區間表評定多人共同承租2；,RPROMLQLNHLGFCD68CC,整棟(戶)出租,有,1150520~1160519,有,熱水器、洗衣機、瓦斯或天然氣,社會住宅代管
東區,租賃房屋,臺南市東區光明街１０２巷２號２樓,0.0,,,,1150510,土地0建物1車位0,二層,12,住宅大樓(11層含以上有電梯),集合住宅,鋼筋混凝土造,0881116,158.85000000000002,3,2,2,有,有,有,20000,126,,0.0,0,多人共同承租3；續租案件；,RPUOMLQLNHLGFCD98CC,整棟(戶)出租,有,1150710~1160709,有,冷氣、熱水器、洗衣機、電視機、冰箱,
仁德區,租賃房屋+車位,臺南市仁德區德洋二街７７號４樓之１２,0.0,,,,1150506,土地0建物1車位1,四層,5,華廈(10層含以下有電梯),集合住宅,鋼筋混凝土構造,1110104,120.33,3,2,2,有,有,有,19000,158,一樓平面,13.82,0,參加臺南市社會住宅包租代管第4期計畫租金總額含管理費；續租案件；,RPSNMLQLNHLGFID66CC,整棟(戶)出租,有,1150507~1160506,有,冷氣、熱水器、洗衣機,社會住宅代管
仁德區,租賃房屋,臺南市仁德區中山路５０９巷１８弄２號１４樓之５,0.0,,,,1150510,土地0建物1車位0,十四層,14,住宅大樓(11層含以上有電梯),住家用,鋼筋混凝土造,0870813,77.46000000000001,2,1,2,有,有,有,13000,168,,0.0,0,1.契約書未約定土地租賃標的。2.由所有權人提供租屋資訊。多人共同承租2；租金總額含管理費；,RPTNMLQLNHLGFID76CC,整棟(戶)出租,有,1150515~1170514,有,冷氣、熱水器、洗衣機、電視機、冰箱、瓦斯或天然氣,
歸仁區,租賃房屋,臺南市歸仁區高鐵大道３３號７樓之９,0.0,,,,1150501,土地0建物1車位0,七層,17,住宅大樓(11層含以上有電梯),集合住宅,鋼筋混凝土造,1141023,141.32,3,2,2,有,有,有,15000,106,,0.0,0,多人共同承租3；未租賃車位，建物登記含有車位面積；,RPWNMLQLNHLGFID07CC,整棟(戶)出租,有,1150501~1160430,有,冷氣、熱水器、洗衣機、電視機、冰箱、有線電視,
永康區,租賃房屋,臺南市永康區鹽行里仁愛街１０８巷３２弄５號,0.0,,,,1150430,土地0建物0車位0,全,4,透天厝,住商用,鋼筋混凝土造,0830228,21.27,9,0,9,有,無,有,4800,226,,0.0,0,租金總額含水費；租賃建物部分範圍，且未計入共有部分面積；,RPUNMLQLNHLGFKD07CC,分租套房,無,1150501~1160430,無,冷氣、熱水器、洗衣機、電視機、冰箱、有線電視,一般代管
永康區,租賃房屋,臺南市永康區安康里大橋一街５３之１號二樓之７,0.0,,,,1150507,土地0建物1車位0,二層,14,住宅大樓(11層含以上有電梯),住家用,鋼筋混凝土造,0880824,100.23,3,2,1,有,有,有,13500,135,,0.0,0,國家住宅及都市更新中心社會住宅包租代管中央版第五期計畫未租賃車位，建物登記含有車位面積；,RPXPMLQLNHLGFKD57CC,整棟(戶)出租,有,1150520~1180519,有,冷氣、熱水器、洗衣機、電視機、冰箱,社會住宅包租轉租
永康區,租賃房屋,臺南市永康區華興街１４０號,0.0,,,,1150428,土地0建物1車位0,全,3,透天厝,商業用,鋼筋混凝土造,0770412,137.37,4,2,2,有,無,有,19000,138,,0.0,0,含增建或未登記建物；,RPQQMLQLNHLGFKD96CC,分層出租,無,1150505~1160504,無,冷氣、熱水器、洗衣機、電視機、冰箱、瓦斯或天然氣、有線電視,
安平區,租賃房屋,臺南市安平區國平北路１３７號二十一樓之２,0.0,,,,1150508,土地0建物1車位0,二十一層,34,住宅大樓(11層含以上有電梯),集合住宅,鋼骨鋼筋混凝土造、鋼筋混凝土造,1140415,137.81,3,2,2,有,有,有,24000,174,,0.0,0,台南市社會住宅包租代管第5期計畫中央版租金依照租金水準區間表評定未租賃車位，建物登記含有車位面積；,RPVNMLRLNHLGFAD88CC,整棟(戶)出租,有,1150516~1180515,有,冷氣、熱水器、洗衣機、電視機、冰箱,社會住宅包租轉租
中西區,租賃房屋,臺南市中西區南門路２３３號７樓之１,0.0,,,,1150424,土地0建物0車位0,七層,7,華廈(10層含以下有電梯),住家用,鋼筋混凝土造,0701217,23.0,5,1,2,有,有,有,12800,557,,0.0,0,租金總額含管理費；網路費；,RPTOMLRLNHLGFAD78CC,分租套房,無,1150601~1160530,有,冷氣、熱水器、洗衣機、冰箱、網路,一般轉租
中西區,租賃房屋,臺南市中西區南門路２３３號７樓之１,0.0,,,,1150510,土地0建物0車位0,七層,7,華廈(10層含以下有電梯),住家用,鋼筋混凝土造,0701217,20.0,5,1,2,有,有,有,11500,575,,0.0,0,租金總額含管理費；網路費；,RPUOMLRLNHLGFAD88CC,分租雅房,無,1150601~1160530,有,冷氣、熱水器、洗衣機、冰箱、網路,一般轉租
南區,租賃房屋,臺南市南區中華南路二段３１５巷２弄１９號５樓,0.0,,,,1150430,土地0建物1車位0,五層,5,公寓(5樓含以下無電梯),集合住宅,鋼筋混凝土造,0710614,92.52,3,2,2,有,無,無,15000,162,,0.0,0,,RPSNMLRLNHLGFCD78CC,整棟(戶)出租,無,1150501~1160430,無,冷氣,
新營區,租賃房屋,臺南市新營區大同路３０之５號,0.0,,,,1150430,土地0建物1車位0,一層,8,華廈(10層含以下有電梯),住家用,鋼筋混凝土造,0811015,85.98,3,2,2,有,有,有,10000,116,,0.0,0,參加公會版住宅包租代管五期計畫租金總額含管理費；,RPPNMLRLNHLGFDD58CC,整棟(戶)出租,有,1150501~1180430,有,冷氣、熱水器,社會住宅包租轉租
永康區,租賃房屋,臺南市永康區華興街１４０號,0.0,,,,1150428,土地0建物1車位0,全,3,透天厝,商業用,鋼筋混凝土造,0770412,125.23,4,2,2,有,無,有,19000,152,,0.0,0,含增建或未登記建物；,RPPNMLRLNHLGFKD76DC,分層出租,無,1150505~1160504,無,冷氣、熱水器、洗衣機、電視機、冰箱、瓦斯或天然氣、有線電視,
北區,租賃房屋,臺南市北區和緯路二段７１巷１１弄３２號,0.0,,,,1150504,土地0建物1車位0,全,2,透天厝,住家用,加強磚造,0591124,72.72,3,2,2,有,無,無,15700,216,,0.0,0,台南市社會住宅包租代管第5期計畫中央版租金依照租金水準區間表評定,RPPOMLSLNHLGFAD48CC,整棟(戶)出租,無,1150507~1160506,無,冷氣、熱水器、有線電視、網路,社會住宅代管
中西區,租賃房屋,臺南市中西區大德街１號,0.0,,,,1150505,土地0建物0車位0,全,4,透天厝,住工用,鋼筋混凝土造,0811107,28.1,20,0,20,有,無,有,10000,356,,0.0,0,多人共同承租2；,RPSOMLSLNHLGFAD78CC,分租套房,無,1150507~1160531,有,冷氣、熱水器、冰箱、有線電視、網路,一般代管
新營區,租賃房屋,臺南市新營區埤寮４之３號,0.0,,,,1150505,土地0建物1車位0,全,3,透天厝,住家用,鋼筋混凝土造,0810716,159.06,5,2,3,有,無,有,10800,68,,0.0,0,國家住宅及都市更新中心社會住宅包租代管中央版第五期計畫,RPXNMLSLNHLGFDD86CC,整棟(戶)出租,無,1150505~1180504,無,冷氣、熱水器、電視機、冰箱,社會住宅包租轉租
新市區,租賃房屋+車位,臺南市新市區富安路６７號九樓之５,0.0,,,,1150504,土地0建物1車位1,九層,11,住宅大樓(11層含以上有電梯),集合住宅,鋼筋混凝土造,1110602,147.05,3,2,2,有,有,有,28000,190,坡道平面,24.83,0,租金總額含管理費；,RPQNMLSLNHLGFHD56CC,整棟(戶)出租,有,1150507~1160506,有,冷氣、熱水器、洗衣機、電視機、冰箱,
歸仁區,租賃房屋,臺南市歸仁區大德路２０３號,0.0,,,,1150505,土地0建物1車位0,見其他登記事項,5,華廈(10層含以下有電梯),住家用,鋼筋混凝土造,0810108,61.62,2,2,2,有,有,有,11000,179,,0.0,0,台南市社會住宅包租代管第4期計畫公會版租金依照租金水準區間表評定續租案件；,RPTNMLSLNHLGFID96CC,整棟(戶)出租,無,1150508~1160507,有,冷氣、熱水器,社會住宅代管
仁德區,租賃房屋,臺南市仁德區仁和里和愛街１６號十三樓之２,0.0,,,,1150505,土地0建物1車位0,十三層,14,住宅大樓(11層含以上有電梯),住家用,鋼筋混凝土造,0990422,174.15,3,2,2,有,有,有,16000,92,,0.0,0,台南市社會住宅包租代管增辦第4期計畫公會版租金依照租金水準區間表評定續租案件；,RPVNMLSLNHLGFID17CC,整棟(戶)出租,有,1150515~1160514,有,冷氣、熱水器、冰箱、瓦斯或天然氣,社會住宅代管
永康區,租賃房屋,臺南市永康區富強路一段２２７巷２５號,0.0,,,,1150503,土地0建物1車位0,全,4,透天厝,住家用,鋼筋混凝土造,0920409,208.56,5,2,3,有,無,有,26000,125,,0.0,0,,RPUNMLSLNHLGFKD27CC,整棟(戶)出租,無,1150503~1160502,無,冷氣、熱水器、洗衣機、電視機、冰箱,
永康區,租賃房屋,臺南市永康區仁愛街２１號,0.0,,,,1150501,土地0建物0車位0,全,5,透天厝,店舖，住宅,鋼筋混凝土構造,1041202,25.62,17,0,17,有,無,有,7700,301,,0.0,0,租金總額含水費；網路費；續租案件；,RPPOMLSLNHLGFKD86CC,分租套房,無,1150501~1170430,無,冷氣、熱水器、洗衣機、電視機、冰箱、有線電視,一般代管
永康區,租賃房屋,臺南市永康區仁愛街２１號,0.0,,,,1150501,土地0建物0車位0,全,5,透天厝,店舖，住宅,鋼筋混凝土構造,1041202,25.88,17,0,17,有,無,有,7500,290,,0.0,0,租金總額含水費；網路費；續租案件；,RPSOMLSLNHLGFKD17CC,分租套房,無,1150501~1160430,無,冷氣、熱水器、洗衣機、冰箱、有線電視,一般代管
永康區,租賃房屋,臺南市永康區仁愛街２１號,0.0,,,,1150501,土地0建物0車位0,全,5,透天厝,店舖，住宅,鋼筋混凝土構造,1041202,24.66,17,0,17,有,無,有,7500,304,,0.0,0,租金總額含水費；網路費；續租案件；,RPTOMLSLNHLGFKD27CC,分租套房,無,1150501~1160430,無,冷氣、熱水器、洗衣機、電視機、冰箱、有線電視,一般代管
永康區,租賃房屋,臺南市永康區仁愛街２１號,0.0,,,,1150501,土地0建物0車位0,全,5,透天厝,店舖，住宅,鋼筋混凝土構造,1041202,24.0,17,0,17,有,無,有,7700,321,,0.0,0,租金總額含水費；網路費；續租案件；,RPUOMLSLNHLGFKD37CC,分租套房,無,1150501~1160430,無,冷氣、熱水器、洗衣機、電視機、冰箱,一般代管
永康區,租賃房屋,臺南市永康區仁愛街２１號,0.0,,,,1150501,土地0建物0車位0,全,5,透天厝,店舖，住宅,鋼筋混凝土構造,1041202,24.66,17,0,17,有,無,有,7700,312,,0.0,0,租金總額含水費；網路費；續租案件；,RPVOMLSLNHLGFKD47CC,分租套房,無,1150501~1160430,無,冷氣、熱水器、洗衣機、電視機、冰箱、有線電視,一般代管
永康區,租賃房屋,臺南市永康區龍中街３５９號五樓之２,0.0,,,,1150505,土地0建物1車位0,五層,7,華廈(10層含以下有電梯),住家用,鋼筋混凝土造,0810107,125.05000000000001,3,2,2,有,有,無,11200,90,,0.0,0,台南市社會住宅包租代管第5期計畫中央版租金依照租金水準區間表評定,RPWOMLSLNHLGFKD57CC,整棟(戶)出租,有,1150616~1180615,有,熱水器、瓦斯或天然氣,社會住宅包租轉租
永康區,租賃房屋,臺南市永康區復國路５０號四樓之３,0.0,,,,1150504,土地0建物1車位0,四層,14,住宅大樓(11層含以上有電梯),住家用,鋼筋混凝土造,0960920,156.24,3,2,2,有,有,有,18000,115,,0.0,0,台南市社會住宅包租代管第4期計畫公會版租金依照租金水準區間表評定續租案件；,RPXOMLSLNHLGFKD67CC,整棟(戶)出租,有,1150510~1160509,有,熱水器,社會住宅代管
永康區,租賃房屋,臺南市永康區西勢里富強路一段９８巷３４弄２３號,0.0,,,,1150505,土地0建物1車位0,全,5,透天厝,住家用,鋼筋混凝土造,0850726,278.76,6,2,4,有,有,有,26000,93,,0.0,0,台南市社會住宅包租代管第4期計畫公會版租金依照租金水準區間表評定續租案件；,RPPPMLSLNHLGFKD96CC,整棟(戶)出租,有,1150510~1160331,無,冷氣、熱水器、洗衣機、冰箱,社會住宅代管
永康區,租賃房屋,臺南市永康區新民街４７巷１２號六樓之６,0.0,,,,1150505,土地0建物1車位0,六層,9,華廈(10層含以下有電梯),住家用,鋼筋混凝土造,0821230,52.59,1,1,1,有,有,有,7300,139,,0.0,0,台南市社會住宅包租代管增辦第4期計畫公會版租金依照租金水準區間表評定續租案件；,RPQPMLSLNHLGFKD07CC,獨立套房,有,1150515~1160514,有,冷氣、熱水器、洗衣機、電視機、冰箱,社會住宅代管
永康區,租賃房屋,臺南市永康區仁愛街１９號,0.0,,,,1150501,土地0建物0車位0,全,4,透天厝,店舖，住宅,鋼筋混凝土構造,1041202,20.56,17,0,17,有,無,有,7500,365,,0.0,0,租金總額含水費；網路費；,RPRPMLSLNHLGFKD17CC,分租套房,無,1150501~1160430,無,冷氣、熱水器、洗衣機、電視機、冰箱、有線電視,一般代管
永康區,租賃房屋,臺南市永康區大橋三街２７號,0.0,,,,1150505,土地0建物1車位0,一層,6,華廈(10層含以下有電梯),住家用,鋼筋混凝土造,0830709,89.75,3,2,2,有,有,有,16400,183,,0.0,0,台南市社會住宅包租代管增辦第4期計畫公會版租金依照租金水準區間表評定,RPSPMLSLNHLGFKD27CC,整棟(戶)出租,有,1150510~1160509,有,冷氣、熱水器、電視機、冰箱、有線電視、網路,社會住宅代管
永康區,租賃房屋,臺南市永康區南台街１３巷３７號九樓之１,0.0,,,,1150508,土地0建物1車位0,九層,16,住宅大樓(11層含以上有電梯),住家用,鋼筋混凝土造,0840523,91.72,3,2,2,有,有,有,15000,164,,0.0,0,參加臺南市社會住宅包租代管第4期計畫租金總額含管理費；續租案件；,RPUPMLSLNHLGFKD47CC,整棟(戶)出租,有,1150510~1160509,有,冷氣、熱水器、洗衣機、冰箱,社會住宅代管
永康區,租賃房屋,臺南市永康區中正路２５６巷１３之１１號,0.0,,,,1150508,土地0建物1車位0,四層,16,住宅大樓(11層含以上有電梯),住家用,鋼筋混凝土造,0820824,101.42,2,2,2,有,有,有,11000,108,,0.0,0,參加臺南市社會住宅包租代管第4期計畫租金總額含管理費；續租案件；,RPVPMLSLNHLGFKD57CC,整棟(戶)出租,有,1150510~1160509,有,冷氣、熱水器、洗衣機、冰箱,社會住宅代管
中西區,租賃房屋,臺南市中西區北門路一段１２３巷４８號１樓之１,0.0,,,,1150509,土地0建物1車位0,一層,6,店面(店鋪),住家用,鋼筋混凝土造,0721124,78.39,0,0,0,無,無,無,27000,344,,0.0,0,115.05.16-115.06.30為裝潢期，不計租金租金總額含管理費；其他公共基金；,RPPOMLTLNHLGFAD58CC,,無,1150516~1200630,有,,
北區,租賃房屋,臺南市北區開元路５０７號１０樓之３,0.0,,,,1150505,土地0建物1車位0,十層,24,住宅大樓(11層含以上有電梯),集合住宅,鋼筋混凝土構造,1041105,116.6,2,1,1,有,有,有,20000,172,,0.0,0,租金總額含管理費；其他公共基金；未租賃車位，建物登記含有車位面積；,RPQOMLTLNHLGFAD68CC,整棟(戶)出租,有,1150505~1170504,有,冷氣、熱水器、洗衣機、電視機、冰箱、瓦斯或天然氣,
安平區,租賃房屋,臺南市安平區平通路４２５號,0.0,,,,1150507,土地0建物0車位0,全,4,透天厝,店舖、住宅,鋼筋混凝土造,0990702,33.05,6,1,13,有,無,有,12000,363,,0.0,0,租金總額含網路費；,RPSOMLTLNHLGFAD88CC,分租套房,無,1150507~1160506,無,冷氣、熱水器、洗衣機、電視機、冰箱、有線電視、網路,
安南區,租賃房屋,臺南市安南區國安街５６巷１２１弄６２號,95.99,住,,,1150507,土地1建物1車位0,全,2,透天厝,住商用,加強磚造,0690125,107.38,2,2,2,有,無,無,15000,140,,0.0,0,,RPSNMLTLNHLGFBD88CC,整棟(戶)出租,無,1150515~1180514,無,冷氣、熱水器,
永康區,租賃房屋,臺南市永康區仁愛街１９號,0.0,,,,1150501,土地0建物0車位0,全,4,透天厝,店舖，住宅,鋼筋混凝土構造,1041202,20.56,17,0,17,有,無,有,7500,365,,0.0,0,租金總額含水費；網路費；續租案件；,RPQNMLTLNHLGFKD96CC,分租套房,無,1150501~1160430,無,冷氣、熱水器、洗衣機、電視機、冰箱,一般代管
永康區,租賃房屋,臺南市永康區仁愛街１９號,0.0,,,,1150501,土地0建物0車位0,全,4,透天厝,店舖，住宅,鋼筋混凝土構造,1041202,26.21,17,0,17,有,無,有,7700,294,,0.0,0,租金總額含水費；網路費；續租案件；,RPRNMLTLNHLGFKD07CC,分租套房,無,1150501~1160430,無,冷氣、熱水器、洗衣機、電視機、冰箱、有線電視,一般代管
永康區,租賃房屋,臺南市永康區仁愛街２１號,0.0,,,,1150501,土地0建物0車位0,全,5,透天厝,店舖，住宅,鋼筋混凝土構造,1041202,24.5,17,0,17,有,無,有,7500,306,,0.0,0,租金總額含水費；網路費；,RPSNMLTLNHLGFKD17CC,分租套房,無,1150501~1160430,無,冷氣、熱水器、洗衣機、電視機、冰箱,一般代管
永康區,租賃房屋,臺南市永康區中華一路１４２號,0.0,,,,1150507,土地0建物0車位0,全,4,透天厝,騎樓，門廊，店舖，住宅,鋼筋混凝土造,0961203,26.45,3,1,3,有,無,有,8200,310,,0.0,0,1.契約書未約定土地租賃標的。2.由所有權人提供出租資訊。多人共同承租2；租金總額含水費；,RPTNMLTLNHLGFKD27CC,分租套房,無,1150507~1160506,無,冷氣、冰箱,
永康區,租賃房屋+車位,臺南市永康區東橋七路１９５號１２樓之８,0.0,,,,1150508,土地0建物1車位1,十二層,16,住宅大樓(11層含以上有電梯),住家用,鋼筋混凝土構造,1061114,110.09,2,2,1,有,有,有,22000,200,坡道平面,22.39,0,租金總額含管理費；其他公共基金；,RPVPMLTLNHLGFKD67CC,整棟(戶)出租,有,1150515~1160514,有,冷氣、熱水器、洗衣機、電視機、冰箱、瓦斯或天然氣,
歸仁區,租賃房屋,臺南市歸仁區中正南路２段２７５巷３６號,0.0,,,,1150502,土地0建物0車位0,全,4,透天厝,住家用,鋼骨造,0910808,16.52,20,0,20,有,無,無,6000,363,,0.0,0,租金總額含網路費；,RPPNMLLMNHLGFID58CC,分租套房,無,1150501~1160430,無,冷氣、熱水器、網路,一般轉租
北區,租賃房屋,臺南市北區北成路５１０號四樓之３,0.0,,,,1150507,土地0建物1車位0,四層,14,住宅大樓(11層含以上有電梯),集合住宅,鋼筋混凝土造,0980109,114.71000000000001,2,2,1,有,有,有,15500,135,,0.0,0,台南市社會住宅包租代管第5期計畫中央版租金依照租金水準區間表評定未租賃車位，建物登記含有車位面積；,RPSNMLLJOHLGFAD87CC,整棟(戶)出租,有,1150525~1180524,有,冷氣、熱水器、洗衣機、電視機、冰箱、瓦斯或天然氣,社會住宅包租轉租
中西區,租賃房屋,臺南市中西區成功路３４３號八樓之１,0.0,,,,1150506,土地0建物1車位0,八層,10,華廈(10層含以下有電梯),住家用,鋼筋混凝土造,0800205,177.26000000000002,4,2,2,有,有,有,15000,85,,0.0,0,台南市社會住宅包租代管第4期計畫公會版租金依照租金水準區間表評定續租案件；,RPSPMLLJOHLGFAD08CC,整棟(戶)出租,有,1150601~1160531,有,冷氣、熱水器、洗衣機、冰箱,社會住宅代管
東區,租賃房屋,臺南市東區仁和路３９-１號,94.81,住,,,1150504,土地1建物1車位0,全,4,透天厝,店舖、住宅、停車空間,ＲＣ造,0950413,49.56,0,0,0,無,無,無,19000,383,,0.0,0,租金總額含稅；,RPSNMLLJOHLGFCD08CC,,無,1150901~1250831,無,,
東區,租賃房屋,臺南市東區仁和路３９-１號,94.81,住,,,1150504,土地1建物1車位0,全,4,透天厝,店舖、住宅、停車空間,ＲＣ造,0950413,56.27,0,0,0,無,無,無,15500,275,,0.0,0,租金總額含稅；,RPUNMLLJOHLGFCD28CC,,無,1150901~1250831,無,,
南區,租賃房屋,臺南市南區萬年七街１４０號八樓之５,0.0,,,,1150508,土地0建物1車位0,八層,15,住宅大樓(11層含以上有電梯),集合住宅,鋼筋混凝土構造,1111107,150.58,2,2,2,有,有,有,25000,166,,0.0,0,台南市社會住宅包租代管公會版第4期租金總額含管理費；未租賃車位，建物登記含有車位面積；續租案件；,RPXOMLLJOHLGFCD68CC,整棟(戶)出租,有,1150510~1160509,有,冷氣、熱水器、洗衣機,社會住宅代管
南區,租賃房屋,臺南市南區新興路１１３巷１９之３號,0.0,,,,1150508,土地0建物1車位0,四層,5,華廈(10層含以下有電梯),住家用,鋼筋混凝土造,0701229,91.73,3,1,1,有,無,有,15000,164,,0.0,0,台南市社會住宅包租代管增辦第4期計畫公會版租金依照租金水準區間表評定,RPUPMLLJOHLGFCD48CC,整棟(戶)出租,無,1150601~1160531,有,冷氣、熱水器、洗衣機、冰箱、瓦斯或天然氣,社會住宅代管
新營區,租賃房屋,臺南市新營區三民路１３１號七樓之三,0.0,,,,1150507,土地0建物1車位0,七層,10,華廈(10層含以下有電梯),住家用,鋼筋混凝土造,0810825,83.21,2,1,1,有,有,有,10000,120,,0.0,0,參加國家住宅及都市更新中心辦理社會住宅包租代管第五期計畫中央版續租案件；,RPQNMLLJOHLGFDD97CC,整棟(戶)出租,有,1150515~1180514,有,冷氣、熱水器、洗衣機、冰箱、瓦斯或天然氣,社會住宅包租轉租
西港區,租賃房屋,臺南市西港區新港１６之１１號,0.0,,,,1150506,土地0建物1車位0,全,3,透天厝,住宅（Ｈ２）,鋼筋混凝土造,1111025,165.65,5,2,4,有,無,有,20000,121,,0.0,0,台南市社會住宅包租代管增辦第4期計畫公會版租金依照租金水準區間表評定續租案件；,RPRNMLLJOHLGFGD38CC,整棟(戶)出租,無,1150531~1160530,無,冷氣、熱水器、洗衣機、電視機,社會住宅代管
永康區,租賃房屋,臺南市永康區成功路１３０巷３２號,0.0,,,,1150505,土地0建物1車位0,全,2,透天厝,住商用,加強磚造,0731004,123.16,4,2,3,有,無,有,8000,65,,0.0,0,參加國家住宅及都市更新中心辦理社會住宅包租代管第五期計畫中央版多人共同承租2；,RPROMLLJOHLGFKD88CC,整棟(戶)出租,無,1150510~1160509,無,冷氣、熱水器、洗衣機、電視機、冰箱,社會住宅代管
北區,租賃房屋,臺南市北區開元路５２３號２樓之５,0.0,,,,1150510,土地0建物1車位0,二層,24,住宅大樓(11層含以上有電梯),集合住宅,鋼筋混凝土構造,1041105,80.44,2,1,1,有,有,有,18000,224,,0.0,0,多人共同承租2；租金總額含管理費；其他公共基金；,RPQNMLMJOHLGFAD77CC,整棟(戶)出租,有,1150510~1160509,有,冷氣、熱水器、洗衣機、電視機、冰箱、瓦斯或天然氣,
安南區,租賃房屋,臺南市安南區樂活二街１３６號十一樓之２,0.0,,,,1150507,土地0建物1車位0,十一層,12,住宅大樓(11層含以上有電梯),集合住宅,鋼筋混凝土造,1131125,166.75,3,2,2,有,有,無,23200,139,,0.0,0,台南市社會住宅包租代管增辦第4期計畫公會版租金依照租金水準區間表評定未租賃車位，建物登記含有車位面積；續租案件；,RPPNMLMJOHLGFBD77CC,整棟(戶)出租,有,1150510~1160509,有,冷氣、熱水器,社會住宅代管
東區,租賃房屋,臺南市東區崇慶街一段９２號九樓之９,0.0,,,,1150510,土地0建物1車位0,九層,15,住宅大樓(11層含以上有電梯),集合住宅,鋼筋混凝土造,1130816,69.4,2,2,1,有,有,有,17500,252,,0.0,0,不承租車位已扣除車位面積。,RPXNMLMJOHLGFCD68CC,整棟(戶)出租,有,1150516~1160515,有,冷氣、熱水器、洗衣機、電視機、冰箱,
東區,租賃房屋,臺南市東區光華街２２７號五樓之４,0.0,,,,1150507,土地0建物1車位0,五層,7,華廈(10層含以下有電梯),住家用,鋼筋混凝土造,0791226,38.09,1,1,1,有,有,有,6000,158,,0.0,0,台南市社會住宅包租代管 第5期計畫中央版 租金依照租金水準區間表評定,RPOOMLMJOHLGFCD87CC,獨立套房,有,1150520~1180519,有,冷氣、熱水器、洗衣機、冰箱,社會住宅代管
南區,租賃房屋,臺南市南區聖南街７３號三樓,0.0,,,,1150508,土地0建物1車位0,三層,5,公寓(5樓含以下無電梯),住家用,鋼筋混凝土造,0741226,99.49,3,2,2,有,無,有,13000,131,,0.0,0,台南市社會住宅包租代管第5期計畫中央版租金依照租金水準區間表評定,RPQOMLMJOHLGFCD08CC,整棟(戶)出租,無,1150521~1180520,無,冷氣、熱水器、洗衣機、冰箱,社會住宅代管
東區,租賃房屋,臺南市東區仁和路３９-１號,94.81,住,,,1150504,土地1建物1車位0,一層,4,店面(店鋪),店舖、住宅、停車空間,ＲＣ造,0950413,43.11,0,0,0,無,無,無,8500,197,,0.0,0,租金總額含稅；,RPVOMLMJOHLGFCD58CC,,無,1150901~1250831,無,,
善化區,租賃房屋,臺南市善化區蓮潭路８８號,0.0,,,,1150510,土地0建物1車位0,全,3,透天厝,住宅、停車空間,鋼筋混凝土造,1020412,215.1,4,2,4,有,無,無,60000,279,,0.0,0,10%所得稅、全民健康補充保險費租金總額含管理費；網路費；其他傢俱、家電；,RPXNMLMJOHLGFHD56CC,整棟(戶)出租,無,1150601~1170531,無,冷氣、熱水器、洗衣機、電視機、冰箱、瓦斯或天然氣、有線電視、網路,
仁德區,租賃房屋,臺南市仁德區仁和里和愛街７號五樓之１,0.0,,,,1150507,土地0建物1車位0,五層,9,華廈(10層含以下有電梯),住家用,鋼筋混凝土造,0990422,157.43,3,2,2,有,有,有,16400,104,,0.0,0,台南市社會住宅包租代管第5期計畫中央版租金依照租金水準區間表評定,RPPNMLMJOHLGFID48CC,整棟(戶)出租,有,1150515~1160514,有,冷氣、熱水器、洗衣機、電視機、冰箱,社會住宅代管
永康區,租賃房屋,臺南市永康區烏竹里自強路７７３巷２弄８號三樓,0.0,,,,1150508,土地0建物1車位0,三層,4,公寓(5樓含以下無電梯),住家用,鋼筋混凝土造,0690704,73.56,3,1,2,有,無,有,15000,204,,0.0,0,台南市社會住宅包租代管第4期計畫公會版租金依照租金水準區間表評定多人共同承租3；,RPSOMLMJOHLGFKD09CC,整棟(戶)出租,無,1150515~1160514,無,冷氣、熱水器、洗衣機、電視機、冰箱,社會住宅代管
永康區,租賃房屋,臺南市永康區五王里新興街７８號五樓之１６,0.0,,,,1150508,土地0建物1車位0,五層,8,華廈(10層含以下有電梯),住家用,鋼筋混凝土造,0801022,22.07,1,1,1,有,有,有,7200,326,,0.0,0,台南市社會住宅包租代管增辦第4期計畫公會版租金依照租金水準區間表評定續租案件；,RPUOMLMJOHLGFKD66CC,獨立套房,有,1150526~1160525,有,冷氣、熱水器、洗衣機、電視機、冰箱,社會住宅代管
北區,租賃房屋,臺南市北區小東路３０７巷２０弄４號,0.0,,,,1150507,土地0建物1車位0,全,2,透天厝,住商用,加強磚造,0650211,81.4,2,2,2,有,無,有,10000,123,,0.0,0,參加臺南市社會住宅包租代管第4期計畫續租案件；,RPPNMLNJOHLGFAD77CC,整棟(戶)出租,無,1150510~1160509,無,熱水器,社會住宅代管
仁德區,租賃房屋,臺南市仁德區勝利二街２４號,0.0,,,,1150508,土地0建物1車位0,全,1,透天厝,住家用,加強磚造,0670526,52.24,3,2,1,有,無,有,12500,239,,0.0,0,參加臺南市社會住宅包租代管第4期計畫續租案件；,RPPNMLNJOHLGFID58CC,整棟(戶)出租,無,1150510~1160509,無,熱水器,社會住宅代管
永康區,租賃房屋+車位,臺南市永康區東橋五路１７８號１３樓之６,0.0,,,,1150510,土地0建物1車位1,十三層,15,住宅大樓(11層含以上有電梯),集合住宅,鋼筋混凝土構造,1120818,116.63,2,2,1,有,有,有,22000,189,坡道平面,34.41,0,租金總額含管理費；其他公共基金；,RPSNMLPJOHLGFKD66CC,整棟(戶)出租,有,1150510~1170509,有,熱水器、洗衣機、電視機、冰箱,
北區,租賃房屋,臺南市北區勝利路４６７巷８號,0.0,,,,1150508,土地0建物0車位0,全,5,透天厝,住宅、停車空間,ＲＣ造,0950124,13.8,48,0,48,有,有,有,11000,797,,0.0,0,,RPQNMLQJOHLGFAD18CC,分租套房,有,1150508~1160531,有,冷氣、熱水器、洗衣機、電視機、冰箱、有線電視、網路,一般轉租
安定區,租賃房屋,臺南市安定區蘇厝１７６之１號 七樓之５,0.0,,,,1150420,土地0建物0車位0,七層,9,華廈(10層含以下有電梯),集合住宅,鋼筋混凝土造,1140911,20.7,2,0,2,有,有,有,12000,580,,0.0,0,租金總額含水費；網路費；租賃建物部分範圍，且未計入共有部分面積；,RPPOMLTJOHLGFHD56CC,分租套房,有,1150425~1160430,有,冷氣、熱水器、洗衣機、電視機、冰箱、有線電視、網路,一般轉租
安平區,租賃房屋,臺南市安平區光州二街１５６號,0.0,,,,1150303,土地0建物1車位0,見其他登記事項,7,華廈(10層含以下有電梯),店舖、集合住宅,鋼筋混凝土造,0890904,104.63,1,1,2,有,有,有,17000,162,,0.0,0,參加臺南市社會住宅包租代管第4期計畫租金總額含管理費；續租案件；,RPVNMLRKOHLGFAD88CC,整棟(戶)出租,有,1150305~1160304,有,熱水器、冰箱,社會住宅代管
東區,租賃房屋,臺南市東區生產路３２１巷９號,0.0,,,,1150225,土地0建物1車位0,全,2,透天厝,住家用,加強磚造,0680130,112.71,3,1,2,有,無,有,20000,177,,0.0,0,續租案件；,RPTNMLRKOHLGFCD88CC,整棟(戶)出租,無,1150310~1151209,無,熱水器,社會住宅代管
中西區,租賃房屋,臺南市中西區府前路一段３５９巷３８號七樓之５,0.0,,,,1150213,土地0建物1車位0,七層,8,華廈(10層含以下有電梯),住家用,鋼筋混凝土造,0800517,27.14,1,0,1,有,有,有,5000,184,,0.0,0,參加公會版住宅包租代管四期計畫續租案件；,RPRNMLSKOHLGFAD58CC,獨立套房,有,1150301~1160228,有,冷氣、熱水器、洗衣機、電視機、冰箱,社會住宅代管
南區,租賃房屋,臺南市南區萬年一街７２號三樓,0.0,,,,1150331,土地0建物1車位0,三層,5,華廈(10層含以下有電梯),集合住宅,鋼筋混凝土造,1130716,120.37,3,2,2,有,有,有,18500,154,,0.0,0,參加公會版住宅包租代管四之一期計畫續租案件；,RPQPMLNLOHLGFCD48CC,整棟(戶)出租,有,1150401~1170331,有,冷氣、熱水器,社會住宅包租轉租
南區,租賃房屋,臺南市南區賢南街５３號四樓之５,0.0,,,,1150312,土地0建物1車位0,四層,6,華廈(10層含以下有電梯),住家用,鋼筋混凝土造,0850821,47.41,1,0,1,有,有,有,13000,274,,0.0,0,參加公會版住宅包租代管四之一期計畫續租案件；,RPRPMLNLOHLGFCD58CC,獨立套房,有,1150320~1160312,有,冷氣、熱水器、洗衣機、電視機、冰箱,社會住宅代管
