鄉鎮市區,交易標的,土地位置建物門牌,土地移轉總面積平方公尺,都市土地使用分區,非都市土地使用分區,非都市土地使用編定,交易年月日,交易筆棟數,移轉層次,總樓層數,建物型態,主要用途,主要建材,建築完成年月,建物移轉總面積平方公尺,建物現況格局-房,建物現況格局-廳,建物現況格局-衛,建物現況格局-隔間,有無管理組織,總價元,單價元平方公尺,車位類別,車位移轉總面積平方公尺,車位總價元,備註,編號,主建物面積,附屬建物面積,陽台面積,電梯,移轉編號
The villages and towns urban district,transaction sign,land sector position building sector house number plate,land shifting total area square meter,the use zoning or compiles and checks,the non-metropolis land use district,non-metropolis land use,transaction year month and day,transaction pen number,shifting level,total floor number,building state,main use,main building materials,construction to complete the years,building shifting total area,Building present situation pattern - room,building present situation pattern - hall,building present situation pattern - health,building present situation pattern - compartmented,Whether there is manages the organization,total price NTD,the unit price (NTD / square meter),the berth category,berth shifting total area square meter,the berth total price NTD,the note,serial number,main building area,auxiliary building area,balcony area,elevator,transaction number
新竹市,土地,柑林段368地號,92.35,,山坡地保育區,農牧用地,1150601,土地1建物0車位0,,,其他,,,,0.0,0,0,0,無,無,1257174,13613,,0.0,0,,RPPNMLNJOHLGFAO88EA,0.0,0.0,0.0,無,0001
新竹市,土地,南寮段26地號,0.32,住,,,1150502,土地1建物0車位0,,,其他,,,,0.0,0,0,0,無,無,29600,0,,0.0,0,親友、員工、共有人或其他特殊關係間之交易；,RPPNMLOJNHLGFAO78DA,0.0,0.0,0.0,無,
新竹市,房地(土地+建物),新竹市新竹市大學路１０３１號５樓之２,5.77,住,,,1150503,土地1建物1車位0,五層,七層,華廈(10層含以下有電梯),辦公用,鋼筋混凝土造,0880713,27.259999999999998,0,0,0,無,有,4400000,161409,,0.0,0,,RPPNMLLKNHLGFAO68EA,15.39,0.0,0.0,有,0002
新竹市,土地,東濱段612地號,0.97,都市：其他:道路用地,,,1150505,土地3建物0車位0,,,其他,,,,0.0,0,0,0,無,無,17520,0,,0.0,0,包含公共設施保留地用地；,RPSOMLOJNHLGFAO56DA,0.0,0.0,0.0,無,0003
新竹市,房地(土地+建物),新竹市新竹市東大路二段２１７巷５３號２樓,18.23,住,,,1150506,土地1建物1車位0,二層,五層,公寓(5樓含以下無電梯),其他,鋼筋混凝土造,,59.65,3,2,2,有,無,5000000,83822,,0.0,0,親友、員工、共有人或其他特殊關係間之交易；,RPRNMLOKNHLGFAO09DA,50.02,0.0,9.62,無,0004
新竹市,土地,柑林段353地號,6.34,,山坡地保育區,農牧用地,1150504,土地1建物0車位0,,,其他,,,,0.0,0,0,0,無,無,47925,7559,,0.0,0,,RPPNMLNKNHLGFAO88EA,0.0,0.0,0.0,無,0005
新竹市,房地(土地+建物),新竹市新竹市大學路１０３１號,5.77,住,,,1150508,土地1建物1車位0,一層,七層,華廈(10層含以下有電梯),商業用,鋼筋混凝土造,0880713,27.259999999999998,1,1,1,有,有,4200000,154072,,0.0,0,,RPPNMLOKNHLGFAO98EA,15.39,0.0,0.0,有,0006
新竹市,土地,前溪段405-1地號,474.86,,特定農業區,農牧用地,1150505,土地1建物0車位0,,,其他,,,,0.0,0,0,0,無,無,12500000,26324,,0.0,0,親友、員工、共有人或其他特殊關係間之交易；急買急賣；,RPQNMLNKNHLGFAO88DA,0.0,0.0,0.0,無,
新竹市,房地(土地+建物),新竹市新竹市和福街４２巷２０號,47.0,住,,,1150501,土地2建物1車位0,全,二層,透天厝,住家用,加強磚造,0700321,54.02,2,2,2,有,無,6000000,111070,,0.0,0,頂樓加蓋；,RPSNMLPKNHLGFAO66DA,54.02,0.0,0.0,無,
新竹市,土地,西門段二小段64-1地號,13.0,都市：其他:道路用地,,,1150511,土地1建物0車位0,,,其他,,,,0.0,0,0,0,無,無,3667950,282150,,0.0,0,包含公共設施保留地用地；,RPSNMLNKNHLGFAO09DA,0.0,0.0,0.0,無,0007
新竹市,房地(土地+建物),新竹市新竹市成德路１４８號四樓,23.59,住,,,1150508,土地1建物1車位0,四層,五層,公寓(5樓含以下無電梯),住家用,鋼筋混凝土造,0800821,73.86,3,2,1,有,無,3810000,51584,,0.0,0,親友、員工、共有人或其他特殊關係間之交易；,RPPNMLPKNHLGFAO09EA,55.87,0.0,2.69,無,0008
新竹市,土地,中雅段220地號,3.15,住,,,1150507,土地1建物0車位0,,,其他,,,,0.0,0,0,0,無,無,381323,121055,,0.0,0,親友、員工、共有人或其他特殊關係間之交易；,RPPNMLSJNHLGFAO56DA,0.0,0.0,0.0,無,0009
新竹市,土地,光鎮段655-2地號,25.99,都市：其他:道路用地,,,1150505,土地5建物0車位0,,,其他,,,,0.0,0,0,0,無,無,750000,28857,,0.0,0,包含公共設施保留地用地；,RPPNMLKLNHLGFAO68EA,0.0,0.0,0.0,無,0010
新竹市,土地,大學段288地號,185.42,都市：其他:道路用地,,,1150514,土地7建物0車位0,,,其他,,,,0.0,0,0,0,無,無,12310000,66390,,0.0,0,包含公共設施保留地用地；,RPQRMLKLNHLGFAO09DA,0.0,0.0,0.0,無,0011
新竹市,土地,復興段398-2地號,0.13,住,,,1150508,土地2建物0車位0,,,其他,,,,0.0,0,0,0,無,無,28000,0,,0.0,0,,RPPOMLLLNHLGFAO78DA,0.0,0.0,0.0,無,0012
新竹市,房地(土地+建物)+車位,新竹市新竹市東大路二段２３２巷１３號六樓,59.59,住,,,1150506,土地1建物1車位1,六層,十三層,住宅大樓(11層含以上有電梯),住家用,鋼筋混凝土造,0930210,189.55,3,2,2,有,有,16000000,84410,坡道平面,0.0,0,,RPRNMLRJNHLGFAO66DA,114.54,0.0,12.24,有,
新竹市,土地,復興段248地號,0.5,住,,,1150509,土地1建物0車位0,,,其他,,,,0.0,0,0,0,無,無,104846,0,,0.0,0,,RPQOMLLLNHLGFAO88DA,0.0,0.0,0.0,無,0012
新竹市,土地,復興段248地號,0.25,住,,,1150509,土地1建物0車位0,,,其他,,,,0.0,0,0,0,無,無,52423,0,,0.0,0,,RPROMLLLNHLGFAO98DA,0.0,0.0,0.0,無,0012
新竹市,土地,復興段398-2地號,0.71,住,,,1150509,土地1建物0車位0,,,其他,,,,0.0,0,0,0,無,無,149519,0,,0.0,0,,RPUOMLLLNHLGFAO66DA,0.0,0.0,0.0,無,0015
新竹市,土地,信義段262地號,131.0,住,,,1150505,土地1建物0車位0,,,其他,,,,0.0,0,0,0,無,無,12900000,98473,,0.0,0,親友、員工、共有人或其他特殊關係間之交易；,RPQOMLMLNHLGFAO98DA,0.0,0.0,0.0,無,
新竹市,土地,中隘段386地號,444.51,,山坡地保育區,交通用地,1150507,土地50建物0車位0,,,其他,,,,0.0,0,0,0,無,無,743220,1672,,0.0,0,包含公共設施保留地用地；,RPPNMLOLNHLGFAO98DA,0.0,0.0,0.0,無,0016
新竹市,土地,鹽水段1049地號,19.2,住,,,1150502,土地1建物0車位0,,,其他,,,,0.0,0,0,0,無,無,360000,18750,,0.0,0,,RPVNMLRJNHLGFAO07DA,0.0,0.0,0.0,無,
新竹市,土地,崙子段2070-1地號,4.2,都市：其他:第二種住宅區,,,1150507,土地8建物0車位0,,,其他,,,,0.0,0,0,0,無,無,508720,121124,,0.0,0,親友、員工、共有人或其他特殊關係間之交易；包含公共設施保留地用地；,RPRNMLSJNHLGFAO76DA,0.0,0.0,0.0,無,0017
新竹市,土地,中雅段220地號,29.33,住,,,1150507,土地1建物0車位0,,,其他,,,,0.0,0,0,0,無,無,3548421,120983,,0.0,0,親友、員工、共有人或其他特殊關係間之交易；,RPSNMLSJNHLGFAO86DA,0.0,0.0,0.0,無,0009
新竹市,土地,竹蓮段2055-1地號,8.0,住,,,1150515,土地1建物0車位0,,,其他,,,,0.0,0,0,0,無,無,798600,99825,,0.0,0,,RPUNMLPKNHLGFAO86DA,0.0,0.0,0.0,無,
新竹市,房地(土地+建物),新竹市新竹市新源街１３０號８樓之２,2.62,住,,,1150509,土地1建物1車位0,八層,十二層,住宅大樓(11層含以上有電梯),住家用,鋼筋混凝土造,0870410,12.99,3,2,2,有,有,1320000,101617,,0.0,0,親友、員工、共有人或其他特殊關係間之交易；,RPVRMLKLNHLGFAO96DA,7.82,0.0,1.16,有,0019
新竹市,房地(土地+建物),新竹市新竹市新源街１３０號８樓之２,2.62,住,,,1150515,土地1建物1車位0,八層,十二層,住宅大樓(11層含以上有電梯),住家用,鋼筋混凝土造,0870410,12.99,3,2,2,有,有,1320000,101617,,0.0,0,親友、員工、共有人或其他特殊關係間之交易；,RPWRMLKLNHLGFAO07DA,7.82,0.0,1.16,有,0019
新竹市,土地,復興段398-2地號,0.71,住,,,1150509,土地1建物0車位0,,,其他,,,,0.0,0,0,0,無,無,149519,0,,0.0,0,,RPPSMLKLNHLGFAO09DA,0.0,0.0,0.0,無,0015
新竹市,土地,復興段248地號,0.25,住,,,1150509,土地1建物0車位0,,,其他,,,,0.0,0,0,0,無,無,52423,0,,0.0,0,,RPTOMLLLNHLGFAO56DA,0.0,0.0,0.0,無,0012
新竹市,房地(土地+建物),新竹市新竹市建美路５８巷１２弄１１號,19.75,住,,,1150517,土地1建物1車位0,一層,四層,公寓(5樓含以下無電梯),住家用,加強磚造,,52.29,2,2,1,有,無,8000000,152993,,0.0,0,,RPWNMLTKNHLGFAO47DA,52.29,0.0,0.0,無,
新竹市,房地(土地+建物)+車位,新竹市新竹市香北一路１５８巷２８號三樓,34.35,住,,,1150519,土地2建物1車位1,三層,五層,華廈(10層含以下有電梯),住家用,鋼筋混凝土造,1130108,101.60000000000001,3,2,2,有,有,13900000,136811,一樓平面,0.0,0,陽台增建陽台外推；其他增建；,RPUPMLKLNHLGFAO66DA,63.71,0.0,2.94,有,0023
新竹市,房地(土地+建物),新竹市新竹市北門街１５５號五樓之１,10.94,商,,,1150518,土地1建物1車位0,五層,七層,華廈(10層含以下有電梯),住家用,鋼筋混凝土造,1100525,68.77,1,2,1,有,有,9210000,133925,,0.0,0,,RPXOMLLLNHLGFAO96DA,40.82,0.0,4.41,有,0024
新竹市,房地(土地+建物),新竹市新竹市自由路１０９號９樓之５,5.12,商,,,1150512,土地1建物1車位0,九層,十二層,住宅大樓(11層含以上有電梯),其他,鋼筋混凝土造,0801231,59.0,1,1,1,有,有,5160000,87458,,0.0,0,,RPUNMLPLNHLGFAO96DA,32.93,0.0,10.99,有,
新竹市,房地(土地+建物),新竹市新竹市延平路二段４５５號,12.42,,鄉村區,乙種建築用地,1150505,土地1建物1車位0,一層,五層,華廈(10層含以下有電梯),商業用,鋼筋混凝土造,1150126,27.18,0,0,0,無,有,3500000,128771,,0.0,0,,RPTRNLQLNHLGFAO47DA,20.66,0.0,0.0,有,
新竹市,房地(土地+建物),新竹市新竹市食品路１１５巷３號２樓,34.5,住,,,1150501,土地1建物1車位0,二層,五層,公寓(5樓含以下無電梯),住家用,鋼筋混凝土造,,115.87,3,2,2,有,無,9280000,80090,,0.0,0,陽台外推；,RPPOMLRLNHLGFAO76DA,91.69,0.0,9.7,無,
新竹市,房地(土地+建物),新竹市新竹市北大路４６８號４樓之３,3.5,商,,,1150504,土地1建物1車位0,四層,十二層,住宅大樓(11層含以上有電梯),住家用,鋼筋混凝土造,0860217,41.47,1,0,1,有,有,4410000,106342,,0.0,0,買賣過戶代書費、土地增值稅由賣方負擔，其餘稅費均由買方負擔。,RPTOMLRLNHLGFAO17DA,25.66,0.0,5.42,有,
新竹市,房地(土地+建物),新竹市新竹市大學路２１８號之２,6.41,住,,,1150523,土地1建物1車位0,一層,六層,華廈(10層含以下有電梯),住家用,鋼筋混凝土造,0870623,36.61,1,1,1,有,有,6600000,180279,,0.0,0,,RPPNMLSLNHLGFAO86EA,21.67,0.0,0.0,有,0025
新竹市,土地,中雅段220地號,0.39,住,,,1150519,土地1建物0車位0,,,其他,,,,0.0,0,0,0,無,無,47665,0,,0.0,0,親友、員工、共有人或其他特殊關係間之交易；,RPQPMLKLNHLGFAO88DA,0.0,0.0,0.0,無,0009
新竹市,土地,港南段313地號,4.68,,特定農業區,農牧用地,1150527,土地1建物0車位0,,,其他,,,,0.0,0,0,0,無,無,42300,9038,,0.0,0,地上物產權不明之瑕疵物件,RPQOMLTLNHLGFAO07DA,0.0,0.0,0.0,無,0027
新竹市,房地(土地+建物)+車位,新竹市新竹市新光路４２巷２５號五樓之１,15.32,都市：其他:科技商務區,,,1150515,土地1建物1車位1,五層,七層,華廈(10層含以下有電梯),辦公用,鋼筋混凝土造,1060206,71.31,2,2,1,有,有,12200000,171084,塔式車位,11.42,0,陽台外推；,RPQNMLSKNHLGFAO76DA,29.64,8.18,2.0,有,0028
新竹市,土地,崙子段2086-120地號,103.0,住,,,1150515,土地1建物0車位0,,,其他,,,,0.0,0,0,0,無,無,11880000,115340,,0.0,0,親友、員工、共有人或其他特殊關係間之交易；,RPRPMLTLNHLGFAO27DA,0.0,0.0,0.0,無,
新竹市,土地,大湖段401地號,396.68,,一般農業區,農牧用地,1150518,土地1建物0車位0,,,其他,,,,0.0,0,0,0,無,無,550000,1387,,0.0,0,親友、員工、共有人或其他特殊關係間之交易；,RPSNMLLJOHLGFAO88DA,0.0,0.0,0.0,無,
新竹市,土地,大庄段572-1地號,5.48,都市：其他:道路用地,,,1150504,土地1建物0車位0,,,其他,,,,0.0,0,0,0,無,無,60000,10949,,0.0,0,包含公共設施保留地用地；,RPQNMLLLNHLGFAO78DA,0.0,0.0,0.0,無,0029
新竹市,土地,大庄段780地號,38.15,都市：其他:道路用地,,,1150504,土地1建物0車位0,,,其他,,,,0.0,0,0,0,無,無,449000,11769,,0.0,0,包含公共設施保留地用地；,RPSNMLLLNHLGFAO98DA,0.0,0.0,0.0,無,0030
新竹市,土地,中央段1553地號,76.0,商,,,1150521,土地1建物0車位0,,,其他,,,,0.0,0,0,0,無,無,20691000,272250,,0.0,0,,RPSOMLLLNHLGFAO09DA,0.0,0.0,0.0,無,
新竹市,土地,北門段832-12地號,5.0,住,,,1150527,土地1建物0車位0,,,其他,,,,0.0,0,0,0,無,無,900000,180000,,0.0,0,包含公共設施保留地用地；,RPSNMLSLNHLGFAO07DA,0.0,0.0,0.0,無,
新竹市,土地,大湖段454地號,291.07,,一般農業區,農牧用地,1150513,土地1建物0車位0,,,其他,,,,0.0,0,0,0,無,無,650000,2233,,0.0,0,,RPROMLLJOHLGFAO88DA,0.0,0.0,0.0,無,
新竹市,土地,鹽水段689地號,72.79,住,,,1150516,土地2建物0車位0,,,其他,,,,0.0,0,0,0,無,無,2100000,28850,,0.0,0,親友、員工、共有人或其他特殊關係間之交易；,RPPNMLNJOHLGFAO78DA,0.0,0.0,0.0,無,
新竹市,土地,東明段807-10地號,17.0,住,,,1150519,土地1建物0車位0,,,其他,,,,0.0,0,0,0,無,無,1557080,91593,,0.0,0,政府機關標讓售；,RPXNMLNJOHLGFAO96DA,0.0,0.0,0.0,無,
新竹市,土地,柑林段353地號,6.63,,山坡地保育區,農牧用地,1150511,土地1建物0車位0,,,其他,,,,0.0,0,0,0,無,無,50125,7560,,0.0,0,,RPQNMLNJOHLGFAO98EA,0.0,0.0,0.0,無,0005
新竹市,房地(土地+建物),新竹市新竹市關新路２９號五樓之３７,4.91,工,,,1150503,土地1建物1車位0,五層,十三層,住宅大樓(11層含以上有電梯),辦公用,鋼筋混凝土造,0970911,39.58,1,1,1,有,有,7050000,178165,,0.0,0,,RPTNMLPKNHLGFAO76DA,24.77,0.0,1.42,有,0032
新竹市,土地,大庄段571地號,57.1,工,,,1150505,土地3建物0車位0,,,其他,,,,0.0,0,0,0,無,無,1120000,19615,,0.0,0,,RPOOMLLLNHLGFAO68DA,0.0,0.0,0.0,無,0033
新竹市,土地,聚吉段27-2地號,51.72,都市：其他:道路用地,,,1150526,土地3建物0車位0,,,其他,,,,0.0,0,0,0,無,無,2857862,55256,,0.0,0,包含公共設施保留地用地；,RPRQNLQLNHLGFAO17DA,0.0,0.0,0.0,無,
新竹市,房地(土地+建物)+車位,新竹市新竹市文昌街１１８號六樓之１,17.53,商,,,1150510,土地1建物1車位1,六層,十五層,住宅大樓(11層含以上有電梯),住家用,鋼筋混凝土造,1150113,175.32,4,2,2,有,有,29660000,184464,坡道平面,26.89,2280000,,RPPNMLTLNHLGFAO86DA,85.91,0.0,12.19,有,
新竹市,房地(土地+建物)+車位,新竹市新竹市公道五路二段３８３號九樓之１,32.43,住,,,1150514,土地1建物1車位2,九層,十二層,住宅大樓(11層含以上有電梯),住家用,鋼筋混凝土造,0961206,190.56,3,2,2,有,有,28580000,149979,坡道平面,0.0,2400000,陽台外推；,RPQNMLKMNHLGFAO78DA,85.47,9.02,10.4,有,
新竹市,房地(土地+建物)+車位,新竹市新竹市鐵道路一段２８巷９號十二樓,31.8,都市：其他:科技商務區,,,1150523,土地1建物1車位1,十二層,十四層,住宅大樓(11層含以上有電梯),辦公用,鋼筋混凝土造,1000718,221.6,4,2,2,有,有,30000000,135379,坡道平面,0.0,0,其他增建為雨遮外推其他增建；,RPUOMLNJOHLGFAO76DA,127.5,2.48,13.52,有,
新竹市,房地(土地+建物)+車位,新竹市新竹市關新路２９號二樓之２５,5.02,工,,,1150516,土地1建物1車位1,二層,十三層,住宅大樓(11層含以上有電梯),辦公用,鋼筋混凝土造,0970911,60.67,1,0,1,有,有,8000000,131883,坡道平面,0.0,0,,RPPOMLOJOHLGFAO98DA,20.08,0.0,1.48,有,0034
新竹市,土地,光鎮段655-2地號,25.99,都市：其他:道路用地,,,1150529,土地5建物0車位0,,,其他,,,,0.0,0,0,0,無,無,1000000,38476,,0.0,0,包含公共設施保留地用地；,RPPNMLOJOHLGFAO98EA,0.0,0.0,0.0,無,0010
新竹市,房地(土地+建物)+車位,新竹市新竹市明湖路４４６之１號６樓之３,20.54,住,,,1150504,土地2建物1車位1,六層,七層,華廈(10層含以下有電梯),住家用,鋼筋混凝土造,0850729,111.85,3,2,2,有,有,7000000,62584,升降機械,0.0,0,親友、員工、共有人或其他特殊關係間之交易；,RPPQMLPLNHLGFAO76DA,72.02,0.0,12.56,有,
新竹市,房地(土地+建物)+車位,新竹市新竹市埔頂一路５００號三樓之１,34.58,住,,,1150518,土地2建物1車位1,三層,十五層,住宅大樓(11層含以上有電梯),住家用,鋼筋混凝土造,1141120,194.97,3,2,2,有,有,34980000,202548,坡道平面,34.86,2550000,,RPSNMLTLNHLGFAO17DA,95.38,0.0,8.68,有,
新竹市,房地(土地+建物)+車位,新竹市新竹市高翠路１６０巷１３８號３樓,73.26,都市：其他:風景區,,,1150502,土地2建物1車位1,三層,五層,華廈(10層含以下有電梯),住家用,鋼筋混凝土造,0890626,127.44,3,2,2,有,有,13980000,109690,坡道平面,27.58,0,,RPTNMLOJOHLGFAO66DA,67.05,0.0,8.58,有,
新竹市,房地(土地+建物)+車位,新竹市新竹市東大路二段５５５號六樓之８,17.78,,鄉村區,乙種建築用地,1150501,土地1建物1車位1,六層,九層,華廈(10層含以下有電梯),辦公用,鋼筋混凝土造,1030708,87.18,3,2,2,有,有,12500000,143382,坡道機械,8.27,0,建築物含有其他增建，包含陽台加採光罩其他增建；,RPWNMLOJOHLGFAO96DA,36.46,6.17,4.28,有,
新竹市,土地,仁愛段440地號,63.0,,,,1150409,土地1建物0車位0,,,其他,,,,0.0,0,0,0,無,無,3490000,55397,,0.0,0,包含公共設施保留地用地；,RPROMLTJMHLGFAO86DA,0.0,0.0,0.0,無,0036
新竹市,土地,民主段1466-1地號,1.51,都市：其他:道路用地,,,1150409,土地1建物0車位0,,,其他,,,,0.0,0,0,0,無,無,120000,79470,,0.0,0,包含公共設施保留地用地；,RPPNMLOKMHLGFAO78DA,0.0,0.0,0.0,無,
新竹市,土地,風空段28地號,105.07,都市：其他:保護區,,,1150401,土地2建物0車位0,,,其他,,,,0.0,0,0,0,無,無,253370,2411,,0.0,0,,RPQNMLOKMHLGFAO88DA,0.0,0.0,0.0,無,
新竹市,土地,中興段94地號,7.59,工,,,1150410,土地2建物0車位0,,,其他,,,,0.0,0,0,0,無,無,772595,101791,,0.0,0,親友、員工、共有人或其他特殊關係間之交易；未登記建物；,RPQNMLPKMHLGFAO98DA,0.0,0.0,0.0,無,0037
新竹市,土地,美山段1004地號,76.64,農,,,1150414,土地2建物0車位0,,,其他,,,,0.0,0,0,0,無,無,372913,4866,,0.0,0,親友、員工、共有人或其他特殊關係間之交易；,RPPNMLRKMHLGFAO56EA,0.0,0.0,0.0,無,
新竹市,土地,美山段976地號,294.81,農,,,1150414,土地1建物0車位0,,,其他,,,,0.0,0,0,0,無,無,1031835,3500,,0.0,0,親友、員工、共有人或其他特殊關係間之交易；,RPQNMLRKMHLGFAO66EA,0.0,0.0,0.0,無,
新竹市,土地,中央段943-12地號,384.19,都市：其他:道路用地,,,1150409,土地5建物0車位0,,,其他,,,,0.0,0,0,0,無,無,40398176,105152,,0.0,0,包含公共設施保留地用地；,RPQNMLTJMHLGFAO66DA,0.0,0.0,0.0,無,0038
新竹市,土地,中雅段220地號,0.44,住,,,1150409,土地1建物0車位0,,,其他,,,,0.0,0,0,0,無,無,52962,0,,0.0,0,親友、員工、共有人或其他特殊關係間之交易；,RPRNMLNKMHLGFAO88DA,0.0,0.0,0.0,無,0009
新竹市,土地,中雅段220地號,3.15,住,,,1150410,土地1建物0車位0,,,其他,,,,0.0,0,0,0,無,無,381323,121055,,0.0,0,親友、員工、共有人或其他特殊關係間之交易；,RPSNMLNKMHLGFAO98DA,0.0,0.0,0.0,無,0009
新竹市,土地,中雅段220地號,3.15,住,,,1150410,土地1建物0車位0,,,其他,,,,0.0,0,0,0,無,無,381323,121055,,0.0,0,親友、員工、共有人或其他特殊關係間之交易；,RPVNMLNKMHLGFAO66DA,0.0,0.0,0.0,無,0009
新竹市,土地,竹蓮段1241-1地號,6.79,都市：其他:道路用地,,,1150413,土地1建物0車位0,,,其他,,,,0.0,0,0,0,無,無,1080000,159057,,0.0,0,包含公共設施保留地用地；,RPQNMLKLMHLGFAO58DA,0.0,0.0,0.0,無,
新竹市,房地(土地+建物)+車位,新竹市新竹市中山路２３９之７號三樓,20.33,商,,,1150401,土地1建物1車位1,三層,十層,華廈(10層含以下有電梯),住家用,鋼筋混凝土造,0981020,173.95,4,2,2,有,有,20000000,114982,升降機械,0.0,0,含土地增值稅或其他稅費152825元；,RPQNMLLLMHLGFAO78EA,95.03,9.41,8.98,有,
新竹市,房地(土地+建物),新竹市新竹市東勢街９０號,192.0,都市：其他:科技商務區,,,1150401,土地1建物1車位0,全,三層,透天厝,住工用,鋼筋混凝土造,0810727,248.5,7,2,3,有,無,26000000,104628,,0.0,0,頂樓加蓋；其他增建；,RPRNMLLLMHLGFAO88EA,239.0,9.5,0.0,無,
新竹市,土地,中雅段220地號,3.16,住,,,1150410,土地1建物0車位0,,,其他,,,,0.0,0,0,0,無,無,382197,120948,,0.0,0,親友、員工、共有人或其他特殊關係間之交易；,RPPNMLNKMHLGFAO68DA,0.0,0.0,0.0,無,0009
新竹市,土地,中雅段220地號,3.15,住,,,1150410,土地1建物0車位0,,,其他,,,,0.0,0,0,0,無,無,381323,121055,,0.0,0,親友、員工、共有人或其他特殊關係間之交易；,RPTNMLNKMHLGFAO09DA,0.0,0.0,0.0,無,0009
新竹市,土地,中雅段220地號,3.15,住,,,1150410,土地1建物0車位0,,,其他,,,,0.0,0,0,0,無,無,381323,121055,,0.0,0,親友、員工、共有人或其他特殊關係間之交易；,RPUNMLNKMHLGFAO56DA,0.0,0.0,0.0,無,0009
新竹市,土地,北門段261地號,159.19,都市：其他:道路用地,,,1150413,土地1建物0車位0,,,其他,,,,0.0,0,0,0,無,無,22780000,143099,,0.0,0,,RPVOMLNKMHLGFAO76DA,0.0,0.0,0.0,無,0045
新竹市,土地,民富段2922地號,93.0,住,,,1150404,土地1建物0車位0,,,其他,,,,0.0,0,0,0,無,無,14000000,150538,,0.0,0,,RPVRMLMLMHLGFAO07DA,0.0,0.0,0.0,無,0046
新竹市,土地,民富段2649地號,2.72,都市：其他:道路用地,,,1150416,土地1建物0車位0,,,其他,,,,0.0,0,0,0,無,無,270000,99265,,0.0,0,包含公共設施保留地用地；,RPVNMLMLMHLGFAO66DA,0.0,0.0,0.0,無,0047
新竹市,土地,麗園段560地號,51.18,,山坡地保育區,農牧用地,1150412,土地1建物0車位0,,,其他,,,,0.0,0,0,0,無,無,348953,6818,,0.0,0,親友、員工、共有人或其他特殊關係間之交易；,RPQNMLLLMHLGFAO68DA,0.0,0.0,0.0,無,
新竹市,房地(土地+建物)+車位,新竹市新竹市四維路３９號五樓,45.67,住,,,1150416,土地2建物1車位1,五層,六層,華廈(10層含以下有電梯),住家用,鋼筋混凝土造,0910321,171.89,4,2,2,有,無,15500000,90174,坡道平面,0.0,0,,RPPNMLOLMHLGFAO98EA,104.22,0.0,12.49,有,
新竹市,房地(土地+建物),新竹市新竹市延平路一段２６１巷１弄５號,78.0,住,,,1150410,土地1建物1車位0,全,四層,透天厝,住家用,鋼筋混凝土造,1140314,241.81,5,3,6,有,無,39500000,163351,,0.0,0,管理組織:目前無將來會成立。,RPQNMLSKMHLGFAO66DA,208.64,0.0,33.17,有,
新竹市,房地(土地+建物),新竹市新竹市湳雅街１２６巷３８弄２號５樓,25.98,住,,,1150407,土地3建物1車位0,五層,五層,公寓(5樓含以下無電梯),住家用,鋼筋混凝土造,,84.91,3,2,2,有,無,3900000,45931,,0.0,0,,RPSNMLMLMHLGFAO98DA,73.69,0.0,11.22,無,
新竹市,房地(土地+建物),新竹市新竹市延平路一段２６１巷１弄７號,78.0,住,,,1150417,土地1建物1車位0,全,四層,透天厝,住家用,鋼筋混凝土造,1140314,241.81,5,3,6,有,無,39600000,163765,,0.0,0,管理組織:目前無將來會成立。,RPPOMLMLMHLGFAO78DA,208.64,0.0,33.17,有,
新竹市,房地(土地+建物),新竹市新竹市大學路１０３１之８號,7.01,住,,,1150416,土地1建物1車位0,一層,七層,華廈(10層含以下有電梯),商業用,鋼筋混凝土造,0880713,33.1,0,0,0,無,有,5000000,151057,,0.0,0,,RPQNMLRLMHLGFAO76EA,18.66,0.0,0.0,有,0048
新竹市,土地,竹蓮段1452地號,22.0,都市：其他:道路用地,,,1150409,土地1建物0車位0,,,其他,,,,0.0,0,0,0,無,無,2100000,95455,,0.0,0,包含公共設施保留地用地；,RPOPMLRKMHLGFAO56DA,0.0,0.0,0.0,無,
新竹市,房地(土地+建物)+車位,新竹市新竹市北新街１３１號七樓之２９,7.32,住,,,1150408,土地2建物1車位1,七層,十層,華廈(10層含以下有電梯),辦公用,鋼筋混凝土造,0980319,56.400000000000006,1,1,1,有,有,6800000,120567,坡道機械,0.0,0,上下樓層內梯、雨遮改陽台夾層；其他增建；,RPTOMLRKMHLGFAO96DA,27.51,1.75,3.3,有,0049
新竹市,土地,中雅段220地號,27.57,住,,,1150423,土地1建物0車位0,,,其他,,,,0.0,0,0,0,無,無,3336575,121022,,0.0,0,親友、員工、共有人或其他特殊關係間之交易；,RPVNMLNLMHLGFAO76DA,0.0,0.0,0.0,無,0009
新竹市,土地,崙子段2070-8地號,0.29,住,,,1150423,土地1建物0車位0,,,其他,,,,0.0,0,0,0,無,無,35695,0,,0.0,0,親友、員工、共有人或其他特殊關係間之交易；,RPWNMLNLMHLGFAO86DA,0.0,0.0,0.0,無,0051
新竹市,土地,崙子段2070-1地號,3.82,都市：其他:第二種住宅區,,,1150423,土地8建物0車位0,,,其他,,,,0.0,0,0,0,無,無,462524,121080,,0.0,0,親友、員工、共有人或其他特殊關係間之交易；包含公共設施保留地用地；,RPOOMLNLMHLGFAO78DA,0.0,0.0,0.0,無,0017
新竹市,土地,海濱段343-2地號,10.01,住,,,1150424,土地1建物0車位0,,,其他,,,,0.0,0,0,0,無,無,760000,75924,,0.0,0,房地合一稅由買方負擔,RPXOMLNLMHLGFAO07DA,0.0,0.0,0.0,無,0053
新竹市,土地,中興段94地號,50.62,工,,,1150423,土地2建物0車位0,,,其他,,,,0.0,0,0,0,無,無,5150651,101751,,0.0,0,親友、員工、共有人或其他特殊關係間之交易；未登記建物；,RPTOMLRLMHLGFAO07DA,0.0,0.0,0.0,無,0037
新竹市,房地(土地+建物)+車位,新竹市新竹市西濱路一段１８５號十樓之７,17.93,住,,,1150409,土地1建物1車位1,十層,十五層,住宅大樓(11層含以上有電梯),住家用,鋼筋混凝土造,1111021,129.61,2,2,1,有,有,9550000,73683,坡道平面,37.23,0,,RPXOMLTLMHLGFAO67DA,58.68,0.0,4.18,有,0055
新竹市,房地(土地+建物),新竹市新竹市中華路五段８９６巷２６號,81.33,住,,,1150406,土地3建物1車位0,全,四層,透天厝,住家用,鋼筋混凝土造,1040930,224.68,3,2,4,有,有,18000000,80114,,0.0,0,,RPQNMLKMMHLGFAO78EA,193.37,2.43,28.88,無,0056
新竹市,土地,明湖段734-4地號,1403.09,,山坡地保育區,農牧用地,1150401,土地4建物0車位0,,,其他,,,,0.0,0,0,0,無,無,8500000,6058,,0.0,0,未辦保存建物一併移轉未登記建物；,RPPNMLOLMHLGFAO88DA,0.0,0.0,0.0,無,
新竹市,房地(土地+建物),新竹市新竹市中華路二段７３６號７樓之７,4.36,商,,,1150403,土地2建物1車位0,七層,十二層,住宅大樓(11層含以上有電梯),其他,鋼筋混凝土造,,50.97,1,1,1,有,有,4820000,94565,,0.0,0,陽台外推；,RPWOMLSJMHLGFAO27DA,32.57,0.0,7.82,有,0057
新竹市,房地(土地+建物)+車位,新竹市新竹市新莊街１８５巷３１號八樓之６,16.19,住,,,1150418,土地3建物1車位1,八層,十三層,住宅大樓(11層含以上有電梯),住家用,鋼筋混凝土造,0970418,103.85,1,1,1,有,有,13660000,131536,坡道平面,0.0,0,陽台外推；,RPPPMLLLMHLGFAO78DA,46.88,0.0,7.55,有,0058
新竹市,房地(土地+建物),新竹市新竹市科學園路１６２巷１弄２４號,88.0,住,,,1150402,土地1建物1車位0,全,二層,透天厝,住家用,鋼筋混凝土造,0771104,139.14,4,2,2,有,無,25900000,186143,,0.0,0,頂樓加蓋；其他增建；,RPSNMLSLMHLGFAO96DA,117.73,13.53,7.88,無,
新竹市,土地,中興段536-2地號,147.92,都市：其他:道路用地,,,1150416,土地1建物0車位0,,,其他,,,,0.0,0,0,0,無,無,6276400,42431,,0.0,0,包含公共設施保留地用地；,RPSPMLTLMHLGFAO27DA,0.0,0.0,0.0,無,0059
新竹市,房地(土地+建物)+車位,新竹市新竹市埔頂三路９８號二樓,23.88,住,,,1150402,土地1建物1車位1,二層,十四層,住宅大樓(11層含以上有電梯),住家用,鋼筋混凝土造,0981006,174.36,4,2,2,有,有,23000000,131919,坡道平面,0.0,0,陽台外推；,RPRNMLKMMHLGFAO78DA,98.91,5.52,9.43,有,0060
新竹市,房地(土地+建物),新竹市新竹市東南街２１０巷１弄１３號５樓,34.66,住,,,1150401,土地1建物1車位0,五層,五層,公寓(5樓含以下無電梯),住家用,鋼筋混凝土造,0680816,82.8,3,2,1,有,無,10000000,120773,,0.0,0,親友、員工、共有人或其他特殊關係間之交易；,RPUOMLOJNHLGFAO76DA,82.8,0.0,0.0,無,0061
新竹市,房地(土地+建物)+車位,新竹市新竹市金雅東街３５號,18.36,,鄉村區,乙種建築用地,1150408,土地1建物1車位1,一層,十層,華廈(10層含以下有電梯),商業用,鋼筋混凝土造,1120907,102.27000000000001,1,1,1,有,有,13880000,135719,坡道平面,29.46,0,,RPPNMLPJNHLGFAO88DA,44.53,0.0,3.71,有,0062
新竹市,車位,新竹市新竹市東大路一段３９巷２７號等,0.02,都市：其他:第二種住宅區,,,1150416,土地1建物1車位1,,,其他,,,,31.57,0,0,0,無,有,1400000,,坡道平面,31.57,1400000,親友、員工、共有人或其他特殊關係間之交易；僅車位交易；,RPPNMLKMMHLGFAO68EA,0.0,0.0,0.0,有,0063
新竹市,土地,柑林段368地號,7.7,,山坡地保育區,農牧用地,1150427,土地1建物0車位0,,,其他,,,,0.0,0,0,0,無,無,93200,12104,,0.0,0,,RPQNMLPJNHLGFAO09EA,0.0,0.0,0.0,無,0001
新竹市,土地,竹蓮段2618-2地號,13.0,都市：其他:道路用地,,,1150420,土地1建物0車位0,,,其他,,,,0.0,0,0,0,無,無,1014000,78000,,0.0,0,包含公共設施保留地用地；,RPTNMLKLMHLGFAO88DA,0.0,0.0,0.0,無,
新竹市,房地(土地+建物)+車位,新竹市新竹市慈雲路８２號二十六樓之７,13.05,商,,,1150425,土地1建物1車位1,二十六層,二十九層,住宅大樓(11層含以上有電梯),住家用,鋼筋混凝土造,1080425,168.59,3,2,2,有,有,26880000,159440,坡道平面,0.0,0,陽台加窗其他增建；,RPTNMLPJNHLGFAO66DA,78.91,3.81,6.89,有,0065
新竹市,房地(土地+建物)+車位,新竹市新竹市四維路８９巷２之１號９樓之３,10.48,商,,,1150426,土地2建物1車位1,九層,十四層,住宅大樓(11層含以上有電梯),住家用,鋼筋混凝土造,0870302,126.11,3,2,2,有,有,8800000,69780,坡道機械,0.0,0,,RPTNMLQJNHLGFAO76DA,79.22,0.0,8.95,有,0066
新竹市,土地,柑林段353地號,3.65,,山坡地保育區,農牧用地,1150427,土地1建物0車位0,,,其他,,,,0.0,0,0,0,無,無,27525,7541,,0.0,0,,RPPNMLPJNHLGFAO98EA,0.0,0.0,0.0,無,0005
新竹市,土地,新航段516地號,2279.78,,特定農業區,農牧用地,1150409,土地3建物0車位0,,,其他,,,,0.0,0,0,0,無,無,17240750,7562,,0.0,0,,RPPNMLQJNHLGFAO09EA,0.0,0.0,0.0,無,
新竹市,房地(土地+建物),新竹市新竹市勝利路４０號６樓之１,5.24,商,,,1150421,土地1建物1車位0,六層,十層,華廈(10層含以下有電梯),其他,鋼筋混凝土造,0800419,51.55,1,1,1,有,有,3800000,73715,,0.0,0,,RPQNMLQJNHLGFAO56EA,28.9,0.0,6.02,有,
新竹市,土地,中央段707地號,47.0,都市：其他:道路用地,,,1150417,土地1建物0車位0,,,其他,,,,0.0,0,0,0,無,無,3692790,78570,,0.0,0,包含公共設施保留地用地；,RPXOMLRKMHLGFAO37DA,0.0,0.0,0.0,無,0068
新竹市,土地,中雅段88-84地號,3.33,都市：其他:道路用地,,,1150428,土地2建物0車位0,,,其他,,,,0.0,0,0,0,無,無,170000,51051,,0.0,0,包含公共設施保留地用地；,RPWNMLRJNHLGFAO17DA,0.0,0.0,0.0,無,
新竹市,土地,聚吉段29-42地號,3.0,住,,,1150429,土地1建物0車位0,,,其他,,,,0.0,0,0,0,無,無,170000,56667,,0.0,0,,RPXNMLRJNHLGFAO27DA,0.0,0.0,0.0,無,
新竹市,土地,柑林段353地號,0.32,,山坡地保育區,農牧用地,1150427,土地1建物0車位0,,,其他,,,,0.0,0,0,0,無,無,2450,0,,0.0,0,,RPRNMLPJNHLGFAO56EA,0.0,0.0,0.0,無,0005
新竹市,房地(土地+建物),新竹市新竹市樹下街９３巷２８號,406.85,農,,,1150410,土地1建物1車位0,全,三層,透天厝,農業用,鋼筋混凝土造,0860123,382.76,6,3,7,有,無,20000000,52252,,0.0,0,含土地增值稅或其他稅費；含仲介費；含地政士服務費；其他增建；,RPRPMLQKMHLGFAO76DA,357.39,12.79,12.58,無,
新竹市,土地,高峰段123地號,1903.53,住,,,1150408,土地8建物0車位0,,,其他,,,,0.0,0,0,0,無,無,115163200,60500,,0.0,0,,RPUNMLSLMHLGFAO17DA,0.0,0.0,0.0,無,
新竹市,房地(土地+建物),新竹市新竹市境福街６６巷５號,63.0,住,,,1150422,土地1建物1車位0,全,三層,透天厝,住家用,鋼筋混凝土造,0800907,110.05,3,2,3,有,無,3280000,29805,,0.0,0,陽台外推；其他增建；,RPQNMLRJNHLGFAO56DA,96.03,8.76,5.26,無,0070
新竹市,土地,千甲段920地號,294.66,農,,,1150403,土地4建物0車位0,,,其他,,,,0.0,0,0,0,無,無,13000000,44119,,0.0,0,,RPWOMLRJNHLGFAO27DA,0.0,0.0,0.0,無,0071
新竹市,房地(土地+建物),新竹市新竹市光華二街１０８巷１１號２樓,22.0,住,,,1150409,土地1建物1車位0,二層,五層,華廈(10層含以下有電梯),住家用,鋼筋混凝土造,0791228,76.50999999999999,2,2,2,有,無,8000000,104561,,0.0,0,陽台外推；,RPSNMLTLMHLGFAO07DA,49.55,0.0,7.96,有,
新竹市,房地(土地+建物),新竹市新竹市湳雅街１７６之１號六樓之３,7.38,住,,,1150402,土地1建物1車位0,六層,七層,華廈(10層含以下有電梯),辦公用,鋼筋混凝土造,0971101,39.82,1,1,1,有,有,5600000,140633,,0.0,0,上下樓層內梯陽台外推；夾層；,RPOPMLRJNHLGFAO56DA,21.19,1.22,3.2,有,0072
新竹市,土地,忠孝段204-1地號,107.5,住,,,1150430,土地2建物0車位0,,,其他,,,,0.0,0,0,0,無,無,8130000,75628,,0.0,0,親友、員工、共有人或其他特殊關係間之交易；,RPWNMLSJNHLGFAO27DA,0.0,0.0,0.0,無,
新竹市,房地(土地+建物),新竹市新竹市成功路１３巷６弄１０號,27.0,住,,,1150413,土地1建物1車位0,全,二層,透天厝,住家用,加強磚造,0720630,39.97,4,2,2,有,無,2000000,50038,,0.0,0,親友、員工、共有人或其他特殊關係間之交易；,RPSOMLNLMHLGFAO56DA,34.8,3.65,1.52,無,
新竹市,房地(土地+建物)+車位,新竹市新竹市北新街１３１號三樓之２６,7.32,住,,,1150409,土地2建物1車位1,三層,十層,華廈(10層含以下有電梯),辦公用,鋼筋混凝土造,0980319,56.410000000000004,2,2,1,有,有,7150000,126751,坡道機械,0.0,0,夾層增建陽台外推；,RPUPMLTLMHLGFAO47DA,27.51,1.75,3.3,有,0073
新竹市,土地,中雅段164-2地號,26.17,都市：其他:道路用地,,,1150427,土地1建物0車位0,,,其他,,,,0.0,0,0,0,無,無,500000,19106,,0.0,0,包含公共設施保留地用地；,RPRNMLLKNHLGFAO78DA,0.0,0.0,0.0,無,0074
新竹市,房地(土地+建物),新竹市新竹市浸水街４０６巷４８弄８號,73.4,,鄉村區,乙種建築用地,1150403,土地1建物1車位0,全,五層,透天厝,住家用,鋼筋混凝土造,1030831,240.09,5,2,5,有,無,21700000,90383,,0.0,0,陽台外推；,RPPNMLMKNHLGFAO78EA,208.52,0.0,31.57,無,0075
新竹市,房地(土地+建物),新竹市新竹市高峰路３８６巷７１弄９號,92.21,住,,,1150419,土地1建物1車位0,全,二層,透天厝,住家用,加強磚造,,135.0,3,2,2,有,無,8900000,65926,,0.0,0,頂樓加蓋；其他增建；,RPQNMLMKNHLGFAO88EA,135.0,0.0,0.0,無,
新竹市,房地(土地+建物),新竹市新竹市明湖路６４８巷１０４弄９４號,125.05,,山坡地保育區,丙種建築用地,1150404,土地1建物1車位0,全,三層,透天厝,住家用,鋼筋混凝土造,0811005,255.32,4,2,4,有,有,16680000,65330,,0.0,0,,RPVOMLSJMHLGFAO17DA,180.98,26.16,4.45,無,
新竹市,車位,新竹市新竹市慈濟路１號、龍山東路６１號四樓等,0.0,,,,1150417,土地0建物1車位2,,,其他,,,,50.0,0,0,0,無,有,4500000,,坡道平面,50.0,4500000,建物坐落地號：光武段1075地號；僅車位交易；,RPRNMLOJNHLGFAO98DA,0.0,0.0,0.0,有,0076
新竹市,房地(土地+建物),新竹市新竹市林森路７３號１１樓之７,2.19,商,,,1150426,土地1建物1車位0,十一層,十二層,住宅大樓(11層含以上有電梯),住家用,鋼筋混凝土造,0780107,23.97,1,0,1,有,有,3250000,135586,,0.0,0,其他增建；,RPVNMLOJNHLGFAO76DA,18.83,0.0,0.0,有,0077
新竹市,房地(土地+建物)+車位,新竹市新竹市金雅三街１０３號四樓之３,30.63,,鄉村區,乙種建築用地,1150421,土地1建物1車位1,四層,九層,華廈(10層含以下有電梯),住家用,鋼筋混凝土造,1080925,152.07,3,2,2,有,有,17020000,111922,坡道平面,31.15,0,,RPVNMLSJNHLGFAO17DA,74.97,0.0,6.65,有,0078
新竹市,房地(土地+建物),新竹市新竹市新香街１８８巷３１號,160.94,,山坡地保育區,丙種建築用地,1150411,土地1建物1車位0,全,四層,透天厝,住家用,鋼筋混凝土造,0940713,233.6,4,3,5,有,有,18300000,78339,,0.0,0,陽台外推；,RPPNMLKKNHLGFAO48DA,206.08,3.52,24.0,無,
新竹市,土地,仙水段141地號,128.56,都市：其他:道路用地,,,1150407,土地11建物0車位0,,,其他,,,,0.0,0,0,0,無,無,14449709,112397,,0.0,0,包含公共設施保留地用地；,RPPPMLLKNHLGFAO78DA,0.0,0.0,0.0,無,0079
新竹市,房地(土地+建物),新竹市新竹市明湖路６５０巷２４號,18.11,,鄉村區,乙種建築用地,1150414,土地2建物1車位0,一層,五層,公寓(5樓含以下無電梯),住家用,鋼筋混凝土造,,70.84,3,2,2,有,無,6750000,95285,,0.0,0,其他增建；,RPQNMLPKNHLGFAO09DA,61.37,4.5,3.32,無,0080
新竹市,房地(土地+建物)+車位,新竹市新竹市慈濟路２１１號十七樓之７,12.38,都市：其他:商務專用區,,,1150403,土地1建物1車位1,十七層,二十一層,住宅大樓(11層含以上有電梯),住家用,鋼筋混凝土造,1090512,121.32,2,1,1,有,有,19200000,158259,坡道平面,0.0,0,,RPXNMLSKNHLGFAO47DA,48.07,0.0,3.83,有,0081
新竹市,房地(土地+建物)+車位,新竹市新竹市明湖路７５１之５號二樓,14.1,都市：其他:甲之三種風景區,,,1150415,土地1建物1車位1,二層,四層,華廈(10層含以下有電梯),住家用,鋼筋混凝土造,0940220,79.28999999999999,1,1,1,有,有,6880000,86770,坡道平面,29.45,0,,RPUOMLNLMHLGFAO76DA,32.51,0.0,0.0,有,
新竹市,房地(土地+建物),新竹市新竹市富群街６巷５弄９號,94.74,,山坡地保育區,丙種建築用地,1150425,土地5建物1車位0,全,三層,透天厝,住家用,鋼筋混凝土造,0841009,151.16,4,2,3,有,有,14100000,93272,,0.0,0,其他增建包含壹樓空地、前後遮雨棚增建、後陽台增建。陽台外推；其他增建；,RPOPMLTLMHLGFAO86DA,132.3,11.02,7.13,無,
新竹市,房地(土地+建物),新竹市新竹市興濱路２９巷１２之２號,88.06,住,,,1150410,土地2建物1車位0,全,四層,透天厝,住家用,鋼筋混凝土造,0960718,240.62,4,2,5,有,有,18000000,74807,,0.0,0,,RPUNMLSKNHLGFAO17DA,221.33,0.0,19.29,無,
新竹市,房地(土地+建物)+車位,新竹市新竹市中華路二段８９號十五樓之１,16.23,商,,,1150428,土地2建物1車位1,十五層,十五層,住宅大樓(11層含以上有電梯),住家用,鋼筋混凝土造,1131024,162.49,3,2,2,有,有,23320000,143517,坡道平面,28.45,0,親友、員工、共有人或其他特殊關係間之交易；,RPVNMLSKNHLGFAO27DA,78.3,0.0,10.34,有,0082
新竹市,房地(土地+建物),新竹市新竹市東大路二段１７２巷３１號１樓,54.35,住,,,1150420,土地1建物1車位0,一層,七層,華廈(10層含以下有電梯),住家用,鋼筋混凝土造,0861030,148.65,3,2,2,有,有,13000000,87454,,0.0,0,陽台外推；,RPUNMLRLMHLGFAO07DA,82.0,0.0,9.83,有,0083
新竹市,房地(土地+建物)+車位,新竹市新竹市介壽一路３１號十八樓之３,16.3,工,,,1150417,土地2建物1車位1,十八層,二十二層,住宅大樓(11層含以上有電梯),住家用,鋼筋混凝土造,1120501,131.58999999999997,2,2,1,有,有,21500000,163386,坡道平面,34.04,0,,RPVOMLSKNHLGFAO37DA,53.28,6.29,5.95,有,0084
新竹市,房地(土地+建物)+車位,新竹市新竹市北大路１６６巷５７號六樓之５,34.04,住,,,1150413,土地1建物1車位1,六層,十四層,住宅大樓(11層含以上有電梯),住家用,鋼筋混凝土造,1050412,190.93,3,2,2,有,有,29500000,154507,坡道平面,24.79,0,,RPVNMLTKNHLGFAO37DA,94.64,2.21,16.24,有,0085
新竹市,房地(土地+建物),新竹市新竹市中華路四段６０號,21.23,住,,,1150424,土地1建物1車位0,一層，騎樓,八層,華廈(10層含以下有電梯),住商用,鋼筋混凝土造,0811002,107.24000000000001,1,1,1,有,有,14500000,135211,,0.0,0,1增建：平台增建、一樓增建沿著加蓋、騎樓增建。2本件交易總價為1450萬，其他土地買賣價款為1220萬；建物買賣價格為230萬。其他增建；,RPXNMLTKNHLGFAO57DA,72.59,4.42,0.0,有,0086
新竹市,土地,柑林段343-1地號,767.53,,山坡地保育區,農牧用地,1150403,土地2建物0車位0,,,其他,,,,0.0,0,0,0,無,無,6965000,9075,,0.0,0,,RPTNMLRJMHLGFAO76DA,0.0,0.0,0.0,無,
新竹市,房地(土地+建物)+車位,新竹市新竹市文昌街１１８號十一樓之２,17.66,商,,,1150415,土地1建物1車位1,十一層,十五層,住宅大樓(11層含以上有電梯),住家用,鋼筋混凝土造,1150113,176.57,4,2,2,有,有,30100000,185863,坡道平面,26.89,2280000,,RPOOMLSLMHLGFAO66DA,86.5,0.0,12.49,有,
新竹市,房地(土地+建物),新竹市新竹市武陵路１５７號,42.15,住,,,1150401,土地1建物1車位0,一層，騎樓,八層,華廈(10層含以下有電梯),商業用,鋼筋混凝土造,0821208,249.5,0,1,3,有,有,26500000,106212,,0.0,0,其他增建；,RPXNMLPKNHLGFAO17DA,177.7,25.43,0.0,有,
新竹市,房地(土地+建物)+車位,新竹市新竹市牛埔路１２０巷３號九樓之１,27.22,住,,,1150425,土地1建物1車位1,九層,十二層,住宅大樓(11層含以上有電梯),住家用,鋼筋混凝土造,1040922,130.07999999999998,2,2,1,有,有,15280000,117466,坡道平面,46.59,0,其他增建；,RPRNMLRKNHLGFAO76DA,48.64,2.63,4.65,有,0087
新竹市,房地(土地+建物),新竹市新竹市牛埔南路２２６號,597.0,工,,,1150407,土地3建物2車位0,全,一層,透天厝,工業用,鋼造,,421.2,3,0,1,有,無,70000000,166192,,0.0,0,1樓增建無隔間2樓3房1衛本案價格係買方買清價格其他增建；,RPRPMLKLNHLGFAO98DA,421.2,0.0,0.0,無,0088
新竹市,房地(土地+建物)+車位,新竹市新竹市東新路１００號六樓,12.66,都市：其他:住商混合區,,,1150411,土地1建物1車位1,六層,十五層,住宅大樓(11層含以上有電梯),住家用,鋼筋混凝土造,1090928,111.87,2,1,1,有,有,19000000,169840,坡道平面,0.0,0,,RPVPMLKLNHLGFAO76DA,49.27,0.0,4.42,有,0089
新竹市,土地,中央段747地號,34.13,都市：其他:道路用地,,,1150430,土地1建物0車位0,,,其他,,,,0.0,0,0,0,無,無,3771390,110501,,0.0,0,包含公共設施保留地用地；,RPXNMLRLMHLGFAO37DA,0.0,0.0,0.0,無,
新竹市,房地(土地+建物),新竹市新竹市湳雅街２１９巷２２號３樓,36.54,住,,,1150411,土地2建物1車位0,三層,四層,公寓(5樓含以下無電梯),住家用,鋼筋混凝土造,0720401,81.13,3,2,1,有,無,5600000,69025,,0.0,0,其他增建:公設部分未保存登記其他增建；,RPQPMLRJNHLGFAO76DA,78.55,0.0,2.58,無,
新竹市,房地(土地+建物),新竹市新竹市湳中街５４巷９號２樓之１１,4.85,住,,,1150411,土地1建物1車位0,二層,五層,華廈(10層含以下有電梯),住家用,鋼筋混凝土造,0800328,19.21,1,0,1,有,無,2200000,114524,,0.0,0,,RPSPMLRJNHLGFAO96DA,13.97,0.0,0.0,有,0090
新竹市,房地(土地+建物),新竹市新竹市金山街１７１號３樓之２,13.55,住,,,1150411,土地1建物1車位0,三層,四層,公寓(5樓含以下無電梯),住家用,鋼筋混凝土造,0901231,36.71,1,1,1,有,有,4980000,135658,,0.0,0,,RPRNMLNKNHLGFAO98DA,27.5,0.0,0.0,無,0091
新竹市,房地(土地+建物)+車位,新竹市新竹市天府路一段５３１號八樓,11.0,住,,,1150401,土地1建物1車位1,八層,十四層,住宅大樓(11層含以上有電梯),住家用,鋼筋混凝土造,0970520,131.7,3,2,2,有,有,9900000,75171,坡道平面,30.16,0,陽台外推；,RPTNMLNKNHLGFAO56DA,62.1,0.0,11.66,有,
新竹市,房地(土地+建物)+車位,新竹市新竹市立鵬路９６號十樓,17.16,商,,,1150407,土地1建物1車位1,十層,二十七層,住宅大樓(11層含以上有電梯),住家用,鋼筋混凝土造,1031117,215.87,4,2,2,有,有,36500000,169091,坡道平面,0.0,0,,RPUNMLNKNHLGFAO66DA,125.7,0.0,5.58,有,0092
新竹市,房地(土地+建物),新竹市新竹市閑谷三街１６巷１３號,219.01,,山坡地保育區,丙種建築用地,1150426,土地7建物1車位0,全,三層,透天厝,住家用,鋼筋混凝土造,1130103,202.01,4,2,4,有,有,24180000,119697,,0.0,0,陽台外移其他增建；,RPPNMLRKNHLGFAO56DA,187.5,0.0,14.52,無,0093
新竹市,房地(土地+建物),新竹市新竹市光復路一段２６８巷４１弄８號,55.33,住,,,1150420,土地1建物1車位0,全,二層,透天厝,住家用,加強磚造,0650604,64.84,2,1,1,有,無,8000000,123381,,0.0,0,親友、員工、共有人或其他特殊關係間之交易；,RPQNMLMLNHLGFAO88DA,64.84,0.0,0.0,無,
新竹市,房地(土地+建物),新竹市新竹市明湖路１０５０巷１４０號３樓,21.18,,山坡地保育區,丙種建築用地,1150418,土地3建物1車位0,三層,五層,公寓(5樓含以下無電梯),住家用,鋼筋混凝土造,0831114,73.23,3,2,2,有,有,6000000,81934,,0.0,0,,RPXOMLLLMHLGFAO86DA,34.21,0.0,5.6,無,0094
新竹市,房地(土地+建物)+車位,新竹市新竹市公道五路二段３３７號十三樓,24.14,住,,,1150425,土地1建物1車位1,十三層,十四層,住宅大樓(11層含以上有電梯),住家用,鋼筋混凝土造,0980922,164.95,3,2,2,有,有,26000000,157624,坡道平面,0.0,0,陽台外推；,RPTNMLSJNHLGFAO96DA,88.23,3.94,9.86,有,0095
新竹市,房地(土地+建物),新竹市新竹市經國路二段２６３號三樓之６,4.42,商,,,1150422,土地1建物1車位0,三層,十二層,住宅大樓(11層含以上有電梯),辦公用,鋼筋混凝土造,0910831,45.24,1,1,1,有,有,4000000,88417,,0.0,0,陽台加窗陽台外推；其他增建；,RPVOMLLKNHLGFAO66DA,30.28,0.0,3.83,有,0096
新竹市,房地(土地+建物)+車位,新竹市新竹市東大路二段６２２之６號,37.22,,鄉村區,乙種建築用地,1150410,土地1建物1車位2,一層,十四層,住宅大樓(11層含以上有電梯),住家用,鋼筋混凝土造,1130625,185.47,3,2,2,有,有,25000000,141354,坡道平面,41.93,4710000,,RPPNMLMKNHLGFAO68DA,89.13,0.0,9.97,有,
新竹市,房地(土地+建物)+車位,新竹市新竹市慈雲路１２１號三樓之３,10.37,商,,,1150418,土地1建物1車位2,三層,二十八層,住宅大樓(11層含以上有電梯),住家用,鋼筋混凝土造,1050125,197.01,3,2,2,有,有,29300000,148716,坡道平面,0.0,0,,RPPNMLQKNHLGFAO09DA,86.12,3.12,4.95,有,0097
新竹市,房地(土地+建物)+車位,新竹市新竹市慈濟路１７５號六樓,10.08,商,,,1150411,土地1建物1車位1,六層,二十四層,住宅大樓(11層含以上有電梯),住家用,鋼筋混凝土造,1100104,109.41,2,2,1,有,有,19000000,213754,坡道平面,27.54,1500000,,RPOSMLKLNHLGFAO98DA,46.81,2.72,3.94,有,0098
新竹市,房地(土地+建物)+車位,新竹市新竹市牛埔東路１１號八樓,18.83,住,,,1150412,土地1建物1車位1,八層,十五層,住宅大樓(11層含以上有電梯),住家用,鋼筋混凝土造,0970131,152.60000000000002,3,2,2,有,有,14800000,96986,坡道平面,32.72,0,陽台外推；,RPPPMLLLNHLGFAO88DA,74.96,1.96,10.28,有,
新竹市,房地(土地+建物)+車位,新竹市新竹市中央路１２５號十二樓,35.42,住,,,1150420,土地1建物1車位1,十二層,二十三層,住宅大樓(11層含以上有電梯),住家用,鋼筋混凝土造,1071114,384.69,1,2,4,有,有,71880000,186852,坡道平面,34.68,0,陽台外推；毛胚屋；,RPVOMLMLNHLGFAO86DA,198.46,9.8,24.36,有,0099
新竹市,房地(土地+建物),新竹市新竹市高翠路２７７巷４弄２號,140.02,住,,,1150420,土地2建物1車位0,全,四層,透天厝,住家用,鋼筋混凝土造,0970115,302.77,27,0,27,有,無,39000000,128811,,0.0,0,其他增建；,RPPNMLLLNHLGFAO78EA,289.87,0.0,12.9,有,0100
新竹市,土地,東光段60-1地號,330.17,商,,,1150415,土地5建物0車位0,,,其他,,,,0.0,0,0,0,無,無,56898000,172329,,0.0,0,,RPQNMLPLNHLGFAO66EA,0.0,0.0,0.0,無,0101
新竹市,土地,東光段51-4地號,138.6,商,,,1150415,土地1建物0車位0,,,其他,,,,0.0,0,0,0,無,無,29348000,211746,,0.0,0,,RPRNMLPLNHLGFAO76EA,0.0,0.0,0.0,無,
新竹市,房地(土地+建物)+車位,新竹市新竹市經國路二段５３９之２號四樓,19.43,商,,,1150419,土地2建物1車位1,四層,十三層,住宅大樓(11層含以上有電梯),住家用,鋼筋混凝土造,0951220,140.12,3,2,2,有,有,16660000,118907,坡道平面,0.0,0,陽台外推；,RPQNMLOLMHLGFAO98DA,75.66,2.73,9.14,有,0102
新竹市,房地(土地+建物)+車位,新竹市新竹市慈雲路１１８號十七樓之９,14.27,商,,,1150430,土地1建物1車位1,十七層,三十層,住宅大樓(11層含以上有電梯),辦公用,鋼筋混凝土造,1051004,183.71,0,0,0,無,有,25000000,136084,坡道平面,0.0,0,,RPROMLOJNHLGFAO09DA,84.43,0.0,0.0,有,0103
新竹市,房地(土地+建物),新竹市新竹市新莊街１１９巷２２號,84.0,住,,,1150417,土地1建物1車位0,全,二層,透天厝,其他,鋼筋混凝土造,0771024,149.48,4,2,4,有,無,20000000,133797,,0.0,0,親友、員工、共有人或其他特殊關係間之交易；,RPWNMLMKNHLGFAO76DA,122.75,19.23,7.5,無,
新竹市,房地(土地+建物),新竹市新竹市食品路１５５巷３１號２樓,36.6,住,,,1150403,土地1建物1車位0,二層,五層,公寓(5樓含以下無電梯),住家用,鋼筋混凝土造,0750709,128.82,3,2,2,有,無,13000000,100916,,0.0,0,陽台外推；,RPQNMLQKNHLGFAO56DA,93.42,0.0,12.92,無,0104
新竹市,房地(土地+建物),新竹市新竹市民權路３６號５樓之２,11.94,商,,,1150414,土地2建物1車位0,五層,九層,華廈(10層含以下有電梯),住家用,鋼筋混凝土造,0840520,92.91,2,1,1,有,有,8940000,96222,,0.0,0,其他增建；,RPPOMLMLNHLGFAO88DA,71.81,0.0,4.18,有,0105
新竹市,房地(土地+建物),新竹市新竹市東大路二段８１巷３０弄５號,67.0,住,,,1150411,土地1建物1車位0,全,二層,透天厝,住家用,加強磚造,0570515,106.15,5,2,3,有,無,11500000,108337,,0.0,0,1樓空地及3樓4樓增建,RPUNMLRLNHLGFAO17DA,106.15,0.0,0.0,無,
新竹市,房地(土地+建物),新竹市新竹市建功二路２號二樓之１９,9.42,住,,,1150401,土地1建物1車位0,二層,六層,華廈(10層含以下有電梯),住家用,鋼筋混凝土造,0960929,36.019999999999996,1,1,1,有,有,7280000,202110,,0.0,0,雨遮現況變更為陽台使用其他增建；含租約；,RPPPMLTJMHLGFAO76DA,20.53,3.35,0.0,有,0106
新竹市,房地(土地+建物)+車位,新竹市新竹市龍山東路６３號十九樓,21.42,商,,,1150424,土地1建物1車位3,十九層,二十八層,住宅大樓(11層含以上有電梯),住家用,鋼筋混凝土造,1050127,338.78,3,2,2,有,有,45000000,146713,坡道平面,75.0,6300000,各別計價：新竹市光武段1075地號土地價金為新台幣3040萬元整；光武段3999建號建物價金為新台幣830萬元整。,RPOOMLTLMHLGFAO76DA,144.57,4.45,21.7,有,0107
新竹市,房地(土地+建物)+車位,新竹市新竹市成功路９５巷１５號５樓,29.82,住,,,1150414,土地1建物1車位1,五層,六層,華廈(10層含以下有電梯),住家用,鋼筋混凝土造,0840807,105.97,3,2,2,有,有,10980000,103614,坡道機械,0.0,0,其他增建為遮雨棚陽台外推；其他增建；,RPSOMLKLNHLGFAO98DA,72.11,0.0,12.12,有,0108
新竹市,房地(土地+建物),新竹市新竹市光復路一段５３１巷２弄２８號,58.48,住,,,1150426,土地2建物1車位0,全,三層,透天厝,住家用,加強磚造,,104.82,7,2,5,有,無,12800000,122114,,0.0,0,,RPPOMLQLNHLGFAO66DA,104.82,0.0,0.0,無,
新竹市,房地(土地+建物),新竹市新竹市田美三街５０號六樓之１,8.23,住,,,1150421,土地1建物1車位0,六層,八層,華廈(10層含以下有電梯),住家用,鋼筋混凝土造,,85.32000000000001,2,2,1,有,有,8300000,97281,,0.0,0,陽台外推；,RPROMLTKNHLGFAO07DA,55.7,0.0,10.45,有,0109
新竹市,房地(土地+建物)+車位,新竹市新竹市埔頂一路５００號二樓之２,34.38,住,,,1150424,土地2建物1車位1,二層,十五層,住宅大樓(11層含以上有電梯),住家用,鋼筋混凝土造,1141120,194.42000000000002,3,2,2,有,有,35360000,202613,坡道平面,35.2,3100000,有露台,RPXNMLRLNHLGFAO47DA,94.09,0.0,9.42,有,
新竹市,房地(土地+建物)+車位,新竹市新竹市榮濱南路３５８號八樓,16.98,住,,,1150428,土地1建物1車位1,八層,十五層,住宅大樓(11層含以上有電梯),住家用,鋼筋混凝土造,1070523,122.8,2,2,1,有,有,10930000,89007,坡道平面,28.26,0,其他增建；,RPTNMLTLNHLGFAO27DA,56.18,2.22,5.73,有,0110
新竹市,土地,東濱段1161地號,61.38,住,,,1150420,土地4建物0車位0,,,其他,,,,0.0,0,0,0,無,無,10560000,172043,,0.0,0,預售屋、或土地及建物分件登記案件；,RPPNMLLJOHLGFAO58DA,0.0,0.0,0.0,無,
新竹市,建物,新竹市新竹市延平路三段１５８巷２０號,0.0,,,,1150420,土地0建物1車位0,全,四層,透天厝,住家用,鋼筋混凝土造,1120714,188.84,3,2,4,有,有,7040000,37280,,0.0,0,建物坐落地號：東濱段1161地號；,RPQNMLLJOHLGFAO68DA,180.73,0.0,8.11,無,
新竹市,房地(土地+建物)+車位,新竹市新竹市港北一街２１號三樓之２,38.08,住,,,1150427,土地1建物1車位1,三層,十層,華廈(10層含以下有電梯),住家用,鋼筋混凝土造,1141007,151.82999999999998,3,2,2,有,無,15000000,107972,一樓平面,28.65,1700000,管理組織:目前無將來會成立,RPOOMLTLNHLGFAO86DA,77.43,0.0,5.67,有,
新竹市,房地(土地+建物)+車位,新竹市新竹市金城一路７５號七樓之５,63.31,住,,,1150418,土地1建物1車位1,七層,十三層,住宅大樓(11層含以上有電梯),住家用,鋼筋混凝土結構造,1000713,214.29000000000002,4,2,2,有,有,27500000,128331,坡道平面,0.0,0,陽台加窗其他增建；,RPRPMLLLMHLGFAO98DA,113.84,0.0,13.77,有,0111
新竹市,房地(土地+建物)+車位,新竹市新竹市慈濟路２０８號四樓,27.14,住,,,1150413,土地1建物1車位2,四層,二十三層,住宅大樓(11層含以上有電梯),住家用,鋼筋混凝土造,1040114,265.99,4,2,2,有,有,39200000,147374,坡道平面,0.0,0,陽台加窗其他增建；,RPQNMLMJNHLGFAO68DA,124.7,15.38,11.91,有,0112
新竹市,房地(土地+建物),新竹市新竹市東大路二段１８４號８樓之２,30.4,住,,,1150427,土地1建物1車位0,八層,十層,華廈(10層含以下有電梯),住家用,鋼筋混凝土造,0870615,170.68,3,2,2,有,有,12800000,74994,,0.0,0,其他增建；,RPRNMLNJNHLGFAO88DA,89.01,0.0,11.04,有,
新竹市,房地(土地+建物)+車位,新竹市新竹市西大路７６８號六樓之２　,17.34,住,,,1150425,土地1建物1車位1,六層,十層,華廈(10層含以下有電梯),其他,鋼筋混凝土造,0830727,117.08000000000001,3,2,2,有,有,9680000,82679,坡道機械,0.0,0,陽台外推；,RPTNMLNJNHLGFAO09DA,70.84,0.0,9.42,有,0113
新竹市,房地(土地+建物)+車位,新竹市新竹市埔頂一路４６２號十五樓,28.28,住,,,1150421,土地1建物1車位2,十五層,十五層,住宅大樓(11層含以上有電梯),住家用,鋼筋混凝土造,1001001,224.57999999999998,4,2,2,有,有,29700000,132247,坡道平面,0.0,0,其他增建為後陽台加窗其他增建；,RPQOMLTKNHLGFAO96DA,95.67,7.66,10.31,有,
新竹市,土地,大庄段571地號,167.37,工,,,1150417,土地3建物0車位0,,,其他,,,,0.0,0,0,0,無,無,3636000,21724,,0.0,0,,RPXNMLLLNHLGFAO86DA,0.0,0.0,0.0,無,0033
新竹市,房地(土地+建物),新竹市新竹市光華二街７２巷３８－２４號１３樓－４,18.0,住,,,1150412,土地1建物1車位0,十三層,十四層,住宅大樓(11層含以上有電梯),住家用,鋼筋混凝土造,0830423,115.18,3,2,2,有,有,10800000,93766,,0.0,0,前陽台加窗其他增建；,RPWOMLMLNHLGFAO96DA,82.21,0.02,11.39,有,0115
新竹市,土地,北門段1146地號,97.0,住,,,1150410,土地1建物0車位0,,,其他,,,,0.0,0,0,0,無,無,7000000,72165,,0.0,0,親友、員工、共有人或其他特殊關係間之交易；,RPQOMLMJOHLGFAO88DA,0.0,0.0,0.0,無,
新竹市,房地(土地+建物)+車位,新竹市新竹市埔頂三路３８號二十一樓之６,7.16,商,,,1150405,土地1建物1車位1,二十一層,二十九層,住宅大樓(11層含以上有電梯),住家用,鋼筋混凝土造,1120530,117.1,2,2,1,有,有,20000000,170794,坡道平面,28.88,0,,RPROMLRLMHLGFAO86DA,50.23,3.41,4.12,有,0116
新竹市,房地(土地+建物)+車位,新竹市新竹市培英街４３巷１６號５樓,23.66,住,,,1150413,土地1建物1車位1,五層,六層,華廈(10層含以下有電梯),住家用,鋼筋混凝土造,,117.54,3,2,2,有,有,13200000,112302,坡道機械,0.0,0,陽台外推；,RPPQNLQLNHLGFAO96DA,75.02,0.0,10.82,有,
新竹市,房地(土地+建物)+車位,新竹市新竹市中山路６４０巷１９２號十樓之５,24.08,住,,,1150404,土地3建物1車位1,十層,十三層,住宅大樓(11層含以上有電梯),住家用,鋼筋混凝土造,1050930,129.49,2,2,1,有,有,16600000,128195,坡道平面,28.1,0,其他增建；,RPXNMLSLNHLGFAO57DA,59.42,1.75,7.78,有,0117
新竹市,房地(土地+建物),新竹市新竹市大學路２１８號３樓之２,9.2,住,,,1150424,土地1建物1車位0,三層,六層,華廈(10層含以下有電梯),住家用,鋼筋混凝土造,0870623,52.15,1,1,1,有,有,7800000,149569,,0.0,0,其他增建；,RPRNMLKMNHLGFAO88DA,31.35,0.0,3.13,有,0118
新竹市,房地(土地+建物),新竹市新竹市中山路６４０巷５２８弄２７號,80.97,住,,,1150415,土地4建物1車位0,全,四層,透天厝,住家用,鋼筋混凝土造,0951110,249.24,4,2,3,有,有,24300000,97496,,0.0,0,,RPOPMLLJOHLGFAO68DA,222.55,8.94,17.75,無,
新竹市,房地(土地+建物),新竹市新竹市光華南街１８巷１１弄４號,104.0,住,,,1150416,土地1建物1車位0,全,三層,透天厝,住家用,鋼筋混凝土造,,187.83,5,4,3,有,無,23880000,127136,,0.0,0,陽台外推；頂樓加蓋；其他增建；,RPPPMLNJOHLGFAO98DA,187.83,0.0,0.0,無,0119
新竹市,房地(土地+建物),新竹市新竹市中華路六段３５９巷２弄７號,66.52,,山坡地保育區,丙種建築用地,1150430,土地1建物1車位0,全,二層,透天厝,住家用,加強磚造,0730505,117.3,3,2,2,有,無,6000000,51151,,0.0,0,其他增建為：頂樓增建其他增建；,RPSNMLOJOHLGFAO56DA,108.0,6.3,3.0,無,
新竹市,房地(土地+建物),新竹市新竹市北大路５４巷３２號,16.7,都市：其他:第二種住宅區,,,1150413,土地3建物1車位0,全,一層,透天厝,住家用,加強磚造,,7.11,3,2,2,有,無,2600000,365682,,0.0,0,親友、員工、共有人或其他特殊關係間之交易；,RPRNMLNJOHLGFAO09EA,7.11,0.0,0.0,無,
新竹市,房地(土地+建物)+車位,新竹市新竹市經國路二段５３９之１６號七樓,19.43,商,,,1150419,土地2建物1車位1,七層,十三層,住宅大樓(11層含以上有電梯),住家用,鋼筋混凝土造,0951220,139.88,3,2,2,有,有,15600000,111532,坡道平面,0.0,0,陽台外推；,RPUPMLLLMHLGFAO66DA,75.81,2.72,8.83,有,
新竹市,房地(土地+建物),新竹市新竹市光復路一段４７６巷８０號,15.31,住,,,1150425,土地4建物1車位0,一層,十三層,住宅大樓(11層含以上有電梯),住家用,鋼筋混凝土造,0840925,97.85,6,2,3,有,有,13000000,132856,,0.0,0,其他增建部分為後陽台加蓋遮雨棚夾層；其他增建；,RPQNMLSLNHLGFAO86DA,75.31,11.24,0.0,有,
新竹市,土地,竹蓮段1150地號,59.0,住,,,1150302,土地1建物0車位0,,,其他,,,,0.0,0,0,0,無,無,5000000,84746,,0.0,0,未登記建物；,RPRNMLTJLHLGFAO76EA,0.0,0.0,0.0,無,0120
新竹市,土地,港北段839地號,21.48,農,,,1150306,土地2建物0車位0,,,其他,,,,0.0,0,0,0,無,無,974625,45374,,0.0,0,親友、員工、共有人或其他特殊關係間之交易；未登記建物；,RPXNMLLKLHLGFAO56DA,0.0,0.0,0.0,無,0121
新竹市,房地(土地+建物),新竹市新竹市明湖路９７９巷１８號,276.37,都市：其他:甲種風景區,,,1150303,土地2建物1車位0,全,三層,透天厝,住家用,鋼筋混凝土造,0921126,403.39,5,3,4,有,無,39500000,97920,,0.0,0,,RPUOMLMKLHLGFAO09DA,326.16,53.59,23.64,無,
新竹市,土地,中雅段220地號,27.57,住,,,1150302,土地1建物0車位0,,,其他,,,,0.0,0,0,0,無,無,3336575,121022,,0.0,0,親友、員工、共有人或其他特殊關係間之交易；,RPVNMLNJLHLGFAO09DA,0.0,0.0,0.0,無,0009
新竹市,土地,聚吉段28-3地號,1.46,都市：其他:道路用地,,,1150305,土地1建物0車位0,,,其他,,,,0.0,0,0,0,無,無,87000,59589,,0.0,0,包含公共設施保留地用地；,RPPNMLTJLHLGFAO09DA,0.0,0.0,0.0,無,0123
新竹市,土地,竹蓮段2269-3地號,22.0,都市：其他:道路用地,,,1150306,土地5建物0車位0,,,其他,,,,0.0,0,0,0,無,無,856900,38950,,0.0,0,包含公共設施保留地用地；,RPUNMLTJLHLGFAO96DA,0.0,0.0,0.0,無,
新竹市,土地,北門段2468-6地號,142.91,,,,1150305,土地6建物0車位0,,,其他,,,,0.0,0,0,0,無,無,13642428,95462,,0.0,0,包含公共設施保留地用地；,RPRNMLKKLHLGFAO48DA,0.0,0.0,0.0,無,0124
新竹市,土地,中央段943地號,1133.16,都市：其他:道路用地,,,1150305,土地3建物0車位0,,,其他,,,,0.0,0,0,0,無,無,140387185,123890,,0.0,0,包含公共設施保留地用地；,SPRNMLKKLHLGFAO58DA,0.0,0.0,0.0,無,0125
新竹市,土地,民富段977地號,30.48,都市：其他:道路用地,,,1150305,土地1建物0車位0,,,其他,,,,0.0,0,0,0,無,無,3688660,121019,,0.0,0,包含公共設施保留地用地；,TPRNMLKKLHLGFAO68DA,0.0,0.0,0.0,無,
新竹市,房地(土地+建物),新竹市新竹市民權路５６巷１０之１號２樓,37.8,住,,,1150308,土地2建物1車位0,二層,六層,華廈(10層含以下有電梯),住家用,鋼筋混凝土造,0841214,141.51999999999998,4,2,2,有,無,9900000,69955,,0.0,0,,RPWNMLKKLHLGFAO98DA,96.67,0.0,12.16,有,
新竹市,房地(土地+建物)+車位,新竹市新竹市光復路一段２７０號１２樓之３,9.89,住,,,1150308,土地1建物1車位1,十二層,十八層,住宅大樓(11層含以上有電梯),辦公用,鋼筋混凝土造,0860409,100.1,2,2,1,有,有,12500000,124875,坡道機械,0.0,0,部分陽台外移其他增建；,RPWOMLTJLHLGFAO27DA,55.94,0.0,7.22,有,0126
新竹市,房地(土地+建物),新竹市新竹市東大路二段１７３巷７１弄１８號,11.67,住,,,1150312,土地1建物1車位0,全,二層,透天厝,住家用,加強磚造,,17.33,6,2,5,有,無,2100000,121177,,0.0,0,親友、員工、共有人或其他特殊關係間之交易；,RPPNMLRKLHLGFAO98DA,17.33,0.0,0.0,無,
新竹市,土地,舊社段570-1地號,41.0,,特定農業區,農牧用地,1150304,土地1建物0車位0,,,其他,,,,0.0,0,0,0,無,無,986050,24050,,0.0,0,政府機關標讓售；,RPPNMLRKLHLGFAO09EA,0.0,0.0,0.0,無,
新竹市,房地(土地+建物),新竹市新竹市光華北街６１號７樓之２,13.38,住,,,1150303,土地1建物1車位0,七層,七層,華廈(10層含以下有電梯),住家用,鋼筋混凝土造,,73.25999999999999,2,2,1,有,有,6000000,81900,,0.0,0,陽台加窗其他增建；,RPOOMLLKLHLGFAO38DA,55.17,0.0,7.31,有,0127
新竹市,房地(土地+建物),新竹市新竹市光復路二段３５２號４樓,19.71,住,,,1150311,土地1建物1車位0,四層,七層,華廈(10層含以下有電梯),辦公用,鋼筋混凝土造,0850705,111.15,2,2,2,有,有,16000000,143950,,0.0,0,,RPPNMLTKLHLGFAO66EA,72.64,0.0,5.88,有,
新竹市,土地,東明段883-7地號,5.0,住,,,1150305,土地1建物0車位0,,,其他,,,,0.0,0,0,0,無,無,515000,103000,,0.0,0,政府機關標讓售；,RPPPMLSKLHLGFAO66DA,0.0,0.0,0.0,無,
新竹市,土地,東明段883-8地號,29.0,住,,,1150305,土地1建物0車位0,,,其他,,,,0.0,0,0,0,無,無,2987000,103000,,0.0,0,政府機關標讓售；,SPPPMLSKLHLGFAO76DA,0.0,0.0,0.0,無,
新竹市,房地(土地+建物),新竹市新竹市榮濱路４８巷１２弄１４號,37.52,住,,,1150312,土地1建物1車位0,全,二層,透天厝,住家用,加強磚造,0680911,64.66,5,2,3,有,無,2440000,37736,,0.0,0,親友、員工、共有人或其他特殊關係間之交易；頂樓加蓋；,RPVNMLTKLHLGFAO17DA,64.66,0.0,0.0,無,0128
新竹市,土地,中隘段42-2地號,535.48,,山坡地保育區,水利用地,1150310,土地1建物0車位0,,,其他,,,,0.0,0,0,0,無,無,2720238,5080,,0.0,0,政府機關標讓售；,RPQNMLNLLHLGFAO88EA,0.0,0.0,0.0,無,
新竹市,土地,福林段53-2地號,14.0,都市：其他:道路用地,,,1150304,土地2建物0車位0,,,其他,,,,0.0,0,0,0,無,無,1180000,84286,,0.0,0,包含公共設施保留地用地；,RPWVMLQKLHLGFAO77DA,0.0,0.0,0.0,無,0129
新竹市,土地,朝山段177-8地號,37.75,住,,,1150311,土地1建物0車位0,,,其他,,,,0.0,0,0,0,無,無,2915433,77230,,0.0,0,畸零地或有合併使用效益；政府機關標讓售；,RPPNMLPLLHLGFAO98EA,0.0,0.0,0.0,無,
新竹市,房地(土地+建物),新竹市新竹市光華南街２號４樓之１,6.0,住,,,1150309,土地2建物1車位0,四層,四層,公寓(5樓含以下無電梯),住商用,鋼筋混凝土造,0790903,33.76,1,1,1,有,有,1600000,47393,,0.0,0,,RPSOMLMKLHLGFAO88DA,24.59,0.0,0.0,無,
新竹市,土地,湖港段707地號,94.61,,特定農業區,農牧用地,1150319,土地5建物0車位0,,,其他,,,,0.0,0,0,0,無,無,1550000,16383,,0.0,0,親友、員工、共有人或其他特殊關係間之交易；,RPXNMLPLLHLGFAO07DA,0.0,0.0,0.0,無,
新竹市,土地,光華段568地號,144.0,住,,,1150316,土地1建物0車位0,,,其他,,,,0.0,0,0,0,無,無,23960000,166389,,0.0,0,未登記建物；,RPUNMLRKLHLGFAO86DA,0.0,0.0,0.0,無,
新竹市,房地(土地+建物),新竹市新竹市林森路２７５號１６樓之２,2.21,商,,,1150301,土地1建物1車位0,十六層,十七層,住宅大樓(11層含以上有電梯),辦公用,鋼筋混凝土造,0860520,27.62,1,0,1,有,有,3060000,110789,,0.0,0,,RPQNMLNLLHLGFAO78DA,19.98,0.39,0.06,有,
新竹市,房地(土地+建物),新竹市新竹市明湖路２１３巷３弄１０號,71.0,住,,,1150315,土地1建物1車位0,全,二層,透天厝,住家用,加強磚造,0630703,108.48,5,2,2,有,無,7500000,69137,,0.0,0,,RPPNMLKLLHLGFAO38DA,108.48,0.0,0.0,無,
新竹市,房地(土地+建物)+車位,新竹市新竹市民生路２７６號１２樓,38.77,商,,,1150314,土地2建物1車位2,十二層,十二層,住宅大樓(11層含以上有電梯),辦公用,鋼筋混凝土造,0890429,371.1,0,0,0,無,有,13000000,35031,升降機械,0.0,0,,RPWOMLRLLHLGFAO27DA,204.81,0.0,22.09,有,
新竹市,房地(土地+建物)+車位,新竹市新竹市民生路２７６號１１樓,38.77,商,,,1150314,土地2建物1車位2,十一層,十二層,住宅大樓(11層含以上有電梯),辦公用,鋼筋混凝土造,0890429,366.15999999999997,0,0,0,無,有,13000000,35504,升降機械,0.0,0,,RPQNMLKMLHLGFAO58DA,204.81,0.0,22.09,有,
新竹市,房地(土地+建物)+車位,新竹市新竹市武陵路１５９號５樓之３,14.58,住,,,1150311,土地1建物1車位1,五層,十五層,住宅大樓(11層含以上有電梯),住家用,鋼筋混凝土造,0850131,151.34,4,2,2,有,有,10000000,66076,坡道機械,26.31,0,陽台外推；,RPVOMLRLLHLGFAO17DA,91.51,3.33,13.48,有,
新竹市,土地,康朗段32-1地號,0.51,都市：其他:道路用地,,,1150310,土地1建物0車位0,,,其他,,,,0.0,0,0,0,無,無,40000,0,,0.0,0,,RPXNMLKMLHLGFAO66DA,0.0,0.0,0.0,無,
新竹市,車位,新竹市新竹市鐵道路二段３５１號二樓之１等,0.0,,,,1150311,土地0建物1車位1,,,其他,,,,32.63,0,0,0,無,有,2000000,,坡道平面,32.63,2000000,建物坐落地號：武陵段1202地號；僅車位交易；,RPWPMLQJLHLGFAO07DA,0.0,0.0,0.0,有,0130
新竹市,車位,新竹市新竹市中央路３５５巷２０號,1.49,商,,,1150313,土地1建物1車位1,一層,十三層,其他,管理室,鋼筋混凝土造,0920110,18.1,0,0,0,無,無,1550000,,坡道平面,18.85,1550000,僅車位交易；,RPWNMLKMLHLGFAO56DA,0.0,0.0,0.0,無,0131
新竹市,車位,新竹市新竹市中央路３５５巷２０號,1.28,商,,,1150313,土地1建物1車位1,一層,十三層,其他,管理室,鋼筋混凝土造,0920110,17.84,0,0,0,無,無,1450000,,坡道平面,16.67,1450000,僅車位交易；,RPOOMLKMLHLGFAO48DA,0.0,0.0,0.0,無,0131
新竹市,房地(土地+建物),新竹市新竹市高翠路３２７巷６弄４６號,166.0,住,,,1150316,土地2建物1車位0,全,四層,透天厝,住商用,鋼筋混凝土造,1000711,414.93,46,0,46,有,無,68000000,163883,,0.0,0,,RPQNMLLJMHLGFAO58EA,384.39,0.0,30.54,有,0133
新竹市,房地(土地+建物),新竹市新竹市北門街１０２之３號１樓,23.87,商,,,1150314,土地1建物1車位0,一層,七層,華廈(10層含以下有電梯),商業用,鋼筋混凝土造,0740909,99.83,2,1,1,有,有,13800000,138235,,0.0,0,其他增建:後陽台加雨遮其他增建；,RPSOMLKMLHLGFAO88DA,99.83,0.0,0.0,有,
新竹市,房地(土地+建物),新竹市新竹市民生路２１８號,14.46,商,,,1150310,土地1建物1車位0,全,五層,透天厝,商業用,鋼筋混凝土造,0691222,62.97,0,0,0,無,無,4850000,77021,,0.0,0,親友、員工、共有人或其他特殊關係間之交易；,RPXNMLLJMHLGFAO56DA,62.97,0.0,0.0,無,0134
新竹市,房地(土地+建物)+車位,新竹市新竹市慈濟路２１３號十六樓之８,19.61,都市：其他:商務專用區,,,1150304,土地1建物1車位1,十六層,二十一層,住宅大樓(11層含以上有電梯),住家用,鋼筋混凝土造,1090512,176.54,3,2,2,有,有,27350000,154922,坡道平面,0.0,0,其他增建；,RPRNMLLJMHLGFAO68EA,78.32,6.02,4.26,有,0135
新竹市,房地(土地+建物)+車位,新竹市新竹市中華路六段４５９巷１弄１號,175.14,,山坡地保育區,丙種建築用地,1150306,土地1建物1車位1,全,二層,透天厝,住家用,加強磚造,,106.31,7,3,4,有,無,16500000,155206,一樓平面,0.0,0,,RPTNMLQLLHLGFAO76DA,99.19,3.56,3.56,無,
新竹市,房地(土地+建物),新竹市新竹市美之城９巷８號,53.05,,山坡地保育區,丙種建築用地,1150322,土地2建物1車位0,全,二層,透天厝,住家用,加強磚造,0680314,22.13,4,2,3,有,無,2000000,90375,,0.0,0,親友、員工、共有人或其他特殊關係間之交易；其他增建；,RPPPMLLJMHLGFAO58DA,22.13,0.0,0.0,無,0136
新竹市,土地,美城段468地號,3.31,,山坡地保育區,農牧用地,1150330,土地1建物0車位0,,,其他,,,,0.0,0,0,0,無,無,17300,5227,,0.0,0,買方佔用情形。親友、員工、共有人或其他特殊關係間之交易；,RPUNMLMJMHLGFAO98DA,0.0,0.0,0.0,無,0137
新竹市,土地,仙水段793地號,60.16,,,,1150319,土地1建物0車位0,,,其他,,,,0.0,0,0,0,無,無,1500000,24934,,0.0,0,親友、員工、共有人或其他特殊關係間之交易；包含公共設施保留地用地；,RPPNMLPJMHLGFAO78DA,0.0,0.0,0.0,無,0138
新竹市,土地,長興段731地號,7.36,都市：其他:道路用地,,,1150325,土地1建物0車位0,,,其他,,,,0.0,0,0,0,無,無,461961,62766,,0.0,0,協議價購；,RPSNMLRJMHLGFAO66DA,0.0,0.0,0.0,無,0139
新竹市,土地,長興段840地號,1.8,都市：其他:道路用地,,,1150325,土地1建物0車位0,,,其他,,,,0.0,0,0,0,無,無,112830,62683,,0.0,0,協議價購；,RPUNMLRJMHLGFAO86DA,0.0,0.0,0.0,無,0140
新竹市,土地,鹽水段648地號,2.29,都市：其他:道路用地,,,1150325,土地1建物0車位0,,,其他,,,,0.0,0,0,0,無,無,131880,57590,,0.0,0,協議價購；,RPXNMLRJMHLGFAO17DA,0.0,0.0,0.0,無,0141
新竹市,土地,鹽水段676地號,16.76,都市：其他:道路用地,,,1150325,土地1建物0車位0,,,其他,,,,0.0,0,0,0,無,無,965208,57590,,0.0,0,協議價購；,RPOOMLRJMHLGFAO98DA,0.0,0.0,0.0,無,0142
新竹市,房地(土地+建物)+車位,新竹市新竹市經國路三段９２巷１０號九樓,12.91,住,,,1150308,土地1建物1車位1,九層,十五層,住宅大樓(11層含以上有電梯),住家用,鋼筋混凝土造,1020410,110.72,2,2,1,有,有,13330000,120394,坡道平面,27.57,0,,RPUPMLNLLHLGFAO76DA,51.65,0.0,6.11,有,0143
新竹市,土地,新興段1532地號,24.0,住,,,1150331,土地1建物0車位0,,,其他,,,,0.0,0,0,0,無,無,1437500,59896,,0.0,0,部分供現有道路使用中,RPWOMLLMLHLGFAO76DA,0.0,0.0,0.0,無,
新竹市,土地,新興段1534地號,43.0,住,,,1150331,土地1建物0車位0,,,其他,,,,0.0,0,0,0,無,無,2797500,65058,,0.0,0,部分已供現有道路使用,RPOPMLLMLHLGFAO68DA,0.0,0.0,0.0,無,
新竹市,房地(土地+建物),新竹市新竹市高峰路４３２巷１５號,107.06,住,,,1150307,土地1建物1車位0,全,一層,透天厝,住家用,加強磚造,0680430,71.0,4,2,3,有,無,7800000,109859,,0.0,0,其他增建；,RPUNMLSJMHLGFAO96DA,71.0,0.0,0.0,無,
新竹市,房地(土地+建物),新竹市新竹市西大路７３６巷１９弄４３號,78.0,住,,,1150312,土地1建物1車位0,全,二層,透天厝,住家用,加強磚造,0630511,95.7,5,2,4,有,無,14200000,148380,,0.0,0,頂樓、二樓部分其他增建；,RPTOMLNLLHLGFAO56DA,95.7,0.0,0.0,無,
新竹市,房地(土地+建物),新竹市新竹市南大路３５９巷１１號５樓,17.4,商,,,1150308,土地1建物1車位0,五層,五層,公寓(5樓含以下無電梯),住家用,鋼筋混凝土造,0730912,88.38,3,2,1,有,無,5700000,64494,,0.0,0,其他增建為頂樓其他增建；,RPXOMLRLLHLGFAO37DA,74.1,0.36,6.15,無,0144
新竹市,土地,新興段2地號,63.66,都市：其他:道路用地,,,1150331,土地17建物0車位0,,,其他,,,,0.0,0,0,0,無,無,4826180,75812,,0.0,0,包含公共設施保留地用地；,RPXOMLLMLHLGFAO86DA,0.0,0.0,0.0,無,
新竹市,土地,成德段150-6地號,5.3,都市：其他:道路用地,,,1150327,土地2建物0車位0,,,其他,,,,0.0,0,0,0,無,無,200000,37736,,0.0,0,包含公共設施保留地用地；,RPRNMLSJMHLGFAO66DA,0.0,0.0,0.0,無,0145
新竹市,房地(土地+建物)+車位,新竹市新竹市金雅路１６２號六樓之５,38.98,,鄉村區,乙種建築用地,1150321,土地1建物1車位1,六層,十七層,住宅大樓(11層含以上有電梯),住家用,鋼筋混凝土造,1140702,181.85,4,2,2,有,有,28000000,173922,坡道平面,32.07,1950000,,RPQOMLSJMHLGFAO66DA,90.95,0.0,8.26,有,0146
新竹市,土地,鹽水段916地號,40.42,住,,,1150301,土地1建物0車位0,,,其他,,,,0.0,0,0,0,無,無,1200000,29688,,0.0,0,親友、員工、共有人或其他特殊關係間之交易；,RPQNMLTJMHLGFAO76EA,0.0,0.0,0.0,無,
新竹市,房地(土地+建物),新竹市新竹市光復路一段３６７巷５０弄８號４樓,36.63,住,,,1150306,土地1建物1車位0,四層,五層,華廈(10層含以下有電梯),住家用,鋼筋混凝土造,0830228,109.74000000000001,3,2,2,有,有,13500000,123018,,0.0,0,採光罩其他增建；,RPVOMLTJMHLGFAO27DA,77.36,0.0,8.68,有,0147
新竹市,房地(土地+建物),新竹市新竹市經國路一段３７９巷１０弄１７號６樓之５,4.31,商,,,1150311,土地1建物1車位0,六層,七層,華廈(10層含以下有電梯),住家用,鋼筋混凝土造,0820602,32.93,1,1,1,有,有,4200000,127543,,0.0,0,親友、員工、共有人或其他特殊關係間之交易；含租約；,RPPNMLKKMHLGFAO38DA,24.53,0.0,0.0,有,0148
新竹市,土地,風空段28地號,7.82,都市：其他:保護區,,,1150331,土地1建物0車位0,,,其他,,,,0.0,0,0,0,無,無,19630,2510,,0.0,0,,RPRNMLKKMHLGFAO58DA,0.0,0.0,0.0,無,0149
新竹市,房地(土地+建物)+車位,新竹市新竹市文昌街１１８號七樓之１,17.53,商,,,1150304,土地1建物1車位1,七層,十五層,住宅大樓(11層含以上有電梯),住家用,鋼筋混凝土造,1150113,168.73,4,2,2,有,有,29780000,185946,坡道平面,20.3,2180000,,RPTNMLQKLHLGFAO66DA,85.91,0.0,12.19,有,
新竹市,土地,風空段28地號,6.92,都市：其他:保護區,,,1150331,土地1建物0車位0,,,其他,,,,0.0,0,0,0,無,無,17368,2510,,0.0,0,,RPSNMLKKMHLGFAO68DA,0.0,0.0,0.0,無,0149
新竹市,房地(土地+建物)+車位,新竹市新竹市綠水路５３號５樓,22.09,住,,,1150306,土地1建物1車位1,五層,八層,華廈(10層含以下有電梯),住家用,鋼筋混凝土造,0860204,133.51,4,2,2,有,有,15000000,112351,坡道機械,0.0,0,陽台加窗其他增建；,RPUVMLQKLHLGFAO57DA,92.24,0.0,7.74,有,
新竹市,房地(土地+建物),新竹市新竹市高峰路３８６巷８６弄１號,104.12,住,,,1150301,土地1建物1車位0,全,一層,透天厝,住家用,加強磚造,0680105,63.1,3,2,1,有,無,9960000,157845,,0.0,0,部分空地加蓋其他增建；,RPUNMLOLLHLGFAO66DA,63.1,0.0,0.0,無,
新竹市,房地(土地+建物),新竹市新竹市中清路１８巷７９弄２號二樓,33.51,住,,,1150303,土地1建物1車位0,二層,五層,華廈(10層含以下有電梯),住家用,鋼筋混凝土造,1140811,100.42,3,2,2,有,有,12200000,121490,,0.0,0,,RPQNMLLJMHLGFAO48DA,53.56,0.0,5.75,有,
新竹市,房地(土地+建物),新竹市新竹市武陵路２３８之１１號,155.36,住,,,1150315,土地2建物1車位0,全,四層,透天厝,住家用,鋼筋混凝土造,0890430,326.77,6,3,4,有,有,27000000,82627,,0.0,0,部分空地加蓋陽台外推；其他增建；,RPQOMLTJMHLGFAO76DA,255.23,9.09,26.21,無,
新竹市,土地,千甲段494地號,1106.06,農,,,1150314,土地3建物0車位0,,,其他,,,,0.0,0,0,0,無,無,54880000,49618,,0.0,0,,RPTNMLKKMHLGFAO78DA,0.0,0.0,0.0,無,0151
新竹市,房地(土地+建物),新竹市新竹市明湖路７５１號地下四層之２５,14.1,都市：其他:甲之三種風景區,,,1150310,土地1建物1車位0,地下四層,四層,華廈(10層含以下有電梯),住家用,鋼筋混凝土造,0940220,50.46000000000001,1,1,1,有,有,3800000,75307,,0.0,0,,RPROMLNLLHLGFAO98DA,32.59,0.0,0.0,有,0152
新竹市,房地(土地+建物)+車位,新竹市新竹市竹光路３５１號１０樓之１０,10.23,住,,,1150312,土地1建物1車位1,十層,二十層,住宅大樓(11層含以上有電梯),住家用,鋼筋混凝土造,0840728,143.28,3,2,1,有,有,11680000,81519,坡道平面,0.0,0,鐵鋁窗其他增建；,RPOOMLRLLHLGFAO09DA,68.89,12.92,10.64,有,
新竹市,房地(土地+建物),新竹市新竹市光復路一段４１巷９號四樓之１０,8.65,住,,,1150328,土地1建物1車位0,四層,七層,華廈(10層含以下有電梯),辦公用,鋼筋混凝土造,0960501,35.63,1,1,1,有,有,5700000,159978,,0.0,0,陽台外移夾層；其他增建；,RPRNMLTLLHLGFAO86DA,16.69,3.03,2.95,有,
新竹市,土地,水源段560地號,137.86,,特定農業區,農牧用地,1150307,土地1建物0車位0,,,其他,,,,0.0,0,0,0,無,無,6260000,45408,,0.0,0,,RPVOMLKMLHLGFAO56DA,0.0,0.0,0.0,無,0153
新竹市,土地,東濱段1120-1地號,127.27,住,,,1150313,土地1建物0車位0,,,其他,,,,0.0,0,0,0,無,無,12700000,99788,,0.0,0,,RPOOMLQLLHLGFAO98DA,0.0,0.0,0.0,無,0154
新竹市,房地(土地+建物),新竹市新竹市光華街５２巷９號三樓,31.42,住,,,1150301,土地1建物1車位0,三層,三層,公寓(5樓含以下無電梯),住家用,鋼筋混凝土造,0670612,75.0,0,0,0,無,無,6500000,86667,,0.0,0,,RPVOMLQLLHLGFAO07DA,75.0,0.0,0.0,無,0155
新竹市,房地(土地+建物),新竹市新竹市湳中街８７巷１４弄４３號２樓,32.41,住,,,1150318,土地1建物1車位0,二層,四層,公寓(5樓含以下無電梯),住家用,鋼筋混凝土造,0690403,79.2,3,2,1,有,無,5000000,63131,,0.0,0,,RPPNMLRJMHLGFAO98DA,79.2,0.0,0.0,無,
新竹市,房地(土地+建物),新竹市新竹市振興一街１４５號二樓之３,20.12,住,,,1150316,土地1建物1車位0,二層,五層,華廈(10層含以下有電梯),住家用,鋼筋混凝土造,0820715,80.42,2,1,1,有,有,4750000,59065,,0.0,0,,RPSOMLKKMHLGFAO78DA,58.63,1.5,8.53,有,
新竹市,土地,三姓段109-4地號,99.5,都市：其他:河川區,,,1150303,土地3建物0車位0,,,其他,,,,0.0,0,0,0,無,無,1350000,13568,,0.0,0,,RPUOMLKKMHLGFAO98DA,0.0,0.0,0.0,無,
新竹市,房地(土地+建物),新竹市新竹市榮濱路４０號九樓之６,12.7,商,,,1150309,土地1建物1車位0,九層,十四層,住宅大樓(11層含以上有電梯),住家用,鋼筋混凝土造,1090609,70.00999999999999,2,2,1,有,有,7380000,105414,,0.0,0,,RPROMLNKMHLGFAO98DA,45.42,2.35,3.24,有,0156
新竹市,房地(土地+建物)+車位,新竹市新竹市經國路二段２１２號七樓之６,15.68,商,,,1150321,土地1建物1車位1,七層,十一層,住宅大樓(11層含以上有電梯),住家用,鋼筋混凝土造,1040709,145.21,4,0,4,有,有,13400000,92280,坡道機械,12.68,0,,RPVNMLOKMHLGFAO76DA,71.76,0.0,10.17,有,0157
新竹市,房地(土地+建物)+車位,新竹市新竹市聖軍路１３２號五樓之５,18.2,商,,,1150314,土地1建物1車位1,五層,十四層,住宅大樓(11層含以上有電梯),住家用,鋼筋混凝土造,1040927,142.18,3,2,2,有,有,11700000,82290,坡道平面,27.29,0,其他增建為鐵鋁窗陽台外推；其他增建；,RPTNMLPKMHLGFAO66DA,66.16,7.53,7.47,有,0158
新竹市,土地,大庄段493地號,13.1,農,,,1150319,土地1建物0車位0,,,其他,,,,0.0,0,0,0,無,無,269416,20566,,0.0,0,,RPSNMLLJMHLGFAO78EA,0.0,0.0,0.0,無,0159
新竹市,房地(土地+建物),新竹市新竹市南大路８７６號,90.48,住,,,1150331,土地2建物1車位0,全,二層,透天厝,住家用,加強磚造,,144.54,5,1,5,有,無,6889826,47667,,0.0,0,親友、員工、共有人或其他特殊關係間之交易；其他增建；,RPQNMLPKMHLGFAO09EA,144.54,0.0,0.0,無,
新竹市,土地,中興段54-8地號,11.0,工,,,1150316,土地1建物0車位0,,,其他,,,,0.0,0,0,0,無,無,1660000,150909,,0.0,0,親友、員工、共有人或其他特殊關係間之交易；畸零地或有合併使用效益；,RPSOMLRKMHLGFAO86DA,0.0,0.0,0.0,無,
新竹市,房地(土地+建物)+車位,新竹市新竹市關東路１５１號五樓之５,29.89,住,,,1150317,土地1建物1車位1,五層,十八層,住宅大樓(11層含以上有電梯),住家用,鋼筋混凝土造,1020102,250.0,3,2,2,有,有,38500000,154000,坡道平面,33.44,0,,RPSNMLRKMHLGFAO86EA,125.55,13.11,10.37,有,0160
新竹市,房地(土地+建物),新竹市新竹市明湖路１００８巷１８弄４１號,175.73,,鄉村區,乙種建築用地,1150329,土地1建物1車位0,全,三層,透天厝,住家用,鋼筋混凝土造,1001006,252.26,5,2,4,有,無,19000000,75319,,0.0,0,,RPQOMLMJMHLGFAO68DA,225.99,1.41,24.86,無,0161
新竹市,房地(土地+建物)+車位,新竹市新竹市振興路５７號,22.56,住,,,1150306,土地1建物1車位1,一層,七層,華廈(10層含以下有電梯),住商用,鋼筋混凝土造,0830131,107.88000000000001,3,2,2,有,有,9800000,90842,坡道機械,0.0,0,其他增建為後陽台其他增建；,RPVNMLKLMHLGFAO09DA,76.16,4.35,0.0,有,
新竹市,房地(土地+建物),新竹市新竹市中福路２９巷８弄４１號,62.6,住,,,1150304,土地2建物1車位0,全,四層,透天厝,其他,鋼筋混凝土造,0840823,181.41,4,3,3,有,無,9800000,54021,,0.0,0,親友、員工、共有人或其他特殊關係間之交易；,RPOOMLNLLHLGFAO68DA,137.28,24.23,19.9,無,0162
新竹市,房地(土地+建物),新竹市新竹市光華北街６５號４樓之３,5.39,住,,,1150308,土地1建物1車位0,四層,七層,華廈(10層含以下有電梯),住家用,鋼筋混凝土造,0810107,21.1,1,0,1,有,有,2350000,111374,,0.0,0,其他增建:窗戶有加鐵窗其他增建；,RPROMLKMLHLGFAO78DA,13.39,0.0,0.0,有,0163
新竹市,房地(土地+建物),新竹市新竹市至善街３７巷３０號三樓,13.83,,山坡地保育區,丙種建築用地,1150312,土地2建物1車位0,三層,五層,華廈(10層含以下有電梯),住家用,鋼筋混凝土造,0860707,29.33,1,1,1,有,有,1680000,57279,,0.0,0,其他增建；,RPQOMLLJMHLGFAO58DA,18.01,0.0,3.4,有,0164
新竹市,房地(土地+建物)+車位,新竹市新竹市光復路一段８９巷１３５號６樓之１,8.32,住,,,1150328,土地3建物1車位2,六層,十四層,住宅大樓(11層含以上有電梯),住家用,鋼筋混凝土造,0880121,144.56,1,1,1,有,有,11300000,78168,坡道平面,0.0,3000000,陽台外推；,RPWOMLNKMHLGFAO86DA,39.29,0.0,6.55,有,0165
新竹市,土地,光復段643-6地號,45.0,商,,,1150323,土地1建物0車位0,,,其他,,,,0.0,0,0,0,無,無,8100000,180000,,0.0,0,本案係二親等間之買賣現況有一棟未保存登記建物一層樓親友、員工、共有人或其他特殊關係間之交易；未登記建物；,RPPNMLKLMHLGFAO48DA,0.0,0.0,0.0,無,
新竹市,房地(土地+建物),新竹市新竹市經國路二段４７４巷２號三樓之１,22.5,都市：其他:第二種住宅區,,,1150306,土地2建物1車位0,三層,五層,華廈(10層含以下有電梯),住家用,鋼筋混凝土造,1101201,68.36,2,2,2,有,有,8450000,123610,,0.0,0,包含公共設施保留地用地；,RPXNMLOLLHLGFAO96DA,46.44,0.0,4.48,有,0166
新竹市,房地(土地+建物)+車位,新竹市新竹市光復路一段３０巷１３號４Ｆ,27.58,住,,,1150324,土地1建物1車位1,四層,六層,華廈(10層含以下有電梯),住家用,鋼筋混凝土造,0830621,136.5,3,2,2,有,有,8930000,65421,坡道機械,0.0,0,其他增建包含鐵鋁窗增建前後陽台。其他增建；,RPUNMLPLLHLGFAO76DA,89.06,0.0,13.43,有,0167
新竹市,房地(土地+建物),新竹市新竹市食品路２７號３樓之７,7.53,住,,,1150326,土地2建物1車位0,三層,九層,華廈(10層含以下有電梯),商業用,鋼筋混凝土造,0870108,49.66,1,0,1,有,有,5520000,111156,,0.0,0,陽台外推；,RPRPMLLJMHLGFAO78DA,28.54,0.0,5.04,有,
新竹市,房地(土地+建物)+車位,新竹市新竹市湳中街８７巷１４弄２７號４樓,23.66,住,,,1150314,土地1建物1車位1,四層,六層,華廈(10層含以下有電梯),住家用,鋼筋混凝土造,0870925,122.34,3,2,2,有,無,8500000,69479,升降機械,0.0,0,,RPRNMLPKMHLGFAO09DA,74.98,0.0,7.27,有,0168
新竹市,房地(土地+建物),新竹市新竹市明湖路９２０巷１之９號,210.44,都市：其他:甲種風景區,,,1150309,土地2建物1車位0,全,三層,透天厝,住家用,鋼筋混凝土造,0950221,140.85,3,2,2,有,無,16000000,113596,,0.0,0,其他增建；,RPTNMLMLMHLGFAO09DA,117.18,0.0,23.67,無,
新竹市,土地,竹蓮段2275地號,4.6,都市：其他:道路用地,,,1150316,土地1建物0車位0,,,其他,,,,0.0,0,0,0,無,無,250000,54348,,0.0,0,包含公共設施保留地用地；,RPUSMLKLLHLGFAO76DA,0.0,0.0,0.0,無,0169
新竹市,房地(土地+建物),新竹市新竹市振興路１０９巷１２弄２３號,28.95,住,,,1150325,土地1建物1車位0,一層,五層,華廈(10層含以下有電梯),住家用,鋼筋混凝土造,0801207,99.18,3,2,2,有,有,8200000,82686,,0.0,0,其他增建:平台外推、法空加蓋其他增建；,RPOOMLLLMHLGFAO58DA,80.31,8.25,0.0,有,0170
新竹市,房地(土地+建物),新竹市新竹市八德路１９巷２０號,116.0,都市：其他:住商混合區,,,1150329,土地1建物1車位0,全,四層,透天厝,住工用,鋼筋混凝土造,0840515,320.83,9,0,4,有,無,32000000,99741,,0.0,0,陽台外推；其他增建；,RPQNMLMLMHLGFAO78DA,284.75,13.19,22.89,無,
新竹市,土地,大湖段703地號,83.55,,一般農業區,丙種建築用地,1150329,土地1建物0車位0,,,其他,,,,0.0,0,0,0,無,無,3900000,46679,,0.0,0,未登記建物；,RPUNMLMLMHLGFAO56DA,0.0,0.0,0.0,無,
新竹市,房地(土地+建物)+車位,新竹市新竹市天府路一段５２１號九樓,11.23,住,,,1150314,土地1建物1車位1,九層,十四層,住宅大樓(11層含以上有電梯),住家用,鋼筋混凝土造,0970520,133.59,3,2,2,有,有,10330000,77326,坡道平面,25.95,0,陽台外推；,RPSNMLQKMHLGFAO66DA,70.26,0.0,7.13,有,0171
新竹市,房地(土地+建物),新竹市新竹市至街３１巷２５號二樓,14.7,,山坡地保育區,丙種建築用地,1150330,土地2建物1車位0,二層,十層,華廈(10層含以下有電梯),住家用,鋼筋混凝土造,0870513,31.79,1,0,1,有,有,1400000,44039,,0.0,0,,RPTPMLRKMHLGFAO07DA,17.0,0.0,3.4,有,0172
新竹市,房地(土地+建物)+車位,新竹市新竹市東明街２１１號十樓之６,9.33,都市：其他:住商混合區,,,1150325,土地1建物1車位1,十層,十一層,住宅大樓(11層含以上有電梯),住家用,鋼筋混凝土造,1031020,70.50999999999999,1,1,1,有,無,8280000,117430,坡道平面,19.48,0,,RPSRMLMLMHLGFAO76DA,19.58,3.17,0.0,有,0173
新竹市,房地(土地+建物),新竹市新竹市明湖路６０８巷８弄７號,177.99,,山坡地保育區,丙種建築用地,1150325,土地1建物1車位0,全,二層,透天厝,其他,加強磚造,0740605,131.65,5,1,3,有,無,12000000,91151,,0.0,0,,RPPNMLNLMHLGFAO78DA,104.22,23.38,4.05,無,
新竹市,土地,南門段二小段69-1地號,16.0,都市：其他:道路用地,,,1150325,土地2建物0車位0,,,其他,,,,0.0,0,0,0,無,無,4320000,270000,,0.0,0,包含公共設施保留地用地；,RPWOMLLJMHLGFAO56DA,0.0,0.0,0.0,無,0174
新竹市,房地(土地+建物),新竹市新竹市光華南街４９號６樓,25.47,住,,,1150303,土地1建物1車位0,六層,七層,華廈(10層含以下有電梯),住家用,鋼筋混凝土造,0690429,99.71,4,2,2,有,有,7450000,74717,,0.0,0,其他增建:公設、陽台皆為未保存登記建物其他增建；,RPQPMLTJMHLGFAO86DA,99.71,0.0,0.0,有,
新竹市,房地(土地+建物),新竹市新竹市武陵路２４８號,17.52,住,,,1150318,土地1建物1車位0,全,五層,透天厝,住商用,鋼筋混凝土造,0951110,77.11,9,2,9,有,無,11600000,150434,,0.0,0,,RPVOMLRKMHLGFAO17DA,52.23,6.22,18.65,無,
新竹市,房地(土地+建物),新竹市新竹市埔頂二路１６６號六樓,22.48,住,,,1150302,土地1建物1車位0,六層,六層,華廈(10層含以下有電梯),住家用,鋼筋混凝土造,1110119,80.95,5,5,5,有,有,18140000,224089,,0.0,0,其他增建: 頂樓、天井、懸空增建。其他增建；,RPQOMLNLMHLGFAO98DA,37.22,0.0,6.62,有,0175
新竹市,車位,新竹市新竹市關新路６５號等,0.0,,,,1150330,土地0建物1車位1,,,其他,,,,32.22,0,0,0,無,有,1820000,,坡道平面,32.22,1820000,建物坐落地號：長春段1640地號；僅車位交易；,RPVOMLNLMHLGFAO86DA,0.0,0.0,0.0,有,0176
新竹市,房地(土地+建物),新竹市新竹市大庄路１７５號,62.9,住,,,1150308,土地1建物1車位0,全,四層,透天厝,住家用,鋼筋混凝土造,0920115,144.7,9,2,9,有,無,14000000,96752,,0.0,0,鐵皮屋頂增建、一樓增建沿著加蓋、遮雨棚、空地增建鋼骨部分。頂樓加蓋；其他增建；,RPSNMLRLMHLGFAO86DA,129.66,15.04,0.0,無,
新竹市,房地(土地+建物)+車位,新竹市新竹市金雅路１６２號十七樓之６,38.98,,鄉村區,乙種建築用地,1150302,土地1建物1車位2,十七層,十七層,住宅大樓(11層含以上有電梯),住家用,鋼筋混凝土造,1140702,213.33999999999997,4,2,2,有,有,33080000,193471,坡道平面,63.55,4100000,,RPSOMLTJLHLGFAO86DA,90.95,0.0,8.26,有,
新竹市,土地,仙水段746地號,353.74,,,,1150324,土地7建物0車位0,,,其他,,,,0.0,0,0,0,無,無,17171210,48542,,0.0,0,包含公共設施保留地用地；,RPRNMLLJMHLGFAO58DA,0.0,0.0,0.0,無,0177
新竹市,土地,自由段906-67地號,17.66,住,,,1150324,土地2建物0車位0,,,其他,,,,0.0,0,0,0,無,無,961714,54457,,0.0,0,包含公共設施保留地用地；,RPSNMLLJMHLGFAO68DA,0.0,0.0,0.0,無,0178
新竹市,土地,唐高段232-7地號,58.34,都市：其他:道路用地,,,1150324,土地1建物0車位0,,,其他,,,,0.0,0,0,0,無,無,2205382,37802,,0.0,0,,RPPOMLLJMHLGFAO48DA,0.0,0.0,0.0,無,
新竹市,房地(土地+建物),新竹市新竹市湳雅街２４３之１號,42.34,住,,,1150311,土地3建物1車位0,一層，二層,五層,華廈(10層含以下有電梯),住商用,鋼筋混凝土造,0851224,143.53,2,1,2,有,有,13700000,95450,,0.0,0,其他增建；,RPTNMLQKMHLGFAO76DA,114.08,2.25,8.62,有,0179
新竹市,土地,西門段二小段64-1地號,13.0,都市：其他:道路用地,,,1150309,土地1建物0車位0,,,其他,,,,0.0,0,0,0,無,無,2717000,209000,,0.0,0,包含公共設施保留地用地；,RPSNMLTJLHLGFAO76DA,0.0,0.0,0.0,無,0007
新竹市,土地,南門段三小段151地號,66.0,都市：其他:道路用地,,,1150316,土地1建物0車位0,,,其他,,,,0.0,0,0,0,無,無,16061100,243350,,0.0,0,包含公共設施保留地用地；,RPXSMLQKLHLGFAO57DA,0.0,0.0,0.0,無,0181
新竹市,房地(土地+建物)+車位,新竹市新竹市科學園路１０７巷１６號７樓之２,13.75,住,,,1150309,土地1建物1車位1,七層,十五層,住宅大樓(11層含以上有電梯),住家用,鋼筋混凝土造,0891016,131.57,3,2,2,有,有,17300000,131489,坡道機械,13.2,0,,RPRPMLRKMHLGFAO86DA,80.18,0.0,10.39,有,
新竹市,房地(土地+建物)+車位,新竹市新竹市高翠路６７號五樓之５,17.26,住,,,1150310,土地1建物1車位1,五層,六層,華廈(10層含以下有電梯),辦公用,鋼筋混凝土造,0960331,72.12,2,2,1,有,有,10270000,142402,坡道平面,0.0,1200000,夾層；,RPVOMLRLMHLGFAO27DA,26.0,0.0,0.0,有,
新竹市,房地(土地+建物)+車位,新竹市新竹市金雅八街９２號二樓之３,29.08,,鄉村區,乙種建築用地,1150307,土地1建物1車位1,二層,十二層,住宅大樓(11層含以上有電梯),住家用,鋼筋混凝土造,1130205,145.66,3,2,2,有,有,17350000,136677,坡道平面,32.62,1900000,,RPQOMLKKLHLGFAO48DA,67.89,0.0,7.31,有,0182
新竹市,房地(土地+建物),新竹市新竹市振興路１０２巷２號三樓,15.07,住,,,1150322,土地1建物1車位0,三層,七層,華廈(10層含以下有電梯),住家用,鋼筋混凝土造,0821230,78.59,2,2,2,有,有,5800000,73801,,0.0,0,陽台外推；,RPROMLLMLHLGFAO88DA,53.54,0.0,5.62,有,
新竹市,房地(土地+建物)+車位,新竹市新竹市南大路６３５號二樓之２,28.24,住,,,1150307,土地1建物1車位1,二層,十二層,住宅大樓(11層含以上有電梯),住家用,鋼筋混凝土造,1080904,157.01999999999998,3,2,2,有,有,19900000,126735,坡道平面,31.4,0,,RPVPMLLLMHLGFAO76DA,78.2,0.0,5.97,有,0183
新竹市,房地(土地+建物)+車位,新竹市新竹市榮濱路８７號六樓之２,19.93,商,,,1150327,土地1建物1車位1,六層,十一層,住宅大樓(11層含以上有電梯),住家用,鋼筋混凝土造,1010420,134.71,2,2,2,有,有,11500000,85369,坡道平面,22.15,0,增建：陽台加窗陽台外推；其他增建；,RPPNMLSLMHLGFAO66DA,71.85,3.03,7.99,有,0184
新竹市,房地(土地+建物),新竹市新竹市中華路二段７３６號９樓之７,4.36,商,,,1150318,土地2建物1車位0,九層,十二層,住宅大樓(11層含以上有電梯),商業用,鋼筋混凝土造,,57.35,1,1,1,有,有,4500000,78466,,0.0,0,,RPQNMLSLMHLGFAO76DA,32.57,0.0,7.82,有,
新竹市,房地(土地+建物),新竹市新竹市南大路２６８號地下一層,55.46,商,,,1150318,土地2建物1車位0,地下層,七層,華廈(10層含以下有電梯),其他,鋼筋混凝土造,,592.63,0,1,1,有,有,9200000,15524,,0.0,0,,RPPNMLSLMHLGFAO76EA,592.63,0.0,0.0,有,
新竹市,土地,鹽水段483地號,122.8,農,,,1150330,土地4建物0車位0,,,其他,,,,0.0,0,0,0,無,無,7808400,63586,,0.0,0,,RPPNMLTLMHLGFAO86EA,0.0,0.0,0.0,無,
新竹市,土地,鹽水段495-1地號,25.0,農,,,1150330,土地1建物0車位0,,,其他,,,,0.0,0,0,0,無,無,642000,25680,,0.0,0,,RPQNMLTLMHLGFAO96EA,0.0,0.0,0.0,無,0185
新竹市,房地(土地+建物)+車位,新竹市新竹市關東路１７６號五樓,14.4,住,,,1150303,土地1建物1車位1,五層,八層,華廈(10層含以下有電梯),住家用,鋼筋混凝土造,0850326,95.49000000000001,3,2,2,有,有,12000000,125668,坡道平面,0.0,0,親友、員工、共有人或其他特殊關係間之交易；,RPQOMLOJLHLGFAO78DA,53.47,0.0,3.78,有,
新竹市,房地(土地+建物),新竹市新竹市學府路４４１巷１４號,95.0,住,,,1150321,土地1建物1車位0,全,一層,透天厝,住家用,木石磚造（雜木）,0390715,29.89,3,1,1,有,無,17500000,585480,,0.0,0,其他增建；,RPWNMLOLLHLGFAO86DA,29.89,0.0,0.0,無,
新竹市,房地(土地+建物)+車位,新竹市新竹市金雅東街６號八樓之２,29.98,,鄉村區,乙種建築用地,1150320,土地1建物1車位1,八層,十層,華廈(10層含以下有電梯),住家用,鋼筋混凝土造,1081017,148.89,3,2,2,有,有,19000000,127611,坡道平面,33.11,0,,RPSNMLSJMHLGFAO76DA,71.0,0.0,7.34,有,0186
新竹市,土地,竹蓮段613地號,33.6,商,,,1150331,土地1建物0車位0,,,其他,,,,0.0,0,0,0,無,無,6962341,207213,,0.0,0,親友、員工、共有人或其他特殊關係間之交易；,RPQNMLNJNHLGFAO78DA,0.0,0.0,0.0,無,
新竹市,房地(土地+建物),新竹市新竹市中華路三段１０號１３樓之１８,4.39,商,,,1150330,土地1建物1車位0,十三層,十四層,住宅大樓(11層含以上有電梯),住家用,鋼筋混凝土造,0890417,43.12,1,1,1,有,有,5120000,118738,,0.0,0,,RPPNMLRLMHLGFAO66EA,28.8,0.0,4.75,有,0187
新竹市,房地(土地+建物),新竹市新竹市中正路１８２號六樓之１０,2.38,商,,,1150321,土地1建物1車位0,六層,十一層,住宅大樓(11層含以上有電梯),住家用,鋼筋混凝土造,0960305,24.89,1,1,1,有,有,3350000,134592,,0.0,0,陽台外推；,RPSNMLLMLHLGFAO88DA,14.3,0.73,1.99,有,
新竹市,房地(土地+建物),新竹市新竹市興濱路１１巷１９號,109.94,住,,,1150329,土地1建物1車位0,全,四層,透天厝,住家用,鋼筋混凝土造,1001227,247.05,4,3,5,有,有,21500000,87027,,0.0,0,陽台外推；頂樓加蓋；其他增建；,RPQOMLPKMHLGFAO09DA,232.28,0.0,14.77,無,
新竹市,房地(土地+建物)+車位,新竹市新竹市北新街１３１號六樓之３６,7.32,住,,,1150322,土地2建物1車位1,六層,十層,華廈(10層含以下有電梯),辦公用,鋼筋混凝土造,0980319,56.400000000000006,2,2,1,有,有,6550000,116135,坡道機械,0.0,0,,RPUOMLRLMHLGFAO17DA,27.51,1.75,3.3,有,
新竹市,房地(土地+建物),新竹市新竹市光復路一段４５９巷３９之２號六樓,15.78,住,,,1150320,土地3建物1車位0,六層,六層,華廈(10層含以下有電梯),住家用,鋼筋混凝土造,1110623,51.879999999999995,2,1,1,有,有,9480000,182729,,0.0,0,,RPXOMLOJNHLGFAO07DA,31.21,0.0,3.01,有,0188
新竹市,房地(土地+建物),新竹市新竹市光華北街６５號２樓之４,6.06,住,,,1150305,土地1建物1車位0,二層,七層,華廈(10層含以下有電梯),住家用,鋼筋混凝土造,0810107,30.53,1,0,1,有,有,3600000,117917,,0.0,0,其他增建部分為露台其他增建；,RPXNMLLMLHLGFAO76DA,21.85,0.0,0.0,有,
新竹市,房地(土地+建物),新竹市新竹市中華路四段７０５之２８號二樓,6.81,工,,,1150323,土地2建物1車位0,二層,六層,華廈(10層含以下有電梯),住家用,鋼筋混凝土造,0960630,28.32,1,0,1,有,有,2250000,79449,,0.0,0,,RPTNMLMJMHLGFAO88DA,15.27,3.0,0.0,有,0189
新竹市,房地(土地+建物),新竹市新竹市武陵西三路１８號３樓,45.66,住,,,1150310,土地12建物1車位0,三層,五層,公寓(5樓含以下無電梯),住家用,鋼筋混凝土造,0720413,88.2,3,2,1,有,無,4000000,45351,,0.0,0,交易價格包含其他買賣登記案件標的之價格。,RPRNMLRKMHLGFAO66DA,77.4,0.0,10.8,無,
新竹市,房地(土地+建物),新竹市新竹市中央路３０９巷９弄６號,83.0,住,,,1150310,土地1建物1車位0,全,二層,透天厝,住家用,加強磚造,0670110,112.5,4,2,2,有,無,11100000,98667,,0.0,0,親友、員工、共有人或其他特殊關係間之交易；,RPPNMLMLLHLGFAO58DA,112.5,0.0,0.0,無,
新竹市,房地(土地+建物),新竹市新竹市東大路二段２１７巷５３號３樓,36.46,住,,,1150321,土地1建物1車位0,三層,五層,公寓(5樓含以下無電梯),其他,鋼筋混凝土造,,148.15,3,2,2,有,無,10000000,67499,,0.0,0,採光罩其他增建；,RPRNMLQKMHLGFAO56DA,100.04,0.0,19.25,無,
新竹市,房地(土地+建物)+車位,新竹市新竹市明湖路２４３巷１６８號二樓,43.95,住,,,1150323,土地1建物1車位1,二層,七層,華廈(10層含以下有電梯),住家用,鋼筋混凝土造,1130416,149.78,3,2,2,有,有,22580000,150754,坡道平面,24.78,0,,RPXNMLQJNHLGFAO17DA,78.55,0.0,8.26,有,0190
新竹市,房地(土地+建物),新竹市新竹市中華路三段１０號１１樓之２８,3.91,商,,,1150331,土地1建物1車位0,十一層,十四層,住宅大樓(11層含以上有電梯),住家用,鋼筋混凝土造,0890417,38.58,3,2,2,有,有,3000000,77760,,0.0,0,陽台外推；,RPPPMLLMLHLGFAO78DA,24.98,0.0,5.0,有,
新竹市,房地(土地+建物)+車位,新竹市新竹市高翠路２２１巷４弄４８號,99.0,住,,,1150329,土地1建物1車位1,全,三層,透天厝,住家用,鋼筋混凝土造,0940505,219.36,4,2,3,有,無,29000000,132203,一樓平面,0.0,0,頂樓加蓋；,RPSOMLNKMHLGFAO09DA,168.55,17.44,33.37,無,
新竹市,房地(土地+建物)+車位,新竹市新竹市光復路一段３３５巷１７弄２６號十樓,22.75,,,,1150308,土地3建物1車位1,十層,十二層,住宅大樓(11層含以上有電梯),住家用,鋼筋混凝土造,0961126,148.09,3,2,2,有,有,21150000,142819,坡道平面,0.0,0,陽台外推；,RPQNMLKKLHLGFAO38DA,78.29,2.38,7.01,有,
新竹市,房地(土地+建物)+車位,新竹市新竹市光華東一街４２號五樓之２,33.81,住,,,1150305,土地1建物1車位1,五層,十層,華廈(10層含以下有電梯),住家用,鋼筋混凝土造,1080904,183.86,3,2,2,有,有,25200000,137061,坡道平面,0.0,0,後陽台加窗其他增建；,RPSNMLPKMHLGFAO56DA,88.16,0.0,6.02,有,0191
新竹市,房地(土地+建物),新竹市新竹市湳雅街１２６巷３１弄１號３樓,23.75,住,,,1150324,土地4建物1車位0,三層,五層,公寓(5樓含以下無電梯),住家用,鋼筋混凝土造,,74.82,3,2,2,有,無,4500000,60144,,0.0,0,陽台外推；,RPRNMLKLMHLGFAO68DA,71.07,0.0,3.75,無,
新竹市,房地(土地+建物),新竹市新竹市光華二街６９巷１１弄２號,53.0,住,,,1150313,土地1建物1車位0,全,二層,透天厝,住家用,加強磚造,0621127,49.55,6,2,3,有,無,8000000,161453,,0.0,0,親友、員工、共有人或其他特殊關係間之交易；頂樓加蓋；,RPQNMLKMMHLGFAO68DA,49.55,0.0,0.0,無,
新竹市,房地(土地+建物),新竹市新竹市中正路４５２巷２弄３號,66.0,住,,,1150307,土地1建物1車位0,全,四層,透天厝,住家用,鋼筋混凝土造,1021120,226.57,4,3,4,有,無,23700000,104603,,0.0,0,,RPPNMLRJLHLGFAO88DA,188.06,11.32,27.19,無,0192
新竹市,房地(土地+建物)+車位,新竹市新竹市經國路三段９２巷１０號十二樓,12.91,住,,,1150318,土地1建物1車位1,十二層,十五層,住宅大樓(11層含以上有電梯),住家用,鋼筋混凝土造,1020410,110.72,1,1,1,有,有,12300000,111091,坡道平面,27.57,0,,RPPOMLQLLHLGFAO09DA,51.65,0.0,6.11,有,0193
新竹市,房地(土地+建物),新竹市新竹市中正路４５２巷１弄５３號,54.0,住,,,1150323,土地1建物1車位0,全,二層,透天厝,住家用,加強磚造,0781016,103.22,4,2,2,有,無,11500000,111413,,0.0,0,陽台加蓋擴大頂樓加蓋；,RPWOMLKMLHLGFAO66DA,91.82,9.6,1.8,無,0194
新竹市,房地(土地+建物),新竹市新竹市南大路２４１號５樓之６,5.29,商,,,1150318,土地1建物1車位0,五層,九層,華廈(10層含以下有電梯),住商用,鋼筋混凝土造,0810425,38.95,1,1,1,有,有,4350000,111682,,0.0,0,,RPSOMLSLMHLGFAO07DA,31.22,0.0,0.0,有,0195
新竹市,房地(土地+建物),新竹市新竹市磐石路７巷４號,9.7,住,,,1150318,土地1建物1車位0,一層,五層,華廈(10層含以下有電梯),住家用,鋼筋混凝土造,0790713,36.35,1,1,1,有,無,3500000,96286,,0.0,0,平台外推、平台增建、一樓空地增建其他增建；,RPSNMLQJNHLGFAO66DA,22.83,4.2,0.0,有,0196
新竹市,房地(土地+建物),新竹市新竹市學府路４４１巷９號３樓,34.8,住,,,1150329,土地1建物1車位0,三層,三層,公寓(5樓含以下無電梯),住家用,鋼筋混凝土造,,93.86,3,2,1,有,無,9100000,96953,,0.0,0,,RPVOMLQJNHLGFAO07DA,93.86,0.0,0.0,無,
新竹市,房地(土地+建物)+車位,新竹市新竹市關新北路１７６號十四樓,27.63,住,,,1150315,土地3建物1車位1,十四層,十四層,住宅大樓(11層含以上有電梯),住家用,鋼筋混凝土造,1091130,162.45,2,2,2,有,有,31000000,190828,坡道平面,36.98,0,,RPTNMLNLMHLGFAO56DA,79.49,0.0,4.04,有,0197
新竹市,房地(土地+建物)+車位,新竹市新竹市高翠路９巷４弄４０號五樓,41.86,住,,,1150323,土地1建物1車位1,五層,五層,華廈(10層含以下有電梯),住家用,鋼筋混凝土造,1140902,97.47999999999999,3,2,2,有,有,21800000,223636,一樓平面,0.0,0,土地價款為1308萬元；建物含車位價款價款為872萬元。,RPQOMLRLMHLGFAO76DA,59.89,0.0,8.8,有,
新竹市,車位,新竹市新竹市中央路３５５巷２０號,1.28,商,,,1150313,土地1建物1車位1,一層,十三層,其他,管理室,鋼筋混凝土造,0920110,18.900000000000002,0,0,0,無,有,1450000,,坡道平面,18.85,1450000,僅車位交易；,RPROMLQJNHLGFAO66DA,0.0,0.0,0.0,有,0131
新竹市,房地(土地+建物),新竹市新竹市安康街６巷２１號,88.0,住,,,1150310,土地1建物1車位0,全,二層,透天厝,住家用,鋼筋混凝土造,0770402,121.34,4,2,2,有,無,20600000,169771,,0.0,0,頂樓加蓋；其他增建；,RPWNMLLKNHLGFAO66DA,105.8,9.54,6.0,無,
新竹市,土地,千甲段443地號,598.51,農,,,1150314,土地4建物0車位0,,,其他,,,,0.0,0,0,0,無,無,28970000,48404,,0.0,0,,RPPOMLMKNHLGFAO78DA,0.0,0.0,0.0,無,0199
新竹市,土地,千甲段443地號,149.63,農,,,1150314,土地4建物0車位0,,,其他,,,,0.0,0,0,0,無,無,7240000,48386,,0.0,0,,RPQOMLMKNHLGFAO88DA,0.0,0.0,0.0,無,0199
新竹市,房地(土地+建物),新竹市新竹市東大路二段１９０巷１２號２樓,54.3,住,,,1150323,土地1建物1車位0,二層,七層,華廈(10層含以下有電梯),住家用,鋼筋混凝土造,0861030,146.44,3,2,2,有,有,12750000,87066,,0.0,0,,RPPNMLNKNHLGFAO78DA,80.74,0.0,9.59,有,
新竹市,房地(土地+建物)+車位,新竹市新竹市世傑路２８８號十九樓之３,25.56,住,,,1150315,土地1建物1車位2,十九層,二十一層,住宅大樓(11層含以上有電梯),住家用,鋼筋混凝土造,1040810,217.7,3,2,2,有,有,35580000,163436,坡道平面,62.88,0,,RPRNMLNKNHLGFAO09EA,88.39,4.67,11.68,有,0201
新竹市,房地(土地+建物)+車位,新竹市新竹市埔頂一路５０２號九樓之２,33.52,住,,,1150330,土地2建物1車位1,九層,十五層,住宅大樓(11層含以上有電梯),住家用,鋼筋混凝土造,1141120,190.26999999999998,3,2,2,有,有,36600000,219016,坡道平面,35.03,2600000,,RPQOMLQKMHLGFAO56DA,92.91,0.0,8.0,有,
新竹市,房地(土地+建物),新竹市新竹市閑谷一街１７５巷１８號,294.78,,山坡地保育區,丙種建築用地,1150315,土地8建物1車位0,全,三層,透天厝,住家用,鋼筋混凝土造,1120510,195.38,4,2,3,有,有,27000000,138192,,0.0,0,空地加蓋採光罩其他增建；,RPVOMLOJNHLGFAO86DA,178.78,0.0,16.61,無,0202
新竹市,房地(土地+建物),新竹市新竹市中華路二段１７０巷４９號三樓之１,13.1,商,,,1150327,土地1建物1車位0,三層,十一層,住宅大樓(11層含以上有電梯),住家用,鋼筋混凝土造,1090225,84.2,2,2,2,有,有,13500000,160333,,0.0,0,陽台加窗其他增建；,RPWNMLLMLHLGFAO66DA,49.09,0.0,5.1,有,0203
新竹市,房地(土地+建物),新竹市新竹市明湖路１０５０巷１４２號５樓,14.12,,山坡地保育區,丙種建築用地,1150316,土地3建物1車位0,五層,五層,華廈(10層含以下有電梯),住家用,鋼筋混凝土造,0831114,47.269999999999996,1,1,2,有,有,4500000,95198,,0.0,0,其他增建；,RPTNMLSLMHLGFAO07DA,22.12,0.0,3.2,有,0204
新竹市,房地(土地+建物)+車位,新竹市新竹市東山街２７巷１７號５樓,28.99,住,,,1150309,土地1建物1車位1,五層,六層,華廈(10層含以下有電梯),住家用,鋼筋混凝土造,,137.25,3,2,2,有,有,16180000,117887,坡道機械,0.0,0,其他增建包含陽台加窗。陽台外推；其他增建；,RPQNMLTLMHLGFAO86DA,89.63,0.0,12.9,有,
新竹市,房地(土地+建物)+車位,新竹市新竹市龍山東路６９號五樓,13.25,商,,,1150306,土地1建物1車位1,五層,二十八層,住宅大樓(11層含以上有電梯),住家用,鋼筋混凝土造,1050127,182.01999999999998,3,2,2,有,有,32250000,177178,坡道平面,25.0,0,,RPTNMLMKNHLGFAO09DA,89.04,0.8,11.62,有,0205
新竹市,房地(土地+建物),新竹市新竹市至善街３５巷１２號八樓,13.41,,山坡地保育區,丙種建築用地,1150301,土地2建物1車位0,八層,八層,華廈(10層含以下有電梯),住家用,鋼筋混凝土造,0861111,42.8,1,1,1,有,有,2400000,56075,,0.0,0,,RPTPMLQJLHLGFAO76DA,22.32,0.0,3.6,有,0206
新竹市,房地(土地+建物)+車位,新竹市新竹市寶山路１４５巷３１之１號６樓,15.06,住,,,1150301,土地3建物1車位1,六層,八層,華廈(10層含以下有電梯),住家用,鋼筋混凝土造,0840210,88.14,2,1,1,有,有,10600000,120263,坡道機械,0.0,0,陽台外推；,RPTOMLSJMHLGFAO96DA,54.47,0.0,10.75,有,0207
新竹市,房地(土地+建物),新竹市新竹市大湖路５２巷２０弄６號,80.98,住,,,1150327,土地2建物1車位0,全,四層,透天厝,住家用,鋼筋混凝土造,0820331,176.79,3,2,3,有,無,6800000,38464,,0.0,0,,RPROMLKKMHLGFAO68DA,162.23,12.08,2.48,無,0208
新竹市,房地(土地+建物)+車位,新竹市新竹市中華路二段１７０巷４９號十樓之２,13.1,商,,,1150314,土地1建物1車位1,十層,十一層,住宅大樓(11層含以上有電梯),住家用,鋼筋混凝土造,1090225,105.22,2,2,2,有,有,15600000,148261,其他,20.83,0,陽台加窗,RPVNMLMKNHLGFAO66DA,49.15,0.0,5.2,有,0209
新竹市,房地(土地+建物),新竹市新竹市西大路３１５巷１弄６號４樓,31.18,商,,,1150325,土地2建物1車位0,四層,四層,公寓(5樓含以下無電梯),住家用,鋼筋混凝土造,0671228,83.25,3,2,2,有,無,7150000,85886,,0.0,0,親友、員工、共有人或其他特殊關係間之交易；頂樓加蓋；,RPPNMLSKNHLGFAO66DA,83.25,0.0,0.0,無,0210
新竹市,房地(土地+建物)+車位,新竹市新竹市東新路１４０號九樓,13.06,都市：其他:住商混合區,,,1150314,土地1建物1車位1,九層,十四層,住宅大樓(11層含以上有電梯),住家用,鋼筋混凝土造,1090928,117.32,2,2,1,有,有,19500000,166198,坡道平面,0.0,0,,RPWNMLSKNHLGFAO37DA,51.08,0.0,5.71,有,0211
新竹市,房地(土地+建物),新竹市新竹市花園街９０號２樓之３,11.98,商,,,1150328,土地1建物1車位0,二層,十二層,住宅大樓(11層含以上有電梯),辦公用,鋼筋混凝土造,0881201,109.41,5,2,3,有,有,12080000,110400,,0.0,0,陽台外推；夾層；,RPQNMLKKNHLGFAO58DA,82.01,0.0,10.83,有,
新竹市,房地(土地+建物)+車位,新竹市新竹市東大路三段３８１號４樓,23.65,住,,,1150301,土地1建物1車位1,四層,八層,華廈(10層含以下有電梯),住家用,鋼筋混凝土造,0841002,150.98,4,2,2,有,有,8350000,55305,坡道機械,0.0,0,其他增建；,RPWOMLLKNHLGFAO76DA,96.35,0.0,16.9,有,
新竹市,房地(土地+建物)+車位,新竹市新竹市自由路９５巷１８弄１９號四樓之９,5.03,商,,,1150316,土地1建物1車位1,四層,八層,華廈(10層含以下有電梯),辦公用,鋼筋混凝土造,0950415,44.75,1,1,1,有,有,5850000,130726,升降機械,12.18,0,其他增建為室內樓梯陽台外推；夾層；其他增建；,RPTNMLTKNHLGFAO17DA,14.26,0.0,7.4,有,0212
新竹市,土地,民主段1476地號,116.0,住,,,1150312,土地1建物0車位0,,,其他,,,,0.0,0,0,0,無,無,12180000,105000,,0.0,0,親友、員工、共有人或其他特殊關係間之交易；未登記建物；,RPQNMLTKLHLGFAO76EA,0.0,0.0,0.0,無,
新竹市,土地,仙水段338地號,43.06,都市：其他:道路用地,,,1150323,土地13建物0車位0,,,其他,,,,0.0,0,0,0,無,無,5500000,127729,,0.0,0,包含公共設施保留地用地；,RPVNMLQKMHLGFAO96DA,0.0,0.0,0.0,無,0213
新竹市,房地(土地+建物),新竹市新竹市延平路二段４５巷３號,77.28,,鄉村區,乙種建築用地,1150327,土地1建物1車位0,全,二層,透天厝,住家用,加強磚造,0630917,111.6,3,2,2,有,無,11500000,103047,,0.0,0,,RPWOMLNLMHLGFAO96DA,111.6,0.0,0.0,無,
新竹市,房地(土地+建物)+車位,新竹市新竹市光復路一段４７６巷６號,17.23,住,,,1150326,土地4建物1車位2,一層,十三層,住宅大樓(11層含以上有電梯),住家用,鋼筋混凝土造,0840925,110.69,4,2,2,有,有,16700000,150872,坡道機械,0.0,0,其他增建包含:平台增建、平台外推其他增建；,RPVOMLRJNHLGFAO17DA,69.33,9.49,0.0,有,
新竹市,房地(土地+建物),新竹市新竹市長春街１１８巷２０號,94.0,住,,,1150322,土地1建物1車位0,全,二層,透天厝,住家用,加強磚造,,128.94,4,2,3,有,無,21000000,162866,,0.0,0,其他增建；,RPWOMLSKNHLGFAO47DA,128.94,0.0,0.0,無,
新竹市,房地(土地+建物),新竹市新竹市南大路５３７巷１６號３樓,21.85,住,,,1150329,土地1建物1車位0,三層,五層,公寓(5樓含以下無電梯),住家用,鋼筋混凝土造,0701223,68.68,3,2,2,有,無,5800000,84450,,0.0,0,,RPPOMLSJMHLGFAO56DA,68.68,0.0,0.0,無,0214
新竹市,房地(土地+建物),新竹市新竹市文雅街８０巷５號,125.8,住,,,1150317,土地5建物1車位0,全,一層,透天厝,其他,鋼筋混凝土造,0731221,111.11,1,1,1,有,無,14000000,126001,,0.0,0,,RPXNMLLLMHLGFAO76DA,111.11,0.0,0.0,無,
新竹市,房地(土地+建物),新竹市新竹市西濱路一段１３０之２９號,70.49,住,,,1150304,土地5建物1車位0,全,四層,透天厝,住家用,鋼筋混凝土造,1071009,156.06,3,2,4,有,無,17200000,110214,,0.0,0,遮雨棚其他增建；,RPOPMLOJNHLGFAO88DA,149.63,3.52,2.91,無,0215
新竹市,房地(土地+建物),新竹市新竹市東大路三段２９１巷９弄１２之３號,71.42,住,,,1150320,土地2建物1車位0,全,四層,透天厝,住家用,鋼筋混凝土造,1051011,210.66,5,3,4,有,無,20260000,96174,,0.0,0,陽台增建、頂樓、露台、鐵鋁窗、遮雨棚陽台外推；其他增建；,RPWNMLLLNHLGFAO76DA,186.3,0.0,24.36,無,0216
新竹市,房地(土地+建物)+車位,新竹市新竹市高翠路６９號三樓之１１,16.85,住,,,1150312,土地1建物1車位1,三層,六層,華廈(10層含以下有電梯),辦公用,鋼筋混凝土造,0960331,70.41,2,1,1,有,有,9880000,140321,坡道平面,0.0,0,夾層；,RPRNMLOKMHLGFAO98DA,25.39,0.0,0.0,有,
新竹市,房地(土地+建物)+車位,新竹市新竹市中華路四段２８６號十樓之２,29.63,住,,,1150311,土地1建物1車位1,十層,十二層,住宅大樓(11層含以上有電梯),住家用,鋼筋混凝土造,1040505,193.23000000000002,4,2,2,有,有,20200000,104539,坡道平面,31.93,0,其他增建；,RPSPMLRKMHLGFAO96DA,102.38,4.74,9.03,有,0217
新竹市,房地(土地+建物),新竹市新竹市經國路三段２巷４６號９樓,12.69,住,,,1150305,土地1建物1車位0,九層,九層,華廈(10層含以下有電梯),住家用,鋼筋混凝土造,0871220,104.88,3,2,2,有,有,8300000,79138,,0.0,0,,RPORMLKLNHLGFAO88DA,74.11,0.0,11.35,有,
新竹市,房地(土地+建物)+車位,新竹市新竹市食品路５５１號３樓　　　,24.43,住,,,1150319,土地1建物1車位1,三層,七層,華廈(10層含以下有電梯),住家用,鋼筋混凝土造,0811221,148.17000000000002,3,2,1,有,有,13500000,91112,坡道平面,0.0,0,其他增建；,RPSPMLLLNHLGFAO56DA,90.03,1.17,11.3,有,
新竹市,房地(土地+建物)+車位,新竹市新竹市東大路三段４３９巷２５號七樓之１,41.67,住,,,1150329,土地1建物1車位1,七層,八層,華廈(10層含以下有電梯),住家用,鋼筋混凝土造,1140624,214.26,3,2,2,有,有,14220000,91445,坡道平面,78.44,1800000,,RPOPMLMLNHLGFAO88DA,81.03,0.0,9.97,有,0218
新竹市,房地(土地+建物)+車位,新竹市新竹市慈濟路１７１號四樓,10.48,商,,,1150321,土地1建物1車位1,四層,二十四層,住宅大樓(11層含以上有電梯),住家用,鋼筋混凝土造,1100104,112.25,2,2,1,有,有,19600000,174610,坡道平面,27.54,0,,RPSNMLPLLHLGFAO56DA,47.8,2.62,4.83,有,
新竹市,房地(土地+建物)+車位,新竹市新竹市牛埔路１２０巷１７弄８號十樓之２,32.51,住,,,1150308,土地1建物1車位1,十層,十二層,住宅大樓(11層含以上有電梯),住家用,鋼筋混凝土造,1081017,162.92000000000002,3,2,2,有,有,20360000,124969,坡道平面,29.78,0,,RPQNMLMJMHLGFAO58DA,78.6,0.0,8.2,有,0219
新竹市,房地(土地+建物)+車位,新竹市新竹市經國路三段２６號八樓,17.59,住,,,1150313,土地1建物1車位2,八層,十三層,住宅大樓(11層含以上有電梯),住家用,鋼筋混凝土造,0961015,182.24,3,2,2,有,有,19880000,109087,坡道平面,0.0,0,陽台外推；,RPXNMLKKMHLGFAO56DA,89.94,0.0,11.06,有,0220
新竹市,房地(土地+建物)+車位,新竹市新竹市武陵路７３巷６２號三樓,50.26,住,,,1150326,土地1建物1車位1,三層,十四層,住宅大樓(11層含以上有電梯),住家用,鋼筋混凝土造,0930915,189.09,4,2,2,有,有,18500000,97837,坡道平面,0.0,0,陽台外推；,RPOOMLSKNHLGFAO66DA,114.18,0.0,12.16,有,
新竹市,房地(土地+建物)+車位,新竹市新竹市延平路３段６６７巷１２號５Ｆ,24.3,住,,,1150329,土地1建物1車位1,五層,七層,華廈(10層含以下有電梯),住家用,鋼筋混凝土造,0831128,131.91,3,2,2,有,有,8600000,65196,坡道平面,0.0,0,增建：鐵鋁窗增建、陽台加窗其他增建；,RPTNMLLLNHLGFAO09DA,71.03,0.0,10.58,有,
新竹市,房地(土地+建物),新竹市新竹市建功二路２號三樓之６,10.78,住,,,1150310,土地1建物1車位0,三層,六層,華廈(10層含以下有電梯),住家用,鋼筋混凝土造,0960929,40.86,1,1,1,有,有,8760000,214391,,0.0,0,其他增建；,RPTPMLLLMHLGFAO56DA,21.39,0.0,5.7,有,
新竹市,房地(土地+建物),新竹市新竹市中華路六段７４９巷１２號,66.58,,山坡地保育區,丙種建築用地,1150328,土地1建物1車位0,全,二層,透天厝,住家用,加強磚造,,94.76,0,0,0,無,無,1900000,20051,,0.0,0,,RPSOMLRJNHLGFAO86DA,94.76,0.0,0.0,無,
新竹市,房地(土地+建物),新竹市新竹市明湖路７４９號地下二層之２２,14.1,都市：其他:甲之三種風景區,,,1150322,土地1建物1車位0,地下二層,四層,華廈(10層含以下有電梯),住家用,鋼筋混凝土造,0940220,50.46000000000001,1,1,1,有,有,4100000,81252,,0.0,0,,RPOOMLMLNHLGFAO78DA,32.59,0.0,0.0,有,0221
新竹市,房地(土地+建物)+車位,新竹市新竹市北大路２０１號十八樓之３,16.36,商,,,1150321,土地1建物1車位1,十八層,二十七層,住宅大樓(11層含以上有電梯),住家用,鋼筋混凝土造,1070903,217.9,4,2,2,有,有,34000000,156035,坡道平面,29.71,0,,RPRNMLPLNHLGFAO66DA,115.62,0.0,14.13,有,0222
新竹市,房地(土地+建物)+車位,新竹市新竹市新莊街２０９號十三樓,16.99,住,,,1150329,土地2建物1車位1,十三層,十四層,住宅大樓(11層含以上有電梯),住家用,鋼筋混凝土造,0990824,127.71000000000001,2,2,1,有,有,18500000,144859,坡道平面,0.0,0,,RPPNMLTLLHLGFAO66DA,59.82,3.74,4.0,有,
新竹市,房地(土地+建物)+車位,新竹市新竹市北新街１３１號六樓之２３,7.32,住,,,1150325,土地2建物1車位1,六層,十層,華廈(10層含以下有電梯),辦公用,鋼筋混凝土造,0980319,56.400000000000006,1,1,1,有,有,7350000,130319,坡道機械,0.0,0,,RPPNMLRJNHLGFAO09DA,27.51,1.75,3.3,有,0223
新竹市,土地,朝山段209-7地號,15.42,住,,,1150302,土地1建物0車位0,,,其他,,,,0.0,0,0,0,無,無,932777,60491,,0.0,0,,RPPNMLQKMHLGFAO98DA,0.0,0.0,0.0,無,
新竹市,房地(土地+建物),新竹市新竹市美森街８巷７號,65.5,住,,,1150330,土地2建物1車位0,全,二層,透天厝,住家用,加強磚造,0691021,91.8,6,2,7,有,無,10200000,111111,,0.0,0,其他增建為頂樓、防火巷、鐵皮屋頂、遮雨棚、3-4樓其他增建；,RPTOMLTLMHLGFAO27DA,91.8,0.0,0.0,無,
新竹市,房地(土地+建物),新竹市新竹市武陵路１７５巷５號５樓之３,8.04,住,,,1150321,土地2建物1車位0,五層,二十層,住宅大樓(11層含以上有電梯),住家用,鋼筋混凝土造,0870718,71.50999999999999,2,2,1,有,有,7900000,110474,,0.0,0,,RPSQMLPLNHLGFAO07DA,45.51,1.51,7.53,有,
新竹市,車位,新竹市新竹市武陵路１８１號等,3.46,住,,,1150319,土地1建物1車位1,,,其他,,,,37.49,0,0,0,無,有,3000000,,坡道平面,0.0,3000000,僅車位交易；,RPUQMLPLNHLGFAO27DA,0.0,0.0,0.0,有,0224
新竹市,房地(土地+建物),新竹市新竹市東大路一段９１號,160.0,商,,,1150325,土地1建物1車位0,全,一層,透天厝,住家用,加強磚造,,78.84,5,2,3,有,無,43560000,552511,,0.0,0,,RPRNMLTJMHLGFAO76DA,78.84,0.0,0.0,無,0225
新竹市,房地(土地+建物)+車位,新竹市新竹市武陵路１７９巷８號２０樓之２,25.96,住,,,1150319,土地2建物1車位1,二十層,二十層,住宅大樓(11層含以上有電梯),住家用,鋼筋混凝土造,0890501,217.61,4,2,2,有,有,20000000,91908,坡道平面,0.0,0,其他增建；,RPVQMLPLNHLGFAO37DA,118.44,1.52,17.87,有,
新竹市,房地(土地+建物),新竹市新竹市三民路２巷９號四樓,24.0,住,,,1150318,土地2建物1車位0,四層,五層,華廈(10層含以下有電梯),住家用,鋼筋混凝土造,0680206,96.9,3,2,2,有,無,6000000,61920,,0.0,0,其他增建為陽台親友、員工、共有人或其他特殊關係間之交易；其他增建；,RPSOMLTLNHLGFAO27DA,96.9,0.0,0.0,有,
新竹市,房地(土地+建物)+車位,新竹市新竹市埔頂路２８號九樓之２,24.81,住,,,1150329,土地1建物1車位1,九層,十層,華廈(10層含以下有電梯),住家用,鋼筋混凝土造,1040805,134.64000000000001,2,2,1,有,有,15000000,111408,坡道平面,35.06,0,陽台外移其他增建；,RPUOMLTLNHLGFAO47DA,50.07,9.1,4.21,有,0226
新竹市,房地(土地+建物)+車位,新竹市新竹市東大路一段５２巷３之２號１１樓,12.38,住,,,1150314,土地1建物1車位1,十一層,十二層,住宅大樓(11層含以上有電梯),住家用,鋼筋混凝土造,0850830,112.86,2,1,1,有,有,12780000,113238,坡道機械,0.0,0,,RPVOMLTLNHLGFAO57DA,62.65,0.0,7.07,有,0227
新竹市,房地(土地+建物)+車位,新竹市新竹市香檳三街１３號三樓之２,43.22,,山坡地保育區,丙種建築用地,1150318,土地1建物1車位1,三層,四層,華廈(10層含以下有電梯),住家用,鋼筋混凝土造,1140826,84.9,2,2,1,有,有,8800000,103651,一樓平面,16.98,0,,RPWOMLTLNHLGFAO67DA,45.09,0.0,5.16,有,0228
新竹市,房地(土地+建物),新竹市新竹市民權路２１９號５樓之１,26.97,商,,,1150331,土地2建物1車位0,五層,五層,公寓(5樓含以下無電梯),住家用,鋼筋混凝土造,,102.35,3,2,1,有,無,6300000,61553,,0.0,0,,RPTPMLLLNHLGFAO66DA,102.35,0.0,0.0,無,
新竹市,房地(土地+建物),新竹市新竹市金山三街１１號,99.0,住,,,1150329,土地1建物1車位0,全,五層,透天厝,住家用,鋼筋混凝土造,1140401,365.0,19,0,19,有,無,55000000,150685,,0.0,0,其他增建；,RPQOMLSLNHLGFAO96DA,332.28,0.0,32.72,無,
新竹市,房地(土地+建物)+車位,新竹市新竹市仁德街７７號三樓之２,29.22,商,,,1150322,土地1建物1車位2,三層,十五層,住宅大樓(11層含以上有電梯),住家用,鋼筋混凝土造,1030410,264.46000000000004,4,2,3,有,有,37500000,154861,坡道平面,41.68,3000000,其他增建；,RPPNMLMJOHLGFAO68DA,136.73,4.96,13.92,有,0229
新竹市,房地(土地+建物)+車位,新竹市新竹市金雅東街６號五樓之１,22.65,,鄉村區,乙種建築用地,1150318,土地1建物1車位1,五層,十層,華廈(10層含以下有電梯),住家用,鋼筋混凝土造,1081017,120.61,2,2,1,有,有,15660000,129840,坡道平面,33.11,0,其他增建: 鐵鋁窗增建其他增建；,RPQNMLMJOHLGFAO78DA,52.1,0.0,7.1,有,0230
新竹市,房地(土地+建物)+車位,新竹市新竹市國華街６６巷１２號６樓,22.3,住,,,1150323,土地1建物1車位1,六層,七層,華廈(10層含以下有電梯),住家用,鋼筋混凝土造,0811009,103.97,3,2,2,有,有,10770000,103588,坡道平面,0.0,0,陽台加窗,RPXNMLMJOHLGFAO86DA,64.23,0.0,9.62,有,
新竹市,房地(土地+建物)+車位,新竹市新竹市西濱路一段１８５號三樓之６,19.32,住,,,1150329,土地1建物1車位1,三層,十五層,住宅大樓(11層含以上有電梯),住家用,鋼筋混凝土造,1111021,136.78,2,2,1,有,有,10300000,75303,坡道平面,37.23,0,,RPTNMLKMLHLGFAO88DA,62.73,0.0,4.99,有,0231
新竹市,房地(土地+建物),新竹市新竹市世傑路１００號,125.32,住,,,1150329,土地2建物1車位0,全,三層,透天厝,住家用,鋼筋混凝土造,0990630,267.2,4,2,3,有,有,39800000,148952,,0.0,0,其他增建；,RPPOMLKKMHLGFAO48DA,216.59,23.87,7.93,無,
新竹市,房地(土地+建物)+車位,新竹市新竹市東大路二段５５５號二樓之３,20.21,,鄉村區,乙種建築用地,1150311,土地1建物1車位1,二層，見其他登記事項,九層,華廈(10層含以下有電梯),辦公用,鋼筋混凝土造,1030708,97.97,2,2,2,有,有,10400000,106155,坡道機械,8.27,0,其他增建；,RPVOMLRLNHLGFAO37DA,46.7,3.11,3.52,有,0232
新竹市,建物,新竹市新竹市中正路１６９號１至１１樓,0.0,,,,1150327,土地0建物13車位16,四層,十一層,住宅大樓(11層含以上有電梯),其他,鋼筋混凝土造,0880406,3251.53,0,0,0,無,有,30000000,9226,升降機械,0.0,0,建物坐落地號：北門段1740地號；其他增建；,RPROMLRLNHLGFAO96DA,2255.2,16.2,162.0,有,
新竹市,土地,北門段1740地號,140.13,商,,,1150327,土地1建物0車位0,,,其他,,,,0.0,0,0,0,無,無,27440000,195818,,0.0,0,,RPSOMLRLNHLGFAO07DA,0.0,0.0,0.0,無,0233
新竹市,土地,北門段1740地號,163.22,商,,,1150327,土地1建物0車位0,,,其他,,,,0.0,0,0,0,無,無,81460000,499081,,0.0,0,,RPWOMLRLNHLGFAO47DA,0.0,0.0,0.0,無,0233
新竹市,房地(土地+建物)+車位,新竹市新竹市明湖路１０５０巷２９６號９樓,45.37,,山坡地保育區,丙種建築用地,1150320,土地1建物1車位1,九層,九層,華廈(10層含以下有電梯),住家用,鋼筋混凝土造,0860715,118.74000000000001,3,2,2,有,有,7100000,59795,坡道平面,30.98,0,其他增建；,RPUNMLQLNHLGFAO07DA,63.76,0.0,9.83,有,
新竹市,土地,北門段1740地號,43.65,商,,,1150327,土地1建物0車位0,,,其他,,,,0.0,0,0,0,無,無,21100000,483391,,0.0,0,,RPXOMLRLNHLGFAO57DA,0.0,0.0,0.0,無,
新竹市,房地(土地+建物)+車位,新竹市新竹市長春街１５８巷１弄１３號３樓,38.54,住,,,1150326,土地1建物1車位1,三層,五層,公寓(5樓含以下無電梯),住家用,鋼筋混凝土造,0791220,149.87,4,2,2,有,有,14300000,95416,坡道平面,0.0,0,其他增建；,RPPPMLTLNHLGFAO07DA,130.34,0.0,10.74,無,
新竹市,房地(土地+建物)+車位,新竹市新竹市經國路三段９２巷１６弄７２號九樓,19.8,住,,,1150324,土地1建物1車位1,九層,十五層,住宅大樓(11層含以上有電梯),住家用,鋼筋混凝土造,1020410,165.23,3,3,2,有,有,17500000,105913,坡道平面,27.57,0,陽台外推；,RPQNMLOJOHLGFAO98DA,84.23,1.74,10.1,有,
新竹市,房地(土地+建物)+車位,新竹市新竹市中山路４２號十樓之５,17.76,商,,,1150323,土地1建物1車位2,十層,二十四層,住宅大樓(11層含以上有電梯),住家用,鋼筋混凝土造,1041030,232.8,4,2,2,有,有,37100000,159364,坡道平面,0.0,0,,RPQNMLOJOHLGFAO09EA,105.2,2.25,10.51,有,
新竹市,土地,崙子段2070-1地號,3.82,都市：其他:第二種住宅區,,,1150206,土地8建物0車位0,,,其他,,,,0.0,0,0,0,無,無,462524,121080,,0.0,0,親友、員工、共有人或其他特殊關係間之交易；包含公共設施保留地用地；,RPWNMLQJKHLGFAO76DA,0.0,0.0,0.0,無,0017
新竹市,土地,崙子段2070-8地號,0.29,住,,,1150206,土地1建物0車位0,,,其他,,,,0.0,0,0,0,無,無,35695,0,,0.0,0,親友、員工、共有人或其他特殊關係間之交易；,RPXNMLQJKHLGFAO86DA,0.0,0.0,0.0,無,0051
新竹市,土地,中雅段220地號,27.57,住,,,1150206,土地1建物0車位0,,,其他,,,,0.0,0,0,0,無,無,3336575,121022,,0.0,0,親友、員工、共有人或其他特殊關係間之交易；,RPOOMLQJKHLGFAO68DA,0.0,0.0,0.0,無,0009
新竹市,土地,中雅段220地號,20.68,住,,,1150225,土地1建物0車位0,,,其他,,,,0.0,0,0,0,無,無,2502431,121007,,0.0,0,親友、員工、共有人或其他特殊關係間之交易；,RPSPMLPLKHLGFAO66DA,0.0,0.0,0.0,無,0009
新竹市,土地,中山段二小段31地號,9.0,商,,,1150212,土地1建物0車位0,,,其他,,,,0.0,0,0,0,無,無,4852080,539120,,0.0,0,政府機關標讓售；,RPPNMLQJLHLGFAO88EA,0.0,0.0,0.0,無,
新竹市,土地,中山段二小段32地號,6.0,商,,,1150212,土地1建物0車位0,,,其他,,,,0.0,0,0,0,無,無,3234720,539120,,0.0,0,政府機關標讓售；,SPPNMLQJLHLGFAO98EA,0.0,0.0,0.0,無,
新竹市,房地(土地+建物),新竹市新竹市東南街２３９巷１號,6.81,住,,,1150215,土地2建物1車位0,一層,七層,華廈(10層含以下有電梯),住家用,鋼筋混凝土造,0800716,35.349999999999994,1,0,1,有,有,4500000,127298,,0.0,0,,RPTPMLQLKHLGFAO86DA,20.9,3.0,0.0,有,0239
新竹市,房地(土地+建物),新竹市新竹市武陵路１７５巷９號１３樓之２,12.93,住,,,1150201,土地2建物1車位0,十三層,二十一層,住宅大樓(11層含以上有電梯),住家用,鋼筋混凝土造,0870718,116.74,3,2,2,有,有,12680000,108617,,0.0,0,,RPXOMLNJLHLGFAO76DA,77.27,0.84,10.36,有,
新竹市,房地(土地+建物)+車位,新竹市新竹市內湖路１０７巷５７號二樓之２,38.91,,鄉村區,乙種建築用地,1150205,土地1建物1車位1,二層,五層,華廈(10層含以下有電梯),住家用,鋼筋混凝土造,1120209,122.72999999999999,3,2,2,有,有,9000000,73332,一樓平面,0.0,0,,RPPNMLMLKHLGFAO48DA,80.46,0.0,7.87,有,0240
新竹市,房地(土地+建物),新竹市新竹市柯湳一街８０巷３２號三樓,44.79,,山坡地保育區,丙種建築用地,1150201,土地2建物1車位0,三層,五層,公寓(5樓含以下無電梯),住家用,鋼筋混凝土造,0900510,58.22,3,0,3,有,有,3150000,54114,,0.0,0,,RPUPMLQJLHLGFAO86DA,47.43,0.0,4.88,無,0241
新竹市,房地(土地+建物),新竹市新竹市中山路２３３之６號五樓,5.93,商,,,1150207,土地1建物1車位0,五層,十層,華廈(10層含以下有電梯),辦公用,鋼筋混凝土造,0960606,37.81,1,1,1,有,有,5460000,144406,,0.0,0,夾層；,RPUNMLNKKHLGFAO98DA,22.39,3.14,0.0,有,
新竹市,房地(土地+建物),新竹市新竹市光復路一段７５號７樓,14.21,住,,,1150201,土地1建物1車位0,七層,十二層,住宅大樓(11層含以上有電梯),住家用,鋼筋混凝土造,0821213,99.08000000000001,3,1,2,有,有,9200000,92854,,0.0,0,遮雨棚增建、鐵鋁窗增建其他增建；,RPVQMLPLKHLGFAO07DA,71.13,0.0,3.02,有,0242
新竹市,房地(土地+建物)+車位,新竹市新竹市鐵道路一段２８巷１７號十四樓,36.85,都市：其他:科技商務區,,,1150218,土地1建物1車位2,十四層,十四層,住宅大樓(11層含以上有電梯),辦公用,鋼筋混凝土造,1000718,263.88,3,2,2,有,有,30000000,113688,坡道平面,0.0,0,陽台外推；,RPVPMLMKLHLGFAO66DA,142.17,2.56,17.65,有,
新竹市,土地,竹蓮段1843地號,17.0,都市：其他:道路用地,,,1150225,土地2建物0車位0,,,其他,,,,0.0,0,0,0,無,無,1901640,111861,,0.0,0,包含公共設施保留地用地；,RPRNMLRKLHLGFAO56DA,0.0,0.0,0.0,無,
新竹市,土地,中雅段91地號,5.54,都市：其他:第二種住宅區,,,1150206,土地5建物0車位0,,,其他,,,,0.0,0,0,0,無,無,503094,90811,,0.0,0,親友、員工、共有人或其他特殊關係間之交易；,RPTNMLNJLHLGFAO88DA,0.0,0.0,0.0,無,0243
新竹市,土地,中雅段91-4地號,0.57,都市：其他:道路用地,,,1150206,土地1建物0車位0,,,其他,,,,0.0,0,0,0,無,無,21031,0,,0.0,0,親友、員工、共有人或其他特殊關係間之交易；包含公共設施保留地用地；,SPTNMLNJLHLGFAO98DA,0.0,0.0,0.0,無,0244
新竹市,土地,中雅段91-6地號,0.52,都市：其他:道路用地,,,1150206,土地1建物0車位0,,,其他,,,,0.0,0,0,0,無,無,16374,0,,0.0,0,親友、員工、共有人或其他特殊關係間之交易；包含公共設施保留地用地；,TPTNMLNJLHLGFAO09DA,0.0,0.0,0.0,無,0245
新竹市,車位,新竹市新竹市埔頂一路５００號等,0.0,,,,1150213,土地0建物1車位1,,,其他,,,,35.03,0,0,0,無,有,3100000,,坡道平面,35.03,3100000,建物坐落地號：光武段1179地號；僅車位交易；,RPPNMLNLKHLGFAO58DA,0.0,0.0,0.0,有,0246
新竹市,土地,復興段398-2地號,3.6,住,,,1150211,土地2建物0車位0,,,其他,,,,0.0,0,0,0,無,無,763094,211971,,0.0,0,,RPTNMLKKLHLGFAO68DA,0.0,0.0,0.0,無,0012
新竹市,土地,育賢段576-3地號,5.28,都市：其他:道路用地,,,1150203,土地3建物0車位0,,,其他,,,,0.0,0,0,0,無,無,41090,7782,,0.0,0,包含公共設施保留地用地；,RPUPMLQKLHLGFAO96DA,0.0,0.0,0.0,無,0248
新竹市,房地(土地+建物),新竹市新竹市柯湳一街８８號二樓,44.79,,山坡地保育區,丙種建築用地,1150227,土地2建物1車位0,二層,五層,公寓(5樓含以下無電梯),住家用,鋼筋混凝土造,0900601,58.75,3,0,3,有,有,3400000,57872,,0.0,0,陽台外推；,RPSPMLSKLHLGFAO96DA,47.95,0.0,4.91,無,0249
新竹市,土地,育賢段576-3地號,11.39,都市：其他:道路用地,,,1150203,土地3建物0車位0,,,其他,,,,0.0,0,0,0,無,無,200000,17559,,0.0,0,,RPOOMLQKLHLGFAO88DA,0.0,0.0,0.0,無,0248
新竹市,房地(土地+建物),新竹市新竹市民享一街２２巷２８號,97.0,住,,,1150208,土地1建物1車位0,全,二層,透天厝,住家用,鋼筋混凝土造,0770125,159.76,6,3,4,有,無,28500000,178393,,0.0,0,頂樓部分加蓋其他增建；,RPPNMLNKKHLGFAO48DA,124.47,35.29,0.0,無,
新竹市,房地(土地+建物)+車位,新竹市新竹市凌雲街７６號九樓,45.16,住,,,1150204,土地1建物1車位1,九層,十一層,住宅大樓(11層含以上有電梯),住家用,鋼筋混凝土造,0980331,174.27,3,2,2,有,有,15000000,86073,坡道平面,0.0,0,,RPVOMLPLKHLGFAO86DA,96.46,0.0,12.19,有,
新竹市,房地(土地+建物)+車位,新竹市新竹市中山路１１９號七樓之３,14.55,商,,,1150201,土地1建物1車位1,七層,十一層,住宅大樓(11層含以上有電梯),住家用,鋼筋混凝土造,1041215,99.37,2,2,1,有,有,14500000,145919,升降機械,13.77,0,,RPVPMLPJLHLGFAO86DA,50.96,0.0,7.93,有,0251
新竹市,房地(土地+建物),新竹市新竹市自由路９５巷１８弄１２號７樓之１,6.81,商,,,1150206,土地1建物1車位0,七層,七層,華廈(10層含以下有電梯),住家用,鋼筋混凝土造,0800122,45.72,1,1,1,有,有,4450000,97332,,0.0,0,陽台外推；,RPOPMLSKLHLGFAO56DA,31.42,0.0,5.25,有,
新竹市,房地(土地+建物)+車位,新竹市新竹市埔頂三路３８號五樓之２,6.8,商,,,1150207,土地1建物1車位1,五層,二十九層,住宅大樓(11層含以上有電梯),住家用,鋼筋混凝土造,1120530,111.94,2,2,1,有,有,18500000,165267,坡道平面,28.88,0,,RPSNMLOLLHLGFAO09DA,48.09,1.78,4.48,有,0252
新竹市,土地,復中段322地號,19.01,住,,,1150210,土地1建物0車位0,,,其他,,,,0.0,0,0,0,無,無,7000000,368227,,0.0,0,親友、員工、共有人或其他特殊關係間之交易；,RPQNMLOLLHLGFAO98EA,0.0,0.0,0.0,無,
新竹市,房地(土地+建物),新竹市新竹市民族路１１３巷２弄５號,42.19,住,,,1150210,土地1建物1車位0,一層，地下層,四層,公寓(5樓含以下無電梯),住家用,鋼筋混凝土造,0651021,116.33,3,2,3,有,無,10300000,88541,,0.0,0,陽台外推；其他增建；,RPWNMLMKKHLGFAO09DA,116.33,0.0,0.0,無,
新竹市,房地(土地+建物),新竹市新竹市竹光路８號１１樓之１０,3.27,住,,,1150204,土地1建物1車位0,十一層,十四層,住宅大樓(11層含以上有電梯),住家用,鋼筋混凝土造,0860205,30.759999999999998,1,1,1,有,有,3200000,104031,,0.0,0,,RPPNMLOLLHLGFAO78DA,16.45,0.0,5.25,有,0253
新竹市,房地(土地+建物),新竹市新竹市光復路１段１６號５Ｆ之６,5.65,住,,,1150202,土地2建物1車位0,五層,七層,華廈(10層含以下有電梯),,鋼筋混凝土造,0791005,31.95,1,0,1,有,有,2850000,89202,,0.0,0,陽台外推；,RPTNMLPLLHLGFAO66DA,19.73,0.0,4.83,有,
新竹市,房地(土地+建物)+車位,新竹市新竹市東大路二段６２２號七樓之１,32.29,,鄉村區,乙種建築用地,1150207,土地1建物1車位1,七層,十四層,住宅大樓(11層含以上有電梯),住家用,鋼筋混凝土造,1130625,148.12,3,2,2,有,有,20600000,139076,坡道平面,19.36,0,車位編號: 162。,RPVOMLPLLHLGFAO96DA,78.03,0.0,8.12,有,0254
新竹市,建物,新竹市新竹市大同路１８４巷８號,0.0,,,,1150201,土地0建物1車位0,全,二層,透天厝,住家用,磚造,0280815,73.08,2,2,1,有,無,7800000,106732,,0.0,0,建物坐落地號：中山段二小段37-31地號；具重建或重劃、都更等效益；,RPPNMLQLLHLGFAO98DA,73.08,0.0,0.0,無,
新竹市,土地,中央段1278地號,79.0,都市：其他:道路用地,,,1150225,土地1建物0車位0,,,其他,,,,0.0,0,0,0,無,無,3871000,49000,,0.0,0,包含公共設施保留地用地；,RPQNMLPLLHLGFAO09EA,0.0,0.0,0.0,無,0255
新竹市,房地(土地+建物),新竹市新竹市建功一路１１１號１２樓,26.98,住,,,1150209,土地1建物1車位0,十二層,十二層,住宅大樓(11層含以上有電梯),住家用,鋼筋混凝土造,0870410,130.99,3,2,2,有,有,13850000,105741,,0.0,0,陽台加窗其他增建；,RPVNMLKKKHLGFAO78DA,79.47,0.0,11.59,有,
新竹市,土地,大庄段494地號,30.9,農,,,1150228,土地2建物0車位0,,,其他,,,,0.0,0,0,0,無,無,1682460,54449,,0.0,0,,RPPNMLOLLHLGFAO88EA,0.0,0.0,0.0,無,
新竹市,房地(土地+建物)+車位,新竹市新竹市東明街２１１號六樓之６,9.73,都市：其他:住商混合區,,,1150207,土地1建物1車位1,六層,十一層,住宅大樓(11層含以上有電梯),住家用,鋼筋混凝土造,1031020,79.17,0,0,0,無,有,8250000,104206,升降平面,28.28,0,,RPRNMLPLLHLGFAO56EA,19.51,3.1,0.0,有,0256
新竹市,房地(土地+建物),新竹市新竹市建中一路４０號２樓,28.94,住,,,1150208,土地1建物1車位0,二層,十二層,住宅大樓(11層含以上有電梯),住家用,鋼筋混凝土造,0870410,140.75,3,2,2,有,有,14480000,102877,,0.0,0,陽台加鐵窗其他增建；,RPPOMLKKKHLGFAO28DA,86.2,0.0,11.06,有,
新竹市,房地(土地+建物),新竹市新竹市武陵路１６３號４樓之２,10.06,住,,,1150225,土地1建物1車位0,四層,十五層,住宅大樓(11層含以上有電梯),住家用,鋼筋混凝土造,0850131,103.57000000000001,3,2,2,有,有,9380000,90567,,0.0,0,,RPQNMLPLLHLGFAO98DA,68.95,1.28,10.58,有,
新竹市,房地(土地+建物)+車位,新竹市新竹市金農路１６８號三樓之１,30.81,,鄉村區,乙種建築用地,1150208,土地1建物1車位1,三層,十三層,住宅大樓(11層含以上有電梯),住家用,鋼筋混凝土造,1090428,155.05,3,2,2,有,有,20880000,134666,坡道平面,29.79,0,,RPUNMLLMLHLGFAO09DA,74.18,0.0,7.17,有,0257
新竹市,房地(土地+建物),新竹市新竹市東南街１６７巷５３弄９號４樓,20.0,住,,,1150223,土地1建物1車位0,四層,四層,公寓(5樓含以下無電梯),住家用,鋼筋混凝土造,0671103,50.76,2,2,1,有,無,4500000,88652,,0.0,0,鐵皮屋頂增建其他增建；,RPSOMLLJMHLGFAO78DA,50.76,0.0,0.0,無,0258
新竹市,土地,康樂段341地號,1.4,住,,,1150225,土地1建物0車位0,,,其他,,,,0.0,0,0,0,無,無,100000,71429,,0.0,0,親友、員工、共有人或其他特殊關係間之交易；,RPVPMLQLKHLGFAO07DA,0.0,0.0,0.0,無,
新竹市,房地(土地+建物),新竹市新竹市牛埔北路２５７巷５２號,63.0,,鄉村區,乙種建築用地,1150205,土地1建物1車位0,全,三層,透天厝,住家用,加強磚造,0630101,171.57,4,2,3,有,無,7200000,41965,,0.0,0,其他增建為頂樓增建其他增建；,RPRNMLKKKHLGFAO38DA,171.57,0.0,0.0,無,0259
新竹市,房地(土地+建物)+車位,新竹市新竹市中華路四段２８６號三樓之１３,16.34,住,,,1150204,土地1建物1車位1,三層,十三層,住宅大樓(11層含以上有電梯),住家用,鋼筋混凝土造,1040505,126.45000000000002,2,2,1,有,有,12600000,99644,坡道平面,31.93,0,,RPTOMLLMLHLGFAO09DA,56.54,2.72,6.67,有,0260
新竹市,土地,復興段398-2地號,0.72,住,,,1150211,土地2建物0車位0,,,其他,,,,0.0,0,0,0,無,無,152618,0,,0.0,0,,RPRNMLLKKHLGFAO48DA,0.0,0.0,0.0,無,0012
新竹市,房地(土地+建物),新竹市新竹市明湖路４８６巷３９弄２１號,265.11,,山坡地保育區,丙種建築用地,1150208,土地1建物1車位0,全,二層,透天厝,其他,鋼筋混凝土造,0771206,158.13,4,2,2,有,有,17000000,107506,,0.0,0,其他增建；,RPQNMLSJMHLGFAO56DA,151.13,0.0,7.0,無,
新竹市,土地,復興段398-2地號,0.72,住,,,1150223,土地2建物0車位0,,,其他,,,,0.0,0,0,0,無,無,152618,0,,0.0,0,,RPSOMLSJMHLGFAO86DA,0.0,0.0,0.0,無,0012
新竹市,房地(土地+建物)+車位,新竹市新竹市新莊街７８號７樓,21.08,住,,,1150225,土地2建物1車位1,七層,七層,華廈(10層含以下有電梯),住家用,鋼筋混凝土造,0830305,112.58,3,2,2,有,有,12500000,111032,坡道機械,0.0,0,增建：陽台加窗其他增建；,RPUOMLTJMHLGFAO17DA,75.35,0.0,11.61,有,0263
新竹市,土地,復興段398-2地號,1.2,住,,,1150211,土地2建物0車位0,,,其他,,,,0.0,0,0,0,無,無,254365,211971,,0.0,0,,RPOOMLLKKHLGFAO28DA,0.0,0.0,0.0,無,0012
新竹市,房地(土地+建物)+車位,新竹市新竹市金雅西街１２３巷１號六樓之１,23.81,,鄉村區,乙種建築用地,1150202,土地1建物1車位1,六層,十層,華廈(10層含以下有電梯),住家用,鋼筋混凝土造,1090508,150.73000000000002,3,2,2,有,有,17780000,117959,坡道平面,28.46,0,其他增建；,RPVNMLMJMHLGFAO09DA,69.59,8.46,6.1,有,0265
新竹市,房地(土地+建物)+車位,新竹市新竹市中華路二段２０５號十六樓,21.89,商,,,1150214,土地2建物1車位2,十六層,十八層,住宅大樓(11層含以上有電梯),住家用,鋼筋混凝土造,1020615,228.38,4,2,2,有,有,30000000,131360,坡道平面,55.48,0,其他增建為雨遮增建及陽台增建陽台外推；其他增建；,RPPNMLMKMHLGFAO58DA,98.85,5.95,20.45,有,0266
新竹市,房地(土地+建物),新竹市新竹市瑞麟路５號,280.56,,山坡地保育區,丙種建築用地,1150207,土地1建物1車位0,全,三層,透天厝,住家用,鋼筋混凝土造,0850809,490.27,5,2,6,有,有,34400000,70165,,0.0,0,其他增建；,RPQNMLRJMHLGFAO09DA,404.38,85.89,0.0,無,
新竹市,房地(土地+建物)+車位,新竹市新竹市高峰路１１０巷２７８號二樓,44.53,住,,,1150209,土地1建物1車位1,二層,七層,華廈(10層含以下有電梯),住家用,鋼筋混凝土造,1140808,158.94,3,2,2,有,有,20600000,139369,坡道平面,28.71,2450000,,RPVNMLNKLHLGFAO56DA,78.21,0.0,9.48,有,
新竹市,房地(土地+建物),新竹市新竹市建功一路６５號五樓之二,25.77,住,,,1150212,土地1建物1車位0,五層,十二層,住宅大樓(11層含以上有電梯),住家用,鋼筋混凝土造,0890930,129.4,3,2,2,有,有,15600000,120547,,0.0,0,陽台加窗其他增建；,RPQNMLNKKHLGFAO58DA,78.05,0.0,11.59,有,
新竹市,房地(土地+建物)+車位,新竹市新竹市光復路一段８９巷１２３之８號１１樓,16.07,住,,,1150201,土地3建物1車位1,十一層,十四層,住宅大樓(11層含以上有電梯),住家用,鋼筋混凝土造,0880121,144.73,3,2,2,有,有,16460000,113721,坡道平面,0.0,0,,RPRNMLMJMHLGFAO68DA,76.96,0.0,12.95,有,
新竹市,房地(土地+建物)+車位,新竹市新竹市光復路一段４０３巷８弄６號３樓,32.81,住,,,1150208,土地1建物1車位1,三層,五層,公寓(5樓含以下無電梯),住家用,鋼筋混凝土造,0821110,132.4,3,2,2,有,有,12280000,92749,坡道平面,0.0,0,,RPRNMLRKMHLGFAO76EA,78.0,0.0,8.58,無,0267
新竹市,房地(土地+建物)+車位,新竹市新竹市學府路４４１巷５號２樓,28.3,住,,,1150203,土地1建物1車位1,二層,五層,華廈(10層含以下有電梯),住家用,鋼筋混凝土造,0801004,123.56,3,2,2,有,有,12300000,99547,坡道機械,0.0,0,,RPQOMLNJKHLGFAO58DA,81.8,0.0,7.7,有,0268
新竹市,房地(土地+建物)+車位,新竹市新竹市凌雲街１２８號八樓之５,45.51,住,,,1150227,土地1建物1車位1,八層,十一層,住宅大樓(11層含以上有電梯),住家用,鋼筋混凝土造,0980331,175.82,3,2,2,有,有,16500000,93846,坡道平面,0.0,0,,RPTNMLRKLHLGFAO76DA,96.46,0.0,13.24,有,
新竹市,房地(土地+建物)+車位,新竹市新竹市民生路２６１號８樓,9.76,商,,,1150210,土地2建物1車位1,八層,十三層,住宅大樓(11層含以上有電梯),辦公用,鋼筋混凝土造,0851231,114.28999999999999,0,0,1,有,有,7200000,62998,坡道機械,0.0,0,陽台外推；,RPQPMLSKLHLGFAO76DA,76.22,0.0,8.97,有,0269
新竹市,房地(土地+建物),新竹市新竹市東大路一段３９巷３３號四樓之９,8.92,住,,,1150228,土地1建物1車位0,四層,九層,華廈(10層含以下有電梯),辦公用,鋼筋混凝土造,0970701,38.21,1,1,1,有,有,7800000,204135,,0.0,0,夾層；,RPVNMLKKMHLGFAO98DA,21.36,0.0,3.5,有,0270
新竹市,房地(土地+建物),新竹市新竹市文化街６巷２１號,95.0,商,,,1150205,土地1建物1車位0,全,二層,透天厝,住家用,加強磚造,,142.08,3,2,3,有,無,18000000,126689,,0.0,0,親友、員工、共有人或其他特殊關係間之交易；,RPXOMLNKMHLGFAO96DA,142.08,0.0,0.0,無,0271
新竹市,房地(土地+建物)+車位,新竹市新竹市西濱路一段１８７號十四樓之３,17.86,住,,,1150225,土地1建物1車位1,十四層,十五層,住宅大樓(11層含以上有電梯),住家用,鋼筋混凝土造,1111021,130.46,2,2,1,有,有,10060000,77112,坡道平面,38.51,0,,RPXOMLQKMHLGFAO27DA,58.38,0.0,4.18,有,0272
新竹市,土地,唐高段640-32地號,60.0,住,,,1150213,土地3建物0車位0,,,其他,,,,0.0,0,0,0,無,無,8800000,146667,,0.0,0,未登記建物；,RPSOMLKLMHLGFAO88DA,0.0,0.0,0.0,無,
新竹市,房地(土地+建物)+車位,新竹市新竹市尚濱路６８號五樓之２,15.8,住,,,1150212,土地1建物1車位1,五層,十三層,住宅大樓(11層含以上有電梯),住家用,鋼筋混凝土造,0961220,111.62,2,2,1,有,有,8450000,75710,坡道機械,0.0,0,陽台外推；,RPQOMLKKMHLGFAO58DA,46.25,6.06,8.18,有,
新竹市,房地(土地+建物)+車位,新竹市新竹市牛埔東路６００號四樓,106.61,工,,,1150212,土地1建物1車位1,四層,五層,華廈(10層含以下有電梯),工業用,鋼筋混凝土造,1071109,396.51,0,0,0,無,無,25000000,63050,坡道平面,13.75,0,建物:870萬元祥冠建設有限公司土地:576萬元蔡金定、1054萬元蔡志成,RPWSMLKLLHLGFAO96DA,245.47,0.0,0.0,有,
新竹市,房地(土地+建物),新竹市新竹市新莊街３５０號　,67.26,住,,,1150215,土地1建物1車位0,全,二層,透天厝,住家用,加強磚造,0581101,100.8,2,2,3,有,無,16800000,166667,,0.0,0,其他增建:三?六樓增建。其他增建；,RPTOMLLLMHLGFAO09DA,100.8,0.0,0.0,無,
新竹市,房地(土地+建物)+車位,新竹市新竹市光華一街２０號７樓,29.73,住,,,1150203,土地1建物1車位1,七層,七層,華廈(10層含以下有電梯),住家用,鋼筋混凝土造,0780815,161.3,3,2,2,有,有,15000000,92994,坡道平面,0.0,0,陽台外推；其他增建；,RPUNMLOKMHLGFAO66DA,88.23,0.0,13.37,有,0273
新竹市,房地(土地+建物)+車位,新竹市新竹市長春街６２巷２號九樓之１１,20.43,,,,1150227,土地1建物1車位1,九層,十三層,住宅大樓(11層含以上有電梯),住家用,鋼筋混凝土造,0951012,144.77,3,2,2,有,有,22800000,157491,坡道平面,0.0,0,陽台外推；,RPQNMLOLMHLGFAO09EA,75.75,4.75,9.75,有,
新竹市,房地(土地+建物)+車位,新竹市新竹市埔頂三路１０１號十三樓,17.95,住,,,1150201,土地1建物1車位1,十三層,十四層,住宅大樓(11層含以上有電梯),住家用,鋼筋混凝土造,1000501,141.14,3,2,2,有,有,21900000,155165,坡道平面,0.0,0,陽台外推；,RPRPMLMKLHLGFAO88DA,78.16,0.0,8.25,有,
新竹市,房地(土地+建物),新竹市新竹市仲生路９號,343.73,,山坡地保育區,丙種建築用地,1150201,土地2建物1車位0,全,三層,透天厝,住家用,鋼筋混凝土造,1021005,407.98,0,0,0,無,有,36000000,88240,,0.0,0,,RPSNMLOKMHLGFAO09DA,370.69,0.0,37.29,無,0274
新竹市,房地(土地+建物)+車位,新竹市新竹市中華路四段２８６號六樓之９,22.15,住,,,1150201,土地1建物1車位1,六層,十三層,住宅大樓(11層含以上有電梯),住家用,鋼筋混凝土造,1040505,158.62,3,2,2,有,有,16900000,106544,坡道平面,31.93,0,其他增建: 鐵鋁窗增建。其他增建；,RPXNMLNLMHLGFAO96DA,76.53,3.3,7.97,有,0275
新竹市,房地(土地+建物),新竹市新竹市光復路二段２９８巷５弄１號６樓,44.1,住,,,1150210,土地6建物1車位0,六層,七層,華廈(10層含以下有電梯),住家用,鋼筋混凝土造,0840713,139.95,3,2,2,有,有,15000000,107181,,0.0,0,建築物含有其他增建包含:採光罩其他增建；,RPPNMLRKMHLGFAO09DA,87.74,0.0,11.84,有,
新竹市,土地,麗園段305地號,327.49,,山坡地保育區,水利用地,1150213,土地1建物0車位0,,,其他,,,,0.0,0,0,0,無,無,380000,1160,,0.0,0,,RPSNMLNLMHLGFAO09DA,0.0,0.0,0.0,無,
新竹市,房地(土地+建物),新竹市新竹市明湖路１０５０巷１１４號４樓,26.83,,山坡地保育區,丙種建築用地,1150211,土地3建物1車位0,四層,五層,華廈(10層含以下有電梯),住家用,鋼筋混凝土造,0831114,92.71,4,2,2,有,有,6700000,72268,,0.0,0,陽台外推；夾層；,RPROMLPLKHLGFAO09DA,42.98,0.0,6.68,有,0276
新竹市,房地(土地+建物),新竹市新竹市南大路４７３巷２３弄３９號,69.0,住,,,1150206,土地1建物1車位0,全,二層,透天厝,住家用,加強磚造,0670713,100.8,2,1,3,有,無,11850000,117560,,0.0,0,其他增建；,RPOOMLMKKHLGFAO38DA,100.8,0.0,0.0,無,
新竹市,房地(土地+建物),新竹市新竹市自由路１０１號４Ｆ之４,3.47,商,,,1150208,土地1建物1車位0,四層,十二層,住宅大樓(11層含以上有電梯),住家用,鋼筋混凝土造,,34.4,1,0,1,有,有,4050000,117733,,0.0,0,陽台外推；,RPUOMLKMLHLGFAO09DA,22.99,0.0,4.78,有,0277
新竹市,房地(土地+建物),新竹市新竹市金竹路１０７巷２０號,82.0,住,,,1150202,土地1建物1車位0,全,二層,透天厝,住家用,加強磚造,0750314,143.6,3,3,2,有,無,20700000,144150,,0.0,0,其他增建；,RPUNMLTLMHLGFAO27DA,127.6,11.8,4.2,無,
新竹市,房地(土地+建物)+車位,新竹市新竹市和平路８８之３號６樓,19.52,住,,,1150212,土地1建物1車位1,六層,十層,華廈(10層含以下有電梯),住家用,鋼筋混凝土造,0890304,155.05,3,2,2,有,有,15000000,96743,坡道平面,0.0,0,,RPUNMLKMMHLGFAO09DA,92.23,0.0,12.57,有,0278
新竹市,房地(土地+建物)+車位,新竹市新竹市慈雲路８６號二十六樓之３,12.77,商,,,1150211,土地1建物1車位1,二十六層,二十九層,住宅大樓(11層含以上有電梯),住家用,鋼筋混凝土造,1080425,164.44,3,2,2,有,有,26080000,158599,坡道平面,0.0,0,,RPVNMLNKKHLGFAO09DA,76.67,3.32,6.98,有,0279
新竹市,房地(土地+建物),新竹市新竹市花園新城街５巷６號,84.98,,鄉村區,乙種建築用地,1150222,土地1建物1車位0,全,二層,透天厝,住家用,加強磚造,,104.0,3,4,1,有,無,6800000,65385,,0.0,0,建築物含有其他增建包含頂樓、一樓雨遮其他增建；,RPTOMLLJMHLGFAO88DA,104.0,0.0,0.0,無,0280
新竹市,房地(土地+建物)+車位,新竹市新竹市民族路３１號２樓,75.67,商,,,1150207,土地2建物2車位4,二層,十二層,住宅大樓(11層含以上有電梯),商業用,鋼筋混凝土造,0890927,926.9100000000001,0,0,4,有,有,130000000,140251,升降機械,0.0,0,,RPOOMLOJNHLGFAO78DA,633.22,0.0,12.87,有,
新竹市,房地(土地+建物),新竹市新竹市西門街１２巷４號,1598.0,商,,,1150203,土地47建物4車位0,全,四層,透天厝,住商用,鋼筋混凝土造,0841201,581.04,2,1,1,有,無,596415318,1026462,,0.0,0,未登記建物；未登記建物；,RPUOMLNKMHLGFAO66DA,569.35,11.69,0.0,無,
新竹市,房地(土地+建物)+車位,新竹市新竹市武陵路２７１巷５７弄５３號２樓,28.8,住,,,1150205,土地1建物1車位1,二層,六層,華廈(10層含以下有電梯),住家用,鋼筋混凝土造,0810812,141.84,3,2,2,有,有,11580000,81641,坡道平面,0.0,0,陽台加窗其他增建；,RPROMLKKLHLGFAO58DA,89.26,0.08,9.77,有,0281
新竹市,房地(土地+建物)+車位,新竹市新竹市中華路四段２８６號三樓之１１,17.44,住,,,1150207,土地1建物1車位1,三層,十三層,住宅大樓(11層含以上有電梯),住家用,鋼筋混凝土造,1040505,138.22,2,2,1,有,有,14560000,105339,坡道平面,34.0,0,,RPRNMLMKMHLGFAO78DA,59.73,2.67,11.63,有,0282
新竹市,房地(土地+建物)+車位,新竹市新竹市中山路６４０巷１９６號五樓之３,24.08,住,,,1150226,土地3建物1車位1,五層,十三層,住宅大樓(11層含以上有電梯),住家用,鋼筋混凝土造,1050930,129.49,2,2,1,有,有,15800000,122017,坡道平面,28.1,0,,RPUOMLNLLHLGFAO66DA,59.42,1.75,7.78,有,0283
新竹市,房地(土地+建物)+車位,新竹市新竹市經國路二段５３５之１號七樓,20.65,商,,,1150228,土地2建物1車位2,七層,十三層,住宅大樓(11層含以上有電梯),住家用,鋼筋混凝土造,0951220,161.55,3,2,2,有,有,17000000,105231,坡道平面,0.0,2200000,陽台外推；,RPQOMLOJNHLGFAO98DA,75.82,2.72,8.83,有,
新竹市,房地(土地+建物),新竹市新竹市金山六街８巷３２號四樓之６,11.45,住,,,1150227,土地1建物1車位0,四層,五層,華廈(10層含以下有電梯),住家用,鋼筋混凝土造,0940513,30.28,1,1,1,有,有,4250000,140357,,0.0,0,,RPSPMLLKNHLGFAO09DA,22.78,0.0,0.0,有,
新竹市,房地(土地+建物)+車位,新竹市新竹市慈濟路２２８號七樓,23.11,住,,,1150208,土地1建物1車位1,七層,二十三層,住宅大樓(11層含以上有電梯),住家用,鋼筋混凝土造,1040114,204.82999999999998,3,2,2,有,有,36000000,175756,坡道平面,0.0,0,其他增建 : 鐵鋁窗增建、雨遮外推、陽台加窗其他增建；,RPOOMLQJNHLGFAO98DA,102.59,8.3,15.11,有,0284
新竹市,房地(土地+建物)+車位,新竹市新竹市立鵬路１０８號十八樓,17.5,商,,,1150210,土地1建物1車位2,十八層,二十五層,住宅大樓(11層含以上有電梯),住家用,鋼筋混凝土造,1031117,237.06,3,2,2,有,有,39000000,164515,坡道平面,0.0,0,其他增建為後陽台加窗。其他增建；,RPTOMLKKMHLGFAO88DA,124.59,0.0,10.44,有,0285
新竹市,房地(土地+建物),新竹市新竹市北大路３９巷１０號,93.0,住,,,1150227,土地1建物1車位0,全,二層,透天厝,住家用,加強磚造,,132.98,4,2,2,有,無,25000000,187998,,0.0,0,露台其他增建；,RPVNMLTLMHLGFAO37DA,132.98,0.0,0.0,無,
新竹市,土地,海山段279地號,575.11,,山坡地保育區,林業用地,1150202,土地1建物0車位0,,,其他,,,,0.0,0,0,0,無,無,474389,825,,0.0,0,地清或未辦繼承標售；,RPPNMLMLNHLGFAO88EA,0.0,0.0,0.0,無,
新竹市,房地(土地+建物),新竹市新竹市和平路８８之１號３樓,19.48,住,,,1150225,土地1建物1車位0,三層,十層,華廈(10層含以下有電梯),住家用,鋼筋混凝土造,0890304,126.91999999999999,4,2,2,有,有,11760000,92657,,0.0,0,其他增建為鐵鋁窗其他增建；,RPPSMLKLLHLGFAO88DA,92.68,0.0,11.92,有,0286
新竹市,房地(土地+建物)+車位,新竹市新竹市武陵路２６號十五樓之２,9.48,住,,,1150208,土地1建物1車位1,十五層,二十六層,住宅大樓(11層含以上有電梯),住家用,鋼筋混凝土造,0970826,169.56,3,2,2,有,有,19660000,115947,坡道平面,33.78,0,,RPSNMLMJMHLGFAO78DA,86.82,1.72,8.99,有,
新竹市,房地(土地+建物),新竹市新竹市大湖路７１巷３弄４１號,221.73,,山坡地保育區,丙種建築用地,1150204,土地39建物1車位0,全,四層,透天厝,住家用,鋼筋混凝土造,0840901,226.73,4,2,3,有,有,12000000,52926,,0.0,0,,RPWPMLKLNHLGFAO86DA,214.51,6.11,6.11,無,
新竹市,房地(土地+建物),新竹市新竹市湳雅街１２６巷２１弄４號２樓,18.97,住,,,1150209,土地4建物1車位0,二層,五層,公寓(5樓含以下無電梯),住家用,鋼筋混凝土造,,59.89,2,2,1,有,無,4880000,81483,,0.0,0,,RPUOMLSKNHLGFAO27DA,53.89,0.0,6.0,無,
新竹市,房地(土地+建物)+車位,新竹市新竹市和平路８８之５號１０樓,19.52,住,,,1150224,土地1建物1車位1,十層,十層,華廈(10層含以下有電梯),住家用,鋼筋混凝土造,0890304,155.05,4,2,2,有,有,15000000,96743,坡道平面,0.0,0,親友、員工、共有人或其他特殊關係間之交易；,RPTNMLMLNHLGFAO56DA,92.23,0.0,12.57,有,
新竹市,房地(土地+建物)+車位,新竹市新竹市公道五路二段３６９號十三樓之２,31.59,住,,,1150226,土地1建物1車位1,十三層,十三層,住宅大樓(11層含以上有電梯),住家用,鋼筋混凝土造,0961206,188.39,4,2,2,有,有,28800000,152874,坡道平面,0.0,0,陽台外推；,RPWNMLNJLHLGFAO56DA,105.26,0.03,13.39,有,
新竹市,房地(土地+建物),新竹市新竹市北大路５號１１樓之１,10.22,商,,,1150227,土地2建物1車位0,十一層,十二層,住宅大樓(11層含以上有電梯),住家用,鋼筋混凝土造,0830517,102.53,3,2,1,有,有,7200000,70223,,0.0,0,,RPPPMLRJNHLGFAO66DA,81.88,0.0,2.56,有,0287
新竹市,房地(土地+建物)+車位,新竹市新竹市東大路二段１號４樓之１,11.2,商,,,1150208,土地1建物1車位1,四層,十二層,住宅大樓(11層含以上有電梯),住家用,鋼筋混凝土造,0840801,134.86,2,2,2,有,有,13300000,98621,升降機械,0.0,0,,RPTNMLKKKHLGFAO58DA,92.08,3.11,3.11,有,0288
新竹市,房地(土地+建物),新竹市新竹市海埔路１３１巷８７號,103.75,,鄉村區,乙種建築用地,1150214,土地3建物1車位0,全,一層,透天厝,住家用,鋼筋混凝土造,0830901,31.39,1,1,1,有,無,7800000,248487,,0.0,0,增建：臥室外推其他增建；未登記建物；,RPXOMLMJOHLGFAO96DA,31.39,0.0,0.0,無,
新竹市,房地(土地+建物),新竹市新竹市民富街３２９號四樓,42.0,住,,,1150110,土地1建物1車位0,四層,四層,公寓(5樓含以下無電梯),住家用,鋼筋混凝土造,0720428,100.75,3,2,2,有,無,5680000,56377,,0.0,0,,RPPNMLKMJHLGFAO28DA,100.75,0.0,0.0,無,0289
新竹市,房地(土地+建物)+車位,新竹市新竹市介壽路２３號五樓之２,16.79,住,,,1150115,土地1建物1車位1,五層,二十二層,住宅大樓(11層含以上有電梯),住家用,鋼筋混凝土造,1090930,136.66,3,2,2,有,有,26500000,193912,坡道平面,35.92,0,其他增建:鐵鋁窗增建其他增建；,RPPPMLOJLHLGFAO78DA,62.96,0.0,4.01,有,0290
新竹市,房地(土地+建物)+車位,新竹市新竹市士林西路２號五樓之３,32.94,,鄉村區,乙種建築用地,1150104,土地1建物1車位1,五層,七層,華廈(10層含以下有電梯),住家用,鋼筋混凝土造,1120605,164.55,3,2,2,有,有,19700000,119720,坡道平面,32.76,0,,RPUPMLOJLHLGFAO66DA,81.48,0.0,8.17,有,0291
新竹市,房地(土地+建物)+車位,新竹市新竹市和平路２２４巷４９號六樓之５,36.8,住,,,1150130,土地1建物1車位1,六層,十層,華廈(10層含以下有電梯),住家用,鋼筋混凝土造,1150102,148.25,3,2,2,有,有,19650000,128513,坡道平面,15.19,2550000,,RPPQMLPJLHLGFAO98DA,78.82,0.0,8.33,有,
新竹市,房地(土地+建物),新竹市新竹市海埔路１３１巷６０號,50.12,,鄉村區,乙種建築用地,1150119,土地1建物1車位0,全,三層,透天厝,住商用,鋼筋混凝土造,0870203,82.07,4,3,4,有,無,1253313,15271,,0.0,0,親友、員工、共有人或其他特殊關係間之交易；,RPPNMLQJLHLGFAO78DA,78.37,3.7,0.0,無,0292
新竹市,房地(土地+建物),新竹市新竹市東大路二段１８１號,158.0,住,,,1150103,土地1建物1車位0,全,二層,透天厝,住商用,加強磚造,0580119,144.32,4,2,2,有,無,26500000,183620,,0.0,0,一樓後方鐵皮、頂樓鐵皮增建,RPVOMLTKJHLGFAO07DA,144.32,0.0,0.0,無,
新竹市,房地(土地+建物)+車位,新竹市新竹市建新路５２之３號１３樓,24.87,住,,,1150123,土地1建物1車位1,十三層,十五層,住宅大樓(11層含以上有電梯),住家用,鋼筋混凝土造,0861111,139.86,3,2,2,有,有,17880000,127842,坡道平面,0.0,0,,RPWOMLPLKHLGFAO96DA,80.22,1.55,11.6,有,
新竹市,房地(土地+建物),新竹市新竹市武陵路１８１號１６樓之３,8.22,住,,,1150128,土地2建物1車位0,十六層,二十二層,住宅大樓(11層含以上有電梯),住家用,鋼筋混凝土造,0890501,69.97,2,1,1,有,有,8180000,116924,,0.0,0,親友、員工、共有人或其他特殊關係間之交易；,RPQOMLPJLHLGFAO88DA,45.51,1.51,7.53,有,
新竹市,房地(土地+建物)+車位,新竹市新竹市中華路四段２８６號二樓之１,29.63,住,,,1150124,土地1建物1車位1,二層,十二層,住宅大樓(11層含以上有電梯),住家用,鋼筋混凝土造,1040505,195.29000000000002,4,2,2,有,有,17600000,90122,坡道平面,34.0,0,,RPOQMLPJLHLGFAO88DA,102.38,4.74,9.03,有,0293
新竹市,土地,忠孝段546地號,86.0,工,,,1150129,土地1建物0車位0,,,其他,,,,0.0,0,0,0,無,無,7689260,89410,,0.0,0,政府機關標讓售；,RPUNMLOLKHLGFAO66EA,0.0,0.0,0.0,無,
新竹市,土地,古峰段291-6地號,136.41,都市：其他:乙種風景區,,,1150130,土地1建物0車位0,,,其他,,,,0.0,0,0,0,無,無,3020966,22146,,0.0,0,政府機關標讓售；,RPVNMLOLKHLGFAO76EA,0.0,0.0,0.0,無,
新竹市,土地,古峰段291-5地號,58.35,都市：其他:乙種風景區,,,1150130,土地1建物0車位0,,,其他,,,,0.0,0,0,0,無,無,1295954,22210,,0.0,0,政府機關標讓售；,RPWNMLOLKHLGFAO86EA,0.0,0.0,0.0,無,
新竹市,土地,古峰段291-4地號,230.47,都市：其他:乙種風景區,,,1150129,土地2建物0車位0,,,其他,,,,0.0,0,0,0,無,無,5118738,22210,,0.0,0,政府機關標讓售；,RPOOMLOLKHLGFAO78EA,0.0,0.0,0.0,無,
新竹市,房地(土地+建物),新竹市新竹市西大路７２巷９號５樓,33.5,商,,,1150109,土地1建物1車位0,五層,五層,公寓(5樓含以下無電梯),住家用,鋼筋混凝土造,0741127,97.22,2,2,2,有,無,5700000,58630,,0.0,0,其他增建；,RPPNMLTJLHLGFAO56EA,90.17,0.0,2.25,無,
新竹市,房地(土地+建物)+車位,新竹市新竹市虎林街１０７巷１８弄１５號４樓,30.44,,鄉村區,乙種建築用地,1150113,土地1建物1車位1,四層,五層,公寓(5樓含以下無電梯),住家用,鋼筋混凝土造,0831122,107.33,3,2,2,有,有,5050000,47051,一樓平面,0.0,0,,RPQNMLKLJHLGFAO28DA,70.71,0.48,7.97,無,0294
新竹市,房地(土地+建物),新竹市新竹市寶山路２００巷７２號,83.01,都市：其他:保護區,,,1150128,土地4建物1車位0,全,四層,透天厝,住家用,鋼筋混凝土造,0850820,205.59,3,2,2,有,無,3430000,16684,,0.0,0,親友、員工、共有人或其他特殊關係間之交易；,RPQNMLTLJHLGFAO56DA,191.71,0.0,13.88,無,
新竹市,房地(土地+建物)+車位,新竹市新竹市龍山西路６號四樓,15.71,商,,,1150106,土地1建物1車位1,四層,十四層,住宅大樓(11層含以上有電梯),住家用,鋼筋混凝土造,1140710,162.84,3,2,2,有,有,23870000,146586,升降平面,33.68,0,,RPTNMLTLJHLGFAO86DA,79.65,0.0,4.49,有,0295
新竹市,房地(土地+建物)+車位,新竹市新竹市延平路三段６６７巷６號７Ｆ,23.24,住,,,1150127,土地1建物1車位1,七層,七層,華廈(10層含以下有電梯),住家用,鋼筋混凝土造,0831128,126.61,3,2,2,有,有,7450000,58842,坡道平面,0.0,0,陽台外推；其他增建；,RPPSMLOLKHLGFAO56DA,68.39,0.0,10.05,有,
新竹市,房地(土地+建物),新竹市新竹市成德路１９６號五樓,32.07,住,,,1150111,土地1建物1車位0,五層,五層,公寓(5樓含以下無電梯),住家用,鋼筋混凝土造,0800705,114.75999999999999,4,2,2,有,無,5500000,47926,,0.0,0,其他增建；,RPSPMLQJLHLGFAO66DA,88.3,0.0,8.25,無,0296
新竹市,房地(土地+建物)+車位,新竹市新竹市中清路一段３６２號三樓之１,42.34,住,,,1150118,土地2建物1車位1,三層,七層,華廈(10層含以下有電梯),住家用,鋼筋混凝土造,1080403,155.71,3,2,2,有,有,13880000,89140,一樓平面,0.0,0,,RPSNMLKKLHLGFAO58DA,90.15,0.0,9.44,有,0297
新竹市,房地(土地+建物),新竹市新竹市經國路二段１６０號六樓之２６,6.24,住,,,1150125,土地2建物1車位0,六層,十層,華廈(10層含以下有電梯),辦公用,鋼筋混凝土造,0970730,42.82,1,1,1,有,有,6200000,144792,,0.0,0,夾層；,RPWNMLRLJHLGFAO96DA,26.13,0.51,0.0,有,0298
新竹市,土地,介壽段648-3地號,14.8,住,,,1150113,土地1建物0車位0,,,其他,,,,0.0,0,0,0,無,無,1202500,81250,,0.0,0,本案依土地法第34條之1規定辦理親友、員工、共有人或其他特殊關係間之交易；畸零地或有合併使用效益；,RPROMLMJKHLGFAO58DA,0.0,0.0,0.0,無,
新竹市,土地,北門段1937地號,9.18,都市：其他:道路用地,,,1150129,土地1建物0車位0,,,其他,,,,0.0,0,0,0,無,無,2010000,218954,,0.0,0,土地法34-1處分買賣。包含公共設施保留地用地；,RPSPMLOLKHLGFAO56DA,0.0,0.0,0.0,無,0299
新竹市,房地(土地+建物),新竹市新竹市高峰路１９４巷６弄５９號,418.13,都市：其他:甲種風景區,,,1150123,土地4建物1車位0,全,四層,透天厝,住家用,鋼筋混凝土造,0910415,333.38,10,4,4,有,有,32250000,96736,,0.0,0,陽台外推；,RPPQMLMJLHLGFAO68DA,286.49,14.77,32.12,無,
新竹市,房地(土地+建物)+車位,新竹市新竹市介壽一路２號六樓之５,17.74,住,,,1150122,土地2建物1車位1,六層,二十層,住宅大樓(11層含以上有電梯),住家用,鋼筋混凝土造,1120630,147.28,3,2,2,有,有,27500000,186719,坡道平面,34.14,0,,RPOOMLOJLHLGFAO58DA,65.07,4.44,6.4,有,0300
新竹市,房地(土地+建物)+車位,新竹市新竹市埔頂一路１０１號十五樓之１,10.3,都市：其他:商務專用區,,,1150116,土地1建物1車位1,十五層,二十一層,住宅大樓(11層含以上有電梯),辦公用,鋼筋混凝土造,1090512,112.16,1,1,1,有,有,15380000,137126,坡道平面,0.0,0,,RPSOMLKKLHLGFAO68DA,38.13,0.0,5.27,有,0301
新竹市,房地(土地+建物),新竹市新竹市光復路一段１８巷４弄６號,81.0,住,,,1150130,土地1建物1車位0,全,二層,透天厝,住家用,加強磚造,0680423,116.64,4,2,2,有,無,12740000,109225,,0.0,0,二親等買賣親友、員工、共有人或其他特殊關係間之交易；,RPQOMLMKLHLGFAO68DA,116.64,0.0,0.0,無,
新竹市,房地(土地+建物)+車位,新竹市新竹市中華路一段３８４巷７弄１１號４樓,37.84,住,,,1150101,土地1建物1車位1,四層,五層,華廈(10層含以下有電梯),住家用,鋼筋混凝土造,0880420,154.97,3,2,2,有,有,18500000,119378,坡道平面,0.0,0,其他增建包含後陽台雨遮陽台外推；其他增建；,RPWNMLMJJHLGFAO88DA,97.23,0.04,12.29,有,
新竹市,房地(土地+建物),新竹市新竹市閑谷三街２０巷１０號,220.87,,山坡地保育區,丙種建築用地,1150108,土地7建物1車位0,全,三層,透天厝,住家用,鋼筋混凝土造,1110112,198.58,4,2,4,有,有,25000000,125894,,0.0,0,有採光罩其他增建；,RPTNMLNKJHLGFAO78DA,184.14,0.0,14.45,無,0302
新竹市,房地(土地+建物)+車位,新竹市新竹市經國路二段１７９號八樓之９,8.09,商,,,1150128,土地1建物1車位2,八層,十一層,住宅大樓(11層含以上有電梯),辦公用,鋼筋混凝土造,0971108,72.09,1,2,1,有,有,12270000,170204,升降機械,26.64,0,親友、員工、共有人或其他特殊關係間之交易；其他增建；,RPSNMLNLKHLGFAO88DA,27.41,0.0,2.97,有,0303
新竹市,車位,新竹市新竹市經國路二段１７５號等,1.49,商,,,1150128,土地1建物1車位1,,,其他,,,,13.32,0,0,0,無,有,1380000,,升降機械,13.32,1380000,僅車位交易；,RPTNMLNLKHLGFAO98DA,0.0,0.0,0.0,有,
新竹市,房地(土地+建物),新竹市新竹市明湖路１０５０巷１６４號５樓,21.18,,山坡地保育區,丙種建築用地,1150117,土地3建物1車位0,五層,五層,華廈(10層含以下有電梯),住家用,鋼筋混凝土造,0831114,73.23,3,2,3,有,有,5380000,73467,,0.0,0,增建部分:鐵鋁窗增建其他增建；,RPXPMLMKLHLGFAO86DA,34.21,0.0,5.6,有,0304
新竹市,房地(土地+建物),新竹市新竹市民生路１０巷１７弄１０號,20.35,住,,,1150120,土地1建物1車位0,一層,四層,華廈(10層含以下有電梯),住家用,鋼筋混凝土造,1140124,58.129999999999995,2,1,1,有,有,9120000,156890,,0.0,0,增建部分:壹樓空地增建其他增建；,RPOQMLMKLHLGFAO68DA,38.01,0.0,0.0,有,0305
新竹市,房地(土地+建物)+車位,新竹市新竹市牛埔南路１４２巷３３弄２９號三樓,35.89,住,,,1150113,土地1建物1車位1,三層,十一層,住宅大樓(11層含以上有電梯),住家用,鋼筋混凝土造,1010821,189.13,4,2,2,有,有,19500000,103098,坡道平面,0.0,0,陽台外推；,RPUOMLKLJHLGFAO78DA,101.4,0.0,12.36,有,0306
新竹市,房地(土地+建物)+車位,新竹市新竹市慈雲路８５號十九樓之６,11.42,商,,,1150128,土地1建物1車位1,十九層,二十七層,住宅大樓(11層含以上有電梯),住家用,鋼筋混凝土造,1041208,154.61,2,2,2,有,有,26000000,168165,坡道平面,33.07,0,,RPXOMLLKLHLGFAO66DA,70.36,1.65,10.64,有,0307
新竹市,房地(土地+建物)+車位,新竹市新竹市中華路五段７６２號二樓之３,28.82,商,,,1150125,土地2建物1車位1,二層,十三層,住宅大樓(11層含以上有電梯),住家用,鋼筋混凝土造,1130723,155.81,3,2,2,有,有,12500000,80226,坡道平面,34.13,0,,RPUNMLMKLHLGFAO98DA,73.1,0.0,8.33,有,0308
新竹市,房地(土地+建物),新竹市新竹市民權路９６巷８號４樓,29.5,商,,,1150123,土地1建物1車位0,四層,五層,公寓(5樓含以下無電梯),住家用,鋼筋混凝土造,0771012,100.13,3,2,2,有,無,8100000,80895,,0.0,0,,RPRNMLNKLHLGFAO78DA,92.98,0.0,7.15,無,0309
新竹市,房地(土地+建物)+車位,新竹市新竹市高翠路６７號二樓之１７,16.85,住,,,1150110,土地1建物1車位1,二層,六層,華廈(10層含以下有電梯),辦公用,鋼筋混凝土造,0960331,70.41,2,1,1,有,有,9350000,132794,坡道平面,0.0,0,陽台外推；夾層；,RPWNMLNKLHLGFAO66DA,18.9,0.0,6.49,有,
新竹市,房地(土地+建物),新竹市新竹市中華路四段４１１巷３８弄８之２號,92.96,,山坡地保育區,丙種建築用地,1150106,土地1建物1車位0,全,四層,透天厝,住家用,鋼筋混凝土造,0930103,175.55,4,2,3,有,無,12600000,71774,,0.0,0,其他增建包含一樓增建沿著加蓋、一樓空地、鐵鋁窗、遮雨棚、二次施工增建其他增建；,RPUNMLRJJHLGFAO56DA,153.04,15.14,7.37,無,
新竹市,房地(土地+建物),新竹市新竹市中央路３６１號,38.67,商,,,1150111,土地1建物1車位0,全,四層,透天厝,其他,鋼骨造,1011212,102.44,0,0,0,無,無,14000000,136665,,0.0,0,其他增建包含頂樓、防火巷。親友、員工、共有人或其他特殊關係間之交易；其他增建；,RPSNMLKLJHLGFAO48DA,102.44,0.0,0.0,無,
新竹市,房地(土地+建物)+車位,新竹市新竹市經國路二段５３５之１３號八樓,19.43,商,,,1150103,土地2建物1車位1,八層,十三層,住宅大樓(11層含以上有電梯),住家用,鋼筋混凝土造,0951220,140.1,3,2,2,有,有,16500000,117781,坡道平面,0.0,0,,RPTNMLMJKHLGFAO68DA,75.81,2.72,8.98,有,
新竹市,房地(土地+建物),新竹市新竹市北大路９２巷４０弄１號５樓,27.0,住,,,1150126,土地1建物1車位0,五層,五層,公寓(5樓含以下無電梯),住家用,鋼筋混凝土造,0731123,100.35,3,2,2,有,無,7090000,70653,,0.0,0,其他增建；,RPUNMLNJLHLGFAO98DA,75.69,0.0,11.97,無,0310
新竹市,房地(土地+建物),新竹市新竹市新源街６２巷２１號,9.72,商,,,1150119,土地1建物1車位0,一層,十二層,住宅大樓(11層含以上有電梯),住家用,鋼筋混凝土造,,72.25999999999999,2,2,1,有,有,6800000,94105,,0.0,0,,RPSNMLOKLHLGFAO98DA,50.04,5.64,0.0,有,
新竹市,房地(土地+建物)+車位,新竹市新竹市中央路１２７號二十一樓,35.71,住,,,1150110,土地1建物1車位3,二十一層,二十三層,住宅大樓(11層含以上有電梯),住家用,鋼筋混凝土造,1071114,449.52,0,0,0,無,有,80000000,215497,坡道平面,104.04,5550000,,RPXNMLRLJHLGFAO07DA,198.82,9.8,21.03,有,0311
新竹市,房地(土地+建物)+車位,新竹市新竹市高峰路１１０巷２５０號三樓,32.96,住,,,1150130,土地1建物1車位1,三層,七層,華廈(10層含以下有電梯),住家用,鋼筋混凝土造,1140808,124.2,2,2,1,有,有,17500000,140902,坡道平面,27.74,0,,RPUNMLPJKHLGFAO09DA,57.48,0.0,7.44,有,0312
新竹市,土地,茄苳段831-35地號,1289.12,,山坡地保育區,農牧用地,1150113,土地1建物0車位0,,,其他,,,,0.0,0,0,0,無,無,3280000,2544,,0.0,0,,RPTRMLOLKHLGFAO86DA,0.0,0.0,0.0,無,
新竹市,房地(土地+建物)+車位,新竹市新竹市大學路５６號１６樓之２,51.56,住,,,1150112,土地2建物2車位2,十六層,二十一層,住宅大樓(11層含以上有電梯),住家用,鋼筋混凝土造,0851114,465.37,6,2,4,有,有,46960000,100909,坡道平面,0.0,0,,RPOOMLNKLHLGFAO58DA,294.53,8.14,43.44,有,
新竹市,房地(土地+建物),新竹市新竹市少年街６７號３樓,20.5,住,,,1150129,土地1建物1車位0,三層,四層,公寓(5樓含以下無電梯),住家用,鋼筋混凝土造,0750607,73.89,2,2,1,有,無,5300000,71728,,0.0,0,其他增建；,RPSNMLRKLHLGFAO66DA,59.15,0.0,3.5,無,
新竹市,房地(土地+建物),新竹市新竹市中清路２２之７號,71.03,住,,,1150108,土地4建物1車位0,全,五層,透天厝,住家用,鋼筋混凝土造,0980917,265.56,4,3,4,有,無,17700000,66652,,0.0,0,其他增建；,RPVNMLRKLHLGFAO96DA,211.45,25.0,29.11,無,
新竹市,房地(土地+建物)+車位,新竹市新竹市中華路五段７６２號五樓之３,28.49,商,,,1150116,土地2建物1車位1,五層,十三層,住宅大樓(11層含以上有電梯),住家用,鋼筋混凝土造,1130723,154.49,3,2,2,有,有,13000000,84148,坡道平面,34.13,0,,RPTOMLQKJHLGFAO56DA,73.1,0.0,7.43,有,0313
新竹市,房地(土地+建物),新竹市新竹市武陵路１７５巷９號６樓之１,12.93,住,,,1150126,土地2建物1車位0,六層,二十一層,住宅大樓(11層含以上有電梯),住家用,鋼筋混凝土造,0870718,116.22,3,2,2,有,有,10500000,90346,,0.0,0,,RPTPMLPLKHLGFAO76DA,76.82,0.84,10.29,有,0314
新竹市,房地(土地+建物)+車位,新竹市新竹市關東路２５３號５樓,24.0,住,,,1150131,土地1建物1車位1,五層,七層,華廈(10層含以下有電梯),住家用,鋼筋混凝土造,0830504,142.48,3,2,2,有,有,14000000,98259,坡道平面,0.0,0,陽台加窗其他增建；,RPOQMLMJLHLGFAO58DA,85.79,0.0,9.46,有,
新竹市,房地(土地+建物)+車位,新竹市新竹市介壽路２３號十七樓之６,19.5,住,,,1150126,土地1建物1車位1,十七層,二十二層,住宅大樓(11層含以上有電梯),住家用,鋼筋混凝土造,1090930,156.53,3,2,2,有,有,29600000,189101,坡道平面,35.92,0,,RPXNMLKKLHLGFAO09DA,76.15,0.0,4.02,有,0315
新竹市,房地(土地+建物)+車位,新竹市新竹市經國路一段３９８巷１弄１號８樓,17.13,住,,,1150123,土地4建物1車位1,八層,八層,華廈(10層含以下有電梯),住家用,鋼筋混凝土造,,115.44,3,2,1,有,有,13000000,112613,坡道平面,0.0,0,其他增建：陽台增建。其他增建；,RPQNNLQKLHLGFAO09DA,67.7,1.5,8.09,有,0316
新竹市,房地(土地+建物)+車位,新竹市新竹市頂埔路２２巷５號３樓,10.94,商,,,1150125,土地1建物1車位1,三層,十層,華廈(10層含以下有電梯),住家用,鋼筋混凝土造,0840619,110.89,3,2,2,有,有,8100000,73045,坡道機械,0.0,0,其他增建；,RPTNMLSKLHLGFAO86DA,70.52,0.0,9.49,有,
新竹市,土地,水源段902地號,96.3,,特定農業區,農牧用地,1150118,土地6建物0車位0,,,其他,,,,0.0,0,0,0,無,無,2680000,27830,,0.0,0,,RPTOMLKLJHLGFAO68DA,0.0,0.0,0.0,無,0317
新竹市,土地,鹽水段763地號,50.66,住,,,1150111,土地1建物0車位0,,,其他,,,,0.0,0,0,0,無,無,3000000,59218,,0.0,0,親友、員工、共有人或其他特殊關係間之交易；,RPPNMLSJKHLGFAO88DA,0.0,0.0,0.0,無,
新竹市,房地(土地+建物)+車位,新竹市新竹市中華路四段２８６號十一樓之１１,17.44,住,,,1150125,土地1建物1車位1,十一層,十三層,住宅大樓(11層含以上有電梯),住家用,鋼筋混凝土造,1040505,138.22,2,2,1,有,有,14900000,107799,坡道平面,34.0,0,,RPSOMLPJLHLGFAO09DA,59.73,2.67,11.63,有,0318
新竹市,土地,北門段1942地號,36.5,商,,,1150128,土地1建物0車位0,,,其他,,,,0.0,0,0,0,無,無,17666000,484000,,0.0,0,,RPPTMLQKLHLGFAO86DA,0.0,0.0,0.0,無,0319
新竹市,土地,北門段1943地號,3.5,住,,,1150128,土地1建物0車位0,,,其他,,,,0.0,0,0,0,無,無,1058750,302500,,0.0,0,,SPPTMLQKLHLGFAO96DA,0.0,0.0,0.0,無,0320
新竹市,房地(土地+建物)+車位,新竹市新竹市金雅八街９２號二樓之２,21.31,,鄉村區,乙種建築用地,1150127,土地1建物1車位1,二層,十二層,住宅大樓(11層含以上有電梯),住家用,鋼筋混凝土造,1130205,115.46000000000001,2,2,1,有,有,15300000,132513,坡道平面,32.62,0,,RPVVMLQKLHLGFAO67DA,50.25,0.0,4.86,有,0321
新竹市,房地(土地+建物),新竹市新竹市延平路三段５２６巷４弄７５之１號,80.14,住,,,1150121,土地1建物1車位0,全,三層,透天厝,住商用,鋼筋混凝土造,0880105,184.39,5,2,3,有,無,10500000,56945,,0.0,0,其他增建為頂樓其他增建；,RPVOMLSKLHLGFAO17DA,162.42,10.78,11.19,無,
新竹市,土地,千甲段605地號,948.53,農,,,1150119,土地1建物0車位0,,,其他,,,,0.0,0,0,0,無,無,33000000,34791,,0.0,0,,RPQNMLKLLHLGFAO48DA,0.0,0.0,0.0,無,
新竹市,土地,北門段1941地號,52.0,都市：其他:道路用地,,,1150128,土地1建物0車位0,,,其他,,,,0.0,0,0,0,無,無,3858400,74200,,0.0,0,包含公共設施保留地用地；,RPRNMLTKLHLGFAO86EA,0.0,0.0,0.0,無,
新竹市,土地,北門段1942地號,36.5,商,,,1150128,土地1建物0車位0,,,其他,,,,0.0,0,0,0,無,無,17666000,484000,,0.0,0,,RPSNMLTKLHLGFAO96EA,0.0,0.0,0.0,無,0319
新竹市,土地,北門段1943地號,3.5,住,,,1150128,土地1建物0車位0,,,其他,,,,0.0,0,0,0,無,無,1058750,302500,,0.0,0,,SPSNMLTKLHLGFAO07EA,0.0,0.0,0.0,無,0320
新竹市,房地(土地+建物)+車位,新竹市新竹市埔頂路２７３號五樓之２,46.24,住,,,1150119,土地2建物1車位1,五層，夾層,五層,華廈(10層含以下有電梯),住家用,鋼筋混凝土造,0921212,157.54,4,2,3,有,有,17500000,111083,一樓平面,0.0,0,遮雨棚增建、2樓更衣室其他增建；,RPWNMLSLJHLGFAO07DA,92.79,7.09,7.25,有,
新竹市,房地(土地+建物)+車位,新竹市新竹市明湖路３９３巷２５弄３１號１０樓,35.33,都市：其他:甲種風景區,,,1150107,土地1建物1車位1,十層,十層,華廈(10層含以下有電梯),住家用,鋼筋混凝土造,0821007,136.35,3,3,2,有,有,10680000,78328,坡道平面,0.0,0,陽台加窗其他增建；,RPQNMLLKLHLGFAO48DA,85.49,0.75,9.15,有,
新竹市,房地(土地+建物)+車位,新竹市新竹市光華街７８巷７號四樓,39.13,住,,,1150110,土地1建物1車位1,四層,五層,華廈(10層含以下有電梯),住家用,鋼筋混凝土造,,172.6,3,2,2,有,無,12000000,69525,坡道平面,0.0,0,,RPVOMLNLLHLGFAO76DA,107.12,0.0,15.1,有,
新竹市,土地,和平段337地號,290.0,工,,,1150127,土地1建物0車位0,,,其他,,,,0.0,0,0,0,無,無,12800000,44138,,0.0,0,,RPPOMLRKLHLGFAO09DA,0.0,0.0,0.0,無,
新竹市,土地,虎林段74地號,464.25,,特定農業區,農牧用地,1150118,土地1建物0車位0,,,其他,,,,0.0,0,0,0,無,無,1500000,3231,,0.0,0,,RPSOMLNLLHLGFAO09DA,0.0,0.0,0.0,無,
新竹市,房地(土地+建物),新竹市新竹市榮濱路４８巷１２弄１６號,74.55,住,,,1150124,土地1建物1車位0,全,二層,透天厝,住家用,加強磚造,0680719,118.4,4,2,2,有,無,10600000,89527,,0.0,0,測量成果圖以外之部分,RPPPMLNLLHLGFAO88DA,118.4,0.0,0.0,無,0324
新竹市,房地(土地+建物),新竹市新竹市延濱路２７號,85.39,住,,,1150118,土地2建物1車位0,全,四層,透天厝,住家用,鋼筋混凝土造,1010601,254.52,4,3,4,有,無,10888000,42779,,0.0,0,親友、員工、共有人或其他特殊關係間之交易；,RPTPMLNLLHLGFAO66DA,217.68,5.37,31.47,無,0325
新竹市,房地(土地+建物)+車位,新竹市新竹市北新街１３１號四樓之１９,8.4,住,,,1150124,土地2建物1車位1,四層,十層,華廈(10層含以下有電梯),辦公用,鋼筋混凝土造,0980319,64.75,2,1,1,有,有,9700000,149807,坡道平面,0.0,0,夾層；,RPQNMLPLJHLGFAO78DA,27.59,1.75,3.3,有,
新竹市,房地(土地+建物)+車位,新竹市新竹市慈雲路１２１號十四樓之２,12.56,商,,,1150125,土地1建物1車位1,十四層,二十八層,住宅大樓(11層含以上有電梯),住家用,鋼筋混凝土造,1050125,197.67000000000002,3,2,2,有,有,33300000,168463,坡道平面,0.0,0,,RPXOMLTJLHLGFAO37DA,101.99,1.95,10.58,有,0326
新竹市,房地(土地+建物),新竹市新竹市港清街１３號,65.08,住,,,1150121,土地2建物1車位0,全,四層,透天厝,住家用,鋼筋混凝土造,1141231,215.57,4,2,4,有,無,16000000,74222,,0.0,0,親友、員工、共有人或其他特殊關係間之交易；,RPPNMLNLLHLGFAO68DA,193.89,0.0,21.68,無,
新竹市,房地(土地+建物),新竹市新竹市港清一街２號,64.92,住,,,1150122,土地2建物1車位0,全,四層,透天厝,住家用,鋼筋混凝土造,1150108,208.12,6,2,4,有,無,18500000,88891,,0.0,0,,RPQNMLOLLHLGFAO88DA,189.9,0.0,18.22,無,
新竹市,房地(土地+建物)+車位,新竹市新竹市天府路一段５１９號八樓,10.59,住,,,1150114,土地1建物1車位1,八層,十四層,住宅大樓(11層含以上有電梯),住家用,鋼筋混凝土造,0970520,125.63999999999999,3,2,2,有,有,9400000,74817,坡道機械,17.69,0,鐵鋁窗增建其他增建；,RPVOMLTJLHLGFAO17DA,67.49,0.0,9.11,有,0327
新竹市,房地(土地+建物),新竹市新竹市竹光路９５巷４弄２０號,65.0,住,,,1150131,土地1建物1車位0,全,二層,透天厝,住家用,加強磚造,0610115,83.44,4,2,4,有,無,15150000,181568,,0.0,0,鐵皮屋頂增建、防火巷、3樓、法空加蓋。其他增建；,RPXOMLNLLHLGFAO96DA,83.44,0.0,0.0,無,
新竹市,房地(土地+建物),新竹市新竹市至善街３５巷３０號二樓,16.23,,山坡地保育區,丙種建築用地,1150126,土地2建物1車位0,二層,五層,公寓(5樓含以下無電梯),住家用,鋼筋混凝土造,0860707,33.88,0,0,0,無,無,1700000,50177,,0.0,0,,RPTNMLPJKHLGFAO98DA,23.68,0.0,3.6,無,0328
新竹市,房地(土地+建物),新竹市新竹市明湖路１０５０巷２８６號４樓,32.82,,山坡地保育區,丙種建築用地,1150125,土地1建物1車位0,四層,九層,華廈(10層含以下有電梯),住家用,鋼筋混凝土造,0860715,76.1,2,2,1,有,有,7080000,93035,,0.0,0,,RPTOMLSKLHLGFAO96DA,57.37,0.0,6.45,有,0329
新竹市,房地(土地+建物)+車位,新竹市新竹市明湖路６４８巷８３號４樓,23.97,,山坡地保育區,丙種建築用地,1150118,土地1建物1車位1,四層,七層,華廈(10層含以下有電梯),住家用,鋼筋混凝土造,0800119,80.67,2,2,1,有,有,7200000,89253,坡道平面,0.0,0,,RPVNMLRLLHLGFAO07DA,60.93,0.7,6.26,有,
新竹市,房地(土地+建物),新竹市新竹市和平路１８１號,640.67,,特定農業區,農牧用地,1150101,土地3建物1車位0,全,四層,透天厝,住商用,鋼筋混凝土造,0690919,197.13,6,1,3,有,無,14500000,73556,,0.0,0,親友、員工、共有人或其他特殊關係間之交易；,RPPNMLKLLHLGFAO48EA,197.13,0.0,0.0,無,
新竹市,房地(土地+建物)+車位,新竹市新竹市埔頂二路５２號十三樓,10.08,商,,,1150113,土地1建物1車位1,十三層,二十四層,住宅大樓(11層含以上有電梯),住家用,鋼筋混凝土造,1100104,109.61,2,2,1,有,有,19000000,173342,坡道平面,27.54,0,,RPPNMLRLLHLGFAO56EA,46.66,2.76,4.25,有,0330
新竹市,房地(土地+建物),新竹市新竹市城北街１５９號,83.0,住,,,1150130,土地2建物1車位0,全,二層,透天厝,住商用,加強磚造,0491109,118.26,4,2,3,有,無,18000000,152207,,0.0,0,,RPPNMLRLKHLGFAO98DA,118.26,0.0,0.0,無,
新竹市,房地(土地+建物)+車位,新竹市新竹市中華路三段１０號５樓之７,7.08,商,,,1150120,土地1建物1車位1,五層,十四層,住宅大樓(11層含以上有電梯),住家用,鋼筋混凝土造,0890417,76.54,1,0,1,有,有,6800000,88842,坡道機械,0.0,0,陽台外推；,RPPOMLOLLHLGFAO88DA,38.2,0.0,11.58,有,
新竹市,房地(土地+建物),新竹市新竹市經國路一段３２９號７樓之４,11.78,住,,,1150116,土地1建物1車位0,七層,十三層,住宅大樓(11層含以上有電梯),住家用,鋼筋混凝土造,0841016,109.75999999999999,3,2,2,有,有,9380000,85459,,0.0,0,陽台加窗其他增建；,RPPNMLQLJHLGFAO78DA,72.15,1.45,10.0,有,
新竹市,房地(土地+建物)+車位,新竹市新竹市崇和路９號二樓,29.39,住,,,1150124,土地1建物1車位2,二層,二十三層,住宅大樓(11層含以上有電梯),住家用,鋼筋混凝土造,1040114,273.76,4,2,2,有,有,39600000,144652,坡道平面,0.0,0,建築物含其他增建:後陽台加窗、雨遮做露台使用其他增建；,RPTNMLTKLHLGFAO96DA,136.34,10.53,14.15,有,0331
新竹市,房地(土地+建物),新竹市新竹市金山北二街８７號二樓之２,6.34,住,,,1150111,土地1建物1車位0,二層,六層,華廈(10層含以下有電梯),住家用,鋼筋混凝土造,0950215,29.11,1,1,1,有,有,5000000,171762,,0.0,0,夾層；,RPTOMLNKJHLGFAO88DA,15.13,0.0,4.69,有,0332
新竹市,房地(土地+建物),新竹市新竹市東山街１７號二樓,24.75,住,,,1150126,土地1建物1車位0,二層,四層,公寓(5樓含以下無電梯),住家用,鋼筋混凝土造,,80.64,3,1,1,有,無,6000000,74405,,0.0,0,親友、員工、共有人或其他特殊關係間之交易；,RPQOMLTLJHLGFAO66DA,80.64,0.0,0.0,無,
新竹市,房地(土地+建物)+車位,新竹市新竹市東大路一段３９巷３３號四樓之２１,8.88,住,,,1150111,土地1建物1車位1,四層,九層,華廈(10層含以下有電梯),辦公用,鋼筋混凝土造,0970701,57.26,1,1,1,有,有,8850000,154558,坡道機械,19.16,0,其他增建: 夾層。夾層；其他增建；,RPUOMLLMLHLGFAO56DA,22.71,0.0,2.04,有,0333
新竹市,房地(土地+建物),新竹市新竹市芝柏一街１號,212.89,,山坡地保育區,丙種建築用地,1150128,土地1建物1車位0,全,四層,透天厝,住家用,鋼筋混凝土造,0951130,384.34,12,0,12,有,無,24000000,62445,,0.0,0,其他增建；,RPXSMLKLLHLGFAO07DA,350.54,0.0,33.8,無,0334
新竹市,房地(土地+建物)+車位,新竹市新竹市湳雅街３５７之１號２樓,21.58,住,,,1150108,土地1建物1車位1,二層,八層,華廈(10層含以下有電梯),住家用,鋼筋混凝土造,0870720,140.25,3,2,2,有,有,12800000,91259,坡道平面,0.0,0,其他增建；,RPPOMLKMLHLGFAO58DA,75.95,0.0,12.62,有,0335
新竹市,房地(土地+建物)+車位,新竹市新竹市金雅東街２２號七樓,32.58,,鄉村區,乙種建築用地,1150101,土地1建物1車位1,七層,十三層,住宅大樓(11層含以上有電梯),住家用,鋼筋混凝土造,1110426,170.03,2,2,2,有,有,25300000,148797,坡道平面,35.02,0,,RPVNMLLMLHLGFAO56DA,77.09,0.0,8.82,有,0336
新竹市,房地(土地+建物)+車位,新竹市新竹市經國路二段５３５之１４號七樓,19.43,商,,,1150121,土地2建物1車位1,七層,十三層,住宅大樓(11層含以上有電梯),住家用,鋼筋混凝土造,0951220,139.88,3,2,2,有,有,16200000,115822,坡道平面,0.0,0,陽台外推；,RPROMLMJMHLGFAO78DA,75.81,2.72,8.83,有,0337
新竹市,房地(土地+建物)+車位,新竹市新竹市境福街１７６巷５號３樓,25.23,,鄉村區,乙種建築用地,1150120,土地1建物1車位1,三層,五層,華廈(10層含以下有電梯),住家用,鋼筋混凝土造,0831114,92.52,3,2,2,有,無,8900000,96195,坡道平面,0.0,0,親友、員工、共有人或其他特殊關係間之交易；,RPSNMLPJKHLGFAO88DA,55.47,0.0,6.82,有,0338
新竹市,房地(土地+建物),新竹市新竹市延平路三段４７８號,176.63,住,,,1150108,土地2建物1車位0,全,三層,透天厝,住商用,加強磚造,0690411,225.69,4,2,2,有,無,21000000,93048,,0.0,0,,RPPNMLSLLHLGFAO56DA,225.69,0.0,0.0,無,
新竹市,房地(土地+建物)+車位,新竹市新竹市柴橋路５９巷８９號８樓,38.97,,山坡地保育區,丙種建築用地,1150128,土地5建物1車位1,八層,十一層,住宅大樓(11層含以上有電梯),住家用,鋼筋混凝土造,,104.6,3,2,2,有,有,9160000,87580,升降平面,0.0,0,增建：遮雨棚增建其他增建；,RPPNMLMJMHLGFAO48DA,67.15,0.0,10.29,有,
新竹市,房地(土地+建物),新竹市新竹市仁德街６４號,44.0,商,,,1150121,土地1建物1車位0,全,二層,透天厝,商業用,加強磚造,,79.62,4,2,4,有,無,13980000,175584,,0.0,0,其他增建為：頂樓其他增建；,RPOOMLSJMHLGFAO09DA,79.62,0.0,0.0,無,0339
新竹市,土地,中山段三小段423地號,23.0,商,,,1150129,土地1建物0車位0,,,其他,,,,0.0,0,0,0,無,無,4870250,211750,,0.0,0,親友、員工、共有人或其他特殊關係間之交易；未登記建物；,RPPNMLRJMHLGFAO09EA,0.0,0.0,0.0,無,0340
新竹市,房地(土地+建物),新竹市新竹市明湖路１０５０巷１９號,24.53,,山坡地保育區,丙種建築用地,1150120,土地3建物1車位0,一層,五層,公寓(5樓含以下無電梯),住家用,鋼筋混凝土造,0820617,93.8,2,1,1,有,有,5780000,61620,,0.0,0,平台外推、陽台增建、採光罩陽台外推；其他增建；,RPUOMLLJMHLGFAO98DA,57.59,8.01,0.0,無,
新竹市,房地(土地+建物)+車位,新竹市新竹市溪州路１０８號三樓之１,35.41,,特定農業區,甲種建築用地,1150127,土地3建物1車位1,三層,九層,華廈(10層含以下有電梯),住家用,鋼筋混凝土造,1120816,142.2,3,2,2,有,有,18880000,132771,一樓平面,0.0,0,其他增建包含後陽台加窗其他增建；,RPPNMLSJMHLGFAO56EA,71.09,0.0,8.04,有,0341
新竹市,房地(土地+建物),新竹市新竹市振興路１３０號,86.7,住,,,1150124,土地3建物1車位0,全,四層,透天厝,住商用,鋼筋混凝土造,1040430,255.71,4,2,6,有,有,25500000,99722,,0.0,0,陽台外推；,RPQNMLSJMHLGFAO66EA,237.41,0.0,18.3,無,
新竹市,房地(土地+建物)+車位,新竹市新竹市慈濟路１６１號十八樓,15.32,商,,,1150123,土地1建物1車位1,十八層,二十四層,住宅大樓(11層含以上有電梯),住家用,鋼筋混凝土造,1100104,152.19,2,2,2,有,有,26200000,172153,坡道平面,27.54,0,,RPSNMLTKLHLGFAO86DA,70.8,6.23,4.28,有,0342
新竹市,房地(土地+建物)+車位,新竹市新竹市經國路二段１７９號十樓之８,6.28,商,,,1150113,土地1建物1車位1,十層,十一層,住宅大樓(11層含以上有電梯),辦公用,鋼筋混凝土造,0971108,56.04,1,1,1,有,有,7600000,135617,坡道機械,13.32,0,夾層；,RPXOMLSJMHLGFAO37DA,25.92,0.0,2.88,有,0343
新竹市,房地(土地+建物),新竹市新竹市中山路６２０號三樓,25.09,住,,,1150128,土地3建物1車位0,三層,五層,華廈(10層含以下有電梯),住家用,鋼筋混凝土造,1080716,114.13,3,2,2,有,有,12500000,109524,,0.0,0,陽台外推；,RPTOMLTJMHLGFAO07DA,77.97,2.2,6.46,有,0344
新竹市,房地(土地+建物)+車位,新竹市新竹市明湖路１０５０巷１０號３樓,40.72,,山坡地保育區,丙種建築用地,1150124,土地3建物1車位1,三層,五層,華廈(10層含以下有電梯),住家用,鋼筋混凝土造,0821019,121.00999999999999,2,2,2,有,有,7800000,64457,坡道平面,0.0,0,,RPSTMLQKLHLGFAO17DA,62.75,0.0,8.05,有,0345
新竹市,房地(土地+建物)+車位,新竹市新竹市牛埔南路２６號七樓之２,24.36,住,,,1150102,土地1建物1車位1,七層,十五層,住宅大樓(11層含以上有電梯),住家用,鋼筋混凝土造,1101229,185.87,3,2,2,有,有,19800000,106526,坡道平面,46.57,0,其他增建為：鐵鋁窗、次臥隔間客變其他增建；,RPQNMLKKMHLGFAO48DA,84.49,0.0,8.84,有,0346
新竹市,房地(土地+建物),新竹市新竹市港清二街４３號,60.08,住,,,1150107,土地2建物1車位0,全,四層,透天厝,住家用,鋼筋混凝土造,1090907,164.14,4,2,3,有,無,17600000,107226,,0.0,0,其他增建；,RPWNMLNKMHLGFAO76DA,147.01,0.0,17.13,無,0347
新竹市,房地(土地+建物),新竹市新竹市經國路二段１６０號九樓之８,9.45,住,,,1150124,土地2建物1車位0,九層,十層,華廈(10層含以下有電梯),辦公用,鋼筋混凝土造,0970730,64.62,0,0,1,有,有,9800000,151656,,0.0,0,其他增建: 露台、遮雨棚增建。夾層；其他增建；,RPPPMLNKMHLGFAO88DA,40.89,0.0,0.0,有,
新竹市,房地(土地+建物),新竹市新竹市光復路二段６５９號九樓之１２,5.17,商,,,1150131,土地1建物1車位0,九層,十層,華廈(10層含以下有電梯),住家用,鋼筋混凝土造,0950519,33.6,1,1,1,有,有,4750000,141369,,0.0,0,陽台外推；夾層；,RPTNMLLJMHLGFAO78DA,18.16,0.0,2.03,有,0348
新竹市,房地(土地+建物)+車位,新竹市新竹市埔頂路５１８號十七樓之５,20.82,住,,,1150109,土地1建物1車位1,十七層,二十二層,住宅大樓(11層含以上有電梯),住家用,鋼筋混凝土造,1020910,184.47,3,2,2,有,有,30880000,181121,坡道平面,22.81,1600000,,RPQPMLNKMHLGFAO98DA,89.83,11.03,9.49,有,0349
新竹市,土地,新港段664-11地號,23.07,住,,,1150113,土地1建物0車位0,,,其他,,,,0.0,0,0,0,無,無,935000,40529,,0.0,0,未登記建物；,RPXOMLPLKHLGFAO07DA,0.0,0.0,0.0,無,
新竹市,土地,東山段二小段448地號,38.13,都市：其他:道路用地,,,1150122,土地1建物0車位0,,,其他,,,,0.0,0,0,0,無,無,2558029,67087,,0.0,0,包含公共設施保留地用地；,RPPOMLMJMHLGFAO58DA,0.0,0.0,0.0,無,0350
新竹市,房地(土地+建物),新竹市新竹市嘉濱路１２巷１５號,129.0,住,,,1150116,土地2建物1車位0,全,三層,透天厝,住家用,鋼筋混凝土造,0880927,211.24,4,3,3,有,無,14600000,69116,,0.0,0,1.鐵皮屋頂增建。2.防火巷。3.鐵鋁窗、遮雨棚增建。陽台外推；其他增建；,RPOPMLNKMHLGFAO78DA,175.29,19.45,16.5,無,
新竹市,房地(土地+建物),新竹市新竹市安康街９巷１號,18.2,住,,,1150111,土地2建物1車位0,一層,五層,華廈(10層含以下有電梯),商業用,鋼筋混凝土造,1091224,55.81,1,1,1,有,無,5800000,103924,,0.0,0,親友、員工、共有人或其他特殊關係間之交易；其他增建；,RPPNMLPKMHLGFAO98EA,41.13,0.0,0.0,有,0351
新竹市,房地(土地+建物)+車位,新竹市新竹市東新路１１０號四樓之５,12.79,都市：其他:住商混合區,,,1150104,土地1建物1車位1,四層,四層,華廈(10層含以下有電梯),住家用,鋼筋混凝土造,1090928,112.88,2,2,1,有,有,19000000,168320,坡道平面,0.0,0,陽台加窗其他增建；,RPXNMLMJMHLGFAO66DA,49.87,0.0,3.8,有,0352
新竹市,土地,南門段二小段119-1地號,30.0,都市：其他:道路用地,,,1150111,土地1建物0車位0,,,其他,,,,0.0,0,0,0,無,無,4368000,145600,,0.0,0,本案件依土地法34條之1辦理包含公共設施保留地用地；,RPROMLMJJHLGFAO48DA,0.0,0.0,0.0,無,
新竹市,房地(土地+建物)+車位,新竹市新竹市公道五路二段３０５號七樓,39.34,住,,,1150110,土地1建物1車位2,七層,十四層,住宅大樓(11層含以上有電梯),住家用,鋼筋混凝土造,0980922,275.51,4,2,2,有,有,38050000,138108,坡道平面,0.0,0,其他：陽台外推增建陽台外推；其他增建；,RPQPMLQKMHLGFAO66DA,137.14,6.09,22.45,有,
新竹市,房地(土地+建物)+車位,新竹市新竹市中華路四段２８６號九樓之６,22.15,住,,,1150110,土地1建物1車位1,九層,十三層,住宅大樓(11層含以上有電梯),住家用,鋼筋混凝土造,1040505,159.89999999999998,3,2,2,有,有,17280000,108068,坡道平面,34.0,0,陽台加鐵窗其他增建；,RPSNMLLLMHLGFAO98EA,76.53,3.3,7.97,有,0353
新竹市,土地,五福段168地號,7733.13,,山坡地保育區,農牧用地,1150118,土地5建物0車位0,,,其他,,,,0.0,0,0,0,無,無,65499560,8470,,0.0,0,,RPPNMLSKMHLGFAO56DA,0.0,0.0,0.0,無,
新竹市,房地(土地+建物)+車位,新竹市新竹市慈雲路１２１號十四樓之５,10.32,商,,,1150122,土地1建物1車位1,十四層,二十八層,住宅大樓(11層含以上有電梯),住家用,鋼筋混凝土造,1050125,167.72,3,2,2,有,有,25800000,153828,坡道平面,29.26,0,親友、員工、共有人或其他特殊關係間之交易；,RPPNMLNLMHLGFAO88EA,86.09,3.12,4.95,有,0354
新竹市,房地(土地+建物)+車位,新竹市新竹市慈濟路２１１號五樓之８,19.32,都市：其他:商務專用區,,,1150131,土地1建物1車位1,五層,二十一層,住宅大樓(11層含以上有電梯),住家用,鋼筋混凝土造,1090512,165.45,3,2,2,有,有,26300000,158960,坡道平面,0.0,0,陽台加窗其他增建；,RPSNMLTJKHLGFAO66DA,76.96,0.0,4.29,有,0355
新竹市,房地(土地+建物)+車位,新竹市新竹市高翠路１６０巷１４０號４樓,75.06,都市：其他:風景區,,,1150111,土地2建物1車位1,四層,五層,華廈(10層含以下有電梯),住家用,鋼筋混凝土造,0890626,131.82999999999998,3,2,2,有,有,14500000,109990,坡道平面,31.97,0,陽台加窗,RPUOMLRKMHLGFAO07DA,67.05,0.0,8.58,有,0356
新竹市,房地(土地+建物),新竹市新竹市新源街１１０號４樓,34.02,住,,,1150107,土地1建物1車位0,四層,十二層,住宅大樓(11層含以上有電梯),住家用,鋼筋混凝土造,0870410,162.01,3,2,2,有,有,10200000,62959,,0.0,0,親友、員工、共有人或其他特殊關係間之交易；,RPRNMLSJJHLGFAO98DA,100.26,0.0,12.33,有,0357
新竹市,房地(土地+建物),新竹市新竹市南大路４７３巷３９號,65.0,住,,,1150118,土地1建物1車位0,全,四層,透天厝,住商用,鋼筋混凝土造,0881101,142.46,14,1,14,有,無,18880000,132528,,0.0,0,頂樓加蓋；含租約；,RPWQMLNLJHLGFAO86DA,142.46,0.0,0.0,無,0358
新竹市,房地(土地+建物)+車位,新竹市新竹市金雅路１３３巷８弄１８號三樓,31.03,,鄉村區,乙種建築用地,1150126,土地1建物1車位1,三層,五層,公寓(5樓含以下無電梯),住家用,鋼筋混凝土造,0830603,110.98,3,2,2,有,無,9000000,81096,一樓平面,0.0,0,其他增建:鋁門窗陽台外推；其他增建；,RPTOMLKMLHLGFAO98DA,69.44,0.0,9.7,無,
新竹市,房地(土地+建物)+車位,新竹市新竹市境福街４２號二樓之２,37.36,住,,,1150117,土地1建物1車位1,二層,七層,華廈(10層含以下有電梯),住家用,鋼筋混凝土造,1010717,161.25,3,2,2,有,有,15500000,96124,坡道機械,16.67,0,平台外推陽台外推；其他增建；,RPWNMLKMMHLGFAO66DA,76.98,22.07,7.34,有,0359
新竹市,土地,水源段682地號,1376.54,,特定農業區,農牧用地,1150103,土地1建物0車位0,,,其他,,,,0.0,0,0,0,無,無,53040000,38531,,0.0,0,農作物；,RPVNMLLLMHLGFAO56DA,0.0,0.0,0.0,無,
新竹市,房地(土地+建物),新竹市新竹市中華路三段９號８樓之６,7.89,商,,,1150119,土地1建物1車位0,八層,十六層,住宅大樓(11層含以上有電梯),辦公用,鋼筋混凝土造,0800708,85.03,3,0,0,有,有,6380000,75032,,0.0,0,,RPTOMLOJNHLGFAO66DA,55.35,0.0,9.66,有,0360
新竹市,土地,前溪段233-3地號,1533.15,,特定農業區,農牧用地,1150119,土地1建物0車位0,,,其他,,,,0.0,0,0,0,無,無,27480000,17924,,0.0,0,含租約；,RPPNMLTKLHLGFAO56DA,0.0,0.0,0.0,無,
新竹市,土地,前溪段233地號,1500.0,,特定農業區,特定目的事業用地,1150119,土地1建物0車位0,,,其他,,,,0.0,0,0,0,無,無,122520000,81680,,0.0,0,含租約；,RPQNMLTKLHLGFAO66DA,0.0,0.0,0.0,無,
新竹市,房地(土地+建物),新竹市新竹市埔頂路１２５號３樓,16.83,住,,,1150129,土地4建物1車位0,三層,七層,華廈(10層含以下有電梯),住家用,鋼筋混凝土造,0841208,101.37,2,2,1,有,有,12080000,119167,,0.0,0,,RPXNMLSLMHLGFAO47DA,64.06,0.46,9.16,有,0361
新竹市,房地(土地+建物),新竹市新竹市四維路２１巷３９號４樓,31.04,住,,,1150129,土地1建物1車位0,四層,五層,公寓(5樓含以下無電梯),住家用,鋼筋混凝土造,,74.95,2,2,1,有,無,4200000,56037,,0.0,0,,RPTNMLLKNHLGFAO98DA,74.95,0.0,0.0,無,
新竹市,房地(土地+建物)+車位,新竹市新竹市東大路二段６２２之１０號八樓之１,32.35,,鄉村區,乙種建築用地,1150112,土地1建物1車位1,八層,十四層,住宅大樓(11層含以上有電梯),住家用,鋼筋混凝土造,1130625,148.6,3,2,2,有,有,19800000,133244,坡道平面,19.68,0,親友、員工、共有人或其他特殊關係間之交易；,RPQOMLNLLHLGFAO88DA,78.03,0.0,8.24,有,0362
新竹市,房地(土地+建物),新竹市新竹市浸樹街１５巷７號,82.32,,鄉村區,乙種建築用地,1150116,土地2建物1車位0,全,四層,透天厝,住家用,鋼筋混凝土造,1030707,169.64,4,2,3,有,無,27000000,159161,,0.0,0,,RPOPMLLKNHLGFAO68DA,165.29,0.0,4.35,無,0363
新竹市,房地(土地+建物)+車位,新竹市新竹市仁德街７７號四樓之２,26.84,商,,,1150116,土地1建物1車位1,四層,十五層,住宅大樓(11層含以上有電梯),住家用,鋼筋混凝土造,1030410,249.3,4,2,3,有,有,33600000,134777,坡道平面,26.52,0,其他增建；,RPPNMLSKNHLGFAO76EA,136.73,4.96,13.92,有,0364
新竹市,房地(土地+建物)+車位,新竹市新竹市金雅西街１２３巷１號五樓之１,23.81,,鄉村區,乙種建築用地,1150108,土地1建物1車位1,五層,十層,華廈(10層含以下有電梯),住家用,鋼筋混凝土造,1090508,150.73000000000002,3,2,2,有,有,18300000,121409,坡道平面,28.46,0,,RPQNMLNKLHLGFAO68DA,69.59,8.46,6.1,有,0365
新竹市,房地(土地+建物),新竹市新竹市民主路５７巷５弄３５號２樓,44.0,住,,,1150117,土地1建物1車位0,二層,四層,公寓(5樓含以下無電梯),住家用,鋼筋混凝土造,0670609,91.42,3,2,2,有,無,6700000,73288,,0.0,0,,RPTOMLSKNHLGFAO17DA,91.42,0.0,0.0,無,
新竹市,土地,隆恩段1425-1地號,7.7,工,,,1150122,土地2建物0車位0,,,其他,,,,0.0,0,0,0,無,無,800000,103896,,0.0,0,,RPPOMLKLNHLGFAO68DA,0.0,0.0,0.0,無,0366
新竹市,土地,隆恩段1425-1地號,4.69,工,,,1150125,土地2建物0車位0,,,其他,,,,0.0,0,0,0,無,無,400000,85288,,0.0,0,,RPROMLKLNHLGFAO88DA,0.0,0.0,0.0,無,0366
新竹市,房地(土地+建物),新竹市新竹市經國路二段２３３號,123.0,商,,,1150120,土地1建物1車位0,全,四層,透天厝,住家用,鋼筋混凝土造,0761208,449.53,7,4,4,有,無,35000000,77859,,0.0,0,,RPTOMLNKMHLGFAO56DA,437.41,12.12,0.0,無,
新竹市,房地(土地+建物)+車位,新竹市新竹市慈雲路８７號九樓之１,11.42,商,,,1150106,土地1建物1車位1,九層,二十七層,住宅大樓(11層含以上有電梯),住家用,鋼筋混凝土造,1041208,154.6,2,2,1,有,有,25450000,164618,坡道平面,33.07,0,,RPPRMLKLNHLGFAO98DA,68.95,2.59,11.1,有,0368
新竹市,房地(土地+建物)+車位,新竹市新竹市長春街１５８巷１弄１３號４樓,38.54,住,,,1150115,土地1建物1車位1,四層,五層,公寓(5樓含以下無電梯),住家用,鋼筋混凝土造,0791220,149.87,3,2,2,有,有,13500000,90078,坡道平面,0.0,0,陽台外推；,RPROMLMLNHLGFAO09DA,130.34,0.0,10.74,無,0369
新竹市,土地,民富段950地號,202.0,都市：其他:道路用地,,,1150109,土地1建物0車位0,,,其他,,,,0.0,0,0,0,無,無,22813900,112940,,0.0,0,本案為土地法34條之1案件包含公共設施保留地用地；,RPPNMLSKLHLGFAO56EA,0.0,0.0,0.0,無,0370
新竹市,房地(土地+建物)+車位,新竹市新竹市大學路９０號２樓之２,15.31,住,,,1150111,土地2建物1車位1,二層,二十層,住宅大樓(11層含以上有電梯),住家用,鋼筋混凝土造,0851114,149.79,3,2,2,有,有,19000000,126844,坡道平面,0.0,0,陽台外推；,RPWNMLMKJHLGFAO98DA,82.9,0.0,14.7,有,0371
新竹市,房地(土地+建物),新竹市新竹市湳雅街１２６巷２１弄１４號２樓,20.96,住,,,1150126,土地1建物1車位0,二層,五層,公寓(5樓含以下無電梯),住家用,鋼筋混凝土造,,88.63,3,2,2,有,無,7950000,89699,,0.0,0,,RPUNMLPJNHLGFAO76DA,69.28,0.0,7.86,無,0372
新竹市,房地(土地+建物),新竹市新竹市四維路８３巷６號,38.4,住,,,1150114,土地2建物1車位0,一層,五層,公寓(5樓含以下無電梯),住家用,鋼筋混凝土造,0720801,117.29,3,2,2,有,無,7900000,67354,,0.0,0,,RPQNMLLKNHLGFAO68DA,101.81,0.0,0.0,無,
新竹市,建物,新竹市新竹市經國路三段１１９號,0.0,,,,1150126,土地0建物1車位0,全,二層,透天厝,工業用,加強磚造,,196.34,0,0,0,無,無,168800,860,,0.0,0,建物坐落地號：和平段699地號；,RPSNMLRLNHLGFAO96DA,196.34,0.0,0.0,無,
新竹市,房地(土地+建物),新竹市新竹市光復路一段４０３巷８弄８之４號４樓,25.05,住,,,1141224,土地1建物1車位0,四層,五層,公寓(5樓含以下無電梯),住家用,鋼筋混凝土造,0821110,99.27,3,2,2,有,有,9750000,98217,,0.0,0,,RPUNMLQLKIKGFAO76DA,73.13,0.0,9.42,無,0373
新竹市,房地(土地+建物),新竹市新竹市關東路１５０號７樓之１,21.5,住,,,1141220,土地4建物1車位0,七層,七層,華廈(10層含以下有電梯),住家用,鋼筋混凝土造,0820612,112.53999999999999,4,3,3,有,有,9800000,87080,,0.0,0,,RPUNMLTLKIKGFAO07DA,69.05,13.9,5.88,有,
新竹市,房地(土地+建物),新竹市新竹市鐵道路二段２９２巷１號,120.0,住,,,1141218,土地1建物1車位0,全,四層,透天厝,住商用,鋼筋混凝土造,1090619,240.27,4,2,4,有,無,36000000,149831,,0.0,0,其他增建包含:頂樓加蓋採光罩、一樓採光罩其他增建；,RPUOMLPLKHLGFAO76DA,221.97,0.0,18.3,有,0374
新竹市,房地(土地+建物),新竹市新竹市自由路９５巷１８弄７號２樓之１,12.37,商,,,1141230,土地1建物1車位0,二層,七層,華廈(10層含以下有電梯),住家用,鋼筋混凝土造,,93.72,3,2,2,有,有,8880000,94750,,0.0,0,陽台外推；,RPXOMLMJLHLGFAO66DA,71.39,0.38,5.36,有,0375
新竹市,房地(土地+建物)+車位,新竹市新竹市延平路一段３８９號六樓之３,28.03,,鄉村區,乙種建築用地,1141226,土地3建物1車位1,六層,十層,華廈(10層含以下有電梯),住家用,鋼筋混凝土造,1040620,150.03,3,2,2,有,有,17000000,113311,坡道平面,29.38,0,,RPVPMLOJLHLGFAO76DA,65.68,12.32,7.69,有,0376
新竹市,房地(土地+建物),新竹市新竹市培英街３８巷２４號　　　　,27.92,住,,,1141209,土地1建物1車位0,一層,五層,公寓(5樓含以下無電梯),住家用,鋼筋混凝土造,0700817,105.05000000000001,3,2,2,有,無,10550000,100428,,0.0,0,其他增建為一樓空地、鐵鋁窗、遮雨棚其他增建；,RPXNMLLLJHLGFAO09DA,78.48,14.5,0.0,無,
新竹市,房地(土地+建物),新竹市新竹市至街３５巷４８號三樓,13.83,,山坡地保育區,丙種建築用地,1141216,土地2建物1車位0,三層,五層,公寓(5樓含以下無電梯),住家用,鋼筋混凝土造,0860707,29.740000000000002,1,0,1,有,有,1450000,48756,,0.0,0,陽台外推；,RPRNMLNLKHLGFAO78DA,18.01,0.0,3.4,無,
新竹市,房地(土地+建物)+車位,新竹市新竹市延平路二段１４２８號四樓之２,31.25,,特定農業區,甲種建築用地,1141229,土地1建物1車位1,四層,十四層,住宅大樓(11層含以上有電梯),住家用,鋼筋混凝土造,1130808,147.7,4,2,2,有,有,14800000,100203,坡道平面,24.79,0,,RPVPMLQJLHLGFAO96DA,75.1,0.0,7.52,有,0377
新竹市,房地(土地+建物),新竹市新竹市建功路２６號４樓之２,2.97,住,,,1141214,土地1建物1車位0,四層,十二層,住宅大樓(11層含以上有電梯),住家用,鋼筋混凝土造,0841222,27.06,1,1,1,有,有,4800000,177384,,0.0,0,,RPPOMLQKJHLGFAO78DA,21.27,0.0,0.0,有,
新竹市,房地(土地+建物)+車位,新竹市新竹市高翠路６９號三樓之１０,17.26,住,,,1141223,土地1建物1車位1,三層,六層,華廈(10層含以下有電梯),辦公用,鋼筋混凝土造,0960331,72.12,2,1,1,有,有,10000000,138658,坡道平面,0.0,0,夾層；,RPRNMLRLKIKGFAO56DA,26.0,0.0,0.0,有,0378
新竹市,土地,東濱段1186地號,65.91,住,,,1141212,土地1建物0車位0,,,其他,,,,0.0,0,0,0,無,無,2592083,39328,,0.0,0,本案係依土地法第三十四條之一規定辦理未登記建物；,RPOOMLNLKHLGFAO58DA,0.0,0.0,0.0,無,0379
新竹市,房地(土地+建物),新竹市新竹市林森路３１０號７樓之１,12.37,商,,,1141221,土地1建物1車位0,七層,十二層,住宅大樓(11層含以上有電梯),住家用,鋼筋混凝土造,0850913,120.33,3,2,2,有,無,10000000,83105,,0.0,0,,RPPNMLPLKIKGFAO78DA,93.98,0.0,4.18,有,
新竹市,土地,東濱段1186地號,11.91,住,,,1141212,土地1建物0車位0,,,其他,,,,0.0,0,0,0,無,無,468416,39330,,0.0,0,本案係依土地法第三十四條之一規定辦理未登記建物；,RPPOMLNLKHLGFAO68DA,0.0,0.0,0.0,無,0379
新竹市,房地(土地+建物)+車位,新竹市新竹市育德街６６號五樓之３,38.44,住,,,1141227,土地1建物1車位1,五層,五層,華廈(10層含以下有電梯),住家用,鋼筋混凝土造,1140728,116.22,3,2,2,有,有,18200000,156600,一樓平面,0.0,0,陽台外推；,RPOOMLMKLHLGFAO48DA,74.94,0.0,5.02,有,
新竹市,房地(土地+建物)+車位,新竹市新竹市金竹路１５６號四樓之２,43.03,住,,,1141213,土地1建物1車位2,四層,十四層,住宅大樓(11層含以上有電梯),住家用,鋼筋混凝土造,1030110,279.5,4,2,2,有,有,33500000,119861,坡道平面,0.0,0,其他增建；,RPUPMLMKLHLGFAO56DA,135.61,2.22,12.83,有,0381
新竹市,房地(土地+建物),新竹市新竹市中央路３２３號２樓之２,15.07,住,,,1141226,土地2建物1車位0,二層,七層,華廈(10層含以下有電梯),住家用,鋼筋混凝土造,0820729,68.02,2,2,1,有,有,8800000,129374,,0.0,0,陽台外推；,RPRNMLQLKIKGFAO09DA,32.12,0.0,13.49,有,0382
新竹市,房地(土地+建物)+車位,新竹市新竹市介壽路２３號十五樓之７,16.79,住,,,1141213,土地1建物1車位1,十五層,二十二層,住宅大樓(11層含以上有電梯),住家用,鋼筋混凝土造,1090930,136.8,2,2,2,有,有,27900000,203947,坡道平面,35.92,0,,RPRTMLQKLHLGFAO07DA,63.1,0.0,4.01,有,
新竹市,房地(土地+建物),新竹市新竹市至善街３１巷２１之１號四樓,14.7,,山坡地保育區,丙種建築用地,1141215,土地2建物1車位0,四層,十層,華廈(10層含以下有電梯),住家用,鋼筋混凝土造,0870513,31.79,1,0,1,有,無,1500000,47185,,0.0,0,,RPWTMLQKLHLGFAO57DA,17.0,0.0,3.4,有,
新竹市,房地(土地+建物),新竹市新竹市至善街３１巷１７之１號四樓,14.7,,山坡地保育區,丙種建築用地,1141223,土地2建物1車位0,四層,十層,華廈(10層含以下有電梯),住家用,鋼筋混凝土造,0870513,31.79,1,0,1,有,無,1500000,47185,,0.0,0,,RPOUMLQKLHLGFAO86DA,17.0,0.0,3.4,有,
新竹市,房地(土地+建物),新竹市新竹市民生路１９３號４樓之２,2.65,商,,,1141210,土地1建物1車位0,四層,十二層,住宅大樓(11層含以上有電梯),商業用,鋼筋混凝土造,0790525,26.270000000000003,0,0,0,無,有,2300000,87552,,0.0,0,,RPPQMLMKLHLGFAO78DA,17.51,0.0,0.0,有,0383
新竹市,房地(土地+建物),新竹市新竹市光復路一段２４３巷１０之４號,91.35,住,,,1141222,土地2建物1車位0,全,二層,透天厝,住家用,加強磚造,0620213,115.2,6,0,6,有,無,15680000,136111,,0.0,0,其他增建；,RPRNNLQKLHLGFAO56DA,115.2,0.0,0.0,無,0384
新竹市,房地(土地+建物)+車位,新竹市新竹市龍山西路１２６號二樓,24.56,住,,,1141217,土地1建物1車位1,二層,十四層,住宅大樓(11層含以上有電梯),住家用,鋼筋混凝土造,1020513,204.57,4,2,2,有,有,26000000,127096,坡道平面,43.04,0,陽台加窗,RPUNMLOJKHLGFAO98DA,99.19,4.68,10.29,有,0385
新竹市,房地(土地+建物)+車位,新竹市新竹市天府路二段６８號六樓之５,19.6,商,,,1141210,土地1建物1車位1,六層,十層,華廈(10層含以下有電梯),住家用,鋼筋混凝土造,1061222,135.59,3,2,2,有,有,8650000,63795,坡道機械,8.22,0,親友、員工、共有人或其他特殊關係間之交易；,RPQNMLSKLHLGFAO56DA,75.01,2.96,6.18,有,0386
新竹市,房地(土地+建物),新竹市新竹市牛埔路３９４巷１號５樓,35.02,住,,,1141207,土地1建物1車位0,五層,五層,公寓(5樓含以下無電梯),住家用,鋼筋混凝土造,0731023,119.94,3,2,1,有,無,4400000,36685,,0.0,0,其他增建；,RPRNMLSKLHLGFAO66DA,90.52,0.0,14.42,無,
新竹市,房地(土地+建物)+車位,新竹市新竹市北大路１６６巷５７號五樓之２,51.06,住,,,1141215,土地1建物1車位2,五層,十四層,住宅大樓(11層含以上有電梯),住家用,鋼筋混凝土造,1050412,282.08,3,2,3,有,有,26000000,92172,坡道平面,46.3,0,親友、員工、共有人或其他特殊關係間之交易；,RPRPMLSKLHLGFAO86DA,136.91,2.04,21.5,有,0387
新竹市,土地,香中段1130地號,89.86,住,,,1141220,土地2建物0車位0,,,其他,,,,0.0,0,0,0,無,無,8280000,92143,,0.0,0,,RPRNMLTKLHLGFAO76DA,0.0,0.0,0.0,無,
新竹市,房地(土地+建物)+車位,新竹市新竹市光復路一段８９巷１２８號３樓,27.95,住,,,1141220,土地1建物1車位1,三層,七層,華廈(10層含以下有電梯),住家用,鋼筋混凝土造,0800327,161.46,4,2,2,有,有,13680000,84727,坡道平面,0.0,0,陽台外推；其他增建；,RPRNMLRKLHLGFAO66EA,101.85,0.0,14.43,有,0388
新竹市,房地(土地+建物)+車位,新竹市新竹市關新路２９號五樓之１７,5.13,工,,,1141208,土地1建物1車位1,五層,十三層,住宅大樓(11層含以上有電梯),辦公用,鋼筋混凝土造,0970911,61.55,1,1,1,有,有,8200000,133225,坡道平面,0.0,0,,RPVNMLKLJHLGFAO78DA,20.45,0.0,1.61,有,0389
新竹市,房地(土地+建物)+車位,新竹市新竹市金雅三街９１號二樓之１,33.81,,鄉村區,乙種建築用地,1141225,土地1建物1車位1,二層,十層,華廈(10層含以下有電梯),住家用,鋼筋混凝土造,1081022,160.98000000000002,3,2,2,有,有,17580000,109206,坡道平面,31.21,0,,RPRNMLNKKHLGFAO68DA,79.18,0.0,8.62,有,0390
新竹市,土地,武陵段657地號,121.5,住,,,1141219,土地1建物0車位0,,,其他,,,,0.0,0,0,0,無,無,8000000,65844,,0.0,0,親友、員工、共有人或其他特殊關係間之交易；,RPRPMLMJJHLGFAO58DA,0.0,0.0,0.0,無,
新竹市,房地(土地+建物),新竹市新竹市林森路７３號７樓之１０,2.53,商,,,1141209,土地1建物1車位0,七層,十二層,住宅大樓(11層含以上有電梯),住家用,鋼筋混凝土造,0780107,27.69,1,0,1,有,有,3800000,137234,,0.0,0,,RPPNMLNLLHLGFAO78EA,21.75,0.0,0.0,有,0391
新竹市,房地(土地+建物),新竹市新竹市光復路二段２９５號１３樓之４,5.85,住,,,1141209,土地1建物1車位0,十三層,二十三層,住宅大樓(11層含以上有電梯),商業用,鋼骨鋼筋混凝土造,0820821,100.94999999999999,0,0,0,無,有,9200000,91134,,0.0,0,陽台外推；,RPQOMLQLKIKGFAO09DA,68.28,0.0,9.71,有,0392
新竹市,房地(土地+建物),新竹市新竹市南外街１２號,66.0,商,,,1141219,土地1建物1車位0,全,一層,透天厝,住家用,磚造,,42.0,5,2,3,有,無,12500000,297619,,0.0,0,其他增建；,RPRQMLMJLHLGFAO88DA,42.0,0.0,0.0,無,
新竹市,房地(土地+建物),新竹市新竹市明湖路１１６巷３６之１７號,112.0,住,,,1141228,土地1建物1車位0,全,二層,透天厝,住家用,鋼筋混凝土造,0780519,149.79,5,2,2,有,無,16000000,106816,,0.0,0,,RPPNMLPLLHLGFAO88DA,129.91,14.72,5.16,無,
新竹市,房地(土地+建物)+車位,新竹市新竹市埔頂三路３８號十四樓之９,9.22,商,,,1141231,土地1建物1車位1,十四層,二十九層,住宅大樓(11層含以上有電梯),住家用,鋼筋混凝土造,1120530,145.21,3,2,2,有,有,19180000,132085,坡道平面,28.88,0,親友、員工、共有人或其他特殊關係間之交易；,RPUOMLTKJHLGFAO96DA,67.13,3.88,5.05,有,0393
新竹市,房地(土地+建物),新竹市新竹市國光街７４之２號２樓,20.27,住,,,1141222,土地1建物1車位0,二層,七層,華廈(10層含以下有電梯),住家用,鋼筋混凝土造,0691107,97.62,4,2,2,有,有,6100000,62487,,0.0,0,天井加蓋、陽台增建、陽台加窗、主建梯間佔用其他增建；,RPVNMLQLLHLGFAO96DA,97.62,0.0,0.0,有,0394
新竹市,房地(土地+建物),新竹市新竹市水田街９１巷１３弄６號,83.0,住,,,1141229,土地2建物1車位0,全,二層,透天厝,住家用,加強磚造,,102.82,6,2,2,有,無,5570200,54174,,0.0,0,親友、員工、共有人或其他特殊關係間之交易；,RPSNMLPLLHLGFAO66EA,102.82,0.0,0.0,無,
新竹市,房地(土地+建物)+車位,新竹市新竹市關新路１９巷９９號二樓,16.08,住,,,1141227,土地3建物1車位1,二層,十五層,住宅大樓(11層含以上有電梯),辦公用,鋼筋混凝土造,0980601,163.42000000000002,3,2,2,有,有,23800000,145637,坡道平面,0.0,0,,RPQNMLRKJHLGFAO88DA,89.04,0.0,9.58,有,0395
新竹市,房地(土地+建物)+車位,新竹市新竹市公道五路二段２９１號七樓,35.85,住,,,1141225,土地1建物1車位2,七層,十四層,住宅大樓(11層含以上有電梯),住家用,鋼筋混凝土造,0980922,255.26999999999998,4,2,2,有,有,37600000,147301,坡道平面,0.0,0,陽台外推；,RPPOMLOJLHLGFAO68DA,125.81,6.06,17.73,有,
新竹市,房地(土地+建物)+車位,新竹市新竹市東華路１２巷５號８Ｆ,12.1,住,,,1141217,土地1建物1車位1,八層,十二層,住宅大樓(11層含以上有電梯),住家用,鋼筋混凝土造,0830713,113.88000000000001,3,2,2,有,有,9450000,82982,坡道平面,0.0,0,,RPRNMLPLLHLGFAO09DA,74.11,0.0,11.32,有,0396
新竹市,房地(土地+建物),新竹市新竹市中山路４０巷２５之１號３樓之１０,7.57,商,,,1141217,土地1建物1車位0,三層,十層,華廈(10層含以下有電梯),商業用,鋼筋混凝土造,0800603,51.79,1,1,1,有,有,2000000,38617,,0.0,0,,RPPNMLPJJHLGFAO58EA,37.36,0.0,0.0,有,0397
新竹市,房地(土地+建物),新竹市新竹市虎林街１２３巷６號,276.67,,鄉村區,乙種建築用地,1141214,土地3建物1車位0,全,二層,透天厝,住家用,加強磚造,,171.6,6,3,2,有,無,10700000,62354,,0.0,0,親友、員工、共有人或其他特殊關係間之交易；頂樓加蓋；,RPXNMLQLLHLGFAO17DA,171.6,0.0,0.0,無,
新竹市,房地(土地+建物)+車位,新竹市新竹市東大路三段３２６號三樓之２,46.73,住,,,1141212,土地2建物1車位1,三層,八層,華廈(10層含以下有電梯),住家用,鋼筋混凝土造,1041207,176.1,3,2,2,有,有,15500000,88018,坡道平面,34.91,0,其他增建；,RPQOMLQLLHLGFAO56DA,87.6,0.0,9.34,有,0398
新竹市,房地(土地+建物)+車位,新竹市新竹市埔頂二路１２３號五樓之１５,26.99,住,,,1141230,土地1建物1車位2,五層,十五層,住宅大樓(11層含以上有電梯),住家用,鋼筋混凝土造,1001130,243.23,2,2,2,有,有,36880000,151626,坡道平面,62.94,0,其他增建；,RPVNMLKMLHLGFAO09DA,108.99,8.6,8.43,有,0399
新竹市,房地(土地+建物),新竹市新竹市民富街３４號,62.0,住,,,1141214,土地1建物1車位0,全,二層,透天厝,住家用,加強磚造,,113.12,3,2,3,有,無,13910000,122967,,0.0,0,,RPSNMLPKKIKGFAO98DA,113.12,0.0,0.0,無,
新竹市,房地(土地+建物)+車位,新竹市新竹市高峰路１１０巷１９弄２２號二樓之６,30.6,住,,,1141221,土地3建物1車位1,二層,五層,華廈(10層含以下有電梯),住家用,鋼筋混凝土造,1130611,91.24000000000001,2,2,1,有,有,13800000,151249,其他,13.0,0,,RPQPMLLJMHLGFAO68DA,49.87,0.0,5.55,有,0400
新竹市,房地(土地+建物),新竹市新竹市東大路三段４０３巷１３號,81.31,住,,,1141206,土地1建物1車位0,全,四層,透天厝,住商用,鋼筋混凝土造,0970628,228.04,4,3,4,有,無,17500000,76741,,0.0,0,頂樓加蓋；其他增建；,RPUNMLPKKIKGFAO56DA,200.76,0.0,27.28,無,
新竹市,房地(土地+建物)+車位,新竹市新竹市慈濟路２１５號七樓之６,19.61,都市：其他:商務專用區,,,1141227,土地1建物1車位1,七層,二十一層,住宅大樓(11層含以上有電梯),住家用,鋼筋混凝土造,1090512,167.49,3,2,2,有,有,27000000,161194,坡道平面,0.0,0,陽台加窗其他增建；,RPPNMLOJJHLGFAO38DA,78.32,0.0,4.26,有,0401
新竹市,土地,長春段225地號,60.31,住,,,1141226,土地1建物0車位0,,,其他,,,,0.0,0,0,0,無,無,16660000,276239,,0.0,0,未登記建物；,RPTUMLQKLHLGFAO37DA,0.0,0.0,0.0,無,
新竹市,土地,古峰段287-5地號,2.51,都市：其他:保護區,,,1141231,土地1建物0車位0,,,其他,,,,0.0,0,0,0,無,無,55747,22210,,0.0,0,政府機關標讓售；,RPQNMLSKLHLGFAO66EA,0.0,0.0,0.0,無,
新竹市,土地,古峰段291-7地號,40.13,都市：其他:保護區,,,1141231,土地1建物0車位0,,,其他,,,,0.0,0,0,0,無,無,891287,22210,,0.0,0,政府機關標讓售；,SPQNMLSKLHLGFAO76EA,0.0,0.0,0.0,無,
新竹市,房地(土地+建物),新竹市新竹市中正路６２６巷３弄９號,158.93,,鄉村區,乙種建築用地,1141214,土地4建物1車位0,全,四層,透天厝,住家用,鋼筋混凝土造,0811102,308.56,8,2,4,有,有,26000000,84262,,0.0,0,其他增建；,RPUOMLSJMHLGFAO07DA,278.56,25.26,4.74,無,
新竹市,房地(土地+建物)+車位,新竹市新竹市龍山東路１７１號九樓,23.3,住,,,1141223,土地3建物1車位1,九層,十三層,住宅大樓(11層含以上有電梯),住家用,鋼筋混凝土造,1000625,119.02000000000001,2,2,2,有,有,20250000,170139,坡道機械,15.73,0,雨遮增建車位編號:17陽台外推；其他增建；,RPWOMLTJMHLGFAO37DA,48.9,15.07,6.98,有,
新竹市,土地,風空段27地號,45.78,都市：其他:保護區,,,1141212,土地4建物0車位0,,,其他,,,,0.0,0,0,0,無,無,83095,1815,,0.0,0,,RPUNMLTJMHLGFAO07DA,0.0,0.0,0.0,無,0402
新竹市,土地,風空段17地號,102.72,都市：其他:保護區,,,1141212,土地4建物0車位0,,,其他,,,,0.0,0,0,0,無,無,189748,1847,,0.0,0,,RPWNMLTJMHLGFAO27DA,0.0,0.0,0.0,無,
新竹市,土地,風空段4地號,109.21,都市：其他:保護區,,,1141212,土地4建物0車位0,,,其他,,,,0.0,0,0,0,無,無,189748,1737,,0.0,0,,RPXNMLTJMHLGFAO37DA,0.0,0.0,0.0,無,
新竹市,房地(土地+建物),新竹市新竹市經國路二段１１１號１２樓之１７,4.95,商,,,1141212,土地2建物1車位0,十二層,十二層,住宅大樓(11層含以上有電梯),辦公用,鋼筋混凝土造,0860715,45.53,1,0,1,有,有,3500000,76872,,0.0,0,,RPOOMLKKMHLGFAO38DA,29.2,0.0,0.0,有,
新竹市,房地(土地+建物)+車位,新竹市新竹市關新路２９號十二樓之３３,5.57,工,,,1141214,土地1建物1車位1,十二層,十三層,住宅大樓(11層含以上有電梯),辦公用,鋼筋混凝土造,0970911,65.13,1,1,1,有,有,10500000,161241,坡道平面,0.0,0,陽台外推；夾層；,RPTNMLOJKHLGFAO88DA,22.91,0.0,1.5,有,
新竹市,房地(土地+建物),新竹市新竹市公道三路５５巷９號,69.0,住,,,1141222,土地1建物1車位0,全,二層,透天厝,住家用,加強磚造,0700725,92.4,5,2,3,有,無,15000000,162338,,0.0,0,含土地增值稅或其他稅費；含地政士服務費；親友、員工、共有人或其他特殊關係間之交易；,RPROMLPKJHLGFAO88DA,92.4,0.0,0.0,無,
新竹市,土地,古賢段51地號,112.86,,特定農業區,農牧用地,1141230,土地1建物0車位0,,,其他,,,,0.0,0,0,0,無,無,778734,6900,,0.0,0,親友、員工、共有人或其他特殊關係間之交易；,RPSQMLMJLHLGFAO98DA,0.0,0.0,0.0,無,
新竹市,土地,古賢段51-1地號,156.55,,特定農業區,農牧用地,1141230,土地1建物0車位0,,,其他,,,,0.0,0,0,0,無,無,1080195,6900,,0.0,0,親友、員工、共有人或其他特殊關係間之交易；,RPTQMLMJLHLGFAO09DA,0.0,0.0,0.0,無,
新竹市,土地,古賢段51-2地號,249.1,,特定農業區,農牧用地,1141230,土地1建物0車位0,,,其他,,,,0.0,0,0,0,無,無,1718790,6900,,0.0,0,親友、員工、共有人或其他特殊關係間之交易；,RPUQMLMJLHLGFAO56DA,0.0,0.0,0.0,無,
新竹市,房地(土地+建物),新竹市新竹市明湖路１１２巷９號５樓,25.95,住,,,1141214,土地1建物1車位0,五層,五層,公寓(5樓含以下無電梯),住家用,鋼筋混凝土造,,75.89,3,2,1,有,無,5600000,73791,,0.0,0,陽台加鐵窗其他增建；,RPTNMLSJMHLGFAO86DA,75.89,0.0,0.0,無,0403
新竹市,土地,民主段73地號,188.0,住,,,1141221,土地1建物0車位0,,,其他,,,,0.0,0,0,0,無,無,45000000,239362,,0.0,0,,RPROMLKMJHLGFAO58DA,0.0,0.0,0.0,無,
新竹市,房地(土地+建物),新竹市新竹市忠孝路１６５巷２５號４樓,21.49,住,,,1141223,土地1建物1車位0,四層,六層,華廈(10層含以下有電梯),住家用,鋼筋混凝土造,0840927,94.08999999999999,2,2,2,有,有,11750000,124880,,0.0,0,陽台外推；,RPPPMLTLMHLGFAO96DA,64.11,0.0,7.85,有,0404
新竹市,房地(土地+建物),新竹市新竹市高峰路２巷８６之２號２樓,35.43,住,,,1141222,土地1建物1車位0,二層,五層,華廈(10層含以下有電梯),住家用,鋼筋混凝土造,0811103,145.81,3,2,2,有,有,11000000,75441,,0.0,0,陽台加窗其他增建；,RPWNMLQJNHLGFAO07DA,99.16,0.0,8.2,有,
新竹市,土地,五福段531地號,2645.01,,山坡地保育區,丁種建築用地,1141209,土地1建物0車位0,,,其他,,,,0.0,0,0,0,無,無,146420000,55357,,0.0,0,,RPSOMLQJNHLGFAO76DA,0.0,0.0,0.0,無,
新竹市,土地,五福段531-1地號,2314.39,,山坡地保育區,丁種建築用地,1141205,土地1建物0車位0,,,其他,,,,0.0,0,0,0,無,無,128120000,55358,,0.0,0,,RPTOMLQJNHLGFAO86DA,0.0,0.0,0.0,無,
新竹市,土地,五福段533地號,14304.25,,山坡地保育區,丁種建築用地,1141205,土地2建物0車位0,,,其他,,,,0.0,0,0,0,無,無,791850000,55358,,0.0,0,,RPUOMLQJNHLGFAO96DA,0.0,0.0,0.0,無,
新竹市,房地(土地+建物),新竹市新竹市南大路６５２號二樓,19.89,住,,,1141118,土地2建物1車位0,二層,五層,公寓(5樓含以下無電梯),住家用,鋼筋混凝土造,,80.45,3,2,1,有,無,5000000,62150,,0.0,0,親友、員工、共有人或其他特殊關係間之交易；,RPRNMLOJJHLGFAO58DA,80.45,0.0,0.0,無,
新竹市,房地(土地+建物)+車位,新竹市新竹市東大路三段３２６號二樓之１５,46.73,住,,,1141126,土地2建物1車位1,二層,八層,華廈(10層含以下有電梯),住家用,鋼筋混凝土造,1041207,179.25,3,2,2,有,有,15000000,83682,坡道平面,34.91,0,其他增建為鐵鋁窗增建其他增建；,RPSNMLSJKIKGFAO56DA,88.1,0.0,9.03,有,0405
新竹市,房地(土地+建物),新竹市新竹市東大路二段３７５巷５６號,76.04,住,,,1141104,土地3建物1車位0,全,四層,透天厝,住家用,鋼筋混凝土造,1080412,238.31,3,2,2,有,有,35000000,146868,,0.0,0,其他增建；,RPPPMLOKJHLGFAO68DA,200.23,7.4,21.2,有,0406
新竹市,土地,港南段371地號,89.05,,鄉村區,乙種建築用地,1141104,土地1建物0車位0,,,其他,,,,0.0,0,0,0,無,無,5388000,60505,,0.0,0,,RPRNMLLKLHLGFAO58DA,0.0,0.0,0.0,無,
新竹市,土地,金雅段184地號,1353.64,,鄉村區,乙種建築用地,1141124,土地3建物0車位0,,,其他,,,,0.0,0,0,0,無,無,368528493,272250,,0.0,0,,RPRNMLLMJHLGFAO58DA,0.0,0.0,0.0,無,
新竹市,土地,中雅段220地號,20.68,住,,,1141121,土地1建物0車位0,,,其他,,,,0.0,0,0,0,無,無,2502400,121006,,0.0,0,,RPROMLMLJHLGFAO68DA,0.0,0.0,0.0,無,0009
新竹市,房地(土地+建物)+車位,新竹市新竹市忠孝路２７巷３０號三樓,33.42,都市：其他:科技商務區,,,1141115,土地1建物1車位1,三層,十三層,住宅大樓(11層含以上有電梯),辦公用,鋼筋混凝土造,1050718,224.33999999999997,3,2,2,有,有,31500000,140412,坡道平面,36.09,0,陽台加窗,RPSNMLOJKHLGFAO78DA,113.14,1.55,11.69,有,0408
新竹市,房地(土地+建物)+車位,新竹市新竹市鐵道路一段２８巷２５號七樓,43.39,都市：其他:科技商務區,,,1141129,土地1建物1車位2,七層,十四層,住宅大樓(11層含以上有電梯),辦公用,鋼筋混凝土造,1000718,308.74,4,2,2,有,有,41880000,135648,坡道平面,0.0,0,陽台外推；,RPXNMLOJKHLGFAO66DA,174.04,3.37,17.56,有,
新竹市,房地(土地+建物),新竹市新竹市東大路一段１１巷９號７樓,24.52,都市：其他:第二種住宅區,,,1141108,土地6建物1車位0,七層,七層,華廈(10層含以下有電梯),住家用,鋼筋混凝土造,0720819,79.11,3,2,2,有,有,9000000,113766,,0.0,0,親友、員工、共有人或其他特殊關係間之交易；,RPOVMLQKLHLGFAO96DA,76.61,0.0,2.5,有,
新竹市,土地,中隘段289地號,913.2,,山坡地保育區,農牧用地,1141110,土地78建物0車位0,,,其他,,,,0.0,0,0,0,無,無,5020000,5497,,0.0,0,,RPOOMLRKLHLGFAO98DA,0.0,0.0,0.0,無,0016
新竹市,土地,光華段32-36地號,3.0,都市：其他:道路用地,,,1141121,土地1建物0車位0,,,其他,,,,0.0,0,0,0,無,無,253260,84420,,0.0,0,包含公共設施保留地用地；,RPSOMLQLLHLGFAO76DA,0.0,0.0,0.0,無,
新竹市,房地(土地+建物),新竹市新竹市西大路２４８號,151.0,商,,,1141120,土地1建物1車位0,全,二層,透天厝,住商用,加強磚造,,183.76,3,2,2,有,無,20000000,108838,,0.0,0,親友、員工、共有人或其他特殊關係間之交易；,RPVNMLQJKHLGFAO66DA,183.76,0.0,0.0,無,
新竹市,房地(土地+建物),新竹市新竹市明湖路１０５０巷２５２號,44.13,,山坡地保育區,丙種建築用地,1141124,土地2建物1車位0,一層,五層,公寓(5樓含以下無電梯),住家用,鋼筋混凝土造,0860515,94.99,3,2,2,有,無,8300000,87378,,0.0,0,其他增建；,RPSOMLLMLHLGFAO98DA,74.09,10.18,0.0,無,0410
新竹市,房地(土地+建物)+車位,新竹市新竹市武陵路２７１巷５７弄２７號２樓,29.87,住,,,1141115,土地1建物1車位1,二層,六層,華廈(10層含以下有電梯),其他,鋼筋混凝土造,0820112,150.15,4,2,2,有,有,14100000,93906,坡道平面,0.0,0,陽台外推；,RPWPMLOJLHLGFAO86DA,97.47,0.0,8.93,有,0411
新竹市,房地(土地+建物)+車位,新竹市新竹市金雅路１４５號十四樓之２,30.69,,鄉村區,乙種建築用地,1141102,土地1建物1車位1,十四層,十五層,住宅大樓(11層含以上有電梯),住家用,鋼筋混凝土造,1090416,156.57,3,2,2,有,有,21780000,139107,坡道平面,35.03,0,其他增建；,RPSNMLSKLHLGFAO76DA,74.57,0.0,7.68,有,0412
新竹市,房地(土地+建物),新竹市新竹市成功路１７２巷９弄１１號,31.33,,鄉村區,乙種建築用地,1141115,土地1建物1車位0,全,二層,透天厝,住家用,加強磚造,,61.92,3,2,2,有,無,6000000,96899,,0.0,0,一樓後方、頂樓增建親友、員工、共有人或其他特殊關係間之交易；其他增建；,RPXNMLNKLHLGFAO76DA,61.92,0.0,0.0,無,
新竹市,房地(土地+建物)+車位,新竹市新竹市嘉濱路８５號,8.88,住,,,1141119,土地1建物1車位2,一層，見其他登記事項,五層,華廈(10層含以下有電梯),商業用,鋼筋混凝土造,1140901,75.02,0,0,0,無,有,5000000,128977,一樓平面,51.76,2000000,,RPSOMLLLMHLGFAO98DA,17.44,0.0,0.0,有,
新竹市,房地(土地+建物)+車位,新竹市新竹市武陵路２５０巷２０弄６號,7.22,住,,,1141130,土地2建物1車位1,全,五層,透天厝,住家用,鋼筋混凝土造,0951110,22.45,4,4,2,有,無,2250000,100223,一樓平面,0.0,0,親友、員工、共有人或其他特殊關係間之交易；,RPPOMLLMLHLGFAO68DA,16.38,0.72,5.36,無,
新竹市,房地(土地+建物)+車位,新竹市新竹市高翠路６７號二樓之１３,20.31,住,,,1141130,土地1建物1車位1,二層,六層,華廈(10層含以下有電梯),辦公用,鋼筋混凝土造,0960331,84.88,2,2,1,有,有,11100000,130773,坡道平面,0.0,0,夾層；,RPOOMLLJKIKGFAO18DA,30.6,0.0,0.0,有,
新竹市,房地(土地+建物)+車位,新竹市新竹市慈濟路１５５號十三樓,15.58,商,,,1141108,土地1建物1車位1,十三層,二十四層,住宅大樓(11層含以上有電梯),住家用,鋼筋混凝土造,1100104,154.91,2,2,2,有,有,26880000,173520,坡道平面,27.54,0,,RPUNMLLJMHLGFAO88DA,73.17,5.9,4.1,有,0413
新竹市,土地,港北段522地號,4.51,農,,,1141120,土地1建物0車位0,,,其他,,,,0.0,0,0,0,無,無,31655,7019,,0.0,0,地清或未辦繼承標售；,RPQNMLSJNHLGFAO76EA,0.0,0.0,0.0,無,
新竹市,土地,港北段523地號,1.46,農,,,1141120,土地1建物0車位0,,,其他,,,,0.0,0,0,0,無,無,11111,7610,,0.0,0,地清或未辦繼承標售；,SPQNMLSJNHLGFAO86EA,0.0,0.0,0.0,無,
新竹市,土地,仙宮段533地號,226.19,住,,,1141126,土地1建物0車位0,,,其他,,,,0.0,0,0,0,無,無,28000000,123790,,0.0,0,,RPXNMLMLMHLGFAO86DA,0.0,0.0,0.0,無,
新竹市,土地,舊社段176-2地號,770.0,,特定農業區,農牧用地,1141109,土地1建物0車位0,,,其他,,,,0.0,0,0,0,無,無,18087293,23490,,0.0,0,本合約因於115年01月15日新竹市地政事務所鑑界後確認，與登記面積有未符之情事，買賣雙方協議原總價為新台幣1830萬元整，更改為新台幣18087293元整。,RPQPMLQLNHLGFAO86DA,0.0,0.0,0.0,無,
新竹市,房地(土地+建物)+車位,新竹市新竹市東大路三段３２６號四樓之３３,44.87,住,,,1141118,土地2建物1車位1,四層,八層,華廈(10層含以下有電梯),住家用,鋼筋混凝土造,1041207,167.51,3,2,2,有,有,16400000,97905,坡道平面,34.91,0,陽台加窗。其他增建；,RPTOMLLJOHLGFAO09DA,82.69,0.0,9.06,有,0414
新竹市,土地,高峰段978-8地號,661.16,都市：其他:保護區,,,1141008,土地1建物0車位0,,,其他,,,,0.0,0,0,0,無,無,13800000,20872,,0.0,0,,RPUNMLOJLHLGFAO09DA,0.0,0.0,0.0,無,
新竹市,土地,水源段885地號,0.1,,特定農業區,農牧用地,1141031,土地1建物0車位0,,,其他,,,,0.0,0,0,0,無,無,1641,0,,0.0,0,地清或未辦繼承標售；,RPQNMLQKLHLGFAO09EA,0.0,0.0,0.0,無,0415
新竹市,土地,水源段887地號,0.05,,特定農業區,農牧用地,1141030,土地1建物0車位0,,,其他,,,,0.0,0,0,0,無,無,820,0,,0.0,0,地清或未辦繼承標售；,RPRNMLQKLHLGFAO56EA,0.0,0.0,0.0,無,0416
新竹市,土地,水源段886地號,0.16,,特定農業區,農牧用地,1141030,土地1建物0車位0,,,其他,,,,0.0,0,0,0,無,無,2667,0,,0.0,0,地清或未辦繼承標售；,SPRNMLQKLHLGFAO66EA,0.0,0.0,0.0,無,0417
新竹市,土地,水源段888地號,0.21,,特定農業區,農牧用地,1141030,土地1建物0車位0,,,其他,,,,0.0,0,0,0,無,無,3128,0,,0.0,0,地清或未辦繼承標售；,TPRNMLQKLHLGFAO76EA,0.0,0.0,0.0,無,0418
新竹市,土地,水源段901地號,0.24,,特定農業區,甲種建築用地,1141030,土地1建物0車位0,,,其他,,,,0.0,0,0,0,無,無,11360,0,,0.0,0,地清或未辦繼承標售；,UPRNMLQKLHLGFAO86EA,0.0,0.0,0.0,無,0419
新竹市,土地,水源段902地號,1.41,,特定農業區,農牧用地,1141030,土地1建物0車位0,,,其他,,,,0.0,0,0,0,無,無,21333,15130,,0.0,0,地清或未辦繼承標售；,VPRNMLQKLHLGFAO96EA,0.0,0.0,0.0,無,0420
新竹市,土地,水源段903地號,0.03,,特定農業區,甲種建築用地,1141030,土地1建物0車位0,,,其他,,,,0.0,0,0,0,無,無,825,0,,0.0,0,地清或未辦繼承標售；,WPRNMLQKLHLGFAO07EA,0.0,0.0,0.0,無,0317
新竹市,房地(土地+建物),新竹市新竹市民權路１１１巷３３號４樓,27.0,住,,,1141026,土地1建物1車位0,四層,五層,公寓(5樓含以下無電梯),住家用,鋼筋混凝土造,0700630,84.37,3,2,2,有,無,8000000,94820,,0.0,0,,RPQNMLKKKHLGFAO28DA,84.37,0.0,0.0,無,0422
新竹市,土地,隆恩段343地號,404.68,,特定農業區,農牧用地,1141002,土地1建物0車位0,,,其他,,,,0.0,0,0,0,無,無,19200000,47445,,0.0,0,,RPWOMLMKLHLGFAO66DA,0.0,0.0,0.0,無,
新竹市,房地(土地+建物)+車位,新竹市新竹市經國路一段６７５號５樓之２,18.57,住,,,1141028,土地2建物1車位1,五層,十二層,住宅大樓(11層含以上有電梯),商業用,鋼筋混凝土造,0881230,194.09,0,0,0,無,有,10568000,54449,坡道機械,0.0,0,,RPRPMLNLLHLGFAO09DA,104.27,0.0,13.74,有,0423
新竹市,房地(土地+建物),新竹市新竹市經國路一段６７５號６樓之３,27.15,住,,,1141028,土地2建物1車位0,六層,十二層,住宅大樓(11層含以上有電梯),商業用,鋼筋混凝土造,0881230,253.48,0,0,0,無,有,13798000,54434,,0.0,0,,RPSPMLNLLHLGFAO56DA,164.04,0.0,8.94,有,
新竹市,房地(土地+建物),新竹市新竹市中華路六段６４７巷１３６弄３４３號,495.19,,山坡地保育區,丙種建築用地,1141009,土地3建物1車位0,全,三層,透天厝,住家用,鋼筋混凝土造,0980430,377.72,4,2,3,有,有,35200000,93191,,0.0,0,,RPROMLRJMHLGFAO66DA,330.16,11.5,36.06,無,0424
新竹市,房地(土地+建物),新竹市新竹市埔頂路１８１號,88.0,住,,,1141005,土地1建物1車位0,全,二層,透天厝,住家用,加強磚造,0640115,60.46,5,2,2,有,無,17500000,289448,,0.0,0,,RPVNMLRJMHLGFAO96DA,60.46,0.0,0.0,無,
新竹市,房地(土地+建物),新竹市新竹市金山八街６５號,181.51,住,,,1141009,土地2建物1車位0,全,三層,透天厝,住家用,鋼筋混凝土造,0890818,426.99,6,2,6,有,無,38500000,90166,,0.0,0,空地加蓋採光罩其他增建；預售屋、或土地及建物分件登記案件；,RPOOMLQKKIKGFAO78DA,414.19,0.0,12.8,無,
新竹市,房地(土地+建物)+車位,新竹市新竹市金雅三街８７號,23.4,,鄉村區,乙種建築用地,1141030,土地1建物1車位1,一層,十層,華廈(10層含以下有電梯),其他,鋼筋混凝土造,1081022,120.88,1,0,1,有,有,10900000,90172,坡道平面,31.21,0,含租約；,RPUNMLMKJHLGFAO78DA,56.01,0.0,4.6,有,0425
新竹市,房地(土地+建物)+車位,新竹市新竹市武陵路２２２巷５０弄１號九樓之３,33.85,住,,,1141020,土地1建物1車位2,九層,十四層,住宅大樓(11層含以上有電梯),住家用,鋼筋混凝土造,1150115,244.34,3,2,2,有,有,30670000,185788,坡道平面,104.18,4630000,預售屋、或土地及建物分件登記案件；,RPTPMLKLLHLGFAO98DA,81.04,0.0,9.24,有,
新竹市,土地,竹蓮段2269地號,200.0,都市：其他:道路用地,,,1141003,土地2建物0車位0,,,其他,,,,0.0,0,0,0,無,無,13860000,69300,,0.0,0,,RPWNMLSJMHLGFAO17DA,0.0,0.0,0.0,無,
新竹市,房地(土地+建物)+車位,新竹市新竹市天府路一段５０號五樓,24.97,住,,,1141014,土地1建物1車位1,五層,九層,華廈(10層含以下有電梯),住家用,鋼筋混凝土造,1080110,112.85,3,2,1,有,有,11200000,99247,一樓平面,24.83,0,其他增建為雨遮外推及陽台增設窗戶其他增建；,RPSNMLMKMHLGFAO88DA,49.59,5.33,5.68,有,0426
新竹市,土地,崙子段1827-27地號,132.0,,鄉村區,乙種建築用地,1141008,土地1建物0車位0,,,其他,,,,0.0,0,0,0,無,無,10000000,75758,,0.0,0,1、本案增值稅另由買方負擔。2、土地上有未登記建物，為買方所有。3、本案係依土地法34條之1規定處分。,RPPNMLSLJHLGFAO98DA,0.0,0.0,0.0,無,
新竹市,房地(土地+建物),新竹市新竹市境福街１４１巷６０弄１６號,142.33,,特定農業區,甲種建築用地,1141024,土地2建物1車位0,全,三層,透天厝,住家用,加強磚造,,314.28,6,3,4,有,無,20300000,64592,,0.0,0,頂樓部分面積加蓋其他增建；,RPOQMLPLNHLGFAO66DA,314.28,0.0,0.0,無,
新竹市,房地(土地+建物),新竹市新竹市南大路５７５巷３弄１號４樓,34.52,住,,,1140920,土地1建物1車位0,四層,五層,華廈(10層含以下有電梯),住家用,鋼筋混凝土造,,132.0,3,2,2,有,無,11000000,83333,,0.0,0,其他增建；,RPSNMLOLKHLGFAO98DA,93.46,0.0,8.15,有,0427
新竹市,土地,育賢段576-3地號,0.88,都市：其他:道路用地,,,1140925,土地3建物0車位0,,,其他,,,,0.0,0,0,0,無,無,66944,0,,0.0,0,包含公共設施保留地用地；,RPPPMLMJLHLGFAO58DA,0.0,0.0,0.0,無,0248
新竹市,土地,水源段655地號,0.57,,特定農業區,農牧用地,1140919,土地1建物0車位0,,,其他,,,,0.0,0,0,0,無,無,8632,0,,0.0,0,地清或未辦繼承標售；,RPSNMLQKLHLGFAO66EA,0.0,0.0,0.0,無,0429
新竹市,房地(土地+建物),新竹市新竹市中華路四段３００號３樓,31.7,住,,,1140905,土地1建物1車位0,三層,十二層,住宅大樓(11層含以上有電梯),商業用,鋼筋混凝土造,0830713,308.65999999999997,0,0,0,無,有,14000000,45357,,0.0,0,,RPTNMLRKRHKGFAO27DA,232.44,0.0,0.0,有,0430
新竹市,土地,福林段264-17地號,97.0,住,,,1140909,土地1建物0車位0,,,其他,,,,0.0,4,2,2,有,無,5470800,56400,,0.0,0,親友、員工、共有人或其他特殊關係間之交易；,RPUNMLMKMHLGFAO09DA,0.0,0.0,0.0,無,
新竹市,房地(土地+建物),新竹市新竹市南大路７４２號,121.36,住,,,1140916,土地3建物1車位0,全,三層,透天厝,住商用,鋼筋混凝土造,0911127,194.17,4,2,2,有,無,17000000,87552,,0.0,0,,RPVQMLKLNHLGFAO86DA,187.13,0.0,7.04,無,
新竹市,房地(土地+建物),新竹市新竹市南大路１６５號,119.0,住,,,1140813,土地2建物1車位0,全,三層,透天厝,住商用,加強磚造、ＲＣ造,0590705,242.03,4,4,3,有,無,30000000,123952,,0.0,0,一樓空地增建、後院鐵皮屋其他增建；,RPWNMLRLQHKGFAO57DA,230.98,0.0,11.05,無,
新竹市,房地(土地+建物)+車位,新竹市新竹市警光路２０號四樓之１,24.89,住,,,1140801,土地1建物1車位1,四層,十一層,住宅大樓(11層含以上有電梯),住家用,鋼筋混凝土造,1150120,159.89,3,2,2,有,有,24200000,162042,坡道平面,24.74,2300000,預售屋、或土地及建物分件登記案件；,RPSNMLQJLHLGFAO09DA,80.07,0.0,8.45,有,
新竹市,房地(土地+建物)+車位,新竹市新竹市榮濱南路７２巷２２號十二樓之７,22.63,住,,,1140806,土地1建物1車位1,十二層,十五層,住宅大樓(11層含以上有電梯),住家用,鋼筋混凝土造,1080904,142.58999999999997,2,2,1,有,有,10000000,70131,坡道平面,44.36,0,親友、員工、共有人或其他特殊關係間之交易；,RPVNMLSKLHLGFAO07DA,62.41,0.0,4.97,有,0431
新竹市,房地(土地+建物)+車位,新竹市新竹市埔頂二路３２號十七樓,10.08,商,,,1140725,土地1建物1車位1,十七層,二十四層,住宅大樓(11層含以上有電梯),住家用,鋼筋混凝土造,1100104,107.47,2,2,1,有,有,19080000,177538,坡道平面,25.41,0,,RPVQMLMJLHLGFAO66DA,46.66,2.76,4.25,有,0432
新竹市,房地(土地+建物)+車位,新竹市新竹市慈濟路１８７號十一樓,10.08,商,,,1140718,土地1建物1車位1,十一層,二十四層,住宅大樓(11層含以上有電梯),住家用,鋼筋混凝土造,1100104,109.36,2,1,1,有,有,20380000,186357,坡道平面,27.54,0,,RPSPMLLLMHLGFAO09DA,46.91,2.57,3.94,有,0433
新竹市,房地(土地+建物),新竹市新竹市東南街１４２巷１２號,100.0,住,,,1140724,土地1建物1車位0,全,三層,透天厝,住商用,鋼筋混凝土造,1000520,185.87,6,2,6,有,無,23000000,123742,,0.0,0,親友、員工、共有人或其他特殊關係間之交易；,RPPNMLOKMHLGFAO88EA,185.87,0.0,0.0,無,
新竹市,房地(土地+建物)+車位,新竹市新竹市民富街３３５號,49.3,住,,,1140706,土地1建物1車位2,一層,十五層,住宅大樓(11層含以上有電梯),住家用,鋼筋混凝土造,1150114,312.79999999999995,4,2,3,有,有,39900000,139893,坡道平面,56.89,4100000,露臺面積7.29坪。115.3.24加購一個地下三層車位。預售屋、或土地及建物分件登記案件；,RPUOMLQKMHLGFAO96DA,148.85,0.0,35.78,有,
新竹市,房地(土地+建物)+車位,新竹市新竹市警光路２０號十一樓之３,23.08,住,,,1140620,土地1建物1車位1,十一層,十一層,住宅大樓(11層含以上有電梯),住家用,鋼筋混凝土造,1150120,152.34,3,2,2,有,有,23410000,169795,坡道平面,27.13,2150000,預售屋、或土地及建物分件登記案件；,RPTOMLQJLHLGFAO66DA,74.66,0.0,7.35,有,
新竹市,房地(土地+建物),新竹市新竹市南大路４０８巷２１號,68.0,商,,,1140625,土地1建物1車位0,全,二層,透天厝,住家用,加強磚造,0620905,69.7,3,1,1,有,無,14090450,202159,,0.0,0,,RPVNMLLJMHLGFAO98DA,69.7,0.0,0.0,無,
新竹市,土地,竹蓮段623地號,110.0,商,,,1140619,土地2建物0車位0,,,其他,,,,0.0,0,0,0,無,無,22796376,207240,,0.0,0,土地上有未辦保存建物,RPWNMLLJMHLGFAO09DA,0.0,0.0,0.0,無,
新竹市,房地(土地+建物),新竹市新竹市南大路４０８巷１９號,196.0,商,,,1140619,土地2建物1車位0,全,二層,透天厝,住家用,加強磚造,,125.66,3,1,1,有,無,40611938,323189,,0.0,0,,RPOOMLLJMHLGFAO38DA,125.66,0.0,0.0,無,
新竹市,房地(土地+建物),新竹市新竹市勝利路１２６號６樓之１７,4.94,商,,,1140505,土地3建物1車位0,六層,六層,華廈(10層含以下有電梯),住家用,鋼筋混凝土造,0800307,31.91,1,0,1,有,有,2250000,70511,,0.0,0,,RPUNMLKKLHLGFAO78DA,21.75,0.0,0.0,有,0434
新竹市,房地(土地+建物)+車位,新竹市新竹市金雅路１１６號十一樓之１,33.23,,鄉村區,乙種建築用地,1140528,土地1建物1車位2,十一層,十二層,住宅大樓(11層含以上有電梯),住家用,鋼筋混凝土造,1080726,203.07999999999998,3,2,2,有,有,26000000,128028,坡道平面,72.06,0,,RPTOMLMLMHLGFAO56DA,79.89,0.0,8.64,有,0435
新竹市,土地,福林段20-1地號,23.35,都市：其他:道路用地,,,1140424,土地2建物0車位0,,,其他,,,,0.0,0,0,0,無,無,811900,34771,,0.0,0,包含公共設施保留地用地；,RPUOMLRJMHLGFAO96DA,0.0,0.0,0.0,無,0436
新竹市,土地,麗園段63-1地號,136.35,,山坡地保育區,農牧用地,1140429,土地1建物0車位0,,,其他,,,,0.0,0,0,0,無,無,412000,3022,,0.0,0,畸零地或有合併使用效益；,RPQNMLSJNHLGFAO66DA,0.0,0.0,0.0,無,
新竹市,房地(土地+建物)+車位,新竹市新竹市文昌街１１８號九樓之２,17.66,商,,,1140308,土地1建物1車位1,九層,十五層,住宅大樓(11層含以上有電梯),住家用,鋼筋混凝土造,1150113,179.05,4,2,2,有,有,30800000,188536,坡道平面,29.37,2580000,預售屋、或土地及建物分件登記案件；,RPTQMLQKLHLGFAO96DA,86.5,0.0,12.49,有,
新竹市,房地(土地+建物)+車位,新竹市新竹市中華路三段５１號十五樓之１,10.93,商,,,1140303,土地1建物1車位1,十五層,十五層,住宅大樓(11層含以上有電梯),住家用,鋼筋混凝土造,1140813,132.9,2,2,2,有,有,22650000,196926,坡道平面,28.8,2150000,預售屋、或土地及建物分件登記案件；,RPROMLQLLHLGFAO66DA,61.74,0.0,8.49,有,
新竹市,房地(土地+建物)+車位,新竹市新竹市民富街３３３號四樓,37.51,住,,,1140307,土地1建物1車位2,四層,十五層,住宅大樓(11層含以上有電梯),住家用,鋼筋混凝土造,1150114,275.01,4,2,3,有,有,33300000,134853,坡道平面,59.22,4200000,親友、員工、共有人或其他特殊關係間之交易；預售屋、或土地及建物分件登記案件；,RPPOMLQKMHLGFAO09DA,128.49,0.0,12.05,有,
新竹市,房地(土地+建物)+車位,新竹市新竹市延平路二段４５５號二樓之１,36.41,,鄉村區,乙種建築用地,1140219,土地1建物1車位1,二層,五層,華廈(10層含以下有電梯),住家用,鋼筋混凝土造,1150126,94.53,2,2,1,有,有,11340000,132196,其他,14.8,800000,預售屋、或土地及建物分件登記案件；,RPQNMLRKMHLGFAO56DA,52.51,0.0,8.09,有,
新竹市,房地(土地+建物)+車位,新竹市新竹市延平路二段４５５號五樓之１,36.41,,鄉村區,乙種建築用地,1140219,土地1建物1車位1,五層,五層,華廈(10層含以下有電梯),住家用,鋼筋混凝土造,1150126,79.73,2,2,1,有,有,12350000,154898,一樓平面,0.0,1500000,該車位位於一樓法定空地上屬一樓平面式車位預售屋、或土地及建物分件登記案件；,RPPOMLRKMHLGFAO56DA,52.51,0.0,8.09,有,
新竹市,房地(土地+建物)+車位,新竹市新竹市延平路二段４５５號二樓之２,29.81,,鄉村區,乙種建築用地,1140116,土地1建物1車位1,二層,五層,華廈(10層含以下有電梯),住家用,鋼筋混凝土造,1150126,80.07,2,2,1,有,有,9580000,131454,其他,14.8,1000000,預售屋、或土地及建物分件登記案件；,RPSNMLRKMHLGFAO76DA,46.58,0.0,3.03,有,
新竹市,房地(土地+建物)+車位,新竹市新竹市延平路二段４５５號三樓之１,36.41,,鄉村區,乙種建築用地,1140113,土地1建物1車位1,三層,五層,華廈(10層含以下有電梯),住家用,鋼筋混凝土造,1150126,94.53,2,2,1,有,有,11420000,133200,其他,14.8,800000,預售屋、或土地及建物分件登記案件；,RPTNMLRKMHLGFAO86DA,52.51,0.0,8.09,有,
新竹市,房地(土地+建物)+車位,新竹市新竹市延平路二段４５５號四樓之２,29.81,,鄉村區,乙種建築用地,1140110,土地1建物1車位1,四層,五層,華廈(10層含以下有電梯),住家用,鋼筋混凝土造,1150126,80.07,2,2,1,有,有,9490000,131607,其他,14.8,900000,預售屋、或土地及建物分件登記案件；,RPXNMLRKMHLGFAO27DA,46.58,0.0,3.03,有,
新竹市,房地(土地+建物)+車位,新竹市新竹市延平路二段４５５號五樓之２,29.81,,鄉村區,乙種建築用地,1140111,土地1建物1車位1,五層,五層,華廈(10層含以下有電梯),住家用,鋼筋混凝土造,1150126,80.07,2,2,1,有,有,9760000,135744,其他,14.8,900000,預售屋、或土地及建物分件登記案件；,RPQOMLRKMHLGFAO66DA,46.58,0.0,3.03,有,
新竹市,房地(土地+建物)+車位,新竹市新竹市延平路二段４５５號三樓之２,29.81,,鄉村區,乙種建築用地,1140110,土地1建物1車位1,三層,五層,華廈(10層含以下有電梯),住家用,鋼筋混凝土造,1150126,80.07,2,2,1,有,有,9490000,131607,其他,14.8,900000,預售屋、或土地及建物分件登記案件；,RPWNMLRKMHLGFAO17DA,46.58,0.0,3.03,有,
新竹市,房地(土地+建物)+車位,新竹市新竹市民富街３３５號四樓,42.93,住,,,1131229,土地1建物1車位1,四層,十五層,住宅大樓(11層含以上有電梯),住家用,鋼筋混凝土造,1150114,276.17,3,2,3,有,有,37880000,145117,坡道平面,29.61,2100000,115.1.29夫妻之間預售屋權利轉讓無加價。親友、員工、共有人或其他特殊關係間之交易；預售屋、或土地及建物分件登記案件；,RPVOMLQKMHLGFAO07DA,148.24,0.0,12.35,有,
新竹市,房地(土地+建物),新竹市新竹市中華路六段６４７巷１３６弄３０８號,112.82,,山坡地保育區,丙種建築用地,1131206,土地4建物1車位0,全,三層,透天厝,住家用,鋼筋混凝土造,1150130,132.56,3,2,3,有,無,12560000,94750,,0.0,0,預售屋、或土地及建物分件登記案件；,RPPPMLOJNHLGFAO98DA,124.71,0.0,7.85,無,
新竹市,房地(土地+建物)+車位,新竹市新竹市民富街３３１號五樓,37.51,住,,,1131111,土地1建物1車位1,五層,十五層,住宅大樓(11層含以上有電梯),住家用,鋼筋混凝土造,1150114,245.04000000000002,3,2,3,有,有,32660000,141856,坡道平面,29.61,2100000,親友、員工、共有人或其他特殊關係間之交易；預售屋、或土地及建物分件登記案件；,RPSOMLLKLHLGFAO78DA,128.29,0.0,12.05,有,
新竹市,房地(土地+建物)+車位,新竹市新竹市文昌街１１８號八樓之１,17.53,商,,,1131129,土地1建物1車位1,八層,十五層,住宅大樓(11層含以上有電梯),住家用,鋼筋混凝土造,1150113,175.14,4,2,2,有,有,29690000,186014,坡道平面,26.71,2080000,預售屋、或土地及建物分件登記案件；,RPVOMLLKLHLGFAO09DA,85.91,0.0,12.19,有,
新竹市,房地(土地+建物)+車位,新竹市新竹市文昌街１１８號十一樓之１,17.53,商,,,1131102,土地1建物1車位1,十一層,十五層,住宅大樓(11層含以上有電梯),住家用,鋼筋混凝土造,1150113,172.92,4,2,2,有,有,30500000,190797,坡道平面,24.49,2180000,預售屋、或土地及建物分件登記案件；,RPWOMLLKLHLGFAO56DA,85.91,0.0,12.19,有,
新竹市,房地(土地+建物)+車位,新竹市新竹市民富街３３３號七樓,37.51,住,,,1131116,土地1建物1車位2,七層,十五層,住宅大樓(11層含以上有電梯),住家用,鋼筋混凝土造,1150114,272.67999999999995,3,2,3,有,有,36150000,148524,坡道平面,56.89,4100000,預售屋、或土地及建物分件登記案件；,RPQNMLLMLHLGFAO68DA,128.49,0.0,12.05,有,
新竹市,房地(土地+建物)+車位,新竹市新竹市武陵路２２２巷５０弄１號七樓之３,33.85,住,,,1131001,土地1建物1車位2,七層,十四層,住宅大樓(11層含以上有電梯),住家用,鋼筋混凝土造,1150115,191.67000000000002,3,2,2,有,有,30980000,186800,坡道平面,51.52,4800000,預售屋、或土地及建物分件登記案件；,RPRPMLKLLHLGFAO78DA,81.04,0.0,9.24,有,
新竹市,房地(土地+建物)+車位,新竹市新竹市文昌街１１８號十二樓之１,17.53,商,,,1130923,土地1建物1車位1,十二層,十五層,住宅大樓(11層含以上有電梯),住家用,鋼筋混凝土造,1150113,172.92,4,2,2,有,有,30260000,190528,坡道平面,24.49,1980000,預售屋、或土地及建物分件登記案件；,RPRNMLMKLHLGFAO68DA,85.91,0.0,12.19,有,
新竹市,房地(土地+建物)+車位,新竹市新竹市文昌街１１８號十樓之２,17.66,商,,,1130922,土地1建物1車位1,十層,十五層,住宅大樓(11層含以上有電梯),住家用,鋼筋混凝土造,1150113,179.47,4,2,2,有,有,30970000,189671,坡道平面,29.79,2580000,預售屋、或土地及建物分件登記案件；,RPVNMLMKLHLGFAO09DA,86.5,0.0,12.49,有,
新竹市,房地(土地+建物)+車位,新竹市新竹市民富街３３５號六樓,42.93,住,,,1130915,土地1建物1車位1,六層,十五層,住宅大樓(11層含以上有電梯),住家用,鋼筋混凝土造,1150114,276.17,3,2,3,有,有,39450000,150673,坡道平面,29.61,2300000,預售屋、或土地及建物分件登記案件；,RPRNMLLMLHLGFAO78DA,148.24,0.0,12.35,有,
新竹市,房地(土地+建物)+車位,新竹市新竹市文昌街１１８號八樓之２,17.66,商,,,1130928,土地1建物1車位1,八層,十五層,住宅大樓(11層含以上有電梯),住家用,鋼筋混凝土造,1150113,172.23,4,2,2,有,有,30000000,185863,坡道平面,22.55,2180000,預售屋、或土地及建物分件登記案件；,RPTNMLMKLHLGFAO88DA,86.5,0.0,12.49,有,
新竹市,房地(土地+建物)+車位,新竹市新竹市武陵路２２２巷５０弄１號三樓之２,33.8,住,,,1130909,土地1建物1車位1,三層,十四層,住宅大樓(11層含以上有電梯),住家用,鋼筋混凝土造,1150115,172.65,3,2,2,有,有,28390000,186196,坡道平面,32.69,2330000,預售屋、或土地及建物分件登記案件；,RPWNMLKLLHLGFAO09DA,80.92,0.0,9.25,有,
新竹市,房地(土地+建物)+車位,新竹市新竹市武陵路２２２巷５０弄１號四樓之１,31.55,住,,,1130910,土地1建物1車位2,四層,十四層,住宅大樓(11層含以上有電梯),住家用,鋼筋混凝土造,1150115,175.52,3,2,2,有,有,28320000,181568,坡道平面,44.88,4600000,預售屋、或土地及建物分件登記案件；,RPQOMLSKLHLGFAO66DA,78.04,0.0,6.11,有,
新竹市,房地(土地+建物)+車位,新竹市新竹市民富街３３３號十四樓,37.51,住,,,1130803,土地1建物1車位1,十四層,十五層,住宅大樓(11層含以上有電梯),住家用,鋼筋混凝土造,1150114,245.39,3,2,3,有,有,37780000,164427,坡道平面,29.61,2300000,預售屋、或土地及建物分件登記案件；,RPROMLLKLHLGFAO68DA,128.49,0.0,12.05,有,
新竹市,房地(土地+建物)+車位,新竹市新竹市南大路２６７號三樓之１,25.86,商,,,1130810,土地2建物1車位1,三層,十二層,住宅大樓(11層含以上有電梯),住家用,鋼筋混凝土造,1141031,178.62,3,2,2,有,無,23670000,157544,升降平面,37.58,1450000,預售屋、或土地及建物分件登記案件；,RPWNMLPJJHLGFAO56DA,86.25,0.0,5.33,有,
新竹市,房地(土地+建物)+車位,新竹市新竹市武陵路２２２巷５０弄１號四樓之２,33.8,住,,,1130813,土地1建物1車位1,四層,十四層,住宅大樓(11層含以上有電梯),住家用,鋼筋混凝土造,1150115,207.3,3,2,2,有,有,28780000,180266,坡道平面,67.34,3550000,預售屋、或土地及建物分件登記案件；,RPXNMLKLLHLGFAO56DA,80.92,0.0,9.25,有,
新竹市,房地(土地+建物)+車位,新竹市新竹市和平路２２４巷４９號九樓之１,36.8,住,,,1130709,土地1建物1車位2,九層,十層,華廈(10層含以下有電梯),住家用,鋼筋混凝土造,1150102,163.58,3,2,2,有,有,26100000,156320,一樓平面,30.52,5300000,預售屋、或土地及建物分件登記案件；,RPXQMLPJLHLGFAO17DA,78.82,0.0,8.33,有,
新竹市,房地(土地+建物)+車位,新竹市新竹市和平路２２４巷３６號二樓之１,40.24,住,,,1130717,土地1建物1車位1,二層,八層,華廈(10層含以下有電梯),住家用,鋼筋混凝土造,1141216,166.41,3,2,2,有,無,23000000,152159,坡道平面,32.34,2600000,預售屋、或土地及建物分件登記案件；,RPPNMLOKLHLGFAO68DA,78.85,0.0,8.96,有,
新竹市,房地(土地+建物)+車位,新竹市新竹市南大路２６７號四樓之１,25.86,商,,,1130721,土地2建物1車位1,四層,十二層,住宅大樓(11層含以上有電梯),住家用,鋼筋混凝土造,1141031,178.62,3,2,2,有,無,23480000,156906,升降平面,37.58,1350000,預售屋、或土地及建物分件登記案件；,RPVOMLPJJHLGFAO56DA,86.25,0.0,5.33,有,
新竹市,房地(土地+建物)+車位,新竹市新竹市中華路三段４９號四樓之３,17.29,商,,,1130720,土地1建物1車位1,四層,十五層,住宅大樓(11層含以上有電梯),住家用,鋼筋混凝土造,1140813,193.3,4,2,2,有,有,27650000,155015,坡道平面,28.8,2150000,民國114年10月3日讓與配偶無加價.預售屋、或土地及建物分件登記案件；,RPVNMLTJLHLGFAO07DA,97.59,0.0,13.44,有,
新竹市,房地(土地+建物),新竹市新竹市文昌街１１８號二樓之１,12.06,商,,,1130730,土地1建物1車位0,二層,十五層,住宅大樓(11層含以上有電梯),住家用,鋼筋混凝土造,1150113,102.12,2,2,1,有,有,18520000,181355,,0.0,0,配偶間權利讓渡，讓渡日期為1141105，讓渡價格為新台幣1852萬元整。預售屋、或土地及建物分件登記案件；,RPTOMLLKLHLGFAO88DA,54.76,0.0,12.75,有,
新竹市,房地(土地+建物),新竹市新竹市天府路二段１７８之３號,67.85,住,,,1130719,土地2建物1車位0,全,四層,透天厝,住家用,鋼筋混凝土造,1150211,210.16,4,2,3,有,有,23300000,110868,,0.0,0,預售屋、或土地及建物分件登記案件；,RPWNMLMKMHLGFAO66DA,191.04,0.0,19.12,有,
新竹市,房地(土地+建物)+車位,新竹市新竹市民富街３３７號十二樓,43.17,住,,,1130723,土地1建物1車位2,十二層,十五層,住宅大樓(11層含以上有電梯),住家用,鋼筋混凝土造,1150114,306.82000000000005,3,2,3,有,有,44200000,159935,坡道平面,59.22,4600000,預售屋、或土地及建物分件登記案件；,RPWOMLKLMHLGFAO66DA,149.09,0.0,12.15,有,
新竹市,房地(土地+建物)+車位,新竹市新竹市文昌街１１８號十樓之１,17.53,商,,,1130712,土地1建物1車位1,十層,十五層,住宅大樓(11層含以上有電梯),住家用,鋼筋混凝土造,1150113,172.92,4,2,2,有,有,30200000,188776,坡道平面,24.49,2180000,預售屋、或土地及建物分件登記案件；,RPOPMLQKLHLGFAO98DA,85.91,0.0,12.19,有,
新竹市,房地(土地+建物),新竹市新竹市文昌街１１８號二樓之２,11.08,商,,,1130726,土地1建物1車位0,二層,十五層,住宅大樓(11層含以上有電梯),住家用,鋼筋混凝土造,1150113,93.84,2,2,1,有,有,17020000,181373,,0.0,0,預售屋、或土地及建物分件登記案件；,RPVPMLQKLHLGFAO07DA,51.39,0.0,10.65,有,
新竹市,房地(土地+建物)+車位,新竹市新竹市民富街３３７號五樓,43.17,住,,,1130727,土地1建物1車位1,五層,十五層,住宅大樓(11層含以上有電梯),住家用,鋼筋混凝土造,1150114,277.13,3,2,3,有,有,39280000,150210,坡道平面,29.61,2100000,預售屋、或土地及建物分件登記案件；,RPUOMLLKNHLGFAO56DA,149.09,0.0,12.15,有,
新竹市,房地(土地+建物)+車位,新竹市新竹市武陵路２２２巷５０弄１號十三樓之１,31.55,住,,,1130729,土地1建物1車位2,十三層,十四層,住宅大樓(11層含以上有電梯),住家用,鋼筋混凝土造,1150115,175.52,3,2,2,有,有,28080000,179731,坡道平面,44.88,4600000,預售屋、或土地及建物分件登記案件；,RPUNMLKLLHLGFAO88DA,78.04,0.0,6.11,有,
新竹市,房地(土地+建物),新竹市新竹市文昌街１１８號二樓之５,10.83,商,,,1130715,土地1建物1車位0,二層,十五層,住宅大樓(11層含以上有電梯),住家用,鋼筋混凝土造,1150113,91.65,2,2,1,有,有,16600000,181124,,0.0,0,預售屋、或土地及建物分件登記案件；,RPVQMLQKLHLGFAO17DA,55.2,0.0,5.25,有,
新竹市,房地(土地+建物)+車位,新竹市新竹市中華路六段６４７巷１３６弄４３９號,104.21,,山坡地保育區,丙種建築用地,1130611,土地2建物1車位1,全,四層,透天厝,住家用,鋼筋混凝土造,1141022,194.43,3,2,3,有,有,19800000,101836,其他,13.75,0,預售屋、或土地及建物分件登記案件；,RPQOMLNLIIKGFAO58DA,172.43,0.0,22.0,無,
新竹市,房地(土地+建物)+車位,新竹市新竹市南大路２６７號三樓之２,25.78,商,,,1130629,土地2建物1車位1,三層,十二層,住宅大樓(11層含以上有電梯),住家用,鋼筋混凝土造,1141031,179.39,3,2,2,有,無,23600000,157715,升降平面,38.63,1400000,預售屋、或土地及建物分件登記案件；,RPOPMLSLJHLGFAO09DA,86.13,0.0,5.33,有,
新竹市,房地(土地+建物)+車位,新竹市新竹市南大路２６７號六樓之１,25.86,商,,,1130616,土地2建物1車位1,六層,十二層,住宅大樓(11層含以上有電梯),住家用,鋼筋混凝土造,1141031,179.66,3,2,2,有,無,23780000,158690,升降平面,38.63,1400000,預售屋、或土地及建物分件登記案件；,RPSPMLSLJHLGFAO86DA,86.25,0.0,5.33,有,
新竹市,房地(土地+建物)+車位,新竹市新竹市民富街３３１號七樓,37.51,住,,,1130610,土地1建物1車位2,七層,十五層,住宅大樓(11層含以上有電梯),住家用,鋼筋混凝土造,1150114,274.73,3,2,3,有,有,36600000,150341,坡道平面,59.22,4200000,預售屋、或土地及建物分件登記案件；,RPWNMLQKMHLGFAO07DA,128.29,0.0,12.05,有,
新竹市,房地(土地+建物)+車位,新竹市新竹市武陵路２２２巷５０弄５號八樓之１,31.57,住,,,1130626,土地1建物1車位1,八層,十四層,住宅大樓(11層含以上有電梯),住家用,鋼筋混凝土造,1150115,158.24,3,2,2,有,有,25600000,177997,坡道平面,27.62,2350000,預售屋、或土地及建物分件登記案件；,RPWNMLSKLHLGFAO17DA,78.05,0.0,6.11,有,
新竹市,房地(土地+建物)+車位,新竹市新竹市民富街３３１號六樓,37.51,住,,,1130627,土地1建物1車位2,六層,十五層,住宅大樓(11層含以上有電梯),住家用,鋼筋混凝土造,1150114,272.4,3,2,3,有,有,34880000,142824,坡道平面,56.89,4100000,預售屋、或土地及建物分件登記案件；,RPPOMLLKNHLGFAO68DA,128.29,0.0,12.05,有,
新竹市,房地(土地+建物)+車位,新竹市新竹市文昌街１１８號四樓之２,17.66,商,,,1130603,土地1建物1車位1,四層,十五層,住宅大樓(11層含以上有電梯),住家用,鋼筋混凝土造,1150113,174.17000000000002,4,2,2,有,有,29390000,179784,坡道平面,24.49,2480000,預售屋、或土地及建物分件登記案件；,RPOQMLQKLHLGFAO09DA,86.5,0.0,12.49,有,
新竹市,房地(土地+建物)+車位,新竹市新竹市和平路２２４巷４９號七樓之５,36.8,住,,,1130531,土地1建物1車位2,七層,十層,華廈(10層含以下有電梯),住家用,鋼筋混凝土造,1150102,163.43,3,2,2,有,有,23450000,137166,坡道平面,30.38,5200000,114.08.30同額轉讓配偶。預售屋、或土地及建物分件登記案件；,RPSQMLPJLHLGFAO66DA,78.82,0.0,8.33,有,
新竹市,房地(土地+建物)+車位,新竹市新竹市和平路２２４巷４９號八樓之１,36.8,住,,,1130527,土地1建物1車位2,八層,十層,華廈(10層含以下有電梯),住家用,鋼筋混凝土造,1150102,162.43,3,2,2,有,有,23770000,140323,坡道平面,29.38,5100000,預售屋、或土地及建物分件登記案件；,RPUQMLPJLHLGFAO86DA,78.82,0.0,8.33,有,
新竹市,房地(土地+建物)+車位,新竹市新竹市和平路２２４巷４９號九樓之５,36.8,住,,,1130523,土地1建物1車位1,九層,十層,華廈(10層含以下有電梯),住家用,鋼筋混凝土造,1150102,148.25,3,2,2,有,有,22130000,146776,坡道平面,15.19,2600000,預售屋、或土地及建物分件登記案件；,RPPRMLPJLHLGFAO09DA,78.82,0.0,8.33,有,
新竹市,房地(土地+建物)+車位,新竹市新竹市和平路２２４巷４９號十樓之２,36.8,住,,,1130531,土地1建物1車位1,十層,十層,華廈(10層含以下有電梯),住家用,鋼筋混凝土造,1150102,148.25,3,2,2,有,有,22150000,146926,坡道平面,15.19,2600000,預售屋、或土地及建物分件登記案件；,RPSRMLPJLHLGFAO76DA,78.82,0.0,8.33,有,
新竹市,房地(土地+建物)+車位,新竹市新竹市和平路２２４巷４９號八樓之５,36.8,住,,,1130531,土地1建物1車位2,八層,十層,華廈(10層含以下有電梯),住家用,鋼筋混凝土造,1150102,163.43,3,2,2,有,有,23800000,139797,坡道平面,30.38,5200000,預售屋、或土地及建物分件登記案件；,RPXRMLPJLHLGFAO27DA,78.82,0.0,8.33,有,
新竹市,房地(土地+建物)+車位,新竹市新竹市中華路三段４９號三樓之３,17.29,商,,,1130526,土地1建物1車位1,三層,十五層,住宅大樓(11層含以上有電梯),住家用,鋼筋混凝土造,1140813,193.3,4,2,2,有,有,27150000,152584,坡道平面,28.8,2050000,預售屋、或土地及建物分件登記案件；,RPTNMLLKLHLGFAO78DA,97.59,0.0,13.44,有,
新竹市,房地(土地+建物)+車位,新竹市新竹市文昌街１１８號十樓之３,14.29,商,,,1130502,土地1建物1車位1,十層,十五層,住宅大樓(11層含以上有電梯),住家用,鋼筋混凝土造,1150113,145.56,3,2,2,有,有,24580000,185843,坡道平面,24.49,2080000,預售屋、或土地及建物分件登記案件；,RPSPMLMKLHLGFAO98DA,73.8,0.0,6.25,有,
新竹市,房地(土地+建物)+車位,新竹市新竹市武陵路２２２巷５０弄１號十一樓之１,31.55,住,,,1130527,土地1建物1車位1,十一層,十四層,住宅大樓(11層含以上有電梯),住家用,鋼筋混凝土造,1150115,154.02,3,2,2,有,有,25600000,177956,坡道平面,23.37,2350000,預售屋、或土地及建物分件登記案件；,RPSNMLKLLHLGFAO68DA,78.04,0.0,6.11,有,
新竹市,房地(土地+建物)+車位,新竹市新竹市武陵路２２２巷５０弄５號五樓之２,33.85,住,,,1130509,土地1建物1車位1,五層,十四層,住宅大樓(11層含以上有電梯),住家用,鋼筋混凝土造,1150115,165.91,3,2,2,有,有,26910000,174741,坡道平面,25.76,2420000,預售屋、或土地及建物分件登記案件；,RPQQMLKLLHLGFAO78DA,81.04,0.0,9.24,有,
新竹市,房地(土地+建物)+車位,新竹市新竹市和平路２２４巷４９號三樓之５,36.8,住,,,1130527,土地1建物1車位1,三層,十層,華廈(10層含以下有電梯),住家用,鋼筋混凝土造,1150102,148.25,3,2,2,有,有,19800000,130392,一樓平面,15.19,2450000,114.11.24，妻同額轉讓夫。預售屋、或土地及建物分件登記案件；,RPQNMLRLLHLGFAO56DA,78.82,0.0,8.33,有,
新竹市,房地(土地+建物)+車位,新竹市新竹市民富街３３３號十樓,37.51,住,,,1130511,土地1建物1車位1,十層,十五層,住宅大樓(11層含以上有電梯),住家用,鋼筋混凝土造,1150114,245.39,3,2,3,有,有,36700000,159422,坡道平面,29.61,2300000,預售屋、或土地及建物分件登記案件；,RPTOMLQKMHLGFAO86DA,128.49,0.0,12.05,有,
新竹市,房地(土地+建物)+車位,新竹市新竹市民富街３３３號八樓,37.51,住,,,1130525,土地1建物1車位1,八層,十五層,住宅大樓(11層含以上有電梯),住家用,鋼筋混凝土造,1150114,245.39,3,2,3,有,有,35750000,155019,坡道平面,29.61,2300000,114.10.28夫妻之間預售屋權利轉讓無加價。預售屋、或土地及建物分件登記案件；,RPVOMLKLMHLGFAO56DA,128.49,0.0,12.05,有,
新竹市,房地(土地+建物)+車位,新竹市新竹市文昌街１１８號十三樓之１,17.53,商,,,1130504,土地1建物1車位1,十三層,十五層,住宅大樓(11層含以上有電梯),住家用,鋼筋混凝土造,1150113,172.92,4,2,2,有,有,29890000,186014,坡道平面,24.49,2280000,預售屋、或土地及建物分件登記案件；,RPPPMLQKLHLGFAO09DA,85.91,0.0,12.19,有,
新竹市,房地(土地+建物)+車位,新竹市新竹市武陵路２２２巷５０弄１號七樓之１,31.55,住,,,1130506,土地1建物1車位1,七層,十四層,住宅大樓(11層含以上有電梯),住家用,鋼筋混凝土造,1150115,155.88,3,2,2,有,有,24980000,173058,坡道平面,25.23,2370000,預售屋、或土地及建物分件登記案件；,RPUOMLSKLHLGFAO07DA,78.04,0.0,6.11,有,
新竹市,房地(土地+建物)+車位,新竹市新竹市文昌街１１８號九樓之１,17.53,商,,,1130520,土地1建物1車位1,九層,十五層,住宅大樓(11層含以上有電梯),住家用,鋼筋混凝土造,1150113,172.92,4,2,2,有,有,29800000,186081,坡道平面,24.49,2180000,預售屋、或土地及建物分件登記案件；,RPWOMLQKLHLGFAO07DA,85.91,0.0,12.19,有,
新竹市,房地(土地+建物)+車位,新竹市新竹市和平路２２４巷４９號三樓之３,36.8,住,,,1130419,土地1建物1車位1,三層,十層,華廈(10層含以下有電梯),住家用,鋼筋混凝土造,1150102,148.25,3,2,2,有,有,20000000,130768,坡道平面,15.19,2600000,預售屋、或土地及建物分件登記案件；,RPXOMLPJLHLGFAO96DA,78.82,0.0,8.33,有,
新竹市,房地(土地+建物)+車位,新竹市新竹市和平路２２４巷４９號七樓之１,36.8,住,,,1130423,土地1建物1車位2,七層,十層,華廈(10層含以下有電梯),住家用,鋼筋混凝土造,1150102,163.43,3,2,2,有,有,23550000,137918,坡道平面,30.38,5200000,預售屋、或土地及建物分件登記案件；,RPQQMLPJLHLGFAO09DA,78.82,0.0,8.33,有,
新竹市,房地(土地+建物)+車位,新竹市新竹市和平路２２４巷４９號九樓之２,36.8,住,,,1130410,土地1建物1車位2,九層,十層,華廈(10層含以下有電梯),住家用,鋼筋混凝土造,1150102,163.43,3,2,2,有,有,23900000,140549,坡道平面,30.38,5200000,預售屋、或土地及建物分件登記案件；,RPORMLPJLHLGFAO98DA,78.82,0.0,8.33,有,
新竹市,房地(土地+建物)+車位,新竹市新竹市和平路２２４巷４９號十樓之１,36.8,住,,,1130421,土地1建物1車位1,十層,十層,華廈(10層含以下有電梯),住家用,鋼筋混凝土造,1150102,148.25,3,2,2,有,有,21960000,146626,一樓平面,15.19,2450000,114年04月07日同額轉讓給兒子。預售屋、或土地及建物分件登記案件；,RPRRMLPJLHLGFAO66DA,78.82,0.0,8.33,有,
新竹市,房地(土地+建物)+車位,新竹市新竹市龍山西路８號二樓,21.28,商,,,1130418,土地1建物1車位2,二層,十四層,住宅大樓(11層含以上有電梯),住家用,鋼筋混凝土造,1140710,242.38,4,2,2,有,有,30500000,157125,升降平面,67.36,3000000,親友、員工、共有人或其他特殊關係間之交易；預售屋、或土地及建物分件登記案件；,RPPOMLMKLHLGFAO58DA,100.37,0.0,13.53,有,
新竹市,房地(土地+建物)+車位,新竹市新竹市和平路２２４巷３６號六樓之２,40.21,住,,,1130422,土地1建物1車位1,六層,八層,華廈(10層含以下有電梯),住家用,鋼筋混凝土造,1141216,166.6,3,2,2,有,有,22100000,145436,一樓平面,32.52,2600000,115年1月28日更換車位:更換前:地下一層坡道平面車位（4號），更換後：一樓平面車位，（14號）。原價更換。預售屋、或土地及建物分件登記案件；,RPUNMLQKLHLGFAO76DA,78.86,0.0,8.96,有,
新竹市,房地(土地+建物)+車位,新竹市新竹市文昌街１１８號三樓之１,17.53,商,,,1130408,土地1建物1車位1,三層,十五層,住宅大樓(11層含以上有電梯),住家用,鋼筋混凝土造,1150113,172.92,4,2,2,有,有,29000000,180018,坡道平面,24.49,2280000,預售屋、或土地及建物分件登記案件；,RPUOMLLKLHLGFAO98DA,85.91,0.0,12.19,有,
新竹市,房地(土地+建物)+車位,新竹市新竹市文昌街１１８號六樓之３,14.29,商,,,1130410,土地1建物1車位1,六層,十五層,住宅大樓(11層含以上有電梯),住家用,鋼筋混凝土造,1150113,145.56,3,2,2,有,有,23880000,180061,坡道平面,24.49,2080000,預售屋、或土地及建物分件登記案件；,RPXOMLMKLHLGFAO76DA,73.8,0.0,6.25,有,
新竹市,房地(土地+建物),新竹市新竹市天府路二段１７６之５號,79.2,住,,,1130410,土地2建物1車位0,全,四層,透天厝,住家用,鋼筋混凝土造,1150211,225.32,4,2,4,有,有,23000000,102077,,0.0,0,預售屋、或土地及建物分件登記案件；,RPQNMLTKMHLGFAO76DA,204.61,0.0,20.71,有,
新竹市,房地(土地+建物)+車位,新竹市新竹市民富街３３３號六樓,37.51,住,,,1130410,土地1建物1車位2,六層,十五層,住宅大樓(11層含以上有電梯),住家用,鋼筋混凝土造,1150114,275.01,3,2,3,有,有,34650000,141109,坡道平面,59.22,4200000,115.1.24夫妻間讓渡無加價。預售屋、或土地及建物分件登記案件；,RPROMLMKNHLGFAO98DA,128.49,0.0,12.05,有,
新竹市,房地(土地+建物)+車位,新竹市新竹市文昌街１１８號五樓之３,14.29,商,,,1130418,土地1建物1車位1,五層,十五層,住宅大樓(11層含以上有電梯),住家用,鋼筋混凝土造,1150113,143.62,3,2,2,有,有,24210000,182787,坡道平面,22.55,2080000,預售屋、或土地及建物分件登記案件；,RPVOMLMKLHLGFAO56DA,73.8,0.0,6.25,有,
新竹市,房地(土地+建物)+車位,新竹市新竹市文昌街１１８號十三樓之３,14.29,商,,,1130401,土地1建物1車位1,十三層,十五層,住宅大樓(11層含以上有電梯),住家用,鋼筋混凝土造,1150113,143.62,3,2,2,有,有,24680000,186669,坡道平面,22.55,2080000,預售屋、或土地及建物分件登記案件；,RPURMLQKLHLGFAO17DA,73.8,0.0,6.25,有,
新竹市,房地(土地+建物)+車位,新竹市新竹市和平路２２４巷４９號二樓之１,36.89,住,,,1130322,土地1建物1車位1,二層,十層,華廈(10層含以下有電梯),住家用,鋼筋混凝土造,1150102,148.25,3,2,2,有,有,20080000,132497,一樓平面,15.19,2450000,預售屋、或土地及建物分件登記案件；,RPUOMLPJLHLGFAO66DA,78.82,0.0,8.33,有,
新竹市,房地(土地+建物)+車位,新竹市新竹市和平路２２４巷４９號四樓之３,36.8,住,,,1130330,土地1建物1車位1,四層,十層,華廈(10層含以下有電梯),住家用,鋼筋混凝土造,1150102,148.25,3,2,2,有,有,20000000,130768,坡道平面,15.19,2600000,預售屋、或土地及建物分件登記案件；,RPQPMLPJLHLGFAO98DA,78.82,0.0,8.33,有,
新竹市,房地(土地+建物)+車位,新竹市新竹市和平路２２４巷４９號五樓之５,36.8,住,,,1130316,土地1建物1車位1,五層,十層,華廈(10層含以下有電梯),住家用,鋼筋混凝土造,1150102,148.25,3,2,2,有,有,20160000,133098,一樓平面,15.19,2450000,預售屋、或土地及建物分件登記案件；,RPTPMLPJLHLGFAO66DA,78.82,0.0,8.33,有,
新竹市,房地(土地+建物)+車位,新竹市新竹市文昌街１１８號十五樓之３,14.09,商,,,1130306,土地1建物1車位1,十五層,十五層,住宅大樓(11層含以上有電梯),住家用,鋼筋混凝土造,1150113,148.78,3,2,2,有,有,24880000,187589,坡道平面,29.37,2480000,預售屋、或土地及建物分件登記案件；,RPQNMLQKLHLGFAO98DA,72.74,0.0,6.19,有,
新竹市,房地(土地+建物)+車位,新竹市新竹市文昌街１１８號十二樓之３,14.29,商,,,1130312,土地1建物1車位1,十二層,十五層,住宅大樓(11層含以上有電梯),住家用,鋼筋混凝土造,1150113,145.56,3,2,2,有,有,24660000,186504,坡道平面,24.49,2080000,預售屋、或土地及建物分件登記案件；,RPPNMLQKLHLGFAO88DA,73.8,0.0,6.25,有,
新竹市,房地(土地+建物)+車位,新竹市新竹市文昌街１１８號十四樓之３,14.29,商,,,1130316,土地1建物1車位1,十四層,十五層,住宅大樓(11層含以上有電梯),住家用,鋼筋混凝土造,1150113,145.5,3,2,2,有,有,25000000,188579,坡道平面,24.49,2180000,預售屋、或土地及建物分件登記案件；,RPVRMLQKLHLGFAO27DA,73.8,0.0,6.19,有,
新竹市,房地(土地+建物),新竹市新竹市天府路二段１７６之２號,75.33,住,,,1130318,土地2建物1車位0,全,四層,透天厝,住家用,鋼筋混凝土造,1150211,222.17,4,2,3,有,有,23300000,104875,,0.0,0,預售屋、或土地及建物分件登記案件；,RPPPMLRKMHLGFAO66DA,202.25,0.0,19.92,有,
新竹市,房地(土地+建物),新竹市新竹市天府路二段１７６之３號,75.33,住,,,1130318,土地2建物1車位0,全,四層,透天厝,住家用,鋼筋混凝土造,1150211,222.17,4,2,3,有,有,23300000,104875,,0.0,0,預售屋、或土地及建物分件登記案件；,RPQPMLRKMHLGFAO76DA,202.25,0.0,19.92,有,
新竹市,房地(土地+建物)+車位,新竹市新竹市文昌街１１８號三樓之２,17.66,商,,,1130312,土地1建物1車位1,三層,十五層,住宅大樓(11層含以上有電梯),住家用,鋼筋混凝土造,1150113,174.17000000000002,4,2,2,有,有,28950000,180184,坡道平面,24.49,1980000,預售屋、或土地及建物分件登記案件；,RPWPMLQKLHLGFAO17DA,86.5,0.0,12.49,有,
新竹市,房地(土地+建物)+車位,新竹市新竹市文昌街１１８號七樓之３,14.29,商,,,1130210,土地1建物1車位1,七層,十五層,住宅大樓(11層含以上有電梯),住家用,鋼筋混凝土造,1150113,145.56,3,2,2,有,有,23750000,179813,坡道平面,24.49,1980000,預售屋、或土地及建物分件登記案件；,RPOPMLMKLHLGFAO58DA,73.8,0.0,6.25,有,
新竹市,房地(土地+建物),新竹市新竹市天府路二段１７６之１號,75.33,住,,,1130219,土地2建物1車位0,全,四層,透天厝,住家用,鋼筋混凝土造,1150211,222.17,4,2,3,有,有,23000000,103524,,0.0,0,預售屋、或土地及建物分件登記案件；,RPTNMLMKMHLGFAO98DA,202.25,0.0,19.92,有,
新竹市,房地(土地+建物)+車位,新竹市新竹市武陵路２２２巷５０弄１號六樓之３,33.85,住,,,1130205,土地1建物1車位1,六層,十四層,住宅大樓(11層含以上有電梯),住家用,鋼筋混凝土造,1150115,195.35,3,2,2,有,有,27480000,172743,坡道平面,55.2,3270000,預售屋、或土地及建物分件登記案件；,RPQPMLKLLHLGFAO68DA,81.04,0.0,9.24,有,
新竹市,房地(土地+建物)+車位,新竹市新竹市和平路２２４巷４９號三樓之１,36.8,住,,,1130129,土地1建物1車位1,三層,十層,華廈(10層含以下有電梯),住家用,鋼筋混凝土造,1150102,148.25,3,2,2,有,有,19300000,125883,坡道平面,15.19,2550000,預售屋、或土地及建物分件登記案件；,RPTOMLPJLHLGFAO56DA,78.82,0.0,8.33,有,
新竹市,房地(土地+建物)+車位,新竹市新竹市和平路２２４巷４９號二樓之２,36.89,住,,,1130129,土地1建物1車位1,二層,十層,華廈(10層含以下有電梯),住家用,鋼筋混凝土造,1150102,148.25,3,2,2,有,有,19950000,131520,一樓平面,15.19,2450000,預售屋、或土地及建物分件登記案件；,RPVOMLPJLHLGFAO76DA,78.82,0.0,8.33,有,
新竹市,房地(土地+建物)+車位,新竹市新竹市和平路２２４巷４９號三樓之２,36.8,住,,,1130129,土地1建物1車位1,三層,十層,華廈(10層含以下有電梯),住家用,鋼筋混凝土造,1150102,148.25,3,2,2,有,有,19320000,126785,一樓平面,15.19,2450000,114年10月14日變更車位，原B1-1號車位（255萬）更換為1F-40號車位（245萬）。預售屋、或土地及建物分件登記案件；,RPWOMLPJLHLGFAO86DA,78.82,0.0,8.33,有,
新竹市,房地(土地+建物)+車位,新竹市新竹市和平路２２４巷４９號四樓之２,36.8,住,,,1130129,土地1建物1車位1,四層,十層,華廈(10層含以下有電梯),住家用,鋼筋混凝土造,1150102,148.25,3,2,2,有,有,19500000,128138,一樓平面,15.19,2450000,114.06.11，妻原1/2無加價轉讓配偶。預售屋、或土地及建物分件登記案件；,RPPPMLPJLHLGFAO88DA,78.82,0.0,8.33,有,
新竹市,房地(土地+建物)+車位,新竹市新竹市和平路２２４巷４９號五樓之１,36.8,住,,,1130129,土地1建物1車位1,五層,十層,華廈(10層含以下有電梯),住家用,鋼筋混凝土造,1150102,148.25,3,2,2,有,有,20050000,131144,坡道平面,15.19,2600000,預售屋、或土地及建物分件登記案件；,RPSPMLPJLHLGFAO56DA,78.82,0.0,8.33,有,
新竹市,房地(土地+建物)+車位,新竹市新竹市和平路２２４巷４９號五樓之３,36.8,住,,,1130129,土地1建物1車位1,五層,十層,華廈(10層含以下有電梯),住家用,鋼筋混凝土造,1150102,148.25,3,2,2,有,有,19800000,129641,坡道平面,15.19,2550000,預售屋、或土地及建物分件登記案件；,RPUPMLPJLHLGFAO76DA,78.82,0.0,8.33,有,
新竹市,房地(土地+建物)+車位,新竹市新竹市和平路２２４巷４９號六樓之１,36.8,住,,,1130129,土地1建物1車位1,六層,十層,華廈(10層含以下有電梯),住家用,鋼筋混凝土造,1150102,148.25,3,2,2,有,有,19980000,130994,坡道平面,15.19,2550000,114年3月21日同額讓售配偶預售屋、或土地及建物分件登記案件；,RPWPMLPJLHLGFAO96DA,78.82,0.0,8.33,有,
新竹市,房地(土地+建物)+車位,新竹市新竹市和平路２２４巷４９號六樓之２,36.8,住,,,1130129,土地1建物1車位1,六層,十層,華廈(10層含以下有電梯),住家用,鋼筋混凝土造,1150102,148.25,3,2,2,有,有,20060000,132346,一樓平面,15.19,2450000,預售屋、或土地及建物分件登記案件；,RPXPMLPJLHLGFAO07DA,78.82,0.0,8.33,有,
新竹市,房地(土地+建物)+車位,新竹市新竹市和平路２２４巷４９號七樓之２,36.8,住,,,1130129,土地1建物1車位2,七層,十層,華廈(10層含以下有電梯),住家用,鋼筋混凝土造,1150102,162.43,3,2,2,有,有,22920000,135814,一樓平面,29.38,4850000,預售屋、或土地及建物分件登記案件；,RPRQMLPJLHLGFAO56DA,78.82,0.0,8.33,有,
新竹市,房地(土地+建物)+車位,新竹市新竹市和平路２２４巷４９號七樓之３,36.8,住,,,1130129,土地1建物1車位2,七層,十層,華廈(10層含以下有電梯),住家用,鋼筋混凝土造,1150102,163.43,3,2,2,有,有,22650000,133408,一樓平面,30.38,4900000,預售屋、或土地及建物分件登記案件；,RPTQMLPJLHLGFAO76DA,78.82,0.0,8.33,有,
新竹市,房地(土地+建物)+車位,新竹市新竹市和平路２２４巷４９號八樓之２,36.8,住,,,1130129,土地1建物1車位2,八層,十層,華廈(10層含以下有電梯),住家用,鋼筋混凝土造,1150102,163.43,3,2,2,有,有,23300000,136039,坡道平面,30.38,5200000,預售屋、或土地及建物分件登記案件；,RPVQMLPJLHLGFAO96DA,78.82,0.0,8.33,有,
新竹市,房地(土地+建物)+車位,新竹市新竹市和平路２２４巷４９號八樓之３,36.8,住,,,1130129,土地1建物1車位2,八層,十層,華廈(10層含以下有電梯),住家用,鋼筋混凝土造,1150102,163.43,3,2,2,有,有,22560000,131229,坡道平面,30.38,5100000,預售屋、或土地及建物分件登記案件；,RPWQMLPJLHLGFAO07DA,78.82,0.0,8.33,有,
新竹市,房地(土地+建物)+車位,新竹市新竹市和平路２２４巷４９號九樓之３,36.8,住,,,1130129,土地1建物1車位2,九層,十層,華廈(10層含以下有電梯),住家用,鋼筋混凝土造,1150102,163.43,3,2,2,有,有,22700000,132281,坡道平面,30.38,5100000,114年03月26日同額讓渡給夫。預售屋、或土地及建物分件登記案件；,RPQRMLPJLHLGFAO56DA,78.82,0.0,8.33,有,
新竹市,房地(土地+建物)+車位,新竹市新竹市和平路２２４巷４９號十樓之５,36.8,住,,,1130129,土地1建物1車位1,十層,十層,華廈(10層含以下有電梯),住家用,鋼筋混凝土造,1150102,148.25,3,2,2,有,有,20500000,134902,坡道平面,15.19,2550000,預售屋、或土地及建物分件登記案件；,RPTRMLPJLHLGFAO86DA,78.82,0.0,8.33,有,
新竹市,房地(土地+建物)+車位,新竹市新竹市和平路２２４巷４９號五樓之２,36.8,住,,,1130129,土地1建物1車位1,五層,十層,華廈(10層含以下有電梯),住家用,鋼筋混凝土造,1150102,147.25,3,2,2,有,有,19980000,131369,坡道平面,14.19,2500000,預售屋、或土地及建物分件登記案件；,RPVRMLPJLHLGFAO07DA,78.82,0.0,8.33,有,
新竹市,房地(土地+建物)+車位,新竹市新竹市和平路２２４巷４９號十樓之３,36.8,住,,,1130129,土地1建物1車位1,十層,十層,華廈(10層含以下有電梯),住家用,鋼筋混凝土造,1150102,149.49,3,2,2,有,有,20650000,135267,坡道平面,16.42,2650000,預售屋、或土地及建物分件登記案件；,RPWRMLPJLHLGFAO17DA,78.82,0.0,8.33,有,
新竹市,房地(土地+建物),新竹市新竹市天府路二段１７２號,84.88,住,,,1130130,土地2建物1車位0,全,四層,透天厝,住商用,鋼筋混凝土造,1150211,195.01,4,2,4,有,有,24000000,123071,,0.0,0,預售屋、或土地及建物分件登記案件；,RPPNMLTKMHLGFAO66DA,176.94,0.0,18.07,有,
新竹市,房地(土地+建物)+車位,新竹市新竹市中華路六段６４７巷１３６弄５１７號,174.25,,山坡地保育區,丙種建築用地,1121225,土地3建物1車位1,全,四層,透天厝,住家用,鋼筋混凝土造,1141022,195.74,3,2,4,有,有,19600000,100133,其他,13.75,0,預售屋、或土地及建物分件登記案件；,RPXNMLOJLHLGFAO76DA,172.83,0.0,22.91,無,
新竹市,房地(土地+建物)+車位,新竹市新竹市中華路三段４９號十一樓之２,17.23,商,,,1121202,土地1建物1車位2,十一層,十五層,住宅大樓(11層含以上有電梯),住家用,鋼筋混凝土造,1140813,221.39,4,2,2,有,有,30000000,156908,坡道平面,57.6,4300000,預售屋、或土地及建物分件登記案件；,RPOOMLTJLHLGFAO09DA,96.95,0.0,13.65,有,
新竹市,房地(土地+建物)+車位,新竹市新竹市中華路三段４９號十二樓之２,17.23,商,,,1121225,土地1建物1車位2,十二層,十五層,住宅大樓(11層含以上有電梯),住家用,鋼筋混凝土造,1140813,221.39,4,2,2,有,無,30300000,158740,坡道平面,57.6,4300000,預售屋、或土地及建物分件登記案件；,RPPOMLTJLHLGFAO56DA,96.95,0.0,13.65,有,
新竹市,房地(土地+建物),新竹市新竹市文昌街１１８號二樓之３,10.71,商,,,1121120,土地1建物1車位0,二層,十五層,住宅大樓(11層含以上有電梯),住家用,鋼筋混凝土造,1150113,90.67,2,2,1,有,有,16300000,179773,,0.0,0,預售屋、或土地及建物分件登記案件；,RPRNMLQKLHLGFAO09DA,52.72,0.0,7.2,有,
新竹市,房地(土地+建物)+車位,新竹市新竹市天府路一段４２９號,23.07,住,,,1121119,土地1建物1車位1,一層，見其他登記事項,十四層,住宅大樓(11層含以上有電梯),商業用,鋼筋混凝土造,1141125,128.17,0,0,2,有,有,17300000,150725,坡道平面,24.67,1700000,夾層；預售屋、或土地及建物分件登記案件；,RPXOMLTJMHLGFAO47DA,66.1,0.0,10.86,有,
新竹市,房地(土地+建物)+車位,新竹市新竹市天府路一段４３１號,24.13,住,,,1121119,土地1建物1車位1,一層，見其他登記事項,十四層,住宅大樓(11層含以上有電梯),商業用,鋼筋混凝土造,1141125,132.2,0,0,2,有,有,16600000,140426,坡道平面,24.67,1500000,夾層；預售屋、或土地及建物分件登記案件；,RPOPMLTJMHLGFAO66DA,70.27,0.0,9.67,有,
新竹市,房地(土地+建物)+車位,新竹市新竹市中華路三段５１號六樓之５,13.14,商,,,1121110,土地1建物1車位1,六層,十五層,住宅大樓(11層含以上有電梯),住家用,鋼筋混凝土造,1140813,153.82999999999998,3,2,2,有,有,21250000,152763,坡道平面,28.8,2150000,預售屋、或土地及建物分件登記案件；,RPQOMLRLLHLGFAO66DA,73.38,0.0,11.03,有,
新竹市,房地(土地+建物)+車位,新竹市新竹市中華路三段４９號三樓之５,14.36,商,,,1121007,土地1建物1車位1,三層,十五層,住宅大樓(11層含以上有電梯),住家用,鋼筋混凝土造,1140813,165.61,3,2,2,有,有,21500000,142533,坡道平面,28.8,2000000,預售屋、或土地及建物分件登記案件；,RPQNMLQLLHLGFAO09DA,81.68,0.0,10.62,有,
新竹市,房地(土地+建物),新竹市新竹市高翠路１２５號三樓之２,34.64,住,,,1120920,土地4建物1車位0,三層,五層,華廈(10層含以下有電梯),住家用,鋼筋混凝土造,1140716,90.89000000000001,3,3,3,有,有,16500000,181538,,0.0,0,土地價金為8250000元整；建物價金為8250000元整。預售屋權利轉售，讓渡日期：114年7月25日，權利買賣契約成交價格16500000元預售屋、或土地及建物分件登記案件；,RPQTMLQKLHLGFAO96DA,62.98,0.0,5.7,有,
新竹市,房地(土地+建物)+車位,新竹市新竹市中華路三段５１號九樓之３,14.3,商,,,1120916,土地1建物1車位1,九層,十五層,住宅大樓(11層含以上有電梯),住家用,鋼筋混凝土造,1140813,164.94,3,2,2,有,有,22500000,151682,坡道平面,28.8,1850000,預售屋、或土地及建物分件登記案件；,RPSPMLTLKIKGFAO07DA,81.81,0.0,10.08,有,
新竹市,房地(土地+建物)+車位,新竹市新竹市中華路三段５１號八樓之３,14.3,商,,,1120917,土地1建物1車位1,八層,十五層,住宅大樓(11層含以上有電梯),住家用,鋼筋混凝土造,1140813,164.94,3,2,2,有,有,22630000,150433,坡道平面,28.8,2150000,預售屋、或土地及建物分件登記案件；,RPQOMLTJLHLGFAO66DA,81.81,0.0,10.08,有,
新竹市,房地(土地+建物)+車位,新竹市新竹市中華路三段５１號七樓之２,14.31,商,,,1120916,土地1建物1車位1,七層,十五層,住宅大樓(11層含以上有電梯),住家用,鋼筋混凝土造,1140813,165.03,3,2,2,有,有,23000000,154151,坡道平面,28.8,2000000,預售屋、或土地及建物分件登記案件；,RPUNMLNKLHLGFAO09DA,81.85,0.0,10.05,有,
新竹市,房地(土地+建物)+車位,新竹市新竹市中華路三段５１號四樓之２,14.31,商,,,1120917,土地1建物1車位1,四層,十五層,住宅大樓(11層含以上有電梯),住家用,鋼筋混凝土造,1140813,165.03,3,2,2,有,有,22150000,149013,坡道平面,28.8,1850000,預售屋、或土地及建物分件登記案件；,RPSNMLQLLHLGFAO66DA,81.85,0.0,10.05,有,
新竹市,房地(土地+建物),新竹市新竹市中華路六段６４７巷１３６弄４１８號,111.62,,山坡地保育區,丙種建築用地,1120919,土地4建物1車位0,全,三層,透天厝,住家用,鋼筋混凝土造,1150130,133.92,3,2,3,有,無,14450000,107900,,0.0,0,預售屋、或土地及建物分件登記案件；,RPUPMLMLMHLGFAO76DA,124.79,0.0,9.13,無,
新竹市,房地(土地+建物)+車位,新竹市新竹市中華路六段６４７巷１３６弄５８１號,205.86,,山坡地保育區,國土保安用地,1120806,土地3建物1車位1,全,四層,透天厝,住家用,鋼筋混凝土造,1141022,182.38,3,2,3,有,有,18960000,103959,其他,13.75,0,預售屋、或土地及建物分件登記案件；,RPRUMLKMIIKGFAO09DA,159.47,0.0,22.91,無,
新竹市,房地(土地+建物)+車位,新竹市新竹市警光路２０號十樓之２,24.38,住,,,1120804,土地1建物1車位1,十層,十一層,住宅大樓(11層含以上有電梯),住家用,鋼筋混凝土造,1150120,159.89,3,2,2,有,有,21950000,150422,一樓平面,27.13,1980000,預售屋、或土地及建物分件登記案件；,RPRPMLQJLHLGFAO56DA,78.55,0.0,8.4,有,
新竹市,房地(土地+建物)+車位,新竹市新竹市中華路三段４９號九樓之２,17.23,商,,,1120808,土地1建物1車位2,九層,十五層,住宅大樓(11層含以上有電梯),住家用,鋼筋混凝土造,1140813,221.39,4,2,2,有,有,28550000,151719,坡道平面,57.6,3700000,預售屋、或土地及建物分件登記案件；,RPXNMLTJLHLGFAO27DA,96.95,0.0,13.65,有,
新竹市,房地(土地+建物)+車位,新竹市新竹市民富街３３７號十三樓,43.17,住,,,1120810,土地1建物1車位2,十三層,十五層,住宅大樓(11層含以上有電梯),住家用,鋼筋混凝土造,1150114,306.82000000000005,4,2,3,有,有,44880000,166721,坡道平面,59.22,3600000,預售屋、或土地及建物分件登記案件；,RPTNMLLMLHLGFAO98DA,149.09,0.0,12.15,有,
新竹市,房地(土地+建物)+車位,新竹市新竹市文昌街１１８號十四樓之１,15.88,商,,,1120814,土地1建物1車位1,十四層,十五層,住宅大樓(11層含以上有電梯),住家用,鋼筋混凝土造,1150113,158.96,3,2,2,有,有,27720000,189931,坡道平面,24.49,2180000,預售屋、或土地及建物分件登記案件；,RPSPMLQKLHLGFAO76DA,75.93,0.0,12.94,有,
新竹市,房地(土地+建物)+車位,新竹市新竹市中華路三段５１號二樓之１,10.93,商,,,1120801,土地1建物1車位1,二層,十五層,住宅大樓(11層含以上有電梯),住家用,鋼筋混凝土造,1140813,132.9,2,2,2,有,有,17160000,147070,坡道平面,28.8,1850000,預售屋、或土地及建物分件登記案件；,RPROMLRLLHLGFAO76DA,61.74,0.0,8.49,有,
新竹市,房地(土地+建物)+車位,新竹市新竹市警光路２０號三樓之２,24.38,住,,,1120721,土地1建物1車位1,三層,十一層,住宅大樓(11層含以上有電梯),住家用,鋼筋混凝土造,1150120,162.43,3,2,2,有,有,20900000,142513,一樓平面,29.67,1980000,預售屋、或土地及建物分件登記案件；,RPVOMLQJLHLGFAO86DA,78.55,0.0,8.4,有,
新竹市,房地(土地+建物)+車位,新竹市新竹市文昌街１１８號九樓之３,14.29,商,,,1120715,土地1建物1車位1,九層,十五層,住宅大樓(11層含以上有電梯),住家用,鋼筋混凝土造,1150113,145.56,3,2,2,有,有,24350000,183943,坡道平面,24.49,2080000,預售屋、或土地及建物分件登記案件；,RPQPMLMKLHLGFAO78DA,73.8,0.0,6.25,有,
新竹市,房地(土地+建物)+車位,新竹市新竹市中華路三段５１號十三樓之１,10.93,商,,,1120715,土地1建物1車位1,十三層,十五層,住宅大樓(11層含以上有電梯),住家用,鋼筋混凝土造,1140813,128.05,2,2,2,有,有,18580000,163097,坡道平面,23.94,1600000,預售屋、或土地及建物分件登記案件；,RPRNMLQLLHLGFAO56DA,61.74,0.0,8.49,有,
新竹市,房地(土地+建物)+車位,新竹市新竹市文昌街１１８號七樓之２,17.66,商,,,1120707,土地1建物1車位1,七層,十五層,住宅大樓(11層含以上有電梯),住家用,鋼筋混凝土造,1150113,174.17000000000002,4,2,2,有,有,28880000,179049,坡道平面,24.49,2080000,預售屋、或土地及建物分件登記案件；,RPRQMLQKLHLGFAO76DA,86.5,0.0,12.49,有,
新竹市,房地(土地+建物)+車位,新竹市新竹市中華路六段６４７巷１３６弄５０３號,185.42,,山坡地保育區,丙種建築用地,1120630,土地3建物1車位1,全,四層,透天厝,住家用,鋼筋混凝土造,1141022,196.11,3,2,4,有,有,19400000,98924,其他,13.75,0,配偶間權利讓渡，讓日期為114.7.24，讓渡價格為新台幣1940萬元整。預售屋、或土地及建物分件登記案件；,RPRPMLKMIIKGFAO58DA,172.83,0.0,23.28,無,
新竹市,房地(土地+建物)+車位,新竹市新竹市中清路一段２２號八樓之３,27.73,住,,,1120625,土地1建物1車位1,八層,十四層,住宅大樓(11層含以上有電梯),住家用,鋼筋混凝土造,1141125,157.0,3,2,2,有,有,15070000,101035,坡道平面,24.67,1700000,民國113年7月6日權利讓渡買賣預售屋、或土地及建物分件登記案件；,RPOOMLKKLHLGFAO28DA,84.16,0.0,7.91,有,
新竹市,房地(土地+建物)+車位,新竹市新竹市警光路２０號六樓之３,23.08,住,,,1120630,土地1建物1車位1,六層,十一層,住宅大樓(11層含以上有電梯),住家用,鋼筋混凝土造,1150120,152.34,3,2,2,有,有,19680000,142960,坡道平面,27.13,1780000,預售屋、或土地及建物分件登記案件；,RPOOMLQJLHLGFAO78DA,74.66,0.0,7.35,有,
新竹市,房地(土地+建物)+車位,新竹市新竹市警光路２０號十樓之３,23.08,住,,,1120630,土地1建物1車位1,十層,十一層,住宅大樓(11層含以上有電梯),住家用,鋼筋混凝土造,1150120,149.95,3,2,2,有,有,20500000,148870,坡道平面,24.74,1860000,預售屋、或土地及建物分件登記案件；,RPSOMLQJLHLGFAO56DA,74.66,0.0,7.35,有,
新竹市,房地(土地+建物)+車位,新竹市新竹市埔頂一路５０２號十一樓之１,33.36,住,,,1120628,土地2建物1車位1,十一層,十五層,住宅大樓(11層含以上有電梯),住家用,鋼筋混凝土造,1141120,189.57999999999998,3,2,2,有,有,35230000,210806,坡道平面,35.03,2650000,預售屋、或土地及建物分件登記案件；,RPPNMLRLLHLGFAO09DA,91.85,0.0,8.6,有,
新竹市,房地(土地+建物)+車位,新竹市新竹市民富街３３１號十樓,37.51,住,,,1120603,土地1建物1車位2,十層,十五層,住宅大樓(11層含以上有電梯),住家用,鋼筋混凝土造,1150114,274.73,4,2,3,有,有,37500000,158229,坡道平面,59.22,3400000,預售屋、或土地及建物分件登記案件；,RPOOMLQKMHLGFAO98DA,128.29,0.0,12.05,有,
新竹市,房地(土地+建物)+車位,新竹市新竹市民富街３３１號十三樓,37.51,住,,,1120628,土地1建物1車位2,十三層,十五層,住宅大樓(11層含以上有電梯),住家用,鋼筋混凝土造,1150114,274.73,4,2,3,有,有,39990000,168855,坡道平面,59.22,3600000,115.1.21夫妻間轉讓，無加價。預售屋、或土地及建物分件登記案件；,RPQOMLLKNHLGFAO78DA,128.29,0.0,12.05,有,
新竹市,房地(土地+建物),新竹市新竹市中華路六段６４７巷１３６弄４２０號,106.81,,山坡地保育區,丙種建築用地,1120610,土地4建物1車位0,全,三層,透天厝,住家用,鋼筋混凝土造,1150130,135.63,3,2,3,有,無,12110000,89287,,0.0,0,預售屋、或土地及建物分件登記案件；,RPVQMLOLMHLGFAO17DA,126.32,0.0,9.31,無,
新竹市,房地(土地+建物)+車位,新竹市新竹市民富街３３１號十二樓,37.51,住,,,1120630,土地1建物1車位2,十二層,十五層,住宅大樓(11層含以上有電梯),住家用,鋼筋混凝土造,1150114,274.73,4,2,3,有,有,38500000,161941,坡道平面,59.22,3600000,親友、員工、共有人或其他特殊關係間之交易；預售屋、或土地及建物分件登記案件；,RPQNMLQLNHLGFAO66DA,128.29,0.0,12.05,有,
新竹市,房地(土地+建物)+車位,新竹市新竹市中華路六段６４７巷１３６弄５８３號,196.12,,山坡地保育區,國土保安用地,1120514,土地3建物1車位1,全,四層,透天厝,住家用,鋼筋混凝土造,1141022,182.75,3,2,3,有,有,18800000,102873,其他,13.75,0,預售屋權利轉售，讓日期為114.8.15，讓渡價格為新台幣1880萬元整。預售屋、或土地及建物分件登記案件；,RPUNMLLMIIKGFAO78DA,159.47,0.0,23.28,無,
新竹市,房地(土地+建物)+車位,新竹市新竹市中清路一段２２號十二樓之５,27.52,住,,,1120514,土地1建物1車位1,十二層,十四層,住宅大樓(11層含以上有電梯),住家用,鋼筋混凝土造,1141125,156.73000000000002,3,2,2,有,有,15100000,102226,坡道平面,24.67,1600000,預售屋、或土地及建物分件登記案件；,RPPOMLKKLHLGFAO38DA,83.95,0.0,7.91,有,
新竹市,房地(土地+建物)+車位,新竹市新竹市警光路２０號四樓之２,24.38,住,,,1120517,土地1建物1車位1,四層,十一層,住宅大樓(11層含以上有電梯),住家用,鋼筋混凝土造,1150120,159.89,3,2,2,有,有,20530000,141232,坡道平面,27.13,1780000,預售屋、或土地及建物分件登記案件；,RPWOMLQJLHLGFAO96DA,78.55,0.0,8.4,有,
新竹市,房地(土地+建物)+車位,新竹市新竹市警光路２０號九樓之２,24.38,住,,,1120516,土地1建物1車位1,九層,十一層,住宅大樓(11層含以上有電梯),住家用,鋼筋混凝土造,1150120,159.89,3,2,2,有,有,21420000,148087,坡道平面,27.13,1760000,預售屋、或土地及建物分件登記案件；,RPQPMLQJLHLGFAO09DA,78.55,0.0,8.4,有,
新竹市,房地(土地+建物)+車位,新竹市新竹市警光路２０號十樓之１,24.89,住,,,1120510,土地1建物1車位1,十層,十一層,住宅大樓(11層含以上有電梯),住家用,鋼筋混凝土造,1150120,167.64999999999998,3,2,2,有,有,22350000,149982,一樓平面,32.5,2080000,權利轉讓無價差，日期115年1月27日預售屋、或土地及建物分件登記案件；,RPXNMLQJLHLGFAO96DA,80.07,0.0,8.45,有,
新竹市,房地(土地+建物)+車位,新竹市新竹市中華路三段５１號十二樓之２,14.31,商,,,1120522,土地1建物1車位1,十二層,十五層,住宅大樓(11層含以上有電梯),住家用,鋼筋混凝土造,1140813,165.03,3,2,2,有,有,23680000,159143,坡道平面,28.8,2000000,預售屋、或土地及建物分件登記案件；,RPTOMLRLLHLGFAO96DA,81.85,0.0,10.05,有,
新竹市,房地(土地+建物)+車位,新竹市新竹市民富街３３３號九樓,37.51,住,,,1120522,土地1建物1車位2,九層,十五層,住宅大樓(11層含以上有電梯),住家用,鋼筋混凝土造,1150114,275.01,4,2,3,有,有,38000000,159414,坡道平面,59.22,3600000,預售屋、或土地及建物分件登記案件；,RPSOMLQKMHLGFAO76DA,128.49,0.0,12.05,有,
新竹市,房地(土地+建物),新竹市新竹市中華路六段６４７巷１３６弄４０１號,281.24,,山坡地保育區,丙種建築用地,1120409,土地3建物1車位0,全,四層,透天厝,住家用,鋼筋混凝土造,1141022,236.54,3,2,4,有,有,24330000,102858,,0.0,0,預售屋權利轉售，讓渡日期113.8.29，權利買賣成交價格為新台幣2600萬元整。預售屋、或土地及建物分件登記案件；,RPQNMLKMIIKGFAO28DA,213.63,0.0,22.91,無,
新竹市,房地(土地+建物),新竹市新竹市中華路六段６４７巷１３６弄５７５號,161.59,,山坡地保育區,國土保安用地,1120416,土地3建物1車位0,全,四層,透天厝,住家用,鋼筋混凝土造,1141022,182.75,3,2,3,有,有,18500000,101231,,0.0,0,預售屋、或土地及建物分件登記案件；,RPOUMLKMIIKGFAO78DA,159.47,0.0,23.28,無,
新竹市,房地(土地+建物)+車位,新竹市新竹市中清路一段２２號二樓之１,27.52,住,,,1120423,土地1建物1車位1,二層,十四層,住宅大樓(11層含以上有電梯),住家用,鋼筋混凝土造,1141125,156.77,3,2,2,有,有,14850000,101060,坡道平面,24.67,1500000,預售屋、或土地及建物分件登記案件；,RPPNMLKKLHLGFAO28DA,83.99,0.0,7.91,有,
新竹市,房地(土地+建物)+車位,新竹市新竹市警光路２０號五樓之２,24.38,住,,,1120406,土地1建物1車位1,五層,十一層,住宅大樓(11層含以上有電梯),住家用,鋼筋混凝土造,1150120,159.89,3,2,2,有,有,21180000,145224,坡道平面,27.13,1900000,預售屋、或土地及建物分件登記案件；,RPXOMLQJLHLGFAO07DA,78.55,0.0,8.4,有,
新竹市,房地(土地+建物)+車位,新竹市新竹市民富街３３１號九樓,37.51,住,,,1120415,土地1建物1車位2,九層,十五層,住宅大樓(11層含以上有電梯),住家用,鋼筋混凝土造,1150114,274.73,4,2,3,有,有,37880000,159993,坡道平面,59.22,3400000,預售屋、或土地及建物分件登記案件；,RPXNMLQKMHLGFAO17DA,128.29,0.0,12.05,有,
新竹市,房地(土地+建物)+車位,新竹市新竹市中華路三段５１號二樓之２,14.31,商,,,1120420,土地1建物1車位1,二層,十五層,住宅大樓(11層含以上有電梯),住家用,鋼筋混凝土造,1140813,165.03,3,2,2,有,有,22150000,146811,坡道平面,28.8,2150000,預售屋、或土地及建物分件登記案件；,RPSOMLRLLHLGFAO86DA,81.85,0.0,10.05,有,
新竹市,房地(土地+建物),新竹市新竹市中華路六段６４７巷１３６弄５８９號,338.87,,山坡地保育區,國土保安用地,1120319,土地3建物1車位0,全,四層,透天厝,住家用,鋼筋混凝土造,1141022,182.38,3,2,3,有,有,19200000,105275,,0.0,0,預售屋、或土地及建物分件登記案件；,RPVUMLKMIIKGFAO86DA,159.47,0.0,22.91,無,
新竹市,房地(土地+建物)+車位,新竹市新竹市警光路２０號九樓之３,23.08,住,,,1120316,土地1建物1車位1,九層,十一層,住宅大樓(11層含以上有電梯),住家用,鋼筋混凝土造,1150120,152.34,3,2,2,有,有,20210000,146394,坡道平面,27.13,1880000,預售屋、或土地及建物分件登記案件；,RPROMLQJLHLGFAO09DA,74.66,0.0,7.35,有,
新竹市,房地(土地+建物)+車位,新竹市新竹市警光路２０號六樓之２,24.38,住,,,1120313,土地1建物1車位1,六層,十一層,住宅大樓(11層含以上有電梯),住家用,鋼筋混凝土造,1150120,159.89,3,2,2,有,有,21200000,146128,坡道平面,27.13,1800000,預售屋、或土地及建物分件登記案件；,RPOPMLQJLHLGFAO88DA,78.55,0.0,8.4,有,
新竹市,房地(土地+建物)+車位,新竹市新竹市中華路三段４９號八樓之５,14.36,商,,,1120312,土地1建物1車位1,八層,十五層,住宅大樓(11層含以上有電梯),住家用,鋼筋混凝土造,1140813,165.61,3,2,2,有,有,22470000,149624,坡道平面,28.8,2000000,預售屋、或土地及建物分件登記案件；,RPWNMLTJLHLGFAO17DA,81.68,0.0,10.62,有,
新竹市,房地(土地+建物)+車位,新竹市新竹市文昌街１１８號十三樓之２,17.66,商,,,1120321,土地1建物1車位1,十三層,十五層,住宅大樓(11層含以上有電梯),住家用,鋼筋混凝土造,1150113,174.17000000000002,4,2,2,有,有,30910000,192611,坡道平面,24.49,2080000,預售屋、或土地及建物分件登記案件；,RPWNMLMKLHLGFAO56DA,86.5,0.0,12.49,有,
新竹市,房地(土地+建物)+車位,新竹市新竹市警光路２０號六樓之１,24.89,住,,,1120301,土地1建物1車位1,六層,十一層,住宅大樓(11層含以上有電梯),住家用,鋼筋混凝土造,1150120,162.28,3,2,2,有,有,22310000,151017,坡道平面,27.13,1900000,權利轉讓無價差，日期115年1月2日預售屋、或土地及建物分件登記案件；,RPUNMLQJLHLGFAO66DA,80.07,0.0,8.45,有,
新竹市,房地(土地+建物)+車位,新竹市新竹市文昌街１１８號十五樓之２,15.99,商,,,1120307,土地1建物1車位1,十五層,十五層,住宅大樓(11層含以上有電梯),住家用,鋼筋混凝土造,1150113,159.95,4,2,2,有,有,27980000,191939,坡道平面,24.49,1980000,配偶間權利讓渡，讓渡日期為1140626，讓渡價格為新台幣2798萬元整。預售屋、或土地及建物分件登記案件；,RPTOMLMKLHLGFAO98DA,79.61,0.0,9.92,有,
新竹市,房地(土地+建物),新竹市新竹市中華路六段６４７巷１３６弄４０６號,106.75,,山坡地保育區,丙種建築用地,1120307,土地4建物1車位0,全,三層,透天厝,住家用,鋼筋混凝土造,1150130,132.56,3,2,3,有,無,12430000,93769,,0.0,0,原112.3.7於114.1.14無價差轉售預售屋、或土地及建物分件登記案件；,RPRNMLOLMHLGFAO09DA,124.71,0.0,7.85,無,
新竹市,房地(土地+建物)+車位,新竹市新竹市警光路２０號九樓之１,24.89,住,,,1120302,土地1建物1車位1,九層,十一層,住宅大樓(11層含以上有電梯),住家用,鋼筋混凝土造,1150120,162.28,3,2,2,有,有,22690000,154569,坡道平面,27.13,1800000,預售屋、或土地及建物分件登記案件；,RPWNMLQJLHLGFAO86DA,80.07,0.0,8.45,有,
新竹市,房地(土地+建物),新竹市新竹市中華路六段６４７巷１３６弄２８６號,108.96,,山坡地保育區,丙種建築用地,1120307,土地4建物1車位0,全,三層,透天厝,住家用,鋼筋混凝土造,1150130,139.59,3,2,3,有,無,12450000,89190,,0.0,0,預售屋、或土地及建物分件登記案件；,RPQPMLOLMHLGFAO56DA,126.1,0.0,13.49,無,
新竹市,房地(土地+建物)+車位,新竹市新竹市警光路２０號三樓之１,24.89,住,,,1120224,土地1建物1車位1,三層,十一層,住宅大樓(11層含以上有電梯),住家用,鋼筋混凝土造,1150120,159.89,3,2,2,有,有,21650000,147170,坡道平面,24.74,1760000,預售屋、或土地及建物分件登記案件；,RPRNMLQJLHLGFAO98DA,80.07,0.0,8.45,有,
新竹市,房地(土地+建物)+車位,新竹市新竹市警光路２０號七樓之１,24.89,住,,,1120223,土地1建物1車位1,七層,十一層,住宅大樓(11層含以上有電梯),住家用,鋼筋混凝土造,1150120,162.28,3,2,2,有,有,22530000,152645,坡道平面,27.13,1900000,權利轉讓無價差，日期115年1月29日預售屋、或土地及建物分件登記案件；,RPVNMLQJLHLGFAO76DA,80.07,0.0,8.45,有,
新竹市,房地(土地+建物)+車位,新竹市新竹市中華路三段５１號八樓之２,14.31,商,,,1120225,土地1建物1車位1,八層,十五層,住宅大樓(11層含以上有電梯),住家用,鋼筋混凝土造,1140813,165.03,3,2,2,有,有,22300000,147912,坡道平面,28.8,2150000,預售屋、或土地及建物分件登記案件；,RPUOMLTJLHLGFAO07DA,81.85,0.0,10.05,有,
新竹市,房地(土地+建物)+車位,新竹市新竹市中華路三段５１號三樓之１,10.93,商,,,1120225,土地1建物1車位1,三層,十五層,住宅大樓(11層含以上有電梯),住家用,鋼筋混凝土造,1140813,132.9,2,2,2,有,有,17050000,146013,坡道平面,28.8,1850000,預售屋、或土地及建物分件登記案件；,RPWPMLMKLHLGFAO76DA,61.74,0.0,8.49,有,
新竹市,房地(土地+建物)+車位,新竹市新竹市文昌街１１８號十五樓之１,15.87,商,,,1120203,土地1建物1車位1,十五層,十五層,住宅大樓(11層含以上有電梯),住家用,鋼筋混凝土造,1150113,158.96,3,2,2,有,有,27090000,185989,坡道平面,24.49,2080000,預售屋、或土地及建物分件登記案件；,RPSNMLMKLHLGFAO78DA,75.93,0.0,12.94,有,
新竹市,房地(土地+建物),新竹市新竹市文昌街１２０號,11.42,商,,,1120208,土地1建物1車位0,一層,十五層,住宅大樓(11層含以上有電梯),其他,鋼筋混凝土造,1150113,97.4,0,0,0,無,有,19310000,198255,,0.0,0,預售屋權利轉售，讓渡日期為1140331，權利買賣成交價格為新台幣2268萬元整。預售屋、或土地及建物分件登記案件；,RPSNMLQKLHLGFAO56DA,64.61,0.0,0.0,有,
新竹市,房地(土地+建物)+車位,新竹市新竹市文昌街１１８號十四樓之２,16.09,商,,,1120208,土地1建物1車位1,十四層,十五層,住宅大樓(11層含以上有電梯),住家用,鋼筋混凝土造,1150113,160.76,4,2,2,有,有,27730000,187495,坡道平面,24.49,2180000,預售屋、或土地及建物分件登記案件；,RPXNMLMKLHLGFAO66DA,80.15,0.0,9.92,有,
新竹市,房地(土地+建物)+車位,新竹市新竹市文昌街１１８號八樓之３,14.29,商,,,1120206,土地1建物1車位1,八層,十五層,住宅大樓(11層含以上有電梯),住家用,鋼筋混凝土造,1150113,143.62,3,2,2,有,有,23930000,181270,坡道平面,22.53,1980000,預售屋、或土地及建物分件登記案件；,RPPPMLMKLHLGFAO68DA,73.8,0.0,6.25,有,
新竹市,房地(土地+建物),新竹市新竹市中華路六段６４７巷１３６弄２９６號,105.76,,山坡地保育區,丙種建築用地,1120225,土地4建物1車位0,全,三層,透天厝,住家用,鋼筋混凝土造,1150130,134.13,3,2,3,有,無,13960000,104078,,0.0,0,原112.2.25於11.10.4無價差轉售預售屋、或土地及建物分件登記案件；,RPSNMLOLMHLGFAO56DA,125.0,0.0,9.13,無,
新竹市,房地(土地+建物),新竹市新竹市中華路六段６４７巷１３６弄５８５號,213.96,,山坡地保育區,國土保安用地,1120115,土地3建物1車位0,全,四層,透天厝,住家用,鋼筋混凝土造,1141022,182.38,3,2,3,有,有,18710000,102588,,0.0,0,預售屋、或土地及建物分件登記案件；,RPTUMLKMIIKGFAO66DA,159.47,0.0,22.91,無,
新竹市,房地(土地+建物)+車位,新竹市新竹市警光路２０號二樓之１,24.89,住,,,1120113,土地1建物1車位1,二層,十一層,住宅大樓(11層含以上有電梯),住家用,鋼筋混凝土造,1150120,161.86,3,2,2,有,有,21770000,148222,坡道平面,27.13,1800000,權利轉讓無價差，日期114年10月15日預售屋、或土地及建物分件登記案件；,RPQNMLQJLHLGFAO88DA,79.82,0.0,8.43,有,
新竹市,房地(土地+建物)+車位,新竹市新竹市警光路２０號五樓之１,24.89,住,,,1120113,土地1建物1車位1,五層,十一層,住宅大樓(11層含以上有電梯),住家用,鋼筋混凝土造,1150120,162.28,3,2,2,有,有,22160000,149908,坡道平面,27.13,1900000,預售屋、或土地及建物分件登記案件；,RPTNMLQJLHLGFAO56DA,80.07,0.0,8.45,有,
新竹市,房地(土地+建物)+車位,新竹市新竹市警光路２０號七樓之３,23.08,住,,,1120117,土地1建物1車位1,七層,十一層,住宅大樓(11層含以上有電梯),住家用,鋼筋混凝土造,1150120,152.34,3,2,2,有,有,19980000,145196,坡道平面,27.13,1800000,預售屋、或土地及建物分件登記案件；,RPPOMLQJLHLGFAO88DA,74.66,0.0,7.35,有,
新竹市,房地(土地+建物)+車位,新竹市新竹市警光路２０號八樓之３,23.08,住,,,1120111,土地1建物1車位1,八層,十一層,住宅大樓(11層含以上有電梯),住家用,鋼筋混凝土造,1150120,152.34,3,2,2,有,有,20070000,145276,坡道平面,27.13,1880000,預售屋、或土地及建物分件登記案件；,RPQOMLQJLHLGFAO98DA,74.66,0.0,7.35,有,
新竹市,房地(土地+建物)+車位,新竹市新竹市警光路２０號七樓之２,24.38,住,,,1120111,土地1建物1車位1,七層,十一層,住宅大樓(11層含以上有電梯),住家用,鋼筋混凝土造,1150120,159.89,3,2,2,有,有,21500000,147635,坡道平面,27.13,1900000,預售屋、或土地及建物分件登記案件；,RPPPMLQJLHLGFAO98DA,78.55,0.0,8.4,有,
新竹市,房地(土地+建物)+車位,新竹市新竹市中華路三段４９號二樓之２,17.23,商,,,1120108,土地1建物1車位2,二層,十五層,住宅大樓(11層含以上有電梯),住家用,鋼筋混凝土造,1140813,221.39,4,2,2,有,有,26350000,139203,坡道平面,57.6,3550000,預售屋、或土地及建物分件登記案件；,RPTNMLNKLHLGFAO98DA,96.95,0.0,13.65,有,
新竹市,房地(土地+建物)+車位,新竹市新竹市警光路２０號二樓之２,24.38,住,,,1120110,土地1建物1車位1,二層,十一層,住宅大樓(11層含以上有電梯),住家用,鋼筋混凝土造,1150120,159.89,3,2,2,有,有,21600000,148388,坡道平面,27.13,1900000,權利轉讓無價差，日期115年1月13日預售屋、或土地及建物分件登記案件；,RPUOMLQJLHLGFAO76DA,78.55,0.0,8.4,有,
新竹市,房地(土地+建物),新竹市新竹市中華路六段６４７巷１３６弄５７７號,161.33,,山坡地保育區,國土保安用地,1111211,土地3建物1車位0,全,四層,透天厝,住家用,鋼筋混凝土造,1141022,182.38,3,2,3,有,有,18500000,101437,,0.0,0,預售屋權利轉售，讓渡日期114.3.10，權利買賣成交價格為新台幣1850萬元整。預售屋、或土地及建物分件登記案件；,RPPUMLKMIIKGFAO88DA,159.47,0.0,22.91,無,
新竹市,房地(土地+建物),新竹市新竹市中華路六段６４７巷１３６弄５８７號,268.88,,山坡地保育區,國土保安用地,1111211,土地3建物1車位0,全,四層,透天厝,住家用,鋼筋混凝土造,1141022,182.75,3,2,3,有,有,18770000,102709,,0.0,0,預售屋、或土地及建物分件登記案件；,RPUUMLKMIIKGFAO76DA,159.47,0.0,23.28,無,
新竹市,房地(土地+建物),新竹市新竹市中華路六段６４７巷１３６弄５９１號,331.01,,山坡地保育區,國土保安用地,1111211,土地3建物1車位0,全,四層,透天厝,住家用,鋼筋混凝土造,1141022,182.75,3,2,3,有,有,19100000,104514,,0.0,0,預售屋、或土地及建物分件登記案件；,RPWUMLKMIIKGFAO96DA,159.47,0.0,23.28,無,
新竹市,房地(土地+建物)+車位,新竹市新竹市中華路三段５１號十二樓之１,10.93,商,,,1111202,土地1建物1車位1,十二層,十五層,住宅大樓(11層含以上有電梯),住家用,鋼筋混凝土造,1140813,132.9,2,2,2,有,有,18580000,160711,坡道平面,28.8,1850000,預售屋、或土地及建物分件登記案件；,RPTOMLTJLHLGFAO96DA,61.74,0.0,8.49,有,
新竹市,房地(土地+建物),新竹市新竹市中華路六段６４７巷１３６弄３７０號,124.49,,山坡地保育區,丙種建築用地,1110819,土地5建物1車位0,全,三層,透天厝,住家用,鋼筋混凝土造,1150130,134.13,3,2,3,有,無,12840000,95728,,0.0,0,預售屋、或土地及建物分件登記案件；,RPVPMLOJNHLGFAO96DA,125.0,0.0,9.13,無,
新竹市,房地(土地+建物),新竹市新竹市中華路六段６４７巷１３６弄３７８號,100.86,,山坡地保育區,丙種建築用地,1110820,土地4建物1車位0,全,三層,透天厝,住家用,鋼筋混凝土造,1150130,134.13,3,2,3,有,無,12200000,90957,,0.0,0,原111.8.20於112.10.17無價差轉售預售屋、或土地及建物分件登記案件；,RPOOMLOLMHLGFAO88DA,125.0,0.0,9.13,無,
新竹市,房地(土地+建物),新竹市新竹市士林西路４３號,96.69,,鄉村區,乙種建築用地,1110719,土地2建物1車位0,全,四層,透天厝,住家用,鋼筋混凝土造,1141230,253.07999999999998,4,4,3,有,有,33890000,133910,,0.0,0,預售屋、或土地及建物分件登記案件；,RPSNMLNLLHLGFAO98DA,241.43,0.0,11.11,有,
新竹市,房地(土地+建物),新竹市新竹市光復路一段４０３巷２３弄２號四樓,27.7,住,,,1110721,土地1建物1車位0,四層,五層,華廈(10層含以下有電梯),住家用,鋼筋混凝土造,1141008,79.63,2,2,2,有,有,13000000,163255,,0.0,0,土地價金為6500000元整；建物價金為6500000元整。預售屋權利轉售，讓渡日期：113年5月15日，權利買賣契約成交價格 14450000 元。預售屋、或土地及建物分件登記案件；,RPOOMLMJKHLGFAO28DA,50.53,0.0,4.74,有,
新竹市,房地(土地+建物),新竹市新竹市中華路六段６４７巷１３６弄２８０號,103.96,,山坡地保育區,丙種建築用地,1110709,土地4建物1車位0,全,三層,透天厝,住家用,鋼筋混凝土造,1150130,139.59,3,2,3,有,無,13110000,93918,,0.0,0,原111.7.9於115.3.30無價差讓渡夫妻預售屋、或土地及建物分件登記案件；,RPPPMLOLMHLGFAO09DA,126.1,0.0,13.49,無,
新竹市,房地(土地+建物),新竹市新竹市中華路六段６４７巷１３６弄３２８號,112.09,,山坡地保育區,丙種建築用地,1110710,土地4建物1車位0,全,三層,透天厝,住家用,鋼筋混凝土造,1150130,152.45,3,2,3,有,無,15190000,99639,,0.0,0,預售屋、或土地及建物分件登記案件；,RPTPMLOLMHLGFAO86DA,144.6,0.0,7.85,無,
新竹市,房地(土地+建物),新竹市新竹市中華路六段６４７巷１３６弄４１２號,99.99,,山坡地保育區,丙種建築用地,1110715,土地4建物1車位0,全,三層,透天厝,住家用,鋼筋混凝土造,1150130,134.13,3,2,3,有,無,13680000,101991,,0.0,0,原111.7.15於114.6.25無價差讓渡二等親預售屋、或土地及建物分件登記案件；,RPTQMLOLMHLGFAO96DA,125.0,0.0,9.13,無,
新竹市,房地(土地+建物),新竹市新竹市中華路六段６４７巷１３６弄３０６號,109.95,,山坡地保育區,丙種建築用地,1110709,土地4建物1車位0,全,三層,透天厝,住家用,鋼筋混凝土造,1150130,134.13,3,2,3,有,無,13930000,103854,,0.0,0,預售屋、或土地及建物分件登記案件；,RPROMLMLMHLGFAO98DA,125.0,0.0,9.13,無,
新竹市,房地(土地+建物),新竹市新竹市中華路六段６４７巷１３６弄２７６號,103.94,,山坡地保育區,丙種建築用地,1110720,土地4建物1車位0,全,三層,透天厝,住家用,鋼筋混凝土造,1150130,139.59,3,2,3,有,無,13370000,95781,,0.0,0,原111.7.20於113.2.5無價差轉售預售屋、或土地及建物分件登記案件；,RPQPMLMLMHLGFAO98DA,126.1,0.0,13.49,無,
新竹市,房地(土地+建物),新竹市新竹市中華路六段６４７巷１３６弄３００號,104.83,,山坡地保育區,丙種建築用地,1110709,土地4建物1車位0,全,三層,透天厝,住家用,鋼筋混凝土造,1150130,134.13,3,2,3,有,無,13630000,101618,,0.0,0,預售屋、或土地及建物分件登記案件；,RPXPMLMLMHLGFAO07DA,125.0,0.0,9.13,無,
新竹市,房地(土地+建物),新竹市新竹市中華路六段６４７巷１３６弄２６６號,131.62,,山坡地保育區,丙種建築用地,1110708,土地4建物1車位0,全,三層,透天厝,住家用,鋼筋混凝土造,1150130,139.59,3,2,3,有,無,13990000,100222,,0.0,0,原111.7.8於112.10.16無價差轉售預售屋、或土地及建物分件登記案件；,RPUNMLOJNHLGFAO66DA,126.1,0.0,13.49,無,
新竹市,房地(土地+建物),新竹市新竹市中華路六段６４７巷１３６弄２９２號,113.51,,山坡地保育區,丙種建築用地,1110712,土地4建物1車位0,全,三層,透天厝,住家用,鋼筋混凝土造,1150130,132.56,3,2,3,有,無,13930000,105084,,0.0,0,原111.7.12於115.3.9無價差讓渡夫妻預售屋、或土地及建物分件登記案件；,RPRPMLOLMHLGFAO66DA,124.71,0.0,7.85,無,
新竹市,房地(土地+建物),新竹市新竹市中華路六段６４７巷１３６弄２８２號,104.13,,山坡地保育區,丙種建築用地,1110708,土地4建物1車位0,全,三層,透天厝,住家用,鋼筋混凝土造,1150130,131.12,3,2,3,有,無,12770000,97392,,0.0,0,原111.7.8於112.8.15無價差轉售預售屋、或土地及建物分件登記案件；,RPTOMLOLMHLGFAO76DA,125.79,0.0,5.33,無,
新竹市,房地(土地+建物),新竹市新竹市士林二街９９號,70.29,,鄉村區,乙種建築用地,1110609,土地2建物1車位0,全,四層,透天厝,住家用,鋼筋混凝土造,1141230,218.35,3,4,3,有,有,26800000,122739,,0.0,0,預售屋、或土地及建物分件登記案件；,RPRPMLQKLHLGFAO66DA,202.39,0.0,15.42,無,
新竹市,房地(土地+建物),新竹市新竹市中華路六段６４７巷１３６弄３６０號,127.38,,山坡地保育區,丙種建築用地,1110615,土地5建物1車位0,全,三層,透天厝,住家用,鋼筋混凝土造,1150130,134.13,3,2,3,有,無,12720000,94833,,0.0,0,111.6.15承買115.02.10讓渡二親等預售屋、或土地及建物分件登記案件；,RPUNMLPKMHLGFAO76DA,125.0,0.0,9.13,無,
新竹市,房地(土地+建物),新竹市新竹市士林一街１２８號,73.26,,鄉村區,乙種建築用地,1110610,土地2建物1車位0,全,四層,透天厝,住家用,鋼筋混凝土造,1141230,224.63,3,4,3,有,有,26880000,119663,,0.0,0,權利轉讓配偶轉讓，換約日期114年11月28日。預售屋、或土地及建物分件登記案件；,RPTNMLLLMHLGFAO98DA,208.01,0.0,16.08,無,
新竹市,房地(土地+建物),新竹市新竹市中華路六段６４７巷１３６弄４５２號,148.7,,山坡地保育區,丙種建築用地,1110605,土地4建物1車位0,全,三層,透天厝,住家用,鋼筋混凝土造,1150130,157.4,3,2,3,有,無,16020000,101779,,0.0,0,預售屋、或土地及建物分件登記案件；,RPQOMLMLMHLGFAO88DA,150.45,0.0,6.95,無,
新竹市,房地(土地+建物),新竹市新竹市中華路六段６４７巷１３６弄３７２號,135.39,,山坡地保育區,丙種建築用地,1110612,土地4建物1車位0,全,三層,透天厝,住家用,鋼筋混凝土造,1150130,158.07,3,2,3,有,無,15380000,97299,,0.0,0,原111.6.12於112.10.27無價差轉售，再於113.11.2無價差讓渡夫妻預售屋、或土地及建物分件登記案件；,RPSOMLMLMHLGFAO09DA,149.23,0.0,8.84,無,
新竹市,房地(土地+建物),新竹市新竹市中華路六段６４７巷１３６弄３８０號,103.95,,山坡地保育區,丙種建築用地,1110612,土地4建物1車位0,全,三層,透天厝,住家用,鋼筋混凝土造,1150130,132.56,3,2,3,有,無,12300000,92788,,0.0,0,原111.6.12於113.9.11無價差轉售各1/2，再於115.2.24一親等無價差讓渡預售屋、或土地及建物分件登記案件；,RPVOMLMLMHLGFAO76DA,124.71,0.0,7.85,無,
新竹市,房地(土地+建物),新竹市新竹市中華路六段６４７巷１３６弄３９０號,85.04,,山坡地保育區,丙種建築用地,1110605,土地4建物1車位0,全,三層,透天厝,住家用,鋼筋混凝土造,1150130,132.56,3,2,3,有,無,10360000,78153,,0.0,0,原111.6.5於111.7.8無價差買賣預售屋、或土地及建物分件登記案件；,RPWOMLMLMHLGFAO86DA,124.71,0.0,7.85,無,
新竹市,房地(土地+建物),新竹市新竹市中華路六段６４７巷１３６弄４１６號,104.04,,山坡地保育區,丙種建築用地,1110610,土地4建物1車位0,全,三層,透天厝,住家用,鋼筋混凝土造,1150130,135.63,3,2,3,有,無,12630000,93121,,0.0,0,原111.6.10於113.1.5無價差轉售，再於115.3.5無價差讓渡夫妻預售屋、或土地及建物分件登記案件；,RPUNMLOLMHLGFAO76DA,126.32,0.0,9.31,無,
新竹市,房地(土地+建物),新竹市新竹市中華路六段６４７巷１３６弄４３６號,178.88,,山坡地保育區,丙種建築用地,1110604,土地5建物1車位0,全,三層,透天厝,住家用,鋼筋混凝土造,1150130,154.79,3,2,3,有,無,15380000,99360,,0.0,0,預售屋、或土地及建物分件登記案件；,RPROMLOLMHLGFAO56DA,144.89,0.0,9.9,無,
新竹市,房地(土地+建物),新竹市新竹市中華路六段６４７巷１３６弄４３８號,178.88,,山坡地保育區,丙種建築用地,1110604,土地5建物1車位0,全,三層,透天厝,住家用,鋼筋混凝土造,1150130,152.45,3,2,3,有,無,15100000,99049,,0.0,0,原111.6.4於113.9.20無價差讓渡二等親預售屋、或土地及建物分件登記案件；,RPSOMLOLMHLGFAO66DA,144.6,0.0,7.85,無,
新竹市,房地(土地+建物),新竹市新竹市中華路六段６４７巷１３６弄４２６號,110.73,,山坡地保育區,丙種建築用地,1110604,土地4建物1車位0,全,三層,透天厝,住家用,鋼筋混凝土造,1150130,135.63,3,2,3,有,無,12870000,94891,,0.0,0,原111.6.4於113.8.10無價差讓渡夫妻預售屋、或土地及建物分件登記案件；,RPXQMLOLMHLGFAO37DA,126.32,0.0,9.31,無,
新竹市,房地(土地+建物),新竹市新竹市中華路六段６４７巷１３６弄４５０號,122.38,,山坡地保育區,丙種建築用地,1110606,土地4建物1車位0,全,三層,透天厝,住家用,鋼筋混凝土造,1150130,157.4,3,2,3,有,無,14660000,93139,,0.0,0,預售屋、或土地及建物分件登記案件；,RPTRMLOLMHLGFAO07DA,150.45,0.0,6.95,無,
新竹市,房地(土地+建物),新竹市新竹市中華路六段６４７巷１３６弄４５６號,118.73,,山坡地保育區,丙種建築用地,1110606,土地4建物1車位0,全,三層,透天厝,住家用,鋼筋混凝土造,1150130,152.45,3,2,3,有,無,14420000,94588,,0.0,0,預售屋、或土地及建物分件登記案件；,RPURMLOLMHLGFAO17DA,144.6,0.0,7.85,無,
新竹市,房地(土地+建物),新竹市新竹市中華路六段６４７巷１３６弄３５２號,127.35,,山坡地保育區,丙種建築用地,1110612,土地5建物1車位0,全,三層,透天厝,住家用,鋼筋混凝土造,1150130,132.56,3,2,3,有,無,12680000,95655,,0.0,0,預售屋、或土地及建物分件登記案件；,RPTNMLOJNHLGFAO56DA,124.71,0.0,7.85,無,
新竹市,房地(土地+建物),新竹市新竹市中華路六段６４７巷１３６弄３７６號,94.49,,山坡地保育區,丙種建築用地,1110622,土地4建物1車位0,全,三層,透天厝,住家用,鋼筋混凝土造,1150130,132.56,3,2,3,有,無,11680000,88111,,0.0,0,原111.6.22於115.2.24無價差轉售預售屋、或土地及建物分件登記案件；,RPQPMLOJNHLGFAO09DA,124.71,0.0,7.85,無,
新竹市,房地(土地+建物),新竹市新竹市中華路六段６４７巷１３６弄３５６號,127.36,,山坡地保育區,丙種建築用地,1110612,土地5建物1車位0,全,三層,透天厝,住家用,鋼筋混凝土造,1150130,134.13,3,2,3,有,無,12720000,94833,,0.0,0,預售屋、或土地及建物分件登記案件；,RPSPMLOJNHLGFAO66DA,125.0,0.0,9.13,無,
新竹市,房地(土地+建物),新竹市新竹市中華路六段６４７巷１３６弄３５８號,127.35,,山坡地保育區,丙種建築用地,1110604,土地5建物1車位0,全,三層,透天厝,住家用,鋼筋混凝土造,1150130,132.56,3,2,3,有,無,12680000,95655,,0.0,0,預售屋、或土地及建物分件登記案件；,RPUPMLOJNHLGFAO86DA,124.71,0.0,7.85,無,
新竹市,房地(土地+建物),新竹市新竹市中華路六段６４７巷１３６弄３６８號,124.54,,山坡地保育區,丙種建築用地,1110605,土地5建物1車位0,全,三層,透天厝,住家用,鋼筋混凝土造,1150130,132.56,3,2,3,有,無,13100000,98823,,0.0,0,預售屋、或土地及建物分件登記案件；,RPWPMLOJNHLGFAO07DA,124.71,0.0,7.85,無,
新竹市,房地(土地+建物),新竹市新竹市中華路六段６４７巷１３６弄４００號,119.12,,山坡地保育區,丙種建築用地,1110605,土地4建物1車位0,全,三層,透天厝,住家用,鋼筋混凝土造,1150130,132.56,3,2,3,有,無,12940000,97616,,0.0,0,預售屋、或土地及建物分件登記案件；,RPXPMLOJNHLGFAO17DA,124.71,0.0,7.85,無,
新竹市,房地(土地+建物),新竹市新竹市中華路六段６４７巷１３６弄３４８號,127.36,,山坡地保育區,丙種建築用地,1110604,土地5建物1車位0,全,三層,透天厝,住家用,鋼筋混凝土造,1150130,132.56,3,2,3,有,無,12680000,95655,,0.0,0,預售屋、或土地及建物分件登記案件；,RPPQMLOJNHLGFAO09DA,124.71,0.0,7.85,無,
新竹市,房地(土地+建物),新竹市新竹市中華路六段６４７巷１３６弄４２８號,120.02,,山坡地保育區,丙種建築用地,1110604,土地4建物1車位0,全,三層,透天厝,住家用,鋼筋混凝土造,1150130,133.92,3,2,3,有,無,13390000,99985,,0.0,0,預售屋、或土地及建物分件登記案件；,RPTNMLOLMHLGFAO66DA,124.79,0.0,9.13,無,
新竹市,房地(土地+建物),新竹市新竹市中華路六段６４７巷１３６弄４３２號,178.88,,山坡地保育區,丙種建築用地,1110621,土地5建物1車位0,全,三層,透天厝,住家用,鋼筋混凝土造,1150130,152.45,3,2,3,有,無,14400000,94457,,0.0,0,原111.6.21於113.2.20無價差轉售預售屋、或土地及建物分件登記案件；,RPVNMLOLMHLGFAO86DA,144.6,0.0,7.85,無,
新竹市,房地(土地+建物),新竹市新竹市中華路六段６４７巷１３６弄３８６號,101.51,,山坡地保育區,丙種建築用地,1110604,土地4建物1車位0,全,三層,透天厝,住家用,鋼筋混凝土造,1150130,132.56,3,2,3,有,無,12530000,94523,,0.0,0,預售屋、或土地及建物分件登記案件；,RPWNMLOLMHLGFAO96DA,124.71,0.0,7.85,無,
新竹市,房地(土地+建物),新竹市新竹市中華路六段６４７巷１３６弄４４６號,114.92,,山坡地保育區,丙種建築用地,1110623,土地4建物1車位0,全,三層,透天厝,住家用,鋼筋混凝土造,1150130,152.45,3,2,3,有,無,14110000,92555,,0.0,0,預售屋、或土地及建物分件登記案件；,RPXNMLOLMHLGFAO07DA,144.6,0.0,7.85,無,
新竹市,房地(土地+建物),新竹市新竹市中華路六段６４７巷１３６弄３９８號,118.5,,山坡地保育區,丙種建築用地,1110621,土地4建物1車位0,全,三層,透天厝,住家用,鋼筋混凝土造,1150130,134.13,3,2,3,有,無,13560000,101096,,0.0,0,原111.6.21於112.10.19無價差轉售預售屋、或土地及建物分件登記案件；,RPQOMLOLMHLGFAO09DA,125.0,0.0,9.13,無,
新竹市,房地(土地+建物),新竹市新竹市中華路六段６４７巷１３６弄３２６號,123.71,,山坡地保育區,丙種建築用地,1110622,土地4建物1車位0,全,三層,透天厝,住家用,鋼筋混凝土造,1150130,154.79,3,2,3,有,無,15590000,100717,,0.0,0,原111.6.22於112.6.9無價差轉售預售屋、或土地及建物分件登記案件；,RPUOMLOLMHLGFAO86DA,144.89,0.0,9.9,無,
新竹市,房地(土地+建物),新竹市新竹市中華路六段６４７巷１３６弄３６２號,127.36,,山坡地保育區,丙種建築用地,1110610,土地5建物1車位0,全,三層,透天厝,住家用,鋼筋混凝土造,1150130,132.56,3,2,3,有,無,12380000,93392,,0.0,0,預售屋、或土地及建物分件登記案件；,RPVOMLOLMHLGFAO96DA,124.71,0.0,7.85,無,
新竹市,房地(土地+建物),新竹市新竹市中華路六段６４７巷１３６弄３３２號,114.57,,山坡地保育區,丙種建築用地,1110622,土地4建物1車位0,全,三層,透天厝,住家用,鋼筋混凝土造,1150130,152.45,3,2,3,有,無,15360000,100754,,0.0,0,原111.6.22於115.3.6無價差讓渡夫妻預售屋、或土地及建物分件登記案件；,RPVPMLOLMHLGFAO07DA,144.6,0.0,7.85,無,
新竹市,房地(土地+建物),新竹市新竹市中華路六段６４７巷１３６弄４１０號,99.32,,山坡地保育區,丙種建築用地,1110613,土地4建物1車位0,全,三層,透天厝,住家用,鋼筋混凝土造,1150130,132.56,3,2,3,有,無,12070000,91053,,0.0,0,原111.6.13於113.3.4無價差轉售預售屋、或土地及建物分件登記案件；,RPSQMLOLMHLGFAO86DA,124.71,0.0,7.85,無,
新竹市,房地(土地+建物),新竹市新竹市中華路六段６４７巷１３６弄４２２號,115.75,,山坡地保育區,丙種建築用地,1110607,土地4建物1車位0,全,三層,透天厝,住家用,鋼筋混凝土造,1150130,133.92,3,2,3,有,無,13070000,97596,,0.0,0,原111.6.7於113.5.15無價差轉售預售屋、或土地及建物分件登記案件；,RPWQMLOLMHLGFAO27DA,124.79,0.0,9.13,無,
新竹市,房地(土地+建物),新竹市新竹市中華路六段６４７巷１３６弄３５０號,127.35,,山坡地保育區,丙種建築用地,1110604,土地5建物1車位0,全,三層,透天厝,住家用,鋼筋混凝土造,1150130,134.13,3,2,3,有,無,12720000,94833,,0.0,0,預售屋、或土地及建物分件登記案件；,RPOQMLOJNHLGFAO98DA,125.0,0.0,9.13,無,
新竹市,房地(土地+建物),新竹市新竹市中華路六段６４７巷１３６弄４０２號,108.73,,山坡地保育區,丙種建築用地,1110605,土地4建物1車位0,全,三層,透天厝,住家用,鋼筋混凝土造,1150130,134.13,3,2,3,有,無,12680000,94535,,0.0,0,預售屋、或土地及建物分件登記案件；,RPWQMLMLMHLGFAO07DA,125.0,0.0,9.13,無,
新竹市,房地(土地+建物),新竹市新竹市中華路六段６４７巷１３６弄３３８號,127.43,,山坡地保育區,丙種建築用地,1110605,土地5建物1車位0,全,三層,透天厝,住家用,鋼筋混凝土造,1150130,132.56,3,2,3,有,無,13280000,100181,,0.0,0,原111.6.5於115.3.2無價差讓渡二等親預售屋、或土地及建物分件登記案件；,RPPOMLOLMHLGFAO98DA,124.71,0.0,7.85,無,
新竹市,房地(土地+建物),新竹市新竹市中華路六段６４７巷１３６弄２６８號,103.94,,山坡地保育區,丙種建築用地,1110625,土地4建物1車位0,全,三層,透天厝,住家用,鋼筋混凝土造,1150130,131.12,3,2,3,有,無,12810000,97697,,0.0,0,預售屋、或土地及建物分件登記案件；,RPWOMLOLMHLGFAO07DA,125.79,0.0,5.33,無,
新竹市,房地(土地+建物),新竹市新竹市中華路六段６４７巷１３６弄３４０號,127.42,,山坡地保育區,丙種建築用地,1110605,土地5建物1車位0,全,三層,透天厝,住家用,鋼筋混凝土造,1150130,134.13,3,2,3,有,無,13320000,99307,,0.0,0,預售屋、或土地及建物分件登記案件；,RPOQMLOLMHLGFAO09DA,125.0,0.0,9.13,無,
新竹市,房地(土地+建物),新竹市新竹市中華路六段６４７巷１３６弄３９６號,128.87,,山坡地保育區,丙種建築用地,1110618,土地4建物1車位0,全,三層,透天厝,住家用,鋼筋混凝土造,1150130,132.56,3,2,3,有,無,13620000,102746,,0.0,0,原111.6.18於115.4.21無價差轉售預售屋、或土地及建物分件登記案件；,RPUQMLOLMHLGFAO07DA,124.71,0.0,7.85,無,
新竹市,房地(土地+建物),新竹市新竹市中華路六段６４７巷１３６弄４４０號,175.76,,山坡地保育區,丙種建築用地,1110606,土地5建物1車位0,全,三層,透天厝,住家用,鋼筋混凝土造,1150130,154.79,3,2,3,有,無,15570000,100588,,0.0,0,原111.6.6於113.9.30無價差轉售預售屋、或土地及建物分件登記案件；,RPORMLOLMHLGFAO56DA,144.89,0.0,9.9,無,
新竹市,房地(土地+建物),新竹市新竹市中華路六段６４７巷１３６弄３８２號,104.5,,山坡地保育區,丙種建築用地,1110606,土地4建物1車位0,全,三層,透天厝,住家用,鋼筋混凝土造,1150130,134.13,3,2,3,有,無,12550000,93566,,0.0,0,預售屋、或土地及建物分件登記案件；,RPPRMLOLMHLGFAO66DA,125.0,0.0,9.13,無,
新竹市,房地(土地+建物),新竹市新竹市士林西路２７號,84.16,,鄉村區,乙種建築用地,1110520,土地2建物1車位0,全,四層,透天厝,住家用,鋼筋混凝土造,1141230,247.04999999999998,4,4,3,有,有,32200000,130338,,0.0,0,預售屋、或土地及建物分件登記案件；,RPUOMLQKLHLGFAO86DA,227.29,0.0,19.22,有,
新竹市,房地(土地+建物),新竹市新竹市士林一街１０８號,77.42,,鄉村區,乙種建築用地,1110509,土地2建物1車位0,全,四層,透天厝,住家用,鋼筋混凝土造,1141230,216.88,3,4,3,有,有,26900000,124032,,0.0,0,預售屋、或土地及建物分件登記案件；,RPUWMLQKLHLGFAO67DA,210.02,0.0,6.32,無,
新竹市,房地(土地+建物),新竹市新竹市士林二街１０１號,78.18,,鄉村區,乙種建築用地,1110525,土地2建物1車位0,全,四層,透天厝,住家用,鋼筋混凝土造,1141230,214.10999999999999,3,4,3,有,有,24750000,115595,,0.0,0,權利轉讓，轉讓價格3020萬，日期113年6月23日。預售屋、或土地及建物分件登記案件；,RPQSMLKLLHLGFAO98DA,203.23,0.0,10.34,無,
新竹市,房地(土地+建物),新竹市新竹市士林西路２５號,97.05,,鄉村區,乙種建築用地,1110511,土地2建物1車位0,全,四層,透天厝,住家用,鋼筋混凝土造,1141230,252.23,4,4,3,有,有,32520000,128930,,0.0,0,權利轉讓，轉讓價格3800萬，日期113年5月14日。預售屋、或土地及建物分件登記案件；,RPXNMLNLLHLGFAO86DA,244.03,0.0,7.66,有,
新竹市,房地(土地+建物)+車位,新竹市新竹市武陵路２２２巷５０弄５號十二樓之１,31.57,住,,,1110509,土地1建物1車位1,十二層,十四層,住宅大樓(11層含以上有電梯),住家用,鋼筋混凝土造,1150115,161.3,3,2,2,有,有,24890000,172791,坡道平面,30.68,2320000,預售屋、或土地及建物分件登記案件；,RPPOMLSKLHLGFAO56DA,78.05,0.0,6.11,有,
新竹市,房地(土地+建物),新竹市新竹市士林西路４１號,83.12,,鄉村區,乙種建築用地,1110406,土地2建物1車位0,全,四層,透天厝,住家用,鋼筋混凝土造,1141230,257.69,4,4,3,有,有,31050000,120494,,0.0,0,預售屋、或土地及建物分件登記案件；,RPWNMLQKLHLGFAO96DA,232.95,0.0,24.2,有,
新竹市,房地(土地+建物),新竹市新竹市士林二街９５號,78.07,,鄉村區,乙種建築用地,1110422,土地2建物1車位0,全,四層,透天厝,住家用,鋼筋混凝土造,1141230,218.29,3,4,3,有,有,27070000,124009,,0.0,0,預售屋、或土地及建物分件登記案件；,RPPQMLQKLHLGFAO56DA,210.02,0.0,7.73,無,
新竹市,房地(土地+建物),新竹市新竹市士林二街９１號,78.62,,鄉村區,乙種建築用地,1110422,土地2建物1車位0,全,四層,透天厝,住家用,鋼筋混凝土造,1141230,216.63,3,4,3,有,有,27000000,124636,,0.0,0,預售屋、或土地及建物分件登記案件；,RPSQMLQKLHLGFAO86DA,210.02,0.0,6.07,無,
新竹市,房地(土地+建物),新竹市新竹市士林二街８９號,80.5,,鄉村區,乙種建築用地,1110406,土地2建物1車位0,全,四層,透天厝,住家用,鋼筋混凝土造,1141230,217.06,3,4,3,有,有,26730000,123146,,0.0,0,預售屋、或土地及建物分件登記案件；,RPUQMLQKLHLGFAO07DA,208.95,0.0,7.57,無,
新竹市,房地(土地+建物),新竹市新竹市士林二街７７號,76.99,,鄉村區,乙種建築用地,1110425,土地2建物1車位0,全,四層,透天厝,住家用,鋼筋混凝土造,1141230,220.35,3,4,3,有,有,27060000,122805,,0.0,0,預售屋、或土地及建物分件登記案件；,RPOSMLQKLHLGFAO66DA,212.24,0.0,7.57,無,
新竹市,房地(土地+建物),新竹市新竹市士林一街１２６號,76.42,,鄉村區,乙種建築用地,1110415,土地2建物1車位0,全,四層,透天厝,住家用,鋼筋混凝土造,1141230,217.07999999999998,3,4,3,有,有,26930000,124056,,0.0,0,預售屋、或土地及建物分件登記案件；,RPXVMLQKLHLGFAO87DA,208.95,0.0,7.59,無,
新竹市,房地(土地+建物),新竹市新竹市士林一街１１８號,77.42,,鄉村區,乙種建築用地,1110413,土地2建物1車位0,全,四層,透天厝,住家用,鋼筋混凝土造,1141230,216.88,3,4,3,有,有,26470000,122049,,0.0,0,預售屋、或土地及建物分件登記案件；,RPQWMLQKLHLGFAO27DA,210.02,0.0,6.32,無,
新竹市,房地(土地+建物),新竹市新竹市士林一街１１２號,77.42,,鄉村區,乙種建築用地,1110422,土地2建物1車位0,全,四層,透天厝,住家用,鋼筋混凝土造,1141230,218.53,3,4,3,有,有,27000000,123553,,0.0,0,預售屋、或土地及建物分件登記案件；,RPSWMLQKLHLGFAO47DA,210.02,0.0,7.97,無,
新竹市,房地(土地+建物),新竹市新竹市士林一街１１０號,77.42,,鄉村區,乙種建築用地,1110412,土地2建物1車位0,全,四層,透天厝,住家用,鋼筋混凝土造,1141230,217.07999999999998,3,4,3,有,有,26900000,123917,,0.0,0,預售屋、或土地及建物分件登記案件；,RPTWMLQKLHLGFAO57DA,208.95,0.0,7.59,無,
新竹市,房地(土地+建物),新竹市新竹市士林一街１０２號,77.42,,鄉村區,乙種建築用地,1110429,土地2建物1車位0,全,四層,透天厝,住家用,鋼筋混凝土造,1141230,218.53,3,4,3,有,有,26860000,122912,,0.0,0,預售屋、或土地及建物分件登記案件；,RPXWMLQKLHLGFAO97DA,210.02,0.0,7.97,無,
新竹市,房地(土地+建物),新竹市新竹市士林一街１１６號,77.42,,鄉村區,乙種建築用地,1110414,土地2建物1車位0,全,四層,透天厝,住家用,鋼筋混凝土造,1141230,217.07999999999998,3,4,3,有,有,26820000,123549,,0.0,0,預售屋、或土地及建物分件登記案件；,RPRWMLQKLHLGFAO37DA,208.95,0.0,7.59,無,
新竹市,房地(土地+建物),新竹市新竹市士林西路３９號,88.53,,鄉村區,乙種建築用地,1110310,土地2建物1車位0,全,四層,透天厝,住家用,鋼筋混凝土造,1141230,257.94,4,4,3,有,有,31000000,120183,,0.0,0,預售屋、或土地及建物分件登記案件；,RPXNMLQKLHLGFAO07DA,235.3,0.0,22.1,有,
新竹市,房地(土地+建物),新竹市新竹市士林西路３５號,89.86,,鄉村區,乙種建築用地,1110302,土地2建物1車位0,全,四層,透天厝,住家用,鋼筋混凝土造,1141230,257.94,4,4,3,有,有,30300000,117469,,0.0,0,權利轉讓，轉讓價格3550萬，日期113年9月2日。預售屋、或土地及建物分件登記案件；,RPPOMLQKLHLGFAO98DA,235.3,0.0,22.1,有,
新竹市,房地(土地+建物),新竹市新竹市士林西路３１號,89.86,,鄉村區,乙種建築用地,1110314,土地2建物1車位0,全,四層,透天厝,住家用,鋼筋混凝土造,1141230,257.94,4,4,3,有,有,32080000,124370,,0.0,0,預售屋、或土地及建物分件登記案件；,RPSOMLQKLHLGFAO66DA,235.3,0.0,22.1,有,
新竹市,房地(土地+建物),新竹市新竹市士林二街９３號,76.27,,鄉村區,乙種建築用地,1110311,土地2建物1車位0,全,四層,透天厝,住家用,鋼筋混凝土造,1141230,217.06,3,4,3,有,有,26520000,122178,,0.0,0,預售屋、或土地及建物分件登記案件；,RPQQMLQKLHLGFAO66DA,208.95,0.0,7.57,無,
新竹市,房地(土地+建物),新竹市新竹市士林二街８３號,78.31,,鄉村區,乙種建築用地,1110311,土地2建物1車位0,全,四層,透天厝,住家用,鋼筋混凝土造,1141230,216.64,3,4,3,有,有,26490000,122277,,0.0,0,權利轉讓，轉讓價格2920萬，日期113年4月26日。預售屋、或土地及建物分件登記案件；,RPPRMLQKLHLGFAO66DA,210.02,0.0,6.08,無,
新竹市,房地(土地+建物),新竹市新竹市士林二街７９號,76.82,,鄉村區,乙種建築用地,1110304,土地2建物1車位0,全,四層,透天厝,住家用,鋼筋混凝土造,1141230,218.29,3,4,3,有,有,26310000,120528,,0.0,0,權利轉讓配偶轉讓。日期:114年11月17日預售屋、或土地及建物分件登記案件；,RPWRMLQKLHLGFAO37DA,210.02,0.0,7.73,無,
新竹市,房地(土地+建物),新竹市新竹市士林一街１２０號,77.42,,鄉村區,乙種建築用地,1110321,土地2建物1車位0,全,四層,透天厝,住家用,鋼筋混凝土造,1141230,216.91,3,4,3,有,有,26380000,121617,,0.0,0,權利轉讓配偶轉讓。日期:114年11月19日預售屋、或土地及建物分件登記案件；,RPPWMLQKLHLGFAO17DA,208.78,0.0,7.59,無,
新竹市,房地(土地+建物),新竹市新竹市士林一街１０６號,77.42,,鄉村區,乙種建築用地,1110314,土地2建物1車位0,全,四層,透天厝,住家用,鋼筋混凝土造,1141230,217.07999999999998,3,4,3,有,有,26470000,121937,,0.0,0,權利轉讓，轉讓價格3000萬，日期113年6月16日。預售屋、或土地及建物分件登記案件；,RPVWMLQKLHLGFAO77DA,208.95,0.0,7.59,無,
新竹市,房地(土地+建物),新竹市新竹市士林一街１５６號,73.17,,鄉村區,乙種建築用地,1110302,土地2建物1車位0,全,四層,透天厝,住家用,鋼筋混凝土造,1141230,215.67,3,4,3,有,有,24020000,111374,,0.0,0,預售屋、或土地及建物分件登記案件；,RPVSMLQKLHLGFAO37DA,207.78,0.0,7.35,無,
新竹市,房地(土地+建物),新竹市新竹市士林一街１９２號,68.63,,鄉村區,乙種建築用地,1110329,土地2建物1車位0,全,四層,透天厝,住家用,鋼筋混凝土造,1141230,205.57999999999998,3,4,3,有,有,23300000,113338,,0.0,0,預售屋、或土地及建物分件登記案件；,RPUTMLQKLHLGFAO37DA,197.55,0.0,7.49,無,
新竹市,房地(土地+建物),新竹市新竹市士林一街１７０號,73.17,,鄉村區,乙種建築用地,1110307,土地2建物1車位0,全,四層,透天厝,住家用,鋼筋混凝土造,1141230,212.57,3,4,3,有,有,23980000,112810,,0.0,0,預售屋、或土地及建物分件登記案件；,RPTVMLQKLHLGFAO47DA,207.78,0.0,4.25,無,
新竹市,房地(土地+建物),新竹市新竹市士林一街１６０號,77.41,,鄉村區,乙種建築用地,1110302,土地2建物1車位0,全,四層,透天厝,住家用,鋼筋混凝土造,1141230,215.79,3,4,3,有,有,23180000,107419,,0.0,0,權利轉讓，轉讓價格2718萬元，日期115年1月16日。預售屋、或土地及建物分件登記案件；,RPRNMLNLLHLGFAO88DA,210.85,0.0,4.4,無,
新竹市,房地(土地+建物),新竹市新竹市士林二街９７號,76.39,,鄉村區,乙種建築用地,1110314,土地2建物1車位0,全,四層,透天厝,住家用,鋼筋混凝土造,1141230,214.29,3,4,3,有,有,26400000,123198,,0.0,0,權利轉讓無價差，日期115年2月2日。預售屋、或土地及建物分件登記案件；,RPRSMLKLLHLGFAO09DA,208.95,0.0,4.8,無,
新竹市,房地(土地+建物),新竹市新竹市士林一街１６６號,73.13,,鄉村區,乙種建築用地,1110311,土地2建物1車位0,全,四層,透天厝,住家用,鋼筋混凝土造,1141230,215.67,3,4,3,有,有,24020000,111374,,0.0,0,夫妻換約，換約日期114年11月27日。預售屋、或土地及建物分件登記案件；,RPPNMLLLMHLGFAO58DA,207.78,0.0,7.35,無,
新竹市,房地(土地+建物),新竹市新竹市士林二街８１號,76.63,,鄉村區,乙種建築用地,1110216,土地2建物1車位0,全,四層,透天厝,住家用,鋼筋混凝土造,1141230,216.89,3,4,3,有,有,26300000,121260,,0.0,0,預售屋、或土地及建物分件登記案件；,RPRRMLQKLHLGFAO86DA,208.78,0.0,7.57,無,
新竹市,房地(土地+建物),新竹市新竹市士林一街１４２號,73.17,,鄉村區,乙種建築用地,1110207,土地2建物1車位0,全,四層,透天厝,住家用,鋼筋混凝土造,1141230,212.57999999999998,3,4,3,有,有,23960000,112711,,0.0,0,預售屋、或土地及建物分件登記案件；,RPTRMLQKLHLGFAO07DA,207.78,0.0,4.26,無,
新竹市,房地(土地+建物),新竹市新竹市士林一街１４８號,73.17,,鄉村區,乙種建築用地,1110216,土地2建物1車位0,全,四層,透天厝,住家用,鋼筋混凝土造,1141230,212.57999999999998,3,4,3,有,有,23880000,112334,,0.0,0,預售屋、或土地及建物分件登記案件；,RPPSMLQKLHLGFAO76DA,207.78,0.0,4.26,無,
新竹市,房地(土地+建物),新竹市新竹市士林一街１５０號,73.17,,鄉村區,乙種建築用地,1110225,土地2建物1車位0,全,四層,透天厝,住家用,鋼筋混凝土造,1141230,212.57,3,4,3,有,有,23900000,112434,,0.0,0,預售屋、或土地及建物分件登記案件；,RPSSMLQKLHLGFAO07DA,207.78,0.0,4.25,無,
新竹市,房地(土地+建物),新竹市新竹市士林一街１５２號,73.17,,鄉村區,乙種建築用地,1110223,土地2建物1車位0,全,四層,透天厝,住家用,鋼筋混凝土造,1141230,212.57999999999998,3,4,3,有,有,23910000,112475,,0.0,0,夫妻換約。日期:114年11月12日預售屋、或土地及建物分件登記案件；,RPUSMLQKLHLGFAO27DA,207.78,0.0,4.26,無,
新竹市,房地(土地+建物),新竹市新竹市士林一街１８８號,74.09,,鄉村區,乙種建築用地,1110224,土地2建物1車位0,全,四層,透天厝,住家用,鋼筋混凝土造,1141230,205.57999999999998,3,4,3,有,有,22830000,111052,,0.0,0,夫妻換約。日期:114年11月19日預售屋、或土地及建物分件登記案件；,RPPUMLQKLHLGFAO96DA,197.55,0.0,7.49,無,
新竹市,房地(土地+建物),新竹市新竹市士林一街１８０號,73.11,,鄉村區,乙種建築用地,1110225,土地2建物1車位0,全,四層,透天厝,住家用,鋼筋混凝土造,1141230,210.97,3,4,3,有,有,23490000,111343,,0.0,0,預售屋、或土地及建物分件登記案件；,RPXUMLQKLHLGFAO77DA,207.78,0.0,2.65,無,
新竹市,房地(土地+建物),新竹市新竹市士林一街１７２號,73.17,,鄉村區,乙種建築用地,1110210,土地2建物1車位0,全,四層,透天厝,住家用,鋼筋混凝土造,1141230,212.57,3,4,3,有,有,23990000,112857,,0.0,0,轉讓價格2985萬元整，日期114年2月6日。預售屋、或土地及建物分件登記案件；,RPSVMLQKLHLGFAO37DA,207.78,0.0,4.25,無,
新竹市,房地(土地+建物),新竹市新竹市士林一街１６８號,73.17,,鄉村區,乙種建築用地,1110209,土地2建物1車位0,全,四層,透天厝,住家用,鋼筋混凝土造,1141230,212.57,3,4,3,有,有,23900000,112434,,0.0,0,夫妻換約。日期:114年11月14日預售屋、或土地及建物分件登記案件；,RPWWMLQKLHLGFAO87DA,207.78,0.0,4.25,無,
新竹市,房地(土地+建物),新竹市新竹市士林一街１３２號,70.16,,鄉村區,乙種建築用地,1110209,土地2建物1車位0,全,四層,透天厝,住家用,鋼筋混凝土造,1141230,201.70999999999998,3,4,3,有,有,23190000,114967,,0.0,0,預售屋、或土地及建物分件登記案件；,RPVUMLQKLHLGFAO57DA,196.88,0.0,4.29,無,
新竹市,房地(土地+建物),新竹市新竹市士林西路３７號,89.86,,鄉村區,乙種建築用地,1110209,土地2建物1車位0,全,四層,透天厝,住家用,鋼筋混凝土造,1141230,260.37,4,4,3,有,有,31700000,121750,,0.0,0,權利轉讓，轉讓價格3450萬，日期115年3月19日。預售屋、或土地及建物分件登記案件；,RPVOMLLJMHLGFAO09DA,234.36,0.0,25.47,有,
新竹市,房地(土地+建物),新竹市新竹市士林一街１８６號,74.21,,鄉村區,乙種建築用地,1110218,土地2建物1車位0,全,四層,透天厝,住家用,鋼筋混凝土造,1141230,207.51,3,4,3,有,有,21000000,101200,,0.0,0,夫妻換約，換約日期115年2月3日。預售屋、或土地及建物分件登記案件；,RPRNMLLLMHLGFAO78DA,199.84,0.0,7.13,無,
新竹市,房地(土地+建物),新竹市新竹市士林一街１３６號,73.54,,鄉村區,乙種建築用地,1110214,土地2建物1車位0,全,四層,透天厝,住家用,鋼筋混凝土造,1141230,205.57999999999998,3,4,3,有,有,23230000,112997,,0.0,0,夫妻換約，換約日期114年11月29日。預售屋、或土地及建物分件登記案件；,RPSNMLLLMHLGFAO88DA,197.55,0.0,7.49,無,
新竹市,房地(土地+建物)+車位,新竹市新竹市武陵路２２２巷５０弄５號九樓之３,33.8,住,,,1110208,土地1建物1車位2,九層,十四層,住宅大樓(11層含以上有電梯),住家用,鋼筋混凝土造,1150115,186.7,3,2,2,有,有,28010000,169048,坡道平面,46.74,4350000,114年12月10日讓渡 無加價承購預售屋、或土地及建物分件登記案件；,RPVRMLKLLHLGFAO76DA,80.92,0.0,9.25,有,
新竹市,房地(土地+建物)+車位,新竹市新竹市武陵路２２２巷５０弄１號七樓之２,33.8,住,,,1110127,土地1建物1車位1,七層,十四層,住宅大樓(11層含以上有電梯),住家用,鋼筋混凝土造,1150115,187.56,3,2,2,有,有,26140000,164618,坡道平面,47.6,3100000,預售屋、或土地及建物分件登記案件；,RPPPMLOLKHLGFAO88DA,80.92,0.0,9.25,有,
新竹市,房地(土地+建物)+車位,新竹市新竹市武陵路２２２巷５０弄１號六樓之２,33.8,住,,,1110127,土地1建物1車位1,六層,十四層,住宅大樓(11層含以上有電梯),住家用,鋼筋混凝土造,1150115,165.72,3,2,2,有,有,25190000,163904,坡道平面,25.76,2250000,112年10月30日讓渡 無加價承購預售屋、或土地及建物分件登記案件；,RPPNMLOJLHLGFAO58DA,80.92,0.0,9.25,有,
新竹市,房地(土地+建物),新竹市新竹市士林西路２９號,89.86,,鄉村區,乙種建築用地,1110124,土地2建物1車位0,全,四層,透天厝,住家用,鋼筋混凝土造,1141230,260.37,4,4,3,有,有,31500000,120982,,0.0,0,權利轉讓配偶轉讓。日期:114年11月12日預售屋、或土地及建物分件登記案件；,RPTOMLQKLHLGFAO76DA,234.36,0.0,25.47,有,
新竹市,房地(土地+建物),新竹市新竹市士林一街１３０號,80.35,,鄉村區,乙種建築用地,1110112,土地2建物1車位0,全,四層,透天厝,住家用,鋼筋混凝土造,1141230,228.66,3,4,3,有,有,25750000,112613,,0.0,0,權利轉讓，轉讓價格2645萬，日期112年5月30日。預售屋、或土地及建物分件登記案件；,RPQSMLQKLHLGFAO86DA,211.59,0.0,16.53,無,
新竹市,房地(土地+建物),新竹市新竹市士林二街８５號,80.46,,鄉村區,乙種建築用地,1110125,土地2建物1車位0,全,四層,透天厝,住家用,鋼筋混凝土造,1141230,217.06,3,4,3,有,有,26530000,122224,,0.0,0,權利轉讓配偶轉讓。日期:114年11月14日預售屋、或土地及建物分件登記案件；,RPSSMLKLLHLGFAO56DA,208.95,0.0,7.57,無,
新竹市,房地(土地+建物),新竹市新竹市士林一街１６２號,72.33,,鄉村區,乙種建築用地,1110122,土地2建物1車位0,全,四層,透天厝,住家用,鋼筋混凝土造,1141230,215.7,3,4,3,有,有,23200000,107557,,0.0,0,預售屋、或土地及建物分件登記案件；,RPORMLQKLHLGFAO56DA,210.91,0.0,4.25,無,
新竹市,房地(土地+建物),新竹市新竹市士林一街１４６號,73.17,,鄉村區,乙種建築用地,1110119,土地2建物1車位0,全,四層,透天厝,住家用,鋼筋混凝土造,1141230,215.67,3,4,3,有,有,24020000,111374,,0.0,0,預售屋、或土地及建物分件登記案件；,RPXRMLQKLHLGFAO47DA,207.78,0.0,7.35,無,
新竹市,房地(土地+建物),新竹市新竹市士林一街１５８號,73.17,,鄉村區,乙種建築用地,1110117,土地2建物1車位0,全,四層,透天厝,住家用,鋼筋混凝土造,1141230,212.57999999999998,3,4,3,有,有,23960000,112711,,0.0,0,預售屋、或土地及建物分件登記案件；,RPWSMLQKLHLGFAO47DA,207.78,0.0,4.26,無,
新竹市,房地(土地+建物),新竹市新竹市士林一街１９０號,74.34,,鄉村區,乙種建築用地,1110111,土地2建物1車位0,全,四層,透天厝,住家用,鋼筋混凝土造,1141230,204.48,3,4,3,有,有,22900000,111991,,0.0,0,預售屋、或土地及建物分件登記案件；,RPVTMLQKLHLGFAO47DA,196.88,0.0,7.06,無,
新竹市,房地(土地+建物),新竹市新竹市士林一街１７８號,74.93,,鄉村區,乙種建築用地,1110117,土地2建物1車位0,全,四層,透天厝,住家用,鋼筋混凝土造,1141230,212.57999999999998,3,4,3,有,有,23970000,112758,,0.0,0,預售屋、或土地及建物分件登記案件；,RPPVMLQKLHLGFAO07DA,207.78,0.0,4.26,無,
新竹市,房地(土地+建物),新竹市新竹市士林一街１７６號,73.17,,鄉村區,乙種建築用地,1110127,土地2建物1車位0,全,四層,透天厝,住家用,鋼筋混凝土造,1141230,215.67,3,4,3,有,有,24000000,111281,,0.0,0,轉讓價格2838萬元整，日期113年5月17日。預售屋、或土地及建物分件登記案件；,RPQVMLQKLHLGFAO17DA,207.78,0.0,7.35,無,
新竹市,房地(土地+建物),新竹市新竹市士林一街１８２號,75.12,,鄉村區,乙種建築用地,1110121,土地2建物1車位0,全,四層,透天厝,住家用,鋼筋混凝土造,1141230,214.41,3,4,3,有,有,23600000,110069,,0.0,0,夫妻換約。日期:114年11月13日預售屋、或土地及建物分件登記案件；,RPTSMLKLLHLGFAO66DA,209.47,0.0,4.4,無,
新竹市,房地(土地+建物)+車位,新竹市新竹市武陵路２２２巷５０弄１號五樓之２,33.8,住,,,1110128,土地1建物1車位1,五層,十四層,住宅大樓(11層含以上有電梯),住家用,鋼筋混凝土造,1150115,163.32999999999998,3,2,2,有,有,24990000,163189,坡道平面,23.37,2150000,114年4月14日讓渡 交易總價為2680萬元整預售屋、或土地及建物分件登記案件；,RPOOMLKLLHLGFAO38DA,80.92,0.0,9.25,有,
新竹市,房地(土地+建物)+車位,新竹市新竹市武陵路２２２巷５０弄１號八樓之３,33.85,住,,,1110128,土地1建物1車位2,八層,十四層,住宅大樓(11層含以上有電梯),住家用,鋼筋混凝土造,1150115,195.73000000000002,3,2,2,有,有,28150000,168034,坡道平面,55.58,4600000,113年6月27日讓渡 交易總價為2950萬元整預售屋、或土地及建物分件登記案件；,RPSPMLKLLHLGFAO88DA,81.04,0.0,9.24,有,
新竹市,房地(土地+建物)+車位,新竹市新竹市武陵路２２２巷５０弄１號十一樓之３,33.85,住,,,1110128,土地1建物1車位2,十一層,十四層,住宅大樓(11層含以上有電梯),住家用,鋼筋混凝土造,1150115,186.89,3,2,2,有,有,27470000,165680,坡道平面,46.74,4250000,115年1月22日讓渡 交易總價為2770萬元整預售屋、或土地及建物分件登記案件；,RPVPMLKLLHLGFAO56DA,81.04,0.0,9.24,有,
新竹市,房地(土地+建物)+車位,新竹市新竹市武陵路２２２巷５０弄５號八樓之２,33.85,住,,,1110127,土地1建物1車位2,八層,十四層,住宅大樓(11層含以上有電梯),住家用,鋼筋混凝土造,1150115,186.89,3,2,2,有,有,27430000,165037,坡道平面,46.74,4300000,115年2月12日讓渡 交易總價為2600萬元整預售屋、或土地及建物分件登記案件；,RPUQMLKLLHLGFAO56DA,81.04,0.0,9.24,有,
新竹市,房地(土地+建物),新竹市新竹市士林一街１４０號,73.54,,鄉村區,乙種建築用地,1110117,土地2建物1車位0,全,四層,透天厝,住家用,鋼筋混凝土造,1141230,215.01,3,4,3,有,有,23960000,111437,,0.0,0,轉讓價格3137萬元整，日期113年8月15日。預售屋、或土地及建物分件登記案件；,RPQRMLQKLHLGFAO76DA,210.22,0.0,4.25,無,
新竹市,房地(土地+建物),新竹市新竹市士林一街１３８號,78.23,,鄉村區,乙種建築用地,1110121,土地2建物1車位0,全,四層,透天厝,住家用,鋼筋混凝土造,1141230,207.70999999999998,3,4,3,有,有,23360000,112464,,0.0,0,轉讓價格2740萬元整，日期113年3月15日。預售屋、或土地及建物分件登記案件；,RPSUMLQKLHLGFAO27DA,200.11,0.0,7.06,無,
新竹市,房地(土地+建物)+車位,新竹市新竹市武陵路２２２巷５０弄１號十二樓之２,33.8,住,,,1110127,土地1建物1車位2,十二層,十四層,住宅大樓(11層含以上有電梯),住家用,鋼筋混凝土造,1150115,189.57,3,2,2,有,有,27720000,166607,坡道平面,49.6,4400000,預售屋、或土地及建物分件登記案件；,RPUOMLKLLHLGFAO98DA,80.92,0.0,9.25,有,
新竹市,房地(土地+建物)+車位,新竹市新竹市武陵路２２２巷５０弄１號三樓之３,33.85,住,,,1110128,土地1建物1車位1,三層,十四層,住宅大樓(11層含以上有電梯),住家用,鋼筋混凝土造,1150115,177.19,3,2,2,有,有,24920000,162112,坡道平面,37.04,2200000,預售屋、或土地及建物分件登記案件；,RPXOMLKLLHLGFAO66DA,81.04,0.0,9.24,有,
新竹市,房地(土地+建物)+車位,新竹市新竹市武陵路２２２巷５０弄１號十二樓之３,33.85,住,,,1110128,土地1建物1車位2,十二層,十四層,住宅大樓(11層含以上有電梯),住家用,鋼筋混凝土造,1150115,186.89,3,2,2,有,有,28230000,169319,坡道平面,46.74,4500000,預售屋、或土地及建物分件登記案件；,RPWPMLKLLHLGFAO66DA,81.04,0.0,9.24,有,
新竹市,房地(土地+建物)+車位,新竹市新竹市武陵路２２２巷５０弄５號三樓之２,33.85,住,,,1110128,土地1建物1車位1,三層,十四層,住宅大樓(11層含以上有電梯),住家用,鋼筋混凝土造,1150115,172.22,3,2,2,有,有,24880000,162183,坡道平面,32.07,2150000,115年1月29日讓渡 交易總價為2450萬元整預售屋、或土地及建物分件登記案件；,RPOQMLKLLHLGFAO58DA,81.04,0.0,9.24,有,
新竹市,房地(土地+建物)+車位,新竹市新竹市武陵路２２２巷５０弄５號四樓之２,33.85,住,,,1110127,土地1建物1車位1,四層,十四層,住宅大樓(11層含以上有電梯),住家用,鋼筋混凝土造,1150115,163.51999999999998,3,2,2,有,有,24780000,161113,坡道平面,23.37,2200000,113年5月27日讓渡 無加價承購預售屋、或土地及建物分件登記案件；,RPPQMLKLLHLGFAO68DA,81.04,0.0,9.24,有,
新竹市,房地(土地+建物)+車位,新竹市新竹市武陵路２２２巷５０弄５號七樓之２,33.85,住,,,1110128,土地1建物1車位1,七層,十四層,住宅大樓(11層含以上有電梯),住家用,鋼筋混凝土造,1150115,210.55,3,2,2,有,有,26810000,167392,坡道平面,70.4,3350000,預售屋、或土地及建物分件登記案件；,RPTQMLKLLHLGFAO09DA,81.04,0.0,9.24,有,
新竹市,房地(土地+建物)+車位,新竹市新竹市武陵路２２２巷５０弄５號四樓之３,33.8,住,,,1110128,土地1建物1車位1,四層,十四層,住宅大樓(11層含以上有電梯),住家用,鋼筋混凝土造,1150115,169.25,3,2,2,有,有,25210000,164416,坡道平面,29.3,2200000,114年4月7日讓渡 交易總價為2525萬元整預售屋、或土地及建物分件登記案件；,RPSRMLKLLHLGFAO09DA,80.92,0.0,9.25,有,
