鄉鎮市區,交易標的,土地位置建物門牌,土地面積平方公尺,都市土地使用分區,非都市土地使用分區,非都市土地使用編定,租賃年月日,租賃筆棟數,租賃層次,總樓層數,建物型態,主要用途,主要建材,建築完成年月,建物總面積平方公尺,建物現況格局-房,建物現況格局-廳,建物現況格局-衛,建物現況格局-隔間,有無管理組織,有無附傢俱,總額元,單價元平方公尺,車位類別,車位面積平方公尺,車位總額元,備註,編號,出租型態,有無管理員,租賃期間,有無電梯,附屬設備,租賃住宅服務
The villages and towns urban district,transaction sign,land sector position building sector house number plate,land shifting total area square meter,the use zoning or compiles and checks,the non-metropolis land use district,non-metropolis land use,transaction year month and day,transaction pen number,shifting level,total floor number,building state,main use,main building materials,construction to complete the years,building shifting total area,Building present situation pattern - room,building present situation pattern - hall,building present situation pattern - health,building present situation pattern - compartmented,Whether there is manages the organization,Whether there is attaches the furniture,total price NTD,the unit price (NTD / square meter),the berth category,berth shifting total area square meter,the berth total price NTD,the note,serial number,Rental type,Residential Manager,Rental period,elevator,equipment,Rental residential services
三重區,租賃房屋,新北市三重區正義北路３６巷７號,0.0,,,,1150511,土地0建物1車位0,一層,3,公寓(5樓含以下無電梯),住家用,加強磚造,0561225,50.18,2,1,1,有,無,有,15000,299,,0.0,0,水電費 瓦斯費 由承租人負擔續租案件；,RPSOMLLKNHLGFGF78CC,整棟(戶)出租,無,1150601~1160531,無,冷氣、熱水器、洗衣機、電視機、冰箱、瓦斯或天然氣,社會住宅代管
樹林區,租賃房屋,新北市樹林區八德街１１０號９樓,0.0,,,,1150511,土地0建物1車位0,九層,12,住宅大樓(11層含以上有電梯),集合住宅,鋼筋混凝土造,0991119,113.00999999999999,3,2,2,有,有,有,25000,221,,0.0,0,管理費：3320元，承租人負擔。續租案件；,RPUNMLLKNHLGFIF09CC,整棟(戶)出租,有,1150516~1160131,有,冷氣、熱水器、瓦斯或天然氣,社會住宅代管
板橋區,租賃房屋,新北市板橋區南雅東路１００巷３號２樓,0.0,,,,1150511,土地0建物0車位0,二層,4,公寓(5樓含以下無電梯),住家用,鋼筋混凝土造,0640922,37.0,5,2,3,有,無,有,25000,676,,0.0,0,201室多人共同承租4；,RPQOMLMKNHLGFAF08CC,分租套房,無,1150515~1160514,無,冷氣、熱水器、洗衣機、電視機、冰箱、有線電視、網路,一般轉租
新莊區,租賃房屋,新北市新莊區中央路３７０號二十樓之８,0.0,,,,1150511,土地0建物1車位0,二十層,23,住宅大樓(11層含以上有電梯),集合住宅,鋼筋混凝土造,1140528,134.91,2,2,2,有,有,有,32000,237,,0.0,0,未租賃車位，建物登記含有車位面積；,RPUOMLMKNHLGFBF58CC,整棟(戶)出租,有,1150520~1160519,有,冷氣、熱水器、瓦斯或天然氣,社會住宅代管
新莊區,租賃房屋,新北市新莊區中平路３５８號,0.0,,,,1150511,土地0建物1車位0,一層,9,華廈(10層含以下有電梯),住家用,鋼筋混凝土造,0880507,144.49,2,2,1,有,有,無,25000,173,,0.0,0,另有管理費3000元，由承租人負擔。未租賃車位，建物登記含有車位面積；,RPXOMLMKNHLGFBF88CC,整棟(戶)出租,有,1150515~1160514,有,冷氣、熱水器、洗衣機、瓦斯或天然氣,社會住宅代管
新店區,租賃房屋,新北市新店區吉祥街６巷８號六樓,0.0,,,,1150511,土地0建物1車位0,六層,6,華廈(10層含以下有電梯),住家用,鋼筋混凝土造,0850628,146.1,3,2,2,有,有,無,9000,62,,0.0,0,另有管理費1000元，由承租人負擔。續租案件；,RPSNMLMKNHLGFCF38CC,整棟(戶)出租,有,1150515~1160514,有,冷氣、熱水器、洗衣機、電視機、冰箱、瓦斯或天然氣,社會住宅代管
新店區,租賃房屋,新北市新店區二十張路１２９巷３弄８號五樓,0.0,,,,1150511,土地0建物1車位0,五層,5,公寓(5樓含以下無電梯),住家用,鋼筋混凝土造,0661217,78.28,3,2,2,有,無,有,28000,358,,0.0,0,,RPOOMLMKNHLGFCF08CC,整棟(戶)出租,無,1150601~1160531,無,冷氣、熱水器、洗衣機、電視機、冰箱、瓦斯或天然氣,社會住宅包租轉租
金山區,租賃房屋,新北市金山區中山路３７５號５樓,0.0,,,,1150512,土地0建物1車位0,五層,5,華廈(10層含以下有電梯),住家用,鋼筋混凝土造,0810414,166.81,9,2,2,有,無,有,12000,72,,0.0,0,,RPVNMLMKNHLGFDF78CC,整棟(戶)出租,無,1150520~1160519,有,冷氣、熱水器、洗衣機、冰箱、瓦斯或天然氣,社會住宅包租轉租
淡水區,租賃房屋,新北市淡水區文化路６３號十三樓之５,0.0,,,,1150512,土地0建物1車位0,十三層,13,住宅大樓(11層含以上有電梯),辦公室,鋼筋混凝土造,0961109,40.33,1,1,1,有,有,無,13700,340,,0.0,0,租金總額含管理費；,RPVNMLMKNHLGFEF88CC,整棟(戶)出租,有,1150601~1160531,有,冷氣、熱水器、電視機、冰箱,
淡水區,租賃房屋+車位,新北市淡水區民權路１８７巷２６號１６樓,0.0,,,,1150511,土地0建物1車位1,十六層,27,住宅大樓(11層含以上有電梯),住家用,鋼筋混凝土造,1080211,217.97,3,2,2,有,有,無,36000,165,坡道平面,35.69,0,,RPXNMLMKNHLGFEF09CC,整棟(戶)出租,有,1150526~1160525,有,冷氣、熱水器、瓦斯或天然氣,
淡水區,租賃房屋,新北市淡水區水源街二段１７７巷４３弄６之５號３樓,0.0,,,,1150511,土地0建物0車位0,三層,9,華廈(10層含以下有電梯),住家用,鋼筋混凝土造,1010824,35.44,2,0,2,有,有,有,8000,226,,0.0,0,管理費.網路.第四台費用每月1000元,RPOPMLMKNHLGFEF38CC,分租套房,有,1150701~1160630,有,冷氣、熱水器、洗衣機、電視機、冰箱、有線電視、網路,一般代管
淡水區,租賃房屋,新北市淡水區水源街二段１７７巷４３弄６之９號６樓,0.0,,,,1150511,土地0建物0車位0,六層,9,華廈(10層含以下有電梯),住家用,鋼筋混凝土造,1010824,36.03,4,0,4,有,有,有,8000,222,,0.0,0,管理費.網路.第四台費用每月1000元,RPPPMLMKNHLGFEF48CC,分租套房,有,1150801~1160731,有,冷氣、熱水器、洗衣機、電視機、冰箱、有線電視、網路,一般代管
淡水區,租賃房屋,新北市淡水區水源街二段１７７巷４３弄６之６號５樓,0.0,,,,1150511,土地0建物0車位0,五層,9,華廈(10層含以下有電梯),住家用,鋼筋混凝土造,1010824,36.59,2,0,2,有,有,有,8500,232,,0.0,0,管理費.網路.第四台費用每月1000元多人共同承租2；,RPQPMLMKNHLGFEF58CC,分租套房,有,1150701~1160630,有,冷氣、熱水器、洗衣機、電視機、冰箱、有線電視、網路,一般代管
三重區,租賃房屋,新北市三重區重新路三段１５０號１７樓之５,0.0,,,,1150511,土地0建物1車位0,十七層,24,住宅大樓(11層含以上有電梯),住家用,鋼骨構造,1031226,62.379999999999995,1,0,1,有,有,有,25000,401,,0.0,0,,RPUNMLMKNHLGFGF98CC,整棟(戶)出租,有,1150501~1160430,有,冷氣、熱水器、洗衣機、電視機、冰箱,一般轉租
三重區,租賃房屋,新北市三重區重新路三段１５０號２１樓之２,0.0,,,,1150511,土地0建物1車位0,二十一層,24,住宅大樓(11層含以上有電梯),住家用,鋼骨構造,1031226,56.92,1,0,1,有,有,有,26000,457,,0.0,0,,RPVNMLMKNHLGFGF09CC,整棟(戶)出租,有,1150601~1160531,有,冷氣、熱水器、洗衣機、電視機、冰箱,一般轉租
三重區,租賃房屋,新北市三重區雙園街３５號２樓,0.0,,,,1150511,土地0建物0車位0,二層,4,公寓(5樓含以下無電梯),住商用,鋼筋混凝土造,0670106,24.0,4,3,4,有,無,有,16000,667,,0.0,0,201室,RPXNMLMKNHLGFGF66CC,分租套房,無,1150513~1160514,無,冷氣、熱水器、洗衣機、電視機、冰箱、有線電視、網路,一般轉租
蘆洲區,租賃房屋,新北市蘆洲區中華街７號３樓之２,0.0,,,,1150511,土地0建物1車位0,三層,14,住宅大樓(11層含以上有電梯),住家用,鋼筋混凝土造,0840126,144.09,2,2,2,有,有,有,26000,180,,0.0,0,管理費每個月2050元不包含在租金內,RPOOMLMKNHLGFGF48CC,整棟(戶)出租,有,1150520~1160519,有,冷氣、熱水器、瓦斯或天然氣,一般代管
中和區,租賃房屋,新北市中和區枋寮街４號,0.0,,,,1150512,土地0建物0車位0,全,3,透天厝,住家用,加強磚造,0490606,25.0,2,2,2,有,無,有,17000,680,,0.0,0,202室,RPWOMLMKNHLGFHF76CC,分租套房,無,1150515~1160514,無,冷氣、熱水器、洗衣機、電視機、冰箱、有線電視、網路,一般轉租
五股區,租賃房屋+車位,新北市五股區水碓路１６巷３０號五樓,0.0,,,,1150511,土地0建物1車位1,五層,9,華廈(10層含以下有電梯),住家用,鋼筋混凝土造,0840315,126.03,3,2,2,有,有,無,20000,159,坡道平面,0.0,3000,管理費2900元，水電費 瓦斯費 由承租人負擔續租案件；,RPQNMLNKNHLGFBF18CC,整棟(戶)出租,有,1150515~1160514,有,熱水器、瓦斯或天然氣,社會住宅代管
新莊區,租賃房屋,新北市新莊區八德街１３３巷２弄７號２樓,0.0,,,,1150513,土地0建物1車位0,二層,5,公寓(5樓含以下無電梯),住家用,鋼筋混凝土造,0751105,88.29,3,2,2,有,無,有,26000,294,,0.0,0,續租案件；,RPWNMLNKNHLGFBF78CC,整棟(戶)出租,無,1150601~1160531,無,冷氣、熱水器、洗衣機、電視機、冰箱、瓦斯或天然氣,社會住宅代管
林口區,租賃房屋+車位,新北市林口區文化一路一段２０６號,55.36,住,,,1150511,土地1建物1車位1,見其他登記事項,8,店面(店鋪),一般零售業,鋼筋混凝土造,1070927,204.13,0,0,0,無,有,無,49000,240,坡道平面,21.65,0,租金總額含稅；租賃期間有約定不同租金第1年至第4年每月租金49000元含稅，第5年至第10年每月租金51000元含稅；,RPQOMLNKNHLGFBF28CC,,有,1150601~1250531,有,,
新莊區,租賃房屋,新北市新莊區中正路３４６號四樓,0.0,,,,1150512,土地0建物0車位0,四層,4,公寓(5樓含以下無電梯),住家用,加強磚造,0640507,21.0,4,0,4,有,無,有,14500,690,,0.0,0,402室多人共同承租2；,RPROMLNKNHLGFBF38CC,分租套房,無,1150515~1160514,無,冷氣、熱水器、洗衣機、電視機、冰箱、有線電視、網路,一般轉租
五股區,租賃房屋,新北市五股區凌雲路一段１５８巷５７弄２８號十一樓,0.0,,,,1150511,土地0建物1車位0,十一層,13,住宅大樓(11層含以上有電梯),集合住宅,鋼筋混凝土造,1091118,125.04,3,1,2,有,有,無,15000,120,,0.0,0,管理費2700元，水電費 瓦斯費 由承租人負擔,RPTOMLNKNHLGFBF58CC,整棟(戶)出租,有,1150516~1160515,有,冷氣、熱水器、瓦斯或天然氣,社會住宅代管
五股區,租賃房屋,新北市五股區凌雲路一段１５８巷５７弄２８號九樓,0.0,,,,1150512,土地0建物1車位0,九層,13,住宅大樓(11層含以上有電梯),集合住宅,鋼筋混凝土造,1091118,125.04,3,1,2,有,有,無,15000,120,,0.0,0,管理費2700元，水電費 瓦斯費 由承租人負擔,RPVOMLNKNHLGFBF78CC,整棟(戶)出租,有,1150516~1160515,有,冷氣、熱水器、瓦斯或天然氣,社會住宅代管
汐止區,租賃房屋,新北市汐止區中正路２１７號４樓,0.0,,,,1150511,土地0建物1車位0,四層,6,華廈(10層含以下有電梯),住家用,鋼筋混凝土造,0840629,114.32000000000001,3,2,2,有,有,有,23000,201,,0.0,0,,RPVNMLNKNHLGFDF88CC,整棟(戶)出租,有,1150516~1160515,有,冷氣、熱水器、洗衣機、冰箱、瓦斯或天然氣,社會住宅包租轉租
淡水區,租賃房屋+車位,新北市淡水區新市三路２段２９９號９樓,0.0,,,,1150512,土地0建物1車位1,九層,29,住宅大樓(11層含以上有電梯),住家用,鋼筋混凝土造,1070525,123.30000000000001,2,1,1,有,有,有,19000,172,坡道平面,30.46,3000,管理費每月2000元，由承租人負擔多人共同承租2；,RPPNMLNKNHLGFEF38CC,整棟(戶)出租,有,1150516~1160515,有,冷氣、熱水器、洗衣機、冰箱、瓦斯或天然氣,社會住宅包租轉租
淡水區,租賃房屋,新北市淡水區水源街二段１７７巷４３弄６之６號７樓,0.0,,,,1150512,土地0建物0車位0,七層,9,華廈(10層含以下有電梯),住家用,鋼筋混凝土造,1010824,36.59,2,0,2,有,有,有,8500,232,,0.0,0,管理費.網路.第四台費用每月1000元,RPUNMLNKNHLGFEF88CC,分租套房,有,1150701~1160630,有,冷氣、熱水器、洗衣機、電視機、冰箱、有線電視、網路,一般代管
淡水區,租賃房屋+車位,新北市淡水區濱海路一段４０２號７樓,0.0,,,,1150511,土地0建物1車位1,七層,12,住宅大樓(11層含以上有電梯),住家用,鋼筋混凝土造,1010827,129.11,2,2,1,有,有,有,20736,161,坡道平面,34.31,0,,RPVNMLNKNHLGFEF98CC,整棟(戶)出租,有,1150515~1160514,有,冷氣、熱水器、洗衣機、電視機、冰箱、瓦斯或天然氣,
淡水區,租賃房屋,新北市淡水區水源街二段１７７巷４３弄６之５號９樓,0.0,,,,1150512,土地0建物0車位0,九層,9,華廈(10層含以下有電梯),住家用,鋼筋混凝土造,1010824,35.44,2,0,2,有,有,有,8000,226,,0.0,0,管理費.網路.第四台費用每月1000元,RPWNMLNKNHLGFEF09CC,分租套房,有,1150701~1160630,有,冷氣、熱水器、洗衣機、電視機、冰箱、有線電視、網路,一般代管
淡水區,租賃房屋,新北市淡水區水源街二段１７７巷４３弄２之６號８樓,0.0,,,,1150512,土地0建物0車位0,八層,9,華廈(10層含以下有電梯),住家用,鋼筋混凝土造,1010824,34.83,3,0,3,有,有,有,8000,230,,0.0,0,管理費.網路.第四台費用每月1000元,RPQOMLNKNHLGFEF58CC,分租套房,有,1150701~1160630,有,冷氣、熱水器、洗衣機、電視機、冰箱、有線電視、網路,一般代管
淡水區,租賃房屋,新北市淡水區沙崙路一段１２６巷１０號十四樓,0.0,,,,1150512,土地0建物1車位0,十四層,14,住宅大樓(11層含以上有電梯),住家用,鋼筋混凝土造,1080212,124.91,2,2,1,有,有,有,21000,168,,0.0,0,未租賃車位，建物登記含有車位面積；,RPTOMLNKNHLGFEF88CC,整棟(戶)出租,有,1150515~1160514,有,冷氣、熱水器、洗衣機、電視機、冰箱,社會住宅代管
三芝區,租賃房屋,新北市三芝區中興街二段２７０號１０樓,0.0,,,,1150511,土地0建物1車位0,十層,12,住宅大樓(11層含以上有電梯),住家用,鋼筋混凝土造,0850916,95.37,3,2,2,有,有,有,12000,126,,0.0,0,管理費：1000元，租金不含管理費，由承租人負擔。,RPVOMLNKNHLGFEF09CC,整棟(戶)出租,有,1150511~1160510,有,冷氣、熱水器、洗衣機、電視機、冰箱、瓦斯或天然氣,社會住宅代管
淡水區,租賃房屋+車位,新北市淡水區新市一路三段１０１巷１７弄３４號十五樓,15.12,住,,,1150512,土地1建物1車位1,十五層,15,住宅大樓(11層含以上有電梯),住家用,鋼筋混凝土造,0990128,122.72,2,1,1,有,有,有,22000,179,坡道平面,35.66,0,多人共同承租2；租金總額含管理費；,RPWOMLNKNHLGFEF56CC,整棟(戶)出租,有,1150531~1160530,有,冷氣、熱水器、洗衣機、冰箱、瓦斯或天然氣,
蘆洲區,租賃房屋,新北市蘆洲區光復路３０巷１號四樓,0.0,,,,1150511,土地0建物1車位0,四層,5,華廈(10層含以下有電梯),住家用,鋼筋混凝土造,1010103,130.21,3,2,2,有,有,無,15000,115,,0.0,0,管理費1100元，水電費 瓦斯費 由承租人負擔續租案件；,RPUNMLNKNHLGFGF09CC,整棟(戶)出租,有,1150601~1160531,有,熱水器,社會住宅代管
中和區,租賃房屋,新北市中和區南山路６２之２號３樓,0.0,,,,1150512,土地0建物1車位0,三層,5,公寓(5樓含以下無電梯),住家用,鋼筋混凝土造,0741205,97.64,3,1,2,有,無,有,18000,184,,0.0,0,多人共同承租2；,RPSNMLNKNHLGFHF98CC,整棟(戶)出租,無,1150515~1160514,無,冷氣、熱水器、洗衣機、冰箱、瓦斯或天然氣,社會住宅包租轉租
中和區,租賃房屋,新北市中和區景德街５號１３樓之２２,0.0,,,,1150511,土地0建物1車位0,十三層,15,住宅大樓(11層含以上有電梯),集合住宅,鋼筋混凝土構造,1060120,40.11,1,0,1,有,有,有,27000,673,,0.0,0,租金含下列服務:生活及休閒服務如:文康活動、清潔打掃等及福利諮詢等租金總額含管理費；租賃期間有約定不同租金115/4/25-115/12/31租金為27000元，116/1/1-116/12/31租金為29000元；,RPQOMLNKNHLGFHF88CC,獨立套房,有,1150425~1161231,有,冷氣、熱水器、洗衣機、電視機、冰箱、有線電視,一般轉租
板橋區,租賃房屋,新北市板橋區林園街７０號三樓,0.0,,,,1150511,土地0建物1車位0,三層,4,公寓(5樓含以下無電梯),住家用,加強磚造,0620601,91.77,3,1,2,有,無,無,23000,251,,0.0,0,,RPSNMLOKNHLGFAF38CC,整棟(戶)出租,無,1150516~1160515,無,冷氣、熱水器、瓦斯或天然氣,社會住宅代管
土城區,租賃房屋,新北市土城區學府路一段１９５號二樓,0.0,,,,1150511,土地0建物1車位0,二層,5,公寓(5樓含以下無電梯),住家用,鋼筋混凝土造,0741016,92.2,3,2,1,有,無,無,23000,249,,0.0,0,續租案件；,RPROMLOKNHLGFAF38CC,整棟(戶)出租,無,1150525~1160524,無,冷氣、熱水器、瓦斯或天然氣,社會住宅代管
板橋區,租賃房屋,新北市板橋區華江一路１１３號七樓之２,0.0,,,,1150511,土地0建物1車位0,七層,19,住宅大樓(11層含以上有電梯),集合住宅,鋼骨鋼筋混凝土造,1120908,50.7,1,0,1,有,有,無,18200,359,,0.0,0,每個月管理費1800元由承租人負擔續租案件；,RPUOMLOKNHLGFAF68CC,獨立套房,有,1150520~1160519,有,冷氣、熱水器、冰箱、瓦斯或天然氣,社會住宅代管
板橋區,租賃房屋,新北市板橋區文聖街１６號４樓,0.0,,,,1150511,土地0建物1車位0,四層,5,公寓(5樓含以下無電梯),住家用,鋼筋混凝土造,0700130,84.3,3,1,1,有,無,有,23000,273,,0.0,0,,RPOPMLOKNHLGFAF18CC,整棟(戶)出租,無,1150516~1160515,無,冷氣、熱水器,社會住宅包租轉租
林口區,租賃房屋+車位,新北市林口區文化三路一段３９巷２１３號二樓,15.66,住,,,1150513,土地1建物1車位1,二層,13,住宅大樓(11層含以上有電梯),集合住宅,鋼筋混凝土造,1121212,108.6,3,1,2,有,有,無,31500,290,坡道機械,12.93,0,,RPPOMLOKNHLGFBF28CC,整棟(戶)出租,有,1150601~1160531,有,冷氣、熱水器、瓦斯或天然氣,
五股區,租賃房屋,新北市五股區御史路７號八樓,0.0,,,,1150513,土地0建物1車位0,八層,9,華廈(10層含以下有電梯),住家用,鋼筋混凝土造,0920113,188.01,4,2,2,有,有,無,22600,120,,0.0,0,另有管理費2400元，由承租人負擔。未租賃車位，建物登記含有車位面積；,RPQOMLOKNHLGFBF38CC,整棟(戶)出租,有,1150515~1160430,有,冷氣、熱水器、瓦斯或天然氣,社會住宅包租轉租
泰山區,租賃房屋+車位,新北市泰山區信華六街１９號１１樓,0.0,,,,1150514,土地0建物1車位1,十一層,19,住宅大樓(11層含以上有電梯),集合住宅,鋼筋混凝土造,1020503,133.91,2,2,1,有,有,有,32000,293,坡道平面,35.06,3000,,RPVOMLOKNHLGFBF88CC,整棟(戶)出租,有,1150515~1160514,有,冷氣、熱水器、洗衣機、冰箱、瓦斯或天然氣、有線電視,社會住宅代管
新店區,租賃房屋,新北市新店區安民街３６５巷１０弄６號,0.0,,,,1150513,土地0建物1車位0,一層,5,公寓(5樓含以下無電梯),住家用,鋼筋混凝土造,0790817,114.96,3,2,2,有,無,無,30000,261,,0.0,0,,RPQNMLOKNHLGFCF38CC,整棟(戶)出租,無,1150514~1160513,無,冷氣、熱水器,社會住宅代管
汐止區,租賃房屋,新北市汐止區民族二街１３號三樓之１,0.0,,,,1150512,土地0建物1車位0,三層,6,華廈(10層含以下有電梯),住家用,鋼筋混凝土造,1051219,93.12,2,1,1,有,無,無,15000,161,,0.0,0,續租案件；,RPQNMLOKNHLGFDF48CC,整棟(戶)出租,無,1150520~1170519,有,冷氣、熱水器,社會住宅包租轉租
汐止區,租賃房屋+車位,新北市汐止區保長路６０號１２樓,0.0,,,,1150513,土地0建物1車位1,十二層,15,住宅大樓(11層含以上有電梯),住家用,鋼筋混凝土造,0990525,151.92000000000002,3,2,2,有,有,無,28000,184,坡道平面,29.56,0,,RPUNMLOKNHLGFDF88CC,整棟(戶)出租,有,1150601~1170531,有,冷氣、熱水器、瓦斯或天然氣,
汐止區,租賃房屋,新北市汐止區南興路９３號十樓,0.0,,,,1150512,土地0建物1車位0,十層,13,住宅大樓(11層含以上有電梯),集合住宅,鋼筋混凝土,1070307,74.22,2,1,1,有,有,有,21500,290,,0.0,0,國家住宅及都市更新中心社會住宅包租代管計畫之物件。續租案件；,RPOOMLOKNHLGFDF38CC,整棟(戶)出租,有,1150518~1160428,有,冷氣、熱水器,社會住宅代管
汐止區,租賃房屋,新北市汐止區長興街一段５９號３樓,0.0,,,,1150513,土地0建物1車位0,三層,10,華廈(10層含以下有電梯),集合住宅,鋼筋混凝土構造,1090316,102.6,3,2,2,有,有,無,26000,253,,0.0,0,,RPSOMLOKNHLGFDF78CC,整棟(戶)出租,有,1150515~1151104,有,,
淡水區,租賃房屋,新北市淡水區沙崙路一段１２６巷６８號十一樓,0.0,,,,1150511,土地0建物1車位0,十一層,14,住宅大樓(11層含以上有電梯),住家用,鋼筋混凝土造,1050816,107.19999999999999,2,1,1,有,有,有,18000,168,,0.0,0,續租案件；,RPPNMLOKNHLGFEF48CC,整棟(戶)出租,有,1150514~1160322,有,冷氣、熱水器、洗衣機、電視機、冰箱、瓦斯或天然氣,社會住宅包租轉租
淡水區,租賃房屋,新北市淡水區學府路３２巷４７號十一樓,0.0,,,,1150512,土地0建物1車位0,十一層,11,住宅大樓(11層含以上有電梯),住家用,鋼筋混凝土造,0880914,69.35,2,2,2,有,有,有,18300,264,,0.0,0,續租案件；,RPQNMLOKNHLGFEF58CC,整棟(戶)出租,有,1150513~1161030,有,冷氣、熱水器、洗衣機、電視機、冰箱、瓦斯或天然氣,社會住宅包租轉租
八里區,租賃房屋,新北市八里區中山路二段２６３號四樓,0.0,,,,1150511,土地0建物1車位0,四層,8,華廈(10層含以下有電梯),住家用,鋼筋混凝土造,0830625,114.86,3,2,2,有,有,無,16000,139,,0.0,0,續租案件；,RPRNMLOKNHLGFEF68CC,整棟(戶)出租,有,1150518~1170517,有,冷氣、熱水器、瓦斯或天然氣,社會住宅包租轉租
淡水區,租賃房屋+車位,新北市淡水區番子田１２６號１０樓,0.0,,,,1150511,土地0建物1車位1,十層,11,住宅大樓(11層含以上有電梯),住家用,鋼筋混凝土造,0840804,146.93,3,2,2,有,有,無,14200,97,坡道平面,34.83,0,1.管理費2300元由出租人負擔2.禁抽菸、禁寵物,RPVNMLOKNHLGFEF09CC,整棟(戶)出租,有,1150522~1160521,有,冷氣、熱水器、電視機,
淡水區,租賃房屋,新北市淡水區北新路１８２巷７０號５樓,0.0,,,,1150513,土地0建物1車位0,五層,13,住宅大樓(11層含以上有電梯),住家用,鋼筋混凝土造,0900627,120.68,3,2,2,有,有,無,21649,179,,0.0,0,管理費3351元由出租人負擔。,RPOOMLOKNHLGFEF48CC,整棟(戶)出租,有,1150601~1190531,有,冷氣、熱水器,
八里區,租賃房屋,新北市八里區中山路三段１０１號六樓,0.0,,,,1150511,土地0建物1車位0,六層,14,住宅大樓(11層含以上有電梯),集合住宅,鋼筋混凝土造,1121011,99.91,2,2,2,有,有,有,22500,225,,0.0,0,每月管理費2500元由承租人負擔。續租案件；,RPPOMLOKNHLGFEF58CC,整棟(戶)出租,有,1150520~1160519,有,冷氣、熱水器、洗衣機、電視機、冰箱、瓦斯或天然氣,社會住宅代管
八里區,租賃房屋,新北市八里區龍米路一段２００號２３樓之１,0.0,,,,1150511,土地0建物1車位0,二十三層,26,住宅大樓(11層含以上有電梯),住家用,鋼筋混凝土造,0941205,57.730000000000004,1,0,1,有,有,有,8000,139,,0.0,0,,RPQOMLOKNHLGFEF68CC,獨立套房,有,1150601~1160531,有,冷氣、熱水器、洗衣機、冰箱,社會住宅代管
淡水區,租賃房屋,新北市淡水區學府路１３６巷７０號４樓,0.0,,,,1150512,土地0建物1車位0,四層,18,住宅大樓(11層含以上有電梯),住家用,鋼筋混凝土造,0840802,62.68,2,1,1,有,有,有,15000,239,,0.0,0,管理費每月1000元，由承租人負擔,RPSOMLOKNHLGFEF88CC,整棟(戶)出租,有,1150515~1160514,有,冷氣、熱水器、洗衣機、冰箱、瓦斯或天然氣,社會住宅代管
淡水區,租賃房屋+車位,新北市淡水區濱海路一段３０６巷６０弄８８號４樓,0.0,,,,1150511,土地0建物1車位1,四層,15,住宅大樓(11層含以上有電梯),集合住宅,鋼筋混凝土造,1140805,122.84,2,2,1,有,有,無,23000,187,坡道平面,31.91,0,不可養寵物，不可擺放神明廳，不可吸菸租金總額含管理費；,RPPPMLOKNHLGFEF68CC,整棟(戶)出租,有,1150520~1160519,有,冷氣、熱水器、瓦斯或天然氣,
淡水區,租賃房屋,新北市淡水區濱海路一段４０６號５樓,0.0,,,,1150511,土地0建物1車位0,五層,12,住宅大樓(11層含以上有電梯),住家用,鋼筋混凝土造,1010827,91.38000000000001,2,2,1,有,有,有,18800,206,,0.0,0,管理費：2200元，租金不含管理費，由承租人負擔。,RPRPMLOKNHLGFEF88CC,整棟(戶)出租,有,1150601~1160531,有,冷氣、熱水器、洗衣機、電視機、冰箱、瓦斯或天然氣,社會住宅代管
淡水區,租賃房屋,新北市淡水區水源街二段３８號２樓,0.0,,,,1150512,土地0建物0車位0,二層,3,公寓(5樓含以下無電梯),住家用,鋼筋混凝土造,0650922,15.39,4,1,4,有,無,有,6500,422,,0.0,0,此案件為分租套房，此承租戶為202室,RPSPMLOKNHLGFEF98CC,分租套房,無,1150615~1160614,無,冷氣、熱水器、冰箱,
淡水區,租賃房屋+車位,新北市淡水區新市五路三段１７２號十四樓,0.0,,,,1150513,土地0建物1車位1,十四層,27,住宅大樓(11層含以上有電梯),住家用,鋼筋混凝土造,1061229,148.70999999999998,3,2,2,有,有,無,23000,178,坡道平面,30.84,2000,,RPXPMLOKNHLGFEF86CC,整棟(戶)出租,有,1150521~1160520,有,冷氣、瓦斯或天然氣,社會住宅代管
淡水區,租賃房屋,新北市淡水區沙崙路一段１２６巷１１８號６樓,0.0,,,,1150511,土地0建物1車位0,六層,23,住宅大樓(11層含以上有電梯),住家用,鋼筋混凝土造,1050816,155.19,3,2,2,有,有,有,20300,131,,0.0,0,管理費：4200元，租金不含管理費，由承租人負擔。,RPQQMLOKNHLGFEF88CC,整棟(戶)出租,有,1150610~1170609,有,冷氣、熱水器、電視機、瓦斯或天然氣,社會住宅代管
瑞芳區,租賃房屋,新北市瑞芳區?魚坑路８３號之１四樓,0.0,,,,1150513,土地0建物1車位0,四層,4,公寓(5樓含以下無電梯),住家用,鋼筋混凝土造,0850202,122.22,3,1,2,有,無,有,7000,57,,0.0,0,續租案件；,RPPNMLOKNHLGFFF58CC,整棟(戶)出租,無,1150531~1160530,無,熱水器、洗衣機、電視機、冰箱、瓦斯或天然氣,社會住宅包租轉租
三重區,租賃房屋,新北市三重區龍濱路１５７號五樓,0.0,,,,1150511,土地0建物1車位0,五層,5,公寓(5樓含以下無電梯),住家用,鋼筋混凝土造,0700214,76.0,3,2,1,有,無,無,9000,118,,0.0,0,續租案件；,RPPNMLOKNHLGFGF68CC,整棟(戶)出租,無,1150516~1160515,無,冷氣、熱水器、瓦斯或天然氣,社會住宅代管
蘆洲區,租賃房屋,新北市蘆洲區三民路４５７號５樓,0.0,,,,1150511,土地0建物1車位0,五層,12,住宅大樓(11層含以上有電梯),集合住宅,鋼筋混凝土造,1150119,54.01,1,0,1,有,有,有,18500,343,,0.0,0,管理費：1575元，租金不含管理費，由承租人負擔。,RPOOMLOKNHLGFGF68CC,獨立套房,有,1150525~1160524,有,冷氣、熱水器、洗衣機、冰箱,社會住宅包租轉租
三重區,租賃房屋,新北市三重區重新路一段１１２號二十一樓,0.0,,,,1150511,土地0建物1車位0,二十一層,27,住宅大樓(11層含以上有電梯),住家用,鋼骨鋼筋混凝土造,1011220,86.9,2,1,1,有,有,有,32200,371,,0.0,0,續租案件；,RPPOMLOKNHLGFGF78CC,整棟(戶)出租,有,1150530~1160529,有,冷氣、熱水器、洗衣機、電視機、冰箱、瓦斯或天然氣,一般轉租
三重區,租賃房屋,新北市三重區重新路一段１１８號十五樓,0.0,,,,1150511,土地0建物1車位0,十五層,27,住宅大樓(11層含以上有電梯),住家用,鋼骨鋼筋混凝土造,1011220,91.85,2,1,1,有,有,有,36500,397,,0.0,0,續租案件；,RPQOMLOKNHLGFGF88CC,整棟(戶)出租,有,1150613~1160612,有,冷氣、熱水器、洗衣機、電視機、冰箱、瓦斯或天然氣,一般轉租
蘆洲區,租賃房屋,新北市蘆洲區三民路４５１號８樓,0.0,,,,1150511,土地0建物1車位0,八層,12,住宅大樓(11層含以上有電梯),集合住宅,鋼筋混凝土造,1150119,54.01,1,0,1,有,有,有,19000,352,,0.0,0,管理費：1575元，租金不含管理費，由承租人負擔。多人共同承租2；,RPUOMLOKNHLGFGF66CC,獨立套房,有,1150525~1160524,有,冷氣、熱水器、洗衣機、冰箱,社會住宅包租轉租
蘆洲區,租賃房屋+車位,新北市蘆洲區光榮路１２０巷２２弄３４號７樓,0.0,,,,1150513,土地0建物1車位1,七層,7,華廈(10層含以下有電梯),住家用,鋼筋混凝土造,0950719,156.47000000000003,3,2,2,有,有,無,30000,245,坡道平面,46.22,3000,,RPRPMLOKNHLGFGF09CC,整棟(戶)出租,有,1150515~1160514,有,熱水器、瓦斯或天然氣,社會住宅代管
三重區,租賃房屋,新北市三重區忠孝路二段８０號３樓之２,0.0,,,,1150514,土地0建物1車位0,三層,12,住宅大樓(11層含以上有電梯),住家用,鋼筋混凝土造,0840224,111.24,3,2,2,有,有,無,22000,198,,0.0,0,,RPWPMLOKNHLGFGF96CC,整棟(戶)出租,有,1150521~1160520,有,冷氣、熱水器、洗衣機、冰箱、瓦斯或天然氣,社會住宅代管
蘆洲區,租賃房屋,新北市蘆洲區長榮路８２號７樓,0.0,,,,1150514,土地0建物1車位0,七層,12,住宅大樓(11層含以上有電梯),集合住宅,鋼筋混凝土造,1120519,74.74000000000001,2,1,1,有,有,有,27000,361,,0.0,0,管理費：2500元，承租人負擔。續租案件；,RPXPMLOKNHLGFGF07CC,整棟(戶)出租,有,1150520~1160519,有,冷氣、熱水器、洗衣機、冰箱、瓦斯或天然氣,社會住宅代管
三重區,租賃房屋,新北市三重區同安街８６號１０樓,0.0,,,,1150511,土地0建物1車位0,十層,14,住宅大樓(11層含以上有電梯),集合住宅,鋼筋混凝土造,1121026,125.04,3,2,2,有,有,有,31500,252,,0.0,0,管理費：3000元，承租人負擔。續租案件；,RPRQMLOKNHLGFGF56CC,整棟(戶)出租,有,1150601~1160531,有,冷氣、熱水器、瓦斯或天然氣,社會住宅代管
三重區,租賃房屋,新北市三重區自強路一段１９０號２樓,0.0,,,,1150511,土地0建物1車位0,二層,4,公寓(5樓含以下無電梯),住家用,鋼筋混凝土造,0661110,55.28,4,2,1,有,無,有,22000,398,,0.0,0,續租案件；,RPSQMLOKNHLGFGF66CC,整棟(戶)出租,無,1150615~1160614,無,熱水器、瓦斯或天然氣,社會住宅代管
三重區,租賃房屋,新北市三重區仁愛街４４５巷１２號３樓,0.0,,,,1150512,土地0建物1車位0,三層,5,公寓(5樓含以下無電梯),住家用,鋼筋混凝土造,0731119,64.37,2,1,1,有,無,有,26000,404,,0.0,0,續租案件；,RPUQMLOKNHLGFGF86CC,整棟(戶)出租,無,1150701~1160531,無,冷氣、熱水器、電視機、冰箱、瓦斯或天然氣,社會住宅代管
三重區,租賃房屋,新北市三重區重新路五段４８１號二樓,0.0,,,,1150512,土地0建物1車位0,二層,13,住宅大樓(11層含以上有電梯),集合住宅,鋼筋混凝土造,1080225,69.98,2,1,1,有,有,有,25000,357,,0.0,0,,RPVQMLOKNHLGFGF96CC,整棟(戶)出租,有,1150516~1160515,有,冷氣、熱水器,社會住宅包租轉租
蘆洲區,租賃房屋,新北市蘆洲區三民路４６１號６樓,0.0,,,,1150511,土地0建物1車位0,六層,12,住宅大樓(11層含以上有電梯),集合住宅,鋼筋混凝土造,1150119,51.46,1,0,1,有,有,有,18500,360,,0.0,0,管理費：1575元，租金不含管理費，由承租人負擔。,RPWQMLOKNHLGFGF07CC,獨立套房,有,1150525~1160524,有,冷氣、熱水器、洗衣機、冰箱,社會住宅包租轉租
蘆洲區,租賃房屋,新北市蘆洲區中正路１４０號５樓,0.0,,,,1150511,土地0建物0車位0,五層,5,公寓(5樓含以下無電梯),住家用,鋼筋混凝土造,0710902,14.87,4,1,1,有,無,有,8000,538,,0.0,0,租金總額含水費；租賃建物部分範圍，且未計入共有部分面積；,RPXQMLOKNHLGFGF17CC,分租套房,無,1150516~1160515,無,冷氣、熱水器、洗衣機、電視機、冰箱、有線電視、網路,一般轉租
中和區,租賃房屋,新北市中和區國光街３６巷１２號,0.0,,,,1150511,土地0建物1車位0,一層,4,公寓(5樓含以下無電梯),住家用,加強磚造,0651220,71.64,2,1,1,有,無,無,20000,279,,0.0,0,,RPRNMLOKNHLGFHF98CC,整棟(戶)出租,無,1150516~1160515,無,冷氣、熱水器、瓦斯或天然氣,社會住宅代管
中和區,租賃房屋,新北市中和區中山路二段１１６巷５弄３號２樓,0.0,,,,1150512,土地0建物1車位0,二層,4,公寓(5樓含以下無電梯),住家用,加強磚造,0631023,90.96,3,2,1,有,無,有,26000,286,,0.0,0,,RPSNMLOKNHLGFHF09CC,整棟(戶)出租,無,1150515~1160514,無,冷氣、熱水器、洗衣機、瓦斯或天然氣,社會住宅代管
中和區,租賃房屋,新北市中和區福祥路９號１４樓之３０,0.0,,,,1150511,土地0建物1車位0,十四層,19,住宅大樓(11層含以上有電梯),住家用,鋼筋混凝土造,0871120,56.64,1,0,1,有,有,有,18000,318,,0.0,0,,RPTNMLOKNHLGFHF56CC,獨立套房,有,1150514~1160513,有,冷氣、熱水器、冰箱、瓦斯或天然氣,社會住宅代管
永和區,租賃房屋,新北市永和區永亨路１１９號５樓,0.0,,,,1150511,土地0建物0車位0,五層,5,公寓(5樓含以下無電梯),住家用,鋼筋混凝土造,0680207,43.67,4,2,2,有,無,有,24000,550,,0.0,0,多人共同承租2；,RPTOMLOKNHLGFHF66CC,分租套房,無,1150511~1160531,無,冷氣、熱水器、洗衣機、電視機、冰箱,一般轉租
中和區,租賃房屋,新北市中和區中和路１０２號六樓之十一,0.0,,,,1150512,土地0建物1車位0,六層,18,住宅大樓(11層含以上有電梯),商業用,鋼筋混凝土造,0820921,27.200000000000003,1,0,1,有,有,有,9000,331,,0.0,0,,RPXOMLOKNHLGFHF07CC,獨立套房,有,1150516~1160515,有,冷氣、熱水器、洗衣機,社會住宅包租轉租
鶯歌區,租賃房屋,新北市鶯歌區永和街９７號六樓,0.0,,,,1150511,土地0建物1車位0,六層,8,華廈(10層含以下有電梯),集合住宅,鋼筋混凝土造,1091019,174.6,3,2,2,有,有,有,22800,131,,0.0,0,每個月管理費3200元由承租人負擔。有承租機車車位一個。未租賃車位，建物登記含有車位面積；續租案件；,RPRNMLOKNHLGFIF09CC,整棟(戶)出租,有,1150520~1160519,有,冷氣、熱水器、瓦斯或天然氣,社會住宅代管
樹林區,租賃房屋,新北市樹林區大慶街２３號二樓,0.0,,,,1150511,土地0建物1車位0,二層,5,公寓(5樓含以下無電梯),住家用,鋼筋混凝土造,0720120,89.22,2,2,1,有,無,有,15000,168,,0.0,0,,RPUNMLOKNHLGFIF76CC,整棟(戶)出租,無,1150516~1160515,無,冷氣、熱水器、洗衣機、電視機、冰箱、瓦斯或天然氣,社會住宅包租轉租
樹林區,租賃房屋,新北市樹林區保安街三段４２號十五樓,0.0,,,,1150513,土地0建物1車位0,十五層,23,住宅大樓(11層含以上有電梯),住家用,鋼筋混凝土造,0831111,50.62,1,1,1,有,有,有,12000,237,,0.0,0,管理費800元，水電費 瓦斯費 由承租人負擔,RPQOMLOKNHLGFIF09CC,獨立套房,有,1150516~1160515,有,冷氣、熱水器、洗衣機、電視機、冰箱、瓦斯或天然氣,社會住宅包租轉租
三峽區,租賃房屋,新北市三峽區大學路５３號１０樓,0.0,,,,1150511,土地0建物1車位0,十層,13,住宅大樓(11層含以上有電梯),集合住宅,鋼筋混凝土造,0941017,85.7,2,2,1,有,有,無,15000,175,,0.0,0,管理費：2203元，，由房客負擔,RPQPMLOKNHLGFIF56CC,整棟(戶)出租,有,1150516~1180515,有,冷氣、熱水器、電視機、冰箱、瓦斯或天然氣,社會住宅包租轉租
板橋區,租賃房屋+車位,新北市板橋區國慶路１５８巷８之１號三樓,0.0,,,,1150511,土地0建物1車位1,三層,15,住宅大樓(11層含以上有電梯),住家用,鋼筋混凝土造,0960723,145.2,3,2,2,有,有,有,31500,256,坡道機械,31.92,2500,另有管理費2500元，由承租人負擔。,RPPNMLPKNHLGFAF18CC,整棟(戶)出租,有,1150520~1160519,有,冷氣、熱水器、冰箱、瓦斯或天然氣,社會住宅包租轉租
板橋區,租賃房屋,新北市板橋區長安街４８巷１號二樓,0.0,,,,1150511,土地0建物1車位0,二層,4,公寓(5樓含以下無電梯),住家用,鋼筋混凝土造,0641206,92.98,3,1,1,有,無,無,20200,217,,0.0,0,,RPQNMLPKNHLGFAF28CC,整棟(戶)出租,無,1150515~1160514,無,冷氣、熱水器,社會住宅代管
板橋區,租賃房屋,新北市板橋區國慶路１４９巷１１號５樓,0.0,,,,1150512,土地0建物1車位0,五層,5,公寓(5樓含以下無電梯),住家用,鋼筋混凝土造,0700409,90.6,3,2,2,有,無,有,25000,276,,0.0,0,,RPRNMLPKNHLGFAF38CC,整棟(戶)出租,無,1150516~1160515,無,冷氣、熱水器、洗衣機、電視機、冰箱、瓦斯或天然氣,社會住宅包租轉租
板橋區,租賃房屋,新北市板橋區金門街６７巷８號十三樓,0.0,,,,1150514,土地0建物1車位0,十三層,13,住宅大樓(11層含以上有電梯),住家用,鋼筋混凝土造,0920117,76.19,2,1,1,有,有,無,22000,289,,0.0,0,,RPSNMLPKNHLGFAF48CC,整棟(戶)出租,有,1150515~1160514,有,冷氣、熱水器、瓦斯或天然氣,社會住宅代管
板橋區,租賃房屋,新北市板橋區南雅西路二段１０７號３樓,0.0,,,,1150514,土地0建物1車位0,三層,7,華廈(10層含以下有電梯),住家用,鋼筋混凝土造,0861013,75.49,3,1,1,有,有,有,27000,358,,0.0,0,,RPTNMLPKNHLGFAF58CC,整棟(戶)出租,無,1150519~1160518,有,冷氣、熱水器、洗衣機、電視機、冰箱、瓦斯或天然氣,社會住宅代管
土城區,租賃房屋,新北市土城區金城路三段１７６之１號６樓,0.0,,,,1150512,土地0建物1車位0,六層,22,住宅大樓(11層含以上有電梯),住家用,鋼筋混凝土造,0860905,115.28,3,1,2,有,有,有,23000,200,,0.0,0,續租案件；,RPWNMLPKNHLGFAF88CC,整棟(戶)出租,有,1150516~1170515,有,冷氣、熱水器、瓦斯或天然氣,社會住宅包租轉租
板橋區,租賃房屋,新北市板橋區南雅南路二段１２２之１１號七樓,0.0,,,,1150513,土地0建物1車位0,七層,13,住宅大樓(11層含以上有電梯),住家用,鋼筋混凝土造,1000602,81.37,2,2,1,有,有,有,27500,338,,0.0,0,續租案件；,RPUOMLPKNHLGFAF78CC,整棟(戶)出租,有,1150520~1160519,有,冷氣、熱水器、洗衣機、瓦斯或天然氣,社會住宅包租轉租
土城區,租賃房屋,新北市土城區學府路一段１２２之３號十四樓,0.0,,,,1150514,土地0建物1車位0,十四層,18,住宅大樓(11層含以上有電梯),住家用,鋼筋混凝土造,0840524,31.89,1,1,1,有,有,有,13700,430,,0.0,0,每月管理費515元由承租人負擔。,RPWOMLPKNHLGFAF98CC,獨立套房,有,1150516~1160515,有,冷氣、熱水器、洗衣機、電視機、冰箱、瓦斯或天然氣,社會住宅包租轉租
土城區,租賃房屋,新北市土城區金城路二段２４８號五樓,0.0,,,,1150514,土地0建物1車位0,五層,18,住宅大樓(11層含以上有電梯),商業用,鋼筋混凝土造,0840819,56.33,2,1,1,有,有,有,21000,373,,0.0,0,每個月管理費850元由承租人負擔。續租案件；,RPXOMLPKNHLGFAF09CC,整棟(戶)出租,有,1150601~1160531,有,冷氣、熱水器、洗衣機、瓦斯或天然氣,社會住宅代管
板橋區,租賃房屋,新北市板橋區文化路一段２７０巷３弄２８號３樓,0.0,,,,1150513,土地0建物1車位0,三層,5,公寓(5樓含以下無電梯),住家用,鋼筋混凝土造,,72.93,3,2,1,有,無,無,18000,247,,0.0,0,,RPSPMLPKNHLGFAF68CC,整棟(戶)出租,無,1150516~1180515,無,冷氣、熱水器、瓦斯或天然氣,社會住宅包租轉租
土城區,租賃房屋,新北市土城區裕民路１４２號３樓,0.0,,,,1150512,土地0建物1車位0,三層,5,公寓(5樓含以下無電梯),住家用,鋼筋混凝土造,0721026,89.87,3,2,1,有,無,有,23000,256,,0.0,0,多人共同承租2；續租案件；,RPVPMLPKNHLGFAF98CC,整棟(戶)出租,無,1150520~1160519,無,冷氣、熱水器、冰箱、瓦斯或天然氣,社會住宅代管
板橋區,租賃房屋,新北市板橋區光華街２８巷１號３樓,0.0,,,,1150515,土地0建物0車位0,三層,5,公寓(5樓含以下無電梯),住家用,鋼筋混凝土造,0741102,48.64,4,2,2,有,無,有,30000,617,,0.0,0,多人共同承租3；,RPOQMLPKNHLGFAF38CC,分租套房,無,1150525~1160609,無,冷氣、熱水器、洗衣機、電視機、冰箱、有線電視、網路,一般轉租
板橋區,租賃房屋,新北市板橋區中正路２１６巷２弄２８號三樓,0.0,,,,1150514,土地0建物1車位0,三層,4,公寓(5樓含以下無電梯),住家用,鋼筋混凝土造,0660125,70.85,3,2,1,有,無,無,15000,212,,0.0,0,水電費 由承租人負擔,RPQQMLPKNHLGFAF58CC,整棟(戶)出租,無,1150516~1180515,無,冷氣、熱水器、瓦斯或天然氣,社會住宅包租轉租
板橋區,租賃房屋,新北市板橋區四川路二段１２３號十九樓之８,0.0,,,,1150513,土地0建物1車位0,十九層,19,住宅大樓(11層含以上有電梯),住家用,鋼筋混凝土造,0890412,101.81,2,1,1,有,有,無,23500,231,,0.0,0,管理費每個月1500元不包含在租金內,RPTQMLPKNHLGFAF88CC,整棟(戶)出租,有,1150515~1180514,有,冷氣、熱水器、洗衣機、瓦斯或天然氣,社會住宅包租轉租
土城區,租賃房屋,新北市土城區學府路一段６８巷５號１２樓,0.0,,,,1150511,土地0建物1車位0,十二層,12,住宅大樓(11層含以上有電梯),住家用,鋼筋混凝土造,0830606,106.35,3,2,2,有,有,無,16000,150,,0.0,0,續租案件；,RPPRMLPKNHLGFAF58CC,整棟(戶)出租,有,1150605~1160604,有,熱水器、瓦斯或天然氣,社會住宅代管
板橋區,租賃房屋,新北市板橋區田單街４９巷１弄１０號四樓,0.0,,,,1150514,土地0建物1車位0,四層,4,公寓(5樓含以下無電梯),住家用,加強磚造,,73.52,2,1,1,有,無,無,16000,218,,0.0,0,,RPQRMLPKNHLGFAF68CC,整棟(戶)出租,無,1150520~1160519,無,熱水器、瓦斯或天然氣,社會住宅包租轉租
土城區,租賃房屋,新北市土城區裕民路２６號５樓,0.0,,,,1150514,土地0建物1車位0,五層,5,公寓(5樓含以下無電梯),住家用,鋼筋混凝土造,0701215,71.89,3,1,1,有,無,有,10000,139,,0.0,0,多人共同承租2；,RPSRMLPKNHLGFAF88CC,整棟(戶)出租,無,1150518~1180517,無,冷氣、熱水器、洗衣機、電視機,社會住宅包租轉租
五股區,租賃房屋+車位,新北市五股區成洲七路６６號三樓,0.0,,,,1150513,土地0建物1車位1,三層,15,住宅大樓(11層含以上有電梯),集合住宅,鋼筋混凝土造,1130206,84.66,2,2,1,有,有,無,21000,280,坡道平面,20.38,3000,管理費2000元，由承租人負擔續租案件；,RPPNMLPKNHLGFBF28CC,整棟(戶)出租,有,1150615~1160614,有,冷氣、熱水器、瓦斯或天然氣,社會住宅包租轉租
五股區,租賃房屋+車位,新北市五股區芳洲八路１７２號八樓,0.0,,,,1150513,土地0建物1車位1,八層,15,住宅大樓(11層含以上有電梯),集合住宅,鋼筋混凝土造,1040114,141.64999999999998,2,2,2,有,有,無,21800,153,坡道平面,18.74,3000,管理費2200元，由承租人負擔續租案件；,RPQNMLPKNHLGFBF38CC,整棟(戶)出租,有,1150525~1160524,有,冷氣、熱水器、冰箱、瓦斯或天然氣,社會住宅代管
新莊區,租賃房屋,新北市新莊區中和街１５５巷２４弄１５號５樓,0.0,,,,1150514,土地0建物1車位0,五層,18,住宅大樓(11層含以上有電梯),住家用,鋼筋混凝土造,0820528,33.85,1,1,1,有,有,有,14500,428,,0.0,0,管理費：500元，由承租人負擔,RPOOMLPKNHLGFBF28CC,獨立套房,有,1150520~1180119,有,冷氣、熱水器、洗衣機、冰箱、瓦斯或天然氣,社會住宅包租轉租
泰山區,租賃房屋,新北市泰山區明志路一段４８３巷３弄９號４樓,0.0,,,,1150514,土地0建物0車位0,四層,4,公寓(5樓含以下無電梯),住家用,鋼筋混凝土造,0690313,15.94,6,0,6,有,無,有,10500,659,,0.0,0,,RPQOMLPKNHLGFBF48CC,分租套房,無,1150518~1160609,無,冷氣、熱水器、洗衣機、電視機、冰箱、瓦斯或天然氣、網路,一般轉租
五股區,租賃房屋,新北市五股區水碓七路２號四樓,0.0,,,,1150511,土地0建物1車位0,四層,5,公寓(5樓含以下無電梯),住家用,鋼筋混凝土造,0840606,54.03,3,1,1,有,有,有,16000,296,,0.0,0,另有管理費1000元，由承租人負擔。,RPROMLPKNHLGFBF58CC,整棟(戶)出租,有,1150605~1170604,無,冷氣、熱水器、洗衣機、冰箱、瓦斯或天然氣,社會住宅包租轉租
五股區,租賃房屋+車位,新北市五股區六合街１０號八樓,0.0,,,,1150511,土地0建物1車位1,八層,8,華廈(10層含以下有電梯),住家用,鋼筋混凝土造,0970814,176.43,3,2,2,有,有,有,22700,129,坡道平面,0.0,3000,另有管理費1300元，由承租人負擔。,RPSOMLPKNHLGFBF68CC,整棟(戶)出租,有,1150620~1160619,有,冷氣、熱水器、瓦斯或天然氣,社會住宅包租轉租
新莊區,租賃房屋,新北市新莊區民安西路３７８號十三樓之二,0.0,,,,1150512,土地0建物1車位0,十三層,21,住宅大樓(11層含以上有電梯),住家用,鋼筋混凝土造,0850311,77.43,2,1,1,有,有,有,19000,245,,0.0,0,管理費1164元，水電費 瓦斯費 由承租人負擔續租案件；,RPUOMLPKNHLGFBF88CC,整棟(戶)出租,有,1150605~1160604,有,冷氣、熱水器、瓦斯或天然氣,社會住宅代管
新店區,租賃房屋,新北市新店區中興路二段５３號六樓,0.0,,,,1150511,土地0建物1車位0,六層,24,住宅大樓(11層含以上有電梯),集合住宅,鋼骨鋼筋混凝土構造,1050912,79.93,2,1,1,有,有,有,23000,288,,0.0,0,續租案件；,RPPNMLPKNHLGFCF38CC,整棟(戶)出租,有,1150516~1170515,有,熱水器、洗衣機、電視機、冰箱、瓦斯或天然氣,社會住宅包租轉租
新店區,租賃房屋,新北市新店區北宜路二段１５３號三樓之一,0.0,,,,1150511,土地0建物1車位0,三層,14,住宅大樓(11層含以上有電梯),住家用,鋼筋混凝土造,0851227,110.83,3,1,2,有,有,無,14800,134,,0.0,0,,RPQNMLPKNHLGFCF48CC,整棟(戶)出租,有,1150515~1180514,有,熱水器、瓦斯或天然氣,社會住宅包租轉租
新店區,租賃房屋,新北市新店區建國路２２４號２樓,0.0,,,,1150513,土地0建物1車位0,二層,5,公寓(5樓含以下無電梯),住家用,鋼筋混凝土造,0690303,82.88,3,2,1,有,無,有,19900,240,,0.0,0,續租案件；,RPSNMLPKNHLGFCF68CC,整棟(戶)出租,無,1150516~1160515,無,冷氣、熱水器,社會住宅包租轉租
汐止區,租賃房屋,新北市汐止區八連路一段６８號４樓,0.0,,,,1150512,土地0建物1車位0,四層,4,華廈(10層含以下有電梯),住家用,鋼筋混凝土造,0840601,90.07,2,2,1,有,有,有,17809,198,,0.0,0,管理費191元由出租人負擔,RPQNMLPKNHLGFDF58CC,整棟(戶)出租,無,1150516~1160515,有,冷氣、熱水器、洗衣機、冰箱、瓦斯或天然氣,社會住宅包租轉租
汐止區,租賃房屋,新北市汐止區湖前街１１０巷９７弄４之６號８樓,0.0,,,,1150514,土地0建物1車位0,八層,25,住宅大樓(11層含以上有電梯),住家用,鋼筋混凝土造,0881202,107.72,3,2,2,有,有,有,25500,237,,0.0,0,管理費用2000元由承租人負擔。續租案件；,RPUNMLPKNHLGFDF98CC,整棟(戶)出租,有,1150525~1160524,有,冷氣、熱水器、瓦斯或天然氣,社會住宅代管
汐止區,租賃房屋,新北市汐止區大同路二段３３９號７樓之６,0.0,,,,1150513,土地0建物1車位0,七層,9,華廈(10層含以下有電梯),住家用,鋼筋混凝土造,0890711,81.2,2,1,1,有,有,有,23500,289,,0.0,0,管理費：1500元，租金不含管理費，由承租人負擔。,RPWNMLPKNHLGFDF56CC,整棟(戶)出租,有,1150516~1160515,有,冷氣、熱水器、瓦斯或天然氣,社會住宅代管
汐止區,租賃房屋,新北市汐止區福德一路１４１巷９號６樓,0.0,,,,1150513,土地0建物1車位0,六層,7,華廈(10層含以下有電梯),住家用,鋼筋混凝土造,0831207,87.03,3,2,2,有,有,有,25000,287,,0.0,0,,RPXNMLPKNHLGFDF66CC,整棟(戶)出租,有,1150516~1180515,有,冷氣、熱水器、瓦斯或天然氣,社會住宅代管
淡水區,租賃房屋,新北市淡水區自強路８號二樓之１,0.0,,,,1150511,土地0建物1車位0,二層,10,華廈(10層含以下有電梯),住家用,鋼筋混凝土造,0961119,42.95,1,1,1,有,有,有,13341,311,,0.0,0,管理費1159元由出租人負擔續租案件；,RPPNMLPKNHLGFEF58CC,獨立套房,有,1150513~1160512,有,冷氣、熱水器、冰箱,社會住宅包租轉租
淡水區,租賃房屋,新北市淡水區坪頂路５２巷２２號５樓,0.0,,,,1150511,土地0建物1車位0,五層,11,住宅大樓(11層含以上有電梯),住家用,鋼筋混凝土造,1001103,90.09,2,2,1,有,有,有,21000,233,,0.0,0,多人共同承租2；,RPRNMLPKNHLGFEF78CC,整棟(戶)出租,有,1150601~1160531,有,冷氣、熱水器、洗衣機、電視機、冰箱、瓦斯或天然氣,
淡水區,租賃房屋,新北市淡水區新民街２２６巷１６號三樓,0.0,,,,1150514,土地0建物0車位0,三層,5,公寓(5樓含以下無電梯),住家用,鋼筋混凝土造,0770823,18.25,6,0,6,有,無,有,4500,247,,0.0,0,租金總額含網路費；其他第四台；,RPVNMLPKNHLGFEF56CC,分租套房,無,1150518~1160531,無,冷氣、熱水器、洗衣機、電視機、冰箱、有線電視、網路,一般代管
淡水區,租賃房屋,新北市淡水區學府路１８１巷３號四樓,0.0,,,,1150514,土地0建物0車位0,四層,5,公寓(5樓含以下無電梯),住家用,鋼筋混凝土造,0691119,21.4,5,0,5,有,無,有,8000,374,,0.0,0,租金總額含網路費；其他第四台；續租案件；,RPWNMLPKNHLGFEF66CC,分租套房,無,1150901~1160831,無,冷氣、熱水器、洗衣機、電視機、冰箱、有線電視、網路,一般代管
淡水區,租賃房屋,新北市淡水區新市一路一段３３１巷８０號九樓,0.0,,,,1150514,土地0建物1車位0,九層,15,住宅大樓(11層含以上有電梯),住家用,鋼筋混凝土造,1031024,95.96000000000001,2,2,1,有,有,有,19800,206,,0.0,0,續租案件；,RPPOMLPKNHLGFEF68CC,整棟(戶)出租,有,1150519~1180518,有,冷氣、熱水器、洗衣機、電視機、冰箱、瓦斯或天然氣,社會住宅包租轉租
淡水區,租賃房屋+車位,新北市淡水區興福寮８８巷１７８號二樓,0.0,,,,1150513,土地0建物1車位1,二層,12,住宅大樓(11層含以上有電梯),鄉村住宅,鋼筋混凝土造,0900411,139.43,3,2,2,有,有,無,17000,117,坡道平面,19.67,3000,另有管理費2000元，由承租人負擔。續租案件；,RPQOMLPKNHLGFEF78CC,整棟(戶)出租,有,1150515~1160514,有,熱水器、瓦斯或天然氣,社會住宅代管
淡水區,租賃房屋,新北市淡水區中山北路三段３１巷７２號九樓,0.0,,,,1150513,土地0建物1車位0,九層,13,住宅大樓(11層含以上有電梯),住家用,鋼筋混凝土造,1010521,118.19,3,2,2,有,有,有,22500,190,,0.0,0,,RPROMLPKNHLGFEF88CC,整棟(戶)出租,有,1150516~1160515,有,冷氣、熱水器、電視機、瓦斯或天然氣,社會住宅包租轉租
淡水區,租賃房屋,新北市淡水區新春街４０號５樓,0.0,,,,1150511,土地0建物1車位0,五層,5,華廈(10層含以下有電梯),住家用,鋼筋混凝土造,0961008,178.42000000000002,3,2,3,有,無,有,28500,160,,0.0,0,租金28500元/月+管理費1500元/月=共計30000元/月多人共同承租4；,RPUOMLPKNHLGFEF56CC,整棟(戶)出租,無,1150601~1160531,有,冷氣、熱水器、洗衣機、電視機、冰箱、瓦斯或天然氣,
淡水區,租賃房屋,新北市淡水區新春街１０３之３８號五樓,0.0,,,,1150514,土地0建物1車位0,五層,9,華廈(10層含以下有電梯),住家用,鋼筋混凝土造,1041223,108.58000000000001,2,2,2,有,有,有,20000,184,,0.0,0,1.管理費每月2021元整，由承租人負擔。2.國家住宅及都市更新中心社會住宅包租代管計畫之物件。續租案件；,RPVOMLPKNHLGFEF66CC,整棟(戶)出租,有,1150520~1160519,有,冷氣、熱水器、洗衣機、電視機、冰箱、瓦斯或天然氣,社會住宅代管
淡水區,租賃房屋,新北市淡水區學府路２０５巷１弄１６號４樓,0.0,,,,1150514,土地0建物0車位0,四層,5,公寓(5樓含以下無電梯),住家用,鋼筋混凝土造,0700119,17.0,6,0,6,有,無,有,5000,294,,0.0,0,禁菸、禁寵、禁燒香、牆面禁黏、釘，水費每月100元租金總額含管理費；,RPQPMLPKNHLGFEF88CC,分租套房,無,1150601~1160531,無,冷氣、熱水器、洗衣機、電視機、冰箱、網路,
八里區,租賃房屋+車位,新北市八里區中華路二段３５０號十六樓,0.0,,,,1150513,土地0建物1車位1,十六層,16,住宅大樓(11層含以上有電梯),住家用,鋼筋混凝土造,0840126,138.14,3,2,2,有,有,無,13900,101,坡道機械,0.0,2000,另有管理費2100元，由承租人負擔。續租案件；,RPRPMLPKNHLGFEF98CC,整棟(戶)出租,有,1150601~1160531,有,冷氣、熱水器、瓦斯或天然氣,社會住宅代管
淡水區,租賃房屋,新北市淡水區北新路１８２巷３５號５樓之６,0.0,,,,1150513,土地0建物1車位0,五層,5,公寓(5樓含以下無電梯),住家用,鋼筋混凝土造,0780122,22.490000000000002,1,0,1,有,無,有,6000,267,,0.0,0,,RPSPMLPKNHLGFEF09CC,獨立套房,無,1150516~1160515,無,冷氣、熱水器、洗衣機、電視機、冰箱,社會住宅包租轉租
三重區,租賃房屋,新北市三重區重新路一段１１２號二十七樓,0.0,,,,1150513,土地0建物1車位0,二十七層,27,住宅大樓(11層含以上有電梯),住家用,鋼骨鋼筋混凝土造,1011220,86.9,2,1,1,有,有,有,34300,395,,0.0,0,續租案件；,RPSNMLPKNHLGFGF09CC,整棟(戶)出租,有,1150606~1170609,有,冷氣、熱水器、洗衣機、電視機、冰箱、瓦斯或天然氣,一般轉租
三重區,租賃房屋,新北市三重區重新路一段１４８號二十四樓,0.0,,,,1150513,土地0建物1車位0,二十四層,27,住宅大樓(11層含以上有電梯),住家用,鋼骨鋼筋混凝土造,1011220,68.4,1,0,1,有,有,有,28000,409,,0.0,0,,RPUNMLPKNHLGFGF66CC,獨立套房,有,1150513~1160512,有,冷氣、熱水器、洗衣機、電視機、冰箱,一般轉租
三重區,租賃房屋,新北市三重區重新路一段１４８號二十四樓,0.0,,,,1150513,土地0建物1車位0,二十四層,27,住宅大樓(11層含以上有電梯),住家用,鋼骨鋼筋混凝土造,1011220,68.4,1,0,1,有,有,有,28000,409,,0.0,0,,RPVNMLPKNHLGFGF76CC,獨立套房,有,1150513~1160512,有,冷氣、熱水器、洗衣機、電視機、冰箱,一般轉租
三重區,租賃房屋,新北市三重區福德南路５２號２樓之５,0.0,,,,1150512,土地0建物1車位0,二層,14,住宅大樓(11層含以上有電梯),住家用,鋼筋混凝土造,0891107,44.62,1,0,1,有,有,有,13000,291,,0.0,0,續租案件；,RPXNMLPKNHLGFGF96CC,獨立套房,有,1150516~1160715,有,冷氣、熱水器、洗衣機、電視機、冰箱,社會住宅包租轉租
三重區,租賃房屋,新北市三重區長興街８４號,0.0,,,,1150513,土地0建物1車位0,全,2,透天厝,住家用,加強磚造,0590309,81.68,3,2,2,有,無,無,14000,171,,0.0,0,,RPOOMLPKNHLGFGF78CC,整棟(戶)出租,無,1150605~1160604,無,冷氣、熱水器,社會住宅代管
三重區,租賃房屋,新北市三重區神農街４８５號九樓,0.0,,,,1150511,土地0建物1車位0,九層,15,住宅大樓(11層含以上有電梯),集合住宅,鋼筋混凝土造,1090429,106.58,3,2,2,有,有,有,25000,235,,0.0,0,,RPQOMLPKNHLGFGF98CC,整棟(戶)出租,有,1150512~1160511,有,冷氣、熱水器、瓦斯或天然氣,社會住宅包租轉租
三重區,租賃房屋,新北市三重區力行路二段１３６巷４５弄１９號五樓,0.0,,,,1150512,土地0建物1車位0,五層,5,公寓(5樓含以下無電梯),住家用,鋼筋混凝土造,0701003,96.0,3,2,1,有,無,無,19000,198,,0.0,0,多人共同承租2；續租案件；,RPTOMLPKNHLGFGF66CC,整棟(戶)出租,無,1150512~1170305,無,冷氣、熱水器,社會住宅包租轉租
三重區,租賃房屋,新北市三重區三和路三段１５１巷６４號三樓,0.0,,,,1150513,土地0建物1車位0,三層,5,公寓(5樓含以下無電梯),住家用,鋼筋混凝土造,0690123,90.0,3,2,1,有,無,有,20000,222,,0.0,0,國家住宅及都市更新中心社會住宅包租代管計畫之物件。,RPUOMLPKNHLGFGF76CC,整棟(戶)出租,無,1150516~1160515,無,冷氣、熱水器、洗衣機,社會住宅代管
蘆洲區,租賃房屋,新北市蘆洲區光華路２２巷４９號四樓,0.0,,,,1150514,土地0建物1車位0,四層,4,公寓(5樓含以下無電梯),住家用,鋼筋混凝土造,0691007,84.0,3,2,1,有,無,無,16000,190,,0.0,0,水電費 由承租人負擔,RPVOMLPKNHLGFGF86CC,整棟(戶)出租,無,1150515~1160514,無,熱水器、洗衣機、電視機、冰箱、瓦斯或天然氣,社會住宅代管
三重區,租賃房屋,新北市三重區光復路一段８３巷５號８樓,0.0,,,,1150512,土地0建物1車位0,八層,10,廠辦,工業用,鋼筋混凝土造,0801220,267.33,0,0,0,無,有,無,60000,224,,0.0,0,,RPOPMLPKNHLGFGF88CC,,有,1150701~1180630,有,,
蘆洲區,租賃房屋,新北市蘆洲區和平路３號,0.0,,,,1150515,土地0建物1車位0,一層,4,公寓(5樓含以下無電梯),商業用,鋼筋混凝土造,0670317,44.0,2,1,1,有,無,有,8000,182,,0.0,0,續租案件；,RPQPMLPKNHLGFGF09CC,整棟(戶)出租,無,1150530~1160529,無,熱水器,社會住宅代管
三重區,租賃房屋,新北市三重區五華街７巷６號,0.0,,,,1150511,土地0建物1車位0,一層,8,華廈(10層含以下有電梯),住家用,鋼筋混凝土造,0880724,151.82,4,2,2,有,有,無,30000,198,,0.0,0,,RPVPMLPKNHLGFGF96CC,整棟(戶)出租,無,1150516~1170515,有,冷氣、熱水器、洗衣機、冰箱、瓦斯或天然氣,社會住宅包租轉租
中和區,租賃房屋,新北市中和區中山路二段６４巷４０號十樓,0.0,,,,1150511,土地0建物1車位0,十層,17,住宅大樓(11層含以上有電梯),集合住宅,鋼筋混凝土構造,1050726,80.24,2,1,1,有,有,有,26000,324,,0.0,0,多人共同承租2；,RPPNMLPKNHLGFHF88CC,整棟(戶)出租,有,1150515~1160514,有,冷氣、熱水器、洗衣機、電視機、冰箱、瓦斯或天然氣,社會住宅包租轉租
中和區,租賃房屋,新北市中和區大仁街２０巷５５號２樓,0.0,,,,1150512,土地0建物1車位0,二層,4,公寓(5樓含以下無電梯),住家用,加強磚造,0640526,107.58,3,2,1,有,無,有,28000,260,,0.0,0,,RPRNMLPKNHLGFHF09CC,整棟(戶)出租,無,1150515~1160514,無,冷氣、熱水器、瓦斯或天然氣,社會住宅包租轉租
中和區,租賃房屋,新北市中和區中正路２１１巷１３弄１６號２樓,0.0,,,,1150512,土地0建物1車位0,二層,5,公寓(5樓含以下無電梯),住家用,鋼筋混凝土造,0701228,77.92,3,2,1,有,無,無,25000,321,,0.0,0,,RPSNMLPKNHLGFHF56CC,整棟(戶)出租,無,1150515~1160514,無,冷氣、熱水器、瓦斯或天然氣,社會住宅包租轉租
中和區,租賃房屋,新北市中和區中山路二段３３２巷６５號１２樓,0.0,,,,1150514,土地0建物1車位0,十二層,14,辦公商業大樓,創業管理技術服務業,鋼筋混凝土構造,1060118,65.38,0,0,0,無,有,無,21615,331,,0.0,0,租金總額含稅；,RPUNMLPKNHLGFHF76CC,,有,1150601~1180531,有,冷氣,
中和區,租賃房屋,新北市中和區中山路三段１８１巷１８弄５號２樓,0.0,,,,1150514,土地0建物1車位0,二層,5,公寓(5樓含以下無電梯),集合住宅,鋼筋混凝土造,0721129,85.99,2,2,1,有,無,有,14000,163,,0.0,0,,RPVNMLPKNHLGFHF86CC,整棟(戶)出租,無,1150516~1180515,無,冷氣、熱水器、洗衣機、冰箱、瓦斯或天然氣,社會住宅包租轉租
中和區,租賃房屋,新北市中和區景德街１７號十樓之２,0.0,,,,1150513,土地0建物1車位0,十層,15,住宅大樓(11層含以上有電梯),集合住宅,鋼筋混凝土構造,1060120,40.23,1,0,1,有,有,有,12000,298,,0.0,0,,RPOOMLPKNHLGFHF88CC,獨立套房,有,1150518~1160517,有,冷氣、熱水器、洗衣機、電視機、冰箱,社會住宅包租轉租
中和區,租賃房屋,新北市中和區民安街４巷３號,0.0,,,,1150514,土地0建物1車位0,一層,4,公寓(5樓含以下無電梯),住家用,加強磚造,0651013,76.21,3,1,2,有,無,無,23700,311,,0.0,0,,RPSOMLPKNHLGFHF66CC,整棟(戶)出租,無,1150520~1160519,無,冷氣、熱水器、瓦斯或天然氣,社會住宅包租轉租
中和區,租賃房屋,新北市中和區中正路７５５號十五樓之三,0.0,,,,1150513,土地0建物1車位0,十五層,23,住宅大樓(11層含以上有電梯),住家用,鋼筋混凝土造,0850919,44.72,1,1,1,有,有,有,18300,409,,0.0,0,,RPTOMLPKNHLGFHF76CC,獨立套房,有,1150516~1160515,有,冷氣、熱水器、洗衣機、電視機、冰箱,社會住宅代管
中和區,租賃房屋,新北市中和區中山路二段２２８號１１樓之１６,0.0,,,,1150512,土地0建物1車位0,十一層,19,住宅大樓(11層含以上有電梯),辦公室,Ｒ．Ｃ造,0871120,76.9,3,1,2,有,有,有,26200,341,,0.0,0,續租案件；,RPOPMLPKNHLGFHF98CC,整棟(戶)出租,有,1150515~1160228,有,冷氣、熱水器、瓦斯或天然氣,社會住宅代管
鶯歌區,租賃房屋,新北市鶯歌區中正一路２３２號三樓,0.0,,,,1150511,土地0建物1車位0,三層,4,公寓(5樓含以下無電梯),住家用,鋼筋混凝土造,0820527,102.6,3,2,1,有,無,有,11000,107,,0.0,0,續租案件；,RPPNMLPKNHLGFIF98CC,整棟(戶)出租,無,1150513~1170512,無,冷氣、熱水器、洗衣機、冰箱、瓦斯或天然氣,社會住宅代管
樹林區,租賃房屋,新北市樹林區千歲街９２巷７弄５６號四樓,0.0,,,,1150512,土地0建物1車位0,四層,5,公寓(5樓含以下無電梯),住宅,鋼筋混凝土造,0700128,99.96,4,2,2,有,無,有,21000,210,,0.0,0,續租案件；,RPSNMLPKNHLGFIF66CC,整棟(戶)出租,無,1150610~1160609,無,冷氣、熱水器、瓦斯或天然氣,社會住宅代管
鶯歌區,租賃房屋,新北市鶯歌區尖山路２７８巷２９號三樓,0.0,,,,1150511,土地0建物1車位0,三層,15,住宅大樓(11層含以上有電梯),集合住宅,鋼筋混凝土造,1120707,147.54000000000002,3,2,2,有,有,無,20000,136,,0.0,0,管理費2700元，水電費 瓦斯費 由承租人負擔未租賃車位，建物登記含有車位面積；,RPWNMLPKNHLGFIF07CC,整棟(戶)出租,有,1150601~1160531,有,冷氣、熱水器、瓦斯或天然氣,社會住宅代管
三峽區,租賃房屋,新北市三峽區永安街４號四樓,0.0,,,,1150515,土地0建物1車位0,四層,4,公寓(5樓含以下無電梯),住家用,鋼筋混凝土造,0690807,112.22,3,2,1,有,無,無,16000,143,,0.0,0,水電費 瓦斯費 由承租人負擔,RPVQMLPKNHLGFIF27CC,整棟(戶)出租,無,1150601~1160531,無,熱水器、瓦斯或天然氣,社會住宅代管
樹林區,租賃房屋,新北市樹林區鎮前街１３７之１號,0.0,,,,1150515,土地0建物1車位0,一層,4,公寓(5樓含以下無電梯),商業用,鋼筋混凝土造,0870901,44.94,1,0,1,有,無,有,15000,334,,0.0,0,,RPSRMLPKNHLGFIF07CC,獨立套房,無,1150525~1160524,無,熱水器,社會住宅包租轉租
樹林區,租賃房屋,新北市樹林區保安街二段３３７巷６１號七樓,0.0,,,,1150514,土地0建物1車位0,七層,12,住宅大樓(11層含以上有電梯),住家用,鋼筋混凝土造,0830810,93.06,3,2,1,有,有,有,16800,181,,0.0,0,每月管理費1260元由承租人負擔。,RPXRMLPKNHLGFIF57CC,整棟(戶)出租,有,1150516~1160515,有,冷氣、熱水器、冰箱、瓦斯或天然氣,社會住宅包租轉租
樹林區,租賃房屋,新北市樹林區學成路７９８號十四樓,0.0,,,,1150515,土地0建物1車位0,十四層,15,住宅大樓(11層含以上有電梯),集合住宅,鋼筋混凝土造,0981001,112.41,2,1,1,有,有,有,23000,205,,0.0,0,另有管理費2000元，由承租人負擔。未租賃車位，建物登記含有車位面積；,RPXSMLPKNHLGFIF67CC,整棟(戶)出租,有,1150520~1160519,有,冷氣、熱水器、冰箱、瓦斯或天然氣,社會住宅代管
土城區,租賃房屋,新北市土城區立德路１０５號７樓之５,0.0,,,,1150513,土地0建物1車位0,七層,20,住宅大樓(11層含以上有電梯),住家用,鋼筋混凝土造,0871123,34.85,1,0,1,有,有,有,12500,359,,0.0,0,續租案件；,RPTNMLQKNHLGFAF68CC,獨立套房,有,1150618~1160604,有,冷氣、熱水器、洗衣機、冰箱,社會住宅包租轉租
板橋區,租賃房屋,新北市板橋區中山路一段２８３巷３弄１８號３樓,0.0,,,,1150515,土地0建物1車位0,三層,4,公寓(5樓含以下無電梯),住家用,鋼筋混凝土造,0651108,62.38,2,1,2,有,無,有,28000,449,,0.0,0,續租案件；,RPUNMLQKNHLGFAF78CC,整棟(戶)出租,無,1150615~1160614,無,冷氣、熱水器、洗衣機、電視機、冰箱,社會住宅代管
板橋區,租賃房屋,新北市板橋區南雅東路８號９樓之２７,0.0,,,,1150511,土地0建物1車位0,九層,11,住宅大樓(11層含以上有電梯),辦公室,鋼筋混凝土造,0861121,45.75,1,0,1,有,有,有,16000,350,,0.0,0,,RPVNMLQKNHLGFAF88CC,獨立套房,有,1150515~1160309,有,冷氣、熱水器、電視機、冰箱,社會住宅代管
板橋區,租賃房屋,新北市板橋區文聖街１０１巷１０號２樓,0.0,,,,1150513,土地0建物1車位0,二層,5,公寓(5樓含以下無電梯),住家用,鋼筋混凝土造,,87.4,3,2,1,有,無,有,25000,286,,0.0,0,續租案件；,RPXNMLQKNHLGFAF09CC,整棟(戶)出租,無,1150516~1160515,無,冷氣、熱水器、電視機、瓦斯或天然氣,社會住宅包租轉租
新莊區,租賃房屋+車位,新北市新莊區昌德街２０號３樓,0.0,,,,1150514,土地0建物1車位1,三層,15,住宅大樓(11層含以上有電梯),集合住宅,鋼筋混凝土造,1140320,129.8,3,2,2,有,有,無,37650,290,坡道平面,26.1,0,,RPPNMLQKNHLGFBF38CC,整棟(戶)出租,有,1150601~1170531,有,冷氣、熱水器,
新店區,租賃房屋,新北市新店區安成街５１號２樓,0.0,,,,1150511,土地0建物1車位0,二層,7,華廈(10層含以下有電梯),住家用,鋼筋混凝土造,0830427,78.13,2,2,1,有,有,無,20500,262,,0.0,0,多人共同承租2；續租案件；,RPPNMLQKNHLGFCF48CC,整棟(戶)出租,有,1150520~1160519,有,冷氣、熱水器、瓦斯或天然氣,社會住宅包租轉租
新店區,租賃房屋,新北市新店區中正路６８０巷５１弄１９號,0.0,,,,1150514,土地0建物1車位0,一層,6,華廈(10層含以下有電梯),住家用,鋼筋混凝土造,0860826,76.65,2,2,1,有,有,有,8500,111,,0.0,0,續租案件；,RPRNMLQKNHLGFCF68CC,整棟(戶)出租,無,1150623~1160522,有,冷氣、熱水器、洗衣機、電視機、冰箱,社會住宅代管
新店區,租賃房屋,新北市新店區德正街２７巷２９弄８７號２樓,0.0,,,,1150511,土地0建物1車位0,二層,4,公寓(5樓含以下無電梯),住家用,鋼筋混凝土造,0670707,99.53,2,2,2,有,無,有,19900,200,,0.0,0,續租案件；,RPSNMLQKNHLGFCF78CC,整棟(戶)出租,無,1150605~1150909,無,冷氣、熱水器、洗衣機、電視機、冰箱,社會住宅包租轉租
淡水區,租賃房屋,新北市淡水區水碓街４６巷２０號２樓,0.0,,,,1150515,土地0建物1車位0,二層,5,公寓(5樓含以下無電梯),住家用,鋼筋混凝土造,0850202,65.2,3,2,1,有,無,有,12000,184,,0.0,0,其他無管理費；,RPPNMLQKNHLGFEF68CC,整棟(戶)出租,無,1150601~1160531,無,熱水器、洗衣機,
淡水區,租賃房屋+車位,新北市淡水區新市三路一段９０號２４樓,0.0,,,,1150515,土地0建物1車位1,二十四層,26,住宅大樓(11層含以上有電梯),住家用,鋼筋混凝土造,1080222,178.35,3,2,2,有,有,無,25917,145,坡道平面,25.02,0,,RPRNMLQKNHLGFEF88CC,整棟(戶)出租,有,1150525~1170524,有,冷氣、熱水器、瓦斯或天然氣,
三重區,租賃房屋+車位,新北市三重區元信二街１５０號８樓,0.0,,,,1150512,土地0建物1車位1,八層,14,住宅大樓(11層含以上有電梯),集合住宅,鋼筋混凝土造,1111102,102.87,2,1,1,有,無,無,36000,350,坡道平面,18.52,0,,RPRNMLQKNHLGFGF09CC,整棟(戶)出租,無,1150515~1160514,有,冷氣、熱水器、洗衣機、冰箱,一般包租
中和區,租賃房屋,新北市中和區景德街１７號１３樓之１２,0.0,,,,1150515,土地0建物1車位0,十三層,15,住宅大樓(11層含以上有電梯),集合住宅,鋼筋混凝土構造,1060120,41.34,1,0,1,有,有,有,29000,701,,0.0,0,租金含下列服務:生活及休閒服務如:文康活動、清潔打掃等及福利諮詢等租金總額含管理費；,RPPNMLQKNHLGFHF98CC,獨立套房,有,1150429~1161231,有,冷氣、熱水器、洗衣機、電視機、冰箱、有線電視,一般轉租
中和區,租賃房屋,新北市中和區景安路１１７號４樓,0.0,,,,1150514,土地0建物1車位0,四層,4,公寓(5樓含以下無電梯),住家用,Ｒ．Ｃ造,0651129,70.93,3,2,1,有,無,有,21500,303,,0.0,0,續租案件；,RPQNMLQKNHLGFHF09CC,整棟(戶)出租,無,1150630~1160629,無,冷氣、熱水器、洗衣機、冰箱,社會住宅包租轉租
中和區,租賃房屋,新北市中和區景德街５號１３樓之１,0.0,,,,1150515,土地0建物1車位0,十三層,15,住宅大樓(11層含以上有電梯),集合住宅,鋼筋混凝土構造,1060120,79.64,2,2,2,有,有,有,41500,521,,0.0,0,租金含下列服務:生活及休閒服務如:文康活動、清潔打掃等及福利諮詢等ㄒ租金總額含管理費；,RPRNMLQKNHLGFHF56CC,整棟(戶)出租,有,1150424~1161231,有,冷氣、熱水器、洗衣機、電視機、冰箱、瓦斯或天然氣、有線電視,一般轉租
中和區,租賃房屋,新北市中和區景新街３６７號３樓,0.0,,,,1150512,土地0建物0車位0,三層,4,公寓(5樓含以下無電梯),住家用,加強磚造,0650426,25.0,2,0,2,有,無,有,18000,720,,0.0,0,301室多人共同承租2；租金總額含水費；網路費；,RPSNMLQKNHLGFHF66CC,分租套房,無,1150616~1160615,無,冷氣、熱水器、洗衣機、電視機、冰箱、有線電視、網路,一般轉租
中和區,租賃房屋,新北市中和區景德街２１號１３樓之６,0.0,,,,1150515,土地0建物1車位0,十三層,15,住宅大樓(11層含以上有電梯),集合住宅,鋼筋混凝土構造,1060120,46.379999999999995,1,0,1,有,有,有,31500,679,,0.0,0,租金含下列服務:生活及休閒服務如:文康活動、清潔打掃等及福利諮詢等租金總額含管理費；,RPTNMLQKNHLGFHF76CC,獨立套房,有,1150501~1161231,有,冷氣、熱水器、洗衣機、電視機、冰箱、有線電視,一般轉租
中和區,租賃房屋,新北市中和區景新街３６７號２樓,0.0,,,,1150512,土地0建物0車位0,二層,4,公寓(5樓含以下無電梯),住家用,加強磚造,0650426,25.0,2,0,2,有,無,有,18000,720,,0.0,0,202室多人共同承租2；租金總額含水費；網路費；,RPUNMLQKNHLGFHF86CC,分租套房,無,1150610~1160609,無,冷氣、熱水器、洗衣機、電視機、冰箱、有線電視、網路,一般轉租
中和區,租賃房屋,新北市中和區景新街３６７號４樓,0.0,,,,1150512,土地0建物0車位0,四層,4,公寓(5樓含以下無電梯),住家用,加強磚造,0650426,25.0,2,0,2,有,無,有,18000,720,,0.0,0,402室租金總額含水費；網路費；,RPWNMLQKNHLGFHF07CC,分租套房,無,1150701~1160630,無,冷氣、熱水器、洗衣機、電視機、冰箱、有線電視、網路,一般轉租
中和區,租賃房屋,新北市中和區景新街４９６巷３２弄３７號,0.0,,,,1150512,土地0建物0車位0,全,2,透天厝,住家用,加強磚造,0620910,16.97,4,0,4,有,無,有,16500,972,,0.0,0,201室多人共同承租2；租金總額含水費；網路費；,RPOOMLQKNHLGFHF98CC,分租套房,無,1150601~1160531,無,冷氣、熱水器、洗衣機、電視機、冰箱、有線電視、網路,一般轉租
中和區,租賃房屋,新北市中和區景平路６４巷２１號５樓,0.0,,,,1150512,土地0建物1車位0,五層,5,公寓(5樓含以下無電梯),住家用,鋼筋混凝土造,0681029,96.98,3,2,2,有,無,無,19900,205,,0.0,0,續租案件；,RPTOMLQKNHLGFHF86CC,整棟(戶)出租,無,1150601~1160531,無,冷氣、熱水器、瓦斯或天然氣,社會住宅包租轉租
永和區,租賃房屋,新北市永和區保安路６５號４樓,0.0,,,,1150513,土地0建物1車位0,四層,4,公寓(5樓含以下無電梯),住家用,鋼筋混凝土造,0691208,45.56,1,1,1,有,無,有,11000,241,,0.0,0,續租案件；,RPUOMLQKNHLGFHF96CC,獨立套房,無,1150701~1160630,無,冷氣、熱水器、洗衣機、冰箱,社會住宅包租轉租
淡水區,租賃房屋+車位,新北市淡水區濱海路一段３０６巷６０弄８２號４樓,0.0,,,,1150515,土地0建物1車位1,四層,15,住宅大樓(11層含以上有電梯),集合住宅,鋼筋混凝土造,1140805,121.82,2,2,1,有,有,無,22000,181,坡道平面,31.91,0,租金總額含管理費；,RPQNMLRKNHLGFEF88CC,整棟(戶)出租,有,1150515~1170530,有,冷氣、熱水器、瓦斯或天然氣,
淡水區,租賃房屋,新北市淡水區水源街二段１７７巷６２號１１樓,0.0,,,,1150515,土地0建物0車位0,十一層,13,住宅大樓(11層含以上有電梯),住家用,鋼筋混凝土造,0851202,23.07,3,3,3,有,有,有,12000,520,,0.0,0,,RPRNMLRKNHLGFEF98CC,分租套房,有,1150601~1160531,有,冷氣、熱水器、洗衣機、冰箱,
鶯歌區,租賃房屋+車位,新北市鶯歌區鳳三路３６６號１０樓,0.0,,,,1150516,土地0建物1車位1,十層,14,住宅大樓(11層含以上有電梯),集合住宅,鋼筋混凝土造,1100317,160.42000000000002,3,2,2,有,有,無,27000,168,坡道平面,33.09,0,租金總額含管理費；,RPPNMLRKNHLGFIF56CC,整棟(戶)出租,有,1150610~1150709,有,冷氣、熱水器、瓦斯或天然氣,
三芝區,租賃房屋,新北市三芝區埔坪里３鄰淡金路二段４７號７樓,0.0,,,,1150514,土地0建物0車位0,七層,12,住宅大樓(11層含以上有電梯),住家用,鋼筋混凝土造,0850430,32.16,3,2,2,有,有,有,6000,187,,0.0,0,租賃建物部分範圍，且未計入共有部分面積；,RPQNMLRKNHLGFEF98DC,分租雅房,有,1150601~1160801,有,冷氣、熱水器、洗衣機、電視機、冰箱、瓦斯或天然氣,一般轉租
板橋區,租賃房屋,新北市板橋區自由路２６巷１４號四樓,0.0,,,,1150512,土地0建物1車位0,四層,4,公寓(5樓含以下無電梯),住家用,加強磚造,,72.6,3,1,1,有,無,有,23000,317,,0.0,0,續租案件；,RPPNMLSKNHLGFAF48CC,整棟(戶)出租,無,1150701~1160630,無,冷氣、熱水器、瓦斯或天然氣,社會住宅代管
板橋區,租賃房屋,新北市板橋區大觀路三段５０巷７１號二樓,0.0,,,,1150511,土地0建物1車位0,二層,5,公寓(5樓含以下無電梯),住家用,鋼筋混凝土造,,91.67,3,2,1,有,無,有,18000,196,,0.0,0,國家住宅及都市更新中心社會住宅包租代管計畫之物件。,RPQNMLSKNHLGFAF58CC,整棟(戶)出租,無,1150525~1150909,無,冷氣、熱水器、冰箱,社會住宅包租轉租
土城區,租賃房屋,新北市土城區明德路一段２９１巷１５號二樓,0.0,,,,1150511,土地0建物1車位0,二層,8,華廈(10層含以下有電梯),住家用,鋼筋混凝土造,0990323,60.41,1,1,1,有,有,有,15000,248,,0.0,0,國家住宅及都市更新中心社會住宅包租代管計畫之物件。,RPRNMLSKNHLGFAF68CC,獨立套房,有,1150520~1160519,有,冷氣、熱水器、洗衣機、電視機、冰箱、瓦斯或天然氣,社會住宅包租轉租
土城區,租賃房屋,新北市土城區裕民路６３號二樓,0.0,,,,1150512,土地0建物1車位0,二層,5,公寓(5樓含以下無電梯),住家用,鋼筋混凝土造,0740904,92.31,3,2,2,有,無,有,22000,238,,0.0,0,國家住宅及都市更新中心社會住宅包租代管計畫之物件。,RPWNMLSKNHLGFAF56CC,整棟(戶)出租,無,1150516~1180515,無,冷氣、熱水器、冰箱、瓦斯或天然氣,社會住宅代管
板橋區,租賃房屋,新北市板橋區雙十路三段７０巷２６號三樓,0.0,,,,1150515,土地0建物1車位0,三層,4,公寓(5樓含以下無電梯),住家用,加強磚造,,77.94,3,2,1,有,無,無,19900,255,,0.0,0,,RPROMLSKNHLGFAF78CC,整棟(戶)出租,無,1150601~1180531,無,冷氣、熱水器、洗衣機、瓦斯或天然氣,社會住宅包租轉租
板橋區,租賃房屋,新北市板橋區貴興路６號七樓之１,0.0,,,,1150514,土地0建物1車位0,七層,15,住宅大樓(11層含以上有電梯),集合住宅,鋼筋混凝土造,1061023,110.71000000000001,3,2,1,有,有,有,28500,257,,0.0,0,國家住宅及都市更新中心社會住宅包租代管計畫之物件。,RPTOMLSKNHLGFAF98CC,整棟(戶)出租,有,1150520~1160519,有,冷氣、熱水器、洗衣機、冰箱、瓦斯或天然氣,社會住宅代管
土城區,租賃房屋,新北市土城區中央路三段９１號九樓,0.0,,,,1150513,土地0建物0車位0,九層,10,華廈(10層含以下有電梯),工業用,鋼筋混凝土造,0840704,18.0,5,0,5,有,有,有,10000,556,,0.0,0,承租人負擔洗衣機使用費每月200元租金總額含管理費；水費；瓦斯費；租賃建物部分範圍，且未計入共有部分面積；續租案件；,RPUOMLSKNHLGFAF09CC,分租套房,無,1150601~1160531,有,冷氣、電視機、冰箱、瓦斯或天然氣,一般代管
板橋區,租賃房屋,新北市板橋區民生路二段１０９巷３號二樓,0.0,,,,1150511,土地0建物1車位0,二層,4,公寓(5樓含以下無電梯),住家用,鋼筋混凝土造,0650830,60.69,2,1,1,有,無,有,22500,371,,0.0,0,續租案件；,RPVOMLSKNHLGFAF56CC,整棟(戶)出租,無,1150601~1160531,無,冷氣、熱水器、洗衣機、瓦斯或天然氣,社會住宅包租轉租
板橋區,租賃房屋,新北市板橋區五權街３２巷４號三樓,0.0,,,,1150518,土地0建物1車位0,三層,5,公寓(5樓含以下無電梯),住家用,鋼筋混凝土造,0670429,74.1,3,2,1,有,無,有,12000,162,,0.0,0,國家住宅及都市更新中心社會住宅包租代管計畫之物件。續租案件；,RPRPMLSKNHLGFAF88CC,整棟(戶)出租,無,1150601~1160531,無,冷氣、熱水器、洗衣機、電視機、冰箱,社會住宅包租轉租
板橋區,租賃房屋+車位,新北市板橋區金門街３０５號之５六樓,20.62,住,,,1150517,土地1建物1車位1,六層,8,華廈(10層含以下有電梯),住家用,鋼筋混凝土造,0831123,144.68,3,2,2,有,有,有,30000,207,坡道平面,0.0,0,租金總額含管理費；,RPSPMLSKNHLGFAF98CC,整棟(戶)出租,有,1150601~1160530,有,冷氣、熱水器、瓦斯或天然氣,
土城區,租賃房屋,新北市土城區永豐路３１巷１６號三樓,0.0,,,,1150516,土地0建物1車位0,三層,5,公寓(5樓含以下無電梯),住家用,鋼筋混凝土造,0711020,72.32,3,2,1,有,無,有,10000,138,,0.0,0,,RPTPMLSKNHLGFAF09CC,整棟(戶)出租,無,1150601~1160531,無,冷氣、熱水器、瓦斯或天然氣,社會住宅包租轉租
新莊區,租賃房屋,新北市新莊區中港一街１３號二樓,0.0,,,,1150513,土地0建物1車位0,二層,4,公寓(5樓含以下無電梯),住家用,鋼筋混凝土造,0620630,37.77,2,2,1,有,無,有,18000,477,,0.0,0,,RPPNMLSKNHLGFBF58CC,整棟(戶)出租,無,1150520~1160519,無,冷氣、熱水器、洗衣機、電視機、冰箱、瓦斯或天然氣,社會住宅包租轉租
新莊區,租賃房屋,新北市新莊區復興路一段４７巷９號二樓,0.0,,,,1150512,土地0建物1車位0,二層,4,公寓(5樓含以下無電梯),住家用,加強磚造,0630308,91.0,3,1,1,有,無,有,15000,165,,0.0,0,,RPQNMLSKNHLGFBF68CC,整棟(戶)出租,無,1150512~1160511,無,冷氣、熱水器、冰箱、瓦斯或天然氣,社會住宅代管
新莊區,租賃房屋,新北市新莊區昌明街１４巷２６號,0.0,,,,1150513,土地0建物1車位0,一層,5,公寓(5樓含以下無電梯),住家用,鋼筋混凝土造,0740517,86.8,2,1,1,有,無,有,12000,138,,0.0,0,,RPRNMLSKNHLGFBF78CC,整棟(戶)出租,無,1150528~1180527,無,冷氣、熱水器、冰箱,社會住宅包租轉租
新莊區,租賃房屋,新北市新莊區福營路２２４巷１號三樓,0.0,,,,1150511,土地0建物0車位0,三層,4,公寓(5樓含以下無電梯),辦公室,鋼筋混凝土造,0720624,38.05,6,6,6,有,無,有,15000,394,,0.0,0,租金總額含稅；,RPTNMLSKNHLGFBF98CC,分租套房,無,1150515~1160514,無,冷氣、洗衣機、電視機、冰箱,
新莊區,租賃房屋,新北市新莊區富國路１７６巷７號六樓之六,0.0,,,,1150513,土地0建物1車位0,六層,12,住宅大樓(11層含以上有電梯),住家用,鋼筋混凝土造,0821207,93.94999999999999,3,1,1,有,有,無,23000,245,,0.0,0,,RPUNMLSKNHLGFBF09CC,整棟(戶)出租,有,1150516~1180515,有,熱水器,社會住宅包租轉租
新莊區,租賃房屋,新北市新莊區丹鳳街３８巷１弄１２號,0.0,,,,1150514,土地0建物1車位0,二層,2,公寓(5樓含以下無電梯),住家用,加強磚造,0580506,53.94,2,1,1,有,無,有,22500,417,,0.0,0,201室多人共同承租3；,RPVNMLSKNHLGFBF56CC,整棟(戶)出租,無,1150515~1160514,無,冷氣、熱水器、洗衣機、電視機、冰箱、有線電視、網路,一般轉租
林口區,租賃房屋,新北市林口區文化三路二段４１巷２６號,0.0,,,,1150515,土地0建物1車位0,一層,15,住宅大樓(11層含以上有電梯),日用品零售業,鋼筋混凝土造,1140728,86.76,0,0,0,無,有,無,40000,461,,0.0,0,租金總額含管理費；,RPXNMLSKNHLGFBF76CC,整棟(戶)出租,有,1150716~1180715,有,瓦斯或天然氣,
林口區,租賃房屋,新北市林口區八德路２５０號１３樓,0.0,,,,1150511,土地0建物1車位0,十三層,16,住宅大樓(11層含以上有電梯),集合住宅,鋼筋混凝土造,1040129,75.23,1,2,1,有,有,有,24500,326,,0.0,0,,RPQOMLSKNHLGFBF78CC,整棟(戶)出租,有,1150613~1150812,有,冷氣、熱水器、洗衣機、冰箱,一般轉租
新莊區,租賃房屋,新北市新莊區建安街９２巷１７號三樓,0.0,,,,1150513,土地0建物1車位0,三層,6,華廈(10層含以下有電梯),住家用,鋼筋混凝土造,0810826,91.99000000000001,3,2,1,有,有,有,25000,272,,0.0,0,國家住宅及都市更新中心社會住宅包租代管計畫之物件。續租案件；,RPUOMLSKNHLGFBF56CC,整棟(戶)出租,有,1150701~1160630,有,冷氣、熱水器、洗衣機、冰箱,社會住宅代管
五股區,租賃房屋,新北市五股區五福路１４３號十樓,0.0,,,,1150516,土地0建物1車位0,十層,12,住宅大樓(11層含以上有電梯),住家用,鋼筋混凝土造,0841027,104.21,3,2,2,有,有,有,22500,216,,0.0,0,管理費1500元，由承租人負擔續租案件；,RPVOMLSKNHLGFBF66CC,整棟(戶)出租,有,1150520~1160519,有,冷氣、熱水器、洗衣機、電視機、冰箱、瓦斯或天然氣,社會住宅代管
五股區,租賃房屋+車位,新北市五股區芳洲九路４０號十樓,0.0,,,,1150516,土地0建物1車位1,十層,20,住宅大樓(11層含以上有電梯),集合住宅,鋼筋混凝土造,1041020,180.69,3,2,2,有,有,有,26500,155,坡道平面,32.1,3500,管理費3500元，由承租人負擔續租案件；,RPWOMLSKNHLGFBF76CC,整棟(戶)出租,有,1150520~1170519,有,冷氣、熱水器、洗衣機、電視機、冰箱、瓦斯或天然氣,社會住宅包租轉租
五股區,租賃房屋+車位,新北市五股區成泰路四段２５號十一樓,0.0,,,,1150516,土地0建物1車位1,十一層,12,住宅大樓(11層含以上有電梯),住家用,鋼筋混凝土造,0980303,139.95,4,2,2,有,有,無,21900,142,坡道機械,6.62,3000,管理費3100元，由承租人負擔,RPXOMLSKNHLGFBF86CC,整棟(戶)出租,有,1150520~1160519,有,冷氣、熱水器、瓦斯或天然氣,社會住宅包租轉租
五股區,租賃房屋+車位,新北市五股區水碓五路１０號八樓,0.0,,,,1150513,土地0建物1車位1,八層,8,華廈(10層含以下有電梯),集合住宅,鋼筋混凝土造,1061213,170.23000000000002,3,2,2,有,有,有,26200,155,坡道平面,27.4,4000,另有管理費4800元，由承租人負擔。,RPTPMLSKNHLGFBF56CC,整棟(戶)出租,有,1150520~1160519,有,冷氣、熱水器、洗衣機、瓦斯或天然氣,社會住宅代管
林口區,租賃房屋,新北市林口區文化二路一段１０２號７樓之１,0.0,,,,1150512,土地0建物1車位0,七層,14,住宅大樓(11層含以上有電梯),住家用,鋼筋混凝土造,0840224,136.22,3,2,2,有,有,有,27000,198,,0.0,0,另有管理費2310元，由承租人負擔。多人共同承租2；,RPXPMLSKNHLGFBF96CC,整棟(戶)出租,有,1150515~1160514,有,冷氣、熱水器、電視機、冰箱、瓦斯或天然氣,社會住宅包租轉租
新店區,租賃房屋,新北市新店區新生街３巷５號二樓,0.0,,,,1150512,土地0建物1車位0,二層,4,公寓(5樓含以下無電梯),住家用,鋼筋混凝土造,0640207,92.96,3,2,1,有,無,有,20500,221,,0.0,0,續租案件；,RPPNMLSKNHLGFCF68CC,整棟(戶)出租,無,1150516~1160515,無,冷氣、熱水器、瓦斯或天然氣,社會住宅包租轉租
新店區,租賃房屋,新北市新店區永新街５８號５樓,0.0,,,,1150516,土地0建物1車位0,五層,15,住宅大樓(11層含以上有電梯),集合住宅,鋼筋混凝土構造,1130920,96.0,3,2,2,有,有,無,38000,396,,0.0,0,,RPQNMLSKNHLGFCF78CC,整棟(戶)出租,有,1150601~1170531,有,冷氣、熱水器、瓦斯或天然氣,
新店區,租賃房屋,新北市新店區文記街５６號,6405.41,住,,,1150511,土地1建物1車位0,一層,24,店面(店鋪),店舖,鋼筋混凝土構造,1140807,49.489999999999995,0,0,0,無,有,無,35734,722,,0.0,0,租金總額含稅；,RPSNMLSKNHLGFCF98CC,,有,1150601~1170531,有,冷氣,
汐止區,租賃房屋,新北市汐止區樟樹二路３３９巷８號４樓之３,0.0,,,,1150517,土地0建物1車位0,四層,9,華廈(10層含以下有電梯),住家用,鋼筋混凝土造,0861202,50.370000000000005,1,0,1,有,有,有,17000,338,,0.0,0,,RPSNMLSKNHLGFDF09CC,獨立套房,有,1150521~1160520,有,冷氣、熱水器、電視機、冰箱、瓦斯或天然氣,
汐止區,租賃房屋,新北市汐止區新台五路一段９３號１３樓之３,0.0,,,,1150513,土地0建物1車位0,十三層,35,廠辦,廠房,鋼骨構造,1080123,355.11,5,1,0,有,有,無,75036,211,,0.0,0,租金總額含稅；,RPUNMLSKNHLGFDF66CC,,有,1150601~1180531,有,冷氣,
汐止區,租賃房屋,新北市汐止區吉祥街１１巷６號２樓之一,0.0,,,,1150514,土地0建物1車位0,二層,10,華廈(10層含以下有電梯),住家用,鋼筋混凝土造,0810722,70.71,2,1,1,有,有,無,18750,265,,0.0,0,租金扣除管理費多人共同承租2；,RPWNMLSKNHLGFDF86CC,整棟(戶)出租,有,1150513~1160512,有,冷氣、熱水器、洗衣機、冰箱、瓦斯或天然氣,一般代管
汐止區,租賃房屋,新北市汐止區汐萬路一段１１６號,0.0,,,,1150514,土地0建物1車位0,一層,3,公寓(5樓含以下無電梯),住家用,加強磚造,0610903,41.01,0,0,0,無,無,無,16500,402,,0.0,0,租金總額含水費；,RPOOMLSKNHLGFDF78CC,,無,1150601~1160531,無,,
汐止區,租賃房屋,新北市汐止區大同路二段２３８號９樓之９,0.0,,,,1150516,土地0建物1車位0,九層,24,住宅大樓(11層含以上有電梯),住家用,鋼骨鋼筋混凝土造,0850710,60.69,1,1,1,有,有,有,12597,208,,0.0,0,租賃簽約金額為每月壹萬參仟元整管理費403元由出租人負擔,RPROMLSKNHLGFDF09CC,整棟(戶)出租,有,1150601~1160531,有,冷氣、熱水器、洗衣機、冰箱,
淡水區,租賃房屋,新北市淡水區自強路８號五樓之５,0.0,,,,1150511,土地0建物1車位0,五層,10,華廈(10層含以下有電梯),住家用,鋼筋混凝土造,0961119,38.14,1,0,1,有,有,有,13000,341,,0.0,0,續租案件；,RPQNMLSKNHLGFEF98CC,獨立套房,有,1150516~1160515,有,冷氣、熱水器、洗衣機、冰箱,社會住宅包租轉租
淡水區,租賃房屋,新北市淡水區淡金路３８巷３３號２１樓之２７,0.0,,,,1150515,土地0建物1車位0,二十一層,22,住宅大樓(11層含以上有電梯),住家用,鋼筋混凝土造,0980218,44.68,1,1,1,有,有,有,16800,376,,0.0,0,租金總額含管理費；,RPSNMLSKNHLGFEF56CC,獨立套房,有,1150521~1160520,有,冷氣、熱水器、洗衣機、電視機、冰箱、瓦斯或天然氣,
淡水區,租賃房屋,新北市淡水區中正東路一段６１之３號１１樓,0.0,,,,1150512,土地0建物1車位0,十一層,14,住宅大樓(11層含以上有電梯),住家用,鋼筋混凝土造,1011121,69.48,2,2,1,有,有,有,18300,263,,0.0,0,另有管理費1366元，由承租人負擔。,RPTNMLSKNHLGFEF66CC,整棟(戶)出租,有,1150516~1160515,有,冷氣、熱水器、洗衣機、電視機、冰箱、瓦斯或天然氣,社會住宅包租轉租
淡水區,租賃房屋+車位,新北市淡水區濱海路三段１４８巷１５號９樓,0.0,,,,1150514,土地0建物1車位1,九層,11,住宅大樓(11層含以上有電梯),住家用,鋼筋混凝土造,1030613,136.76,3,1,2,有,有,無,20000,146,坡道平面,29.24,0,,RPVNMLSKNHLGFEF86CC,整棟(戶)出租,有,1150515~1160514,有,冷氣、熱水器,一般包租
淡水區,租賃房屋,新北市淡水區新民街２２２巷１６弄５之１７號五樓,0.0,,,,1150515,土地0建物1車位0,五層,5,華廈(10層含以下有電梯),住家用,鋼筋混凝土造,0790524,30.090000000000003,1,1,1,有,有,有,8000,266,,0.0,0,,RPWNMLSKNHLGFEF96CC,獨立套房,有,1150525~1160524,有,冷氣、熱水器、冰箱,社會住宅代管
淡水區,租賃房屋+車位,新北市淡水區沙崙路１８１巷１３號３樓,0.0,,,,1150516,土地0建物1車位1,三層,7,華廈(10層含以下有電梯),住家用,鋼筋混凝土造,0810619,144.79,3,2,2,有,無,有,17700,122,坡道平面,21.93,0,管理費1000元及車位清潔費300元，由承租人自行負擔。其他內含停車費；續租案件；,RPWOMLSKNHLGFEF07CC,整棟(戶)出租,無,1150511~1160510,有,冷氣、熱水器,
八里區,租賃房屋,新北市八里區頂罟一路１３２號十一樓,0.0,,,,1150516,土地0建物1車位0,十一層,15,住宅大樓(11層含以上有電梯),集合住宅,鋼筋混凝土造,1130402,74.15,2,1,1,有,有,有,18500,249,,0.0,0,另有管理費1500元，由承租人負擔。,RPPPMLSKNHLGFEF09CC,整棟(戶)出租,有,1150520~1160519,有,冷氣、熱水器、洗衣機、電視機、冰箱、瓦斯或天然氣,社會住宅代管
淡水區,租賃房屋,新北市淡水區水源街二段１７７巷４３弄２之１６號５樓,0.0,,,,1150511,土地0建物0車位0,五層,9,華廈(10層含以下有電梯),住家用,鋼筋混凝土造,1010824,33.5,3,0,3,有,有,有,8000,239,,0.0,0,管理費.網路.第四台費用每月1000元續租案件；,RPVPMLSKNHLGFEF07CC,分租套房,有,1150701~1160630,有,冷氣、熱水器、洗衣機、電視機、冰箱、有線電視、網路,一般代管
淡水區,租賃房屋,新北市淡水區新市一路一段２６２之８號１０樓,0.0,,,,1150512,土地0建物1車位0,十層,14,住宅大樓(11層含以上有電梯),集合住宅,鋼筋混凝土造,1140314,77.47999999999999,2,2,1,有,有,有,17000,219,,0.0,0,管理費：1700元，由承租人負擔,RPWPMLSKNHLGFEF17CC,整棟(戶)出租,有,1150516~1160515,有,冷氣、熱水器、洗衣機、電視機、冰箱、瓦斯或天然氣,社會住宅代管
淡水區,租賃房屋,新北市淡水區水源街二段１７７巷４３弄６之１號３樓,0.0,,,,1150511,土地0建物0車位0,三層,9,華廈(10層含以下有電梯),住家用,鋼筋混凝土造,1010824,35.269999999999996,3,0,3,有,有,有,8000,227,,0.0,0,管理費.網路.第四台費用每月1000元續租案件；,RPXPMLSKNHLGFEF27CC,分租套房,有,1150901~1160831,有,冷氣、熱水器、洗衣機、電視機、冰箱、有線電視、網路,一般代管
淡水區,租賃房屋+車位,新北市淡水區濱海路一段３０６巷１號七樓,0.0,,,,1150517,土地0建物1車位1,七層,15,住宅大樓(11層含以上有電梯),住家用,鋼筋混凝土造,0980713,158.59,3,2,2,有,有,有,24930,157,坡道平面,27.86,0,,RPQQMLSKNHLGFEF66CC,整棟(戶)出租,有,1150601~1170531,有,冷氣、洗衣機、電視機、冰箱、瓦斯或天然氣,
淡水區,租賃房屋+車位,新北市淡水區義山路一段４０１巷９３號十三樓,0.0,,,,1150516,土地0建物1車位1,十三層,15,住宅大樓(11層含以上有電梯),集合住宅,鋼筋混凝土造,1140828,177.92000000000002,3,2,2,有,有,有,30000,169,坡道平面,27.41,0,禁養寵物、禁菸、進神明廳及祭祀活動等會殘留異味行為。租金總額含管理費；,RPTQMLSKNHLGFEF96CC,整棟(戶)出租,有,1150518~1160517,有,冷氣、熱水器、瓦斯或天然氣,
淡水區,租賃房屋,新北市淡水區新市三路一段１５８號６樓,0.0,,,,1150513,土地0建物1車位0,六層,20,住宅大樓(11層含以上有電梯),住家用,鋼筋混凝土造,1080222,120.65,3,2,2,有,有,有,18000,149,,0.0,0,管理費：2700元，由承租人負擔,RPXQMLSKNHLGFEF37CC,整棟(戶)出租,有,1150516~1160515,有,冷氣、熱水器、冰箱、瓦斯或天然氣,社會住宅代管
淡水區,租賃房屋,新北市淡水區水源街二段１７７巷４３弄２之８號４樓,0.0,,,,1150518,土地0建物0車位0,四層,9,華廈(10層含以下有電梯),住家用,鋼筋混凝土造,1010824,35.54,2,0,2,有,有,有,8000,225,,0.0,0,管理費.網路.第四台費用每月1000元續租案件；,RPORMLSKNHLGFEF56CC,分租套房,有,1150701~1160630,有,冷氣、熱水器、洗衣機、電視機、冰箱、有線電視、網路,一般代管
淡水區,租賃房屋,新北市淡水區濱海路一段３５０號十一樓,0.0,,,,1150516,土地0建物1車位0,十一層,14,住宅大樓(11層含以上有電梯),集合住宅,鋼筋混凝土造,1140521,85.7,2,2,1,有,有,無,24445,285,,0.0,0,多人共同承租2；其他租約訂26000元含管理費1555元；,RPPRMLSKNHLGFEF66CC,整棟(戶)出租,有,1150610~1170609,有,冷氣、熱水器、洗衣機、電視機、冰箱、瓦斯或天然氣,
蘆洲區,租賃房屋,新北市蘆洲區中正路２４３巷１０號４樓,0.0,,,,1150515,土地0建物0車位0,四層,5,公寓(5樓含以下無電梯),住家用,鋼筋混凝土造,0691028,26.45,4,3,3,有,無,有,15000,567,,0.0,0,租金總額含水費；續租案件；,RPRNMLSKNHLGFGF66CC,分租套房,無,1150815~1160814,無,冷氣、冰箱,一般轉租
蘆洲區,租賃房屋,新北市蘆洲區中正路２４３巷１０號４樓,0.0,,,,1150515,土地0建物0車位0,四層,5,公寓(5樓含以下無電梯),住家用,鋼筋混凝土造,0691028,52.89,4,3,3,有,無,有,27500,520,,0.0,0,租金總額含水費；續租案件；,RPTNMLSKNHLGFGF86CC,分租套房,無,1150815~1160814,無,冷氣、熱水器、冰箱,一般轉租
蘆洲區,租賃房屋,新北市蘆洲區中山一路２４８之３號,0.0,,,,1150513,土地0建物1車位0,四層,5,公寓(5樓含以下無電梯),住家用,鋼筋混凝土造,0720826,90.18,3,1,1,有,無,有,17000,189,,0.0,0,,RPUNMLSKNHLGFGF96CC,整棟(戶)出租,無,1150520~1160519,無,冷氣、熱水器、冰箱、瓦斯或天然氣,社會住宅包租轉租
三重區,租賃房屋,新北市三重區文化南路１１號三樓之二,0.0,,,,1150513,土地0建物1車位0,三層,13,住宅大樓(11層含以上有電梯),集合住宅,鋼筋混凝土造,1140910,72.33,1,1,1,有,有,有,26000,359,,0.0,0,管理費每個月1760元不包含在租金內,RPVNMLSKNHLGFGF07CC,獨立套房,無,1150520~1160519,有,冷氣、熱水器、洗衣機、電視機、冰箱,社會住宅代管
三重區,租賃房屋,新北市三重區文化南路７５巷３７號,0.0,,,,1150516,土地0建物1車位0,一層,5,公寓(5樓含以下無電梯),商業用,鋼筋混凝土造,0850802,39.17,2,1,1,有,無,有,22000,562,,0.0,0,,RPWNMLSKNHLGFGF17CC,整棟(戶)出租,無,1150520~1160519,無,冷氣、熱水器、洗衣機、電視機、冰箱、瓦斯或天然氣,
三重區,租賃房屋,新北市三重區三和路４段２０３巷２１７號２樓,61.0,住,,,1150512,土地1建物0車位0,二層,2,公寓(5樓含以下無電梯),住家用,加強磚造,0570518,16.5,3,1,1,有,無,有,14800,897,,0.0,0,,RPOOMLSKNHLGFGF09CC,分租套房,無,1150515~1160514,無,冷氣、洗衣機、電視機、有線電視、網路,
蘆洲區,租賃房屋+車位,新北市蘆洲區中興街１３８號４樓之６,0.0,,,,1150514,土地0建物1車位1,四層,13,住宅大樓(11層含以上有電梯),集合住宅,鋼筋混凝土造,1140722,178.20999999999998,3,2,2,有,有,無,42000,236,坡道平面,34.65,0,租金總額含管理費；,RPPOMLSKNHLGFGF56CC,整棟(戶)出租,有,1150601~1170531,有,,
蘆洲區,租賃房屋,新北市蘆洲區民義街６５號二樓,0.0,,,,1150511,土地0建物1車位0,二層,5,公寓(5樓含以下無電梯),住家用,鋼筋混凝土造,0711014,94.9,3,2,1,有,無,有,22000,232,,0.0,0,多人共同承租2；,RPQOMLSKNHLGFGF66CC,整棟(戶)出租,無,1150512~1160511,無,冷氣、熱水器、瓦斯或天然氣,社會住宅包租轉租
三重區,租賃房屋+車位,新北市三重區仁安街１１２號１０樓,0.0,,,,1150512,土地0建物1車位1,十層,12,住宅大樓(11層含以上有電梯),集合住宅,鋼筋混凝土造,1140520,105.28,2,1,1,有,有,無,35000,332,坡道平面,26.41,0,,RPSOMLSKNHLGFGF86CC,整棟(戶)出租,有,1150601~1160531,有,冷氣、熱水器、瓦斯或天然氣,
三重區,租賃房屋+車位,新北市三重區成功一街１８號七樓之三,0.0,,,,1150516,土地0建物1車位1,七層,15,住宅大樓(11層含以上有電梯),集合住宅,鋼筋混凝土造,1140917,89.62,2,1,1,有,有,有,30000,391,坡道平面,23.13,4000,另有管理費3000元，由承租人負擔。,RPTOMLSKNHLGFGF96CC,整棟(戶)出租,有,1150520~1160519,有,冷氣、熱水器、洗衣機、冰箱、瓦斯或天然氣,社會住宅包租轉租
蘆洲區,租賃房屋,新北市蘆洲區三民路４５５號９樓,0.0,,,,1150514,土地0建物1車位0,九層,12,住宅大樓(11層含以上有電梯),集合住宅,鋼筋混凝土造,1150119,51.46,1,0,1,有,有,有,19000,369,,0.0,0,管理費：1575元，租金不含管理費，由承租人負擔。,RPVOMLSKNHLGFGF17CC,獨立套房,有,1150525~1160524,有,冷氣、熱水器、洗衣機、冰箱,社會住宅包租轉租
三重區,租賃房屋,新北市三重區新北大道一段１２２號十樓,0.0,,,,1150515,土地0建物1車位0,十層,14,住宅大樓(11層含以上有電梯),集合住宅,鋼筋混凝土造,1140214,57.1,1,1,1,有,有,無,25000,438,,0.0,0,管理費2072元，水電費 瓦斯費 由承租人負擔。網路費每個月1000元  由出租人負擔。,RPWOMLSKNHLGFGF27CC,獨立套房,有,1150518~1160517,有,冷氣、熱水器、冰箱、瓦斯或天然氣、網路,社會住宅代管
三重區,租賃房屋,新北市三重區重新路三段８１號十樓,0.0,,,,1150516,土地0建物1車位0,十層,12,住宅大樓(11層含以上有電梯),商業用,鋼筋混凝土造,0840601,75.7,2,1,2,有,有,有,22500,297,,0.0,0,管理費1000元，由承租人負擔續租案件；,RPXOMLSKNHLGFGF37CC,整棟(戶)出租,有,1150520~1160519,有,冷氣、熱水器、洗衣機、冰箱、瓦斯或天然氣,社會住宅包租轉租
三重區,租賃房屋,新北市三重區長壽西街５７號４樓,0.0,,,,1150511,土地0建物1車位0,四層,4,公寓(5樓含以下無電梯),住家用,鋼筋混凝土造,0690414,79.0,2,2,2,有,無,無,15000,190,,0.0,0,,RPOPMLSKNHLGFGF56CC,整棟(戶)出租,無,1150515~1150714,無,,一般代管
三重區,租賃房屋,新北市三重區重新路五段６１１之６號十七樓,0.0,,,,1150518,土地0建物1車位0,十七層,24,住宅大樓(11層含以上有電梯),集合住宅,鋼筋混凝土造,1121031,168.34,3,2,2,有,有,有,35000,208,,0.0,0,未租賃車位，建物登記含有車位面積；,RPSPMLSKNHLGFGF96CC,整棟(戶)出租,有,1150525~1180524,有,冷氣、熱水器、洗衣機、電視機、冰箱、瓦斯或天然氣,社會住宅包租轉租
三重區,租賃房屋,新北市三重區長安街９０號６樓,0.0,,,,1150515,土地0建物1車位0,六層,7,華廈(10層含以下有電梯),住家用,鋼筋混凝土造,0840306,118.28999999999999,3,2,2,有,有,有,30000,254,,0.0,0,管理費800元，租金不含管理費，由承租人負擔。,RPVPMLSKNHLGFGF27CC,整棟(戶)出租,無,1150520~1160519,有,冷氣、熱水器、洗衣機、電視機、冰箱、有線電視,社會住宅代管
三重區,租賃房屋,新北市三重區成功路１００號１０樓之１,0.0,,,,1150512,土地0建物1車位0,十層,24,住宅大樓(11層含以上有電梯),住家用,鋼筋混凝土造,1041105,92.53999999999999,2,1,1,有,有,有,29000,313,,0.0,0,另有管理費2799元，由承租人負擔。,RPWPMLSKNHLGFGF37CC,整棟(戶)出租,有,1150512~1160511,有,冷氣、熱水器、瓦斯或天然氣,社會住宅代管
三重區,租賃房屋+車位,新北市三重區新北大道一段１２８號十一樓,0.0,,,,1150514,土地0建物1車位1,十一層,14,住宅大樓(11層含以上有電梯),集合住宅,鋼筋混凝土造,1140214,106.24000000000001,2,1,1,有,有,無,32500,390,升降平面,34.37,4500,管理費2609元，水電費 瓦斯費 由承租人負擔。網路費每個月1000元  由出租人負擔。多人共同承租2；,RPXPMLSKNHLGFGF47CC,整棟(戶)出租,有,1150520~1160519,有,冷氣、熱水器、瓦斯或天然氣、網路,社會住宅代管
蘆洲區,租賃房屋,新北市蘆洲區三民路４５９號５樓,0.0,,,,1150513,土地0建物1車位0,五層,12,住宅大樓(11層含以上有電梯),集合住宅,鋼筋混凝土造,1150119,53.32000000000001,1,0,1,有,有,有,18500,347,,0.0,0,管理費：1575元，租金不含管理費，由承租人負擔。,RPVQMLSKNHLGFGF37CC,獨立套房,有,1150525~1160524,有,冷氣、熱水器、洗衣機、冰箱,社會住宅包租轉租
中和區,租賃房屋,新北市中和區安平路１７８號６樓,0.0,,,,1150516,土地0建物1車位0,六層,7,華廈(10層含以下有電梯),辦公室,鋼筋混凝土構造,1110614,31.5,1,1,1,有,有,有,23600,749,,0.0,0,續租案件；,RPTNMLSKNHLGFHF96CC,獨立套房,無,1150620~1160619,有,冷氣、熱水器、洗衣機、電視機、冰箱,社會住宅包租轉租
永和區,租賃房屋,新北市永和區雙和街１７巷２號４樓,0.0,,,,1150514,土地0建物1車位0,四層,5,公寓(5樓含以下無電梯),住家用,加強磚造,0640315,97.03,3,2,2,有,無,有,30000,309,,0.0,0,,RPWNMLSKNHLGFHF27CC,整棟(戶)出租,無,1150520~1160519,無,冷氣、熱水器、瓦斯或天然氣,社會住宅代管
永和區,租賃房屋,新北市永和區中山路一段３１號６樓之１,0.0,,,,1150514,土地0建物0車位0,六層,12,住宅大樓(11層含以上有電梯),商業用,鋼筋混凝土造,0880316,12.0,5,1,2,有,有,有,14800,1233,,0.0,0,租金總額含管理費；網路費；其他含清潔費代丟垃圾；租賃建物部分範圍，且未計入共有部分面積；,RPQOMLSKNHLGFHF76CC,分租雅房,有,1150525~1160524,有,冷氣、熱水器、洗衣機、冰箱、瓦斯或天然氣、網路,一般轉租
永和區,租賃房屋,新北市永和區中山路一段３１號６樓之１,0.0,,,,1150515,土地0建物0車位0,六層,12,住宅大樓(11層含以上有電梯),商業用,鋼筋混凝土造,0880316,12.0,5,2,2,有,有,無,13800,1150,,0.0,0,租金總額含管理費；網路費；其他每月打掃環境；租賃建物部分範圍，且未計入共有部分面積；,RPROMLSKNHLGFHF86CC,分租雅房,有,1150525~1160624,有,冷氣、熱水器、洗衣機、冰箱、瓦斯或天然氣、網路,一般轉租
中和區,租賃房屋,新北市中和區中和路２４１號５樓之７,0.0,,,,1150512,土地0建物1車位0,五層,11,住宅大樓(11層含以上有電梯),住家用,鋼筋混凝土造,0870205,29.939999999999998,1,0,1,有,有,有,10000,334,,0.0,0,管理費：500元，租金不含管理費，由承租人負擔。續租案件；,RPSOMLSKNHLGFHF96CC,獨立套房,有,1150516~1180515,有,冷氣、熱水器、洗衣機、冰箱,社會住宅包租轉租
中和區,租賃房屋,新北市中和區水源路３４巷１６號,0.0,,,,1150512,土地0建物1車位0,一層,13,住宅大樓(11層含以上有電梯),集合住宅,鋼筋混凝土構造,1140903,105.0,3,2,2,有,有,無,28000,267,,0.0,0,國家住宅及都市更新中心社會住宅包租代管計畫之物件。,RPTOMLSKNHLGFHF07CC,整棟(戶)出租,有,1150601~1180531,有,冷氣、熱水器、瓦斯或天然氣,社會住宅代管
中和區,租賃房屋,新北市中和區明仁街２３號四樓,0.0,,,,1150516,土地0建物1車位0,四層,4,公寓(5樓含以下無電梯),住家用,鋼筋混凝土造,0680320,48.02,1,1,1,有,無,有,18000,375,,0.0,0,,RPVOMLSKNHLGFHF27CC,獨立套房,無,1150615~1170614,無,冷氣、熱水器、洗衣機、電視機、冰箱,社會住宅包租轉租
中和區,租賃房屋,新北市中和區景新街５０８號十四樓之七,0.0,,,,1150516,土地0建物1車位0,十四層,15,住宅大樓(11層含以上有電梯),住家用,鋼筋混凝土造,0860318,91.19999999999999,1,1,1,有,有,無,15800,173,,0.0,0,管理費1700元，由承租人負擔續租案件；,RPWOMLSKNHLGFHF37CC,獨立套房,有,1150605~1160604,有,冷氣、熱水器、洗衣機、冰箱、瓦斯或天然氣,社會住宅代管
中和區,租賃房屋,新北市中和區捷運路７３號４樓,0.0,,,,1150517,土地0建物0車位0,四層,5,公寓(5樓含以下無電梯),住家用,鋼筋混凝土造,0701119,9.0,4,1,1,有,無,有,11500,1278,,0.0,0,租金總額含管理費；網路費；其他垃圾袋收及每月清潔；租賃建物部分範圍，且未計入共有部分面積；,RPOPMLSKNHLGFHF66CC,分租雅房,無,1150517~1160731,無,冷氣、熱水器、洗衣機、冰箱、瓦斯或天然氣、網路,一般轉租
三峽區,租賃房屋,新北市三峽區介壽路一段２７６巷１０２弄２４號四樓,0.0,,,,1150513,土地0建物1車位0,四層,6,華廈(10層含以下有電梯),住家用,鋼筋混凝土造,0830421,118.22999999999999,3,2,1,有,有,有,23000,195,,0.0,0,另有管理費500元，由承租人負擔。,RPPNMLSKNHLGFIF66CC,整棟(戶)出租,有,1150525~1160524,有,冷氣、熱水器、洗衣機、電視機、冰箱、瓦斯或天然氣、有線電視、網路,社會住宅代管
三峽區,租賃房屋,新北市三峽區國光街１６１號十一樓,0.0,,,,1150515,土地0建物1車位0,十一層,14,住宅大樓(11層含以上有電梯),住家用,鋼筋混凝土造,0970131,126.75,3,1,2,有,有,有,23000,181,,0.0,0,每個月管理費2984元由承租人負擔。,RPRNMLSKNHLGFIF86CC,整棟(戶)出租,有,1150520~1160519,有,冷氣、熱水器、瓦斯或天然氣,社會住宅代管
鶯歌區,租賃房屋,新北市鶯歌區高職西街１１之２號五樓,0.0,,,,1150512,土地0建物1車位0,五層,10,華廈(10層含以下有電梯),集合住宅,鋼筋混凝土造,1110126,122.02000000000001,2,1,1,有,有,有,19900,163,,0.0,0,管理費每個月2100元不包含在租金內多人共同承租2；未租賃車位，建物登記含有車位面積；,RPSNMLSKNHLGFIF96CC,整棟(戶)出租,有,1150513~1160512,有,冷氣、熱水器、瓦斯或天然氣,社會住宅代管
三峽區,租賃房屋,新北市三峽區復興路３６７巷１弄３５號６樓,0.0,,,,1150511,土地0建物1車位0,六層,10,華廈(10層含以下有電梯),集合住宅,鋼筋混凝土造,1010816,129.85,3,2,2,有,有,有,26500,204,,0.0,0,管理費：3500元，由承租人負擔多人共同承租2；,RPTNMLSKNHLGFIF07CC,整棟(戶)出租,有,1150516~1160515,有,冷氣、熱水器、洗衣機、電視機、冰箱、瓦斯或天然氣,社會住宅代管
三峽區,租賃房屋,新北市三峽區中華路４３巷８號八樓,0.0,,,,1150518,土地0建物1車位0,八層,13,住宅大樓(11層含以上有電梯),住家用,鋼筋混凝土造,0830813,112.74000000000001,3,2,2,有,有,有,16200,144,,0.0,0,每個月管理費1800元由承租人負擔。,RPROMLSKNHLGFIF96CC,整棟(戶)出租,有,1150520~1170219,有,冷氣、熱水器、瓦斯或天然氣,社會住宅包租轉租
三峽區,租賃房屋,新北市三峽區復興路１４１之３號三樓,0.0,,,,1150516,土地0建物1車位0,三層,17,住宅大樓(11層含以上有電梯),住家用,鋼筋混凝土造,0861024,148.94,3,2,2,有,有,無,14000,94,,0.0,0,管理費1000元，水電費 瓦斯費 由承租人負擔未租賃車位，建物登記含有車位面積；,RPSOMLSKNHLGFIF07CC,整棟(戶)出租,有,1150610~1170609,有,熱水器、瓦斯或天然氣,社會住宅包租轉租
鶯歌區,租賃房屋,新北市鶯歌區鶯桃路二段２９巷１２號２樓,0.0,,,,1150511,土地0建物1車位0,二層,7,華廈(10層含以下有電梯),住家用,鋼筋混凝土造,0800212,128.49,3,2,2,有,有,有,22000,171,,0.0,0,多人共同承租4；租金總額含管理費；續租案件；,RPTOMLSKNHLGFIF17CC,整棟(戶)出租,無,1150601~1160531,有,冷氣、熱水器、洗衣機、電視機、冰箱,一般轉租
板橋區,租賃房屋,新北市板橋區吳鳳路５０巷４２弄９號,0.0,,,,1150511,土地0建物0車位0,全,2,透天厝,住家用,加強磚造,,16.0,6,0,6,有,無,無,13500,844,,0.0,0,,RPPNMLTKNHLGFAF58CC,分租套房,無,1150510~1160531,無,冷氣、冰箱,一般轉租
板橋區,租賃房屋,新北市板橋區吳鳳路５０巷４２弄９號,0.0,,,,1150512,土地0建物0車位0,全,2,透天厝,住家用,加強磚造,,18.0,6,0,6,有,無,無,15800,878,,0.0,0,續租案件；,RPQNMLTKNHLGFAF68CC,分租套房,無,1150701~1151231,無,冷氣,一般轉租
土城區,租賃房屋,新北市土城區承天路９２之５號四樓之１,0.0,,,,1150518,土地0建物1車位0,四層,5,公寓(5樓含以下無電梯),住家用,鋼筋混凝土造,0871130,39.93,1,1,1,有,有,有,12500,313,,0.0,0,每月管理費330元由承租人負擔。,RPRNMLTKNHLGFAF78CC,獨立套房,無,1150520~1160519,無,冷氣、熱水器、洗衣機、電視機、冰箱、瓦斯或天然氣,社會住宅代管
板橋區,租賃房屋,新北市板橋區光環路二段６０號五樓,0.0,,,,1150514,土地0建物1車位0,五層,20,住宅大樓(11層含以上有電梯),集合住宅,鋼骨鋼筋混凝土造,1071213,105.12,2,2,2,有,有,無,30000,285,,0.0,0,續租案件；,RPSNMLTKNHLGFAF88CC,整棟(戶)出租,有,1150525~1160524,有,冷氣、熱水器、瓦斯或天然氣,社會住宅代管
板橋區,租賃房屋,新北市板橋區長江路一段４８巷６弄５號５樓,0.0,,,,1150515,土地0建物1車位0,五層,5,公寓(5樓含以下無電梯),住家用,鋼筋混凝土造,,74.1,3,2,1,有,無,有,23000,310,,0.0,0,,RPUNMLTKNHLGFAF09CC,整棟(戶)出租,無,1150524~1160523,無,冷氣、熱水器、洗衣機、電視機、冰箱,社會住宅代管
板橋區,租賃房屋,新北市板橋區中山路一段５０巷３號２樓,0.0,,,,1150518,土地0建物0車位0,二層,4,公寓(5樓含以下無電梯),住家用,加強磚造,0650915,19.0,3,1,3,有,無,有,15500,816,,0.0,0,202室,RPVNMLTKNHLGFAF56CC,分租套房,無,1150519~1160604,無,冷氣、熱水器、洗衣機、電視機、冰箱、有線電視、網路,一般轉租
土城區,租賃房屋,新北市土城區延和路１０８巷７弄２號六樓,0.0,,,,1150514,土地0建物1車位0,六層,6,華廈(10層含以下有電梯),住家用,鋼筋混凝土造,0821230,94.2,3,2,2,有,有,有,20000,212,,0.0,0,管理費每個月1000元不包含在租金內,RPWNMLTKNHLGFAF66CC,整棟(戶)出租,無,1150522~1160521,有,冷氣、熱水器,社會住宅代管
板橋區,租賃房屋,新北市板橋區信義路１１０巷４弄１２號２樓,0.0,,,,1150512,土地0建物1車位0,二層,4,公寓(5樓含以下無電梯),住家用,鋼筋混凝土造,0670317,64.51,2,1,1,有,無,無,16000,248,,0.0,0,,RPXNMLTKNHLGFAF76CC,整棟(戶)出租,無,1150515~1160514,無,冷氣、熱水器、瓦斯或天然氣,社會住宅包租轉租
板橋區,租賃房屋,新北市板橋區存德街７８巷９號一樓,0.0,,,,1150512,土地0建物1車位0,一層,4,公寓(5樓含以下無電梯),住家用,鋼筋混凝土造,,64.28,3,1,1,有,無,有,21000,327,,0.0,0,續租案件；,RPOOMLTKNHLGFAF58CC,整棟(戶)出租,無,1150515~1151224,無,冷氣、熱水器、瓦斯或天然氣,社會住宅代管
板橋區,租賃房屋,新北市板橋區江寧路三段１０３號四樓,0.0,,,,1150513,土地0建物1車位0,四層,5,公寓(5樓含以下無電梯),住家用,鋼筋混凝土造,,76.59,2,2,1,有,無,有,19800,259,,0.0,0,續租案件；,RPPOMLTKNHLGFAF68CC,整棟(戶)出租,無,1150517~1180516,無,冷氣、熱水器、洗衣機、電視機、冰箱,社會住宅包租轉租
板橋區,租賃房屋,新北市板橋區光華街１３巷２９號二樓,0.0,,,,1150518,土地0建物1車位0,二層,5,公寓(5樓含以下無電梯),住家用,鋼筋混凝土造,0780708,107.39,3,2,2,有,無,有,22000,205,,0.0,0,,RPROMLTKNHLGFAF88CC,整棟(戶)出租,無,1150520~1160519,無,熱水器,社會住宅代管
土城區,租賃房屋,新北市土城區裕民路１４８號五樓,0.0,,,,1150517,土地0建物1車位0,五層,5,公寓(5樓含以下無電梯),住家用,鋼筋混凝土造,0721026,89.87,3,2,1,有,無,無,20000,223,,0.0,0,,RPTOMLTKNHLGFAF09CC,整棟(戶)出租,無,1150606~1160605,無,冷氣、熱水器、瓦斯或天然氣,社會住宅代管
板橋區,租賃房屋,新北市板橋區民生路三段３２３號二十二樓之３,0.0,,,,1150518,土地0建物1車位0,二十二層,37,住宅大樓(11層含以上有電梯),住家用,鋼骨鋼筋混凝土造,0950914,41.5,1,1,1,有,有,有,19000,458,,0.0,0,管理費800元，水電費 瓦斯費 由承租人負擔續租案件；,RPXOMLTKNHLGFAF86CC,獨立套房,有,1150601~1160531,有,冷氣、熱水器、洗衣機、電視機、冰箱,社會住宅代管
板橋區,租賃房屋,新北市板橋區民生路三段２３８號,0.0,,,,1150512,土地0建物1車位0,一層,5,公寓(5樓含以下無電梯),見使用執照,鋼筋混凝土造,,107.71,1,1,1,有,無,無,33000,306,,0.0,0,含增建或未登記建物；租賃期間有約定不同租金116年6月22日至118年6月20租金為每月參萬五仟元整；,RPOPMLTKNHLGFAF68CC,整棟(戶)出租,無,1150621~1180620,無,冷氣,
板橋區,租賃房屋,新北市板橋區民生路二段２３２號９樓之１９,0.0,,,,1150512,土地0建物1車位0,九層,9,華廈(10層含以下有電梯),住家用,鋼筋混凝土造,,28.89,2,1,1,有,有,有,14700,509,,0.0,0,另有管理費300元，由出租人負擔，租金已扣除管理費。續租案件；,RPPPMLTKNHLGFAF78CC,整棟(戶)出租,有,1150605~1160604,有,冷氣、熱水器、冰箱、瓦斯或天然氣,社會住宅代管
板橋區,租賃房屋,新北市板橋區新府路１３２號２１樓,0.0,,,,1150515,土地0建物1車位0,二十一層,24,住宅大樓(11層含以上有電梯),住家用,鋼筋混凝土造,0971119,39.41,1,1,1,有,有,有,19800,502,,0.0,0,管理費：954元，租金不含管理費，由承租人負擔。續租案件；,RPQPMLTKNHLGFAF88CC,獨立套房,有,1150529~1160528,有,冷氣、熱水器、洗衣機、冰箱、瓦斯或天然氣,社會住宅包租轉租
五股區,租賃房屋+車位,新北市五股區西雲路１１３號十三樓,0.0,,,,1150515,土地0建物1車位1,見其他登記事項,14,住宅大樓(11層含以上有電梯),住家用,鋼筋混凝土造,0870825,166.14,4,2,3,有,有,有,23000,160,坡道平面,34.72,2000,續租案件；,RPPNMLTKNHLGFBF68CC,整棟(戶)出租,有,1150615~1160614,有,冷氣、熱水器、洗衣機、冰箱,社會住宅包租轉租
林口區,租賃房屋+車位,新北市林口區南勢二街３５６號六樓,0.0,,,,1150512,土地0建物1車位1,六層,9,華廈(10層含以下有電梯),住家用,鋼筋混凝土造,0971212,145.16000000000003,2,2,1,有,有,有,25000,217,坡道平面,34.79,1000,國家住宅及都市更新中心社會住宅包租代管計畫之物件。續租案件；,RPRNMLTKNHLGFBF88CC,整棟(戶)出租,有,1150601~1160531,有,冷氣、熱水器、洗衣機、電視機、冰箱、瓦斯或天然氣,社會住宅代管
五股區,租賃房屋+車位,新北市五股區芳洲二路４７號十四樓,0.0,,,,1150513,土地0建物1車位1,十四層,14,住宅大樓(11層含以上有電梯),集合住宅,鋼筋混凝土造,1121215,125.0,3,1,2,有,有,無,22500,217,坡道平面,35.08,3000,管理費2500元，水電費 瓦斯費 由承租人負擔,RPSNMLTKNHLGFBF98CC,整棟(戶)出租,有,1150520~1160519,有,冷氣、熱水器、瓦斯或天然氣,社會住宅代管
五股區,租賃房屋,新北市五股區成泰路一段２１９之１６號六樓,0.0,,,,1150513,土地0建物1車位0,六層,7,華廈(10層含以下有電梯),住家用,鋼筋混凝土造,0881230,130.9,2,2,2,有,有,有,16500,126,,0.0,0,另有管理費2500元，由承租人負擔。未租賃車位，建物登記含有車位面積；,RPUNMLTKNHLGFBF56CC,整棟(戶)出租,有,1150520~1160519,有,冷氣、熱水器、瓦斯或天然氣,社會住宅包租轉租
五股區,租賃房屋+車位,新北市五股區成洲六路２１號三樓,0.0,,,,1150516,土地0建物1車位1,三層,15,住宅大樓(11層含以上有電梯),集合住宅,鋼筋混凝土造,1141218,92.76,3,1,1,有,有,有,23000,295,坡道平面,24.9,3000,另有管理費2000元，由承租人負擔。,RPWNMLTKNHLGFBF76CC,整棟(戶)出租,有,1150520~1160519,有,冷氣、熱水器、洗衣機、冰箱、瓦斯或天然氣,社會住宅包租轉租
泰山區,租賃房屋,新北市泰山區明志路三段１６３巷６弄２號五樓之１,0.0,,,,1150513,土地0建物1車位0,五層,5,公寓(5樓含以下無電梯),集合住宅,鋼筋混凝土造,0780930,57.879999999999995,2,1,2,有,無,無,16500,285,,0.0,0,,RPXNMLTKNHLGFBF86CC,整棟(戶)出租,無,1150605~1160604,無,冷氣、熱水器、瓦斯或天然氣,社會住宅包租轉租
五股區,租賃房屋,新北市五股區新五路二段２９７號十三樓,0.0,,,,1150514,土地0建物1車位0,十三層,18,住宅大樓(11層含以上有電梯),集合住宅,鋼筋混凝土造,1110902,86.67,2,1,1,有,有,有,28000,323,,0.0,0,續租案件；,RPROMLTKNHLGFBF98CC,整棟(戶)出租,有,1150521~1160122,有,冷氣、熱水器、洗衣機、電視機、冰箱、瓦斯或天然氣,社會住宅包租轉租
林口區,租賃房屋+車位,新北市林口區忠孝路１２０號９樓之５,0.0,,,,1150519,土地0建物1車位1,九層,18,住宅大樓(11層含以上有電梯),集合住宅,鋼筋混凝土造,1141009,123.32,2,2,2,有,有,無,31000,251,坡道平面,28.65,0,,RPSOMLTKNHLGFBF09CC,整棟(戶)出租,有,1150601~1160531,有,冷氣、熱水器、瓦斯或天然氣,
五股區,租賃房屋,新北市五股區登林路８１之９號九樓,0.0,,,,1150518,土地0建物1車位0,九層,14,住宅大樓(11層含以上有電梯),住家用,鋼筋混凝土造,0900611,70.02000000000001,3,1,1,有,有,有,14500,207,,0.0,0,管理費1500元由承租人負擔續租案件；,RPTOMLTKNHLGFBF56CC,整棟(戶)出租,有,1150601~1160531,有,冷氣、熱水器、洗衣機、電視機、冰箱、瓦斯或天然氣,社會住宅代管
泰山區,租賃房屋,新北市泰山區明志路２段６２號７樓之１,0.0,,,,1150517,土地0建物1車位0,七層,9,華廈(10層含以下有電梯),住家用,鋼筋混凝土造,0830520,49.809999999999995,1,1,1,有,有,無,14400,289,,0.0,0,管理費用600元由承租人負擔。,RPVOMLTKNHLGFBF76CC,獨立套房,有,1150601~1160531,有,冷氣、熱水器、洗衣機、瓦斯或天然氣,社會住宅包租轉租
泰山區,租賃房屋,新北市泰山區莊泰路１６３３號８樓,0.0,,,,1150516,土地0建物1車位0,八層,20,住宅大樓(11層含以上有電梯),集合住宅,鋼筋混凝土造,1130205,109.92,3,2,2,有,有,有,24000,218,,0.0,0,管理費用3000元由承租人負擔。未租賃車位，建物登記含有車位面積；,RPXOMLTKNHLGFBF96CC,整棟(戶)出租,有,1150520~1160519,有,冷氣、熱水器、瓦斯或天然氣,社會住宅代管
泰山區,租賃房屋,新北市泰山區中華街１８巷４號三樓,0.0,,,,1150516,土地0建物1車位0,三層,4,公寓(5樓含以下無電梯),住家用,鋼筋混凝土造,0681009,72.9,2,2,1,有,無,無,9000,123,,0.0,0,,RPPPMLTKNHLGFBF88CC,整棟(戶)出租,無,1150520~1160519,無,熱水器、瓦斯或天然氣,社會住宅包租轉租
五股區,租賃房屋,新北市五股區四維路１３５巷７號二樓,0.0,,,,1150518,土地0建物1車位0,二層,11,住宅大樓(11層含以上有電梯),辦公室,鋼筋混凝土造,0861217,114.94,3,2,2,有,有,有,18200,158,,0.0,0,管理費1800元，由承租人負擔續租案件；,RPQPMLTKNHLGFBF98CC,整棟(戶)出租,有,1150801~1170731,有,冷氣、熱水器、電視機、瓦斯或天然氣,社會住宅包租轉租
泰山區,租賃房屋,新北市泰山區泰林路二段５７９巷６弄１７號９樓,0.0,,,,1150513,土地0建物1車位0,九層,12,住宅大樓(11層含以上有電梯),住家用,鋼筋混凝土造,0811123,97.25,3,2,2,有,有,有,25500,262,,0.0,0,管理費：1762元，承租人負擔。,RPRPMLTKNHLGFBF09CC,整棟(戶)出租,有,1150605~1180604,有,冷氣、熱水器、洗衣機、電視機、冰箱、瓦斯或天然氣,社會住宅包租轉租
新莊區,租賃房屋,新北市新莊區福樂街８０巷１８號５樓,0.0,,,,1150512,土地0建物1車位0,五層,5,公寓(5樓含以下無電梯),住家用,鋼筋混凝土造,0770206,108.56,3,2,2,有,無,有,19000,175,,0.0,0,,RPSPMLTKNHLGFBF56CC,整棟(戶)出租,無,1150521~1180520,無,冷氣、熱水器、冰箱,社會住宅包租轉租
林口區,租賃房屋,新北市林口區文林六街３８號,0.0,,,,1150518,土地0建物1車位0,見其他登記事項,5,華廈(10層含以下有電梯),集合住宅,鋼筋混凝土造,1130522,228.73000000000002,0,0,0,無,無,無,65000,284,,0.0,0,租金總額含稅；,RPTPMLTKNHLGFBF66CC,,無,1150901~1250831,有,,
五股區,租賃房屋+車位,新北市五股區西雲路１１６之１號六樓,0.0,,,,1150516,土地0建物1車位1,六層,9,華廈(10層含以下有電梯),住家用,鋼筋混凝土造,0931007,110.45,2,1,1,有,有,無,18500,189,坡道平面,28.32,3000,管理費1500元，由承租人負擔,RPUPMLTKNHLGFBF76CC,整棟(戶)出租,有,1150610~1160609,有,冷氣、熱水器、洗衣機、電視機、冰箱、瓦斯或天然氣,社會住宅代管
五股區,租賃房屋+車位,新北市五股區水碓九路１１號,0.0,,,,1150518,土地0建物1車位1,一層,5,華廈(10層含以下有電梯),住家用,鋼筋混凝土造,0850703,123.01,5,2,2,有,有,有,28000,228,坡道平面,0.0,2000,另有管理費200元，由承租人負擔。,RPVPMLTKNHLGFBF86CC,整棟(戶)出租,有,1150520~1160519,有,冷氣、熱水器、瓦斯或天然氣,社會住宅包租轉租
林口區,租賃房屋+車位,新北市林口區文化二路二段１１７號四樓之５,0.0,,,,1150512,土地0建物1車位1,四層,24,住宅大樓(11層含以上有電梯),集合住宅,鋼筋混凝土造,1141205,145.34,3,2,2,有,有,無,35000,241,坡道平面,25.39,0,租金總額含管理費；,RPWPMLTKNHLGFBF96CC,整棟(戶)出租,有,1150615~1160614,有,冷氣、熱水器、瓦斯或天然氣,
五股區,租賃房屋,新北市五股區西雲路２７７號二樓,0.0,,,,1150516,土地0建物1車位0,二層,5,公寓(5樓含以下無電梯),住家用,鋼筋混凝土造,0811016,102.01,3,2,1,有,無,無,13000,127,,0.0,0,,RPXPMLTKNHLGFBF07CC,整棟(戶)出租,無,1150620~1180619,無,冷氣、熱水器、電視機、冰箱、瓦斯或天然氣,社會住宅包租轉租
新莊區,租賃房屋,新北市新莊區中智街１９號１７樓,0.0,,,,1150518,土地0建物1車位0,十七層,18,住宅大樓(11層含以上有電梯),集合住宅,鋼筋混凝土造,1120928,95.96000000000001,2,1,1,有,有,有,26000,271,,0.0,0,管理費：2903元，租金不含管理費，由承租人負擔。續租案件；,RPOQMLTKNHLGFBF88CC,整棟(戶)出租,有,1150525~1160524,有,冷氣、熱水器、瓦斯或天然氣,社會住宅包租轉租
泰山區,租賃房屋,新北市泰山區明志路一段４９２巷１２號十一樓,0.0,,,,1150518,土地0建物1車位0,十一層,14,住宅大樓(11層含以上有電梯),集合住宅,鋼筋混凝土造,1120330,73.81,2,1,1,有,有,有,22000,298,,0.0,0,另有管理費2000元，由承租人負擔。,RPQQMLTKNHLGFBF09CC,整棟(戶)出租,有,1150520~1180519,有,冷氣、熱水器、瓦斯或天然氣,社會住宅包租轉租
泰山區,租賃房屋+車位,新北市泰山區全興路４７巷５０號四樓,0.0,,,,1150516,土地0建物1車位1,四層,7,華廈(10層含以下有電梯),住家用,鋼筋混凝土造,0890112,154.69,3,2,2,有,有,有,30000,194,坡道平面,0.0,3000,管理費2000元，由承租人負擔未租賃車位，建物登記含有車位面積；續租案件；,RPRQMLTKNHLGFBF56CC,整棟(戶)出租,有,1150625~1160624,有,冷氣、熱水器、洗衣機、冰箱、瓦斯或天然氣,社會住宅代管
新莊區,租賃房屋,新北市新莊區中原路５１８號８樓,0.0,,,,1150513,土地0建物1車位0,八層,19,住宅大樓(11層含以上有電梯),一般事務所,鋼骨鋼筋混凝土造,1060125,77.94999999999999,2,2,1,有,有,有,24000,308,,0.0,0,管理費：2000元，租金不含管理費，由承租人負擔。,RPVQMLTKNHLGFBF96CC,整棟(戶)出租,有,1150515~1160514,有,冷氣、熱水器、洗衣機、冰箱、瓦斯或天然氣,社會住宅包租轉租
新莊區,租賃房屋,新北市新莊區萬安街３號５樓之９,0.0,,,,1150515,土地0建物1車位0,五層,14,住宅大樓(11層含以上有電梯),住家用,鋼筋混凝土造,0970418,59.17,1,1,1,有,有,有,15000,254,,0.0,0,另有管理費2000元，由出租人負擔，租金已扣除管理費。續租案件；,RPORMLTKNHLGFBF98CC,獨立套房,有,1150525~1160524,有,冷氣、洗衣機、電視機、冰箱、瓦斯或天然氣,社會住宅包租轉租
新店區,租賃房屋,新北市新店區中正路６６３巷３弄８號四樓,0.0,,,,1150516,土地0建物1車位0,四層,5,公寓(5樓含以下無電梯),住家用,鋼筋混凝土造,0771029,129.57999999999998,3,2,2,有,無,有,27000,208,,0.0,0,,RPPNMLTKNHLGFCF78CC,整棟(戶)出租,無,1150520~1160519,無,冷氣、熱水器、洗衣機、瓦斯或天然氣,社會住宅包租轉租
深坑區,租賃房屋,新北市深坑區埔新街６１巷５弄１１號１樓,0.0,,,,1150513,土地0建物1車位0,一層,7,華廈(10層含以下有電梯),住家用,鋼筋混凝土造,0831209,140.54,3,2,2,有,有,有,24000,171,,0.0,0,另有管理費2150元，由承租人負擔。續租案件；,RPSNMLTKNHLGFCF09CC,整棟(戶)出租,有,1150515~1160514,有,冷氣、熱水器、洗衣機、電視機、冰箱、瓦斯或天然氣,社會住宅代管
新店區,租賃房屋,新北市新店區富貴街６巷１號３樓,0.0,,,,1150515,土地0建物1車位0,三層,5,公寓(5樓含以下無電梯),住家用,鋼筋混凝土造,0760116,105.71,3,2,2,有,無,有,16000,151,,0.0,0,續租案件；,RPTNMLTKNHLGFCF56CC,整棟(戶)出租,無,1150516~1160411,無,冷氣、熱水器、瓦斯或天然氣,社會住宅包租轉租
新店區,租賃房屋,新北市新店區二十張路１０５巷９號２樓,0.0,,,,1150511,土地0建物0車位0,二層,4,公寓(5樓含以下無電梯),住家用,鋼筋混凝土造,0650730,49.58,2,2,1,有,無,有,26583,536,,0.0,0,承租人承租A室多人共同承租2；租金總額含網路費；,RPXNMLTKNHLGFCF96CC,分租套房,無,1150515~1170514,無,冷氣、熱水器、洗衣機、電視機、冰箱、瓦斯或天然氣、有線電視、網路,
新店區,租賃房屋,新北市新店區中央路１５３號２３樓之２１,0.0,,,,1150518,土地0建物1車位0,二十三層,29,住宅大樓(11層含以上有電梯),一般事務所,鋼骨構造、鋼筋混凝土構造,1011114,79.65,1,0,1,有,有,有,28200,354,,0.0,0,,RPSOMLTKNHLGFCF56CC,整棟(戶)出租,有,1150601~1160531,有,冷氣、熱水器、洗衣機、冰箱、瓦斯或天然氣,一般轉租
新店區,租賃房屋,新北市新店區中央路１５３號９樓之６,0.0,,,,1150513,土地0建物1車位0,九層,29,住宅大樓(11層含以上有電梯),一般事務所,鋼骨構造、鋼筋混凝土構造,1011114,47.44,1,0,1,有,有,無,21000,443,,0.0,0,,RPTOMLTKNHLGFCF66CC,獨立套房,有,1150601~1170531,有,冷氣、熱水器、洗衣機,一般轉租
汐止區,租賃房屋,新北市汐止區康寧街６１巷２２弄１號,0.0,,,,1150515,土地0建物1車位0,一層,5,公寓(5樓含以下無電梯),住商用,鋼筋混凝土造,0790402,130.22,4,2,2,有,無,無,38000,292,,0.0,0,,RPQNMLTKNHLGFDF98CC,,無,1150601~1180531,無,冷氣、熱水器、瓦斯或天然氣,
汐止區,租賃房屋,新北市汐止區康寧街１１３號１０樓,0.0,,,,1150516,土地0建物1車位0,十層,14,住宅大樓(11層含以上有電梯),住家用,鋼筋混凝土造,0841021,41.84,1,1,1,有,有,有,12500,299,,0.0,0,管理費每個月880元不包含在租金內,RPRNMLTKNHLGFDF09CC,獨立套房,有,1150528~1180527,有,冷氣、熱水器、洗衣機、電視機、冰箱,社會住宅包租轉租
汐止區,租賃房屋,新北市汐止區大同路三段６１７號７樓之７,0.0,,,,1150514,土地0建物1車位0,七層,32,住宅大樓(11層含以上有電梯),住家用,鋼筋混凝土造,0880203,41.3,1,1,1,有,有,有,11500,278,,0.0,0,,RPSNMLTKNHLGFDF56CC,獨立套房,有,1150510~1160509,有,冷氣、熱水器、電視機、冰箱,
汐止區,租賃房屋,新北市汐止區湖前街７７巷５弄３號１４樓,0.0,,,,1150513,土地0建物1車位0,十四層,14,住宅大樓(11層含以上有電梯),住家用,鋼筋混凝土造,0831024,91.52,1,1,1,有,有,有,22500,246,,0.0,0,另有管理費1522元，由承租人負擔。,RPTNMLTKNHLGFDF66CC,獨立套房,有,1150518~1160517,有,冷氣、熱水器、瓦斯或天然氣,社會住宅包租轉租
八里區,租賃房屋+車位,新北市八里區頂罟一路５８號四樓,0.0,,,,1150513,土地0建物1車位1,四層,15,住宅大樓(11層含以上有電梯),集合住宅,鋼筋混凝土造,1100416,155.07,3,2,2,有,有,有,22000,154,坡道平面,31.71,3000,另有管理費3000元，由承租人負擔。,RPPNMLTKNHLGFEF98CC,整棟(戶)出租,有,1150525~1160524,有,冷氣、熱水器、電視機、冰箱、瓦斯或天然氣,社會住宅包租轉租
淡水區,租賃房屋,新北市淡水區自立路８之３號６樓,0.0,,,,1150518,土地0建物1車位0,六層,16,住宅大樓(11層含以上有電梯),住家用,鋼筋混凝土造,0831116,43.98,1,1,1,有,有,有,11000,250,,0.0,0,管理費每月800元，由承租人負擔續租案件；,RPQNMLTKNHLGFEF09CC,獨立套房,有,1150601~1160531,有,冷氣、熱水器、洗衣機、電視機、冰箱、瓦斯或天然氣,社會住宅代管
淡水區,租賃房屋,新北市淡水區民族路２５４號五樓,0.0,,,,1150514,土地0建物1車位0,五層,7,華廈(10層含以下有電梯),住家用,鋼筋混凝土造,0971016,201.06,3,2,2,有,有,有,17000,85,,0.0,0,續租案件；,RPRNMLTKNHLGFEF56CC,整棟(戶)出租,有,1150523~1160522,有,冷氣、熱水器、電視機、瓦斯或天然氣,社會住宅代管
淡水區,租賃房屋,新北市淡水區北新路１６９巷６６號１２樓,0.0,,,,1150513,土地0建物1車位0,十二層,18,住宅大樓(11層含以上有電梯),住家用,鋼筋混凝土造,0851228,123.09,3,2,2,有,有,有,16000,130,,0.0,0,管理費：2100元，由承租人負擔,RPSNMLTKNHLGFEF66CC,整棟(戶)出租,有,1150516~1160515,有,冷氣、熱水器、冰箱、瓦斯或天然氣,社會住宅代管
淡水區,租賃房屋,新北市淡水區新市二路一段８８號四樓,0.0,,,,1150513,土地0建物1車位0,四層,13,住宅大樓(11層含以上有電梯),住家用,鋼筋混凝土造,1061128,77.62,2,1,1,有,有,有,15000,193,,0.0,0,續租案件；,RPTNMLTKNHLGFEF76CC,整棟(戶)出租,有,1150521~1170520,有,冷氣、熱水器、洗衣機、瓦斯或天然氣,社會住宅包租轉租
淡水區,租賃房屋+車位,新北市淡水區新市三路一段３００號１２樓,0.0,,,,1150517,土地0建物1車位1,十二層,20,住宅大樓(11層含以上有電梯),集合住宅,鋼筋混凝土造,1120727,122.16999999999999,2,2,2,有,有,有,22000,180,坡道平面,31.71,0,多人共同承租1；,RPUNMLTKNHLGFEF86CC,整棟(戶)出租,有,1150520~1160519,有,冷氣、熱水器、洗衣機、冰箱、瓦斯或天然氣,
淡水區,租賃房屋,新北市淡水區北新路１６９巷８３之３號１４樓,0.0,,,,1150512,土地0建物1車位0,十四層,15,住宅大樓(11層含以上有電梯),住家用,鋼筋混凝土造,0840913,32.019999999999996,1,1,1,有,有,有,10000,312,,0.0,0,管理費：900元，由承租人負擔,RPVNMLTKNHLGFEF96CC,獨立套房,有,1150516~1160331,有,冷氣、熱水器、洗衣機、電視機、冰箱,社會住宅代管
淡水區,租賃房屋,新北市淡水區新春街１２５巷６９號,0.0,,,,1150514,土地0建物1車位0,一層,6,店面(店鋪),住家用,鋼筋混凝土造,0850104,47.459999999999994,1,1,1,有,有,無,20000,421,,0.0,0,租賃期間有約定不同租金每兩年調整租金最多10%；,RPROMLTKNHLGFEF66CC,,無,1150520~1200519,有,冷氣,
淡水區,租賃房屋,新北市淡水區新市二路三段１７２巷３弄１８號９樓,0.0,,,,1150511,土地0建物1車位0,九層,15,住宅大樓(11層含以上有電梯),集合住宅,鋼筋混凝土造,1090603,170.27,3,2,2,有,有,有,20000,117,,0.0,0,管理費：3500元，由承租人負擔,RPSOMLTKNHLGFEF76CC,整棟(戶)出租,有,1150601~1160531,有,冷氣、熱水器、洗衣機、電視機、冰箱、瓦斯或天然氣,社會住宅代管
淡水區,租賃房屋,新北市淡水區濱海路二段２１６號八樓,0.0,,,,1150514,土地0建物1車位0,八層,14,住宅大樓(11層含以上有電梯),住家用,鋼筋混凝土造,1060216,81.22,2,1,1,有,有,有,18500,228,,0.0,0,,RPTOMLTKNHLGFEF86CC,整棟(戶)出租,有,1150519~1170518,有,冷氣、熱水器、瓦斯或天然氣,社會住宅包租轉租
淡水區,租賃房屋,新北市淡水區淡金路一段５３５號八樓,0.0,,,,1150515,土地0建物0車位0,八層,15,住宅大樓(11層含以上有電梯),住家用,鋼筋混凝土造,0971008,40.42,2,0,2,有,有,有,9138,226,,0.0,0,每月匯款金額為純租金9138+管理費762+水費100=10000元整續租案件；,RPVOMLTKNHLGFEF07CC,分租套房,有,1150801~1160731,有,冷氣、熱水器、冰箱,一般代管
淡水區,租賃房屋,新北市淡水區學府路１９３號二樓,0.0,,,,1150516,土地0建物0車位0,二層,5,公寓(5樓含以下無電梯),住家用,鋼筋混凝土造,0691119,17.92,5,0,5,有,無,有,6500,363,,0.0,0,租金總額含網路費；其他第四台；,RPWOMLTKNHLGFEF17CC,分租套房,無,1150701~1160630,無,冷氣、熱水器、洗衣機、電視機、冰箱、有線電視、網路,一般代管
淡水區,租賃房屋,新北市淡水區淡金路三段３６３號,0.0,,,,1150517,土地0建物1車位0,全,2,透天厝,住家用,加強磚造,0640313,126.43,0,0,0,無,無,無,25000,198,,0.0,0,1.不能敲牆、挖地2.房東同意因裝設冷氣可鑽孔於牆排水孔可自行拓寬3.本合約期為一年次年若無違反法令租約內容、擾鄰、契約精神之情況合約自動延長2年至民國118年5月31日並返還一個月押金給承租人其餘條件延續本合約為續行合約仍為有效附屬設備：衛浴設備含增建或未登記建物；,RPPPMLTKNHLGFEF56CC,分層出租,無,1150601~1160531,無,,
八里區,租賃房屋,新北市八里區商港路４８號十三樓,0.0,,,,1150512,土地0建物1車位0,十三層,13,住宅大樓(11層含以上有電梯),住家用,鋼筋混凝土造,0840121,103.19,3,2,2,有,有,無,16500,160,,0.0,0,續租案件；,RPQPMLTKNHLGFEF66CC,整棟(戶)出租,有,1150601~1160531,有,冷氣、熱水器、冰箱、瓦斯或天然氣,社會住宅代管
淡水區,租賃房屋,新北市淡水區大忠街１１７號十三樓之１７,0.0,,,,1150513,土地0建物1車位0,十三層,18,住宅大樓(11層含以上有電梯),住家用,鋼筋混凝土造,0830629,37.72,1,1,1,有,有,有,7800,207,,0.0,0,管理費700元由出租人負擔續租案件；,RPRPMLTKNHLGFEF76CC,獨立套房,有,1150517~1160516,有,冷氣、熱水器、冰箱,社會住宅包租轉租
淡水區,租賃房屋,新北市淡水區清水街９９之１號,0.0,,,,1150517,土地0建物1車位0,一層,5,公寓(5樓含以下無電梯),商業用,鋼筋混凝土造,0800516,65.05,1,0,1,有,無,有,12000,184,,0.0,0,燈具、窗簾、門鎖租客更換及保留原物、交屋退租回復原狀,RPSPMLTKNHLGFEF86CC,整棟(戶)出租,無,1150605~1160604,無,冷氣、熱水器、洗衣機、冰箱,
淡水區,租賃房屋,新北市淡水區水源街二段６６巷２號３樓,0.0,,,,1150514,土地0建物0車位0,三層,3,公寓(5樓含以下無電梯),住家用,鋼筋混凝土造,0660802,16.96,7,0,7,有,無,有,5200,307,,0.0,0,租金總額含網路費；,RPTPMLTKNHLGFEF96CC,分租套房,無,1150701~1160630,無,冷氣、熱水器、洗衣機、冰箱、網路,一般代管
淡水區,租賃房屋,新北市淡水區水源街二段１７７巷４３弄６之１號３樓,0.0,,,,1150515,土地0建物0車位0,三層,9,華廈(10層含以下有電梯),住家用,鋼筋混凝土造,1010824,35.269999999999996,3,0,3,有,有,有,8000,227,,0.0,0,管理費.網路.第四台費用每月1000元,RPVPMLTKNHLGFEF17CC,分租套房,有,1150701~1160630,有,冷氣、熱水器、洗衣機、電視機、冰箱、有線電視、網路,一般代管
淡水區,租賃房屋,新北市淡水區新民街一段３３號１０樓,0.0,,,,1150513,土地0建物1車位0,十層,17,住宅大樓(11層含以上有電梯),住家用,鋼筋混凝土造,0981225,90.48,2,2,2,有,有,有,16400,181,,0.0,0,管理費：1600元，承租人負擔,RPQQMLTKNHLGFEF76CC,整棟(戶)出租,有,1150601~1180531,有,冷氣、熱水器、洗衣機、電視機、冰箱、瓦斯或天然氣,社會住宅包租轉租
淡水區,租賃房屋,新北市淡水區水源街二段１７７巷４３弄６之７號５樓,0.0,,,,1150511,土地0建物0車位0,五層,9,華廈(10層含以下有電梯),住家用,鋼筋混凝土造,1010824,36.43,2,0,2,有,有,有,8000,220,,0.0,0,管理費.網路.第四台費用每月1000元續租案件；,RPTQMLTKNHLGFEF07CC,分租套房,有,1150901~1160831,有,冷氣、熱水器、洗衣機、電視機、冰箱、有線電視、網路,一般代管
淡水區,租賃房屋,新北市淡水區新春街１９０號１６樓之８,0.0,,,,1150514,土地0建物1車位0,十六層,31,住宅大樓(11層含以上有電梯),住家用,鋼骨鋼筋混凝土造,0880811,108.06,3,2,2,有,有,無,20000,185,,0.0,0,租金總額含管理費；,RPWQMLTKNHLGFEF37CC,整棟(戶)出租,有,1150601~1170531,有,冷氣、熱水器,
淡水區,租賃房屋,新北市淡水區水源街二段１７７巷４３弄２之５號６樓,0.0,,,,1150511,土地0建物0車位0,六層,9,華廈(10層含以下有電梯),住家用,鋼筋混凝土造,1010824,34.85,3,0,3,有,有,有,8000,230,,0.0,0,管理費.網路.第四台費用每月1000元多人共同承租2；續租案件；,RPXQMLTKNHLGFEF47CC,分租套房,有,1150701~1160630,有,冷氣、熱水器、電視機、冰箱、有線電視、網路,一般代管
淡水區,租賃房屋,新北市淡水區新市三路一段６８號１６樓,0.0,,,,1150515,土地0建物1車位0,十六層,23,住宅大樓(11層含以上有電梯),住家用,鋼筋混凝土造,1080222,89.4,2,2,2,有,有,有,12800,143,,0.0,0,另有管理費2200元，由出租人負擔，租金已扣除管理費。續租案件；,RPPRMLTKNHLGFEF76CC,整棟(戶)出租,有,1150520~1160519,有,冷氣、熱水器、洗衣機、電視機、冰箱、瓦斯或天然氣,社會住宅代管
淡水區,租賃房屋,新北市淡水區沙崙路二段７２５號十二樓,0.0,,,,1150516,土地0建物1車位0,十二層,22,住宅大樓(11層含以上有電梯),集合住宅,鋼筋混凝土造,1120727,97.28,3,2,2,有,有,無,21000,216,,0.0,0,國家住宅及都市更新中心社會住宅包租代管計畫之物件。續租案件；,RPQRMLTKNHLGFEF86CC,整棟(戶)出租,有,1150612~1160611,有,冷氣、熱水器、洗衣機、瓦斯或天然氣,社會住宅代管
淡水區,租賃房屋,新北市淡水區水源街二段６６巷２號,0.0,,,,1150512,土地0建物0車位0,一層,3,公寓(5樓含以下無電梯),住家用,鋼筋混凝土造,0660802,19.79,6,0,6,有,無,有,5000,253,,0.0,0,租金總額含網路費；續租案件；,RPRRMLTKNHLGFEF96CC,分租套房,無,1150701~1160630,無,冷氣、熱水器、洗衣機、冰箱、網路,一般代管
淡水區,租賃房屋+車位,新北市淡水區新市一路一段９９巷２９之１號６樓,0.0,,,,1150513,土地0建物1車位1,六層,15,住宅大樓(11層含以上有電梯),住家用,鋼筋混凝土造,1061205,143.91,2,1,1,有,有,有,25500,177,坡道平面,34.62,0,租金總額含管理費；,RPSRMLTKNHLGFEF07CC,整棟(戶)出租,有,1150601~1160531,有,冷氣、熱水器、洗衣機、電視機、冰箱、瓦斯或天然氣,
淡水區,租賃房屋,新北市淡水區北新路１６９巷６８號十樓,0.0,,,,1150519,土地0建物1車位0,十層,18,住宅大樓(11層含以上有電梯),住家用,鋼筋混凝土造,0851228,45.769999999999996,1,1,1,有,有,有,8900,194,,0.0,0,1.管理費每月623元整，由承租人負擔。2.國家住宅及都市更新中心社會住宅包租代管計畫之物件。續租案件；,RPTRMLTKNHLGFEF17CC,獨立套房,有,1150616~1160615,有,冷氣、熱水器、洗衣機、電視機、冰箱,社會住宅包租轉租
八里區,租賃房屋+車位,新北市八里區龍形五街２３號九樓,0.0,,,,1150516,土地0建物1車位1,九層,16,住宅大樓(11層含以上有電梯),住家用,鋼筋混凝土造,0820607,162.79,4,2,2,有,有,有,26000,160,坡道平面,0.0,3000,管理費3450元，由承租人負擔未租賃車位，建物登記含有車位面積；續租案件；,RPVRMLTKNHLGFEF37CC,整棟(戶)出租,有,1150601~1160531,有,冷氣、熱水器、瓦斯或天然氣,社會住宅代管
三重區,租賃房屋,新北市三重區新北大道一段１２０號十一樓,0.0,,,,1150517,土地0建物1車位0,十一層,14,住宅大樓(11層含以上有電梯),集合住宅,鋼筋混凝土造,1140214,106.24000000000001,2,1,1,有,有,無,28000,264,,0.0,0,管理費2609元，水電費 瓦斯費 由承租人負擔。網路費每個月1000元  由出租人負擔。多人共同承租2；未租賃車位，建物登記含有車位面積；,RPQNMLTKNHLGFGF66CC,整棟(戶)出租,有,1150520~1160519,有,冷氣、熱水器、瓦斯或天然氣、網路,社會住宅代管
三重區,租賃房屋,新北市三重區大智街２３４號四樓,0.0,,,,1150518,土地0建物1車位0,四層,4,公寓(5樓含以下無電梯),住家用,加強磚造,0610801,72.0,3,2,1,有,無,有,28000,389,,0.0,0,續租案件；,RPSNMLTKNHLGFGF86CC,整棟(戶)出租,無,1150524~1160523,無,冷氣、熱水器、洗衣機、電視機、冰箱,社會住宅代管
蘆洲區,租賃房屋,新北市蘆洲區水湳街９６號五樓,0.0,,,,1150514,土地0建物1車位0,五層,9,華廈(10層含以下有電梯),住家用,鋼筋混凝土造,0860409,113.77000000000001,3,2,2,有,有,有,27000,237,,0.0,0,管理費3000元承租人負擔續租案件；,RPUNMLTKNHLGFGF07CC,整棟(戶)出租,有,1150601~1160531,有,冷氣、熱水器、冰箱、瓦斯或天然氣,社會住宅代管
蘆洲區,租賃房屋,新北市蘆洲區三民路２３６號二樓,0.0,,,,1150515,土地0建物1車位0,二層,5,公寓(5樓含以下無電梯),住家用,鋼筋混凝土造,0740805,91.9,2,2,1,有,無,有,23000,250,,0.0,0,續租案件；,RPXNMLTKNHLGFGF37CC,整棟(戶)出租,無,1150528~1170527,無,冷氣、熱水器,社會住宅包租轉租
三重區,租賃房屋+車位,新北市三重區興德路７６號八樓之三,0.0,,,,1150512,土地0建物1車位1,八層,15,住宅大樓(11層含以上有電梯),集合住宅,鋼筋混凝土造,1111201,122.69,2,1,2,有,有,有,36000,293,坡道平面,31.67,0,,RPPOMLTKNHLGFGF66CC,整棟(戶)出租,有,1150512~1160511,有,冷氣、熱水器、洗衣機、冰箱、瓦斯或天然氣,一般轉租
三重區,租賃房屋+車位,新北市三重區興德路７６號八樓之三,0.0,,,,1150512,土地0建物1車位1,八層,15,住宅大樓(11層含以上有電梯),集合住宅,鋼筋混凝土造,1111201,122.69,2,1,2,有,有,有,36000,293,坡道平面,31.67,0,,RPQOMLTKNHLGFGF76CC,整棟(戶)出租,有,1150512~1160511,有,冷氣、熱水器、洗衣機、冰箱、瓦斯或天然氣,一般轉租
三重區,租賃房屋,新北市三重區仁義街３７巷６０號十一樓,0.0,,,,1150518,土地0建物1車位0,十一層,14,住宅大樓(11層含以上有電梯),集合住宅,鋼筋混凝土造,1130729,119.44,2,1,1,有,有,有,28000,234,,0.0,0,每個月管理費2900元由承租人負擔。未租賃車位，建物登記含有車位面積；續租案件；,RPROMLTKNHLGFGF86CC,整棟(戶)出租,有,1150601~1160531,有,冷氣、熱水器、瓦斯或天然氣,社會住宅代管
蘆洲區,租賃房屋,新北市蘆洲區三民路３７６號２１樓之７,0.0,,,,1150513,土地0建物1車位0,二十一層,24,住宅大樓(11層含以上有電梯),集合住宅,鋼筋混凝土造,1040409,105.09,2,1,1,有,有,有,33000,314,,0.0,0,多人共同承租2；未租賃車位，建物登記含有車位面積；,RPWOMLTKNHLGFGF37CC,整棟(戶)出租,有,1150516~1150930,有,冷氣、熱水器、洗衣機、電視機、冰箱、瓦斯或天然氣,一般轉租
三重區,租賃房屋,新北市三重區安慶街２０３號五樓,0.0,,,,1150514,土地0建物1車位0,五層,5,公寓(5樓含以下無電梯),住家用,鋼筋混凝土造,0831019,37.93,2,1,1,有,無,有,19900,525,,0.0,0,國家住宅及都市更新中心社會住宅包租代管計畫之物件。多人共同承租2；,RPXOMLTKNHLGFGF47CC,整棟(戶)出租,無,1150516~1160515,無,冷氣、熱水器、洗衣機、電視機、冰箱、瓦斯或天然氣,社會住宅代管
中和區,租賃房屋,新北市中和區景平路２８８號１１樓之９,0.0,,,,1150517,土地0建物1車位0,十一層,25,住宅大樓(11層含以上有電梯),住家用,鋼筋混凝土造,0910816,43.28,2,1,1,有,有,有,21000,485,,0.0,0,,RPSNMLTKNHLGFHF96CC,整棟(戶)出租,有,1150601~1170531,有,冷氣、熱水器、電視機、瓦斯或天然氣,
中和區,租賃房屋,新北市中和區中山路二段３１２巷３弄５號四樓,0.0,,,,1150514,土地0建物1車位0,四層,4,公寓(5樓含以下無電梯),住家用,鋼筋混凝土造,0670203,83.7,3,2,1,有,無,有,18000,215,,0.0,0,水電費 瓦斯費 由承租人負擔,RPTNMLTKNHLGFHF07CC,整棟(戶)出租,無,1150601~1170531,無,冷氣、熱水器、洗衣機、冰箱、瓦斯或天然氣,社會住宅包租轉租
永和區,租賃房屋,新北市永和區永和路二段１６６號五樓之７,0.0,,,,1150512,土地0建物1車位0,五層,19,辦公商業大樓,一般事務所,鋼骨鋼筋混凝土構造,1000422,38.42,1,1,1,有,有,有,24000,625,,0.0,0,租金總額含管理費；,RPUNMLTKNHLGFHF17CC,整棟(戶)出租,有,1150514~1160514,有,冷氣、熱水器、電視機、冰箱,
中和區,租賃房屋,新北市中和區興南路二段１５９巷３５號三樓,0.0,,,,1150516,土地0建物1車位0,三層,14,住宅大樓(11層含以上有電梯),集合住宅,鋼筋混凝土造,0831229,176.35,3,2,2,有,有,有,15000,85,,0.0,0,管理費每個月1200元不包含在租金內,RPXNMLTKNHLGFHF47CC,整棟(戶)出租,有,1150525~1160324,有,冷氣、熱水器、洗衣機、電視機、冰箱、瓦斯或天然氣,社會住宅包租轉租
中和區,租賃房屋,新北市中和區連城路３１９巷５弄４號４樓,0.0,,,,1150519,土地0建物1車位0,四層,4,公寓(5樓含以下無電梯),住家用,鋼筋混凝土造,0680525,100.13,3,2,2,有,無,有,18000,180,,0.0,0,續租案件；,RPOOMLTKNHLGFHF66CC,整棟(戶)出租,無,1150523~1160522,無,冷氣、熱水器、洗衣機、電視機、冰箱、瓦斯或天然氣,社會住宅代管
中和區,租賃房屋,新北市中和區景平路１８８號二十四樓,0.0,,,,1150518,土地0建物1車位0,二十四層,41,住宅大樓(11層含以上有電梯),住家用,鋼骨鋼筋混凝土造,0861104,44.31,1,1,1,有,有,有,15000,339,,0.0,0,國家住宅及都市更新中心社會住宅包租代管計畫之物件。續租案件；,RPPOMLTKNHLGFHF76CC,獨立套房,有,1150615~1160614,有,冷氣、熱水器、電視機、冰箱,社會住宅包租轉租
中和區,租賃房屋,新北市中和區秀峰街３６號三樓,0.0,,,,1150513,土地0建物1車位0,三層,4,公寓(5樓含以下無電梯),住家用,鋼筋混凝土造,0701216,82.81,3,2,1,有,無,有,25000,302,,0.0,0,,RPQOMLTKNHLGFHF86CC,整棟(戶)出租,無,1150516~1160515,無,冷氣、熱水器、電視機、冰箱、瓦斯或天然氣,社會住宅包租轉租
中和區,租賃房屋,新北市中和區興南路一段７３巷１１號四樓,0.0,,,,1150517,土地0建物1車位0,四層,5,公寓(5樓含以下無電梯),住家用,鋼筋混凝土造,0741111,89.98,3,2,2,有,無,有,26000,289,,0.0,0,,RPUOMLTKNHLGFHF27CC,整棟(戶)出租,無,1150521~1180520,無,冷氣、熱水器、洗衣機、電視機、冰箱、瓦斯或天然氣,社會住宅代管
永和區,租賃房屋,新北市永和區水源街３３巷７號２樓,0.0,,,,1150512,土地0建物1車位0,二層,4,公寓(5樓含以下無電梯),住家用,鋼筋混凝土造,0660517,83.19,3,2,2,有,無,無,26250,316,,0.0,0,含增建或未登記建物；租賃期間有約定不同租金115/5/12至115/6/30止為免租裝潢期；,RPXOMLTKNHLGFHF57CC,,無,1150701~1200630,無,冷氣、熱水器、冰箱、瓦斯或天然氣,
永和區,租賃房屋,新北市永和區自強街８巷２號,0.0,,,,1150511,土地0建物0車位0,全,5,透天厝,商業用,鋼筋混凝土造,0670729,19.94,20,0,20,有,無,有,8700,436,,0.0,0,,RPQPMLTKNHLGFHF96CC,分租套房,無,1150511~1160510,無,冷氣、熱水器、電視機、冰箱,一般代管
中和區,租賃房屋,新北市中和區景平路２３９巷３號五樓之６,0.0,,,,1150513,土地0建物1車位0,五層,13,住宅大樓(11層含以上有電梯),住家用,鋼筋混凝土造,0980320,35.24,1,1,1,有,有,有,16410,466,,0.0,0,另有管理費1590元，由出租人負擔，租金已扣除管理費。續租案件；,RPRPMLTKNHLGFHF07CC,獨立套房,有,1150522~1160521,有,冷氣、熱水器、洗衣機、電視機、冰箱、瓦斯或天然氣,社會住宅包租轉租
永和區,租賃房屋,新北市永和區中正路５８８號９樓之２,0.0,,,,1150514,土地0建物1車位0,九層,10,華廈(10層含以下有電梯),住家用,鋼筋混凝土造,0820111,35.56,1,1,1,有,有,有,12000,337,,0.0,0,另有管理費600元，由承租人負擔。,RPSPMLTKNHLGFHF17CC,獨立套房,有,1150515~1160705,有,冷氣、熱水器、洗衣機、冰箱,社會住宅包租轉租
樹林區,租賃房屋,新北市樹林區柑園街一段１５５號四樓,0.0,,,,1150518,土地0建物1車位0,四層,5,公寓(5樓含以下無電梯),住家用,鋼筋混凝土造,0820812,108.18,3,2,1,有,無,有,17000,157,,0.0,0,水電費 由承租人負擔,RPPNMLTKNHLGFIF76CC,整棟(戶)出租,無,1150519~1160518,無,冷氣、熱水器、瓦斯或天然氣,社會住宅代管
鶯歌區,租賃房屋,新北市鶯歌區高職西街１１１號五樓,0.0,,,,1150514,土地0建物1車位0,五層,7,華廈(10層含以下有電梯),商業用,鋼筋混凝土造,0870216,156.6,3,2,2,有,有,無,15000,96,,0.0,0,每月管理費1750元由承租人負擔。未租賃車位，建物登記含有車位面積；續租案件；,RPQNMLTKNHLGFIF86CC,整棟(戶)出租,有,1150601~1160531,有,冷氣、熱水器、電視機、瓦斯或天然氣,社會住宅代管
鶯歌區,租賃房屋,新北市鶯歌區福德四街２０號,0.0,,,,1150518,土地0建物1車位0,一層,5,公寓(5樓含以下無電梯),住家用,鋼筋混凝土造,,82.0,2,1,1,有,無,有,16000,195,,0.0,0,,RPSNMLTKNHLGFIF07CC,整棟(戶)出租,無,1150520~1160519,無,熱水器、洗衣機、冰箱、瓦斯或天然氣,社會住宅代管
三峽區,租賃房屋,新北市三峽區中華路１１巷１號八樓,0.0,,,,1150518,土地0建物1車位0,八層,9,華廈(10層含以下有電梯),住家用,鋼筋混凝土造,0840701,104.27,3,2,2,有,有,有,16000,153,,0.0,0,每個月管理費1240元由承租人負擔。,RPTNMLTKNHLGFIF17CC,整棟(戶)出租,有,1150616~1160615,有,冷氣、熱水器、瓦斯或天然氣,社會住宅代管
樹林區,租賃房屋,新北市樹林區中正路６３３號八樓之１,0.0,,,,1150518,土地0建物1車位0,八層,23,住宅大樓(11層含以上有電梯),住家用,鋼筋混凝土造,0831111,70.63,2,2,1,有,有,有,16000,227,,0.0,0,每月管理費1070元由承租人負擔。續租案件；,RPUNMLTKNHLGFIF27CC,整棟(戶)出租,有,1150601~1160531,有,冷氣、熱水器、洗衣機、冰箱、瓦斯或天然氣,社會住宅包租轉租
鶯歌區,租賃房屋,新北市鶯歌區鳳福路１５９號６樓,0.0,,,,1150518,土地0建物1車位0,六層,15,住宅大樓(11層含以上有電梯),集合住宅,鋼筋混凝土造,1081022,71.21000000000001,2,2,1,有,有,無,15000,211,,0.0,0,管理費用1700元由承租人負擔。,RPXNMLTKNHLGFIF57CC,整棟(戶)出租,有,1150601~1160531,有,冷氣、熱水器、洗衣機、冰箱、瓦斯或天然氣,社會住宅代管
三峽區,租賃房屋,新北市三峽區愛國路１６８號十二樓之５,0.0,,,,1150516,土地0建物1車位0,十二層,14,住宅大樓(11層含以上有電梯),集合住宅,鋼筋混凝土造,1100719,95.2,2,1,1,有,有,有,19500,205,,0.0,0,管理費每個月2000元不包含在租金內未租賃車位，建物登記含有車位面積；,RPOOMLTKNHLGFIF76CC,整棟(戶)出租,有,1150520~1160519,有,冷氣、熱水器、洗衣機、電視機、冰箱、瓦斯或天然氣,社會住宅代管
三峽區,租賃房屋,新北市三峽區復興路４３號３樓之６,0.0,,,,1150515,土地0建物1車位0,三層,17,住宅大樓(11層含以上有電梯),住家用,鋼筋混凝土造,0880205,83.76,2,2,1,有,有,有,19800,236,,0.0,0,管理費：1260元，租金不含管理費，由承租人負擔。續租案件；,RPPOMLTKNHLGFIF86CC,整棟(戶)出租,有,1150525~1160524,有,冷氣、熱水器、瓦斯或天然氣,社會住宅代管
板橋區,租賃房屋,新北市板橋區金門街３２７巷８號５樓,0.0,,,,1150515,土地0建物1車位0,五層,7,華廈(10層含以下有電梯),住家用,鋼筋混凝土造,,68.28999999999999,2,2,1,有,有,有,18000,264,,0.0,0,管理費每月3500元，由承租人負擔續租案件；,RPPNMLKLNHLGFAF77CC,整棟(戶)出租,有,1150620~1160619,有,冷氣、熱水器、洗衣機、冰箱、瓦斯或天然氣,社會住宅包租轉租
板橋區,租賃房屋,新北市板橋區莊敬路２２０巷１２號７樓,0.0,,,,1150512,土地0建物1車位0,七層,12,住宅大樓(11層含以上有電梯),住家用,鋼筋混凝土造,0890124,45.370000000000005,1,1,1,有,有,有,17314,382,,0.0,0,另有管理費686元，由出租人負擔，租金已扣除管理費。續租案件；,RPQNMLKLNHLGFAF87CC,獨立套房,有,1150527~1160526,有,冷氣、熱水器、洗衣機、電視機、冰箱、瓦斯或天然氣,社會住宅包租轉租
土城區,租賃房屋,新北市土城區學府路一段１９３號四樓,0.0,,,,1150514,土地0建物1車位0,四層,5,公寓(5樓含以下無電梯),住家用,鋼筋混凝土造,0741016,92.2,3,2,1,有,無,無,18000,195,,0.0,0,,RPRNMLKLNHLGFAF97CC,整棟(戶)出租,無,1150519~1150717,無,,社會住宅包租轉租
板橋區,租賃房屋,新北市板橋區三民路二段２０４之７號二樓,0.0,,,,1150515,土地0建物1車位0,二層,5,公寓(5樓含以下無電梯),住家用,鋼筋混凝土造,0731011,107.54,3,2,2,有,有,有,22000,205,,0.0,0,管理費每個月600元不包含在租金內,RPTNMLKLNHLGFAF18CC,整棟(戶)出租,有,1150522~1170521,無,冷氣、熱水器、瓦斯或天然氣,社會住宅代管
板橋區,租賃房屋,新北市板橋區文化路二段４１７巷２號二樓之１,0.0,,,,1150514,土地0建物1車位0,二層,7,華廈(10層含以下有電梯),集合住宅,鋼筋混凝土造,1120731,38.51,1,0,1,有,有,有,19000,493,,0.0,0,續租案件；,RPUNMLKLNHLGFAF28CC,獨立套房,有,1150518~1151230,有,冷氣、熱水器、洗衣機、冰箱,社會住宅包租轉租
板橋區,租賃房屋,新北市板橋區忠孝路忠義巷８弄１０號,0.0,,,,1150518,土地0建物1車位0,一層,3,公寓(5樓含以下無電梯),住家用,加強磚造,0641227,64.16,3,1,1,有,無,無,19900,310,,0.0,0,續租案件；,RPOOMLKLNHLGFAF77CC,整棟(戶)出租,無,1150705~1160704,無,熱水器,社會住宅包租轉租
土城區,租賃房屋,新北市土城區中央路四段５０號７樓之３,0.0,,,,1150516,土地0建物1車位0,七層,13,住宅大樓(11層含以上有電梯),集合住宅,鋼筋混凝土造,1040320,114.66,3,2,2,有,有,有,29800,260,,0.0,0,管理費：3468元，租金不含管理費，由承租人負擔。,RPPOMLKLNHLGFAF87CC,整棟(戶)出租,有,1150601~1160531,有,冷氣、熱水器、瓦斯或天然氣,社會住宅代管
板橋區,租賃房屋,新北市板橋區文化路一段１０１巷９號８樓,0.0,,,,1150518,土地0建物1車位0,八層,17,住宅大樓(11層含以上有電梯),住家用,鋼骨鋼筋混凝土造,0800206,138.44,3,2,2,有,有,有,27000,195,,0.0,0,,RPQOMLKLNHLGFAF97CC,整棟(戶)出租,有,1150519~1160518,有,熱水器、瓦斯或天然氣,社會住宅包租轉租
板橋區,租賃房屋,新北市板橋區莊敬路３６之１號１４樓,0.0,,,,1150518,土地0建物1車位0,十四層,19,住宅大樓(11層含以上有電梯),住家用,鋼筋混凝土造,0870416,64.44,3,1,2,有,有,有,28000,435,,0.0,0,,RPROMLKLNHLGFAF08CC,整棟(戶)出租,有,1150519~1160518,有,冷氣、熱水器、電視機、瓦斯或天然氣,社會住宅包租轉租
板橋區,租賃房屋,新北市板橋區文化路一段３０９之２９號八樓,0.0,,,,1150515,土地0建物1車位0,八層,14,住宅大樓(11層含以上有電梯),住家用,鋼筋混凝土造,0950109,181.99,3,1,2,有,有,有,13000,71,,0.0,0,,RPTOMLKLNHLGFAF28CC,整棟(戶)出租,有,1150515~1160514,有,冷氣、熱水器、洗衣機、電視機、冰箱、瓦斯或天然氣,社會住宅包租轉租
板橋區,租賃房屋,新北市板橋區大同街３５巷１１號二樓,0.0,,,,1150515,土地0建物1車位0,二層,5,公寓(5樓含以下無電梯),住家用,鋼筋混凝土造,,90.21,4,2,2,有,無,有,30000,333,,0.0,0,國家住宅及都市更新中心社會住宅包租代管計畫之物件。,RPUOMLKLNHLGFAF38CC,整棟(戶)出租,無,1150516~1160515,無,冷氣、熱水器,社會住宅代管
板橋區,租賃房屋,新北市板橋區永豐街２７號六樓,0.0,,,,1150516,土地0建物1車位0,六層,13,住宅大樓(11層含以上有電梯),集合住宅,鋼筋混凝土造,1131016,86.41,2,1,1,有,有,無,25500,295,,0.0,0,管理費2358元，水電費 瓦斯費 由承租人負擔未租賃車位，建物登記含有車位面積；續租案件；,RPVOMLKLNHLGFAF48CC,整棟(戶)出租,有,1150625~1160624,有,冷氣、熱水器、瓦斯或天然氣,社會住宅代管
土城區,租賃房屋,新北市土城區金城路二段１２８之１號三樓,0.0,,,,1150515,土地0建物1車位0,三層,15,住宅大樓(11層含以上有電梯),集合住宅,鋼筋混凝土造,1090317,65.2,2,1,1,有,有,有,20000,307,,0.0,0,續租案件；,RPWOMLKLNHLGFAF58CC,整棟(戶)出租,有,1150518~1151214,有,冷氣、熱水器、瓦斯或天然氣,社會住宅代管
板橋區,租賃房屋,新北市板橋區中山路一段２９３之２號十一樓之１,0.0,,,,1150514,土地0建物0車位0,十一層,14,住宅大樓(11層含以上有電梯),住家用,鋼筋混凝土造,0831213,55.0,6,4,4,有,有,有,30800,560,,0.0,0,D室多人共同承租4；租金總額含水費；網路費；,RPPPMLKLNHLGFAF97CC,分租套房,有,1150520~1160519,有,冷氣、熱水器、洗衣機、電視機、冰箱、有線電視、網路,一般轉租
土城區,租賃房屋,新北市土城區學成路９４巷９弄９號五樓,0.0,,,,1150517,土地0建物1車位0,五層,7,華廈(10層含以下有電梯),住家用,鋼筋混凝土造,0820715,63.510000000000005,2,1,1,有,有,有,21100,332,,0.0,0,,RPUPMLKLNHLGFAF48CC,整棟(戶)出租,無,1150520~1160519,有,冷氣、熱水器、洗衣機、電視機、冰箱、瓦斯或天然氣,社會住宅代管
板橋區,租賃房屋,新北市板橋區大觀路二段１１１號三樓,0.0,,,,1150511,土地0建物1車位0,三層,4,公寓(5樓含以下無電梯),住家用,鋼筋混凝土造,0771010,76.68,2,2,1,有,無,有,19800,258,,0.0,0,多人共同承租2；,RPOQMLKLNHLGFAF97CC,整棟(戶)出租,無,1150601~1160531,無,冷氣、熱水器、洗衣機、電視機、冰箱,社會住宅包租轉租
泰山區,租賃房屋,新北市泰山區明志路三段３４１巷１弄１２號,0.0,,,,1150516,土地0建物1車位0,一層,4,公寓(5樓含以下無電梯),住家用,鋼筋混凝土造,0670613,74.74,3,2,1,有,無,無,25000,334,,0.0,0,續租案件；,RPQNMLKLNHLGFBF97CC,整棟(戶)出租,無,1150525~1160324,無,冷氣、熱水器、瓦斯或天然氣,社會住宅代管
新莊區,租賃房屋,新北市新莊區新泰路９６號七樓之五,0.0,,,,1150513,土地0建物1車位0,七層,24,住宅大樓(11層含以上有電梯),集合住宅,鋼骨鋼筋混凝土造,1110721,96.05,2,2,1,有,有,有,28400,296,,0.0,0,管理費2600元，水電費 瓦斯費 由承租人負擔,RPRNMLKLNHLGFBF08CC,整棟(戶)出租,有,1150520~1160219,有,冷氣、熱水器、洗衣機、電視機、冰箱、瓦斯或天然氣,社會住宅包租轉租
五股區,租賃房屋,新北市五股區西雲路２０３巷９號二樓,0.0,,,,1150516,土地0建物1車位0,二層,9,華廈(10層含以下有電梯),住家用,鋼筋混凝土造,0840407,105.42999999999999,3,2,2,有,有,無,20000,190,,0.0,0,管理費1500元，水電費 由承租人負擔續租案件；,RPSNMLKLNHLGFBF18CC,整棟(戶)出租,有,1150615~1160614,有,冷氣、熱水器,社會住宅包租轉租
泰山區,租賃房屋,新北市泰山區明志路一段６號３樓,0.0,,,,1150515,土地0建物1車位0,三層,4,公寓(5樓含以下無電梯),住家用,鋼筋混凝土造,0670613,60.0,2,2,1,有,無,有,19000,317,,0.0,0,續租案件；,RPTNMLKLNHLGFBF28CC,整棟(戶)出租,無,1150601~1160531,無,冷氣、熱水器、洗衣機、電視機、冰箱,社會住宅包租轉租
泰山區,租賃房屋+車位,新北市泰山區仁德路１１１號七樓,0.0,,,,1150518,土地0建物1車位1,七層,10,華廈(10層含以下有電梯),住家用,鋼筋混凝土造,0961224,110.46,2,2,1,有,有,有,24900,255,坡道平面,24.43,3000,管理費2100元，水電費 瓦斯費 由承租人負擔,RPUNMLKLNHLGFBF38CC,整棟(戶)出租,有,1150625~1160624,有,冷氣、熱水器、洗衣機、電視機、冰箱、瓦斯或天然氣,社會住宅包租轉租
泰山區,租賃房屋+車位,新北市泰山區泰林路二段４６４之１號六樓,0.0,,,,1150516,土地0建物1車位1,六層,13,住宅大樓(11層含以上有電梯),住家用,鋼筋混凝土造,0951215,138.66,3,2,2,有,有,有,25900,207,坡道平面,27.94,3000,管理費2100元，水電費 瓦斯費 由承租人負擔,RPVNMLKLNHLGFBF48CC,整棟(戶)出租,有,1150601~1160228,有,冷氣、熱水器、洗衣機、瓦斯或天然氣,社會住宅代管
五股區,租賃房屋,新北市五股區蓬萊路６巷６號十樓,0.0,,,,1150518,土地0建物1車位0,十層,10,華廈(10層含以下有電梯),住家用,鋼筋混凝土造,0831018,115.43,3,2,2,有,有,無,20000,173,,0.0,0,管理費2000元，由承租人負擔續租案件；,RPWNMLKLNHLGFBF58CC,整棟(戶)出租,有,1150520~1160519,有,冷氣、熱水器、瓦斯或天然氣,社會住宅代管
新莊區,租賃房屋,新北市新莊區中正路新建巷１５弄１２號四樓,0.0,,,,1150514,土地0建物1車位0,四層,5,公寓(5樓含以下無電梯),住家用,鋼筋混凝土造,0691224,71.62,3,2,1,有,無,有,17000,237,,0.0,0,續租案件；,RPXNMLKLNHLGFBF68CC,整棟(戶)出租,無,1150519~1160525,無,冷氣、熱水器、洗衣機、冰箱、瓦斯或天然氣,社會住宅包租轉租
五股區,租賃房屋,新北市五股區成泰路二段９１巷２１號十七樓之一,0.0,,,,1150514,土地0建物1車位0,十七層,17,住宅大樓(11層含以上有電梯),住家用,鋼筋混凝土造,0850703,31.86,1,1,1,有,有,有,7970,250,,0.0,0,管理費530元由出租人負擔,RPPOMLKLNHLGFBF97CC,獨立套房,有,1150520~1160519,有,冷氣、熱水器、洗衣機、電視機、冰箱、瓦斯或天然氣,社會住宅包租轉租
新莊區,租賃房屋,新北市新莊區五工三路７０巷１７號３樓,0.0,,,,1150513,土地0建物1車位0,三層,5,華廈(10層含以下有電梯),住家用,鋼筋混凝土造,0950613,117.16,3,1,1,有,有,有,15000,128,,0.0,0,,RPROMLKLNHLGFBF18CC,整棟(戶)出租,無,1150601~1180531,有,冷氣、熱水器、洗衣機、電視機、冰箱、瓦斯或天然氣,社會住宅包租轉租
林口區,租賃房屋,新北市林口區興林路１７巷１２號三樓,0.0,,,,1150514,土地0建物1車位0,三層,4,公寓(5樓含以下無電梯),住家用,鋼筋混凝土造,0690211,102.82,3,2,2,有,無,有,7000,68,,0.0,0,,RPSOMLKLNHLGFBF28CC,整棟(戶)出租,無,1150519~1160518,無,冷氣、熱水器、洗衣機、電視機、冰箱、瓦斯或天然氣,社會住宅代管
新莊區,租賃房屋,新北市新莊區中港路１３８巷７弄１３號５樓,0.0,,,,1150514,土地0建物0車位0,五層,5,公寓(5樓含以下無電梯),住家用,鋼筋混凝土造,0691119,11.06,5,0,2,有,無,有,11100,1004,,0.0,0,租金總額含管理費；網路費；租賃建物部分範圍，且未計入共有部分面積；續租案件；,RPUOMLKLNHLGFBF48CC,分租雅房,無,1150527~1151126,無,冷氣、熱水器、洗衣機、冰箱、瓦斯或天然氣、網路,一般轉租
林口區,租賃房屋,新北市林口區林口路２８５號二樓,0.0,,,,1150516,土地0建物1車位0,二層,3,公寓(5樓含以下無電梯),住家用,鋼筋混凝土造,0670728,65.29,2,2,1,有,無,無,15000,230,,0.0,0,,RPVOMLKLNHLGFBF58CC,整棟(戶)出租,無,1150520~1160519,無,冷氣、熱水器、瓦斯或天然氣,社會住宅包租轉租
林口區,租賃房屋,新北市林口區文林六街２８號四樓之１,0.0,,,,1150518,土地0建物1車位0,四層,6,華廈(10層含以下有電梯),集合住宅,鋼筋混凝土造,1141001,116.35,2,1,2,有,有,無,23000,198,,0.0,0,管理費2000元，水電費 瓦斯費 由承租人負擔未租賃車位，建物登記含有車位面積；,RPOPMLKLNHLGFBF97CC,整棟(戶)出租,有,1150601~1160531,有,冷氣、熱水器、瓦斯或天然氣,社會住宅代管
新莊區,租賃房屋,新北市新莊區幸福東路１５０號３樓,24.5,住,,,1150514,土地1建物1車位0,三層,15,住宅大樓(11層含以上有電梯),集合住宅,鋼筋混凝土造,1140822,89.75999999999999,2,2,1,有,有,無,38000,423,,0.0,0,,RPPPMLKLNHLGFBF08CC,整棟(戶)出租,有,1150615~1170614,有,冷氣、熱水器、瓦斯或天然氣,
新莊區,租賃房屋,新北市新莊區新北大道七段２１９號九樓之九,0.0,,,,1150516,土地0建物1車位0,九層,12,住宅大樓(11層含以上有電梯),住家用,鋼筋混凝土造,0820803,49.28,1,1,1,有,有,有,11000,223,,0.0,0,1.管理費每月800元整，由出租人負擔。2.國家住宅及都市更新中心社會住宅包租代管計畫之物件。續租案件；,RPSPMLKLNHLGFBF38CC,獨立套房,有,1150626~1160625,有,冷氣、熱水器、洗衣機、電視機、冰箱,社會住宅包租轉租
新莊區,租賃房屋,新北市新莊區西盛街１５３巷２號１５樓,0.0,,,,1150518,土地0建物1車位0,十五層,16,住宅大樓(11層含以上有電梯),住家用,鋼筋混凝土造,0811022,57.65,2,1,1,有,有,有,19400,337,,0.0,0,管理費：1120元，租金不含管理費，由承租人負擔。,RPVPMLKLNHLGFBF68CC,整棟(戶)出租,有,1150601~1160531,有,冷氣、熱水器、洗衣機、電視機、冰箱、瓦斯或天然氣,社會住宅包租轉租
林口區,租賃房屋+車位,新北市林口區文化三路二段２８６號,23.43,商,,,1150518,土地1建物1車位1,見其他登記事項,36,店面(店鋪),一般零售或服務業,鋼骨鋼筋混凝土造,1070628,285.63,0,0,0,無,有,無,72000,252,坡道平面,15.12,0,115年05月18日至115年06月30日為免租裝潢期租金總額含稅；含有多個門牌且未個別計算租金新北市林口區文化三路二段286號2樓；租賃期間有約定不同租金117年7月1日起每月租金75000元；,RPWPMLKLNHLGFBF78CC,,有,1150701~1180630,有,,
五股區,租賃房屋,新北市五股區五權七路７４號,0.0,,,,1150520,土地0建物1車位0,四層,4,廠辦,廠房、辦公室、防空避難室、休息室、倉庫、廁所,鋼筋混凝土造,0820401,613.08,0,0,0,無,無,無,100000,163,,0.0,0,,RPXPMLKLNHLGFBF88CC,,無,1150521~1170604,無,,
林口區,租賃房屋,新北市林口區仁愛路二段３５３號四樓,0.0,,,,1150516,土地0建物1車位0,四層,15,住宅大樓(11層含以上有電梯),集合住宅,鋼筋混凝土造,1120901,90.50999999999999,2,2,2,有,有,有,26000,287,,0.0,0,管理費每個月3400元不包含在租金內。,RPOQMLKLNHLGFBF08CC,整棟(戶)出租,有,1150530~1180529,有,冷氣、熱水器、電視機、冰箱、瓦斯或天然氣,社會住宅包租轉租
林口區,租賃房屋,新北市林口區文化三路二段４１巷５５號２樓,0.0,,,,1150514,土地0建物1車位0,二層,15,住宅大樓(11層含以上有電梯),多戶住宅,鋼筋混凝土造,1130126,78.66,2,2,2,有,有,有,24400,310,,0.0,0,管理費：2600元，由承租人負擔,RPQQMLKLNHLGFBF28CC,整棟(戶)出租,有,1150516~1160515,有,冷氣、熱水器、洗衣機、電視機、冰箱、瓦斯或天然氣,社會住宅代管
五股區,租賃房屋+車位,新北市五股區成泰路一段６１巷３０號八樓,0.0,,,,1150513,土地0建物1車位1,八層,15,住宅大樓(11層含以上有電梯),集合住宅,鋼筋混凝土造,1061107,156.63,3,2,2,有,有,無,25000,165,坡道平面,20.48,2500,另有管理費3000元，由承租人負擔。,RPRQMLKLNHLGFBF38CC,整棟(戶)出租,有,1150605~1160604,有,冷氣、熱水器、洗衣機、冰箱、瓦斯或天然氣,社會住宅代管
新莊區,租賃房屋,新北市新莊區中正路８２９巷２２弄２２號八樓,0.0,,,,1150520,土地0建物0車位0,八層,10,華廈(10層含以下有電梯),工業用,鋼筋混凝土造,0830526,37.31,5,1,2,有,無,有,8800,236,,0.0,0,本件為共生公寓，無獨立廁所,RPTQMLKLNHLGFBF58CC,分租雅房,無,1150601~1160531,有,冷氣,一般轉租
五股區,租賃房屋+車位,新北市五股區新城六路２３７號十五樓,0.0,,,,1150516,土地0建物1車位1,十五層,15,住宅大樓(11層含以上有電梯),集合住宅,鋼筋混凝土造,1040305,95.13,2,1,1,有,有,無,20800,266,坡道平面,28.24,3000,另有管理費2200元，由承租人負擔。續租案件；,RPWQMLKLNHLGFBF88CC,整棟(戶)出租,有,1150601~1160531,有,冷氣、熱水器、洗衣機、冰箱、瓦斯或天然氣,社會住宅代管
五股區,租賃房屋,新北市五股區成泰路一段７巷６２號九樓,0.0,,,,1150520,土地0建物1車位0,九層,9,華廈(10層含以下有電梯),住家用,鋼筋混凝土造,0960208,114.97999999999999,3,2,2,有,有,有,26100,227,,0.0,0,另有管理費3200元，由承租人負擔。續租案件；,RPXQMLKLNHLGFBF98CC,整棟(戶)出租,有,1150701~1160630,有,冷氣、熱水器、電視機、冰箱、瓦斯或天然氣,社會住宅代管
新莊區,租賃房屋,新北市新莊區四維路２００號１２樓之１,0.0,,,,1150513,土地0建物1車位0,十二層,12,住宅大樓(11層含以上有電梯),住家用,鋼筋混凝土造,0840117,55.39,1,1,1,有,有,有,17000,307,,0.0,0,另有管理費680元，由承租人負擔,RPPRMLKLNHLGFBF28CC,獨立套房,有,1150515~1160514,有,冷氣、熱水器、洗衣機、電視機、冰箱、瓦斯或天然氣,社會住宅包租轉租
新店區,租賃房屋,新北市新店區中央路１５３號２９樓之１３,0.0,,,,1150519,土地0建物1車位0,二十九層,29,住宅大樓(11層含以上有電梯),住家用,鋼骨構造、鋼筋混凝土構造,1011114,94.64,1,0,1,有,有,有,24500,259,,0.0,0,未租賃車位，建物登記含有車位面積；續租案件；,RPPNMLKLNHLGFCF97CC,獨立套房,有,1150601~1160531,有,冷氣、熱水器、洗衣機、冰箱、瓦斯或天然氣,一般轉租
深坑區,租賃房屋,新北市深坑區北深路三段２１５巷８弄２號六樓,0.0,,,,1150514,土地0建物1車位0,六層,7,華廈(10層含以下有電梯),住家用,鋼筋混凝土造,0861224,113.25,2,1,1,有,有,有,13900,123,,0.0,0,,RPQNMLKLNHLGFCF08CC,整棟(戶)出租,有,1150520~1180519,有,冷氣、熱水器、洗衣機、電視機、冰箱、瓦斯或天然氣,社會住宅包租轉租
新店區,租賃房屋,新北市新店區福園街１０巷１號五樓,0.0,,,,1150515,土地0建物1車位0,五層,5,公寓(5樓含以下無電梯),住家用,預鑄鋼筋混凝土造,0670707,118.41,3,2,2,有,無,有,28000,236,,0.0,0,續租案件；,RPRNMLKLNHLGFCF18CC,整棟(戶)出租,無,1150525~1170524,無,冷氣、熱水器、瓦斯或天然氣,社會住宅包租轉租
新店區,租賃房屋,新北市新店區安康路３段１５０號５樓,0.0,,,,1150520,土地0建物1車位0,五層,7,華廈(10層含以下有電梯),集合住宅,鋼筋混凝土構造,1150116,67.59,2,2,1,有,有,無,17000,252,,0.0,0,管理費每月1000元，由承租人負擔,RPUNMLKLNHLGFCF48CC,整棟(戶)出租,有,1150525~1160524,有,冷氣、熱水器、瓦斯或天然氣,社會住宅包租轉租
新店區,租賃房屋,新北市新店區北新路二段１２６號十三樓之三,0.0,,,,1150512,土地0建物1車位0,十三層,18,住宅大樓(11層含以上有電梯),住家用,鋼筋混凝土造,0951109,37.82,1,1,1,有,有,有,20500,542,,0.0,0,,RPVNMLKLNHLGFCF58CC,獨立套房,有,1150515~1160514,有,冷氣、熱水器、洗衣機、電視機、冰箱,社會住宅代管
新店區,租賃房屋,新北市新店區中央路１５３號１９樓之６,0.0,,,,1150518,土地0建物1車位0,十九層,29,住宅大樓(11層含以上有電梯),一般事務所,鋼骨構造、鋼筋混凝土構造,1011114,47.44,1,0,1,有,有,有,23800,502,,0.0,0,,RPWNMLKLNHLGFCF68CC,整棟(戶)出租,有,1150601~1150831,有,冷氣、熱水器、洗衣機、電視機、冰箱、瓦斯或天然氣,一般轉租
新店區,租賃房屋,新北市新店區大新街４號３樓,0.0,,,,1150515,土地0建物1車位0,三層,5,公寓(5樓含以下無電梯),住家用,鋼筋混凝土造,0700908,68.05,2,2,1,有,無,有,19000,279,,0.0,0,,RPOOMLKLNHLGFCF97CC,整棟(戶)出租,無,1150520~1180519,無,冷氣、熱水器、洗衣機、電視機,社會住宅包租轉租
汐止區,租賃房屋+車位,新北市汐止區新台五路２段２３８巷１２０號９樓,0.0,,,,1150512,土地0建物1車位1,九層,11,住宅大樓(11層含以上有電梯),集合住宅,鋼筋混凝土構造,1131113,125.00999999999999,2,1,1,有,有,有,27500,273,坡道平面,37.0,3500,管理費用2500元由承租人負擔。,RPPNMLKLNHLGFDF08CC,整棟(戶)出租,有,1150515~1160514,有,冷氣、熱水器、洗衣機、電視機、冰箱,社會住宅代管
汐止區,租賃房屋,新北市汐止區忠孝東路４２６號１３樓之１,0.0,,,,1150514,土地0建物1車位0,十三層,17,住宅大樓(11層含以上有電梯),住家用,鋼筋混凝土造,0851009,83.61,3,2,2,有,有,有,26500,317,,0.0,0,管理費每個月1500元不包含在租金內,RPQNMLKLNHLGFDF18CC,整棟(戶)出租,有,1150514~1160513,有,冷氣、熱水器、洗衣機、電視機、冰箱、瓦斯或天然氣,社會住宅代管
汐止區,租賃房屋,新北市汐止區大同路３段６１１號１０樓之４,0.0,,,,1150520,土地0建物1車位0,十層,32,住宅大樓(11層含以上有電梯),住家用,鋼筋混凝土造,0880203,41.72,1,1,1,有,有,無,10000,240,,0.0,0,管理費每月800元，由承租人負擔續租案件；,RPRNMLKLNHLGFDF28CC,獨立套房,有,1150606~1160605,有,冷氣、熱水器、洗衣機、瓦斯或天然氣,社會住宅包租轉租
汐止區,租賃房屋,新北市汐止區中興路２１４巷８弄４號,0.0,,,,1150513,土地0建物1車位0,一層,4,公寓(5樓含以下無電梯),商業用,鋼筋混凝土造,0690819,71.61,2,2,1,有,無,有,18000,251,,0.0,0,續租案件；,RPSNMLKLNHLGFDF38CC,整棟(戶)出租,無,1150516~1180515,無,冷氣、熱水器、瓦斯或天然氣,社會住宅包租轉租
汐止區,租賃房屋+車位,新北市汐止區新台五路二段２３８巷２１號五樓,0.0,,,,1150520,土地0建物1車位1,五層,11,住宅大樓(11層含以上有電梯),集合住宅,鋼筋混凝土構造,1140829,167.92,3,2,2,有,有,無,27000,184,坡道平面,37.14,3000,每個月管理費3000元由承租人負擔,RPTNMLKLNHLGFDF48CC,整棟(戶)出租,有,1150525~1160524,有,冷氣、熱水器、洗衣機、瓦斯或天然氣,社會住宅代管
汐止區,租賃房屋,新北市汐止區福德二路４５號４樓,0.0,,,,1150517,土地0建物1車位0,四層,5,公寓(5樓含以下無電梯),住家用,鋼筋混凝土造,0720513,91.46,3,2,1,有,無,無,23000,251,,0.0,0,續租案件；,RPVNMLKLNHLGFDF68CC,整棟(戶)出租,無,1150620~1160619,無,冷氣、熱水器,社會住宅代管
淡水區,租賃房屋+車位,新北市淡水區新市五路三段３３８號十九樓,0.0,,,,1150519,土地0建物1車位1,十九層,27,住宅大樓(11層含以上有電梯),住家用,鋼筋混凝土造,1061229,121.65,2,2,1,有,有,無,18500,182,坡道平面,30.84,2000,1.管理費每月1500元整，由承租人負擔。2.國家住宅及都市更新中心社會住宅包租代管計畫之物件。續租案件；,RPPNMLKLNHLGFEF18CC,整棟(戶)出租,有,1150605~1160522,有,冷氣、熱水器,社會住宅包租轉租
淡水區,租賃房屋,新北市淡水區新市一路一段１９０號１７樓,0.0,,,,1150512,土地0建物1車位0,十七層,17,住宅大樓(11層含以上有電梯),住家用,鋼筋混凝土造,1051020,121.32,3,1,2,有,有,無,15000,124,,0.0,0,管理費：2500元，由承租人負擔,RPQNMLKLNHLGFEF28CC,整棟(戶)出租,有,1150525~1160524,有,熱水器、瓦斯或天然氣,社會住宅代管
淡水區,租賃房屋,新北市淡水區興福寮６６巷２１３號４樓,0.0,,,,1150518,土地0建物1車位0,四層,6,華廈(10層含以下有電梯),住家用,鋼筋混凝土造,0980526,81.07,2,2,1,有,有,有,14500,179,,0.0,0,管理費每月2000元，由承租人負擔,RPRNMLKLNHLGFEF38CC,整棟(戶)出租,有,1150531~1160530,有,冷氣、熱水器,社會住宅包租轉租
八里區,租賃房屋+車位,新北市八里區商港一路８６號十三樓,0.0,,,,1150518,土地0建物1車位1,十三層,14,住宅大樓(11層含以上有電梯),集合住宅,鋼筋混凝土造,1120626,122.85999999999999,2,1,1,有,有,無,18100,174,坡道平面,35.85,3000,管理費2400元， 由承租人負擔,RPSNMLKLNHLGFEF48CC,整棟(戶)出租,有,1150520~1160519,有,冷氣、熱水器、瓦斯或天然氣,社會住宅包租轉租
淡水區,租賃房屋,新北市淡水區新市三路二段１９７號十二樓,0.0,,,,1150518,土地0建物1車位0,十二層,29,住宅大樓(11層含以上有電梯),住家用,鋼筋混凝土造,1070525,122.0,3,1,2,有,有,有,18000,148,,0.0,0,,RPTNMLKLNHLGFEF58CC,整棟(戶)出租,有,1150525~1160603,有,冷氣、熱水器、洗衣機、電視機、冰箱、瓦斯或天然氣,社會住宅包租轉租
淡水區,租賃房屋,新北市淡水區新市五路三段３２６號二十三樓,0.0,,,,1150514,土地0建物1車位0,二十三層,27,住宅大樓(11層含以上有電梯),住家用,鋼筋混凝土造,1061229,93.4,2,1,1,有,有,無,14000,150,,0.0,0,續租案件；,RPUNMLKLNHLGFEF68CC,整棟(戶)出租,有,1150520~1160611,有,冷氣、熱水器、瓦斯或天然氣,社會住宅包租轉租
淡水區,租賃房屋,新北市淡水區新市五路三段１６６號十九樓,0.0,,,,1150518,土地0建物1車位0,十九層,27,住宅大樓(11層含以上有電梯),住家用,鋼筋混凝土造,1061229,86.24000000000001,2,1,1,有,有,有,16000,186,,0.0,0,,RPVNMLKLNHLGFEF78CC,整棟(戶)出租,有,1150525~1160524,有,冷氣、熱水器、洗衣機、電視機、瓦斯或天然氣,社會住宅包租轉租
淡水區,租賃房屋,新北市淡水區新市五路三段３４２號８樓,0.0,,,,1150518,土地0建物1車位0,八層,27,住宅大樓(11層含以上有電梯),住家用,鋼筋混凝土造,1061229,86.63,2,2,1,有,有,有,17500,202,,0.0,0,多人共同承租2；,RPXNMLKLNHLGFEF98CC,整棟(戶)出租,有,1150520~1160519,有,冷氣、熱水器、洗衣機、電視機、冰箱、瓦斯或天然氣,社會住宅包租轉租
淡水區,租賃房屋,新北市淡水區沙崙路１３７號９樓,0.0,,,,1150518,土地0建物1車位0,九層,19,住宅大樓(11層含以上有電梯),住家用,鋼筋混凝土造,0840727,137.44,3,2,2,有,有,有,15000,109,,0.0,0,管理費每月2500元，由承租人負擔,RPPOMLKLNHLGFEF28CC,整棟(戶)出租,有,1150531~1160530,有,冷氣、熱水器、洗衣機、電視機、冰箱、瓦斯或天然氣,社會住宅包租轉租
淡水區,租賃房屋,新北市淡水區學府路１３６巷５５號十三樓之６,0.0,,,,1150520,土地0建物1車位0,十三層,14,住宅大樓(11層含以上有電梯),住家用,鋼筋混凝土造,0961002,33.84,1,1,1,有,有,有,6600,195,,0.0,0,每個月管理費400元由承租人負擔。續租案件；,RPQOMLKLNHLGFEF38CC,獨立套房,有,1150601~1160531,有,冷氣、熱水器、冰箱,社會住宅包租轉租
淡水區,租賃房屋,新北市淡水區水源街二段１７７巷４３弄２之１５號３樓,0.0,,,,1150512,土地0建物0車位0,三層,9,華廈(10層含以下有電梯),住家用,鋼筋混凝土造,1010824,34.89,3,0,3,有,有,有,7500,215,,0.0,0,管理費.網路.第四台費用每月1000元續租案件；,RPUOMLKLNHLGFEF78CC,分租套房,有,1150701~1160630,有,冷氣、熱水器、洗衣機、電視機、冰箱、有線電視、網路,一般代管
淡水區,租賃房屋,新北市淡水區水源街二段１７７巷４３弄２之１５號５樓,0.0,,,,1150512,土地0建物0車位0,五層,9,華廈(10層含以下有電梯),住家用,鋼筋混凝土造,1010824,34.89,3,0,3,有,有,有,8000,229,,0.0,0,管理費.網路.第四台費用每月1000元,RPOPMLKLNHLGFEF28CC,分租套房,有,1150701~1160630,有,冷氣、熱水器、洗衣機、電視機、冰箱、有線電視、網路,一般代管
淡水區,租賃房屋,新北市淡水區水源街二段１７７巷４３弄２之１１號６樓,0.0,,,,1150512,土地0建物0車位0,六層,9,華廈(10層含以下有電梯),住家用,鋼筋混凝土造,1010824,36.34,2,0,2,有,有,有,8000,220,,0.0,0,管理費.網路.第四台費用每月1000元多人共同承租2；續租案件；,RPPPMLKLNHLGFEF38CC,分租套房,有,1150701~1160630,有,冷氣、熱水器、洗衣機、電視機、冰箱、有線電視、網路,一般代管
淡水區,租賃房屋,新北市淡水區水源街二段１７７巷４３弄６之７號６樓,0.0,,,,1150512,土地0建物0車位0,六層,9,華廈(10層含以下有電梯),住家用,鋼筋混凝土造,1010824,36.43,2,0,2,有,有,有,8000,220,,0.0,0,管理費.網路.第四台費用每月1000元續租案件；,RPQPMLKLNHLGFEF48CC,分租套房,有,1150701~1160630,有,冷氣、熱水器、洗衣機、電視機、冰箱、有線電視、網路,一般代管
淡水區,租賃房屋,新北市淡水區水源街二段１７７巷４３弄２之７號５樓,0.0,,,,1150512,土地0建物0車位0,五層,9,華廈(10層含以下有電梯),住家用,鋼筋混凝土造,1010824,28.71,2,0,2,有,有,有,8000,279,,0.0,0,管理費.網路.第四台費用每月1000元,RPRPMLKLNHLGFEF58CC,分租套房,有,1150701~1160630,有,冷氣、熱水器、洗衣機、電視機、冰箱、有線電視、網路,一般代管
淡水區,租賃房屋,新北市淡水區水源街二段１７７巷４３弄６之８號９樓,0.0,,,,1150512,土地0建物0車位0,九層,9,華廈(10層含以下有電梯),住家用,鋼筋混凝土造,1010824,31.090000000000003,2,0,2,有,有,有,8000,257,,0.0,0,管理費.網路.第四台費用每月1000元續租案件；,RPTPMLKLNHLGFEF78CC,分租套房,有,1150701~1160630,有,冷氣、熱水器、洗衣機、電視機、冰箱、有線電視、網路,一般代管
淡水區,租賃房屋+車位,新北市淡水區新市五路３段２４０號６樓,0.0,,,,1150520,土地0建物1車位1,六層,27,住宅大樓(11層含以上有電梯),住家用,鋼筋混凝土造,1061229,111.28999999999999,2,1,1,有,有,有,19000,167,坡道機械,15.42,3000,管理費每月2000元，由承租人負擔,RPVPMLKLNHLGFEF98CC,整棟(戶)出租,有,1150525~1160524,有,冷氣、熱水器、電視機、瓦斯或天然氣,社會住宅包租轉租
八里區,租賃房屋+車位,新北市八里區義民街３９號八樓,0.0,,,,1150518,土地0建物1車位1,八層,12,住宅大樓(11層含以上有電梯),集合住宅,鋼筋混凝土造,1090818,126.88,3,2,2,有,有,無,20000,158,坡道平面,0.0,3000,管理費3000元，由承租人負擔,RPXPMLKLNHLGFEF56CC,整棟(戶)出租,有,1150520~1170519,有,熱水器、瓦斯或天然氣,社會住宅包租轉租
八里區,租賃房屋,新北市八里區龍米路一段２１３之３號五樓,0.0,,,,1150518,土地0建物1車位0,五層,9,華廈(10層含以下有電梯),集合住宅,鋼筋混凝土造,1130826,164.54000000000002,3,2,2,有,有,有,21000,128,,0.0,0,管理費4000元，由承租人負擔未租賃車位，建物登記含有車位面積；,RPOQMLKLNHLGFEF38CC,整棟(戶)出租,有,1150520~1170519,有,冷氣、熱水器、洗衣機、冰箱、瓦斯或天然氣,社會住宅包租轉租
淡水區,租賃房屋,新北市淡水區淡海路６９巷６號四樓,0.0,,,,1150518,土地0建物1車位0,四層,4,公寓(5樓含以下無電梯),住家用,鋼筋混凝土造,0691016,98.15,3,1,2,有,無,有,13000,132,,0.0,0,水電費 由承租人負擔,RPRQMLKLNHLGFEF68CC,整棟(戶)出租,無,1150601~1160531,無,冷氣、熱水器、瓦斯或天然氣,社會住宅代管
淡水區,租賃房屋,新北市淡水區水源街二段１７７巷４３弄２之９號６樓,0.0,,,,1150513,土地0建物0車位0,六層,9,華廈(10層含以下有電梯),住家用,鋼筋混凝土造,1010824,35.44,2,0,2,有,有,有,8000,226,,0.0,0,管理費.網路.第四台費用每月1000元,RPSQMLKLNHLGFEF78CC,分租套房,有,1150701~1160630,有,冷氣、熱水器、電視機、冰箱、有線電視、網路,一般代管
蘆洲區,租賃房屋,新北市蘆洲區保和街４９號３樓,0.0,,,,1150519,土地0建物1車位0,三層,5,公寓(5樓含以下無電梯),住家用,鋼筋混凝土造,0740830,91.28,3,1,1,有,無,有,28500,312,,0.0,0,多人共同承租3；,RPPNMLKLNHLGFGF38CC,整棟(戶)出租,無,1150519~1160531,無,冷氣、熱水器、洗衣機、電視機、冰箱、瓦斯或天然氣、有線電視、網路,一般轉租
三重區,租賃房屋,新北市三重區龍門路３０號２樓,0.0,,,,1150514,土地0建物1車位0,二層,15,住宅大樓(11層含以上有電梯),住家用,鋼筋混凝土造,0980218,50.8,1,1,1,有,有,有,19000,374,,0.0,0,管理費：900元，租金不含管理費，由承租人負擔。續租案件；,RPQNMLKLNHLGFGF48CC,獨立套房,有,1150603~1160524,有,冷氣、熱水器、洗衣機、電視機、冰箱,社會住宅包租轉租
三重區,租賃房屋,新北市三重區三和路三段６１號三樓,0.0,,,,1150518,土地0建物1車位0,三層,15,住宅大樓(11層含以上有電梯),住家用,鋼筋混凝土造,0980218,39.05,1,1,1,有,有,有,17310,443,,0.0,0,另有管理費690元，由出租人負擔，租金已扣除管理費。,RPRNMLKLNHLGFGF58CC,獨立套房,有,1150518~1160109,有,冷氣、熱水器、洗衣機、電視機、冰箱,社會住宅包租轉租
三重區,租賃房屋,新北市三重區永福街１６４號三樓,0.0,,,,1150516,土地0建物1車位0,三層,5,公寓(5樓含以下無電梯),住家用,鋼筋混凝土造,0691009,85.0,3,1,1,有,無,有,20000,235,,0.0,0,,RPTNMLKLNHLGFGF78CC,整棟(戶)出租,無,1150520~1160519,無,冷氣、熱水器、瓦斯或天然氣,社會住宅包租轉租
三重區,租賃房屋,新北市三重區光復路一段７０號９樓,0.0,,,,1150513,土地0建物1車位0,九層,10,廠辦,工業用,鋼筋混凝土造,0860225,278.97,0,0,0,無,有,無,78000,280,,0.0,0,,RPXNMLKLNHLGFGF56CC,,有,1150514~1180531,有,冷氣,
蘆洲區,租賃房屋,新北市蘆洲區三民路４５１號１０樓,0.0,,,,1150518,土地0建物1車位0,十層,12,住宅大樓(11層含以上有電梯),集合住宅,鋼筋混凝土造,1150119,54.01,1,0,1,有,有,有,19500,361,,0.0,0,管理費：1575元，租金不含管理費，由承租人負擔。,RPOOMLKLNHLGFGF38CC,獨立套房,有,1150525~1160524,有,冷氣、熱水器、洗衣機、冰箱,社會住宅包租轉租
蘆洲區,租賃房屋,新北市蘆洲區永樂街３８巷１８號三樓,0.0,,,,1150516,土地0建物1車位0,三層,5,公寓(5樓含以下無電梯),住家用,鋼筋混凝土造,0780814,113.71,3,2,2,有,無,有,20000,176,,0.0,0,續租案件；,RPQOMLKLNHLGFGF58CC,整棟(戶)出租,無,1150607~1160606,無,冷氣、熱水器,社會住宅代管
蘆洲區,租賃房屋,新北市蘆洲區長安街１２４號二樓之一,0.0,,,,1150515,土地0建物1車位0,二層,7,華廈(10層含以下有電梯),住家用,鋼筋混凝土造,0841221,62.870000000000005,2,1,1,有,有,有,23000,366,,0.0,0,續租案件；,RPROMLKLNHLGFGF68CC,整棟(戶)出租,無,1150525~1170524,有,冷氣、熱水器、冰箱、瓦斯或天然氣,社會住宅包租轉租
三重區,租賃房屋,新北市三重區元信一街３９號十三樓之九,0.0,,,,1150515,土地0建物1車位0,十三層,15,住宅大樓(11層含以上有電梯),集合住宅,鋼筋混凝土造,1130731,58.49,2,1,1,有,有,有,23000,393,,0.0,0,續租案件；,RPSOMLKLNHLGFGF78CC,整棟(戶)出租,有,1150522~1170521,有,冷氣、熱水器、洗衣機、冰箱、瓦斯或天然氣,社會住宅包租轉租
三重區,租賃房屋,新北市三重區長樂街８４號五樓,0.0,,,,1150511,土地0建物2車位0,五層,5,公寓(5樓含以下無電梯),住家用,鋼筋混凝土造,0700130,83.0,6,0,6,有,無,無,18000,217,,0.0,0,含有多個門牌且未個別計算租金長樂街82號五樓長樂街84號五樓；,RPTOMLKLNHLGFGF88CC,整棟(戶)出租,無,1150515~1160514,無,,
三重區,租賃房屋+車位,新北市三重區成功一街１８號１１樓之５,0.0,,,,1150520,土地0建物1車位1,十一層,15,住宅大樓(11層含以上有電梯),集合住宅,鋼筋混凝土造,1140917,102.5,3,2,2,有,有,無,39000,380,坡道平面,23.13,0,多人共同承租3；租金總額含管理費；其他車位清潔費；,RPWOMLKLNHLGFGF56CC,整棟(戶)出租,有,1150525~1160524,有,冷氣、洗衣機、冰箱、瓦斯或天然氣,一般包租
三重區,租賃房屋+車位,新北市三重區重新路五段３６１號１２樓,0.0,,,,1150513,土地0建物1車位1,十二層,18,住宅大樓(11層含以上有電梯),集合住宅,鋼筋混凝土造,1101210,150.76999999999998,3,2,2,有,有,無,41000,272,坡道平面,33.96,0,多人共同承租2；租金總額含管理費；續租案件；,RPQPMLKLNHLGFGF68CC,整棟(戶)出租,有,1150520~1180228,有,冷氣、熱水器、瓦斯或天然氣,一般轉租
三重區,租賃房屋,新北市三重區水漾路一段２２９號四樓,0.0,,,,1150518,土地0建物1車位0,四層,12,住宅大樓(11層含以上有電梯),集合住宅,鋼筋混凝土造,1140925,86.82,1,0,1,有,有,無,24000,276,,0.0,0,未租賃車位，建物登記含有車位面積；,RPUPMLKLNHLGFGF09CC,獨立套房,有,1150525~1160524,有,冷氣、熱水器,社會住宅代管
蘆洲區,租賃房屋,新北市蘆洲區長安街１９４巷１１之１號五樓,0.0,,,,1150518,土地0建物1車位0,五層,9,華廈(10層含以下有電梯),住家用,鋼筋混凝土造,0950918,159.48000000000002,3,1,2,有,有,有,28500,179,,0.0,0,未租賃車位，建物登記含有車位面積；,RPVPMLKLNHLGFGF56CC,整棟(戶)出租,有,1150601~1160531,有,冷氣、熱水器、瓦斯或天然氣,社會住宅代管
蘆洲區,租賃房屋,新北市蘆洲區三民路４５５號８樓,0.0,,,,1150518,土地0建物1車位0,八層,12,住宅大樓(11層含以上有電梯),集合住宅,鋼筋混凝土造,1150119,51.46,1,0,1,有,有,有,19000,369,,0.0,0,管理費：1575元，租金不含管理費，由承租人負擔。,RPXPMLKLNHLGFGF76CC,獨立套房,有,1150525~1160524,有,冷氣、熱水器、洗衣機、冰箱,社會住宅包租轉租
蘆洲區,租賃房屋,新北市蘆洲區光復路３０巷１２號４樓,0.0,,,,1150513,土地0建物1車位0,四層,5,華廈(10層含以下有電梯),住家用,鋼筋混凝土造,0950314,84.78999999999999,4,2,2,有,有,無,27000,318,,0.0,0,續租案件；,RPOQMLKLNHLGFGF58CC,整棟(戶)出租,無,1150601~1160531,有,熱水器、瓦斯或天然氣,社會住宅代管
蘆洲區,租賃房屋,新北市蘆洲區三民路４５３號７樓,0.0,,,,1150518,土地0建物1車位0,七層,12,住宅大樓(11層含以上有電梯),集合住宅,鋼筋混凝土造,1150119,51.46,1,0,1,有,有,有,19000,369,,0.0,0,管理費：1575元，租金不含管理費，由承租人負擔。,RPPQMLKLNHLGFGF68CC,獨立套房,有,1150525~1160524,有,冷氣、熱水器、洗衣機、冰箱,社會住宅包租轉租
中和區,租賃房屋,新北市中和區板南路１７６號二樓,0.0,,,,1150514,土地0建物1車位0,二層,5,公寓(5樓含以下無電梯),住商用,鋼筋混凝土造,0681004,83.79,2,2,2,有,無,有,19900,237,,0.0,0,,RPQNMLKLNHLGFHF58CC,整棟(戶)出租,無,1150520~1160519,無,冷氣、熱水器、冰箱、瓦斯或天然氣,社會住宅包租轉租
中和區,租賃房屋,新北市中和區民利街６１巷２５號六樓,0.0,,,,1150515,土地0建物1車位0,六層,13,住宅大樓(11層含以上有電梯),集合住宅,鋼筋混凝土構造,1130625,169.32999999999998,3,2,2,有,有,有,38000,224,,0.0,0,租金含一個機車停車格，費用不清楚未租賃車位，建物登記含有車位面積；,RPSNMLKLNHLGFHF78CC,整棟(戶)出租,有,1150515~1180531,有,冷氣、熱水器,
中和區,租賃房屋,新北市中和區景平路１８２號三十一樓之二,0.0,,,,1150514,土地0建物1車位0,三十一層,41,住宅大樓(11層含以上有電梯),住家用,鋼骨鋼筋混凝土造,0861104,44.31,1,0,1,有,有,有,19000,429,,0.0,0,續租案件；,RPTNMLKLNHLGFHF88CC,獨立套房,有,1150520~1160519,有,冷氣、熱水器、電視機、冰箱,社會住宅包租轉租
中和區,租賃房屋,新北市中和區景安路２０８巷３１號四樓,0.0,,,,1150515,土地0建物1車位0,四層,4,公寓(5樓含以下無電梯),住家用,加強磚造,0660120,73.8,3,1,1,有,無,無,17500,237,,0.0,0,,RPUNMLKLNHLGFHF98CC,整棟(戶)出租,無,1150520~1160519,無,冷氣、熱水器、洗衣機、冰箱,社會住宅包租轉租
中和區,租賃房屋,新北市中和區景德街２１號十一樓之９,0.0,,,,1150514,土地0建物1車位0,十一層,15,住宅大樓(11層含以上有電梯),集合住宅,鋼筋混凝土構造,1060120,40.23,1,0,1,有,有,有,12000,298,,0.0,0,續租案件；,RPVNMLKLNHLGFHF09CC,獨立套房,有,1150523~1160522,有,冷氣、熱水器、洗衣機、電視機、冰箱,社會住宅包租轉租
中和區,租賃房屋,新北市中和區中正路８３９巷６６號十三樓,0.0,,,,1150515,土地0建物1車位0,十三層,25,住宅大樓(11層含以上有電梯),集合住宅,鋼筋混凝土構造,1140502,128.87,3,2,2,有,有,有,32000,248,,0.0,0,,RPWNMLKLNHLGFHF56CC,整棟(戶)出租,有,1150520~1160519,有,冷氣、熱水器、瓦斯或天然氣,社會住宅包租轉租
中和區,租賃房屋,新北市中和區景德街５號１３樓之２３,0.0,,,,1150518,土地0建物1車位0,十三層,15,住宅大樓(11層含以上有電梯),集合住宅,鋼筋混凝土構造,1060120,40.23,1,0,1,有,有,有,29000,721,,0.0,0,租金含下列服務:生活及休閒服務如:文康活動、清潔打掃等及福利諮詢等租金總額含管理費；,RPXNMLKLNHLGFHF66CC,獨立套房,有,1150429~1161231,有,冷氣、熱水器、洗衣機、電視機、冰箱、有線電視,一般轉租
中和區,租賃房屋,新北市中和區中正路８３９巷６６號二十一樓,0.0,,,,1150515,土地0建物1車位0,二十一層,25,住宅大樓(11層含以上有電梯),集合住宅,鋼筋混凝土構造,1140502,128.87,3,2,2,有,有,有,32000,248,,0.0,0,,RPOOMLKLNHLGFHF48CC,整棟(戶)出租,有,1150520~1160519,有,冷氣、熱水器、瓦斯或天然氣,社會住宅包租轉租
中和區,租賃房屋,新北市中和區景德街５號１３樓之１９,0.0,,,,1150518,土地0建物1車位0,十三層,15,住宅大樓(11層含以上有電梯),集合住宅,鋼筋混凝土構造,1060120,46.39,1,0,1,有,有,有,31500,679,,0.0,0,租金含下列服務:生活及休閒服務如:文康活動、清潔打掃等及福利諮詢等租金總額含管理費；,RPROMLKLNHLGFHF78CC,獨立套房,有,1150514~1161231,有,冷氣、熱水器、洗衣機、電視機、冰箱、有線電視,一般轉租
中和區,租賃房屋,新北市中和區景德街１７號１２樓之１２,0.0,,,,1150518,土地0建物1車位0,十二層,15,住宅大樓(11層含以上有電梯),集合住宅,鋼筋混凝土構造,1060120,41.34,1,0,1,有,有,有,29000,701,,0.0,0,租金含下列服務:生活及休閒服務如:文康活動、清潔打掃等及福利諮詢等租金總額含管理費；,RPTOMLKLNHLGFHF98CC,獨立套房,有,1150518~1161231,有,冷氣、熱水器、洗衣機、電視機、冰箱、有線電視,一般轉租
中和區,租賃房屋,新北市中和區中和路２６５號２樓,0.0,,,,1150520,土地0建物0車位0,二層,4,公寓(5樓含以下無電梯),住家用,鋼筋混凝土造,0661117,21.0,5,0,5,有,無,有,16000,762,,0.0,0,204室續租案件；,RPUOMLKLNHLGFHF09CC,分租套房,無,1150701~1150831,無,冷氣、熱水器、洗衣機、電視機、冰箱、有線電視、網路,一般轉租
中和區,租賃房屋,新北市中和區莒光路１０３巷３號三樓,0.0,,,,1150515,土地0建物1車位0,三層,5,公寓(5樓含以下無電梯),住家用,鋼筋混凝土造,0730901,62.63,3,2,1,有,無,有,19500,311,,0.0,0,續租案件；,RPVOMLKLNHLGFHF56CC,整棟(戶)出租,無,1150520~1170519,無,冷氣、熱水器、洗衣機、電視機、冰箱、瓦斯或天然氣,社會住宅包租轉租
永和區,租賃房屋,新北市永和區勵行街７２巷１６號五樓,0.0,,,,1150515,土地0建物1車位0,五層,5,公寓(5樓含以下無電梯),住家用,鋼筋混凝土造,0850208,40.82000000000001,1,1,1,有,無,無,12000,294,,0.0,0,續租案件；,RPWOMLKLNHLGFHF66CC,獨立套房,無,1150519~1170518,無,冷氣、熱水器、洗衣機、冰箱、瓦斯或天然氣,社會住宅包租轉租
中和區,租賃房屋,新北市中和區連城路８９巷７之３號十五樓,0.0,,,,1150518,土地0建物1車位0,十五層,16,住宅大樓(11層含以上有電梯),住家用,鋼筋混凝土造,0831128,103.06,3,1,2,有,有,有,30000,291,,0.0,0,管理費每個月1890元不包含在租金內,RPRPMLKLNHLGFHF88CC,整棟(戶)出租,有,1150601~1180531,有,冷氣、熱水器、洗衣機、電視機、冰箱、瓦斯或天然氣,社會住宅包租轉租
永和區,租賃房屋,新北市永和區竹林路２１９號３樓,0.0,,,,1150519,土地0建物1車位0,三層,4,公寓(5樓含以下無電梯),住家用,鋼筋混凝土造,0610609,79.01,3,1,1,有,無,有,28000,354,,0.0,0,,RPWPMLKLNHLGFHF76CC,整棟(戶)出租,無,1150601~1160531,無,冷氣、熱水器、洗衣機,社會住宅包租轉租
鶯歌區,租賃房屋,新北市鶯歌區尖山埔路１６５巷３弄６號四樓,0.0,,,,1150516,土地0建物1車位0,四層,5,公寓(5樓含以下無電梯),住家用,鋼筋混凝土造,0700622,77.42,2,1,2,有,無,有,8000,103,,0.0,0,,RPQNMLKLNHLGFIF68CC,整棟(戶)出租,無,1150605~1180604,無,熱水器、瓦斯或天然氣,社會住宅包租轉租
鶯歌區,租賃房屋,新北市鶯歌區鳳福路２８號六樓,0.0,,,,1150513,土地0建物1車位0,六層,13,住宅大樓(11層含以上有電梯),集合住宅,鋼筋混凝土造,1130705,153.79,3,2,2,有,有,無,19600,127,,0.0,0,每月管理費2400元由出租人負擔。租賃契約書22000元，內含每月管理費2400元未租賃車位，建物登記含有車位面積；續租案件；,RPRNMLKLNHLGFIF78CC,整棟(戶)出租,有,1150610~1160609,有,冷氣、熱水器、瓦斯或天然氣,社會住宅代管
鶯歌區,租賃房屋,新北市鶯歌區國際二路６巷８號三樓,0.0,,,,1150516,土地0建物1車位0,三層,4,公寓(5樓含以下無電梯),住家用,鋼筋混凝土造,0691107,82.48,3,2,1,有,無,有,15000,182,,0.0,0,,RPSNMLKLNHLGFIF88CC,整棟(戶)出租,無,1150601~1180531,無,冷氣、熱水器、洗衣機、電視機、冰箱、瓦斯或天然氣,社會住宅包租轉租
鶯歌區,租賃房屋,新北市鶯歌區高職西街１１號三樓,0.0,,,,1150516,土地0建物1車位0,三層,10,華廈(10層含以下有電梯),集合住宅,鋼筋混凝土造,1110126,122.02000000000001,2,1,1,有,有,有,19000,156,,0.0,0,管理費每個月2000元不包含在租金內未租賃車位，建物登記含有車位面積；,RPUNMLKLNHLGFIF09CC,整棟(戶)出租,有,1150517~1160516,有,冷氣、熱水器、瓦斯或天然氣,社會住宅包租轉租
三峽區,租賃房屋,新北市三峽區大同路２７０巷２１號六樓,0.0,,,,1150518,土地0建物1車位0,六層,8,華廈(10層含以下有電梯),住家用,鋼筋混凝土造,0841228,110.25,3,1,2,有,有,有,15500,141,,0.0,0,管理費1000元，水電費 由承租人負擔續租案件；,RPVNMLKLNHLGFIF56CC,整棟(戶)出租,有,1150601~1160531,有,冷氣、熱水器、瓦斯或天然氣,社會住宅代管
三峽區,租賃房屋,新北市三峽區民族街３之２號五樓,0.0,,,,1150515,土地0建物1車位0,五層,5,公寓(5樓含以下無電梯),住家用,鋼筋混凝土造,,70.08,3,2,1,有,無,有,16500,235,,0.0,0,續租案件；,RPXNMLKLNHLGFIF76CC,整棟(戶)出租,無,1150520~1160519,無,冷氣、熱水器、洗衣機、瓦斯或天然氣,社會住宅代管
樹林區,租賃房屋,新北市樹林區中華路２８１號八樓之５,0.0,,,,1150515,土地0建物1車位0,八層,11,住宅大樓(11層含以上有電梯),住家用,鋼筋混凝土造,0860203,54.800000000000004,2,1,1,有,有,有,20000,365,,0.0,0,續租案件；,RPOOMLKLNHLGFIF58CC,整棟(戶)出租,有,1150524~1160523,有,冷氣、熱水器、洗衣機、電視機、冰箱、瓦斯或天然氣,社會住宅代管
三峽區,租賃房屋,新北市三峽區大勇路３巷１０號四樓,0.0,,,,1150516,土地0建物1車位0,四層,4,公寓(5樓含以下無電梯),住家用,鋼筋混凝土造,,83.88,2,1,1,有,無,有,19000,227,,0.0,0,多人共同承租2；,RPPOMLKLNHLGFIF68CC,整棟(戶)出租,無,1150520~1160519,無,冷氣、熱水器、電視機、冰箱,社會住宅代管
三峽區,租賃房屋,新北市三峽區復興路１４１之３號四樓,0.0,,,,1150520,土地0建物1車位0,四層,17,住宅大樓(11層含以上有電梯),住家用,鋼筋混凝土造,0861024,148.94,3,2,2,有,有,無,14000,94,,0.0,0,管理費1000元，水電費 瓦斯費 由承租人負擔未租賃車位，建物登記含有車位面積；,RPSOMLKLNHLGFIF98CC,整棟(戶)出租,有,1150601~1170531,有,熱水器、瓦斯或天然氣,社會住宅包租轉租
三峽區,租賃房屋,新北市三峽區大仁路２號四樓,0.0,,,,1150520,土地0建物1車位0,四層,7,華廈(10層含以下有電梯),住家用,鋼筋混凝土造,0850215,125.64,3,1,2,有,有,無,20000,159,,0.0,0,管理費1500元，水電費 瓦斯費 由承租人負擔續租案件；,RPTOMLKLNHLGFIF09CC,整棟(戶)出租,有,1150601~1160531,有,冷氣、熱水器、瓦斯或天然氣,社會住宅代管
三峽區,租賃房屋,新北市三峽區大學路８５號三樓之十八,0.0,,,,1150519,土地0建物1車位0,三層,15,住宅大樓(11層含以上有電梯),集合住宅,鋼筋混凝土造,1010608,36.370000000000005,1,1,1,有,有,有,11500,316,,0.0,0,管理費每個月500元不包含在租金內,RPUOMLKLNHLGFIF56CC,獨立套房,有,1150525~1160524,有,冷氣、熱水器、洗衣機、冰箱、有線電視,社會住宅包租轉租
鶯歌區,租賃房屋,新北市鶯歌區鶯桃路２９６巷５７號七樓,0.0,,,,1150515,土地0建物1車位0,七層,7,華廈(10層含以下有電梯),住家用,鋼筋混凝土造,0810430,103.56,3,1,1,有,無,有,17500,169,,0.0,0,,RPWOMLKLNHLGFIF76CC,整棟(戶)出租,無,1150517~1160516,有,冷氣、熱水器、洗衣機、電視機、冰箱,社會住宅包租轉租
土城區,租賃房屋,新北市土城區學府路一段１２９巷２０號二樓,0.0,,,,1150520,土地0建物0車位0,二層,5,公寓(5樓含以下無電梯),住家用,鋼筋混凝土造,0770225,23.07,7,0,7,有,無,有,11000,477,,0.0,0,租金總額含水費；瓦斯費；租賃建物部分範圍，且未計入共有部分面積；續租案件；,RPSNMLLLNHLGFAF18CC,分租套房,無,1150701~1160630,無,冷氣、熱水器、洗衣機、電視機、冰箱、瓦斯或天然氣,一般代管
土城區,租賃房屋,新北市土城區延和路１４６巷１３弄５號,0.0,,,,1150511,土地0建物1車位0,一層,4,公寓(5樓含以下無電梯),住家用,鋼筋混凝土造,0830204,84.48,2,1,1,有,無,有,18000,213,,0.0,0,續租案件；,RPTNMLLLNHLGFAF28CC,整棟(戶)出租,無,1150512~1160511,無,熱水器、瓦斯或天然氣,社會住宅代管
板橋區,租賃房屋,新北市板橋區後菜園街３９號三樓,0.0,,,,1150514,土地0建物1車位0,三層,4,公寓(5樓含以下無電梯),住家用,鋼筋混凝土造,,57.17,3,1,2,有,無,有,23500,411,,0.0,0,,RPUNMLLLNHLGFAF38CC,整棟(戶)出租,無,1150515~1160514,無,冷氣、熱水器、洗衣機、電視機、冰箱,一般轉租
土城區,租賃房屋,新北市土城區水源街１２之１號３樓,0.0,,,,1150519,土地0建物1車位0,三層,4,公寓(5樓含以下無電梯),住家用,鋼筋混凝土造,0700127,94.91,3,2,2,有,無,有,21000,221,,0.0,0,續租案件；,RPXNMLLLNHLGFAF68CC,整棟(戶)出租,無,1150601~1160531,無,冷氣、熱水器、瓦斯或天然氣,社會住宅代管
板橋區,租賃房屋,新北市板橋區雙十路三段３８號四樓,0.0,,,,1150512,土地0建物1車位0,四層,4,公寓(5樓含以下無電梯),住家用,加強磚造,,68.2,3,1,2,有,無,無,18000,264,,0.0,0,,RPOOMLLLNHLGFAF87CC,整棟(戶)出租,無,1150519~1180518,無,冷氣、熱水器,社會住宅代管
板橋區,租賃房屋,新北市板橋區民生路三段１８８號三樓,0.0,,,,1150511,土地0建物1車位0,三層,26,住宅大樓(11層含以上有電梯),集合住宅,鋼筋混凝土造,1021014,38.17,1,0,1,有,有,有,18500,485,,0.0,0,每月管理費1386元另計，由承租人負擔。多人共同承租2；,RPPOMLLLNHLGFAF97CC,獨立套房,有,1150515~1160514,有,冷氣、熱水器、瓦斯或天然氣,社會住宅包租轉租
板橋區,租賃房屋,新北市板橋區後菜園街１９號,0.0,,,,1150516,土地0建物1車位0,三層,4,公寓(5樓含以下無電梯),住家用,鋼筋混凝土造,,136.23,3,2,1,有,無,無,17000,125,,0.0,0,,RPQOMLLLNHLGFAF08CC,整棟(戶)出租,無,1150520~1160519,無,熱水器、瓦斯或天然氣,社會住宅包租轉租
板橋區,租賃房屋,新北市板橋區國慶路１８７之２號五樓,0.0,,,,1150512,土地0建物1車位0,五層,7,華廈(10層含以下有電梯),住家用,鋼筋混凝土造,0860821,34.230000000000004,1,0,1,有,有,有,11000,321,,0.0,0,每月管理費665元另計，由承租人負擔。,RPROMLLLNHLGFAF18CC,獨立套房,有,1150515~1160514,有,冷氣、熱水器、洗衣機、冰箱,社會住宅包租轉租
板橋區,租賃房屋,新北市板橋區光華街２８巷１號３樓,0.0,,,,1150516,土地0建物0車位0,三層,5,公寓(5樓含以下無電梯),住家用,鋼筋混凝土造,0741102,48.64,4,2,4,有,無,有,32000,658,,0.0,0,多人共同承租2；,RPWOMLLLNHLGFAF68CC,分租套房,無,1150520~1160609,無,冷氣、熱水器、洗衣機、電視機、冰箱、瓦斯或天然氣、網路,一般轉租
板橋區,租賃房屋,新北市板橋區文化路二段３７２號３樓,0.0,,,,1150520,土地0建物0車位0,三層,5,公寓(5樓含以下無電梯),住家用,鋼筋混凝土造,0660202,17.22,7,1,7,有,無,有,11600,674,,0.0,0,,RPXOMLLLNHLGFAF78CC,分租套房,無,1150521~1160609,無,冷氣、熱水器、洗衣機、電視機、冰箱、瓦斯或天然氣、網路,一般轉租
新莊區,租賃房屋+車位,新北市新莊區新樹路６０７之１號四樓,0.0,,,,1150515,土地0建物1車位1,四層,10,華廈(10層含以下有電梯),工業用,鋼筋混凝土造,0850119,199.71,2,2,1,有,有,無,34133,171,坡道平面,18.97,0,共有部分之範圍，供停車位使用租金總額含稅；,RPRNMLLLNHLGFBF18CC,,無,1150615~1170614,有,,
林口區,租賃房屋,新北市林口區佳林路５６巷１１號,0.0,,,,1150515,土地0建物1車位0,一層,3,公寓(5樓含以下無電梯),住家用,鋼筋混凝土造,0710619,130.11,3,2,2,有,無,無,25000,192,,0.0,0,,RPTNMLLLNHLGFBF38CC,整棟(戶)出租,無,1150520~1160519,無,冷氣、熱水器、瓦斯或天然氣,社會住宅包租轉租
新莊區,租賃房屋,新北市新莊區民安西路２９８號三樓,0.0,,,,1150515,土地0建物1車位0,三層,5,公寓(5樓含以下無電梯),住家用,鋼筋混凝土造,0800507,92.13,2,1,1,有,無,無,15000,163,,0.0,0,,RPVNMLLLNHLGFBF58CC,整棟(戶)出租,無,1150521~1180520,無,熱水器、瓦斯或天然氣,社會住宅包租轉租
泰山區,租賃房屋,新北市泰山區明志路二段３０４號五樓,0.0,,,,1150515,土地0建物1車位0,五層,5,公寓(5樓含以下無電梯),住家用,鋼筋混凝土造,0710427,99.75,5,1,1,有,無,有,10000,100,,0.0,0,,RPWNMLLLNHLGFBF68CC,整棟(戶)出租,無,1150525~1180524,無,冷氣、熱水器、瓦斯或天然氣,社會住宅包租轉租
泰山區,租賃房屋,新北市泰山區明志路二段１２４號５樓,0.0,,,,1150519,土地0建物1車位0,五層,11,住宅大樓(11層含以上有電梯),住家用,鋼筋混凝土造,0841204,134.5,3,1,2,有,有,有,22200,165,,0.0,0,管理費：1500元，承租人負擔。續租案件；,RPXNMLLLNHLGFBF78CC,整棟(戶)出租,有,1150610~1160609,有,冷氣、熱水器、瓦斯或天然氣,社會住宅代管
新莊區,租賃房屋,新北市新莊區中環路二段４４１號,0.0,,,,1150515,土地0建物1車位0,一層,19,店面(店鋪),店舖,鋼筋混凝土造,1020812,179.53,0,0,0,無,有,無,64470,359,,0.0,0,民國115年5月15日起至民國115年6月30日止為免租金裝潢期租金總額含稅；含有多個門牌且未個別計算租金新北市新莊區中環路二段443號新北市新莊區中環路二段445號新北市新莊區中環路二段447號；租賃期間有約定不同租金第一年至第三年每月新台幣六萬四千四百七十元整第四年至第五年每月新台幣六萬七千四百七十元整；,RPOOMLLLNHLGFBF97CC,,有,1150515~1200630,有,,
林口區,租賃房屋+車位,新北市林口區文化三路一段２３９號二十一樓,0.0,,,,1150512,土地0建物1車位1,二十一層,28,住宅大樓(11層含以上有電梯),集合住宅,鋼筋混凝土造,1100423,268.52,4,2,2,有,有,有,118400,475,坡道平面,26.57,3500,管理費6600元及網路費由出租人負擔水電費、瓦斯費由承租人負擔本物件有2個車位，只承租一個車位（B3-020）租金總額含網路費；,RPQOMLLLNHLGFBF18CC,整棟(戶)出租,有,1150601~1160531,有,冷氣、熱水器、洗衣機、電視機、冰箱、瓦斯或天然氣、網路,
林口區,租賃房屋,新北市林口區中山路５２８號二樓,0.0,,,,1150515,土地0建物1車位0,二層,15,住宅大樓(11層含以上有電梯),一般事務所,鋼筋混凝土造,0960927,111.12,2,2,1,有,有,有,19900,179,,0.0,0,管理費每個月2149元，由承租人負擔,RPTOMLLLNHLGFBF48CC,整棟(戶)出租,有,1150516~1170109,有,冷氣、熱水器、洗衣機、電視機、冰箱、瓦斯或天然氣,社會住宅包租轉租
五股區,租賃房屋,新北市五股區成泰路三段５７７巷８０弄８７號三樓,0.0,,,,1150520,土地0建物1車位0,三層,5,公寓(5樓含以下無電梯),住家用,鋼筋混凝土造,0760921,97.87,3,2,2,有,無,無,19000,194,,0.0,0,續租案件；,RPUOMLLLNHLGFBF58CC,整棟(戶)出租,無,1150615~1160614,無,冷氣、熱水器、冰箱,社會住宅代管
五股區,租賃房屋,新北市五股區民義路一段４２號九樓,0.0,,,,1150520,土地0建物1車位0,九層,10,華廈(10層含以下有電梯),住家用,鋼筋混凝土造,0940721,96.10000000000001,3,2,2,有,有,無,21000,219,,0.0,0,另有管理費2000元，由承租人負擔。,RPVOMLLLNHLGFBF68CC,整棟(戶)出租,有,1150525~1160524,有,冷氣、熱水器、瓦斯或天然氣,社會住宅代管
林口區,租賃房屋+車位,新北市林口區吉祥路３０號,14.01,商,,,1150518,土地1建物1車位1,一層,15,店面(店鋪),一般零售業,鋼筋混凝土造,1150213,149.54,0,0,0,無,有,無,68000,455,坡道平面,26.5,0,租金總額含稅；,RPWOMLLLNHLGFBF78CC,,有,1150525~1230624,有,,
新莊區,租賃房屋,新北市新莊區中正路３４７巷１７弄８號２樓,0.0,,,,1150516,土地0建物1車位0,二層,14,住宅大樓(11層含以上有電梯),住家用,鋼筋混凝土造,0840218,117.22,3,2,2,有,有,有,27000,230,,0.0,0,管理費每個月2140元不包含在租金內,RPPPMLLLNHLGFBF18CC,整棟(戶)出租,有,1150520~1160519,有,冷氣、熱水器、冰箱、瓦斯或天然氣,社會住宅代管
新莊區,租賃房屋,新北市新莊區新泰路３８４號３樓,0.0,,,,1150516,土地0建物1車位0,三層,4,公寓(5樓含以下無電梯),住家用,鋼筋混凝土造,0660808,95.93,2,2,1,有,無,有,15000,156,,0.0,0,續租案件；,RPQPMLLLNHLGFBF28CC,整棟(戶)出租,無,1150615~1160614,無,冷氣、熱水器、電視機、冰箱、瓦斯或天然氣,社會住宅代管
新莊區,租賃房屋,新北市新莊區仁愛街４８號４樓,0.0,,,,1150518,土地0建物1車位0,四層,5,公寓(5樓含以下無電梯),住家用,鋼筋混凝土造,0710223,79.8,3,1,1,有,無,無,17000,213,,0.0,0,,RPTPMLLLNHLGFBF58CC,整棟(戶)出租,無,1150605~1160604,無,熱水器,社會住宅代管
林口區,租賃房屋+車位,新北市林口區文化三路一段３８９號１０樓之５,21.25,住,,,1150515,土地1建物1車位1,十層,15,住宅大樓(11層含以上有電梯),集合住宅,鋼筋混凝土造,1121026,144.37,2,1,1,有,有,無,30000,208,坡道平面,27.06,0,,RPUPMLLLNHLGFBF68CC,整棟(戶)出租,有,1150515~1170514,有,瓦斯或天然氣,
五股區,租賃房屋+車位,新北市五股區新五路二段５２２號五樓,0.0,,,,1150520,土地0建物1車位1,五層,24,住宅大樓(11層含以上有電梯),集合住宅,鋼筋混凝土造,1120923,86.17,3,1,1,有,有,有,23300,315,坡道平面,21.73,3000,管理費1700元，由承租人負擔,RPVPMLLLNHLGFBF78CC,整棟(戶)出租,有,1150520~1160519,有,冷氣、熱水器、洗衣機、電視機、冰箱、瓦斯或天然氣,社會住宅包租轉租
五股區,租賃房屋,新北市五股區新五路三段２３０號８樓,0.0,,,,1150519,土地0建物1車位0,八層,19,住宅大樓(11層含以上有電梯),集合住宅,鋼筋混凝土造,1060104,163.82,2,2,2,有,有,無,19900,121,,0.0,0,管理費：2752元，租金不含管理費，由承租人負擔。續租案件；,RPWPMLLLNHLGFBF88CC,整棟(戶)出租,有,1150525~1180524,有,冷氣、熱水器、瓦斯或天然氣,社會住宅包租轉租
新莊區,租賃房屋,新北市新莊區龍安路１３號３樓,0.0,,,,1150519,土地0建物1車位0,三層,28,住宅大樓(11層含以上有電梯),集合住宅,鋼骨鋼筋混凝土造,1080723,85.44,2,1,1,有,有,有,28000,328,,0.0,0,管理費每個月1800元不包含在租金內,RPXPMLLLNHLGFBF98CC,整棟(戶)出租,有,1150525~1160524,有,冷氣、熱水器、洗衣機、冰箱、瓦斯或天然氣,社會住宅代管
五股區,租賃房屋+車位,新北市五股區新城三路３號十一樓,0.0,,,,1150518,土地0建物1車位1,十一層,14,住宅大樓(11層含以上有電梯),集合住宅,鋼筋混凝土造,1041112,128.04,3,2,1,有,有,無,22900,196,坡道平面,26.75,3000,管理費2100元，由承租人負擔續租案件；,RPPQMLLLNHLGFBF28CC,整棟(戶)出租,有,1150605~1160604,有,冷氣、熱水器、瓦斯或天然氣,社會住宅包租轉租
新莊區,租賃房屋,新北市新莊區中平路３７０號六樓,0.0,,,,1150518,土地0建物1車位0,六層,9,華廈(10層含以下有電梯),住家用,鋼筋混凝土造,0880507,110.05000000000001,3,2,2,有,有,有,26000,236,,0.0,0,另有管理費1998元，由承租人負擔。,RPQQMLLLNHLGFBF38CC,整棟(戶)出租,有,1150601~1160531,有,冷氣、熱水器、洗衣機、冰箱、瓦斯或天然氣,社會住宅代管
新莊區,租賃房屋,新北市新莊區新泰路４０１巷９號四樓,0.0,,,,1150518,土地0建物1車位0,四層,4,公寓(5樓含以下無電梯),住家用,加強磚造,0651020,75.9,2,2,1,有,無,有,15000,198,,0.0,0,,RPRQMLLLNHLGFBF48CC,整棟(戶)出租,無,1150601~1160531,無,冷氣、熱水器、洗衣機、冰箱、瓦斯或天然氣,社會住宅包租轉租
五股區,租賃房屋,新北市五股區成泰路一段７巷３２號,0.0,,,,1150520,土地0建物1車位0,全,1,透天厝,住家用,加強磚造,0580403,52.02,3,1,1,有,無,有,21000,404,,0.0,0,,RPSQMLLLNHLGFBF58CC,整棟(戶)出租,無,1150701~1160630,無,冷氣、熱水器、洗衣機、電視機、冰箱,社會住宅包租轉租
五股區,租賃房屋,新北市五股區新五路三段１７２號十七樓,0.0,,,,1150518,土地0建物1車位0,十七層,19,住宅大樓(11層含以上有電梯),集合住宅,鋼筋混凝土造,1120703,105.94999999999999,2,1,1,有,有,有,21100,199,,0.0,0,管理費1900元，水電費 瓦斯費 由承租人負擔,RPTQMLLLNHLGFBF68CC,整棟(戶)出租,有,1150520~1160519,有,冷氣、熱水器、洗衣機、冰箱、瓦斯或天然氣,社會住宅代管
新莊區,租賃房屋,新北市新莊區建安街２４號７樓之２,0.0,,,,1150513,土地0建物1車位0,七層,7,華廈(10層含以下有電梯),住家用,鋼筋混凝土造,0801009,63.86,2,1,1,有,有,有,11600,182,,0.0,0,另有管理費400元，由出租人負擔，租金已扣除管理費,RPVQMLLLNHLGFBF88CC,整棟(戶)出租,無,1150515~1160514,有,冷氣、熱水器、洗衣機、電視機、冰箱,社會住宅代管
新莊區,租賃房屋,新北市新莊區中正路８９１之３３號三樓,0.0,,,,1150520,土地0建物1車位0,三層,4,公寓(5樓含以下無電梯),住家用,鋼筋混凝土造,0681031,90.6,3,2,1,有,無,無,13500,149,,0.0,0,管理費元，水電費 瓦斯費 由承租人負擔續租案件；,RPWQMLLLNHLGFBF98CC,整棟(戶)出租,無,1150620~1160619,無,冷氣、熱水器、洗衣機、瓦斯或天然氣,社會住宅代管
新莊區,租賃房屋,新北市新莊區民安路１８８巷８弄５號十一樓之六,0.0,,,,1150519,土地0建物1車位0,十一層,13,住宅大樓(11層含以上有電梯),住家用,鋼筋混凝土造,0901219,48.019999999999996,1,1,1,有,有,有,12000,250,,0.0,0,,RPXQMLLLNHLGFBF09CC,獨立套房,有,1150525~1160524,有,冷氣、熱水器、洗衣機、電視機、冰箱,社會住宅代管
新莊區,租賃房屋,新北市新莊區新泰路４１７號十樓之一,0.0,,,,1150513,土地0建物1車位0,十層,14,住宅大樓(11層含以上有電梯),住家用,鋼筋混凝土造,0880503,43.239999999999995,1,1,1,有,有,有,17400,402,,0.0,0,另有管理費600元，水電費由承租人負擔。,RPORMLLLNHLGFBF28CC,整棟(戶)出租,有,1150620~1160619,有,冷氣、熱水器、洗衣機、電視機、冰箱,社會住宅包租轉租
新莊區,租賃房屋,新北市新莊區瓊林路４０巷９號４樓,0.0,,,,1150516,土地0建物0車位0,四層,4,公寓(5樓含以下無電梯),住家用,加強磚造,0570915,15.19,5,1,5,有,無,有,10700,704,,0.0,0,多人共同承租2；,RPPRMLLLNHLGFBF38CC,分租套房,無,1150520~1160609,無,冷氣、熱水器、洗衣機、電視機、冰箱、瓦斯或天然氣、網路,一般轉租
新店區,租賃房屋,新北市新店區北宜路二段１２３之１號３樓,0.0,,,,1150515,土地0建物1車位0,三層,20,住宅大樓(11層含以上有電梯),住家用,鋼骨造,0900120,45.690000000000005,3,1,1,有,有,有,16000,350,,0.0,0,續租案件；,RPPNMLLLNHLGFCF08CC,整棟(戶)出租,有,1150525~1170524,有,冷氣、熱水器、洗衣機、冰箱、瓦斯或天然氣,社會住宅包租轉租
新店區,租賃房屋,新北市新店區竹林路５６號十三樓,0.0,,,,1150515,土地0建物1車位0,十三層,13,住宅大樓(11層含以上有電梯),集合住宅,鋼筋混凝土構造,1110601,110.4,2,2,2,有,有,有,29000,263,,0.0,0,續租案件；,RPQNMLLLNHLGFCF18CC,整棟(戶)出租,有,1150525~1180524,有,冷氣、熱水器、瓦斯或天然氣,社會住宅包租轉租
新店區,租賃房屋,新北市新店區北宜路二段３４７號十一樓之３,0.0,,,,1150515,土地0建物1車位0,十一層,11,住宅大樓(11層含以上有電梯),集合住宅,鋼筋混凝土構造,1050308,150.18,3,2,2,有,有,有,28000,186,,0.0,0,,RPSNMLLLNHLGFCF38CC,整棟(戶)出租,有,1150525~1160524,有,冷氣、熱水器、瓦斯或天然氣,社會住宅包租轉租
新店區,租賃房屋+車位,新北市新店區北新路１段２９３號７樓,0.0,,,,1150514,土地0建物1車位1,七層,19,辦公商業大樓,辦公室,鋼筋混凝土造,0931029,86.50999999999999,1,0,2,有,有,無,26365,305,升降機械,21.28,0,租金總額含稅；,RPUNMLLLNHLGFCF58CC,,有,1150514~1180513,有,冷氣,
新店區,租賃房屋,新北市新店區新和街３２巷１之１號,0.0,,,,1150520,土地0建物1車位0,見其他登記事項,7,華廈(10層含以下有電梯),集合住宅,鋼筋混凝土造,0970617,280.35,5,0,5,有,無,有,56170,200,,0.0,0,租賃期間有約定不同租金119/05/20~124/05/19、月租金59170元；,RPVNMLLLNHLGFCF68CC,整棟(戶)出租,無,1150520~1240519,有,冷氣、熱水器、電視機、冰箱,一般轉租
新店區,租賃房屋,新北市新店區北宜路二段１３９號四樓,0.0,,,,1150516,土地0建物1車位0,四層,12,住宅大樓(11層含以上有電梯),住家用,鋼筋混凝土造,0870112,147.41,3,2,2,有,有,有,26000,176,,0.0,0,,RPOOMLLLNHLGFCF08CC,整棟(戶)出租,有,1150520~1160519,有,冷氣、熱水器、洗衣機、電視機、冰箱、瓦斯或天然氣,社會住宅代管
新店區,租賃房屋,新北市新店區安忠路７１巷７號五樓,0.0,,,,1150512,土地0建物1車位0,五層,5,公寓(5樓含以下無電梯),住家用,鋼筋混凝土造,0771123,117.31,3,2,2,有,無,無,15000,128,,0.0,0,多人共同承租2；,RPPOMLLLNHLGFCF18CC,整棟(戶)出租,無,1150519~1160518,無,冷氣、熱水器,社會住宅包租轉租
深坑區,租賃房屋,新北市深坑區北深路３段２８６巷７號２樓,0.0,,,,1150516,土地0建物1車位0,二層,4,公寓(5樓含以下無電梯),住家用,鋼筋混凝土造,0790123,100.12,3,2,2,有,無,無,15000,150,,0.0,0,,RPUOMLLLNHLGFCF68CC,整棟(戶)出租,無,1150601~1170531,無,熱水器,
汐止區,租賃房屋,新北市汐止區大同路三段６１９號２７樓之１,0.0,,,,1150515,土地0建物1車位0,二十七層,32,住宅大樓(11層含以上有電梯),住家用,鋼筋混凝土造,0880203,75.08,2,1,1,有,有,有,13000,173,,0.0,0,多人共同承租2；,RPPNMLLLNHLGFDF18CC,整棟(戶)出租,有,1150517~1170616,有,冷氣、熱水器、洗衣機、瓦斯或天然氣,社會住宅包租轉租
汐止區,租賃房屋,新北市汐止區福德一路２９０號五樓,0.0,,,,1150518,土地0建物1車位0,五層,5,公寓(5樓含以下無電梯),住家用,鋼筋混凝土造,0770116,103.60000000000001,3,2,2,有,無,有,23000,222,,0.0,0,續租案件；,RPQNMLLLNHLGFDF28CC,整棟(戶)出租,無,1150601~1160531,無,冷氣、熱水器、瓦斯或天然氣,社會住宅代管
汐止區,租賃房屋,新北市汐止區新台五路二段２３８號三樓,0.0,,,,1150515,土地0建物1車位0,三層,14,住宅大樓(11層含以上有電梯),住家用,鋼筋混凝土造,0961123,111.98,4,2,2,有,有,無,19500,174,,0.0,0,續租案件；,RPRNMLLLNHLGFDF38CC,整棟(戶)出租,有,1150520~1180519,有,冷氣、熱水器、瓦斯或天然氣,社會住宅包租轉租
汐止區,租賃房屋,新北市汐止區中華街４７號之２，６樓,0.0,,,,1150519,土地0建物1車位0,六層,10,華廈(10層含以下有電梯),住家用,鋼筋混凝土造,0830127,117.91999999999999,1,1,1,有,有,無,19000,161,,0.0,0,租金總額含管理費；水費；網路費；,RPTNMLLLNHLGFDF58CC,整棟(戶)出租,有,1150525~1160524,有,冷氣、熱水器、洗衣機、電視機、冰箱、瓦斯或天然氣、網路,
汐止區,租賃房屋,新北市汐止區福德一路２０１巷１３號,0.0,,,,1150516,土地0建物1車位0,一層,6,店面(店鋪),原有面積：１０７．４４平方公尺，原使用項目：住商用；申請面積：５１．４９平方公尺，申請使用項目：飲食店,鋼筋混凝土造,0811109,134.29,0,0,0,無,有,無,36000,268,,0.0,0,,RPUNMLLLNHLGFDF68CC,,有,1150516~1180630,有,冷氣、電視機、瓦斯或天然氣,
汐止區,租賃房屋+車位,新北市汐止區中興路４３之５號２樓,0.0,,,,1150513,土地0建物1車位2,二層,13,廠辦,一般廠房,鋼筋混凝土構造,1100112,765.46,0,0,0,無,有,無,209350,286,坡道平面,57.66,7000,,RPVNMLLLNHLGFDF78CC,,有,1150601~1170615,有,,
汐止區,租賃房屋,新北市汐止區大同路三段６１１號２８樓之３,0.0,,,,1150518,土地0建物1車位0,二十八層,32,住宅大樓(11層含以上有電梯),住家用,鋼筋混凝土造,0880203,41.72,1,0,1,有,有,有,10500,252,,0.0,0,管理費每個月757元不包含在租金內,RPXNMLLLNHLGFDF98CC,整棟(戶)出租,有,1150518~1160517,有,冷氣、熱水器、洗衣機、電視機、冰箱、瓦斯或天然氣,社會住宅代管
淡水區,租賃房屋,新北市淡水區濱海路二段２０２巷６９號六樓,0.0,,,,1150515,土地0建物1車位0,六層,23,住宅大樓(11層含以上有電梯),集合住宅,鋼筋混凝土造,1100119,99.44999999999999,2,1,1,有,有,無,18000,181,,0.0,0,續租案件；,RPPNMLLLNHLGFEF28CC,整棟(戶)出租,有,1150701~1160630,有,冷氣、熱水器、瓦斯或天然氣,社會住宅包租轉租
淡水區,租賃房屋,新北市淡水區沙崙路一段１２６巷８號十二樓,0.0,,,,1150518,土地0建物1車位0,十二層,14,住宅大樓(11層含以上有電梯),住家用,鋼筋混凝土造,1080212,109.74,2,2,1,有,有,有,19000,173,,0.0,0,,RPQNMLLLNHLGFEF38CC,整棟(戶)出租,有,1150525~1160324,有,冷氣、熱水器、瓦斯或天然氣,社會住宅代管
八里區,租賃房屋+車位,新北市八里區中山路一段４３０巷２９號六樓,0.0,,,,1150513,土地0建物1車位1,六層,13,住宅大樓(11層含以上有電梯),集合住宅,鋼筋混凝土造,1140527,117.32,2,1,1,有,有,無,19000,188,坡道平面,32.03,3000,另有管理費3000元，由承租人負擔。,RPRNMLLLNHLGFEF48CC,整棟(戶)出租,有,1150520~1160519,有,冷氣、熱水器、瓦斯或天然氣,社會住宅包租轉租
淡水區,租賃房屋,新北市淡水區沙崙路一段９９號六樓,0.0,,,,1150518,土地0建物1車位0,六層,12,住宅大樓(11層含以上有電梯),住家用,鋼筋混凝土造,1080306,122.72,3,2,2,有,有,有,22000,179,,0.0,0,續租案件；,RPSNMLLLNHLGFEF58CC,整棟(戶)出租,有,1150520~1160519,有,冷氣、熱水器、洗衣機、冰箱、瓦斯或天然氣,社會住宅代管
淡水區,租賃房屋,新北市淡水區水碓街４２號５樓,0.0,,,,1150519,土地0建物0車位0,五層,5,公寓(5樓含以下無電梯),住家用,鋼筋混凝土造,0680904,20.84,4,0,4,有,無,無,7000,336,,0.0,0,,RPTNMLLLNHLGFEF68CC,分租套房,無,1150601~1160531,無,冷氣、熱水器、洗衣機、網路,
淡水區,租賃房屋,新北市淡水區水碓街４２號５樓,0.0,,,,1150519,土地0建物0車位0,五層,5,公寓(5樓含以下無電梯),住家用,鋼筋混凝土造,0680904,20.84,4,0,4,有,無,無,7000,336,,0.0,0,,RPVNMLLLNHLGFEF88CC,分租套房,無,1150601~1160531,無,冷氣、熱水器、洗衣機、網路,
淡水區,租賃房屋+車位,新北市淡水區民族路３３巷１０號９樓,0.0,,,,1150520,土地0建物1車位1,九層,14,住宅大樓(11層含以上有電梯),工業用,鋼筋混凝土造,0841206,143.51,3,2,2,有,有,有,36000,251,坡道機械,26.87,0,租金總額含管理費；其他停車位清潔費；,RPWNMLLLNHLGFEF98CC,整棟(戶)出租,有,1150601~1200531,有,冷氣、熱水器、洗衣機、冰箱、瓦斯或天然氣,
淡水區,租賃房屋,新北市淡水區新市五路三段４１０號１２樓,0.0,,,,1150512,土地0建物1車位0,十二層,29,住宅大樓(11層含以上有電梯),集合住宅,鋼筋混凝土造,1080822,202.73,4,2,2,有,有,無,32258,159,,0.0,0,多人共同承租2；租金總額含管理費；網路費；,RPXNMLLLNHLGFEF09CC,整棟(戶)出租,有,1150513~1160512,有,冷氣、熱水器,
淡水區,租賃房屋,新北市淡水區新市五路三段４１０號１１樓,0.0,,,,1150515,土地0建物1車位0,十一層,29,住宅大樓(11層含以上有電梯),集合住宅,鋼筋混凝土造,1080822,202.73,4,2,2,有,有,無,32258,159,,0.0,0,租金總額含管理費；網路費；,RPOOMLLLNHLGFEF28CC,整棟(戶)出租,有,1150516~1160515,有,冷氣、熱水器,
淡水區,租賃房屋,新北市淡水區新市二路２段２號７樓,0.0,,,,1150520,土地0建物1車位0,七層,13,住宅大樓(11層含以上有電梯),住家用,鋼筋混凝土造,1040907,168.64,3,1,2,有,有,有,20000,119,,0.0,0,管理費每月3000元，由承租人負擔未租賃車位，建物登記含有車位面積；,RPROMLLLNHLGFEF58CC,整棟(戶)出租,有,1150531~1160530,有,冷氣、熱水器、洗衣機、電視機、冰箱、瓦斯或天然氣,社會住宅代管
淡水區,租賃房屋,新北市淡水區中山路１０６號４樓,0.0,,,,1150518,土地0建物0車位0,四層,7,華廈(10層含以下有電梯),住家用,鋼筋混凝土造,0791128,20.2,8,0,8,有,無,無,11000,545,,0.0,0,,RPSOMLLLNHLGFEF68CC,分租套房,無,1150525~1160524,有,冷氣、熱水器、洗衣機、電視機、冰箱、瓦斯或天然氣,
淡水區,租賃房屋,新北市淡水區淡金路二段１７７號１５樓,0.0,,,,1150511,土地0建物1車位0,十五層,26,住宅大樓(11層含以上有電梯),集合住宅,鋼筋混凝土造,1131028,130.32999999999998,2,2,2,有,有,無,23000,176,,0.0,0,禁寵，禁菸，禁神明祭祀，因人為損壞屋主不會處理家電修繕。租金總額含管理費；未租賃車位，建物登記含有車位面積；,RPWOMLLLNHLGFEF09CC,整棟(戶)出租,有,1150515~1160514,有,冷氣、熱水器、瓦斯或天然氣,
淡水區,租賃房屋+車位,新北市淡水區中正東路二段１７７號,0.0,,,,1150513,土地0建物1車位3,二層,5,廠辦,一般事務所、警衛室、梯間、機房、水箱、防空避難室兼停車空間,鋼骨造、鋼筋混凝土,0940502,952.07,0,0,0,無,有,無,304214,320,坡道平面,0.0,9000,1.此戶為所有權人自行分割此建物部分出租計價面積約288坪以實際分隔現況為準。2.停車位為該棟專屬停車空間無法拆算單坪車位。3.承租方公司籌備中 尚無統一編號。,RPOPMLLLNHLGFEF38CC,,有,1150420~1180419,有,,
淡水區,租賃房屋,新北市淡水區中山路８７巷４號２樓,0.0,,,,1150519,土地0建物1車位0,二層,4,公寓(5樓含以下無電梯),住家用,鋼筋混凝土造,0750118,43.68,2,1,1,有,無,有,15000,343,,0.0,0,,RPPPMLLLNHLGFEF48CC,整棟(戶)出租,無,1150520~1160519,無,冷氣、熱水器、洗衣機、電視機、冰箱,社會住宅包租轉租
淡水區,租賃房屋,新北市淡水區水源街二段１７７巷４３弄２之１１號５樓,0.0,,,,1150513,土地0建物0車位0,五層,9,華廈(10層含以下有電梯),住家用,鋼筋混凝土造,1010824,36.34,2,0,2,有,有,有,8000,220,,0.0,0,管理費.網路.第四台費用每月1000元,RPRPMLLLNHLGFEF68CC,分租套房,有,1150701~1160630,有,冷氣、熱水器、洗衣機、電視機、冰箱、有線電視、網路,一般代管
三芝區,租賃房屋,新北市三芝區忠孝街１之５號四樓,0.0,,,,1150518,土地0建物1車位0,四層,5,公寓(5樓含以下無電梯),住家用,鋼筋混凝土造,0811125,109.4,3,1,2,有,無,有,9000,82,,0.0,0,,RPSPMLLLNHLGFEF78CC,整棟(戶)出租,無,1150522~1160224,無,熱水器、洗衣機、冰箱、瓦斯或天然氣,社會住宅包租轉租
淡水區,租賃房屋,新北市淡水區水源街二段１７７巷６３號九樓,0.0,,,,1150518,土地0建物1車位0,九層,16,住宅大樓(11層含以上有電梯),住家用,鋼筋混凝土造,0851202,34.480000000000004,1,1,1,有,有,有,10000,290,,0.0,0,,RPTPMLLLNHLGFEF88CC,獨立套房,有,1150520~1180519,有,冷氣、熱水器、洗衣機、電視機、冰箱,社會住宅代管
三芝區,租賃房屋,新北市三芝區樂全街３９號五樓,0.0,,,,1150518,土地0建物1車位0,五層,9,華廈(10層含以下有電梯),住家用,鋼筋混凝土造,0850605,52.309999999999995,1,1,1,有,有,有,7200,138,,0.0,0,管理費800元由出租人負擔,RPUPMLLLNHLGFEF98CC,獨立套房,有,1150520~1160519,有,冷氣、熱水器、洗衣機、冰箱,社會住宅包租轉租
淡水區,租賃房屋,新北市淡水區水源街二段１７７巷４３弄２之６號６樓,0.0,,,,1150513,土地0建物0車位0,六層,9,華廈(10層含以下有電梯),住家用,鋼筋混凝土造,1010824,34.83,3,0,3,有,有,有,8000,230,,0.0,0,管理費.網路.第四台費用每月1000元,RPVPMLLLNHLGFEF09CC,分租套房,有,1150701~1160630,有,冷氣、熱水器、洗衣機、電視機、冰箱、有線電視、網路,一般代管
淡水區,租賃房屋,新北市淡水區北新路２０３號十七樓,0.0,,,,1150518,土地0建物1車位0,十七層,23,住宅大樓(11層含以上有電梯),住家用,鋼筋混凝土造,0840728,50.71,1,1,1,有,有,有,8500,168,,0.0,0,續租案件；,RPXPMLLLNHLGFEF66CC,獨立套房,有,1150523~1160522,有,冷氣、熱水器、洗衣機、冰箱,社會住宅代管
淡水區,租賃房屋,新北市淡水區水源街二段１７７巷４３弄６之８號９樓,0.0,,,,1150513,土地0建物0車位0,九層,9,華廈(10層含以下有電梯),住家用,鋼筋混凝土造,1010824,31.090000000000003,2,0,2,有,有,有,8000,257,,0.0,0,管理費.網路.第四台費用每月1000元多人共同承租2；續租案件；,RPRQMLLLNHLGFEF78CC,分租套房,有,1150901~1160831,有,冷氣、熱水器、洗衣機、電視機、冰箱、有線電視、網路,一般代管
淡水區,租賃房屋,新北市淡水區水源街二段１７７巷４３弄６之１號７樓,0.0,,,,1150513,土地0建物0車位0,七層,9,華廈(10層含以下有電梯),住家用,鋼筋混凝土造,1010824,35.269999999999996,3,0,3,有,有,有,8000,227,,0.0,0,管理費.網路.第四台費用每月1000元續租案件；,RPWQMLLLNHLGFEF66CC,分租套房,有,1150801~1160731,有,冷氣、熱水器、洗衣機、電視機、冰箱、有線電視、網路,一般代管
淡水區,租賃房屋,新北市淡水區水源街二段１７７巷４３弄２之６號６樓,0.0,,,,1150513,土地0建物0車位0,六層,9,華廈(10層含以下有電梯),住家用,鋼筋混凝土造,1010824,34.83,3,0,3,有,有,有,7500,215,,0.0,0,管理費.網路.第四台費用每月1000元多人共同承租2；續租案件；,RPXQMLLLNHLGFEF76CC,分租套房,有,1150701~1160630,有,冷氣、熱水器、電視機、冰箱、有線電視、網路,一般代管
瑞芳區,租賃房屋,新北市瑞芳區三爪子坑路８７之１號三樓,0.0,,,,1150514,土地0建物1車位0,三層,4,公寓(5樓含以下無電梯),住家用,鋼筋混凝土造,,95.19,3,2,1,有,無,有,10000,105,,0.0,0,續租案件；,RPPNMLLLNHLGFFF38CC,整棟(戶)出租,無,1150522~1160521,無,熱水器、瓦斯或天然氣,社會住宅代管
瑞芳區,租賃房屋,新北市瑞芳區三爪子坑路８４號二樓,0.0,,,,1150514,土地0建物1車位0,二層,2,公寓(5樓含以下無電梯),住家用,加強磚造,,98.47,2,1,1,有,無,有,12500,127,,0.0,0,續租案件；,RPQNMLLLNHLGFFF48CC,整棟(戶)出租,無,1150520~1160519,無,冷氣、熱水器、洗衣機、冰箱、瓦斯或天然氣,社會住宅代管
蘆洲區,租賃房屋,新北市蘆洲區長安街４６巷１４號二樓,0.0,,,,1150515,土地0建物1車位0,二層,5,公寓(5樓含以下無電梯),住家用,鋼筋混凝土造,0850719,70.69,2,2,1,有,有,有,21000,297,,0.0,0,續租案件；,RPPNMLLLNHLGFGF48CC,整棟(戶)出租,無,1150523~1170522,無,冷氣、熱水器、冰箱、瓦斯或天然氣,社會住宅包租轉租
蘆洲區,租賃房屋,新北市蘆洲區中山一路１９７巷４弄１０號,0.0,,,,1150520,土地0建物1車位0,一層,2,公寓(5樓含以下無電梯),住宅,加強磚造,0560615,26.82,2,2,1,有,無,有,16000,597,,0.0,0,續租案件；,RPQNMLLLNHLGFGF58CC,整棟(戶)出租,無,1150601~1160228,無,冷氣、熱水器、洗衣機、電視機、冰箱,社會住宅代管
蘆洲區,租賃房屋,新北市蘆洲區復興路８３號三樓,0.0,,,,1150515,土地0建物1車位0,三層,4,公寓(5樓含以下無電梯),住家用,鋼筋混凝土造,0671024,92.0,3,2,1,有,無,無,20000,217,,0.0,0,續租案件；,RPRNMLLLNHLGFGF68CC,整棟(戶)出租,無,1150523~1180522,無,冷氣、熱水器、洗衣機、電視機、冰箱、瓦斯或天然氣,社會住宅代管
三重區,租賃房屋,新北市三重區碧華街４１４號４樓,0.0,,,,1150515,土地0建物1車位0,四層,4,公寓(5樓含以下無電梯),住家用,鋼筋混凝土造,0680614,69.0,3,2,1,有,無,有,20000,290,,0.0,0,,RPSNMLLLNHLGFGF78CC,整棟(戶)出租,無,1150616~1160615,無,冷氣、熱水器、電視機、冰箱、瓦斯或天然氣,社會住宅代管
蘆洲區,租賃房屋,新北市蘆洲區民族路３３６巷４２弄２號４樓,0.0,,,,1150518,土地0建物1車位0,四層,8,華廈(10層含以下有電梯),住家用,鋼筋混凝土造,0860428,159.44,3,1,2,有,有,有,25500,160,,0.0,0,管理費：2500元，承租人負擔。續租案件；,RPTNMLLLNHLGFGF88CC,整棟(戶)出租,有,1150615~1160614,有,冷氣、熱水器、洗衣機、瓦斯或天然氣,社會住宅代管
三重區,租賃房屋,新北市三重區龍濱路１４０號三樓,0.0,,,,1150515,土地0建物1車位0,三層,4,公寓(5樓含以下無電梯),住家用,鋼筋混凝土造,0661215,90.0,4,1,1,有,無,無,10000,111,,0.0,0,,RPUNMLLLNHLGFGF98CC,整棟(戶)出租,無,1150520~1180519,無,冷氣、熱水器、洗衣機、瓦斯或天然氣,社會住宅代管
蘆洲區,租賃房屋,新北市蘆洲區光華路１６１號３樓,0.0,,,,1150519,土地0建物1車位0,三層,5,公寓(5樓含以下無電梯),住家用,鋼筋混凝土造,0741104,111.96,5,1,3,有,無,有,26000,232,,0.0,0,,RPVNMLLLNHLGFGF09CC,整棟(戶)出租,無,1150601~1160531,無,冷氣、熱水器,社會住宅代管
三重區,租賃房屋,新北市三重區正義南路１２９號八樓之三,0.0,,,,1150519,土地0建物1車位0,八層,12,住宅大樓(11層含以上有電梯),集合住宅,鋼筋混凝土造,1060405,37.769999999999996,1,0,1,有,有,有,21500,569,,0.0,0,續租案件；,RPXNMLLLNHLGFGF66CC,獨立套房,有,1150705~1160704,有,冷氣、熱水器、洗衣機、電視機、冰箱,一般轉租
蘆洲區,租賃房屋,新北市蘆洲區中正路１４８號３樓,0.0,,,,1150515,土地0建物1車位0,三層,4,公寓(5樓含以下無電梯),,鋼筋混凝土造,0660723,58.0,1,1,1,有,無,無,13000,224,,0.0,0,,RPQOMLLLNHLGFGF68CC,獨立套房,無,1150601~1160531,無,熱水器,社會住宅代管
三重區,租賃房屋,新北市三重區仁義街３７巷４０號１３樓,0.0,,,,1150519,土地0建物1車位0,十三層,14,住宅大樓(11層含以上有電梯),集合住宅,鋼筋混凝土造,1130729,144.9,3,1,2,有,有,有,31500,217,,0.0,0,管理費每個月3100元不包含在租金內未租賃車位，建物登記含有車位面積；續租案件；,RPVOMLLLNHLGFGF56CC,整棟(戶)出租,有,1150601~1160531,有,冷氣、熱水器、瓦斯或天然氣,社會住宅代管
三重區,租賃房屋,新北市三重區中正北路１４５巷４弄１４號四樓,0.0,,,,1150518,土地0建物1車位0,四層,5,公寓(5樓含以下無電梯),住家用,鋼筋混凝土造,0690917,105.0,4,2,2,有,無,無,18000,171,,0.0,0,續租案件；,RPQPMLLLNHLGFGF78CC,整棟(戶)出租,無,1150523~1180522,無,冷氣、熱水器、瓦斯或天然氣,社會住宅代管
三重區,租賃房屋,新北市三重區中央北路１２２巷１２號４樓,0.0,,,,1150513,土地0建物0車位0,四層,5,公寓(5樓含以下無電梯),住家用,鋼筋混凝土造,0780504,9.0,4,0,4,有,無,有,9000,1000,,0.0,0,租金總額含網路費；其他有線電視；,RPRPMLLLNHLGFGF88CC,分租套房,無,1150513~1160609,無,冷氣、熱水器、洗衣機、電視機、冰箱、有線電視、網路,一般代管
三重區,租賃房屋,新北市三重區中央南路３２巷１３號五樓,0.0,,,,1150516,土地0建物1車位0,五層,5,公寓(5樓含以下無電梯),住家用,鋼筋混凝土造,0840401,68.92,4,1,2,有,無,有,12200,177,,0.0,0,,RPSPMLLLNHLGFGF98CC,整棟(戶)出租,無,1150520~1180519,無,熱水器、瓦斯或天然氣,社會住宅代管
三重區,租賃房屋,新北市三重區六張街５６號４樓,0.0,,,,1150520,土地0建物1車位0,四層,5,公寓(5樓含以下無電梯),住家用,鋼筋混凝土造,0730403,48.21,2,1,1,有,無,有,19900,413,,0.0,0,,RPTPMLLLNHLGFGF09CC,整棟(戶)出租,無,1150601~1180531,無,冷氣、熱水器、洗衣機、電視機、冰箱、瓦斯或天然氣,社會住宅包租轉租
永和區,租賃房屋,新北市永和區保平路３０巷８號４樓,0.0,,,,1150519,土地0建物0車位0,四層,5,公寓(5樓含以下無電梯),住家用,鋼筋混凝土造,0680104,13.5,4,2,2,有,無,有,13800,1022,,0.0,0,租金總額含網路費；租賃建物部分範圍，且未計入共有部分面積；,RPPNMLLLNHLGFHF58CC,分租雅房,無,1150520~1160519,無,冷氣、網路,一般轉租
中和區,租賃房屋,新北市中和區連城路３４７巷１６弄３６號五樓,0.0,,,,1150514,土地0建物1車位0,五層,5,公寓(5樓含以下無電梯),住家用,鋼筋混凝土造,0690708,73.62,3,2,1,有,無,無,16000,217,,0.0,0,續租案件；,RPQNMLLLNHLGFHF68CC,整棟(戶)出租,無,1150519~1160518,無,熱水器,社會住宅包租轉租
中和區,租賃房屋,新北市中和區中正路８３９巷６８號十六樓,0.0,,,,1150515,土地0建物1車位0,十六層,25,住宅大樓(11層含以上有電梯),集合住宅,鋼筋混凝土構造,1140502,82.17,2,2,2,有,有,無,26000,316,,0.0,0,,RPSNMLLLNHLGFHF88CC,整棟(戶)出租,有,1150520~1160519,有,冷氣、熱水器、瓦斯或天然氣,社會住宅包租轉租
中和區,租賃房屋,新北市中和區安樂路１４３巷７號３樓,0.0,,,,1150513,土地0建物1車位0,三層,4,公寓(5樓含以下無電梯),住家用,加強磚造,0611106,65.39,3,2,1,有,無,有,25000,382,,0.0,0,,RPTNMLLLNHLGFHF98CC,整棟(戶)出租,無,1150515~1160514,無,冷氣、熱水器、洗衣機、冰箱、瓦斯或天然氣,一般包租
中和區,租賃房屋,新北市中和區中正路８３９巷６８號二十一樓,0.0,,,,1150515,土地0建物1車位0,二十一層,25,住宅大樓(11層含以上有電梯),集合住宅,鋼筋混凝土構造,1140502,82.17,2,2,2,有,有,無,26000,316,,0.0,0,,RPUNMLLLNHLGFHF09CC,整棟(戶)出租,有,1150520~1160519,有,冷氣、熱水器、瓦斯或天然氣,社會住宅包租轉租
中和區,租賃房屋,新北市中和區中正路８３９巷６６號十八樓,0.0,,,,1150515,土地0建物1車位0,十八層,25,住宅大樓(11層含以上有電梯),集合住宅,鋼筋混凝土構造,1140502,128.87,3,2,2,有,有,無,32000,248,,0.0,0,,RPWNMLLLNHLGFHF66CC,整棟(戶)出租,有,1150520~1160519,有,冷氣、熱水器、瓦斯或天然氣,社會住宅包租轉租
中和區,租賃房屋,新北市中和區中山路三段１１４巷２７號５樓,0.0,,,,1150511,土地0建物0車位0,五層,5,華廈(10層含以下有電梯),工業用,鋼筋混凝土造,0860719,36.79,11,0,5,有,無,有,20000,544,,0.0,0,,RPSOMLLLNHLGFHF98CC,分租套房,無,1150512~1160511,有,冷氣、熱水器、洗衣機、冰箱,一般轉租
中和區,租賃房屋,新北市中和區中山路三段１１４巷２７號５樓,0.0,,,,1150516,土地0建物0車位0,五層,5,華廈(10層含以下有電梯),工業用,鋼筋混凝土造,0860719,33.06,11,0,5,有,無,有,14500,439,,0.0,0,,RPTOMLLLNHLGFHF09CC,分租套房,無,1150601~1160531,有,冷氣、熱水器、洗衣機、冰箱,一般轉租
中和區,租賃房屋,新北市中和區中山路三段１１４巷２７號５樓,0.0,,,,1150513,土地0建物0車位0,五層,5,華廈(10層含以下有電梯),工業用,鋼筋混凝土造,0860719,20.66,11,0,5,有,無,有,8000,387,,0.0,0,,RPUOMLLLNHLGFHF56CC,分租雅房,無,1150610~1160609,有,冷氣、熱水器、洗衣機、冰箱,一般轉租
中和區,租賃房屋,新北市中和區景安路１３３號二樓,0.0,,,,1150518,土地0建物1車位0,二層,4,公寓(5樓含以下無電梯),住家用,Ｒ．Ｃ造,0651102,71.5,3,2,1,有,無,無,15000,210,,0.0,0,,RPWOMLLLNHLGFHF76CC,整棟(戶)出租,無,1150522~1160521,無,冷氣、熱水器、冰箱、瓦斯或天然氣,社會住宅代管
中和區,租賃房屋,新北市中和區景新街１４７號五樓,0.0,,,,1150518,土地0建物1車位0,五層,5,公寓(5樓含以下無電梯),住家用,鋼筋混凝土造,0700612,80.87,3,2,1,有,無,無,19500,241,,0.0,0,續租案件；,RPOPMLLLNHLGFHF68CC,整棟(戶)出租,無,1150520~1160519,無,冷氣、熱水器、瓦斯或天然氣,社會住宅包租轉租
中和區,租賃房屋,新北市中和區連城路３４７巷２弄５號二樓,0.0,,,,1150518,土地0建物1車位0,二層,4,公寓(5樓含以下無電梯),集合住宅,ＲＣ造,0641115,66.05,3,1,2,有,無,有,19800,300,,0.0,0,,RPPPMLLLNHLGFHF78CC,整棟(戶)出租,無,1150519~1160518,無,冷氣、熱水器、洗衣機、電視機、冰箱、瓦斯或天然氣,社會住宅包租轉租
中和區,租賃房屋,新北市中和區景平路１５１巷２號四樓,0.0,,,,1150519,土地0建物1車位0,四層,4,公寓(5樓含以下無電梯),住家用,鋼筋混凝土造,0661110,83.71,3,2,1,有,無,有,18000,215,,0.0,0,續租案件；,RPQPMLLLNHLGFHF88CC,整棟(戶)出租,無,1150525~1160524,無,冷氣、熱水器、洗衣機、電視機、瓦斯或天然氣,社會住宅代管
永和區,租賃房屋,新北市永和區成功路二段１２１巷５號二樓,0.0,,,,1150518,土地0建物1車位0,二層,5,公寓(5樓含以下無電梯),住家用,鋼筋混凝土造,0671215,83.68,3,1,1,有,無,無,21000,251,,0.0,0,續租案件；,RPRPMLLLNHLGFHF98CC,整棟(戶)出租,無,1150520~1160519,無,熱水器、冰箱、瓦斯或天然氣,社會住宅代管
永和區,租賃房屋,新北市永和區中正路４５４巷３號５樓,0.0,,,,1150513,土地0建物1車位0,五層,18,住宅大樓(11層含以上有電梯),住家用,鋼筋混凝土造,0841027,120.61,2,2,2,有,有,有,27000,224,,0.0,0,管理費：2040元，由房客負擔,RPSPMLLLNHLGFHF09CC,整棟(戶)出租,有,1150601~1160531,有,冷氣、熱水器、洗衣機、瓦斯或天然氣,社會住宅代管
永和區,租賃房屋,新北市永和區永和路一段７２巷３１號十三樓,0.0,,,,1150520,土地0建物1車位0,十三層,23,住宅大樓(11層含以上有電梯),集合住宅,鋼筋混凝土構造,1140624,73.88,1,2,1,有,有,無,28000,379,,0.0,0,管理費1366元，水電費 瓦斯費 由承租人負擔未租賃車位，建物登記含有車位面積；,RPTPMLLLNHLGFHF56CC,整棟(戶)出租,有,1150610~1160609,有,冷氣、熱水器、瓦斯或天然氣,
中和區,租賃房屋,新北市中和區景平路４２號三樓之五,0.0,,,,1150511,土地0建物1車位0,三層,12,住宅大樓(11層含以上有電梯),住家用,鋼筋混凝土造,0870917,40.260000000000005,1,0,1,有,有,有,8500,211,,0.0,0,,RPXPMLLLNHLGFHF96CC,獨立套房,有,1150515~1160514,有,冷氣、熱水器、洗衣機、電視機、冰箱,社會住宅代管
中和區,租賃房屋,新北市中和區連城路１０９巷８９號,0.0,,,,1150517,土地0建物0車位0,全,2,透天厝,住家用,加強磚造,0611226,12.42,6,3,6,有,無,有,20500,1651,,0.0,0,多人共同承租2；,RPOQMLLLNHLGFHF78CC,分租套房,無,1150518~1160609,無,冷氣、熱水器、洗衣機、電視機、冰箱、瓦斯或天然氣、網路,一般轉租
永和區,租賃房屋,新北市永和區中正路２巷２９弄１號２樓,0.0,,,,1150518,土地0建物1車位0,二層,4,公寓(5樓含以下無電梯),住家用,加強磚造,0610316,57.54,3,1,1,有,無,有,19800,344,,0.0,0,,RPRQMLLLNHLGFHF09CC,整棟(戶)出租,無,1150520~1180519,無,冷氣、熱水器、冰箱、瓦斯或天然氣,社會住宅包租轉租
樹林區,租賃房屋,新北市樹林區學勤路２８８號十二樓,0.0,,,,1150520,土地0建物1車位0,十二層,19,住宅大樓(11層含以上有電梯),住家用,鋼筋混凝土造,0951101,183.13,3,2,2,有,有,有,23800,130,,0.0,0,管理費3200元，水電費 瓦斯費 由承租人負擔未租賃車位，建物登記含有車位面積；續租案件；,RPPNMLLLNHLGFIF68CC,整棟(戶)出租,有,1150616~1160615,有,冷氣、熱水器、洗衣機、冰箱、瓦斯或天然氣,社會住宅代管
鶯歌區,租賃房屋,新北市鶯歌區高職西街９號四樓,0.0,,,,1150515,土地0建物1車位0,四層,10,華廈(10層含以下有電梯),集合住宅,鋼筋混凝土造,1110126,85.7,2,2,1,有,有,有,17000,198,,0.0,0,續租案件；,RPQNMLLLNHLGFIF78CC,整棟(戶)出租,有,1150524~1160523,有,冷氣、熱水器、洗衣機、電視機、冰箱、瓦斯或天然氣,社會住宅代管
三峽區,租賃房屋,新北市三峽區復興路１４１之３號,0.0,,,,1150520,土地0建物1車位0,一層,17,住宅大樓(11層含以上有電梯),住家用,鋼筋混凝土造,0861024,109.53,2,2,1,有,有,無,14000,128,,0.0,0,管理費1000元由出租人負擔，水電費 瓦斯費 由承租人負擔,RPRNMLLLNHLGFIF88CC,整棟(戶)出租,有,1150610~1170609,有,熱水器、瓦斯或天然氣,社會住宅包租轉租
三峽區,租賃房屋,新北市三峽區大德路２６０號八樓,0.0,,,,1150520,土地0建物1車位0,八層,13,住宅大樓(11層含以上有電梯),集合住宅,鋼筋混凝土造,1001101,92.44999999999999,2,1,1,有,有,有,22100,239,,0.0,0,管理費900元，水電費 瓦斯費 由承租人負擔未租賃車位，建物登記含有車位面積；續租案件；,RPSNMLLLNHLGFIF98CC,整棟(戶)出租,有,1150609~1160608,有,冷氣、熱水器、洗衣機、電視機、冰箱、瓦斯或天然氣,社會住宅代管
三峽區,租賃房屋,新北市三峽區和平街３６巷７弄２號六樓,0.0,,,,1150520,土地0建物1車位0,六層,6,華廈(10層含以下有電梯),住家用,鋼筋混凝土造,0840415,155.64,3,2,1,有,有,無,14000,90,,0.0,0,管理費1000元，水電費 瓦斯費 由承租人負擔,RPUNMLLLNHLGFIF56CC,整棟(戶)出租,有,1150601~1170531,有,熱水器、瓦斯或天然氣,社會住宅包租轉租
樹林區,租賃房屋,新北市樹林區太平路２１１巷２號３樓,0.0,,,,1150514,土地0建物1車位0,三層,4,公寓(5樓含以下無電梯),住家用,鋼筋混凝土造,0701222,63.6,2,1,1,有,無,有,20000,314,,0.0,0,續租案件；,RPVNMLLLNHLGFIF66CC,整棟(戶)出租,無,1150601~1160531,無,冷氣、熱水器、瓦斯或天然氣,社會住宅代管
三峽區,租賃房屋,新北市三峽區中園街１３之１號十一樓,0.0,,,,1150511,土地0建物1車位0,十一層,13,住宅大樓(11層含以上有電梯),集合住宅,鋼筋混凝土造,1020503,122.02000000000001,2,1,1,有,有,有,18000,148,,0.0,0,每月管理費1674元另計，由承租人負擔。未租賃車位，建物登記含有車位面積；,RPWNMLLLNHLGFIF76CC,整棟(戶)出租,有,1150515~1160514,有,冷氣、熱水器、洗衣機、電視機、冰箱、瓦斯或天然氣,社會住宅包租轉租
樹林區,租賃房屋,新北市樹林區復興路２０５號２樓,0.0,,,,1150513,土地0建物1車位0,二層,5,公寓(5樓含以下無電梯),住家用,鋼筋混凝土造,0700227,55.95,2,2,1,有,無,有,15600,279,,0.0,0,,RPXNMLLLNHLGFIF86CC,整棟(戶)出租,無,1150516~1180515,無,冷氣、熱水器、洗衣機、電視機、冰箱、瓦斯或天然氣,社會住宅包租轉租
三峽區,租賃房屋,新北市三峽區大學路１３號十樓,0.0,,,,1150516,土地0建物1車位0,十層,14,住宅大樓(11層含以上有電梯),集合住宅,鋼筋混凝土造,1060106,164.29000000000002,3,1,2,有,有,有,29000,177,,0.0,0,管理費每個月3000元不包含在租金內未租賃車位，建物登記含有車位面積；,RPQOMLLLNHLGFIF88CC,整棟(戶)出租,有,1150520~1170519,有,冷氣、熱水器、洗衣機、電視機、冰箱、瓦斯或天然氣,社會住宅代管
汐止區,租賃房屋,新北市汐止區建成路１６０巷１１號四樓,0.0,,,,1150511,土地0建物1車位0,四層,14,住宅大樓(11層含以上有電梯),住家用,鋼筋混凝土造,0851116,112.11999999999999,3,2,2,有,有,無,26134,233,,0.0,0,管理費1866元由出租人負擔。多人共同承租3；,RPPNMLLLNHLGFDF28DC,整棟(戶)出租,有,1150525~1160524,有,冷氣、熱水器、瓦斯或天然氣,
汐止區,租賃房屋,新北市汐止區樟樹一路１２９巷１０號５樓,0.0,,,,1150520,土地0建物1車位0,五層,5,公寓(5樓含以下無電梯),住家用,鋼筋混凝土造,0741108,93.78,3,2,2,有,無,無,39823,425,,0.0,0,其他此房屋為公司承租做為員工宿舍使用租金39823元是含稅價；含增建或未登記建物；,RPQNMLLLNHLGFDF38DC,整棟(戶)出租,無,1150520~1180519,無,冷氣、熱水器、瓦斯或天然氣,
板橋區,租賃房屋,新北市板橋區中山路二段１４８巷７弄３號,0.0,,,,1150519,土地0建物0車位0,全,2,透天厝,住家用,加強磚造,0580701,29.75,4,0,4,有,無,有,16500,555,,0.0,0,102室多人共同承租2；租金總額含水費；網路費；,RPPNMLMLNHLGFAF97CC,分租套房,無,1150701~1160630,無,冷氣、熱水器、洗衣機、電視機、冰箱、網路,一般轉租
板橋區,租賃房屋,新北市板橋區文化路１段２８５巷２弄４８號,0.0,,,,1150519,土地0建物0車位0,一層,3,公寓(5樓含以下無電梯),住家用,加強磚造,,16.64,3,1,2,有,無,有,14500,871,,0.0,0,101室租金總額含水費；網路費；,RPRNMLMLNHLGFAF18CC,分租套房,無,1150801~1160731,無,冷氣、熱水器、洗衣機、電視機、冰箱、網路,一般轉租
板橋區,租賃房屋,新北市板橋區文化路１段２８５巷２弄４８號二樓,0.0,,,,1150519,土地0建物0車位0,二層,3,公寓(5樓含以下無電梯),住家用,加強磚造,,16.64,4,1,3,有,無,有,16800,1010,,0.0,0,203室租金總額含水費；網路費；,RPTNMLMLNHLGFAF38CC,分租套房,無,1150825~1160824,無,冷氣、熱水器、洗衣機、電視機、冰箱、網路,一般轉租
板橋區,租賃房屋,新北市板橋區文化路１段２８５巷２弄４８號三樓,0.0,,,,1150519,土地0建物0車位0,三層,3,公寓(5樓含以下無電梯),住家用,加強磚造,,41.6,4,1,3,有,無,有,25800,620,,0.0,0,301室多人共同承租2；租金總額含水費；網路費；,RPUNMLMLNHLGFAF48CC,分租套房,無,1150618~1160617,無,冷氣、熱水器、洗衣機、電視機、冰箱、網路,一般轉租
板橋區,租賃房屋,新北市板橋區莊敬路２４３號四樓,0.0,,,,1150512,土地0建物1車位0,四層,4,公寓(5樓含以下無電梯),住家用,加強磚造,,63.12,3,1,1,有,無,有,16000,253,,0.0,0,,RPVNMLMLNHLGFAF58CC,整棟(戶)出租,無,1150516~1160515,無,熱水器、瓦斯或天然氣,社會住宅代管
板橋區,租賃房屋,新北市板橋區文化路一段２８５巷２弄５０號三樓,0.0,,,,1150519,土地0建物0車位0,三層,3,公寓(5樓含以下無電梯),住家用,加強磚造,,16.64,4,1,3,有,無,有,17000,1022,,0.0,0,303室租金總額含水費；網路費；,RPXNMLMLNHLGFAF78CC,分租套房,無,1150625~1160624,無,冷氣、熱水器、洗衣機、電視機、冰箱、網路,一般轉租
板橋區,租賃房屋,新北市板橋區宮口街２２號五樓,0.0,,,,1150519,土地0建物0車位0,五層,5,公寓(5樓含以下無電梯),住家用,鋼筋混凝土造,,25.0,3,0,3,有,無,有,18000,720,,0.0,0,501室多人共同承租2；租金總額含水費；網路費；,RPOOMLMLNHLGFAF97CC,分租套房,無,1150825~1160824,無,冷氣、熱水器、洗衣機、電視機、冰箱、網路,一般轉租
板橋區,租賃房屋,新北市板橋區華江一路６２８號,0.0,,,,1150519,土地0建物1車位0,一層,19,店面(店鋪),店鋪,鋼筋混凝土造,1111222,233.43,0,0,1,有,有,無,69300,297,,0.0,0,1.自115年05月25日起至115年07月24日止，為裝潢期免收租金，惟該約定期間內因裝潢衍生之水電費、管理費及其他一切相關費用由租客自行負擔；且租客若於裝潢期間提出終止契約，仍應按本契約第十條第一項給付違約金予出租人。2.管理費由租客負擔，每月新台幣3300元整，租客應每月併同租金一併繳付，由出租人代為繳納。租金總額含稅；未租賃車位，建物登記含有車位面積；租賃期間有約定不同租金租金：自115年05月25日起至117年05月24日止，每月新台幣69300元整（含稅）。自117年05月25日起至120年05月24日止，每月新台幣70700元整（含?）。；,RPPOMLMLNHLGFAF08CC,,有,1150525~1200524,有,,
板橋區,租賃房屋,新北市板橋區漢生東路１９３巷６４弄６號２樓,0.0,,,,1150519,土地0建物0車位0,二層,5,公寓(5樓含以下無電梯),住家用,鋼筋混凝土造,0690915,14.5,6,2,4,有,無,有,19000,1310,,0.0,0,A室租金總額含水費；網路費；,RPQOMLMLNHLGFAF18CC,分租套房,無,1150701~1160630,無,冷氣、熱水器、洗衣機、電視機、冰箱、有線電視、網路,一般轉租
板橋區,租賃房屋,新北市板橋區漢生東路１９３巷６４弄６號２樓,0.0,,,,1150519,土地0建物0車位0,二層,5,公寓(5樓含以下無電梯),住家用,鋼筋混凝土造,0690915,14.5,6,2,4,有,無,有,19000,1310,,0.0,0,D室多人共同承租2；租金總額含水費；網路費；,RPROMLMLNHLGFAF28CC,分租套房,無,1150701~1160630,無,冷氣、熱水器、洗衣機、電視機、冰箱、有線電視、網路,一般轉租
板橋區,租賃房屋,新北市板橋區文化路一段３６０號三十五樓之１０,0.0,,,,1150518,土地0建物1車位0,三十五層,40,住宅大樓(11層含以上有電梯),住家用,鋼骨構造,0990715,42.5,1,1,1,有,有,有,21000,494,,0.0,0,另有管理費900元，由承租人負擔。,RPSOMLMLNHLGFAF38CC,獨立套房,有,1150601~1170531,有,冷氣、熱水器、洗衣機、電視機、冰箱,社會住宅代管
土城區,租賃房屋,新北市土城區金城路二段２６０號十五樓之一,0.0,,,,1150515,土地0建物1車位0,十五層,19,住宅大樓(11層含以上有電梯),住家用,鋼筋混凝土造,0850802,80.82,3,1,1,有,有,有,23000,285,,0.0,0,續租案件；,RPTOMLMLNHLGFAF48CC,整棟(戶)出租,有,1150525~1160524,有,冷氣、熱水器、冰箱、瓦斯或天然氣,社會住宅包租轉租
板橋區,租賃房屋,新北市板橋區中山路一段２０６巷８１號４樓,0.0,,,,1150514,土地0建物1車位0,四層,4,公寓(5樓含以下無電梯),住家用,加強磚造,0630305,68.48,3,2,1,有,無,無,18000,263,,0.0,0,,RPWOMLMLNHLGFAF78CC,整棟(戶)出租,無,1150516~1160515,無,冷氣、熱水器、瓦斯或天然氣,社會住宅包租轉租
板橋區,租賃房屋,新北市板橋區文化路一段３６０號十五樓之１６,0.0,,,,1150520,土地0建物1車位0,十五層,40,住宅大樓(11層含以上有電梯),住家用,鋼骨構造,0990715,41.03,1,1,1,有,有,有,21000,512,,0.0,0,另有管理費1200元，由承租人負擔。,RPOPMLMLNHLGFAF08CC,獨立套房,有,1150601~1160531,有,冷氣、熱水器、洗衣機、電視機、冰箱,社會住宅代管
板橋區,租賃房屋,新北市板橋區金門街３６９巷２２號八樓之１,0.0,,,,1150515,土地0建物1車位0,八層,11,住宅大樓(11層含以上有電梯),住家用,鋼筋混凝土造,1021015,92.47,2,1,1,有,有,有,23000,249,,0.0,0,,RPPPMLMLNHLGFAF18CC,整棟(戶)出租,有,1150516~1160515,有,冷氣、熱水器、洗衣機、電視機、冰箱、瓦斯或天然氣,社會住宅包租轉租
板橋區,租賃房屋,新北市板橋區國光路４６號３樓,0.0,,,,1150513,土地0建物1車位0,三層,4,公寓(5樓含以下無電梯),住家用,鋼筋混凝土造,0640205,112.15,3,1,1,有,無,有,28000,250,,0.0,0,,RPQPMLMLNHLGFAF28CC,整棟(戶)出租,無,1150513~1160512,無,冷氣、熱水器、洗衣機、電視機、冰箱、瓦斯或天然氣,社會住宅包租轉租
板橋區,租賃房屋,新北市板橋區光武街１０８之４號三樓,0.0,,,,1150519,土地0建物1車位0,三層,4,公寓(5樓含以下無電梯),住家用,鋼筋混凝土造,,82.2,3,2,2,有,無,有,17000,207,,0.0,0,續租案件；,RPUPMLMLNHLGFAF68CC,整棟(戶)出租,無,1150525~1180524,無,冷氣、熱水器、瓦斯或天然氣,社會住宅代管
板橋區,租賃房屋,新北市板橋區文化路一段２４９巷１２號三樓,0.0,,,,1150518,土地0建物1車位0,三層,5,公寓(5樓含以下無電梯),住家用,鋼筋混凝土造,,72.74,2,2,1,有,無,無,18000,247,,0.0,0,續租案件；,RPVPMLMLNHLGFAF78CC,整棟(戶)出租,無,1150531~1180530,無,冷氣、熱水器、瓦斯或天然氣,社會住宅代管
板橋區,租賃房屋,新北市板橋區縣民大道三段９３巷２８號七樓之１,0.0,,,,1150519,土地0建物1車位0,七層,14,住宅大樓(11層含以上有電梯),集合住宅,鋼筋混凝土造,1140716,44.33,1,1,1,有,有,有,21000,474,,0.0,0,,RPWPMLMLNHLGFAF88CC,獨立套房,有,1150523~1160522,有,冷氣、熱水器、洗衣機、電視機、冰箱,社會住宅包租轉租
土城區,租賃房屋,新北市土城區延吉街２９６巷１弄９號三樓,0.0,,,,1150519,土地0建物1車位0,三層,5,公寓(5樓含以下無電梯),住家用,鋼筋混凝土造,0740614,77.76,3,2,2,有,無,有,20600,265,,0.0,0,,RPXPMLMLNHLGFAF98CC,整棟(戶)出租,無,1150520~1160519,無,冷氣、熱水器、洗衣機、電視機、冰箱、瓦斯或天然氣,社會住宅包租轉租
板橋區,租賃房屋,新北市板橋區中山路二段４１６巷３８弄２７之１號五樓,0.0,,,,1150519,土地0建物1車位0,五層,5,公寓(5樓含以下無電梯),住家用,鋼筋混凝土造,0750514,113.98,3,2,2,有,無,無,24000,211,,0.0,0,,RPPQMLMLNHLGFAF28CC,整棟(戶)出租,無,1150525~1160524,無,冷氣、熱水器、瓦斯或天然氣,社會住宅包租轉租
土城區,租賃房屋,新北市土城區金城路三段１４９巷１０號五樓,0.0,,,,1150519,土地0建物1車位0,五層,5,公寓(5樓含以下無電梯),住家用,鋼筋混凝土造,0750723,121.5,3,2,2,有,無,有,21000,173,,0.0,0,,RPQQMLMLNHLGFAF38CC,整棟(戶)出租,無,1150525~1160524,無,冷氣、熱水器、洗衣機、冰箱、瓦斯或天然氣,社會住宅包租轉租
板橋區,租賃房屋,新北市板橋區金門街３１７巷８號二樓,0.0,,,,1150511,土地0建物1車位0,二層,6,公寓(5樓含以下無電梯),住家用,鋼筋混凝土造,,66.18,2,2,1,有,無,有,12000,181,,0.0,0,續租案件；,RPRQMLMLNHLGFAF48CC,整棟(戶)出租,無,1150606~1160605,無,冷氣、熱水器、洗衣機、電視機、冰箱、瓦斯或天然氣,社會住宅代管
新莊區,租賃房屋,新北市新莊區幸福路６４巷４弄１６號四樓,0.0,,,,1150515,土地0建物1車位0,四層,4,公寓(5樓含以下無電梯),住家用,鋼筋混凝土造,0660311,46.47,2,2,1,有,無,無,20000,430,,0.0,0,,RPRNMLMLNHLGFBF28CC,整棟(戶)出租,無,1150516~1160515,無,冷氣、熱水器,社會住宅代管
林口區,租賃房屋+車位,新北市林口區文化二路二段１５７號九樓之二,0.0,,,,1150518,土地0建物1車位1,九層,19,住宅大樓(11層含以上有電梯),集合住宅,鋼筋混凝土造,1001101,217.75,4,2,2,有,有,有,54613,251,坡道平面,21.53,0,,RPSNMLMLNHLGFBF38CC,整棟(戶)出租,有,1150601~1170531,有,冷氣、熱水器、洗衣機、電視機、冰箱、瓦斯或天然氣,
五股區,租賃房屋+車位,新北市五股區成泰路三段３４８號四樓之一,0.0,,,,1150520,土地0建物1車位1,四層,15,住宅大樓(11層含以上有電梯),集合住宅,鋼筋混凝土造,1080726,85.63999999999999,1,1,1,有,有,無,18900,272,坡道平面,29.12,3500,另有管理費2100元，由承租人負擔。,RPUNMLMLNHLGFBF58CC,獨立套房,有,1150525~1160524,有,冷氣、熱水器、瓦斯或天然氣,社會住宅代管
泰山區,租賃房屋+車位,新北市泰山區明志路一段３５２巷２１號三樓,0.0,,,,1150520,土地0建物1車位1,三層,8,華廈(10層含以下有電梯),集合住宅,鋼筋混凝土造,1110707,129.99,3,2,2,有,有,有,29000,213,塔式車位,7.7,3000,管理費3000元，水電費 瓦斯費 由承租人負擔續租案件；,RPXNMLMLNHLGFBF88CC,整棟(戶)出租,有,1150610~1160609,有,冷氣、熱水器、瓦斯或天然氣,社會住宅代管
新莊區,租賃房屋,新北市新莊區新泰路１９９巷３６之３號,0.0,,,,1150520,土地0建物1車位0,四層,5,公寓(5樓含以下無電梯),住家用,鋼筋混凝土造,0730521,80.55,3,2,2,有,無,有,18000,223,,0.0,0,,RPPOMLMLNHLGFBF18CC,整棟(戶)出租,無,1150520~1150719,無,冷氣、熱水器、瓦斯或天然氣,社會住宅包租轉租
五股區,租賃房屋,新北市五股區成泰路三段５７７巷８０弄３９號三樓,0.0,,,,1150518,土地0建物1車位0,三層,5,公寓(5樓含以下無電梯),住家用,鋼筋混凝土造,0750429,96.47,3,1,1,有,無,無,18000,187,,0.0,0,,RPQOMLMLNHLGFBF28CC,整棟(戶)出租,無,1150601~1160531,無,冷氣、熱水器、瓦斯或天然氣,社會住宅包租轉租
新莊區,租賃房屋,新北市新莊區中正路新生巷１０號四樓,0.0,,,,1150511,土地0建物1車位0,四層,4,公寓(5樓含以下無電梯),住家用,鋼筋混凝土造,0690108,68.36,3,2,1,有,無,無,16000,234,,0.0,0,,RPUOMLMLNHLGFBF68CC,整棟(戶)出租,無,1150513~1160314,無,冷氣、熱水器、瓦斯或天然氣,社會住宅包租轉租
新莊區,租賃房屋,新北市新莊區新北大道七段２２１號七樓之二,0.0,,,,1150520,土地0建物1車位0,七層,12,住宅大樓(11層含以上有電梯),住家用,鋼筋混凝土造,0830607,122.33,3,1,2,有,有,無,27000,221,,0.0,0,另有管理費1300元，由承租人負擔。,RPVOMLMLNHLGFBF78CC,整棟(戶)出租,有,1150601~1160531,有,冷氣、熱水器、冰箱、瓦斯或天然氣,社會住宅代管
新莊區,租賃房屋,新北市新莊區中港路４８巷９號之１七樓之二,0.0,,,,1150519,土地0建物1車位0,七層,7,華廈(10層含以下有電梯),住家用,鋼筋混凝土造,0851005,96.94999999999999,3,2,1,有,有,有,26800,276,,0.0,0,,RPWOMLMLNHLGFBF88CC,整棟(戶)出租,有,1150520~1160519,有,冷氣、熱水器、洗衣機、電視機、冰箱、瓦斯或天然氣,社會住宅包租轉租
林口區,租賃房屋,新北市林口區忠孝三路１９號三樓,0.0,,,,1150514,土地0建物1車位0,三層,12,住宅大樓(11層含以上有電梯),住家用,鋼筋混凝土造,0950530,106.97,3,1,2,有,有,有,28000,262,,0.0,0,續租案件；,RPOPMLMLNHLGFBF18CC,整棟(戶)出租,有,1150520~1170519,有,冷氣、熱水器、洗衣機、冰箱、瓦斯或天然氣,社會住宅包租轉租
林口區,租賃房屋,新北市林口區文化北路一段４６號１１樓之一,0.0,,,,1150515,土地0建物1車位0,十一層,15,住宅大樓(11層含以上有電梯),集合住宅,鋼筋混凝土造,1071128,65.64,1,1,1,有,有,有,19000,289,,0.0,0,,RPRPMLMLNHLGFBF48CC,獨立套房,有,1150525~1160524,有,冷氣、熱水器、洗衣機、電視機、冰箱、瓦斯或天然氣,社會住宅包租轉租
新莊區,租賃房屋,新北市新莊區天祥街１５巷１１號３樓,0.0,,,,1150518,土地0建物0車位0,三層,4,公寓(5樓含以下無電梯),住家用,鋼筋混凝土造,0690715,24.92,3,0,3,有,無,有,14500,582,,0.0,0,分租套房B室租金總額含水費；網路費；其他第四台；,RPSPMLMLNHLGFBF58CC,分租套房,無,1150525~1160524,無,冷氣、熱水器、洗衣機、電視機、冰箱,
新莊區,租賃房屋,新北市新莊區萬安街１號１４樓之９,0.0,,,,1150519,土地0建物1車位0,十四層,14,住宅大樓(11層含以上有電梯),住家用,鋼筋混凝土造,0970418,43.0,1,1,1,有,有,有,13800,321,,0.0,0,管理費：1141元，租金不含管理費，由承租人負擔。續租案件；,RPUPMLMLNHLGFBF78CC,獨立套房,有,1150625~1170624,有,冷氣、熱水器、洗衣機、冰箱,社會住宅包租轉租
新店區,租賃房屋,新北市新店區北新路二段９２巷８號,0.0,,,,1150512,土地0建物1車位0,一層,4,店面(店鋪),住家用,加強磚造,,86.12,0,1,1,有,無,無,60000,697,,0.0,0,,RPPNMLMLNHLGFCF18CC,,無,1150701~1210630,無,,
新店區,租賃房屋,新北市新店區吉安街４１號４樓,0.0,,,,1150519,土地0建物1車位0,四層,7,華廈(10層含以下有電梯),住家用,鋼筋混凝土造,0840415,112.37,3,2,2,有,有,無,25000,222,,0.0,0,管理費：1870元，租金不含管理費，由承租人負擔。,RPSNMLMLNHLGFCF48CC,整棟(戶)出租,有,1150601~1160531,有,冷氣、熱水器、瓦斯或天然氣,社會住宅包租轉租
新店區,租賃房屋,新北市新店區僑義路５巷７號,0.0,,,,1150519,土地0建物1車位0,一層,2,公寓(5樓含以下無電梯),見使用執照,鋼筋混凝土造,0730724,74.86,2,2,1,有,無,無,23000,307,,0.0,0,,RPTNMLMLNHLGFCF58CC,整棟(戶)出租,無,1150530~1160529,無,冷氣、熱水器、洗衣機,社會住宅包租轉租
新店區,租賃房屋,新北市新店區寶興路４５巷２弄１８號七樓,0.0,,,,1150520,土地0建物1車位0,七層,12,住宅大樓(11層含以上有電梯),住家用,鋼筋混凝土造,0980922,111.84,2,1,1,有,有,有,26000,232,,0.0,0,未租賃車位，建物登記含有車位面積；,RPOOMLMLNHLGFCF18CC,整棟(戶)出租,有,1150520~1160519,有,冷氣、熱水器、洗衣機、冰箱、瓦斯或天然氣,社會住宅代管
深坑區,租賃房屋,新北市深坑區深南路２３號４樓,0.0,,,,1150515,土地0建物1車位0,四層,16,住宅大樓(11層含以上有電梯),住家用,鋼筋混凝土造,0850719,128.78,3,2,2,有,有,無,17000,132,,0.0,0,管理費：2000元，租金不含管理費，由承租人負擔。,RPPOMLMLNHLGFCF28CC,整棟(戶)出租,有,1150601~1170531,有,冷氣、熱水器、洗衣機、冰箱、瓦斯或天然氣,社會住宅包租轉租
汐止區,租賃房屋,新北市汐止區福德一路１９６號五樓之７,0.0,,,,1150519,土地0建物1車位0,五層,15,住宅大樓(11層含以上有電梯),集合住宅,鋼筋混凝土構造,1100618,52.17,1,1,1,有,有,無,21000,403,,0.0,0,,RPPNMLMLNHLGFDF28CC,獨立套房,有,1150525~1180524,有,冷氣、熱水器、洗衣機、冰箱、瓦斯或天然氣,社會住宅包租轉租
萬里區,租賃房屋,新北市萬里區玉田２之１號９樓之６,0.0,,,,1150518,土地0建物1車位0,九層,15,住宅大樓(11層含以上有電梯),住家用,鋼筋混凝土造,0860626,45.84,1,1,1,有,有,有,8600,188,,0.0,0,,RPRNMLMLNHLGFDF48CC,獨立套房,有,1150520~1160519,有,冷氣、熱水器、電視機,社會住宅代管
汐止區,租賃房屋,新北市汐止區湖前街３３號９樓之５,0.0,,,,1150516,土地0建物1車位0,九層,11,住宅大樓(11層含以上有電梯),住家用,鋼筋混凝土造,0860411,50.78,3,1,1,有,有,無,23000,453,,0.0,0,租金總額含管理費；,RPTNMLMLNHLGFDF68CC,整棟(戶)出租,有,1150601~1160531,有,冷氣、熱水器、瓦斯或天然氣,
汐止區,租賃房屋,新北市汐止區樟樹二路１０６巷９號３樓之４,0.0,,,,1150515,土地0建物1車位0,三層,16,住宅大樓(11層含以上有電梯),住家用,鋼筋混凝土造,0840216,47.93,1,1,1,有,有,有,15000,313,,0.0,0,續租案件；,RPVNMLMLNHLGFDF88CC,獨立套房,有,1150519~1180518,有,冷氣、熱水器、洗衣機、瓦斯或天然氣,社會住宅包租轉租
汐止區,租賃房屋,新北市汐止區康寧街１４１巷４０號１０樓,0.0,,,,1150520,土地0建物1車位0,十層,12,住宅大樓(11層含以上有電梯),住家用,鋼筋混凝土造,0840127,166.99,3,2,1,有,有,有,15000,90,,0.0,0,管理費：1500元，租金不含管理費，由承租人負擔。,RPSOMLMLNHLGFDF68CC,整棟(戶)出租,有,1150601~1180531,有,冷氣、熱水器、洗衣機、電視機、冰箱、瓦斯或天然氣,社會住宅包租轉租
淡水區,租賃房屋,新北市淡水區新市五路三段３６６號十二樓,0.0,,,,1150519,土地0建物1車位0,十二層,26,住宅大樓(11層含以上有電梯),集合住宅,鋼筋混凝土造,1080822,61.41,1,0,1,有,有,無,12000,195,,0.0,0,,RPPNMLMLNHLGFEF38CC,獨立套房,有,1150525~1160524,有,冷氣、熱水器、瓦斯或天然氣,社會住宅包租轉租
淡水區,租賃房屋+車位,新北市淡水區新市一路一段２６８之７號十一樓,0.0,,,,1150519,土地0建物1車位1,十一層,23,住宅大樓(11層含以上有電梯),集合住宅,鋼筋混凝土造,1140314,138.76,3,2,2,有,有,有,26000,187,坡道平面,27.91,0,多人共同承租3；租金總額含管理費；,RPQNMLMLNHLGFEF48CC,整棟(戶)出租,有,1150605~1160604,有,冰箱,
淡水區,租賃房屋,新北市淡水區北新路１４７號２樓,0.0,,,,1150518,土地0建物1車位0,二層,4,公寓(5樓含以下無電梯),住家用,鋼筋混凝土造,0700116,73.44,3,2,1,有,無,有,12000,163,,0.0,0,,RPRNMLMLNHLGFEF58CC,整棟(戶)出租,無,1150520~1160519,無,冷氣、熱水器、洗衣機、冰箱,
淡水區,租賃房屋+車位,新北市淡水區濱海路二段２０２巷６５弄６６號,0.0,,,,1150520,土地0建物1車位1,一層,15,住宅大樓(11層含以上有電梯),住家用,鋼筋混凝土造,1051021,136.24,3,2,1,有,有,無,22310,164,坡道平面,35.17,0,另有管理費2610元，由出租人負擔。租金已扣除管理費2610元。,RPSNMLMLNHLGFEF68CC,整棟(戶)出租,有,1150601~1160530,有,冷氣、熱水器、冰箱、瓦斯或天然氣,
淡水區,租賃房屋,新北市淡水區中山北路一段１１７號二樓,0.0,,,,1150519,土地0建物1車位0,二層,4,公寓(5樓含以下無電梯),住家用,鋼筋混凝土造,0650825,61.11,2,2,1,有,無,無,11400,187,,0.0,0,續租案件；,RPTNMLMLNHLGFEF78CC,整棟(戶)出租,無,1150520~1160519,無,冷氣、熱水器、瓦斯或天然氣,社會住宅包租轉租
淡水區,租賃房屋,新北市淡水區學府路２０５巷１弄１６號,0.0,,,,1150511,土地0建物0車位0,一層,5,公寓(5樓含以下無電梯),商業用,鋼筋混凝土造,0700119,20.39,5,2,5,有,無,有,11500,564,,0.0,0,如房客提前退租需付違約金一個月..未滿半年違約金為二個月購買儲電卡2張一張1000元+押卡費200元租客下學年不續租時，需配合房東帶看，不得有異議租金總額含網路費；其他第四台；,RPUNMLMLNHLGFEF88CC,分租套房,無,1150701~1160630,無,冷氣、熱水器、洗衣機、電視機、冰箱、有線電視、網路,
淡水區,租賃房屋,新北市淡水區中正路二段４６之１號十九樓,0.0,,,,1150512,土地0建物1車位0,十九層,20,住宅大樓(11層含以上有電梯),住家用,鋼筋混凝土造,1061026,66.36,1,1,1,有,有,有,22000,332,,0.0,0,1.出租人或承租人在合約期限內需要提前解約都要賠償對方一個月租金。2.5月13至5月31日共19天，收取租金13000元整，合約115年6月1日開始起租。租金總額含管理費；,RPVNMLMLNHLGFEF98CC,整棟(戶)出租,有,1150601~1160531,有,冷氣、熱水器、洗衣機、電視機、冰箱、瓦斯或天然氣,
淡水區,租賃房屋,新北市淡水區沙崙路一段１３３號九樓,0.0,,,,1150515,土地0建物1車位0,九層,23,住宅大樓(11層含以上有電梯),住家用,鋼筋混凝土造,1080306,142.74,3,2,2,有,有,有,26000,182,,0.0,0,租金含管理費、KEY大門*2、房間*2、信箱、磁卡*2租金總額含管理費；含增建或未登記建物；,RPWNMLMLNHLGFEF09CC,整棟(戶)出租,有,1150601~1170531,有,冷氣、熱水器、瓦斯或天然氣,
淡水區,租賃房屋+車位,新北市淡水區新民街一段１５之１號十二樓,0.0,,,,1150516,土地0建物1車位1,十二層,17,住宅大樓(11層含以上有電梯),住家用,鋼筋混凝土造,0981225,113.91,2,1,1,有,有,有,22500,198,坡道平面,27.65,0,此房屋不得養寵、神明桌並按時繳納水電瓦斯費。若經三次催告未繳、出租方得以提前退租並承租方違約一個月租金。租金總額含管理費；,RPXNMLMLNHLGFEF56CC,整棟(戶)出租,有,1150601~1160531,有,冷氣、熱水器、洗衣機、電視機、冰箱、瓦斯或天然氣,
淡水區,租賃房屋+車位,新北市淡水區濱海路三段１４８巷５０弄８號四樓,0.0,,,,1150519,土地0建物1車位1,四層,12,住宅大樓(11層含以上有電梯),住家用,鋼筋混凝土造,1021007,127.91999999999999,2,2,1,有,有,無,22000,172,坡道平面,32.7,0,租金總額含管理費；,RPQOMLMLNHLGFEF58CC,整棟(戶)出租,有,1150520~1160519,有,冷氣、洗衣機、冰箱、瓦斯或天然氣,
淡水區,租賃房屋,新北市淡水區學府路１３６巷７２號九樓,0.0,,,,1150519,土地0建物1車位0,九層,17,住宅大樓(11層含以上有電梯),住家用,鋼筋混凝土造,0840802,64.3,2,1,1,有,有,有,17000,264,,0.0,0,禁菸，禁寵，禁神明祭祀多人共同承租2；租金總額含管理費；,RPSOMLMLNHLGFEF78CC,整棟(戶)出租,有,1150601~1160531,有,冷氣、熱水器、洗衣機、冰箱、瓦斯或天然氣,
八里區,租賃房屋,新北市八里區龍形一街１２巷５弄１２號四樓,0.0,,,,1150512,土地0建物1車位0,四層,4,公寓(5樓含以下無電梯),住家用,鋼筋混凝土造,0690124,83.3,2,2,1,有,無,有,13000,156,,0.0,0,水費、電費、瓦斯費由承租人負擔，網路費由原出租人負擔。,RPVOMLMLNHLGFEF09CC,整棟(戶)出租,無,1150515~1160514,無,冷氣、熱水器、電視機、冰箱,社會住宅包租轉租
淡水區,租賃房屋,新北市淡水區新市三路二段２２７號九樓,0.0,,,,1150515,土地0建物1車位0,九層,24,住宅大樓(11層含以上有電梯),住家用,鋼筋混凝土造,1070525,92.91,2,1,1,有,有,無,14000,151,,0.0,0,,RPWOMLMLNHLGFEF56CC,整棟(戶)出租,有,1150522~1160521,有,冷氣、熱水器、瓦斯或天然氣,社會住宅包租轉租
淡水區,租賃房屋,新北市淡水區中正東路二段８３號十五樓之８,0.0,,,,1150518,土地0建物1車位0,十五層,26,住宅大樓(11層含以上有電梯),住家用,鋼骨混凝土造,0920922,51.160000000000004,1,1,1,有,有,有,22000,430,,0.0,0,多人共同承租2；租金總額含管理費；,RPXOMLMLNHLGFEF66CC,整棟(戶)出租,有,1150601~1160531,有,冷氣、熱水器、洗衣機、電視機、冰箱,
淡水區,租賃房屋,新北市淡水區新市三路二段２９３號五樓,0.0,,,,1150515,土地0建物1車位0,五層,29,住宅大樓(11層含以上有電梯),住家用,鋼筋混凝土造,1070525,122.0,3,2,2,有,有,有,23500,193,,0.0,0,,RPPPMLMLNHLGFEF58CC,整棟(戶)出租,有,1150520~1160519,有,冷氣、熱水器、洗衣機、電視機、冰箱、瓦斯或天然氣,社會住宅代管
淡水區,租賃房屋,新北市淡水區水源街二段９２巷９號６樓之２,0.0,,,,1150514,土地0建物0車位0,六層,8,華廈(10層含以下有電梯),住家用,鋼筋混凝土造,0981125,33.92,2,0,2,有,有,有,8000,236,,0.0,0,管理費.網路費用每月1500元續租案件；,RPQPMLMLNHLGFEF68CC,分租套房,有,1150901~1160831,有,冷氣、熱水器、洗衣機、電視機、冰箱、網路,一般代管
淡水區,租賃房屋,新北市淡水區新市二路一段８０號８樓,0.0,,,,1150518,土地0建物1車位0,八層,13,住宅大樓(11層含以上有電梯),住家用,鋼筋混凝土造,1061128,77.62,2,1,1,有,有,有,18500,238,,0.0,0,管理費：2000元，租金不含管理費，由承租人負擔。多人共同承租2；,RPRPMLMLNHLGFEF78CC,整棟(戶)出租,有,1150520~1160519,有,冷氣、熱水器、洗衣機、電視機、冰箱、瓦斯或天然氣,社會住宅包租轉租
淡水區,租賃房屋,新北市淡水區水源街二段１７７巷４３弄６之１號３樓,0.0,,,,1150514,土地0建物0車位0,三層,9,華廈(10層含以下有電梯),住家用,鋼筋混凝土造,1010824,35.269999999999996,3,0,3,有,有,有,7500,213,,0.0,0,管理費.網路.第四台費用每月1000元續租案件；,RPUPMLMLNHLGFEF09CC,分租套房,有,1150701~1160630,有,冷氣、熱水器、電視機、冰箱、有線電視、網路,一般代管
淡水區,租賃房屋,新北市淡水區自強路８號三樓之１,0.0,,,,1150511,土地0建物1車位0,三層,10,華廈(10層含以下有電梯),住家用,鋼筋混凝土造,0961119,74.27,1,0,1,有,有,有,14000,189,,0.0,0,每月管理費500元另計，由承租人負擔。未租賃車位，建物登記含有車位面積；續租案件；,RPWPMLMLNHLGFEF66CC,獨立套房,有,1150518~1160517,有,冷氣、熱水器、冰箱,社會住宅代管
淡水區,租賃房屋,新北市淡水區水源街二段１７７巷４３弄２之１６號,0.0,,,,1150514,土地0建物0車位0,一層,9,華廈(10層含以下有電梯),住家用,鋼筋混凝土造,1010824,32.12,2,0,2,有,有,有,8000,249,,0.0,0,管理費.網路.第四台費用每月1000元多人共同承租2；,RPOQMLMLNHLGFEF58CC,分租套房,有,1150701~1160630,有,冷氣、熱水器、洗衣機、電視機、冰箱、有線電視、網路,一般代管
淡水區,租賃房屋,新北市淡水區水源街二段１７７巷４３弄２之１６號,0.0,,,,1150514,土地0建物0車位0,一層,9,華廈(10層含以下有電梯),住家用,鋼筋混凝土造,1010824,32.12,2,0,2,有,有,有,8000,249,,0.0,0,管理費.網路.第四台費用每月1000元,RPRQMLMLNHLGFEF88CC,分租套房,有,1150901~1160831,有,冷氣、熱水器、洗衣機、電視機、冰箱、有線電視、網路,一般代管
淡水區,租賃房屋,新北市淡水區水源街二段１７７巷４３弄２之１１號５樓,0.0,,,,1150514,土地0建物0車位0,五層,9,華廈(10層含以下有電梯),住家用,鋼筋混凝土造,1010824,36.34,2,0,2,有,有,有,8000,220,,0.0,0,管理費.網路.第四台費用每月1000元續租案件；,RPWQMLMLNHLGFEF76CC,分租套房,有,1150701~1160630,有,冷氣、熱水器、洗衣機、電視機、冰箱、有線電視、網路,一般代管
淡水區,租賃房屋,新北市淡水區濱海路三段１４８巷５１號９樓,0.0,,,,1150511,土地0建物1車位0,九層,11,住宅大樓(11層含以上有電梯),住家用,鋼筋混凝土造,1030613,207.07999999999998,3,2,2,有,有,有,15000,72,,0.0,0,管理費4000元，水電費 瓦斯費 由承租人負擔未租賃車位，建物登記含有車位面積；,RPORMLMLNHLGFEF68CC,整棟(戶)出租,有,1150516~1160515,有,冷氣、熱水器、洗衣機、電視機、冰箱、瓦斯或天然氣,社會住宅代管
淡水區,租賃房屋,新北市淡水區新市五路三段２２８號八樓,0.0,,,,1150519,土地0建物1車位0,八層,27,住宅大樓(11層含以上有電梯),住家用,鋼筋混凝土造,1061229,88.67,2,1,1,有,有,有,16000,180,,0.0,0,,RPPRMLMLNHLGFEF78CC,整棟(戶)出租,有,1150525~1160524,有,冷氣、熱水器、洗衣機、冰箱、瓦斯或天然氣,社會住宅包租轉租
三芝區,租賃房屋,新北市三芝區淡金路二段７１號６樓,0.0,,,,1150511,土地0建物1車位0,六層,12,住宅大樓(11層含以上有電梯),住家用,鋼筋混凝土造,0850430,50.709999999999994,1,1,1,有,有,有,8000,158,,0.0,0,管理費500元，水電費 瓦斯費 由承租人負擔,RPQRMLMLNHLGFEF88CC,獨立套房,有,1150511~1160510,有,冷氣、熱水器、洗衣機、電視機、冰箱、瓦斯或天然氣,社會住宅代管
淡水區,租賃房屋,新北市淡水區淡金路１０號八樓之２,0.0,,,,1150519,土地0建物1車位0,八層,17,住宅大樓(11層含以上有電梯),住家用,鋼筋混凝土造,0960827,85.00999999999999,2,1,1,有,有,有,21000,247,,0.0,0,,RPRRMLMLNHLGFEF98CC,整棟(戶)出租,有,1150525~1160524,有,冷氣、熱水器、洗衣機、電視機、冰箱、瓦斯或天然氣,社會住宅包租轉租
淡水區,租賃房屋,新北市淡水區北新路１４１巷６號,0.0,,,,1150520,土地0建物1車位0,一層,16,住宅大樓(11層含以上有電梯),住家用,鋼筋混凝土造,0840127,151.11999999999998,4,2,2,有,有,無,20000,132,,0.0,0,另有管理費2800元，由承租人負擔。,RPTRMLMLNHLGFEF56CC,整棟(戶)出租,有,1150701~1170630,有,冷氣、熱水器、洗衣機、冰箱、瓦斯或天然氣,社會住宅包租轉租
淡水區,租賃房屋,新北市淡水區新民街２２６巷１０號５樓,0.0,,,,1150515,土地0建物0車位0,五層,5,公寓(5樓含以下無電梯),住家用,鋼筋混凝土造,0770823,21.25,5,0,5,有,無,有,6500,306,,0.0,0,租金總額含網路費；,RPVRMLMLNHLGFEF76CC,分租套房,無,1150515~1160314,無,冷氣、熱水器、洗衣機、冰箱、網路,一般轉租
淡水區,租賃房屋,新北市淡水區中山北路二段１８８巷１６號二樓,0.0,,,,1150515,土地0建物1車位0,二層,15,住宅大樓(11層含以上有電梯),住家用,鋼筋混凝土造,1020712,197.39,4,1,3,有,有,有,25500,129,,0.0,0,管理費4500元由出租人負擔。,RPWRMLMLNHLGFEF86CC,整棟(戶)出租,有,1150520~1160519,有,冷氣、熱水器、瓦斯或天然氣,社會住宅代管
淡水區,租賃房屋,新北市淡水區水源街二段１７７巷４３弄２之１１號６樓,0.0,,,,1150515,土地0建物0車位0,六層,9,華廈(10層含以下有電梯),住家用,鋼筋混凝土造,1010824,36.34,2,0,2,有,有,有,8000,220,,0.0,0,管理費.網路.第四台費用每月1000元續租案件；,RPOSMLMLNHLGFEF78CC,分租套房,有,1150801~1160731,有,冷氣、熱水器、洗衣機、電視機、冰箱、有線電視、網路,一般代管
淡水區,租賃房屋,新北市淡水區水源街二段１７７巷４３弄２之１５號５樓,0.0,,,,1150516,土地0建物0車位0,五層,9,華廈(10層含以下有電梯),住家用,鋼筋混凝土造,1010824,34.89,3,0,3,有,有,有,7500,215,,0.0,0,管理費.網路.第四台費用每月1000元,RPPSMLMLNHLGFEF88CC,分租套房,有,1150701~1160630,有,冷氣、熱水器、電視機、冰箱、有線電視、網路,一般代管
三芝區,租賃房屋,新北市三芝區中興街二段４２巷４號八樓,0.0,,,,1150514,土地0建物1車位0,八層,9,華廈(10層含以下有電梯),住家用,鋼筋混凝土造,0851219,287.32,4,2,2,有,有,有,12200,42,,0.0,0,未租賃車位，建物登記含有車位面積；,RPRSMLMLNHLGFEF09CC,整棟(戶)出租,有,1150516~1160515,有,熱水器、瓦斯或天然氣,社會住宅代管
瑞芳區,租賃房屋,新北市瑞芳區民權街１２巷４０號二樓,0.0,,,,1150514,土地0建物1車位0,二層,4,公寓(5樓含以下無電梯),住家用,鋼筋混凝土造,,79.89,3,1,1,有,無,有,11000,138,,0.0,0,,RPPNMLMLNHLGFFF48CC,整棟(戶)出租,無,1150520~1160519,無,冷氣、熱水器、電視機、冰箱、瓦斯或天然氣,社會住宅包租轉租
三重區,租賃房屋,新北市三重區仁政街４８號四樓,0.0,,,,1150520,土地0建物1車位0,四層,7,華廈(10層含以下有電梯),住家用,鋼筋混凝土造,0850302,90.63,3,2,2,有,有,有,19800,218,,0.0,0,管理費租賃期間無償,RPPNMLMLNHLGFGF58CC,整棟(戶)出租,無,1150615~1160606,有,冷氣、熱水器、洗衣機、電視機、瓦斯或天然氣,社會住宅包租轉租
三重區,租賃房屋,新北市三重區和平街６７號三樓,0.0,,,,1150518,土地0建物1車位0,三層,4,公寓(5樓含以下無電梯),住家用,加強磚造,0641215,59.93,3,1,1,有,無,有,25000,417,,0.0,0,多人共同承租2；,RPRNMLMLNHLGFGF78CC,整棟(戶)出租,無,1150520~1160519,無,冷氣、熱水器、洗衣機、冰箱、瓦斯或天然氣,社會住宅代管
三重區,租賃房屋,新北市三重區中華路１３４號４樓,0.0,,,,1150515,土地0建物1車位0,四層,7,華廈(10層含以下有電梯),住家用,鋼筋混凝土造,0810810,89.62,3,2,1,有,無,有,32000,357,,0.0,0,,RPSNMLMLNHLGFGF88CC,整棟(戶)出租,無,1150601~1160531,有,冷氣、電視機、瓦斯或天然氣,一般轉租
三重區,租賃房屋,新北市三重區永福街６２之２號４樓,0.0,,,,1150515,土地0建物1車位0,四層,5,公寓(5樓含以下無電梯),住家用,鋼筋混凝土造,0840112,51.01,3,1,1,有,無,無,19800,388,,0.0,0,,RPTNMLMLNHLGFGF98CC,整棟(戶)出租,無,1150518~1160517,無,冷氣、熱水器、洗衣機、瓦斯或天然氣,社會住宅包租轉租
蘆洲區,租賃房屋,新北市蘆洲區中山一路１９７巷４弄１０號二樓,0.0,,,,1150520,土地0建物1車位0,二層,2,公寓(5樓含以下無電梯),住宅,加強磚造,0560615,40.38,2,2,1,有,無,有,22000,545,,0.0,0,續租案件；,RPXNMLMLNHLGFGF76CC,整棟(戶)出租,無,1150601~1160531,無,冷氣、熱水器、洗衣機、電視機、冰箱,社會住宅代管
三重區,租賃房屋,新北市三重區重陽路四段４號,0.0,,,,1150514,土地0建物1車位0,二層,5,公寓(5樓含以下無電梯),住家用,鋼筋混凝土造,0660428,74.0,2,1,2,有,無,有,18000,243,,0.0,0,,RPOOMLMLNHLGFGF58CC,整棟(戶)出租,無,1150516~1160515,無,冷氣、熱水器、洗衣機、冰箱、瓦斯或天然氣,社會住宅包租轉租
三重區,租賃房屋,新北市三重區重新路五段５０９之２號１１樓,0.0,,,,1150519,土地0建物1車位0,十一層,17,住宅大樓(11層含以上有電梯),住家用,鋼筋混凝土造,0990304,55.86,1,1,1,有,有,有,22000,394,,0.0,0,管理費：2000元，租金不含管理費，由承租人負擔。,RPPOMLMLNHLGFGF68CC,獨立套房,有,1150525~1160524,有,冷氣、熱水器、洗衣機、冰箱,社會住宅代管
蘆洲區,租賃房屋,新北市蘆洲區三民路４５５號７樓,0.0,,,,1150518,土地0建物1車位0,七層,12,住宅大樓(11層含以上有電梯),集合住宅,鋼筋混凝土造,1150119,51.46,1,0,1,有,有,有,19000,369,,0.0,0,管理費：1575元，租金不含管理費，由承租人負擔。,RPQOMLMLNHLGFGF78CC,獨立套房,有,1150525~1160524,有,冷氣、熱水器、洗衣機、冰箱,社會住宅包租轉租
蘆洲區,租賃房屋,新北市蘆洲區三民路４５５號４樓,0.0,,,,1150520,土地0建物1車位0,四層,12,住宅大樓(11層含以上有電梯),集合住宅,鋼筋混凝土造,1150119,51.46,1,0,1,有,有,有,18500,360,,0.0,0,管理費：1575元，租金不含管理費，由承租人負擔。,RPSOMLMLNHLGFGF98CC,獨立套房,有,1150525~1160524,有,冷氣、熱水器、洗衣機、冰箱,社會住宅包租轉租
三重區,租賃房屋,新北市三重區新北大道一段９６號４樓,0.0,,,,1150519,土地0建物0車位0,四層,5,公寓(5樓含以下無電梯),住家用,鋼筋混凝土造,0690205,19.0,5,0,5,有,無,有,9000,474,,0.0,0,租金總額含網路費；其他有線電視；,RPUOMLMLNHLGFGF56CC,分租套房,無,1150519~1160609,無,冷氣、熱水器、洗衣機、電視機、冰箱、有線電視、網路,一般代管
三重區,租賃房屋,新北市三重區中央北路１２２巷１２號４樓,0.0,,,,1150520,土地0建物0車位0,四層,5,公寓(5樓含以下無電梯),住家用,鋼筋混凝土造,0780504,9.0,4,0,4,有,無,有,8500,944,,0.0,0,租金總額含網路費；其他有線電視；,RPVOMLMLNHLGFGF66CC,分租套房,無,1150520~1160609,無,冷氣、熱水器、洗衣機、電視機、冰箱、有線電視、網路,一般代管
三重區,租賃房屋,新北市三重區重陽路四段４２號６樓,0.0,,,,1150520,土地0建物0車位0,六層,7,華廈(10層含以下有電梯),住家用,鋼筋混凝土造,0720504,19.54,6,6,6,有,有,有,13000,665,,0.0,0,租賃建物部分範圍，且未計入共有部分面積；續租案件；,RPWOMLMLNHLGFGF76CC,分租套房,無,1150612~1150811,有,冷氣、熱水器、洗衣機、電視機、冰箱、網路,一般轉租
三重區,租賃房屋,新北市三重區捷運路１９巷２７號５樓,0.0,,,,1150514,土地0建物1車位0,五層,5,公寓(5樓含以下無電梯),住家用,鋼筋混凝土造,0700404,99.0,4,2,2,有,無,有,21000,212,,0.0,0,,RPXOMLMLNHLGFGF86CC,整棟(戶)出租,無,1150520~1160519,無,冷氣、熱水器、瓦斯或天然氣,社會住宅代管
永和區,租賃房屋,新北市永和區中正路１７６號,0.0,,,,1150515,土地0建物0車位0,全,4,透天厝,住家用,加強磚造,0620717,19.83,11,4,9,有,無,有,17500,883,,0.0,0,302室多人共同承租2；租金總額含水費；網路費；,RPPNMLMLNHLGFHF68CC,分租套房,無,1150515~1160514,無,冷氣、熱水器、洗衣機、電視機、冰箱、有線電視、網路,一般轉租
永和區,租賃房屋,新北市永和區中正路１７６號,0.0,,,,1150518,土地0建物0車位0,全,4,透天厝,住家用,加強磚造,0620717,26.45,11,4,9,有,無,有,17000,643,,0.0,0,401室多人共同承租2；租金總額含水費；網路費；,RPQNMLMLNHLGFHF78CC,分租套房,無,1150610~1160609,無,冷氣、熱水器、洗衣機、電視機、冰箱、有線電視、網路,一般轉租
中和區,租賃房屋,新北市中和區民利街１４巷５弄２０號,0.0,,,,1150519,土地0建物1車位0,一層,4,公寓(5樓含以下無電梯),住家用,鋼筋混凝土造,0660727,71.22,3,2,2,有,無,無,21700,305,,0.0,0,續租案件；,RPRNMLMLNHLGFHF88CC,整棟(戶)出租,無,1150530~1180529,無,冷氣、熱水器、瓦斯或天然氣,社會住宅包租轉租
中和區,租賃房屋,新北市中和區中正路７５５號８樓之９,0.0,,,,1150515,土地0建物1車位0,八層,23,住宅大樓(11層含以上有電梯),住家用,鋼筋混凝土造,0850919,86.93,1,1,1,有,有,有,16500,190,,0.0,0,另有管理費526元，由承租人負擔,RPSNMLMLNHLGFHF98CC,獨立套房,有,1150601~1170531,有,冷氣、熱水器、洗衣機、冰箱、瓦斯或天然氣,社會住宅代管
中和區,租賃房屋,新北市中和區連城路３４７巷１８弄１５號四樓,0.0,,,,1150513,土地0建物1車位0,四層,5,公寓(5樓含以下無電梯),住家用,鋼筋混凝土造,0680514,71.96,3,1,1,有,無,有,19000,264,,0.0,0,,RPTNMLMLNHLGFHF09CC,整棟(戶)出租,無,1150515~1160514,無,冷氣、熱水器、瓦斯或天然氣,社會住宅代管
中和區,租賃房屋,新北市中和區信義街２５號,0.0,,,,1150516,土地0建物0車位0,全,4,透天厝,商業用,鋼筋混凝土造,0680106,52.89,9,3,9,有,無,有,16800,318,,0.0,0,多人共同承租2；租金總額含水費；網路費；其他第四台；續租案件；,RPWNMLMLNHLGFHF76CC,分租套房,無,1150706~1160705,無,冷氣、熱水器、洗衣機、電視機、冰箱、有線電視、網路,一般代管
汐止區,租賃房屋,新北市汐止區大同路二段２５３號５樓,0.0,,,,1150519,土地0建物1車位0,五層,29,住宅大樓(11層含以上有電梯),住家用,鋼筋混凝土造,1001223,68.7,1,0,1,有,有,有,23500,342,,0.0,0,,RPQNMLNLNHLGFDF48CC,整棟(戶)出租,有,1150601~1160531,有,冷氣、熱水器、洗衣機、電視機、冰箱、瓦斯或天然氣,
汐止區,租賃房屋+車位,新北市汐止區新台五路一段１３９號３樓之２,0.0,,,,1150519,土地0建物1車位1,三層,10,華廈(10層含以下有電梯),住家用,鋼筋混凝土造,1040709,145.49,3,2,2,有,有,無,33000,227,坡道平面,35.8,0,,RPRNMLNLNHLGFDF58CC,整棟(戶)出租,有,1150601~1160531,有,冷氣、熱水器、瓦斯或天然氣,
汐止區,租賃房屋,新北市汐止區新台五路二段１之１號４樓,0.0,,,,1150520,土地0建物1車位0,四層,7,華廈(10層含以下有電梯),住家用,鋼筋混凝土造,0880519,21.77,1,0,1,有,有,有,10500,482,,0.0,0,,RPSNMLNLNHLGFDF68CC,整棟(戶)出租,無,1150528~1170527,有,冷氣、熱水器、洗衣機、電視機、冰箱,
淡水區,租賃房屋,新北市淡水區淡金路三段４２７號２樓,0.0,,,,1150518,土地0建物1車位0,二層,3,公寓(5樓含以下無電梯),住家用,鋼筋混凝土造,0710114,82.01,3,2,1,有,無,無,9000,110,,0.0,0,續租案件；,RPUNMLNLNHLGFEF98CC,整棟(戶)出租,無,1150605~1160604,無,冷氣、熱水器,社會住宅代管
淡水區,租賃房屋,新北市淡水區北新路１９２之７號３樓,0.0,,,,1150515,土地0建物1車位0,三層,7,華廈(10層含以下有電梯),住家用,鋼筋混凝土造,0981008,126.89000000000001,3,2,2,有,有,有,19000,150,,0.0,0,管理費3000元，租金不含管理費，由承租人負擔。續租案件；,RPVNMLNLNHLGFEF09CC,整棟(戶)出租,有,1150601~1160531,有,冷氣、熱水器、洗衣機、電視機、冰箱、瓦斯或天然氣,社會住宅代管
淡水區,租賃房屋,新北市淡水區崁頂三路１０７號８樓,0.0,,,,1150518,土地0建物1車位0,八層,14,住宅大樓(11層含以上有電梯),住家用,鋼筋混凝土造,0880525,140.77,3,2,2,有,有,有,14000,99,,0.0,0,管理費2000元，租金不含管理費，由承租人負擔。續租案件；,RPWNMLNLNHLGFEF56CC,整棟(戶)出租,有,1150601~1160531,有,冷氣、熱水器、洗衣機、冰箱,社會住宅代管
淡水區,租賃房屋,新北市淡水區新市六路一段１６號１２樓,0.0,,,,1150519,土地0建物1車位0,十二層,23,住宅大樓(11層含以上有電梯),集合住宅,鋼筋混凝土造,1120724,99.66999999999999,2,2,1,有,有,有,17500,176,,0.0,0,管理費2000元，租金不含管理費，由承租人負擔。續租案件；,RPXNMLNLNHLGFEF66CC,整棟(戶)出租,有,1150605~1160604,有,冷氣、熱水器、洗衣機、電視機、冰箱、瓦斯或天然氣,社會住宅代管
淡水區,租賃房屋,新北市淡水區新春街１２５巷１０８號,0.0,,,,1150520,土地0建物1車位0,一層,9,華廈(10層含以下有電梯),集合住宅,鋼筋混凝土造,1120216,101.47999999999999,3,2,2,有,有,有,18000,177,,0.0,0,管理費2500元，租金不含管理費，由承租人負擔。續租案件；,RPOOMLNLNHLGFEF48CC,整棟(戶)出租,有,1150601~1160531,有,冷氣、熱水器、瓦斯或天然氣,社會住宅代管
三重區,租賃房屋,新北市三重區三和路四段１４７號７樓,0.0,,,,1150513,土地0建物1車位0,七層,7,華廈(10層含以下有電梯),住家用,鋼筋混凝土造,0841004,250.57999999999998,2,1,1,有,無,有,24000,96,,0.0,0,多人共同承租2；租金總額含水費；網路費；其他第四台；,RPPNMLNLNHLGFGF68CC,整棟(戶)出租,無,1150513~1160531,有,冷氣、熱水器、洗衣機、電視機、冰箱、有線電視、網路,一般包租
蘆洲區,租賃房屋,新北市蘆洲區信義路３０３號２樓,0.0,,,,1150520,土地0建物1車位0,二層,4,公寓(5樓含以下無電梯),住家用,加強磚造,0661126,80.0,3,1,1,有,無,有,20000,250,,0.0,0,續租案件；,RPQNMLNLNHLGFGF78CC,整棟(戶)出租,無,1150611~1160610,無,冷氣、熱水器,社會住宅代管
三重區,租賃房屋,新北市三重區光明路３２巷３４弄２０之２號４樓,0.0,,,,1150519,土地0建物1車位0,四層,4,公寓(5樓含以下無電梯),住家用,鋼筋混凝土造,0651208,62.0,4,2,2,有,無,有,23000,371,,0.0,0,續租案件；,RPRNMLNLNHLGFGF88CC,整棟(戶)出租,無,1150601~1160531,無,冷氣、熱水器,社會住宅代管
土城區,租賃房屋,新北市土城區金城路二段１９７號４樓,0.0,,,,1150519,土地0建物1車位0,四層,15,住宅大樓(11層含以上有電梯),集合住宅,鋼筋混凝土造,1121207,61.790000000000006,2,1,1,有,有,無,19900,322,,0.0,0,續租案件；,RPPNMLOLNHLGFAF18CC,整棟(戶)出租,有,1150525~1170524,有,冷氣、熱水器、瓦斯或天然氣,社會住宅包租轉租
板橋區,租賃房屋,新北市板橋區南雅西路二段７巷２號２樓,0.0,,,,1150519,土地0建物1車位0,二層,5,公寓(5樓含以下無電梯),住家用,鋼筋混凝土造,0670324,86.13,3,1,1,有,無,無,10000,116,,0.0,0,續租案件；,RPQNMLOLNHLGFAF28CC,整棟(戶)出租,無,1150525~1160524,無,冷氣、熱水器、洗衣機、冰箱、瓦斯或天然氣,社會住宅代管
五股區,租賃房屋,新北市五股區成泰路一段２１９之５號３樓,0.0,,,,1150520,土地0建物1車位0,三層,9,華廈(10層含以下有電梯),住家用,鋼筋混凝土造,0881230,105.94,3,2,2,有,有,有,16000,151,,0.0,0,,RPQNMLOLNHLGFBF38CC,整棟(戶)出租,有,1150530~1160529,有,冷氣、熱水器、瓦斯或天然氣,社會住宅代管
汐止區,租賃房屋,新北市汐止區吉祥街１１巷５號４樓,0.0,,,,1150519,土地0建物1車位0,四層,8,華廈(10層含以下有電梯),住家用,鋼筋混凝土造,0810722,52.870000000000005,1,1,1,有,有,有,10000,189,,0.0,0,續租案件；,RPPNMLOLNHLGFDF48CC,獨立套房,有,1150524~1160523,有,冷氣、熱水器、洗衣機、電視機、冰箱、瓦斯或天然氣,社會住宅代管
三重區,租賃房屋,新北市三重區大有街５８號１４樓之９,0.0,,,,1150519,土地0建物1車位0,十四層,15,住宅大樓(11層含以上有電梯),集合住宅,鋼筋混凝土造,1130903,92.08,3,2,2,有,有,無,28000,304,,0.0,0,續租案件；,RPPNMLOLNHLGFGF78CC,整棟(戶)出租,有,1150525~1170524,有,冷氣、熱水器、瓦斯或天然氣,社會住宅包租轉租
三峽區,租賃房屋,新北市三峽區中山路２３１巷１弄４號３樓,0.0,,,,1150519,土地0建物1車位0,三層,3,公寓(5樓含以下無電梯),住家用,鋼筋混凝土造,0681129,61.44,2,2,1,有,無,有,16000,260,,0.0,0,續租案件；,RPPNMLOLNHLGFIF98CC,整棟(戶)出租,無,1150525~1160524,無,冷氣、熱水器、洗衣機、冰箱、瓦斯或天然氣,社會住宅代管
汐止區,租賃房屋,新北市汐止區建成路５７巷１０６號１１樓,0.0,,,,1150520,土地0建物1車位0,十一層,17,住宅大樓(11層含以上有電梯),住家用,鋼筋混凝土造,0871113,98.03,3,2,2,有,有,無,26608,271,,0.0,0,管理費1392元由出租人負擔。,RPPNMLOLNHLGFDF58DC,整棟(戶)出租,有,1150601~1160531,有,冷氣、熱水器、瓦斯或天然氣,
板橋區,租賃房屋,新北市板橋區實踐路９３巷４３弄１９號四樓,0.0,,,,1150514,土地0建物1車位0,四層,12,住宅大樓(11層含以上有電梯),集合住宅,鋼筋混凝土造,1040305,96.45,2,1,1,有,有,有,24000,249,,0.0,0,續租案件；,RPPNMLPLNHLGFAF28CC,整棟(戶)出租,有,1150522~1160521,有,冷氣、熱水器、洗衣機、冰箱、瓦斯或天然氣,社會住宅包租轉租
板橋區,租賃房屋,新北市板橋區懷德街１７４巷１８弄３號四樓,0.0,,,,1150515,土地0建物1車位0,四層,4,公寓(5樓含以下無電梯),住家用,鋼筋混凝土造,,74.35,3,2,1,有,無,無,14000,188,,0.0,0,續租案件；,RPQNMLPLNHLGFAF38CC,整棟(戶)出租,無,1150520~1160519,無,熱水器、瓦斯或天然氣,社會住宅代管
板橋區,租賃房屋,新北市板橋區田單街４９巷１弄１０號三樓,0.0,,,,1150511,土地0建物1車位0,三層,4,公寓(5樓含以下無電梯),住家用,加強磚造,,73.52,3,1,1,有,無,有,18000,245,,0.0,0,,RPSNMLPLNHLGFAF58CC,整棟(戶)出租,無,1150516~1160515,無,冷氣、熱水器、瓦斯或天然氣,社會住宅代管
板橋區,租賃房屋,新北市板橋區中山路一段２號五樓之３,0.0,,,,1150516,土地0建物1車位0,五層,11,住宅大樓(11層含以上有電梯),住家用,鋼筋混凝土造,0741111,97.69,3,2,2,有,有,無,30000,307,,0.0,0,另有管理費2000元，由承租人負擔。,RPTNMLPLNHLGFAF68CC,整棟(戶)出租,有,1150520~1160519,有,冷氣、熱水器、瓦斯或天然氣,社會住宅包租轉租
土城區,租賃房屋,新北市土城區中央路一段１２２號４樓,0.0,,,,1150511,土地0建物1車位0,四層,4,公寓(5樓含以下無電梯),住家用,加強磚造,0630201,64.69,2,1,1,有,無,有,18200,281,,0.0,0,,RPUNMLPLNHLGFAF78CC,整棟(戶)出租,無,1150515~1160304,無,冷氣、熱水器、洗衣機、電視機、冰箱、瓦斯或天然氣,社會住宅包租轉租
板橋區,租賃房屋,新北市板橋區大華街３６號六樓,0.0,,,,1150516,土地0建物1車位0,六層,15,住宅大樓(11層含以上有電梯),住家用,鋼筋混凝土造,0990924,106.96000000000001,2,1,1,有,有,有,28000,262,,0.0,0,未租賃車位，建物登記含有車位面積；,RPWNMLPLNHLGFAF98CC,整棟(戶)出租,有,1150522~1160521,有,冷氣、熱水器、洗衣機、冰箱、瓦斯或天然氣,社會住宅包租轉租
板橋區,租賃房屋,新北市板橋區溪崑一街３０巷１５弄６號４樓,0.0,,,,1150520,土地0建物1車位0,四層,4,公寓(5樓含以下無電梯),住家用,鋼筋混凝土造,0661122,81.42,3,1,1,有,無,有,16000,197,,0.0,0,續租案件；,RPXNMLPLNHLGFAF09CC,整棟(戶)出租,無,1150531~1180530,無,冷氣、熱水器、洗衣機、瓦斯或天然氣,社會住宅代管
板橋區,租賃房屋,新北市板橋區藝文街３８３號十三樓,0.0,,,,1150513,土地0建物1車位0,十三層,17,住宅大樓(11層含以上有電梯),集合住宅,鋼筋混凝土造,1100115,120.05,2,1,1,有,有,有,27000,225,,0.0,0,每月管理費2295元另計，由承租人負擔。多人共同承租2；未租賃車位，建物登記含有車位面積；,RPROMLPLNHLGFAF58CC,整棟(戶)出租,有,1150516~1160515,有,冷氣、熱水器,社會住宅包租轉租
板橋區,租賃房屋,新北市板橋區國泰街４６巷９號４樓,0.0,,,,1150514,土地0建物1車位0,四層,5,公寓(5樓含以下無電梯),住家用,鋼筋混凝土造,0680109,65.1,3,1,1,有,無,有,20900,321,,0.0,0,,RPVOMLPLNHLGFAF98CC,整棟(戶)出租,無,1150516~1160515,無,冷氣、熱水器、洗衣機、電視機、冰箱、瓦斯或天然氣,社會住宅包租轉租
板橋區,租賃房屋,新北市板橋區銘傳街７號,0.0,,,,1150520,土地0建物1車位0,一層,4,公寓(5樓含以下無電梯),住家用,加強磚造,,58.37,2,2,1,有,無,無,21000,360,,0.0,0,,RPXOMLPLNHLGFAF56CC,整棟(戶)出租,無,1150520~1160519,無,熱水器、瓦斯或天然氣,社會住宅代管
板橋區,租賃房屋,新北市板橋區吳鳳路５０巷７１弄１１號三樓,0.0,,,,1150515,土地0建物1車位0,三層,4,公寓(5樓含以下無電梯),住家用,鋼筋混凝土造,0680602,80.58,2,1,2,有,無,有,27000,335,,0.0,0,,RPOPMLPLNHLGFAF38CC,整棟(戶)出租,無,1150516~1180515,無,冷氣、熱水器、冰箱、瓦斯或天然氣、網路,社會住宅代管
板橋區,租賃房屋,新北市板橋區莒光路４１號４樓,0.0,,,,1150512,土地0建物0車位0,四層,4,公寓(5樓含以下無電梯),住家用,鋼筋混凝土造,0601214,15.0,4,0,4,有,無,有,12000,800,,0.0,0,租金總額含水費；網路費；租賃建物部分範圍，且未計入共有部分面積；續租案件；,RPPPMLPLNHLGFAF48CC,分租套房,無,1150515~1160514,無,冷氣、熱水器、洗衣機、電視機、冰箱、網路,一般轉租
五股區,租賃房屋+車位,新北市五股區新五路二段５０２號十七樓,0.0,,,,1150520,土地0建物1車位1,十七層,24,住宅大樓(11層含以上有電梯),集合住宅,鋼筋混凝土造,1120923,83.44,2,1,1,有,有,有,22400,324,坡道平面,23.61,3000,另有管理費1600元，由承租人負擔。,RPPNMLPLNHLGFBF38CC,整棟(戶)出租,有,1150525~1160424,有,冷氣、熱水器、洗衣機、電視機、冰箱、瓦斯或天然氣,社會住宅代管
五股區,租賃房屋,新北市五股區西雲路７８號二樓,0.0,,,,1150520,土地0建物1車位0,二層,5,公寓(5樓含以下無電梯),住家用,鋼筋混凝土造,0730106,94.01,2,2,1,有,無,無,17000,181,,0.0,0,續租案件；,RPQNMLPLNHLGFBF48CC,整棟(戶)出租,無,1150520~1160519,無,冷氣、熱水器、瓦斯或天然氣,社會住宅代管
泰山區,租賃房屋,新北市泰山區明志路二段１２２號五樓,0.0,,,,1150519,土地0建物1車位0,五層,11,住宅大樓(11層含以上有電梯),住家用,鋼筋混凝土造,0841204,91.6,3,2,1,有,有,有,23400,255,,0.0,0,管理費1600元，水電費 瓦斯費 由承租人負擔續租案件；,RPRNMLPLNHLGFBF58CC,整棟(戶)出租,有,1150601~1160131,有,冷氣、熱水器、洗衣機、電視機、冰箱,社會住宅代管
新莊區,租賃房屋,新北市新莊區思源路４４５號５樓,0.0,,,,1150520,土地0建物1車位0,五層,5,公寓(5樓含以下無電梯),住家用,鋼筋混凝土造,0740124,107.67999999999999,3,2,1,有,無,無,23000,214,,0.0,0,,RPUNMLPLNHLGFBF88CC,整棟(戶)出租,無,1150525~1160524,無,冷氣、熱水器、瓦斯或天然氣,社會住宅包租轉租
新莊區,租賃房屋,新北市新莊區新北大道七段５９２號十四樓,0.0,,,,1150513,土地0建物1車位0,十四層,14,住宅大樓(11層含以上有電梯),住家用,鋼筋混凝土造,0921127,67.9,2,1,1,有,有,無,15000,221,,0.0,0,國家住宅及都市更新中心社會住宅包租代管計畫之物件。,RPVNMLPLNHLGFBF98CC,整棟(戶)出租,有,1150601~1160531,有,冷氣、熱水器、洗衣機、電視機,社會住宅包租轉租
泰山區,租賃房屋+車位,新北市泰山區莊泰路１６２３號十六樓,0.0,,,,1150516,土地0建物1車位1,十六層,20,住宅大樓(11層含以上有電梯),集合住宅,鋼筋混凝土造,1130205,150.01999999999998,3,2,2,有,有,無,30500,218,坡道平面,28.56,4000,另有管理費4500元，由承租人負擔。,RPWNMLPLNHLGFBF09CC,整棟(戶)出租,有,1150520~1160519,有,冷氣、熱水器、瓦斯或天然氣,社會住宅包租轉租
五股區,租賃房屋+車位,新北市五股區蓬萊路７２號五樓,0.0,,,,1150520,土地0建物1車位1,五層,7,華廈(10層含以下有電梯),集合住宅,鋼筋混凝土造,1101025,129.22,2,2,1,有,有,無,23500,201,坡道平面,29.64,3500,管理費3000元，由承租人負擔續租案件；,RPXNMLPLNHLGFBF56CC,整棟(戶)出租,有,1150525~1160524,有,冷氣、熱水器、瓦斯或天然氣,社會住宅代管
林口區,土地,東林段209地號,925.62,農,,,1150512,土地1建物0車位0,,,其他,,,,0.0,0,0,0,無,無,無,145000,157,,0.0,0,含增建或未登記建物；,RPTOMLPLNHLGFBF88CC,,,1150601~1170531,,,
林口區,租賃房屋,新北市林口區竹林路３２６巷３號,49.09,住,,,1150518,土地1建物1車位0,一層,5,公寓(5樓含以下無電梯),住宅,鋼筋混凝土造,1120629,95.91,0,0,0,無,無,無,27000,282,,0.0,0,,RPWOMLPLNHLGFBF56CC,,無,1150601~1180531,無,,
新店區,租賃房屋+車位,新北市新店區安康路二段９１巷１之３號十四樓,0.0,,,,1150518,土地0建物1車位1,十四層,14,住宅大樓(11層含以上有電梯),集合住宅,鋼筋混凝土構造,1091116,81.22,1,2,1,有,有,無,21000,257,升降機械,11.05,3000,國家住宅及都市更新中心社會住宅包租代管計畫之物件。續租案件；,RPPNMLPLNHLGFCF48CC,獨立套房,有,1150623~1160622,有,冷氣、熱水器、電視機,社會住宅包租轉租
新店區,租賃房屋,新北市新店區順安街５１號二樓,0.0,,,,1150512,土地0建物1車位0,二層,5,公寓(5樓含以下無電梯),住家用,鋼筋混凝土造,0691106,70.98,3,1,1,有,無,無,19900,280,,0.0,0,續租案件；,RPRNMLPLNHLGFCF68CC,整棟(戶)出租,無,1150605~1160114,無,冷氣、熱水器,社會住宅包租轉租
新店區,租賃房屋,新北市新店區安和路二段２０３號１１樓,0.0,,,,1150512,土地0建物1車位0,十一層,12,住宅大樓(11層含以上有電梯),住家用,鋼筋混凝土造,0840920,31.55,1,1,1,有,有,有,13000,412,,0.0,0,另有管理費225元，由承租人負擔。續租案件；,RPVNMLPLNHLGFCF09CC,獨立套房,有,1150527~1160430,有,冷氣、熱水器、洗衣機、冰箱,社會住宅包租轉租
新店區,租賃房屋,新北市新店區北新路二段１２８號１６樓之１６,0.0,,,,1150520,土地0建物1車位0,十六層,18,住宅大樓(11層含以上有電梯),住家用,鋼筋混凝土造,0951109,36.980000000000004,1,1,1,有,有,有,17500,473,,0.0,0,另有管理費722元，由承租人負擔。,RPROMLPLNHLGFCF78CC,獨立套房,有,1150520~1151014,有,冷氣、熱水器、洗衣機、電視機、冰箱,社會住宅包租轉租
新店區,租賃房屋,新北市新店區建國路２１２號十樓,0.0,,,,1150520,土地0建物1車位0,十層,10,華廈(10層含以下有電梯),住家用,鋼筋混凝土造,0970708,106.81,2,2,2,有,有,有,31000,290,,0.0,0,,RPSOMLPLNHLGFCF88CC,整棟(戶)出租,有,1150525~1160524,有,冷氣、熱水器、洗衣機、電視機、冰箱、瓦斯或天然氣,社會住宅包租轉租
汐止區,租賃房屋,新北市汐止區大同路二段２４０號１６樓之１,0.0,,,,1150519,土地0建物1車位0,十六層,17,辦公商業大樓,商業用,鋼骨鋼筋混凝土造,0850710,152.66,0,1,1,有,有,無,30000,197,,0.0,0,本戶分割2間，此租約只承租約152.66平方公尺,RPSNMLPLNHLGFDF88CC,,有,1150615~1160614,有,冷氣,
汐止區,租賃房屋,新北市汐止區弘道街５３巷１４弄２號４樓,0.0,,,,1150520,土地0建物1車位0,四層,5,公寓(5樓含以下無電梯),住家用,鋼筋混凝土造,0700721,112.67,3,2,2,有,無,有,30000,266,,0.0,0,續租案件；,RPXNMLPLNHLGFDF76CC,整棟(戶)出租,無,1150605~1160604,無,冷氣、熱水器、瓦斯或天然氣,社會住宅代管
淡水區,租賃房屋+車位,新北市淡水區沙崙路一段１９號３樓,0.0,,,,1150516,土地0建物1車位1,三層,23,住宅大樓(11層含以上有電梯),住家用,鋼筋混凝土造,1080306,97.37,2,1,1,有,有,有,21000,216,坡道平面,30.1,0,車位編號:1159號租金總額含管理費；,RPPNMLPLNHLGFEF68CC,整棟(戶)出租,有,1150525~1160524,有,冷氣、熱水器、洗衣機、電視機、冰箱、瓦斯或天然氣,
淡水區,租賃房屋,新北市淡水區水源街二段１７７巷４３弄２之１６號５樓,0.0,,,,1150516,土地0建物0車位0,五層,9,華廈(10層含以下有電梯),住家用,鋼筋混凝土造,1010824,33.5,3,0,3,有,有,有,8000,239,,0.0,0,管理費.網路.第四台費用每月1000元,RPQNMLPLNHLGFEF78CC,分租套房,有,1150901~1160831,有,冷氣、熱水器、洗衣機、電視機、冰箱、有線電視、網路,一般代管
淡水區,租賃房屋,新北市淡水區水源街二段１７７巷４３弄２之１５號５樓,0.0,,,,1150516,土地0建物0車位0,五層,9,華廈(10層含以下有電梯),住家用,鋼筋混凝土造,1010824,34.89,3,0,3,有,有,有,8000,229,,0.0,0,管理費.網路.第四台費用每月1000元,RPRNMLPLNHLGFEF88CC,分租套房,有,1150701~1160630,有,冷氣、熱水器、洗衣機、電視機、冰箱、有線電視、網路,一般代管
淡水區,租賃房屋,新北市淡水區水源街二段１７７巷４３弄２之１６號７樓,0.0,,,,1150516,土地0建物0車位0,七層,9,華廈(10層含以下有電梯),住家用,鋼筋混凝土造,1010824,33.5,3,0,3,有,有,有,8000,239,,0.0,0,管理費.網路.第四台費用每月1000元,RPSNMLPLNHLGFEF98CC,分租套房,有,1150701~1160630,有,冷氣、熱水器、洗衣機、電視機、冰箱、有線電視、網路,一般代管
八里區,租賃房屋,新北市八里區中山路二段４４７巷１２號四樓,0.0,,,,1150513,土地0建物1車位0,四層,13,住宅大樓(11層含以上有電梯),住家用,鋼筋混凝土造,0840121,103.48,3,1,2,有,有,有,10000,97,,0.0,0,每月管理費1000元另計，由承租人負擔。續租案件；,RPTNMLPLNHLGFEF09CC,整棟(戶)出租,有,1150515~1160514,有,冷氣、熱水器、洗衣機、電視機、冰箱,社會住宅代管
淡水區,租賃房屋,新北市淡水區北新路１８２巷５弄５１號５樓,0.0,,,,1150518,土地0建物0車位0,五層,5,公寓(5樓含以下無電梯),住家用,鋼筋混凝土造,0781117,18.15,6,0,6,有,無,有,4600,253,,0.0,0,租金總額含水費；網路費；,RPUNMLPLNHLGFEF56CC,分租套房,無,1150701~1160630,無,冷氣、熱水器、冰箱,
淡水區,租賃房屋,新北市淡水區北新路１８２巷５弄５１號５樓,0.0,,,,1150519,土地0建物0車位0,五層,5,公寓(5樓含以下無電梯),住家用,鋼筋混凝土造,0781117,18.15,6,0,6,有,無,有,5400,298,,0.0,0,租金總額含水費；網路費；,RPVNMLPLNHLGFEF66CC,分租套房,無,1150701~1160630,無,冷氣、熱水器、冰箱,
淡水區,租賃房屋,新北市淡水區北新路１８２巷５弄５１號５樓,0.0,,,,1150518,土地0建物0車位0,五層,5,公寓(5樓含以下無電梯),住家用,鋼筋混凝土造,0781117,18.15,6,0,6,有,無,有,6400,353,,0.0,0,租金總額含水費；網路費；,RPWNMLPLNHLGFEF76CC,分租套房,無,1150701~1160630,無,冷氣、熱水器、洗衣機、冰箱,
淡水區,租賃房屋,新北市淡水區北新路１８２巷５弄５３號５樓,0.0,,,,1150519,土地0建物0車位0,五層,5,公寓(5樓含以下無電梯),住家用,鋼筋混凝土造,0781117,18.15,6,0,6,有,無,有,4600,253,,0.0,0,租金總額含水費；網路費；,RPOOMLPLNHLGFEF68CC,分租套房,無,1150701~1160630,無,冷氣、熱水器、冰箱,
淡水區,租賃房屋,新北市淡水區新民街２２２巷１５號二樓,0.0,,,,1150519,土地0建物1車位0,二層,17,住宅大樓(11層含以上有電梯),住家用,鋼筋混凝土造,0821104,80.33,1,2,1,有,有,有,20000,249,,0.0,0,租金總額含管理費；,RPROMLPLNHLGFEF98CC,整棟(戶)出租,有,1150601~1160531,有,冷氣、熱水器、洗衣機、冰箱、瓦斯或天然氣,
淡水區,租賃房屋,新北市淡水區大忠街８５號１０樓之１５,0.0,,,,1150520,土地0建物1車位0,十層,14,住宅大樓(11層含以上有電梯),住家用,鋼筋混凝土造,0790828,28.880000000000003,1,1,1,有,有,有,5750,199,,0.0,0,另有管理費650元，由出租人負擔，租金已扣除管理費。,RPQPMLPLNHLGFEF98CC,獨立套房,有,1150520~1160519,有,冷氣、熱水器、洗衣機、冰箱,社會住宅包租轉租
淡水區,租賃房屋,新北市淡水區新興街６９之１號四樓,0.0,,,,1150514,土地0建物1車位0,四層,10,華廈(10層含以下有電梯),住家用,鋼筋混凝土造,0860204,32.03,1,1,1,有,有,有,5500,172,,0.0,0,,RPTPMLPLNHLGFEF66CC,獨立套房,有,1150521~1160520,有,冷氣、熱水器、洗衣機、電視機、冰箱,社會住宅包租轉租
三芝區,租賃房屋,新北市三芝區樂全街１３８號五樓,0.0,,,,1150514,土地0建物1車位0,五層,16,住宅大樓(11層含以上有電梯),住家用,鋼筋混凝土造,0850529,41.14,1,1,1,有,有,有,4900,119,,0.0,0,,RPUPMLPLNHLGFEF76CC,獨立套房,有,1150516~1160515,有,冷氣、熱水器、冰箱,社會住宅代管
三芝區,租賃房屋,新北市三芝區淺水灣街１０之１２號七樓,0.0,,,,1150513,土地0建物1車位0,七層,8,華廈(10層含以下有電梯),住家用,鋼筋混凝土造,0860529,60.06,2,1,1,有,有,有,11500,191,,0.0,0,每月管理費500元另計，由承租人負擔。多人共同承租2；,RPVPMLPLNHLGFEF86CC,整棟(戶)出租,有,1150613~1160612,有,冷氣、熱水器、洗衣機、電視機、冰箱,社會住宅包租轉租
淡水區,租賃房屋,新北市淡水區水源街二段１７７巷４３弄６之８號４樓,0.0,,,,1150518,土地0建物0車位0,四層,9,華廈(10層含以下有電梯),住家用,鋼筋混凝土造,1010824,31.090000000000003,2,0,2,有,有,有,8000,257,,0.0,0,管理費.網路.第四台費用每月1000元,RPWPMLPLNHLGFEF96CC,分租套房,有,1150701~1160630,有,冷氣、熱水器、洗衣機、電視機、冰箱、有線電視、網路,一般代管
淡水區,租賃房屋,新北市淡水區水源街二段１７７巷７３號十六樓,0.0,,,,1150513,土地0建物1車位0,十六層,16,住宅大樓(11層含以上有電梯),住家用,鋼筋混凝土造,0851202,46.8,1,1,1,有,有,無,12500,267,,0.0,0,每月管理費500元另計，由承租人負擔。,RPXPMLPLNHLGFEF07CC,獨立套房,有,1150518~1160517,有,冷氣、熱水器、電視機、冰箱,社會住宅包租轉租
淡水區,租賃房屋,新北市淡水區水源街二段１７７巷４３弄２之７號５樓,0.0,,,,1150518,土地0建物0車位0,五層,9,華廈(10層含以下有電梯),住家用,鋼筋混凝土造,1010824,28.71,2,0,2,有,有,有,8000,279,,0.0,0,管理費.網路.第四台費用每月1000元,RPOQMLPLNHLGFEF88CC,分租套房,有,1150901~1160831,有,冷氣、熱水器、電視機、冰箱、有線電視、網路,一般代管
淡水區,租賃房屋,新北市淡水區水源街二段１７７巷４３弄６之６號７樓,0.0,,,,1150518,土地0建物0車位0,七層,9,華廈(10層含以下有電梯),住家用,鋼筋混凝土造,1010824,36.59,2,0,2,有,有,有,8000,219,,0.0,0,管理費.網路.第四台費用每月1000元,RPPQMLPLNHLGFEF98CC,分租套房,有,1150701~1160630,有,冷氣、熱水器、洗衣機、電視機、冰箱、有線電視、網路,一般代管
淡水區,租賃房屋,新北市淡水區水源街二段１７７巷４３弄６之１０號６樓,0.0,,,,1150518,土地0建物0車位0,六層,9,華廈(10層含以下有電梯),住家用,鋼筋混凝土造,1010824,33.5,3,0,3,有,有,有,8000,239,,0.0,0,管理費.網路.第四台費用每月1000元,RPQQMLPLNHLGFEF09CC,分租套房,有,1150701~1160630,有,冷氣、熱水器、洗衣機、電視機、冰箱、有線電視、網路,一般代管
蘆洲區,租賃房屋,新北市蘆洲區永樂街２６巷１號三樓,0.0,,,,1150520,土地0建物1車位0,三層,5,公寓(5樓含以下無電梯),住家用,鋼筋混凝土造,0771210,123.18,3,2,2,有,無,有,20000,162,,0.0,0,續租案件；,RPPNMLPLNHLGFGF88CC,整棟(戶)出租,無,1150520~1160519,無,冷氣、熱水器、電視機、冰箱、瓦斯或天然氣,社會住宅包租轉租
蘆洲區,租賃房屋,新北市蘆洲區長安街１０８巷２８號九樓之三,0.0,,,,1150516,土地0建物1車位0,九層,12,住宅大樓(11層含以上有電梯),住家用,鋼筋混凝土造,0811012,61.82,2,1,1,有,有,有,18200,294,,0.0,0,多人共同承租2；續租案件；,RPWNMLPLNHLGFGF96CC,整棟(戶)出租,無,1150716~1180715,有,冷氣、熱水器、洗衣機、電視機、冰箱,社會住宅包租轉租
三重區,租賃房屋,新北市三重區五谷王北街４１號４樓之５,0.0,,,,1150518,土地0建物1車位0,四層,11,住宅大樓(11層含以上有電梯),集合住宅,鋼筋混凝土造,1130320,98.03,3,1,2,有,有,有,29900,305,,0.0,0,管理費每個月1500元不包含在租金內未租賃車位，建物登記含有車位面積；續租案件；,RPROMLPLNHLGFGF56CC,整棟(戶)出租,有,1150608~1160607,有,冷氣、熱水器、瓦斯或天然氣,社會住宅代管
三重區,租賃房屋,新北市三重區重新路一段１６０號二十七樓,0.0,,,,1150513,土地0建物1車位0,二十七層,27,住宅大樓(11層含以上有電梯),住家用,鋼骨鋼筋混凝土造,1011220,46.209999999999994,1,0,1,有,有,有,24800,537,,0.0,0,續租案件；,RPTOMLPLNHLGFGF76CC,獨立套房,有,1150604~1160603,有,冷氣、熱水器、冰箱,一般轉租
三重區,租賃房屋,新北市三重區忠孝路三段５０巷３號三樓,0.0,,,,1150518,土地0建物1車位0,三層,4,公寓(5樓含以下無電梯),住家用,鋼筋混凝土造,0660404,74.0,3,2,1,有,無,有,16000,216,,0.0,0,續租案件；,RPVOMLPLNHLGFGF96CC,整棟(戶)出租,無,1150522~1160521,無,冷氣、熱水器、瓦斯或天然氣,社會住宅包租轉租
三重區,租賃房屋,新北市三重區重新路一段１４６號十六樓,0.0,,,,1150520,土地0建物1車位0,十六層,27,住宅大樓(11層含以上有電梯),住家用,鋼骨鋼筋混凝土造,1011220,69.08,1,0,1,有,有,無,27000,391,,0.0,0,續租案件；,RPOPMLPLNHLGFGF98CC,獨立套房,有,1150701~1160630,有,熱水器,一般轉租
蘆洲區,租賃房屋,新北市蘆洲區長榮路４９０號９樓,0.0,,,,1150511,土地0建物1車位0,九層,12,住宅大樓(11層含以上有電梯),住家用,鋼筋混凝土造,0931006,119.07,3,2,2,有,有,有,28000,235,,0.0,0,另有管理費3116元，由承租人負擔。續租案件；,RPQPMLPLNHLGFGF56CC,整棟(戶)出租,有,1150605~1160604,有,冷氣、熱水器、洗衣機、電視機、冰箱、瓦斯或天然氣,社會住宅包租轉租
蘆洲區,租賃房屋,新北市蘆洲區水湳街３２之１號,0.0,,,,1150519,土地0建物1車位0,一層,11,住宅大樓(11層含以上有電梯),集合住宅,鋼筋混凝土造,1130620,67.53,2,1,1,有,有,有,24000,355,,0.0,0,管理費：2452元，租金不含管理費，由承租人負擔。多人共同承租2；,RPTPMLPLNHLGFGF86CC,整棟(戶)出租,有,1150601~1180531,有,冷氣、熱水器、洗衣機、電視機、冰箱,社會住宅包租轉租
中和區,租賃房屋,新北市中和區中正路８６６-８號１０樓,0.0,,,,1150511,土地0建物1車位0,十層,17,辦公商業大樓,一般事務所﹝事務所﹞,鋼骨造,0890930,217.39,0,0,0,無,有,無,60499,278,,0.0,0,租金總額含稅；,RPQNMLPLNHLGFHF09CC,,有,1150516~1180615,有,,
中和區,租賃房屋,新北市中和區中正路８６６-５號１１樓,0.0,,,,1150511,土地0建物1車位0,十一層,17,辦公商業大樓,一般事務所﹝事務所﹞,鋼骨造,0890930,218.99,0,0,0,無,有,無,60941,278,,0.0,0,租金總額含稅；,RPRNMLPLNHLGFHF56CC,,有,1150516~1170531,有,,
中和區,租賃房屋,新北市中和區景平路５８８巷３６號１樓,0.0,,,,1150511,土地0建物0車位0,一層,4,公寓(5樓含以下無電梯),住家用,鋼筋混凝土造,0670621,10.0,6,0,6,有,無,有,7500,750,,0.0,0,套房B室續租案件；,RPVNMLPLNHLGFHF96CC,分租套房,無,1150513~1160512,無,冷氣、冰箱,一般代管
永和區,租賃房屋,新北市永和區得和路３７３巷２９號四樓,0.0,,,,1150519,土地0建物1車位0,四層,5,公寓(5樓含以下無電梯),住家用,鋼筋混凝土造,0691103,121.54,3,2,2,有,無,有,15000,123,,0.0,0,續租案件；,RPXNMLPLNHLGFHF17CC,整棟(戶)出租,無,1150605~1160604,無,冷氣、熱水器、瓦斯或天然氣,社會住宅代管
永和區,租賃房屋,新北市永和區保平路８號３樓,0.0,,,,1150518,土地0建物1車位0,三層,5,公寓(5樓含以下無電梯),住家用,鋼筋混凝土造,0660703,76.98,3,1,1,有,無,無,32000,416,,0.0,0,格局:3房1廳1.5衛含增建或未登記建物；,RPQOMLPLNHLGFHF56CC,整棟(戶)出租,無,1150518~1200630,無,冷氣、熱水器、洗衣機、瓦斯或天然氣,
永和區,租賃房屋,新北市永和區永和路一段１５１巷１６號,0.0,,,,1150513,土地0建物0車位0,一層,4,公寓(5樓含以下無電梯),住家用,Ｒ．Ｃ構造,0631001,15.35,5,0,5,有,無,有,12500,814,,0.0,0,續租案件；,RPROMLPLNHLGFHF66CC,分租套房,無,1150615~1160614,無,冷氣、熱水器、洗衣機、電視機、冰箱,一般代管
永和區,租賃房屋,新北市永和區福和路１２巷１弄１９號二樓,0.0,,,,1150518,土地0建物1車位0,二層,4,公寓(5樓含以下無電梯),集合住宅,Ｒ．Ｃ構架,0630108,98.56,3,1,1,有,無,有,17400,177,,0.0,0,續租案件；,RPTOMLPLNHLGFHF86CC,整棟(戶)出租,無,1150520~1160519,無,冷氣、熱水器、洗衣機、瓦斯或天然氣,社會住宅包租轉租
永和區,租賃房屋,新北市永和區竹林路２２５巷２１號４樓,0.0,,,,1150516,土地0建物1車位0,四層,5,公寓(5樓含以下無電梯),集合住宅,ＲＣ造,0610815,126.24,4,1,2,有,無,有,48000,380,,0.0,0,多人共同承租4；租金總額含網路費；續租案件；,RPUOMLPLNHLGFHF96CC,整棟(戶)出租,無,1150601~1160731,無,冷氣、熱水器、洗衣機、冰箱、網路,一般轉租
中和區,租賃房屋,新北市中和區新生街１６巷２７號２樓,0.0,,,,1150518,土地0建物1車位0,二層,5,公寓(5樓含以下無電梯),住家用,鋼筋混凝土造,0731119,88.33,3,2,1,有,無,有,22500,255,,0.0,0,續租案件；,RPVOMLPLNHLGFHF07CC,整棟(戶)出租,無,1150520~1160519,無,冷氣、熱水器、瓦斯或天然氣,社會住宅包租轉租
中和區,租賃房屋,新北市中和區景新街３４２號７樓之１,0.0,,,,1150514,土地0建物1車位0,七層,12,住宅大樓(11層含以上有電梯),住家用,鋼筋混凝土造,0881022,49.83,1,1,1,有,有,有,19900,399,,0.0,0,另有管理費1100元，由承租人負擔。,RPQPMLPLNHLGFHF66CC,獨立套房,有,1150529~1160528,有,冷氣、熱水器、洗衣機、電視機、冰箱、瓦斯或天然氣,社會住宅包租轉租
中和區,租賃房屋,新北市中和區保健路４８巷１７號,0.0,,,,1150511,土地0建物1車位0,全,2,透天厝,住家用,加強磚造,0601008,76.8,4,2,2,有,無,無,30000,391,,0.0,0,續租案件；,RPRPMLPLNHLGFHF76CC,整棟(戶)出租,無,1150525~1160524,無,冷氣、熱水器、瓦斯或天然氣,社會住宅代管
中和區,租賃房屋,新北市中和區新生街１６６巷２號四樓,0.0,,,,1150519,土地0建物1車位0,四層,4,公寓(5樓含以下無電梯),住家用,鋼筋混凝土造,0660730,74.62,3,1,1,有,無,無,23000,308,,0.0,0,國家住宅及都市更新中心社會住宅包租代管計畫之物件。續租案件；,RPSPMLPLNHLGFHF86CC,整棟(戶)出租,無,1150601~1160531,無,冷氣、熱水器、洗衣機,社會住宅包租轉租
中和區,租賃房屋,新北市中和區景平路７４９號３樓,0.0,,,,1150520,土地0建物1車位0,三層,5,公寓(5樓含以下無電梯),住商用,鋼筋混凝土造,0740301,113.30999999999999,3,2,2,有,無,有,22200,196,,0.0,0,續租案件；,RPUPMLPLNHLGFHF07CC,整棟(戶)出租,無,1150530~1160529,無,熱水器、冰箱、瓦斯或天然氣,社會住宅代管
中和區,租賃房屋,新北市中和區復興路２６８號１７樓之５,0.0,,,,1150520,土地0建物1車位0,十七層,20,住宅大樓(11層含以上有電梯),住家用,鋼筋混凝土造,0870216,28.91,1,0,1,有,有,有,12500,432,,0.0,0,管理費：450元，租金不含管理費，由承租人負擔。,RPVPMLPLNHLGFHF17CC,獨立套房,有,1150612~1180611,有,冷氣、熱水器、洗衣機、冰箱,社會住宅包租轉租
中和區,租賃房屋,新北市中和區復興路２６８號１７樓之７,0.0,,,,1150520,土地0建物1車位0,十七層,20,住宅大樓(11層含以上有電梯),住家用,鋼筋混凝土造,0870216,28.91,1,0,1,有,有,有,14000,484,,0.0,0,管理費：450元，租金不含管理費，由承租人負擔。續租案件；,RPWPMLPLNHLGFHF27CC,獨立套房,有,1150715~1180714,有,冷氣、熱水器、洗衣機、冰箱,社會住宅包租轉租
鶯歌區,租賃房屋,新北市鶯歌區鶯歌路２０２號六樓,0.0,,,,1150519,土地0建物1車位0,六層,10,華廈(10層含以下有電梯),集合住宅,鋼筋混凝土造,1130823,107.24000000000001,2,1,2,有,有,有,15230,142,,0.0,0,已扣除出租人負擔管理費每個月2270元未租賃車位，建物登記含有車位面積；,RPSNMLPLNHLGFIF76CC,整棟(戶)出租,有,1150601~1180531,有,冷氣、熱水器、瓦斯或天然氣,社會住宅包租轉租
鶯歌區,租賃房屋,新北市鶯歌區尖山路２７８巷２３號七樓,0.0,,,,1150520,土地0建物1車位0,七層,15,住宅大樓(11層含以上有電梯),集合住宅,鋼筋混凝土造,1120707,118.28,2,1,2,有,有,無,15000,127,,0.0,0,管理費每個月1797元不包含在租金內未租賃車位，建物登記含有車位面積；續租案件；,RPTNMLPLNHLGFIF86CC,整棟(戶)出租,有,1150525~1160524,有,冷氣、熱水器、瓦斯或天然氣,社會住宅代管
樹林區,租賃房屋,新北市樹林區中正路６３５號十一樓之２,0.0,,,,1150516,土地0建物1車位0,十一層,23,住宅大樓(11層含以上有電梯),住家用,鋼筋混凝土造,0831111,36.38,1,0,1,有,有,有,11800,324,,0.0,0,已扣除出租人負擔管理費每個月700元,RPVNMLPLNHLGFIF07CC,獨立套房,有,1150519~1160518,有,冷氣、熱水器、洗衣機、冰箱、瓦斯或天然氣,社會住宅代管
鶯歌區,租賃房屋,新北市鶯歌區龍五路２５０號七樓之３,0.0,,,,1150520,土地0建物1車位0,七層,10,華廈(10層含以下有電梯),集合住宅,鋼筋混凝土造,1120808,116.11,2,1,1,有,有,有,18000,155,,0.0,0,管理費每個月2750元不包含在租金內未租賃車位，建物登記含有車位面積；續租案件；,RPXNMLPLNHLGFIF27CC,整棟(戶)出租,有,1150525~1160524,有,冷氣、熱水器、洗衣機、電視機、冰箱、瓦斯或天然氣,社會住宅代管
三峽區,租賃房屋+車位,新北市三峽區學成路１１１號５樓,0.0,,,,1150519,土地0建物1車位1,五層,15,住宅大樓(11層含以上有電梯),住家用,鋼筋混凝土造,0960409,171.89999999999998,3,2,2,有,有,有,34500,201,坡道平面,36.14,0,多人共同承租4；租金總額含管理費；,RPQOMLPLNHLGFIF66CC,整棟(戶)出租,有,1150615~1160614,有,冷氣、熱水器、洗衣機、電視機、冰箱、瓦斯或天然氣,
三峽區,租賃房屋,新北市三峽區民生街２７巷２８號八樓,0.0,,,,1150520,土地0建物1車位0,八層,16,住宅大樓(11層含以上有電梯),住家用,鋼筋混凝土造,0850401,108.28,3,2,2,有,有,無,15500,143,,0.0,0,另有管理費983元，由承租人負擔。,RPTOMLPLNHLGFIF96CC,整棟(戶)出租,有,1150520~1160519,有,冷氣、熱水器、洗衣機、冰箱、瓦斯或天然氣,社會住宅代管
板橋區,租賃房屋,新北市板橋區館前西路１６６號３樓,0.0,,,,1150517,土地0建物0車位0,三層,4,公寓(5樓含以下無電梯),住家用,加強磚造,0640704,31.98,3,0,3,有,無,有,15500,485,,0.0,0,租金總額含網路費；,RPQNMLQLNHLGFAF48CC,分租套房,無,1150520~1160519,無,冷氣、洗衣機、電視機、冰箱、有線電視、網路,一般轉租
板橋區,租賃房屋,新北市板橋區館前西路１６０巷３號２樓,0.0,,,,1150518,土地0建物0車位0,二層,4,公寓(5樓含以下無電梯),住家用,加強磚造,0640704,25.09,3,0,3,有,無,有,14000,558,,0.0,0,租金總額含網路費；,RPSNMLQLNHLGFAF68CC,分租套房,無,1150521~1160520,無,冷氣、洗衣機、電視機、冰箱、有線電視、網路,一般轉租
土城區,租賃房屋+車位,新北市土城區中正路１６２號十三樓,0.0,,,,1150513,土地0建物1車位1,十三層,14,住宅大樓(11層含以上有電梯),集合住宅,鋼筋混凝土造,1110812,109.44,2,1,1,有,有,有,25700,275,坡道平面,27.57,3200,每月管理費（房屋1872元，車位500元），由承租人負擔（不包含於租金總額內）。續租案件；,RPUNMLQLNHLGFAF88CC,整棟(戶)出租,有,1150525~1160524,有,冷氣、熱水器、洗衣機、冰箱,社會住宅包租轉租
板橋區,租賃房屋,新北市板橋區大智街２４巷８號五樓,0.0,,,,1150513,土地0建物1車位0,五層,5,公寓(5樓含以下無電梯),住家用,鋼筋混凝土造,0690419,74.87,3,1,2,有,無,有,18000,240,,0.0,0,,RPVNMLQLNHLGFAF98CC,整棟(戶)出租,無,1150525~1160524,無,冷氣、熱水器、洗衣機、電視機、冰箱、瓦斯或天然氣,社會住宅包租轉租
板橋區,租賃房屋,新北市板橋區文化路一段１８８巷７弄６號３樓,0.0,,,,1150512,土地0建物1車位0,三層,4,公寓(5樓含以下無電梯),住家用,加強磚造,,71.08,2,1,1,有,無,無,24000,338,,0.0,0,,RPWNMLQLNHLGFAF09CC,整棟(戶)出租,無,1150620~1160619,無,冷氣、熱水器,社會住宅代管
板橋區,租賃房屋,新北市板橋區忠孝路２８３之１號五樓,0.0,,,,1150514,土地0建物1車位0,五層,11,住宅大樓(11層含以上有電梯),住家用,鋼筋混凝土造,0950508,79.00999999999999,2,2,1,有,有,有,25000,316,,0.0,0,,RPSOMLQLNHLGFAF78CC,整棟(戶)出租,有,1150520~1160519,有,冷氣、熱水器、瓦斯或天然氣,社會住宅代管
板橋區,租賃房屋+車位,新北市板橋區縣民大道三段９３巷２８號九樓,0.0,,,,1150514,土地0建物1車位1,九層,14,住宅大樓(11層含以上有電梯),集合住宅,鋼筋混凝土造,1140716,86.01,2,1,1,有,有,無,34397,400,塔式車位,9.35,0,管理費2603元、停車位管理費1000元由出租人負擔,RPTOMLQLNHLGFAF88CC,整棟(戶)出租,有,1150518~1170517,有,冷氣、熱水器、洗衣機、電視機、冰箱、瓦斯或天然氣、有線電視、網路,
土城區,租賃房屋+車位,新北市土城區中正路１５６號十四樓,0.0,,,,1150513,土地0建物1車位1,十四層,14,住宅大樓(11層含以上有電梯),集合住宅,鋼筋混凝土造,1110812,109.65,2,1,1,有,有,有,25700,274,坡道平面,27.57,3200,每月管理費（房屋1870元，車位500元），由承租人負擔（不包含於租金總額內）。續租案件；,RPUOMLQLNHLGFAF98CC,整棟(戶)出租,有,1150525~1160524,有,冷氣、熱水器、冰箱,社會住宅包租轉租
板橋區,租賃房屋,新北市板橋區龍興街９９巷２１號四樓,0.0,,,,1150518,土地0建物1車位0,四層,4,公寓(5樓含以下無電梯),住家用,鋼筋混凝土造,0700128,84.0,4,1,1,有,無,無,17000,202,,0.0,0,,RPWOMLQLNHLGFAF56CC,整棟(戶)出租,無,1150520~1160519,無,冷氣、熱水器、瓦斯或天然氣,社會住宅包租轉租
板橋區,租賃房屋+車位,新北市板橋區華江三路２００號五樓,0.0,,,,1150511,土地0建物1車位1,五層,22,住宅大樓(11層含以上有電梯),集合住宅,鋼筋混凝土造,1140702,122.46000000000001,2,2,1,有,有,無,32200,287,坡道平面,27.02,4800,多人共同承租2；,RPXOMLQLNHLGFAF66CC,整棟(戶)出租,有,1150525~1160524,有,冷氣、熱水器,
板橋區,租賃房屋,新北市板橋區滿平二街２巷１弄３８號５樓,0.0,,,,1150520,土地0建物1車位0,五層,5,公寓(5樓含以下無電梯),住家用,鋼筋混凝土造,0710413,90.2,3,2,1,有,無,有,19800,220,,0.0,0,,RPOPMLQLNHLGFAF48CC,整棟(戶)出租,無,1150525~1160524,無,冷氣、熱水器、瓦斯或天然氣,社會住宅代管
板橋區,租賃房屋,新北市板橋區龍泉街１０８巷４６號八樓,0.0,,,,1150511,土地0建物1車位0,八層,9,華廈(10層含以下有電梯),住家用,鋼筋混凝土造,0870123,98.06,3,1,1,有,有,有,28576,291,,0.0,0,租金30000元，含管理費1424元。租金總額含網路費；,RPPPMLQLNHLGFAF58CC,整棟(戶)出租,有,1150520~1160519,有,冷氣、熱水器、洗衣機、冰箱、瓦斯或天然氣、網路,社會住宅代管
土城區,租賃房屋,新北市土城區廣明街８２號四樓,0.0,,,,1150513,土地0建物0車位0,四層,4,公寓(5樓含以下無電梯),住家用,鋼筋混凝土造,0670218,24.08,3,0,3,有,無,有,7500,311,,0.0,0,承租  2室租金總額含水費；,RPVPMLQLNHLGFAF56CC,分租套房,無,1150514~1160609,無,冷氣、熱水器、洗衣機、電視機、冰箱,一般代管
新莊區,租賃房屋,新北市新莊區景德路８５巷６號五樓,0.0,,,,1150515,土地0建物1車位0,五層,5,公寓(5樓含以下無電梯),住家用,鋼筋混凝土造,0751004,96.83,3,2,2,有,無,有,22000,227,,0.0,0,水電費  由承租人負擔,RPSNMLQLNHLGFBF78CC,整棟(戶)出租,無,1150620~1160619,無,冷氣、熱水器、冰箱、瓦斯或天然氣,社會住宅代管
新莊區,租賃房屋,新北市新莊區中正路６９４巷３弄２４號４樓,0.0,,,,1150513,土地0建物1車位0,四層,5,公寓(5樓含以下無電梯),住家用,鋼筋混凝土造,0740603,91.26,3,2,1,有,無,有,18000,197,,0.0,0,,RPUNMLQLNHLGFBF98CC,整棟(戶)出租,無,1150525~1160524,無,冷氣、熱水器、洗衣機、冰箱、瓦斯或天然氣,社會住宅代管
五股區,租賃房屋,新北市五股區成泰路一段３０號之３十一樓,0.0,,,,1150513,土地0建物1車位0,十一層,11,住宅大樓(11層含以上有電梯),住家用,鋼筋混凝土造,0860306,104.61,4,2,2,有,有,有,25000,239,,0.0,0,管理費每個月1700元不包含在租金內,RPWNMLQLNHLGFBF56CC,整棟(戶)出租,有,1150520~1160519,有,冷氣、熱水器、冰箱、瓦斯或天然氣,社會住宅代管
林口區,租賃房屋,新北市林口區文化二路一段５６１號十七樓之一,0.0,,,,1150515,土地0建物1車位0,十七層,19,住宅大樓(11層含以上有電梯),住家用,鋼筋混凝土造,0961017,100.46000000000001,2,1,1,有,有,有,19900,198,,0.0,0,續租案件；,RPXNMLQLNHLGFBF66CC,整棟(戶)出租,有,1150525~1170524,有,冷氣、熱水器、瓦斯或天然氣,社會住宅包租轉租
林口區,租賃房屋+車位,新北市林口區文化三路二段４１巷２２號,18.51,住,,,1150518,土地1建物1車位1,一層,15,店面(店鋪),日用品零售業,鋼筋混凝土造,1140728,140.93,0,0,0,無,有,無,50000,355,坡道平面,32.07,0,115年05月20日至115年06月19日為免租裝潢期租賃期間有約定不同租金第壹年到第參年租金每月5萬元，第肆年到第陸年租金每月5萬5仟元，第柒年到第拾年租金每月6萬元；,RPUOMLQLNHLGFBF09CC,,有,1150520~1250619,有,,
新莊區,租賃房屋,新北市新莊區自由街６號３樓,0.0,,,,1150519,土地0建物0車位0,三層,4,公寓(5樓含以下無電梯),住家用,加強磚造,0650604,11.9,4,1,1,有,無,有,10800,908,,0.0,0,租金總額含管理費；水費；網路費；租賃建物部分範圍，且未計入共有部分面積；,RPVOMLQLNHLGFBF56CC,分租雅房,無,1150601~1160531,無,冷氣、熱水器、洗衣機、冰箱,一般轉租
五股區,租賃房屋,新北市五股區新城八路１９６號五樓,0.0,,,,1150519,土地0建物1車位0,五層,13,住宅大樓(11層含以上有電梯),集合住宅,鋼筋混凝土造,1140815,98.55000000000001,2,2,1,有,有,有,28000,284,,0.0,0,,RPXOMLQLNHLGFBF76CC,整棟(戶)出租,有,1150520~1160519,有,冷氣、熱水器、瓦斯或天然氣,社會住宅代管
新莊區,租賃房屋,新北市新莊區新莊路２７１號３樓,0.0,,,,1150514,土地0建物0車位0,三層,5,公寓(5樓含以下無電梯),住家用,鋼筋混凝土造,0731113,32.61,6,2,4,有,無,有,13000,399,,0.0,0,續租案件；,RPRPMLQLNHLGFBF88CC,分租套房,無,1150510~1160509,無,冷氣、熱水器、洗衣機、電視機、冰箱、有線電視、網路,一般轉租
新莊區,租賃房屋,新北市新莊區新莊路２７１號２樓,0.0,,,,1150515,土地0建物0車位0,二層,5,公寓(5樓含以下無電梯),住家用,鋼筋混凝土造,0731113,32.61,6,2,4,有,無,有,23000,705,,0.0,0,多人共同承租2；,RPXPMLQLNHLGFBF86CC,分租套房,無,1150515~1160514,無,冷氣、熱水器、洗衣機、電視機、冰箱、有線電視、網路,一般轉租
新莊區,租賃房屋,新北市新莊區新泰路１９９巷３６之３號,0.0,,,,1150520,土地0建物1車位0,四層,5,公寓(5樓含以下無電梯),住家用,鋼筋混凝土造,0730521,80.55,3,2,2,有,無,有,19900,247,,0.0,0,,RPWQMLQLNHLGFBF86CC,整棟(戶)出租,無,1150720~1180719,無,冷氣、熱水器、瓦斯或天然氣,社會住宅包租轉租
林口區,租賃房屋,新北市林口區中山路２９巷３號３樓,0.0,,,,1150520,土地0建物1車位0,三層,5,公寓(5樓含以下無電梯),住家用,鋼筋混凝土造,0781017,110.97,4,2,2,有,無,有,22000,198,,0.0,0,多人共同承租4；,RPORMLQLNHLGFBF78CC,整棟(戶)出租,無,1150525~1160524,無,冷氣、熱水器、洗衣機,
泰山區,租賃房屋,新北市泰山區民權街５３號６樓,0.0,,,,1150514,土地0建物1車位0,六層,13,住宅大樓(11層含以上有電梯),住家用,鋼筋混凝土造,0840128,133.98000000000002,2,2,2,有,有,有,21500,160,,0.0,0,另有管理費2000元，由承租人負擔。續租案件；,RPRRMLQLNHLGFBF09CC,整棟(戶)出租,有,1150608~1160607,有,冷氣、熱水器、洗衣機、電視機、冰箱、瓦斯或天然氣,社會住宅包租轉租
新店區,租賃房屋,新北市新店區竹林路２巷５號,0.0,,,,1150520,土地0建物1車位0,一層,5,公寓(5樓含以下無電梯),住家用,鋼筋混凝土造,0700917,101.1,3,2,2,有,無,無,17000,168,,0.0,0,續租案件；,RPPNMLQLNHLGFCF58CC,整棟(戶)出租,無,1150525~1160524,無,熱水器、瓦斯或天然氣,社會住宅代管
新店區,租賃房屋+車位,新北市新店區中興路三段１５３號１２樓之１,0.0,,,,1150511,土地0建物1車位1,十二層,14,住宅大樓(11層含以上有電梯),集合住宅,鋼筋混凝土構造,1110218,147.61,2,2,2,有,有,有,42000,285,坡道平面,13.81,0,,RPQNMLQLNHLGFCF68CC,整棟(戶)出租,有,1150518~1160531,有,冷氣、熱水器、洗衣機、電視機、冰箱、瓦斯或天然氣,
新店區,租賃房屋,新北市新店區十四張路３８１號六樓之３,0.0,,,,1150514,土地0建物1車位0,六層,15,住宅大樓(11層含以上有電梯),集合住宅,鋼筋混凝土構造,1100906,94.47,2,1,1,有,有,有,23400,248,,0.0,0,每月管理費2600元由承租人負擔。未租賃車位，建物登記含有車位面積；,RPRNMLQLNHLGFCF78CC,整棟(戶)出租,有,1150518~1160517,有,冷氣、熱水器、瓦斯或天然氣,社會住宅包租轉租
新店區,租賃房屋,新北市新店區中山路１００號二樓,0.0,,,,1150512,土地0建物1車位0,二層,15,住宅大樓(11層含以上有電梯),集合住宅,鋼筋混凝土構造,1130527,115.82,3,2,2,有,有,無,35000,302,,0.0,0,,RPSNMLQLNHLGFCF88CC,整棟(戶)出租,有,1150516~1160515,有,冷氣、熱水器、瓦斯或天然氣,社會住宅代管
新店區,租賃房屋,新北市新店區中山路９０號九樓,0.0,,,,1150512,土地0建物1車位0,九層,15,住宅大樓(11層含以上有電梯),集合住宅,鋼筋混凝土構造,1130527,106.7,3,2,2,有,有,無,35000,328,,0.0,0,,RPTNMLQLNHLGFCF98CC,整棟(戶)出租,有,1150516~1160515,有,冷氣、熱水器、瓦斯或天然氣,社會住宅代管
汐止區,租賃房屋,新北市汐止區大同路三段６１１號１４樓之２,0.0,,,,1150520,土地0建物1車位0,十四層,32,住宅大樓(11層含以上有電梯),住家用,鋼筋混凝土造,0880203,114.88,3,1,2,有,有,有,19500,170,,0.0,0,未租賃車位，建物登記含有車位面積；,RPPNMLQLNHLGFDF68CC,整棟(戶)出租,有,1150525~1160331,有,冷氣、熱水器、洗衣機、冰箱、瓦斯或天然氣,社會住宅代管
汐止區,租賃房屋,新北市汐止區樟樹二路２６７之１號１１樓,0.0,,,,1150518,土地0建物1車位0,十一層,16,住宅大樓(11層含以上有電梯),住家用,鋼筋混凝土造,0890819,151.7,3,2,2,有,有,無,29000,191,,0.0,0,,RPQNMLQLNHLGFDF78CC,整棟(戶)出租,有,1150611~1160610,有,冷氣、熱水器、瓦斯或天然氣,
汐止區,租賃房屋,新北市汐止區大同路二段２３８號２２樓之７,0.0,,,,1150520,土地0建物1車位0,二十二層,24,住宅大樓(11層含以上有電梯),住家用,鋼骨鋼筋混凝土造,0850710,75.3,1,1,1,有,有,有,15000,199,,0.0,0,,RPSNMLQLNHLGFDF98CC,獨立套房,有,1150525~1160524,有,冷氣、熱水器、冰箱、瓦斯或天然氣,社會住宅包租轉租
汐止區,租賃房屋,新北市汐止區福德一路１７６巷１７號１１樓,0.0,,,,1150520,土地0建物1車位0,十一層,14,住宅大樓(11層含以上有電梯),集合住宅,鋼筋混凝土構造,1111014,101.25,2,1,2,有,有,無,27000,267,,0.0,0,未租賃車位，建物登記含有車位面積；續租案件；,RPQOMLQLNHLGFDF88CC,整棟(戶)出租,有,1150620~1160619,有,冷氣、熱水器、瓦斯或天然氣,社會住宅代管
汐止區,租賃房屋,新北市汐止區建成路１８號九樓之３,0.0,,,,1150513,土地0建物1車位0,九層,13,住宅大樓(11層含以上有電梯),住家用,鋼筋混凝土造,0890704,74.08,2,1,1,有,有,有,24400,329,,0.0,0,,RPSOMLQLNHLGFDF09CC,整棟(戶)出租,有,1150516~1160515,有,冷氣、熱水器、洗衣機、電視機、冰箱、瓦斯或天然氣,社會住宅代管
金山區,租賃房屋,新北市金山區中正路６７號七樓,0.0,,,,1150518,土地0建物1車位0,七層,7,華廈(10層含以下有電梯),住家用,鋼筋混凝土造,0841207,99.85000000000001,3,1,2,有,有,有,12500,125,,0.0,0,每月管理費1200元另計，由承租人負擔。,RPTOMLQLNHLGFDF56CC,整棟(戶)出租,有,1150520~1160519,有,熱水器,社會住宅代管
汐止區,租賃房屋,新北市汐止區樟樹一路１巷１２號８樓,0.0,,,,1150513,土地0建物1車位0,八層,12,住宅大樓(11層含以上有電梯),住家用,鋼筋混凝土造,0870418,96.1,3,1,1,有,有,無,19000,198,,0.0,0,,RPUOMLQLNHLGFDF66CC,整棟(戶)出租,有,1150520~1160519,有,冷氣、熱水器、瓦斯或天然氣,社會住宅包租轉租
淡水區,租賃房屋,新北市淡水區學府路１３６巷７６號五樓,0.0,,,,1150520,土地0建物1車位0,五層,18,住宅大樓(11層含以上有電梯),住家用,鋼筋混凝土造,0840802,124.8,3,2,2,有,有,有,20000,160,,0.0,0,另有管理費2266元，由承租人負擔。,RPPNMLQLNHLGFEF78CC,整棟(戶)出租,有,1150601~1160531,有,冷氣、熱水器、洗衣機、電視機、冰箱、瓦斯或天然氣,社會住宅代管
淡水區,租賃房屋,新北市淡水區水源街二段６６巷２號３樓,0.0,,,,1150518,土地0建物0車位0,三層,3,公寓(5樓含以下無電梯),住家用,鋼筋混凝土造,0660802,16.96,7,0,7,有,無,有,5200,307,,0.0,0,租金總額含網路費；,RPQNMLQLNHLGFEF88CC,分租套房,無,1150701~1160630,無,冷氣、熱水器、洗衣機、冰箱、網路,一般代管
淡水區,租賃房屋,新北市淡水區學府路１２８巷１３號五樓,0.0,,,,1150514,土地0建物1車位0,五層,5,公寓(5樓含以下無電梯),住家用,鋼筋混凝土造,0800314,31.22,1,0,1,有,無,有,6000,192,,0.0,0,續租案件；,RPTNMLQLNHLGFEF56CC,獨立套房,無,1150601~1160531,無,冷氣、熱水器、洗衣機、冰箱,社會住宅代管
淡水區,租賃房屋,新北市淡水區中正路一段６２巷２５弄４號四樓,0.0,,,,1150515,土地0建物1車位0,四層,4,公寓(5樓含以下無電梯),住家用,鋼筋混凝土造,0640918,89.25,3,1,1,有,無,有,18000,202,,0.0,0,續租案件；,RPQOMLQLNHLGFEF98CC,整棟(戶)出租,無,1150525~1160524,無,冷氣、熱水器、洗衣機、電視機、冰箱,社會住宅代管
淡水區,租賃房屋,新北市淡水區新春街１２５巷７２號六樓,0.0,,,,1150511,土地0建物1車位0,六層,9,華廈(10層含以下有電梯),集合住宅,鋼筋混凝土造,1120216,66.78,1,1,1,有,有,有,15000,225,,0.0,0,,RPROMLQLNHLGFEF09CC,獨立套房,有,1150516~1160421,有,冷氣、熱水器、瓦斯或天然氣,社會住宅包租轉租
淡水區,租賃房屋,新北市淡水區水源街二段１７７巷４３弄２之８號２樓,0.0,,,,1150518,土地0建物0車位0,二層,9,華廈(10層含以下有電梯),住家用,鋼筋混凝土造,1010824,35.54,2,0,2,有,有,有,8000,225,,0.0,0,多人共同承租2；續租案件；,RPVOMLQLNHLGFEF86CC,分租套房,有,1150701~1160630,有,冷氣、熱水器、洗衣機、電視機、冰箱、有線電視、網路,一般代管
淡水區,租賃房屋+車位,新北市淡水區沙崙路二段８０３號９樓,0.0,,,,1150518,土地0建物1車位1,九層,23,辦公商業大樓,一般事務所,鋼筋混凝土造,1120727,133.32999999999998,3,2,2,有,有,有,22920,172,坡道平面,35.2,0,1. 租金已扣除管理費1780元和車位管理費300元2. 禁養寵物、抽煙、拜拜設神明,RPXOMLQLNHLGFEF07CC,整棟(戶)出租,有,1150525~1160524,有,冷氣、熱水器、洗衣機、電視機、冰箱、瓦斯或天然氣,
淡水區,租賃房屋,新北市淡水區中正路一段１１８之２號５樓,0.0,,,,1150520,土地0建物1車位0,五層,14,住宅大樓(11層含以上有電梯),住家用,鋼筋混凝土造,0920503,179.85,3,2,2,有,有,有,14840,83,,0.0,0,管理費2160元由出租人負擔。未租賃車位，建物登記含有車位面積；,RPOPMLQLNHLGFEF88CC,整棟(戶)出租,有,1150531~1160530,有,熱水器、洗衣機、冰箱、瓦斯或天然氣,社會住宅代管
淡水區,租賃房屋,新北市淡水區水源街二段１７７巷４３弄２之１５號３樓,0.0,,,,1150518,土地0建物0車位0,三層,9,華廈(10層含以下有電梯),住家用,鋼筋混凝土造,1010824,34.89,3,0,3,有,有,有,8000,229,,0.0,0,管理費.網路.第四台費用每月1000元續租案件；,RPPPMLQLNHLGFEF98CC,分租套房,有,1150701~1160630,有,冷氣、熱水器、洗衣機、電視機、冰箱、有線電視、網路,一般代管
淡水區,租賃房屋,新北市淡水區民族路３１巷１８號２樓之１,0.0,,,,1150511,土地0建物1車位0,二層,14,住宅大樓(11層含以上有電梯),工業用,鋼筋混凝土造,0841206,65.44,0,0,0,無,有,有,21000,321,,0.0,0,租金總額含管理費；,RPQPMLQLNHLGFEF09CC,整棟(戶)出租,有,1150515~1160514,有,冷氣、熱水器、洗衣機,
淡水區,租賃房屋,新北市淡水區水源街二段１７７巷４３弄６之３號５樓,0.0,,,,1150518,土地0建物0車位0,五層,9,華廈(10層含以下有電梯),住家用,鋼筋混凝土造,1010824,35.54,2,0,2,有,有,有,8000,225,,0.0,0,管理費.網路.第四台費用每月1000元續租案件；,RPSPMLQLNHLGFEF66CC,分租套房,有,1150901~1160831,有,冷氣、熱水器、洗衣機、電視機、冰箱、有線電視、網路,一般代管
淡水區,租賃房屋,新北市淡水區北新路２０３之２號十五樓,0.0,,,,1150513,土地0建物1車位0,十五層,23,住宅大樓(11層含以上有電梯),住家用,鋼筋混凝土造,0840728,26.46,1,0,1,有,有,有,7200,272,,0.0,0,,RPTPMLQLNHLGFEF76CC,獨立套房,有,1150516~1160515,有,冷氣、熱水器、洗衣機、冰箱,社會住宅包租轉租
淡水區,租賃房屋,新北市淡水區水源街二段１７７巷４３弄２之５號６樓,0.0,,,,1150519,土地0建物0車位0,六層,9,華廈(10層含以下有電梯),住家用,鋼筋混凝土造,1010824,34.85,3,0,3,有,有,有,8000,230,,0.0,0,管理費.網路.第四台費用每月1000元,RPWQMLQLNHLGFEF17CC,分租套房,有,1150701~1160630,有,冷氣、熱水器、洗衣機、電視機、冰箱、有線電視、網路,一般代管
淡水區,租賃房屋,新北市淡水區沙崙路一段１２６巷７２號５樓,0.0,,,,1150511,土地0建物1車位0,五層,17,住宅大樓(11層含以上有電梯),住家用,鋼筋混凝土造,1050816,114.25,2,2,2,有,有,有,16900,148,,0.0,0,管理費2600元，租金不含管理費，由承租人負擔。續租案件；,RPPRMLQLNHLGFEF56CC,整棟(戶)出租,有,1150516~1160515,有,冷氣、熱水器、洗衣機、電視機、冰箱、瓦斯或天然氣,社會住宅代管
蘆洲區,租賃房屋,新北市蘆洲區三民路２２４號五樓,0.0,,,,1150520,土地0建物1車位0,五層,5,公寓(5樓含以下無電梯),住家用,鋼筋混凝土造,0750409,81.54,3,2,1,有,無,有,22000,270,,0.0,0,續租案件；,RPPNMLQLNHLGFGF98CC,整棟(戶)出租,無,1150520~1160519,無,冷氣、熱水器、洗衣機、電視機、冰箱、瓦斯或天然氣,社會住宅代管
三重區,租賃房屋,新北市三重區重新路一段１４６號二十六樓,0.0,,,,1150519,土地0建物1車位0,二十六層,27,住宅大樓(11層含以上有電梯),住家用,鋼骨鋼筋混凝土造,1011220,69.08,1,0,1,有,有,有,30300,439,,0.0,0,續租案件；,RPQNMLQLNHLGFGF09CC,獨立套房,有,1150627~1160626,有,冷氣、熱水器、洗衣機、電視機、冰箱,一般轉租
三重區,租賃房屋,新北市三重區三張街１４９巷１０弄４號,0.0,,,,1150512,土地0建物1車位0,三層,4,公寓(5樓含以下無電梯),住家用,加強磚造,0640107,81.68,4,2,2,有,無,有,23900,293,,0.0,0,續租案件；,RPSNMLQLNHLGFGF66CC,整棟(戶)出租,無,1150523~1160522,無,冷氣、熱水器、瓦斯或天然氣,社會住宅代管
蘆洲區,租賃房屋,新北市蘆洲區民生街１１５號５樓,0.0,,,,1150517,土地0建物0車位0,五層,5,公寓(5樓含以下無電梯),住家用,鋼筋混凝土造,0771103,55.72,4,2,2,有,無,有,21000,377,,0.0,0,多人共同承租2；租金總額含水費；網路費；其他第四台；租賃期間有約定不同租金115/05/17-115/05/23為搬遷期免付租金；,RPTOMLQLNHLGFGF86CC,分租套房,無,1150517~1160516,無,冷氣、熱水器、洗衣機、電視機、冰箱、有線電視、網路,一般代管
三重區,租賃房屋,新北市三重區忠孝路三段１５巷２０號２樓,0.0,,,,1150514,土地0建物0車位0,二層,5,華廈(10層含以下有電梯),住家用,鋼筋混凝土造,0780704,37.66,2,0,2,有,無,有,14700,390,,0.0,0,租金總額含水費；網路費；其他第四台；,RPXOMLQLNHLGFGF27CC,分租套房,無,1150514~1160430,有,冷氣、熱水器、洗衣機、電視機、冰箱、有線電視、網路,一般轉租
三重區,租賃房屋,新北市三重區重新路一段１６０號二十五樓,0.0,,,,1150520,土地0建物1車位0,二十五層,27,住宅大樓(11層含以上有電梯),住家用,鋼骨鋼筋混凝土造,1011220,46.209999999999994,1,0,1,有,有,有,23500,509,,0.0,0,,RPPPMLQLNHLGFGF56CC,獨立套房,有,1150520~1160519,有,冷氣、熱水器、洗衣機、電視機、冰箱,一般轉租
三重區,租賃房屋,新北市三重區重新路一段１６０號二十五樓,0.0,,,,1150520,土地0建物1車位0,二十五層,27,住宅大樓(11層含以上有電梯),住家用,鋼骨鋼筋混凝土造,1011220,46.209999999999994,1,0,1,有,有,有,23500,509,,0.0,0,,RPQPMLQLNHLGFGF66CC,獨立套房,有,1150520~1160519,有,冷氣、熱水器、洗衣機、電視機、冰箱,一般轉租
三重區,租賃房屋,新北市三重區文化南路１１號四樓之一,0.0,,,,1150515,土地0建物1車位0,四層,13,住宅大樓(11層含以上有電梯),集合住宅,鋼筋混凝土造,1140910,68.55,1,1,1,有,有,有,25000,365,,0.0,0,管理費每個月1680元，由承租人負擔,RPOQMLQLNHLGFGF56CC,獨立套房,有,1150520~1160519,有,冷氣、熱水器、洗衣機、電視機、冰箱,社會住宅代管
三重區,租賃房屋,新北市三重區重新路一段１２８號十六樓,0.0,,,,1150515,土地0建物1車位0,十六層,27,住宅大樓(11層含以上有電梯),住家用,鋼骨鋼筋混凝土造,1011220,96.57,2,1,1,有,有,有,36500,378,,0.0,0,免租期116/5/15-116/5/17,RPPQMLQLNHLGFGF66CC,整棟(戶)出租,有,1150515~1160517,有,冷氣、熱水器、洗衣機、電視機、冰箱、瓦斯或天然氣,一般轉租
三重區,租賃房屋,新北市三重區重新路一段１２８號十六樓,0.0,,,,1150515,土地0建物1車位0,十六層,27,住宅大樓(11層含以上有電梯),住家用,鋼骨鋼筋混凝土造,1011220,96.57,2,1,1,有,有,有,36500,378,,0.0,0,免租期116/5/15-116/5/17,RPRQMLQLNHLGFGF86CC,整棟(戶)出租,有,1150515~1160517,有,冷氣、熱水器、洗衣機、電視機、冰箱、瓦斯或天然氣,一般轉租
中和區,租賃房屋,新北市中和區中正路８３９巷７０號二十五樓,0.0,,,,1150520,土地0建物1車位0,二十五層,25,住宅大樓(11層含以上有電梯),集合住宅,鋼筋混凝土構造,1140502,127.53999999999999,3,2,2,有,有,無,32000,251,,0.0,0,多人共同承租2；,RPPNMLQLNHLGFHF09CC,整棟(戶)出租,有,1150525~1160524,有,冷氣、熱水器、瓦斯或天然氣,社會住宅包租轉租
中和區,租賃房屋,新北市中和區秀朗路三段１００巷７弄７號,0.0,,,,1150515,土地0建物1車位0,一層,4,公寓(5樓含以下無電梯),住家用,加強磚造,0641219,65.53,3,2,2,有,無,有,31000,473,,0.0,0,多人共同承租3；續租案件；,RPUNMLQLNHLGFHF96CC,整棟(戶)出租,無,1150520~1160519,無,冷氣、熱水器、洗衣機、電視機、冰箱、瓦斯或天然氣,社會住宅代管
永和區,租賃房屋,新北市永和區保生路２２巷１９弄２２號五樓,0.0,,,,1150511,土地0建物1車位0,五層,25,住宅大樓(11層含以上有電梯),住家用,鋼筋混凝土造,0850322,98.95,2,2,1,有,有,無,28653,290,,0.0,0,租金已扣除管理費1347元,RPTOMLQLNHLGFHF96CC,整棟(戶)出租,有,1150612~1160611,有,冷氣、熱水器、瓦斯或天然氣,
中和區,租賃房屋,新北市中和區中山路二段１５５號２樓,0.0,,,,1150516,土地0建物0車位0,二層,4,公寓(5樓含以下無電梯),住家用,ＲＣ造,0640526,16.5,5,1,2,有,無,有,17800,1079,,0.0,0,本租賃契約由承租人徐佳驊、何守華兩人共同承租，每月租金新台幣共17800元整多人共同承租2；租金總額含網路費；,RPXOMLQLNHLGFHF37CC,分租套房,無,1150520~1160531,無,冷氣、熱水器、洗衣機、冰箱、瓦斯或天然氣、網路,一般轉租
中和區,租賃房屋,新北市中和區中興街１８５號三樓,0.0,,,,1150518,土地0建物1車位0,三層,13,住宅大樓(11層含以上有電梯),集合住宅,鋼筋混凝土構造,1000510,43.66,1,1,1,有,有,有,17800,408,,0.0,0,,RPPPMLQLNHLGFHF66CC,獨立套房,有,1150519~1160518,有,冷氣、熱水器、洗衣機、電視機、冰箱,社會住宅包租轉租
樹林區,租賃房屋,新北市樹林區大慶街７１號四樓,0.0,,,,1150516,土地0建物1車位0,四層,5,公寓(5樓含以下無電梯),住家用,鋼筋混凝土造,0711106,72.69,2,1,1,有,無,有,15300,210,,0.0,0,多人共同承租2；續租案件；,RPRNMLQLNHLGFIF76CC,整棟(戶)出租,無,1150705~1180704,無,冷氣、熱水器、電視機,社會住宅包租轉租
樹林區,租賃房屋,新北市樹林區太順街２８號５樓,0.0,,,,1150514,土地0建物1車位0,五層,5,公寓(5樓含以下無電梯),住家用,鋼筋混凝土造,0691108,76.42,2,2,1,有,有,有,22000,288,,0.0,0,續租案件；,RPVNMLQLNHLGFIF17CC,整棟(戶)出租,無,1150516~1160515,無,冷氣、熱水器、洗衣機、電視機、冰箱、瓦斯或天然氣,社會住宅代管
三峽區,租賃房屋+車位,新北市三峽區大同路２８３號５樓之１,19.74,住,,,1150515,土地1建物1車位1,五層,8,華廈(10層含以下有電梯),集合住宅,鋼筋混凝土造,1130117,114.18,2,1,1,有,有,無,23000,201,坡道平面,29.8,0,租金總額含管理費；,RPUOMLQLNHLGFIF17CC,整棟(戶)出租,有,1150601~1170531,有,,
土城區,租賃房屋,新北市土城區青仁路１２０號４樓,0.0,,,,1150519,土地0建物1車位0,四層,15,住宅大樓(11層含以上有電梯),集合住宅,鋼筋混凝土造,1111115,105.37,2,2,1,有,有,無,25600,243,,0.0,0,續租案件；,RPWNMLRLNHLGFAF56CC,整棟(戶)出租,有,1150520~1180519,有,冷氣、熱水器、瓦斯或天然氣,社會住宅包租轉租
土城區,租賃房屋,新北市土城區裕民路１２４號３樓,0.0,,,,1150511,土地0建物1車位0,三層,5,公寓(5樓含以下無電梯),住家用,鋼筋混凝土造,0741016,95.72,3,1,1,有,無,有,23000,240,,0.0,0,,RPPOMLRLNHLGFAF58CC,整棟(戶)出租,無,1150525~1170524,無,熱水器,社會住宅代管
板橋區,租賃房屋,新北市板橋區中正路４７５號４樓,0.0,,,,1150514,土地0建物1車位0,四層,23,住宅大樓(11層含以上有電梯),集合住宅,鋼骨鋼筋混凝土造,1101110,87.83,2,2,1,有,有,無,23800,271,,0.0,0,續租案件；,RPUOMLRLNHLGFAF09CC,整棟(戶)出租,有,1150525~1160524,有,冷氣、熱水器、瓦斯或天然氣,社會住宅代管
板橋區,租賃房屋,新北市板橋區華江一路１１３號６樓之２３,0.0,,,,1150514,土地0建物1車位0,六層,19,住宅大樓(11層含以上有電梯),集合住宅,鋼骨鋼筋混凝土造,1120908,109.74,3,2,2,有,有,有,31500,287,,0.0,0,續租案件；,RPVOMLRLNHLGFAF56CC,整棟(戶)出租,有,1150620~1160619,有,冷氣、熱水器、瓦斯或天然氣,社會住宅代管
板橋區,租賃房屋,新北市板橋區金門街１１７號四樓,0.0,,,,1150514,土地0建物1車位0,四層,4,公寓(5樓含以下無電梯),住家用,鋼筋混凝土造,,72.0,2,2,2,有,無,有,19000,264,,0.0,0,,RPXOMLRLNHLGFAF76CC,整棟(戶)出租,無,1150520~1160309,無,冷氣、熱水器、洗衣機、冰箱、瓦斯或天然氣,社會住宅包租轉租
板橋區,租賃房屋,新北市板橋區翠華街６巷１號４樓,0.0,,,,1150511,土地0建物1車位0,四層,4,公寓(5樓含以下無電梯),住家用,加強磚造,,133.05,3,2,2,有,無,有,24000,180,,0.0,0,多人共同承租4；續租案件；,RPPPMLRLNHLGFAF68CC,整棟(戶)出租,無,1150615~1160601,無,冷氣、熱水器、洗衣機、電視機、冰箱、瓦斯或天然氣,社會住宅代管
板橋區,租賃房屋,新北市板橋區四川路二段９９之１０號二樓,0.0,,,,1150514,土地0建物1車位0,二層,5,公寓(5樓含以下無電梯),住家用,鋼筋混凝土造,,79.92,2,1,1,有,無,有,20000,250,,0.0,0,續租案件；,RPQPMLRLNHLGFAF78CC,整棟(戶)出租,無,1150520~1160519,無,冷氣、熱水器、洗衣機、電視機、冰箱、瓦斯或天然氣,社會住宅代管
板橋區,租賃房屋,新北市板橋區文化二路２９５號２３樓,0.0,,,,1150520,土地0建物0車位0,二十三層,27,住宅大樓(11層含以上有電梯),住家用,鋼筋混凝土造,0860729,20.0,5,1,2,有,有,無,15800,790,,0.0,0,多人共同承租2；租賃建物部分範圍，且未計入共有部分面積；,RPRPMLRLNHLGFAF88CC,分租雅房,有,1150520~1160519,有,洗衣機、冰箱,一般轉租
板橋區,租賃房屋,新北市板橋區民生路二段２２６巷１１號２樓,0.0,,,,1150520,土地0建物1車位0,二層,5,公寓(5樓含以下無電梯),住家用,鋼筋混凝土造,,60.81,3,2,1,有,無,有,15000,247,,0.0,0,續租案件；,RPWPMLRLNHLGFAF76CC,整棟(戶)出租,無,1150531~1170530,無,冷氣、熱水器、瓦斯或天然氣,社會住宅包租轉租
五股區,租賃房屋+車位,新北市五股區新城八路１２號十三樓,0.0,,,,1150520,土地0建物1車位2,十三層,19,住宅大樓(11層含以上有電梯),集合住宅,鋼筋混凝土造,1060104,236.38,4,2,2,有,有,無,33000,140,坡道平面,0.0,6000,另有管理費5000元，由承租人負擔。,RPUNMLRLNHLGFBF09CC,整棟(戶)出租,有,1150601~1160531,有,冷氣、熱水器、瓦斯或天然氣,社會住宅包租轉租
新莊區,租賃房屋,新北市新莊區民安西路８８巷５弄７８號４樓,0.0,,,,1150519,土地0建物1車位0,四層,7,華廈(10層含以下有電梯),住家用,鋼筋混凝土造,0820830,73.62,2,1,1,有,有,無,19300,262,,0.0,0,續租案件；,RPPOMLRLNHLGFBF68CC,整棟(戶)出租,有,1150525~1180524,有,冷氣、熱水器、瓦斯或天然氣,社會住宅包租轉租
新莊區,租賃房屋,新北市新莊區四維路１５２巷１３號４樓,0.0,,,,1150520,土地0建物1車位0,四層,4,公寓(5樓含以下無電梯),住家用,鋼筋混凝土造,0661105,95.99,4,2,1,有,無,有,19000,198,,0.0,0,續租案件；,RPUOMLRLNHLGFBF56CC,整棟(戶)出租,無,1150820~1180819,無,冷氣、熱水器、洗衣機、電視機、冰箱,社會住宅包租轉租
新莊區,租賃房屋,新北市新莊區中正路新建巷１７號五樓,0.0,,,,1150512,土地0建物1車位0,五層,5,公寓(5樓含以下無電梯),住家用,鋼筋混凝土造,0691224,70.82,2,1,1,有,無,有,15000,212,,0.0,0,續租案件；,RPVOMLRLNHLGFBF66CC,整棟(戶)出租,無,1150515~1160514,無,冷氣、熱水器、洗衣機、冰箱、瓦斯或天然氣,社會住宅代管
五股區,租賃房屋,新北市五股區成泰路四段２４之１２號五樓,0.0,,,,1150514,土地0建物1車位0,五層,12,住宅大樓(11層含以上有電梯),住家用,鋼筋混凝土造,0890212,103.39,3,2,2,有,有,無,23500,227,,0.0,0,續租案件；,RPXOMLRLNHLGFBF86CC,整棟(戶)出租,有,1150530~1160529,有,熱水器、瓦斯或天然氣,社會住宅包租轉租
泰山區,租賃房屋,新北市泰山區明志路二段８號六樓,0.0,,,,1150516,土地0建物1車位0,六層,7,華廈(10層含以下有電梯),住家用,鋼筋混凝土造,0861202,122.48,3,2,2,有,有,有,25000,204,,0.0,0,續租案件；,RPPPMLRLNHLGFBF78CC,整棟(戶)出租,無,1150516~1160515,有,冷氣、熱水器、瓦斯或天然氣,社會住宅代管
五股區,租賃房屋,新北市五股區五福路６巷１９號三樓,0.0,,,,1150513,土地0建物1車位0,三層,5,公寓(5樓含以下無電梯),住家用,鋼筋混凝土造,0701023,98.41,3,2,1,有,無,有,16700,170,,0.0,0,續租案件；,RPTPMLRLNHLGFBF56CC,整棟(戶)出租,無,1150516~1170515,無,冷氣、熱水器、電視機、冰箱,社會住宅包租轉租
新莊區,租賃房屋,新北市新莊區建安街９６號二樓,0.0,,,,1150513,土地0建物1車位0,二層,7,華廈(10層含以下有電梯),住家用,鋼筋混凝土造,0810826,71.78999999999999,2,2,1,有,有,有,19700,274,,0.0,0,續租案件；,RPXPMLRLNHLGFBF96CC,整棟(戶)出租,有,1150520~1160319,有,冷氣、熱水器、洗衣機、電視機、冰箱、瓦斯或天然氣,社會住宅包租轉租
新莊區,租賃房屋,新北市新莊區思源路４６１號四樓,0.0,,,,1150515,土地0建物1車位0,四層,5,公寓(5樓含以下無電梯),住家用,鋼筋混凝土造,0750319,92.94,3,2,1,有,無,無,16000,172,,0.0,0,,RPOQMLRLNHLGFBF78CC,整棟(戶)出租,無,1150520~1160519,無,冷氣、熱水器、洗衣機、電視機、冰箱,社會住宅包租轉租
五股區,租賃房屋,新北市五股區新五路二段６３８號三樓,0.0,,,,1150515,土地0建物1車位0,三層,15,住宅大樓(11層含以上有電梯),集合住宅,鋼筋混凝土造,1080807,68.29,1,1,1,有,有,無,19000,278,,0.0,0,,RPPQMLRLNHLGFBF88CC,獨立套房,有,1150516~1160515,有,冷氣、熱水器,社會住宅包租轉租
新店區,租賃房屋,新北市新店區中央路１５３號１１樓之２１,0.0,,,,1150513,土地0建物1車位0,十一層,29,住宅大樓(11層含以上有電梯),一般事務所,鋼骨構造、鋼筋混凝土構造,1011114,79.65,1,1,1,有,有,有,29500,370,,0.0,0,多人共同承租2；,RPUNMLRLNHLGFCF56CC,獨立套房,有,1150513~1160531,有,冷氣、熱水器、洗衣機、電視機、冰箱、瓦斯或天然氣、網路,一般轉租
新店區,租賃房屋,新北市新店區安民街１３號２樓,0.0,,,,1150520,土地0建物1車位0,二層,12,住宅大樓(11層含以上有電梯),住家用,鋼筋混凝土造,0861217,23.19,1,1,1,有,有,無,12000,517,,0.0,0,多人共同承租2；租金總額含管理費；,RPWNMLRLNHLGFCF76CC,獨立套房,有,1150601~1160531,有,冷氣、熱水器、瓦斯或天然氣,
新店區,租賃房屋,新北市新店區碧潭路７７巷３號１７樓之３,0.0,,,,1150519,土地0建物1車位0,十七層,18,住宅大樓(11層含以上有電梯),商業用,鋼筋混凝土造,0880917,93.55,3,2,2,有,有,有,27000,289,,0.0,0,另有管理費2265元，由承租人負擔。,RPOOMLRLNHLGFCF68CC,整棟(戶)出租,有,1150520~1160519,有,冷氣、熱水器、洗衣機、冰箱、瓦斯或天然氣,社會住宅包租轉租
汐止區,租賃房屋,新北市汐止區保一街５１號２樓,0.0,,,,1150511,土地0建物1車位0,二層,8,華廈(10層含以下有電梯),住家用,鋼筋混凝土造,0881129,91.94,3,1,2,有,有,有,16300,177,,0.0,0,續租案件；,RPPNMLRLNHLGFDF78CC,整棟(戶)出租,有,1150525~1160524,有,冷氣、熱水器、洗衣機、電視機、冰箱、瓦斯或天然氣,社會住宅代管
汐止區,租賃房屋,新北市汐止區中興路１８３巷３９號５樓,0.0,,,,1150518,土地0建物0車位0,五層,5,公寓(5樓含以下無電梯),工業用,鋼筋混凝土造,0780506,32.28,9,0,8,有,無,有,12000,372,,0.0,0,承租 C房承租人為外籍人士租金總額含水費；網路費；其他MOD；租賃建物部分範圍，且未計入共有部分面積；,RPRNMLRLNHLGFDF98CC,分租套房,無,1150518~1160609,無,冷氣、熱水器、洗衣機、電視機、冰箱、有線電視、網路,一般代管
淡水區,租賃房屋,新北市淡水區新民街１５２巷６弄１８號四樓,0.0,,,,1150520,土地0建物0車位0,四層,5,公寓(5樓含以下無電梯),住家用,鋼筋混凝土造,0751008,23.43,5,0,5,有,無,有,5000,213,,0.0,0,多人共同承租2；租金總額含網路費；其他第四台；,RPQNMLRLNHLGFEF98CC,分租套房,無,1150520~1160531,無,冷氣、熱水器、洗衣機、電視機、冰箱、有線電視、網路,一般代管
淡水區,租賃房屋,新北市淡水區新民街１８０巷１２號四樓,0.0,,,,1150515,土地0建物0車位0,四層,5,公寓(5樓含以下無電梯),住家用,鋼筋混凝土造,0770730,25.6,4,0,4,有,有,有,6500,254,,0.0,0,多人共同承租2；租金總額含網路費；其他第四台；,RPUNMLRLNHLGFEF76CC,分租套房,無,1150518~1151130,無,冷氣、熱水器、洗衣機、電視機、冰箱、有線電視、網路,一般代管
淡水區,租賃房屋,新北市淡水區新春街８５巷１９弄８之１號六樓,0.0,,,,1150520,土地0建物1車位0,六層,8,華廈(10層含以下有電梯),住家用,鋼筋混凝土造,1050429,163.51,3,2,2,有,有,有,15000,92,,0.0,0,另有管理費4000元，由承租人負擔。,RPTOMLRLNHLGFEF76CC,整棟(戶)出租,有,1150701~1180630,有,冷氣、熱水器、電視機、冰箱、瓦斯或天然氣,社會住宅包租轉租
淡水區,租賃房屋,新北市淡水區文化路６３號四樓之１０,0.0,,,,1150520,土地0建物1車位0,四層,13,住宅大樓(11層含以上有電梯),辦公室,鋼筋混凝土造,0961109,45.97,1,1,1,有,有,有,12000,261,,0.0,0,另有管理費1030元，由承租人負擔。,RPWOMLRLNHLGFEF07CC,獨立套房,有,1150601~1160531,有,冷氣、熱水器、洗衣機、電視機、冰箱,社會住宅包租轉租
淡水區,租賃房屋,新北市淡水區沙崙路一段７號１４樓,0.0,,,,1150519,土地0建物1車位0,十四層,23,住宅大樓(11層含以上有電梯),住家用,鋼筋混凝土造,1080306,86.41,2,2,1,有,有,有,16500,191,,0.0,0,,RPXOMLRLNHLGFEF17CC,整棟(戶)出租,有,1150520~1180519,有,冷氣、熱水器、瓦斯或天然氣,社會住宅包租轉租
淡水區,租賃房屋,新北市淡水區新市三路二段１９１號１７樓,0.0,,,,1150515,土地0建物1車位0,十七層,29,住宅大樓(11層含以上有電梯),住家用,鋼筋混凝土造,1070525,89.08,2,1,1,有,有,有,16000,180,,0.0,0,管理費：1348元，租金不含管理費，由承租人負擔。續租案件；,RPQPMLRLNHLGFEF56CC,整棟(戶)出租,有,1150525~1160424,有,冷氣、熱水器、洗衣機、冰箱、瓦斯或天然氣,社會住宅包租轉租
淡水區,租賃房屋,新北市淡水區水源街二段１７７巷４３弄２之５號７樓,0.0,,,,1150519,土地0建物0車位0,七層,9,華廈(10層含以下有電梯),住家用,鋼筋混凝土造,1010824,34.85,3,0,3,有,有,有,8500,244,,0.0,0,管理費.網路.第四台費用每月1000元續租案件；,RPRPMLRLNHLGFEF66CC,分租套房,有,1150801~1160731,有,冷氣、熱水器、洗衣機、電視機、冰箱、有線電視、網路,一般代管
淡水區,租賃房屋,新北市淡水區水源街二段１７７巷４３弄６之６號５樓,0.0,,,,1150519,土地0建物0車位0,五層,9,華廈(10層含以下有電梯),住家用,鋼筋混凝土造,1010824,36.59,2,0,2,有,有,有,8500,232,,0.0,0,管理費.網路.第四台費用每月1000元續租案件；,RPSPMLRLNHLGFEF76CC,分租套房,有,1150701~1160630,有,冷氣、熱水器、洗衣機、電視機、冰箱、有線電視、網路,一般代管
淡水區,租賃房屋+車位,新北市淡水區新春街８５巷１７號四樓,0.0,,,,1150520,土地0建物1車位1,四層,9,華廈(10層含以下有電梯),住家用,鋼筋混凝土造,1050406,243.46,4,2,2,有,有,無,21000,84,坡道平面,20.57,2300,另有管理費4700元，由承租人負擔,RPWPMLRLNHLGFEF17CC,整棟(戶)出租,有,1150701~1170630,有,冷氣、熱水器、瓦斯或天然氣,社會住宅包租轉租
淡水區,租賃房屋,新北市淡水區水源街二段１７７巷４３弄６之１０號６樓,0.0,,,,1150519,土地0建物0車位0,六層,9,華廈(10層含以下有電梯),住家用,鋼筋混凝土造,1010824,33.5,3,0,3,有,有,有,8000,239,,0.0,0,管理費.網路.第四台費用每月1000元續租案件；,RPXPMLRLNHLGFEF27CC,分租套房,有,1150701~1160630,有,冷氣、熱水器、洗衣機、電視機、冰箱、有線電視、網路,一般代管
淡水區,租賃房屋,新北市淡水區水源街二段１７７巷４３弄６之３號９樓,0.0,,,,1150519,土地0建物0車位0,九層,9,華廈(10層含以下有電梯),住家用,鋼筋混凝土造,1010824,35.54,2,0,2,有,有,有,7500,211,,0.0,0,管理費.網路.第四台費用每月1000元續租案件；,RPOQMLRLNHLGFEF09CC,分租套房,有,1150701~1160630,有,冷氣、熱水器、電視機、冰箱、有線電視、網路,一般代管
淡水區,租賃房屋+車位,新北市淡水區義山路一段４０１巷１０３號,0.0,,,,1150518,土地0建物1車位1,一層,14,店面(店鋪),日用品零售或服務業,鋼筋混凝土造,1140813,129.01,0,0,0,無,有,無,39800,309,坡道平面,30.95,0,免租金裝潢期115年6月1日 至 115年6月30日。租金包含稅金代扣繳10%，二代健保補充費2.11%租金總額含稅；管理費；未租賃車位，建物登記含有車位面積；,RPPQMLRLNHLGFEF56CC,,有,1150701~1200630,有,,
淡水區,租賃房屋,新北市淡水區水源街二段１７７巷４３弄６之１號７樓,0.0,,,,1150519,土地0建物0車位0,七層,9,華廈(10層含以下有電梯),住家用,鋼筋混凝土造,1010824,35.269999999999996,3,0,3,有,有,有,7500,213,,0.0,0,管理費.網路.第四台費用每月1000元續租案件；,RPQQMLRLNHLGFEF66CC,分租套房,有,1150801~1160731,有,冷氣、熱水器、洗衣機、電視機、有線電視、網路,一般代管
三重區,租賃房屋+車位,新北市三重區興德路７６號七樓,0.0,,,,1150514,土地0建物1車位1,七層,15,住宅大樓(11層含以上有電梯),集合住宅,鋼筋混凝土造,1111201,122.27000000000001,2,2,2,有,有,有,36000,294,坡道平面,31.67,0,,RPQNMLRLNHLGFGF56CC,整棟(戶)出租,有,1150514~1160513,有,冷氣、熱水器、洗衣機、冰箱、瓦斯或天然氣,一般轉租
三重區,租賃房屋+車位,新北市三重區興德路７６號七樓,0.0,,,,1150514,土地0建物1車位1,七層,15,住宅大樓(11層含以上有電梯),集合住宅,鋼筋混凝土造,1111201,122.27000000000001,2,2,2,有,有,有,36000,294,坡道平面,31.67,0,,RPRNMLRLNHLGFGF66CC,整棟(戶)出租,有,1150514~1160513,有,冷氣、熱水器、洗衣機、冰箱、瓦斯或天然氣,一般轉租
蘆洲區,租賃房屋+車位,新北市蘆洲區仁愛街７７巷１２號八樓,0.0,,,,1150520,土地0建物1車位1,八層,12,住宅大樓(11層含以上有電梯),集合住宅,鋼筋混凝土造,1100806,91.41,2,1,1,有,有,有,23300,298,坡道機械,21.61,2500,另有管理費2700元，由承租人負擔。,RPSNMLRLNHLGFGF76CC,整棟(戶)出租,有,1150601~1160531,有,冷氣、熱水器、洗衣機、電視機、冰箱、瓦斯或天然氣,社會住宅包租轉租
三重區,租賃房屋,新北市三重區中正北路１７４之８號二樓,0.0,,,,1150512,土地0建物1車位0,二層,8,華廈(10層含以下有電梯),住家用,鋼筋混凝土造,0820902,132.18,3,2,2,有,有,有,15000,113,,0.0,0,續租案件；,RPWNMLRLNHLGFGF17CC,整棟(戶)出租,有,1150601~1160531,有,冷氣、熱水器、洗衣機、電視機、冰箱、瓦斯或天然氣,社會住宅包租轉租
三重區,租賃房屋,新北市三重區重新路二段６６號六樓,0.0,,,,1150512,土地0建物1車位0,六層,12,住宅大樓(11層含以上有電梯),商業用,鋼筋混凝土造,0810716,55.63,2,1,2,有,有,有,22000,395,,0.0,0,多人共同承租2；續租案件；,RPPOMLRLNHLGFGF56CC,整棟(戶)出租,有,1150515~1160514,有,冷氣、熱水器、洗衣機、電視機、冰箱、瓦斯或天然氣,社會住宅代管
三重區,租賃房屋,新北市三重區成功路５０巷５０號五樓之３,0.0,,,,1150520,土地0建物1車位0,五層,9,華廈(10層含以下有電梯),住家用,鋼筋混凝土造,0880623,85.37,2,2,1,有,有,有,23000,269,,0.0,0,未租賃車位，建物登記含有車位面積；,RPQOMLRLNHLGFGF66CC,整棟(戶)出租,有,1150525~1160524,有,冷氣、熱水器、洗衣機、冰箱、瓦斯或天然氣,社會住宅代管
三重區,租賃房屋,新北市三重區河邊北街１９４號,0.0,,,,1150512,土地0建物1車位0,三層,4,公寓(5樓含以下無電梯),住家用,鋼筋混凝土造,0670531,43.0,2,1,1,有,無,有,20000,465,,0.0,0,,RPUOMLRLNHLGFGF07CC,整棟(戶)出租,無,1150525~1160524,無,冷氣、熱水器、洗衣機、電視機、冰箱、瓦斯或天然氣,社會住宅代管
蘆洲區,租賃房屋,新北市蘆洲區三民路４５３號９樓,0.0,,,,1150514,土地0建物1車位0,九層,12,住宅大樓(11層含以上有電梯),集合住宅,鋼筋混凝土造,1150119,51.46,1,0,1,有,有,有,19000,369,,0.0,0,管理費：1575元，租金不含管理費，由承租人負擔。,RPVOMLRLNHLGFGF17CC,獨立套房,有,1150525~1160524,有,冷氣、熱水器、洗衣機、冰箱,社會住宅包租轉租
三重區,租賃房屋,新北市三重區民生街６１巷１８弄４號,0.0,,,,1150513,土地0建物1車位0,一層,4,公寓(5樓含以下無電梯),住家用,鋼筋混凝土造,0670505,99.0,3,1,2,有,無,有,25000,253,,0.0,0,續租案件；,RPPPMLRLNHLGFGF66CC,整棟(戶)出租,無,1150515~1160514,無,冷氣、熱水器、洗衣機、電視機、冰箱、瓦斯或天然氣,社會住宅代管
三重區,租賃房屋,新北市三重區福德北路２４號十樓之二,0.0,,,,1150513,土地0建物1車位0,十層,11,住宅大樓(11層含以上有電梯),住家用,鋼筋混凝土造,0880802,52.43000000000001,1,1,1,有,有,有,22390,427,,0.0,0,管理費1110元由出租人負擔,RPRPMLRLNHLGFGF86CC,獨立套房,有,1150520~1160519,有,冷氣、熱水器、洗衣機、電視機、冰箱、瓦斯或天然氣,社會住宅代管
蘆洲區,租賃房屋,新北市蘆洲區永安北路二段８巷１４號六樓,0.0,,,,1150517,土地0建物1車位0,六層,7,華廈(10層含以下有電梯),住家用,鋼筋混凝土造,0891114,143.89,3,2,2,有,有,有,31500,219,,0.0,0,多人共同承租3；續租案件；,RPSPMLRLNHLGFGF96CC,整棟(戶)出租,有,1150521~1160520,有,冷氣、熱水器、洗衣機、電視機、冰箱、瓦斯或天然氣,社會住宅代管
蘆洲區,租賃房屋,新北市蘆洲區中原路８０號,0.0,,,,1150514,土地0建物1車位0,一層,10,店面(店鋪),住商用,鋼筋混凝土造,0830701,156.98000000000002,0,2,1,有,有,無,50000,319,,0.0,0,,RPTPMLRLNHLGFGF07CC,,有,1150615~1180614,有,,
三重區,租賃房屋,新北市三重區福德北路１７號,0.0,,,,1150515,土地0建物1車位0,二層,3,公寓(5樓含以下無電梯),住家用,加強磚造,0650109,85.0,2,1,1,有,無,有,20000,235,,0.0,0,,RPVPMLRLNHLGFGF27CC,整棟(戶)出租,無,1150515~1160514,無,冷氣、熱水器、洗衣機、電視機、冰箱、瓦斯或天然氣,一般轉租
三重區,租賃房屋,新北市三重區福德北路１７號,0.0,,,,1150515,土地0建物1車位0,二層,3,公寓(5樓含以下無電梯),住家用,加強磚造,0650109,85.0,2,1,1,有,無,有,20000,235,,0.0,0,,RPOQMLRLNHLGFGF66CC,整棟(戶)出租,無,1150515~1160514,無,冷氣、熱水器、洗衣機、電視機、冰箱、瓦斯或天然氣,一般轉租
三重區,租賃房屋,新北市三重區五華街７巷６號７樓,0.0,,,,1150511,土地0建物1車位0,七層,8,華廈(10層含以下有電梯),住家用,鋼筋混凝土造,0880724,107.57,4,2,2,有,有,無,18000,167,,0.0,0,管理費：650元，租金不含管理費，由承租人負擔。續租案件；,RPQQMLRLNHLGFGF86CC,整棟(戶)出租,無,1150625~1170624,有,熱水器、瓦斯或天然氣,社會住宅包租轉租
蘆洲區,租賃房屋,新北市蘆洲區三民路４６３號６樓,0.0,,,,1150513,土地0建物1車位0,六層,12,住宅大樓(11層含以上有電梯),集合住宅,鋼筋混凝土造,1150119,51.46,1,0,1,有,有,有,18500,360,,0.0,0,管理費：1575元，租金不含管理費，由承租人負擔。,RPRQMLRLNHLGFGF96CC,獨立套房,有,1150525~1160524,有,冷氣、熱水器、洗衣機、冰箱,社會住宅包租轉租
蘆洲區,租賃房屋,新北市蘆洲區長安街４９巷１５號五樓,0.0,,,,1150513,土地0建物1車位0,五層,5,公寓(5樓含以下無電梯),住家用,鋼筋混凝土造,0780619,116.12,3,2,1,有,無,有,19800,171,,0.0,0,多人共同承租2；,RPSQMLRLNHLGFGF07CC,整棟(戶)出租,無,1150516~1180515,無,冷氣、熱水器,社會住宅包租轉租
蘆洲區,租賃房屋,新北市蘆洲區三民路４５１號５樓,0.0,,,,1150511,土地0建物1車位0,五層,12,住宅大樓(11層含以上有電梯),集合住宅,鋼筋混凝土造,1150119,54.01,1,0,1,有,有,有,18500,343,,0.0,0,管理費：1575元，租金不含管理費，由承租人負擔。多人共同承租2；,RPTQMLRLNHLGFGF17CC,獨立套房,有,1150525~1160524,有,冷氣、熱水器、洗衣機、冰箱,社會住宅包租轉租
中和區,租賃房屋,新北市中和區景平路９８９巷６號十八樓之三,0.0,,,,1150515,土地0建物1車位0,十八層,22,住宅大樓(11層含以上有電梯),住家用,鋼筋混凝土造,0840612,118.97,3,2,2,有,有,有,30000,252,,0.0,0,,RPRNMLRLNHLGFHF76CC,整棟(戶)出租,有,1150515~1170531,有,冷氣、熱水器、冰箱、瓦斯或天然氣,
中和區,租賃房屋,新北市中和區莊敬路４９巷２９弄１２號,0.0,,,,1150514,土地0建物1車位0,一層,5,公寓(5樓含以下無電梯),住家用,鋼筋混凝土造,0730820,94.92,4,2,3,有,無,有,31000,327,,0.0,0,多人共同承租4；,RPUNMLRLNHLGFHF07CC,整棟(戶)出租,無,1150516~1160515,無,冷氣、熱水器、洗衣機、電視機、冰箱、瓦斯或天然氣,社會住宅代管
中和區,租賃房屋,新北市中和區中山路二段５２３巷１６號五樓,0.0,,,,1150512,土地0建物1車位0,五層,5,公寓(5樓含以下無電梯),住家用,鋼筋混凝土造,0751228,102.22,3,2,2,有,無,有,22000,215,,0.0,0,續租案件；,RPVNMLRLNHLGFHF17CC,整棟(戶)出租,無,1150527~1160526,無,冷氣、熱水器、瓦斯或天然氣,社會住宅代管
永和區,租賃房屋,新北市永和區永元路６９巷２號４樓,0.0,,,,1150519,土地0建物1車位0,四層,4,公寓(5樓含以下無電梯),住家用,加強磚造,0641029,86.9,3,2,1,有,無,無,23500,270,,0.0,0,續租案件；,RPWNMLRLNHLGFHF27CC,整棟(戶)出租,無,1150520~1160519,無,冷氣、熱水器、瓦斯或天然氣,社會住宅包租轉租
永和區,租賃房屋,新北市永和區中正路４５４巷１６號三樓,0.0,,,,1150512,土地0建物1車位0,三層,5,公寓(5樓含以下無電梯),住家用,鋼筋混凝土造,0870404,80.60000000000001,3,2,1,有,無,有,24000,298,,0.0,0,續租案件；,RPPOMLRLNHLGFHF66CC,整棟(戶)出租,無,1150514~1160513,無,冷氣、熱水器、洗衣機、瓦斯或天然氣,社會住宅代管
中和區,租賃房屋,新北市中和區泰和街３８巷２３號三樓,0.0,,,,1150513,土地0建物1車位0,三層,5,公寓(5樓含以下無電梯),住家用,鋼筋混凝土造,0681130,85.6,3,2,1,有,無,無,25000,292,,0.0,0,,RPUOMLRLNHLGFHF17CC,整棟(戶)出租,無,1150601~1160531,無,冷氣、熱水器、洗衣機、電視機、冰箱、瓦斯或天然氣,社會住宅代管
永和區,租賃房屋,新北市永和區安樂路１４４巷２０號２樓之１,0.0,,,,1150512,土地0建物1車位0,二層,15,住宅大樓(11層含以上有電梯),住家用,鋼筋混凝土造,0970722,93.78,3,1,1,有,有,無,33000,352,,0.0,0,,RPVOMLRLNHLGFHF27CC,整棟(戶)出租,有,1150515~1160514,有,冷氣、熱水器、瓦斯或天然氣,社會住宅包租轉租
中和區,租賃房屋,新北市中和區中和路３９０號五樓之九,0.0,,,,1150513,土地0建物1車位0,五層,21,住宅大樓(11層含以上有電梯),住家用,鋼筋混凝土造,0951221,57.739999999999995,1,1,1,有,有,有,22500,390,,0.0,0,續租案件；,RPOPMLRLNHLGFHF66CC,獨立套房,有,1150601~1160531,有,冷氣、熱水器、洗衣機、冰箱、瓦斯或天然氣,社會住宅包租轉租
永和區,租賃房屋,新北市永和區秀朗路二段９０號６樓,0.0,,,,1150514,土地0建物1車位0,六層,9,華廈(10層含以下有電梯),住家用,鋼筋混凝土造,0860429,144.35,3,2,1,有,有,無,20000,139,,0.0,0,續租案件；,RPPPMLRLNHLGFHF76CC,整棟(戶)出租,有,1150615~1160614,有,熱水器、瓦斯或天然氣,社會住宅代管
中和區,租賃房屋,新北市中和區中正路６７９號１６樓之３,0.0,,,,1150511,土地0建物1車位0,十六層,22,住宅大樓(11層含以上有電梯),住家用,鋼筋混凝土造,0871027,58.190000000000005,1,1,1,有,有,有,22000,378,,0.0,0,多人共同承租2；續租案件；,RPRPMLRLNHLGFHF96CC,獨立套房,有,1150701~1160630,有,冷氣、熱水器、洗衣機、電視機、冰箱,社會住宅代管
永和區,租賃房屋,新北市永和區民族街７３巷１號二樓,0.0,,,,1150515,土地0建物1車位0,二層,4,公寓(5樓含以下無電梯),住家用,Ｒ．Ｃ造,0630108,102.8,3,2,1,有,無,有,22000,214,,0.0,0,續租案件；,RPVPMLRLNHLGFHF37CC,整棟(戶)出租,無,1150520~1160519,無,冷氣、熱水器、瓦斯或天然氣,社會住宅代管
三峽區,租賃房屋+車位,新北市三峽區大智路３３號３樓,0.0,,,,1150518,土地0建物1車位1,三層,15,住宅大樓(11層含以上有電梯),住家用,鋼筋混凝土造,0950123,150.7,3,2,2,有,有,無,28000,186,坡道平面,35.8,0,租金總額含管理費；,RPTNMLRLNHLGFIF07CC,整棟(戶)出租,有,1150525~1160524,有,冷氣、熱水器、瓦斯或天然氣,
鶯歌區,租賃房屋,新北市鶯歌區鶯桃路４３６巷９２弄１５號,0.0,,,,1150515,土地0建物0車位0,全,2,透天厝,住家用,加強磚造,,24.18,4,0,4,有,無,有,11000,455,,0.0,0,租金總額含網路費；其他電視費；,RPUNMLRLNHLGFIF17CC,分租套房,無,1150515~1160514,無,冷氣、熱水器、洗衣機、電視機、冰箱、有線電視、網路,
樹林區,租賃房屋,新北市樹林區佳園路一段４１巷１號五樓,0.0,,,,1150520,土地0建物1車位0,五層,14,住宅大樓(11層含以上有電梯),住家用,鋼筋混凝土造,0920313,115.0,3,2,2,有,有,有,14100,123,,0.0,0,管理費1839元，水電費 由承租人負擔續租案件；,RPVNMLRLNHLGFIF27CC,整棟(戶)出租,有,1150625~1160624,有,冷氣、熱水器、冰箱、瓦斯或天然氣,社會住宅代管
樹林區,租賃房屋,新北市樹林區俊英街１１１巷１０之３號,0.0,,,,1150512,土地0建物1車位0,一層,7,華廈(10層含以下有電梯),住家用,鋼筋混凝土造,0840727,71.06,2,2,1,有,有,有,15000,211,,0.0,0,續租案件；,RPXNMLRLNHLGFIF47CC,整棟(戶)出租,有,1150520~1160519,有,冷氣、熱水器、洗衣機、電視機、冰箱、瓦斯或天然氣,社會住宅代管
三峽區,租賃房屋,新北市三峽區學成路２７８號十二樓之二,0.0,,,,1150518,土地0建物1車位0,十二層,19,住宅大樓(11層含以上有電梯),住家用,鋼筋混凝土造,0951117,156.45,2,2,2,有,有,有,25620,164,,0.0,0,租金28000元，含管理費2380元。未租賃車位，建物登記含有車位面積；,RPPOMLRLNHLGFIF76CC,整棟(戶)出租,有,1150520~1180519,有,冷氣、熱水器、瓦斯或天然氣,社會住宅代管
鶯歌區,租賃房屋,新北市鶯歌區鶯桃路３９１號五樓,0.0,,,,1150520,土地0建物1車位0,五層,5,公寓(5樓含以下無電梯),住家用,鋼筋混凝土造,,87.01,3,3,3,有,無,有,28290,325,,0.0,0,租賃期間有約定不同租金115年05月20日至119年04月19日，租金每月28290元；119年04月20日至124年04月19日，租金每月30050元。；,RPQOMLRLNHLGFIF86CC,整棟(戶)出租,無,1150520~1240419,無,冷氣、熱水器、電視機、冰箱,一般轉租
三峽區,租賃房屋,新北市三峽區光明路７５巷２４號七樓,0.0,,,,1150519,土地0建物1車位0,七層,7,華廈(10層含以下有電梯),住家用,鋼筋混凝土造,0841028,135.82999999999998,3,2,1,有,有,有,15000,110,,0.0,0,另有管理費666元，由承租人負擔。,RPROMLRLNHLGFIF96CC,整棟(戶)出租,有,1150601~1160531,有,冷氣、熱水器、瓦斯或天然氣,社會住宅代管
樹林區,租賃房屋,新北市樹林區太平路１２７巷６弄５號５樓,0.0,,,,1150520,土地0建物1車位0,五層,5,公寓(5樓含以下無電梯),住家用,鋼筋混凝土造,0700929,87.0,3,2,1,有,無,有,16000,184,,0.0,0,續租案件；,RPTOMLRLNHLGFIF17CC,整棟(戶)出租,無,1150525~1180524,無,冷氣、熱水器、洗衣機、冰箱、瓦斯或天然氣,社會住宅包租轉租
鶯歌區,租賃房屋+車位,新北市鶯歌區建國路１２６號十樓之三,0.0,,,,1150514,土地0建物1車位1,十層,10,華廈(10層含以下有電梯),住家用,鋼筋混凝土造,0941128,241.18,3,2,2,有,有,有,29000,122,坡道平面,28.15,3000,續租案件；,RPVOMLRLNHLGFIF37CC,整棟(戶)出租,有,1150531~1160530,有,冷氣、熱水器、瓦斯或天然氣,社會住宅代管
鶯歌區,租賃房屋,新北市鶯歌區文化路１４０號４樓,0.0,,,,1150520,土地0建物1車位0,四層,4,公寓(5樓含以下無電梯),住家用,鋼筋混凝土造,0730107,94.99,2,2,1,有,無,有,15000,158,,0.0,0,續租案件；,RPWOMLRLNHLGFIF47CC,整棟(戶)出租,無,1150525~1180524,無,冷氣、熱水器、洗衣機、瓦斯或天然氣,社會住宅包租轉租
樹林區,租賃房屋,新北市樹林區東榮街１１６巷２７號７樓,0.0,,,,1150520,土地0建物1車位0,七層,7,華廈(10層含以下有電梯),住家用,鋼筋混凝土造,0841027,73.13,2,1,1,有,有,有,17465,239,,0.0,0,管理費535元由出租人負擔。續租案件；,RPOPMLRLNHLGFIF76CC,整棟(戶)出租,有,1150529~1160528,有,冷氣、熱水器、洗衣機、冰箱,社會住宅包租轉租
樹林區,租賃房屋,新北市樹林區忠孝街６７巷１號２樓,0.0,,,,1150520,土地0建物1車位0,二層,12,住宅大樓(11層含以上有電梯),住家用,鋼筋混凝土造,0880409,81.64,2,1,1,有,有,無,17259,211,,0.0,0,管理費741元由出租人負擔。,RPPPMLRLNHLGFIF86CC,整棟(戶)出租,有,1150527~1160526,有,冷氣、熱水器、瓦斯或天然氣,社會住宅包租轉租
板橋區,租賃房屋,新北市板橋區南雅西路二段３８巷１６號三樓,0.0,,,,1150514,土地0建物1車位0,三層,4,公寓(5樓含以下無電梯),住家用,加強磚造,,66.4,3,1,1,有,無,無,16000,241,,0.0,0,,RPTNMLSLNHLGFAF98CC,整棟(戶)出租,無,1150601~1160531,無,冷氣、熱水器,社會住宅代管
板橋區,租賃房屋,新北市板橋區縣民大道三段９３巷２６號九樓,0.0,,,,1150518,土地0建物1車位0,九層,14,住宅大樓(11層含以上有電梯),集合住宅,鋼筋混凝土造,1140716,74.5,2,1,1,有,有,有,30464,409,,0.0,0,管理費每月2536元由出租人負擔。,RPVNMLSLNHLGFAF56CC,整棟(戶)出租,有,1150701~1180630,有,冷氣、熱水器、洗衣機、電視機、冰箱、瓦斯或天然氣、有線電視、網路,
板橋區,租賃房屋,新北市板橋區成功路６巷３１號,0.0,,,,1150512,土地0建物1車位0,全,3,透天厝,住家用,加強磚造,0570701,59.27,2,1,2,有,無,有,15000,253,,0.0,0,僅出租二層租金總額含水費；網路費；含增建或未登記建物；,RPXOMLSLNHLGFAF86CC,分層出租,無,1150512~1160511,無,冷氣、熱水器、洗衣機、電視機、冰箱、瓦斯或天然氣、有線電視、網路,一般代管
板橋區,租賃房屋,新北市板橋區五權街４５巷４號二樓,0.0,,,,1150516,土地0建物1車位0,二層,5,公寓(5樓含以下無電梯),住家用,鋼筋混凝土造,0680918,66.84,3,2,2,有,無,無,30000,449,,0.0,0,,RPPPMLSLNHLGFAF78CC,整棟(戶)出租,無,1150601~1160531,無,冷氣、熱水器、瓦斯或天然氣,社會住宅包租轉租
板橋區,租賃房屋,新北市板橋區四川路二段１３０巷１１號２樓,0.0,,,,1150511,土地0建物1車位0,二層,4,公寓(5樓含以下無電梯),住家用,加強磚造,,92.1,3,2,2,有,無,有,28000,304,,0.0,0,多人共同承租2；,RPQPMLSLNHLGFAF88CC,整棟(戶)出租,無,1150511~1160510,無,冷氣、熱水器、洗衣機、冰箱,
板橋區,租賃房屋,新北市板橋區文化路一段１８８巷９弄６６號２樓,0.0,,,,1150513,土地0建物1車位0,二層,4,公寓(5樓含以下無電梯),住家用,加強磚造,,83.38,2,2,1,有,無,有,25000,300,,0.0,0,,RPUPMLSLNHLGFAF66CC,整棟(戶)出租,無,1150601~1170531,無,冷氣、熱水器、洗衣機、冰箱、瓦斯或天然氣,
板橋區,租賃房屋,新北市板橋區南雅東路２２號１１樓之７,0.0,,,,1150514,土地0建物1車位0,十一層,14,住宅大樓(11層含以上有電梯),住家用,鋼筋混凝土造,0940525,113.38,3,2,2,有,有,有,30000,265,,0.0,0,租金總額含管理費；,RPWPMLSLNHLGFAF86CC,整棟(戶)出租,有,1150525~1170524,有,冷氣、熱水器、洗衣機、電視機、冰箱、瓦斯或天然氣,
板橋區,租賃房屋,新北市板橋區重慶路２１３號,0.0,,,,1150516,土地0建物1車位0,一層,1,店面(店鋪),自用倉庫,鋼架造,0730427,72.58,0,1,1,有,無,無,55000,758,,0.0,0,租金總額含稅；,RPXPMLSLNHLGFAF96CC,,無,1150801~1200731,無,冷氣,
板橋區,租賃房屋,新北市板橋區中山路二段４０巷１０弄５號４樓,0.0,,,,1150519,土地0建物1車位0,四層,5,公寓(5樓含以下無電梯),住家用,鋼筋混凝土造,0701216,91.8,3,2,1,有,無,有,30000,327,,0.0,0,多人共同承租3；,RPPQMLSLNHLGFAF88CC,整棟(戶)出租,無,1150601~1160531,無,冷氣、熱水器、洗衣機、冰箱,
土城區,租賃房屋,新北市土城區學府路一段７５巷８號,0.0,,,,1150520,土地0建物1車位0,一層,5,店面(店鋪),住家用,鋼筋混凝土造,0690708,73.74,1,1,1,有,無,無,30000,407,,0.0,0,,RPQQMLSLNHLGFAF98CC,,無,1150620~1170619,無,,
板橋區,租賃房屋,新北市板橋區四川路二段９９之９號五樓,0.0,,,,1150514,土地0建物1車位0,五層,5,公寓(5樓含以下無電梯),住家用,鋼筋混凝土造,0680815,85.12,3,1,1,有,無,有,18000,211,,0.0,0,,RPSQMLSLNHLGFAF56CC,整棟(戶)出租,無,1150515~1160514,無,冷氣、熱水器、洗衣機、電視機、冰箱、瓦斯或天然氣,社會住宅代管
板橋區,租賃房屋,新北市板橋區民生路三段２０５號３樓,0.0,,,,1150513,土地0建物1車位0,三層,4,公寓(5樓含以下無電梯),住家用,加強磚造,,78.31,3,1,1,有,無,無,22000,281,,0.0,0,,RPVQMLSLNHLGFAF86CC,整棟(戶)出租,無,1150520~1160519,無,熱水器,一般代管
板橋區,租賃房屋,新北市板橋區金門街１２１巷１號三樓,0.0,,,,1150520,土地0建物1車位0,三層,4,公寓(5樓含以下無電梯),住家用,鋼筋混凝土造,,66.81,2,1,1,有,無,有,17000,254,,0.0,0,續租案件；,RPXQMLSLNHLGFAF07CC,整棟(戶)出租,無,1150610~1160609,無,冷氣、熱水器、瓦斯或天然氣,社會住宅包租轉租
板橋區,租賃房屋,新北市板橋區國慶路１８２巷１６號８樓之７,0.0,,,,1150520,土地0建物1車位0,八層,9,華廈(10層含以下有電梯),住家用,鋼筋混凝土造,0850926,33.29,1,1,1,有,無,有,14500,436,,0.0,0,另有管理費500元，由承租人負擔。,RPRRMLSLNHLGFAF56CC,獨立套房,無,1150523~1160522,有,冷氣、熱水器、洗衣機、冰箱、瓦斯或天然氣,社會住宅包租轉租
板橋區,租賃房屋,新北市板橋區大漢街５１號１４樓,0.0,,,,1150515,土地0建物1車位0,十四層,15,住宅大樓(11層含以上有電梯),集合住宅,鋼筋混凝土造,1080909,67.72,2,1,1,有,有,有,19200,284,,0.0,0,管理費：1949元，租金不含管理費，由承租人負擔。多人共同承租2；,RPSRMLSLNHLGFAF66CC,整棟(戶)出租,有,1150601~1180531,有,冷氣、熱水器、洗衣機、電視機、冰箱、瓦斯或天然氣,社會住宅包租轉租
泰山區,租賃房屋+車位,新北市泰山區明志路二段２９８巷６之８號七樓,0.0,,,,1150512,土地0建物1車位1,七層,14,住宅大樓(11層含以上有電梯),集合住宅,鋼筋混凝土造,1141210,89.89,2,1,1,有,有,有,25500,328,坡道平面,24.32,4000,管理費2500由承租人負擔,RPSOMLSLNHLGFBF09CC,整棟(戶)出租,有,1150515~1160514,有,冷氣、熱水器、瓦斯或天然氣,社會住宅代管
新莊區,租賃房屋,新北市新莊區昌平街８２巷１５弄１５號５樓,0.0,,,,1150513,土地0建物1車位0,五層,10,華廈(10層含以下有電梯),住家用,鋼筋混凝土造,0821026,107.22999999999999,3,2,2,有,有,有,30000,280,,0.0,0,管理費2200元由承租人負擔,RPVOMLSLNHLGFBF76CC,整棟(戶)出租,有,1150516~1160515,有,冷氣、熱水器、瓦斯或天然氣,社會住宅代管
新莊區,租賃房屋+車位,新北市新莊區中平路３７７巷３１號６樓,0.0,,,,1150513,土地0建物1車位1,六層,13,住宅大樓(11層含以上有電梯),住家用,鋼筋混凝土造,0950515,123.08,3,2,2,有,有,有,36000,292,坡道平面,16.03,0,租金總額含管理費；,RPOPMLSLNHLGFBF78CC,整棟(戶)出租,有,1150520~1160519,有,冷氣、熱水器、洗衣機、電視機、冰箱、瓦斯或天然氣,
新莊區,租賃房屋+車位,新北市新莊區中平路３７７巷１７弄４７號,0.0,,,,1150514,土地0建物1車位1,一層,13,店面(店鋪),住家用,鋼筋混凝土造,0930611,133.41,2,2,2,有,有,有,39000,292,坡道平面,21.12,0,,RPQPMLSLNHLGFBF98CC,,有,1150601~1170531,有,瓦斯或天然氣,
新莊區,租賃房屋,新北市新莊區民安路２０７巷３號３樓,0.0,,,,1150515,土地0建物1車位0,三層,6,華廈(10層含以下有電梯),住家用,鋼筋混凝土造,0801028,71.47,2,1,1,有,有,有,24000,336,,0.0,0,租金總額含管理費；,RPRPMLSLNHLGFBF09CC,整棟(戶)出租,有,1150601~1160531,有,冷氣、洗衣機、冰箱,
新莊區,租賃房屋,新北市新莊區福營路３０６號９樓,0.0,,,,1150518,土地0建物1車位0,九層,10,華廈(10層含以下有電梯),工業用,鋼筋混凝土造,0830526,107.03,3,2,2,有,有,有,26000,243,,0.0,0,,RPSPMLSLNHLGFBF56CC,整棟(戶)出租,無,1150521~1160531,有,冷氣、熱水器、瓦斯或天然氣,
五股區,租賃房屋,新北市五股區新五路二段５１２號十一樓,0.0,,,,1150514,土地0建物1車位0,十一層,24,住宅大樓(11層含以上有電梯),集合住宅,鋼筋混凝土造,1120923,97.12,3,1,1,有,有,有,19700,203,,0.0,0,未租賃車位，建物登記含有車位面積；,RPXPMLSLNHLGFBF07CC,整棟(戶)出租,有,1150516~1160515,有,冷氣、熱水器、洗衣機、電視機、冰箱、瓦斯或天然氣,社會住宅代管
新莊區,租賃房屋,新北市新莊區福營路４９０號２樓,0.0,,,,1150520,土地0建物1車位0,二層,4,公寓(5樓含以下無電梯),住家用,鋼筋混凝土造,0660827,65.5,2,1,1,有,無,有,17000,260,,0.0,0,續租案件；,RPPQMLSLNHLGFBF98CC,整棟(戶)出租,無,1150606~1160605,無,冷氣、熱水器,社會住宅包租轉租
新莊區,租賃房屋,新北市新莊區民安西路３８４號１５樓之４,0.0,,,,1150513,土地0建物1車位0,十五層,21,住宅大樓(11層含以上有電梯),住家用,鋼筋混凝土造,0850311,43.13,1,1,1,有,有,有,13347,309,,0.0,0,另有管理費653元，由出租人負擔，租金已扣除管理費。,RPQQMLSLNHLGFBF09CC,獨立套房,有,1150517~1160516,有,冷氣、熱水器、洗衣機、電視機、冰箱、瓦斯或天然氣,社會住宅包租轉租
新莊區,租賃房屋,新北市新莊區新豐街２１號４樓,0.0,,,,1150518,土地0建物0車位0,四層,5,公寓(5樓含以下無電梯),住家用,鋼筋混凝土造,0701218,83.36,3,2,2,有,無,有,19000,228,,0.0,0,多人共同承租2；,RPSQMLSLNHLGFBF66CC,分租套房,無,1150522~1160521,無,冷氣、熱水器、洗衣機、電視機、冰箱、網路,一般轉租
五股區,租賃房屋,新北市五股區登林路８１之４３號十一樓,0.0,,,,1150520,土地0建物1車位0,十一層,14,住宅大樓(11層含以上有電梯),住家用,鋼筋混凝土造,0900611,67.84,3,2,1,有,有,有,16000,236,,0.0,0,另有管理費1432元，由承租人負擔。,RPTQMLSLNHLGFBF76CC,整棟(戶)出租,有,1150524~1160523,有,冷氣、熱水器、洗衣機、瓦斯或天然氣,社會住宅包租轉租
新店區,租賃房屋,新北市新店區百忍街４３巷１弄８號３樓,0.0,,,,1150519,土地0建物1車位0,三層,4,公寓(5樓含以下無電梯),住家用,加強磚造,,87.95,3,2,1,有,無,有,31500,358,,0.0,0,續租案件；,RPOOMLSLNHLGFCF78CC,整棟(戶)出租,無,1150610~1160609,無,冷氣、熱水器,社會住宅代管
新店區,租賃房屋,新北市新店區錦秀路１８之３號二樓,0.0,,,,1150514,土地0建物1車位0,二層,5,華廈(10層含以下有電梯),店鋪、住宅,鋼筋混凝土造,0730220,70.01,2,1,1,有,有,有,21000,300,,0.0,0,續租案件；,RPQOMLSLNHLGFCF98CC,整棟(戶)出租,有,1150601~1160531,有,冷氣、熱水器、電視機、冰箱、瓦斯或天然氣,社會住宅代管
汐止區,租賃房屋,新北市汐止區中正路１７號,0.0,,,,1150516,土地0建物1車位0,一層,5,公寓(5樓含以下無電梯),住商用,鋼筋混凝土造,0791229,119.34,1,1,1,有,無,無,29000,243,,0.0,0,租賃建物之坪數不含夾層坪數20.81平方公尺,RPUNMLSLNHLGFDF76CC,,無,1150601~1160531,無,冷氣、熱水器、洗衣機、瓦斯或天然氣,
淡水區,租賃房屋,新北市淡水區中正路一段１１８之１號８樓,0.0,,,,1150520,土地0建物0車位0,八層,14,住宅大樓(11層含以上有電梯),住家用,鋼筋混凝土造,0920503,18.0,4,1,2,有,有,有,14500,806,,0.0,0,,RPPNMLSLNHLGFEF98CC,分租套房,有,1150522~1160630,有,冷氣、熱水器、洗衣機、冰箱、瓦斯或天然氣,一般轉租
淡水區,租賃房屋,新北市淡水區自強路８號４樓之５,0.0,,,,1150519,土地0建物1車位0,四層,10,華廈(10層含以下有電梯),住家用,鋼筋混凝土造,0961119,38.09,1,1,1,有,有,有,12850,337,,0.0,0,另有管理費1050元，由出租人負擔，租金已扣除管理費。,RPROMLSLNHLGFEF66CC,獨立套房,有,1150520~1160519,有,冷氣、熱水器、洗衣機、電視機、冰箱,社會住宅包租轉租
淡水區,租賃房屋,新北市淡水區水源街二段１７７巷４３弄６之７號５樓,0.0,,,,1150519,土地0建物0車位0,五層,9,華廈(10層含以下有電梯),住家用,鋼筋混凝土造,1010824,36.43,2,0,2,有,有,有,8000,220,,0.0,0,管理費.網路.第四台費用每月1000元多人共同承租2；,RPXOMLSLNHLGFEF27CC,分租套房,有,1150701~1160630,有,冷氣、熱水器、洗衣機、電視機、冰箱、有線電視、網路,一般代管
淡水區,租賃房屋,新北市淡水區水源街二段１７７巷４３弄６之８號４樓,0.0,,,,1150519,土地0建物0車位0,四層,9,華廈(10層含以下有電梯),住家用,鋼筋混凝土造,1010824,31.090000000000003,2,0,2,有,有,有,8000,257,,0.0,0,管理費.網路.第四台費用每月1000元多人共同承租2；,RPPPMLSLNHLGFEF56CC,分租套房,有,1150701~1160630,有,冷氣、熱水器、洗衣機、電視機、冰箱、有線電視、網路,一般代管
三重區,租賃房屋,新北市三重區三和路四段１２５巷６３號三樓,0.0,,,,1150518,土地0建物1車位0,三層,4,公寓(5樓含以下無電梯),住家用,鋼筋混凝土造,0680105,78.0,3,2,1,有,無,有,23000,295,,0.0,0,續租案件；,RPRNMLSLNHLGFGF76CC,整棟(戶)出租,無,1150601~1160531,無,冷氣、熱水器、瓦斯或天然氣,社會住宅代管
三重區,租賃房屋,新北市三重區興德路７２號９樓之３,0.0,,,,1150516,土地0建物1車位0,九層,15,住宅大樓(11層含以上有電梯),集合住宅,鋼筋混凝土造,1111201,96.64,1,0,1,有,有,有,21000,217,,0.0,0,管理費每個月2900元不包含在租金內多人共同承租2；未租賃車位，建物登記含有車位面積；,RPROMLSLNHLGFGF86CC,獨立套房,有,1150520~1160519,有,冷氣、熱水器、瓦斯或天然氣,社會住宅代管
三重區,租賃房屋,新北市三重區正義北路３７２巷１８號四樓,0.0,,,,1150520,土地0建物1車位0,四層,5,公寓(5樓含以下無電梯),住家用,鋼筋混凝土造,0811024,70.42,2,2,2,有,無,有,20000,284,,0.0,0,,RPWOMLSLNHLGFGF37CC,整棟(戶)出租,無,1150521~1160520,無,冷氣、熱水器、瓦斯或天然氣,社會住宅代管
三重區,租賃房屋,新北市三重區三和路三段１０１巷１７５號４樓,0.0,,,,1150518,土地0建物1車位0,四層,5,公寓(5樓含以下無電梯),住家用,鋼筋混凝土造,0800111,46.57,2,1,1,有,無,有,19000,408,,0.0,0,,RPOPMLSLNHLGFGF66CC,整棟(戶)出租,無,1150520~1160519,無,冷氣、熱水器、電視機,社會住宅包租轉租
蘆洲區,租賃房屋,新北市蘆洲區中興街１１７之２號２樓,0.0,,,,1150513,土地0建物1車位0,二層,5,華廈(10層含以下有電梯),住家用,鋼筋混凝土造,1000429,49.68,1,1,1,有,有,有,13500,272,,0.0,0,另有管理費1500元，由出租人負擔，租金已扣除管理費。,RPSPMLSLNHLGFGF07CC,獨立套房,無,1150516~1160515,有,冷氣、熱水器、電視機、冰箱,社會住宅包租轉租
三重區,租賃房屋,新北市三重區永福街２８３之８號７樓,0.0,,,,1150513,土地0建物1車位0,七層,13,住宅大樓(11層含以上有電梯),住家用,鋼筋混凝土造,0850208,82.35,2,1,1,有,有,有,25000,304,,0.0,0,另有管理費1480元，由承租人負擔。,RPVPMLSLNHLGFGF37CC,整棟(戶)出租,有,1150518~1160517,有,冷氣、熱水器、洗衣機、電視機、冰箱、瓦斯或天然氣,社會住宅包租轉租
中和區,租賃房屋,新北市中和區圓通路１３７號二樓之２,0.0,,,,1150511,土地0建物1車位0,二層,8,華廈(10層含以下有電梯),住家用,鋼筋混凝土造,0840516,67.09,2,2,1,有,有,無,23800,355,,0.0,0,管理費1212元由承租人負擔,RPPOMLSLNHLGFHF76CC,整棟(戶)出租,有,1150515~1160514,有,冷氣、熱水器、瓦斯或天然氣,社會住宅代管
中和區,租賃房屋,新北市中和區南山路１９７號４樓,0.0,,,,1150519,土地0建物1車位0,四層,4,公寓(5樓含以下無電梯),住宅,Ｒ．Ｃ造,0660216,69.7,3,1,1,有,無,有,18000,258,,0.0,0,,RPQOMLSLNHLGFHF86CC,整棟(戶)出租,無,1150601~1160531,無,冷氣、熱水器、洗衣機、冰箱、瓦斯或天然氣,社會住宅包租轉租
永和區,租賃房屋,新北市永和區永和路二段２３５之１號六樓之八,0.0,,,,1150514,土地0建物1車位0,六層,7,華廈(10層含以下有電梯),住家用,鋼筋混凝土造,0680522,38.33,1,1,1,有,有,有,13270,346,,0.0,0,管理費每月730元由出租人負擔。,RPSOMLSLNHLGFHF07CC,獨立套房,有,1150516~1151119,有,冷氣、熱水器、洗衣機、冰箱,社會住宅包租轉租
中和區,租賃房屋,新北市中和區忠孝街１９巷６號７樓,0.0,,,,1150519,土地0建物1車位0,七層,7,華廈(10層含以下有電梯),住家用,鋼筋混凝土造,0880610,86.05000000000001,3,2,1,有,有,有,21000,244,,0.0,0,另有管理費800元，由承租人負擔。未租賃車位，建物登記含有車位面積；,RPTOMLSLNHLGFHF17CC,整棟(戶)出租,有,1150525~1160524,有,冷氣、熱水器、洗衣機、電視機、冰箱、瓦斯或天然氣,社會住宅包租轉租
中和區,租賃房屋,新北市中和區華順街２巷１號,0.0,,,,1150514,土地0建物1車位0,一層,4,店面(店鋪),住家用,鋼筋混凝土造,0690709,108.65,0,2,1,有,無,無,32000,295,,0.0,0,租金總額含稅；,RPVOMLSLNHLGFHF37CC,,無,1150615~1200614,無,,
中和區,租賃房屋,新北市中和區景新街３３７之１號８樓,0.0,,,,1150512,土地0建物1車位0,八層,36,住宅大樓(11層含以上有電梯),集合住宅,鋼骨構造,1110224,70.25,1,2,1,有,有,有,30000,427,,0.0,0,,RPWOMLSLNHLGFHF47CC,整棟(戶)出租,有,1150513~1160512,有,冷氣、熱水器、洗衣機、瓦斯或天然氣,
中和區,租賃房屋,新北市中和區橋和路１７２號９樓之２,0.0,,,,1150518,土地0建物1車位0,九層,14,住宅大樓(11層含以上有電梯),住家用,鋼筋混凝土造,0871230,135.28,3,2,2,有,有,有,32000,237,,0.0,0,,RPOPMLSLNHLGFHF76CC,整棟(戶)出租,有,1150601~1170531,有,冷氣,
中和區,租賃房屋,新北市中和區民享街１１４巷９號２樓,0.0,,,,1150520,土地0建物1車位0,二層,5,公寓(5樓含以下無電梯),住家用,鋼筋混凝土造,0690702,99.88,3,2,2,有,無,有,28500,285,,0.0,0,,RPPPMLSLNHLGFHF86CC,整棟(戶)出租,無,1150601~1160531,無,冷氣、熱水器、瓦斯或天然氣,
中和區,租賃房屋,新北市中和區大勇街２５巷２９弄８號三樓,0.0,,,,1150514,土地0建物1車位0,三層,5,公寓(5樓含以下無電梯),住家用,鋼筋混凝土造,0701228,69.43,2,2,1,有,無,有,15000,216,,0.0,0,,RPVPMLSLNHLGFHF47CC,整棟(戶)出租,無,1150601~1160531,無,冷氣、熱水器、瓦斯或天然氣,社會住宅包租轉租
永和區,租賃房屋,新北市永和區福和路５７巷１４弄３號四樓,0.0,,,,1150515,土地0建物1車位0,四層,4,公寓(5樓含以下無電梯),住家用,加強磚造,0610407,108.36,3,2,2,有,無,有,25000,231,,0.0,0,續租案件；,RPOQMLSLNHLGFHF86CC,整棟(戶)出租,無,1150515~1160514,無,冷氣、熱水器、洗衣機、冰箱、瓦斯或天然氣,社會住宅代管
中和區,租賃房屋,新北市中和區景平路９８９巷２號五樓之１,0.0,,,,1150514,土地0建物1車位0,五層,22,住宅大樓(11層含以上有電梯),住家用,鋼筋混凝土造,0840612,44.38,1,1,1,有,有,有,19000,428,,0.0,0,另有管理費500元，由承租人負擔。,RPPQMLSLNHLGFHF96CC,獨立套房,有,1150520~1160519,有,冷氣、熱水器、洗衣機、電視機、冰箱,社會住宅包租轉租
中和區,租賃房屋,新北市中和區景平路４３３號九樓,0.0,,,,1150520,土地0建物1車位0,九層,17,住宅大樓(11層含以上有電梯),住家用,鋼筋混凝土造,0860515,42.81,1,1,1,有,有,有,17000,397,,0.0,0,另有管理費576元，由承租人負擔。,RPQQMLSLNHLGFHF07CC,獨立套房,有,1150522~1160521,有,冷氣、熱水器、洗衣機、電視機、冰箱,社會住宅包租轉租
永和區,租賃房屋,新北市永和區中正路５８８號８樓之１０,0.0,,,,1150520,土地0建物1車位0,八層,10,華廈(10層含以下有電梯),商業用,鋼筋混凝土造,0820111,32.17,1,1,1,有,有,無,10500,326,,0.0,0,另有管理費550元，由承租人負擔。,RPRQMLSLNHLGFHF17CC,獨立套房,有,1150523~1160522,有,冷氣、熱水器、洗衣機,社會住宅包租轉租
樹林區,租賃房屋,新北市樹林區俊英街１８９號１２樓之８,0.0,,,,1150517,土地0建物1車位0,八層,17,住宅大樓(11層含以上有電梯),住家用,鋼筋混凝土造,0840211,98.69999999999999,3,2,2,有,有,有,23000,233,,0.0,0,多人共同承租3；,RPQNMLSLNHLGFIF86CC,整棟(戶)出租,有,1150701~1160630,有,冷氣、熱水器、洗衣機、電視機、冰箱、瓦斯或天然氣、有線電視,
鶯歌區,租賃房屋,新北市鶯歌區福德五街３號四樓,0.0,,,,1150520,土地0建物1車位0,四層,5,公寓(5樓含以下無電梯),住家用,鋼筋混凝土造,,82.0,3,1,1,有,無,有,15000,183,,0.0,0,,RPSOMLSLNHLGFIF17CC,整棟(戶)出租,無,1150529~1160528,無,冷氣、熱水器、洗衣機、冰箱、瓦斯或天然氣,社會住宅包租轉租
板橋區,租賃房屋,新北市板橋區莒光路２３７號７樓之２,0.0,,,,1150512,土地0建物1車位0,七層,7,華廈(10層含以下有電梯),住家用,鋼筋混凝土造,0701222,62.87,1,1,1,有,有,無,15800,251,,0.0,0,,RPQNMLTLNHLGFAF78CC,整棟(戶)出租,有,1150520~1160519,有,,
板橋區,租賃房屋,新北市板橋區介壽街９６號４樓,0.0,,,,1150519,土地0建物1車位0,四層,4,公寓(5樓含以下無電梯),住家用,加強磚造,,70.72,3,2,1,有,無,無,25000,354,,0.0,0,多人共同承租2；,RPRNMLTLNHLGFAF88CC,整棟(戶)出租,無,1150520~1160519,無,冷氣、熱水器、洗衣機、電視機、冰箱,社會住宅代管
板橋區,租賃房屋,新北市板橋區溪城路９７號６樓,0.0,,,,1150520,土地0建物1車位0,六層,12,住宅大樓(11層含以上有電梯),住家用,鋼筋混凝土造,0860618,120.36,3,2,2,有,有,無,26500,220,,0.0,0,,RPROMLTLNHLGFAF98CC,整棟(戶)出租,有,1150601~1160531,有,冷氣、熱水器、瓦斯或天然氣,
板橋區,租賃房屋,新北市板橋區中正路３１３號四樓之１４,0.0,,,,1150518,土地0建物1車位0,四層,5,公寓(5樓含以下無電梯),住家用,鋼筋混凝土造,0670629,87.07,3,1,1,有,無,有,17700,203,,0.0,0,續租案件；,RPSOMLTLNHLGFAF09CC,整棟(戶)出租,無,1150701~1160630,無,熱水器,社會住宅包租轉租
板橋區,租賃房屋,新北市板橋區富山街１０９巷６３弄３２號,0.0,,,,1150520,土地0建物1車位0,全,2,透天厝,住家用,加強磚造,0560610,73.74,3,2,2,有,無,有,28000,380,,0.0,0,,RPPPMLTLNHLGFAF88CC,整棟(戶)出租,無,1150530~1160529,無,冷氣、熱水器、洗衣機、電視機、冰箱、瓦斯或天然氣,社會住宅代管
泰山區,租賃房屋,新北市泰山區明志路三段１４２巷８號７樓之２６,3.71,住,,,1150513,土地2建物2車位0,七層,9,華廈(10層含以下有電梯),住家用,鋼筋混凝土造,0871003,25.92,1,0,1,有,有,有,8800,340,,0.0,0,,RPVNMLTLNHLGFBF76CC,整棟(戶)出租,有,1150513~1160515,有,冷氣、熱水器、冰箱,
五股區,租賃房屋+車位,新北市五股區芳洲八路１４２號十三樓,0.0,,,,1150520,土地0建物1車位1,十三層,15,住宅大樓(11層含以上有電梯),集合住宅,鋼筋混凝土造,1040114,141.66,2,2,2,有,有,無,26800,194,坡道平面,18.74,3000,管理費2200元，由承租人負擔續租案件；,RPQOMLTLNHLGFBF98CC,整棟(戶)出租,有,1150625~1160624,有,冷氣、熱水器、瓦斯或天然氣,社會住宅代管
五股區,租賃房屋,新北市五股區成泰路三段５７７巷９１號七樓,0.0,,,,1150520,土地0建物1車位0,七層,9,華廈(10層含以下有電梯),住家用,鋼筋混凝土造,0861023,101.67,3,2,2,有,有,有,18000,177,,0.0,0,管理費2000元，由承租人負擔續租案件；,RPSOMLTLNHLGFBF56CC,整棟(戶)出租,有,1150710~1160709,有,冷氣、熱水器、洗衣機、電視機、冰箱、瓦斯或天然氣,社會住宅代管
林口區,租賃房屋,新北市林口區文化北路一段２９９巷７２號五樓,0.0,,,,1150515,土地0建物1車位0,五層,8,華廈(10層含以下有電梯),集合住宅,鋼筋混凝土造,1121024,52.82,1,1,1,有,有,有,18000,341,,0.0,0,管理費1000元由出租人負擔續租案件；,RPQPMLTLNHLGFBF09CC,獨立套房,有,1150601~1160531,有,冷氣、熱水器、洗衣機、冰箱、瓦斯或天然氣,社會住宅代管
新莊區,租賃房屋,新北市新莊區中正路１９號,0.0,,,,1150515,土地0建物1車位0,一層,10,店面(店鋪),工業用,鋼筋混凝土造,0831206,225.84,0,1,2,有,有,無,75000,332,,0.0,0,自115年5月16日起至115年6月15日止房屋無償交乙方整理搬遷。租賃期間有約定不同租金租期第一年每月租金新臺幣75000元，租期第二年每月租金新臺幣85000元，租期第三年每月租金新臺幣95000元；,RPSPMLTLNHLGFBF66CC,,無,1150516~1180615,有,,
新莊區,租賃房屋+車位,新北市新莊區立信三街５０號６樓,0.0,,,,1150515,土地0建物1車位1,六層,12,住宅大樓(11層含以上有電梯),住家用,鋼筋混凝土造,0941021,101.78,2,2,1,有,有,有,28000,275,坡道平面,0.0,0,租金總額含管理費；,RPTPMLTLNHLGFBF76CC,整棟(戶)出租,有,1150521~1160520,有,冷氣、熱水器、冰箱、瓦斯或天然氣,
新莊區,租賃房屋,新北市新莊區新莊路５５４號四樓,0.0,,,,1150516,土地0建物1車位0,四層,4,公寓(5樓含以下無電梯),住家用,鋼筋混凝土造,0670604,65.54,2,1,1,有,無,有,15000,229,,0.0,0,,RPWPMLTLNHLGFBF07CC,整棟(戶)出租,無,1150520~1160519,無,冷氣、熱水器、洗衣機、電視機、冰箱、瓦斯或天然氣,社會住宅包租轉租
新莊區,租賃房屋,新北市新莊區中正路８６７之５號四樓,0.0,,,,1150520,土地0建物0車位0,四層,5,公寓(5樓含以下無電梯),住家用,鋼筋混凝土造,0730316,26.3,6,3,3,有,無,有,22800,867,,0.0,0,401室租金總額含水費；網路費；,RPSQMLTLNHLGFBF76CC,分租套房,無,1150525~1160524,無,冷氣、熱水器、洗衣機、電視機、冰箱、有線電視、網路,一般轉租
新莊區,租賃房屋,新北市新莊區中信街１７８號１６樓之５,0.0,,,,1150520,土地0建物1車位0,十六層,24,住宅大樓(11層含以上有電梯),一般事務所,鋼筋混凝土造,1060926,57.019999999999996,1,1,1,有,有,有,24000,421,,0.0,0,管理費：2000元，由房客負擔續租案件；,RPORMLTLNHLGFBF09CC,獨立套房,有,1150710~1160709,有,冷氣、熱水器、洗衣機、電視機、冰箱、瓦斯或天然氣,社會住宅代管
汐止區,租賃房屋+車位,新北市汐止區汐萬路三段２６８之１號,0.0,,,,1150515,土地0建物1車位46,見其他登記事項,4,廠辦,作業廠房,鋼筋混凝土構造,1150105,14197.46,0,0,0,無,無,無,3150000,222,坡道平面,0.0,0,1. 115年6月1日~115年9月30日為免租裝潢期，為期共四個月。2. 120年10月1日調漲租金，調漲後租金為324萬4500元整含稅。3. 本契約租賃範圍為整棟承租。租金總額含稅；,RPSNMLTLNHLGFDF66CC,,無,1150601~1350531,有,,
汐止區,租賃房屋,新北市汐止區新台五路二段２３８巷７２號三樓,0.0,,,,1150515,土地0建物1車位0,三層,11,住宅大樓(11層含以上有電梯),集合住宅,鋼筋混凝土構造,1111223,67.47,2,1,1,有,有,有,22000,326,,0.0,0,,RPUNMLTLNHLGFDF86CC,整棟(戶)出租,有,1150523~1160522,有,冷氣、熱水器、洗衣機、電視機、冰箱、瓦斯或天然氣,社會住宅代管
汐止區,租賃房屋,新北市汐止區大同路二段２８５號１５樓之１,0.0,,,,1150518,土地0建物1車位0,十五層,24,住宅大樓(11層含以上有電梯),住家用,鋼筋混凝土造,0840126,57.08,1,1,1,有,有,無,21400,375,,0.0,0,續租案件；,RPVNMLTLNHLGFDF96CC,獨立套房,有,1150518~1160517,有,冷氣、熱水器、洗衣機、冰箱、瓦斯或天然氣,社會住宅代管
汐止區,租賃房屋,新北市汐止區勤進路８３巷３號４樓之１３,0.0,,,,1150518,土地0建物1車位0,四層,7,華廈(10層含以下有電梯),住家用,鋼筋混凝土造,0710824,33.24,1,0,1,有,有,有,12500,376,,0.0,0,管理費：1100元，租金不含管理費，由承租人負擔。,RPOOMLTLNHLGFDF98CC,獨立套房,有,1150518~1160517,有,冷氣、熱水器、洗衣機、電視機、冰箱、網路,社會住宅包租轉租
八里區,租賃房屋,新北市八里區龍米路一段２７８號３樓,17.85,住,,,1150516,土地1建物1車位0,三層,3,公寓(5樓含以下無電梯),住家用,鋼筋混凝土造,0690801,52.61,2,1,1,有,無,無,7500,143,,0.0,0,,RPRNMLTLNHLGFEF66CC,整棟(戶)出租,無,1150601~1160531,無,熱水器,
淡水區,租賃房屋,新北市淡水區大忠街８５號１３樓之１７,0.0,,,,1150520,土地0建物1車位0,十三層,14,住宅大樓(11層含以上有電梯),住家用,鋼筋混凝土造,0790828,29.200000000000003,1,1,1,有,有,有,5500,188,,0.0,0,,RPSNMLTLNHLGFEF76CC,整棟(戶)出租,有,1150601~1160531,有,冷氣、熱水器、洗衣機,
淡水區,租賃房屋,新北市淡水區濱海路一段３０６巷６０弄７８號７樓,0.0,,,,1150514,土地0建物1車位0,七層,15,住宅大樓(11層含以上有電梯),集合住宅,鋼筋混凝土造,1140805,94.19,2,2,1,有,有,無,22000,234,,0.0,0,租金總額含管理費；,RPQOMLTLNHLGFEF66CC,整棟(戶)出租,有,1150609~1180608,有,冷氣、熱水器、瓦斯或天然氣,
淡水區,租賃房屋,新北市淡水區新市五路三段２０８號十八樓,0.0,,,,1150515,土地0建物1車位0,十八層,27,住宅大樓(11層含以上有電梯),住家用,鋼筋混凝土造,1061229,101.66,2,1,1,有,有,有,16400,161,,0.0,0,管理費1600元由出租人負擔未租賃車位，建物登記含有車位面積；,RPROMLTLNHLGFEF76CC,整棟(戶)出租,有,1150521~1160520,有,冷氣、熱水器、冰箱、瓦斯或天然氣,社會住宅代管
淡水區,租賃房屋,新北市淡水區新生街５５巷５號３樓,0.0,,,,1150516,土地0建物1車位0,三層,4,公寓(5樓含以下無電梯),住家用,鋼筋混凝土造,0670621,76.54,2,1,1,有,無,無,16000,209,,0.0,0,熱水器-電熱水器,RPSOMLTLNHLGFEF86CC,整棟(戶)出租,無,1150601~1160531,無,冷氣、熱水器,
淡水區,租賃房屋,新北市淡水區水源街二段１７７巷４３弄２之８號４樓,0.0,,,,1150520,土地0建物0車位0,四層,9,華廈(10層含以下有電梯),住家用,鋼筋混凝土造,1010824,35.54,2,0,2,有,有,有,8000,225,,0.0,0,管理費.網路.第四台費用每月1000元,RPTOMLTLNHLGFEF96CC,分租套房,有,1150701~1160630,有,冷氣、熱水器、洗衣機、電視機、冰箱、有線電視、網路,一般代管
淡水區,租賃房屋,新北市淡水區學府路１３６巷７６號１６樓,0.0,,,,1150517,土地0建物0車位0,十六層,18,住宅大樓(11層含以上有電梯),住家用,鋼筋混凝土造,0840802,31.229999999999997,4,1,4,有,有,有,7808,250,,0.0,0,此物件地址為分租套房.承租其中一間承租人需負擔每月管理費692元+每月租金7808元 共8500元,RPUOMLTLNHLGFEF07CC,分租套房,有,1150615~1160614,有,冷氣、熱水器、洗衣機、冰箱,
淡水區,租賃房屋,新北市淡水區自強路８０巷１５號五樓,0.0,,,,1150515,土地0建物1車位0,五層,19,住宅大樓(11層含以上有電梯),住家用,鋼筋混凝土造,0820303,79.32000000000001,2,2,1,有,有,有,15000,189,,0.0,0,,RPOPMLTLNHLGFEF56CC,整棟(戶)出租,有,1150518~1160517,有,冷氣、熱水器、洗衣機、電視機、冰箱、瓦斯或天然氣,社會住宅代管
淡水區,租賃房屋,新北市淡水區水源街二段１７７巷４３弄２之１５號３樓,0.0,,,,1150520,土地0建物0車位0,三層,9,華廈(10層含以下有電梯),住家用,鋼筋混凝土造,1010824,34.89,3,0,3,有,有,有,8000,229,,0.0,0,管理費.網路.第四台費用每月1000元,RPUPMLTLNHLGFEF17CC,分租套房,有,1150901~1160831,有,冷氣、熱水器、洗衣機、電視機、冰箱、有線電視、網路,一般代管
淡水區,租賃房屋,新北市淡水區水源街二段１７７巷４３弄２之１１號９樓,0.0,,,,1150520,土地0建物0車位0,九層,9,華廈(10層含以下有電梯),住家用,鋼筋混凝土造,1010824,36.34,2,0,2,有,有,有,8000,220,,0.0,0,管理費.網路.第四台費用每月1000元,RPRQMLTLNHLGFEF96CC,分租套房,有,1150901~1160831,有,冷氣、熱水器、洗衣機、電視機、冰箱、有線電視、網路,一般代管
淡水區,租賃房屋,新北市淡水區水源街二段１７７巷４３弄６之７號４樓,0.0,,,,1150520,土地0建物0車位0,四層,9,華廈(10層含以下有電梯),住家用,鋼筋混凝土造,1010824,36.43,2,0,2,有,有,有,8000,220,,0.0,0,管理費.網路.第四台費用每月1000元多人共同承租2；,RPTQMLTLNHLGFEF17CC,分租套房,有,1150801~1160731,有,冷氣、熱水器、洗衣機、電視機、冰箱、有線電視、網路,一般代管
淡水區,租賃房屋,新北市淡水區新市一路一段３６３號４樓,0.0,,,,1150515,土地0建物1車位0,四層,15,住宅大樓(11層含以上有電梯),住家用,鋼筋混凝土造,1040819,138.76,3,2,2,有,有,有,28000,202,,0.0,0,禁養寵物、拜拜、抽煙租金總額含管理費；,RPUQMLTLNHLGFEF27CC,整棟(戶)出租,有,1150518~1160517,有,冷氣、熱水器、洗衣機、冰箱、瓦斯或天然氣,
淡水區,租賃房屋,新北市淡水區水源街二段１７７巷４３弄６之９號６樓,0.0,,,,1150520,土地0建物0車位0,六層,9,華廈(10層含以下有電梯),住家用,鋼筋混凝土造,1010824,36.03,4,0,4,有,有,有,9700,269,,0.0,0,管理費.網路.第四台費用每月800元續租案件；,RPXQMLTLNHLGFEF57CC,分租套房,有,1150801~1160731,有,冷氣、熱水器、洗衣機、電視機、冰箱、有線電視、網路,一般代管
淡水區,租賃房屋,新北市淡水區中正路一段１５６巷５１號４樓之１,0.0,,,,1150519,土地0建物1車位0,四層,8,華廈(10層含以下有電梯),商業用,鋼筋混凝土造,0831001,51.29,1,1,1,有,無,有,11000,214,,0.0,0,續租案件；,RPORMLTLNHLGFEF76CC,獨立套房,無,1150531~1160530,有,冷氣、熱水器、洗衣機、電視機、冰箱、網路,社會住宅包租轉租
瑞芳區,租賃房屋,新北市瑞芳區大埔路１８０之２號一樓,0.0,,,,1150512,土地0建物1車位0,一層,3,公寓(5樓含以下無電梯),住家用,加強磚造,,59.11,3,2,2,有,無,有,14000,237,,0.0,0,,RPPNMLTLNHLGFFF56CC,整棟(戶)出租,無,1150512~1170509,無,冷氣、熱水器、洗衣機、電視機、冰箱、瓦斯或天然氣,社會住宅包租轉租
三重區,租賃房屋,新北市三重區成功一街１８號九樓之一,0.0,,,,1150515,土地0建物1車位0,九層,15,住宅大樓(11層含以上有電梯),集合住宅,鋼筋混凝土造,1140917,120.25999999999999,3,2,2,有,有,有,35000,291,,0.0,0,未租賃車位，建物登記含有車位面積；,RPUNMLTLNHLGFGF17CC,整棟(戶)出租,有,1150516~1160515,有,冷氣、熱水器、瓦斯或天然氣,社會住宅代管
三重區,租賃房屋,新北市三重區中正南路１８８號三樓,0.0,,,,1150516,土地0建物1車位0,三層,4,公寓(5樓含以下無電梯),住家用,加強磚造,06504,71.0,3,1,1,有,無,無,16000,225,,0.0,0,續租案件；,RPQOMLTLNHLGFGF86CC,整棟(戶)出租,無,1150525~1160524,無,熱水器、瓦斯或天然氣,社會住宅代管
三重區,租賃房屋,新北市三重區集美街２０１號四樓,0.0,,,,1150516,土地0建物1車位0,四層,4,公寓(5樓含以下無電梯),住家用,鋼筋混凝土造,0640501,84.53,3,1,1,有,無,有,21000,248,,0.0,0,續租案件；,RPROMLTLNHLGFGF96CC,整棟(戶)出租,無,1150601~1160531,無,冷氣、熱水器、洗衣機、電視機、瓦斯或天然氣,社會住宅代管
三重區,租賃房屋,新北市三重區忠孝路二段９５號五樓,0.0,,,,1150517,土地0建物1車位0,五層,12,住宅大樓(11層含以上有電梯),住家用,鋼筋混凝土造,0841125,111.07,3,2,2,有,有,有,29000,261,,0.0,0,,RPUOMLTLNHLGFGF27CC,整棟(戶)出租,有,1150520~1160519,有,冷氣、熱水器、洗衣機、冰箱、瓦斯或天然氣,社會住宅代管
三重區,租賃房屋,新北市三重區三陽路５３號１０樓,0.0,,,,1150516,土地0建物0車位0,十層,12,住宅大樓(11層含以上有電梯),住家用,鋼筋混凝土造,0791022,39.17,6,0,2,有,有,有,11000,281,,0.0,0,,RPVOMLTLNHLGFGF37CC,分租雅房,有,1150601~1160531,有,冷氣、電視機、冰箱、瓦斯或天然氣、網路,一般轉租
三重區,租賃房屋,新北市三重區三陽路５３號１０樓,0.0,,,,1150519,土地0建物0車位0,十層,12,住宅大樓(11層含以上有電梯),住家用,鋼筋混凝土造,0791022,27.91,6,0,2,有,有,有,10200,365,,0.0,0,,RPWOMLTLNHLGFGF47CC,分租雅房,有,1150601~1160531,有,冷氣、電視機、瓦斯或天然氣、網路,一般轉租
三重區,租賃房屋,新北市三重區正義北路２巷６４號三樓,0.0,,,,1150520,土地0建物1車位0,三層,5,公寓(5樓含以下無電梯),住家用,鋼筋混凝土造,0690129,73.0,3,1,1,有,無,有,15000,205,,0.0,0,,RPQPMLTLNHLGFGF96CC,整棟(戶)出租,無,1150601~1160531,無,冷氣、熱水器、洗衣機、電視機、冰箱、瓦斯或天然氣,社會住宅包租轉租
三重區,租賃房屋,新北市三重區仁愛街４２２巷１４號,0.0,,,,1150520,土地0建物1車位0,三層,3,公寓(5樓含以下無電梯),住家用,加強磚造,0631230,80.52,3,2,1,有,無,有,25000,310,,0.0,0,,RPSPMLTLNHLGFGF17CC,整棟(戶)出租,無,1150601~1160531,無,冷氣、熱水器、洗衣機、電視機、冰箱,社會住宅代管
三重區,租賃房屋+車位,新北市三重區水漾路一段７２號十五樓,0.0,,,,1150511,土地0建物1車位1,十五層,15,住宅大樓(11層含以上有電梯),集合住宅,鋼筋混凝土造,1140306,134.45999999999998,2,2,1,有,有,無,40000,297,坡道平面,26.13,0,租金總額含管理費；,RPTPMLTLNHLGFGF27CC,整棟(戶)出租,有,1150601~1160531,有,,
中和區,租賃房屋,新北市中和區圓通路３３５巷５弄６號,0.0,,,,1150519,土地0建物1車位0,一層,4,公寓(5樓含以下無電梯),住家用,鋼筋混凝土造,0670517,94.4,3,1,1,有,無,有,25000,265,,0.0,0,續租案件；,RPSNMLTLNHLGFHF07CC,整棟(戶)出租,無,1150521~1160520,無,冷氣、熱水器、洗衣機、電視機、冰箱,社會住宅代管
中和區,租賃房屋,新北市中和區景平路１１１巷１１號,0.0,,,,1150520,土地0建物0車位0,全,3,透天厝,住宅,加強磚造,0580501,17.09,12,0,12,有,無,有,17000,995,,0.0,0,204室多人共同承租2；租金總額含水費；網路費；,RPUNMLTLNHLGFHF27CC,分租套房,無,1150522~1160521,無,冷氣、熱水器、洗衣機、電視機、冰箱、有線電視、網路,一般轉租
永和區,租賃房屋,新北市永和區得和路１０４巷８號四樓,0.0,,,,1150515,土地0建物1車位0,四層,7,華廈(10層含以下有電梯),辦公室,鋼筋混凝土構造,1140529,73.86,1,1,1,有,有,無,24000,325,,0.0,0,,RPVNMLTLNHLGFHF37CC,獨立套房,有,1150516~1160515,有,冷氣、熱水器,社會住宅代管
永和區,租賃房屋,新北市永和區中正路７３８號８樓之一,0.0,,,,1150520,土地0建物1車位0,八層,12,住宅大樓(11層含以上有電梯),集合住宅,鋼筋混凝土構造,1040212,87.71000000000001,2,1,1,有,有,有,28500,325,,0.0,0,管理費每個月2653元不包含在租金內,RPWNMLTLNHLGFHF47CC,整棟(戶)出租,有,1150523~1160522,有,冷氣、熱水器、洗衣機、瓦斯或天然氣,社會住宅代管
中和區,租賃房屋,新北市中和區民享街８６巷１７號５樓,0.0,,,,1150513,土地0建物0車位0,五層,5,公寓(5樓含以下無電梯),住家用,鋼筋混凝土造,0681127,29.75,4,0,4,有,無,有,18900,635,,0.0,0,租金總額含水費；網路費；其他第四台；,RPXNMLTLNHLGFHF57CC,分租套房,無,1150601~1160531,無,冷氣、熱水器、洗衣機、電視機、冰箱、有線電視、網路,一般代管
中和區,租賃房屋,新北市中和區景平路１１３號,0.0,,,,1150512,土地0建物1車位0,見其他登記事項,15,店面(店鋪),店舖、辦公室,鋼筋混凝土構造,1060823,159.87,0,2,2,有,有,無,45347,284,,0.0,0,租金已扣除管理費4653元,RPROMLTLNHLGFHF07CC,,有,1150601~1180531,有,,
中和區,租賃房屋,新北市中和區興南路二段２４２巷２１號五樓,0.0,,,,1150519,土地0建物1車位0,五層,5,公寓(5樓含以下無電梯),住家用,鋼筋混凝土造,0720321,71.86,1,1,1,有,無,無,12000,167,,0.0,0,續租案件；,RPSOMLTLNHLGFHF17CC,獨立套房,無,1150520~1160519,無,冷氣、熱水器、瓦斯或天然氣,社會住宅代管
樹林區,租賃房屋+車位,新北市樹林區學士路１００號９樓,0.0,,,,1150511,土地0建物1車位1,九層,11,住宅大樓(11層含以上有電梯),集合住宅,鋼筋混凝土造,1020705,171.97,2,2,2,有,有,無,26815,156,坡道平面,45.67,0,,RPTNMLTLNHLGFIF27CC,整棟(戶)出租,有,1150601~1170531,有,冷氣、熱水器、冰箱、瓦斯或天然氣,
鶯歌區,租賃房屋,新北市鶯歌區鶯桃路４７２巷１３號４樓,0.0,,,,1150513,土地0建物1車位0,四層,5,公寓(5樓含以下無電梯),住家用,鋼筋混凝土造,0831017,57.05,2,2,1,有,無,無,13000,228,,0.0,0,,RPOOMLTLNHLGFIF86CC,整棟(戶)出租,無,1150513~1160512,無,冷氣、熱水器、洗衣機、瓦斯或天然氣,
鶯歌區,租賃房屋+車位,新北市鶯歌區鳳吉四街７５號十樓,0.0,,,,1150518,土地0建物1車位1,十層,12,住宅大樓(11層含以上有電梯),集合住宅,鋼筋混凝土造,1110401,162.8,3,2,2,有,有,有,21200,172,坡道平面,47.21,1300,建物登記含有2個車位面積，只租賃1個車位；每月管理費（房屋2300元，車位500元），由承租人負擔（不包含於租金總額內）。續租案件；,RPTOMLTLNHLGFIF37CC,整棟(戶)出租,有,1150605~1160604,有,冷氣、熱水器、洗衣機,社會住宅包租轉租
板橋區,租賃房屋,新北市板橋區莊敬路２５巷１６號,0.0,,,,1150514,土地0建物1車位0,一層,7,店面(店鋪),商業用,鋼筋混凝土造,,130.82,0,0,0,無,無,無,46000,352,,0.0,0,,RPSNMLKMNHLGFAF18CC,,有,1150614~1170613,有,,
淡水區,租賃房屋+車位,新北市淡水區竿蓁二街１９巷６號６樓,0.0,,,,1150520,土地0建物1車位1,六層,11,住宅大樓(11層含以上有電梯),集合住宅,鋼筋混凝土構造、鋼骨鋼筋混凝土構造,1140711,139.51999999999998,3,2,2,有,有,無,22201,159,坡道平面,37.28,0,管理費3799由承租方負擔,RPQNMLKMNHLGFEF38CC,整棟(戶)出租,有,1150601~1160531,有,冷氣,
淡水區,租賃房屋,新北市淡水區北新路６４號４樓,0.0,,,,1150519,土地0建物0車位0,四層,4,公寓(5樓含以下無電梯),住家用,鋼筋混凝土造,0700127,27.0,4,0,4,有,無,有,9000,333,,0.0,0,第A室,RPRNMLKMNHLGFEF48CC,分租套房,無,1150601~1160531,無,冷氣、熱水器、洗衣機、電視機、冰箱,
淡水區,租賃房屋,新北市淡水區水源街二段６８號,0.0,,,,1150511,土地0建物1車位0,一層,3,店面(店鋪),住家用,鋼筋混凝土加強磚造,0600318,86.4,0,0,0,無,無,無,40000,463,,0.0,0,,RPXNMLKMNHLGFEF09CC,,無,1150611~1180610,無,,
三重區,租賃房屋,新北市三重區捷運路２９號四樓,0.0,,,,1150511,土地0建物1車位0,四層,11,住宅大樓(11層含以上有電梯),住家用,鋼筋混凝土造,1040129,107.77000000000001,3,2,2,有,有,無,41000,380,,0.0,0,租金總額含管理費；,RPUNMLKMNHLGFGF98CC,整棟(戶)出租,有,1150515~1160514,有,,
新莊區,租賃房屋+車位,新北市新莊區中華路一段３７號十二樓之三,0.0,,,,1150512,土地0建物1車位1,十二層,22,住宅大樓(11層含以上有電梯),集合住宅,鋼骨鋼筋混凝土造,1061129,153.01999999999998,3,2,2,有,有,有,46000,301,坡道平面,25.04,0,租金總額含管理費；,RPPNMLLMNHLGFBF08CC,整棟(戶)出租,有,1150601~1160531,有,冷氣、冰箱,
新莊區,租賃房屋,新北市新莊區西盛街１９５號,0.0,,,,1150515,土地0建物1車位0,一層,12,店面(店鋪),商業用,鋼筋混凝土造,0890717,87.75999999999999,1,1,1,有,有,無,50000,570,,0.0,0,,RPQNMLLMNHLGFBF18CC,,有,1150610~1200609,有,,
汐止區,租賃房屋,新北市汐止區復興路２９號３樓之２,0.0,,,,1150511,土地0建物0車位0,三層,12,住宅大樓(11層含以上有電梯),住家用,鋼筋混凝土造,0810609,22.0,4,1,3,有,有,有,17800,809,,0.0,0,租金總額含網路費；租賃建物部分範圍，且未計入共有部分面積；,RPPNMLLMNHLGFDF28CC,分租套房,有,1150511~1160630,有,冷氣、熱水器、洗衣機、冰箱、網路,一般轉租
汐止區,租賃房屋+車位,新北市汐止區東勢街２０１巷６號二樓之３,0.0,,,,1150513,土地0建物1車位1,二層,6,華廈(10層含以下有電梯),集合住宅,鋼筋混凝土構造,1070309,137.73,2,1,1,有,有,無,32000,232,坡道平面,39.49,0,租賃期間含免租金裝潢期自民國115年5月13日起至民國115年5月31日止租金總額含管理費；,RPQNMLLMNHLGFDF38CC,整棟(戶)出租,有,1150513~1160531,有,,
中和區,租賃房屋,新北市中和區景安路１２０-３號十五樓,0.0,,,,1150515,土地0建物1車位0,十五層,23,住宅大樓(11層含以上有電梯),集合住宅,鋼筋混凝土構造,1070810,142.01999999999998,3,2,2,有,有,無,50800,358,,0.0,0,,RPOOMLLMNHLGFHF68CC,整棟(戶)出租,有,1150520~1160604,有,冷氣、熱水器、瓦斯或天然氣,一般轉租
永和區,租賃房屋,新北市永和區勵行街７６、７８號３樓,0.0,,,,1150516,土地0建物0車位0,三層,4,公寓(5樓含以下無電梯),住家用,加強磚造,0590724,9.9,4,1,2,有,無,有,12800,1293,,0.0,0,租金總額含網路費；,RPUOMLLMNHLGFHF66CC,分租雅房,無,1150601~1160531,無,冷氣、網路,一般轉租
三峽區,租賃房屋,新北市三峽區大德路３０２號９樓,0.0,,,,1150520,土地0建物0車位0,九層,9,華廈(10層含以下有電梯),住家用,鋼筋混凝土造,0961115,17.51,8,0,8,有,有,有,8300,474,,0.0,0,租金總額含管理費；租賃建物部分範圍，且未計入共有部分面積；,RPSNMLLMNHLGFIF09CC,分租套房,有,1150820~1160619,有,冷氣、熱水器、冰箱、網路,一般轉租
土城區,租賃房屋,新北市土城區民安街１號三樓,0.0,,,,1150518,土地0建物1車位0,三層,4,公寓(5樓含以下無電梯),住家用,鋼筋混凝土造,0690717,79.67,3,2,1,有,無,無,18000,226,,0.0,0,,RPSNMLLJOHLGFAF08CC,整棟(戶)出租,無,1150520~1160519,無,冷氣、熱水器、瓦斯或天然氣,社會住宅包租轉租
土城區,租賃房屋+車位,新北市土城區金信街１４１號３樓,0.0,,,,1150517,土地0建物1車位1,三層,14,住宅大樓(11層含以上有電梯),集合住宅,鋼筋混凝土造,1140725,144.51999999999998,3,2,2,有,有,無,29200,202,坡道平面,29.03,0,租金已扣除管理費4800元,RPVNMLLJOHLGFAF38CC,整棟(戶)出租,有,1150517~1160516,有,冷氣、熱水器、瓦斯或天然氣,
板橋區,租賃房屋,新北市板橋區四維路３０６巷３號５樓,0.0,,,,1150511,土地0建物0車位0,五層,5,公寓(5樓含以下無電梯),住家用,鋼筋混凝土造,,15.0,8,2,4,有,無,有,12400,827,,0.0,0,租賃建物部分範圍，且未計入共有部分面積；,RPSOMLLJOHLGFAF18CC,分租雅房,無,1150505~1160504,無,冷氣、熱水器、洗衣機、冰箱、瓦斯或天然氣、網路,一般轉租
板橋區,租賃房屋,新北市板橋區四維路３０６巷３號５樓,0.0,,,,1150511,土地0建物0車位0,五層,5,公寓(5樓含以下無電梯),住家用,鋼筋混凝土造,,15.0,8,2,4,有,無,有,12300,820,,0.0,0,租金總額含管理費；網路費；其他清潔費；租賃建物部分範圍，且未計入共有部分面積；,RPTOMLLJOHLGFAF28CC,分租雅房,無,1150510~1150809,無,冷氣、熱水器、洗衣機、冰箱、瓦斯或天然氣、網路,一般轉租
板橋區,租賃房屋,新北市板橋區忠孝路２０１巷１０４號,0.0,,,,1150513,土地0建物0車位0,一層,3,公寓(5樓含以下無電梯),住家用,加強磚造,0630501,23.67,6,0,6,有,無,有,13300,562,,0.0,0,其他第四台或可能500度電；含增建或未登記建物；租賃建物部分範圍，且未計入共有部分面積；續租案件；,RPOPMLLJOHLGFAF87CC,分租套房,無,1150614~1160613,無,冷氣、熱水器、洗衣機、電視機、冰箱、有線電視、網路,一般轉租
新莊區,租賃房屋,新北市新莊區思源路５００號,0.0,,,,1150513,土地0建物1車位0,見其他登記事項,32,店面(店鋪),店舖,鋼骨鋼筋混凝土造,1120524,164.78,0,2,2,有,有,無,60000,364,,0.0,0,不承租車位已扣除車位面積每月應繳月租金新台幣72753元整含實際給付60000元未稅租金及部分管理費4487元扣繳所得稅6826元二代健保補充保費1440元,RPSNMLLJOHLGFBF18CC,,有,1150701~1180630,有,,
新莊區,租賃房屋,新北市新莊區和興街１９號三樓,0.0,,,,1150519,土地0建物1車位0,三層,4,公寓(5樓含以下無電梯),住家用,加強磚造,0650621,95.95,3,1,2,有,無,有,23000,240,,0.0,0,水費、電費、瓦斯費、網路費由承租人負擔。,RPVNMLLJOHLGFBF48CC,整棟(戶)出租,無,1150615~1160614,無,冷氣、熱水器、洗衣機、瓦斯或天然氣,社會住宅包租轉租
新莊區,租賃房屋,新北市新莊區忠孝街２９巷１３號三樓,0.0,,,,1150520,土地0建物1車位0,三層,4,公寓(5樓含以下無電梯),住家用,鋼筋混凝土造,0640123,83.21,3,2,1,有,無,有,21000,252,,0.0,0,水費、電費、瓦斯費、網路費由承租人負擔。續租案件；,RPUOMLLJOHLGFBF48CC,整棟(戶)出租,無,1150607~1151204,無,冷氣、熱水器、冰箱、瓦斯或天然氣,社會住宅包租轉租
林口區,租賃房屋,新北市林口區中山路５４２號９樓之１,0.0,,,,1150518,土地0建物0車位0,九層,15,住宅大樓(11層含以上有電梯),住家用,鋼筋混凝土造,0970111,14.32,4,1,2,有,有,有,14800,1034,,0.0,0,,RPOPMLLJOHLGFBF97CC,分租雅房,有,1150525~1160524,有,冷氣、熱水器、洗衣機、冰箱、瓦斯或天然氣、網路,一般轉租
新莊區,租賃房屋,新北市新莊區中港路７５０巷１號,0.0,,,,1150520,土地0建物1車位0,一層,5,公寓(5樓含以下無電梯),住家用,鋼筋混凝土造,0760706,112.34,3,2,1,有,無,無,30000,267,,0.0,0,,RPUPMLLJOHLGFBF58CC,整棟(戶)出租,無,1150520~1170519,無,熱水器、瓦斯或天然氣,一般代管
新莊區,租賃房屋+車位,新北市新莊區中平路３７７巷１７弄６０號５樓,0.0,,,,1150518,土地0建物1車位1,五層,13,住宅大樓(11層含以上有電梯),住家用,鋼筋混凝土造,0940923,126.75,3,2,2,有,有,無,32000,252,坡道平面,23.75,0,租金總額含管理費；,RPWPMLLJOHLGFBF78CC,整棟(戶)出租,有,1150601~1160531,有,冷氣、熱水器、瓦斯或天然氣,一般代管
汐止區,租賃房屋,新北市汐止區大同路二段３１２巷１６弄１７號５樓,0.0,,,,1150520,土地0建物0車位0,五層,5,公寓(5樓含以下無電梯),住家用,鋼筋混凝土造,0770126,18.6,4,1,2,有,無,有,13800,742,,0.0,0,租金總額含網路費；租賃建物部分範圍，且未計入共有部分面積；,RPTNMLLJOHLGFDF48CC,分租套房,無,1150520~1160531,無,冷氣、熱水器、洗衣機、冰箱、網路,一般轉租
汐止區,租賃房屋,新北市汐止區新台五路一段８１號５樓之４,0.0,,,,1150512,土地0建物1車位0,五層,20,廠辦,工商用,鋼造,0830330,11.57,5,0,0,有,有,無,8800,761,,0.0,0,此為分租戶租金總額含稅；租賃建物部分範圍，且未計入共有部分面積；,RPPOMLLJOHLGFDF18CC,,有,1150515~1160514,有,,
汐止區,租賃房屋,新北市汐止區新台五路一段７９號１０樓之５,0.0,,,,1150514,土地0建物1車位0,十層,20,廠辦,工商用,鋼造,0830330,29.65,6,0,0,有,有,無,12800,432,,0.0,0,此為分租戶租金總額含稅；租賃建物部分範圍，且未計入共有部分面積；,RPQOMLLJOHLGFDF28CC,,有,1150516~1160531,有,,
淡水區,租賃房屋,新北市淡水區水源街二段９２巷９號６樓之２,0.0,,,,1150520,土地0建物0車位0,六層,8,華廈(10層含以下有電梯),住家用,鋼筋混凝土造,0981125,33.92,2,0,2,有,有,有,8000,236,,0.0,0,管理費.網路費每月1500元續租案件；,RPRNMLLJOHLGFEF38CC,分租套房,有,1150901~1160831,有,冷氣、熱水器、洗衣機、電視機、冰箱、網路,一般代管
三重區,租賃房屋,新北市三重區中興南街６８巷２２號４樓,0.0,,,,1150513,土地0建物0車位0,四層,5,公寓(5樓含以下無電梯),工業用,鋼筋混凝土造,0740410,26.0,5,1,2,有,無,有,10000,385,,0.0,0,租金總額含水費；網路費；,RPVOMLLJOHLGFGF09CC,分租雅房,無,1150513~1160515,無,冷氣、熱水器、洗衣機、冰箱、網路,一般代管
中和區,租賃房屋,新北市中和區大智街４２巷１４號四樓,0.0,,,,1150520,土地0建物1車位0,四層,5,公寓(5樓含以下無電梯),住家用,鋼筋混凝土造,0680719,91.45,2,2,1,有,無,無,25000,273,,0.0,0,,RPOOMLLJOHLGFHF48CC,整棟(戶)出租,無,1150527~1160609,無,冷氣、熱水器、洗衣機、電視機、冰箱,一般代管
永和區,租賃房屋,新北市永和區竹林路２０１巷６號３樓,0.0,,,,1150520,土地0建物0車位0,三層,4,公寓(5樓含以下無電梯),住家用,加強磚造,0600716,9.0,4,2,2,有,無,有,12000,1333,,0.0,0,租賃建物部分範圍，且未計入共有部分面積；,RPPOMLLJOHLGFHF58CC,分租雅房,無,1150601~1160531,無,冷氣、熱水器、洗衣機、冰箱、瓦斯或天然氣、網路,一般轉租
永和區,租賃房屋,新北市永和區竹林路２０１巷６號３樓,0.0,,,,1150520,土地0建物0車位0,三層,4,公寓(5樓含以下無電梯),住家用,加強磚造,0600716,10.0,4,2,2,有,無,無,12000,1200,,0.0,0,租賃建物部分範圍，且未計入共有部分面積；,RPROMLLJOHLGFHF78CC,分租雅房,無,1150601~1160531,無,冷氣、熱水器、洗衣機、冰箱、瓦斯或天然氣、網路,一般轉租
永和區,租賃房屋,新北市永和區竹林路２０１巷６號３樓,0.0,,,,1150520,土地0建物0車位0,三層,4,公寓(5樓含以下無電梯),住家用,加強磚造,0600716,18.0,4,2,2,有,無,無,18000,1000,,0.0,0,多人共同承租2；租賃建物部分範圍，且未計入共有部分面積；,RPTOMLLJOHLGFHF98CC,分租套房,無,1150601~1160531,無,冷氣、熱水器、洗衣機、冰箱、瓦斯或天然氣、網路,一般轉租
中和區,租賃房屋,新北市中和區連城路５５５之６號十二樓,0.0,,,,1150519,土地0建物1車位0,十二層,24,住宅大樓(11層含以上有電梯),集合住宅,鋼筋混凝土構造,1140115,82.35,1,2,1,有,有,有,28000,340,,0.0,0,,RPWOMLLJOHLGFHF66CC,整棟(戶)出租,有,1150521~1160520,有,冷氣、熱水器、洗衣機、冰箱,
永和區,租賃房屋,新北市永和區永元路９５巷３號七樓,0.0,,,,1150511,土地0建物1車位0,七層,13,住宅大樓(11層含以上有電梯),住家用,鋼筋混凝土造,0940630,49.339999999999996,1,1,1,有,有,有,21000,426,,0.0,0,,RPXOMLLJOHLGFHF76CC,獨立套房,有,1150511~1160510,有,冷氣、熱水器、洗衣機、電視機、冰箱、瓦斯或天然氣,社會住宅代管
中和區,租賃房屋+車位,新北市中和區中山路２段３５１號４樓之８,0.0,,,,1150520,土地0建物1車位3,四層,10,廠辦,工業用,鋼骨鋼筋混凝土造,0820419,639.81,0,0,0,無,有,無,180000,281,坡道平面,0.0,0,租金總額含稅；,RPPPMLLJOHLGFHF68CC,,有,1150801~1180731,有,,
中和區,租賃房屋+車位,新北市中和區中山路２段３５１號３樓,0.0,,,,1150520,土地0建物1車位1,三層,10,廠辦,工業用,鋼骨混凝土造,0820419,875.51,0,0,0,無,有,無,225000,257,坡道平面,0.0,0,租金總額含稅；,RPQPMLLJOHLGFHF78CC,,有,1150916~1180915,有,,
永和區,租賃房屋,新北市永和區保順路３５號四樓,0.0,,,,1150511,土地0建物1車位0,四層,9,華廈(10層含以下有電梯),住家用,鋼筋混凝土造,0860304,146.0,3,2,2,有,有,有,31000,212,,0.0,0,管理費每個月2042元，由承租人負擔,RPWPMLLJOHLGFHF76CC,整棟(戶)出租,有,1150607~1160606,有,冷氣、熱水器、瓦斯或天然氣,社會住宅代管
永和區,租賃房屋,新北市永和區保順路５１巷６號十一樓,0.0,,,,1150519,土地0建物1車位0,十一層,12,住宅大樓(11層含以上有電梯),住家用,鋼筋混凝土造,0800905,147.44,3,2,2,有,有,有,38000,258,,0.0,0,多人共同承租2；,RPXPMLLJOHLGFHF86CC,整棟(戶)出租,有,1150601~1170531,有,冷氣、熱水器、洗衣機、瓦斯或天然氣,
永和區,租賃房屋,新北市永和區信義路４３巷２３號五樓,0.0,,,,1150513,土地0建物1車位0,五層,5,公寓(5樓含以下無電梯),住家用,鋼筋混凝土造,0690715,82.78,3,2,1,有,無,有,27000,326,,0.0,0,,RPOQMLLJOHLGFHF68CC,整棟(戶)出租,無,1150601~1160531,無,冷氣、熱水器、洗衣機、冰箱、瓦斯或天然氣,社會住宅包租轉租
板橋區,租賃房屋,新北市板橋區存德街９６號三樓,0.0,,,,1150518,土地0建物1車位0,三層,3,公寓(5樓含以下無電梯),住家用,加強磚造,,88.09,5,0,5,有,無,有,61090,693,,0.0,0,租賃期間有約定不同租金115/5/18-116/6/17每月61090元，116/6/18-119/9/17每月62680元。；,RPUNMLMJOHLGFAF38CC,整棟(戶)出租,無,1150518~1190917,無,冷氣、熱水器、電視機、冰箱,一般轉租
板橋區,租賃房屋,新北市板橋區陽明街２３巷７號,0.0,,,,1150519,土地0建物0車位0,一層,4,公寓(5樓含以下無電梯),住家用,加強磚造,,16.53,8,2,4,有,無,有,20000,1210,,0.0,0,租金總額含水費；網路費；其他第四台；租賃建物部分範圍，且未計入共有部分面積；,RPPOMLMJOHLGFAF97CC,分租套房,無,1150519~1160518,無,冷氣、熱水器、電視機、冰箱、有線電視、網路,一般代管
土城區,租賃房屋,新北市土城區延和路１２５巷７７號２樓,0.0,,,,1150514,土地0建物1車位0,二層,7,華廈(10層含以下有電梯),住家用,鋼筋混凝土造,0831017,101.58000000000001,3,2,2,有,無,無,16000,158,,0.0,0,,RPOQMLMJOHLGFAF08CC,整棟(戶)出租,無,1150605~1160604,有,熱水器、瓦斯或天然氣,社會住宅代管
土城區,租賃房屋,新北市土城區莊園街１４６號２３樓,0.0,,,,1150515,土地0建物1車位0,二十三層,24,住宅大樓(11層含以上有電梯),集合住宅,鋼筋混凝土造,1140314,84.26,3,1,1,有,有,無,25000,297,,0.0,0,,RPPQMLMJOHLGFAF18CC,整棟(戶)出租,有,1150520~1160519,有,冷氣、熱水器、洗衣機、冰箱、瓦斯或天然氣,社會住宅代管
土城區,租賃房屋,新北市土城區清水路２０７巷１２號７樓,0.0,,,,1150520,土地0建物1車位0,七層,22,住宅大樓(11層含以上有電梯),住家用,鋼筋混凝土造,0820726,163.09,3,2,2,有,有,有,30000,184,,0.0,0,,RPQQMLMJOHLGFAF28CC,整棟(戶)出租,有,1150601~1160531,有,冷氣、熱水器、洗衣機、電視機、冰箱、瓦斯或天然氣,社會住宅代管
新莊區,租賃房屋+車位,新北市新莊區福美街２０１號七樓,0.0,,,,1150520,土地0建物1車位1,七層,15,住宅大樓(11層含以上有電梯),集合住宅,鋼筋混凝土造,1130509,98.22,2,1,1,有,有,有,25500,324,坡道平面,28.7,3000,另有管理費2500元，由承租人負擔。,RPQNMLMJOHLGFBF08CC,整棟(戶)出租,有,1150601~1160531,有,冷氣、熱水器、洗衣機、電視機、冰箱、瓦斯或天然氣,社會住宅包租轉租
林口區,租賃房屋+車位,新北市林口區文化三路二段４１巷２０號六樓,0.0,,,,1150520,土地0建物1車位1,六層,15,住宅大樓(11層含以上有電梯),集合住宅,鋼筋混凝土造,1140728,161.59,3,2,2,有,有,無,30000,186,坡道平面,32.07,0,租金總額含管理費；,RPXNMLMJOHLGFBF78CC,整棟(戶)出租,有,1150615~1160614,有,冷氣、熱水器、瓦斯或天然氣,
新莊區,租賃房屋,新北市新莊區昌隆街６６號２樓,0.0,,,,1150514,土地0建物0車位0,二層,5,公寓(5樓含以下無電梯),住家用,鋼筋混凝土造,0680822,10.02,4,1,1,有,無,有,10200,1018,,0.0,0,租金總額含管理費；網路費；其他清潔費；租賃建物部分範圍，且未計入共有部分面積；,RPVOMLMJOHLGFBF68CC,分租雅房,無,1150517~1160516,無,冷氣、熱水器、洗衣機、冰箱、瓦斯或天然氣、網路,一般轉租
新莊區,租賃房屋,新北市新莊區民安西路３９２號９樓之１,0.0,,,,1150515,土地0建物1車位0,九層,18,住宅大樓(11層含以上有電梯),住家用,鋼筋混凝土造,0850311,122.99000000000001,3,2,2,有,有,有,27000,220,,0.0,0,,RPQPMLMJOHLGFBF28CC,整棟(戶)出租,有,1150520~1160519,有,冷氣、熱水器、洗衣機、瓦斯或天然氣,社會住宅代管
新莊區,租賃房屋,新北市新莊區思源路３６１號十二樓,0.0,,,,1150512,土地0建物1車位0,十二層,12,住宅大樓(11層含以上有電梯),住家用,鋼筋混凝土造,0830402,103.09,3,2,2,有,有,有,26000,252,,0.0,0,管理費每個月2200元不包含在租金內多人共同承租2；,RPTQMLMJOHLGFBF68CC,整棟(戶)出租,有,1150515~1180514,有,冷氣、熱水器、瓦斯或天然氣,社會住宅包租轉租
新店區,租賃房屋,新北市新店區安民街１５６巷５號,0.0,,,,1150519,土地0建物1車位0,一層,7,華廈(10層含以下有電梯),集合住宅、店鋪,鋼筋混凝土造,1020130,111.14,0,0,0,無,有,無,53476,481,,0.0,0,租金總額含稅；,RPXNMLMJOHLGFCF88CC,,有,1150525~1200524,有,瓦斯或天然氣,
汐止區,租賃房屋,新北市汐止區招商街１６０號,0.0,,,,1150514,土地0建物1車位0,全,1,透天厝,住家用,加強磚造,0610327,59.5,2,1,1,有,無,無,18000,303,,0.0,0,,RPTNMLMJOHLGFDF58CC,整棟(戶)出租,無,1150701~1180630,無,,
汐止區,租賃房屋+車位,新北市汐止區新台五路一段７９號１７樓之６,0.0,,,,1150512,土地0建物1車位1,十七層,20,廠辦,工商用,鋼造,0830330,166.67999999999998,0,0,0,無,有,無,30000,180,坡道平面,31.51,0,此為分租戶-E室租金總額含稅；租賃建物部分範圍，且未計入共有部分面積；,RPVNMLMJOHLGFDF78CC,,有,1150602~1160531,有,,
淡水區,租賃房屋,新北市淡水區北新路１８２巷５弄５３號５樓,0.0,,,,1150519,土地0建物0車位0,五層,5,公寓(5樓含以下無電梯),住家用,鋼筋混凝土造,0781117,18.15,6,0,6,有,無,有,5500,303,,0.0,0,租金總額含網路費；,RPWOMLMJOHLGFEF09CC,分租套房,無,1150701~1160630,無,冷氣、熱水器、冰箱,
淡水區,租賃房屋,新北市淡水區北新路１８２巷５弄５３號５樓,0.0,,,,1150519,土地0建物0車位0,五層,5,公寓(5樓含以下無電梯),住家用,鋼筋混凝土造,0781117,18.15,6,0,6,有,無,有,4600,253,,0.0,0,租金總額含網路費；,RPXOMLMJOHLGFEF56CC,分租套房,無,1150701~1160630,無,冷氣、熱水器、冰箱,
淡水區,租賃房屋,新北市淡水區學府路１３６巷５９號１０樓之６,0.0,,,,1150520,土地0建物1車位0,十層,14,住宅大樓(11層含以上有電梯),住家用,鋼筋混凝土造,0961002,33.84,1,0,1,有,有,有,8000,236,,0.0,0,,RPUPMLMJOHLGFEF98CC,獨立套房,有,1150523~1160522,有,冷氣、熱水器,社會住宅代管
蘆洲區,租賃房屋,新北市蘆洲區中正路１４０號５樓,0.0,,,,1150511,土地0建物0車位0,五層,5,公寓(5樓含以下無電梯),住家用,鋼筋混凝土造,0710902,14.87,4,1,1,有,無,有,8000,538,,0.0,0,租金總額含水費；租賃建物部分範圍，且未計入共有部分面積；,RPQOMLMJOHLGFGF68CC,分租套房,無,1150516~1160515,無,冷氣、熱水器、洗衣機、電視機、冰箱、有線電視、網路,一般轉租
三重區,租賃房屋,新北市三重區朝陽街１６巷１號２樓,0.0,,,,1150511,土地0建物1車位0,二層,7,華廈(10層含以下有電梯),集合住宅,鋼筋混凝土造,1101027,107.65,1,2,1,有,有,無,41420,385,,0.0,0,此租金已扣除管理費3580元其他稅；,RPROMLMJOHLGFGF78CC,整棟(戶)出租,有,1150601~1160531,有,,
三重區,租賃房屋,新北市三重區文化南路１１號四樓之二,0.0,,,,1150512,土地0建物1車位0,四層,13,住宅大樓(11層含以上有電梯),集合住宅,鋼筋混凝土造,1140910,72.33,1,1,1,有,有,有,26000,359,,0.0,0,管理費每個月1760元不包含在租金內,RPPQMLMJOHLGFGF78CC,整棟(戶)出租,有,1150516~1160515,有,冷氣、熱水器、洗衣機、電視機、冰箱,社會住宅代管
中和區,租賃房屋,新北市中和區圓通路２４６號十一樓,0.0,,,,1150512,土地0建物1車位0,十一層,12,住宅大樓(11層含以上有電梯),集合住宅,鋼筋混凝土構造,1010829,86.85,2,2,1,有,有,有,25800,297,,0.0,0,管理費每個月2758元不包含在租金內,RPPNMLMJOHLGFHF58CC,整棟(戶)出租,有,1150531~1160530,有,冷氣、熱水器、瓦斯或天然氣,社會住宅代管
永和區,租賃房屋,新北市永和區永和路一段７２巷２５號１７樓,0.0,,,,1150511,土地0建物1車位0,十七層,23,住宅大樓(11層含以上有電梯),集合住宅,鋼筋混凝土構造,1140624,124.91,3,2,2,有,有,無,43000,344,,0.0,0,,RPWNMLMJOHLGFHF66CC,整棟(戶)出租,有,1150520~1160519,有,冷氣、熱水器,
中和區,租賃房屋,新北市中和區南山路２５８之６號十一樓,0.0,,,,1150516,土地0建物1車位0,十一層,14,住宅大樓(11層含以上有電梯),集合住宅,鋼筋混凝土構造,1080703,68.49000000000001,1,1,1,有,有,有,24500,358,,0.0,0,管理費每個月1657元不包含在租金內租金總額含網路費；,RPQOMLMJOHLGFHF78CC,獨立套房,有,1150605~1160604,有,冷氣、熱水器、洗衣機、電視機、冰箱、網路,社會住宅代管
永和區,租賃房屋,新北市永和區永亨路１１３號２樓,0.0,,,,1150515,土地0建物1車位0,二層,7,華廈(10層含以下有電梯),住家用,鋼筋混凝土造,0830811,169.68,4,2,2,有,無,無,35000,206,,0.0,0,多人共同承租2；,RPROMLMJOHLGFHF88CC,整棟(戶)出租,無,1150525~1160524,有,冷氣、熱水器、瓦斯或天然氣,社會住宅代管
中和區,租賃房屋,新北市中和區景平路２３９巷７３號五樓,0.0,,,,1150519,土地0建物1車位0,五層,5,公寓(5樓含以下無電梯),住家用,鋼筋混凝土造,0740716,92.73,3,2,1,有,無,無,21500,232,,0.0,0,續租案件；,RPXOMLMJOHLGFHF86CC,整棟(戶)出租,無,1150601~1160531,無,冷氣、熱水器、冰箱、瓦斯或天然氣,社會住宅包租轉租
永和區,租賃房屋,新北市永和區民生路４７巷５２號三樓,0.0,,,,1150513,土地0建物1車位0,三層,4,公寓(5樓含以下無電梯),住家用,加強磚造,0620623,59.55,2,1,1,有,無,有,21500,361,,0.0,0,,RPOPMLMJOHLGFHF68CC,整棟(戶)出租,無,1150520~1160519,無,冷氣、熱水器、洗衣機、冰箱、瓦斯或天然氣,社會住宅代管
土城區,租賃房屋,新北市土城區永安街６６號５樓,0.0,,,,1150514,土地0建物1車位0,五層,10,華廈(10層含以下有電梯),住家用,鋼筋混凝土造,0850314,82.11,2,1,1,有,有,有,26000,317,,0.0,0,多人共同承租2；,RPWNMLNJOHLGFAF68CC,整棟(戶)出租,有,1150601~1160531,有,冷氣、熱水器、洗衣機、冰箱,一般轉租
板橋區,租賃房屋,新北市板橋區遠東路８８號２１樓,0.0,,,,1150516,土地0建物1車位0,二十一層,27,住宅大樓(11層含以上有電梯),集合住宅,鋼筋混凝土造,1110720,111.23,3,2,2,有,有,無,50000,450,,0.0,0,,RPXNMLNJOHLGFAF78CC,整棟(戶)出租,有,1150601~1170531,有,,
板橋區,租賃房屋,新北市板橋區公館街２６號２５樓,0.0,,,,1150518,土地0建物1車位0,二十五層,28,住宅大樓(11層含以上有電梯),集合住宅,鋼骨鋼筋混凝土造,1110126,59.44,1,1,1,有,有,有,39990,673,,0.0,0,此租金已扣除稅4550元、健保960元,RPOOMLNJOHLGFAF97CC,整棟(戶)出租,有,1150601~1160531,有,,
板橋區,租賃房屋,新北市板橋區永豐街３１號五樓,0.0,,,,1150516,土地0建物1車位0,五層,13,住宅大樓(11層含以上有電梯),集合住宅,鋼筋混凝土造,1131016,85.21000000000001,2,1,1,有,有,無,23900,280,,0.0,0,管理費2678元，水電費 瓦斯費 由承租人負擔續租案件；,RPPOMLNJOHLGFAF08CC,整棟(戶)出租,有,1150615~1160614,有,冷氣、熱水器、瓦斯或天然氣,社會住宅代管
板橋區,租賃房屋,新北市板橋區永豐街８９巷５弄１４號,0.0,,,,1150518,土地0建物1車位0,一層,5,公寓(5樓含以下無電梯),見使用執照,鋼筋混凝土造,0780501,108.02,1,2,1,有,無,無,24000,222,,0.0,0,多人共同承租2；,RPSOMLNJOHLGFAF38CC,整棟(戶)出租,無,1150610~1180609,無,,
板橋區,租賃房屋,新北市板橋區南雅西路一段１３２號１９樓,0.0,,,,1150518,土地0建物1車位0,十九層,24,住宅大樓(11層含以上有電梯),集合住宅,鋼筋混凝土造,1140910,70.46000000000001,2,1,1,有,有,無,36000,511,,0.0,0,租金總額含管理費；其他稅；,RPWOMLNJOHLGFAF78CC,整棟(戶)出租,有,1150525~1170524,有,冷氣,
土城區,租賃房屋,新北市土城區樂利街３巷２４號３樓之２,0.0,,,,1150519,土地0建物1車位0,三層,8,華廈(10層含以下有電梯),住家用,鋼筋混凝土造,0881015,38.31,1,1,1,有,有,有,16500,431,,0.0,0,管理費：695元，租金不含管理費，由承租人負擔。續租案件；,RPPPMLNJOHLGFAF18CC,獨立套房,有,1150601~1151224,有,冷氣、熱水器、洗衣機、電視機、冰箱,社會住宅包租轉租
新莊區,租賃房屋,新北市新莊區萬安街１４９巷５號,0.0,,,,1150518,土地0建物1車位0,一層,5,公寓(5樓含以下無電梯),住家用,鋼筋混凝土造,0700602,81.03,3,1,1,有,無,有,12000,148,,0.0,0,續租案件；,RPPQMLNJOHLGFBF38CC,整棟(戶)出租,無,1150524~1160523,無,冷氣、熱水器、洗衣機、電視機、冰箱、瓦斯或天然氣,社會住宅包租轉租
新店區,租賃房屋,新北市新店區達觀路２０號５樓之１,0.0,,,,1150515,土地0建物1車位0,五層,16,住宅大樓(11層含以上有電梯),住家用,鋼筋混凝土造,0850514,94.19999999999999,2,1,1,有,有,有,16800,178,,0.0,0,管理費每個月900元不包含在租金內,RPRNMLNJOHLGFCF38CC,整棟(戶)出租,有,1150601~1180531,有,冷氣、熱水器、瓦斯或天然氣,社會住宅包租轉租
新店區,租賃房屋,新北市新店區永安街８３巷２１之１號８樓,0.0,,,,1150515,土地0建物1車位0,八層,14,住宅大樓(11層含以上有電梯),住家用,鋼筋混凝土造,0820310,44.989999999999995,1,0,1,有,有,有,11000,244,,0.0,0,,RPXOMLNJOHLGFCF09CC,獨立套房,有,1150601~1160531,有,冷氣、熱水器、洗衣機、冰箱,社會住宅包租轉租
汐止區,租賃房屋+車位,新北市汐止區新台五路一段７５號１９樓之１,0.0,,,,1150519,土地0建物1車位2,十九層,21,廠辦,工商用,鋼造,0830330,274.37,3,0,0,有,有,無,54000,197,坡道平面,63.02,0,租金總額含稅；,RPSNMLNJOHLGFDF58CC,,有,1150721~1180720,有,,
淡水區,租賃房屋+車位,新北市淡水區英專路１８０之１號十一樓,0.0,,,,1150520,土地0建物1車位1,十一層,12,住宅大樓(11層含以上有電梯),住家用,鋼筋混凝土造,0930603,70.14,1,1,1,有,有,有,7000,100,坡道平面,30.06,0,管理費1000元，水電費 瓦斯費 由承租人負擔未租賃車位，建物登記含有車位面積；,RPUPMLNJOHLGFEF09CC,獨立套房,有,1150701~1160630,有,冷氣、熱水器、洗衣機、冰箱,社會住宅包租轉租
淡水區,租賃房屋+車位,新北市淡水區新市三路二段２９３號六樓,0.0,,,,1150520,土地0建物1車位1,六層,29,住宅大樓(11層含以上有電梯),住家用,鋼筋混凝土造,1070525,152.47,3,2,2,有,有,有,23800,172,坡道平面,30.46,2800,管理費2000元，水電費 瓦斯費 由承租人負擔,RPVPMLNJOHLGFEF56CC,整棟(戶)出租,有,1150710~1160709,有,冷氣、熱水器、洗衣機、冰箱、瓦斯或天然氣,社會住宅包租轉租
淡水區,租賃房屋,新北市淡水區學府路１３６巷４０弄３０號２樓之１,0.0,,,,1150519,土地0建物1車位0,二層,5,公寓(5樓含以下無電梯),住家用,鋼筋混凝土造,0790315,46.82,1,0,1,有,無,有,6000,128,,0.0,0,續租案件；,RPORMLNJOHLGFEF68CC,獨立套房,無,1150603~1160602,無,冷氣、熱水器、洗衣機、電視機,社會住宅代管
三重區,租賃房屋,新北市三重區忠孝路一段６８號二樓,0.0,,,,1150515,土地0建物1車位0,二層,4,公寓(5樓含以下無電梯),住家用,加強磚造,,86.8,3,1,1,有,無,無,17000,196,,0.0,0,,RPUNMLNJOHLGFGF09CC,整棟(戶)出租,無,1150601~1160531,無,熱水器,社會住宅代管
三重區,租賃房屋,新北市三重區力行路一段２７１號二樓,0.0,,,,1150513,土地0建物1車位0,二層,5,公寓(5樓含以下無電梯),住家用,鋼筋混凝土造,0720129,82.61,3,1,2,有,無,無,22000,266,,0.0,0,,RPSOMLNJOHLGFGF98CC,整棟(戶)出租,無,1150520~1180519,無,冷氣、熱水器,社會住宅代管
三重區,租賃房屋,新北市三重區頂崁街１３８號３樓,0.0,,,,1150515,土地0建物1車位0,三層,4,公寓(5樓含以下無電梯),住家用,加強磚造,0580530,75.75,3,2,1,有,無,無,16600,219,,0.0,0,,RPPPMLNJOHLGFGF78CC,整棟(戶)出租,無,1150520~1160519,無,冷氣、熱水器、瓦斯或天然氣,社會住宅包租轉租
中和區,租賃房屋,新北市中和區連城路２４９巷２０號三樓,0.0,,,,1150511,土地0建物1車位0,三層,4,公寓(5樓含以下無電梯),住家用,鋼筋混凝土造,0680419,86.64,3,2,1,有,無,無,31000,358,,0.0,0,,RPXOMLNJOHLGFHF96CC,整棟(戶)出租,無,1150510~1160609,無,瓦斯或天然氣,
中和區,租賃房屋,新北市中和區民有街１１號三樓,0.0,,,,1150519,土地0建物1車位0,三層,4,公寓(5樓含以下無電梯),住家用,鋼筋混凝土造,0681016,86.18,2,2,1,有,無,有,12500,145,,0.0,0,,RPRPMLNJOHLGFHF09CC,整棟(戶)出租,無,1150801~1160731,無,冷氣、熱水器、瓦斯或天然氣,社會住宅代管
永和區,租賃房屋,新北市永和區安樂路１９８巷安和一弄３號４樓,0.0,,,,1150517,土地0建物1車位0,四層,5,公寓(5樓含以下無電梯),住家用,鋼筋混凝土造,0670612,102.0,4,2,2,有,無,有,38000,373,,0.0,0,多人共同承租4；含增建或未登記建物；,RPUPMLNJOHLGFHF76CC,整棟(戶)出租,無,1150601~1170531,無,冷氣、熱水器、洗衣機、冰箱、瓦斯或天然氣,
永和區,租賃房屋,新北市永和區竹林路７３號３樓之３,0.0,,,,1150519,土地0建物1車位0,三層,8,華廈(10層含以下有電梯),住家用,鋼筋混凝土造,0681211,29.37,1,1,1,有,有,有,13000,443,,0.0,0,管理費：320元，租金不含管理費，由承租人負擔。續租案件；,RPOQMLNJOHLGFHF88CC,獨立套房,有,1150520~1160519,有,冷氣、熱水器、洗衣機、電視機、冰箱,社會住宅包租轉租
永和區,租賃房屋,新北市永和區中山路一段９９巷１號５樓之１,0.0,,,,1150515,土地0建物1車位0,五層,12,住宅大樓(11層含以上有電梯),住家用,鋼筋混凝土造,0860507,35.269999999999996,1,0,1,有,無,有,15000,425,,0.0,0,,RPPQMLNJOHLGFHF98CC,獨立套房,無,1150520~1160519,有,冷氣、熱水器、洗衣機、電視機、冰箱、瓦斯或天然氣,社會住宅包租轉租
中和區,租賃房屋,新北市中和區景平路５９之１８號二樓之二,0.0,,,,1150518,土地0建物1車位0,二層,22,住宅大樓(11層含以上有電梯),住家用,鋼筋混凝土造,0851030,42.17,1,1,1,有,有,有,17000,403,,0.0,0,管理費：670元，租金不含管理費，由承租人負擔。續租案件；,RPQQMLNJOHLGFHF09CC,獨立套房,有,1150520~1160519,有,冷氣、熱水器、洗衣機、電視機、冰箱、瓦斯或天然氣,社會住宅包租轉租
中和區,租賃房屋,新北市中和區南山路１２７巷２７弄７號３樓,0.0,,,,1150515,土地0建物1車位0,三層,5,公寓(5樓含以下無電梯),住家用,鋼筋混凝土造,0671028,80.91,3,2,1,有,無,有,23000,284,,0.0,0,,RPRQMLNJOHLGFHF56CC,整棟(戶)出租,無,1150520~1160519,無,冷氣、熱水器、洗衣機、瓦斯或天然氣,社會住宅包租轉租
中和區,租賃房屋,新北市中和區中山路二段５７７之２號７樓,0.0,,,,1150518,土地0建物1車位0,七層,13,住宅大樓(11層含以上有電梯),住家用,鋼筋混凝土造,0840523,60.269999999999996,1,1,1,有,有,有,17000,282,,0.0,0,管理費：890元，租金不含管理費，由承租人負擔。續租案件；,RPVQMLNJOHLGFHF96CC,獨立套房,有,1150607~1160606,有,冷氣、熱水器、洗衣機、電視機、冰箱,社會住宅包租轉租
板橋區,租賃房屋,新北市板橋區南雅南路一段７巷１２號１樓,0.0,,,,1150511,土地0建物0車位0,一層,5,公寓(5樓含以下無電梯),商業用,鋼筋混凝土造,,19.97,2,0,2,有,無,有,18000,901,,0.0,0,,RPPNMLOJOHLGFAF08CC,分租套房,無,1150520~1160519,無,冷氣、熱水器、洗衣機、電視機、冰箱、有線電視、網路,一般包租
板橋區,租賃房屋,新北市板橋區雙十路二段１６６號３樓,0.0,,,,1150511,土地0建物1車位0,三層,4,公寓(5樓含以下無電梯),住家用,加強磚造,,86.5,3,2,1,有,無,無,15000,173,,0.0,0,,RPQNMLOJOHLGFAF18CC,整棟(戶)出租,無,1150611~1180610,無,,
土城區,租賃房屋,新北市土城區延壽路１０９巷２９號四樓,0.0,,,,1150513,土地0建物1車位0,四層,4,公寓(5樓含以下無電梯),住家用,鋼筋混凝土造,0680113,61.75,2,1,1,有,無,有,15000,243,,0.0,0,,RPRNMLOJOHLGFAF28CC,整棟(戶)出租,無,1150530~1180529,無,冷氣、熱水器、瓦斯或天然氣,社會住宅包租轉租
板橋區,租賃房屋,新北市板橋區國慶路１４９巷２１弄９號五樓,0.0,,,,1150518,土地0建物1車位0,五層,5,公寓(5樓含以下無電梯),住家用,鋼筋混凝土造,0700409,75.68,2,1,1,有,無,有,11000,145,,0.0,0,續租案件；,RPOOMLOJOHLGFAF08CC,整棟(戶)出租,無,1150601~1160531,無,冷氣、熱水器、洗衣機、瓦斯或天然氣,社會住宅代管
板橋區,租賃房屋,新北市板橋區新府路１４２號十一樓,0.0,,,,1150520,土地0建物1車位0,十一層,24,住宅大樓(11層含以上有電梯),住家用,鋼筋混凝土造,0971119,74.09,1,1,1,有,有,有,13500,182,,0.0,0,國家住宅及都市更新中心社會住宅包租代管計畫之物件。續租案件；,RPPOMLOJOHLGFAF18CC,獨立套房,有,1150701~1160630,有,冷氣、熱水器、洗衣機、電視機、冰箱,社會住宅包租轉租
板橋區,租賃房屋,新北市板橋區陽明街２３巷７號,0.0,,,,1150519,土地0建物0車位0,一層,4,公寓(5樓含以下無電梯),住家用,加強磚造,,9.92,8,2,4,有,無,有,13000,1310,,0.0,0,租金總額含水費；電費；網路費；其他第四台；租賃建物部分範圍，且未計入共有部分面積；,RPVOMLOJOHLGFAF78CC,分租雅房,無,1150615~1160614,無,冷氣、電視機、有線電視、網路,一般代管
板橋區,租賃房屋,新北市板橋區大觀路二段１７４巷１０２弄１８８號,0.0,,,,1150519,土地0建物1車位0,全,2,透天厝,住家用,加強磚造,,28.44,1,0,1,有,無,有,12000,422,,0.0,0,只租賃一樓租金總額含水費；網路費；,RPRPMLOJOHLGFAF48CC,分層出租,無,1150525~1160524,無,冷氣、熱水器、洗衣機、網路,
新莊區,租賃房屋,新北市新莊區中正路８９７號十三樓之三,0.0,,,,1150511,土地0建物1車位0,十三層,16,住宅大樓(11層含以上有電梯),住家用,鋼筋混凝土造,0870701,75.9,3,2,2,有,有,有,26000,343,,0.0,0,管理費每個月1491元，由承租人負擔,RPXNMLOJOHLGFBF98CC,整棟(戶)出租,有,1150612~1160611,有,冷氣、熱水器、瓦斯或天然氣,社會住宅代管
泰山區,租賃房屋,新北市泰山區明志路三段１９６巷７弄５號四樓,0.0,,,,1150511,土地0建物1車位0,四層,4,公寓(5樓含以下無電梯),住家用,加強磚造,0630824,82.28,4,1,1,有,無,有,30000,365,,0.0,0,多人共同承租4；,RPPOMLOJOHLGFBF28CC,整棟(戶)出租,無,1150614~1160613,無,冷氣、熱水器、洗衣機、電視機、冰箱、瓦斯或天然氣,社會住宅代管
新莊區,租賃房屋,新北市新莊區昌平街４５號七樓,0.0,,,,1150511,土地0建物1車位0,七層,7,華廈(10層含以下有電梯),住家用,鋼筋混凝土造,0830319,127.0,3,2,2,有,有,無,23000,181,,0.0,0,管理費每個月2000元，由承租人負擔,RPQOMLOJOHLGFBF38CC,整棟(戶)出租,有,1150615~1170614,有,熱水器、瓦斯或天然氣,社會住宅包租轉租
新莊區,租賃房屋,新北市新莊區富國路１７６巷７號九樓之五,0.0,,,,1150516,土地0建物1車位0,九層,12,住宅大樓(11層含以上有電梯),住家用,鋼筋混凝土造,0821207,40.06,1,1,1,有,有,有,17000,424,,0.0,0,,RPWPMLOJOHLGFBF09CC,獨立套房,有,1150520~1160519,有,冷氣、熱水器、洗衣機、電視機、冰箱,社會住宅代管
新莊區,租賃房屋,新北市新莊區榮華路二段７５號八樓,0.0,,,,1150515,土地0建物1車位0,八層,21,住宅大樓(11層含以上有電梯),集合住宅,鋼筋混凝土造,1040601,61.14,1,1,1,有,有,有,17500,286,,0.0,0,續租案件；,RPOQMLOJOHLGFBF38CC,獨立套房,有,1150520~1160519,有,冷氣、熱水器、洗衣機、電視機、冰箱,社會住宅代管
淡水區,租賃房屋+車位,新北市淡水區中正路二段６號,0.0,,,,1150519,土地0建物1車位1,一層,20,店面(店鋪),商業用,鋼筋混凝土造,0840505,153.85,0,0,0,無,有,無,45500,296,升降平面,31.82,0,115年7月4日至118年7月3日租金45500元118年7月4日至120年7月3日止租金為47500元，  雙方約定承租人若提前終止本契約，應於終止前提前壹個月告知出租人並賠償出租人依當年度計算之壹個月租金。租金總額含稅；,RPVNMLOJOHLGFEF09CC,,有,1150704~1200703,有,,
淡水區,租賃房屋,新北市淡水區新民街２２２巷１６弄１３號,0.0,,,,1150514,土地0建物0車位0,一層,6,華廈(10層含以下有電梯),住家用,鋼筋混凝土造,0790625,23.759999999999998,5,1,5,有,無,有,8500,358,,0.0,0,此為分租套房，承租房間為D室,RPQOMLOJOHLGFEF68CC,分租套房,無,1150601~1160530,有,冷氣、熱水器、電視機,
瑞芳區,租賃房屋,新北市瑞芳區三爪子坑路９４之７號二樓,0.0,,,,1150519,土地0建物1車位0,二層,3,公寓(5樓含以下無電梯),住家用,加強磚造,,70.33,3,1,1,有,無,無,10000,142,,0.0,0,,RPPNMLOJOHLGFFF58CC,整棟(戶)出租,無,1150523~1160522,無,冷氣、熱水器、電視機、冰箱,社會住宅代管
瑞芳區,租賃房屋,新北市瑞芳區三爪子坑路９４之７號,0.0,,,,1150519,土地0建物1車位0,一層,3,公寓(5樓含以下無電梯),住家用,加強磚造,,70.45,3,1,1,有,無,有,10000,142,,0.0,0,,RPQNMLOJOHLGFFF68CC,整棟(戶)出租,無,1150523~1160522,無,熱水器、洗衣機、電視機、冰箱,社會住宅代管
三重區,租賃房屋,新北市三重區文化南路１１號二樓,0.0,,,,1150515,土地0建物1車位0,二層,13,住宅大樓(11層含以上有電梯),集合住宅,鋼筋混凝土造,1140910,45.96,1,1,1,有,有,有,21000,457,,0.0,0,管理費每個月1120元不包含在租金內,RPQNMLOJOHLGFGF78CC,獨立套房,無,1150525~1160524,有,冷氣、熱水器、洗衣機、電視機、冰箱,社會住宅代管
中和區,租賃房屋,新北市中和區景新街２３８號２樓,0.0,,,,1150511,土地0建物0車位0,二層,5,公寓(5樓含以下無電梯),住家用,鋼筋混凝土造,0750424,17.66,4,1,4,有,無,有,17400,985,,0.0,0,多人共同承租2；租金總額含水費；網路費；租賃期間有約定不同租金115/05/11-115/05/14為搬遷期免付租金；,RPUPMLOJOHLGFHF86CC,分租套房,無,1150511~1170510,無,冷氣、熱水器、洗衣機、冰箱、網路,一般代管
土城區,租賃房屋,新北市土城區明峰街４９號五樓,0.0,,,,1150512,土地0建物0車位0,五層,6,華廈(10層含以下有電梯),住家用,鋼筋混凝土造,0830518,8.92,2,1,1,有,有,有,6200,695,,0.0,0,租金總額含管理費；水費；電費；瓦斯費；網路費；,RPRNMLPJOHLGFAF38CC,分租雅房,無,1150515~1170514,有,冷氣、熱水器、冰箱、瓦斯或天然氣、網路,
板橋區,租賃房屋,新北市板橋區龍泉街５４巷８弄１２號四樓,0.0,,,,1150515,土地0建物1車位0,四層,5,公寓(5樓含以下無電梯),住家用,鋼筋混凝土造,0761113,102.96000000000001,3,2,2,有,無,無,14000,136,,0.0,0,,RPWOMLPJOHLGFAF98CC,整棟(戶)出租,無,1150520~1160519,無,熱水器、瓦斯或天然氣,社會住宅代管
林口區,租賃房屋,新北市林口區麗園二街１０之５號５樓,0.0,,,,1150516,土地0建物1車位0,五層,11,住宅大樓(11層含以上有電梯),住家用,鋼筋混凝土造,0951221,102.66999999999999,3,2,2,有,有,有,24500,239,,0.0,0,承租人另外負擔管理費每月2500元,RPRNMLPJOHLGFBF48CC,整棟(戶)出租,有,1150601~1160531,有,冷氣、熱水器、瓦斯或天然氣,社會住宅代管
五股區,租賃房屋,新北市五股區成泰路三段３１８號九樓之五,0.0,,,,1150517,土地0建物1車位0,九層,15,住宅大樓(11層含以上有電梯),集合住宅,鋼筋混凝土造,1120427,120.01,3,2,2,有,有,有,15000,125,,0.0,0,續租案件；,RPSNMLPJOHLGFBF58CC,整棟(戶)出租,有,1150518~1160417,有,冷氣、熱水器、冰箱、瓦斯或天然氣,社會住宅包租轉租
新莊區,租賃房屋,新北市新莊區福壽街３４７號三樓,0.0,,,,1150519,土地0建物1車位0,三層,14,住宅大樓(11層含以上有電梯),集合住宅,鋼筋混凝土造,1080828,186.81,3,2,2,有,有,無,28000,150,,0.0,0,續租案件；,RPWNMLPJOHLGFBF98CC,整棟(戶)出租,有,1150525~1160524,有,冷氣、熱水器、瓦斯或天然氣,社會住宅代管
新莊區,租賃房屋,新北市新莊區福壽街３４７號五樓,0.0,,,,1150519,土地0建物1車位0,五層,14,住宅大樓(11層含以上有電梯),集合住宅,鋼筋混凝土造,1080828,153.41,3,2,2,有,有,無,28000,183,,0.0,0,續租案件；,RPROMLPJOHLGFBF58CC,整棟(戶)出租,有,1150525~1160524,有,冷氣、熱水器、瓦斯或天然氣,社會住宅代管
新莊區,租賃房屋,新北市新莊區福壽街３４５號五樓,0.0,,,,1150519,土地0建物1車位0,五層,14,住宅大樓(11層含以上有電梯),集合住宅,鋼筋混凝土造,1080828,153.41,3,2,2,有,有,無,28000,183,,0.0,0,續租案件；,RPTOMLPJOHLGFBF78CC,整棟(戶)出租,有,1150525~1160524,有,冷氣、熱水器、瓦斯或天然氣,社會住宅代管
五股區,租賃房屋,新北市五股區御史路１巷１１０號五樓,0.0,,,,1150513,土地0建物1車位0,五層,7,華廈(10層含以下有電梯),住家用,鋼筋混凝土造,0900606,131.07,4,1,2,有,有,無,18000,137,,0.0,0,未租賃車位，建物登記含有車位面積；,RPOPMLPJOHLGFBF38CC,整棟(戶)出租,有,1150520~1180519,有,冷氣、熱水器,社會住宅包租轉租
新莊區,租賃房屋,新北市新莊區中正路３３４巷８號４樓,0.0,,,,1150511,土地0建物0車位0,四層,4,公寓(5樓含以下無電梯),住家用,加強磚造,0650531,40.66,4,2,2,有,無,有,22300,548,,0.0,0,租金總額含水費；網路費；續租案件；,RPPPMLPJOHLGFBF48CC,分租套房,無,1150601~1160531,無,冷氣、熱水器、洗衣機、電視機、冰箱、瓦斯或天然氣、網路,一般代管
泰山區,租賃房屋,新北市泰山區泰林路二段５２２巷５０號三樓,0.0,,,,1150512,土地0建物1車位0,三層,13,住宅大樓(11層含以上有電梯),住家用,鋼筋混凝土造,0900518,104.35000000000001,3,2,1,有,有,有,18000,172,,0.0,0,管理費每個月2000元不包含在租金內,RPQPMLPJOHLGFBF58CC,整棟(戶)出租,有,1150525~1180124,有,冷氣、熱水器、洗衣機、電視機、冰箱、瓦斯或天然氣,社會住宅包租轉租
五股區,租賃房屋,新北市五股區御史路１巷１１０號六樓,0.0,,,,1150513,土地0建物1車位0,六層,7,華廈(10層含以下有電梯),住家用,鋼筋混凝土造,0900606,116.25,4,1,2,有,有,無,18000,155,,0.0,0,,RPRPMLPJOHLGFBF68CC,整棟(戶)出租,有,1150520~1180519,有,熱水器、冰箱,社會住宅包租轉租
五股區,租賃房屋,新北市五股區御史路１巷１１０號七樓,0.0,,,,1150513,土地0建物1車位0,七層,7,華廈(10層含以下有電梯),住家用,鋼筋混凝土造,0900606,140.94,4,1,2,有,有,無,18000,128,,0.0,0,未租賃車位，建物登記含有車位面積；,RPSPMLPJOHLGFBF78CC,整棟(戶)出租,有,1150520~1180519,有,熱水器,社會住宅包租轉租
新莊區,租賃房屋,新北市新莊區福慧路１７號六樓,261.67,其他,,,1150515,土地1建物2車位0,六層,11,廠辦,一般事務所,鋼筋混凝土造,1150311,1352.61,0,0,0,無,有,無,245442,181,,0.0,0,管理費另計每月新台幣40908元含稅、冷氣中央空調主機系統租金總額含稅；含有多個門牌且未個別計算租金新莊區福慧路19號六樓；,RPTPMLPJOHLGFBF88CC,,有,1150901~1200831,有,冷氣,
五股區,租賃房屋,新北市五股區芳洲路６７號二樓,0.0,,,,1150513,土地0建物1車位0,二層,7,華廈(10層含以下有電梯),集合住宅,鋼筋混凝土造,1060721,75.4,2,1,1,有,有,有,19700,261,,0.0,0,管理費 3800承租人負擔,RPSQMLPJOHLGFBF88CC,整棟(戶)出租,有,1150606~1160605,有,冷氣、熱水器、洗衣機、冰箱,社會住宅代管
五股區,租賃房屋+車位,新北市五股區水碓三路１１６號二樓,0.0,,,,1150518,土地0建物1車位1,二層,4,公寓(5樓含以下無電梯),住家用,鋼筋混凝土造,0840710,128.75,3,2,2,有,有,有,21500,167,坡道平面,0.0,3500,管理費500 承租人負擔,RPVQMLPJOHLGFBF56CC,整棟(戶)出租,有,1150601~1170531,無,冷氣、熱水器、洗衣機、瓦斯或天然氣,社會住宅包租轉租
五股區,租賃房屋,新北市五股區西雲路１０９號１０樓,0.0,,,,1150518,土地0建物1車位0,十層,14,住宅大樓(11層含以上有電梯),住家用,鋼筋混凝土造,0870825,89.64,3,2,2,有,有,有,23000,257,,0.0,0,管理費2000 承租人負擔,RPWQMLPJOHLGFBF66CC,整棟(戶)出租,有,1150625~1170624,有,冷氣、熱水器,社會住宅包租轉租
新莊區,租賃房屋,新北市新莊區中原路２４１號二樓,0.0,,,,1150518,土地0建物1車位0,二層,5,公寓(5樓含以下無電梯),住家用,鋼筋混凝土造,0760227,90.13,3,2,2,有,無,有,20000,222,,0.0,0,,RPXQMLPJOHLGFBF76CC,整棟(戶)出租,無,1150615~1180614,無,冷氣、熱水器、瓦斯或天然氣,社會住宅包租轉租
汐止區,租賃房屋,新北市汐止區新台五路二段２３８巷６２號５樓,0.0,,,,1150520,土地0建物1車位0,五層,11,住宅大樓(11層含以上有電梯),集合住宅,鋼筋混凝土構造,1111223,61.120000000000005,1,1,1,有,無,有,25000,409,,0.0,0,,RPQNMLPJOHLGFDF58CC,整棟(戶)出租,無,1150523~1160522,有,冷氣、熱水器、洗衣機、電視機、冰箱、有線電視、網路,一般代管
汐止區,租賃房屋,新北市汐止區樟樹一路２７２之１９號１０樓,0.0,,,,1150513,土地0建物1車位0,十層,13,住宅大樓(11層含以上有電梯),住家用,鋼筋混凝土造,0880625,95.78,4,2,2,有,有,有,20000,209,,0.0,0,管理費每個月1549元不包含在租金內,RPTNMLPJOHLGFDF88CC,整棟(戶)出租,有,1150525~1160524,有,冷氣、熱水器、洗衣機、冰箱、瓦斯或天然氣,社會住宅代管
淡水區,租賃房屋,新北市淡水區淡金路２３號２８樓之８,0.0,,,,1150520,土地0建物1車位0,二十八層,29,住宅大樓(11層含以上有電梯),住家用,鋼筋混凝土造,0970909,52.93,1,1,1,有,有,有,15000,283,,0.0,0,另有管理費1600元，由承租人負擔。,RPOPMLPJOHLGFEF68CC,獨立套房,有,1150520~1160519,有,冷氣、熱水器、洗衣機、電視機、冰箱,社會住宅包租轉租
三重區,租賃房屋,新北市三重區仁義街１６７巷４５號四樓之１,0.0,,,,1150519,土地0建物0車位0,四層,4,公寓(5樓含以下無電梯),住家用,鋼筋混凝土造,0700627,23.71,4,0,4,有,無,有,15000,633,,0.0,0,401室,RPTNMLPJOHLGFGF56CC,分租套房,無,1150522~1160521,無,冷氣、熱水器、洗衣機、電視機、冰箱、有線電視、網路,一般代管
三重區,租賃房屋,新北市三重區永福街４６巷４１弄５號,0.0,,,,1150512,土地0建物1車位0,全,2,透天厝,住家用,加強磚造,,53.22,2,1,1,有,無,有,29500,554,,0.0,0,,RPWNMLPJOHLGFGF86CC,分層出租,無,1150515~1160514,無,冷氣、熱水器、洗衣機、電視機、冰箱、瓦斯或天然氣、有線電視、網路,一般代管
三重區,租賃房屋,新北市三重區集美街４號３樓,0.0,,,,1150511,土地0建物0車位0,三層,5,公寓(5樓含以下無電梯),住家用,鋼筋混凝土造,0690705,16.52,5,0,5,有,無,有,11000,666,,0.0,0,302室,RPQOMLPJOHLGFGF98CC,分租套房,無,1150514~1160513,無,冷氣、熱水器、洗衣機、電視機、冰箱、有線電視、網路,一般代管
三重區,租賃房屋,新北市三重區仁政街８６巷１９號二樓,0.0,,,,1150518,土地0建物0車位0,二層,5,公寓(5樓含以下無電梯),住家用,鋼筋混凝土造,0730505,21.52,4,4,4,有,無,有,22000,1022,,0.0,0,,RPXOMLPJOHLGFGF07CC,分租套房,無,1150522~1160521,無,冷氣、熱水器、洗衣機、電視機、冰箱、有線電視、網路,一般轉租
三重區,租賃房屋,新北市三重區仁政街８６巷１９號二樓,0.0,,,,1150518,土地0建物0車位0,二層,5,公寓(5樓含以下無電梯),住家用,鋼筋混凝土造,0730505,21.52,4,4,4,有,無,有,22000,1022,,0.0,0,,RPSPMLPJOHLGFGF66CC,分租套房,無,1150522~1160521,無,冷氣、熱水器、洗衣機、電視機、冰箱、有線電視、網路,一般轉租
永和區,租賃房屋,新北市永和區文化路７８之２號,0.0,,,,1150520,土地0建物1車位0,一層,3,店面(店鋪),住商用,加強磚造,0560710,64.91,4,5,3,有,無,無,35000,539,,0.0,0,1.門牌整編，依謄本門牌申報，現場門牌為文化路108號。  2.雙方約定水費出租方與承租方各負擔一半。,RPTNMLPJOHLGFHF66CC,,無,1150701~1180630,無,,
永和區,租賃房屋,新北市永和區中正路４２８巷３０弄２４號,0.0,,,,1150518,土地0建物1車位0,一層,3,公寓(5樓含以下無電梯),住家用,加強磚造,0600528,66.96,3,2,1,有,無,無,29900,447,,0.0,0,續租案件；,RPUNMLPJOHLGFHF76CC,整棟(戶)出租,無,1150520~1160519,無,冷氣、熱水器、瓦斯或天然氣,社會住宅代管
中和區,租賃房屋,新北市中和區秀峰街１０３巷６弄２號三樓,0.0,,,,1150511,土地0建物1車位0,三層,4,公寓(5樓含以下無電梯),住家用,Ｒ．Ｃ造,0640403,83.75,3,2,1,有,無,有,20000,239,,0.0,0,,RPQOMLPJOHLGFHF09CC,整棟(戶)出租,無,1150607~1170606,無,冷氣、熱水器、瓦斯或天然氣,社會住宅包租轉租
永和區,租賃房屋,新北市永和區豫溪街５７巷４弄２號５樓,0.0,,,,1150511,土地0建物0車位0,五層,5,公寓(5樓含以下無電梯),住家用,鋼筋混凝土造,0691030,42.33,6,3,3,有,無,有,25000,591,,0.0,0,多人共同承租2；租金總額含水費；租賃期間有約定不同租金115/05/11-115/05/14為搬遷期免付租金；,RPSOMLPJOHLGFHF66CC,分租套房,無,1150511~1170510,無,冷氣、熱水器、洗衣機、電視機、冰箱,一般代管
永和區,租賃房屋,新北市永和區永和路二段８２號四樓,0.0,,,,1150511,土地0建物1車位0,四層,5,公寓(5樓含以下無電梯),住家用,加強磚造,0620119,71.89,2,1,1,有,無,有,25000,348,,0.0,0,續租案件；,RPVOMLPJOHLGFHF96CC,整棟(戶)出租,無,1150515~1160514,無,冷氣、熱水器、洗衣機、冰箱,社會住宅代管
永和區,租賃房屋,新北市永和區水源街１０號４樓,0.0,,,,1150511,土地0建物0車位0,四層,4,公寓(5樓含以下無電梯),住家用,鋼筋混凝土造,0670426,20.74,7,3,4,有,無,有,15500,747,,0.0,0,租金總額含水費；網路費；其他第四台；續租案件；,RPWOMLPJOHLGFHF07CC,分租套房,無,1150525~1160524,無,冷氣、熱水器、洗衣機、電視機、有線電視、網路,一般代管
永和區,租賃房屋,新北市永和區福和路７巷１６弄６號四樓,0.0,,,,1150511,土地0建物1車位0,四層,4,公寓(5樓含以下無電梯),集合住宅,Ｒ．Ｃ造,0620309,73.41,3,2,1,有,無,有,20000,272,,0.0,0,,RPUPMLPJOHLGFHF96CC,整棟(戶)出租,無,1150610~1160609,無,冷氣、熱水器、洗衣機、冰箱,社會住宅代管
鶯歌區,租賃房屋,新北市鶯歌區育智路６７號四樓,0.0,,,,1150518,土地0建物1車位0,四層,7,華廈(10層含以下有電梯),住家用,鋼筋混凝土造,0840321,106.64,3,2,2,有,有,有,19000,178,,0.0,0,管理費400元由承租人負擔,RPPOMLPJOHLGFIF09CC,整棟(戶)出租,有,1150601~1160531,有,冷氣、熱水器、瓦斯或天然氣,社會住宅代管
土城區,租賃房屋,新北市土城區中正路４１巷８弄７號,0.0,,,,1150511,土地0建物1車位0,一層,5,公寓(5樓含以下無電梯),住家用,鋼筋混凝土造,,99.47,3,2,1,有,無,無,24000,241,,0.0,0,水電費 瓦斯費 由承租人負擔,RPVNMLQJOHLGFAF88CC,整棟(戶)出租,無,1150512~1160511,無,冷氣、熱水器、瓦斯或天然氣,社會住宅代管
八里區,租賃房屋,新北市八里區中華路二段１４５之２號,0.0,,,,1150511,土地0建物1車位0,全,2,透天厝,農舍,鋼筋混凝土造,0820630,175.22,4,2,2,有,無,無,29000,166,,0.0,0,水電費 瓦斯費 由承租人負擔,RPSNMLQJOHLGFEF98CC,整棟(戶)出租,無,1150518~1160517,無,冷氣、熱水器、瓦斯或天然氣,社會住宅代管
三重區,租賃房屋,新北市三重區中正南路１２９巷１４號４樓,0.0,,,,1150518,土地0建物1車位0,四層,5,公寓(5樓含以下無電梯),住家用,鋼筋混凝土造,0811205,73.08,3,2,2,有,無,有,26000,356,,0.0,0,含增建或未登記建物；,RPPNMLQJOHLGFGF88CC,整棟(戶)出租,無,1150605~1170604,無,冷氣、熱水器、洗衣機、冰箱、瓦斯或天然氣,
土城區,租賃房屋,新北市土城區延吉街３１７號８樓,0.0,,,,1150514,土地0建物1車位0,八層,17,住宅大樓(11層含以上有電梯),住家用,鋼筋混凝土造,0841109,110.50999999999999,3,2,2,有,有,有,31400,284,,0.0,0,續租案件；,RPUNMLRJOHLGFAF88CC,整棟(戶)出租,有,1150528~1160527,有,冷氣、熱水器、洗衣機、電視機、冰箱、瓦斯或天然氣,社會住宅代管
新店區,租賃房屋,新北市新店區央北二路３３１號４樓,0.0,,,,1150519,土地0建物0車位0,四層,15,住宅大樓(11層含以上有電梯),集合住宅,鋼筋混凝土構造,1120627,6.73,3,1,2,有,有,有,12800,1902,,0.0,0,租金總額含管理費；網路費；租賃建物部分範圍，且未計入共有部分面積；,RPSNMLRJOHLGFCF88CC,分租雅房,有,1150520~1160519,有,冷氣、熱水器、洗衣機、冰箱、瓦斯或天然氣、網路,一般轉租
汐止區,租賃房屋,新北市汐止區仁愛路１０６巷１７號４樓,0.0,,,,1150515,土地0建物1車位0,四層,7,華廈(10層含以下有電梯),住家用,鋼筋混凝土造,0851102,103.27000000000001,3,2,2,有,有,有,25000,242,,0.0,0,續租案件；,RPQNMLRJOHLGFDF78CC,整棟(戶)出租,有,1150615~1160614,有,冷氣、熱水器、瓦斯或天然氣,社會住宅代管
中和區,租賃房屋,新北市中和區中和路３９０號１９樓之２,0.0,,,,1150514,土地0建物1車位0,十九層,21,住宅大樓(11層含以上有電梯),住家用,鋼筋混凝土造,0951221,41.5,1,0,1,有,有,有,22000,530,,0.0,0,續租案件；,RPQOMLRJOHLGFHF66CC,獨立套房,有,1150520~1160519,有,冷氣、熱水器、洗衣機、冰箱、瓦斯或天然氣,社會住宅代管
板橋區,租賃房屋,新北市板橋區四川路二段２４１號十三樓之四,0.0,,,,1150512,土地0建物1車位0,十三層,15,住宅大樓(11層含以上有電梯),商業用,鋼骨混凝土造,0810808,25.259999999999998,1,1,1,有,有,有,12000,475,,0.0,0,續租案件；,RPWPMLSJOHLGFAF76CC,獨立套房,有,1150605~1160604,有,冷氣、熱水器、冰箱,社會住宅代管
泰山區,租賃房屋+車位,新北市泰山區民權街６６巷１４號十一樓,0.0,,,,1150516,土地0建物1車位1,十一層,12,住宅大樓(11層含以上有電梯),住家用,鋼筋混凝土造,0870821,135.64,3,2,2,有,有,無,25700,194,升降機械,13.29,2000,另有管理費2300元，由承租人負擔。續租案件；,RPROMLSJOHLGFBF88CC,整棟(戶)出租,有,1150601~1160531,有,冷氣、熱水器、瓦斯或天然氣,社會住宅代管
新店區,租賃房屋,新北市新店區安和路二段２０５巷２號,0.0,,,,1150518,土地0建物1車位0,一層,16,住宅大樓(11層含以上有電梯),商業用,鋼筋混凝土造,0800629,271.45,0,0,0,無,有,無,28000,103,,0.0,0,租金總額含管理費；租賃期間有約定不同租金自1150601至1151131止28000元自1151201至1170531止30000元；,RPSPMLSJOHLGFCF56CC,,有,1150601~1170531,有,冷氣,
新店區,租賃房屋,新北市新店區安忠路５７巷２６弄２９號四樓,0.0,,,,1150518,土地0建物1車位0,四層,6,華廈(10層含以下有電梯),住家用,鋼筋混凝土造,0840708,56.080000000000005,1,1,1,有,有,有,16230,289,,0.0,0,租金已扣除管理費770元,RPVPMLSJOHLGFCF86CC,獨立套房,有,1150605~1160604,有,冷氣、熱水器、瓦斯或天然氣,
淡水區,租賃房屋,新北市淡水區新市三路一段１４０號十七樓,0.0,,,,1150520,土地0建物1車位0,十七層,20,住宅大樓(11層含以上有電梯),住家用,鋼筋混凝土造,1080222,119.71000000000001,3,2,2,有,有,有,19900,166,,0.0,0,管理費每個月2600元不包含在租金內續租案件；,RPTNMLSJOHLGFEF66CC,整棟(戶)出租,有,1150616~1160615,有,冷氣、熱水器、電視機、瓦斯或天然氣,社會住宅代管
淡水區,租賃房屋,新北市淡水區新市三路一段１１０號二十三樓,0.0,,,,1150520,土地0建物1車位0,二十三層,26,住宅大樓(11層含以上有電梯),住家用,鋼筋混凝土造,1080222,153.27,3,2,2,有,有,無,21500,140,,0.0,0,管理費每個月3082元不包含在租金內續租案件；,RPUNMLSJOHLGFEF76CC,整棟(戶)出租,有,1150602~1160601,有,冷氣、熱水器、瓦斯或天然氣,社會住宅代管
八里區,租賃房屋,新北市八里區龍米路一段１９８號十五樓之３,0.0,,,,1150519,土地0建物1車位0,十五層,26,住宅大樓(11層含以上有電梯),住家用,鋼筋混凝土造,0941205,61.9,1,1,1,有,有,有,15000,242,,0.0,0,另有管理費1600元，由承租人負擔。續租案件；,RPOOMLSJOHLGFEF88CC,獨立套房,有,1150520~1160519,有,冷氣、熱水器、洗衣機、電視機、冰箱、瓦斯或天然氣,社會住宅代管
八里區,租賃房屋,新北市八里區文昌六街４２號九樓,0.0,,,,1150511,土地0建物1車位0,九層,11,住宅大樓(11層含以上有電梯),集合住宅,鋼筋混凝土造,1131114,158.56,3,2,2,有,有,有,19500,123,,0.0,0,未租賃車位，建物登記含有車位面積；,RPPPMLSJOHLGFEF09CC,整棟(戶)出租,有,1150520~1170804,有,冷氣、熱水器、瓦斯或天然氣,社會住宅包租轉租
三重區,租賃房屋,新北市三重區中正北路１９號三樓,0.0,,,,1150516,土地0建物1車位0,三層,12,住宅大樓(11層含以上有電梯),補習班,鋼筋混凝土造,0870810,254.68,0,4,1,有,有,無,54000,212,,0.0,0,租金已扣除屋主所得稅預扣稅額10%6144元及二代建保2.11%1296元。含增建或未登記建物；,RPPNMLSJOHLGFGF09CC,,有,1150701~1180630,有,,
永和區,租賃房屋,新北市永和區中興街８３號四樓,0.0,,,,1150515,土地0建物1車位0,四層,7,華廈(10層含以下有電梯),住家用,鋼筋混凝土造,0691222,25.25,1,0,1,有,無,有,17040,675,,0.0,0,租金已扣除管理費460元,RPPNMLSJOHLGFHF56CC,獨立套房,無,1150515~1160514,有,冷氣、熱水器、洗衣機、電視機、冰箱,
永和區,租賃房屋,新北市永和區永利路７巷４弄７號５樓之２,0.0,,,,1150515,土地0建物1車位0,五層,5,公寓(5樓含以下無電梯),住家用,鋼筋混凝土造,0850831,20.589999999999996,2,0,1,有,無,無,9000,437,,0.0,0,續租案件；,RPSOMLSJOHLGFHF96CC,整棟(戶)出租,無,1150620~1160619,無,冷氣、熱水器、洗衣機、電視機、冰箱,社會住宅包租轉租
永和區,租賃房屋,新北市永和區環河西路二段１７７號,0.0,,,,1150513,土地0建物1車位0,全,3,透天厝,住家用,磚造,0520501,57.24,3,2,1,有,無,無,35000,611,,0.0,0,,RPTOMLSJOHLGFHF07CC,整棟(戶)出租,無,1150515~1180514,無,熱水器,
中和區,租賃房屋,新北市中和區新興街６巷９之１號十一樓,0.0,,,,1150519,土地0建物1車位0,十一層,12,住宅大樓(11層含以上有電梯),住家用,鋼筋混凝土造,0840817,35.94,1,1,1,有,有,有,17200,479,,0.0,0,管理費每個月800元不包含在租金內租金總額含瓦斯費；,RPOPMLSJOHLGFHF66CC,獨立套房,有,1150601~1160531,有,冷氣、熱水器、洗衣機、冰箱、瓦斯或天然氣,社會住宅代管
中和區,租賃房屋,新北市中和區景新街４２３巷３５弄３５號４樓,0.0,,,,1150512,土地0建物0車位0,四層,4,公寓(5樓含以下無電梯),住家用,鋼筋混凝土造,0661018,46.72,4,2,2,有,無,有,23000,492,,0.0,0,多人共同承租2；租金總額含水費；租賃期間有約定不同租金115/05/12-115/05/19為搬遷期免付租金；,RPTRMLSJOHLGFHF37CC,分租套房,無,1150512~1170511,無,冷氣、熱水器、洗衣機、電視機、冰箱、網路,一般代管
三峽區,租賃房屋+車位,新北市三峽區學成路２６８號十二樓之五,0.0,,,,1150517,土地0建物1車位1,十二層,20,住宅大樓(11層含以上有電梯),住家用,鋼筋混凝土造,0951117,127.61999999999999,2,2,1,有,有,有,24115,189,坡道平面,36.74,0,租金已扣除管理費1885元,RPQNMLSJOHLGFIF76CC,整棟(戶)出租,有,1150601~1160531,有,冷氣、熱水器、洗衣機、冰箱、瓦斯或天然氣,
鶯歌區,租賃房屋,新北市鶯歌區鶯桃路２３號五樓,0.0,,,,1150515,土地0建物1車位0,五層,7,華廈(10層含以下有電梯),住家用,鋼筋混凝土造,0820810,93.42,2,2,1,有,有,有,15000,161,,0.0,0,管理費 600承租人負擔,RPTNMLSJOHLGFIF07CC,整棟(戶)出租,有,1150601~1160531,有,冷氣、熱水器,社會住宅代管
板橋區,租賃房屋,新北市板橋區民治街４２巷８號５樓,0.0,,,,1150512,土地0建物1車位0,五層,5,公寓(5樓含以下無電梯),住家用,鋼筋混凝土造,,87.62,3,1,1,有,無,有,20000,228,,0.0,0,,RPQNMLTJOHLGFAF68CC,整棟(戶)出租,無,1150515~1160514,無,冷氣、熱水器、洗衣機、電視機、冰箱、瓦斯或天然氣,社會住宅代管
板橋區,租賃房屋,新北市板橋區縣民大道一段１８５之８號１４樓,0.0,,,,1150512,土地0建物1車位0,十四層,15,住宅大樓(11層含以上有電梯),住家用,鋼筋混凝土造,0970808,81.69,2,2,1,有,有,無,27000,331,,0.0,0,,RPSNMLTJOHLGFAF88CC,整棟(戶)出租,有,1150515~1160514,有,冷氣、熱水器、洗衣機、電視機,社會住宅代管
板橋區,租賃房屋,新北市板橋區滿平二街３３號四樓,0.0,,,,1150512,土地0建物1車位0,四層,5,公寓(5樓含以下無電梯),住家用,鋼筋混凝土造,0710413,85.6,3,1,1,有,無,有,10000,117,,0.0,0,水電費 瓦斯費 網路費 由承租人負擔續租案件；,RPTOMLTJOHLGFAF09CC,整棟(戶)出租,無,1150515~1160514,無,熱水器、洗衣機、瓦斯或天然氣,社會住宅代管
板橋區,租賃房屋,新北市板橋區南雅南路二段２４號４樓,0.0,,,,1150518,土地0建物0車位0,四層,4,公寓(5樓含以下無電梯),住家用,加強磚造,,14.0,4,1,2,有,無,有,11200,800,,0.0,0,租金總額含管理費；網路費；其他清潔費；租賃建物部分範圍，且未計入共有部分面積；,RPSQMLTJOHLGFAF56CC,分租雅房,無,1150522~1160521,無,冷氣、熱水器、洗衣機、冰箱、瓦斯或天然氣、網路,一般轉租
新莊區,租賃房屋,新北市新莊區中港路５９１巷１７號５樓,0.0,,,,1150520,土地0建物1車位0,五層,5,公寓(5樓含以下無電梯),住家用,鋼筋混凝土造,0750402,108.14,3,2,2,有,無,無,18000,166,,0.0,0,,RPSOMLTJOHLGFBF09CC,整棟(戶)出租,無,1150717~1160716,無,冷氣、熱水器,社會住宅代管
林口區,租賃房屋,新北市林口區八德路２４６號１０樓,0.0,,,,1150513,土地0建物1車位0,十層,16,住宅大樓(11層含以上有電梯),集合住宅,鋼筋混凝土造,1040129,64.34,1,1,1,有,有,有,25000,389,,0.0,0,租金總額含管理費；,RPVPMLTJOHLGFBF86CC,獨立套房,有,1150515~1160514,有,冷氣、熱水器、洗衣機、電視機、冰箱,
五股區,租賃房屋,新北市五股區水碓七路１１１號三樓,0.0,,,,1150514,土地0建物1車位0,三層,5,華廈(10層含以下有電梯),集合住宅,鋼筋混凝土造,1040918,159.63,3,2,2,有,有,無,23000,144,,0.0,0,未租賃車位，建物登記含有車位面積；續租案件；,RPPQMLTJOHLGFBF98CC,整棟(戶)出租,有,1150620~1160619,有,冷氣、熱水器,社會住宅代管
新店區,租賃房屋,新北市新店區建興街１號３樓,0.0,,,,1150517,土地0建物0車位0,三層,5,公寓(5樓含以下無電梯),住家用,鋼筋混凝土造,0670907,16.0,5,1,2,有,無,有,17000,1063,,0.0,0,多人共同承租2；租金總額含管理費；網路費；其他清潔費；租賃建物部分範圍，且未計入共有部分面積；,RPQOMLTJOHLGFCF98CC,分租套房,無,1150521~1160520,無,冷氣、熱水器、洗衣機、冰箱、瓦斯或天然氣、網路,一般轉租
新店區,租賃房屋,新北市新店區建興街１號３樓,0.0,,,,1150517,土地0建物0車位0,三層,5,公寓(5樓含以下無電梯),住家用,鋼筋混凝土造,0670907,11.0,5,1,2,有,無,有,13700,1245,,0.0,0,租金總額含管理費；網路費；其他清潔費；租賃建物部分範圍，且未計入共有部分面積；,RPSOMLTJOHLGFCF56CC,分租雅房,無,1150521~1160520,無,冷氣、熱水器、洗衣機、冰箱、瓦斯或天然氣、網路,一般轉租
新店區,租賃房屋,新北市新店區建興街１號３樓,0.0,,,,1150517,土地0建物0車位0,三層,5,公寓(5樓含以下無電梯),住家用,鋼筋混凝土造,0670907,12.0,5,1,2,有,無,有,13200,1100,,0.0,0,租金總額含管理費；網路費；其他清潔費；租賃建物部分範圍，且未計入共有部分面積；,RPTOMLTJOHLGFCF66CC,分租雅房,無,1150521~1160520,無,冷氣、熱水器、洗衣機、冰箱、瓦斯或天然氣、網路,一般轉租
新店區,租賃房屋,新北市新店區建興街１號３樓,0.0,,,,1150517,土地0建物0車位0,三層,5,公寓(5樓含以下無電梯),住家用,鋼筋混凝土造,0670907,9.0,5,1,2,有,無,有,12800,1422,,0.0,0,租金總額含管理費；網路費；其他清潔費；租賃建物部分範圍，且未計入共有部分面積；,RPUOMLTJOHLGFCF76CC,分租雅房,無,1150521~1160520,無,冷氣、熱水器、洗衣機、冰箱、瓦斯或天然氣、網路,一般轉租
新店區,租賃房屋,新北市新店區建興街１號３樓,0.0,,,,1150517,土地0建物0車位0,三層,5,公寓(5樓含以下無電梯),住家用,鋼筋混凝土造,0670907,9.0,5,1,2,有,無,有,11800,1311,,0.0,0,租金總額含管理費；網路費；其他清潔費；租賃建物部分範圍，且未計入共有部分面積；,RPVOMLTJOHLGFCF86CC,分租雅房,無,1150521~1160520,無,冷氣、熱水器、洗衣機、冰箱、瓦斯或天然氣、網路,一般轉租
淡水區,租賃房屋,新北市淡水區新市三路二段２６１號８樓,0.0,,,,1150511,土地0建物1車位0,八層,29,住宅大樓(11層含以上有電梯),住家用,鋼筋混凝土造,1070525,122.0,3,2,2,有,有,無,17000,139,,0.0,0,管理費3000元，水電費 瓦斯費 由承租人負擔續租案件；,RPUNMLTJOHLGFEF86CC,整棟(戶)出租,有,1150515~1160514,有,冷氣、熱水器、瓦斯或天然氣,社會住宅代管
淡水區,租賃房屋+車位,新北市淡水區新市二路二段７８號八樓,0.0,,,,1150513,土地0建物1車位1,八層,15,住宅大樓(11層含以上有電梯),住家用,鋼筋混凝土造,1031126,194.23000000000002,3,2,2,有,有,有,23000,118,坡道平面,32.84,0,管理費3000元，水電費 瓦斯費 由承租人負擔續租案件；,RPVNMLTJOHLGFEF96CC,整棟(戶)出租,有,1150520~1160430,有,冷氣、熱水器、洗衣機、電視機、冰箱、瓦斯或天然氣,社會住宅包租轉租
淡水區,租賃房屋,新北市淡水區中山北路二段１８９巷３２號二樓,0.0,,,,1150513,土地0建物1車位0,二層,14,住宅大樓(11層含以上有電梯),住家用,鋼筋混凝土造,1020223,158.93,3,2,2,有,有,有,25000,157,,0.0,0,多人共同承租2；未租賃車位，建物登記含有車位面積；,RPTPMLTJOHLGFEF96CC,整棟(戶)出租,有,1150516~1180515,有,冷氣、熱水器、洗衣機、電視機、冰箱,社會住宅代管
淡水區,租賃房屋,新北市淡水區水源街一段１３９號五樓,0.0,,,,1150511,土地0建物1車位0,五層,7,華廈(10層含以下有電梯),住家用,鋼筋混凝土造,0851130,195.64999999999998,3,2,1,有,有,有,13000,66,,0.0,0,管理費1000元，水電費 瓦斯費 由承租人負擔,RPUPMLTJOHLGFEF07CC,整棟(戶)出租,有,1150515~1180514,有,冷氣、熱水器、洗衣機、電視機、冰箱,社會住宅包租轉租
淡水區,租賃房屋,新北市淡水區水源街一段１３９號二樓,0.0,,,,1150511,土地0建物1車位0,二層,7,華廈(10層含以下有電梯),住家用,鋼筋混凝土造,0851130,195.64999999999998,3,2,1,有,有,有,13000,66,,0.0,0,管理費1000元，水電費 瓦斯費 由承租人負擔,RPWPMLTJOHLGFEF27CC,整棟(戶)出租,有,1150515~1180514,有,冷氣、熱水器、洗衣機、電視機、瓦斯或天然氣,社會住宅包租轉租
淡水區,租賃房屋,新北市淡水區水源街一段１３９號三樓,0.0,,,,1150511,土地0建物1車位0,三層,7,華廈(10層含以下有電梯),住家用,鋼筋混凝土造,0851130,195.64999999999998,3,2,1,有,有,無,13000,66,,0.0,0,管理費1000元，水電費 瓦斯費 由承租人負擔,RPXPMLTJOHLGFEF37CC,整棟(戶)出租,有,1150515~1180514,有,冷氣、熱水器、冰箱、瓦斯或天然氣,社會住宅包租轉租
淡水區,租賃房屋,新北市淡水區水源街一段１３９號四樓,0.0,,,,1150511,土地0建物1車位0,四層,7,華廈(10層含以下有電梯),住家用,鋼筋混凝土造,0851130,195.64999999999998,3,2,1,有,有,有,13000,66,,0.0,0,管理費1000元，水電費 瓦斯費 由承租人負擔,RPOQMLTJOHLGFEF56CC,整棟(戶)出租,有,1150515~1180514,有,冷氣、熱水器、洗衣機、電視機、冰箱、瓦斯或天然氣,社會住宅包租轉租
淡水區,租賃房屋,新北市淡水區水源街一段１３９號六樓,0.0,,,,1150511,土地0建物1車位0,六層,7,華廈(10層含以下有電梯),住家用,鋼筋混凝土造,0851130,195.64999999999998,3,2,1,有,有,無,13000,66,,0.0,0,管理費1000元，水電費 瓦斯費 由承租人負擔,RPPQMLTJOHLGFEF66CC,整棟(戶)出租,有,1150515~1180514,有,冷氣、熱水器、洗衣機、電視機、冰箱、瓦斯或天然氣,社會住宅包租轉租
淡水區,租賃房屋,新北市淡水區水源街一段１４１號四樓,0.0,,,,1150511,土地0建物1車位0,四層,7,華廈(10層含以下有電梯),住家用,鋼筋混凝土造,0851130,218.87,4,2,2,有,有,無,18000,82,,0.0,0,管理費1000元，水電費 瓦斯費 由承租人負擔,RPQQMLTJOHLGFEF76CC,整棟(戶)出租,有,1150515~1180514,有,冷氣、熱水器、洗衣機、電視機、冰箱、瓦斯或天然氣,社會住宅包租轉租
淡水區,租賃房屋,新北市淡水區水源街一段１４１號三樓,0.0,,,,1150511,土地0建物1車位0,三層,7,華廈(10層含以下有電梯),住家用,鋼筋混凝土造,0851130,218.87,4,2,2,有,有,無,18000,82,,0.0,0,管理費1000元，水電費 瓦斯費 由承租人負擔,RPRQMLTJOHLGFEF86CC,整棟(戶)出租,有,1150515~1180514,有,冷氣、熱水器、電視機、冰箱、瓦斯或天然氣,社會住宅包租轉租
三重區,租賃房屋,新北市三重區力行路一段６２號１１樓之２,0.0,,,,1150511,土地0建物1車位0,十一層,12,住宅大樓(11層含以上有電梯),住家用,鋼筋混凝土造,0841218,78.11,3,1,2,有,有,無,14500,186,,0.0,0,管理費1500元，水電費 瓦斯費 由承租人負擔續租案件；,RPSNMLTJOHLGFGF86CC,整棟(戶)出租,有,1150601~1160531,有,冷氣、熱水器、瓦斯或天然氣,社會住宅代管
蘆洲區,租賃房屋,新北市蘆洲區永樂街２６巷８之１號,0.0,,,,1150520,土地0建物1車位0,一層,7,華廈(10層含以下有電梯),住家用,鋼筋混凝土造,1001125,110.43,3,2,2,有,有,有,25000,226,,0.0,0,管理費4800元由承租人負擔,RPUNMLTJOHLGFGF07CC,整棟(戶)出租,有,1150605~1160605,有,冷氣、熱水器、瓦斯或天然氣,社會住宅代管
蘆洲區,租賃房屋,新北市蘆洲區民生街１２５號三樓,0.0,,,,1150520,土地0建物1車位0,三層,5,公寓(5樓含以下無電梯),住家用,鋼筋混凝土造,0690213,80.0,3,2,2,有,無,有,25000,313,,0.0,0,,RPVNMLTJOHLGFGF17CC,整棟(戶)出租,無,1150601~1160531,無,冷氣、熱水器、洗衣機、冰箱、瓦斯或天然氣,社會住宅代管
三重區,租賃房屋,新北市三重區河邊北街１００巷１號二樓之１,0.0,,,,1150520,土地0建物1車位0,二層,5,公寓(5樓含以下無電梯),住家用,鋼筋混凝土造,0681229,68.0,3,1,1,有,無,無,15000,221,,0.0,0,,RPWNMLTJOHLGFGF27CC,整棟(戶)出租,無,1150605~1160604,無,熱水器、瓦斯或天然氣,社會住宅代管
三重區,租賃房屋,新北市三重區水漾路一段６７號十八樓,0.0,,,,1150517,土地0建物1車位0,十八層,19,住宅大樓(11層含以上有電梯),集合住宅,鋼筋混凝土造,1110122,72.8,2,2,1,有,有,無,26000,357,,0.0,0,1.不承租車位已扣除車位面積。2.起租日當月5月管理費出租方負擔。,RPWOMLTJOHLGFGF37CC,整棟(戶)出租,有,1150517~1180516,有,,
三重區,租賃房屋,新北市三重區力行路二段９４號２樓,0.0,,,,1150516,土地0建物0車位0,二層,5,公寓(5樓含以下無電梯),住家用,鋼筋混凝土造,0691230,17.2,5,1,4,有,無,有,18000,1047,,0.0,0,租金總額含水費；網路費；租賃期間有約定不同租金115/05/16-115/05/21為搬遷期免付租金；,RPVPMLTJOHLGFGF37CC,分租套房,無,1150516~1170515,無,冷氣、熱水器、洗衣機、電視機、冰箱、網路,一般代管
永和區,租賃房屋,新北市永和區保平路２０５號,0.0,,,,1150519,土地0建物1車位0,一層,9,店面(店鋪),商業用,鋼筋混凝土造,0850921,75.58000000000001,0,0,0,無,無,無,39000,516,,0.0,0,租金總額含稅；,RPVNMLTJOHLGFHF27CC,,無,1150601~1200531,有,,
中和區,租賃房屋,新北市中和區宜安路８７巷４號五樓,0.0,,,,1150512,土地0建物1車位0,五層,5,公寓(5樓含以下無電梯),住家用,鋼筋混凝土造,0741115,99.4,3,1,2,有,無,無,19900,200,,0.0,0,管理費200元，水電費 瓦斯費 由承租人負擔續租案件；,RPSOMLTJOHLGFHF07CC,整棟(戶)出租,有,1150515~1160514,無,冷氣、熱水器、瓦斯或天然氣,社會住宅包租轉租
中和區,租賃房屋,新北市中和區景平路６７７巷２弄１２號２樓,0.0,,,,1150514,土地0建物0車位0,二層,5,公寓(5樓含以下無電梯),住家用,鋼筋混凝土造,0691230,19.86,5,1,3,有,無,有,9000,453,,0.0,0,租賃期間有約定不同租金115/05/14-115/05/17為搬遷期免付租金；,RPVOMLTJOHLGFHF37CC,分租雅房,無,1150514~1160513,無,冷氣、熱水器、洗衣機、冰箱、瓦斯或天然氣、網路,一般代管
永和區,租賃房屋,新北市永和區得和路３７３巷１６弄１４號５樓,0.0,,,,1150516,土地0建物0車位0,五層,5,公寓(5樓含以下無電梯),住家用,鋼筋混凝土造,0690108,18.35,5,1,3,有,無,有,10000,545,,0.0,0,租賃期間有約定不同租金115/05/16-115/05/24為搬遷期免付租金；,RPQPMLTJOHLGFHF96CC,分租雅房,無,1150516~1170515,無,冷氣、熱水器、洗衣機、冰箱、瓦斯或天然氣、網路,一般代管
永和區,租賃房屋,新北市永和區秀朗路二段１４８巷７弄１０號３樓,0.0,,,,1150516,土地0建物0車位0,三層,5,公寓(5樓含以下無電梯),住家用,鋼筋混凝土造,0681214,12.0,5,1,2,有,無,有,11300,942,,0.0,0,租金總額含管理費；網路費；其他清潔費；租賃建物部分範圍，且未計入共有部分面積；,RPRPMLTJOHLGFHF07CC,分租雅房,無,1150518~1160630,無,冷氣、熱水器、洗衣機、冰箱、瓦斯或天然氣、網路,一般轉租
中和區,租賃房屋,新北市中和區連城路２２９號４樓,0.0,,,,1150517,土地0建物0車位0,四層,7,華廈(10層含以下有電梯),住家用,鋼筋混凝土造,0821206,11.0,4,1,1,有,無,有,9500,864,,0.0,0,租金總額含管理費；網路費；其他清潔費；租賃建物部分範圍，且未計入共有部分面積；,RPTPMLTJOHLGFHF27CC,分租雅房,無,1150517~1160516,有,冷氣、熱水器、洗衣機、冰箱、瓦斯或天然氣、網路,一般轉租
中和區,租賃房屋,新北市中和區景平路７５３巷３３號４樓,0.0,,,,1150516,土地0建物0車位0,四層,5,公寓(5樓含以下無電梯),住家用,鋼筋混凝土造,0740301,20.7,6,1,6,有,無,有,13000,628,,0.0,0,租金總額含水費；網路費；其他第四台；租賃期間有約定不同租金115/05/16-115/05/24為搬遷期免付租金；,RPPQMLTJOHLGFHF96CC,分租套房,無,1150516~1160515,無,冷氣、熱水器、洗衣機、電視機、冰箱、有線電視、網路,一般代管
新莊區,租賃房屋,新北市新莊區思源路１８３號１０樓,0.0,,,,1150519,土地0建物0車位0,十層,12,住宅大樓(11層含以上有電梯),住家用,鋼筋混凝土造,0901116,62.41,5,1,2,有,有,有,11100,178,,0.0,0,租金總額含管理費；網路費；其他清潔費；租賃建物部分範圍，且未計入共有部分面積；,RPSNMLKKOHLGFBF18CC,分租雅房,有,1150628~1160627,有,冷氣、熱水器、洗衣機、冰箱、瓦斯或天然氣、網路,一般轉租
泰山區,租賃房屋,新北市泰山區工專路６２巷２弄７號４樓,0.0,,,,1150512,土地0建物1車位0,四層,7,華廈(10層含以下有電梯),住家用,鋼筋混凝土造,0881222,105.99000000000001,3,1,2,有,有,有,14000,132,,0.0,0,續租案件；,RPUNMLKKOHLGFBF38CC,整棟(戶)出租,有,1150516~1160515,有,冷氣、熱水器、洗衣機、電視機、冰箱、瓦斯或天然氣,社會住宅代管
新莊區,租賃房屋,新北市新莊區昌隆街３２號３樓,0.0,,,,1150520,土地0建物0車位0,三層,4,公寓(5樓含以下無電梯),住家用,加強磚造,0660202,9.0,4,1,1,有,無,有,11200,1244,,0.0,0,租金總額含管理費；網路費；其他清潔費；租賃建物部分範圍，且未計入共有部分面積；,RPWOMLKKOHLGFBF68CC,分租雅房,無,1150522~1160521,無,冷氣、熱水器、洗衣機、冰箱、瓦斯或天然氣、網路,一般轉租
新莊區,租賃房屋,新北市新莊區自信街８１巷５號四樓,0.0,,,,1150517,土地0建物1車位0,四層,4,公寓(5樓含以下無電梯),住家用,加強磚造,0651130,80.73,3,2,1,有,無,有,19500,242,,0.0,0,續租案件；,RPQQMLKKOHLGFBF28CC,整棟(戶)出租,無,1150601~1160531,無,冷氣、熱水器、洗衣機、瓦斯或天然氣,社會住宅代管
新店區,租賃房屋,新北市新店區建國路２９１巷１２號２樓,0.0,,,,1150520,土地0建物0車位0,二層,5,公寓(5樓含以下無電梯),工業用,鋼筋混凝土造,0751021,11.0,4,1,2,有,無,有,13500,1227,,0.0,0,租金總額含管理費；網路費；其他清潔費；租賃建物部分範圍，且未計入共有部分面積；,RPPNMLKKOHLGFCF97CC,分租雅房,無,1150620~1160619,無,冷氣、熱水器、洗衣機、冰箱、瓦斯或天然氣、網路,一般轉租
新店區,租賃房屋,新北市新店區溪園路３６５之５號十樓,0.0,,,,1150515,土地0建物1車位0,十層,14,住宅大樓(11層含以上有電梯),住家用,鋼筋混凝土造,0921201,92.55,2,1,2,有,有,有,29000,313,,0.0,0,,RPQOMLKKOHLGFCF18CC,整棟(戶)出租,有,1150525~1180524,有,冷氣、熱水器、洗衣機、瓦斯或天然氣,社會住宅代管
汐止區,租賃房屋,新北市汐止區水源路一段１９４號,0.0,,,,1150518,土地0建物1車位0,一層,5,公寓(5樓含以下無電梯),住商用,鋼筋混凝土造,0701228,44.04,0,0,0,無,無,無,14025,318,,0.0,0,承租1/2的面積租金總額含稅；,RPOOMLKKOHLGFDF08CC,,無,1150519~1200614,無,,
汐止區,租賃房屋,新北市汐止區水源路一段１９４號,0.0,,,,1150518,土地0建物1車位0,一層,5,公寓(5樓含以下無電梯),住商用,鋼筋混凝土造,0701228,44.04,0,0,0,無,無,無,14025,318,,0.0,0,承租1/2的面積租金總額含稅；,RPPOMLKKOHLGFDF18CC,,無,1150519~1200614,無,,
汐止區,租賃房屋,新北市汐止區水源路二段８８巷１弄１２號４樓,0.0,,,,1150516,土地0建物1車位0,四層,4,公寓(5樓含以下無電梯),住家用,鋼筋混凝土造,0690731,85.53,3,1,1,有,無,有,17000,199,,0.0,0,,RPROMLKKOHLGFDF38CC,整棟(戶)出租,無,1150520~1160519,無,冷氣、熱水器、洗衣機,社會住宅代管
淡水區,租賃房屋,新北市淡水區中正東路二段８７之１３號３樓,0.0,,,,1150512,土地0建物1車位0,三層,33,住宅大樓(11層含以上有電梯),住家用,鋼骨鋼筋混凝土造,0880704,41.89,1,0,1,有,有,有,14000,334,,0.0,0,續租案件；,RPROMLKKOHLGFEF48CC,獨立套房,有,1150601~1160531,有,冷氣、熱水器、洗衣機、電視機、冰箱、瓦斯或天然氣、有線電視,社會住宅代管
淡水區,租賃房屋,新北市淡水區濱海路一段３０６巷２０之１號十三樓,0.0,,,,1150513,土地0建物1車位0,十三層,14,住宅大樓(11層含以上有電梯),住家用,鋼筋混凝土造,1031203,99.23,2,2,1,有,有,有,18500,186,,0.0,0,管理費4000元，水電費 瓦斯費 網路費 由承租人負擔,RPWQMLKKOHLGFEF56CC,整棟(戶)出租,有,1150515~1160414,有,冷氣、熱水器、洗衣機、電視機、冰箱、瓦斯或天然氣,社會住宅包租轉租
淡水區,租賃房屋,新北市淡水區水源街一段１４１號五樓,0.0,,,,1150513,土地0建物1車位0,五層,7,華廈(10層含以下有電梯),住家用,鋼筋混凝土造,0851130,218.87,4,2,2,有,有,有,18000,82,,0.0,0,管理費1000元，水電費 瓦斯費 由承租人負擔,RPXQMLKKOHLGFEF66CC,整棟(戶)出租,有,1150515~1180514,有,熱水器、洗衣機、電視機、冰箱,社會住宅包租轉租
三重區,租賃房屋,新北市三重區集美街２４７巷３１弄１０號,0.0,,,,1150515,土地0建物1車位0,一層,6,華廈(10層含以下有電梯),住家用,鋼筋混凝土造,0880309,124.57,4,2,2,有,有,有,30000,241,,0.0,0,多人共同承租4；,RPROMLKKOHLGFGF68CC,整棟(戶)出租,有,1150516~1160515,有,冷氣、熱水器、洗衣機、電視機、冰箱,社會住宅代管
中和區,租賃房屋,新北市中和區中山路二段２２５號３樓之３,0.0,,,,1150515,土地0建物1車位0,三層,8,華廈(10層含以下有電梯),商業用,鋼筋混凝土造,0720728,67.78,2,1,2,有,有,有,20000,295,,0.0,0,續租案件；,RPQOMLKKOHLGFHF68CC,整棟(戶)出租,無,1150520~1160519,有,冷氣、熱水器、洗衣機、電視機、冰箱、瓦斯或天然氣,社會住宅代管
中和區,租賃房屋,新北市中和區連城路７１號三樓之三,0.0,,,,1150515,土地0建物1車位0,三層,11,住宅大樓(11層含以上有電梯),住家用,鋼筋混凝土造,0960719,45.31,1,1,1,有,有,有,18000,397,,0.0,0,,RPWOMLKKOHLGFHF66CC,獨立套房,有,1150522~1170521,有,冷氣、熱水器、洗衣機,社會住宅代管
三峽區,租賃房屋,新北市三峽區復興路４４７號十六樓之４,0.0,,,,1150515,土地0建物1車位0,十六層,16,住宅大樓(11層含以上有電梯),住家用,鋼筋混凝土造,0841013,39.22,1,1,1,有,有,有,12644,322,,0.0,0,管理費356元由出租人負擔續租案件；,RPVOMLKKOHLGFIF66CC,獨立套房,有,1150608~1160607,有,冷氣、熱水器、洗衣機、電視機、冰箱,社會住宅代管
新莊區,租賃房屋,新北市新莊區中原路１２７號四樓之一,0.0,,,,1150516,土地0建物1車位0,四層,14,住宅大樓(11層含以上有電梯),住家用,鋼筋混凝土造,0900713,121.27000000000001,3,2,2,有,有,無,30000,247,,0.0,0,續租案件；,RPSNMLLKOHLGFBF28CC,整棟(戶)出租,有,1150620~1160619,有,熱水器、瓦斯或天然氣,社會住宅代管
五股區,租賃房屋,新北市五股區新城六路２４５號７樓,0.0,,,,1150515,土地0建物1車位0,七層,15,住宅大樓(11層含以上有電梯),集合住宅,鋼筋混凝土造,1040305,108.89,2,2,1,有,有,有,18000,165,,0.0,0,續租案件；,RPSOMLLKOHLGFBF38CC,整棟(戶)出租,有,1150515~1160514,有,冷氣、熱水器、洗衣機、冰箱、瓦斯或天然氣,社會住宅代管
新莊區,租賃房屋,新北市新莊區中平路１５２巷４７弄２２號７樓,0.0,,,,1150515,土地0建物1車位0,七層,11,住宅大樓(11層含以上有電梯),集合住宅,鋼筋混凝土造,1070921,44.5,1,0,1,有,有,有,17500,393,,0.0,0,續租案件；,RPUOMLLKOHLGFBF58CC,獨立套房,有,1150520~1160519,有,冷氣、熱水器、洗衣機、電視機、冰箱、瓦斯或天然氣,社會住宅代管
新店區,租賃房屋,新北市新店區檳榔路３６巷１７號二樓,0.0,,,,1150516,土地0建物1車位0,二層,4,公寓(5樓含以下無電梯),住家用,鋼筋混凝土造,0661102,75.03,3,2,1,有,無,無,19000,253,,0.0,0,續租案件；,RPTNMLLKOHLGFCF48CC,整棟(戶)出租,無,1150516~1160515,無,熱水器,社會住宅代管
汐止區,租賃房屋,新北市汐止區湖前街１１０巷９７弄１-５號５樓,0.0,,,,1150517,土地0建物1車位0,五層,25,住宅大樓(11層含以上有電梯),住家用,鋼筋混凝土造,0881202,82.76,2,2,1,有,有,有,24123,291,,0.0,0,,RPXNMLLKOHLGFDF98CC,整棟(戶)出租,有,1150529~1160528,有,冷氣、熱水器、洗衣機、瓦斯或天然氣,
汐止區,租賃房屋,新北市汐止區鄉長路一段３１號１３樓之７,0.0,,,,1150516,土地0建物1車位0,十三層,28,住宅大樓(11層含以上有電梯),住家用,鋼筋混凝土造,0860111,83.5,3,1,2,有,有,有,21000,251,,0.0,0,續租案件；,RPPOMLLKOHLGFDF28CC,整棟(戶)出租,有,1150605~1160604,有,冷氣、熱水器、瓦斯或天然氣,社會住宅代管
淡水區,租賃房屋,新北市淡水區沙崙路一段１２１號二樓,0.0,,,,1150517,土地0建物1車位0,二層,23,住宅大樓(11層含以上有電梯),住家用,鋼筋混凝土造,1080306,82.75,2,1,1,有,有,有,16248,196,,0.0,0,不承租車位已扣除車位面積。,RPXNMLLKOHLGFEF09CC,整棟(戶)出租,有,1150601~1160531,有,冷氣、熱水器、洗衣機、電視機、冰箱、瓦斯或天然氣,
淡水區,租賃房屋,新北市淡水區新民街一段３３之１號十七樓,0.0,,,,1150518,土地0建物1車位0,十七層,17,住宅大樓(11層含以上有電梯),住家用,鋼筋混凝土造,0981225,73.74000000000001,2,2,1,有,有,有,15900,216,,0.0,0,1.租金已扣除管理費1100元。2.不承租車位已扣除車位面積。,RPUOMLLKOHLGFEF88CC,整棟(戶)出租,有,1150913~1160912,有,冷氣、熱水器、洗衣機、電視機、冰箱、瓦斯或天然氣,
淡水區,租賃房屋,新北市淡水區新民街１８０巷７弄２１號３樓,0.0,,,,1150518,土地0建物1車位0,三層,5,公寓(5樓含以下無電梯),住家用,鋼筋混凝土造,0780822,37.35,1,1,1,有,無,有,6000,161,,0.0,0,續租案件；,RPRPMLLKOHLGFEF68CC,獨立套房,有,1150601~1160614,無,冷氣、熱水器、洗衣機、電視機、冰箱,社會住宅包租轉租
淡水區,租賃房屋,新北市淡水區淡金路２８號十五樓,0.0,,,,1150515,土地0建物1車位0,十五層,22,住宅大樓(11層含以上有電梯),住家用,鋼筋混凝土造,0821224,119.25,3,2,2,有,有,有,24000,201,,0.0,0,,RPWPMLLKOHLGFEF56CC,整棟(戶)出租,有,1150516~1160515,有,冷氣、熱水器、瓦斯或天然氣,社會住宅包租轉租
淡水區,租賃房屋,新北市淡水區中正路二段３８號二十八樓,0.0,,,,1150517,土地0建物1車位0,二十八層,29,住宅大樓(11層含以上有電梯),住家用,鋼筋混凝土造,1061026,213.32,3,2,1,有,有,有,15000,70,,0.0,0,多人共同承租2；未租賃車位，建物登記含有車位面積；續租案件；,RPXPMLLKOHLGFEF66CC,整棟(戶)出租,有,1150520~1160519,有,冷氣、熱水器、洗衣機、電視機、冰箱、瓦斯或天然氣,社會住宅代管
中和區,租賃房屋,新北市中和區連城路３６８號三樓,0.0,,,,1150516,土地0建物1車位0,三層,5,公寓(5樓含以下無電梯),住家用,鋼筋混凝土造,0690723,82.52,2,1,1,有,無,有,18000,218,,0.0,0,管理費元，水電費 瓦斯費 由承租人負擔續租案件；,RPPNMLLKOHLGFHF58CC,整棟(戶)出租,無,1150601~1160531,無,冷氣、熱水器、瓦斯或天然氣,社會住宅代管
中和區,租賃房屋,新北市中和區連城路５６９巷６弄２號３樓,0.0,,,,1150513,土地0建物1車位0,三層,5,公寓(5樓含以下無電梯),住家用,鋼筋混凝土造,0820927,80.91,3,2,2,有,無,無,23000,284,,0.0,0,,RPQNMLLKOHLGFHF68CC,整棟(戶)出租,無,1150520~1160519,無,熱水器、瓦斯或天然氣,
中和區,租賃房屋+車位,新北市中和區員山路３２２之３號３樓,0.0,,,,1150520,土地0建物1車位1,三層,18,住宅大樓(11層含以上有電梯),集合住宅,鋼筋混凝土構造,1060110,133.44,2,1,1,有,有,有,33000,247,坡道平面,40.63,0,租金總額含管理費；,RPUNMLLKOHLGFHF09CC,整棟(戶)出租,有,1150525~1160524,有,冷氣、熱水器、洗衣機、電視機、冰箱、瓦斯或天然氣,
永和區,租賃房屋,新北市永和區福和路３８９號１１樓之１,0.0,,,,1150520,土地0建物1車位0,十一層,11,辦公商業大樓,商業用,鋼筋混凝土造,0801111,248.24,0,0,0,無,有,無,60000,242,,0.0,0,租賃範圍不含瞭望台，免收租金裝潢期115/5/20-115/6/19，租金總額含管理費；,RPVNMLLKOHLGFHF56CC,,有,1150620~1180619,有,冷氣,
中和區,租賃房屋,新北市中和區安平路１號六樓,0.0,,,,1150515,土地0建物1車位0,六層,7,華廈(10層含以下有電梯),集合住宅,鋼筋混凝土構造,1001104,104.66,2,2,2,有,有,有,31500,301,,0.0,0,續租案件；,RPUPMLLKOHLGFHF66CC,整棟(戶)出租,有,1150605~1160604,有,冷氣、熱水器、洗衣機、電視機、冰箱、瓦斯或天然氣,社會住宅代管
樹林區,租賃房屋,新北市樹林區忠孝街４３巷２７號三樓,0.0,,,,1150516,土地0建物1車位0,三層,9,華廈(10層含以下有電梯),住家用,鋼筋混凝土造,0900103,106.25,3,2,2,有,有,有,25000,235,,0.0,0,續租案件；,RPPNMLLKOHLGFIF68CC,整棟(戶)出租,有,1150620~1160619,有,冷氣、熱水器、電視機、瓦斯或天然氣,社會住宅代管
樹林區,租賃房屋,新北市樹林區大安路３２３巷１１號４樓,0.0,,,,1150515,土地0建物1車位0,四層,5,公寓(5樓含以下無電梯),住家用,鋼筋混凝土造,0810702,145.77,3,1,2,有,無,無,20000,137,,0.0,0,續租案件；,RPUNMLLKOHLGFIF56CC,整棟(戶)出租,無,1150525~1160524,無,冷氣、熱水器、瓦斯或天然氣,社會住宅代管
三峽區,租賃房屋,新北市三峽區長泰街２５之１號五樓,0.0,,,,1150515,土地0建物1車位0,五層,10,華廈(10層含以下有電梯),集合住宅,鋼筋混凝土造,1040729,132.86,2,1,1,有,有,有,16000,120,,0.0,0,未租賃車位，建物登記含有車位面積；,RPSOMLLKOHLGFIF09CC,整棟(戶)出租,有,1150520~1180519,有,冷氣、熱水器、洗衣機、冰箱、瓦斯或天然氣,社會住宅包租轉租
板橋區,租賃房屋+車位,新北市板橋區樂群路３８號六樓之２,0.0,,,,1150516,土地0建物1車位1,六層,24,住宅大樓(11層含以上有電梯),集合住宅,鋼筋混凝土造,1070104,205.15,3,2,2,有,有,有,32000,156,坡道平面,31.65,0,租金總額含管理費；未租賃車位，建物登記含有車位面積；,RPPNMLMKOHLGFAF97CC,整棟(戶)出租,有,1150605~1160604,有,冷氣、熱水器,一般代管
板橋區,租賃房屋,新北市板橋區後菜園街２８號,0.0,,,,1150520,土地0建物0車位0,全,3,透天厝,住家用,鋼筋混凝土加強磚造,0661111,20.0,4,0,4,有,無,有,15500,775,,0.0,0,,RPUNMLMKOHLGFAF48CC,分租套房,無,1150701~1160630,無,冷氣、熱水器、洗衣機、電視機、冰箱,一般轉租
板橋區,租賃房屋,新北市板橋區三民路二段１０９巷２４號三樓,0.0,,,,1150514,土地0建物1車位0,三層,4,公寓(5樓含以下無電梯),住家用,鋼筋混凝土造,0680327,106.37,3,2,2,有,無,無,7500,71,,0.0,0,水電費 瓦斯費 由承租人負擔續租案件；,RPVNMLMKOHLGFAF58CC,整棟(戶)出租,無,1150601~1160531,無,熱水器、瓦斯或天然氣,社會住宅代管
板橋區,租賃房屋,新北市板橋區華江六路６號十二樓之３,0.0,,,,1150516,土地0建物1車位0,十二層,12,住宅大樓(11層含以上有電梯),集合住宅,鋼筋混凝土造,1130902,132.16,3,1,1,有,有,無,15000,113,,0.0,0,未租賃車位，建物登記含有車位面積；續租案件；,RPTPMLMKOHLGFAF58CC,整棟(戶)出租,有,1150623~1160622,有,冷氣、熱水器、瓦斯或天然氣,社會住宅代管
土城區,租賃房屋,新北市土城區延峰街２９巷３３號四樓,0.0,,,,1150519,土地0建物1車位0,四層,5,公寓(5樓含以下無電梯),住家用,鋼筋混凝土造,0740430,91.01,3,2,2,有,無,有,20000,220,,0.0,0,續租案件；,RPVPMLMKOHLGFAF78CC,整棟(戶)出租,無,1150701~1160630,無,冷氣、熱水器、電視機、冰箱、瓦斯或天然氣,社會住宅代管
新店區,租賃房屋,新北市新店區中央路４５號,0.0,,,,1150517,土地0建物1車位0,一層,12,住宅大樓(11層含以上有電梯),商業用,鋼筋混凝土造,0870722,110.45,0,0,0,無,有,無,75000,679,,0.0,0,租金總額含稅；租賃期間有約定不同租金第一~第二年租金每月75000元 ，第三~第五年租金每月80000元；,RPROMLMKOHLGFCF48CC,,有,1150601~1200531,有,,
新店區,租賃房屋,新北市新店區永安街８３巷１４號九樓之一,0.0,,,,1150516,土地0建物1車位0,九層,12,住宅大樓(11層含以上有電梯),住家用,鋼筋混凝土造,0830430,53.730000000000004,2,1,1,有,有,有,19500,363,,0.0,0,,RPUOMLMKOHLGFCF78CC,整棟(戶)出租,無,1150605~1180604,有,冷氣、熱水器、電視機、冰箱、瓦斯或天然氣,社會住宅包租轉租
新店區,租賃房屋,新北市新店區達觀路８巷２號十三樓之一,0.0,,,,1150518,土地0建物1車位0,十三層,19,住宅大樓(11層含以上有電梯),住家用,鋼筋混凝土造,0850627,68.49000000000001,2,1,1,有,有,有,12500,183,,0.0,0,續租案件；,RPVOMLMKOHLGFCF88CC,整棟(戶)出租,有,1150701~1160602,有,冷氣、熱水器、洗衣機、冰箱,社會住宅代管
新店區,租賃房屋,新北市新店區北宜路２段３５３之３號四樓,0.0,,,,1150515,土地0建物1車位0,四層,14,住宅大樓(11層含以上有電梯),住家用,鋼筋混凝土造,0910422,88.46000000000001,3,1,2,有,有,有,19800,224,,0.0,0,多人共同承租2；,RPWOMLMKOHLGFCF98CC,整棟(戶)出租,有,1150520~1160519,有,冷氣、熱水器、洗衣機、瓦斯或天然氣,社會住宅包租轉租
汐止區,租賃房屋,新北市汐止區湖前街１１０巷９７弄３之２號１３樓,0.0,,,,1150520,土地0建物1車位0,十三層,25,住宅大樓(11層含以上有電梯),住家用,鋼筋混凝土造,0881202,107.61999999999999,3,2,2,有,有,有,28000,260,,0.0,0,,RPOOMLMKOHLGFDF28CC,整棟(戶)出租,有,1150525~1160524,有,冷氣、熱水器、瓦斯或天然氣,社會住宅代管
汐止區,租賃房屋,新北市汐止區福德一路１２巷４３號四樓,0.0,,,,1150516,土地0建物1車位0,四層,16,住宅大樓(11層含以上有電梯),住家用,鋼筋混凝土造,0850215,109.8,3,1,2,有,有,有,13000,118,,0.0,0,續租案件；,RPVOMLMKOHLGFDF98CC,整棟(戶)出租,有,1150623~1160622,有,冷氣、熱水器、洗衣機、電視機、冰箱、瓦斯或天然氣,社會住宅代管
永和區,租賃房屋,新北市永和區竹林路３９巷６弄１２號４樓,0.0,,,,1150514,土地0建物0車位0,四層,4,公寓(5樓含以下無電梯),住家用,Ｒ‧Ｃ造,0630701,15.9,4,0,4,有,無,無,9900,623,,0.0,0,,RPVOMLMKOHLGFHF76CC,分租套房,無,1150610~1160609,無,冷氣、洗衣機、冰箱,一般轉租
中和區,租賃房屋,新北市中和區中興街２０８號,0.0,,,,1150518,土地0建物1車位0,一層,15,住宅大樓(11層含以上有電梯),住家用,鋼筋混凝土造,0971009,81.93,1,1,1,有,有,有,19800,242,,0.0,0,未租賃車位，建物登記含有車位面積；,RPXOMLMKOHLGFHF96CC,獨立套房,有,1150521~1160520,有,冷氣、熱水器、洗衣機、電視機、冰箱、瓦斯或天然氣,社會住宅包租轉租
鶯歌區,租賃房屋,新北市鶯歌區尖山路１０１巷７弄１６號三樓,0.0,,,,1150518,土地0建物1車位0,三層,4,公寓(5樓含以下無電梯),住家用,鋼筋混凝土造,,82.22,3,2,1,有,無,有,13000,158,,0.0,0,,RPVNMLMKOHLGFIF76CC,整棟(戶)出租,無,1150601~1160531,無,冷氣、熱水器,社會住宅代管
三重區,租賃房屋,新北市三重區福德南路４８號１６樓之１,0.0,,,,1150515,土地0建物1車位0,十六層,17,住宅大樓(11層含以上有電梯),住家用,鋼筋混凝土造,0890827,32.19,1,1,1,有,有,有,15000,466,,0.0,0,另有管理費800元，由承租人負擔。,RPQNMLNKOHLGFGF78CC,獨立套房,有,1150517~1160516,有,冷氣、熱水器、洗衣機、電視機、冰箱,社會住宅包租轉租
永和區,租賃房屋,新北市永和區豫溪街１９１巷７弄２４號１樓,0.0,,,,1150515,土地0建物0車位0,一層,4,公寓(5樓含以下無電梯),住家用,加強磚造,0641018,17.5,4,1,1,有,無,有,11980,685,,0.0,0,租金總額含管理費；網路費；,RPQNMLNKOHLGFHF88CC,分租雅房,無,1150515~1160514,無,冷氣、熱水器、洗衣機、冰箱、瓦斯或天然氣、網路,一般轉租
永和區,租賃房屋,新北市永和區豫溪街１９１巷７弄２４號１樓,0.0,,,,1150515,土地0建物0車位0,一層,4,公寓(5樓含以下無電梯),住家用,加強磚造,0641018,17.5,4,1,1,有,無,有,8980,513,,0.0,0,租金總額含管理費；網路費；,RPRNMLNKOHLGFHF98CC,分租雅房,無,1150515~1160514,無,冷氣、熱水器、洗衣機、冰箱、瓦斯或天然氣、網路,一般轉租
板橋區,租賃房屋,新北市板橋區重慶路２４５巷５０弄５１之１號４樓,0.0,,,,1150517,土地0建物0車位0,四層,4,公寓(5樓含以下無電梯),住家用,鋼筋混凝土造,0650720,48.52,4,2,4,有,無,有,24500,505,,0.0,0,多人共同承租2；租金總額含水費；網路費；其他第四台；租賃期間有約定不同租金115/05/17-115/05/21為搬遷期免付租金；,RPQNMLOKOHLGFAF28CC,分租套房,無,1150517~1160516,無,冷氣、熱水器、洗衣機、電視機、冰箱、有線電視、網路,一般代管
板橋區,租賃房屋,新北市板橋區重慶路２４５巷５０弄５１之１號４樓,0.0,,,,1150517,土地0建物0車位0,四層,4,公寓(5樓含以下無電梯),住家用,鋼筋混凝土造,0650720,48.52,4,2,4,有,無,有,24500,505,,0.0,0,多人共同承租2；租金總額含水費；網路費；其他第四台；租賃期間有約定不同租金115/05/17-115/05/20為搬遷期免付租金；,RPSNMLOKOHLGFAF48CC,分租套房,無,1150517~1160516,無,冷氣、熱水器、洗衣機、電視機、冰箱、有線電視、網路,一般代管
板橋區,租賃房屋,新北市板橋區重慶路２４５巷５０弄５１之１號４樓,0.0,,,,1150519,土地0建物0車位0,四層,4,公寓(5樓含以下無電梯),住家用,鋼筋混凝土造,0650720,24.26,4,2,4,有,無,有,18500,763,,0.0,0,租金總額含水費；網路費；其他第四台；租賃期間有約定不同租金115/05/19-115/05/26為搬遷期免付租金；,RPTNMLOKOHLGFAF58CC,分租套房,無,1150519~1160518,無,冷氣、熱水器、洗衣機、電視機、冰箱、有線電視、網路,一般代管
新莊區,租賃房屋,新北市新莊區建安街１０號１２樓,0.0,,,,1150517,土地0建物1車位0,十二層,12,住宅大樓(11層含以上有電梯),住家用,鋼筋混凝土造,0850810,102.1,3,2,2,有,有,有,28000,274,,0.0,0,續租案件；,RPQNMLOKOHLGFBF38CC,整棟(戶)出租,有,1150611~1160610,有,冷氣、熱水器、洗衣機、電視機、冰箱、瓦斯或天然氣,一般代管
林口區,租賃房屋,新北市林口區文化北路一段６０巷６３號八樓,0.0,,,,1150516,土地0建物1車位0,八層,13,住宅大樓(11層含以上有電梯),集合住宅,鋼筋混凝土造,1120804,87.24,2,1,2,有,有,有,27500,315,,0.0,0,管理費700元，水電費 瓦斯費 由承租人負擔續租案件；,RPTNMLOKOHLGFBF68CC,整棟(戶)出租,有,1150601~1160531,有,冷氣、熱水器、洗衣機、電視機、冰箱、瓦斯或天然氣,社會住宅代管
淡水區,租賃房屋+車位,新北市淡水區濱海路一段３０６巷６０弄６８號９樓,0.0,,,,1150516,土地0建物1車位1,九層,15,住宅大樓(11層含以上有電梯),集合住宅,鋼筋混凝土造,1140805,126.41,2,1,1,有,有,有,20000,158,坡道平面,31.91,0,管理費2300元，水電費 瓦斯費 網路費 由承租人負擔,RPVNMLOKOHLGFEF56CC,整棟(戶)出租,有,1150516~1160515,有,冷氣、熱水器、洗衣機、電視機、冰箱、瓦斯或天然氣,社會住宅代管
三芝區,租賃房屋,新北市三芝區公正街２５號三樓,0.0,,,,1150516,土地0建物1車位0,三層,7,華廈(10層含以下有電梯),住家用,鋼筋混凝土造,0830921,82.13,3,2,1,有,有,無,6000,73,,0.0,0,管理費780元，水電費 瓦斯費 由承租人負擔續租案件；,RPWNMLOKOHLGFEF66CC,整棟(戶)出租,有,1150601~1160531,有,冷氣、熱水器,社會住宅代管
三重區,租賃房屋,新北市三重區力行路二段９４號２樓,0.0,,,,1150517,土地0建物0車位0,二層,5,公寓(5樓含以下無電梯),住家用,鋼筋混凝土造,0691230,17.2,5,1,4,有,無,有,16300,948,,0.0,0,多人共同承租2；租金總額含水費；網路費；租賃期間有約定不同租金115/05/17-115/05/24為搬遷期免付租金；,RPSNMLOKOHLGFGF09CC,分租套房,無,1150517~1170516,無,冷氣、熱水器、洗衣機、電視機、冰箱、網路,一般代管
三重區,租賃房屋,新北市三重區力行路二段９４號２樓,0.0,,,,1150517,土地0建物0車位0,二層,5,公寓(5樓含以下無電梯),住家用,鋼筋混凝土造,0691230,17.2,5,1,4,有,無,有,18200,1058,,0.0,0,租金總額含水費；網路費；,RPTNMLOKOHLGFGF56CC,分租套房,無,1150517~1170630,無,冷氣、熱水器、洗衣機、冰箱、網路,一般代管
中和區,租賃房屋,新北市中和區安平路１３６號５樓,0.0,,,,1150518,土地0建物0車位0,五層,5,公寓(5樓含以下無電梯),住家用,鋼筋混凝土造,0671104,39.21,5,3,3,有,無,有,23000,587,,0.0,0,租金總額含網路費；其他第四台；續租案件；,RPQNMLOKOHLGFHF98CC,分租套房,無,1150601~1160531,無,冷氣、熱水器、洗衣機、電視機、冰箱、有線電視、網路,一般代管
永和區,租賃房屋,新北市永和區得和路３７３巷１６弄１４號５樓,0.0,,,,1150518,土地0建物0車位0,五層,5,公寓(5樓含以下無電梯),住家用,鋼筋混凝土造,0690108,18.35,5,1,3,有,無,有,17000,926,,0.0,0,多人共同承租2；租賃期間有約定不同租金115/05/18-115/05/27為搬遷期免付租金；,RPSNMLOKOHLGFHF56CC,分租套房,無,1150518~1160831,無,冷氣、熱水器、洗衣機、冰箱、瓦斯或天然氣、網路,一般代管
板橋區,租賃房屋,新北市板橋區南雅西路二段１２３巷９號５樓,0.0,,,,1150518,土地0建物0車位0,五層,5,華廈(10層含以下有電梯),住家用,鋼筋混凝土造,0701215,21.95,5,1,5,有,無,有,15000,683,,0.0,0,租金總額含管理費；水費；瓦斯費；網路費；其他第四台；,RPRQMLPKOHLGFAF78CC,分租套房,無,1150518~1160517,有,冷氣、熱水器、洗衣機、電視機、冰箱、瓦斯或天然氣、有線電視、網路,一般代管
板橋區,租賃房屋,新北市板橋區大智街４６號四樓,0.0,,,,1150518,土地0建物1車位0,四層,5,公寓(5樓含以下無電梯),住家用,鋼筋混凝土造,0690627,99.71,3,1,2,有,無,有,16000,160,,0.0,0,續租案件；,RPPRMLPKOHLGFAF68CC,整棟(戶)出租,無,1150701~1160630,無,冷氣、熱水器,社會住宅代管
板橋區,租賃房屋,新北市板橋區介壽街８４巷５０號二樓,0.0,,,,1150518,土地0建物1車位0,二層,4,公寓(5樓含以下無電梯),住家用,鋼筋混凝土造,,71.91,4,2,2,有,無,無,21000,292,,0.0,0,續租案件；,RPQRMLPKOHLGFAF78CC,整棟(戶)出租,無,1150610~1160609,無,冷氣、熱水器,社會住宅代管
林口區,租賃房屋+車位,新北市林口區文化三路２段４１巷２２號,18.51,住,,,1150518,土地1建物1車位1,一層,15,店面(店鋪),日用品零售業,鋼筋混凝土造,1140728,140.93,0,1,1,有,有,無,50000,355,坡道平面,32.07,0,自民國115年5月20日起，至民國125年6月19日止。115年5月20日至115年6月19日為裝潢期不收租金，水、電費及可歸責乙方之事由均由乙方負責。但乙方如在裝潢期內終止契約時，乙方仍需支付裝潢期之金，該租金不壹個月，以壹個月之租金計算之。租金起算日：115年6月20號。因甲方已先行墊付陸個月管理費，故乙方應將前陸個月管理費支付甲方。,RPOOMLPKOHLGFBF38CC,,有,1150520~1250619,有,,
林口區,租賃房屋,新北市林口區仁愛路一段３８６巷２號２樓之５,10.11,商,,,1150520,土地2建物1車位0,二層,10,華廈(10層含以下有電梯),一般事務所及工商服務業,鋼筋混凝土造,0960425,70.84,4,1,2,有,有,無,25500,360,,0.0,0,含增建或未登記建物；,RPVOMLPKOHLGFBF09CC,整棟(戶)出租,有,1150520~1160519,有,冷氣、洗衣機、瓦斯或天然氣,
新莊區,租賃房屋,新北市新莊區中和街１０８巷１０號３樓,0.0,,,,1150518,土地0建物1車位0,三層,5,公寓(5樓含以下無電梯),住家用,鋼筋混凝土造,0760413,92.1,3,2,2,有,無,無,27000,293,,0.0,0,水電費 瓦斯費 由承租人負擔續租案件；,RPXQMLPKOHLGFBF86CC,整棟(戶)出租,無,1150601~1160531,無,冷氣、熱水器、瓦斯或天然氣,社會住宅代管
新莊區,租賃房屋,新北市新莊區西盛街１６１號二樓,0.0,,,,1150519,土地0建物1車位0,二層,16,住宅大樓(11層含以上有電梯),住家用,鋼筋混凝土造,0811022,100.88,2,2,1,有,有,無,15000,149,,0.0,0,續租案件；,RPQRMLPKOHLGFBF88CC,整棟(戶)出租,有,1150605~1160604,有,冷氣、熱水器、洗衣機、冰箱,社會住宅代管
新莊區,租賃房屋,新北市新莊區中港路３３９巷３２號三樓,0.0,,,,1150518,土地0建物1車位0,三層,4,公寓(5樓含以下無電梯),住家用,加強磚造,0620630,71.59,3,1,1,有,無,有,7000,98,,0.0,0,續租案件；,RPRRMLPKOHLGFBF98CC,整棟(戶)出租,無,1150610~1160609,無,冷氣、熱水器、洗衣機、電視機、冰箱,社會住宅代管
泰山區,租賃房屋,新北市泰山區仁義路１８３號三樓,0.0,,,,1150518,土地0建物1車位0,三層,14,住宅大樓(11層含以上有電梯),住家用,鋼筋混凝土造,0920818,130.59,3,2,1,有,有,有,26000,199,,0.0,0,未租賃車位，建物登記含有車位面積；續租案件；,RPSRMLPKOHLGFBF09CC,整棟(戶)出租,有,1150601~1160531,有,冷氣、熱水器,社會住宅代管
五股區,租賃房屋,新北市五股區中興路四段４７巷４號三樓,0.0,,,,1150518,土地0建物1車位0,三層,5,公寓(5樓含以下無電梯),住家用,鋼筋混凝土造,0720801,94.65,3,1,1,有,無,有,15000,158,,0.0,0,續租案件；,RPTRMLPKOHLGFBF56CC,整棟(戶)出租,無,1150606~1160605,無,冷氣、熱水器、洗衣機、電視機、冰箱,社會住宅代管
三芝區,租賃房屋,新北市三芝區淡金路二段５３號,0.0,,,,1150518,土地0建物1車位0,一層,12,住宅大樓(11層含以上有電梯),住家用,鋼筋混凝土造,0850430,118.97,3,2,1,有,有,有,11000,92,,0.0,0,管理費1500元，水電費 瓦斯費 由承租人負擔續租案件；,RPXPMLPKOHLGFEF07CC,整棟(戶)出租,有,1150601~1160531,有,冷氣、熱水器、洗衣機、冰箱,社會住宅代管
淡水區,租賃房屋,新北市淡水區學府路１２８巷１號２樓,0.0,,,,1150517,土地0建物1車位0,二層,7,華廈(10層含以下有電梯),住家用,鋼筋混凝土造,0800314,33.09,1,0,1,有,無,有,8500,257,,0.0,0,水電費 瓦斯費 由承租人負擔續租案件；,RPOQMLPKOHLGFEF88CC,獨立套房,無,1150522~1160521,有,冷氣、熱水器、洗衣機、電視機、冰箱、瓦斯或天然氣、有線電視,社會住宅代管
淡水區,租賃房屋+車位,新北市淡水區義山路一段２０８號６樓,0.0,,,,1150520,土地0建物1車位1,六層,15,住宅大樓(11層含以上有電梯),住家用,鋼筋混凝土造,1040316,160.72,3,2,2,有,有,無,22500,140,坡道平面,30.11,0,管理費3500元，水電費 瓦斯費 由承租人負擔,RPPQMLPKOHLGFEF98CC,整棟(戶)出租,有,1150601~1160531,有,冷氣、熱水器、瓦斯或天然氣,社會住宅代管
八里區,租賃房屋,新北市八里區中山路一段６５巷１７號三樓,0.0,,,,1150518,土地0建物1車位0,三層,15,住宅大樓(11層含以上有電梯),住家用,鋼筋混凝土造,0840812,110.75,3,2,2,有,有,有,13000,117,,0.0,0,續租案件；,RPQQMLPKOHLGFEF09CC,整棟(戶)出租,有,1150531~1160530,有,冷氣、熱水器、洗衣機、冰箱,社會住宅代管
淡水區,租賃房屋,新北市淡水區沙崙路１２２號四樓,0.0,,,,1150519,土地0建物1車位0,四層,19,住宅大樓(11層含以上有電梯),住家用,鋼筋混凝土造,0840503,105.33000000000001,3,2,2,有,有,無,17000,161,,0.0,0,續租案件；,RPRQMLPKOHLGFEF56CC,整棟(戶)出租,有,1150520~1160519,有,冷氣、熱水器,社會住宅代管
淡水區,租賃房屋,新北市淡水區淡金路２３號十一樓之８,0.0,,,,1150519,土地0建物1車位0,十一層,29,住宅大樓(11層含以上有電梯),住家用,鋼筋混凝土造,0970909,55.739999999999995,1,1,1,有,有,有,14200,255,,0.0,0,續租案件；,RPSQMLPKOHLGFEF66CC,獨立套房,有,1150612~1160611,有,冷氣、熱水器、洗衣機、電視機、冰箱,社會住宅代管
三重區,租賃房屋,新北市三重區三和路三段１６巷４２號四樓,0.0,,,,1150518,土地0建物1車位0,四層,4,公寓(5樓含以下無電梯),住家用,鋼筋混凝土造,0680806,38.0,2,1,1,有,無,有,26000,684,,0.0,0,,RPSOMLPKOHLGFGF66CC,整棟(戶)出租,無,1150601~1160531,無,冷氣、熱水器、洗衣機、電視機、冰箱、瓦斯或天然氣,社會住宅代管
三重區,租賃房屋,新北市三重區大有街５８號五樓之九,0.0,,,,1150519,土地0建物1車位0,五層,15,住宅大樓(11層含以上有電梯),集合住宅,鋼筋混凝土造,1130903,92.08,3,2,2,有,有,無,28000,304,,0.0,0,管理費2368元，水電費 瓦斯費 網路費 由承租人負擔共兩位共住人多人共同承租2；,RPURMLPKOHLGFGF17CC,整棟(戶)出租,有,1150519~1160518,有,冷氣、熱水器、瓦斯或天然氣,社會住宅代管
永和區,租賃房屋,新北市永和區保平路２８２號５樓,0.0,,,,1150517,土地0建物1車位0,五層,5,公寓(5樓含以下無電梯),住家用,鋼筋混凝土造,0670921,69.0,3,1,1,有,無,有,25000,362,,0.0,0,多人共同承租2；,RPTQMLPKOHLGFHF07CC,整棟(戶)出租,無,1150701~1160630,無,冷氣、熱水器、洗衣機、冰箱、瓦斯或天然氣,一般代管
永和區,租賃房屋,新北市永和區民生路８５巷５號三樓,0.0,,,,1150518,土地0建物1車位0,三層,4,公寓(5樓含以下無電梯),住家用,加強磚造,0630827,74.5,3,2,1,有,無,有,26500,356,,0.0,0,,RPPSMLPKOHLGFHF86CC,整棟(戶)出租,無,1150525~1160524,無,冷氣、熱水器、電視機、冰箱、瓦斯或天然氣,社會住宅代管
中和區,租賃房屋,新北市中和區保健路７巷４號三樓,0.0,,,,1150518,土地0建物1車位0,三層,4,公寓(5樓含以下無電梯),住家用,加強磚造,0600521,100.19,3,2,1,有,無,有,28500,284,,0.0,0,,RPQSMLPKOHLGFHF96CC,整棟(戶)出租,無,1150520~1180519,無,冷氣、熱水器、瓦斯或天然氣,社會住宅代管
中和區,租賃房屋,新北市中和區景平路５１２號五樓,0.0,,,,1150519,土地0建物1車位0,五層,5,公寓(5樓含以下無電梯),住家用,鋼筋混凝土造,0701002,95.46,3,2,1,有,無,有,23000,241,,0.0,0,多人共同承租3；續租案件；,RPSSMLPKOHLGFHF17CC,整棟(戶)出租,無,1150602~1160430,無,冷氣、熱水器、洗衣機、冰箱,社會住宅代管
三峽區,租賃房屋,新北市三峽區中山路２７７巷１９號六樓,0.0,,,,1150519,土地0建物1車位0,六層,6,華廈(10層含以下有電梯),住家用,鋼筋混凝土造,0790731,171.51,4,2,2,有,有,無,17000,99,,0.0,0,管理費700元，水電費  由承租人負擔續租案件；,RPRNMLPKOHLGFIF66CC,整棟(戶)出租,有,1150605~1160604,有,熱水器,社會住宅代管
鶯歌區,租賃房屋,新北市鶯歌區鳳三路６１號十樓,0.0,,,,1150518,土地0建物1車位0,十層,11,住宅大樓(11層含以上有電梯),集合住宅,鋼筋混凝土造,1130701,115.28999999999999,2,1,2,有,有,無,16900,147,,0.0,0,未租賃車位，建物登記含有車位面積；,RPVOMLPKOHLGFIF17CC,整棟(戶)出租,有,1150525~1160524,有,冷氣、熱水器、洗衣機,社會住宅代管
板橋區,租賃房屋,新北市板橋區縣民大道二段２００巷３１號,0.0,,,,1150518,土地0建物1車位0,一層,4,店面(店鋪),工業用,鋼筋混凝土造,0690708,92.97,0,0,0,無,無,無,50000,538,,0.0,0,,RPPOMLQKOHLGFAF48CC,,無,1150801~1170731,無,,
板橋區,租賃房屋,新北市板橋區懷德街１２７巷２３弄１３號三樓,0.0,,,,1150520,土地0建物1車位0,三層,5,公寓(5樓含以下無電梯),住家用,鋼筋混凝土造,,93.5,3,1,2,有,無,無,15000,160,,0.0,0,,RPPQMLQKOHLGFAF68CC,整棟(戶)出租,無,1150625~1160624,無,熱水器,社會住宅代管
板橋區,租賃房屋,新北市板橋區懷德街１２７巷２３弄１３號四樓,0.0,,,,1150520,土地0建物1車位0,四層,5,公寓(5樓含以下無電梯),住家用,鋼筋混凝土造,,93.5,3,1,1,有,無,無,13000,139,,0.0,0,,RPWQMLQKOHLGFAF76CC,整棟(戶)出租,無,1150625~1160624,無,熱水器,社會住宅代管
新莊區,租賃房屋,新北市新莊區建中街１６巷２２弄５號,0.0,,,,1150520,土地0建物0車位0,一層,4,公寓(5樓含以下無電梯),住家用,加強磚造,0641222,17.09,5,1,5,有,無,有,8000,468,,0.0,0,租金總額含水費；瓦斯費；網路費；其他第四台；續租案件；,RPOQMLQKOHLGFBF68CC,分租套房,無,1150601~1160531,無,冷氣、熱水器、洗衣機、電視機、冰箱、瓦斯或天然氣、有線電視、網路,一般代管
三重區,租賃房屋,新北市三重區長樂街２４號５樓,0.0,,,,1150519,土地0建物0車位0,五層,5,公寓(5樓含以下無電梯),住家用,鋼筋混凝土造,0710924,10.79,5,0,5,有,無,無,8800,816,,0.0,0,,RPRPMLQKOHLGFGF76CC,分租套房,無,1150508~1160507,無,冷氣,
永和區,租賃房屋,新北市永和區文化路１４９巷２２號３樓,0.0,,,,1150520,土地0建物0車位0,三層,5,公寓(5樓含以下無電梯),住家用,鋼筋混凝土造,0770205,8.68,4,1,2,有,無,有,10000,1152,,0.0,0,租金總額含管理費；網路費；租賃建物部分範圍，且未計入共有部分面積；,RPPOMLQKOHLGFHF56CC,分租雅房,無,1150601~1160531,無,冷氣、熱水器、洗衣機、冰箱、瓦斯或天然氣、網路,一般轉租
永和區,租賃房屋,新北市永和區環河西路二段２０９巷２５號４樓之３,0.0,,,,1150515,土地0建物1車位0,四層,18,住宅大樓(11層含以上有電梯),住家用,鋼筋混凝土造,0870122,76.56,2,1,1,有,無,無,15000,196,,0.0,0,,RPSPMLQKOHLGFHF96CC,整棟(戶)出租,無,1150520~1160519,有,熱水器,社會住宅代管
永和區,租賃房屋,新北市永和區永安街３３巷５號４樓,0.0,,,,1150519,土地0建物0車位0,四層,5,公寓(5樓含以下無電梯),住家用,鋼筋混凝土造,0751104,23.55,5,1,3,有,無,有,11500,488,,0.0,0,租金總額含水費；瓦斯費；網路費；續租案件；,RPTPMLQKOHLGFHF07CC,分租雅房,無,1150521~1160520,無,冷氣、熱水器、洗衣機、瓦斯或天然氣、網路,一般代管
永和區,租賃房屋,新北市永和區永貞路１０巷１弄９號四樓,0.0,,,,1150519,土地0建物1車位0,四層,4,公寓(5樓含以下無電梯),住家用,Ｒ．Ｃ造,0650830,83.0,3,2,1,有,無,有,21000,253,,0.0,0,續租案件；,RPUPMLQKOHLGFHF17CC,整棟(戶)出租,無,1150626~1160625,無,冷氣、熱水器,社會住宅代管
板橋區,租賃房屋,新北市板橋區大觀路二段１８７巷２５號三樓,0.0,,,,1150520,土地0建物1車位0,三層,5,公寓(5樓含以下無電梯),住家用,鋼筋混凝土造,,92.24,3,2,1,有,無,無,18000,195,,0.0,0,,RPUPMLRKOHLGFAF56CC,整棟(戶)出租,無,1150530~1180529,無,冷氣、熱水器,社會住宅包租轉租
板橋區,租賃房屋,新北市板橋區富山街１０９巷５７號二樓,0.0,,,,1150520,土地0建物1車位0,二層,4,公寓(5樓含以下無電梯),住家用,鋼筋混凝土造,0700616,61.98,3,1,1,有,無,有,17000,274,,0.0,0,續租案件；,RPWPMLRKOHLGFAF76CC,整棟(戶)出租,無,1150628~1160627,無,冷氣、熱水器、洗衣機、電視機、冰箱,社會住宅代管
板橋區,租賃房屋,新北市板橋區懷德街１２７巷２３弄１３號五樓,0.0,,,,1150520,土地0建物1車位0,五層,5,公寓(5樓含以下無電梯),住家用,鋼筋混凝土造,,93.5,3,2,2,有,無,有,20000,214,,0.0,0,多人共同承租2；續租案件；,RPOQMLRKOHLGFAF68CC,整棟(戶)出租,無,1150520~1160419,無,冷氣、熱水器、電視機,社會住宅代管
土城區,租賃房屋,新北市土城區中央路二段１４９巷１４號４樓之１,0.0,,,,1150520,土地0建物1車位0,四層,13,住宅大樓(11層含以上有電梯),住家用,鋼筋混凝土造,0811119,94.71000000000001,3,2,2,有,有,有,24000,253,,0.0,0,另有管理費1260元，由承租人負擔,RPWQMLRKOHLGFAF86CC,整棟(戶)出租,有,1150601~1160531,有,冷氣、熱水器、冰箱、瓦斯或天然氣,社會住宅包租轉租
五股區,租賃房屋,新北市五股區新五路二段５２６號１３樓,0.0,,,,1150519,土地0建物1車位0,十三層,24,住宅大樓(11層含以上有電梯),集合住宅,鋼筋混凝土造,1120923,90.4,3,1,2,有,有,有,25000,277,,0.0,0,另有管理費2241元，由承租人負擔續租案件；,RPWOMLRKOHLGFBF76CC,整棟(戶)出租,有,1150520~1160519,有,冷氣、熱水器、瓦斯或天然氣,社會住宅包租轉租
汐止區,租賃房屋,新北市汐止區莊敬街１２８號５樓之３,0.0,,,,1150520,土地0建物1車位0,五層,25,住宅大樓(11層含以上有電梯),住家用,鋼筋混凝土造,0841110,81.62,3,2,2,有,有,有,18000,221,,0.0,0,續租案件；,RPQNMLRKOHLGFDF88CC,整棟(戶)出租,有,1150529~1160528,有,冷氣、熱水器、洗衣機、電視機、冰箱,社會住宅代管
汐止區,租賃房屋,新北市汐止區長興街二段５０巷４９號五樓,0.0,,,,1150520,土地0建物1車位0,五層,12,住宅大樓(11層含以上有電梯),住家用,鋼筋混凝土造,0980117,147.77,3,2,2,有,有,有,22500,152,,0.0,0,未租賃車位，建物登記含有車位面積；續租案件；,RPRNMLRKOHLGFDF98CC,整棟(戶)出租,有,1150630~1160629,有,冷氣、熱水器、電視機,社會住宅代管
淡水區,租賃房屋,新北市淡水區新市五路三段２５２號八樓,0.0,,,,1150520,土地0建物1車位0,八層,26,住宅大樓(11層含以上有電梯),住家用,鋼筋混凝土造,1061229,140.57,2,1,1,有,有,有,21000,149,,0.0,0,未租賃車位，建物登記含有車位面積；續租案件；,RPOOMLRKOHLGFEF88CC,整棟(戶)出租,有,1150605~1160604,有,冷氣、熱水器、洗衣機、電視機、冰箱,社會住宅代管
淡水區,租賃房屋,新北市淡水區民權路２５號１０樓之３,0.0,,,,1150520,土地0建物1車位0,十層,24,辦公商業大樓,一般服務業,鋼筋混凝土造,0971223,52.24,1,1,1,有,有,有,16139,309,,0.0,0,租金已扣除管理費1761元，機車位100元。建物主要用途：一般服務業。含增建或未登記建物；,RPOPMLRKOHLGFEF98CC,整棟(戶)出租,有,1150601~1160531,有,冷氣、熱水器、洗衣機、冰箱、瓦斯或天然氣,
三重區,租賃房屋,新北市三重區力行路二段１７號四樓,0.0,,,,1150520,土地0建物1車位0,四層,5,公寓(5樓含以下無電梯),住家用,鋼筋混凝土造,0690417,88.0,4,2,1,有,無,有,19000,216,,0.0,0,,RPWOMLRKOHLGFGF27CC,整棟(戶)出租,無,1150530~1180119,無,熱水器、洗衣機、電視機、冰箱,社會住宅包租轉租
中和區,租賃房屋,新北市中和區中正路８２９號１３樓之５,0.0,,,,1150520,土地0建物1車位0,十三層,22,住宅大樓(11層含以上有電梯),住家用,鋼筋混凝土造,0880915,130.96,3,2,2,有,有,有,30000,229,,0.0,0,另有管理費1780元，由承租人負擔,RPXQMLRKOHLGFHF67CC,整棟(戶)出租,有,1150601~1160531,有,冷氣、熱水器、洗衣機、電視機、瓦斯或天然氣,社會住宅代管
鶯歌區,租賃房屋,新北市鶯歌區鶯桃路二段２９巷１７號２樓,0.0,,,,1150520,土地0建物1車位0,二層,7,華廈(10層含以下有電梯),住家用,鋼筋混凝土造,0800212,120.78,3,2,2,有,有,有,19000,157,,0.0,0,另有管理費1500元，由承租人負擔,RPOOMLRKOHLGFIF66CC,整棟(戶)出租,有,1150520~1160519,有,冷氣、熱水器、洗衣機、電視機、冰箱、瓦斯或天然氣,社會住宅包租轉租
中和區,租賃房屋,新北市中和區中正路８６１巷１２號,0.0,,,,1150520,土地0建物0車位0,全,2,透天厝,住家用,加強磚造,0620109,15.0,6,1,4,有,無,有,19800,1320,,0.0,0,租金總額含網路費；租賃建物部分範圍，且未計入共有部分面積；,RPRNMLSKOHLGFHF86CC,分租套房,無,1150525~1160524,無,冷氣、熱水器、洗衣機、冰箱、瓦斯或天然氣、網路,一般轉租
三芝區,租賃房屋,新北市三芝區埔坪里３鄰淡金路二段４７號７樓,0.0,,,,1150514,土地0建物0車位0,七層,12,住宅大樓(11層含以上有電梯),住家用,鋼筋混凝土造,0850430,49.59,3,2,2,有,有,有,6000,121,,0.0,0,租賃建物部分範圍，且未計入共有部分面積；,RPPNMLNLOHLGFEF68DC,分租套房,有,1150601~1160801,有,冷氣、熱水器、洗衣機、電視機、冰箱、瓦斯或天然氣,一般轉租
三芝區,租賃房屋,新北市三芝區埔坪里３鄰淡金路二段４７號７樓,0.0,,,,1150514,土地0建物0車位0,七層,12,住宅大樓(11層含以上有電梯),住家用,鋼筋混凝土造,0850430,25.29,3,2,2,有,有,有,6000,237,,0.0,0,租賃建物部分範圍，且未計入共有部分面積；,RPQNMLNLOHLGFEF78DC,分租雅房,有,1150601~1160801,有,冷氣、熱水器、洗衣機、電視機、冰箱、瓦斯或天然氣,一般轉租
